,NAME OF ISSUER,TITLE OF CLASS,CUSIP,(x$1000),PRN AMT,PRN,CALL,DISCRETION,MANAGER,SOLE,SHARED,NONE
0,21VIANET GROUP INC,SPONSORED ADS A,90138A103,2338,67400,SH,,SOLE,,67400,0,0
1,ADAPTIVE BIOTECHNOLOGIES COR,COM,00650F109,65954,1115411,SH,,SOLE,,1115411,0,0
2,AERCAP HOLDINGS NV,SHS,N00985106,64420,1413334,SH,,SOLE,,1413334,0,0
3,ALLIANCE DATA SYSTEMS CORP,COM,018581108,2023,27300,SH,,SOLE,,27300,0,0
4,ALLY FINL INC,COM,02005N100,1587,44500,SH,,SOLE,,44500,0,0
5,ALPHABET INC,CAP STK CL C,02079K107,24158,13790,SH,,SOLE,,13790,0,0
6,ALPINE IMMUNE SCIENCES INC,COM,02083G100,1735,137728,SH,,SOLE,,137728,0,0
7,AMAZON COM INC,COM,023135106,2508,770,SH,,SOLE,,770,0,0
8,APOLLO GLOBAL MGMT INC,COM CL A,03768E105,7670,156602,SH,,SOLE,,156602,0,0
9,ASANA INC,CL A,04342Y104,370,12520,SH,,SOLE,,12520,0,0
10,BANK OF NT BUTTERFIELD&SON L,SHS NEW,G0772R208,897,28800,SH,,SOLE,,28800,0,0
11,BLACKSTONE GROUP INC,COM CL A,09260D107,38335,591500,SH,,SOLE,,591500,0,0
12,BOOKING HOLDINGS INC,COM,09857L108,1893,850,SH,,SOLE,,850,0,0
13,CONTROLADORA VUELA COMP DE A,SPON ADR RP 10,21240E105,12298,990161,SH,,SOLE,,990161,0,0
14,CROWDSTRIKE HLDGS INC,CL A,22788C105,1991,9400,SH,,SOLE,,9400,0,0
15,DISNEY WALT CO,COM,254687106,996,5500,SH,,SOLE,,5500,0,0
16,DOCUSIGN INC,COM,256163106,1245,5600,SH,,SOLE,,5600,0,0
17,ELASTIC N V,ORD SHS,N14506104,3054,20900,SH,,SOLE,,20900,0,0
18,FACEBOOK INC,CL A,30303M102,41029,150200,SH,,SOLE,,150200,0,0
19,FISERV INC,COM,337738108,1788,15700,SH,,SOLE,,15700,0,0
20,HUBSPOT INC,COM,443573100,1586,4000,SH,,SOLE,,4000,0,0
21,LINX SA,SPONSORED ADS,53619W101,422,59500,SH,,SOLE,,59500,0,0
22,LYFT INC,CL A COM,55087P104,1125,22900,SH,,SOLE,,22900,0,0
23,MICRON TECHNOLOGY INC,COM,595112103,33553,446300,SH,,SOLE,,446300,0,0
24,MICROSOFT CORP,COM,594918104,36210,162800,SH,,SOLE,,162800,0,0
25,MOMO INC,ADR,60879B107,370,26500,SH,,SOLE,,26500,0,0
26,OOMA INC,COM,683416101,10668,740854,SH,,SOLE,,740854,0,0
27,QUALCOMM INC,COM,747525103,24908,163500,SH,,SOLE,,163500,0,0
28,RYANAIR HOLDINGS PLC,SPONSORED ADS,783513203,9010,81927,SH,,SOLE,,81927,0,0
29,SEA LTD,SPONSORD ADS,81141R100,2289,11500,SH,,SOLE,,11500,0,0
30,SLM CORP,COM,78442P106,25519,2059655,SH,,SOLE,,2059655,0,0
31,SPOTIFY TECHNOLOGY S A,SHS,L8681T102,2794,8879,SH,,SOLE,,8879,0,0
32,STAAR SURGICAL CO,COM PAR $0.01,852312305,325,4100,SH,,SOLE,,4100,0,0
33,STONECO LTD,COM CL A,G85158106,814,9700,SH,,SOLE,,9700,0,0
34,SVMK INC,COM,78489X103,6102,238837,SH,,SOLE,,238837,0,0
35,SYNCHRONY FINANCIAL,COM,87165B103,299,8600,SH,,SOLE,,8600,0,0
36,UBER TECHNOLOGIES INC,COM,90353T100,3121,61200,SH,,SOLE,,61200,0,0
37,US FOODS HLDG CORP,COM,912008109,1192,35800,SH,,SOLE,,35800,0,0
38,WELLS FARGO CO NEW,COM,949746101,664,22000,SH,,SOLE,,22000,0,0
39,WORKDAY INC,CL A,98138H101,3570,14900,SH,,SOLE,,14900,0,0
