,NAME OF ISSUER,TITLE OF CLASS,CUSIP,(x$1000),PRN AMT,PRN,CALL,DISCRETION,MANAGER,SOLE,SHARED,NONE
0,ALEXION PHARMACEUTICALS INC,COM,015351109,39060,250000,SH,,DFND,1,250000,0,0
1,AMERICAN EQTY INVT LIFE HLD,COM,025676206,27660,1000000,SH,,DFND,1,1000000,0,0
2,ANGLOGOLD ASHANTI LIMITED,SPONSORED ADR,035128206,135139,5974331,SH,,DFND,1,5974331,0,0
3,BARRICK GOLD CORP,COM,067901108,80795,3546772,SH,,DFND,1,3546772,0,0
4,BAUSCH HEALTH COS INC,COM,071734107,537452,25839035,SH,,DFND,1,25839035,0,0
5,BRIGHTSPHERE INVT GROUP INC,COM,10948W103,385611,20000552,SH,,DFND,1,20000552,0,0
6,DISCOVERY INC,COM SER C,25470F302,180784,6902805,SH,,DFND,1,6902805,0,0
7,DISH NETWORK CORPORATION,CL A,25470M109,117095,3620750,SH,,DFND,1,3620750,0,0
8,ENDO INTL PLC,SHS,G30401106,131588,18327012,SH,,DFND,1,18327012,0,0
9,EQT CORP,COM,26884L109,8706,685000,SH,,DFND,1,685000,0,0
10,EQUINOX GOLD CORP,COM,29446Y502,25850,2500000,SH,,DFND,1,2500000,0,0
11,EXXON MOBIL CORP,COM,30231G102,23289,565000,SH,,DFND,1,565000,0,0
12,HORIZON THERAPEUTICS PUB L,SHS,G46188101,584574,7991440,SH,,DFND,1,7991440,0,0
13,HYCROFT MINING HOLDING CORP,*W EXP 10/12/202,44862P125,55,151507,SH,,DFND,1,151507,0,0
14,IAMGOLD CORP,COM,450913108,6790,1850000,SH,,DFND,1,1850000,0,0
15,INTERNATIONAL TOWER HILL MIN,COM,46050R102,85464,61930724,SH,,DFND,1,61930724,0,0
16,KIRKLAND LAKE GOLD LTD,COM,49741E100,79050,1502853,SH,,DFND,1,1502853,0,0
17,NEWMARK GROUP INC,CL A,65158N102,17372,2383054,SH,,DFND,1,2383054,0,0
18,NOVAGOLD RES INC,COM NEW,66987E206,214928,22226300,SH,,DFND,1,22226300,0,0
19,OCCIDENTAL PETE CORP,COM,674599105,20512,1185000,SH,,DFND,1,1185000,0,0
20,OVERSEAS SHIPHOLDING GROUP I,CL A NEW,69036R863,13482,6300000,SH,,DFND,1,6300000,0,0
21,PACIRA BIOSCIENCES INC,COM,695127100,84605,1413854,SH,,DFND,1,1413854,0,0
22,PRETIUM RES INC,COM,74139C102,27552,2400000,SH,,DFND,1,2400000,0,0
23,REALPAGE INC,COM,75606N109,34896,400000,SH,,DFND,1,400000,0,0
24,SANDRIDGE ENERGY INC,COM NEW,80007P869,2066,666535,SH,,DFND,1,666535,0,0
25,SEABRIDGE GOLD INC,COM,811916105,33080,1570000,SH,,DFND,1,1570000,0,0
26,SELECT SECTOR SPDR TR,ENERGY,81369Y506,22551,595000,SH,,DFND,1,595000,0,0
27,SPDR GOLD TR,GOLD SHS,78463V107,337859,1894252,SH,,DFND,1,1894252,0,0
28,SPDR GOLD TR,GOLD SHS,78463V107,3210,18000,SH,Call,DFND,1,18000,0,0
29,SSR MNG INC,COM,784730103,26349,1310242,SH,,DFND,1,1310242,0,0
30,TAKEDA PHARMACEUTICAL CO LTD,SPONSORED ADS,874060205,205584,11295846,SH,,DFND,1,11295846,0,0
31,THRYV HLDGS INC,COM NEW,886029206,43422,3216437,SH,,DFND,1,3216437,0,0
32,TIM S A,SPONSORED ADR,88706T108,13937,1001205,SH,,DFND,1,1001205,0,0
33,TRILOGY METALS INC NEW,COM,89621C105,28654,14326996,SH,,DFND,1,14326996,0,0
34,VIACOMCBS INC,CL B,92556H206,58495,1569920,SH,,DFND,1,1569920,0,0
35,VIATRIS INC,COM,92556V106,215103,11478260,SH,,DFND,1,11478260,0,0
