CUSIP,NAME OF ISSUER,TITLE OF CLASS,CUSIP,(x$1000),PRN AMT,PRN,CALL,DISCRETION,MANAGER,SOLE,SHARED,NONE
782011118,RUSH STREET INTERACTIVE INC,*W EXP 02/21/202,782011118,1027,132800,SH,,SOLE,,132800,0,0
651448110,NEWHOLD INVESTMENT CORP,*W EXP 03/10/202,651448110,53,37500,SH,,SOLE,,37500,0,0
36118H113,FUSION ACQUISITION CORP,*W EXP 06/01/202,36118H113,391,152656,SH,,SOLE,,152656,0,0
443761119,HUDSON EXECUTIVE INVT CORP,*W EXP 06/21/202,443761119,1378,825000,SH,,SOLE,,825000,0,0
36258Q113,GS ACQUISITION HLDGS CORP II,*W EXP 06/30/202,36258Q113,258,100000,SH,,SOLE,,100000,0,0
274681113,EAST RES ACQUISITION CO,*W EXP 07/01/202,274681113,838,737917,SH,,SOLE,,737917,0,0
17143G114,CHURCHILL CAP CORP II,*W EXP 07/02/202,17143G114,93,48401,SH,,SOLE,,48401,0,0
04316G113,ARTIUS ACQUISITION INC,*W EXP 07/13/202,04316G113,211,94325,SH,,SOLE,,94325,0,0
244413118,DEERFIELD HEALTHCARE TECH AC,*W EXP 07/16/202,244413118,81,20000,SH,,SOLE,,20000,0,0
26873Y112,E MERGE TECHNOLOGY ACQUISITI,*W EXP 07/30/202,26873Y112,491,317876,SH,,SOLE,,317876,0,0
171439110,CHURCHILL CAPITAL CORP IV,*W EXP 08/04/202,171439110,1116,727043,SH,,SOLE,,727043,0,0
435063110,HOLICITY INC,*W EXP 08/04/202,435063110,489,366666,SH,,SOLE,,366666,0,0
382864114,GORES HLDGS V INC,*W EXP 08/05/202,382864114,624,300000,SH,,SOLE,,300000,0,0
349642116,FORTRESS VALUE ACQUISITION I,*W EXP 08/10/202,349642116,212,85000,SH,,SOLE,,85000,0,0
30606L116,FALCON CAPITAL ACQUISITN COR,*W EXP 08/20/202,30606L116,643,292315,SH,,SOLE,,292315,0,0
311875116,FAST ACQUISITION CORP,*W EXP 08/25/202,311875116,1036,583700,SH,,SOLE,,583700,0,0
362019119,GO ACQUISITION CORP,*W EXP 08/31/202,362019119,456,311462,SH,,SOLE,,311462,0,0
18978W117,CM LIFE SCIENCES INC,*W EXP 09/04/202,18978W117,347,123370,SH,,SOLE,,123370,0,0
799793112,SANDBRIDGE ACQUISITION CORP,*W EXP 09/14/202,799793112,331,250000,SH,,SOLE,,250000,0,0
90117G113,TWC TECH HLDGS II CORP,*W EXP 09/15/202,90117G113,842,510361,SH,,SOLE,,510361,0,0
33765Y119,FIRSTMARK HORIZON ACQUISITIO,*W EXP 09/26/202,33765Y119,1027,405156,SH,,SOLE,,405156,0,0
51476H118,LANDCADIA HOLDINGS III INC,*W EXP 10/01/202,51476H118,399,175000,SH,,SOLE,,175000,0,0
449534114,IG ACQUISITION CORP,*W EXP 10/05/202,449534114,803,483448,SH,,SOLE,,483448,0,0
23344P119,DPCM CAP INC,*W EXP 10/14/202,23344P119,477,220933,SH,,SOLE,,220933,0,0
86846V116,SUPERNOVA PARTNERS ACQUISITI,*W EXP 10/16/202,86846V116,280,128325,SH,,SOLE,,128325,0,0
52470X117,LEFTERIS ACQUISITION CORP,*W EXP 10/23/202,52470X117,207,100000,SH,,SOLE,,100000,0,0
84918M114,SPORTS ENTERTAINMENT ACQU CO,*W EXP 10/30/202,84918M114,867,600000,SH,,SOLE,,600000,0,0
55068A118,LUX HEALTH TECH ACQUISITION,*W EXP 11/30/202,55068A118,228,91475,SH,,SOLE,,91475,0,0
31810N112,FINTECH ACQUISITION CORP IV,*W EXP 12/31/202,31810N112,314,150000,SH,,SOLE,,150000,0,0
14070Y119,CAPSTAR SPL PURP ACQUISITION,*W EXP 99/99/999,14070Y119,214,150000,SH,,SOLE,,150000,0,0
612657114,MONTES ARCHIMEDES ACQUISITIO,*W EXP 99/99/999,612657114,530,349700,SH,,SOLE,,349700,0,0
60879B107,MOMO INC,ADR,60879B107,367,26271,SH,,SOLE,,26271,0,0
60879B107,MOMO INC,ADR,60879B107,5901,422700,SH,Put,SOLE,,422700,0,0
874224207,TALEND S A,ADS,874224207,591,15416,SH,,SOLE,,15416,0,0
98422D105,XPENG INC,ADS,98422D105,8249,192600,SH,,DFND,1.0,0,192600,0
98422D105,XPENG INC,ADS,98422D105,8249,192600,SH,Put,DFND,1.0,0,192600,0
46591M109,JOYY INC,ADS REPSTG COM A,46591M109,27976,349792,SH,,SOLE,,349792,0,0
46591M109,JOYY INC,ADS REPSTG COM A,46591M109,35143,439400,SH,Put,SOLE,,439400,0,0
02079K305,ALPHABET INC,CAP STK CL A,02079K305,397879,227017,SH,,SOLE,,227017,0,0
03044L105,AMERICAN WELL CORP,CL A,03044L105,4640,183200,SH,,DFND,1.0,0,183200,0
03044L105,AMERICAN WELL CORP,CL A,03044L105,4640,183200,SH,Put,DFND,1.0,0,183200,0
254067101,DILLARDS INC,CL A,254067101,7276,115400,SH,,DFND,1.0,0,115400,0
254067101,DILLARDS INC,CL A,254067101,5397,85600,SH,Put,DFND,1.0,0,85600,0
25809K105,DOORDASH INC,CL A,25809K105,42825,300000,SH,,SOLE,,300000,0,0
31810N104,FINTECH ACQUISITION CORP IV,CL A,31810N104,3955,350000,SH,,SOLE,,350000,0,0
30303M102,FACEBOOK INC,CL A,30303M102,350672,1283759,SH,,SOLE,,1283759,0,0
36467W109,GAMESTOP CORP NEW,CL A,36467W109,12178,646400,SH,,DFND,1.0,0,646400,0
36467W109,GAMESTOP CORP NEW,CL A,36467W109,9985,530000,SH,Call,DFND,1.0,0,530000,0
36467W109,GAMESTOP CORP NEW,CL A,36467W109,16091,854100,SH,Put,DFND,1.0,0,854100,0
571903202,MARRIOTT INTL INC NEW,CL A,571903202,123181,933756,SH,,SOLE,,933756,0,0
57636Q104,MASTERCARD INCORPORATED,CL A,57636Q104,229450,642826,SH,,SOLE,,642826,0,0
G65305107,NEXTGEN ACQUISITION CORP,CL A,G65305107,1945,193156,SH,,SOLE,,193156,0,0
650111107,NEW YORK TIMES CO,CL A,650111107,168403,3252900,SH,,SOLE,,3252900,0,0
69608A108,PALANTIR TECHNOLOGIES INC,CL A,69608A108,5678,241100,SH,,DFND,1.0,0,241100,0
69608A108,PALANTIR TECHNOLOGIES INC,CL A,69608A108,1766,75000,SH,Call,DFND,1.0,0,75000,0
69608A108,PALANTIR TECHNOLOGIES INC,CL A,69608A108,7444,316100,SH,Put,DFND,1.0,0,316100,0
69608A108,PALANTIR TECHNOLOGIES INC,CL A,69608A108,12861,546100,SH,Put,SOLE,,546100,0,0
98138H101,WORKDAY INC,CL A,98138H101,210861,880016,SH,,SOLE,,880016,0,0
98986T108,ZYNGA INC,CL A,98986T108,964,97700,SH,,SOLE,,97700,0,0
G8739H106,TEKKORP DIGITAL ACQUISITN CO,CL A,G8739H106,2520,250000,SH,,SOLE,,250000,0,0
G9127T108,TURMERIC ACQUISITION CORP,CL A,G9127T108,2399,239885,SH,,SOLE,,239885,0,0
833445109,SNOWFLAKE INC,CL A,833445109,56280,200000,SH,,SOLE,,200000,0,0
G7307X105,QELL ACQUISITION CORP,CL A,G7307X105,3558,289543,SH,,SOLE,,289543,0,0
76156B107,REVOLVE GROUP INC,CL A,76156B107,1876,60200,SH,,DFND,1.0,0,60200,0
76156B107,REVOLVE GROUP INC,CL A,76156B107,1954,62700,SH,Put,DFND,1.0,0,62700,0
83192H106,SMILEDIRECTCLUB INC,CL A COM,83192H106,2697,225900,SH,,DFND,1.0,0,225900,0
83192H106,SMILEDIRECTCLUB INC,CL A COM,83192H106,2697,225900,SH,Put,DFND,1.0,0,225900,0
G8990D125,TPG PACE BEN FIN CORP,CL A COM,G8990D125,3115,120420,SH,,SOLE,,120420,0,0
G8990Y103,TPG PACE TECH OPPORTUNITIES,CL A COM,G8990Y103,4440,400000,SH,,SOLE,,400000,0,0
33765Y101,FIRSTMARK HORIZON ACQUISITIO,CL A COM,33765Y101,9117,860103,SH,,SOLE,,860103,0,0
G3R39W102,EMPOWER LTD,CL A COM,G3R39W102,7378,737075,SH,,SOLE,,737075,0,0
00165C104,AMC ENTMT HLDGS INC,CL A COM,00165C104,106,49900,SH,,DFND,1.0,0,49900,0
00165C104,AMC ENTMT HLDGS INC,CL A COM,00165C104,106,49900,SH,Put,DFND,1.0,0,49900,0
526057302,LENNAR CORP,CL B,526057302,1260,20582,SH,,SOLE,,20582,0,0
517834107,LAS VEGAS SANDS CORP,COM,517834107,109827,1842731,SH,,SOLE,,1842731,0,0
538146101,LIVEPERSON INC,COM,538146101,417,6700,SH,,SOLE,,6700,0,0
554382101,MACERICH CO,COM,554382101,2870,269000,SH,,DFND,1.0,0,269000,0
554382101,MACERICH CO,COM,554382101,1067,100000,SH,Call,DFND,1.0,0,100000,0
554382101,MACERICH CO,COM,554382101,2870,269000,SH,Put,DFND,1.0,0,269000,0
55616P104,MACYS INC,COM,55616P104,15821,1406300,SH,,DFND,1.0,0,1406300,0
55616P104,MACYS INC,COM,55616P104,15823,1406500,SH,Put,DFND,1.0,0,1406500,0
594918104,MICROSOFT CORP,COM,594918104,297008,1335349,SH,,SOLE,,1335349,0,0
62548M100,MULTIPLAN CORPORATION,COM,62548M100,1295,162100,SH,,DFND,1.0,0,162100,0
62548M100,MULTIPLAN CORPORATION,COM,62548M100,1295,162100,SH,Put,DFND,1.0,0,162100,0
63016Q102,NANTKWEST INC,COM,63016Q102,91,6800,SH,,DFND,1.0,0,6800,0
63016Q102,NANTKWEST INC,COM,63016Q102,91,6800,SH,Put,DFND,1.0,0,6800,0
702149105,PARTY CITY HOLDCO INC,COM,702149105,341,55400,SH,,DFND,1.0,0,55400,0
702149105,PARTY CITY HOLDCO INC,COM,702149105,341,55400,SH,Put,DFND,1.0,0,55400,0
70509V100,PEBBLEBROOK HOTEL TR,COM,70509V100,3022,160749,SH,,SOLE,,160749,0,0
74017N105,PRECIGEN INC,COM,74017N105,788,77258,SH,,SOLE,,77258,0,0
75606N109,REALPAGE INC,COM,75606N109,50996,584548,SH,,SOLE,,584548,0,0
650194103,NEWAGE INC,COM,650194103,473,179800,SH,,DFND,1.0,0,179800,0
650194103,NEWAGE INC,COM,650194103,499,189800,SH,Put,DFND,1.0,0,189800,0
655664100,NORDSTROM INC,COM,655664100,13280,425500,SH,,DFND,1.0,0,425500,0
655664100,NORDSTROM INC,COM,655664100,13280,425500,SH,Put,DFND,1.0,0,425500,0
654110105,NIKOLA CORP,COM,654110105,7867,515500,SH,,DFND,1.0,0,515500,0
654110105,NIKOLA CORP,COM,654110105,4731,310000,SH,Call,DFND,1.0,0,310000,0
654110105,NIKOLA CORP,COM,654110105,12432,814700,SH,Put,DFND,1.0,0,814700,0
65339F101,NEXTERA ENERGY INC,COM,65339F101,54098,701199,SH,,SOLE,,701199,0,0
35953D104,FUBOTV INC,COM,35953D104,2327,83100,SH,,DFND,1.0,0,83100,0
35953D104,FUBOTV INC,COM,35953D104,3212,114700,SH,Call,DFND,1.0,0,114700,0
35953D104,FUBOTV INC,COM,35953D104,2327,83100,SH,Put,DFND,1.0,0,83100,0
359664109,FULGENT GENETICS INC,COM,359664109,7002,134400,SH,,DFND,1.0,0,134400,0
359664109,FULGENT GENETICS INC,COM,359664109,7002,134400,SH,Put,DFND,1.0,0,134400,0
38046C109,GOGO INC,COM,38046C109,976,101400,SH,,DFND,1.0,0,101400,0
38046C109,GOGO INC,COM,38046C109,976,101400,SH,Put,DFND,1.0,0,101400,0
43300A203,HILTON WORLDWIDE HLDGS INC,COM,43300A203,126922,1140765,SH,,SOLE,,1140765,0,0
362019101,GO ACQUISITION CORP,COM,362019101,1356,133087,SH,,SOLE,,133087,0,0
39986L109,GROWGENERATION CORP,COM,39986L109,5353,133100,SH,,DFND,1.0,0,133100,0
39986L109,GROWGENERATION CORP,COM,39986L109,5373,133600,SH,Put,DFND,1.0,0,133600,0
400110102,GRUBHUB INC,COM,400110102,7754,104400,SH,,DFND,1.0,0,104400,0
400110102,GRUBHUB INC,COM,400110102,7754,104400,SH,Put,DFND,1.0,0,104400,0
483709101,KANDI TECHNOLOGIES GROUP INC,COM,483709101,1243,180100,SH,,DFND,1.0,0,180100,0
483709101,KANDI TECHNOLOGIES GROUP INC,COM,483709101,1243,180100,SH,Put,DFND,1.0,0,180100,0
497498105,KIRKLANDS INC,COM,497498105,1134,63400,SH,,DFND,1.0,0,63400,0
497498105,KIRKLANDS INC,COM,497498105,1134,63400,SH,Put,DFND,1.0,0,63400,0
511795106,LAKELAND INDS INC,COM,511795106,1946,71400,SH,,DFND,1.0,0,71400,0
511795106,LAKELAND INDS INC,COM,511795106,1946,71400,SH,Put,DFND,1.0,0,71400,0
45782B104,INSEEGO CORP,COM,45782B104,5040,325800,SH,,DFND,1.0,0,325800,0
45782B104,INSEEGO CORP,COM,45782B104,5040,325800,SH,Put,DFND,1.0,0,325800,0
462726100,IROBOT CORP,COM,462726100,14243,177400,SH,,DFND,1.0,0,177400,0
462726100,IROBOT CORP,COM,462726100,14243,177400,SH,Put,DFND,1.0,0,177400,0
452327109,ILLUMINA INC,COM,452327109,91,246,SH,,SOLE,,246,0,0
452327109,ILLUMINA INC,COM,452327109,6290,17000,SH,Put,SOLE,,17000,0,0
459506101,INTERNATIONAL FLAVORS&FRAGRA,COM,459506101,4756,43700,SH,Call,DFND,1.0,0,43700,0
459506101,INTERNATIONAL FLAVORS&FRAGRA,COM,459506101,4756,43700,SH,Put,DFND,1.0,0,43700,0
459506101,INTERNATIONAL FLAVORS&FRAGRA,COM,459506101,13605,125000,SH,Call,SOLE,,125000,0,0
46185L103,INVITAE CORP,COM,46185L103,10168,243200,SH,,DFND,1.0,0,243200,0
46185L103,INVITAE CORP,COM,46185L103,10168,243200,SH,Put,DFND,1.0,0,243200,0
02376R102,AMERICAN AIRLS GROUP INC,COM,02376R102,1566,99300,SH,,DFND,1.0,0,99300,0
02376R102,AMERICAN AIRLS GROUP INC,COM,02376R102,1566,99300,SH,Put,DFND,1.0,0,99300,0
025537101,AMERICAN ELEC PWR CO INC,COM,025537101,5546,66602,SH,,DFND,1.0,0,66602,0
015351109,ALEXION PHARMACEUTICALS INC,COM,015351109,52216,334205,SH,,SOLE,,334205,0,0
03272L108,ANAPLAN INC,COM,03272L108,281175,3913359,SH,,SOLE,,3913359,0,0
023135106,AMAZON COM INC,COM,023135106,322032,98876,SH,,SOLE,,98876,0,0
03765K104,APHRIA INC,COM,03765K104,182,26300,SH,,DFND,1.0,0,26300,0
03765K104,APHRIA INC,COM,03765K104,180,26000,SH,Put,DFND,1.0,0,26000,0
159864107,CHARLES RIV LABS INTL INC,COM,159864107,10970,43903,SH,,DFND,1.0,0,43903,0
159864107,CHARLES RIV LABS INTL INC,COM,159864107,33794,135251,SH,,SOLE,,135251,0,0
163072101,CHEESECAKE FACTORY INC,COM,163072101,6019,162400,SH,,DFND,1.0,0,162400,0
163072101,CHEESECAKE FACTORY INC,COM,163072101,6022,162500,SH,Put,DFND,1.0,0,162500,0
14817C107,CASSAVA SCIENCES INC,COM,14817C107,207,30300,SH,Put,DFND,1.0,0,30300,0
00402L107,ACADEMY SPORTS & OUTDOORS IN,COM,00402L107,2405,116000,SH,,DFND,1.0,0,116000,0
00402L107,ACADEMY SPORTS & OUTDOORS IN,COM,00402L107,2405,116000,SH,Put,DFND,1.0,0,116000,0
007903107,ADVANCED MICRO DEVICES INC,COM,007903107,136717,1490758,SH,,SOLE,,1490758,0,0
00123Q104,AGNC INVT CORP,COM,00123Q104,7762,497546,SH,,DFND,1.0,0,497546,0
00123Q104,AGNC INVT CORP,COM,00123Q104,26558,1702454,SH,,SOLE,,1702454,0,0
090043100,BILL COM HLDGS INC,COM,090043100,4409,32300,SH,,SOLE,,32300,0,0
09857L108,BOOKING HOLDINGS INC,COM,09857L108,243020,109111,SH,,SOLE,,109111,0,0
101137107,BOSTON SCIENTIFIC CORP,COM,101137107,20802,578643,SH,,SOLE,,578643,0,0
138035100,CANOPY GROWTH CORP,COM,138035100,10610,430600,SH,,DFND,1.0,0,430600,0
138035100,CANOPY GROWTH CORP,COM,138035100,11049,448400,SH,Put,DFND,1.0,0,448400,0
037833100,APPLE INC,COM,037833100,301870,2275000,SH,,SOLE,,2275000,0,0
037833100,APPLE INC,COM,037833100,301870,2275000,SH,Put,SOLE,,2275000,0,0
039587100,ARCIMOTO INC,COM,039587100,2532,191400,SH,,DFND,1.0,0,191400,0
039587100,ARCIMOTO INC,COM,039587100,2532,191400,SH,Put,DFND,1.0,0,191400,0
04965B100,ATOMERA INC,COM,04965B100,2006,124700,SH,,DFND,1.0,0,124700,0
04965B100,ATOMERA INC,COM,04965B100,2006,124700,SH,Put,DFND,1.0,0,124700,0
05156X884,AURORA CANNABIS INC,COM,05156X884,686,82500,SH,,DFND,1.0,0,82500,0
05156X884,AURORA CANNABIS INC,COM,05156X884,733,88252,SH,Put,DFND,1.0,0,88252,0
053774105,AVIS BUDGET GROUP,COM,053774105,10511,281800,SH,,DFND,1.0,0,281800,0
053774105,AVIS BUDGET GROUP,COM,053774105,10604,284300,SH,Put,DFND,1.0,0,284300,0
075887109,BECTON DICKINSON & CO,COM,075887109,20191,80692,SH,,DFND,1.0,0,80692,0
075896100,BED BATH & BEYOND INC,COM,075896100,11896,669800,SH,,DFND,1.0,0,669800,0
075896100,BED BATH & BEYOND INC,COM,075896100,11958,673300,SH,Put,DFND,1.0,0,673300,0
08862E109,BEYOND MEAT INC,COM,08862E109,35425,283400,SH,,DFND,1.0,0,283400,0
08862E109,BEYOND MEAT INC,COM,08862E109,35425,283400,SH,Put,DFND,1.0,0,283400,0
26614N102,DUPONT DE NEMOURS INC,COM,26614N102,10667,150000,SH,Call,SOLE,,150000,0,0
29272C103,ENERGOUS CORP,COM,29272C103,62,34700,SH,,DFND,1.0,0,34700,0
29272C103,ENERGOUS CORP,COM,29272C103,62,34700,SH,Put,DFND,1.0,0,34700,0
29664W105,ESPERION THERAPEUTICS INC NE,COM,29664W105,4664,179400,SH,,DFND,1.0,0,179400,0
29664W105,ESPERION THERAPEUTICS INC NE,COM,29664W105,4664,179400,SH,Put,DFND,1.0,0,179400,0
30048L104,EVOFEM BIOSCIENCES INC,COM,30048L104,78,32500,SH,,DFND,1.0,0,32500,0
30048L104,EVOFEM BIOSCIENCES INC,COM,30048L104,78,32500,SH,Put,DFND,1.0,0,32500,0
30052C107,EVOLUS INC,COM,30052C107,308,91600,SH,,DFND,1.0,0,91600,0
30052C107,EVOLUS INC,COM,30052C107,308,91600,SH,Put,DFND,1.0,0,91600,0
22041X102,CORSAIR GAMING INC,COM,22041X102,301,8300,SH,,DFND,1.0,0,8300,0
22041X102,CORSAIR GAMING INC,COM,22041X102,301,8300,SH,Put,DFND,1.0,0,8300,0
22717L101,CRONOS GROUP INC,COM,22717L101,4098,590500,SH,,DFND,1.0,0,590500,0
22717L101,CRONOS GROUP INC,COM,22717L101,4232,609800,SH,Put,DFND,1.0,0,609800,0
238337109,DAVE & BUSTERS ENTMT INC,COM,238337109,3924,130700,SH,,DFND,1.0,0,130700,0
238337109,DAVE & BUSTERS ENTMT INC,COM,238337109,3924,130700,SH,Put,DFND,1.0,0,130700,0
168905107,CHILDRENS PL INC,COM,168905107,5556,110900,SH,,DFND,1.0,0,110900,0
168905107,CHILDRENS PL INC,COM,168905107,5556,110900,SH,Put,DFND,1.0,0,110900,0
16936R105,CHINA AUTOMOTIVE SYS INC,COM,16936R105,113,18100,SH,,DFND,1.0,0,18100,0
16936R105,CHINA AUTOMOTIVE SYS INC,COM,16936R105,113,18100,SH,Put,DFND,1.0,0,18100,0
14817C107,CASSAVA SCIENCES INC,COM,14817C107,207,30300,SH,,DFND,1.0,0,30300,0
17243V102,CINEMARK HLDGS INC,COM,17243V102,1724,99000,SH,,DFND,1.0,0,99000,0
17243V102,CINEMARK HLDGS INC,COM,17243V102,1724,99000,SH,Put,DFND,1.0,0,99000,0
189464100,CLOVIS ONCOLOGY INC,COM,189464100,1341,279400,SH,,DFND,1.0,0,279400,0
189464100,CLOVIS ONCOLOGY INC,COM,189464100,1341,279400,SH,Put,DFND,1.0,0,279400,0
90117G105,TWC TECH HLDGS II CORP,COM,90117G105,3705,351851,SH,,SOLE,,351851,0,0
87918A105,TELADOC HEALTH INC,COM,87918A105,2669,13350,SH,,SOLE,,13350,0,0
88160R101,TESLA INC,COM,88160R101,10707837,15174000,SH,Put,SOLE,,15174000,0,0
848577102,SPIRIT AIRLS INC,COM,848577102,6115,250100,SH,,DFND,1.0,0,250100,0
848577102,SPIRIT AIRLS INC,COM,848577102,6115,250100,SH,Put,DFND,1.0,0,250100,0
854502101,STANLEY BLACK & DECKER INC,COM,854502101,31619,177079,SH,,DFND,1.0,0,177079,0
83422E105,SOLID BIOSCIENCES INC,COM,83422E105,114,15100,SH,,DFND,1.0,0,15100,0
83422E105,SOLID BIOSCIENCES INC,COM,83422E105,114,15100,SH,Put,DFND,1.0,0,15100,0
79466L302,SALESFORCE COM INC,COM,79466L302,194197,872679,SH,,SOLE,,872679,0,0
75955K102,REMARK HLDGS INC,COM,75955K102,796,419000,SH,,DFND,1.0,0,419000,0
75955K102,REMARK HLDGS INC,COM,75955K102,796,419000,SH,Put,DFND,1.0,0,419000,0
76129W105,RETRACTABLE TECHNOLOGIES INC,COM,76129W105,1658,154400,SH,,DFND,1.0,0,154400,0
76129W105,RETRACTABLE TECHNOLOGIES INC,COM,76129W105,1658,154400,SH,Put,DFND,1.0,0,154400,0
767754872,RITE AID CORP,COM,767754872,6899,435800,SH,,DFND,1.0,0,435800,0
767754872,RITE AID CORP,COM,767754872,6899,435800,SH,Put,DFND,1.0,0,435800,0
98986X109,ZYNERBA PHARMACEUTICALS INC,COM,98986X109,271,82100,SH,,DFND,1.0,0,82100,0
98986X109,ZYNERBA PHARMACEUTICALS INC,COM,98986X109,271,82100,SH,Put,DFND,1.0,0,82100,0
931142103,WALMART INC,COM,931142103,201810,1400000,SH,,SOLE,,1400000,0,0
931142103,WALMART INC,COM,931142103,201810,1400000,SH,Put,SOLE,,1400000,0,0
90353T100,UBER TECHNOLOGIES INC,COM,90353T100,895,17542,SH,,SOLE,,17542,0,0
907818108,UNION PAC CORP,COM,907818108,116390,558978,SH,,SOLE,,558978,0,0
910047109,UNITED AIRLS HLDGS INC,COM,910047109,9070,209700,SH,,DFND,1.0,0,209700,0
910047109,UNITED AIRLS HLDGS INC,COM,910047109,9091,210200,SH,Put,DFND,1.0,0,210200,0
912909108,UNITED STATES STL CORP NEW,COM,912909108,16617,990900,SH,,DFND,1.0,0,990900,0
912909108,UNITED STATES STL CORP NEW,COM,912909108,16617,990900,SH,Put,DFND,1.0,0,990900,0
91324P102,UNITEDHEALTH GROUP INC,COM,91324P102,221293,631039,SH,,SOLE,,631039,0,0
92766K106,VIRGIN GALACTIC HOLDINGS INC,COM,92766K106,15956,672400,SH,,DFND,1.0,0,672400,0
92766K106,VIRGIN GALACTIC HOLDINGS INC,COM,92766K106,2373,100000,SH,Call,DFND,1.0,0,100000,0
92766K106,VIRGIN GALACTIC HOLDINGS INC,COM,92766K106,15956,672400,SH,Put,DFND,1.0,0,672400,0
88688T100,TILRAY INC,COM CL 2,88688T100,1239,150000,SH,,DFND,1.0,0,150000,0
88688T100,TILRAY INC,COM CL 2,88688T100,1239,150000,SH,Put,DFND,1.0,0,150000,0
87663X102,TATTOOED CHEF INC,COM CL A,87663X102,478,20900,SH,,DFND,1.0,0,20900,0
87663X102,TATTOOED CHEF INC,COM CL A,87663X102,478,20900,SH,Put,DFND,1.0,0,20900,0
860897107,STITCH FIX INC,COM CL A,860897107,12730,216800,SH,,DFND,1.0,0,216800,0
860897107,STITCH FIX INC,COM CL A,860897107,13024,221800,SH,Put,DFND,1.0,0,221800,0
86846V108,SUPERNOVA PARTNERS ACQUISITI,COM CL A,86846V108,2600,236377,SH,,SOLE,,236377,0,0
848574109,SPIRIT AEROSYSTEMS HLDGS INC,COM CL A,848574109,203367,5202528,SH,,SOLE,,5202528,0,0
84918M106,SPORTS ENTERTAINMENT ACQU CO,COM CL A,84918M106,6584,650600,SH,,SOLE,,650600,0,0
77311W101,ROCKET COS INC,COM CL A,77311W101,3296,163000,SH,,DFND,1.0,0,163000,0
77311W101,ROCKET COS INC,COM CL A,77311W101,7077,350000,SH,Call,DFND,1.0,0,350000,0
77311W101,ROCKET COS INC,COM CL A,77311W101,8351,413000,SH,Put,DFND,1.0,0,413000,0
77664L108,ROOT INC,COM CL A,77664L108,1004,63900,SH,,DFND,1.0,0,63900,0
77664L108,ROOT INC,COM CL A,77664L108,1004,63900,SH,Put,DFND,1.0,0,63900,0
77664L108,ROOT INC,COM CL A,77664L108,7307,465138,SH,,SOLE,,465138,0,0
799793104,SANDBRIDGE ACQUISITION CORP,COM CL A,799793104,5085,500000,SH,,SOLE,,500000,0,0
74767V109,QUANTUMSCAPE CORP,COM CL A,74767V109,3378,40000,SH,,DFND,1.0,0,40000,0
83088V102,SLACK TECHNOLOGIES INC,COM CL A,83088V102,100306,2374675,SH,,SOLE,,2374675,0,0
G9442R126,VECTOR ACQUISITION CORP,COM CL A,G9442R126,8412,832014,SH,,SOLE,,832014,0,0
92538T104,VESPER HEALTHCARE ACQSTN COR,COM CL A,92538T104,2539,224465,SH,,SOLE,,224465,0,0
G9444H100,VY GLOBAL GROWTH,COM CL A,G9444H100,4926,472700,SH,,SOLE,,472700,0,0
934550203,WARNER MUSIC GROUP CORP,COM CL A,934550203,166019,4370078,SH,,SOLE,,4370078,0,0
98980F104,ZOOMINFO TECHNOLOGIES INC,COM CL A,98980F104,5098,105700,SH,,DFND,1.0,0,105700,0
98980F104,ZOOMINFO TECHNOLOGIES INC,COM CL A,98980F104,5098,105700,SH,Put,DFND,1.0,0,105700,0
18978W109,CM LIFE SCIENCES INC,COM CL A,18978W109,4342,393304,SH,,SOLE,,393304,0,0
12558Y106,CHP MERGER CORP,COM CL A,12558Y106,1561,152176,SH,,SOLE,,152176,0,0
244413100,DEERFIELD HEALTHCARE TECH AC,COM CL A,244413100,624,40000,SH,,SOLE,,40000,0,0
G23726105,COHN ROBBINS HOLDINGS CORP,COM CL A,G23726105,499,47899,SH,,SOLE,,47899,0,0
23344P101,DPCM CAP INC,COM CL A,23344P101,6932,665901,SH,,SOLE,,665901,0,0
30606L108,FALCON CAPITAL ACQUISITN COR,COM CL A,30606L108,4275,405579,SH,,SOLE,,405579,0,0
311875108,FAST ACQUISITION CORP,COM CL A,311875108,11817,1154000,SH,,SOLE,,1154000,0,0
26873Y104,E MERGE TECHNOLOGY ACQUISITI,COM CL A,26873Y104,2902,283664,SH,,SOLE,,283664,0,0
274681105,EAST RES ACQUISITION CO,COM CL A,274681105,4270,420687,SH,,SOLE,,420687,0,0
04316G105,ARTIUS ACQUISITION INC,COM CL A,04316G105,314,29583,SH,,SOLE,,29583,0,0
13803R102,CANOO INC,COM CL A,13803R102,269,19500,SH,,DFND,1.0,0,19500,0
13803R102,CANOO INC,COM CL A,13803R102,269,19500,SH,Put,DFND,1.0,0,19500,0
093712107,BLOOM ENERGY CORP,COM CL A,093712107,748,26100,SH,,DFND,1.0,0,26100,0
093712107,BLOOM ENERGY CORP,COM CL A,093712107,748,26100,SH,Put,DFND,1.0,0,26100,0
G3166W106,ARYA SCIENCES ACQUISITION CO,COM CL A,G3166W106,1085,100000,SH,,SOLE,,100000,0,0
009066101,AIRBNB INC,COM CL A,009066101,29360,200000,SH,,SOLE,,200000,0,0
33836P105,5 01 ACQUISITION CORP,COM CL A,33836P105,3051,300000,SH,,SOLE,,300000,0,0
45174J509,IHEARTMEDIA INC,COM CL A,45174J509,12259,944475,SH,,DFND,1.0,0,944475,0
45174J509,IHEARTMEDIA INC,COM CL A,45174J509,11535,888658,SH,,SOLE,,888658,0,0
449534106,IG ACQUISITION CORP,COM CL A,449534106,4602,454300,SH,,SOLE,,454300,0,0
51476H100,LANDCADIA HOLDINGS III INC,COM CL A,51476H100,5910,563964,SH,,SOLE,,563964,0,0
36258Q105,GS ACQUISITION HLDGS CORP II,COM CL A,36258Q105,8719,799900,SH,,SOLE,,799900,0,0
382864106,GORES HLDGS V INC,COM CL A,382864106,6156,591899,SH,,SOLE,,591899,0,0
349642108,FORTRESS VALUE ACQUISITION I,COM CL A,349642108,4656,433904,SH,,SOLE,,433904,0,0
435063102,HOLICITY INC,COM CL A,435063102,1011,99998,SH,,SOLE,,99998,0,0
G7417R105,REDBALL ACQUISITION CORP,COM CL A,G7417R105,5240,481151,SH,,SOLE,,481151,0,0
G7000X105,ONE,COM CL A,G7000X105,2154,200000,SH,,SOLE,,200000,0,0
612657106,MONTES ARCHIMEDES ACQUISITIO,COM CL A,612657106,6104,600163,SH,,SOLE,,600163,0,0
55068A100,LUX HEALTH TECH ACQUISITION,COM CL A,55068A100,3225,300000,SH,,SOLE,,300000,0,0
47760M102,JIYA ACQUISITION CORP,COM CL A,47760M102,2060,200000,SH,,SOLE,,200000,0,0
52470X109,LEFTERIS ACQUISITION CORP,COM CL A,52470X109,3105,300000,SH,,SOLE,,300000,0,0
53220K504,LIGAND PHARMACEUTICALS INC,COM NEW,53220K504,7906,79500,SH,,DFND,1.0,0,79500,0
53220K504,LIGAND PHARMACEUTICALS INC,COM NEW,53220K504,7906,79500,SH,Put,DFND,1.0,0,79500,0
594960304,MICROVISION INC DEL,COM NEW,594960304,291,54000,SH,,DFND,1.0,0,54000,0
594960304,MICROVISION INC DEL,COM NEW,594960304,291,54000,SH,Put,DFND,1.0,0,54000,0
428304307,HEXO CORP,COM NEW,428304307,20,5475,SH,,DFND,1.0,0,5475,0
428304307,HEXO CORP,COM NEW,428304307,20,5475,SH,Put,DFND,1.0,0,5475,0
45773H201,INOVIO PHARMACEUTICALS INC,COM NEW,45773H201,1363,154000,SH,,DFND,1.0,0,154000,0
45773H201,INOVIO PHARMACEUTICALS INC,COM NEW,45773H201,1362,153900,SH,Put,DFND,1.0,0,153900,0
284849205,ELECTRAMECCANICA VEHS CORP,COM NEW,284849205,310,50000,SH,,DFND,1.0,0,50000,0
284849205,ELECTRAMECCANICA VEHS CORP,COM NEW,284849205,27,4400,SH,Put,DFND,1.0,0,4400,0
277461406,EASTMAN KODAK CO,COM NEW,277461406,2527,310500,SH,,DFND,1.0,0,310500,0
277461406,EASTMAN KODAK CO,COM NEW,277461406,2527,310500,SH,Put,DFND,1.0,0,310500,0
98138J206,WORKHORSE GROUP INC,COM NEW,98138J206,2057,104000,SH,,DFND,1.0,0,104000,0
98138J206,WORKHORSE GROUP INC,COM NEW,98138J206,2057,104000,SH,Put,DFND,1.0,0,104000,0
92243A200,VAXART INC,COM NEW,92243A200,759,132900,SH,,DFND,1.0,0,132900,0
92243A200,VAXART INC,COM NEW,92243A200,400,70000,SH,Call,DFND,1.0,0,70000,0
92243A200,VAXART INC,COM NEW,92243A200,1159,202900,SH,Put,DFND,1.0,0,202900,0
83587F202,SORRENTO THERAPEUTICS INC,COM NEW,83587F202,921,134900,SH,,DFND,1.0,0,134900,0
83587F202,SORRENTO THERAPEUTICS INC,COM NEW,83587F202,921,134900,SH,Put,DFND,1.0,0,134900,0
984249607,YRC WORLDWIDE INC,COM PAR $.01,984249607,313,70700,SH,,DFND,1.0,0,70700,0
984249607,YRC WORLDWIDE INC,COM PAR $.01,984249607,313,70700,SH,Put,DFND,1.0,0,70700,0
531229854,LIBERTY MEDIA CORP DEL,COM SER C FRMLA,531229854,308995,7253407,SH,,SOLE,,7253407,0,0
013091103,ALBERTSONS COS INC,COMMON STOCK,013091103,3516,200000,SH,,DFND,1.0,0,200000,0
013091103,ALBERTSONS COS INC,COMMON STOCK,013091103,3516,200000,SH,Put,DFND,1.0,0,200000,0
185899AA9,CLEVELAND-CLIFFS INC NEW,DBCV 1.500% 1/1,185899AA9,54377,27775000,PRN,,SOLE,,27775000,0,0
629377CG5,NRG ENERGY INC,DBCV 2.750% 6/0,629377CG5,22094,19339000,PRN,,SOLE,,19339000,0,0
530715AG6,LIBERTY MEDIA CORP DEL,DEB 4.000%11/1,530715AG6,23645,30618000,PRN,,SOLE,,30618000,0,0
163092AD1,CHEGG INC,NOTE 0.125% 3/1,163092AD1,22706,12500000,PRN,,SOLE,,12500000,0,0
22266LAC0,COUPA SOFTWARE INC,NOTE 0.125% 6/1,22266LAC0,78704,36000000,PRN,,SOLE,,36000000,0,0
679295AD7,OKTA INC,NOTE 0.125% 9/0,679295AD7,11198,7500000,PRN,,SOLE,,7500000,0,0
55024UAB5,LUMENTUM HLDGS INC,NOTE 0.250% 3/1,55024UAB5,17309,10450000,PRN,,SOLE,,10450000,0,0
98936JAB7,ZENDESK INC,NOTE 0.250% 3/1,98936JAB7,10810,4750000,PRN,,SOLE,,4750000,0,0
163092AB5,CHEGG INC,NOTE 0.250% 5/1,163092AB5,37990,11348000,PRN,,SOLE,,11348000,0,0
98138HAF8,WORKDAY INC,NOTE 0.250%10/0,98138HAF8,50279,30000000,PRN,,SOLE,,30000000,0,0
852234AD5,SQUARE INC,NOTE 0.500% 5/1,852234AD5,50624,18059000,PRN,,SOLE,,18059000,0,0
87157DAD1,SYNAPTICS INC,NOTE 0.500% 6/1,87157DAD1,52049,37500000,PRN,,SOLE,,37500000,0,0
848637AC8,SPLUNK INC,NOTE 0.500% 9/1,848637AC8,18392,14000000,PRN,,SOLE,,14000000,0,0
256163AB2,DOCUSIGN INC,NOTE 0.500% 9/1,256163AB2,83763,26835000,PRN,,SOLE,,26835000,0,0
98426TAD8,YY INC,NOTE 0.750% 6/1,98426TAD8,23108,22725000,PRN,,SOLE,,22725000,0,0
252131AH0,DEXCOM INC,NOTE 0.750%12/0,252131AH0,56903,25000000,PRN,,SOLE,,25000000,0,0
34959JAK4,FORTIVE CORP,NOTE 0.875% 2/1,34959JAK4,14914,14500000,PRN,,SOLE,,14500000,0,0
741503AX4,PRICELINE GRP INC,NOTE 0.900% 9/1,741503AX4,62789,53909000,PRN,,SOLE,,53909000,0,0
94419LAF8,WAYFAIR INC,NOTE 1.000% 8/1,94419LAF8,56400,33500000,PRN,,SOLE,,33500000,0,0
81141RAD2,SEA LTD,NOTE 1.000%12/0,81141RAD2,361751,91500000,PRN,,SOLE,,91500000,0,0
848637AD6,SPLUNK INC,NOTE 1.125% 9/1,848637AD6,50877,37500000,PRN,,SOLE,,37500000,0,0
94419LAD3,WAYFAIR INC,NOTE 1.125%11/0,94419LAD3,65680,32141000,PRN,,SOLE,,32141000,0,0
88160RAC5,TESLA INC,NOTE 1.250% 3/0,88160RAC5,827028,84396000,PRN,,SOLE,,84396000,0,0
40171VAA8,GUIDEWIRE SOFTWARE INC,NOTE 1.250% 3/1,40171VAA8,12952,10000000,PRN,,SOLE,,10000000,0,0
844741BG2,SOUTHWEST AIRLS CO,NOTE 1.250% 5/0,844741BG2,58291,40000000,PRN,,SOLE,,40000000,0,0
090040AB2,BILIBILI INC,NOTE 1.375% 4/0,090040AB2,62426,18000000,PRN,,SOLE,,18000000,0,0
06684LAB9,BAOZUN INC,NOTE 1.625% 5/0,06684LAB9,5317,5447000,PRN,,SOLE,,5447000,0,0
88160RAG6,TESLA INC,NOTE 2.000% 5/1,88160RAG6,710425,62472000,PRN,,SOLE,,62472000,0,0
36165LAB4,GDS HLDGS LTD,NOTE 2.000% 6/0,36165LAB4,46965,24800000,PRN,,SOLE,,24800000,0,0
595017AH7,MICROCHIP TECHNOLOGY INC.,NOTE 2.250% 2/1,595017AH7,13249,6500000,PRN,,DFND,1.0,0,6500000,0
670704AG0,NUVASIVE INC,NOTE 2.250% 3/1,670704AG0,13212,13000000,PRN,,SOLE,,13000000,0,0
88160RAD3,TESLA INC,NOTE 2.375% 3/1,88160RAD3,479636,44550000,PRN,,SOLE,,44550000,0,0
45031UCB5,ISTAR INC,NOTE 3.125% 9/1,45031UCB5,31314,26572000,PRN,,SOLE,,26572000,0,0
46267XAE8,IQIYI INC,NOTE 4.000%12/1,46267XAE8,6932,7000000,PRN,,SOLE,,7000000,0,0
74967XAA1,RH,NOTE 6/1,74967XAA1,48039,20477000,PRN,,SOLE,,20477000,0,0
G96629103,WILLIS TOWERS WATSON PLC LTD,SHS,G96629103,51231,243172,SH,,SOLE,,243172,0,0
G66721104,NORWEGIAN CRUISE LINE HLDG L,SHS,G66721104,7337,288500,SH,,DFND,1.0,0,288500,0
G66721104,NORWEGIAN CRUISE LINE HLDG L,SHS,G66721104,7337,288500,SH,Put,DFND,1.0,0,288500,0
G66721104,NORWEGIAN CRUISE LINE HLDG L,SHS,G66721104,9823,386288,SH,,SOLE,,386288,0,0
G66721104,NORWEGIAN CRUISE LINE HLDG L,SHS,G66721104,9872,388200,SH,Put,SOLE,,388200,0,0
G32219100,HPX CORP,SHS CL A,G32219100,5010,500000,SH,,SOLE,,500000,0,0
G46044106,HORIZON ACQUISITION CORPORAT,SHS CL A,G46044106,5714,553126,SH,,SOLE,,553126,0,0
G01046104,AEA-BRIDGES IMPACT CORP,SHS CL A,G01046104,8958,886961,SH,,SOLE,,886961,0,0
G2040C104,CERBERUS TELECOM ACQUISITION,SHS CL A,G2040C104,1532,150000,SH,,SOLE,,150000,0,0
G0232J101,ALUSSA ENERGY ACQUISITION CO,SHS CL A,G0232J101,2017,200500,SH,,SOLE,,200500,0,0
G28314105,DRAGONEER GROWTH OPPTY CORP,SHS CL A,G28314105,1142,100000,SH,,SOLE,,100000,0,0
G9446E105,VG ACQUISITION CORP,SHS CL A,G9446E105,2427,212349,SH,,SOLE,,212349,0,0
G7552B105,RIBBIT LEAP LTD,SHS CL A,G7552B105,6550,504235,SH,,SOLE,,504235,0,0
N97284108,YANDEX N V,SHS CLASS A,N97284108,54836,788100,SH,Put,SOLE,,788100,0,0
135086106,CANADA GOOSE HLDGS INC,SHS SUB VTG,135086106,4623,155300,SH,,DFND,1.0,0,155300,0
135086106,CANADA GOOSE HLDGS INC,SHS SUB VTG,135086106,4623,155300,SH,Put,DFND,1.0,0,155300,0
05278C107,AUTOHOME INC,SP ADR RP CL A,05278C107,61385,616193,SH,,SOLE,,616193,0,0
47215P106,JD.COM INC,SPON ADR CL A,47215P106,72792,828121,SH,,SOLE,,828121,0,0
38045R206,GOL LINHAS AEREAS INTELIGENT,SPON ADR PFD NEW,38045R206,363,37000,SH,,SOLE,,37000,0,0
697660207,PAMPA ENERGIA S A,SPONS ADR LVL I,697660207,3741,271509,SH,,DFND,1.0,0,271509,0
697660207,PAMPA ENERGIA S A,SPONS ADR LVL I,697660207,20201,1465973,SH,,SOLE,,1465973,0,0
090040106,BILIBILI INC,SPONS ADS REP Z,090040106,101570,1184900,SH,Put,SOLE,,1184900,0,0
81141R100,SEA LTD,SPONSORD ADS,81141R100,52808,265300,SH,Put,SOLE,,265300,0,0
05545E209,BHP GROUP PLC,SPONSORED ADR,05545E209,25982,489946,SH,,SOLE,,489946,0,0
06684L103,BAOZUN INC,SPONSORED ADR,06684L103,1096,31900,SH,,DFND,1.0,0,31900,0
06684L103,BAOZUN INC,SPONSORED ADR,06684L103,1099,32000,SH,Put,DFND,1.0,0,32000,0
06684L103,BAOZUN INC,SPONSORED ADR,06684L103,9197,267753,SH,,SOLE,,267753,0,0
06684L103,BAOZUN INC,SPONSORED ADR,06684L103,9137,266000,SH,Put,SOLE,,266000,0,0
03524A108,ANHEUSER BUSCH INBEV SA/NV,SPONSORED ADR,03524A108,252597,3613173,SH,,SOLE,,3613173,0,0
654902204,NOKIA CORP,SPONSORED ADR,654902204,782,200000,SH,,DFND,1.0,0,200000,0
654902204,NOKIA CORP,SPONSORED ADR,654902204,782,200000,SH,Put,DFND,1.0,0,200000,0
47759T100,JINKOSOLAR HLDG CO LTD,SPONSORED ADR,47759T100,12634,204200,SH,,DFND,1.0,0,204200,0
47759T100,JINKOSOLAR HLDG CO LTD,SPONSORED ADR,47759T100,12634,204200,SH,Put,DFND,1.0,0,204200,0
46267X108,IQIYI INC,SPONSORED ADS,46267X108,1781,101900,SH,,SOLE,,101900,0,0
46267X108,IQIYI INC,SPONSORED ADS,46267X108,50748,2903200,SH,Put,SOLE,,2903200,0,0
36165L108,GDS HLDGS LTD,SPONSORED ADS,36165L108,61147,653000,SH,Put,SOLE,,653000,0,0
757468103,REDHILL BIOPHARMA LTD,SPONSORED ADS,757468103,1087,134500,SH,,DFND,1.0,0,134500,0
757468103,REDHILL BIOPHARMA LTD,SPONSORED ADS,757468103,874,108200,SH,Put,DFND,1.0,0,108200,0
50202M102,LI AUTO INC,SPONSORED ADS,50202M102,12939,448800,SH,,DFND,1.0,0,448800,0
50202M102,LI AUTO INC,SPONSORED ADS,50202M102,12939,448800,SH,Put,DFND,1.0,0,448800,0
01609W102,ALIBABA GROUP HLDG LTD,SPONSORED ADS,01609W102,393055,1688887,SH,,SOLE,,1688887,0,0
09075V102,BIONTECH SE,SPONSORED ADS,09075V102,163,2000,SH,,DFND,1.0,0,2000,0
09075V102,BIONTECH SE,SPONSORED ADS,09075V102,163,2000,SH,Put,DFND,1.0,0,2000,0
874039100,TAIWAN SEMICONDUCTOR MFG LTD,SPONSORED ADS,874039100,203032,1861992,SH,,SOLE,,1861992,0,0
38286R204,GORES HOLDINGS VI INC,UNIT 08/24/2027,38286R204,6360,600000,SH,,SOLE,,600000,0,0
28139A201,EDTECHX HOLDINGS ACQU CORP I,UNIT 08/31/2027,28139A201,5521,535000,SH,,SOLE,,535000,0,0
65339F796,NEXTERA ENERGY INC,UNIT 09/01/2022S,65339F796,25115,430000,SH,,DFND,1.0,0,430000,0
G00748122,ACON S2 ACQUISITION CORP,UNIT 09/15/2027,G00748122,525,50000,SH,,SOLE,,50000,0,0
G9441E126,VPC IMPACT ACQUISITION HLDNG,UNIT 09/22/2025,G9441E126,10484,979800,SH,,SOLE,,979800,0,0
G9442R100,VECTOR ACQUISITION CORP,UNIT 09/30/2027,G9442R100,2669,248288,SH,,SOLE,,248288,0,0
449534205,IG ACQUISITION CORP,UNIT 10/05/2027,449534205,2162,200000,SH,,SOLE,,200000,0,0
G9127T116,TURMERIC ACQUISITION CORP,UNIT 10/08/2025,G9127T116,1643,160000,SH,,SOLE,,160000,0,0
52470X208,LEFTERIS ACQUISITION CORP,UNIT 11/01/2023,52470X208,2933,270548,SH,,SOLE,,270548,0,0
55068A209,LUX HEALTH TECH ACQUISITION,UNIT 11/30/2027,55068A209,2689,233800,SH,,SOLE,,233800,0,0
76156P205,REVOLUTION ACCELERTN ACQU CO,UNIT 12/01/2025,76156P205,7287,700000,SH,,SOLE,,700000,0,0
81723H207,SENIOR CONNECT ACQUISITN COR,UNIT 12/09/2023,81723H207,10290,1000000,SH,,SOLE,,1000000,0,0
143636207,CARNEY TECHNOLOGY ACQU CORP,UNIT 12/10/2025,143636207,5130,500000,SH,,SOLE,,500000,0,0
G31067120,SCION TECH GROWTH I,UNIT 12/17/2025,G31067120,8772,850000,SH,,SOLE,,850000,0,0
81786A206,7GC & CO HOLDINGS INC,UNIT 12/23/2025,81786A206,2638,250000,SH,,SOLE,,250000,0,0
457817302,INSU ACQUISITION CORP III,UNIT 12/31/2026,457817302,4143,391997,SH,,SOLE,,391997,0,0
G46044122,HORIZON ACQUISITION CORPORAT,UNIT 99/99/9999,G46044122,14220,1324000,SH,,SOLE,,1324000,0,0
42226W208,HEALTH ASSURN ACQUISITION CO,UNIT 99/99/9999,42226W208,6235,565800,SH,,SOLE,,565800,0,0
38102H208,GOLDEN FALCON ACQUISITION CO,UNIT 99/99/9999,38102H208,2377,228576,SH,,SOLE,,228576,0,0
33765Y200,FIRSTMARK HORIZON ACQUISITIO,UNIT 99/99/9999,33765Y200,0,1,SH,,SOLE,,1,0,0
34619R201,FOREST ROAD ACQUISITION CORP,UNIT 99/99/9999,34619R201,5749,547500,SH,,SOLE,,547500,0,0
51476H209,LANDCADIA HOLDINGS III INC,UNIT 99/99/9999,51476H209,14218,1272894,SH,,SOLE,,1272894,0,0
53804W205,LIVE OAK ACQUISITION CORP II,UNIT 99/99/9999,53804W205,1294,119271,SH,,SOLE,,119271,0,0
68218L207,OMNICHANNEL ACQUISITION CORP,UNIT 99/99/9999,68218L207,2060,200000,SH,,SOLE,,200000,0,0
65339F739,NEXTERA ENERGY INC,UNIT 99/99/9999,65339F739,23163,453520,SH,,DFND,1.0,0,453520,0
65339F770,NEXTERA ENERGY INC,UNIT 99/99/9999,65339F770,22748,450640,SH,,DFND,1.0,0,450640,0
12510J205,CBRE ACQUISITION HLDGS INC,UNIT 99/99/9999,12510J205,2613,250000,SH,,SOLE,,250000,0,0
G0411R122,APOLLO STRATEGIC GROWTH CAPT,UNIT 99/99/9999,G0411R122,10930,1000000,SH,,SOLE,,1000000,0,0
143658300,CARNIVAL CORP,UNIT 99/99/9999,143658300,3706,171100,SH,Put,SOLE,,171100,0,0
147151203,CASCADE ACQUISITION CORP,UNIT 99/99/9999,147151203,5225,500000,SH,,SOLE,,500000,0,0
17144T206,CHURCHILL CAPITAL CORP V,UNIT 99/99/9999,17144T206,4725,450000,SH,,SOLE,,450000,0,0
233278209,DMY TECHNOLOGY GROUP INC III,UNIT 99/99/9999,233278209,11400,1000000,SH,,SOLE,,1000000,0,0
25746U133,DOMINION ENERGY INC,UNIT 99/99/9999,25746U133,18240,183750,SH,,DFND,1.0,0,183750,0
G3R39W128,EMPOWER LTD,UNIT 99/99/9999,G3R39W128,11960,1150000,SH,,SOLE,,1150000,0,0
23344P200,DPCM CAP INC,UNIT 99/99/9999,23344P200,6034,547561,SH,,SOLE,,547561,0,0
31810Q305,FINTECH ACQUISITION CORP V,UNIT 99/99/9999,31810Q305,6402,600000,SH,,SOLE,,600000,0,0
G7552B121,RIBBIT LEAP LTD,UNIT 99/99/9999,G7552B121,0,5,SH,,SOLE,,5,0,0
G8990Y111,TPG PACE TECH OPPORTUNITIES,UNIT 99/99/9999,G8990Y111,5753,506401,SH,,SOLE,,506401,0,0
G82514129,SOCIAL CAPITAL HEDOSOPHA HLD,UNIT 99/99/9999,G82514129,622,42547,SH,,SOLE,,42547,0,0
G8251L121,SOCIAL CAPITAL HEDOSOPHA HLD,UNIT 99/99/9999,G8251L121,8243,638497,SH,,SOLE,,638497,0,0
86846V207,SUPERNOVA PARTNERS ACQUISITI,UNIT 99/99/9999,86846V207,2983,256961,SH,,SOLE,,256961,0,0
G9444H126,VY GLOBAL GROWTH,UNIT 99/99/9999,G9444H126,2152,200000,SH,,SOLE,,200000,0,0
