,NAME OF ISSUER,TITLE OF CLASS,CUSIP,(x$1000),PRN AMT,PRN,CALL,DISCRETION,MANAGER,SOLE,SHARED,NONE
0,4D MOLECULAR THERAPEUTICS IN,COM,35104E100,163227,3937914,SH,,SOLE,,3937914,0,0
1,ABCELLERA BIOLOGICS INC,COM,00288U106,775978,19283744,SH,,SOLE,,19283744,0,0
2,ACADIA HEALTHCARE COMPANY IN,COM,00404A109,17179,341799,SH,,SOLE,,341799,0,0
3,ADAPTIVE BIOTECHNOLOGIES COR,COM,00650F109,1773528,29993708,SH,,SOLE,,29993708,0,0
4,ADVANCED MICRO DEVICES INC,COM,007903107,368216,4015000,SH,,SOLE,,4015000,0,0
5,AGORA INC,ADS,00851L103,15824,400000,SH,,SOLE,,400000,0,0
6,AIR PRODS & CHEMS INC,COM,009158106,173932,636600,SH,,SOLE,,636600,0,0
7,ALIGN TECHNOLOGY INC,COM,016255101,285863,534944,SH,,SOLE,,534944,0,0
8,ALPHABET INC,CAP STK CL A,02079K305,1086270,619791,SH,,SOLE,,619791,0,0
9,AMAZON COM INC,COM,023135106,652920,200471,SH,,SOLE,,200471,0,0
10,AMERICAN EXPRESS CO,COM,025816109,631662,5224231,SH,,SOLE,,5224231,0,0
11,AON PLC,SHS CL A,G0403H108,543095,2570620,SH,,SOLE,,2570620,0,0
12,API GROUP CORP,COM STK,00187Y100,605000,33333333,SH,,SOLE,,33333333,0,0
13,ARENA PHARMACEUTICALS INC,COM NEW,040047607,32826,427256,SH,,SOLE,,427256,0,0
14,ASSURANT INC,COM,04621X108,375776,2758595,SH,,SOLE,,2758595,0,0
15,ATHIRA PHARMA INC,COM,04746L104,72632,2120653,SH,,SOLE,,2120653,0,0
16,AVALONBAY CMNTYS INC,COM,053484101,194103,1209895,SH,,SOLE,,1209895,0,0
17,AVANTOR INC,COM,05352A100,376048,13358729,SH,,SOLE,,13358729,0,0
18,BECTON DICKINSON & CO,COM,075887109,128009,511584,SH,,SOLE,,511584,0,0
19,BILIBILI INC,SPONS ADS REP Z,090040106,112386,1311083,SH,,SOLE,,1311083,0,0
20,BLUEPRINT MEDICINES CORP,COM,09627Y109,30581,272681,SH,,SOLE,,272681,0,0
21,BOOKING HOLDINGS INC,COM,09857L108,419353,188281,SH,,SOLE,,188281,0,0
22,BOSTON SCIENTIFIC CORP,COM,101137107,1078173,29990892,SH,,SOLE,,29990892,0,0
23,BRIDGEBIO PHARMA INC,COM,10806X102,1893019,26620991,SH,,SOLE,,26620991,0,0
24,BRISTOL-MYERS SQUIBB CO,COM,110122108,155496,2506793,SH,,SOLE,,2506793,0,0
25,BRISTOL-MYERS SQUIBB CO,RIGHT 99/99/9999,110122157,6091,8825899,SH,,SOLE,,8825899,0,0
26,CARMAX INC,COM,143130102,75024,794240,SH,,SOLE,,794240,0,0
27,CATALENT INC,COM,148806102,125263,1203641,SH,,SOLE,,1203641,0,0
28,CENTENE CORP DEL,COM,15135B101,785652,13087649,SH,,SOLE,,13087649,0,0
29,CHINDATA GROUP HLDGS LTD,ADS,16955F107,17726,739798,SH,,SOLE,,739798,0,0
30,CHUBB LIMITED,COM,H1467J104,416525,2706111,SH,,SOLE,,2706111,0,0
31,CIGNA CORP NEW,COM,125523100,406756,1953869,SH,,SOLE,,1953869,0,0
32,COOPER COS INC,COM NEW,216648402,54135,149000,SH,,SOLE,,149000,0,0
33,COSTAR GROUP INC,COM,22160N109,65577,70949,SH,,SOLE,,70949,0,0
34,DARDEN RESTAURANTS INC,COM,237194105,127502,1070370,SH,,SOLE,,1070370,0,0
35,DISNEY WALT CO,COM,254687106,773911,4271505,SH,,SOLE,,4271505,0,0
36,DOORDASH INC,CL A,25809K105,87159,610573,SH,,SOLE,,610573,0,0
37,ENCOMPASS HEALTH CORP,COM,29261A100,218572,2643276,SH,,SOLE,,2643276,0,0
38,EQUITABLE HLDGS INC,COM,29452E101,99138,3874110,SH,,SOLE,,3874110,0,0
39,EVEREST RE GROUP LTD,COM,G3223R108,46702,199505,SH,,SOLE,,199505,0,0
40,FACEBOOK INC,CL A,30303M102,281881,1031928,SH,,SOLE,,1031928,0,0
41,FIDELITY NATL INFORMATION SV,COM,31620M106,1674237,11835412,SH,,SOLE,,11835412,0,0
42,FLEETCOR TECHNOLOGIES INC,COM,339041105,619255,2269747,SH,,SOLE,,2269747,0,0
43,FORTIVE CORP,COM,34959J108,564006,7963937,SH,,SOLE,,7963937,0,0
44,GENERAL ELECTRIC CO,COM,369604103,315360,29199997,SH,,SOLE,,29199997,0,0
45,GENMAB A/S,SPONSORED ADS,372303206,15352,377562,SH,,SOLE,,377562,0,0
46,GOHEALTH INC,COM CL A,38046W105,35528,2600905,SH,,SOLE,,2600905,0,0
47,GUARDANT HEALTH INC,COM,40131M109,455570,3534842,SH,,SOLE,,3534842,0,0
48,HARTFORD FINL SVCS GROUP INC,COM,416515104,395322,8071081,SH,,SOLE,,8071081,0,0
49,HCA HEALTHCARE INC,COM,40412C101,287508,1748194,SH,,SOLE,,1748194,0,0
50,HILTON WORLDWIDE HLDGS INC,COM,43300A203,525136,4719901,SH,,SOLE,,4719901,0,0
51,HORIZON THERAPEUTICS PUB L,SHS,G46188101,267939,3662876,SH,,SOLE,,3662876,0,0
52,INGERSOLL RAND INC,COM,45687V106,279975,6145201,SH,,SOLE,,6145201,0,0
53,INHIBRX INC,COM,45720L107,174934,5305866,SH,,SOLE,,5305866,0,0
54,INSULET CORP,COM,45784P101,123605,483529,SH,,SOLE,,483529,0,0
55,JAMF HLDG CORP,COM,47074L105,18126,605828,SH,,SOLE,,605828,0,0
56,JFROG LTD,ORD SHS,M6191J100,10646,169441,SH,,SOLE,,169441,0,0
57,JPMORGAN CHASE & CO,COM,46625H100,1074895,8459075,SH,,SOLE,,8459075,0,0
58,KARUNA THERAPEUTICS INC,COM,48576A100,34358,338200,SH,,SOLE,,338200,0,0
59,KINNATE BIOPHARMA INC,COM,49705R105,74469,1872023,SH,,SOLE,,1872023,0,0
60,LABORATORY CORP AMER HLDGS,COM NEW,50540R409,19235,94500,SH,,SOLE,,94500,0,0
61,LAS VEGAS SANDS CORP,COM,517834107,168463,2826560,SH,,SOLE,,2826560,0,0
62,MARSH & MCLENNAN COS INC,COM,571748102,154507,1320572,SH,,SOLE,,1320572,0,0
63,MATCH GROUP INC NEW,COM,57667L107,138291,914686,SH,,SOLE,,914686,0,0
64,MCAFEE CORP,COM CL A,579063108,87646,5251436,SH,,SOLE,,5251436,0,0
65,MERCADOLIBRE INC,COM,58733R102,690047,411914,SH,,SOLE,,411914,0,0
66,METLIFE INC,COM,59156R108,156836,3340480,SH,,SOLE,,3340480,0,0
67,MICRON TECHNOLOGY INC,COM,595112103,206903,2752100,SH,,SOLE,,2752100,0,0
68,MICROSOFT CORP,COM,594918104,2633028,11838092,SH,,SOLE,,11838092,0,0
69,MOLINA HEALTHCARE INC,COM,60855R100,217516,1022739,SH,,SOLE,,1022739,0,0
70,MOODYS CORP,COM,615369105,477567,1645420,SH,,SOLE,,1645420,0,0
71,NUANCE COMMUNICATIONS INC,COM,67020Y100,722312,16382663,SH,,SOLE,,16382663,0,0
72,OTIS WORLDWIDE CORP,COM,68902V107,364612,5397663,SH,,SOLE,,5397663,0,0
73,PACIFIC BIOSCIENCES CALIF IN,COM,69404D108,40542,1562915,SH,,SOLE,,1562915,0,0
74,PALO ALTO NETWORKS INC,COM,697435105,670667,1887130,SH,,SOLE,,1887130,0,0
75,PARKER-HANNIFIN CORP,COM,701094104,458473,1683025,SH,,SOLE,,1683025,0,0
76,PMV PHARMACEUTICALS INC,COM,69353Y103,145413,2364062,SH,,SOLE,,2364062,0,0
77,PROGRESSIVE CORP,COM,743315103,88510,895126,SH,,SOLE,,895126,0,0
78,PVH CORPORATION,COM,693656100,77731,827892,SH,,SOLE,,827892,0,0
79,ROYALTY PHARMA PLC,SHS CLASS A,G7709Q104,114464,2287000,SH,,SOLE,,2287000,0,0
80,SEA LTD,SPONSORD ADS,81141R100,379191,1905002,SH,,SOLE,,1905002,0,0
81,SEER INC,COM CL A,81578P106,15171,270232,SH,,SOLE,,270232,0,0
82,SERVICENOW INC,COM,81762P102,422789,768107,SH,,SOLE,,768107,0,0
83,SNOWFLAKE INC,CL A,833445109,176482,627157,SH,,SOLE,,627157,0,0
84,T-MOBILE US INC,COM,872590104,1173934,8705481,SH,,SOLE,,8705481,0,0
85,TAIWAN SEMICONDUCTOR MFG LTD,SPONSORED ADS,874039100,610765,5601289,SH,,SOLE,,5601289,0,0
86,THERMO FISHER SCIENTIFIC INC,COM,883556102,36246,77817,SH,,SOLE,,77817,0,0
87,UNITEDHEALTH GROUP INC,COM,91324P102,979682,2793665,SH,,SOLE,,2793665,0,0
88,UNITY SOFTWARE INC,COM,91332U101,216390,1409981,SH,,SOLE,,1409981,0,0
89,VERISIGN INC,COM,92343E102,317394,1466699,SH,,SOLE,,1466699,0,0
90,VERTEX INC,CL A,92538J106,70803,2031639,SH,,SOLE,,2031639,0,0
91,VIELA BIO INC,COM,926613100,25302,703424,SH,,SOLE,,703424,0,0
92,VISA INC,COM CL A,92826C839,893630,4085538,SH,,SOLE,,4085538,0,0
93,WORKDAY INC,CL A,98138H101,169603,707831,SH,,SOLE,,707831,0,0
94,ZENTALIS PHARMACEUTICALS INC,COM,98943L107,156406,3011284,SH,,SOLE,,3011284,0,0
95,ZIMMER BIOMET HOLDINGS INC,COM,98956P102,595877,3867074,SH,,SOLE,,3867074,0,0
