,NAME OF ISSUER,TITLE OF CLASS,CUSIP,(x$1000),PRN AMT,PRN,CALL,DISCRETION,MANAGER,SOLE,SHARED,NONE
0,ALPHABET INC,CAP STK CL A,02079K305,49791,28409,SH,,SOLE,,28409,0,0
1,AMAZON COM INC,COM,023135106,2534,778,SH,,SOLE,,778,0,0
2,AMERISOURCEBERGEN CORP,COM,03073E105,85583,875442,SH,,SOLE,,875442,0,0
3,AMGEN INC,COM,031162100,32528,141474,SH,,SOLE,,141474,0,0
4,ANTHEM INC,COM,036752103,59229,184461,SH,,SOLE,,184461,0,0
5,APTIV PLC,SHS,G6095L109,14366,110263,SH,,SOLE,,110263,0,0
6,ARAMARK,COM,03852U106,7175,186457,SH,,SOLE,,186457,0,0
7,AVIS BUDGET GROUP,COM,053774105,64321,1724413,SH,,SOLE,,1724413,0,0
8,BAUSCH HEALTH COS INC,COM,071734107,341828,16434019,SH,,SOLE,,16434019,0,0
9,BAXTER INTL INC,COM,071813109,44841,558832,SH,,SOLE,,558832,0,0
10,BOSTON SCIENTIFIC CORP,COM,101137107,97169,2702881,SH,,SOLE,,2702881,0,0
11,BROOKDALE SR LIVING INC,COM,112463104,79766,18005910,SH,,SOLE,,18005910,0,0
12,CIGNA CORP NEW,COM,125523100,261270,1255021,SH,,SOLE,,1255021,0,0
13,CIGNA CORP NEW,COM,125523100,41636,200000,SH,Call,SOLE,,200000,0,0
14,CORTEVA INC,COM,22052L104,49926,1289420,SH,,SOLE,,1289420,0,0
15,DAVITA INC,COM,23918K108,16508,140613,SH,,SOLE,,140613,0,0
16,DUN & BRADSTREET HLDGS INC,COM,26484T106,4984,200147,SH,,SOLE,,200147,0,0
17,DUPONT DE NEMOURS INC,COM,26614N102,18347,258003,SH,,SOLE,,258003,0,0
18,DXC TECHNOLOGY CO,COM,23355L106,261338,10149059,SH,,SOLE,,10149059,0,0
19,ELEMENT SOLUTIONS INC,COM,28618M106,68557,3866712,SH,,SOLE,,3866712,0,0
20,ENDO INTL PLC,SHS,G30401106,53777,7489768,SH,,SOLE,,7489768,0,0
21,EXPEDIA GROUP INC,COM NEW,30212P303,56786,428895,SH,,SOLE,,428895,0,0
22,FACEBOOK INC,CL A,30303M102,2619,9586,SH,,SOLE,,9586,0,0
23,FISERV INC,COM,337738108,55077,483726,SH,,SOLE,,483726,0,0
24,FLUIDIGM CORP DEL,COM,34385P108,4856,809369,SH,,SOLE,,809369,0,0
25,FMC CORP,COM NEW,302491303,81807,711796,SH,,SOLE,,711796,0,0
26,GLOBAL PMTS INC,COM,37940X102,12956,60143,SH,,SOLE,,60143,0,0
27,HCA HEALTHCARE INC,COM,40412C101,213828,1300181,SH,,SOLE,,1300181,0,0
28,HEALTHPEAK PROPERTIES INC,COM,42250P103,31519,1042641,SH,,SOLE,,1042641,0,0
29,HOLOGIC INC,COM,436440101,58588,804442,SH,,SOLE,,804442,0,0
30,HUMANA INC,COM,444859102,65430,159480,SH,,SOLE,,159480,0,0
31,INSPERITY INC,COM,45778Q107,13026,159983,SH,,SOLE,,159983,0,0
32,IQVIA HLDGS INC,COM,46266C105,60856,339657,SH,,SOLE,,339657,0,0
33,LABORATORY CORP AMER HLDGS,COM NEW,50540R409,112398,552187,SH,,SOLE,,552187,0,0
34,LYFT INC,CL A COM,55087P104,101413,2064179,SH,,SOLE,,2064179,0,0
35,MARRIOTT INTL INC NEW,CL A,571903202,30159,228619,SH,,SOLE,,228619,0,0
36,MCKESSON CORP,COM,58155Q103,203084,1167689,SH,,SOLE,,1167689,0,0
37,MCKESSON CORP,COM,58155Q103,34784,200000,SH,Call,SOLE,,200000,0,0
38,MEDTRONIC PLC,SHS,G5960L103,13340,113882,SH,,SOLE,,113882,0,0
39,MERITOR INC,COM,59001K100,76957,2757332,SH,,SOLE,,2757332,0,0
40,MICHAELS COS INC,COM,59408Q106,25969,1996084,SH,,SOLE,,1996084,0,0
41,MICROSOFT CORP,COM,594918104,5504,24748,SH,,SOLE,,24748,0,0
42,MOLINA HEALTHCARE INC,COM,60855R100,39286,184720,SH,,SOLE,,184720,0,0
43,MYRIAD GENETICS INC,COM,62855J104,72825,3682691,SH,,SOLE,,3682691,0,0
44,NORFOLK SOUTHN CORP,COM,655844108,22557,94933,SH,,SOLE,,94933,0,0
45,NUANCE COMMUNICATIONS INC,COM,67020Y100,98690,2238367,SH,,SOLE,,2238367,0,0
46,PRA HEALTH SCIENCES INC,COM,69354M108,11782,93925,SH,,SOLE,,93925,0,0
47,QUEST DIAGNOSTICS INC,COM,74834L100,11985,100567,SH,,SOLE,,100567,0,0
48,TAKEDA PHARMACEUTICAL CO LTD,SPONSORED ADS,874060205,277741,15260512,SH,,SOLE,,15260512,0,0
49,TENET HEALTHCARE CORP,COM NEW,88033G407,729074,18258810,SH,,SOLE,,18258810,0,0
50,UNION PAC CORP,COM,907818108,13270,63731,SH,,SOLE,,63731,0,0
51,UNITED RENTALS INC,COM,911363109,2969,12804,SH,,SOLE,,12804,0,0
52,UNIVERSAL HLTH SVCS INC,CL B,913903100,85821,624152,SH,,SOLE,,624152,0,0
53,VIACOMCBS INC,CL B,92556H206,49985,1341520,SH,,SOLE,,1341520,0,0
54,VIAD CORP,COM NEW,92552R406,9078,250995,SH,,SOLE,,250995,0,0
55,WELLTOWER INC,COM,95040Q104,19756,305732,SH,,SOLE,,305732,0,0
