,NAME OF ISSUER,TITLE OF CLASS,CUSIP,(x$1000),PRN AMT,PRN,CALL,DISCRETION,MANAGER,SOLE,SHARED,NONE
0,BLOOMIN BRANDS INC,COM,094235108,77706,4001336,SH,,SOLE,,4001336,0,0
1,CONAGRA BRANDS INC,COM,205887102,393726,10858403,SH,,SOLE,,10858403,0,0
2,ENCOMPASS HEALTH CORP,COM,29261A100,214425,2593114,SH,,SOLE,,2593114,0,0
3,GRACE W R & CO DEL NEW,COM,38388F108,16825,306914,SH,,SOLE,,306914,0,0
4,LABORATORY CORP AMER HLDGS,COM NEW,50540R409,165214,811661,SH,,SOLE,,811661,0,0
5,NEW RELIC INC,COM,64829B100,23152,354010,SH,,SOLE,,354010,0,0
6,PERSPECTA INC,COM,715347100,368108,15286875,SH,,SOLE,,15286875,0,0
7,SPDR S&P 500 ETF TR,TR UNIT,78462F103,102947,275347,SH,,SOLE,,275347,0,0
8,TEGNA INC,COM,87901J105,23763,1703455,SH,,SOLE,,1703455,0,0
9,TIFFANY & CO NEW,COM,886547108,4837,36800,SH,Call,SOLE,,0,0,0
10,TREEHOUSE FOODS INC,COM,89469A104,86429,2034109,SH,,SOLE,,2034109,0,0
