,NAME OF ISSUER,TITLE OF CLASS,CUSIP,(x$1000),PRN AMT,PRN,CALL,DISCRETION,MANAGER,SOLE,SHARED,NONE
0,17 ED & TECHNOLOGY GROUP INC,ADS,81807M106,6149,480000,SH,,SOLE,,480000,0,0
1,1LIFE HEALTHCARE INC,COM,68269G107,171545,3930000,SH,,SOLE,,3930000,0,0
2,8X8 INC NEW,COM,282914100,310230,9000000,SH,,SOLE,,9000000,0,0
3,ACADEMY SPORTS & OUTDOORS IN,COM,00402L107,36278,1750000,SH,,SOLE,,1750000,0,0
4,ADOBE SYSTEMS INCORPORATED,COM,00724F101,83770,167500,SH,,SOLE,,167500,0,0
5,AGORA INC,ADS,00851L103,68285,1726123,SH,,SOLE,,1726123,0,0
6,AIRBNB INC,COM CL A,009066101,95420,650000,SH,,SOLE,,650000,0,0
7,AJAX I,UNIT 99/99/9999,G0190X118,24820,2000000,SH,,SOLE,,2000000,0,0
8,ALIBABA GROUP HLDG LTD,SPONSORED ADS,01609W102,1042179,4478062,SH,,SOLE,,4478062,0,0
9,ALTIMETER GROWTH CORP,UNIT 99/99/9999,G0370L124,23400,1800000,SH,,SOLE,,1800000,0,0
10,AMAZON COM INC,COM,023135106,1996808,613095,SH,,SOLE,,613095,0,0
11,AMERICAN WELL CORP,CL A,03044L105,10132,400000,SH,,SOLE,,400000,0,0
12,ANAPLAN INC,COM,03272L108,92030,1280867,SH,,SOLE,,1280867,0,0
13,APOLLO GLOBAL MGMT INC,COM CL A,03768E105,1661083,33913500,SH,,SOLE,,33913500,0,0
14,ASANA INC,CL A,04342Y104,71495,2419454,SH,,SOLE,,2419454,0,0
15,ATLASSIAN CORP PLC,CL A,G06242104,576583,2465400,SH,,SOLE,,2465400,0,0
16,AVALARA INC,COM,05338G106,16489,100000,SH,,SOLE,,100000,0,0
17,BIGCOMMERCE HLDGS INC,COM SER 1,08975P108,86603,1350000,SH,,SOLE,,1350000,0,0
18,C3 AI INC,CL A,12468P104,138750,1000000,SH,,SOLE,,1000000,0,0
19,CARVANA CO,CL A,146869102,1440332,6012907,SH,,SOLE,,6012907,0,0
20,CHINDATA GROUP HLDGS LTD,ADS,16955F107,44326,1850000,SH,,SOLE,,1850000,0,0
21,CLOUDFLARE INC,CL A COM,18915M107,13298,175000,SH,,SOLE,,175000,0,0
22,COUPA SOFTWARE INC,COM,22266L106,225375,665000,SH,,SOLE,,665000,0,0
23,CROWDSTRIKE HLDGS INC,CL A,22788C105,1596487,7537000,SH,,SOLE,,7537000,0,0
24,DADA NEXUS LTD,ADS,23344D108,1825,50000,SH,,SOLE,,50000,0,0
25,DATADOG INC,CL A COM,23804L103,468279,4757000,SH,,SOLE,,4757000,0,0
26,DATTO HLDG CORP,COM,23821D100,40500,1500000,SH,,SOLE,,1500000,0,0
27,DESPEGAR COM CORP,ORD SHS,G27358103,118576,9256550,SH,,SOLE,,9256550,0,0
28,DOCUSIGN INC,COM,256163106,394138,1773000,SH,,SOLE,,1773000,0,0
29,DOORDASH INC,CL A,25809K105,227829,1596000,SH,,SOLE,,1596000,0,0
30,DOUYU INTL HLDGS LTD,SPONSORED ADS,25985W105,4424,400000,SH,,SOLE,,400000,0,0
31,DROPBOX INC,CL A,26210C104,4438,200000,SH,,SOLE,,200000,0,0
32,DUCK CREEK TECHNOLOGIES INC,SHS,264120106,15155,350000,SH,,SOLE,,350000,0,0
33,DYNATRACE INC,COM NEW,268150109,21635,500000,SH,,SOLE,,500000,0,0
34,ELASTIC N V,ORD SHS,N14506104,587420,4019843,SH,,SOLE,,4019843,0,0
35,FACEBOOK INC,CL A,30303M102,1728229,6326800,SH,,SOLE,,6326800,0,0
36,FARMLAND PARTNERS INC,COM,31154R109,387,44502,SH,,SOLE,,44502,0,0
37,FLEETCOR TECHNOLOGIES INC,COM,339041105,176702,647662,SH,,SOLE,,647662,0,0
38,GDS HLDGS LTD,SPONSORED ADS,36165L108,408319,4360516,SH,,SOLE,,4360516,0,0
39,GOODRX HLDGS INC,COM CL A,38246G108,86529,2145000,SH,,SOLE,,2145000,0,0
40,GSX TECHEDU INC,SPONSORED ADS,36257Y109,156204,3020769,SH,,SOLE,,3020769,0,0
41,HEALTH CATALYST INC,COM,42225T107,2177,50000,SH,,SOLE,,50000,0,0
42,HUYA INC,ADS REP SHS A,44852D108,7215,362000,SH,,SOLE,,362000,0,0
43,INTUIT,COM,461202103,84056,221287,SH,,SOLE,,221287,0,0
44,JAMF HLDG CORP,COM,47074L105,83141,2778778,SH,,SOLE,,2778778,0,0
45,JD.COM INC,SPON ADR CL A,47215P106,4540067,51650366,SH,,SOLE,,51650366,0,0
46,JFROG LTD,ORD SHS,M6191J100,62830,1000000,SH,,SOLE,,1000000,0,0
47,KE HLDGS INC,SPONSORED ADS,482497104,153850,2500000,SH,,SOLE,,2500000,0,0
48,KINGSOFT CLOUD HLDGS LTD,ADS,49639K101,436,10000,SH,,SOLE,,10000,0,0
49,LI AUTO INC,SPONSORED ADS,50202M102,10091,350000,SH,,SOLE,,350000,0,0
50,LINX SA,SPONSORED ADS,53619W101,23785,3350000,SH,,SOLE,,3350000,0,0
51,MASTERCARD INCORPORATED,CL A,57636Q104,258425,724000,SH,,SOLE,,724000,0,0
52,MEDALLIA INC,COM,584021109,1661,50000,SH,,SOLE,,50000,0,0
53,MICROSOFT CORP,COM,594918104,2644959,11891734,SH,,SOLE,,11891734,0,0
54,MONGODB INC,CL A,60937P106,29441,82000,SH,,SOLE,,82000,0,0
55,NCINO INC,COM,63947U107,19913,275000,SH,,SOLE,,275000,0,0
56,NETFLIX INC,COM,64110L106,571168,1056290,SH,,SOLE,,1056290,0,0
57,NEW ORIENTAL ED & TECHNOLOGY,SPON ADR,647581107,342541,1843500,SH,,SOLE,,1843500,0,0
58,OAK STR HEALTH INC,COM,67181A107,1529,25000,SH,,SOLE,,25000,0,0
59,ONESMART INTL ED GROUP LTD,SPONSORED ADS,68276W103,1216,320000,SH,,SOLE,,320000,0,0
60,OUTSET MED INC,COM,690145107,3126,55000,SH,,SOLE,,55000,0,0
61,OZON HLDGS PLC,SPONSORED ADS,69269L104,31058,750000,SH,,SOLE,,750000,0,0
62,PAGERDUTY INC,COM,69553P100,6255,150000,SH,,SOLE,,150000,0,0
63,PAYPAL HLDGS INC,COM,70450Y103,209843,896001,SH,,SOLE,,896001,0,0
64,PELOTON INTERACTIVE INC,CL A COM,70614W100,1192179,7857758,SH,,SOLE,,7857758,0,0
65,PHOENIX TREE HLDGS LTD,SPONSORED ADS,719156101,106029,36436075,SH,,SOLE,,36436075,0,0
66,PINDUODUO INC,SPONSORED ADS,722304102,2496808,14053066,SH,,SOLE,,14053066,0,0
67,REDFIN CORP,COM,75737F108,2751,40087,SH,,SOLE,,40087,0,0
68,REINVENT TECHNOLOGY PARTNERS,UNIT 99/99/9999,G7483N111,24500,2000000,SH,,SOLE,,2000000,0,0
69,RINGCENTRAL INC,CL A,76680R206,1260594,3326370,SH,,SOLE,,3326370,0,0
70,SALESFORCE COM INC,COM,79466L302,509304,2288700,SH,,SOLE,,2288700,0,0
71,SEA LTD,SPONSORD ADS,81141R100,1836535,9226500,SH,,SOLE,,9226500,0,0
72,SERVICENOW INC,COM,81762P102,904356,1643000,SH,,SOLE,,1643000,0,0
73,SHOPIFY INC,CL A,82509L107,219390,193816,SH,,SOLE,,193816,0,0
74,SMARTSHEET INC,COM CL A,83200N103,24944,360000,SH,,SOLE,,360000,0,0
75,SNOWFLAKE INC,CL A,833445109,493462,1753597,SH,,SOLE,,1753597,0,0
76,SOLARWINDS CORP,COM,83417Q105,2990,200000,SH,,SOLE,,200000,0,0
77,SPOTIFY TECHNOLOGY S A,SHS,L8681T102,1001882,3184013,SH,,SOLE,,3184013,0,0
78,SQUARE INC,CL A,852234103,88906,408500,SH,,SOLE,,408500,0,0
79,STONECO LTD,COM CL A,G85158106,64265,765783,SH,,SOLE,,765783,0,0
80,SUMO LOGIC INC,COM,86646P103,154080,5391187,SH,,SOLE,,5391187,0,0
81,SUNRUN INC,COM,86771W105,560123,8073257,SH,,SOLE,,8073257,0,0
82,SVMK INC,COM,78489X103,17856,698871,SH,,SOLE,,698871,0,0
83,TAL EDUCATION GROUP,SPONSORED ADS,874080104,412103,5762873,SH,,SOLE,,5762873,0,0
84,TRANSDIGM GROUP INC,COM,893641100,1087471,1757245,SH,,SOLE,,1757245,0,0
85,TWILIO INC,CL A,90138F102,25286,74701,SH,,SOLE,,74701,0,0
86,UBER TECHNOLOGIES INC,COM,90353T100,1411751,27681399,SH,,SOLE,,27681399,0,0
87,VERTEX INC,CL A,92538J106,11326,325000,SH,,SOLE,,325000,0,0
88,VISA INC,COM CL A,92826C839,35653,163000,SH,,SOLE,,163000,0,0
89,WORKDAY INC,CL A,98138H101,988978,4127450,SH,,SOLE,,4127450,0,0
90,XP INC,CL A,G98239109,7934,200000,SH,,SOLE,,200000,0,0
91,XPENG INC,ADS,98422D105,27840,650000,SH,,SOLE,,650000,0,0
92,YALLA GROUP LTD,ADS,98459U103,5016,350000,SH,,SOLE,,350000,0,0
93,YATSEN HLDG LTD,ADS,985194109,97138,5714000,SH,,SOLE,,5714000,0,0
94,ZENDESK INC,COM,98936J101,102188,714000,SH,,SOLE,,714000,0,0
95,ZOOM VIDEO COMMUNICATIONS IN,CL A,98980L101,487418,1444973,SH,,SOLE,,1444973,0,0
96,ZOOMINFO TECHNOLOGIES INC,COM CL A,98980F104,7235,150000,SH,,SOLE,,150000,0,0
