,NAME OF ISSUER,TITLE OF CLASS,CUSIP,(x$1000),PRN AMT,PRN,CALL,DISCRETION,MANAGER,SOLE,SHARED,NONE
0,8X8 INC NEW,COM,282914100,23784,690000,SH,,SOLE,,690000,0,0
1,ARAMARK,COM,03852U106,104133,2706161,SH,,SOLE,,2706161,0,0
2,ARCH CAP GROUP LTD,ORD,G0450A105,32102,890000,SH,,SOLE,,890000,0,0
3,AVALONBAY CMNTYS INC,COM,053484101,10428,65000,SH,,SOLE,,65000,0,0
4,BOOKING HOLDINGS INC,COM,09857L108,60582,27200,SH,,SOLE,,27200,0,0
5,BRISTOL-MYERS SQUIBB CO,RIGHT 99/99/9999,110122157,2484,3600000,SH,,SOLE,,3600000,0,0
6,CHILDRENS PL INC,COM,168905107,451,9000,SH,,SOLE,,9000,0,0
7,ESSENT GROUP LTD,COM,G3198U102,5616,130000,SH,,SOLE,,130000,0,0
8,FLWS/1-800 FLOWERS,CL A,68243Q106,629,24200,SH,,SOLE,,24200,0,0
9,GOODRX HLDGS INC,COM CL A,38246G108,20170,500000,SH,,SOLE,,500000,0,0
10,MELCO RESORTS AND ENTMNT LTD,ADR,585464100,98315,5300000,SH,,SOLE,,5300000,0,0
11,MGIC INVT CORP WIS,COM,552848103,46812,3730000,SH,,SOLE,,3730000,0,0
12,MID-AMER APT CMNTYS INC,COM,59522J103,31936,252079,SH,,SOLE,,252079,0,0
13,NMI HLDGS INC,CL A,629209305,4983,220000,SH,,SOLE,,220000,0,0
14,RADIAN GROUP INC,COM,750236101,55890,2760000,SH,,SOLE,,2760000,0,0
15,SABRE CORP,COM,78573M104,67312,5600000,SH,,SOLE,,5600000,0,0
16,SURGERY PARTNERS INC,COM,86881A100,29010,1000000,SH,,SOLE,,1000000,0,0
17,T-MOBILE US INC,COM,872590104,11894,88200,SH,,SOLE,,88200,0,0
18,VICI PPTYS INC,COM,925652109,37303,1462862,SH,,SOLE,,1462862,0,0
19,WELLS FARGO CO NEW,COM,949746101,9054,300000,SH,,SOLE,,300000,0,0
