,NAME OF ISSUER,TITLE OF CLASS,CUSIP,(x$1000),PRN AMT,PRN,CALL,DISCRETION,MANAGER,SOLE,SHARED,NONE
0,180 DEGREE CAP CORP,COM,68235B109,4354,1961095,SH,,SOLE,,1961095,0,0
1,3M CO,COM,88579Y101,2688,15378,SH,,SOLE,,15378,0,0
2,ABBOTT LABS,COM,002824100,216,1973,SH,,SOLE,,1973,0,0
3,ABBVIE INC,COM,00287Y109,367,3423,SH,,SOLE,,3423,0,0
4,ACCENTURE PLC IRELAND,SHS CLASS A,G1151C101,9311,35644,SH,,SOLE,,35644,0,0
5,ADDUS HOMECARE CORP,COM,006739106,14966,127819,SH,,SOLE,,127819,0,0
6,AGILYSYS INC,COM,00847J105,13236,344859,SH,,SOLE,,344859,0,0
7,AGNC INVT CORP,COM,00123Q104,7415,475299,SH,,SOLE,,475299,0,0
8,AIRGAIN INC,COM,00938A104,1947,109500,SH,,SOLE,,109500,0,0
9,ALAMO GROUP INC,COM,011311107,10075,73034,SH,,SOLE,,73034,0,0
10,ALLIANZGI CONV & INCM 2024 T,COM,01883H102,9071,908023,SH,,SOLE,,908023,0,0
11,ALLIED MOTION TECHNOLOGIES I,COM,019330109,12363,241931,SH,,SOLE,,241931,0,0
12,ALPS ETF TR,ALERIAN MLP,00162Q452,7353,286550,SH,,SOLE,,286550,0,0
13,ALTA EQUIPMENT GROUP INC,COMMON STOCK,02128L106,8160,825866,SH,,SOLE,,825866,0,0
14,ALTA EQUIPMENT GROUP INC,*W EXP 02/14/202,02128L114,200,100000,SH,,SOLE,,100000,0,0
15,AMERCO,COM,023586100,8279,18237,SH,,SOLE,,18237,0,0
16,AMERICAS CAR-MART INC,COM,03062T105,4478,40770,SH,,SOLE,,40770,0,0
17,AMERIPRISE FINL INC,COM,03076C106,7116,36618,SH,,SOLE,,36618,0,0
18,AMGEN INC,COM,031162100,240,1044,SH,,SOLE,,1044,0,0
19,ANNALY CAPITAL MANAGEMENT IN,COM,035710409,86,10160,SH,,SOLE,,10160,0,0
20,ANTHEM INC,COM,036752103,9177,28579,SH,,SOLE,,28579,0,0
21,ARBOR REALTY TRUST INC,COM,038923108,7524,530598,SH,,SOLE,,530598,0,0
22,ARCOSA INC,COM,039653100,9163,166810,SH,,SOLE,,166810,0,0
23,ARES CAPITAL CORP,COM,04010L103,7359,435679,SH,,SOLE,,435679,0,0
24,ARLINGTON ASSET INVST CORP,CL A NEW,041356205,1458,385734,SH,,SOLE,,385734,0,0
25,ASPEN GROUP INC,COM NEW,04530L203,6964,625710,SH,,SOLE,,625710,0,0
26,ASTRONOVA INC,COM,04638F108,4230,397141,SH,,SOLE,,397141,0,0
27,ATLAS CORP,SHARES,Y0436Q109,12108,1116962,SH,,SOLE,,1116962,0,0
28,AVIAT NETWORKS INC,COM NEW,05366Y201,854,25000,SH,,SOLE,,25000,0,0
29,AVID BIOSERVICES INC,COM,05368M106,8637,748450,SH,,SOLE,,748450,0,0
30,AWARE INC MASS,COM,05453N100,3247,927830,SH,,SOLE,,927830,0,0
31,B. RILEY FINANCIAL INC,COM,05580M108,53227,1203675,SH,,SOLE,,1203675,0,0
32,BAR HBR BANKSHARES,COM,066849100,6418,284108,SH,,SOLE,,284108,0,0
33,BARINGS BDC INC,COM,06759L103,29053,3157881,SH,,SOLE,,3157881,0,0
34,BCE INC,COM NEW,05534B760,5666,132384,SH,,SOLE,,132384,0,0
35,BERKSHIRE HATHAWAY INC DEL,CL A,084670108,348,1,SH,,SOLE,,1,0,0
36,BERKSHIRE HATHAWAY INC DEL,CL B NEW,084670702,9937,42854,SH,,SOLE,,42854,0,0
37,BLACKROCK 2022 GBL INCM OPP,COM,09258P104,4384,484935,SH,,SOLE,,484935,0,0
38,BLACKSTONE STRATEGIC CREDIT,COM SHS BEN IN,09257R101,5794,464279,SH,,SOLE,,464279,0,0
39,BLUELINX HLDGS INC,COM NEW,09624H208,23889,816442,SH,,SOLE,,816442,0,0
40,BOEING CO,COM,097023105,4822,22525,SH,,SOLE,,22525,0,0
41,BOSTON SCIENTIFIC CORP,COM,101137107,410,11411,SH,,SOLE,,11411,0,0
42,BOULDER GROWTH & INCOME FD I,COM,101507101,10624,953653,SH,,SOLE,,953653,0,0
43,BRIDGEWATER BANCSHARES INC,COM ACCD INV,108621103,8006,641000,SH,,SOLE,,641000,0,0
44,BRIDGFORD FOODS CORP,COM,108763103,435,23900,SH,,SOLE,,23900,0,0
45,BRIGHTVIEW HLDGS INC,COM,10948C107,7085,468570,SH,,SOLE,,468570,0,0
46,BROADMARK RLTY CAP INC,COM,11135B100,5782,566881,SH,,SOLE,,566881,0,0
47,BRUNSWICK CORP,COM,117043109,8671,113739,SH,,SOLE,,113739,0,0
48,CALAMOS DYNAMIC CONV & INCOM,COM,12811V105,4558,161789,SH,,SOLE,,161789,0,0
49,CALLAWAY GOLF CO,COM,131193104,23186,965676,SH,,SOLE,,965676,0,0
50,CAPITAL SOUTHWEST CORP,COM,140501107,15702,884617,SH,,SOLE,,884617,0,0
51,CAPITALA FIN CORP,COM NEW,14054R502,451,31300,SH,,SOLE,,31300,0,0
52,CARRIER GLOBAL CORPORATION,COM,14448C104,3757,99590,SH,,SOLE,,99590,0,0
53,CELCUITY INC,COM,15102K100,606,66114,SH,,SOLE,,66114,0,0
54,CHANNELADVISOR CORP,COM,159179100,1758,110000,SH,,SOLE,,110000,0,0
55,CHARLES & COLVARD LTD,COM,159765106,214,174000,SH,,SOLE,,174000,0,0
56,CINTAS CORP,COM,172908105,8927,25255,SH,,SOLE,,25255,0,0
57,COLUMBUS MCKINNON CORP N Y,COM,199333105,11047,287378,SH,,SOLE,,287378,0,0
58,COMMUNICATIONS SYS INC,COM,203900105,2242,490491,SH,,SOLE,,490491,0,0
59,CRESCENT CAP BDC INC,COM,225655109,4020,275932,SH,,SOLE,,275932,0,0
60,CSW INDUSTRIALS INC,COM,126402106,12758,114004,SH,,SOLE,,114004,0,0
61,CULP INC,COM,230215105,4589,289133,SH,,SOLE,,289133,0,0
62,CVS HEALTH CORP,COM,126650100,4386,64210,SH,,SOLE,,64210,0,0
63,CYBEROPTICS CORP,COM,232517102,1908,84068,SH,,SOLE,,84068,0,0
64,DEERE & CO,COM,244199105,7694,28597,SH,,SOLE,,28597,0,0
65,DELAWARE INVTS MINN MUN INCO,COM,24610V103,236,18000,SH,,SOLE,,18000,0,0
66,DELUXE CORP,COM,248019101,7232,247681,SH,,SOLE,,247681,0,0
67,DHI GROUP INC,COM,23331S100,3679,1657130,SH,,SOLE,,1657130,0,0
68,DIAMOND HILL INVT GROUP INC,COM NEW,25264R207,2030,13600,SH,,SOLE,,13600,0,0
69,DIGI INTL INC,COM,253798102,19208,1016308,SH,,SOLE,,1016308,0,0
70,DISNEY WALT CO,COM,254687106,14170,78211,SH,,SOLE,,78211,0,0
71,DLH HLDGS CORP,COM,23335Q100,6933,743900,SH,,SOLE,,743900,0,0
72,DOLBY LABORATORIES INC,COM CL A,25659T107,207,2130,SH,,SOLE,,2130,0,0
73,DOUBLELINE YIELD OPPORTUNITI,COM,25862D105,5172,279435,SH,,SOLE,,279435,0,0
74,DOUGLAS DYNAMICS INC,COM,25960R105,11274,263588,SH,,SOLE,,263588,0,0
75,DSP GROUP INC,COM,23332B106,2961,178500,SH,,SOLE,,178500,0,0
76,EATON VANCE TX ADV GLBL DIV,COM,27828S101,8769,480513,SH,,SOLE,,480513,0,0
77,ECOLAB INC,COM,278865100,1115,5153,SH,,SOLE,,5153,0,0
78,ELECTROMED INC,COM,285409108,2789,284305,SH,,SOLE,,284305,0,0
79,EMERSON ELEC CO,COM,291011104,203,2532,SH,,SOLE,,2532,0,0
80,ENSTAR GROUP LIMITED,SHS,G3075P101,9695,47318,SH,,SOLE,,47318,0,0
81,EQUITY COMWLTH,COM SH BEN INT,294628102,3779,138535,SH,,SOLE,,138535,0,0
82,ETSY INC,COM,29786A106,22046,123919,SH,,SOLE,,123919,0,0
83,EXANTAS CAP CORP,COM NEW,30068N105,995,249470,SH,,SOLE,,249470,0,0
84,FARMERS NATIONAL BANC CORP,COM,309627107,3343,251901,SH,,SOLE,,251901,0,0
85,FARO TECHNOLOGIES INC,COM,311642102,10961,155193,SH,,SOLE,,155193,0,0
86,FERRO CORP,COM,315405100,12598,861120,SH,,SOLE,,861120,0,0
87,FIBROGEN INC,COM,31572Q808,334,9000,SH,,SOLE,,9000,0,0
88,FIRST TR ENERGY INFRASTRCTR,COM,33738C103,4468,426338,SH,,SOLE,,426338,0,0
89,FIRST TR HIGH YIELD OPPRT 20,COM,33741Q107,6144,302350,SH,,SOLE,,302350,0,0
90,FIRST TR MLP & ENERGY INCOM,COM,33739B104,2135,367435,SH,,SOLE,,367435,0,0
91,FIRST WESTN FINL INC,COM,33751L105,5029,257000,SH,,SOLE,,257000,0,0
92,FISERV INC,COM,337738108,9391,82477,SH,,SOLE,,82477,0,0
93,FRANCHISE GROUP INC,COM,35180X105,11136,365704,SH,,SOLE,,365704,0,0
94,FRANKLIN COVEY CO,COM,353469109,11511,516899,SH,,SOLE,,516899,0,0
95,GABELLI GLOBAL SMALL & MID C,COM,36249W104,480,36773,SH,,SOLE,,36773,0,0
96,GENTHERM INC,COM,37253A103,9967,152823,SH,,SOLE,,152823,0,0
97,GLOBAL MED REIT INC,COM NEW,37954A204,1580,121000,SH,,SOLE,,121000,0,0
98,GLOBAL SHIP LEASE INC NEW,COM CL A,Y27183600,10170,855379,SH,,SOLE,,855379,0,0
99,GLOBE LIFE INC,COM,37959E102,419,4410,SH,,SOLE,,4410,0,0
100,GREAT ELM GROUP INC,COM NEW,39037G109,1722,598000,SH,,SOLE,,598000,0,0
101,GREEN BRICK PARTNERS INC,COM,392709101,29965,1305117,SH,,SOLE,,1305117,0,0
102,HACKETT GROUP INC,COM,404609109,14560,1011837,SH,,SOLE,,1011837,0,0
103,HARVARD BIOSCIENCE INC,COM,416906105,6915,1611835,SH,,SOLE,,1611835,0,0
104,HEALTHSTREAM INC,COM,42222N103,518,23737,SH,,SOLE,,23737,0,0
105,HERITAGE CRYSTAL CLEAN INC,COM,42726M106,5702,270600,SH,,SOLE,,270600,0,0
106,HERITAGE GLOBAL INC,COM,42727E103,5742,2158630,SH,,SOLE,,2158630,0,0
107,HOOKER FURNITURE CORP,COM,439038100,12838,398065,SH,,SOLE,,398065,0,0
108,HORMEL FOODS CORP,COM,440452100,4985,106942,SH,,SOLE,,106942,0,0
109,LUMENT FINANCE TRUST INC,COM,55025L108,3189,975205,SH,,SOLE,,975205,0,0
110,IAC INTERACTIVECORP NEW,COM,44891N109,7060,37285,SH,,SOLE,,37285,0,0
111,IEC ELECTRS CORP NEW,COM,44949L105,12167,897900,SH,,SOLE,,897900,0,0
112,IES HLDGS INC,COM,44951W106,3338,72500,SH,,SOLE,,72500,0,0
113,INFUSYSTEM HLDGS INC,COM,45685K102,7876,419391,SH,,SOLE,,419391,0,0
114,INTEL CORP,COM,458140100,766,15372,SH,,SOLE,,15372,0,0
115,INVACARE CORP,COM,461203101,8482,947730,SH,,SOLE,,947730,0,0
116,ISHARES INC,CORE MSCI EMKT,46434G103,4043,65173,SH,,SOLE,,65173,0,0
117,ISHARES TR,CORE MSCI EURO,46434V738,11070,215879,SH,,SOLE,,215879,0,0
118,ISHARES TR,CORE S&P500 ETF,464287200,20,52,SH,,SOLE,,52,0,0
119,ISHARES TR,CORE S&P SCP ETF,464287804,74,800,SH,,SOLE,,800,0,0
120,ISHARES TR,CORE S&P US GWT,464287671,35,390,SH,,SOLE,,390,0,0
121,ISHARES TR,CORE US AGGBD ET,464287226,34,285,SH,,SOLE,,285,0,0
122,ISHARES TR,DOW JONES US ETF,464287846,5,50,SH,,SOLE,,50,0,0
123,ISHARES TR,MICRO-CAP ETF,464288869,60,505,SH,,SOLE,,505,0,0
124,ISHARES TR,MRGSTR MD CP GRW,464288307,1917,5012,SH,,SOLE,,5012,0,0
125,ISHARES TR,MSCI EAFE ETF,464287465,360,4932,SH,,SOLE,,4932,0,0
126,ISHARES TR,MSCI EMG MKT ETF,464287234,341,6603,SH,,SOLE,,6603,0,0
127,ISHARES TR,MSCI KLD400 SOC,464288570,36,497,SH,,SOLE,,497,0,0
128,ISHARES TR,MSCI USA ESG SLC,464288802,119,1445,SH,,SOLE,,1445,0,0
129,ISHARES TR,RUS 2000 GRW ETF,464287648,778,2714,SH,,SOLE,,2714,0,0
130,ISHARES TR,RUSSELL 2000 ETF,464287655,33,169,SH,,SOLE,,169,0,0
131,ISHARES TR,S&P 500 GRWT ETF,464287309,25494,399460,SH,,SOLE,,399460,0,0
132,ISHARES TR,S&P 500 VAL ETF,464287408,6331,49452,SH,,SOLE,,49452,0,0
133,ISHARES TR,SHORT TREAS BD,464288679,37,335,SH,,SOLE,,335,0,0
134,ISHARES TR,US OIL EQ&SV ETF,464288844,8,734,SH,,SOLE,,734,0,0
135,ISSUER DIRECT CORP,COM NEW,46520M204,797,45500,SH,,SOLE,,45500,0,0
136,JOHNSON & JOHNSON,COM,478160104,6899,43840,SH,,SOLE,,43840,0,0
137,JPMORGAN CHASE & CO,COM,46625H100,9368,73727,SH,,SOLE,,73727,0,0
138,KIMBALL ELECTRONICS INC,COM,49428J109,8579,536550,SH,,SOLE,,536550,0,0
139,KIMBALL INTL INC,CL B,494274103,4793,401066,SH,,SOLE,,401066,0,0
140,KIMBERLY-CLARK CORP,COM,494368103,220,1634,SH,,SOLE,,1634,0,0
141,KINGSTONE COS INC,COM,496719105,3409,512569,SH,,SOLE,,512569,0,0
142,LAWSON PRODS INC,COM,520776105,6518,128035,SH,,SOLE,,128035,0,0
143,LEAF GROUP LTD,COM,52177G102,6582,1415389,SH,,SOLE,,1415389,0,0
144,LENDINGTREE INC NEW,COM,52603B107,3731,13627,SH,,SOLE,,13627,0,0
145,LILLY ELI & CO,COM,532457108,1838,10888,SH,,SOLE,,10888,0,0
146,LINCOLN EDL SVCS CORP,COM,533535100,132,20300,SH,,SOLE,,20300,0,0
147,LITHIA MTRS INC,CL A,536797103,12955,44266,SH,,SOLE,,44266,0,0
148,LUNA INNOVATIONS,COM,550351100,5889,596050,SH,,SOLE,,596050,0,0
149,MADDEN STEVEN LTD,COM,556269108,6379,180598,SH,,SOLE,,180598,0,0
150,MALIBU BOATS INC,COM CL A,56117J100,19130,306381,SH,,SOLE,,306381,0,0
151,MASTERCRAFT BOAT HLDGS INC,COM,57637H103,12146,488972,SH,,SOLE,,488972,0,0
152,MCDONALDS CORP,COM,580135101,403,1880,SH,,SOLE,,1880,0,0
153,MEDTRONIC PLC,SHS,G5960L103,324,2769,SH,,SOLE,,2769,0,0
154,MICROSOFT CORP,COM,594918104,13250,59574,SH,,SOLE,,59574,0,0
155,MTBC INC,COM,55378G102,749,82600,SH,,SOLE,,82600,0,0
156,NORTHERN TECHNOLOGIES INTL C,COM,665809109,4062,384614,SH,,SOLE,,384614,0,0
157,NOVANTA INC,COM,67000B104,8093,68454,SH,,SOLE,,68454,0,0
158,NUVEEN PFD & INCOME TERM FD,COM,67075A106,3498,142142,SH,,SOLE,,142142,0,0
159,NVE CORP,COM NEW,629445206,3212,57172,SH,,SOLE,,57172,0,0
160,OAKTREE SPECIALTY LENDING CO,COM,67401P108,6460,1159803,SH,,SOLE,,1159803,0,0
161,OAKTREE STRATEGIC INCOME COR,COM,67402D104,2794,360520,SH,,SOLE,,360520,0,0
162,OIL DRI CORP AMER,COM,677864100,3432,100692,SH,,SOLE,,100692,0,0
163,ORACLE CORP,COM,68389X105,7461,115331,SH,,SOLE,,115331,0,0
164,PAR PAC HOLDINGS INC,COM NEW,69888T207,10200,729647,SH,,SOLE,,729647,0,0
165,PAYPAL HLDGS INC,COM,70450Y103,784,3348,SH,,SOLE,,3348,0,0
166,PERMA-FIX ENVIRONMENTAL SVCS,COM NEW,714157203,1791,300000,SH,,SOLE,,300000,0,0
167,PFIZER INC,COM,717081103,722,19617,SH,,SOLE,,19617,0,0
168,PHIBRO ANIMAL HEALTH CORP,CL A COM,71742Q106,6740,347071,SH,,SOLE,,347071,0,0
169,PHILIP MORRIS INTL INC,COM,718172109,258,3120,SH,,SOLE,,3120,0,0
170,PIMCO ENRGY TACTICAL CR OPP,COM SHS BEN INT,69346N107,5454,674978,SH,,SOLE,,674978,0,0
171,PLUMAS BANCORP,COM,729273102,720,30640,SH,,SOLE,,30640,0,0
172,PORTMAN RIDGE FIN CORP,COM,73688F102,1644,860912,SH,,SOLE,,860912,0,0
173,POSTAL REALTY TRUST INC,CL A,73757R102,4347,257529,SH,,SOLE,,257529,0,0
174,POWERFLEET INC,COM,73931J109,4332,583056,SH,,SOLE,,583056,0,0
175,PRGX GLOBAL INC,COM NEW,69357C503,6334,830185,SH,,SOLE,,830185,0,0
176,PROCTER AND GAMBLE CO,COM,742718109,394,2830,SH,,SOLE,,2830,0,0
177,PRO-DEX INC COLO,COM NEW,74265M205,619,20000,SH,,SOLE,,20000,0,0
178,PZENA INVT MGMT INC,CLASS A,74731Q103,14059,1925949,SH,,SOLE,,1925949,0,0
179,QUEST RESOURCE HLDG CORP,COM NEW,74836W203,366,160000,SH,,SOLE,,160000,0,0
180,RADNET INC,COM,750491102,12863,657299,SH,,SOLE,,657299,0,0
181,RANPAK HOLDINGS CORP,COM CL A,75321W103,11692,869935,SH,,SOLE,,869935,0,0
182,REPUBLIC SVCS INC,COM,760759100,7326,76078,SH,,SOLE,,76078,0,0
183,RF INDS LTD,COM PAR $0.01,749552105,2160,440000,SH,,SOLE,,440000,0,0
184,RIVERNORTH DOUBLELINE STRATE,COM,76882G107,10855,758049,SH,,SOLE,,758049,0,0
185,ROYCE MICRO-CAP TR INC,COM,780915104,10385,1026153,SH,,SOLE,,1026153,0,0
186,ROYCE VALUE TR INC,COM,780910105,10752,666162,SH,,SOLE,,666162,0,0
187,SAFEGUARD SCIENTIFICS INC,COM NEW,786449207,1052,164830,SH,,SOLE,,164830,0,0
188,SB FINL GROUP INC,COM,78408D105,5101,279050,SH,,SOLE,,279050,0,0
189,SCRIPPS E W CO OHIO,CL A NEW,811054402,8794,575121,SH,,SOLE,,575121,0,0
190,SELECT INTERIOR CONCEPTS INC,CL A,816120307,3289,460000,SH,,SOLE,,460000,0,0
191,SELECT SECTOR SPDR TR,SBI HEALTHCARE,81369Y209,203,1790,SH,,SOLE,,1790,0,0
192,SILVERCREST ASSET MGMT GROUP,CL A,828359109,4835,348107,SH,,SOLE,,348107,0,0
193,SIMULATIONS PLUS INC,COM,829214105,7329,101901,SH,,SOLE,,101901,0,0
194,SLEEP NUMBER CORP,COM,83125X103,13279,162218,SH,,SOLE,,162218,0,0
195,SMITH MIDLAND CORP,COM,832156103,2183,231000,SH,,SOLE,,231000,0,0
196,SMTC CORP,COM NEW,832682207,1258,253600,SH,,SOLE,,253600,0,0
197,SOLAR CAP LTD,COM,83413U100,8883,507323,SH,,SOLE,,507323,0,0
198,SOLAR SR CAP LTD,COM,83416M105,152,10525,SH,,SOLE,,10525,0,0
199,SPDR GOLD TR,GOLD SHS,78463V107,684,3837,SH,,SOLE,,3837,0,0
200,SPDR S&P 500 ETF TR,TR UNIT,78462F103,1947,5207,SH,,SOLE,,5207,0,0
201,SS&C TECHNOLOGIES HLDGS INC,COM,78467J100,7924,108927,SH,,SOLE,,108927,0,0
202,STONECASTLE FINL CORP,COM,861780104,10822,562198,SH,,SOLE,,562198,0,0
203,STONEX GROUP INC,COM,861896108,34371,593618,SH,,SOLE,,593618,0,0
204,STRYKER CORPORATION,COM,863667101,302,1234,SH,,SOLE,,1234,0,0
205,SUPERIOR GROUP OF CO INC,COM,868358102,3211,138175,SH,,SOLE,,138175,0,0
206,TARGET CORP,COM,87612E106,10462,59264,SH,,SOLE,,59264,0,0
207,TECHTARGET INC,COM,87874R100,14972,253296,SH,,SOLE,,253296,0,0
208,TEKLA HEALTHCARE INVS,SH BEN INT,87911J103,9794,411015,SH,,SOLE,,411015,0,0
209,TORTOISE ESSENTIAL ASSETS IN,COM SH BEN INT,89148A103,6706,513458,SH,,SOLE,,513458,0,0
210,TORTOISE PIPELINE & ENERGY F,COM,89148H207,2171,127711,SH,,SOLE,,127711,0,0
211,TRANSACT TECHNOLOGIES INC,COM,892918103,1791,252200,SH,,SOLE,,252200,0,0
212,TRANSCAT INC,COM,893529107,8944,257900,SH,,SOLE,,257900,0,0
213,UFP TECHNOLOGIES INC,COM,902673102,6151,132000,SH,,SOLE,,132000,0,0
214,UNITEDHEALTH GROUP INC,COM,91324P102,13459,38381,SH,,SOLE,,38381,0,0
215,UNIVERSAL TECHNICAL INST INC,COM,913915104,4935,763870,SH,,SOLE,,763870,0,0
216,US BANCORP DEL,COM NEW,902973304,718,15414,SH,,SOLE,,15414,0,0
217,VANGUARD INDEX FDS,GROWTH ETF,922908736,119,471,SH,,SOLE,,471,0,0
218,VANGUARD INDEX FDS,S&P 500 ETF SHS,922908363,12,35,SH,,SOLE,,35,0,0
219,VANGUARD INDEX FDS,SMALL CP ETF,922908751,11,57,SH,,SOLE,,57,0,0
220,VANGUARD INDEX FDS,SM CP VAL ETF,922908611,542,3813,SH,,SOLE,,3813,0,0
221,VANGUARD INDEX FDS,TOTAL STK MKT,922908769,82,422,SH,,SOLE,,422,0,0
222,VAREX IMAGING CORP,COM,92214X106,2096,125683,SH,,SOLE,,125683,0,0
223,VERIZON COMMUNICATIONS INC,COM,92343V104,6063,103204,SH,,SOLE,,103204,0,0
224,VIEMED HEALTHCARE INC,COM,92663R105,473,61000,SH,,SOLE,,61000,0,0
225,WASTE MGMT INC DEL,COM,94106L109,7710,65378,SH,,SOLE,,65378,0,0
226,WAYSIDE TECHNOLOGY GROUP INC,COM,946760105,357,18700,SH,,SOLE,,18700,0,0
227,WELLS FARGO CO NEW,COM,949746101,307,10160,SH,,SOLE,,10160,0,0
228,WESTERN ASSET GLOBAL CP DEFI,COM,95790C107,7067,390458,SH,,SOLE,,390458,0,0
229,WESTERN ASSET HIGH YIELD DEF,COM,95768B107,9884,641004,SH,,SOLE,,641004,0,0
230,WESTERN ASSET MTG CAP CORP,COM,95790D105,131,40300,SH,,SOLE,,40300,0,0
231,WEYERHAEUSER CO MTN BE,COM NEW,962166104,6866,204775,SH,,SOLE,,204775,0,0
232,WILLIAMS COS INC,COM,969457100,5855,292030,SH,,SOLE,,292030,0,0
233,XPEL INC,COM,98379L100,12952,251200,SH,,SOLE,,251200,0,0
234,ZYNEX INC,COM,98986M103,5800,430875,SH,,SOLE,,430875,0,0
