,NAME OF ISSUER,TITLE OF CLASS,CUSIP,(x$1000),PRN AMT,PRN,CALL,DISCRETION,MANAGER,SOLE,SHARED,NONE
0,908 DEVICES INC,COM,65443P102,1139,20000,SH,,SOLE,,20000,0,0
1,ACCELERON PHARMA INC,COM,00434H108,1775,13872,SH,,SOLE,,13872,0,0
2,ADAPTIVE BIOTECHNOLOGIES COR,COM,00650F109,1776,30028,SH,,SOLE,,30028,0,0
3,AGIOS PHARMACEUTICALS INC,COM,00847X104,2979,68752,SH,,SOLE,,68752,0,0
4,ALECTOR INC,COM,014442107,851,56240,SH,,SOLE,,56240,0,0
5,ALIBABA GROUP HLDG LTD,SPONSORED ADS,01609W102,111576,479421,SH,,SOLE,,479421,0,0
6,ALKERMES PLC,SHS,G01767105,3246,162716,SH,,SOLE,,162716,0,0
7,ALLY FINL INC,COM,02005N100,236066,6619915,SH,,SOLE,,5982251,0,637664
8,ALPHABET INC,CAP STK CL A,02079K305,48587,27722,SH,,SOLE,,20965,0,6757
9,ALPHABET INC,CAP STK CL C,02079K107,90761,51808,SH,,SOLE,,51808,0,0
10,AMBARELLA INC,SHS,G037AX101,21339,232405,SH,,SOLE,,189143,0,43262
11,AMERICAN EAGLE OUTFITTERS IN,COM,02553E106,63532,3165500,SH,,SOLE,,2669326,0,496174
12,AMERISOURCEBERGEN CORP,COM,03073E105,83,845,SH,,SOLE,,845,0,0
13,AMGEN INC,COM,031162100,82,358,SH,,SOLE,,358,0,0
14,ANALOG DEVICES INC,COM,032654105,2681,18145,SH,,SOLE,,18145,0,0
15,APPIAN CORP,CL A,03782L101,809,4993,SH,,SOLE,,4993,0,0
16,APPLE INC,COM,037833100,1697,12788,SH,,SOLE,,12788,0,0
17,ARCTURUS THERAPEUTICS HLDGS,COM,03969T109,1923,44333,SH,,SOLE,,44333,0,0
18,ARCUS BIOSCIENCES INC,COM,03969F109,2260,87058,SH,,SOLE,,87058,0,0
19,ASLAN PHARMACEUTICALS LTD,ADS,04522R101,942,514984,SH,,SOLE,,514984,0,0
20,ASSEMBLY BIOSCIENCES INC,COM,045396108,4972,821886,SH,,SOLE,,821886,0,0
21,ATRECA INC,CL A COM,04965G109,1934,119751,SH,,SOLE,,119751,0,0
22,AVIDITY BIOSCIENCES INC,COM,05370A108,383,15000,SH,,SOLE,,15000,0,0
23,BARRICK GOLD CORP,COM,067901108,107035,4698629,SH,,SOLE,,4033167,0,665462
24,BIO RAD LABS INC,CL A,090572207,2346,4024,SH,,SOLE,,4024,0,0
25,BIOATLA INC,COM,09077B104,2381,70000,SH,,SOLE,,70000,0,0
26,BIOCRYST PHARMACEUTICALS INC,COM,09058V103,3413,458075,SH,,SOLE,,458075,0,0
27,BIONTECH SE,SPONSORED ADS,09075V102,16641,204139,SH,,SOLE,,204139,0,0
28,BLUEBIRD BIO INC,COM,09609G100,23174,535573,SH,,SOLE,,470883,0,64690
29,BLUEPRINT MEDICINES CORP,COM,09627Y109,3042,27121,SH,,SOLE,,27121,0,0
30,BOINGO WIRELESS INC,COM,09739C102,1503,118198,SH,,SOLE,,118198,0,0
31,BOOKING HOLDINGS INC,COM,09857L108,239790,107661,SH,,SOLE,,93221,0,14440
32,CANADA GOOSE HLDGS INC,SHS SUB VTG,135086106,3488,117149,SH,,SOLE,,117149,0,0
33,CARDINAL HEALTH INC,COM,14149Y108,3182,59419,SH,,SOLE,,59419,0,0
34,CARRIER GLOBAL CORPORATION,COM,14448C104,83585,2215933,SH,,SOLE,,2049486,0,166447
35,CARVANA CO,CL A,146869102,11669,48714,SH,,SOLE,,48714,0,0
36,CEDAR FAIR L P,DEPOSITRY UNIT,150185106,7366,187233,SH,,SOLE,,187233,0,0
37,CENTOGENE N V,COM,N1976T109,4413,409388,SH,,SOLE,,409388,0,0
38,CIENA CORP,COM NEW,171779309,870,16465,SH,,SOLE,,16465,0,0
39,CISCO SYS INC,COM,17275R102,1598,35700,SH,,SOLE,,35700,0,0
40,COGENT BIOSCIENCES INC,COM,19240Q201,5342,475705,SH,,SOLE,,450872,0,24833
41,COHERUS BIOSCIENCES INC,COM,19249H103,2469,142034,SH,,SOLE,,142034,0,0
42,CREDIT ACCEP CORP MICH,COM,225310101,43,123,SH,,SOLE,,123,0,0
43,CUREVAC N V,COM,N2451R105,1348,16623,SH,,SOLE,,16623,0,0
44,CYTOMX THERAPEUTICS INC,COM,23284F105,1988,303465,SH,,SOLE,,303465,0,0
45,DENALI THERAPEUTICS INC,COM,24823R105,2579,30791,SH,,SOLE,,30791,0,0
46,DISCOVERY INC,COM SER A,25470F104,86,2865,SH,,SOLE,,2865,0,0
47,DISH NETWORK CORPORATION,CL A,25470M109,215,6644,SH,,SOLE,,6644,0,0
48,EBAY INC.,COM,278642103,1140,22679,SH,,SOLE,,22679,0,0
49,EQUIFAX INC,COM,294429105,35417,183659,SH,,SOLE,,183659,0,0
50,ESPERION THERAPEUTICS INC NE,COM,29664W105,40635,1562869,SH,,SOLE,,1383753,0,179116
51,FACEBOOK INC,CL A,30303M102,143591,525667,SH,,SOLE,,470691,0,54976
52,FEDEX CORP,COM,31428X106,151197,582377,SH,,SOLE,,488478,0,93899
53,FIVE PRIME THERAPEUTICS INC,COM,33830X104,4104,241243,SH,,SOLE,,241243,0,0
54,FOX CORP,CL A COM,35137L105,43,1473,SH,,SOLE,,1473,0,0
55,FREEPORT-MCMORAN INC,CL B,35671D857,129886,4991758,SH,,SOLE,,4036147,0,955611
56,FULCRUM THERAPEUTICS INC,COM,359616109,978,83550,SH,,SOLE,,83550,0,0
57,GENERAL ELECTRIC CO,COM,369604103,333833,30910503,SH,,SOLE,,26619508,0,4290995
58,GENETRON HLDGS LTD,ADS,37186H100,5886,420444,SH,,SOLE,,420444,0,0
59,GILEAD SCIENCES INC,COM,375558103,92037,1579756,SH,,SOLE,,1379301,0,200455
60,GOLDMAN SACHS GROUP INC,COM,38141G104,84,320,SH,,SOLE,,320,0,0
61,HANESBRANDS INC,COM,410345102,88,6059,SH,,SOLE,,6059,0,0
62,HCA HEALTHCARE INC,COM,40412C101,81,490,SH,,SOLE,,490,0,0
63,HUAZHU GROUP LTD,SPONSORED ADS,44332N106,112642,2501484,SH,,SOLE,,2501484,0,0
64,HUTCHISON CHINA MEDITECH LTD,SPONSORED ADR,44842L103,2723,85055,SH,,SOLE,,85055,0,0
65,IDEAYA BIOSCIENCES INC,COM,45166A102,2704,193123,SH,,SOLE,,193123,0,0
66,IHS MARKIT LTD,SHS,G47567105,8952,99660,SH,,SOLE,,99660,0,0
67,IMMATICS N.V,SHS,N44445109,2470,228960,SH,,SOLE,,228960,0,0
68,INFINITY PHARMACEUTICALS INC,COM,45665G303,1602,755593,SH,,SOLE,,755593,0,0
69,INHIBRX INC,COM,45720L107,1982,60105,SH,,SOLE,,60105,0,0
70,INOVALON HLDGS INC,COM CL A,45781D101,160,8800,SH,,SOLE,,8800,0,0
71,INTEL CORP,COM,458140100,1690,33932,SH,,SOLE,,33932,0,0
72,INTELLIA THERAPEUTICS INC,COM,45826J105,2446,44963,SH,,SOLE,,44963,0,0
73,INTERNATIONAL BUSINESS MACHS,COM,459200101,169,1343,SH,,SOLE,,1343,0,0
74,ITAU UNIBANCO HLDG S A,SPON ADR REP PFD,465562106,41,6784,SH,,SOLE,,6784,0,0
75,JD.COM INC,SPON ADR CL A,47215P106,63852,726417,SH,,SOLE,,726417,0,0
76,JOHNSON & JOHNSON,COM,478160104,4012,25495,SH,,SOLE,,25495,0,0
77,JOYY INC,ADS REPSTG COM A,46591M109,39,483,SH,,SOLE,,483,0,0
78,KOHLS CORP,COM,500255104,8802,216311,SH,,SOLE,,216311,0,0
79,LAM RESEARCH CORP,COM,512807108,74223,157162,SH,,SOLE,,139271,0,17891
80,LEAP THERAPEUTICS INC,COM,52187K101,2397,1065259,SH,,SOLE,,1065259,0,0
81,LIBERTY GLOBAL PLC,SHS CL A,G5480U104,358,14800,SH,,SOLE,,14800,0,0
82,LIVANOVA PLC,SHS,G5509L101,2755,41603,SH,,SOLE,,41603,0,0
83,LIVERAMP HLDGS INC,COM,53815P108,245,3347,SH,,SOLE,,3347,0,0
84,LOUISIANA PAC CORP,COM,546347105,76169,2049200,SH,,SOLE,,1841710,0,207490
85,LUMEN TECHNOLOGIES INC,COM,156700106,594,60907,SH,,SOLE,,60907,0,0
86,LYONDELLBASELL INDUSTRIES N,SHS - A -,N53745100,64829,707276,SH,,SOLE,,570681,0,136595
87,MAGELLAN MIDSTREAM PRTNRS LP,COM UNIT RP LP,559080106,82,1941,SH,,SOLE,,1941,0,0
88,MAGENTA THERAPEUTICS INC,COM,55910K108,2816,359133,SH,,SOLE,,359133,0,0
89,MANULIFE FINL CORP,COM,56501R106,89,4999,SH,,SOLE,,4999,0,0
90,MEDALLIA INC,COM,584021109,67467,2030927,SH,,SOLE,,1750054,0,280873
91,MELCO RESORTS AND ENTMNT LTD,ADR,585464100,50384,2716126,SH,,SOLE,,2716126,0,0
92,MERCK & CO. INC,COM,58933Y105,119,1452,SH,,SOLE,,1452,0,0
93,MERSANA THERAPEUTICS INC,COM,59045L106,2951,110906,SH,,SOLE,,110906,0,0
94,MERUS N V,COM,N5749R100,4018,229233,SH,,SOLE,,229233,0,0
95,MICROCHIP TECHNOLOGY INC.,COM,595017104,286513,2074524,SH,,SOLE,,1851472,0,223052
96,MICRON TECHNOLOGY INC,COM,595112103,315158,4192043,SH,,SOLE,,3710122,0,481921
97,MICROSOFT CORP,COM,594918104,5560,24998,SH,,SOLE,,24998,0,0
98,MODERNA INC,COM,60770K107,1171,11207,SH,,SOLE,,11207,0,0
99,MOMO INC,ADR,60879B107,86,6167,SH,,SOLE,,6167,0,0
100,MOTOROLA SOLUTIONS INC,COM NEW,620076307,273,1606,SH,,SOLE,,1606,0,0
101,MYOVANT SCIENCES LTD,COM,G637AM102,6189,224083,SH,,SOLE,,224083,0,0
102,NANOSTRING TECHNOLOGIES INC,COM,63009R109,18069,270172,SH,,SOLE,,239053,0,31119
103,NIELSEN HLDGS PLC,SHS EUR,G6518L108,355,17000,SH,,SOLE,,17000,0,0
104,NOAH HLDGS LTD,SPON ADS CL A,65487X102,81624,1707263,SH,,SOLE,,1707263,0,0
105,OMNICOM GROUP INC,COM,681919106,85,1364,SH,,SOLE,,1364,0,0
106,ONECONNECT FINL TECHNOLOGY C,SPONSORED ADS,68248T105,37266,1890739,SH,,SOLE,,1890739,0,0
107,ORACLE CORP,COM,68389X105,2062,31874,SH,,SOLE,,31874,0,0
108,ORCHARD THERAPEUTICS PLC,ADS,68570P101,2920,675969,SH,,SOLE,,675969,0,0
109,OVID THERAPEUTICS INC,COM,690469101,917,396870,SH,,SOLE,,396870,0,0
110,PACIFIC BIOSCIENCES CALIF IN,COM,69404D108,11420,440260,SH,,SOLE,,408716,0,31544
111,PAYPAL HLDGS INC,COM,70450Y103,3068,13099,SH,,SOLE,,13099,0,0
112,PERKINELMER INC,COM,714046109,2035,14180,SH,,SOLE,,14180,0,0
113,PETROLEO BRASILEIRO SA PETRO,SPONSORED ADR,71654V408,85,7531,SH,,SOLE,,7531,0,0
114,PIERIS PHARMACEUTICALS INC,COM,720795103,1272,508768,SH,,SOLE,,508768,0,0
115,PLANET FITNESS INC,CL A,72703H101,14485,186591,SH,,SOLE,,186591,0,0
116,PROTHENA CORP PLC,SHS,G72800108,1540,128223,SH,,SOLE,,128223,0,0
117,PRUDENTIAL FINL INC,COM,744320102,85,1088,SH,,SOLE,,1088,0,0
118,QUANTERIX CORP,COM,74766Q101,14806,318410,SH,,SOLE,,294919,0,23491
119,ROKU INC,COM CL A,77543R102,1880,5661,SH,,SOLE,,5661,0,0
120,SANGAMO THERAPEUTICS INC,COM,800677106,3407,218336,SH,,SOLE,,218336,0,0
121,SCHLUMBERGER LTD,COM,806857108,121,5551,SH,,SOLE,,5551,0,0
122,SEAWORLD ENTMT INC,COM,81282V100,7157,226546,SH,,SOLE,,226546,0,0
123,SIGNET JEWELERS LIMITED,SHS,G81276100,7891,289383,SH,,SOLE,,289383,0,0
124,SIX FLAGS ENTMT CORP NEW,COM,83001A102,8263,242308,SH,,SOLE,,242308,0,0
125,SKYWORKS SOLUTIONS INC,COM,83088M102,98326,643155,SH,,SOLE,,537194,0,105961
126,STARBUCKS CORP,COM,855244109,7237,67648,SH,,SOLE,,67648,0,0
127,STEEL DYNAMICS INC,COM,858119100,32656,885714,SH,,SOLE,,885714,0,0
128,STORE CAP CORP,COM,862121100,82,2414,SH,,SOLE,,2414,0,0
129,SYNEOS HEALTH INC,CL A,87166B102,3259,47839,SH,,SOLE,,47839,0,0
130,TECHNIPFMC PLC,COM,G87110105,20761,2208594,SH,,SOLE,,2208594,0,0
131,TRIP COM GROUP LTD,ADS,89677Q107,264426,7839504,SH,,SOLE,,7160846,0,678658
132,TWILIO INC,CL A,90138F102,955,2820,SH,,SOLE,,2820,0,0
133,ULTA BEAUTY INC,COM,90384S303,55128,191975,SH,,SOLE,,164330,0,27645
134,UNITED STATES STL CORP NEW,COM,912909108,24642,1469435,SH,,SOLE,,1205354,0,264081
135,UNIVERSAL HLTH SVCS INC,CL B,913903100,81,589,SH,,SOLE,,589,0,0
136,VAIL RESORTS INC,COM,91879Q109,4769,17094,SH,,SOLE,,17094,0,0
137,WABTEC,COM,929740108,55990,764886,SH,,SOLE,,661499,0,103387
138,WARRIOR MET COAL INC,COM,93627C101,17272,810120,SH,,SOLE,,676820,0,133300
139,WAVE LIFE SCIENCES LTD,SHS,Y95308105,1624,206384,SH,,SOLE,,206384,0,0
140,WYNDHAM HOTELS & RESORTS INC,COM,98311A105,6324,106399,SH,,SOLE,,106399,0,0
141,XILINX INC,COM,983919101,1306,9209,SH,,SOLE,,9209,0,0
142,YUM CHINA HLDGS INC,COM,98850P109,76736,1342969,SH,,SOLE,,1342969,0,0
143,ZAI LAB LTD,ADR,98887Q104,7262,53656,SH,,SOLE,,53656,0,0
144,ZTO EXPRESS CAYMAN INC,SPONSORED ADS A,98980A105,199307,6834953,SH,,SOLE,,5850690,0,984263
145,ZYMEWORKS INC,COM,98985W102,2473,52327,SH,,SOLE,,52327,0,0
