,NAME OF ISSUER,TITLE OF CLASS,CUSIP,(x$1000),PRN AMT,PRN,CALL,DISCRETION,MANAGER,SOLE,SHARED,NONE
0,General Electric Co.,COM,369604103,347702,32194599,SH,,DFND,1234,0,32194599,0
1,Comcast Class A Ord,CL A,20030N101,1040554,19857892,SH,,DFND,1234,0,19857892,0
2,Invesco Ltd.,SHS,G491BT108,640367,36739343,SH,,DFND,1234,0,36739343,0
3,Janus Henderson Group plc,ORD SHS,G4474Y904,532079,16366612,SH,,DFND,1234,0,16366612,0
4,Mondelez Intl Inc.,CL A,609207105,715764,12241559,SH,,DFND,1234,0,12241559,0
5,Procter and Gamble Co.,COM,742718109,1366873,9823724,SH,,DFND,1234,0,9823724,0
6,Sysco Corp.,COM,871829107,1530024,20603608,SH,,DFND,1234,0,20603608,0
7,Wendys Co.,COM,95058W100,583743,26630629,SH,,DFND,1234,0,26630629,0
