,NAME OF ISSUER,TITLE OF CLASS,CUSIP,(x$1000),PRN AMT,PRN,CALL,DISCRETION,MANAGER,SOLE,SHARED,NONE
0,ALPHABET INC,CAP STK CL A,02079K305,256657,146440,SH,,SOLE,,146440,0,0
1,AMERCO,COM,023586100,254789,561258,SH,,SOLE,,561258,0,0
2,ASBURY AUTOMOTIVE GROUP INC,COM,043436104,308709,2118216,SH,,SOLE,,2118216,0,0
3,BRISTOL-MYERS SQUIBB CO,RIGHT 99/99/9999,110122157,17115,24800355,SH,,SOLE,,24800355,0,0
4,CAMPING WORLD HLDGS INC,CL A,13462K109,133084,5108808,SH,,SOLE,,5108808,0,0
5,CLEAR CHANNEL OUTDOOR HLDGS,COM,18453H106,5535,3354390,SH,,SOLE,,3354390,0,0
6,ENERGY TRANSFER LP,COM UT LTD PTN,29273V100,136728,22124322,SH,,SOLE,,22124322,0,0
7,FACEBOOK INC,CL A,30303M102,329170,1205043,SH,,SOLE,,1205043,0,0
8,KINDER MORGAN INC DEL,COM,49456B101,170550,12476200,SH,,SOLE,,12476200,0,0
9,LITHIA MTRS INC,CL A,536797103,688087,2351068,SH,,SOLE,,2351068,0,0
10,O-I GLASS INC,COM,67098H104,82516,6934144,SH,,SOLE,,6934144,0,0
11,PG&E CORP,COM,69331C108,289010,23195008,SH,,SOLE,,23195008,0,0
12,SCULPTOR CAP MGMT,COM CL A,811246107,7934,521991,SH,,SOLE,,521991,0,0
13,TEVA PHARMACEUTICAL INDS LTD,SPONSORED ADS,881624209,232047,24046356,SH,,SOLE,,24046356,0,0
14,TRANSDIGM GROUP INC,COM,893641100,333749,539305,SH,,SOLE,,539305,0,0
15,TRANSMEDICS GROUP INC,COM,89377M109,69647,3499859,SH,,SOLE,,3499859,0,0
16,WILLIS TOWERS WATSON PLC LTD,SHS,G96629103,230484,1094001,SH,,SOLE,,1094001,0,0
