,NAME OF ISSUER,TITLE OF CLASS,CUSIP,(x$1000),PRN AMT,PRN,CALL,DISCRETION,MANAGER,SOLE,SHARED,NONE
0,ADOBE SYSTEMS INCORPORATED,COM,00724F101,455,909,SH,,DFND,1.0,909,0,0
1,ADOBE SYSTEMS INCORPORATED,COM,00724F101,13056,26106,SH,,SOLE,,26106,0,0
2,AIR PRODS & CHEMS INC,COM,009158106,539,1974,SH,,DFND,1.0,1974,0,0
3,AIR PRODS & CHEMS INC,COM,009158106,15477,56648,SH,,SOLE,,56648,0,0
4,ALIBABA GROUP HLDG LTD,SPONSORED ADS,01609W102,217,932,SH,,DFND,1.0,932,0,0
5,ALIBABA GROUP HLDG LTD,SPONSORED ADS,01609W102,6231,26773,SH,,SOLE,,26773,0,0
6,ALLY FINL INC,COM,02005N100,482,13516,SH,,DFND,1.0,13516,0,0
7,ALLY FINL INC,COM,02005N100,13780,386424,SH,,SOLE,,386424,0,0
8,AMAZON COM INC,COM,023135106,563,173,SH,,DFND,1.0,173,0,0
9,AMAZON COM INC,COM,023135106,16327,5013,SH,,SOLE,,5013,0,0
10,ARAMARK,COM,03852U106,108,2810,SH,,DFND,1.0,2810,0,0
11,ARAMARK,COM,03852U106,3086,80193,SH,,SOLE,,80193,0,0
12,ARMSTRONG WORLD INDS INC,COM,04247X102,397,5341,SH,,DFND,1.0,5341,0,0
13,ARMSTRONG WORLD INDS INC,COM,04247X102,11380,152982,SH,,SOLE,,152982,0,0
14,BALL CORP,COM,058498106,316,3387,SH,,DFND,1.0,3387,0,0
15,BALL CORP,COM,058498106,9342,100257,SH,,SOLE,,100257,0,0
16,BOSTON SCIENTIFIC CORP,COM,101137107,883,24565,SH,,DFND,1.0,24565,0,0
17,BOSTON SCIENTIFIC CORP,COM,101137107,25315,704169,SH,,SOLE,,704169,0,0
18,BROOKFIELD ASSET MGMT INC,CL A LTD VT SH,112585104,272,6598,SH,,DFND,1.0,6598,0,0
19,BROOKFIELD ASSET MGMT INC,CL A LTD VT SH,112585104,7092,171836,SH,,SOLE,,171836,0,0
20,CME GROUP INC,COM,12572Q105,596,3272,SH,,DFND,1.0,3272,0,0
21,CME GROUP INC,COM,12572Q105,17094,93897,SH,,SOLE,,93897,0,0
22,CASEYS GEN STORES INC,COM,147528103,743,4160,SH,,DFND,1.0,4160,0,0
23,CASEYS GEN STORES INC,COM,147528103,21331,119423,SH,,SOLE,,119423,0,0
24,CM LIFE SCIENCES INC,UNIT 09/01/2025,18978W208,8700,750000,SH,,SOLE,,750000,0,0
25,COCA COLA CO,COM,191216100,625,11397,SH,,DFND,1.0,11397,0,0
26,COCA COLA CO,COM,191216100,17708,322902,SH,,SOLE,,322902,0,0
27,DOCUSIGN INC,COM,256163106,522,2348,SH,,DFND,1.0,2348,0,0
28,DOCUSIGN INC,COM,256163106,14973,67356,SH,,SOLE,,67356,0,0
29,ENVESTNET INC,COM,29404K106,675,8201,SH,,DFND,1.0,8201,0,0
30,ENVESTNET INC,COM,29404K106,19396,235705,SH,,SOLE,,235705,0,0
31,FIDELITY NATL INFORMATION SV,COM,31620M106,630,4456,SH,,DFND,1.0,4456,0,0
32,FIDELITY NATL INFORMATION SV,COM,31620M106,18114,128052,SH,,SOLE,,128052,0,0
33,FIVE BELOW INC,COM,33829M101,552,3152,SH,,DFND,1.0,3152,0,0
34,FIVE BELOW INC,COM,33829M101,15743,89969,SH,,SOLE,,89969,0,0
35,GDS HLDGS LTD,SPONSORED ADS,36165L108,22846,243977,SH,,SOLE,,243977,0,0
36,INTEL CORP,COM,458140100,14724,295536,SH,,SOLE,,295536,0,0
37,IQVIA HLDGS INC,COM,46266C105,315,1760,SH,,DFND,1.0,1760,0,0
38,IQVIA HLDGS INC,COM,46266C105,9326,52052,SH,,SOLE,,52052,0,0
39,IQIYI INC,NOTE 2.000% 4/0,46267XAD0,8917,10133000,SH,,SOLE,,10133000,0,0
40,JOYY INC,ADS REPSTG COM A,46591M109,35369,442222,SH,,SOLE,,442222,0,0
41,JD.COM INC,SPON ADR CL A,47215P106,403,4586,SH,,DFND,1.0,4586,0,0
42,JD.COM INC,SPON ADR CL A,47215P106,30009,341396,SH,,SOLE,,341396,0,0
43,KINGSOFT CLOUD HLDGS LTD,ADS,49639K101,20616,473393,SH,,SOLE,,473393,0,0
44,LAMAR ADVERTISING CO NEW,CL A,512816109,542,6509,SH,,DFND,1.0,6509,0,0
45,LAMAR ADVERTISING CO NEW,CL A,512816109,15465,185830,SH,,SOLE,,185830,0,0
46,MASTERCARD INCORPORATED,CL A,57636Q104,802,2246,SH,,DFND,1.0,2246,0,0
47,MASTERCARD INCORPORATED,CL A,57636Q104,23045,64563,SH,,SOLE,,64563,0,0
48,MICROSOFT CORP,COM,594918104,715,3215,SH,,DFND,1.0,3215,0,0
49,MICROSOFT CORP,COM,594918104,20512,92224,SH,,SOLE,,92224,0,0
50,MICRON TECHNOLOGY INC,COM,595112103,14381,191286,SH,,SOLE,,191286,0,0
51,MOMO INC,NOTE 1.250% 7/0,60879BAB3,13358,15950000,SH,,SOLE,,15950000,0,0
52,NEW ORIENTAL ED & TECHNOLOGY,SPON ADR,647581107,21985,118320,SH,,SOLE,,118320,0,0
53,NEXTERA ENERGY INC,COM,65339F101,667,8648,SH,,DFND,1.0,8648,0,0
54,NEXTERA ENERGY INC,COM,65339F101,19163,248389,SH,,SOLE,,248389,0,0
55,NEXTERA ENERGY PARTNERS LP,COM UNIT PART IN,65341B106,502,7483,SH,,DFND,1.0,7483,0,0
56,NEXTERA ENERGY PARTNERS LP,COM UNIT PART IN,65341B106,14452,215545,SH,,SOLE,,215545,0,0
57,NEXTDECADE CORP,COM,65342K105,113565,54337479,SH,,SOLE,,54337479,0,0
58,OMNICELL COM,COM,68213N109,141,1174,SH,,DFND,1.0,1174,0,0
59,OMNICELL COM,COM,68213N109,4081,33999,SH,,SOLE,,33999,0,0
60,OTIS WORLDWIDE CORP,COM,68902V107,307,4551,SH,,DFND,1.0,4551,0,0
61,OTIS WORLDWIDE CORP,COM,68902V107,8961,132662,SH,,SOLE,,132662,0,0
62,PNM RES INC,COM,69349H107,690,14225,SH,,DFND,1.0,14225,0,0
63,PNM RES INC,COM,69349H107,19788,407738,SH,,SOLE,,407738,0,0
64,PINDUODUO INC,NOTE 12/0,722304AC6,48000,40000000,SH,,SOLE,,40000000,0,0
65,ROSS STORES INC,COM,778296103,429,3490,SH,,DFND,1.0,3490,0,0
66,ROSS STORES INC,COM,778296103,12308,100218,SH,,SOLE,,100218,0,0
67,SEA LTD,SPONSORD ADS,81141R100,1299,6527,SH,,SOLE,,6527,0,0
68,TJX COS INC NEW,COM,872540109,774,11339,SH,,DFND,1.0,11339,0,0
69,TJX COS INC NEW,COM,872540109,22237,325629,SH,,SOLE,,325629,0,0
70,TAL EDUCATION GROUP,SPONSORED ADS,874080104,18454,258066,SH,,SOLE,,258066,0,0
71,TRANSUNION,COM,89400J107,625,6304,SH,,DFND,1.0,6304,0,0
72,TRANSUNION,COM,89400J107,17959,181000,SH,,SOLE,,181000,0,0
73,TWILIO INC,CL A,90138F102,314,928,SH,,DFND,1.0,928,0,0
74,TWILIO INC,CL A,90138F102,9002,26595,SH,,SOLE,,26595,0,0
75,UNION PAC CORP,COM,907818108,437,2099,SH,,DFND,1.0,2099,0,0
76,UNION PAC CORP,COM,907818108,12576,60400,SH,,SOLE,,60400,0,0
77,WESTERN DIGITAL CORP.,COM,958102105,15570,281103,SH,,SOLE,,281103,0,0
78,WILLSCOT MOBIL MINI HLDNG CO,COM CL A,971378104,198,8528,SH,,DFND,1.0,8528,0,0
79,WILLSCOT MOBIL MINI HLDNG CO,COM CL A,971378104,5613,242265,SH,,SOLE,,242265,0,0
80,CHINA BIOLOGIC PRODS HLDGS I,COM,G21515104,35749,302675,SH,,SOLE,,302675,0,0
81,WILLIS TOWERS WATSON PLC LTD,SHS,G96629103,2583,12262,SH,,DFND,1.0,12262,0,0
82,WILLIS TOWERS WATSON PLC LTD,SHS,G96629103,74566,353928,SH,,SOLE,,353928,0,0
83,NEW FRONTIER HEALTH CORP,ORD SHS,G6461G106,11003,1279408,SH,,SOLE,,1279408,0,0
84,IHS MARKIT LTD,SHS,G47567105,17316,192764,SH,,SOLE,,192764,0,0
85,CEDAR FAIR L P,DEPOSITRY UNIT,150185106,11368,288960,SH,,SOLE,,288960,0,0
