,NAME OF ISSUER,TITLE OF CLASS,CUSIP,(x$1000),PRN AMT,PRN,CALL,DISCRETION,MANAGER,SOLE,SHARED,NONE
0,Abcellera Biologics Inc,COM,00288U106,26548,659750,SH,,DFND,,659750,0,0
1,Alcoa Corp,COM,013872106,25401,1102000,SH,,DFND,,1102000,0,0
2,Alphabet Inc,CAP STK CL A,02079K305,33342,19024,SH,,DFND,,19024,0,0
3,Amazon Com Inc,COM,023135106,269521,82753,SH,,DFND,,82753,0,0
4,Analog Devices Inc,COM,032654105,31515,213328,SH,,DFND,,213328,0,0
5,Arco Platform Ltd Com,CL A,G04553106,8392,236460,SH,,DFND,,236460,0,0
6,Array Technologies Inc,COM SHS,04271T100,22357,518250,SH,,DFND,,518250,0,0
7,Barrick Gold Corp,COM,067901108,82164,3606850,SH,,DFND,,3606850,0,0
8,Biomarin Pharmaceutical Inc,COM,09061G101,16898,192700,SH,,DFND,,192700,0,0
9,Canadian Nat Res Ltd,COM,136385101,9897,411525,SH,,DFND,,411525,0,0
10,Carnival Corp,UNIT 99/99/9999,143658300,57278,2644400,SH,,DFND,,2644400,0,0
11,Carvana Co,CL A,146869102,116412,485981,SH,,DFND,,485981,0,0
12,Cloudflare Inc,CL A COM,18915M107,60097,790848,SH,,DFND,,790848,0,0
13,Crowdstrike Hldgs Inc,CL A,22788C105,16586,78304,SH,,DFND,,78304,0,0
14,Cummins Inc,COM,231021106,49808,219320,SH,,DFND,,219320,0,0
15,Cyberark Software Ltd,SHS,M2682V108,13568,83965,SH,,DFND,,83965,0,0
16,Dbx Etf Tr,XTRACK HRVST CSI,233051879,36691,915910,SH,,DFND,,915910,0,0
17,Dish Network Corporation,CL A,25470M109,12147,375600,SH,Call,DFND,,375600,0,0
18,Disney Walt Co,COM,254687106,123988,684335,SH,,DFND,,684335,0,0
19,Elanco Animal Health Inc,COM,28414H103,19137,623975,SH,,DFND,,623975,0,0
20,Expedia Group Inc,COM NEW,30212P303,35788,270299,SH,,DFND,,270299,0,0
21,Fastly Inc,CL A,31188V100,13724,157078,SH,,DFND,,157078,0,0
22,First Solar Inc,COM,336433107,22851,231000,SH,,DFND,,231000,0,0
23,Flex Ltd,ORD,Y2573F102,31167,1733430,SH,,DFND,,1733430,0,0
24,Freeport-Mcmoran Inc,CL B,35671D857,163520,6284379,SH,,DFND,,6284379,0,0
25,General Electric Co,COM,369604103,47258,4375778,SH,,DFND,,4375778,0,0
26,General Electric Co,COM,369604103,4544,420700,SH,Call,DFND,,420700,0,0
27,Hess Corp,COM,42809H107,8805,166800,SH,,DFND,,166800,0,0
28,Iqvia Hldgs Inc,COM,46266C105,36188,201977,SH,,DFND,,201977,0,0
29,Jd.Com Inc,SPON ADR CL A,47215P106,18047,205313,SH,,DFND,,205313,0,0
30,Liberty Media Corp Del,COM SER C FRMLA,531229854,20695,485800,SH,,DFND,,485800,0,0
31,Linde Plc,SHS,G5494J103,38123,144675,SH,,DFND,,144675,0,0
32,Live Nation Entertainment In,COM,538034109,15750,214350,SH,,DFND,,214350,0,0
33,Mercadolibre Inc,COM,58733R102,106003,63277,SH,,DFND,,63277,0,0
34,Microsoft Corp,COM,594918104,586760,2638074,SH,,DFND,,2638074,0,0
35,New York Times Co,CL A,650111107,26566,513150,SH,,DFND,,513150,0,0
36,Nextera Energy Inc,COM,65339F101,60162,779800,SH,,DFND,,779800,0,0
37,Nuance Communications Inc,COM,67020Y100,128369,2911525,SH,,DFND,,2911525,0,0
38,Option Care Health Inc,COM NEW,68404L201,6083,388915,SH,,DFND,,388915,0,0
39,Palo Alto Networks Inc,COM,697435105,163145,459060,SH,,DFND,,459060,0,0
40,Paypal Hldgs Inc,COM,70450Y103,15735,67188,SH,,DFND,,67188,0,0
41,Penn Natl Gaming Inc,COM,707569109,131067,1517501,SH,,DFND,,1517501,0,0
42,Reata Pharmaceuticals Inc,CL A,75615P103,92702,749897,SH,,DFND,,749897,0,0
43,Sailpoint Technologies Hldgs,COM,78781P105,4685,88005,SH,,DFND,,88005,0,0
44,Sea Ltd,SPONSORD ADS,81141R100,152216,764714,SH,,DFND,,764714,0,0
45,Smartsheet Inc,COM CL A,83200N103,27880,402361,SH,,DFND,,402361,0,0
46,Starbucks Corp,COM,855244109,211510,1977100,SH,,DFND,,1977100,0,0
47,Sunrun Inc,COM,86771W105,45897,661535,SH,,DFND,,661535,0,0
48,Teck Resources Ltd,CL B,878742204,59448,3275350,SH,,DFND,,3275350,0,0
49,T-Mobile Us Inc,COM,872590104,315358,2338580,SH,,DFND,,2338580,0,0
50,Uber Technologies Inc,COM,90353T100,16405,321675,SH,,DFND,,321675,0,0
51,Us Foods Hldg Corp,COM,912008109,5236,157200,SH,,DFND,,157200,0,0
52,Vale S A,SPONSORED ADS,91912E105,11581,691012,SH,,DFND,,691012,0,0
53,Vaneck Vectors Etf Tr,SEMICONDUCTOR ET,92189F676,27062,123900,SH,,DFND,,123900,0,0
54,Vapotherm Inc,COM,922107107,2086,77660,SH,,DFND,,77660,0,0
55,Workday Inc,CL A,98138H101,28533,119082,SH,,DFND,,119082,0,0
