,NAME OF ISSUER,TITLE OF CLASS,CUSIP,(x$1000),PRN AMT,PRN,CALL,DISCRETION,MANAGER,SOLE,SHARED,NONE
0,ACTIVISION BLIZZARD INC,COM,00507V109,40854,440000,SH,,OTR,1,440000,0,0
1,ADVANCED MICRO DEVICES INC,COM,007903107,36684,400000,SH,,OTR,1,400000,0,0
2,AIRBNB INC,COM CL A,009066101,51380,350000,SH,,OTR,1,350000,0,0
3,ALIBABA GROUP HLDG LTD,SPONSORED ADS,01609W102,59346,255000,SH,,OTR,1,255000,0,0
4,ALIGN TECHNOLOGY INC,COM,016255101,106876,200000,SH,,OTR,1,200000,0,0
5,ALPHABET INC,CAP STK CL A,02079K305,76766,43800,SH,,OTR,1,43800,0,0
6,AMAZON COM INC,COM,023135106,198673,61000,SH,,OTR,1,61000,0,0
7,BILIBILI INC,SPONS ADS REP Z,090040106,17144,200000,SH,,OTR,1,200000,0,0
8,BILL COM HLDGS INC,COM,090043100,39585,290000,SH,,OTR,1,290000,0,0
9,BOOKING HOLDINGS INC,COM,09857L108,60136,27000,SH,,OTR,1,27000,0,0
10,CAREDX INC,COM,14167L103,18113,250000,SH,,OTR,1,250000,0,0
11,CLOUDFLARE INC,CL A COM,18915M107,37995,500000,SH,,OTR,1,500000,0,0
12,COMPASS PATHWAYS PLC,SPONSORED ADS,20451W101,4764,100000,SH,,OTR,1,100000,0,0
13,COUPA SOFTWARE INC,COM,22266L106,54565,161000,SH,,OTR,1,161000,0,0
14,CRISPR THERAPEUTICS AG,NAMEN AKT,H17182108,11483,75000,SH,,OTR,1,75000,0,0
15,CROWDSTRIKE HLDGS INC,CL A,22788C105,49566,234000,SH,,OTR,1,234000,0,0
16,DATADOG INC,CL A COM,23804L103,39376,400000,SH,,OTR,1,400000,0,0
17,DISNEY WALT CO,COM,254687106,38048,210000,SH,,OTR,1,210000,0,0
18,DOCUSIGN INC,COM,256163106,66690,300000,SH,,OTR,1,300000,0,0
19,FACEBOOK INC,CL A,30303M102,102541,375388,SH,,OTR,1,375388,0,0
20,FASTLY INC,CL A,31188V100,38443,440000,SH,,OTR,1,440000,0,0
21,GUARDANT HEALTH INC,COM,40131M109,45108,350000,SH,,OTR,1,350000,0,0
22,HUBSPOT INC,COM,443573100,93163,235000,SH,,OTR,1,235000,0,0
23,ILLUMINA INC,COM,452327109,37000,100000,SH,,OTR,1,100000,0,0
24,INTELLIA THERAPEUTICS INC,COM,45826J105,8160,150000,SH,,OTR,1,150000,0,0
25,INVESCO QQQ TR,UNIT SER 1,46090E103,2192102,6987000,SH,Put,OTR,1,6987000,0,0
26,INVITAE CORP,COM,46185L103,18815,450000,SH,,OTR,1,450000,0,0
27,ISHARES TR,IBOXX INV CP ETF,464287242,497268,3600000,SH,Put,OTR,1,3600000,0,0
28,JUMIA TECHNOLOGIES AG,SPONSORED ADS,48138M105,22193,550000,SH,,OTR,1,550000,0,0
29,LEMONADE INC,COM,52567D107,27563,225000,SH,,OTR,1,225000,0,0
30,LIGHTSPEED POS INC,SUB VTG SHS,53227R106,24688,350000,SH,,OTR,1,350000,0,0
31,LUMINAR TECHNOLOGIES INC,COM CL A,550424105,23800,700000,SH,,OTR,1,700000,0,0
32,MASTERCARD INCORPORATED,CL A,57636Q104,17847,50000,SH,,OTR,1,50000,0,0
33,MATCH GROUP INC NEW,COM,57667L107,45357,300000,SH,,OTR,1,300000,0,0
34,MERCADOLIBRE INC,COM,58733R102,108889,65000,SH,,OTR,1,65000,0,0
35,NETFLIX INC,COM,64110L106,117879,218000,SH,,OTR,1,218000,0,0
36,NVIDIA CORPORATION,COM,67066G104,13055,25000,SH,,OTR,1,25000,0,0
37,OKTA INC,CL A,679295105,34325,135000,SH,,OTR,1,135000,0,0
38,PAGSEGURO DIGITAL LTD,COM CL A,G68707101,22752,400000,SH,,OTR,1,400000,0,0
39,PAYPAL HLDGS INC,COM,70450Y103,99535,425000,SH,,OTR,1,425000,0,0
40,PELOTON INTERACTIVE INC,CL A COM,70614W100,144134,950000,SH,,OTR,1,950000,0,0
41,PINDUODUO INC,SPONSORED ADS,722304102,31981,180000,SH,,OTR,1,180000,0,0
42,ROKU INC,COM CL A,77543R102,74372,224000,SH,,OTR,1,224000,0,0
43,SEA LTD,SPONSORD ADS,81141R100,77032,387000,SH,,OTR,1,387000,0,0
44,SHERWIN WILLIAMS CO,COM,824348106,66142,90000,SH,,OTR,1,90000,0,0
45,SHOPIFY INC,CL A,82509L107,76973,68000,SH,,OTR,1,68000,0,0
46,SNAP INC,CL A,83304A106,90126,1800000,SH,,OTR,1,1800000,0,0
47,SNOWFLAKE INC,CL A,833445109,2814,10000,SH,,OTR,1,10000,0,0
48,SPOTIFY TECHNOLOGY S A,SHS,L8681T102,66079,210000,SH,,OTR,1,210000,0,0
49,SQUARE INC,CL A,852234103,125143,575000,SH,,OTR,1,575000,0,0
50,STITCH FIX INC,COM CL A,860897107,29360,500000,SH,,OTR,1,500000,0,0
51,TAKE-TWO INTERACTIVE SOFTWAR,COM,874054109,36363,175000,SH,,OTR,1,175000,0,0
52,TELADOC HEALTH INC,COM,87918A105,65107,325600,SH,,OTR,1,325600,0,0
53,TESLA INC,COM,88160R101,105851,150000,SH,,OTR,1,150000,0,0
54,THE REALREAL INC,COM,88339P101,9770,500000,SH,,OTR,1,500000,0,0
55,TPG PACE BEN FIN CORP,CL A COM,G8990D125,15522,600000,SH,,OTR,1,600000,0,0
56,TWILIO INC,CL A,90138F102,59238,175000,SH,,OTR,1,175000,0,0
57,UBER TECHNOLOGIES INC,COM,90353T100,56100,1100000,SH,,OTR,1,1100000,0,0
58,ZILLOW GROUP INC,CL C CAP STK,98954M200,88264,680000,SH,,OTR,1,680000,0,0
59,ZOOM VIDEO COMMUNICATIONS IN,CL A,98980L101,27660,82000,SH,,OTR,1,82000,0,0
