,NAME OF ISSUER,TITLE OF CLASS,CUSIP,(x$1000),PRN AMT,PRN,CALL,DISCRETION,MANAGER,SOLE,SHARED,NONE
0,ALPHABET INC,CAP STK CL C,02079K107,5172088,2952307,SH,,SOLE,,2952307,0,0
1,ALPHABET INC,CAP STK CL A,02079K305,1083168,618021,SH,,SOLE,,618021,0,0
2,AMAZON COM INC,COM,023135106,9119,2800,SH,,SOLE,,2800,0,0
3,BOSTON PROPERTIES INC,COM,101121101,790463,8362038,SH,,SOLE,,8362038,0,0
4,CANADIAN NATL RY CO,COM,136375102,2282520,20773418,SH,,SOLE,,20773418,0,0
5,CANADIAN PAC RY LTD,COM,13645T100,3873604,11172077,SH,,SOLE,,11172077,0,0
6,CHARTER COMMUNICATIONS INC N,CL A,16119P108,6887202,10410705,SH,,SOLE,,10410705,0,0
7,MICROSOFT CORP,COM,594918104,3183831,14314499,SH,,SOLE,,14314499,0,0
8,MOODYS CORP,COM,615369105,1902085,6553490,SH,,SOLE,,6553490,0,0
9,S&P GLOBAL INC,COM,78409V104,776557,2362294,SH,,SOLE,,2362294,0,0
10,UNION PAC CORP,COM,907818108,1252764,6016539,SH,,SOLE,,6016539,0,0
11,VISA INC,COM CL A,92826C839,3074882,14057890,SH,,SOLE,,14057890,0,0
12,VORNADO RLTY TR,SH BEN INT,929042109,183144,4904776,SH,,SOLE,,4904776,0,0
