,NAME OF ISSUER,TITLE OF CLASS,CUSIP,(x$1000),PRN AMT,PRN,CALL,DISCRETION,MANAGER,SOLE,SHARED,NONE
0,DOORDASH INC,CL A,25809K105,8989465,62973485,SH,,DFND,,0,62973485,0
1,GUARDANT HEALTH INC,COM,40131M109,816836,6337960,SH,,DFND,,0,6337960,0
2,ONECONNECT FINL TECHNOLOGY C,SPONSORED ADS,68248T105,87600,4444444,SH,,DFND,,0,4444444,0
3,OPENDOOR TECHNOLOGIES INC,COM,683712103,1673389,73620282,SH,,DFND,,0,73620282,0
4,RELAY THERAPEUTICS INC,COM,75943R102,1159730,27904963,SH,,DFND,,0,27904963,0
5,SEER INC,COM CL A,81578P106,162614,2896578,SH,,DFND,,0,2896578,0
6,UBER TECHNOLOGIES INC,COM,90353T100,11333637,222228178,SH,,DFND,,0,174613042,47615136
7,VIR BIOTECHNOLOGY INC,COM,92764N102,605674,22616666,SH,,DFND,,0,22616666,0
