,NAME OF ISSUER,TITLE OF CLASS,CUSIP,(x$1000),PRN AMT,PRN,CALL,DISCRETION,MANAGER,SOLE,SHARED,NONE
0,10X GENOMICS INC,CL A COM,88025U109,10620,75000,SH,,OTR,1,0,75000,0
1,17 ED & TECHNOLOGY GROUP INC,ADS,81807M106,59482,4643391,SH,,OTR,1,0,4643391,0
2,4D MOLECULAR THERAPEUTICS IN,COM,35104E100,9326,225000,SH,,OTR,1,0,225000,0
3,ABCELLERA BIOLOGICS INC,COM,00288U106,24144,600000,SH,,OTR,1,0,600000,0
4,ACM RESEARCH INC,COM CL A,00108J109,17394,214079,SH,,OTR,1,0,214079,0
5,ADC THERAPEUTICS SA,SHS,H0036K147,16005,500000,SH,,OTR,1,0,500000,0
6,AFFILIATED MANAGERS GROUP IN,COM,008252108,34077,335073,SH,,OTR,1,0,335073,0
7,AKERO THERAPEUTICS INC,COM,00973Y108,42742,1656673,SH,,OTR,1,0,1656673,0
8,ALIGN TECHNOLOGY INC,COM,016255101,97408,182283,SH,,OTR,1,0,182283,0
9,ALIGOS THERAPEUTICS INC,COM,01626L105,59864,2165064,SH,,OTR,1,0,2165064,0
10,ALLOGENE THERAPEUTICS INC,COM,019770106,20192,800000,SH,,OTR,1,0,800000,0
11,APELLIS PHARMACEUTICALS INC,COM,03753U106,287618,5028289,SH,,OTR,1,0,5028289,0
12,APPLE INC,COM,037833100,39807,300000,SH,,OTR,1,0,300000,0
13,ARCUS BIOSCIENCES INC,COM,03969F109,16225,625000,SH,,OTR,1,0,625000,0
14,ARGENX SE,SPONSORED ADR,04016X101,138222,470000,SH,,OTR,1,0,470000,0
15,ATEA PHARMACEUTICALS INC,COM,04683R106,5223,125000,SH,,OTR,1,0,125000,0
16,ATHENEX INC,COM,04685N103,4772,431440,SH,,OTR,1,0,431440,0
17,AVIDITY BIOSCIENCES INC,COM,05370A108,10846,425000,SH,,OTR,1,0,425000,0
18,AXSOME THERAPEUTICS INC,COM,05464T104,29329,360000,SH,,OTR,1,0,360000,0
19,BEAM THERAPEUTICS INC,COM,07373V105,242177,2966403,SH,,OTR,1,0,2966403,0
20,BEIGENE LTD,SPONSORED ADR,07725L102,1413977,5472259,SH,,OTR,1,0,5472259,0
21,BERKELEY LTS INC,COM,084310101,17882,200000,SH,,OTR,1,0,200000,0
22,BILIBILI INC,SPONS ADS REP Z,090040106,345883,4035035,SH,,OTR,1,0,4035035,0
23,BLUEPRINT MEDICINES CORP,COM,09627Y109,142490,1270529,SH,,OTR,1,0,1270529,0
24,BRIDGEBIO PHARMA INC,COM,10806X102,335042,4711604,SH,,OTR,1,0,4711604,0
25,BRIGHT SCHOLAR ED HLDGS LTD,SPONSORED ADS,109199109,22958,3985797,SH,,OTR,1,0,3985797,0
26,CALLIDITAS THERAPEUTICS AB,SPONSERED ADS,13124Q106,35611,1047687,SH,,OTR,1,0,1047687,0
27,CELLULAR BIOMEDICINE GROUP I,COM NEW,15117P102,4323,235214,SH,,OTR,1,0,235214,0
28,CHINA BIOLOGIC PRODS HLDGS I,COM,G21515104,349851,2962076,SH,,OTR,1,0,2962076,0
29,CHINA INDEX HLDGS LTD,SPNSRD ADS A,16954W101,591,300000,SH,,OTR,1,0,300000,0
30,CHINA JO-JO DRUGSTORES INC,COM NEW,16949A206,4888,4840000,SH,,OTR,1,0,4840000,0
31,CODIAK BIOSCIENCES INC,COM,192010106,11845,366721,SH,,OTR,1,0,366721,0
32,COGENT BIOSCIENCES INC,COM,19240Q201,11230,1000000,SH,,OTR,1,0,1000000,0
33,COVETRUS INC,COM,22304C100,4458,155124,SH,,OTR,1,0,155124,0
34,CUREVAC N V,COM,N2451R105,4151,51199,SH,,OTR,1,0,51199,0
35,CYTOKINETICS INC,COM NEW,23282W605,4794,230718,SH,,OTR,1,0,230718,0
36,DOORDASH INC,CL A,25809K105,122551,858500,SH,,OTR,1,0,858500,0
37,DRAGONEER GROWTH OPPORTUN CO,UNIT 08/18/2027,G28302126,2798,200000,SH,,OTR,1,0,200000,0
38,DYNE THERAPEUTICS INC,COM,26818M108,12600,600000,SH,,OTR,1,0,600000,0
39,EIDOS THERAPEUTICS INC,COM,28249H104,23500,178600,SH,,OTR,1,0,178600,0
40,ENSTAR GROUP LIMITED,SHS,G3075P101,358115,1747840,SH,,OTR,1,0,1747840,0
41,FANG HLDGS LTD,ADR NEW,30711Y300,402,30000,SH,,OTR,1,0,30000,0
42,FIBROGEN INC,COM,31572Q808,146720,3955787,SH,,OTR,1,0,3955787,0
43,FORMA THERAPEUTICS HLDGS INC,SHS,34633R104,38390,1100000,SH,,OTR,1,0,1100000,0
44,FUTU HLDGS LTD,SPON ADS CL A,36118L106,6863,150000,SH,,OTR,1,0,150000,0
45,G1 THERAPEUTICS INC,COM,3621LQ109,8540,474716,SH,,OTR,1,0,474716,0
46,GDS HLDGS LTD,SPONSORED ADS,36165L108,294369,3143623,SH,,OTR,1,0,3143623,0
47,GENMAB A/S,SPONSORED ADS,372303206,57058,1403288,SH,,OTR,1,0,1403288,0
48,GOSSAMER BIO INC,COM,38341P102,71761,7420974,SH,,OTR,1,0,7420974,0
49,GRUBHUB INC,COM,400110102,12580,169386,SH,,OTR,1,0,169386,0
50,HOOKIPA PHARMA INC,COM,43906K100,10461,943254,SH,,OTR,1,0,943254,0
51,HUAZHU GROUP LTD,SPONSORED ADS,44332N106,25086,557102,SH,,OTR,1,0,557102,0
52,I MAB,SPONSORED ADS,44975P103,70562,1496540,SH,,OTR,1,0,1496540,0
53,IGM BIOSCIENCES INC,COM,449585108,13366,151390,SH,,OTR,1,0,151390,0
54,IQIYI INC,SPONSORED ADS,46267X108,675575,38648477,SH,,OTR,1,0,38648477,0
55,JD.COM INC,SPON ADR CL A,47215P106,1194125,13585041,SH,,OTR,1,0,13585041,0
56,KE HLDGS INC,SPONSORED ADS,482497104,307700,5000000,SH,,OTR,1,0,5000000,0
57,KEURIG DR PEPPER INC,COM,49271V100,39445,1232666,SH,,OTR,1,0,1232666,0
58,KINIKSA PHARMACEUTICALS LTD,COM CL A,G5269C101,51597,2920023,SH,,OTR,1,0,2920023,0
59,KODIAK SCIENCES INC,COM,50015M109,170035,1157407,SH,,OTR,1,0,1157407,0
60,KRONOS BIO INC,COM,50107A104,19667,658436,SH,,OTR,1,0,658436,0
61,KURA ONCOLOGY INC,COM,50127T109,21229,650000,SH,,OTR,1,0,650000,0
62,LEAP THERAPEUTICS INC,COM,52187K101,8362,3716240,SH,,OTR,1,0,3716240,0
63,LEGEND BIOTECH CORP,SPONSORED ADS,52490G102,18304,650000,SH,,OTR,1,0,650000,0
64,MELCO RESORTS AND ENTMNT LTD,ADR,585464100,31514,1698877,SH,,OTR,1,0,1698877,0
65,MERCADOLIBRE INC,COM,58733R102,46110,27525,SH,,OTR,1,0,27525,0
66,MEREO BIOPHARMA GROUP PLC,ADS,589492107,10655,2976121,SH,,OTR,1,0,2976121,0
67,MERUS N V,COM,N5749R100,10518,600000,SH,,OTR,1,0,600000,0
68,MINISO GROUP HLDG LTD,SPONSORED ADR,66981J102,10343,391933,SH,,OTR,1,0,391933,0
69,MOGU INC,SPON ADS,608012100,22670,10446970,SH,,OTR,1,0,10446970,0
70,MONDELEZ INTL INC,CL A,609207105,120201,2055764,SH,,OTR,1,0,2055764,0
71,MONTES ARCHIMEDES ACQUISITIO,UNIT 09/30/2025,612657205,5250,500000,SH,,OTR,1,0,500000,0
72,NEXTCURE INC,COM,65343E108,6958,638307,SH,,OTR,1,0,638307,0
73,NKARTA INC,COM,65487U108,34150,555556,SH,,OTR,1,0,555556,0
74,OLEMA PHARMACEUTICALS INC,COM,68062P106,29829,620397,SH,,OTR,1,0,620397,0
75,OTIS WORLDWIDE CORP,COM,68902V107,41513,614556,SH,,OTR,1,0,614556,0
76,PINDUODUO INC,SPONSORED ADS,722304102,1817570,10230032,SH,,OTR,1,0,10230032,0
77,PRELUDE THERAPEUTICS INC,COM,74065P101,53663,750000,SH,,OTR,1,0,750000,0
78,REGENXBIO INC,COM,75901B107,20684,456000,SH,,OTR,1,0,456000,0
79,RIBBIT LEAP LTD,UNIT 99/99/9999,G7552B121,749,50000,SH,,OTR,1,0,50000,0
80,ROOT INC,COM CL A,77664L108,40846,2600000,SH,,OTR,1,0,2600000,0
81,SALESFORCE COM INC,COM,79466L302,238573,1072095,SH,,OTR,1,0,1072095,0
82,SEA LTD,SPONSORD ADS,81141R100,67204,337622,SH,,OTR,1,0,337622,0
83,SNOWFLAKE INC,CL A,833445109,94550,336000,SH,,OTR,1,0,336000,0
84,SOHU COM LTD,SPONSORED ADS,83410S108,12784,802034,SH,,OTR,1,0,802034,0
85,TAIWAN SEMICONDUCTOR MFG LTD,SPONSORED ADS,874039100,43670,400495,SH,,OTR,1,0,400495,0
86,TAL EDUCATION GROUP,SPONSORED ADS,874080104,290025,4055722,SH,,OTR,1,0,4055722,0
87,TCR2 THERAPEUTICS INC,COM,87808K106,9987,322903,SH,,OTR,1,0,322903,0
88,UBER TECHNOLOGIES INC,COM,90353T100,596627,11698570,SH,,OTR,1,0,11698570,0
89,UXIN LTD,ADS,91818X108,2004,2297318,SH,,OTR,1,0,2297318,0
90,VIELA BIO INC,COM,926613100,85695,2382414,SH,,OTR,1,0,2382414,0
91,YATSEN HLDG LTD,ADS,985194109,34074,2004329,SH,,OTR,1,0,2004329,0
92,ZILLOW GROUP INC,CL C CAP STK,98954M200,39243,302336,SH,,OTR,1,0,302336,0
93,ZOOM VIDEO COMMUNICATIONS IN,CL A,98980L101,1005640,2981265,SH,,OTR,1,0,2981265,0
94,ZTO EXPRESS CAYMAN INC,SPONSORED ADS A,98980A105,97554,3345475,SH,,OTR,1,0,3345475,0
