,NAME OF ISSUER,TITLE OF CLASS,CUSIP,(x$1000),PRN AMT,PRN,CALL,DISCRETION,MANAGER,SOLE,SHARED,NONE
0,AAR CORP,COM,000361105,25560,705687,SH,,DFND,,200119,0,505568
1,ABB LTD ADR,COM,000375204,426615,15258045,SH,,DFND,,14884502,0,373543
2,APT MOTO VOX GROUP INC,COM,00191J107,0,550000,SH,,SOLE,,550000,0,0
3,AT&T INC,COM,00206R102,2207,76738,SH,,DFND,,74432,0,2305
4,ATI AIRTEST TECHNOLOGIES INC,COM,00208E208,12,199000,SH,,SOLE,,199000,0,0
5,ASE TECHNOLOGY HOLDING CO ADR,COM,00215W100,156907,26867629,SH,,DFND,,11227553,0,15640076
6,ABBOTT LABS,COM,002824100,819645,7486029,SH,,DFND,,6979850,0,506179
7,ABBVIE INC,COM,00287Y109,3542,33060,SH,,DFND,,31176,0,1884
8,ACADIA HEALTHCARE COMPANY INC,COM,00404A109,278,5536,SH,,DFND,,928,0,4608
9,ACI WORLDWIDE INC,COM,004498101,10684,278000,SH,,DFND,,0,0,278000
10,ACTIVISION BLIZZARD INC,COM,00507V109,665,7160,SH,,DFND,,6910,0,250
11,ACUITY BRANDS INC,COM,00508Y102,2401,19829,SH,,DFND,,341,0,19488
12,ADAMAS PHARMACEUTICALS INC,COM,00548A106,157,36150,SH,,DFND,,31657,0,4493
13,ADOBE INC,COM,00724F101,2909790,5818183,SH,,DFND,,5309840,0,508343
14,ADVANCED MICRO DEVICES INC,COM,007903107,842238,9183704,SH,,DFND,,8454335,0,729369
15,ADVANCED DRAIN SYS INC DEL,COM,00790R104,1538,18398,SH,,DFND,,160,0,18238
16,ADVANCED ENERGY INDS,COM,007973100,13581,140051,SH,,DFND,,107234,0,32817
17,AEROVIRONMENT INC,COM,008073108,17900,205988,SH,,DFND,,133577,0,72411
18,AFFILIATED MANAGERS GROUP INC,COM,008252108,683,6716,SH,,SOLE,,6716,0,0
19,AGILENT TECHNOLOGIES INC,COM,00846U101,248,2094,SH,,SOLE,,2094,0,0
20,AIR PRODS& CHEMS INC,COM,009158106,878,3215,SH,,DFND,,3195,0,20
21,AIRBUS GROUP ADR ADR,COM,009279100,42528,1548576,SH,,DFND,,68142,0,1480434
22,AIRPORTS OF THAILAND PUB C ADR,COM,00950R100,1424,68665,SH,,SOLE,,68665,0,0
23,ALARM COM HLDGS INC,COM,011642105,20255,195797,SH,,DFND,,167,0,195630
24,ALCOA UPSTREAM CORP COM,COM,013872106,153816,6673153,SH,,DFND,,3171828,0,3501325
25,ALEXION PHARMACEUTICALS INC,COM,015351109,469,3001,SH,,DFND,,2735,0,266
26,ALIBABA GROUP HLDG LTD ADR,COM,01609W102,3245613,13945829,SH,,DFND,,10208082,0,3737747
27,ALIBABA HEALTH INFO UNSPON ADR,COM,01609Y108,3795,64257,SH,,SOLE,,64257,0,0
28,ALIGN TECHNOLOGY INC,COM,016255101,224697,420482,SH,,DFND,,186993,0,233489
29,ALLEGHENY TECHNOLOGIES INC,COM,01741R102,43462,2591665,SH,,DFND,,1097869,0,1493796
30,ALLSCRIPTS HEALTHCARE SOLUTNS,COM,01988P108,88823,6151165,SH,,DFND,,3244475,0,2906690
31,ALLSTATE CORP,COM,020002101,278,2533,SH,,SOLE,,2533,0,0
32,ALPHABET INC CLASS C,COM,02079K107,327797,187111,SH,,DFND,,157033,0,30078
33,ALPHABET INC CLASS A,COM,02079K305,2927657,1670427,SH,,DFND,,1509316,0,161111
34,ALTO GROUP HOLDINGS INC,COM,021515101,0,43034,SH,,SOLE,,43034,0,0
35,ALTERYX INC,COM,02156B103,14306,117461,SH,,DFND,,93950,0,23511
36,ALTRIA GROUP INC,COM,02209S103,1865,45475,SH,,DFND,,44796,0,679
37,AMADEUS IT GROUP S A ADR,COM,02263T104,1203,16505,SH,,DFND,,14924,0,1581
38,AMAZON COM INC COM,COM,023135106,5753687,1766598,SH,,DFND,,1599083,0,167515
39,AMBEV SA ADR,COM,02319V103,7133,2331056,SH,,DFND,,2329662,0,1394
40,AMERICAN CAMPUS CMNTYS INC,COM,024835100,501,11709,SH,,SOLE,,11709,0,0
41,AMERICAN ELEC PWR CO INC,COM,025537101,388,4657,SH,,SOLE,,4657,0,0
42,AMERICAN EXPRESS CO,COM,025816109,1811510,14982300,SH,,DFND,,13979923,0,1002376
43,AMERICAN FIN TR INC,COM,02607T109,113,15255,SH,,DFND,,14063,0,1192
44,AMERICAN TOWER CORP NEW,COM,03027X100,418630,1865053,SH,,DFND,,1763879,0,101174
45,AMERISAFE INC,COM,03071H100,878,15293,SH,,DFND,,26,0,15267
46,AMERISOURCEBERGEN CORP,COM,03073E105,636,6502,SH,,DFND,,2104,0,4398
47,AMERIS BANCORP,COM,03076K108,1280,33615,SH,,DFND,,0,0,33615
48,AMGEN INC,COM,031162100,16650,72415,SH,,DFND,,23321,0,49094
49,AMPHENOL CORP NEW,COM,032095101,598,4573,SH,,SOLE,,4573,0,0
50,ANALOG DEVICES INC,COM,032654105,229,1553,SH,,SOLE,,1553,0,0
51,ANGIOSOMA INC,COM,03476L102,0,10000,SH,,SOLE,,10000,0,0
52,ANGLO AMERICAN PLC ADR ADR,COM,03485P300,8889,536423,SH,,DFND,,512796,0,23627
53,ANHEUSER BUSCH INBEV SA/NV ADR,COM,03524A108,545069,7796725,SH,,DFND,,6981806,0,814918
54,ANIKA THERAPEUTICS INC,COM,035255108,1179,26040,SH,,DFND,,12310,0,13730
55,ANNALY CAPITAL MANAGEMENT INC,COM,035710409,433,51236,SH,,SOLE,,51236,0,0
56,ANTA SPORTS PRODS LTD ADR,COM,03662P107,3863,9749,SH,,SOLE,,9749,0,0
57,ANSYS INC,COM,03662Q105,1631,4482,SH,,SOLE,,4482,0,0
58,ANTHEM INC,COM,036752103,315,982,SH,,SOLE,,982,0,0
59,APACHE CORP,COM,037411105,448,31575,SH,,DFND,,30236,0,1339
60,APPLE INC,COM,037833100,8130626,61275348,SH,,DFND,,56127250,0,5148098
61,APPLIED MATLS INC,COM,038222105,177596,2057888,SH,,DFND,,2008860,0,49028
62,APTARGROUP INC,COM,038336103,2861,20898,SH,,SOLE,,20898,0,0
63,ARISTA NETWORKS INC COM,COM,040413106,5027,17302,SH,,DFND,,17226,0,76
64,ARTISAN PARTNERS ASSET MGMT IN,COM,04316A108,79004,1569412,SH,,DFND,,781255,0,788157
65,ASPEN TECHNOLOGY INC,COM,045327103,126561,971681,SH,,DFND,,478361,0,493320
66,ASPIRE INTERNATIONAL INC,COM,04537N103,0,10000,SH,,SOLE,,10000,0,0
67,ASSOCIATED BANC CORP,COM,045487105,5030,295000,SH,,DFND,,0,0,295000
68,ASTRAZENECA PLC ADR,COM,046353108,892360,17850774,SH,,DFND,,16576926,0,1273848
69,Atlantic Union Bankshares Corp,COM,04911A107,5534,168000,SH,,DFND,,0,0,168000
70,ATLAS AIR WORLDWIDE HLDGS,COM,049164205,24502,449244,SH,,DFND,,188425,0,260819
71,AURASOURCE INC,COM,05153V105,23,50000,SH,,SOLE,,50000,0,0
72,AUTODESK INC,COM,052769106,177168,580233,SH,,DFND,,336614,0,243619
73,AUTO TRADER GROUP PLC ADR,COM,05277E104,34,16687,SH,,SOLE,,16687,0,0
74,AUTOMATIC DATA PROCESSING INC,COM,053015103,980,5562,SH,,SOLE,,5562,0,0
75,AVID BIOSERVICES INC,COM,05368M106,691,59887,SH,,DFND,,1772,0,58115
76,BASF SE ADR,COM,055262505,332,16794,SH,,SOLE,,16794,0,0
77,BHP GROUP PLC SPONSORED AD ADR,COM,05545E209,368827,6955065,SH,,DFND,,6883472,0,71592
78,BP PLC SPONSORED ADR ADR,COM,055622104,224329,10932197,SH,,DFND,,9818568,0,1113628
79,BNP PARIBAS ADR,COM,05565A202,571171,21659300,SH,,DFND,,20928499,0,730800
80,BNP PARIBAS,COM,05600FD30,21,20000,SH,,SOLE,,20000,0,0
81,BAIDU INC SPON ADR ADR,COM,056752108,588,2717,SH,,DFND,,2636,0,81
82,BAKER HUGHES CO,COM,05722G100,6228,298723,SH,,DFND,,76861,0,221862
83,BANCO BRADESCO SA SP ADR ADR,COM,059460303,131208,24944570,SH,,DFND,,9963931,0,14980639
84,BANCO BILBAO VIZCAYA ARGEN ADR,COM,05946K101,188854,38229640,SH,,DFND,,36959418,0,1270221
85,BANCO DO BRASIL S A SPONSO ADR,COM,059578104,1155,154626,SH,,SOLE,,154626,0,0
86,BANCO SANTANDER S.A. ADR,COM,05964H105,323995,106227829,SH,,DFND,,102788887,0,3438941
87,BANCORPSOUTH BK TUPELO MISS,COM,05971J102,24140,879737,SH,,DFND,,487757,0,391980
88,BK OF AMERICA CORP,COM,060505104,45924,1515134,SH,,DFND,,1500425,0,14709
89,BANK OF CHINA ADR,COM,06426M104,88,10354,SH,,SOLE,,10354,0,0
90,BANNER CORP,COM,06652V208,674,14457,SH,,DFND,,0,0,14457
91,BAOZUN INC SPONSORED ADR ADR,COM,06684L103,3289,95760,SH,,SOLE,,95760,0,0
92,FI ENHANCED GLBL HIGH YLD BCSB,COM,06746Q249,454,4396,SH,,SOLE,,4396,0,0
93,BARNES GROUP INC,COM,067806109,12829,253097,SH,,DFND,,97,0,253000
94,BEACON ROOFING SUPPLY INC,COM,073685109,63165,1571661,SH,,DFND,,892347,0,679314
95,BECTON DICKINSON& CO,COM,075887109,495,1977,SH,,SOLE,,1977,0,0
96,BEIGENE LTD ADR,COM,07725L102,417,1615,SH,,DFND,,4,0,1611
97,BERKSHIRE HATHAWAY INC CL A,COM,084670108,1043,3,SH,,SOLE,,3,0,0
98,BERKSHIRE HATHAWAY INC CL B,COM,084670702,15093,65090,SH,,DFND,,64573,0,517
99,BHP GROUP LTD SPONSORED AD ADR,COM,088606108,509734,7801254,SH,,DFND,,7136261,0,664993
100,BILIBILI INC ADR,COM,090040106,4240,49468,SH,,SOLE,,49468,0,0
101,BIO RAD LABS INC,COM,090572207,96010,164699,SH,,DFND,,69156,0,95543
102,BIOGEN INC,COM,09062X103,24139,98584,SH,,DFND,,21173,0,77411
103,BJS RESTAURANTS INC,COM,09180C106,14282,371062,SH,,DFND,,332054,0,39008
104,BLACK DRAGON RESOURCE COS INC,COM,09202T103,0,1300000,SH,,SOLE,,1300000,0,0
105,BLACKLINE INC COM,COM,09239B109,220,1647,SH,,SOLE,,1647,0,0
106,BLACKROCK INC,COM,09247X101,102115,141523,SH,,DFND,,35968,0,105555
107,BLACKSTONE GROUP INC,COM,09260D107,777,11985,SH,,SOLE,,11985,0,0
108,BOEING CO,COM,097023105,49722,232282,SH,,DFND,,77461,0,154821
109,BOOKING HLDGS INC COM,COM,09857L108,6599,2963,SH,,DFND,,70,0,2893
110,BOSTON BEER INC,COM,100557107,120411,121102,SH,,DFND,,87516,0,33586
111,BOSTON SCIENTIFIC CORP,COM,101137107,104813,2915510,SH,,DFND,,2872345,0,43165
112,BOTTOMLINE TECH DEL INC,COM,101388106,5553,105295,SH,,DFND,,58219,0,47076
113,BRINKER INTL INC,COM,109641100,5268,93126,SH,,DFND,,538,0,92588
114,BRISTOL-MYERS SQUIBB CO,COM,110122108,11112,179141,SH,,DFND,,56861,0,122280
115,BRITISH AMERN TOB PLC ADR,COM,110448107,486,12964,SH,,DFND,,11922,0,1042
116,BROADCOM INC COM,COM,11135F101,1785,4075,SH,,DFND,,4013,0,62
117,BROOKFIELD ASSET MGMT INC,COM,112585104,449,10891,SH,,SOLE,,10891,0,0
118,BROOKS AUTOMATION INC NEW,COM,114340102,69261,1020799,SH,,DFND,,256851,0,763948
119,BRUKER CORP,COM,116794108,612,11301,SH,,SOLE,,11301,0,0
120,B2W COMP DIG SPON GDR REG GDR,COM,11777V208,16039,550911,SH,,SOLE,,550911,0,0
121,BUILDERS FIRSTSOURCE INC,COM,12008R107,6035,147880,SH,,DFND,,75356,0,72524
122,CB FINL CORP NORTH CAROLINA,COM,12480C404,0,139600,SH,,SOLE,,139600,0,0
123,CF INDS HLDGS INC,COM,125269100,656,16954,SH,,DFND,,13000,0,3954
124,CIGNA CORP NEW,COM,125523100,318,1528,SH,,SOLE,,1528,0,0
125,CMC MATERIALS INC,COM,12571T100,2604,17212,SH,,DFND,,46,0,17166
126,CSPC PHARMACEUTICAL GROUP ADR,COM,12591J207,3012,736327,SH,,SOLE,,736327,0,0
127,CNOOC LIMITED ADR,COM,126132109,285,3114,SH,,SOLE,,3114,0,0
128,CSL LTD ADR,COM,12637N204,36762,336472,SH,,DFND,,42340,0,294132
129,CSX CORP,COM,126408103,442839,4879765,SH,,DFND,,4825808,0,53957
130,CVB FINL CORP,COM,126600105,722,37047,SH,,DFND,,0,0,37047
131,CVS HEALTH CORPORATION COM,COM,126650100,4062,59477,SH,,DFND,,58483,0,994
132,CV SCIENCES INC,COM,126654102,446,949350,SH,,SOLE,,949350,0,0
133,CACTUS INC,COM,127203107,4001,153477,SH,,DFND,,100200,0,53277
134,CALIFORNIA GRAPES INTL INC,COM,130266109,0,50000,SH,,SOLE,,50000,0,0
135,CALLAWAY GOLF CO,COM,131193104,86668,3609672,SH,,DFND,,1731801,0,1877871
136,CAMDEN PPTY TR SH BEN INT,COM,133131102,498,4982,SH,,SOLE,,4982,0,0
137,CANADIAN NATL RY CO,COM,136375102,577,5248,SH,,SOLE,,5248,0,0
138,CANADIAN PAC RY LTD,COM,13645T100,267,769,SH,,SOLE,,769,0,0
139,CAPITAL ONE FINL CORP,COM,14040H105,201641,2039867,SH,,DFND,,2000704,0,39162
140,CAPITAL WORLD GROWTH& INCOME,COM,140543109,557,9383,SH,,SOLE,,9383,0,0
141,CAPITAN MINING INC,COM,140703109,4,19454,SH,,SOLE,,19454,0,0
142,CARDINAL CAP NET,COM,14148095T,0,25000,SH,,SOLE,,25000,0,0
143,CARDLYTICS INC,COM,14161W105,320,2238,SH,,SOLE,,2238,0,0
144,CARPENTER TECHNOLOGY CORP,COM,144285103,14152,486003,SH,,DFND,,152003,0,334000
145,CARRIER GLOBAL CORPORATION,COM,14448C104,122119,3237521,SH,,DFND,,3034334,0,203187
146,CASELLA WASTE SYS INC,COM,147448104,600,9678,SH,,DFND,,36,0,9642
147,CATERPILLAR INC DEL,COM,149123101,1126345,6188027,SH,,DFND,,5908192,0,279835
148,CAVCO INDS INC DEL,COM,149568107,10036,57200,SH,,DFND,,43035,0,14165
149,CELEXX CORP,COM,15101T102,0,16000,SH,,SOLE,,16000,0,0
150,CENTRAL PAC FINL CORP,COM,154760409,593,31213,SH,,DFND,,0,0,31213
151,CENTURY ALUM CO,COM,156431108,27369,2481291,SH,,DFND,,967014,0,1514277
152,CERACON INC,COM,15699658T,0,23268,SH,,SOLE,,23268,0,0
153,CHAMPIONX CORPORATION,COM,15872M104,2512,164167,SH,,DFND,,131069,0,33098
154,CHARLES RIV LABS INTL INC,COM,159864107,60351,241539,SH,,DFND,,136132,0,105407
155,CHART INDS INC,COM,16115Q308,121914,1035012,SH,,DFND,,444139,0,590873
156,CHATHAM LODGING TR,COM,16208T102,200,18554,SH,,DFND,,0,0,18554
157,CHEESECAKE FACTORY INC,COM,163072101,19925,537655,SH,,DFND,,353730,0,183925
158,CHEMED CORP NEW,COM,16359R103,93499,175548,SH,,DFND,,90985,0,84563
159,CHEVRON CORP NEW,COM,166764100,476613,5643730,SH,,DFND,,5196362,0,447367
160,CHURCH& DWIGHT INC,COM,171340102,716,8209,SH,,DFND,,4901,0,3308
161,CINCINNATI FINL CORP,COM,172062101,719,8229,SH,,DFND,,4977,0,3252
162,CISCO SYS INC,COM,17275R102,938862,20980164,SH,,DFND,,19430364,0,1549799
163,CITIC SECS CO LTD UNSP ADR ADR,COM,17290L106,1469,65179,SH,,SOLE,,65179,0,0
164,CITIGROUP INC,COM,172967424,470,7626,SH,,DFND,,7410,0,216
165,CITRIX SYS INC COM,COM,177376100,234,1799,SH,,SOLE,,1799,0,0
166,CLEVELAND CLIFFS INC,COM,185899101,249966,17167991,SH,,DFND,,8560164,0,8607827
167,CLOROX CO DEL,COM,189054109,1635,8095,SH,,DFND,,8045,0,50
168,CLOVIS ONCOLOGY INC,COM,189464100,227,47299,SH,,DFND,,11758,0,35541
169,COCA COLA CO,COM,191216100,2457,44807,SH,,DFND,,43714,0,1093
170,COGNIZANT TECHNOLOGY SOLUTIONS,COM,192446102,340,4148,SH,,SOLE,,4148,0,0
171,COHERENT INC,COM,192479103,55129,367475,SH,,DFND,,142326,0,225149
172,COLGATE PALMOLIVE CO,COM,194162103,420,4909,SH,,DFND,,4859,0,50
173,COLLEGIUM PHARMACEUTICAL INC,COM,19459J104,302,15095,SH,,DFND,,0,0,15095
174,COLOPLAST AS,COM,19624Y200,753,49256,SH,,DFND,,44044,0,5212
175,COLUMBIA BKG SYS INC,COM,197236102,974,27131,SH,,DFND,,0,0,27131
176,COMFORT SYS USA INC,COM,199908104,1421,26992,SH,,DFND,,0,0,26992
177,COMCAST CORP NEW CL A,COM,20030N101,9568,182588,SH,,DFND,,181978,0,610
178,COMPAGNIE DE SAINT GOBAIN ADR,COM,204280309,3328,362696,SH,,DFND,,326388,0,36308
179,COMPAGNIE FIN RICHEMONTAG ADR,COM,204319107,173937,19199871,SH,,DFND,,19048997,0,150873
180,CONMED CORP,COM,207410101,35646,318268,SH,,DFND,,297420,0,20848
181,CONOCOPHILLIPS,COM,20825C104,204524,5114371,SH,,DFND,,4874660,0,239711
182,CONSERVATIVE BRDCAST MED& JRN,COM,20849C106,3,100000,SH,,SOLE,,100000,0,0
183,COOPER COS INC,COM,216648402,3059,8420,SH,,DFND,,6908,0,1512
184,CORESITE RLTY CORP,COM,21870Q105,29389,234589,SH,,DFND,,130574,0,104015
185,CORNING INC COM,COM,219350105,243,6756,SH,,DFND,,6524,0,232
186,CORPORATE OFFICE PPTYS TR,COM,22002T108,12173,466769,SH,,DFND,,216093,0,250676
187,CORTEVA INC,COM,22052L104,234,6039,SH,,SOLE,,6039,0,0
188,COSTCO WHSL CORP NEW,COM,22160K105,1330298,3530700,SH,,DFND,,3258390,0,272310
189,COWEN INC,COM,223622606,3637,139920,SH,,DFND,,106,0,139814
190,CREDIT AGRICOLE S A ADR ADR,COM,225313105,86477,13697103,SH,,DFND,,13487501,0,209602
191,FI ENHANCED LRG CAP GROWTH CS,COM,22542D423,13583,24810,SH,,DFND,,24081,0,729
192,CROWN CASTLE INTL CORP NEW,COM,22822V101,336886,2116250,SH,,DFND,,2093749,0,22501
193,CUMMINS INC,COM,231021106,29367,129313,SH,,DFND,,28165,0,101148
194,CURTISS WRIGHT CORP,COM,231561101,11869,102012,SH,,DFND,,76151,0,25861
195,CYRUSONE INC,COM,23283R100,29231,399609,SH,,DFND,,197309,0,202300
196,DBX ETF TR USD HY CORP,COM,233051432,223617,4464303,SH,,DFND,,4419346,0,44957
197,DBX ETF TR XTRACK JAPAN JPX,COM,233051663,200,6111,SH,,SOLE,,6111,0,0
198,D R HORTON INC,COM,23331A109,17323,251353,SH,,DFND,,215363,0,35990
199,DANAHER CORP DEL COM,COM,235851102,686849,3091966,SH,,DFND,,2903893,0,188073
200,DANONE ADR,COM,23636T100,1245,94671,SH,,DFND,,84314,0,10357
201,DARLING INGREDIENTS INC,COM,237266101,102156,1771079,SH,,DFND,,650895,0,1120184
202,DASSAULT SYS S A ADR,COM,237545108,4559,22427,SH,,DFND,,20177,0,2250
203,DEERE& CO,COM,244199105,33717,125316,SH,,DFND,,29066,0,96250
204,DELEK US HLDGS INC NEW,COM,24665A103,24915,1550419,SH,,DFND,,762100,0,788319
205,DELTA AIR LINES INC DEL,COM,247361702,452,11249,SH,,SOLE,,11249,0,0
206,DENNYS CORP,COM,24869P104,35003,2384430,SH,,DFND,,936672,0,1447758
207,DEUTSCHE BOERSE ADR,COM,251542106,3231,189616,SH,,DFND,,169536,0,20080
208,DEUTSCHE POST AG ADR,COM,25157Y202,3681,74278,SH,,DFND,,66128,0,8150
209,DEVON ENERGY CORP NEW,COM,25179M103,47421,2999459,SH,,DFND,,2956761,0,42697
210,DEXCOM INC,COM,252131107,18084,48912,SH,,DFND,,5705,0,43207
211,DIAGEO PLC ADR,COM,25243Q205,39219,246956,SH,,DFND,,30680,0,216276
212,DIAMONDBACK ENERGY INC,COM,25278X109,7523,155443,SH,,DFND,,47055,0,108388
213,DINE BRANDS GLOBAL INC,COM,254423106,26593,458497,SH,,DFND,,177935,0,280562
214,DIODES INC,COM,254543101,16742,237470,SH,,DFND,,1060,0,236410
215,DISABILITY ACCESS CORP NEV,COM,25459R103,0,220000,SH,,SOLE,,220000,0,0
216,DISNEY WALT CO,COM,254687106,1791649,9888776,SH,,DFND,,9527958,0,360818
217,DISCOVERY INC COM SER A,COM,25470F104,866,28787,SH,,DFND,,19554,0,9233
218,DOLLAR GEN CORP NEW,COM,256677105,391,1860,SH,,DFND,,1760,0,100
219,DOMINION ENERGY INC,COM,25746U109,337,4482,SH,,SOLE,,4482,0,0
220,DOMINOS PIZZA INC,COM,25754A201,151725,395673,SH,,DFND,,214893,0,180780
221,DOW INC,COM,260557103,310,5589,SH,,SOLE,,5589,0,0
222,DRIL QUIP INC,COM,262037104,40446,1365504,SH,,DFND,,701054,0,664450
223,DUKE ENERGY CORP NEW,COM,26441C204,674,7363,SH,,DFND,,6540,0,823
224,DUPONT DE NEMOURS INC,COM,26614N102,448,6304,SH,,SOLE,,6304,0,0
225,ENI S P A ADR,COM,26874R108,20142,977768,SH,,DFND,,73703,0,904065
226,EOG RES INC COM,COM,26875P101,12871,258083,SH,,DFND,,257955,0,128
227,ER URGENT CARE HLDGS INC,COM,26884H207,0,508538,SH,,SOLE,,508538,0,0
228,EAGLE BANCORP INC MD,COM,268948106,577,13982,SH,,DFND,,11493,0,2489
229,EAGLE PHARMACEUTICALS INC,COM,269796108,419,9005,SH,,DFND,,0,0,9005
230,EAST WEST BANCORP INC,COM,27579R104,67616,1333395,SH,,DFND,,630514,0,702881
231,EASTMAN CHEM CO,COM,277432100,285,2844,SH,,SOLE,,2844,0,0
232,EBAY INC.,COM,278642103,448,8920,SH,,DFND,,4046,0,4874
233,ECOPETROL S A ADR,COM,279158109,10568,818566,SH,,SOLE,,818566,0,0
234,EDWARDS LIFESCIENCES CORP,COM,28176E108,508939,5578633,SH,,DFND,,4899583,0,679050
235,EISAI LTD ADR,COM,282579309,992,13887,SH,,DFND,,12331,0,1556
236,8X8 INC NEW,COM,282914100,5675,164638,SH,,DFND,,85774,0,78864
237,EMCOR GROUP INC COM,COM,29084Q100,212,2317,SH,,SOLE,,2317,0,0
238,EMERGENT BIOSOLUTIONS INC,COM,29089Q105,43488,485356,SH,,DFND,,352823,0,132533
239,EMERSON ELEC CO,COM,291011104,372,4625,SH,,DFND,,4508,0,116
240,ENBRIDGE INC,COM,29250N105,305,9531,SH,,SOLE,,9531,0,0
241,ENANTA PHARMACEUTICALS INC,COM,29251M106,267,6343,SH,,DFND,,0,0,6343
242,ENDEAVOR IP INC,COM,29260D105,0,442000,SH,,SOLE,,442000,0,0
243,EPAM SYS INC,COM,29414B104,1414,3945,SH,,SOLE,,3945,0,0
244,EQUINOR ASA SPONSORED ADR ADR,COM,29446M102,6990,425688,SH,,DFND,,281038,0,144650
245,RSTK ESHIRT NET,COM,296072BHT,0,12500,SH,,SOLE,,12500,0,0
246,ESSEX PPTY TR INC,COM,297178105,719,3027,SH,,DFND,,2329,0,698
247,ESSILORLUXOTTICA UNSPONSOR ADR,COM,297284200,4017,51480,SH,,DFND,,47316,0,4164
248,EVERCORE INC,COM,29977A105,4402,40150,SH,,SOLE,,40150,0,0
249,EVERSOURCE ENERGY,COM,30040W108,962,11116,SH,,DFND,,8724,0,2392
250,EXACT SCIENCES CORP,COM,30063P105,2832,21374,SH,,SOLE,,21374,0,0
251,EXELON CORP,COM,30161N101,421,9961,SH,,SOLE,,9961,0,0
252,EXPEDIA GROUP INC,COM,30212P303,517,3908,SH,,SOLE,,3908,0,0
253,EXPEDITORS INTL WASH INC,COM,302130109,1977,20790,SH,,SOLE,,20790,0,0
254,EXPERIAN PLC ADR,COM,30215C101,51903,1367300,SH,,DFND,,105164,0,1262136
255,EXXON MOBIL CORP,COM,30231G102,320643,7778829,SH,,DFND,,7022069,0,756760
256,FBEC WORLDWIDE INC,COM,30255M100,0,20000,SH,,SOLE,,20000,0,0
257,FACEBOOK INC,COM,30303M102,1261776,4619181,SH,,DFND,,4011728,0,607453
258,FACTSET RESH SYS INC COM,COM,303075105,1491,4484,SH,,SOLE,,4484,0,0
259,FAIR ISAAC CORP,COM,303250104,65378,127931,SH,,DFND,,96629,0,31302
260,FANUC CORPORATION ADR,COM,307305102,416400,16952394,SH,,DFND,,13550260,0,3402134
261,FARO TECHNOLOGIES INC,COM,311642102,1737,24586,SH,,DFND,,0,0,24586
262,FEDEX CORP,COM,31428X106,385,1484,SH,,DFND,,1384,0,100
263,FIDELITY COMWLTH TR NDQ CP IDX,COM,315912808,1226,2443,SH,,SOLE,,2443,0,0
264,FIDELITY MSCI CONSUMER DISCRET,COM,316092204,362,5057,SH,,SOLE,,5057,0,0
265,FIDELITY MSCI HLTH CARE I,COM,316092600,409,7085,SH,,SOLE,,7085,0,0
266,FIDELITY MSCI INFORMATION TECH,COM,316092808,341,3262,SH,,SOLE,,3262,0,0
267,FIDELITY NATL INFORMATION SVCS,COM,31620M106,2441,17254,SH,,DFND,,13479,0,3775
268,51JOB INC ADR,COM,316827104,6946,99231,SH,,SOLE,,99231,0,0
269,FIREEYE INC,COM,31816Q101,29419,1275768,SH,,DFND,,768324,0,507444
270,FIRST AMERN FINL CORP,COM,31847R102,51027,988318,SH,,DFND,,505469,0,482849
271,100000TH FIRST HORIZON NTL CO,COM,32051710T,0,37565,SH,,SOLE,,37565,0,0
272,FIRST INTST BANCSYSTEM INC,COM,32055Y201,5180,127060,SH,,DFND,,60,0,127000
273,FIRST MERCHANTS CORP,COM,320817109,1985,53054,SH,,DFND,,32175,0,20879
274,FIRST REP BK SAN FRANCISCO CAL,COM,33616C100,17626,119960,SH,,DFND,,101194,0,18766
275,FIRST SOLAR INC,COM,336433107,2381,24070,SH,,DFND,,573,0,23497
276,FIRST TR EXCHANGE TRADED FD CA,COM,33733E104,247,3662,SH,,SOLE,,3662,0,0
277,FIRST TR EXCHANGE-TRADED FD DJ,COM,33733E302,796,3751,SH,,DFND,,3713,0,38
278,FIRST TR NAS100 EQ WEIGHTED IX,COM,337344105,318,3155,SH,,SOLE,,3155,0,0
279,FIRST TR EXCHANG TRADED FD III,COM,33739N108,204,3604,SH,,SOLE,,3604,0,0
280,FIRST TR EXCH TRADED FD III MU,COM,33739P301,202,3756,SH,,SOLE,,3756,0,0
281,FIRST TR EXCH TRADED FD III UL,COM,33740J104,202,10000,SH,,SOLE,,10000,0,0
282,FORD MTR CO DEL,COM,345370860,934,106218,SH,,DFND,,104218,0,2000
283,FORMFACTOR INC,COM,346375108,4620,107385,SH,,DFND,,0,0,107385
284,FORTINET INC,COM,34959E109,288,1940,SH,,SOLE,,1940,0,0
285,FOY JOHNSON INC,COM,351676101,0,50000,SH,,SOLE,,50000,0,0
286,FREEPORT-MCMORAN INC,COM,35671D857,1115161,42857825,SH,,DFND,,38709139,0,4148686
287,FRESHPET INC COM,COM,358039105,26629,187541,SH,,DFND,,179982,0,7559
288,FS KKR CAP CORP II,COM,35952V303,292,17819,SH,,SOLE,,17819,0,0
289,FI ENHANCED LRG CAP GROWTH GS,COM,362273302,2393,10092,SH,,DFND,,9895,0,197
290,GENERAL DYNAMICS CORP,COM,369550108,1742,11706,SH,,SOLE,,11706,0,0
291,GENERAL ELECTRIC CO,COM,369604103,1945,180118,SH,,DFND,,178706,0,1411
292,GENERAL MLS INC,COM,370334104,4263,72502,SH,,DFND,,26205,0,46297
293,GENOIL INC,COM,371924101,0,448496,SH,,SOLE,,448496,0,0
294,GENUINE PARTS CO,COM,372460105,342,3409,SH,,SOLE,,3409,0,0
295,GENWORTH FINL INC,COM,37247D106,65,17270,SH,,SOLE,,17270,0,0
296,GERDAU SA ADR,COM,373737105,41564,8900242,SH,,DFND,,6926262,0,1973980
297,GILEAD SCIENCES INC,COM,375558103,546,9364,SH,,DFND,,9164,0,200
298,GLACIER BANCORP INC NEW,COM,37637Q105,25718,558967,SH,,DFND,,278554,0,280413
299,GLAXOSMITHKLINE PLC ADR,COM,37733W105,608179,16526594,SH,,DFND,,15031043,0,1495551
300,GLENCORE PLC ADR ADR,COM,37827X100,673,105586,SH,,DFND,,91156,0,14430
301,GLOBAL PMTS INC,COM,37940X102,145286,674431,SH,,DFND,,664175,0,10256
302,GLOBAL 1 INVT HLDGS CORP,COM,37947N107,0,617850,SH,,SOLE,,617850,0,0
303,GLOBAL X FDS RBTCS ARTFL INTE,COM,37954Y715,11223,338695,SH,,DFND,,336402,0,2292
304,GLOBE LIFE INC,COM,37959E102,576,6065,SH,,DFND,,3257,0,2808
305,GOLDMAN SACHS GROUP INC,COM,38141G104,652860,2475675,SH,,DFND,,2160506,0,315169
306,GOLDMAN SACHS ETF TR EQUITY ET,COM,381430503,259,3427,SH,,SOLE,,3427,0,0
307,GOLDMAN SACHS GROUP INC,COM,38148T2B4,10,10000,SH,,SOLE,,10000,0,0
308,GREAT WESTERN MINERALS GROUP,COM,39141Y103,0,10000,SH,,SOLE,,10000,0,0
309,GREENHILL& CO INC,COM,395259104,5798,477579,SH,,DFND,,460847,0,16732
310,GULF UNITED ENERGY INC,COM,402580104,0,36000,SH,,SOLE,,36000,0,0
311,HDFC BANK LTD ADR,COM,40415F101,414672,5738612,SH,,DFND,,2313126,0,3425486
312,H ENTERTAINMENT INC,COM,40417A100,0,11500,SH,,SOLE,,11500,0,0
313,HSBC HLDGS PLC ADR,COM,404280406,407,15714,SH,,DFND,,15274,0,440
314,HP INC COM,COM,40434L105,225,9134,SH,,SOLE,,9134,0,0
315,HAEMONETICS CORP,COM,405024100,18303,154134,SH,,DFND,,115853,0,38281
316,HALLIBURTON CO,COM,406216101,68675,3633616,SH,,DFND,,3104711,0,528904
317,HALOZYME THERAPEUTICS INC,COM,40637H109,38897,910715,SH,,DFND,,696514,0,214201
318,HARD TO TREAT DISEASES INC,COM,41164A103,0,110000,SH,,SOLE,,110000,0,0
319,HEICO CORP NEW,COM,422806109,106424,803808,SH,,DFND,,300053,0,503755
320,HEINEKEN N V SPONSORED ADR L1,COM,423012301,16560,296735,SH,,DFND,,295462,0,1273
321,HELMERICH& PAYNE INC,COM,423452101,26542,1146014,SH,,DFND,,470401,0,675613
322,HENGAN INTL GROUP CO LTD UNSPO,COM,42551N104,1449,40928,SH,,SOLE,,40928,0,0
323,HERMES INTL SCA ADR,COM,42751Q105,10537,97908,SH,,DFND,,94456,0,3452
324,HERON THERAPEUTICS INC,COM,427746102,700,33078,SH,,DFND,,0,0,33078
325,HERSHA HOSPITALITY TR,COM,427825500,81,10265,SH,,DFND,,0,0,10265
326,HESS CORP,COM,42809H107,164508,3116269,SH,,DFND,,3023619,0,92649
327,HEXCEL CORP NEW,COM,428291108,3749,77305,SH,,DFND,,5331,0,71974
328,HILL ROM HLDGS INC,COM,431475102,71056,725286,SH,,DFND,,362200,0,363086
329,HITACHI LIMITED ADR,COM,433578507,87500,1111185,SH,,DFND,,1098832,0,12353
330,HOLOGIC INC,COM,436440101,1103,15142,SH,,SOLE,,15142,0,0
331,HOME DEPOT INC,COM,437076102,1818441,6846024,SH,,DFND,,6096695,0,749329
332,HOMESTREET INC,COM,43785V102,498,14754,SH,,DFND,,0,0,14754
333,HONDA MOTOR LTD ADR,COM,438128308,190712,6750860,SH,,DFND,,6669195,0,81665
334,HONEYWELL INTL INC,COM,438516106,33002,155158,SH,,DFND,,110462,0,44696
335,HORMEL FOODS CORP,COM,440452100,2219,47602,SH,,DFND,,283,0,47319
336,HOYA CORP ADR,COM,443251103,4949,35806,SH,,DFND,,31735,0,4071
337,HUB GROUP INC,COM,443320106,58497,1026262,SH,,DFND,,475388,0,550874
338,HUAZHU GROUP LTDSPONSORED ADR,COM,44332N106,7392,164152,SH,,SOLE,,164152,0,0
339,HUBSPOT INC,COM,443573100,46196,116526,SH,,DFND,,86119,0,30407
340,HUMANA INC,COM,444859102,212,517,SH,,SOLE,,517,0,0
341,HYDRO66 HLDGS CORP,COM,44905A101,3,15000,SH,,SOLE,,15000,0,0
342,HYPERA SA ADR,COM,44914U106,6503,986195,SH,,SOLE,,986195,0,0
343,ICU MED INC,COM,44930G107,8380,39068,SH,,DFND,,68,0,39000
344,IDM INTL LTD ADR,COM,449395102,0,12400,SH,,DFND,,2400,0,10000
345,IPG PHOTONICS CORP,COM,44980X109,34123,152480,SH,,DFND,,117713,0,34767
346,IZON NETWORK INC,COM,45074N105,0,62500,SH,,SOLE,,62500,0,0
347,IDACORP INC,COM,451107106,20782,216407,SH,,DFND,,71474,0,144933
348,IDEXX LABS INC,COM,45168D104,9590,19185,SH,,DFND,,6292,0,12893
349,ICON INTL HLDGS INC,COM,451944102,0,20000,SH,,SOLE,,20000,0,0
350,ILLINOIS TOOL WKS INC,COM,452308109,700,3434,SH,,DFND,,3329,0,105
351,IMMUNOGEN INC,COM,45253H101,261,40455,SH,,SOLE,,40455,0,0
352,IMOGO MOBILE TECHNOLOGIES CORP,COM,45256Q108,0,15000,SH,,SOLE,,15000,0,0
353,IN OVATIONS HLDGS INC,COM,453229106,0,1800000,SH,,SOLE,,1800000,0,0
354,INCYTE CORP,COM,45337C102,3239,37239,SH,,DFND,,30551,0,6688
355,INDEPENDENT BANK CORP MASS,COM,453836108,6816,93312,SH,,DFND,,48494,0,44818
356,INDUSTRIA DE DISENO TEXTIL ADR,COM,455793109,206,12919,SH,,SOLE,,12919,0,0
357,INFINEON TECHNOLOGIES AG ADR,COM,45662N103,414,10786,SH,,DFND,,444,0,10342
358,INFOSYS LTD ADR,COM,456788108,322244,19011469,SH,,DFND,,8109294,0,10902175
359,ING GROEP N.V. ADR,COM,456837103,371332,39336026,SH,,DFND,,38575698,0,760328
360,INGERSOLL RAND INC,COM,45687V106,919,20162,SH,,SOLE,,20162,0,0
361,INSTALLED BLDG PRODS INC,COM,45780R101,2309,22652,SH,,DFND,,54,0,22598
362,INSULET CORP,COM,45784P101,85647,335044,SH,,DFND,,300038,0,35006
363,INPEX CORP ADR,COM,45790H101,83,15440,SH,,SOLE,,15440,0,0
364,INTEGRA LIFESCIENCES HLDGS CP,COM,457985208,43935,676754,SH,,DFND,,655983,0,20771
365,INTEL CORP,COM,458140100,1454771,29200534,SH,,DFND,,26642285,0,2558249
366,INTEGER HLDGS CORP,COM,45826H109,56274,693115,SH,,DFND,,358297,0,334818
367,INTERCEPT PHARMACEUTICALS INC,COM,45845P108,1481,59970,SH,,DFND,,36220,0,23750
368,INTERNATIONAL BUSINESS MACHS,COM,459200101,2376,18874,SH,,DFND,,16595,0,2279
369,INTERNATIONAL PWR GROUP LTD,COM,46018A100,0,39000,SH,,SOLE,,39000,0,0
370,INTERPUBLIC GROUP COS INC,COM,460690100,260,11038,SH,,SOLE,,11038,0,0
371,INVESCO QQQ TRUST SERIES 1,COM,46090E103,504068,1606643,SH,,DFND,,1579508,0,27135
372,INTESA SANPAOLO S P A ADR,COM,46115H107,362172,25793891,SH,,DFND,,25533294,0,260597
373,INTUIT,COM,461202103,768,2022,SH,,SOLE,,2022,0,0
374,INTUITIVE SURGICAL INC,COM,46120E602,1000871,1223409,SH,,DFND,,1067496,0,155913
375,INVESCO S&P 500 TOP 50 ETF,COM,46137V233,146187,512452,SH,,DFND,,503633,0,8819
376,INVESCO EXCHANGE TRADED FD TRS,COM,46137V357,378,2966,SH,,SOLE,,2966,0,0
377,INVESCO NASDAQ INTERNET ETF,COM,46137V530,54853,240373,SH,,DFND,,236128,0,4245
378,INVESCO EXCHNG TRADED FD TR II,COM,46138E800,2081,25278,SH,,SOLE,,25278,0,0
379,IQVIA HLDGS INC,COM,46266C105,2308,12883,SH,,DFND,,10003,0,2880
380,IQIYI INC ADR,COM,46267X108,1469,84043,SH,,SOLE,,84043,0,0
381,IRONWOOD PHARMACEUTICALS INC,COM,46333X108,913,80189,SH,,DFND,,45191,0,34998
382,ISHARES GOLD TRUST ISHARES,COM,464285105,273,15040,SH,,SOLE,,15040,0,0
383,ISHARES INC GLB ENR PROD ETF,COM,464286343,4099,313838,SH,,DFND,,313463,0,375
384,ISHARES EM ASIA ETF,COM,464286426,281,3212,SH,,SOLE,,3212,0,0
385,ISHARES MSCI EUROZONE ETF,COM,464286608,78165,1773261,SH,,DFND,,1743413,0,29847
386,ISHARES INC MSCI FRANCE ETF,COM,464286707,10545,317052,SH,,DFND,,314381,0,2671
387,ISHARES MSCI SWITZERLAND ETF,COM,464286749,1208,27030,SH,,DFND,,26418,0,612
388,ISHARES INC MSCI SPAIN ETF,COM,464286764,2347,86811,SH,,DFND,,86193,0,618
389,ISHARES INC MSCI GERMANY ETF,COM,464286806,553,17410,SH,,DFND,,17333,0,77
390,ISHARES TR S&P 100 ETF,COM,464287101,1722,10032,SH,,SOLE,,10032,0,0
391,ISHARES TR CORE S&P TTL STK,COM,464287150,1156,13403,SH,,SOLE,,13403,0,0
392,ISHARES TR SELECT DIVID ETF,COM,464287168,227,2355,SH,,SOLE,,2355,0,0
393,ISHARES TR TIPS BD ETF,COM,464287176,1207,9457,SH,,SOLE,,9457,0,0
394,ISHARES S&P 500 ETF,COM,464287200,1459,3886,SH,,DFND,,3728,0,158
395,ISHARES CORE US AGGREGATE BOND,COM,464287226,58071,491338,SH,,DFND,,488398,0,2940
396,ISHARES TR IBOXX INV CP ETF,COM,464287242,2036390,14742559,SH,,DFND,,14590916,0,151642
397,ISHARES GLOBAL TECH ETF,COM,464287291,162224,540656,SH,,DFND,,531487,0,9169
398,ISHARES TR S&P 500 GRWT ETF,COM,464287309,282,4419,SH,,SOLE,,4419,0,0
399,ISHARES GLOBAL HEALTH CARE ETF,COM,464287325,12441,162730,SH,,DFND,,160480,0,2249
400,ISHARES TR GLOBAL FINLS ETF,COM,464287333,952,14626,SH,,SOLE,,14626,0,0
401,ISHARES GLOBAL ENERGY ETF,COM,464287341,57488,2830522,SH,,DFND,,2790598,0,39923
402,ISHARES TR S&P 500 VAL ETF,COM,464287408,258,2014,SH,,SOLE,,2014,0,0
403,ISHARES TR 1 3 YR TR BD ETF,COM,464287457,24751,286541,SH,,DFND,,282812,0,3729
404,ISHARES TR MSCI EAFE ETF,COM,464287465,687,9413,SH,,SOLE,,9413,0,0
405,ISHARES TR RUS MD CP GR ETF,COM,464287481,203,1975,SH,,SOLE,,1975,0,0
406,ISHARES TR RUS MID CAP ETF,COM,464287499,208,3033,SH,,SOLE,,3033,0,0
407,ISHARES S&P MID-CAP ETF,COM,464287507,508,2211,SH,,SOLE,,2211,0,0
408,ISHARES TR EXPANDED TECH,COM,464287515,6235,17609,SH,,DFND,,17542,0,67
409,ISHARES TR PHLX SEMICND ETF,COM,464287523,71831,189438,SH,,DFND,,187742,0,1696
410,ISHARES NASDAQ BIOTECH ETF,COM,464287556,345,2279,SH,,DFND,,2266,0,13
411,ISHARES TR RUS 1000 VAL ETF,COM,464287598,293,2144,SH,,SOLE,,2144,0,0
412,ISHARES RUSSELL 1000 GROWTH,COM,464287614,2671,11076,SH,,DFND,,11028,0,48
413,ISHARES TR RUS 1000 ETF,COM,464287622,224,1057,SH,,SOLE,,1057,0,0
414,ISHARES TR RUS 2000 VAL ETF,COM,464287630,290,2199,SH,,SOLE,,2199,0,0
415,ISHARES TR RUSSELL 2000 ETF,COM,464287655,722,3685,SH,,DFND,,3683,0,2
416,ISHARES US FINANCIALS ETF,COM,464287788,33632,503703,SH,,DFND,,494942,0,8760
417,ISHARES S&P SMALL-CAP ETF,COM,464287804,516,5615,SH,,SOLE,,5615,0,0
418,ISHARES TR EUROPE ETF,COM,464287861,2594,54126,SH,,DFND,,53859,0,267
419,ISHARES TR MSCI ACWI EX US,COM,464288240,209,3943,SH,,SOLE,,3943,0,0
420,ISHARES MSCI ACWI ETF,COM,464288257,1850,20391,SH,,SOLE,,20391,0,0
421,ISHARES JP MOR EM MK ETF,COM,464288281,204,1757,SH,,SOLE,,1757,0,0
422,ISHARES NEW YORK MUNI BOND ETF,COM,464288323,400,6863,SH,,SOLE,,6863,0,0
423,ISHARES CALIFORNIA MUNI BOND E,COM,464288356,805,12815,SH,,SOLE,,12815,0,0
424,ISHARES NATIONAL MUNI BOND ETF,COM,464288414,389194,3320764,SH,,DFND,,3291988,0,28776
425,ISHARES TR IBOXX HI YD ETF,COM,464288513,241151,2762320,SH,,DFND,,2744917,0,17402
426,ISHARES TR MBS ETF,COM,464288588,952836,8651922,SH,,DFND,,8575415,0,76506
427,ISHARES BROAD USD INVESTMENT G,COM,464288620,358,5776,SH,,SOLE,,5776,0,0
428,ISHARES INTERMEDIATE-TERM CORP,COM,464288638,554,8961,SH,,DFND,,7587,0,1374
429,ISHARES SHORT-TERM CORPORATE B,COM,464288646,855,15498,SH,,SOLE,,15498,0,0
430,ISHARES TR 3 7 YR TR BD ETF,COM,464288661,345,2594,SH,,DFND,,2425,0,169
431,ISHARES PREFERRED& INCOME SEC,COM,464288687,222,5773,SH,,SOLE,,5773,0,0
432,ISHARES TR GLOBAL MATER ETF,COM,464288695,538,6605,SH,,DFND,,6503,0,102
433,ISHARES TR GLOB INDSTRL ETF,COM,464288729,4756,44556,SH,,DFND,,44399,0,157
434,ISHARES GLOBAL CONS STAPLES,COM,464288737,2941,50457,SH,,DFND,,49355,0,1102
435,ISHARES TR GLB CNS DISC ETF,COM,464288745,245,1572,SH,,SOLE,,1572,0,0
436,ISHARES US AEROSPACE& DEF ETF,COM,464288760,565,5967,SH,,SOLE,,5967,0,0
437,ISHARES US BRKR-DEALR& EXCHNG,COM,464288794,244,3070,SH,,SOLE,,3070,0,0
438,ISHARES TR U.S. MED DVC ETF,COM,464288810,35551,108617,SH,,DFND,,106972,0,1645
439,ISHARES TR U.S. PHARMA ETF,COM,464288836,1666,9283,SH,,DFND,,9217,0,66
440,ISHARES TR EAFE GRWTH ETF,COM,464288885,345,3415,SH,,SOLE,,3415,0,0
441,ISHARES MSCI EUROPE FN ETF,COM,464289180,359411,20490925,SH,,DFND,,20275998,0,214926
442,ISHARES SILVER TR ISHARES,COM,46428Q109,377,15325,SH,,SOLE,,15325,0,0
443,ISHARES TR MSCI USA MIN VOL,COM,46429B697,211,3109,SH,,SOLE,,3109,0,0
444,ISHARES TR MSCI USA QLT FCT,COM,46432F339,223,1917,SH,,SOLE,,1917,0,0
445,ISHARES TR CORE MSCI EAFE,COM,46432F842,2924,42318,SH,,DFND,,42167,0,151
446,ISHARES CORE MSCI EM ETF,COM,46434G103,537,8657,SH,,DFND,,8036,0,621
447,ISHARES MSCI TAIWAN ETF,COM,46434G772,292,5501,SH,,SOLE,,5501,0,0
448,ISHARES MSCI JAPAN ETF,COM,46434G822,52155,771977,SH,,DFND,,564408,0,207568
449,ISHARES GLOBAL METALS& MINING,COM,46434G848,33288,903336,SH,,DFND,,890946,0,12390
450,ISHARES TR 0-5YR HI YL CP,COM,46434V407,504,11096,SH,,DFND,,10915,0,181
451,ISHARES TR CORE DIV GRWTH,COM,46434V621,203,4528,SH,,SOLE,,4528,0,0
452,ISHARES TR CORE MSCI EURO,COM,46434V738,17181,335034,SH,,DFND,,331591,0,3443
453,ISHARES TR ESG USD CORPT,COM,46435G193,8533,301103,SH,,DFND,,292061,0,9042
454,ISHARES TR ESG 1 5 YR USD,COM,46435G243,4257,162607,SH,,DFND,,157944,0,4663
455,ISHARES MSCI UNITED KINGDOM,COM,46435G334,312,10641,SH,,DFND,,10288,0,353
456,ISHARES ESG MSCI USA ETF,COM,46435G425,1122,13040,SH,,SOLE,,13040,0,0
457,ISHARES ESG MSCI EAFE ETF,COM,46435G516,496,6796,SH,,SOLE,,6796,0,0
458,ISHARES TR BROAD USD HIGH,COM,46435U853,162731,3944027,SH,,DFND,,3908251,0,35776
459,ITAU UNIBANCO HLDG SA SPON ADR,COM,465562106,150285,24677410,SH,,DFND,,9912506,0,14764904
460,J& J SNACK FOODS CORP,COM,466032109,1763,11345,SH,,SOLE,,11345,0,0
461,JPMORGAN CHASE& CO,COM,46625H100,832016,6547696,SH,,DFND,,5940140,0,607555
462,JD.COM INC ADR,COM,47215P106,688544,7833260,SH,,DFND,,3025037,0,4808223
463,JOHNSON& JOHNSON,COM,478160104,102518,651406,SH,,DFND,,609055,0,42351
464,J2 GLOBAL INC,COM,48123V102,18744,191873,SH,,DFND,,146140,0,45733
465,JPMORGAN CHASE BK N A,COM,48124JN61,172,147000,SH,,SOLE,,147000,0,0
466,JPMORGAN CHASE BK N A,COM,48128LSS9,88,100000,SH,,SOLE,,100000,0,0
467,JUNIPER NETWORKS INC,COM,48203R104,956,42481,SH,,DFND,,33340,0,9141
468,KBS REAL ESTATE INVT TRUST II,COM,48243C109,0,15260,SH,,SOLE,,15260,0,0
469,KLA CORPORATION,COM,482480100,388,1500,SH,,SOLE,,1500,0,0
470,KAISER ALUMINUM CORP,COM,483007704,14328,144871,SH,,DFND,,51900,0,92971
471,KANSAI ELECTRIC POWER CO I ADR,COM,484602305,258,54677,SH,,SOLE,,54677,0,0
472,KANSAS CITY SOUTHERN,COM,485170302,85881,420717,SH,,DFND,,126256,0,294461
473,KB HOME,COM,48666K109,92264,2752505,SH,,DFND,,1356034,0,1396471
474,KELLOGG CO,COM,487836108,658,10568,SH,,DFND,,89,0,10479
475,KENNAMETAL INC,COM,489170100,28931,798311,SH,,DFND,,425444,0,372867
476,KERING S A ADR,COM,492089107,24309,334247,SH,,DFND,,329432,0,4815
477,KIMBERLY CLARK CORP,COM,494368103,4717,34987,SH,,DFND,,10395,0,24592
478,KIMBERLY CLRK DE MEX SAB D ADR,COM,494386204,1089,127797,SH,,SOLE,,127797,0,0
479,KINGDEE INTL SOFTWARE GROU ADR,COM,49567R102,4795,11765,SH,,SOLE,,11765,0,0
480,KLEANGAS ENERGY TECHNOLOGIES I,COM,498456102,0,20400,SH,,SOLE,,20400,0,0
481,KNOWLES CORP,COM,49926D109,52239,2834481,SH,,DFND,,1370886,0,1463595
482,KORN FERRY COM NEW,COM,500643200,1050,24139,SH,,DFND,,0,0,24139
483,KRAFT HEINZ CO,COM,500754106,237,6848,SH,,SOLE,,6848,0,0
484,KRANESHARES CHINA INTERNET ETF,COM,500767306,23687,308470,SH,,DFND,,304069,0,4401
485,KROGER CO,COM,501044101,862,27153,SH,,DFND,,20894,0,6259
486,KULICKE& SOFFA INDS INC,COM,501242101,13790,433499,SH,,SOLE,,433499,0,0
487,KUMBA IRON ORE LTD ADR,COM,50125N104,6498,459724,SH,,SOLE,,459724,0,0
488,KYOCERA CORP ADS ADR,COM,501556203,1959,31979,SH,,DFND,,12443,0,19536
489,LHC GROUP INC,COM,50187A107,2673,12532,SH,,DFND,,156,0,12376
490,L OREAL CO ADR,COM,502117203,1142638,15023603,SH,,DFND,,14222516,0,801087
491,LVMH MOET HENNESSY LOU VUI ADR,COM,502441306,1473158,11783105,SH,,DFND,,10954328,0,828776
492,LABORATORY CORP AMER HLDGS,COM,50540R409,869,4270,SH,,DFND,,2726,0,1544
493,LAM RESEARCH CORP,COM,512807108,452227,957559,SH,,DFND,,821185,0,136374
494,LANCASTER COLONY CORP,COM,513847103,54096,294430,SH,,DFND,,150398,0,144032
495,LANTHEUS HLDGS INC,COM,516544103,632,46829,SH,,DFND,,1059,0,45770
496,LAUDER ESTEE COS INC CL A,COM,518439104,287,1078,SH,,SOLE,,1078,0,0
497,LEGGETT& PLATT INC,COM,524660107,270,6087,SH,,DFND,,2826,0,3261
498,LENNAR CORP CL A,COM,526057104,79654,1044914,SH,,DFND,,477386,0,567528
499,LENNAR CORP CL B,COM,526057302,951,15545,SH,,DFND,,4896,0,10649
500,LIGAND PHARMACEUTICALS INC,COM,53220K504,6708,67447,SH,,DFND,,47191,0,20256
501,LIFE STORAGE INC,COM,53223X107,8219,68844,SH,,DFND,,18784,0,50060
502,LILLY ELI& CO,COM,532457108,850580,5037790,SH,,DFND,,4774441,0,263348
503,LINCOLN ELEC HLDGS INC,COM,533900106,88802,763884,SH,,DFND,,334537,0,429347
504,LITTELFUSE INC,COM,537008104,85796,336906,SH,,DFND,,112506,0,224400
505,LIVE NATION ENTERTAINMENT INC,COM,538034109,771,10488,SH,,DFND,,2189,0,8299
506,LIVEPERSON INC,COM,538146101,4811,77308,SH,,SOLE,,77308,0,0
507,LLOYDS BANKING GROUP PLC ADR,COM,539439109,76,38820,SH,,SOLE,,38820,0,0
508,LOCALIZA RENT A CAR ADR,COM,53956W300,6763,509477,SH,,SOLE,,509477,0,0
509,LOCKHEED MARTIN CORP,COM,539830109,1474,4152,SH,,DFND,,4102,0,50
510,LONDON STK EXCHANGE GROUP ADR,COM,54211N101,1849,60065,SH,,DFND,,53793,0,6272
511,LOWES COS INC,COM,548661107,13152,81941,SH,,DFND,,79189,0,2752
512,LUMENTUM HLDGS INC,COM,55024U109,84861,895163,SH,,DFND,,505952,0,389211
513,LUMINEX CORP DEL COM,COM,55027E102,802,34671,SH,,DFND,,3380,0,31291
514,M D C HLDGS INC,COM,552676108,7166,147445,SH,,DFND,,91414,0,56031
515,MDC PARTNERS INC,COM,552697104,251,100000,SH,,SOLE,,100000,0,0
516,M/I HOMES INC,COM,55305B101,1648,37214,SH,,DFND,,21,0,37193
517,MKS INSTRS INC,COM,55306N104,79311,527159,SH,,DFND,,317552,0,209607
518,MSCI INC,COM,55354G100,90006,201567,SH,,DFND,,78979,0,122588
519,MYR GROUP INC DEL,COM,55405W104,1841,30637,SH,,DFND,,0,0,30637
520,MACK CALI RLTY CORP,COM,554489104,2962,237684,SH,,DFND,,225549,0,12135
521,MANHATTAN SCIENTIFICS INC,COM,563122100,2,40000,SH,,SOLE,,40000,0,0
522,MANULIFE FINL CORP,COM,56501R106,233,13090,SH,,SOLE,,13090,0,0
523,MARATHON OIL CORP,COM,565849106,49040,7352351,SH,,DFND,,6608556,0,743795
524,MARATHON PETE CORP,COM,56585A102,445,10747,SH,,DFND,,8231,0,2516
525,MARSH& MCLENNAN COS INC,COM,571748102,235,2012,SH,,SOLE,,2012,0,0
526,MARRIOTT INTL INC NEW,COM,571903202,1736,13158,SH,,DFND,,11375,0,1783
527,MARUBENI CORP ADR ADR,COM,573810207,252,3789,SH,,SOLE,,3789,0,0
528,MASTERCARD INC,COM,57636Q104,1422711,3985855,SH,,DFND,,3392921,0,592933
529,MATADOR RES CO,COM,576485205,1232,102156,SH,,SOLE,,102156,0,0
530,MATERION CORP,COM,576690101,8921,140003,SH,,DFND,,93840,0,46163
531,MCDONALDS CORP,COM,580135101,118726,553294,SH,,DFND,,548529,0,4765
532,MEDPACE HLDGS INC COM,COM,58506Q109,41225,296160,SH,,DFND,,185785,0,110375
533,MEITUAN - UNSP ADR ADR,COM,58533E103,3657,48120,SH,,SOLE,,48120,0,0
534,MERCADOLIBRE INC COM,COM,58733R102,415909,248271,SH,,DFND,,176447,0,71824
535,MERCK& CO. INC,COM,58933Y105,783246,9575129,SH,,DFND,,8706988,0,868140
536,MERIT MED SYS INC,COM,589889104,16736,301500,SH,,DFND,,187700,0,113800
537,MERITAGE HOMES CORP,COM,59001A102,113293,1367946,SH,,DFND,,571476,0,796470
538,METLIFE INC,COM,59156R108,257,5478,SH,,DFND,,5169,0,309
539,MICROSOFT CORP,COM,594918104,5203265,23393871,SH,,DFND,,21314277,0,2079593
540,MID AMER APT CMNTYS INC,COM,59522J103,38339,302622,SH,,DFND,,148438,0,154184
541,MITSUBISHI ELEC CORP ADR,COM,606776201,148751,4931862,SH,,DFND,,4877242,0,54620
542,MODERNA INC,COM,60770K107,201,1927,SH,,DFND,,1777,0,150
543,MONDELEZ INTL INC,COM,609207105,747,12776,SH,,SOLE,,12776,0,0
544,MOOG INC,COM,615394202,13404,169035,SH,,DFND,,119923,0,49112
545,MORGAN STANLEY,COM,617446448,635293,9270283,SH,,DFND,,8707752,0,562530
546,MORNINGSTAR INC,COM,617700109,5640,24355,SH,,DFND,,6471,0,17884
547,MURATA MFG CO LTD ADR,COM,626425102,280361,12423089,SH,,DFND,,12293242,0,129846
548,MYRIAD GENETICS INC,COM,62855J104,1049,53054,SH,,DFND,,37306,0,15748
549,NANOSTRING TECHNOLOGIES INC,COM,63009R109,635,9497,SH,,DFND,,46,0,9451
550,NASPERS LTD SPONSORED ADR ADR,COM,631512209,5788,140786,SH,,SOLE,,140786,0,0
551,NATIONAL GRID PLC SPONSOR ADR,COM,636274409,257,4352,SH,,DFND,,4069,0,283
552,NATIONAL OILWELL VARCO INC,COM,637071101,10085,734487,SH,,DFND,,729781,0,4706
553,NATIONAL STORAGE AFFILIATES TR,COM,637870106,320,8878,SH,,SOLE,,8878,0,0
554,NATUS MED INC DEL,COM,639050103,8834,440827,SH,,DFND,,428774,0,12053
555,NEOLOGIC ANIMATION INC,COM,64049V100,0,10000,SH,,SOLE,,10000,0,0
556,NEOPHOTONICS CORP,COM,64051T100,997,109673,SH,,DFND,,37,0,109636
557,NESTE OYJ ADR,COM,64104Y106,252,6986,SH,,SOLE,,6986,0,0
558,NESTLE S A ADR,COM,641069406,493290,4182275,SH,,DFND,,4137158,0,45117
559,NET WORLD MARKETING INC,COM,64107S106,0,20000,SH,,SOLE,,20000,0,0
560,NETFLIX INC COM,COM,64110L106,1999486,3697753,SH,,DFND,,3491786,0,205967
561,NETEASE INC SPONSORED ADR ADR,COM,64110W102,196163,2048267,SH,,DFND,,722172,0,1326095
562,NETSCOUT SYS INC,COM,64115T104,53233,1941395,SH,,DFND,,947117,0,994278
563,NEUROCRINE BIOSCIENCES INC,COM,64125C109,5505,57430,SH,,DFND,,43907,0,13523
564,NEW COLOMBIA RES INC,COM,64359T109,0,120000,SH,,SOLE,,120000,0,0
565,NEW ORIENTAL ED& TECHNOLO ADR,COM,647581107,94677,509534,SH,,DFND,,231403,0,278131
566,NEXTIER OILFIELD SOLUTIONS INC,COM,65290C105,9743,2832187,SH,,DFND,,958276,0,1873911
567,NEXTERA ENERGY INC,COM,65339F101,1006549,13046651,SH,,DFND,,12575435,0,471215
568,NEXTSOURCE MATLS INC CDA,COM,65343M100,1,14200,SH,,SOLE,,14200,0,0
569,NICE LTD ADR,COM,653656108,49564,174806,SH,,DFND,,144234,0,30572
570,NIKE INC,COM,654106103,992137,7013054,SH,,DFND,,6688555,0,324499
571,NOKIA CORP ADR,COM,654902204,43,10899,SH,,SOLE,,10899,0,0
572,NORFOLK SOUTHERN CORP,COM,655844108,136028,572483,SH,,DFND,,394609,0,177874
573,NORTHERN TR CORP,COM,665859104,1187,12749,SH,,DFND,,8937,0,3812
574,NORTHROP GRUMMAN CORP,COM,666807102,355,1164,SH,,SOLE,,1164,0,0
575,NORTHWEST NAT HLDG CO,COM,66765N105,9160,199182,SH,,DFND,,117265,0,81917
576,NOVARTIS A G SPONSORED ADR ADR,COM,66987V109,881768,9337800,SH,,DFND,,9127777,0,210022
577,NOVAVAX INC,COM,670002401,819,7347,SH,,SOLE,,7347,0,0
578,NOVO-NORDISK A S ADR,COM,670100205,1105645,15828850,SH,,DFND,,14953284,0,875566
579,NOVUS ACQUISITION& DEV CORP,COM,67011R205,1,16913,SH,,SOLE,,16913,0,0
580,NUANCE COMMUNICATIONS INC,COM,67020Y100,3080,69859,SH,,DFND,,46436,0,23423
581,NUCOR CORP,COM,670346105,10802,203074,SH,,DFND,,61620,0,141454
582,NUTRA PHARMA CORP,COM,67060U208,0,100063,SH,,SOLE,,100063,0,0
583,NVIDIA CORP COM,COM,67066G104,620678,1188582,SH,,DFND,,639206,0,549376
584,NUVASIVE INC,COM,670704105,53185,944161,SH,,DFND,,482282,0,461879
585,NUVEEN ENHANCED AMT FREE MUNI,COM,67071L106,385,22944,SH,,SOLE,,22944,0,0
586,NUSHARES ETF TR ESG HI TLD CRP,COM,67092P854,451,18031,SH,,SOLE,,18031,0,0
587,OCCIDENTAL PETE CORP,COM,674599105,11174,645502,SH,,DFND,,372322,0,273180
588,OCEANEERING INTL INC,COM,675232102,18955,2384313,SH,,DFND,,1167171,0,1217142
589,OKTA INC,COM,679295105,281,1106,SH,,SOLE,,1106,0,0
590,OLD DOMINION FREIGHT LINE INC,COM,679580100,689,3530,SH,,SOLE,,3530,0,0
591,OMNICELL INC,COM,68213N109,27994,233246,SH,,DFND,,40246,0,193000
592,OMRON CORP SPONSORED ADR ADR,COM,682151303,127994,1436385,SH,,DFND,,1420609,0,15775
593,ON SEMICONDUCTOR CORP,COM,682189105,30203,922805,SH,,DFND,,677540,0,245265
594,ONELIFE TECHNOLOGIES CORP,COM,68268M105,0,16000,SH,,SOLE,,16000,0,0
595,ONTO INNOVATION INC,COM,683344105,54239,1140663,SH,,DFND,,603411,0,537252
596,OPEN TEXT CORP,COM,683715106,876,19267,SH,,DFND,,17077,0,2190
597,ORACLE CORP,COM,68389X105,901401,13934166,SH,,DFND,,12505775,0,1428390
598,ORASURE TECHNOLOGIES INC,COM,68554V108,713,67357,SH,,DFND,,95,0,67262
599,ORBITE TECHNOLOGIES INC,COM,68558W102,0,18500,SH,,SOLE,,18500,0,0
600,ORGANIC ALLIANCE INC,COM,68618N209,0,28670,SH,,SOLE,,28670,0,0
601,ORIX CORP ADR,COM,686330101,292,3770,SH,,SOLE,,3770,0,0
602,OTIS WORLDWIDE CORP,COM,68902V107,100616,1489499,SH,,DFND,,1385688,0,103810
603,OWENS CORNING NEW,COM,690742101,12938,170772,SH,,DFND,,162359,0,8413
604,OXFORD SQUARE CAP CORP,COM,69181V107,36,11645,SH,,SOLE,,11645,0,0
605,PDC ENERGY INC,COM,69327R101,35520,1730173,SH,,DFND,,640266,0,1089907
606,PJSC LUKOIL SPONSORED ADR ADR,COM,69343P105,130759,1871421,SH,,DFND,,887141,0,984280
607,PNC FINL SVCS GROUP INC,COM,693475105,1176,7889,SH,,DFND,,7847,0,42
608,PRA HEALTH SCIENCES INC,COM,69354M108,20037,159734,SH,,DFND,,116608,0,43126
609,PTC THERAPEUTICS INC,COM,69366J200,9161,150106,SH,,DFND,,96955,0,53151
610,PT BK RAKYAT ADR,COM,69366X100,26515,1786765,SH,,DFND,,13765,0,1773000
611,PT UNILEVER INDONESIA TBK ADR,COM,69367Q104,778,74339,SH,,SOLE,,74339,0,0
612,PT BK MANDIRI PERSERO TBK ADR,COM,69367U105,115,12809,SH,,SOLE,,12809,0,0
613,PT BANK CENTRAL ASIA TBK ADR,COM,69368G105,910,15105,SH,,DFND,,14696,0,409
614,PACIFIC BIOSCIENCES CALIF INC,COM,69404D108,1488,57374,SH,,DFND,,325,0,57049
615,PACIRA BIOSCIENCES INC,COM,695127100,1049,17532,SH,,DFND,,483,0,17049
616,PACWEST BANCORP DEL,COM,695263103,28791,1133515,SH,,DFND,,550991,0,582524
617,PALO ALTO NETWORKS INC,COM,697435105,334,939,SH,,SOLE,,939,0,0
618,PANASONIC CORP ADR ADR,COM,69832A205,77894,6755279,SH,,DFND,,6686041,0,69238
619,PAPA JOHNS INTL INC,COM,698813102,729,8596,SH,,DFND,,23,0,8573
620,ESCROW PARAGON TRADE BRANDS,COM,69912K99T,0,27000,SH,,SOLE,,27000,0,0
621,PARKER HANNIFIN CORP,COM,701094104,1178,4326,SH,,DFND,,652,0,3674
622,PARSLEY ENERGY INC,COM,701877102,711,50041,SH,,DFND,,32389,0,17652
623,PATTEN ENERGY SOLUTIONS GROUP,COM,70343P103,0,92497,SH,,SOLE,,92497,0,0
624,PATTERSON UTI ENERGY INC,COM,703481101,91,17234,SH,,DFND,,2711,0,14523
625,PAYCHEX INC,COM,704326107,571,6128,SH,,SOLE,,6128,0,0
626,PAYCOM SOFTWARE INC,COM,70432V102,107646,238023,SH,,DFND,,120402,0,117621
627,PAYLOCITY HLDG CORP,COM,70438V106,24698,119947,SH,,DFND,,92571,0,27376
628,PAYPAL HLDGS INC,COM,70450Y103,2501360,10680445,SH,,DFND,,10014468,0,665977
629,PEGASYSTEMS INC,COM,705573103,97680,733003,SH,,DFND,,588003,0,145000
630,PENNEY J C CORP INC,COM,708160106,12,80100,SH,,SOLE,,80100,0,0
631,PEPSICO INC COM,COM,713448108,10751,72491,SH,,DFND,,71644,0,847
632,PERKINELMER INC,COM,714046109,8234,57377,SH,,DFND,,50545,0,6832
633,PETMED EXPRESS INC,COM,716382106,2101,65534,SH,,DFND,,19157,0,46377
634,PETROLEO BRASILEIRO SA PET ADR,COM,71654V101,1816,164202,SH,,DFND,,0,0,164202
635,PETROLEO BRASILEIRO SA PET ADR,COM,71654V408,442154,39372571,SH,,DFND,,13142401,0,26230170
636,PFIZER INC,COM,717081103,93641,2543887,SH,,DFND,,2399034,0,144853
637,PHARMACYTE BIOTECH INC,COM,71715X104,3,401553,SH,,SOLE,,401553,0,0
638,PHILIP MORRIS INTL INC,COM,718172109,1361,16437,SH,,DFND,,16081,0,356
639,PHILLIPS 66,COM,718546104,644,9207,SH,,DFND,,9177,0,30
640,PIMCO ETF TR 0-5 HIGH YIELD,COM,72201R783,640,6518,SH,,DFND,,6516,0,2
641,PIMCO ETF TR INV GRD CRP BD,COM,72201R817,406,3468,SH,,SOLE,,3468,0,0
642,PINDUODUO INC-ADR ADR,COM,722304102,712995,4013030,SH,,DFND,,1783868,0,2229162
643,PING AN INS GROUP CO CHINA ADR,COM,72341E304,3098,126417,SH,,SOLE,,126417,0,0
644,PIONEER NAT RES CO,COM,723787107,9116,80041,SH,,DFND,,21053,0,58988
645,PIPER SANDLER COMPANIES,COM,724078100,9219,91366,SH,,DFND,,45253,0,46113
646,PLATINUM STUDIOS INC,COM,727667107,0,10000,SH,,SOLE,,10000,0,0
647,PLAYERS NETWORK,COM,72811P102,0,10000,SH,,SOLE,,10000,0,0
648,PLEXUS CORP,COM,729132100,43475,555879,SH,,DFND,,183407,0,372472
649,POLARIS INC COM,COM,731068102,57755,606155,SH,,DFND,,200762,0,405393
650,POOL CORP,COM,73278L105,104104,279474,SH,,DFND,,227587,0,51887
651,POST HLDGS INC,COM,737446104,332,3289,SH,,DFND,,533,0,2756
652,POTLATCHDELTIC CORPORATION COM,COM,737630103,7021,140357,SH,,DFND,,113021,0,27336
653,PRESTIGE CONSUMER HEALTHCARE I,COM,74112D101,28573,819412,SH,,DFND,,680306,0,139106
654,PRICE T ROWE GROUP INC,COM,74144T108,2160,14270,SH,,DFND,,10028,0,4242
655,PROCTER& GAMBLE CO,COM,742718109,98313,706576,SH,,DFND,,478503,0,228073
656,PROGRESSIVE CORP OHIO,COM,743315103,2109,21327,SH,,DFND,,16860,0,4467
657,PROLOGIS INC COM,COM,74340W103,6362,63834,SH,,DFND,,57248,0,6586
658,PROOFPOINT INC,COM,743424103,13844,101487,SH,,DFND,,76479,0,25008
659,PROPETRO HLDG CORP,COM,74347M108,12796,1731578,SH,,DFND,,1346432,0,385146
660,PROSPERITY BANCSHARES INC,COM,743606105,20584,296773,SH,,DFND,,72406,0,224367
661,PROSUS N V SPONSORED ADR,COM,74365P108,2022,93515,SH,,DFND,,89394,0,4121
662,PUBLIC SVC ENTERPRISE GRP INC,COM,744573106,328,5622,SH,,SOLE,,5622,0,0
663,QTS RLTY TR INC,COM,74736A103,1488,24043,SH,,SOLE,,24043,0,0
664,QORVO INC COM,COM,74736K101,126664,761800,SH,,DFND,,393625,0,368175
665,QUALCOMM INC,COM,747525103,51459,337790,SH,,DFND,,109033,0,228757
666,QUANEX BUILDING PRODUCTS CORP,COM,747619104,837,37759,SH,,DFND,,0,0,37759
667,RLJ LODGING TR,COM,74965L101,33161,2343544,SH,,DFND,,954267,0,1389277
668,RAIA DROGASIL SA SPONSORED ADR,COM,750723108,2077,430756,SH,,SOLE,,430756,0,0
669,RANGE RES CORP,COM,75281A109,19479,2907363,SH,,DFND,,570404,0,2336959
670,RAYMOND JAMES FINANCIAL INC,COM,754730109,85849,897343,SH,,DFND,,290230,0,607113
671,RAYTHEON TECHNOLOGIES CORP,COM,75513E101,422993,5915155,SH,,DFND,,5456242,0,458912
672,REACH MESSAGING HLDGS INC,COM,75525E107,0,14000,SH,,SOLE,,14000,0,0
673,RECKITT BENCKISER GRP PLC ADR,COM,756255204,28359,1585616,SH,,DFND,,1530510,0,55106
674,RECRUIT HOLDINGS CO LTD ADR,COM,75629J101,5595,668448,SH,,DFND,,598362,0,70086
675,REGAL BELOIT CORP,COM,758750103,70738,575994,SH,,DFND,,282105,0,293889
676,REGENERON PHARMACEUTICALS,COM,75886F107,2525,5227,SH,,DFND,,349,0,4878
677,RELX PLC SPONSORED ADR ADR,COM,759530108,14799,600139,SH,,DFND,,25926,0,574213
678,REPSOL S A ADR,COM,76026T205,1200,118912,SH,,DFND,,114158,0,4754
679,REPUBLIC SVCS INC,COM,760759100,2014,20913,SH,,DFND,,19043,0,1870
680,RESMED INC,COM,761152107,7684,36149,SH,,DFND,,9940,0,26209
681,RESOURCES CONNECTION INC,COM,76122Q105,770,61227,SH,,DFND,,0,0,61227
682,REXFORD INDL RLTY INC,COM,76169C100,2538,51682,SH,,DFND,,19041,0,32641
683,RIO TINTO PLC ADR,COM,767204100,915109,12165772,SH,,DFND,,10980325,0,1185446
684,RIVERSIDE RESOURCES INC,COM,76927D101,20,75000,SH,,SOLE,,75000,0,0
685,ROCHE HLDG LTD ADR,COM,771195104,19618,448975,SH,,DFND,,444736,0,4239
686,ROCKWELL AUTOMATION INC,COM,773903109,34933,139281,SH,,DFND,,42706,0,96575
687,ROGERS CORP,COM,775133101,25886,166694,SH,,DFND,,70778,0,95916
688,ROPER INDS INC NEW,COM,776696106,4559,10575,SH,,DFND,,4170,0,6405
689,ROSS STORES INC,COM,778296103,2463,20059,SH,,DFND,,14505,0,5554
690,ROWE T PRICE DIVID GROWTH FD I,COM,779546100,483,8045,SH,,SOLE,,8045,0,0
691,ROWE T PRICE BLUE CHIP GROWTH,COM,77954Q106,266,1607,SH,,DFND,,1557,0,49
692,ROWE T PRICE MID-CAP GROWTH FD,COM,779556109,945,8360,SH,,SOLE,,8360,0,0
693,ROYAL DUTCH SHELL PLC ADR,COM,780259107,2676,79622,SH,,DFND,,78795,0,827
694,ROYAL DUTCH SHELL PLC ADR,COM,780259206,565566,16094646,SH,,DFND,,15875686,0,218959
695,S&P GLOBAL INC,COM,78409V104,333,1012,SH,,SOLE,,1012,0,0
696,SEI INVTS CO,COM,784117103,571,9928,SH,,SOLE,,9928,0,0
697,SMC CORP JAPAN ADR,COM,78445W306,287592,9433661,SH,,DFND,,9332612,0,101048
698,SPDR S&P 500 ETF TR TR UNIT,COM,78462F103,3972,10624,SH,,DFND,,7110,0,3514
699,SPDR GOLD TR GOLD SHS,COM,78463V107,374,2096,SH,,SOLE,,2096,0,0
700,SPDR EURO STOXX 50 ETF,COM,78463X202,2144,51383,SH,,DFND,,49540,0,1842
701,SPDR PORTFOLIO INTERMEDIATE TE,COM,78464A375,3599,96792,SH,,SOLE,,96792,0,0
702,SPDR SERIES TRUST PORTFLIO MOR,COM,78464A383,712,26949,SH,,SOLE,,26949,0,0
703,SPDR SER TR PRTFLO S&P500 GW,COM,78464A409,296,5350,SH,,SOLE,,5350,0,0
704,SPDR PORTFOLIO SHORT TERM CORP,COM,78464A474,623494,19856484,SH,,DFND,,19658109,0,198375
705,SPDR SERIES TRUST PORTFLIO TIP,COM,78464A656,210,6735,SH,,SOLE,,6735,0,0
706,SPDR BLOOMBERG BRCLYS LG TRS E,COM,78464A664,203,4495,SH,,SOLE,,4495,0,0
707,SPDR SER TR S&P METALS MNG,COM,78464A755,679,20314,SH,,SOLE,,20314,0,0
708,SPDR SERIES TRUST S&P CAP MKT,COM,78464A771,838,11131,SH,,SOLE,,11131,0,0
709,SPDR SER TR S&P BIOTECH,COM,78464A870,202,1435,SH,,SOLE,,1435,0,0
710,SPDR BLOOMBERG BARCLAYS SHORT,COM,78468R408,240,8919,SH,,SOLE,,8919,0,0
711,SPDR S&P OIL& GAS E&P ETF,COM,78468R556,3599,61516,SH,,DFND,,61053,0,463
712,SPDR SERIES TRUST BLOOMBERG BR,COM,78468R622,60227,552847,SH,,DFND,,546270,0,6577
713,SPDR SER TR NUVN BLOOMBERG MU,COM,78468R721,217317,4140167,SH,,DFND,,4105154,0,35013
714,SVB FINANCIAL GROUP,COM,78486Q101,273338,704788,SH,,DFND,,360760,0,344028
715,SVMK INC,COM,78489X103,3596,140740,SH,,SOLE,,140740,0,0
716,SABLE NAT RES INC,COM,78573J101,0,117581,SH,,SOLE,,117581,0,0
717,SAFRAN ADR,COM,786584102,3802,107203,SH,,DFND,,96392,0,10811
718,SALESFORCE COM INC,COM,79466L302,2779881,12492164,SH,,DFND,,11411498,0,1080666
719,SALLY BEAUTY HLDGS INC,COM,79546E104,28341,2173405,SH,,DFND,,1210406,0,962999
720,SAMSUNG ELECTRONIC GDR EACH RE,COM,796050AAT,89427,49001,SH,,DFND,,48966,0,35
721,SANDVIK AB ADR,COM,800212201,20417,832950,SH,,DFND,,826367,0,6583
722,SANOFI ADR,COM,80105N105,885061,18214884,SH,,DFND,,18012017,0,202867
723,SANTO MNG CORP,COM,802899203,0,110000,SH,,SOLE,,110000,0,0
724,SAP SE ADR,COM,803054204,1086069,8329392,SH,,DFND,,8214068,0,115323
725,SAREPTA THERAPEUTICS INC,COM,803607100,4808,28203,SH,,DFND,,2343,0,25860
726,SBERBANK RUSSIA SPONSORED ADR,COM,80585Y308,3607,246008,SH,,SOLE,,246008,0,0
727,SCHLUMBERGER LTD,COM,806857108,308509,14132349,SH,,DFND,,12869979,0,1262369
728,SCHNEIDER ELECTRIC SE ADR,COM,80687P106,327684,11319247,SH,,DFND,,11201105,0,118142
729,SCHWAB STRATEGIC TR US BRD MKT,COM,808524102,255,2801,SH,,DFND,,1801,0,1000
730,SCHWAB STRATEGIC TR US LRG CAP,COM,808524201,989,10869,SH,,SOLE,,10869,0,0
731,SCHWAB STRATEGIC TR US LCAP GR,COM,808524300,202,1571,SH,,SOLE,,1571,0,0
732,SCHWAB STRATEGIC TR US SML CAP,COM,808524607,209,2352,SH,,SOLE,,2352,0,0
733,SCHWAB STRATEGIC TR US DIVIDEN,COM,808524797,669,10434,SH,,SOLE,,10434,0,0
734,SCHWAB STRATEGIC TR INTL EQTY,COM,808524805,538,14938,SH,,SOLE,,14938,0,0
735,SCHWAB STRATEGIC TR US REIT ET,COM,808524847,489,12873,SH,,SOLE,,12873,0,0
736,SCOTTS MIRACLE GRO CO,COM,810186106,164951,828318,SH,,DFND,,411311,0,417007
737,SPDR HEALTH CARE SELECT SECTOR,COM,81369Y209,51748,456173,SH,,DFND,,448044,0,8128
738,SPDR CONS STAPLES SELECT SCTR,COM,81369Y308,757,11229,SH,,DFND,,10740,0,489
739,SPDR CONS DISC SELECT SECTOR,COM,81369Y407,68588,426594,SH,,DFND,,419163,0,7431
740,SPDR ENERGY SELECT SECTOR,COM,81369Y506,2361,62305,SH,,DFND,,62220,0,85
741,SPDR FINANCIALS SELECT SECTOR,COM,81369Y605,1632,55363,SH,,DFND,,55075,0,288
742,SPDR INDUSTRIALS SELECT SECTOR,COM,81369Y704,85807,969025,SH,,DFND,,955699,0,13326
743,SPDR TECHNOLOGY SELECT SECTOR,COM,81369Y803,2823,21715,SH,,DFND,,21067,0,648
744,SEMTECH CORP,COM,816850101,89571,1242490,SH,,DFND,,544781,0,697709
745,SEMPRA ENERGY,COM,816851109,245,1921,SH,,SOLE,,1921,0,0
746,SERVICENOW INC,COM,81762P102,172010,312502,SH,,DFND,,178857,0,133645
747,SERVISFIRST BANCSHARES INC,COM,81768T108,1672,41487,SH,,DFND,,67,0,41420
748,SHERWIN WILLIAMS CO,COM,824348106,250,339,SH,,SOLE,,339,0,0
749,SHOPIFY INC,COM,82509L107,3190,2818,SH,,DFND,,2815,0,3
750,SIEMENS A G ADR,COM,826197501,1002265,13940464,SH,,DFND,,13789154,0,151309
751,SILVER FALCON MNG INC,COM,82771R105,0,21900,SH,,SOLE,,21900,0,0
752,SILVERADO GOLD MINES LTD,COM,827906207,0,20000,SH,,SOLE,,20000,0,0
753,SILVER STAR ENERGY INC,COM,828234203,0,25750,SH,,SOLE,,25750,0,0
754,SIMMONS 1ST NATL CORP,COM,828730200,4685,217000,SH,,DFND,,0,0,217000
755,SIMPSON MANUFACTURING CO INC,COM,829073105,14901,159450,SH,,DFND,,121652,0,37798
756,SMARTCOOL SYS INC,COM,83171N108,0,119000,SH,,SOLE,,119000,0,0
757,SMITH& NEPHEW PLC ADR,COM,83175M205,477,11308,SH,,SOLE,,11308,0,0
758,SMART CANNABIS CORP,COM,83186E101,0,10000,SH,,SOLE,,10000,0,0
759,SMUCKER J M CO,COM,832696405,235,2031,SH,,SOLE,,2031,0,0
760,SNAP ON INC,COM,833034101,2221,12977,SH,,DFND,,9701,0,3276
761,SOCIETE GENERALE FRANCE SP ADR,COM,83364L109,815,195667,SH,,DFND,,192866,0,2801
762,SOFTBANK GROUP CORP ADR ADR,COM,83404D109,12000,307505,SH,,DFND,,302908,0,4597
763,SOTHERLY HOTELS INC,COM,83600C103,26,10200,SH,,SOLE,,10200,0,0
764,SOUTH ST CORP,COM,840441109,547,7561,SH,,DFND,,411,0,7150
765,SOUTHERN CO,COM,842587107,4858,79089,SH,,DFND,,78257,0,832
766,SOUTHERN COPPER CORP COM,COM,84265V105,274203,4210741,SH,,DFND,,1815698,0,2395043
767,SOUTHSIDE BANCSHARES INC,COM,84470P109,554,17856,SH,,DFND,,0,0,17856
768,SOUTHWEST AIRLS CO,COM,844741108,307,6578,SH,,SOLE,,6578,0,0
769,SOUTHWESTERN ENERGY CO,COM,845467109,12555,4213051,SH,,DFND,,4137717,0,75334
770,SPECTRUM PHARMACEUTICALS INC,COM,84763A108,197,57850,SH,,DFND,,500,0,57350
771,SPIRIT AEROSYSTEMS HLDGS INC,COM,848574109,4408,112768,SH,,DFND,,57478,0,55290
772,SPIRAL TOYS INC,COM,84857J106,0,12000,SH,,SOLE,,12000,0,0
773,SPLUNK INC,COM,848637104,4300,25310,SH,,DFND,,1545,0,23765
774,SPONGETECH DELIVERY SYS INC,COM,849109103,0,20000,SH,,SOLE,,20000,0,0
775,SQUARE INC,COM,852234103,303435,1394205,SH,,DFND,,1119032,0,275173
776,STAMPS COM INC,COM,852857200,120391,613647,SH,,DFND,,284572,0,329075
777,STANDARD ENERGY CORP,COM,853373108,2,576920,SH,,SOLE,,576920,0,0
778,STARBUCKS CORP,COM,855244109,769381,7191822,SH,,DFND,,6769081,0,422740
779,STEEL DYNAMICS INC,COM,858119100,2112,57291,SH,,DFND,,54685,0,2606
780,STEWART INFORMATION SVCS CORP,COM,860372101,2824,58394,SH,,DFND,,34272,0,24122
781,STIFEL FINL CORP,COM,860630102,99864,1979070,SH,,DFND,,1193683,0,785386
782,STMICROELECTRONICS N V NYS,COM,861012102,390,10497,SH,,DFND,,1450,0,9047
783,STONE MEDIA CORP,COM,861652105,0,17000,SH,,SOLE,,17000,0,0
784,STRYKER CORPORATION,COM,863667101,630748,2574059,SH,,DFND,,2463343,0,110716
785,SUMITOMO MITSUI FINL GROUP ADR,COM,86562M209,359,58154,SH,,DFND,,46805,0,11349
786,SUMMIT HOTEL PPTYS INC,COM,866082100,200,22181,SH,,DFND,,0,0,22181
787,SWISS RE LTD ADR,COM,870886108,549,23303,SH,,DFND,,21174,0,2129
788,SYNAPTICS INC,COM,87157D109,121573,1261126,SH,,DFND,,617135,0,643991
789,SYNOPSYS INC,COM,871607107,5200,20060,SH,,DFND,,15956,0,4104
790,SYNOVUS FINL CORP,COM,87161C501,776,23982,SH,,DFND,,1335,0,22647
791,SYNTHETIC BIOLOGICS INC COM NE,COM,87164U201,48,125698,SH,,SOLE,,125698,0,0
792,SYSCO CORP,COM,871829107,277,3730,SH,,SOLE,,3730,0,0
793,TJX COS INC NEW,COM,872540109,376,5505,SH,,SOLE,,5505,0,0
794,TRI POINTE GROUPS INC COM,COM,87265H109,15888,921068,SH,,DFND,,183723,0,737345
795,TAIWAN SEMICONDUCTOR MFG L ADR,COM,874039100,3013880,27640127,SH,,DFND,,16447437,0,11192689
796,TAL ED GROUP ADS REPSTG CO ADR,COM,874080104,115986,1621948,SH,,DFND,,700046,0,921902
797,TARGET CORP,COM,87612E106,805,4562,SH,,DFND,,4461,0,101
798,TAYLOR MORRISON HOME CORP,COM,87724P106,3139,122387,SH,,DFND,,83268,0,39119
799,TELEDYNE TECHNOLOGIES INC,COM,879360105,83207,212274,SH,,DFND,,68206,0,144068
800,TELEFLEX INCORPORATED,COM,879369106,2053,4988,SH,,DFND,,3824,0,1164
801,TELEPERFORMANCE SA ADR,COM,87946F100,914,5509,SH,,DFND,,4895,0,614
802,TEMENOS GROUP AG ADR,COM,87974R208,2827,20213,SH,,DFND,,18184,0,2029
803,TENCENT HLDGS LTD ADR ADR,COM,88032Q109,2539397,34911510,SH,,DFND,,32458141,0,2453369
804,TERADYNE INC,COM,880770102,19709,164394,SH,,DFND,,17406,0,146988
805,TEREX CORP NEW,COM,880779103,89539,2566318,SH,,DFND,,1204099,0,1362219
806,TERUMO CORP ADR,COM,88156J105,585,14001,SH,,DFND,,11961,0,2040
807,TESLA INC,COM,88160R101,3190,4520,SH,,DFND,,4509,0,11
808,TETRA TECH INC NEW,COM,88162G103,2203,19027,SH,,SOLE,,19027,0,0
809,TEXAS CAPITAL BANCSHARES INC,COM,88224Q107,12894,216711,SH,,DFND,,209654,0,7057
810,TEXAS INSTRS INC,COM,882508104,72994,444732,SH,,DFND,,110631,0,334101
811,TEXAS PAC LD RTY TR,COM,882610108,646,889,SH,,SOLE,,889,0,0
812,TG THERAPEUTICS INC,COM,88322Q108,208,4000,SH,,SOLE,,4000,0,0
813,THERATECHNOLOGIES INC,COM,88338H100,100,40183,SH,,SOLE,,40183,0,0
814,THERMO FISHER SCIENTIFIC INC,COM,883556102,806407,1731305,SH,,DFND,,1577780,0,153524
815,3M CO,COM,88579Y101,856275,4898880,SH,,DFND,,4685117,0,213763
816,TOKYO ELECTRON LTD ADR ADR,COM,889110102,418276,4498425,SH,,DFND,,4447229,0,51195
817,TOLL BROTHERS INC,COM,889478103,4685,107781,SH,,DFND,,44497,0,63284
818,TORO CO,COM,891092108,106381,1121687,SH,,DFND,,565528,0,556159
819,TOTAL SE-SPON ADR ADR,COM,89151E109,899103,21453178,SH,,DFND,,20481082,0,972096
820,TOYOTA MOTOR CORP ADR,COM,892331307,657968,4256765,SH,,DFND,,4210002,0,46763
821,TRAVELERS COMPANIES INC,COM,89417E109,287,2047,SH,,DFND,,2045,0,2
822,TRAVERE THERAPEUTICS INC,COM,89422G107,602,22070,SH,,DFND,,0,0,22070
823,TREEHOUSE FOODS INC,COM,89469A104,303,7122,SH,,SOLE,,7122,0,0
824,TRINITY INDS INC,COM,896522109,202,7636,SH,,SOLE,,7636,0,0
825,TRIP COM GROUP LTD ADR,COM,89677Q107,342070,10141421,SH,,DFND,,4075796,0,6065625
826,TRUIST FINANCIAL CORPORATIONCO,COM,89832Q109,327,6830,SH,,DFND,,6540,0,290
827,TWILIO INC,COM,90138F102,329,973,SH,,SOLE,,973,0,0
828,TYSON FOODS INC,COM,902494103,1541,23918,SH,,DFND,,1826,0,22092
829,FI ENHANCED LRG CAP GROWTH UBS,COM,902677780,14126,25565,SH,,DFND,,25042,0,523
830,FI ENHANCED GLBL HIGH YLD UBS,COM,90274D218,1756,9564,SH,,DFND,,8640,0,924
831,FI ENHANCED EUROPE 50 ETN UBS,COM,90274D234,536,3434,SH,,DFND,,3326,0,108
832,UMB FINL CORP,COM,902788108,18587,269409,SH,,DFND,,134957,0,134452
833,UFP INDUSTRIES INC,COM,90278Q108,7353,132372,SH,,DFND,,78728,0,53644
834,USA GRAPHITE INC,COM,90290L103,0,10000,SH,,SOLE,,10000,0,0
835,US BANCORP DEL,COM,902973304,3235,69437,SH,,DFND,,68753,0,684
836,UBIQUITECH SOFTWARE CORP,COM,903470102,0,15000,SH,,SOLE,,15000,0,0
837,UMPQUA HLDGS CORP,COM,904214103,40576,2680069,SH,,DFND,,1299959,0,1380110
838,UNILEVER PLC ADR,COM,904767704,27919,462543,SH,,DFND,,451448,0,11095
839,UNION PAC CORP,COM,907818108,893899,4293051,SH,,DFND,,4232618,0,60433
840,UNITED PARCEL SERVICE INC,COM,911312106,10755,63868,SH,,DFND,,27983,0,35885
841,UNITED RENTALS INC,COM,911363109,7649,32982,SH,,DFND,,13310,0,19672
842,UNITEDHEALTH GROUP INC,COM,91324P102,905645,2582539,SH,,DFND,,2504555,0,77984
843,URANIUM ENERGY CORP,COM,916896103,18,10200,SH,,SOLE,,10200,0,0
844,US GLOBAL NANOSPACE INC,COM,91729J107,0,20000,SH,,SOLE,,20000,0,0
845,USINAS SIDERURGICAS DE MIN ADR,COM,917302200,8126,2888956,SH,,SOLE,,2888956,0,0
846,V F CORP,COM,918204108,220,2570,SH,,SOLE,,2570,0,0
847,VALE S A ADR,COM,91912E105,675502,40304435,SH,,DFND,,15227788,0,25076647
848,VALERO ENERGY CORP NEW COM,COM,91913Y100,1173,20729,SH,,DFND,,16695,0,4034
849,VANECK VECTORS ETF TR SEMICOND,COM,92189F676,1768,8095,SH,,SOLE,,8095,0,0
850,VANECK VECTORS ETF TR OIL SVCS,COM,92189H607,3022,19621,SH,,DFND,,19375,0,246
851,VANGUARD SPECIALIZED FUNDS DIV,COM,921908844,437,3095,SH,,DFND,,2231,0,864
852,VANGUARD STAR FDS VG TL INTL S,COM,921909768,385,6405,SH,,SOLE,,6405,0,0
853,VANGUARD WORLD FD MEGA GRWTH I,COM,921910816,202,993,SH,,SOLE,,993,0,0
854,VANGUARD WORLD FD MEGA CAP IND,COM,921910873,309,2313,SH,,SOLE,,2313,0,0
855,VANGUARD BD INDEX FDS SHORT TR,COM,921937827,716,8635,SH,,SOLE,,8635,0,0
856,VANGUARD BD INDEX FDS TOTAL BN,COM,921937835,1636,18552,SH,,DFND,,18504,0,48
857,VANGUARD FTSE DEVELOPED MKT,COM,921943858,141534,2997971,SH,,DFND,,2960002,0,37968
858,VANGUARD WHITEHALL FDS HIGH DI,COM,921946406,285,3114,SH,,DFND,,2906,0,208
859,VANGUARD CHARLOTTE FDS INTL BD,COM,92203J407,378,6454,SH,,SOLE,,6454,0,0
860,VANGUARD INTL EQUITY INDEX FDS,COM,922042676,257,4733,SH,,SOLE,,4733,0,0
861,VANGUARD TOTAL WORLD STOCK ETF,COM,922042742,4535,48986,SH,,DFND,,48078,0,908
862,VANGUARD FTSE EMERGING MKT ETF,COM,922042858,1650,32926,SH,,DFND,,19513,0,13413
863,VANGUARD FTSE EUROPE ETF,COM,922042874,137491,2282382,SH,,DFND,,2244149,0,38233
864,VANGUARD WORLD FDS CONSUM DIS,COM,92204A108,530,1925,SH,,SOLE,,1925,0,0
865,VANGUARD WORLD FDS ENERGY ETF,COM,92204A306,728,14044,SH,,SOLE,,14044,0,0
866,VANGUARD WORLD FDS HEALTH CAR,COM,92204A504,287,1284,SH,,SOLE,,1284,0,0
867,VANGUARD INDUSTRIALS ETF,COM,92204A603,1005,5910,SH,,SOLE,,5910,0,0
868,VANGUARD WORLD FDS INF TECH ET,COM,92204A702,1184,3347,SH,,SOLE,,3347,0,0
869,VANGUARD FDS SHRT-TERM CORP,COM,92206C409,543,6520,SH,,DFND,,5924,0,596
870,VANGUARD SCOTTSDALE FDS MORTG-,COM,92206C771,92280,1706679,SH,,DFND,,1691676,0,15003
871,VANGUARD FDS INT-TERM CORP,COM,92206C870,3816426,39287889,SH,,DFND,,38914299,0,373590
872,VEECO INSTRS INC DEL,COM,922417100,18924,1090095,SH,,DFND,,574278,0,515817
873,VELATEL GLOBAL COMMUNICATIONS,COM,92256R207,0,10000,SH,,SOLE,,10000,0,0
874,VANGUARD MUN BD FD INC TAX EXE,COM,922907746,2657,48138,SH,,DFND,,11294,0,36844
875,VANGUARD S&P 500 ETF,COM,922908363,290020,843841,SH,,DFND,,825024,0,18816
876,VANGUARD REAL ESTATE ETF,COM,922908553,555,6532,SH,,DFND,,5598,0,934
877,VANGUARD INDEX FDS SM CP VAL E,COM,922908611,210,1475,SH,,DFND,,685,0,790
878,VANGUARD INDEX FDS MID CAP ETF,COM,922908629,824,3983,SH,,DFND,,3656,0,327
879,VANGUARD INDEX FDS LARGE CAP E,COM,922908637,423,2409,SH,,SOLE,,2409,0,0
880,VANGUARD INDEX FDS EXTEND MKT,COM,922908652,344,2086,SH,,SOLE,,2086,0,0
881,VANGUARD INDEX FDS GROWTH ETF,COM,922908736,1987,7842,SH,,SOLE,,7842,0,0
882,VANGUARD INDEX FDS VALUE ETF,COM,922908744,705,5925,SH,,SOLE,,5925,0,0
883,VANGUARD INDEX FDS SMALL CP ET,COM,922908751,457,2350,SH,,DFND,,2012,0,338
884,VANGUARD INDEX FDS TOTAL STK M,COM,922908769,2241,11515,SH,,DFND,,10267,0,1248
885,VERISIGN INC,COM,92343E102,539,2491,SH,,SOLE,,2491,0,0
886,VERIZON COMMUNICATIONS INC,COM,92343V104,2609,44402,SH,,DFND,,43224,0,1178
887,VERINT SYS INC,COM,92343X100,87810,1307080,SH,,DFND,,618390,0,688690
888,VERICEL CORP,COM,92346J108,933,30212,SH,,DFND,,0,0,30212
889,VERTEX PHARMACEUTICALS INC,COM,92532F100,5868,24827,SH,,DFND,,5762,0,19065
890,VIAVI SOLUTIONS INC,COM,925550105,16261,1085856,SH,,DFND,,797389,0,288467
891,VIATRIS INC,COM,92556V106,5477,292288,SH,,DFND,,274293,0,17995
892,VINCI S A ADR,COM,927320101,234496,9422386,SH,,DFND,,9324732,0,97654
893,VIPSHOP HLDGS LTD ADR,COM,92763W103,8978,319380,SH,,SOLE,,319380,0,0
894,VISA INC,COM,92826C839,4860288,22220489,SH,,DFND,,20888433,0,1332055
895,VIRTUAL ED LINK INC,COM,92826J107,0,400000,SH,,SOLE,,400000,0,0
896,VISHAY INTERTECHNOLOGY INC,COM,928298108,89437,4318539,SH,,DFND,,1973433,0,2345106
897,VMWARE INC,COM,928563402,3480,24810,SH,,DFND,,1488,0,23322
898,WNS HLDGS LTD ADR,COM,92932M101,12992,180315,SH,,SOLE,,180315,0,0
899,WP CAREY INC,COM,92936U109,488,6920,SH,,SOLE,,6920,0,0
900,WABTEC,COM,929740108,582,7951,SH,,DFND,,6625,0,1326
901,WALMART INC,COM,931142103,1705299,11830028,SH,,DFND,,10928424,0,901603
902,WASTE MGMT INC DEL,COM,94106L109,460,3900,SH,,DFND,,3750,0,150
903,WEBSTER FINL CORP CONN,COM,947890109,36787,872770,SH,,DFND,,451598,0,421172
904,WELLS FARGO CO NEW,COM,949746101,1053,34883,SH,,SOLE,,34883,0,0
905,WELLS FARGO& CO,COM,94986RH46,15,15000,SH,,DFND,,0,0,15000
906,WELLSTAR INTL INC,COM,949902209,0,10000,SH,,SOLE,,10000,0,0
907,WEST PHARMACEUTICAL SVSC INC,COM,955306105,89806,316987,SH,,DFND,,93621,0,223366
908,WESTPORT FUEL SYSTEMS INC,COM,960908309,87,16289,SH,,SOLE,,16289,0,0
909,WEYERHAEUSER CO MTN BE,COM,962166104,1359,40521,SH,,DFND,,29775,0,10746
910,WILLSCOT MOBIL MINI HLDNG CORP,COM,971378104,18761,809694,SH,,DFND,,210849,0,598845
911,WINNEBAGO INDS INC,COM,974637100,84332,1406932,SH,,DFND,,665303,0,741629
912,WINTRUST FINL CORP,COM,97650W108,40117,656688,SH,,DFND,,363513,0,293175
913,WIPRO LTD ADR,COM,97651M109,21700,3840655,SH,,DFND,,3340509,0,500146
914,WISDOMTREE INVTS INC,COM,97717P104,5239,979162,SH,,DFND,,163410,0,815752
915,WOLTERS KLUWER N V ADR,COM,977874205,1114,13187,SH,,DFND,,11761,0,1426
916,WORKDAY INC,COM,98138H101,1023,4269,SH,,DFND,,3945,0,324
917,WORLD MOTO INC,COM,98158H106,0,20000,SH,,SOLE,,20000,0,0
918,WORTHINGTON INDS INC,COM,981811102,2519,49061,SH,,DFND,,28490,0,20571
919,WRIT MEDIA GROUP INC,COM,982549206,0,16000,SH,,SOLE,,16000,0,0
920,XCEL ENERGY INC,COM,98389B100,525,7872,SH,,SOLE,,7872,0,0
921,XYLEM INC,COM,98419M100,4543,44629,SH,,DFND,,475,0,44154
922,YASKAWA ELEC CORP ADR,COM,985087105,114569,1152894,SH,,DFND,,1140450,0,12444
923,YELP INC,COM,985817105,127857,3913595,SH,,DFND,,1945061,0,1968534
924,YUM BRANDS INC,COM,988498101,355,3266,SH,,DFND,,3115,0,151
925,ZAI LAB LTD. UNSPONSORED A ADR,COM,98887Q104,1486,10981,SH,,SOLE,,10981,0,0
926,ZAP,COM,98912M201,0,15001,SH,,SOLE,,15001,0,0
927,ZEBRA TECHNOLOGIES CORP CL A,COM,989207105,360,937,SH,,SOLE,,937,0,0
928,ZENDESK INC,COM,98936J101,24401,170491,SH,,DFND,,132949,0,37542
929,ZENOSENSE INC COM NEW,COM,989424205,0,10000,SH,,SOLE,,10000,0,0
930,ZIMMER BIOMET HOLDINGS INC,COM,98956P102,1367,8869,SH,,DFND,,5536,0,3333
931,ZOETIS INC,COM,98978V103,270,1631,SH,,SOLE,,1631,0,0
932,ZOOM VIDEO COMMUNICATIONS INC,COM,98980L101,250,741,SH,,SOLE,,741,0,0
933,ZURICH INS GROUP LTD ADR,COM,989825104,261,6172,SH,,SOLE,,6172,0,0
934,ESC MICHIGAN ST STRATEGIC,COM,999127B6T,0,10000,SH,,SOLE,,10000,0,0
935,KRANESHARES CHNA INTERNT UCITS,COM,999127BDT,8531,174281,SH,,DFND,,0,0,174281
936,ESCROW LEHMAN BROS HLDGS 04.00,COM,99919747T,0,10000,SH,,SOLE,,10000,0,0
937,NOVATEK OAO GDR EACH REPR GDR,COM,99921EC2T,8065,49360,SH,,SOLE,,49360,0,0
938,ESCROW ALPHA NATURAL RESOURCES,COM,99927D29T,0,38000,SH,,SOLE,,38000,0,0
939,SK HYNIX INC GDR,COM,9992921AT,31905,292313,SH,,SOLE,,292313,0,0
940,ESCROW LEHMAN BROTHERS NOTE PE,COM,99929312T,0,10000,SH,,SOLE,,10000,0,0
941,1/100 BERKSHIRE HTWY CLA100 SH,COM,99929324T,696,2,SH,,SOLE,,2,0,0
942,ESCROW JAMES RIVER COAL CO,COM,99935A1FT,0,75000,SH,,SOLE,,75000,0,0
943,ISHARES USD CORP BOND UCITS ET,COM,9993658CT,278,2100,SH,,DFND,,0,0,2100
944,OIL CO LUKOIL PJSC,COM,99947758T,942,13806,SH,,SOLE,,13806,0,0
945,SPDR MSCI WORLD TECH UCITS ETF,COM,99949560T,218,2219,SH,,SOLE,,2219,0,0
946,ESCROW QUICKSILVER RESOURCES I,COM,9994AAD6T,0,50000,SH,,SOLE,,50000,0,0
947,ESCROW LEHMAN BROS 5.75,COM,99952ECCT,0,30000,SH,,SOLE,,30000,0,0
948,INVESCO S&P US HC UCITS ETF,COM,9995910DT,2567,4949,SH,,DFND,,0,0,4949
949,HALYK SAVINGS BANK EA REPR GDR,COM,9995B12BT,312,26770,SH,,SOLE,,26770,0,0
950,ESCROW LEHMAN BROTHERS HOLDING,COM,9995C1C8T,0,45000,SH,,SOLE,,45000,0,0
951,ESCROW LEHMAN BROS HLDG,COM,9995ED22T,0,28000,SH,,SOLE,,28000,0,0
952,ESCROW WALKER INNOVATION,COM,9995FC1CT,0,17000,SH,,SOLE,,17000,0,0
953,KRANESHARES CHNA INTERNT UCITS,COM,9996A6F2T,41549,848972,SH,,DFND,,80775,0,768197
954,RSTK UNION GROUP INC,COM,99979B9AT,0,59620,SH,,SOLE,,59620,0,0
955,ESCROW LINNCO LLC ESCROW CUSI,COM,9997D568T,0,193994,SH,,DFND,,190764,0,3230
956,ESCROW LEHMAN BROS HLDGS INC,COM,99990D56T,0,17314,SH,,DFND,,17014,0,300
957,ESCROW EXCO RESOURCES INC,COM,999950DDT,0,40000,SH,,SOLE,,40000,0,0
958,ESCROW GENERAL MOTORS CORP,COM,9999BDB0T,0,34000,SH,,SOLE,,34000,0,0
959,ESCROW LEHMAN BROTHERS HOLDING,COM,9999CDBCT,0,30000,SH,,SOLE,,30000,0,0
960,ESCROW AMR CORP,COM,999B19B2T,0,120949,SH,,SOLE,,120949,0,0
961,INVESCO S&P US TECH UCITS ETF,COM,999B39FCT,4674,14553,SH,,DFND,,0,0,14553
962,ESCROW CA STATEWIDE CMNTY DEV,COM,999CCEC0T,0,10000,SH,,SOLE,,10000,0,0
963,ESCROW WASHINGTON MUTUAL INC,COM,999D5458T,0,28530,SH,,SOLE,,28530,0,0
964,ESCROW WONDER AUTO TECHNOLOGY,COM,999E5491T,0,10770,SH,,SOLE,,10770,0,0
965,VANGUARD FUNDS PLC FTSE EMERGI,COM,999F551FT,37345,543599,SH,,SOLE,,543599,0,0
966,ESCROW ILINC COMM INC,COM,999F9485T,0,15000,SH,,SOLE,,15000,0,0
967,100000TH MARRIOT INTL INC,COM,FHB90320T,0,113038,SH,,SOLE,,113038,0,0
968,ALKERMES PLC,COM,G01767105,1402,70286,SH,,DFND,,55209,0,15077
969,AMDOCS LTD,COM,G02602103,1801,25394,SH,,DFND,,20282,0,5112
970,ATLASSIAN CORP PLC CL A,COM,G06242104,132637,567140,SH,,DFND,,193663,0,373477
971,ACCENTURE PLC IRELAND,COM,G1151C101,556,2127,SH,,DFND,,2065,0,62
972,CREDICORP LTD,COM,G2519Y108,96503,588363,SH,,DFND,,235859,0,352504
973,EATON CORP PLC,COM,G29183103,412,3427,SH,,SOLE,,3427,0,0
974,GEELY AUTOMOTIVE HLDGS LTD,COM,G3777B103,54,16000,SH,,SOLE,,16000,0,0
975,GETGO INC,COM,G38529106,0,315000,SH,,SOLE,,315000,0,0
976,GENPACT LIMITED,COM,G3922B107,2302,55647,SH,,DFND,,39998,0,15649
977,HELEN OF TROY CORP LTD,COM,G4388N106,111312,500977,SH,,DFND,,222107,0,278870
978,JANUS HENDERSON GROUP PLC ORD,COM,G4474Y214,46242,1422388,SH,,DFND,,716695,0,705693
979,HUTECH21 CO LTD,COM,G4673W100,0,69471,SH,,SOLE,,69471,0,0
980,ICON PLC,COM,G4705A100,2106,10802,SH,,SOLE,,10802,0,0
981,IHS MARKIT LTD SHS,COM,G47567105,547,6084,SH,,SOLE,,6084,0,0
982,LAZARD LTD SHS A,COM,G54050102,62335,1473630,SH,,DFND,,483083,0,990547
983,LINDE PLC COM,COM,G5494J103,292,1110,SH,,SOLE,,1110,0,0
984,LIVANOVA PLC SHS,COM,G5509L101,7494,113192,SH,,DFND,,7192,0,106000
985,LLOYDS BANKING GROUP PLC,COM,G5533W248,13,27000,SH,,SOLE,,27000,0,0
986,MARVELL TECHNOLOGY GROUP LTD,COM,G5876H105,14671,308603,SH,,SOLE,,308603,0,0
987,MEDTRONIC PLC,COM,G5960L103,230849,1970711,SH,,DFND,,1666594,0,304117
988,APTIV PLC,COM,G6095L109,2604,19986,SH,,DFND,,18,0,19968
989,PENTAIR PLC SHS,COM,G7S00T104,1479,27866,SH,,DFND,,82,0,27784
990,STERIS PLC,COM,G8473T100,110043,580580,SH,,DFND,,267296,0,313284
991,TECHNIPFMC LTD COM,COM,G87110105,9137,972062,SH,,DFND,,48862,0,923200
992,TRANE TECHNOLOGIES PLC,COM,G8994E103,1527,10516,SH,,SOLE,,10516,0,0
993,ALCON INC,COM,H01301128,39649,600918,SH,,DFND,,589151,0,11767
994,CHUBB LIMITED,COM,H1467J104,441,2866,SH,,SOLE,,2866,0,0
995,UBS GROUP AG,COM,H42097107,653,46191,SH,,DFND,,44752,0,1439
996,NESTLE S A,COM,H57312649,479,3950,SH,,SOLE,,3950,0,0
997,GLOBANT S A COM,COM,L44385109,249362,1145913,SH,,DFND,,346751,0,799162
998,CHECK POINT SOFTWARE TECH LTD,COM,M22465104,3666,27584,SH,,SOLE,,27584,0,0
999,WIX COM LTD,COM,M98068105,55828,223347,SH,,DFND,,48168,0,175179
1000,ASML HOLDING N V NYS,COM,N07059210,1880258,3855198,SH,,DFND,,3272079,0,583119
1001,CORE LABORATORIES N V,COM,N22717107,23468,885254,SH,,DFND,,374399,0,510855
1002,NXP SEMICONDUCTORS N V,COM,N6596X109,167123,1051020,SH,,DFND,,338208,0,712812
1003,YANDEX N V,COM,N97284108,385908,5546255,SH,,DFND,,2408920,0,3137335
1004,MAKEMYTRIP LTD,COM,V5633W109,2152,72873,SH,,SOLE,,72873,0,0
1005,ELEKTA AB AKT,COM,W2479G107,159,11800,SH,,SOLE,,11800,0,0
1006,AVICHINA INDS& TECHNOLOGY,COM,Y0485Q109,24,34543,SH,,SOLE,,34543,0,0
1007,BENGUET CORP BC SHS,COM,Y07832143,6,90000,SH,,SOLE,,90000,0,0
1008,NAVIGATOR HOLDINGS LTD SHS,COM,Y62132108,147,13393,SH,,SOLE,,13393,0,0
1009,PT KALBE FARMA TBK,COM,Y71287208,22,198673,SH,,SOLE,,198673,0,0
