,NAME OF ISSUER,TITLE OF CLASS,CUSIP,(x$1000),PRN AMT,PRN,CALL,DISCRETION,MANAGER,SOLE,SHARED,NONE
0,AES CORP,COM,00130H105,21,900,SH,,SOLE,NONE,900,0,0
1,ALPHABET INC,CAP STK CL A,02079K305,105158,60000,SH,,SOLE,NONE,60000,0,0
2,AMAZON.COM INC,COM,023135106,37455,11500,SH,,SOLE,NONE,11500,0,0
3,AMC NETWORKS INC,CL A,00164V103,17885,500000,SH,,SOLE,NONE,500000,0,0
4,ARBOR REALTY TRUST INC,COM,038923108,33026,2329082,SH,,SOLE,NONE,2329082,0,0
5,ASHLAND GLOBAL HOLDINGS INC,COM,044186104,63516,801965,SH,,SOLE,NONE,801965,0,0
6,ASPEN GROUP INC,COM,04530L203,11130,1000000,SH,,SOLE,NONE,1000000,0,0
7,ASSOCIATED CAPITAL GROUP,CL A,045528106,302,8600,SH,,SOLE,NONE,8600,0,0
8,ATHENE HOLDING LTD,CL A,G0684D107,47454,1100000,SH,,SOLE,NONE,1100000,0,0
9,B&G FOODS INC,COM,05508R106,1387,50000,SH,,SOLE,NONE,50000,0,0
10,BARINGS BDC INC,COM,06759L103,15285,1661461,SH,,SOLE,NONE,1661461,0,0
11,BRIGHAM MINERALS INC,CL A COM,10918L103,4258,387429,SH,,SOLE,NONE,387429,0,0
12,CHIMERA INVESTMENT CORP,COM,16934Q208,34824,3397500,SH,,SOLE,NONE,3397500,0,0
13,CIGNA CORP,COM,125523100,88477,425000,SH,,SOLE,NONE,425000,0,0
14,CITIGROUP INC,COM,172967424,22814,370000,SH,,SOLE,NONE,370000,0,0
15,COMCAST CORP,CL A,20030N101,7860,150000,SH,,SOLE,NONE,150000,0,0
16,DIAMEDICA THERAPEUTICS INC,COM,25253X207,304,30000,SH,,SOLE,NONE,30000,0,0
17,ELLINGTON FINANCIAL INC,COM,28852N109,11278,760000,SH,,SOLE,NONE,760000,0,0
18,ENERGY TRANSFER LP,COM UT LTD PTN,29273V100,39861,6450000,SH,,SOLE,NONE,6450000,0,0
19,ENTERPRISE PRODUCTS PARTNERS,COM,293792107,9795,500000,SH,,SOLE,NONE,500000,0,0
20,FACEBOOK INC,CL A,30303M102,7375,27000,SH,,SOLE,NONE,27000,0,0
21,FALCON MINERALS CORP,CL A COM,30607B109,3637,1154672,SH,,SOLE,NONE,1154672,0,0
22,FERRO CORP,COM,315405100,48584,3320869,SH,,SOLE,NONE,3320869,0,0
23,FIRST EAGLE ALTERNATIVE CAPI,COM,26943B100,10575,2897220,SH,,SOLE,NONE,2897220,0,0
24,FISERV INC,COM,337738108,117344,1030600,SH,,SOLE,NONE,1030600,0,0
25,GAMCO INVESTORS INC,CL A COM,361438104,153,8600,SH,,SOLE,NONE,8600,0,0
26,GANNETT CO INC,COM,36472T109,5191,1545062,SH,,SOLE,NONE,1545062,0,0
27,GENERAL MOTORS CO,COM,37045V100,15615,375000,SH,,SOLE,NONE,375000,0,0
28,MAGNOLIA OIL & GAS CORP,CL A,559663109,16908,2394950,SH,,SOLE,NONE,2394950,0,0
29,MICROSOFT CORP,COM,594918104,54650,245705,SH,,SOLE,NONE,245705,0,0
30,MOTOROLA SOLUTIONS INC,COM,620076307,17006,100000,SH,,SOLE,NONE,100000,0,0
31,MP MATERIALS CORP,COM CL A,553368101,78044,2426000,SH,,SOLE,NONE,2426000,0,0
32,MR COOPER GROUP INC,COM,62482R107,155114,4998831,SH,,SOLE,NONE,4998831,0,0
33,NABORS INDUSTRIES LTD,SHS,G6359F137,582,10000,SH,,SOLE,NONE,10000,0,0
34,NAVIENT CORP,COM,63938C108,32455,3305000,SH,,SOLE,NONE,3305000,0,0
35,NEW SENIOR INVESTMENT GROUP,COM,648691103,25917,5003200,SH,,SOLE,NONE,5003200,0,0
36,OCWEN FINANCIAL CORP,COM,675746606,25413,879037,SH,,SOLE,NONE,879037,0,0
37,OWL ROCK CAPITAL CORP,COM,69121K104,1266,100000,SH,,SOLE,NONE,100000,0,0
38,PARSLEY ENERGY INC,CL A,701877102,24140,1700000,SH,,SOLE,NONE,1700000,0,0
39,SIERRA METALS INC,COM,82639W106,3771,1135858,SH,,SOLE,NONE,1135858,0,0
40,SUNOPTA INC,COM,8676EP108,18672,1600000,SH,,SOLE,NONE,1600000,0,0
41,SURGALIGN HOLDINGS INC,COM,86882C105,4181,1909049,SH,,SOLE,NONE,1909049,0,0
42,TRINITY INDUSTRIES INC,COM,896522109,79698,3020000,SH,,SOLE,NONE,3020000,0,0
43,VERTIV HOLDINGS CO,COM CL A,92537N108,24271,1300000,SH,,SOLE,NONE,1300000,0,0
44,WILLSCOT MOBILE MINI HOLDING,COM CL A,971378104,15062,650085,SH,,SOLE,NONE,650085,0,0
45,WPX ENERGY INC,COM,98212B103,50416,6186000,SH,,SOLE,NONE,6186000,0,0
