,NAME OF ISSUER,TITLE OF CLASS,CUSIP,(x$1000),PRN AMT,PRN,CALL,DISCRETION,MANAGER,SOLE,SHARED,NONE
0,7GC & CO HOLDINGS INC,UNIT,81786A206,6330,600000,SH,,SOLE,,0,600000,0
1,ADVANTAGE SOLUTIONS INC,WARRANT,00791N110,6364,2248650,PRN,,SOLE,,0,2248650,0
2,AERIE PHARMACEUTICALS INC,BOND,00771VAB4,6070,6482000,PRN,,SOLE,,0,6482000,0
3,ALTIMAR ACQUISITION CORP,UNIT,G03707125,9166,760000,SH,,SOLE,,0,760000,0
4,ALTIMAR ACQUISITION CORP,COMMON,G03707109,5690,500000,SH,,SOLE,,0,500000,0
5,ALTITUDE ACQUISITION CORP,UNIT,02156Y202,12938,1250000,SH,,SOLE,,0,1250000,0
6,AMERICAN AIRLS GROUP INC,BOND,02376RAF9,40987,32500000,PRN,,SOLE,,0,32500000,0
7,AMERICAN ELEC PWR CO INC,COMMON,025537101,2858,34324,SH,,SOLE,,0,34324,0
8,AMRYT PHARMA PLC,ADR,03217L106,11702,826430,SH,,SOLE,,0,826430,0
9,ARKO CORP,WARRANT,041242116,718,528232,PRN,,SOLE,,0,528232,0
10,ASSERTIO HOLDINGS INC,COMMON,04546C106,2202,6158759,SH,,SOLE,,0,6158759,0
11,ATLAS CREST INVT CORP,UNIT,049284201,13104,1242092,SH,,SOLE,,0,1242092,0
12,BECTON DICKINSON & CO,COMMON,075887109,33345,133262,SH,,SOLE,,0,133262,0
13,BILL COM HLDGS INC,COMMON,090043100,8818,64600,SH,,SOLE,,0,64600,0
14,BOOKING HOLDINGS INC,COMMON,09857L108,12259,5504,SH,,SOLE,,0,5504,0
15,BULL HORN HLDGS CORP,WARRANT,G1686P122,92,66967,PRN,,SOLE,,0,66967,0
16,CANOO INC,COMMON,13803R102,2854,206826,SH,,SOLE,,0,206826,0
17,CANOO INC,WARRANT,13803R110,5549,1545800,PRN,,SOLE,,0,1545800,0
18,CAPITOL INVESTMENT CORP V,UNIT,14064F209,10300,1000000,SH,,SOLE,,0,1000000,0
19,CEREVEL THERAPEUTICS HLDNG I,WARRANT,15678U102,565,100000,PRN,,SOLE,,0,100000,0
20,CF ACQUISITION CORP IV,UNIT,12520T201,15435,1500000,SH,,SOLE,,0,1500000,0
21,CF FIN ACQUISITION CORP III,UNIT,12529D207,13949,1300000,SH,,SOLE,,0,1300000,0
22,CF FINANCE ACQUISITION CORP,WARRANT,15725Q112,964,400000,PRN,,SOLE,,0,400000,0
23,CHURCHILL CAPITAL CORP IV,COMMON,171439102,26526,2649998,SH,,SOLE,,0,2649998,0
24,CHURCHILL CAPITAL CORP IV,WARRANT,171439110,763,501977,PRN,,SOLE,,0,501977,0
25,CHURCHILL CAPITAL CORP V,UNIT,17144T206,2100,200000,SH,,SOLE,,0,200000,0
26,CIIG MERGER CORP,OPTION,12559C953,110,3900,SH,Put,SOLE,,0,3900,0
27,CIIG MERGER CORP,WARRANT,12559C111,7222,880713,PRN,,SOLE,,0,880713,0
28,CLOVIS ONCOLOGY INC,BOND,189464AB6,2979,3187000,PRN,,SOLE,,0,3187000,0
29,CLOVIS ONCOLOGY INC,BOND,189464AC4,34360,48566000,PRN,,SOLE,,0,48566000,0
30,COLFAX CORP,PREF CONV,194014205,49900,308901,SH,,SOLE,,0,308901,0
31,COLLEGIUM PHARMACEUTICAL INC,BOND,19459JAA2,34967,35995000,PRN,,SOLE,,0,35995000,0
32,COLONY STARWOOD HOMES,BOND,19625XAB8,21070,16000000,PRN,,SOLE,,0,16000000,0
33,CONTURA ENERGY INC,COMMON,21241B100,14490,1274368,SH,,SOLE,,0,1274368,0
34,CONX CORP,UNIT,212873202,12018,1150000,SH,,SOLE,,0,1150000,0
35,CORNER GROWTH ACQUISITION CO,UNIT,G2425N121,10450,1000000,SH,,SOLE,,0,1000000,0
36,CREE INC,BOND,225447AB7,46891,25800000,PRN,,SOLE,,0,25800000,0
37,DANAHER CORPORATION,COMMON,235851102,42829,192801,SH,,SOLE,,0,192801,0
38,DESKTOP METAL INC,COMMON,25058X105,16509,959886,SH,,SOLE,,0,959886,0
39,DESKTOP METAL INC,OPTION,25058X955,2742,159400,SH,Put,SOLE,,0,159400,0
40,DESKTOP METAL INC,WARRANT,25058X113,5606,1165512,PRN,,SOLE,,0,1165512,0
41,ENVESTNET INC,BOND,29404KAB2,34215,25700000,PRN,,SOLE,,0,25700000,0
42,EZCORP INC,BOND,302301AE6,35330,44162000,PRN,,SOLE,,0,44162000,0
43,EZCORP INC,BOND,302301AF3,35209,37377000,PRN,,SOLE,,0,37377000,0
44,FAST ACQUISITION CORP,COMMON,311875108,5432,530500,SH,,SOLE,,0,530500,0
45,FINSERV ACQUISITION CORP,WARRANT,318085115,279,79850,PRN,,SOLE,,0,79850,0
46,FLEXION THERAPEUTICS INC,BOND,33938JAB2,20217,22241000,PRN,,SOLE,,0,22241000,0
47,FOREST ROAD ACQUISITION CORP,UNIT,34619R201,7264,691849,SH,,SOLE,,0,691849,0
48,FTAC OLYMPUS ACQUISITION COR,COMMON,G37288100,8139,790175,SH,,SOLE,,0,790175,0
49,GFL ENVIRONMENTAL INC,PREF CONV,36168Q120,81273,1153459,SH,,SOLE,,0,1153459,0
50,GOOD WORKS ACQUISITION CORP,COMMON,38216X107,3558,357584,SH,,SOLE,,0,357584,0
51,GREEN PLAINS INC,BOND,393222AF1,46114,48035000,PRN,,SOLE,,0,48035000,0
52,HELIX ENERGY SOLUTIONS GRP I,BOND,42330PAK3,30385,29500000,PRN,,SOLE,,0,29500000,0
53,HOSTESS BRANDS INC,WARRANT,44109J114,6379,4011884,PRN,,SOLE,,0,4011884,0
54,HUDSON EXECUTIVE INVT CORP,WARRANT,443761119,81,46837,PRN,,SOLE,,0,46837,0
55,HYCROFT MINING HOLDING CORP,WARRANT,44862P117,739,520532,PRN,,SOLE,,0,520532,0
56,HYCROFT MINING HOLDING CORP,WARRANT,44862P133,1300,833333,PRN,,SOLE,,0,833333,0
57,HYCROFT MINING HOLDING CORP,COMMON,44862P109,60760,7740213,SH,,SOLE,,0,7740213,0
58,INFINERA CORP,BOND,45667GAC7,60984,49000000,PRN,,SOLE,,0,49000000,0
59,INTERCEPT PHARMACEUTICALS IN,BOND,45845PAA6,18267,22977000,PRN,,SOLE,,0,22977000,0
60,INTERCEPT PHARMACEUTICALS IN,BOND,45845PAB4,34742,55943000,PRN,,SOLE,,0,55943000,0
61,INTERPRIVATE ACQUISITION COR,WARRANT,46064A111,1435,350000,PRN,,SOLE,,0,350000,0
62,INVACARE CORP,BOND,461203AH4,51096,53927000,PRN,,SOLE,,0,53927000,0
63,INVACARE CORP,BOND,461203AJ0,15925,17223000,PRN,,SOLE,,0,17223000,0
64,JAWS ACQUISITION CORP,WARRANT,G50744112,744,275655,PRN,,SOLE,,0,275655,0
65,KKR & CO INC,COMMON,48251W104,44653,1102809,SH,,SOLE,,0,1102809,0
66,LANNETT CO INC,BOND,51602UAC2,23986,35800000,PRN,,SOLE,,0,35800000,0
67,LIVEPERSON INC,COMMON,538146101,4138,66500,SH,,SOLE,,0,66500,0
68,LUMINAR TECHNOLOGIES INC,COMMON,550424105,16579,487581,SH,,SOLE,,0,487581,0
69,LUMINAR TECHNOLOGIES INC,OPTION,550424955,27200,800000,SH,Put,SOLE,,0,800000,0
70,MESA LABS INC,BOND,59064RAA7,32959,28650000,PRN,,SOLE,,0,28650000,0
71,MULTIPLAN CORPORATION,WARRANT,62548M118,1174,782626,PRN,,SOLE,,0,782626,0
72,NANTHEALTH INC,COMMON,630104107,45,13895,SH,,SOLE,,0,13895,0
73,NANTHEALTH INC,BOND,630104AB3,36811,38445000,PRN,,SOLE,,0,38445000,0
74,NEXTERA ENERGY PARTNERS LP,COMMON,65341B106,5679,84700,SH,,SOLE,,0,84700,0
75,NUANCE COMMUNICATIONS INC,BOND,67020YAK6,63127,33915000,PRN,,SOLE,,0,33915000,0
76,OCCIDENTAL PETE CORP,WARRANT,674599162,6810,1000000,PRN,,SOLE,,0,1000000,0
77,OMEROS CORP,BOND,682143AE2,20168,18845000,PRN,,SOLE,,0,18845000,0
78,OMEROS CORP,BOND,682143AG7,43866,40000000,PRN,,SOLE,,0,40000000,0
79,OPKO HEALTH INC,BOND,68375NAD5,60858,47920000,PRN,,SOLE,,0,47920000,0
80,PALANTIR TECHNOLOGIES INC,COMMON,69608A108,20500,870468,SH,,SOLE,,0,870468,0
81,PANACEA ACQUISITION CORP,COMMON,698102100,4186,357761,SH,,SOLE,,0,357761,0
82,PANACEA ACQUISITION CORP,WARRANT,698102118,836,261230,PRN,,SOLE,,0,261230,0
83,PARATEK PHARMACEUTICALS INC,BOND,699374AB0,34911,39392000,PRN,,SOLE,,0,39392000,0
84,PEBBLEBROOK HOTEL TR,COMMON,70509V100,4649,247306,SH,,SOLE,,0,247306,0
85,POLARITYTE INC,OPTION,731094908,201,296200,SH,Call,SOLE,,0,296200,0
86,PROTALIX BIOTHERAPEUTICS INC,BOND,74365AAD3,29401,31014000,PRN,,SOLE,,0,31014000,0
87,QUANTUMSCAPE CORP,OPTION,74767V959,4223,50000,SH,Put,SOLE,,0,50000,0
88,QUOTIENT LTD,COMMON,G73268107,27796,5335191,SH,,SOLE,,0,5335191,0
89,RAPID7 INC,BOND,753422AB0,56304,25477000,PRN,,SOLE,,0,25477000,0
90,REALPAGE INC,BOND,75606NAB5,53227,25500000,PRN,,SOLE,,0,25500000,0
91,RETAIL VALUE INC,COMMON,76133Q102,5356,360155,SH,,SOLE,,0,360155,0
92,RETROPHIN INC,BOND,761299AB2,56304,54400000,PRN,,SOLE,,0,54400000,0
93,SAREPTA THERAPEUTICS INC,BOND,803607AB6,12208,5000000,PRN,,SOLE,,0,5000000,0
94,SARISSA CAPITAL ACQUISITN CO,UNIT,G7823W128,10628,997890,SH,,SOLE,,0,997890,0
95,SILICON LABORATORIES INC,BOND,826919AB8,23956,17288000,PRN,,SOLE,,0,17288000,0
96,SOCIAL CAP HEDSPIA HLDG CO I,COMMON,G8251K107,7536,449400,SH,,SOLE,,0,449400,0
97,SPARTAN ACQUISITION CORP II,UNIT,846775203,5400,500000,SH,,SOLE,,0,500000,0
98,SPDR S&P 500 ETF TR,OPTION,78462F953,243022,650000,SH,Put,SOLE,,0,650000,0
99,SPLUNK INC,BOND,848637AC8,37057,28280000,PRN,,SOLE,,0,28280000,0
100,SWITCHBACK ENERGY ACQUISTN C,COMMON,87105M102,13440,335172,SH,,SOLE,,0,335172,0
101,SWITCHBACK ENERGY ACQUISTN C,OPTION,87105M952,32870,820100,SH,Put,SOLE,,0,820100,0
102,SWITCHBACK ENERGY ACQUISTN C,WARRANT,87105M110,21846,1416725,PRN,,SOLE,,0,1416725,0
103,TATTOOED CHEF INC,WARRANT,87663X110,17655,1548688,PRN,,SOLE,,0,1548688,0
104,TRINITY BIOTECH INVT LTD,BOND,89643QAB4,37754,53175000,PRN,,SOLE,,0,53175000,0
105,TUSCAN HLDGS CORP,WARRANT,90069K112,1190,250000,PRN,,SOLE,,0,250000,0
106,UNITED STATES STL CORP NEW,BOND,912909AT5,52876,34925000,PRN,,SOLE,,0,34925000,0
107,VELODYNE LIDAR INC,COMMON,92259F101,31704,1389307,SH,,SOLE,,0,1389307,0
108,VELODYNE LIDAR INC,WARRANT,92259F119,6,746,PRN,,SOLE,,0,746,0
109,VEONEER INC,BOND,92336XAA7,24724,20100000,PRN,,SOLE,,0,20100000,0
110,VERASTEM INC,OPTION,92337C904,533,250000,SH,Call,SOLE,,0,250000,0
111,VERASTEM INC,BOND,92337CAA2,26740,28000000,PRN,,SOLE,,0,28000000,0
112,WAYFAIR INC,OPTION,94419L951,11291,50000,SH,Put,SOLE,,0,50000,0
113,WAYFAIR INC,BOND,94419LAD3,87465,42000000,PRN,,SOLE,,0,42000000,0
114,WAYFAIR INC,BOND,94419LAF8,41051,24000000,PRN,,SOLE,,0,24000000,0
115,WORKDAY INC,BOND,98138HAF8,66958,40000000,PRN,,SOLE,,0,40000000,0
116,ZYNGA INC,COMMON,98986T108,4145,420000,SH,,SOLE,,0,420000,0
