,NAME OF ISSUER,TITLE OF CLASS,CUSIP,(x$1000),PRN AMT,PRN,CALL,DISCRETION,MANAGER,SOLE,SHARED,NONE
0,Bausch Health Companies Inc,COM,071734107,104689,5033147,SH,,DFND,1,0,5033147,0
1,Cheniere Energy Inc,COM NEW,16411R208,970601,16168606,SH,,DFND,1,0,16168606,0
2,Cloudera Inc,COM,18914U100,727874,52327391,SH,,DFND,1,0,52327391,0
3,Conduent Inc,COM,206787103,183117,38149336,SH,,DFND,1,0,38149336,0
4,CVR Energy Inc,COM,12662P108,1060861,71198718,SH,,DFND,7,0,71198718,0
5,Dana Inc.,COM,235825205,77803,3985820,SH,,DFND,1,0,3985820,0
6,"Delek US Holdings, Inc.",COM,24665A103,169376,10539880,SH,,DFND,9,0,10539880,0
7,Herbalife Ltd,COM SHS,G4412G101,985307,20505879,SH,,DFND,1,0,20505879,0
8,Herc Holdings Inc,COM,42704L104,298499,4494789,SH,,DFND,1,0,4494789,0
9,Icahn Enterprises LP,DEPOSITARY UNIT,451100101,5399031,106552816,SH,,DFND,2,0,106552816,0
10,Icahn Enterprises LP,DEPOSITARY UNIT,451100101,1258300,24835205,SH,,DFND,3,0,24835205,0
11,Icahn Enterprises LP,DEPOSITARY UNIT,451100101,2618072,51669068,SH,,DFND,6,0,51669068,0
12,Icahn Enterprises LP,DEPOSITARY UNIT,451100101,1541838,30429004,SH,,DFND,4,0,30429004,0
13,Icahn Enterprises LP,DEPOSITARY UNIT,451100101,418705,8263369,SH,,DFND,5,0,8263369,0
14,Navistar International Corporation,COM,63934E108,735449,16729960,SH,,DFND,1,0,16729960,0
15,"Newell Brands, Inc",COM,651229106,927849,43704616,SH,,DFND,1,0,43704616,0
16,Occidental Petroleum Corp,COM,674599105,1534138,88627271,SH,,DFND,1,0,88627271,0
17,Occidental Petroleum Corp Warrants,*W,674599162,131466,19304913,SH,,DFND,1,0,19304913,0
18,"SandRidge Energy, Inc.",COM NEW,80007P869,14938,4818832,SH,,DFND,1,0,4818832,0
19,Tenneco Inc (Class A),CL-A VTG COM STK,880349105,77228,7285683,SH,,DFND,8,0,7285683,0
20,Welbilt Inc,COM,949090104,157638,11942238,SH,,DFND,1,0,11942238,0
21,Xerox Holdings Corporation,COM NEW,98421M106,667159,27769235,SH,,DFND,1,0,27769235,0
