,NAME OF ISSUER,TITLE OF CLASS,CUSIP,(x$1000),PRN AMT,PRN,CALL,DISCRETION,MANAGER,SOLE,SHARED,NONE
0,AFYA LTD,COMMON STOCK,G01125106,45035,1780040,SH,,DFND,12,1780040,0,0
1,AIR TRANSPORT SERVICES GROUP INC,CONVERTIBLE BOND,00922RAB1,1753,1465000,PRN,,DFND,12,1465000,0,0
2,AKAMAI TECHNOLOGIES INC,CONVERTIBLE BOND,00971TAL5,7605,6794999,PRN,,DFND,12,6794999,0,0
3,ALLEGHENY TECHNOLOGIES INC,CONVERTIBLE BOND,01741RAG7,1417,1036000,PRN,,DFND,12,1036000,0,0
4,ALLY FINANCIAL INC,COMMON STOCK,02005N100,500186,14026541,SH,,DFND,12,14026541,0,0
5,AMERICA MOVIL SAB DE CV,COMMON STOCK,02364W105,40398,2778470,SH,,DFND,12,2778470,0,0
6,AMERICAN AIRLINES GROUP INC,CONVERTIBLE BOND,02376RAF9,3775,3000000,PRN,,DFND,12,3000000,0,0
7,AMERICOLD REALTY TRUST,COMMON STOCK,03064D108,439435,11771646,SH,,DFND,12,11771646,0,0
8,AMPLIFY ENERGY CORP,COMMON STOCK,03212B103,537,410041,SH,,DFND,12,410041,0,0
9,ANGLOGOLD ASHANTI LTD,COMMON STOCK,035128206,70166,3101986,SH,,DFND,12,3101986,0,0
10,APOLLO COMMERCIAL REAL ESTATE FINANCE INC,CONVERTIBLE BOND,03762UAB1,14351,14987000,PRN,,DFND,12,14987000,0,0
11,ARBOR REALTY TRUST INC,CONVERTIBLE BOND,038923AP3,28658,28489999,PRN,,DFND,12,28489999,0,0
12,ARDMORE SHIPPING CORP,COMMON STOCK,Y0207T100,5232,1600000,SH,,DFND,12,1600000,0,0
13,ARES CAPITAL CORP,CONVERTIBLE BOND,04010LAW3,16437,15544000,PRN,,DFND,12,15544000,0,0
14,ATLAS AIR WORLDWIDE HOLDINGS INC,CONVERTIBLE BOND,049164BH8,3342,3190000,PRN,,DFND,12,3190000,0,0
15,AURORA CANNABIS INC,CONVERTIBLE BOND,05156XAG3,7426,9804000,PRN,,DFND,12,9804000,0,0
16,AVAYA HOLDINGS CORP,CONVERTIBLE BOND,05351XAB7,8878,8483000,PRN,,DFND,12,8483000,0,0
17,AZUL SA,COMMON STOCK,05501U106,51629,2262454,SH,,DFND,12,2262454,0,0
18,BANCO BRADESCO SA,COMMON STOCK,059460303,75013,14261189,SH,,DFND,12,14261189,0,0
19,BATTALION OIL CORP,COMMON STOCK,07134L107,24982,3009912,SH,,DFND,12,3009912,0,0
20,BEL FUSE INC,COMMON STOCK,077347201,951,71613,SH,,DFND,12,71613,0,0
21,BEL FUSE INC,COMMON STOCK,077347300,6954,462679,SH,,DFND,12,462679,0,0
22,BENEFITFOCUS INC,CONVERTIBLE BOND,08180DAB2,7406,8369000,PRN,,DFND,12,8369000,0,0
23,BERRY PETROLEUM CO LLC,COMMON STOCK,08579X101,47520,12913313,SH,,DFND,12,12913313,0,0
24,BLACKLINE INC,CONVERTIBLE BOND,09239BAB5,2823,1499999,PRN,,DFND,12,1499999,0,0
25,BLACKSTONE MORTGAGE TRUST INC,CONVERTIBLE BOND,09257WAB6,10562,10530000,PRN,,DFND,12,10530000,0,0
26,BOINGO WIRELESS INC,CONVERTIBLE BOND,09739CAB8,2576,2785000,PRN,,DFND,12,2785000,0,0
27,BOOKING HOLDINGS INC,CONVERTIBLE BOND,741503AX4,6659,5733000,PRN,,DFND,12,5733000,0,0
28,BRASKEM SA,COMMON STOCK,105532105,4681,519550,SH,,DFND,12,519550,0,0
29,CALAMP CORP,CONVERTIBLE BOND,128126AD1,4258,4782000,PRN,,DFND,12,4782000,0,0
30,CALIFORNIA RESOURCES CORP,COMMON STOCK,13057Q305,4068,172465,SH,,DFND,12,172465,0,0
31,CEMEX SAB DE CV,COMMON STOCK,151290889,126599,24487334,SH,,DFND,12,24487334,0,0
32,CHEFS WAREHOUSE INC/THE,CONVERTIBLE BOND,163086AB7,3033,3134000,PRN,,DFND,12,3134000,0,0
33,CIMAREX ENERGY CO,COMMON STOCK,171798101,15594,415735,SH,,DFND,12,415735,0,0
34,CLEVELAND-CLIFFS INC,CONVERTIBLE BOND,185899AA9,1946,1000000,PRN,,DFND,12,1000000,0,0
35,COLONY CAPITAL INC,CONVERTIBLE BOND,19624RAA4,10526,10683000,PRN,,DFND,12,10683000,0,0
36,COLONY CAPITAL INC,CONVERTIBLE BOND,19624RAB2,328,326000,PRN,,DFND,12,326000,0,0
37,CONMED CORP,CONVERTIBLE BOND,207410AF8,4910,3500000,PRN,,DFND,12,3500000,0,0
38,CREE INC,CONVERTIBLE BOND,225447AB7,2819,1550000,PRN,,DFND,12,1550000,0,0
39,CYBERARK SOFTWARE LTD,CONVERTIBLE BOND,23248VAB1,11731,9631000,PRN,,DFND,12,9631000,0,0
40,DISH NETWORK CORP,CONVERTIBLE BOND,25470MAB5,31160,32604000,PRN,,DFND,12,32604000,0,0
41,DISH NETWORK CORP,CONVERTIBLE BOND,25470MAD1,15662,16739000,PRN,,DFND,12,16739000,0,0
42,DYCOM INDUSTRIES INC,CONVERTIBLE BOND,267475AB7,12566,12155000,PRN,,DFND,12,12155000,0,0
43,EAGLE BULK SHIPPING INC,COMMON STOCK,Y2187A150,80191,4220591,SH,,DFND,12,4220591,0,0
44,EAGLE BULK SHIPPING INC,CONVERTIBLE BOND,269442AB5,40573,49480000,PRN,,DFND,12,49480000,0,0
45,ENCORE CAPITAL GROUP INC,CONVERTIBLE BOND,292554AH5,14688,14608000,PRN,,DFND,12,14608000,0,0
46,EQUITY RESIDENTIAL,COMMON STOCK,29476L107,28276,477000,SH,,DFND,12,477000,0,0
47,EURONET WORLDWIDE INC,CONVERTIBLE BOND,298736AL3,6244,5500000,PRN,,DFND,12,5500000,0,0
48,EVOLENT HEALTH INC,CONVERTIBLE BOND,30050BAB7,8210,8126000,PRN,,DFND,12,8126000,0,0
49,EXACT SCIENCES CORP,CONVERTIBLE BOND,30063PAB1,8124,5850000,PRN,,DFND,12,5850000,0,0
50,EXANTAS CAPITAL CORP,CONVERTIBLE BOND,76120WAC8,67318,72675000,PRN,,DFND,12,72675000,0,0
51,EZCORP INC,CONVERTIBLE BOND,302301AE6,7770,9565000,PRN,,DFND,12,9565000,0,0
52,FIREEYE INC,CONVERTIBLE BOND,31816QAD3,13233,13418000,PRN,,DFND,12,13418000,0,0
53,FIREEYE INC,CONVERTIBLE BOND,31816QAF8,1558,1278000,PRN,,DFND,12,1278000,0,0
54,FLEXION THERAPEUTICS INC,CONVERTIBLE BOND,33938JAB2,2493,2794000,PRN,,DFND,12,2794000,0,0
55,FORTIVE CORP,CONVERTIBLE BOND,34959JAK4,19919,19270000,PRN,,DFND,12,19270000,0,0
56,GOLAR LNG LTD,CONVERTIBLE BOND,38046YAB7,6094,6595000,PRN,,DFND,12,6595000,0,0
57,GOLDMAN SACHS BDC INC,CONVERTIBLE BOND,38147UAB3,11554,11204000,PRN,,DFND,12,11204000,0,0
58,GREEN PLAINS INC,CONVERTIBLE BOND,393222AF1,6524,6775000,PRN,,DFND,12,6775000,0,0
59,GREENBRIER COS INC/THE,CONVERTIBLE BOND,393657AK7,19586,19288000,PRN,,DFND,12,19288000,0,0
60,GRUPO TELEVISA SAB,COMMON STOCK,40049J206,22249,2700150,SH,,DFND,12,2700150,0,0
61,GUESS INC,CONVERTIBLE BOND,401617AD7,8018,7179000,PRN,,DFND,12,7179000,0,0
62,HCI GROUP INC,CONVERTIBLE BOND,40416EAD5,4062,3889000,PRN,,DFND,12,3889000,0,0
63,HELIX ENERGY SOLUTIONS GROUP INC,CONVERTIBLE BOND,42330PAH0,9507,9855000,PRN,,DFND,12,9855000,0,0
64,HERBALIFE NUTRITION LTD,CONVERTIBLE BOND,42703MAD5,15548,14562000,PRN,,DFND,12,14562000,0,0
65,HERCULES CAPITAL INC,CONVERTIBLE BOND,427096AF9,12100,11756000,PRN,,DFND,12,11756000,0,0
66,HIGHLAND INCOME FUND,COMMON STOCK,43010E404,4112,400000,SH,,DFND,12,400000,0,0
67,HOPE BANCORP INC,CONVERTIBLE BOND,43940TAB5,17413,18568000,PRN,,DFND,12,18568000,0,0
68,HUAZHU GROUP LTD,CONVERTIBLE BOND,16949NAC3,1144,1000000,PRN,,DFND,12,1000000,0,0
69,ICICI BANK LTD,COMMON STOCK,45104G104,91449,6154053,SH,,DFND,12,6154053,0,0
70,II-VI INC,CONVERTIBLE BOND,902104AB4,3419,2045000,PRN,,DFND,12,2045000,0,0
71,ILLUMINA INC,CONVERTIBLE BOND,452327AK5,5685,5000000,PRN,,DFND,12,5000000,0,0
72,INFINERA CORP,COMMON STOCK,45667G103,263838,25175384,SH,,DFND,12,25175384,0,0
73,INFRASTRUCTURE & ENERGY ALTERNATIVES LLC,COMMON STOCK,45686J104,777,46904,SH,,DFND,12,46904,0,0
74,INNOVIVA INC,CONVERTIBLE BOND,88338TAB0,7163,7175000,PRN,,DFND,12,7175000,0,0
75,INSMED INC,CONVERTIBLE BOND,457669AA7,5317,4717000,PRN,,DFND,12,4717000,0,0
76,INSULET CORP,CONVERTIBLE BOND,45784PAK7,4518,3415000,PRN,,DFND,12,3415000,0,0
77,INTERCEPT PHARMACEUTICALS INC,CONVERTIBLE BOND,45845PAA6,15079,19435000,PRN,,DFND,12,19435000,0,0
78,INVACARE CORP,CONVERTIBLE BOND,461203AJ0,5537,5780000,PRN,,DFND,12,5780000,0,0
79,INVITAE CORP,CONVERTIBLE BOND,46185LAB9,1597,1000000,PRN,,DFND,12,1000000,0,0
80,INVITATION HOMES INC,CONVERTIBLE BOND,19625XAB8,3819,2850000,PRN,,DFND,12,2850000,0,0
81,IQIYI INC,CONVERTIBLE BOND,46267XAD0,1683,1900000,PRN,,DFND,12,1900000,0,0
82,ISHARES MSCI INDIA ETF,ETF,46429B598,3249,80800,SH,,DFND,12,80800,0,0
83,ITAU UNIBANCO HOLDING SA,COMMON STOCK,465562106,156685,25728310,SH,,DFND,12,25728310,0,0
84,JAZZ PHARMACEUTICALS PLC,CONVERTIBLE BOND,472145AB7,12809,12479000,PRN,,DFND,12,12479000,0,0
85,JAZZ PHARMACEUTICALS PLC,CONVERTIBLE BOND,472145AD3,5671,5317000,PRN,,DFND,12,5317000,0,0
86,JOYY INC,CONVERTIBLE BOND,98426TAD8,509,500000,PRN,,DFND,12,500000,0,0
87,KINGSOFT CORP LTD,COMMON STOCK,49639K101,22022,505676,SH,,DFND,12,505676,0,0
88,KKR REAL ESTATE FINANCE TRUST INC,CONVERTIBLE BOND,48251KAB6,14402,14237000,PRN,,DFND,12,14237000,0,0
89,LEAR CORP,COMMON STOCK,521865204,2319,14587,SH,,DFND,12,14587,0,0
90,LIBERTY BROADBAND CORP,COMMON STOCK,530307305,13778,86999,SH,,DFND,12,86999,0,0
91,Liberty Global PLC,COMMON STOCK,G5480U120,47773,2020000,SH,,DFND,12,2020000,0,0
92,LIBERTY LATIN AMERICA LTD,CONVERTIBLE BOND,53069QAB5,7614,7971000,PRN,,DFND,12,7971000,0,0
93,LIBERTY MEDIA CORP-LIBERTY FORMULA ONE,CONVERTIBLE BOND,531229AF9,3773,2951000,PRN,,DFND,12,2951000,0,0
94,LIGAND PHARMACEUTICALS INC,CONVERTIBLE BOND,53220KAF5,15931,16797000,PRN,,DFND,12,16797000,0,0
95,LIVE NATION ENTERTAINMENT INC,CONVERTIBLE BOND,538034AQ2,2462,1900000,PRN,,DFND,12,1900000,0,0
96,LOMA NEGRA CIA INDUSTRIAL ARGENTINA SA,COMMON STOCK,54150E104,2103,342000,SH,,DFND,12,342000,0,0
97,LUFAX HOLDING LTD,COMMON STOCK,54975P102,37568,2645651,SH,,DFND,12,2645651,0,0
98,LUMENTUM HOLDINGS INC,CONVERTIBLE BOND,55024UAD1,6304,5149000,PRN,,DFND,12,5149000,0,0
99,MACQUARIE INFRASTRUCTURE CORP,CONVERTIBLE BOND,55608BAB1,13915,13950000,PRN,,DFND,12,13950000,0,0
100,MAGNACHIP SEMICONDUCTOR CORP,COMMON STOCK,55933J203,43460,3214537,SH,,DFND,12,3214537,0,0
101,MARRIOTT VACATIONS WORLDWIDE CORP,CONVERTIBLE BOND,57164YAB3,13859,12190000,PRN,,DFND,12,12190000,0,0
102,MERCADOLIBRE INC,COMMON STOCK,58733R102,21600,12894,SH,,DFND,12,12894,0,0
103,MFA FINANCIAL INC,CONVERTIBLE BOND,55272XAA0,12127,12067000,PRN,,DFND,12,12067000,0,0
104,MGIC INVESTMENT CORP,COMMON STOCK,552848103,38817,3093000,SH,,DFND,12,3093000,0,0
105,MOMO INC,CONVERTIBLE BOND,60879BAB3,4826,5819000,PRN,,DFND,12,5819000,0,0
106,MR COOPER GROUP INC,COMMON STOCK,62482R107,46771,1507286,SH,,DFND,12,1507286,0,0
107,NEOGENOMICS INC,CONVERTIBLE BOND,64049MAA8,1636,1000000,PRN,,DFND,12,1000000,0,0
108,NEW MOUNTAIN FINANCE CORP,CONVERTIBLE BOND,647551AC4,13548,13138000,PRN,,DFND,12,13138000,0,0
109,NEW RELIC INC,CONVERTIBLE BOND,64829BAB6,9801,9979000,PRN,,DFND,12,9979000,0,0
110,NEW YORK MORTGAGE TRUST INC,CONVERTIBLE BOND,649604AD7,2379,2391000,PRN,,DFND,12,2391000,0,0
111,NEWPARK RESOURCES INC,CONVERTIBLE BOND,651718AE8,2382,2617000,PRN,,DFND,12,2617000,0,0
112,NMI HOLDINGS INC,COMMON STOCK,629209305,112434,4964000,SH,,DFND,12,4964000,0,0
113,NUTANIX INC,CONVERTIBLE BOND,67059NAB4,14818,14646000,PRN,,DFND,12,14646000,0,0
114,NUVASIVE INC,CONVERTIBLE BOND,670704AG0,10761,10577000,PRN,,DFND,12,10577000,0,0
115,OAKTREE SPECIALTY LENDING CORP,COMMON STOCK,67401P108,1537,276000,SH,,DFND,12,276000,0,0
116,OAKTREE STRATEGIC INCOME CORP,COMMON STOCK,67402D104,3038,392000,SH,,DFND,12,392000,0,0
117,OASIS PETROLEUM INC,COMMON STOCK,674215207,10596,285918,SH,,DFND,12,285918,0,0
118,OI SA,COMMON STOCK,670851500,4469,2201646,SH,,DFND,12,2201646,0,0
119,ON SEMICONDUCTOR CORP,CONVERTIBLE BOND,682189AP0,3523,2100000,PRN,,DFND,12,2100000,0,0
120,PAMPA ENERGIA SA,COMMON STOCK,697660207,11699,849000,SH,,DFND,12,849000,0,0
121,PARATEK PHARMACEUTICALS INC,CONVERTIBLE BOND,699374AB0,2776,3189000,PRN,,DFND,12,3189000,0,0
122,PATRICK INDUSTRIES INC,CONVERTIBLE BOND,703343AB9,10926,10252000,PRN,,DFND,12,10252000,0,0
123,PEBBLEBROOK HOTEL TRUST,CONVERTIBLE BOND,70509VAA8,3204,3000000,PRN,,DFND,12,3000000,0,0
124,PENNYMAC MORTGAGE INVESTMENT TRUST,CONVERTIBLE BOND,70932AAD5,15759,15959000,PRN,,DFND,12,15959000,0,0
125,PETROLEO BRASILEIRO SA,COMMON STOCK,71654V408,70874,6311209,SH,,DFND,12,6311209,0,0
126,PG&E CORP,COMMON STOCK,69331C108,280350,22500000,SH,,DFND,12,22500000,0,0
127,PINDUODUO INC,CONVERTIBLE BOND,722304AB8,871,209000,PRN,,DFND,12,209000,0,0
128,PINDUODUO INC,CONVERTIBLE BOND,722304AC6,10215,8250000,PRN,,DFND,12,8250000,0,0
129,PLURALSIGHT INC,CONVERTIBLE BOND,72941BAB2,15588,15689999,PRN,,DFND,12,15689999,0,0
130,PRA GROUP INC,CONVERTIBLE BOND,69354NAB2,1798,1650000,PRN,,DFND,12,1650000,0,0
131,PRECIGEN INC,CONVERTIBLE BOND,46122TAA0,2385,2790000,PRN,,DFND,12,2790000,0,0
132,PRETIUM RESOURCES INC,CONVERTIBLE BOND,74139CAB8,8610,8010000,PRN,,DFND,12,8010000,0,0
133,PROOFPOINT INC,CONVERTIBLE BOND,743424AF0,5060,4500000,PRN,,DFND,12,4500000,0,0
134,PURE STORAGE INC,CONVERTIBLE BOND,74624MAB8,6806,6162000,PRN,,DFND,12,6162000,0,0
135,Q2 HOLDINGS INC,CONVERTIBLE BOND,74736LAD1,4533,2950000,PRN,,DFND,12,2950000,0,0
136,Qiagen NV,CONVERTIBLE BOND,N72482AT4,10284,8600000,PRN,,DFND,12,8600000,0,0
137,QUOTIENT TECHNOLOGY INC,CONVERTIBLE BOND,749119AB9,7199,7174000,PRN,,DFND,12,7174000,0,0
138,RADIUS HEALTH INC,CONVERTIBLE BOND,750469AA6,6447,7173000,PRN,,DFND,12,7173000,0,0
139,REDWOOD TRUST INC,CONVERTIBLE BOND,749772AD1,12094,12680000,PRN,,DFND,12,12680000,0,0
140,SCORPIO TANKERS INC,CONVERTIBLE BOND,80918TAB5,1901,1977000,PRN,,DFND,12,1977000,0,0
141,SEACOR HOLDINGS INC,CONVERTIBLE BOND,811904AM3,6339,6404000,PRN,,DFND,12,6404000,0,0
142,SFL CORP LTD,CONVERTIBLE BOND,G81075AF3,3538,3575000,PRN,,DFND,12,3575000,0,0
143,SHOPIFY INC,CONVERTIBLE BOND,82509LAA5,5912,5000000,PRN,,DFND,12,5000000,0,0
144,SOUTHWEST AIRLINES CO,CONVERTIBLE BOND,844741BG2,2640,1812000,PRN,,DFND,12,1812000,0,0
145,SPIRIT REALTY CAPITAL INC,CONVERTIBLE BOND,84860WAB8,3450,3397000,PRN,,DFND,12,3397000,0,0
146,SSR MINING INC,CONVERTIBLE BOND,784730AB9,8493,6108000,PRN,,DFND,12,6108000,0,0
147,STAR BULK CARRIERS CORP,COMMON STOCK,Y8162K204,344423,39006017,SH,,DFND,12,39006017,0,0
148,STARWOOD PROPERTY TRUST INC,CONVERTIBLE BOND,85571BAH8,18112,18189000,PRN,,DFND,12,18189000,0,0
149,SUNOPTA INC,COMMON STOCK,8676EP108,94441,8092699,SH,,DFND,12,8092699,0,0
150,SUNPOWER CORP,CONVERTIBLE BOND,867652AJ8,1383,1345000,PRN,,DFND,12,1345000,0,0
151,SUNPOWER CORP,CONVERTIBLE BOND,867652AL3,9992,7670000,PRN,,DFND,12,7670000,0,0
152,SUPER MICRO COMPUTER INC,COMMON STOCK,86800U104,105085,3319176,SH,,DFND,12,3319176,0,0
153,SUPERNUS PHARMACEUTICALS INC,CONVERTIBLE BOND,868459AD0,15957,16738000,PRN,,DFND,12,16738000,0,0
154,SYNAPTICS INC,CONVERTIBLE BOND,87157DAD1,3729,2699999,PRN,,DFND,12,2699999,0,0
155,TAIWAN SEMICONDUCTOR MANUFACTURING CO LTD,COMMON STOCK,874039100,43501,398949,SH,,DFND,12,398949,0,0
156,TEAM INC,CONVERTIBLE BOND,878155AE0,3730,3769000,PRN,,DFND,12,3769000,0,0
157,TELECOM ARGENTINA SA,COMMON STOCK,879273209,14828,2260500,SH,,DFND,12,2260500,0,0
158,TESLA INC,CONVERTIBLE BOND,88160RAD3,1216,113000,PRN,,DFND,12,113000,0,0
159,TEVA PHARMACEUTICAL INDUSTRIES LTD,CONVERTIBLE BOND,88163VAE9,10013,9964000,PRN,,DFND,12,9964000,0,0
160,TILRAY INC,CONVERTIBLE BOND,88688TAB6,5759,6776000,PRN,,DFND,12,6776000,0,0
161,TORM PLC,COMMON STOCK,G89479102,398058,53812988,SH,,DFND,12,53812988,0,0
162,TOWNSQUARE MEDIA INC,COMMON STOCK,892231101,10624,1595224,SH,,DFND,12,1595224,0,0
163,TRANSPORTADORA DE GAS DEL SUR SA,COMMON STOCK,893870204,10372,1994729,SH,,DFND,12,1994729,0,0
164,TRAVERE THERAPEUTICS INC,CONVERTIBLE BOND,761299AB2,12149,11925000,PRN,,DFND,12,11925000,0,0
165,TURNING POINT BRANDS INC,CONVERTIBLE BOND,90041LAE5,6826,6018000,PRN,,DFND,12,6018000,0,0
166,TWITTER INC,CONVERTIBLE BOND,90184LAD4,14646,14352000,PRN,,DFND,12,14352000,0,0
167,TWITTER INC,CONVERTIBLE BOND,90184LAF9,7829,6465000,PRN,,DFND,12,6465000,0,0
168,TWO HARBORS INVESTMENT CORP,CONVERTIBLE BOND,90187BAA9,15221,15184000,PRN,,DFND,12,15184000,0,0
169,UNITI GROUP INC,COMMON STOCK,91325V108,39853,3397592,SH,,DFND,12,3397592,0,0
170,VALE SA,COMMON STOCK,91912E105,113247,6756996,SH,,DFND,12,6756996,0,0
171,VEECO INSTRUMENTS INC,CONVERTIBLE BOND,922417AD2,7014,7199000,PRN,,DFND,12,7199000,0,0
172,VEON LTD,COMMON STOCK,91822M106,2837,1878900,SH,,DFND,12,1878900,0,0
173,VERINT SYSTEMS INC,CONVERTIBLE BOND,92343XAA8,16626,15094000,PRN,,DFND,12,15094000,0,0
174,VIAVI SOLUTIONS INC,CONVERTIBLE BOND,925550AB1,853,664000,PRN,,DFND,12,664000,0,0
175,VISHAY INTERTECHNOLOGY INC,CONVERTIBLE BOND,928298AP3,15549,14893000,PRN,,DFND,12,14893000,0,0
176,VISTA OIL & GAS SAB DE CV,COMMON STOCK,92837L109,8020,3133000,SH,,DFND,12,3133000,0,0
177,VISTRA CORP,COMMON STOCK,92840M102,595266,30278055,SH,,DFND,12,30278055,0,0
178,VONAGE HOLDINGS CORP,CONVERTIBLE BOND,92886TAJ1,14130,12963000,PRN,,DFND,12,12963000,0,0
179,WEIBO CORP,CONVERTIBLE BOND,948596AC5,6799,6974000,PRN,,DFND,12,6974000,0,0
180,WESTERN DIGITAL CORP,CONVERTIBLE BOND,958102AP0,17271,17290000,PRN,,DFND,12,17290000,0,0
181,WORKDAY INC,CONVERTIBLE BOND,98138HAF8,3351,2000000,PRN,,DFND,12,2000000,0,0
182,WORKIVA INC,CONVERTIBLE BOND,98139AAB1,3905,2900000,PRN,,DFND,12,2900000,0,0
