,NAME OF ISSUER,TITLE OF CLASS,CUSIP,(x$1000),PRN AMT,PRN,CALL,DISCRETION,MANAGER,SOLE,SHARED,NONE
0,2U INC,COM,90214J101,129529,2311371,SH,,DFND,02 01,0,2227890,83481
1,ACCELERON PHARMA INC,COM,00434H108,1686,45180,SH,,DFND,02 01,0,45180,0
2,ACI WORLDWIDE INC,COM,004498101,22780,1000000,SH,,DFND,2,0,1000000,0
3,ACUITY BRANDS INC,COM,00508Y102,103196,602501,SH,,DFND,02 01,0,602501,0
4,ACXIOM CORP,COM,005125109,70552,2863312,SH,,DFND,02 01,0,2863312,0
5,ADAMAS PHARMACEUTICALS INC,COM,00548A106,2185,103200,SH,,DFND,2,0,103200,0
6,AERIE PHARMACEUTICALS INC,COM,00771V108,299,6156,SH,,DFND,2,0,6156,0
7,AGILENT TECHNOLOGIES INC,COM,00846U101,1798,28000,SH,,DFND,2,0,28000,0
8,AIR LEASE CORP,CL A,00912X302,100970,2369082,SH,,DFND,02 01,0,2299082,70000
9,ALEXANDER & BALDWIN,COM,014491104,6718,145000,SH,,DFND,2,0,145000,0
10,ALEXANDERS INC,COM,014752109,89891,211962,SH,,DFND,02 01,5000,192242,14720
11,ALEXANDRIA REAL ESTATE EQ IN,COM,015271109,120787,1015272,SH,,DFND,02 01,0,933272,82000
12,ALIBABA GROUP HLDG LTD,SPONSORED ADR,01609W102,298433,1727945,SH,,DFND,02 01,0,1615845,112100
13,ALIGN TECHNOLOGY INC,COM,016255101,21699,116493,SH,,DFND,02 01,0,116493,0
14,ALPHABET INC,CL A,02079K305,3761,3863,SH,,DFND,02 01,0,3863,0
15,ALPHABET INC,CL C,02079K107,25102,26172,SH,,DFND,02 01,0,26172,0
16,AMAZON COM INC,COM,023135106,79264,82451,SH,,DFND,02 01,0,82451,0
17,AMBER RD INC,COM,02318Y108,1491,194200,SH,,DFND,2,0,194200,0
18,AMERICAN ASSETS TRUST INC,COM,024013104,23544,592000,SH,,DFND,2,0,523162,68838
19,AMERICAN CAMPUS CMNTYS INC,COM,024835100,4517,102312,SH,,DFND,02 01,0,102312,0
20,AMERICAN HOMES 4 RENT,CL A,02665T306,13170,606651,SH,,DFND,02 01,0,606651,0
21,AMERICAN TOWER CORP,COM,03027X100,63328,463334,SH,,DFND,02 01,0,463334,0
22,ANDEAVOR (FKA TESORO CORP),COM,03349M105,2218,21500,SH,,DFND,2,0,21500,0
23,ANSYS INC,COM,03662Q105,321159,2616797,SH,,DFND,02 01,0,2418297,198500
24,APPLE INC,COM,037833100,7071,45877,SH,,DFND,02 01,0,45877,0
25,ARCH CAP GROUP LTD,ORD,G0450A105,842321,8551480,SH,,DFND,02 01,0,8206480,345000
26,ARTISAN PARTNERS ASSET MGMT,CL A,04316A108,517,15874,SH,,DFND,02 01,0,15874,0
27,ASML HOLDING N V,NY REG SHS,N07059210,5730,33472,SH,,DFND,02 01,0,33472,0
28,ASPEN TECHNOLOGY INC,COM,045327103,55643,885900,SH,,DFND,2,0,885900,0
29,AXOGEN INC,COM,05463X106,3443,177935,SH,,DFND,2,0,177935,0
30,BAIDU INC,SPON ADR REP A,056752108,169047,682496,SH,,DFND,02 01,0,633296,49200
31,BANCO MACRO SA,SPON ADR B,05961W105,57082,486423,SH,,DFND,02 01,0,451123,35300
32,BANCO SANTANDER CHILE,SP ADR REP COM,05965X109,52159,1755590,SH,,DFND,02 01,0,1629290,126300
33,BEACON ROOFING SUPPLY INC,COM,073685109,61982,1209400,SH,,DFND,02 01,0,1209400,0
34,BENEFITFOCUS INC,COM,08180D106,142859,4245435,SH,,DFND,02 01,0,3845921,399514
35,BERKSHIRE HATHAWAY INC DEL,CL A,084670108,275,1,SH,,DFND,0?,1,0,0
36,BERRY GLOBAL GROUP INC,COM,08579W103,45320,800000,SH,,DFND,2,0,800000,0
37,BIO TECHNE CORP,COM,09073M104,183780,1520228,SH,,DFND,02 01,0,1416728,103500
38,BIOGEN IDEC INC,COM,09062X103,4055,12951,SH,,DFND,02 01,0,12951,0
39,BITAUTO HLDGS LTD,SPONSORED ADS,091727107,66755,1494080,SH,,DFND,02 01,0,1388480,105600
40,BJS RESTAURANTS INC,COM,09180C106,15225,500000,SH,,DFND,2,0,500000,0
41,BOB EVANS FARMS INC,COM,096761101,4806,62000,SH,,DFND,2,0,62000,0
42,BOSTON PROPERTIES INC,COM,101121101,5138,41815,SH,,DFND,02 01,0,41815,0
43,BOYD GAMING CORP,COM,103304101,39820,1528617,SH,,DFND,02 01,0,1528617,0
44,BRIGHT HORIZONS FAM SOL IN D,COM,109194100,347225,4027663,SH,,DFND,02 01,0,3724113,303550
45,BROOKFIELD ASSET MGMT INC,CL A LTD VT SH,112585104,29772,720869,SH,,DFND,02 01,0,720869,0
46,BWX TECHNOLOGIES INC,COM,05605H100,26910,480359,SH,,DFND,02 01,0,480359,0
47,CAESARSTONE SDOT-YAM LTD,ORD SHS,M20598104,25306,849205,SH,,DFND,02 01,0,767883,81322
48,CAMPING WORLD HLDGS INC,CL A,13462K109,95152,2335600,SH,,DFND,02 01,0,2301600,34000
49,CANTEL MEDICAL CORP,COM,138098108,48498,515000,SH,,DFND,2,0,515000,0
50,CARLYLE GROUP L P,COM UTS LTD PTN,14309L102,133694,5665005,SH,,DFND,02 01,0,5395005,270000
51,CARMAX INC,COM,143130102,34106,449883,SH,,DFND,02 01,0,449883,0
52,CBOE HLDGS INC,COM,12503M108,21954,203981,SH,,DFND,2,0,203981,0
53,CBRE GROUP INC,CL A,12504L109,106077,2800342,SH,,DFND,02 01,0,2800342,0
54,CDW CORP,COM,12514G108,24372,369271,SH,,DFND,02 01,0,369271,0
55,CERUS CORP,COM,157085101,1531,560900,SH,,DFND,2,0,560900,0
56,CHECK POINT SOFTWARE TECH LT,ORD,M22465104,1077,9448,SH,,DFND,2,0,9448,0
57,CHEESECAKE FACTORY INC,COM,163072101,38961,925000,SH,,DFND,2,0,925000,0
58,CHEFS WAREHOUSE INC,COM,163086101,28950,1500000,SH,,DFND,2,0,1500000,0
59,CHOICE HOTELS INTL INC,COM,169905106,307641,4814406,SH,,DFND,02 01,20000,4244406,550000
60,CHURCH & DWIGHT INC,COM,171340102,91711,1892900,SH,,DFND,02 01,0,1705900,187000
61,CIMPRESS N V,SHS EURO,N20146101,1025,10500,SH,,DFND,2,0,10500,0
62,CISION LTD,SHS,G1992S109,87322,6706786,SH,,DFND,02 01,0,6706786,0
63,CLOUDERA INC,COM,18914U100,1108,66679,SH,,DFND,2,0,66679,0
64,CLOVIS ONCOLOGY INC,COM,189464100,2402,29147,SH,,DFND,02 01,0,29147,0
65,CME GROUP INC,COM,12572Q105,5791,42679,SH,,DFND,02 01,0,42679,0
66,COGNEX CORP,COM,192422103,110280,1000000,SH,,DFND,2,0,1000000,0
67,COHEN & STEERS INC,COM,19247A100,106188,2688979,SH,,DFND,02 01,0,2358979,330000
68,COHERENT INC,COM,192479103,3833,16300,SH,,DFND,2,0,16300,0
69,COMMERCEHUB INC,COM SER C,20084V306,4174,195500,SH,,DFND,02 01,0,195500,0
70,COMMUNITY HEALTH SYS INC NEW,COM,203668108,1,100,SH,,DFND,1,0,100,0
71,CONCHO RES INC,COM,20605P101,17761,134837,SH,,DFND,02 01,0,134837,0
72,COOPER COS INC,COM,216648402,60307,254341,SH,,DFND,02 01,0,254341,0
73,COPA HOLDINGS SA,CL A,P31076105,70938,569642,SH,,DFND,02 01,0,529042,40600
74,COSTAR GROUP INC,COM,22160N109,774040,2885519,SH,,DFND,02 01,0,2705758,179761
75,CTRIP COM INTL LTD,AMERICAN DEP SHS,22943F100,75481,1431200,SH,,DFND,02 01,0,1337700,93500
76,DEXCOM INC,COM,252131107,14726,301000,SH,,DFND,02 01,0,301000,0
77,DICKS SPORTING GOODS INC,COM,253393102,28388,1051013,SH,,DFND,02 01,0,951013,100000
78,DIGITAL RLTY TR INC,COM,253868103,8251,69726,SH,,DFND,02 01,0,69726,0
79,DOMINION MIDSTREAM PARTNERS,COM UT REP LTD,257454108,23840,745000,SH,,DFND,2,0,745000,0
80,DOUGLAS EMMETT INC,COM,25960P109,240501,6100987,SH,,DFND,02 01,0,5630987,470000
81,EDWARDS LIFESCIENCES CORP,COM,28176E108,4087,37386,SH,,DFND,02 01,0,37386,0
82,ELECTRONIC ARTS INC,COM,285512109,3196,27075,SH,,DFND,02 01,0,27075,0
83,ELECTRONICS FOR IMAGING INC,COM,286082102,51216,1200000,SH,,DFND,2,0,1200000,0
84,EMERALD EXPOSITIONS EVENTS INC,COM,29103B100,24983,1075000,SH,,DFND,2,0,1075000,0
85,ENCANA CORP,COM,292505104,4472,379589,SH,,DFND,2,0,379589,0
86,ENERGY TRASNFER EQUITY L P,COM UT LTD PTN,29273V100,1809,104100,SH,,DFND,2,0,104100,0
87,ENVESTNET INC,COM,29404K106,6830,133925,SH,,DFND,02 01,0,133925,0
88,EOG RES INC,COM,26875P101,1525,15768,SH,,DFND,2,0,15768,0
89,EPAM SYS INC,COM,29414B104,4734,53836,SH,,DFND,02 01,0,53836,0
90,EQUINIX INC,COM,29444U700,132311,296461,SH,,DFND,02 01,0,296461,0
91,EQUITY RESIDENTIAL,SH BEN INT,29476L107,14988,227335,SH,,DFND,02 01,0,227335,0
92,ESCO TECHNOLOGIES INC,COM,296315104,3135,52300,SH,,DFND,2,0,52300,0
93,ESSENT GROUP LTD,COM,G3198U102,30544,754174,SH,,DFND,02 01,0,688674,65500
94,EVERSPIN TECHNOLOGIES INC,COM,30041T104,4167,243825,SH,,DFND,2,0,243825,0
95,EXPEDIA INC DEL,COM,30212P303,61861,429766,SH,,DFND,02 01,0,429766,0
96,EXTENDED STAY AMER INC,UNIT 99/99/9999B,30224P200,11320,566000,SH,,DFND,02 01,0,566000,0
97,FACEBOOK INC.,CL A,30303M102,22248,130207,SH,,DFND,02 01,0,130207,0
98,FACTSET RESH SYS INC,COM,303075105,540750,3002332,SH,,DFND,02 01,0,2852332,150000
99,FASTENAL CO,COM,311900104,61452,1348221,SH,,DFND,02 01,0,1348221,0
100,FINANCIAL ENGINES INC,COM,317485100,159190,4581002,SH,,DFND,02 01,0,4283773,297229
101,FIRST REP BK SAN FRAN CALI N,COM,33616C100,57920,554472,SH,,DFND,02 01,0,554472,0
102,FLEETCOR TECHNOLOGIES INC,COM,339041105,95606,617727,SH,,DFND,02 01,0,617727,0
103,FLEXION THERAPEUTICS INC,COM,33938J106,5066,209500,SH,,DFND,2,0,209500,0
104,FLOOR & DECOR HLDGS INC,CL A,339750101,27408,704022,SH,,DFND,02 01,0,704022,0
105,FLOTEK INDUSTRIES INC DEL,COM,343389102,11340,2438739,SH,,DFND,2,0,2438739,0
106,FOMENTO ECONOMICO MEXICANO S,SPON ADR UNITS,344419106,42313,442932,SH,,DFND,02 01,0,410132,32800
107,FOUNDATION MEDICINE INC,COM,350465100,3654,90900,SH,,DFND,2,0,90900,0
108,GAMING & LEISURE PPTYS INC,COM,36467J108,384462,10421845,SH,,DFND,02 01,0,9711845,710000
109,GARTNER INC,COM,366651107,878025,7057515,SH,,DFND,02 01,0,6758915,298600
110,GCP APPLIED TECHNOLOGIES INC,COM,36164Y101,33770,1100000,SH,,DFND,2,0,1100000,0
111,GEMPHIRE THERAPEUTICS INC,COM,36870A108,2709,286961,SH,,DFND,02 01,0,286961,0
112,GENERAL COMMUNICATIONS INC,CL A,369385109,7546,185000,SH,,DFND,2,0,185000,0
113,GLAUKOS CORP,COM,377322102,72404,2194059,SH,,DFND,02 01,0,2135532,58527
114,GLOBANT S A,COM,L44385109,361,9020,SH,,DFND,2,0,9020,0
115,GOLAR LNG LTD BERMUDA,SHS,G9456A100,3976,175835,SH,,DFND,2,0,175835,0
116,GOLDMAN SACHS GROUP INC,COM,38141G104,190,800,SH,,DFND,0?,800,0,0
117,GTT COMMUNICATIONS INC,COM,362393100,72105,2278200,SH,,DFND,2,0,2278200,0
118,GUIDEWIRE SOFTWARE INC,COM,40171V100,395716,5082409,SH,,DFND,02 01,0,4918409,164000
119,HALLIBURTON CO,COM,406216101,2375,51596,SH,,DFND,2,0,51596,0
120,HDFC BANK LTD,ADR REPS 3 SHS,40415F101,471,4883,SH,,DFND,2,0,4883,0
121,HEALTHCARE SVCS GRP INC,COM,421906108,9445,175000,SH,,DFND,2,0,175000,0
122,HEALTHEQUITY INC,COM,42226A107,60887,1203771,SH,,DFND,02 01,0,1203771,0
123,HENRY SCHEIN INC,COM,806407102,54559,665430,SH,,DFND,02 01,0,665430,0
124,HILTON GRAND VACATIONS INC,COM,43283X105,21585,558758,SH,,DFND,02 01,0,558758,0
125,HILTON WORLDWIDE HLDGS INC,WHEN ISSUED,43300A203,28191,405922,SH,,DFND,02 01,0,405922,0
126,HOME DEPOT INC,COM,437076102,46580,284791,SH,,DFND,02 01,2000,282791,0
127,HUDSON PAC PPTYS INC,COM,444097109,10464,312072,SH,,DFND,02 01,0,312072,0
128,HYATT HOTELS CORP,COM CL A,448579102,275398,4456997,SH,,DFND,02 01,0,4106997,350000
129,ICHOR HOLDINGS,SHS,G4740B105,5012,187000,SH,,DFND,2,0,187000,0
130,ICON PLC,SHS,G4705A100,91582,804200,SH,,DFND,02 01,0,804200,0
131,IDEX CORP,COM,45167R104,55355,455708,SH,,DFND,02 01,0,455708,0
132,IDEXX LABS INC,COM,45168D104,734898,4726336,SH,,DFND,02 01,0,4480336,246000
133,ILLUMINA INC,COM,452327109,88512,444335,SH,,DFND,02 01,0,444335,0
134,IMPINJ INC,COM,453204109,3329,80000,SH,,DFND,2,0,80000,0
135,INC RESH HLDGS INC,CL A,45329R109,26150,500000,SH,,DFND,2,0,500000,0
136,INCYTE CORP,COM,45337C102,1241,10630,SH,,DFND,02 01,0,10630,0
137,INOGEN INC,COM,45780L104,2187,23000,SH,,DFND,2,0,23000,0
138,INOVALON HLDGS INC,COM CL A,45781D101,43451,2548423,SH,,DFND,02 01,0,2248423,300000
139,INTERXION HOLDING N.V,SHS,N47279109,65556,1287178,SH,,DFND,02 01,0,1287178,0
140,INTUITIVE SURGICAL INC,COM,46120E602,10126,9682,SH,,DFND,02 01,0,9682,0
141,INVITATION HOMES INC,COM,46187W107,14709,649397,SH,,DFND,02 01,0,649397,0
142,IRIDIUM COMMUNICATIONS INC,COM,46269C102,119555,9334151,SH,,DFND,02 01,0,8412840,921311
143,JD COM INC,SPON ADR CL A,47215P106,578,15140,SH,,DFND,2,0,15140,0
144,JOHN BEAN TECHNOLOGIES CORP,COM,477839104,78181,773300,SH,,DFND,02 01,0,773300,0
145,JONES ENERGY INC,COM CL A,48019R108,98,51011,SH,,DFND,2,0,51011,0
146,KEYW HOLDING CORP,COM,493723100,4942,649400,SH,,DFND,2,0,649400,0
147,KINSALE CAP GROUP INC,COM,49714P108,57869,1340484,SH,,DFND,02 01,0,1217243,123241
148,KORNIT DIGITAL LTD,SHS,M6372Q113,2601,170000,SH,,DFND,2,0,170000,0
149,LIBERTY BROADBAND CORP,COM SER A,530307107,9418,100000,SH,,DFND,2,0,100000,0
150,LIBERTY BROADBAND CORP,COM SER C,530307305,28590,300000,SH,,DFND,2,0,300000,0
151,LIBERTY EXPEDIA HOLDINGS,SER A COM,53046P109,69043,1300000,SH,,DFND,2,0,1300000,0
152,LIBERTY MEDIA CORP DELAWARE,COM A MEDIA GRP,531229870,3211,88000,SH,,DFND,2,0,88000,0
153,LIBERTY MEDIA CORP DELAWARE,COM C MEDIA GRP,531229854,28567,750000,SH,,DFND,2,0,750000,0
154,LIBERTY MEDIA CORP DELAWARE,COM C SIRIUSXM,531229607,46057,1100000,SH,,DFND,2,0,1100000,0
155,LITTELFUSE INC,COM,537008104,68630,350370,SH,,DFND,02 01,0,335370,15000
156,MA COM TECHNOLOGY SOLUTIONS,COM,55405Y100,41939,940121,SH,,DFND,02 01,0,940121,0
157,MACQUARIE INFRASTRUCTURE COR,COM,55608B105,21995,304722,SH,,DFND,02 01,0,304722,0
158,MADISON SQUARE GARDEN CO,CL A,55825T103,53525,250000,SH,,DFND,2,0,250000,0
159,MANCHESTER UNITED PLC NEW,ORD CL A,G5784H106,258647,14369283,SH,,DFND,02 01,0,13005896,1363387
160,MANHATTAN ASSOCS INC,COM,562750109,2401,57757,SH,,DFND,1,0,57757,0
161,MARKETAXESS HLDGS INC,COM,57060D108,48784,264400,SH,,DFND,02 01,0,264400,0
162,MARRIOTT INTL INC,CL A,571903202,19988,181277,SH,,DFND,02 01,0,181277,0
163,MARRIOTT VACATIONS WORLDWIDE C,COM,57164Y107,269261,2162214,SH,,DFND,02 01,0,1974014,188200
164,MARTIN MARIETTA MATLS INC,COM,573284106,22538,109288,SH,,DFND,02 01,0,109288,0
165,MASCO CORP,COM,574599106,19668,504187,SH,,DFND,02 01,0,504187,0
166,MASONITE INTERNATIONAL CORP,COM,575385109,131242,1896561,SH,,DFND,02 01,0,1896561,0
167,MASTERCARD INC,CL A,57636Q104,18062,127915,SH,,DFND,02 01,0,127915,0
168,MAXIMUS INC,COM,577933104,200402,3107011,SH,,DFND,02 01,0,2850011,257000
169,MELLANOX TECHNOLOGIES LTD,SHS,M51363113,5916,125480,SH,,DFND,02 01,0,125480,0
170,MERCURY SYS INC,COM,589378108,63605,1226000,SH,,DFND,2,0,1226000,0
171,METTLER TOLEDO INTERNATIONAL,COM,592688105,385927,616339,SH,,DFND,02 01,0,597439,18900
172,MGM GROWTH PPTYS LLC,CL A COM,55303A105,28595,946532,SH,,DFND,02 01,0,946532,0
173,MGM RESORTS INTERNATIONAL,COM,552953101,29872,916603,SH,,DFND,02 01,0,916603,0
174,MIDDLEBY CORP,COM,596278101,150208,1171945,SH,,DFND,02 01,0,1086945,85000
175,MIMEDX GROUP INC,COM,602496101,770,64800,SH,,DFND,2,0,64800,0
176,MITSUBISHI UFJ FINL GROUP IN,SPONSORED ADR,606822104,1462,227000,SH,,DFND,2,0,227000,0
177,MOELIS & CO,CL A,60786M105,81611,1895730,SH,,DFND,02 01,0,1815730,80000
178,MOHAWK INDUSTRIES INC,COM,608190104,60127,242927,SH,,DFND,02 01,0,242927,0
179,MONSANTO CO NEW,COM,61166W101,2621,21875,SH,,DFND,02 01,0,21875,0
180,MORNINGSTAR INC,COM,617700109,127856,1504371,SH,,DFND,02 01,0,1355371,149000
181,MPLX LP,COM UNIT REP LTP,55336V100,872,24900,SH,,DFND,2,0,24900,0
182,MSCI INC,CL A,55354G100,258480,2211124,SH,,DFND,02 01,0,2028624,182500
183,MSG NETWORK INC,CL A,553573106,15900,750000,SH,,DFND,2,0,750000,0
184,MYRIAD GENETICS INC,COM,62855J104,7797,215500,SH,,DFND,2,0,215500,0
185,NABORS INDUSTRIES LTD,SHS,G6359F103,1232,28058,SH,,DFND,1,0,28058,0
186,NCS MULTISTAGE HLDGS INC,COM,628877102,1320,54800,SH,,DFND,2,0,54800,0
187,NEOGEN CORP,COM,640491106,34438,444596,SH,,DFND,2,0,397588,47008
188,NETFLIX INC,COM,64110L106,6050,33363,SH,,DFND,02 01,0,33363,0
189,NEVRO CORP,COM,64157F103,1936,21300,SH,,DFND,2,0,21300,0
190,NEWFIELD EXPL CO,COM,651290108,1466,49400,SH,,DFND,2,0,49400,0
191,NIELSEN HOLDINGS PLC,COM,G6518L108,16039,386960,SH,,DFND,02 01,0,386960,0
192,NOBLE MIDSTREAM PARTNERS LP,COM UNIT REPST,65506L105,2035,39238,SH,,DFND,2,0,39238,0
193,NORDSON CORP,COM,655663102,29625,250000,SH,,DFND,2,0,250000,0
194,NORWEGIAN CRUISE LINE HLDGS,SHS,G66721104,53863,996546,SH,,DFND,02 01,0,996546,0
195,NOVANTA INC,COM,67000B104,8105,185900,SH,,DFND,2,0,185900,0
196,OAKTREE CAP GROUP LLC,UNIT 99/99/9999,674001201,91917,1953605,SH,,DFND,02 01,0,1793605,160000
197,OKTA INC,CL A,679295105,1131,40076,SH,,DFND,2,0,40076,0
198,OLLIES BARGAIN OUTLT HLDGS INC,COM,681116109,6847,147568,SH,,DFND,02 01,0,137484,10084
199,ON ASSIGNMENT INC,COM,682159108,102534,1910100,SH,,DFND,02 01,0,1910100,0
200,PARK HOTELS RESORTS INC,COM,700517105,4205,152588,SH,,DFND,02 01,0,152588,0
201,PARSLEY ENERGY INC,CL A,701877102,3843,145900,SH,,DFND,2,0,145900,0
202,PARTY CITY HOLDCO INC,COM,702149105,34756,2565000,SH,,DFND,2,0,2565000,0
203,PBF LOGISTICS LP,UNIT LTD PTNR,69318Q104,16800,800000,SH,,DFND,2,0,800000,0
204,PDF SOLUTIONS INC,COM,693282105,2564,165500,SH,,DFND,2,0,165500,0
205,PEGASYSTEMS INC,COM,705573103,69112,1198827,SH,,DFND,02 01,0,1198827,0
206,PENN NATL GAMING INC,COM,707569109,129155,5521824,SH,,DFND,02 01,0,5049253,472571
207,PERFORMANCE FOOD GROUP CO,COM,71377A103,46574,1648650,SH,,DFND,02 01,0,1513650,135000
208,PINNACLE ENTMT INC,COM,72348Y105,110897,5203966,SH,,DFND,02 01,0,4610275,593691
209,PRA HEALTH SCIENCES INC,COM,69354M108,72694,954364,SH,,DFND,02 01,0,954364,0
210,PRICE T ROWE GROUP INC,COM,74144T108,32340,356756,SH,,DFND,02 01,4000,352756,0
211,PRICELINE GRP INC,COM,741503403,76611,41845,SH,,DFND,02 01,0,41845,0
212,PRIMERICA INC,COM,74164M108,218245,2676215,SH,,DFND,02 01,0,2422715,253500
213,PROCTER & GAMBLE CO,COM,742718109,163,1796,SH,,DFND,0?,1796,0,0
214,PROLOGIS INC,COM,74340W103,16626,261997,SH,,DFND,02 01,0,261997,0
215,PROOFPOINT INC,COM,743424103,2876,32972,SH,,DFND,02 01,0,32972,0
216,QAD INC,CL A,74727D306,1717,50000,SH,,DFND,2,0,50000,0
217,QAD INC,CL B,74727D207,876,32000,SH,,DFND,2,0,32000,0
218,QTS RLTY TR INC,COM CL A,74736A103,9452,180518,SH,,DFND,02 01,0,180518,0
219,QUALCOMM INC,COM,747525103,207,4000,SH,,DFND,0?,4000,0,0
220,QUALYS INC,COM,74758T303,43077,831600,SH,,DFND,2,0,831600,0
221,QUOTIENT TECHNOLOGY INC,COM,749119103,3365,215000,SH,,DFND,2,0,215000,0
222,RBC BEARINGS INC,COM,75524B104,40674,325000,SH,,DFND,2,0,325000,0
223,RED HAT INC,COM,756577102,9343,84277,SH,,DFND,02 01,0,84277,0
224,RED ROCK RESORTS INC,CL A,75700L108,164343,7095981,SH,,DFND,02 01,0,6882981,213000
225,REDFIN CORP,COM,75737F108,753,30000,SH,,DFND,2,0,30000,0
226,REGENERON PHARMACEUTICALS,COM,75886F107,2984,6673,SH,,DFND,02 01,0,6673,0
227,REV GROUP INC,COM,749527107,30198,1050000,SH,,DFND,2,0,1050000,0
228,REXFORD INDL RLTY INC,COM,76169C100,12651,442040,SH,,DFND,02 01,0,442040,0
229,RICE ENERGY INC,COM,762760106,1817,62800,SH,,DFND,2,0,62800,0
230,ROBERT HALF INTL INC,COM,770323103,5582,110884,SH,,DFND,1,42000,68884,0
231,ROLLINS INC,COM,775711104,29600,641531,SH,,DFND,02 01,0,641531,0
232,ROPER INDUSTRIES INC NEW,COM,776696106,61860,254148,SH,,DFND,02 01,0,254148,0
233,ROYAL CARIBBEAN CRUISES LTD,COM,V7780T103,12973,109444,SH,,DFND,02 01,0,109444,0
234,RSP PERMIAN INC,COM,74978Q105,3936,113800,SH,,DFND,2,0,113800,0
235,RYANAIR HOLDINGS PLC,SPONSORED ADR,783513203,2116,20075,SH,,DFND,2,0,20075,0
236,SAGE THERAPEUTICS INC,COM,78667J108,5822,93458,SH,,DFND,02 01,0,93458,0
237,SALESFORCE.COM INC,COM,79466L302,4410,47206,SH,,DFND,02 01,0,47206,0
238,SANCHEZ PRODTN PARTNER,COM UNIT REPSTG,79971C201,1240,110200,SH,,DFND,2,0,110200,0
239,SASOL LTD,SPONSORED ADR,803866300,12602,457743,SH,,DFND,02 01,0,424043,33700
240,SBA COMMUNICATIONS CORP,COM,78410G104,204856,1422117,SH,,DFND,02 01,0,1422117,0
241,SCHWAB CHARLES CORP NEW,COM,808513105,293166,6702472,SH,,DFND,02 01,187250,6286222,229000
242,SCORPIO TANKERS INC,SHS,Y7542C106,6860,2000000,SH,,DFND,2,0,2000000,0
243,SERVICENOW INC,COM,81762P102,7708,65585,SH,,DFND,02 01,0,65585,0
244,SHERWIN WILLIAMS CO,COM,824348106,27736,77467,SH,,DFND,02 01,0,77467,0
245,SHUTTERFLY INC,COM,82568P304,36360,750000,SH,,DFND,2,0,750000,0
246,SIENTRA INC,COM,82621J105,7723,501500,SH,,DFND,2,0,501500,0
247,SITEONE LANDSCAPE SUPPLY INC,COM,82982L103,99974,1720722,SH,,DFND,02 01,0,1720722,0
248,SL GREEN RLTY CORP,COM,78440X101,16228,160166,SH,,DFND,02 01,0,160166,0
249,SMART & FINAL STORES INC,COM,83190B101,2811,358101,SH,,DFND,02 01,0,358101,0
250,SMITH A O,COM,831865209,31420,528694,SH,,DFND,02 01,0,528694,0
251,SMUCKER J M CO,COM,832696405,26,251,SH,,DFND,0?,251,0,0
252,SNAP INC,CL A,83304A106,846,58217,SH,,DFND,02 01,0,58217,0
253,SOCIEDAD QUIMICA MINERA DE C,SPON ADR SER B,833635105,48206,866086,SH,,DFND,02 01,0,786086,80000
254,SONY CORP,ADR,835699307,2128,57000,SH,,DFND,2,0,57000,0
255,SPLUNK INC,COM,848637104,3643,54844,SH,,DFND,02 01,0,54844,0
256,SPROUTS FMRS MKT INC,COM,85208M102,563,30000,SH,,DFND,1,0,30000,0
257,SS&C TECHNOLOGIES HOLDINGS INC,COM,78467J100,292398,7282648,SH,,DFND,02 01,0,6677648,605000
258,SUMMIT MATLS INC,CL A,86614U100,98146,3064202,SH,,DFND,02 01,0,3064202,0
259,SUN HYDRAULICS CORP,COM,866942105,2484,46000,SH,,DFND,2,0,46000,0
260,SUNCOR ENERGY INC NEW,COM,867224107,1016,29000,SH,,DFND,2,0,29000,0
261,SUPERNUS PHARMACEUTICALS INC,COM,868459108,3585,89621,SH,,DFND,02 01,0,89621,0
262,SYNCHRONY FINL,COM,87165B103,2388,76905,SH,,DFND,02 01,0,76905,0
263,TAIWAN SEMICONDUCTOR MFG LTD,SPONSORED ADR,874039100,93233,2482896,SH,,DFND,02 01,0,2303696,179200
264,TAKE-TWO INTERACTIVE SOFTWAR,COM,874054109,612,5985,SH,,DFND,2,0,5985,0
265,TAL ED GROUP,ADS REPSTG COM,874080104,89322,2649724,SH,,DFND,02 01,0,2443424,206300
266,TARGA RES CORP,COM,87612G101,1783,37700,SH,,DFND,2,0,37700,0
267,TELADOC INC,COM,87918A105,48263,1455900,SH,,DFND,2,0,1455900,0
268,TELEFLEX INC,COM,879369106,33184,137140,SH,,DFND,02 01,0,137140,0
269,TERRAFORM GLOBAL INC,CL A,88104M101,11613,2444797,SH,,DFND,02 01,0,2261497,183300
270,TESARO INC,COM,881569107,1695,13128,SH,,DFND,02 01,0,13128,0
271,TESLA MOTORS INC,COM,88160R101,546446,1602011,SH,,DFND,02 01,187500,1338847,75664
272,THE TRADE DESK INC,COM CL A,88339J105,52904,860083,SH,,DFND,02 01,0,860083,0
273,THERAPEUTICSMD INC,COM,88338N107,4867,920000,SH,,DFND,2,0,920000,0
274,TIFFANY & CO NEW,COM,886547108,24495,266887,SH,,DFND,02 01,3000,263887,0
275,TILE SHOP HLDGS INC,COM,88677Q109,762,60000,SH,,DFND,2,0,60000,0
276,TOLL BROTHERS INC,COM,889478103,13018,313921,SH,,DFND,02 01,0,313921,0
277,TORO CO,COM,891092108,27688,446153,SH,,DFND,02 01,0,446153,0
278,TPI COMPOSITES INC,COM,87266J104,6995,313100,SH,,DFND,2,0,313100,0
279,TRANSDIGM GROUP INC,COM,893641100,121434,475000,SH,,DFND,2,0,475000,0
280,TRANSUNION,COM,89400J107,40841,864169,SH,,DFND,02 01,0,864169,0
281,TREEHOUSE FOODS INC,COM,89469A104,59735,881956,SH,,DFND,02 01,0,727436,154520
282,TREX CO INC,COM,89531P105,106751,1185205,SH,,DFND,02 01,0,1125205,60000
283,TRUECAR INC,COM,89785L107,3474,220000,SH,,DFND,2,0,220000,0
284,U S SILICA HLDGS INC,COM,90346E103,997,32100,SH,,DFND,2,0,32100,0
285,ULTIMATE SOFTWARE GROUP INC,COM,90385D107,98732,520740,SH,,DFND,02 01,0,520740,0
286,UNDER ARMOUR INC,CL A,904311107,126978,7704996,SH,,DFND,02 01,0,7126996,578000
287,UNDER ARMOUR INC,CL C,904311206,55895,3721369,SH,,DFND,02 01,0,3407186,314183
288,UNIVAR INC,COM,91336L107,72325,2500000,SH,,DFND,2,0,2500000,0
289,UNIVERSAL HEALTH SVCS INC,CL B,913903100,12512,112785,SH,,DFND,02 01,0,112785,0
290,VAIL RESORTS INC,COM,91879Q109,1173205,5142928,SH,,DFND,02 01,0,4490928,652000
291,VALERO ENERGY CORP,COM,91913Y100,1008,13100,SH,,DFND,2,0,13100,0
292,VALERO ENERGY PARTNERS LP,COM UNT REP LP,91914J102,33800,773100,SH,,DFND,2,0,773100,0
293,VANTIV INC,CL A,92210H105,57911,821784,SH,,DFND,02 01,0,821784,0
294,VARONIS SYS INC,COM,922280102,7950,189746,SH,,DFND,02 01,0,189746,0
295,VEEVA SYS INC,CL A COM,922475108,2757,48882,SH,,DFND,02 01,0,48882,0
296,VERISIGN INC,COM,92343E102,72757,683869,SH,,DFND,02 01,0,683869,0
297,VERISK ANALYTICS INC,CL A,92345Y106,126115,1515983,SH,,DFND,02 01,0,1515983,0
298,VERTEX PHARMACEUTICALS INC,COM,92532F100,4528,29783,SH,,DFND,02 01,0,29783,0
299,VISA INC,COM CL A,92826C839,18740,178073,SH,,DFND,02 01,0,178073,0
300,VULCAN MATLS CO,COM,929160109,36337,303818,SH,,DFND,02 01,0,303818,0
301,WABCO HLDGS INC,COM,92927K102,15317,103492,SH,,DFND,02 01,0,103492,0
302,WABTEC CORP,COM,929740108,24179,319198,SH,,DFND,02 01,0,319198,0
303,WASTE CONNECTIONS INC,COM,94106B101,141669,2025000,SH,,DFND,2,0,2025000,0
304,WELBILT INC,COM,949090104,36880,1600000,SH,,DFND,2,0,1600000,0
305,WEST PHARMACEUTICAL SVSC INC,COM,955306105,173860,1806150,SH,,DFND,02 01,0,1705650,100500
306,WESTLAKE CHEM PARTNERS LP,COM,960417103,7945,350000,SH,,DFND,2,0,350000,0
307,WEX INC,COM,96208T104,50499,450000,SH,,DFND,2,0,450000,0
308,WILLIS TOWERS WATSON PUB LTD,SHS,G96629103,78747,510581,SH,,DFND,02 01,0,510581,0
309,WINGSTOP INC,COM,974155103,33582,1010000,SH,,DFND,2,0,1010000,0
310,WIX COM LTD,SHS,M98068105,107782,1500095,SH,,DFND,02 01,0,1447595,52500
311,WPX ENERGY INC,COM,98212B103,1041,90500,SH,,DFND,2,0,90500,0
312,WYNDHAM WORLDWIDE CORP,COM,98310W108,28535,270709,SH,,DFND,02 01,0,270709,0
313,YANDEX N V,SHS CLASS A,N97284108,76496,2321585,SH,,DFND,02 01,0,2157085,164500
314,YEXT INC,COM,98585N106,19672,1481349,SH,,DFND,2,0,1481349,0
315,YPF SOCIEDAD ANONIMA,SPON ADR CL D,984245100,83284,3738080,SH,,DFND,02 01,0,3475180,262900
316,ZILLOW GROUP INC,CL A,98954M101,114785,2858896,SH,,DFND,02 01,0,2858896,0
317,ZILLOW GROUP INC,CL C CAP STK,98954M200,29847,742287,SH,,DFND,02 01,0,742287,0
