,NAME OF ISSUER,TITLE OF CLASS,CUSIP,(x$1000),PRN AMT,PRN,CALL,DISCRETION,MANAGER,SOLE,SHARED,NONE
0,2U INC,COM,90214J101,158343,2454547,SH,,DFND,01 02,0,2364813,89734
1,ACCELERON PHARMA INC,COM,00434H108,2287,53880,SH,,DFND,01 02,0,53880,0
2,ACI WORLDWIDE INC,COM,004498101,13602,600000,SH,,DFND,2,0,600000,0
3,ACUITY BRANDS INC,COM,00508Y102,80075,454972,SH,,DFND,01 02,0,454972,0
4,ACXIOM CORP,COM,005125109,73905,2681591,SH,,DFND,01 02,0,2681591,0
5,ADAMAS PHARMACEUTICALS INC,COM,00548A106,4175,123200,SH,,DFND,2,0,123200,0
6,ADOBE SYS INC,COM,00724F101,4224,24104,SH,,DFND,01 02,0,24104,0
7,AERIE PHARMACEUTICALS INC,COM,00771V108,439,7351,SH,,DFND,2,0,7351,0
8,AGILENT TECHNOLOGIES INC,COM,00846U101,1875,28000,SH,,DFND,2,0,28000,0
9,AIR LEASE CORP,CL A,00912X302,113929,2369082,SH,,DFND,01 02,0,2299082,70000
10,ALEXANDER & BALDWIN,COM,014491104,5243,189000,SH,,DFND,2,0,189000,0
11,ALEXANDERS INC,COM,014752109,83905,211962,SH,,DFND,01 02,5000,192242,14720
12,ALEXANDRIA REAL ESTATE EQ IN,COM,015271109,131598,1007722,SH,,DFND,01 02,0,925722,82000
13,ALIBABA GROUP HLDG LTD,SPONSORED ADR,01609W102,270103,1566453,SH,,DFND,01 02,0,1464003,102450
14,ALIGN TECHNOLOGY INC,COM,016255101,25884,116493,SH,,DFND,01 02,0,116493,0
15,ALPHABET INC,CL A,02079K305,4056,3850,SH,,DFND,01 02,0,3850,0
16,ALPHABET INC,CL C,02079K107,27498,26279,SH,,DFND,01 02,0,26279,0
17,ALTAIR ENGR INC,COM CL A,021369103,50245,2100528,SH,,DFND,01 02,0,2009528,91000
18,AMAZON COM INC,COM,023135106,58406,49942,SH,,DFND,01 02,0,49942,0
19,AMERICAN ASSETS TRUST INC,COM,024013104,22638,592000,SH,,DFND,2,0,523162,68838
20,AMERICAN HOMES 4 RENT,CL A,02665T306,8698,398247,SH,,DFND,01 02,0,398247,0
21,AMERICAN TOWER CORP,COM,03027X100,62758,439885,SH,,DFND,01 02,0,439885,0
22,ANDEAVOR (FKA TESORO CORP),COM,03349M105,2287,20000,SH,,DFND,2,0,20000,0
23,ANSYS INC,COM,03662Q105,385746,2613635,SH,,DFND,01 02,0,2417735,195900
24,APPLE INC,COM,037833100,7764,45877,SH,,DFND,01 02,0,45877,0
25,ARCH CAP GROUP LTD,ORD,G0450A105,765532,8433758,SH,,DFND,01 02,0,8108658,325100
26,ARGENX SE,SPONSORED ADR,04016X101,9440,149511,SH,,DFND,2,0,149511,0
27,ARTISAN PARTNERS ASSET MGMT,CL A,04316A108,627,15874,SH,,DFND,01 02,0,15874,0
28,ASML HOLDING N V,NY REG SHS,N07059210,5818,33472,SH,,DFND,01 02,0,33472,0
29,ASPEN TECHNOLOGY INC,COM,045327103,58488,883500,SH,,DFND,2,0,883500,0
30,AXOGEN INC,COM,05463X106,6253,220969,SH,,DFND,2,0,220969,0
31,BAIDU INC,SPON ADR REP A,056752108,188440,804575,SH,,DFND,02 01,0,746075,58500
32,BANCO MACRO SA,SPON ADR B,05961W105,72860,628757,SH,,DFND,02 01,0,581080,47677
33,BANCO SANTANDER CHILE,SP ADR REP COM,05965X109,21933,701417,SH,,DFND,02 01,0,649093,52324
34,BEACON ROOFING SUPPLY INC,COM,073685109,75373,1182139,SH,,DFND,01 02,0,1182139,0
35,BENEFITFOCUS INC,COM,08180D106,111941,4145968,SH,,DFND,01 02,0,3800102,345866
36,BERKSHIRE HATHAWAY INC DEL,CL A,084670108,298,1,SH,,DFND,,1,0,0
37,BERRY GLOBAL GROUP INC,COM,08579W103,46936,800000,SH,,DFND,2,0,800000,0
38,BIO TECHNE CORP,COM,09073M104,196524,1516975,SH,,DFND,01 02,0,1416575,100400
39,BIOGEN IDEC INC,COM,09062X103,4736,14868,SH,,DFND,01 02,0,14868,0
40,BITAUTO HLDGS LTD,SPONSORED ADS,091727107,58245,1831604,SH,,DFND,02 01,0,1698468,133136
41,BJS RESTAURANTS INC,COM,09180C106,18200,500000,SH,,DFND,2,0,500000,0
42,BOSTON PROPERTIES INC,COM,101121101,7608,58508,SH,,DFND,01 02,0,58508,0
43,BOYD GAMING CORP,COM,103304101,49174,1402976,SH,,DFND,01 02,0,1402976,0
44,BRIGHT HORIZONS FAM SOL IN D,COM,109194100,360795,3838244,SH,,DFND,01 02,0,3547244,291000
45,BROOKFIELD ASSET MGMT INC,CL A LTD VT SH,112585104,31387,720869,SH,,DFND,01 02,0,720869,0
46,BWX TECHNOLOGIES INC,COM,05605H100,33298,550469,SH,,DFND,01 02,0,550469,0
47,CAESARSTONE SDOT-YAM LTD,ORD SHS,M20598104,3263,148310,SH,,DFND,01 02,0,148310,0
48,CAMPING WORLD HLDGS INC,CL A,13462K109,107826,2410600,SH,,DFND,01 02,0,2376600,34000
49,CANTEL MEDICAL CORP,COM,138098108,52978,515000,SH,,DFND,2,0,515000,0
50,CARLYLE GROUP L P,COM UTS LTD PTN,14309L102,74643,3259535,SH,,DFND,01 02,0,2989535,270000
51,CARMAX INC,COM,143130102,27691,431797,SH,,DFND,01 02,0,431797,0
52,CBOE HLDGS INC,COM,12503M108,25527,204890,SH,,DFND,2,0,204890,0
53,CBRE GROUP INC,CL A,12504L109,117695,2717511,SH,,DFND,01 02,0,2717511,0
54,CDW CORP,COM,12514G108,25668,369371,SH,,DFND,01 02,0,369371,0
55,CERUS CORP,COM,157085101,3620,1071000,SH,,DFND,2,0,1071000,0
56,CHECK POINT SOFTWARE TECH LT,ORD,M22465104,674,6500,SH,,DFND,2,0,6500,0
57,CHEESECAKE FACTORY INC,COM,163072101,44566,925000,SH,,DFND,2,0,925000,0
58,CHEFS WAREHOUSE INC,COM,163086101,12300,600000,SH,,DFND,2,0,600000,0
59,CHOICE HOTELS INTL INC,COM,169905106,375034,4832906,SH,,DFND,01 02,20000,4262906,550000
60,CHURCH & DWIGHT INC,COM,171340102,74160,1478178,SH,,DFND,01 02,0,1356678,121500
61,CIMPRESS N V,SHS EURO,N20146101,1738,14500,SH,,DFND,2,0,14500,0
62,CISION LTD,SHS,G1992S109,80695,6798252,SH,,DFND,01 02,0,6798252,0
63,CLOUDERA INC,COM,18914U100,410,24839,SH,,DFND,2,0,24839,0
64,CME GROUP INC,COM,12572Q105,6233,42679,SH,,DFND,01 02,0,42679,0
65,COGNEX CORP,COM,192422103,116204,1900000,SH,,DFND,2,0,1900000,0
66,COHEN & STEERS INC,COM,19247A100,127162,2688979,SH,,DFND,01 02,0,2358979,330000
67,COHERENT INC,COM,192479103,4600,16300,SH,,DFND,2,0,16300,0
68,COMMERCEHUB INC,COM SER C,20084V306,4664,226500,SH,,DFND,01 02,0,226500,0
69,COMMUNITY HEALTH SYS INC NEW,COM,203668108,0,100,SH,,DFND,1,0,100,0
70,CONCHO RES INC,COM,20605P101,19324,128636,SH,,DFND,01 02,0,128636,0
71,COOPER COS INC,COM,216648402,48357,221941,SH,,DFND,01 02,0,221941,0
72,COPA HOLDINGS SA,CL A,P31076105,66820,498430,SH,,DFND,02 01,0,462130,36300
73,COSTAR GROUP INC,COM,22160N109,779262,2624218,SH,,DFND,01 02,0,2447957,176261
74,CTRIP COM INTL LTD,AMERICAN DEP SHS,22943F100,48263,1094399,SH,,DFND,01 02,0,1025399,69000
75,DENALI THERAPEUTICS INC,COM,24823R105,7664,490000,SH,,DFND,2,0,440000,50000
76,DEXCOM INC,COM,252131107,17274,301000,SH,,DFND,01 02,0,301000,0
77,DICKS SPORTING GOODS INC,COM,253393102,28919,1006238,SH,,DFND,01 02,0,938238,68000
78,DIGITAL RLTY TR INC,COM,253868103,8035,70540,SH,,DFND,01 02,0,70540,0
79,DOMINION MIDSTREAM PARTNERS,COM UT REP LTD,257454108,19785,649739,SH,,DFND,2,0,649739,0
80,DOUGLAS EMMETT INC,COM,25960P109,250507,6100987,SH,,DFND,01 02,0,5630987,470000
81,EDWARDS LIFESCIENCES CORP,COM,28176E108,4203,37290,SH,,DFND,01 02,0,37290,0
82,ELECTRONIC ARTS INC,COM,285512109,3585,34119,SH,,DFND,01 02,0,34119,0
83,ELECTRONICS FOR IMAGING INC,COM,286082102,22147,750000,SH,,DFND,2,0,750000,0
84,ELLIE MAE INC,COM,28849P100,6216,69528,SH,,DFND,01 02,0,62670,6858
85,EMERALD EXPOSITIONS EVENTS INC,COM,29103B100,21865,1075000,SH,,DFND,2,0,1075000,0
86,EMERGENT BIOSOLUTIONS INC,COM,29089Q105,2091,45000,SH,,DFND,2,0,45000,0
87,ENCANA CORP,COM,292505104,6025,451989,SH,,DFND,2,0,451989,0
88,ENERGY TRASNFER EQUITY L P,COM UT LTD PTN,29273V100,1464,84800,SH,,DFND,2,0,84800,0
89,ENVESTNET INC,COM,29404K106,5430,108925,SH,,DFND,01 02,0,108925,0
90,EOG RES INC,COM,26875P101,1615,14968,SH,,DFND,2,0,14968,0
91,EPAM SYS INC,COM,29414B104,5784,53836,SH,,DFND,01 02,0,53836,0
92,EQT CORP,COM,26884L109,1203,21134,SH,,DFND,2,0,21134,0
93,EQUINIX INC,COM,29444U700,134369,296476,SH,,DFND,01 02,0,296476,0
94,EQUITY RESIDENTIAL,SH BEN INT,29476L107,12080,189435,SH,,DFND,01 02,0,189435,0
95,ESCO TECHNOLOGIES INC,COM,296315104,4314,71600,SH,,DFND,2,0,71600,0
96,ESPERION THERAPEUTICS INC,COM,29664W105,849,12900,SH,,DFND,2,0,12900,0
97,ESSENT GROUP LTD,COM,G3198U102,32746,754174,SH,,DFND,01 02,0,688674,65500
98,EVERSPIN TECHNOLOGIES INC,COM,30041T104,3112,415000,SH,,DFND,2,0,415000,0
99,EXPEDIA INC DEL,COM,30212P303,51498,429975,SH,,DFND,01 02,0,429975,0
100,EXTENDED STAY AMER INC,UNIT 99/99/9999B,30224P200,13994,736525,SH,,DFND,01 02,0,736525,0
101,FACEBOOK INC.,CL A,30303M102,23101,130912,SH,,DFND,01 02,0,130912,0
102,FACTSET RESH SYS INC,COM,303075105,578565,3001478,SH,,DFND,01 02,0,2852332,149146
103,FASTENAL CO,COM,311900104,73423,1342536,SH,,DFND,01 02,0,1342536,0
104,FINANCIAL ENGINES INC,COM,317485100,136607,4508481,SH,,DFND,01 02,0,4224481,284000
105,FIRST REP BK SAN FRAN CALI N,COM,33616C100,47757,551211,SH,,DFND,01 02,0,551211,0
106,FLEETCOR TECHNOLOGIES INC,COM,339041105,114058,592727,SH,,DFND,01 02,0,592727,0
107,FLEXION THERAPEUTICS INC,COM,33938J106,5667,226300,SH,,DFND,2,0,226300,0
108,FLOOR & DECOR HLDGS INC,CL A,339750101,39140,804022,SH,,DFND,01 02,0,804022,0
109,FLOTEK INDUSTRIES INC DEL,COM,343389102,1579,338739,SH,,DFND,2,0,338739,0
110,FOMENTO ECONOMICO MEXICANO S,SPON ADR UNITS,344419106,68205,726353,SH,,DFND,02 01,0,672053,54300
111,FORESCOUT TECHNOLOGIES INC,COM,34553D101,4137,129722,SH,,DFND,2,0,129722,0
112,FOUNDATION MEDICINE INC,COM,350465100,6049,88700,SH,,DFND,2,0,88700,0
113,GAMING & LEISURE PPTYS INC,COM,36467J108,384899,10402688,SH,,DFND,01 02,0,9703038,699650
114,GARTNER INC,COM,366651107,867901,7047510,SH,,DFND,01 02,0,6751210,296300
115,GCP APPLIED TECHNOLOGIES INC,COM,36164Y101,39875,1250000,SH,,DFND,2,0,1250000,0
116,GEMPHIRE THERAPEUTICS INC,COM,36870A108,3053,383970,SH,,DFND,01 02,0,383970,0
117,GENERAL COMMUNICATIONS INC,CL A,369385109,5853,150000,SH,,DFND,2,0,150000,0
118,GLOBANT S A,COM,L44385109,649,13977,SH,,DFND,2,0,13977,0
119,GOLAR LNG LTD BERMUDA,SHS,G9456A100,5125,171935,SH,,DFND,2,0,171935,0
120,GOLDMAN SACHS GROUP INC,COM,38141G104,204,800,SH,,DFND,,800,0,0
121,GTT COMMUNICATIONS INC,COM,362393100,117375,2500000,SH,,DFND,2,0,2500000,0
122,GUIDEWIRE SOFTWARE INC,COM,40171V100,463095,6236133,SH,,DFND,01 02,0,6012133,224000
123,HALLIBURTON CO,COM,406216101,2394,48996,SH,,DFND,2,0,48996,0
124,HDFC BANK LTD,ADR REPS 3 SHS,40415F101,679,6674,SH,,DFND,2,0,6674,0
125,HEALTHCARE SVCS GRP INC,COM,421906108,9111,172818,SH,,DFND,2,0,172818,0
126,HEALTHEQUITY INC,COM,42226A107,56168,1203771,SH,,DFND,01 02,0,1203771,0
127,HENRY SCHEIN INC,COM,806407102,20279,290199,SH,,DFND,01 02,0,290199,0
128,HILTON GRAND VACATIONS INC,COM,43283X105,22477,535807,SH,,DFND,01 02,0,535807,0
129,HILTON WORLDWIDE HLDGS INC,WHEN ISSUED,43300A203,28548,357481,SH,,DFND,01 02,0,357481,0
130,HOME DEPOT INC,COM,437076102,54036,285103,SH,,DFND,01 02,2000,283103,0
131,HOULIHAN LOKEY INC,CL A,441593100,16530,363850,SH,,DFND,01 02,0,328785,35065
132,HUDSON PAC PPTYS INC,COM,444097109,5614,163927,SH,,DFND,01 02,0,163927,0
133,HYATT HOTELS CORP,COM CL A,448579102,327768,4456997,SH,,DFND,01 02,0,4106997,350000
134,ICHOR HOLDINGS,SHS,G4740B105,4182,170000,SH,,DFND,2,0,170000,0
135,ICON PLC,SHS,G4705A100,90191,804200,SH,,DFND,01 02,0,804200,0
136,IDEX CORP,COM,45167R104,60140,455708,SH,,DFND,01 02,0,455708,0
137,IDEXX LABS INC,COM,45168D104,735132,4700932,SH,,DFND,01 02,0,4457032,243900
138,ILLUMINA INC,COM,452327109,90615,414734,SH,,DFND,01 02,0,414734,0
139,IMPINJ INC,COM,453204109,3492,155000,SH,,DFND,2,0,155000,0
140,INOGEN INC,COM,45780L104,2024,17000,SH,,DFND,2,0,17000,0
141,INOVALON HLDGS INC,COM CL A,45781D101,5614,374266,SH,,DFND,01 02,0,374266,0
142,INSTALLED BLDG PRODS INC,COM,45780R101,22785,300000,SH,,DFND,2,0,300000,0
143,INTERXION HOLDING N.V,SHS,N47279109,76030,1290178,SH,,DFND,01 02,0,1290178,0
144,INTUITIVE SURGICAL INC,COM,46120E602,10116,27720,SH,,DFND,01 02,0,27720,0
145,INVITATION HOMES INC,COM,46187W107,15306,649397,SH,,DFND,01 02,0,649397,0
146,IRIDIUM COMMUNICATIONS INC,COM,46269C102,137098,9334151,SH,,DFND,01 02,0,8412840,921311
147,JD COM INC,SPON ADR CL A,47215P106,757,18270,SH,,DFND,2,0,18270,0
148,JOHN BEAN TECHNOLOGIES CORP,COM,477839104,85682,773300,SH,,DFND,01 02,0,773300,0
149,KEYW HOLDING CORP,COM,493723100,4386,747194,SH,,DFND,2,0,747194,0
150,KINSALE CAP GROUP INC,COM,49714P108,61402,1364484,SH,,DFND,01 02,0,1241243,123241
151,KORNIT DIGITAL LTD,SHS,M6372Q113,3763,233000,SH,,DFND,2,0,233000,0
152,LENDINGTREE INC,COM,52603B107,33490,98371,SH,,DFND,01 02,0,89082,9289
153,LENNAR CORP,CL A,526057104,24723,390947,SH,,DFND,01 02,0,390947,0
154,LIBERTY BROADBAND CORP,COM SER A,530307107,8505,100000,SH,,DFND,2,0,100000,0
155,LIBERTY BROADBAND CORP,COM SER C,530307305,25548,300000,SH,,DFND,2,0,300000,0
156,LIBERTY EXPEDIA HOLDINGS,SER A COM,53046P109,57629,1300000,SH,,DFND,2,0,1300000,0
157,LIBERTY INTERACTIVE CORP,LBT VEN COM A NE,53071M856,25823,476086,SH,,DFND,01 02,0,476086,0
158,LIBERTY MEDIA CORP DELAWARE,COM A MEDIA GRP,531229870,2879,88000,SH,,DFND,2,0,88000,0
159,LIBERTY MEDIA CORP DELAWARE,COM C MEDIA GRP,531229854,25620,750000,SH,,DFND,2,0,750000,0
160,LIBERTY MEDIA CORP DELAWARE,COM C SIRIUSXM,531229607,43626,1100000,SH,,DFND,2,0,1100000,0
161,LITTELFUSE INC,COM,537008104,69310,350370,SH,,DFND,01 02,0,335370,15000
162,LOMA NEGRA CORP,SPONSORED ADS,54150E104,52971,2299109,SH,,DFND,01 02,0,2141694,157415
163,MA COM TECHNOLOGY SOLUTIONS,COM,55405Y100,48387,1487000,SH,,DFND,2,0,1487000,0
164,MACQUARIE INFRASTRUCTURE COR,COM,55608B105,40094,624519,SH,,DFND,01 02,0,624519,0
165,MADISON SQUARE GARDEN CO,CL A,55825T103,47441,225000,SH,,DFND,2,0,225000,0
166,MANCHESTER UNITED PLC NEW,ORD CL A,G5784H106,283098,14297879,SH,,DFND,01 02,0,12943276,1354603
167,MANHATTAN ASSOCS INC,COM,562750109,2854,57607,SH,,DFND,1,0,57607,0
168,MARKETAXESS HLDGS INC,COM,57060D108,53255,263963,SH,,DFND,01 02,0,263963,0
169,MARRIOTT INTL INC,CL A,571903202,19901,146621,SH,,DFND,01 02,0,146621,0
170,MARRIOTT VACATIONS WORLDWIDE C,COM,57164Y107,292353,2162214,SH,,DFND,01 02,0,1974014,188200
171,MARTIN MARIETTA MATLS INC,COM,573284106,24173,109360,SH,,DFND,01 02,0,109360,0
172,MASCO CORP,COM,574599106,17730,403500,SH,,DFND,01 02,0,403500,0
173,MASONITE INTERNATIONAL CORP,COM,575385109,119440,1610785,SH,,DFND,01 02,0,1610785,0
174,MASTERCARD INC,CL A,57636Q104,18557,122602,SH,,DFND,01 02,0,122602,0
175,MAXIMUS INC,COM,577933104,217461,3038017,SH,,DFND,01 02,0,2794017,244000
176,MELLANOX TECHNOLOGIES LTD,SHS,M51363113,6991,108059,SH,,DFND,01 02,0,108059,0
177,MERCURY SYS INC,COM,589378108,62236,1212000,SH,,DFND,2,0,1212000,0
178,METTLER TOLEDO INTERNATIONAL,COM,592688105,381034,615047,SH,,DFND,01 02,0,596747,18300
179,MGM GROWTH PPTYS LLC,CL A COM,55303A105,27253,934915,SH,,DFND,01 02,0,934915,0
180,MGM RESORTS INTERNATIONAL,COM,552953101,32846,983698,SH,,DFND,01 02,0,983698,0
181,MICROSOFT CORP,COM,594918104,8234,96255,SH,,DFND,01 02,0,96255,0
182,MIDDLEBY CORP,COM,596278101,109898,814362,SH,,DFND,01 02,0,759862,54500
183,MITSUBISHI UFJ FINL GROUP IN,SPONSORED ADR,606822104,3591,494000,SH,,DFND,2,0,494000,0
184,MOELIS & CO,CL A,60786M105,91943,1895730,SH,,DFND,01 02,0,1815730,80000
185,MOHAWK INDUSTRIES INC,COM,608190104,67026,242937,SH,,DFND,01 02,0,242937,0
186,MONGODB INC,CL A,60937P106,297,10000,SH,,DFND,2,0,10000,0
187,MONSANTO CO NEW,COM,61166W101,1398,11969,SH,,DFND,2,0,11969,0
188,MORNINGSTAR INC,COM,617700109,145879,1504371,SH,,DFND,01 02,0,1355371,149000
189,MPLX LP,COM UNIT REP LTP,55336V100,968,27300,SH,,DFND,2,0,27300,0
190,MSCI INC,CL A,55354G100,282394,2231659,SH,,DFND,01 02,0,2049159,182500
191,MSG NETWORK INC,CL A,553573106,15187,750000,SH,,DFND,2,0,750000,0
192,MYRIAD GENETICS INC,COM,62855J104,6354,185000,SH,,DFND,2,0,185000,0
193,NCS MULTISTAGE HLDGS INC,COM,628877102,1004,68100,SH,,DFND,2,0,68100,0
194,NEOGEN CORP,COM,640491106,36550,444596,SH,,DFND,2,0,397588,47008
195,NETFLIX INC,COM,64110L106,5710,29744,SH,,DFND,01 02,0,29744,0
196,NEVRO CORP,COM,64157F103,1471,21300,SH,,DFND,2,0,21300,0
197,NEWFIELD EXPL CO,COM,651290108,486,15400,SH,,DFND,2,0,15400,0
198,NOBLE MIDSTREAM PARTNERS LP,COM UNIT REPST,65506L105,8437,168738,SH,,DFND,2,0,168738,0
199,NORDSON CORP,COM,655663102,36600,250000,SH,,DFND,2,0,250000,0
200,NORWEGIAN CRUISE LINE HLDGS,SHS,G66721104,50154,941867,SH,,DFND,01 02,0,941867,0
201,NOVANTA INC,COM,67000B104,8045,160900,SH,,DFND,2,0,160900,0
202,OAKTREE CAP GROUP LLC,UNIT 99/99/9999,674001201,82247,1953605,SH,,DFND,01 02,0,1793605,160000
203,OKTA INC,CL A,679295105,398,15556,SH,,DFND,2,0,15556,0
204,OLLIES BARGAIN OUTLT HLDGS INC,COM,681116109,27678,519774,SH,,DFND,01 02,0,476651,43123
205,ON ASSIGNMENT INC,COM,682159108,122762,1910100,SH,,DFND,01 02,0,1910100,0
206,PARK HOTELS RESORTS INC,COM,700517105,5453,189671,SH,,DFND,01 02,0,189671,0
207,PARSLEY ENERGY INC,CL A,701877102,4233,143800,SH,,DFND,2,0,143800,0
208,PARTY CITY HOLDCO INC,COM,702149105,43175,3095000,SH,,DFND,2,0,3095000,0
209,PBF LOGISTICS LP,UNIT LTD PTNR,69318Q104,16760,800000,SH,,DFND,2,0,800000,0
210,PDF SOLUTIONS INC,COM,693282105,2520,160500,SH,,DFND,2,0,160500,0
211,PEGASYSTEMS INC,COM,705573103,56512,1198551,SH,,DFND,01 02,0,1198551,0
212,PENN NATL GAMING INC,COM,707569109,180392,5757807,SH,,DFND,01 02,0,5285236,472571
213,PERFORMANCE FOOD GROUP CO,COM,71377A103,54438,1644650,SH,,DFND,01 02,0,1509650,135000
214,PETROLEO BRASILEIRO SA PETRO,SPONSORED ADR,71654V408,49600,4820210,SH,,DFND,02 01,0,4462791,357419
215,PINNACLE ENTMT INC,COM,72348Y105,157913,4824708,SH,,DFND,01 02,0,4231017,593691
216,PRA HEALTH SCIENCES INC,COM,69354M108,86914,954364,SH,,DFND,01 02,0,954364,0
217,PRICE T ROWE GROUP INC,COM,74144T108,37434,356756,SH,,DFND,01 02,4000,352756,0
218,PRICELINE GRP INC,COM,741503403,72895,41948,SH,,DFND,01 02,0,41948,0
219,PRIMERICA INC,COM,74164M108,272516,2683565,SH,,DFND,01 02,0,2430065,253500
220,PROCTER & GAMBLE CO,COM,742718109,165,1796,SH,,DFND,,1796,0,0
221,PROLOGIS INC,COM,74340W103,16901,261997,SH,,DFND,01 02,0,261997,0
222,PROOFPOINT INC,COM,743424103,2921,32885,SH,,DFND,01 02,0,32885,0
223,QAD INC,CL A,74727D306,1942,50000,SH,,DFND,2,0,50000,0
224,QAD INC,CL B,74727D207,976,32000,SH,,DFND,2,0,32000,0
225,QTS RLTY TR INC,COM CL A,74736A103,9777,180518,SH,,DFND,01 02,0,180518,0
226,QUALCOMM INC,COM,747525103,256,4000,SH,,DFND,,4000,0,0
227,QUALYS INC,COM,74758T303,46863,789600,SH,,DFND,2,0,789600,0
228,QUDIAN INC,ADR,747798106,2,187,SH,,DFND,2,0,187,0
229,QUOTIENT TECHNOLOGY INC,COM,749119103,2115,180000,SH,,DFND,2,0,180000,0
230,RBC BEARINGS INC,COM,75524B104,37920,300000,SH,,DFND,2,0,300000,0
231,RED HAT INC,COM,756577102,6853,57063,SH,,DFND,01 02,0,57063,0
232,RED ROCK RESORTS INC,CL A,75700L108,272442,8074735,SH,,DFND,01 02,0,7861735,213000
233,REGENERON PHARMACEUTICALS,COM,75886F107,2509,6673,SH,,DFND,01 02,0,6673,0
234,REV GROUP INC,COM,749527107,40662,1250000,SH,,DFND,2,0,1250000,0
235,REXFORD INDL RLTY INC,COM,76169C100,13240,454040,SH,,DFND,01 02,0,454040,0
236,ROBERT HALF INTL INC,COM,770323103,6074,109354,SH,,DFND,1,42000,67354,0
237,ROLLINS INC,COM,775711104,31014,666531,SH,,DFND,01 02,0,666531,0
238,ROPER INDUSTRIES INC NEW,COM,776696106,65824,254148,SH,,DFND,01 02,0,254148,0
239,ROYAL CARIBBEAN CRUISES LTD,COM,V7780T103,12547,105188,SH,,DFND,01 02,0,105188,0
240,RSP PERMIAN INC,COM,74978Q105,4393,108000,SH,,DFND,2,0,108000,0
241,RYANAIR HOLDINGS PLC,SPONSORED ADR,783513203,2321,22275,SH,,DFND,2,0,22275,0
242,SAGE THERAPEUTICS INC,COM,78667J108,14515,88123,SH,,DFND,01 02,0,88123,0
243,SALESFORCE.COM INC,COM,79466L302,4243,41509,SH,,DFND,01 02,0,41509,0
244,SANCHEZ PRODTN PARTNER,COM UNIT REPSTG,79971C201,1208,108800,SH,,DFND,2,0,108800,0
245,SASOL LTD,SPONSORED ADR,803866300,21209,619954,SH,,DFND,02 01,0,573454,46500
246,SBA COMMUNICATIONS CORP,COM,78410G104,224575,1374726,SH,,DFND,01 02,0,1374726,0
247,SCHWAB CHARLES CORP NEW,COM,808513105,334630,6514105,SH,,DFND,01 02,187250,6097855,229000
248,SCORPIO TANKERS INC,SHS,Y7542C106,6100,2000000,SH,,DFND,2,0,2000000,0
249,SELECT ENERGY SVCS INC,CL A COM,81617J301,283,15500,SH,,DFND,2,0,15500,0
250,SERVICENOW INC,COM,81762P102,7476,57333,SH,,DFND,01 02,0,57333,0
251,SHERWIN WILLIAMS CO,COM,824348106,29433,71782,SH,,DFND,01 02,0,71782,0
252,SHUTTERFLY INC,COM,82568P304,37312,750000,SH,,DFND,2,0,750000,0
253,SIENTRA INC,COM,82621J105,6891,490100,SH,,DFND,2,0,490100,0
254,SITEONE LANDSCAPE SUPPLY INC,COM,82982L103,126915,1654699,SH,,DFND,01 02,0,1654699,0
255,SL GREEN RLTY CORP,COM,78440X101,20621,204311,SH,,DFND,01 02,0,204311,0
256,SMART & FINAL STORES INC,COM,83190B101,976,114100,SH,,DFND,01 02,0,114100,0
257,SMITH A O,COM,831865209,33023,538894,SH,,DFND,01 02,0,538894,0
258,SMUCKER J M CO,COM,832696405,31,251,SH,,DFND,,251,0,0
259,SNAP INC,CL A,83304A106,851,58217,SH,,DFND,01 02,0,58217,0
260,SOCIEDAD QUIMICA MINERA DE C,SPON ADR SER B,833635105,19570,329632,SH,,DFND,02 01,0,305119,24513
261,SONY CORP,ADR,835699307,2562,57000,SH,,DFND,2,0,57000,0
262,SPLUNK INC,COM,848637104,4062,49036,SH,,DFND,01 02,0,49036,0
263,SPROUTS FMRS MKT INC,COM,85208M102,730,30000,SH,,DFND,1,0,30000,0
264,SS&C TECHNOLOGIES HOLDINGS INC,COM,78467J100,269852,6666301,SH,,DFND,01 02,0,6151251,515050
265,SUMMIT MATLS INC,CL A,86614U100,96571,3071611,SH,,DFND,01 02,0,3071611,0
266,SUN HYDRAULICS CORP,COM,866942105,1617,25000,SH,,DFND,2,0,25000,0
267,SUNCOR ENERGY INC NEW,COM,867224107,1193,32500,SH,,DFND,2,0,32500,0
268,SUPERNUS PHARMACEUTICALS INC,COM,868459108,2652,66561,SH,,DFND,01 02,0,66561,0
269,SYNCHRONY FINL,COM,87165B103,2969,76905,SH,,DFND,01 02,0,76905,0
270,TAIWAN SEMICONDUCTOR MFG LTD,SPONSORED ADR,874039100,101414,2557730,SH,,DFND,02 01,0,2365730,192000
271,TAKE-TWO INTERACTIVE SOFTWAR,COM,874054109,811,7385,SH,,DFND,2,0,7385,0
272,TAL ED GROUP,ADS REPSTG COM,874080104,78147,2630329,SH,,DFND,02 01,0,2440029,190300
273,TARGA RES CORP,COM,87612G101,1404,29000,SH,,DFND,2,0,29000,0
274,TELADOC INC,COM,87918A105,67313,1931500,SH,,DFND,2,0,1931500,0
275,TELEFLEX INC,COM,879369106,47222,189785,SH,,DFND,01 02,0,189785,0
276,TESLA MOTORS INC,COM,88160R101,501912,1612051,SH,,DFND,01 02,187500,1348887,75664
277,THE TRADE DESK INC,COM CL A,88339J105,44016,962515,SH,,DFND,01 02,0,962515,0
278,THERAPEUTICSMD INC,COM,88338N107,6040,1000000,SH,,DFND,2,0,1000000,0
279,TIFFANY & CO NEW,COM,886547108,27743,266887,SH,,DFND,01 02,3000,263887,0
280,TOLL BROTHERS INC,COM,889478103,5556,115706,SH,,DFND,01 02,0,115706,0
281,TORO CO,COM,891092108,36235,555494,SH,,DFND,01 02,0,555494,0
282,TPI COMPOSITES INC,COM,87266J104,8468,413900,SH,,DFND,2,0,413900,0
283,TRANSDIGM GROUP INC,COM,893641100,130444,475000,SH,,DFND,2,0,475000,0
284,TRANSUNION,COM,89400J107,50457,918061,SH,,DFND,01 02,0,918061,0
285,TREX CO INC,COM,89531P105,126983,1171536,SH,,DFND,01 02,0,1115036,56500
286,U S SILICA HLDGS INC,COM,90346E103,1029,31600,SH,,DFND,2,0,31600,0
287,ULTIMATE SOFTWARE GROUP INC,COM,90385D107,115536,529421,SH,,DFND,01 02,0,529421,0
288,UNDER ARMOUR INC,CL A,904311107,53662,3718767,SH,,DFND,01 02,0,3477567,241200
289,UNDER ARMOUR INC,CL C,904311206,631,47375,SH,,DFND,01 02,0,47375,0
290,UNIVAR INC,COM,91336L107,85140,2750000,SH,,DFND,2,0,2750000,0
291,VAIL RESORTS INC,COM,91879Q109,1087779,5119682,SH,,DFND,01 02,0,4489082,630600
292,VALERO ENERGY CORP,COM,91913Y100,1176,12800,SH,,DFND,2,0,12800,0
293,VALERO ENERGY PARTNERS LP,COM UNT REP LP,91914J102,34376,772500,SH,,DFND,2,0,772500,0
294,VANTIV INC,CL A,92210H105,63020,856830,SH,,DFND,01 02,0,856830,0
295,VARONIS SYS INC,COM,922280102,8651,178178,SH,,DFND,01 02,0,178178,0
296,VEEVA SYS INC,CL A COM,922475108,23453,424253,SH,,DFND,01 02,0,424253,0
297,VERISIGN INC,COM,92343E102,78262,683869,SH,,DFND,01 02,0,683869,0
298,VERISK ANALYTICS INC,CL A,92345Y106,145121,1511680,SH,,DFND,01 02,0,1511680,0
299,VERTEX PHARMACEUTICALS INC,COM,92532F100,6500,43371,SH,,DFND,01 02,0,43371,0
300,VISA INC,COM CL A,92826C839,18977,166437,SH,,DFND,01 02,0,166437,0
301,VULCAN MATLS CO,COM,929160109,49366,384564,SH,,DFND,01 02,0,384564,0
302,WABCO HLDGS INC,COM,92927K102,14851,103492,SH,,DFND,01 02,0,103492,0
303,WABTEC CORP,COM,929740108,25797,316798,SH,,DFND,01 02,0,316798,0
304,WASTE CONNECTIONS INC,COM,94106B101,141880,2000000,SH,,DFND,2,0,2000000,0
305,WELBILT INC,COM,949090104,37616,1600000,SH,,DFND,2,0,1600000,0
306,WEST PHARMACEUTICAL SVSC INC,COM,955306105,177275,1796649,SH,,DFND,01 02,0,1700149,96500
307,WESTLAKE CHEM PARTNERS LP,COM,960417103,8732,350000,SH,,DFND,2,0,350000,0
308,WEX INC,COM,96208T104,63553,450000,SH,,DFND,2,0,450000,0
309,WILLIS TOWERS WATSON PUB LTD,SHS,G96629103,76939,510581,SH,,DFND,01 02,0,510581,0
310,WINGSTOP INC,COM,974155103,40149,1030000,SH,,DFND,2,0,1030000,0
311,WIX COM LTD,SHS,M98068105,95296,1655885,SH,,DFND,01 02,0,1603385,52500
312,WPX ENERGY INC,COM,98212B103,1536,109200,SH,,DFND,2,0,109200,0
313,WYNDHAM WORLDWIDE CORP,COM,98310W108,26909,232237,SH,,DFND,01 02,0,232237,0
314,YANDEX N V,SHS CLASS A,N97284108,77749,2374022,SH,,DFND,02 01,0,2200022,174000
315,YEXT INC,COM,98585N106,21129,1756349,SH,,DFND,2,0,1756349,0
316,YPF SOCIEDAD ANONIMA,SPON ADR CL D,984245100,92918,4055780,SH,,DFND,02 01,0,3757380,298400
317,ZILLOW GROUP INC,CL A,98954M101,104922,2575396,SH,,DFND,01 02,0,2575396,0
318,ZILLOW GROUP INC,CL C CAP STK,98954M200,30365,742056,SH,,DFND,01 02,0,742056,0
