,NAME OF ISSUER,TITLE OF CLASS,CUSIP,(x$1000),PRN AMT,PRN,CALL,DISCRETION,MANAGER,SOLE,SHARED,NONE
0,10X GENOMICS INC,COM,88025U109,11524,151132,SH,,DFND,01 02 BA,0,145743,0
1,ABBOTT LABS,COM,002824100,834,9596,SH,,DFND,BA,0,9596,0
2,ACCELERATE DIAGNOSTICS INC,COM,00430H102,4394,260000,SH,,DFND,2,0,260000,0
3,ACCELERON PHARMA INC,COM,00434H108,16998,320600,SH,,DFND,01 02 BA,0,320600,0
4,ACCENTURE PLC IRELAND,SHS CLASS A,G1151C101,411,1950,SH,,DFND,2,0,1950,0
5,ACTIVISION BLIZZARD INC,COM,00507V109,29168,490876,SH,,DFND,01 02,0,490876,0
6,ADAPTIVE BIOTECHNOLOGIES COR,COM,00650F109,23218,776019,SH,,DFND,01 02 BA,0,747976,28043
7,ADOBE SYS INC,COM,00724F101,10407,31555,SH,,DFND,01 02,0,31555,0
8,ADVANCED DRAIN SYS INC DEL,COM,00790R104,32043,825000,SH,,DFND,2,0,825000,0
9,ADVANCED ENERGY INDS,COM,007973100,2848,40000,SH,,DFND,2,0,40000,0
10,AFYA LTD,COM,G01125106,12692,468000,SH,,DFND,2,0,468000,0
11,AGILENT TECHNOLOGIES INC,COM,00846U101,4321,50653,SH,,DFND,2,0,50653,0
12,AIR LEASE CORP,CL A,00912X302,75250,1583539,SH,,DFND,01 02,0,1553812,29727
13,ALBANY INTL CORP,CL A,012348108,8161,107495,SH,,DFND,01 02,0,100495,7000
14,ALCON INC,ORD SHS,H01301128,219,3879,SH,,DFND,BA,0,3879,0
15,Alector Inc,COM,014442107,8154,473260,SH,,DFND,01 02 BA,0,441806,31454
16,ALEXANDERS INC,COM,014752109,50312,152300,SH,,DFND,01 02,5000,141685,3878
17,ALEXANDER & BALDWIN,COM,014491104,5764,275000,SH,,DFND,2,0,275000,0
18,ALEXANDRIA REAL ESTATE EQ IN,COM,015271109,201875,1249382,SH,,DFND,01 02 BA,0,1170995,65954
19,ALIBABA GROUP HLDG LTD,SPONSORED ADR,01609W102,421053,1985165,SH,,DFND,BC 01 02,0,1857594,127571
20,ALIGN TECHNOLOGY INC,COM,016255101,4978,17840,SH,,DFND,01 02,0,17840,0
21,ALPHABET INC,CL A,02079K305,3863,2884,SH,,DFND,01 02,0,2884,0
22,ALPHABET INC,CL C,02079K107,54268,40589,SH,,DFND,01 02,0,40589,0
23,ALTAIR ENGR INC,COM CL A,021369103,69580,1937627,SH,,DFND,01 02,0,1883757,53870
24,AMAZON COM INC,COM,023135106,90108,48764,SH,,DFND,BC 01 02,0,48764,0
25,AMERICAN ASSETS TRUST INC,COM,024013104,26113,568912,SH,,DFND,2,0,523162,45750
26,AMERICAN HOMES 4 RENT,CL A,02665T306,18904,721264,SH,,DFND,01 02,0,621264,100000
27,AMERICAN TOWER CORP,COM,03027X100,16471,71667,SH,,DFND,01 02,0,71667,0
28,AMERICOLD RLTY TR,COM,03064D108,111022,3166636,SH,,DFND,01 02,0,3166636,0
29,AMPHENOL CORP NEW,COM,032095101,54549,504011,SH,,DFND,01 02,0,477770,0
30,ANAPLAN INC,COM,03272L108,2003,38231,SH,,DFND,2,0,38231,0
31,ANSYS INC,COM,03662Q105,647734,2516353,SH,,DFND,01 02,0,2383104,100305
32,APPLE INC,COM,037833100,418,1424,SH,,DFND,01 02,0,1424,0
33,ARCH CAP GROUP LTD,ORD,G0450A105,942679,21978982,SH,,DFND,01 02,0,21179847,670881
34,ARCO PLATFORM LTD,COM CL A,G04553106,8859,200430,SH,,DFND,2,0,200430,0
35,ARGENX SE,SPONSORED ADR,04016X101,47756,297505,SH,,DFND,01 02 BA,0,292251,0
36,ARQULE INC,COM,04269E107,124,6229,SH,,DFND,BA,0,6229,0
37,ARROWHEAD PHARMACEUTICALS IN,COM,04280A100,4985,78594,SH,,DFND,02 BA,0,78594,0
38,ARTISAN PARTNERS ASSET MGMT,CL A,04316A108,123,3819,SH,,DFND,1,0,3819,0
39,ASGN INC,COM,00191U102,128463,1810100,SH,,DFND,01 02,0,1810100,0
40,ASML HOLDING N V,NY REG SHS,N07059210,12725,42998,SH,,DFND,01 02,0,42998,0
41,ASPEN TECHNOLOGY INC,COM,045327103,154046,1273841,SH,,DFND,01 02,0,1250494,0
42,ASTRAZENECA PLC,SPONSORED ADR,046353108,9123,182977,SH,,DFND,02 BA,0,182977,0
43,AVALONBAY CMNTYS INC,COM,053484101,85,406,SH,,DFND,2,0,406,0
44,AXOGEN INC,COM,05463X106,7605,425084,SH,,DFND,2,0,425084,0
45,AZUL S A,SPONSR ADR PFD,05501U106,54138,1264895,SH,,DFND,01 02,0,1172099,92796
46,BENEFITFOCUS INC,COM,08180D106,81926,3734107,SH,,DFND,01 02,0,3578557,155550
47,BERKSHIRE HATHAWAY INC DEL,CL A,084670108,340,1,SH,,DFND,,1,0,0
48,BERRY GLOBAL GROUP INC,COM,08579W103,37992,800000,SH,,DFND,2,0,800000,0
49,BILL COM HLDGS INC,COM,090043100,5707,150000,SH,,DFND,2,0,150000,0
50,BIO TECHNE CORP,COM,09073M104,336635,1533574,SH,,DFND,01 02 BA,0,1458800,51523
51,BIOHAVEN PHARMACTL HLDG CO L,COM,G11196105,234,4300,SH,,DFND,BA,0,4300,0
52,BJS RESTAURANTS INC,COM,09180C106,22776,600000,SH,,DFND,2,0,600000,0
53,BLACKROCK INC,COM,09247X101,165,328,SH,,DFND,2,0,328,0
54,BOOKING HLDGS INC,COM,09857L108,50308,24496,SH,,DFND,01 02,0,23362,0
55,BOSTON PROPERTIES INC,COM,101121101,68,490,SH,,DFND,2,0,490,0
56,BOYD GAMING CORP,COM,103304101,57201,1910513,SH,,DFND,01 02,0,1910513,0
57,BRIGHT HORIZONS FAM SOL IN D,COM,109194100,433908,2887135,SH,,DFND,01 02,0,2762135,125000
58,BRIGHTVIEW HLDGS INC,COM,10948C107,15415,913735,SH,,DFND,01 02,0,878308,35427
59,BROOKFIELD ASSET MGMT INC,CL A LTD VT SH,112585104,87490,1513666,SH,,DFND,01 02,0,1513666,0
60,BROOKFIELD INFRAST PARTNERS,LP INT UNIT,G16252101,171,3421,SH,,DFND,2,0,3421,0
61,BRP GROUP INC,COM CL A,05589G102,41556,2589130,SH,,DFND,01 02,0,2498495,90635
62,BWX TECHNOLOGIES INC,COM,05605H100,40574,653571,SH,,DFND,01 02,0,621768,0
63,CANTEL MEDICAL CORP,COM,138098108,38995,550000,SH,,DFND,2,0,550000,0
64,CAREDX INC,COM,14167L103,8995,417036,SH,,DFND,2,0,417036,0
65,CARMAX INC,COM,143130102,6289,71733,SH,,DFND,1,0,71733,0
66,CBRE GROUP INC,CL A,12504L109,130283,2125682,SH,,DFND,01 02,0,2060502,0
67,CDW CORP,COM,12514G108,65191,456391,SH,,DFND,01 02,0,434263,0
68,CERIDIAN HCM HLDG INC,COM,15677J108,189217,2787520,SH,,DFND,BC 01 02,0,2698730,0
69,CERUS CORP,COM,157085101,6456,1529967,SH,,DFND,2,0,1529967,0
70,CHARTER COMMUNICATIONS INC N,CL A,16119P108,166,343,SH,,DFND,2,0,343,0
71,CHASERG TECHNLGY ACQUISITN C,CLASS A,16166A103,21620,2000000,SH,,DFND,2,0,2000000,0
72,CHOICE HOTELS INTL INC,COM,169905106,483298,4672707,SH,,DFND,01 02,20000,4295843,327290
73,CLARIVATE ANALYTICS PLC,COM,G21810109,108949,6485039,SH,,DFND,01 02,0,6359107,0
74,CLOUDFLARE INC,CL A COM,18915M107,2958,173388,SH,,DFND,2,0,173388,0
75,CME GROUP INC,COM,12572Q105,11944,59506,SH,,DFND,01 02,0,59506,0
76,COGNEX CORP,COM,192422103,81258,1450000,SH,,DFND,2,0,1450000,0
77,COHEN & STEERS INC,COM,19247A100,158820,2530596,SH,,DFND,01 02,0,2351596,179000
78,COMMUNITY HEALTH SYS INC NEW,COM,203668108,0,100,SH,,DFND,1,0,100,0
79,CONSTELLATION BRANDS INC,COM,21036P108,275,1448,SH,,DFND,2,0,1448,0
80,COPA HOLDINGS SA,CL A,P31076105,89013,823584,SH,,DFND,01 02,0,763873,59711
81,COSTAR GROUP INC,COM,22160N109,1359796,2272767,SH,,DFND,01 02,0,2189404,71547
82,COSTCO WHSL CORP NEW,COM,22160K105,130,443,SH,,DFND,2,0,443,0
83,COUPA SOFTWARE INC,COM,22266L106,717,4900,SH,,DFND,2,0,4900,0
84,CROWDSTRIKE HLDGS INC,COM,22788C105,5010,100462,SH,,DFND,BC 01 02,0,100462,0
85,CROWN CASTLE INTL CORP NEW,COM,22822V101,70,493,SH,,DFND,2,0,493,0
86,CUBIC CORP,COM,229669106,5721,90000,SH,,DFND,2,0,90000,0
87,D R HORTON INC,COM,23331A109,17146,325038,SH,,DFND,01 02,0,325038,0
88,DANAHER CORP DEL,COM,235851102,337,2194,SH,,DFND,2,0,2194,0
89,DATADOG INC,CL A COM,23804L103,16532,437594,SH,,DFND,01 02,0,437594,0
90,DENALI THERAPEUTICS INC,COM,24823R105,16601,952957,SH,,DFND,01 02,0,903662,49295
91,DEXCOM INC,COM,252131107,111204,508384,SH,,DFND,01 02 BA,0,500099,0
92,DICERNA PHARMACEUTICALS INC,COM,253031108,64,2900,SH,,DFND,BA,0,2900,0
93,DOUGLAS EMMETT INC,COM,25960P109,254690,5801599,SH,,DFND,01 02,0,5487762,313837
94,DR REDDYS LABS LTD,ADR,256135203,15331,377797,SH,,DFND,01 02,0,349153,28644
95,DUKE REALTY CORP,COM,264411505,98,2823,SH,,DFND,2,0,2823,0
96,DYNATRACE INC,COM,268150109,8727,344957,SH,,DFND,2,0,344957,0
97,EDWARDS LIFESCIENCES CORP,COM,28176E108,6667,28577,SH,,DFND,01 02 BA,0,28577,0
98,ELECTRONIC ARTS INC,COM,285512109,7651,71166,SH,,DFND,01 02,0,71166,0
99,EMERGENT BIOSOLUTIONS INC,COM,29089Q105,15645,290000,SH,,DFND,2,0,290000,0
100,ENCANA CORP,COM,292505104,3363,717153,SH,,DFND,2,0,717153,0
101,ENDAVA PLC,ADS,29260V105,61573,1321306,SH,,DFND,2,0,1321306,0
102,ENDO INTL PLC,SHS,29264F205,58,12310,SH,,DFND,BC,0,12310,0
103,ENVESTNET INC,COM,29404K106,5460,78410,SH,,DFND,01 02,0,78410,0
104,ENVISTA HLDGS CORP,COM,29415F104,110,3708,SH,,DFND,2,0,3708,0
105,EPAM SYS INC,COM,29414B104,23740,111898,SH,,DFND,01 02,0,111898,0
106,EQUINIX INC,COM,29444U700,139667,239278,SH,,DFND,01 02,0,232079,0
107,EQUITY LIFESTYLE PPTYS INC,COM,29472R108,8506,120835,SH,,DFND,01 02,0,120835,0
108,EQUITY RESIDENTIAL,SH BEN INT,29476L107,93,1150,SH,,DFND,2,0,1150,0
109,ESCO TECHNOLOGIES INC,COM,296315104,8010,86600,SH,,DFND,2,0,86600,0
110,ESPERION THERAPEUTICS INC,COM,29664W105,11240,188500,SH,,DFND,2,0,188500,0
111,ESSENT GROUP LTD,COM,G3198U102,39687,763349,SH,,DFND,01 02,0,723299,40050
112,ESSEX PPTY TR INC,COM,297178105,69,228,SH,,DFND,2,0,228,0
113,EVERSPIN TECHNOLOGIES INC,COM,30041T104,3051,580000,SH,,DFND,2,0,580000,0
114,FACEBOOK INC.,CL A,30303M102,29157,142055,SH,,DFND,BC 01 02,0,142055,0
115,FACTSET RESH SYS INC,COM,303075105,763535,2845827,SH,,DFND,01 02,0,2697832,127000
116,FAIR ISAAC CORP,COM,303250104,33,87,SH,,DFND,BC,0,87,0
117,FASTENAL CO,COM,311900104,4223,114297,SH,,DFND,01 02,0,114297,0
118,FIDELITY NATL INFORMATION SV,COM,31620M106,147537,1060731,SH,,DFND,01 02,0,1018414,0
119,FIRST REP BK SAN FRAN CALI N,CL A,33616C100,45736,389410,SH,,DFND,01 02,0,370544,0
120,FIVERR INTL LTD,ORD SHS,M4R82T106,4834,205711,SH,,DFND,2,0,205711,0
121,FLEETCOR TECHNOLOGIES INC,COM,339041105,69782,242533,SH,,DFND,01 02,0,230797,0
122,FLOOR & DECOR HLDGS INC,CL A,339750101,119110,2344232,SH,,DFND,01 02,0,2344232,0
123,FOMENTO ECONOMICO MEXICANO S,SPON ADR UNITS,344419106,59463,629167,SH,,DFND,01 02,0,580989,48178
124,FORESCOUT TECHNOLOGIES INC,COM,34553D101,10463,319000,SH,,DFND,2,0,319000,0
125,FORESTAR GROUP INC,COM,346232101,24765,1187764,SH,,DFND,01 02,0,1137909,49855
126,GAMING & LEISURE PPTYS INC,COM,36467J108,398678,9260813,SH,,DFND,01 02,0,8823547,437266
127,GARTNER INC,COM,366651107,990564,6428061,SH,,DFND,01 02,0,6154966,183400
128,GCI LIBERTY INC,CL A,36164V305,2991,42211,SH,,DFND,01 02,0,42211,0
129,GDS HLDGS LTD,SPONSORED ADR,36165L108,167595,3249228,SH,,DFND,BC 01 02,0,3087505,161723
130,GLOBANT S A,COM,L44385109,36155,340924,SH,,DFND,01 02,0,319562,21362
131,GOLAR LNG LTD BERMUDA,SHS,G9456A100,3903,274500,SH,,DFND,2,0,274500,0
132,GS ACQUISITION HLDGS CORP,COM CL A,36255F102,22060,2000000,SH,,DFND,2,0,2000000,0
133,GUARDANT HEALTH INC,COM,40131M109,25159,321968,SH,,DFND,01 02 BA,0,321968,0
134,GUIDEWIRE SOFTWARE INC,COM,40171V100,700393,6380547,SH,,DFND,01 02,0,6104843,200318
135,HCA HEALTHCARE INC,COM,40412C101,308,2085,SH,,DFND,BA,0,2085,0
136,HDFC BANK LTD,ADR REPS 3 SHS,40415F101,10176,160586,SH,,DFND,BC 01 02,0,160586,0
137,HEALTHEQUITY INC,COM,42226A107,78354,1057836,SH,,DFND,01 02 BA,0,1057836,0
138,HEICO CORP NEW,CL A,422806208,21471,239818,SH,,DFND,01 02,0,239818,0
139,HEICO CORP NEW,COM,422806109,14382,125993,SH,,DFND,01 02,0,125993,0
140,HELIOS TECHNOLOGIES INC,COM,42328H109,42324,915500,SH,,DFND,2,0,915500,0
141,HILTON GRAND VACATIONS INC,COM,43283X105,7432,216100,SH,,DFND,01 02,0,216100,0
142,HILTON WORLDWIDE HLDGS INC,WHEN ISSUED,43300A203,775,6989,SH,,DFND,01 02,0,6989,0
143,HOME DEPOT INC,COM,437076102,3527,16149,SH,,DFND,01 02,2000,14149,0
144,HOST HOTELS & RESORTS INC,COM,44107P104,10,516,SH,,DFND,2,0,516,0
145,HOULIHAN LOKEY INC,CL A,441593100,63570,1300798,SH,,DFND,01 02,0,1267673,33125
146,HUDSON LTD,COM CL A,G46408103,46020,3000000,SH,,DFND,2,0,3000000,0
147,HUDSON PAC PPTYS INC,COM,444097109,13525,359221,SH,,DFND,01 02,0,359221,0
148,HUMANA INC,COM,444859102,495,1350,SH,,DFND,BA,0,1350,0
149,HYATT HOTELS CORP,COM CL A,448579102,405771,4523144,SH,,DFND,01 02,0,4171682,322000
150,IAC INTERACTIVECORP,COM,44919P508,75877,304591,SH,,DFND,BC 01 02,0,293108,0
151,ICHOR HOLDINGS,SHS,G4740B105,9648,290000,SH,,DFND,2,0,290000,0
152,ICON PLC,SHS,G4705A100,125724,729978,SH,,DFND,01 02 BA,0,729978,0
153,IDEX CORP,COM,45167R104,88331,513552,SH,,DFND,01 02,0,488550,0
154,IDEXX LABS INC,COM,45168D104,984475,3770057,SH,,DFND,01 02 BA,0,3600877,115500
155,IHS MARKIT LTD,SHS,G47567105,392,5202,SH,,DFND,2,0,5202,0
156,ILLUMINA INC,COM,452327109,152755,460466,SH,,DFND,01 02 BA,0,442858,0
157,INGEVITY CORP,COM,45688C107,39321,450000,SH,,DFND,2,0,450000,0
158,INOGEN INC,COM,45780L104,6833,100000,SH,,DFND,2,0,100000,0
159,INSPIRE MED SYS INC,COM,457730109,26194,352970,SH,,DFND,02 BA,0,352970,0
160,INSTALLED BLDG PRODS INC,COM,45780R101,115265,1673655,SH,,DFND,01 02,0,1673655,0
161,INSULET CORP,COM,45784P101,288,1685,SH,,DFND,BA,0,1685,0
162,INTERSECT ENT INC,COM,46071F103,2241,90000,SH,,DFND,2,0,90000,0
163,INTERXION HOLDING N.V,SHS,N47279109,32978,393488,SH,,DFND,01 02,0,393488,0
164,INTUITIVE SURGICAL INC,COM,46120E602,22229,37603,SH,,DFND,01 02 BA,0,37603,0
165,INVITATION HOMES INC,COM,46187W107,14046,468663,SH,,DFND,01 02,0,468663,0
166,IQVIA HLDGS INC,COM,46266C105,547,3542,SH,,DFND,02 BA,0,3542,0
167,IRIDIUM COMMUNICATIONS INC,COM,46269C102,319226,12955587,SH,,DFND,01 02,0,12148253,807334
168,JOHN BEAN TECHNOLOGIES CORP,COM,477839104,84303,748300,SH,,DFND,01 02,0,748300,0
169,JONES LANG LASALLE INC,COM,48020Q107,17693,101634,SH,,DFND,01 02,0,101634,0
170,KENNEDY-WILSON HLDGS INC,COM,489398107,70,3120,SH,,DFND,2,0,3120,0
171,KILROY RLTY CORP,COM,49427F108,9452,112658,SH,,DFND,01 02,0,112658,0
172,KINSALE CAP GROUP INC,COM,49714P108,180285,1773410,SH,,DFND,BC 01 02,0,1681792,91618
173,KORNIT DIGITAL LTD,SHS,M6372Q113,8643,252500,SH,,DFND,2,0,252500,0
174,LAS VEGAS SANDS CORP,COM,517834107,76,1104,SH,,DFND,2,0,1104,0
175,LENDINGTREE INC,COM,52603B107,39393,129823,SH,,DFND,01 02,0,121873,7950
176,LENNAR CORP,COM,526057104,11386,204089,SH,,DFND,01 02,0,204089,0
177,LEXINFINTECH HLDGS LTD,ADR,528877103,32029,2305871,SH,,DFND,01 02,0,2131517,174354
178,LIBERTY BROADBAND CORP,COM SER A,530307107,12456,100000,SH,,DFND,2,0,100000,0
179,LIBERTY BROADBAND CORP,COM SER C,530307305,91043,723997,SH,,DFND,01 02,0,701930,0
180,LIBERTY MEDIA CORP DELAWARE,COM A MEDIA GRP,531229870,8099,185000,SH,,DFND,2,0,185000,0
181,LIBERTY MEDIA CORP DELAWARE,COM C MEDIA GRP,531229854,34474,750000,SH,,DFND,2,0,750000,0
182,LIBERTY MEDIA CORP DELAWARE,COM C SIRIUSXM,531229607,48140,1000000,SH,,DFND,2,0,1000000,0
183,LIMONEIRA CO,COM,532746104,5577,290000,SH,,DFND,2,0,290000,0
184,LINDBLAD EXPEDITIONS HLDGS I,COM,535219109,1298,79400,SH,,DFND,1,0,79400,0
185,LITTELFUSE INC,COM,537008104,62892,328761,SH,,DFND,01 02,0,319811,8950
186,LIVERAMP HLDGS INC,COM,53815P108,59733,1242633,SH,,DFND,01 02,0,1242633,0
187,LOWES COS INC,COM,548661107,24792,207015,SH,,DFND,01 02,0,207015,0
188,LUXFER HOLDINGS PLC,SHS,G5698W116,4442,240000,SH,,DFND,2,0,240000,0
189,MANCHESTER UNITED PLC NEW,ORD CL A,G5784H106,249452,12516419,SH,,DFND,01 02,0,12011169,505250
190,MANHATTAN ASSOCS INC,COM,562750109,4235,53100,SH,,DFND,1,0,53100,0
191,MARKETAXESS HLDGS INC,COM,57060D108,115156,303753,SH,,DFND,01 02,0,289550,0
192,MARRIOTT VACATIONS WORLDWIDE C,COM,57164Y107,390806,3035152,SH,,DFND,01 02,0,2891852,143300
193,MASCO CORP,COM,574599106,21462,447227,SH,,DFND,01 02,0,447227,0
194,MASIMO CORP,COM,574795100,142,900,SH,,DFND,BA,0,900,0
195,MASTERCARD INC,CL A,57636Q104,33394,111839,SH,,DFND,BC 01 02,0,111839,0
196,MAXIMUS INC,COM,577933104,15485,208157,SH,,DFND,01 02,0,200022,0
197,MEDALLIA INC,COM,584021109,20395,655564,SH,,DFND,BC 01 02,0,655564,0
198,MELLANOX TECHNOLOGIES LTD,SHS,M51363113,26455,225766,SH,,DFND,01 02,0,225766,0
199,MERCADOLIBRE INC,COM,58733R102,86903,151945,SH,,DFND,01 02,0,143804,8141
200,MERCK & CO INC,COM,58933Y105,977,10739,SH,,DFND,02 BA,0,10739,0
201,MERCURY SYS INC,COM,589378108,85047,1230600,SH,,DFND,2,0,1230600,0
202,METTLER TOLEDO INTERNATIONAL,COM,592688105,404815,510305,SH,,DFND,01 02 BA,0,488885,7800
203,MGM GROWTH PPTYS LLC,CL A COM,55303A105,23189,748742,SH,,DFND,01 02,0,748742,0
204,MGM RESORTS INTERNATIONAL,COM,552953101,30398,913666,SH,,DFND,01 02,0,913666,0
205,MICROSOFT CORP,COM,594918104,34644,219680,SH,,DFND,BC 01 02,0,219680,0
206,MINERVA NEUROSCIENCES INC,COM,603380106,38,5300,SH,,DFND,BA,0,5300,0
207,MOELIS & CO,CL A,60786M105,59579,1866514,SH,,DFND,01 02,0,1814489,52025
208,MOMO INC,AD,60879B107,58409,1743543,SH,,DFND,01 02,0,1616232,127311
209,MOODYS CORP,COM,615369105,393,1655,SH,,DFND,2,0,1655,0
210,MORNINGSTAR INC,COM,617700109,211086,1395058,SH,,DFND,01 02,0,1320651,74407
211,MSCI INC,CL A,55354G100,567045,2196316,SH,,DFND,01 02,0,2067441,128875
212,NEOGEN CORP,COM,640491106,64756,992276,SH,,DFND,01 02,0,918226,74050
213,NETFLIX INC,COM,64110L106,6269,19376,SH,,DFND,01 02,0,19376,0
214,NEUROCRINE BIOSCIENCES INC,COM,64125C109,3397,31603,SH,,DFND,02 BA,0,31603,0
215,NEW FRONTIER HEALTH CORP,ORD SHS,G6461G106,25368,2536819,SH,,DFND,02 01,0,2536819,0
216,NEW ORIENTAL ED & TECH GRP I,SPON ADR,647581107,84804,699416,SH,,DFND,01 02,0,646272,53144
217,NEXTCURE INC,COM,65343E108,43,763,SH,,DFND,BA,0,763,0
218,NORWEGIAN CRUISE LINE HLDGS,SHS,G66721104,66673,1141469,SH,,DFND,01 02,0,1141469,0
219,NOVA MEASURING INSTRUMENTS L,COM,M7516K103,9836,260000,SH,,DFND,2,0,260000,0
220,NOVANTA INC,COM,67000B104,923,10431,SH,,DFND,2,0,10431,0
221,NVIDIA CORP,COM,67066G104,7680,32638,SH,,DFND,01 02,0,32638,0
222,OKTA INC,CL A,679295105,3907,33866,SH,,DFND,2,0,33866,0
223,OLLIES BARGAIN OUTLT HLDGS INC,COM,681116109,80151,1227237,SH,,DFND,01 02,0,1205587,21650
224,ONESPAWORLD HOLDINGS LIMITED,COM,P73684113,17004,1009750,SH,,DFND,2,0,1009750,0
225,OPERA LTD,SPONSORED ADS,68373M107,2471,267101,SH,,DFND,2,0,267101,0
226,OWENS CORNING NEW,COM,690742101,6085,93437,SH,,DFND,01 02,0,93437,0
227,PAGSEGURO DIGITAL LTD,COM CL A,G68707101,91030,2664823,SH,,DFND,01 02,0,2497343,167480
228,PAR TECHNOLOGY CORP,COM,698884103,11051,359488,SH,,DFND,BC 02,0,359488,0
229,PAYLOCITY HLDG CORP,COM,70438V106,147,1218,SH,,DFND,1,0,1218,0
230,PAYPAL HLDGS INC,COM,70450Y103,3097,28627,SH,,DFND,01 02,0,28627,0
231,PEGASYSTEMS INC,COM,705573103,95074,1193653,SH,,DFND,01 02,0,1193653,0
232,PENN NATL GAMING INC,COM,707569109,240763,9419540,SH,,DFND,01 02,0,8836058,583482
233,PERFORMANCE FOOD GROUP CO,COM,71377A103,75428,1465194,SH,,DFND,01 02,0,1395044,70150
234,PETROLEO BRASILEIRO SA PETRO,SPONSORED ADR,71654V408,129393,8117525,SH,,DFND,01 02,0,7519295,598230
235,PINDUODUO INC,SPONSORED ADS,722304102,3880,102580,SH,,DFND,BC 02,0,102580,0
236,PING IDENTITY HLDG CORP,COM,72341T103,11542,475000,SH,,DFND,2,0,475000,0
237,PLANET FITNESS INC,CL A,72703H101,59744,800000,SH,,DFND,2,0,800000,0
238,POLYONE CORP,COM,73179P106,14716,400000,SH,,DFND,2,0,400000,0
239,POOL CORPORATION,COM,73278L105,3356,15803,SH,,DFND,01 02,0,15803,0
240,PRA HEALTH SCIENCES INC,COM,69354M108,106078,954364,SH,,DFND,01 02,0,954364,0
241,PRIMERICA INC,COM,74164M108,309822,2373021,SH,,DFND,01 02,0,2245052,127969
242,PROGYNY INC,COM,74340E103,9961,362873,SH,,DFND,2,0,362873,0
243,PROLOGIS INC,COM,74340W103,13117,147148,SH,,DFND,01 02,0,147148,0
244,PROOFPOINT INC,COM,743424103,3522,30689,SH,,DFND,01 02,0,30689,0
245,PTC THERAPEUTICS INC,COM,69366J200,157,3275,SH,,DFND,BA,0,3275,0
246,QTS RLTY TR INC,COM CL A,74736A103,131,2410,SH,,DFND,2,0,2410,0
247,QUAKER CHEM CORP,COM,747316107,16452,100000,SH,,DFND,2,0,100000,0
248,QUALCOMM INC,COM,747525103,353,4000,SH,,DFND,,4000,0,0
249,QUALYS INC,COM,74758T303,10004,120000,SH,,DFND,2,0,120000,0
250,RAVEN INDS INC,COM,754212108,31875,925000,SH,,DFND,2,0,925000,0
251,RBC BEARINGS INC,COM,75524B104,35626,225000,SH,,DFND,2,0,225000,0
252,RED ROCK RESORTS INC,CL A,75700L108,231095,9649048,SH,,DFND,01 02,0,9493598,155450
253,REPAY HLDGS CORP,COM CL A,76029L100,7325,500000,SH,,DFND,2,0,500000,0
254,REVANCE THERAPEUTICS INC,COM,761330109,13434,827732,SH,,DFND,2,0,827732,0
255,REVOLVE GROUP INC,COM,76156B107,9180,500000,SH,,DFND,2,0,500000,0
256,REXFORD INDL RLTY INC,COM,76169C100,12728,278693,SH,,DFND,2,0,278693,0
257,RINGCENTRAL INC,CL A,76680R206,33673,199640,SH,,DFND,BC 01 02,0,196700,0
258,ROBERT HALF INTL INC,COM,770323103,6587,104310,SH,,DFND,1,42000,62310,0
259,ROLLINS INC,COM,775711104,40999,1236396,SH,,DFND,01 02,0,1177628,0
260,ROPER INDUSTRIES INC NEW,COM,776696106,111275,314133,SH,,DFND,01 02,0,298889,0
261,ROYAL CARIBBEAN CRUISES LTD,COM,V7780T103,22583,169146,SH,,DFND,01 02,0,169146,0
262,RYANAIR HOLDINGS PLC,SPONSORED ADR,783513203,2017,23025,SH,,DFND,2,0,23025,0
263,S&P GLOBAL INC,COM,78409V104,9094,33307,SH,,DFND,01 02,0,33307,0
264,SAGE THERAPEUTICS INC,COM,78667J108,29895,414122,SH,,DFND,01 02 BA,0,401207,0
265,SALESFORCE.COM INC,COM,79466L302,4902,30141,SH,,DFND,01 02,0,30141,0
266,SASOL LTD,SPONSORED ADR,803866300,17973,831700,SH,,DFND,01 02,0,769302,62398
267,SBA COMMUNICATIONS CORP,COM,78410G104,256229,1063235,SH,,DFND,01 02,0,1037130,0
268,SERVICENOW INC,COM,81762P102,12107,42883,SH,,DFND,01 02,0,42883,0
269,SHOPIFY INC,CL A,82509L107,4981,12529,SH,,DFND,2,0,12529,0
270,SIENTRA INC,COM,82621J105,12574,1406463,SH,,DFND,2,0,1406463,0
271,SILK ROAD MEDICAL INC,COM,82710m100,54952,1360870,SH,,DFND,02 BA,0,1360870,0
272,SITEONE LANDSCAPE SUPPLY INC,COM,82982L103,145353,1603458,SH,,DFND,01 02,0,1603458,0
273,SL GREEN RLTY CORP,COM,78440X101,99,1082,SH,,DFND,2,0,1082,0
274,SLACK TECHNOLOGIES INC,COM CL A,83088V102,3636,161761,SH,,DFND,01 02,0,161761,0
275,SONY CORP,ADR,835699307,1681,24723,SH,,DFND,2,0,24723,0
276,SPLUNK INC,COM,848637104,30551,203983,SH,,DFND,01 02,0,203983,0
277,SPOTIFY TECHNOLOGY S A,SHS,L8681T102,16192,108273,SH,,DFND,01 02,0,108273,0
278,SPROUTS FMRS MKT INC,COM,85208M102,580,30000,SH,,DFND,1,0,30000,0
279,SS&C TECHNOLOGIES HOLDINGS INC,COM,78467J100,352116,5734796,SH,,DFND,01 02,0,5443701,236422
280,STONECO LTD,COM CL A,G85158106,10311,258488,SH,,DFND,01 02,0,258488,0
281,STORE CAP CORP,COM,862121100,37,981,SH,,DFND,2,0,981,0
282,SUMMIT MATLS INC,CL A,86614U100,38240,1600000,SH,,DFND,2,0,1600000,0
283,SUN CMNTYS INC,COM,866674104,131,876,SH,,DFND,2,0,876,0
284,PRICE T ROWE GROUP INC,COM,74144T108,42120,345696,SH,,DFND,01 02,4000,325387,0
285,TACTILE SYS TECHNOLOGY INC,COM,87357P100,8574,127000,SH,,DFND,2,0,127000,0
286,TAIWAN SEMICONDUCTOR MFG LTD,SPONSORED ADR,874039100,222313,3826379,SH,,DFND,01 02,0,3535274,291105
287,TAKE-TWO INTERACTIVE SOFTWAR,COM,874054109,6180,50481,SH,,DFND,01 02,0,50481,0
288,TAL ED GROUP,ADS REPSTG COM,874080104,8891,184459,SH,,DFND,BC 02,0,184459,0
289,TE CONNECTIVITY LTD,REG SHS,H84989104,171,1786,SH,,DFND,2,0,1786,0
290,TELADOC INC,COM,87918A105,93130,1112400,SH,,DFND,02 BA,0,1112400,0
291,TELEFLEX INC,COM,879369106,84149,223539,SH,,DFND,01 02 BA,0,212819,0
292,TENCENT MUSIC ENTMT GROUP,SPON ADS,88034P109,17324,1475597,SH,,DFND,01 02,0,1363580,112017
293,TESLA MOTORS INC,COM,88160R101,680673,1627120,SH,,DFND,01 02,225000,1367120,35000
294,TEXAS INSTRS INC,COM,882508104,146,1139,SH,,DFND,2,0,1139,0
295,CARLYLE GROUP L P,COM UTS LTD PTN,14309L102,100687,3138631,SH,,DFND,01 02,0,2976131,162500
296,SCHWAB CHARLES CORP NEW,COM,808513105,282845,5947109,SH,,DFND,01 02,187250,5453271,202000
297,CHEESECAKE FACTORY INC,COM,163072101,31088,800000,SH,,DFND,2,0,800000,0
298,COOPER COS INC,COM NEW,216648402,76265,237370,SH,,DFND,01 02 BA,0,227378,0
299,LAUDER ESTEE COS INC,COM,518439104,128,621,SH,,DFND,2,0,621,0
300,GOLDMAN SACHS GROUP INC,COM,38141G104,184,800,SH,,DFND,,800,0,0
301,SMUCKER J M CO,COM,832696405,26,251,SH,,DFND,,251,0,0
302,MADISON SQUARE GARDEN CO,CL A,55825T103,66257,225220,SH,,DFND,BC 02,0,225220,0
303,PROCTER & GAMBLE CO,COM,742718109,224,1796,SH,,DFND,,1796,0,0
304,THE REALREAL INC,COM,88339P101,14609,775000,SH,,DFND,2,0,775000,0
305,SHERWIN WILLIAMS CO,COM,824348106,6554,11232,SH,,DFND,01 02,0,11232,0
306,STARS GROUP INC,COM,85570w100,4855,186070,SH,,DFND,2,0,186070,0
307,TORO CO,COM,891092108,53996,677745,SH,,DFND,01 02,0,645642,0
308,THE TRADE DESK INC,COM CL A,88339J105,118953,457899,SH,,DFND,BC 01 02,0,452929,0
309,DISNEY WALT CO,COM DISNEY,254687106,241,1667,SH,,DFND,2,0,1667,0
310,THERAPEUTICSMD INC,COM,88338N107,9272,3831500,SH,,DFND,2,0,3831500,0
311,THERMO FISHER SCIENTIFIC INC,COM,883556102,871,2681,SH,,DFND,02 BA,0,2681,0
312,TIFFANY & CO NEW,COM,886547108,67703,506568,SH,,DFND,01 02,3000,479451,0
313,TOWER SEMICONDUCTOR LTD,COM,M87915274,3044,126500,SH,,DFND,2,0,126500,0
314,TPI COMPOSITES INC,COM,87266J104,13087,707000,SH,,DFND,2,0,707000,0
315,TRADEWEB MKTS INC,CL A,892672106,16827,363041,SH,,DFND,01 02,0,345547,0
316,TRANSDIGM GROUP INC,COM,893641100,95200,170000,SH,,DFND,2,0,170000,0
317,TRANSUNION,COM,89400J107,139707,1631895,SH,,DFND,01 02,0,1555519,0
318,TREX CO INC,COM,89531P105,239788,2667873,SH,,DFND,01 02,0,2564723,103150
319,TWILIO INC,CL A,90138F102,22232,226212,SH,,DFND,01 02,0,226212,0
320,UNIQURE NV,SHS,n90064101,113,1570,SH,,DFND,BA,0,1570,0
321,UNITEDHEALTH GROUP INC,COM,91324P102,1367,4650,SH,,DFND,02 BA,0,4650,0
322,UNIVAR INC,COM,91336L107,19392,800000,SH,,DFND,2,0,800000,0
323,VAIL RESORTS INC,COM,91879Q109,1091753,4552194,SH,,DFND,01 02,0,4265082,253500
324,VARONIS SYS INC,COM,922280102,10258,132000,SH,,DFND,2,0,132000,0
325,VEEVA SYS INC,CL A COM,922475108,98159,697846,SH,,DFND,01 02,0,673098,0
326,VERACYTE INC,COM,92337F107,14791,529770,SH,,DFND,01 02 BA,0,529770,0
327,VERISIGN INC,COM,92343E102,149611,776475,SH,,DFND,01 02,0,739313,0
328,VERISK ANALYTICS INC,CL A,92345Y106,237646,1591310,SH,,DFND,01 02,0,1520334,0
329,VERTEX PHARMACEUTICALS INC,COM,92532F100,15888,72563,SH,,DFND,01 02 BA,0,72563,0
330,VIEWRAY INC,COM,92672L107,8377,1985000,SH,,DFND,2,0,1985000,0
331,VIRGIN GALACTIC HOLDINGS INC,COM,92766K106,1732,150000,SH,,DFND,2,0,150000,0
332,VISA INC,COM CL A,92826C839,27790,147896,SH,,DFND,01 02,0,147896,0
333,VULCAN MATLS CO,COM,929160109,13662,94882,SH,,DFND,01 02,0,94882,0
334,WASTE CONNECTIONS INC,COM,94106B101,108948,1200000,SH,,DFND,2,0,1200000,0
335,WEST PHARMACEUTICAL SVSC INC,COM,955306105,223629,1487587,SH,,DFND,01 02 BA,0,1414994,40000
336,WEX INC,COM,96208T104,94257,450000,SH,,DFND,2,0,450000,0
337,WEYERHAEUSER CO,COM,962166104,9,303,SH,,DFND,2,0,303,0
338,WILLIS TOWERS WATSON PUB LTD,SHS,G96629103,87642,434000,SH,,DFND,01 02,0,413181,0
339,WINGSTOP INC,COM,974155103,4311,50000,SH,,DFND,2,0,50000,0
340,WIX COM LTD,SHS,M98068105,218581,1786087,SH,,DFND,BC 01 02,0,1734250,25936
341,WYNDHAM DESTINATIONS INC,COM,98310W108,1654,32000,SH,,DFND,1,0,32000,0
342,WYNN RESORTS LTD,COM,983134107,16728,120455,SH,,DFND,01 02,0,120455,0
343,XP INC,COM,G98239109,26964,700000,SH,,DFND,BC 01 02,0,657083,42917
344,YANDEX N V,SHS CLASS A,N97284108,34819,800613,SH,,DFND,01 02,0,739802,60811
345,YEXT INC,COM,98585N106,31986,2218164,SH,,DFND,01 02,0,2218164,0
346,ZAI LAB LTD,ADR,98887Q104,91435,2198490,SH,,DFND,01 02 BA,0,2040987,157503
347,ZILLOW GROUP INC,CL A,98954M101,134687,2944620,SH,,DFND,BC 01 02,0,2837120,107500
348,ZILLOW GROUP INC,CL C CAP STK,98954M200,59490,1294960,SH,,DFND,01 02,0,1237936,0
349,ZIMMER BIOMET HLDGS INC,COM,98956P102,539,3600,SH,,DFND,BA,0,3600,0
350,ZOETIS INC,CL A,98978V103,159,1200,SH,,DFND,BA,0,1200,0
351,ZOOM VIDEO COMMUNICATIONS IN,CL A,98980L101,2478,36427,SH,,DFND,01 02,0,36427,0
352,ZSCALER INC,COM,98980G102,3915,84186,SH,,DFND,2,0,84186,0
