,NAME OF ISSUER,TITLE OF CLASS,CUSIP,(x$1000),PRN AMT,PRN,CALL,DISCRETION,MANAGER,SOLE,SHARED,NONE
0,ADAPTIVE BIOTECHNOLOGIES COR,COM,00650F109,54242,1115411,SH,,SOLE,,1115411,0,0
1,AERCAP HOLDINGS NV,SHS,N00985106,35468,1408034,SH,,SOLE,,1408034,0,0
2,ALLIANCE DATA SYSTEMS CORP,COM,018581108,462,11000,SH,,SOLE,,11000,0,0
3,ALLY FINL INC,COM,02005N100,2231,89000,SH,,SOLE,,89000,0,0
4,ALPHABET INC,CAP STK CL C,02079K107,19972,13590,SH,,SOLE,,13590,0,0
5,ALPINE IMMUNE SCIENCES INC,COM,02083G100,1211,137728,SH,,SOLE,,137728,0,0
6,AMAZON COM INC,COM,023135106,2613,830,SH,,SOLE,,830,0,0
7,APOLLO GLOBAL MGMT INC,COM CL A,03768E105,7008,156602,SH,,SOLE,,156602,0,0
8,BANK OF NT BUTTERFIELD&SON L,SHS NEW,G0772R208,642,28800,SH,,SOLE,,28800,0,0
9,BLACKSTONE GROUP INC,COM CL A,09260D107,30876,591500,SH,,SOLE,,591500,0,0
10,CLOUDFLARE INC,CL A COM,18915M107,1642,40000,SH,,SOLE,,40000,0,0
11,CONTROLADORA VUELA COMP DE A,SPON ADR RP 10,21240E105,7139,990161,SH,,SOLE,,990161,0,0
12,CROWDSTRIKE HLDGS INC,CL A,22788C105,1565,11400,SH,,SOLE,,11400,0,0
13,ELASTIC N V,ORD SHS,N14506104,1446,13400,SH,,SOLE,,13400,0,0
14,EXPEDIA GROUP INC,COM NEW,30212P303,1485,16200,SH,,SOLE,,16200,0,0
15,FACEBOOK INC,CL A,30303M102,37897,144700,SH,,SOLE,,144700,0,0
16,LINX SA,SPONSORED ADS,53619W101,191,31000,SH,,SOLE,,31000,0,0
17,LYFT INC,CL A COM,55087P104,1212,44000,SH,,SOLE,,44000,0,0
18,MICRON TECHNOLOGY INC,COM,595112103,21348,454600,SH,,SOLE,,454600,0,0
19,MICROSOFT CORP,COM,594918104,33779,160600,SH,,SOLE,,160600,0,0
20,MOMO INC,ADR,60879B107,365,26500,SH,,SOLE,,26500,0,0
21,MONGODB INC,CL A,60937P106,625,2700,SH,,SOLE,,2700,0,0
22,OOMA INC,COM,683416101,9668,740854,SH,,SOLE,,740854,0,0
23,PING IDENTITY HLDG CORP,COM,72341T103,1495,47900,SH,,SOLE,,47900,0,0
24,QUALCOMM INC,COM,747525103,19241,163500,SH,,SOLE,,163500,0,0
25,RYANAIR HOLDINGS PLC,SPONSORED ADS,783513203,6698,81927,SH,,SOLE,,81927,0,0
26,SALESFORCE COM INC,COM,79466L302,13571,54000,SH,,SOLE,,54000,0,0
27,SEA LTD,SPONSORD ADS,81141R100,1771,11500,SH,,SOLE,,11500,0,0
28,SHOPIFY INC,CL A,82509L107,614,600,SH,,SOLE,,600,0,0
29,SLM CORP,COM,78442P106,16663,2059655,SH,,SOLE,,2059655,0,0
30,SPOTIFY TECHNOLOGY S A,SHS,L8681T102,2154,8879,SH,,SOLE,,8879,0,0
31,SQUARE INC,CL A,852234103,569,3500,SH,,SOLE,,3500,0,0
32,STONECO LTD,COM CL A,G85158106,513,9700,SH,,SOLE,,9700,0,0
33,SVMK INC,COM,78489X103,5281,238837,SH,,SOLE,,238837,0,0
34,SYNCHRONY FINANCIAL,COM,87165B103,1955,74700,SH,,SOLE,,74700,0,0
35,THE TRADE DESK INC,COM CL A,88339J105,778,1500,SH,,SOLE,,1500,0,0
36,UBER TECHNOLOGIES INC,COM,90353T100,1485,40700,SH,,SOLE,,40700,0,0
37,UNION PAC CORP,COM,907818108,1516,7700,SH,,SOLE,,7700,0,0
38,WELLS FARGO CO NEW,COM,949746101,1293,55000,SH,,SOLE,,55000,0,0
39,WORKDAY INC,CL A,98138H101,2539,11800,SH,,SOLE,,11800,0,0
