,NAME OF ISSUER,TITLE OF CLASS,CUSIP,(x$1000),PRN AMT,PRN,CALL,DISCRETION,MANAGER,SOLE,SHARED,NONE
0,ADOBE INC,COM,00724F101,15670,58800,SH,,SOLE,,58800,0,0
1,ALIBABA GROUP HLDG LTD,SPONSORED ADS,01609W102,11677,64000,SH,,SOLE,,64000,0,0
2,ALPHABET INC,CAP STK CL A,02079K305,3231,2745,SH,,SOLE,,2745,0,0
3,ALPHABET INC,CAP STK CL C,02079K107,15958,13601,SH,,SOLE,,13601,0,0
4,ALPINE IMMUNE SCIENCES INC,COM,02083G100,945,137728,SH,,SOLE,,137728,0,0
5,APOLLO GLOBAL MGMT LLC,CL A SHS,037612306,19478,689502,SH,,SOLE,,689502,0,0
6,BANK AMER CORP,COM,060505104,88288,3200000,SH,Call,SOLE,,3200000,0,0
7,BLACKSTONE GROUP L P,COM UNIT LTD,09253U108,32226,921547,SH,,SOLE,,921547,0,0
8,CAMPING WORLD HLDGS INC,CL A,13462K109,7897,567737,SH,,SOLE,,567737,0,0
9,CARNIVAL CORP,UNIT 99/99/9999,143658300,373,7350,SH,,SOLE,,7350,0,0
10,CONTROLADORA VUELA CIA DE AV,SPON ADR RP 10,21240E105,18138,2128833,SH,,SOLE,,2128833,0,0
11,DELTA AIR LINES INC DEL,COM NEW,247361702,4714,91260,SH,,SOLE,,91260,0,0
12,FACEBOOK INC,CL A,30303M102,19354,116110,SH,,SOLE,,116110,0,0
13,IQVIA HLDGS INC,COM,46266C105,949,6600,SH,,SOLE,,6600,0,0
14,ISHARES TR,1 3 YR TREAS BD,464287457,1362,16187,SH,,SOLE,,16187,0,0
15,JPMORGAN CHASE & CO,COM,46625H100,76712,757800,SH,Call,SOLE,,757800,0,0
16,MICROSOFT CORP,COM,594918104,23947,203040,SH,,SOLE,,203040,0,0
17,OOMA INC,COM,683416101,11495,868166,SH,,SOLE,,868166,0,0
18,ROYAL CARIBBEAN CRUISES LTD,COM,V7780T103,2016,17590,SH,,SOLE,,17590,0,0
19,RYANAIR HLDGS PLC,SPONSORED ADS,783513203,7291,97296,SH,,SOLE,,97296,0,0
20,SEALED AIR CORP NEW,COM,81211K100,551,11963,SH,,SOLE,,11963,0,0
21,SPOTIFY TECHNOLOGY S A,SHS,L8681T102,1472,10602,SH,,SOLE,,10602,0,0
