,NAME OF ISSUER,TITLE OF CLASS,CUSIP,(x$1000),PRN AMT,PRN,CALL,DISCRETION,MANAGER,SOLE,SHARED,NONE
0,ALPHABET INC,CAP STK CL C,02079K107,26115,33598,SH,,SOLE,,33598,0,0
1,ALPHABET INC,CAP STK CL A,02079K305,1927,2396,SH,,SOLE,,2396,0,0
2,AMBEV SA,SPONSORED ADR,02319V103,731,120000,SH,,SOLE,,120000,0,0
3,ANHEUSER BUSCH INBEV SA/NV,SPONSORED ADR,03524A108,1435,10919,SH,,SOLE,,10919,0,0
4,BLACKSTONE GROUP L P,COM UNIT LTD,09253U108,16349,640400,SH,,SOLE,,640400,0,0
5,BRISTOL MYERS SQUIBB CO,COM,110122108,21611,400800,SH,,SOLE,,400800,0,0
6,CARNIVAL CORP,UNIT 99/99/9999,143658300,359,7350,SH,,SOLE,,7350,0,0
7,CELGENE CORP,COM,151020104,38565,368940,SH,,SOLE,,368940,0,0
8,COMMSCOPE HLDG CO INC,COM,20337X109,25736,854734,SH,,SOLE,,854734,0,0
9,CONTROLADORA VUELA CIA DE AV,SPON ADR RP 10,21240E105,4951,284706,SH,,SOLE,,284706,0,0
10,DELTA AIR LINES INC DEL,COM NEW,247361702,4069,103375,SH,,SOLE,,103375,0,0
11,ENZYMOTEC LTD,SHS,M4059L101,4743,677548,SH,,SOLE,,677548,0,0
12,FACEBOOK INC,CL A,30303M102,25333,197500,SH,,SOLE,,197500,0,0
13,GILEAD SCIENCES INC,COM,375558103,3047,38511,SH,,SOLE,,38511,0,0
14,GOLDEN ENTMT INC,COM,381013101,935,75000,SH,,SOLE,,75000,0,0
15,HORIZON PHARMA PLC,SHS,G4617B105,12218,673933,SH,,SOLE,,673933,0,0
16,INTERNATIONAL GAME TECHNOLOG,SHS USD,G4863A108,853,35000,SH,,SOLE,,35000,0,0
17,ISHARES TR,1-3 YR TR BD ETF,464287457,1377,16187,SH,,SOLE,,16187,0,0
18,ITAU UNIBANCO HLDG SA,SPON ADR REP PFD,465562106,656,60000,SH,,SOLE,,60000,0,0
19,L BRANDS INC,COM,501797104,1415,20000,SH,,SOLE,,20000,0,0
20,MACROGENICS INC,COM,556099109,7958,266067,SH,,SOLE,,266067,0,0
21,MGM GROWTH PPTYS LLC,CL A COM,55303A105,1043,40000,SH,,SOLE,,40000,0,0
22,MGM RESORTS INTERNATIONAL,COM,552953101,1770,68000,SH,,SOLE,,68000,0,0
23,MICROSOFT CORP,COM,594918104,26398,458300,SH,,SOLE,,458300,0,0
24,NIVALIS THERAPEUTICS INC,COM,65481J109,5292,650915,SH,,SOLE,,650915,0,0
25,PANDORA MEDIA INC,COM,698354107,25441,1775400,SH,,SOLE,,1775400,0,0
26,PRICELINE GRP INC,COM NEW,741503403,24280,16500,SH,,SOLE,,16500,0,0
27,ROYAL CARIBBEAN CRUISES LTD,COM,V7780T103,20611,275000,SH,,SOLE,,275000,0,0
28,RYANAIR HLDGS PLC,SPONSORED ADR NE,783513203,7300,97296,SH,,SOLE,,97296,0,0
29,SEALED AIR CORP NEW,COM,81211K100,548,11963,SH,,SOLE,,11963,0,0
30,SHIRE PLC,SPONSORED ADR,82481R106,15151,78154,SH,,SOLE,,78154,0,0
31,SPDR S&P 500 ETF TR,TR UNIT,78462F103,84184,389200,SH,Put,SOLE,,389200,0,0
32,T2 BIOSYSTEMS INC,COM,89853L104,9467,1307639,SH,,SOLE,,1307639,0,0
33,WYNN RESORTS LTD,COM,983134107,1452,14900,SH,,SOLE,,14900,0,0
