,NAME OF ISSUER,TITLE OF CLASS,CUSIP,(x$1000),PRN AMT,PRN,CALL,DISCRETION,MANAGER,SOLE,SHARED,NONE
0,ACTIVISION BLIZZARD INC,COM,00507V109,1687,25000,SH,,SOLE,,25000,0,0
1,ADOBE SYS INC,COM,00724F101,40403,186980,SH,,SOLE,,186980,0,0
2,AGILENT TECHNOLOGIES INC,COM,00846U101,19133,286000,SH,,SOLE,,286000,0,0
3,ALIBABA GROUP HLDG LTD,SPONSORED ADS,01609W102,4644,25300,SH,,SOLE,,25300,0,0
4,ALPHABET INC,CAP STK CL A,02079K305,2847,2745,SH,,SOLE,,2745,0,0
5,ALPHABET INC,CAP STK CL C,02079K107,29172,28273,SH,,SOLE,,28273,0,0
6,ALPINE IMMUNE SCIENCES INC,COM,02083G100,1302,162728,SH,,SOLE,,162728,0,0
7,ALTRIA GROUP INC,COM,02209S103,623,10000,SH,,SOLE,,10000,0,0
8,AMAZON COM INC,COM,023135106,724,500,SH,,SOLE,,500,0,0
9,AMAZON COM INC,COM,023135106,2171,1500,SH,Call,SOLE,,1500,0,0
10,AMBEV SA,SPONSORED ADR,02319V103,1091,150000,SH,,SOLE,,150000,0,0
11,AMERICAN EXPRESS CO,COM,025816109,1996,21400,SH,,SOLE,,21400,0,0
12,ANHEUSER BUSCH INBEV SA/NV,SPONSORED ADR,03524A108,2199,20000,SH,,SOLE,,20000,0,0
13,ANTHEM INC,COM,036752103,9777,44500,SH,,SOLE,,44500,0,0
14,APOLLO GLOBAL MGMT LLC,CL A SHS,037612306,17366,586281,SH,,SOLE,,586281,0,0
15,APTIV PLC,SHS,G6095L109,1699,20000,SH,,SOLE,,20000,0,0
16,APTIV PLC,SHS,G6095L109,1275,15000,SH,Put,SOLE,,15000,0,0
17,APTIV PLC,SHS,G6095L109,850,10000,SH,Call,SOLE,,10000,0,0
18,BANK AMER CORP,COM,060505104,2999,100000,SH,Call,SOLE,,100000,0,0
19,BANK AMER CORP,COM,060505104,29375,979500,SH,,SOLE,,979500,0,0
20,BJS RESTAURANTS INC,COM,09180C106,305,6800,SH,Put,SOLE,,6800,0,0
21,BLACKSTONE GROUP L P,COM UNIT LTD,09253U108,34564,1081800,SH,,SOLE,,1081800,0,0
22,BOOT BARN HLDGS INC,COM,099406100,14031,791355,SH,,SOLE,,791355,0,0
23,BRIXMOR PPTY GROUP INC,COM,11120U105,2288,150000,SH,Call,SOLE,,150000,0,0
24,CAESARS ENTMT CORP,COM,127686103,675,60000,SH,,SOLE,,60000,0,0
25,CARMAX INC,COM,143130102,619,10000,SH,Put,SOLE,,10000,0,0
26,CARNIVAL CORP,UNIT 99/99/9999,143658300,482,7350,SH,,SOLE,,7350,0,0
27,CHIPOTLE MEXICAN GRILL INC,COM,169656105,6462,20000,SH,Put,SOLE,,20000,0,0
28,CISCO SYS INC,COM,17275R102,25176,587000,SH,,SOLE,,587000,0,0
29,CISCO SYS INC,COM,17275R102,5576,130000,SH,Call,SOLE,,130000,0,0
30,COLGATE PALMOLIVE CO,COM,194162103,1075,15000,SH,,SOLE,,15000,0,0
31,CONTROLADORA VUELA CIA DE AV,SPON ADR RP 10,21240E105,21144,2594405,SH,,SOLE,,2594405,0,0
32,DELTA AIR LINES INC DEL,COM NEW,247361702,5666,103375,SH,,SOLE,,103375,0,0
33,DENNYS CORP,COM,24869P104,2963,192000,SH,,SOLE,,192000,0,0
34,DICKS SPORTING GOODS INC,COM,253393102,631,18000,SH,,SOLE,,18000,0,0
35,DOMINOS PIZZA INC,COM,25754A201,1168,5000,SH,Call,SOLE,,5000,0,0
36,DOMINOS PIZZA INC,COM,25754A201,1168,5000,SH,,SOLE,,5000,0,0
37,DOMINOS PIZZA INC,COM,25754A201,1728,7400,SH,Put,SOLE,,7400,0,0
38,EBAY INC,COM,278642103,28856,717100,SH,,SOLE,,717100,0,0
39,EBAY INC,COM,278642103,14084,350000,SH,Call,SOLE,,350000,0,0
40,ELDORADO RESORTS INC,COM,28470R102,1056,32000,SH,,SOLE,,32000,0,0
41,EXPEDIA GROUP INC,COM NEW,30212P303,552,5000,SH,,SOLE,,5000,0,0
42,FACEBOOK INC,CL A,30303M102,31512,197210,SH,,SOLE,,197210,0,0
43,FULL HOUSE RESORTS INC,COM,359678109,963,300000,SH,,SOLE,,300000,0,0
44,GAMESTOP CORP NEW,CL A,36467W109,316,25000,SH,,SOLE,,25000,0,0
45,GENERAL MTRS CO,COM,37045V100,1454,40000,SH,,SOLE,,40000,0,0
46,GILEAD SCIENCES INC,COM,375558103,2903,38511,SH,,SOLE,,38511,0,0
47,GOLDEN ENTMT INC,COM,381013101,418,18000,SH,,SOLE,,18000,0,0
48,HANESBRANDS INC,COM,410345102,921,50000,SH,Call,SOLE,,50000,0,0
49,IQVIA HLDGS INC,COM,46266C105,26755,272700,SH,,SOLE,,272700,0,0
50,ISHARES TR,1 3 YR TREAS BD,464287457,1353,16187,SH,,SOLE,,16187,0,0
51,JPMORGAN CHASE & CO,COM,46625H100,32734,297660,SH,,SOLE,,297660,0,0
52,L BRANDS INC,COM,501797104,306,8000,SH,,SOLE,,8000,0,0
53,MGM RESORTS INTERNATIONAL,COM,552953101,1821,52000,SH,,SOLE,,52000,0,0
54,MICROSOFT CORP,COM,594918104,32961,361140,SH,,SOLE,,361140,0,0
55,MONDELEZ INTL INC,CL A,609207105,1252,30000,SH,,SOLE,,30000,0,0
56,NETAPP INC,COM,64110D104,1542,25000,SH,,SOLE,,25000,0,0
57,NETAPP INC,COM,64110D104,617,10000,SH,Put,SOLE,,10000,0,0
58,NETAPP INC,COM,64110D104,1851,30000,SH,Call,SOLE,,30000,0,0
59,NEW ORIENTAL ED & TECH GRP I,SPON ADR,647581107,3462,39500,SH,,SOLE,,39500,0,0
60,NORWEGIAN CRUISE LINE HLDGS,SHS,G66721104,23047,435100,SH,,SOLE,,435100,0,0
61,NUTANIX INC,CL A,67059N108,737,15000,SH,,SOLE,,15000,0,0
62,NUTANIX INC,CL A,67059N108,1842,37500,SH,Call,SOLE,,37500,0,0
63,OOMA INC,COM,683416101,13838,1269522,SH,,SOLE,,1269522,0,0
64,PAPA JOHNS INTL INC,COM,698813102,2785,48600,SH,,SOLE,,48600,0,0
65,PARTY CITY HOLDCO INC,COM,702149105,18583,1191213,SH,,SOLE,,1191213,0,0
66,PAYCOM SOFTWARE INC,COM,70432V102,3069,28580,SH,,SOLE,,28580,0,0
67,PAYPAL HLDGS INC,COM,70450Y103,25174,331810,SH,,SOLE,,331810,0,0
68,PAYPAL HLDGS INC,COM,70450Y103,3035,40000,SH,Call,SOLE,,40000,0,0
69,PITNEY BOWES INC,COM,724479100,272,25000,SH,Put,SOLE,,25000,0,0
70,POWERSHARES QQQ TRUST,UNIT SER 1,73935A104,19472,121600,SH,Put,SOLE,,121600,0,0
71,PURE STORAGE INC,CL A,74624M102,1999,100200,SH,Call,SOLE,,100200,0,0
72,PURE STORAGE INC,CL A,74624M102,798,40000,SH,,SOLE,,40000,0,0
73,PURE STORAGE INC,CL A,74624M102,499,25000,SH,Put,SOLE,,25000,0,0
74,PVH CORP,COM,693656100,1211,8000,SH,,SOLE,,8000,0,0
75,ROYAL CARIBBEAN CRUISES LTD,COM,V7780T103,34381,292010,SH,,SOLE,,292010,0,0
76,ROYAL CARIBBEAN CRUISES LTD,COM,V7780T103,29164,247700,SH,Call,SOLE,,247700,0,0
77,RYANAIR HLDGS PLC,SPONSORED ADR NE,783513203,11953,97296,SH,,SOLE,,97296,0,0
78,SCIENTIFIC GAMES CORP,COM,80874P109,1664,40000,SH,,SOLE,,40000,0,0
79,SEA LTD,ADR,81141R100,4818,427500,SH,,SOLE,,427500,0,0
80,SEALED AIR CORP NEW,COM,81211K100,512,11963,SH,,SOLE,,11963,0,0
81,SELECT SECTOR SPDR TR,TECHNOLOGY,81369Y803,2290,35000,SH,Put,SOLE,,35000,0,0
82,SERVICENOW INC,COM,81762P102,22412,135460,SH,,SOLE,,135460,0,0
83,SIMPLY GOOD FOODS CO,COM,82900L102,343,25000,SH,,SOLE,,25000,0,0
84,SOUTHWEST AIRLS CO,COM,844741108,573,10000,SH,Call,SOLE,,10000,0,0
85,SOUTHWEST AIRLS CO,COM,844741108,859,15000,SH,,SOLE,,15000,0,0
86,T2 BIOSYSTEMS INC,COM,89853L104,13094,2017572,SH,,SOLE,,2017572,0,0
87,TAL ED GROUP,SPONSORED ADS,874080104,1027,27700,SH,,SOLE,,27700,0,0
88,TWITTER INC,COM,90184L102,3133,108000,SH,,SOLE,,108000,0,0
89,ULTA BEAUTY INC,COM,90384S303,1103,5400,SH,Put,SOLE,,5400,0,0
90,UNITEDHEALTH GROUP INC,COM,91324P102,23754,111000,SH,,SOLE,,111000,0,0
91,VIPSHOP HLDGS LTD,SPONSORED ADR,92763W103,3036,182700,SH,,SOLE,,182700,0,0
92,WAYFAIR INC,CL A,94419L101,1351,20000,SH,Call,SOLE,,20000,0,0
93,WORKDAY INC,CL A,98138H101,20490,161200,SH,,SOLE,,161200,0,0
94,WYNN RESORTS LTD,COM,983134107,1824,10000,SH,,SOLE,,10000,0,0
95,XPO LOGISTICS INC,COM,983793100,1527,15000,SH,Call,SOLE,,15000,0,0
