,NAME OF ISSUER,TITLE OF CLASS,CUSIP,(x$1000),PRN AMT,PRN,CALL,DISCRETION,MANAGER,SOLE,SHARED,NONE
0,ACTIVISION BLIZZARD INC,COM,00507V109,1583,25000,SH,Call,SOLE,,25000,0,0
1,ACTIVISION BLIZZARD INC,COM,00507V109,1583,25000,SH,,SOLE,,25000,0,0
2,ADOBE SYS INC,COM,00724F101,33699,192300,SH,,SOLE,,192300,0,0
3,AGILENT TECHNOLOGIES INC,COM,00846U101,19153,286000,SH,,SOLE,,286000,0,0
4,ALIBABA GROUP HLDG LTD,SPONSORED ADS,01609W102,3914,22700,SH,,SOLE,,22700,0,0
5,ALPHABET INC,CAP STK CL A,02079K305,2892,2745,SH,,SOLE,,2745,0,0
6,ALPHABET INC,CAP STK CL C,02079K107,28643,27373,SH,,SOLE,,27373,0,0
7,ALPINE IMMUNE SCIENCES INC,COM,02083G100,1823,162728,SH,,SOLE,,162728,0,0
8,ALTRIA GROUP INC,COM,02209S103,714,10000,SH,,SOLE,,10000,0,0
9,ALTRIA GROUP INC,COM,02209S103,5356,75000,SH,Call,SOLE,,75000,0,0
10,AMBEV SA,SPONSORED ADR,02319V103,969,150000,SH,,SOLE,,150000,0,0
11,ANHEUSER BUSCH INBEV SA/NV,SPONSORED ADR,03524A108,1673,15000,SH,,SOLE,,15000,0,0
12,ANTHEM INC,COM,036752103,21938,97500,SH,,SOLE,,97500,0,0
13,APOLLO GLOBAL MGMT LLC,CL A SHS,037612306,22608,675481,SH,,SOLE,,675481,0,0
14,APTIV PLC,SHS,G6095L109,1103,13000,SH,,SOLE,,13000,0,0
15,APTIV PLC,SHS,G6095L109,1747,20600,SH,Put,SOLE,,20600,0,0
16,BANK AMER CORP,COM,060505104,25809,874300,SH,,SOLE,,874300,0,0
17,BEST BUY INC,COM,086516101,685,10000,SH,,SOLE,,10000,0,0
18,BLACKSTONE GROUP L P,COM UNIT LTD,09253U108,30406,949600,SH,,SOLE,,949600,0,0
19,CARNIVAL CORP,UNIT 99/99/9999,143658300,488,7350,SH,,SOLE,,7350,0,0
20,CISCO SYS INC,COM,17275R102,21218,554000,SH,,SOLE,,554000,0,0
21,COLGATE PALMOLIVE CO,COM,194162103,755,10000,SH,,SOLE,,10000,0,0
22,COMCAST CORP NEW,CL A,20030N101,23930,597500,SH,,SOLE,,597500,0,0
23,CONAGRA BRANDS INC,COM,205887102,1507,40000,SH,,SOLE,,40000,0,0
24,CONTROLADORA VUELA CIA DE AV,SPON ADR RP 10,21240E105,20807,2594405,SH,,SOLE,,2594405,0,0
25,DELPHI TECHNOLOGIES PLC,SHS,G2709G107,227,4333,SH,,SOLE,,4333,0,0
26,DELTA AIR LINES INC DEL,COM NEW,247361702,5789,103375,SH,,SOLE,,103375,0,0
27,DICKS SPORTING GOODS INC,COM,253393102,517,18000,SH,,SOLE,,18000,0,0
28,DOMINOS PIZZA INC,COM,25754A201,472,2500,SH,,SOLE,,2500,0,0
29,EBAY INC,COM,278642103,25784,683200,SH,,SOLE,,683200,0,0
30,ELDORADO RESORTS INC,COM,28470R102,497,15000,SH,,SOLE,,15000,0,0
31,FACEBOOK INC,CL A,30303M102,30088,170510,SH,,SOLE,,170510,0,0
32,GAP INC DEL,COM,364760108,852,25000,SH,Call,SOLE,,25000,0,0
33,GENERAL MTRS CO,COM,37045V100,1230,30000,SH,,SOLE,,30000,0,0
34,GILEAD SCIENCES INC,COM,375558103,2759,38511,SH,,SOLE,,38511,0,0
35,HANESBRANDS INC,COM,410345102,2091,100000,SH,Call,SOLE,,100000,0,0
36,HD SUPPLY HLDGS INC,COM,40416M105,400,10000,SH,,SOLE,,10000,0,0
37,HERTZ GLOBAL HLDGS INC,COM,42806J106,553,25000,SH,Call,SOLE,,25000,0,0
38,IQVIA HLDGS INC,COM,46266C105,25562,261100,SH,,SOLE,,261100,0,0
39,ISHARES TR,1 3 YR TREAS BD,464287457,1357,16187,SH,,SOLE,,16187,0,0
40,ITAU UNIBANCO HLDG SA,SPON ADR REP PFD,465562106,390,30000,SH,,SOLE,,30000,0,0
41,JPMORGAN CHASE & CO,COM,46625H100,23088,215900,SH,,SOLE,,215900,0,0
42,L BRANDS INC,COM,501797104,602,10000,SH,,SOLE,,10000,0,0
43,LOWES COS INC,COM,548661107,1394,15000,SH,,SOLE,,15000,0,0
44,MACROGENICS INC,COM,556099109,2431,127967,SH,,SOLE,,127967,0,0
45,MACYS INC,COM,55616P104,378,15000,SH,,SOLE,,15000,0,0
46,MELCO RESORT ENTERTAINMENT L,ADR,585464100,726,25000,SH,,SOLE,,25000,0,0
47,MGM RESORTS INTERNATIONAL,COM,552953101,1736,52000,SH,,SOLE,,52000,0,0
48,MICROSOFT CORP,COM,594918104,32885,384440,SH,,SOLE,,384440,0,0
49,MONDELEZ INTL INC,CL A,609207105,1284,30000,SH,,SOLE,,30000,0,0
50,NETAPP INC,COM,64110D104,1383,25000,SH,,SOLE,,25000,0,0
51,NORWEGIAN CRUISE LINE HLDGS,SHS,G66721104,11662,219000,SH,,SOLE,,219000,0,0
52,NUTANIX INC,CL A,67059N108,527,14945,SH,,SOLE,,14945,0,0
53,NUTANIX INC,CL A,67059N108,3528,100000,SH,Call,SOLE,,100000,0,0
54,OOMA INC,COM,683416101,15171,1269522,SH,,SOLE,,1269522,0,0
55,PAPA JOHNS INTL INC,COM,698813102,842,15000,SH,,SOLE,,15000,0,0
56,PAPA JOHNS INTL INC,COM,698813102,931,16600,SH,Call,SOLE,,16600,0,0
57,PAYPAL HLDGS INC,COM,70450Y103,12494,169710,SH,,SOLE,,169710,0,0
58,PENSKE AUTOMOTIVE GRP INC,COM,70959W103,718,15000,SH,,SOLE,,15000,0,0
59,POWERSHARES QQQ TRUST,UNIT SER 1,73935A104,71650,460000,SH,Call,SOLE,,460000,0,0
60,PVH CORP,COM,693656100,1098,8000,SH,,SOLE,,8000,0,0
61,ROYAL CARIBBEAN CRUISES LTD,COM,V7780T103,22641,189810,SH,,SOLE,,189810,0,0
62,RYANAIR HLDGS PLC,SPONSORED ADR NE,783513203,10137,97296,SH,,SOLE,,97296,0,0
63,SCIENTIFIC GAMES CORP,CL A,80874P109,1642,32000,SH,,SOLE,,32000,0,0
64,SEA LTD,ADR,81141R100,5092,382000,SH,,SOLE,,382000,0,0
65,SEALED AIR CORP NEW,COM,81211K100,590,11963,SH,,SOLE,,11963,0,0
66,SIMPLY GOOD FOODS CO,COM,82900L102,357,25000,SH,,SOLE,,25000,0,0
67,SKECHERS U S A INC,CL A,830566105,378,10000,SH,,SOLE,,10000,0,0
68,SOUTHWEST AIRLS CO,COM,844741108,982,15000,SH,,SOLE,,15000,0,0
69,SPDR S&P 500 ETF TR,TR UNIT,78462F103,10674,40000,SH,Put,SOLE,,40000,0,0
70,SPDR SERIES TRUST,S&P REGL BKG,78464A698,4414,75000,SH,Call,SOLE,,75000,0,0
71,SPDR SERIES TRUST,S&P RETAIL ETF,78464A714,9036,200000,SH,Call,SOLE,,200000,0,0
72,T2 BIOSYSTEMS INC,COM,89853L104,9566,2321800,SH,,SOLE,,2321800,0,0
73,TJX COS INC NEW,COM,872540109,2294,30000,SH,Call,SOLE,,30000,0,0
74,ULTA BEAUTY INC,COM,90384S303,447,2000,SH,,SOLE,,2000,0,0
75,VMWARE INC,CL A COM,928563402,627,5000,SH,Put,SOLE,,5000,0,0
76,WINGSTOP INC,COM,974155103,780,20000,SH,,SOLE,,20000,0,0
77,WYNN RESORTS LTD,COM,983134107,2360,14000,SH,,SOLE,,14000,0,0
