,NAME OF ISSUER,TITLE OF CLASS,CUSIP,(x$1000),PRN AMT,PRN,CALL,DISCRETION,MANAGER,SOLE,SHARED,NONE
0,3M CO,COM,88579Y101,271,1300,SH,,SOLE,1,1300,0,0
1,ABEONA THERAPEUTICS INC,*W EXP 12/24/201,00289Y115,851,250000,SH,,SOLE,1,250000,0,0
2,ABEONA THERAPEUTICS INC,COM,00289Y107,5739,896642,SH,,SOLE,1,896642,0,0
3,ABERCROMBIE & FITCH CO,CL A,002896207,170,13700,SH,,SOLE,1,13700,0,0
4,ACCENTURE PLC IRELAND,SHS CLASS A,G1151C101,260,2100,SH,,SOLE,1,2100,0,0
5,ACTIVISION BLIZZARD INC,COM,00507V109,3045,52900,SH,,SOLE,1,52900,0,0
6,ACTIVISION BLIZZARD INC,COM,00507V109,1727,30000,SH,Call,SOLE,1,30000,0,0
7,ADOBE SYS INC,COM,00724F101,226,1600,SH,,SOLE,1,1600,0,0
8,ADTALEM GLOBAL ED INC,COM,00737L103,29839,786279,SH,,SOLE,1,786279,0,0
9,AGILYSYS INC,COM,00847J105,1345,132935,SH,,SOLE,1,132935,0,0
10,AIRGAIN INC,COM,00938A104,2965,209105,SH,,SOLE,1,209105,0,0
11,AKAMAI TECHNOLOGIES INC,COM,00971T101,234,4700,SH,,SOLE,1,4700,0,0
12,ALASKA AIR GROUP INC,COM,011659109,341,3800,SH,,SOLE,1,3800,0,0
13,ALIBABA GROUP HLDG LTD,SPONSORED ADS,01609W102,27109,192400,SH,,SOLE,1,192400,0,0
14,ALLIANCE ONE INTL INC,COM NEW,018772301,520,36099,SH,,SOLE,1,36099,0,0
15,ALLOT COMMUNICATIONS LTD,SHS,M0854Q105,26600,5205437,SH,,SOLE,1,5205437,0,0
16,ALNYLAM PHARMACEUTICALS INC,COM,02043Q107,558,7000,SH,,SOLE,1,7000,0,0
17,ALPS ETF TR,ALERIAN MLP,00162Q866,6645,555600,SH,Put,SOLE,1,555600,0,0
18,ALTABA INC,COM,021346101,138650,2544969,SH,,SOLE,1,2544969,0,0
19,ALTICE USA INC,CL A,02156K103,22610,700000,SH,,SOLE,1,700000,0,0
20,AMAZON COM INC,COM,023135106,7260,7500,SH,,SOLE,1,7500,0,0
21,AMC NETWORKS INC,CL A,00164V103,326,6100,SH,,SOLE,1,6100,0,0
22,AMERICAN EAGLE OUTFITTERS NE,COM,02553E106,147,12200,SH,,SOLE,1,12200,0,0
23,AMERICAN TOWER CORP NEW,COM,03027X100,609,4600,SH,,SOLE,1,4600,0,0
24,AMERICAN WTR WKS CO INC NEW,COM,030420103,5998,76950,SH,,SOLE,1,76950,0,0
25,APPLE INC,COM,037833100,245,1700,SH,,SOLE,1,1700,0,0
26,ATHENAHEALTH INC,COM,04685W103,506,3600,SH,,SOLE,1,3600,0,0
27,BANK OF THE OZARKS INC,COM,063904106,347,7400,SH,,SOLE,1,7400,0,0
28,BARD C R INC,COM,067383109,14469,45772,SH,,SOLE,1,45772,0,0
29,BAZAARVOICE INC,COM,073271108,6468,1306666,SH,,SOLE,1,1306666,0,0
30,BECTON DICKINSON & CO,PFD SHS CONV A,075887208,11004,200660,SH,,SOLE,1,200660,0,0
31,BED BATH & BEYOND INC,COM,075896100,450,14800,SH,,SOLE,1,14800,0,0
32,BIO TECHNE CORP,COM,09073M104,235,2000,SH,,SOLE,1,2000,0,0
33,BIOMARIN PHARMACEUTICAL INC,COM,09061G101,227,2500,SH,,SOLE,1,2500,0,0
34,BRINKER INTL INC,COM,109641100,408,10700,SH,,SOLE,1,10700,0,0
35,BRUKER CORP,COM,116794108,551,19100,SH,,SOLE,1,19100,0,0
36,BUFFALO WILD WINGS INC,COM,119848109,418,3300,SH,,SOLE,1,3300,0,0
37,CABELAS INC,COM,126804301,1100,18520,SH,,SOLE,1,18520,0,0
38,CAESARS ACQUISITION CO,CL A,12768T103,108682,5705079,SH,,SOLE,1,5705079,0,0
39,CAESARS ENTMT CORP,COM,127686103,35477,2956417,SH,,SOLE,1,2956417,0,0
40,CALAMP CORP,NOTE 1.625% 5/1,128126AB5,36007,35172000,PRN,,SOLE,1,35172000,0,0
41,CALIFORNIA RES CORP,COM NEW,13057Q206,6669,780000,SH,,SOLE,1,780000,0,0
42,CALIX INC,COM,13100M509,2512,366666,SH,,SOLE,1,366666,0,0
43,CANADA GOOSE HOLDINGS INC,SHS SUB VTG,135086106,2469,125000,SH,,SOLE,1,125000,0,0
44,CARS COM INC,COM,14575E105,12909,484746,SH,,SOLE,1,484746,0,0
45,CHEMOURS CO,COM,163851108,360,9500,SH,,SOLE,1,9500,0,0
46,CHURCHILL DOWNS INC,COM,171484108,71007,387381,SH,,SOLE,1,387381,0,0
47,CME GROUP INC,COM,12572Q105,3757,30000,SH,,SOLE,1,30000,0,0
48,COGENT COMMUNICATIONS HLDGS,COM NEW,19239V302,361,9000,SH,,SOLE,1,9000,0,0
49,COLGATE PALMOLIVE CO,COM,194162103,10378,140000,SH,,SOLE,1,140000,0,0
50,COMMSCOPE HLDG CO INC,COM,20337X109,9508,250000,SH,,SOLE,1,250000,0,0
51,CONDUENT INC,COM,206787103,34094,2138870,SH,,SOLE,1,2138870,0,0
52,CONSOLIDATED COMM HLDGS INC,COM,209034107,981,45700,SH,,SOLE,1,45700,0,0
53,CORNERSTONE ONDEMAND INC,NOTE 1.500% 7/0,21925YAB9,28270,28060000,PRN,,SOLE,1,28060000,0,0
54,COSTAR GROUP INC,COM,22160N109,316,1200,SH,,SOLE,1,1200,0,0
55,COTY INC,COM CL A,222070203,2493,132900,SH,,SOLE,1,132900,0,0
56,CREDIT ACCEP CORP MICH,COM,225310101,6583,25600,SH,,SOLE,1,25600,0,0
57,CREDIT SUISSE GROUP,DEBT 6.250%12/3,H3698DAL8,7454,7000000,PRN,,SOLE,1,7000000,0,0
58,CROWN CASTLE INTL CORP NEW,COM,22822V101,9457,94400,SH,,SOLE,1,94400,0,0
59,DELL TECHNOLOGIES INC,COM CL V,24703L103,1442,23600,SH,,SOLE,1,23600,0,0
60,DILLARDS INC,CL A,254067101,450,7800,SH,,SOLE,1,7800,0,0
61,DINEEQUITY INC,COM,254423106,489,11100,SH,,SOLE,1,11100,0,0
62,DSP GROUP INC,COM,23332B106,425,36666,SH,,SOLE,1,36666,0,0
63,EASTMAN KODAK CO,*W EXP 09/03/201,277461133,4,8383,SH,,SOLE,1,8383,0,0
64,EASTMAN KODAK CO,*W EXP 09/03/201,277461141,3,8383,SH,,SOLE,1,8383,0,0
65,EASTMAN KODAK CO,COM NEW,277461406,220,24123,SH,,SOLE,1,24123,0,0
66,EDGEWELL PERS CARE CO,COM,28035Q102,35181,462786,SH,,SOLE,1,462786,0,0
67,EDWARDS LIFESCIENCES CORP,COM,28176E108,544,4600,SH,,SOLE,1,4600,0,0
68,EMERSON ELEC CO,COM,291011104,262,4400,SH,,SOLE,1,4400,0,0
69,ENDO INTL PLC,SHS,G30401106,2793,250000,SH,Put,SOLE,1,250000,0,0
70,EQT CORP,COM,26884L109,38416,655669,SH,,SOLE,1,655669,0,0
71,EQT CORP,COM,26884L109,28416,485000,SH,Call,SOLE,1,485000,0,0
72,ETSY INC,COM,29786A106,464,30900,SH,,SOLE,1,30900,0,0
73,EXA CORP,COM,300614500,19944,1445189,SH,,SOLE,1,1445189,0,0
74,EXFO INC,SUB VTG SHS,302046107,8068,1716666,SH,,SOLE,1,1716666,0,0
75,EXPRESS INC,COM,30219E103,174,25800,SH,,SOLE,1,25800,0,0
76,FACEBOOK INC,CL A,30303M102,71974,476713,SH,,SOLE,1,476713,0,0
77,FINISH LINE INC,CL A,317923100,449,31700,SH,,SOLE,1,31700,0,0
78,FIREEYE INC,COM,31816Q101,106,6966,SH,,SOLE,1,6966,0,0
79,FIREEYE INC,NOTE 1.000% 6/0,31816QAB7,232774,245672000,PRN,,SOLE,1,245672000,0,0
80,FIREEYE INC,NOTE 1.625% 6/0,31816QAD3,14650,16000000,PRN,,SOLE,1,16000000,0,0
81,FOOT LOCKER INC,COM,344849104,301,6100,SH,,SOLE,1,6100,0,0
82,FORTIVE CORP,COM,34959J108,266,4200,SH,,SOLE,1,4200,0,0
83,GENCO SHIPPING & TRADING LTD,SHS,Y2685T131,708,74783,SH,,SOLE,1,74783,0,0
84,GENERAL MLS INC,COM,370334104,20248,365493,SH,,SOLE,1,365493,0,0
85,GENPACT LIMITED,SHS,G3922B107,523,18800,SH,,SOLE,1,18800,0,0
86,GLU MOBILE INC,COM,379890106,181,72200,SH,,SOLE,1,72200,0,0
87,GROUPON INC,COM,399473107,270,70300,SH,,SOLE,1,70300,0,0
88,GUESS INC,COM,401617105,348,27200,SH,,SOLE,1,27200,0,0
89,GUIDANCE SOFTWARE INC,COM,401692108,1895,286666,SH,,SOLE,1,286666,0,0
90,HAWAIIAN HOLDINGS INC,COM,419879101,207,4400,SH,,SOLE,1,4400,0,0
91,HERC HLDGS INC,COM,42704L104,267,6800,SH,,SOLE,1,6800,0,0
92,HORTONWORKS INC,COM,440894103,443,34400,SH,,SOLE,1,34400,0,0
93,HUBSPOT INC,COM,443573100,329,5000,SH,,SOLE,1,5000,0,0
94,IAC INTERACTIVECORP,COM,44919P508,372,3600,SH,,SOLE,1,3600,0,0
95,IDENTIV INC,COM NEW,45170X205,1400,266666,SH,,SOLE,1,266666,0,0
96,INSEEGO CORP,NOTE 5.500% 6/1,45782BAA2,38389,52769000,PRN,,SOLE,1,52769000,0,0
97,INTELSAT S A,COM,L5140P101,122,40000,SH,,SOLE,1,40000,0,0
98,INTERCEPT PHARMACEUTICALS IN,COM,45845P108,218,1800,SH,,SOLE,1,1800,0,0
99,INTERXION HOLDING N.V,SHS,N47279109,16481,360000,SH,,SOLE,1,360000,0,0
100,IONIS PHARMACEUTICALS INC,COM,462222100,544,10700,SH,,SOLE,1,10700,0,0
101,ISHARES TR,JP MOR EM MK ETF,464288281,9949,87000,SH,,SOLE,1,87000,0,0
102,ISHARES TR,RUSSELL 2000 ETF,464287655,356824,2532100,SH,Put,SOLE,1,2532100,0,0
103,JDS UNIPHASE CORP,DBCV 0.625% 8/1,46612JAF8,52980,47757000,PRN,,SOLE,1,47757000,0,0
104,JUNIPER NETWORKS INC,COM,48203R104,312,11200,SH,,SOLE,1,11200,0,0
105,KATE SPADE & CO,COM,485865109,4582,247800,SH,,SOLE,1,247800,0,0
106,KELLOGG CO,COM,487836108,18907,272198,SH,,SOLE,1,272198,0,0
107,KEY ENERGY SVCS INC DEL,COM,49309J103,24021,1248468,SH,,SOLE,1,1248468,0,0
108,KRAFT HEINZ CO,COM,500754106,39457,460733,SH,,SOLE,1,460733,0,0
109,LAM RESEARCH CORP,COM,512807108,20578,145497,SH,,SOLE,1,145497,0,0
110,LAMB WESTON HLDGS INC,COM,513272104,14005,317999,SH,,SOLE,1,317999,0,0
111,LAREDO PETROLEUM INC,COM,516806106,1262,120000,SH,Call,SOLE,1,120000,0,0
112,LAS VEGAS SANDS CORP,COM,517834107,230,3600,SH,,SOLE,1,3600,0,0
113,LEVEL 3 COMMUNICATIONS INC,COM NEW,52729N308,7807,131650,SH,,SOLE,1,131650,0,0
114,LIBERTY BROADBAND CORP,COM SER C,530307305,671795,7744036,SH,,SOLE,1,7744036,0,0
115,LIBERTY GLOBAL PLC,SHS CL A,G5480U104,4015,125000,SH,,SOLE,1,125000,0,0
116,LIBERTY INTERACTIVE CORP,LBT VEN COM A NE,53071M856,5229,100000,SH,,SOLE,1,100000,0,0
117,MAKEMYTRIP LIMITED MAURITIUS,SHS,V5633W109,49279,1468811,SH,,SOLE,1,1468811,0,0
118,MARRIOTT INTL INC NEW,CL A,571903202,251,2500,SH,,SOLE,1,2500,0,0
119,MGM RESORTS INTERNATIONAL,COM,552953101,42242,1350000,SH,Put,SOLE,1,1350000,0,0
120,MICROSOFT CORP,COM,594918104,276,4000,SH,,SOLE,1,4000,0,0
121,MICROSTRATEGY INC,CL A NEW,594972408,481,2507,SH,,SOLE,1,2507,0,0
122,MOBILEYE N V AMSTELVEEN,ORD SHS,N51488117,7805,124290,SH,,SOLE,1,124290,0,0
123,MODEL N INC,COM,607525102,34659,2605966,SH,,SOLE,1,2605966,0,0
124,MONDELEZ INTL INC,CL A,609207105,58437,1353031,SH,,SOLE,1,1353031,0,0
125,MONSANTO CO NEW,COM,61166W101,14782,124889,SH,,SOLE,1,124889,0,0
126,MONSTER BEVERAGE CORP NEW,COM,61174X109,243,4900,SH,,SOLE,1,4900,0,0
127,NATIONAL INSTRS CORP,COM,636518102,539,13400,SH,,SOLE,1,13400,0,0
128,NEUROCRINE BIOSCIENCES INC,COM,64125C109,225,4900,SH,,SOLE,1,4900,0,0
129,NEW RELIC INC,COM,64829B100,508,11800,SH,,SOLE,1,11800,0,0
130,NEWSTAR FINANCIAL INC,COM,65251F105,11631,1107683,SH,,SOLE,1,1107683,0,0
131,NEXTERA ENERGY PARTNERS LP,COM UNIT PART IN,65341B106,12788,345709,SH,,SOLE,1,345709,0,0
132,NIKE INC,CL B,654106103,277,4700,SH,,SOLE,1,4700,0,0
133,NOMAD FOODS LTD,USD ORD SHS,G6564A105,30455,2158426,SH,,SOLE,1,2158426,0,0
134,NORDSTROM INC,COM,655664100,306,6400,SH,,SOLE,1,6400,0,0
135,NUANCE COMMUNICATIONS INC,DBCV 1.000%12/1,67020YAK6,34273,35379000,PRN,,SOLE,1,35379000,0,0
136,NUANCE COMMUNICATIONS INC,NOTE 2.750%11/0,67020YAF7,183644,183759000,PRN,,SOLE,1,183759000,0,0
137,NXP SEMICONDUCTORS N V,COM,N6596X109,39259,358690,SH,,SOLE,1,358690,0,0
138,O REILLY AUTOMOTIVE INC NEW,COM,67103H107,328,1500,SH,,SOLE,1,1500,0,0
139,ORBITAL ATK INC,COM,68557N103,492,5000,SH,,SOLE,1,5000,0,0
140,PANERA BREAD CO,CL A,69840W108,315,1000,SH,,SOLE,1,1000,0,0
141,PAPA JOHNS INTL INC,COM,698813102,567,7900,SH,,SOLE,1,7900,0,0
142,PAYPAL HLDGS INC,COM,70450Y103,37967,707413,SH,,SOLE,1,707413,0,0
143,PEABODY ENERGY CORP NEW,COM,704551100,4520,184863,SH,,SOLE,1,184863,0,0
144,PHYSICIANS RLTY TR,COM,71943U104,2983,148100,SH,,SOLE,1,148100,0,0
145,PLAINS GP HLDGS L P,LTD PARTNR INT A,72651A207,17046,651600,SH,,SOLE,1,651600,0,0
146,PLAINS GP HLDGS L P,LTD PARTNR INT A,72651A207,17004,650000,SH,Put,SOLE,1,650000,0,0
147,POWERSHARES QQQ TRUST,UNIT SER 1,73935A104,1007525,7320000,SH,Put,SOLE,1,7320000,0,0
148,PROS HOLDINGS INC,NOTE 2.000%12/0,74346YAB9,72709,68352000,PRN,,SOLE,1,68352000,0,0
149,QUANTUM CORP,COM NEW,747906501,5363,686666,SH,,SOLE,1,686666,0,0
150,RAPID7 INC,COM,753422104,4256,252889,SH,,SOLE,1,252889,0,0
151,REX ENERGY CORPORATION,COM NEW,761565506,48,16500,SH,,SOLE,1,16500,0,0
152,REYNOLDS AMERICAN INC,COM,761713106,42755,657370,SH,,SOLE,1,657370,0,0
153,ROVI CORP,NOTE 0.500% 3/0,779376AD4,163433,165607000,PRN,,SOLE,1,165607000,0,0
154,ROYAL BK SCOTLAND GROUP PLC,NOTE 8.625%12/3,780097BB6,14203,13000000,PRN,,SOLE,1,13000000,0,0
155,SBA COMMUNICATIONS CORP NEW,CL A,78410G104,14839,110000,SH,,SOLE,1,110000,0,0
156,SCRIPPS NETWORKS INTERACT IN,CL A COM,811065101,273,4000,SH,,SOLE,1,4000,0,0
157,SELECT SECTOR SPDR TR,ENERGY,81369Y506,7615,117300,SH,,SOLE,1,117300,0,0
158,SERVICENOW INC,COM,81762P102,5300,50000,SH,,SOLE,1,50000,0,0
159,SERVICESOURCE INTL INC,COM,81763U100,3906,1006666,SH,,SOLE,1,1006666,0,0
160,SERVICESOURCE INTL INC,NOTE 1.500% 8/0,81763UAB6,111907,113828000,PRN,,SOLE,1,113828000,0,0
161,SIGMA DESIGNS INC,COM,826565103,26941,4605326,SH,,SOLE,1,4605326,0,0
162,SNAP INC,CL A,83304A106,27544,1550000,SH,,SOLE,1,1550000,0,0
163,SOUTHWEST AIRLS CO,COM,844741108,286,4600,SH,,SOLE,1,4600,0,0
164,SPDR S&P 500 ETF TR,TR UNIT,78462F103,2660,11000,SH,,SOLE,1,11000,0,0
165,SPDR S&P 500 ETF TR,TR UNIT,78462F103,49811,206000,SH,Call,SOLE,1,206000,0,0
166,SPDR S&P 500 ETF TR,TR UNIT,78462F103,424818,1756900,SH,Put,SOLE,1,1756900,0,0
167,SPDR SERIES TRUST,S&P OILGAS EXP,78464A730,7820,245000,SH,Call,SOLE,1,245000,0,0
168,SPIRIT AIRLS INC,COM,848577102,522,10100,SH,,SOLE,1,10100,0,0
169,STAMPS COM INC,COM NEW,852857200,201,1300,SH,,SOLE,1,1300,0,0
170,STANDARD CHARTERED PLC,DEBT 7.500%12/3,G84228CQ9,10725,10000000,PRN,,SOLE,1,10000000,0,0
171,STANDARD CHARTERED PLC,DEBT 7.750%12/3,G84228CX4,10763,10000000,PRN,,SOLE,1,10000000,0,0
172,STANLEY BLACK & DECKER INC,UNIT 05/15/2020,854502887,3621,33000,SH,,SOLE,1,33000,0,0
173,STAPLES INC,COM,855030102,1999,198500,SH,,SOLE,1,198500,0,0
174,T MOBILE US INC,COM,872590104,3364,55500,SH,,SOLE,1,55500,0,0
175,T MOBILE US INC,COM,872590104,16082,265300,SH,Call,SOLE,1,265300,0,0
176,TABLEAU SOFTWARE INC,CL A,87336U105,337,5500,SH,,SOLE,1,5500,0,0
177,TAKE-TWO INTERACTIVE SOFTWAR,COM,874054109,15505,211300,SH,,SOLE,1,211300,0,0
178,TARGA RES CORP,COM,87612G101,14469,320100,SH,,SOLE,1,320100,0,0
179,TEVA PHARMACEUTICAL INDS LTD,SPONSORED ADR,881624209,19932,600000,SH,Put,SOLE,1,600000,0,0
180,TIME WARNER INC,COM NEW,887317303,59978,597327,SH,,SOLE,1,597327,0,0
181,TIVO CORP,COM,88870P106,91540,4908293,SH,,SOLE,1,4908293,0,0
182,TOLL BROTHERS INC,COM,889478103,4285,108456,SH,,SOLE,1,108456,0,0
183,TRIPADVISOR INC,COM,896945201,11711,306580,SH,,SOLE,1,306580,0,0
184,TWITTER INC,COM,90184L102,431,24100,SH,,SOLE,1,24100,0,0
185,TWITTER INC,NOTE 0.250% 9/1,90184LAB8,85889,90469000,PRN,,SOLE,1,90469000,0,0
186,US FOODS HLDG CORP,COM,912008109,229,8400,SH,,SOLE,1,8400,0,0
187,VALEANT PHARMACEUTICALS INTL,COM,91911K102,28545,1650000,SH,Put,SOLE,1,1650000,0,0
188,VARIAN MED SYS INC,COM,92220P105,526,5100,SH,,SOLE,1,5100,0,0
189,VERIZON COMMUNICATIONS INC,COM,92343V104,286,6400,SH,,SOLE,1,6400,0,0
190,VIAVI SOLUTIONS INC,COM,925550105,38610,3666666,SH,,SOLE,1,3666666,0,0
191,WABTEC CORP,COM,929740108,265,2900,SH,,SOLE,1,2900,0,0
192,WAL-MART STORES INC,COM,931142103,310,4100,SH,,SOLE,1,4100,0,0
193,WEB COM GROUP INC,NOTE 1.000% 8/1,94733AAA2,25728,25552000,PRN,,SOLE,1,25552000,0,0
194,WEBMD HEALTH CORP,COM,94770V102,311,5300,SH,,SOLE,1,5300,0,0
195,WENDYS CO,COM,95058W100,420,27100,SH,,SOLE,1,27100,0,0
196,WHOLE FOODS MKT INC,COM,966837106,1474,35000,SH,,SOLE,1,35000,0,0
197,WHOLE FOODS MKT INC,COM,966837106,2106,50000,SH,Call,SOLE,1,50000,0,0
198,WILLIAMS COS INC DEL,COM,969457100,47330,1563069,SH,,SOLE,1,1563069,0,0
199,XYLEM INC,COM,98419M100,277,5000,SH,,SOLE,1,5000,0,0
200,YELP INC,CL A,985817105,354,11800,SH,,SOLE,1,11800,0,0
201,ZAYO GROUP HLDGS INC,COM,98919V105,408,13200,SH,,SOLE,1,13200,0,0
202,ZOETIS INC,CL A,98978V103,43789,701969,SH,,SOLE,1,701969,0,0
