,NAME OF ISSUER,TITLE OF CLASS,CUSIP,(x$1000),PRN AMT,PRN,CALL,DISCRETION,MANAGER,SOLE,SHARED,NONE
0,3M CO,COM,88579Y101,588,2500,SH,,SOLE,1,2500,0,0
1,ACTIVISION BLIZZARD INC,COM,00507V109,374,5900,SH,,SOLE,1,5900,0,0
2,ADTALEM GLOBAL ED INC,COM,00737L103,5206,123810,SH,,SOLE,1,123810,0,0
3,ADVANCED MICRO DEVICES INC,COM,007903107,270,26300,SH,,SOLE,1,26300,0,0
4,AETNA INC NEW,COM,00817Y108,35898,199000,SH,,SOLE,1,199000,0,0
5,AIRGAIN INC,COM,00938A104,1815,201939,SH,,SOLE,1,201939,0,0
6,ALLIANCE ONE INTL INC,COM NEW,018772301,478,36099,SH,,SOLE,1,36099,0,0
7,ALLISON TRANSMISSION HLDGS I,COM,01973R101,736,17100,SH,,SOLE,1,17100,0,0
8,ALLOT COMMUNICATIONS LTD,SHS,M0854Q105,28175,5286063,SH,,SOLE,1,5286063,0,0
9,ALPHABET INC,CAP STK CL A,02079K305,4846,4600,SH,,SOLE,1,4600,0,0
10,ALPS ETF TR,ALERIAN MLP,00162Q866,86547,8021000,SH,,SOLE,1,8021000,0,0
11,ALTABA INC,COM,021346101,180448,2583369,SH,,SOLE,1,2583369,0,0
12,AMERICAN EAGLE OUTFITTERS NE,COM,02553E106,24029,1278162,SH,,SOLE,1,1278162,0,0
13,AMERISOURCEBERGEN CORP,COM,03073E105,459,5000,SH,,SOLE,1,5000,0,0
14,ANAPTYSBIO INC,COM,032724106,6275,62300,SH,,SOLE,1,62300,0,0
15,ANSYS INC,COM,03662Q105,915,6200,SH,,SOLE,1,6200,0,0
16,ARCONIC INC,COM,03965L100,662,24300,SH,,SOLE,1,24300,0,0
17,AT&T INC,COM,00206R102,2430,62500,SH,Call,SOLE,1,62500,0,0
18,ATHENAHEALTH INC,COM,04685W103,399,3000,SH,,SOLE,1,3000,0,0
19,ATHENE HLDG LTD,CL A,G0684D107,202,3900,SH,,SOLE,1,3900,0,0
20,ATMOS ENERGY CORP,COM,049560105,387,4500,SH,,SOLE,1,4500,0,0
21,BANK AMER CORP,COM,060505104,7811,264600,SH,,SOLE,1,264600,0,0
22,BAXTER INTL INC,COM,071813109,12928,200000,SH,,SOLE,1,200000,0,0
23,BECTON DICKINSON & CO,COM,075887109,450,2100,SH,,SOLE,1,2100,0,0
24,BROOKFIELD BUSINESS PARTNERS,UNIT LTD LP,G16234109,7276,210769,SH,,SOLE,1,210769,0,0
25,CAESARS ENTMT CORP,COM,127686103,436405,34498395,SH,,SOLE,1,34498395,0,0
26,CAESARS ENTMT CORP,NOTE 5.000%10/0,127686AA1,133455,68813433,PRN,,SOLE,1,68813433,0,0
27,CALIFORNIA RES CORP,COM NEW,13057Q206,31682,1629724,SH,,SOLE,1,1629724,0,0
28,CANADIAN NAT RES LTD,COM,136385101,10952,306600,SH,,SOLE,1,306600,0,0
29,CAVIUM INC,COM,14964U108,2800,33400,SH,,SOLE,1,33400,0,0
30,CBS CORP NEW,CL B,124857202,26550,450000,SH,,SOLE,1,450000,0,0
31,CDK GLOBAL INC,COM,12508E101,364,5100,SH,,SOLE,1,5100,0,0
32,CEMEX SAB DE CV,NOTE 3.720% 3/1,151290BT9,17765,17000000,PRN,,SOLE,1,17000000,0,0
33,CEMEX SAB DE CV,NOTE 3.720% 3/1,151290BR3,15563,15000000,PRN,,SOLE,1,15000000,0,0
34,CENOVUS ENERGY INC,COM,15135U109,4565,500000,SH,,SOLE,1,500000,0,0
35,CENTURYLINK INC,COM,156700106,18393,1102725,SH,,SOLE,1,1102725,0,0
36,CHARTER COMMUNICATIONS INC N,CL A,16119P108,16563,49300,SH,,SOLE,1,49300,0,0
37,CHARTER COMMUNICATIONS INC N,CL A,16119P108,8399,25000,SH,Call,SOLE,1,25000,0,0
38,CHURCHILL DOWNS INC,COM,171484108,27518,118254,SH,,SOLE,1,118254,0,0
39,CIENA CORP,DEBT 4.000%12/1,171779AK7,6538,5000000,PRN,,SOLE,1,5000000,0,0
40,CIENA CORP,NOTE 3.750%10/1,171779AJ0,11650,10000000,PRN,,SOLE,1,10000000,0,0
41,CIGNA CORPORATION,COM,125509109,24736,121800,SH,,SOLE,1,121800,0,0
42,CME GROUP INC,COM CL A,12572Q105,4382,30000,SH,,SOLE,1,30000,0,0
43,COMCAST CORP NEW,CL A,20030N101,28035,700000,SH,,SOLE,1,700000,0,0
44,COMCAST CORP NEW,CL A,20030N101,9011,225000,SH,Call,SOLE,1,225000,0,0
45,COMERICA INC,COM,200340107,17868,205824,SH,,SOLE,1,205824,0,0
46,COOPER COS INC,COM NEW,216648402,545,2500,SH,,SOLE,1,2500,0,0
47,CORNERSTONE ONDEMAND INC,COM,21925Y103,1666,47143,SH,,SOLE,1,47143,0,0
48,COTY INC,COM CL A,222070203,2588,130100,SH,,SOLE,1,130100,0,0
49,CROWN CASTLE INTL CORP NEW,6.875% CON PFD A,22822V309,16932,15000,SH,,SOLE,1,15000,0,0
50,CROWN CASTLE INTL CORP NEW,COM,22822V101,22391,201700,SH,,SOLE,1,201700,0,0
51,DAVE & BUSTERS ENTMT INC,COM,238337109,32572,590400,SH,,SOLE,1,590400,0,0
52,DELL TECHNOLOGIES INC,COM CL V,24703L103,4763,58600,SH,,SOLE,1,58600,0,0
53,DENBURY RES INC,COM NEW,247916208,15422,6978405,SH,,SOLE,1,6978405,0,0
54,DEXCOM INC,COM,252131107,218,3800,SH,,SOLE,1,3800,0,0
55,DISH NETWORK CORP,NOTE 3.375% 8/1,25470MAB5,33809,31000000,PRN,,SOLE,1,31000000,0,0
56,DISNEY WALT CO,COM DISNEY,254687106,26878,250000,SH,Call,SOLE,1,250000,0,0
57,DOMINOS PIZZA INC,COM,25754A201,472,2500,SH,,SOLE,1,2500,0,0
58,DONALDSON INC,COM,257651109,303,6200,SH,,SOLE,1,6200,0,0
59,EASTMAN KODAK CO,*W EXP 09/03/201,277461141,0,8383,SH,,SOLE,1,8383,0,0
60,EASTMAN KODAK CO,*W EXP 09/03/201,277461133,0,8383,SH,,SOLE,1,8383,0,0
61,EASTMAN KODAK CO,COM NEW,277461406,75,24123,SH,,SOLE,1,24123,0,0
62,EDGEWELL PERS CARE CO,COM,28035Q102,4116,69300,SH,,SOLE,1,69300,0,0
63,EMERSON ELEC CO,COM,291011104,321,4600,SH,,SOLE,1,4600,0,0
64,ENDO INTL PLC,SHS,G30401106,15500,2000000,SH,Put,SOLE,1,2000000,0,0
65,ENERGEN CORP,COM,29265N108,5757,100000,SH,,SOLE,1,100000,0,0
66,ENERGEN CORP,COM,29265N108,8348,145000,SH,Call,SOLE,1,145000,0,0
67,EQT CORP,COM,26884L109,60661,1065716,SH,,SOLE,1,1065716,0,0
68,EQT CORP,COM,26884L109,14236,250100,SH,Call,SOLE,1,250100,0,0
69,EXFO INC,SUB VTG SHS,302046107,4757,1093500,SH,,SOLE,1,1093500,0,0
70,EXTRA SPACE STORAGE INC,COM,30225T102,22903,261894,SH,,SOLE,1,261894,0,0
71,EXTRACTION OIL AND GAS INC,COM,30227M105,4150,290000,SH,,SOLE,1,290000,0,0
72,FGL HLDGS,ORD SHS,G3402M102,35355,3510938,SH,,SOLE,1,3510938,0,0
73,FGL HLDGS,*W EXP 11/30/202,G3402M110,0,1000000,SH,,SOLE,1,1000000,0,0
74,FIAT CHRYSLER AUTOMOBILES N,SHS,N31738102,9896,554731,SH,,SOLE,1,554731,0,0
75,FIREEYE INC,NOTE 1.000% 6/0,31816QAB7,193075,205672000,PRN,,SOLE,1,205672000,0,0
76,FIRST INDUSTRIAL REALTY TRUS,COM,32054K103,387,12300,SH,,SOLE,1,12300,0,0
77,FORTINET INC,COM,34959E109,896,20500,SH,,SOLE,1,20500,0,0
78,GAP INC DEL,COM,364760108,34005,998391,SH,,SOLE,1,998391,0,0
79,GENCO SHIPPING & TRADING LTD,SHS,Y2685T131,996,74783,SH,,SOLE,1,74783,0,0
80,GENERAL ELECTRIC CO,COM,369604103,749,42900,SH,,SOLE,1,42900,0,0
81,GENERAL MTRS CO,COM,37045V100,24598,600109,SH,,SOLE,1,600109,0,0
82,GRIDSUM HLDG INC,ADR REPSG CL B,398132100,1373,150000,SH,,SOLE,1,150000,0,0
83,GRUBHUB INC,COM,400110102,12687,176700,SH,,SOLE,1,176700,0,0
84,HALLIBURTON CO,COM,406216101,31399,642500,SH,,SOLE,1,642500,0,0
85,HALLIBURTON CO,COM,406216101,48870,1000000,SH,Call,SOLE,1,1000000,0,0
86,HANESBRANDS INC,COM,410345102,293,14000,SH,,SOLE,1,14000,0,0
87,HEICO CORP NEW,COM,422806109,745,7900,SH,,SOLE,1,7900,0,0
88,HERITAGE INS HLDGS INC,COM,42727J102,11200,621647,SH,,SOLE,1,621647,0,0
89,HP INC,COM,40434L105,347,16500,SH,,SOLE,1,16500,0,0
90,IDENTIV INC,COM NEW,45170X205,496,148500,SH,,SOLE,1,148500,0,0
91,IDEXX LABS INC,COM,45168D104,391,2500,SH,,SOLE,1,2500,0,0
92,IHS MARKIT LTD,SHS,G47567105,348,7700,SH,,SOLE,1,7700,0,0
93,ILG INC,COM,44967H101,776,27234,SH,,SOLE,1,27234,0,0
94,INSEEGO CORP,NOTE 5.500% 6/1,45782BAA2,39320,47769000,PRN,,SOLE,1,47769000,0,0
95,INTERXION HOLDING N.V,SHS,N47279109,23867,405000,SH,,SOLE,1,405000,0,0
96,INVITATION HOMES INC,COM,46187W107,5072,215200,SH,,SOLE,1,215200,0,0
97,ISHARES TR,NASDAQ BIOTECH,464287556,2210,20700,SH,,SOLE,1,20700,0,0
98,ISHARES TR,RUSSELL 2000 ETF,464287655,83762,549400,SH,Put,SOLE,1,549400,0,0
99,JDS UNIPHASE CORP,DBCV 0.625% 8/1,46612JAF8,11874,11500000,PRN,,SOLE,1,11500000,0,0
100,KENNEDY-WILSON HLDGS INC,COM,489398107,106865,6159366,SH,,SOLE,1,6159366,0,0
101,KEY ENERGY SVCS INC DEL,COM,49309J103,5422,459917,SH,,SOLE,1,459917,0,0
102,LABORATORY CORP AMER HLDGS,COM NEW,50540R409,17387,109000,SH,,SOLE,1,109000,0,0
103,LAM RESEARCH CORP,COM,512807108,49631,269632,SH,,SOLE,1,269632,0,0
104,LEIDOS HLDGS INC,COM,525327102,368,5700,SH,,SOLE,1,5700,0,0
105,LIBERTY BROADBAND CORP,COM SER C,530307305,659482,7744036,SH,,SOLE,1,7744036,0,0
106,LIBERTY GLOBAL PLC,SHS CL A,G5480U104,10752,300000,SH,,SOLE,1,300000,0,0
107,LIBERTY INTERACTIVE CORP,LBT VEN COM A NE,53071M856,21804,402000,SH,,SOLE,1,402000,0,0
108,LIBERTY MEDIA CORP DELAWARE,DEB 2.250% 9/3,531229AE2,20925,20000000,PRN,,SOLE,1,20000000,0,0
109,LIONS GATE ENTMNT CORP,CL A VTG,535919401,13524,400000,SH,,SOLE,1,400000,0,0
110,LIVANOVA PLC,SHS,G5509L101,23830,298168,SH,,SOLE,1,298168,0,0
111,LPL FINL HLDGS INC,COM,50212V100,8462,148100,SH,,SOLE,1,148100,0,0
112,MARKETAXESS HLDGS INC,COM,57060D108,646,3200,SH,,SOLE,1,3200,0,0
113,MARTIN MARIETTA MATLS INC,COM,573284106,4730,21400,SH,,SOLE,1,21400,0,0
114,MARVELL TECHNOLOGY GROUP LTD,ORD,G5876H105,6441,300000,SH,,SOLE,1,300000,0,0
115,MAXIM INTEGRATED PRODS INC,COM,57772K101,706,13500,SH,,SOLE,1,13500,0,0
116,MCKESSON CORP,COM,58155Q103,8811,56500,SH,,SOLE,1,56500,0,0
117,METROPOLITAN BK HLDG CORP,COM,591774104,1878,44600,SH,,SOLE,1,44600,0,0
118,MGIC INVT CORP WIS,COM,552848103,2877,203900,SH,,SOLE,1,203900,0,0
119,MICROSOFT CORP,COM,594918104,4936,57700,SH,,SOLE,1,57700,0,0
120,MODEL N INC,COM,607525102,6091,386761,SH,,SOLE,1,386761,0,0
121,MOLINA HEALTHCARE INC,COM,60855R100,2400,31300,SH,,SOLE,1,31300,0,0
122,MONSANTO CO NEW,COM,61166W101,20405,174729,SH,,SOLE,1,174729,0,0
123,MOTOROLA SOLUTIONS INC,COM NEW,620076307,678,7500,SH,,SOLE,1,7500,0,0
124,NATIONAL BEVERAGE CORP,COM,635017106,429,4400,SH,,SOLE,1,4400,0,0
125,NETFLIX INC,COM,64110L106,13725,71500,SH,,SOLE,1,71500,0,0
126,NOBLE ENERGY INC,COM,655044105,2914,100000,SH,,SOLE,1,100000,0,0
127,NOMAD FOODS LTD,USD ORD SHS,G6564A105,15526,918132,SH,,SOLE,1,918132,0,0
128,NORDSON CORP,COM,655663102,747,5100,SH,,SOLE,1,5100,0,0
129,NUANCE COMMUNICATIONS INC,DBCV 1.000%12/1,67020YAK6,8883,9259000,PRN,,SOLE,1,9259000,0,0
130,NXP SEMICONDUCTORS N V,COM,N6596X109,61219,522840,SH,,SOLE,1,522840,0,0
131,OASIS PETE INC NEW,COM,674215108,6728,800000,SH,,SOLE,1,800000,0,0
132,OCEAN RIG UDW INC,COM CL A,G66964118,7420,276875,SH,,SOLE,1,276875,0,0
133,ONEOK INC NEW,COM,682680103,10690,200000,SH,,SOLE,1,200000,0,0
134,ORBITAL ATK INC,COM,68557N103,3261,24800,SH,,SOLE,1,24800,0,0
135,OVERSTOCK COM INC DEL,COM,690370101,157973,2472188,SH,,SOLE,1,2472188,0,0
136,PACKAGING CORP AMER,COM,695156109,386,3200,SH,,SOLE,1,3200,0,0
137,PAMPA ENERGIA S A,SPONS ADR LVL I,697660207,6728,100000,SH,,SOLE,1,100000,0,0
138,PAYCHEX INC,COM,704326107,300,4400,SH,,SOLE,1,4400,0,0
139,PEABODY ENERGY CORP NEW,8.5% PFD CONV A,704551407,3925,52963,SH,,SOLE,1,52963,0,0
140,PEABODY ENERGY CORP NEW,COM,704551100,574,14582,SH,,SOLE,1,14582,0,0
141,PLAINS GP HLDGS L P,LTD PARTNR INT A,72651A207,3293,150000,SH,,SOLE,1,150000,0,0
142,PRA GROUP INC,COM,69354N106,4735,142615,SH,,SOLE,1,142615,0,0
143,PRICELINE GRP INC,COM NEW,741503403,521,300,SH,,SOLE,1,300,0,0
144,PUMA BIOTECHNOLOGY INC,COM,74587V107,6682,67600,SH,,SOLE,1,67600,0,0
145,QUALCOMM INC,COM,747525103,9910,154800,SH,,SOLE,1,154800,0,0
146,REGAL ENTMT GROUP,CL A,758766109,3058,132900,SH,,SOLE,1,132900,0,0
147,REGIONS FINL CORP NEW,COM,7591EP100,5250,303800,SH,,SOLE,1,303800,0,0
148,REX ENERGY CORPORATION,COM NEW,761565506,23,16500,SH,,SOLE,1,16500,0,0
149,RINGCENTRAL INC,CL A,76680R206,12100,250000,SH,,SOLE,1,250000,0,0
150,ROCKWELL COLLINS INC,COM,774341101,28385,209300,SH,,SOLE,1,209300,0,0
151,ROVI CORP,NOTE 0.500% 3/0,779376AD4,153943,162687000,PRN,,SOLE,1,162687000,0,0
152,SABRE CORP,COM,78573M104,344,16800,SH,,SOLE,1,16800,0,0
153,SBA COMMUNICATIONS CORP NEW,CL A,78410G104,24504,150000,SH,,SOLE,1,150000,0,0
154,SCHWAB CHARLES CORP NEW,COM,808513105,3457,67300,SH,,SOLE,1,67300,0,0
155,SELECT SECTOR SPDR TR,ENERGY,81369Y506,542,7500,SH,,SOLE,1,7500,0,0
156,SELECT SECTOR SPDR TR,SBI INT-FINL,81369Y605,29272,1048811,SH,,SOLE,1,1048811,0,0
157,SERVICEMASTER GLOBAL HLDGS I,COM,81761R109,2755,53743,SH,,SOLE,1,53743,0,0
158,SERVICESOURCE INTL INC,COM,81763U100,695,225015,SH,,SOLE,1,225015,0,0
159,SERVICESOURCE INTL INC,NOTE 1.500% 8/0,81763UAB6,118815,121085000,PRN,,SOLE,1,121085000,0,0
160,SIGMA DESIGNS INC,COM,826565103,35576,5118789,SH,,SOLE,1,5118789,0,0
161,SNAP INC,CL A,83304A106,2072,141800,SH,,SOLE,1,141800,0,0
162,SOLAREDGE TECHNOLOGIES INC,COM,83417M104,37918,1009793,SH,,SOLE,1,1009793,0,0
163,SOUTHWEST AIRLS CO,COM,844741108,609,9300,SH,,SOLE,1,9300,0,0
164,SPDR S&P 500 ETF TR,TR UNIT,78462F103,3763,14100,SH,,SOLE,1,14100,0,0
165,SPDR SERIES TRUST,S&P OILGAS EXP,78464A730,25738,692250,SH,,SOLE,1,692250,0,0
166,SPDR SERIES TRUST,S&P REGL BKG,78464A698,37164,631507,SH,,SOLE,1,631507,0,0
167,STERIS PLC,SHS USD,G84720104,227,2600,SH,,SOLE,1,2600,0,0
168,SWITCH INC,CL A,87105L104,4093,225000,SH,,SOLE,1,225000,0,0
169,TAKE-TWO INTERACTIVE SOFTWAR,COM,874054109,23043,209900,SH,,SOLE,1,209900,0,0
170,TARGA RES CORP,COM,87612G101,3217,66430,SH,,SOLE,1,66430,0,0
171,TARGET CORP,COM,87612E106,36440,558460,SH,,SOLE,1,558460,0,0
172,TAYLOR MORRISON HOME CORP,CL A,87724P106,11508,470300,SH,,SOLE,1,470300,0,0
173,TEVA PHARMACEUTICAL INDS LTD,SPONSORED ADR,881624209,22551,1190000,SH,Put,SOLE,1,1190000,0,0
174,THERMO FISHER SCIENTIFIC INC,COM,883556102,10918,57500,SH,,SOLE,1,57500,0,0
175,TIME WARNER INC,COM NEW,887317303,33098,361842,SH,,SOLE,1,361842,0,0
176,TIME WARNER INC,COM NEW,887317303,3037,33200,SH,Call,SOLE,1,33200,0,0
177,TIVO CORP,COM,88870P106,60060,3850000,SH,,SOLE,1,3850000,0,0
178,TRANSDIGM GROUP INC,COM,893641100,577,2100,SH,,SOLE,1,2100,0,0
179,TRIBUNE MEDIA CO,CL A,896047503,5444,128175,SH,,SOLE,1,128175,0,0
180,TWITTER INC,COM,90184L102,819,34100,SH,,SOLE,1,34100,0,0
181,UGI CORP NEW,COM,902681105,540,11500,SH,,SOLE,1,11500,0,0
182,ULTIMATE SOFTWARE GROUP INC,COM,90385D107,349,1600,SH,,SOLE,1,1600,0,0
183,ULTRA CLEAN HLDGS INC,COM,90385V107,2489,107800,SH,,SOLE,1,107800,0,0
184,UNIVERSAL HLTH SVCS INC,CL B,913903100,14747,130100,SH,,SOLE,1,130100,0,0
185,URBAN OUTFITTERS INC,COM,917047102,35868,1023055,SH,,SOLE,1,1023055,0,0
186,VALEANT PHARMACEUTICALS INTL,COM,91911K102,31170,1500000,SH,Put,SOLE,1,1500000,0,0
187,VALERO ENERGY CORP NEW,COM,91913Y100,11948,130000,SH,Put,SOLE,1,130000,0,0
188,VANECK VECTORS ETF TR,OIL SVCS ETF,92189F718,5325,204400,SH,,SOLE,1,204400,0,0
189,VARIAN MED SYS INC,COM,92220P105,233,2100,SH,,SOLE,1,2100,0,0
190,VIAVI SOLUTIONS INC,COM,925550105,3878,443700,SH,,SOLE,1,443700,0,0
191,VISA INC,COM CL A,92826C839,2497,21900,SH,,SOLE,1,21900,0,0
192,WALGREENS BOOTS ALLIANCE INC,COM,931427108,3094,42600,SH,,SOLE,1,42600,0,0
193,ZAYO GROUP HLDGS INC,COM,98919V105,30360,825000,SH,,SOLE,1,825000,0,0
194,ZIMMER BIOMET HLDGS INC,COM,98956P102,15747,130500,SH,,SOLE,1,130500,0,0
195,ZIONS BANCORPORATION,COM,989701107,9886,194500,SH,,SOLE,1,194500,0,0
