,NAME OF ISSUER,TITLE OF CLASS,CUSIP,(x$1000),PRN AMT,PRN,CALL,DISCRETION,MANAGER,SOLE,SHARED,NONE
0,AGNICO EAGLE MINES LTD,COM,008474108,37434,607600,SH,,DFND,1,607600,0,0
1,ALLERGAN PLC,SHS,G0177J108,508987,2662483,SH,,DFND,1,2662483,0,0
2,ANGLOGOLD ASHANTI LTD,SPONSORED ADR,035128206,285559,12782400,SH,,DFND,1,12782400,0,0
3,BAUSCH HEALTH COS INC,COM,071734107,623504,20839035,SH,,DFND,1,20839035,0,0
4,BRIGHTSPHERE INVT GROUP INC,COM,10948W103,204406,20000552,SH,,DFND,1,20000552,0,0
5,CAESARS ENTMT CORP,COM,127686103,16444,1209122,SH,,DFND,1,1209122,0,0
6,DISCOVERY INC,COM SER C,25470F302,333027,10922500,SH,,DFND,1,10922500,0,0
7,DISH NETWORK CORP,CL A,25470M109,176410,4973500,SH,,DFND,1,4973500,0,0
8,ENDO INTL PLC,SHS,G30401106,40460,8626900,SH,,DFND,1,8626900,0,0
9,HORIZON THERAPEUTICS PUB LTD,SHS,G46188101,295779,8170700,SH,,DFND,1,8170700,0,0
10,BARRICK GOLD CORPORATION,COM,067901108,37956,2041728,SH,,DFND,1,2041728,0,0
11,IAMGOLD CORP,COM,450913108,6901,1850000,SH,,DFND,1,1850000,0,0
12,INNOPHOS HOLDINGS INC,COM,45774N108,5130,160412,SH,,DFND,1,160412,0,0
13,INTERNATIONAL TOWER HILL MIN,COM,46050R102,32168,59593314,SH,,DFND,1,59593314,0,0
14,LEAR CORP,COM NEW,521865204,1388,10116,SH,,DFND,1,10116,0,0
15,LOGMEIN INC,COM,54142L109,10490,122347,SH,,DFND,1,122347,0,0
16,MYLAN N V,SHS EURO,N59465109,241309,12005400,SH,,DFND,1,12005400,0,0
17,NEWMARK GROUP INC,CL A,65158N102,20855,1550000,SH,,DFND,1,1550000,0,0
18,NOVAGOLD RES INC,COM NEW,66987E206,197056,21992896,SH,,DFND,1,21992896,0,0
19,OVERSEAS SHIPHOLDING GROUP I,CL A NEW,69036R863,19090,8300000,SH,,DFND,1,8300000,0,0
20,PACIRA BIOSCIENCES,COM,695127100,77768,1716727,SH,,DFND,1,1716727,0,0
21,PRETIUM RES INC,COM,74139C102,28811,2588600,SH,,DFND,1,2588600,0,0
22,QEP RES INC,COM,74733V100,3638,808510,SH,,DFND,1,808510,0,0
23,SANDRIDGE ENERGY INC,COM NEW,80007P869,2826,666535,SH,,DFND,1,666535,0,0
24,SEABRIDGE GOLD INC,COM,811916105,9674,700000,SH,,DFND,1,700000,0,0
25,SPDR GOLD TRUST,GOLD SHS,78463V107,617331,4320022,SH,,DFND,1,4320022,0,0
26,SPRINT CORPORATION,COM,85207U105,83439,16015108,SH,,DFND,1,16015108,0,0
27,SSR MNG INC,COM,784730103,22307,1158200,SH,,DFND,1,1158200,0,0
28,SYNTHESIS ENERGY SYS INC,COM,871628301,944,165648,SH,,DFND,1,165648,0,0
29,TAKEDA PHARMACEUTICAL CO LTD,SPONSORED ADS,874060205,261318,13244711,SH,,DFND,1,13244711,0,0
30,TECH DATA CORP,COM,878237106,19160,133426,SH,,DFND,1,133426,0,0
31,TIFFANY & CO NEW,COM,886547108,17913,134030,SH,,DFND,1,134030,0,0
32,TIM PARTICIPACOES S A,SPONSORED ADR,88706P205,71089,3720000,SH,,DFND,1,3720000,0,0
33,TRILOGY METALS INC NEW,COM,89621C105,37250,14326996,SH,,DFND,1,14326996,0,0
34,WELLCARE HEALTH PLANS INC,COM,94946T106,30725,93046,SH,,DFND,1,93046,0,0
35,VIACOMCBS INC,CL B,92556H206,251820,6000000,SH,,DFND,1,6000000,0,0
36,ZAYO GROUP HLDGS INC,COM,98919V105,2497,72059,SH,,DFND,1,72059,0,0
