,NAME OF ISSUER,TITLE OF CLASS,CUSIP,(x$1000),PRN AMT,PRN,CALL,DISCRETION,MANAGER,SOLE,SHARED,NONE
0,AETNA INC NEW,COM,00817Y108,72559,357700,SH,,DFND,1,357700,0,0
1,AGNICO EAGLE MINES LTD,COM,008474108,20780,607600,SH,,DFND,1,607600,0,0
2,AKORN INC,COM,009728106,6750,520000,SH,,DFND,1,520000,0,0
3,ALLERGAN PLC,SHS,G0177J108,308863,1621500,SH,,DFND,1,1621500,0,0
4,ALTABA INC,COM,021346101,117666,1727341,SH,,DFND,1,1727341,0,0
5,ALTICE USA INC,CL A,02156K103,466,25685,SH,,DFND,1,25685,0,0
6,ANDEAVOR,COM,03349M105,12434,81000,SH,,DFND,1,81000,0,0
7,ANGLOGOLD ASHANTI LTD,SPONSORED ADR,035128206,109673,12782400,SH,,DFND,1,12782400,0,0
8,AT&T INC,COM,00206R102,70441,2097698,SH,,DFND,1,2097698,0,0
9,AT&T INC,COM,00206R102,6716,200000,SH,Call,DFND,1,200000,0,0
10,BANK AMER CORP,*W EXP 10/28/201,060505153,889,2962694,SH,,DFND,1,2962694,0,0
11,BAUSCH HEALTH COS INC,COM,071734107,534938,20839035,SH,,DFND,1,20839035,0,0
12,BRIGHTSPHERE INVESTMNT GRP P,SHS,G1644T109,7588,611948,SH,,DFND,1,611948,0,0
13,BROOKDALE SR LIVING INC,COM,112463104,49016,4986400,SH,,DFND,1,4986400,0,0
14,CA INC,COM,12673P105,240618,5450000,SH,,DFND,1,5450000,0,0
15,CAESARS ENTMT CORP,COM,127686103,32174,3138900,SH,,DFND,1,3138900,0,0
16,CME GROUP INC,COM CL A,12572Q105,8313,48840,SH,,DFND,1,48840,0,0
17,DELL TECHNOLOGIES INC,COM CL V,24703L103,189384,1950000,SH,,DFND,1,1950000,0,0
18,DISCOVERY INC,COM SER C,25470F302,361784,12230700,SH,,DFND,1,12230700,0,0
19,DISH NETWORK CORP,CL A,25470M109,177852,4973500,SH,,DFND,1,4973500,0,0
20,DUN & BRADSTREET CORP DEL NE,COM,26483E100,59854,420000,SH,,DFND,1,420000,0,0
21,ENDO INTL PLC,SHS,G30401106,145191,8626900,SH,,DFND,1,8626900,0,0
22,EXPRESS SCRIPTS HLDG CO,COM,30219G108,5701,60000,SH,,DFND,1,60000,0,0
23,GOLAR LNG LTD BERMUDA,SHS,G9456A100,695,25000,SH,Call,DFND,1,25000,0,0
24,GOLDCORP INC NEW,COM,380956409,8160,800000,SH,,DFND,1,800000,0,0
25,HORIZON PHARMA PLC,SHS,G4617B105,140402,7170700,SH,,DFND,1,7170700,0,0
26,IAMGOLD CORP,COM,450913108,6808,1850000,SH,,DFND,1,1850000,0,0
27,INTERNATIONAL SEAWAYS INC,COM,Y41053102,61744,3084100,SH,,DFND,1,3084100,0,0
28,INTERNATIONAL TOWER HILL MIN,COM,46050R102,28468,59593314,SH,,DFND,1,59593314,0,0
29,KAMADA LTD,SHS,M6240T109,4870,785525,SH,,DFND,1,785525,0,0
30,LASALLE HOTEL PPTYS,COM SH BEN INT,517942108,1245,35987,SH,,DFND,1,35987,0,0
31,LEAR CORP,COM NEW,521865204,1467,10116,SH,,DFND,1,10116,0,0
32,MALLINCKRODT PUB LTD CO,SHS,G5785G107,58620,2000000,SH,,DFND,1,2000000,0,0
33,MITEL NETWORKS CORP,COM,60671Q104,33060,3000000,SH,,DFND,1,3000000,0,0
34,MYLAN N V,SHS EURO,N59465109,421098,11505400,SH,,DFND,1,11505400,0,0
35,NOVAGOLD RES INC,COM NEW,66987E206,81594,21992896,SH,,DFND,1,21992896,0,0
36,NEWMARK GROUP INC,CL A,65158N102,22380,2000000,SH,,DFND,1,2000000,0,0
37,NIELSEN HLDGS PLC,SHS EUR,G6518L108,96810,3500000,SH,,DFND,1,3500000,0,0
38,NXP SEMICONDUCTORS N V,COM,N6596X109,220180,2575200,SH,,DFND,1,2575200,0,0
39,OFFICE DEPOT INC,COM,676220106,32100,10000000,SH,,DFND,1,10000000,0,0
40,PANDORA MEDIA INC,COM,698354107,38673,4066600,SH,,DFND,1,4066600,0,0
41,RANDGOLD RES LTD,ADR,752344309,29751,421700,SH,,DFND,1,421700,0,0
42,ROCKWELL COLLINS INC,COM,774341101,49459,352100,SH,,DFND,1,352100,0,0
43,SANDRIDGE ENERGY INC,COM NEW,80007P869,7245,666535,SH,,DFND,1,666535,0,0
44,SEABRIDGE GOLD INC,COM,811916105,9065,700000,SH,,DFND,1,700000,0,0
45,SHIRE PLC,SPONSORED ADR,82481R106,517018,2852200,SH,,DFND,1,2852200,0,0
46,SPDR SERIES TRUST,BLOOMBERG BRCLYS,78464A417,3605,100000,SH,Put,DFND,1,100000,0,0
47,SPDR GOLD TRUST,GOLD SHS,78463V107,487126,4320022,SH,,DFND,1,4320022,0,0
48,SYNTHESIS ENERGY SYS INC,COM NEW,871628202,3000,1250000,SH,,DFND,1,1250000,0,0
49,T MOBILE US INC,COM,872590104,170537,2430000,SH,,DFND,1,2430000,0,0
50,TEGNA INC,COM,87901J105,9308,778300,SH,,DFND,1,778300,0,0
51,TIM PARTICIPACOES S A,SPONSORED ADR,88706P205,72450,5000000,SH,,DFND,1,5000000,0,0
52,TRILOGY METALS INC NEW,COM,89621C105,23132,11566126,SH,,DFND,1,11566126,0,0
53,TWENTY FIRST CENTY FOX INC,CL B,90130A200,68730,1500000,SH,,DFND,1,1500000,0,0
54,VANECK VECTORS ETF TR,GOLD MINERS ETF,92189F106,1852,100000,SH,Put,DFND,1,100000,0,0
55,VIACOM INC NEW,CL B,92553P201,86864,2573000,SH,,DFND,1,2573000,0,0
56,YANDEX N V,SHS CLASS A,N97284108,822,25000,SH,Call,DFND,1,25000,0,0
57,YUM CHINA HLDGS INC,COM,98850P109,3511,100000,SH,Call,DFND,1,100000,0,0
