,NAME OF ISSUER,TITLE OF CLASS,CUSIP,(x$1000),PRN AMT,PRN,CALL,DISCRETION,MANAGER,SOLE,SHARED,NONE
0,ALCOA CORP,COM,013872106,86000,2500000,SH,,SOLE,,2500000,0,0
1,ALPHABET INC,CAP STK CL A,02079K305,385749,455000,SH,,SOLE,,455000,0,0
2,ANTHEM INC,COM,036752103,190187,1150000,SH,,SOLE,,1150000,0,0
3,BANK AMER CORP,COM,060505104,318465,13500000,SH,,SOLE,,13500000,0,0
4,BAXTER INTL INC,COM,071813109,2385560,46000000,SH,,SOLE,,46000000,0,0
5,CELANESE CORP DEL,COM SER A,150870103,112312,1250000,SH,,SOLE,,1250000,0,0
6,CHARTER COMMUNICATIONS INC N,CL A,16119P108,261856,800000,SH,,SOLE,,800000,0,0
7,CONSTELLATION BRANDS INC,CL A,21036P108,486210,3000000,SH,,SOLE,,3000000,0,0
8,DANAHER CORP DEL,COM,235851102,265143,3100000,SH,,SOLE,,3100000,0,0
9,DELL TECHNOLOGIES INC,COM CL V,24703L103,160200,2500000,SH,,SOLE,,2500000,0,0
10,DOW CHEM CO,COM,260543103,997578,15700000,SH,,SOLE,,15700000,0,0
11,ENERPLUS CORP,COM,292766102,25760,3200000,SH,,SOLE,,3200000,0,0
12,ENPHASE ENERGY INC,COM,29355A107,8561,6248987,SH,,SOLE,,6248987,0,0
13,FACEBOOK INC,CL A,30303M102,426150,3000000,SH,,SOLE,,3000000,0,0
14,GENERAL DYNAMICS CORP,COM,369550108,234000,1250000,SH,,SOLE,,1250000,0,0
15,GREEN BRICK PARTNERS INC,COM,392709101,80426,8083022,SH,,SOLE,,8083022,0,0
16,HALCON RES CORP,COM PAR NEW,40537Q605,39501,5170000,SH,,SOLE,,5170000,0,0
17,HEWLETT PACKARD ENTERPRISE C,COM,42824C109,142200,6000000,SH,,SOLE,,6000000,0,0
18,HONEYWELL INTL INC,COM,438516106,171696,1375000,SH,,SOLE,,1375000,0,0
19,HUMANA INC,COM,444859102,103070,500000,SH,Call,SOLE,,500000,0,0
20,HUMANA INC,COM,444859102,190680,925000,SH,,SOLE,,925000,0,0
21,JPMORGAN CHASE & CO,COM,46625H100,329400,3750000,SH,,SOLE,,3750000,0,0
22,KADMON HLDGS INC,COM,48283N106,34015,9407745,SH,,SOLE,,7919650,0,0
23,MOHAWK INDS INC,COM,608190104,218016,950000,SH,,SOLE,,950000,0,0
24,NOMAD HLDGS LTD,USD ORD SHS,G6564A105,80150,7000000,SH,,SOLE,,7000000,0,0
25,PARSLEY ENERGY INC,CL A,701877102,81275,2500000,SH,,SOLE,,2500000,0,0
26,PIONEER NAT RES CO,COM,723787107,93115,500000,SH,,SOLE,,500000,0,0
27,QUALCOMM INC,COM,747525103,200690,3500000,SH,,SOLE,,3500000,0,0
28,RICE ENERGY INC,COM,762760106,118500,5000000,SH,,SOLE,,5000000,0,0
29,RSP PERMIAN INC,COM,74978Q105,82860,2000000,SH,,SOLE,,2000000,0,0
30,S&P GLOBAL INC,COM,78409V104,196110,1500000,SH,,SOLE,,1500000,0,0
31,SALESFORCE COM INC,COM,79466L302,247470,3000000,SH,,SOLE,,3000000,0,0
32,SHERWIN WILLIAMS CO,COM,824348106,279171,900000,SH,,SOLE,,900000,0,0
33,SNAP INC,CL A,83304A106,50692,2250000,SH,,SOLE,,2250000,0,0
34,SOTHEBYS,COM,835898107,302970,6661604,SH,,SOLE,,6661604,0,0
35,T MOBILE US INC,COM,872590104,322950,5000000,SH,,SOLE,,5000000,0,0
36,TIME WARNER INC,COM NEW,887317303,341985,3500000,SH,,SOLE,,3500000,0,0
37,ZAYO GROUP HLDGS INC,COM,98919V105,197400,6000000,SH,,SOLE,,6000000,0,0
