,NAME OF ISSUER,TITLE OF CLASS,CUSIP,(x$1000),PRN AMT,PRN,CALL,DISCRETION,MANAGER,SOLE,SHARED,NONE
0,ALPHABET INC,CAP STK CL A,02079K305,336791,425000,SH,,SOLE,,425000,0,0
1,ANTHEM INC,COM,036752103,143770,1000000,SH,,SOLE,,1000000,0,0
2,APPLE INC,COM,037833100,214267,1850000,SH,,SOLE,,1850000,0,0
3,BANK AMER CORP,COM,060505104,386750,17500000,SH,,SOLE,,17500000,0,0
4,BAXTER INTL INC,COM,071813109,2301324,51901767,SH,,SOLE,,51901767,0,0
5,BROADCOM LTD,SHS,Y09827109,53031,300000,SH,,SOLE,,300000,0,0
6,CHARTER COMMUNICATIONS INC N,CL A,16119P108,244732,850000,SH,,SOLE,,850000,0,0
7,CHUBB LIMITED,COM,H1467J104,158544,1200000,SH,,SOLE,,1200000,0,0
8,CONAGRA BRANDS INC,COM,205887102,118650,3000000,SH,,SOLE,,3000000,0,0
9,CONSTELLATION BRANDS INC,CL A,21036P108,459930,3000000,SH,,SOLE,,3000000,0,0
10,DANAHER CORP DEL,COM,235851102,252980,3250000,SH,,SOLE,,3250000,0,0
11,DELL TECHNOLOGIES INC,COM CL V,24703L103,142922,2600000,SH,,SOLE,,2600000,0,0
12,DOW CHEM CO,COM,260543103,972740,17000000,SH,,SOLE,,17000000,0,0
13,ENPHASE ENERGY INC,COM,29355A107,6311,6248987,SH,,SOLE,,6248987,0,0
14,FACEBOOK INC,CL A,30303M102,402675,3500000,SH,,SOLE,,3500000,0,0
15,GENERAL DYNAMICS CORP,COM,369550108,224458,1300000,SH,,SOLE,,1300000,0,0
16,GOLDMAN SACHS GROUP INC,COM,38141G104,95780,400000,SH,,SOLE,,400000,0,0
17,GREEN BRICK PARTNERS INC,COM,392709101,81234,8083022,SH,,SOLE,,8083022,0,0
18,GRUPO SUPERVIELLE S A,SPONSORED ADR,40054A108,36004,2740000,SH,,SOLE,,2740000,0,0
19,HD SUPPLY HLDGS INC,COM,40416M105,95648,2250000,SH,,SOLE,,2250000,0,0
20,HONEYWELL INTL INC,COM,438516106,159294,1375000,SH,,SOLE,,1375000,0,0
21,HUMANA INC,COM,444859102,489672,2400000,SH,,SOLE,,2400000,0,0
22,JPMORGAN CHASE & CO,COM,46625H100,453022,5250000,SH,,SOLE,,5250000,0,0
23,KADMON HLDGS INC,COM,48283N106,42130,7919650,SH,,SOLE,,7919650,0,0
24,MOHAWK INDS INC,COM,608190104,239616,1200000,SH,,SOLE,,1200000,0,0
25,MOLSON COORS BREWING CO,CL B,60871R209,165427,1700000,SH,,SOLE,,1700000,0,0
26,MONSANTO CO NEW,COM,61166W101,115731,1100000,SH,,SOLE,,1100000,0,0
27,NOMAD HLDGS LTD,USD ORD SHS,G6564A105,114362,11950000,SH,,SOLE,,11950000,0,0
28,PRIVATEBANCORP INC,COM,742962103,162570,3000000,SH,,SOLE,,3000000,0,0
29,RICE ENERGY INC,COM,762760106,56578,2650000,SH,,SOLE,,2650000,0,0
30,S&P GLOBAL INC,COM,78409V104,172064,1600000,SH,,SOLE,,1600000,0,0
31,SHERWIN WILLIAMS CO,COM,824348106,268740,1000000,SH,,SOLE,,1000000,0,0
32,SOTHEBYS,COM,835898107,265532,6661604,SH,,SOLE,,6661604,0,0
33,SOUTHWESTERN ENERGY CO,COM,845467109,54100,5000000,SH,,SOLE,,5000000,0,0
34,TIME WARNER INC,COM NEW,887317303,289590,3000000,SH,,SOLE,,3000000,0,0
35,TRANSDIGM GROUP INC,COM,893641100,62240,250000,SH,,SOLE,,250000,0,0
36,UNION PAC CORP,COM,907818108,119232,1150000,SH,,SOLE,,1150000,0,0
37,ZAYO GROUP HLDGS INC,COM,98919V105,230020,7000000,SH,,SOLE,,7000000,0,0
