,NAME OF ISSUER,TITLE OF CLASS,CUSIP,(x$1000),PRN AMT,PRN,CALL,DISCRETION,MANAGER,SOLE,SHARED,NONE
0,ADOBE INC,COM,00724F101,227906,825000,SH,,SOLE,,825000,0,0
1,AFYA LTD,CL A COM,G01125106,10256,400000,SH,,SOLE,,400000,0,0
2,ALLERGAN PLC,SHS,G0177J108,605844,3600000,SH,,SOLE,,3600000,0,0
3,AMERICOLD RLTY TR,COM,03064D108,47450,1280000,SH,,SOLE,,1280000,0,0
4,ANSYS INC,COM,03662Q105,34820,157300,SH,,SOLE,,157300,0,0
5,BAXTER INTL INC,COM,071813109,1473870,16850000,SH,,SOLE,,16850000,0,0
6,BLACK KNIGHT INC,COM,09215C105,106855,1750000,SH,,SOLE,,1750000,0,0
7,BOSTON SCIENTIFIC CORP,COM,101137107,203450,5000000,SH,,SOLE,,5000000,0,0
8,BURLINGTON STORES INC,COM,122017106,299730,1500000,SH,,SOLE,,1500000,0,0
9,CAMPBELL SOUP CO,COM,134429109,797640,17000000,SH,,SOLE,,17000000,0,0
10,CENTENE CORP DEL,COM,15135B101,103824,2400000,SH,,SOLE,,2400000,0,0
11,CLEAR CHANNEL OUTDOOR HLDGS,COM,18453H106,13230,5250000,SH,,SOLE,,5250000,0,0
12,COLFAX CORP,COM,194014106,58120,2000000,SH,,SOLE,,2000000,0,0
13,DANAHER CORPORATION,COM,235851102,535835,3710000,SH,,SOLE,,3710000,0,0
14,ENVISTA HLDGS CORP,COM,29415F104,22304,800000,SH,,SOLE,,800000,0,0
15,ESSENTIAL PPTYS RLTY TR INC,COM,29670E107,204,10000,SH,,SOLE,,10000,0,0
16,FAR PT ACQUISITION CORP,CL A FOUNDERS SH,30734W109,160377,15692500,SH,,SOLE,,15692500,0,0
17,FAR PT ACQUISITION CORP,UNIT 06/01/2025,30734W208,42760,4000000,SH,,SOLE,,4000000,0,0
18,FIDELITY NATL INFORMATION SV,COM,31620M106,331899,2499989,SH,,SOLE,,2499989,0,0
19,FIVE BELOW INC,COM,33829M101,107185,850000,SH,,SOLE,,850000,0,0
20,FOX CORP,CL A COM,35137L105,252280,8000000,SH,,SOLE,,8000000,0,0
21,GODADDY INC,CL A,380237107,32990,500000,SH,,SOLE,,500000,0,0
22,GROCERY OUTLET HLDG CORP,COM,39874R101,6242,180000,SH,,SOLE,,180000,0,0
23,GTT COMMUNICATIONS INC,COM,362393100,28873,3065078,SH,,SOLE,,3065078,0,0
24,HD SUPPLY HLDGS INC,COM,40416M105,39175,1000000,SH,,SOLE,,1000000,0,0
25,IQVIA HLDGS INC,COM,46266C105,298760,2000000,SH,,SOLE,,2000000,0,0
26,ISHARES TR,1 3 YR TREAS BD,464287457,3339,39364,SH,,SOLE,,39364,0,0
27,KADMON HLDGS INC,COM,48283N106,23708,9407745,SH,,SOLE,,9407745,0,0
28,MICROSOFT CORP,COM,594918104,83418,600000,SH,,SOLE,,600000,0,0
29,PAYPAL HLDGS INC,COM,70450Y103,279693,2700000,SH,,SOLE,,2700000,0,0
30,REPLAY ACQUISITION CORP,UNIT 03/01/2024,G75130123,10258,1000000,SH,,SOLE,,1000000,0,0
31,S&P GLOBAL INC,COM,78409V104,195984,800000,SH,,SOLE,,800000,0,0
32,SALESFORCE COM INC,COM,79466L302,371100,2500000,SH,,SOLE,,2500000,0,0
33,SMILEDIRECTCLUB INC,CL A COM,83192H106,10410,750000,SH,,SOLE,,750000,0,0
34,SONY CORP,SPONSORED ADR,835699307,88695,1500000,SH,,SOLE,,1500000,0,0
35,SOTHEBYS,COM,835898107,379578,6661604,SH,,SOLE,,6661604,0,0
36,TRADEWEB MKTS INC,CL A,892672106,15716,425000,SH,,SOLE,,425000,0,0
37,UNITED TECHNOLOGIES CORP,COM,913017109,819120,6000000,SH,,SOLE,,6000000,0,0
38,VISA INC,COM CL A,92826C839,258015,1500000,SH,,SOLE,,1500000,0,0
39,ZENDESK INC,COM,98936J101,36440,500000,SH,,SOLE,,500000,0,0
