,NAME OF ISSUER,TITLE OF CLASS,CUSIP,(x$1000),PRN AMT,PRN,CALL,DISCRETION,MANAGER,SOLE,SHARED,NONE
0,GORES HLDGS IV INC,*W EXP 01/22/202,382865111,60,33750,SH,,SOLE,,33750,0,0
1,DMY TECHNOLOGY GROUP INC,*W EXP 02/21/202,233253111,538,359931,SH,,SOLE,,359931,0,0
2,FLYING EAGLE ACQUISITION COR,*W EXP 02/26/202,34407Y111,42,13863,SH,,SOLE,,13863,0,0
3,CHURCHILL CAP CORP III,*W EXP 03/01/202,17144C112,138,46629,SH,,SOLE,,46629,0,0
4,FORTRESS VALUE ACQUISITION C,*W EXP 05/04/202,34962V114,141,100000,SH,,SOLE,,100000,0,0
5,FAR PT ACQUISITION CORP,*W EXP 06/01/202,30734W117,131,250100,SH,,SOLE,,250100,0,0
6,NIKOLA CORP,*W EXP 06/03/202,654110113,1335,40000,SH,,SOLE,,40000,0,0
7,GRAF INDL CORP,*W EXP 12/31/202,384278115,82,36023,SH,,SOLE,,36023,0,0
8,DANAHER CORPORATION,4.75 MND CV PFD,235851300,41324,33000,SH,,DFND,1.0,0,33000,0
9,BOSTON SCIENTIFIC CORP,5.50% CNV PFD A,101137206,7879,75165,SH,,DFND,1.0,0,75165,0
10,SEMPRA ENERGY,6% PFD CONV A,816851406,45726,466610,SH,,DFND,1.0,0,466610,0
11,BK OF AMERICA CORP,7.25%CNV PFD L,060505682,16049,11906,SH,,DFND,1.0,0,11906,0
12,MOMO INC,ADR,60879B107,16279,931300,SH,Put,SOLE,,931300,0,0
13,TALEND S A,ADS,874224207,527,15416,SH,,SOLE,,15416,0,0
14,JOYY INC,ADS REPSTG COM A,46591M109,71228,804380,SH,,SOLE,,804380,0,0
15,JOYY INC,ADS REPSTG COM A,46591M109,38909,439400,SH,Put,SOLE,,439400,0,0
16,ALPHABET INC,CAP STK CL A,02079K305,113434,79993,SH,,SOLE,,79993,0,0
17,ALTICE USA INC,CL A,02156K103,7070,313685,SH,,SOLE,,313685,0,0
18,APPIAN CORP,CL A,03782L101,4018,78400,SH,,DFND,1.0,0,78400,0
19,APPIAN CORP,CL A,03782L101,4018,78400,SH,Put,DFND,1.0,0,78400,0
20,AZEK CO INC,CL A,05478C105,6372,200000,SH,,SOLE,,200000,0,0
21,CHARTER COMMUNICATIONS INC N,CL A,16119P108,63102,123719,SH,,SOLE,,123719,0,0
22,DILLARDS INC,CL A,254067101,1457,56500,SH,,DFND,1.0,0,56500,0
23,DILLARDS INC,CL A,254067101,1457,56500,SH,Put,DFND,1.0,0,56500,0
24,FACEBOOK INC,CL A,30303M102,285027,1255240,SH,,SOLE,,1255240,0,0
25,FACEBOOK INC,CL A,30303M102,180680,795700,SH,Call,SOLE,,795700,0,0
26,GAMESTOP CORP NEW,CL A,36467W109,1017,234400,SH,,DFND,1.0,0,234400,0
27,GAMESTOP CORP NEW,CL A,36467W109,1018,234500,SH,Put,DFND,1.0,0,234500,0
28,MADISON SQUARE GRDN SPRT COR,CL A,55825T103,51675,351794,SH,,SOLE,,351794,0,0
29,MASTERCARD INCORPORATED,CL A,57636Q104,105357,356296,SH,,SOLE,,356296,0,0
30,NEW YORK TIMES CO,CL A,650111107,141584,3368647,SH,,SOLE,,3368647,0,0
31,REVOLVE GROUP INC,CL A,76156B107,932,62700,SH,,DFND,1.0,0,62700,0
32,REVOLVE GROUP INC,CL A,76156B107,932,62700,SH,Put,DFND,1.0,0,62700,0
33,DATADOG INC,CL A COM,23804L103,4513,51900,SH,,SOLE,,51900,0,0
34,AMC ENTMT HLDGS INC,CL A COM,00165C104,64,15000,SH,Put,DFND,1.0,0,15000,0
35,NIKE INC,CL B,654106103,96982,989109,SH,,SOLE,,989109,0,0
36,MICROSOFT CORP,COM,594918104,50503,248160,SH,,SOLE,,248160,0,0
37,ON SEMICONDUCTOR CORP,COM,682189105,20,1000,SH,Put,SOLE,,1000,0,0
38,PARK HOTELS RESORTS INC,COM,700517105,9930,1004016,SH,,OTR,,0,0,0
39,PARTY CITY HOLDCO INC,COM,702149105,83,55400,SH,,DFND,1.0,0,55400,0
40,PARTY CITY HOLDCO INC,COM,702149105,83,55400,SH,Put,DFND,1.0,0,55400,0
41,RAYTHEON TECHNOLOGIES CORP,COM,75513E101,248538,4033392,SH,,SOLE,,4033392,0,0
42,RITE AID CORP,COM,767754872,2127,124700,SH,,DFND,1.0,0,124700,0
43,RITE AID CORP,COM,767754872,2127,124700,SH,Put,DFND,1.0,0,124700,0
44,SALESFORCE COM INC,COM,79466L302,154702,825825,SH,,SOLE,,825825,0,0
45,PAGERDUTY INC,COM,69553P100,1623,56700,SH,,SOLE,,56700,0,0
46,PRECIGEN INC,COM,74017N105,386,77258,SH,,SOLE,,77258,0,0
47,REGENERON PHARMACEUTICALS,COM,75886F107,6132,9833,SH,,SOLE,,9833,0,0
48,REMARK HLDGS INC,COM,75955K102,989,419000,SH,,DFND,1.0,0,419000,0
49,REMARK HLDGS INC,COM,75955K102,989,419000,SH,Put,DFND,1.0,0,419000,0
50,NATIONAL BEVERAGE CORP,COM,635017106,1318,21600,SH,,DFND,1.0,0,21600,0
51,NATIONAL BEVERAGE CORP,COM,635017106,1318,21600,SH,Put,DFND,1.0,0,21600,0
52,NETFLIX INC,COM,64110L106,138115,303523,SH,,SOLE,,303523,0,0
53,NEW AGE BEVERAGES CORP,COM,64157V108,275,179800,SH,,DFND,1.0,0,179800,0
54,NEW AGE BEVERAGES CORP,COM,64157V108,290,189800,SH,Put,DFND,1.0,0,189800,0
55,LIVONGO HEALTH INC,COM,539183103,2985,39700,SH,,SOLE,,39700,0,0
56,LORAL SPACE & COMMUNICATNS I,COM,543881106,4463,228639,SH,,DFND,1.0,0,228639,0
57,LORAL SPACE & COMMUNICATNS I,COM,543881106,10554,540659,SH,,SOLE,,540659,0,0
58,MACERICH CO,COM,554382101,2413,269000,SH,,DFND,1.0,0,269000,0
59,MACERICH CO,COM,554382101,2413,269000,SH,Put,DFND,1.0,0,269000,0
60,MACYS INC,COM,55616P104,8303,1206900,SH,,DFND,1.0,0,1206900,0
61,MACYS INC,COM,55616P104,8476,1232000,SH,Call,DFND,1.0,0,1232000,0
62,MACYS INC,COM,55616P104,8938,1299200,SH,Put,DFND,1.0,0,1299200,0
63,KALA PHARMACEUTICALS INC,COM,483119103,141,13400,SH,,DFND,1.0,0,13400,0
64,KALA PHARMACEUTICALS INC,COM,483119103,147,14000,SH,Put,DFND,1.0,0,14000,0
65,LAKELAND INDS INC,COM,511795106,1604,71500,SH,,DFND,1.0,0,71500,0
66,LAKELAND INDS INC,COM,511795106,1604,71500,SH,Put,DFND,1.0,0,71500,0
67,INSEEGO CORP,COM,45782B104,3779,325800,SH,,DFND,1.0,0,325800,0
68,INSEEGO CORP,COM,45782B104,3779,325800,SH,Put,DFND,1.0,0,325800,0
69,INVITAE CORP,COM,46185L103,7367,243200,SH,,DFND,1.0,0,243200,0
70,INVITAE CORP,COM,46185L103,7367,243200,SH,Put,DFND,1.0,0,243200,0
71,IROBOT CORP,COM,462726100,12786,152400,SH,,DFND,1.0,0,152400,0
72,IROBOT CORP,COM,462726100,2098,25000,SH,Call,DFND,1.0,0,25000,0
73,IROBOT CORP,COM,462726100,14884,177400,SH,Put,DFND,1.0,0,177400,0
74,TESLA INC,COM,88160R101,3277007,3034800,SH,Put,SOLE,,3034800,0,0
75,UBER TECHNOLOGIES INC,COM,90353T100,101421,3263220,SH,,SOLE,,3263220,0,0
76,UBER TECHNOLOGIES INC,COM,90353T100,88326,2841900,SH,Call,SOLE,,2841900,0,0
77,UNITED AIRLS HLDGS INC,COM,910047109,7275,210200,SH,,DFND,1.0,0,210200,0
78,UNITED AIRLS HLDGS INC,COM,910047109,7275,210200,SH,Put,DFND,1.0,0,210200,0
79,UNITED STATES STL CORP NEW,COM,912909108,7154,990900,SH,,DFND,1.0,0,990900,0
80,UNITED STATES STL CORP NEW,COM,912909108,7154,990900,SH,Put,DFND,1.0,0,990900,0
81,SPIRIT AIRLS INC,COM,848577102,4322,242800,SH,,DFND,1.0,0,242800,0
82,SPIRIT AIRLS INC,COM,848577102,3715,208700,SH,Call,DFND,1.0,0,208700,0
83,SPIRIT AIRLS INC,COM,848577102,4452,250100,SH,Put,DFND,1.0,0,250100,0
84,T-MOBILE US INC,COM,872590104,92691,889979,SH,,SOLE,,889979,0,0
85,TAILORED BRANDS INC,COM,87403A107,325,346500,SH,,DFND,1.0,0,346500,0
86,TAILORED BRANDS INC,COM,87403A107,30,32300,SH,Put,DFND,1.0,0,32300,0
87,VIRGIN GALACTIC HOLDINGS INC,COM,92766K106,9980,610800,SH,,DFND,1.0,0,610800,0
88,VIRGIN GALACTIC HOLDINGS INC,COM,92766K106,6536,400000,SH,Call,DFND,1.0,0,400000,0
89,VIRGIN GALACTIC HOLDINGS INC,COM,92766K106,9980,610800,SH,Put,DFND,1.0,0,610800,0
90,VISTRA ENERGY CORP,COM,92840M102,5812,318833,SH,,DFND,1.0,0,318833,0
91,VISTRA ENERGY CORP,COM,92840M102,59746,3297484,SH,,SOLE,,3297484,0,0
92,WYNN RESORTS LTD,COM,983134107,25534,342779,SH,,SOLE,,342779,0,0
93,ZENDESK INC,COM,98936J101,2293,25900,SH,,SOLE,,25900,0,0
94,ZSCALER INC,COM,98980G102,5650,51600,SH,,SOLE,,51600,0,0
95,ZYNERBA PHARMACEUTICALS INC,COM,98986X109,277,82100,SH,,DFND,1.0,0,82100,0
96,ZYNERBA PHARMACEUTICALS INC,COM,98986X109,277,82100,SH,Put,DFND,1.0,0,82100,0
97,AMERICAN AIRLS GROUP INC,COM,02376R102,1307,100000,SH,,DFND,1.0,0,100000,0
98,AMERICAN AIRLS GROUP INC,COM,02376R102,1307,100000,SH,Put,DFND,1.0,0,100000,0
99,AMERICAN AIRLS GROUP INC,COM,02376R102,1344,102800,SH,,SOLE,,102800,0,0
100,ALTRIA GROUP INC,COM,02209S103,72883,1856895,SH,,SOLE,,1856895,0,0
101,AMAZON COM INC,COM,023135106,334402,121212,SH,,SOLE,,121212,0,0
102,AGNC INVT CORP,COM,00123Q104,22464,1741411,SH,,DFND,1.0,0,1741411,0
103,AGNC INVT CORP,COM,00123Q104,76866,5958589,SH,,SOLE,,5958589,0,0
104,ACCELERATE DIAGNOSTICS INC,COM,00430H102,136,9000,SH,,DFND,1.0,0,9000,0
105,ACCELERATE DIAGNOSTICS INC,COM,00430H102,136,9000,SH,Put,DFND,1.0,0,9000,0
106,ALLEGHENY TECHNOLOGIES INC,COM,01741R102,1330,130500,SH,,SOLE,,130500,0,0
107,ALPHA PRO TECH LTD,COM,020772109,1478,83500,SH,,DFND,1.0,0,83500,0
108,ALPHA PRO TECH LTD,COM,020772109,1478,83500,SH,Put,DFND,1.0,0,83500,0
109,AVIS BUDGET GROUP,COM,053774105,6508,284300,SH,,DFND,1.0,0,284300,0
110,AVIS BUDGET GROUP,COM,053774105,6508,284300,SH,Put,DFND,1.0,0,284300,0
111,AXONICS MODULATION TECHNOLOG,COM,05465P101,281,8000,SH,,DFND,1.0,0,8000,0
112,AXONICS MODULATION TECHNOLOG,COM,05465P101,281,8000,SH,Put,DFND,1.0,0,8000,0
113,APHRIA INC,COM,03765K104,113,26300,SH,,DFND,1.0,0,26300,0
114,APHRIA INC,COM,03765K104,112,26000,SH,Put,DFND,1.0,0,26000,0
115,AMERICAN ELEC PWR CO INC,COM,025537101,9927,124654,SH,,DFND,1.0,0,124654,0
116,ANAPLAN INC,COM,03272L108,141255,3117518,SH,,SOLE,,3117518,0,0
117,CHEESECAKE FACTORY INC,COM,163072101,3702,161500,SH,,DFND,1.0,0,161500,0
118,CHEESECAKE FACTORY INC,COM,163072101,3702,161500,SH,Put,DFND,1.0,0,161500,0
119,CHILDRENS PL INC,COM,168905107,4150,110900,SH,,DFND,1.0,0,110900,0
120,CHILDRENS PL INC,COM,168905107,4150,110900,SH,Put,DFND,1.0,0,110900,0
121,CANOPY GROWTH CORP,COM,138035100,6202,383800,SH,,DFND,1.0,0,383800,0
122,CANOPY GROWTH CORP,COM,138035100,6490,401600,SH,Put,DFND,1.0,0,401600,0
123,BOOKING HOLDINGS INC,COM,09857L108,103865,65228,SH,,SOLE,,65228,0,0
124,BOOKING HOLDINGS INC,COM,09857L108,181049,113700,SH,Call,SOLE,,113700,0,0
125,CHARLES RIV LABS INTL INC,COM,159864107,21285,122081,SH,,DFND,1.0,0,122081,0
126,CHARLES RIV LABS INTL INC,COM,159864107,50709,290845,SH,,SOLE,,290845,0,0
127,BED BATH & BEYOND INC,COM,075896100,7100,669800,SH,,DFND,1.0,0,669800,0
128,BED BATH & BEYOND INC,COM,075896100,7100,669800,SH,Put,DFND,1.0,0,669800,0
129,BEYOND MEAT INC,COM,08862E109,5292,39500,SH,,DFND,1.0,0,39500,0
130,BEYOND MEAT INC,COM,08862E109,5292,39500,SH,Put,DFND,1.0,0,39500,0
131,AURORA CANNABIS INC,COM,05156X884,922,74200,SH,,DFND,1.0,0,74200,0
132,AURORA CANNABIS INC,COM,05156X884,993,79952,SH,Put,DFND,1.0,0,79952,0
133,DAVE & BUSTERS ENTMT INC,COM,238337109,1221,91600,SH,,DFND,1.0,0,91600,0
134,DAVE & BUSTERS ENTMT INC,COM,238337109,1221,91600,SH,Put,DFND,1.0,0,91600,0
135,CRONOS GROUP INC,COM,22717L101,3549,590500,SH,,DFND,1.0,0,590500,0
136,CRONOS GROUP INC,COM,22717L101,3665,609800,SH,Put,DFND,1.0,0,609800,0
137,CLEARSIGN TECHNOLOGIES CORP,COM,185064102,168,80900,SH,,DFND,1.0,0,80900,0
138,CLEARSIGN TECHNOLOGIES CORP,COM,185064102,168,80900,SH,Put,DFND,1.0,0,80900,0
139,CLOVIS ONCOLOGY INC,COM,189464100,334,49500,SH,,DFND,1.0,0,49500,0
140,CLOVIS ONCOLOGY INC,COM,189464100,334,49500,SH,Put,DFND,1.0,0,49500,0
141,CONDUENT INC,COM,206787103,1140,477104,SH,,SOLE,,477104,0,0
142,EURONET WORLDWIDE INC,COM,298736109,3114,32500,SH,Call,SOLE,,32500,0,0
143,EVOLUS INC,COM,30052C107,187,35200,SH,,DFND,1.0,0,35200,0
144,EVOLUS INC,COM,30052C107,187,35200,SH,Put,DFND,1.0,0,35200,0
145,ENERGOUS CORP,COM,29272C103,98,34700,SH,,DFND,1.0,0,34700,0
146,ENERGOUS CORP,COM,29272C103,98,34700,SH,Put,DFND,1.0,0,34700,0
147,ESPERION THERAPEUTICS INC NE,COM,29664W105,6840,133300,SH,,DFND,1.0,0,133300,0
148,ESPERION THERAPEUTICS INC NE,COM,29664W105,6840,133300,SH,Put,DFND,1.0,0,133300,0
149,GOGO INC,COM,38046C109,320,101400,SH,,DFND,1.0,0,101400,0
150,GOGO INC,COM,38046C109,320,101400,SH,Put,DFND,1.0,0,101400,0
151,GRUBHUB INC,COM,400110102,7339,104400,SH,,DFND,1.0,0,104400,0
152,GRUBHUB INC,COM,400110102,7339,104400,SH,Put,DFND,1.0,0,104400,0
153,FUELCELL ENERGY INC,COM,35952H601,382,169000,SH,,DFND,1.0,0,169000,0
154,FUELCELL ENERGY INC,COM,35952H601,382,169000,SH,Put,DFND,1.0,0,169000,0
155,HERTZ GLOBAL HLDGS INC,COM,42806J106,1210,857900,SH,Call,DFND,1.0,0,857900,0
156,HERTZ GLOBAL HLDGS INC,COM,42806J106,307,217800,SH,Put,DFND,1.0,0,217800,0
157,HEXO CORP,COM,428304109,16,21900,SH,,DFND,1.0,0,21900,0
158,HEXO CORP,COM,428304109,16,21900,SH,Put,DFND,1.0,0,21900,0
159,HILTON WORLDWIDE HLDGS INC,COM,43300A203,116152,1581380,SH,,SOLE,,1581380,0,0
160,HUBSPOT INC,COM,443573100,1615,7200,SH,,SOLE,,7200,0,0
161,ILLUMINA INC,COM,452327109,1494,4035,SH,,SOLE,,4035,0,0
162,ILLUMINA INC,COM,452327109,7407,20000,SH,Put,SOLE,,20000,0,0
163,TILRAY INC,COM CL 2,88688T100,103,14500,SH,,DFND,1.0,0,14500,0
164,SPIRIT AEROSYSTEMS HLDGS INC,COM CL A,848574109,124840,5214706,SH,,SOLE,,5214706,0,0
165,STITCH FIX INC,COM CL A,860897107,5407,216800,SH,,DFND,1.0,0,216800,0
166,STITCH FIX INC,COM CL A,860897107,5532,221800,SH,Put,DFND,1.0,0,221800,0
167,ZOOMINFO TECHNOLOGIES INC,COM CL A,98980F104,5394,105700,SH,,DFND,1.0,0,105700,0
168,ZOOMINFO TECHNOLOGIES INC,COM CL A,98980F104,5394,105700,SH,Put,DFND,1.0,0,105700,0
169,WARNER MUSIC GROUP CORP,COM CL A,934550203,42041,1425132,SH,,SOLE,,1425132,0,0
170,IHEARTMEDIA INC,COM CL A,45174J509,11543,1382416,SH,,DFND,1.0,0,1382416,0
171,IHEARTMEDIA INC,COM CL A,45174J509,10861,1300717,SH,,SOLE,,1300717,0,0
172,FORTRESS VALUE ACQUISITION C,COM CL A,34962V106,2991,300000,SH,,SOLE,,300000,0,0
173,GORES HLDGS IV INC,COM CL A,382865103,1369,135000,SH,,SOLE,,135000,0,0
174,DRAFTKINGS INC,COM CL A,26142R104,2820,84800,SH,,DFND,1.0,0,84800,0
175,DRAFTKINGS INC,COM CL A,26142R104,2824,84900,SH,Put,DFND,1.0,0,84900,0
176,FAR PT ACQUISITION CORP,COM CL A,30734W109,14042,1371325,SH,,SOLE,,1371325,0,0
177,BLOOM ENERGY CORP,COM CL A,093712107,284,26100,SH,,DFND,1.0,0,26100,0
178,BLOOM ENERGY CORP,COM CL A,093712107,284,26100,SH,Put,DFND,1.0,0,26100,0
179,BRAINSTORM CELL THERAPEUTICS,COM NEW,10501E201,143,12800,SH,,DFND,1.0,0,12800,0
180,BRAINSTORM CELL THERAPEUTICS,COM NEW,10501E201,143,12800,SH,Put,DFND,1.0,0,12800,0
181,CHEMBIO DIAGNOSTICS INC,COM NEW,163572209,110,33900,SH,,DFND,1.0,0,33900,0
182,CHEMBIO DIAGNOSTICS INC,COM NEW,163572209,110,33900,SH,Put,DFND,1.0,0,33900,0
183,AMYRIS INC,COM NEW,03236M200,64,15000,SH,,DFND,1.0,0,15000,0
184,AMYRIS INC,COM NEW,03236M200,64,15000,SH,Put,DFND,1.0,0,15000,0
185,INOVIO PHARMACEUTICALS INC,COM NEW,45773H201,8309,308300,SH,,DFND,1.0,0,308300,0
186,INOVIO PHARMACEUTICALS INC,COM NEW,45773H201,2695,100000,SH,Call,DFND,1.0,0,100000,0
187,INOVIO PHARMACEUTICALS INC,COM NEW,45773H201,11341,420800,SH,Put,DFND,1.0,0,420800,0
188,WORKHORSE GROUP INC,COM NEW,98138J206,4299,247200,SH,Call,DFND,1.0,0,247200,0
189,SORRENTO THERAPEUTICS INC,COM NEW,83587F202,664,105700,SH,,DFND,1.0,0,105700,0
190,SORRENTO THERAPEUTICS INC,COM NEW,83587F202,664,105700,SH,Put,DFND,1.0,0,105700,0
191,YRC WORLDWIDE INC,COM PAR $.01,984249607,131,70700,SH,,DFND,1.0,0,70700,0
192,YRC WORLDWIDE INC,COM PAR $.01,984249607,131,70700,SH,Put,DFND,1.0,0,70700,0
193,LIBERTY MEDIA CORP DEL,COM SER C FRMLA,531229854,181880,5735728,SH,,SOLE,,5735728,0,0
194,CLEVELAND CLIFFS INC,DBCV 1.500% 1/1,185899AA9,19905,21775000,PRN,,SOLE,,21775000,0,0
195,NRG ENERGY INC,DBCV 2.750% 6/0,629377CG5,14598,14339000,PRN,,SOLE,,14339000,0,0
196,RESTORATION HARDWARE HLDGS I,DBCV 7/1,761283AC4,15592,8000000,PRN,,SOLE,,8000000,0,0
197,CHEGG INC,NOTE 0.125% 3/1,163092AD1,7796,5500000,PRN,,SOLE,,5500000,0,0
198,COUPA SOFTWARE INC,NOTE 0.125% 6/1,22266LAC0,157501,86730000,PRN,,SOLE,,86730000,0,0
199,ZENDESK INC,NOTE 0.250% 3/1,98936JAB7,3370,2250000,PRN,,SOLE,,2250000,0,0
200,CHEGG INC,NOTE 0.250% 5/1,163092AB5,28518,11348000,PRN,,SOLE,,11348000,0,0
201,WORKDAY INC,NOTE 0.250%10/0,98138HAF8,40316,29211000,PRN,,SOLE,,29211000,0,0
202,EXACT SCIENCES CORP,NOTE 0.375% 3/0,30063PAC9,7198,7500000,PRN,,SOLE,,7500000,0,0
203,CHINA LODGING GROUP LTD,NOTE 0.375%11/0,16949NAC3,2514,2500000,PRN,,SOLE,,2500000,0,0
204,SQUARE INC,NOTE 0.500% 5/1,852234AD5,2234,1500000,PRN,,SOLE,,1500000,0,0
205,SYNAPTICS INC,NOTE 0.500% 6/1,87157DAD1,37134,34750000,PRN,,SOLE,,34750000,0,0
206,SPLUNK INC,NOTE 0.500% 9/1,848637AC8,5604,3893000,PRN,,SOLE,,3893000,0,0
207,DOCUSIGN INC,NOTE 0.500% 9/1,256163AB2,76280,31306000,PRN,,SOLE,,31306000,0,0
208,YY INC,NOTE 0.750% 6/1,98426TAD8,24891,22725000,PRN,,SOLE,,22725000,0,0
209,DEXCOM INC,NOTE 0.750%12/0,252131AH0,62175,25000000,PRN,,SOLE,,25000000,0,0
210,FORTIVE CORP,NOTE 0.875% 2/1,34959JAK4,22043,22500000,PRN,,SOLE,,22500000,0,0
211,PRICELINE GRP INC,NOTE 0.900% 9/1,741503AX4,29730,28000000,PRN,,SOLE,,28000000,0,0
212,ISIS PHARMACEUTICALS INC DEL,NOTE 1.000%11/1,464337AJ3,6886,6250000,PRN,,SOLE,,6250000,0,0
213,ON SEMICONDUCTOR CORP,NOTE 1.000%12/0,682189AK1,44481,38000000,PRN,,SOLE,,38000000,0,0
214,SPLUNK INC,NOTE 1.125% 9/1,848637AD6,70448,48000000,PRN,,SOLE,,48000000,0,0
215,WAYFAIR INC,NOTE 1.125%11/0,94419LAD3,40349,22500000,PRN,,SOLE,,22500000,0,0
216,TESLA INC,NOTE 1.250% 3/0,88160RAC5,536585,178644000,PRN,,SOLE,,178644000,0,0
217,GUIDEWIRE SOFTWARE INC,NOTE 1.250% 3/1,40171VAA8,9901,8500000,PRN,,SOLE,,8500000,0,0
218,SOUTHWEST AIRLS CO,NOTE 1.250% 5/0,844741BG2,70836,59000000,PRN,,SOLE,,59000000,0,0
219,MOMO INC,NOTE 1.250% 7/0,60879BAB3,6941,9000000,PRN,,SOLE,,9000000,0,0
220,BILIBILI INC,NOTE 1.375% 4/0,090040AB2,34496,18000000,PRN,,SOLE,,18000000,0,0
221,BIOMARIN PHARMACEUTICAL INC,NOTE 1.500%10/1,09061GAF8,15846,12000000,PRN,,SOLE,,12000000,0,0
222,MICROCHIP TECHNOLOGY INC.,NOTE 1.625% 2/1,595017AD6,87271,38980000,PRN,,DFND,1.0,0,38980000,0
223,BAOZUN INC,NOTE 1.625% 5/0,06684LAB9,10105,10447000,PRN,,SOLE,,10447000,0,0
224,TTM TECHNOLOGIES INC,NOTE 1.750%12/1,87305RAD1,8807,7000000,PRN,,SOLE,,7000000,0,0
225,JAZZ INVESTMENTS I LTD,NOTE 1.875% 8/1,472145AB7,8356,8500000,PRN,,SOLE,,8500000,0,0
226,IQIYI INC,NOTE 2.000% 4/0,46267XAD0,4470,4500000,PRN,,SOLE,,4500000,0,0
227,TESLA INC,NOTE 2.000% 5/1,88160RAG6,166784,47500000,PRN,,SOLE,,47500000,0,0
228,GDS HLDGS LTD,NOTE 2.000% 6/0,36165LAB4,44381,27400000,PRN,,SOLE,,27400000,0,0
229,ADVANCED MICRO DEVICES INC,NOTE 2.125% 9/0,007903BD8,362060,55122000,PRN,,SOLE,,55122000,0,0
230,MICROCHIP TECHNOLOGY INC.,NOTE 2.250% 2/1,595017AH7,18285,12500000,PRN,,DFND,1.0,0,12500000,0
231,NUVASIVE INC,NOTE 2.250% 3/1,670704AG0,41122,37500000,PRN,,SOLE,,37500000,0,0
232,TESLA INC,NOTE 2.375% 3/1,88160RAD3,164322,49500000,PRN,,SOLE,,49500000,0,0
233,OASIS PETROLEUM INC,NOTE 2.625% 9/1,674215AJ7,640,4000000,PRN,,SOLE,,4000000,0,0
234,PENN NATL GAMING INC,NOTE 2.750% 5/1,707569AU3,18415,12278000,PRN,,SOLE,,12278000,0,0
235,ISTAR INC,NOTE 3.125% 9/1,45031UCB5,26338,24500000,PRN,,SOLE,,24500000,0,0
236,WORLD WRESTLING ENTMT INC,NOTE 3.375%12/1,98156QAB4,18655,10000000,PRN,,SOLE,,10000000,0,0
237,ETSY INC,NOTE 3/0,29786AAC0,44057,15000000,PRN,,SOLE,,15000000,0,0
238,AMERICAN AIRLS GROUP INC,NOTE 6.500% 7/0,02376RAF9,2352,2500000,PRN,,SOLE,,2500000,0,0
239,RH,NOTE 6/1,74967XAA1,39971,28500000,PRN,,SOLE,,28500000,0,0
240,WIX COM LTD,NOTE 7/0,92940WAB5,7431,3998000,PRN,,SOLE,,3998000,0,0
241,T-MOBILE US INC,RIGHT 07/27/2020,872590112,87,549857,SH,,SOLE,,549857,0,0
242,WAVE LIFE SCIENCES LTD,SHS,Y95308105,1251,120200,SH,,DFND,1.0,0,120200,0
243,NORWEGIAN CRUISE LINE HLDG L,SHS,G66721104,4740,288500,SH,,DFND,1.0,0,288500,0
244,NORWEGIAN CRUISE LINE HLDG L,SHS,G66721104,4740,288500,SH,Put,DFND,1.0,0,288500,0
245,MALLINCKRODT PUB LTD CO,SHS,G5785G107,435,162200,SH,,DFND,1.0,0,162200,0
246,MALLINCKRODT PUB LTD CO,SHS,G5785G107,435,162200,SH,Put,DFND,1.0,0,162200,0
247,APTIV PLC,SHS,G6095L109,4044,51895,SH,,SOLE,,51895,0,0
248,YANDEX N V,SHS CLASS A,N97284108,39421,788100,SH,Put,SOLE,,788100,0,0
249,VALARIS PLC,SHS CLASS A,G9402V109,157,240700,SH,,DFND,1.0,0,240700,0
250,VALARIS PLC,SHS CLASS A,G9402V109,157,240700,SH,Put,DFND,1.0,0,240700,0
251,CANADA GOOSE HLDGS INC,SHS SUB VTG,135086106,3598,155300,SH,,DFND,1.0,0,155300,0
252,CANADA GOOSE HLDGS INC,SHS SUB VTG,135086106,3598,155300,SH,Put,DFND,1.0,0,155300,0
253,AUTOHOME INC,SP ADR RP CL A,05278C107,107500,1423842,SH,,SOLE,,1423842,0,0
254,UNITED MICROELECTRONICS CORP,SPON ADR NEW,910873405,18648,7063778,SH,,SOLE,,7063778,0,0
255,PAMPA ENERGIA S A,SPONS ADR LVL I,697660207,2848,271509,SH,,DFND,1.0,0,271509,0
256,PAMPA ENERGIA S A,SPONS ADR LVL I,697660207,15378,1465973,SH,,SOLE,,1465973,0,0
257,BILIBILI INC,SPONS ADS REP Z,090040106,54885,1184900,SH,Put,SOLE,,1184900,0,0
258,BHP GROUP PLC,SPONSORED ADR,05545E209,19988,485724,SH,,SOLE,,485724,0,0
259,ANHEUSER BUSCH INBEV SA/NV,SPONSORED ADR,03524A108,57387,1164035,SH,,SOLE,,1164035,0,0
260,ANHEUSER BUSCH INBEV SA/NV,SPONSORED ADR,03524A108,168128,3410300,SH,Call,SOLE,,3410300,0,0
261,BAOZUN INC,SPONSORED ADR,06684L103,1227,31900,SH,,DFND,1.0,0,31900,0
262,BAOZUN INC,SPONSORED ADR,06684L103,1230,32000,SH,Put,DFND,1.0,0,32000,0
263,BAOZUN INC,SPONSORED ADR,06684L103,4116,107053,SH,,SOLE,,107053,0,0
264,BAOZUN INC,SPONSORED ADR,06684L103,4333,112700,SH,Call,SOLE,,112700,0,0
265,BAOZUN INC,SPONSORED ADR,06684L103,10228,266000,SH,Put,SOLE,,266000,0,0
266,LINE CORP,SPONSORED ADR,53567X101,496,9900,SH,,SOLE,,9900,0,0
267,IQIYI INC,SPONSORED ADS,46267X108,67325,2903200,SH,Put,SOLE,,2903200,0,0
268,REDHILL BIOPHARMA LTD,SPONSORED ADS,757468103,176,26300,SH,,DFND,1.0,0,26300,0
269,REDHILL BIOPHARMA LTD,SPONSORED ADS,757468103,176,26300,SH,Put,DFND,1.0,0,26300,0
270,SEA LTD,SPONSORED ADS,81141R100,28451,265300,SH,Put,SOLE,,265300,0,0
271,ALIBABA GROUP HLDG LTD,SPONSORED ADS,01609W102,256250,1187992,SH,,SOLE,,1187992,0,0
272,ALIBABA GROUP HLDG LTD,SPONSORED ADS,01609W102,670698,3109400,SH,Call,SOLE,,3109400,0,0
273,GSX TECHEDU INC,SPONSORED ADS,36257Y109,20133,335600,SH,Call,DFND,1.0,0,335600,0
274,GSX TECHEDU INC,SPONSORED ADS,36257Y109,20253,337600,SH,Put,DFND,1.0,0,337600,0
275,GDS HLDGS LTD,SPONSORED ADS,36165L108,52018,653000,SH,Put,SOLE,,653000,0,0
276,GORES HLDGS IV INC,UNIT 02/01/2023,382865202,6,600,SH,,SOLE,,600,0,0
277,HUDSON EXECUTIVE INVT CORP,UNIT 06/21/2025,443761200,18348,1790000,SH,,SOLE,,1790000,0,0
278,NEXTERA ENERGY INC,UNIT 09/01/2022S,65339F796,35355,725000,SH,,DFND,1.0,0,725000,0
279,LONGVIEW ACQUISITION CORP,UNIT 99/99/9999,543195200,2525,250000,SH,,SOLE,,250000,0,0
280,TREBIA ACQUISITION CORP,UNIT 99/99/9999,G9027T125,12958,1240000,SH,,SOLE,,1240000,0,0
281,GS ACQUISITION HLDGS CORP II,UNIT 99/99/9999,36258Q204,13138,1250000,SH,,SOLE,,1250000,0,0
282,FOLEY TRASIMENE ACQUISTN COR,UNIT 99/99/9999,34431F203,1825,171050,SH,,SOLE,,171050,0,0
283,FUSION ACQUISITION CORP,UNIT 99/99/9999,36118H204,14224,1400000,SH,,SOLE,,1400000,0,0
284,FORTRESS VALUE ACQUISITION C,UNIT 99/99/9999,34962V205,3086,299634,SH,,SOLE,,299634,0,0
285,DOMINION ENERGY INC,UNIT 99/99/9999,25746U133,13237,130000,SH,,DFND,1.0,0,130000,0
286,CARNIVAL CORP,UNIT 99/99/9999,143658300,13118,798900,SH,,DFND,1.0,0,798900,0
287,CARNIVAL CORP,UNIT 99/99/9999,143658300,12478,759900,SH,Put,DFND,1.0,0,759900,0
288,CARNIVAL CORP,UNIT 99/99/9999,143658300,2809,171100,SH,Put,SOLE,,171100,0,0
