,NAME OF ISSUER,TITLE OF CLASS,CUSIP,(x$1000),PRN AMT,PRN,CALL,DISCRETION,MANAGER,SOLE,SHARED,NONE
0,21VIANET GROUP INC,SPONSORED ADR,90138A103,3184,174197,SH,,DFND,1.0,0,174197,0
1,21VIANET GROUP INC,SPONSORED ADR,90138A103,41253,2256744,SH,,SOLE,,2256744,0,0
2,3-D SYS CORP DEL,COM NEW,88554D205,7603,658300,SH,,DFND,1.0,0,658300,0
3,3-D SYS CORP DEL,COM NEW,88554D205,4401,381000,SH,Call,DFND,1.0,0,381000,0
4,3-D SYS CORP DEL,COM NEW,88554D205,12004,1039300,SH,Put,DFND,1.0,0,1039300,0
5,3M CO,COM,88579Y101,1177,8300,SH,Put,DFND,1.0,0,8300,0
6,3M CO,COM,88579Y101,41354,291700,SH,Put,SOLE,,291700,0,0
7,58 COM INC,SPON ADR REP A,31680Q104,7185,152711,SH,,DFND,1.0,0,152711,0
8,58 COM INC,SPON ADR REP A,31680Q104,1294,27510,SH,Call,DFND,1.0,0,27510,0
9,58 COM INC,SPON ADR REP A,31680Q104,143639,3052906,SH,,SOLE,,3052906,0,0
10,58 COM INC,SPON ADR REP A,31680Q104,25876,549967,SH,Call,SOLE,,549967,0,0
11,ABBOTT LABS,COM,002824100,237,5886,SH,,DFND,1.0,0,5886,0
12,ABBOTT LABS,COM,002824100,676,16800,SH,Call,DFND,1.0,0,16800,0
13,ABBOTT LABS,COM,002824100,7914,196763,SH,,SOLE,,196763,0,0
14,ABBOTT LABS,COM,002824100,22680,563900,SH,Call,SOLE,,563900,0,0
15,ABBVIE INC,COM,00287Y109,11829,217400,SH,Call,DFND,1.0,0,217400,0
16,ABBVIE INC,COM,00287Y109,315447,5797600,SH,Call,SOLE,,5797600,0,0
17,ADVANCED SEMICONDUCTOR ENGR,SPONSORED ADR,00756M404,64,11725,SH,,DFND,1.0,0,11725,0
18,ADVANCED SEMICONDUCTOR ENGR,SPONSORED ADR,00756M404,979,178275,SH,,SOLE,,178275,0,0
19,AETNA INC NEW,COM,00817Y108,15368,140458,SH,,DFND,1.0,0,140458,0
20,AETNA INC NEW,COM,00817Y108,5044,46100,SH,Call,DFND,1.0,0,46100,0
21,AETNA INC NEW,COM,00817Y108,395259,3612643,SH,,SOLE,,3612643,0,0
22,AETNA INC NEW,COM,00817Y108,151434,1384100,SH,Call,SOLE,,1384100,0,0
23,AGILENT TECHNOLOGIES INC,COM,00846U101,6523,190006,SH,,DFND,1.0,0,190006,0
24,AGILENT TECHNOLOGIES INC,COM,00846U101,814,23700,SH,Call,DFND,1.0,0,23700,0
25,AGILENT TECHNOLOGIES INC,COM,00846U101,196646,5728118,SH,,SOLE,,5728118,0,0
26,AGILENT TECHNOLOGIES INC,COM,00846U101,27612,804300,SH,Call,SOLE,,804300,0,0
27,AIR PRODS & CHEMS INC,COM,009158106,17661,138433,SH,,DFND,1.0,0,138433,0
28,AIR PRODS & CHEMS INC,COM,009158106,7987,62600,SH,Call,DFND,1.0,0,62600,0
29,AIR PRODS & CHEMS INC,COM,009158106,529403,4149576,SH,,SOLE,,4149576,0,0
30,AIR PRODS & CHEMS INC,COM,009158106,245910,1927500,SH,Call,SOLE,,1927500,0,0
31,ALCOA INC,DEP SHS 1/10TH,013817101,318,32873,SH,,DFND,1.0,0,32873,0
32,ALCOA INC,DEP SHS 1/10TH,013817101,10830,1121133,SH,,SOLE,,1121133,0,0
33,ALIBABA GROUP HLDG LTD,SPONSORED ADS,01609W102,18790,318641,SH,,DFND,1.0,0,318641,0
34,ALIBABA GROUP HLDG LTD,SPONSORED ADS,01609W102,419,7100,SH,Call,DFND,1.0,0,7100,0
35,ALIBABA GROUP HLDG LTD,SPONSORED ADS,01609W102,403997,6850898,SH,,SOLE,,6850898,0,0
36,ALIBABA GROUP HLDG LTD,SPONSORED ADS,01609W102,14288,242300,SH,Call,SOLE,,242300,0,0
37,ALLERGAN PLC,SHS,G0177J108,36147,132987,SH,,DFND,1.0,0,132987,0
38,ALLERGAN PLC,SHS,G0177J108,1061005,3903479,SH,,SOLE,,3903479,0,0
39,AMAZON COM INC,COM,023135106,2611,5100,SH,Put,DFND,1.0,0,5100,0
40,AMAZON COM INC,COM,023135106,103504,202200,SH,Put,SOLE,,202200,0,0
41,AMBARELLA INC,SHS,G037AX101,15014,259800,SH,,DFND,1.0,0,259800,0
42,AMBARELLA INC,SHS,G037AX101,11558,200000,SH,Call,DFND,1.0,0,200000,0
43,AMBARELLA INC,SHS,G037AX101,18256,315900,SH,Put,DFND,1.0,0,315900,0
44,AMBEV SA,SPONSORED ADR,02319V103,1241,253339,SH,,DFND,1.0,0,253339,0
45,AMBEV SA,SPONSORED ADR,02319V103,956,195100,SH,Call,DFND,1.0,0,195100,0
46,AMBEV SA,SPONSORED ADR,02319V103,30478,6220070,SH,,SOLE,,6220070,0,0
47,AMBEV SA,SPONSORED ADR,02319V103,23544,4804900,SH,Call,SOLE,,4804900,0,0
48,AMERICA MOVIL SAB DE CV,SPON ADR L SHS,02364W105,82,4933,SH,,DFND,1.0,0,4933,0
49,AMERICA MOVIL SAB DE CV,SPON ADR L SHS,02364W105,2938,177519,SH,,SOLE,,177519,0,0
50,AMERISOURCEBERGEN CORP,COM,03073E105,477,5025,SH,,DFND,1.0,0,5025,0
51,AMERISOURCEBERGEN CORP,COM,03073E105,1396,14700,SH,Call,DFND,1.0,0,14700,0
52,AMERISOURCEBERGEN CORP,COM,03073E105,16018,168625,SH,,SOLE,,168625,0,0
53,AMERISOURCEBERGEN CORP,COM,03073E105,47305,498000,SH,Call,SOLE,,498000,0,0
54,AMGEN INC,COM,031162100,693,5008,SH,,DFND,1.0,0,5008,0
55,AMGEN INC,COM,031162100,2006,14500,SH,Call,DFND,1.0,0,14500,0
56,AMGEN INC,COM,031162100,23379,169018,SH,,SOLE,,169018,0,0
57,AMGEN INC,COM,031162100,68261,493500,SH,Call,SOLE,,493500,0,0
58,ANADARKO PETE CORP,UNIT 99/99/9999,032511404,144,3890,SH,,DFND,1.0,0,3890,0
59,ANADARKO PETE CORP,UNIT 99/99/9999,032511404,5148,138649,SH,,SOLE,,138649,0,0
60,ANHEUSER BUSCH INBEV SA/NV,SPONSORED ADR,03524A108,2656,24982,SH,,DFND,1.0,0,24982,0
61,ANHEUSER BUSCH INBEV SA/NV,SPONSORED ADR,03524A108,10143,95400,SH,Call,DFND,1.0,0,69600,0
62,ANHEUSER BUSCH INBEV SA/NV,SPONSORED ADR,03524A108,61587,579258,SH,,SOLE,,579258,0,0
63,ANHEUSER BUSCH INBEV SA/NV,SPONSORED ADR,03524A108,244036,2295300,SH,Call,SOLE,,1671100,0,0
64,APPLE INC,COM,037833100,893,8100,SH,Call,DFND,1.0,0,8100,0
65,APPLE INC,COM,037833100,893,8100,SH,Put,DFND,1.0,0,8100,0
66,APPLE INC,COM,037833100,30807,279300,SH,Call,SOLE,,279300,0,0
67,APPLE INC,COM,037833100,30950,280600,SH,Put,SOLE,,280600,0,0
68,APPLIED MATLS INC,COM,038222105,229,15567,SH,,DFND,1.0,0,15567,0
69,APPLIED MATLS INC,COM,038222105,8227,560027,SH,,SOLE,,560027,0,0
70,ARCELORMITTAL SA LUXEMBOURG,NY REGISTRY SH,03938L104,252,48900,SH,Call,DFND,1.0,0,48900,0
71,ARCELORMITTAL SA LUXEMBOURG,NY REGISTRY SH,03938L104,71,13700,SH,Put,DFND,1.0,0,13700,0
72,ARCELORMITTAL SA LUXEMBOURG,NY REGISTRY SH,03938L104,8955,1738900,SH,Call,SOLE,,1738900,0,0
73,ARCELORMITTAL SA LUXEMBOURG,NY REGISTRY SH,03938L104,2512,487700,SH,Put,SOLE,,487700,0,0
74,ARCELORMITTAL SA LUXEMBOURG,MAND CV NT 16,L0302D178,929,111624,SH,,DFND,1.0,0,111624,0
75,ARCELORMITTAL SA LUXEMBOURG,MAND CV NT 16,L0302D178,33123,3978873,SH,,SOLE,,3978873,0,0
76,ARVINMERITOR INC,FRNT 4.625% 3/0,043353AF8,302,298000,PRN,,DFND,1.0,0,298000,0
77,ARVINMERITOR INC,FRNT 4.625% 3/0,043353AF8,11989,11834000,PRN,,SOLE,,11834000,0,0
78,ARVINMERITOR INC,FRNT 4.000% 2/1,043353AH4,785,784000,PRN,,DFND,1.0,0,784000,0
79,ARVINMERITOR INC,FRNT 4.000% 2/1,043353AH4,27953,27919000,PRN,,SOLE,,27919000,0,0
80,ASCENA RETAIL GROUP INC,COM,04351G101,329,23632,SH,,DFND,1.0,0,23632,0
81,ASCENA RETAIL GROUP INC,COM,04351G101,1129,81200,SH,Call,DFND,1.0,0,81200,0
82,ASCENA RETAIL GROUP INC,COM,04351G101,11690,840422,SH,,SOLE,,840422,0,0
83,ASCENA RETAIL GROUP INC,COM,04351G101,39093,2810400,SH,Call,SOLE,,2810400,0,0
84,ATMEL CORP,COM,049513104,68,8400,SH,Call,DFND,1.0,0,8400,0
85,ATMEL CORP,COM,049513104,2275,281900,SH,Call,SOLE,,281900,0,0
86,AUTODESK INC,COM,052769106,110,2486,SH,,DFND,1.0,0,2486,0
87,AUTODESK INC,COM,052769106,6070,137514,SH,,SOLE,,137514,0,0
88,AUTONATION INC,COM,05329W102,242,4166,SH,,DFND,1.0,0,4166,0
89,AUTONATION INC,COM,05329W102,8485,145834,SH,,SOLE,,145834,0,0
90,AVAGO TECHNOLOGIES LTD,SHS,Y0486S104,12307,98447,SH,,DFND,1.0,0,98447,0
91,AVAGO TECHNOLOGIES LTD,SHS,Y0486S104,2113,16900,SH,Call,DFND,1.0,0,16900,0
92,AVAGO TECHNOLOGIES LTD,SHS,Y0486S104,368919,2951116,SH,,SOLE,,2951116,0,0
93,AVAGO TECHNOLOGIES LTD,SHS,Y0486S104,59742,477900,SH,Call,SOLE,,477900,0,0
94,AXIALL CORP,COM,05463D100,63,4000,SH,Call,DFND,1.0,0,4000,0
95,AXIALL CORP,COM,05463D100,2016,128500,SH,Call,SOLE,,128500,0,0
96,B/E AEROSPACE INC,COM,073302101,1264,28798,SH,,DFND,1.0,0,28798,0
97,B/E AEROSPACE INC,COM,073302101,2858,65100,SH,Call,DFND,1.0,0,65100,0
98,B/E AEROSPACE INC,COM,073302101,98410,2241685,SH,,SOLE,,2241685,0,0
99,B/E AEROSPACE INC,COM,073302101,109236,2488300,SH,Call,SOLE,,2488300,0,0
100,BALL CORP,COM,058498106,3813,61300,SH,Call,DFND,1.0,0,61300,0
101,BALL CORP,COM,058498106,6,100,SH,,SOLE,,100,0,0
102,BALL CORP,COM,058498106,205335,3301200,SH,Call,SOLE,,3301200,0,0
103,BANK AMER CORP,COM,060505104,6720,431352,SH,,DFND,1.0,0,431352,0
104,BANK AMER CORP,COM,060505104,3303,212000,SH,Call,DFND,1.0,0,212000,0
105,BANK AMER CORP,COM,060505104,180621,11593128,SH,,SOLE,,11593128,0,0
106,BANK AMER CORP,COM,060505104,179225,11503500,SH,Call,SOLE,,11503500,0,0
107,BANK AMER CORP,7.25%CNV PFD L,060505682,13352,12349,SH,,DFND,1.0,0,12349,0
108,BANK NEW YORK MELLON CORP,COM,064058100,9526,243322,SH,,DFND,1.0,0,243322,0
109,BANK NEW YORK MELLON CORP,COM,064058100,246317,6291629,SH,,SOLE,,6291629,0,0
110,BAXTER INTL INC,COM,071813109,559,17005,SH,,DFND,1.0,0,17005,0
111,BAXTER INTL INC,COM,071813109,1100,33500,SH,Call,DFND,1.0,0,33500,0
112,BAXTER INTL INC,COM,071813109,18480,562554,SH,,SOLE,,562554,0,0
113,BAXTER INTL INC,COM,071813109,36930,1124200,SH,Call,SOLE,,1124200,0,0
114,BEAZER HOMES USA INC,COM NEW,07556Q881,22,1677,SH,,DFND,1.0,0,1677,0
115,BEAZER HOMES USA INC,COM NEW,07556Q881,244,18277,SH,,SOLE,,18277,0,0
116,BEST BUY INC,COM,086516101,427,11500,SH,,SOLE,,11500,0,0
117,BEST BUY INC,COM,086516101,3712,100000,SH,Put,SOLE,,100000,0,0
118,BITAUTO HLDGS LTD,SPONSORED ADS,091727107,3258,109444,SH,,DFND,1.0,0,109444,0
119,BITAUTO HLDGS LTD,SPONSORED ADS,091727107,65136,2187971,SH,,SOLE,,2187971,0,0
120,BLACK STONE MINERALS L P,COM UNIT,09225M101,16876,1222865,SH,,DFND,1.0,0,1222865,0
121,BLACK STONE MINERALS L P,COM UNIT,09225M101,42162,3055235,SH,,SOLE,,3055235,0,0
122,BLACKHAWK NETWORK HLDGS INC,COM,09238E104,4222,16160,SH,Call,SOLE,,16160,0,0
123,BLACKSTONE GROUP L P,COM UNIT LTD,09253U108,5127,161900,SH,Put,DFND,1.0,0,161900,0
124,BLACKSTONE GROUP L P,COM UNIT LTD,09253U108,9545,301400,SH,Put,SOLE,,301400,0,0
125,BOEING CO,COM,097023105,694,5300,SH,Put,DFND,1.0,0,5300,0
126,BOEING CO,COM,097023105,24042,183600,SH,Put,SOLE,,183600,0,0
127,BOFI HLDG INC,COM,05566U108,3414,26500,SH,,DFND,1.0,0,26500,0
128,BOFI HLDG INC,COM,05566U108,3414,26500,SH,Put,DFND,1.0,0,26500,0
129,BOX INC,CL A,10316T104,693,55100,SH,,DFND,1.0,0,55100,0
130,BROADCOM CORP,CL A,111320107,4723,91833,SH,,DFND,1.0,0,91833,0
131,BROADCOM CORP,CL A,111320107,118,2300,SH,Put,DFND,1.0,0,2300,0
132,BROADCOM CORP,CL A,111320107,145727,2833511,SH,,SOLE,,2833511,0,0
133,CABLEVISION SYS CORP,CL A NY CABLVS,12686C109,497,15300,SH,Call,DFND,1.0,0,15300,0
134,CABLEVISION SYS CORP,CL A NY CABLVS,12686C109,16394,504900,SH,Call,SOLE,,504900,0,0
135,CAESARS ACQUISITION CO,CL A,12768T103,885,120379,SH,,DFND,1.0,0,120379,0
136,CAESARS ACQUISITION CO,CL A,12768T103,5266,741724,SH,,SOLE,,741724,0,0
137,CANADIAN PAC RY LTD,COM,13645T100,17089,119115,SH,,DFND,1.0,0,119115,0
138,CANADIAN PAC RY LTD,COM,13645T100,528043,3680641,SH,,SOLE,,3680641,0,0
139,CATERPILLAR INC DEL,COM,149123101,1431,21900,SH,Call,DFND,1.0,0,21900,0
140,CATERPILLAR INC DEL,COM,149123101,37497,573700,SH,Call,SOLE,,573700,0,0
141,CEMEX SAB DE CV,SPON ADR NEW,151290889,29,4104,SH,Put,DFND,1.0,0,4104,0
142,CEMEX SAB DE CV,SPON ADR NEW,151290889,1039,148608,SH,Put,SOLE,,148608,0,0
143,CHARTER COMMUNICATIONS INC D,CL A NEW,16117M305,14770,83993,SH,,DFND,1.0,0,83993,0
144,CHARTER COMMUNICATIONS INC D,CL A NEW,16117M305,404,2300,SH,Call,DFND,1.0,0,2300,0
145,CHARTER COMMUNICATIONS INC D,CL A NEW,16117M305,291757,1659123,SH,,SOLE,,1659123,0,0
146,CHARTER COMMUNICATIONS INC D,CL A NEW,16117M305,22526,128100,SH,Call,SOLE,,128100,0,0
147,CHECK POINT SOFTWARE TECH LT,ORD,M22465104,539,6800,SH,Put,DFND,1.0,0,6800,0
148,CHECK POINT SOFTWARE TECH LT,ORD,M22465104,19293,243200,SH,Put,SOLE,,243200,0,0
149,CHENIERE ENERGY INC,COM NEW,16411R208,174,3600,SH,Call,DFND,1.0,0,3600,0
150,CHENIERE ENERGY INC,COM NEW,16411R208,6100,126300,SH,Call,SOLE,,126300,0,0
151,CHENIERE ENERGY INC,NOTE 4.250% 3/1,16411RAG4,572,912000,PRN,,DFND,1.0,0,912000,0
152,CHENIERE ENERGY INC,NOTE 4.250% 3/1,16411RAG4,20389,32493000,PRN,,SOLE,,32493000,0,0
153,CHESAPEAKE ENERGY CORP,COM,165167107,1814,247500,SH,,DFND,1.0,0,247500,0
154,CHESAPEAKE ENERGY CORP,COM,165167107,1505,205300,SH,Call,DFND,1.0,0,205300,0
155,CHESAPEAKE ENERGY CORP,COM,165167107,3449,470600,SH,Put,DFND,1.0,0,470600,0
156,CHESAPEAKE ENERGY CORP,COM,165167107,52212,7123000,SH,Put,SOLE,,7123000,0,0
157,CHICAGO BRIDGE & IRON CO N V,COM,167250109,117,2946,SH,,DFND,1.0,0,2946,0
158,CHICAGO BRIDGE & IRON CO N V,COM,167250109,119,3000,SH,Put,DFND,1.0,0,3000,0
159,CHICAGO BRIDGE & IRON CO N V,COM,167250109,3915,98716,SH,,SOLE,,98716,0,0
160,CHICAGO BRIDGE & IRON CO N V,COM,167250109,3914,98700,SH,Put,SOLE,,98700,0,0
161,CIMPRESS N V,SHS EURO,N20146101,3608,47400,SH,,DFND,1.0,0,47400,0
162,CIMPRESS N V,SHS EURO,N20146101,3806,50000,SH,Call,DFND,1.0,0,50000,0
163,CIMPRESS N V,SHS EURO,N20146101,3669,48200,SH,Put,DFND,1.0,0,48200,0
164,CLIFFS NAT RES INC,COM,18683K101,24,10000,SH,,DFND,1.0,0,10000,0
165,CLIFFS NAT RES INC,COM,18683K101,24,100,SH,Put,DFND,1.0,0,100,0
166,CME GROUP INC,COM,12572Q105,2782,30000,SH,,SOLE,,30000,0,0
167,COBALT INTL ENERGY INC,NOTE 3.125% 5/1,19075FAB2,787,1243000,PRN,,DFND,1.0,0,1243000,0
168,COBALT INTL ENERGY INC,NOTE 3.125% 5/1,19075FAB2,28031,44290000,PRN,,SOLE,,44290000,0,0
169,COCA COLA ENTERPRISES INC NE,COM,19122T109,294,6079,SH,,DFND,1.0,0,6079,0
170,COCA COLA ENTERPRISES INC NE,COM,19122T109,13671,282761,SH,,SOLE,,282761,0,0
171,COMCAST CORP NEW,CL A,20030N101,13941,245099,SH,,DFND,1.0,0,245099,0
172,COMCAST CORP NEW,CL A,20030N101,529156,9303029,SH,,SOLE,,9303029,0,0
173,CONOCOPHILLIPS,COM,20825C104,2101,43800,SH,Call,DFND,1.0,0,43800,0
174,CONOCOPHILLIPS,COM,20825C104,54540,1137200,SH,Call,SOLE,,1137200,0,0
175,CONSOL ENERGY INC,COM,20854P109,5275,538300,SH,Put,SOLE,,538300,0,0
176,CONTAINER STORE GROUP INC,COM,210751103,910,64600,SH,,DFND,1.0,0,64600,0
177,CORNING INC,COM,219350105,197,11529,SH,,DFND,1.0,0,11529,0
178,CORNING INC,COM,219350105,6730,393121,SH,,SOLE,,393121,0,0
179,CTRIP COM INTL LTD,AMERICAN DEP SHS,22943F100,1279,20246,SH,,DFND,1.0,0,20246,0
180,CTRIP COM INTL LTD,AMERICAN DEP SHS,22943F100,158,2500,SH,Call,DFND,1.0,0,2500,0
181,CTRIP COM INTL LTD,AMERICAN DEP SHS,22943F100,3007,47600,SH,Put,DFND,1.0,0,47600,0
182,CTRIP COM INTL LTD,AMERICAN DEP SHS,22943F100,7677,121505,SH,,SOLE,,121505,0,0
183,CTRIP COM INTL LTD,AMERICAN DEP SHS,22943F100,5313,84100,SH,Call,SOLE,,84100,0,0
184,CTRIP COM INTL LTD,AMERICAN DEP SHS,22943F100,107198,1696700,SH,Put,SOLE,,1696700,0,0
185,CTRIP COM INTL LTD,NOTE 1.250%10/1,22943FAD2,911,840000,PRN,,DFND,1.0,0,840000,0
186,CTRIP COM INTL LTD,NOTE 1.250%10/1,22943FAD2,32437,29924000,PRN,,SOLE,,29924000,0,0
187,DELEK US HLDGS INC,COM,246647101,5945,214616,SH,,DFND,1.0,0,214616,0
188,DELEK US HLDGS INC,COM,246647101,1670,60278,SH,,SOLE,,60278,0,0
189,DELTA AIR LINES INC DEL,COM NEW,247361702,8896,198255,SH,,DFND,1.0,0,198255,0
190,DELTA AIR LINES INC DEL,COM NEW,247361702,302996,6752744,SH,,SOLE,,6752744,0,0
191,DISNEY WALT CO,COM DISNEY,254687106,6367,62300,SH,Put,DFND,1.0,0,62300,0
192,DISNEY WALT CO,COM DISNEY,254687106,197532,1932800,SH,Put,SOLE,,1932800,0,0
193,DOLLAR GEN CORP NEW,COM,256677105,4805,66335,SH,,DFND,1.0,0,66335,0
194,DOLLAR GEN CORP NEW,COM,256677105,259063,3576247,SH,,SOLE,,3576247,0,0
195,DOLLAR TREE INC,COM,256746108,556,8340,SH,,DFND,1.0,0,8340,0
196,DOLLAR TREE INC,COM,256746108,18731,280994,SH,,SOLE,,280994,0,0
197,DOW CHEM CO,COM,260543103,22032,519621,SH,,DFND,1.0,0,519621,0
198,DOW CHEM CO,COM,260543103,650301,15337276,SH,,SOLE,,15337276,0,0
199,DYNEGY INC NEW DEL,*W EXP 10/02/201,26817R116,297,257999,SH,,DFND,1.0,0,257999,0
200,DYNEGY INC NEW DEL,*W EXP 10/02/201,26817R116,4591,3992326,SH,,SOLE,,3992326,0,0
201,EBAY INC,COM,278642103,16880,690667,SH,,DFND,1.0,0,690667,0
202,EBAY INC,COM,278642103,514697,21059603,SH,,SOLE,,21059603,0,0
203,EBAY INC,COM,268603107,170,15800,SH,,DFND,1.0,0,15800,0
204,EMERSON ELEC CO,COM,291011104,897,20300,SH,Call,DFND,1.0,0,20300,0
205,EMERSON ELEC CO,COM,291011104,48600,1100300,SH,Call,SOLE,,1100300,0,0
206,ENDO INTL PLC,SHS,G30401106,23583,340395,SH,,DFND,1.0,0,340395,0
207,ENDO INTL PLC,SHS,G30401106,677499,9779147,SH,,SOLE,,9779147,0,0
208,ENERGY TRANSFER EQUITY L P,COM UT LTD PTN,29273V100,182959,8791877,SH,,DFND,1.0,0,8791877,0
209,ENERGY TRANSFER EQUITY L P,COM UT LTD PTN,29273V100,101697,4886914,SH,,SOLE,,4886914,0,0
210,ENERGY XXI LTD,USD UNRS SHS,G10082140,231,220000,SH,,DFND,1.0,0,220000,0
211,EXONE CO,COM,302104104,670,99900,SH,,DFND,1.0,0,99900,0
212,EXPEDIA INC DEL,COM NEW,30212P303,419,3564,SH,,DFND,1.0,0,3564,0
213,EXPEDIA INC DEL,COM NEW,30212P303,13308,113088,SH,,SOLE,,113088,0,0
214,EXXON MOBIL CORP,COM,30231G102,5673,76300,SH,Call,DFND,1.0,0,76300,0
215,EXXON MOBIL CORP,COM,30231G102,168492,2266200,SH,Call,SOLE,,2266200,0,0
216,F5 NETWORKS INC,COM,315616102,463,4000,SH,Put,DFND,1.0,0,4000,0
217,F5 NETWORKS INC,COM,315616102,19304,166700,SH,Put,SOLE,,166700,0,0
218,FACEBOOK INC,CL A,30303M102,2535,28200,SH,Call,DFND,1.0,0,28200,0
219,FACEBOOK INC,CL A,30303M102,84039,934800,SH,Call,SOLE,,934800,0,0
220,FIAT CHRYSLER AUTOMOBILES N,SHS,N31738102,90,6800,SH,Put,DFND,1.0,0,6800,0
221,FIAT CHRYSLER AUTOMOBILES N,SHS,N31738102,3213,243200,SH,Put,SOLE,,243200,0,0
222,FIAT CHRYSLER AUTOMOBILES N,MAN COV SEC 16,N31738110,5350,45120,SH,,DFND,1.0,0,45120,0
223,FIAT CHRYSLER AUTOMOBILES N,MAN COV SEC 16,N31738110,190699,1608348,SH,,SOLE,,1608348,0,0
224,FIDELITY NATIONAL FINANCIAL,FNF GROUP COM,31620R303,10010,282203,SH,,DFND,1.0,0,282203,0
225,FIDELITY NATIONAL FINANCIAL,FNF GROUP COM,31620R303,320572,9037830,SH,,SOLE,,9037830,0,0
226,FINTECH ACQUISITION CORP,UNIT 99/99/9999,31809H209,56,5605,SH,,DFND,1.0,0,5605,0
227,FINTECH ACQUISITION CORP,UNIT 99/99/9999,31809H209,4988,496342,SH,,SOLE,,496342,0,0
228,FIREEYE INC,COM,31816Q101,213,6700,SH,Put,DFND,1.0,0,6700,0
229,FIREEYE INC,COM,31816Q101,7742,243300,SH,Put,SOLE,,243300,0,0
230,FITBIT INC,CL A,33812L102,11609,308000,SH,,DFND,1.0,0,308000,0
231,FITBIT INC,CL A,33812L102,3320,88100,SH,Put,DFND,1.0,0,88100,0
232,FLEETCOR TECHNOLOGIES INC,COM,339041105,17468,126927,SH,,DFND,1.0,0,126927,0
233,FLEETCOR TECHNOLOGIES INC,COM,339041105,597930,4344792,SH,,SOLE,,4344792,0,0
234,FORD MTR CO DEL,COM PAR $0.01,345370860,1998,147200,SH,Call,DFND,1.0,0,147200,0
235,FORD MTR CO DEL,COM PAR $0.01,345370860,68862,5074600,SH,Call,SOLE,,5074600,0,0
236,FORUM ENERGY TECHNOLOGIES IN,COM,34984V100,685,56140,SH,,DFND,1.0,0,56140,0
237,FORUM ENERGY TECHNOLOGIES IN,COM,34984V100,11218,918788,SH,,SOLE,,918788,0,0
238,GAP INC DEL,COM,364760108,1445,50700,SH,,DFND,1.0,0,50700,0
239,GAP INC DEL,COM,364760108,1445,50700,SH,Put,DFND,1.0,0,50700,0
240,GAP INC DEL,COM,364760108,78378,2750100,SH,,SOLE,,2750100,0,0
241,GAP INC DEL,COM,364760108,78378,2750100,SH,Put,SOLE,,2750100,0,0
242,GENERAL ELECTRIC CO,COM,369604103,701,27800,SH,Call,DFND,1.0,0,27800,0
243,GENERAL ELECTRIC CO,COM,369604103,351,13900,SH,Put,DFND,1.0,0,13900,0
244,GENERAL ELECTRIC CO,COM,369604103,28085,1113600,SH,Call,SOLE,,1113600,0,0
245,GENERAL ELECTRIC CO,COM,369604103,14042,556800,SH,Put,SOLE,,556800,0,0
246,GENERAL MTRS CO,COM,37045V100,1471,49000,SH,Call,DFND,1.0,0,49000,0
247,GENERAL MTRS CO,COM,37045V100,50650,1687200,SH,Call,SOLE,,1687200,0,0
248,GENWORTH FINL INC,COM CL A,37247D106,1040,225033,SH,,SOLE,,225033,0,0
249,GENWORTH FINL INC,COM CL A,37247D106,462,100000,SH,Call,SOLE,,100000,0,0
250,GENWORTH FINL INC,COM CL A,37247D106,1880,406900,SH,Put,SOLE,,406900,0,0
251,GOGO INC,COM,38046C109,7,435,SH,,DFND,1.0,0,435,0
252,GOGO INC,COM,38046C109,237,15515,SH,,SOLE,,15515,0,0
253,GOLAR LNG LTD BERMUDA,SHS,G9456A100,427,15300,SH,,SOLE,,15300,0,0
254,GOLDMAN SACHS GROUP INC,COM,38141G104,365,2100,SH,Put,DFND,1.0,0,2100,0
255,GOLDMAN SACHS GROUP INC,COM,38141G104,43145,248300,SH,Put,SOLE,,248300,0,0
256,GOODRICH PETE CORP,COM NEW,382410405,80,137800,SH,,DFND,1.0,0,137800,0
257,GOODRICH PETE CORP,COM NEW,382410405,80,137800,SH,Put,DFND,1.0,0,137800,0
258,GOPRO INC,CL A,38268T103,5951,190600,SH,,DFND,1.0,0,190600,0
259,GOPRO INC,CL A,38268T103,1268,40600,SH,Put,DFND,1.0,0,40600,0
260,GREENBRIER COS INC,COM,393657101,594,18500,SH,,DFND,1.0,0,18500,0
261,GREENBRIER COS INC,COM,393657101,594,18500,SH,Put,DFND,1.0,0,18500,0
262,HALLIBURTON CO,COM,406216101,6325,178911,SH,,DFND,1.0,0,178911,0
263,HALLIBURTON CO,COM,406216101,15706,444300,SH,Call,DFND,1.0,0,444300,0
264,HALLIBURTON CO,COM,406216101,194448,5500654,SH,,SOLE,,5500654,0,0
265,HALLIBURTON CO,COM,406216101,482559,13650900,SH,Call,SOLE,,13650900,0,0
266,HARRIS CORP DEL,COM,413875105,8958,122466,SH,,DFND,1.0,0,122466,0
267,HARRIS CORP DEL,COM,413875105,347201,4746431,SH,,SOLE,,4746431,0,0
268,HEWLETT PACKARD CO,COM,428236103,1288,50300,SH,Call,DFND,1.0,0,50300,0
269,HEWLETT PACKARD CO,COM,428236103,43363,1693200,SH,Call,SOLE,,1693200,0,0
270,HILTON WORLDWIDE HLDGS INC,COM,43300A104,307,13392,SH,,DFND,1.0,0,13392,0
271,HILTON WORLDWIDE HLDGS INC,COM,43300A104,14286,622755,SH,,SOLE,,622755,0,0
272,HOLLYFRONTIER CORP,COM,436106108,1905,39000,SH,Call,DFND,1.0,0,39000,0
273,HOLLYFRONTIER CORP,COM,436106108,75072,1537100,SH,Call,SOLE,,1537100,0,0
274,HOLOGIC INC,COM,436440101,501,12800,SH,Put,DFND,1.0,0,12800,0
275,HOLOGIC INC,COM,436440101,7325,187200,SH,Put,SOLE,,187200,0,0
276,IKANG HEALTHCARE GROUP INC,SPONSORED ADR,45174L108,1690,114196,SH,,DFND,1.0,0,114196,0
277,IKANG HEALTHCARE GROUP INC,SPONSORED ADR,45174L108,9960,672995,SH,,SOLE,,672995,0,0
278,ILLUMINA INC,COM,452327109,609,3461,SH,,DFND,1.0,0,3461,0
279,ILLUMINA INC,COM,452327109,229,1300,SH,Call,DFND,1.0,0,1300,0
280,ILLUMINA INC,COM,452327109,16720,95095,SH,,SOLE,,95095,0,0
281,ILLUMINA INC,COM,452327109,8281,47100,SH,Call,SOLE,,47100,0,0
282,INTEL CORP,COM,458140100,446,14800,SH,Put,DFND,1.0,0,14800,0
283,INTEL CORP,COM,458140100,16770,556400,SH,Put,SOLE,,556400,0,0
284,INTERNATIONAL GAME TECHNOLOG,SHS USD,G4863A108,8359,545279,SH,,DFND,1.0,0,545279,0
285,INTERNATIONAL GAME TECHNOLOG,SHS USD,G4863A108,65292,4259077,SH,,SOLE,,4259077,0,0
286,INTERPUBLIC GROUP COS INC,COM,460690100,654,34200,SH,Call,DFND,1.0,0,34200,0
287,INTERPUBLIC GROUP COS INC,COM,460690100,21525,1125200,SH,Call,SOLE,,1125200,0,0
288,INTERSIL CORP,CL A,46069S109,53,4500,SH,Call,DFND,1.0,0,4500,0
289,INTERSIL CORP,CL A,46069S109,1810,154700,SH,Call,SOLE,,154700,0,0
290,INTERXION HOLDING N.V,SHS,N47279109,183,6764,SH,,DFND,1.0,0,6764,0
291,INTERXION HOLDING N.V,SHS,N47279109,455,16800,SH,Call,DFND,1.0,0,16800,0
292,INTERXION HOLDING N.V,SHS,N47279109,6092,224962,SH,,SOLE,,224962,0,0
293,INTERXION HOLDING N.V,SHS,N47279109,15224,562200,SH,Call,SOLE,,562200,0,0
294,INVENSENSE INC,COM,46123D205,424,45600,SH,,DFND,1.0,0,45600,0
295,INVENSENSE INC,COM,46123D205,424,45600,SH,Put,DFND,1.0,0,45600,0
296,ISHARES,MSCI BRZ CAP ETF,464286400,1119,51000,SH,Put,DFND,1.0,0,51000,0
297,ISHARES,MSCI BRZ CAP ETF,464286400,60382,2750900,SH,Put,SOLE,,2750900,0,0
298,ISHARES TR,RUSSELL 2000 ETF,464287655,2796,25600,SH,Put,DFND,1.0,0,25600,0
299,ISHARES TR,RUSSELL 2000 ETF,464287655,106404,974400,SH,Put,SOLE,,974400,0,0
300,ISHARES TR,U.S. REAL ES ETF,464287739,585,8244,SH,,DFND,1.0,0,8244,0
301,ISHARES TR,U.S. REAL ES ETF,464287739,32299,455238,SH,,SOLE,,455238,0,0
302,ISTAR INC,NOTE 3.000%11/1,45031UBR1,78,68000,PRN,,DFND,1.0,0,68000,0
303,ISTAR INC,NOTE 3.000%11/1,45031UBR1,2794,2432000,PRN,,SOLE,,2432000,0,0
304,JASON INDS INC,*W EXP 06/30/201,471172114,2,6376,SH,,DFND,1.0,0,6376,0
305,JASON INDS INC,*W EXP 06/30/201,471172114,283,942777,SH,,SOLE,,942777,0,0
306,JD COM INC,SPON ADR CL A,47215P106,5834,223882,SH,,DFND,1.0,0,223882,0
307,JD COM INC,SPON ADR CL A,47215P106,58118,2230168,SH,,SOLE,,2230168,0,0
308,JINKOSOLAR HLDG CO LTD,SPONSORED ADR,47759T100,191,8700,SH,Put,DFND,1.0,0,8700,0
309,JINKOSOLAR HLDG CO LTD,SPONSORED ADR,47759T100,6847,312100,SH,Put,SOLE,,312100,0,0
310,JPMORGAN CHASE & CO,COM,46625H100,9552,156666,SH,,DFND,1.0,0,156666,0
311,JPMORGAN CHASE & CO,COM,46625H100,8115,133100,SH,Call,DFND,1.0,0,133100,0
312,JPMORGAN CHASE & CO,COM,46625H100,325863,5344648,SH,,SOLE,,5344648,0,0
313,JPMORGAN CHASE & CO,COM,46625H100,276261,4531100,SH,Call,SOLE,,4531100,0,0
314,JUNO THERAPEUTICS INC,COM,48205A109,2380,58500,SH,,DFND,1.0,0,58500,0
315,JUNO THERAPEUTICS INC,COM,48205A109,2380,58500,SH,Put,DFND,1.0,0,58500,0
316,KANSAS CITY SOUTHERN,COM NEW,485170302,927,10200,SH,Call,DFND,1.0,0,10200,0
317,KANSAS CITY SOUTHERN,COM NEW,485170302,30672,337500,SH,Call,SOLE,,337500,0,0
318,KAR AUCTION SVCS INC,COM,48238T109,3623,102054,SH,,DFND,1.0,0,102054,0
319,KAR AUCTION SVCS INC,COM,48238T109,195318,5501918,SH,,SOLE,,5501918,0,0
320,KATE SPADE & CO,COM,485865109,159,8339,SH,,DFND,1.0,0,8339,0
321,KATE SPADE & CO,COM,485865109,5370,280993,SH,,SOLE,,280993,0,0
322,KEYW HLDG CORP,COM,493723100,226,36800,SH,,DFND,1.0,0,36800,0
323,KINDER MORGAN INC DEL,*W EXP 05/25/201,49456B119,229,251270,SH,,DFND,1.0,0,251270,0
324,KINDER MORGAN INC DEL,*W EXP 05/25/201,49456B119,12339,13559813,SH,,SOLE,,13559813,0,0
325,KING DIGITAL ENTMT PLC,ORD SHS,G5258J109,79,5800,SH,,DFND,1.0,0,5800,0
326,KING DIGITAL ENTMT PLC,ORD SHS,G5258J109,79,58,SH,,DFND,1.0,0,58,0
327,KNOWLES CORP,COM,49926D109,5418,294000,SH,,DFND,1.0,0,294000,0
328,KNOWLES CORP,COM,49926D109,5418,294000,SH,Put,DFND,1.0,0,294000,0
329,LAM RESEARCH CORP,COM,512807108,451,6900,SH,Put,DFND,1.0,0,6900,0
330,LAM RESEARCH CORP,COM,512807108,18201,278600,SH,Put,SOLE,,278600,0,0
331,LAREDO PETROLEUM INC,COM,516806106,1068,113300,SH,,DFND,1.0,0,113300,0
332,LAREDO PETROLEUM INC,COM,516806106,1080,114500,SH,Put,DFND,1.0,0,114500,0
333,LENNAR CORP,CL B,526057302,849,21427,SH,,DFND,1.0,0,21427,0
334,LENNAR CORP,CL B,526057302,12504,315747,SH,,SOLE,,315747,0,0
335,LIBERTY INTERACTIVE LLC,DEB 0.750% 3/3,530610AC8,1903,1267000,PRN,,DFND,1.0,0,1267000,0
336,LIBERTY INTERACTIVE LLC,DEB 0.750% 3/3,530610AC8,67806,45152000,PRN,,SOLE,,45152000,0,0
337,LIBERTY MEDIA CORP,DEB 4.000%11/1,530715AG6,927,1550000,PRN,,DFND,1.0,0,1550000,0
338,LIBERTY MEDIA CORP,DEB 4.000%11/1,530715AG6,55799,93264000,PRN,,SOLE,,93264000,0,0
339,LIBERTY MEDIA CORP,DEB 3.750% 2/1,530715AL5,800,1317000,PRN,,DFND,1.0,0,1317000,0
340,LIBERTY MEDIA CORP,DEB 3.750% 2/1,530715AL5,48537,79896000,PRN,,SOLE,,79896000,0,0
341,LINEAR TECHNOLOGY CORP,COM,535678106,456,11300,SH,Put,DFND,1.0,0,11300,0
342,LINEAR TECHNOLOGY CORP,COM,535678106,15728,389800,SH,Put,SOLE,,389800,0,0
343,LULULEMON ATHLETICA INC,COM,550021109,425,8400,SH,Call,DFND,1.0,0,8400,0
344,LULULEMON ATHLETICA INC,COM,550021109,289,5700,SH,Put,DFND,1.0,0,5700,0
345,LULULEMON ATHLETICA INC,COM,550021109,14729,290800,SH,Call,SOLE,,290800,0,0
346,LULULEMON ATHLETICA INC,COM,550021109,9841,194300,SH,Put,SOLE,,194300,0,0
347,LUMBER LIQUIDATORS HLDGS INC,COM,55003T107,648,49300,SH,,DFND,1.0,0,49300,0
348,LUMBER LIQUIDATORS HLDGS INC,COM,55003T107,648,49300,SH,Put,DFND,1.0,0,49300,0
349,LYONDELLBASELL INDUSTRIES N,SHS - A -,N53745100,8469,101600,SH,Call,DFND,1.0,0,101600,0
350,LYONDELLBASELL INDUSTRIES N,SHS - A -,N53745100,8,100,SH,,SOLE,,100,0,0
351,LYONDELLBASELL INDUSTRIES N,SHS - A -,N53745100,198338,2379300,SH,Call,SOLE,,2379300,0,0
352,MACQUARIE INFRASTRUCTURE COR,COM,55608B105,112,1500,SH,Call,DFND,1.0,0,1500,0
353,MACQUARIE INFRASTRUCTURE COR,COM,55608B105,758,10159,SH,,SOLE,,10159,0,0
354,MACQUARIE INFRASTRUCTURE COR,COM,55608B105,3830,51300,SH,Call,SOLE,,51300,0,0
355,MANNKIND CORP,COM,56400P201,782,243500,SH,,DFND,1.0,0,243500,0
356,MARKWEST ENERGY PARTNERS L P,UNIT LTD PARTN,570759100,53249,1240935,SH,,DFND,1.0,0,1240935,0
357,MARKWEST ENERGY PARTNERS L P,UNIT LTD PARTN,570759100,90186,2101743,SH,,SOLE,,2101743,0,0
358,MCDONALDS CORP,COM,580135101,22798,231381,SH,,DFND,1.0,0,231381,0
359,MCDONALDS CORP,COM,580135101,671723,6817445,SH,,SOLE,,6817445,0,0
360,MCKESSON CORP,COM,58155Q103,3776,20410,SH,,DFND,1.0,0,20410,0
361,MCKESSON CORP,COM,58155Q103,203604,1100382,SH,,SOLE,,1100382,0,0
362,MELCO CROWN ENTMT LTD,ADR,585464100,5876,427013,SH,,DFND,1.0,0,427013,0
363,MELCO CROWN ENTMT LTD,ADR,585464100,39689,2884410,SH,,SOLE,,2884410,0,0
364,MERITAGE HOMES CORP,NOTE 1.875% 9/1,59001AAR3,360,359000,PRN,,DFND,1.0,0,359000,0
365,MERITAGE HOMES CORP,NOTE 1.875% 9/1,59001AAR3,12828,12803000,PRN,,SOLE,,12803000,0,0
366,MGIC INVT CORP WIS,NOTE 5.000% 5/0,552848AD5,546,516000,PRN,,DFND,1.0,0,516000,0
367,MGIC INVT CORP WIS,NOTE 5.000% 5/0,552848AD5,19466,18383000,PRN,,SOLE,,18383000,0,0
368,MGM RESORTS INTERNATIONAL,COM,552953101,17712,959984,SH,,DFND,1.0,0,959984,0
369,MGM RESORTS INTERNATIONAL,COM,552953101,274534,14879894,SH,,SOLE,,14879894,0,0
370,MICROCHIP TECHNOLOGY INC,SDCV 2.125%12/1,595017AB0,9642,5500000,PRN,,SOLE,,5500000,0,0
371,MICRON TECHNOLOGY INC,COM,595112103,93,6182,SH,,DFND,1.0,0,6182,0
372,MICRON TECHNOLOGY INC,COM,595112103,595,39700,SH,Call,DFND,1.0,0,39700,0
373,MICRON TECHNOLOGY INC,COM,595112103,3302,220447,SH,,SOLE,,220447,0,0
374,MICRON TECHNOLOGY INC,COM,595112103,19898,1328300,SH,Call,SOLE,,1328300,0,0
375,MIDDLEBY CORP,COM,596278101,7256,68979,SH,,DFND,1.0,0,68979,0
376,MIDDLEBY CORP,COM,596278101,254198,2416562,SH,,SOLE,,2416562,0,0
377,MINDRAY MEDICAL INTL LTD,SPON ADR,602675100,858,39218,SH,,DFND,1.0,0,39218,0
378,MINDRAY MEDICAL INTL LTD,SPON ADR,602675100,5054,231112,SH,,SOLE,,231112,0,0
379,MOHAWK INDS INC,COM,608190104,1815,9986,SH,,DFND,1.0,0,9986,0
380,MOHAWK INDS INC,COM,608190104,75876,417385,SH,,SOLE,,417385,0,0
381,MOLSON COORS BREWING CO,CL B,60871R209,839,10100,SH,,DFND,1.0,0,10100,0
382,MOLSON COORS BREWING CO,CL B,60871R209,1420,17100,SH,Call,DFND,1.0,0,17100,0
383,MOLSON COORS BREWING CO,CL B,60871R209,28077,338200,SH,,SOLE,,338200,0,0
384,MOLSON COORS BREWING CO,CL B,60871R209,48193,580500,SH,Call,SOLE,,580500,0,0
385,MONDELEZ INTL INC,CL A,609207105,4130,98638,SH,,DFND,1.0,0,98638,0
386,MONDELEZ INTL INC,CL A,609207105,7001,167200,SH,Call,DFND,1.0,0,167200,0
387,MONDELEZ INTL INC,CL A,609207105,141534,3380314,SH,,SOLE,,3380314,0,0
388,MONDELEZ INTL INC,CL A,609207105,235875,5633500,SH,Call,SOLE,,5633500,0,0
389,MYRIAD GENETICS INC,COM,62855J104,217,5800,SH,,DFND,1.0,0,5800,0
390,MYRIAD GENETICS INC,COM,62855J104,217,5800,SH,Put,DFND,1.0,0,5800,0
391,NETEASE INC,SPONSORED ADR,64110W102,2325,19358,SH,,DFND,1.0,0,19358,0
392,NETEASE INC,SPONSORED ADR,64110W102,46487,387003,SH,,SOLE,,387003,0,0
393,NETFLIX INC,COM,64110L106,496,4800,SH,Call,DFND,1.0,0,4800,0
394,NETFLIX INC,COM,64110L106,16821,162900,SH,Call,SOLE,,162900,0,0
395,NETFLIX INC,COM,64110L106,4554,44100,SH,Put,SOLE,,44100,0,0
396,NEWFIELD EXPL CO,COM,651290108,684,20782,SH,,DFND,1.0,0,20782,0
397,NEWFIELD EXPL CO,COM,651290108,17468,530936,SH,,SOLE,,530936,0,0
398,NEXTERA ENERGY INC,COM,65339F101,3584,36740,SH,,DFND,1.0,0,36740,0
399,NEXTERA ENERGY INC,COM,65339F101,193216,1980691,SH,,SOLE,,1980691,0,0
400,NEXTERA ENERGY PARTNERS LP,COM UNIT PART IN,65341B106,114,5239,SH,,DFND,1.0,0,5239,0
401,NEXTERA ENERGY PARTNERS LP,COM UNIT PART IN,65341B106,6172,283139,SH,,SOLE,,283139,0,0
402,NOVELLUS SYS INC,NOTE 2.625% 5/1,670008AD3,257,131000,PRN,,DFND,1.0,0,131000,0
403,NOVELLUS SYS INC,NOTE 2.625% 5/1,670008AD3,9174,4682000,PRN,,SOLE,,4682000,0,0
404,NUANCE COMMUNICATIONS INC,COM,67020Y100,822,50200,SH,Put,DFND,1.0,0,50200,0
405,NUANCE COMMUNICATIONS INC,COM,67020Y100,12101,739200,SH,Put,SOLE,,739200,0,0
406,NVIDIA CORP,COM,67066G104,202,8182,SH,,DFND,1.0,0,8182,0
407,NVIDIA CORP,COM,67066G104,397,16100,SH,Call,DFND,1.0,0,16100,0
408,NVIDIA CORP,COM,67066G104,6919,280707,SH,,SOLE,,280707,0,0
409,NVIDIA CORP,COM,67066G104,13831,561100,SH,Call,SOLE,,561100,0,0
410,OFFICE DEPOT INC,COM,676220106,4241,660543,SH,,DFND,1.0,0,660543,0
411,OFFICE DEPOT INC,COM,676220106,49934,7777883,SH,,SOLE,,7777883,0,0
412,OLIN CORP,COM PAR $1,680665205,9980,593700,SH,Call,DFND,1.0,0,593700,0
413,PALO ALTO NETWORKS INC,NOTE 7/0,697435AB1,732,449000,PRN,,DFND,1.0,0,449000,0
414,PALO ALTO NETWORKS INC,NOTE 7/0,697435AB1,26064,15995000,PRN,,SOLE,,15995000,0,0
415,PAYPAL HLDGS INC,COM,70450Y103,481,15500,SH,Call,DFND,1.0,0,15500,0
416,PAYPAL HLDGS INC,COM,70450Y103,17246,555600,SH,Call,SOLE,,555600,0,0
417,PENNEY J C INC,COM,708160106,1,100,SH,,DFND,1.0,0,100,0
418,PENNEY J C INC,COM,708160106,1995,214700,SH,Call,DFND,1.0,0,214700,0
419,PENNEY J C INC,COM,708160106,1345,144800,SH,Put,DFND,1.0,0,144800,0
420,PENNEY J C INC,COM,708160106,59018,6352900,SH,Put,SOLE,,6352900,0,0
421,PENNTEX MIDSTREAM PARTNERS L,COM UNIT LTD,709311104,28971,1803942,SH,,DFND,,0,1803942,0
422,PERRIGO CO PLC,SHS,G97822103,19087,121363,SH,,DFND,1.0,0,121363,0
423,PERRIGO CO PLC,SHS,G97822103,535417,3404442,SH,,SOLE,,3404442,0,0
424,PHILLIPS 66,COM,718546104,1560,20300,SH,Call,DFND,1.0,0,20300,0
425,PHILLIPS 66,COM,718546104,84547,1100300,SH,Call,SOLE,,1100300,0,0
426,PIONEER NAT RES CO,COM,723787107,608,5000,SH,Put,DFND,1.0,0,5000,0
427,PIONEER NAT RES CO,COM,723787107,17638,145000,SH,Put,SOLE,,145000,0,0
428,PLAINS GP HLDGS L P,SHS A REP LTPN,72651A108,57965,3312296,SH,,DFND,1.0,0,3312296,0
429,PLAINS GP HLDGS L P,SHS A REP LTPN,72651A108,103893,5936749,SH,,SOLE,,5936749,0,0
430,PLATFORM SPECIALTY PRODS COR,COM,72766Q105,5125,405128,SH,,DFND,1.0,0,405128,0
431,PLATFORM SPECIALTY PRODS COR,COM,72766Q105,108029,8539880,SH,,SOLE,,8539880,0,0
432,PMC-SIERRA INC,COM,69344F106,49,7300,SH,Call,DFND,1.0,0,7300,0
433,PMC-SIERRA INC,COM,69344F106,1638,242000,SH,Call,SOLE,,242000,0,0
434,PRICELINE GRP INC,NOTE 1.000% 3/1,741503AQ9,268,191000,PRN,,DFND,1.0,0,191000,0
435,PRICELINE GRP INC,NOTE 1.000% 3/1,741503AQ9,9568,6809000,PRN,,SOLE,,6809000,0,0
436,QIHOO 360 TECHNOLOGY CO LTD,ADS,74734M109,1910,39940,SH,,DFND,1.0,0,39940,0
437,QIHOO 360 TECHNOLOGY CO LTD,ADS,74734M109,1311,27400,SH,Put,DFND,1.0,0,27400,0
438,QIHOO 360 TECHNOLOGY CO LTD,ADS,74734M109,22119,462443,SH,,SOLE,,462443,0,0
439,QIHOO 360 TECHNOLOGY CO LTD,ADS,74734M109,46873,980000,SH,Put,SOLE,,980000,0,0
440,QIHOO 360 TECHNOLOGY CO LTD,NOTE 0.500% 8/1,74734MAE9,966,1106000,PRN,,DFND,1.0,0,1106000,0
441,QIHOO 360 TECHNOLOGY CO LTD,NOTE 0.500% 8/1,74734MAE9,31563,36141000,PRN,,SOLE,,36141000,0,0
442,QIHOO 360 TECHNOLOGY CO LTD,NOTE 1.750% 8/1,74734MAF6,1584,1881000,PRN,,DFND,1.0,0,1881000,0
443,QIHOO 360 TECHNOLOGY CO LTD,NOTE 1.750% 8/1,74734MAF6,25618,30414000,PRN,,SOLE,,30414000,0,0
444,QUNAR CAYMAN IS LTD,SPNS ADR CL B,74906P104,6872,228535,SH,,DFND,1.0,0,228535,0
445,QUNAR CAYMAN IS LTD,SPNS ADR CL B,74906P104,108457,3606822,SH,,SOLE,,3606822,0,0
446,RACKSPACE HOSTING INC,COM,750086100,420,17000,SH,Put,DFND,1.0,0,17000,0
447,RACKSPACE HOSTING INC,COM,750086100,14662,594100,SH,Put,SOLE,,594100,0,0
448,RED HAT INC,COM,756577102,236,3288,SH,,DFND,1.0,0,3288,0
449,RED HAT INC,COM,756577102,208,2900,SH,Call,DFND,1.0,0,2900,0
450,RED HAT INC,COM,756577102,8430,117276,SH,,SOLE,,117276,0,0
451,RED HAT INC,COM,756577102,7504,104400,SH,Call,SOLE,,104400,0,0
452,RESTORATION HARDWARE HLDGS I,COM,761283100,355,3800,SH,Put,DFND,1.0,0,3800,0
453,RESTORATION HARDWARE HLDGS I,COM,761283100,8976,96200,SH,Put,SOLE,,96200,0,0
454,RITE AID CORP,COM,767754104,1023,168495,SH,,DFND,1.0,0,168495,0
455,RITE AID CORP,COM,767754104,1051,173100,SH,Call,DFND,1.0,0,173100,0
456,RITE AID CORP,COM,767754104,32201,5304932,SH,,SOLE,,5304932,0,0
457,RITE AID CORP,COM,767754104,34262,5644500,SH,Call,SOLE,,5644500,0,0
458,ROCKET FUEL INC,COM,773111109,229,49000,SH,,DFND,1.0,0,49000,0
459,ROCKET FUEL INC,COM,773111109,229,49000,SH,Put,DFND,1.0,0,49000,0
460,RYANAIR HLDGS PLC,SPONSORED ADR,783513104,434,5546,SH,,DFND,1.0,0,5546,0
461,RYANAIR HLDGS PLC,SPONSORED ADR,783513104,8419,107517,SH,,SOLE,,107517,0,0
462,RYLAND GROUP INC,NOTE 1.625% 5/1,783764AQ6,1609,1170000,PRN,,DFND,1.0,0,1170000,0
463,RYLAND GROUP INC,NOTE 1.625% 5/1,783764AQ6,57363,41700000,PRN,,SOLE,,41700000,0,0
464,SALLY BEAUTY HLDGS INC,COM,79546E104,209,8818,SH,,DFND,1.0,0,8818,0
465,SALLY BEAUTY HLDGS INC,COM,79546E104,10482,441344,SH,,SOLE,,441344,0,0
466,SANDISK CORP,NOTE 1.500% 8/1,80004CAD3,1561,1257000,PRN,,DFND,1.0,0,1257000,0
467,SANDISK CORP,NOTE 1.500% 8/1,80004CAD3,55650,44814000,PRN,,SOLE,,44814000,0,0
468,SANDRIDGE ENERGY INC,COM,80007P307,28,103963,SH,,DFND,1.0,0,103963,0
469,SANDRIDGE ENERGY INC,COM,80007P307,2,8400,SH,Put,DFND,1.0,0,8400,0
470,SANDRIDGE ENERGY INC,COM,80007P307,65,240057,SH,,SOLE,,240057,0,0
471,SANDRIDGE ENERGY INC,COM,80007P307,65,240300,SH,Put,SOLE,,240300,0,0
472,SCHLUMBERGER LTD,COM,806857108,641,9300,SH,Call,DFND,1.0,0,9300,0
473,SCHLUMBERGER LTD,COM,806857108,22188,321700,SH,Call,SOLE,,321700,0,0
474,SCHWAB CHARLES CORP NEW,COM,808513105,7046,246700,SH,Call,DFND,1.0,0,246700,0
475,SCHWAB CHARLES CORP NEW,COM,808513105,3,100,SH,,SOLE,,100,0,0
476,SCHWAB CHARLES CORP NEW,COM,808513105,165774,5804400,SH,Call,SOLE,,5804400,0,0
477,SCIENTIFIC GAMES CORP,CL A,80874P109,365,34900,SH,,SOLE,,34900,0,0
478,SEARS HLDGS CORP,COM,812350106,5071,224400,SH,,DFND,1.0,0,224400,0
479,SEARS HLDGS CORP,COM,812350106,1130,50000,SH,Call,DFND,1.0,0,50000,0
480,SEARS HLDGS CORP,COM,812350106,4274,189100,SH,Put,DFND,1.0,0,189100,0
481,SEARS HLDGS CORP,COM,812350106,6385,282500,SH,Put,SOLE,,282500,0,0
482,SELECT SECTOR SPDR TR,SBI HEALTHCARE,81369Y209,662,9988,SH,,DFND,1.0,0,9988,0
483,SELECT SECTOR SPDR TR,SBI HEALTHCARE,81369Y209,1417,21400,SH,Put,DFND,1.0,0,21400,0
484,SELECT SECTOR SPDR TR,SBI HEALTHCARE,81369Y209,15560,234937,SH,,SOLE,,234937,0,0
485,SELECT SECTOR SPDR TR,SBI HEALTHCARE,81369Y209,49050,740600,SH,Put,SOLE,,740600,0,0
486,SELECT SECTOR SPDR TR,SBI INT-ENERGY,81369Y506,1310,21400,SH,Put,DFND,1.0,0,21400,0
487,SELECT SECTOR SPDR TR,SBI INT-ENERGY,81369Y506,45325,740600,SH,Put,SOLE,,740600,0,0
488,SELECT SECTOR SPDR TR,TECHNOLOGY,81369Y803,612,15500,SH,Put,DFND,1.0,0,15500,0
489,SELECT SECTOR SPDR TR,TECHNOLOGY,81369Y803,21326,539900,SH,Put,SOLE,,539900,0,0
490,SFX ENTMT INC,COM,784178303,49,95405,SH,,DFND,1.0,0,95405,0
491,SFX ENTMT INC,COM,784178303,2054,4027821,SH,,SOLE,,4027821,0,0
492,SHERWIN WILLIAMS CO,COM,824348106,1000,4490,SH,,DFND,1.0,0,4490,0
493,SHERWIN WILLIAMS CO,COM,824348106,35987,161535,SH,,SOLE,,161535,0,0
494,SINA CORP,NOTE 1.000%12/0,82922RAD5,1636,1727000,PRN,,DFND,1.0,0,1727000,0
495,SINA CORP,NOTE 1.000%12/0,82922RAD5,58338,61570000,PRN,,SOLE,,61570000,0,0
496,SINA CORP,ORD,G81477104,3342,83300,SH,Put,DFND,1.0,0,83300,0
497,SINA CORP,ORD,G81477104,119241,2972100,SH,Put,SOLE,,2972100,0,0
498,SMUCKER J M CO,COM NEW,832696405,8269,72479,SH,,DFND,1.0,0,72479,0
499,SMUCKER J M CO,COM NEW,832696405,306631,2687627,SH,,SOLE,,2687627,0,0
500,SOLARCITY CORP,COM,83416T100,2962,69344,SH,,DFND,1.0,0,69344,0
501,SOLARCITY CORP,COM,83416T100,3682,86200,SH,Call,DFND,1.0,0,86200,0
502,SOLARCITY CORP,COM,83416T100,6308,147700,SH,Put,DFND,1.0,0,147700,0
503,SOLARCITY CORP,COM,83416T100,1062,24856,SH,,SOLE,,24856,0,0
504,SOLARCITY CORP,COM,83416T100,5296,124000,SH,Call,SOLE,,124000,0,0
505,SOLARCITY CORP,COM,83416T100,28876,676100,SH,Put,SOLE,,676100,0,0
506,SOLARCITY CORP,NOTE 2.750%11/0,83416TAA8,208,227000,PRN,,DFND,1.0,0,227000,0
507,SOLARCITY CORP,NOTE 2.750%11/0,83416TAA8,7427,8095000,PRN,,SOLE,,8095000,0,0
508,SOLAZYME INC,COM,83415T101,107,41000,SH,,DFND,1.0,0,41000,0
509,SOLAZYME INC,COM,83415T101,107,41000,SH,Put,DFND,1.0,0,41000,0
510,SOUFUN HLDGS LTD,ADR,836034108,9441,1430393,SH,,DFND,1.0,0,1430393,0
511,SOUFUN HLDGS LTD,ADR,836034108,111915,16956792,SH,,SOLE,,16956792,0,0
512,SPANSION LLC,NOTE 2.000% 9/0,84649PAL9,151,96000,PRN,,DFND,1.0,0,96000,0
513,SPANSION LLC,NOTE 2.000% 9/0,84649PAL9,5364,3404000,PRN,,SOLE,,3404000,0,0
514,SPDR S&P 500 ETF TR,TR UNIT,78462F103,27978,146000,SH,Call,DFND,1.0,0,146000,0
515,SPDR S&P 500 ETF TR,TR UNIT,78462F103,33363,174100,SH,Put,DFND,1.0,0,174100,0
516,SPDR S&P 500 ETF TR,TR UNIT,78462F103,672238,3508000,SH,Call,SOLE,,3508000,0,0
517,SPDR S&P 500 ETF TR,TR UNIT,78462F103,952209,4969000,SH,Put,SOLE,,4969000,0,0
518,SPDR SERIES TRUST,S&P OILGAS EXP,78464A730,345,10500,SH,,DFND,1.0,0,10500,0
519,SPDR SERIES TRUST,S&P BIOTECH,78464A870,753,12100,SH,Put,DFND,1.0,0,12100,0
520,SPDR SERIES TRUST,S&P BIOTECH,78464A870,30297,486700,SH,Put,SOLE,,486700,0,0
521,STANDARD PAC CORP NEW,NOTE 1.250% 8/0,85375CBC4,643,555000,PRN,,DFND,1.0,0,555000,0
522,STANDARD PAC CORP NEW,NOTE 1.250% 8/0,85375CBC4,22916,19766000,PRN,,SOLE,,19766000,0,0
523,STARWOOD HOTELS&RESORTS WRLD,COM,85590A401,266590,4010073,SH,,DFND,1.0,0,4010073,0
524,STARWOOD HOTELS&RESORTS WRLD,COM,85590A401,480545,7228413,SH,,SOLE,,7228413,0,0
525,STERICYCLE INC,DEP PFD A 1/10,858912207,20333,200000,SH,,SOLE,,200000,0,0
526,STRATASYS LTD,SHS,M85548101,1634,61700,SH,,DFND,1.0,0,61700,0
527,STRATASYS LTD,SHS,M85548101,1634,61700,SH,Put,DFND,1.0,0,61700,0
528,SYNCHRONY FINL,COM,87165B103,528,16854,SH,,DFND,1.0,0,16854,0
529,SYNCHRONY FINL,COM,87165B103,30252,966529,SH,,SOLE,,966529,0,0
530,SYSCO CORP,COM,871829107,1111,28500,SH,Call,DFND,1.0,0,28500,0
531,SYSCO CORP,COM,871829107,38483,987500,SH,Call,SOLE,,987500,0,0
532,T MOBILE US INC,COM,872590104,394,9900,SH,Call,DFND,1.0,0,9900,0
533,T MOBILE US INC,COM,872590104,13504,339200,SH,Call,SOLE,,339200,0,0
534,TAKE-TWO INTERACTIVE SOFTWAR,COM,874054109,3672,127800,SH,Put,DFND,1.0,0,127800,0
535,TAKE-TWO INTERACTIVE SOFTWAR,COM,874054109,54050,1881300,SH,Put,SOLE,,1881300,0,0
536,TAKE-TWO INTERACTIVE SOFTWAR,NOTE 1.750%12/0,874054AC3,460,298000,PRN,,DFND,1.0,0,298000,0
537,TAKE-TWO INTERACTIVE SOFTWAR,NOTE 1.750%12/0,874054AC3,16365,10605000,PRN,,SOLE,,10605000,0,0
538,TAL ED GROUP,ADS REPSTG COM,874080104,1522,47355,SH,,DFND,1.0,0,47355,0
539,TAL ED GROUP,ADS REPSTG COM,874080104,30751,956474,SH,,SOLE,,956474,0,0
540,TATA MTRS LTD,SPONSORED ADR,876568502,769,34169,SH,,DFND,1.0,0,34169,0
541,TATA MTRS LTD,SPONSORED ADR,876568502,20692,919640,SH,,SOLE,,919640,0,0
542,TECK RESOURCES LTD,CL B,878742204,316,65800,SH,Call,DFND,1.0,0,65800,0
543,TECK RESOURCES LTD,CL B,878742204,8261,1721100,SH,Call,SOLE,,1721100,0,0
544,TESLA MTRS INC,COM,88160R101,4893,19700,SH,,DFND,1.0,0,19700,0
545,TESLA MTRS INC,COM,88160R101,8321,33500,SH,Put,DFND,1.0,0,33500,0
546,TESLA MTRS INC,COM,88160R101,127752,514300,SH,Put,SOLE,,514300,0,0
547,TESLA MTRS INC,NOTE 1.500% 6/0,88160RAA9,2322,1140000,PRN,,DFND,1.0,0,1140000,0
548,TESLA MTRS INC,NOTE 1.500% 6/0,88160RAA9,82793,40643000,PRN,,SOLE,,40643000,0,0
549,TESLA MTRS INC,NOTE 1.250% 3/0,88160RAC5,683,722000,PRN,,DFND,1.0,0,722000,0
550,TESLA MTRS INC,NOTE 1.250% 3/0,88160RAC5,24331,25718000,PRN,,SOLE,,25718000,0,0
551,TEXAS INSTRS INC,COM,882508104,1540,31100,SH,Put,DFND,1.0,0,31100,0
552,TEXAS INSTRS INC,COM,882508104,56651,1144000,SH,Put,SOLE,,1144000,0,0
553,THERMO FISHER SCIENTIFIC INC,COM,883556102,14248,116520,SH,,DFND,1.0,0,116520,0
554,THERMO FISHER SCIENTIFIC INC,COM,883556102,481881,3940802,SH,,SOLE,,3940802,0,0
555,TIME WARNER CABLE INC,COM,88732J207,9256,51603,SH,,DFND,1.0,0,51603,0
556,TIME WARNER CABLE INC,COM,88732J207,237137,1322057,SH,,SOLE,,1322057,0,0
557,TIME WARNER INC,COM NEW,887317303,25413,369644,SH,,DFND,1.0,0,369644,0
558,TIME WARNER INC,COM NEW,887317303,779530,11338611,SH,,SOLE,,11338611,0,0
559,TRANSOCEAN LTD,REG SHS,H8817H100,1125,87100,SH,Call,DFND,1.0,0,87100,0
560,TRANSOCEAN LTD,REG SHS,H8817H100,37635,2912900,SH,Call,SOLE,,2912900,0,0
561,TRINA SOLAR LIMITED,SPON ADR,89628E104,89,9912,SH,,DFND,1.0,0,9912,0
562,TRINA SOLAR LIMITED,SPON ADR,89628E104,792,88300,SH,Put,DFND,1.0,0,88300,0
563,TRINA SOLAR LIMITED,SPON ADR,89628E104,3189,355464,SH,,SOLE,,355464,0,0
564,TRINA SOLAR LIMITED,SPON ADR,89628E104,28214,3145400,SH,Put,SOLE,,3145400,0,0
565,TRINA SOLAR LIMITED,DBCV 3.500% 6/1,89628EAC8,369,415000,PRN,,DFND,1.0,0,415000,0
566,TRINA SOLAR LIMITED,DBCV 3.500% 6/1,89628EAC8,13170,14796000,PRN,,SOLE,,14796000,0,0
567,TWITTER INC,COM,90184L102,213,7900,SH,Put,DFND,1.0,0,7900,0
568,TWITTER INC,COM,90184L102,7605,282300,SH,Put,SOLE,,282300,0,0
569,TYSON FOODS INC,UNIT 99/99/9999,902494301,605,11600,SH,,DFND,1.0,0,11600,0
570,TYSON FOODS INC,UNIT 99/99/9999,902494301,21567,413478,SH,,SOLE,,413478,0,0
571,U S SILICA HLDGS INC,COM,90346E103,960,68155,SH,,DFND,1.0,0,68155,0
572,U S SILICA HLDGS INC,COM,90346E103,17539,1244819,SH,,SOLE,,1244819,0,0
573,ULTRA PETROLEUM CORP,COM,903914109,211,33097,SH,,DFND,1.0,0,33097,0
574,ULTRA PETROLEUM CORP,COM,903914109,1509,236200,SH,Call,DFND,1.0,0,236200,0
575,ULTRA PETROLEUM CORP,COM,903914109,1721,269400,SH,Put,DFND,1.0,0,269400,0
576,ULTRA PETROLEUM CORP,COM,903914109,217,34000,SH,Call,SOLE,,34000,0,0
577,ULTRA PETROLEUM CORP,COM,903914109,242,37800,SH,Put,SOLE,,37800,0,0
578,UNITED CONTL HLDGS INC,COM,910047109,5906,111336,SH,,DFND,1.0,0,111336,0
579,UNITED CONTL HLDGS INC,COM,910047109,194414,3664732,SH,,SOLE,,3664732,0,0
580,UNITED STATES OIL FUND LP,UNITS,91232N108,734,50000,SH,Call,SOLE,,50000,0,0
581,UNITED TECHNOLOGIES CORP,COM,913017109,1451,16300,SH,Call,DFND,1.0,0,16300,0
582,UNITED TECHNOLOGIES CORP,COM,913017109,50048,562400,SH,Call,SOLE,,562400,0,0
583,VALE S A,ADR,91912E105,1,100,SH,,DFND,1.0,0,100,0
584,VALE S A,ADR,91912E105,1050,250000,SH,Call,DFND,1.0,0,250000,0
585,VALEANT PHARMACEUTICALS INTL,COM,91911K102,303,1700,SH,Put,DFND,1.0,0,1700,0
586,VALEANT PHARMACEUTICALS INTL,COM,91911K102,10364,58100,SH,Put,SOLE,,58100,0,0
587,VASCO DATA SEC INTL INC,COM,92230Y104,271,15900,SH,,DFND,1.0,0,15900,0
588,VASCO DATA SEC INTL INC,COM,92230Y104,271,15900,SH,Put,DFND,1.0,0,15900,0
589,VERISIGN INC,SDCV 3.250% 8/1,92343EAD4,1485,711000,PRN,,DFND,1.0,0,711000,0
590,VERISIGN INC,SDCV 3.250% 8/1,92343EAD4,52925,25337000,PRN,,SOLE,,25337000,0,0
591,VIACOM INC NEW,CL B,92553P201,1355,31400,SH,Call,DFND,1.0,0,31400,0
592,VIACOM INC NEW,CL B,92553P201,45912,1064000,SH,Call,SOLE,,1064000,0,0
593,VIPSHOP HLDGS LTD,SPONSORED ADR,92763W103,3402,202500,SH,Call,DFND,1.0,0,202500,0
594,VIPSHOP HLDGS LTD,SPONSORED ADR,92763W103,556,33100,SH,Put,DFND,1.0,0,33100,0
595,VIPSHOP HLDGS LTD,SPONSORED ADR,92763W103,1179,70200,SH,Call,SOLE,,70200,0,0
596,VIPSHOP HLDGS LTD,SPONSORED ADR,92763W103,19807,1179000,SH,Put,SOLE,,1179000,0,0
597,VIPSHOP HLDGS LTD,NOTE 1.500% 3/1,92763WAA1,273,248000,PRN,,DFND,1.0,0,248000,0
598,VIPSHOP HLDGS LTD,NOTE 1.500% 3/1,92763WAA1,9658,8789000,PRN,,SOLE,,8789000,0,0
599,VIVUS INC,COM,928551100,3,1700,SH,Call,DFND,1.0,0,1700,0
600,VIVUS INC,COM,928551100,161,98300,SH,Call,SOLE,,98300,0,0
601,VULCAN MATLS CO,COM,929160109,3186,35719,SH,,DFND,1.0,0,35719,0
602,VULCAN MATLS CO,COM,929160109,171770,1925672,SH,,SOLE,,1925672,0,0
603,WALGREENS BOOTS ALLIANCE INC,COM,931427108,29196,351336,SH,,DFND,1.0,0,351336,0
604,WALGREENS BOOTS ALLIANCE INC,COM,931427108,792202,9533120,SH,,SOLE,,9533120,0,0
605,WAYFAIR INC,CL A,94419L101,196,5600,SH,,DFND,1.0,0,5600,0
606,WAYFAIR INC,CL A,94419L101,196,5600,SH,Put,DFND,1.0,0,5600,0
607,WEIGHT WATCHERS INTL INC NEW,COM,948626106,1554,243600,SH,,DFND,1.0,0,243600,0
608,WEIGHT WATCHERS INTL INC NEW,COM,948626106,1549,242800,SH,Put,DFND,1.0,0,242800,0
609,WESCO INTL INC,DBCV 6.000% 9/1,95082PAH8,4714,2843000,PRN,,SOLE,,2843000,0,0
610,WESTERN GAS EQUITY PARTNERS,COMUNT LTD PT,95825R103,499,12668,SH,,DFND,1.0,0,12668,0
611,WESTERN GAS EQUITY PARTNERS,COMUNT LTD PT,95825R103,829,21032,SH,,SOLE,,21032,0,0
612,WESTPORT INNOVATIONS INC,COM NEW,960908309,155,62400,SH,,DFND,1.0,0,62400,0
613,WESTPORT INNOVATIONS INC,COM NEW,960908309,155,62400,SH,Put,DFND,1.0,0,62400,0
614,WHITING PETE CORP NEW,COM,966387102,149,9761,SH,,DFND,1.0,0,9761,0
615,WHITING PETE CORP NEW,COM,966387102,5142,336767,SH,,SOLE,,336767,0,0
616,WILLIAMS CLAYTON ENERGY INC,COM,969490101,194,5006,SH,,DFND,1.0,0,5006,0
617,WILLIAMS CLAYTON ENERGY INC,COM,969490101,6633,170915,SH,,SOLE,,170915,0,0
618,WILLIAMS COS INC DEL,COM,969457100,3663,99400,SH,Call,DFND,1.0,0,99400,0
619,WILLIAMS COS INC DEL,COM,969457100,105236,2855800,SH,Call,SOLE,,2855800,0,0
620,WORKDAY INC,CL A,98138H101,592,8600,SH,Put,DFND,1.0,0,8600,0
621,WORKDAY INC,CL A,98138H101,20066,291400,SH,Put,SOLE,,291400,0,0
622,WUXI PHARMATECH CAYMAN INC,SPONS ADR SHS,929352102,5635,130404,SH,,DFND,1.0,0,130404,0
623,WUXI PHARMATECH CAYMAN INC,SPONS ADR SHS,929352102,68412,1583241,SH,,SOLE,,1583241,0,0
624,XEROX CORP,COM,984121103,330,33898,SH,,DFND,1.0,0,33898,0
625,XEROX CORP,COM,984121103,2131,219000,SH,Call,DFND,1.0,0,219000,0
626,XEROX CORP,COM,984121103,10945,1124857,SH,,SOLE,,1124857,0,0
627,XEROX CORP,COM,984121103,71957,7395400,SH,Call,SOLE,,7395400,0,0
628,YAHOO INC,COM,984332106,7491,259124,SH,,DFND,1.0,0,259124,0
629,YAHOO INC,COM,984332106,244666,8463008,SH,,SOLE,,8463008,0,0
630,YUM BRANDS INC,COM,988498101,1011,12651,SH,,DFND,1.0,0,12651,0
631,YUM BRANDS INC,COM,988498101,568,7100,SH,Call,DFND,1.0,0,7100,0
632,YUM BRANDS INC,COM,988498101,31677,396216,SH,,SOLE,,396216,0,0
633,YUM BRANDS INC,COM,988498101,19420,242900,SH,Call,SOLE,,242900,0,0
634,YY INC,ADS REPCOM CLA,98426T106,3272,60000,SH,,DFND,1.0,0,60000,0
635,YY INC,ADS REPCOM CLA,98426T106,3741,68600,SH,Put,DFND,1.0,0,68600,0
636,YY INC,ADS REPCOM CLA,98426T106,451,8272,SH,,SOLE,,8272,0,0
637,YY INC,ADS REPCOM CLA,98426T106,17546,321700,SH,Put,SOLE,,321700,0,0
638,YY INC,NOTE 2.250% 4/0,98426TAB2,281,299000,PRN,,DFND,1.0,0,299000,0
639,YY INC,NOTE 2.250% 4/0,98426TAB2,9192,9794000,PRN,,SOLE,,9794000,0,0
640,ZEBRA TECHNOLOGIES CORP,CL A,989207105,5762,75271,SH,,DFND,1.0,0,75271,0
641,ZEBRA TECHNOLOGIES CORP,CL A,989207105,181777,2374613,SH,,SOLE,,2374613,0,0
642,ZILLOW GROUP INC,CL A,98954M101,12110,421500,SH,,DFND,1.0,0,421500,0
643,ZILLOW GROUP INC,CL A,98954M101,4640,161500,SH,Put,DFND,1.0,0,161500,0
644,ZILLOW GROUP INC,CL C CAP STK,98954M200,8721,323000,SH,,DFND,1.0,0,323000,0
645,ZOETIS INC,CL A,98978V103,469,11400,SH,Call,DFND,1.0,0,11400,0
646,ZOETIS INC,CL A,98978V103,16003,388600,SH,Call,SOLE,,388600,0,0
647,ZYNGA INC,CL A,98986T108,115,50391,SH,,DFND,1.0,0,50391,0
648,ZYNGA INC,CL A,98986T108,3845,1686531,SH,,SOLE,,1686531,0,0
