,NAME OF ISSUER,TITLE OF CLASS,CUSIP,(x$1000),PRN AMT,PRN,CALL,DISCRETION,MANAGER,SOLE,SHARED,NONE
0,BANK AMER CORP,*W EXP 01/16/201,060505146,16301,1269078,SH,,SOLE,,1269078,0,0
1,NEBULA ACQUISITION CORP,*W EXP 03/12/202,629076118,367,333333,SH,,SOLE,,333333,0,0
2,ZIONS BANCORPORATION N A,*W EXP 05/21/202,989701115,13197,1376859,SH,,SOLE,,1376859,0,0
3,FAR PT ACQUISITION CORP,*W EXP 06/01/202,30734W117,1300,1000000,SH,,SOLE,,1000000,0,0
4,GS ACQUISITION HLDGS CORP,*W EXP 06/12/202,36255F110,600,500000,SH,,SOLE,,500000,0,0
5,SENTINEL ENERGY SVCS INC,*W EXP 11/02/202,81728P113,194,233333,SH,,SOLE,,233333,0,0
6,FORTIVE CORP,5% PFD CNV SER A,34959J207,30386,33388,SH,,DFND,1.0,0,33388,0
7,CROWN CASTLE INTL CORP NEW,6.875% CON PFD A,22822V309,49858,47336,SH,,DFND,1.0,0,47336,0
8,CHEETAH MOBILE INC,ADR,163075104,378,61800,SH,,DFND,1.0,0,61800,0
9,CHEETAH MOBILE INC,ADR,163075104,378,61800,SH,Put,DFND,1.0,0,61800,0
10,MOMO INC,ADR,60879B107,18993,799700,SH,Put,SOLE,,799700,0,0
11,SOGOU INC,ADR REPSTG A,83409V104,1664,316900,SH,,DFND,1.0,0,316900,0
12,SOGOU INC,ADR REPSTG A,83409V104,1664,316900,SH,Put,DFND,1.0,0,316900,0
13,ISHARES TR,BARCLAYS 7 10 YR,464287440,41680,400000,SH,Call,SOLE,,400000,0,0
14,ISHARES TR,BARCLAYS 7 10 YR,464287440,36470,350000,SH,Put,SOLE,,350000,0,0
15,ALPHABET INC,CAP STK CL A,02079K305,770,737,SH,,DFND,1.0,0,737,0
16,ALPHABET INC,CAP STK CL A,02079K305,172513,165091,SH,,SOLE,,165091,0,0
17,BLUE APRON HLDGS INC,CL A,09523Q101,214,209900,SH,,DFND,1.0,0,209900,0
18,BLUE APRON HLDGS INC,CL A,09523Q101,214,209900,SH,Put,DFND,1.0,0,209900,0
19,CAMPING WORLD HLDGS INC,CL A,13462K109,721,62900,SH,,DFND,1.0,0,62900,0
20,CAMPING WORLD HLDGS INC,CL A,13462K109,721,62900,SH,Put,DFND,1.0,0,62900,0
21,CARVANA CO,CL A,146869102,687,21000,SH,,DFND,1.0,0,21000,0
22,CARVANA CO,CL A,146869102,687,21000,SH,Put,DFND,1.0,0,21000,0
23,SENTINEL ENERGY SVCS INC,CL A,81728P105,7014,699999,SH,,SOLE,,699999,0,0
24,CHARTER COMMUNICATIONS INC N,CL A,16119P108,767,2692,SH,,DFND,1.0,0,2692,0
25,CHARTER COMMUNICATIONS INC N,CL A,16119P108,111697,391961,SH,,SOLE,,391961,0,0
26,GAMESTOP CORP NEW,CL A,36467W109,1247,98800,SH,,DFND,1.0,0,98800,0
27,GAMESTOP CORP NEW,CL A,36467W109,1247,98800,SH,Put,DFND,1.0,0,98800,0
28,MASTERCARD INCORPORATED,CL A,57636Q104,1555,8243,SH,,DFND,1.0,0,8243,0
29,MASTERCARD INCORPORATED,CL A,57636Q104,271363,1438449,SH,,SOLE,,1438449,0,0
30,NEW YORK TIMES CO,CL A,650111107,1463,65637,SH,,DFND,1.0,0,65637,0
31,NEW YORK TIMES CO,CL A,650111107,135211,6065984,SH,,SOLE,,6065984,0,0
32,SNAP INC,CL A,83304A106,11500,2087100,SH,,DFND,1.0,0,2087100,0
33,SNAP INC,CL A,83304A106,11526,2091800,SH,Put,DFND,1.0,0,2091800,0
34,UNDER ARMOUR INC,CL A,904311107,11903,673600,SH,,DFND,1.0,0,673600,0
35,UNDER ARMOUR INC,CL A,904311107,12053,682100,SH,Put,DFND,1.0,0,682100,0
36,VMWARE INC,CL A COM,928563402,110,800,SH,Call,DFND,1.0,0,800,0
37,VMWARE INC,CL A COM,928563402,19500,142200,SH,Call,SOLE,,142200,0,0
38,REVLON INC,CL A NEW,761525609,652,25900,SH,,DFND,1.0,0,25900,0
39,REVLON INC,CL A NEW,761525609,652,25900,SH,Put,DFND,1.0,0,25900,0
40,LENNAR CORP,CL B,526057302,12090,385901,SH,,SOLE,,385901,0,0
41,LGI HOMES INC,COM,50187T106,959,21200,SH,,DFND,1.0,0,21200,0
42,LGI HOMES INC,COM,50187T106,959,21200,SH,Put,DFND,1.0,0,21200,0
43,JPMORGAN CHASE & CO,COM,46625H100,619,6342,SH,,DFND,1.0,0,6342,0
44,JPMORGAN CHASE & CO,COM,46625H100,104519,1070673,SH,,SOLE,,1070673,0,0
45,INTREXON CORP,COM,46122T102,182,27900,SH,,DFND,1.0,0,27900,0
46,INTREXON CORP,COM,46122T102,182,27900,SH,Put,DFND,1.0,0,27900,0
47,JAGGED PEAK ENERGY INC,COM,47009K107,387,42400,SH,,DFND,1.0,0,42400,0
48,JAGGED PEAK ENERGY INC,COM,47009K107,387,42400,SH,Put,DFND,1.0,0,42400,0
49,EXTRACTION OIL AND GAS INC,COM,30227M105,4414,1028951,SH,,OTR,,0,0,0
50,FOSSIL GROUP INC,COM,34988V106,1329,84500,SH,,DFND,1.0,0,84500,0
51,FOSSIL GROUP INC,COM,34988V106,1329,84500,SH,Put,DFND,1.0,0,84500,0
52,GOGO INC,COM,38046C109,1108,370600,SH,,DFND,1.0,0,370600,0
53,GOGO INC,COM,38046C109,1108,370600,SH,Put,DFND,1.0,0,370600,0
54,GTT COMMUNICATIONS INC,COM,362393100,3409,144100,SH,,DFND,1.0,0,144100,0
55,GTT COMMUNICATIONS INC,COM,362393100,1656,70000,SH,Call,DFND,1.0,0,70000,0
56,GTT COMMUNICATIONS INC,COM,362393100,3409,144100,SH,Put,DFND,1.0,0,144100,0
57,HD SUPPLY HLDGS INC,COM,40416M105,912,24298,SH,,DFND,1.0,0,24298,0
58,HD SUPPLY HLDGS INC,COM,40416M105,128670,3429366,SH,,SOLE,,3429366,0,0
59,HILTON WORLDWIDE HLDGS INC,COM,43300A203,1353,18844,SH,,DFND,1.0,0,18844,0
60,HILTON WORLDWIDE HLDGS INC,COM,43300A203,315685,4396730,SH,,SOLE,,4396730,0,0
61,NEXTERA ENERGY INC,COM,65339F101,15594,89716,SH,,DFND,1.0,0,89716,0
62,NEXTERA ENERGY INC,COM,65339F101,6084,35000,SH,Put,DFND,1.0,0,35000,0
63,NEXTERA ENERGY INC,COM,65339F101,55105,317024,SH,,SOLE,,317024,0,0
64,MATTEL INC,COM,577081102,2400,240200,SH,,DFND,1.0,0,240200,0
65,MATTEL INC,COM,577081102,3399,340200,SH,Put,DFND,1.0,0,340200,0
66,MATTEL INC,COM,577081102,3903,390700,SH,Put,SOLE,,390700,0,0
67,MICROSOFT CORP,COM,594918104,1163,11448,SH,,DFND,1.0,0,11448,0
68,MICROSOFT CORP,COM,594918104,199075,1959975,SH,,SOLE,,1959975,0,0
69,IROBOT CORP,COM,462726100,7671,91600,SH,,DFND,1.0,0,91600,0
70,IROBOT CORP,COM,462726100,7671,91600,SH,Put,DFND,1.0,0,91600,0
71,LOWES COS INC,COM,548661107,1147,12418,SH,,DFND,1.0,0,12418,0
72,LOWES COS INC,COM,548661107,204354,2212581,SH,,SOLE,,2212581,0,0
73,CRONOS GROUP INC,COM,22717L101,995,95800,SH,,DFND,1.0,0,95800,0
74,CRONOS GROUP INC,COM,22717L101,1102,106100,SH,Put,DFND,1.0,0,106100,0
75,DIAMOND OFFSHORE DRILLING IN,COM,25271C102,399,42300,SH,,DFND,1.0,0,42300,0
76,DIAMOND OFFSHORE DRILLING IN,COM,25271C102,399,42300,SH,Put,DFND,1.0,0,42300,0
77,DIEBOLD NXDF INC,COM,253651103,436,175000,SH,,DFND,1.0,0,175000,0
78,DIEBOLD NXDF INC,COM,253651103,436,175000,SH,Put,DFND,1.0,0,175000,0
79,DOWDUPONT INC,COM,26078J100,2243,41945,SH,,DFND,1.0,0,41945,0
80,DOWDUPONT INC,COM,26078J100,1166,21800,SH,Call,DFND,1.0,0,21800,0
81,DOWDUPONT INC,COM,26078J100,374847,7009103,SH,,SOLE,,7009103,0,0
82,DOWDUPONT INC,COM,26078J100,210144,3929400,SH,Call,SOLE,,3929400,0,0
83,ELECTRONIC ARTS INC,COM,285512109,11,143,SH,,DFND,1.0,0,143,0
84,ELECTRONIC ARTS INC,COM,285512109,7880,99857,SH,,SOLE,,99857,0,0
85,ENPHASE ENERGY INC,COM,29355A107,1323,279600,SH,,DFND,1.0,0,279600,0
86,ENPHASE ENERGY INC,COM,29355A107,1323,279600,SH,Put,DFND,1.0,0,279600,0
87,CERIDIAN HCM HLDG INC,COM,15677J108,3663,106200,SH,,DFND,1.0,0,106200,0
88,CERIDIAN HCM HLDG INC,COM,15677J108,3663,106200,SH,Put,DFND,1.0,0,106200,0
89,CHESAPEAKE ENERGY CORP,COM,165167107,496,236100,SH,,DFND,1.0,0,236100,0
90,CHESAPEAKE ENERGY CORP,COM,165167107,497,236800,SH,Put,DFND,1.0,0,236800,0
91,ACACIA COMMUNICATIONS INC,COM,00401C108,996,26200,SH,,DFND,1.0,0,26200,0
92,ACACIA COMMUNICATIONS INC,COM,00401C108,996,26200,SH,Put,DFND,1.0,0,26200,0
93,ACELRX PHARMACEUTICALS INC,COM,00444T100,570,246800,SH,,DFND,1.0,0,246800,0
94,ACELRX PHARMACEUTICALS INC,COM,00444T100,570,246800,SH,Put,DFND,1.0,0,246800,0
95,ACHAOGEN INC,COM,004449104,53,43000,SH,,DFND,1.0,0,43000,0
96,ADVANCED MICRO DEVICES INC,COM,007903107,11102,601400,SH,Put,SOLE,,601400,0,0
97,AKCEA THERAPEUTICS INC,COM,00972L107,3231,107200,SH,,DFND,1.0,0,107200,0
98,AKCEA THERAPEUTICS INC,COM,00972L107,3231,107200,SH,Put,DFND,1.0,0,107200,0
99,CANOPY GROWTH CORP,COM,138035100,5237,194900,SH,,DFND,1.0,0,194900,0
100,AVEO PHARMACEUTICALS INC,COM,053588109,580,362800,SH,Put,DFND,1.0,0,362800,0
101,BANK AMER CORP,COM,060505104,876,35557,SH,,DFND,1.0,0,35557,0
102,BANK AMER CORP,COM,060505104,357064,14491217,SH,,SOLE,,14491217,0,0
103,ALTABA INC,COM,021346101,4287,73985,SH,,DFND,1.0,0,73985,0
104,ALTABA INC,COM,021346101,588120,10150493,SH,,SOLE,,10150493,0,0
105,AMAZON COM INC,COM,023135106,1624,1081,SH,,DFND,1.0,0,1081,0
106,AMAZON COM INC,COM,023135106,293291,195271,SH,,SOLE,,195271,0,0
107,APHRIA INC,COM,03765K104,427,75100,SH,,DFND,1.0,0,75100,0
108,APHRIA INC,COM,03765K104,427,75100,SH,Put,DFND,1.0,0,75100,0
109,APPLIED OPTOELECTRONICS INC,COM,03823U102,2631,170500,SH,,DFND,1.0,0,170500,0
110,APPLIED OPTOELECTRONICS INC,COM,03823U102,2671,173100,SH,Put,DFND,1.0,0,173100,0
111,ARLO TECHNOLOGIES INC,COM,04206A101,515,51600,SH,,DFND,1.0,0,51600,0
112,ARLO TECHNOLOGIES INC,COM,04206A101,275,27600,SH,Put,DFND,1.0,0,27600,0
113,ASHLAND GLOBAL HLDGS INC,COM,044186104,1588,22385,SH,,DFND,1.0,0,22385,0
114,ASHLAND GLOBAL HLDGS INC,COM,044186104,147432,2077677,SH,,SOLE,,2077677,0,0
115,AURORA CANNABIS INC,COM,05156X108,1127,227200,SH,,DFND,1.0,0,227200,0
116,AURORA CANNABIS INC,COM,05156X108,1133,228500,SH,Put,DFND,1.0,0,228500,0
117,AUTODESK INC,COM,052769106,894,6951,SH,,DFND,1.0,0,6951,0
118,AUTODESK INC,COM,052769106,150662,1171463,SH,,SOLE,,1171463,0,0
119,AVEO PHARMACEUTICALS INC,COM,053588109,580,362800,SH,,DFND,1.0,0,362800,0
120,CANOPY GROWTH CORP,COM,138035100,5331,198400,SH,Put,DFND,1.0,0,198400,0
121,RH,COM,74967X103,57645,481100,SH,Put,SOLE,,481100,0,0
122,SANCHEZ ENERGY CORP,COM,79970Y105,87,321300,SH,,DFND,1.0,0,321300,0
123,SANCHEZ ENERGY CORP,COM,79970Y105,89,328800,SH,Put,DFND,1.0,0,328800,0
124,SHERWIN WILLIAMS CO,COM,824348106,614,1561,SH,,DFND,1.0,0,1561,0
125,SHERWIN WILLIAMS CO,COM,824348106,117630,298963,SH,,SOLE,,298963,0,0
126,PARATEK PHARMACEUTICALS INC,COM,699374302,277,54000,SH,,DFND,1.0,0,54000,0
127,PARATEK PHARMACEUTICALS INC,COM,699374302,277,54000,SH,Put,DFND,1.0,0,54000,0
128,PENNEY J C INC,COM,708160106,1351,1298900,SH,,DFND,1.0,0,1298900,0
129,PENNEY J C INC,COM,708160106,1358,1305900,SH,Put,DFND,1.0,0,1305900,0
130,SIRIUS XM HLDGS INC,COM,82968B103,858,150200,SH,,DFND,1.0,0,150200,0
131,SIRIUS XM HLDGS INC,COM,82968B103,2141,375000,SH,Call,DFND,1.0,0,375000,0
132,SIRIUS XM HLDGS INC,COM,82968B103,2222,389200,SH,Put,DFND,1.0,0,389200,0
133,SMART SAND INC,COM,83191H107,63,28500,SH,,DFND,1.0,0,28500,0
134,SMART SAND INC,COM,83191H107,63,28500,SH,Put,DFND,1.0,0,28500,0
135,NXP SEMICONDUCTORS N V,COM,N6596X109,2056,28063,SH,,DFND,1.0,0,28063,0
136,NXP SEMICONDUCTORS N V,COM,N6596X109,22,300,SH,Put,DFND,1.0,0,300,0
137,NXP SEMICONDUCTORS N V,COM,N6596X109,4049,55259,SH,,SOLE,,55259,0,0
138,NXP SEMICONDUCTORS N V,COM,N6596X109,2308,31500,SH,Put,SOLE,,31500,0,0
139,OMEROS CORP,COM,682143102,974,87400,SH,,DFND,1.0,0,87400,0
140,OMEROS CORP,COM,682143102,974,87400,SH,Put,DFND,1.0,0,87400,0
141,OVERSTOCK COM INC DEL,COM,690370101,3471,255600,SH,,DFND,1.0,0,255600,0
142,OVERSTOCK COM INC DEL,COM,690370101,3485,256600,SH,Put,DFND,1.0,0,256600,0
143,POLARITYTE INC,COM,731094108,135,10000,SH,,DFND,1.0,0,10000,0
144,POLARITYTE INC,COM,731094108,135,10000,SH,Put,DFND,1.0,0,10000,0
145,PTC INC,COM,69370C100,1660,20030,SH,,DFND,1.0,0,20030,0
146,PTC INC,COM,69370C100,172366,2079201,SH,,SOLE,,2079201,0,0
147,PYXUS INTL INC,COM,74737V106,1468,123800,SH,,DFND,1.0,0,123800,0
148,PYXUS INTL INC,COM,74737V106,282,23800,SH,Put,DFND,1.0,0,23800,0
149,RED HAT INC,COM,756577102,329,1874,SH,,DFND,1.0,0,1874,0
150,RED HAT INC,COM,756577102,56490,321625,SH,,SOLE,,321625,0,0
151,REDFIN CORP,COM,75737F108,2591,179900,SH,,DFND,1.0,0,179900,0
152,REDFIN CORP,COM,75737F108,2591,179900,SH,Put,DFND,1.0,0,179900,0
153,UBIQUITI NETWORKS INC,COM,90347A100,2386,24000,SH,,DFND,1.0,0,24000,0
154,UBIQUITI NETWORKS INC,COM,90347A100,2386,24000,SH,Put,DFND,1.0,0,24000,0
155,SUNPOWER CORP,COM,867652406,1367,275100,SH,,DFND,1.0,0,275100,0
156,SUNPOWER CORP,COM,867652406,1367,275100,SH,Put,DFND,1.0,0,275100,0
157,T MOBILE US INC,COM,872590104,1261,19830,SH,,DFND,1.0,0,19830,0
158,T MOBILE US INC,COM,872590104,183856,2890356,SH,,SOLE,,2890356,0,0
159,TELLURIAN INC NEW,COM,87968A104,1254,180400,SH,,DFND,1.0,0,180400,0
160,TELLURIAN INC NEW,COM,87968A104,1254,180400,SH,Put,DFND,1.0,0,180400,0
161,TESLA INC,COM,88160R101,20534,61700,SH,Call,DFND,1.0,0,61700,0
162,TESLA INC,COM,88160R101,20534,61700,SH,Put,DFND,1.0,0,61700,0
163,TESLA INC,COM,88160R101,654351,1966200,SH,Put,SOLE,,1966200,0,0
164,NEW AGE BEVERAGES CORP,COM,64157V108,36,7000,SH,Call,DFND,1.0,0,7000,0
165,NEW AGE BEVERAGES CORP,COM,64157V108,36,7000,SH,Put,DFND,1.0,0,7000,0
166,SOLAREDGE TECHNOLOGIES INC,COM,83417M104,5963,169900,SH,,DFND,1.0,0,169900,0
167,SOLAREDGE TECHNOLOGIES INC,COM,83417M104,5963,169900,SH,Put,DFND,1.0,0,169900,0
168,SONOS INC,COM,83570H108,1202,122400,SH,,DFND,1.0,0,122400,0
169,SONOS INC,COM,83570H108,246,25000,SH,Call,DFND,1.0,0,25000,0
170,SONOS INC,COM,83570H108,1472,149900,SH,Put,DFND,1.0,0,149900,0
171,WESTERN DIGITAL CORP,COM,958102105,739,20000,SH,Call,SOLE,,20000,0,0
172,WYNN RESORTS LTD,COM,983134107,1086,10984,SH,,DFND,1.0,0,10984,0
173,WYNN RESORTS LTD,COM,983134107,192049,1941651,SH,,SOLE,,1941651,0,0
174,ZIOPHARM ONCOLOGY INC,COM,98973P101,411,219800,SH,,DFND,1.0,0,219800,0
175,ZIOPHARM ONCOLOGY INC,COM,98973P101,411,219800,SH,Put,DFND,1.0,0,219800,0
176,ZSCALER INC,COM,98980G102,3,72,SH,,DFND,1.0,0,72,0
177,ZSCALER INC,COM,98980G102,1958,49928,SH,,SOLE,,49928,0,0
178,VEONEER INCORPORATED,COM,92336X109,2,79,SH,,DFND,1.0,0,79,0
179,VEONEER INCORPORATED,COM,92336X109,1294,54921,SH,,SOLE,,54921,0,0
180,VICI PPTYS INC,COM,925652109,31584,1681791,SH,,DFND,1.0,0,1681791,0
181,VICI PPTYS INC,COM,925652109,112252,5977191,SH,,SOLE,,5977191,0,0
182,VISTRA ENERGY CORP,COM,92840M102,11635,514157,SH,,DFND,1.0,0,514157,0
183,VISTRA ENERGY CORP,COM,92840M102,132980,5899136,SH,,SOLE,,5899136,0,0
184,SPIRIT AEROSYSTEMS HLDGS INC,COM CL A,848574109,2086,28939,SH,,DFND,1.0,0,28939,0
185,SPIRIT AEROSYSTEMS HLDGS INC,COM CL A,848574109,274016,3801021,SH,,SOLE,,3801021,0,0
186,STITCH FIX INC,COM CL A,860897107,5151,301400,SH,,DFND,1.0,0,301400,0
187,STITCH FIX INC,COM CL A,860897107,5194,303900,SH,Put,DFND,1.0,0,303900,0
188,FAR PT ACQUISITION CORP,COM CL A,30734W109,28950,3000000,SH,,SOLE,,3000000,0,0
189,GS ACQUISITION HLDGS CORP,COM CL A,36255F102,14700,1500000,SH,,SOLE,,1500000,0,0
190,FUNKO INC,COM CL A,361008105,83,6300,SH,,DFND,1.0,0,6300,0
191,FUNKO INC,COM CL A,361008105,83,6300,SH,Put,DFND,1.0,0,6300,0
192,GNC HLDGS INC,COM CL A,36191G107,755,318500,SH,,SOLE,,318500,0,0
193,GNC HLDGS INC,COM CL A,36191G107,755,318500,SH,Put,SOLE,,318500,0,0
194,NEBULA ACQUISITION CORP,COM CLASS A,629076100,9750,999999,SH,,SOLE,,999999,0,0
195,3-D SYS CORP DEL,COM NEW,88554D205,3972,390600,SH,,DFND,1.0,0,390600,0
196,3-D SYS CORP DEL,COM NEW,88554D205,3972,390600,SH,Put,DFND,1.0,0,390600,0
197,TURTLE BEACH CORP,COM NEW,900450206,388,27200,SH,,DFND,1.0,0,27200,0
198,TURTLE BEACH CORP,COM NEW,900450206,388,27200,SH,Put,DFND,1.0,0,27200,0
199,TRANSENTERIX INC,COM NEW,89366M201,340,150400,SH,,DFND,1.0,0,150400,0
200,TRANSENTERIX INC,COM NEW,89366M201,357,157900,SH,Put,DFND,1.0,0,157900,0
201,EXPEDIA GROUP INC,COM NEW,30212P303,2253,20000,SH,Call,SOLE,,20000,0,0
202,LA JOLLA PHARMACEUTICAL CO,COM PAR $.0001 2,503459604,205,21700,SH,,DFND,1.0,0,21700,0
203,LA JOLLA PHARMACEUTICAL CO,COM PAR $.0001 2,503459604,205,21700,SH,Put,DFND,1.0,0,21700,0
204,SPRINT CORP,COM SER 1,85207U105,11,1900,SH,,SOLE,,1900,0,0
205,SPRINT CORP,COM SER 1,85207U105,571,98100,SH,Put,SOLE,,98100,0,0
206,LIBERTY MEDIA CORP DELAWARE,COM SER C FRMLA,531229854,1032,33606,SH,,DFND,1.0,0,33606,0
207,LIBERTY MEDIA CORP DELAWARE,COM SER C FRMLA,531229854,112511,3664847,SH,,SOLE,,3664847,0,0
208,LIBERTY MEDIA CORP,DEB 3.750% 2/1,530715AL5,7034,10577000,PRN,,SOLE,,10577000,0,0
209,LIBERTY MEDIA CORP,DEB 4.000%11/1,530715AG6,18382,27233000,PRN,,SOLE,,27233000,0,0
210,HESS CORP,DEP PDF SR A,42809H404,8226,165277,SH,,DFND,1.0,0,165277,0
211,ETF MANAGERS TR,ETFMG ALTR HRVST,26924G508,319,12800,SH,,DFND,1.0,0,12800,0
212,ETF MANAGERS TR,ETFMG ALTR HRVST,26924G508,354,14200,SH,Put,DFND,1.0,0,14200,0
213,TESLA INC,NOTE 0.250% 3/0,88160RAB7,18179,17500000,PRN,,SOLE,,17500000,0,0
214,RED HAT INC,NOTE 0.250%10/0,756577AD4,42940,17996000,PRN,,SOLE,,17996000,0,0
215,WORKDAY INC,NOTE 0.250%10/0,98138HAF8,6200,5000000,PRN,,SOLE,,5000000,0,0
216,PRICELINE GRP INC,NOTE 0.350% 6/1,741503AS5,26512,19676000,PRN,,SOLE,,19676000,0,0
217,WAYFAIR INC,NOTE 0.375% 9/0,94419LAB7,4324,4000000,PRN,,SOLE,,4000000,0,0
218,TWITTER INC,NOTE 1.000% 9/1,90184LAD4,14640,16000000,PRN,,SOLE,,16000000,0,0
219,TESLA INC,NOTE 1.250% 3/0,88160RAC5,110002,97730000,PRN,,SOLE,,97730000,0,0
220,WORKDAY INC,NOTE 1.500% 7/1,98138HAD3,760,385000,PRN,,SOLE,,385000,0,0
221,MICROCHIP TECHNOLOGY INC,NOTE 1.625% 2/1,595017AD6,42743,30241000,PRN,,DFND,1.0,0,30241000,0
222,ATLAS AIR WORLDWIDE HLDGS IN,NOTE 1.875% 6/0,049164BJ4,20704,21604000,PRN,,SOLE,,21604000,0,0
223,WRIGHT MED GROUP INC,NOTE 2.000% 2/1,98235TAE7,13249,12500000,PRN,,SOLE,,12500000,0,0
224,HERBALIFE LTD,NOTE 2.000% 8/1,42703MAB9,87719,63455000,PRN,,SOLE,,63455000,0,0
225,ADVANCED MICRO DEVICES INC,NOTE 2.125% 9/0,007903BD8,156721,64465000,PRN,,SOLE,,64465000,0,0
226,WRIGHT MED GROUP N V,NOTE 2.250%11/1,98236JAB4,21013,15250000,PRN,,SOLE,,15250000,0,0
227,AEROJET ROCKETDYNE HLDGS INC,NOTE 2.250%12/1,007800AB1,11435,7754000,PRN,,SOLE,,7754000,0,0
228,ISTAR INC,NOTE 3.125% 9/1,45031UCB5,10865,12000000,PRN,,SOLE,,12000000,0,0
229,J2 GLOBAL INC,NOTE 3.250% 6/1,48123VAC6,34916,30434000,PRN,,SOLE,,30434000,0,0
230,INTREXON CORP,NOTE 3.500% 7/0,46122TAA0,1385,2000000,PRN,,SOLE,,2000000,0,0
231,UNISYS CORP,NOTE 5.500% 3/0,909214BS6,22029,15795000,PRN,,SOLE,,15795000,0,0
232,RESTORATION HARDWARE HLDGS I,NOTE 6/1,761283AD2,23631,21036000,PRN,,SOLE,,21036000,0,0
233,UNITED MICROELECTRONICS CORP,SPON ADR NEW,910873405,3356,1874622,SH,,SOLE,,1874622,0,0
234,NIO INC,SPON ADS,62914V106,829,130200,SH,,DFND,1.0,0,130200,0
235,NIO INC,SPON ADS,62914V106,313,49100,SH,Call,DFND,1.0,0,49100,0
236,NIO INC,SPON ADS,62914V106,1142,179300,SH,Put,DFND,1.0,0,179300,0
237,TRIVAGO N V,SPON ADS A SHS,89686D105,659,117000,SH,,DFND,1.0,0,117000,0
238,TRIVAGO N V,SPON ADS A SHS,89686D105,659,117000,SH,Put,DFND,1.0,0,117000,0
239,PAMPA ENERGIA S A,SPONS ADR LVL I,697660207,8637,271509,SH,,DFND,1.0,0,271509,0
240,PAMPA ENERGIA S A,SPONS ADR LVL I,697660207,51882,1631011,SH,,SOLE,,1631011,0,0
241,BILIBILI INC,SPONS ADS REP Z,090040106,1411,96700,SH,,DFND,1.0,0,96700,0
242,BILIBILI INC,SPONS ADS REP Z,090040106,1430,98000,SH,Put,DFND,1.0,0,98000,0
243,JINKOSOLAR HLDG CO LTD,SPONSORED ADR,47759T100,586,59300,SH,,DFND,1.0,0,59300,0
244,JINKOSOLAR HLDG CO LTD,SPONSORED ADR,47759T100,586,59300,SH,Put,DFND,1.0,0,59300,0
245,HIMAX TECHNOLOGIES INC,SPONSORED ADR,43289P106,2526,736500,SH,,DFND,1.0,0,736500,0
246,HIMAX TECHNOLOGIES INC,SPONSORED ADR,43289P106,2562,747000,SH,Put,DFND,1.0,0,747000,0
247,SHIRE PLC,SPONSORED ADR,82481R106,35,200,SH,,DFND,1.0,0,200,0
248,SHIRE PLC,SPONSORED ADR,82481R106,33120,190300,SH,,SOLE,,190300,0,0
249,PINDUODUO INC,SPONSORED ADS,722304102,1685,75100,SH,,DFND,1.0,0,75100,0
250,PINDUODUO INC,SPONSORED ADS,722304102,1685,75100,SH,Put,DFND,1.0,0,75100,0
251,IQIYI INC,SPONSORED ADS,46267X108,462,31100,SH,Put,SOLE,,31100,0,0
252,BITAUTO HLDGS LTD,SPONSORED ADS,091727107,528,21300,SH,,DFND,1.0,0,21300,0
253,BITAUTO HLDGS LTD,SPONSORED ADS,091727107,528,21300,SH,Put,DFND,1.0,0,21300,0
254,ALIBABA GROUP HLDG LTD,SPONSORED ADS,01609W102,80529,587500,SH,Put,SOLE,,587500,0,0
255,SPDR S&P 500 ETF TR,TR UNIT,78462F103,8347,33400,SH,Call,DFND,1.0,0,33400,0
256,SPDR S&P 500 ETF TR,TR UNIT,78462F103,3128149,12516600,SH,,SOLE,,12516600,0,0
257,SPDR S&P 500 ETF TR,TR UNIT,78462F103,1241253,4966600,SH,Call,SOLE,,4966600,0,0
258,SPDR S&P 500 ETF TR,TR UNIT,78462F103,3128149,12516600,SH,Put,SOLE,,12516600,0,0
