,NAME OF ISSUER,TITLE OF CLASS,CUSIP,(x$1000),PRN AMT,PRN,CALL,DISCRETION,MANAGER,SOLE,SHARED,NONE
0,3-D SYS CORP DEL,COM NEW,88554D205,4928,360000,SH,,DFND,1.0,0,360000,0
1,58 COM INC,SPON ADR REP A,31680Q104,7993,174177,SH,,DFND,1.0,0,174177,0
2,58 COM INC,SPON ADR REP A,31680Q104,158482,3453520,SH,,SOLE,,3453520,0,0
3,ACTIVISION BLIZZARD INC,COM,00507V109,20149,508439,SH,,DFND,1.0,0,508439,0
4,ACTIVISION BLIZZARD INC,COM,00507V109,542242,13682625,SH,,SOLE,,13682625,0,0
5,AETNA INC NEW,COM,00817Y108,9111,74598,SH,,DFND,1.0,0,74598,0
6,AETNA INC NEW,COM,00817Y108,18670,152866,SH,,SOLE,,152866,0,0
7,AIR PRODS & CHEMS INC,COM,009158106,10289,72438,SH,,DFND,1.0,0,72438,0
8,AIR PRODS & CHEMS INC,COM,009158106,310638,2186973,SH,,SOLE,,2186973,0,0
9,AKAMAI TECHNOLOGIES INC,COM,00971T101,425,7600,SH,Put,DFND,1.0,0,7600,0
10,AKAMAI TECHNOLOGIES INC,COM,00971T101,13557,242400,SH,Put,SOLE,,242400,0,0
11,AKAMAI TECHNOLOGIES INC,COM,00971T101,45,800,SH,Put,SOLE,,0,0,0
12,ALCOA INC,COM,013817101,63,6850,SH,,DFND,1.0,0,6850,0
13,ALCOA INC,COM,013817101,83,9000,SH,Put,DFND,1.0,0,9000,0
14,ALCOA INC,COM,013817101,2263,244077,SH,,SOLE,,244077,0,0
15,ALCOA INC,COM,013817101,6841,738000,SH,Put,SOLE,,738000,0,0
16,ALCOA INC,COM,013817101,1418,153000,SH,Put,DFND,,0,0,0
17,ALIBABA GROUP HLDG LTD,SPONSORED ADS,01609W102,5518,69382,SH,,DFND,1.0,0,69382,0
18,ALIBABA GROUP HLDG LTD,SPONSORED ADS,01609W102,2171,27300,SH,Call,DFND,1.0,0,27300,0
19,ALIBABA GROUP HLDG LTD,SPONSORED ADS,01609W102,140801,1770413,SH,,SOLE,,1770413,0,0
20,ALIBABA GROUP HLDG LTD,SPONSORED ADS,01609W102,73144,919700,SH,Call,SOLE,,919700,0,0
21,ALIBABA GROUP HLDG LTD,SPONSORED ADS,01609W102,239,3000,SH,Call,SOLE,,0,0,0
22,ALON USA ENERGY INC,COM,020520102,112,17319,SH,,DFND,1.0,0,17319,0
23,ALON USA ENERGY INC,COM,020520102,3715,573314,SH,,SOLE,,573314,0,0
24,ALPHABET INC,CAP STK CL C,02079K107,11367,16424,SH,,DFND,1.0,0,16424,0
25,ALPHABET INC,CAP STK CL C,02079K107,9759,14100,SH,Call,DFND,1.0,0,14100,0
26,ALPHABET INC,CAP STK CL C,02079K107,286722,414279,SH,,SOLE,,414279,0,0
27,ALPHABET INC,CAP STK CL C,02079K107,300856,434700,SH,Call,SOLE,,434700,0,0
28,ALPHABET INC,CAP STK CL C,02079K107,900,1300,SH,Call,SOLE,,0,0,0
29,AMAZON COM INC,COM,023135106,721,1007,SH,,DFND,1.0,0,1007,0
30,AMAZON COM INC,COM,023135106,716,1000,SH,Call,DFND,1.0,0,1000,0
31,AMAZON COM INC,COM,023135106,145730,203641,SH,,SOLE,,203641,0,0
32,AMAZON COM INC,COM,023135106,24331,34000,SH,Call,SOLE,,34000,0,0
33,AMAZON COM INC,COM,023135106,72,100,SH,Call,SOLE,,0,0,0
34,ANHEUSER BUSCH INBEV SA/NV,SPONSORED ADR,03524A108,6749,51255,SH,,DFND,1.0,0,51255,0
35,ANHEUSER BUSCH INBEV SA/NV,SPONSORED ADR,03524A108,751,5700,SH,Call,DFND,1.0,0,5700,0
36,ANHEUSER BUSCH INBEV SA/NV,SPONSORED ADR,03524A108,141645,1075674,SH,,SOLE,,1075674,0,0
37,ANHEUSER BUSCH INBEV SA/NV,SPONSORED ADR,03524A108,25585,194300,SH,Call,SOLE,,194300,0,0
38,ANHEUSER BUSCH INBEV SA/NV,SPONSORED ADR,03524A108,79,600,SH,Call,SOLE,,0,0,0
39,APPLE INC,COM,037833100,490,5121,SH,,DFND,1.0,0,5121,0
40,APPLE INC,COM,037833100,1941,20300,SH,Call,DFND,1.0,0,20300,0
41,APPLE INC,COM,037833100,17746,185630,SH,,SOLE,,185630,0,0
42,APPLE INC,COM,037833100,64396,673600,SH,Call,SOLE,,673600,0,0
43,APPLE INC,COM,037833100,210,2200,SH,Call,SOLE,,0,0,0
44,ARVINMERITOR INC,FRNT 4.000% 2/1,043353AH4,757,784000,PRN,,DFND,1.0,0,784000,0
45,ARVINMERITOR INC,FRNT 4.000% 2/1,043353AH4,27907,28919000,PRN,,SOLE,,28919000,0,0
46,ASCENDIS PHARMA A S,SPONSORED ADR,04351P101,56,4187,SH,,DFND,1.0,0,4187,0
47,ASCENDIS PHARMA A S,SPONSORED ADR,04351P101,1934,145713,SH,,SOLE,,145713,0,0
48,AT&T INC,COM,00206R102,1473,34100,SH,Call,DFND,1.0,0,34100,0
49,AT&T INC,COM,00206R102,1465,33900,SH,Put,DFND,1.0,0,33900,0
50,AT&T INC,COM,00206R102,49579,1147400,SH,Call,SOLE,,1147400,0,0
51,AT&T INC,COM,00206R102,49337,1141800,SH,Put,SOLE,,1141800,0,0
52,AT&T INC,COM,00206R102,160,3700,SH,Call,SOLE,,0,0,0
53,AT&T INC,COM,00206R102,156,3600,SH,Put,SOLE,,0,0,0
54,ATWOOD OCEANICS INC,COM,050095108,661,52800,SH,,DFND,1.0,0,52800,0
55,ATWOOD OCEANICS INC,COM,050095108,661,52800,SH,Put,DFND,1.0,0,52800,0
56,BANK AMER CORP,COM,060505104,5917,445900,SH,Call,DFND,1.0,0,445900,0
57,BANK AMER CORP,COM,060505104,1262,95066,SH,,SOLE,,95066,0,0
58,BANK AMER CORP,COM,060505104,185443,13974600,SH,Call,SOLE,,13974600,0,0
59,BANK AMER CORP,COM,060505104,642,48400,SH,Call,SOLE,,0,0,0
60,BANK NEW YORK MELLON CORP,COM,064058100,7049,181437,SH,,DFND,1.0,0,181437,0
61,BANK NEW YORK MELLON CORP,COM,064058100,51910,1336165,SH,,SOLE,,1336165,0,0
62,BARCLAYS BK PLC,IPATH S&P500 VIX,06742E711,1132,82000,SH,,SOLE,,82000,0,0
63,BAXTER INTL INC,COM,071813109,199,4400,SH,Put,DFND,1.0,0,4400,0
64,BAXTER INTL INC,COM,071813109,6480,143300,SH,Put,SOLE,,143300,0,0
65,BAXTER INTL INC,COM,071813109,23,500,SH,Put,SOLE,,0,0,0
66,BERKSHIRE HATHAWAY INC DEL,CL B NEW,084670702,1332,9200,SH,Put,DFND,1.0,0,9200,0
67,BERKSHIRE HATHAWAY INC DEL,CL B NEW,084670702,41468,286400,SH,Put,SOLE,,286400,0,0
68,BERKSHIRE HATHAWAY INC DEL,CL B NEW,084670702,130,900,SH,Put,SOLE,,0,0,0
69,BLACK STONE MINERALS L P,COM UNIT,09225M101,514,33161,SH,,DFND,1.0,0,33161,0
70,BLACK STONE MINERALS L P,COM UNIT,09225M101,8965,578375,SH,,SOLE,,578375,0,0
71,BOEING CO,COM,097023105,403,3100,SH,Call,DFND,1.0,0,3100,0
72,BOEING CO,COM,097023105,1221,9400,SH,Put,DFND,1.0,0,9400,0
73,BOEING CO,COM,097023105,12844,98900,SH,Call,SOLE,,98900,0,0
74,BOEING CO,COM,097023105,37740,290600,SH,Put,SOLE,,290600,0,0
75,BOEING CO,COM,097023105,39,300,SH,Call,SOLE,,0,0,0
76,BOEING CO,COM,097023105,117,900,SH,Put,SOLE,,0,0,0
77,BP PLC,SPONSORED ADR,055622104,565,15900,SH,Put,DFND,1.0,0,15900,0
78,BP PLC,SPONSORED ADR,055622104,17190,484100,SH,Put,SOLE,,484100,0,0
79,BP PLC,SPONSORED ADR,055622104,53,1500,SH,Put,SOLE,,0,0,0
80,BROADCOM LTD,SHS,Y09827109,10032,64557,SH,,DFND,1.0,0,64557,0
81,BROADCOM LTD,SHS,Y09827109,231386,1488968,SH,,SOLE,,1488968,0,0
82,CAVIUM INC,COM,14964U108,266,6900,SH,Call,DFND,1.0,0,6900,0
83,CAVIUM INC,COM,14964U108,9164,237400,SH,Call,SOLE,,237400,0,0
84,CAVIUM INC,COM,14964U108,31,800,SH,Call,SOLE,,0,0,0
85,CENTURYLINK INC,COM,156700106,531,18300,SH,Put,DFND,1.0,0,18300,0
86,CENTURYLINK INC,COM,156700106,16678,574900,SH,Put,SOLE,,574900,0,0
87,CENTURYLINK INC,COM,156700106,52,1800,SH,Put,SOLE,,0,0,0
88,CHARTER COMMUNICATIONS INC N,CL A,16119P108,8597,37601,SH,,DFND,1.0,0,37601,0
89,CHARTER COMMUNICATIONS INC N,CL A,16119P108,311313,1361584,SH,,SOLE,,1361584,0,0
90,CHEETAH MOBILE INC,ADR,163075104,1632,171800,SH,,DFND,1.0,0,171800,0
91,CHEETAH MOBILE INC,ADR,163075104,1847,194400,SH,Put,DFND,1.0,0,194400,0
92,CHENIERE ENERGY INC,NOTE 4.250% 3/1,16411RAG4,511,912000,PRN,,DFND,1.0,0,912000,0
93,CHENIERE ENERGY INC,NOTE 4.250% 3/1,16411RAG4,18194,32493000,PRN,,SOLE,,32493000,0,0
94,CHICOS FAS INC,COM,168615102,181,16943,SH,,DFND,1.0,0,16943,0
95,CHICOS FAS INC,COM,168615102,443,41400,SH,Call,DFND,1.0,0,41400,0
96,CHICOS FAS INC,COM,168615102,6126,572002,SH,,SOLE,,572002,0,0
97,CHICOS FAS INC,COM,168615102,14841,1385700,SH,Call,SOLE,,1385700,0,0
98,CHICOS FAS INC,COM,168615102,47,4400,SH,Call,SOLE,,0,0,0
99,CHINA BIOLOGIC PRODS INC,COM,16938C106,213,2001,SH,,DFND,1.0,0,2001,0
100,CHINA BIOLOGIC PRODS INC,COM,16938C106,10791,101495,SH,,SOLE,,101495,0,0
101,CHIPOTLE MEXICAN GRILL INC,COM,169656105,11277,28000,SH,Put,DFND,1.0,0,28000,0
102,CHIPOTLE MEXICAN GRILL INC,COM,169656105,296713,736700,SH,Put,SOLE,,736700,0,0
103,CHIPOTLE MEXICAN GRILL INC,COM,169656105,926,2300,SH,Put,SOLE,,0,0,0
104,CME GROUP INC,COM,12572Q105,2922,30000,SH,,SOLE,,30000,0,0
105,COBALT INTL ENERGY INC,NOTE 2.625%12/0,19075FAA4,154,418000,PRN,,DFND,1.0,0,418000,0
106,COBALT INTL ENERGY INC,NOTE 2.625%12/0,19075FAA4,5469,14882000,PRN,,SOLE,,14882000,0,0
107,COBALT INTL ENERGY INC,NOTE 3.125% 5/1,19075FAB2,417,1289000,PRN,,DFND,1.0,0,1289000,0
108,COBALT INTL ENERGY INC,NOTE 3.125% 5/1,19075FAB2,14880,45944000,PRN,,SOLE,,45944000,0,0
109,COMCAST CORP NEW,CL A,20030N101,8855,135839,SH,,DFND,1.0,0,135839,0
110,COMCAST CORP NEW,CL A,20030N101,217370,3334412,SH,,SOLE,,3334412,0,0
111,COMERICA INC,COM,200340107,1834,44600,SH,Call,DFND,1.0,0,44600,0
112,COMERICA INC,COM,200340107,63768,1550400,SH,Call,SOLE,,1550400,0,0
113,COMERICA INC,COM,200340107,206,5000,SH,Call,SOLE,,0,0,0
114,COMMSCOPE HLDG CO INC,COM,20337X109,298,9600,SH,Put,DFND,1.0,0,9600,0
115,COMMSCOPE HLDG CO INC,COM,20337X109,8949,288400,SH,Put,SOLE,,288400,0,0
116,COMMSCOPE HLDG CO INC,COM,20337X109,28,900,SH,Put,SOLE,,0,0,0
117,CONAGRA FOODS INC,COM,205887102,329,6888,SH,,DFND,1.0,0,6888,0
118,CONAGRA FOODS INC,COM,205887102,454,9500,SH,Call,DFND,1.0,0,9500,0
119,CONAGRA FOODS INC,COM,205887102,13343,279078,SH,,SOLE,,279078,0,0
120,CONAGRA FOODS INC,COM,205887102,15070,315200,SH,Call,SOLE,,315200,0,0
121,CONAGRA FOODS INC,COM,205887102,48,1000,SH,Call,SOLE,,0,0,0
122,CONTAINER STORE GROUP INC,COM,210751103,346,64600,SH,,DFND,1.0,0,64600,0
123,CORNING INC,COM,219350105,248,12106,SH,,DFND,1.0,0,12106,0
124,CORNING INC,COM,219350105,11292,551355,SH,,SOLE,,551355,0,0
125,COSTCO WHSL CORP NEW,COM,22160K105,612,3900,SH,Put,DFND,1.0,0,3900,0
126,COSTCO WHSL CORP NEW,COM,22160K105,19002,121000,SH,Put,SOLE,,121000,0,0
127,COSTCO WHSL CORP NEW,COM,22160K105,63,400,SH,Put,SOLE,,0,0,0
128,CRESTWOOD EQUITY PARTNERS LP,UNIT LTD PARTNER,226344208,7948,394224,SH,,DFND,1.0,0,394224,0
129,CRESTWOOD EQUITY PARTNERS LP,UNIT LTD PARTNER,226344208,4857,240903,SH,,SOLE,,240903,0,0
130,CRESTWOOD EQUITY PARTNERS LP,UNIT LTD PARTNER,226344208,384,19025,SH,,OTR,,0,0,0
131,CROWN CASTLE INTL CORP NEW,COM,22822V101,1010,9955,SH,,DFND,1.0,0,9955,0
132,CROWN CASTLE INTL CORP NEW,COM,22822V101,7374,72700,SH,Put,DFND,1.0,0,72700,0
133,CROWN CASTLE INTL CORP NEW,COM,22822V101,32841,323779,SH,,SOLE,,323779,0,0
134,CROWN CASTLE INTL CORP NEW,COM,22822V101,9869,97300,SH,Put,SOLE,,97300,0,0
135,CROWN CASTLE INTL CORP NEW,CNV PFD STK SR A,22822V200,8285,68306,SH,,DFND,1.0,0,68306,0
136,CTRIP COM INTL LTD,AMERICAN DEP SHS,22943F100,78,1900,SH,Call,DFND,1.0,0,1900,0
137,CTRIP COM INTL LTD,AMERICAN DEP SHS,22943F100,2818,68400,SH,Put,DFND,1.0,0,68400,0
138,CTRIP COM INTL LTD,AMERICAN DEP SHS,22943F100,150048,3641948,SH,,SOLE,,3641948,0,0
139,CTRIP COM INTL LTD,AMERICAN DEP SHS,22943F100,3016,73200,SH,Call,SOLE,,73200,0,0
140,CTRIP COM INTL LTD,AMERICAN DEP SHS,22943F100,98484,2390400,SH,Put,SOLE,,2390400,0,0
141,CTRIP COM INTL LTD,AMERICAN DEP SHS,22943F100,25,600,SH,Put,SOLE,,0,0,0
142,CTRIP COM INTL LTD,NOTE 1.250%10/1,22943FAD2,1542,1260000,PRN,,DFND,1.0,0,1260000,0
143,CTRIP COM INTL LTD,NOTE 1.250%10/1,22943FAD2,54917,44867000,PRN,,SOLE,,44867000,0,0
144,CTRIP COM INTL LTD,NOTE 1.000% 7/0,22943FAF7,237,224000,PRN,,DFND,1.0,0,224000,0
145,CTRIP COM INTL LTD,NOTE 1.000% 7/0,22943FAF7,8425,7978000,PRN,,SOLE,,7978000,0,0
146,CTRIP COM INTL LTD,NOTE 1.990% 7/0,22943FAH3,10,9000,PRN,,DFND,1.0,0,9000,0
147,CTRIP COM INTL LTD,NOTE 1.990% 7/0,22943FAH3,351,323000,PRN,,SOLE,,323000,0,0
148,CUMMINS INC,COM,231021106,483,4300,SH,Call,DFND,1.0,0,4300,0
149,CUMMINS INC,COM,231021106,1248,11100,SH,Put,DFND,1.0,0,11100,0
150,CUMMINS INC,COM,231021106,15247,135600,SH,Call,SOLE,,135600,0,0
151,CUMMINS INC,COM,231021106,38083,338700,SH,Put,SOLE,,338700,0,0
152,CUMMINS INC,COM,231021106,45,400,SH,Call,SOLE,,0,0,0
153,CUMMINS INC,COM,231021106,124,1100,SH,Put,SOLE,,0,0,0
154,CYBERARK SOFTWARE LTD,SHS,M2682V108,107,2199,SH,,DFND,1.0,0,2199,0
155,CYBERARK SOFTWARE LTD,SHS,M2682V108,3537,72801,SH,,SOLE,,72801,0,0
156,CYPRESS SEMICONDUCTOR CORP,COM,232806109,283,26849,SH,,DFND,1.0,0,26849,0
157,CYPRESS SEMICONDUCTOR CORP,COM,232806109,1032,97800,SH,Call,DFND,1.0,0,97800,0
158,CYPRESS SEMICONDUCTOR CORP,COM,232806109,11085,1050689,SH,,SOLE,,1050689,0,0
159,CYPRESS SEMICONDUCTOR CORP,COM,232806109,34471,3267400,SH,Call,SOLE,,3267400,0,0
160,CYPRESS SEMICONDUCTOR CORP,COM,232806109,111,10500,SH,Call,SOLE,,0,0,0
161,DELTA AIR LINES INC DEL,COM NEW,247361702,8488,232995,SH,,DFND,1.0,0,232995,0
162,DELTA AIR LINES INC DEL,COM NEW,247361702,1435,39400,SH,Call,DFND,1.0,0,39400,0
163,DELTA AIR LINES INC DEL,COM NEW,247361702,242419,6654366,SH,,SOLE,,6654366,0,0
164,DELTA AIR LINES INC DEL,COM NEW,247361702,42077,1155000,SH,Call,SOLE,,1155000,0,0
165,DELTA AIR LINES INC DEL,COM NEW,247361702,131,3600,SH,Call,SOLE,,0,0,0
166,DEMANDWARE INC,COM,24802Y105,1180,15750,SH,,DFND,1.0,0,15750,0
167,DEMANDWARE INC,COM,24802Y105,62447,833737,SH,,SOLE,,833737,0,0
168,DEUTSCHE BANK AG,NAMEN AKT,D18190898,21,1500,SH,,DFND,1.0,0,1500,0
169,DEUTSCHE BANK AG,NAMEN AKT,D18190898,21,1500,SH,Put,DFND,1.0,0,1500,0
170,DEUTSCHE BANK AG,NAMEN AKT,D18190898,1140,83000,SH,,SOLE,,83000,0,0
171,DEUTSCHE BANK AG,NAMEN AKT,D18190898,1140,83000,SH,Put,SOLE,,83000,0,0
172,DIAMOND RESORTS INTL INC,COM,25272T104,1705,56900,SH,,DFND,1.0,0,56900,0
173,DIAMOND RESORTS INTL INC,COM,25272T104,716,23900,SH,Call,DFND,1.0,0,23900,0
174,DIAMOND RESORTS INTL INC,COM,25272T104,1705,56900,SH,Put,DFND,1.0,0,56900,0
175,DIAMOND RESORTS INTL INC,COM,25272T104,4415,147350,SH,,SOLE,,147350,0,0
176,DIAMOND RESORTS INTL INC,COM,25272T104,24013,801500,SH,Call,SOLE,,801500,0,0
177,DIAMOND RESORTS INTL INC,COM,25272T104,75,2500,SH,Call,SOLE,,0,0,0
178,DOW CHEM CO,COM,260543103,1072,21556,SH,,DFND,1.0,0,21556,0
179,DOW CHEM CO,COM,260543103,775,15600,SH,Call,DFND,1.0,0,15600,0
180,DOW CHEM CO,COM,260543103,46756,940571,SH,,SOLE,,940571,0,0
181,DOW CHEM CO,COM,260543103,28230,567900,SH,Call,SOLE,,567900,0,0
182,DOW CHEM CO,COM,260543103,89,1800,SH,Call,SOLE,,0,0,0
183,DU PONT E I DE NEMOURS & CO,COM,263534109,17260,266361,SH,,DFND,1.0,0,266361,0
184,DU PONT E I DE NEMOURS & CO,COM,263534109,390573,6027354,SH,,SOLE,,6027354,0,0
185,DYNEGY INC NEW DEL,*W EXP 10/02/201,26817R116,94,257492,SH,,DFND,1.0,0,257492,0
186,DYNEGY INC NEW DEL,*W EXP 10/02/201,26817R116,1443,3972026,SH,,SOLE,,3972026,0,0
187,DYNEGY INC NEW DEL,UNIT 07/01/20191,26817R405,4301,40000,SH,,SOLE,,40000,0,0
188,E M C CORP MASS,COM,268648102,9146,336607,SH,,DFND,1.0,0,336607,0
189,E M C CORP MASS,COM,268648102,143158,5268968,SH,,SOLE,,5268968,0,0
190,EL POLLO LOCO HLDGS INC,COM,268603107,205,15800,SH,,DFND,1.0,0,15800,0
191,EMERSON ELEC CO,COM,291011104,829,15900,SH,Put,DFND,1.0,0,15900,0
192,EMERSON ELEC CO,COM,291011104,25251,484100,SH,Put,SOLE,,484100,0,0
193,EMERSON ELEC CO,COM,291011104,78,1500,SH,Put,SOLE,,0,0,0
194,ENDO INTL PLC,SHS,G30401106,1012,64900,SH,Call,DFND,1.0,0,64900,0
195,ENDO INTL PLC,SHS,G30401106,28654,1838000,SH,Call,SOLE,,1838000,0,0
196,ENDO INTL PLC,SHS,G30401106,90,5800,SH,Call,SOLE,,0,0,0
197,ENERGY TRANSFER EQUITY L P,COM UT LTD PTN,29273V100,20025,1393526,SH,,DFND,1.0,0,1393526,0
198,ENERGY TRANSFER EQUITY L P,COM UT LTD PTN,29273V100,76763,5341900,SH,Call,DFND,1.0,0,5341900,0
199,ENERGY TRANSFER EQUITY L P,COM UT LTD PTN,29273V100,70361,4896414,SH,,SOLE,,4896414,0,0
200,ENERGY TRANSFER EQUITY L P,COM UT LTD PTN,29273V100,136978,9532200,SH,Call,SOLE,,9532200,0,0
201,ENERGY TRANSFER EQUITY L P,COM UT LTD PTN,29273V100,573,39900,SH,Call,SOLE,,0,0,0
202,ENERGY TRANSFER PRTNRS L P,UNIT LTD PARTN,29273R109,6735,176900,SH,Put,DFND,1.0,0,176900,0
203,ENERGY TRANSFER PRTNRS L P,UNIT LTD PARTN,29273R109,12300,323100,SH,Put,SOLE,,323100,0,0
204,EXXON MOBIL CORP,COM,30231G102,1490,15900,SH,Put,DFND,1.0,0,15900,0
205,EXXON MOBIL CORP,COM,30231G102,45380,484100,SH,Put,SOLE,,484100,0,0
206,EXXON MOBIL CORP,COM,30231G102,141,1500,SH,Put,SOLE,,0,0,0
207,F M C CORP,COM NEW,302491303,2106,45470,SH,,DFND,1.0,0,45470,0
208,F M C CORP,COM NEW,302491303,370,8000,SH,Call,DFND,1.0,0,8000,0
209,F M C CORP,COM NEW,302491303,103208,2228632,SH,,SOLE,,2228632,0,0
210,F M C CORP,COM NEW,302491303,18056,389900,SH,Call,SOLE,,389900,0,0
211,F M C CORP,COM NEW,302491303,60,1300,SH,Call,SOLE,,0,0,0
212,F5 NETWORKS INC,COM,315616102,194,1703,SH,,DFND,1.0,0,1703,0
213,F5 NETWORKS INC,COM,315616102,763,6700,SH,Call,DFND,1.0,0,6700,0
214,F5 NETWORKS INC,COM,315616102,6517,57243,SH,,SOLE,,57243,0,0
215,F5 NETWORKS INC,COM,315616102,26069,229000,SH,Call,SOLE,,229000,0,0
216,F5 NETWORKS INC,COM,315616102,80,700,SH,Call,SOLE,,0,0,0
217,FACEBOOK INC,CL A,30303M102,386,3377,SH,,DFND,1.0,0,3377,0
218,FACEBOOK INC,CL A,30303M102,1086,9500,SH,Call,DFND,1.0,0,9500,0
219,FACEBOOK INC,CL A,30303M102,13082,114474,SH,,SOLE,,114474,0,0
220,FACEBOOK INC,CL A,30303M102,39187,342900,SH,Call,SOLE,,342900,0,0
221,FACEBOOK INC,CL A,30303M102,126,1100,SH,Call,SOLE,,0,0,0
222,FIAT CHRYSLER AUTOMOBILES N,SHS,N31738102,375,61300,SH,Put,DFND,1.0,0,61300,0
223,FIAT CHRYSLER AUTOMOBILES N,SHS,N31738102,13388,2187600,SH,Put,SOLE,,2187600,0,0
224,FIAT CHRYSLER AUTOMOBILES N,MAN COV SEC 16,N31738110,3400,56494,SH,,DFND,1.0,0,56494,0
225,FIAT CHRYSLER AUTOMOBILES N,MAN COV SEC 16,N31738110,121178,2013762,SH,,SOLE,,2013762,0,0
226,FIDELITY NATIONAL FINANCIAL,FNF GROUP COM,31620R303,5589,149038,SH,,DFND,1.0,0,149038,0
227,FIDELITY NATIONAL FINANCIAL,FNF GROUP COM,31620R303,129250,3446665,SH,,SOLE,,3446665,0,0
228,FIDELITY NATL INFORMATION SV,COM,31620M106,9622,130586,SH,,DFND,1.0,0,130586,0
229,FIDELITY NATL INFORMATION SV,COM,31620M106,237678,3225815,SH,,SOLE,,3225815,0,0
230,FINTECH ACQUISITION CORP,COM,14141X108,93,9274,SH,,DFND,1.0,0,9274,0
231,FINTECH ACQUISITION CORP,COM,14141X108,4716,471609,SH,,SOLE,,471609,0,0
232,FINTECH ACQUISITION CORP,*W EXP 02/19/202,14141X116,8,9274,SH,,DFND,1.0,0,9274,0
233,FINTECH ACQUISITION CORP,*W EXP 02/19/202,14141X116,384,471609,SH,,SOLE,,471609,0,0
234,FIREEYE INC,COM,31816Q101,199,12100,SH,Call,DFND,1.0,0,12100,0
235,FIREEYE INC,COM,31816Q101,6591,400200,SH,Call,SOLE,,400200,0,0
236,FIREEYE INC,COM,31816Q101,21,1300,SH,Call,SOLE,,0,0,0
237,FLEETCOR TECHNOLOGIES INC,COM,339041105,11904,83171,SH,,DFND,1.0,0,83171,0
238,FLEETCOR TECHNOLOGIES INC,COM,339041105,335042,2340824,SH,,SOLE,,2340824,0,0
239,FRONTIER COMMUNICATIONS CORP,PFD CONV SER-A,35906A207,20715,218590,SH,,DFND,1.0,0,218590,0
240,GENERAL ELECTRIC CO,COM,369604103,2034,64600,SH,Put,DFND,1.0,0,64600,0
241,GENERAL ELECTRIC CO,COM,369604103,60911,1934900,SH,Put,SOLE,,1934900,0,0
242,GENERAL ELECTRIC CO,COM,369604103,192,6100,SH,Put,SOLE,,0,0,0
243,GENERAL MTRS CO,COM,37045V100,408,14400,SH,Put,DFND,1.0,0,14400,0
244,GENERAL MTRS CO,COM,37045V100,13742,485600,SH,Put,SOLE,,485600,0,0
245,GENERAL MTRS CO,COM,37045V100,42,1500,SH,Put,SOLE,,0,0,0
246,GENESIS ENERGY L P,UNIT LTD PARTN,371927104,524,13659,SH,,DFND,1.0,0,13659,0
247,GENESIS ENERGY L P,UNIT LTD PARTN,371927104,927,24152,SH,,SOLE,,24152,0,0
248,GNC HLDGS INC,COM CL A,36191G107,90,3700,SH,Put,DFND,1.0,0,3700,0
249,GNC HLDGS INC,COM CL A,36191G107,3233,133100,SH,Put,SOLE,,133100,0,0
250,GOGO INC,COM,38046C109,805,95935,SH,,DFND,1.0,0,95935,0
251,GOGO INC,COM,38046C109,818,97500,SH,Put,DFND,1.0,0,97500,0
252,GOGO INC,COM,38046C109,130,15515,SH,,SOLE,,15515,0,0
253,GOPRO INC,CL A,38268T103,9014,833900,SH,,DFND,1.0,0,833900,0
254,GOPRO INC,CL A,38268T103,9271,857600,SH,Put,DFND,1.0,0,857600,0
255,GREENBRIER COS INC,COM,393657101,504,17300,SH,,DFND,1.0,0,17300,0
256,GREENBRIER COS INC,COM,393657101,539,18500,SH,Put,DFND,1.0,0,18500,0
257,HALLIBURTON CO,COM,406216101,6916,152700,SH,Call,DFND,1.0,0,152700,0
258,HALLIBURTON CO,COM,406216101,208506,4603800,SH,Call,SOLE,,4603800,0,0
259,HALLIBURTON CO,COM,406216101,670,14800,SH,Call,SOLE,,0,0,0
260,HARRIS CORP DEL,COM,413875105,2411,28891,SH,,DFND,1.0,0,28891,0
261,HARRIS CORP DEL,COM,413875105,116303,1393857,SH,,SOLE,,1393857,0,0
262,HCA HOLDINGS INC,COM,40412C101,4075,52914,SH,,DFND,1.0,0,52914,0
263,HCA HOLDINGS INC,COM,40412C101,152682,1982626,SH,,SOLE,,1982626,0,0
264,HERSHEY CO,COM,427866108,3541,31200,SH,Call,DFND,1.0,0,31200,0
265,HERSHEY CO,COM,427866108,158999,1401000,SH,Call,SOLE,,1401000,0,0
266,HERSHEY CO,COM,427866108,533,4700,SH,Call,SOLE,,0,0,0
267,HEWLETT PACKARD ENTERPRISE C,COM,42824C109,563,30817,SH,,DFND,1.0,0,30817,0
268,HEWLETT PACKARD ENTERPRISE C,COM,42824C109,818,44800,SH,Call,DFND,1.0,0,44800,0
269,HEWLETT PACKARD ENTERPRISE C,COM,42824C109,18830,1030677,SH,,SOLE,,1030677,0,0
270,HEWLETT PACKARD ENTERPRISE C,COM,42824C109,28779,1575200,SH,Call,SOLE,,1575200,0,0
271,HEWLETT PACKARD ENTERPRISE C,COM,42824C109,91,5000,SH,Call,SOLE,,0,0,0
272,HILTON WORLDWIDE HLDGS INC,COM,43300A104,6975,309583,SH,,DFND,1.0,0,309583,0
273,HILTON WORLDWIDE HLDGS INC,COM,43300A104,168182,7464821,SH,,SOLE,,7464821,0,0
274,HORMEL FOODS CORP,COM,440452100,447,12200,SH,Put,DFND,1.0,0,12200,0
275,HORMEL FOODS CORP,COM,440452100,13275,362700,SH,Put,SOLE,,362700,0,0
276,HORMEL FOODS CORP,COM,440452100,44,1200,SH,Put,SOLE,,0,0,0
277,HUMANA INC,COM,444859102,13847,76980,SH,,DFND,1.0,0,76980,0
278,HUMANA INC,COM,444859102,403098,2240927,SH,,SOLE,,2240927,0,0
279,ILLUMINA INC,COM,452327109,1,7,SH,,DFND,1.0,0,7,0
280,ILLUMINA INC,COM,452327109,154,1100,SH,Call,DFND,1.0,0,1100,0
281,ILLUMINA INC,COM,452327109,5377,38300,SH,Call,SOLE,,38300,0,0
282,IMPERVA INC,COM,45321L100,187,4358,SH,,DFND,1.0,0,4358,0
283,IMPERVA INC,COM,45321L100,976,22700,SH,Call,DFND,1.0,0,22700,0
284,IMPERVA INC,COM,45321L100,6264,145642,SH,,SOLE,,145642,0,0
285,IMPERVA INC,COM,45321L100,33126,770200,SH,Call,SOLE,,770200,0,0
286,IMPERVA INC,COM,45321L100,108,2500,SH,Call,SOLE,,0,0,0
287,INTEL CORP,COM,458140100,1086,33100,SH,Call,DFND,1.0,0,33100,0
288,INTEL CORP,COM,458140100,37477,1142600,SH,Call,SOLE,,1142600,0,0
289,INTEL CORP,COM,458140100,121,3700,SH,Call,SOLE,,0,0,0
290,INTERNATIONAL GAME TECHNOLOG,SHS USD,G4863A108,5395,287887,SH,,DFND,1.0,0,287887,0
291,INTERNATIONAL GAME TECHNOLOG,SHS USD,G4863A108,46643,2488942,SH,,SOLE,,2488942,0,0
292,INTREXON CORP,COM,46122T102,1152,46800,SH,,DFND,1.0,0,46800,0
293,INTREXON CORP,COM,46122T102,1152,46800,SH,Put,DFND,1.0,0,46800,0
294,ISHARES TR,RUSSELL 2000 ETF,464287655,31436,273400,SH,Put,DFND,1.0,0,273400,0
295,ISHARES TR,RUSSELL 2000 ETF,464287655,428404,3725900,SH,Put,SOLE,,3725900,0,0
296,ISHARES TR,RUSSELL 2000 ETF,464287655,1230,10700,SH,Put,SOLE,,0,0,0
297,JD COM INC,SPON ADR CL A,47215P106,20520,966566,SH,,DFND,1.0,0,966566,0
298,JD COM INC,SPON ADR CL A,47215P106,565,26600,SH,Call,DFND,1.0,0,26600,0
299,JD COM INC,SPON ADR CL A,47215P106,275514,12977585,SH,,SOLE,,12977585,0,0
300,JD COM INC,SPON ADR CL A,47215P106,18897,890100,SH,Call,SOLE,,890100,0,0
301,JD COM INC,SPON ADR CL A,47215P106,59,2800,SH,Call,SOLE,,0,0,0
302,JINKOSOLAR HLDG CO LTD,SPONSORED ADR,47759T100,289,14200,SH,Put,DFND,1.0,0,14200,0
303,JINKOSOLAR HLDG CO LTD,SPONSORED ADR,47759T100,10325,506600,SH,Put,SOLE,,506600,0,0
304,KAR AUCTION SVCS INC,COM,48238T109,2847,68206,SH,,DFND,1.0,0,68206,0
305,KAR AUCTION SVCS INC,COM,48238T109,139535,3342947,SH,,SOLE,,3342947,0,0
306,KATE SPADE & CO,COM,485865109,3128,151788,SH,,DFND,1.0,0,151788,0
307,KATE SPADE & CO,COM,485865109,85984,4171978,SH,,SOLE,,4171978,0,0
308,KELLOGG CO,COM,487836108,490,6000,SH,Call,DFND,1.0,0,6000,0
309,KELLOGG CO,COM,487836108,16559,202800,SH,Call,SOLE,,202800,0,0
310,KELLOGG CO,COM,487836108,57,700,SH,Call,SOLE,,0,0,0
311,KINDER MORGAN INC DEL,COM,49456B101,514,27433,SH,,DFND,1.0,0,27433,0
312,KINDER MORGAN INC DEL,COM,49456B101,18301,977625,SH,,SOLE,,977625,0,0
313,KRAFT HEINZ CO,COM,500754106,6103,68971,SH,,DFND,1.0,0,68971,0
314,KRAFT HEINZ CO,COM,500754106,155233,1754439,SH,,SOLE,,1754439,0,0
315,LAS VEGAS SANDS CORP,COM,517834107,896,20600,SH,Put,DFND,1.0,0,20600,0
316,LAS VEGAS SANDS CORP,COM,517834107,27573,634000,SH,Put,SOLE,,634000,0,0
317,LAS VEGAS SANDS CORP,COM,517834107,87,2000,SH,Put,SOLE,,0,0,0
318,LENDINGTREE INC NEW,COM,52603B107,2888,32700,SH,,DFND,1.0,0,32700,0
319,LENDINGTREE INC NEW,COM,52603B107,2977,33700,SH,Put,DFND,1.0,0,33700,0
320,LENNAR CORP,CL B,526057302,798,21427,SH,,DFND,1.0,0,21427,0
321,LENNAR CORP,CL B,526057302,11762,315747,SH,,SOLE,,315747,0,0
322,LIBERTY INTERACTIVE CORP,LBT VENT COM A,53071M880,254,6846,SH,,DFND,1.0,0,6846,0
323,LIBERTY INTERACTIVE CORP,LBT VENT COM A,53071M880,8489,229010,SH,,SOLE,,229010,0,0
324,LIBERTY INTERACTIVE LLC,DEB 0.750% 3/3,530610AC8,3850,3457000,PRN,,DFND,1.0,0,3457000,0
325,LIBERTY INTERACTIVE LLC,DEB 0.750% 3/3,530610AC8,156428,140452000,PRN,,SOLE,,140452000,0,0
326,LIBERTY MEDIA CORP,DEB 4.000%11/1,530715AG6,905,1550000,PRN,,DFND,1.0,0,1550000,0
327,LIBERTY MEDIA CORP,DEB 4.000%11/1,530715AG6,54443,93264000,PRN,,SOLE,,93264000,0,0
328,LIBERTY MEDIA CORP,DEB 3.750% 2/1,530715AL5,761,1317000,PRN,,DFND,1.0,0,1317000,0
329,LIBERTY MEDIA CORP,DEB 3.750% 2/1,530715AL5,46140,79896000,PRN,,SOLE,,79896000,0,0
330,LIBERTY TRIPADVISOR HLDGS IN,COM SER A,531465102,253,11556,SH,,DFND,1.0,0,11556,0
331,LIBERTY TRIPADVISOR HLDGS IN,COM SER A,531465102,311,14200,SH,Call,DFND,1.0,0,14200,0
332,LIBERTY TRIPADVISOR HLDGS IN,COM SER A,531465102,8178,373761,SH,,SOLE,,373761,0,0
333,LIBERTY TRIPADVISOR HLDGS IN,COM SER A,531465102,10638,486200,SH,Call,SOLE,,486200,0,0
334,LIBERTY TRIPADVISOR HLDGS IN,COM SER A,531465102,33,1500,SH,Call,SOLE,,0,0,0
335,LINKEDIN CORP,COM CL A,53578A108,322,1700,SH,Put,DFND,1.0,0,1700,0
336,LINKEDIN CORP,COM CL A,53578A108,10674,56400,SH,Put,SOLE,,56400,0,0
337,LINKEDIN CORP,COM CL A,53578A108,38,200,SH,Put,SOLE,,0,0,0
338,LIONS GATE ENTMNT CORP,COM NEW,535919203,512,25300,SH,Call,DFND,1.0,0,25300,0
339,LIONS GATE ENTMNT CORP,COM NEW,535919203,1708,84452,SH,,SOLE,,84452,0,0
340,LIONS GATE ENTMNT CORP,COM NEW,535919203,17357,858000,SH,Call,SOLE,,858000,0,0
341,LIONS GATE ENTMNT CORP,COM NEW,535919203,57,2800,SH,Call,SOLE,,0,0,0
342,MACQUARIE INFRASTRUCTURE COR,COM,55608B105,15,204,SH,,DFND,1.0,0,204,0
343,MACQUARIE INFRASTRUCTURE COR,COM,55608B105,81,1100,SH,Call,DFND,1.0,0,1100,0
344,MACQUARIE INFRASTRUCTURE COR,COM,55608B105,540,7296,SH,,SOLE,,7296,0,0
345,MACQUARIE INFRASTRUCTURE COR,COM,55608B105,2881,38900,SH,Call,SOLE,,38900,0,0
346,MACYS INC,COM,55616P104,221,6590,SH,,DFND,1.0,0,6590,0
347,MACYS INC,COM,55616P104,350,10400,SH,Call,DFND,1.0,0,10400,0
348,MACYS INC,COM,55616P104,7681,228530,SH,,SOLE,,228530,0,0
349,MACYS INC,COM,55616P104,11548,343600,SH,Call,SOLE,,343600,0,0
350,MACYS INC,COM,55616P104,37,1100,SH,Call,SOLE,,0,0,0
351,MARATHON PETE CORP,COM,56585A102,7425,195600,SH,,DFND,1.0,0,195600,0
352,MARATHON PETE CORP,COM,56585A102,3648,96100,SH,Call,DFND,1.0,0,96100,0
353,MARATHON PETE CORP,COM,56585A102,181390,4778447,SH,,SOLE,,4778447,0,0
354,MARATHON PETE CORP,COM,56585A102,120409,3172000,SH,Call,SOLE,,3172000,0,0
355,MARATHON PETE CORP,COM,56585A102,383,10100,SH,Call,SOLE,,0,0,0
356,MARKETO INC,COM,57063L107,284,8165,SH,,DFND,1.0,0,8165,0
357,MARKETO INC,COM,57063L107,435,12500,SH,Call,DFND,1.0,0,12500,0
358,MARKETO INC,COM,57063L107,14938,428999,SH,,SOLE,,428999,0,0
359,MARKETO INC,COM,57063L107,15178,435900,SH,Call,SOLE,,435900,0,0
360,MARKETO INC,COM,57063L107,49,1400,SH,Call,SOLE,,0,0,0
361,MARRIOTT INTL INC NEW,CL A,571903202,2951,44403,SH,,DFND,1.0,0,44403,0
362,MARRIOTT INTL INC NEW,CL A,571903202,98550,1482852,SH,,SOLE,,1482852,0,0
363,MARVELL TECHNOLOGY GROUP LTD,ORD,G5876H105,311,32662,SH,,DFND,1.0,0,32662,0
364,MARVELL TECHNOLOGY GROUP LTD,ORD,G5876H105,493,51700,SH,Call,DFND,1.0,0,51700,0
365,MARVELL TECHNOLOGY GROUP LTD,ORD,G5876H105,10531,1105029,SH,,SOLE,,1105029,0,0
366,MARVELL TECHNOLOGY GROUP LTD,ORD,G5876H105,16474,1728600,SH,Call,SOLE,,1728600,0,0
367,MARVELL TECHNOLOGY GROUP LTD,ORD,G5876H105,52,5500,SH,Call,SOLE,,0,0,0
368,MCDONALDS CORP,COM,580135101,5946,49414,SH,,DFND,1.0,0,49414,0
369,MCDONALDS CORP,COM,580135101,180072,1496364,SH,,SOLE,,1496364,0,0
370,MERCADOLIBRE INC,COM,58733R102,1618,11500,SH,,DFND,1.0,0,11500,0
371,MERCADOLIBRE INC,COM,58733R102,1618,11500,SH,Put,DFND,1.0,0,11500,0
372,MERITAGE HOMES CORP,NOTE 1.875% 9/1,59001AAR3,6974,7000000,PRN,,SOLE,,7000000,0,0
373,MGM RESORTS INTERNATIONAL,COM,552953101,18950,837385,SH,,DFND,1.0,0,837385,0
374,MGM RESORTS INTERNATIONAL,COM,552953101,244929,10823202,SH,,SOLE,,10823202,0,0
375,MICHAELS COS INC,COM,59408Q106,367,12900,SH,Put,DFND,1.0,0,12900,0
376,MICHAELS COS INC,COM,59408Q106,12425,436900,SH,Put,SOLE,,436900,0,0
377,MICHAELS COS INC,COM,59408Q106,40,1400,SH,Put,SOLE,,0,0,0
378,MICROCHIP TECHNOLOGY INC,SDCV 2.125%12/1,595017AB0,28416,13500000,PRN,,SOLE,,13500000,0,0
379,MICRON TECHNOLOGY INC,COM,595112103,689,50100,SH,Call,DFND,1.0,0,50100,0
380,MICRON TECHNOLOGY INC,COM,595112103,23417,1701800,SH,Call,SOLE,,1701800,0,0
381,MICRON TECHNOLOGY INC,COM,595112103,51,3700,SH,Call,SOLE,,0,0,0
382,MICRON TECHNOLOGY INC,NOTE 3.125% 5/0,595112AX1,168,109000,PRN,,DFND,1.0,0,109000,0
383,MICRON TECHNOLOGY INC,NOTE 3.125% 5/0,595112AX1,5981,3891000,PRN,,SOLE,,3891000,0,0
384,MICROSOFT CORP,COM,594918104,15809,308957,SH,,DFND,1.0,0,308957,0
385,MICROSOFT CORP,COM,594918104,1504,29400,SH,Call,DFND,1.0,0,29400,0
386,MICROSOFT CORP,COM,594918104,430940,8421732,SH,,SOLE,,8421732,0,0
387,MICROSOFT CORP,COM,594918104,49507,967500,SH,Call,SOLE,,967500,0,0
388,MICROSOFT CORP,COM,594918104,159,3100,SH,Call,SOLE,,0,0,0
389,MIDDLEBY CORP,COM,596278101,4011,34806,SH,,DFND,1.0,0,34806,0
390,MIDDLEBY CORP,COM,596278101,89911,780141,SH,,SOLE,,780141,0,0
391,MONDELEZ INTL INC,CL A,609207105,4278,94000,SH,Call,DFND,1.0,0,94000,0
392,MONDELEZ INTL INC,CL A,609207105,138601,3045500,SH,Call,SOLE,,3045500,0,0
393,MONDELEZ INTL INC,CL A,609207105,460,10100,SH,Call,SOLE,,0,0,0
394,MONSANTO CO NEW,COM,61166W101,12917,124907,SH,,DFND,1.0,0,124907,0
395,MONSANTO CO NEW,COM,61166W101,273854,2648239,SH,,SOLE,,2648239,0,0
396,MORGAN STANLEY,COM NEW,617446448,284,10920,SH,,DFND,1.0,0,10920,0
397,MORGAN STANLEY,COM NEW,617446448,449,17300,SH,Call,DFND,1.0,0,17300,0
398,MORGAN STANLEY,COM NEW,617446448,10259,394898,SH,,SOLE,,394898,0,0
399,MORGAN STANLEY,COM NEW,617446448,14881,572800,SH,Call,SOLE,,572800,0,0
400,MORGAN STANLEY,COM NEW,617446448,47,1800,SH,Call,SOLE,,0,0,0
401,MOTOROLA SOLUTIONS INC,COM NEW,620076307,1246,18880,SH,,DFND,1.0,0,18880,0
402,MOTOROLA SOLUTIONS INC,COM NEW,620076307,32081,486302,SH,,SOLE,,486302,0,0
403,MYLAN N V,SHS EURO,N59465109,1297,30000,SH,Put,DFND,1.0,0,30000,0
404,MYLAN N V,SHS EURO,N59465109,37718,872300,SH,Put,SOLE,,872300,0,0
405,MYLAN N V,SHS EURO,N59465109,117,2700,SH,Put,SOLE,,0,0,0
406,NAVISTAR INTL CORP NEW,COM,63934E108,747,63900,SH,Put,DFND,1.0,0,63900,0
407,NAVISTAR INTL CORP NEW,COM,63934E108,26608,2276100,SH,Put,SOLE,,2276100,0,0
408,NAVISTAR INTL CORP NEW,NOTE 4.500%10/1,63934EAQ1,243,371000,PRN,,DFND,1.0,0,371000,0
409,NAVISTAR INTL CORP NEW,NOTE 4.500%10/1,63934EAQ1,8667,13229000,PRN,,SOLE,,13229000,0,0
410,NETFLIX INC,COM,64110L106,1784,19500,SH,Put,DFND,1.0,0,19500,0
411,NETFLIX INC,COM,64110L106,43380,474200,SH,Put,SOLE,,474200,0,0
412,NETFLIX INC,COM,64110L106,119,1300,SH,Put,SOLE,,0,0,0
413,NIKE INC,CL B,654106103,4819,87300,SH,Put,DFND,1.0,0,87300,0
414,NIKE INC,CL B,654106103,132828,2406300,SH,Put,SOLE,,2406300,0,0
415,NIKE INC,CL B,654106103,414,7500,SH,Put,SOLE,,0,0,0
416,NORTEL NETWORKS CORP NEW,NOTE 2.125% 4/1,656568AE2,711,814000,PRN,,DFND,1.0,0,814000,0
417,NORTEL NETWORKS CORP NEW,NOTE 2.125% 4/1,656568AE2,44403,50819000,PRN,,SOLE,,50819000,0,0
418,NORTEL NETWORKS CORP NEW,NOTE 2.125% 4/1,656568AE2,4412,5049000,PRN,,DFND,,0,0,0
419,NU SKIN ENTERPRISES INC,CL A,67018T105,333,7200,SH,,DFND,1.0,0,7200,0
420,NU SKIN ENTERPRISES INC,CL A,67018T105,333,7200,SH,Put,DFND,1.0,0,7200,0
421,NUANCE COMMUNICATIONS INC,COM,67020Y100,120,7687,SH,,DFND,1.0,0,7687,0
422,NUANCE COMMUNICATIONS INC,COM,67020Y100,239,15300,SH,Put,DFND,1.0,0,15300,0
423,NUANCE COMMUNICATIONS INC,COM,67020Y100,3786,242256,SH,,SOLE,,242256,0,0
424,NUANCE COMMUNICATIONS INC,COM,67020Y100,7573,484500,SH,Put,SOLE,,484500,0,0
425,NUANCE COMMUNICATIONS INC,COM,67020Y100,23,1500,SH,Put,SOLE,,0,0,0
426,NVIDIA CORP,COM,67066G104,747,15900,SH,Put,DFND,1.0,0,15900,0
427,NVIDIA CORP,COM,67066G104,22753,484000,SH,Put,SOLE,,484000,0,0
428,NVIDIA CORP,COM,67066G104,71,1500,SH,Put,SOLE,,0,0,0
429,NVIDIA CORP,NOTE 1.000%12/0,67066GAC8,1528,655000,PRN,,DFND,1.0,0,655000,0
430,NVIDIA CORP,NOTE 1.000%12/0,67066GAC8,54461,23345000,PRN,,SOLE,,23345000,0,0
431,NXP SEMICONDUCTORS N V,COM,N6596X109,102,1304,SH,,DFND,1.0,0,1304,0
432,NXP SEMICONDUCTORS N V,COM,N6596X109,172,2200,SH,Call,DFND,1.0,0,2200,0
433,NXP SEMICONDUCTORS N V,COM,N6596X109,752,9600,SH,Put,DFND,1.0,0,9600,0
434,NXP SEMICONDUCTORS N V,COM,N6596X109,3575,45630,SH,,SOLE,,45630,0,0
435,NXP SEMICONDUCTORS N V,COM,N6596X109,5844,74600,SH,Call,SOLE,,74600,0,0
436,NXP SEMICONDUCTORS N V,COM,N6596X109,22750,290400,SH,Put,SOLE,,290400,0,0
437,NXP SEMICONDUCTORS N V,COM,N6596X109,71,900,SH,Put,SOLE,,0,0,0
438,OUTERWALL INC,COM,690070107,3868,92100,SH,,DFND,1.0,0,92100,0
439,OUTERWALL INC,COM,690070107,4036,96100,SH,Put,DFND,1.0,0,96100,0
440,PACCAR INC,COM,693718108,1852,35700,SH,Put,DFND,1.0,0,35700,0
441,PACCAR INC,COM,693718108,62970,1214000,SH,Put,SOLE,,1214000,0,0
442,PACCAR INC,COM,693718108,202,3900,SH,Put,SOLE,,0,0,0
443,PALO ALTO NETWORKS INC,COM,697435105,908,7400,SH,Put,DFND,1.0,0,7400,0
444,PALO ALTO NETWORKS INC,COM,697435105,26625,217100,SH,Put,SOLE,,217100,0,0
445,PALO ALTO NETWORKS INC,COM,697435105,86,700,SH,Put,SOLE,,0,0,0
446,PAMPA ENERGIA S A,SPONS ADR LVL I,697660207,109,3979,SH,,DFND,1.0,0,3979,0
447,PAMPA ENERGIA S A,SPONS ADR LVL I,697660207,8742,319763,SH,,SOLE,,319763,0,0
448,PAMPA ENERGIA S A,SPONS ADR LVL I,697660207,1849,67640,SH,,DFND,,0,0,0
449,PANDORA MEDIA INC,COM,698354107,169,13600,SH,Put,DFND,1.0,0,13600,0
450,PANDORA MEDIA INC,COM,698354107,6056,486400,SH,Put,SOLE,,486400,0,0
451,PENNEY J C INC,COM,708160106,496,55800,SH,Call,DFND,1.0,0,55800,0
452,PENNEY J C INC,COM,708160106,16951,1908900,SH,Call,SOLE,,1908900,0,0
453,PENNEY J C INC,COM,708160106,32566,3667300,SH,Put,SOLE,,3667300,0,0
454,PENNEY J C INC,COM,708160106,54,6100,SH,Call,SOLE,,0,0,0
455,PENNTEX MIDSTREAM PARTNERS L,COM UNIT LTD,709311104,28123,1803942,SH,,OTR,,0,0,0
456,PERRIGO CO PLC,SHS,G97822103,278,3067,SH,,DFND,1.0,0,3067,0
457,PERRIGO CO PLC,SHS,G97822103,843,9300,SH,Call,DFND,1.0,0,9300,0
458,PERRIGO CO PLC,SHS,G97822103,7272,80198,SH,,SOLE,,80198,0,0
459,PERRIGO CO PLC,SHS,G97822103,28189,310900,SH,Call,SOLE,,310900,0,0
460,PERRIGO CO PLC,SHS,G97822103,91,1000,SH,Call,SOLE,,0,0,0
461,PLATFORM SPECIALTY PRODS COR,COM,72766Q105,1518,170975,SH,,DFND,1.0,0,170975,0
462,PLATFORM SPECIALTY PRODS COR,COM,72766Q105,19816,2231521,SH,,SOLE,,2231521,0,0
463,POTASH CORP SASK INC,COM,73755L107,143,8800,SH,Call,DFND,1.0,0,8800,0
464,POTASH CORP SASK INC,COM,73755L107,4714,290300,SH,Call,SOLE,,290300,0,0
465,POTASH CORP SASK INC,COM,73755L107,15,900,SH,Call,SOLE,,0,0,0
466,POWERSHARES QQQ TRUST,UNIT SER 1,73935A104,7044,65500,SH,Put,DFND,1.0,0,65500,0
467,POWERSHARES QQQ TRUST,UNIT SER 1,73935A104,208649,1940200,SH,Put,SOLE,,1940200,0,0
468,PRICELINE GRP INC,NOTE 1.000% 3/1,741503AQ9,103,74000,PRN,,DFND,1.0,0,74000,0
469,PRICELINE GRP INC,NOTE 1.000% 3/1,741503AQ9,3376,2426000,PRN,,SOLE,,2426000,0,0
470,QIHOO 360 TECHNOLOGY CO LTD,ADS,74734M109,33,446,SH,,DFND,1.0,0,446,0
471,QIHOO 360 TECHNOLOGY CO LTD,ADS,74734M109,1680,23000,SH,Call,DFND,1.0,0,23000,0
472,QIHOO 360 TECHNOLOGY CO LTD,ADS,74734M109,3514,48100,SH,Put,DFND,1.0,0,48100,0
473,QIHOO 360 TECHNOLOGY CO LTD,ADS,74734M109,59945,820600,SH,Call,SOLE,,820600,0,0
474,QIHOO 360 TECHNOLOGY CO LTD,ADS,74734M109,120248,1646100,SH,Put,SOLE,,1646100,0,0
475,QIHOO 360 TECHNOLOGY CO LTD,NOTE 0.500% 8/1,74734MAE9,1538,1560000,PRN,,DFND,1.0,0,1560000,0
476,QIHOO 360 TECHNOLOGY CO LTD,NOTE 0.500% 8/1,74734MAE9,57384,58187000,PRN,,SOLE,,58187000,0,0
477,QLIK TECHNOLOGIES INC,COM,74733T105,457,15463,SH,,DFND,1.0,0,15463,0
478,QLIK TECHNOLOGIES INC,COM,74733T105,24117,815317,SH,,SOLE,,815317,0,0
479,QUALCOMM INC,COM,747525103,391,7300,SH,Put,DFND,1.0,0,7300,0
480,QUALCOMM INC,COM,747525103,12959,241900,SH,Put,SOLE,,241900,0,0
481,QUALCOMM INC,COM,747525103,43,800,SH,Put,SOLE,,0,0,0
482,RED HAT INC,COM,756577102,610,8409,SH,,DFND,1.0,0,8409,0
483,RED HAT INC,COM,756577102,94,1300,SH,Call,DFND,1.0,0,1300,0
484,RED HAT INC,COM,756577102,211,2900,SH,Put,DFND,1.0,0,2900,0
485,RED HAT INC,COM,756577102,21745,299519,SH,,SOLE,,299519,0,0
486,RED HAT INC,COM,756577102,3536,48700,SH,Call,SOLE,,48700,0,0
487,RED HAT INC,COM,756577102,7209,99300,SH,Put,SOLE,,99300,0,0
488,RPC INC,COM,749660106,236,15200,SH,,DFND,1.0,0,15200,0
489,RPC INC,COM,749660106,106,6800,SH,Put,DFND,1.0,0,6800,0
490,RPM INTL INC,COM,749685103,70,1400,SH,Call,DFND,1.0,0,1400,0
491,RPM INTL INC,COM,749685103,2428,48600,SH,Call,SOLE,,48600,0,0
492,RYLAND GROUP INC,NOTE 1.625% 5/1,783764AQ6,871,679000,PRN,,DFND,1.0,0,679000,0
493,RYLAND GROUP INC,NOTE 1.625% 5/1,783764AQ6,31035,24191000,PRN,,SOLE,,24191000,0,0
494,SALESFORCE COM INC,COM,79466L302,349,4400,SH,Call,DFND,1.0,0,4400,0
495,SALESFORCE COM INC,COM,79466L302,11522,145100,SH,Call,SOLE,,145100,0,0
496,SALESFORCE COM INC,COM,79466L302,40,500,SH,Call,SOLE,,0,0,0
497,SEADRILL LIMITED,SHS,G7945E105,323,99700,SH,Put,SOLE,,99700,0,0
498,SEADRILL PARTNERS LLC,COMUNIT REP LB,Y7545W109,1804,335953,SH,,SOLE,,335953,0,0
499,SEADRILL PARTNERS LLC,COMUNIT REP LB,Y7545W109,198,36800,SH,Call,SOLE,,36800,0,0
500,SEAGATE TECHNOLOGY PLC,SHS,G7945M107,82,3372,SH,,DFND,1.0,0,3372,0
501,SEAGATE TECHNOLOGY PLC,SHS,G7945M107,551,22600,SH,Call,DFND,1.0,0,22600,0
502,SEAGATE TECHNOLOGY PLC,SHS,G7945M107,2787,114389,SH,,SOLE,,114389,0,0
503,SEAGATE TECHNOLOGY PLC,SHS,G7945M107,18872,774700,SH,Call,SOLE,,774700,0,0
504,SEAGATE TECHNOLOGY PLC,SHS,G7945M107,61,2500,SH,Call,SOLE,,0,0,0
505,SEARS HLDGS CORP,COM,812350106,5860,430600,SH,,DFND,1.0,0,430600,0
506,SEARS HLDGS CORP,COM,812350106,3551,260900,SH,Put,DFND,1.0,0,260900,0
507,SEARS HLDGS CORP,COM,812350106,11534,847500,SH,Put,SOLE,,847500,0,0
508,SELECT SECTOR SPDR TR,SBI CONS STPLS,81369Y308,1616,29300,SH,Put,DFND,1.0,0,29300,0
509,SELECT SECTOR SPDR TR,SBI CONS STPLS,81369Y308,53534,970700,SH,Put,SOLE,,970700,0,0
510,SELECT SECTOR SPDR TR,SBI INT-INDS,81369Y704,2173,38800,SH,Put,DFND,1.0,0,38800,0
511,SELECT SECTOR SPDR TR,SBI INT-INDS,81369Y704,67957,1213300,SH,Put,SOLE,,1213300,0,0
512,SELECT SECTOR SPDR TR,SBI INT-UTILS,81369Y886,1259,24000,SH,Put,DFND,1.0,0,24000,0
513,SELECT SECTOR SPDR TR,SBI INT-UTILS,81369Y886,50224,957200,SH,Put,SOLE,,957200,0,0
514,SERVICENOW INC,COM,81762P102,126,1900,SH,Put,DFND,1.0,0,1900,0
515,SERVICENOW INC,COM,81762P102,3791,57100,SH,Put,SOLE,,57100,0,0
516,SERVICENOW INC,COM,81762P102,13,200,SH,Put,SOLE,,0,0,0
517,SIGNET JEWELERS LIMITED,SHS,G81276100,2250,27300,SH,Call,DFND,1.0,0,27300,0
518,SIGNET JEWELERS LIMITED,SHS,G81276100,79575,965600,SH,Call,SOLE,,965600,0,0
519,SIGNET JEWELERS LIMITED,SHS,G81276100,247,3000,SH,Call,SOLE,,0,0,0
520,SILICONWARE PRECISION INDS L,SPONSD ADR SPL,827084864,93,12149,SH,,DFND,1.0,0,12149,0
521,SILICONWARE PRECISION INDS L,SPONSD ADR SPL,827084864,290,37798,SH,,SOLE,,37798,0,0
522,SINA CORP,NOTE 1.000%12/0,82922RAD5,1157,1173000,PRN,,DFND,1.0,0,1173000,0
523,SINA CORP,NOTE 1.000%12/0,82922RAD5,28724,29124000,PRN,,SOLE,,29124000,0,0
524,SINA CORP,ORD,G81477104,2127,41000,SH,Put,DFND,1.0,0,41000,0
525,SINA CORP,ORD,G81477104,75767,1460700,SH,Put,SOLE,,1460700,0,0
526,SKECHERS U S A INC,CL A,830566105,2253,75810,SH,,DFND,1.0,0,75810,0
527,SKECHERS U S A INC,CL A,830566105,440,14800,SH,Call,DFND,1.0,0,14800,0
528,SKECHERS U S A INC,CL A,830566105,44601,1500698,SH,,SOLE,,1500698,0,0
529,SKECHERS U S A INC,CL A,830566105,14376,483700,SH,Call,SOLE,,483700,0,0
530,SKECHERS U S A INC,CL A,830566105,45,1500,SH,Call,SOLE,,0,0,0
531,SOLARCITY CORP,COM,83416T100,5282,220737,SH,,DFND,1.0,0,220737,0
532,SOLARCITY CORP,COM,83416T100,313,13100,SH,Call,DFND,1.0,0,13100,0
533,SOLARCITY CORP,COM,83416T100,5375,224600,SH,Put,DFND,1.0,0,224600,0
534,SOLARCITY CORP,COM,83416T100,20,835,SH,,SOLE,,835,0,0
535,SOLARCITY CORP,COM,83416T100,11905,497500,SH,Call,SOLE,,497500,0,0
536,SOLARCITY CORP,COM,83416T100,4963,207400,SH,Put,SOLE,,207400,0,0
537,SOLARCITY CORP,COM,83416T100,17,700,SH,Call,SOLE,,0,0,0
538,SOUFUN HLDGS LTD,ADR,836034108,7619,1514704,SH,,DFND,1.0,0,1514704,0
539,SOUFUN HLDGS LTD,ADR,836034108,355,70500,SH,Call,DFND,1.0,0,70500,0
540,SOUFUN HLDGS LTD,ADR,836034108,97339,19351674,SH,,SOLE,,19351674,0,0
541,SOUFUN HLDGS LTD,ADR,836034108,12232,2431900,SH,Call,SOLE,,2431900,0,0
542,SOUFUN HLDGS LTD,ADR,836034108,40,7900,SH,Call,SOLE,,0,0,0
543,SPDR S&P 500 ETF TR,TR UNIT,78462F103,8588,41000,SH,Put,DFND,1.0,0,41000,0
544,SPDR S&P 500 ETF TR,TR UNIT,78462F103,273951,1307800,SH,Put,SOLE,,1307800,0,0
545,SPDR S&P 500 ETF TR,TR UNIT,78462F103,545,2600,SH,Put,SOLE,,0,0,0
546,STANDARD PAC CORP NEW,NOTE 1.250% 8/0,85375CBC4,68,63000,PRN,,DFND,1.0,0,63000,0
547,STANDARD PAC CORP NEW,NOTE 1.250% 8/0,85375CBC4,2431,2258000,PRN,,SOLE,,2258000,0,0
548,STARBUCKS CORP,COM,855244109,474,8300,SH,Call,DFND,1.0,0,8300,0
549,STARBUCKS CORP,COM,855244109,15919,278700,SH,Call,SOLE,,278700,0,0
550,STARBUCKS CORP,COM,855244109,51,900,SH,Call,SOLE,,0,0,0
551,SUNPOWER CORP,COM,867652406,3,200,SH,,DFND,1.0,0,200,0
552,SUNPOWER CORP,COM,867652406,3,200,SH,Put,DFND,1.0,0,200,0
553,SUNPOWER CORP,COM,867652406,194,12500,SH,,SOLE,,12500,0,0
554,SUNPOWER CORP,COM,867652406,194,12500,SH,Put,SOLE,,12500,0,0
555,SUPERVALU INC,COM,868536103,2336,495000,SH,,SOLE,,495000,0,0
556,SYMANTEC CORP,COM,871503108,207,10100,SH,Put,DFND,1.0,0,10100,0
557,SYMANTEC CORP,COM,871503108,6979,339800,SH,Put,SOLE,,339800,0,0
558,SYMANTEC CORP,COM,871503108,23,1100,SH,Put,SOLE,,0,0,0
559,SYNCHRONY FINL,COM,87165B103,7442,294393,SH,,DFND,1.0,0,294393,0
560,SYNCHRONY FINL,COM,87165B103,938,37100,SH,Call,DFND,1.0,0,37100,0
561,SYNCHRONY FINL,COM,87165B103,128341,5076792,SH,,SOLE,,5076792,0,0
562,SYNCHRONY FINL,COM,87165B103,29049,1149100,SH,Call,SOLE,,1149100,0,0
563,SYNCHRONY FINL,COM,87165B103,94,3700,SH,Call,SOLE,,0,0,0
564,TABLEAU SOFTWARE INC,CL A,87336U105,445,9100,SH,Call,DFND,1.0,0,9100,0
565,TABLEAU SOFTWARE INC,CL A,87336U105,15698,320900,SH,Call,SOLE,,320900,0,0
566,TABLEAU SOFTWARE INC,CL A,87336U105,49,1000,SH,Call,SOLE,,0,0,0
567,TARGET CORP,COM,87612E106,754,10800,SH,Put,DFND,1.0,0,10800,0
568,TARGET CORP,COM,87612E106,23669,339000,SH,Put,SOLE,,339000,0,0
569,TARGET CORP,COM,87612E106,77,1100,SH,Put,SOLE,,0,0,0
570,TEAM HEALTH HOLDINGS INC,COM,87817A107,239,5886,SH,,DFND,1.0,0,5886,0
571,TEAM HEALTH HOLDINGS INC,COM,87817A107,9269,227912,SH,,SOLE,,227912,0,0
572,TESLA MTRS INC,COM,88160R101,22420,105615,SH,,DFND,1.0,0,105615,0
573,TESLA MTRS INC,COM,88160R101,19784,93200,SH,Call,DFND,1.0,0,93200,0
574,TESLA MTRS INC,COM,88160R101,63599,299600,SH,Put,DFND,1.0,0,299600,0
575,TESLA MTRS INC,COM,88160R101,1462,6885,SH,,SOLE,,6885,0,0
576,TESLA MTRS INC,COM,88160R101,91514,431100,SH,Call,SOLE,,431100,0,0
577,TESLA MTRS INC,COM,88160R101,258748,1218900,SH,Put,SOLE,,1218900,0,0
578,TESLA MTRS INC,COM,88160R101,170,800,SH,Call,SOLE,,0,0,0
579,TESLA MTRS INC,COM,88160R101,42,200,SH,Put,SOLE,,0,0,0
580,TESLA MTRS INC,NOTE 1.500% 6/0,88160RAA9,3645,2146000,PRN,,DFND,1.0,0,2146000,0
581,TESLA MTRS INC,NOTE 1.500% 6/0,88160RAA9,166078,97791000,PRN,,SOLE,,97791000,0,0
582,TESLA MTRS INC,NOTE 0.250% 3/0,88160RAB7,795,894000,PRN,,DFND,1.0,0,894000,0
583,TESLA MTRS INC,NOTE 0.250% 3/0,88160RAB7,40724,45806000,PRN,,SOLE,,45806000,0,0
584,TESLA MTRS INC,NOTE 1.250% 3/0,88160RAC5,292,353000,PRN,,DFND,1.0,0,353000,0
585,TESLA MTRS INC,NOTE 1.250% 3/0,88160RAC5,10409,12587000,PRN,,SOLE,,12587000,0,0
586,TEVA PHARMACEUTICAL INDS LTD,ADR,881624209,9892,196938,SH,,DFND,1.0,0,196938,0
587,TEVA PHARMACEUTICAL INDS LTD,ADR,881624209,12984,258500,SH,Call,DFND,1.0,0,258500,0
588,TEVA PHARMACEUTICAL INDS LTD,ADR,881624209,262273,5221444,SH,,SOLE,,5221444,0,0
589,TEVA PHARMACEUTICAL INDS LTD,ADR,881624209,356673,7100800,SH,Call,SOLE,,7100800,0,0
590,TEVA PHARMACEUTICAL INDS LTD,ADR,881624209,1135,22600,SH,Call,SOLE,,0,0,0
591,TEXAS INSTRS INC,COM,882508104,1591,25400,SH,Put,DFND,1.0,0,25400,0
592,TEXAS INSTRS INC,COM,882508104,45252,722300,SH,Put,SOLE,,722300,0,0
593,TEXAS INSTRS INC,COM,882508104,144,2300,SH,Put,SOLE,,0,0,0
594,TIME WARNER INC,COM NEW,887317303,9252,125810,SH,,DFND,1.0,0,125810,0
595,TIME WARNER INC,COM NEW,887317303,4574,62200,SH,Call,DFND,1.0,0,62200,0
596,TIME WARNER INC,COM NEW,887317303,208757,2838680,SH,,SOLE,,2838680,0,0
597,TIME WARNER INC,COM NEW,887317303,127864,1738700,SH,Call,SOLE,,1738700,0,0
598,TIME WARNER INC,COM NEW,887317303,404,5500,SH,Call,SOLE,,0,0,0
599,TRANSOCEAN LTD,REG SHS,H8817H100,826,69500,SH,Put,DFND,1.0,0,69500,0
600,TRANSOCEAN LTD,REG SHS,H8817H100,27235,2290600,SH,Put,SOLE,,2290600,0,0
601,TRANSOCEAN LTD,REG SHS,H8817H100,88,7400,SH,Put,SOLE,,0,0,0
602,TRINA SOLAR LIMITED,SPON ADR,89628E104,63,8181,SH,,DFND,1.0,0,8181,0
603,TRINA SOLAR LIMITED,SPON ADR,89628E104,601,77700,SH,Put,DFND,1.0,0,77700,0
604,TRINA SOLAR LIMITED,SPON ADR,89628E104,2260,292029,SH,,SOLE,,292029,0,0
605,TRINA SOLAR LIMITED,SPON ADR,89628E104,21438,2769800,SH,Put,SOLE,,2769800,0,0
606,TRINA SOLAR LIMITED,DBCV 3.500% 6/1,89628EAC8,359,415000,PRN,,DFND,1.0,0,415000,0
607,TRINA SOLAR LIMITED,DBCV 3.500% 6/1,89628EAC8,12811,14796000,PRN,,SOLE,,14796000,0,0
608,TRINA SOLAR LIMITED,NOTE 4.000%10/1,89628EAE4,336,394000,PRN,,DFND,1.0,0,394000,0
609,TRINA SOLAR LIMITED,NOTE 4.000%10/1,89628EAE4,11980,14046000,PRN,,SOLE,,14046000,0,0
610,UNDER ARMOUR INC,CL A,904311107,6020,150000,SH,,DFND,1.0,0,150000,0
611,UNDER ARMOUR INC,CL A,904311107,6020,150000,SH,Call,DFND,1.0,0,150000,0
612,UNDER ARMOUR INC,CL A,904311107,6020,150000,SH,Put,DFND,1.0,0,150000,0
613,VANTIV INC,CL A,92210H105,487,8600,SH,Put,DFND,1.0,0,8600,0
614,VANTIV INC,CL A,92210H105,16199,286200,SH,Put,SOLE,,286200,0,0
615,VANTIV INC,CL A,92210H105,51,900,SH,Put,SOLE,,0,0,0
616,VERIFONE SYS INC,COM,92342Y109,258,13900,SH,Call,DFND,1.0,0,13900,0
617,VERIFONE SYS INC,COM,92342Y109,8984,484600,SH,Call,SOLE,,484600,0,0
618,VERIFONE SYS INC,COM,92342Y109,28,1500,SH,Call,SOLE,,0,0,0
619,VERISIGN INC,SDCV 3.250% 8/1,92343EAD4,3118,1235000,PRN,,DFND,1.0,0,1235000,0
620,VERISIGN INC,SDCV 3.250% 8/1,92343EAD4,111273,44069000,PRN,,SOLE,,44069000,0,0
621,VIAVI SOLUTIONS INC,COM,925550105,59,8870,SH,,DFND,1.0,0,8870,0
622,VIAVI SOLUTIONS INC,COM,925550105,220,33200,SH,Call,DFND,1.0,0,33200,0
623,VIAVI SOLUTIONS INC,COM,925550105,1896,285967,SH,,SOLE,,285967,0,0
624,VIAVI SOLUTIONS INC,COM,925550105,7579,1143200,SH,Call,SOLE,,1143200,0,0
625,VIAVI SOLUTIONS INC,COM,925550105,25,3700,SH,Call,SOLE,,0,0,0
626,VIPSHOP HLDGS LTD,SPONSORED ADR,92763W103,966,86500,SH,Put,DFND,1.0,0,86500,0
627,VIPSHOP HLDGS LTD,SPONSORED ADR,92763W103,34440,3083300,SH,Put,SOLE,,3083300,0,0
628,VIPSHOP HLDGS LTD,NOTE 1.500% 3/1,92763WAA1,319,323000,PRN,,DFND,1.0,0,323000,0
629,VIPSHOP HLDGS LTD,NOTE 1.500% 3/1,92763WAA1,11377,11526000,PRN,,SOLE,,11526000,0,0
630,VMWARE INC,CL A COM,928563402,149,2600,SH,Call,DFND,1.0,0,2600,0
631,VMWARE INC,CL A COM,928563402,5035,88000,SH,Call,SOLE,,88000,0,0
632,VMWARE INC,CL A COM,928563402,17,300,SH,Call,SOLE,,0,0,0
633,WAL-MART STORES INC,COM,931142103,1161,15900,SH,Put,DFND,1.0,0,15900,0
634,WAL-MART STORES INC,COM,931142103,35349,484100,SH,Put,SOLE,,484100,0,0
635,WALGREENS BOOTS ALLIANCE INC,COM,931427108,308,3700,SH,Call,SOLE,,0,0,0
636,WALGREENS BOOTS ALLIANCE INC,COM,931427108,4287,51483,SH,,DFND,1.0,0,51483,0
637,WALGREENS BOOTS ALLIANCE INC,COM,931427108,2998,36000,SH,Call,DFND,1.0,0,36000,0
638,WALGREENS BOOTS ALLIANCE INC,COM,931427108,73238,879525,SH,,SOLE,,879525,0,0
639,WALGREENS BOOTS ALLIANCE INC,COM,931427108,95452,1146300,SH,Call,SOLE,,1146300,0,0
640,WAL-MART STORES INC,COM,931142103,110,1500,SH,Put,SOLE,,0,0,0
641,WEATHERFORD INTL LTD,NOTE 5.875% 7/0,947075AH0,655,600000,PRN,,DFND,1.0,0,600000,0
642,WEATHERFORD INTL LTD,NOTE 5.875% 7/0,947075AH0,23371,21400000,PRN,,SOLE,,21400000,0,0
643,WHITEWAVE FOODS CO,COM,966244105,521,11100,SH,Call,DFND,1.0,0,11100,0
644,WHITEWAVE FOODS CO,COM,966244105,17265,367800,SH,Call,SOLE,,367800,0,0
645,WHITEWAVE FOODS CO,COM,966244105,52,1100,SH,Call,SOLE,,0,0,0
646,XILINX INC,COM,983919101,904,19600,SH,Call,DFND,1.0,0,19600,0
647,XILINX INC,COM,983919101,26552,575600,SH,Call,SOLE,,575600,0,0
648,XILINX INC,COM,983919101,42,900,SH,Call,SOLE,,0,0,0
649,YY INC,ADS REPCOM CLA,98426T106,1538,45397,SH,,DFND,1.0,0,45397,0
650,YY INC,ADS REPCOM CLA,98426T106,34,1000,SH,Put,DFND,1.0,0,1000,0
651,YY INC,ADS REPCOM CLA,98426T106,931,27486,SH,,SOLE,,27486,0,0
652,YY INC,ADS REPCOM CLA,98426T106,942,27800,SH,Put,SOLE,,27800,0,0
653,ZILLOW GROUP INC,CL A,98954M101,5919,161500,SH,,DFND,1.0,0,161500,0
654,ZIMMER BIOMET HLDGS INC,COM,98956P102,493,4094,SH,,DFND,1.0,0,4094,0
655,ZIMMER BIOMET HLDGS INC,COM,98956P102,39491,328052,SH,,SOLE,,328052,0,0
656,ZIONS BANCORPORATION,*W EXP 05/22/202,989701115,68,31134,SH,,DFND,1.0,0,31134,0
657,ZIONS BANCORPORATION,*W EXP 05/22/202,989701115,2419,1109807,SH,,SOLE,,1109807,0,0
