,NAME OF ISSUER,TITLE OF CLASS,CUSIP,(x$1000),PRN AMT,PRN,CALL,DISCRETION,MANAGER,SOLE,SHARED,NONE
0,BANK AMER CORP,*W EXP 01/16/201,060505146,11485,869078,SH,,SOLE,,869078,0,0
1,ZIONS BANCORPORATION,*W EXP 05/22/202,989701115,20928,1376859,SH,,SOLE,,1376859,0,0
2,CROWN CASTLE INTL CORP NEW,6.875% CON PFD A,22822V309,22394,21104,SH,,DFND,1.0,0,21104,0
3,ICICI BK LTD,ADR,45104G104,674,78760,SH,,SOLE,,78760,0,0
4,HDFC BANK LTD,ADR REPS 3 SHS,40415F101,414,4300,SH,,SOLE,,4300,0,0
5,YY INC,ADS REPCOM CLA,98426T106,50,580,SH,,DFND,1.0,0,580,0
6,YY INC,ADS REPCOM CLA,98426T106,36454,420070,SH,,SOLE,,420070,0,0
7,CTRIP COM INTL LTD,AMERICAN DEP SHS,22943F100,2479,47000,SH,,DFND,1.0,0,47000,0
8,CTRIP COM INTL LTD,AMERICAN DEP SHS,22943F100,2479,47000,SH,Put,DFND,1.0,0,47000,0
9,CTRIP COM INTL LTD,AMERICAN DEP SHS,22943F100,3861,73200,SH,Call,SOLE,,73200,0,0
10,CTRIP COM INTL LTD,AMERICAN DEP SHS,22943F100,25262,479000,SH,Put,SOLE,,479000,0,0
11,ALPHABET INC,CAP STK CL C,02079K107,921,960,SH,,DFND,1.0,0,960,0
12,ALPHABET INC,CAP STK CL C,02079K107,6042,6300,SH,Call,DFND,1.0,0,6300,0
13,ALPHABET INC,CAP STK CL C,02079K107,91199,95087,SH,,SOLE,,95087,0,0
14,ALPHABET INC,CAP STK CL C,02079K107,501615,523000,SH,Call,SOLE,,523000,0,0
15,AIR LEASE CORP,CL A,00912X302,8126,190650,SH,,SOLE,,190650,0,0
16,AIR LEASE CORP,CL A,00912X302,7459,175000,SH,Call,SOLE,,175000,0,0
17,COMCAST CORP NEW,CL A,20030N101,2058,53483,SH,,DFND,1.0,0,53483,0
18,COMCAST CORP NEW,CL A,20030N101,4094,106400,SH,Call,DFND,1.0,0,106400,0
19,COMCAST CORP NEW,CL A,20030N101,173009,4496065,SH,,SOLE,,4496065,0,0
20,COMCAST CORP NEW,CL A,20030N101,312381,8118000,SH,Call,SOLE,,8118000,0,0
21,DILLARDS INC,CL A,254067101,8652,154300,SH,,DFND,1.0,0,154300,0
22,DILLARDS INC,CL A,254067101,2916,52000,SH,Put,DFND,1.0,0,52000,0
23,FITBIT INC,CL A,33812L102,256,36800,SH,,DFND,1.0,0,36800,0
24,FITBIT INC,CL A,33812L102,242,34700,SH,Put,DFND,1.0,0,34700,0
25,GOPRO INC,CL A,38268T103,3519,319600,SH,,DFND,1.0,0,319600,0
26,GOPRO INC,CL A,38268T103,3656,332100,SH,Put,DFND,1.0,0,332100,0
27,FACEBOOK INC,CL A,30303M102,1727,10107,SH,,DFND,1.0,0,10107,0
28,FACEBOOK INC,CL A,30303M102,3708,21700,SH,Call,DFND,1.0,0,21700,0
29,FACEBOOK INC,CL A,30303M102,182864,1070193,SH,,SOLE,,1070193,0,0
30,FACEBOOK INC,CL A,30303M102,297570,1741500,SH,Call,SOLE,,1741500,0,0
31,FREDS INC,CL A,356108100,399,61900,SH,,DFND,1.0,0,61900,0
32,FREDS INC,CL A,356108100,399,61900,SH,Put,DFND,1.0,0,61900,0
33,MONDELEZ INTL INC,CL A,609207105,1629,40052,SH,,DFND,1.0,0,40052,0
34,MONDELEZ INTL INC,CL A,609207105,69534,1710121,SH,,SOLE,,1710121,0,0
35,NUTANIX INC,CL A,67059N108,4221,188500,SH,,DFND,1.0,0,188500,0
36,NUTANIX INC,CL A,67059N108,4238,189300,SH,Put,DFND,1.0,0,189300,0
37,PBF ENERGY INC,CL A,69318G106,3396,123000,SH,,DFND,1.0,0,123000,0
38,PBF ENERGY INC,CL A,69318G106,3396,123000,SH,Put,DFND,1.0,0,123000,0
39,TWILIO INC,CL A,90138F102,10800,361800,SH,,DFND,1.0,0,361800,0
40,TWILIO INC,CL A,90138F102,10800,361800,SH,Put,DFND,1.0,0,361800,0
41,UNDER ARMOUR INC,CL A,904311107,7077,429400,SH,,DFND,1.0,0,429400,0
42,UNDER ARMOUR INC,CL A,904311107,6592,400000,SH,Call,DFND,1.0,0,400000,0
43,UNDER ARMOUR INC,CL A,904311107,14010,850100,SH,Put,DFND,1.0,0,850100,0
44,VERSO CORP,CL A,92531L207,0,12463,SH,,DFND,1.0,0,12463,0
45,VERSO CORP,CL A,92531L207,0,89584,SH,,SOLE,,89584,0,0
46,VIACOM INC NEW,CL A,92553P102,1101,30000,SH,,DFND,1.0,0,30000,0
47,VIACOM INC NEW,CL A,92553P102,1101,30000,SH,Put,DFND,1.0,0,30000,0
48,WAYFAIR INC,CL A,94419L101,1105,16400,SH,,DFND,1.0,0,16400,0
49,WAYFAIR INC,CL A,94419L101,1105,16400,SH,Put,DFND,1.0,0,16400,0
50,WAYFAIR INC,CL A,94419L101,1449,21500,SH,,SOLE,,21500,0,0
51,SNAP INC,CL A,83304A106,16142,1110200,SH,,DFND,1.0,0,1110200,0
52,SNAP INC,CL A,83304A106,1,100,SH,Call,DFND,1.0,0,100,0
53,SNAP INC,CL A,83304A106,16397,1127700,SH,Put,DFND,1.0,0,1127700,0
54,SNAP INC,CL A,83304A106,1089,74900,SH,Call,SOLE,,74900,0,0
55,SNAP INC,CL A,83304A106,2143,147400,SH,Put,SOLE,,147400,0,0
56,AMC ENTMT HLDGS INC,CL A COM,00165C104,2536,172500,SH,,DFND,1.0,0,172500,0
57,AMC ENTMT HLDGS INC,CL A COM,00165C104,368,25000,SH,Call,DFND,1.0,0,25000,0
58,AMC ENTMT HLDGS INC,CL A COM,00165C104,2536,172500,SH,Put,DFND,1.0,0,172500,0
59,REVLON INC,CL A NEW,761525609,415,16900,SH,,DFND,1.0,0,16900,0
60,REVLON INC,CL A NEW,761525609,1642,66900,SH,Call,DFND,1.0,0,66900,0
61,REVLON INC,CL A NEW,761525609,1642,66900,SH,Put,DFND,1.0,0,66900,0
62,LENNAR CORP,CL B,526057302,567,12573,SH,,DFND,1.0,0,12573,0
63,LENNAR CORP,CL B,526057302,14234,315747,SH,,SOLE,,315747,0,0
64,LANNET INC,COM,516012101,830,45000,SH,,DFND,1.0,0,45000,0
65,LANNET INC,COM,516012101,153,8300,SH,Put,DFND,1.0,0,8300,0
66,LENDINGCLUB CORP,COM,52603A109,42,6900,SH,,DFND,1.0,0,6900,0
67,LENDINGCLUB CORP,COM,52603A109,42,6900,SH,Put,DFND,1.0,0,6900,0
68,JUNO THERAPEUTICS INC,COM,48205A109,538,12000,SH,,DFND,1.0,0,12000,0
69,JUNO THERAPEUTICS INC,COM,48205A109,538,12000,SH,Put,DFND,1.0,0,12000,0
70,KANDI TECHNOLOGIES GROUP INC,COM,483709101,236,41000,SH,,DFND,1.0,0,41000,0
71,KANDI TECHNOLOGIES GROUP INC,COM,483709101,259,45000,SH,Put,DFND,1.0,0,45000,0
72,KENNEDY-WILSON HLDGS INC,COM,489398107,928,50000,SH,,SOLE,,50000,0,0
73,KRAFT HEINZ CO,COM,500754106,2233,28800,SH,Call,DFND,1.0,0,28800,0
74,KRAFT HEINZ CO,COM,500754106,179637,2316400,SH,Call,SOLE,,2316400,0,0
75,IMPERVA INC,COM,45321L100,5,126,SH,,DFND,1.0,0,126,0
76,IMPERVA INC,COM,45321L100,3754,86489,SH,,SOLE,,86489,0,0
77,IMPINJ INC,COM,453204109,283,6800,SH,,DFND,1.0,0,6800,0
78,IMPINJ INC,COM,453204109,283,6800,SH,Put,DFND,1.0,0,6800,0
79,INTERCEPT PHARMACEUTICALS IN,COM,45845P108,10604,182700,SH,,DFND,1.0,0,182700,0
80,INTERCEPT PHARMACEUTICALS IN,COM,45845P108,10604,182700,SH,Put,DFND,1.0,0,182700,0
81,INTREXON CORP,COM,46122T102,2319,122000,SH,,DFND,1.0,0,122000,0
82,INTREXON CORP,COM,46122T102,2342,123200,SH,Put,DFND,1.0,0,123200,0
83,FIREEYE INC,COM,31816Q101,2314,138000,SH,,DFND,1.0,0,138000,0
84,FIREEYE INC,COM,31816Q101,2314,138000,SH,Put,DFND,1.0,0,138000,0
85,FORTERRA INC,COM,34960W106,420,93400,SH,,DFND,1.0,0,93400,0
86,FORTERRA INC,COM,34960W106,420,93400,SH,Put,DFND,1.0,0,93400,0
87,FOSSIL GROUP INC,COM,34988V106,663,71100,SH,,DFND,1.0,0,71100,0
88,FOSSIL GROUP INC,COM,34988V106,663,71100,SH,Put,DFND,1.0,0,71100,0
89,HD SUPPLY HLDGS INC,COM,40416M105,2166,60042,SH,,DFND,1.0,0,60042,0
90,HD SUPPLY HLDGS INC,COM,40416M105,186009,5156898,SH,,SOLE,,5156898,0,0
91,HERTZ GLOBAL HLDGS INC,COM,42806J106,4621,206685,SH,,DFND,1.0,0,206685,0
92,HERTZ GLOBAL HLDGS INC,COM,42806J106,5740,256703,SH,,SOLE,,256703,0,0
93,HESS CORP,COM,42809H107,1064,22700,SH,Call,DFND,1.0,0,22700,0
94,HESS CORP,COM,42809H107,54791,1168500,SH,Call,SOLE,,1168500,0,0
95,HEWLETT PACKARD ENTERPRISE C,COM,42824C109,15,1000,SH,Call,DFND,1.0,0,1000,0
96,HEWLETT PACKARD ENTERPRISE C,COM,42824C109,11750,798800,SH,Call,SOLE,,798800,0,0
97,HILTON WORLDWIDE HLDGS INC,COM,43300A203,1696,24415,SH,,DFND,1.0,0,24415,0
98,HILTON WORLDWIDE HLDGS INC,COM,43300A203,140939,2029356,SH,,SOLE,,2029356,0,0
99,RPC INC,COM,749660106,2392,96500,SH,,DFND,1.0,0,96500,0
100,RPC INC,COM,749660106,843,34000,SH,Call,DFND,1.0,0,34000,0
101,RPC INC,COM,749660106,2392,96500,SH,Put,DFND,1.0,0,96500,0
102,RPM INTL INC,COM,749685103,1176,22900,SH,Call,SOLE,,22900,0,0
103,PANDORA MEDIA INC,COM,698354107,2886,374842,SH,,DFND,1.0,0,374842,0
104,PANDORA MEDIA INC,COM,698354107,5384,699200,SH,Put,DFND,1.0,0,699200,0
105,PANDORA MEDIA INC,COM,698354107,15373,1996469,SH,,SOLE,,1996469,0,0
106,PROGRESSIVE CORP OHIO,COM,743315103,557,11505,SH,,DFND,1.0,0,11505,0
107,PROGRESSIVE CORP OHIO,COM,743315103,1767,36500,SH,Call,DFND,1.0,0,36500,0
108,PROGRESSIVE CORP OHIO,COM,743315103,47988,991076,SH,,SOLE,,991076,0,0
109,PROGRESSIVE CORP OHIO,COM,743315103,151966,3138500,SH,Call,SOLE,,3138500,0,0
110,PENNEY J C INC,COM,708160106,2836,744400,SH,,DFND,1.0,0,744400,0
111,PENNEY J C INC,COM,708160106,2877,755000,SH,Put,DFND,1.0,0,755000,0
112,PETMED EXPRESS INC,COM,716382106,1246,37600,SH,,DFND,1.0,0,37600,0
113,PETMED EXPRESS INC,COM,716382106,1246,37600,SH,Put,DFND,1.0,0,37600,0
114,PILGRIMS PRIDE CORP NEW,COM,72147K108,11,400,SH,Put,DFND,1.0,0,400,0
115,PILGRIMS PRIDE CORP NEW,COM,72147K108,6517,229400,SH,Put,SOLE,,229400,0,0
116,OCULAR THERAPEUTIX INC,COM,67576A100,307,49600,SH,,DFND,1.0,0,49600,0
117,OCULAR THERAPEUTIX INC,COM,67576A100,307,49600,SH,Put,DFND,1.0,0,49600,0
118,ON SEMICONDUCTOR CORP,COM,682189105,6,335,SH,,DFND,1.0,0,335,0
119,ON SEMICONDUCTOR CORP,COM,682189105,4235,229314,SH,,SOLE,,229314,0,0
120,OPKO HEALTH INC,COM,68375N103,1581,230400,SH,,DFND,1.0,0,230400,0
121,OPKO HEALTH INC,COM,68375N103,1581,230400,SH,Put,DFND,1.0,0,230400,0
122,ORACLE CORP,COM,68389X105,1098,22700,SH,Call,DFND,1.0,0,22700,0
123,ORACLE CORP,COM,68389X105,84361,1744800,SH,Call,SOLE,,1744800,0,0
124,ORBITAL ATK INC,COM,68557N103,155,1163,SH,,DFND,1.0,0,1163,0
125,ORBITAL ATK INC,COM,68557N103,17803,133695,SH,,SOLE,,133695,0,0
126,MICROSOFT CORP,COM,594918104,4069,54621,SH,,DFND,1.0,0,54621,0
127,MICROSOFT CORP,COM,594918104,331608,4451711,SH,,SOLE,,4451711,0,0
128,NXP SEMICONDUCTORS N V,COM,N6596X109,6476,57263,SH,,DFND,1.0,0,57263,0
129,NXP SEMICONDUCTORS N V,COM,N6596X109,2680,23700,SH,Call,DFND,1.0,0,23700,0
130,NXP SEMICONDUCTORS N V,COM,N6596X109,663466,5866707,SH,,SOLE,,5866707,0,0
131,NXP SEMICONDUCTORS N V,COM,N6596X109,217495,1923200,SH,Call,SOLE,,1923200,0,0
132,NEOPHOTONICS CORP,COM,64051T100,317,57100,SH,,DFND,1.0,0,57100,0
133,NEOPHOTONICS CORP,COM,64051T100,317,57100,SH,Put,DFND,1.0,0,57100,0
134,NORFOLK SOUTHERN CORP,COM,655844108,1984,15000,SH,Call,DFND,1.0,0,15000,0
135,NORFOLK SOUTHERN CORP,COM,655844108,142224,1075500,SH,Call,SOLE,,1075500,0,0
136,NUANCE COMMUNICATIONS INC,COM,67020Y100,2358,150000,SH,Call,SOLE,,150000,0,0
137,MONOTYPE IMAGING HOLDINGS IN,COM,61022P100,4,193,SH,,DFND,1.0,0,193,0
138,MONOTYPE IMAGING HOLDINGS IN,COM,61022P100,2547,132328,SH,,SOLE,,132328,0,0
139,MONSANTO CO NEW,COM,61166W101,3179,26535,SH,,DFND,1.0,0,26535,0
140,MONSANTO CO NEW,COM,61166W101,255891,2135630,SH,,SOLE,,2135630,0,0
141,NAVISTAR INTL CORP NEW,COM,63934E108,138098,3133600,SH,Put,SOLE,,3133600,0,0
142,HUMANA INC,COM,444859102,1265,5194,SH,,DFND,1.0,0,5194,0
143,HUMANA INC,COM,444859102,118113,484806,SH,,SOLE,,484806,0,0
144,GOGO INC,COM,38046C109,518,43900,SH,,DFND,1.0,0,43900,0
145,MACQUARIE INFRASTRUCTURE COR,COM,55608B105,702,9721,SH,,SOLE,,9721,0,0
146,MACQUARIE INFRASTRUCTURE COR,COM,55608B105,2887,40000,SH,Call,SOLE,,40000,0,0
147,AMERICAN AXLE & MFG HLDGS IN,COM,024061103,5,276,SH,,DFND,1.0,0,276,0
148,AMERICAN AXLE & MFG HLDGS IN,COM,024061103,3322,188958,SH,,SOLE,,188958,0,0
149,BIG 5 SPORTING GOODS CORP,COM,08915P101,67,8800,SH,,DFND,1.0,0,8800,0
150,BIG 5 SPORTING GOODS CORP,COM,08915P101,67,8800,SH,Put,DFND,1.0,0,8800,0
151,BLACKBERRY LTD,COM,09228F103,174,15600,SH,Call,DFND,1.0,0,15600,0
152,BLACKBERRY LTD,COM,09228F103,14786,1322500,SH,Call,SOLE,,1322500,0,0
153,BOFI HLDG INC,COM,05566U108,140,4900,SH,,DFND,1.0,0,4900,0
154,BOFI HLDG INC,COM,05566U108,686,24100,SH,Call,DFND,1.0,0,24100,0
155,BOFI HLDG INC,COM,05566U108,826,29000,SH,Put,DFND,1.0,0,29000,0
156,CHESAPEAKE ENERGY CORP,COM,165167107,3222,749200,SH,,DFND,1.0,0,749200,0
157,CHESAPEAKE ENERGY CORP,COM,165167107,3222,749200,SH,Put,DFND,1.0,0,749200,0
158,CHICAGO BRIDGE & IRON CO N V,COM,167250109,7074,421100,SH,,DFND,1.0,0,421100,0
159,CHICAGO BRIDGE & IRON CO N V,COM,167250109,7108,423100,SH,Put,DFND,1.0,0,423100,0
160,CARA THERAPEUTICS INC,COM,140755109,479,35000,SH,,DFND,1.0,0,35000,0
161,CARA THERAPEUTICS INC,COM,140755109,479,35000,SH,Put,DFND,1.0,0,35000,0
162,CARBO CERAMICS INC,COM,140781105,1544,178900,SH,,DFND,1.0,0,178900,0
163,CARBO CERAMICS INC,COM,140781105,1447,167700,SH,Put,DFND,1.0,0,167700,0
164,CARS COM INC,COM,14575E105,2147,80700,SH,,DFND,1.0,0,80700,0
165,CARS COM INC,COM,14575E105,2147,80700,SH,Put,DFND,1.0,0,80700,0
166,CDN IMPERIAL BK COMM TORONTO,COM,136069101,140,1600,SH,Put,DFND,1.0,0,1600,0
167,CDN IMPERIAL BK COMM TORONTO,COM,136069101,50034,571200,SH,Put,SOLE,,571200,0,0
168,ALTABA INC,COM,021346101,13987,211162,SH,,DFND,1.0,0,211162,0
169,ALTABA INC,COM,021346101,884640,13355066,SH,,SOLE,,13355066,0,0
170,ACACIA COMMUNICATIONS INC,COM,00401C108,188,4000,SH,,DFND,1.0,0,4000,0
171,ACACIA COMMUNICATIONS INC,COM,00401C108,188,4000,SH,Put,DFND,1.0,0,4000,0
172,ACTIVISION BLIZZARD INC,COM,00507V109,19,300,SH,Call,DFND,1.0,0,300,0
173,ACTIVISION BLIZZARD INC,COM,00507V109,12896,199900,SH,Call,SOLE,,199900,0,0
174,ADOBE SYS INC,COM,00724F101,5,33,SH,,DFND,1.0,0,33,0
175,ADOBE SYS INC,COM,00724F101,3421,22931,SH,,SOLE,,22931,0,0
176,APPLIED OPTOELECTRONICS INC,COM,03823U102,7890,122000,SH,,DFND,1.0,0,122000,0
177,APPLIED OPTOELECTRONICS INC,COM,03823U102,647,10000,SH,Call,DFND,1.0,0,10000,0
178,APPLIED OPTOELECTRONICS INC,COM,03823U102,718,11100,SH,Put,DFND,1.0,0,11100,0
179,AQUA METALS INC,COM,03837J101,82,12000,SH,,DFND,1.0,0,12000,0
180,AQUA METALS INC,COM,03837J101,82,12000,SH,Put,DFND,1.0,0,12000,0
181,ASHLAND GLOBAL HLDGS INC,COM,044186104,2223,34000,SH,Call,DFND,1.0,0,34000,0
182,ASHLAND GLOBAL HLDGS INC,COM,044186104,152182,2327300,SH,Call,SOLE,,2327300,0,0
183,AURINIA PHARMACEUTICALS INC,COM,05156V102,1161,185100,SH,,DFND,1.0,0,185100,0
184,AURINIA PHARMACEUTICALS INC,COM,05156V102,1191,189900,SH,Put,DFND,1.0,0,189900,0
185,AUTONATION INC,COM,05329W102,4157,87600,SH,,DFND,1.0,0,87600,0
186,AUTONATION INC,COM,05329W102,4195,88400,SH,Put,DFND,1.0,0,88400,0
187,AXOVANT SCIENCES LTD,COM,G0750W104,230,33500,SH,,DFND,1.0,0,33500,0
188,AXOVANT SCIENCES LTD,COM,G0750W104,230,33500,SH,Put,DFND,1.0,0,33500,0
189,BANK AMER CORP,COM,060505104,4815,190007,SH,,DFND,1.0,0,190007,0
190,BANK AMER CORP,COM,060505104,1939,76500,SH,Call,DFND,1.0,0,76500,0
191,BANK AMER CORP,COM,060505104,375901,14834280,SH,,SOLE,,14834280,0,0
192,BANK AMER CORP,COM,060505104,147198,5808900,SH,Call,SOLE,,5808900,0,0
193,EXTRACTION OIL AND GAS INC,COM,30227M105,161755,10510377,SH,,OTR,,0,0,0
194,EXONE CO,COM,302104104,367,32300,SH,,DFND,1.0,0,32300,0
195,EXONE CO,COM,302104104,367,32300,SH,Put,DFND,1.0,0,32300,0
196,DOLLAR GEN CORP NEW,COM,256677105,32,400,SH,Put,DFND,1.0,0,400,0
197,DOLLAR GEN CORP NEW,COM,256677105,20230,249600,SH,Put,SOLE,,249600,0,0
198,DOWDUPONT INC,COM,26078J100,7162,103456,SH,,DFND,1.0,0,103456,0
199,DOWDUPONT INC,COM,26078J100,619073,8942263,SH,,SOLE,,8942263,0,0
200,E L F BEAUTY INC,COM,26856L103,1028,45600,SH,,DFND,1.0,0,45600,0
201,E L F BEAUTY INC,COM,26856L103,1028,45600,SH,Call,DFND,1.0,0,45600,0
202,E L F BEAUTY INC,COM,26856L103,1028,45600,SH,Put,DFND,1.0,0,45600,0
203,ENERGOUS CORP,COM,29272C103,1808,142800,SH,,DFND,1.0,0,142800,0
204,ENERGOUS CORP,COM,29272C103,2091,165200,SH,Put,DFND,1.0,0,165200,0
205,ENVISION HEALTHCARE CORP,COM,29414D100,1547,34405,SH,,DFND,1.0,0,34405,0
206,ENVISION HEALTHCARE CORP,COM,29414D100,130440,2901884,SH,,SOLE,,2901884,0,0
207,EOG RES INC,COM,26875P101,3637,37600,SH,Call,DFND,1.0,0,37600,0
208,EOG RES INC,COM,26875P101,264497,2734100,SH,Call,SOLE,,2734100,0,0
209,EQT CORP,COM,26884L109,4619,70798,SH,,DFND,1.0,0,70798,0
210,EQT CORP,COM,26884L109,1416,21700,SH,Call,DFND,1.0,0,21700,0
211,EQT CORP,COM,26884L109,415228,6364622,SH,,SOLE,,6364622,0,0
212,EQT CORP,COM,26884L109,112702,1727500,SH,Call,SOLE,,1727500,0,0
213,CONCORDIA INTERNATIONAL CORP,COM,20653P102,23,19400,SH,,DFND,1.0,0,19400,0
214,CONDUENT INC,COM,206787103,492,31400,SH,Call,DFND,1.0,0,31400,0
215,CONDUENT INC,COM,206787103,36166,2308000,SH,Call,SOLE,,2308000,0,0
216,CLOUDERA INC,COM,18914U100,952,57300,SH,,DFND,1.0,0,57300,0
217,CLOUDERA INC,COM,18914U100,961,57800,SH,Put,DFND,1.0,0,57800,0
218,CISCO SYS INC,COM,17275R102,17,500,SH,Call,DFND,1.0,0,500,0
219,CISCO SYS INC,COM,17275R102,10506,312400,SH,Call,SOLE,,312400,0,0
220,CSX CORP,COM,126408103,2727,50267,SH,,DFND,1.0,0,50267,0
221,CSX CORP,COM,126408103,205099,3779925,SH,,SOLE,,3779925,0,0
222,DIAMOND OFFSHORE DRILLING IN,COM,25271C102,2382,164300,SH,,DFND,1.0,0,164300,0
223,DIAMOND OFFSHORE DRILLING IN,COM,25271C102,725,50000,SH,Call,DFND,1.0,0,50000,0
224,DIAMOND OFFSHORE DRILLING IN,COM,25271C102,2382,164300,SH,Put,DFND,1.0,0,164300,0
225,SORL AUTO PTS INC,COM,78461U101,445,116600,SH,,DFND,1.0,0,116600,0
226,SORL AUTO PTS INC,COM,78461U101,445,116600,SH,Put,DFND,1.0,0,116600,0
227,SILICON LABORATORIES INC,COM,826919102,4051,50703,SH,,SOLE,,50703,0,0
228,SILICON LABORATORIES INC,COM,826919102,3196,40000,SH,Call,SOLE,,40000,0,0
229,SIRIUS XM HLDGS INC,COM,82968B103,974,176500,SH,,DFND,1.0,0,176500,0
230,SIRIUS XM HLDGS INC,COM,82968B103,298,54000,SH,Put,DFND,1.0,0,54000,0
231,PTC INC,COM,69370C100,2153,38253,SH,,DFND,1.0,0,38253,0
232,PTC INC,COM,69370C100,185389,3294049,SH,,SOLE,,3294049,0,0
233,SANCHEZ ENERGY CORP,COM,79970Y105,1680,348600,SH,,DFND,1.0,0,348600,0
234,SANCHEZ ENERGY CORP,COM,79970Y105,482,100000,SH,Call,DFND,1.0,0,100000,0
235,SANCHEZ ENERGY CORP,COM,79970Y105,2162,448600,SH,Put,DFND,1.0,0,448600,0
236,SEABRIDGE GOLD INC,COM,811916105,466,38200,SH,,DFND,1.0,0,38200,0
237,SEABRIDGE GOLD INC,COM,811916105,466,38200,SH,Put,DFND,1.0,0,38200,0
238,SEARS HLDGS CORP,COM,812350106,927,127043,SH,,DFND,1.0,0,127043,0
239,SEARS HLDGS CORP,COM,812350106,37,5000,SH,Call,DFND,1.0,0,5000,0
240,SEARS HLDGS CORP,COM,812350106,621,85000,SH,Put,DFND,1.0,0,85000,0
241,SEARS HLDGS CORP,COM,812350106,17041,2334400,SH,Put,SOLE,,2334400,0,0
242,SEAWORLD ENTMT INC,COM,81282V100,3897,300000,SH,,DFND,1.0,0,300000,0
243,SEAWORLD ENTMT INC,COM,81282V100,3897,300000,SH,Put,DFND,1.0,0,300000,0
244,SUNPOWER CORP,COM,867652406,91,12500,SH,,SOLE,,12500,0,0
245,SUNPOWER CORP,COM,867652406,91,12500,SH,Put,SOLE,,12500,0,0
246,SYNCHRONY FINL,COM,87165B103,2369,76300,SH,Call,DFND,1.0,0,76300,0
247,SYNCHRONY FINL,COM,87165B103,187471,6037700,SH,Call,SOLE,,6037700,0,0
248,T MOBILE US INC,COM,872590104,1440,23356,SH,,DFND,1.0,0,23356,0
249,T MOBILE US INC,COM,872590104,115288,1869740,SH,,SOLE,,1869740,0,0
250,TEEKAY CORPORATION,COM,Y8564W103,1717,192300,SH,,DFND,1.0,0,192300,0
251,TEEKAY CORPORATION,COM,Y8564W103,1717,192300,SH,Put,DFND,1.0,0,192300,0
252,TESLA INC,COM,88160R101,4196,12300,SH,Call,DFND,1.0,0,12300,0
253,TESLA INC,COM,88160R101,4196,12300,SH,Put,DFND,1.0,0,12300,0
254,TESLA INC,COM,88160R101,497449,1458366,SH,Put,SOLE,,1458366,0,0
255,VERIZON COMMUNICATIONS INC,COM,92343V104,7424,150000,SH,Call,SOLE,,150000,0,0
256,VERIZON COMMUNICATIONS INC,COM,92343V104,7424,150000,SH,Put,SOLE,,150000,0,0
257,USANA HEALTH SCIENCES INC,COM,90328M107,2885,50000,SH,Call,DFND,1.0,0,50000,0
258,VIRNETX HLDG CORP,COM,92823T108,301,77200,SH,,DFND,1.0,0,77200,0
259,VIRNETX HLDG CORP,COM,92823T108,301,77200,SH,Put,DFND,1.0,0,77200,0
260,VISTRA ENERGY CORP,COM,92840M102,14286,771579,SH,,DFND,1.0,0,771579,0
261,VISTRA ENERGY CORP,COM,92840M102,172636,9323868,SH,,SOLE,,9323868,0,0
262,VIEWRAY INC,COM,92672L107,92,16000,SH,,DFND,1.0,0,16000,0
263,VIEWRAY INC,COM,92672L107,92,16000,SH,Put,DFND,1.0,0,16000,0
264,UBIQUITI NETWORKS INC,COM,90347A100,7675,137000,SH,,DFND,1.0,0,137000,0
265,UBIQUITI NETWORKS INC,COM,90347A100,5602,100000,SH,Call,DFND,1.0,0,100000,0
266,UBIQUITI NETWORKS INC,COM,90347A100,8179,146000,SH,Put,DFND,1.0,0,146000,0
267,YUM CHINA HLDGS INC,COM,98850P109,59,1467,SH,,DFND,1.0,0,1467,0
268,YUM CHINA HLDGS INC,COM,98850P109,44290,1108076,SH,,SOLE,,1108076,0,0
269,ZYNERBA PHARMACEUTICALS INC,COM,98986X109,161,19200,SH,,DFND,1.0,0,19200,0
270,ZYNERBA PHARMACEUTICALS INC,COM,98986X109,161,19200,SH,Put,DFND,1.0,0,19200,0
271,CME GROUP INC,COM CL A,12572Q105,4070,30000,SH,,SOLE,,30000,0,0
272,COTY INC,COM CL A,222070203,1180,71371,SH,,DFND,1.0,0,71371,0
273,COTY INC,COM CL A,222070203,98850,5980041,SH,,SOLE,,5980041,0,0
274,FIVE POINT HOLDINGS LLC,COM CL A,33833Q106,27118,2008496,SH,,DFND,1.0,0,2008496,0
275,FIVE POINT HOLDINGS LLC,COM CL A,33833Q106,41717,3089740,SH,,SOLE,,3089740,0,0
276,HEALTH INS INNOVATIONS INC,COM CL A,42225K106,236,16300,SH,,DFND,1.0,0,16300,0
277,HEALTH INS INNOVATIONS INC,COM CL A,42225K106,236,16300,SH,Put,DFND,1.0,0,16300,0
278,GNC HLDGS INC,COM CL A,36191G107,941,106500,SH,,DFND,1.0,0,106500,0
279,GNC HLDGS INC,COM CL A,36191G107,941,106500,SH,Put,DFND,1.0,0,106500,0
280,GNC HLDGS INC,COM CL A,36191G107,10429,1179700,SH,Put,SOLE,,1179700,0,0
281,DELL TECHNOLOGIES INC,COM CL V,24703L103,1580,20462,SH,,DFND,1.0,0,20462,0
282,DELL TECHNOLOGIES INC,COM CL V,24703L103,114088,1477636,SH,,SOLE,,1477636,0,0
283,DELTA AIR LINES INC DEL,COM NEW,247361702,4468,92660,SH,,SOLE,,92660,0,0
284,DELTA AIR LINES INC DEL,COM NEW,247361702,14572,302200,SH,Put,SOLE,,302200,0,0
285,CIT GROUP INC,COM NEW,125581801,1668,34000,SH,,DFND,1.0,0,34000,0
286,CIT GROUP INC,COM NEW,125581801,1668,34000,SH,Put,DFND,1.0,0,34000,0
287,COBALT INTL ENERGY INC,COM NEW,19075F304,66,46008,SH,,SOLE,,46008,0,0
288,EXPEDIA INC DEL,COM NEW,30212P303,6825,47415,SH,,SOLE,,47415,0,0
289,EXPEDIA INC DEL,COM NEW,30212P303,7067,49100,SH,Call,SOLE,,49100,0,0
290,F M C CORP,COM NEW,302491303,1999,22379,SH,,DFND,1.0,0,22379,0
291,F M C CORP,COM NEW,302491303,160751,1799926,SH,,SOLE,,1799926,0,0
292,3-D SYS CORP DEL,COM NEW,88554D205,1382,103200,SH,,DFND,1.0,0,103200,0
293,3-D SYS CORP DEL,COM NEW,88554D205,1382,103200,SH,Put,DFND,1.0,0,103200,0
294,CIENA CORP,COM NEW,171779309,7,300,SH,Call,DFND,1.0,0,300,0
295,CIENA CORP,COM NEW,171779309,4396,200100,SH,Call,SOLE,,200100,0,0
296,CHENIERE ENERGY INC,COM NEW,16411R208,165,3655,SH,,SOLE,,3655,0,0
297,CHENIERE ENERGY INC,COM NEW,16411R208,5189,115200,SH,Put,SOLE,,115200,0,0
298,CALIFORNIA RES CORP,COM NEW,13057Q206,524,50100,SH,,DFND,1.0,0,50100,0
299,CALIFORNIA RES CORP,COM NEW,13057Q206,523,50000,SH,Call,DFND,1.0,0,50000,0
300,CALIFORNIA RES CORP,COM NEW,13057Q206,524,50100,SH,Put,DFND,1.0,0,50100,0
301,FRONTIER COMMUNICATIONS CORP,COM NEW,35906A306,1133,96100,SH,,DFND,1.0,0,96100,0
302,FRONTIER COMMUNICATIONS CORP,COM NEW,35906A306,988,83826,SH,Call,DFND,1.0,0,83826,0
303,FRONTIER COMMUNICATIONS CORP,COM NEW,35906A306,914,77500,SH,Put,DFND,1.0,0,77500,0
304,INSYS THERAPEUTICS INC NEW,COM NEW,45824V209,789,88800,SH,,DFND,1.0,0,88800,0
305,INSYS THERAPEUTICS INC NEW,COM NEW,45824V209,860,96800,SH,Put,DFND,1.0,0,96800,0
306,LEXICON PHARMACEUTICALS INC,COM NEW,528872302,92,7500,SH,,DFND,1.0,0,7500,0
307,LEXICON PHARMACEUTICALS INC,COM NEW,528872302,92,7500,SH,Put,DFND,1.0,0,7500,0
308,OREXIGEN THERAPEUTICS INC,COM NEW,686164302,58,27200,SH,,DFND,1.0,0,27200,0
309,OREXIGEN THERAPEUTICS INC,COM NEW,686164302,58,27200,SH,Put,DFND,1.0,0,27200,0
310,PRICELINE GRP INC,COM NEW,741503403,6042,3300,SH,Call,SOLE,,3300,0,0
311,OCLARO INC,COM NEW,67555N206,3310,383500,SH,,DFND,1.0,0,383500,0
312,OCLARO INC,COM NEW,67555N206,3310,383500,SH,Put,DFND,1.0,0,383500,0
313,VUZIX CORP,COM NEW,92921W300,313,57500,SH,,DFND,1.0,0,57500,0
314,VUZIX CORP,COM NEW,92921W300,373,68500,SH,Put,DFND,1.0,0,68500,0
315,TENET HEALTHCARE CORP,COM NEW,88033G407,4931,300100,SH,,DFND,1.0,0,300100,0
316,TENET HEALTHCARE CORP,COM NEW,88033G407,4964,302100,SH,Put,DFND,1.0,0,302100,0
317,TIME WARNER INC,COM NEW,887317303,3252,31741,SH,,DFND,1.0,0,31741,0
318,TIME WARNER INC,COM NEW,887317303,497067,4851800,SH,,SOLE,,4851800,0,0
319,SYNERGY PHARMACEUTICALS DEL,COM NEW,871639308,284,98100,SH,,DFND,1.0,0,98100,0
320,SYNERGY PHARMACEUTICALS DEL,COM NEW,871639308,284,98100,SH,Put,DFND,1.0,0,98100,0
321,SUPERVALU INC,COM NEW,868536301,1288,59228,SH,,SOLE,,59228,0,0
322,STAMPS COM INC,COM NEW,852857200,2067,10200,SH,,DFND,1.0,0,10200,0
323,STAMPS COM INC,COM NEW,852857200,2067,10200,SH,Put,DFND,1.0,0,10200,0
324,RADIUS HEALTH INC,COM NEW,750469207,4352,112900,SH,,DFND,1.0,0,112900,0
325,RADIUS HEALTH INC,COM NEW,750469207,4387,113800,SH,Put,DFND,1.0,0,113800,0
326,FORD MTR CO DEL,COM PAR $0.01,345370860,17,1400,SH,Call,DFND,1.0,0,1400,0
327,FORD MTR CO DEL,COM PAR $0.01,345370860,2499,208800,SH,,SOLE,,208800,0,0
328,FORD MTR CO DEL,COM PAR $0.01,345370860,11093,926700,SH,Call,SOLE,,926700,0,0
329,FORD MTR CO DEL,COM PAR $0.01,345370860,8379,700000,SH,Put,SOLE,,700000,0,0
330,SPRINT CORP,COM SER 1,85207U105,1932,248300,SH,,SOLE,,248300,0,0
331,SPRINT CORP,COM SER 1,85207U105,7404,951700,SH,Put,SOLE,,951700,0,0
332,LIBERTY MEDIA CORP DELAWARE,COM SER C FRMLA,531229854,2256,59221,SH,,DFND,1.0,0,59221,0
333,LIBERTY MEDIA CORP DELAWARE,COM SER C FRMLA,531229854,132586,3480849,SH,,SOLE,,3480849,0,0
334,HERBALIFE LTD,COM USD SHS,G4412G101,7834,115500,SH,Call,DFND,1.0,0,115500,0
335,HERBALIFE LTD,COM USD SHS,G4412G101,7834,115500,SH,Put,DFND,1.0,0,115500,0
336,HERBALIFE LTD,COM USD SHS,G4412G101,8732,128727,SH,,SOLE,,128727,0,0
337,HERBALIFE LTD,COM USD SHS,G4412G101,65951,972300,SH,Put,SOLE,,972300,0,0
338,ENERGY TRANSFER EQUITY L P,COM UT LTD PTN,29273V100,87227,5018814,SH,,DFND,1.0,0,5018814,0
339,ENERGY TRANSFER EQUITY L P,COM UT LTD PTN,29273V100,4425,254600,SH,Call,DFND,1.0,0,254600,0
340,ENERGY TRANSFER EQUITY L P,COM UT LTD PTN,29273V100,61418,3533855,SH,,SOLE,,3533855,0,0
341,ENERGY TRANSFER EQUITY L P,COM UT LTD PTN,29273V100,7181,413200,SH,Call,SOLE,,413200,0,0
342,NXP SEMICONDUCTORS N V,DBCV 1.000%12/0,62952QAB6,52987,43792000,PRN,,SOLE,,43792000,0,0
343,MOLINA HEALTHCARE INC,DBCV 1.625% 8/1,60855RAD2,20050,16000000,PRN,,SOLE,,16000000,0,0
344,LIBERTY MEDIA CORP,DEB 3.750% 2/1,530715AL5,14204,20077000,PRN,,SOLE,,20077000,0,0
345,LIBERTY MEDIA CORP,DEB 4.000%11/1,530715AG6,28416,39743000,PRN,,SOLE,,39743000,0,0
346,HOVNANIAN K ENTERPRISES INC,DEBT 6.000%12/0,442488BN1,3530,3548000,PRN,,DFND,1.0,0,3548000,0
347,HOVNANIAN K ENTERPRISES INC,DEBT 6.000%12/0,442488BN1,19065,19161000,PRN,,SOLE,,19161000,0,0
348,SOUTHWESTERN ENERGY CO,DEP SHS 1/20 B,845467208,14436,1954666,SH,,DFND,1.0,0,1954666,0
349,TESLA INC,NOTE 0.250% 3/0,88160RAB7,54194,49300000,PRN,,SOLE,,49300000,0,0
350,PRICELINE GRP INC,NOTE 0.350% 6/1,741503AS5,50024,34750000,PRN,,SOLE,,34750000,0,0
351,CITRIX SYS INC,NOTE 0.500% 4/1,177376AD2,50690,43500000,PRN,,SOLE,,43500000,0,0
352,PRICELINE GRP INC,NOTE 1.000% 3/1,741503AQ9,281616,145610000,PRN,,SOLE,,145610000,0,0
353,MOLINA HEALTHCARE INC,NOTE 1.125% 1/1,60855RAC4,23588,13601000,PRN,,SOLE,,13601000,0,0
354,TESLA INC,NOTE 1.250% 3/0,88160RAC5,83424,73900000,PRN,,SOLE,,73900000,0,0
355,CTRIP COM INTL LTD,NOTE 1.250%10/1,22943FAD2,5390,3900000,PRN,,SOLE,,3900000,0,0
356,PROOFPOINT INC,NOTE 1.250%12/1,743424AB9,13417,6000000,PRN,,SOLE,,6000000,0,0
357,LIBERTY MEDIA CORP DELAWARE,NOTE 1.375%10/1,531229AB8,36379,30000000,PRN,,SOLE,,30000000,0,0
358,WORKDAY INC,NOTE 1.500% 7/1,98138HAD3,21830,15500000,PRN,,SOLE,,15500000,0,0
359,GNC HLDGS INC,NOTE 1.500% 8/1,36191GAB3,6497,8825000,PRN,,SOLE,,8825000,0,0
360,MICROCHIP TECHNOLOGY INC,NOTE 1.625% 2/1,595017AD6,80039,45775000,PRN,,SOLE,,45775000,0,0
361,RYLAND GROUP INC,NOTE 1.625% 5/1,783764AQ6,9810,8153000,PRN,,SOLE,,8153000,0,0
362,TTM TECHNOLOGIES INC,NOTE 1.750%12/1,87305RAD1,15384,9110000,PRN,,SOLE,,9110000,0,0
363,HERBALIFE LTD,NOTE 2.000% 8/1,42703MAB9,41623,41500000,PRN,,SOLE,,41500000,0,0
364,MICRON TECHNOLOGY INC,NOTE 2.125% 2/1,595112AV5,37737,10485000,PRN,,SOLE,,10485000,0,0
365,ADVANCED MICRO DEVICES INC,NOTE 2.125% 9/0,007903BD8,102389,57810000,PRN,,SOLE,,57810000,0,0
366,TESLA INC,NOTE 2.375% 3/1,88160RAD3,2459,2000000,PRN,,SOLE,,2000000,0,0
367,MICRON TECHNOLOGY INC,NOTE 3.000%11/1,595112AY9,14900,10750000,PRN,,SOLE,,10750000,0,0
368,COBALT INTL ENERGY INC,NOTE 3.125% 5/1,19075FAB2,494,2534000,PRN,,DFND,1.0,0,2534000,0
369,COBALT INTL ENERGY INC,NOTE 3.125% 5/1,19075FAB2,1748,8966000,PRN,,SOLE,,8966000,0,0
370,DISH NETWORK CORP,NOTE 3.375% 8/1,25470MAB5,61477,54893000,PRN,,SOLE,,54893000,0,0
371,CEMEX SAB DE CV,NOTE 3.750% 3/1,151290BC6,22156,19450000,PRN,,SOLE,,19450000,0,0
372,NAVISTAR INTL CORP NEW,NOTE 4.750% 4/1,63934EAS7,12641,11500000,PRN,,SOLE,,11500000,0,0
373,REDWOOD TR INC,NOTE 4.750% 8/1,758075AC9,5980,6000000,PRN,,SOLE,,6000000,0,0
374,UNISYS CORP,NOTE 5.500% 3/0,909214BS6,13904,12023000,PRN,,SOLE,,12023000,0,0
375,PALO ALTO NETWORKS INC,NOTE 7/0,697435AB1,52744,38346000,PRN,,SOLE,,38346000,0,0
376,STMICROELECTRONICS N V,NY REGISTRY,861012102,14,700,SH,Call,DFND,1.0,0,700,0
377,STMICROELECTRONICS N V,NY REGISTRY,861012102,9747,501900,SH,Call,SOLE,,501900,0,0
378,WEATHERFORD INTL PLC,ORD SHS,G48833100,989,216000,SH,,DFND,1.0,0,216000,0
379,WEATHERFORD INTL PLC,ORD SHS,G48833100,989,216000,SH,Put,DFND,1.0,0,216000,0
380,ALLERGAN PLC,PFD CONV SER A,G0177J116,127353,172527,SH,,SOLE,,172527,0,0
381,TRANSOCEAN LTD,REG SHS,H8817H100,2985,277452,SH,,DFND,1.0,0,277452,0
382,TRANSOCEAN LTD,REG SHS,H8817H100,2986,277500,SH,Put,DFND,1.0,0,277500,0
383,TRANSOCEAN LTD,REG SHS,H8817H100,1397,129878,SH,,SOLE,,129878,0,0
384,TRANSOCEAN LTD,REG SHS,H8817H100,3240,301100,SH,Put,SOLE,,301100,0,0
385,SPDR SERIES TRUST,S&P OILGAS EXP,78464A730,730,21400,SH,Put,DFND,1.0,0,21400,0
386,SPDR SERIES TRUST,S&P OILGAS EXP,78464A730,84557,2480400,SH,Put,SOLE,,2480400,0,0
387,VERISIGN INC,SDCV 3.250% 8/1,92343EAD4,89943,28891000,PRN,,SOLE,,28891000,0,0
388,SHIP FINANCE INTERNATIONAL L,SHS,G81075106,2900,200000,SH,Put,SOLE,,200000,0,0
389,SCORPIO TANKERS INC,SHS,Y7542C106,3,900,SH,Call,DFND,1.0,0,900,0
390,SCORPIO TANKERS INC,SHS,Y7542C106,1712,499100,SH,Call,SOLE,,499100,0,0
391,ALLERGAN PLC,SHS,G0177J108,237209,1157400,SH,Call,SOLE,,1157400,0,0
392,COCA COLA EUROPEAN PARTNERS,SHS,G25839104,171,4114,SH,,DFND,1.0,0,4114,0
393,COCA COLA EUROPEAN PARTNERS,SHS,G25839104,16570,398136,SH,,SOLE,,398136,0,0
394,EROS INTL PLC,SHS NEW,G3788M114,3993,279200,SH,,DFND,1.0,0,279200,0
395,EROS INTL PLC,SHS NEW,G3788M114,858,60000,SH,Call,DFND,1.0,0,60000,0
396,EROS INTL PLC,SHS NEW,G3788M114,5250,367100,SH,Put,DFND,1.0,0,367100,0
397,OCEAN RIG UDW INC,SHS NEW,G66964118,82159,3456428,SH,,SOLE,,3456428,0,0
398,OCEAN RIG UDW INC,SHS NEW,G66964118,13517,568671,SH,,DFND,,0,0,0
399,JD COM INC,SPON ADR CL A,47215P106,3453,90387,SH,,DFND,1.0,0,90387,0
400,JD COM INC,SPON ADR CL A,47215P106,295625,7738870,SH,,SOLE,,7738870,0,0
401,YPF SOCIEDAD ANONIMA,SPON ADR CL D,984245100,2564,115091,SH,,DFND,1.0,0,115091,0
402,YPF SOCIEDAD ANONIMA,SPON ADR CL D,984245100,7003,314316,SH,,SOLE,,314316,0,0
403,UNITED MICROELECTRONICS CORP,SPON ADR NEW,910873405,3101,1240497,SH,,SOLE,,1240497,0,0
404,500 COM LTD,SPON ADR REP A,33829R100,1200,109100,SH,,DFND,1.0,0,109100,0
405,500 COM LTD,SPON ADR REP A,33829R100,1200,109100,SH,Put,DFND,1.0,0,109100,0
406,TRIVAGO N V,SPON ADS A SHS,89686D105,780,71900,SH,,DFND,1.0,0,71900,0
407,TRIVAGO N V,SPON ADS A SHS,89686D105,780,71900,SH,Put,DFND,1.0,0,71900,0
408,PAMPA ENERGIA S A,SPONS ADR LVL I,697660207,12793,196506,SH,,DFND,1.0,0,196506,0
409,PAMPA ENERGIA S A,SPONS ADR LVL I,697660207,35915,551685,SH,,SOLE,,551685,0,0
410,SILICONWARE PRECISION INDS L,SPONSD ADR SPL,827084864,2774,351627,SH,,SOLE,,351627,0,0
411,VIPSHOP HLDGS LTD,SPONSORED ADR,92763W103,64,7333,SH,,SOLE,,7333,0,0
412,VIPSHOP HLDGS LTD,SPONSORED ADR,92763W103,7936,902900,SH,Put,SOLE,,902900,0,0
413,WEIBO CORP,SPONSORED ADR,948596101,11081,112000,SH,,DFND,1.0,0,112000,0
414,WEIBO CORP,SPONSORED ADR,948596101,11497,116200,SH,Put,DFND,1.0,0,116200,0
415,VEON LTD,SPONSORED ADR,91822M106,3212,768327,SH,,SOLE,,768327,0,0
416,ZTO EXPRESS CAYMAN INC,SPONSORED ADR,98980A105,171,12155,SH,,DFND,1.0,0,12155,0
417,ZTO EXPRESS CAYMAN INC,SPONSORED ADR,98980A105,56,4000,SH,Put,DFND,1.0,0,4000,0
418,ZTO EXPRESS CAYMAN INC,SPONSORED ADR,98980A105,86286,6145730,SH,,SOLE,,6145730,0,0
419,JINKOSOLAR HLDG CO LTD,SPONSORED ADR,47759T100,1248,50000,SH,,DFND,1.0,0,50000,0
420,JINKOSOLAR HLDG CO LTD,SPONSORED ADR,47759T100,312,12500,SH,Call,DFND,1.0,0,12500,0
421,JINKOSOLAR HLDG CO LTD,SPONSORED ADR,47759T100,561,22500,SH,Put,DFND,1.0,0,22500,0
422,KT CORP,SPONSORED ADR,48268K101,1,98,SH,,DFND,1.0,0,98,0
423,KT CORP,SPONSORED ADR,48268K101,845,60943,SH,,SOLE,,60943,0,0
424,BAOZUN INC,SPONSORED ADR,06684L103,3525,107600,SH,,DFND,1.0,0,107600,0
425,BAOZUN INC,SPONSORED ADR,06684L103,3528,107700,SH,Put,DFND,1.0,0,107700,0
426,ANHEUSER BUSCH INBEV SA/NV,SPONSORED ADR,03524A108,2116,17738,SH,,DFND,1.0,0,17738,0
427,ANHEUSER BUSCH INBEV SA/NV,SPONSORED ADR,03524A108,2541,21300,SH,Call,DFND,1.0,0,21300,0
428,ANHEUSER BUSCH INBEV SA/NV,SPONSORED ADR,03524A108,177024,1483856,SH,,SOLE,,1483856,0,0
429,ANHEUSER BUSCH INBEV SA/NV,SPONSORED ADR,03524A108,208143,1744700,SH,Call,SOLE,,1744700,0,0
430,ALIBABA GROUP HLDG LTD,SPONSORED ADS,01609W102,14119,81750,SH,,SOLE,,81750,0,0
431,MAZOR ROBOTICS LTD,SPONSORED ADS,57886P103,523,10600,SH,,DFND,1.0,0,10600,0
432,MAZOR ROBOTICS LTD,SPONSORED ADS,57886P103,523,10600,SH,Put,DFND,1.0,0,10600,0
433,TAL ED GROUP,SPONSORED ADS,874080104,4,108,SH,,DFND,1.0,0,108,0
434,TAL ED GROUP,SPONSORED ADS,874080104,2614,77553,SH,,SOLE,,77553,0,0
435,SELECT SECTOR SPDR TR,TECHNOLOGY,81369Y803,41,700,SH,Put,DFND,1.0,0,700,0
436,SELECT SECTOR SPDR TR,TECHNOLOGY,81369Y803,29550,500000,SH,Put,SOLE,,500000,0,0
437,SPDR S&P 500 ETF TR,TR UNIT,78462F103,76273,303600,SH,Call,DFND,1.0,0,303600,0
438,SPDR S&P 500 ETF TR,TR UNIT,78462F103,50,200,SH,Put,DFND,1.0,0,200,0
439,SPDR S&P 500 ETF TR,TR UNIT,78462F103,6044619,24060100,SH,Call,SOLE,,24060100,0,0
440,SPDR S&P 500 ETF TR,TR UNIT,78462F103,31354,124800,SH,Put,SOLE,,124800,0,0
441,UNITED STATES OIL FUND LP,UNITS,91232N108,3998,383300,SH,Put,DFND,1.0,0,383300,0
442,UNITED STATES OIL FUND LP,UNITS,91232N108,6471,620400,SH,Put,SOLE,,620400,0,0
