,NAME OF ISSUER,TITLE OF CLASS,CUSIP,(x$1000),PRN AMT,PRN,CALL,DISCRETION,MANAGER,SOLE,SHARED,NONE
0,ADOBE INC,COM,00724F101,939067,2847297,SH,,SOLE,,2847297,0,0
1,ALIBABA GROUP HLDG LTD,SPONSORED ADS,01609W102,1323459,6239786,SH,,SOLE,,6239786,0,0
2,ALTRIA GROUP INC,COM,02209S103,176514,3536654,SH,,SOLE,,3536654,0,0
3,AMAZON COM INC,COM,023135106,952569,515504,SH,,SOLE,,515504,0,0
4,ATLASSIAN CORP PLC,CL A,G06242104,336923,2799760,SH,,SOLE,,2799760,0,0
5,AUTODESK INC,COM,052769106,603252,3288196,SH,,SOLE,,3288196,0,0
6,CANADIAN PAC RY LTD,COM,13645T100,476778,1870085,SH,,SOLE,,1870085,0,0
7,CARVANA CO,CL A,146869102,92318,1002910,SH,,SOLE,,1002910,0,0
8,CHEWY INC,CL A,16679L109,147074,5071531,SH,,SOLE,,5071531,0,0
9,COUPA SOFTWARE INC,COM,22266L106,341759,2336812,SH,,SOLE,,2336812,0,0
10,CSX CORP,COM,126408103,868,12000,SH,,SOLE,,12000,0,0
11,CSX CORP,COM,126408103,97541,1348000,SH,Call,SOLE,,1348000,0,0
12,DEXCOM INC,COM,252131107,231623,1058895,SH,,SOLE,,1058895,0,0
13,DOMINOS PIZZA INC,COM,25754A201,508572,1731133,SH,,SOLE,,1731133,0,0
14,EQUIFAX INC,COM,294429105,483178,3448313,SH,,SOLE,,3448313,0,0
15,FACEBOOK INC,CL A,30303M102,703166,3425898,SH,,SOLE,,3425898,0,0
16,GLOBAL PMTS INC,COM,37940X102,592447,3245218,SH,,SOLE,,3245218,0,0
17,HERBALIFE NUTRITION LTD,COM SHS,G4412G101,185564,3892688,SH,,SOLE,,3892688,0,0
18,HUBSPOT INC,COM,443573100,35765,225647,SH,,SOLE,,225647,0,0
19,HUMANA INC,COM,444859102,539801,1472775,SH,,SOLE,,1472775,0,0
20,IAC INTERACTIVECORP,COM,44919P508,99081,397739,SH,,SOLE,,397739,0,0
21,ILLUMINA INC,COM,452327109,172441,519808,SH,,SOLE,,519808,0,0
22,IQVIA HLDGS INC,COM,46266C105,476227,3082174,SH,,SOLE,,3082174,0,0
23,LUCKIN COFFEE INC,SPONSORED ADS,54951L109,238811,6067357,SH,,SOLE,,6067357,0,0
24,MASTERCARD INC,CL A,57636Q104,712464,2386096,SH,,SOLE,,2386096,0,0
25,MATCH GROUP INC,COM,57665R106,249379,3037131,SH,,SOLE,,3037131,0,0
26,MEDALLIA INC,COM,584021109,22947,737593,SH,,SOLE,,737593,0,0
27,MERCADOLIBRE INC,COM,58733R102,555210,970749,SH,,SOLE,,970749,0,0
28,MICROSOFT CORP,COM,594918104,799389,5069049,SH,,SOLE,,5069049,0,0
29,NETFLIX INC,COM,64110L106,806701,2493127,SH,,SOLE,,2493127,0,0
30,PAYPAL HLDGS INC,COM,70450Y103,363918,3364320,SH,,SOLE,,3364320,0,0
31,SALESFORCE COM INC,COM,79466L302,673442,4140694,SH,,SOLE,,4140694,0,0
32,SEA LTD,SPONSORED ADS,81141R100,247973,6165422,SH,,SOLE,,6165422,0,0
33,SERVICENOW INC,COM,81762P102,435475,1542489,SH,,SOLE,,1542489,0,0
34,SHOPIFY INC,CL A,82509L107,720674,1812652,SH,,SOLE,,1812652,0,0
35,SQUARE INC,CL A,852234103,550442,8798626,SH,,SOLE,,8798626,0,0
36,TRANSDIGM GROUP INC,COM,893641100,702480,1254428,SH,,SOLE,,1254428,0,0
37,UBER TECHNOLOGIES INC,COM,90353T100,91746,3084950,SH,,SOLE,,3084950,0,0
38,UNDER ARMOUR INC,CL A,904311107,193958,8979557,SH,,SOLE,,8979557,0,0
39,UNION PACIFIC CORP,COM,907818108,583988,3230202,SH,,SOLE,,3230202,0,0
40,UNION PACIFIC CORP,COM,907818108,102201,565300,SH,Call,SOLE,,565300,0,0
41,UNITEDHEALTH GROUP INC,COM,91324P102,1247373,4243054,SH,,SOLE,,4243054,0,0
42,XP INC,CL A,G98239109,46224,1200000,SH,,SOLE,,1200000,0,0
