,NAME OF ISSUER,TITLE OF CLASS,CUSIP,(x$1000),PRN AMT,PRN,CALL,DISCRETION,MANAGER,SOLE,SHARED,NONE
0,ACTAVIS PLC,SHS,G0083B108,545333,1832314,SH,,SOLE,,1832314,0,0
1,ADOBE SYS INC,COM,00724F101,890636,12045393,SH,,SOLE,,12045393,0,0
2,APPLE INC,COM,037833100,850917,6838522,SH,,SOLE,,6838522,0,0
3,ARISTA NETWORKS INC,COM,040413106,105148,1490825,SH,,SOLE,,1490825,0,0
4,AUTODESK INC,COM,052769106,475218,8103986,SH,,SOLE,,8103986,0,0
5,BAIDU INC,SPON ADR REP A,056752108,1100661,5281484,SH,,SOLE,,5281484,0,0
6,BARCLAYS BK PLC,IPATH S&P500 VIX,06742E711,298179,11634000,SH,Put,SOLE,,11634000,0,0
7,CANADIAN PAC RY LTD,COM,13645T100,575005,3147265,SH,,SOLE,,3147265,0,0
8,CDK GLOBAL INC,COM,12508E101,123271,2636255,SH,,SOLE,,2636255,0,0
9,CHARTER COMMUNICATIONS INC D,CL A NEW,16117M305,642666,3327979,SH,,SOLE,,3327979,0,0
10,CHENIERE ENERGY INC,COM NEW,16411R208,620631,8018486,SH,,SOLE,,8018486,0,0
11,COGNIZANT TECHNOLOGY SOLUTIO,CL A,192446102,68216,1093374,SH,,SOLE,,1093374,0,0
12,CURRENCYSHARES EURO TR,EURO SHS,23130C108,2114200,20000000,SH,Put,SOLE,,20000000,0,0
13,DAVITA HEALTHCARE PARTNERS I,COM,23918K108,443445,5455774,SH,,SOLE,,5455774,0,0
14,ENDO INTL PLC,SHS,G30401106,293329,3270117,SH,,SOLE,,3270117,0,0
15,EQUINIX INC,COM PAR $0.001,29444U700,635536,2729378,SH,,SOLE,,2729378,0,0
16,FACEBOOK INC,CL A,30303M102,666511,8106922,SH,,SOLE,,8106922,0,0
17,FIDELITY NATIONAL FINANCIAL,FNF GROUP COM,31620R303,288764,7855396,SH,,SOLE,,7855396,0,0
18,FIDELITY NATIONAL FINANCIAL,FNF GROUP COM,31620R303,74071,2015000,SH,Call,SOLE,,2015000,0,0
19,FLEETCOR TECHNOLOGIES INC,COM,339041105,826833,5478615,SH,,SOLE,,5478615,0,0
20,GRACE W R & CO DEL NEW,COM,38388F108,286976,2902557,SH,,SOLE,,2902557,0,0
21,HCA HOLDING INC,COM,40412C101,439108,5836872,SH,,SOLE,,5836872,0,0
22,HDFC BANK LTD,ADR REPS 3 SHS,40415F101,118641,2014620,SH,,SOLE,,2014620,0,0
23,ILLUMINA INC,COM,452327109,536519,2890103,SH,,SOLE,,2890103,0,0
24,JAZZ PHARMACEUTICALS PLC,SHS USD,G50871105,45096,260985,SH,,SOLE,,260985,0,0
25,JD COM INC,SPON ADR CL A,47215P106,1131931,38527260,SH,,SOLE,,38527260,0,0
26,LIBERTY MEDIA CORP DELAWARE,CL A,531229102,106456,2761506,SH,,SOLE,,2761506,0,0
27,LIBERTY MEDIA CORP DELAWARE,COM SER C,531229300,172458,4514617,SH,,SOLE,,4514617,0,0
28,LOWES COS INC,COM,548661107,440114,5916304,SH,,SOLE,,5916304,0,0
29,MASTERCARD INC,CL A,57636Q104,1120794,12973653,SH,,SOLE,,12973653,0,0
30,MCGRAW HILL FINL INC,COM,580645109,473053,4574980,SH,,SOLE,,4574980,0,0
31,MGIC INVT CORP WIS,COM,552848103,119441,12403003,SH,,SOLE,,12403003,0,0
32,MICHAEL KORS HLDGS LTD,SHS,G60754101,738054,11225155,SH,,SOLE,,11225155,0,0
33,MICROSOFT CORP,COM,594918104,588933,14486109,SH,,SOLE,,14486109,0,0
34,MICROSOFT CORP,COM,594918104,115005,2828800,SH,Call,SOLE,,2828800,0,0
35,MOHAWK INDS INC,COM,608190104,363803,1958565,SH,,SOLE,,1958565,0,0
36,NIKE INC,CL B,654106103,569740,5678660,SH,,SOLE,,5678660,0,0
37,PRICELINE GRP INC,COM NEW,741503403,1548058,1329775,SH,,SOLE,,1329775,0,0
38,PROSHARES TR II,ULT VIX SHRT TRM,74347W346,180600,12000000,SH,Put,SOLE,,12000000,0,0
39,REALOGY HLDGS CORP,COM,75605Y106,473287,10406478,SH,,SOLE,,10406478,0,0
40,SBA COMMUNICATIONS CORP,COM,78388J106,756545,6460678,SH,,SOLE,,6460678,0,0
41,SEARS HLDGS CORP,COM,812350106,89509,2163100,SH,Put,SOLE,,2163100,0,0
42,SOLARWINDS INC,COM,83416B109,122281,2386428,SH,,SOLE,,2386428,0,0
43,SUNEDISON INC,COM,86732Y109,269107,11212785,SH,,SOLE,,11212785,0,0
44,TRANSDIGM GROUP INC,COM,893641100,484557,2215423,SH,,SOLE,,2215423,0,0
45,TRANSOCEAN LTD,REG SHS,H8817H100,35208,2400000,SH,Put,SOLE,,2400000,0,0
46,ULTA SALON COSMETCS & FRAG I,COM,90384S303,373194,2473942,SH,,SOLE,,2473942,0,0
47,VALEANT PHARMACEUTICALS INTL,COM,91911K102,1106206,5569460,SH,,SOLE,,5569460,0,0
48,VIPSHOP HLDGS LTD,SPONSORED ADR,92763W103,322189,10943918,SH,,SOLE,,10943918,0,0
49,VISA INC,COM CL A,92826C839,622067,9510268,SH,,SOLE,,9510268,0,0
50,VULCAN MATLS CO,COM,929160109,119790,1420997,SH,,SOLE,,1420997,0,0
51,WALGREENS BOOTS ALLIANCE INC,COM,931427108,218858,2584527,SH,,SOLE,,2584527,0,0
52,WILLIAMS COS INC DEL,COM,969457100,607854,12015299,SH,,SOLE,,12015299,0,0
53,WILLIAMS COS INC DEL,COM,969457100,90349,1785900,SH,Call,SOLE,,1785900,0,0
