,NAME OF ISSUER,TITLE OF CLASS,CUSIP,(x$1000),PRN AMT,PRN,CALL,DISCRETION,MANAGER,SOLE,SHARED,NONE
0,ACTIVISION BLIZZARD INC,COM,00507V109,745619,20648534,SH,,SOLE,,20648534,0,0
1,ADOBE SYS INC,COM,00724F101,517591,5027599,SH,,SOLE,,5027599,0,0
2,ALIBABA GROUP HLDG LTD,SPONSORED ADS,01609W102,669034,7619109,SH,,SOLE,,7619109,0,0
3,ALIGN TECHNOLOGY INC,COM,016255101,238069,2476534,SH,,SOLE,,2476534,0,0
4,ALPHABET INC,CAP STK CL C,02079K107,484628,627903,SH,,SOLE,,627903,0,0
5,AMAZON COM INC,COM,023135106,969378,1292728,SH,,SOLE,,1292728,0,0
6,BANK AMER CORP,COM,060505104,478937,21671362,SH,,SOLE,,21671362,0,0
7,BARCLAYS BK PLC,IPATH S&P500 VIX,06740Q252,12755,500000,SH,,SOLE,,500000,0,0
8,BARCLAYS BK PLC,IPATH S&P500 VIX,06740Q252,2551,100000,SH,Put,SOLE,,100000,0,0
9,BROADCOM LTD,SHS,Y09827109,629914,3563465,SH,,SOLE,,3563465,0,0
10,CHARTER COMMUNICATIONS INC N,CL A,16119P108,1357765,4715772,SH,,SOLE,,4715772,0,0
11,CHENIERE ENERGY INC,COM NEW,16411R208,214870,5186332,SH,,SOLE,,5186332,0,0
12,COMMSCOPE HLDG CO INC,COM,20337X109,141095,3792871,SH,,SOLE,,3792871,0,0
13,CONSTELLATION BRANDS INC,CL A,21036P108,978166,6380317,SH,,SOLE,,6380317,0,0
14,DOLLAR TREE INC,COM,256746108,719019,9316134,SH,,SOLE,,9316134,0,0
15,EBAY INC,COM,278642103,285196,9605806,SH,,SOLE,,9605806,0,0
16,ELECTRONIC ARTS INC,COM,285512109,742091,9422175,SH,,SOLE,,9422175,0,0
17,ENCANA CORP,COM,292505104,245230,20888437,SH,,SOLE,,20888437,0,0
18,EQUINIX INC,COM PAR $0.001,29444U700,683612,1912684,SH,,SOLE,,1912684,0,0
19,EXPEDIA INC DEL,COM NEW,30212P303,489090,4317532,SH,,SOLE,,4317532,0,0
20,FACEBOOK INC,CL A,30303M102,682006,5927908,SH,,SOLE,,5927908,0,0
21,FLEETCOR TECHNOLOGIES INC,COM,339041105,663564,4688835,SH,,SOLE,,4688835,0,0
22,GRUPO TELEVISA SA,SPON ADR REP ORD,40049J206,282706,13533097,SH,,SOLE,,13533097,0,0
23,HDFC BANK LTD,ADR REPS 3 SHS,40415F101,79627,1312249,SH,,SOLE,,1312249,0,0
24,INTERCONTINENTAL EXCHANGE IN,COM,45866F104,238410,4225637,SH,,SOLE,,4225637,0,0
25,LULULEMON ATHLETICA INC,COM,550021109,292728,4504208,SH,,SOLE,,4504208,0,0
26,MICROSOFT CORP,COM,594918104,945398,15213996,SH,,SOLE,,15213996,0,0
27,NIKE INC,CL B,654106103,731797,14396950,SH,,SOLE,,14396950,0,0
28,PAYPAL HLDGS INC,COM,70450Y103,493348,12499315,SH,,SOLE,,12499315,0,0
29,PNC FINL SVCS GROUP INC,COM,693475105,490781,4196144,SH,,SOLE,,4196144,0,0
30,PRICELINE GRP INC,COM NEW,741503403,446373,304471,SH,,SOLE,,304471,0,0
31,PROSHARES TR II,ULTRA VIX SHORT,74347W254,4375,100000,SH,Put,SOLE,,100000,0,0
32,RICE ENERGY INC,COM,762760106,79743,3735035,SH,,SOLE,,3735035,0,0
33,SEARS HLDGS CORP,COM,812350106,32515,3500000,SH,Put,SOLE,,3500000,0,0
34,SHIRE PLC,SPONSORED ADR,82481R106,324456,1904306,SH,,SOLE,,1904306,0,0
35,SYMANTEC CORP,COM,871503108,317066,13271908,SH,,SOLE,,13271908,0,0
36,TRANSDIGM GROUP INC,COM,893641100,504988,2028392,SH,,SOLE,,2028392,0,0
37,ULTA SALON COSMETCS & FRAG I,COM,90384S303,458290,1797638,SH,,SOLE,,1797638,0,0
38,VISA INC,COM CL A,92826C839,511146,6551477,SH,,SOLE,,6551477,0,0
39,VULCAN MATLS CO,COM,929160109,467812,3738010,SH,,SOLE,,3738010,0,0
40,WILLIAMS COS INC DEL,COM,969457100,508452,16327936,SH,,SOLE,,16327936,0,0
