,NAME OF ISSUER,TITLE OF CLASS,CUSIP,(x$1000),PRN AMT,PRN,CALL,DISCRETION,MANAGER,SOLE,SHARED,NONE
0,AMERICAN EXPRESS CO,COM,025816109,119862,1952142,SH,,DFND,4,1952142,0,0
1,AMERICAN EXPRESS CO,COM,025816109,1057640,17225400,SH,,DFND,45,17225400,0,0
2,AMERICAN EXPRESS CO,COM,025816109,51566,839832,SH,,DFND,47,839832,0,0
3,AMERICAN EXPRESS CO,COM,025816109,126306,2057100,SH,,DFND,4811,2057100,0,0
4,AMERICAN EXPRESS CO,COM,025816109,490871,7994634,SH,,DFND,410,7994634,0,0
5,AMERICAN EXPRESS CO,COM,025816109,7376711,120141879,SH,,DFND,411,120141879,0,0
6,AMERICAN EXPRESS CO,COM,025816109,85942,1399713,SH,,DFND,413,1399713,0,0
7,APPLE INC,COM,037833100,1069382,9811747,SH,,DFND,4811,9811747,0,0
8,BANK OF NEW YORK MELLON CORP,COM,064058100,245527,6666492,SH,,DFND,4,6666492,0,0
9,BANK OF NEW YORK MELLON CORP,COM,064058100,66070,1793915,SH,,DFND,2411,1793915,0,0
10,BANK OF NEW YORK MELLON CORP,COM,064058100,226887,6160384,SH,,DFND,4811,6160384,0,0
11,BANK OF NEW YORK MELLON CORP,COM,064058100,20257,550021,SH,,DFND,459,550021,0,0
12,BANK OF NEW YORK MELLON CORP,COM,064058100,208325,5656400,SH,,DFND,411,5656400,0,0
13,CHARTER COMMUNICATIONS INC D,CL A NEW,16117M305,570538,2818446,SH,,DFND,4,2818446,0,0
14,CHARTER COMMUNICATIONS INC D,CL A NEW,16117M305,1519917,7508357,SH,,DFND,4811,7508357,0,0
15,COCA COLA CO,COM,191216100,37112,800000,SH,,DFND,4,800000,0,0
16,COCA COLA CO,COM,191216100,3724338,80283200,SH,,DFND,45,80283200,0,0
17,COCA COLA CO,COM,191216100,84615,1824000,SH,,DFND,46,1824000,0,0
18,COCA COLA CO,COM,191216100,668536,14411200,SH,,DFND,4811,14411200,0,0
19,COCA COLA CO,COM,191216100,847935,18278400,SH,,DFND,410,18278400,0,0
20,COCA COLA CO,COM,191216100,12984153,279891200,SH,,DFND,411,279891200,0,0
21,COCA COLA CO,COM,191216100,164777,3552000,SH,,DFND,412,3552000,0,0
22,COCA COLA CO,COM,191216100,44534,960000,SH,,DFND,413,960000,0,0
23,COSTCO WHSL CORP NEW,COM,22160K105,682851,4333363,SH,,DFND,411,4333363,0,0
24,DAVITA HEALTHCARE PARTNERS I,COM,23918K108,1471422,20052088,SH,,DFND,4,20052088,0,0
25,DAVITA HEALTHCARE PARTNERS I,COM,23918K108,1358519,18513482,SH,,DFND,4811,18513482,0,0
26,DEERE & CO,COM,244199105,32307,419627,SH,,DFND,4,419627,0,0
27,DEERE & CO,COM,244199105,178037,2312467,SH,,DFND,4811,2312467,0,0
28,DEERE & CO,COM,244199105,9252,120165,SH,,DFND,410,120165,0,0
29,DEERE & CO,COM,244199105,1495243,19421261,SH,,DFND,411,19421261,0,0
30,DEERE & CO,COM,244199105,77565,1007474,SH,,DFND,412,1007474,0,0
31,GENERAL ELECTRIC CO,COM,369604103,18721,588900,SH,,DFND,4,588900,0,0
32,GENERAL ELECTRIC CO,COM,369604103,17025,535532,SH,,DFND,45,535532,0,0
33,GENERAL ELECTRIC CO,COM,369604103,158896,4998302,SH,,DFND,4811,4998302,0,0
34,GENERAL ELECTRIC CO,COM,369604103,1135,35702,SH,,DFND,410,35702,0,0
35,GENERAL ELECTRIC CO,COM,369604103,135062,4248556,SH,,DFND,411,4248556,0,0
36,GENERAL ELECTRIC CO,COM,369604103,5675,178510,SH,,DFND,412,178510,0,0
37,GENERAL MTRS CO,COM,37045V100,435741,13863853,SH,,DFND,4,13863853,0,0
38,GENERAL MTRS CO,COM,37045V100,782205,24887209,SH,,DFND,4811,24887209,0,0
39,GENERAL MTRS CO,COM,37045V100,314656,10011338,SH,,DFND,410,10011338,0,0
40,GENERAL MTRS CO,COM,37045V100,38898,1237600,SH,,DFND,411,1237600,0,0
41,GOLDMAN SACHS GROUP INC,COM,38141G104,686939,4375968,SH,,DFND,4811,4375968,0,0
42,GOLDMAN SACHS GROUP INC,COM,38141G104,1033486,6583551,SH,,DFND,411,6583551,0,0
43,GRAHAM HLDGS CO,COM,384637104,23119,48165,SH,,DFND,410,0,0,48165
44,GRAHAM HLDGS CO,COM,384637104,28517,59410,SH,,DFND,411,0,0,59410
45,INTERNATIONAL BUSINESS MACHS,COM,459200101,12794,84480,SH,,DFND,4,84480,0,0
46,INTERNATIONAL BUSINESS MACHS,COM,459200101,42103,278000,SH,,DFND,12411,278000,0,0
47,INTERNATIONAL BUSINESS MACHS,COM,459200101,109239,721288,SH,,DFND,45,721288,0,0
48,INTERNATIONAL BUSINESS MACHS,COM,459200101,77058,508800,SH,,DFND,4811,508800,0,0
49,INTERNATIONAL BUSINESS MACHS,COM,459200101,127687,843100,SH,,DFND,410,843100,0,0
50,INTERNATIONAL BUSINESS MACHS,COM,459200101,11903634,78597782,SH,,DFND,411,78597782,0,0
51,INTERNATIONAL BUSINESS MACHS,COM,459200101,30116,198853,SH,,DFND,412,198853,0,0
52,JOHNSON & JOHNSON,COM,478160104,35392,327100,SH,,DFND,4,327100,0,0
53,KINDER MORGAN INC DEL,COM,49456B101,473889,26533525,SH,,DFND,4,26533525,0,0
54,KRAFT HEINZ CO,COM,500754106,25581871,325634818,SH,,DFND,4,325634818,0,0
55,LEE ENTERPRISES INC,COM,523768109,160,88863,SH,,DFND,45,88863,0,0
56,LIBERTY MEDIA CORP DELAWARE,CL A,531229102,75908,1965000,SH,,DFND,4,1965000,0,0
57,LIBERTY MEDIA CORP DELAWARE,CL A,531229102,269675,6980980,SH,,DFND,4811,6980980,0,0
58,LIBERTY MEDIA CORP DELAWARE,CL A,531229102,36057,933391,SH,,DFND,410,933391,0,0
59,LIBERTY MEDIA CORP DELAWARE,CL A,531229102,4660,120629,SH,,DFND,411,120629,0,0
60,LIBERTY MEDIA CORP DELAWARE,COM SER C,531229300,119412,3135000,SH,,DFND,4,3135000,0,0
61,LIBERTY MEDIA CORP DELAWARE,COM SER C,531229300,614994,16145817,SH,,DFND,4811,16145817,0,0
62,LIBERTY MEDIA CORP DELAWARE,COM SER C,531229300,19375,508654,SH,,DFND,410,508654,0,0
63,LIBERTY MEDIA CORP DELAWARE,COM SER C,531229300,8019,210529,SH,,DFND,411,210529,0,0
64,M & T BK CORP,COM,55261F104,60606,546000,SH,,DFND,4811,546000,0,0
65,M & T BK CORP,COM,55261F104,18292,164795,SH,,DFND,410,164795,0,0
66,M & T BK CORP,COM,55261F104,518508,4671245,SH,,DFND,411,4671245,0,0
67,MASTERCARD INC,CL A,57636Q104,466334,4934756,SH,,DFND,4811,4934756,0,0
68,MEDIA GEN INC NEW,COM,58441K100,56617,3471309,SH,,DFND,4,3471309,0,0
69,MONDELEZ INTL INC,CL A,609207105,23189,578000,SH,,DFND,4,578000,0,0
70,MOODYS CORP,COM,615369105,1156202,11973928,SH,,DFND,4811,11973928,0,0
71,MOODYS CORP,COM,615369105,1225911,12695850,SH,,DFND,411,12695850,0,0
72,NOW INC,COM,67011P100,11690,659694,SH,,DFND,4,659694,0,0
73,NOW INC,COM,67011P100,20659,1165875,SH,,DFND,4811,1165875,0,0
74,PHILLIPS 66,COM,718546104,528372,6102000,SH,,DFND,4,6102000,0,0
75,PHILLIPS 66,COM,718546104,67713,782000,SH,,DFND,12411,782000,0,0
76,PHILLIPS 66,COM,718546104,451394,5213000,SH,,DFND,45,5213000,0,0
77,PHILLIPS 66,COM,718546104,100704,1163000,SH,,DFND,410,1163000,0,0
78,PHILLIPS 66,COM,718546104,5284133,61024745,SH,,DFND,411,61024745,0,0
79,PHILLIPS 66,COM,718546104,109623,1266000,SH,,DFND,412,1266000,0,0
80,PROCTER & GAMBLE CO,COM,742718109,25961,315400,SH,,DFND,4,315400,0,0
81,RESTAURANT BRANDS INTL INC,COM,76131D103,327656,8438225,SH,,DFND,411,8438225,0,0
82,SANOFI,SPONSORED ADR,80105N105,16923,421400,SH,,DFND,4811,421400,0,0
83,SANOFI,SPONSORED ADR,80105N105,20471,509742,SH,,DFND,459,509742,0,0
84,SANOFI,SPONSORED ADR,80105N105,6799,169300,SH,,DFND,410,169300,0,0
85,SANOFI,SPONSORED ADR,80105N105,112666,2805433,SH,,DFND,411,2805433,0,0
86,SUNCOR ENERGY INC NEW,COM,867224107,242520,8720619,SH,,DFND,4,8720619,0,0
87,SUNCOR ENERGY INC NEW,COM,867224107,497688,17896025,SH,,DFND,4811,17896025,0,0
88,SUNCOR ENERGY INC NEW,COM,867224107,94091,3383356,SH,,DFND,410,3383356,0,0
89,TORCHMARK CORP,COM,891027104,9450,174489,SH,,DFND,2411,174489,0,0
90,TORCHMARK CORP,COM,891027104,54804,1011888,SH,,DFND,45,1011888,0,0
91,TORCHMARK CORP,COM,891027104,77954,1439325,SH,,DFND,410,1439325,0,0
92,TORCHMARK CORP,COM,891027104,201910,3728025,SH,,DFND,411,3728025,0,0
93,TWENTY FIRST CENTY FOX INC,CL A,90130A101,129164,4632867,SH,,DFND,4,4632867,0,0
94,TWENTY FIRST CENTY FOX INC,CL A,90130A101,120414,4319002,SH,,DFND,4811,4319002,0,0
95,US BANCORP DEL,COM NEW,902973304,23959,590275,SH,,DFND,4,590275,0,0
96,US BANCORP DEL,COM NEW,902973304,124611,3070000,SH,,DFND,12411,3070000,0,0
97,US BANCORP DEL,COM NEW,902973304,967312,23831300,SH,,DFND,45,23831300,0,0
98,US BANCORP DEL,COM NEW,902973304,47693,1175000,SH,,DFND,46,1175000,0,0
99,US BANCORP DEL,COM NEW,902973304,514653,12679300,SH,,DFND,4811,12679300,0,0
100,US BANCORP DEL,COM NEW,902973304,170673,4204800,SH,,DFND,459,4204800,0,0
101,US BANCORP DEL,COM NEW,902973304,123800,3050000,SH,,DFND,410,3050000,0,0
102,US BANCORP DEL,COM NEW,902973304,1409183,34717492,SH,,DFND,411,34717492,0,0
103,US BANCORP DEL,COM NEW,902973304,70830,1745000,SH,,DFND,414,1745000,0,0
104,U S G CORP,COM NEW,903293405,348211,14035088,SH,,DFND,2411,14035088,0,0
105,U S G CORP,COM NEW,903293405,619429,24966928,SH,,DFND,411,24966928,0,0
106,UNITED PARCEL SERVICE INC,CL B,911312106,6265,59400,SH,,DFND,4,59400,0,0
107,VERISIGN INC,COM,92343E102,446885,5047264,SH,,DFND,4,5047264,0,0
108,VERISIGN INC,COM,92343E102,702807,7937736,SH,,DFND,4811,7937736,0,0
109,VERIZON COMMUNICATIONS INC,COM,92343V104,729411,13487628,SH,,DFND,4,13487628,0,0
110,VERIZON COMMUNICATIONS INC,COM,92343V104,81839,1513300,SH,,DFND,4811,1513300,0,0
111,VERISK ANALYTICS INC,CL A,92345Y106,124950,1563434,SH,,DFND,4811,1563434,0,0
112,VISA INC,COM CL A,92826C839,783091,10239160,SH,,DFND,4811,10239160,0,0
113,WABCO HLDGS INC,COM,92927K102,170473,1594401,SH,,DFND,4,1594401,0,0
114,WABCO HLDGS INC,COM,92927K102,175637,1642693,SH,,DFND,4811,1642693,0,0
115,WAL MART STORES INC,COM,931142103,19862,290000,SH,,DFND,4,290000,0,0
116,WAL MART STORES INC,COM,931142103,117118,1710000,SH,,DFND,12411,1710000,0,0
117,WAL MART STORES INC,COM,931142103,2020,29500,SH,,DFND,2411,29500,0,0
118,WAL MART STORES INC,COM,931142103,106149,1549840,SH,,DFND,45,1549840,0,0
119,WAL MART STORES INC,COM,931142103,17533,256000,SH,,DFND,46,256000,0,0
120,WAL MART STORES INC,COM,931142103,68867,1005500,SH,,DFND,4811,1005500,0,0
121,WAL MART STORES INC,COM,931142103,122529,1789000,SH,,DFND,459,1789000,0,0
122,WAL MART STORES INC,COM,931142103,314232,4588000,SH,,DFND,410,4588000,0,0
123,WAL MART STORES INC,COM,931142103,2943154,42972023,SH,,DFND,411,42972023,0,0
124,WAL MART STORES INC,COM,931142103,36642,535000,SH,,DFND,412,535000,0,0
125,WAL MART STORES INC,COM,931142103,34998,511000,SH,,DFND,414,511000,0,0
126,WELLS FARGO & CO NEW,COM,949746101,361514,7475470,SH,,DFND,4,7475470,0,0
127,WELLS FARGO & CO NEW,COM,949746101,795522,16450000,SH,,DFND,12411,16450000,0,0
128,WELLS FARGO & CO NEW,COM,949746101,256477,5303500,SH,,DFND,2411,5303500,0,0
129,WELLS FARGO & CO NEW,COM,949746101,329470,6812857,SH,,DFND,345,6812857,0,0
130,WELLS FARGO & CO NEW,COM,949746101,3629313,75047819,SH,,DFND,45,75047819,0,0
131,WELLS FARGO & CO NEW,COM,949746101,39655,820000,SH,,DFND,46,820000,0,0
132,WELLS FARGO & CO NEW,COM,949746101,82212,1700000,SH,,DFND,47,1700000,0,0
133,WELLS FARGO & CO NEW,COM,949746101,1753301,36255200,SH,,DFND,4811,36255200,0,0
134,WELLS FARGO & CO NEW,COM,949746101,496512,10267000,SH,,DFND,459,10267000,0,0
135,WELLS FARGO & CO NEW,COM,949746101,2768720,57252270,SH,,DFND,410,57252270,0,0
136,WELLS FARGO & CO NEW,COM,949746101,12324393,254846834,SH,,DFND,411,254846834,0,0
137,WELLS FARGO & CO NEW,COM,949746101,134828,2788000,SH,,DFND,412,2788000,0,0
138,WELLS FARGO & CO NEW,COM,949746101,77846,1609720,SH,,DFND,413,1609720,0,0
139,WELLS FARGO & CO NEW,COM,949746101,148736,3075600,SH,,DFND,414,3075600,0,0
140,AXALTA COATING SYS LTD,COM,G0750C108,97061,3324000,SH,,DFND,4,3324000,0,0
141,AXALTA COATING SYS LTD,COM,G0750C108,584000,20000000,SH,,DFND,4811,20000000,0,0
142,LIBERTY GLOBAL PLC,SHS CL A,G5480U104,212831,5528067,SH,,DFND,4,5528067,0,0
143,LIBERTY GLOBAL PLC,SHS CL A,G5480U104,386901,10049369,SH,,DFND,4811,10049369,0,0
144,LIBERTY GLOBAL PLC,SHS CL C,G5480U120,275952,7346968,SH,,DFND,4811,7346968,0,0
145,LIBERTY GLOBAL PLC,LILAC SHS CL A,G5480U138,5112,145801,SH,,DFND,4,145801,0,0
146,LIBERTY GLOBAL PLC,LILAC SHS CL A,G5480U138,13019,371338,SH,,DFND,4811,371338,0,0
147,LIBERTY GLOBAL PLC,LILAC SHS CL C,G5480U153,13915,367348,SH,,DFND,4811,367348,0,0
