,NAME OF ISSUER,TITLE OF CLASS,CUSIP,(x$1000),PRN AMT,PRN,CALL,DISCRETION,MANAGER,SOLE,SHARED,NONE
0,AMAZON COM INC,COM,023135106,817908,419500,SH,,DFND,4,419500,0,0
1,AMAZON COM INC,COM,023135106,221878,113800,SH,,DFND,4811,113800,0,0
2,AMERICAN AIRLS GROUP INC,COM,02376R102,245641,20151000,SH,,DFND,4,20151000,0,0
3,AMERICAN AIRLS GROUP INC,COM,02376R102,265230,21758000,SH,,DFND,4811,21758000,0,0
4,AMERICAN EXPRESS CO,COM,025816109,167123,1952142,SH,,DFND,4,1952142,0,0
5,AMERICAN EXPRESS CO,COM,025816109,1474666,17225400,SH,,DFND,45,17225400,0,0
6,AMERICAN EXPRESS CO,COM,025816109,71898,839832,SH,,DFND,47,839832,0,0
7,AMERICAN EXPRESS CO,COM,025816109,176108,2057100,SH,,DFND,4811,2057100,0,0
8,AMERICAN EXPRESS CO,COM,025816109,684421,7994634,SH,,DFND,410,7994634,0,0
9,AMERICAN EXPRESS CO,COM,025816109,10285346,120141879,SH,,DFND,411,120141879,0,0
10,AMERICAN EXPRESS CO,COM,025816109,119829,1399713,SH,,DFND,413,1399713,0,0
11,APPLE INC,COM,037833100,43992,173000,SH,,DFND,4,173000,0,0
12,APPLE INC,COM,037833100,244118,960000,SH,,DFND,12411,960000,0,0
13,APPLE INC,COM,037833100,1542269,6065000,SH,,DFND,2411,6065000,0,0
14,APPLE INC,COM,037833100,4367382,17174807,SH,,DFND,45,17174807,0,0
15,APPLE INC,COM,037833100,173171,681000,SH,,DFND,46,681000,0,0
16,APPLE INC,COM,037833100,3912442,15385747,SH,,DFND,4811,15385747,0,0
17,APPLE INC,COM,037833100,772533,3038000,SH,,DFND,459,3038000,0,0
18,APPLE INC,COM,037833100,3040800,11958000,SH,,DFND,410,11958000,0,0
19,APPLE INC,COM,037833100,47831443,188098012,SH,,DFND,411,188098012,0,0
20,APPLE INC,COM,037833100,172409,678000,SH,,DFND,412,678000,0,0
21,APPLE INC,COM,037833100,240050,944000,SH,,DFND,414,944000,0,0
22,BANK AMER CORP,COM,060505104,83222,3920000,SH,,DFND,4,3920000,0,0
23,BANK AMER CORP,COM,060505104,252637,11900000,SH,,DFND,12411,11900000,0,0
24,BANK AMER CORP,COM,060505104,176368,8307500,SH,,DFND,2411,8307500,0,0
25,BANK AMER CORP,COM,060505104,2972200,140000000,SH,,DFND,345,140000000,0,0
26,BANK AMER CORP,COM,060505104,650232,30628000,SH,,DFND,45,30628000,0,0
27,BANK AMER CORP,COM,060505104,44583,2100000,SH,,DFND,46,2100000,0,0
28,BANK AMER CORP,COM,060505104,6619089,311780000,SH,,DFND,4811,311780000,0,0
29,BANK AMER CORP,COM,060505104,254739,11999000,SH,,DFND,459,11999000,0,0
30,BANK AMER CORP,COM,060505104,366748,17275000,SH,,DFND,410,17275000,0,0
31,BANK AMER CORP,COM,060505104,7415620,349299100,SH,,DFND,411,349299100,0,0
32,BANK AMER CORP,COM,060505104,594440,28000000,SH,,DFND,412,28000000,0,0
33,BANK AMER CORP,COM,060505104,208054,9800000,SH,,DFND,414,9800000,0,0
34,BANK OF NEW YORK MELLON CORP,COM,064058100,252979,7511249,SH,,DFND,4,7511249,0,0
35,BANK OF NEW YORK MELLON CORP,COM,064058100,72345,2148000,SH,,DFND,12411,2148000,0,0
36,BANK OF NEW YORK MELLON CORP,COM,064058100,60419,1793915,SH,,DFND,2411,1793915,0,0
37,BANK OF NEW YORK MELLON CORP,COM,064058100,15392,457000,SH,,DFND,45,457000,0,0
38,BANK OF NEW YORK MELLON CORP,COM,064058100,26136,776000,SH,,DFND,46,776000,0,0
39,BANK OF NEW YORK MELLON CORP,COM,064058100,218596,6490384,SH,,DFND,4811,6490384,0,0
40,BANK OF NEW YORK MELLON CORP,COM,064058100,246504,7319000,SH,,DFND,459,7319000,0,0
41,BANK OF NEW YORK MELLON CORP,COM,064058100,129818,3854463,SH,,DFND,410,3854463,0,0
42,BANK OF NEW YORK MELLON CORP,COM,064058100,1505134,44689264,SH,,DFND,411,44689264,0,0
43,BANK OF NEW YORK MELLON CORP,COM,064058100,72075,2140000,SH,,DFND,412,2140000,0,0
44,BANK OF NEW YORK MELLON CORP,COM,064058100,87089,2585782,SH,,DFND,414,2585782,0,0
45,BIOGEN INC,COM,09062X103,148168,468322,SH,,DFND,2411,468322,0,0
46,BIOGEN INC,COM,09062X103,55272,174700,SH,,DFND,411,174700,0,0
47,CHARTER COMMUNICATIONS INC N,CL A,16119P108,2367684,5426609,SH,,DFND,4811,5426609,0,0
48,COCA COLA CO,COM,191216100,35400,800000,SH,,DFND,4,800000,0,0
49,COCA COLA CO,COM,191216100,3552532,80283200,SH,,DFND,45,80283200,0,0
50,COCA COLA CO,COM,191216100,80712,1824000,SH,,DFND,46,1824000,0,0
51,COCA COLA CO,COM,191216100,637696,14411200,SH,,DFND,4811,14411200,0,0
52,COCA COLA CO,COM,191216100,663325,14990400,SH,,DFND,410,14990400,0,0
53,COCA COLA CO,COM,191216100,12530680,283179200,SH,,DFND,411,283179200,0,0
54,COCA COLA CO,COM,191216100,157176,3552000,SH,,DFND,412,3552000,0,0
55,COCA COLA CO,COM,191216100,42480,960000,SH,,DFND,413,960000,0,0
56,COSTCO WHSL CORP NEW,COM,22160K105,1235572,4333363,SH,,DFND,411,4333363,0,0
57,DAVITA HEALTHCARE PARTNERS I,COM,23918K108,1489414,19582088,SH,,DFND,4,19582088,0,0
58,DAVITA HEALTHCARE PARTNERS I,COM,23918K108,1408135,18513482,SH,,DFND,4811,18513482,0,0
59,DELTA AIR LINES INC DEL,COM NEW,247361702,199514,6993123,SH,,DFND,4811,6993123,0,0
60,DELTA AIR LINES INC DEL,COM NEW,247361702,1851421,64893840,SH,,DFND,411,64893840,0,0
61,GENERAL MTRS CO,COM,37045V100,554307,26675000,SH,,DFND,4,26675000,0,0
62,GENERAL MTRS CO,COM,37045V100,517156,24887209,SH,,DFND,4811,24887209,0,0
63,GENERAL MTRS CO,COM,37045V100,174601,8402338,SH,,DFND,410,8402338,0,0
64,GENERAL MTRS CO,COM,37045V100,305808,14716453,SH,,DFND,411,14716453,0,0
65,GLOBE LIFE INC,COM,37959E102,12558,174489,SH,,DFND,2411,174489,0,0
66,GLOBE LIFE INC,COM,37959E102,72826,1011888,SH,,DFND,45,1011888,0,0
67,GLOBE LIFE INC,COM,37959E102,103588,1439325,SH,,DFND,410,1439325,0,0
68,GLOBE LIFE INC,COM,37959E102,268306,3728025,SH,,DFND,411,3728025,0,0
69,GOLDMAN SACHS GROUP INC,COM,38141G104,191838,1240945,SH,,DFND,4811,1240945,0,0
70,GOLDMAN SACHS GROUP INC,COM,38141G104,105003,679235,SH,,DFND,411,679235,0,0
71,JPMORGAN CHASE & CO,COM,46625H100,82197,913000,SH,,DFND,12411,913000,0,0
72,JPMORGAN CHASE & CO,COM,46625H100,164674,1829100,SH,,DFND,2411,1829100,0,0
73,JPMORGAN CHASE & CO,COM,46625H100,19491,216500,SH,,DFND,45,216500,0,0
74,JPMORGAN CHASE & CO,COM,46625H100,24668,274000,SH,,DFND,46,274000,0,0
75,JPMORGAN CHASE & CO,COM,46625H100,156202,1735000,SH,,DFND,410,1735000,0,0
76,JPMORGAN CHASE & CO,COM,46625H100,4564146,50695833,SH,,DFND,411,50695833,0,0
77,JPMORGAN CHASE & CO,COM,46625H100,184652,2051000,SH,,DFND,414,2051000,0,0
78,JOHNSON & JOHNSON,COM,478160104,42893,327100,SH,,DFND,4,327100,0,0
79,KRAFT HEINZ CO,COM,500754106,8056205,325634818,SH,,DFND,4,325634818,0,0
80,KROGER CO,COM,501044101,570475,18940079,SH,,DFND,411,18940079,0,0
81,LIBERTY MEDIA CORP DELAWARE,COM A SIRIUSXM,531229409,136524,4308117,SH,,DFND,4,4308117,0,0
82,LIBERTY MEDIA CORP DELAWARE,COM A SIRIUSXM,531229409,246922,7791780,SH,,DFND,4811,7791780,0,0
83,LIBERTY MEDIA CORP DELAWARE,COM A SIRIUSXM,531229409,29579,933391,SH,,DFND,410,933391,0,0
84,LIBERTY MEDIA CORP DELAWARE,COM A SIRIUSXM,531229409,57900,1827072,SH,,DFND,411,1827072,0,0
85,LIBERTY MEDIA CORP DELAWARE,COM C SIRIUSXM,531229607,218590,6913027,SH,,DFND,4,6913027,0,0
86,LIBERTY MEDIA CORP DELAWARE,COM C SIRIUSXM,531229607,612160,19359910,SH,,DFND,4811,19359910,0,0
87,LIBERTY MEDIA CORP DELAWARE,COM C SIRIUSXM,531229607,16084,508654,SH,,DFND,410,508654,0,0
88,LIBERTY MEDIA CORP DELAWARE,COM C SIRIUSXM,531229607,128674,4069394,SH,,DFND,411,4069394,0,0
89,M & T BK CORP,COM,55261F104,56473,546000,SH,,DFND,4811,546000,0,0
90,M & T BK CORP,COM,55261F104,17045,164795,SH,,DFND,410,164795,0,0
91,M & T BK CORP,COM,55261F104,483147,4671245,SH,,DFND,411,4671245,0,0
92,MASTERCARD INC,CL A,57636Q104,1192040,4934756,SH,,DFND,4811,4934756,0,0
93,MONDELEZ INTL INC,CL A,609207105,28946,578000,SH,,DFND,4,578000,0,0
94,MOODYS CORP,COM,615369105,2532486,11973928,SH,,DFND,4811,11973928,0,0
95,MOODYS CORP,COM,615369105,2685172,12695850,SH,,DFND,411,12695850,0,0
96,OCCIDENTAL PETE CORP,COM,674599105,14394,1243000,SH,,DFND,12411,1243000,0,0
97,OCCIDENTAL PETE CORP,COM,674599105,13514,1167000,SH,,DFND,46,1167000,0,0
98,OCCIDENTAL PETE CORP,COM,674599105,168177,14523054,SH,,DFND,411,14523054,0,0
99,OCCIDENTAL PETE CORP,COM,674599105,23160,2000000,SH,,DFND,412,2000000,0,0
100,PNC FINL SVCS GROUP INC,COM,693475105,132027,1379300,SH,,DFND,2411,1379300,0,0
101,PNC FINL SVCS GROUP INC,COM,693475105,20341,212500,SH,,DFND,46,212500,0,0
102,PNC FINL SVCS GROUP INC,COM,693475105,166792,1742500,SH,,DFND,459,1742500,0,0
103,PNC FINL SVCS GROUP INC,COM,693475105,552848,5775684,SH,,DFND,411,5775684,0,0
104,PNC FINL SVCS GROUP INC,COM,693475105,8423,88000,SH,,DFND,414,88000,0,0
105,PROCTER & GAMBLE CO,COM,742718109,34694,315400,SH,,DFND,4,315400,0,0
106,RH,COM,74967X103,76686,763269,SH,,DFND,4,763269,0,0
107,RH,COM,74967X103,94952,945079,SH,,DFND,411,945079,0,0
108,RESTAURANT BRANDS INTL INC,COM,76131D103,337782,8438225,SH,,DFND,411,8438225,0,0
109,SPDR S&P 500 ETF TR,TR UNIT,78462F103,10155,39400,SH,,DFND,4,39400,0,0
110,SIRIUS XM HLDGS INC,COM,82968B103,434971,88050788,SH,,DFND,4,88050788,0,0
111,SIRIUS XM HLDGS INC,COM,82968B103,219178,44367941,SH,,DFND,4811,44367941,0,0
112,SOUTHWEST AIRLS CO,COM,844741108,247490,6950000,SH,,DFND,4,6950000,0,0
113,SOUTHWEST AIRLS CO,COM,844741108,36847,1034747,SH,,DFND,4811,1034747,0,0
114,SOUTHWEST AIRLS CO,COM,844741108,311,8722,SH,,DFND,459,8722,0,0
115,SOUTHWEST AIRLS CO,COM,844741108,1625570,45649244,SH,,DFND,411,45649244,0,0
116,STORE CAP CORP,COM,862121100,337425,18621674,SH,,DFND,411,18621674,0,0
117,SUNCOR ENERGY INC NEW,COM,867224107,168870,10688000,SH,,DFND,4,10688000,0,0
118,SUNCOR ENERGY INC NEW,COM,867224107,30907,1956124,SH,,DFND,411,1956124,0,0
119,SUNCOR ENERGY INC NEW,COM,867224107,36418,2304907,SH,,DFND,412,2304907,0,0
120,SYNCHRONY FINL,COM,87165B103,270119,16788000,SH,,DFND,4,16788000,0,0
121,SYNCHRONY FINL,COM,87165B103,53741,3340000,SH,,DFND,4811,3340000,0,0
122,TEVA PHARMACEUTICAL INDS LTD,SPONSORED ADR,881624209,195989,21825000,SH,,DFND,4,21825000,0,0
123,TEVA PHARMACEUTICAL INDS LTD,SPONSORED ADR,881624209,24332,2709585,SH,,DFND,4811,2709585,0,0
124,TEVA PHARMACEUTICAL INDS LTD,SPONSORED ADR,881624209,163927,18254710,SH,,DFND,411,18254710,0,0
125,US BANCORP DEL,COM NEW,902973304,20335,590275,SH,,DFND,4,590275,0,0
126,US BANCORP DEL,COM NEW,902973304,132633,3850000,SH,,DFND,12411,3850000,0,0
127,US BANCORP DEL,COM NEW,902973304,166755,4840500,SH,,DFND,2411,4840500,0,0
128,US BANCORP DEL,COM NEW,902973304,837386,24307300,SH,,DFND,45,24307300,0,0
129,US BANCORP DEL,COM NEW,902973304,40479,1175000,SH,,DFND,46,1175000,0,0
130,US BANCORP DEL,COM NEW,902973304,436802,12679300,SH,,DFND,4811,12679300,0,0
131,US BANCORP DEL,COM NEW,902973304,144855,4204800,SH,,DFND,459,4204800,0,0
132,US BANCORP DEL,COM NEW,902973304,130531,3789000,SH,,DFND,410,3789000,0,0
133,US BANCORP DEL,COM NEW,902973304,2593342,75278443,SH,,DFND,411,75278443,0,0
134,US BANCORP DEL,COM NEW,902973304,60115,1745000,SH,,DFND,414,1745000,0,0
135,UNITED CONTL HLDGS INC,COM,910047109,178852,5668831,SH,,DFND,4811,5668831,0,0
136,UNITED CONTL HLDGS INC,COM,910047109,520221,16488777,SH,,DFND,411,16488777,0,0
137,UNITED PARCEL SERVICE INC,CL B,911312106,5549,59400,SH,,DFND,4,59400,0,0
138,VANGUARD INDEX FDS,S&P 500 ETF SHS,922908363,10183,43000,SH,,DFND,4,43000,0,0
139,VERISIGN INC,COM,92343E102,884266,4910132,SH,,DFND,4,4910132,0,0
140,VERISIGN INC,COM,92343E102,1423698,7905481,SH,,DFND,4811,7905481,0,0
141,VISA INC,COM CL A,92826C839,52090,323300,SH,,DFND,4,323300,0,0
142,VISA INC,COM CL A,92826C839,1649733,10239160,SH,,DFND,4811,10239160,0,0
143,WELLS FARGO & CO NEW,COM,949746101,51660,1800000,SH,,DFND,4,1800000,0,0
144,WELLS FARGO & CO NEW,COM,949746101,12915,450000,SH,,DFND,12411,450000,0,0
145,WELLS FARGO & CO NEW,COM,949746101,152210,5303500,SH,,DFND,2411,5303500,0,0
146,WELLS FARGO & CO NEW,COM,949746101,195529,6812857,SH,,DFND,345,6812857,0,0
147,WELLS FARGO & CO NEW,COM,949746101,1614004,56237071,SH,,DFND,45,56237071,0,0
148,WELLS FARGO & CO NEW,COM,949746101,23534,820000,SH,,DFND,46,820000,0,0
149,WELLS FARGO & CO NEW,COM,949746101,48790,1700000,SH,,DFND,47,1700000,0,0
150,WELLS FARGO & CO NEW,COM,949746101,735383,25623100,SH,,DFND,4811,25623100,0,0
151,WELLS FARGO & CO NEW,COM,949746101,245873,8567000,SH,,DFND,459,8567000,0,0
152,WELLS FARGO & CO NEW,COM,949746101,1279257,44573430,SH,,DFND,410,44573430,0,0
153,WELLS FARGO & CO NEW,COM,949746101,4733440,164928240,SH,,DFND,411,164928240,0,0
154,WELLS FARGO & CO NEW,COM,949746101,80016,2788000,SH,,DFND,412,2788000,0,0
155,WELLS FARGO & CO NEW,COM,949746101,46199,1609720,SH,,DFND,413,1609720,0,0
156,WELLS FARGO & CO NEW,COM,949746101,57400,2000000,SH,,DFND,414,2000000,0,0
157,AXALTA COATING SYS LTD,COM,G0750C108,54055,3130000,SH,,DFND,4,3130000,0,0
158,AXALTA COATING SYS LTD,COM,G0750C108,354846,20546957,SH,,DFND,4811,20546957,0,0
159,AXALTA COATING SYS LTD,COM,G0750C108,6788,393043,SH,,DFND,411,393043,0,0
160,LIBERTY GLOBAL PLC,SHS CL A,G5480U104,130396,7898000,SH,,DFND,4,7898000,0,0
161,LIBERTY GLOBAL PLC,SHS CL A,G5480U104,184763,11190970,SH,,DFND,4811,11190970,0,0
162,LIBERTY GLOBAL PLC,SHS CL A,G5480U104,3649,221030,SH,,DFND,411,221030,0,0
163,LIBERTY GLOBAL PLC,SHS CL C,G5480U120,115421,7346968,SH,,DFND,4811,7346968,0,0
164,STONECO LTD,COM CL A,G85158106,308410,14166748,SH,,DFND,411,14166748,0,0
165,LIBERTY LATIN AMERICA LTD,COM CL A,G9001E102,10579,1005607,SH,,DFND,4,1005607,0,0
166,LIBERTY LATIN AMERICA LTD,COM CL A,G9001E102,17097,1625185,SH,,DFND,4811,1625185,0,0
167,LIBERTY LATIN AMERICA LTD,COM CL C,G9001E128,13174,1284020,SH,,DFND,4811,1284020,0,0
