,NAME OF ISSUER,TITLE OF CLASS,CUSIP,(x$1000),PRN AMT,PRN,CALL,DISCRETION,MANAGER,SOLE,SHARED,NONE
0,AMERICAN EXPRESS CO,COM,025816109,177118,1952142,SH,,DFND,4,1952142,0,0
1,AMERICAN EXPRESS CO,COM,025816109,1562861,17225400,SH,,DFND,45,17225400,0,0
2,AMERICAN EXPRESS CO,COM,025816109,76198,839832,SH,,DFND,47,839832,0,0
3,AMERICAN EXPRESS CO,COM,025816109,176297,1943100,SH,,DFND,4811,1943100,0,0
4,AMERICAN EXPRESS CO,COM,025816109,725353,7994634,SH,,DFND,410,7994634,0,0
5,AMERICAN EXPRESS CO,COM,025816109,10910816,120255879,SH,,DFND,411,120255879,0,0
6,AMERICAN EXPRESS CO,COM,025816109,126996,1399713,SH,,DFND,413,1399713,0,0
7,BANK OF NEW YORK MELLON CORP,COM,064058100,280963,8041300,SH,,DFND,4,8041300,0,0
8,BANK OF NEW YORK MELLON CORP,COM,064058100,62679,1793915,SH,,DFND,2411,1793915,0,0
9,BANK OF NEW YORK MELLON CORP,COM,064058100,300875,8611200,SH,,DFND,4811,8611200,0,0
10,BANK OF NEW YORK MELLON CORP,COM,064058100,19218,550021,SH,,DFND,459,550021,0,0
11,BANK OF NEW YORK MELLON CORP,COM,064058100,197635,5656400,SH,,DFND,411,5656400,0,0
12,CHICAGO BRIDGE & IRON CO N V,N Y REGISTRY SH,167250109,400519,4817400,SH,,DFND,4,4817400,0,0
13,CHICAGO BRIDGE & IRON CO N V,N Y REGISTRY SH,167250109,393531,4733355,SH,,DFND,4811,4733355,0,0
14,COCA COLA CO,COM,191216100,33048,800000,SH,,DFND,4,800000,0,0
15,COCA COLA CO,COM,191216100,3316499,80283200,SH,,DFND,45,80283200,0,0
16,COCA COLA CO,COM,191216100,75349,1824000,SH,,DFND,46,1824000,0,0
17,COCA COLA CO,COM,191216100,595327,14411200,SH,,DFND,4811,14411200,0,0
18,COCA COLA CO,COM,191216100,755081,18278400,SH,,DFND,410,18278400,0,0
19,COCA COLA CO,COM,191216100,11562305,279891200,SH,,DFND,411,279891200,0,0
20,COCA COLA CO,COM,191216100,146733,3552000,SH,,DFND,412,3552000,0,0
21,COCA COLA CO,COM,191216100,39658,960000,SH,,DFND,413,960000,0,0
22,CONOCOPHILLIPS,COM,20825C104,97384,1378400,SH,,DFND,410,1378400,0,0
23,CONOCOPHILLIPS,COM,20825C104,685415,9701558,SH,,DFND,411,9701558,0,0
24,COSTCO WHSL CORP NEW,COM,22160K105,515757,4333363,SH,,DFND,411,4333363,0,0
25,DAVITA HEALTHCARE PARTNERS I,COM,23918K108,1137353,17947812,SH,,DFND,4,17947812,0,0
26,DAVITA HEALTHCARE PARTNERS I,COM,23918K108,1173199,18513482,SH,,DFND,4811,18513482,0,0
27,DEERE & CO,COM,244199105,152183,1666300,SH,,DFND,4,1666300,0,0
28,DEERE & CO,COM,244199105,211198,2312467,SH,,DFND,4811,2312467,0,0
29,DIRECTV,COM,25490A309,985887,14275800,SH,,DFND,4,14275800,0,0
30,DIRECTV,COM,25490A309,1535818,22238900,SH,,DFND,4811,22238900,0,0
31,EXXON MOBIL CORP,COM,30231G102,1073469,10607400,SH,,DFND,45,10607400,0,0
32,EXXON MOBIL CORP,COM,30231G102,279383,2760700,SH,,DFND,410,2760700,0,0
33,EXXON MOBIL CORP,COM,30231G102,2809468,27761543,SH,,DFND,411,27761543,0,0
34,GENERAL ELECTRIC CO,COM,369604103,16507,588900,SH,,DFND,4,588900,0,0
35,GENERAL ELECTRIC CO,COM,369604103,15011,535532,SH,,DFND,45,535532,0,0
36,GENERAL ELECTRIC CO,COM,369604103,140102,4998302,SH,,DFND,4811,4998302,0,0
37,GENERAL ELECTRIC CO,COM,369604103,1001,35702,SH,,DFND,410,35702,0,0
38,GENERAL ELECTRIC CO,COM,369604103,119087,4248556,SH,,DFND,411,4248556,0,0
39,GENERAL ELECTRIC CO,COM,369604103,5004,178510,SH,,DFND,412,178510,0,0
40,GENERAL MTRS CO,COM,37045V100,747717,18295000,SH,,DFND,4,18295000,0,0
41,GENERAL MTRS CO,COM,37045V100,887083,21705000,SH,,DFND,4811,21705000,0,0
42,GOLDMAN SACHS GROUP INC,COM,38141G104,296381,1672012,SH,,DFND,345,1672012,0,0
43,GOLDMAN SACHS GROUP INC,COM,38141G104,775684,4375968,SH,,DFND,4811,4375968,0,0
44,GOLDMAN SACHS GROUP INC,COM,38141G104,1167000,6583551,SH,,DFND,411,6583551,0,0
45,GRAHAM HLDGS CO,COM,384637104,98378,148311,SH,,DFND,12411,0,0,148311
46,GRAHAM HLDGS CO,COM,384637104,429941,648165,SH,,DFND,410,0,0,648165
47,GRAHAM HLDGS CO,COM,384637104,593210,894304,SH,,DFND,411,0,0,894304
48,GRAHAM HLDGS CO,COM,384637104,24533,36985,SH,,DFND,412,0,0,36985
49,INTERNATIONAL BUSINESS MACHS,COM,459200101,15846,84480,SH,,DFND,4,84480,0,0
50,INTERNATIONAL BUSINESS MACHS,COM,459200101,112090,597588,SH,,DFND,45,597588,0,0
51,INTERNATIONAL BUSINESS MACHS,COM,459200101,89058,474800,SH,,DFND,4811,474800,0,0
52,INTERNATIONAL BUSINESS MACHS,COM,459200101,12560647,66965116,SH,,DFND,411,66965116,0,0
53,JOHNSON & JOHNSON,COM,478160104,29959,327100,SH,,DFND,4,327100,0,0
54,KRAFT FOODS GROUP INC,COM,50076Q106,10387,192666,SH,,DFND,4,192666,0,0
55,LEE ENTERPRISES INC,COM,523768109,308,88863,SH,,DFND,45,88863,0,0
56,LIBERTY MEDIA CORP DELAWARE,CL A,531229102,383627,2622340,SH,,DFND,4,2622340,0,0
57,LIBERTY MEDIA CORP DELAWARE,CL A,531229102,391720,2677660,SH,,DFND,4811,2677660,0,0
58,M & T BK CORP,COM,55261F104,63565,546000,SH,,DFND,4811,546000,0,0
59,M & T BK CORP,COM,55261F104,19185,164795,SH,,DFND,410,164795,0,0
60,M & T BK CORP,COM,55261F104,543826,4671245,SH,,DFND,411,4671245,0,0
61,MASTERCARD INC,CL A,57636Q104,338361,405000,SH,,DFND,4811,405000,0,0
62,MEDIA GEN INC,CL A,584404107,105005,4646220,SH,,DFND,4,4235978,0,410242
63,MONDELEZ INTL INC,CL A,609207105,20403,578000,SH,,DFND,4,578000,0,0
64,MOODYS CORP,COM,615369105,939594,11973928,SH,,DFND,4811,11973928,0,0
65,MOODYS CORP,COM,615369105,996243,12695850,SH,,DFND,411,12695850,0,0
66,NATIONAL OILWELL VARCO INC,COM,637071101,335338,4216500,SH,,DFND,4,4216500,0,0
67,NATIONAL OILWELL VARCO INC,COM,637071101,370888,4663500,SH,,DFND,4811,4663500,0,0
68,PHILLIPS 66,COM,718546104,501021,6495800,SH,,DFND,4,6495800,0,0
69,PHILLIPS 66,COM,718546104,702936,9113650,SH,,DFND,4811,9113650,0,0
70,PHILLIPS 66,COM,718546104,77103,999650,SH,,DFND,410,999650,0,0
71,PHILLIPS 66,COM,718546104,814093,10554818,SH,,DFND,411,10554818,0,0
72,PRECISION CASTPARTS CORP,COM,740189105,319049,1184735,SH,,DFND,4,1184735,0,0
73,PRECISION CASTPARTS CORP,COM,740189105,213447,792601,SH,,DFND,4811,792601,0,0
74,PROCTER & GAMBLE CO,COM,742718109,25677,315400,SH,,DFND,4,315400,0,0
75,PROCTER & GAMBLE CO,COM,742718109,1650995,20280000,SH,,DFND,45,20280000,0,0
76,PROCTER & GAMBLE CO,COM,742718109,127000,1560000,SH,,DFND,46,1560000,0,0
77,PROCTER & GAMBLE CO,COM,742718109,507998,6240000,SH,,DFND,4811,6240000,0,0
78,PROCTER & GAMBLE CO,COM,742718109,507998,6240000,SH,,DFND,410,6240000,0,0
79,PROCTER & GAMBLE CO,COM,742718109,1414717,17377678,SH,,DFND,411,17377678,0,0
80,PROCTER & GAMBLE CO,COM,742718109,63500,780000,SH,,DFND,412,780000,0,0
81,SANOFI,SPONSORED ADR,80105N105,22600,421400,SH,,DFND,4811,421400,0,0
82,SANOFI,SPONSORED ADR,80105N105,27337,509742,SH,,DFND,459,509742,0,0
83,SANOFI,SPONSORED ADR,80105N105,9080,169300,SH,,DFND,410,169300,0,0
84,SANOFI,SPONSORED ADR,80105N105,150455,2805433,SH,,DFND,411,2805433,0,0
85,STARZ,LIBRTY CAP COM A,85571Q102,76677,2622340,SH,,DFND,4,2622340,0,0
86,STARZ,LIBRTY CAP COM A,85571Q102,56127,1919541,SH,,DFND,4811,1919541,0,0
87,SUNCOR ENERGY INC NEW,COM,867224107,455650,13000000,SH,,DFND,4811,13000000,0,0
88,TORCHMARK CORP,COM,891027104,9091,116326,SH,,DFND,2411,116326,0,0
89,TORCHMARK CORP,COM,891027104,52719,674592,SH,,DFND,45,674592,0,0
90,TORCHMARK CORP,COM,891027104,74989,959550,SH,,DFND,410,959550,0,0
91,TORCHMARK CORP,COM,891027104,194230,2485350,SH,,DFND,411,2485350,0,0
92,US BANCORP DEL,COM NEW,902973304,23847,590275,SH,,DFND,4,590275,0,0
93,US BANCORP DEL,COM NEW,902973304,124028,3070000,SH,,DFND,12411,3070000,0,0
94,US BANCORP DEL,COM NEW,902973304,941615,23307300,SH,,DFND,45,23307300,0,0
95,US BANCORP DEL,COM NEW,902973304,512244,12679300,SH,,DFND,4811,12679300,0,0
96,US BANCORP DEL,COM NEW,902973304,169874,4204800,SH,,DFND,459,4204800,0,0
97,US BANCORP DEL,COM NEW,902973304,123220,3050000,SH,,DFND,410,3050000,0,0
98,US BANCORP DEL,COM NEW,902973304,1239239,30674226,SH,,DFND,411,30674226,0,0
99,US BANCORP DEL,COM NEW,902973304,70498,1745000,SH,,DFND,414,1745000,0,0
100,U S G CORP,COM NEW,903293405,323632,11403509,SH,,DFND,2411,11403509,0,0
101,U S G CORP,COM NEW,903293405,666552,23486665,SH,,DFND,411,23486665,0,0
102,UNITED PARCEL SERVICE INC,CL B,911312106,6242,59400,SH,,DFND,4,59400,0,0
103,VERISIGN INC,COM,92343E102,270325,4522000,SH,,DFND,4,4522000,0,0
104,VERISIGN INC,COM,92343E102,384955,6439520,SH,,DFND,4811,6439520,0,0
105,VERISK ANALYTICS INC,CL A,92345Y106,102749,1563434,SH,,DFND,4811,1563434,0,0
106,VIACOM INC NEW,CL B,92553P201,345342,3954000,SH,,DFND,4,3954000,0,0
107,VIACOM INC NEW,CL B,92553P201,319070,3653200,SH,,DFND,4811,3653200,0,0
108,VISA INC,COM CL A,92826C839,346370,1555459,SH,,DFND,4811,1555459,0,0
109,WABCO HLDGS INC,COM,92927K102,227326,2433632,SH,,DFND,4,2433632,0,0
110,WABCO HLDGS INC,COM,92927K102,153444,1642693,SH,,DFND,4811,1642693,0,0
111,WAL MART STORES INC,COM,931142103,22820,290000,SH,,DFND,4,290000,0,0
112,WAL MART STORES INC,COM,931142103,13377,170000,SH,,DFND,12411,170000,0,0
113,WAL MART STORES INC,COM,931142103,2321,29500,SH,,DFND,2411,29500,0,0
114,WAL MART STORES INC,COM,931142103,330498,4200000,SH,,DFND,345,4200000,0,0
115,WAL MART STORES INC,COM,931142103,120698,1533840,SH,,DFND,45,1533840,0,0
116,WAL MART STORES INC,COM,931142103,20145,256000,SH,,DFND,46,256000,0,0
117,WAL MART STORES INC,COM,931142103,74441,946000,SH,,DFND,4811,946000,0,0
118,WAL MART STORES INC,COM,931142103,140776,1789000,SH,,DFND,459,1789000,0,0
119,WAL MART STORES INC,COM,931142103,66808,849000,SH,,DFND,410,849000,0,0
120,WAL MART STORES INC,COM,931142103,3061780,38909393,SH,,DFND,411,38909393,0,0
121,WAL MART STORES INC,COM,931142103,40211,511000,SH,,DFND,414,511000,0,0
122,WELLS FARGO & CO NEW,COM,949746101,304156,6699470,SH,,DFND,4,6699470,0,0
123,WELLS FARGO & CO NEW,COM,949746101,726400,16000000,SH,,DFND,12411,16000000,0,0
124,WELLS FARGO & CO NEW,COM,949746101,240779,5303500,SH,,DFND,2411,5303500,0,0
125,WELLS FARGO & CO NEW,COM,949746101,309304,6812857,SH,,DFND,345,6812857,0,0
126,WELLS FARGO & CO NEW,COM,949746101,3398363,74853819,SH,,DFND,45,74853819,0,0
127,WELLS FARGO & CO NEW,COM,949746101,37228,820000,SH,,DFND,46,820000,0,0
128,WELLS FARGO & CO NEW,COM,949746101,77180,1700000,SH,,DFND,47,1700000,0,0
129,WELLS FARGO & CO NEW,COM,949746101,1637542,36069200,SH,,DFND,4811,36069200,0,0
130,WELLS FARGO & CO NEW,COM,949746101,466122,10267000,SH,,DFND,459,10267000,0,0
131,WELLS FARGO & CO NEW,COM,949746101,2543229,56018270,SH,,DFND,410,56018270,0,0
132,WELLS FARGO & CO NEW,COM,949746101,11010239,242516287,SH,,DFND,411,242516287,0,0
133,WELLS FARGO & CO NEW,COM,949746101,126575,2788000,SH,,DFND,412,2788000,0,0
134,WELLS FARGO & CO NEW,COM,949746101,73081,1609720,SH,,DFND,413,1609720,0,0
135,WELLS FARGO & CO NEW,COM,949746101,90800,2000000,SH,,DFND,414,2000000,0,0
136,LIBERTY GLOBAL PLC,SHS CL A,G5480U104,262397,2948285,SH,,DFND,4811,2948285,0,0
