,NAME OF ISSUER,TITLE OF CLASS,CUSIP,(x$1000),PRN AMT,PRN,CALL,DISCRETION,MANAGER,SOLE,SHARED,NONE
0,AMERICAN EXPRESS CO,COM,025816109,175751,1952142,SH,,DFND,4,1952142,0,0
1,AMERICAN EXPRESS CO,COM,025816109,1550803,17225400,SH,,DFND,45,17225400,0,0
2,AMERICAN EXPRESS CO,COM,025816109,75610,839832,SH,,DFND,47,839832,0,0
3,AMERICAN EXPRESS CO,COM,025816109,174937,1943100,SH,,DFND,4811,1943100,0,0
4,AMERICAN EXPRESS CO,COM,025816109,719757,7994634,SH,,DFND,410,7994634,0,0
5,AMERICAN EXPRESS CO,COM,025816109,10826637,120255879,SH,,DFND,411,120255879,0,0
6,AMERICAN EXPRESS CO,COM,025816109,126016,1399713,SH,,DFND,413,1399713,0,0
7,BANK OF NEW YORK MELLON CORP,COM,064058100,283777,8041300,SH,,DFND,4,8041300,0,0
8,BANK OF NEW YORK MELLON CORP,COM,064058100,63307,1793915,SH,,DFND,2411,1793915,0,0
9,BANK OF NEW YORK MELLON CORP,COM,064058100,303889,8611200,SH,,DFND,4811,8611200,0,0
10,BANK OF NEW YORK MELLON CORP,COM,064058100,19410,550021,SH,,DFND,459,550021,0,0
11,BANK OF NEW YORK MELLON CORP,COM,064058100,199614,5656400,SH,,DFND,411,5656400,0,0
12,CHICAGO BRIDGE & IRON CO N V,N Y REGISTRY SH,167250109,419836,4817400,SH,,DFND,4,4817400,0,0
13,CHICAGO BRIDGE & IRON CO N V,N Y REGISTRY SH,167250109,412512,4733355,SH,,DFND,4811,4733355,0,0
14,COCA COLA CO,COM,191216100,30928,800000,SH,,DFND,4,800000,0,0
15,COCA COLA CO,COM,191216100,3103749,80283200,SH,,DFND,45,80283200,0,0
16,COCA COLA CO,COM,191216100,70516,1824000,SH,,DFND,46,1824000,0,0
17,COCA COLA CO,COM,191216100,557137,14411200,SH,,DFND,4811,14411200,0,0
18,COCA COLA CO,COM,191216100,706643,18278400,SH,,DFND,410,18278400,0,0
19,COCA COLA CO,COM,191216100,10820594,279891200,SH,,DFND,411,279891200,0,0
20,COCA COLA CO,COM,191216100,137320,3552000,SH,,DFND,412,3552000,0,0
21,COCA COLA CO,COM,191216100,37114,960000,SH,,DFND,413,960000,0,0
22,CONOCOPHILLIPS,COM,20825C104,96970,1378400,SH,,DFND,410,1378400,0,0
23,CONOCOPHILLIPS,COM,20825C104,682505,9701558,SH,,DFND,411,9701558,0,0
24,COSTCO WHSL CORP NEW,COM,22160K105,483950,4333363,SH,,DFND,411,4333363,0,0
25,DAVITA HEALTHCARE PARTNERS I,COM,23918K108,1315563,19107670,SH,,DFND,4,19107670,0,0
26,DAVITA HEALTHCARE PARTNERS I,COM,23918K108,1274653,18513482,SH,,DFND,4811,18513482,0,0
27,DEERE & CO,COM,244199105,151300,1666300,SH,,DFND,4,1666300,0,0
28,DEERE & CO,COM,244199105,209972,2312467,SH,,DFND,4811,2312467,0,0
29,DIRECTV,COM,25490A309,938117,12275800,SH,,DFND,4,12275800,0,0
30,DIRECTV,COM,25490A309,1699497,22238900,SH,,DFND,4811,22238900,0,0
31,EXXON MOBIL CORP,COM,30231G102,1036131,10607400,SH,,DFND,45,10607400,0,0
32,EXXON MOBIL CORP,COM,30231G102,269665,2760700,SH,,DFND,410,2760700,0,0
33,EXXON MOBIL CORP,COM,30231G102,2711748,27761543,SH,,DFND,411,27761543,0,0
34,GENERAL ELECTRIC CO,COM,369604103,15247,588900,SH,,DFND,4,588900,0,0
35,GENERAL ELECTRIC CO,COM,369604103,13865,535532,SH,,DFND,45,535532,0,0
36,GENERAL ELECTRIC CO,COM,369604103,129406,4998302,SH,,DFND,4811,4998302,0,0
37,GENERAL ELECTRIC CO,COM,369604103,924,35702,SH,,DFND,410,35702,0,0
38,GENERAL ELECTRIC CO,COM,369604103,109995,4248556,SH,,DFND,411,4248556,0,0
39,GENERAL ELECTRIC CO,COM,369604103,4622,178510,SH,,DFND,412,178510,0,0
40,GENERAL MTRS CO,COM,37045V100,285514,8295000,SH,,DFND,4,8295000,0,0
41,GENERAL MTRS CO,COM,37045V100,747086,21705000,SH,,DFND,4811,21705000,0,0
42,GOLDMAN SACHS GROUP INC,COM,38141G104,273959,1672012,SH,,DFND,345,1672012,0,0
43,GOLDMAN SACHS GROUP INC,COM,38141G104,717002,4375968,SH,,DFND,4811,4375968,0,0
44,GOLDMAN SACHS GROUP INC,COM,38141G104,1078715,6583551,SH,,DFND,411,6583551,0,0
45,GRAHAM HLDGS CO,COM,384637104,104374,148311,SH,,DFND,12411,0,0,148311
46,GRAHAM HLDGS CO,COM,384637104,456146,648165,SH,,DFND,410,0,0,648165
47,GRAHAM HLDGS CO,COM,384637104,655395,931289,SH,,DFND,411,0,0,931289
48,INTERNATIONAL BUSINESS MACHS,COM,459200101,16262,84480,SH,,DFND,4,84480,0,0
49,INTERNATIONAL BUSINESS MACHS,COM,459200101,115030,597588,SH,,DFND,45,597588,0,0
50,INTERNATIONAL BUSINESS MACHS,COM,459200101,91394,474800,SH,,DFND,4811,474800,0,0
51,INTERNATIONAL BUSINESS MACHS,COM,459200101,44869,233100,SH,,DFND,410,233100,0,0
52,INTERNATIONAL BUSINESS MACHS,COM,459200101,12890115,66965116,SH,,DFND,411,66965116,0,0
53,JOHNSON & JOHNSON,COM,478160104,32131,327100,SH,,DFND,4,327100,0,0
54,KRAFT FOODS GROUP INC,COM,50076Q106,10809,192666,SH,,DFND,4,192666,0,0
55,LEE ENTERPRISES INC,COM,523768109,397,88863,SH,,DFND,45,88863,0,0
56,LIBERTY MEDIA CORP DELAWARE,CL A,531229102,342819,2622340,SH,,DFND,4,2622340,0,0
57,LIBERTY MEDIA CORP DELAWARE,CL A,531229102,350050,2677660,SH,,DFND,4811,2677660,0,0
58,M & T BK CORP,COM,55261F104,66230,546000,SH,,DFND,4811,546000,0,0
59,M & T BK CORP,COM,55261F104,19990,164795,SH,,DFND,410,164795,0,0
60,M & T BK CORP,COM,55261F104,566622,4671245,SH,,DFND,411,4671245,0,0
61,MASTERCARD INC,CL A,57636Q104,302535,4050000,SH,,DFND,4811,4050000,0,0
62,MEDIA GEN INC,CL A,584404107,85351,4646220,SH,,DFND,4,4235978,0,410242
63,MONDELEZ INTL INC,CL A,609207105,19970,578000,SH,,DFND,4,578000,0,0
64,MOODYS CORP,COM,615369105,949772,11973928,SH,,DFND,4811,11973928,0,0
65,MOODYS CORP,COM,615369105,1007035,12695850,SH,,DFND,411,12695850,0,0
66,NATIONAL OILWELL VARCO INC,COM,637071101,328339,4216500,SH,,DFND,4,4216500,0,0
67,NATIONAL OILWELL VARCO INC,COM,637071101,363147,4663500,SH,,DFND,4811,4663500,0,0
68,PHILLIPS 66,COM,718546104,500566,6495800,SH,,DFND,4,6495800,0,0
69,PHILLIPS 66,COM,718546104,173065,2245853,SH,,DFND,4811,2245853,0,0
70,PHILLIPS 66,COM,718546104,77033,999650,SH,,DFND,410,999650,0,0
71,PRECISION CASTPARTS CORP,COM,740189105,299454,1184735,SH,,DFND,4,1184735,0,0
72,PRECISION CASTPARTS CORP,COM,740189105,200338,792601,SH,,DFND,4811,792601,0,0
73,PROCTER & GAMBLE CO,COM,742718109,25421,315400,SH,,DFND,4,315400,0,0
74,PROCTER & GAMBLE CO,COM,742718109,1634568,20280000,SH,,DFND,45,20280000,0,0
75,PROCTER & GAMBLE CO,COM,742718109,125736,1560000,SH,,DFND,46,1560000,0,0
76,PROCTER & GAMBLE CO,COM,742718109,502944,6240000,SH,,DFND,4811,6240000,0,0
77,PROCTER & GAMBLE CO,COM,742718109,502944,6240000,SH,,DFND,410,6240000,0,0
78,PROCTER & GAMBLE CO,COM,742718109,1400641,17377678,SH,,DFND,411,17377678,0,0
79,PROCTER & GAMBLE CO,COM,742718109,62868,780000,SH,,DFND,412,780000,0,0
80,SANOFI,SPONSORED ADR,80105N105,22031,421400,SH,,DFND,4811,421400,0,0
81,SANOFI,SPONSORED ADR,80105N105,26649,509742,SH,,DFND,459,509742,0,0
82,SANOFI,SPONSORED ADR,80105N105,8851,169300,SH,,DFND,410,169300,0,0
83,SANOFI,SPONSORED ADR,80105N105,146668,2805433,SH,,DFND,411,2805433,0,0
84,STARZ,LIBRTY CAP COM A,85571Q102,61963,1919541,SH,,DFND,4811,1919541,0,0
85,SUNCOR ENERGY INC NEW,COM,867224107,454480,13000000,SH,,DFND,4811,13000000,0,0
86,TORCHMARK CORP,COM,891027104,9155,116326,SH,,DFND,2411,116326,0,0
87,TORCHMARK CORP,COM,891027104,53090,674592,SH,,DFND,45,674592,0,0
88,TORCHMARK CORP,COM,891027104,75517,959550,SH,,DFND,410,959550,0,0
89,TORCHMARK CORP,COM,891027104,195597,2485350,SH,,DFND,411,2485350,0,0
90,US BANCORP DEL,COM NEW,902973304,25299,590275,SH,,DFND,4,590275,0,0
91,US BANCORP DEL,COM NEW,902973304,131580,3070000,SH,,DFND,12411,3070000,0,0
92,US BANCORP DEL,COM NEW,902973304,1012057,23613096,SH,,DFND,45,23613096,0,0
93,US BANCORP DEL,COM NEW,902973304,543435,12679300,SH,,DFND,4811,12679300,0,0
94,US BANCORP DEL,COM NEW,902973304,180218,4204800,SH,,DFND,459,4204800,0,0
95,US BANCORP DEL,COM NEW,902973304,130723,3050000,SH,,DFND,410,3050000,0,0
96,US BANCORP DEL,COM NEW,902973304,1331841,31074226,SH,,DFND,411,31074226,0,0
97,US BANCORP DEL,COM NEW,902973304,74791,1745000,SH,,DFND,414,1745000,0,0
98,U S G CORP,COM NEW,903293405,373123,11403509,SH,,DFND,2411,11403509,0,0
99,U S G CORP,COM NEW,903293405,768484,23486665,SH,,DFND,411,23486665,0,0
100,UNITED PARCEL SERVICE INC,CL B,911312106,5784,59400,SH,,DFND,4,59400,0,0
101,VERISIGN INC,COM,92343E102,243781,4522000,SH,,DFND,4,4522000,0,0
102,VERISIGN INC,COM,92343E102,386193,7163654,SH,,DFND,4811,7163654,0,0
103,VERIZON COMMUNICATIONS INC,COM,92343V104,524352,11022743,SH,,DFND,4,11022743,0,0
104,VERISK ANALYTICS INC,CL A,92345Y106,93744,1563434,SH,,DFND,4811,1563434,0,0
105,VIACOM INC NEW,CL B,92553P201,336050,3954000,SH,,DFND,4,3954000,0,0
106,VIACOM INC NEW,CL B,92553P201,310485,3653200,SH,,DFND,4811,3653200,0,0
107,VISA INC,COM CL A,92826C839,335761,1555459,SH,,DFND,4811,1555459,0,0
108,WABCO HLDGS INC,COM,92927K102,256894,2433632,SH,,DFND,4,2433632,0,0
109,WABCO HLDGS INC,COM,92927K102,173403,1642693,SH,,DFND,4811,1642693,0,0
110,WAL MART STORES INC,COM,931142103,22165,290000,SH,,DFND,4,290000,0,0
111,WAL MART STORES INC,COM,931142103,65118,852000,SH,,DFND,12411,852000,0,0
112,WAL MART STORES INC,COM,931142103,2255,29500,SH,,DFND,2411,29500,0,0
113,WAL MART STORES INC,COM,931142103,321006,4200000,SH,,DFND,345,4200000,0,0
114,WAL MART STORES INC,COM,931142103,117231,1533840,SH,,DFND,45,1533840,0,0
115,WAL MART STORES INC,COM,931142103,19566,256000,SH,,DFND,46,256000,0,0
116,WAL MART STORES INC,COM,931142103,72303,946000,SH,,DFND,4811,946000,0,0
117,WAL MART STORES INC,COM,931142103,136733,1789000,SH,,DFND,459,1789000,0,0
118,WAL MART STORES INC,COM,931142103,350661,4588000,SH,,DFND,410,4588000,0,0
119,WAL MART STORES INC,COM,931142103,3249962,42522072,SH,,DFND,411,42522072,0,0
120,WAL MART STORES INC,COM,931142103,40890,535000,SH,,DFND,412,535000,0,0
121,WAL MART STORES INC,COM,931142103,39056,511000,SH,,DFND,414,511000,0,0
122,WELLS FARGO & CO NEW,COM,949746101,333232,6699470,SH,,DFND,4,6699470,0,0
123,WELLS FARGO & CO NEW,COM,949746101,795840,16000000,SH,,DFND,12411,16000000,0,0
124,WELLS FARGO & CO NEW,COM,949746101,263796,5303500,SH,,DFND,2411,5303500,0,0
125,WELLS FARGO & CO NEW,COM,949746101,338872,6812857,SH,,DFND,345,6812857,0,0
126,WELLS FARGO & CO NEW,COM,949746101,3723229,74853819,SH,,DFND,45,74853819,0,0
127,WELLS FARGO & CO NEW,COM,949746101,40787,820000,SH,,DFND,46,820000,0,0
128,WELLS FARGO & CO NEW,COM,949746101,84558,1700000,SH,,DFND,47,1700000,0,0
129,WELLS FARGO & CO NEW,COM,949746101,1794082,36069200,SH,,DFND,4811,36069200,0,0
130,WELLS FARGO & CO NEW,COM,949746101,510681,10267000,SH,,DFND,459,10267000,0,0
131,WELLS FARGO & CO NEW,COM,949746101,2786349,56018270,SH,,DFND,410,56018270,0,0
132,WELLS FARGO & CO NEW,COM,949746101,12062760,242516287,SH,,DFND,411,242516287,0,0
133,WELLS FARGO & CO NEW,COM,949746101,138675,2788000,SH,,DFND,412,2788000,0,0
134,WELLS FARGO & CO NEW,COM,949746101,80067,1609720,SH,,DFND,413,1609720,0,0
135,WELLS FARGO & CO NEW,COM,949746101,99480,2000000,SH,,DFND,414,2000000,0,0
136,LIBERTY GLOBAL PLC,SHS CL A,G5480U104,305634,7346968,SH,,DFND,4811,7346968,0,0
137,LIBERTY GLOBAL PLC,SHS CL C,G5480U120,299095,7346968,SH,,DFND,4811,7346968,0,0
