,NAME OF ISSUER,TITLE OF CLASS,CUSIP,(x$1000),PRN AMT,PRN,CALL,DISCRETION,MANAGER,SOLE,SHARED,NONE
0,ADIENT PLC,ORD SHS,G0084W101,19447,847000,SH,,OTR,2.0,847000,0,0
1,ADIENT PLC,ORD SHS,G0084W101,30895,1345587,SH,,SOLE,,1345587,0,0
2,ADIENT PLC,ORD SHS,G0084W101,7393,322000,SH,,OTR,1.0,322000,0,0
3,AERCAP HOLDINGS NV,SHS,N00985106,7665,140000,SH,,OTR,1.0,140000,0,0
4,AERCAP HOLDINGS NV,SHS,N00985106,69535,1270043,SH,,OTR,2.0,1270043,0,0
5,AERCAP HOLDINGS NV,SHS,N00985106,113498,2073026,SH,,SOLE,,2073026,0,0
6,ALTICE USA INC,CL A,02156K103,34577,1205600,SH,,OTR,2.0,1205600,0,0
7,ALTICE USA INC,CL A,02156K103,56848,1982140,SH,,SOLE,,1982140,0,0
8,BRIGHTHOUSE FINL INC,COM,10922N103,29618,731863,SH,,OTR,1.0,731863,0,0
9,BRIGHTHOUSE FINL INC,COM,10922N103,46313,1144378,SH,,OTR,2.0,1144378,0,0
10,BRIGHTHOUSE FINL INC,COM,10922N103,1550,38300,SH,,OTR,3.0,38300,0,0
11,BRIGHTHOUSE FINL INC,COM,10922N103,67158,1659459,SH,,SOLE,,1659459,0,0
12,CHEMOURS CO,COM,163851108,28823,1929258,SH,,OTR,1.0,1929258,0,0
13,CHEMOURS CO,COM,163851108,26769,1791800,SH,,OTR,2.0,1791800,0,0
14,CHEMOURS CO,COM,163851108,41269,2762283,SH,,SOLE,,2762283,0,0
15,CNX RESOURCES CORPORATION,COM,12653C108,16101,2217806,SH,,OTR,2.0,2217806,0,0
16,CNX RESOURCES CORPORATION,COM,12653C108,127,17500,SH,,OTR,3.0,17500,0,0
17,CNX RESOURCES CORPORATION,COM,12653C108,26477,3646955,SH,,SOLE,,3646955,0,0
18,CONSOL COAL RES LP,COM UNIT,20855T100,9711,719300,SH,,OTR,1.0,719300,0,0
19,CONSOL COAL RES LP,COM UNIT,20855T100,24376,1805600,SH,,OTR,2.0,1805600,0,0
20,CONSOL COAL RES LP,COM UNIT,20855T100,40008,2963538,SH,,SOLE,,2963538,0,0
21,CONSOL ENERGY INC NEW,COM,20854L108,63,4017,SH,,OTR,1.0,4017,0,0
22,CONSOL ENERGY INC NEW,COM,20854L108,4145,265174,SH,,OTR,2.0,265174,0,0
23,CONSOL ENERGY INC NEW,COM,20854L108,6372,407691,SH,,SOLE,,407691,0,0
24,DILLARDS INC,CL A,254067101,7556,114300,SH,,OTR,2.0,114300,0,0
25,DILLARDS INC,CL A,254067101,12090,182870,SH,,SOLE,,182870,0,0
26,ECHOSTAR CORP,CL A,278768106,14545,367100,SH,,SOLE,,367100,0,0
27,ECHOSTAR CORP,CL A,278768106,8915,225000,SH,,OTR,2.0,225000,0,0
28,EXELA TECHNOLOGIES INC,COM,30162V102,1629,1380200,SH,,OTR,1.0,1380200,0,0
29,EXELA TECHNOLOGIES INC,COM,30162V102,2971,2518107,SH,,OTR,2.0,2518107,0,0
30,EXELA TECHNOLOGIES INC,COM,30162V102,4867,4124621,SH,,SOLE,,4124621,0,0
31,GENERAL MTRS CO,COM,37045V100,18215,486000,SH,,OTR,1.0,486000,0,0
32,GENERAL MTRS CO,COM,37045V100,81455,2173302,SH,,OTR,2.0,2173302,0,0
33,GENERAL MTRS CO,COM,37045V100,1619,43200,SH,,OTR,3.0,43200,0,0
34,GENERAL MTRS CO,COM,37045V100,129388,3452200,SH,,SOLE,,3452200,0,0
35,GREEN BRICK PARTNERS INC,COM,392709101,37095,3466793,SH,,OTR,1.0,3466793,0,0
36,GREEN BRICK PARTNERS INC,COM,392709101,83664,7819054,SH,,OTR,2.0,7819054,0,0
37,GREEN BRICK PARTNERS INC,COM,392709101,137311,12832821,SH,,SOLE,,12832821,0,0
38,MEDICINES CO,COM,584688105,13820,276400,SH,,OTR,2.0,276400,0,0
39,MEDICINES CO,COM,584688105,22760,455200,SH,,SOLE,,455200,0,0
40,NEUBASE THERAPEUTICS INC,COM,64132K102,4777,957331,SH,,SOLE,,957331,0,0
41,NEUBASE THERAPEUTICS INC,COM,64132K102,2900,581131,SH,,OTR,2.0,581131,0,0
42,SCIENTIFIC GAMES CORP,COM,80874P109,236,11600,SH,,OTR,1.0,11600,0,0
43,SCIENTIFIC GAMES CORP,COM,80874P109,11661,573000,SH,,OTR,2.0,573000,0,0
44,SCIENTIFIC GAMES CORP,COM,80874P109,18522,910178,SH,,SOLE,,910178,0,0
45,TEEKAY LNG PARTNERS L P,PRTNRSP UNITS,Y8564M105,648,47500,SH,,OTR,1.0,47500,0,0
46,TEEKAY LNG PARTNERS L P,PRTNRSP UNITS,Y8564M105,4167,305300,SH,,OTR,2.0,305300,0,0
47,TEEKAY LNG PARTNERS L P,PRTNRSP UNITS,Y8564M105,6777,496474,SH,,SOLE,,496474,0,0
48,TEMPUR SEALY INTL INC,COM,88023U101,13950,180700,SH,,OTR,2.0,180700,0,0
49,TEMPUR SEALY INTL INC,COM,88023U101,22490,291325,SH,,SOLE,,291325,0,0
50,VOYA FINL INC,COM,929089100,10671,196005,SH,,SOLE,,196005,0,0
51,VOYA FINL INC,COM,929089100,6502,119441,SH,,OTR,2.0,119441,0,0
