,NAME OF ISSUER,TITLE OF CLASS,CUSIP,(x$1000),PRN AMT,PRN,CALL,DISCRETION,MANAGER,SOLE,SHARED,NONE
0,ADIENT PLC,ORD SHS,G0084W101,5673,625500,SH,,OTR,2.0,625500,0,0
1,ADIENT PLC,ORD SHS,G0084W101,8739,963506,SH,,SOLE,,963506,0,0
2,ADIENT PLC,ORD SHS,G0084W101,2407,265400,SH,,OTR,1.0,265400,0,0
3,AERCAP HOLDINGS NV,SHS,N00985106,3653,160300,SH,,OTR,1.0,160300,0,0
4,AERCAP HOLDINGS NV,SHS,N00985106,26934,1181843,SH,,OTR,2.0,1181843,0,0
5,AERCAP HOLDINGS NV,SHS,N00985106,570,25000,SH,,OTR,3.0,25000,0,0
6,AERCAP HOLDINGS NV,SHS,N00985106,43391,1903948,SH,,SOLE,,1903948,0,0
7,ALTICE USA INC,CL A,02156K103,12968,581800,SH,,OTR,2.0,581800,0,0
8,ALTICE USA INC,CL A,02156K103,1460,65500,SH,,OTR,3.0,65500,0,0
9,ALTICE USA INC,CL A,02156K103,1558,69900,SH,,OTR,1.0,69900,0,0
10,ALTICE USA INC,CL A,02156K103,20243,908180,SH,,SOLE,,908180,0,0
11,ALTRIA GROUP INC,COM,02209S103,1771,45800,SH,,OTR,1.0,45800,0,0
12,ALTRIA GROUP INC,COM,02209S103,3836,99200,SH,,OTR,2.0,99200,0,0
13,ALTRIA GROUP INC,COM,02209S103,6203,160400,SH,,SOLE,,160400,0,0
14,AMERICAN EXPRESS CO,COM,025816109,5727,66900,SH,,SOLE,,66900,0,0
15,AMERICAN EXPRESS CO,COM,025816109,1618,18900,SH,,OTR,1.0,18900,0,0
16,AMERICAN EXPRESS CO,COM,025816109,3544,41400,SH,,OTR,2.0,41400,0,0
17,BERKSHIRE HATHAWAY INC DEL,CL B NEW,084670702,5521,30200,SH,,SOLE,,30200,0,0
18,BERKSHIRE HATHAWAY INC DEL,CL B NEW,084670702,1572,8600,SH,,OTR,1.0,8600,0,0
19,BERKSHIRE HATHAWAY INC DEL,CL B NEW,084670702,3419,18700,SH,,OTR,2.0,18700,0,0
20,BRIGHTHOUSE FINL INC,COM,10922N103,16016,662637,SH,,OTR,1.0,662637,0,0
21,BRIGHTHOUSE FINL INC,COM,10922N103,30202,1249578,SH,,OTR,2.0,1249578,0,0
22,BRIGHTHOUSE FINL INC,COM,10922N103,3809,157600,SH,,OTR,3.0,157600,0,0
23,BRIGHTHOUSE FINL INC,COM,10922N103,37959,1570517,SH,,SOLE,,1570517,0,0
24,CENTENE CORP DEL,COM,15135B101,3951,66500,SH,,OTR,2.0,66500,0,0
25,CENTENE CORP DEL,COM,15135B101,6387,107500,SH,,SOLE,,107500,0,0
26,CENTENE CORP DEL,COM,15135B101,1824,30700,SH,,OTR,1.0,30700,0,0
27,CHANGE HEALTHCARE INC,COM,15912K100,2942,294500,SH,,OTR,3.0,294500,0,0
28,CHANGE HEALTHCARE INC,COM,15912K100,30873,3090405,SH,,SOLE,,3090405,0,0
29,CHANGE HEALTHCARE INC,COM,15912K100,19072,1909100,SH,,OTR,2.0,1909100,0,0
30,CHEMOURS CO,COM,163851108,10027,1130401,SH,,OTR,1.0,1130401,0,0
31,CHEMOURS CO,COM,163851108,12908,1455200,SH,,OTR,2.0,1455200,0,0
32,CHEMOURS CO,COM,163851108,450,50700,SH,,OTR,3.0,50700,0,0
33,CHEMOURS CO,COM,163851108,19933,2247248,SH,,SOLE,,2247248,0,0
34,CNX RESOURCES CORPORATION,COM,12653C108,15351,2885606,SH,,OTR,2.0,2885606,0,0
35,CNX RESOURCES CORPORATION,COM,12653C108,93,17500,SH,,OTR,3.0,17500,0,0
36,CNX RESOURCES CORPORATION,COM,12653C108,23682,4451462,SH,,SOLE,,4451462,0,0
37,CNX RESOURCES CORPORATION,COM,12653C108,183,34355,SH,,OTR,1.0,34355,0,0
38,CONSOL COAL RES LP,COM UNIT,20855T100,4100,719300,SH,,OTR,1.0,719300,0,0
39,CONSOL COAL RES LP,COM UNIT,20855T100,10292,1805600,SH,,OTR,2.0,1805600,0,0
40,CONSOL COAL RES LP,COM UNIT,20855T100,16892,2963538,SH,,SOLE,,2963538,0,0
41,CROWN HLDGS INC,COM,228368106,4022,69300,SH,,OTR,2.0,69300,0,0
42,CROWN HLDGS INC,COM,228368106,6512,112200,SH,,SOLE,,112200,0,0
43,CROWN HLDGS INC,COM,228368106,1857,32000,SH,,OTR,1.0,32000,0,0
44,DANAHER CORPORATION,COM,235851102,3460,25000,SH,,OTR,2.0,25000,0,0
45,DANAHER CORPORATION,COM,235851102,5578,40300,SH,,SOLE,,40300,0,0
46,DANAHER CORPORATION,COM,235851102,1592,11500,SH,,OTR,1.0,11500,0,0
47,DISNEY WALT CO,COM DISNEY,254687106,1575,16300,SH,,OTR,1.0,16300,0,0
48,DISNEY WALT CO,COM DISNEY,254687106,3410,35300,SH,,OTR,2.0,35300,0,0
49,DISNEY WALT CO,COM DISNEY,254687106,5516,57100,SH,,SOLE,,57100,0,0
50,EXELA TECHNOLOGIES INC,COM,30162V102,484,2359607,SH,,OTR,2.0,2359607,0,0
51,EXELA TECHNOLOGIES INC,COM,30162V102,792,3865516,SH,,SOLE,,3865516,0,0
52,EXELA TECHNOLOGIES INC,COM,30162V102,265,1293600,SH,,OTR,1.0,1293600,0,0
53,GOLDMAN SACHS GROUP INC,COM,38141G104,3463,22400,SH,,OTR,2.0,22400,0,0
54,GOLDMAN SACHS GROUP INC,COM,38141G104,5612,36300,SH,,SOLE,,36300,0,0
55,GOLDMAN SACHS GROUP INC,COM,38141G104,1608,10400,SH,,OTR,1.0,10400,0,0
56,GREEN BRICK PARTNERS INC,COM,392709101,27908,3466793,SH,,OTR,1.0,3466793,0,0
57,GREEN BRICK PARTNERS INC,COM,392709101,62943,7819054,SH,,OTR,2.0,7819054,0,0
58,GREEN BRICK PARTNERS INC,COM,392709101,103304,12832821,SH,,SOLE,,12832821,0,0
59,GULFPORT ENERGY CORP,COM NEW,402635304,189,424400,SH,,SOLE,,424400,0,0
60,GULFPORT ENERGY CORP,COM NEW,402635304,123,275600,SH,,OTR,2.0,275600,0,0
61,NEUBASE THERAPEUTICS INC,COM,64132K102,4138,581131,SH,,OTR,2.0,581131,0,0
62,NEUBASE THERAPEUTICS INC,COM,64132K102,6816,957331,SH,,SOLE,,957331,0,0
63,PAYCHEX INC,COM,704326107,1743,27700,SH,,OTR,1.0,27700,0,0
64,PAYCHEX INC,COM,704326107,3781,60100,SH,,OTR,2.0,60100,0,0
65,PAYCHEX INC,COM,704326107,6116,97200,SH,,SOLE,,97200,0,0
66,TEEKAY LNG PARTNERS L P,PRTNRSP UNITS,Y8564M105,318,32500,SH,,OTR,1.0,32500,0,0
67,TEEKAY LNG PARTNERS L P,PRTNRSP UNITS,Y8564M105,2042,208600,SH,,OTR,2.0,208600,0,0
68,TEEKAY LNG PARTNERS L P,PRTNRSP UNITS,Y8564M105,3320,339101,SH,,SOLE,,339101,0,0
69,TESLA INC,COM,88160R101,5712,10900,SH,Put,OTR,3.0,10900,0,0
