,NAME OF ISSUER,TITLE OF CLASS,CUSIP,(x$1000),PRN AMT,PRN,CALL,DISCRETION,MANAGER,SOLE,SHARED,NONE
0,AECOM TECHNOLOGY CORP DELAWA,COM,00766T100,120042,3952635,SH,,SOLE,,3952635,0,0
1,AECOM TECHNOLOGY CORP DELAWA,COM,00766T100,29268,963725,SH,,OTR,1.0,963725,0,0
2,AECOM TECHNOLOGY CORP DELAWA,COM,00766T100,52748,1736844,SH,,OTR,2.0,1736844,0,0
3,AERCAP HOLDINGS NV,SHS,N00985106,85650,2206339,SH,,SOLE,,2206339,0,0
4,AERCAP HOLDINGS NV,SHS,N00985106,19488,502000,SH,,OTR,1.0,502000,0,0
5,AERCAP HOLDINGS NV,SHS,N00985106,37609,968800,SH,,OTR,2.0,968800,0,0
6,AERCAP HOLDINGS NV,SHS,N00985106,2543,65500,SH,,OTR,3.0,65500,0,0
7,AETNA INC NEW,COM,00817Y108,72691,818311,SH,,SOLE,,818311,0,0
8,AETNA INC NEW,COM,00817Y108,15290,172130,SH,,OTR,1.0,172130,0,0
9,AETNA INC NEW,COM,00817Y108,31900,359110,SH,,OTR,2.0,359110,0,0
10,AMDOCS LTD,SHS,G02602103,36422,780745,SH,,SOLE,,780745,0,0
11,AMDOCS LTD,SHS,G02602103,8322,178400,SH,,OTR,1.0,178400,0,0
12,AMDOCS LTD,SHS,G02602103,16006,343100,SH,,OTR,2.0,343100,0,0
13,APPLE INC,COM,037833100,620210,5618859,SH,,SOLE,,5618859,0,0
14,APPLE INC,COM,037833100,65714,595343,SH,,OTR,1.0,595343,0,0
15,APPLE INC,COM,037833100,256324,2322200,SH,,OTR,2.0,2322200,0,0
16,APPLE INC,COM,037833100,7632,69140,SH,,OTR,3.0,69140,0,0
17,CALIFORNIA RES CORP,COM,13057Q107,6577,1193622,SH,,SOLE,,1193622,0,0
18,CALIFORNIA RES CORP,COM,13057Q107,1385,251300,SH,,OTR,1.0,251300,0,0
19,CALIFORNIA RES CORP,COM,13057Q107,2886,523800,SH,,OTR,2.0,523800,0,0
20,CHICAGO BRIDGE & IRON CO N V,COM,167250109,74855,1783100,SH,,SOLE,,1783100,0,0
21,CHICAGO BRIDGE & IRON CO N V,COM,167250109,16817,400600,SH,,OTR,1.0,400600,0,0
22,CHICAGO BRIDGE & IRON CO N V,COM,167250109,31749,756300,SH,,OTR,2.0,756300,0,0
23,CITIZENS FINL GROUP INC,COM,174610105,150085,6037200,SH,,SOLE,,6037200,0,0
24,CITIZENS FINL GROUP INC,COM,174610105,35050,1409900,SH,,OTR,1.0,1409900,0,0
25,CITIZENS FINL GROUP INC,COM,174610105,65951,2652900,SH,,OTR,2.0,2652900,0,0
26,CIVEO CORP,COM,178787107,27450,6678807,SH,,SOLE,,6678807,0,0
27,CIVEO CORP,COM,178787107,6233,1516522,SH,,OTR,1.0,1516522,0,0
28,CIVEO CORP,COM,178787107,10125,2463600,SH,,OTR,2.0,2463600,0,0
29,CONNS INC,COM,208242107,38903,2081500,SH,,SOLE,,2081500,0,0
30,CONNS INC,COM,208242107,9416,503800,SH,,OTR,1.0,503800,0,0
31,CONNS INC,COM,208242107,17096,914700,SH,,OTR,2.0,914700,0,0
32,CONNS INC,COM,208242107,1177,63000,SH,,OTR,3.0,63000,0,0
33,CONSOL ENERGY INC,COM,20854P109,276127,8167028,SH,,SOLE,,8167028,0,0
34,CONSOL ENERGY INC,COM,20854P109,60500,1789400,SH,,OTR,1.0,1789400,0,0
35,CONSOL ENERGY INC,COM,20854P109,107090,3167400,SH,,OTR,2.0,3167400,0,0
36,CONSOL ENERGY INC,COM,20854P109,4470,132200,SH,,OTR,3.0,132200,0,0
37,COVIDIEN PLC,SHS,G2554F113,60493,591441,SH,,SOLE,,591441,0,0
38,COVIDIEN PLC,SHS,G2554F113,26583,259900,SH,,OTR,2.0,259900,0,0
39,E M C CORP MASS,COM,268648102,142794,4801400,SH,,SOLE,,4801400,0,0
40,E M C CORP MASS,COM,268648102,33279,1119000,SH,,OTR,1.0,1119000,0,0
41,E M C CORP MASS,COM,268648102,62745,2109800,SH,,OTR,2.0,2109800,0,0
42,FCB FINL HLDGS INC,CL A,30255G103,21023,853215,SH,,SOLE,,853215,0,0
43,FCB FINL HLDGS INC,CL A,30255G103,4765,193375,SH,,OTR,1.0,193375,0,0
44,FCB FINL HLDGS INC,CL A,30255G103,7402,300403,SH,,OTR,2.0,300403,0,0
45,FIFTH STR ASSET MGMT INC,CL A COM,31679P109,5399,387000,SH,,SOLE,,387000,0,0
46,FIFTH STR ASSET MGMT INC,CL A COM,31679P109,1201,86100,SH,,OTR,1.0,86100,0,0
47,FIFTH STR ASSET MGMT INC,CL A COM,31679P109,1756,125900,SH,,OTR,2.0,125900,0,0
48,GREEN BRICK PARTNERS INC,COM,392709101,91426,11149501,SH,,SOLE,,11149501,0,0
49,GREEN BRICK PARTNERS INC,COM,392709101,18436,2248337,SH,,OTR,1.0,2248337,0,0
50,GREEN BRICK PARTNERS INC,COM,392709101,18401,2243967,SH,,OTR,2.0,2243967,0,0
51,GREEN DOT CORP,CL A,39304D102,15529,757900,SH,,SOLE,,757900,0,0
52,GREEN DOT CORP,CL A,39304D102,3268,159500,SH,,OTR,1.0,159500,0,0
53,GREEN DOT CORP,CL A,39304D102,6815,332600,SH,,OTR,2.0,332600,0,0
54,HALYARD HEALTH INC,COM,40650V100,64226,1412481,SH,,SOLE,,1412481,0,0
55,HALYARD HEALTH INC,COM,40650V100,14550,320000,SH,,OTR,1.0,320000,0,0
56,HALYARD HEALTH INC,COM,40650V100,28223,620700,SH,,OTR,2.0,620700,0,0
57,IAC INTERACTIVECORP,COM PAR $.001,44919P508,108088,1778053,SH,,SOLE,,1778053,0,0
58,IAC INTERACTIVECORP,COM PAR $.001,44919P508,26479,435581,SH,,OTR,1.0,435581,0,0
59,IAC INTERACTIVECORP,COM PAR $.001,44919P508,47495,781296,SH,,OTR,2.0,781296,0,0
60,KAPSTONE PAPER & PACKAGING C,COM,48562P103,15874,541600,SH,,SOLE,,541600,0,0
61,KAPSTONE PAPER & PACKAGING C,COM,48562P103,3403,116100,SH,,OTR,1.0,116100,0,0
62,KAPSTONE PAPER & PACKAGING C,COM,48562P103,6369,217300,SH,,OTR,2.0,217300,0,0
63,KENNAMETAL INC,COM,489170100,47160,1317700,SH,,SOLE,,1317700,0,0
64,KENNAMETAL INC,COM,489170100,11396,318400,SH,,OTR,1.0,318400,0,0
65,KENNAMETAL INC,COM,489170100,20719,578900,SH,,OTR,2.0,578900,0,0
66,KEYSIGHT TECHNOLOGIES INC,COM,49338L103,90427,2677746,SH,,SOLE,,2677746,0,0
67,KEYSIGHT TECHNOLOGIES INC,COM,49338L103,20617,610500,SH,,OTR,1.0,610500,0,0
68,KEYSIGHT TECHNOLOGIES INC,COM,49338L103,39734,1176600,SH,,OTR,2.0,1176600,0,0
69,LAM RESEARCH CORP,COM,512807108,118502,1493600,SH,,SOLE,,1493600,0,0
70,LAM RESEARCH CORP,COM,512807108,26190,330100,SH,,OTR,1.0,330100,0,0
71,LAM RESEARCH CORP,COM,512807108,52071,656300,SH,,OTR,2.0,656300,0,0
72,LIBERTY GLOBAL PLC,SHS CL A,G5480U104,37279,742467,SH,,SOLE,,742467,0,0
73,LIBERTY GLOBAL PLC,SHS CL A,G5480U104,5006,99709,SH,,OTR,1.0,99709,0,0
74,LIBERTY GLOBAL PLC,SHS CL A,G5480U104,16381,326242,SH,,OTR,2.0,326242,0,0
75,LIBERTY GLOBAL PLC,SHS CL C,G5480U120,89436,1851303,SH,,SOLE,,1851303,0,0
76,LIBERTY GLOBAL PLC,SHS CL C,G5480U120,21466,444347,SH,,OTR,1.0,444347,0,0
77,LIBERTY GLOBAL PLC,SHS CL C,G5480U120,39297,813430,SH,,OTR,2.0,813430,0,0
78,LIFE TIME FITNESS INC,COM,53217R207,61828,1091985,SH,,SOLE,,1091985,0,0
79,LIFE TIME FITNESS INC,COM,53217R207,14942,263900,SH,,OTR,1.0,263900,0,0
80,LIFE TIME FITNESS INC,COM,53217R207,27166,479800,SH,,OTR,2.0,479800,0,0
81,MARKET VECTORS ETF TR,GOLD MINER ETF,57060U100,95044,5171080,SH,,SOLE,,5171080,0,0
82,MARKET VECTORS ETF TR,GOLD MINER ETF,57060U100,19748,1074450,SH,,OTR,1.0,1074450,0,0
83,MARKET VECTORS ETF TR,GOLD MINER ETF,57060U100,41764,2272266,SH,,OTR,2.0,2272266,0,0
84,MARVELL TECHNOLOGY GROUP LTD,ORD,G5876H105,213008,14690195,SH,,SOLE,,14690195,0,0
85,MARVELL TECHNOLOGY GROUP LTD,ORD,G5876H105,59618,4111600,SH,,OTR,1.0,4111600,0,0
86,MARVELL TECHNOLOGY GROUP LTD,ORD,G5876H105,83745,5775486,SH,,OTR,2.0,5775486,0,0
87,MARVELL TECHNOLOGY GROUP LTD,ORD,G5876H105,2256,155600,SH,,OTR,3.0,155600,0,0
88,MICRON TECHNOLOGY INC,COM,595112103,653174,18656770,SH,,SOLE,,18656770,0,0
89,MICRON TECHNOLOGY INC,COM,595112103,151131,4316800,SH,,OTR,1.0,4316800,0,0
90,MICRON TECHNOLOGY INC,COM,595112103,287012,8198000,SH,,OTR,2.0,8198000,0,0
91,MICRON TECHNOLOGY INC,COM,595112103,2955,84400,SH,,OTR,3.0,84400,0,0
92,NOKIA CORP,SPONSORED ADR,654902204,32395,4121500,SH,,SOLE,,4121500,0,0
93,NOKIA CORP,SPONSORED ADR,654902204,8967,1140900,SH,,OTR,1.0,1140900,0,0
94,NOKIA CORP,SPONSORED ADR,654902204,20195,2569400,SH,,OTR,2.0,2569400,0,0
95,NORTHSTAR ASSET MGMT GROUP I,COM,66705Y104,60829,2695124,SH,,SOLE,,2695124,0,0
96,NORTHSTAR ASSET MGMT GROUP I,COM,66705Y104,14901,660200,SH,,OTR,1.0,660200,0,0
97,NORTHSTAR ASSET MGMT GROUP I,COM,66705Y104,26729,1184250,SH,,OTR,2.0,1184250,0,0
98,OIL STS INTL INC,COM,678026105,8838,180728,SH,,SOLE,,180728,0,0
99,OIL STS INTL INC,COM,678026105,1076,22000,SH,,OTR,1.0,22000,0,0
100,OIL STS INTL INC,COM,678026105,3046,62300,SH,,OTR,2.0,62300,0,0
101,ON SEMICONDUCTOR CORP,COM,682189105,106962,10558900,SH,,SOLE,,10558900,0,0
102,ON SEMICONDUCTOR CORP,COM,682189105,25846,2551400,SH,,OTR,1.0,2551400,0,0
103,ON SEMICONDUCTOR CORP,COM,682189105,47000,4639700,SH,,OTR,2.0,4639700,0,0
104,SPIRIT AEROSYSTEMS HLDGS INC,COM CL A,848574109,59667,1386326,SH,,SOLE,,1386326,0,0
105,SPIRIT AEROSYSTEMS HLDGS INC,COM CL A,848574109,8978,208600,SH,,OTR,1.0,208600,0,0
106,SPIRIT AEROSYSTEMS HLDGS INC,COM CL A,848574109,26220,609200,SH,,OTR,2.0,609200,0,0
107,SUNEDISON INC,COM,86732Y109,289563,14841788,SH,,SOLE,,14841788,0,0
108,SUNEDISON INC,COM,86732Y109,63353,3247200,SH,,OTR,1.0,3247200,0,0
109,SUNEDISON INC,COM,86732Y109,131456,6737900,SH,,OTR,2.0,6737900,0,0
110,SUNEDISON INC,COM,86732Y109,2478,127000,SH,,OTR,3.0,127000,0,0
111,TAKE-TWO INTERACTIVE SOFTWAR,COM,874054109,80113,2858100,SH,,SOLE,,2858100,0,0
112,TAKE-TWO INTERACTIVE SOFTWAR,COM,874054109,16552,590500,SH,,OTR,1.0,590500,0,0
113,TAKE-TWO INTERACTIVE SOFTWAR,COM,874054109,35206,1256000,SH,,OTR,2.0,1256000,0,0
114,TIME INC NEW,COM,887228104,57632,2341800,SH,,SOLE,,2341800,0,0
115,TIME INC NEW,COM,887228104,13425,545500,SH,,OTR,1.0,545500,0,0
116,TIME INC NEW,COM,887228104,25319,1028791,SH,,OTR,2.0,1028791,0,0
117,TIME WARNER INC,COM NEW,887317303,195125,2284300,SH,,SOLE,,2284300,0,0
118,TIME WARNER INC,COM NEW,887317303,43368,507700,SH,,OTR,1.0,507700,0,0
119,TIME WARNER INC,COM NEW,887317303,85736,1003700,SH,,OTR,2.0,1003700,0,0
120,TRI POINTE HOMES INC,COM,87265H109,40056,2626647,SH,,SOLE,,2626647,0,0
121,TRI POINTE HOMES INC,COM,87265H109,9575,627900,SH,,OTR,1.0,627900,0,0
122,TRI POINTE HOMES INC,COM,87265H109,17600,1154100,SH,,OTR,2.0,1154100,0,0
123,VODAFONE GROUP PLC NEW,SPNSR ADR NO PAR,92857W308,13186,385880,SH,,SOLE,,385880,0,0
124,VODAFONE GROUP PLC NEW,SPNSR ADR NO PAR,92857W308,195,5699,SH,,OTR,1.0,5699,0,0
125,VODAFONE GROUP PLC NEW,SPNSR ADR NO PAR,92857W308,8464,247715,SH,,OTR,2.0,247715,0,0
126,VOYA FINL INC,COM,929089100,140844,3323368,SH,,SOLE,,3323368,0,0
127,VOYA FINL INC,COM,929089100,32111,757700,SH,,OTR,1.0,757700,0,0
128,VOYA FINL INC,COM,929089100,61888,1460300,SH,,OTR,2.0,1460300,0,0
129,YAHOO INC,COM,984332106,61339,1214400,SH,,SOLE,,1214400,0,0
130,YAHOO INC,COM,984332106,13986,276900,SH,,OTR,1.0,276900,0,0
131,YAHOO INC,COM,984332106,26957,533700,SH,,OTR,2.0,533700,0,0
