,NAME OF ISSUER,TITLE OF CLASS,CUSIP,(x$1000),PRN AMT,PRN,CALL,DISCRETION,MANAGER,SOLE,SHARED,NONE
0,ADIENT PLC,ORD SHS,G0084W101,32657,1345587,SH,,SOLE,,1345587,0,0
1,ADIENT PLC,ORD SHS,G0084W101,20557,847000,SH,,OTR,2.0,847000,0,0
2,AERCAP HOLDINGS NV,SHS,N00985106,7281,140000,SH,,OTR,1.0,140000,0,0
3,AERCAP HOLDINGS NV,SHS,N00985106,66055,1270043,SH,,OTR,2.0,1270043,0,0
4,AERCAP HOLDINGS NV,SHS,N00985106,107818,2073026,SH,,SOLE,,2073026,0,0
5,ALTICE USA INC,CL A,02156K103,29356,1205600,SH,,OTR,2.0,1205600,0,0
6,ALTICE USA INC,CL A,02156K103,48265,1982140,SH,,SOLE,,1982140,0,0
7,BRIGHTHOUSE FINL INC,COM,10922N103,26852,731863,SH,,OTR,1.0,731863,0,0
8,BRIGHTHOUSE FINL INC,COM,10922N103,33329,908400,SH,,OTR,2.0,908400,0,0
9,BRIGHTHOUSE FINL INC,COM,10922N103,1405,38300,SH,,OTR,3.0,38300,0,0
10,BRIGHTHOUSE FINL INC,COM,10922N103,59223,1614156,SH,,SOLE,,1614156,0,0
11,CARS COM INC,COM,14575E105,1560,79100,SH,,OTR,2.0,79100,0,0
12,CARS COM INC,COM,14575E105,2560,129800,SH,,SOLE,,129800,0,0
13,CHEMOURS CO,COM,163851108,7200,300000,SH,,OTR,1.0,300000,0,0
14,CHEMOURS CO,COM,163851108,31327,1305300,SH,,OTR,2.0,1305300,0,0
15,CHEMOURS CO,COM,163851108,50797,2116523,SH,,SOLE,,2116523,0,0
16,CNX RESOURCES CORPORATION,COM,12653C108,16212,2217806,SH,,OTR,2.0,2217806,0,0
17,CNX RESOURCES CORPORATION,COM,12653C108,128,17500,SH,,OTR,3.0,17500,0,0
18,CNX RESOURCES CORPORATION,COM,12653C108,26659,3646955,SH,,SOLE,,3646955,0,0
19,CONSOL COAL RES LP,COM UNIT,20855T100,11991,719300,SH,,OTR,1.0,719300,0,0
20,CONSOL COAL RES LP,COM UNIT,20855T100,30099,1805600,SH,,OTR,2.0,1805600,0,0
21,CONSOL COAL RES LP,COM UNIT,20855T100,49402,2963538,SH,,SOLE,,2963538,0,0
22,CONSOL ENERGY INC NEW,COM,20854L108,107,4017,SH,,OTR,1.0,4017,0,0
23,CONSOL ENERGY INC NEW,COM,20854L108,7056,265174,SH,,OTR,2.0,265174,0,0
24,CONSOL ENERGY INC NEW,COM,20854L108,10849,407691,SH,,SOLE,,407691,0,0
25,DILLARDS INC,CL A,254067101,9435,151500,SH,,OTR,2.0,151500,0,0
26,DILLARDS INC,CL A,254067101,15477,248500,SH,,SOLE,,248500,0,0
27,ECHOSTAR CORP,CL A,278768106,16270,367100,SH,,SOLE,,367100,0,0
28,ECHOSTAR CORP,CL A,278768106,9972,225000,SH,,OTR,2.0,225000,0,0
29,ENSCO ROWAN PLC,SHS CLASS A,G3166L100,4400,515800,SH,,OTR,2.0,515800,0,0
30,ENSCO ROWAN PLC,SHS CLASS A,G3166L100,7220,846400,SH,,SOLE,,846400,0,0
31,EXELA TECHNOLOGIES INC,COM,30162V102,3023,1380200,SH,,OTR,1.0,1380200,0,0
32,EXELA TECHNOLOGIES INC,COM,30162V102,5515,2518107,SH,,OTR,2.0,2518107,0,0
33,EXELA TECHNOLOGIES INC,COM,30162V102,9033,4124621,SH,,SOLE,,4124621,0,0
34,GENERAL MTRS CO,COM,37045V100,7398,192000,SH,,OTR,1.0,192000,0,0
35,GENERAL MTRS CO,COM,37045V100,83737,2173302,SH,,OTR,2.0,2173302,0,0
36,GENERAL MTRS CO,COM,37045V100,1664,43200,SH,,OTR,3.0,43200,0,0
37,GENERAL MTRS CO,COM,37045V100,133013,3452200,SH,,SOLE,,3452200,0,0
38,GREEN BRICK PARTNERS INC,COM,392709101,28809,3466793,SH,,OTR,1.0,3466793,0,0
39,GREEN BRICK PARTNERS INC,COM,392709101,64976,7819054,SH,,OTR,2.0,7819054,0,0
40,GREEN BRICK PARTNERS INC,COM,392709101,106641,12832821,SH,,SOLE,,12832821,0,0
41,HILTON GRAND VACATIONS INC,COM,43283X105,10447,328300,SH,,OTR,2.0,328300,0,0
42,HILTON GRAND VACATIONS INC,COM,43283X105,17176,539800,SH,,SOLE,,539800,0,0
43,KAR AUCTION SVCS INC,COM,48238T109,13576,543043,SH,,SOLE,,543043,0,0
44,KAR AUCTION SVCS INC,COM,48238T109,8549,341957,SH,,OTR,2.0,341957,0,0
45,MEDICINES CO,COM,584688105,10080,276400,SH,,OTR,2.0,276400,0,0
46,MEDICINES CO,COM,584688105,16601,455200,SH,,SOLE,,455200,0,0
47,SCIENTIFIC GAMES CORP,COM,80874P109,230,11600,SH,,OTR,1.0,11600,0,0
48,SCIENTIFIC GAMES CORP,COM,80874P109,11357,573000,SH,,OTR,2.0,573000,0,0
49,SCIENTIFIC GAMES CORP,COM,80874P109,18040,910178,SH,,SOLE,,910178,0,0
50,TEEKAY LNG PARTNERS L P,PRTNRSP UNITS,Y8564M105,670,47500,SH,,OTR,1.0,47500,0,0
51,TEEKAY LNG PARTNERS L P,PRTNRSP UNITS,Y8564M105,4305,305300,SH,,OTR,2.0,305300,0,0
52,TEEKAY LNG PARTNERS L P,PRTNRSP UNITS,Y8564M105,7000,496474,SH,,SOLE,,496474,0,0
53,TEMPUR SEALY INTL INC,COM,88023U101,13258,180700,SH,,OTR,2.0,180700,0,0
54,TEMPUR SEALY INTL INC,COM,88023U101,21375,291325,SH,,SOLE,,291325,0,0
55,VOYA FINL INC,COM,929089100,10839,196005,SH,,SOLE,,196005,0,0
56,VOYA FINL INC,COM,929089100,6605,119441,SH,,OTR,2.0,119441,0,0
