,NAME OF ISSUER,TITLE OF CLASS,CUSIP,(x$1000),PRN AMT,PRN,CALL,DISCRETION,MANAGER,SOLE,SHARED,NONE
0,AECOM,COM,00766T100,57810,1925067,SH,,SOLE,,1925067,0,0
1,AECOM,COM,00766T100,12745,424425,SH,,OTR,1.0,424425,0,0
2,AECOM,COM,00766T100,26583,885214,SH,,OTR,2.0,885214,0,0
3,AERCAP HOLDINGS NV,SHS,N00985106,185561,4299374,SH,,SOLE,,4299374,0,0
4,AERCAP HOLDINGS NV,SHS,N00985106,40963,949100,SH,,OTR,1.0,949100,0,0
5,AERCAP HOLDINGS NV,SHS,N00985106,86062,1994026,SH,,OTR,2.0,1994026,0,0
6,AERCAP HOLDINGS NV,SHS,N00985106,5394,124980,SH,,OTR,3.0,124980,0,0
7,ALLERGAN PLC,SHS,G0177J108,76250,244000,SH,,SOLE,,244000,0,0
8,ALLERGAN PLC,SHS,G0177J108,16813,53800,SH,,OTR,1.0,53800,0,0
9,ALLERGAN PLC,SHS,G0177J108,35063,112200,SH,,OTR,2.0,112200,0,0
10,AMERICAN CAPITAL AGENCY CORP,COM,02503X105,15994,922400,SH,,SOLE,,922400,0,0
11,AMERICAN CAPITAL AGENCY CORP,COM,02503X105,3530,203600,SH,,OTR,1.0,203600,0,0
12,AMERICAN CAPITAL AGENCY CORP,COM,02503X105,7352,424000,SH,,OTR,2.0,424000,0,0
13,APPLE INC,COM,037833100,400672,3806498,SH,,SOLE,,3806498,0,0
14,APPLE INC,COM,037833100,81363,772976,SH,,OTR,1.0,772976,0,0
15,APPLE INC,COM,037833100,174972,1662280,SH,,OTR,2.0,1662280,0,0
16,APPLE INC,COM,037833100,4528,43020,SH,,OTR,3.0,43020,0,0
17,AVANGRID INC,COM,05351W103,120307,3133000,SH,,SOLE,,3133000,0,0
18,AVANGRID INC,COM,05351W103,26166,681400,SH,,OTR,1.0,681400,0,0
19,AVANGRID INC,COM,05351W103,55127,1435600,SH,,OTR,2.0,1435600,0,0
20,BAXTER INTL INC,COM,071813109,11407,299000,SH,,SOLE,,299000,0,0
21,BAXTER INTL INC,COM,071813109,2529,66300,SH,,OTR,1.0,66300,0,0
22,BAXTER INTL INC,COM,071813109,5272,138200,SH,,OTR,2.0,138200,0,0
23,CHEMOURS CO,COM,163851108,10899,2033400,SH,,SOLE,,2033400,0,0
24,CHEMOURS CO,COM,163851108,2379,443900,SH,,OTR,1.0,443900,0,0
25,CHEMOURS CO,COM,163851108,4946,922700,SH,,OTR,2.0,922700,0,0
26,CHICAGO BRIDGE & IRON CO N V,COM,167250109,79259,2032802,SH,,SOLE,,2032802,0,0
27,CHICAGO BRIDGE & IRON CO N V,COM,167250109,17444,447400,SH,,OTR,1.0,447400,0,0
28,CHICAGO BRIDGE & IRON CO N V,COM,167250109,36749,942528,SH,,OTR,2.0,942528,0,0
29,CHICAGO BRIDGE & IRON CO N V,COM,167250109,1076,27600,SH,,OTR,3.0,27600,0,0
30,CIGNA CORPORATION,COM,125509109,32661,223200,SH,,SOLE,,223200,0,0
31,CIGNA CORPORATION,COM,125509109,7214,49300,SH,,OTR,1.0,49300,0,0
32,CIGNA CORPORATION,COM,125509109,14999,102500,SH,,OTR,2.0,102500,0,0
33,CNX COAL RES LP,COM UNIT RP LP,12592V100,30115,3248638,SH,,SOLE,,3248638,0,0
34,CNX COAL RES LP,COM UNIT RP LP,12592V100,6668,719300,SH,,OTR,1.0,719300,0,0
35,CNX COAL RES LP,COM UNIT RP LP,12592V100,14095,1520500,SH,,OTR,2.0,1520500,0,0
36,CONSOL ENERGY INC,COM,20854P109,137853,17449716,SH,,SOLE,,17449716,0,0
37,CONSOL ENERGY INC,COM,20854P109,30523,3863700,SH,,OTR,1.0,3863700,0,0
38,CONSOL ENERGY INC,COM,20854P109,64520,8167149,SH,,OTR,2.0,8167149,0,0
39,CONSOL ENERGY INC,COM,20854P109,1019,129000,SH,,OTR,3.0,129000,0,0
40,DILLARDS INC,CL A,254067101,66576,1013172,SH,,SOLE,,1013172,0,0
41,DILLARDS INC,CL A,254067101,14647,222900,SH,,OTR,1.0,222900,0,0
42,DILLARDS INC,CL A,254067101,30930,470700,SH,,OTR,2.0,470700,0,0
43,DILLARDS INC,CL A,254067101,2419,36810,SH,,OTR,3.0,36810,0,0
44,DSW INC,CL A,23334L102,49595,2078600,SH,,SOLE,,2078600,0,0
45,DSW INC,CL A,23334L102,10992,460700,SH,,OTR,1.0,460700,0,0
46,DSW INC,CL A,23334L102,22922,960700,SH,,OTR,2.0,960700,0,0
47,E M C CORP MASS,COM,268648102,30184,1175400,SH,,SOLE,,1175400,0,0
48,E M C CORP MASS,COM,268648102,6659,259300,SH,,OTR,1.0,259300,0,0
49,E M C CORP MASS,COM,268648102,13875,540300,SH,,OTR,2.0,540300,0,0
50,FIFTH STR ASSET MGMT INC,CL A COM,31679P109,1242,380986,SH,,SOLE,,380986,0,0
51,FIFTH STR ASSET MGMT INC,CL A COM,31679P109,276,84800,SH,,OTR,1.0,84800,0,0
52,FIFTH STR ASSET MGMT INC,CL A COM,31679P109,410,125900,SH,,OTR,2.0,125900,0,0
53,GARMIN LTD,SHS,H2906T109,18368,494168,SH,,SOLE,,494168,0,0
54,GARMIN LTD,SHS,H2906T109,4063,109300,SH,,OTR,1.0,109300,0,0
55,GARMIN LTD,SHS,H2906T109,8504,228800,SH,,OTR,2.0,228800,0,0
56,GENERAL MTRS CO,COM,37045V100,280410,8244916,SH,,SOLE,,8244916,0,0
57,GENERAL MTRS CO,COM,37045V100,61857,1818800,SH,,OTR,1.0,1818800,0,0
58,GENERAL MTRS CO,COM,37045V100,128864,3789002,SH,,OTR,2.0,3789002,0,0
59,GENERAL MTRS CO,COM,37045V100,2418,71100,SH,,OTR,3.0,71100,0,0
60,GREEN BRICK PARTNERS INC,COM,392709101,123781,17191821,SH,,SOLE,,17191821,0,0
61,GREEN BRICK PARTNERS INC,COM,392709101,24961,3466793,SH,,OTR,1.0,3466793,0,0
62,GREEN BRICK PARTNERS INC,COM,392709101,24912,3460054,SH,,OTR,2.0,3460054,0,0
63,HUMANA INC,COM,444859102,38237,214200,SH,,SOLE,,214200,0,0
64,HUMANA INC,COM,444859102,8444,47300,SH,,OTR,1.0,47300,0,0
65,HUMANA INC,COM,444859102,17583,98500,SH,,OTR,2.0,98500,0,0
66,IAC INTERACTIVECORP,COM PAR $.001,44919P508,89350,1487923,SH,,SOLE,,1487923,0,0
67,IAC INTERACTIVECORP,COM PAR $.001,44919P508,19713,328281,SH,,OTR,1.0,328281,0,0
68,IAC INTERACTIVECORP,COM PAR $.001,44919P508,41062,683796,SH,,OTR,2.0,683796,0,0
69,INGRAM MICRO INC,CL A,457153104,22080,726804,SH,,SOLE,,726804,0,0
70,INGRAM MICRO INC,CL A,457153104,4706,154900,SH,,OTR,1.0,154900,0,0
71,INGRAM MICRO INC,CL A,457153104,9919,326500,SH,,OTR,2.0,326500,0,0
72,LIBERTY GLOBAL PLC,LILAC SHS CL A,G5480U138,583,14103,SH,,SOLE,,14103,0,0
73,LIBERTY GLOBAL PLC,LILAC SHS CL A,G5480U138,349,8434,SH,,OTR,2.0,8434,0,0
74,LIBERTY GLOBAL PLC,LILAC SHS CL C,G5480U153,1512,35168,SH,,SOLE,,35168,0,0
75,LIBERTY GLOBAL PLC,LILAC SHS CL C,G5480U153,904,21033,SH,,OTR,2.0,21033,0,0
76,LIBERTY GLOBAL PLC,SHS CL A,G5480U104,30837,727965,SH,,SOLE,,727965,0,0
77,LIBERTY GLOBAL PLC,SHS CL A,G5480U104,4224,99709,SH,,OTR,1.0,99709,0,0
78,LIBERTY GLOBAL PLC,SHS CL A,G5480U104,14434,340744,SH,,OTR,2.0,340744,0,0
79,LIBERTY GLOBAL PLC,SHS CL C,G5480U120,74002,1815118,SH,,SOLE,,1815118,0,0
80,LIBERTY GLOBAL PLC,SHS CL C,G5480U120,18116,444347,SH,,OTR,1.0,444347,0,0
81,LIBERTY GLOBAL PLC,SHS CL C,G5480U120,34639,849615,SH,,OTR,2.0,849615,0,0
82,MACYS INC,COM,55616P104,138626,3963000,SH,,SOLE,,3963000,0,0
83,MACYS INC,COM,55616P104,30489,871600,SH,,OTR,1.0,871600,0,0
84,MACYS INC,COM,55616P104,64377,1840400,SH,,OTR,2.0,1840400,0,0
85,MACYS INC,COM,55616P104,2260,64600,SH,,OTR,3.0,64600,0,0
86,MARKET VECTORS ETF TR,GOLD MINER ETF,57060U100,69506,5066035,SH,,SOLE,,5066035,0,0
87,MARKET VECTORS ETF TR,GOLD MINER ETF,57060U100,15341,1118150,SH,,OTR,1.0,1118150,0,0
88,MARKET VECTORS ETF TR,GOLD MINER ETF,57060U100,32017,2333611,SH,,OTR,2.0,2333611,0,0
89,MATCH GROUP INC,COM,57665R106,5148,379926,SH,,SOLE,,379926,0,0
90,MATCH GROUP INC,COM,57665R106,1133,83600,SH,,OTR,1.0,83600,0,0
91,MATCH GROUP INC,COM,57665R106,2393,176600,SH,,OTR,2.0,176600,0,0
92,MICHAEL KORS HLDGS LTD,SHS,G60754101,212404,5302148,SH,,SOLE,,5302148,0,0
93,MICHAEL KORS HLDGS LTD,SHS,G60754101,46830,1169000,SH,,OTR,1.0,1169000,0,0
94,MICHAEL KORS HLDGS LTD,SHS,G60754101,97953,2445152,SH,,OTR,2.0,2445152,0,0
95,MICHAEL KORS HLDGS LTD,SHS,G60754101,2352,58700,SH,,OTR,3.0,58700,0,0
96,MYLAN N V,SHS EURO,N59465109,92768,1715700,SH,,SOLE,,1715700,0,0
97,MYLAN N V,SHS EURO,N59465109,20406,377400,SH,,OTR,1.0,377400,0,0
98,MYLAN N V,SHS EURO,N59465109,43088,796900,SH,,OTR,2.0,796900,0,0
99,OIL STS INTL INC,COM,678026105,15580,571728,SH,,SOLE,,571728,0,0
100,OIL STS INTL INC,COM,678026105,600,22000,SH,,OTR,1.0,22000,0,0
101,OIL STS INTL INC,COM,678026105,8003,293700,SH,,OTR,2.0,293700,0,0
102,ON SEMICONDUCTOR CORP,COM,682189105,18421,1879721,SH,,SOLE,,1879721,0,0
103,ON SEMICONDUCTOR CORP,COM,682189105,3751,382800,SH,,OTR,1.0,382800,0,0
104,ON SEMICONDUCTOR CORP,COM,682189105,8628,880370,SH,,OTR,2.0,880370,0,0
105,OWENS ILL INC,COM NEW,690768403,48154,2764300,SH,,SOLE,,2764300,0,0
106,OWENS ILL INC,COM NEW,690768403,10661,612000,SH,,OTR,1.0,612000,0,0
107,OWENS ILL INC,COM NEW,690768403,22536,1293700,SH,,OTR,2.0,1293700,0,0
108,SANDISK CORP,COM,80004C101,21042,276900,SH,,SOLE,,276900,0,0
109,SANDISK CORP,COM,80004C101,4643,61100,SH,,OTR,1.0,61100,0,0
110,SANDISK CORP,COM,80004C101,9674,127300,SH,,OTR,2.0,127300,0,0
111,SCIENTIFIC GAMES CORP,CL A,80874P109,7740,862915,SH,,SOLE,,862915,0,0
112,SCIENTIFIC GAMES CORP,CL A,80874P109,1715,191200,SH,,OTR,1.0,191200,0,0
113,SCIENTIFIC GAMES CORP,CL A,80874P109,3576,398700,SH,,OTR,2.0,398700,0,0
114,SUNEDISON INC,COM,86732Y109,54611,10729026,SH,,SOLE,,10729026,0,0
115,SUNEDISON INC,COM,86732Y109,14189,2787700,SH,,OTR,1.0,2787700,0,0
116,SUNEDISON INC,COM,86732Y109,24835,4879247,SH,,OTR,2.0,4879247,0,0
117,SUNEDISON INC,COM,86732Y109,1066,209400,SH,,OTR,3.0,209400,0,0
118,SUNEDISON INC,NOTE 2.000%10/0,86732YAC3,7235,13271500,PRN,,SOLE,,13271500,0,0
119,SUNEDISON INC,NOTE 2.000%10/0,86732YAC3,1595,2925200,PRN,,OTR,1.0,2925200,0,0
120,SUNEDISON INC,NOTE 2.000%10/0,86732YAC3,3306,6063300,PRN,,OTR,2.0,6063300,0,0
121,SUNEDISON SEMICONDUCTOR LTD,SHS,Y8213L102,2455,313135,SH,,SOLE,,313135,0,0
122,SUNEDISON SEMICONDUCTOR LTD,SHS,Y8213L102,527,67200,SH,,OTR,1.0,67200,0,0
123,SUNEDISON SEMICONDUCTOR LTD,SHS,Y8213L102,1108,141300,SH,,OTR,2.0,141300,0,0
124,TAKE-TWO INTERACTIVE SOFTWAR,COM,874054109,64671,1856224,SH,,SOLE,,1856224,0,0
125,TAKE-TWO INTERACTIVE SOFTWAR,COM,874054109,14267,409500,SH,,OTR,1.0,409500,0,0
126,TAKE-TWO INTERACTIVE SOFTWAR,COM,874054109,29718,852982,SH,,OTR,2.0,852982,0,0
127,TERRAFORM GLOBAL INC,CL A,88104M101,6287,1124700,SH,,SOLE,,1124700,0,0
128,TERRAFORM GLOBAL INC,CL A,88104M101,1392,249000,SH,,OTR,1.0,249000,0,0
129,TERRAFORM GLOBAL INC,CL A,88104M101,2942,526300,SH,,OTR,2.0,526300,0,0
130,TERRAFORM PWR INC,CL A COM,88104R100,21338,1696200,SH,,SOLE,,1696200,0,0
131,TERRAFORM PWR INC,CL A COM,88104R100,4707,374200,SH,,OTR,1.0,374200,0,0
132,TERRAFORM PWR INC,CL A COM,88104R100,9807,779600,SH,,OTR,2.0,779600,0,0
133,TIME WARNER INC,COM NEW,887317303,245129,3790465,SH,,SOLE,,3790465,0,0
134,TIME WARNER INC,COM NEW,887317303,54071,836100,SH,,OTR,1.0,836100,0,0
135,TIME WARNER INC,COM NEW,887317303,112644,1741835,SH,,OTR,2.0,1741835,0,0
136,TIME WARNER INC,COM NEW,887317303,4650,71900,SH,,OTR,3.0,71900,0,0
137,TRI POINTE GROUP INC,COM,87265H109,36176,2855261,SH,,SOLE,,2855261,0,0
138,TRI POINTE GROUP INC,COM,87265H109,8493,670300,SH,,OTR,1.0,670300,0,0
139,TRI POINTE GROUP INC,COM,87265H109,15971,1260500,SH,,OTR,2.0,1260500,0,0
140,TWENTY FIRST CENTY FOX INC,CL A,90130A101,69810,2570315,SH,,SOLE,,2570315,0,0
141,TWENTY FIRST CENTY FOX INC,CL A,90130A101,15364,565700,SH,,OTR,1.0,565700,0,0
142,TWENTY FIRST CENTY FOX INC,CL A,90130A101,32138,1183300,SH,,OTR,2.0,1183300,0,0
143,VODAFONE GROUP PLC NEW,SPNSR ADR NO PAR,92857W308,14703,455765,SH,,SOLE,,455765,0,0
144,VODAFONE GROUP PLC NEW,SPNSR ADR NO PAR,92857W308,1242,38499,SH,,OTR,1.0,38499,0,0
145,VODAFONE GROUP PLC NEW,SPNSR ADR NO PAR,92857W308,12744,395030,SH,,OTR,2.0,395030,0,0
146,VOYA FINL INC,COM,929089100,80085,2169740,SH,,SOLE,,2169740,0,0
147,VOYA FINL INC,COM,929089100,17536,475100,SH,,OTR,1.0,475100,0,0
148,VOYA FINL INC,COM,929089100,37078,1004541,SH,,OTR,2.0,1004541,0,0
149,YAHOO INC,COM,984332106,40391,1214400,SH,,SOLE,,1214400,0,0
150,YAHOO INC,COM,984332106,9210,276900,SH,,OTR,1.0,276900,0,0
151,YAHOO INC,COM,984332106,17751,533700,SH,,OTR,2.0,533700,0,0
152,YELP INC,CL A,985817105,7539,261766,SH,,SOLE,,261766,0,0
153,YELP INC,CL A,985817105,3499,121500,SH,,OTR,2.0,121500,0,0
