,NAME OF ISSUER,TITLE OF CLASS,CUSIP,(x$1000),PRN AMT,PRN,CALL,DISCRETION,MANAGER,SOLE,SHARED,NONE
0,ATYR PHARMA INC,COM,002120103,4845,1384300,SH,,SOLE,,1384300,0,0
1,AVEXIS INC,COM,05366U100,52938,478338,SH,,SOLE,,478338,0,0
2,CALITHERA BIOSCIENCES INC,COM,13089P101,13725,1643681,SH,,SOLE,,1643681,0,0
3,CANADIAN PAC RY LTD,COM,13645T100,442955,2423698,SH,,SOLE,,2423698,0,0
4,DECIPHERA PHARMACEUTICALS IN,COM,24344T101,54286,2394625,SH,,SOLE,,2394625,0,0
5,DENTSPLY SIRONA INC,COM,24906P109,355331,5397707,SH,,SOLE,,5397707,0,0
6,DIAMONDBACK ENERGY INC,COM,25278X109,78139,618923,SH,,SOLE,,618923,0,0
7,DOMINOS PIZZA INC,COM,25754A201,388968,2058468,SH,,SOLE,,2058468,0,0
8,EQT CORP,COM,26884L109,131066,2302644,SH,,SOLE,,2302644,0,0
9,EDITAS MEDICINE INC,COM,28106W103,52530,1709401,SH,,SOLE,,1709401,0,0
10,ABEONA THERAPEUTICS INC,COM,00289Y107,64046,4040727,SH,,SOLE,,4040727,0,0
11,ENCANA CORP,COM,292505104,1244820,93384875,SH,,SOLE,,93384875,0,0
12,EQUIFAX INC,COM,294429105,275550,2336753,SH,,SOLE,,2336753,0,0
13,FACEBOOK INC,CL A,30303M102,681165,3860165,SH,,SOLE,,3860165,0,0
14,GW PHARMACEUTICALS PLC,ADS,36197T103,27969,211869,SH,,SOLE,,211869,0,0
15,HDFC BANK LTD,ADR REPS 3 SHS,40415F101,67187,660838,SH,,SOLE,,660838,0,0
16,INC RESH HLDGS INC,CL A,45329R109,67951,1558512,SH,,SOLE,,1558512,0,0
17,JIANPU TECHNOLOGY INC,ADR,47738D101,16963,2617818,SH,,SOLE,,2617818,0,0
18,LENNAR CORP,CL A,526057104,473397,7485715,SH,,SOLE,,7485715,0,0
19,LENNAR CORP,CL B,526057302,6200,119978,SH,,SOLE,,119978,0,0
20,ALIGN TECHNOLOGY INC,COM,016255101,120545,542532,SH,,SOLE,,542532,0,0
21,LIBERTY MEDIA CORP DELAWARE,COM SER C FRMLA,531229854,410359,12012852,SH,,SOLE,,12012852,0,0
22,LINCOLN NATL CORP IND,COM,534187109,167801,2182923,SH,,SOLE,,2182923,0,0
23,LOWES COS INC,COM,548661107,47815,514470,SH,,SOLE,,514470,0,0
24,MARSH & MCLENNAN COS INC,COM,571748102,39335,483287,SH,,SOLE,,483287,0,0
25,MICROSOFT CORP,COM,594918104,757412,8854482,SH,,SOLE,,8854482,0,0
26,MOHAWK INDS INC,COM,608190104,33980,123161,SH,,SOLE,,123161,0,0
27,MOLINA HEALTHCARE INC,COM,60855R100,128272,1672822,SH,,SOLE,,1672822,0,0
28,NETFLIX INC,COM,64110L106,716206,3731016,SH,,SOLE,,3731016,0,0
29,NETEASE INC,SPONSORED ADR,64110W102,339240,983105,SH,,SOLE,,983105,0,0
30,NUVASIVE INC,COM,670704105,104773,1791291,SH,,SOLE,,1791291,0,0
31,ALLIANCE DATA SYSTEMS CORP,COM,018581108,3621,14286,SH,,SOLE,,14286,0,0
32,PACCAR INC,COM,693718108,80152,1127627,SH,,SOLE,,1127627,0,0
33,PARSLEY ENERGY INC,CL A,701877102,534183,18144801,SH,,SOLE,,18144801,0,0
34,PIONEER NAT RES CO,COM,723787107,18005,104166,SH,,SOLE,,104166,0,0
35,PROGRESSIVE CORP OHIO,COM,743315103,55771,990261,SH,,SOLE,,990261,0,0
36,QUALCOMM INC,COM,747525103,38725,604892,SH,,SOLE,,604892,0,0
37,QUDIAN INC,ADR,747798106,16930,1350114,SH,,SOLE,,1350114,0,0
38,RSP PERMIAN INC,COM,74978Q105,46798,1150398,SH,,SOLE,,1150398,0,0
39,RAYMOND JAMES FINANCIAL INC,COM,754730109,425072,4760050,SH,,SOLE,,4760050,0,0
40,SALESFORCE COM INC,COM,79466L302,233805,2287053,SH,,SOLE,,2287053,0,0
41,THERMO FISHER SCIENTIFIC INC,COM,883556102,154660,814517,SH,,SOLE,,814517,0,0
42,ALPHABET INC,CAP STK CL A,02079K305,1045620,992614,SH,,SOLE,,992614,0,0
43,TIME WARNER INC,COM NEW,887317303,420390,4595932,SH,,SOLE,,4595932,0,0
44,TORONTO DOMINION BK ONT,COM NEW,891160509,521360,8898168,SH,,SOLE,,8898168,0,0
45,TRANSDIGM GROUP INC,COM,893641100,157994,575317,SH,,SOLE,,575317,0,0
46,TRAVELERS COMPANIES INC,COM,89417E109,67245,495762,SH,,SOLE,,495762,0,0
47,UNION PAC CORP,COM,907818108,39095,291533,SH,,SOLE,,291533,0,0
48,UNITED TECHNOLOGIES CORP,COM,913017109,760721,5963163,SH,,SOLE,,5963163,0,0
49,UNITEDHEALTH GROUP INC,COM,91324P102,328231,1488844,SH,,SOLE,,1488844,0,0
50,UNIVERSAL HLTH SVCS INC,CL B,913903100,76393,673955,SH,,SOLE,,673955,0,0
51,VISA INC,COM CL A,92826C839,869258,7623731,SH,,SOLE,,7623731,0,0
52,WELLS FARGO CO NEW,COM,949746101,323857,5338016,SH,,SOLE,,5338016,0,0
53,AMAZON COM INC,COM,023135106,606043,518220,SH,,SOLE,,518220,0,0
54,JAZZ PHARMACEUTICALS PLC,SHS USD,G50871105,121365,901337,SH,,SOLE,,901337,0,0
55,BROADCOM LTD,SHS,Y09827109,633730,2466836,SH,,SOLE,,2466836,0,0
56,ANHEUSER BUSCH INBEV SA/NV,SPONSORED ADR,03524A108,318636,2856181,SH,,SOLE,,2856181,0,0
57,ANTHEM INC,COM,036752103,570980,2537576,SH,,SOLE,,2537576,0,0
58,AUTODESK INC,COM,052769106,429177,4094027,SH,,SOLE,,4094027,0,0
