,NAME OF ISSUER,TITLE OF CLASS,CUSIP,(x$1000),PRN AMT,PRN,CALL,DISCRETION,MANAGER,SOLE,SHARED,NONE
0,ATYR PHARMA INC,COM,002120103,8978,1777784,SH,,SOLE,,1777784,0,0
1,ANTHEM INC,COM,036752103,165853,873464,SH,,SOLE,,873464,0,0
2,AUTODESK INC,COM,052769106,272721,2429369,SH,,SOLE,,2429369,0,0
3,AVEXIS INC,COM,05366U100,57202,591360,SH,,SOLE,,591360,0,0
4,BANK AMER CORP,COM,060505104,185851,7334276,SH,,SOLE,,7334276,0,0
5,CABOT OIL & GAS CORP,COM,127097103,108741,4065094,SH,,SOLE,,4065094,0,0
6,CALITHERA BIOSCIENCES INC,COM,13089P101,41336,2624533,SH,,SOLE,,2624533,0,0
7,CANADIAN PAC RY LTD,COM,13645T100,576293,3429705,SH,,SOLE,,3429705,0,0
8,D R HORTON INC,COM,23331A109,61082,1529716,SH,,SOLE,,1529716,0,0
9,DECIPHERA PHARMACEUTICALS IN,COM,24344T101,47314,2491542,SH,,SOLE,,2491542,0,0
10,DEERE & CO,COM,244199105,385740,3071419,SH,,SOLE,,3071419,0,0
11,DENTSPLY SIRONA INC,COM,24906P109,212536,3553517,SH,,SOLE,,3553517,0,0
12,DOMINOS PIZZA INC,COM,25754A201,71238,358790,SH,,SOLE,,358790,0,0
13,EQT CORP,COM,26884L109,162260,2487125,SH,,SOLE,,2487125,0,0
14,EDITAS MEDICINE INC,COM,28106W103,41043,1709401,SH,,SOLE,,1709401,0,0
15,ENCANA CORP,COM,292505104,1100074,93384875,SH,,SOLE,,93384875,0,0
16,EQUIFAX INC,COM,294429105,57002,537806,SH,,SOLE,,537806,0,0
17,FACEBOOK INC,CL A,30303M102,751772,4399672,SH,,SOLE,,4399672,0,0
18,FLEETCOR TECHNOLOGIES INC,COM,339041105,156959,1014142,SH,,SOLE,,1014142,0,0
19,GW PHARMACEUTICALS PLC,ADS,36197T103,71434,703856,SH,,SOLE,,703856,0,0
20,ABEONA THERAPEUTICS INC,COM,00289Y107,38170,2238720,SH,,SOLE,,2238720,0,0
21,HDFC BANK LTD,ADR REPS 3 SHS,40415F101,55459,575483,SH,,SOLE,,575483,0,0
22,JD COM INC,SPON ADR CL A,47215P106,134577,3522966,SH,,SOLE,,3522966,0,0
23,LENNAR CORP,CL A,526057104,502188,9511145,SH,,SOLE,,9511145,0,0
24,LIBERTY MEDIA CORP DELAWARE,COM SER C FRMLA,531229854,457080,12000000,SH,,SOLE,,12000000,0,0
25,LINCOLN NATL CORP IND,COM,534187109,73157,995600,SH,,SOLE,,995600,0,0
26,MASTERCARD INCORPORATED,CL A,57636Q104,303623,2150301,SH,,SOLE,,2150301,0,0
27,MICROSOFT CORP,COM,594918104,751421,10087538,SH,,SOLE,,10087538,0,0
28,MOHAWK INDS INC,COM,608190104,37366,150969,SH,,SOLE,,150969,0,0
29,MOLINA HEALTHCARE INC,COM,60855R100,133890,1947207,SH,,SOLE,,1947207,0,0
30,ALBEMARLE CORP,COM,012653101,73075,536095,SH,,SOLE,,536095,0,0
31,NETFLIX INC,COM,64110L106,711136,3921345,SH,,SOLE,,3921345,0,0
32,NEWELL BRANDS INC,COM,651229106,114441,2682011,SH,,SOLE,,2682011,0,0
33,NUVASIVE INC,COM,670704105,121832,2196752,SH,,SOLE,,2196752,0,0
34,PARKER HANNIFIN CORP,COM,701094104,15967,91228,SH,,SOLE,,91228,0,0
35,PARSLEY ENERGY INC,CL A,701877102,208055,7898810,SH,,SOLE,,7898810,0,0
36,RAYMOND JAMES FINANCIAL INC,COM,754730109,269918,3200735,SH,,SOLE,,3200735,0,0
37,RICE ENERGY INC,COM,762760106,210354,7268612,SH,,SOLE,,7268612,0,0
38,SALESFORCE COM INC,COM,79466L302,335838,3594930,SH,,SOLE,,3594930,0,0
39,SHIRE PLC,SPONSORED ADR,82481R106,79738,520685,SH,,SOLE,,520685,0,0
40,SPARK THERAPEUTICS INC,COM,84652J103,21678,243140,SH,,SOLE,,243140,0,0
41,ALIGN TECHNOLOGY INC,COM,016255101,108403,581967,SH,,SOLE,,581967,0,0
42,TORONTO DOMINION BK ONT,COM NEW,891160509,542804,9641054,SH,,SOLE,,9641054,0,0
43,TWENTY FIRST CENTY FOX INC,CL A,90130A101,270220,10243384,SH,,SOLE,,10243384,0,0
44,UNITED TECHNOLOGIES CORP,COM,913017109,485076,4178808,SH,,SOLE,,4178808,0,0
45,UNITEDHEALTH GROUP INC,COM,91324P102,412131,2104322,SH,,SOLE,,2104322,0,0
46,UNIVERSAL HLTH SVCS INC,CL B,913903100,132450,1193887,SH,,SOLE,,1193887,0,0
47,VERIZON COMMUNICATIONS INC,COM,92343V104,183661,3711065,SH,,SOLE,,3711065,0,0
48,VISA INC,COM CL A,92826C839,1075596,10220406,SH,,SOLE,,10220406,0,0
49,WALGREENS BOOTS ALLIANCE INC,COM,931427108,37452,485000,SH,,SOLE,,485000,0,0
50,WELLS FARGO CO NEW,COM,949746101,104669,1897895,SH,,SOLE,,1897895,0,0
51,JAZZ PHARMACEUTICALS PLC,SHS USD,G50871105,175129,1197466,SH,,SOLE,,1197466,0,0
52,ALPHABET INC,CAP STK CL A,02079K305,1436456,1475225,SH,,SOLE,,1475225,0,0
53,JOHNSON CTLS INTL PLC,SHS,G51502105,40442,1003761,SH,,SOLE,,1003761,0,0
54,CHUBB LIMITED,COM,H1467J104,9012,63218,SH,,SOLE,,63218,0,0
55,BROADCOM LTD,SHS,Y09827109,522899,2155930,SH,,SOLE,,2155930,0,0
56,AMAZON COM INC,COM,023135106,384297,399747,SH,,SOLE,,399747,0,0
57,ANADARKO PETE CORP,COM,032511107,151812,3107713,SH,,SOLE,,3107713,0,0
58,ANHEUSER BUSCH INBEV SA/NV,SPONSORED ADR,03524A108,187197,1569126,SH,,SOLE,,1569126,0,0
