,NAME OF ISSUER,TITLE OF CLASS,CUSIP,(x$1000),PRN AMT,PRN,CALL,DISCRETION,MANAGER,SOLE,SHARED,NONE
0,ABBVIE INC,COM,00287Y109,622024,10769105,SH,,SOLE,,10769105,0,0
1,ACADIA PHARMACEUTICALS INC,COM,004225108,107084,4324890,SH,,SOLE,,4324890,0,0
2,CAPITAL ONE FINL CORP,COM,14040H105,112123,1373725,SH,,SOLE,,1373725,0,0
3,CHENIERE ENERGY INC,COM NEW,16411R208,436420,5453205,SH,,SOLE,,5453205,0,0
4,CITIGROUP INC,COM NEW,172967424,772332,14904121,SH,,SOLE,,14904121,0,0
5,COLFAX CORP,COM,194014106,53913,946339,SH,,SOLE,,946339,0,0
6,D R HORTON INC,COM,23331A109,82056,3998849,SH,,SOLE,,3998849,0,0
7,DAVITA HEALTHCARE PARTNERS I,COM,23918K108,291183,3981170,SH,,SOLE,,3981170,0,0
8,DELTA AIR LINES INC DEL,COM NEW,247361702,70781,1957987,SH,,SOLE,,1957987,0,0
9,DOLLAR TREE INC,COM,256746108,308136,5495555,SH,,SOLE,,5495555,0,0
10,FACEBOOK INC,CL A,30303M102,410537,5194041,SH,,SOLE,,5194041,0,0
11,GOOGLE INC,CL A,38259P508,543397,923500,SH,,SOLE,,923500,0,0
12,AIR PRODS & CHEMS INC,COM,009158106,462660,3554000,SH,,SOLE,,3554000,0,0
13,HCA HOLDINGS INC,COM,40412C101,126568,1794780,SH,,SOLE,,1794780,0,0
14,HILTON WORLDWIDE HLDGS INC,COM,43300A104,239115,9708263,SH,,SOLE,,9708263,0,0
15,HUMANA INC,COM,444859102,64311,493602,SH,,SOLE,,493602,0,0
16,ILLUMINA INC,COM,452327109,1418018,8650670,SH,,SOLE,,8650670,0,0
17,KANSAS CITY SOUTHERN,COM NEW,485170302,515744,4255316,SH,,SOLE,,4255316,0,0
18,LOWES COS INC,COM,548661107,1027952,19424638,SH,,SOLE,,19424638,0,0
19,MARSH & MCLENNAN COS INC,COM,571748102,69754,1332700,SH,,SOLE,,1332700,0,0
20,MASTERCARD INC,CL A,57636Q104,965125,13056351,SH,,SOLE,,13056351,0,0
21,MEDTRONIC INC,COM,585055106,114076,1841414,SH,,SOLE,,1841414,0,0
22,MICRON TECHNOLOGY INC,COM,595112103,704613,20566647,SH,,SOLE,,20566647,0,0
23,ALEXION PHARMACEUTICALS INC,COM,015351109,364547,2198451,SH,,SOLE,,2198451,0,0
24,MOHAWK INDS INC,COM,608190104,765380,5677048,SH,,SOLE,,5677048,0,0
25,MOLINA HEALTHCARE INC,COM,60855R100,50080,1183932,SH,,SOLE,,1183932,0,0
26,MONDELEZ INTL INC,CL A,609207105,385581,11252897,SH,,SOLE,,11252897,0,0
27,MONSANTO CO NEW,COM,61166W101,69464,617401,SH,,SOLE,,617401,0,0
28,NETFLIX INC,COM,64110L106,477721,1058826,SH,,SOLE,,1058826,0,0
29,NEWFIELD EXPL CO,COM,651290108,334490,9023189,SH,,SOLE,,9023189,0,0
30,PETROLEO BRASILEIRO SA PETRO,SPONSORED ADR,71654V408,50531,3561000,SH,,SOLE,,3561000,0,0
31,PIONEER NAT RES CO,COM,723787107,1336174,6783641,SH,,SOLE,,6783641,0,0
32,PRECISION CASTPARTS CORP,COM,740189105,431848,1823067,SH,,SOLE,,1823067,0,0
33,RALPH LAUREN CORP,CL A,751212101,131838,800328,SH,,SOLE,,800328,0,0
34,ALLERGAN INC,COM,018490102,406226,2279736,SH,,SOLE,,2279736,0,0
35,REGENERON PHARMACEUTICALS,COM,75886F107,389607,1080682,SH,,SOLE,,1080682,0,0
36,SBA COMMUNICATIONS CORP,COM,78388J106,230688,2080141,SH,,SOLE,,2080141,0,0
37,SALIX PHARMACEUTICALS INC,COM,795435106,424901,2719538,SH,,SOLE,,2719538,0,0
38,SANDISK CORP,COM,80004C101,212774,2172270,SH,,SOLE,,2172270,0,0
39,STATE STR CORP,COM,857477103,46035,625394,SH,,SOLE,,625394,0,0
40,THERMO FISHER SCIENTIFIC INC,COM,883556102,970740,7976502,SH,,SOLE,,7976502,0,0
41,TWENTY FIRST CENTY FOX INC,CL A,90130A101,345877,10086820,SH,,SOLE,,10086820,0,0
42,VALEANT PHARMACEUTICALS INTL,COM,91911K102,1307761,9967690,SH,,SOLE,,9967690,0,0
43,VISA INC,COM CL A,92826C839,647710,3035619,SH,,SOLE,,3035619,0,0
44,WALGREEN CO,COM,931422109,1227584,20711731,SH,,SOLE,,20711731,0,0
45,BAIDU INC,SPON ADR REP A,056752108,376103,1723427,SH,,SOLE,,1723427,0,0
46,WELLPOINT INC,COM,94973V107,124615,1041758,SH,,SOLE,,1041758,0,0
47,ACTAVIS PLC,SHS,G0083B108,615345,2550336,SH,,SOLE,,2550336,0,0
48,AON PLC,SHS CL A,G0408V102,145762,1662625,SH,,SOLE,,1662625,0,0
49,LIBERTY GLOBAL PLC,SHS CL A,G5480U104,162126,3811150,SH,,SOLE,,3811150,0,0
50,LIBERTY GLOBAL PLC,SHS CL C,G5480U120,90655,2210300,SH,,SOLE,,2210300,0,0
51,GOLAR LNG LTD BERMUDA,SHS,G9456A100,156299,2353898,SH,,SOLE,,2353898,0,0
52,LYONDELLBASELL INDUSTRIES N,SHS - A -,N53745100,774221,7125171,SH,,SOLE,,7125171,0,0
53,BANK AMER CORP,COM,060505104,165731,9720300,SH,,SOLE,,9720300,0,0
54,BANK NEW YORK MELLON CORP,COM,064058100,648185,16735985,SH,,SOLE,,16735985,0,0
55,BLOCK H & R INC,COM,093671105,96899,3124772,SH,,SOLE,,3124772,0,0
56,CANADIAN PAC RY LTD,COM,13645T100,404813,1951187,SH,,SOLE,,1951187,0,0
57,ALIBABA GROUP HLDG LTD,SPONSORED ADS,01609W102,1011782,11387526,SH,,SOLE,,11387526,0,0
58,KITE PHARMA INC,COM,49803L109,5700,200000,SH,,SOLE,,200000,0,0
