,NAME OF ISSUER,TITLE OF CLASS,CUSIP,(x$1000),PRN AMT,PRN,CALL,DISCRETION,MANAGER,SOLE,SHARED,NONE
0,AETNA INC NEW,COM,00817Y108,394820,3097599,SH,,SOLE,,3097599,0,0
1,AIR PRODS & CHEMS INC,COM,009158106,808080,5905719,SH,,SOLE,,5905719,0,0
2,BAIDU INC,SPON ADR REP A,056752108,255908,1285451,SH,,SOLE,,1285451,0,0
3,BALL CORP,COM,058498106,128570,1832789,SH,,SOLE,,1832789,0,0
4,BANK NEW YORK MELLON CORP,COM,064058100,353106,8413291,SH,,SOLE,,8413291,0,0
5,BIOGEN INC,COM,09062X103,207401,513444,SH,,SOLE,,513444,0,0
6,CIGNA CORPORATION,COM,125509109,472200,2914815,SH,,SOLE,,2914815,0,0
7,CANADIAN PAC RY LTD,COM,13645T100,845405,5276195,SH,,SOLE,,5276195,0,0
8,CAPITAL ONE FINL CORP,COM,14040H105,102273,1162593,SH,,SOLE,,1162593,0,0
9,CHENIERE ENERGY INC,COM NEW,16411R208,784327,11324392,SH,,SOLE,,11324392,0,0
10,CITIGROUP INC,COM NEW,172967424,162256,2937290,SH,,SOLE,,2937290,0,0
11,COOPER COS INC,COM NEW,216648402,48686,273563,SH,,SOLE,,273563,0,0
12,ALEXION PHARMACEUTICALS INC,COM,015351109,36471,201756,SH,,SOLE,,201756,0,0
13,CROWN CASTLE INTL CORP NEW,COM,22822V101,444087,5530352,SH,,SOLE,,5530352,0,0
14,CTRIP COM INTL LTD,AMERICAN DEP SHS,22943F100,418619,5764514,SH,,SOLE,,5764514,0,0
15,DAVITA HEALTHCARE PARTNERS I,COM,23918K108,394851,4968551,SH,,SOLE,,4968551,0,0
16,DEERE & CO,COM,244199105,25231,259975,SH,,SOLE,,259975,0,0
17,ENVISION HEALTHCARE HLDGS IN,COM,29413U103,485749,12303668,SH,,SOLE,,12303668,0,0
18,ESPERION THERAPEUTICS INC NE,COM,29664W105,114064,1395107,SH,,SOLE,,1395107,0,0
19,GOOGLE INC,CL A,38259P508,1477632,2736152,SH,,SOLE,,2736152,0,0
20,GOOGLE INC,CL C,38259P706,597311,1147549,SH,,SOLE,,1147549,0,0
21,HUMANA INC,COM,444859102,613404,3206839,SH,,SOLE,,3206839,0,0
22,ILLUMINA INC,COM,452327109,1085021,4968956,SH,,SOLE,,4968956,0,0
23,ALIBABA GROUP HLDG LTD,SPONSORED ADS,01609W102,497049,6041685,SH,,SOLE,,6041685,0,0
24,KANSAS CITY SOUTHERN,COM NEW,485170302,438092,4803641,SH,,SOLE,,4803641,0,0
25,KITE PHARMA INC,COM,49803L109,41297,677334,SH,,SOLE,,677334,0,0
26,LEGG MASON INC,COM,524901105,131353,2549058,SH,,SOLE,,2549058,0,0
27,MASTERCARD INC,CL A,57636Q104,768284,8218696,SH,,SOLE,,8218696,0,0
28,MCKESSON CORP,COM,58155Q103,140634,625568,SH,,SOLE,,625568,0,0
29,METLIFE INC,COM,59156R108,659582,11780357,SH,,SOLE,,11780357,0,0
30,MOHAWK INDS INC,COM,608190104,822991,4311113,SH,,SOLE,,4311113,0,0
31,PIONEER NAT RES CO,COM,723787107,886403,6391252,SH,,SOLE,,6391252,0,0
32,QUNAR CAYMAN IS LTD,SPNS ADR CL B,74906P104,108496,2531989,SH,,SOLE,,2531989,0,0
33,RECEPTOS INC,COM,756207106,219869,1156900,SH,,SOLE,,1156900,0,0
34,ALLSTATE CORP,COM,020002101,92977,1433280,SH,,SOLE,,1433280,0,0
35,SEALED AIR CORP NEW,COM,81211K100,658590,12818029,SH,,SOLE,,12818029,0,0
36,THERMO FISHER SCIENTIFIC INC,COM,883556102,26929,207527,SH,,SOLE,,207527,0,0
37,TRANSDIGM GROUP INC,COM,893641100,102938,458176,SH,,SOLE,,458176,0,0
38,TWENTY FIRST CENTY FOX INC,CL A,90130A101,263399,8093383,SH,,SOLE,,8093383,0,0
39,UNIVERSAL HLTH SVCS INC,CL B,913903100,173468,1220743,SH,,SOLE,,1220743,0,0
40,VALEANT PHARMACEUTICALS INTL,COM,91911K102,1025608,4616738,SH,,SOLE,,4616738,0,0
41,VERTEX PHARMACEUTICALS INC,COM,92532F100,222904,1805186,SH,,SOLE,,1805186,0,0
42,WALGREENS BOOTS ALLIANCE INC,COM,931427108,2079345,24625113,SH,,SOLE,,24625113,0,0
43,WHITING PETE CORP NEW,COM,966387102,290755,8653431,SH,,SOLE,,8653431,0,0
44,ALLERGAN PLC,SHS,G0177J108,2064752,6804034,SH,,SOLE,,6804034,0,0
45,AMAZON COM INC,COM,023135106,990837,2282561,SH,,SOLE,,2282561,0,0
46,AON PLC,SHS CL A,G0408V102,190682,1912946,SH,,SOLE,,1912946,0,0
47,MALLINCKRODT PUB LTD CO,SHS,G5785G107,637533,5415671,SH,,SOLE,,5415671,0,0
48,LYONDELLBASELL INDUSTRIES N,SHS - A -,N53745100,1110395,10726384,SH,,SOLE,,10726384,0,0
49,NXP SEMICONDUCTORS N V,COM,N6596X109,139253,1418054,SH,,SOLE,,1418054,0,0
50,PROQR THRAPEUTICS N V,SHS EURO,N71542109,9924,595307,SH,,SOLE,,595307,0,0
51,AVAGO TECHNOLOGIES LTD,SHS,Y0486S104,633945,4769014,SH,,SOLE,,4769014,0,0
52,AMERICAN INTL GROUP INC,COM NEW,026874784,81281,1314809,SH,,SOLE,,1314809,0,0
53,AMERIPRISE FINL INC,COM,03076C106,201730,1614743,SH,,SOLE,,1614743,0,0
54,ANTHEM INC,COM,036752103,312966,1906701,SH,,SOLE,,1906701,0,0
55,AVIS BUDGET GROUP,COM,053774105,190442,4320377,SH,,SOLE,,4320377,0,0
