,NAME OF ISSUER,TITLE OF CLASS,CUSIP,(x$1000),PRN AMT,PRN,CALL,DISCRETION,MANAGER,SOLE,SHARED,NONE
0,ABBVIE INC,COM,00287Y109,879859,16170903,SH,,SOLE,,16170903,0,0
1,AETNA INC NEW,COM,00817Y108,608703,5563508,SH,,SOLE,,5563508,0,0
2,AGILENT TECHNOLOGIES INC,COM,00846U101,157409,4585170,SH,,SOLE,,4585170,0,0
3,ALLERGAN PLC,SHS,G0177J108,414132,1523609,SH,,SOLE,,1523609,0,0
4,AMERICAN INTL GROUP INC,COM NEW,026874784,73468,1293000,SH,,SOLE,,1293000,0,0
5,ANTHEM INC,COM,036752103,595056,4250401,SH,,SOLE,,4250401,0,0
6,APOLLO ED GROUP INC,CL A,037604105,76226,6892084,SH,,SOLE,,6892084,0,0
7,APPLE INC,COM,037833100,33286,301778,SH,,SOLE,,301778,0,0
8,APPLIED MATLS INC,COM,038222105,281808,19183654,SH,,SOLE,,19183654,0,0
9,ARAMARK,COM,03852U106,75149,2535400,SH,,SOLE,,2535400,0,0
10,ASBURY AUTOMOTIVE GROUP INC,COM,043436104,49047,604401,SH,,SOLE,,604401,0,0
11,AUTONATION INC,COM,05329W102,101880,1751116,SH,,SOLE,,1751116,0,0
12,AVIS BUDGET GROUP,COM,053774105,412043,9433220,SH,,SOLE,,9433220,0,0
13,BANK NEW YORK MELLON CORP,COM,064058100,83506,2132965,SH,,SOLE,,2132965,0,0
14,BROOKDALE SR LIVING INC,COM,112463104,405047,17641415,SH,,SOLE,,17641415,0,0
15,CADENCE DESIGN SYSTEM INC,COM,127387108,475928,23013908,SH,,SOLE,,23013908,0,0
16,CANADIAN PAC RY LTD,COM,13645T100,35340,245629,SH,,SOLE,,245629,0,0
17,CBS CORP NEW,CL B,124857202,432263,10833651,SH,,SOLE,,10833651,0,0
18,CHARTER COMMUNICATIONS INC D,CL A NEW,16117M305,35540,202104,SH,,SOLE,,202104,0,0
19,CHENIERE ENERGY INC,COM NEW,16411R208,22793,471908,SH,,SOLE,,471908,0,0
20,CIGNA CORPORATION,COM,125509109,620524,4595790,SH,,SOLE,,4595790,0,0
21,CITIGROUP INC,*W EXP 01/04/201,172967226,3938,8561020,SH,,SOLE,,8561020,0,0
22,CITIGROUP INC,COM NEW,172967424,60398,1217447,SH,,SOLE,,1217447,0,0
23,CITIZENS FINL GROUP INC,COM,174610105,72236,3027474,SH,,SOLE,,3027474,0,0
24,COMCAST CORP NEW,CL A,20030N101,136675,2402857,SH,,SOLE,,2402857,0,0
25,COMMUNITY HEALTH SYS INC NEW,COM,203668108,517252,12093795,SH,,SOLE,,12093795,0,0
26,DOLLAR GEN CORP NEW,COM,256677105,173004,2388234,SH,,SOLE,,2388234,0,0
27,DOW CHEM CO,COM,260543103,308289,7270965,SH,,SOLE,,7270965,0,0
28,EBAY INC,COM,278642103,55753,2281212,SH,,SOLE,,2281212,0,0
29,ENDO INTL PLC,SHS,G30401106,481099,6944273,SH,,SOLE,,6944273,0,0
30,F M C CORP,COM NEW,302491303,226299,6673505,SH,,SOLE,,6673505,0,0
31,FIDELITY NATIONAL FINANCIAL,FNF GROUP COM,31620R303,83613,2357284,SH,,SOLE,,2357284,0,0
32,FLEXTRONICS INTL LTD,ORD,Y2573F102,791880,75130959,SH,,SOLE,,75130959,0,0
33,GAP INC DEL,COM,364760108,150893,5294495,SH,,SOLE,,5294495,0,0
34,GENERAL MTRS CO,COM,37045V100,76595,2551467,SH,,SOLE,,2551467,0,0
35,GOOGLE INC,CL A,38259P508,325756,510294,SH,,SOLE,,510294,0,0
36,GROUP 1 AUTOMOTIVE INC,COM,398905109,154260,1811629,SH,,SOLE,,1811629,0,0
37,HCA HOLDINGS INC,COM,40412C101,426507,5513278,SH,,SOLE,,5513278,0,0
38,HEALTHSOUTH CORP,COM NEW,421924309,261648,6819080,SH,,SOLE,,6819080,0,0
39,HERTZ GLOBAL HOLDINGS INC,COM,42805T105,422301,25242166,SH,,SOLE,,25242166,0,0
40,HUMANA INC,COM,444859102,1187735,6635390,SH,,SOLE,,6635390,0,0
41,JARDEN CORP,COM,471109108,197043,4031162,SH,,SOLE,,4031162,0,0
42,KANSAS CITY SOUTHERN,COM NEW,485170302,92692,1019941,SH,,SOLE,,1019941,0,0
43,KINDRED HEALTHCARE INC,COM,494580103,26974,1712613,SH,,SOLE,,1712613,0,0
44,LABORATORY CORP AMER HLDGS,COM NEW,50540R409,527793,4865795,SH,,SOLE,,4865795,0,0
45,LIBERTY GLOBAL PLC,SHS CL A,G5480U104,132551,3086886,SH,,SOLE,,3086886,0,0
46,LIBERTY GLOBAL PLC,SHS CL C,G5480U120,111188,2710577,SH,,SOLE,,2710577,0,0
47,LITHIA MTRS INC,CL A,536797103,81556,754382,SH,,SOLE,,754382,0,0
48,MANITOWOC INC,COM,563571108,144213,9614197,SH,,SOLE,,9614197,0,0
49,MANPOWERGROUP INC,COM,56418H100,494517,6038795,SH,,SOLE,,6038795,0,0
50,MCKESSON CORP,COM,58155Q103,334950,1810249,SH,,SOLE,,1810249,0,0
51,MERITOR INC,COM,59001K100,81531,7669883,SH,,SOLE,,7669883,0,0
52,MOHAWK INDS INC,COM,608190104,33482,184177,SH,,SOLE,,184177,0,0
53,MONSANTO CO NEW,COM,61166W101,1152319,13502678,SH,,SOLE,,13502678,0,0
54,MYLAN N V,SHS EURO,N59465109,37603,934006,SH,,SOLE,,934006,0,0
55,NATIONAL OILWELL VARCO INC,COM,637071101,78321,2080231,SH,,SOLE,,2080231,0,0
56,PENTAIR PLC,SHS,G7S00T104,281439,5514080,SH,,SOLE,,5514080,0,0
57,PHH CORP,COM NEW,693320202,84211,5963961,SH,,SOLE,,5963961,0,0
58,PRICELINE GRP INC,COM NEW,741503403,259085,209470,SH,,SOLE,,209470,0,0
59,PVH CORP,COM,693656100,444512,4360523,SH,,SOLE,,4360523,0,0
60,REALOGY HLDGS CORP,COM,75605Y106,238187,6329706,SH,,SOLE,,6329706,0,0
61,RITE AID CORP,COM,767754104,75012,12357751,SH,,SOLE,,12357751,0,0
62,SCORPIO TANKERS INC,SHS,Y7542C106,14327,1562421,SH,,SOLE,,1562421,0,0
63,SIRIUS XM HLDGS INC,COM,82968B103,55308,14788333,SH,,SOLE,,14788333,0,0
64,SUNEDISON INC,COM,86732Y109,70323,9794331,SH,,SOLE,,9794331,0,0
65,T MOBILE US INC,COM,872590104,50419,1266500,SH,,SOLE,,1266500,0,0
66,TENET HEALTHCARE CORP,COM NEW,88033G407,608819,16490230,SH,,SOLE,,16490230,0,0
67,TERADYNE INC,COM,880770102,231867,12874322,SH,,SOLE,,12874322,0,0
68,TERRAFORM GLOBAL INC,CL A,88104M101,23368,3508770,SH,,SOLE,,3508770,0,0
69,TERRAFORM PWR INC,CL A COM,88104R100,18076,1271149,SH,,SOLE,,1271149,0,0
70,TEVA PHARMACEUTICAL INDS LTD,ADR,881624209,236498,4188779,SH,,SOLE,,4188779,0,0
71,THERMO FISHER SCIENTIFIC INC,COM,883556102,1040750,8511204,SH,,SOLE,,8511204,0,0
72,TRANSCANADA CORP,COM,89353D107,104610,3303097,SH,,SOLE,,3303097,0,0
73,UNIVERSAL HLTH SVCS INC,CL B,913903100,120429,964895,SH,,SOLE,,964895,0,0
74,VCA INC,COM,918194101,425079,8073670,SH,,SOLE,,8073670,0,0
75,VEREIT INC,COM,92339V100,172849,22389782,SH,,SOLE,,22389782,0,0
76,VOYA FINL INC,COM,929089100,59060,1523352,SH,,SOLE,,1523352,0,0
77,WESTROCK CO,COM,96145D105,225862,4390793,SH,,SOLE,,4390793,0,0
