,NAME OF ISSUER,TITLE OF CLASS,CUSIP,(x$1000),PRN AMT,PRN,CALL,DISCRETION,MANAGER,SOLE,SHARED,NONE
0,ABBVIE INC,COM,00287Y109,443048,6110170,SH,,SOLE,,6110170,0,0
1,AETNA INC NEW,COM,00817Y108,502629,3310469,SH,,SOLE,,3310469,0,0
2,ALPHABET INC,CAP STK CL A,02079K305,573569,616953,SH,,SOLE,,616953,0,0
3,ANTHEM INC,COM,036752103,762045,4050631,SH,,SOLE,,4050631,0,0
4,APPLE INC,COM,037833100,364327,2529696,SH,,SOLE,,2529696,0,0
5,AVIS BUDGET GROUP,COM,053774105,212652,7798004,SH,,SOLE,,7798004,0,0
6,BROOKDALE SR LIVING INC,COM,112463104,224338,15250718,SH,,SOLE,,15250718,0,0
7,CBS CORP NEW,CL B,124857202,372498,5840355,SH,,SOLE,,5840355,0,0
8,CIGNA CORPORATION,COM,125509109,626572,3743184,SH,,SOLE,,3743184,0,0
9,CITIGROUP INC,*W EXP 01/04/201,172967226,1205,8031020,SH,,SOLE,,8031020,0,0
10,COCA COLA EUROPEAN PARTNERS,SHS,G25839104,158364,3893870,SH,,SOLE,,3893870,0,0
11,DELPHI AUTOMOTIVE PLC,SHS,G27823106,163155,1861436,SH,,SOLE,,1861436,0,0
12,DOW CHEM CO,COM,260543103,896678,14217189,SH,,SOLE,,14217189,0,0
13,DU PONT E I DE NEMOURS & CO,COM,263534109,144272,1787538,SH,,SOLE,,1787538,0,0
14,DUN & BRADSTREET CORP DEL NE,COM,26483E100,108776,1005788,SH,,SOLE,,1005788,0,0
15,DXC TECHNOLOGY CO,COM,23355L106,625894,8158165,SH,,SOLE,,8158165,0,0
16,EBAY INC,COM,278642103,310995,8905922,SH,,SOLE,,8905922,0,0
17,ENDO INTL PLC,SHS,G30401106,115927,10378390,SH,,SOLE,,10378390,0,0
18,F M C CORP,COM NEW,302491303,949088,12992304,SH,,SOLE,,12992304,0,0
19,FIRST DATA CORP NEW,COM CL A,32008D106,222394,12219432,SH,,SOLE,,12219432,0,0
20,FLEX LTD,ORD,Y2573F102,622430,38162481,SH,,SOLE,,38162481,0,0
21,HAIN CELESTIAL GROUP INC,COM,405217100,38820,1000000,SH,,SOLE,,1000000,0,0
22,HCA HEALTHCARE INC,COM,40412C101,1299218,14899289,SH,,SOLE,,14899289,0,0
23,HERTZ GLOBAL HLDGS INC,COM,42806J106,65721,5714904,SH,,SOLE,,5714904,0,0
24,HUMANA INC,COM,444859102,172638,717470,SH,,SOLE,,717470,0,0
25,KINDER MORGAN INC DEL,COM,49456B101,34864,1819630,SH,,SOLE,,1819630,0,0
26,KINDRED HEALTHCARE INC,COM,494580103,27665,2374713,SH,,SOLE,,2374713,0,0
27,LABORATORY CORP AMER HLDGS,COM NEW,50540R409,410781,2664988,SH,,SOLE,,2664988,0,0
28,LIBERTY GLOBAL PLC,SHS CL A,G5480U104,252257,7853565,SH,,SOLE,,7853565,0,0
29,LIBERTY GLOBAL PLC,SHS CL C,G5480U120,208325,6681357,SH,,SOLE,,6681357,0,0
30,LOWES COS INC,COM,548661107,513373,6621609,SH,,SOLE,,6621609,0,0
31,MARVELL TECHNOLOGY GROUP LTD,ORD,G5876H105,23503,1422703,SH,,SOLE,,1422703,0,0
32,MCKESSON CORP,COM,58155Q103,195445,1187828,SH,,SOLE,,1187828,0,0
33,MERITOR INC,COM,59001K100,101766,6126817,SH,,SOLE,,6126817,0,0
34,MOHAWK INDS INC,COM,608190104,102049,422233,SH,,SOLE,,422233,0,0
35,MONSANTO CO NEW,COM,61166W101,42108,355764,SH,,SOLE,,355764,0,0
36,NIKE INC,CL B,654106103,46806,793319,SH,,SOLE,,793319,0,0
37,PHH CORP,COM NEW,693320202,54152,3932639,SH,,SOLE,,3932639,0,0
38,PLATFORM SPECIALTY PRODS COR,COM,72766Q105,167422,13203633,SH,,SOLE,,13203633,0,0
39,QUINTILES IMS HOLDINGS INC,COM,74876Y101,798461,8921356,SH,,SOLE,,8921356,0,0
40,REALOGY HLDGS CORP,COM,75605Y106,204481,6301426,SH,,SOLE,,6301426,0,0
41,SHIRE PLC,SPONSORED ADR,82481R106,284756,1722977,SH,,SOLE,,1722977,0,0
42,TAILORED BRANDS INC,COM,87403A107,26784,2400000,SH,,SOLE,,2400000,0,0
43,TENET HEALTHCARE CORP,COM NEW,88033G407,345997,17890230,SH,,SOLE,,17890230,0,0
44,THERMO FISHER SCIENTIFIC INC,COM,883556102,481531,2759965,SH,,SOLE,,2759965,0,0
45,UNIVERSAL HLTH SVCS INC,CL B,913903100,240930,1973545,SH,,SOLE,,1973545,0,0
46,VEREIT INC,COM,92339V100,146082,17946243,SH,,SOLE,,17946243,0,0
47,VISA INC,COM CL A,92826C839,248985,2654993,SH,,SOLE,,2654993,0,0
48,WALGREENS BOOTS ALLIANCE INC,COM,931427108,136875,1747858,SH,,SOLE,,1747858,0,0
49,WILLIAMS COS INC DEL,COM,969457100,192828,6368161,SH,,SOLE,,6368161,0,0
50,WYNDHAM WORLDWIDE CORP,COM,98310W108,47993,477974,SH,,SOLE,,477974,0,0
51,ZIMMER BIOMET HLDGS INC,COM,98956P102,99049,771410,SH,,SOLE,,771410,0,0
