,NAME OF ISSUER,TITLE OF CLASS,CUSIP,(x$1000),PRN AMT,PRN,CALL,DISCRETION,MANAGER,SOLE,SHARED,NONE
0,ABBVIE INC,COM,00287Y109,131956,1364449,SH,,SOLE,,1364449,0,0
1,AETNA INC NEW,COM,00817Y108,517622,2869460,SH,,SOLE,,2869460,0,0
2,ALLERGAN PLC,SHS,G0177J108,188866,1154576,SH,,SOLE,,1154576,0,0
3,ALPHABET INC,CAP STK CL A,02079K305,518012,491752,SH,,SOLE,,491752,0,0
4,ANTHEM INC,COM,036752103,687967,3057497,SH,,SOLE,,3057497,0,0
5,APPLE INC,COM,037833100,213503,1261612,SH,,SOLE,,1261612,0,0
6,APTIV PLC,SHS,G6095L109,249037,2935720,SH,,SOLE,,2935720,0,0
7,ARAMARK,COM,03852U106,73304,1715109,SH,,SOLE,,1715109,0,0
8,AVIS BUDGET GROUP,COM,053774105,333400,7598004,SH,,SOLE,,7598004,0,0
9,BROOKDALE SR LIVING INC,COM,112463104,177032,18250718,SH,,SOLE,,18250718,0,0
10,CARDINAL HEALTH INC,COM,14149Y108,46015,751018,SH,,SOLE,,751018,0,0
11,CBS CORP NEW,CL B,124857202,399179,6765742,SH,,SOLE,,6765742,0,0
12,CHARTER COMMUNICATIONS INC N,CL A,16119P108,160229,476929,SH,,SOLE,,476929,0,0
13,CIGNA CORPORATION,COM,125509109,531909,2619078,SH,,SOLE,,2619078,0,0
14,CITIGROUP INC,*W EXP 01/04/201,172967226,804,8031020,SH,,SOLE,,8031020,0,0
15,COCA COLA EUROPEAN PARTNERS,SHS,G25839104,116278,2917898,SH,,SOLE,,2917898,0,0
16,COMCAST CORP NEW,CL A,20030N101,110633,2762360,SH,,SOLE,,2762360,0,0
17,CONDUENT INC,COM,206787103,82121,5081773,SH,,SOLE,,5081773,0,0
18,CVS HEALTH CORP,COM,126650100,494568,6821631,SH,,SOLE,,6821631,0,0
19,DELPHI TECHNOLOGIES PLC,SHS,G2709G107,122078,2326629,SH,,SOLE,,2326629,0,0
20,DOWDUPONT INC,COM,26078J100,1063561,14933459,SH,,SOLE,,14933459,0,0
21,DUN & BRADSTREET CORP DEL NE,COM,26483E100,130874,1105262,SH,,SOLE,,1105262,0,0
22,DXC TECHNOLOGY CO,COM,23355L106,656972,6922784,SH,,SOLE,,6922784,0,0
23,EBAY INC,COM,278642103,500775,13269082,SH,,SOLE,,13269082,0,0
24,ENDO INTL PLC,SHS,G30401106,149098,19238422,SH,,SOLE,,19238422,0,0
25,F M C CORP,COM NEW,302491303,1009869,10668384,SH,,SOLE,,10668384,0,0
26,FEDEX CORP,COM,31428X106,132038,529127,SH,,SOLE,,529127,0,0
27,FIRST DATA CORP NEW,COM CL A,32008D106,459073,27472976,SH,,SOLE,,27472976,0,0
28,FLEX LTD,ORD,Y2573F102,709395,39432751,SH,,SOLE,,39432751,0,0
29,HCA HEALTHCARE INC,COM,40412C101,1084923,12351122,SH,,SOLE,,12351122,0,0
30,HERTZ GLOBAL HLDGS INC,COM,42806J106,95193,4307353,SH,,SOLE,,4307353,0,0
31,IQVIA HLDGS INC,COM,46266C105,839682,8576935,SH,,SOLE,,8576935,0,0
32,KINDER MORGAN INC DEL,COM,49456B101,32881,1819630,SH,,SOLE,,1819630,0,0
33,KINDRED HEALTHCARE INC,COM,494580103,19305,1990247,SH,,SOLE,,1990247,0,0
34,LABORATORY CORP AMER HLDGS,COM NEW,50540R409,425960,2670426,SH,,SOLE,,2670426,0,0
35,LIBERTY GLOBAL PLC,SHS CL A,G5480U104,246453,6876465,SH,,SOLE,,6876465,0,0
36,LIBERTY GLOBAL PLC,SHS CL C,G5480U120,211132,6239140,SH,,SOLE,,6239140,0,0
37,LOWES COS INC,COM,548661107,125593,1351331,SH,,SOLE,,1351331,0,0
38,LYONDELLBASELL INDUSTRIES N,SHS - A -,N53745100,43160,391230,SH,,SOLE,,391230,0,0
39,MCKESSON CORP,COM,58155Q103,592917,3801966,SH,,SOLE,,3801966,0,0
40,MERITOR INC,COM,59001K100,114089,4863111,SH,,SOLE,,4863111,0,0
41,MICHAELS COS INC,COM,59408Q106,87975,3636818,SH,,SOLE,,3636818,0,0
42,MOHAWK INDS INC,COM,608190104,80715,292551,SH,,SOLE,,292551,0,0
43,MONSANTO CO NEW,COM,61166W101,37971,325149,SH,,SOLE,,325149,0,0
44,NEWELL BRANDS INC,COM,651229106,525700,17012932,SH,,SOLE,,17012932,0,0
45,PENTAIR PLC,SHS,G7S00T104,157818,2234747,SH,,SOLE,,2234747,0,0
46,PLATFORM SPECIALTY PRODS COR,COM,72766Q105,142140,14328633,SH,,SOLE,,14328633,0,0
47,REALOGY HLDGS CORP,COM,75605Y106,103261,3896651,SH,,SOLE,,3896651,0,0
48,SHIRE PLC,SPONSORED ADR,82481R106,890173,5738610,SH,,SOLE,,5738610,0,0
49,TAILORED BRANDS INC,COM,87403A107,2893,132517,SH,,SOLE,,132517,0,0
50,TENET HEALTHCARE CORP,COM NEW,88033G407,271293,17895314,SH,,SOLE,,17890230,0,0
51,THERMO FISHER SCIENTIFIC INC,COM,883556102,631840,3327576,SH,,SOLE,,3327576,0,0
52,UNIVERSAL HLTH SVCS INC,CL B,913903100,467745,4126555,SH,,SOLE,,4126555,0,0
53,VANTIV INC,CL A,92210H105,153827,2091464,SH,,SOLE,,2091464,0,0
54,VEREIT INC,COM,92339V100,159486,20473142,SH,,SOLE,,20473142,0,0
55,VISA INC,COM CL A,92826C839,182753,1602813,SH,,SOLE,,1602813,0,0
56,WALGREENS BOOTS ALLIANCE INC,COM,931427108,495973,6829696,SH,,SOLE,,6829696,0,0
57,WILLIAMS COS INC DEL,COM,969457100,309455,10149408,SH,,SOLE,,10149408,0,0
