,NAME OF ISSUER,TITLE OF CLASS,CUSIP,(x$1000),PRN AMT,PRN,CALL,DISCRETION,MANAGER,SOLE,SHARED,NONE
0,ADVANCE AUTO PARTS INC,COM,00751Y106,131609,975460,SH,,SOLE,,975460,0,0
1,AETNA INC NEW,COM,00817Y108,282064,3478835,SH,,SOLE,,3478835,0,0
2,AMERICAN INTL GROUP INC,COM NEW,026874784,537788,9853198,SH,,SOLE,,9853198,0,0
3,AON PLC,SHS CL A,G0408V102,104536,1160347,SH,,SOLE,,1160347,0,0
4,APPLIED MATLS INC,COM,038222105,342681,15196480,SH,,SOLE,,15196480,0,0
5,ASBURY AUTOMOTIVE GROUP INC,COM,043436104,63304,920923,SH,,SOLE,,920923,0,0
6,AUTONATION INC,COM,05329W102,37042,620676,SH,,SOLE,,620676,0,0
7,AVIS BUDGET GROUP,COM,053774105,236590,3963647,SH,,SOLE,,3963647,0,0
8,BABCOCK & WILCOX CO NEW,COM,05615F102,114932,3540728,SH,,SOLE,,3540728,0,0
9,BROOKDALE SR LIVING INC,COM,112463104,133351,3999730,SH,,SOLE,,3999730,0,0
10,CADENCE DESIGN SYSTEM INC,COM,127387108,208508,11921572,SH,,SOLE,,11921572,0,0
11,CANADIAN PAC RY LTD,COM,13645T100,23614,130363,SH,,SOLE,,130363,0,0
12,CAREFUSION CORP,COM,14170T101,84695,1909705,SH,,SOLE,,1909705,0,0
13,CARTER INC,COM,146229109,184292,2673608,SH,,SOLE,,2673608,0,0
14,CBS CORP NEW,CL B,124857202,330947,5325826,SH,,SOLE,,5325826,0,0
15,CDW CORP,COM,12514G108,94588,2967000,SH,,SOLE,,2967000,0,0
16,CEMEX SAB DE CV,SPON ADR NEW,151290889,74349,5619704,SH,,SOLE,,5619704,0,0
17,CIGNA CORPORATION,COM,125509109,204783,2226626,SH,,SOLE,,2226626,0,0
18,CITIGROUP INC,*W EXP 01/04/201,172967226,5221,8561020,SH,,SOLE,,8561020,0,0
19,CITIGROUP INC,COM NEW,172967424,215971,4585368,SH,,SOLE,,4585368,0,0
20,COMMUNITY HEALTH SYS INC NEW,COM,203668108,548695,12093795,SH,,SOLE,,12093795,0,0
21,COMPUTER SCIENCES CORP,COM,205363104,227261,3595901,SH,,SOLE,,3595901,0,0
22,CROWN CASTLE INTL CORP,COM,228227104,611813,8238790,SH,,SOLE,,8238790,0,0
23,DOLLAR GEN CORP NEW,COM,256677105,471288,8216315,SH,,SOLE,,8216315,0,0
24,EBAY INC,COM,278642103,246292,4919927,SH,,SOLE,,4919927,0,0
25,ENDO INTL PLC,SHS,G30401106,275212,3930472,SH,,SOLE,,3930472,0,0
26,FAMILY DLR STORES INC,COM,307000109,199818,3021143,SH,,SOLE,,3021143,0,0
27,FIDELITY NATIONAL FINANCIAL,CL A,31620R105,201004,6135663,SH,,SOLE,,6135663,0,0
28,FIDELITY NATL INFORMATION SV,COM,31620M106,33517,612288,SH,,SOLE,,612288,0,0
29,FLEXTRONICS INTL LTD,ORD,Y2573F102,776350,70130959,SH,,SOLE,,70130959,0,0
30,FOSSIL GROUP INC,COM,34988V106,279449,2673638,SH,,SOLE,,2673638,0,0
31,GENERAL MTRS CO,COM,37045V100,197866,5450867,SH,,SOLE,,5450867,0,0
32,GLOBAL PMTS INC,COM,37940X102,166965,2291905,SH,,SOLE,,2291905,0,0
33,GROUP 1 AUTOMOTIVE INC,COM,398905109,62890,745938,SH,,SOLE,,745938,0,0
34,HCA HOLDINGS INC,COM,40412C101,668816,11862642,SH,,SOLE,,11862642,0,0
35,HERTZ GLOBAL HOLDINGS INC,COM,42805T105,553198,19735934,SH,,SOLE,,19735934,0,0
36,HUMANA INC,COM,444859102,640666,5016176,SH,,SOLE,,5016176,0,0
37,LIBERTY GLOBAL PLC,SHS CL A,G5480U104,65416,1479329,SH,,SOLE,,1479329,0,0
38,LIBERTY GLOBAL PLC,SHS CL C,G5480U120,50755,1199596,SH,,SOLE,,1199596,0,0
39,LIFEPOINT HOSPITALS INC,COM,53219L109,91189,1468429,SH,,SOLE,,1468429,0,0
40,LITHIA MTRS INC,CL A,536797103,79872,849073,SH,,SOLE,,849073,0,0
41,MCKESSON CORP,COM,58155Q103,46553,250000,SH,Call,SOLE,,250000,0,0
42,MCKESSON CORP,COM,58155Q103,528402,2837666,SH,,SOLE,,2837666,0,0
43,MERITOR INC,COM,59001K100,111059,8516803,SH,,SOLE,,8516803,0,0
44,MONSANTO CO NEW,COM,61166W101,1048822,8408065,SH,,SOLE,,8408065,0,0
45,NATIONAL OILWELL VARCO INC,COM,637071101,435848,5292631,SH,,SOLE,,5292631,0,0
46,NXP SEMICONDUCTORS N V,COM,N6596X109,71391,1078743,SH,,SOLE,,1078743,0,0
47,PENNEY J C INC,COM,708160106,49214,5438051,SH,,SOLE,,5438051,0,0
48,PENTAIR PLC,SHS,G7S00T104,82367,1142082,SH,,SOLE,,1142082,0,0
49,PHH CORP,COM NEW,693320202,65708,2859351,SH,,SOLE,,2859351,0,0
50,PHILLIPS 66,COM,718546104,195644,2432481,SH,,SOLE,,2432481,0,0
51,PVH CORP,COM,693656100,413138,3543208,SH,,SOLE,,3543208,0,0
52,SCORPIO TANKERS INC,SHS,Y7542C106,22911,2252800,SH,,SOLE,,2252800,0,0
53,SEAWORLD ENTMT INC,COM,81282V100,95749,3379777,SH,,SOLE,,3379777,0,0
54,SINCLAIR BROADCAST GROUP INC,CL A,829226109,67495,1942300,SH,,SOLE,,1942300,0,0
55,SONIC AUTOMOTIVE INC,CL A,83545G102,46342,1736952,SH,,SOLE,,1736952,0,0
56,SPRINT CORP,COM SER 1,85207U105,104097,12203617,SH,,SOLE,,12203617,0,0
57,SUNEDISON INC,COM,86732Y109,125335,5545800,SH,,SOLE,,5545800,0,0
58,SYNGENTA AG,SPONSORED ADR,87160A100,33762,451358,SH,,SOLE,,451358,0,0
59,TENET HEALTHCARE CORP,COM NEW,88033G407,648374,13812831,SH,,SOLE,,13812831,0,0
60,TERADYNE INC,COM,880770102,61287,3126880,SH,,SOLE,,3126880,0,0
61,THE ADT CORPORATION,COM,00101J106,74398,2129297,SH,,SOLE,,2129297,0,0
62,THERMO FISHER SCIENTIFIC INC,COM,883556102,1291179,10942193,SH,,SOLE,,10942193,0,0
63,TIME WARNER CABLE INC,COM,88732J207,394670,2679360,SH,,SOLE,,2679360,0,0
64,T-MOBILE US INC,COM,872590104,284040,8448538,SH,,SOLE,,8448538,0,0
65,UNIVERSAL HLTH SVCS INC,CL B,913903100,11960,124896,SH,,SOLE,,124896,0,0
66,VCA INC,COM,918194101,308482,8791170,SH,,SOLE,,8791170,0,0
67,WALGREEN CO,COM,931422109,37065,500000,SH,Call,SOLE,,500000,0,0
68,WALGREEN CO,COM,931422109,265232,3577926,SH,,SOLE,,3577926,0,0
69,WELLPOINT INC,COM,94973V107,485945,4515800,SH,,SOLE,,4515800,0,0
