,NAME OF ISSUER,TITLE OF CLASS,CUSIP,(x$1000),PRN AMT,PRN,CALL,DISCRETION,MANAGER,SOLE,SHARED,NONE
0,ABBVIE INC,COM,00287Y109,474631,5341332,SH,,SOLE,,5341332,0,0
1,AETNA INC NEW,COM,00817Y108,603361,3794484,SH,,SOLE,,3794484,0,0
2,ALPHABET INC,CAP STK CL A,02079K305,592129,608110,SH,,SOLE,,608110,0,0
3,ANTHEM INC,COM,036752103,722022,3802515,SH,,SOLE,,3802515,0,0
4,APPLE INC,COM,037833100,383687,2489532,SH,,SOLE,,2489532,0,0
5,AVIS BUDGET GROUP,COM,053774105,289180,7598004,SH,,SOLE,,7598004,0,0
6,BROOKDALE SR LIVING INC,COM,112463104,166958,15750718,SH,,SOLE,,15750718,0,0
7,CBS CORP NEW,CL B,124857202,380938,6567902,SH,,SOLE,,6567902,0,0
8,CIGNA CORPORATION,COM,125509109,576477,3083753,SH,,SOLE,,3083753,0,0
9,CITIGROUP INC,*W EXP 01/04/201,172967226,925,8031020,SH,,SOLE,,8031020,0,0
10,COCA COLA EUROPEAN PARTNERS,SHS,G25839104,131482,3159116,SH,,SOLE,,3159116,0,0
11,COMCAST CORP NEW,CL A,20030N101,88606,2302642,SH,,SOLE,,2302642,0,0
12,CONDUENT INC,COM,206787103,62680,4000000,SH,,SOLE,,4000000,0,0
13,CVS HEALTH CORP,COM,126650100,111327,1369003,SH,,SOLE,,1369003,0,0
14,DELPHI AUTOMOTIVE PLC,SHS,G27823106,233816,2376174,SH,,SOLE,,2376174,0,0
15,DOWDUPONT INC,COM,26078J100,1124211,16238778,SH,,SOLE,,16238778,0,0
16,DUN & BRADSTREET CORP DEL NE,COM,26483E100,210808,1810906,SH,,SOLE,,1810906,0,0
17,DXC TECHNOLOGY CO,COM,23355L106,671577,7819944,SH,,SOLE,,7819944,0,0
18,EBAY INC,COM,278642103,402165,10456699,SH,,SOLE,,10456699,0,0
19,ENDO INTL PLC,SHS,G30401106,93815,10953261,SH,,SOLE,,10953261,0,0
20,F M C CORP,COM NEW,302491303,1046820,11721194,SH,,SOLE,,11721194,0,0
21,FEDEX CORP,COM,31428X106,28766,127521,SH,,SOLE,,127521,0,0
22,FIRST DATA CORP NEW,COM CL A,32008D106,306129,16969432,SH,,SOLE,,16969432,0,0
23,FLEX LTD,ORD,Y2573F102,653401,39432751,SH,,SOLE,,39432751,0,0
24,HCA HEALTHCARE INC,COM,40412C101,1206261,15155942,SH,,SOLE,,15155942,0,0
25,HERTZ GLOBAL HLDGS INC,COM,42806J106,113190,5062166,SH,,SOLE,,5062166,0,0
26,KINDER MORGAN INC DEL,COM,49456B101,34901,1819630,SH,,SOLE,,1819630,0,0
27,KINDRED HEALTHCARE INC,COM,494580103,28680,4217713,SH,,SOLE,,4217713,0,0
28,LABORATORY CORP AMER HLDGS,COM NEW,50540R409,439049,2908188,SH,,SOLE,,2908188,0,0
29,LIBERTY GLOBAL PLC,SHS CL A,G5480U104,263090,7758465,SH,,SOLE,,7758465,0,0
30,LIBERTY GLOBAL PLC,SHS CL C,G5480U120,213575,6531357,SH,,SOLE,,6531357,0,0
31,LOWES COS INC,COM,548661107,335093,4191810,SH,,SOLE,,4191810,0,0
32,MCKESSON CORP,COM,58155Q103,417954,2720878,SH,,SOLE,,2720878,0,0
33,MERITOR INC,COM,59001K100,152856,5876817,SH,,SOLE,,5876817,0,0
34,MGM RESORTS INTERNATIONAL,COM,552953101,32396,994046,SH,,SOLE,,994046,0,0
35,MOHAWK INDS INC,COM,608190104,104507,422233,SH,,SOLE,,422233,0,0
36,MONSANTO CO NEW,COM,61166W101,42628,355764,SH,,SOLE,,355764,0,0
37,NIKE INC,CL B,654106103,108504,2092657,SH,,SOLE,,2092657,0,0
38,PENTAIR PLC,SHS,G7S00T104,120369,1771167,SH,,SOLE,,1771167,0,0
39,PLATFORM SPECIALTY PRODS COR,COM,72766Q105,159764,14328633,SH,,SOLE,,14328633,0,0
40,PRAXAIR INC,COM,74005P104,13974,100000,SH,,SOLE,,100000,0,0
41,QUINTILES IMS HOLDINGS INC,COM,74876Y101,848153,8921356,SH,,SOLE,,8921356,0,0
42,REALOGY HLDGS CORP,COM,75605Y106,128395,3896651,SH,,SOLE,,3896651,0,0
43,SHIRE PLC,SPONSORED ADR,82481R106,898800,5869138,SH,,SOLE,,5869138,0,0
44,TAILORED BRANDS INC,COM,87403A107,34656,2400000,SH,,SOLE,,2400000,0,0
45,TENET HEALTHCARE CORP,COM NEW,88033G407,293936,17890230,SH,,SOLE,,17890230,0,0
46,THERMO FISHER SCIENTIFIC INC,COM,883556102,516294,2728827,SH,,SOLE,,2728827,0,0
47,TWITTER INC,COM,90184L102,83973,4977679,SH,,SOLE,,4977679,0,0
48,UNIVERSAL HLTH SVCS INC,CL B,913903100,255105,2299484,SH,,SOLE,,2299484,0,0
49,VANTIV INC,CL A,92210H105,11550,163901,SH,,SOLE,,163901,0,0
50,VEREIT INC,COM,92339V100,158214,19084897,SH,,SOLE,,19084897,0,0
51,VISA INC,COM CL A,92826C839,213495,2028651,SH,,SOLE,,2028651,0,0
52,WALGREENS BOOTS ALLIANCE INC,COM,931427108,3815,49400,SH,,SOLE,,49400,0,0
53,WILLIAMS COS INC DEL,COM,969457100,225888,7527089,SH,,SOLE,,7527089,0,0
54,WYNDHAM WORLDWIDE CORP,COM,98310W108,50383,477974,SH,,SOLE,,477974,0,0
55,ZIMMER BIOMET HLDGS INC,COM,98956P102,369464,3155386,SH,,SOLE,,3155386,0,0
