,NAME OF ISSUER,TITLE OF CLASS,CUSIP,(x$1000),PRN AMT,PRN,CALL,DISCRETION,MANAGER,SOLE,SHARED,NONE
0,ADVANCED DISP SVCS INC DEL,COM,00790X101,23009,700000,SH,,SOLE,0,700000,0,0
1,ALLERGAN PLC,SHS,G0177J108,42057,220000,SH,,SOLE,0,220000,0,0
2,ALLERGAN PLC,SHS,G0177J108,15485,81000,SH,Put,SOLE,0,81000,0,0
3,ALPHABET INC,CAP STK CL C,02079K107,5835,4364,SH,,SOLE,0,4364,0,0
4,AMAZON COM INC,COM,023135106,7140,3864,SH,,SOLE,0,3864,0,0
5,AMERICAN AIRLS GROUP INC,COM,02376R102,2475,86300,SH,,SOLE,0,86300,0,0
6,AMERICAN AXLE & MFG HLDGS IN,COM,024061103,1399,130000,SH,,SOLE,0,130000,0,0
7,APPLE INC,COM,037833100,8013,27287,SH,,SOLE,0,27287,0,0
8,ARQULE INC,COM,04269E107,5988,300000,SH,,SOLE,0,300000,0,0
9,AUDENTES THERAPEUTICS INC,COM,05070R104,17952,300000,SH,,SOLE,0,300000,0,0
10,AUDENTES THERAPEUTICS INC,COM,05070R104,11968,200000,SH,Put,SOLE,0,200000,0,0
11,CAESARS ENTMT CORP,COM,127686103,22539,1657300,SH,,SOLE,0,1657300,0,0
12,CISION LTD,SHS,G1992S109,2885,289344,SH,,SOLE,0,289344,0,0
13,CYPRESS SEMICONDUCTOR CORP,COM,232806109,28229,1210000,SH,,SOLE,0,1210000,0,0
14,CYPRESS SEMICONDUCTOR CORP,COM,232806109,6999,300000,SH,Put,SOLE,0,300000,0,0
15,DANAHER CORPORATION,COM,235851102,8810,57400,SH,,SOLE,0,57400,0,0
16,DISH NETWORK CORP,NOTE 3.375% 8/1,25470MAB5,4841,5000000,SH,,SOLE,0,5000000,0,0
17,DISNEY WALT CO,COM DISNEY,254687106,5858,40500,SH,,SOLE,0,40500,0,0
18,FACEBOOK INC,CL A,30303M102,5482,26710,SH,,SOLE,0,26710,0,0
19,FIDELITY NATL INFORMATION SV,COM,31620M106,1434,10308,SH,,SOLE,0,10308,0,0
20,FITBIT INC,CL A,33812L102,3285,500000,SH,,SOLE,0,500000,0,0
21,INTERXION HOLDING N.V,SHS,N47279109,6286,75000,SH,,SOLE,0,75000,0,0
22,INVESCO EXCHNG TRADED FD TR,SR LN ETF,46138G508,9130,400100,SH,Put,SOLE,0,400100,0,0
23,ISHARES TR,MSCI EMG MKT ETF,464287234,22435,500000,SH,Call,SOLE,0,500000,0,0
24,ISHARES TR,RUSSELL 2000 ETF,464287655,107686,650000,SH,Call,SOLE,0,650000,0,0
25,KRATON CORPORATION,COM,50077C106,1015,40100,SH,,SOLE,0,40100,0,0
26,LIBERTY MEDIA CORP DELAWARE,COM A SIRIUSXM,531229409,1121,23200,SH,,SOLE,0,23200,0,0
27,LIBERTY PPTY TR,SH BEN INT,531172104,18015,300000,SH,,SOLE,0,300000,0,0
28,MANCHESTER UTD PLC NEW,ORD CL A,G5784H106,2113,106015,SH,,SOLE,0,106015,0,0
29,MASTERCARD INC,CL A,57636Q104,1911,6400,SH,,SOLE,0,6400,0,0
30,MAXAR TECHNOLOGIES INC,COM,57778K105,1977,126137,SH,,SOLE,0,126137,0,0
31,MEDICINES CO,COM,584688105,19879,234037,SH,,SOLE,0,234037,0,0
32,MEDICINES CO,COM,584688105,10618,125000,SH,Put,SOLE,0,125000,0,0
33,MELLANOX TECHNOLOGIES LTD,SHS,M51363113,7617,65000,SH,Put,SOLE,0,65000,0,0
34,MICROSOFT CORP,COM,594918104,8073,51193,SH,,SOLE,0,51193,0,0
35,OLIN CORP,COM PAR $1,680665205,949,55000,SH,,SOLE,0,55000,0,0
36,PACIRA BIOSCIENCES,COM,695127100,6342,140000,SH,,SOLE,0,140000,0,0
37,PAYPAL HLDGS INC,COM,70450Y103,1547,14300,SH,,SOLE,0,14300,0,0
38,TALLGRASS ENERGY LP,CLASS A SHS,874696107,18802,850000,SH,,SOLE,0,850000,0,0
39,TIFFANY & CO NEW,COM,886547108,20315,152000,SH,,SOLE,0,152000,0,0
40,TIVO CORP,COM,88870P106,5088,600000,SH,,SOLE,0,600000,0,0
41,TIVO CORP,COM,88870P106,848,100000,SH,Put,SOLE,0,100000,0,0
42,UNITED STATES CELLULAR CORP,COM,911684108,362,10000,SH,,SOLE,0,10000,0,0
43,VISA INC,COM CL A,92826C839,1710,9100,SH,,SOLE,0,9100,0,0
44,VODAFONE GROUP PLC NEW,SPONSORED ADR,92857W308,1160,60000,SH,,SOLE,0,60000,0,0
45,WABCO HLDGS INC,COM,92927K102,31436,232000,SH,,SOLE,0,232000,0,0
46,WELLCARE HEALTH PLANS INC,COM,94946T106,44578,135000,SH,,SOLE,0,135000,0,0
47,WRIGHT MED GROUP N V,ORD SHS,N96617118,10674,350200,SH,,SOLE,0,350200,0,0
48,WYNDHAM HOTELS & RESORTS INC,COM,98311A105,3103,49400,SH,,SOLE,0,49400,0,0
49,ZAYO GROUP HLDGS INC,COM,98919V105,21690,625983,SH,,SOLE,0,625983,0,0
