,NAME OF ISSUER,TITLE OF CLASS,CUSIP,(x$1000),PRN AMT,PRN,CALL,DISCRETION,MANAGER,SOLE,SHARED,NONE
0,ASHLAND INC NEW,COM,044209104,13475,145705,SH,,SOLE,,145705,0,0
1,ASTEX PHARMACEUTICALS INC,COM,04624B103,17892,2107445,SH,,SOLE,,2107445,0,0
2,BERRY PLASTICS GROUP INC,COM,08579W103,19341,968520,SH,,SOLE,,968520,0,0
3,BOB EVANS FARMS INC,COM,096761101,773,13500,SH,Call,SOLE,,13500,0,0
4,BOB EVANS FARMS INC,COM,096761101,46619,814019,SH,,SOLE,,814019,0,0
5,COEUR MNG INC,*W EXP 04/16/201,192108116,25,10888,SH,,SOLE,,10888,0,0
6,COMPUWARE CORP,COM,205638109,46200,4128726,SH,,SOLE,,4128726,0,0
7,COPART INC,COM,217204106,11234,353377,SH,,SOLE,,353377,0,0
8,ELAN PLC,ADR,284131208,20395,1309050,SH,,SOLE,,1309050,0,0
9,EQUINIX INC,COM NEW,29444U502,16342,88985,SH,,SOLE,,88985,0,0
10,HERTZ GLOBAL HOLDINGS INC,COM,42805T105,13312,600741,SH,,SOLE,,600741,0,0
11,HILLSHIRE BRANDS CO,COM,432589109,6092,198180,SH,,SOLE,,198180,0,0
12,IRON MTN INC,COM,462846106,5860,216877,SH,,SOLE,,216877,0,0
13,KAYDON CORP,COM,486587108,12077,340000,SH,,SOLE,,340000,0,0
14,LAMAR ADVERTISING CO,CL A,512815101,19407,412650,SH,,SOLE,,412650,0,0
15,LENDER PROCESSING SVCS INC,COM,52602E102,15492,465657,SH,,SOLE,,465657,0,0
16,LIFE TECHNOLOGIES CORP,COM,53217V109,33361,445825,SH,,SOLE,,445825,0,0
17,MOLEX INC,COM,608554101,2400,62300,SH,Put,SOLE,,62300,0,0
18,MOLEX INC,CL A,608554200,1469,38380,SH,,SOLE,,38380,0,0
19,MOLEX INC,CL A,608554200,249,6500,SH,Put,SOLE,,6500,0,0
20,NOBLE CORPORATION BAAR,NAMEN -AKT,H5833N103,19521,516830,SH,,SOLE,,516830,0,0
21,NYSE EURONEXT,COM,629491101,26208,624290,SH,,SOLE,,624290,0,0
22,OIL STS INTL INC,COM,678026105,21888,211557,SH,,SOLE,,211557,0,0
23,ONYX PHARMACEUTICALS INC,COM,683399109,21110,169287,SH,,SOLE,,169287,0,0
24,PHILLIPS 66,COM,718546104,22311,385865,SH,,SOLE,,385865,0,0
25,QEP RES INC,COM,74733V100,12849,464035,SH,,SOLE,,464035,0,0
26,ROCKWOOD HLDGS INC,COM,774415103,2425,36244,SH,,SOLE,,36244,0,0
27,SAFEWAY INC,COM NEW,786514208,6825,213345,SH,,SOLE,,213345,0,0
28,SAKS INC,COM,79377W108,3188,200000,SH,Call,SOLE,,200000,0,0
29,SPECTRA ENERGY CORP,COM,847560109,68780,2009360,SH,,SOLE,,2009360,0,0
30,TESORO CORP,COM,881609101,15801,359280,SH,,SOLE,,359280,0,0
31,TIMKEN CO,COM,887389104,23295,385675,SH,,SOLE,,385675,0,0
32,VISTEON CORP,COM NEW,92839U206,30055,397346,SH,,SOLE,,397346,0,0
