,NAME OF ISSUER,TITLE OF CLASS,CUSIP,(x$1000),PRN AMT,PRN,CALL,DISCRETION,MANAGER,SOLE,SHARED,NONE
0,ADVANCED DISP SVCS INC DEL,COM,00790X101,42640,1300000,SH,,SOLE,0,1300000,0,0
1,ALLERGAN PLC,SHS,G0177J108,41618,235000,SH,,SOLE,0,235000,0,0
2,ALPHABET INC,CAP STK CL C,02079K107,5656,4864,SH,,SOLE,0,4864,0,0
3,AMAZON COM INC,COM,023135106,8509,4364,SH,,SOLE,0,4364,0,0
4,AMERICAN AXLE & MFG HLDGS IN,COM,024061103,1228,340291,SH,,SOLE,0,340291,0,0
5,APPLE INC,COM,037833100,7753,30487,SH,,SOLE,0,30487,0,0
6,AVANTOR INC,COM,05352A100,1499,120000,SH,,SOLE,0,120000,0,0
7,BERKSHIRE HATHAWAY INC DEL,CL B NEW,084670702,10732,58700,SH,,SOLE,0,58700,0,0
8,CAESARS ENTMT CORP,COM,127686103,20003,2958954,SH,,SOLE,0,2958954,0,0
9,CHURCHILL CAP CORP III,UNIT 03/01/2027,17144C203,1000,100000,SH,,SOLE,0,100000,0,0
10,CYPRESS SEMICONDUCTOR CORP,COM,232806109,25879,1109754,SH,,SOLE,0,1109754,0,0
11,CYPRESS SEMICONDUCTOR CORP,COM,232806109,4664,200000,SH,Call,SOLE,0,200000,0,0
12,DANA INCORPORATED,COM,235825205,976,125000,SH,,SOLE,0,125000,0,0
13,DANAHER CORPORATION,COM,235851102,22436,162100,SH,,SOLE,0,162100,0,0
14,DELPHI TECHNOLOGIES PL,SHS,G2709G107,1610,200000,SH,,SOLE,0,200000,0,0
15,DELPHI TECHNOLOGIES PL,SHS,G2709G107,403,50000,SH,Call,SOLE,0,50000,0,0
16,DELTA AIR LINES INC DEL,COM NEW,247361702,1284,45000,SH,,SOLE,0,45000,0,0
17,DELTA AIR LINES INC DEL,COM NEW,247361702,1284,45000,SH,Call,SOLE,0,45000,0,0
18,DISH NETWORK CORPORATION,NOTE 3.375% 8/1,25470MAB5,6345,8000000,SH,,SOLE,0,8000000,0,0
19,DISNEY WALT CO,COM DISNEY,254687106,4878,50500,SH,,SOLE,0,50500,0,0
20,DISNEY WALT CO,COM DISNEY,254687106,2898,30000,SH,Put,SOLE,0,30000,0,0
21,E TRADE FINANCIAL CORP,COM NEW,269246401,8580,250000,SH,,SOLE,0,250000,0,0
22,FACEBOOK INC,CL A,30303M102,4989,29910,SH,,SOLE,0,29910,0,0
23,FERRARI N V,COM,N3167Y103,2289,15000,SH,,SOLE,0,15000,0,0
24,FIDELITY NATL INFORMATION SV,COM,31620M106,2677,22008,SH,,SOLE,0,22008,0,0
25,GOGO INC,COM,38046C109,883,416539,SH,,SOLE,0,416539,0,0
26,KRATON CORPORATION,COM,50077C106,3028,373826,SH,,SOLE,0,373826,0,0
27,LEGG MASON INC,COM,524901105,8549,175000,SH,,SOLE,0,175000,0,0
28,LIBERTY MEDIA CORP DEL,COM A SIRIUSXM,531229409,735,23200,SH,,SOLE,0,23200,0,0
29,LOGMEIN INC,COM,54142L109,8328,100000,SH,,SOLE,0,100000,0,0
30,MANCHESTER UTD PLC NEW,ORD CL A,G5784H106,3344,222171,SH,,SOLE,0,222171,0,0
31,MASTERCARD INC,CL A,57636Q104,2657,11000,SH,,SOLE,0,11000,0,0
32,MAXAR TECHNOLOGIES INC,COM,57778K105,3540,331478,SH,,SOLE,0,331478,0,0
33,MERITOR INC,NOTE 3.250%10/1,59001KAF7,2579,3000000,SH,,SOLE,0,3000000,0,0
34,MICROSOFT CORP,COM,594918104,9020,57193,SH,,SOLE,0,57193,0,0
35,OLIN CORP,COM PAR $1,680665205,2509,215000,SH,,SOLE,0,215000,0,0
36,PAYPAL HLDGS INC,COM,70450Y103,2575,26900,SH,,SOLE,0,26900,0,0
37,PRIMO WATER CORPORATION,COM,74167P108,635,70081,SH,,SOLE,0,70081,0,0
38,RA PHARMACEUTICALS INC,COM,74933V108,9602,200000,SH,,SOLE,0,200000,0,0
39,SPDR S&P 500 ETF TR,TR UNIT,78462F103,12856,49879,SH,,SOLE,0,49879,0,0
40,SPRINT CORPORATION,COM,85207U105,2155,250000,SH,Call,SOLE,0,250000,0,0
41,TALLGRASS ENERGY LP,CLASS A SHS,874696107,13991,850000,SH,,SOLE,0,850000,0,0
42,TALLGRASS ENERGY LP,CLASS A SHS,874696107,288,17500,SH,Put,SOLE,0,17500,0,0
43,TAUBMAN CTRS INC,COM,876664103,17799,425000,SH,,SOLE,0,425000,0,0
44,TD AMERITRADE HLDG CORP,COM,87236Y108,13864,400000,SH,,SOLE,0,400000,0,0
45,TEGNA INC,COM,87901J105,1,100,SH,,SOLE,0,100,0,0
46,TEGNA INC,COM,87901J105,1086,100000,SH,Call,SOLE,0,100000,0,0
47,TIFFANY & CO NEW,COM,886547108,46232,357000,SH,,SOLE,0,357000,0,0
48,TIFFANY & CO NEW,COM,886547108,104,800,SH,Call,SOLE,0,800,0,0
49,TIVO CORP,COM,88870P106,7788,1100000,SH,,SOLE,0,1100000,0,0
50,TIVO CORP,COM,88870P106,119,16800,SH,Put,SOLE,0,16800,0,0
51,UNITED RENTALS INC,COM,911363109,514,5000,SH,,SOLE,0,5000,0,0
52,UNITED STATES CELLULAR CORP,COM,911684108,586,20000,SH,,SOLE,0,20000,0,0
53,VERTIV HOLDINGS CO,COM CL A,92537N108,1903,220000,SH,,SOLE,0,220000,0,0
54,VISA INC,COM CL A,92826C839,2723,16900,SH,,SOLE,0,16900,0,0
55,VODAFONE GROUP PLC NEW,SPONSORED ADR,92857W308,2410,175000,SH,,SOLE,0,175000,0,0
56,WABCO HLDGS INC,COM,92927K102,33762,250000,SH,,SOLE,0,250000,0,0
57,WRIGHT MED GROUP N V,ORD SHS,N96617118,9587,334615,SH,,SOLE,0,334615,0,0
58,WYNDHAM HOTELS & RESORTS INC,COM,98311A105,1557,49400,SH,,SOLE,0,49400,0,0
