,NAME OF ISSUER,TITLE OF CLASS,CUSIP,(x$1000),PRN AMT,PRN,CALL,DISCRETION,MANAGER,SOLE,SHARED,NONE
0,AFFYMETRIX INC,COM,00826T108,11980,855100,SH,,SOLE,,855100,0,0
1,AIRGAS INC,COM,009363102,19103,134870,SH,,SOLE,,134870,0,0
2,AKORN INC,COM,009728106,11547,490744,SH,,SOLE,,490744,0,0
3,ALLY FINANCIAL INC,COM,02005N100,7155,382200,SH,,SOLE,,382200,0,0
4,BAXALTA INC,COM,07177M103,20162,499070,SH,,SOLE,,499070,0,0
5,BLOUNT INTERNATIONAL INC,COM,095180105,4465,447400,SH,,SOLE,,447400,0,0
6,BOB EVANS FARMS,COM,096761101,64318,1377561,SH,,SOLE,,1377561,0,0
7,CABLEVISION SYSTEMS,CL A NY CABLVS,12686C109,20543,622500,SH,,SOLE,,622500,0,0
8,CAMERON INTERNATIONAL CORP,COM,13342B105,19538,291400,SH,,SOLE,,291400,0,0
9,CIT Group Inc,COM NEW,125581801,7359,237143,SH,,SOLE,,237143,0,0
10,COLUMBIA PIPELINE GROUP,COM,198280109,2327,92700,SH,,SOLE,,92700,0,0
11,CONAGRA FOODS INC,COM,205887102,12186,273100,SH,,SOLE,,273100,0,0
12,FAIRCHILD SEMICONDUCTOR INTERNATIONAL,COM,303726103,11618,580900,SH,,SOLE,,580900,0,0
13,MEDIA GENERAL INC,COM,58441K100,17281,1059510,SH,,SOLE,,1059510,0,0
14,SANDISK CORP,COM,80004C101,24985,328400,SH,,SOLE,,328400,0,0
15,SELECT SECTOR SPDR TR,SBI INT-FINL,81369Y605,5250,233350,SH,,SOLE,,233350,0,0
16,SPDR S&P 500 ETF TR,Put,78462F953,61656,300000,SH,,SOLE,,300000,0,0
17,STARWOOD HOTELS & RESORTS,COM,85590A401,25930,310800,SH,,SOLE,,310800,0,0
18,TRAVELPORT WORLDWIDE LTD,SHS,G9019D104,4236,310086,SH,,SOLE,,310086,0,0
19,VIAVI SOLUTIONS INC,COM,925550105,17382,2533874,SH,,SOLE,,2533874,0,0
20,YAHOO INC,COM,984332106,32929,894556,SH,,SOLE,,894556,0,0
21,YOUKU TUDOU INC-ADR,SPONSORED ADR,98742U100,19031,692290,SH,,SOLE,,692290,0,0
