,NAME OF ISSUER,TITLE OF CLASS,CUSIP,(x$1000),PRN AMT,PRN,CALL,DISCRETION,MANAGER,SOLE,SHARED,NONE
0,ABBVIE INC,COM,00287Y109,5776,100000,SH,,SOLE,,100000,0,0
1,ACTAVIS PLC,SHS,G0083B108,606747,2514701,SH,,SOLE,,2514701,0,0
2,ADVANCED MICRO DEVICES INC,COM,007903107,3325,975051,SH,,SOLE,,975051,0,0
3,AECOM TECHNOLOGY CORP DELAW,COM,00766T100,109225,3236287,SH,,SOLE,,3236287,0,0
4,AERCAP HOLDINGS NV,SHS,N00985106,463822,11340391,SH,,SOLE,,11340391,0,0
5,AMTRUST FINL SVCS INC,COM,032359309,36296,911500,SH,Call,SOLE,,0,0,0
6,AMTRUST FINL SVCS INC,COM,032359309,3524,88500,SH,Call,SOLE,,0,0,0
7,ALIBABA GROUP HLDG LTD,SPONSORED ADS,01609W102,26655,300000,SH,,SOLE,,300000,0,0
8,AMERICAN CAP LTD,COM,02503Y103,171715,12126736,SH,,SOLE,,12126736,0,0
9,AMERICAN INTL GROUP INC,COM NEW,026874784,633388,11725065,SH,,SOLE,,11725065,0,0
10,AMGEN INC,COM,031162100,388484,2765800,SH,,SOLE,,2765800,0,0
11,APACHE CORP,COM,037411105,314929,3354944,SH,,SOLE,,3354944,0,0
12,ASHLAND INC NEW,COM,044209104,611422,5873406,SH,,SOLE,,5873406,0,0
13,CAMERON INTERNATIONAL CORP,COM,13342B105,580020,8737871,SH,,SOLE,,8737871,0,0
14,CHARTER COMMUNICATIONS INC D,CL A NEW,16117M305,544244,3595456,SH,,SOLE,,3595456,0,0
15,CIVEO CORP,COM,178787107,142127,12241760,SH,,SOLE,,12241760,0,0
16,CIVITAS SOLUTIONS INC,COM,17887R102,5475,350519,SH,,SOLE,,350519,0,0
17,CONSTELLIUM NV,CL A,N22035104,112115,4555655,SH,,SOLE,,4555655,0,0
18,CROWN CASTLE INTL CORP,COM,228227104,8053,100000,SH,,SOLE,,100000,0,0
19,CYTEC INDS INC,COM,232820100,2365,50000,SH,,SOLE,,50000,0,0
20,DOLLAR GEN CORP NEW,COM,256677105,492425,8058007,SH,,SOLE,,8058007,0,0
21,DORIAN LPG LTD,SHS USD,Y2106R110,13247,743370,SH,,SOLE,,743370,0,0
22,EBAY INC,COM,278642103,739765,13063122,SH,,SOLE,,13063122,0,0
23,EBAY INC,COM,278642103,124461,2197800,SH,Call,SOLE,,0,0,0
24,EBAY INC,COM,278642103,175372,3096800,SH,Call,SOLE,,0,0,0
25,ENERGY TRANSFER EQUITY L P,COM UT LTD PTN,29273V100,12674,205450,SH,,SOLE,,205450,0,0
26,EQUINIX INC,COM NEW,29444U502,652804,3072307,SH,,SOLE,,3072307,0,0
27,EQUITY COMWLTH,COM SH BEN INT,294628102,119251,4638326,SH,,SOLE,,4638326,0,0
28,GAMING & LEISURE PPTYS INC,COM,36467J108,43408,1404800,SH,Put,SOLE,,1404800,0,0
29,GAMING & LEISURE PPTYS INC,COM,36467J108,43405,1404700,SH,Put,SOLE,,1404700,0,0
30,GAMING & LEISURE PPTYS INC,COM,36467J108,2945,95300,SH,Put,SOLE,,95300,0,0
31,GAMING & LEISURE PPTYS INC,COM,36467J108,2942,95200,SH,Put,SOLE,,95200,0,0
32,GROUPON INC,COM CL A,399473107,345253,51684639,SH,,SOLE,,51684639,0,0
33,GULFPORT ENERGY CORP,COM NEW,402635304,169908,3181803,SH,,SOLE,,3181803,0,0
34,GULFPORT ENERGY CORP,COM NEW,402635304,10680,200000,SH,Call,SOLE,,0,0,0
35,HD SUPPLY HLDGS INC,COM,40416M105,329949,12103789,SH,,SOLE,,12103789,0,0
36,HERTZ GLOBAL HOLDINGS INC,COM,42805T105,278714,10977326,SH,,SOLE,,10977326,0,0
37,HERTZ GLOBAL HOLDINGS INC,COM,42805T105,88621,3490400,SH,Call,SOLE,,0,0,0
38,HERTZ GLOBAL HOLDINGS INC,COM,42805T105,119536,4708000,SH,Call,SOLE,,0,0,0
39,HERTZ GLOBAL HOLDINGS INC,COM,42805T105,24199,953100,SH,Call,SOLE,,0,0,0
40,HERTZ GLOBAL HOLDINGS INC,COM,42805T105,58493,2303800,SH,Call,SOLE,,0,0,0
41,IRON MTN INC,COM,462846106,16325,500000,SH,Call,SOLE,,0,0,0
42,IROBOT CORP,COM,462726100,3793,124581,SH,,SOLE,,124581,0,0
43,ISHARES TR,CHINA LG-CAP ETF,464287184,10144,265000,SH,,SOLE,,265000,0,0
44,ISHARES TR,RUSSEL 2000 ETF,464287655,43740,400000,SH,,SOLE,,400000,0,0
45,KINDER MORGAN INC DEL,COM,49456B101,9585,250000,SH,,SOLE,,250000,0,0
46,KINDER MORGAN INC DEL,*W EXP 05/25/201,49456B119,80078,21999398,SH,,SOLE,,21999398,0,0
47,LEUCADIA NATL CORP,COM,527288104,171025,7173888,SH,,SOLE,,7173888,0,0
48,LIBERTY INTERACTIVE CORP,INT COM SER A,53071M104,69594,2440166,SH,,SOLE,,2440166,0,0
49,LIBERTY MEDIA CORP DELAWARE,CL A,531229102,15334,325000,SH,,SOLE,,325000,0,0
50,LIBERTY MEDIA CORP DELAWARE,COM SER C,531229300,30544,650000,SH,,SOLE,,650000,0,0
51,MANITOWOC INC,COM,563571108,4690,200000,SH,,SOLE,,200000,0,0
52,MCDONALDS CORP,COM,580135101,79855,842268,SH,,SOLE,,842268,0,0
53,MCDONALDS CORP,COM,580135101,18962,200000,SH,Call,SOLE,,0,0,0
54,MOTOROLA SOLUTIONS INC,COM NEW,620076307,195142,3083794,SH,,SOLE,,3083794,0,0
55,MOTOROLA SOLUTIONS INC,COM NEW,620076307,205730,3251100,SH,Call,SOLE,,0,0,0
56,NRG YIELD INC,COM CL A,62942X108,35596,756567,SH,,SOLE,,756567,0,0
57,OCEANEERING INTL INC,COM,675232102,4888,75000,SH,,SOLE,,75000,0,0
58,PETSMART INC,COM,716768106,679453,9694002,SH,,SOLE,,9694002,0,0
59,QEP RES INC,COM,74733V100,399083,12965656,SH,,SOLE,,12965656,0,0
60,QUNAR CAYMAN IS LTD,SPNS ADR CL B,74906P104,2765,100000,SH,,SOLE,,100000,0,0
61,RACKSPACE HOSTING INC,COM,750086100,228012,7004977,SH,,SOLE,,7004977,0,0
62,ROCKWOOD HLDGS INC,COM,774415103,15290,200000,SH,Call,SOLE,,0,0,0
63,SEADRILL PARTNERS LLC,COMUNIT REP LB,Y7545W109,107040,4000000,SH,,SOLE,,4000000,0,0
64,SEALED AIR CORP NEW,COM,81211K100,5232,150000,SH,,SOLE,,150000,0,0
65,SELECT SECTOR SPDR TR,SBI INT-ENERGY,81369Y506,226550,2500000,SH,Put,SOLE,,2500000,0,0
66,SELECT SECTOR SPDR TR,SBI INT-ENERGY,81369Y506,480286,5300000,SH,Put,SOLE,,5300000,0,0
67,SPDR GOLD TRUST,GOLD SHS,78463V107,81347,700,SH,,SOLE,,700,0,0
68,SPDR GOLD TRUST,GOLD SHS,78463V107,26693,229700,SH,Call,SOLE,,0,0,0
69,SPDR SERIES TRUST,S&P OILGAS EXP,78464A730,9636,140000,SH,,SOLE,,140000,0,0
70,SPDR S&P 500 ETF TR,TR UNIT,78462F103,4669374,23700000,SH,Put,SOLE,,23700000,0,0
71,SPDR S&P 500 ETF TR,TR UNIT,78462F103,689570,3500000,SH,Put,SOLE,,3500000,0,0
72,SPDR S&P 500 ETF TR,TR UNIT,78462F103,492550,2500000,SH,Put,SOLE,,2500000,0,0
73,SUPERVALU INC,COM,868536103,270300,30234893,SH,,SOLE,,30234893,0,0
74,TCP INTL HLDGS LTD,COM,H84689100,762,100000,SH,,SOLE,,100000,0,0
75,TERRAFORM PWR INC,CL A COM,88104R100,17627,610762,SH,,SOLE,,610762,0,0
76,URS CORP NEW,COM,903236107,384340,6671411,SH,,SOLE,,6671411,0,0
77,VALEANT PHARMACEUTICALS INTL,COM,91911K102,168485,1284184,SH,,SOLE,,1284184,0,0
78,VOYA FINL INC,COM,929089100,3910,100000,SH,,SOLE,,100000,0,0
79,WALGREEN CO,COM,931422109,740875,12500000,SH,,SOLE,,12500000,0,0
