,NAME OF ISSUER,TITLE OF CLASS,CUSIP,(x$1000),PRN AMT,PRN,CALL,DISCRETION,MANAGER,SOLE,SHARED,NONE
0,ADOBE INC,COM,00724F101,58413,258189,SH,,SOLE,,258189,0,0
1,ANTHEM INC,COM,036752103,76477,291195,SH,,SOLE,,291195,0,0
2,APPLE INC,COM,037833100,15774,100000,SH,,SOLE,,100000,0,0
3,AUTODESK INC,COM,052769106,46757,363554,SH,,SOLE,,363554,0,0
4,BOSTON SCIENTIFIC CORP,COM,101137107,63379,1793417,SH,,SOLE,,1793417,0,0
5,CARVANA CO,CL A,146869102,17928,548078,SH,,SOLE,,548078,0,0
6,CENTENE CORP DEL,COM,15135B101,46173,400461,SH,,SOLE,,400461,0,0
7,CONAGRA BRANDS INC,COM,205887102,289264,13542336,SH,,SOLE,,13542336,0,0
8,DXC TECHNOLOGY CO,COM,23355L106,79755,1500000,SH,Call,SOLE,,0,0,0
9,EXACT SCIENCES CORP,COM,30063P105,46257,733069,SH,,SOLE,,733069,0,0
10,EXACT SCIENCES CORP,COM,30063P105,47325,750000,SH,Call,SOLE,,0,0,0
11,FALCON MINERALS CORP,CL A COM,30607B109,10982,1348436,SH,,SOLE,,1348436,0,0
12,FALCON MINERALS CORP,*W EXP 07/21/202,30607B208,1513,2521551,SH,,SOLE,,2521551,0,0
13,FIRST DATA CORP NEW,COM CL A,32008D106,35909,2123547,SH,,SOLE,,2123547,0,0
14,FIRST DATA CORP NEW,COM CL A,32008D106,50730,3000000,SH,Call,SOLE,,0,0,0
15,HD SUPPLY HLDGS INC,COM,40416M105,202577,5399175,SH,,SOLE,,5399175,0,0
16,ISHARES TR,CHINA LG-CAP ETF,464287184,7816,200000,SH,Call,SOLE,,0,0,0
17,ISHARES TR,CORE S&P500 ETF,464287200,17494,69530,SH,,SOLE,,69530,0,0
18,ISHARES TR,IBOXX HI YD ETF,464288513,16220,200000,SH,Put,SOLE,,200000,0,0
19,JACK IN THE BOX INC,COM,466367109,123242,1587554,SH,,SOLE,,1587554,0,0
20,MASTERCARD INCORPORATED,CL A,57636Q104,15092,80000,SH,,SOLE,,80000,0,0
21,MICROSOFT CORP,COM,594918104,69879,687990,SH,,SOLE,,687990,0,0
22,NEW ORIENTAL ED & TECH GRP I,SPON ADR,647581107,47986,875506,SH,,SOLE,,875506,0,0
23,PTC INC,COM,69370C100,35384,426826,SH,,SOLE,,426826,0,0
24,SALESFORCE COM INC,COM,79466L302,15752,115000,SH,,SOLE,,115000,0,0
25,SPDR S&P 500 ETF TR,TR UNIT,78462F103,73698,294887,SH,,SOLE,,294887,0,0
26,SPDR S&P 500 ETF TR,TR UNIT,78462F103,124960,500000,SH,Call,SOLE,,0,0,0
27,SYNOPSYS INC,COM,871607107,38826,460902,SH,,SOLE,,460902,0,0
28,TEVA PHARMACEUTICAL INDS LTD,SPONSORED ADR,881624209,37840,2453950,SH,,SOLE,,2453950,0,0
29,TIFFANY & CO NEW,COM,886547108,152046,1888537,SH,,SOLE,,1888537,0,0
30,TIFFANY & CO NEW,COM,886547108,5926,73600,SH,Call,SOLE,,0,0,0
31,VANECK VECTORS ETF TR,GOLD MINERS ETF,92189F106,18249,865291,SH,,SOLE,,865291,0,0
32,WILLSCOT CORP,COM,971375126,1178,125000,SH,,SOLE,,125000,0,0
33,WORLDPAY INC,CL A,981558109,15286,200000,SH,,SOLE,,200000,0,0
34,ZAYO GROUP HLDGS INC,COM,98919V105,43134,1888524,SH,,SOLE,,1888524,0,0
35,ZIMMER BIOMET HLDGS INC,COM,98956P102,237402,2288871,SH,,SOLE,,2288871,0,0
