,NAME OF ISSUER,TITLE OF CLASS,CUSIP,(x$1000),PRN AMT,PRN,CALL,DISCRETION,MANAGER,SOLE,SHARED,NONE
0,AXALTA COATING SYS LTD,COM,G0750C108,42968,1905471,SH,,SOLE,,1905471,0,0
1,BLOOMIN BRANDS INC,COM,094235108,78383,7353036,SH,,SOLE,,7353036,0,0
2,CALLAWAY GOLF CO,COM,131193104,99120,5660780,SH,,SOLE,,5660780,0,0
3,CONAGRA BRANDS INC,COM,205887102,381890,10858403,SH,,SOLE,,10858403,0,0
4,HD SUPPLY HLDGS INC,COM,40416M105,47136,1360359,SH,,SOLE,,1360359,0,0
5,HILLENBRAND INC,COM,431571108,89769,3316175,SH,,SOLE,,3316175,0,0
6,PERSPECTA INC,COM,715347100,217532,9364257,SH,,SOLE,,9364257,0,0
7,SPDR S&P 500 ETF TR,TR UNIT,78462F103,104148,337747,SH,,SOLE,,337747,0,0
8,TIFFANY & CO NEW,COM,886547108,4487,36800,SH,Call,SOLE,,0,0,0
