,NAME OF ISSUER,TITLE OF CLASS,CUSIP,(x$1000),PRN AMT,PRN,CALL,DISCRETION,MANAGER,SOLE,SHARED,NONE
0,BLOOMIN BRANDS INC,COM,094235108,87039,5700000,SH,,SOLE,,5700000,0,0
1,BRINKS CO,COM,109696104,20679,503259,SH,,SOLE,,503259,0,0
2,CALLAWAY GOLF CO,COM,131193104,56333,2943183,SH,,SOLE,,2943183,0,0
3,CONAGRA BRANDS INC,COM,205887102,387754,10858403,SH,,SOLE,,10858403,0,0
4,ENCOMPASS HEALTH CORP,COM,29261A100,113164,1741513,SH,,SOLE,,1741513,0,0
5,HD SUPPLY HLDGS INC,COM,40416M105,47072,1141404,SH,,SOLE,,1141404,0,0
6,NEW RELIC INC,COM,64829B100,30790,546309,SH,,SOLE,,546309,0,0
7,PERSPECTA INC,COM,715347100,248958,12799872,SH,,SOLE,,12799872,0,0
8,SPDR S&P 500 ETF TR,TR UNIT,78462F103,121782,363647,SH,,SOLE,,363647,0,0
9,TIFFANY & CO NEW,COM,886547108,4263,36800,SH,Call,SOLE,,0,0,0
