,NAME OF ISSUER,TITLE OF CLASS,CUSIP,(x$1000),PRN AMT,PRN,CALL,DISCRETION,MANAGER,SOLE,SHARED,NONE
0,ALLIANCE DATA SYSTEMS CORP,COM,018581108,132327,675412,SH,,SOLE,,675412,0,0
1,ALPHABET INC,CAP STK CL C,02079K107,355519,513681,SH,,SOLE,,513681,0,0
2,ASHLAND INC NEW,COM,044209104,90694,790222,SH,,SOLE,,790222,0,0
3,AUTONATION INC,COM,05329W102,143052,3044957,SH,,SOLE,,3044957,0,0
4,BERRY PLASTICS GROUP INC,COM,08579W103,97491,2509430,SH,,SOLE,,2509430,0,0
5,COCA COLA EUROPEAN PARTNERS,SHS,G25839104,292113,8184741,SH,,SOLE,,8184741,0,0
6,COMMUNICATIONS SALES&LEAS IN,COM,20341J104,8670,300000,SH,,SOLE,,300000,0,0
7,COMPUTER SCIENCES CORP,COM,205363104,153250,3086597,SH,,SOLE,,3086597,0,0
8,CONAGRA FOODS INC,COM,205887102,862318,18036352,SH,,SOLE,,18036352,0,0
9,CONAGRA FOODS INC,COM,205887102,286860,6000000,SH,Call,SOLE,,0,0,0
10,CSRA INC,COM,12650T104,133713,5706898,SH,,SOLE,,5706898,0,0
11,EXPEDIA INC DEL,COM NEW,30212P303,219959,2069225,SH,,SOLE,,2069225,0,0
12,FERRARI N V,COM,N3167Y103,67534,1650478,SH,,SOLE,,1650478,0,0
13,GRAPHIC PACKAGING HLDG CO,COM,388689101,129683,10341584,SH,,SOLE,,10341584,0,0
14,HARRIS CORP DEL,COM,413875105,183568,2200000,SH,,SOLE,,2200000,0,0
15,HD SUPPLY HLDGS INC,COM,40416M105,104198,2992470,SH,,SOLE,,2992470,0,0
16,HEWLETT PACKARD ENTERPRISE C,COM,42824C109,74125,4057209,SH,,SOLE,,4057209,0,0
17,ISHARES TR,RUS 1000 VAL ETF,464287598,5162,50000,SH,,SOLE,,50000,0,0
18,LIBERTY BROADBAND CORP,COM SER C,530307305,552531,9208849,SH,,SOLE,,9208849,0,0
19,MACYS INC,COM,55616P104,3361,100000,SH,,SOLE,,100000,0,0
20,MARATHON PETE CORP,COM,56585A102,103275,2720637,SH,,SOLE,,2720637,0,0
21,MARATHON PETE CORP,COM,56585A102,7592,200000,SH,Call,SOLE,,0,0,0
22,MICROSOFT CORP,COM,594918104,352987,6898327,SH,,SOLE,,6898327,0,0
23,MULTI PACKAGING SOLUTIONS IN,COM,G6331W109,3338,250000,SH,,SOLE,,250000,0,0
24,PERRIGO CO PLC,SHS,G97822103,43619,481077,SH,,SOLE,,481077,0,0
25,PINNACLE FOODS INC DEL,COM,72348P104,181739,3926091,SH,,SOLE,,3926091,0,0
26,PINNACLE FOODS INC DEL,COM,72348P104,83188,1797100,SH,Call,SOLE,,0,0,0
27,SPDR S&P 500 ETF TR,TR UNIT,78462F103,73316,350000,SH,Put,SOLE,,0,0,0
28,SELECT SECTOR SPDR TR,SBI INT-FINL,81369Y605,22855,1000000,SH,Call,SOLE,,0,0,0
29,SYNCHRONY FINL,COM,87165B103,111023,4391714,SH,,SOLE,,4391714,0,0
30,TEAM HEALTH HOLDINGS INC,COM,87817A107,239561,5890368,SH,,SOLE,,5890368,0,0
31,TIME INC NEW,COM,887228104,82299,4999929,SH,,SOLE,,4999929,0,0
32,TYCO INTL PLC,SHS,G91442106,83285,1955047,SH,,SOLE,,1955047,0,0
33,UNDER ARMOUR INC,CL A,904311107,9384,257815,SH,,SOLE,,257815,0,0
34,US FOODS HLDG CORP,COM,912008109,11514,475000,SH,,SOLE,,475000,0,0
35,WALGREENS BOOTS ALLIANCE INC,COM,931427108,381302,4579100,SH,,SOLE,,4579100,0,0
36,WILLIS TOWERS WATSON PUB LTD,SHS,G96629103,163898,1318458,SH,,SOLE,,1318458,0,0
