,NAME OF ISSUER,TITLE OF CLASS,CUSIP,(x$1000),PRN AMT,PRN,CALL,DISCRETION,MANAGER,SOLE,SHARED,NONE
0,ADOBE SYS INC,COM,00724F101,69973,287000,SH,,SOLE,,287000,0,0
1,ALIBABA GROUP HLDG LTD,SPONSORED ADS,01609W102,824851,4445919,SH,,SOLE,,4445919,0,0
2,AMAZON COM INC,COM,023135106,2034916,1197150,SH,,SOLE,,1197150,0,0
3,APOLLO GLOBAL MGMT LLC,CL A SHS,037612306,1097055,34422807,SH,,SOLE,,34422807,0,0
4,ATLASSIAN CORP PLC,CL A,G06242104,31260,500000,SH,,SOLE,,500000,0,0
5,AUTODESK INC,COM,052769106,303804,2317523,SH,,SOLE,,2317523,0,0
6,AVALARA INC,COM,05338G106,5337,100000,SH,,SOLE,,100000,0,0
7,BARCLAYS BK PLC,IPATH S&P500 VIX,06746L422,32618,881575,SH,,SOLE,,881575,0,0
8,BILIBILI INC,SPONS ADS REP Z,090040106,81687,5838922,SH,,SOLE,,5838922,0,0
9,BOOKING HLDGS INC,COM,09857L108,1332045,657122,SH,,SOLE,,657122,0,0
10,BRIGHT SCHOLAR ED HLDGS LTD,SPONSORED ADS,109199109,33538,2016707,SH,,SOLE,,2016707,0,0
11,CERIDIAN HCM HLDG INC,COM,15677J108,5642,170000,SH,,SOLE,,170000,0,0
12,CLOUDERA INC,COM,18914U100,682,50000,SH,,SOLE,,50000,0,0
13,COUPA SOFTWARE INC,COM,22266L106,88070,1415000,SH,,SOLE,,1415000,0,0
14,DESPEGAR COM CORP,ORD SHS,G27358103,633381,30204172,SH,,SOLE,,30204172,0,0
15,DOCUSIGN INC,COM,256163106,15885,300000,SH,,SOLE,,300000,0,0
16,DOMINOS PIZZA INC,COM,25754A201,594165,2105700,SH,,SOLE,,2105700,0,0
17,DROPBOX INC,CL A,26210C104,6484,200000,SH,,SOLE,,200000,0,0
18,FACEBOOK INC,CL A,30303M102,1025652,5278160,SH,,SOLE,,5278160,0,0
19,FACEBOOK INC,CL A,30303M102,148655,765000,SH,Call,SOLE,,765000,0,0
20,FARMLAND PARTNERS INC,COM,31154R109,392,44502,SH,,SOLE,,44502,0,0
21,FIAT CHRYSLER AUTOMOBILES N,SHS,N31738102,492071,26049289,SH,,SOLE,,26049289,0,0
22,FIREEYE INC,COM,31816Q101,3078,200000,SH,,SOLE,,200000,0,0
23,FITBIT INC,CL A,33812L102,3265,500000,SH,,SOLE,,500000,0,0
24,FLEETCOR TECHNOLOGIES INC,COM,339041105,236139,1121000,SH,,SOLE,,1121000,0,0
25,GDS HLDGS LTD,SPONSORED ADR,36165L108,62020,1547020,SH,,SOLE,,1547020,0,0
26,HUYA INC,ADS REP SHS A,44852D108,36409,1106991,SH,,SOLE,,1106991,0,0
27,IQIYI INC,SPONSORED ADS,46267X108,32300,1000000,SH,,SOLE,,1000000,0,0
28,JD COM INC,SPON ADR CL A,47215P106,1588503,40783124,SH,,SOLE,,40783124,0,0
29,LENDINGCLUB CORP,COM,52603A109,1042,275000,SH,,SOLE,,275000,0,0
30,MASTERCARD INCORPORATED,CL A,57636Q104,118469,602833,SH,,SOLE,,602833,0,0
31,MERCADOLIBRE INC,COM,58733R102,444360,1486501,SH,,SOLE,,1486501,0,0
32,MICROSOFT CORP,COM,594918104,1296751,13150300,SH,,SOLE,,13150300,0,0
33,MONGODB INC,CL A,60937P106,2482,50000,SH,,SOLE,,50000,0,0
34,NETFLIX INC,COM,64110L106,844491,2157450,SH,,SOLE,,2157450,0,0
35,NETSHOES CAYMAN LTD,COM,G6455X107,21012,8865903,SH,,SOLE,,8865903,0,0
36,NEW ORIENTAL ED & TECH GRP I,SPON ADR,647581107,271675,2870008,SH,,SOLE,,2870008,0,0
37,OKTA INC,CL A,679295105,3022,60000,SH,,SOLE,,60000,0,0
38,ONESMART INTL ED GROUP LTD,SPONSORED ADS,68276W103,3552,320000,SH,,SOLE,,320000,0,0
39,PENNEY J C INC,COM,708160106,1989,850000,SH,,SOLE,,850000,0,0
40,PIVOTAL SOFTWARE INC,COM CL A,72582H107,31551,1300000,SH,,SOLE,,1300000,0,0
41,PURE STORAGE INC,CL A,74624M102,23880,1000000,SH,,SOLE,,1000000,0,0
42,PUXIN LTD,ADS,74704P108,14980,700000,SH,,SOLE,,700000,0,0
43,REDFIN CORP,COM,75737F108,54331,2352991,SH,,SOLE,,2352991,0,0
44,RESTAURANT BRANDS INTL INC,COM,76131D103,114570,1900000,SH,,SOLE,,1900000,0,0
45,RISE ED CAYMAN LTD,SPONSORED ADR,76761L102,7060,500000,SH,,SOLE,,500000,0,0
46,SALESFORCE COM INC,COM,79466L302,321631,2358000,SH,,SOLE,,2358000,0,0
47,SEA LTD,ADR,81141R100,122227,8148458,SH,,SOLE,,8148458,0,0
48,SERVICENOW INC,COM,81762P102,262862,1524100,SH,,SOLE,,1524100,0,0
49,SHOPIFY INC,CL A,82509L107,10212,70000,SH,,SOLE,,70000,0,0
50,SOGOU INC,ADR REPSTG A,83409V104,1715,150000,SH,,SOLE,,150000,0,0
51,SPOTIFY TECHNOLOGY S A,SHS,L8681T102,2153869,12802361,SH,,SOLE,,12802361,0,0
52,SUNLANDS ONLINE ED GROUP,ADS,86740P108,2673,300000,SH,,SOLE,,300000,0,0
53,SUNRUN INC,COM,86771W105,183280,13937606,SH,,SOLE,,13937606,0,0
54,SWITCH INC,CL A,87105L104,10953,900000,SH,,SOLE,,900000,0,0
55,TAL ED GROUP,SPONSORED ADS,874080104,370474,10067238,SH,,SOLE,,10067238,0,0
56,TRANSDIGM GROUP INC,COM,893641100,840243,2434500,SH,,SOLE,,2434500,0,0
57,TWITTER INC,COM,90184L102,511354,11709500,SH,,SOLE,,11709500,0,0
58,UXIN LTD,ADS,91818X108,225191,24910522,SH,,SOLE,,24910522,0,0
59,VISA INC,COM CL A,92826C839,105033,793000,SH,,SOLE,,793000,0,0
60,ZTO EXPRESS CAYMAN INC,SPONSORED ADR,98980A105,19888,994400,SH,,SOLE,,994400,0,0
