,NAME OF ISSUER,TITLE OF CLASS,CUSIP,(x$1000),PRN AMT,PRN,CALL,DISCRETION,MANAGER,SOLE,SHARED,NONE
0,CANADIAN NAT RES LTD,COM,136385101,23033,750000,SH,Call,SOLE,,0,0,0
1,DELTA AIR LINES INC DEL,COM NEW,247361702,33720,750000,SH,Call,SOLE,,0,0,0
2,DYNEGY INC NEW DEL,*W EXP 10/02/201,26817R116,529,123799,SH,,SOLE,,123799,0,0
3,INTL PAPER CO,COM,460146103,27745,500000,SH,Call,SOLE,,0,0,0
4,KINDER MORGAN INC DEL,*W EXP 05/25/201,49456B119,18040,4400000,SH,,SOLE,,4400000,0,0
5,NAVIOS MARITIME ACQUIS CORP,SHS,Y62159101,4897,1383409,SH,,SOLE,,1383409,0,0
6,SOUTHERN COPPER CORP,COM,84265V105,29180,1000000,SH,Put,SOLE,,1000000,0,0
7,TATA MTRS LTD,SPONSORED ADR,876568502,11265,250000,SH,Put,SOLE,,250000,0,0
8,TIME INC NEW,COM,887228104,2244,100000,SH,Put,SOLE,,100000,0,0
9,WASHINGTON FED INC,*W EXP 11/14/201,938824117,4145,891411,SH,,SOLE,,891411,0,0
10,YAHOO INC,NOTE 12/0,984332AF3,24331,22500000,PRN,,SOLE,,0,0,0
