,NAME OF ISSUER,TITLE OF CLASS,CUSIP,(x$1000),PRN AMT,PRN,CALL,DISCRETION,MANAGER,SOLE,SHARED,NONE
0,ALLY FINL INC,COM,02005N100,47550,2500000,SH,,SOLE,,2500000,0,0
1,ARCH COAL INC,CL A,039380407,11692,149800,SH,,SOLE,,149800,0,0
2,ATHENE HLDG LTD,CL A,G0684D107,56118,1169365,SH,,SOLE,,1169365,0,0
3,ATLANTICA YIELD PLC,SHS,G0751N103,19350,1000000,SH,,SOLE,,1000000,0,0
4,BANK OF NT BUTTERFIELD&SON L,SHS NEW,G0772R208,82487,2623624,SH,,SOLE,,2623624,0,0
5,EDGEWELL PERS CARE CO,COM,28035Q102,7299,100000,SH,Put,SOLE,,100000,0,0
6,EP ENERGY CORP,CL A,268785102,19650,3000000,SH,,SOLE,,3000000,0,0
7,EQUITY RESIDENTIAL,SH BEN INT,29476L107,32180,500000,SH,Put,SOLE,,500000,0,0
8,PANERA BREAD CO,CL A,69840W108,51273,250000,SH,Put,SOLE,,250000,0,0
9,VEREIT INC,COM,92339V100,21150,2500000,SH,,SOLE,,2500000,0,0
10,WILLIAMS COS INC DEL,COM,969457100,46710,1500000,SH,,SOLE,,1500000,0,0
11,ZAYO GROUP HLDGS INC,COM,98919V105,20538,625000,SH,Call,SOLE,,0,0,0
