,NAME OF ISSUER,TITLE OF CLASS,CUSIP,(x$1000),PRN AMT,PRN,CALL,DISCRETION,MANAGER,SOLE,SHARED,NONE
0,ALPHA NATURAL RESOURCES INC,COM,02076X102,5355,750000,SH,Call,SOLE,,0,0,0
1,AMERICAN INTL GROUP INC,COM NEW,026874784,102100,2000000,SH,,SOLE,,2000000,0,0
2,ANADARKO PETE CORP,COM,032511107,47592,600000,SH,Call,SOLE,,0,0,0
3,ANGLOGOLD ASHANTI LTD,SPONSORED ADR,035128206,20510,1750000,SH,Put,SOLE,,1750000,0,0
4,ARCH COAL INC,COM,039380100,3338,750000,SH,Call,SOLE,,0,0,0
5,BANK OF AMERICA CORPORATION,COM,060505104,31140,2000000,SH,Call,SOLE,,0,0,0
6,BARNES & NOBLE INC,COM,067774109,9120,610000,SH,,SOLE,,610000,0,0
7,CITIGROUP INC,COM NEW,172967424,39083,750000,SH,Call,SOLE,,0,0,0
8,DELTA AIR LINES INC DEL,COM,247361702,41205,1500000,SH,Call,SOLE,,0,0,0
9,DEVON ENERGY CORP NEW,COM,25179M103,61870,1000000,SH,Call,SOLE,,0,0,0
10,DYNEGY INC NEW DEL,COM,26817R108,43040,2000000,SH,,SOLE,,2000000,0,0
11,GENERAL MTRS CO,*W EXP 07/10/201,37045V126,24201,1046767,SH,,SOLE,,1046767,0,0
12,KINDER MORGAN INC DEL,*W EXP 05/25/201,49456B119,8120,2000000,SH,,SOLE,,2000000,0,0
13,MGIC INVT CORP WIS,NOTE 2.000% 4/0,552848AE3,25633,18500000,PRN,,SOLE,,0,0,0
14,MGM RESORTS INTERNATIONAL,COM,552953101,23520,1000000,SH,Call,SOLE,,0,0,0
15,NAVIOS MARITIME ACQUIS CORP,SHS,Y62159101,8800,2000000,SH,,SOLE,,2000000,0,0
16,RADIAN GROUP INC,COM,750236101,14120,1000000,SH,Put,SOLE,,1000000,0,0
17,SEALED AIR CORP NEW,COM,81211K100,59588,1750000,SH,,SOLE,,1750000,0,0
18,SUPERVALU INC,COM,868536103,7290,1000000,SH,,SOLE,,1000000,0,0
19,UNITED CONTL HLDGS INC,COM,910047109,18915,500000,SH,Call,SOLE,,0,0,0
20,VALE S A,ADR,91912E105,22875,1500000,SH,Put,SOLE,,1500000,0,0
21,WASHINGTON FED INC,*W EXP 11/14/201,938824117,6588,891411,SH,,SOLE,,891411,0,0
22,YPF SOCIEDAD ANONIMA,SPON ADR CL D,984245100,82400,2500000,SH,,SOLE,,2500000,0,0
23,ZYNGA INC,CL A,98986T108,11400,3000000,SH,,SOLE,,3000000,0,0
