,NAME OF ISSUER,TITLE OF CLASS,CUSIP,(x$1000),PRN AMT,PRN,CALL,DISCRETION,MANAGER,SOLE,SHARED,NONE
0,ABBOTT LABORATORIES,COM,002824100,1921,50000,SH,,SOLE,,0,0,0
1,ABEONA THERAPEUTICS,COM,00289Y107,4085,842173,SH,,SOLE,,0,0,0
2,ABEONA THERAPEUTICS CW-19,WARRANTS,00289y115,3778,1259636,SH,,SOLE,,0,0,0
3,ABIOMED,COM,003654100,12,109,SH,,SOLE,,0,0,0
4,ACORDA THERAPEUTICS,COM,00484M106,13536,720000,SH,,SOLE,,0,0,0
5,ACADIA PHARMACEUTICALS INC CALL 40 01/20/2017,COM,004225108,0,5200,SH,Call,SOLE,,0,0,0
6,ACADIA PHARMACEUTICALS INC CALL 40 01/20/2017,COM,004225108,7,94800,SH,Call,SOLE,,0,0,0
7,ACASTI PHARMA CLASS A,COM,00430K402,233,186559,SH,,SOLE,,0,0,0
8,ACCELERON PHARMA,COM,00434H108,15822,619987,SH,,SOLE,,0,0,0
9,ACCRETIVE HEALTH,COM,00438V103,709,315000,SH,,SOLE,,0,0,0
10,ACELRX PHARMACEUTICALS,COM,00444T100,14063,5408728,SH,,SOLE,,0,0,0
11,ACLARIS THERAPEUTICS,COM,00461U105,34219,1260847,SH,,SOLE,,0,0,0
12,ADMA BIOLOGICS,COM,000899104,3692,721102,SH,,SOLE,,0,0,0
13,AEGLEA BIOTHERAPEUTICS,COM,00773J103,451,103585,SH,,SOLE,,0,0,0
14,AERIE PHARMACEUTICALS,COM,00771V108,1893,50000,SH,,SOLE,,0,0,0
15,AEVI GENOMIC MEDICINE WARRANT,WARRANTS,58436Q120,106,150000,SH,,SOLE,,0,0,0
16,AEVI GENOMIC MEDICINE,COM,00835P105,1520,293460,SH,,SOLE,,0,0,0
17,AFFIMED,COM,N01045108,1322,734301,SH,,SOLE,,0,0,0
18,AGENUS,COM,00847G705,297,72187,SH,,SOLE,,0,0,0
19,AGILE THERAPEUTICS,COM,00847L100,3770,661446,SH,,SOLE,,0,0,0
20,AKEBIA THERAPEUTICS,COM,00972D105,5593,537256,SH,,SOLE,,0,0,0
21,ALDER BIOPHARMACEUTICALS,COM,014339105,7991,384169,SH,,SOLE,,0,0,0
22,ALDEYRA THERAPEUTICS,COM,01438T106,10381,1940458,SH,,SOLE,,0,0,0
23,ALLIQUA BIOMEDICAL,COM,019621200,1133,1921951,SH,,SOLE,,0,0,0
24,ALLON THERAPEUTICS,COM,019774108,0,751124,SH,,SOLE,,0,0,0
25,ALNYLAM PHARMACEUTICALS,COM,02043Q107,4436,118475,SH,,SOLE,,0,0,0
26,AMAG PHARMACEUTICALS,COM,00163U106,679,19524,SH,,SOLE,,0,0,0
27,AMICUS THERAPEUTICS,COM,03152W109,85964,17296672,SH,,SOLE,,0,0,0
28,AMN HEALTHCARE,COM,001744101,484,12585,SH,,SOLE,,0,0,0
29,ANI PHARMACEUTICALS,COM,00182C103,16192,267100,SH,,SOLE,,0,0,0
30,ANI PHARMACEUTICALS INC 01DEC19 3.0PCT,NOTE,00182CAA1,8700,7500000,PRN,,SOLE,,0,0,0
31,ANTARES PHARMA,COM,036642106,6797,2917253,SH,,SOLE,,0,0,0
32,APPLIED GENETIC TECHNOLOGIES,COM,03820J100,470,50251,SH,,SOLE,,0,0,0
33,APTEVO THERAPEUTICS,COM,03835L108,2411,988133,SH,,SOLE,,0,0,0
34,ARDELYX,COM,039697107,26073,1836196,SH,,SOLE,,0,0,0
35,ARIAD PHARMACEUTICALS,COM,04033A100,19,1551,SH,,SOLE,,0,0,0
36,ARNO THERAPEUTICS INC,COM,042564203,781,4177577,SH,,SOLE,,0,0,0
37,ARROWHEAD Pharmaceuticals,com,04280a100,1313,847458,SH,,SOLE,,0,0,0
38,ASSEMBLY BIOSCIENCES,COM,045396108,8679,714354,SH,,SOLE,,0,0,0
39,ATRICURE,COM,04963C209,1847,94400,SH,,SOLE,,0,0,0
40,AUDENTES THERAPEUTICS,COM,05070R104,137,7500,SH,,SOLE,,0,0,0
41,AVADEL PHARMACEUTICALS,COM,05337M104,14424,1388240,SH,,SOLE,,0,0,0
42,AVEO PHARMACEUTICALS,COM,053588109,1678,3108808,SH,,SOLE,,0,0,0
43,AVEXIS,COM,05366U100,22602,473531,SH,,SOLE,,0,0,0
44,AVINGER,COM,053734109,4,1062,SH,,SOLE,,0,0,0
45,AZURRX BIOPHARMA,COM,05502L105,1077,227272,SH,,SOLE,,0,0,0
46,BARCLAYS BANK IPATH SandP 500 VIX SHORT TERM FUTURES ETN EXP,COM,06740Q252,1046,41000,SH,,SOLE,,0,0,0
47,BIO RAD LABORATORIES CLASS A,COM,090572207,4451,24416,SH,,SOLE,,0,0,0
48,BIOCRYST PHARMACEUTICALS,COM,09058V103,8420,1330240,SH,,SOLE,,0,0,0
49,BIOGEN INC,COM,09062X103,545,1922,SH,,SOLE,,0,0,0
50,BIOMARIN PHARMACEUTICAL,COM,09061G101,21,250,SH,,SOLE,,0,0,0
51,BLUEPRINT MEDICINES,COM,09627Y109,7680,273820,SH,,SOLE,,0,0,0
52,BOSTON SCIENTIFIC,COM,101137107,0,3,SH,,SOLE,,0,0,0
53,BRAINSTORM CELL THERAPEUTICS,COM,10501E201,1016,400000,SH,,SOLE,,0,0,0
54,BRUKER,COM,116794108,0,3,SH,,SOLE,,0,0,0
55,CAPITAL SENIOR LIVING,COM,140475104,5222,320173,SH,,SOLE,,0,0,0
56,CAPRICOR THERAPEUTICS,COM,14070B101,11,4000,SH,,SOLE,,0,0,0
57,CASCADIAN THERAPEUTICS,COM,14740B606,2355,546498,SH,,SOLE,,0,0,0
58,CATALENT,COM,148806102,0,3,SH,,SOLE,,0,0,0
59,CELGENE,COM,151020104,3010,26000,SH,,SOLE,,0,0,0
60,CEMPRA,COM,15130J109,62,22321,SH,,SOLE,,0,0,0
61,CHAMPIONS ONCOLOGY,COM,15870P307,942,372597,SH,,SOLE,,0,0,0
62,CHINA BIOLOGIC PRODUCTS,COM,16938C106,25,236,SH,,SOLE,,0,0,0
63,CIDARA THERAPEUTICS,COM,171757107,8043,773369,SH,,SOLE,,0,0,0
64,CLEARSIDE BIOMEDICAL,COM,185063104,6365,712062,SH,,SOLE,,0,0,0
65,CLOVIS ONCOLOGY,COM,189464100,7452,167754,SH,,SOLE,,0,0,0
66,COLLEGIUM PHARMACEUTICAL,COM,19459J104,3063,196728,SH,,SOLE,,0,0,0
67,COLUCID PHARMACEUTICALS,COM,19716T101,23346,641364,SH,,SOLE,,0,0,0
68,CORBUS PHARMACEUTICALS HOLDINGS INC CALL 15 01/20/2017,COM,21833P103,0,1600,SH,Call,SOLE,,0,0,0
69,CORBUS PHARMACEUTICALS HOLDINGS INC,COM,21833P103,9571,1132684,SH,,SOLE,,0,0,0
70,CROSS COUNTRY HEALTHCARE,COM,227483104,544,34819,SH,,SOLE,,0,0,0
71,CRYOLIFE,COM,228903100,2,123,SH,,SOLE,,0,0,0
72,CYNOSURE CLASS A,COM,232577205,82,1800,SH,,SOLE,,0,0,0
73,CYTOMX THERAPEUTICS,COM,23284F105,10152,923763,SH,,SOLE,,0,0,0
74,DANAHER,COM,235851102,0,3,SH,,SOLE,,0,0,0
75,DAVITA,COM,23918K108,0,3,SH,,SOLE,,0,0,0
76,DBV TECHNOLOGIES ADR REPRESENTING 0.5,COM,23306J101,21452,610643,SH,,SOLE,,0,0,0
77,DERMIRA,COM,24983L104,9875,325583,SH,,SOLE,,0,0,0
78,DYNAVAX TECHNOLOGIES CALL 4 01/2017,COM,268158201,5,15600,SH,Call,SOLE,,0,0,0
79,EAGLE PHARMACEUTICALS,COM,269796108,39527,498198,SH,,SOLE,,0,0,0
80,EIGER BIOPHARMACEUTICALS,COM,28249U105,1836,157679,SH,,SOLE,,0,0,0
81,ELI LILLY & CO CALL 90 01/20/2017,COM,532457108,3,100000,SH,Call,SOLE,,0,0,0
82,ENDO INTERNATIONAL,COM,G30401106,213,12920,SH,,SOLE,,0,0,0
83,ENZO BIOCHEM,COM,294100102,582,83893,SH,,SOLE,,0,0,0
84,EVOLENT HEALTH CLASS A,COM,30050B101,4555,307800,SH,,SOLE,,0,0,0
85,EXACT SCIENCES CORP PUT 17 01/20/2017,COM,30063P105,670,200000,SH,Put,SOLE,,0,0,0
86,EXELIXIS,COM,30161Q104,691,46361,SH,,SOLE,,0,0,0
87,EXPRESS SCRIPTS HOLDING,COM,30219G108,457,6639,SH,,SOLE,,0,0,0
88,FERRARI,COM,N3167Y103,360,6200,SH,,SOLE,,0,0,0
89,FIAT CHRYSLER AUTOMOBILES,COM,N31738102,565,62000,SH,,SOLE,,0,0,0
90,FIVE PRIME THERAPEUTICS,COM,33830X104,8181,163255,SH,,SOLE,,0,0,0
91,FIVE STAR QUALITY CARE,COM,33832D106,183,67797,SH,,SOLE,,0,0,0
92,FLEX PHARMA,COM,33938A105,1,237,SH,,SOLE,,0,0,0
93,FOAMIX PHARMACEUTICALS,COM,M46135105,14685,1322994,SH,,SOLE,,0,0,0
94,FORWARD PHARMA ADR REPRESENTING 1,COM,34986J105,5918,394241,SH,,SOLE,,0,0,0
95,GALAPAGOS ADR REPRESENTING,COM,36315X101,20631,304531,SH,,SOLE,,0,0,0
96,GENVEC,COM,37246C406,180,56131,SH,,SOLE,,0,0,0
97,GLAUKOS,COM,377322102,10,300,SH,,SOLE,,0,0,0
98,GLOBAL BLOOD THERAPEUTICS,COM,37890U108,45213,3128978,SH,,SOLE,,0,0,0
99,HILL ROM HOLDINGS,COM,431475102,445,7930,SH,,SOLE,,0,0,0
100,HISTOGENCIS CORP,COM,43358V109,2968,1777777,SH,,SOLE,,0,0,0
101,HUMANA,COM,444859102,454,2227,SH,,SOLE,,0,0,0
102,HUMANA INC CALL 210 04/21/2017,COM,444859102,528,40000,SH,Call,SOLE,,0,0,0
103,ICON,COM,G4705A100,517,6873,SH,,SOLE,,0,0,0
104,IGNYTA,COM,451731103,35,6584,SH,,SOLE,,0,0,0
105,IMMUNE DESIGN,COM,45252L103,428,77725,SH,,SOLE,,0,0,0
106,IMPAX LABORATORIES,COM,45256B101,0,1,SH,,SOLE,,0,0,0
107,INC RESEARCH HOLDINGS CLASS A,COM,45329R109,665,12636,SH,,SOLE,,0,0,0
108,INCYTE,COM,45337C102,563,5619,SH,,SOLE,,0,0,0
109,INNOCOLL,COM,G4783X105,7,9433,SH,,SOLE,,0,0,0
110,INOGEN,COM,45780L104,8,125,SH,,SOLE,,0,0,0
111,INTELLIA THERAPEUTICS,COM,45826J105,192,14673,SH,,SOLE,,0,0,0
112,INVITAE,COM,46185L103,3970,500000,SH,,SOLE,,0,0,0
113,IRHYTHM TECHNOLOGIES,COM,450056106,10567,352241,SH,,SOLE,,0,0,0
114,IRIDEX,COM,462684101,308,21885,SH,,SOLE,,0,0,0
115,ISHARES 20 PLUS YEAR TREASURY BOND ETF,NOTE,464287432,0,2,PRN,,SOLE,,0,0,0
116,ISHARES CORE SandP 500 ETF,COM,464287200,0,1,SH,,SOLE,,0,0,0
117,ISHARES RUSSELL MID-CAP VALUE ETF,COM,464287473,0,2,SH,,SOLE,,0,0,0
118,JAZZ PHARMACEUTICALS,COM,G50871105,5670,52000,SH,,SOLE,,0,0,0
119,JOHNSON and JOHNSON,COM,478160104,0,2,SH,,SOLE,,0,0,0
120,KADMON,COM,48283N106,11821,2209657,SH,,SOLE,,0,0,0
121,LA JOLLA PHARMACEUTICAL,COM,503459604,23127,1319274,SH,,SOLE,,0,0,0
122,LANTHEUS HOLDINGS,COM,516544103,462,53763,SH,,SOLE,,0,0,0
123,LION BIOTECHNOLOGIES INC,COM,53619R102,24794,3567553,SH,,SOLE,,0,0,0
124,LHC GROUP,COM,50187A107,217,4745,SH,,SOLE,,0,0,0
125,MAGELLAN HEALTH,COM,559079207,565,7508,SH,,SOLE,,0,0,0
126,MCKESSON,COM,58155Q103,432,3078,SH,,SOLE,,0,0,0
127,MEDICINES CO PUT 32 04/21/2017,COM,584688105,1070,200000,SH,Put,SOLE,,0,0,0
128,MERRIMACK PHARMACEUTICALS,COM,590328100,200,48910,SH,,SOLE,,0,0,0
129,METASTAT INC,COM,59140A203,618,500000,SH,,SOLE,,0,0,0
130,MGC DIAGNOSTICS,COM,552768103,2602,329733,SH,,SOLE,,0,0,0
131,MINERVA NEUROSCIENCES INC,COM,603380106,9523,810537,SH,,SOLE,,0,0,0
132,MIRATI THERAPEUTICS,COM,60468T105,2,521,SH,,SOLE,,0,0,0
133,MOLINA HEALTHCARE,COM,60855R100,379,6981,SH,,SOLE,,0,0,0
134,MYOKARDIA,COM,62857M105,8089,624694,SH,,SOLE,,0,0,0
135,MYOVANT SCIENCES,COM,G637AM102,2815,226322,SH,,SOLE,,0,0,0
136,NEOS THERAPEUTICS,COM,64052L106,6,1056,SH,,SOLE,,0,0,0
137,NEPTUNE TECHNOLOGIES AND BIORESOURCES,COM,64077P108,6004,6519634,SH,,SOLE,,0,0,0
138,NEUROCRINE BIOSCIENCES,COM,64125C109,128349,3316523,SH,,SOLE,,0,0,0
139,NEURODERM,COM,M74231107,1284,57825,SH,,SOLE,,0,0,0
140,NIVALIS THERAPEUTICS,COM,65481J109,274,122275,SH,,SOLE,,0,0,0
141,NOVAVAX,COM,670002104,423,335413,SH,,SOLE,,0,0,0
142,NXSTAGE MEDICAL,COM,67072V103,50533,1927989,SH,,SOLE,,0,0,0
143,ONCOBIOLOGICS,COM,68235M105,3759,1248990,SH,,SOLE,,0,0,0
144,ONCOBIOLOGICS INC WTS,W EXP 2/18/2017,68235M121,518,656382,SH,,SOLE,,0,0,0
145,ONCOBIOLOGICS INC WTS,W EXP 2/18/2017,68235M113,124,656382,SH,,SOLE,,0,0,0
146,OPHTHOTECH CORP CALL 55 01/20/2017,COM,683745103,0,20000,SH,Call,SOLE,,0,0,0
147,OPHTHOTECH CORP CALL 70 01/20/2017,COM,683745103,0,400,SH,Call,SOLE,,0,0,0
148,OPHTHOTECH CORP CALL 75 01/20/2017,COM,683745103,5,200000,SH,Call,SOLE,,0,0,0
149,OPHTHOTECH CORP PUT 20 01/20/2017,COM,683745103,24,1600,SH,Put,SOLE,,0,0,0
150,PEREGRINE PHARMACEUTICALS,COM,713661304,8,24332,SH,,SOLE,,0,0,0
151,PEREGRINE PHARMACEUTICALS INC 10.5,COM,713661403,3982,200000,SH,,SOLE,,0,0,0
152,PERNIX THERAPEUTICS HOLD 01APR21 4.25PCT,Note,71426VAK4,246,1000000,PRN,,SOLE,,0,0,0
153,PFENEX,COM,717071104,8293,914376,SH,,SOLE,,0,0,0
154,PFIZER,COM,717081103,1786,55000,SH,,SOLE,,0,0,0
155,PHASERX,COM,71723F103,310,200000,SH,,SOLE,,0,0,0
156,PROTEON THERAPEUTICS,COM,74371L109,635,334116,SH,,SOLE,,0,0,0
157,PSIVIDA,COM,74440J101,3898,2279706,SH,,SOLE,,0,0,0
158,PSYCHEMEDICS,COM,744375205,164,6626,SH,,SOLE,,0,0,0
159,PUMA BIOTECHNOLOGY,COM,74587V107,225,7344,SH,,SOLE,,0,0,0
160,QUORUM HEALTH,COM,74909e106,731,100604,SH,,SOLE,,0,0,0
161,QUOTIENT,COM,G73268107,13815,2854486,SH,,SOLE,,0,0,0
162,RA PHARMACEUTICALS,COM,74933V108,2506,165000,SH,,SOLE,,0,0,0
163,RADIUS HEALTH,COM,750469207,10035,263872,SH,,SOLE,,0,0,0
164,REGENXBIO,COM,75901B107,23786,1282286,SH,,SOLE,,0,0,0
165,RETROPHIN,COM,761299106,50872,2687412,SH,,SOLE,,0,0,0
166,SANGAMO BIOSCIENCES,COM,800677106,1,272,SH,,SOLE,,0,0,0
167,SAREPTA THERAPEUTICS,COM,803607100,75976,2769829,SH,,SOLE,,0,0,0
168,SAREPTA THERAPEUTICS INC PUT 50 01/20/2017,COM,803607100,249,10900,SH,Put,SOLE,,0,0,0
169,SCYNEXIS,COM,811292101,546,171185,SH,,SOLE,,0,0,0
170,SELECTA BIOSCIENCES,COM,816212104,2433,141875,SH,,SOLE,,0,0,0
171,SEVION THERAPEUTICS INC,COM,81834Q104,8,59220,SH,,SOLE,,0,0,0
172,SPDR DOW JONES INDUSTRIAL AVERAGE ETF,COM,78467X109,1,3,SH,,SOLE,,0,0,0
173,SPDR GOLD SHARES ETF,COM,78463V107,0,1,SH,,SOLE,,0,0,0
174,SPDR SandP BIOTECH ETF,COM,78464A870,3,50,SH,,SOLE,,0,0,0
175,STEMLINE THERAPEUTICS,COM,85858C107,115,10702,SH,,SOLE,,0,0,0
176,SUCAMPO PHARMACEUTICALS CLASS A,COM,864909106,416,30694,SH,,SOLE,,0,0,0
177,SUPERNUS PHARMACEUTICALS,COM,868459108,11,421,SH,,SOLE,,0,0,0
178,SYNERGY PHARMACEUTICALS,COM,871639308,2986,490300,SH,,SOLE,,0,0,0
179,TENGION INC,COM,88034G208,1,1826399,SH,,SOLE,,0,0,0
180,TESARO,COM,881569107,92521,687993,SH,,SOLE,,0,0,0
181,THERAPEUTICSMD,COM,88338N107,1731,300000,SH,,SOLE,,0,0,0
182,THERMO FISHER SCIENTIFIC,COM,883556102,0,2,SH,,SOLE,,0,0,0
183,TRACON PHARMACEUTICALS,COM,89237H100,490,100000,SH,,SOLE,,0,0,0
184,UNIQURE,COM,N90064101,7089,1265963,SH,,SOLE,,0,0,0
185,UNITED THERAPEUTICS,COM,91307C102,682,4753,SH,,SOLE,,0,0,0
186,UNITEDHEALTH GROUP,COM,91324P102,516,3223,SH,,SOLE,,0,0,0
187,VBI VACCINES,COM,91822J103,20354,6565843,SH,,SOLE,,0,0,0
188,VERICEL,COM,92346J108,28,9385,SH,,SOLE,,0,0,0
189,VERSARTIS,COM,92529L102,61889,4153685,SH,,SOLE,,0,0,0
190,VERTEX PHARMACEUTICALS,COM,92532F100,6299,85509,SH,,SOLE,,0,0,0
191,WAVE LIFE SCIENCES,COM,Y95308105,18088,665198,SH,,SOLE,,0,0,0
192,WELLCARE HEALTHCARE PLANS,COM,94946T106,693,5056,SH,,SOLE,,0,0,0
193,WEST PHARMACEUTICAL SERVICES,COM,955306105,12,138,SH,,SOLE,,0,0,0
194,XENCOR,COM,98401F105,46982,1785018,SH,,SOLE,,0,0,0
195,XENON PHARMACEUTICALS,COM,98420N105,5700,740272,SH,,SOLE,,0,0,0
196,ZOETIS CLASS A,COM,98978V103,0,3,SH,,SOLE,,0,0,0
197,ZOGENIX,COM,98978L204,9149,752999,SH,,SOLE,,0,0,0
198,ZYNERBA PHARMACEUTICALS,COM,98986X109,13128,842128,SH,,SOLE,,0,0,0
