,NAME OF ISSUER,TITLE OF CLASS,CUSIP,(x$1000),PRN AMT,PRN,CALL,DISCRETION,MANAGER,SOLE,SHARED,NONE
0,ACADIA PHARMACEUTICALS INC,COM,004225108,14751,653000,SH,,SOLE,,653000,0,0
1,ACASTI PHARMA INC,CL A SHS,00430K105,2437,2566785,SH,,SOLE,,2566785,0,0
2,ACCELERON PHARMA INC,COM,00434H108,10191,300000,SH,,SOLE,,300000,0,0
3,ACHAOGEN INC,COM,004449104,838,60000,SH,,SOLE,,60000,0,0
4,ACELRX PHARMACEUTICALS INC,COM,00444T100,67384,6574060,SH,,SOLE,,6574060,0,0
5,ACHILLION PHARMACEUTICALS IN,COM,00448Q201,2120,280000,SH,,SOLE,,280000,0,0
6,AEGERION PHARMACEUTICALS ORD,COM,00767E102,3209,100000,SH,Call,SOLE,,100000,0,0
7,AETNA INC NEW,COM,00817Y108,10646,131308,SH,,SOLE,,131308,0,0
8,ALLERGAN INC,COM,018490102,8461,50000,SH,,SOLE,,50000,0,0
9,ALMOST FAMILY INC,COM,020409108,104,4708,SH,,SOLE,,4708,0,0
10,ALLIQUA,COM,00771V108,4196,1121951,SH,,SOLE,,1121951,0,0
11,AMICUS THERAPEUTICS INC,COM,03152W109,41214,12339444,SH,,SOLE,,12339444,0,0
12,AMSURG CORP,COM,03232P405,90,1980,SH,,SOLE,,1980,0,0
13,ANACOR PHARMACEUTICALS INC,COM,032420101,9375,528776,SH,,SOLE,,528776,0,0
14,ANTHERA PHARMACEUTICALS INC,COM NEW,3674U201,1622,478456,SH,,SOLE,,478456,0,0
15,APPLIED GENETIC TECHNOL CORP,COM,03820J100,3395,146978,SH,,SOLE,,146978,0,0
16,AQUINOX PHARMACEUTICALS INC,COM,03842B101,1218,130000,SH,,SOLE,,130000,0,0
17,ARENA PHARMACEUTICALS INC,COM,040047102,176,30000,SH,Put,SOLE,,30000,0,0
18,ARNO THERAPEUTICS,COM,42564203,3621,2034721,SH,,SOLE,,2034721,0,0
19,ARROWHEAD RESH CORP,COM NEW,042797209,6045,422406,SH,,SOLE,,422406,0,0
20,ATHERSYS INC,COM,04744L106,1077,601852,SH,,SOLE,,601852,0,0
21,BARD C R INC,COM,067383109,97,676,SH,,SOLE,,676,0,0
22,BIODELIVERY SCIENCES INTL IN,COM,09060J106,8449,700000,SH,,SOLE,,700000,0,0
23,BIOTA PHARMACEUTIALS INC,COM,090694100,722,253400,SH,,SOLE,,253400,0,0
24,BIOLINERX LTD,SPONSORED ADR,09071M106,345,165698,SH,,SOLE,,165698,0,0
25,BIOSPECIFICS TECHNOLOGIES CO,COM,090931106,100,3700,SH,,SOLE,,3700,0,0
26,CATALYST PHARM PARTNERS INC,COM,14888U101,3795,1500000,SH,,SOLE,,1500000,0,0
27,CELGENE CORP,COM,151020104,43580,507488,SH,,SOLE,,507488,0,0
28,CENTENE CORP DEL,COM,15135B101,4537,60000,SH,,SOLE,,60000,0,0
29,CHAMPIONS ONCOLOGY,COM,15870p109,1625,1625744,SH,,SOLE,,1625744,0,0
30,CHARLES RIV LABS INTL INC,COM,159864107,100,1860,SH,,SOLE,,1860,0,0
31,CHIMERIX INC,COM,16934W106,3241,148000,SH,,SOLE,,148000,0,0
32,CHINA BIOLOGIC PRODS INC,COM,16938C106,107,2400,SH,,SOLE,,2400,0,0
33,CLOVIS ONCOLOGY INC,COM,189464100,452,10917,SH,,SOLE,,10917,0,0
34,DERMA SCIENCES INC,COM PAR $.01,249827502,4698,406437,SH,,SOLE,,406437,0,0
35,DURECT CORP,COM,266605104,1651,907064,SH,,SOLE,,907064,0,0
36,DYAX CORP,COM,26746E103,26022,2710598,SH,,SOLE,,2710598,0,0
37,ENSIGN GROUP INC,COM,29358P101,109,3509,SH,,SOLE,,3509,0,0
38,EPIZYME INC,COM,29428V104,1326,42602,SH,,SOLE,,42602,0,0
39,EXACT SCIENCES CORP,COM,30063P105,15348,901250,SH,,SOLE,,901250,0,0
40,EXACTECH INC,COM,30064E109,113,4464,SH,,SOLE,,4464,0,0
41,EXELIXIS INC,COM,30161Q104,1356,400000,SH,Call,SOLE,,400000,0,0
42,FIVE PRIME THERAPEUTICS INC,COM,33830X104,2333,150000,SH,,SOLE,,150000,0,0
43,FLAMEL TECHNOLOGIES SA,SPONSORED ADR,338488109,12000,800000,SH,,SOLE,,800000,0,0
44,GENVEC INC,COM NEW,37246C307,2107,820000,SH,,SOLE,,820000,0,0
45,GENTIVA HEALTH SERVICES INC,COM,37247A102,106,7052,SH,,SOLE,,7052,0,0
46,HCA HOLDINGS INC,COM,40412C101,11152,197806,SH,,SOLE,,197806,0,0
47,HEALTH NET INC,COM,42222G108,250,6025,SH,,SOLE,,6025,0,0
48,HERON THERAPEUTICS INC,COM,427746102,17738,1439770,SH,,SOLE,,1439770,0,0
49,HERON THERAPEUTICS INC,COM,427746102,2400,194785,SH,,SOLE,,194785,0,0
50,HUMANA INC,COM,444859102,103,803,SH,,SOLE,,803,0,0
51,ICAD INC,COM NEW,44934S206,962,150000,SH,,SOLE,,150000,0,0
52,INCYTE CORP,COM,45337C102,1129,20000,SH,,SOLE,,20000,0,0
53,INSMED INC,COM PAR $.01,457669307,35964,1800000,SH,,SOLE,,1800000,0,0
54,INTERCEPT INC,COM,45845P108,4733,20000,SH,Put,SOLE,,20000,0,0
55,INTERMUNE INC,COM,45884X103,9272,210000,SH,,SOLE,,210000,0,0
56,KARYOPHARM THERAPEUTICS INC,COM,48576U106,2125,45643,SH,,SOLE,,45643,0,0
57,LIGAND PHARMACEUTICALS INC,COM NEW,53220K504,1734,27843,SH,,SOLE,,27843,0,0
58,LION BIOTECHNOLOGIES,COM,53619R102,19273,3011549,SH,,SOLE,,3011549,0,0
59,MGC DIAGNOSTICS CORP,COM,552768103,2652,316459,SH,,SOLE,,316459,0,0
60,MACROGENICS INC,COM,556099109,9383,431803,SH,,SOLE,,431803,0,0
61,MAGELLAN HEALTH INC,COM NEW,559079207,102,1642,SH,,SOLE,,1642,0,0
62,MCKESSON CORP,COM,58155Q103,99,530,SH,,SOLE,,530,0,0
63,MEDASSETS INC,COM,584045108,101,4429,SH,,SOLE,,4429,0,0
64,MEDGENICS INC,COM NEW,58436Q203,428,55073,SH,,SOLE,,55073,0,0
65,MEDTRONIC INC,COM,585055106,8289,130000,SH,,SOLE,,130000,0,0
66,MERGE HEALTHCARE INC,COM,589499102,99,43478,SH,,SOLE,,43478,0,0
67,MOLINA HEALTHCARE INC,COM,60855R100,106,2380,SH,,SOLE,,2380,0,0
68,MYLAN INC,COM,628530107,14566,282500,SH,,SOLE,,282500,0,0
69,NEPTUNE TECHNOLOGIES BIORESO,COM,64077P108,18493,6700444,SH,,SOLE,,6700444,0,0
70,NEUROCRINE BIOSCIENCES INC,COM,64125C109,68262,4599867,SH,,SOLE,,4599867,0,0
71,NEWLINK GENETICS CORP,COM,651511107,1328,50000,SH,Call,SOLE,,50000,0,0
72,ONCOTHYREON INC,COM,682324108,949,292779,SH,,SOLE,,292779,0,0
73,OPHTHOTECH CORP,COM,683745103,15717,371469,SH,,SOLE,,371469,0,0
74,OREXIGEN THERAPEUTICS INC,COM,686164104,1384,224000,SH,,SOLE,,224000,0,0
75,OXIGENE INC,COM PAR$.001,691828404,982,379200,SH,,SOLE,,379200,0,0
76,PDL BIOPHARMA INC,COM,69329Y104,99,10183,SH,,SOLE,,10183,0,0
77,PTC THERAPEUTICS INC,COM,69366J200,17559,671736,SH,,SOLE,,671736,0,0
78,PHARMERICA CORP,COM,71714F104,98,3441,SH,,SOLE,,3441,0,0
79,QUESTCOR PHARMACEUTICALS INC,COM,74835Y101,36996,400000,SH,,SOLE,,400000,0,0
80,QUINTILES TRANSNATIO HLDGS I,COM,74876Y101,100,1875,SH,,SOLE,,1875,0,0
81,RADNET INC,COM,750491102,152,22975,SH,,SOLE,,22975,0,0
82,RECEPTOS INC,COM,756207106,8733,205000,SH,,SOLE,,205000,0,0
83,REGADO BIOSCIENCES INC,COM,75874Q107,5839,860000,SH,,SOLE,,860000,0,0
84,RELYPSA INC,COM,759531106,14509,596605,SH,,SOLE,,596605,0,0
85,RETROPHIN INC,COM,761299106,14960,1274292,SH,,SOLE,,1274292,0,0
86,SANGAMO BIOSCIENCES INC,COM,800677106,12216,800000,SH,,SOLE,,800000,0,0
87,SAREPTA THERAPEUTICS INC,COM,803607100,76217,2558478,SH,,SOLE,,2558478,0,0
88,SHIRE PLC,SPONSORED ADR,82481R106,21194,90000,SH,,SOLE,,90000,0,0
89,SMITH & NEPHEW PLC,SPDN ADR NEW,83175M205,2050,22963,SH,,SOLE,,22963,0,0
90,SPECTRANETICS CORP,COM,84760C107,5568,243354,SH,,SOLE,,243354,0,0
91,STEMCELLS INC,COM NEW,85857R204,551,271600,SH,,SOLE,,271600,0,0
92,SUNSHINE HEART INC,COM,86782U106,140,25000,SH,,SOLE,,25000,0,0
93,SYMMETRY MED INC,COM,871546206,99,11148,SH,,SOLE,,11148,0,0
94,TESARO INC,COM,881569107,19816,636956,SH,,SOLE,,636956,0,0
95,TESARO INC,COM,881569107,3111,100000,SH,Put,SOLE,,100000,0,0
96,TRANSGENOMIC INC,COM NEW,89365K305,687,183957,SH,,SOLE,,183957,0,0
97,TRANSENTERIX INC,COM NEW,89366M201,6552,1300000,SH,,SOLE,,1300000,0,0
98,TREVENA INC,COM,89532E109,4351,770000,SH,,SOLE,,770000,0,0
99,TRIPLE-S MGMT CORP,CL B,896749108,105,5880,SH,,SOLE,,5880,0,0
100,UNIVERSAL HLTH SVCS INC,CL B,913903100,214,2236,SH,,SOLE,,2236,0,0
101,UROPLASTY INC,COM NEW,917277204,1791,668287,SH,,SOLE,,668287,0,0
102,VERSARTIS INC,COM,92529L102,8855,315796,SH,,SOLE,,315796,0,0
103,VERTEX PHARMACEUTICALS INC,COM,92532F100,2840,30000,SH,Put,SOLE,,30000,0,0
104,VERTEX PHARMACEUTICALS INC,COM,92532F100,44513,470142,SH,,SOLE,,470142,0,0
105,WALGREEN CO,COM,931422109,3707,50000,SH,Call,SOLE,,50000,0,0
106,WALGREEN CO,COM,931422109,20905,282000,SH,,SOLE,,282000,0,0
107,WELLCARE HEALTH PLANS INC,COM,94946T106,97,1302,SH,,SOLE,,1302,0,0
108,XENCOR INC,COM,98401F105,20226,1740621,SH,,SOLE,,1740621,0,0
109,ZELTIQ AESTHETICS INC,COM,98933Q108,3065,201628,SH,,SOLE,,201628,0,0
110,ZIMMER HLDGS INC,COM,98956P102,25186,242500,SH,,SOLE,,242500,0,0
111,COVIDIEN PLC,SHS,G2554F113,2255,25000,SH,,SOLE,,25000,0,0
112,ICON PLC,SHS,G4705A100,115,2440,SH,,SOLE,,2440,0,0
113,PROTHENA CORP PLC,SHS,G72800108,10895,483162,SH,,SOLE,,483162,0,0
114,QUOTIENT LTD,SHS,G73268107,2499,300000,SH,,SOLE,,300000,0,0
115,GALMED PHARMACEUTICALS LTD,SHS,M47238106,731,75000,SH,,SOLE,,75000,0,0
116,SYNERON MEDICAL LTD,ORD SHS,M87245102,1187,115000,SH,,SOLE,,115000,0,0
117,TARO PHARMACEUTICAL INDS LTD,SHS,M8737E108,130,924,SH,,SOLE,,924,0,0
118,TARO PHARMACEUTICAL INDS LTD,SHS,M8737E108,19560,139474,SH,,SOLE,,139474,0,0
119,TARO PHARMACEUTICAL INDS LTD,SHS,M8737E108,22570,160935,SH,,SOLE,,160935,0,0
