,NAME OF ISSUER,TITLE OF CLASS,CUSIP,(x$1000),PRN AMT,PRN,CALL,DISCRETION,MANAGER,SOLE,SHARED,NONE
0,3M CO,COM,88579y101,2884,16148,SH,,SOLE,,16148,0,0
1,A H BELO CORP,COM CL A,001282102,6470,1018824,SH,,SOLE,,1018824,0,0
2,ACCENTURE PLC IRELAND,SHS CLASS A,g1151c101,4391,37492,SH,,SOLE,,37492,0,0
3,ADDUS HOMECARE CORP,COM,006739106,4337,123751,SH,,SOLE,,123751,0,0
4,AGILYSYS INC,COM,00847j105,4232,408480,SH,,SOLE,,408480,0,0
5,ALAMO GROUP INC,COM,011311107,5390,70833,SH,,SOLE,,70833,0,0
6,ALCENTRA CAP CORP,COM,01374t102,1564,130696,SH,,SOLE,,130696,0,0
7,AMERCO,COM,023586100,9474,25633,SH,,SOLE,,25633,0,0
8,AMERIPRISE FINL INC,COM,03076c106,4204,37898,SH,,SOLE,,37898,0,0
9,ANTHEM INC,COM,036752103,4327,30099,SH,,SOLE,,30099,0,0
10,ARBOR RLTY TR INC,COM,038923108,10530,1411553,SH,,SOLE,,1411553,0,0
11,ARC DOCUMENT SOLUTIONS INC,COM,00191g103,5087,1001413,SH,,SOLE,,1001413,0,0
12,ASTRONOVA INC,COM,04638f108,1692,118735,SH,,SOLE,,118735,0,0
13,ATLANTIC CAP BANCSHARES INC,COM,048269203,2407,126660,SH,,SOLE,,126660,0,0
14,AWARE INC MASS,COM,05453N100,3989,654000,SH,,SOLE,,654000,0,0
15,B RILEY FINL INC,COM,05580m108,7019,380411,SH,,SOLE,,380411,0,0
16,BASSETT FURNITURE INDS INC,COM,070203104,882,29000,SH,,SOLE,,29000,0,0
17,BERKSHIRE HATHAWAY INC DEL,CL B NEW,084670702,5813,35668,SH,,SOLE,,35668,0,0
18,BG STAFFING INC,COM,05544a109,2821,180845,SH,,SOLE,,180845,0,0
19,BLACKROCK CAPITAL INVESTMENT,COM,092533108,6481,931134,SH,,SOLE,,931134,0,0
20,BLACKROCK MUN 2030 TAR TERM,COM SHS BEN IN,09257p105,3990,182753,SH,,SOLE,,182753,0,0
21,BLACKROCK RES & COMM STRAT T,SHS,09257a108,1132,136899,SH,,SOLE,,136899,0,0
22,BLACKSTONE GSO STRATEGIC CR,COM SHS BEN IN,09257r101,8069,526021,SH,,SOLE,,526021,0,0
23,BLACKSTONE MTG TR INC,COM CL A,09257w100,6545,217651,SH,,SOLE,,217651,0,0
24,BOEING CO,COM,097023105,4964,31883,SH,,SOLE,,31883,0,0
25,BOULDER GROWTH & INCOME FD I,COM,101507101,1206,134900,SH,,SOLE,,134900,0,0
26,BRUNSWICK CORP,COM,117043109,4580,83979,SH,,SOLE,,83979,0,0
27,BSB BANCORP INC MD,COM,05573h108,4613,159350,SH,,SOLE,,159350,0,0
28,CALAMOS DYNAMIC CONV & INCOM,COM,12811v105,10153,579181,SH,,SOLE,,579181,0,0
29,CALAVO GROWERS INC,COM,128246105,3182,51832,SH,,SOLE,,51832,0,0
30,CALLAWAY GOLF CO,COM,131193104,12994,1185572,SH,,SOLE,,1185572,0,0
31,CAPITAL SOUTHWEST CORP,COM,140501107,27266,1688318,SH,,SOLE,,1688318,0,0
32,CARBONITE INC,COM,141337105,5349,326180,SH,,SOLE,,326180,0,0
33,CECO ENVIRONMENTAL CORP,COM,125141101,11571,829478,SH,,SOLE,,829478,0,0
34,CENTURYLINK INC,COM,156700106,5134,215898,SH,,SOLE,,215898,0,0
35,CHEROKEE INC DEL NEW,COM,16444h102,3584,341350,SH,,SOLE,,341350,0,0
36,CHIMERA INVT CORP,COM NEW,16934q208,7108,417605,SH,,SOLE,,417605,0,0
37,CINTAS CORP,COM,172908105,4623,40004,SH,,SOLE,,40004,0,0
38,CLAYMORE EXCHANGE TRD FD TR,GUGG S&P SPINOFF,18383m605,2892,66594,SH,,SOLE,,66594,0,0
39,COCA COLA CO,COM,191216100,2322,56012,SH,,SOLE,,56012,0,0
40,COHEN & STEERS INFRASTRUCTUR,COM,19248a109,3344,172713,SH,,SOLE,,172713,0,0
41,COLUMBUS MCKINNON CORP N Y,COM,199333105,828,30609,SH,,SOLE,,30609,0,0
42,COMMERCEHUB INC,COM SER A,20084V108,1966,131000,SH,,SOLE,,131000,0,0
43,COMMERCEHUB INC,COM SER C,20084v306,4023,267660,SH,,SOLE,,267660,0,0
44,CORE MOLDING TECHNOLOGIES IN,COM,218683100,1916,112000,SH,,SOLE,,112000,0,0
45,CORENERGY INFRASTRUCTURE TR,COM NEW,21870U502,14487,415347,SH,,SOLE,,415347,0,0
46,CSW INDUSTRIALS INC,COM,126402106,6426,174381,SH,,SOLE,,174381,0,0
47,CULP INC,COM,230215105,2705,72800,SH,,SOLE,,72800,0,0
48,CVS HEALTH CORP,COM,126650100,4372,55403,SH,,SOLE,,55403,0,0
49,DST SYS INC DEL,COM,233326107,3216,30013,SH,,SOLE,,30013,0,0
50,DEERE & CO,COM,244199105,3526,34221,SH,,SOLE,,34221,0,0
51,DELUXE CORP,COM,248019101,7914,110522,SH,,SOLE,,110522,0,0
52,DESTINATION XL GROUP INC,COM,25065k104,7927,1865239,SH,,SOLE,,1865239,0,0
53,DEUTSCHE HIGH INCOME OPPORT,COM,25158y102,6081,422000,SH,,SOLE,,422000,0,0
54,DIGI INTL INC,COM,253798102,19722,1434350,SH,,SOLE,,1434350,0,0
55,DIGIRAD CORP,COM,253827109,6248,1249556,SH,,SOLE,,1249556,0,0
56,DLH HLDGS CORP,COM,23335q100,1846,310700,SH,,SOLE,,310700,0,0
57,DOUGLAS DYNAMICS INC,COM,25960r105,15803,469626,SH,,SOLE,,469626,0,0
58,DRIVE SHACK INC,COM,262077100,9448,2512777,SH,,SOLE,,2512777,0,0
59,EASTERLY GOVT PPTYS INC,COM,27616p103,3863,192975,SH,,SOLE,,192975,0,0
60,EATON VANCE TAX ADVT DIV INC,COM,27828g107,3429,166936,SH,,SOLE,,166936,0,0
61,EATON VANCE TX ADV GLBL DIV,COM,27828s101,3356,238514,SH,,SOLE,,238514,0,0
62,ECOLAB INC,COM,278865100,762,6501,SH,,SOLE,,6501,0,0
63,ENSTAR GROUP LIMITED,SHS,g3075p101,7072,35772,SH,,SOLE,,35772,0,0
64,ENTEGRA FINL CORP,COM,29363j108,5875,285214,SH,,SOLE,,285214,0,0
65,ETSY INC,COM,29786a106,4659,395485,SH,,SOLE,,395485,0,0
66,EVOLUTION PETROLEUM CORP,COM,30049A107,2350,235000,SH,,SOLE,,235000,0,0
67,EXA CORP,COM,300614500,1686,109750,SH,,SOLE,,109750,0,0
68,EXXON MOBIL CORP,COM,30231g102,4496,49806,SH,,SOLE,,49806,0,0
69,FARMERS NATL BANC CORP,COM,309627107,1747,123000,SH,,SOLE,,123000,0,0
70,FERRO CORP,COM,315405100,7762,541670,SH,,SOLE,,541670,0,0
71,FIBROGEN INC,COM,31572q808,807,37698,SH,,SOLE,,37698,0,0
72,FIRST BANK WILLIAMSTOWN NJ,COM,31931U102,3086,266040,SH,,SOLE,,266040,0,0
73,FIRST BUS FINL SVCS INC WIS,COM,319390100,7393,311696,SH,,SOLE,,311696,0,0
74,FIRST NORTHWEST BANCORP,COM,335834107,4407,282520,SH,,SOLE,,282520,0,0
75,FIRST TR DYNAMIC EUROPE EQT,COM SHS,33740d107,232,14935,SH,,SOLE,,14935,0,0
76,FISERV INC,COM,337738108,5045,47472,SH,,SOLE,,47472,0,0
77,FORD MTR CO DEL,COM PAR $0.01,345370860,2873,236886,SH,,SOLE,,236886,0,0
78,FRANKLIN COVEY CO,COM,353469109,8284,411135,SH,,SOLE,,411135,0,0
79,GENTHERM INC,COM,37253a103,4878,144098,SH,,SOLE,,144098,0,0
80,GREEN BRICK PARTNERS INC,COM,392709101,11200,1114465,SH,,SOLE,,1114465,0,0
81,HACKETT GROUP INC,COM,404609109,11220,635313,SH,,SOLE,,635313,0,0
82,HALLMARK FINL SVCS INC EC,COM NEW,40624q203,1456,125209,SH,,SOLE,,125209,0,0
83,HARVEST CAP CR CORP,COM,41753f109,2157,156858,SH,,SOLE,,156858,0,0
84,HERITAGE CRYSTAL CLEAN INC,COM,42726M106,2001,127456,SH,,SOLE,,127456,0,0
85,HOOKER FURNITURE CORP,COM,439038100,5892,155245,SH,,SOLE,,155245,0,0
86,HORACE MANN EDUCATORS CORP N,COM,440327104,7746,180976,SH,,SOLE,,180976,0,0
87,HORMEL FOODS CORP,COM,440452100,3966,113933,SH,,SOLE,,113933,0,0
88,IEC ELECTRS CORP NEW,COM,44949l105,453,126770,SH,,SOLE,,126770,0,0
89,INFORMATION SERVICES GROUP I,COM,45675y104,2948,810000,SH,,SOLE,,810000,0,0
90,INTL FCSTONE INC,COM,46116v105,17475,441299,SH,,SOLE,,441299,0,0
91,INVESCO LTD,SHS,g491bt108,3576,117851,SH,,SOLE,,117851,0,0
92,ISHARES INC,CORE MSCI EMKT,46434g103,1566,36881,SH,,SOLE,,36881,0,0
93,ISHARES TR,1-3 YR TR BD ETF,464287457,12498,147990,SH,,SOLE,,147990,0,0
94,ISHARES TR,S&P 500 GRWT ETF,464287309,13779,113140,SH,,SOLE,,113140,0,0
95,ISHARES TR,S&P 500 VAL ETF,464287408,4647,45833,SH,,SOLE,,45833,0,0
96,ISHARES TR,CORE MSCI EURO,46434v738,5322,130803,SH,,SOLE,,130803,0,0
97,ITT INC,COM,45073v108,1859,48191,SH,,SOLE,,48191,0,0
98,J & J SNACK FOODS CORP,COM,466032109,4657,34900,SH,,SOLE,,34900,0,0
99,JOHNSON & JOHNSON,COM,478160104,4549,39485,SH,,SOLE,,39485,0,0
100,JPMORGAN CHASE & CO,COM,46625h100,6585,76313,SH,,SOLE,,76313,0,0
101,KIMBALL INTL INC,CL B,494274103,6437,366600,SH,,SOLE,,366600,0,0
102,LAKE SUNAPEE BK GROUP,COM,510866106,1180,50000,SH,,SOLE,,50000,0,0
103,LANDAUER INC,COM,51476k103,12774,265571,SH,,SOLE,,265571,0,0
104,LAWSON PRODS INC,COM,520776105,2142,90000,SH,,SOLE,,90000,0,0
105,LEAF GROUP LTD,COM,52177g102,3803,580600,SH,,SOLE,,580600,0,0
106,LENDINGTREE INC NEW,COM,52603b107,3483,34362,SH,,SOLE,,34362,0,0
107,LITHIA MTRS INC,CL A,536797103,9102,93996,SH,,SOLE,,93996,0,0
108,MACQUARIE INFRASTRUCTURE COR,COM,55608b105,8197,100331,SH,,SOLE,,100331,0,0
109,MADDEN STEVEN LTD,COM,556269108,5217,145933,SH,,SOLE,,145933,0,0
110,MADISON CVRED CALL & EQ STR,COM,557437100,10923,1418557,SH,,SOLE,,1418557,0,0
111,MALIBU BOATS INC,COM CL A,56117j100,10692,560364,SH,,SOLE,,560364,0,0
112,MCBC HLDGS INC,COM,55276f107,2749,188550,SH,,SOLE,,188550,0,0
113,MESA LABS INC,COM,59064r109,2604,21210,SH,,SOLE,,21210,0,0
114,MICROSOFT CORP,COM,594918104,6431,103486,SH,,SOLE,,103486,0,0
115,MOCON INC,COM,607494101,5226,268010,SH,,SOLE,,268010,0,0
116,MONOTYPE IMAGING HOLDINGS IN,COM,61022p100,4859,244793,SH,,SOLE,,244793,0,0
117,MVC CAPITAL INC,COM,553829102,1890,220294,SH,,SOLE,,220294,0,0
118,NATHANS FAMOUS INC NEW,COM,632347100,2057,31700,SH,,SOLE,,31700,0,0
119,NATIONAL CINEMEDIA INC,COM,635309107,2392,162380,SH,,SOLE,,162380,0,0
120,NATURAL GAS SERVICES GROUP,COM,63886q109,10815,336385,SH,,SOLE,,336385,0,0
121,NAUTILUS INC,COM,63910b102,14666,792742,SH,,SOLE,,792742,0,0
122,NCR CORP NEW,COM,62886e108,3242,79925,SH,,SOLE,,79925,0,0
123,NEUBERGER BERMAN MLP INCOME,COM,64129h104,9918,1056242,SH,,SOLE,,1056242,0,0
124,NEUBERGER BERMAN RE ES SEC F,COM,64190a103,73,13586,SH,,SOLE,,13586,0,0
125,NEW SR INVT GROUP INC,COM,648691103,7628,779162,SH,,SOLE,,779162,0,0
126,NORTHSTAR REALTY EUROPE CORP,COM,66706l101,7571,602345,SH,,SOLE,,602345,0,0
127,NOVANTA INC,COM,67000b104,6434,306373,SH,,SOLE,,306373,0,0
128,NOVARTIS A G,SPONSORED ADR,66987v109,2338,32104,SH,,SOLE,,32104,0,0
129,NUMEREX CORP PA,CL A,67053a102,2049,276845,SH,,SOLE,,276845,0,0
130,NUVEEN BUILD AMER BD FD,COM,67074c103,2549,123537,SH,,SOLE,,123537,0,0
131,NUVEEN INTER DURATION MN TMF,COM,670671106,3234,254436,SH,,SOLE,,254436,0,0
132,NUVEEN MTG OPPORTUNITY TERM,COM,670735109,9794,406883,SH,,SOLE,,406883,0,0
133,OFS CAP CORP,COM,67103b100,2511,182500,SH,,SOLE,,182500,0,0
134,OUTFRONT MEDIA INC,COM,69007j106,5612,225653,SH,,SOLE,,225653,0,0
135,PANHANDLE OIL AND GAS INC,CL A,698477106,2329,98885,SH,,SOLE,,98885,0,0
136,PAR PACIFIC HOLDINGS INC,COM NEW,69888t207,5033,346150,SH,,SOLE,,346150,0,0
137,PENNANTPARK FLOATING RATE CA,COM,70806a106,13272,940577,SH,,SOLE,,940577,0,0
138,PERCEPTRON INC,COM,71361f100,2495,375733,SH,,SOLE,,375733,0,0
139,PFSWEB INC,COM NEW,717098206,1947,229000,SH,,SOLE,,229000,0,0
140,PHOTRONICS INC,COM,719405102,5402,478048,SH,,SOLE,,478048,0,0
141,PREMIER INC,CL A,74051n102,2280,75115,SH,,SOLE,,75115,0,0
142,PROCTER AND GAMBLE CO,COM,742718109,4341,51631,SH,,SOLE,,51631,0,0
143,PUTNAM PREMIER INCOME TR,SH BEN INT,746853100,7814,1572283,SH,,SOLE,,1572283,0,0
144,PZENA INVESTMENT MGMT INC,CLASS A,74731q103,16462,1481763,SH,,SOLE,,1481763,0,0
145,RED LION HOTELS CORP,COM,756764106,5199,622600,SH,,SOLE,,622600,0,0
146,REDWOOD TR INC,COM,758075402,3546,233144,SH,,SOLE,,233144,0,0
147,REIS INC,COM,75936p105,5752,258515,SH,,SOLE,,258515,0,0
148,REPUBLIC SVCS INC,COM,760759100,4674,81929,SH,,SOLE,,81929,0,0
149,RIGNET INC,COM,766582100,5006,216238,SH,,SOLE,,216238,0,0
150,ROYCE GLOBAL VALUE TR INC,COM,78081t104,1229,152900,SH,,SOLE,,152900,0,0
151,ROYCE MICRO-CAP TR INC,COM,780915104,4610,564909,SH,,SOLE,,564909,0,0
152,ROYCE VALUE TR INC,COM,780910105,6203,463261,SH,,SOLE,,463261,0,0
153,RYDEX ETF TRUST,GUG S&P500 PU VA,78355w304,12144,210873,SH,,SOLE,,210873,0,0
154,SCRIPPS E W CO OHIO,CL A NEW,811054402,10950,566497,SH,,SOLE,,566497,0,0
155,SILVERCREST ASSET MGMT GROUP,CL A,828359109,6612,502816,SH,,SOLE,,502816,0,0
156,SIMULATIONS PLUS INC,COM,829214105,4272,442684,SH,,SOLE,,442684,0,0
157,SOLAR CAP LTD,COM,83413u100,6597,316869,SH,,SOLE,,316869,0,0
158,SP PLUS CORP,COM,78469c103,5825,206919,SH,,SOLE,,206919,0,0
159,SPOK HLDGS INC,COM,84863t106,18395,886512,SH,,SOLE,,886512,0,0
160,SS&C TECHNOLOGIES HLDGS INC,COM,78467j100,3133,109532,SH,,SOLE,,109532,0,0
161,STONECASTLE FINL CORP,COM,861780104,11311,605204,SH,,SOLE,,605204,0,0
162,SUPERIOR UNIFORM GP INC,COM,868358102,3988,203275,SH,,SOLE,,203275,0,0
163,SUPREME INDS INC,CL A,868607102,5611,357400,SH,,SOLE,,357400,0,0
164,TARGET CORP,COM,87612e106,4387,60739,SH,,SOLE,,60739,0,0
165,TECHTARGET INC,COM,87874r100,8286,971443,SH,,SOLE,,971443,0,0
166,THESTREET INC,COM,88368q103,1648,1938866,SH,,SOLE,,1938866,0,0
167,TRANSACT TECHNOLOGIES INC,COM,892918103,1921,291000,SH,,SOLE,,291000,0,0
168,TRANSCAT INC,COM,893529107,2855,264390,SH,,SOLE,,264390,0,0
169,TRUEBLUE INC,COM,89785x101,8099,328559,SH,,SOLE,,328559,0,0
170,U S G CORP,COM NEW,903293405,3021,104590,SH,,SOLE,,104590,0,0
171,U S PHYSICAL THERAPY INC,COM,90337l108,5656,80570,SH,,SOLE,,80570,0,0
172,UFP TECHNOLOGIES INC,COM,902673102,4553,178900,SH,,SOLE,,178900,0,0
173,UNITED FINL BANCORP INC NEW,COM,910304104,5223,287612,SH,,SOLE,,287612,0,0
174,UNITED TECHNOLOGIES CORP,COM,913017109,2739,24982,SH,,SOLE,,24982,0,0
175,VERIZON COMMUNICATIONS INC,COM,92343v104,5561,104173,SH,,SOLE,,104173,0,0
176,VOLT INFORMATION SCIENCES IN,COM,928703107,1713,250000,SH,,SOLE,,250000,0,0
177,WASTE MGMT INC DEL,COM,94106l109,5614,79167,SH,,SOLE,,79167,0,0
178,WEST MARINE INC,COM,954235107,2364,225809,SH,,SOLE,,225809,0,0
179,WESTWOOD HLDGS GROUP INC,COM,961765104,9715,161944,SH,,SOLE,,161944,0,0
