,NAME OF ISSUER,TITLE OF CLASS,CUSIP,(x$1000),PRN AMT,PRN,CALL,DISCRETION,MANAGER,SOLE,SHARED,NONE
0,180 DEGREE CAP CORP,COM,68235B109,2340,1095310,SH,,SOLE,,1095310,0,0
1,3M CO,COM,88579Y101,2883,17539,SH,,SOLE,,17539,0,0
2,A H BELO CORP,COM CL A,001282102,4093,1091467,SH,,SOLE,,1091467,0,0
3,ACCENTURE PLC IRELAND,SHS CLASS A,G1151C101,7221,37539,SH,,SOLE,,37539,0,0
4,ADDUS HOMECARE CORP,COM,006739106,10730,135348,SH,,SOLE,,135348,0,0
5,AGILYSYS INC,COM,00847J105,9763,381210,SH,,SOLE,,381210,0,0
6,AIRGAIN INC,COM,00938A104,529,45000,SH,,SOLE,,45000,0,0
7,ALAMO GROUP INC,COM,011311107,8820,74925,SH,,SOLE,,74925,0,0
8,ALLIANZGI CON INCM 2024 TARG,COM,01883H102,9634,1028215,SH,,SOLE,,1028215,0,0
9,ALLIED MOTION TECHNOLOGIES I,COM,019330109,6172,174801,SH,,SOLE,,174801,0,0
10,ALTRIA GROUP INC,COM,02209S103,202,4939,SH,,SOLE,,4939,0,0
11,AMERCO,COM,023586100,7386,18937,SH,,SOLE,,18937,0,0
12,AMERIPRISE FINL INC,COM,03076C106,5669,38539,SH,,SOLE,,38539,0,0
13,ANTHEM INC,COM,036752103,7237,30142,SH,,SOLE,,30142,0,0
14,ARBOR RLTY TR INC,COM,038923108,4896,373485,SH,,SOLE,,373485,0,0
15,ARC DOCUMENT SOLUTIONS INC,COM,00191G103,3169,2330316,SH,,SOLE,,2330316,0,0
16,ARES CAP CORP,COM,04010L103,9612,515809,SH,,SOLE,,515809,0,0
17,ASTRONOVA INC,COM,04638F108,6014,371920,SH,,SOLE,,371920,0,0
18,AWARE INC MASS,COM,05453N100,2661,889925,SH,,SOLE,,889925,0,0
19,B RILEY FINL INC,COM,05580M108,36401,1541088,SH,,SOLE,,1541088,0,0
20,BAR HBR BANKSHARES,COM,066849100,7341,294456,SH,,SOLE,,294456,0,0
21,BARINGS BDC INC,COM,06759L103,19585,1929585,SH,,SOLE,,1929585,0,0
22,BERKSHIRE HATHAWAY INC DEL,CL A,084670108,312,1,SH,,SOLE,,1,0,0
23,BERKSHIRE HATHAWAY INC DEL,CL B NEW,084670702,7866,37815,SH,,SOLE,,37815,0,0
24,BLACKROCK 2022 GBL INCM OPP,COM,09258P104,4005,416748,SH,,SOLE,,416748,0,0
25,BLACKROCK ENERGY & RES TR,COM,09250U101,3142,280495,SH,,SOLE,,280495,0,0
26,BLACKROCK MUN 2030 TAR TERM,COM SHS BEN IN,09257P105,3585,151515,SH,,SOLE,,151515,0,0
27,BLACKROCK TCP CAP CORP,COM,09259E108,4033,297504,SH,,SOLE,,297504,0,0
28,BLUELINX HLDGS INC,COM NEW,09624H208,15393,476110,SH,,SOLE,,476110,0,0
29,BOEING CO,COM,097023105,9189,24153,SH,,SOLE,,24153,0,0
30,BOSTON SCIENTIFIC CORP,COM,101137107,464,11411,SH,,SOLE,,11411,0,0
31,BOULDER GROWTH & INCOME FD I,COM,101507101,11302,1009105,SH,,SOLE,,1009105,0,0
32,BRIDGEWATER BANCSHARES INC,COM ACCD INV,108621103,4132,346073,SH,,SOLE,,346073,0,0
33,BRIDGFORD FOODS CORP,COM,108763103,971,32200,SH,,SOLE,,32200,0,0
34,BRUNSWICK CORP,COM,117043109,5191,99589,SH,,SOLE,,99589,0,0
35,CALAMOS GBL DYN INCOME FUND,COM,12811L107,95,12133,SH,,SOLE,,12133,0,0
36,CALLAWAY GOLF CO,COM,131193104,19380,998468,SH,,SOLE,,998468,0,0
37,CANTERBURY PARK HOLDING CORP,COM,13811E101,305,25000,SH,,SOLE,,25000,0,0
38,CAPITAL SOUTHWEST CORP,COM,140501107,31937,1465015,SH,,SOLE,,1465015,0,0
39,CARBONITE INC,COM,141337105,5859,378256,SH,,SOLE,,378256,0,0
40,CARTER BK & TR MARTINSVILLE,COM,146102108,1772,93809,SH,,SOLE,,93809,0,0
41,CELCUITY INC,COM,15102K100,1297,76412,SH,,SOLE,,76412,0,0
42,CHIMERA INVT CORP,COM NEW,16934Q208,6579,336359,SH,,SOLE,,336359,0,0
43,CHUBB LIMITED,COM,H1467J104,363,2251,SH,,SOLE,,2251,0,0
44,CINTAS CORP,COM,172908105,7268,27108,SH,,SOLE,,27108,0,0
45,COLUMBUS MCKINNON CORP N Y,COM,199333105,16265,446460,SH,,SOLE,,446460,0,0
46,COMMERCIAL VEH GROUP INC,COM,202608105,2235,310000,SH,,SOLE,,310000,0,0
47,CSW INDUSTRIALS INC,COM,126402106,6407,92818,SH,,SOLE,,92818,0,0
48,CVS HEALTH CORP,COM,126650100,3738,59261,SH,,SOLE,,59261,0,0
49,CYBEROPTICS CORP,COM,232517102,1894,132568,SH,,SOLE,,132568,0,0
50,DEERE & CO,COM,244199105,5098,30223,SH,,SOLE,,30223,0,0
51,DELAWARE INV MN MUN INC FD I,COM,24610V103,275,21015,SH,,SOLE,,21015,0,0
52,DELUXE CORP,COM,248019101,9026,183604,SH,,SOLE,,183604,0,0
53,DESTINATION XL GROUP INC,COM,25065K104,1390,822504,SH,,SOLE,,822504,0,0
54,DHI GROUP INC,COM,23331S100,6011,1561278,SH,,SOLE,,1561278,0,0
55,DIAMOND HILL INVESTMENT GROU,COM NEW,25264R207,1879,13600,SH,,SOLE,,13600,0,0
56,DIGI INTL INC,COM,253798102,16975,1246351,SH,,SOLE,,1246351,0,0
57,DIGITAL TURBINE INC,COM NEW,25400W102,1240,192450,SH,,SOLE,,192450,0,0
58,DISNEY WALT CO,COM DISNEY,254687106,7754,59503,SH,,SOLE,,59503,0,0
59,DLH HLDGS CORP,COM,23335Q100,2358,528690,SH,,SOLE,,528690,0,0
60,DOUGLAS DYNAMICS INC,COM,25960R105,12267,275220,SH,,SOLE,,275220,0,0
61,DRIVE SHACK INC,COM,262077100,12796,2968874,SH,,SOLE,,2968874,0,0
62,EASTERLY GOVT PPTYS INC,COM,27616P103,6464,303469,SH,,SOLE,,303469,0,0
63,EATON VANCE TX ADV GLBL DIV,COM,27828S101,4634,281511,SH,,SOLE,,281511,0,0
64,ECOLAB INC,COM,278865100,1019,5147,SH,,SOLE,,5147,0,0
65,EDUCATIONAL DEV CORP,COM,281479105,233,37700,SH,,SOLE,,37700,0,0
66,ELECTROMED INC,COM,285409108,820,124000,SH,,SOLE,,124000,0,0
67,ENSTAR GROUP LIMITED,SHS,G3075P101,7285,38358,SH,,SOLE,,38358,0,0
68,ETSY INC,COM,29786A106,13154,232809,SH,,SOLE,,232809,0,0
69,EVOLUTION PETROLEUM CORP,COM,30049A107,3224,552093,SH,,SOLE,,552093,0,0
70,EXANTAS CAP CORP,COM NEW,30068N105,2237,196765,SH,,SOLE,,196765,0,0
71,EXXON MOBIL CORP,COM,30231G102,3629,51393,SH,,SOLE,,51393,0,0
72,FARMER BROS CO,COM,307675108,7126,550262,SH,,SOLE,,550262,0,0
73,FARMERS NATL BANC CORP,COM,309627107,3204,221271,SH,,SOLE,,221271,0,0
74,FERRO CORP,COM,315405100,7847,661614,SH,,SOLE,,661614,0,0
75,FIBROGEN INC,COM,31572Q808,333,9000,SH,,SOLE,,9000,0,0
76,FIRST BANK WILLIAMSTOWN NJ,COM,31931U102,3564,329123,SH,,SOLE,,329123,0,0
77,FIRST TR DYNAMIC EUROPE EQT,COM SHS,33740D107,9290,684587,SH,,SOLE,,684587,0,0
78,FIRST TR ENERGY INFRASTRCTR,COM,33738C103,6871,416185,SH,,SOLE,,416185,0,0
79,FISERV INC,COM,337738108,9329,90055,SH,,SOLE,,90055,0,0
80,FRANKLIN COVEY CO,COM,353469109,13055,372990,SH,,SOLE,,372990,0,0
81,FRONT YD RESIDENTIAL CORP,COM,35904G107,3529,305259,SH,,SOLE,,305259,0,0
82,GENTHERM INC,COM,37253A103,6354,154644,SH,,SOLE,,154644,0,0
83,GLADSTONE LD CORP,COM,376549101,4121,346436,SH,,SOLE,,346436,0,0
84,GLOBAL SHIP LEASE INC NEW,COM CL A,Y27183600,3213,420000,SH,,SOLE,,420000,0,0
85,GLOBE LIFE INC,COM,37959E102,422,4410,SH,,SOLE,,4410,0,0
86,GREAT ELM CAP CORP,COM,390320109,3853,469895,SH,,SOLE,,469895,0,0
87,GREAT ELM CAP GROUP INC,COM NEW,39036P209,2525,682501,SH,,SOLE,,682501,0,0
88,GREEN BRICK PARTNERS INC,COM,392709101,19054,1780711,SH,,SOLE,,1780711,0,0
89,HACKETT GROUP INC,COM,404609109,15318,930641,SH,,SOLE,,930641,0,0
90,HERITAGE CRYSTAL CLEAN INC,COM,42726M106,4285,161700,SH,,SOLE,,161700,0,0
91,HIGHLAND INCOME FUND,HIGHLAND INCOME,43010E404,4497,336870,SH,,SOLE,,336870,0,0
92,HOOKER FURNITURE CORP,COM,439038100,8658,403807,SH,,SOLE,,403807,0,0
93,HORMEL FOODS CORP,COM,440452100,4950,113205,SH,,SOLE,,113205,0,0
94,HOUSTON WIRE & CABLE CO,COM,44244K109,283,60000,SH,,SOLE,,60000,0,0
95,HUNT COS FIN TR INC,COM,44558T100,2818,838785,SH,,SOLE,,838785,0,0
96,I D SYSTEMS INC,COM,449489103,3766,688416,SH,,SOLE,,688416,0,0
97,IEC ELECTRS CORP NEW,COM,44949L105,4251,615200,SH,,SOLE,,615200,0,0
98,INFORMATION SERVICES GROUP I,COM,45675Y104,1764,709939,SH,,SOLE,,709939,0,0
99,INFUSYSTEM HLDGS INC,COM,45685K102,418,79000,SH,,SOLE,,79000,0,0
100,INTEL CORP,COM,458140100,834,16180,SH,,SOLE,,16180,0,0
101,INTL FCSTONE INC,COM,46116V105,25084,610914,SH,,SOLE,,610914,0,0
102,INVESCO EXCHANGE TRADED FD T,S&P500 PUR VAL,46137V258,13477,207849,SH,,SOLE,,207849,0,0
103,INVESCO QQQ TR,UNIT SER 1,46090E103,219,1159,SH,,SOLE,,1159,0,0
104,ISSUER DIRECT CORPORATION,COM NEW,46520M204,310,30000,SH,,SOLE,,30000,0,0
105,JOHNSON & JOHNSON,COM,478160104,6042,46700,SH,,SOLE,,46700,0,0
106,JOINT CORP,COM,47973J102,577,31000,SH,,SOLE,,31000,0,0
107,JPMORGAN CHASE & CO,COM,46625H100,9188,78073,SH,,SOLE,,78073,0,0
108,KIMBALL ELECTRONICS INC,COM,49428J109,2939,202550,SH,,SOLE,,202550,0,0
109,KIMBALL INTL INC,CL B,494274103,15787,817987,SH,,SOLE,,817987,0,0
110,KIMBERLY CLARK CORP,COM,494368103,232,1634,SH,,SOLE,,1634,0,0
111,KINGSTONE COS INC,COM,496719105,3320,389696,SH,,SOLE,,389696,0,0
112,LAMAR ADVERTISING CO NEW,CL A,512816109,5284,64493,SH,,SOLE,,64493,0,0
113,LAWSON PRODS INC,COM,520776105,4451,114935,SH,,SOLE,,114935,0,0
114,LEAF GROUP LTD,COM,52177G102,2991,712208,SH,,SOLE,,712208,0,0
115,LENDINGTREE INC NEW,COM,52603B107,4381,14113,SH,,SOLE,,14113,0,0
116,LITHIA MTRS INC,CL A,536797103,10596,80042,SH,,SOLE,,80042,0,0
117,LUNA INNOVATIONS,COM,550351100,1930,333270,SH,,SOLE,,333270,0,0
118,MACQUARIE INFRASTRUCTURE COR,COM,55608B105,7400,187484,SH,,SOLE,,187484,0,0
119,MADDEN STEVEN LTD,COM,556269108,6396,178721,SH,,SOLE,,178721,0,0
120,MALIBU BOATS INC,COM CL A,56117J100,13461,438753,SH,,SOLE,,438753,0,0
121,MASTERCRAFT BOAT HLDGS INC,COM,57637H103,5518,369725,SH,,SOLE,,369725,0,0
122,MCDONALDS CORP,COM,580135101,404,1880,SH,,SOLE,,1880,0,0
123,MICROSOFT CORP,COM,594918104,14569,104792,SH,,SOLE,,104792,0,0
124,MVC CAPITAL INC,COM,553829102,7052,792340,SH,,SOLE,,792340,0,0
125,NATHANS FAMOUS INC NEW,COM,632347100,1617,22500,SH,,SOLE,,22500,0,0
126,NATURAL GAS SERVICES GROUP,COM,63886Q109,5236,408770,SH,,SOLE,,408770,0,0
127,NEUBERGER BERMAN MLP AND ENR,COM,64129H104,14485,2011823,SH,,SOLE,,2011823,0,0
128,NEXPOINT STRATEGIC OPORTUNT,COM NEW,65340G205,199,11080,SH,,SOLE,,11080,0,0
129,NORTHERN TECH INTL CORP,COM,665809109,3080,251161,SH,,SOLE,,251161,0,0
130,NOVANTA INC,COM,67000B104,7721,94480,SH,,SOLE,,94480,0,0
131,NUVEEN TAXABLE MUNICPL INCM,COM,67074C103,5576,250177,SH,,SOLE,,250177,0,0
132,NUVEEN CR OPPORTUNITIES 2022,COM,67075U102,211,21349,SH,,SOLE,,21349,0,0
133,NUVEEN INTER DURATION MN TMF,COM,670671106,4502,327924,SH,,SOLE,,327924,0,0
134,NUVEEN MTG OPPORTUNITY TERM,COM,670735109,8855,383989,SH,,SOLE,,383989,0,0
135,NUVEEN PFD & INCOME TERM FD,COM,67075A106,7308,295496,SH,,SOLE,,295496,0,0
136,OAKTREE STRATEGIC INCOME COR,COM,67402D104,2525,306061,SH,,SOLE,,306061,0,0
137,ORACLE CORP,COM,68389X105,5119,93021,SH,,SOLE,,93021,0,0
138,OUTFRONT MEDIA INC,COM,69007J106,7199,259150,SH,,SOLE,,259150,0,0
139,PANHANDLE OIL AND GAS INC,CL A,698477106,3112,222610,SH,,SOLE,,222610,0,0
140,PAR PACIFIC HOLDINGS INC,COM NEW,69888T207,15419,674480,SH,,SOLE,,674480,0,0
141,PAYPAL HLDGS INC,COM,70450Y103,347,3348,SH,,SOLE,,3348,0,0
142,PCSB FINL CORP,COM,69324R104,4092,204695,SH,,SOLE,,204695,0,0
143,PENNANTPARK FLOATING RATE CA,COM,70806A106,4138,356692,SH,,SOLE,,356692,0,0
144,PERCEPTRON INC,COM,71361F100,2806,585644,SH,,SOLE,,585644,0,0
145,PFIZER INC,COM,717081103,586,16299,SH,,SOLE,,16299,0,0
146,PHILIP MORRIS INTL INC,COM,718172109,319,4206,SH,,SOLE,,4206,0,0
147,PLUMAS BANCORP,COM,729273102,570,28220,SH,,SOLE,,28220,0,0
148,PORTMAN RIDGE FIN CORP,COM,73688F102,2265,1006765,SH,,SOLE,,1006765,0,0
149,PRGX GLOBAL INC,COM NEW,69357C503,2510,487470,SH,,SOLE,,487470,0,0
150,PRO-DEX INC COLO,COM NEW,74265M205,459,30000,SH,,SOLE,,30000,0,0
151,PROCTER & GAMBLE CO,COM,742718109,352,2830,SH,,SOLE,,2830,0,0
152,PZENA INVESTMENT MGMT INC,CLASS A,74731Q103,16161,1811742,SH,,SOLE,,1811742,0,0
153,RADNET INC,COM,750491102,4836,336750,SH,,SOLE,,336750,0,0
154,READY CAP CORP,COM,75574U101,4267,267997,SH,,SOLE,,267997,0,0
155,RED LION HOTELS CORP,COM,756764106,4269,658775,SH,,SOLE,,658775,0,0
156,REPUBLIC SVCS INC,COM,760759100,6843,79070,SH,,SOLE,,79070,0,0
157,RIGNET INC,COM,766582100,5816,750504,SH,,SOLE,,750504,0,0
158,RIVERNORTH DOUBLELINE STRATE,COM,76882G107,10520,603900,SH,,SOLE,,603900,0,0
159,ROYCE MICRO-CAP TR INC,COM,780915104,4159,517335,SH,,SOLE,,517335,0,0
160,ROYCE VALUE TR INC,COM,780910105,4539,329880,SH,,SOLE,,329880,0,0
161,SAFEGUARD SCIENTIFICS INC,COM NEW,786449207,3098,273224,SH,,SOLE,,273224,0,0
162,SB FINL GROUP INC,COM,78408D105,2879,172212,SH,,SOLE,,172212,0,0
163,SCRIPPS E W CO OHIO,CL A NEW,811054402,6396,481608,SH,,SOLE,,481608,0,0
164,SEASPAN CORP,SHS,Y75638109,10353,973958,SH,,SOLE,,973958,0,0
165,SELECT ENERGY SVCS INC,CL A COM,81617J301,3878,447824,SH,,SOLE,,447824,0,0
166,SELECT SECTOR SPDR TR,ENERGY,81369Y506,326,5500,SH,,SOLE,,5500,0,0
167,SILVERCREST ASSET MGMT GROUP,CL A,828359109,5072,412339,SH,,SOLE,,412339,0,0
168,SIMULATIONS PLUS INC,COM,829214105,5944,171303,SH,,SOLE,,171303,0,0
169,SLEEP NUMBER CORP,COM,83125X103,5488,132807,SH,,SOLE,,132807,0,0
170,SMTC CORP,COM NEW,832682207,216,100000,SH,,SOLE,,100000,0,0
171,SOLAR CAP LTD,COM,83413U100,7125,345013,SH,,SOLE,,345013,0,0
172,SPDR S&P 500 ETF TR,TR UNIT,78462F103,1535,5171,SH,,SOLE,,5171,0,0
173,SPOK HLDGS INC,COM,84863T106,8899,745347,SH,,SOLE,,745347,0,0
174,SS&C TECHNOLOGIES HLDGS INC,COM,78467J100,5858,113585,SH,,SOLE,,113585,0,0
175,STONECASTLE FINL CORP,COM,861780104,8364,377451,SH,,SOLE,,377451,0,0
176,STRYKER CORP,COM,863667101,276,1276,SH,,SOLE,,1276,0,0
177,SUPERIOR DRILLING PRODS INC,COM,868153107,378,386475,SH,,SOLE,,386475,0,0
178,SUPERIOR GRP OF COMPANIES IN,COM,868358102,4968,308176,SH,,SOLE,,308176,0,0
179,SYNACOR INC,COM,871561106,219,160000,SH,,SOLE,,160000,0,0
180,TARGET CORP,COM,87612E106,7232,67649,SH,,SOLE,,67649,0,0
181,TECHTARGET INC,COM,87874R100,18236,809576,SH,,SOLE,,809576,0,0
182,TEKLA HEALTHCARE INVS,SH BEN INT,87911J103,7881,429743,SH,,SOLE,,429743,0,0
183,TORTOISE ESSENTIAL ASSETS IN,COM SH BEN INT,89148A103,2858,171368,SH,,SOLE,,171368,0,0
184,TRANSACT TECHNOLOGIES INC,COM,892918103,4430,363700,SH,,SOLE,,363700,0,0
185,TRANSCAT INC,COM,893529107,8497,331800,SH,,SOLE,,331800,0,0
186,UFP TECHNOLOGIES INC,COM,902673102,6871,178000,SH,,SOLE,,178000,0,0
187,UNITED TECHNOLOGIES CORP,COM,913017109,5190,38015,SH,,SOLE,,38015,0,0
188,UNITEDHEALTH GROUP INC,COM,91324P102,8330,38332,SH,,SOLE,,38332,0,0
189,US BANCORP DEL,COM NEW,902973304,853,15414,SH,,SOLE,,15414,0,0
190,U S PHYSICAL THERAPY INC,COM,90337L108,5788,44333,SH,,SOLE,,44333,0,0
191,VAREX IMAGING CORP,COM,92214X106,6232,218361,SH,,SOLE,,218361,0,0
192,VERIZON COMMUNICATIONS INC,COM,92343V104,6535,108266,SH,,SOLE,,108266,0,0
193,VOLT INFORMATION SCIENCES IN,COM,928703107,2849,901535,SH,,SOLE,,901535,0,0
194,WASTE MGMT INC DEL,COM,94106L109,7883,68544,SH,,SOLE,,68544,0,0
195,WELLS FARGO CO NEW,COM,949746101,559,11090,SH,,SOLE,,11090,0,0
196,WESTERN ASSET HGH YLD DFNDFD,COM,95768B107,3948,260399,SH,,SOLE,,260399,0,0
197,WEYERHAEUSER CO,COM,962166104,4264,153951,SH,,SOLE,,153951,0,0
198,XPEL INC,COM,98379L100,236,20000,SH,,SOLE,,20000,0,0
199,ZYNEX INC,COM,98986M103,2332,245175,SH,,SOLE,,245175,0,0
200,FIDELITY COVINGTON TR,MSCI ENERGY IDX,316092402,2123,134880,SH,,SOLE,,134880,0,0
201,ISHARES TR,1 3 YR TREAS BD,464287457,10368,122239,SH,,SOLE,,122239,0,0
202,ISHARES INC,CORE MSCI EMKT,46434G103,3303,67378,SH,,SOLE,,67378,0,0
203,ISHARES TR,CORE MSCI EURO,46434V738,10383,227011,SH,,SOLE,,227011,0,0
204,ISHARES TR,EAFE VALUE ETF,464288877,447,9431,SH,,SOLE,,9431,0,0
205,ISHARES TR,MRGSTR MD CP GRW,464288307,1240,5093,SH,,SOLE,,5093,0,0
206,ISHARES TR,MSCI EAFE ETF,464287465,400,6130,SH,,SOLE,,6130,0,0
207,ISHARES TR,MSCI EMG MKT ETF,464287234,300,7338,SH,,SOLE,,7338,0,0
208,ISHARES TR,RUS 2000 GRW ETF,464287648,606,3143,SH,,SOLE,,3143,0,0
209,ISHARES TR,S&P 500 GRWT ETF,464287309,20382,113216,SH,,SOLE,,113216,0,0
210,ISHARES TR,S&P 500 VAL ETF,464287408,5498,46147,SH,,SOLE,,46147,0,0
211,SPDR INDEX SHS FDS,EURO STOXX 50,78463X202,204,5418,SH,,SOLE,,5418,0,0
