,NAME OF ISSUER,TITLE OF CLASS,CUSIP,(x$1000),PRN AMT,PRN,CALL,DISCRETION,MANAGER,SOLE,SHARED,NONE
0,180 DEGREE CAP CORP,COM,68235B109,1123,570310,SH,,SOLE,,570310,0,0
1,3M CO,COM,88579Y101,3040,17537,SH,,SOLE,,17537,0,0
2,A H BELO CORP,COM CL A,001282102,4320,1170767,SH,,SOLE,,1170767,0,0
3,ACCENTURE PLC IRELAND,SHS CLASS A,G1151C101,7029,38043,SH,,SOLE,,38043,0,0
4,ADDUS HOMECARE CORP,COM,006739106,13872,185084,SH,,SOLE,,185084,0,0
5,AGILYSYS INC,COM,00847J105,9625,448310,SH,,SOLE,,448310,0,0
6,AIRGAIN INC,COM,00938A104,637,45000,SH,,SOLE,,45000,0,0
7,ALAMO GROUP INC,COM,011311107,7398,74032,SH,,SOLE,,74032,0,0
8,ALCENTRA CAP CORP,COM,01374T102,177,21165,SH,,SOLE,,21165,0,0
9,ALLIANZGI CON INCM 2024 TARG,COM,01883H102,9424,1021061,SH,,SOLE,,1021061,0,0
10,ALLIED MOTION TECHNOLOGIES I,COM,019330109,6155,162401,SH,,SOLE,,162401,0,0
11,AMERCO,COM,023586100,7245,19140,SH,,SOLE,,19140,0,0
12,AMERIPRISE FINL INC,COM,03076C106,5665,39026,SH,,SOLE,,39026,0,0
13,ANTHEM INC,COM,036752103,8590,30437,SH,,SOLE,,30437,0,0
14,ARBOR RLTY TR INC,COM,038923108,4484,369966,SH,,SOLE,,369966,0,0
15,ARC DOCUMENT SOLUTIONS INC,COM,00191G103,6895,3379823,SH,,SOLE,,3379823,0,0
16,ARES CAP CORP,COM,04010L103,9203,512983,SH,,SOLE,,512983,0,0
17,ASTRONOVA INC,COM,04638F108,9610,371920,SH,,SOLE,,371920,0,0
18,AWARE INC MASS,COM,05453N100,2955,889925,SH,,SOLE,,889925,0,0
19,B RILEY FINL INC,COM,05580M108,31934,1530869,SH,,SOLE,,1530869,0,0
20,BAR HBR BANKSHARES,COM,066849100,12620,474631,SH,,SOLE,,474631,0,0
21,BARINGS BDC INC,COM,06759L103,18267,1856370,SH,,SOLE,,1856370,0,0
22,BERKSHIRE HATHAWAY INC DEL,CL A,084670108,318,1,SH,,SOLE,,1,0,0
23,BERKSHIRE HATHAWAY INC DEL,CL B NEW,084670702,8149,38226,SH,,SOLE,,38226,0,0
24,BLACKROCK 2022 GBL INCM OPP,COM,09258P104,3865,409016,SH,,SOLE,,409016,0,0
25,BLACKROCK ENERGY & RES TR,COM,09250U101,3396,284634,SH,,SOLE,,284634,0,0
26,BLACKROCK MUN 2030 TAR TERM,COM SHS BEN IN,09257P105,3529,151904,SH,,SOLE,,151904,0,0
27,BLACKROCK RES & COMM STRAT T,SHS,09257A108,1125,137504,SH,,SOLE,,137504,0,0
28,BLACKROCK TCP CAP CORP,COM,09259E108,3799,266571,SH,,SOLE,,266571,0,0
29,BLUELINX HLDGS INC,COM NEW,09624H208,9378,473420,SH,,SOLE,,473420,0,0
30,BOEING CO,COM,097023105,8998,24720,SH,,SOLE,,24720,0,0
31,BOSTON SCIENTIFIC CORP,COM,101137107,490,11411,SH,,SOLE,,11411,0,0
32,BOULDER GROWTH & INCOME FD I,COM,101507101,11249,1000821,SH,,SOLE,,1000821,0,0
33,BRIDGEWATER BANCSHARES INC,COM ACCD INV,108621103,231,20000,SH,,SOLE,,20000,0,0
34,BRIDGFORD FOODS CORP,COM,108763103,1164,39100,SH,,SOLE,,39100,0,0
35,BRUNSWICK CORP,COM,117043109,4600,100238,SH,,SOLE,,100238,0,0
36,CALLAWAY GOLF CO,COM,131193104,16953,987951,SH,,SOLE,,987951,0,0
37,CANTERBURY PARK HOLDING CORP,COM,13811E101,309,25000,SH,,SOLE,,25000,0,0
38,CAPITAL SOUTHWEST CORP,COM,140501107,31110,1484956,SH,,SOLE,,1484956,0,0
39,CAPITALA FIN CORP,COM,14054R106,2195,232310,SH,,SOLE,,232310,0,0
40,CARBONITE INC,COM,141337105,9740,374034,SH,,SOLE,,374034,0,0
41,CARTER BK & TR MARTINSVILLE,COM,146102108,1853,93809,SH,,SOLE,,93809,0,0
42,CELCUITY INC,COM,15102K100,1910,76412,SH,,SOLE,,76412,0,0
43,CHIMERA INVT CORP,COM NEW,16934Q208,7938,420648,SH,,SOLE,,420648,0,0
44,CINTAS CORP,COM,172908105,6528,27511,SH,,SOLE,,27511,0,0
45,COLUMBUS MCKINNON CORP N Y,COM,199333105,15868,378082,SH,,SOLE,,378082,0,0
46,COMMERCIAL VEH GROUP INC,COM,202608105,2607,325000,SH,,SOLE,,325000,0,0
47,CSW INDUSTRIALS INC,COM,126402106,6266,91942,SH,,SOLE,,91942,0,0
48,CVS HEALTH CORP,COM,126650100,3213,58972,SH,,SOLE,,58972,0,0
49,CYBEROPTICS CORP,COM,232517102,2103,129568,SH,,SOLE,,129568,0,0
50,DAWSON GEOPHYSICAL CO NEW,COM,239360100,443,177057,SH,,SOLE,,177057,0,0
51,DEERE & CO,COM,244199105,5046,30452,SH,,SOLE,,30452,0,0
52,DELAWARE INV MN MUN INC FD I,COM,24610V103,270,21015,SH,,SOLE,,21015,0,0
53,DELUXE CORP,COM,248019101,7357,180945,SH,,SOLE,,180945,0,0
54,DESTINATION XL GROUP INC,COM,25065K104,2737,1554904,SH,,SOLE,,1554904,0,0
55,DHI GROUP INC,COM,23331S100,3758,1052700,SH,,SOLE,,1052700,0,0
56,DIAMOND HILL INVESTMENT GROU,COM NEW,25264R207,1927,13600,SH,,SOLE,,13600,0,0
57,DIGI INTL INC,COM,253798102,15698,1237989,SH,,SOLE,,1237989,0,0
58,DIGITAL TURBINE INC,COM NEW,25400W102,962,192450,SH,,SOLE,,192450,0,0
59,DISNEY WALT CO,COM DISNEY,254687106,7973,57095,SH,,SOLE,,57095,0,0
60,DLH HLDGS CORP,COM,23335Q100,2686,528690,SH,,SOLE,,528690,0,0
61,DOUGLAS DYNAMICS INC,COM,25960R105,10834,272281,SH,,SOLE,,272281,0,0
62,DRIVE SHACK INC,COM,262077100,13798,2941990,SH,,SOLE,,2941990,0,0
63,EASTERLY GOVT PPTYS INC,COM,27616P103,5456,301249,SH,,SOLE,,301249,0,0
64,EATON VANCE TX ADV GLBL DIV,COM,27828S101,7049,439186,SH,,SOLE,,439186,0,0
65,ECOLAB INC,COM,278865100,1016,5147,SH,,SOLE,,5147,0,0
66,EDUCATIONAL DEV CORP,COM,281479105,264,37700,SH,,SOLE,,37700,0,0
67,ELECTROMED INC,COM,285409108,656,120300,SH,,SOLE,,120300,0,0
68,ENSTAR GROUP LIMITED,SHS,G3075P101,6515,37385,SH,,SOLE,,37385,0,0
69,ETSY INC,COM,29786A106,14139,230396,SH,,SOLE,,230396,0,0
70,EVOLUTION PETROLEUM CORP,COM,30049A107,3518,492093,SH,,SOLE,,492093,0,0
71,EXANTAS CAP CORP,COM NEW,30068N105,1931,170765,SH,,SOLE,,170765,0,0
72,EXXON MOBIL CORP,COM,30231G102,3991,52082,SH,,SOLE,,52082,0,0
73,FARMER BROS CO,COM,307675108,8885,542737,SH,,SOLE,,542737,0,0
74,FARMERS NATL BANC CORP,COM,309627107,3281,221271,SH,,SOLE,,221271,0,0
75,FERRO CORP,COM,315405100,10262,649476,SH,,SOLE,,649476,0,0
76,FIBROGEN INC,COM,31572Q808,407,9000,SH,,SOLE,,9000,0,0
77,FIRST BANK WILLIAMSTOWN NJ,COM,31931U102,3864,329123,SH,,SOLE,,329123,0,0
78,FIRST TR DYNAMIC EUROPE EQT,COM SHS,33740D107,8751,624170,SH,,SOLE,,624170,0,0
79,FIRST TR ENERGY INFRASTRCTR,COM,33738C103,6689,419623,SH,,SOLE,,419623,0,0
80,FISERV INC,COM,337738108,8397,92111,SH,,SOLE,,92111,0,0
81,FRANKLIN COVEY CO,COM,353469109,12474,366887,SH,,SOLE,,366887,0,0
82,FRONT YD RESIDENTIAL CORP,COM,35904G107,2770,226665,SH,,SOLE,,226665,0,0
83,GENTHERM INC,COM,37253A103,6392,152814,SH,,SOLE,,152814,0,0
84,GLADSTONE LD CORP,COM,376549101,3964,343770,SH,,SOLE,,343770,0,0
85,GREAT ELM CAP CORP,COM,390320109,4088,469895,SH,,SOLE,,469895,0,0
86,GREAT ELM CAP GROUP INC,COM NEW,39036P209,1640,381300,SH,,SOLE,,381300,0,0
87,GREEN BRICK PARTNERS INC,COM,392709101,14720,1771373,SH,,SOLE,,1771373,0,0
88,HACKETT GROUP INC,COM,404609109,15510,923745,SH,,SOLE,,923745,0,0
89,HERITAGE CRYSTAL CLEAN INC,COM,42726M106,4254,161700,SH,,SOLE,,161700,0,0
90,HOOKER FURNITURE CORP,COM,439038100,8302,402595,SH,,SOLE,,402595,0,0
91,HORMEL FOODS CORP,COM,440452100,4643,114519,SH,,SOLE,,114519,0,0
92,HOUSTON WIRE & CABLE CO,COM,44244K109,1603,306000,SH,,SOLE,,306000,0,0
93,HUNT COS FIN TR INC,COM,44558T100,2235,655460,SH,,SOLE,,655460,0,0
94,HURCO COMPANIES INC,COM,447324104,1658,46617,SH,,SOLE,,46617,0,0
95,I D SYSTEMS INC,COM,449489103,4047,688296,SH,,SOLE,,688296,0,0
96,IEC ELECTRS CORP NEW,COM,44949L105,3739,595400,SH,,SOLE,,595400,0,0
97,INFORMATION SERVICES GROUP I,COM,45675Y104,2961,937000,SH,,SOLE,,937000,0,0
98,INFUSYSTEM HLDGS INC,COM,45685K102,43,10100,SH,,SOLE,,10100,0,0
99,INTEL CORP,COM,458140100,798,16680,SH,,SOLE,,16680,0,0
100,INTL FCSTONE INC,COM,46116V105,23823,601740,SH,,SOLE,,601740,0,0
101,INVESCO EXCHANGE TRADED FD T,S&P500 PUR VAL,46137V258,13688,210591,SH,,SOLE,,210591,0,0
102,INVESCO QQQ TR,UNIT SER 1,46090E103,216,1159,SH,,SOLE,,1159,0,0
103,ISSUER DIRECT CORPORATION,COM NEW,46520M204,336,30000,SH,,SOLE,,30000,0,0
104,JAPAN SMALLER CAPTLZTN FD IN,COM,47109U104,130,15335,SH,,SOLE,,15335,0,0
105,JOHNSON & JOHNSON,COM,478160104,6306,45277,SH,,SOLE,,45277,0,0
106,JOINT CORP,COM,47973J102,819,45000,SH,,SOLE,,45000,0,0
107,JPMORGAN CHASE & CO,COM,46625H100,8846,79123,SH,,SOLE,,79123,0,0
108,KIMBALL ELECTRONICS INC,COM,49428J109,3171,195250,SH,,SOLE,,195250,0,0
109,KIMBALL INTL INC,CL B,494274103,14035,805211,SH,,SOLE,,805211,0,0
110,KIMBERLY CLARK CORP,COM,494368103,218,1634,SH,,SOLE,,1634,0,0
111,KINGSTONE COS INC,COM,496719105,2911,336500,SH,,SOLE,,336500,0,0
112,LAMAR ADVERTISING CO NEW,CL A,512816109,5172,64084,SH,,SOLE,,64084,0,0
113,LAWSON PRODS INC,COM,520776105,4222,114935,SH,,SOLE,,114935,0,0
114,LEAF GROUP LTD,COM,52177G102,5277,712208,SH,,SOLE,,712208,0,0
115,LENDINGTREE INC NEW,COM,52603B107,5904,14056,SH,,SOLE,,14056,0,0
116,LITHIA MTRS INC,CL A,536797103,9400,79134,SH,,SOLE,,79134,0,0
117,LUNA INNOVATIONS,COM,550351100,1392,309270,SH,,SOLE,,309270,0,0
118,MACQUARIE INFRASTRUCTURE COR,COM,55608B105,5685,140232,SH,,SOLE,,140232,0,0
119,MADDEN STEVEN LTD,COM,556269108,5997,176636,SH,,SOLE,,176636,0,0
120,MALIBU BOATS INC,COM CL A,56117J100,16911,435283,SH,,SOLE,,435283,0,0
121,MASTERCRAFT BOAT HLDGS INC,COM,57637H103,6361,324725,SH,,SOLE,,324725,0,0
122,MCDONALDS CORP,COM,580135101,390,1880,SH,,SOLE,,1880,0,0
123,MICROSOFT CORP,COM,594918104,13995,104472,SH,,SOLE,,104472,0,0
124,MVC CAPITAL INC,COM,553829102,7307,793404,SH,,SOLE,,793404,0,0
125,NATHANS FAMOUS INC NEW,COM,632347100,1758,22500,SH,,SOLE,,22500,0,0
126,NATURAL GAS SERVICES GROUP,COM,63886Q109,7303,442596,SH,,SOLE,,442596,0,0
127,NEUBERGER BERMAN MLP AND ENR,COM,64129H104,13461,1792393,SH,,SOLE,,1792393,0,0
128,NORTHERN TECH INTL CORP,COM,665809109,3070,125551,SH,,SOLE,,125551,0,0
129,NORTHSTAR REALTY EUROPE CORP,COM,66706L101,7449,453374,SH,,SOLE,,453374,0,0
130,NOVANTA INC,COM,67000B104,8813,93462,SH,,SOLE,,93462,0,0
131,NUVEEN TAXABLE MUNICPL INCM,COM,67074C103,5282,248577,SH,,SOLE,,248577,0,0
132,NUVEEN CR OPPORTUNITIES 2022,COM,67075U102,3122,326896,SH,,SOLE,,326896,0,0
133,NUVEEN INTER DURATION MN TMF,COM,670671106,5555,413608,SH,,SOLE,,413608,0,0
134,NUVEEN MTG OPPORTUNITY TERM,COM,670735109,9032,388956,SH,,SOLE,,388956,0,0
135,NUVEEN PFD & INCOME TERM FD,COM,67075A106,8337,352051,SH,,SOLE,,352051,0,0
136,OAKTREE STRATEGIC INCOME COR,COM,67402D104,1787,210520,SH,,SOLE,,210520,0,0
137,ORACLE CORP,COM,68389X105,5351,93926,SH,,SOLE,,93926,0,0
138,OUTFRONT MEDIA INC,COM,69007J106,6646,257707,SH,,SOLE,,257707,0,0
139,PANHANDLE OIL AND GAS INC,CL A,698477106,2903,222610,SH,,SOLE,,222610,0,0
140,PAR PACIFIC HOLDINGS INC,COM NEW,69888T207,13693,667323,SH,,SOLE,,667323,0,0
141,PAYPAL HLDGS INC,COM,70450Y103,383,3348,SH,,SOLE,,3348,0,0
142,PCSB FINL CORP,COM,69324R104,4145,204695,SH,,SOLE,,204695,0,0
143,PENNANTPARK FLOATING RATE CA,COM,70806A106,6490,561448,SH,,SOLE,,561448,0,0
144,PERCEPTRON INC,COM,71361F100,2606,585644,SH,,SOLE,,585644,0,0
145,PFIZER INC,COM,717081103,723,16699,SH,,SOLE,,16699,0,0
146,PLUMAS BANCORP,COM,729273102,469,19300,SH,,SOLE,,19300,0,0
147,PORTMAN RIDGE FIN CORP,COM,73688F102,1727,767500,SH,,SOLE,,767500,0,0
148,PRGX GLOBAL INC,COM NEW,69357C503,3276,487470,SH,,SOLE,,487470,0,0
149,PRO-DEX INC COLO,COM NEW,74265M205,224,17273,SH,,SOLE,,17273,0,0
150,PROCTER AND GAMBLE CO,COM,742718109,310,2830,SH,,SOLE,,2830,0,0
151,PZENA INVESTMENT MGMT INC,CLASS A,74731Q103,15426,1795849,SH,,SOLE,,1795849,0,0
152,READY CAP CORP,COM,75574U101,3215,215785,SH,,SOLE,,215785,0,0
153,RED LION HOTELS CORP,COM,756764106,4684,658775,SH,,SOLE,,658775,0,0
154,REPUBLIC SVCS INC,COM,760759100,6904,79684,SH,,SOLE,,79684,0,0
155,RIGNET INC,COM,766582100,7525,746560,SH,,SOLE,,746560,0,0
156,RIVERNORTH DOUBLELINE STRATE,COM,76882G107,10192,597417,SH,,SOLE,,597417,0,0
157,ROYCE MICRO-CAP TR INC,COM,780915104,3271,397926,SH,,SOLE,,397926,0,0
158,ROYCE VALUE TR INC,COM,780910105,3225,231674,SH,,SOLE,,231674,0,0
159,SAFEGUARD SCIENTIFICS INC,COM NEW,786449207,2433,201576,SH,,SOLE,,201576,0,0
160,SB FINL GROUP INC,COM,78408D105,2650,161000,SH,,SOLE,,161000,0,0
161,SCRIPPS E W CO OHIO,CL A NEW,811054402,7286,476553,SH,,SOLE,,476553,0,0
162,SEASPAN CORP,SHS,Y75638109,9514,969843,SH,,SOLE,,969843,0,0
163,SELECT ENERGY SVCS INC,CL A COM,81617J301,5158,444310,SH,,SOLE,,444310,0,0
164,SILVERCREST ASSET MGMT GROUP,CL A,828359109,6014,428621,SH,,SOLE,,428621,0,0
165,SIMULATIONS PLUS INC,COM,829214105,6311,220979,SH,,SOLE,,220979,0,0
166,SLEEP NUMBER CORP,COM,83125X103,6167,152677,SH,,SOLE,,152677,0,0
167,SOLAR CAP LTD,COM,83413U100,6778,330155,SH,,SOLE,,330155,0,0
168,SPDR S&P 500 ETF TR,TR UNIT,78462F103,243,828,SH,,SOLE,,828,0,0
169,SPOK HLDGS INC,COM,84863T106,11114,738985,SH,,SOLE,,738985,0,0
170,SS&C TECHNOLOGIES HLDGS INC,COM,78467J100,6607,114677,SH,,SOLE,,114677,0,0
171,STEWARDSHIP FINL CORP,COM,860326107,410,26500,SH,,SOLE,,26500,0,0
172,STONECASTLE FINL CORP,COM,861780104,9009,413169,SH,,SOLE,,413169,0,0
173,STRYKER CORP,COM,863667101,262,1276,SH,,SOLE,,1276,0,0
174,SUPERIOR DRILLING PRODS INC,COM,868153107,390,386475,SH,,SOLE,,386475,0,0
175,SUPERIOR GRP OF COMPANIES IN,COM,868358102,5279,308176,SH,,SOLE,,308176,0,0
176,SYNACOR INC,COM,871561106,250,160000,SH,,SOLE,,160000,0,0
177,TARGET CORP,COM,87612E106,5923,68381,SH,,SOLE,,68381,0,0
178,TECHTARGET INC,COM,87874R100,17027,801251,SH,,SOLE,,801251,0,0
179,TEKLA HEALTHCARE INVS,SH BEN INT,87911J103,8778,437162,SH,,SOLE,,437162,0,0
180,TORCHMARK CORP,COM,891027104,395,4410,SH,,SOLE,,4410,0,0
181,TRANSACT TECHNOLOGIES INC,COM,892918103,4095,363700,SH,,SOLE,,363700,0,0
182,TRANSCAT INC,COM,893529107,8615,336643,SH,,SOLE,,336643,0,0
183,UFP TECHNOLOGIES INC,COM,902673102,7407,178000,SH,,SOLE,,178000,0,0
184,UNITED TECHNOLOGIES CORP,COM,913017109,4991,38336,SH,,SOLE,,38336,0,0
185,UNITEDHEALTH GROUP INC,COM,91324P102,9366,38382,SH,,SOLE,,38382,0,0
186,US BANCORP DEL,COM NEW,902973304,808,15414,SH,,SOLE,,15414,0,0
187,U S PHYSICAL THERAPY INC,COM,90337L108,7075,57719,SH,,SOLE,,57719,0,0
188,VANGUARD INTL EQUITY INDEX F,FTSE EMR MKT ETF,922042858,238,5599,SH,,SOLE,,5599,0,0
189,VANGUARD TAX MANAGED INTL FD,FTSE DEV MKT ETF,921943858,337,8069,SH,,SOLE,,8069,0,0
190,VAREX IMAGING CORP,COM,92214X106,6611,215706,SH,,SOLE,,215706,0,0
191,VERIZON COMMUNICATIONS INC,COM,92343V104,6278,109883,SH,,SOLE,,109883,0,0
192,VOLT INFORMATION SCIENCES IN,COM,928703107,3858,859283,SH,,SOLE,,859283,0,0
193,WASTE MGMT INC DEL,COM,94106L109,7963,69018,SH,,SOLE,,69018,0,0
194,WELLS FARGO CO NEW,COM,949746101,525,11090,SH,,SOLE,,11090,0,0
195,WESTERN ASSET HGH YLD DFNDFD,COM,95768B107,3873,258688,SH,,SOLE,,258688,0,0
196,WEYERHAEUSER CO,COM,962166104,4038,153295,SH,,SOLE,,153295,0,0
197,ZYNEX INC,COM,98986M103,450,50000,SH,,SOLE,,50000,0,0
198,AMERICAN RLTY CAP PPTYS INC,NOTE 3.750%12/1,02917TAB0,11,11000,PRN,,SOLE,,11000,0,0
199,FIDELITY,MSCI ENERGY IDX,316092402,2309,134282,SH,,SOLE,,134282,0,0
200,ISHARES TR,1 3 YR TREAS BD,464287457,10446,123210,SH,,SOLE,,123210,0,0
201,ISHARES INC,CORE MSCI EMKT,46434G103,3419,66457,SH,,SOLE,,66457,0,0
202,ISHARES TR,CORE MSCI EURO,46434V738,10631,228127,SH,,SOLE,,228127,0,0
203,ISHARES TR,S&P 500 GRWT ETF,464287309,20375,113675,SH,,SOLE,,113675,0,0
204,ISHARES TR,S&P 500 VAL ETF,464287408,5301,45479,SH,,SOLE,,45479,0,0
