,NAME OF ISSUER,TITLE OF CLASS,CUSIP,(x$1000),PRN AMT,PRN,CALL,DISCRETION,MANAGER,SOLE,SHARED,NONE
0,3M COMPANY,COMMON STOCK,88579y101,1807,12614,SH,,SOLE,,12614,0,0
1,A H BELO CORP COMCL A,COMMON STOCK,001282102,6673,563082,SH,,SOLE,,563082,0,0
2,ACCENTURE PLC CL A F,COMMON STOCK,g1151c101,2567,31756,SH,,SOLE,,31756,0,0
3,ADT CORP COM,COMMON STOCK,00101j106,1299,37181,SH,,SOLE,,37181,0,0
4,AGILYSYS INC,COMMON STOCK,00847J105,3562,253000,SH,,SOLE,,253000,0,0
5,ALAMO GROUP INC,COMMON STOCK,011311107,3709,68562,SH,,SOLE,,68562,0,0
6,ALTISOURCE PORT SOLU F,COMMON STOCK,l0175j104,6619,57764,SH,,SOLE,,57764,0,0
7,ALTISOURCE RESIDENTIALCORP COM,COMMON STOCK,02153w100,3426,131622,SH,,SOLE,,131622,0,0
8,AMERCO COM,COMMON STOCK,023586100,5040,17332,SH,,SOLE,,17332,0,0
9,AMERIPRISE FINANCIAL INC,COMMON STOCK,03076c106,4156,34633,SH,,SOLE,,34633,0,0
10,ARBOR RLTY TR INC,COMMON STOCK,038923108,3386,487123,SH,,SOLE,,487123,0,0
11,ARES COMMERCIAL REAL ESTATECOM,COMMON STOCK,04013v108,4164,335552,SH,,SOLE,,335552,0,0
12,ASCENT CAPITAL GROUP INC SERIE,COMMON STOCK,043632108,7051,106814,SH,,SOLE,,106814,0,0
13,AWARE INC,COMMON STOCK,05453N100,1748,266434,SH,,SOLE,,266434,0,0
14,AXCELIS TECHNOLOGIES INC,COMMON STOCK,054540109,998,499000,SH,,SOLE,,499000,0,0
15,BARRETT BUSINESS SVCS,COMMON STOCK,068463108,1786,38000,SH,,SOLE,,38000,0,0
16,BLACKROCK KELSO CAPCORPORATION,COMMON STOCK,092533108,1753,192443,SH,,SOLE,,192443,0,0
17,BLACKROCK MUN TARGET TERMTR CO,COMMON STOCK,09257p105,648,31905,SH,,SOLE,,31905,0,0
18,BLACKROCK RES & COMMDITIESSTRG,COMMON STOCK,09257a108,9461,762348,SH,,SOLE,,762348,0,0
19,BLACKSTONE MTG TR INCCOM CL A,Miscellaneous,09257w100,3368,116144,SH,,SOLE,,116144,0,0
20,BLOCK H & R INC,COMMON STOCK,093671105,3019,90075,SH,,SOLE,,90075,0,0
21,BOEING CO,COMMON STOCK,097023105,4080,32065,SH,,SOLE,,32065,0,0
22,BOLT TECHNOLOGY CORP,COMMON STOCK,097698104,2087,113750,SH,,SOLE,,113750,0,0
23,BSB BANCORP INC MD COM,COMMON STOCK,05573h108,2818,164230,SH,,SOLE,,164230,0,0
24,C V S CAREMARK CORP,COMMON STOCK,126650100,4410,58517,SH,,SOLE,,58517,0,0
25,CALAMOS STRATEGIC TOTALRETURN,COMMON STOCK,128125101,5622,468112,SH,,SOLE,,468112,0,0
26,CALAVO GROWERS INC,COMMON STOCK,128246105,3742,110619,SH,,SOLE,,110619,0,0
27,CALLAWAY GOLF CO DELAWARE,COMMON STOCK,131193104,8682,1043451,SH,,SOLE,,1043451,0,0
28,CARMIKE CINEMAS INC,COMMON STOCK,143436400,10348,294554,SH,,SOLE,,294554,0,0
29,CASCADE MICROTECH INC,COMMON STOCK,147322101,4071,298380,SH,,SOLE,,298380,0,0
30,CENTURYLINK INC,COMMON STOCK,156700106,6540,180650,SH,,SOLE,,180650,0,0
31,CHEROKEE INC NEW,COMMON STOCK,16444h102,4384,288605,SH,,SOLE,,288605,0,0
32,CIFC CORP,COMMON STOCK,12547r105,1532,170000,SH,,SOLE,,170000,0,0
33,CINCINNATI BELL INC NEW,COMMON STOCK,171871106,3820,971887,SH,,SOLE,,971887,0,0
34,CINEDIGM CORPORATION,COMMON STOCK,172406100,1220,490000,SH,,SOLE,,490000,0,0
35,CINTAS CORP,COMMON STOCK,172908105,5040,79326,SH,,SOLE,,79326,0,0
36,CLOUGH GLBL EQUITY,COMMON STOCK,18914c100,5042,325702,SH,,SOLE,,325702,0,0
37,CLOUGH GLOBAL ALLOCATIONFD,COMMON STOCK,18913y103,202,13000,SH,,SOLE,,13000,0,0
38,CLOUGH GLOBAL OPPTY FD,COMMON STOCK,18914e106,5403,415581,SH,,SOLE,,415581,0,0
39,COCA COLA CO,COMMON STOCK,191216100,2372,56000,SH,,SOLE,,56000,0,0
40,COHEN & STEERS CLOSD END,COMMON STOCK,19248p106,4084,302096,SH,,SOLE,,302096,0,0
41,COHEN & STEERS INFRASTRUCTURE,COMMON STOCK,19248a109,8183,334121,SH,,SOLE,,334121,0,0
42,CORENERGY INFRASTRUCTURETR INC,COMMON STOCK,21870u205,5211,703289,SH,,SOLE,,703289,0,0
43,COURIER CORP,COMMON STOCK,222660102,3842,257475,SH,,SOLE,,257475,0,0
44,D S T SYSTEMS INC,COMMON STOCK,233326107,3725,40409,SH,,SOLE,,40409,0,0
45,DATALINK CORP,COMMON STOCK,237934104,4814,481438,SH,,SOLE,,481438,0,0
46,DATAWATCH CORP NEW,COMMON STOCK,237917208,3157,211040,SH,,SOLE,,211040,0,0
47,DEERE & COMPANY,COMMON STOCK,244199105,2719,30029,SH,,SOLE,,30029,0,0
48,DESTINATION XL GROUP INCCOM,COMMON STOCK,25065k104,10100,1832946,SH,,SOLE,,1832946,0,0
49,DIAMOND HILL INVESTMENT GROUP,COMMON STOCK,25264R207,1282,10039,SH,,SOLE,,10039,0,0
50,DICE HLDGS INC COM,COMMON STOCK,253017107,3289,432188,SH,,SOLE,,432188,0,0
51,DOUGLAS DYNAMICS INC COMUSD0.0,COMMON STOCK,25960r105,8387,475967,SH,,SOLE,,475967,0,0
52,EATON VANCE ENHANCED EQT,COMMON STOCK,278274105,5057,367773,SH,,SOLE,,367773,0,0
53,EATON VANCE TAX ADVANTAGEDIVID,COMMON STOCK,27828g107,5255,253860,SH,,SOLE,,253860,0,0
54,ECOLAB INC,COMMON STOCK,278865100,891,8000,SH,,SOLE,,8000,0,0
55,ELECTRO RENT CORP,COMMON STOCK,285218103,3397,203071,SH,,SOLE,,203071,0,0
56,ENSTAR GROUP LIMITED COMSTK US,COMMON STOCK,g3075p101,5807,38523,SH,,SOLE,,38523,0,0
57,EXXON MOBIL CORPORATION,COMMON STOCK,30231g102,3141,31195,SH,,SOLE,,31195,0,0
58,FARMERS NATIONAL BANC CORP,COMMON STOCK,309627107,1280,164369,SH,,SOLE,,164369,0,0
59,FIRST BUSINESS FINL SVCSWIS CO,COMMON STOCK,319390100,3885,82597,SH,,SOLE,,82597,0,0
60,FISERV INC,COMMON STOCK,337738108,3970,65818,SH,,SOLE,,65818,0,0
61,FIVE STAR QUALITY CAREINC,COMMON STOCK,33832d106,8744,1745279,SH,,SOLE,,1745279,0,0
62,FLEXSTEEL INDUSTRIES INC,COMMON STOCK,339382103,2801,84000,SH,,SOLE,,84000,0,0
63,FORD MTR CO DEL COM,COMMON STOCK,345370860,3481,201915,SH,,SOLE,,201915,0,0
64,FRANKLIN COVEY CO,COMMON STOCK,353469109,13381,664730,SH,,SOLE,,664730,0,0
65,G S I GROUP INC NEW F,COMMON STOCK,36191c205,4748,372972,SH,,SOLE,,372972,0,0
66,GDL FUND,COMMON STOCK,361570104,7151,658472,SH,,SOLE,,658472,0,0
67,GENTHERM INC COM,COMMON STOCK,37253a103,8694,195595,SH,,SOLE,,195595,0,0
68,GUGGENHEIM SPINOFFETF,COMMON STOCK,18383m605,3499,75598,SH,,SOLE,,75598,0,0
69,HACKETT GROUP INC COM,COMMON STOCK,404609109,5888,986281,SH,,SOLE,,986281,0,0
70,HALLMARK FINL SVCS INCCOM NEW,COMMON STOCK,40624q203,1662,154575,SH,,SOLE,,154575,0,0
71,HARVARD APPARATUS REGENERATIVE,COMMON STOCK,41690a106,2478,237162,SH,,SOLE,,237162,0,0
72,HARVARD BIOSCIENCE INC,COMMON STOCK,416906105,2082,457551,SH,,SOLE,,457551,0,0
73,HCI GROUP INC,COMMON STOCK,40416e103,3183,78400,SH,,SOLE,,78400,0,0
74,HERITAGE FINANCIAL GROUP,COMMON STOCK,42726x102,1192,60100,SH,,SOLE,,60100,0,0
75,HOME LOAN SERVICING SOLUTIONSL,COMMON STOCK,g6648d109,10682,469933,SH,,SOLE,,469933,0,0
76,HONG KONG TELEVISION NETWORKLT,COMMON STOCK,43858g107,4046,653702,SH,,SOLE,,653702,0,0
77,HOOKER FURNITURE CRP,COMMON STOCK,439038100,3827,237115,SH,,SOLE,,237115,0,0
78,HORACE MANN EDUCATORSCORP NEW,COMMON STOCK,440327104,8495,271662,SH,,SOLE,,271662,0,0
79,HORMEL FOODS CORP COM,COMMON STOCK,440452100,4085,82771,SH,,SOLE,,82771,0,0
80,HOUSTONWIRE & CABLE CO COM,COMMON STOCK,44244k109,1260,101500,SH,,SOLE,,101500,0,0
81,IMAGE SENSING SYSTEMSINC,COMMON STOCK,45244c104,752,228000,SH,,SOLE,,228000,0,0
82,INCONTACT INC,COMMON STOCK,45336E109,2749,299120,SH,,SOLE,,299120,0,0
83,INTERNET PATENTS CORPCOM,COMMON STOCK,46063g101,882,284500,SH,,SOLE,,284500,0,0
84,INTL FCSTONE INC COM,COMMON STOCK,46116v105,10730,538649,SH,,SOLE,,538649,0,0
85,INVENTURE FOODS INC,COMMON STOCK,461212102,4414,391700,SH,,SOLE,,391700,0,0
86,INVESCO LTD F,COMMON STOCK,g491bt108,3799,100633,SH,,SOLE,,100633,0,0
87,INVESTORS TITLE COMPANY,COMMON STOCK,461804106,1786,26500,SH,,SOLE,,26500,0,0
88,ISHARES 1-3 YEAR TREASURYBOND,COMMON STOCK,464287457,363,4295,SH,,SOLE,,4295,0,0
89,ISHARES S&P 500 GROWTHETF,INDEX UNIT,464287309,15775,149963,SH,,SOLE,,149963,0,0
90,ITT CORPORATION COM USD1.00,COMMON STOCK,450911201,1782,37038,SH,,SOLE,,37038,0,0
91,J & J SNACK FOOD CORP,COMMON STOCK,466032109,7210,76600,SH,,SOLE,,76600,0,0
92,JMP GROUP INC,COMMON STOCK,46629U107,2147,283581,SH,,SOLE,,283581,0,0
93,JOHNSON & JOHNSON,COMMON STOCK,478160104,3905,37328,SH,,SOLE,,37328,0,0
94,JOURNAL COMMUNICATIONSINC CLA,COMMON STOCK,481130102,10787,1216133,SH,,SOLE,,1216133,0,0
95,JPMORGAN CHASE & CO,COMMON STOCK,46625h100,3876,67277,SH,,SOLE,,67277,0,0
96,KIRKLANDS INC COM,COMMON STOCK,497498105,3451,186050,SH,,SOLE,,186050,0,0
97,LIFETIME BRANDS INC,COMMON STOCK,53222Q103,1098,69875,SH,,SOLE,,69875,0,0
98,LITHIA MOTORS INC CL A,COMMON STOCK,536797103,8718,92674,SH,,SOLE,,92674,0,0
99,LRAD CORP,COMMON STOCK,50213V109,324,157200,SH,,SOLE,,157200,0,0
100,MACQUARIE INFRASTRUCTURECO LLC,COMMON STOCK,55608b105,5222,83719,SH,,SOLE,,83719,0,0
101,MADDEN STEVEN LTD,COMMON STOCK,556269108,4756,138655,SH,,SOLE,,138655,0,0
102,MADISON COVERED CALL &EQUITY S,COMMON STOCK,557437100,8230,936246,SH,,SOLE,,936246,0,0
103,MAGELLAN HEALTH INC,COMMON STOCK,559079207,5140,82582,SH,,SOLE,,82582,0,0
104,MCG CAPITAL CORP,COMMON STOCK,58047p107,3203,817076,SH,,SOLE,,817076,0,0
105,MEDTRONIC INC,COMMON STOCK,585055106,1145,17964,SH,,SOLE,,17964,0,0
106,MESA LABS INC,COMMON STOCK,59064r109,2087,24856,SH,,SOLE,,24856,0,0
107,MICROFINANCIAL INC,COMMON STOCK,595072109,2580,333790,SH,,SOLE,,333790,0,0
108,MICROSOFT CORP,COMMON STOCK,594918104,3677,88189,SH,,SOLE,,88189,0,0
109,MOCON INC,COMMON STOCK,607494101,3689,233350,SH,,SOLE,,233350,0,0
110,MONOTYPE IMAGING HLDGSINC,COMMON STOCK,61022p100,6932,246078,SH,,SOLE,,246078,0,0
111,MOVE INC COM NEW,COMMON STOCK,62458m207,4504,304559,SH,,SOLE,,304559,0,0
112,MVC CAP INC,COMMON STOCK,553829102,7841,605459,SH,,SOLE,,605459,0,0
113,NATHANS FAMOUS INC,COMMON STOCK,632347100,1857,34261,SH,,SOLE,,34261,0,0
114,NATIONAL AMERICAN UNIVERSITY H,COMMON STOCK,63245q105,791,256709,SH,,SOLE,,256709,0,0
115,NATURAL GAS SERVICE GP,COMMON STOCK,63886q109,12116,366496,SH,,SOLE,,366496,0,0
116,NAUTILUS INC,COMMON STOCK,63910b102,13044,1176180,SH,,SOLE,,1176180,0,0
117,NCR CORP,COMMON STOCK,62886e108,2417,68894,SH,,SOLE,,68894,0,0
118,NEUBERGER BERMAN REALESTATE SE,COMMON STOCK,64190a103,4724,944843,SH,,SOLE,,944843,0,0
119,NOVARTIS A G SPON ADR F SPONSO,COMMON STOCK,66987v109,2657,29347,SH,,SOLE,,29347,0,0
120,NUVEEN BUILD AMER BD FDCOM,COMMON STOCK,67074c103,7094,346043,SH,,SOLE,,346043,0,0
121,NUVEEN INTER DURATIONMUN TERM,COMMON STOCK,670671106,2926,232381,SH,,SOLE,,232381,0,0
122,NUVEEN MTG OPPORTUNITYTERM FD,COMMON STOCK,670735109,2989,121492,SH,,SOLE,,121492,0,0
123,NUVEEN PFD & INCOME TERMFD COM,COMMON STOCK,67075a106,4768,203081,SH,,SOLE,,203081,0,0
124,OTTER TAIL CORP FORMERLYOTTER,COMMON STOCK,689648103,2955,97542,SH,,SOLE,,97542,0,0
125,PHOTRONICS INC,COMMON STOCK,719405102,5461,634992,SH,,SOLE,,634992,0,0
126,PROCTER & GAMBLE,COMMON STOCK,742718109,3735,47528,SH,,SOLE,,47528,0,0
127,PSYCHEMEDICS CORP COMNEW,COMMON STOCK,744375205,2740,193500,SH,,SOLE,,193500,0,0
128,PUTNAM PREMIER INC TRSH BEN IN,COMMON STOCK,746853100,4960,893745,SH,,SOLE,,893745,0,0
129,PZENA INVESTMENT MGMT,COMMON STOCK,74731q103,15017,1345650,SH,,SOLE,,1345650,0,0
130,REDWOOD TRUST INC REIT,COMMON STOCK,758075402,4111,211121,SH,,SOLE,,211121,0,0
131,REIS INC,COMMON STOCK,75936p105,5638,267474,SH,,SOLE,,267474,0,0
132,REPUBLIC SERVICES INCCOM,COMMON STOCK,760759100,2739,72139,SH,,SOLE,,72139,0,0
133,RIGNET INC COM,COMMON STOCK,766582100,4502,83655,SH,,SOLE,,83655,0,0
134,ROUSE PPTYS INC COM,COMMON STOCK,779287101,7518,439402,SH,,SOLE,,439402,0,0
135,ROYCE MICRO CAP TRUSTINC FRMLY,COMMON STOCK,780915104,1143,90591,SH,,SOLE,,90591,0,0
136,ROYCE VALUE TRUST INC,COMMON STOCK,780910105,2278,142363,SH,,SOLE,,142363,0,0
137,SALEM COMMUNICATIONS CORP.,COMMON STOCK,794093104,4210,445000,SH,,SOLE,,445000,0,0
138,SCRIPPS E W CO OHIO CLA NEW,COMMON STOCK,811054402,6481,306293,SH,,SOLE,,306293,0,0
139,SELECT INCOME REIT COMUSD0.01,Miscellaneous,81618t100,5419,182841,SH,,SOLE,,182841,0,0
140,SHILOH INDUSTRIES INC,COMMON STOCK,824543102,2400,130000,SH,,SOLE,,130000,0,0
141,SILVERCREST ASSET MANAGEMENT G,COMMON STOCK,828359109,2237,130000,SH,,SOLE,,130000,0,0
142,SIMULATIONS PLUS INC,COMMON STOCK,829214105,3953,703424,SH,,SOLE,,703424,0,0
143,SOLAR CAPITAL LTD,COMMON STOCK,83413u100,4070,191278,SH,,SOLE,,191278,0,0
144,SP PLUS CORP COM,COMMON STOCK,78469c103,4066,190102,SH,,SOLE,,190102,0,0
145,STRATTEC SECURITY CORP,COMMON STOCK,863111100,1201,18620,SH,,SOLE,,18620,0,0
146,SUPERIOR UNIFORM GROUP,COMMON STOCK,868358102,300,18501,SH,,SOLE,,18501,0,0
147,SUPREME INDUSTRIES INC.,COMMON STOCK,868607102,1819,279900,SH,,SOLE,,279900,0,0
148,SYNERON MEDICAL LTD F,COMMON STOCK,m87245102,5834,565290,SH,,SOLE,,565290,0,0
149,SYNTEL INC,COMMON STOCK,87162h103,3936,45785,SH,,SOLE,,45785,0,0
150,T G C INDUSTRIES INC NEW,COMMON STOCK,872417308,6336,1162554,SH,,SOLE,,1162554,0,0
151,TANDY LEATHER FACTORY INC,COMMON STOCK,87538X105,553,60820,SH,,SOLE,,60820,0,0
152,TARGET CORPORATION,COMMON STOCK,87612e106,3392,58541,SH,,SOLE,,58541,0,0
153,TECHTARGET INC NEW,COMMON STOCK,87874R100,8545,968875,SH,,SOLE,,968875,0,0
154,THESTREET INC,COMMON STOCK,88368q103,3385,1404500,SH,,SOLE,,1404500,0,0
155,TRANSCAT INC,COMMON STOCK,893529107,626,61000,SH,,SOLE,,61000,0,0
156,TREE COM INC COM,COMMON STOCK,894675107,4386,150500,SH,,SOLE,,150500,0,0
157,TRUEBLUE INC,COMMON STOCK,89785x101,7323,265604,SH,,SOLE,,265604,0,0
158,U S PHYSICAL THERAPYINC,COMMON STOCK,90337l108,8135,237922,SH,,SOLE,,237922,0,0
159,UFP TECH INC,COMMON STOCK,902673102,2399,99600,SH,,SOLE,,99600,0,0
160,UNITED FINL BANCORP INCNEW COM,COMMON STOCK,910304104,7996,590086,SH,,SOLE,,590086,0,0
161,UNITED INSURANCE HOLDINGS CORP,COMMON STOCK,910710102,1087,63000,SH,,SOLE,,63000,0,0
162,UNITED TECHNOLOGIES CORP,COMMON STOCK,913017109,2481,21492,SH,,SOLE,,21492,0,0
163,UROPLASTY INC COMNEW,COMMON STOCK,917277204,844,315000,SH,,SOLE,,315000,0,0
164,USA MOBILITY INC,COMMON STOCK,90341g103,8957,581652,SH,,SOLE,,581652,0,0
165,USG CORP COM NEW,COMMON STOCK,903293405,2836,94120,SH,,SOLE,,94120,0,0
166,VANGUARD INDEX FDS VANGUARDGRO,COMMON STOCK,922908736,356,3597,SH,,SOLE,,3597,0,0
167,VERIZON COMMUNICATIONS,COMMON STOCK,92343v104,2185,44646,SH,,SOLE,,44646,0,0
168,WASTE MANAGEMENT INC DEL,COMMON STOCK,94106l109,3164,70730,SH,,SOLE,,70730,0,0
169,WELLPOINT INC,COMMON STOCK,94973v107,2996,27837,SH,,SOLE,,27837,0,0
170,WEST MARINE INC,COMMON STOCK,954235107,1749,170500,SH,,SOLE,,170500,0,0
171,WESTWOOD HOLDINGS GROUP,COMMON STOCK,961765104,6168,102734,SH,,SOLE,,102734,0,0
172,ZIX CORPORATION,COMMON STOCK,98974P100,2053,600217,SH,,SOLE,,600217,0,0
