,NAME OF ISSUER,TITLE OF CLASS,CUSIP,(x$1000),PRN AMT,PRN,CALL,DISCRETION,MANAGER,SOLE,SHARED,NONE
0,ACCENTURE PLC CLS A USD0.00002,COMMON STOCK,g1151c101,2977,31778,SH,,SOLE,,31778,0,0
1,ALCENTRA CAP CORP COM ISIN#US0,COMMON STOCK,01374t102,3107,233645,SH,,SOLE,,233645,0,0
2,ALTISOURCE RESIDENTIALCORP COM,COMMON STOCK,02153w100,4297,206001,SH,,SOLE,,206001,0,0
3,AMERCO COM,COMMON STOCK,023586100,7484,22650,SH,,SOLE,,22650,0,0
4,AMERIPRISE FINL INC COM,COMMON STOCK,03076c106,4421,33788,SH,,SOLE,,33788,0,0
5,ARBOR RLTY TR INC,COMMON STOCK,038923108,7488,1072812,SH,,SOLE,,1072812,0,0
6,ARC DOCUMENT SOLUTIONSINC COM,COMMON STOCK,00191g103,7455,807717,SH,,SOLE,,807717,0,0
7,ARES COML REAL ESTATECORP COM,COMMON STOCK,04013v108,3320,300418,SH,,SOLE,,300418,0,0
8,ASCENT CAP GROUP INC COMSER A,COMMON STOCK,043632108,4422,111070,SH,,SOLE,,111070,0,0
9,AWARE INC,COMMON STOCK,05453N100,2407,548291,SH,,SOLE,,548291,0,0
10,BLACKROCK CAPITAL INVESTMENTC,COMMON STOCK,092533108,6033,665941,SH,,SOLE,,665941,0,0
11,BLACKROCK MUN TARGET TERMTR CO,COMMON STOCK,09257p105,2903,138435,SH,,SOLE,,138435,0,0
12,BLACKROCK RES &COMM STRATTR SH,COMMON STOCK,09257a108,7366,770477,SH,,SOLE,,770477,0,0
13,BLACKSTONE GSO STRATEGICCR FD,COMMON STOCK,09257r101,5174,319780,SH,,SOLE,,319780,0,0
14,BLACKSTONE MTG TR INCCOM CL A,Miscellaneous,09257w100,5064,178488,SH,,SOLE,,178488,0,0
15,BLACKSTONE/GSO SR FLTNGRT TRM,COMMON STOCK,09256u105,4000,231872,SH,,SOLE,,231872,0,0
16,BLOCK H & R INC,COMMON STOCK,093671105,2883,89904,SH,,SOLE,,89904,0,0
17,BOEING CO,COMMON STOCK,097023105,4117,27434,SH,,SOLE,,27434,0,0
18,BSB BANCORP INC MD COM ISIN#US,COMMON STOCK,05573h108,3434,173602,SH,,SOLE,,173602,0,0
19,CALAVO GROWERS INC,COMMON STOCK,128246105,5301,103093,SH,,SOLE,,103093,0,0
20,CALLAWAY GOLF CO DELAWARE,COMMON STOCK,131193104,12364,1297387,SH,,SOLE,,1297387,0,0
21,CARMIKE CINEMAS INC,COMMON STOCK,143436400,13016,387389,SH,,SOLE,,387389,0,0
22,CASCADE MICROTECH INC,COMMON STOCK,147322101,4752,349900,SH,,SOLE,,349900,0,0
23,CENTURYLINK INC,COMMON STOCK,156700106,2861,82820,SH,,SOLE,,82820,0,0
24,CHEROKEE INC DEL NEW COM ISIN#,COMMON STOCK,16444h102,6120,314175,SH,,SOLE,,314175,0,0
25,CIFC CORP,COMMON STOCK,12547r105,1299,169800,SH,,SOLE,,169800,0,0
26,CINTAS CORP,COMMON STOCK,172908105,3041,37252,SH,,SOLE,,37252,0,0
27,CLOUGH GLOBAL EQUITY FDCOM ISI,COMMON STOCK,18914c100,5456,363027,SH,,SOLE,,363027,0,0
28,CLOUGH GLOBAL OPPORTUNITIESFD,COMMON STOCK,18914e106,5853,469762,SH,,SOLE,,469762,0,0
29,COCA COLA CO,COMMON STOCK,191216100,2271,56000,SH,,SOLE,,56000,0,0
30,COHEN &STEERS CLOSED ENDOPPO C,COMMON STOCK,19248p106,2779,215631,SH,,SOLE,,215631,0,0
31,COHEN &STEERS INFRASTRUCTURECO,COMMON STOCK,19248a109,7858,345863,SH,,SOLE,,345863,0,0
32,CORENERGY INFRASTRUCTURETR INC,COMMON STOCK,21870u205,8395,1211401,SH,,SOLE,,1211401,0,0
33,COURIER CORP COM ISIN#US222660,COMMON STOCK,222660102,490,20000,SH,,SOLE,,20000,0,0
34,CULP INC,COMMON STOCK,230215105,1808,67600,SH,,SOLE,,67600,0,0
35,CVS HEALTH CORP COM,COMMON STOCK,126650100,4945,47914,SH,,SOLE,,47914,0,0
36,D S T SYSTEMS INC,COMMON STOCK,233326107,3144,28403,SH,,SOLE,,28403,0,0
37,DATALINK CORP COM ISIN#US23793,COMMON STOCK,237934104,5877,488152,SH,,SOLE,,488152,0,0
38,DATAWATCH CORP COM NEW ISIN#US,COMMON STOCK,237917208,1340,197300,SH,,SOLE,,197300,0,0
39,DEERE & COMPANY,COMMON STOCK,244199105,2627,29960,SH,,SOLE,,29960,0,0
40,DESTINATION XL GROUP INCCOM IS,COMMON STOCK,25065k104,9536,1930270,SH,,SOLE,,1930270,0,0
41,DIAMOND HILL INVESTMENT GROUP,COMMON STOCK,25264R207,1344,8400,SH,,SOLE,,8400,0,0
42,DICE HLDGS INC COM,COMMON STOCK,253017107,5574,624887,SH,,SOLE,,624887,0,0
43,DIGIRAD CORP,COMMON STOCK,253827109,4870,1072739,SH,,SOLE,,1072739,0,0
44,DOUGLAS DYNAMICS INC COMUSD0.0,COMMON STOCK,25960r105,9606,420594,SH,,SOLE,,420594,0,0
45,EATON VANCE ENHANCED EQT,COMMON STOCK,278274105,3427,249595,SH,,SOLE,,249595,0,0
46,EATON VANCE TAX ADVT DIVINCM C,COMMON STOCK,27828g107,5808,281789,SH,,SOLE,,281789,0,0
47,ECOLAB INC,COMMON STOCK,278865100,743,6500,SH,,SOLE,,6500,0,0
48,ENSTAR GROUP LIMITED SHS ISIN#,COMMON STOCK,g3075p101,5754,40564,SH,,SOLE,,40564,0,0
49,ENTEGRA FINL CORP COM ISIN#US2,COMMON STOCK,29363j108,1443,93066,SH,,SOLE,,93066,0,0
50,EXXON MOBIL CORPORATION,COMMON STOCK,30231g102,2685,31593,SH,,SOLE,,31593,0,0
51,FARMERS NATIONAL BANC CORP,COMMON STOCK,309627107,1286,157000,SH,,SOLE,,157000,0,0
52,FIRST BANK,COMMON STOCK,31931U102,1429,236915,SH,,SOLE,,236915,0,0
53,FIRST BUSINESS FINL SVCSWIS CO,COMMON STOCK,319390100,7347,169912,SH,,SOLE,,169912,0,0
54,FIRST NORTHWEST BANCORPCOM ISI,COMMON STOCK,335834107,568,45480,SH,,SOLE,,45480,0,0
55,FIRST SECURITY GROUP INC,COMMON STOCK,336312202,1075,448002,SH,,SOLE,,448002,0,0
56,FISERV INC,COMMON STOCK,337738108,4466,56247,SH,,SOLE,,56247,0,0
57,FIVE STAR QUALITY CAREINC COM,COMMON STOCK,33832d106,8537,1922824,SH,,SOLE,,1922824,0,0
58,FLEXSTEEL INDUSTRIES INC,COMMON STOCK,339382103,3030,96824,SH,,SOLE,,96824,0,0
59,FORD MTR CO DEL COM,COMMON STOCK,345370860,3268,202508,SH,,SOLE,,202508,0,0
60,FRANKLIN COVEY CO COM ISIN#US3,COMMON STOCK,353469109,15421,800677,SH,,SOLE,,800677,0,0
61,G S I GROUP INC NEW F,COMMON STOCK,36191c205,4280,321357,SH,,SOLE,,321357,0,0
62,GENTHERM INC COM,COMMON STOCK,37253a103,9741,192862,SH,,SOLE,,192862,0,0
63,GREEN BRICK PARTNERS INC,COMMON STOCK,392709101,1197,144667,SH,,SOLE,,144667,0,0
64,HACKETT GROUP INC COM,COMMON STOCK,404609109,8588,960618,SH,,SOLE,,960618,0,0
65,HALLMARK FINL SVCS INCCOM NEW,COMMON STOCK,40624q203,1074,101339,SH,,SOLE,,101339,0,0
66,HARVARD BIOSCIENCE INC,COMMON STOCK,416906105,2099,360651,SH,,SOLE,,360651,0,0
67,HARVEST CAPITAL CREDIT CORPORA,COMMON STOCK,41753f109,2370,182593,SH,,SOLE,,182593,0,0
68,HERITAGE FINANCIAL GROUP,COMMON STOCK,42726x102,663,24347,SH,,SOLE,,24347,0,0
69,HOME LOAN SERVICING SOLUTIONSL,COMMON STOCK,g6648d109,2935,177430,SH,,SOLE,,177430,0,0
70,HOOKER FURNITURE CORPCOM ISIN#,COMMON STOCK,439038100,2480,130178,SH,,SOLE,,130178,0,0
71,HORACE MANN EDUCATORSCORP NEW,COMMON STOCK,440327104,9719,284177,SH,,SOLE,,284177,0,0
72,HORMEL FOODS CORP COM ISIN#US4,COMMON STOCK,440452100,3620,63679,SH,,SOLE,,63679,0,0
73,HUTCHINSON TECH INC,COMMON STOCK,448407106,27,10000,SH,,SOLE,,10000,0,0
74,INCONTACT INC COM ISIN#US45336,COMMON STOCK,45336e109,3020,277080,SH,,SOLE,,277080,0,0
75,INTERNET PATENTS CORPCOM ISIN#,COMMON STOCK,46063g101,469,175634,SH,,SOLE,,175634,0,0
76,INTL FCSTONE INC COM ISIN#US46,COMMON STOCK,46116v105,12573,422901,SH,,SOLE,,422901,0,0
77,INVENTURE FOODS INC,COMMON STOCK,461212102,7042,629345,SH,,SOLE,,629345,0,0
78,INVESTORS TITLE COMPANY,COMMON STOCK,461804106,1962,26500,SH,,SOLE,,26500,0,0
79,J & J SNACK FOODS CORP,COMMON STOCK,466032109,5600,52479,SH,,SOLE,,52479,0,0
80,JOHNSON & JOHNSON,COMMON STOCK,478160104,3742,37197,SH,,SOLE,,37197,0,0
81,JOURNAL COMMUNICATIONSINC CLA,COMMON STOCK,481130102,13956,941705,SH,,SOLE,,941705,0,0
82,JPMORGAN CHASE & CO,COMMON STOCK,46625h100,4533,74822,SH,,SOLE,,74822,0,0
83,KIMBALL INTERNATIONAL INC,COMMON STOCK,494274103,1310,125000,SH,,SOLE,,125000,0,0
84,KIRKLANDS INC COM ISIN#US49749,COMMON STOCK,497498105,3136,132050,SH,,SOLE,,132050,0,0
85,LENDINGTREE INC NEW COM ISIN#U,COMMON STOCK,52603b107,10095,180227,SH,,SOLE,,180227,0,0
86,LIFETIME BRANDS INC,COMMON STOCK,53222Q103,1068,69875,SH,,SOLE,,69875,0,0
87,LITHIA MOTORS INC CL A,COMMON STOCK,536797103,9502,95587,SH,,SOLE,,95587,0,0
88,MACQUARIE INFRASTRUCTURECO LLC,COMMON STOCK,55608b105,7446,90490,SH,,SOLE,,90490,0,0
89,MADDEN STEVEN LTD,COMMON STOCK,556269108,5473,144035,SH,,SOLE,,144035,0,0
90,MADISON CVRED CALL &EQSTR FD C,COMMON STOCK,557437100,7262,884481,SH,,SOLE,,884481,0,0
91,MAGELLAN HEALTH INC,COMMON STOCK,559079207,6061,85583,SH,,SOLE,,85583,0,0
92,MALIBU BOATS INC,COMMON STOCK,56117j100,1564,67000,SH,,SOLE,,67000,0,0
93,MCG CAPITAL CORP,COMMON STOCK,58047p107,6100,1540498,SH,,SOLE,,1540498,0,0
94,MICROSOFT CORP,COMMON STOCK,594918104,3588,88252,SH,,SOLE,,88252,0,0
95,MOCON INC,COMMON STOCK,607494101,3640,218950,SH,,SOLE,,218950,0,0
96,MONOTYPE IMAGING HLDGSINC,COMMON STOCK,61022p100,8507,260616,SH,,SOLE,,260616,0,0
97,MVC CAPITAL INC COM ISIN#US553,COMMON STOCK,553829102,6914,729377,SH,,SOLE,,729377,0,0
98,NATHANS FAMOUS INC,COMMON STOCK,632347100,1467,27100,SH,,SOLE,,27100,0,0
99,NATURAL GAS SERVICE GP,COMMON STOCK,63886q109,8233,428360,SH,,SOLE,,428360,0,0
100,NAUTILUS INC,COMMON STOCK,63910b102,15145,991787,SH,,SOLE,,991787,0,0
101,NCR CORP,COMMON STOCK,62886e108,2023,68550,SH,,SOLE,,68550,0,0
102,NEUBERGER BERMAN RE ESSEC FD C,COMMON STOCK,64190a103,4497,829738,SH,,SOLE,,829738,0,0
103,NEW SR INVT GROUP INCCOM ISIN#,Miscellaneous,648691103,4170,250776,SH,,SOLE,,250776,0,0
104,NEWCASTLE INVT CORP ISIN#US651,COMMON STOCK,65105m603,5336,1100110,SH,,SOLE,,1100110,0,0
105,NUVEEN BUILD AMER BD FDCOM,COMMON STOCK,67074c103,7658,360524,SH,,SOLE,,360524,0,0
106,NUVEEN INTER DURATIONMUN TERM,COMMON STOCK,670671106,3203,247155,SH,,SOLE,,247155,0,0
107,NUVEEN MTG OPPORTUNITYTERM FD,COMMON STOCK,670735109,5596,240263,SH,,SOLE,,240263,0,0
108,NUVEEN PFD & INCOME TERMFD COM,COMMON STOCK,67075a106,5783,246806,SH,,SOLE,,246806,0,0
109,OTTER TAIL CORP FORMERLYOTTER,COMMON STOCK,689648103,2473,76874,SH,,SOLE,,76874,0,0
110,PERCEPTRON INC,COMMON STOCK,71361f100,1446,107000,SH,,SOLE,,107000,0,0
111,PERFORMANCE SPORTS GROUP LTD,COMMON STOCK,71377G100,3608,185000,SH,,SOLE,,185000,0,0
112,PFSWEB INC,COMMON STOCK,717098206,1154,105000,SH,,SOLE,,105000,0,0
113,PHOTRONICS INC COM ISIN#US7194,COMMON STOCK,719405102,5511,648377,SH,,SOLE,,648377,0,0
114,PROCTER & GAMBLE,COMMON STOCK,742718109,3817,46589,SH,,SOLE,,46589,0,0
115,PSYCHEMEDICS CORP COMNEW ISIN#,COMMON STOCK,744375205,3210,193500,SH,,SOLE,,193500,0,0
116,PUTNAM PREMIER INCOMETR SH BEN,COMMON STOCK,746853100,4920,933663,SH,,SOLE,,933663,0,0
117,PZENA INVT MGMT INC CLA,COMMON STOCK,74731q103,15736,1716029,SH,,SOLE,,1716029,0,0
118,REDWOOD TRUST INC,COMMON STOCK,758075402,3959,221529,SH,,SOLE,,221529,0,0
119,REPUBLIC SERVICES INCCOM,COMMON STOCK,760759100,2949,72703,SH,,SOLE,,72703,0,0
120,RIGNET INC COM,COMMON STOCK,766582100,2511,87835,SH,,SOLE,,87835,0,0
121,ROUSE PPTYS INC COM,COMMON STOCK,779287101,6415,338347,SH,,SOLE,,338347,0,0
122,ROYCE GLOBAL VALUE TRINC COM I,COMMON STOCK,78081t104,761,94489,SH,,SOLE,,94489,0,0
123,ROYCE MICRO-CAP TR INCCOM ISIN,COMMON STOCK,780915104,1149,117334,SH,,SOLE,,117334,0,0
124,ROYCE VALUE TR INC COM ISIN#US,COMMON STOCK,780910105,2326,162419,SH,,SOLE,,162419,0,0
125,SCRIPPS E W CO OHIO CLA NEW,COMMON STOCK,811054402,7599,267209,SH,,SOLE,,267209,0,0
126,SHILOH INDUSTRIES INC,COMMON STOCK,824543102,2310,164500,SH,,SOLE,,164500,0,0
127,SILVERCREST ASSET MGMTGROUP I,COMMON STOCK,828359109,3366,236200,SH,,SOLE,,236200,0,0
128,SIMULATIONS PLUS INC COM ISIN#,COMMON STOCK,829214105,4149,675763,SH,,SOLE,,675763,0,0
129,SOLAR CAPITAL LTD,COMMON STOCK,83413u100,4238,209374,SH,,SOLE,,209374,0,0
130,SP PLUS CORP COM,COMMON STOCK,78469c103,5451,249483,SH,,SOLE,,249483,0,0
131,SPOK HLDGS INC COM ISIN#US8486,COMMON STOCK,84863t106,11487,599199,SH,,SOLE,,599199,0,0
132,STONECASTLE FINL CORPCOM ISIN#,COMMON STOCK,861780104,3513,195528,SH,,SOLE,,195528,0,0
133,SUPERIOR UNIFORM GROUP,COMMON STOCK,868358102,1282,67600,SH,,SOLE,,67600,0,0
134,SUPREME INDUSTRIES INC.,COMMON STOCK,868607102,3150,405965,SH,,SOLE,,405965,0,0
135,SYNERON MEDICAL LTD ORDSHS ISI,COMMON STOCK,m87245102,6544,528587,SH,,SOLE,,528587,0,0
136,SYNTEL INC,COMMON STOCK,87162h103,4919,95090,SH,,SOLE,,95090,0,0
137,TANDY LEATHER FACTORY INC,COMMON STOCK,87538X105,1738,196210,SH,,SOLE,,196210,0,0
138,TECHTARGET INC COM ISIN#US8787,COMMON STOCK,87874r100,11368,985917,SH,,SOLE,,985917,0,0
139,THESTREET INC,COMMON STOCK,88368q103,3267,1814850,SH,,SOLE,,1814850,0,0
140,TRANSCAT INC,COMMON STOCK,893529107,749,76700,SH,,SOLE,,76700,0,0
141,TRUEBLUE INC,COMMON STOCK,89785x101,7855,322603,SH,,SOLE,,322603,0,0
142,U S PHYSICAL THERAPYINC,COMMON STOCK,90337l108,10289,216602,SH,,SOLE,,216602,0,0
143,UFP TECH INC,COMMON STOCK,902673102,2456,107824,SH,,SOLE,,107824,0,0
144,UNITED FINL BANCORP INCNEW COM,COMMON STOCK,910304104,7615,612669,SH,,SOLE,,612669,0,0
145,UNITED TECHNOLOGIES CORP,COMMON STOCK,913017109,2516,21469,SH,,SOLE,,21469,0,0
146,UROPLASTY INC COMNEW,COMMON STOCK,917277204,634,520000,SH,,SOLE,,520000,0,0
147,VANGUARD INDEX FDS VANGUARDGRO,COMMON STOCK,922908736,376,3597,SH,,SOLE,,3597,0,0
148,VERIZON COMMUNICATIONS,COMMON STOCK,92343v104,2163,44483,SH,,SOLE,,44483,0,0
149,WASTE MANAGEMENT INC,COMMON STOCK,94106l109,3829,70606,SH,,SOLE,,70606,0,0
150,WEST MARINE INC COM ISIN#US954,COMMON STOCK,954235107,1581,170500,SH,,SOLE,,170500,0,0
151,WESTWOOD HLDGS GROUP INCCOM IS,COMMON STOCK,961765104,7773,128904,SH,,SOLE,,128904,0,0
152,AGILYSYS INC,COMMON STOCK,00847J105,2706,275000,SH,,SOLE,,275000,0,0
153,ALAMO GROUP INC,COMMON STOCK,011311107,7880,124821,SH,,SOLE,,124821,0,0
154,3M COMPANY,COMMON STOCK,88579y101,2328,14114,SH,,SOLE,,14114,0,0
155,A H BELO CORP COM CL A ISIN#US,COMMON STOCK,001282102,6651,808200,SH,,SOLE,,808200,0,0
156,ANTHEM INC COM ISIN#US03675210,COMMON STOCK,036752103,3928,25438,SH,,SOLE,,25438,0,0
157,EXA CORP COM ISIN#US3006145003,COMMON STOCK,300614500,1962,165150,SH,,SOLE,,165150,0,0
158,GDL FUND COM SH BEN IT ISIN#US,COMMON STOCK,361570104,5045,488335,SH,,SOLE,,488335,0,0
159,GUGGENHEIM S&P 500 PUREVALUE E,COMMON STOCK,78355w304,7096,131439,SH,,SOLE,,131439,0,0
160,GUGGENHEIM SPINOFFETF,COMMON STOCK,18383m605,3634,76491,SH,,SOLE,,76491,0,0
161,INVESCO LTD SHS ISIN#BMG491BT1,COMMON STOCK,g491bt108,3982,100336,SH,,SOLE,,100336,0,0
162,ISHARES 1-3 YEAR TREASURYBOND,COMMON STOCK,464287457,250,2950,SH,,SOLE,,2950,0,0
163,ISHARES S&P 500 GROWTHETF,INDEX UNIT,464287309,14687,128890,SH,,SOLE,,128890,0,0
164,ITT CORPORATION COM USD1.00,COMMON STOCK,450911201,1545,38701,SH,,SOLE,,38701,0,0
165,LRAD CORP COM ISIN#US50213V109,COMMON STOCK,50213v109,1384,588900,SH,,SOLE,,588900,0,0
166,MESA LABORATORIES INCCOM NPV I,COMMON STOCK,59064r109,1795,24856,SH,,SOLE,,24856,0,0
167,NOVARTIS A G SPONSOREDADR ISIN,COMMON STOCK,66987v109,2676,27134,SH,,SOLE,,27134,0,0
168,REIS INC COM ISIN#US75936P1057,COMMON STOCK,75936p105,6141,239515,SH,,SOLE,,239515,0,0
169,SALEM COMMUNICATIONS CORP.,COMMON STOCK,794093104,2732,443496,SH,,SOLE,,443496,0,0
170,TARGET CORP COM ISIN#US87612E1,COMMON STOCK,87612e106,4809,58598,SH,,SOLE,,58598,0,0
171,USG CORP COM NEW,COMMON STOCK,903293405,2508,93927,SH,,SOLE,,93927,0,0
172,ZIX CORPORATION,COMMON STOCK,98974P100,1808,460000,SH,,SOLE,,460000,0,0
