,NAME OF ISSUER,TITLE OF CLASS,CUSIP,(x$1000),PRN AMT,PRN,CALL,DISCRETION,MANAGER,SOLE,SHARED,NONE
0,51JOB INC,SP ADR REP COM,316827104,57759,875668,SH,,SOLE,,783334,0,92334
1,58 COM INC,SPON ADR REP A,31680Q104,7865,145500,SH,,SOLE,,145500,0,0
2,AGILENT TECHNOLOGIES INC,COM,00846U101,287,5000,SH,,SOLE,,5000,0,0
3,ALCOA INC,COM,013817101,287123,19283000,SH,,SOLE,,17435094,0,1847906
4,ALERE INC,COM,01449J105,1907,50970,SH,,SOLE,,50970,0,0
5,ALTERA CORP,COM,021441100,1425,41000,SH,,SOLE,,41000,0,0
6,ANGLOGOLD ASHANTI LTD,SPONSORED ADR,035128206,17837,1036449,SH,,SOLE,,659449,0,377000
7,APPLE INC,COM,037833100,1366,14700,SH,,SOLE,,14700,0,0
8,ARIAD PHARMACEUTICALS INC,COM,04033A100,715,112300,SH,,SOLE,,112300,0,0
9,ARISTA NETWORKS INC,COM,040413106,623,10000,SH,,SOLE,,10000,0,0
10,AUTOHOME INC,SP ADR RP CL A,05278C107,33736,979850,SH,,SOLE,,914858,0,64992
11,AUTONAVI HLDGS LTD,SPONSORED ADR,05330F106,167,8000,SH,,SOLE,,8000,0,0
12,AVAGO TECHNOLOGIES LTD,SHS,Y0486S104,576,8000,SH,,SOLE,,8000,0,0
13,BAIDU INC,SPON ADR REP A,056752108,308908,1653595,SH,,SOLE,,1448054,0,205541
14,BAKER HUGHES INC,COM,057224107,318051,4272020,SH,,SOLE,,3538462,0,733558
15,BALLARD PWR SYS INC NEW,COM,058586108,6555,1591034,SH,,SOLE,,1591034,0,0
16,BANK OF AMERICA CORPORATION,COM,060505104,133575,8690638,SH,,SOLE,,7804397,0,886241
17,BARRICK GOLD CORP,COM,067901108,154611,8448690,SH,,SOLE,,6807752,0,1640938
18,BIOMARIN PHARMACEUTICAL INC,COM,09061G101,1649,26520,SH,,SOLE,,26520,0,0
19,CALLAWAY GOLF CO,COM,131193104,20518,2466200,SH,,SOLE,,2466200,0,0
20,CAPSTONE TURBINE CORP,COM,14067D102,25805,17089489,SH,,SOLE,,13646270,0,3443219
21,CARDINAL HEALTH INC,COM,14149Y108,959,14000,SH,,SOLE,,14000,0,0
22,CARNIVAL CORP,PAIRED CTF,143658300,248501,6600300,SH,,SOLE,,5968875,0,631425
23,CEVA INC,COM,157210105,2658,180000,SH,,SOLE,,180000,0,0
24,CHINA LODGING GROUP LTD,SPONSORED ADR,16949N109,21985,875900,SH,,SOLE,,875900,0,0
25,CIENA CORP,COM NEW,171779309,167111,7715200,SH,,SOLE,,6722220,0,992980
26,CISCO SYS INC,COM,17275R102,60721,2443517,SH,,SOLE,,1281517,0,1162000
27,CITRIX SYS INC,COM,177376100,1200,19200,SH,,SOLE,,19200,0,0
28,CTRIP COM INTL LTD,AMERICAN DEP SHS,22943F100,8389,131000,SH,,SOLE,,131000,0,0
29,DISCOVER FINL SVCS,COM,254709108,1239,20000,SH,,SOLE,,20000,0,0
30,E HOUSE CHINA HLDGS LTD,ADR,26852W103,38134,4408599,SH,,SOLE,,3982171,0,426428
31,E M C CORP MASS,COM,268648102,869,33000,SH,,SOLE,,33000,0,0
32,EBAY INC,COM,278642103,296750,5927900,SH,,SOLE,,4949900,0,978000
33,FEDEX CORP,COM,31428X106,6206,41000,SH,,SOLE,,41000,0,0
34,FOMENTO ECONOMICO MEXICANO S,SPON ADR UNITS,344419106,12268,131000,SH,,SOLE,,131000,0,0
35,FOSTER WHEELER AG,COM,H27178104,318132,9337627,SH,,SOLE,,7838203,0,1499424
36,GNC HLDGS INC,COM CL A,36191G107,1261,37000,SH,,SOLE,,37000,0,0
37,GOOGLE INC,CL A,38259P508,206844,353780,SH,,SOLE,,291274,0,62506
38,GOOGLE INC,CL C,38259P706,204385,355280,SH,,SOLE,,292774,0,62506
39,GROUPON INC,COM CL A,399473107,2078,314000,SH,,SOLE,,314000,0,0
40,GT ADVANCED TECHNOLOGIES INC,COM,36191U106,47065,2530408,SH,,SOLE,,1389864,0,1140544
41,HALLIBURTON CO,COM,406216101,2556,36000,SH,,SOLE,,36000,0,0
42,ICON PLC,SHS,G4705A100,1342,28500,SH,,SOLE,,28500,0,0
43,IMMUNOGEN INC,COM,45253H101,1073,90600,SH,,SOLE,,90600,0,0
44,INCYTE CORP,COM,45337C102,1877,33264,SH,,SOLE,,33264,0,0
45,INFINERA CORPORATION,COM,45667G103,27956,3038773,SH,,SOLE,,2770869,0,267904
46,INFINITY PHARMACEUTICALS INC,COM,45665G303,1043,81932,SH,,SOLE,,81932,0,0
47,INTEL CORP,COM,458140100,354299,11466000,SH,,SOLE,,9374809,0,2091191
48,IRONWOOD PHARMACEUTICALS INC,COM CL A,46333X108,1839,120000,SH,,SOLE,,120000,0,0
49,JACOBS ENGR GROUP INC DEL,COM,469814107,96416,1809610,SH,,SOLE,,1495561,0,314049
50,JOHNSON & JOHNSON,COM,478160104,32202,307800,SH,,SOLE,,156800,0,151000
51,KBR INC,COM,48242W106,94206,3949943,SH,,SOLE,,3349712,0,600231
52,LAUDER ESTEE COS INC,CL A,518439104,27698,373000,SH,,SOLE,,373000,0,0
53,LINKEDIN CORP,COM CL A,53578A108,150499,877700,SH,,SOLE,,731500,0,146200
54,MARVELL TECHNOLOGY GROUP LTD,ORD,G5876H105,49338,3443042,SH,,SOLE,,3443042,0,0
55,MERCER INTL INC,COM,588056101,82951,7900171,SH,,SOLE,,7900171,0,0
56,MERCK & CO INC NEW,COM,58933Y105,9440,163190,SH,,SOLE,,163190,0,0
57,MGIC INVT CORP WIS,COM,552848103,64014,6927974,SH,,SOLE,,6835611,0,92363
58,MICRON TECHNOLOGY INC,COM,595112103,11888,360800,SH,,SOLE,,360800,0,0
59,MICROSOFT CORP,COM,594918104,128427,3079785,SH,,SOLE,,1745785,0,1334000
60,MINDRAY MEDICAL INTL LTD,SPON ADR,602675100,30594,971256,SH,,SOLE,,971256,0,0
61,NEWMONT MINING CORP,COM,651639106,18749,737000,SH,,SOLE,,666000,0,71000
62,NXP SEMICONDUCTORS N V,COM,N6596X109,661,10000,SH,,SOLE,,10000,0,0
63,ORACLE CORP,COM,68389X105,1215,30000,SH,,SOLE,,30000,0,0
64,OWENS CORNING NEW,COM,690742101,773,20000,SH,,SOLE,,20000,0,0
65,PEPSICO INC,COM,713448108,43767,489900,SH,,SOLE,,345900,0,144000
66,PERKINELMER INC,COM,714046109,1765,37700,SH,,SOLE,,37700,0,0
67,PFIZER INC,COM,717081103,1413,47610,SH,,SOLE,,47610,0,0
68,QIAGEN NV,REG SHS,N72482107,43547,1781076,SH,,SOLE,,1616379,0,164697
69,QIWI PLC,SPON ADR REP B,74735M108,60814,1507921,SH,,SOLE,,1380899,0,127022
70,QUNAR CAYMAN IS LTD,SPNS ADR CL B,74906P104,65428,2291712,SH,,SOLE,,2139522,0,152190
71,SENOMYX INC,COM,81724Q107,5604,647900,SH,,SOLE,,647900,0,0
72,SINA CORP,ORD,G81477104,213298,4285690,SH,,SOLE,,3806878,0,478812
73,SKYWORKS SOLUTIONS INC,COM,83088M102,892,19000,SH,,SOLE,,19000,0,0
74,SOHU COM INC,COM,83408W103,89531,1551934,SH,,SOLE,,1247994,0,303940
75,SOUFUN HLDGS LTD,ADR,836034108,40184,4104650,SH,,SOLE,,3511650,0,593000
76,STILLWATER MNG CO,COM,86074Q102,270574,15417362,SH,,SOLE,,12887552,0,2529810
77,SUNGY MOBILE LTD,ADR REP ORD A,86737M100,3724,270089,SH,,SOLE,,270089,0,0
78,SYNERON MEDICAL LTD,ORD SHS,M87245102,973,94330,SH,,SOLE,,94330,0,0
79,TEVA PHARMACEUTICAL INDS LTD,ADR,881624209,3050,58200,SH,,SOLE,,58200,0,0
80,TIFFANY & CO NEW,COM,886547108,23458,234000,SH,,SOLE,,234000,0,0
81,TIME WARNER INC,COM NEW,887317303,17890,254666,SH,,SOLE,,254666,0,0
82,TRINA SOLAR LIMITED,SPON ADR,89628E104,123803,9649530,SH,,SOLE,,8919287,0,730243
83,TRULIA INC,COM,897888103,31773,670603,SH,,SOLE,,605622,0,64981
84,TURKCELL ILETISIM HIZMETLERI,SPON ADR NEW,900111204,4726,303000,SH,,SOLE,,303000,0,0
85,ULTRA PETROLEUM CORP,COM,903914109,1395,47000,SH,,SOLE,,47000,0,0
86,UNITED TECHNOLOGIES CORP,COM,913017109,8196,71000,SH,,SOLE,,71000,0,0
87,VEECO INSTRS INC DEL,COM,922417100,6520,175000,SH,,SOLE,,175000,0,0
88,VERASTEM INC,COM,92337C104,9763,1077674,SH,,SOLE,,428543,0,649131
89,VERIZON COMMUNICATIONS INC,COM,92343V104,439,9256,SH,,SOLE,,9256,0,0
90,VISTAPRINT N V,SHS,N93540107,768,19000,SH,,SOLE,,19000,0,0
91,YANDEX N V,SHS CLASS A,N97284108,133774,3753500,SH,,SOLE,,3171700,0,581800
92,YOUKU TUDOU INC,SPONSORED ADR,98742U100,253811,10637538,SH,,SOLE,,9537587,0,1099951
93,YY INC,ADS REPCOM CLA,98426T106,5738,76000,SH,,SOLE,,76000,0,0
94,ZILLOW INC,CL A,98954A107,68502,479271,SH,,SOLE,,433160,0,46111
