,NAME OF ISSUER,TITLE OF CLASS,CUSIP,(x$1000),PRN AMT,PRN,CALL,DISCRETION,MANAGER,SOLE,SHARED,NONE
0,58 COM INC,SPON ADR REP A,31680Q104,173453,3639402,SH,,SOLE,,3464902,0,174500
1,ACADIA PHARMACEUTICALS INC,COM,004225108,1218,38300,SH,,SOLE,,38300,0,0
2,AERIE PHARMACEUTICALS INC,COM,00771V108,2981,79000,SH,,SOLE,,79000,0,0
3,AGIOS PHARMACEUTICALS INC,COM,00847X104,2197,41600,SH,,SOLE,,41600,0,0
4,ALIBABA GROUP HLDG LTD,SPONSORED ADS,01609W102,175657,1660432,SH,,SOLE,,1550732,0,109700
5,ALPHABET INC,CAP STK CL A,02079K305,154075,191622,SH,,SOLE,,167632,0,23990
6,ALPHABET INC,CAP STK CL C,02079K107,204401,262967,SH,,SOLE,,233881,0,29086
7,AMEC FOSTER WHEELER PLC,SPONSORED ADR,00167X205,222,29908,SH,,SOLE,,29908,0,0
8,APPLE INC,COM,037833100,3809,33700,SH,,SOLE,,33700,0,0
9,ARIAD PHARMACEUTICALS INC,COM,04033A100,2254,164700,SH,,SOLE,,164700,0,0
10,AUTOHOME INC,SP ADR RP CL A,05278C107,339,14000,SH,,SOLE,,14000,0,0
11,BAIDU INC,SPON ADR REP A,056752108,315596,1733382,SH,,SOLE,,1529927,0,203455
12,BAKER HUGHES INC,COM,057224107,2190,43400,SH,,SOLE,,43400,0,0
13,BARRICK GOLD CORP,COM,067901108,10394,586595,SH,,SOLE,,586595,0,0
14,BIOGEN INC,COM,09062X103,1252,4000,SH,,SOLE,,4000,0,0
15,BIOMARIN PHARMACEUTICAL INC,COM,09061G101,1278,13820,SH,,SOLE,,13820,0,0
16,CALLAWAY GOLF CO,COM,131193104,22494,1937500,SH,,SOLE,,1937500,0,0
17,CARNIVAL CORP,UNIT 99/99/9999,143658300,239304,4901781,SH,,SOLE,,4323461,0,578320
18,CEMPRA INC,COM,15130J109,786,32500,SH,,SOLE,,32500,0,0
19,CIENA CORP,COM NEW,171779309,2810,128900,SH,,SOLE,,128900,0,0
20,CIRRUS LOGIC INC,COM,172755100,8876,167000,SH,,SOLE,,115000,0,52000
21,CISCO SYS INC,COM,17275R102,261832,8254486,SH,,SOLE,,7156578,0,1097908
22,COCA COLA CO,COM,191216100,109305,2582833,SH,,SOLE,,2424833,0,158000
23,CONFORMIS INC,COM,20717E101,1805,182056,SH,,SOLE,,182056,0,0
24,DELL TECHNOLOGIES INC,COM CL V,24703L103,202,4235,SH,,SOLE,,4235,0,0
25,DERMIRA INC,COM,24983L104,987,29200,SH,,SOLE,,29200,0,0
26,EBAY INC,COM,278642103,59645,1812935,SH,,SOLE,,1234544,0,578391
27,FACEBOOK INC,CL A,30303M102,248,1940,SH,,SOLE,,1940,0,0
28,FMC TECHNOLOGIES INC,COM,30249U101,37838,1275300,SH,,SOLE,,1002100,0,273200
29,FOMENTO ECONOMICO MEXICANO S,SPON ADR UNITS,344419106,18408,200000,SH,,SOLE,,200000,0,0
30,FOUNDATION MEDICINE INC,COM,350465100,2988,128000,SH,,SOLE,,128000,0,0
31,GILEAD SCIENCES INC,COM,375558103,96093,1214530,SH,,SOLE,,1214530,0,0
32,GROUPON INC,COM CL A,399473107,2096,407000,SH,,SOLE,,407000,0,0
33,ICON PLC,SHS,G4705A100,2205,28500,SH,,SOLE,,28500,0,0
34,IHS MARKIT LTD,SHS,G47567105,20476,545300,SH,,SOLE,,545300,0,0
35,IMMUNOGEN INC,COM,45253H101,242,90600,SH,,SOLE,,90600,0,0
36,INCYTE CORP,COM,45337C102,2910,30864,SH,,SOLE,,30864,0,0
37,INFINERA CORPORATION,COM,45667G103,2978,329800,SH,,SOLE,,329800,0,0
38,INFINITY PHARMACEUTICALS INC,COM,45665G303,777,498232,SH,,SOLE,,498232,0,0
39,INTEL CORP,COM,458140100,163342,4326951,SH,,SOLE,,3805651,0,521300
40,IRONWOOD PHARMACEUTICALS INC,COM CL A,46333X108,2439,153600,SH,,SOLE,,153600,0,0
41,JD COM INC,SPON ADR CL A,47215P106,95185,3648342,SH,,SOLE,,3648342,0,0
42,JOHNSON & JOHNSON,COM,478160104,62667,530500,SH,,SOLE,,530500,0,0
43,LEVEL 3 COMMUNICATIONS INC,COM NEW,52729N308,191769,4134738,SH,,SOLE,,3669938,0,464800
44,LIVANOVA PLC,SHS,G5509L101,1441,23982,SH,,SOLE,,23982,0,0
45,MCDONALDS CORP,COM,580135101,115129,998000,SH,,SOLE,,881600,0,116400
46,MERCK & CO INC,COM,58933Y105,1173,18800,SH,,SOLE,,18800,0,0
47,MERUS N V,COM,N5749R100,1867,111519,SH,,SOLE,,111519,0,0
48,MGIC INVT CORP WIS,COM,552848103,70367,8795975,SH,,SOLE,,7352975,0,1443000
49,MICRON TECHNOLOGY INC,COM,595112103,2875,161700,SH,,SOLE,,161700,0,0
50,NANOSTRING TECHNOLOGIES INC,COM,63009R109,1484,74300,SH,,SOLE,,74300,0,0
51,NEWMONT MINING CORP,COM,651639106,3968,101000,SH,,SOLE,,101000,0,0
52,NIELSEN HLDGS PLC,SHS EUR,G6518L108,153995,2874664,SH,,SOLE,,2540371,0,334293
53,NXP SEMICONDUCTORS N V,COM,N6596X109,357,3500,SH,,SOLE,,3500,0,0
54,ORACLE CORP,COM,68389X105,146754,3736100,SH,,SOLE,,3190472,0,545628
55,PAYPAL HLDGS INC,COM,70450Y103,280914,6856600,SH,,SOLE,,5879900,0,976700
56,PERKINELMER INC,COM,714046109,3013,53700,SH,,SOLE,,53700,0,0
57,PFIZER INC,COM,717081103,1612,47610,SH,,SOLE,,47610,0,0
58,PROTHENA CORP PLC,SHS,G72800108,2704,45100,SH,,SOLE,,45100,0,0
59,QIAGEN NV,REG SHS,N72482107,40380,1471580,SH,,SOLE,,1471580,0,0
60,QIWI PLC,SPON ADR REP B,74735M108,61013,4167617,SH,,SOLE,,3652777,0,514840
61,SCHLUMBERGER LTD,COM,806857108,65231,829500,SH,,SOLE,,643500,0,186000
62,SEATTLE GENETICS INC,COM,812578102,2651,49100,SH,,SOLE,,49100,0,0
63,SINA CORP,ORD,G81477104,229095,3103014,SH,,SOLE,,2937927,0,165087
64,SKECHERS U S A INC,CL A,830566105,9160,400000,SH,,SOLE,,247010,0,152990
65,SKYWORKS SOLUTIONS INC,COM,83088M102,98583,1294760,SH,,SOLE,,1077760,0,217000
66,STILLWATER MNG CO,COM,86074Q102,173815,13010129,SH,,SOLE,,11605129,0,1405000
67,TEVA PHARMACEUTICAL INDS LTD,ADR,881624209,2861,62200,SH,,SOLE,,62200,0,0
68,TIFFANY & CO NEW,COM,886547108,21498,296000,SH,,SOLE,,296000,0,0
69,TIME WARNER INC,COM NEW,887317303,18283,229666,SH,,SOLE,,229666,0,0
70,TRINA SOLAR LIMITED,SPON ADR,89628E104,56524,5519969,SH,,SOLE,,5519969,0,0
71,UNITED TECHNOLOGIES CORP,COM,913017109,812,8000,SH,,SOLE,,8000,0,0
72,VANECK VECTORS ETF TR,GOLD MINERS ETF,92189F106,60931,2305400,SH,,SOLE,,2305400,0,0
73,VEECO INSTRS INC DEL,COM,922417100,490,25000,SH,,SOLE,,25000,0,0
74,VERISIGN INC,COM,92343E102,438,5600,SH,,SOLE,,5600,0,0
75,WEIBO CORP,SPONSORED ADR,948596101,21353,425883,SH,,SOLE,,398065,0,27818
76,WYNN RESORTS LTD,COM,983134107,166854,1712730,SH,,SOLE,,1457211,0,255519
77,YANDEX NV,NOTE 1.125%12/1,98474TAB3,5854,278100,SH,,SOLE,,278100,0,0
