,NAME OF ISSUER,TITLE OF CLASS,CUSIP,(x$1000),PRN AMT,PRN,CALL,DISCRETION,MANAGER,SOLE,SHARED,NONE
0,3M CO,COMMON STOCK,88579Y101,9478,44982,SH,,SOLE,,44982,0,0
1,ABBOTT LABS,COMMON STOCK,002824100,400,5458,SH,,SOLE,,5458,0,0
2,ABBVIE INC,COMMON STOCK,00287Y109,399,4218,SH,,SOLE,,4218,0,0
3,ADVANCED DISP SVCS INC DEL,COMMON STOCK,00790X101,2100,77540,SH,,SOLE,,77540,0,0
4,ALPHABET INC,COMMON STOCK,02079K305,1496,1239,SH,,SOLE,,1239,0,0
5,ALPHABET INC,COMMON STOCK,02079K107,1821,1526,SH,,SOLE,,1526,0,0
6,ALTRIA GROUP INC,COMMON STOCK,02209S103,655,10855,SH,,SOLE,,10855,0,0
7,AMAZON.COM INC,COMMON STOCK,023135106,1288,643,SH,,SOLE,,643,0,0
8,AMERICAN PUBLIC EDUCATION IN,COMMON STOCK,02913V103,2579,78038,SH,,DFND,,78038,0,0
9,AMERIPRISE FINL INC,COMMON STOCK,03076C106,473,3204,SH,,SOLE,,3204,0,0
10,AMPHENOL CORP NEW,COMMON STOCK,032095101,204,2171,SH,,SOLE,,2171,0,0
11,ANHEUSER BUSCH INBEV SA/NV,ADRS STOCKS,03524A108,216,2461,SH,,SOLE,,2461,0,0
12,APPLE INC,COMMON STOCK,037833100,1633,7232,SH,,SOLE,,7232,0,0
13,AUTOMATIC DATA PROCESSING INC,COMMON STOCK,053015103,778,5165,SH,,SOLE,,5165,0,0
14,BALL CORP,COMMON STOCK,058498106,134449,3056359,SH,,DFND,,3056359,0,0
15,BANK AMER CORP,COMMON STOCK,060505104,6087,206608,SH,,DFND,,206608,0,0
16,BARCLAYS BK PLC,ETN,06746L422,2211,82900,SH,,SOLE,,82900,0,0
17,BARCLAYS BK PLC,ETN,06742C723,543,26050,SH,,SOLE,,26050,0,0
18,BECTON DICKINSON & CO,COMMON STOCK,075887109,28358,108653,SH,,SOLE,,108653,0,0
19,BERKSHIRE HATHAWAY INC DEL,COMMON STOCK,084670108,6400,20,SH,,SOLE,,20,0,0
20,BERKSHIRE HATHAWAY INC DEL,COMMON STOCK,084670702,22701,106027,SH,,SOLE,,106027,0,0
21,BLACK KNIGHT INC,COMMON STOCK,09215C105,1610,30993,SH,,SOLE,,30993,0,0
22,BLACKSTONE GROUP L P,COMMON STOCK,09253U108,51186,1344169,SH,,DFND,,1344169,0,0
23,BOEING CO,COMMON STOCK,097023105,42200,113472,SH,,DFND,,113472,0,0
24,BRIGHT HORIZONS FAM SOL IN D,COMMON STOCK,109194100,4132,35064,SH,,DFND,,35064,0,0
25,BRISTOL MYERS SQUIBB CO,COMMON STOCK,110122108,331,5324,SH,,SOLE,,5324,0,0
26,BROWN FORMAN CORP,COMMON STOCK,115637209,3393,67121,SH,,DFND,,67121,0,0
27,CADENCE BANCORPORATION,COMMON STOCK,12739A100,7683,294157,SH,,DFND,,294157,0,0
28,CARMAX INC,COMMON STOCK,143130102,32535,435723,SH,,DFND,,435723,0,0
29,CARTERS INC,COMMON STOCK,146229109,406,4116,SH,,SOLE,,4116,0,0
30,CHEVRON CORP NEW,COMMON STOCK,166764100,452,3694,SH,,SOLE,,3694,0,0
31,CINTAS CORP,COMMON STOCK,172908105,67102,339226,SH,,DFND,,339226,0,0
32,CISCO SYS INC,COMMON STOCK,17275R102,6592,135500,SH,,SOLE,,135500,0,0
33,CITIGROUP INC,COMMON STOCK,172967424,103965,1449188,SH,,DFND,,1449188,0,0
34,COCA COLA CO,COMMON STOCK,191216100,14986,324433,SH,,SOLE,,324433,0,0
35,COMCAST CORP NEW,COMMON STOCK,20030N101,259,7310,SH,,SOLE,,7310,0,0
36,COSTCO WHSL CORP NEW,COMMON STOCK,22160K105,99292,422735,SH,,DFND,,422735,0,0
37,CSX CORP,COMMON STOCK,126408103,124175,1676914,SH,,DFND,,1676914,0,0
38,DANAHER CORP DEL,COMMON STOCK,235851102,301,2768,SH,,SOLE,,2768,0,0
39,DISNEY WALT CO,COMMON STOCK,254687106,87250,746107,SH,,DFND,,746107,0,0
40,DOCUSIGN INC,COMMON STOCK,256163106,2037,38755,SH,,SOLE,,38755,0,0
41,DOMINOS PIZZA INC,COMMON STOCK,25754A201,36171,122698,SH,,DFND,,122698,0,0
42,ESTEE LAUDER COMPANIES INC,COMMON STOCK,518439104,250,1719,SH,,SOLE,,1719,0,0
43,EXXON MOBIL CORP,COMMON STOCK,30231G102,1856,21831,SH,,SOLE,,21831,0,0
44,FACEBOOK INC,COMMON STOCK,30303M102,4919,29913,SH,,SOLE,,29913,0,0
45,FASTENAL CO,COMMON STOCK,311900104,1043,17972,SH,,SOLE,,17972,0,0
46,FEDEX CORP,COMMON STOCK,31428X106,71928,298718,SH,,DFND,,298718,0,0
47,FIRST LONG IS CORP,COMMON STOCK,320734106,2443,112331,SH,,DFND,,112331,0,0
48,FORD MOTOR CO,COMMON STOCK,345370860,269,29061,SH,,SOLE,,29061,0,0
49,FORTIVE ORD,COMMON STOCK,34959J108,827,9825,SH,,SOLE,,9825,0,0
50,FORTUNE BRANDS HOME & SEC IN,COMMON STOCK,34964C106,30344,579526,SH,,DFND,,579526,0,0
51,FRANKLIN RES INC,COMMON STOCK,354613101,873,28703,SH,,SOLE,,28703,0,0
52,GENERAL MLS INC,COMMON STOCK,370334104,8076,188155,SH,,DFND,,188155,0,0
53,HASBRO INC,COMMON STOCK,418056107,70703,672590,SH,,DFND,,672590,0,0
54,HEICO CORP NEW,COMMON STOCK,422806109,55727,601743,SH,,DFND,,601743,0,0
55,HERSHEY CO,COMMON STOCK,427866108,2661,26087,SH,,SOLE,,26087,0,0
56,HOME DEPOT INC,COMMON STOCK,437076102,180362,870685,SH,,DFND,,870685,0,0
57,HONEYWELL INTL INC,COMMON STOCK,438516106,1053,6326,SH,,SOLE,,6326,0,0
58,IDEXX LABS INC,COMMON STOCK,45168D104,67491,270331,SH,,DFND,,270331,0,0
59,INGEVITY CORP,COMMON STOCK,45688C107,75520,741264,SH,,DFND,,741264,0,0
60,INTUIT,COMMON STOCK,461202103,20276,89164,SH,,DFND,,89164,0,0
61,INTUITIVE SURGICAL INC,COMMON STOCK,46120E602,1050,1830,SH,,SOLE,,1830,0,0
62,IQVIA HLDGS INC,COMMON STOCK,46266C105,56240,433481,SH,,DFND,,433481,0,0
63,ISHARES CORE MSCI EAFE ETF,ETF,46432F842,325,5069,SH,,SOLE,,5069,0,0
64,ISHARES CORE MSCI EMERGING MKTS ETF,ETF,46434G103,254,4907,SH,,SOLE,,4907,0,0
65,ISHARES RUSSELL 2000 VALUE ETF,ETF,464287630,422,3173,SH,,SOLE,,3173,0,0
66,JOHNSON & JOHNSON,COMMON STOCK,478160104,2082,15065,SH,,SOLE,,15065,0,0
67,JPMORGAN CHASE & CO,COMMON STOCK,46625H100,86191,763837,SH,,DFND,,763837,0,0
68,KEMPER CORP DEL,COMMON STOCK,488401100,18803,233724,SH,,DFND,,233724,0,0
69,KEURIG DR PEPPER INC,COMMON STOCK,49271V100,540,23317,SH,,SOLE,,23317,0,0
70,LOCKHEED MARTIN CORP,COMMON STOCK,539830109,10826,31292,SH,,SOLE,,31292,0,0
71,MARATHON PETROLEUM CORP,COMMON STOCK,56585A102,3047,38103,SH,,SOLE,,38103,0,0
72,MARTIN MARIETTA MATLS INC,COMMON STOCK,573284106,34367,188884,SH,,DFND,,188884,0,0
73,MASTERCARD INCORPORATED,COMMON STOCK,57636Q104,114279,513358,SH,,DFND,,513358,0,0
74,MCDONALDS CORP,COMMON STOCK,580135101,5198,31069,SH,,SOLE,,31069,0,0
75,MEDTRONIC PLC,COMMON STOCK,G5960L103,3885,39492,SH,,SOLE,,39492,0,0
76,MERCK & CO INC,COMMON STOCK,58933Y105,653,9201,SH,,SOLE,,9201,0,0
77,METTLER TOLEDO INTERNATIONAL,COMMON STOCK,592688105,31168,51181,SH,,DFND,,51181,0,0
78,MICROSOFT CORP,COMMON STOCK,594918104,149206,1304593,SH,,DFND,,1304593,0,0
79,MOHAWK INDS INC,COMMON STOCK,608190104,818,4665,SH,,SOLE,,4665,0,0
80,MOODYS CORP,COMMON STOCK,615369105,58461,349650,SH,,DFND,,349650,0,0
81,MOTOROLA SOLUTIONS INC,COMMON STOCK,620076307,7388,56773,SH,,DFND,,56773,0,0
82,NUTRI SYS INC NEW,COMMON STOCK,67069D108,14632,394917,SH,,DFND,,394917,0,0
83,NVR INC,COMMON STOCK,62944T105,24468,9903,SH,,DFND,,9903,0,0
84,OLD DOMINION FGHT LINES INC,COMMON STOCK,679580100,27894,172973,SH,,DFND,,172973,0,0
85,O'REILLY AUTOMOTIVE INC,COMMON STOCK,67103H107,1236,3560,SH,,SOLE,,3560,0,0
86,PAPA JOHNS INTL INC,COMMON STOCK,698813102,30754,599734,SH,,DFND,,599734,0,0
87,PAYCHEX INC,COMMON STOCK,704326107,4136,56151,SH,,SOLE,,56151,0,0
88,PAYPAL HLDGS INC,COMMON STOCK,70450Y103,81976,933241,SH,,DFND,,933241,0,0
89,PEPSICO INC,COMMON STOCK,713448108,9473,84729,SH,,SOLE,,84729,0,0
90,PHILIP MORRIS INTL INC,COMMON STOCK,718172109,471,5781,SH,,SOLE,,5781,0,0
91,PHILLIPS 66,COMMON STOCK,718546104,4054,35966,SH,,SOLE,,35966,0,0
92,PRAXAIR INC,COMMON STOCK,74005P104,38826,241559,SH,,DFND,,241559,0,0
93,REPUBLIC SVCS INC,COMMON STOCK,760759100,46516,640188,SH,,DFND,,640188,0,0
94,RESTAURANT BRANDS INTL INC,COMMON STOCK,76131D103,55725,940032,SH,,DFND,,940032,0,0
95,SERVICE CORPORATION INTERNATIONL,COMMON STOCK,817565104,349,7886,SH,,SOLE,,7886,0,0
96,SERVICEMASTER GLOBAL HLDGS I,COMMON STOCK,81761R109,38800,625503,SH,,DFND,,625503,0,0
97,SHERWIN WILLIAMS CO,COMMON STOCK,824348106,220593,484596,SH,,DFND,,484596,0,0
98,SLM CORP,COMMON STOCK,78442P106,4948,443753,SH,,DFND,,443753,0,0
99,SONOCO PRODS CO,COMMON STOCK,835495102,1113,20056,SH,,DFND,,20056,0,0
100,SPDR S&P 500 ETF,ETF,78462F103,2339,8047,SH,,SOLE,,8047,0,0
101,SPIRIT AEROSYSTEMS HLDGS INC,COMMON STOCK,848574109,2683,29273,SH,,DFND,,29273,0,0
102,SUMMIT MATLS INC,COMMON STOCK,86614U100,3147,173113,SH,,DFND,,173113,0,0
103,THERMO FISHER SCIENTIFIC INC,COMMON STOCK,883556102,36191,148277,SH,,DFND,,148277,0,0
104,THOR INDS INC,COMMON STOCK,885160101,59185,707106,SH,,DFND,,707106,0,0
105,TIFFANY & CO NEW,COMMON STOCK,886547108,1766,13694,SH,,DFND,,13694,0,0
106,TJX COS INC NEW,COMMON STOCK,872540109,2191,19559,SH,,SOLE,,19559,0,0
107,TORO CO,COMMON STOCK,891092108,2663,44399,SH,,SOLE,,44399,0,0
108,TRACTOR SUPPLY CO,COMMON STOCK,892356106,2715,29870,SH,,SOLE,,29870,0,0
109,ULTA SALON COSMETICS & FRAGRANCE,COMMON STOCK,90384S303,2131,7555,SH,,SOLE,,7555,0,0
110,UNDER ARMOUR INC,COMMON STOCK,904311107,2489,117278,SH,,SOLE,,117278,0,0
111,UNION PAC CORP,COMMON STOCK,907818108,65432,401843,SH,,DFND,,401843,0,0
112,UNITED PARCEL SERVICE INC,COMMON STOCK,911312106,5274,45174,SH,,SOLE,,45174,0,0
113,US BANCORP DEL,COMMON STOCK,902973304,28325,536365,SH,,DFND,,536365,0,0
114,VISA INC,COMMON STOCK,92826C839,30899,205871,SH,,DFND,,205871,0,0
115,WAL-MART STORES INC,COMMON STOCK,931142103,348,3710,SH,,SOLE,,3710,0,0
116,WASTE MGMT INC DEL,COMMON STOCK,94106L109,335,3711,SH,,SOLE,,3711,0,0
117,WATERS CORP,COMMON STOCK,941848103,546,2807,SH,,SOLE,,2807,0,0
118,WAYFAIR INC,COMMON STOCK,94419L101,3492,23645,SH,,SOLE,,23645,0,0
119,WELLS FARGO CO 7.50 PERCENT SERIES L (CONV PREFERRED),PREFERRED STOCK,949746804,5064,3923,SH,,SOLE,,3923,0,0
120,WELLS FARGO & CO NEW,COMMON STOCK,949746101,3206,61002,SH,,SOLE,,61002,0,0
121,WHIRLPOOL CORP,COMMON STOCK,963320106,2874,24203,SH,,SOLE,,24203,0,0
122,WOODWARD INC,COMMON STOCK,980745103,2522,31185,SH,,DFND,,31185,0,0
123,WR BERKLEY,COMMON STOCK,084423102,606,7581,SH,,SOLE,,7581,0,0
124,XYLEM INC,COMMON STOCK,98419M100,73329,918106,SH,,DFND,,918106,0,0
125,YUM BRANDS INC,COMMON STOCK,988498101,714,7853,SH,,SOLE,,7853,0,0
126,ZOETIS INC,COMMON STOCK,98978V103,289,3151,SH,,SOLE,,3151,0,0
