,NAME OF ISSUER,TITLE OF CLASS,CUSIP,(x$1000),PRN AMT,PRN,CALL,DISCRETION,MANAGER,SOLE,SHARED,NONE
0,3M CO,COMMON STOCK,88579Y101,4574,25924,SH,,SOLE,,25924,0,0
1,ABBOTT LABS,COMMON STOCK,002824100,626,7204,SH,,SOLE,,7204,0,0
2,ACCENTURE PLC,COMMON STOCK,G1151C101,568,2697,SH,,DFND,,2697,0,0
3,AERIE PHARMACEUTICALS INC,COMMON STOCK,00771V108,1616,66877,SH,,SOLE,,66877,0,0
4,AIR PRODS & CHEMS INC,COMMON STOCK,009158106,1083,4610,SH,,SOLE,,4610,0,0
5,ALPHABET INC,COMMON STOCK,02079K107,1737,1299,SH,,SOLE,,1299,0,0
6,ALPHABET INC,COMMON STOCK,02079K107,1716,1281,SH,,SOLE,,1281,0,0
7,AMAZON.COM INC,COMMON STOCK,023135106,761,412,SH,,SOLE,,412,0,0
8,AMERCO,COMMON STOCK,023586100,1380,3672,SH,,SOLE,,3672,0,0
9,AMERIPRISE FINL INC,COMMON STOCK,03076C106,509,3056,SH,,SOLE,,3056,0,0
10,APPLE INC,COMMON STOCK,037833100,2502,8521,SH,,SOLE,,8521,0,0
11,APPLIED MATERIALS INC,COMMON STOCK,038222105,428,7004,SH,,SOLE,,7004,0,0
12,ARAMARK,COMMON STOCK,03852U106,2794,64384,SH,,SOLE,,64384,0,0
13,AUTOMATIC DATA PROCESSING INC,COMMON STOCK,053015103,8671,50858,SH,,SOLE,,50858,0,0
14,AXCELLA HEALTH INC,COMMON STOCK,05454B105,263,65500,SH,,SOLE,,65500,0,0
15,BALL CORP,COMMON STOCK,058498106,201658,3118255,SH,,DFND,,3118255,0,0
16,BANK AMER CORP,COMMON STOCK,060505104,103708,2944585,SH,,DFND,,2944585,0,0
17,BECTON DICKINSON & CO,COMMON STOCK,075887109,27418,100814,SH,,SOLE,,100814,0,0
18,BERKLEY W R CORP,COMMON STOCK,084423102,1570,22723,SH,,DFND,,22723,0,0
19,BERKSHIRE HATHAWAY INC,COMMON STOCK,084670108,6113,18,SH,,SOLE,,18,0,0
20,BERKSHIRE HATHAWAY INC,COMMON STOCK,084670108,4169,18407,SH,,SOLE,,18407,0,0
21,BEST BUY INC,COMMON STOCK,086516101,4829,55000,SH,Put,SOLE,,55000,0,0
22,BJS WHSL CLUB HLDGS INC,COMMON STOCK,05550J101,2773,121925,SH,,DFND,,121925,0,0
23,BLACKSTONE GROUP INC,COMMON STOCK,09260D107,113219,2023934,SH,,DFND,,2023934,0,0
24,BOEING CO,COMMON STOCK,097023105,1370,4205,SH,,SOLE,,4205,0,0
25,BROWN & BROWN INC,COMMON STOCK,115236101,200,5070,SH,,SOLE,,5070,0,0
26,BROWN FORMAN CORP,COMMON STOCK,115637209,208,3073,SH,,SOLE,,3073,0,0
27,CANADA GOOSE HOLDINGS INC,COMMON STOCK,135086106,3500,96574,SH,,DFND,,96574,0,0
28,CANTEL MEDICAL CORP,COMMON STOCK,138098108,1152,16246,SH,,DFND,,16246,0,0
29,CARMAX INC,COMMON STOCK,143130102,9676,110364,SH,,DFND,,110364,0,0
30,CINTAS CORP,COMMON STOCK,172908105,96481,358557,SH,,DFND,,358557,0,0
31,CISCO SYSTEMS INC,COMMON STOCK,17275R102,6282,130976,SH,,SOLE,,130976,0,0
32,CME GROUP INC,COMMON STOCK,12572Q105,292,1456,SH,,SOLE,,1456,0,0
33,COCA COLA CO,COMMON STOCK,191216100,18404,332502,SH,,SOLE,,332502,0,0
34,COSTCO WHSL CORP NEW,COMMON STOCK,22160K105,125230,426068,SH,,DFND,,426068,0,0
35,CSX CORP,COMMON STOCK,126408103,140771,1945423,SH,,DFND,,1945423,0,0
36,DANAHER CORP DEL,COMMON STOCK,235851102,295,1919,SH,,SOLE,,1919,0,0
37,DARDEN RESTAURANTS INC,COMMON STOCK,237194105,711,6524,SH,,DFND,,6524,0,0
38,DEERE & CO,COMMON STOCK,244199105,40922,236191,SH,,DFND,,236191,0,0
39,DELTA AIR LINES INC DEL,COMMON STOCK,247361702,15316,261909,SH,,DFND,,261909,0,0
40,DISNEY WALT CO,COMMON STOCK,254687106,88383,611100,SH,,DFND,,611100,0,0
41,DOLLAR GENERAL CORP,COMMON STOCK,256677105,240,1537,SH,,SOLE,,1537,0,0
42,DOLLAR TREE INC,COMMON STOCK,256746108,1841,19577,SH,,DFND,,19577,0,0
43,DOMINION ENERGY INC,COMMON STOCK,25746U109,560,6756,SH,,SOLE,,6756,0,0
44,DOMINOS PIZZA INC,COMMON STOCK,25754A201,78057,265699,SH,,DFND,,265699,0,0
45,ECOLAB INC,COMMON STOCK,278865100,8993,46599,SH,,DFND,,46599,0,0
46,ENERGY TRANSFER LP,MLP,29273V100,1680,130960,SH,,SOLE,,130960,0,0
47,ENTERPRISE PRODUCTS PARTNERS LP,MLP,293792107,1857,65937,SH,,SOLE,,65937,0,0
48,EXXON MOBIL CORP,COMMON STOCK,30231G102,622,8913,SH,,SOLE,,8913,0,0
49,FACEBOOK INC,COMMON STOCK,30303M102,738,3596,SH,,SOLE,,3596,0,0
50,FASTENAL CO,COMMON STOCK,311900104,958,25936,SH,,SOLE,,25936,0,0
51,FIFTH THIRD BANCORP,COMMON STOCK,316773100,353,11484,SH,,SOLE,,11484,0,0
52,FIRST LONG IS CORP,COMMON STOCK,320734106,3355,133773,SH,,DFND,,133773,0,0
53,FRONTDOOR INC,COMMON STOCK,35905A109,51430,1084573,SH,,DFND,,1084573,0,0
54,HASBRO INC,COMMON STOCK,418056107,9660,91473,SH,,DFND,,91473,0,0
55,HEICO CORP NEW,COMMON STOCK,422806109,61903,542299,SH,,DFND,,542299,0,0
56,HERSHEY CO,COMMON STOCK,427866108,2535,17248,SH,,SOLE,,17248,0,0
57,HOME DEPOT INC,COMMON STOCK,437076102,174326,798269,SH,,DFND,,798269,0,0
58,HONEYWELL INTL INC,COMMON STOCK,438516106,2045,11552,SH,,SOLE,,11552,0,0
59,IDEXX LABS INC,COMMON STOCK,45168D104,45627,174730,SH,,DFND,,174730,0,0
60,IHEARTMEDIA INC,COMMON STOCK,45174J509,5368,317639,SH,,DFND,,317639,0,0
61,INGEVITY CORP,COMMON STOCK,45688C107,37885,433571,SH,,DFND,,433571,0,0
62,INTUIT,COMMON STOCK,461202103,65805,251230,SH,,DFND,,251230,0,0
63,IQVIA HOLDINGS INC,COMMON STOCK,46266C105,5720,37023,SH,,SOLE,,37023,0,0
64,ISHARES RUSSELL 1000 ETF,ETP,464287622,3791,21250,SH,,SOLE,,21250,0,0
65,JOHNSON & JOHNSON,COMMON STOCK,478160104,1321,9053,SH,,SOLE,,9053,0,0
66,JPMORGAN CHASE & CO,COMMON STOCK,46625H100,107285,769619,SH,,DFND,,769619,0,0
67,KANSAS CITY SOUTHERN,COMMON STOCK,485170302,9875,64475,SH,,DFND,,64475,0,0
68,LAUDER ESTEE COS INC,COMMON STOCK,518439104,2622,12693,SH,,DFND,,12693,0,0
69,LINDE PLC,COMMON STOCK,G5494J103,8500,39926,SH,,DFND,,39926,0,0
70,LOCKHEED MARTIN CORP,COMMON STOCK,539830109,13564,34835,SH,,SOLE,,34835,0,0
71,MAGELLAN MIDSTREAM PARTNERS LP,MLP,559080106,725,11525,SH,,SOLE,,11525,0,0
72,MARATHON PETROLEUM CORP,COMMON STOCK,56585A102,5161,85660,SH,,SOLE,,85660,0,0
73,MASTERCARD INC,COMMON STOCK,57636Q104,162977,545821,SH,,DFND,,545821,0,0
74,MCDONALDS CORP,COMMON STOCK,580135101,6316,31963,SH,,SOLE,,31963,0,0
75,MEDTRONIC PLC,COMMON STOCK,G5960L103,5126,45179,SH,,SOLE,,45179,0,0
76,MERCK & CO INC,COMMON STOCK,58933Y105,755,8298,SH,,SOLE,,8298,0,0
77,METTLER TOLEDO INTERNATIONAL,COMMON STOCK,592688105,83579,105359,SH,,DFND,,105359,0,0
78,MGP INGREDIENTS INC NEW,COMMON STOCK,55303J106,567,11700,SH,,SOLE,,11700,0,0
79,MICROCHIP TECHNOLOGY INC,COMMON STOCK,595017104,285,2726,SH,,SOLE,,2726,0,0
80,MICROSOFT CORP,COMMON STOCK,594918104,205728,1304553,SH,,DFND,,1304553,0,0
81,MOHAWK INDUSTRIES INC,COMMON STOCK,608190104,600,4402,SH,,SOLE,,4402,0,0
82,MOODYS CORP,COMMON STOCK,615369105,78474,330542,SH,,DFND,,330542,0,0
83,MOTOROLA SOLUTIONS INC,COMMON STOCK,620076307,302,1874,SH,,SOLE,,1874,0,0
84,MPLX LP,MLP,55336V100,909,35718,SH,,SOLE,,35718,0,0
85,NEW MOUNTAIN FINANCE CORP,COMMON STOCK,647551100,3190,232200,SH,,SOLE,,232200,0,0
86,NIKE INC,COMMON STOCK,654106103,363,3579,SH,,SOLE,,3579,0,0
87,NORDSTROM INC,COMMON STOCK,655664100,7119,173936,SH,,DFND,,173936,0,0
88,NVIDIA CORP,COMMON STOCK,67066G104,454,1930,SH,,SOLE,,1930,0,0
89,ONEOK INC,COMMON STOCK,682680103,348,4603,SH,,SOLE,,4603,0,0
90,O'REILLY AUTOMOTIVE INC,COMMON STOCK,67103H107,1603,3658,SH,,SOLE,,3658,0,0
91,PAYCHEX INC,COMMON STOCK,704326107,5646,66376,SH,,SOLE,,66376,0,0
92,PAYPAL HOLDINGS INC,COMMON STOCK,70450Y103,7046,65136,SH,,SOLE,,65136,0,0
93,PEPSICO INC,COMMON STOCK,713448108,11466,83895,SH,,SOLE,,83895,0,0
94,PFIZER INC,COMMON STOCK,717081103,417,10651,SH,,SOLE,,10651,0,0
95,POOL CORPORATION,COMMON STOCK,73278L105,33347,157016,SH,,DFND,,157016,0,0
96,PPG INDUSTRIES INC,COMMON STOCK,693506107,343,2568,SH,,SOLE,,2568,0,0
97,PROCTER & GAMBLE CO,COMMON STOCK,742718109,556,4449,SH,,SOLE,,4449,0,0
98,REPUBLIC SVCS INC,COMMON STOCK,760759100,95618,1066810,SH,,DFND,,1066810,0,0
99,RPM INTL INC,COMMON STOCK,749685103,11149,145240,SH,,DFND,,145240,0,0
100,SHERWIN WILLIAMS CO,COMMON STOCK,824348106,248211,425354,SH,,DFND,,425354,0,0
101,SKYLINE CHAMPION CORPORATION,COMMON STOCK,830830105,476,15002,SH,,DFND,,15002,0,0
102,SKYWORKS SOLUTIONS INC,COMMON STOCK,83088M102,21976,181804,SH,,DFND,,181804,0,0
103,SONOCO PRODS CO,COMMON STOCK,835495102,1237,20044,SH,,DFND,,20044,0,0
104,TEXAS INSTRUMENTS INC,COMMON STOCK,882508104,891,6943,SH,,SOLE,,6943,0,0
105,THERMO FISHER SCIENTIFIC INC,COMMON STOCK,883556102,78607,241964,SH,,DFND,,241964,0,0
106,TJX COS INC NEW,COMMON STOCK,872540109,2307,37788,SH,,SOLE,,37788,0,0
107,TORO CO,COMMON STOCK,891092108,46720,586418,SH,,DFND,,586418,0,0
108,TRACTOR SUPPLY CO,COMMON STOCK,892356106,5833,62429,SH,,DFND,,62429,0,0
109,ULTA BEAUTY INC,COMMON STOCK,90384S303,34482,136217,SH,,DFND,,136217,0,0
110,UNION PACIFIC CORP,COMMON STOCK,907818108,122923,679922,SH,,DFND,,679922,0,0
111,UNITED PARCEL SERVICE INC,COMMON STOCK,911312106,3127,26710,SH,,SOLE,,26710,0,0
112,UNITEDHEALTH GROUP INC,COMMON STOCK,91324P102,585,1990,SH,,SOLE,,1990,0,0
113,US BANCORP DEL,COMMON STOCK,902973304,1361,22955,SH,,SOLE,,22955,0,0
114,VISA INC,COMMON STOCK,92826C839,20800,110698,SH,,DFND,,110698,0,0
115,WAL-MART STORES INC,COMMON STOCK,931142103,533,4481,SH,,SOLE,,4481,0,0
116,WASTE MGMT INC DEL,COMMON STOCK,94106L109,503,4414,SH,,SOLE,,4414,0,0
117,WATERS CORP,COMMON STOCK,941848103,617,2640,SH,,SOLE,,2640,0,0
118,WELLS FARGO CO 7.50 PERCENT SERIES L (CONV PREFERRED),PREFERRED STOCK,949746804,5597,3860,SH,,SOLE,,3860,0,0
119,WESTERN MIDSTREAM PARTNERS LP,MLP,958669103,296,15022,SH,,SOLE,,15022,0,0
120,WOODWARD INC,COMMON STOCK,980745103,4579,38661,SH,,DFND,,38661,0,0
121,XYLEM INC,COMMON STOCK,98419M100,6674,84711,SH,,SOLE,,84711,0,0
122,YUM BRANDS INC,COMMON STOCK,988498101,885,8784,SH,,SOLE,,8784,0,0
123,ZOETIS INC,COMMON STOCK,98978V103,32704,247105,SH,,DFND,,247105,0,0
