,NAME OF ISSUER,TITLE OF CLASS,CUSIP,(x$1000),PRN AMT,PRN,CALL,DISCRETION,MANAGER,SOLE,SHARED,NONE
0,3-D SYS CORP DEL,COMMON STOCK,88554D205,5097,340680,SH,,SOLE,,340680,0,0
1,3M CO,COMMON STOCK,88579Y101,7800,40767,SH,,SOLE,,40767,0,0
2,ABBOTT LABS,COMMON STOCK,002824100,213,4795,SH,,SOLE,,4795,0,0
3,ALLERGAN PLC,PREFFERED STOCK,G0177J116,4541,5350,SH,,DFND,,5350,0,0
4,ALLERGAN PLC,COMMON STOCK,G0177J108,41093,171993,SH,,DFND,1.0,170458,0,1535
5,ALPHABET INC,COMMON STOCK,02079K107,1106,1333,SH,,SOLE,,1333,0,0
6,ALPHABET INC,COMMON STOCK,02079K305,1091,1287,SH,,SOLE,,1287,0,0
7,ALTRIA GROUP INC,COMMON STOCK,02209S103,743,10400,SH,,SOLE,,10400,0,0
8,AMAZON COM INC,COMMON STOCK,023135106,890,1004,SH,,SOLE,,1004,0,0
9,AMERIPRISE FINL INC,COMMON STOCK,03076C106,415,3204,SH,,SOLE,,3204,0,0
10,ANHEUSER BUSCH INBEV SA/NV,ADRS STOCKS,03524A108,275,2506,SH,,SOLE,,2506,0,0
11,APPLE INC,COMMON STOCK,037833100,764,5315,SH,,SOLE,,5315,0,0
12,AT&T INC,COMMON STOCK,00206R102,1051,25305,SH,,SOLE,,25305,0,0
13,AUTOMATIC DATA PROCESSING IN,COMMON STOCK,053015103,515,5026,SH,,SOLE,,5026,0,0
14,AUTONATION INC,COMMON STOCK,05329W102,1772,41908,SH,,DFND,,41908,0,0
15,AUTOZONE INC,COMMON STOCK,053332102,68555,94813,SH,,DFND,1.0,94003,0,810
16,BADGER METER INC,COMMON STOCK,056525108,467,12697,SH,,SOLE,,12697,0,0
17,BALL CORP,COMMON STOCK,058498106,87712,1181145,SH,,DFND,1.0,1172510,0,8635
18,BARCLAYS BK PLC,COMMON STOCK,06742C723,622,26050,SH,,SOLE,,26050,0,0
19,BECTON DICKINSON & CO,COMMON STOCK,075887109,24562,133899,SH,,DFND,,133899,0,0
20,BERKLEY W R CORP,COMMON STOCK,084423102,34463,487942,SH,,DFND,1.0,483236,0,4706
21,BERKSHIRE HATHAWAY INC DEL,COMMON STOCK,084670702,99804,598777,SH,,DFND,1.0,593844,0,4933
22,BERKSHIRE HATHAWAY INC DEL,COMMON STOCK,084670108,4997,20,SH,,SOLE,,20,0,0
23,BRISTOL MYERS SQUIBB CO,COMMON STOCK,110122108,286,5257,SH,,SOLE,,5257,0,0
24,BROWN & BROWN INC,COMMON STOCK,115236101,261,6252,SH,,SOLE,,6252,0,0
25,BROWN FORMAN CORP,COMMON STOCK,115637209,6457,139815,SH,,DFND,1.0,137826,0,1989
26,BUCKLE INC,COMMON STOCK,118440106,3527,189637,SH,,DFND,,189637,0,0
27,CASEYS GEN STORES INC,COMMON STOCK,147528103,107485,957550,SH,,DFND,1.0,950466,0,7084
28,CBRE GROUP INC,COMMON STOCK,12504L109,31775,913338,SH,,DFND,1.0,904706,0,8632
29,CELGENE CORP,COMMON STOCK,151020104,1921,15442,SH,,SOLE,,15442,0,0
30,CHEVRON CORP NEW,COMMON STOCK,166764100,282,2622,SH,,SOLE,,2622,0,0
31,CITIGROUP INC,COMMON STOCK,172967424,77587,1297016,SH,,DFND,1.0,1285260,0,11756
32,COCA COLA CO,COMMON STOCK,191216100,11593,273155,SH,,SOLE,,273155,0,0
33,COLGATE PALMOLIVE CO,COMMON STOCK,194162103,493,6735,SH,,SOLE,,6735,0,0
34,COMCAST CORP NEW,COMMON STOCK,20030N101,7668,203978,SH,,DFND,,203978,0,0
35,COMERICA INC,COMMON STOCK,200340107,13153,191785,SH,,DFND,1.0,190411,0,1374
36,COMPASS MINERALS INTL INC,COMMON STOCK,20451N101,3295,48558,SH,,DFND,,48558,0,0
37,COSTCO WHSL CORP NEW,COMMON STOCK,22160K105,47874,285492,SH,,DFND,1.0,283816,0,1676
38,CRAFT BREW ALLIANCE INC,COMMON STOCK,224122101,134,10000,SH,,SOLE,,10000,0,0
39,CREDIT SUISSE GROUP,ADRS STOCKS,225401108,297,20000,SH,Call,SOLE,,20000,0,0
40,CRITEO S A,ADRS STOCKS,226718104,10783,215696,SH,,SOLE,,215696,0,0
41,CVS HEALTH CORP,COMMON STOCK,126650100,266,3391,SH,,SOLE,,3391,0,0
42,DANAHER CORP DEL,COMMON STOCK,235851102,262,3067,SH,,SOLE,,3067,0,0
43,DECKERS OUTDOOR CORP,COMMON STOCK,243537107,27645,462829,SH,,DFND,1.0,458849,0,3980
44,DENTSPLY SIRONA INC,COMMON STOCK,24906P109,67720,1084565,SH,,DFND,1.0,1076563,0,8002
45,DISNEY WALT CO,COMMON STOCK,254687106,57094,503523,SH,,DFND,1.0,499366,0,4157
46,DOMINOS PIZZA INC,COMMON STOCK,25754A201,34624,187869,SH,,DFND,1.0,185755,0,2114
47,DOW CHEM CO,COMMON STOCK,260543103,206,3246,SH,,SOLE,,3246,0,0
48,EXXON MOBIL CORP,COMMON STOCK,30231G102,4934,60161,SH,,SOLE,,60161,0,0
49,FACEBOOK INC,COMMON STOCK,30303M102,67364,474226,SH,,DFND,1.0,470352,0,3874
50,FASTENAL CO,COMMON STOCK,311900104,1817,35288,SH,,SOLE,,35288,0,0
51,FEDEX CORP,COMMON STOCK,31428X106,86584,443679,SH,,DFND,1.0,440039,0,3640
52,FIRST LONG IS CORP,COMMON STOCK,320734106,5019,185528,SH,,DFND,,185528,0,0
53,FIRST REP BK SAN FRANCISCO C,COMMON STOCK,33616C100,5328,56799,SH,,DFND,,56799,0,0
54,FORTIVE CORP,COMMON STOCK,34959J108,5093,84571,SH,,DFND,1.0,83750,0,821
55,FORTUNE BRANDS HOME & SEC IN,COMMON STOCK,34964C106,62261,1023195,SH,,DFND,1.0,1015128,0,8067
56,FRANKLIN RES INC,COMMON STOCK,354613101,2643,62730,SH,,SOLE,,62730,0,0
57,GCP APPLIED TECHNOLOGIES INC,COMMON STOCK,36164Y101,4137,126703,SH,,SOLE,,126703,0,0
58,GENERAL ELECTRIC CO,COMMON STOCK,369604103,399,13400,SH,Call,SOLE,,13400,0,0
59,GENERAL MLS INC,COMMON STOCK,370334104,1831,31022,SH,,SOLE,,31022,0,0
60,HERSHEY CO,COMMON STOCK,427866108,2246,20555,SH,,SOLE,,20555,0,0
61,HOME DEPOT INC,COMMON STOCK,437076102,128960,878297,SH,,DFND,1.0,871016,0,7281
62,HUNT J B TRANS SVCS INC,COMMON STOCK,445658107,19660,214296,SH,,DFND,1.0,212080,0,2216
63,IDEXX LABS INC,COMMON STOCK,45168D104,18096,117041,SH,,DFND,1.0,115903,0,1138
64,INGEVITY CORP,COMMON STOCK,45688C107,51401,844717,SH,,DFND,1.0,837984,0,6733
65,INTEL CORP,COMMON STOCK,458140100,579,16050,SH,,SOLE,,16050,0,0
66,INTERNATIONAL BUSINESS MACHS,COMMON STOCK,459200101,2151,12352,SH,,SOLE,,12352,0,0
67,INTUITIVE SURGICAL INC,COMMON STOCK,46120E602,383,500,SH,,SOLE,,500,0,0
68,JOHNSON & JOHNSON,COMMON STOCK,478160104,1822,14625,SH,,SOLE,,14625,0,0
69,JPMORGAN CHASE & CO,COMMON STOCK,46625H100,662,7536,SH,,SOLE,,7536,0,0
70,KRAFT HEINZ CO,COMMON STOCK,500754106,1509,16619,SH,,SOLE,,16619,0,0
71,KROGER CO,COMMON STOCK,501044101,206,7000,SH,,SOLE,,7000,0,0
72,LAUDER ESTEE COS INC,COMMON STOCK,518439104,314,3705,SH,,SOLE,,3705,0,0
73,LIBERTY GLOBAL PLC,LILAC SHS CL A,G5480U138,5707,256594,SH,,DFND,,256594,0,0
74,LIBERTY MEDIA CORP DELAWARE,COMMON STOCK,531229706,12259,512088,SH,,DFND,,512088,0,0
75,LOCKHEED MARTIN CORP,COMMON STOCK,539830109,72753,271871,SH,,DFND,1.0,269800,0,2071
76,LULULEMON ATHLETICA INC,COMMON STOCK,550021109,311,6000,SH,Call,SOLE,,6000,0,0
77,MARATHON PETE CORP,COMMON STOCK,56585A102,35290,698259,SH,,DFND,1.0,690938,0,7321
78,MARKEL CORP,COMMON STOCK,570535104,241,247,SH,,SOLE,,247,0,0
79,MARTIN MARIETTA MATLS INC,COMMON STOCK,573284106,84293,386222,SH,,DFND,1.0,383479,0,2743
80,MASTERCARD INCORPORATED,COMMON STOCK,57636Q104,41839,372005,SH,,DFND,1.0,366654,0,5351
81,MCDONALDS CORP,COMMON STOCK,580135101,2763,21320,SH,,SOLE,,21320,0,0
82,MEDTRONIC PLC,COMMON STOCK,G5960L103,2038,25304,SH,,SOLE,,25304,0,0
83,MERCK & CO INC,COMMON STOCK,58933Y105,647,10187,SH,,SOLE,,10187,0,0
84,METTLER TOLEDO INTERNATIONAL,COMMON STOCK,592688105,23609,49297,SH,,DFND,1.0,48924,0,373
85,MICROSOFT CORP,COMMON STOCK,594918104,97118,1474619,SH,,DFND,1.0,1462491,0,12128
86,MOHAWK INDS INC,COMMON STOCK,608190104,1158,5046,SH,,SOLE,,5046,0,0
87,MOLSON COORS BREWING CO,COMMON STOCK,60871R209,9485,99102,SH,,DFND,1.0,98149,0,953
88,MONDELEZ INTL INC,COMMON STOCK,609207105,408,9466,SH,,SOLE,,9466,0,0
89,MOODYS CORP,COMMON STOCK,615369105,36879,329155,SH,,DFND,1.0,326674,0,2481
90,MUELLER WTR PRODS INC,COMMON STOCK,624758108,460,38894,SH,,SOLE,,38894,0,0
91,NIKE INC,COMMON STOCK,654106103,207,3714,SH,,SOLE,,3714,0,0
92,O REILLY AUTOMOTIVE INC NEW,COMMON STOCK,67103H107,1414,5239,SH,,SOLE,,5239,0,0
93,OLD DOMINION FGHT LINES INC,COMMON STOCK,679580100,33095,386758,SH,,DFND,1.0,383245,0,3513
94,OMNICOM GROUP INC,COMMON STOCK,681919106,720,8346,SH,,SOLE,,8346,0,0
95,PAYCHEX INC,COMMON STOCK,704326107,2279,38688,SH,,SOLE,,38688,0,0
96,PEPSICO INC,COMMON STOCK,713448108,8076,72194,SH,,SOLE,,72194,0,0
97,PFIZER INC,COMMON STOCK,717081103,232,6772,SH,,SOLE,,6772,0,0
98,PHILIP MORRIS INTL INC,COMMON STOCK,718172109,11638,103082,SH,,SOLE,,103082,0,0
99,PHILLIPS 66,COMMON STOCK,718546104,74908,945573,SH,,DFND,1.0,937825,0,7748
100,PINNACLE WEST CAP CORP,COMMON STOCK,723484101,226,2707,SH,,SOLE,,2707,0,0
101,PRAXAIR INC,COMMON STOCK,74005P104,69535,586300,SH,,DFND,1.0,581367,0,4933
102,PROCTER AND GAMBLE CO,COMMON STOCK,742718109,362,4033,SH,,SOLE,,4033,0,0
103,ROBERT HALF INTL INC,COMMON STOCK,770323103,2039,41767,SH,,DFND,,41767,0,0
104,RPM INTL INC,COMMON STOCK,749685103,6644,120734,SH,,DFND,,120734,0,0
105,SCHLUMBERGER LTD,COMMON STOCK,806857108,244,3126,SH,,SOLE,,3126,0,0
106,SHERWIN WILLIAMS CO,COMMON STOCK,824348106,151472,488319,SH,,DFND,1.0,484733,0,3586
107,SONOCO PRODS CO,COMMON STOCK,835495102,6727,127118,SH,,DFND,,127118,0,0
108,SOUTH ST CORP,COMMON STOCK,840441109,1963,21974,SH,,SOLE,,21974,0,0
109,SPDR S&P 500 ETF TR,TR UNIT,78462F103,1237,5247,SH,,SOLE,,5247,0,0
110,SUMMIT MATLS INC,COMMON STOCK,86614U100,2943,119106,SH,,SOLE,,119106,0,0
111,TARGET CORP,COMMON STOCK,87612E106,2058,37297,SH,,SOLE,,37297,0,0
112,TESLA INC,NOTE 2.375% 3/1,88160RAD3,1564,1500000,SH,,SOLE,,1500000,0,0
113,THERMO FISHER SCIENTIFIC INC,COMMON STOCK,883556102,17681,115108,SH,,DFND,1.0,113877,0,1231
114,TIMKEN CO,COMMON STOCK,887389104,51919,1148648,SH,,DFND,1.0,1139898,0,8750
115,TJX COS INC NEW,COMMON STOCK,872540109,2589,32736,SH,,SOLE,,32736,0,0
116,TORO CO,COMMON STOCK,891092108,10470,167623,SH,,DFND,,167623,0,0
117,UNDER ARMOUR INC,COMMON STOCK,904311107,3641,184080,SH,,DFND,,184080,0,0
118,UNION PAC CORP,COMMON STOCK,907818108,74042,699039,SH,,DFND,1.0,694167,0,4872
119,UNITED PARCEL SERVICE INC,COMMON STOCK,911312106,3754,34982,SH,Call,SOLE,,34982,0,0
120,UNITED TECHNOLOGIES CORP,COMMON STOCK,913017109,1560,13906,SH,,SOLE,,13906,0,0
121,VALEANT PHARMACEUTICALS INTL,COMMON STOCK,91911K102,1324,120000,SH,,SOLE,,120000,0,0
122,VERIZON COMMUNICATIONS INC,COMMON STOCK,92343V104,398,8173,SH,,SOLE,,8173,0,0
123,VISA INC,COMMON STOCK,92826C839,27542,309917,SH,,DFND,,309917,0,0
124,WALGREENS BOOTS ALLIANCE INC,COMMON STOCK,931427108,870,10470,SH,,SOLE,,10470,0,0
125,WAL-MART STORES INC,COMMON STOCK,931142103,322,4473,SH,,SOLE,,4473,0,0
126,WATERS CORP,COMMON STOCK,941848103,729,4666,SH,,SOLE,,4666,0,0
127,WAYFAIR INC,COMMON STOCK,94419L101,46961,1159824,SH,,DFND,1.0,1149318,0,10506
128,WELLS FARGO & CO NEW,PREFFERED STOCK,949746804,5544,4474,SH,,SOLE,,4474,0,0
129,WELLS FARGO & CO NEW,COMMON STOCK,949746101,3939,70760,SH,,SOLE,,70760,0,0
130,WHIRLPOOL CORP,COMMON STOCK,963320106,98236,573374,SH,,DFND,1.0,569136,0,4238
131,XYLEM INC,COMMON STOCK,98419M100,26868,535002,SH,,DFND,1.0,530190,0,4812
132,YUM BRANDS INC,COMMON STOCK,988498101,2818,44099,SH,,DFND,,44099,0,0
133,ZUMIEZ INC,COMMON STOCK,989817101,3642,199025,SH,,SOLE,,199025,0,0
