,NAME OF ISSUER,TITLE OF CLASS,CUSIP,(x$1000),PRN AMT,PRN,CALL,DISCRETION,MANAGER,SOLE,SHARED,NONE
0,3M CO,COMMON STOCK,88579Y101,2850,16442,SH,,SOLE,,16442,0,0
1,ABBOTT LABS,COMMON STOCK,002824100,702,8346,SH,,SOLE,,8346,0,0
2,ALPHABET INC,COMMON STOCK,02079K305,1454,1343,SH,,SOLE,,1343,0,0
3,ALPHABET INC,COMMON STOCK,02079K107,1471,1361,SH,,SOLE,,1361,0,0
4,ALPS ETF TR ALERIAN MLP,ETP,00162Q866,197,20000,SH,,SOLE,,20000,0,0
5,AMAZON.COM INC,COMMON STOCK,023135106,216,114,SH,,SOLE,,114,0,0
6,AMERICAN PUBLIC EDUCATION IN,COMMON STOCK,02913V103,353,11926,SH,,SOLE,,11926,0,0
7,AMERIPRISE FINL INC,COMMON STOCK,03076C106,443,3054,SH,,SOLE,,3054,0,0
8,APPLE INC,COMMON STOCK,037833100,1522,7690,SH,,SOLE,,7690,0,0
9,APPLIED MATLS INC,COMMON STOCK,038222105,314,6982,SH,,SOLE,,6982,0,0
10,AUTOMATIC DATA PROCESSING INC,COMMON STOCK,053015103,7655,46304,SH,,SOLE,,46304,0,0
11,BALL CORP,COMMON STOCK,058498106,210601,3009014,SH,,DFND,,3009014,0,0
12,BANK AMER CORP,COMMON STOCK,060505104,92841,3201413,SH,,DFND,,3201413,0,0
13,BECTON DICKINSON & CO,COMMON STOCK,075887109,28336,112440,SH,,SOLE,,112440,0,0
14,BERKLEY W R CORP,COMMON STOCK,084423102,632,9592,SH,,DFND,,9592,0,0
15,BERKSHIRE HATHAWAY INC-A,COMMON STOCK,084670108,5730,18,SH,,SOLE,,18,0,0
16,BERKSHIRE HATHAWAY INC-B,COMMON STOCK,084670702,4526,21233,SH,,SOLE,,21233,0,0
17,BJS WHSL CLUB HLDGS INC,COMMON STOCK,05550J101,4352,164851,SH,,DFND,,164851,0,0
18,BLACKSTONE GROUP L P,MLP,09253U108,67601,1521851,SH,,SOLE,,1521851,0,0
19,BOEING CO,COMMON STOCK,097023105,59947,164684,SH,,DFND,,164684,0,0
20,BRIGHT HORIZONS FAM SOL IN DEL,COMMON STOCK,109194100,756,5008,SH,,SOLE,,5008,0,0
21,BRISTOL MYERS SQUIBB CO,COMMON STOCK,110122108,279,6157,SH,,SOLE,,6157,0,0
22,BROWN FORMAN CORP,COMMON STOCK,115637209,244,4409,SH,,DFND,,4409,0,0
23,CADENCE BANCORPORATION,COMMON STOCK,12739A100,23616,1135394,SH,,DFND,,1135394,0,0
24,CANADIAN NATIONAL RAILWAY,COMMON STOCK,136375102,2667,28840,SH,,SOLE,,28840,0,0
25,CARMAX INC,COMMON STOCK,143130102,30254,348427,SH,,DFND,,348427,0,0
26,CARTERS INC,COMMON STOCK,146229109,2463,25247,SH,,DFND,,25247,0,0
27,CINTAS CORP,COMMON STOCK,172908105,86885,366157,SH,,DFND,,366157,0,0
28,CISCO SYS INC,COMMON STOCK,17275R102,7773,142019,SH,,SOLE,,142019,0,0
29,COCA COLA CO,COMMON STOCK,191216100,16383,321742,SH,,SOLE,,321742,0,0
30,COSTCO WHSL CORP NEW,COMMON STOCK,22160K105,114259,432373,SH,,DFND,,432373,0,0
31,CSX CORP,COMMON STOCK,126408103,132199,1708654,SH,,DFND,,1708654,0,0
32,DANAHER CORP DEL,COMMON STOCK,235851102,280,1960,SH,,SOLE,,1960,0,0
33,DEERE & CO,COMMON STOCK,244199105,27742,167410,SH,,DFND,,167410,0,0
34,DISNEY WALT CO,COMMON STOCK,254687106,85359,611282,SH,,DFND,,611282,0,0
35,DOLLAR TREE INC,COMMON STOCK,256746108,281,2617,SH,,SOLE,,2617,0,0
36,DOMINOS PIZZA INC,COMMON STOCK,25754A201,64390,231386,SH,,DFND,,231386,0,0
37,ECOLAB INC,COMMON STOCK,278865100,6718,34023,SH,,DFND,,34023,0,0
38,EXXON MOBIL CORP,COMMON STOCK,30231G102,1106,14435,SH,,SOLE,,14435,0,0
39,FACEBOOK INC,COMMON STOCK,30303M102,659,3416,SH,,SOLE,,3416,0,0
40,FASTENAL CO,COMMON STOCK,311900104,1307,40096,SH,,SOLE,,40096,0,0
41,FIRST LONG IS CORP,COMMON STOCK,320734106,2245,111791,SH,,DFND,,111791,0,0
42,FRONTDOOR INC,COMMON STOCK,35905A109,46324,1063705,SH,,DFND,,1063705,0,0
43,HASBRO INC,COMMON STOCK,418056107,13275,125614,SH,,DFND,,125614,0,0
44,HEICO CORP NEW,COMMON STOCK,422806109,74426,556203,SH,,DFND,,556203,0,0
45,HERSHEY CO,COMMON STOCK,427866108,2107,15723,SH,,SOLE,,15723,0,0
46,HOME DEPOT INC,COMMON STOCK,437076102,172165,827837,SH,,DFND,,827837,0,0
47,HONEYWELL INTL INC,COMMON STOCK,438516106,1822,10438,SH,,SOLE,,10438,0,0
48,IDEXX LABS INC,COMMON STOCK,45168D104,69187,251286,SH,,DFND,,251286,0,0
49,INGEVITY CORP,COMMON STOCK,45688C107,77591,737763,SH,,DFND,,737763,0,0
50,INTUIT,COMMON STOCK,461202103,53347,204135,SH,,DFND,,204135,0,0
51,INTUITIVE SURGICAL INC,COMMON STOCK,46120E602,968,1845,SH,,SOLE,,1845,0,0
52,IQVIA HLDGS INC,COMMON STOCK,46266C105,71317,443235,SH,,DFND,,443235,0,0
53,ISHARES RUSSELL 1000 ETF,ETP,464287622,3459,21250,SH,,SOLE,,21250,0,0
54,JOHNSON & JOHNSON,COMMON STOCK,478160104,1696,12177,SH,,SOLE,,12177,0,0
55,JPMORGAN CHASE & CO,COMMON STOCK,46625H100,89605,801472,SH,,DFND,,801472,0,0
56,KEMPER CORP DEL,COMMON STOCK,488401100,67671,784227,SH,,DFND,,784227,0,0
57,KEURIG DR PEPPER INC,COMMON STOCK,49271V100,611,21149,SH,,SOLE,,21149,0,0
58,LINDE PLC,COMMON STOCK,G5494J103,7776,38726,SH,,SOLE,,38726,0,0
59,LOCKHEED MARTIN CORP,COMMON STOCK,539830109,12501,34387,SH,,SOLE,,34387,0,0
60,MARATHON PETROLEUM CORP,COMMON STOCK,56585A102,12323,220530,SH,,DFND,,220530,0,0
61,MASTERCARD INC,COMMON STOCK,57636Q104,143466,542344,SH,,DFND,,542344,0,0
62,MCDONALDS CORP,COMMON STOCK,580135101,6713,32329,SH,,SOLE,,32329,0,0
63,MEDTRONIC PLC,COMMON STOCK,G5960L103,4017,41248,SH,,SOLE,,41248,0,0
64,MERCK & CO INC NEW,COMMON STOCK,58933Y105,848,10118,SH,,SOLE,,10118,0,0
65,METTLER TOLEDO INTERNATIONAL,COMMON STOCK,592688105,38112,45371,SH,,DFND,,45371,0,0
66,MGP INGREDIENTS INC NEW,COMMON STOCK,55303J106,1296,19543,SH,,DFND,,19543,0,0
67,MICROSOFT CORP,COMMON STOCK,594918104,172660,1288895,SH,,DFND,,1288895,0,0
68,MOHAWK INDS INC,COMMON STOCK,608190104,730,4948,SH,,SOLE,,4948,0,0
69,MOODYS CORP,COMMON STOCK,615369105,63042,322780,SH,,DFND,,322780,0,0
70,MPLX LP COM UNIT REP LTD,MLP,55336V100,375,11665,SH,,SOLE,,11665,0,0
71,NEW MTN FIN CORP,COMMON STOCK,647551100,1537,110000,SH,,SOLE,,110000,0,0
72,NIKE INC,COMMON STOCK,654106103,323,3853,SH,,SOLE,,3853,0,0
73,NORTHROP GRUMMAN CORP,COMMON STOCK,666807102,270,835,SH,,SOLE,,835,0,0
74,O'REILLY AUTOMOTIVE INC,COMMON STOCK,67103H107,1329,3598,SH,,SOLE,,3598,0,0
75,PAPA JOHNS INTL INC,COMMON STOCK,698813102,3000,67088,SH,,DFND,,67088,0,0
76,PAYCHEX INC,COMMON STOCK,704326107,4633,56299,SH,,SOLE,,56299,0,0
77,PAYPAL HLDGS INC,COMMON STOCK,70450Y103,36522,319078,SH,,DFND,,319078,0,0
78,PEPSICO INC,COMMON STOCK,713448108,10406,79355,SH,,SOLE,,79355,0,0
79,PFIZER INC,COMMON STOCK,717081103,333,7684,SH,,SOLE,,7684,0,0
80,PHILIP MORRIS INTL INC,COMMON STOCK,718172109,274,3484,SH,,SOLE,,3484,0,0
81,PNC FINL SVCS GROUP INC,COMMON STOCK,693475105,3417,24894,SH,,SOLE,,24894,0,0
82,POOL CORPORATION,COMMON STOCK,73278L105,26672,139642,SH,,DFND,,139642,0,0
83,PROCTER & GAMBLE CO,COMMON STOCK,742718109,353,3217,SH,,SOLE,,3217,0,0
84,REPUBLIC SVCS INC,COMMON STOCK,760759100,90403,1043428,SH,,DFND,,1043428,0,0
85,ROBERT HALF INTL INC,COMMON STOCK,770323103,2700,47354,SH,,DFND,,47354,0,0
86,RPM INTL INC,COMMON STOCK,749685103,7613,124571,SH,,DFND,,124571,0,0
87,SHERWIN WILLIAMS CO,COMMON STOCK,824348106,201296,439232,SH,,DFND,,439232,0,0
88,SKYWORKS SOLUTIONS INC,COMMON STOCK,83088M102,10369,134194,SH,,DFND,,134194,0,0
89,SONOCO PRODS CO,COMMON STOCK,835495102,1310,20044,SH,,DFND,,20044,0,0
90,SPDR SERIES TRUST,ETP,78464A359,274,5179,SH,,SOLE,,5179,0,0
91,THERMO FISHER SCIENTIFIC INC,COMMON STOCK,883556102,73338,249721,SH,,DFND,,249721,0,0
92,THOR INDS INC,COMMON STOCK,885160101,404,6920,SH,,SOLE,,6920,0,0
93,TJX COS INC NEW,COMMON STOCK,872540109,1969,37243,SH,,SOLE,,37243,0,0
94,TORO CO,COMMON STOCK,891092108,22865,341783,SH,,DFND,,341783,0,0
95,TRACTOR SUPPLY CO,COMMON STOCK,892356106,13644,125407,SH,,DFND,,125407,0,0
96,ULTA SALON COSMETICS & FRAGRANCE,COMMON STOCK,90384S303,689,1987,SH,,SOLE,,1987,0,0
97,UNION PACIFIC CORP,COMMON STOCK,907818108,98139,580324,SH,,DFND,,580324,0,0
98,UNITED PARCEL SERVICE INC,COMMON STOCK,911312106,3288,31841,SH,,SOLE,,31841,0,0
99,UNITEDHEALTH GROUP INC,COMMON STOCK,91324P102,255,1043,SH,,SOLE,,1043,0,0
100,US BANCORP DEL COM NEW,COMMON STOCK,902973304,1192,22753,SH,,SOLE,,22753,0,0
101,VISA INC,COMMON STOCK,92826C839,17892,103097,SH,,DFND,,103097,0,0
102,WAL-MART STORES INC,COMMON STOCK,931142103,387,3499,SH,,SOLE,,3499,0,0
103,WASTE MGMT INC DEL,COMMON STOCK,94106L109,10584,91742,SH,,DFND,,91742,0,0
104,WATERS CORP,COMMON STOCK,941848103,604,2807,SH,,SOLE,,2807,0,0
105,WELLS FARGO CO 7.50 PERCENT SERIES L (CONV PREFERRED),PREFERRED STOCK,949746804,5266,3860,SH,,SOLE,,3860,0,0
106,WOODWARD INC,COMMON STOCK,980745103,5712,50480,SH,,DFND,,50480,0,0
107,XYLEM INC,COMMON STOCK,98419M100,67436,806268,SH,,DFND,,806268,0,0
108,YUM BRANDS INC,COMMON STOCK,988498101,939,8487,SH,,SOLE,,8487,0,0
