,NAME OF ISSUER,TITLE OF CLASS,CUSIP,(x$1000),PRN AMT,PRN,CALL,DISCRETION,MANAGER,SOLE,SHARED,NONE
0,ABBOTT LABS,COMMON STOCK,002824100,1376,35741,SH,,SOLE,,35741,0,0
1,ABBVIE INC,COMMON STOCK,00287Y109,293,5700,SH,,SOLE,,5700,0,0
2,ADVANCE AUTO PARTS INC,COMMON STOCK,00751Y106,397,3136,SH,,SOLE,,3136,0,0
3,AFLAC INC,COMMON STOCK,001055102,216,3419,SH,,SOLE,,3419,0,0
4,AIR PRODS & CHEMS INC,COMMON STOCK,009158106,1339,11249,SH,,SOLE,,11249,0,0
5,AIRGAS INC,COMMON STOCK,009363102,66120,620786,SH,,DFND,1.0,620786,0,0
6,AIRGAS INC,COMMON STOCK,009363102,550,5166,SH,,OTR,1.0,5166,0,0
7,ALLERGAN INC,COMMON STOCK,018490102,1434,11558,SH,,SOLE,,11558,0,0
8,ALLISON TRANSMISSION HLDGS I,COMMON STOCK,01973R101,1572,52510,SH,,DFND,1.0,52510,0,0
9,ALLISON TRANSMISSION HLDGS I,COMMON STOCK,01973R101,49,1639,SH,,OTR,1.0,1639,0,0
10,AMERICAN INTL GROUP INC,COMMON STOCK,026874784,219,4374,SH,,SOLE,,4374,0,0
11,AMERIPRISE FINL INC,COMMON STOCK,03076C106,402,3648,SH,,SOLE,,3648,0,0
12,ANHEUSER BUSCH INBEV SA/NV,ADRS STOCKS,03524A108,77663,737541,SH,,DFND,1.0,737541,0,0
13,ANHEUSER BUSCH INBEV SA/NV,ADRS STOCKS,03524A108,1397,13267,SH,,OTR,1.0,13267,0,0
14,ANTERO RES CORP,COMMON STOCK,03674X106,6484,103584,SH,,SOLE,,103584,0,0
15,APACHE CORP,COMMON STOCK,037411105,207,2490,SH,,SOLE,,2490,0,0
16,APPLE INC,COMMON STOCK,037833100,302,562,SH,,SOLE,,562,0,0
17,ATHLON ENERGY INC,COMMON STOCK,047477104,9533,268907,SH,,SOLE,,268907,0,0
18,ATMEL CORP,COMMON STOCK,049513104,22189,2654149,SH,,SOLE,,2654149,0,0
19,AUTOMATIC DATA PROCESSING IN,COMMON STOCK,053015103,1030,13332,SH,,SOLE,,13332,0,0
20,AVAGO TECHNOLOGIES LTD,COMMON STOCK,Y0486S104,30912,479926,SH,,SOLE,,479926,0,0
21,AVALON RARE METALS INC,COMMON STOCK,053470100,202,313787,SH,,SOLE,,313787,0,0
22,BAKER HUGHES INC,COMMON STOCK,057224107,30029,461849,SH,,SOLE,,461849,0,0
23,BAXTER INTL INC,COMMON STOCK,071813109,238,3238,SH,,SOLE,,3238,0,0
24,BECTON DICKINSON & CO,COMMON STOCK,075887109,28269,241454,SH,,DFND,1.0,241454,0,0
25,BECTON DICKINSON & CO,COMMON STOCK,075887109,446,3810,SH,,OTR,1.0,3810,0,0
26,BERKSHIRE HATHAWAY INC DEL,COMMON STOCK,084670108,1499,8,SH,,SOLE,,8,0,0
27,BERKSHIRE HATHAWAY INC DEL,COMMON STOCK,084670702,1424,11391,SH,,SOLE,,11391,0,0
28,BLACKROCK INC,COMMON STOCK,09247X101,336,1067,SH,,SOLE,,1067,0,0
29,BLOUNT INTL INC NEW,COMMON STOCK,095180105,6503,546486,SH,,SOLE,,546486,0,0
30,BRISTOL MYERS SQUIBB CO,COMMON STOCK,110122108,303,5829,SH,,SOLE,,5829,0,0
31,BROWN FORMAN CORP,COMMON STOCK,115637209,109181,1217312,SH,,DFND,1.0,1217312,0,0
32,BROWN FORMAN CORP,COMMON STOCK,115637209,2014,22451,SH,,OTR,1.0,22451,0,0
33,BURLINGTON STORES INC,COMMON STOCK,122017106,4153,140681,SH,,SOLE,,140681,0,0
34,CABELAS INC,COMMON STOCK,126804301,5138,78436,SH,,DFND,1.0,78436,0,0
35,CABELAS INC,COMMON STOCK,126804301,161,2455,SH,,OTR,1.0,2455,0,0
36,CABOT OIL & GAS CORP,COMMON STOCK,127097103,23176,684070,SH,,SOLE,,684070,0,0
37,CADENCE DESIGN SYSTEM INC,COMMON STOCK,127387108,426,27386,SH,,SOLE,,27386,0,0
38,CANADIAN PAC RY LTD,COMMON STOCK,13645T100,37338,248207,SH,,DFND,1.0,248207,0,0
39,CANADIAN PAC RY LTD,COMMON STOCK,13645T100,851,5660,SH,,OTR,1.0,5660,0,0
40,CBS CORP NEW,COMMON STOCK,124857202,37186,601712,SH,,DFND,1.0,601712,0,0
41,CBS CORP NEW,COMMON STOCK,124857202,836,13529,SH,,OTR,1.0,13529,0,0
42,CHEVRON CORP NEW,COMMON STOCK,166764100,1281,10770,SH,,SOLE,,10770,0,0
43,CHINA LODGING GROUP LTD,ADRS STOCKS,16949N109,358,14575,SH,,SOLE,,14575,0,0
44,CHINA MOBILE LIMITED,ADRS STOCKS,16941M109,221,4854,SH,,SOLE,,4854,0,0
45,CISCO SYS INC,COMMON STOCK,17275R102,11205,500000,SH,Call,SOLE,,500000,0,0
46,COACH INC,COMMON STOCK,189754104,21215,427195,SH,,DFND,1.0,427195,0,0
47,COACH INC,COMMON STOCK,189754104,489,9841,SH,,OTR,1.0,9841,0,0
48,COCA COLA CO,COMMON STOCK,191216100,15609,403740,SH,,DFND,1.0,403740,0,0
49,COLGATE PALMOLIVE CO,COMMON STOCK,194162103,41574,640880,SH,,DFND,1.0,640880,0,0
50,COLGATE PALMOLIVE CO,COMMON STOCK,194162103,644,9935,SH,,OTR,1.0,9935,0,0
51,CONCHO RES INC,COMMON STOCK,20605P101,11533,94148,SH,,SOLE,,94148,0,0
52,COSTCO WHSL CORP NEW,COMMON STOCK,22160K105,100707,901743,SH,,DFND,1.0,901743,0,0
53,COSTCO WHSL CORP NEW,COMMON STOCK,22160K105,1993,17847,SH,,OTR,1.0,17847,0,0
54,CST BRANDS INC,COMMON STOCK,12646R105,38236,1223959,SH,,DFND,1.0,1223959,0,0
55,CST BRANDS INC,COMMON STOCK,12646R105,751,24037,SH,,OTR,1.0,24037,0,0
56,CVS CAREMARK CORPORATION,COMMON STOCK,126650100,250,3340,SH,,SOLE,,3340,0,0
57,DIAGEO P L C,ADRS STOCKS,25243Q205,85289,684557,SH,,DFND,1.0,684557,0,0
58,DIAGEO P L C,ADRS STOCKS,25243Q205,1540,12363,SH,,OTR,1.0,12363,0,0
59,DIAMONDBACK ENERGY INC,COMMON STOCK,25278X109,9443,140284,SH,,SOLE,,140284,0,0
60,DIANA SHIPPING INC,COMMON STOCK,Y2066G104,3119,260103,SH,,SOLE,,260103,0,0
61,DISNEY WALT CO,COMMON STOCK,254687106,58119,725847,SH,,DFND,1.0,725847,0,0
62,DISNEY WALT CO,COMMON STOCK,254687106,1153,14400,SH,,OTR,1.0,14400,0,0
63,DOLLAR GEN CORP NEW,COMMON STOCK,256677105,88373,1592883,SH,,DFND,1.0,1592883,0,0
64,DOLLAR GEN CORP NEW,COMMON STOCK,256677105,1135,20463,SH,,OTR,1.0,20463,0,0
65,DOLLAR TREE INC,COMMON STOCK,256746108,29249,560542,SH,,DFND,1.0,560542,0,0
66,DOMINOS PIZZA INC,COMMON STOCK,25754A201,54212,704330,SH,,DFND,1.0,704330,0,0
67,DOMINOS PIZZA INC,COMMON STOCK,25754A201,1183,15366,SH,,OTR,1.0,15366,0,0
68,DRYSHIPS INC,COMMON STOCK,Y2109Q101,7681,2377985,SH,,SOLE,,2377985,0,0
69,DSW INC,COMMON STOCK,23334L102,32187,897564,SH,,SOLE,,897564,0,0
70,ECOLAB INC,COMMON STOCK,278865100,70690,654596,SH,,DFND,1.0,654596,0,0
71,ECOLAB INC,COMMON STOCK,278865100,1364,12632,SH,,OTR,1.0,12632,0,0
72,EOG RES INC,COMMON STOCK,26875P101,41447,211281,SH,,SOLE,,211281,0,0
73,EQT CORP,COMMON STOCK,26884L109,10267,105874,SH,,SOLE,,105874,0,0
74,EXXON MOBIL CORP,COMMON STOCK,30231G102,5096,52171,SH,,SOLE,,52171,0,0
75,FASTENAL CO,COMMON STOCK,311900104,667,13520,SH,,SOLE,,13520,0,0
76,FEDEX CORP,COMMON STOCK,31428X106,65619,495016,SH,,DFND,1.0,495016,0,0
77,FEDEX CORP,COMMON STOCK,31428X106,1304,9839,SH,,OTR,1.0,9839,0,0
78,FIRST HORIZON NATL CORP,COMMON STOCK,320517105,12968,1050878,SH,,SOLE,,1050878,0,0
79,FLEETCOR TECHNOLOGIES INC,COMMON STOCK,339041105,34451,299311,SH,,SOLE,,299311,0,0
80,FLUOR CORP NEW,COMMON STOCK,343412102,23703,304937,SH,,SOLE,,304937,0,0
81,FRANKLIN RES INC,COMMON STOCK,354613101,840,15510,SH,,SOLE,,15510,0,0
82,FREEPORT-MCMORAN COPPER & GO,COMMON STOCK,35671D857,23395,707424,SH,,SOLE,,707424,0,0
83,GENERAL MLS INC,COMMON STOCK,370334104,1081,20864,SH,,SOLE,,20864,0,0
84,GLOBE SPECIALTY METALS INC,COMMON STOCK,37954N206,6347,304856,SH,,SOLE,,304856,0,0
85,GOOGLE INC,COMMON STOCK,38259P508,670,601,SH,,SOLE,,601,0,0
86,GRACE W R & CO DEL NEW,COMMON STOCK,38388F108,230104,2320300,SH,,DFND,1.0,2320300,0,0
87,GRACE W R & CO DEL NEW,COMMON STOCK,38388F108,2455,24756,SH,,OTR,1.0,24756,0,0
88,GULFPORT ENERGY CORP,COMMON STOCK,402635304,16406,230484,SH,,SOLE,,230484,0,0
89,HALLIBURTON CO,COMMON STOCK,406216101,28851,489905,SH,,DFND,1.0,489905,0,0
90,HELMERICH & PAYNE INC,COMMON STOCK,423452101,21128,196432,SH,,SOLE,,196432,0,0
91,HOME DEPOT INC,COMMON STOCK,437076102,64067,809643,SH,,DFND,1.0,809643,0,0
92,HOME DEPOT INC,COMMON STOCK,437076102,1202,15191,SH,,OTR,1.0,15191,0,0
93,IDEXX LABS INC,COMMON STOCK,45168D104,467,3849,SH,,SOLE,,3849,0,0
94,IMAX CORP,COMMON STOCK,45245E109,6668,243998,SH,,SOLE,,243998,0,0
95,INFOBLOX INC,COMMON STOCK,45672H104,4847,241621,SH,,SOLE,,241621,0,0
96,INTERNATIONAL BUSINESS MACHS,COMMON STOCK,459200101,3469,18023,SH,,SOLE,,18023,0,0
97,ISHARES SILVER TRUST,COMMON STOCK,46428Q109,16460,864517,SH,,SOLE,,864517,0,0
98,JOHNSON & JOHNSON,COMMON STOCK,478160104,1659,16885,SH,,SOLE,,16885,0,0
99,KKR & CO L P DEL,COMMON STOCK,48248M102,28423,1244432,SH,,SOLE,,1244432,0,0
100,LAREDO PETROLEUM INC,COMMON STOCK,516806106,7312,282771,SH,,SOLE,,282771,0,0
101,LAZARD LTD,COMMON STOCK,G54050102,14908,316588,SH,,DFND,1.0,316588,0,0
102,LAZARD LTD,COMMON STOCK,G54050102,463,9822,SH,,OTR,1.0,9822,0,0
103,LKQ CORP,COMMON STOCK,501889208,35504,1347391,SH,,SOLE,,1347391,0,0
104,MACYS INC,COMMON STOCK,55616P104,11030,186037,SH,,DFND,1.0,186037,0,0
105,MACYS INC,COMMON STOCK,55616P104,340,5732,SH,,OTR,1.0,5732,0,0
106,MADDEN STEVEN LTD,COMMON STOCK,556269108,8879,246779,SH,,DFND,1.0,246779,0,0
107,MARKEL CORP,COMMON STOCK,570535104,304,510,SH,,SOLE,,510,0,0
108,MARKET VECTORS ETF TR,COMMON STOCK,57060U100,5529,234260,SH,,SOLE,,234260,0,0
109,MARSH & MCLENNAN COS INC,COMMON STOCK,571748102,463,9401,SH,,SOLE,,9401,0,0
110,MASTERCARD INC,COMMON STOCK,57636Q104,84237,1127675,SH,,DFND,1.0,1127675,0,0
111,MASTERCARD INC,COMMON STOCK,57636Q104,1718,23003,SH,,OTR,1.0,23003,0,0
112,MCDONALDS CORP,COMMON STOCK,580135101,13081,133436,SH,,DFND,1.0,133436,0,0
113,MEAD JOHNSON NUTRITION CO,COMMON STOCK,582839106,588,7067,SH,,SOLE,,7067,0,0
114,MERCK & CO INC NEW,COMMON STOCK,58933Y105,499,8790,SH,,SOLE,,8790,0,0
115,MICROSOFT CORP,COMMON STOCK,594918104,263,6424,SH,,SOLE,,6424,0,0
116,MOHAWK INDS INC,COMMON STOCK,608190104,245,1804,SH,,SOLE,,1804,0,0
117,MONSANTO CO NEW,COMMON STOCK,61166W101,9523,83702,SH,,SOLE,,83702,0,0
118,MOODYS CORP,COMMON STOCK,615369105,54986,693219,SH,,DFND,1.0,693219,0,0
119,MOODYS CORP,COMMON STOCK,615369105,1074,13535,SH,,OTR,1.0,13535,0,0
120,MOSAIC CO NEW,COMMON STOCK,61945C103,19645,392907,SH,,SOLE,,392907,0,0
121,MOUNTAIN PROV DIAMONDS INC,COMMON STOCK,62426E402,4578,965105,SH,,SOLE,,965105,0,0
122,MSC INDL DIRECT INC,COMMON STOCK,553530106,41121,475279,SH,,SOLE,,475279,0,0
123,NATIONAL OILWELL VARCO INC,COMMON STOCK,637071101,19530,250799,SH,,SOLE,,250799,0,0
124,NCR CORP NEW,COMMON STOCK,62886E108,243,6655,SH,,SOLE,,6655,0,0
125,NETEASE INC,ADRS STOCKS,64110W102,1113,16533,SH,,SOLE,,16533,0,0
126,NIELSEN HOLDINGS N V,COMMON STOCK,N63218106,4862,108932,SH,,DFND,1.0,108932,0,0
127,NIELSEN HOLDINGS N V,COMMON STOCK,N63218106,146,3278,SH,,OTR,1.0,3278,0,0
128,NOAH HLDGS LTD,ADRS STOCKS,65487X102,1784,123711,SH,,SOLE,,123711,0,0
129,NORDSTROM INC,COMMON STOCK,655664100,5209,83417,SH,,DFND,1.0,83417,0,0
130,NORDSTROM INC,COMMON STOCK,655664100,155,2475,SH,,OTR,1.0,2475,0,0
131,NOVARTIS A G,ADRS STOCKS,66987V109,438,5146,SH,,SOLE,,5146,0,0
132,O REILLY AUTOMOTIVE INC NEW,COMMON STOCK,67103H107,297,2000,SH,,SOLE,,2000,0,0
133,OCCIDENTAL PETE CORP DEL,COMMON STOCK,674599105,25217,264636,SH,,SOLE,,264636,0,0
134,OCEANEERING INTL INC,COMMON STOCK,675232102,10669,148475,SH,,SOLE,,148475,0,0
135,ORACLE CORP,COMMON STOCK,68389X105,263,6431,SH,,SOLE,,6431,0,0
136,PALL CORP,COMMON STOCK,696429307,200,2240,SH,,SOLE,,2240,0,0
137,PEPSICO INC,COMMON STOCK,713448108,1293,15485,SH,,SOLE,,15485,0,0
138,PERICOM SEMICONDUCTOR CORP,COMMON STOCK,713831105,1165,148811,SH,,SOLE,,148811,0,0
139,PHILIP MORRIS INTL INC,COMMON STOCK,718172109,673,8220,SH,,SOLE,,8220,0,0
140,PIONEER NAT RES CO,COMMON STOCK,723787107,32803,175286,SH,,SOLE,,175286,0,0
141,POPEYES LA KITCHEN INC,COMMON STOCK,732872106,18087,445042,SH,,SOLE,,445042,0,0
142,POTASH CORP SASK INC,COMMON STOCK,73755L107,7119,196558,SH,,SOLE,,196558,0,0
143,PRAXAIR INC,COMMON STOCK,74005P104,2598,19835,SH,,SOLE,,19835,0,0
144,PRECISION CASTPARTS CORP,COMMON STOCK,740189105,649,2568,SH,,SOLE,,2568,0,0
145,PROCTER & GAMBLE CO,COMMON STOCK,742718109,1189,14747,SH,,SOLE,,14747,0,0
146,QIHOO 360 TECHNOLOGY CO LTD,ADRS STOCKS,74734M109,409,4106,SH,,SOLE,,4106,0,0
147,RANGE RES CORP,COMMON STOCK,75281A109,27431,330610,SH,,SOLE,,330610,0,0
148,RICE ENERGY INC,COMMON STOCK,762760106,4582,173611,SH,,SOLE,,173611,0,0
149,ROBERT HALF INTL INC,COMMON STOCK,770323103,23526,560814,SH,,SOLE,,560814,0,0
150,SANOFI,ADRS STOCKS,80105N105,386,7388,SH,,SOLE,,7388,0,0
151,SCHLUMBERGER LTD,COMMON STOCK,806857108,35322,362272,SH,,DFND,1.0,362272,0,0
152,SELECT SECTOR SPDR TR,COMMON STOCK,81369Y308,298,6919,SH,,SOLE,,6919,0,0
153,SFX ENTMT INC,COMMON STOCK,784178303,6265,888683,SH,,SOLE,,888683,0,0
154,SHERWIN WILLIAMS CO,COMMON STOCK,824348106,100761,511139,SH,,DFND,1.0,511139,0,0
155,SHERWIN WILLIAMS CO,COMMON STOCK,824348106,1382,7011,SH,,OTR,1.0,7011,0,0
156,SIGNET JEWELERS LIMITED,COMMON STOCK,G81276100,18804,177633,SH,,SOLE,,177633,0,0
157,SILVER SPRING NETWORKS INC,COMMON STOCK,82817Q103,6204,356939,SH,,SOLE,,356939,0,0
158,SONOCO PRODS CO,COMMON STOCK,835495102,1068,26040,SH,,DFND,1.0,26040,0,0
159,SOUTHERN COPPER CORP,COMMON STOCK,84265V105,14902,511921,SH,,SOLE,,511921,0,0
160,SOUTHWESTERN ENERGY CO,COMMON STOCK,845467109,35025,761237,SH,,SOLE,,761237,0,0
161,SPANSION INC,COMMON STOCK,84649R200,37195,2135183,SH,,SOLE,,2135183,0,0
162,SUNCOR ENERGY INC NEW,COMMON STOCK,867224107,10790,308649,SH,,SOLE,,308649,0,0
163,TAL ED GROUP,ADRS STOCKS,874080104,685,30407,SH,,SOLE,,30407,0,0
164,TARGET CORP,COMMON STOCK,87612E106,802,13255,SH,,SOLE,,13255,0,0
165,TECK RESOURCES LTD,COMMON STOCK,878742204,3588,165475,SH,,SOLE,,165475,0,0
166,TIFFANY & CO NEW,COMMON STOCK,886547108,47536,551776,SH,,DFND,1.0,551776,0,0
167,TIFFANY & CO NEW,COMMON STOCK,886547108,849,9852,SH,,OTR,1.0,9852,0,0
168,TIMKEN CO,COMMON STOCK,887389104,65118,1107826,SH,,DFND,1.0,1107826,0,0
169,TIMKEN CO,COMMON STOCK,887389104,845,14376,SH,,OTR,1.0,14376,0,0
170,TJX COS INC NEW,COMMON STOCK,872540109,1316,21693,SH,,SOLE,,21693,0,0
171,TORO CO,COMMON STOCK,891092108,48595,769035,SH,,DFND,1.0,769035,0,0
172,TORO CO,COMMON STOCK,891092108,1016,16075,SH,,OTR,1.0,16075,0,0
173,TOTAL S A,ADRS STOCKS,89151E109,319,4858,SH,,SOLE,,4858,0,0
174,TRANSDIGM GROUP INC,COMMON STOCK,893641100,36624,197754,SH,,DFND,1.0,197754,0,0
175,UNILEVER N V,ADRS STOCKS,904784709,351,8535,SH,,SOLE,,8535,0,0
176,UNION PAC CORP,COMMON STOCK,907818108,90422,481838,SH,,DFND,1.0,481838,0,0
177,UNION PAC CORP,COMMON STOCK,907818108,1797,9578,SH,,OTR,1.0,9578,0,0
178,UNITED PARCEL SERVICE INC,COMMON STOCK,911312106,76346,784000,SH,,DFND,1.0,784000,0,0
179,UNITED PARCEL SERVICE INC,COMMON STOCK,911312106,1439,14776,SH,,OTR,1.0,14776,0,0
180,UNITED TECHNOLOGIES CORP,COMMON STOCK,913017109,2871,24572,SH,,SOLE,,24572,0,0
181,UNITED TECHNOLOGIES CORP,PERFERRED STOCK,913017117,2020,30350,SH,,SOLE,,30350,0,0
182,US BANCORP DEL,COMMON STOCK,902973304,21233,495406,SH,,DFND,1.0,495406,0,0
183,US BANCORP DEL,COMMON STOCK,902973304,458,10689,SH,,OTR,1.0,10689,0,0
184,VALEANT PHARMACEUTICALS INTL,COMMON STOCK,91911K102,3165,24010,SH,,SOLE,,24010,0,0
185,VERISK ANALYTICS INC,COMMON STOCK,92345Y106,5377,89675,SH,,DFND,1.0,89675,0,0
186,VERISK ANALYTICS INC,COMMON STOCK,92345Y106,78,1297,SH,,OTR,1.0,1297,0,0
187,VERIZON COMMUNICATIONS INC,COMMON STOCK,92343V104,386,8110,SH,,SOLE,,8110,0,0
188,WALGREEN CO,COMMON STOCK,931422109,1402,21240,SH,,SOLE,,21240,0,0
189,WAL-MART STORES INC,COMMON STOCK,931142103,73782,965353,SH,,DFND,1.0,965353,0,0
190,WAL-MART STORES INC,COMMON STOCK,931142103,1342,17553,SH,,OTR,1.0,17553,0,0
191,WELLS FARGO & CO NEW,COMMON STOCK,949746101,64167,1290043,SH,,DFND,1.0,1290043,0,0
192,WELLS FARGO & CO NEW,PERFERRED STOCK,949746804,1675,1428,SH,,SOLE,,1428,0,0
193,WELLS FARGO & CO NEW,COMMON STOCK,949746101,1328,26703,SH,,OTR,1.0,26703,0,0
194,WPP PLC NEW,ADRS STOCKS,92937A102,4783,46396,SH,,DFND,1.0,46396,0,0
195,WYNDHAM WORLDWIDE CORP,COMMON STOCK,98310W108,21788,297527,SH,,DFND,1.0,297527,0,0
196,WYNDHAM WORLDWIDE CORP,COMMON STOCK,98310W108,489,6675,SH,,OTR,1.0,6675,0,0
197,WYNN RESORTS LTD,COMMON STOCK,983134107,2253,10143,SH,,SOLE,,10143,0,0
198,YUM BRANDS INC,COMMON STOCK,988498101,1082,14353,SH,,DFND,1.0,14353,0,0
199,YY INC,ADRS STOCKS,98426T106,836,10948,SH,,SOLE,,10948,0,0
