,NAME OF ISSUER,TITLE OF CLASS,CUSIP,(x$1000),PRN AMT,PRN,CALL,DISCRETION,MANAGER,SOLE,SHARED,NONE
0,AFC ENTERPRISES INC,COMMON STOCK,00104Q107,27465,630073,SH,,SOLE,,630073,0,0
1,AFLAC INC,COMMON STOCK,001055102,212,3419,SH,,SOLE,,3419,0,0
2,AGRIUM INC,COMMON STOCK,008916108,12720,151377,SH,,SOLE,,151377,0,0
3,AIR PRODS & CHEMS INC,COMMON STOCK,009158106,5800,54426,SH,,DFND,,54426,0,0
4,AIRGAS INC,COMMON STOCK,009363102,98920,932769,SH,,DFND,,932769,0,0
5,ALLERGAN INC,COMMON STOCK,018490102,417,4614,SH,,SOLE,,4614,0,0
6,AMERICAN INTL GROUP INC,COMMON STOCK,026874784,213,4374,SH,,SOLE,,4374,0,0
7,ANHEUSER BUSCH INBEV SA/NV,ADRS STOCKS,03524A108,84871,855555,SH,,DFND,,855555,0,0
8,APACHE CORP,COMMON STOCK,037411105,12588,147856,SH,,DFND,,147856,0,0
9,APPLE INC,COMMON STOCK,037833100,268,562,SH,,SOLE,,562,0,0
10,ATHLON ENERGY INC,COMMON STOCK,047477104,9023,275947,SH,,SOLE,,275947,0,0
11,ATMEL CORP,COMMON STOCK,049513104,23023,3094424,SH,,SOLE,,3094424,0,0
12,AUTOMATIC DATA PROCESSING IN,COMMON STOCK,053015103,5977,82582,SH,,DFND,,82582,0,0
13,AVAGO TECHNOLOGIES LTD,COMMON STOCK,Y0486S104,43182,1001441,SH,,SOLE,,1001441,0,0
14,AVALON RARE METALS INC,COMMON STOCK,053470100,628,660584,SH,,SOLE,,660584,0,0
15,BAKER HUGHES INC,COMMON STOCK,057224107,33476,681795,SH,,SOLE,,681795,0,0
16,BALLY TECHNOLOGIES INC,COMMON STOCK,05874B107,33783,468822,SH,,SOLE,,468822,0,0
17,BECTON DICKINSON & CO,COMMON STOCK,075887109,53373,533626,SH,,DFND,,533626,0,0
18,BERKSHIRE HATHAWAY INC DEL,COMMON STOCK,084670702,30313,267052,SH,,DFND,,267052,0,0
19,BLACKSTONE GROUP L P,COMMON STOCK,09253U108,17996,723009,SH,,SOLE,,723009,0,0
20,BLOUNT INTL INC NEW,COMMON STOCK,095180105,18020,1488063,SH,,SOLE,,1488063,0,0
21,BRISTOL MYERS SQUIBB CO,COMMON STOCK,110122108,270,5829,SH,,SOLE,,5829,0,0
22,BROWN FORMAN CORP,COMMON STOCK,115637209,81284,1193078,SH,,DFND,,1193078,0,0
23,CABOT OIL & GAS CORP,COMMON STOCK,127097103,34941,936241,SH,,SOLE,,936241,0,0
24,CANADIAN PAC RY LTD,COMMON STOCK,13645T100,208,1690,SH,,SOLE,,1690,0,0
25,CARMAX INC,COMMON STOCK,143130102,25568,527511,SH,,DFND,,527511,0,0
26,CF INDS HLDGS INC,COMMON STOCK,125269100,23338,110696,SH,,SOLE,,110696,0,0
27,CHEVRON CORP NEW,COMMON STOCK,166764100,27689,227893,SH,,DFND,,227893,0,0
28,CHINA LODGING GROUP LTD,ADRS STOCKS,16949N109,380,20000,SH,,SOLE,,20000,0,0
29,CHUBB CORP,COMMON STOCK,171232101,4917,55082,SH,,DFND,,55082,0,0
30,COCA COLA CO,COMMON STOCK,191216100,19985,527588,SH,,DFND,,527588,0,0
31,COGNIZANT TECHNOLOGY SOLUTIO,COMMON STOCK,192446102,537,6540,SH,,SOLE,,6540,0,0
32,COLGATE PALMOLIVE CO,COMMON STOCK,194162103,44837,756112,SH,,DFND,,756112,0,0
33,CONCHO RES INC,COMMON STOCK,20605P101,14114,129710,SH,,SOLE,,129710,0,0
34,COSTCO WHSL CORP NEW,COMMON STOCK,22160K105,102200,887765,SH,,DFND,,887765,0,0
35,CST BRANDS INC,COMMON STOCK,12646R105,6131,205741,SH,,SOLE,,205741,0,0
36,CUMMINS INC,COMMON STOCK,231021106,9012,67829,SH,,DFND,,67829,0,0
37,CVS CAREMARK CORPORATION,COMMON STOCK,126650100,246,4340,SH,,SOLE,,4340,0,0
38,DIAGEO P L C,ADRS STOCKS,25243Q205,80055,629960,SH,,DFND,,629960,0,0
39,DIAMONDBACK ENERGY INC,COMMON STOCK,25278X109,7992,187437,SH,,SOLE,,187437,0,0
40,DIANA SHIPPING INC,COMMON STOCK,Y2066G104,8606,712999,SH,,SOLE,,712999,0,0
41,DISNEY WALT CO,COMMON STOCK,254687106,43708,677749,SH,,DFND,,677749,0,0
42,DOLLAR GEN CORP NEW,COMMON STOCK,256677105,143655,2544359,SH,,DFND,,2544359,0,0
43,DOLLAR TREE INC,COMMON STOCK,256746108,35848,627154,SH,,DFND,,627154,0,0
44,DOMINOS PIZZA INC,COMMON STOCK,25754A201,51962,764708,SH,,DFND,,764708,0,0
45,DRYSHIPS INC,COMMON STOCK,Y2109Q101,11618,3281855,SH,,SOLE,,3281855,0,0
46,DSW INC,COMMON STOCK,23334L102,27210,318914,SH,,SOLE,,318914,0,0
47,EAGLE BULK SHIPPING INC,COMMON STOCK,Y2187A119,2106,293353,SH,,SOLE,,293353,0,0
48,ECOLAB INC,COMMON STOCK,278865100,58666,594027,SH,,DFND,,594027,0,0
49,EMERSON ELEC CO,COMMON STOCK,291011104,5373,83040,SH,,DFND,,83040,0,0
50,EOG RES INC,COMMON STOCK,26875P101,49131,290236,SH,,SOLE,,290236,0,0
51,EQT CORP,COMMON STOCK,26884L109,13008,146624,SH,,SOLE,,146624,0,0
52,EXXON MOBIL CORP,COMMON STOCK,30231G102,6429,74726,SH,,DFND,,74726,0,0
53,FEDEX CORP,COMMON STOCK,31428X106,11781,103241,SH,,SOLE,,103241,0,0
54,FIRST HORIZON NATL CORP,COMMON STOCK,320517105,13365,1216081,SH,,SOLE,,1216081,0,0
55,FLEETCOR TECHNOLOGIES INC,COMMON STOCK,339041105,94555,858344,SH,,DFND,,858344,0,0
56,FLUOR CORP NEW,COMMON STOCK,343412102,29672,418148,SH,,SOLE,,418148,0,0
57,FRANKLIN RES INC,COMMON STOCK,354613101,1305,25815,SH,,SOLE,,25815,0,0
58,FREEPORT-MCMORAN COPPER & GO,COMMON STOCK,35671D857,13850,418671,SH,,SOLE,,418671,0,0
59,GENERAL MLS INC,COMMON STOCK,370334104,3227,67346,SH,,DFND,,67346,0,0
60,GENESCO INC,COMMON STOCK,371532102,41471,632377,SH,,SOLE,,632377,0,0
61,GLOBE SPECIALTY METALS INC,COMMON STOCK,37954N206,13563,880148,SH,,SOLE,,880148,0,0
62,GRACE W R & CO DEL NEW,COMMON STOCK,38388F108,216798,2480531,SH,,DFND,,2480531,0,0
63,GULFPORT ENERGY CORP,COMMON STOCK,402635304,20283,315253,SH,,SOLE,,315253,0,0
64,HALLIBURTON CO,COMMON STOCK,406216101,35468,736611,SH,,DFND,,736611,0,0
65,HELMERICH & PAYNE INC,COMMON STOCK,423452101,18537,268848,SH,,SOLE,,268848,0,0
66,HOME DEPOT INC,COMMON STOCK,437076102,88414,1165644,SH,,DFND,,1165644,0,0
67,IMAX CORP,COMMON STOCK,45245E109,2325,76881,SH,,SOLE,,76881,0,0
68,INFOBLOX INC,COMMON STOCK,45672H104,7193,171997,SH,,SOLE,,171997,0,0
69,INTERNATIONAL BUSINESS MACHS,COMMON STOCK,459200101,2953,15946,SH,,SOLE,,15946,0,0
70,ISHARES SILVER TRUST,COMMON STOCK,46428Q109,15317,733225,SH,,SOLE,,733225,0,0
71,JOHNSON & JOHNSON,COMMON STOCK,478160104,5900,68053,SH,,DFND,,68053,0,0
72,KELLOGG CO,COMMON STOCK,487836108,3441,58586,SH,,DFND,,58586,0,0
73,KKR & CO L P DEL,COMMON STOCK,48248M102,44497,2162169,SH,,SOLE,,2162169,0,0
74,LAZARD LTD,COMMON STOCK,G54050102,9418,261472,SH,,DFND,,261472,0,0
75,LKQ CORP,COMMON STOCK,501889208,63973,2007940,SH,,SOLE,,2007940,0,0
76,LOWES COS INC,COMMON STOCK,548661107,3384,71069,SH,,DFND,,71069,0,0
77,MARKEL CORP,COMMON STOCK,570535104,207,400,SH,,SOLE,,400,0,0
78,MARKET VECTORS ETF TR,COMMON STOCK,57060U100,7879,314416,SH,,SOLE,,314416,0,0
79,MASTERCARD INC,COMMON STOCK,57636Q104,69286,102984,SH,,DFND,,102984,0,0
80,MASTERCARD INC,COMMON STOCK,57636Q954,16820,25000,SH,Put,SOLE,,25000,0,0
81,MAXIM INTEGRATED PRODS INC,COMMON STOCK,57772K101,18040,605372,SH,,SOLE,,605372,0,0
82,MCDONALDS CORP,COMMON STOCK,580135101,41110,427299,SH,,DFND,,427299,0,0
83,MCKESSON CORP,COMMON STOCK,58155Q103,245,1911,SH,,SOLE,,1911,0,0
84,MERCK & CO INC NEW,COMMON STOCK,58933Y105,1491,31315,SH,,SOLE,,31315,0,0
85,MICRON TECHNOLOGY INC,COMMON STOCK,595112103,44468,2545415,SH,,SOLE,,2545415,0,0
86,MICROSOFT CORP,COMMON STOCK,594918104,237,7104,SH,,SOLE,,7104,0,0
87,MOLSON COORS BREWING CO,COMMON STOCK,60871R209,3047,60775,SH,,DFND,,60775,0,0
88,MONSANTO CO NEW,COMMON STOCK,61166W101,11947,114469,SH,,SOLE,,114469,0,0
89,MOODYS CORP,COMMON STOCK,615369105,71726,1019847,SH,,DFND,,1019847,0,0
90,MOSAIC CO NEW,COMMON STOCK,61945C103,11167,259568,SH,,SOLE,,259568,0,0
91,MOUNTAIN PROV DIAMONDS INC,COMMON STOCK,62426E402,4128,777605,SH,,SOLE,,777605,0,0
92,MSC INDL DIRECT INC,COMMON STOCK,553530106,50905,625747,SH,,DFND,,625747,0,0
93,NATIONAL OILWELL VARCO INC,COMMON STOCK,637071101,57504,736189,SH,,SOLE,,736189,0,0
94,NCR CORP NEW,COMMON STOCK,62886E108,233,5891,SH,,SOLE,,5891,0,0
95,NEOPHOTONICS CORP,COMMON STOCK,64051T100,4409,596594,SH,,SOLE,,596594,0,0
96,NOAH HLDGS LTD,ADRS STOCKS,65487X102,2666,156343,SH,,SOLE,,156343,0,0
97,NORFOLK SOUTHERN CORP,COMMON STOCK,655844108,26823,346768,SH,,SOLE,,346768,0,0
98,NOVARTIS A G,COMMON STOCK,66987V109,395,5146,SH,,SOLE,,5146,0,0
99,OCCIDENTAL PETE CORP DEL,COMMON STOCK,674599105,36866,394123,SH,,SOLE,,394123,0,0
100,OIL STS INTL INC,COMMON STOCK,678026105,444,4290,SH,,SOLE,,4290,0,0
101,PEPSICO INC,COMMON STOCK,713448108,5585,70252,SH,,DFND,,70252,0,0
102,PERICOM SEMICONDUCTOR CORP,COMMON STOCK,713831105,4471,573159,SH,,SOLE,,573159,0,0
103,PHILIP MORRIS INTL INC,COMMON STOCK,718172109,320,3690,SH,,SOLE,,3690,0,0
104,PIONEER NAT RES CO,COMMON STOCK,723787107,50146,265604,SH,,SOLE,,265604,0,0
105,PITNEY BOWES INC,COMMON STOCK,724479100,7563,415772,SH,,SOLE,,415772,0,0
106,PMC-SIERRA INC,COMMON STOCK,69344F106,4846,732025,SH,,SOLE,,732025,0,0
107,POTASH CORP SASK INC,COMMON STOCK,73755L107,8180,261501,SH,,SOLE,,261501,0,0
108,PRAXAIR INC,COMMON STOCK,74005P104,5204,43287,SH,,DFND,,43287,0,0
109,PROCTER & GAMBLE CO,COMMON STOCK,742718109,5235,69257,SH,,DFND,,69257,0,0
110,RANGE RES CORP,COMMON STOCK,75281A109,38358,505447,SH,,SOLE,,505447,0,0
111,ROBERT HALF INTL INC,COMMON STOCK,770323103,18071,463009,SH,,SOLE,,463009,0,0
112,SANOFI,COMMON STOCK,80105N105,602,11881,SH,,SOLE,,11881,0,0
113,SCHLUMBERGER LTD,COMMON STOCK,806857108,49636,561742,SH,,SOLE,,561742,0,0
114,SELECT SECTOR SPDR TR,COMMON STOCK,81369Y308,206,5185,SH,,SOLE,,5185,0,0
115,SHERWIN WILLIAMS CO,COMMON STOCK,824348106,147369,808917,SH,,DFND,,808917,0,0
116,SIGNET JEWELERS LIMITED,COMMON STOCK,G81276100,11814,164887,SH,,SOLE,,164887,0,0
117,SILVER SPRING NETWORKS INC,COMMON STOCK,82817Q103,7136,411764,SH,,SOLE,,411764,0,0
118,SONOCO PRODS CO,COMMON STOCK,835495102,765,19645,SH,,DFND,,19645,0,0
119,SOUTHWESTERN ENERGY CO,COMMON STOCK,845467109,29802,819187,SH,,SOLE,,819187,0,0
120,SPANSION INC,COMMON STOCK,84649R200,36396,3607142,SH,,SOLE,,3607142,0,0
121,SUNCOR ENERGY INC NEW,COMMON STOCK,867224107,15098,421980,SH,,SOLE,,421980,0,0
122,SUNTRUST BKS INC,COMMON STOCK,867914103,8978,276920,SH,,SOLE,,276920,0,0
123,TAL ED GROUP,ADRS STOCKS,874080104,403,27816,SH,,SOLE,,27816,0,0
124,TARGET CORP,COMMON STOCK,87612E106,5148,80455,SH,,DFND,,80455,0,0
125,TIFFANY & CO NEW,COMMON STOCK,886547108,60107,784486,SH,,DFND,,784486,0,0
126,TORO CO,COMMON STOCK,891092108,31520,579936,SH,,DFND,,579936,0,0
127,TOTAL S A,COMMON STOCK,89151E109,281,4858,SH,,SOLE,,4858,0,0
128,UNILEVER N V,ADRS STOCKS,904784709,7240,191939,SH,,DFND,,191939,0,0
129,UNION PAC CORP,COMMON STOCK,907818108,70644,454771,SH,,DFND,,454771,0,0
130,UNITED PARCEL SERVICE INC,COMMON STOCK,911312106,68051,744781,SH,,DFND,,744781,0,0
131,UNITED TECHNOLOGIES CORP,COMMON STOCK,913017109,6552,60765,SH,,DFND,,60765,0,0
132,UNITED TECHNOLOGIES CORP,PERFERRED STOCK,913017117,5232,80750,SH,,DFND,,80750,0,0
133,URSTADT BIDDLE PPTYS INC,COMMON STOCK,917286205,292,14670,SH,,SOLE,,14670,0,0
134,VERISK ANALYTICS INC,COMMON STOCK,92345Y106,64331,990315,SH,,DFND,,990315,0,0
135,VISA INC,COMMON STOCK,92826C839,1464,7663,SH,,DFND,,7663,0,0
136,WALGREEN CO,COMMON STOCK,931422109,6711,124740,SH,,DFND,,124740,0,0
137,WAL-MART STORES INC,COMMON STOCK,931142103,69902,945132,SH,,DFND,,945132,0,0
138,WELLS FARGO & CO NEW,COMMON STOCK,949746101,50152,1213749,SH,,DFND,,1213749,0,0
139,WELLS FARGO & CO NEW,PERFERRED STOCK,949746804,8049,7076,SH,,DFND,,7076,0,0
140,WELLS FARGO & CO NEW,WARRANTS,949746119,1042,74239,SH,,SOLE,,74239,0,0
141,WORLD FUEL SVCS CORP,COMMON STOCK,981475106,5782,154964,SH,,SOLE,,154964,0,0
142,WYNN RESORTS LTD,COMMON STOCK,983134107,2028,12834,SH,,SOLE,,12834,0,0
143,XRS CORP,CALL,874080904,145,10000,SH,Call,SOLE,,10000,0,0
144,YUM BRANDS INC,COMMON STOCK,988498101,1219,17076,SH,,DFND,,17076,0,0
