,NAME OF ISSUER,TITLE OF CLASS,CUSIP,(x$1000),PRN AMT,PRN,CALL,DISCRETION,MANAGER,SOLE,SHARED,NONE
0,Bank New York Mellon Corp.,COM,064058100,870373,16138942,SH,,DFND,1234,0,16138942,0
1,General Electric Co.,COM,369604103,964420,70861131,SH,,DFND,1234,0,70861131,0
2,Mondelez Intl Inc.,CL A,609207105,771812,18824680,SH,,DFND,1234,0,18824680,0
3,nVent Electric Plc,SHS,G6700G107,440831,17562998,SH,,DFND,1234,0,17562998,0
4,Pentair PLC,SHS,G7S00T104,578156,13739444,SH,,DFND,1234,0,13739444,0
5,Procter and Gamble Co.,COM,742718109,2959147,37908621,SH,,DFND,1234,0,37908621,0
6,Sysco Corp.,COM,871829107,2906576,42562249,SH,,DFND,1234,0,42562249,0
7,Wendys Co.,COM,95058W100,543414,31630629,SH,,DFND,1234,0,31630629,0
