,NAME OF ISSUER,TITLE OF CLASS,CUSIP,(x$1000),PRN AMT,PRN,CALL,DISCRETION,MANAGER,SOLE,SHARED,NONE
0,ALTABA INC,COM,021346101,259317,3914805,SH,,SOLE,,3914805,0,0
1,AMERCO,COM,023586100,147939,394610,SH,,SOLE,,394610,0,0
2,ASBURY AUTOMOTIVE GROUP INC,COM,043436104,61100,1000000,SH,,SOLE,,1000000,0,0
3,BARNES & NOBLE ED INC,COM,06777U101,57102,8771492,SH,,SOLE,,8771492,0,0
4,CLEAR CHANNEL OUTDOOR HLDGS,CL A,18451C109,15598,3354390,SH,,SOLE,,3354390,0,0
5,COLONY NORTHSTAR INC,CL A COM,19625W104,71474,5690610,SH,,SOLE,,5690610,0,0
6,FRANKLIN RES INC,COM,354613101,353633,7945023,SH,,SOLE,,7945023,0,0
7,GLOBAL EAGLE ENTMT INC,COM,37951D102,23940,7000000,SH,,SOLE,,7000000,0,0
8,GROUP 1 AUTOMOTIVE INC,COM,398905109,18149,250471,SH,,SOLE,,250471,0,0
9,KERYX BIOPHARMACEUTICALS INC,COM,492515101,40606,5719176,SH,,SOLE,,5719176,0,0
10,O REILLY AUTOMOTIVE INC NEW,COM,67103H107,183926,854000,SH,,SOLE,,854000,0,0
11,OCH ZIFF CAP MGMT GROUP,CL A,67551U105,71608,22238592,SH,,SOLE,,22238592,0,0
12,QUALITY CARE PPTYS INC,COM,747545101,77500,5000000,SH,,SOLE,,5000000,0,0
13,SUBURBAN PROPANE PARTNERS L,UNIT LTD PARTN,864482104,17804,682414,SH,,SOLE,,682414,0,0
14,TEVA PHARMACEUTICAL INDS LTD,SPONSORED ADR,881624209,380580,21623886,SH,,SOLE,,21623886,0,0
15,WELLS FARGO CO NEW,COM,949746101,184330,3342343,SH,,SOLE,,3342343,0,0
16,WESTERN UN CO,COM,959802109,414887,21608707,SH,,SOLE,,21608707,0,0
17,WILLIS TOWERS WATSON PUB LTD,SHS,G96629103,182498,1183287,SH,,SOLE,,1183287,0,0
