,NAME OF ISSUER,TITLE OF CLASS,CUSIP,(x$1000),PRN AMT,PRN,CALL,DISCRETION,MANAGER,SOLE,SHARED,NONE
0,BARNES & NOBLE INC,COM,067774109,132863,5117997,SH,,SOLE,,5117997,0,0
1,CLEAR CHANNEL OUTDOOR HLDGS,CL A,18451C109,33980,3354390,SH,,SOLE,,3354390,0,0
2,DIRECTV,COM,25490A309,159066,1714262,SH,,SOLE,,1714262,0,0
3,GLOBAL EAGLE ENTMT INC,COM,37951D102,65100,5000000,SH,,SOLE,,5000000,0,0
4,INTERXION HOLDING N.V,SHS,N47279109,64916,2347788,SH,,SOLE,,2347788,0,0
5,MICROSOFT CORP,COM,594918104,219867,4980000,SH,,SOLE,,4980000,0,0
6,MONEYGRAM INTL INC,COM NEW,60935Y208,47145,5130000,SH,,SOLE,,5130000,0,0
7,OPUS BK IRVINE CALIF,COM,684000102,82138,2270265,SH,,SOLE,,2270265,0,0
8,VIMPELCOM LTD,SPONSORED ADR,92719A106,24857,5001418,SH,,SOLE,,5001418,0,0
9,WELLS FARGO & CO NEW,COM,949746101,155785,2770000,SH,,SOLE,,2770000,0,0
10,WENDYS CO,COM,95058W100,47940,4250000,SH,,SOLE,,4250000,0,0
11,WESTERN UN CO,COM,959802109,439305,21608707,SH,,SOLE,,21608707,0,0
