,NAME OF ISSUER,TITLE OF CLASS,CUSIP,(x$1000),PRN AMT,PRN,CALL,DISCRETION,MANAGER,SOLE,SHARED,NONE
0,ADDEX THERAPEUTICS LTD,SPONSORED ADS,00654J107,213,17398,SH,,SOLE,,17398,0,0
1,CARDIFF ONCOLOGY INC,COM,14147L108,26183,1845164,SH,,SOLE,,1845164,0,0
2,CHURCHILL CAPITAL CORP IV,UNIT 99/99/9999,171439201,626,62500,SH,,SOLE,,62500,0,0
3,CTI BIOPHARMA CORP,COM,12648L601,9274,4313617,SH,,SOLE,,4313617,0,0
4,EIGER BIOPHARMACEUTICALS INC,COM,28249U105,919,112872,SH,,SOLE,,112872,0,0
5,ESSA PHARMA INC,COM NEW,29668H708,183,26590,SH,,SOLE,,26590,0,0
6,GARRISON CAP INC,COM,366554103,4447,1164061,SH,,SOLE,,1164061,0,0
7,IVERIC BIO INC,COM,46583P102,1087,192738,SH,,SOLE,,192738,0,0
8,KALA PHARMACEUTICALS INC,COM,483119103,5788,771790,SH,,SOLE,,771790,0,0
9,MEI PHARMA INC,COM NEW,55279B202,548,175560,SH,,SOLE,,175560,0,0
10,MOLECULAR TEMPLATES INC,COM,608550109,23183,2122991,SH,,SOLE,,2122991,0,0
11,PERSHING SQUARE TONTINE HLDG,COM CL A,71531R109,1529,67369,SH,,SOLE,,67369,0,0
12,PERSHING SQUARE TONTINE HLDG,*W EXP 07/24/202,71531R117,54,7485,SH,,SOLE,,7485,0,0
13,SCYNEXIS INC,COM NEW,811292200,3680,834370,SH,,SOLE,,834370,0,0
14,SIERRA ONCOLOGY INC,COM NEW,82640U404,6871,643959,SH,,SOLE,,643959,0,0
15,SPDR GOLD TR,GOLD SHS,78463V107,4491,25358,SH,,SOLE,,25358,0,0
16,STRONGBRIDGE BIOPHARMA PLC,SHS USD,G85347105,16988,8089442,SH,,SOLE,,8089442,0,0
