,NAME OF ISSUER,TITLE OF CLASS,CUSIP,(x$1000),PRN AMT,PRN,CALL,DISCRETION,MANAGER,SOLE,SHARED,NONE
0,ACLARIS THERAPEUTICS INC,COM,00461U105,263,10176,SH,,SOLE,,10176,0,0
1,ADIENT PLC,ORD SHS,G0084W101,398,4737,SH,,SOLE,,4737,0,0
2,AGILE THERAPEUTICS INC,COM,00847L100,8117,1820012,SH,,SOLE,,1820012,0,0
3,BERKSHIRE HATHAWAY INC DEL,CL B NEW,084670702,1640,8945,SH,,SOLE,,8945,0,0
4,CM FIN INC,COM,12574Q103,574,61429,SH,,SOLE,,61429,0,0
5,GARRISON CAP INC,COM,366554103,7166,850000,SH,,SOLE,,850000,0,0
6,GTX INC DEL,COM NEW,40052B207,531,62869,SH,,SOLE,,62869,0,0
7,JAZZ PHARMACEUTICALS PLC,SHS USD,G50871105,306,1997,SH,,SOLE,,1997,0,0
8,JBG SMITH PPTYS,COM,46590V100,1236,36129,SH,,SOLE,,36129,0,0
9,KALA PHARMACEUTICALS INC,COM,483119103,12430,544220,SH,,SOLE,,544220,0,0
10,INTEC PHARMA LTD JERUSALEM,SHS,M53644106,681,76139,SH,,SOLE,,76139,0,0
11,MARINUS PHARMACEUTICALS INC,COM,56854Q101,95,16198,SH,,SOLE,,16198,0,0
12,MOLECULAR TEMPLATES INC,COM,608550109,7066,1013787,SH,,SOLE,,1013787,0,0
13,SPDR S&P 500 ETF TR,TR UNIT,78462F103,19358,77052,SH,Put,SOLE,,77052,0,0
14,STRONGBRIDGE BIOPHARMA PLC,SHS USD,G85347105,38053,5514994,SH,,SOLE,,5514994,0,0
15,TEAM HEALTH HOLDINGS INC,COM,87817A107,335,7709,SH,,SOLE,,7709,0,0
