,NAME OF ISSUER,TITLE OF CLASS,CUSIP,(x$1000),PRN AMT,PRN,CALL,DISCRETION,MANAGER,SOLE,SHARED,NONE
0,AGILE THERAPEUTICS INC,COM,00847L100,12028,1580491,SH,,SOLE,,1580491,0,0
1,AMERICAN CAP SR FLOATING LTD,COM,02504D108,157,15255,SH,,SOLE,,15255,0,0
2,BERKSHIRE HATHAWAY INC DEL,CL B NEW,084670702,1295,8945,SH,,SOLE,,8945,0,0
3,CELATOR PHARMACEUTICALS INC,COM,15089R102,67370,2232272,SH,,SOLE,,2232272,0,0
4,CIDARA THERAPEUTICS INC,COM,171757107,194,18807,SH,,SOLE,,18807,0,0
5,CM FIN INC,COM,12574Q103,295,33247,SH,,SOLE,,33247,0,0
6,CSW INDUSTRIALS INC,COM,126402106,367,11253,SH,,SOLE,,11253,0,0
7,DOVER CORP,COM,260003108,223,3224,SH,,SOLE,,3224,0,0
8,GARRISON CAP INC,COM,366554103,152,15104,SH,,SOLE,,15104,0,0
9,MEDLEY CAP CORP,COM,58503F106,167,24913,SH,,SOLE,,24913,0,0
10,PARATEK PHARMACEUTICALS INC,COM,699374302,263,18909,SH,,SOLE,,18909,0,0
11,STELLUS CAP INVT CORP,COM,858568108,304,29728,SH,,SOLE,,29728,0,0
12,STRONGBRIDGE BIOPHARMA PLC,SHS USD,G85347105,143,35977,SH,,SOLE,,35977,0,0
13,SYNTA PHARMACEUTICALS CORP,COM,87162T206,5665,21770662,SH,,SOLE,,21770662,0,0
14,SYNTA PHARMACEUTICALS CORP,COM,87162T206,19,72000,SH,Call,SOLE,,72000,0,0
