,NAME OF ISSUER,TITLE OF CLASS,CUSIP,(x$1000),PRN AMT,PRN,CALL,DISCRETION,MANAGER,SOLE,SHARED,NONE
0,ADDEX THERAPEUTICS LTD,SPONSORED ADS,00654J107,152,17418,SH,,SOLE,,17418,0,0
1,CARDIFF ONCOLOGY INC,COM,14147L108,577,115224,SH,,SOLE,,115224,0,0
2,CTI BIOPHARMA CORP,COM,12648L601,719,619460,SH,,SOLE,,619460,0,0
3,EIGER BIOPHARMACEUTICALS INC,COM,28249U105,787,81983,SH,,SOLE,,81983,0,0
4,GARRISON CAP INC,COM,366554103,3935,1164061,SH,,SOLE,,1164061,0,0
5,IVERIC BIO INC,COM,46583P102,636,124771,SH,,SOLE,,124771,0,0
6,KALA PHARMACEUTICALS INC,COM,483119103,6519,620289,SH,,SOLE,,620289,0,0
7,KURA ONCOLOGY INC,COM,50127T109,333,20406,SH,,SOLE,,20406,0,0
8,MEI PHARMA INC,COM NEW,55279B202,1221,295560,SH,,SOLE,,295560,0,0
9,MOLECULAR TEMPLATES INC,COM,608550109,29069,2107991,SH,,SOLE,,2107991,0,0
10,SATSUMA PHARMACEUTICALS INC,COM,80405P107,1961,68172,SH,,SOLE,,68172,0,0
11,SCYNEXIS INC,COM,811292101,5967,7946111,SH,,SOLE,,7946111,0,0
12,SIERRA ONCOLOGY INC,COM NEW,82640U404,7792,643959,SH,,SOLE,,643959,0,0
13,SPDR GOLD TR,GOLD SHS,78463V107,2665,15923,SH,,SOLE,,15923,0,0
14,STRONGBRIDGE BIOPHARMA PLC,SHS USD,G85347105,24994,6612065,SH,,SOLE,,6612065,0,0
