,NAME OF ISSUER,TITLE OF CLASS,CUSIP,(x$1000),PRN AMT,PRN,CALL,DISCRETION,MANAGER,SOLE,SHARED,NONE
0,AGILE THERAPEUTICS INC,COM,00847L100,12385,1774319,SH,,SOLE,,1774319,0,0
1,AMERICAN CAP SR FLOATING LTD,COM,02504D108,180,16339,SH,,SOLE,,16339,0,0
2,BERKSHIRE HATHAWAY INC DEL,CL B NEW,084670702,1292,8945,SH,,SOLE,,8945,0,0
3,CIDARA THERAPEUTICS INC,COM,171757107,211,18425,SH,,SOLE,,18425,0,0
4,CM FIN INC,COM,12574Q103,149,16409,SH,,SOLE,,16409,0,0
5,CSW INDUSTRIALS INC,COM,126402106,364,11253,SH,,SOLE,,11253,0,0
6,DOVER CORP,COM,260003108,237,3224,SH,,SOLE,,3224,0,0
7,GARRISON CAP INC,COM,366554103,162,15995,SH,,SOLE,,15995,0,0
8,MADRIGAL PHARMACEUTICALS INC,COM,558868105,6425,506738,SH,,SOLE,,506738,0,0
9,MADRIGAL PHARMACEUTICALS INC,COM,558868105,26,2057,SH,Call,SOLE,,2057,0,0
10,MEDLEY CAP CORP,COM,58503F106,209,27357,SH,,SOLE,,27357,0,0
11,PARATEK PHARMACEUTICALS INC,COM,699374302,246,18909,SH,,SOLE,,18909,0,0
12,STELLUS CAP INVT CORP,COM,858568108,262,24103,SH,,SOLE,,24103,0,0
13,STRONGBRIDGE BIOPHARMA PLC,SHS USD,G85347105,184,35245,SH,,SOLE,,35245,0,0
