,NAME OF ISSUER,TITLE OF CLASS,CUSIP,(x$1000),PRN AMT,PRN,CALL,DISCRETION,MANAGER,SOLE,SHARED,NONE
0,ACADIA PHARMACEUTICALS INC,COM,004225108,8556,200000,SH,,SOLE,,200000,0,0
1,ACTIVISION BLIZZARD INC,COM,00507V109,16341,275000,SH,,SOLE,,275000,0,0
2,ADOBE INC,COM,00724F101,8880,26925,SH,,SOLE,,26925,0,0
3,AECOM,COM,00766T100,19117,443238,SH,,SOLE,,443238,0,0
4,AFFIMED N V,COM,N01045108,137,50000,SH,,SOLE,,50000,0,0
5,ALCOA CORP,COM,013872106,6075,282425,SH,,SOLE,,282425,0,0
6,ALPS ETF TR,ALERIAN MLP,00162Q866,66088,7775000,SH,,SOLE,,7775000,0,0
7,ALIBABA GROUP HLDG LTD,SPONSORED ADS,01609W102,123175,580741,SH,,SOLE,,580741,0,0
8,ALLERGAN PLC,SHS,G0177J108,38234,200000,SH,,SOLE,,200000,0,0
9,ALLISON TRANSMISSION HLDGS I,COM,01973R101,1990,41178,SH,,SOLE,,41178,0,0
10,ALPHABET INC,CAP STK CL A,02079K305,59214,44210,SH,,SOLE,,44210,0,0
11,ALTERYX INC,COM CL A,02156B103,10507,105000,SH,,SOLE,,105000,0,0
12,AMAZON COM INC,COM,023135106,118447,64100,SH,,SOLE,,64100,0,0
13,AMERICOLD RLTY TR,COM,03064D108,20125,574017,SH,,SOLE,,574017,0,0
14,AMERIPRISE FINL INC,COM,03076C106,20823,125000,SH,,SOLE,,125000,0,0
15,AMPHENOL CORP NEW,CL A,032095101,2165,20000,SH,,SOLE,,20000,0,0
16,ANALOG DEVICES INC,COM,032654105,11884,100000,SH,,SOLE,,100000,0,0
17,ANDINA ACQUISITION CORP III,RIGHT 07/31/2020,G04415132,120,400000,SH,,SOLE,,400000,0,0
18,ANDINA ACQUISITION CORP III,*W EXP 07/31/202,G04415124,80,400000,SH,,SOLE,,400000,0,0
19,APOLLO GLOBAL MGMT INC,COM CL A,03768E105,3578,75000,SH,,SOLE,,75000,0,0
20,APPLE INC,COM,037833100,11746,40000,SH,,SOLE,,40000,0,0
21,APPLIED MATLS INC,COM,038222105,5494,90000,SH,,SOLE,,90000,0,0
22,ARCHER DANIELS MIDLAND CO,COM,039483102,17593,379572,SH,,SOLE,,379572,0,0
23,ASCENDIS PHARMA A S,SPONSORED ADR,04351P101,5166,37133,SH,,SOLE,,37133,0,0
24,ASSERTIO THERAPEUTICS INC,NOTE 2.500% 9/0,249908AA2,2960,4000000,SH,,SOLE,,4000000,0,0
25,ATLANTICA YIELD PLC,SHS,G0751N103,13195,500000,SH,,SOLE,,500000,0,0
26,AUDENTES THERAPEUTICS INC,COM,05070R104,8976,150000,SH,,SOLE,,150000,0,0
27,AUDENTES THERAPEUTICS INC,PUTS,05070R104,8976,150000,SH,Put,SOLE,,150000,0,0
28,AXALTA COATING SYS LTD,COM,G0750C108,3040,100000,SH,,SOLE,,100000,0,0
29,B2GOLD CORP,COM,11777Q209,1003,250000,SH,,SOLE,,250000,0,0
30,BANK AMER CORP,COM,060505104,4226,120000,SH,,SOLE,,120000,0,0
31,BANK NEW YORK MELLON CORP,COM,064058100,36489,725000,SH,,SOLE,,725000,0,0
32,BARRICK GOLD CORPORATION,COM,067901108,25059,1347992,SH,,SOLE,,1347992,0,0
33,BHP GROUP PLC,SPONSORED ADR,05545E209,11012,234244,SH,,SOLE,,234244,0,0
34,BIG LOTS INC,COM,089302103,9334,325000,SH,,SOLE,,325000,0,0
35,BILL COM HLDGS INC,COM,090043100,6395,168068,SH,,SOLE,,168068,0,0
36,BIOGEN INC,COM,09062X103,2945,9924,SH,,SOLE,,9924,0,0
37,BIOHAVEN PHARMACTL HLDG CO L,COM,G11196105,4402,80856,SH,,SOLE,,80856,0,0
38,BOOKING HLDGS INC,COM,09857L108,25672,12500,SH,,SOLE,,12500,0,0
39,BOSTON BEER INC,CL A,100557107,20026,53000,SH,,SOLE,,53000,0,0
40,BOTTOMLINE TECH DEL INC,COM,101388106,5682,106000,SH,,SOLE,,106000,0,0
41,BRISTOL MYERS SQUIBB CO,COM,110122108,10278,160116,SH,,SOLE,,160116,0,0
42,BUNGE LIMITED,COM,G16962105,81666,1419040,SH,,SOLE,,1419040,0,0
43,CAPRI HOLDINGS LIMITED,SHS,G1890L107,13353,350000,SH,,SOLE,,350000,0,0
44,PROSHARES TR II,SHT VIX ST TRM,74347W130,16308,250000,SH,,SOLE,,250000,0,0
45,CF INDS HLDGS INC,COM,125269100,5023,105219,SH,,SOLE,,105219,0,0
46,CHEMOURS CO,COM,163851108,6332,350000,SH,Call,SOLE,,350000,0,0
47,CHEWY INC,CL A,16679L109,18125,625000,SH,,SOLE,,625000,0,0
48,CHIPOTLE MEXICAN GRILL INC,COM,169656105,25113,30000,SH,,SOLE,,30000,0,0
49,CLARIVATE ANALYTICS PLC,*W EXP 05/13/202,G21810117,3125,500000,SH,,SOLE,,500000,0,0
50,CLEAR CHANNEL OUTDOOR HLDGS,COM,18453H106,4347,1520000,SH,,SOLE,,1520000,0,0
51,CME GROUP INC,COM,12572Q105,9032,45000,SH,,SOLE,,45000,0,0
52,CNH INDL N V,SHS,N20944109,2338,212502,SH,,SOLE,,212502,0,0
53,COLFAX CORP,COM,194014106,4997,137345,SH,,SOLE,,137345,0,0
54,CONSTELLATION PHARMCETICLS I,COM,210373106,1178,25000,SH,,SOLE,,25000,0,0
55,COUPA SOFTWARE INC,COM,22266L106,54844,375000,SH,,SOLE,,375000,0,0
56,CROWN HOLDINGS INC,COM,228368106,5131,70730,SH,,SOLE,,70730,0,0
57,CYTOMX THERAPEUTICS INC,COM,23284F105,831,100000,SH,,SOLE,,100000,0,0
58,DAQO NEW ENERGY CORP,SPNSRD ADR NEW,23703Q203,768,15000,SH,,SOLE,,15000,0,0
59,DECKERS OUTDOOR CORP,COM,243537107,12665,75000,SH,,SOLE,,75000,0,0
60,DEERE & CO,COM,244199105,7797,45000,SH,,SOLE,,45000,0,0
61,DELTA AIR LINES INC DEL,COM NEW,247361702,5223,89311,SH,,SOLE,,89311,0,0
62,DIAMOND EAGLE ACQUISITION CO,*W EXP 06/30/202,25258L117,800,333333,SH,,SOLE,,333333,0,0
63,DIAMOND EAGLE ACQUISITION CO,COM CL A,25258L109,2675,250000,SH,,SOLE,,250000,0,0
64,DICKS SPORTING GOODS INC,COM,253393102,19796,400000,SH,,SOLE,,400000,0,0
65,DOW INC,COM,260557103,7498,137000,SH,,SOLE,,137000,0,0
66,DUPONT DE NEMOURS INC,COM,26614N102,6420,100000,SH,Call,SOLE,,100000,0,0
67,DUPONT DE NEMOURS INC,COM,26614N102,3210,50000,SH,,SOLE,,50000,0,0
68,DYNATRACE INC,COM,268150109,5060,200000,SH,,SOLE,,200000,0,0
69,ELECTRONIC ARTS INC,COM,285512109,16127,150000,SH,,SOLE,,150000,0,0
70,LILLY ELI & CO,COM,532457108,10930,83162,SH,,SOLE,,83162,0,0
71,EL PASO ELEC CO,COM NEW,283677854,3467,51061,SH,,SOLE,,51061,0,0
72,ENANTA PHARMACEUTICALS INC,COM,29251M106,4423,71586,SH,,SOLE,,71586,0,0
73,ENPHASE ENERGY INC,COM,29355A107,3266,125000,SH,,SOLE,,125000,0,0
74,ESTRE AMBIENTAL INC,*W EXP 12/21/202,G3206V118,1,250000,SH,,SOLE,,250000,0,0
75,E TRADE FINANCIAL CORP,COM NEW,269246401,5671,125000,SH,,SOLE,,125000,0,0
76,EXPEDIA GROUP INC,COM NEW,30212P303,18925,175000,SH,,SOLE,,175000,0,0
77,FACEBOOK INC,CL A,30303M102,65680,320000,SH,,SOLE,,320000,0,0
78,FASTENAL CO,COM,311900104,6096,164978,SH,,SOLE,,164978,0,0
79,FIDELITY NATL INFORMATION SV,COM,31620M106,20864,150000,SH,,SOLE,,150000,0,0
80,FIVE BELOW INC,COM,33829M101,11507,90000,SH,,SOLE,,90000,0,0
81,F M C CORP,COM NEW,302491303,3986,39936,SH,,SOLE,,39936,0,0
82,FORTIVE CORP,COM,34959J108,20092,263017,SH,,SOLE,,263017,0,0
83,FORTY SEVEN INC,COM,34983P104,984,25000,SH,,SOLE,,25000,0,0
84,FREEPORT-MCMORAN INC,CL B,35671D857,14770,1125755,SH,,SOLE,,1125755,0,0
85,ISHARES TR,CHINA LG-CAP ETF,464287184,43630,1000000,SH,Call,SOLE,,1000000,0,0
86,ISHARES TR,CHINA LG-CAP ETF,464287184,50175,1150000,SH,,SOLE,,1150000,0,0
87,GDS HLDGS LTD,SPONSORED ADS,36165L108,23727,460000,SH,,SOLE,,460000,0,0
88,GOLAR LNG LTD,NOTE 2.750% 2/1,38046YAB7,1801,2000000,SH,,SOLE,,2000000,0,0
89,GOLAR LNG LTD BERMUDA,SHS,G9456A100,7110,500000,SH,,SOLE,,500000,0,0
90,GOLD FIELDS LTD NEW,SPONSORED ADR,38059T106,6600,1000000,SH,,SOLE,,1000000,0,0
91,GREENLANE HLDGS INC,CL A,395330103,2872,882352,SH,,SOLE,,882352,0,0
92,GRIFOLS S A,SP ADR REP B NVT,398438408,3386,145396,SH,,SOLE,,145396,0,0
93,GS ACQUISITION HLDGS CORP,*W EXP 06/12/202,36255F110,691,300000,SH,,SOLE,,300000,0,0
94,HAYMAKER ACQUISITION CORP II,*W EXP 10/31/202,42087L119,360,250000,SH,,SOLE,,250000,0,0
95,HENNESSY CAP ACQUSTION CORP,*W EXP 09/05/202,42589C112,240,300000,SH,,SOLE,,300000,0,0
96,HENNESSY CAP ACQUSTION CORP,CL A COM,42589C104,4064,400000,SH,,SOLE,,400000,0,0
97,HERON THERAPEUTICS INC,COM,427746102,5935,252564,SH,,SOLE,,252564,0,0
98,HIGHLAND INCOME FUND,HIGHLAND INCOME,43010E404,835,67169,SH,,SOLE,,67169,0,0
99,HOSTESS BRANDS INC,*W EXP 11/04/202,44109J114,394,200000,SH,,SOLE,,200000,0,0
100,INGERSOLL-RAND PLC,SHS,G47791101,5317,40000,SH,,SOLE,,40000,0,0
101,INSMED INC,COM PAR $.01,457669307,1791,75000,SH,,SOLE,,75000,0,0
102,INSTRUCTURE INC,COM,45781U103,1479,30684,SH,,SOLE,,30684,0,0
103,IOVANCE BIOTHERAPEUTICS INC,COM,462260100,3766,136040,SH,,SOLE,,136040,0,0
104,ISHARES TR,IBOXX HI YD ETF,464288513,89699,1020000,SH,,SOLE,,1020000,0,0
105,ISHARES INC,MSCI STH KOR ETF,464286772,4975,80000,SH,Call,SOLE,,80000,0,0
106,ISHARES SILVER TRUST,ISHARES,46428Q109,5004,300000,SH,,SOLE,,300000,0,0
107,JD COM INC,SPON ADR CL A,47215P106,89660,2545000,SH,,SOLE,,2545000,0,0
108,JINKOSOLAR HLDG CO LTD,SPONSORED ADR,47759T100,675,30000,SH,,SOLE,,30000,0,0
109,KB HOME,COM,48666K109,1714,50000,SH,,SOLE,,50000,0,0
110,KNIGHT SWIFT TRANSN HLDGS IN,CL A,499049104,2688,75000,SH,,SOLE,,75000,0,0
111,L3HARRIS TECHNOLOGIES INC,COM,502431109,11378,57500,SH,,SOLE,,57500,0,0
112,LENNAR CORP,CL B,526057302,7599,170000,SH,,SOLE,,170000,0,0
113,LENNOX INTL INC,COM,526107107,3926,16092,SH,,SOLE,,16092,0,0
114,LINDE PLC,SHS,G5494J103,6493,30500,SH,,SOLE,,30500,0,0
115,LIVONGO HEALTH INC,COM,539183103,1253,50000,SH,,SOLE,,50000,0,0
116,LOGMEIN INC,COM,54142L109,3001,35000,SH,,SOLE,,35000,0,0
117,LOUISIANA PAC CORP,COM,546347105,9915,334164,SH,,SOLE,,334164,0,0
118,LOWES COS INC,COM,548661107,24053,200847,SH,,SOLE,,200847,0,0
119,LULULEMON ATHLETICA INC,COM,550021109,11584,50000,SH,,SOLE,,50000,0,0
120,MACQUARIE INFRASTRUCTURE COR,COM,55608B105,2785,65000,SH,,SOLE,,65000,0,0
121,MADISON SQUARE GARDEN CO NEW,CL A,55825T103,2501,8500,SH,,SOLE,,8500,0,0
122,MASTERCARD INC,CL A,57636Q104,48521,162500,SH,,SOLE,,162500,0,0
123,MATCH GROUP INC,COM,57665R106,14369,175000,SH,,SOLE,,175000,0,0
124,MEDICINES CO,COM,584688105,8494,100000,SH,,SOLE,,100000,0,0
125,MEDICINES CO,COM,584688105,8494,100000,SH,Put,SOLE,,100000,0,0
126,MICROCHIP TECHNOLOGY INC,COM,595017104,14137,135000,SH,,SOLE,,135000,0,0
127,MICRON TECHNOLOGY INC,COM,595112103,2151,40000,SH,Call,SOLE,,40000,0,0
128,MICRON TECHNOLOGY INC,COM,595112103,6185,115000,SH,,SOLE,,115000,0,0
129,MICROSOFT CORP,COM,594918104,19713,125000,SH,,SOLE,,125000,0,0
130,MINERVA NEUROSCIENCES INC,COM,603380106,533,75000,SH,,SOLE,,75000,0,0
131,MOMENTA PHARMACEUTICALS INC,COM,60877T100,1558,78952,SH,,SOLE,,78952,0,0
132,ISHARES TR,MSCI EMG MKT ETF,464287234,22435,500000,SH,Put,SOLE,,500000,0,0
133,ISHARES TR,MSCI EMG MKT ETF,464287234,25118,559800,SH,,SOLE,,559800,0,0
134,NEBULA ACQUISITION CORP,*W EXP 03/12/202,629076118,517,413333,SH,,SOLE,,413333,0,0
135,NEBULA ACQUISITION CORP,COM CLASS A,629076100,13070,1240000,SH,,SOLE,,1240000,0,0
136,NETEASE INC,SPONSORED ADS,64110W102,15332,50000,SH,,SOLE,,50000,0,0
137,NETFLIX INC,COM,64110L106,12943,40000,SH,Call,SOLE,,40000,0,0
138,NETFLIX INC,COM,64110L106,32357,100000,SH,,SOLE,,100000,0,0
139,NEWMONT GOLDCORP CORPORATION,COM,651639106,12299,283059,SH,,SOLE,,283059,0,0
140,NEW ORIENTAL ED & TECH GRP I,SPON ADR,647581107,36375,300000,SH,,SOLE,,300000,0,0
141,NEXTCURE INC,COM,65343E108,544,9656,SH,,SOLE,,9656,0,0
142,NVENT ELECTRIC PLC,SHS,G6700G107,7078,276706,SH,,SOLE,,276706,0,0
143,NVIDIA CORP,COM,67066G104,8236,35000,SH,,SOLE,,35000,0,0
144,NXP SEMICONDUCTORS N V,COM,N6596X109,11453,90000,SH,,SOLE,,90000,0,0
145,OLLIES BARGAIN OUTLT HLDGS I,COM,681116109,6531,100000,SH,,SOLE,,100000,0,0
146,ONECONNECT FINL TECHNOLOGY C,SPONSORED ADS,68248T105,2006,200000,SH,,SOLE,,200000,0,0
147,OSHKOSH CORP,COM,688239201,4019,42463,SH,,SOLE,,42463,0,0
148,PAYCOM SOFTWARE INC,COM,70432V102,3177,12000,SH,,SOLE,,12000,0,0
149,PAYPAL HLDGS INC,COM,70450Y103,67606,625000,SH,,SOLE,,625000,0,0
150,PENSKE AUTOMOTIVE GRP INC,COM,70959W103,3264,65000,SH,,SOLE,,65000,0,0
151,PILGRIMS PRIDE CORP NEW,COM,72147K108,3999,122249,SH,,SOLE,,122249,0,0
152,PORTOLA PHARMACEUTICALS INC,COM,737010108,1885,78947,SH,,SOLE,,78947,0,0
153,PPG INDS INC,COM,693506107,6323,47368,SH,,SOLE,,47368,0,0
154,PRETIUM RES INC,COM,74139C102,2504,225000,SH,,SOLE,,225000,0,0
155,PROGRESSIVE CORP OHIO,COM,743315103,30766,425000,SH,,SOLE,,425000,0,0
156,PTC THERAPEUTICS INC,COM,69366J200,10116,210611,SH,,SOLE,,210611,0,0
157,Q2 HLDGS INC,COM,74736L109,8108,100000,SH,,SOLE,,100000,0,0
158,QORVO INC,COM,74736K101,1988,17100,SH,,SOLE,,17100,0,0
159,QUANTA SVCS INC,COM,74762E102,7666,188316,SH,,SOLE,,188316,0,0
160,RA PHARMACEUTICALS INC,COM,74933V108,939,20000,SH,Put,SOLE,,20000,0,0
161,RAPID7 INC,COM,753422104,6442,115000,SH,,SOLE,,115000,0,0
162,REALOGY HLDGS CORP,COM,75605Y106,18876,1950000,SH,,SOLE,,1950000,0,0
163,RESTAURANT BRANDS INTL INC,COM,76131D103,10747,168529,SH,,SOLE,,168529,0,0
164,RMG ACQUISITION CORP,*W EXP 02/21/202,749641114,135,233333,SH,,SOLE,,233333,0,0
165,ISHARES TR,RUSSELL 2000 ETF,464287655,12425,75000,SH,Put,SOLE,,75000,0,0
166,RYDER SYS INC,COM,783549108,4124,75932,SH,,SOLE,,75932,0,0
167,SALESFORCE COM INC,COM,79466L302,14304,87950,SH,,SOLE,,87950,0,0
168,SAVARA INC,COM,805111101,448,100000,SH,,SOLE,,100000,0,0
169,SC HEALTH CORP,*W EXP 99/99/999,G78516401,288,300000,SH,,SOLE,,300000,0,0
170,SC HEALTH CORP,COM CL A,G78516203,5964,600000,SH,,SOLE,,600000,0,0
171,SCHOLAR ROCK HLDG CORP,COM,80706P103,1779,135000,SH,,SOLE,,135000,0,0
172,SERVICENOW INC,COM,81762P102,15861,56180,SH,,SOLE,,56180,0,0
173,SHERWIN WILLIAMS CO,COM,824348106,13421,23000,SH,,SOLE,,23000,0,0
174,SHOCKWAVE MED INC,COM,82489T104,1098,25000,SH,,SOLE,,25000,0,0
175,SIBANYE STILLWATER,SPONSORED ADR,825724206,3476,350000,SH,,SOLE,,350000,0,0
176,SNAP INC,CL A,83304A106,21229,1300000,SH,,SOLE,,1300000,0,0
177,SOUTH MTN MERGER CORP,*W EXP 06/20/202,838884112,213,250000,SH,,SOLE,,250000,0,0
178,SPDR S&P 500 ETF TR,TR UNIT,78462F103,160930,500000,SH,Put,SOLE,,500000,0,0
179,SPDR SERIES TRUST,S&P OILGAS EXP,78464A730,7110,300000,SH,Call,SOLE,,300000,0,0
180,STANLEY BLACK & DECKER INC,COM,854502101,5960,35959,SH,,SOLE,,35959,0,0
181,STATE STR CORP,COM,857477103,49438,625000,SH,,SOLE,,625000,0,0
182,STEEL DYNAMICS INC,COM,858119100,6297,185000,SH,,SOLE,,185000,0,0
183,SUNDIAL GROWERS INC,COM,86730L109,2894,961432,SH,,SOLE,,961432,0,0
184,SUNRUN INC,COM,86771W105,483,35000,SH,,SOLE,,35000,0,0
185,SVB FINL GROUP,COM,78486Q101,20083,80000,SH,,SOLE,,80000,0,0
186,SYNCHRONY FINL,COM,87165B103,34210,950000,SH,,SOLE,,950000,0,0
187,TARGET HOSPITALITY CORP,*W EXP 03/15/202,87615L115,208,400000,SH,,SOLE,,400000,0,0
188,TARGET HOSPITALITY CORP,COM,87615L107,4825,965000,SH,,SOLE,,965000,0,0
189,TD AMERITRADE HLDG CORP,COM,87236Y108,5964,120000,SH,,SOLE,,120000,0,0
190,TECH DATA CORP,COM,878237106,4733,32962,SH,,SOLE,,32962,0,0
191,TECK RESOURCES LTD,CL B,878742204,21473,1236188,SH,,SOLE,,1236188,0,0
192,TERNIUM SA,SPONSORED ADS,880890108,990,45000,SH,,SOLE,,45000,0,0
193,THERAVANCE BIOPHARMA INC,COM,G8807B106,1295,50000,SH,,SOLE,,50000,0,0
194,TIFFANY & CO NEW,COM,886547108,26730,200000,SH,,SOLE,,200000,0,0
195,TIMKEN CO,COM,887389104,14205,252263,SH,,SOLE,,252263,0,0
196,TILRAY INC,NOTE 5.000%10/0,88688TAB6,2935,5500000,SH,,SOLE,,5500000,0,0
197,TOLL BROTHERS INC,COM,889478103,8462,214180,SH,,SOLE,,214180,0,0
198,TRADEWEB MKTS INC,CL A,892672106,6953,150000,SH,,SOLE,,150000,0,0
199,TRONOX HOLDINGS PLC,SHS,G9087Q102,4574,400562,SH,,SOLE,,400562,0,0
200,TYME TECHNOLOGIES INC,COM,90238J103,210,150000,SH,,SOLE,,150000,0,0
201,TYSON FOODS INC,CL A,902494103,15240,167404,SH,,SOLE,,167404,0,0
202,UBER TECHNOLOGIES INC,COM,90353T100,11896,400000,SH,,SOLE,,400000,0,0
203,UNION PACIFIC CORP,COM,907818108,8136,45000,SH,,SOLE,,45000,0,0
204,UNIQURE NV,SHS,N90064101,5011,69930,SH,,SOLE,,69930,0,0
205,UNITED STATES STL CORP NEW,COM,912909108,2282,200000,SH,Put,SOLE,,200000,0,0
206,UNITED TECHNOLOGIES CORP,COM,913017109,9847,65750,SH,,SOLE,,65750,0,0
207,UNIVAR SOLUTIONS INC,COM,91336L107,5477,225944,SH,,SOLE,,225944,0,0
208,URBAN OUTFITTERS INC,COM,917047102,6943,250000,SH,,SOLE,,250000,0,0
209,US FOODS HLDG CORP,COM,912008109,10473,250000,SH,,SOLE,,250000,0,0
210,VALERO ENERGY CORP NEW,COM,91913Y100,6956,74276,SH,,SOLE,,74276,0,0
211,VECTOIQ ACQUISITION CORP,*W EXP 05/11/202,92243N111,250,500000,SH,,SOLE,,500000,0,0
212,VIEWRAY INC,COM,92672L107,485,115000,SH,,SOLE,,115000,0,0
213,VIRGIN GALACTIC HOLDINGS INC,COM,92766K106,13167,1140000,SH,,SOLE,,1140000,0,0
214,VISA INC,COM CL A,92826C839,23488,125000,SH,,SOLE,,125000,0,0
215,VIVINT SOLAR INC,COM,92854Q106,363,50000,SH,,SOLE,,50000,0,0
216,VOYA FINL INC,COM,929089100,18294,300000,SH,,SOLE,,300000,0,0
217,DISNEY WALT CO,COM DISNEY,254687106,48451,335000,SH,,SOLE,,335000,0,0
218,WARRIOR MET COAL INC,COM,93627C101,2641,125000,SH,,SOLE,,125000,0,0
219,WELLCARE HEALTH PLANS INC,COM,94946T106,3302,10000,SH,,SOLE,,10000,0,0
220,WENDYS CO,COM,95058W100,13881,625000,SH,,SOLE,,625000,0,0
221,WESCO INTL INC,COM,95082P105,2970,50000,SH,,SOLE,,50000,0,0
222,WESTERN DIGITAL CORP,COM,958102105,3174,50000,SH,,SOLE,,50000,0,0
223,WESTLAKE CHEM CORP,COM,960413102,2041,29088,SH,,SOLE,,29088,0,0
224,WHEATON PRECIOUS METALS CORP,COM,962879102,7874,264658,SH,,SOLE,,264658,0,0
225,GRACE W R & CO DEL NEW,COM,38388F108,2794,40000,SH,,SOLE,,40000,0,0
226,WRIGHT MED GROUP N V,ORD SHS,N96617118,9144,300000,SH,,SOLE,,300000,0,0
227,WW INTL INC,COM,98262P101,16239,425000,SH,Call,SOLE,,425000,0,0
228,WW INTL INC,COM,98262P101,4776,125000,SH,,SOLE,,125000,0,0
229,WYNN RESORTS LTD,COM,983134107,15623,112500,SH,,SOLE,,112500,0,0
230,XENON PHARMACEUTICALS INC,COM,98420N105,656,50000,SH,,SOLE,,50000,0,0
231,XERIS PHARMACEUTICALS INC,COM,98422L107,353,50000,SH,,SOLE,,50000,0,0
232,YUM BRANDS INC,COM,988498101,12591,125000,SH,,SOLE,,125000,0,0
233,ZAYO GROUP HLDGS INC,COM,98919V105,11781,340000,SH,,SOLE,,340000,0,0
234,ZENDESK INC,COM,98936J101,9579,125000,SH,,SOLE,,125000,0,0
