,NAME OF ISSUER,TITLE OF CLASS,CUSIP,(x$1000),PRN AMT,PRN,CALL,DISCRETION,MANAGER,SOLE,SHARED,NONE
0,ACTIVISION BLIZZARD INC,COM,00507V109,22896,300000,SH,,SOLE,,300000,0,0
1,ADOBE SYS INC,COM,00724F101,19505,80000,SH,,SOLE,,80000,0,0
2,ADVANCE AUTO PARTS INC,COM,00751Y106,23748,175000,SH,,SOLE,,175000,0,0
3,AERPIO PHARMACEUTICALS INC,COM,00810B105,415,100000,SH,,SOLE,,100000,0,0
4,ALIBABA GROUP HLDG LTD,SPONSORED ADS,01609W102,55659,300000,SH,,SOLE,,300000,0,0
5,ALPHABET INC,CAP STK CL A,02079K305,53637,47500,SH,,SOLE,,47500,0,0
6,ALTA MESA RES INC,*W EXP 03/28/202,02133L117,700,500000,SH,,SOLE,,500000,0,0
7,ALTABA INC,COM,021346101,35507,485000,SH,,SOLE,,485000,0,0
8,AMAZON COM INC,COM,023135106,154682,91000,SH,,SOLE,,91000,0,0
9,AMERICAN EAGLE OUTFITTERS NE,COM,02553E106,16856,725000,SH,,SOLE,,725000,0,0
10,AMERICAN EQTY INVT LIFE HLD,COM,025676206,1484,41209,SH,,SOLE,,41209,0,0
11,AMERIPRISE FINL INC,COM,03076C106,27976,200000,SH,,SOLE,,200000,0,0
12,ANADARKO PETE CORP,COM,032511107,2491,34000,SH,,SOLE,,34000,0,0
13,ANALOG DEVICES INC,COM,032654105,19184,200000,SH,,SOLE,,200000,0,0
14,AT&T INC,COM,00206R102,6422,200000,SH,Call,SOLE,,200000,0,0
15,AT&T INC,COM,00206R102,21193,660000,SH,,SOLE,,660000,0,0
16,ATLANTICA YIELD PLC,SHS,G0751N103,12195,604300,SH,,SOLE,,604300,0,0
17,AVISTA HEALTHCARE PUB ACQ CO,*W EXP 99/99/999,G0726L117,685,1490000,SH,,SOLE,,1490000,0,0
18,AVISTA HEALTHCARE PUB ACQ CO,CL A,G0726L125,12939,1290000,SH,,SOLE,,1290000,0,0
19,AXALTA COATING SYS LTD,COM,G0750C108,4078,134541,SH,,SOLE,,134541,0,0
20,AXOGEN INC,COM,05463X106,1256,25000,SH,,SOLE,,25000,0,0
21,AZUL S A,SPONSR ADR PFD,05501U106,1636,100000,SH,Call,SOLE,,100000,0,0
22,AZUL S A,SPONSR ADR PFD,05501U106,1636,100000,SH,,SOLE,,100000,0,0
23,BANC OF CALIFORNIA INC,COM,05990K106,9775,500000,SH,Put,SOLE,,500000,0,0
24,BANK AMER CORP,COM,060505104,4088,145000,SH,,SOLE,,145000,0,0
25,BARCLAYS BK PLC,IPATH S&P500 VIX,06746L422,15725,425000,SH,Call,SOLE,,425000,0,0
26,BEST BUY INC,COM,086516101,11187,150000,SH,,SOLE,,150000,0,0
27,BJS WHSL CLUB HLDGS INC,COM,05550J101,1774,75000,SH,,SOLE,,75000,0,0
28,BOSTON OMAHA CORP,COM,101044105,1580,75000,SH,,SOLE,,75000,0,0
29,BROADCOM INC,COM,11135F101,26690,110000,SH,,SOLE,,110000,0,0
30,BUNGE LIMITED,COM,G16962105,5833,83674,SH,,SOLE,,83674,0,0
31,CALIFORNIA RES CORP,COM NEW,13057Q206,2499,55000,SH,,SOLE,,55000,0,0
32,CAMECO CORP,COM,13321L108,4388,390000,SH,,SOLE,,390000,0,0
33,CANADIAN NATL RY CO,COM,136375102,3270,40000,SH,,SOLE,,40000,0,0
34,CANADIAN PAC RY LTD,COM,13645T100,6406,35000,SH,,SOLE,,35000,0,0
35,CAPITOL INVT CORP IV,*W EXP 01/01/202,G18920127,163,116666,SH,,SOLE,,116666,0,0
36,CAPITOL INVT CORP IV,CL A ORD,G18920101,3455,350000,SH,,SOLE,,350000,0,0
37,CARMAX INC,COM,143130102,27326,375000,SH,,SOLE,,375000,0,0
38,CARNIVAL CORP,UNIT 99/99/9999,143658300,10029,175000,SH,,SOLE,,175000,0,0
39,CHENIERE ENERGY INC,COM NEW,16411R208,25293,387983,SH,,SOLE,,387983,0,0
40,CITIGROUP INC,COM NEW,172967424,5688,85000,SH,,SOLE,,85000,0,0
41,CLOVIS ONCOLOGY INC,COM,189464100,1137,25000,SH,,SOLE,,25000,0,0
42,CLOVIS ONCOLOGY INC,NOTE 1.250% 5/0,189464AC4,1378,1500000,SH,,SOLE,,1500000,0,0
43,CME GROUP INC,COM CL A,12572Q105,32999,201312,SH,,SOLE,,201312,0,0
44,COLLEGIUM PHARMACEUTICAL INC,COM,19459J104,596,25000,SH,,SOLE,,25000,0,0
45,COLONY CAP INC NEW,CL A COM,19626G108,936,150000,SH,,SOLE,,150000,0,0
46,COLUMBIA FINL INC,COM,197641103,1655,100000,SH,,SOLE,,100000,0,0
47,COMCAST CORP NEW,CL A,20030N101,3281,100000,SH,Call,SOLE,,100000,0,0
48,COMCAST CORP NEW,CL A,20030N101,4922,150000,SH,,SOLE,,150000,0,0
49,CONAGRA BRANDS INC,COM,205887102,3573,100000,SH,Call,SOLE,,100000,0,0
50,CONOCOPHILLIPS,COM,20825C104,2994,43000,SH,,SOLE,,43000,0,0
51,CONSTELLATION BRANDS INC,CL A,21036P108,16415,75000,SH,,SOLE,,75000,0,0
52,CONTINENTAL RESOURCES INC,COM,212015101,2267,35000,SH,,SOLE,,35000,0,0
53,CROWN CASTLE INTL CORP NEW,COM,22822V101,21564,200000,SH,,SOLE,,200000,0,0
54,CROWN HOLDINGS INC,COM,228368106,8952,200000,SH,Call,SOLE,,200000,0,0
55,CTRIP COM INTL LTD,AMERICAN DEP SHS,22943F100,9526,200000,SH,,SOLE,,200000,0,0
56,CUTERA INC,COM,232109108,1209,30000,SH,,SOLE,,30000,0,0
57,CYPRESS SEMICONDUCTOR CORP,COM,232806109,7401,475000,SH,,SOLE,,475000,0,0
58,DARDEN RESTAURANTS INC,COM,237194105,14242,133027,SH,,SOLE,,133027,0,0
59,DEERE & CO,COM,244199105,11184,80000,SH,,SOLE,,80000,0,0
60,DELTA AIR LINES INC DEL,COM NEW,247361702,8174,165000,SH,,SOLE,,165000,0,0
61,DEPOMED INC,NOTE 2.500% 9/0,249908AA2,3265,4000000,SH,,SOLE,,4000000,0,0
62,DEVON ENERGY CORP NEW,COM,25179M103,33278,757000,SH,,SOLE,,757000,0,0
63,DFB HEALTHCARE ACQUISITIONS,COM,23291E109,9650,1000000,SH,,SOLE,,1000000,0,0
64,DFB HEALTHCARE ACQUISTION CO,*W EXP 04/11/202,23291E117,433,333333,SH,,SOLE,,333333,0,0
65,DOMO INC,COM CL B,257554105,23683,867500,SH,,SOLE,,867500,0,0
66,DOWDUPONT INC,COM,26078J100,8899,135000,SH,,SOLE,,135000,0,0
67,DSW INC,CL A,23334L102,7746,300000,SH,,SOLE,,300000,0,0
68,DUKE ENERGY CORP NEW,COM NEW,26441C204,1186,15000,SH,,SOLE,,15000,0,0
69,EDISON INTL,COM,281020107,2151,34000,SH,,SOLE,,34000,0,0
70,ELECTRONIC ARTS INC,COM,285512109,21153,150000,SH,,SOLE,,150000,0,0
71,EMERSON ELEC CO,COM,291011104,4148,60000,SH,,SOLE,,60000,0,0
72,EQT CORP,COM,26884L109,69361,1256987,SH,,SOLE,,1256987,0,0
73,ESTRE AMBIENTAL INC,*W EXP 12/21/202,G3206V118,100,250000,SH,,SOLE,,250000,0,0
74,EVOLENT HEALTH INC,CL A,30050B101,1053,50000,SH,,SOLE,,50000,0,0
75,EXACT SCIENCES CORP,DBCV 1.000% 1/1,30063PAA3,1584,1500000,SH,,SOLE,,1500000,0,0
76,FACEBOOK INC,CL A,30303M102,78700,405000,SH,,SOLE,,405000,0,0
77,FAR PT ACQUISITION CORP,UNIT 06/01/2025,30734W208,5095,500000,SH,,SOLE,,500000,0,0
78,FEDERAL STR ACQUISITION CORP,*W EXP 07/24/202,31421V115,625,500000,SH,,SOLE,,500000,0,0
79,FEDERAL STR ACQUISITION CORP,CL A,31421V107,9770,1000000,SH,,SOLE,,1000000,0,0
80,FIRST BANCORP P R,COM NEW,318672706,73516,9609915,SH,,SOLE,,9609915,0,0
81,FIRST DATA CORP NEW,COM CL A,32008D106,31395,1500000,SH,,SOLE,,1500000,0,0
82,FOOT LOCKER INC,COM,344849104,19744,375000,SH,,SOLE,,375000,0,0
83,FORESCOUT TECHNOLOGIES INC,COM,34553D101,17717,517122,SH,,SOLE,,517122,0,0
84,FOREST CITY RLTY TR INC,COM CL A,345605109,5360,235000,SH,,SOLE,,235000,0,0
85,GAP INC DEL,COM,364760108,24293,750000,SH,,SOLE,,750000,0,0
86,GCP APPLIED TECHNOLOGIES INC,COM,36164Y101,7238,250000,SH,Call,SOLE,,250000,0,0
87,GCP APPLIED TECHNOLOGIES INC,COM,36164Y101,80513,2781112,SH,,SOLE,,2781112,0,0
88,GDS HLDGS LTD,SPONSORED ADR,36165L108,117836,2939290,SH,,SOLE,,2939290,0,0
89,GENERAL MTRS CO,COM,37045V100,3940,100000,SH,Call,SOLE,,100000,0,0
90,GENERAL MTRS CO,COM,37045V100,15760,400000,SH,,SOLE,,400000,0,0
91,GIGCAPITAL INC,*W EXP 06/08/202,37518N122,84,187500,SH,,SOLE,,187500,0,0
92,GIGCAPITAL INC,COM,37518N106,2465,250000,SH,,SOLE,,250000,0,0
93,GIGCAPITAL INC,RIGHT 03/06/2020,37518N114,113,250000,SH,,SOLE,,250000,0,0
94,GLOBAL X FDS,GLOBAL X SILVER,37954Y848,6506,225276,SH,,SOLE,,225276,0,0
95,GLOBAL X FDS,GLOBAL X URANIUM,37954Y871,3976,308905,SH,,SOLE,,308905,0,0
96,GLYCOMIMETICS INC,COM,38000Q102,1613,100000,SH,,SOLE,,100000,0,0
97,GOLAR LNG LTD,NOTE 2.750% 2/1,38046YAB7,6503,6000000,SH,,SOLE,,6000000,0,0
98,GORES HLDGS II INC,*W EXP 01/13/202,382867117,987,533333,SH,,SOLE,,533333,0,0
99,GORES HLDGS II INC,COM CL A,382867109,15255,1500000,SH,,SOLE,,1500000,0,0
100,GRACE W R & CO DEL NEW,COM,38388F108,4472,61000,SH,,SOLE,,61000,0,0
101,GRUBHUB INC,COM,400110102,9966,95000,SH,,SOLE,,95000,0,0
102,GS ACQUISITION HOLDINGS CORP,UNIT 06/12/2023,36255F201,15375,1500000,SH,,SOLE,,1500000,0,0
103,GTY TECHNOLOGY HOLDINGS INC,*W EXP 10/25/202,G4182A128,1178,942666,SH,,SOLE,,942666,0,0
104,GTY TECHNOLOGY HOLDINGS INC,CL A,G4182A102,16096,1600000,SH,,SOLE,,1600000,0,0
105,GW PHARMACEUTICALS PLC,ADS,36197T103,2791,20000,SH,,SOLE,,20000,0,0
106,HAYMAKER ACQUISITION CORP,*W EXP 10/27/202,420870115,111,125000,SH,,SOLE,,125000,0,0
107,HAYMAKER ACQUISITION CORP,COM CLASS A,420870107,2455,250000,SH,,SOLE,,250000,0,0
108,HERBALIFE NUTRITION LTD,COM SHS,G4412G101,3492,65000,SH,Put,SOLE,,65000,0,0
109,HESS CORP,COM,42809H107,2943,44000,SH,,SOLE,,44000,0,0
110,HONEYWELL INTL INC,COM,438516106,2161,15000,SH,,SOLE,,15000,0,0
111,HOSTESS BRANDS INC,*W EXP 11/04/202,44109J114,340,200000,SH,,SOLE,,200000,0,0
112,HUDSON LTD,COM CL A,G46408103,17490,1000000,SH,,SOLE,,1000000,0,0
113,HUNTER MARITIME ACQUISITION,*W EXP 11/17/202,Y37828129,151,350000,SH,,SOLE,,350000,0,0
114,HUNTER MARITIME ACQUISITION,CL A,Y37828111,6916,700000,SH,,SOLE,,700000,0,0
115,IBERIABANK CORP,COM,450828108,4813,63497,SH,,SOLE,,63497,0,0
116,INFRAREIT INC,COM,45685L100,355,16000,SH,,SOLE,,16000,0,0
117,INTERXION HOLDING N.V,SHS,N47279109,31153,499090,SH,,SOLE,,499090,0,0
118,INVESCO QQQ TR,UNIT SER 1,46090E103,240310,1400000,SH,Put,SOLE,,1400000,0,0
119,INVESTORS BANCORP INC NEW,COM,46146L101,3749,293083,SH,,SOLE,,293083,0,0
120,IOVANCE BIOTHERAPEUTICS INC,COM,462260100,640,50000,SH,,SOLE,,50000,0,0
121,ISHARES INC,MSCI MEXICO ETF,464286822,4714,100000,SH,Call,SOLE,,100000,0,0
122,ISHARES SILVER TRUST,ISHARES,46428Q109,3030,200000,SH,Call,SOLE,,200000,0,0
123,ISHARES TR,CHINA LG-CAP ETF,464287184,77346,1800000,SH,Call,SOLE,,1800000,0,0
124,ISHARES TR,IBOXX HI YD ETF,464288513,63810,750000,SH,Put,SOLE,,750000,0,0
125,ISHARES TR,MSCI EMG MKT ETF,464287234,225316,5200000,SH,Call,SOLE,,5200000,0,0
126,JAGGED PEAK ENERGY INC,COM,47009K107,977,75000,SH,,SOLE,,75000,0,0
127,KARYOPHARM THERAPEUTICS INC,COM,48576U106,2549,150000,SH,,SOLE,,150000,0,0
128,KAYNE ANDERSON ACQUISITION,*W EXP 06/30/202,48661U110,600,500000,SH,,SOLE,,500000,0,0
129,KAYNE ANDERSON ACQUISITION,COM CL A,48661U102,14850,1500000,SH,,SOLE,,1500000,0,0
130,KIMCO RLTY CORP,COM,49446R109,1699,100000,SH,Call,SOLE,,100000,0,0
131,KNIGHT SWIFT TRANSN HLDGS IN,CL A,499049104,2866,75000,SH,,SOLE,,75000,0,0
132,LADDER CAP CORP,CL A,505743104,3905,250000,SH,,SOLE,,250000,0,0
133,LANDCADIA HLDGS INC,*W EXP 06/01/202,51476W115,457,550000,SH,,SOLE,,550000,0,0
134,LEGACY ACQUISITION CORP,*W EXP 11/30/202,524643111,215,500000,SH,,SOLE,,500000,0,0
135,LEGACY ACQUISITION CORP,COM CL A,524643103,4810,500000,SH,,SOLE,,500000,0,0
136,LENNAR CORP,CL B,526057302,6404,150000,SH,,SOLE,,150000,0,0
137,LIONS GATE ENTMNT CORP,CL A VTG,535919401,12627,508747,SH,,SOLE,,508747,0,0
138,LOWES COS INC,COM,548661107,9557,100000,SH,,SOLE,,100000,0,0
139,LYONDELLBASELL INDUSTRIES N,SHS - A -,N53745100,1648,15000,SH,,SOLE,,15000,0,0
140,MACERICH CO,COM,554382101,3923,69027,SH,,SOLE,,69027,0,0
141,MACQUARIE INFRASTRUCTURE COR,COM,55608B105,8440,200000,SH,,SOLE,,200000,0,0
142,MARATHON OIL CORP,COM,565849106,2962,142000,SH,,SOLE,,142000,0,0
143,MARVELL TECHNOLOGY GROUP LTD,COM,G5876H105,9862,460000,SH,,SOLE,,460000,0,0
144,MASCO CORP,COM,574599106,5613,150000,SH,,SOLE,,150000,0,0
145,MASTERCARD INCORPORATED,CL A,57636Q104,43234,220000,SH,,SOLE,,220000,0,0
146,MAXIM INTEGRATED PRODS INC,COM,57772K101,2933,50000,SH,,SOLE,,50000,0,0
147,MEIRAGTX HOLDINGS PLC,COM,G59665102,1146,100000,SH,,SOLE,,100000,0,0
148,MERCK & CO INC,COM,58933Y105,3035,50000,SH,Call,SOLE,,50000,0,0
149,MGM RESORTS INTERNATIONAL,COM,552953101,3629,125000,SH,,SOLE,,125000,0,0
150,MICHAEL KORS HLDGS LTD,COM,G60754101,23310,350000,SH,,SOLE,,350000,0,0
151,MICROCHIP TECHNOLOGY INC,COM,595017104,18654,205100,SH,,SOLE,,205100,0,0
152,MICRON TECHNOLOGY INC,COM,595112103,9701,185000,SH,,SOLE,,185000,0,0
153,MICROSOFT CORP,COM,594918104,55715,565000,SH,,SOLE,,565000,0,0
154,MINERVA NEUROSCIENCES INC,COM,603380106,1650,200000,SH,,SOLE,,200000,0,0
155,MOMO INC,COM,60879B107,41978,965000,SH,,SOLE,,965000,0,0
156,MONEYGRAM INTL INC,COM NEW,60935Y208,1038,155167,SH,,SOLE,,155167,0,0
157,MONSTER BEVERAGE CORP NEW,COM,61174X109,10028,175000,SH,,SOLE,,175000,0,0
158,MOSAIC ACQUISITION CORP,*W EXP 10/23/202,G62848125,440,366666,SH,,SOLE,,366666,0,0
159,MOSAIC ACQUISITION CORP,SHS CL A,G62848109,10648,1100000,SH,,SOLE,,1100000,0,0
160,NEBULA ACQUISITION CORP,*W EXP 03/12/202,629076118,620,413333,SH,,SOLE,,413333,0,0
161,NEBULA ACQUISITION CORP,COM CLASS A,629076100,11966,1240000,SH,,SOLE,,1240000,0,0
162,NEW FRONTIER CORP,UNIT 99/99/9999,G6485P116,5025,500000,SH,,SOLE,,500000,0,0
163,NEW YORK CMNTY BANCORP INC,COM,649445103,1104,100000,SH,Call,SOLE,,100000,0,0
164,NUTANIX INC,CL A,67059N108,7736,150000,SH,,SOLE,,150000,0,0
165,NVIDIA CORP,COM,67066G104,26059,110000,SH,,SOLE,,110000,0,0
166,NXP SEMICONDUCTORS N V,COM,N6596X109,234499,2146050,SH,,SOLE,,2146050,0,0
167,NXP SEMICONDUCTORS N V,COM,N6596X109,38245,350000,SH,Put,SOLE,,350000,0,0
168,OASIS PETE INC NEW,COM,674215108,3722,287000,SH,,SOLE,,287000,0,0
169,OCEAN RIG UDW INC,COM CL A,G66964118,2653,90000,SH,,SOLE,,90000,0,0
170,ON SEMICONDUCTOR CORP,COM,682189105,8894,400000,SH,,SOLE,,400000,0,0
171,OPTINOSE INC,COM,68404V100,839,30000,SH,,SOLE,,30000,0,0
172,OWENS CORNING NEW,COM,690742101,4753,75000,SH,,SOLE,,75000,0,0
173,PARSLEY ENERGY INC,CL A,701877102,1211,40000,SH,,SOLE,,40000,0,0
174,PATTERSON UTI ENERGY INC,COM,703481101,4086,227000,SH,,SOLE,,227000,0,0
175,PIONEER NAT RES CO,COM,723787107,1325,7000,SH,,SOLE,,7000,0,0
176,PLATINUM EAGLE ACQUISITIN CO,*W EXP 01/17/202,G7126L118,560,400000,SH,,SOLE,,400000,0,0
177,PLATINUM EAGLE ACQUISITIN CO,SHS CL A,G7126L100,11760,1200000,SH,,SOLE,,1200000,0,0
178,PLAYA HOTELS & RESORTS NV,SHS,N70544106,1080,100000,SH,,SOLE,,100000,0,0
179,PPL CORP,COM,69351T106,1428,50000,SH,,SOLE,,50000,0,0
180,PRAXAIR INC,COM,74005P104,26886,170000,SH,Call,SOLE,,170000,0,0
181,PRAXAIR INC,COM,74005P104,40589,256650,SH,,SOLE,,256650,0,0
182,PROVIDENT FINL SVCS INC,COM,74386T105,7293,264894,SH,,SOLE,,264894,0,0
183,PTC THERAPEUTICS INC,COM,69366J200,3373,100000,SH,,SOLE,,100000,0,0
184,PUXIN LTD,ADS,74704P108,2140,100000,SH,,SOLE,,100000,0,0
185,PVH CORP,COM,693656100,18715,125000,SH,,SOLE,,125000,0,0
186,RESOLUTE ENERGY CORP,COM NEW,76116A306,3578,114670,SH,,SOLE,,114670,0,0
187,RESTAURANT BRANDS INTL INC,COM,76131D103,15075,250000,SH,,SOLE,,250000,0,0
188,ROYAL CARIBBEAN CRUISES LTD,COM,V7780T103,10360,100000,SH,,SOLE,,100000,0,0
189,SABAN CAP ACQUISITION CORP,*W EXP 09/21/202,78516C114,878,750000,SH,,SOLE,,750000,0,0
190,SABAN CAP ACQUISITION CORP,COM CL A,78516C106,15150,1500000,SH,,SOLE,,1500000,0,0
191,SALESFORCE COM INC,COM,79466L302,17050,125000,SH,,SOLE,,125000,0,0
192,SAREPTA THERAPEUTICS INC,COM,803607100,1190,9000,SH,,SOLE,,9000,0,0
193,SCORPIO TANKERS INC,SHS,Y7542C106,1763,627300,SH,,SOLE,,627300,0,0
194,SCORPIO TANKERS INC,NOTE 3.000% 5/1,80918TAB5,3030,3000000,SH,,SOLE,,3000000,0,0
195,SCYNEXIS INC,COM,811292101,369,225000,SH,,SOLE,,225000,0,0
196,SELECT SECTOR SPDR TR,SBI INT-FINL,81369Y605,241195,9070900,SH,Call,SOLE,,9070900,0,0
197,SENSEONICS HLDGS INC,COM,81727U105,719,175000,SH,,SOLE,,175000,0,0
198,SENTINEL ENERGY SVCS INC,*W EXP 11/02/202,G8062D110,167,166666,SH,,SOLE,,166666,0,0
199,SENTINEL ENERGY SVCS INC,COM CL A,G8062D102,4925,500000,SH,,SOLE,,500000,0,0
200,SESEN BIO INC,COM,817763105,195,100000,SH,,SOLE,,100000,0,0
201,SHIRE PLC,SPONSORED ADR,82481R106,4186,24800,SH,,SOLE,,24800,0,0
202,SIMPLY GOOD FOODS CO,*W EXP 07/07/202,82900L110,1254,299900,SH,,SOLE,,299900,0,0
203,SINA CORP,ORD,G81477104,21173,250000,SH,,SOLE,,250000,0,0
204,SIX FLAGS ENTMT CORP NEW,COM,83001A102,14010,200000,SH,,SOLE,,200000,0,0
205,SOCIAL CAP HEDOSOPHIA HLDGS,*W EXP 09/14/202,G8250R129,300,166666,SH,,SOLE,,166666,0,0
206,SOCIAL CAP HEDOSOPHIA HLDGS,CL A,G8250R103,5025,500000,SH,,SOLE,,500000,0,0
207,SPDR S&P 500 ETF TR,TR UNIT,78462F103,40692,150000,SH,Call,SOLE,,150000,0,0
208,SPDR S&P 500 ETF TR,TR UNIT,78462F103,54256,200000,SH,Put,SOLE,,200000,0,0
209,SPDR S&P 500 ETF TR,TR UNIT,78462F103,25772,95000,SH,,SOLE,,95000,0,0
210,SPDR SERIES TRUST,S&P OILGAS EXP,78464A730,8612,200000,SH,Put,SOLE,,200000,0,0
211,SPDR SERIES TRUST,S&P REGL BKG,78464A698,6100,100000,SH,Call,SOLE,,100000,0,0
212,SPOTIFY TECHNOLOGY S A,SHS,L8681T102,40378,240000,SH,,SOLE,,240000,0,0
213,STEADYMED LTD,SHS,M84920103,1013,225000,SH,,SOLE,,225000,0,0
214,SVB FINL GROUP,COM,78486Q101,43314,150000,SH,,SOLE,,150000,0,0
215,T MOBILE US INC,COM,872590104,26888,450000,SH,,SOLE,,450000,0,0
216,T2 BIOSYSTEMS INC,COM,89853L104,271,35000,SH,,SOLE,,35000,0,0
217,TAKE-TWO INTERACTIVE SOFTWAR,COM,874054109,10061,85000,SH,,SOLE,,85000,0,0
218,TAL ED GROUP,SPONSORED ADS,874080104,20240,550000,SH,,SOLE,,550000,0,0
219,TARGA RES CORP,COM,87612G101,1980,40000,SH,,SOLE,,40000,0,0
220,TARGET CORP,COM,87612E106,32351,425000,SH,,SOLE,,425000,0,0
221,TD AMERITRADE HLDG CORP,COM,87236Y108,8216,150000,SH,,SOLE,,150000,0,0
222,TPG PACE ENERGY HLDGS CORP,*W EXP 99/99/999,872656111,2292,833333,SH,,SOLE,,833333,0,0
223,TPG PACE ENERGY HLDGS CORP,CL A,872656103,25001,2300000,SH,,SOLE,,2300000,0,0
224,TPG PACE HLDGS CORP,*W EXP 06/27/202,G89827110,507,300000,SH,,SOLE,,300000,0,0
225,TPG PACE HLDGS CORP,CL A,G89827128,8937,900000,SH,,SOLE,,900000,0,0
226,TRACTOR SUPPLY CO,COM,892356106,7649,100000,SH,,SOLE,,100000,0,0
227,TRANSOCEAN LTD,COM,H8817H100,2110,157000,SH,,SOLE,,157000,0,0
228,TRINITY INDS INC,COM,896522109,4111,120000,SH,,SOLE,,120000,0,0
229,TWENTY FIRST CENTY FOX INC,CL A,90130A101,19876,400000,SH,,SOLE,,400000,0,0
230,TWITTER INC,COM,90184L102,4367,100000,SH,,SOLE,,100000,0,0
231,TYME TECHNOLOGIES INC,COM,90238J103,474,150000,SH,,SOLE,,150000,0,0
232,ULTA BEAUTY INC,COM,90384S303,5837,25000,SH,,SOLE,,25000,0,0
233,UNITED RENTALS INC,COM,911363109,5905,40000,SH,,SOLE,,40000,0,0
234,UNITED STATES OIL FUND LP,UNITS,91232N108,9789,650000,SH,Put,SOLE,,650000,0,0
235,UNIVERSAL STAINLESS & ALLOY,COM,913837100,2722,115000,SH,,SOLE,,115000,0,0
236,VANECK VECTORS ETF TR,GOLD MINERS ETF,92189F106,4462,200000,SH,Call,SOLE,,200000,0,0
237,VANTAGE ENERGY ACQUISITION,*W EXP 04/12/202,92211L113,433,333333,SH,,SOLE,,333333,0,0
238,VANTAGE ENERGY ACQUISITION,COM CL A,92211L105,9870,1000000,SH,,SOLE,,1000000,0,0
239,VECTOIQ ACQUISITION CORP,UNIT 05/11/2023,92243N202,5040,500000,SH,,SOLE,,500000,0,0
240,VIEWRAY INC,COM,92672L107,519,75000,SH,,SOLE,,75000,0,0
241,VIKING THERAPEUTICS INC,COM,92686J106,949,100000,SH,,SOLE,,100000,0,0
242,VISA INC,COM CL A,92826C839,19868,150000,SH,,SOLE,,150000,0,0
243,VOYA FINL INC,COM,929089100,24675,525000,SH,,SOLE,,525000,0,0
244,WELLS FARGO CO NEW,COM,949746101,48787,880000,SH,,SOLE,,880000,0,0
245,WHITING PETE CORP NEW,COM NEW,966387409,2372,45000,SH,,SOLE,,45000,0,0
246,WILLSCOT CORP,*W EXP 09/10/202,971375118,3390,1500000,SH,,SOLE,,1500000,0,0
247,WORKDAY INC,CL A,98138H101,18774,155000,SH,,SOLE,,155000,0,0
248,WPX ENERGY INC,COM,98212B103,2614,145000,SH,,SOLE,,145000,0,0
249,YANDEX N V,SHS CLASS A,N97284108,40747,1135000,SH,,SOLE,,1135000,0,0
250,ZAYO GROUP HLDGS INC,COM,98919V105,29184,800000,SH,,SOLE,,800000,0,0
251,ZILLOW GROUP INC,CL C CAP STK,98954M200,41342,700000,SH,,SOLE,,700000,0,0
