,NAME OF ISSUER,TITLE OF CLASS,CUSIP,(x$1000),PRN AMT,PRN,CALL,DISCRETION,MANAGER,SOLE,SHARED,NONE
0,58.Com Inc,ADR REP A,31680Q104,4174,75000,SH,,SOLE,,75000,0,0
1,ACTIVISION INC.,COM,00507V109,24196,715000,SH,,SOLE,,715000,0,0
2,Adecoagro SA,COM,L00849106,2021,175000,SH,,SOLE,,175000,0,0
3,ADT Corp/The,COM,00101J106,689,16700,SH,,SOLE,,16700,0,0
4,AerCap Holdings NV,SHS,N00985106,33240,857598,SH,,SOLE,,857598,0,0
5,AFFILIATED MANAGERS GROUP,COM,008252108,12992,80000,SH,,SOLE,,80000,0,0
6,Affimed Therapeutics BV,COM,N01045108,281,75000,SH,,SOLE,,75000,0,0
7,AGNICO-EAGLE MINES USD,COM,008474108,4701,130000,SH,,SOLE,,130000,0,0
8,Alamos Gold Inc,COM CL A,011532108,434,82000,SH,,SOLE,,82000,0,0
9,Alibaba Group Holding Ltd,SPONSORED ADS,01609W102,33193,420000,SH,,SOLE,,420000,0,0
10,ALLIANCE DATA SYSTEMS CORP,COM,018581108,9900,45000,SH,,SOLE,,45000,0,0
11,ALLSTATE CORP,COM,020002101,13474,200000,SH,,SOLE,,200000,0,0
12,ALPHABET INC-CL A,CAP STK CL A,02079K305,126641,166000,SH,,SOLE,,166000,0,0
13,AMAZON.COM INC,COM,023135106,46601,78500,SH,,SOLE,,78500,0,0
14,AMERICAN INTERNATIONAL GROUP,COM NEW,026874784,13513,250000,SH,,SOLE,,250000,0,0
15,AMERICAN TOWER CORP-CL A,COM,03027X100,17915,175000,SH,,SOLE,,175000,0,0
16,AMETEK INC,COM,031100100,21291,426000,SH,,SOLE,,426000,0,0
17,AMEX FINANCIAL SELEXT SPDR.,SBI INT-FINL,81369Y605,22510,1000000,SH,Call,SOLE,,1000000,0,0
18,AMPHENOL CORP-CL A,CL A,032095101,5493,95000,SH,,SOLE,,95000,0,0
19,AMYRIS INC,NOTE 6.500% 5/1,03236MAC5,1375,2000000,SH,,SOLE,,2000000,0,0
20,ANADARKO PETROLEUM CORP,COM,032511107,1397,30000,SH,,SOLE,,30000,0,0
21,ANALOG DEVICES,COM,032654105,12607,213000,SH,,SOLE,,213000,0,0
22,ANGLOGOLD ASHANTI LTD,SPONSORED ADR,035128206,2875,210000,SH,,SOLE,,210000,0,0
23,APPLE INC.,COM,037833100,19618,180000,SH,,SOLE,,180000,0,0
24,AR Capital Acquisition Corp,*W EXP 10/06/201,00191R117,74,735000,SH,,SOLE,,735000,0,0
25,AR Capital Acquisition Corp,COM,00191R109,12374,1256195,SH,,SOLE,,1256195,0,0
26,ASSURANT INC,COM,04621X108,11573,150000,SH,,SOLE,,150000,0,0
27,Atlantic Alliance Partnership,SHS,G04897107,2608,250000,SH,,SOLE,,250000,0,0
28,BAIDU.COM - SPON ADR.,SPON ADR REP A,056752108,14316,75000,SH,,SOLE,,75000,0,0
29,BARRICK GOLD CORP,COM,067901108,25802,1900000,SH,,SOLE,,1900000,0,0
30,BioAmber Inc,*W EXP 05/09/201,09072Q114,462,255000,SH,,SOLE,,255000,0,0
31,Boulevard Acquisition Corp,*W EXP 09/25/202,10157Q110,240,750000,SH,,SOLE,,750000,0,0
32,Boulevard Acquisition Corp,CL A,10157Q102,14520,1500000,SH,,SOLE,,1500000,0,0
33,BUNGE LIMITED,COM,G16962105,32557,574503,SH,,SOLE,,574503,0,0
34,Burlington Stores Inc,COM,122017106,15466,275000,SH,,SOLE,,275000,0,0
35,CANADIAN PACIFIC RAILWAY LTD,COM,13645T100,20233,152483,SH,,SOLE,,152483,0,0
36,CAPITAL ONE FINANCIAL CORP,COM,14040H105,8664,125000,SH,,SOLE,,125000,0,0
37,Capitol Acquisition Corp III,*W EXP 10/13/202,14055M114,221,735000,SH,,SOLE,,735000,0,0
38,Capitol Acquisition Corp III,COM,14055M106,14406,1470000,SH,,SOLE,,1470000,0,0
39,CARTER'S INC,COM,146229109,10538,100000,SH,,SOLE,,100000,0,0
40,CBOE SPX VOLATILITY INDX,IPATH S&P500 VIX,06742E711,3522,200000,SH,,SOLE,,200000,0,0
41,CBRE Clarion Global Real Estat,COM,12504G100,2577,330000,SH,,SOLE,,330000,0,0
42,CBS CORP-CLASS B,CL B,124857202,5509,100000,SH,,SOLE,,100000,0,0
43,CHENIERE ENERGY INC,NOTE 4.250% 3/1,16411RAG4,3116,6000000,SH,,SOLE,,6000000,0,0
44,Cheniere Energy Partners LP Ho,COM REP LLC IN,16411W108,21782,1206088,SH,,SOLE,,1206088,0,0
45,CHICAGO MERCANTILE EXCHANG-A,COM,12572Q105,10088,105032,SH,,SOLE,,105032,0,0
46,CHINA LIFE INSURANCE CO-H,SPON ADR REP H,16939P106,12290,1000000,SH,,SOLE,,1000000,0,0
47,CHIPOTLE MEXICAN GRILL-CL A,COM,169656105,2355,5000,SH,,SOLE,,5000,0,0
48,CIA DE MINAS BUENAVENTUR-ADR,SPONSORED ADR,204448104,474,64400,SH,,SOLE,,64400,0,0
49,CIENA CORP,COM NEW,171779309,2378,125000,SH,,SOLE,,125000,0,0
50,CISCO SYSTEMS INC,COM,17275R102,7118,250000,SH,,SOLE,,250000,0,0
51,CNH Industrial NV,SHS,N20944109,959,141927,SH,,SOLE,,141927,0,0
52,Cohen Steers REIT and Prefer,COM,19247X100,2460,130000,SH,,SOLE,,130000,0,0
53,COMCAST CORP-CL A,CL A,20030N101,8551,140000,SH,,SOLE,,140000,0,0
54,COMERICA INC,COM,200340107,947,25000,SH,,SOLE,,25000,0,0
55,Cons Staples Select Sect,SBI CONS STPLS,81369Y308,31353,591000,SH,,SOLE,,591000,0,0
56,CONSTELLATION BRANDS INC-A,CL A,21036P108,24930,165000,SH,,SOLE,,165000,0,0
57,CONSUMER DISCRETIONARY SELT,SBI CONS DISCR,81369Y407,6615,83687,SH,,SOLE,,83687,0,0
58,CORESITE REALTY CORP,COM,21870Q105,8401,120000,SH,,SOLE,,120000,0,0
59,CORNERSTONE ONDE,COM,21925Y103,4752,145000,SH,,SOLE,,145000,0,0
60,CSX CORP,COM,126408103,3219,125000,SH,,SOLE,,125000,0,0
61,CTRIP.COM INTERNATIONAL-ADR,AMERICAN DEP SHS,22943F100,43154,975000,SH,,SOLE,,975000,0,0
62,CyrusOne Inc,COM,23283R100,13695,300000,SH,,SOLE,,300000,0,0
63,DANAHER CORP,COM,235851102,6963,73407,SH,,SOLE,,73407,0,0
64,DEL TACO RESTAURANTS INC,*W EXP 06/30/202,245496112,245,100000,SH,,SOLE,,100000,0,0
65,DEVON ENERGY CORPORATION.,COM,25179M103,6147,224000,SH,,SOLE,,224000,0,0
66,DJ INTERNET COMP INDEX,DJ INTERNT IDX,33733E302,4302,63000,SH,,SOLE,,63000,0,0
67,DOLLAR TREE STORES INC,COM,256746108,16492,200000,SH,,SOLE,,200000,0,0
68,Double Eagle Acquisition Corp,*W EXP 09/16/202,G28195116,960,2000000,SH,,SOLE,,2000000,0,0
69,DOUBLE EAGLE ACQUISITION CORP,COM,G28195124,19440,2000000,SH,,SOLE,,2000000,0,0
70,DR HORTON INC,COM,23331A109,1143,37825,SH,,SOLE,,37825,0,0
71,Dunkin' Brands Group Inc,COM,265504100,12972,275000,SH,,SOLE,,275000,0,0
72,E*TRADE FINANCIAL CORP,COM NEW,269246401,6123,250000,SH,,SOLE,,250000,0,0
73,Easterly Acquisition Corp,*W EXP 07/29/202,27616L110,154,441000,SH,,SOLE,,441000,0,0
74,Easterly Acquisition Corp,COM,27616L102,8547,882000,SH,,SOLE,,882000,0,0
75,EATON CORP,SHS,G29183103,6597,105454,SH,,SOLE,,105454,0,0
76,ECOLAB INC,COM,278865100,14196,127300,SH,,SOLE,,127300,0,0
77,ELDORADO GOLD CORPORATION,COM,284902103,711,225000,SH,,SOLE,,225000,0,0
78,Electronic Arts Inc..,COM,285512109,9917,150000,SH,,SOLE,,150000,0,0
79,Electrum Special Acquisition C,*W EXP 99/99/999,G3105C112,170,850000,SH,,SOLE,,850000,0,0
80,Electrum Special Acquisition C,SHS,G3105C104,4825,500000,SH,,SOLE,,500000,0,0
81,ELI LILLY CO,COM,532457108,3601,50000,SH,,SOLE,,50000,0,0
82,EQUINIX INC,COM PAR $0.001,29444U700,9921,30000,SH,,SOLE,,30000,0,0
83,ESTERLINE TECHNOLOGIES CORP,COM,297425100,5068,79100,SH,,SOLE,,79100,0,0
84,EXELON CORP.,COM,30161N101,5745,160206,SH,,SOLE,,160206,0,0
85,EXXON MOBIL CORP,COM,30231G102,258,3091,SH,,SOLE,,3091,0,0
86,Facebook Inc,CL A,30303M102,13692,120000,SH,,SOLE,,120000,0,0
87,Fiat Chrysler Automobiles NV,SHS,N31738102,807,100140,SH,,SOLE,,100140,0,0
88,FIDELITY NATIONAL INFORMATIO,COM,31620M106,52231,825000,SH,,SOLE,,825000,0,0
89,Financial Select Sector,SBI INT-FINL,81369Y605,1508,67000,SH,,SOLE,,67000,0,0
90,FINISAR CORPORATION,COM NEW,31787A507,4104,225000,SH,,SOLE,,225000,0,0
91,FIRST SOLAR INC,COM,336433107,2280,33300,SH,,SOLE,,33300,0,0
92,FTSE China 25 Index,CHINA LG-CAP ETF,464287184,16885,500000,SH,Call,SOLE,,500000,0,0
93,FTSE China 25 Index,CHINA LG-CAP ETF,464287184,50655,1500000,SH,,SOLE,,1500000,0,0
94,Gaming and Leisure Properties,COM,36467J108,7730,250000,SH,,SOLE,,250000,0,0
95,GAP INC/THE,COM,364760108,5880,200000,SH,,SOLE,,200000,0,0
96,Global Partner Acquisition Cor,*W EXP 07/01/202,37954X113,150,600000,SH,,SOLE,,600000,0,0
97,Global Partner Acquisition Cor,COM,37954X105,5892,600000,SH,,SOLE,,600000,0,0
98,GOLAR LNG LTD,SHS,G9456A100,2246,125000,SH,,SOLE,,125000,0,0
99,GOLD FIELDS LTD,SPONSORED ADR,38059T106,887,225000,SH,,SOLE,,225000,0,0
100,GOLDCORP INC,COM,380956409,2516,155000,SH,,SOLE,,155000,0,0
101,Gores Holdings Inc,*W EXP 08/13/202,382866119,425,1700000,SH,,SOLE,,1700000,0,0
102,Gores Holdings Inc,CL A,382866101,16575,1700000,SH,,SOLE,,1700000,0,0
103,GP Investments Acquisition Cor,*W EXP 05/19/202,G40357108,98,367500,SH,,SOLE,,367500,0,0
104,GP Investments Acquisition Cor,SHS,G40357124,7019,735000,SH,,SOLE,,735000,0,0
105,HANESBRANDS INC,COM,410345102,9211,325000,SH,,SOLE,,325000,0,0
106,HARLEY-DAVIDSON INC.,COM,412822108,8983,175000,SH,,SOLE,,175000,0,0
107,Health Care Select Sect,SBI HEALTHCARE,81369Y209,1695,25000,SH,,SOLE,,25000,0,0
108,Hewlett Packard Enterprise Co,COM,42824C109,4675,263700,SH,,SOLE,,263700,0,0
109,HOME DEPOT INC,COM,437076102,23350,175000,SH,,SOLE,,175000,0,0
110,HOWARD HUGHES CORP/THE,COM,44267D107,3585,33854,SH,,SOLE,,33854,0,0
111,Hubbell Inc,COM,443510607,23671,223459,SH,,SOLE,,223459,0,0
112,I SHARES MSCI MEXICO INVESTABLE MARKET I,MSCI MEX CAP ETF,464286822,9935,185000,SH,,SOLE,,185000,0,0
113,ICICI BANK LTD-SPON ADR,ADR,45104G104,9308,1300000,SH,,SOLE,,1300000,0,0
114,ILLINOIS TOOL WORKS,COM,452308109,15475,151060,SH,,SOLE,,151060,0,0
115,Industrial Select Sector,SBI INT-INDS,81369Y704,7797,140571,SH,,SOLE,,140571,0,0
116,INGERSOLL-RAND CO LTD-CL A,SHS,G47791101,20369,328474,SH,,SOLE,,328474,0,0
117,INTERNATIONAL BUSINESS MACHINE US.,COM,459200101,1469,9700,SH,,SOLE,,9700,0,0
118,INTERXION HOLDIN,SHS,N47279109,15561,450000,SH,,SOLE,,450000,0,0
119,ISHARES IBOXX INV GR CORP BD,IBOXX INV CP ETF,464287242,13070,110000,SH,Put,SOLE,,110000,0,0
120,iShares JPMorgan USD Emerging,JP MOR EM MK ETF,464288281,6897,62500,SH,Put,SOLE,,62500,0,0
121,ISHARES MSCI MALAYSIA,MSCI MALAYSI ETF,464286830,891,100000,SH,,SOLE,,100000,0,0
122,iShares MSCI Singapore Index F,MSCI SINGAP ETF,464286673,3464,319000,SH,,SOLE,,319000,0,0
123,ISHARES SILVER TRUST ISHARES,ISHARES,46428Q109,3670,250000,SH,Call,SOLE,,250000,0,0
124,JD.com Inc,SPON ADR CL A,47215P106,5698,215000,SH,,SOLE,,215000,0,0
125,JOHNSON CONTROLS INC,COM,478366107,1949,50000,SH,,SOLE,,50000,0,0
126,Kate Spade Co,COM,485865109,3828,150000,SH,,SOLE,,150000,0,0
127,KemPharm Inc,COM,488445107,595,41000,SH,,SOLE,,41000,0,0
128,KINROSS GOLD CORP,COM NO PAR,496902404,8976,2640000,SH,,SOLE,,2640000,0,0
129,LAM RESEARCH CORP,COM,512807108,5369,65000,SH,,SOLE,,65000,0,0
130,LEGG MASON INC,COM,524901105,10404,300000,SH,,SOLE,,300000,0,0
131,Lennar Corp,CL A,526057104,1103,22817,SH,,SOLE,,22817,0,0
132,Lindblad Expeditions Holdings,*W EXP 07/08/202,535219117,1120,441000,SH,,SOLE,,441000,0,0
133,Liquid High Yield,IBOXX HI YD ETF,464288513,20423,250000,SH,,SOLE,,250000,0,0
134,LOEWS CORP,COM,540424108,1781,46560,SH,,SOLE,,46560,0,0
135,Lumentum Holdings Inc,COM,55024U109,8496,315000,SH,,SOLE,,315000,0,0
136,MARKET VECTORS GOLD MINERS - ETF,GOLD MINER ETF,57060U100,5534,277000,SH,,SOLE,,277000,0,0
137,MARKET VECTORS GOLD MINERS - ETF,GOLD MINER ETF,57060U100,85914,4300000,SH,Call,SOLE,,4300000,0,0
138,Materials Select Sector,SBI MATERIALS,81369Y100,3764,84000,SH,,SOLE,,84000,0,0
139,MATTEL INC,COM,577081102,1903,56609,SH,,SOLE,,56609,0,0
140,MAXIM INTEGRATED PRODUCTS,COM,57772K101,3678,100000,SH,,SOLE,,100000,0,0
141,MEDTRONIC INC,SHS,G5960L103,3750,50000,SH,Call,SOLE,,50000,0,0
142,MGM MIRAGE,COM,552953101,15199,708922,SH,,SOLE,,708922,0,0
143,MGM MIRAGE,COM,552953101,10720,500000,SH,Put,SOLE,,500000,0,0
144,MICROCHIP TECHNOLOGY INC,COM,595017104,9640,200000,SH,,SOLE,,200000,0,0
145,MONSANTO CO,COM,61166W101,7607,86702,SH,,SOLE,,86702,0,0
146,MONSTER BEVERAGE CORP,COM,61174X109,6669,50000,SH,,SOLE,,50000,0,0
147,MOSAIC CO/THE,COM,61945C103,2789,103300,SH,,SOLE,,103300,0,0
148,MSCI BR 25-50 NR USD,MSCI BRZ CAP ETF,464286400,10520,400000,SH,Call,SOLE,,400000,0,0
149,MSCI Daily TR Net Emerging Mar,MSCI EMG MKT ETF,464287234,8563,250000,SH,Call,SOLE,,250000,0,0
150,MSCI Daily TR Net Emerging Mar,MSCI EMG MKT ETF,464287234,77063,2250000,SH,,SOLE,,2250000,0,0
151,MV Jr Gold Miners Pr Idx,JR GOLD MINERS E,57061R544,8355,300000,SH,Call,SOLE,,300000,0,0
152,MV Jr Gold Miners Pr Idx,JR GOLD MINERS E,57061R544,5570,200000,SH,,SOLE,,200000,0,0
153,NASDAQ 100 STOCK INDX,UNIT SER 1,73935A104,174720,1600000,SH,Call,SOLE,,1600000,0,0
154,Neuberger Berman Real Estate S,COM,64190A103,1181,232090,SH,,SOLE,,232090,0,0
155,NEW GOLD INC,COM,644535106,811,217500,SH,,SOLE,,217500,0,0
156,NEWELL RUBBERMAID INC,COM,651229106,21038,475000,SH,,SOLE,,475000,0,0
157,NEWFIELD EXPLORATION CO,COM,651290108,6983,210000,SH,,SOLE,,210000,0,0
158,NEWMONT MINING CORP,COM,651639106,13371,503048,SH,,SOLE,,503048,0,0
159,NOBLE ENERGY INC,COM,655044105,7036,224000,SH,,SOLE,,224000,0,0
160,Nomad Foods Ltd,USD ORD SHS,G6564A105,901,100000,SH,,SOLE,,100000,0,0
161,NORTEL NETWORKS 2.125% 04/15/2014,NOTE 2.125% 4/1,656568AE2,3430,4000000,SH,,SOLE,,4000000,0,0
162,NORTHSTAR REALTY FINANCE COR,COM,66704R803,10102,770000,SH,,SOLE,,770000,0,0
163,Norwegian Cruise Line Holding,SHS,G66721104,8294,150000,SH,,SOLE,,150000,0,0
164,Nuveen Real Estate Income Fund,COM,67071B108,567,52293,SH,,SOLE,,52293,0,0
165,NXP SEMICONDUCTORS NV,COM,N6596X109,12500,154193,SH,,SOLE,,154193,0,0
166,OCCIDENTAL PETROLEUM CORP,COM,674599105,6159,90000,SH,,SOLE,,90000,0,0
167,ORACLE CORP,COM,68389X105,2864,70000,SH,,SOLE,,70000,0,0
168,OWENS-ILLINOIS INC,COM NEW,690768403,8942,560245,SH,,SOLE,,560245,0,0
169,Pace Holdings Corp,*W EXP 99/99/999,G6865N111,622,1700000,SH,,SOLE,,1700000,0,0
170,Pace Holdings Corp,COM,G6865N103,16065,1700000,SH,,SOLE,,1700000,0,0
171,PACKAGING CORP OF AMERICA,COM,695156109,18120,300000,SH,Call,SOLE,,300000,0,0
172,Palo Alto Networks Inc,COM,697435105,1631,10000,SH,,SOLE,,10000,0,0
173,PARKER HANNIFIN CORP,COM,701094104,1909,17184,SH,,SOLE,,17184,0,0
174,PFIZER INC,COM,717081103,5928,200000,SH,Call,SOLE,,200000,0,0
175,PIONEER NATURAL RESOURCES CO,COM,723787107,1407,10000,SH,,SOLE,,10000,0,0
176,Post Holdings Inc,COM,737446104,15473,225000,SH,,SOLE,,225000,0,0
177,PPG INDS INC,COM,693506107,17891,160471,SH,,SOLE,,160471,0,0
178,PRAXAIR INC,COM,74005P104,6558,57300,SH,,SOLE,,57300,0,0
179,QEP RESOURCES INC,COM,74733V100,2681,190000,SH,,SOLE,,190000,0,0
180,QLIK TECHNOLOGIES INC,COM,74733T105,4310,149045,SH,,SOLE,,149045,0,0
181,Quinpario Acquisition Corp 2,*W EXP 01/01/202,74874U119,326,1715000,SH,,SOLE,,1715000,0,0
182,Quinpario Acquisition Corp 2,COM,74874U101,16738,1715000,SH,,SOLE,,1715000,0,0
183,RANDGOLD RESOURCES LTD,ADR,752344309,3242,35700,SH,,SOLE,,35700,0,0
184,Restaurant Brands Internationa,COM,76131D103,364,9385,SH,,SOLE,,9385,0,0
185,Restoration Hardware Holdings,COM,761283100,1048,25000,SH,,SOLE,,25000,0,0
186,RMR Real Estate Income Fund,COM,76970B101,1304,67367,SH,,SOLE,,67367,0,0
187,ROCKWELL AUTOMATION INC,COM,773903109,6427,56500,SH,,SOLE,,56500,0,0
188,ROLLINS INC,COM,775711104,1898,70000,SH,,SOLE,,70000,0,0
189,ROPER INDUSTRIES INC,COM,776696106,1014,5549,SH,,SOLE,,5549,0,0
190,S&P 500 INDEX,TR UNIT,78462F103,14389,70000,SH,Put,SOLE,,70000,0,0
191,S&P HOMEBUILDING SEL IND,S&P HOMEBUILD,78464A888,50760,1500000,SH,,SOLE,,1500000,0,0
192,S&P RETAIL SELECT INDUST,S&P RETAIL ETF,78464A714,17318,375000,SH,,SOLE,,375000,0,0
193,SANOFI-AVENTIS,RIGHT 12/31/2020,80105N113,85,745100,SH,,SOLE,,745100,0,0
194,SBA COMMUNICATIONS CORP-CL A,COM,78388J106,15026,150000,SH,,SOLE,,150000,0,0
195,Sibanye Gold Ltd,SPONSORED ADR,825724206,869,57300,SH,,SOLE,,57300,0,0
196,SIGNET JEWELERS LTD,SHS,G81276100,15504,125000,SH,,SOLE,,125000,0,0
197,Silver Run Acquisition Corp,UNIT 99/99/9999T,82811P200,18630,1800000,SH,,SOLE,,1800000,0,0
198,SONIC CORP,COM,835451105,8790,250000,SH,,SOLE,,250000,0,0
199,SP Bank Select Indust TR,S&P BK ETF,78464A797,2126,70000,SH,,SOLE,,70000,0,0
200,SPDR GOLD TRUST,GOLD SHS,78463V107,54096,460000,SH,Call,SOLE,,460000,0,0
201,SPDR GOLD TRUST,GOLD SHS,78463V107,8820,75000,SH,,SOLE,,75000,0,0
202,SVB FINANCIAL GROUP,COM,78486Q101,9695,95000,SH,,SOLE,,95000,0,0
203,Technology Select Sector,TECHNOLOGY,81369Y803,13308,300000,SH,Call,SOLE,,300000,0,0
204,Technology Select Sector,TECHNOLOGY,81369Y803,8454,190571,SH,,SOLE,,190571,0,0
205,Terrapin 3 Acquisition Corp,*W EXP 06/27/201,88104P112,210,700000,SH,,SOLE,,700000,0,0
206,Terrapin 3 Acquisition Corp,COM CL A,88104P104,6944,700000,SH,,SOLE,,700000,0,0
207,TESLA MOTORS INC,COM,88160R101,208,904,SH,,SOLE,,904,0,0
208,TIME WARNER INC,COM NEW,887317303,7255,100000,SH,,SOLE,,100000,0,0
209,T-Mobile US Inc,COM,872590104,6703,175000,SH,,SOLE,,175000,0,0
210,TOLL BROTHERS INC,COM,889478103,937,31764,SH,,SOLE,,31764,0,0
211,Trinseo SA,SHS,L9340P101,4962,134800,SH,,SOLE,,134800,0,0
212,TripAdvisor Inc,COM,896945201,4655,70000,SH,,SOLE,,70000,0,0
213,ULTA SALON COSMETICS FRAGR,COM,90384S303,4844,25000,SH,,SOLE,,25000,0,0
214,UNITED TECHNOLOGIES CORP,COM,913017109,2144,21414,SH,,SOLE,,21414,0,0
215,Utilities Select Sector,SBI INT-UTILS,81369Y886,32600,657000,SH,,SOLE,,657000,0,0
216,VANGUARD REIT ET,REIT ETF,922908553,6648,79333,SH,,SOLE,,79333,0,0
217,VERIFONE HOLDINGS INC,COM,92342Y109,1412,50000,SH,,SOLE,,50000,0,0
218,VISA INC-CLASS A SHRS,COM CL A,92826C839,11472,150000,SH,,SOLE,,150000,0,0
219,VWR Corp,COM,91843L103,2706,100000,SH,,SOLE,,100000,0,0
220,WABCO HOLDINGS INC,COM,92927K102,13130,122800,SH,,SOLE,,122800,0,0
221,WESTLAKE CHEMICAL CORP,COM,960413102,17668,381600,SH,,SOLE,,381600,0,0
222,WINTHROP REALTY TRUST,SH BEN INT NEW,976391300,3191,243037,SH,,SOLE,,243037,0,0
223,WL Ross Holding Corp,*W EXP 06/11/201,92939D112,490,1000000,SH,,SOLE,,1000000,0,0
224,WL Ross Holding Corp,COM SHS,92939D104,14042,1400000,SH,,SOLE,,1400000,0,0
225,YAMANA GOLD INC,COM,98462Y100,2934,965000,SH,,SOLE,,965000,0,0
226,Zendesk Inc,COM,98936J101,4186,200000,SH,,SOLE,,200000,0,0
227,Zillow Group Inc,CL A,98954M101,52,2042,SH,,SOLE,,2042,0,0
228,Zillow Inc,CL C CAP STK,98954M200,237,9991,SH,,SOLE,,9991,0,0
229,Zoetis Inc,CL A,98978V103,612,13808,SH,,SOLE,,13808,0,0
