,NAME OF ISSUER,TITLE OF CLASS,CUSIP,(x$1000),PRN AMT,PRN,CALL,DISCRETION,MANAGER,SOLE,SHARED,NONE
0,ABEONA THERAPEUTICS INC,COM,00289Y107,750,150000,SH,,SOLE,,150000,0,0
1,ACLARIS THERAPEUTICS INC,COM,00461U105,1864,62500,SH,,SOLE,,62500,0,0
2,ACTIVISION BLIZZARD INC,COM,00507V109,8726,175000,SH,,SOLE,,175000,0,0
3,ADVANCE AUTO PARTS INC,COM,00751Y106,6672,45000,SH,,SOLE,,45000,0,0
4,AERCAP HOLDINGS NV,SHS,N00985106,17526,381249,SH,,SOLE,,381249,0,0
5,AETNA INC,COM,00817Y108,3189,25000,SH,,SOLE,,25000,0,0
6,AFFIMED NV,COM,N01045108,575,250000,SH,,SOLE,,250000,0,0
7,ALIBABA GROUP HLDG LTD,SPONSORED ADS,01609W102,143274,1328700,SH,,SOLE,,1328700,0,0
8,ALLY FINL INC,COM,02005N100,7116,350000,SH,Put,SOLE,,350000,0,0
9,ALPHABET INC,CAP STK CL A,02079K305,83841,98892,SH,,SOLE,,98892,0,0
10,AMAYA INC,COM,02314M108,2125,125000,SH,,SOLE,,125000,0,0
11,AMAZON COM INC,COM,023135106,51582,58183,SH,,SOLE,,58183,0,0
12,AMERIPRISE FINL INC,COM,03076C106,9726,75000,SH,,SOLE,,75000,0,0
13,AMETEK INC,COM,031100100,3043,56263,SH,,SOLE,,56263,0,0
14,ANADARKO PETE CORP,COM,032511107,18910,305000,SH,,SOLE,,305000,0,0
15,ANTARES PHARMA INC,COM,036642106,568,200000,SH,,SOLE,,200000,0,0
16,APPLE INC,COM,037833100,36633,255000,SH,,SOLE,,255000,0,0
17,ATHENE HLDG LTD,CL A,G0684D107,34993,700000,SH,,SOLE,,700000,0,0
18,AVISTA HEALTHCARE PUB ACQ CO,*W EXP 99/99/999,G0726L117,671,1490000,SH,,SOLE,,1490000,0,0
19,AVISTA HEALTHCARE PUB ACQ CO,CL A,G0726L125,14826,1490000,SH,,SOLE,,1490000,0,0
20,AXAR ACQUISITION CORP,*W EXP 12/31/202,05455L110,54,735000,SH,,SOLE,,735000,0,0
21,BAIDU INC,SPON ADR REP A,056752108,7418,43000,SH,,SOLE,,43000,0,0
22,BANK AMER CORP,COM,060505104,61334,2600000,SH,Call,SOLE,,2600000,0,0
23,BANK AMER CORP,COM,060505104,47180,2000000,SH,,SOLE,,2000000,0,0
24,BIOAMBER INC,COM,09072Q114,11,255000,SH,,SOLE,,255000,0,0
25,BOULEVARD ACQUISITION,*W EXP 09/25/202,10157Q110,615,750000,SH,,SOLE,,750000,0,0
26,BOULEVARD ACQUISITION,COM,10157Q102,15030,1500000,SH,,SOLE,,1500000,0,0
27,BOYD GAMING CORP,COM,103304101,3302,150000,SH,,SOLE,,150000,0,0
28,BP PLC,SPONSORED ADR,055622104,2589,75000,SH,,SOLE,,75000,0,0
29,BROADCOM LTD,SHS,Y09827109,51456,235000,SH,,SOLE,,235000,0,0
30,BROOKDALE SR LIVING INC,COM,112463104,6782,505000,SH,,SOLE,,505000,0,0
31,BURLINGTON STORES INC,COM,122017106,4865,50000,SH,,SOLE,,50000,0,0
32,CANADIAN PAC RY LTD,COM,13645T100,4616,31420,SH,,SOLE,,31420,0,0
33,CAPITOL ACQUISITION CORP III,*W EXP 10/19/202,14055M114,732,385000,SH,,SOLE,,385000,0,0
34,CAPITOL ACQUISITION CORP III,COM,14055M106,6858,650000,SH,,SOLE,,650000,0,0
35,CARMAX INC,COM,143130102,13325,225000,SH,,SOLE,,225000,0,0
36,CARNIVAL CORP,UNIT 99/99/9999,143658300,19146,325000,SH,,SOLE,,325000,0,0
37,CBS CORP,CL B,124857202,20808,300000,SH,,SOLE,,300000,0,0
38,CF CORP,*W EXP 05/25/202,G20307115,578,425000,SH,,SOLE,,425000,0,0
39,CF CORP,SHS CL A,G20307107,8509,850000,SH,,SOLE,,850000,0,0
40,CHENIERE ENERGY INC,NOTE 4.250% 3/1,16411RAG4,4063,6000000,SH,,SOLE,,6000000,0,0
41,CHINA LIFE INS CO LTD,SPON ADR REP H,16939P106,8048,525000,SH,,SOLE,,525000,0,0
42,CHIPOTLE MEXICAN GRILL INC,COM,169656105,21162,47500,SH,,SOLE,,47500,0,0
43,CITIGROUP INC,COM,172967424,46450,776500,SH,Call,SOLE,,776500,0,0
44,CLOVIS ONCOLOGY INC,COM,189464100,2547,40000,SH,,SOLE,,40000,0,0
45,CME GROUP INC,COM,12572Q105,12478,105032,SH,,SOLE,,105032,0,0
46,COACH INC,COM,189754104,21698,525000,SH,,SOLE,,525000,0,0
47,COLLEGIUM PHARMACEUTICAL INC,COM,19459J104,1006,100000,SH,,SOLE,,100000,0,0
48,COMSTOCK RES INC,NOTE 7.750% 4/0,205768AM6,2565,3000000,SH,,SOLE,,3000000,0,0
49,CONSTELLATION BRANDS INC,CL A,21036P108,23500,145000,SH,,SOLE,,145000,0,0
50,CONYERS PK ACQUISITION,*W EXP 07/20/202,212894117,1250,499900,SH,,SOLE,,499900,0,0
51,CONYERS PK ACQUISITION,CL A COM,212894109,15660,1500000,SH,,SOLE,,1500000,0,0
52,COSTCO WHSL CORP,COM,22160K105,8385,50000,SH,Call,SOLE,,50000,0,0
53,CROWN CASTLE INTL CORP,COM,22822V101,18890,200000,SH,,SOLE,,200000,0,0
54,CTRIP COM INTL LTD,AMERICAN DEP SHS,22943F100,39074,795000,SH,,SOLE,,795000,0,0
55,CYRUSONE INC,COM,23283R100,18529,360000,SH,,SOLE,,360000,0,0
56,DANAHER CORP DEL,COM,235851102,10708,125201,SH,,SOLE,,125201,0,0
57,DAVE & BUSTERS ENTMT INC,COM,238337109,15273,250000,SH,,SOLE,,250000,0,0
58,DICKS SPORTING GOODS INC,COM,253393102,4866,100000,SH,,SOLE,,100000,0,0
59,DOLLAR TREE INC,COM,256746108,25500,325000,SH,,SOLE,,325000,0,0
60,DOUBLE EAGLE ACQUISITION,*W EXP 09/16/202,G28195116,1120,2000000,SH,,SOLE,,2000000,0,0
61,DOUBLE EAGLE ACQUISITION,COM,G28195124,20000,2000000,SH,,SOLE,,2000000,0,0
62,DUNKIN BRANDS GROUP INC,COM,265504100,17771,325000,SH,,SOLE,,325000,0,0
63,EASTERLY ACQUISITION CORP,*W EXP 07/29/202,27616L110,90,256000,SH,,SOLE,,256000,0,0
64,EASTERLY ACQUISITION CORP,COM,27616L102,8820,882000,SH,,SOLE,,882000,0,0
65,ELECTRUM SPL ACQUISITION COR,*W EXP 99/99/999,G3105C112,383,850000,SH,,SOLE,,850000,0,0
66,ELECTRUM SPL ACQUISITION COR,COM,G3105C104,4975,500000,SH,,SOLE,,500000,0,0
67,EOG RES INC,COM,26875P101,3414,35000,SH,,SOLE,,35000,0,0
68,EQUINIX INC,COM PAR $0.001,29444U700,18017,45000,SH,,SOLE,,45000,0,0
69,EXPEDIA INC,EXPEDIA INC DEL,30212P303,42267,335000,SH,,SOLE,,335000,0,0
70,FACEBOOK INC,CL A,30303M102,181824,1280000,SH,,SOLE,,1280000,0,0
71,FIRST DATA CORP,COM CL A,32008D106,16322,1053000,SH,,SOLE,,1053000,0,0
72,FIRST REP BK SAN FRANCISCO C,COM,33616C100,7036,75000,SH,,SOLE,,75000,0,0
73,FOOT LOCKER INC,COM,344849104,11222,150000,SH,,SOLE,,150000,0,0
74,GARTNER INC,COM,366651107,15659,145000,SH,,SOLE,,145000,0,0
75,GDS HLDGS LTD,SPONSORED ADR,36165L108,7238,875270,SH,,SOLE,,875270,0,0
76,GENERAL ELECTRIC CO,COM,369604103,4917,165000,SH,Call,SOLE,,165000,0,0
77,GLOBAL PARTNER ACQUISITION C,*W EXP 07/01/202,37954X113,234,600000,SH,,SOLE,,600000,0,0
78,GLOBAL PARTNER ACQUISITION C,COM,37954X105,6000,600000,SH,,SOLE,,600000,0,0
79,GOLAR LNG LTD BERMUDA,SHS,G9456A100,5586,200000,SH,,SOLE,,200000,0,0
80,GOLDMAN SACHS GROUP INC,COM,38141G104,62024,270000,SH,,SOLE,,270000,0,0
81,GORES HLDGS II INC,*W EXP 03/06/202,382867117,823,633333,SH,,SOLE,,633333,0,0
82,GORES HLDGS II INC,COM CL A,382867109,19950,1900000,SH,,SOLE,,1900000,0,0
83,GP INVTS ACQUISITION COR,*W EXP 05/19/202,G40357108,49,100000,SH,,SOLE,,100000,0,0
84,GP INVTS ACQUISITION COR,SHS,G40357124,7321,735000,SH,,SOLE,,735000,0,0
85,GTY TECHNOLOGY HOLDINGS INC,*W EXP 99/99/999,G4182A128,1084,942666,SH,,SOLE,,942666,0,0
86,GTY TECHNOLOGY HOLDINGS INC,CL A,G4182A102,28563,2828000,SH,,SOLE,,2828000,0,0
87,GW PHARMACEUTICALS PLC,ADS,36197T103,1209,10000,SH,,SOLE,,10000,0,0
88,HALOZYME THERAPEUTICS INC,COM,40637H109,648,50000,SH,,SOLE,,50000,0,0
89,HEWLETT PACKARD ENTERPRISE C,COM,42824C109,43845,1850000,SH,,SOLE,,1850000,0,0
90,HOME DEPOT INC,COM,437076102,17620,120000,SH,,SOLE,,120000,0,0
91,HOSTESS BRANDS INC,*W EXP 11/04/202,44109J114,558,200000,SH,,SOLE,,200000,0,0
92,HOSTESS BRANDS INC,CL A,44109J106,1587,100000,SH,,SOLE,,100000,0,0
93,HOWARD HUGHES CORP,COM,44267D107,3947,33660,SH,,SOLE,,33660,0,0
94,HUBBELL INC,COM,443510607,6611,55068,SH,,SOLE,,55068,0,0
95,HUNTER MARITIME ACQUISITION,*W EXP 99/99/999,Y37828129,280,350000,SH,,SOLE,,350000,0,0
96,HUNTER MARITIME ACQUISITION,CL A,Y37828111,6895,700000,SH,,SOLE,,700000,0,0
97,IHS MARKIT LTD,SHS,G47567105,7341,175000,SH,,SOLE,,175000,0,0
98,INTEL CORP,COM,458140100,15330,425000,SH,,SOLE,,425000,0,0
99,INTERXION HOLDING N.V,SHS,N47279109,36609,925400,SH,,SOLE,,925400,0,0
100,INVITATION HOMES INC,COM,46187W107,11570,530000,SH,,SOLE,,530000,0,0
101,ISHARES,MSCI BRZ CAP ETF,464286400,1873,50000,SH,Call,SOLE,,50000,0,0
102,ISHARES,MSCI BRZ CAP ETF,464286400,5619,150000,SH,,SOLE,,150000,0,0
103,ISHARES,MSCI EMG MKT ETF,464287234,3939,100000,SH,Call,SOLE,,100000,0,0
104,ISHARES,MSCI EMG MKT ETF,464287234,254853,6470000,SH,,SOLE,,6470000,0,0
105,ISHARES INC,MSCI MLY ETF NEW,46434G814,1981,65000,SH,,SOLE,,65000,0,0
106,ISHARES TR,CHINA LG-CAP ETF,464287184,7698,200000,SH,Call,SOLE,,200000,0,0
107,ISHARES TR,USA MOMENTUM FCT,46432F396,2576,31169,SH,,SOLE,,31169,0,0
108,ISHARES TR,RUSSELL 2000 ETF,464287655,171850,1250000,SH,Call,SOLE,,1250000,0,0
109,ISHARES TR,RUSSELL 2000 ETF,464287655,96236,700000,SH,Put,SOLE,,700000,0,0
110,JD COM INC,SPON ADR CL A,47215P106,12444,400000,SH,,SOLE,,400000,0,0
111,KATE SPADE & CO,COM,485865109,4646,200000,SH,Call,SOLE,,200000,0,0
112,KAYNE ANDERSON ACQUISITION,UNIT 06/30/2022,48661U201,15030,1500000,SH,,SOLE,,1500000,0,0
113,KRAFT HEINZ CO,COM,500754106,6811,75000,SH,,SOLE,,75000,0,0
114,L BRANDS INC,COM,501797104,11775,250000,SH,Put,SOLE,,250000,0,0
115,LANDCADIA HOLDINGS INC,CL A,51476W107,12213,1225000,SH,,SOLE,,1225000,0,0
116,LANDCADIA HOLDINGS INC,*W EXP 06/01/202,51476W115,796,1225000,SH,,SOLE,,1225000,0,0
117,LIONS GATE ENTMNT CORP,CL A VTG,535919401,4648,175000,SH,,SOLE,,175000,0,0
118,LOWES COS INC,COM,548661107,18497,225000,SH,,SOLE,,225000,0,0
119,LUMENTUM HLDGS INC,COM,55024U109,2668,50000,SH,,SOLE,,50000,0,0
120,MASTERCARD INCORPORATED,CL A,57636Q104,11247,100000,SH,,SOLE,,100000,0,0
121,MCDERMOTT INTL INC,COM,580037109,675,100000,SH,Call,SOLE,,100000,0,0
122,MCDONALDS CORP,COM,580135101,25922,200000,SH,,SOLE,,200000,0,0
123,MEDICINES CO,COM,584688105,489,10000,SH,,SOLE,,10000,0,0
124,MEDTRONIC PLC,SHS,G5960L103,2014,25000,SH,,SOLE,,25000,0,0
125,MELCO CROWN ENTMT LTD,ADR,585464100,927,50000,SH,,SOLE,,50000,0,0
126,MICROSOFT CORP,COM,594918104,6586,100000,SH,Call,SOLE,,100000,0,0
127,MICROSOFT CORP,COM,594918104,78373,1190000,SH,,SOLE,,1190000,0,0
128,MORGAN STANLEY,COM,617446448,60404,1410000,SH,,SOLE,,1410000,0,0
129,NETFLIX INC,COM,64110L106,7391,50000,SH,Call,SOLE,,50000,0,0
130,NETFLIX INC,COM,64110L106,18476,125000,SH,,SOLE,,125000,0,0
131,NEW RESIDENTIAL INVT CORP,COM,64828T201,7217,425000,SH,,SOLE,,425000,0,0
132,O REILLY AUTOMOTIVE INC NEW,COM,67103H107,18889,70000,SH,,SOLE,,70000,0,0
133,ORION ENGINEERED CARBONS S A,COM,L72967109,1025,50000,SH,,SOLE,,50000,0,0
134,PACCAR INC,COM,693718108,38640,575000,SH,,SOLE,,575000,0,0
135,PALO ALTO NETWORKS INC,COM,697435105,22536,200000,SH,Call,SOLE,,200000,0,0
136,PALO ALTO NETWORKS INC,COM,697435105,11268,100000,SH,,SOLE,,100000,0,0
137,PARK HOTELS & RESORTS INC,COM,700517105,9606,374209,SH,,SOLE,,374209,0,0
138,PDL BIOPHARMA INC,NOTE 2.750%12/0,69329YAG9,1304,1500000,SH,,SOLE,,1500000,0,0
139,PINNACLE FOODS INC,COM,72348P104,5787,100000,SH,,SOLE,,100000,0,0
140,PLANET FITNESS INC,CL A,72703H101,8190,425000,SH,,SOLE,,425000,0,0
141,PLAYA HOTELS & RESORTS NV,*W EXP 03/10/202,N70544114,1301,1700000,SH,,SOLE,,1700000,0,0
142,PLAYA HOTELS & RESORTS NV,COM,N70544106,7613,725000,SH,,SOLE,,725000,0,0
143,PPG INDUSTRIES INC,COM,693506107,7041,67009,SH,,SOLE,,67009,0,0
144,PROPETRO HLDG CORP,COM,74347M108,32225,2499998,SH,,SOLE,,2499998,0,0
145,PTC THERAPEUTICS INC,COM,69366J200,984,100000,SH,,SOLE,,100000,0,0
146,QUINPARIO ACQUISITION CORP 2,*W EXP 01/01/202,74874U119,250,500000,SH,,SOLE,,500000,0,0
147,QUINPARIO ACQUISITION CORP 2,COM,74874U101,17150,1715000,SH,,SOLE,,1715000,0,0
148,ROPER TECHNOLOGIES INC,COM,776696106,2921,14144,SH,,SOLE,,14144,0,0
149,ROYAL CARIBBEAN CRUISES LTD,COM,V7780T103,7358,75000,SH,,SOLE,,75000,0,0
150,RPM INTL INC,COM,749685103,3027,55000,SH,Call,SOLE,,55000,0,0
151,SABAN CAP ACQUISITION CORP,*W EXP 09/21/202,78516C114,1013,750000,SH,,SOLE,,750000,0,0
152,SABAN CAP ACQUISITION CORP,COM,78516C106,15000,1500000,SH,,SOLE,,1500000,0,0
153,SALESFORCE COM INC,COM,79466L302,20623,250000,SH,,SOLE,,250000,0,0
154,SCORPIO TANKERS INC,SHS,Y7542C106,1110,250000,SH,,SOLE,,250000,0,0
155,SEADRILL LIMITED,SHS,G7945E105,660,400000,SH,Put,SOLE,,400000,0,0
156,SELECT SECTOR SPDR TR,SBI CONS DISCR,81369Y407,13193,150000,SH,,SOLE,,150000,0,0
157,SELECT SECTOR SPDR TR,SBI INT-FINL,81369Y605,326288,13750000,SH,Call,SOLE,,13750000,0,0
158,SELECT SECTOR SPDR TR,SBI INT-FINL,81369Y605,20289,855000,SH,,SOLE,,855000,0,0
159,SELECT SECTOR SPDR TR,SBI INT-UTILS,81369Y886,10262,200000,SH,Put,SOLE,,200000,0,0
160,SELECT SECTOR SPDR TR,SBI INT-UTILS,81369Y886,53876,1050000,SH,,SOLE,,1050000,0,0
161,SIGNET JEWELERS LIMITED,SHS,G81276100,3009,43436,SH,,SOLE,,43436,0,0
162,SILVER RUN ACQUISITION,UNIT 99/99/9999,82812A202,35496,3400000,SH,,SOLE,,3400000,0,0
163,SKECHERS U S A INC,CL A,830566105,4804,175000,SH,,SOLE,,175000,0,0
164,SNAP INC,CL A,83304A106,29965,1330000,SH,,SOLE,,1330000,0,0
165,SPDR S&P 500 ETF TR,TR UNIT,78462F103,60255,255600,SH,Call,SOLE,,255600,0,0
166,SPDR S&P 500 ETF TR,TR UNIT,78462F103,117870,500000,SH,Put,SOLE,,500000,0,0
167,SPDR SERIES TRUST,S&P BIOTECH,78464A870,20802,300000,SH,,SOLE,,300000,0,0
168,SPDR SERIES TRUST,S&P HOMEBUILD,78464A888,2898,77848,SH,,SOLE,,77848,0,0
169,SPDR SERIES TRUST,S&P OILGAS EXP,78464A730,9360,250000,SH,Put,SOLE,,250000,0,0
170,SVB FINL GROUP,COM,78486Q101,18609,100000,SH,,SOLE,,100000,0,0
171,SYNCHRONY FINANCIAL,COM,87165B103,16401,478160,SH,,SOLE,,478160,0,0
172,SYNERGY PHARMACEUTICALS DEL,COM,871639308,1049,225000,SH,,SOLE,,225000,0,0
173,T MOBILE US INC,COM,872590104,6459,100000,SH,,SOLE,,100000,0,0
174,TERRAFORM PWR INC,CL A COM,88104R100,1616,130600,SH,,SOLE,,130600,0,0
175,TIME WARNER INC,COM,887317303,9771,100000,SH,,SOLE,,100000,0,0
176,TJX COS INC,COM,872540109,17793,225000,SH,,SOLE,,225000,0,0
177,TWENTY FIRST CENTURY FOX,CL A,90130A101,29961,925000,SH,,SOLE,,925000,0,0
178,ULTA BEAUTY INC,COM,90384S303,8557,30000,SH,,SOLE,,30000,0,0
179,UNITED TECHNOLOGIES CORP,COM,913017109,7654,68207,SH,,SOLE,,68207,0,0
180,URBAN OUTFITTERS INC,COM,917047102,4752,200000,SH,Put,SOLE,,200000,0,0
181,VISA INC,COM CL A,92826C839,24439,275000,SH,,SOLE,,275000,0,0
182,VOYA FINL INC,COM,929089100,14235,375000,SH,,SOLE,,375000,0,0
183,VULCAN MATLS CO,COM,929160109,6757,56088,SH,,SOLE,,56088,0,0
184,WESTERN DIGITAL CORP,COM,958102105,4127,50000,SH,,SOLE,,50000,0,0
185,WESTLAKE CHEM CORP,COM,960413102,21136,320000,SH,,SOLE,,320000,0,0
186,WILLIAMS SONOMA INC,COM,969904101,14746,275000,SH,,SOLE,,275000,0,0
187,WPX ENERGY INC,COM,98212B103,2678,200000,SH,,SOLE,,200000,0,0
188,YATRA ONLINE INC,ORD SHS,G98338109,475,50000,SH,,SOLE,,50000,0,0
189,ZAYO GROUP HLDGS INC,COM,98919V105,14805,450000,SH,,SOLE,,450000,0,0
190,ZENDESK INC,COM,98936J101,10375,370000,SH,,SOLE,,370000,0,0
191,ZILLOW GROUP INC,CL C CAP STK,98954M200,341,10122,SH,,SOLE,,10122,0,0
192,ZYNERBA PHARMACEUTICALS INC,COM,98986X109,704,35000,SH,,SOLE,,35000,0,0
