,NAME OF ISSUER,TITLE OF CLASS,CUSIP,(x$1000),PRN AMT,PRN,CALL,DISCRETION,MANAGER,SOLE,SHARED,NONE
0,ABBVIE INC,COM,00287Y109,39417,682422,SH,,SOLE,,682422,0,0
1,ABBVIE INC,COM,00287Y109,5957,103132,SH,,DFND,1.0,103132,0,0
2,ACCURIDE CORP NEW,COM NEW,00439T206,948,250000,SH,,SOLE,,250000,0,0
3,ACTAVIS PLC,SHS,G0083B108,288665,1196390,SH,,SOLE,,1196390,0,0
4,ACTAVIS PLC,SHS,G0083B108,13167,54572,SH,,DFND,1.0,54572,0,0
5,ADOBE SYS INC,COM,00724F101,125359,1811810,SH,,SOLE,,1811810,0,0
6,ADOBE SYS INC,COM,00724F101,8466,122364,SH,,DFND,1.0,122364,0,0
7,AIR PRODS & CHEMS INC,COM,009158106,299110,2297661,SH,,SOLE,,2297661,0,0
8,AIR PRODS & CHEMS INC,COM,009158106,21225,163041,SH,,DFND,1.0,163041,0,0
9,ALIBABA GROUP HLDG LTD,SPONSORED ADS,01609W102,67956,764834,SH,,SOLE,,764834,0,0
10,ALIBABA GROUP HLDG LTD,SPONSORED ADS,01609W102,8423,94804,SH,,DFND,1.0,94804,0,0
11,ALLERGAN INC,COM,018490102,169606,951824,SH,,SOLE,,951824,0,0
12,ALLERGAN INC,COM,018490102,8314,46658,SH,,DFND,1.0,46658,0,0
13,ALLY FINL INC,COM,02005N100,356438,15403558,SH,,SOLE,,15403558,0,0
14,AMERICAN AIRLS GROUP INC,COM,02376R102,541895,15273249,SH,,SOLE,,15273249,0,0
15,AMERICAN AIRLS GROUP INC,COM,02376R102,9028,254446,SH,,DFND,1.0,254446,0,0
16,ANHEUSER BUSCH INBEV SA/NV,SPONSORED ADR,03524A108,170451,1537676,SH,,SOLE,,1537676,0,0
17,ANHEUSER BUSCH INBEV SA/NV,SPONSORED ADR,03524A108,20613,185955,SH,,DFND,1.0,185955,0,0
18,ASTRAZENECA PLC,SPONSORED ADR,046353108,36218,506964,SH,,SOLE,,506964,0,0
19,ASTRAZENECA PLC,SPONSORED ADR,046353108,1552,21724,SH,,DFND,1.0,21724,0,0
20,AUXILIUM PHARMACEUTICALS INC,COM,05334D107,29850,1000000,SH,,SOLE,,1000000,0,0
21,AVAGO TECHNOLOGIES LTD,SHS,Y0486S104,10440,120000,SH,,SOLE,,120000,0,0
22,AVAGO TECHNOLOGIES LTD,SHS,Y0486S104,4227,48590,SH,,DFND,1.0,48590,0,0
23,AVIS BUDGET GROUP,COM,053774105,74175,1351333,SH,,SOLE,,1351333,0,0
24,B/E AEROSPACE INC,COM,073302101,320543,3818721,SH,,SOLE,,3818721,0,0
25,B/E AEROSPACE INC,COM,073302101,16324,194470,SH,,DFND,1.0,194470,0,0
26,BERRY PLASTICS GROUP INC,COM,08579W103,61036,2418207,SH,,SOLE,,2418207,0,0
27,CARNIVAL CORP,PAIRED CTF,143658300,30208,752000,SH,,SOLE,,752000,0,0
28,CHENIERE ENERGY INC,COM NEW,16411R208,172313,2153102,SH,,SOLE,,2153102,0,0
29,CHENIERE ENERGY PTNRS LP HLD,COM REP LLC IN,16411W108,92429,3778772,SH,,SOLE,,3778772,0,0
30,COMCAST CORP NEW,CL A,20030N101,19495,362500,SH,,SOLE,,362500,0,0
31,COMCAST CORP NEW,CL A,20030N101,11988,222908,SH,,DFND,1.0,222908,0,0
32,COMMERCIAL VEH GROUP INC,COM,202608105,15905,2573631,SH,,SOLE,,2573631,0,0
33,COSTAMARE INC,SHS,Y1771G102,32940,1500000,SH,,SOLE,,1500000,0,0
34,CRITEO S A,SPONS ADS,226718104,4800,142657,SH,,SOLE,,142657,0,0
35,DANAHER CORP DEL,COM,235851102,170342,2241930,SH,,SOLE,,2241930,0,0
36,DANAHER CORP DEL,COM,235851102,16650,219141,SH,,DFND,1.0,219141,0,0
37,DIGITALGLOBE INC,COM NEW,25389M877,78479,2753633,SH,,SOLE,,2753633,0,0
38,DIRECTV,COM,25490A309,101619,1174509,SH,,SOLE,,1174509,0,0
39,DIRECTV,COM,25490A309,4232,48913,SH,,DFND,1.0,48913,0,0
40,DISH NETWORK CORP,CL A,25470M109,300139,4647557,SH,,SOLE,,4647557,0,0
41,DISH NETWORK CORP,CL A,25470M109,18558,287360,SH,,DFND,1.0,287360,0,0
42,DOLLAR GEN CORP NEW,COM,256677105,226359,3704128,SH,,SOLE,,3704128,0,0
43,DOLLAR GEN CORP NEW,COM,256677105,12171,199172,SH,,DFND,1.0,199172,0,0
44,DORIAN LPG LTD,SHS USD,Y2106R110,15705,881299,SH,,SOLE,,881299,0,0
45,DOW CHEM CO,COM,260543103,170761,3256305,SH,,SOLE,,3256305,0,0
46,DOW CHEM CO,COM,260543103,12429,237011,SH,,DFND,1.0,237011,0,0
47,DRESSER-RAND GROUP INC,COM,261608103,302406,3676225,SH,,SOLE,,3676225,0,0
48,DYCOM INDS INC,COM,267475101,62585,2037950,SH,,SOLE,,2037950,0,0
49,ELBIT IMAGING LTD,SHS NEW,M37605116,16079,5447850,SH,,SOLE,,5447850,0,0
50,ENERGY TRANSFER EQUITY L P,COM UT LTD PTN,29273V100,112909,1830266,SH,,SOLE,,1830266,0,0
51,GENERAL MTRS CO,*W EXP 07/10/201,37045V118,1455,65033,SH,,SOLE,,65033,0,0
52,GENERAL MTRS CO,*W EXP 07/10/201,37045V126,940,65033,SH,,SOLE,,65033,0,0
53,GILAT SATELLITE NETWORKS LTD,SHS NEW,M51474118,25263,5166348,SH,,SOLE,,5166348,0,0
54,GLOBALSTAR INC,COM,378973408,120287,32865404,SH,,SOLE,,32865404,0,0
55,GRACE W R & CO DEL NEW,COM,38388F108,284312,3126366,SH,,SOLE,,3126366,0,0
56,HD SUPPLY HLDGS INC,COM,40416M105,114490,4199927,SH,,SOLE,,4199927,0,0
57,HERTZ GLOBAL HOLDINGS INC,COM,42805T105,281425,11084092,SH,,SOLE,,11084092,0,0
58,HERTZ GLOBAL HOLDINGS INC,COM,42805T105,13599,535593,SH,,DFND,1.0,535593,0,0
59,HUBBELL INC,CL B,443510201,275025,2281799,SH,,SOLE,,2281799,0,0
60,IAC INTERACTIVECORP,COM PAR $.001,44919P508,69172,1049644,SH,,SOLE,,1049644,0,0
61,INTEGRATED DEVICE TECHNOLOGY,COM,458118106,13558,850000,SH,,SOLE,,850000,0,0
62,LIBERTY GLOBAL PLC,SHS CL A,G5480U104,5956,140000,SH,,SOLE,,140000,0,0
63,LIBERTY GLOBAL PLC,SHS CL A,G5480U104,2036,47868,SH,,DFND,1.0,47868,0,0
64,LIBERTY GLOBAL PLC,SHS CL C,G5480U120,10964,267311,SH,,SOLE,,267311,0,0
65,LIBERTY GLOBAL PLC,SHS CL C,G5480U120,5297,129155,SH,,DFND,1.0,129155,0,0
66,LIBERTY INTERACTIVE CORP,LBT VENT COM A,53071M880,55780,1469440,SH,,SOLE,,1469440,0,0
67,LIBERTY TRIPADVISOR HLDGS IN,COM SER A,531465102,49814,1469440,SH,,SOLE,,1469440,0,0
68,LORILLARD INC,COM,544147101,146275,2441583,SH,,SOLE,,2441583,0,0
69,LORILLARD INC,COM,544147101,6661,111185,SH,,DFND,1.0,111185,0,0
70,MACQUARIE INFRASTR CO LLC,MEMBERSHIP INT,55608B105,13340,200000,SH,,SOLE,,200000,0,0
71,MANITOWOC INC,COM,563571108,210845,8991243,SH,,SOLE,,8991243,0,0
72,MARKIT LTD,SHS,G58249106,19628,840584,SH,,SOLE,,840584,0,0
73,MASCO CORP,COM,574599106,91754,3835850,SH,,SOLE,,3835850,0,0
74,MASCO CORP,COM,574599106,4018,167957,SH,,DFND,1.0,167957,0,0
75,MENS WEARHOUSE INC,COM,587118100,10964,232191,SH,,SOLE,,232191,0,0
76,MGIC INVT CORP WIS,NOTE 2.000% 4/0,552848AE3,3938,3000000,SH,,SOLE,,3000000,0,0
77,MONDELEZ INTL INC,CL A,609207105,85391,2492079,SH,,SOLE,,2492079,0,0
78,MONDELEZ INTL INC,CL A,609207105,10145,296071,SH,,DFND,1.0,296071,0,0
79,NORDIC AMERN OFFSHORE LTD,SHS,Y6366T112,4530,257102,SH,,SOLE,,257102,0,0
80,NORTHSTAR ASSET MGMT GROUP I,COM,66705Y104,37229,2021119,SH,,SOLE,,2021119,0,0
81,NORTHSTAR RLTY FIN CORP,COM NEW,66704R704,35152,1989350,SH,,SOLE,,1989350,0,0
82,NXP SEMICONDUCTORS N V,COM,N6596X109,330420,4828590,SH,,SOLE,,4828590,0,0
83,NXP SEMICONDUCTORS N V,COM,N6596X109,18061,263930,SH,,DFND,1.0,263930,0,0
84,OI S.A.,SPN ADR REP PFD,670851203,24880,35542670,SH,,SOLE,,35542670,0,0
85,OI S.A.,SPONSORED ADR,670851104,12388,16740526,SH,,SOLE,,16740526,0,0
86,REALOGY HLDGS CORP,COM,75605Y106,9300,250000,SH,,SOLE,,250000,0,0
87,ROCKWOOD HLDGS INC,COM,774415103,120192,1572162,SH,,SOLE,,1572162,0,0
88,ROYAL CARIBBEAN CRUISES LTD,COM,V7780T103,28804,428052,SH,,SOLE,,428052,0,0
89,SAEXPLORATION HLDGS INC,COM,78636X105,2138,257301,SH,,SOLE,,257301,0,0
90,SALIX PHARMACEUTICALS INC,COM,795435106,135806,869211,SH,,SOLE,,869211,0,0
91,SALIX PHARMACEUTICALS INC,COM,795435106,5777,36975,SH,,DFND,1.0,36975,0,0
92,SCORPIO BULKERS INC,SHS,Y7546A106,56431,9696097,SH,,SOLE,,9696097,0,0
93,SCORPIO TANKERS INC,SHS,Y7542C106,85827,10328134,SH,,SOLE,,10328134,0,0
94,SHANDA GAMES LTD,SP ADR REPTG A,81941U105,4915,751454,SH,,SOLE,,751454,0,0
95,SHIRE PLC,SPONSORED ADR,82481R106,28513,110067,SH,,SOLE,,110067,0,0
96,SHIRE PLC,SPONSORED ADR,82481R106,737,2844,SH,,DFND,1.0,2844,0,0
97,SMITH & NEPHEW PLC,SPDN ADR NEW,83175M205,3293,97772,SH,,SOLE,,97772,0,0
98,SMITH & NEPHEW PLC,SPDN ADR NEW,83175M205,144,4267,SH,,DFND,1.0,4267,0,0
99,SPANSION INC,COM CL A NEW,84649R200,10380,455442,SH,,SOLE,,455442,0,0
100,STEALTHGAS INC,SHS,Y81669106,13665,1500000,SH,,SOLE,,1500000,0,0
101,TEEKAY CORPORATION,COM,Y8564W103,11802,177846,SH,,SOLE,,177846,0,0
102,T-MOBILE US INC,COM,872590104,35467,1228521,SH,,SOLE,,1228521,0,0
103,T-MOBILE US INC,COM,872590104,1511,52322,SH,,DFND,1.0,52322,0,0
104,TIM PARTICIPACOES S A,SPONSORED ADR,88706P205,117395,4480713,SH,,SOLE,,4480713,0,0
105,TIM PARTICIPACOES S A,SPONSORED ADR,88706P205,1519,57960,SH,,DFND,1.0,57960,0,0
106,TIME WARNER CABLE INC,COM,88732J207,138395,964492,SH,,SOLE,,964492,0,0
107,TIME WARNER CABLE INC,COM,88732J207,15955,111194,SH,,DFND,1.0,111194,0,0
108,TIME WARNER INC,COM NEW,887317303,204176,2714752,SH,,SOLE,,2714752,0,0
109,TIME WARNER INC,COM NEW,887317303,20663,274734,SH,,DFND,1.0,274734,0,0
110,TRAVELPORT WORLDWIDE LTD,SHS,G9019D104,26336,1600000,SH,,SOLE,,1600000,0,0
111,TSAKOS ENERGY NAVIGATION LTD,SHS,G9108L108,18418,2886781,SH,,SOLE,,2886781,0,0
112,TYCO INTERNATIONAL LTD,SHS,H89128104,105833,2374533,SH,,SOLE,,2374533,0,0
113,TYCO INTERNATIONAL LTD,SHS,H89128104,21364,479344,SH,,DFND,1.0,479344,0,0
114,VERSO PAPER CORP,COM,92531L108,1322,413200,SH,,SOLE,,413200,0,0
115,VISTEON CORP,COM NEW,92839U206,78372,805877,SH,,SOLE,,805877,0,0
116,ALLERGAN INC,COM,018490102,181593,1019100,SH,Put,SOLE,,1019100,0,0
117,ALLERGAN INC,COM,018490102,9996,56100,SH,Put,DFND,1.0,56100,0,0
118,ISHARES TR,RUSSELL 2000 ETF,464287655,706849,6464100,SH,Put,SOLE,,6464100,0,0
119,AMERICAN AIRLS GROUP INC,COM,02376R102,14341,404200,SH,Call,SOLE,,404200,0,0
120,AVIS BUDGET GROUP,COM,053774105,32934,600000,SH,Call,SOLE,,600000,0,0
121,ENERGY TRANSFER EQUITY L P,COM UT LTD PTN,29273V100,2758,44700,SH,Call,SOLE,,44700,0,0
122,MARTIN MARIETTA MATLS INC,COM,573284106,119205,924500,SH,Call,SOLE,,924500,0,0
123,YAHOO INC,COM,984332106,400564,9829800,SH,Call,SOLE,,9829800,0,0
