,NAME OF ISSUER,TITLE OF CLASS,CUSIP,(x$1000),PRN AMT,PRN,CALL,DISCRETION,MANAGER,SOLE,SHARED,NONE
0,ALTABA INC,COM,021346101,9910,171039,SH,,DFND,1.0,171039,0,0
1,ALTABA INC,COM,021346101,223059,3849834,SH,,SOLE,,3849834,0,0
2,ALTICE USA INC,CL A,02156K103,2364,143086,SH,,DFND,1.0,143086,0,0
3,ALTICE USA INC,CL A,02156K103,28283,1712042,SH,,SOLE,,1712042,0,0
4,ASHLAND GLOBAL HLDGS INC,COM,044186104,1632,22994,SH,,DFND,1.0,22994,0,0
5,ASHLAND GLOBAL HLDGS INC,COM,044186104,57158,805496,SH,,SOLE,,805496,0,0
6,ASTRAZENECA PLC,SPONSORED ADR,046353108,70362,1852618,SH,,SOLE,,1852618,0,0
7,AVAYA HLDGS CORP,COM,05351X101,321,22043,SH,,SOLE,,22043,0,0
8,BROADCOM INC,COM,11135F101,1336,5254,SH,,DFND,1.0,5254,0,0
9,BROADCOM INC,COM,11135F101,14613,57467,SH,,SOLE,,57467,0,0
10,CIGNA CORP NEW,COM,125523100,7279,38326,SH,,DFND,1.0,38326,0,0
11,CIGNA CORP NEW,COM,125523100,70968,373673,SH,,SOLE,,373673,0,0
12,CENTENE CORP DEL,COM,15135B101,2781,24118,SH,,DFND,1.0,24118,0,0
13,CENTENE CORP DEL,COM,15135B101,32966,285911,SH,,SOLE,,285911,0,0
14,COTY INC,COM CL A,222070203,14074,2145493,SH,,SOLE,,2145493,0,0
15,DELL TECHNOLOGIES INC,CL C,24703L202,1379,28218,SH,,DFND,1.0,28218,0,0
16,DELL TECHNOLOGIES INC,CL C,24703L202,24203,495253,SH,,SOLE,,495253,0,0
17,DENTSPLY SIRONA INC,COM,24906P109,1688,45371,SH,,DFND,1.0,45371,0,0
18,DENTSPLY SIRONA INC,COM,24906P109,21622,581086,SH,,SOLE,,581086,0,0
19,ENCANA CORP,COM,292505104,1154,199658,SH,,DFND,1.0,199658,0,0
20,ENCANA CORP,COM,292505104,14648,2534197,SH,,SOLE,,2534197,0,0
21,F M C CORP,COM NEW,302491303,109393,1479089,SH,,SOLE,,1479089,0,0
22,GCP APPLIED TECHNOLOGIES INC,COM,36164Y101,565,23027,SH,,DFND,1.0,23027,0,0
23,GCP APPLIED TECHNOLOGIES INC,COM,36164Y101,17170,699381,SH,,SOLE,,699381,0,0
24,HARTFORD FINL SVCS GROUP INC,COM,416515104,668,15023,SH,,DFND,1.0,15023,0,0
25,HARTFORD FINL SVCS GROUP INC,COM,416515104,36913,830438,SH,,SOLE,,830438,0,0
26,JD COM INC,SPON ADR CL A,47215P106,9585,457938,SH,,SOLE,,457938,0,0
27,LEIDOS HLDGS INC,COM,525327102,498,9445,SH,,DFND,1.0,9445,0,0
28,LEIDOS HLDGS INC,COM,525327102,6411,121598,SH,,SOLE,,121598,0,0
29,LIVENT CORP,COM,53814L108,269,19475,SH,,DFND,1.0,19475,0,0
30,LIVENT CORP,COM,53814L108,13175,954720,SH,,SOLE,,954720,0,0
31,LYON WILLIAM HOMES,CL A NEW,552074700,1069,100000,SH,,SOLE,,100000,0,0
32,MADISON SQUARE GARDEN CO NEW,CL A,55825T103,755,2820,SH,,DFND,1.0,2820,0,0
33,MADISON SQUARE GARDEN CO NEW,CL A,55825T103,9223,34454,SH,,SOLE,,34454,0,0
34,NEXTDECADE CORP,COM,65342K105,274913,58491534,SH,,SOLE,,55015521,0,0
35,OI S A,SPONSORED ADR NE,670851500,105197,65748227,SH,,SOLE,,65748227,0,0
36,PERSPECTA INC,COM,715347100,2293,133185,SH,,DFND,1.0,133185,0,0
37,PERSPECTA INC,COM,715347100,27182,1578496,SH,,SOLE,,1578496,0,0
38,QUORUM HEALTH CORP,COM,74909E106,7455,2579503,SH,,SOLE,,2579503,0,0
39,RED HAT INC,COM,756577102,3089,17589,SH,,DFND,1.0,17589,0,0
40,RED HAT INC,COM,756577102,44389,252727,SH,,SOLE,,252727,0,0
41,RISE ED CAYMAN LTD,SPONSORED ADR,76761L102,1501,188574,SH,,SOLE,,188574,0,0
42,ROAN RES INC,CL A COM,769755109,75971,9065705,SH,,SOLE,,9065705,0,0
43,SENSIENT TECHNOLOGIES CORP,COM,81725T100,594,10632,SH,,DFND,1.0,10632,0,0
44,SENSIENT TECHNOLOGIES CORP,COM,81725T100,23512,420986,SH,,SOLE,,420986,0,0
45,SYNOVUS FINL CORP,COM NEW,87161C501,1345,42033,SH,,DFND,1.0,42033,0,0
46,SYNOVUS FINL CORP,COM NEW,87161C501,15943,498384,SH,,SOLE,,498384,0,0
47,VOYA FINL INC,COM,929089100,627,15625,SH,,DFND,1.0,15625,0,0
48,VOYA FINL INC,COM,929089100,8274,206133,SH,,SOLE,,206133,0,0
49,WILLSCOT CORP,COM,971375126,9503,1008815,SH,,SOLE,,1008815,0,0
50,XEROX CORP,COM NEW,984121608,1004,50800,SH,,DFND,1.0,50800,0,0
51,XEROX CORP,COM NEW,984121608,30789,1558140,SH,,SOLE,,1558140,0,0
52,ZYNGA INC,CL A,98986T108,412,104913,SH,,DFND,1.0,104913,0,0
53,ZYNGA INC,CL A,98986T108,5281,1343662,SH,,SOLE,,1343662,0,0
54,CHINA BIOLOGIC PRODS HLDGS I,COM,G21515104,1525,20086,SH,,DFND,1.0,20086,0,0
55,CHINA BIOLOGIC PRODS HLDGS I,COM,G21515104,90165,1187783,SH,,SOLE,,1187783,0,0
56,ESTRE AMBIENTAL INC,SHS,G3206V100,1704,1200000,SH,,SOLE,,1200000,0,0
57,NVENT ELECTRIC PLC,SHS,G6700G107,1528,68020,SH,,DFND,1.0,68020,0,0
58,NVENT ELECTRIC PLC,SHS,G6700G107,55639,2477267,SH,,SOLE,,2477267,0,0
59,TSAKOS ENERGY NAVIGATION LTD,SHS,G9108L108,1289,484684,SH,,SOLE,,484684,0,0
60,ELBIT IMAGING LTD,SHS,M37605124,2263,1740485,SH,,SOLE,,1740485,0,0
61,CONSTELLIUM NV,CL A,N22035104,11196,1601683,SH,,SOLE,,1601683,0,0
62,NXP SEMICONDUCTORS N V,COM,N6596X109,1092,14899,SH,,DFND,1.0,14899,0,0
63,NXP SEMICONDUCTORS N V,COM,N6596X109,3802,51884,SH,,SOLE,,51884,0,0
64,STAR BULK CARRIERS CORP,SHS PAR,Y8162K204,29274,3202801,SH,,SOLE,,3202801,0,0
