,NAME OF ISSUER,TITLE OF CLASS,CUSIP,(x$1000),PRN AMT,PRN,CALL,DISCRETION,MANAGER,SOLE,SHARED,NONE
0,Activision Blizzard Inc,COM,00507V109,16037,211290,SH,,DFND,,211290,0,0
1,Alibaba Group Hldg Ltd,SPONSORED ADS,01609W102,93743,434601,SH,,DFND,,434601,0,0
2,Alnylam Pharmaceuticals Inc,COM,02043Q107,54567,368419,SH,,DFND,,368419,0,0
3,Alphabet Inc,CAP STK CL A,02079K305,122664,86502,SH,,DFND,,86502,0,0
4,Amazon Com Inc,COM,023135106,235148,85235,SH,,DFND,,85235,0,0
5,Anaplan Inc,COM,03272L108,9638,212716,SH,,DFND,,212716,0,0
6,Autozone Inc,COM,053332102,21321,18900,SH,,DFND,,18900,0,0
7,Barrick Gold Corporation,COM,067901108,115077,4271600,SH,,DFND,,4271600,0,0
8,Beigene Ltd,SPONSORED ADR,07725L102,4932,26180,SH,,DFND,,26180,0,0
9,Bill Com Hldgs Inc,COM,090043100,5341,59205,SH,,DFND,,59205,0,0
10,Biomarin Pharmaceutical Inc,COM,09061G101,23768,192700,SH,,DFND,,192700,0,0
11,Biontech Se,SPONSORED ADS,09075V102,13645,204450,SH,,DFND,,204450,0,0
12,Booking Holdings Inc,COM,09857L108,59490,37360,SH,,DFND,,37360,0,0
13,Carmax Inc,COM,143130102,5614,62695,SH,,DFND,,62695,0,0
14,Carnival Corp,UNIT 99/99/9999,143658300,45955,2798725,SH,,DFND,,2798725,0,0
15,Chubb Limited,COM,H1467J104,35786,282625,SH,,DFND,,282625,0,0
16,Crowdstrike Hldgs Inc,CL A,22788C105,19005,189503,SH,,DFND,,189503,0,0
17,D R Horton Inc,COM,23331A109,2577,46470,SH,,DFND,,46470,0,0
18,Delta Air Lines Inc Del,COM NEW,247361702,9118,325050,SH,,DFND,,325050,0,0
19,Dish Network Corporation,CL A,25470M109,13551,392679,SH,,DFND,,392679,0,0
20,Disney Walt Co,COM,254687106,15979,143300,SH,,DFND,,143300,0,0
21,Disney Walt Co,COM,254687106,3334,29900,SH,Call,DFND,,29900,0,0
22,Docusign Inc,COM,256163106,3020,17535,SH,,DFND,,17535,0,0
23,Draftkings Inc,COM CL A,26142R104,9246,278000,SH,,DFND,,278000,0,0
24,Facebook Inc,CL A,30303M102,52680,231998,SH,,DFND,,231998,0,0
25,Fastly Inc,CL A,31188V100,25249,296593,SH,,DFND,,296593,0,0
26,Fidelity Natl Information Sv,COM,31620M106,22471,167580,SH,,DFND,,167580,0,0
27,Fleetcor Technologies Inc,COM,339041105,9961,39600,SH,,DFND,,39600,0,0
28,Flex Ltd,ORD,Y2573F102,7290,711240,SH,,DFND,,711240,0,0
29,Ford Mtr Co Del,COM,345370860,3025,497500,SH,,DFND,,497500,0,0
30,Freeport-Mcmoran Inc,CL B,35671D857,74814,6466200,SH,,DFND,,6466200,0,0
31,General Electric Co,COM,369604103,29887,4375778,SH,,DFND,,4375778,0,0
32,General Electric Co,COM,369604103,2873,420700,SH,Call,DFND,,420700,0,0
33,Guidewire Software Inc,COM,40171V100,6446,58150,SH,,DFND,,58150,0,0
34,Home Depot Inc,COM,437076102,77433,309100,SH,,DFND,,309100,0,0
35,Insmed Inc,COM,457669307,33803,1227400,SH,,DFND,,1227400,0,0
36,Intelsat S A,COM,L5140P101,14,25000,SH,,DFND,,25000,0,0
37,Iqvia Hldgs Inc,COM,46266C105,10174,71710,SH,,DFND,,71710,0,0
38,Jd.Com Inc,SPON ADR CL A,47215P106,89833,1492740,SH,,DFND,,1492740,0,0
39,Jpmorgan Chase & Co,COM,46625H100,151619,1611940,SH,,DFND,,1611940,0,0
40,Las Vegas Sands Corp,COM,517834107,4453,97776,SH,,DFND,,97776,0,0
41,Lennar Corp,CL A,526057104,11392,184872,SH,,DFND,,184872,0,0
42,Live Nation Entertainment In,COM,538034109,36752,829051,SH,,DFND,,829051,0,0
43,Marriott Intl Inc New,CL A,571903202,21198,247264,SH,,DFND,,247264,0,0
44,Mercadolibre Inc,COM,58733R102,35197,35705,SH,,DFND,,35705,0,0
45,Microsoft Corp,COM,594918104,366282,1799825,SH,,DFND,,1799825,0,0
46,Netflix Inc,COM,64110L106,140824,309477,SH,,DFND,,309477,0,0
47,Nextcure Inc,COM,65343E108,3033,141459,SH,,DFND,,141459,0,0
48,Onemain Hldgs Inc,COM,68268W103,5135,209265,SH,,DFND,,209265,0,0
49,Paypal Hldgs Inc,COM,70450Y103,133897,768510,SH,,DFND,,768510,0,0
50,Penn Natl Gaming Inc,COM,707569109,31969,1046794,SH,,DFND,,1046794,0,0
51,Penske Automotive Grp Inc,COM,70959W103,1548,40000,SH,,DFND,,40000,0,0
52,Reata Pharmaceuticals Inc,CL A,75615P103,83140,532878,SH,,DFND,,532878,0,0
53,Regeneron Pharmaceuticals,COM,75886F107,24135,38700,SH,,DFND,,38700,0,0
54,Sarepta Therapeutics Inc,COM,803607100,27154,169350,SH,,DFND,,169350,0,0
55,Sea Ltd,SPONSORED ADS,81141R100,106214,990437,SH,,DFND,,990437,0,0
56,Smartsheet Inc,COM CL A,83200N103,51783,1016955,SH,,DFND,,1016955,0,0
57,Spdr Ser Tr,S&P BIOTECH,78464A870,122608,1095200,SH,,DFND,,1095200,0,0
58,Starbucks Corp,COM,855244109,66666,905915,SH,,DFND,,905915,0,0
59,Synchrony Financial,COM,87165B103,15579,703013,SH,,DFND,,703013,0,0
60,Tal Education Group,SPONSORED ADS,874080104,21355,312300,SH,,DFND,,312300,0,0
61,T-Mobile Us Inc,COM,872590104,163653,1571324,SH,,DFND,,1571324,0,0
62,T-Mobile Us Inc,RIGHT 07/27/2020,872590112,177,1052289,SH,,DFND,,1052289,0,0
63,Tricida Inc,COM,89610F101,18916,688344,SH,,DFND,,688344,0,0
64,Us Bancorp Del,COM,902973304,8524,231500,SH,,DFND,,231500,0,0
65,Vapotherm Inc,COM,922107107,969,23635,SH,,DFND,,23635,0,0
66,Verizon Communications Inc,COM,92343V104,8858,160675,SH,,DFND,,160675,0,0
67,Wells Fargo Co New,COM,949746101,39642,1548500,SH,,DFND,,1548500,0,0
68,Wendys Co,COM,95058W100,22497,1032909,SH,,DFND,,1032909,0,0
69,Workday Inc,CL A,98138H101,130446,696230,SH,,DFND,,696230,0,0
70,Yum Brands Inc,COM,988498101,13134,151124,SH,,DFND,,151124,0,0
71,Zimmer Biomet Holdings Inc,COM,98956P102,14580,122150,SH,,DFND,,122150,0,0
