,NAME OF ISSUER,TITLE OF CLASS,CUSIP,(x$1000),PRN AMT,PRN,CALL,DISCRETION,MANAGER,SOLE,SHARED,NONE
0,ADVISORY BRD CO,COM,00762W107,9891,184441,SH,,DFND,1,184441,0,0
1,AMAZON COM INC,COM,023135106,8547,8891,SH,,DFND,1,8891,0,0
2,ATHENAHEALTH INC,COM,04685W103,13076,105148,SH,,DFND,1,105148,0,0
3,BLACKHAWK NETWORK HLDGS INC,COM,09238E104,19352,441833,SH,,DFND,1,441833,0,0
4,BOTTOMLINE TECH DEL INC,COM,101388106,17437,547802,SH,,DFND,1,547802,0,0
5,BOX INC,CL A,10316T104,12853,665244,SH,,DFND,1,665244,0,0
6,BROADSOFT INC,COM,11133B409,10134,201476,SH,,DFND,1,201476,0,0
7,CALLIDUS SOFTWARE INC,COM,13123E500,13417,544301,SH,,DFND,1,544301,0,0
8,COMMVAULT SYSTEMS INC,COM,204166102,18157,298633,SH,,DFND,1,298633,0,0
9,CSRA INC,COM,12650T104,16022,496489,SH,,DFND,1,496489,0,0
10,DESPEGAR COM CORP,ORD SHS,G27358103,3200,100000,SH,,DFND,1,100000,0,0
11,DXC TECHNOLOGY CO,COM,23355L106,17562,204493,SH,,DFND,1,204493,0,0
12,GLOBAL PMTS INC,COM,37940X102,581181,6115768,SH,,DFND,1,6115768,0,0
13,HOUGHTON MIFFLIN HARCOURT CO,COM,44157R109,20915,1735657,SH,,DFND,1,1735657,0,0
14,HUBSPOT INC,COM,443573100,10673,126983,SH,,DFND,1,126983,0,0
15,INSTRUCTURE INC,COM,45781U103,24656,743761,SH,,DFND,1,743761,0,0
16,LAUREATE EDUCATION INC,CL A,518613203,10259,705105,SH,,DFND,1,705105,0,0
17,MICROSOFT CORP,COM,594918104,10643,142884,SH,,DFND,1,142884,0,0
18,PEGASYSTEMS INC,COM,705573103,11560,200514,SH,,DFND,1,200514,0,0
19,PROOFPOINT INC,COM,743424103,5873,67338,SH,,DFND,1,67338,0,0
20,PTC INC,COM,69370C100,11801,209685,SH,,DFND,1,209685,0,0
21,TALEND S A,ADS,874224207,6016,146956,SH,,DFND,1,146956,0,0
22,VERINT SYS INC,COM,92343X100,13119,313476,SH,,DFND,1,313476,0,0
