,NAME OF ISSUER,TITLE OF CLASS,CUSIP,(x$1000),PRN AMT,PRN,CALL,DISCRETION,MANAGER,SOLE,SHARED,NONE
0,AEROHIVE NETWORKS INC,COM,007786106,10089,1445472,SH,,DFND,,1445472,0,0
1,ALLSCRIPTS HEALTHCARE SOLUTI,COM,01988P108,3098,226477,SH,,DFND,,226477,0,0
2,ARISTA NETWORKS INC,COM,040413106,6425,78599,SH,,DFND,,78599,0,0
3,BRIGHTCOVE INC,COM,10921T101,10832,1579049,SH,,SOLE,,1579049,0,0
4,COMMVAULT SYSTEMS INC,COM,204166102,5731,135126,SH,,DFND,,135126,0,0
5,EXA CORP,COM,300614500,3712,332959,SH,,DFND,,332959,0,0
6,FIVE9 INC,COM,338307101,2671,510789,SH,,DFND,,510789,0,0
7,IMPERVA INC,COM,45321L100,8036,118705,SH,,DFND,,118705,0,0
8,INCONTACT INC,COM,45336E109,2876,291394,SH,,DFND,,291394,0,0
9,INFOBLOX INC,COM,45672H104,7952,303387,SH,,DFND,,303387,0,0
10,INTERACTIVE INTELLIGENCE GRO,COM,45841V109,5051,113579,SH,,DFND,,113579,0,0
11,MARKETO INC,COM,57063L107,4124,146954,SH,,DFND,,146954,0,0
12,MICROSOFT CORP,COM,594918104,2685,60814,SH,,DFND,,60814,0,0
13,MODEL N INC,COM,607525102,5936,498427,SH,,DFND,,498427,0,0
14,NIMBLE STORAGE INC,COM,65440R101,4545,161969,SH,,DFND,,161969,0,0
15,PAYCOM SOFTWARE INC,COM,70432V102,2549,74639,SH,,DFND,,74639,0,0
16,PRESS GANEY HOLDINGS INC,COM,74113L102,4282,149372,SH,,DFND,,149372,0,0
17,PROOFPOINT INC,COM,743424103,5714,89747,SH,,DFND,,89747,0,0
18,Q2 HOLDINGS INC,COM,74736L109,4150,146896,SH,,DFND,,146896,0,0
19,REALPAGE INC,COM,75606N109,52182,2736328,SH,,SOLE,,2736328,0,0
20,RINGCENTRAL INC-CLASS A,COM,76680R206,11458,619693,SH,,DFND,,619693,0,0
21,RUCKUS WIRELESS INC,COM,781220108,2441,236112,SH,,DFND,,236112,0,0
22,SALESFORCE.COM INC,COM,79466L302,3841,55161,SH,,DFND,,55161,0,0
23,SCIQUEST INC,COM,80908T101,3229,218000,SH,,DFND,,218000,0,0
24,TWITTER INC,COM,90184L102,3662,101116,SH,,DFND,,101116,0,0
25,UNWIRED PLANET INC,COM,91531F103,912,1470956,SH,,DFND,,1470956,0,0
