,NAME OF ISSUER,TITLE OF CLASS,CUSIP,(x$1000),PRN AMT,PRN,CALL,DISCRETION,MANAGER,SOLE,SHARED,NONE
0,ADOBE SYS INC,COM,00724F101,4282,52079,SH,,DFND,,52079,0,0
1,AEROHIVE NETWORKS INC,COM,007786106,7747,1295472,SH,,DFND,,1295472,0,0
2,AKAMAI TECHNOLOGIES INC,COM,00971T101,5485,79426,SH,,DFND,,79426,0,0
3,ALLSCRIPTS HEALTHCARE SOLUTN,COM,01988P108,4068,328082,SH,,DFND,,328082,0,0
4,ARISTA NETWORKS INC,COM,040413106,7660,125176,SH,,DFND,,125176,0,0
5,BOX INC,CL A,10316T104,315,25000,SH,,DFND,,25000,0,0
6,BRIGHTCOVE INC,COM,10921T101,7769,1579049,SH,,SOLE,,1579049,0,0
7,COMMVAULT SYSTEMS INC,COM,204166102,4589,135126,SH,,DFND,,135126,0,0
8,DEMANDWARE INC,COM,24802Y105,1343,25987,SH,,DFND,,25987,0,0
9,EXA CORP,COM,300614500,3439,332959,SH,,DFND,,332959,0,0
10,FITBIT INC,CL A,33812L102,2638,70000,SH,,DFND,,70000,0,0
11,GODADDY INC,CL A,380237107,4891,193994,SH,,DFND,,193994,0,0
12,IMPERVA INC,COM,45321L100,9339,142623,SH,,DFND,,142623,0,0
13,INCONTACT INC,COM,45336E109,5385,717107,SH,,DFND,,717107,0,0
14,INFOBLOX INC,COM,45672H104,5950,372311,SH,,DFND,,372311,0,0
15,INTUIT,COM,461202103,4356,49077,SH,,DFND,,49077,0,0
16,MARKETO INC,COM,57063L107,5081,178771,SH,,DFND,,178771,0,0
17,MODEL N INC,COM,607525102,4600,459572,SH,,DFND,,459572,0,0
18,NIMBLE STORAGE INC,COM,65440R101,3618,150000,SH,Call,DFND,,0,0,0
19,NIMBLE STORAGE INC,COM,65440R101,5364,222396,SH,,DFND,,222396,0,0
20,OUTERWALL INC,COM,690070107,653,11468,SH,,DFND,,11468,0,0
21,PRESS GANEY HLDGS INC,COM,74113L102,2670,90247,SH,,DFND,,90247,0,0
22,PROOFPOINT INC,COM,743424103,7482,124036,SH,,DFND,,124036,0,0
23,Q2 HLDGS INC,COM,74736L109,4825,195186,SH,,DFND,,195186,0,0
24,RAPID7 INC,COM,753422104,5133,225647,SH,,DFND,,225647,0,0
25,REALPAGE INC,COM,75606N109,24832,2095781,SH,,SOLE,,2095781,0,0
26,RINGCENTRAL INC,CL A,76680R206,9524,524718,SH,,DFND,,524718,0,0
27,RUCKUS WIRELESS INC,COM,781220108,5718,481276,SH,,DFND,,481276,0,0
28,SALESFORCE COM INC,COM,79466L302,5233,75372,SH,,DFND,,75372,0,0
29,TELADOC INC,COM,87918A105,3009,134975,SH,,DFND,,134975,0,0
