,NAME OF ISSUER,TITLE OF CLASS,CUSIP,(x$1000),PRN AMT,PRN,CALL,DISCRETION,MANAGER,SOLE,SHARED,NONE
0,"REALPAGE, INC.",COM,75606N109,59336,3828102,SH,,SOLE,,3828102,0,0
1,"INTRALINKS HOLDINGS, INC.",COM,46118H104,5984,738803,SH,,SOLE,,738803,0,0
2,"BAZAARVOICE, INC.",COM,073271108,12858,1739956,SH,,SOLE,,1739956,0,0
3,"BRIGHTCOVE, INC.",COM,10921T101,8811,1579049,SH,,SOLE,,1579049,0,0
4,EXA CORPORATION CMN,COM,300614500,940,83333,SH,,DFND,,83333,0,0
5,INFOBLOX INC. CMN,COM,45672H104,630,42741,SH,,DFND,,42741,0,0
6,CALL/BLOX @ 20 EXP 01/17/2015,COM,45672H104,64,1500,SH,Call,DFND,,1500,0,0
7,"JIVE SOFTWARE, INC. CMN",COM,47760A108,865,148443,SH,,DFND,,148443,0,0
8,MARKETO INC. CMN,COM,57063L107,835,25852,SH,,DFND,,25852,0,0
9,"RINGCENTRAL, INC. CMN",COM,76680R206,797,62722,SH,,DFND,,62722,0,0
10,"SCIQUEST, INC. CMN",COM,80908T101,751,49954,SH,,DFND,,49954,0,0
11,"SHORETEL, INC. CMN",COM,825211105,492,73926,SH,,DFND,,73926,0,0
