,NAME OF ISSUER,TITLE OF CLASS,CUSIP,(x$1000),PRN AMT,PRN,CALL,DISCRETION,MANAGER,SOLE,SHARED,NONE
0,3M CO,COM,88579Y101,272,1522,SH,,OTR,,0,1522,0
1,3M CO,COM,88579Y101,4464,25000,SH,Call,OTR,,0,25000,0
2,ABM INDS INC,COM,000957100,7665,187688,SH,,OTR,,0,187688,0
3,ACCENTURE PLC IRELAND,SHS CLASS A,G1151C101,2928,25000,SH,,OTR,,0,25000,0
4,ACORDA THERAPEUTICS INC,NOTE 1.750% 6/1,00484MAA4,2272,2990000,PRN,,OTR,,0,0,2990000
5,ACUITY BRANDS INC,COM,00508Y102,2283,9891,SH,,OTR,,0,9891,0
6,ADOBE SYS INC,COM,00724F101,618,6000,SH,,OTR,,0,6000,0
7,ADVANCE AUTO PARTS INC,COM,00751Y106,1184,7000,SH,,OTR,,0,7000,0
8,ADVANCED DISP SVCS INC DEL,COM,00790X101,1869,84093,SH,,OTR,,0,84093,0
9,ADVANCED MICRO DEVICES INC,NOTE 2.125% 9/0,007903BD8,20174,12795000,PRN,,OTR,,0,0,12795000
10,AEROJET ROCKETDYNE HLDGS INC,COM,007800105,759,42300,SH,Call,OTR,,0,42300,0
11,AES CORP,COM,00130H105,306,26343,SH,,OTR,,0,26343,0
12,AFFILIATED MANAGERS GROUP,COM,008252108,275,1893,SH,,OTR,,0,1893,0
13,AIR LEASE CORP,CL A,00912X302,720,20960,SH,,OTR,,0,20960,0
14,AIR PRODS & CHEMS INC,COM,009158106,202,1404,SH,,OTR,,0,1404,0
15,AK STL HLDG CORP,COM,001547108,1880,184174,SH,,OTR,,0,184174,0
16,AKAMAI TECHNOLOGIES INC,COM,00971T101,300,4500,SH,,OTR,,0,4500,0
17,ALERE INC,COM,01449J105,1033,26510,SH,,OTR,,0,26510,0
18,ALIBABA GROUP HLDG LTD,SPONSORED ADS,01609W102,1106,12600,SH,,OTR,,0,12600,0
19,ALKERMES PLC,SHS,G01767105,303,5450,SH,,OTR,,0,5450,0
20,ALLEGHANY CORP DEL,COM,017175100,231,380,SH,,OTR,,0,380,0
21,ALLEGHENY TECHNOLOGIES INC,NOTE 4.750% 7/0,01741RAG7,1474,1100000,PRN,,OTR,,0,0,1100000
22,ALLERGAN PLC,SHS,G0177J108,1461,6957,SH,,OTR,,0,6957,0
23,ALLIANCE DATA SYSTEMS CORP,COM,018581108,1143,5000,SH,,OTR,,0,5000,0
24,ALLSCRIPTS HEALTHCARE SOLUTN,COM,01988P108,797,78026,SH,,OTR,,0,78026,0
25,ALON USA ENERGY INC,COM,020520102,870,76470,SH,,OTR,,0,76470,0
26,ALPHABET INC,CAP STK CL A,02079K305,2439,3078,SH,,OTR,,0,3078,0
27,AMAZON COM INC,COM,023135106,6318,8426,SH,,OTR,,0,8426,0
28,AMDOCS LTD,SHS,G02602103,1643,28202,SH,,OTR,,0,28202,0
29,AMEREN CORP,COM,023608102,239,4559,SH,,OTR,,0,4559,0
30,AMERICAN AIRLS GROUP INC,COM,02376R102,257,5497,SH,,OTR,,0,5497,0
31,AMERICAN CAP LTD,COM,02503Y103,530,29592,SH,,OTR,,0,29592,0
32,AMERICAN HOMES 4 RENT,CL A,02665T306,13295,633698,SH,,OTR,,0,633698,0
33,AMERICAN INTL GROUP INC,COM NEW,026874784,15637,239422,SH,,OTR,,0,239422,0
34,AMERICAN TOWER CORP NEW,COM,03027X100,2758,26096,SH,,OTR,,0,26096,0
35,AMERICAN WTR WKS CO INC NEW,COM,030420103,1165,16096,SH,,OTR,,0,16096,0
36,AMERISOURCEBERGEN CORP,COM,03073E105,382,4889,SH,,OTR,,0,4889,0
37,AMETEK INC NEW,COM,031100100,8417,173193,SH,,OTR,,0,173193,0
38,ANADARKO PETE CORP,COM,032511107,4485,64326,SH,,OTR,,0,64326,0
39,ANALOG DEVICES INC,COM,032654105,1401,19292,SH,,OTR,,0,19292,0
40,ANGLOGOLD ASHANTI LTD,SPONSORED ADR,035128206,2102,200000,SH,,OTR,,0,200000,0
41,ANNALY CAP MGMT INC,COM,035710409,408,40968,SH,,OTR,,0,40968,0
42,ANTERO RES CORP,COM,03674X106,276,11650,SH,,OTR,,0,11650,0
43,APOLLO COML REAL EST FIN INC,COM,03762U105,306,18423,SH,,OTR,,0,18423,0
44,APOLLO ED GROUP INC,CL A,037604105,406,41000,SH,,OTR,,0,41000,0
45,APOLLO INVT CORP,COM,03761U106,274,46772,SH,,OTR,,0,46772,0
46,APPLE INC,COM,037833100,2115,18262,SH,,OTR,,0,18262,0
47,AQUA AMERICA INC,COM,03836W103,405,13479,SH,,OTR,,0,13479,0
48,ARBOR RLTY TR INC,NOTE 6.500%10/0,038923AA6,2843,2800000,PRN,,OTR,,0,0,2800000
49,ARCELORMITTAL SA LUXEMBOURG,NY REGISTRY SH,03938L104,5873,804579,SH,,OTR,,0,804579,0
50,ARCH CAP GROUP LTD,ORD,G0450A105,468,5428,SH,,OTR,,0,5428,0
51,ARMOUR RESIDENTIAL REIT INC,COM NEW,042315507,221,10176,SH,,OTR,,0,10176,0
52,ARROW ELECTRS INC,COM,042735100,285,4000,SH,,OTR,,0,4000,0
53,ASCENA RETAIL GROUP INC,COM,04351G101,76,12273,SH,,OTR,,0,12273,0
54,ASHLAND GLOBAL HLDGS INC,COM,044186104,11489,105128,SH,,OTR,,0,105128,0
55,ASPEN TECHNOLOGY INC,COM,045327103,1349,24673,SH,,OTR,,0,24673,0
56,ASSOCIATED BANC CORP,COM,045487105,220,8905,SH,,OTR,,0,8905,0
57,ASTRAZENECA PLC,SPONSORED ADR,046353108,1463,53553,SH,,OTR,,0,53553,0
58,ATMOS ENERGY CORP,COM,049560105,212,2862,SH,,OTR,,0,2862,0
59,AUTODESK INC,COM,052769106,259,3500,SH,,OTR,,0,3500,0
60,AUTOMATIC DATA PROCESSING IN,COM,053015103,354,3443,SH,,OTR,,0,3443,0
61,AVANGRID INC,COM,05351W103,3334,88018,SH,,OTR,,0,88018,0
62,AVNET INC,COM,053807103,322,6767,SH,,OTR,,0,6767,0
63,BAKER HUGHES INC,COM,057224107,8831,135923,SH,,OTR,,0,135923,0
64,BANCO BRADESCO S A,SP ADR PFD NEW,059460303,2620,300766,SH,,OTR,,0,300766,0
65,BANK AMER CORP,COM,060505104,1312,59352,SH,,OTR,,0,59352,0
66,BANKUNITED INC,COM,06652K103,259,6863,SH,,OTR,,0,6863,0
67,BARCLAYS PLC,ADR,06738E204,304,27673,SH,,OTR,,0,27673,0
68,BB&T CORP,COM,054937107,705,15000,SH,,OTR,,0,15000,0
69,BED BATH & BEYOND INC,COM,075896100,336,8273,SH,,OTR,,0,8273,0
70,BEST BUY INC,COM,086516101,1280,30000,SH,Put,OTR,,0,30000,0
71,BHP BILLITON PLC,SPONSORED ADR,05545E209,981,31185,SH,,OTR,,0,31185,0
72,BIO RAD LABS INC,CL A,090572207,12080,66270,SH,,OTR,,0,66270,0
73,BIOMARIN PHARMACEUTICAL INC,COM,09061G101,708,8550,SH,,OTR,,0,8550,0
74,BJS RESTAURANTS INC,COM,09180C106,4030,102553,SH,,OTR,,0,102553,0
75,BLACKBERRY LTD,COM,09228F103,345,50000,SH,,OTR,,0,50000,0
76,BLACKROCK INC,COM,09247X101,4423,11623,SH,,OTR,,0,11623,0
77,BLACKSTONE MTG TR INC,COM CL A,09257W100,571,18989,SH,,OTR,,0,18989,0
78,BLUE BUFFALO PET PRODS INC,COM,09531U102,406,16879,SH,,OTR,,0,16879,0
79,BNC BANCORP,COM,05566T101,211,6626,SH,,OTR,,0,6626,0
80,BOEING CO,COM,097023105,4670,30000,SH,Put,OTR,,0,30000,0
81,BORGWARNER INC,COM,099724106,986,25000,SH,Call,OTR,,0,25000,0
82,BOSTON SCIENTIFIC CORP,COM,101137107,497,23000,SH,,OTR,,0,23000,0
83,BRINKS CO,COM,109696104,525,12717,SH,,OTR,,0,12717,0
84,BRISTOL MYERS SQUIBB CO,COM,110122108,1666,28500,SH,,OTR,,0,28500,0
85,BROOKDALE SR LIVING INC,COM,112463104,558,44901,SH,,OTR,,0,44901,0
86,C H ROBINSON WORLDWIDE INC,COM NEW,12541W209,2381,32500,SH,,OTR,,0,32500,0
87,CA INC,COM,12673P105,1839,57872,SH,,OTR,,0,57872,0
88,CABELAS INC,COM,126804301,872,14900,SH,,OTR,,0,14900,0
89,CABOT OIL & GAS CORP,COM,127097103,4952,211980,SH,,OTR,,0,211980,0
90,CADENCE DESIGN SYSTEM INC,COM,127387108,1778,70515,SH,,OTR,,0,70515,0
91,CALGON CARBON CORP,COM,129603106,171,10050,SH,,OTR,,0,10050,0
92,CALLON PETE CO DEL,COM,13123X102,4134,268989,SH,,OTR,,0,268989,0
93,CALPINE CORP,COM NEW,131347304,891,77957,SH,,OTR,,0,77957,0
94,CAMDEN PPTY TR,SH BEN INT,133131102,330,3931,SH,,OTR,,0,3931,0
95,CAMPBELL SOUP CO,COM,134429109,11877,196414,SH,,OTR,,0,196414,0
96,CANADIAN NAT RES LTD,COM,136385101,253,7945,SH,,OTR,,0,7945,0
97,CANADIAN NATL RY CO,COM,136375102,4381,65000,SH,,OTR,,0,65000,0
98,CANADIAN PAC RY LTD,COM,13645T100,5710,39995,SH,,OTR,,0,39995,0
99,CAPITAL BK FINL CORP,CL A COM,139794101,1925,49051,SH,,OTR,,0,49051,0
100,CAPITAL ONE FINL CORP,COM,14040H105,5433,62282,SH,,OTR,,0,62282,0
101,CAPITOL FED FINL INC,COM,14057J101,330,20067,SH,,OTR,,0,20067,0
102,CARDTRONICS INC,NOTE 1.000%12/0,14161HAG3,15459,13110000,PRN,,OTR,,0,0,13110000
103,CARNIVAL CORP,UNIT 99/99/9999,143658300,296,5678,SH,,OTR,,0,5678,0
104,CARRIAGE SVCS INC,NOTE 2.750% 3/1,143905AM9,10915,8073000,PRN,,OTR,,0,0,8073000
105,CATERPILLAR INC DEL,COM,149123101,2782,30000,SH,Put,OTR,,0,30000,0
106,CBRE GROUP INC,CL A,12504L109,1266,40198,SH,,OTR,,0,40198,0
107,CBS CORP NEW,CL B,124857202,2595,40796,SH,,OTR,,0,40796,0
108,CDK GLOBAL INC,COM,12508E101,829,13896,SH,,OTR,,0,13896,0
109,CELGENE CORP,COM,151020104,1727,14921,SH,,OTR,,0,14921,0
110,CENOVUS ENERGY INC,COM,15135U109,1487,98254,SH,,OTR,,0,98254,0
111,CENTERPOINT ENERGY INC,COM,15189T107,2304,93491,SH,,OTR,,0,93491,0
112,CENTRAL GARDEN & PET CO,CL A NON-VTG,153527205,509,16460,SH,,OTR,,0,16460,0
113,CF INDS HLDGS INC,COM,125269100,11540,366595,SH,,OTR,,0,366595,0
114,CHART INDS INC,COM PAR $0.01,16115Q308,5292,146925,SH,,OTR,,0,146925,0
115,CHARTER COMMUNICATIONS INC N,CL A,16119P108,8807,30588,SH,,OTR,,0,30588,0
116,CHESAPEAKE ENERGY CORP,COM,165167107,491,70000,SH,Call,OTR,,0,70000,0
117,CHEVRON CORP NEW,COM,166764100,305,2595,SH,,OTR,,0,2595,0
118,CHICAGO BRIDGE & IRON CO N V,COM,167250109,1234,38861,SH,,OTR,,0,38861,0
119,CHIMERA INVT CORP,COM NEW,16934Q208,587,34474,SH,,OTR,,0,34474,0
120,CHINA MOBILE LIMITED,SPONSORED ADR,16941M109,599,11422,SH,,OTR,,0,11422,0
121,CHIPOTLE MEXICAN GRILL INC,COM,169656105,1143,3028,SH,,OTR,,0,3028,0
122,CHOICE HOTELS INTL INC,COM,169905106,306,5457,SH,,OTR,,0,5457,0
123,CHURCH & DWIGHT INC,COM,171340102,10459,236690,SH,,OTR,,0,236690,0
124,CIENA CORP,COM NEW,171779309,642,26300,SH,Call,OTR,,0,26300,0
125,CIGNA CORPORATION,COM,125509109,1915,14353,SH,,OTR,,0,14353,0
126,CINTAS CORP,COM,172908105,2526,21856,SH,,OTR,,0,21856,0
127,CISCO SYS INC,COM,17275R102,4486,148457,SH,,OTR,,0,148457,0
128,CIT GROUP INC,COM NEW,125581801,1205,28235,SH,,OTR,,0,28235,0
129,CIT GROUP INC,COM NEW,125581801,2134,50000,SH,Call,OTR,,0,50000,0
130,CIT GROUP INC,COM NEW,125581801,5335,125000,SH,Put,OTR,,0,125000,0
131,CITIGROUP INC,COM NEW,172967424,6328,106486,SH,,OTR,,0,106486,0
132,CITIZENS FINL GROUP INC,COM,174610105,303,8518,SH,,OTR,,0,8518,0
133,CLEAN HARBORS INC,COM,184496107,211,3791,SH,,OTR,,0,3791,0
134,CLIFFS NAT RES INC,COM,18683K101,2103,250000,SH,,OTR,,0,250000,0
135,CLOUD PEAK ENERGY INC,COM,18911Q102,871,155309,SH,,OTR,,0,155309,0
136,CME GROUP INC,COM,12572Q105,15987,138593,SH,,OTR,,0,138593,0
137,COACH INC,COM,189754104,229,6543,SH,,OTR,,0,6543,0
138,COBALT INTL ENERGY INC,COM,19075F106,79,65000,SH,Call,OTR,,0,65000,0
139,COEUR MNG INC,COM NEW,192108504,497,54704,SH,,OTR,,0,54704,0
140,COLGATE PALMOLIVE CO,COM,194162103,262,4000,SH,,OTR,,0,4000,0
141,COMCAST CORP NEW,CL A,20030N101,6434,93173,SH,,OTR,,0,93173,0
142,COMMSCOPE HLDG CO INC,COM,20337X109,845,22712,SH,,OTR,,0,22712,0
143,COMMUNITY BK SYS INC,COM,203607106,1614,26122,SH,,OTR,,0,26122,0
144,COMMUNITY HEALTHCARE TR INC,COM,20369C106,220,9533,SH,,OTR,,0,9533,0
145,COMPANHIA DE SANEAMENTO BASI,SPONSORED ADR,20441A102,283,32658,SH,,OTR,,0,32658,0
146,COMPASS MINERALS INTL INC,COM,20451N101,4824,61576,SH,,OTR,,0,61576,0
147,CONAGRA BRANDS INC,COM,205887102,906,22898,SH,,OTR,,0,22898,0
148,CONOCOPHILLIPS,COM,20825C104,7551,150595,SH,,OTR,,0,150595,0
149,CONSOL ENERGY INC,COM,20854P109,432,23678,SH,,OTR,,0,23678,0
150,CONSOLIDATED EDISON INC,COM,209115104,481,6530,SH,,OTR,,0,6530,0
151,CONSTELLIUM NV,CL A,N22035104,3170,537289,SH,,OTR,,0,537289,0
152,CONTINENTAL BLDG PRODS INC,COM,211171103,268,11609,SH,,OTR,,0,11609,0
153,CORNING INC,COM,219350105,3705,152669,SH,,OTR,,0,152669,0
154,COTY INC,COM CL A,222070203,778,42502,SH,,OTR,,0,42502,0
155,CRANE CO,COM,224399105,2913,40395,SH,,OTR,,0,40395,0
156,CREE INC,COM,225447101,264,9990,SH,,OTR,,0,9990,0
157,CSRA INC,COM,12650T104,547,17184,SH,,OTR,,0,17184,0
158,CSX CORP,COM,126408103,3169,88194,SH,,OTR,,0,88194,0
159,CTRIP COM INTL LTD,AMERICAN DEP SHS,22943F100,1400,34997,SH,,OTR,,0,34997,0
160,CTRIP COM INTL LTD,NOTE 1.250%10/1,22943FAD2,1158,1000000,PRN,,OTR,,0,0,1000000
161,CTRIP COM INTL LTD,NOTE 1.990% 7/0,22943FAH3,3120,3000000,PRN,,OTR,,0,0,3000000
162,CVS HEALTH CORP,COM,126650100,1363,17268,SH,,OTR,,0,17268,0
163,CYPRESS SEMICONDUCTOR CORP,COM,232806109,309,27000,SH,Call,OTR,,0,27000,0
164,CYRUSONE INC,COM,23283R100,2895,64727,SH,,OTR,,0,64727,0
165,CYS INVTS INC,COM,12673A108,391,50568,SH,,OTR,,0,50568,0
166,D R HORTON INC,COM,23331A109,2757,100866,SH,,OTR,,0,100866,0
167,DANA INCORPORATED,COM,235825205,5287,278546,SH,,OTR,,0,278546,0
168,DAVITA INC,COM,23918K108,4087,63655,SH,,OTR,,0,63655,0
169,DELL TECHNOLOGIES INC,COM CL V,24703L103,1968,35800,SH,,OTR,,0,35800,0
170,DELPHI AUTOMOTIVE PLC,SHS,G27823106,1202,17849,SH,,OTR,,0,17849,0
171,DELTA AIR LINES INC DEL,COM NEW,247361702,8756,178011,SH,,OTR,,0,178011,0
172,DEPOMED INC,NOTE 2.500% 9/0,249908AA2,2875,2500000,PRN,,OTR,,0,0,2500000
173,DEVON ENERGY CORP NEW,COM,25179M103,6073,132967,SH,,OTR,,0,132967,0
174,DIAMONDBACK ENERGY INC,COM,25278X109,6795,67234,SH,,OTR,,0,67234,0
175,DIAMONDROCK HOSPITALITY CO,COM,252784301,12321,1068585,SH,,OTR,,0,1068585,0
176,DICKS SPORTING GOODS INC,COM,253393102,1273,23969,SH,,OTR,,0,23969,0
177,DISCOVER FINL SVCS,COM,254709108,1343,18633,SH,,OTR,,0,18633,0
178,DISCOVERY COMMUNICATNS NEW,COM SER A,25470F104,386,14092,SH,,OTR,,0,14092,0
179,DISH NETWORK CORP,CL A,25470M109,962,16600,SH,Call,OTR,,0,16600,0
180,DOLLAR GEN CORP NEW,COM,256677105,5926,80000,SH,Call,OTR,,0,80000,0
181,DOLLAR GEN CORP NEW,COM,256677105,2222,30000,SH,Put,OTR,,0,30000,0
182,DOLLAR TREE INC,COM,256746108,309,4000,SH,,OTR,,0,4000,0
183,DONALDSON INC,COM,257651109,698,16587,SH,,OTR,,0,16587,0
184,DONNELLEY R R & SONS CO,COM,257867200,737,45144,SH,,OTR,,0,45144,0
185,DOVER CORP,COM,260003108,13419,179081,SH,,OTR,,0,179081,0
186,DOW CHEM CO,COM,260543103,7954,139000,SH,,OTR,,0,139000,0
187,DR PEPPER SNAPPLE GROUP INC,COM,26138E109,1102,12154,SH,,OTR,,0,12154,0
188,DU PONT E I DE NEMOURS & CO,COM,263534109,598,8150,SH,,OTR,,0,8150,0
189,DUKE ENERGY CORP NEW,COM NEW,26441C204,1977,25469,SH,,OTR,,0,25469,0
190,DYNEGY INC NEW DEL,UNIT 07/01/20191,26817R405,8374,135000,SH,,OTR,,0,135000,0
191,E TRADE FINANCIAL CORP,COM NEW,269246401,2903,83769,SH,,OTR,,0,83769,0
192,EAGLE BULK SHIPPING INC,SHS NEW,Y2187A143,59,10000,SH,,OTR,,0,10000,0
193,EAGLE MATERIALS INC,COM,26969P108,281,2851,SH,,OTR,,0,2851,0
194,EATON CORP PLC,SHS,G29183103,8129,121163,SH,,OTR,,0,121163,0
195,ECHO GLOBAL LOGISTICS INC,COM,27875T101,321,12800,SH,,OTR,,0,12800,0
196,EDGEWELL PERS CARE CO,COM,28035Q102,1009,13817,SH,,OTR,,0,13817,0
197,ELDORADO GOLD CORP NEW,COM,284902103,7666,2380780,SH,,OTR,,0,2380780,0
198,ELDORADO GOLD CORP NEW,COM,284902103,966,300000,SH,Call,OTR,,0,300000,0
199,ELLIE MAE INC,COM,28849P100,335,4000,SH,,OTR,,0,4000,0
200,EMBRAER S A,SP ADR REP 4 COM,29082A107,223,11589,SH,,OTR,,0,11589,0
201,EMERSON ELEC CO,COM,291011104,354,6357,SH,,OTR,,0,6357,0
202,ENCANA CORP,COM,292505104,1845,157190,SH,,OTR,,0,157190,0
203,ENERGEN CORP,COM,29265N108,1304,22606,SH,,OTR,,0,22606,0
204,ENERGY RECOVERY INC,COM,29270J100,150,14528,SH,,OTR,,0,14528,0
205,ENSCO PLC,SHS CLASS A,G3157S106,8514,875964,SH,,OTR,,0,875964,0
206,EOG RES INC,COM,26875P101,6234,61664,SH,,OTR,,0,61664,0
207,EPAM SYS INC,COM,29414B104,243,3781,SH,,OTR,,0,3781,0
208,EQT CORP,COM,26884L109,333,5098,SH,,OTR,,0,5098,0
209,EQUIFAX INC,COM,294429105,1064,9000,SH,,OTR,,0,9000,0
210,EQUITY COMWLTH,COM SH BEN INT,294628102,234,7727,SH,,OTR,,0,7727,0
211,EQUITY LIFESTYLE PPTYS INC,COM,29472R108,520,7210,SH,,OTR,,0,7210,0
212,EVEREST RE GROUP LTD,COM,G3223R108,584,2700,SH,,OTR,,0,2700,0
213,EXPEDIA INC DEL,COM NEW,30212P303,1605,14171,SH,,OTR,,0,14171,0
214,EXPRESS SCRIPTS HLDG CO,COM,30219G108,2416,35123,SH,,OTR,,0,35123,0
215,EXTENDED STAY AMER INC,UNIT 99/99/9999B,30224P200,224,13884,SH,,OTR,,0,13884,0
216,EXTRA SPACE STORAGE INC,COM,30225T102,1352,17500,SH,,OTR,,0,17500,0
217,EXTRACTION OIL AND GAS INC,COM,30227M105,409,20419,SH,,OTR,,0,20419,0
218,F M C CORP,COM NEW,302491303,3526,62346,SH,,OTR,,0,62346,0
219,F5 NETWORKS INC,COM,315616102,268,1850,SH,,OTR,,0,1850,0
220,FACEBOOK INC,CL A,30303M102,2136,18570,SH,,OTR,,0,18570,0
221,FAIRMOUNT SANTROL HLDGS INC,COM,30555Q108,3358,284830,SH,,OTR,,0,284830,0
222,FASTENAL CO,COM,311900104,4713,100314,SH,,OTR,,0,100314,0
223,FEDEX CORP,COM,31428X106,7792,41849,SH,,OTR,,0,41849,0
224,FELCOR LODGING TR INC,COM,31430F101,95,11819,SH,,OTR,,0,11819,0
225,FERRARI N V,COM,N3167Y103,494,8500,SH,,OTR,,0,8500,0
226,FERRO CORP,COM,315405100,305,21272,SH,,OTR,,0,21272,0
227,FERROGLOBE PLC,SHS,G33856108,203,18712,SH,,OTR,,0,18712,0
228,FIAT CHRYSLER AUTOMOBILES N,SHS,N31738102,121,13241,SH,,OTR,,0,13241,0
229,FIDELITY & GTY LIFE,COM,315785105,427,18000,SH,,OTR,,0,18000,0
230,FIDELITY NATL INFORMATION SV,COM,31620M106,5851,77347,SH,,OTR,,0,77347,0
231,FIFTH THIRD BANCORP,COM,316773100,2697,100000,SH,,OTR,,0,100000,0
232,FIRST BUSEY CORP,COM NEW,319383204,207,6733,SH,,OTR,,0,6733,0
233,FIRST DATA CORP NEW,COM CL A,32008D106,294,20740,SH,,OTR,,0,20740,0
234,FIRST MAJESTIC SILVER CORP,COM,32076V103,558,73141,SH,,OTR,,0,73141,0
235,FIRST SOLAR INC,COM,336433107,417,13008,SH,,OTR,,0,13008,0
236,FISERV INC,COM,337738108,2729,25673,SH,,OTR,,0,25673,0
237,FITBIT INC,CL A,33812L102,210,28755,SH,,OTR,,0,28755,0
238,FLOWSERVE CORP,COM,34354P105,961,20000,SH,,OTR,,0,20000,0
239,FMC TECHNOLOGIES INC,COM,30249U101,8321,234192,SH,,OTR,,0,234192,0
240,FMC TECHNOLOGIES INC,COM,30249U101,711,20000,SH,Call,OTR,,0,20000,0
241,FOGO DE CHAO INC,COM,344177100,152,10581,SH,,OTR,,0,10581,0
242,FOMENTO ECONOMICO MEXICANO S,SPON ADR UNITS,344419106,1905,25000,SH,,OTR,,0,25000,0
243,FORD MTR CO DEL,COM PAR $0.01,345370860,3033,250000,SH,Call,OTR,,0,250000,0
244,FORTIVE CORP,COM,34959J108,1073,20000,SH,,OTR,,0,20000,0
245,FORUM ENERGY TECHNOLOGIES IN,COM,34984V100,2017,91700,SH,,OTR,,0,91700,0
246,FREEPORT-MCMORAN INC,CL B,35671D857,2451,185856,SH,,OTR,,0,185856,0
247,FREEPORT-MCMORAN INC,CL B,35671D857,1979,150000,SH,Call,OTR,,0,150000,0
248,FRONTIER COMMUNICATIONS CORP,COM,35906A108,835,247077,SH,,OTR,,0,247077,0
249,FRONTIER COMMUNICATIONS CORP,PFD CONV SER-A,35906A207,598,8402,SH,,OTR,,0,8402,0
250,GARTNER INC,COM,366651107,1931,19101,SH,,OTR,,0,19101,0
251,GENERAL CABLE CORP DEL NEW,FRNT 4.500%11/1,369300AL2,188,240000,PRN,,OTR,,0,0,240000
252,GENERAL DYNAMICS CORP,COM,369550108,211,1222,SH,,OTR,,0,1222,0
253,GENERAL ELECTRIC CO,COM,369604103,6348,200873,SH,,OTR,,0,200873,0
254,GENERAL MLS INC,COM,370334104,1050,17000,SH,,OTR,,0,17000,0
255,GENESEE & WYO INC,CL A,371559105,9964,143559,SH,,OTR,,0,143559,0
256,GILEAD SCIENCES INC,COM,375558103,322,4499,SH,,OTR,,0,4499,0
257,GLAXOSMITHKLINE PLC,SPONSORED ADR,37733W105,501,13000,SH,,OTR,,0,13000,0
258,GODADDY INC,CL A,380237107,393,11250,SH,,OTR,,0,11250,0
259,GOLD FIELDS LTD NEW,SPONSORED ADR,38059T106,1126,374000,SH,,OTR,,0,374000,0
260,GOLDCORP INC NEW,COM,380956409,162,11936,SH,,OTR,,0,11936,0
261,GOLDMAN SACHS GROUP INC,COM,38141G104,438,1828,SH,,OTR,,0,1828,0
262,GRACE W R & CO DEL NEW,COM,38388F108,6456,95443,SH,,OTR,,0,95443,0
263,GRACO INC,COM,384109104,2415,29066,SH,,OTR,,0,29066,0
264,GRAHAM HLDGS CO,COM,384637104,607,1186,SH,,OTR,,0,1186,0
265,GRAINGER W W INC,COM,384802104,6959,29962,SH,,OTR,,0,29962,0
266,GRAPHIC PACKAGING HLDG CO,COM,388689101,261,20888,SH,,OTR,,0,20888,0
267,GREAT PLAINS ENERGY INC,DEP SHS 1/20 B,391164878,4897,96770,SH,,OTR,,0,96770,0
268,GREEN PLAINS INC,COM,393222104,1837,65963,SH,,OTR,,0,65963,0
269,GRIFOLS S A,SP ADR REP B NVT,398438408,843,52475,SH,,OTR,,0,52475,0
270,H & E EQUIPMENT SERVICES INC,COM,404030108,952,40937,SH,,OTR,,0,40937,0
271,HALLIBURTON CO,COM,406216101,16401,303218,SH,,OTR,,0,303218,0
272,HANESBRANDS INC,COM,410345102,216,10000,SH,,OTR,,0,10000,0
273,HARMONIC INC,NOTE 4.000%12/0,413160AB8,840,750000,PRN,,OTR,,0,0,750000
274,HARTFORD FINL SVCS GROUP INC,COM,416515104,4059,85179,SH,,OTR,,0,85179,0
275,HASBRO INC,COM,418056107,1305,16771,SH,,OTR,,0,16771,0
276,HCA HOLDINGS INC,COM,40412C101,1413,19086,SH,,OTR,,0,19086,0
277,HCP INC,COM,40414L109,505,17000,SH,,OTR,,0,17000,0
278,HD SUPPLY HLDGS INC,COM,40416M105,10228,240606,SH,,OTR,,0,240606,0
279,HD SUPPLY HLDGS INC,COM,40416M105,4251,100000,SH,Call,OTR,,0,100000,0
280,HD SUPPLY HLDGS INC,COM,40416M105,2126,50000,SH,Put,OTR,,0,50000,0
281,HEALTHCARE SVCS GRP INC,COM,421906108,323,8250,SH,,OTR,,0,8250,0
282,HEICO CORP NEW,COM,422806109,426,5523,SH,,OTR,,0,5523,0
283,HELIX ENERGY SOLUTIONS GRP I,COM,42330P107,5488,622250,SH,,OTR,,0,622250,0
284,HERC HLDGS INC,COM,42704L104,218,5422,SH,,OTR,,0,5422,0
285,HERSHEY CO,COM,427866108,13303,128617,SH,,OTR,,0,128617,0
286,HEXCEL CORP NEW,COM,428291108,551,10706,SH,,OTR,,0,10706,0
287,HILTON WORLDWIDE HLDGS INC,WHEN ISSUED,43300A203,8727,320830,SH,,OTR,,0,320830,0
288,HOME DEPOT INC,COM,437076102,2418,18031,SH,,OTR,,0,18031,0
289,HONEYWELL INTL INC,COM,438516106,1380,11911,SH,,OTR,,0,11911,0
290,HONEYWELL INTL INC,COM,438516106,2896,25000,SH,Call,OTR,,0,25000,0
291,HORIZON PHARMA PLC,SHS,G4617B105,749,46300,SH,,OTR,,0,46300,0
292,HORMEL FOODS CORP,COM,440452100,358,10289,SH,,OTR,,0,10289,0
293,HORNBECK OFFSHORE SVCS INC N,COM,440543106,72,10000,SH,Call,OTR,,0,10000,0
294,HRG GROUP INC,COM,40434J100,171,11012,SH,,OTR,,0,11012,0
295,HSBC HLDGS PLC,SPON ADR NEW,404280406,209,5206,SH,,OTR,,0,5206,0
296,HUBBELL INC,COM,443510607,14856,127303,SH,,OTR,,0,127303,0
297,HUBBELL INC,COM,443510607,3501,30000,SH,Call,OTR,,0,30000,0
298,HUDBAY MINERALS INC,COM,443628102,59,10401,SH,,OTR,,0,10401,0
299,HUMANA INC,COM,444859102,3046,14929,SH,,OTR,,0,14929,0
300,HUNTINGTON BANCSHARES INC,COM,446150104,4152,314083,SH,,OTR,,0,314083,0
301,HUNTINGTON INGALLS INDS INC,COM,446413106,491,2664,SH,,OTR,,0,2664,0
302,HUNTSMAN CORP,COM,447011107,6286,329453,SH,,OTR,,0,329453,0
303,IHS MARKIT LTD,SHS,G47567105,5011,141514,SH,,OTR,,0,141514,0
304,INCYTE CORP,COM,45337C102,4283,42716,SH,,OTR,,0,42716,0
305,INGEVITY CORP,COM,45688C107,1474,26868,SH,,OTR,,0,26868,0
306,INPHI CORP,COM,45772F107,491,11000,SH,,OTR,,0,11000,0
307,INTEGRATED DEVICE TECHNOLOGY,COM,458118106,881,37400,SH,,OTR,,0,37400,0
308,INTEL CORP,COM,458140100,1500,41354,SH,,OTR,,0,41354,0
309,INTERDIGITAL INC,NOTE 1.500% 3/0,458660AD9,4489,3307000,PRN,,OTR,,0,0,3307000
310,INTERNATIONAL FLAVORS&FRAGRA,COM,459506101,907,7701,SH,,OTR,,0,7701,0
311,INTERNATIONAL GAME TECHNOLOG,SHS USD,G4863A108,226,8862,SH,,OTR,,0,8862,0
312,INTEROIL CORP,COM,460951106,4641,97550,SH,,OTR,,0,97550,0
313,INTERXION HOLDING N.V,SHS,N47279109,4356,124195,SH,,OTR,,0,124195,0
314,INVESCO LTD,SHS,G491BT108,759,25000,SH,,OTR,,0,25000,0
315,INVESCO MORTGAGE CAPITAL INC,COM,46131B100,378,25880,SH,,OTR,,0,25880,0
316,IONIS PHARMACEUTICALS INC,COM,462222100,220,4597,SH,,OTR,,0,4597,0
317,ISHARES,MSCI STH AFR ETF,464286780,4189,80000,SH,,OTR,,0,80000,0
318,ISHARES,MSCI STH KOR ETF,464286772,2661,50000,SH,Put,OTR,,0,50000,0
319,ISHARES TR,20 YR TR BD ETF,464287432,893,7500,SH,Call,OTR,,0,7500,0
320,ISHARES TR,CHINA LG-CAP ETF,464287184,6942,200000,SH,Put,OTR,,0,200000,0
321,ISHARES TR,NASDQ BIOTEC ETF,464287556,8209,30933,SH,,OTR,,0,30933,0
322,ISHARES TR,RUSSELL 2000 ETF,464287655,25622,190000,SH,Put,OTR,,0,190000,0
323,ISHARES TR,U.S. REAL ES ETF,464287739,24579,319455,SH,,OTR,,0,319455,0
324,ISHARES TR,US HOME CONS ETF,464288752,1652,60103,SH,,OTR,,0,60103,0
325,ISTAR INC,COM,45031U101,366,29569,SH,,OTR,,0,29569,0
326,JACOBS ENGR GROUP INC DEL,COM,469814107,6405,112367,SH,,OTR,,0,112367,0
327,JOHNSON & JOHNSON,COM,478160104,1932,16767,SH,,OTR,,0,16767,0
328,JOHNSON CTLS INTL PLC,SHS,G51502105,4452,108085,SH,,OTR,,0,108085,0
329,JOY GLOBAL INC,COM,481165108,1718,61370,SH,,OTR,,0,61370,0
330,JPMORGAN CHASE & CO,COM,46625H100,6393,74088,SH,,OTR,,0,74088,0
331,KAPSTONE PAPER & PACKAGING C,COM,48562P103,5011,227234,SH,,OTR,,0,227234,0
332,KB HOME,COM,48666K109,158,10000,SH,,OTR,,0,10000,0
333,KELLOGG CO,COM,487836108,1351,18323,SH,,OTR,,0,18323,0
334,KENNAMETAL INC,COM,489170100,4078,130457,SH,,OTR,,0,130457,0
335,KEYCORP NEW,COM,493267108,4211,230479,SH,,OTR,,0,230479,0
336,KEYW HLDG CORP,NOTE 2.500% 7/1,493723AA8,751,750000,PRN,,OTR,,0,0,750000
337,KIMBERLY CLARK CORP,COM,494368103,342,3000,SH,,OTR,,0,3000,0
338,KINDER MORGAN INC DEL,COM,49456B101,1548,74733,SH,,OTR,,0,74733,0
339,KINDER MORGAN INC DEL,COM,49456B101,3107,150000,SH,Call,OTR,,0,150000,0
340,KINDER MORGAN INC DEL,COM,49456B101,3107,150000,SH,Put,OTR,,0,150000,0
341,KIRBY CORP,COM,497266106,2328,35000,SH,,OTR,,0,35000,0
342,KLX INC,COM,482539103,582,12900,SH,,OTR,,0,12900,0
343,KNIGHT TRANSN INC,COM,499064103,496,15000,SH,,OTR,,0,15000,0
344,KNOWLES CORP,COM,49926D109,334,20000,SH,Call,OTR,,0,20000,0
345,KRAFT HEINZ CO,COM,500754106,13553,155206,SH,,OTR,,0,155206,0
346,KRATON CORPORATION,COM,50077C106,1567,55014,SH,,OTR,,0,55014,0
347,KROGER CO,COM,501044101,578,16737,SH,,OTR,,0,16737,0
348,LAMAR ADVERTISING CO NEW,CL A,512816109,659,9801,SH,,OTR,,0,9801,0
349,LANDSTAR SYS INC,COM,515098101,876,10264,SH,,OTR,,0,10264,0
350,LAUDER ESTEE COS INC,CL A,518439104,412,5387,SH,,OTR,,0,5387,0
351,LEGG MASON INC,COM,524901105,4434,148254,SH,,OTR,,0,148254,0
352,LIBERTY GLOBAL PLC,SHS CL A,G5480U104,861,28157,SH,,OTR,,0,28157,0
353,LIBERTY INTERACTIVE CORP,LBT VEN COM A NE,53071M856,2676,72578,SH,,OTR,,0,72578,0
354,LIBERTY MEDIA CORP,DEB 3.750% 2/1,530715AL5,1510,2438428,PRN,,OTR,,0,0,2438428
355,LIBERTY MEDIA CORP DELAWARE,COM A SIRIUSXM,531229409,2037,59000,SH,,OTR,,0,59000,0
356,LIBERTY MEDIA CORP DELAWARE,COM C MEDIA GRP,531229854,944,30144,SH,,OTR,,0,30144,0
357,LINCOLN NATL CORP IND,COM,534187109,6499,98070,SH,,OTR,,0,98070,0
358,LINDSAY CORP,COM,535555106,2398,32139,SH,,OTR,,0,32139,0
359,LITHIA MTRS INC,CL A,536797103,10873,112285,SH,,OTR,,0,112285,0
360,LOCKHEED MARTIN CORP,COM,539830109,2124,8500,SH,,OTR,,0,8500,0
361,LOWES COS INC,COM,548661107,3396,47752,SH,,OTR,,0,47752,0
362,LPL FINL HLDGS INC,COM,50212V100,454,12900,SH,,OTR,,0,12900,0
363,LSB INDS INC,COM,502160104,501,59532,SH,,OTR,,0,59532,0
364,LSC COMMUNICATIONS INC,COM,50218P107,1231,41486,SH,,OTR,,0,41486,0
365,LUMBER LIQUIDATORS HLDGS INC,COM,55003T107,179,11371,SH,,OTR,,0,11371,0
366,LYON WILLIAM HOMES,CL A NEW,552074700,3122,164050,SH,,OTR,,0,164050,0
367,LYONDELLBASELL INDUSTRIES N,SHS - A -,N53745100,1364,15900,SH,,OTR,,0,15900,0
368,MACERICH CO,COM,554382101,460,6500,SH,,OTR,,0,6500,0
369,MACYS INC,COM,55616P104,448,12501,SH,,OTR,,0,12501,0
370,MANHATTAN ASSOCS INC,COM,562750109,934,17606,SH,,OTR,,0,17606,0
371,MARATHON OIL CORP,COM,565849106,2638,152418,SH,,OTR,,0,152418,0
372,MARATHON PETE CORP,COM,56585A102,286,5687,SH,,OTR,,0,5687,0
373,MARRIOTT INTL INC NEW,CL A,571903202,16880,204164,SH,,OTR,,0,204164,0
374,MASCO CORP,COM,574599106,5129,162198,SH,,OTR,,0,162198,0
375,MASTERCARD INCORPORATED,CL A,57636Q104,5605,54290,SH,,OTR,,0,54290,0
376,MATADOR RES CO,COM,576485205,1038,40280,SH,,OTR,,0,40280,0
377,MATCH GROUP INC,COM,57665R106,463,27090,SH,,OTR,,0,27090,0
378,MATTEL INC,COM,577081102,413,15000,SH,,OTR,,0,15000,0
379,MATTHEWS INTL CORP,CL A,577128101,1148,14941,SH,,OTR,,0,14941,0
380,MAXIM INTEGRATED PRODS INC,COM,57772K101,296,7683,SH,,OTR,,0,7683,0
381,MCDONALDS CORP,COM,580135101,5179,42552,SH,,OTR,,0,42552,0
382,MEDIDATA SOLUTIONS INC,NOTE 1.000% 8/0,58471AAB1,2175,2000000,PRN,,OTR,,0,0,2000000
383,MERCURY GENL CORP NEW,COM,589400100,752,12487,SH,,OTR,,0,12487,0
384,MEREDITH CORP,COM,589433101,9465,160015,SH,,OTR,,0,160015,0
385,METLIFE INC,COM,59156R108,586,10866,SH,,OTR,,0,10866,0
386,MFA FINL INC,COM,55272X102,745,97599,SH,,OTR,,0,97599,0
387,MGM RESORTS INTERNATIONAL,COM,552953101,19616,680410,SH,,OTR,,0,680410,0
388,MGM RESORTS INTERNATIONAL,COM,552953101,8649,300000,SH,Call,OTR,,0,300000,0
389,MOLINA HEALTHCARE INC,NOTE 1.125% 1/1,60855RAC4,6826,4750000,PRN,,OTR,,0,0,4750000
390,MOLSON COORS BREWING CO,CL B,60871R209,1059,10880,SH,,OTR,,0,10880,0
391,MONSANTO CO NEW,COM,61166W101,4715,44811,SH,,OTR,,0,44811,0
392,MORGAN STANLEY,COM NEW,617446448,5912,139924,SH,,OTR,,0,139924,0
393,MRC GLOBAL INC,COM,55345K103,1481,73083,SH,,OTR,,0,73083,0
394,MSC INDL DIRECT INC,CL A,553530106,630,6824,SH,,OTR,,0,6824,0
395,MSG NETWORK INC,CL A,553573106,285,13263,SH,,OTR,,0,13263,0
396,MURPHY OIL CORP,COM,626717102,828,26608,SH,,OTR,,0,26608,0
397,NABORS INDUSTRIES LTD,SHS,G6359F103,7234,441111,SH,,OTR,,0,441111,0
398,NATIONAL INSTRS CORP,COM,636518102,210,6828,SH,,OTR,,0,6828,0
399,NATIONAL OILWELL VARCO INC,COM,637071101,2759,73681,SH,,OTR,,0,73681,0
400,NATIONAL RETAIL PPTYS INC,COM,637417106,1907,43151,SH,,OTR,,0,43151,0
401,NETAPP INC,COM,64110D104,3949,111954,SH,,OTR,,0,111954,0
402,NEVSUN RES LTD,COM,64156L101,4249,1375000,SH,,OTR,,0,1375000,0
403,NEW GOLD INC CDA,COM,644535106,556,158957,SH,,OTR,,0,158957,0
404,NEW JERSEY RES,COM,646025106,2127,59905,SH,,OTR,,0,59905,0
405,NEWFIELD EXPL CO,COM,651290108,6327,156210,SH,,OTR,,0,156210,0
406,NEWMONT MINING CORP,COM,651639106,2726,80000,SH,,OTR,,0,80000,0
407,NEWS CORP NEW,CL B,65249B208,399,33811,SH,,OTR,,0,33811,0
408,NEXSTAR BROADCASTING GROUP I,CL A,65336K103,11665,184282,SH,,OTR,,0,184282,0
409,NIELSEN HLDGS PLC,SHS EUR,G6518L108,544,12964,SH,,OTR,,0,12964,0
410,NIKE INC,CL B,654106103,2027,39881,SH,,OTR,,0,39881,0
411,NIPPON TELEG & TEL CORP,SPONSORED ADR,654624105,217,5164,SH,,OTR,,0,5164,0
412,NISOURCE INC,COM,65473P105,928,41927,SH,,OTR,,0,41927,0
413,NMI HLDGS INC,CL A,629209305,1830,171830,SH,,OTR,,0,171830,0
414,NOBLE CORP PLC,SHS USD,G65431101,92,15608,SH,,OTR,,0,15608,0
415,NORDSTROM INC,COM,655664100,1111,23188,SH,,OTR,,0,23188,0
416,NORFOLK SOUTHERN CORP,COM,655844108,14020,129731,SH,,OTR,,0,129731,0
417,NORTHERN TR CORP,COM,665859104,284,3190,SH,,OTR,,0,3190,0
418,NORTHROP GRUMMAN CORP,COM,666807102,3174,13646,SH,,OTR,,0,13646,0
419,NORTHSTAR RLTY FIN CORP,COM,66704R803,554,36600,SH,,OTR,,0,36600,0
420,NORWEGIAN CRUISE LINE HLDGS,SHS,G66721104,2286,53758,SH,,OTR,,0,53758,0
421,NUANCE COMMUNICATIONS INC,COM,67020Y100,338,22670,SH,,OTR,,0,22670,0
422,NUCOR CORP,COM,670346105,1877,31540,SH,,OTR,,0,31540,0
423,NUVASIVE INC,COM,670704105,242,3600,SH,Call,OTR,,0,3600,0
424,NXP SEMICONDUCTORS N V,COM,N6596X109,1912,19505,SH,,OTR,,0,19505,0
425,OASIS PETE INC NEW,COM,674215108,7399,488725,SH,,OTR,,0,488725,0
426,OASIS PETE INC NEW,COM,674215108,151,10000,SH,Call,OTR,,0,10000,0
427,OASIS PETE INC NEW,NOTE 2.625% 9/1,674215AJ7,1426,1026000,PRN,,OTR,,0,0,1026000
428,OGE ENERGY CORP,COM,670837103,694,20734,SH,,OTR,,0,20734,0
429,ONEMAIN HLDGS INC,COM,68268W103,574,25906,SH,,OTR,,0,25906,0
430,ONEOK INC NEW,COM,682680103,2662,46365,SH,,OTR,,0,46365,0
431,ORACLE CORP,COM,68389X105,3816,99238,SH,,OTR,,0,99238,0
432,OWENS ILL INC,COM NEW,690768403,4770,274004,SH,,OTR,,0,274004,0
433,PACCAR INC,COM,693718108,6674,104437,SH,,OTR,,0,104437,0
434,PACWEST BANCORP DEL,COM,695263103,6353,116693,SH,,OTR,,0,116693,0
435,PALO ALTO NETWORKS INC,COM,697435105,1758,14060,SH,,OTR,,0,14060,0
436,PALO ALTO NETWORKS INC,NOTE 7/0,697435AB1,1591,1250000,PRN,,OTR,,0,0,1250000
437,PAN AMERICAN SILVER CORP,COM,697900108,3014,200000,SH,,OTR,,0,200000,0
438,PARKER HANNIFIN CORP,COM,701094104,3081,22009,SH,,OTR,,0,22009,0
439,PARSLEY ENERGY INC,CL A,701877102,347,9857,SH,,OTR,,0,9857,0
440,PARTY CITY HOLDCO INC,COM,702149105,710,50000,SH,,OTR,,0,50000,0
441,PATTERSON UTI ENERGY INC,COM,703481101,4875,181094,SH,,OTR,,0,181094,0
442,PAYPAL HLDGS INC,COM,70450Y103,395,10000,SH,,OTR,,0,10000,0
443,PENN NATL GAMING INC,COM,707569109,180,13076,SH,,OTR,,0,13076,0
444,PENNYMAC MTG INVT TR,COM,70931T103,297,18144,SH,,OTR,,0,18144,0
445,PERKINELMER INC,COM,714046109,915,17537,SH,,OTR,,0,17537,0
446,PETROLEO BRASILEIRO SA PETRO,SP ADR NON VTG,71654V101,15657,1777177,SH,,OTR,,0,1777177,0
447,PETROLEO BRASILEIRO SA PETRO,SPONSORED ADR,71654V408,135,13339,SH,,OTR,,0,13339,0
448,PFIZER INC,COM,717081103,2599,80012,SH,,OTR,,0,80012,0
449,PGT INNOVATIONS INC,COM,69336V101,115,10000,SH,,OTR,,0,10000,0
450,PIEDMONT OFFICE REALTY TR IN,COM CL A,720190206,215,10276,SH,,OTR,,0,10276,0
451,PILGRIMS PRIDE CORP NEW,COM,72147K108,426,22425,SH,,OTR,,0,22425,0
452,PINNACLE FOODS INC DEL,COM,72348P104,8717,163093,SH,,OTR,,0,163093,0
453,PIONEER ENERGY SVCS CORP,COM,723664108,1362,198817,SH,,OTR,,0,198817,0
454,PLATFORM SPECIALTY PRODS COR,COM,72766Q105,1238,126155,SH,,OTR,,0,126155,0
455,POLYONE CORP,COM,73179P106,445,13904,SH,,OTR,,0,13904,0
456,POSCO,SPONSORED ADR,693483109,261,4960,SH,,OTR,,0,4960,0
457,POST HLDGS INC,COM,737446104,5966,74216,SH,,OTR,,0,74216,0
458,POTASH CORP SASK INC,COM,73755L107,5317,293907,SH,,OTR,,0,293907,0
459,POTLATCH CORP NEW,COM,737630103,3824,91818,SH,,OTR,,0,91818,0
460,PPL CORP,COM,69351T106,203,5954,SH,,OTR,,0,5954,0
461,PRECISION DRILLING CORP,COM 2010,74022D308,120,21998,SH,,OTR,,0,21998,0
462,PREMIER INC,CL A,74051N102,563,18542,SH,,OTR,,0,18542,0
463,PRICE T ROWE GROUP INC,COM,74144T108,388,5150,SH,,OTR,,0,5150,0
464,PRICELINE GRP INC,NOTE 1.000% 3/1,741503AQ9,9205,5846000,PRN,,OTR,,0,0,5846000
465,PRIVATEBANCORP INC,COM,742962103,585,10797,SH,,OTR,,0,10797,0
466,PROOFPOINT INC,COM,743424103,535,7572,SH,,OTR,,0,7572,0
467,PRUDENTIAL FINL INC,COM,744320102,890,8549,SH,,OTR,,0,8549,0
468,PTC INC,COM,69370C100,259,5600,SH,,OTR,,0,5600,0
469,QIAGEN NV,REG SHS,N72482107,1100,39263,SH,,OTR,,0,39263,0
470,QORVO INC,COM,74736K101,791,15000,SH,,OTR,,0,15000,0
471,QUINTILES IMS HOLDINGS INC,COM,74876Y101,5017,65976,SH,,OTR,,0,65976,0
472,RANDGOLD RES LTD,ADR,752344309,1145,15000,SH,,OTR,,0,15000,0
473,RANGE RES CORP,COM,75281A109,379,11040,SH,,OTR,,0,11040,0
474,RAYONIER INC,COM,754907103,510,19155,SH,,OTR,,0,19155,0
475,RAYTHEON CO,COM NEW,755111507,4416,31096,SH,,OTR,,0,31096,0
476,RED HAT INC,COM,756577102,3117,44717,SH,,OTR,,0,44717,0
477,REDWOOD TR INC,COM,758075402,229,15045,SH,,OTR,,0,15045,0
478,REGIONS FINL CORP NEW,COM,7591EP100,1436,100000,SH,,OTR,,0,100000,0
479,RENAISSANCERE HOLDINGS LTD,COM,G7496G103,3637,26702,SH,,OTR,,0,26702,0
480,RENASANT CORP,COM,75970E107,3806,90143,SH,,OTR,,0,90143,0
481,RENREN INC,SPONSORED ADR,759892102,163,102813,SH,,OTR,,0,102813,0
482,REPLIGEN CORP,NOTE 2.125% 6/0,759916AA7,1739,1500000,PRN,,OTR,,0,0,1500000
483,REXNORD CORP NEW,COM,76169B102,1054,53786,SH,,OTR,,0,53786,0
484,REYNOLDS AMERICAN INC,COM,761713106,3212,57324,SH,,OTR,,0,57324,0
485,RITE AID CORP,COM,767754104,1787,216922,SH,,OTR,,0,216922,0
486,RITE AID CORP,COM,767754104,868,105300,SH,Call,OTR,,0,105300,0
487,RLI CORP,COM,749607107,314,4966,SH,,OTR,,0,4966,0
488,ROBERT HALF INTL INC,COM,770323103,13318,273014,SH,,OTR,,0,273014,0
489,ROGERS COMMUNICATIONS INC,CL B,775109200,2960,76721,SH,,OTR,,0,76721,0
490,ROLLINS INC,COM,775711104,1371,40599,SH,,OTR,,0,40599,0
491,ROPER TECHNOLOGIES INC,COM,776696106,2746,15000,SH,,OTR,,0,15000,0
492,ROSS STORES INC,COM,778296103,5997,91415,SH,,OTR,,0,91415,0
493,ROWAN COMPANIES PLC,SHS CL A,G7665A101,598,31631,SH,,OTR,,0,31631,0
494,ROYAL BK CDA MONTREAL QUE,COM,780087102,4026,59454,SH,,OTR,,0,59454,0
495,RPC INC,COM,749660106,4389,221561,SH,,OTR,,0,221561,0
496,RPM INTL INC,COM,749685103,544,10097,SH,,OTR,,0,10097,0
497,RSP PERMIAN INC,COM,74978Q105,11338,254095,SH,,OTR,,0,254095,0
498,RYMAN HOSPITALITY PPTYS INC,COM,78377T107,219,3468,SH,,OTR,,0,3468,0
499,S&P GLOBAL INC,COM,78409V104,3141,29205,SH,,OTR,,0,29205,0
500,SALESFORCE COM INC,COM,79466L302,2880,42069,SH,,OTR,,0,42069,0
501,SANOFI,SPONSORED ADR,80105N105,348,8593,SH,,OTR,,0,8593,0
502,SBA COMMUNICATIONS CORP,COM,78388J106,1487,14400,SH,,OTR,,0,14400,0
503,SCANA CORP NEW,COM,80589M102,310,4230,SH,,OTR,,0,4230,0
504,SCHEIN HENRY INC,COM,806407102,1066,7024,SH,,OTR,,0,7024,0
505,SCHWAB CHARLES CORP NEW,COM,808513105,3236,81992,SH,,OTR,,0,81992,0
506,SEALED AIR CORP NEW,COM,81211K100,4424,97569,SH,,OTR,,0,97569,0
507,SELECT SECTOR SPDR TR,SBI CONS STPLS,81369Y308,897,17344,SH,,OTR,,0,17344,0
508,SELECT SECTOR SPDR TR,SBI HEALTHCARE,81369Y209,1088,15781,SH,,OTR,,0,15781,0
509,SELECT SECTOR SPDR TR,SBI INT-FINL,81369Y605,1087,46772,SH,,OTR,,0,46772,0
510,SELECT SECTOR SPDR TR,SBI INT-INDS,81369Y704,1437,23097,SH,,OTR,,0,23097,0
511,SELECT SECTOR SPDR TR,SBI INT-UTILS,81369Y886,358,7364,SH,,OTR,,0,7364,0
512,SEMPRA ENERGY,COM,816851109,1641,16310,SH,,OTR,,0,16310,0
513,SHERWIN WILLIAMS CO,COM,824348106,8578,31921,SH,,OTR,,0,31921,0
514,SHIRE PLC,SPONSORED ADR,82481R106,1534,9002,SH,,OTR,,0,9002,0
515,SIBANYE GOLD LTD,SPONSORED ADR,825724206,706,100000,SH,,OTR,,0,100000,0
516,SIGNET JEWELERS LIMITED,SHS,G81276100,570,6047,SH,,OTR,,0,6047,0
517,SIMON PPTY GROUP INC NEW,COM,828806109,1717,9666,SH,,OTR,,0,9666,0
518,SITEONE LANDSCAPE SUPPLY INC,COM,82982L103,2778,80000,SH,,OTR,,0,80000,0
519,SK TELECOM LTD,SPONSORED ADR,78440P108,370,17723,SH,,OTR,,0,17723,0
520,SM ENERGY CO,COM,78454L100,4484,130034,SH,,OTR,,0,130034,0
521,SMITH A O,COM,831865209,649,13703,SH,,OTR,,0,13703,0
522,SMUCKER J M CO,COM NEW,832696405,9815,76647,SH,,OTR,,0,76647,0
523,SNAP ON INC,COM,833034101,3317,19366,SH,,OTR,,0,19366,0
524,SOUTHWEST AIRLS CO,COM,844741108,7954,159593,SH,,OTR,,0,159593,0
525,SOUTHWESTERN ENERGY CO,COM,845467109,354,32726,SH,,OTR,,0,32726,0
526,SPDR S&P 500 ETF TR,TR UNIT,78462F103,62141,278000,SH,Put,OTR,,0,278000,0
527,SPDR SERIES TRUST,S&P HOMEBUILD,78464A888,1185,35000,SH,,OTR,,0,35000,0
528,SPIRIT AEROSYSTEMS HLDGS INC,COM CL A,848574109,310,5311,SH,,OTR,,0,5311,0
529,SPIRIT AIRLS INC,COM,848577102,7208,124580,SH,,OTR,,0,124580,0
530,SQUARE INC,CL A,852234103,368,27000,SH,,OTR,,0,27000,0
531,STARBUCKS CORP,COM,855244109,1110,20000,SH,,OTR,,0,20000,0
532,STARWOOD PPTY TR INC,COM,85571B105,3775,171972,SH,,OTR,,0,171972,0
533,STATE STR CORP,COM,857477103,4106,52829,SH,,OTR,,0,52829,0
534,STERICYCLE INC,COM,858912108,1956,25384,SH,,OTR,,0,25384,0
535,STRYKER CORP,COM,863667101,2265,18901,SH,,OTR,,0,18901,0
536,SUNCOR ENERGY INC NEW,COM,867224107,1664,50888,SH,,OTR,,0,50888,0
537,SUNPOWER CORP,COM,867652406,252,38183,SH,,OTR,,0,38183,0
538,SUNTRUST BKS INC,COM,867914103,12013,219023,SH,,OTR,,0,219023,0
539,SUPERIOR ENERGY SVCS INC,COM,868157108,4480,265406,SH,,OTR,,0,265406,0
540,SVB FINL GROUP,COM,78486Q101,1932,11255,SH,,OTR,,0,11255,0
541,SWIFT TRANSN CO,CL A,87074U101,6521,267705,SH,,OTR,,0,267705,0
542,SYNCHRONY FINL,COM,87165B103,1269,35000,SH,,OTR,,0,35000,0
543,SYNOVUS FINL CORP,COM NEW,87161C501,4030,98100,SH,,OTR,,0,98100,0
544,SYSCO CORP,COM,871829107,2203,39790,SH,,OTR,,0,39790,0
545,TAIWAN SEMICONDUCTOR MFG LTD,SPONSORED ADR,874039100,1553,54000,SH,,OTR,,0,54000,0
546,TANGER FACTORY OUTLET CTRS I,COM,875465106,201,5628,SH,,OTR,,0,5628,0
547,TARGET CORP,COM,87612E106,2117,29309,SH,,OTR,,0,29309,0
548,TAUBMAN CTRS INC,COM,876664103,235,3176,SH,,OTR,,0,3176,0
549,TCF FINL CORP,COM,872275102,255,13011,SH,,OTR,,0,13011,0
550,TEAM INC,COM,878155100,239,6093,SH,,OTR,,0,6093,0
551,TELUS CORP,COM,87971M103,1091,34262,SH,,OTR,,0,34262,0
552,TENARIS S A,SPONSORED ADR,88031M109,659,18453,SH,,OTR,,0,18453,0
553,TENET HEALTHCARE CORP,COM NEW,88033G407,179,12059,SH,,OTR,,0,12059,0
554,TEREX CORP NEW,COM,880779103,4498,142645,SH,,OTR,,0,142645,0
555,TESARO INC,NOTE 3.000%10/0,881569AA5,8771,2260000,PRN,,OTR,,0,0,2260000
556,TESLA MTRS INC,NOTE 1.250% 3/0,88160RAC5,5474,6324000,PRN,,OTR,,0,0,6324000
557,TEVA PHARMACEUTICAL INDS LTD,ADR,881624209,5438,150000,SH,Call,OTR,,0,150000,0
558,TEXAS CAPITAL BANCSHARES INC,COM,88224Q107,784,10000,SH,,OTR,,0,10000,0
559,TEXAS ROADHOUSE INC,COM,882681109,3797,78701,SH,,OTR,,0,78701,0
560,TEXTRON INC,COM,883203101,639,13157,SH,,OTR,,0,13157,0
561,THERAVANCE BIOPHARMA INC,NOTE 3.250%11/0,88339KAA0,10570,9167000,PRN,,OTR,,0,0,9167000
562,THERMO FISHER SCIENTIFIC INC,COM,883556102,1110,7866,SH,,OTR,,0,7866,0
563,THIRD PT REINS LTD,COM,G8827U100,181,15646,SH,,OTR,,0,15646,0
564,TIME WARNER INC,COM NEW,887317303,1889,19569,SH,,OTR,,0,19569,0
565,TIMKENSTEEL CORP,COM,887399103,464,30000,SH,,OTR,,0,30000,0
566,TIMKENSTEEL CORP,NOTE 6.000% 6/0,887399AA1,2472,1690000,PRN,,OTR,,0,0,1690000
567,TITAN INTL INC ILL,COM,88830M102,1508,134500,SH,,OTR,,0,134500,0
568,TJX COS INC NEW,COM,872540109,2214,29473,SH,,OTR,,0,29473,0
569,TOLL BROTHERS INC,COM,889478103,3000,96779,SH,,OTR,,0,96779,0
570,TOTAL S A,SPONSORED ADR,89151E109,377,7393,SH,,OTR,,0,7393,0
571,TOTAL SYS SVCS INC,COM,891906109,849,17306,SH,,OTR,,0,17306,0
572,TRACTOR SUPPLY CO,COM,892356106,5554,73263,SH,,OTR,,0,73263,0
573,TREEHOUSE FOODS INC,COM,89469A104,344,4766,SH,,OTR,,0,4766,0
574,TRINA SOLAR LIMITED,SPON ADR,89628E104,98,10541,SH,,OTR,,0,10541,0
575,TRINA SOLAR LIMITED,SPON ADR,89628E104,186,20000,SH,Call,OTR,,0,20000,0
576,TTM TECHNOLOGIES INC,NOTE 1.750%12/1,87305RAD1,6863,4500000,PRN,,OTR,,0,0,4500000
577,TWENTY FIRST CENTY FOX INC,CL B,90130A200,8647,317331,SH,,OTR,,0,317331,0
578,TWO HBRS INVT CORP,COM,90187B101,554,63562,SH,,OTR,,0,63562,0
579,TYSON FOODS INC,CL A,902494103,1542,25000,SH,,OTR,,0,25000,0
580,U S G CORP,COM NEW,903293405,969,33566,SH,,OTR,,0,33566,0
581,U S SILICA HLDGS INC,COM,90346E103,10402,183520,SH,,OTR,,0,183520,0
582,ULTIMATE SOFTWARE GROUP INC,COM,90385D107,2090,11462,SH,,OTR,,0,11462,0
583,UNDER ARMOUR INC,CL C,904311206,3551,141099,SH,,OTR,,0,141099,0
584,UNION PAC CORP,COM,907818108,1037,10000,SH,,OTR,,0,10000,0
585,UNITED NAT FOODS INC,COM,911163103,954,20000,SH,,OTR,,0,20000,0
586,UNITED PARCEL SERVICE INC,CL B,911312106,2956,25782,SH,,OTR,,0,25782,0
587,UNITED RENTALS INC,COM,911363109,5971,56557,SH,,OTR,,0,56557,0
588,UNITED STATES OIL FUND LP,UNITS,91232N108,1172,100000,SH,Put,OTR,,0,100000,0
589,UNITED STATES STL CORP NEW,COM,912909108,2423,73416,SH,,OTR,,0,73416,0
590,UNITED TECHNOLOGIES CORP,COM,913017109,6075,55422,SH,,OTR,,0,55422,0
591,US FOODS HLDG CORP,COM,912008109,1026,37335,SH,,OTR,,0,37335,0
592,USA TRUCK INC,COM,902925106,218,25000,SH,,OTR,,0,25000,0
593,V F CORP,COM,918204108,1357,25440,SH,,OTR,,0,25440,0
594,VALERO ENERGY CORP NEW,COM,91913Y100,738,10807,SH,,OTR,,0,10807,0
595,VALERO ENERGY CORP NEW,COM,91913Y100,6832,100000,SH,Put,OTR,,0,100000,0
596,VALIDUS HOLDINGS LTD,COM SHS,G9319H102,412,7498,SH,,OTR,,0,7498,0
597,VALLEY NATL BANCORP,COM,919794107,7256,623342,SH,,OTR,,0,623342,0
598,VANECK VECTORS ETF TR,GOLD MINERS ETF,92189F106,1046,50000,SH,Call,OTR,,0,50000,0
599,VANECK VECTORS ETF TR,SEMICONDUCTOR ET,92189F676,5527,77145,SH,,OTR,,0,77145,0
600,VERISIGN INC,COM,92343E102,2158,28365,SH,,OTR,,0,28365,0
601,VERISIGN INC,SDCV 3.250% 8/1,92343EAD4,10314,4630000,PRN,,OTR,,0,0,4630000
602,VERIZON COMMUNICATIONS INC,COM,92343V104,1643,30775,SH,,OTR,,0,30775,0
603,VISA INC,COM CL A,92826C839,2612,33475,SH,,OTR,,0,33475,0
604,VISTEON CORP,COM NEW,92839U206,496,6175,SH,,OTR,,0,6175,0
605,VITAMIN SHOPPE INC,NOTE 2.250%12/0,92849EAB7,1891,2050000,PRN,,OTR,,0,0,2050000
606,VODAFONE GROUP PLC NEW,SPNSR ADR,92857W308,548,22419,SH,,OTR,,0,22419,0
607,VOYA FINL INC,COM,929089100,6270,159869,SH,,OTR,,0,159869,0
608,VULCAN MATLS CO,COM,929160109,7985,63800,SH,,OTR,,0,63800,0
609,VWR CORP,COM,91843L103,659,26325,SH,,OTR,,0,26325,0
610,WABTEC CORP,COM,929740108,2053,24723,SH,,OTR,,0,24723,0
611,WASTE CONNECTIONS INC,COM,94106B101,15866,201887,SH,,OTR,,0,201887,0
612,WASTE MGMT INC DEL,COM,94106L109,213,3000,SH,,OTR,,0,3000,0
613,WATERS CORP,COM,941848103,806,6000,SH,,OTR,,0,6000,0
614,WEBMD HEALTH CORP,COM,94770V102,2625,52961,SH,,OTR,,0,52961,0
615,WELLS FARGO & CO NEW,COM,949746101,748,13572,SH,,OTR,,0,13572,0
616,WESCO AIRCRAFT HLDGS INC,COM,950814103,176,11805,SH,,OTR,,0,11805,0
617,WESCO INTL INC,COM,95082P105,3741,56208,SH,,OTR,,0,56208,0
618,WEST PHARMACEUTICAL SVSC INC,COM,955306105,280,3299,SH,,OTR,,0,3299,0
619,WESTERN DIGITAL CORP,COM,958102105,1049,15436,SH,,OTR,,0,15436,0
620,WESTROCK CO,COM,96145D105,345,6804,SH,,OTR,,0,6804,0
621,WEYERHAEUSER CO,COM,962166104,3670,121951,SH,,OTR,,0,121951,0
622,WHIRLPOOL CORP,COM,963320106,364,2000,SH,,OTR,,0,2000,0
623,WHOLE FOODS MKT INC,COM,966837106,3228,104956,SH,,OTR,,0,104956,0
624,WILLIAMS COS INC DEL,COM,969457100,4456,143088,SH,,OTR,,0,143088,0
625,WINNEBAGO INDS INC,COM,974637100,1583,50000,SH,,OTR,,0,50000,0
626,WNS HOLDINGS LTD,SPON ADR,92932M101,1788,64900,SH,,OTR,,0,64900,0
627,WORKDAY INC,CL A,98138H101,529,8000,SH,,OTR,,0,8000,0
628,WORTHINGTON INDS INC,COM,981811102,2724,57428,SH,,OTR,,0,57428,0
629,WYNN RESORTS LTD,COM,983134107,1038,12000,SH,,OTR,,0,12000,0
630,XEROX CORP,COM,984121103,4585,525251,SH,,OTR,,0,525251,0
631,XL GROUP LTD,COM,G98294104,989,26534,SH,,OTR,,0,26534,0
632,YAHOO INC,COM,984332106,2350,60771,SH,,OTR,,0,60771,0
633,YAHOO INC,NOTE 12/0,984332AF3,990,1000000,PRN,,OTR,,0,0,1000000
634,YANDEX N V,SHS CLASS A,N97284108,3020,150000,SH,,OTR,,0,150000,0
635,YUM BRANDS INC,COM,988498101,16197,255753,SH,,OTR,,0,255753,0
636,ZEBRA TECHNOLOGIES CORP,CL A,989207105,334,3898,SH,,OTR,,0,3898,0
637,ZIMMER BIOMET HLDGS INC,COM,98956P102,1022,9900,SH,,OTR,,0,9900,0
638,ZIONS BANCORPORATION,COM,989701107,3632,84375,SH,,OTR,,0,84375,0
