,NAME OF ISSUER,TITLE OF CLASS,CUSIP,(x$1000),PRN AMT,PRN,CALL,DISCRETION,MANAGER,SOLE,SHARED,NONE
0,ALLERGAN PLC,SHS,G0177J108,81543,300000,SH,,OTR,1,300000,0,0
1,BLUE BUFFALO PET PRODS INC,COM,09531U102,8955,500000,SH,,OTR,1,500000,0,0
2,CASEYS GEN STORES INC,COM,147528103,51460,500000,SH,,OTR,1,500000,0,0
3,COLUMBIA PIPELINE GROUP INC,COM,198280109,91450,5000000,SH,,OTR,1,5000000,0,0
4,CONCORDIA HEALTHCARE CORP,COM,206519100,82747,1940000,SH,,OTR,1,1940000,0,0
5,ENVISION HEALTHCARE HLDGS IN,COM,29413U103,165555,4500000,SH,,OTR,1,4500000,0,0
6,FACEBOOK INC,CL A,30303M102,80910,900000,SH,,OTR,1,900000,0,0
7,FLEETCOR TECHNOLOGIES INC,COM,339041105,116977,850000,SH,,OTR,1,850000,0,0
8,GRACE W R & CO DEL NEW,COM,38388F108,37220,400000,SH,,OTR,1,400000,0,0
9,IHS INC,CL A,451734107,116000,1000000,SH,,OTR,1,1000000,0,0
10,IMS HEALTH HLDGS INC,COM,44970B109,87300,3000000,SH,,OTR,1,3000000,0,0
11,ISHARES TR,CHINA LG-CAP ETF,464287184,36534,1030000,SH,Call,OTR,1,1030000,0,0
12,ISHARES TR,IBOXX HI YD ETF,464288513,291515,3500000,SH,Put,OTR,1,3500000,0,0
13,JD COM INC,SPON ADR CL A,47215P106,13030,500000,SH,Call,OTR,1,500000,0,0
14,JD COM INC,SPON ADR CL A,47215P106,49514,1900000,SH,,OTR,1,1900000,0,0
15,KRAFT HEINZ CO,COM,500754106,134102,1900000,SH,,OTR,1,1900000,0,0
16,LEVEL 3 COMMUNICATIONS INC,COM NEW,52729N308,135439,3100000,SH,,OTR,1,3100000,0,0
17,MOHAWK INDS INC,COM,608190104,109074,600000,SH,,OTR,1,600000,0,0
18,PANERA BREAD CO,CL A,69840W108,117980,610000,SH,,OTR,1,610000,0,0
19,PAYPAL HLDGS INC,COM,70450Y103,183136,5900000,SH,,OTR,1,5900000,0,0
20,PAYPAL HLDGS INC,COM,70450Y103,91568,2950000,SH,Put,OTR,1,2950000,0,0
21,RINGCENTRAL INC,CL A,76680R206,18150,1000000,SH,,OTR,1,1000000,0,0
22,SENSATA TECHNOLOGIES HLDG NV,SHS,N7902X106,35472,800000,SH,,OTR,1,800000,0,0
23,SPDR S&P 500 ETF TR,TR UNIT,78462F103,269049,1404000,SH,Call,OTR,1,1404000,0,0
24,SPDR S&P 500 ETF TR,TR UNIT,78462F103,344934,1800000,SH,Put,OTR,1,1800000,0,0
25,TEMPUR SEALY INTL INC,COM,88023U101,58930,825000,SH,,OTR,1,825000,0,0
26,TIME WARNER CABLE INC,COM,88732J207,17937,100000,SH,,OTR,1,100000,0,0
27,WAYFAIR INC,CL A,94419L101,17530,500000,SH,,OTR,1,500000,0,0
