,NAME OF ISSUER,TITLE OF CLASS,CUSIP,(x$1000),PRN AMT,PRN,CALL,DISCRETION,MANAGER,SOLE,SHARED,NONE
0,ADOBE SYS INC,COM,00724F101,52572,300000,SH,,OTR,1,300000,0,0
1,ALIGN TECHNOLOGY INC,COM,016255101,13331,60000,SH,,OTR,1,60000,0,0
2,ALPHABET INC,CAP STK CL A,02079K305,73738,70000,SH,,OTR,1,70000,0,0
3,AMAZON COM INC,COM,023135106,140336,120000,SH,,OTR,1,120000,0,0
4,ANALOG DEVICES INC,COM,032654105,34722,390000,SH,,OTR,1,390000,0,0
5,BANK AMER CORP,COM,060505104,56088,1900000,SH,,OTR,1,1900000,0,0
6,BIO RAD LABS INC,CL A,090572207,100241,420000,SH,,OTR,1,420000,0,0
7,BLUE BUFFALO PET PRODS INC,COM,09531U102,42627,1300000,SH,,OTR,1,1300000,0,0
8,COSTCO WHSL CORP NEW,COM,22160K105,33502,180000,SH,,OTR,1,180000,0,0
9,ETSY INC,COM,29786A106,18405,900000,SH,,OTR,1,900000,0,0
10,FACEBOOK INC,CL A,30303M102,119111,675000,SH,,OTR,1,675000,0,0
11,FEDEX CORP,COM,31428X106,131009,525000,SH,,OTR,1,525000,0,0
12,FOUNDATION MEDICINE INC,COM,350465100,24552,360000,SH,,OTR,1,360000,0,0
13,GRUBHUB INC,COM,400110102,68210,950000,SH,,OTR,1,950000,0,0
14,GUIDEWIRE SOFTWARE INC,COM,40171V100,59408,800000,SH,,OTR,1,800000,0,0
15,ILLUMINA INC,COM,452327109,72102,330000,SH,,OTR,1,330000,0,0
16,INTERACTIVE BROKERS GROUP IN,COM,45841N107,41447,700000,SH,,OTR,1,700000,0,0
17,IQVIA HLDGS INC,COM,46266C105,88110,900000,SH,,OTR,1,900000,0,0
18,JD COM INC,SPON ADR CL A,47215P106,18639,450000,SH,,OTR,1,450000,0,0
19,JPMORGAN CHASE & CO,COM,46625H100,58817,550000,SH,,OTR,1,550000,0,0
20,LAUDER ESTEE COS INC,CL A,518439104,82706,650000,SH,,OTR,1,650000,0,0
21,MERCADOLIBRE INC,COM,58733R102,70799,225000,SH,,OTR,1,225000,0,0
22,MOHAWK INDS INC,COM,608190104,68975,250000,SH,,OTR,1,250000,0,0
23,MONSTER BEVERAGE CORP NEW,COM,61174X109,75948,1200000,SH,,OTR,1,1200000,0,0
24,NETFLIX INC,COM,64110L106,19196,100000,SH,,OTR,1,100000,0,0
25,PAYCOM SOFTWARE INC,COM,70432V102,34140,425000,SH,,OTR,1,425000,0,0
26,PAYPAL HLDGS INC,COM,70450Y103,58896,800000,SH,,OTR,1,800000,0,0
27,PLANET FITNESS INC,CL A,72703H101,48482,1400000,SH,,OTR,1,1400000,0,0
28,RESTAURANT BRANDS INTL INC,COM,76131D103,30740,500000,SH,,OTR,1,500000,0,0
29,SALESFORCE COM INC,COM,79466L302,102230,1000000,SH,,OTR,1,1000000,0,0
30,SERVICENOW INC,COM,81762P102,78234,600000,SH,,OTR,1,600000,0,0
31,SHERWIN WILLIAMS CO,COM,824348106,137363,335000,SH,,OTR,1,335000,0,0
32,SHOPIFY INC,CL A,82509L107,30300,300000,SH,,OTR,1,300000,0,0
33,SPDR SERIES TRUST,S&P OILGAS EXP,78464A730,70642,1900000,SH,,OTR,1,1900000,0,0
34,SPLUNK INC,COM,848637104,20710,250000,SH,,OTR,1,250000,0,0
35,SQUARE INC,CL A,852234103,17335,500000,SH,,OTR,1,500000,0,0
36,SYNCHRONY FINL,COM,87165B103,92664,2400000,SH,,OTR,1,2400000,0,0
37,VISA INC,COM CL A,92826C839,68412,600000,SH,,OTR,1,600000,0,0
38,VOYA FINL INC,COM,929089100,16276,329000,SH,,OTR,1,329000,0,0
39,WAL-MART STORES INC,COM,931142103,108625,1100000,SH,,OTR,1,1100000,0,0
40,WAYFAIR INC,CL A,94419L101,24081,300000,SH,,OTR,1,300000,0,0
41,WORKDAY INC,CL A,98138H101,40696,400000,SH,,OTR,1,400000,0,0
42,WORLD WRESTLING ENTMT INC,CL A,98156Q108,12232,400000,SH,,OTR,1,400000,0,0
43,WYNN RESORTS LTD,COM,983134107,109584,650000,SH,,OTR,1,650000,0,0
