,NAME OF ISSUER,TITLE OF CLASS,CUSIP,(x$1000),PRN AMT,PRN,CALL,DISCRETION,MANAGER,SOLE,SHARED,NONE
0,ADOBE INC,COM,00724F101,1131,3430,SH,,SOLE,,3430,0,0
1,ALPHABET INC,CAP STK CL C,02079K107,4171085,3119688,SH,,SOLE,,3119688,0,0
2,ALPHABET INC,CAP STK CL A,02079K305,827771,618021,SH,,SOLE,,618021,0,0
3,ANTHEM INC,COM,036752103,1208171,4000170,SH,,SOLE,,4000170,0,0
4,AUTODESK INC,COM,052769106,20731,113000,SH,,SOLE,,113000,0,0
5,CANADIAN NATL RY CO,COM,136375102,1852238,20480913,SH,,SOLE,,20480913,0,0
6,CANADIAN PAC RY LTD,COM,13645T100,2797878,10978084,SH,,SOLE,,10978084,0,0
7,CHARTER COMMUNICATIONS INC N,CL A,16119P108,4935336,10174272,SH,,SOLE,,10174272,0,0
8,MICROSOFT CORP,COM,594918104,1684194,10679732,SH,,SOLE,,10679732,0,0
9,MOODYS CORP,COM,615369105,1429900,6022912,SH,,SOLE,,6022912,0,0
10,NORTHROP GRUMMAN CORP,COM,666807102,59748,173700,SH,,SOLE,,173700,0,0
11,RAYTHEON CO,COM NEW,755111507,1491477,6815694,SH,,SOLE,,6815694,0,0
12,S&P GLOBAL INC,COM,78409V104,541298,1982414,SH,,SOLE,,1982414,0,0
13,TRANSDIGM GROUP INC,COM,893641100,48429,86480,SH,,SOLE,,86480,0,0
14,UNION PACIFIC CORP,COM,907818108,906261,5012781,SH,,SOLE,,5012781,0,0
15,UNIVAR SOLUTIONS INC,COM,91336L107,404304,16679200,SH,,SOLE,,16679200,0,0
16,VISA INC,COM CL A,92826C839,222388,1183542,SH,,SOLE,,1183542,0,0
