,NAME OF ISSUER,TITLE OF CLASS,CUSIP,(x$1000),PRN AMT,PRN,CALL,DISCRETION,MANAGER,SOLE,SHARED,NONE
0,ALLERGAN PLC,SHS,G0177J108,894938,4261406,SH,,SOLE,,4261406,0,0
1,ALLSTATE CORP,COM,020002101,192329,2594834,SH,,SOLE,,2594834,0,0
2,ALPHABET INC,CAP STK CL C,02079K107,372789,483000,SH,,SOLE,,483000,0,0
3,ALPS ETF TR,ALERIAN MLP,00162Q866,60032,4764435,SH,,SOLE,,4764435,0,0
4,AMERICAN AIRLS GROUP INC,COM,02376R102,60387,1293367,SH,,SOLE,,1293367,0,0
5,APPLE INC,COM,037833100,52119,450000,SH,,SOLE,,450000,0,0
6,ARCELORMITTAL SA LUXEMBOURG,NY REGISTRY SH,03938L104,7129,976578,SH,,SOLE,,976578,0,0
7,ARCH COAL INC,CL A,039380407,2121,27178,SH,,SOLE,,27178,0,0
8,ATLANTICA YIELD PLC,SHS,G0751N103,112623,5820326,SH,,SOLE,,5820326,0,0
9,BOSTON SCIENTIFIC CORP,COM,101137107,11897,550000,SH,,SOLE,,550000,0,0
10,BRISTOL MYERS SQUIBB CO,COM,110122108,21915,375000,SH,,SOLE,,375000,0,0
11,CENTENE CORP DEL,COM,15135B101,44360,785000,SH,,SOLE,,785000,0,0
12,CITIZENS FINL GROUP INC,COM,174610105,100824,2829750,SH,,SOLE,,2829750,0,0
13,COMERICA INC,COM,200340107,78462,1151993,SH,,SOLE,,1151993,0,0
14,DELTA AIR LINES INC DEL,COM NEW,247361702,11707,238000,SH,,SOLE,,238000,0,0
15,ENERGY TRANSFER PRTNRS L P,UNIT LTD PARTN,29273R109,428354,11961842,SH,,SOLE,,11961842,0,0
16,FACEBOOK INC,CL A,30303M102,251079,2182350,SH,,SOLE,,2182350,0,0
17,GENERAL MTRS CO,*W EXP 07/10/201,37045V126,3255,190011,SH,,SOLE,,190011,0,0
18,GOODYEAR TIRE & RUBR CO,COM,382550101,7315,236951,SH,,SOLE,,236951,0,0
19,HAIN CELESTIAL GROUP INC,COM,405217100,39674,1016506,SH,,SOLE,,1016506,0,0
20,HCA HOLDINGS INC,COM,40412C101,84771,1145250,SH,,SOLE,,1145250,0,0
21,HUNTSMAN CORP,COM,447011107,109043,5715053,SH,,SOLE,,5715053,0,0
22,KAYNE ANDERSON MLP INVT CO,COM,486606106,15295,781173,SH,,SOLE,,781173,0,0
23,KENNAMETAL INC,COM,489170100,31561,1009638,SH,,SOLE,,1009638,0,0
24,KINDER MORGAN INC DEL,*W EXP 05/25/201,49456B119,4,793836,SH,,SOLE,,793836,0,0
25,KINDER MORGAN INC DEL,COM,49456B101,84145,4062996,SH,,SOLE,,4062996,0,0
26,MCKESSON CORP,COM,58155Q103,38624,275000,SH,,SOLE,,275000,0,0
27,MICRON TECHNOLOGY INC,COM,595112103,71240,3250000,SH,,SOLE,,3250000,0,0
28,MOHAWK INDS INC,COM,608190104,126231,632164,SH,,SOLE,,632164,0,0
29,MYLAN N V,SHS EURO,N59465109,124941,3275000,SH,,SOLE,,3275000,0,0
30,OWENS CORNING NEW,COM,690742101,140065,2716544,SH,,SOLE,,2716544,0,0
31,PENNEY J C INC,COM,708160106,42214,5079886,SH,,SOLE,,5079886,0,0
32,PFIZER INC,COM,717081103,156229,4810000,SH,,SOLE,,4810000,0,0
33,PNC FINL SVCS GROUP INC,COM,693475105,228186,1950973,SH,,SOLE,,1950973,0,0
34,QUALCOMM INC,COM,747525103,91280,1400000,SH,,SOLE,,1400000,0,0
35,REGIONS FINL CORP NEW,COM,7591EP100,105404,7340137,SH,,SOLE,,7340137,0,0
36,RIO TINTO PLC,SPONSORED ADR,767204100,3502,91043,SH,,SOLE,,91043,0,0
37,SOUTHWEST AIRLS CO,COM,844741108,59330,1190402,SH,,SOLE,,1190402,0,0
38,SPDR S&P 500 ETF TR,TR UNIT,78462F103,5109,22854,SH,,SOLE,,22854,0,0
39,SPDR S&P 500 ETF TR,TR UNIT,78462F103,223530,1000000,SH,Put,SOLE,,1000000,0,0
40,SUMMIT MATLS INC,CL A,86614U100,40312,1694487,SH,,SOLE,,1694487,0,0
41,TECK RESOURCES LTD,CL B,878742204,19730,985007,SH,,SOLE,,985007,0,0
42,TEMPUR SEALY INTL INC,COM,88023U101,79218,1160199,SH,,SOLE,,1160199,0,0
43,TERRAFORM GLOBAL INC,CL A,88104M101,15198,3847657,SH,,SOLE,,3847657,0,0
44,TERRAFORM PWR INC,CL A COM,88104R100,111559,8708708,SH,,SOLE,,8708708,0,0
45,TEVA PHARMACEUTICAL INDS LTD,ADR,881624209,183171,5053000,SH,,SOLE,,5053000,0,0
46,UNITED CONTL HLDGS INC,COM,910047109,11661,160000,SH,,SOLE,,160000,0,0
47,UNITED RENTALS INC,COM,911363109,69351,656862,SH,,SOLE,,656862,0,0
48,UNITED STATES STL CORP NEW,COM,912909108,11884,360000,SH,,SOLE,,360000,0,0
49,WESTERN DIGITAL CORP,COM,958102105,76104,1120000,SH,,SOLE,,1120000,0,0
50,WHIRLPOOL CORP,COM,963320106,103052,566936,SH,,SOLE,,566936,0,0
51,WILLIAMS PARTNERS L P NEW,COM UNIT LTD PAR,96949L105,360802,9487301,SH,,SOLE,,9487301,0,0
52,WMIH CORP,COM,92936P100,11780,7600000,SH,,SOLE,,7600000,0,0
53,YAHOO INC,COM,984332106,52205,1350000,SH,,SOLE,,1350000,0,0
