,NAME OF ISSUER,TITLE OF CLASS,CUSIP,(x$1000),PRN AMT,PRN,CALL,DISCRETION,MANAGER,SOLE,SHARED,NONE
0,1ST SOURCE CORP,COM,336901103,227,5624,SH,,SOLE,,5624,0,0
1,2U INC,COM,90214J101,438,8810,SH,,SOLE,,8810,0,0
2,AARONS INC,COM PAR $0.50,002535300,988,23500,SH,,SOLE,,23500,0,0
3,ABBOTT LABS,COM,002824100,6741,93200,SH,,SOLE,,93200,0,0
4,ABEONA THERAPEUTICS INC,COM,00289Y107,1522,213100,SH,,SOLE,,213100,0,0
5,ABERCROMBIE & FITCH CO,CL A,002896207,2184,108900,SH,,SOLE,,108900,0,0
6,ACACIA COMMUNICATIONS INC,COM,00401C108,467,12300,SH,,SOLE,,12300,0,0
7,ACADIA PHARMACEUTICALS INC,COM,004225108,1326,82000,SH,,SOLE,,82000,0,0
8,ACTIVISION BLIZZARD INC,COM,00507V109,3042,65300,SH,,SOLE,,65300,0,0
9,ADIENT PLC,ORD SHS,G0084W101,678,45000,SH,,SOLE,,45000,0,0
10,ADOBE INC,COM,00724F101,1809,8000,SH,,SOLE,,8000,0,0
11,ADTALEM GLOBAL ED INC,COM,00737L103,867,18320,SH,,SOLE,,18320,0,0
12,ADVANCE AUTO PARTS INC,COM,00751Y106,4998,31744,SH,,SOLE,,31744,0,0
13,ADVANCED DRAIN SYS INC DEL,COM,00790R104,228,9436,SH,,SOLE,,9436,0,0
14,AECOM,COM,00766T100,862,32535,SH,,SOLE,,32535,0,0
15,AERCAP HOLDINGS NV,SHS,N00985106,499,12600,SH,,SOLE,,12600,0,0
16,AES CORP,COM,00130H105,3566,246584,SH,,SOLE,,246584,0,0
17,AGCO CORP,COM,001084102,384,6906,SH,,SOLE,,6906,0,0
18,AGILENT TECHNOLOGIES INC,COM,00846U101,1666,24700,SH,,SOLE,,24700,0,0
19,AGNC INVT CORP,COM,00123Q104,349,19900,SH,,SOLE,,19900,0,0
20,AIRCASTLE LTD,COM,G0129K104,207,12007,SH,,SOLE,,12007,0,0
21,AKAMAI TECHNOLOGIES INC,COM,00971T101,2890,47310,SH,,SOLE,,47310,0,0
22,AKCEA THERAPEUTICS INC,COM,00972L107,1411,46800,SH,,SOLE,,46800,0,0
23,AKORN INC,COM,009728106,3067,904600,SH,,SOLE,,904600,0,0
24,ALASKA AIR GROUP INC,COM,011659109,9000,147900,SH,,SOLE,,147900,0,0
25,ALBANY INTL CORP,CL A,012348108,367,5881,SH,,SOLE,,5881,0,0
26,ALDER BIOPHARMACEUTICALS INC,COM,014339105,3810,371700,SH,,SOLE,,371700,0,0
27,ALEXION PHARMACEUTICALS INC,COM,015351109,2071,21274,SH,,SOLE,,21274,0,0
28,ALIBABA GROUP HLDG LTD,SPONSORED ADS,01609W102,1892,13800,SH,,SOLE,,13800,0,0
29,ALKERMES PLC,SHS,G01767105,534,18100,SH,,SOLE,,18100,0,0
30,ALLEGHANY CORP DEL,COM,017175100,2119,3400,SH,,SOLE,,3400,0,0
31,ALLEGIANT TRAVEL CO,COM,01748X102,1614,16101,SH,,SOLE,,16101,0,0
32,ALLEGION PUB LTD CO,ORD SHS,G0176J109,3084,38700,SH,,SOLE,,38700,0,0
33,ALLERGAN PLC,SHS,G0177J108,8447,63200,SH,,SOLE,,63200,0,0
34,ALLIANCE DATA SYSTEMS CORP,COM,018581108,5044,33612,SH,,SOLE,,33612,0,0
35,ALLIANT ENERGY CORP,COM,018802108,4276,101211,SH,,SOLE,,101211,0,0
36,ALLISON TRANSMISSION HLDGS I,COM,01973R101,250,5700,SH,,SOLE,,5700,0,0
37,ALLOGENE THERAPEUTICS INC,COM,019770106,269,10000,SH,,SOLE,,10000,0,0
38,ALLSTATE CORP,COM,020002101,293,3551,SH,,SOLE,,3551,0,0
39,ALNYLAM PHARMACEUTICALS INC,COM,02043Q107,1094,15000,SH,,SOLE,,15000,0,0
40,ALPHABET INC,CAP STK CL A,02079K305,1515,1450,SH,,SOLE,,1450,0,0
41,ALTABA INC,COM,021346101,11715,202200,SH,,SOLE,,202200,0,0
42,ALTAIR ENGR INC,COM CL A,021369103,299,10857,SH,,SOLE,,10857,0,0
43,ALTICE USA INC,CL A,02156K103,4703,284700,SH,,SOLE,,284700,0,0
44,AMAZON COM INC,COM,023135106,2553,1700,SH,,SOLE,,1700,0,0
45,AMEDISYS INC,COM,023436108,403,3440,SH,,SOLE,,3440,0,0
46,AMERICAN AIRLS GROUP INC,COM,02376R102,5921,184403,SH,,SOLE,,184403,0,0
47,AMERICAN ASSETS TR INC,COM,024013104,281,6993,SH,,SOLE,,6993,0,0
48,AMERICAN ELEC PWR INC,COM,025537101,262,3500,SH,,SOLE,,3500,0,0
49,AMERICAN EXPRESS CO,COM,025816109,3155,33100,SH,,SOLE,,33100,0,0
50,AMERICAN FINL GROUP INC OHIO,COM,025932104,878,9700,SH,,SOLE,,9700,0,0
51,AMERICAN INTL GROUP INC,COM NEW,026874784,2187,55500,SH,,SOLE,,55500,0,0
52,AMERICAN WTR WKS CO INC NEW,COM,030420103,1312,14455,SH,,SOLE,,14455,0,0
53,AMERIPRISE FINL INC,COM,03076C106,2938,28143,SH,,SOLE,,28143,0,0
54,AMERIS BANCORP,COM,03076K108,250,7900,SH,,SOLE,,7900,0,0
55,AMERISOURCEBERGEN CORP,COM,03073E105,1787,24013,SH,,SOLE,,24013,0,0
56,AMETEK INC NEW,COM,031100100,1226,18107,SH,,SOLE,,18107,0,0
57,AMGEN INC,COM,031162100,2382,12234,SH,,SOLE,,12234,0,0
58,AMICUS THERAPEUTICS INC,COM,03152W109,680,71000,SH,,SOLE,,71000,0,0
59,AMKOR TECHNOLOGY INC,COM,031652100,171,26130,SH,,SOLE,,26130,0,0
60,ANADARKO PETE CORP,COM,032511107,2547,58090,SH,,SOLE,,58090,0,0
61,ANAPTYSBIO INC,COM,032724106,3808,59700,SH,,SOLE,,59700,0,0
62,ANGI HOMESERVICES INC,COM CL A,00183L102,1946,121046,SH,,SOLE,,121046,0,0
63,ANSYS INC,COM,03662Q105,285,1993,SH,,SOLE,,1993,0,0
64,ANTHEM INC,COM,036752103,3309,12600,SH,,SOLE,,12600,0,0
65,AON PLC,SHS CL A,G0408V102,2345,16131,SH,,SOLE,,16131,0,0
66,APACHE CORP,COM,037411105,344,13100,SH,,SOLE,,13100,0,0
67,APARTMENT INVT & MGMT CO,CL A,03748R101,408,9300,SH,,SOLE,,9300,0,0
68,APOLLO INVT CORP,COM NEW,03761U502,1249,100700,SH,,SOLE,,100700,0,0
69,APPLE INC,COM,037833100,4482,28417,SH,,SOLE,,28417,0,0
70,APPLIED MATLS INC,COM,038222105,2740,83700,SH,,SOLE,,83700,0,0
71,APTIV PLC,SHS,G6095L109,1238,20100,SH,,SOLE,,20100,0,0
72,ARAMARK,COM,03852U106,8007,276400,SH,,SOLE,,276400,0,0
73,ARCH COAL INC,CL A,039380407,297,3573,SH,,SOLE,,3573,0,0
74,ARCHER DANIELS MIDLAND CO,COM,039483102,449,10956,SH,,SOLE,,10956,0,0
75,ARCHROCK INC,COM,03957W106,263,35100,SH,,SOLE,,35100,0,0
76,ARCONIC INC,COM,03965L100,8901,527900,SH,,SOLE,,527900,0,0
77,ARCOSA INC,COM,039653100,1243,44863,SH,,SOLE,,44863,0,0
78,ARES CAP CORP,COM,04010L103,174,11200,SH,,SOLE,,11200,0,0
79,ARGENX SE,SPONSORED ADR,04016X101,2709,28200,SH,,SOLE,,28200,0,0
80,ARMOUR RESIDENTIAL REIT INC,COM NEW,042315507,2765,134900,SH,,SOLE,,134900,0,0
81,ARRAY BIOPHARMA INC,COM,04269X105,6282,440800,SH,,SOLE,,440800,0,0
82,ARYA SCIENCES ACQUISITION CO,UNIT 10/04/2023,G3165V117,6892,666500,SH,,SOLE,,666500,0,0
83,ASBURY AUTOMOTIVE GROUP INC,COM,043436104,422,6329,SH,,SOLE,,6329,0,0
84,ASGN INC,COM,00191U102,736,13500,SH,,SOLE,,13500,0,0
85,ASHLAND GLOBAL HLDGS INC,COM,044186104,1909,26900,SH,,SOLE,,26900,0,0
86,ASML HOLDING N V,N Y REGISTRY SHS,N07059210,280,1800,SH,,SOLE,,1800,0,0
87,ASPEN TECHNOLOGY INC,COM,045327103,2384,29000,SH,,SOLE,,29000,0,0
88,ASSEMBLY BIOSCIENCES INC,COM,045396108,697,30800,SH,,SOLE,,30800,0,0
89,ASSOCIATED BANC CORP,COM,045487105,618,31245,SH,,SOLE,,31245,0,0
90,ASSURANT INC,COM,04621X108,5018,56100,SH,,SOLE,,56100,0,0
91,AT&T INC,COM,00206R102,291,10197,SH,,SOLE,,10197,0,0
92,ATHENAHEALTH INC,COM,04685W103,1108,8400,SH,,SOLE,,8400,0,0
93,ATHENE HLDG LTD,CL A,G0684D107,2402,60300,SH,,SOLE,,60300,0,0
94,ATHENEX INC,COM,04685N103,1340,105600,SH,,SOLE,,105600,0,0
95,ATMOS ENERGY CORP,COM,049560105,297,3200,SH,,SOLE,,3200,0,0
96,AUDENTES THERAPEUTICS INC,COM,05070R104,1081,50700,SH,,SOLE,,50700,0,0
97,AUTODESK INC,COM,052769106,220,1707,SH,,SOLE,,1707,0,0
98,AUTOMATIC DATA PROCESSING IN,COM,053015103,2765,21084,SH,,SOLE,,21084,0,0
99,AUTOZONE INC,COM,053332102,1263,1507,SH,,SOLE,,1507,0,0
100,AVID BIOSERVICES INC,COM,05368M106,2750,670700,SH,,SOLE,,670700,0,0
101,AVNET INC,COM,053807103,4257,117930,SH,,SOLE,,117930,0,0
102,AXA EQUITABLE HLDGS INC,COM,054561105,13039,784100,SH,,SOLE,,784100,0,0
103,AXALTA COATING SYS LTD,COM,G0750C108,6656,284200,SH,,SOLE,,284200,0,0
104,AXIS CAPITAL HOLDINGS LTD,SHS,G0692U109,2427,47000,SH,,SOLE,,47000,0,0
105,AXONICS MODULATION TECH INC,COM,05465P101,435,28800,SH,,SOLE,,28800,0,0
106,AZUL S A,SPONSR ADR PFD,05501U106,302,10900,SH,,SOLE,,10900,0,0
107,BAIDU INC,SPON ADR REP A,056752108,1903,12000,SH,,SOLE,,12000,0,0
108,BAIN CAP SPECIALTY FIN INC,COM,05684B107,1547,92252,SH,,SOLE,,92252,0,0
109,BALL CORP,COM,058498106,5762,125306,SH,,SOLE,,125306,0,0
110,BANK AMER CORP,COM,060505104,5656,229529,SH,,SOLE,,229529,0,0
111,BAOZUN INC,SPONSORED ADR,06684L103,1087,37200,SH,,SOLE,,37200,0,0
112,BARINGS BDC INC,COM,06759L103,105,11600,SH,,SOLE,,11600,0,0
113,BARNES & NOBLE INC,COM,067774109,182,25664,SH,,SOLE,,25664,0,0
114,BARRICK GOLD CORP,COM,067901108,5193,383500,SH,,SOLE,,383500,0,0
115,BAXTER INTL INC,COM,071813109,4029,61200,SH,,SOLE,,61200,0,0
116,BB&T CORP,COM,054937107,1936,44700,SH,,SOLE,,44700,0,0
117,BELDEN INC,COM,077454106,246,5900,SH,,SOLE,,5900,0,0
118,BENCHMARK ELECTRS INC,COM,08160H101,264,12500,SH,,SOLE,,12500,0,0
119,BGC PARTNERS INC,CL A,05541T101,735,142151,SH,,SOLE,,142151,0,0
120,BIG LOTS INC,COM,089302103,1397,48300,SH,,SOLE,,48300,0,0
121,BIO RAD LABS INC,CL A,090572207,2044,8798,SH,,SOLE,,8798,0,0
122,BIO TECHNE CORP,COM,09073M104,921,6359,SH,,SOLE,,6359,0,0
123,BIOCRYST PHARMACEUTICALS,COM,09058V103,89,11000,SH,,SOLE,,11000,0,0
124,BIOHAVEN PHARMACTL HLDG CO L,COM,G11196105,7123,192600,SH,,SOLE,,192600,0,0
125,BIOLIFE SOLUTIONS INC,COM NEW,09062W204,4051,336700,SH,,SOLE,,336700,0,0
126,BJS RESTAURANTS INC,COM,09180C106,1998,39500,SH,,SOLE,,39500,0,0
127,BLACK HILLS CORP,COM,092113109,1279,20374,SH,,SOLE,,20374,0,0
128,BLACK KNIGHT INC,COM,09215C105,888,19700,SH,,SOLE,,19700,0,0
129,BLACKBERRY LTD,COM,09228F103,2723,382900,SH,,SOLE,,382900,0,0
130,BLACKROCK INC,COM,09247X101,5036,12820,SH,,SOLE,,12820,0,0
131,BLACKROCK TCP CAP CORP,COM,09259E108,257,19740,SH,,SOLE,,19740,0,0
132,BLOOM ENERGY CORP,COM CL A,093712107,381,38200,SH,,SOLE,,38200,0,0
133,BLOOMIN BRANDS INC,COM,094235108,737,41200,SH,,SOLE,,41200,0,0
134,BLUE APRON HLDGS INC,CL A,09523Q101,4,175000,SH,,SOLE,,175000,0,0
135,BOEING CO,COM,097023105,247,100000,SH,,SOLE,,100000,0,0
136,BOINGO WIRELESS INC,COM,09739C102,443,21526,SH,,SOLE,,21526,0,0
137,BOOKING HLDGS INC,COM,09857L108,1607,933,SH,,SOLE,,933,0,0
138,BOOT BARN HLDGS INC,COM,099406100,3083,181007,SH,,SOLE,,181007,0,0
139,BOOZ ALLEN HAMILTON HLDG COR,CL A,099502106,498,11033,SH,,SOLE,,11033,0,0
140,BOSTON SCIENTIFIC CORP,COM,101137107,8260,233700,SH,,SOLE,,233700,0,0
141,BOX INC,CL A,10316T104,411,24400,SH,,SOLE,,24400,0,0
142,BRADY CORP,CL A,104674106,875,20138,SH,,SOLE,,20138,0,0
143,BRIGHT HORIZONS FAM SOL IN D,COM,109194100,323,2900,SH,,SOLE,,2900,0,0
144,BRIGHTHOUSE FINL INC,COM,10922N103,1356,44500,SH,,SOLE,,44500,0,0
145,BRIGHTVIEW HLDGS INC,COM,10948C107,341,33390,SH,,SOLE,,33390,0,0
146,BRINKER INTL INC,COM,109641100,4215,95848,SH,,SOLE,,95848,0,0
147,BRINKS CO,COM,109696104,447,6912,SH,,SOLE,,6912,0,0
148,BRIXMOR PPTY GROUP INC,COM,11120U105,154,10500,SH,,SOLE,,10500,0,0
149,BROADCOM INC,COM,11135F101,1544,6074,SH,,SOLE,,6074,0,0
150,BROADRIDGE FINL SOLUTIONS IN,COM,11133T103,1136,11800,SH,,SOLE,,11800,0,0
151,BROOKFIELD PROPERTY REIT INC,CL A,11282X103,1118,69428,SH,,SOLE,,69428,0,0
152,BROWN FORMAN CORP,CL B,115637209,13634,286556,SH,,SOLE,,286556,0,0
153,BRUKER CORP,COM,116794108,220,7400,SH,,SOLE,,7400,0,0
154,BUNGE LIMITED,COM,G16962105,847,15845,SH,,SOLE,,15845,0,0
155,C H ROBINSON WORLDWIDE INC,COM NEW,12541W209,688,8177,SH,,SOLE,,8177,0,0
156,C&J ENERGY SVCS INC NEW,COM,12674R100,155,11500,SH,,SOLE,,11500,0,0
157,CABOT CORP,COM,127055101,229,5325,SH,,SOLE,,5325,0,0
158,CACI INTL INC,CL A,127190304,533,3700,SH,,SOLE,,3700,0,0
159,CADENCE DESIGN SYSTEM INC,COM,127387108,1780,40947,SH,,SOLE,,40947,0,0
160,CAESARS ENTMT CORP,COM,127686103,370,54521,SH,,SOLE,,54521,0,0
161,CALIFORNIA RES CORP,COM NEW,13057Q206,363,21300,SH,,SOLE,,21300,0,0
162,CALIX INC,COM,13100M509,132,13500,SH,,SOLE,,13500,0,0
163,CALLAWAY GOLF CO,COM,131193104,469,30600,SH,,SOLE,,30600,0,0
164,CAMECO CORP,COM,13321L108,601,52900,SH,,SOLE,,52900,0,0
165,CANADIAN NAT RES LTD,COM,136385101,384,15900,SH,,SOLE,,15900,0,0
166,CANADIAN NATL RY CO,COM,136375102,800,10800,SH,,SOLE,,10800,0,0
167,CANADIAN PAC RY LTD,COM,13645T100,3464,19500,SH,,SOLE,,19500,0,0
168,CAPITAL ONE FINL CORP,COM,14040H105,460,6092,SH,,SOLE,,6092,0,0
169,CAPITOL FED FINL INC,COM,14057J101,185,14500,SH,,SOLE,,14500,0,0
170,CAPITOL INVT CORP IV,*W EXP 01/01/202,G18920127,200,200000,SH,,SOLE,,200000,0,0
171,CAPITOL INVT CORP IV,CL A ORD,G18920101,5997,600000,SH,,SOLE,,600000,0,0
172,CARDINAL HEALTH INC,COM,14149Y108,3998,89639,SH,,SOLE,,89639,0,0
173,CARDLYTICS INC,COM,14161W105,846,78100,SH,,SOLE,,78100,0,0
174,CARGURUS INC,COM CL A,141788109,624,18504,SH,,SOLE,,18504,0,0
175,CARLISLE COS INC,COM,142339100,6032,60000,SH,,SOLE,,60000,0,0
176,CARMAX INC,COM,143130102,787,12547,SH,,SOLE,,12547,0,0
177,CASEYS GEN STORES INC,COM,147528103,1415,11039,SH,,SOLE,,11039,0,0
178,CASTLIGHT HEALTH INC,CL B,14862Q100,54,25000,SH,,SOLE,,25000,0,0
179,CATERPILLAR INC DEL,COM,149123101,419,3300,SH,,SOLE,,3300,0,0
180,CBOE GLOBAL MARKETS INC,COM,12503M108,3916,40032,SH,,SOLE,,40032,0,0
181,CBS CORP NEW,CL B,124857202,1001,22900,SH,,SOLE,,22900,0,0
182,CDW CORP,COM,12514G108,2428,29956,SH,,SOLE,,29956,0,0
183,CELGENE CORP,COM,151020104,11735,183100,SH,,SOLE,,183100,0,0
184,CELLECTIS S A,SPONSORED ADS,15117K103,239,14400,SH,,SOLE,,14400,0,0
185,CENTENE CORP DEL,COM,15135B101,14263,123700,SH,,SOLE,,123700,0,0
186,CENTERPOINT ENERGY INC,COM,15189T107,13977,495100,SH,,SOLE,,495100,0,0
187,CF INDS HLDGS INC,COM,125269100,487,11199,SH,,SOLE,,11199,0,0
188,CHAMPIONS ONCOLOGY INC,COM NEW,15870P307,1088,139300,SH,,SOLE,,139300,0,0
189,CHARLES RIV LABS INTL INC,COM,159864107,3707,32743,SH,,SOLE,,32743,0,0
190,CHART INDS INC,COM PAR $0.01,16115Q308,6920,106400,SH,,SOLE,,106400,0,0
191,CHARTER COMMUNICATIONS INC N,CL A,16119P108,807,2832,SH,,SOLE,,2832,0,0
192,CHECK POINT SOFTWARE TECH LT,ORD,M22465104,411,4000,SH,,SOLE,,4000,0,0
193,CHEMBIO DIAGNOSTICS INC,COM NEW,163572209,142,25000,SH,,SOLE,,25000,0,0
194,CHEMED CORP NEW,COM,16359R103,888,3133,SH,,SOLE,,3133,0,0
195,CHENIERE ENERGY INC,COM NEW,16411R208,23040,389263,SH,,SOLE,,389263,0,0
196,CHESAPEAKE LODGING TR,SH BEN INT,165240102,265,10900,SH,,SOLE,,10900,0,0
197,CHILDRENS PL INC,COM,168905107,1281,14211,SH,,SOLE,,14211,0,0
198,CHURCH & DWIGHT INC,COM,171340102,1841,28000,SH,,SOLE,,28000,0,0
199,CHURCHILL CAP CORP,*W EXP 09/11/202,17142R111,870,1000000,SH,,SOLE,,1000000,0,0
200,CHURCHILL CAP CORP,COM CL A,17142R103,19100,2000000,SH,,SOLE,,2000000,0,0
201,CHURCHILL DOWNS INC,COM,171484108,9514,39000,SH,,SOLE,,39000,0,0
202,CIENA CORP,COM NEW,171779309,702,20700,SH,,SOLE,,20700,0,0
203,CIGNA CORP NEW,COM,125523100,4786,25200,SH,,SOLE,,25200,0,0
204,CIMAREX ENERGY CO,COM,171798101,695,11272,SH,,SOLE,,11272,0,0
205,CINTAS CORP,COM,172908105,1769,10533,SH,,SOLE,,10533,0,0
206,CIRRUS LOGIC INC,COM,172755100,591,17798,SH,,SOLE,,17798,0,0
207,CISCO SYS INC,COM,17275R102,5850,135011,SH,,SOLE,,135011,0,0
208,CIT GROUP INC,COM NEW,125581801,630,16474,SH,,SOLE,,16474,0,0
209,CITIGROUP INC,COM NEW,172967424,4791,92028,SH,,SOLE,,92028,0,0
210,CITIZENS FINL GROUP INC,COM,174610105,3528,118676,SH,,SOLE,,118676,0,0
211,CITRIX SYS INC,COM,177376100,2131,20800,SH,,SOLE,,20800,0,0
212,CLEAN HARBORS INC,COM,184496107,1194,24200,SH,,SOLE,,24200,0,0
213,CLEMENTIA PHARMACEUTICALS IN,COM,185575107,2470,210000,SH,,SOLE,,210000,0,0
214,CLOUDERA INC,COM,18914U100,678,61300,SH,,SOLE,,61300,0,0
215,CME GROUP INC,COM CL A,12572Q105,11287,60000,SH,,SOLE,,60000,0,0
216,CMS ENERGY CORP,COM,125896100,390,7864,SH,,SOLE,,7864,0,0
217,CNO FINL GROUP INC,COM,12621E103,425,28592,SH,,SOLE,,28592,0,0
218,COCA COLA CO,COM,191216100,8,50000,SH,,SOLE,,50000,0,0
219,COCA COLA EUROPEAN PARTNERS,SHS,G25839104,348,7600,SH,,SOLE,,7600,0,0
220,CODEXIS INC,COM,192005106,207,12400,SH,,SOLE,,12400,0,0
221,COGENT COMMUNICATIONS HLDGS,COM NEW,19239V302,609,13469,SH,,SOLE,,13469,0,0
222,COLFAX CORP,COM,194014106,5244,250900,SH,,SOLE,,250900,0,0
223,COLGATE PALMOLIVE CO,COM,194162103,12585,211433,SH,,SOLE,,211433,0,0
224,COLLEGIUM PHARMACEUTICAL INC,COM,19459J104,2246,130800,SH,,SOLE,,130800,0,0
225,COLLIER CREEK HOLDINGS,UNIT 99/99/9999,G22707122,11044,1100000,SH,,SOLE,,1100000,0,0
226,COLUMBIA PPTY TR INC,COM NEW,198287203,1359,70202,SH,,SOLE,,70202,0,0
227,COLUMBIA SPORTSWEAR CO,COM,198516106,2965,35261,SH,,SOLE,,35261,0,0
228,COMCAST CORP NEW,CL A,20030N101,1325,38900,SH,,SOLE,,38900,0,0
229,COMERICA INC,COM,200340107,370,5385,SH,,SOLE,,5385,0,0
230,COMFORT SYS USA INC,COM,199908104,301,6900,SH,,SOLE,,6900,0,0
231,COMMUNITY BK SYS INC,COM,203607106,258,4425,SH,,SOLE,,4425,0,0
232,COMPANHIA DE SANEAMENTO BASI,SPONSORED ADR,20441A102,119,14697,SH,,SOLE,,14697,0,0
233,CONAGRA BRANDS INC,COM,205887102,347,16267,SH,,SOLE,,16267,0,0
234,CONDUENT INC,COM,206787103,2485,233729,SH,,SOLE,,233729,0,0
235,CONNS INC,COM,208242107,374,19800,SH,,SOLE,,19800,0,0
236,CONOCOPHILLIPS,COM,20825C104,14490,232400,SH,,SOLE,,232400,0,0
237,CONSOLIDATED COMM HLDGS INC,COM,209034107,117,11800,SH,,SOLE,,11800,0,0
238,CONSTELLATION BRANDS INC,CL A,21036P108,12100,80237,SH,,SOLE,,80237,0,0
239,CONSTELLIUM NV,CL A,N22035104,3574,511300,SH,,SOLE,,511300,0,0
240,COOPER STD HLDGS INC,COM,21676P103,630,10143,SH,,SOLE,,10143,0,0
241,CORE MARK HOLDING CO INC,COM,218681104,270,11600,SH,,SOLE,,11600,0,0
242,CORELOGIC INC,COM,21871D103,461,13800,SH,,SOLE,,13800,0,0
243,CORINDUS VASCULAR ROBOTICS I,COM,218730109,1344,1600000,SH,,SOLE,,1600000,0,0
244,CORNERSTONE ONDEMAND INC,COM,21925Y103,588,11659,SH,,SOLE,,11659,0,0
245,CORNING INC,COM,219350105,1373,45449,SH,,SOLE,,45449,0,0
246,COSAN LTD,SHS A,G25343107,4333,826433,SH,,SOLE,,826433,0,0
247,COSTCO WHSL CORP NEW,COM,22160K105,4671,22930,SH,,SOLE,,22930,0,0
248,COTT CORP QUE,COM,22163N106,7135,511800,SH,,SOLE,,511800,0,0
249,COVANTA HLDG CORP,COM,22282E102,525,39121,SH,,SOLE,,39121,0,0
250,CROWN CASTLE INTL CORP NEW,COM,22822V101,1840,16943,SH,,SOLE,,16943,0,0
251,CROWN HOLDINGS INC,COM,228368106,7529,181100,SH,,SOLE,,181100,0,0
252,CSX CORP,COM,126408103,4702,75680,SH,,SOLE,,75680,0,0
253,CURTISS WRIGHT CORP,COM,231561101,439,4300,SH,,SOLE,,4300,0,0
254,CVS HEALTH CORP,COM,126650100,7247,110594,SH,,SOLE,,110594,0,0
255,CYBERARK SOFTWARE LTD,SHS,M2682V108,786,10600,SH,,SOLE,,10600,0,0
256,CYMABAY THERAPEUTICS INC,COM,23257D103,175,22200,SH,,SOLE,,22200,0,0
257,CYPRESS SEMICONDUCTOR CORP,COM,232806109,679,53386,SH,,SOLE,,53386,0,0
258,D R HORTON INC,COM,23331A109,1119,32300,SH,,SOLE,,32300,0,0
259,DANA INCORPORATED,COM,235825205,4031,295769,SH,,SOLE,,295769,0,0
260,DARDEN RESTAURANTS INC,COM,237194105,8577,85888,SH,,SOLE,,85888,0,0
261,DAVE & BUSTERS ENTMT INC,COM,238337109,272,6097,SH,,SOLE,,6097,0,0
262,DEAN FOODS CO NEW,COM NEW,242370203,58,15200,SH,,SOLE,,15200,0,0
263,DEERE & CO,COM,244199105,7728,51800,SH,,SOLE,,51800,0,0
264,DEL FRISCOS RESTAURANT GROUP,COM,245077102,509,71300,SH,,SOLE,,71300,0,0
265,DELL TECHNOLOGIES INC,CL C,24703L202,9695,198387,SH,,SOLE,,198387,0,0
266,DELUXE CORP,COM,248019101,773,20099,SH,,SOLE,,20099,0,0
267,DEVON ENERGY CORP NEW,COM,25179M103,1131,50171,SH,,SOLE,,50171,0,0
268,DEXCOM INC,COM,252131107,4864,40600,SH,,SOLE,,40600,0,0
269,DIAGEO P L C,SPON ADR NEW,25243Q205,12401,87450,SH,,SOLE,,87450,0,0
270,DIAMONDROCK HOSPITALITY CO,COM,252784301,265,29100,SH,,SOLE,,29100,0,0
271,DICERNA PHARMACEUTICALS INC,COM,253031108,918,85900,SH,,SOLE,,85900,0,0
272,DILLARDS INC,CL A,254067101,1978,32800,SH,,SOLE,,32800,0,0
273,DINE BRANDS GLOBAL INC,COM,254423106,1103,16383,SH,,SOLE,,16383,0,0
274,DISCOVER FINL SVCS,COM,254709108,2715,46040,SH,,SOLE,,46040,0,0
275,DISNEY WALT CO,COM DISNEY,254687106,252,2300,SH,,SOLE,,2300,0,0
276,DOLBY LABORATORIES INC,COM,25659T107,414,6700,SH,,SOLE,,6700,0,0
277,DOLLAR TREE INC,COM,256746108,14803,163900,SH,,SOLE,,163900,0,0
278,DOMTAR CORP,COM NEW,257559203,773,21998,SH,,SOLE,,21998,0,0
279,DONNELLEY R R & SONS CO,COM,257867200,101,25417,SH,,SOLE,,25417,0,0
280,DOVER CORP,COM,260003108,19149,269900,SH,,SOLE,,269900,0,0
281,DOWDUPONT INC,COM,26078J100,203,3800,SH,,SOLE,,3800,0,0
282,DRIL-QUIP INC,COM,262037104,247,8226,SH,,SOLE,,8226,0,0
283,DROPBOX INC,CL A,26210C104,8378,410057,SH,,SOLE,,410057,0,0
284,DUNKIN BRANDS GROUP INC,COM,265504100,7930,123678,SH,,SOLE,,123678,0,0
285,DXC TECHNOLOGY CO,COM,23355L106,2888,54300,SH,,SOLE,,54300,0,0
286,E TRADE FINANCIAL CORP,COM NEW,269246401,6967,158767,SH,,SOLE,,158767,0,0
287,EAGLE MATERIALS INC,COM,26969P108,265,4338,SH,,SOLE,,4338,0,0
288,EAST WEST BANCORP INC,COM,27579R104,618,14200,SH,,SOLE,,14200,0,0
289,EBAY INC,COM,278642103,2199,78333,SH,,SOLE,,78333,0,0
290,EDWARDS LIFESCIENCES CORP,COM,28176E108,1148,7500,SH,,SOLE,,7500,0,0
291,ELANCO ANIMAL HEALTH INC,COM,28414H103,35,50000,SH,,SOLE,,50000,0,0
292,ELDORADO RESORTS INC,COM,28470R102,3378,93290,SH,,SOLE,,93290,0,0
293,ELECTRONIC ARTS INC,COM,285512109,10732,136000,SH,,SOLE,,136000,0,0
294,EMCOR GROUP INC,COM,29084Q100,1203,20154,SH,,SOLE,,20154,0,0
295,EMERSON ELEC CO,COM,291011104,6608,110583,SH,,SOLE,,110583,0,0
296,ENCANA CORP,COM,292505104,1409,243800,SH,,SOLE,,243800,0,0
297,ENCOMPASS HEALTH CORP,COM,29261A100,1215,19700,SH,,SOLE,,19700,0,0
298,ENERGY FUELS INC,COM NEW,292671708,92,32300,SH,,SOLE,,32300,0,0
299,ENPRO INDS INC,COM,29355X107,379,6319,SH,,SOLE,,6319,0,0
300,ENTERGY CORP NEW,COM,29364G103,13470,156500,SH,,SOLE,,156500,0,0
301,EPR PPTYS,COM SH BEN INT,26884U109,205,3200,SH,,SOLE,,3200,0,0
302,EQUITRANS MIDSTREAM CORPORAT,COM,294600101,570,28500,SH,,SOLE,,28500,0,0
303,EQUITY COMWLTH,COM SH BEN INT,294628102,4096,136500,SH,,SOLE,,136500,0,0
304,ERICSSON,ADR B SEK 10,294821608,117,13200,SH,,SOLE,,13200,0,0
305,ETHAN ALLEN INTERIORS INC,COM,297602104,227,12900,SH,,SOLE,,12900,0,0
306,ETSY INC,COM,29786A106,5567,117030,SH,,SOLE,,117030,0,0
307,EURONAV NV ANTWERPEN,SHS,B38564108,132,19000,SH,,SOLE,,19000,0,0
308,EURONET WORLDWIDE INC,COM,298736109,625,6100,SH,,SOLE,,6100,0,0
309,EVERCORE INC,CLASS A,29977A105,2131,29778,SH,,SOLE,,29778,0,0
310,EVERGY INC,COM,30034W106,231,4061,SH,,SOLE,,4061,0,0
311,EVERSOURCE ENERGY,COM,30040W108,2888,44397,SH,,SOLE,,44397,0,0
312,EVOLENT HEALTH INC,CL A,30050B101,1397,70000,SH,,SOLE,,70000,0,0
313,EXELIXIS INC,COM,30161Q104,984,50000,SH,,SOLE,,50000,0,0
314,EXELON CORP,COM,30161N101,239,5300,SH,,SOLE,,5300,0,0
315,EXPONENT INC,COM,30214U102,320,6303,SH,,SOLE,,6303,0,0
316,EXPRESS INC,COM,30219E103,248,48600,SH,,SOLE,,48600,0,0
317,EXTENDED STAY AMER INC,UNIT 99/99/9999B,30224P200,197,12700,SH,,SOLE,,12700,0,0
318,EXTRA SPACE STORAGE INC,COM,30225T102,344,3800,SH,,SOLE,,3800,0,0
319,EXXON MOBIL CORP,COM,30231G102,573,8397,SH,,SOLE,,8397,0,0
320,EZCORP INC,CL A NON VTG,302301106,700,90500,SH,,SOLE,,90500,0,0
321,F M C CORP,COM NEW,302491303,673,9100,SH,,SOLE,,9100,0,0
322,FACEBOOK INC,CL A,30303M102,2609,19900,SH,,SOLE,,19900,0,0
323,FACTSET RESH SYS INC,COM,303075105,2241,11200,SH,,SOLE,,11200,0,0
324,FAIR ISAAC CORP,COM,303250104,6994,37400,SH,,SOLE,,37400,0,0
325,FAR PT ACQUISITION CORP,*W EXP 06/01/202,30734W117,953,733333,SH,,SOLE,,733333,0,0
326,FAR PT ACQUISITION CORP,COM CL A,30734W109,11580,1199999,SH,,SOLE,,1199999,0,0
327,FEDERAL STR ACQUISITION CORP,*W EXP 07/24/202,31421V115,375,500000,SH,,SOLE,,500000,0,0
328,FEDERAL STR ACQUISITION CORP,CL A,31421V107,6138,600000,SH,,SOLE,,600000,0,0
329,FEDEX CORP,COM,31428X106,3176,119100,SH,,SOLE,,119100,0,0
330,FERRARI N V,COM,N3167Y103,668,6721,SH,,SOLE,,6721,0,0
331,FIBROGEN INC,COM,31572Q808,3299,71300,SH,,SOLE,,71300,0,0
332,FIDELITY NATL INFORMATION SV,COM,31620M106,1238,12070,SH,,SOLE,,12070,0,0
333,FIFTH THIRD BANCORP,COM,316773100,1362,57900,SH,,SOLE,,57900,0,0
334,FINTECH ACQUISITION CORP III,UNIT 12/01/2023,31811A309,2500,250000,SH,,SOLE,,250000,0,0
335,FIREEYE INC,COM,31816Q101,1772,109339,SH,,SOLE,,109339,0,0
336,FIRST DATA CORP NEW,COM CL A,32008D106,5604,331400,SH,,SOLE,,331400,0,0
337,FIRST FINL BANKSHARES,COM,32020R109,237,4107,SH,,SOLE,,4107,0,0
338,FIRST HAWAIIAN INC,COM,32051X108,628,27900,SH,,SOLE,,27900,0,0
339,FIRST INDUSTRIAL REALTY TRUS,COM,32054K103,337,11686,SH,,SOLE,,11686,0,0
340,FIRSTENERGY CORP,COM,337932107,15201,404818,SH,,SOLE,,404818,0,0
341,FISERV INC,COM,337738108,2605,35444,SH,,SOLE,,35444,0,0
342,FITBIT INC,CL A,33812L102,128,25900,SH,,SOLE,,25900,0,0
343,FIVE BELOW INC,COM,33829M101,1341,13110,SH,,SOLE,,13110,0,0
344,FLEX LTD,ORD,Y2573F102,374,49200,SH,,SOLE,,49200,0,0
345,FLUIDIGM CORP DEL,COM,34385P108,8238,955700,SH,,SOLE,,955700,0,0
346,FLUOR CORP NEW,COM,343412102,499,15500,SH,,SOLE,,15500,0,0
347,FOAMIX PHARMACEUTICALS LTD,SHS,M46135105,201,56000,SH,,SOLE,,56000,0,0
348,FOOT LOCKER INC,COM,344849104,18790,353197,SH,,SOLE,,353197,0,0
349,FORTIS INC,COM,349553107,437,13100,SH,,SOLE,,13100,0,0
350,FORTIVE CORP,COM,34959J108,2953,43644,SH,,SOLE,,43644,0,0
351,FRANKS INTL N V,COM,N33462107,476,91200,SH,,SOLE,,91200,0,0
352,FRONTDOOR INC,COM,35905A109,264,9900,SH,,SOLE,,9900,0,0
353,FS KKR CAPITAL CORP,COM,302635107,68,13200,SH,,SOLE,,13200,0,0
354,FTI CONSULTING INC,COM,302941109,1526,22900,SH,,SOLE,,22900,0,0
355,GAMESTOP CORP NEW,CL A,36467W109,5716,452927,SH,,SOLE,,452927,0,0
356,GAMING & LEISURE PPTYS INC,COM,36467J108,10769,333300,SH,,SOLE,,333300,0,0
357,GANNETT CO INC,COM,36473H104,116,13600,SH,,SOLE,,13600,0,0
358,GAP INC DEL,COM,364760108,675,26200,SH,,SOLE,,26200,0,0
359,GARDNER DENVER HLDGS INC,COM,36555P107,5699,278687,SH,,SOLE,,278687,0,0
360,GARMIN LTD,SHS,H2906T109,1223,19301,SH,,SOLE,,19301,0,0
361,GCI LIBERTY INC,COM CLASS A,36164V305,767,18637,SH,,SOLE,,18637,0,0
362,GENERAL DYNAMICS CORP,COM,369550108,1064,6768,SH,,SOLE,,6768,0,0
363,GENERAL ELECTRIC CO,COM,369604103,3723,891600,SH,,SOLE,,891600,0,0
364,GENERAL MTRS CO,COM,37045V100,2755,231900,SH,,SOLE,,231900,0,0
365,GENESCO INC,COM,371532102,474,10700,SH,,SOLE,,10700,0,0
366,GENMARK DIAGNOSTICS INC,COM,372309104,729,150000,SH,,SOLE,,150000,0,0
367,GENOMIC HEALTH INC,COM,37244C101,1037,16100,SH,,SOLE,,16100,0,0
368,GENPACT LIMITED,SHS,G3922B107,872,32300,SH,,SOLE,,32300,0,0
369,GENTEX CORP,COM,371901109,375,18578,SH,,SOLE,,18578,0,0
370,G-III APPAREL GROUP LTD,COM,36237H101,218,7800,SH,,SOLE,,7800,0,0
371,GILDAN ACTIVEWEAR INC,COM,375916103,6233,205300,SH,,SOLE,,205300,0,0
372,GILEAD SCIENCES INC,COM,375558103,2684,42906,SH,,SOLE,,42906,0,0
373,GLACIER BANCORP INC NEW,COM,37637Q105,397,10011,SH,,SOLE,,10011,0,0
374,GLOBAL PMTS INC,COM,37940X102,3609,35000,SH,,SOLE,,35000,0,0
375,GOL LINHAS AEREAS INTLG S A,SPON ADR PFD NEW,38045R206,3636,268400,SH,,SOLE,,268400,0,0
376,GOLDEN ENTMT INC,COM,381013101,463,28900,SH,,SOLE,,28900,0,0
377,GOLDMAN SACHS GROUP INC,COM,38141G104,2671,15990,SH,,SOLE,,15990,0,0
378,GOODYEAR TIRE & RUBR CO,COM,382550101,3700,181300,SH,,SOLE,,181300,0,0
379,GORES HOLDINGS III INC,UNIT 09/07/2024,38286G208,5071,504600,SH,,SOLE,,504600,0,0
380,GRACE W R & CO DEL NEW,COM,38388F108,2032,31300,SH,,SOLE,,31300,0,0
381,GRAHAM HLDGS CO,COM,384637104,769,1200,SH,,SOLE,,1200,0,0
382,GRAND CANYON ED INC,COM,38526M106,433,4500,SH,,SOLE,,4500,0,0
383,GRAPHIC PACKAGING HLDG CO,COM,388689101,3778,355111,SH,,SOLE,,355111,0,0
384,GREEN PLAINS INC,COM,393222104,159,12100,SH,,SOLE,,12100,0,0
385,GREENHILL & CO INC,COM,395259104,237,9720,SH,,SOLE,,9720,0,0
386,GRIFOLS S A,SP ADR REP B NVT,398438408,1838,100100,SH,,SOLE,,100100,0,0
387,GROUP 1 AUTOMOTIVE INC,COM,398905109,3010,57100,SH,,SOLE,,57100,0,0
388,GROUPE CGI INC,CL A SUB VTG,39945C109,747,12200,SH,,SOLE,,12200,0,0
389,GRUPO SUPERVIELLE S A,SPONSORED ADR,40054A108,597,68785,SH,,SOLE,,68785,0,0
390,GRUPO TELEVISA SA,SPON ADR REP ORD,40049J206,463,36796,SH,,SOLE,,36796,0,0
391,GS ACQUISITION HLDGS CORP,*W EXP 06/12/202,36255F110,429,342700,SH,,SOLE,,342700,0,0
392,GUARDANT HEALTH INC,COM,40131M109,3597,95700,SH,,SOLE,,95700,0,0
393,GUESS INC,COM,401617105,201,9698,SH,,SOLE,,9698,0,0
394,GW PHARMACEUTICALS PLC,ADS,36197T103,7372,75700,SH,,SOLE,,75700,0,0
395,HAEMONETICS CORP,COM,405024100,9385,93800,SH,,SOLE,,93800,0,0
396,HALOZYME THERAPEUTICS INC,COM,40637H109,336,23000,SH,,SOLE,,23000,0,0
397,HANGER INC,COM NEW,41043F208,4486,236700,SH,,SOLE,,236700,0,0
398,HANOVER INS GROUP INC,COM,410867105,327,2800,SH,,SOLE,,2800,0,0
399,HARRIS CORP DEL,COM,413875105,11379,84506,SH,,SOLE,,84506,0,0
400,HARSCO CORP,COM,415864107,324,16313,SH,,SOLE,,16313,0,0
401,HARTFORD FINL SVCS GROUP INC,COM,416515104,689,15500,SH,,SOLE,,15500,0,0
402,HARVARD BIOSCIENCE INC,COM,416906105,716,225000,SH,,SOLE,,225000,0,0
403,HD SUPPLY HLDGS INC,COM,40416M105,3564,95000,SH,,SOLE,,95000,0,0
404,HEALTHEQUITY INC,COM,42226A107,2595,43500,SH,,SOLE,,43500,0,0
405,HEICO CORP NEW,CL A,422806208,208,3300,SH,,SOLE,,3300,0,0
406,HELEN OF TROY CORP LTD,COM,G4388N106,367,2800,SH,,SOLE,,2800,0,0
407,HELIX ENERGY SOLUTIONS GRP I,COM,42330P107,88,16300,SH,,SOLE,,16300,0,0
408,HELMERICH & PAYNE INC,COM,423452101,978,20400,SH,,SOLE,,20400,0,0
409,HERSHA HOSPITALITY TR,PR SHS BEN INT,427825500,244,13900,SH,,SOLE,,13900,0,0
410,HESKA CORP,COM RESTRC NEW,42805E306,594,6900,SH,,SOLE,,6900,0,0
411,HESS CORP,COM,42809H107,6164,152200,SH,,SOLE,,152200,0,0
412,HEWLETT PACKARD ENTERPRISE C,COM,42824C109,1949,147537,SH,,SOLE,,147537,0,0
413,HEXCEL CORP NEW,COM,428291108,2276,39696,SH,,SOLE,,39696,0,0
414,HILL ROM HLDGS INC,COM,431475102,351,3963,SH,,SOLE,,3963,0,0
415,HILLENBRAND INC,COM,431571108,334,8800,SH,,SOLE,,8800,0,0
416,HMS HLDGS CORP,COM,40425J101,461,16379,SH,,SOLE,,16379,0,0
417,HOLOGIC INC,COM,436440101,2051,49897,SH,,SOLE,,49897,0,0
418,HONEYWELL INTL INC,COM,438516106,2931,22182,SH,,SOLE,,22182,0,0
419,HP INC,COM,40434L105,12409,606500,SH,,SOLE,,606500,0,0
420,HUB GROUP INC,CL A,443320106,237,6400,SH,,SOLE,,6400,0,0
421,HUBBELL INC,COM,443510607,1202,12100,SH,,SOLE,,12100,0,0
422,HUNT J B TRANS SVCS INC,COM,445658107,915,9838,SH,,SOLE,,9838,0,0
423,IBERIABANK CORP,COM,450828108,1279,19900,SH,,SOLE,,19900,0,0
424,IDEX CORP,COM,45167R104,429,3400,SH,,SOLE,,3400,0,0
425,IHS MARKIT LTD,SHS,G47567105,451,9400,SH,,SOLE,,9400,0,0
426,IMMUNOGEN INC,COM,45253H101,76,15800,SH,,SOLE,,15800,0,0
427,IMMUNOMEDICS INC,COM,452907108,5214,365357,SH,,SOLE,,365357,0,0
428,IMPERIAL OIL LTD,COM NEW,453038408,617,24365,SH,,SOLE,,24365,0,0
429,INCYTE CORP,COM,45337C102,5761,90600,SH,,SOLE,,90600,0,0
430,INGERSOLL-RAND PLC,SHS,G47791101,5256,57615,SH,,SOLE,,57615,0,0
431,INGREDION INC,COM,457187102,475,5200,SH,,SOLE,,5200,0,0
432,INOGEN INC,COM,45780L104,224,1806,SH,,SOLE,,1806,0,0
433,INSPIRE MED SYS INC,COM,457730109,7001,165700,SH,,SOLE,,165700,0,0
434,INTEL CORP,COM,458140100,2063,43959,SH,,SOLE,,43959,0,0
435,INTERCONTINENTAL EXCHANGE IN,COM,45866F104,3812,50600,SH,,SOLE,,50600,0,0
436,INTERDIGITAL INC,COM,45867G101,754,11356,SH,,SOLE,,11356,0,0
437,INTERNATIONAL GAME TECHNOLOG,SHS USD,G4863A108,13771,1339186,SH,,SOLE,,1339186,0,0
438,INTERPACE DIAGNOSTICS GROUP,COM NEW,46062X204,640,800000,SH,,SOLE,,800000,0,0
439,INTL PAPER CO,COM,460146103,331,8200,SH,,SOLE,,8200,0,0
440,INTREPID POTASH INC,COM,46121Y102,2112,812500,SH,,SOLE,,812500,0,0
441,INTREXON CORP,COM,46122T102,204,31160,SH,,SOLE,,31160,0,0
442,INTUITIVE SURGICAL INC,COM NEW,46120E602,3064,6397,SH,,SOLE,,6397,0,0
443,INVESCO LTD,SHS,G491BT108,442,26412,SH,,SOLE,,26412,0,0
444,INVESTORS BANCORP INC NEW,COM,46146L101,980,94222,SH,,SOLE,,94222,0,0
445,INVITAE CORP,COM,46185L103,1071,96883,SH,,SOLE,,96883,0,0
446,IOVANCE BIOTHERAPEUTICS INC,COM,462260100,8304,938300,SH,,SOLE,,938300,0,0
447,IRHYTHM TECHNOLOGIES INC,COM,450056106,250,3600,SH,,SOLE,,3600,0,0
448,ISHARES TR,U.S. REAL ES ETF,464287739,21748,290208,SH,,SOLE,,290208,0,0
449,ISTAR INC,COM,45031U101,575,62704,SH,,SOLE,,62704,0,0
450,JABIL INC,COM,466313103,1209,48761,SH,,SOLE,,48761,0,0
451,JACK IN THE BOX INC,COM,466367109,2088,26900,SH,,SOLE,,26900,0,0
452,JAMES RIV GROUP LTD,COM,G5005R107,435,11900,SH,,SOLE,,11900,0,0
453,JD COM INC,SPON ADR CL A,47215P106,1076,51400,SH,,SOLE,,51400,0,0
454,JEFFERIES FINL GROUP INC,COM,47233W109,301,17323,SH,,SOLE,,17323,0,0
455,JERNIGAN CAP INC,COM,476405105,1197,60400,SH,,SOLE,,60400,0,0
456,JETBLUE AIRWAYS CORP,COM,477143101,2432,151455,SH,,SOLE,,151455,0,0
457,JOHNSON & JOHNSON,COM,478160104,5759,44630,SH,,SOLE,,44630,0,0
458,KAMAN CORP,COM,483548103,208,3700,SH,,SOLE,,3700,0,0
459,KAR AUCTION SVCS INC,COM,48238T109,286,6000,SH,,SOLE,,6000,0,0
460,KARYOPHARM THERAPEUTICS INC,COM,48576U106,1151,122800,SH,,SOLE,,122800,0,0
461,KBR INC,COM,48242W106,2419,159400,SH,,SOLE,,159400,0,0
462,KEURIG DR PEPPER INC,COM,49271V100,42960,1675514,SH,,SOLE,,1675514,0,0
463,KEYSIGHT TECHNOLOGIES INC,COM,49338L103,3135,50500,SH,,SOLE,,50500,0,0
464,KEYW HLDG CORP,COM,493723100,74,11117,SH,,SOLE,,11117,0,0
465,KILROY RLTY CORP,COM,49427F108,578,9198,SH,,SOLE,,9198,0,0
466,KIMBELL RTY PARTNERS LP,UNIT,49435R102,1141,84011,SH,,SOLE,,84011,0,0
467,KLA-TENCOR CORP,COM,482480100,734,8200,SH,,SOLE,,8200,0,0
468,KNOWLES CORP,COM,49926D109,330,24800,SH,,SOLE,,24800,0,0
469,KOHLS CORP,COM,500255104,365,5500,SH,,SOLE,,5500,0,0
470,KORN FERRY INTL,COM NEW,500643200,214,5400,SH,,SOLE,,5400,0,0
471,L BRANDS INC,COM,501797104,7182,279800,SH,,SOLE,,279800,0,0
472,LABORATORY CORP AMER HLDGS,COM NEW,50540R409,2256,17856,SH,,SOLE,,17856,0,0
473,LAM RESEARCH CORP,COM,512807108,3206,23546,SH,,SOLE,,23546,0,0
474,LAMB WESTON HLDGS INC,COM,513272104,2516,34200,SH,,SOLE,,34200,0,0
475,LAS VEGAS SANDS CORP,COM,517834107,3402,65361,SH,,SOLE,,65361,0,0
476,LAUDER ESTEE COS INC,CL A,518439104,5454,41920,SH,,SOLE,,41920,0,0
477,LEAR CORP,COM NEW,521865204,1707,13900,SH,,SOLE,,13900,0,0
478,LENDINGTREE INC NEW,COM,52603B107,942,4289,SH,,SOLE,,4289,0,0
479,LENNAR CORP,CL A,526057104,784,20029,SH,,SOLE,,20029,0,0
480,LENNOX INTL INC,COM,526107107,12241,55926,SH,,SOLE,,55926,0,0
481,LEO HOLDINGS CORP,*W EXP 02/07/202,G5463L113,268,250000,SH,,SOLE,,250000,0,0
482,LEXINGTON REALTY TRUST,COM,529043101,288,35099,SH,,SOLE,,35099,0,0
483,LIBERTY GLOBAL PLC,SHS CL A,G5480U104,369,17300,SH,,SOLE,,17300,0,0
484,LIFE STORAGE INC,COM,53223X107,259,2788,SH,,SOLE,,2788,0,0
485,LIGAND PHARMACEUTICALS INC,COM NEW,53220K504,1357,10000,SH,,SOLE,,10000,0,0
486,LINCOLN ELEC HLDGS INC,COM,533900106,3442,43650,SH,,SOLE,,43650,0,0
487,LINCOLN NATL CORP IND,COM,534187109,787,15331,SH,,SOLE,,15331,0,0
488,LINDSAY CORP,COM,535555106,491,5100,SH,,SOLE,,5100,0,0
489,LITHIA MTRS INC,CL A,536797103,1893,24791,SH,,SOLE,,24791,0,0
490,LIVERAMP HLDGS INC,COM,53815P108,589,15270,SH,,SOLE,,15270,0,0
491,LKQ CORP,COM,501889208,3514,148100,SH,,SOLE,,148100,0,0
492,LOCKHEED MARTIN CORP,COM,539830109,471,1800,SH,,SOLE,,1800,0,0
493,LOGITECH INTL S A,SHS,H50430232,460,14700,SH,,SOLE,,14700,0,0
494,LOGMEIN INC,COM,54142L109,1309,16046,SH,,SOLE,,16046,0,0
495,LOUISIANA PAC CORP,COM,546347105,402,18110,SH,,SOLE,,18110,0,0
496,LOWES COS INC,COM,548661107,951,10295,SH,,SOLE,,10295,0,0
497,LOXO ONCOLOGY INC,COM,548862101,2003,14300,SH,,SOLE,,14300,0,0
498,LPL FINL HLDGS INC,COM,50212V100,2596,42500,SH,,SOLE,,42500,0,0
499,LYONDELLBASELL INDUSTRIES N,SHS - A -,N53745100,1391,16721,SH,,SOLE,,16721,0,0
500,M & T BK CORP,COM,55261F104,4999,34929,SH,,SOLE,,34929,0,0
501,MADISON SQUARE GARDEN CO NEW,CL A,55825T103,11778,44000,SH,,SOLE,,44000,0,0
502,MADRIGAL PHARMACEUTICALS INC,COM,558868105,3483,30900,SH,,SOLE,,30900,0,0
503,MAGNA INTL INC,COM,559222401,518,11400,SH,,SOLE,,11400,0,0
504,MALLINCKRODT PUB LTD CO,SHS,G5785G107,337,21300,SH,,SOLE,,21300,0,0
505,MANITOWOC CO INC,COM NEW,563571405,652,44200,SH,,SOLE,,44200,0,0
506,MANPOWERGROUP INC,COM,56418H100,1142,17624,SH,,SOLE,,17624,0,0
507,MANULIFE FINL CORP,COM,56501R106,377,26600,SH,,SOLE,,26600,0,0
508,MARATHON OIL CORP,COM,565849106,322,22418,SH,,SOLE,,22418,0,0
509,MARCUS & MILLICHAP INC,COM,566324109,230,6700,SH,,SOLE,,6700,0,0
510,MARINEMAX INC,COM,567908108,219,11939,SH,,SOLE,,11939,0,0
511,MARVELL TECHNOLOGY GROUP LTD,ORD,G5876H105,203,12500,SH,,SOLE,,12500,0,0
512,MASCO CORP,COM,574599106,4474,153000,SH,,SOLE,,153000,0,0
513,MASIMO CORP,COM,574795100,4419,41163,SH,,SOLE,,41163,0,0
514,MASONITE INTL CORP NEW,COM,575385109,283,6311,SH,,SOLE,,6311,0,0
515,MASTEC INC,COM,576323109,1291,31832,SH,,SOLE,,31832,0,0
516,MASTERCARD INCORPORATED,CL A,57636Q104,660,3500,SH,,SOLE,,3500,0,0
517,MATCH GROUP INC,COM,57665R106,278,6500,SH,,SOLE,,6500,0,0
518,MBIA INC,COM,55262C100,177,19800,SH,,SOLE,,19800,0,0
519,MCKESSON CORP,COM,58155Q103,2207,19979,SH,,SOLE,,19979,0,0
520,MDU RES GROUP INC,COM,552690109,514,21582,SH,,SOLE,,21582,0,0
521,MEDNAX INC,COM,58502B106,1498,45394,SH,,SOLE,,45394,0,0
522,MEDTRONIC PLC,SHS,G5960L103,4548,50000,SH,,SOLE,,50000,0,0
523,MELLANOX TECHNOLOGIES LTD,SHS,M51363113,6023,65200,SH,,SOLE,,65200,0,0
524,MERCK & CO INC,COM,58933Y105,10888,142500,SH,,SOLE,,142500,0,0
525,MERCURY GENL CORP NEW,COM,589400100,333,6444,SH,,SOLE,,6444,0,0
526,MERIT MED SYS INC,COM,589889104,1837,32912,SH,,SOLE,,32912,0,0
527,MESA AIR GROUP INC,COM NEW,590479135,392,50900,SH,,SOLE,,50900,0,0
528,MFA FINL INC,COM,55272X102,563,84213,SH,,SOLE,,84213,0,0
529,MGE ENERGY INC,COM,55277P104,217,3612,SH,,SOLE,,3612,0,0
530,MGM RESORTS INTERNATIONAL,COM,552953101,811,33422,SH,,SOLE,,33422,0,0
531,MICHAEL KORS HLDGS LTD,SHS,G60754101,4728,124700,SH,,SOLE,,124700,0,0
532,MICHAELS COS INC,COM,59408Q106,314,23254,SH,,SOLE,,23254,0,0
533,MICRON TECHNOLOGY INC,COM,595112103,3842,121068,SH,,SOLE,,121068,0,0
534,MICROSOFT CORP,COM,594918104,1441,14185,SH,,SOLE,,14185,0,0
535,MILLER HERMAN INC,COM,600544100,572,18901,SH,,SOLE,,18901,0,0
536,MIRATI THERAPEUTICS INC,COM,60468T105,3856,90900,SH,,SOLE,,90900,0,0
537,MISONIX INC,COM,604871103,2962,185000,SH,,SOLE,,185000,0,0
538,MOLECULAR TEMPLATES INC,COM,608550109,606,150000,SH,,SOLE,,150000,0,0
539,MOLSON COORS BREWING CO,CL B,60871R209,6558,116762,SH,,SOLE,,116762,0,0
540,MOMENTA PHARMACEUTICALS INC,COM,60877T100,2543,230346,SH,,SOLE,,230346,0,0
541,MONDELEZ INTL INC,CL A,609207105,12144,303364,SH,,SOLE,,303364,0,0
542,MONOLITHIC PWR SYS INC,COM,609839105,845,7270,SH,,SOLE,,7270,0,0
543,MONOTYPE IMAGING HOLDINGS IN,COM,61022P100,161,10372,SH,,SOLE,,10372,0,0
544,MORGAN STANLEY,COM NEW,617446448,1110,27999,SH,,SOLE,,27999,0,0
545,MOSAIC CO NEW,COM,61945C103,11203,383500,SH,,SOLE,,383500,0,0
546,MSA SAFETY INC,COM,553498106,537,5700,SH,,SOLE,,5700,0,0
547,MSC INDL DIRECT INC,CL A,553530106,660,8575,SH,,SOLE,,8575,0,0
548,MSG NETWORK INC,CL A,553573106,797,33800,SH,,SOLE,,33800,0,0
549,MUELLER WTR PRODS INC,COM SER A,624758108,107,11700,SH,,SOLE,,11700,0,0
550,MURPHY OIL CORP,COM,626717102,282,12068,SH,,SOLE,,12068,0,0
551,MURPHY USA INC,COM,626755102,1831,23900,SH,,SOLE,,23900,0,0
552,MYLAN N V,SHS EURO,N59465109,5831,212835,SH,,SOLE,,212835,0,0
553,MYRIAD GENETICS INC,COM,62855J104,584,20100,SH,,SOLE,,20100,0,0
554,NABORS INDUSTRIES LTD,SHS,G6359F103,118,58890,SH,,SOLE,,58890,0,0
555,NANOMETRICS INC,COM,630077105,502,18382,SH,,SOLE,,18382,0,0
556,NASDAQ INC,COM,631103108,575,7044,SH,,SOLE,,7044,0,0
557,NATERA INC,COM,632307104,162,11600,SH,,SOLE,,11600,0,0
558,NATIONAL BEVERAGE CORP,COM,635017106,225,3130,SH,,SOLE,,3130,0,0
559,NATIONAL BK HLDGS CORP,CL A,633707104,351,11382,SH,,SOLE,,11382,0,0
560,NATIONAL CINEMEDIA INC,COM,635309107,157,24281,SH,,SOLE,,24281,0,0
561,NATIONAL INSTRS CORP,COM,636518102,2505,55195,SH,,SOLE,,55195,0,0
562,NATIONAL OILWELL VARCO INC,COM,637071101,1462,56880,SH,,SOLE,,56880,0,0
563,NAVIENT CORPORATION,COM,63938C108,1927,218744,SH,,SOLE,,218744,0,0
564,NAVIGANT CONSULTING INC,COM,63935N107,492,20434,SH,,SOLE,,20434,0,0
565,NAVISTAR INTL CORP NEW,COM,63934E108,1880,72460,SH,,SOLE,,72460,0,0
566,NCI BUILDING SYS INC,COM NEW,628852204,89,12250,SH,,SOLE,,12250,0,0
567,NEOGEN CORP,COM,640491106,358,6286,SH,,SOLE,,6286,0,0
568,NEOPHOTONICS CORP,COM,64051T100,105,16211,SH,,SOLE,,16211,0,0
569,NETSCOUT SYS INC,COM,64115T104,343,14529,SH,,SOLE,,14529,0,0
570,NEUROCRINE BIOSCIENCES INC,COM,64125C109,7412,103789,SH,,SOLE,,103789,0,0
571,NEW SR INVT GROUP INC,COM,648691103,58,14157,SH,,SOLE,,14157,0,0
572,NEW YORK CMNTY BANCORP INC,COM,649445103,174,18500,SH,,SOLE,,18500,0,0
573,NEW YORK TIMES CO,CL A,650111107,298,13400,SH,,SOLE,,13400,0,0
574,NEWELL BRANDS INC,COM,651229106,213,11473,SH,,SOLE,,11473,0,0
575,NEWFIELD EXPL CO,COM,651290108,424,28900,SH,,SOLE,,28900,0,0
576,NEWS CORP NEW,CL A,65249B109,1096,96600,SH,,SOLE,,96600,0,0
577,NEWS CORP NEW,CL B,65249B208,194,16811,SH,,SOLE,,16811,0,0
578,NEXTERA ENERGY INC,COM,65339F101,730,4200,SH,,SOLE,,4200,0,0
579,NEXTGEN HEALTHCARE INC,COM,65343C102,366,24076,SH,,SOLE,,24076,0,0
580,NIKE INC,CL B,654106103,8326,112300,SH,,SOLE,,112300,0,0
581,NLIGHT INC,COM,65487K100,677,38062,SH,,SOLE,,38062,0,0
582,NMI HLDGS INC,CL A,629209305,240,13449,SH,,SOLE,,13449,0,0
583,NOBLE ENERGY INC,COM,655044105,490,26136,SH,,SOLE,,26136,0,0
584,NOMAD FOODS LTD,USD ORD SHS,G6564A105,7239,433000,SH,,SOLE,,433000,0,0
585,NORFOLK SOUTHERN CORP,COM,655844108,12764,85355,SH,,SOLE,,85355,0,0
586,NORTHERN TR CORP,COM,665859104,4224,50526,SH,,SOLE,,50526,0,0
587,NORTHROP GRUMMAN CORP,COM,666807102,1200,4900,SH,,SOLE,,4900,0,0
588,NORTHWESTERN CORP,COM NEW,668074305,1297,21826,SH,,SOLE,,21826,0,0
589,NORWEGIAN CRUISE LINE HLDG L,SHS,G66721104,2020,47666,SH,,SOLE,,47666,0,0
590,NOVAVAX INC,COM,670002104,847,460500,SH,,SOLE,,460500,0,0
591,NUANCE COMMUNICATIONS INC,COM,67020Y100,3685,278545,SH,,SOLE,,278545,0,0
592,NUCOR CORP,COM,670346105,4972,95960,SH,,SOLE,,95960,0,0
593,NUTRIEN LTD,COM,67077M108,2031,43200,SH,,SOLE,,43200,0,0
594,NUVASIVE INC,COM,670704105,1444,29140,SH,,SOLE,,29140,0,0
595,NUVECTRA CORP,COM,67075N108,2759,168882,SH,,SOLE,,168882,0,0
596,NVENT ELECTRIC PLC,SHS,G6700G107,3350,149131,SH,,SOLE,,149131,0,0
597,NVIDIA CORP,COM,67066G104,9305,69700,SH,,SOLE,,69700,0,0
598,NVR INC,COM,62944T105,3105,1274,SH,,SOLE,,1274,0,0
599,NXP SEMICONDUCTORS N V,COM,N6596X109,5691,77652,SH,,SOLE,,77652,0,0
600,O REILLY AUTOMOTIVE INC NEW,COM,67103H107,2821,8195,SH,,SOLE,,8195,0,0
601,OCCIDENTAL PETE CORP DEL,COM,674599105,438,7138,SH,,SOLE,,7138,0,0
602,OCEANEERING INTL INC,COM,675232102,151,12400,SH,,SOLE,,12400,0,0
603,OCULAR THERAPEUTIX INC,COM,67576A100,60,15146,SH,,SOLE,,15146,0,0
604,OFFICE DEPOT INC,COM,676220106,515,199692,SH,,SOLE,,199692,0,0
605,OIL STS INTL INC,COM,678026105,784,54859,SH,,SOLE,,54859,0,0
606,OLD NATL BANCORP IND,COM,680033107,154,10031,SH,,SOLE,,10031,0,0
607,OLD REP INTL CORP,COM,680223104,384,18670,SH,,SOLE,,18670,0,0
608,OLIN CORP,COM PAR $1,680665205,269,13397,SH,,SOLE,,13397,0,0
609,OLLIES BARGAIN OUTLT HLDGS I,COM,681116109,1922,28901,SH,,SOLE,,28901,0,0
610,OMNICELL INC,COM,68213N109,683,11161,SH,,SOLE,,11161,0,0
611,ON DECK CAP INC,COM,682163100,182,30778,SH,,SOLE,,30778,0,0
612,ON SEMICONDUCTOR CORP,COM,682189105,332,20124,SH,,SOLE,,20124,0,0
613,ONE GAS INC,COM,68235P108,396,4969,SH,,SOLE,,4969,0,0
614,ONEMAIN HLDGS INC,COM,68268W103,541,22295,SH,,SOLE,,22295,0,0
615,ONEOK INC NEW,COM,682680103,521,9656,SH,,SOLE,,9656,0,0
616,ORACLE CORP,COM,68389X105,942,20865,SH,,SOLE,,20865,0,0
617,ORTHOFIX MED INC,COM,68752M108,951,18121,SH,,SOLE,,18121,0,0
618,ORTHOPEDIATRICS CORP,COM,68752L100,4147,118900,SH,,SOLE,,118900,0,0
619,OSHKOSH CORP,COM,688239201,1781,29056,SH,,SOLE,,29056,0,0
620,OUTFRONT MEDIA INC,COM,69007J106,237,13100,SH,,SOLE,,13100,0,0
621,OVERSTOCK COM INC DEL,COM,690370101,1696,124900,SH,,SOLE,,124900,0,0
622,OXFORD INDS INC,COM,691497309,383,5400,SH,,SOLE,,5400,0,0
623,PACIRA PHARMACEUTICALS INC,COM,695127100,4259,99011,SH,,SOLE,,99011,0,0
624,PACKAGING CORP AMER,COM,695156109,594,7122,SH,,SOLE,,7122,0,0
625,PALO ALTO NETWORKS INC,COM,697435105,5462,29000,SH,,SOLE,,29000,0,0
626,PAN AMERICAN SILVER CORP,COM,697900108,300,20533,SH,,SOLE,,20533,0,0
627,PANDORA MEDIA INC,COM,698354107,255,31500,SH,,SOLE,,31500,0,0
628,PAPA JOHNS INTL INC,COM,698813102,7157,179773,SH,,SOLE,,179773,0,0
629,PARAMOUNT GROUP INC,COM,69924R108,139,11100,SH,,SOLE,,11100,0,0
630,PARK HOTELS RESORTS INC,COM,700517105,1409,54223,SH,,SOLE,,54223,0,0
631,PARKER HANNIFIN CORP,COM,701094104,331,2217,SH,,SOLE,,2217,0,0
632,PARTY CITY HOLDCO INC,COM,702149105,194,19400,SH,,SOLE,,19400,0,0
633,PATRICK INDS INC,COM,703343103,203,6849,SH,,SOLE,,6849,0,0
634,PATTERSON COMPANIES INC,COM,703395103,483,24535,SH,,SOLE,,24535,0,0
635,PATTERSON UTI ENERGY INC,COM,703481101,833,80468,SH,,SOLE,,80468,0,0
636,PAYCHEX INC,COM,704326107,8622,132340,SH,,SOLE,,132340,0,0
637,PAYCOM SOFTWARE INC,COM,70432V102,1292,10549,SH,,SOLE,,10549,0,0
638,PBF ENERGY INC,CL A,69318G106,262,8024,SH,,SOLE,,8024,0,0
639,PCM INC,COM,69323K100,322,18273,SH,,SOLE,,18273,0,0
640,PEBBLEBROOK HOTEL TR,COM,70509V100,4190,148016,SH,,SOLE,,148016,0,0
641,PEMBINA PIPELINE CORP,COM,706327103,262,8833,SH,,SOLE,,8833,0,0
642,PENN NATL GAMING INC,COM,707569109,819,43468,SH,,SOLE,,43468,0,0
643,PENNEY J C INC,COM,708160106,98,93764,SH,,SOLE,,93764,0,0
644,PENNSYLVANIA RL ESTATE INVT,SH BEN INT,709102107,258,43455,SH,,SOLE,,43455,0,0
645,PENTAIR PLC,SHS,G7S00T104,343,9081,SH,,SOLE,,9081,0,0
646,PENUMBRA INC,COM,70975L107,5988,49000,SH,,SOLE,,49000,0,0
647,PEOPLES UNITED FINANCIAL INC,COM,712704105,566,39233,SH,,SOLE,,39233,0,0
648,PERFORMANCE FOOD GROUP CO,COM,71377A103,3694,114462,SH,,SOLE,,114462,0,0
649,PERMROCK ROYALTY TRUST,TR UNIT,714254109,744,125609,SH,,SOLE,,125609,0,0
650,PERSPECTA INC,COM,715347100,182,10568,SH,,SOLE,,10568,0,0
651,PETIQ INC,COM CL A,71639T106,4627,197119,SH,,SOLE,,197119,0,0
652,PFIZER INC,COM,717081103,14166,324537,SH,,SOLE,,324537,0,0
653,PHILIP MORRIS INTL INC,COM,718172109,4020,60228,SH,,SOLE,,60228,0,0
654,PHOTRONICS INC,COM,719405102,312,32208,SH,,SOLE,,32208,0,0
655,PIEDMONT OFFICE REALTY TR IN,COM CL A,720190206,825,48400,SH,,SOLE,,48400,0,0
656,PIERIS PHARMACEUTICALS INC,COM,720795103,399,150000,SH,,SOLE,,150000,0,0
657,PINDUODUO INC,SPONSORED ADS,722304102,216,9619,SH,,SOLE,,9619,0,0
658,PINNACLE FINL PARTNERS INC,COM,72346Q104,394,8566,SH,,SOLE,,8566,0,0
659,PINNACLE WEST CAP CORP,COM,723484101,1779,20881,SH,,SOLE,,20881,0,0
660,PIONEER NAT RES CO,COM,723787107,2236,17000,SH,,SOLE,,17000,0,0
661,PITNEY BOWES INC,COM,724479100,77,13004,SH,,SOLE,,13004,0,0
662,PIXELWORKS INC,COM NEW,72581M305,38,12956,SH,,SOLE,,12956,0,0
663,PJT PARTNERS INC,COM CL A,69343T107,267,6890,SH,,SOLE,,6890,0,0
664,PLAINS GP HLDGS L P,LTD PARTNR INT A,72651A207,24406,1214253,SH,,SOLE,,1214253,0,0
665,PLANET FITNESS INC,CL A,72703H101,511,9541,SH,,SOLE,,9541,0,0
666,PLANTRONICS INC NEW,COM,727493108,1371,41400,SH,,SOLE,,41400,0,0
667,PLEXUS CORP,COM,729132100,678,13281,SH,,SOLE,,13281,0,0
668,PNC FINL SVCS GROUP INC,COM,693475105,5043,43140,SH,,SOLE,,43140,0,0
669,POLARIS INDS INC,COM,731068102,1135,14809,SH,,SOLE,,14809,0,0
670,POLARITYTE INC,COM,731094108,1543,114400,SH,,SOLE,,114400,0,0
671,PORTLAND GEN ELEC CO,COM NEW,736508847,286,6244,SH,,SOLE,,6244,0,0
672,PORTOLA PHARMACEUTICALS INC,COM,737010108,2135,109400,SH,,SOLE,,109400,0,0
673,PRA HEALTH SCIENCES INC,COM,69354M108,866,9410,SH,,SOLE,,9410,0,0
674,PRESTIGE CONSMR HEALTHCARE I,COM,74112D101,343,11086,SH,,SOLE,,11086,0,0
675,PRETIUM RES INC,COM,74139C102,333,39447,SH,,SOLE,,39447,0,0
676,PRIMERICA INC,COM,74164M108,312,3194,SH,,SOLE,,3194,0,0
677,PRIMO WTR CORP,COM,74165N105,154,10938,SH,,SOLE,,10938,0,0
678,PRIMORIS SVCS CORP,COM,74164F103,326,17046,SH,,SOLE,,17046,0,0
679,PRIORITY TECHNOLOGY HLDGS IN,COM,74275G107,520,65000,SH,,SOLE,,65000,0,0
680,PROGENICS PHARMACEUTICALS IN,COM,743187106,159,37918,SH,,SOLE,,37918,0,0
681,PROGRESS SOFTWARE CORP,COM,743312100,220,6200,SH,,SOLE,,6200,0,0
682,PROGRESSIVE CORP OHIO,COM,743315103,593,9824,SH,,SOLE,,9824,0,0
683,PROLOGIS INC,COM,74340W103,613,10436,SH,,SOLE,,10436,0,0
684,PROOFPOINT INC,COM,743424103,1029,12278,SH,,SOLE,,12278,0,0
685,PROPETRO HLDG CORP,COM,74347M108,691,56053,SH,,SOLE,,56053,0,0
686,PROTEOSTASIS THERAPEUTICS IN,COM,74373B109,461,222850,SH,,SOLE,,222850,0,0
687,PS BUSINESS PKS INC CALIF,COM,69360J107,311,2377,SH,,SOLE,,2377,0,0
688,PTC INC,COM,69370C100,274,3300,SH,,SOLE,,3300,0,0
689,PTC THERAPEUTICS INC,COM,69366J200,1078,31400,SH,,SOLE,,31400,0,0
690,PUBLIC SVC ENTERPRISE GROUP,COM,744573106,315,6036,SH,,SOLE,,6036,0,0
691,PUMA BIOTECHNOLOGY INC,COM,74587V107,827,40654,SH,,SOLE,,40654,0,0
692,PURE STORAGE INC,CL A,74624M102,162,10064,SH,,SOLE,,10064,0,0
693,PVH CORP,COM,693656100,3441,37024,SH,,SOLE,,37024,0,0
694,Q2 HLDGS INC,COM,74736L109,380,7672,SH,,SOLE,,7672,0,0
695,QAD INC,CL A,74727D306,276,7028,SH,,SOLE,,7028,0,0
696,QEP RES INC,COM,74733V100,223,39603,SH,,SOLE,,39603,0,0
697,QIAGEN NV,SHS NEW,N72482123,407,11826,SH,,SOLE,,11826,0,0
698,QIWI PLC,SPON ADR REP B,74735M108,178,12568,SH,,SOLE,,12568,0,0
699,QUALCOMM INC,COM,747525103,2901,50979,SH,,SOLE,,50979,0,0
700,QUANEX BUILDING PRODUCTS COR,COM,747619104,244,17929,SH,,SOLE,,17929,0,0
701,QUANTA SVCS INC,COM,74762E102,676,22462,SH,,SOLE,,22462,0,0
702,QUANTENNA COMMUNICATIONS INC,COM,74766D100,227,15793,SH,,SOLE,,15793,0,0
703,QURATE RETAIL INC,COM SER A,74915M100,1076,55127,SH,,SOLE,,55127,0,0
704,RADIAN GROUP INC,COM,750236101,483,29543,SH,,SOLE,,29543,0,0
705,RADWARE LTD,ORD,M81873107,609,26808,SH,,SOLE,,26808,0,0
706,RALPH LAUREN CORP,CL A,751212101,1552,15000,SH,,SOLE,,15000,0,0
707,RAMBUS INC DEL,COM,750917106,160,20797,SH,,SOLE,,20797,0,0
708,RANGE RES CORP,COM,75281A109,564,58929,SH,,SOLE,,58929,0,0
709,RAYONIER INC,COM,754907103,527,19042,SH,,SOLE,,19042,0,0
710,RAYTHEON CO,COM NEW,755111507,1862,12138,SH,,SOLE,,12138,0,0
711,REALOGY HLDGS CORP,COM,75605Y106,1306,89018,SH,,SOLE,,89018,0,0
712,REALPAGE INC,COM,75606N109,308,6400,SH,,SOLE,,6400,0,0
713,RED ROCK RESORTS INC,CL A,75700L108,2058,101335,SH,,SOLE,,101335,0,0
714,REGENERON PHARMACEUTICALS,COM,75886F107,8084,21644,SH,,SOLE,,21644,0,0
715,REGIONS FINL CORP NEW,COM,7591EP100,4319,322836,SH,,SOLE,,322836,0,0
716,REINSURANCE GROUP AMER INC,COM NEW,759351604,2322,16558,SH,,SOLE,,16558,0,0
717,RELIANCE STEEL & ALUMINUM CO,COM,759509102,1357,19074,SH,,SOLE,,19074,0,0
718,RENT A CTR INC NEW,COM,76009N100,214,13200,SH,,SOLE,,13200,0,0
719,REPLIGEN CORP,COM,759916109,891,16896,SH,,SOLE,,16896,0,0
720,REPUBLIC SVCS INC,COM,760759100,234,3244,SH,,SOLE,,3244,0,0
721,RESMED INC,COM,761152107,205,1796,SH,,SOLE,,1796,0,0
722,RESOLUTE FST PRODS INC,COM,76117W109,146,18419,SH,,SOLE,,18419,0,0
723,RESTAURANT BRANDS INTL INC,COM,76131D103,3050,58309,SH,,SOLE,,58309,0,0
724,RETAIL PPTYS AMER INC,CL A,76131V202,377,34726,SH,,SOLE,,34726,0,0
725,RETROPHIN INC,COM,761299106,1840,81300,SH,,SOLE,,81300,0,0
726,REXNORD CORP NEW,COM,76169B102,362,15771,SH,,SOLE,,15771,0,0
727,RH,COM,74967X103,8361,69777,SH,,SOLE,,69777,0,0
728,RIGEL PHARMACEUTICALS INC,COM NEW,766559603,76,32867,SH,,SOLE,,32867,0,0
729,RINGCENTRAL INC,CL A,76680R206,1054,12789,SH,,SOLE,,12789,0,0
730,RITCHIE BROS AUCTIONEERS,COM,767744105,264,8061,SH,,SOLE,,8061,0,0
731,RITE AID CORP,COM,767754104,70,99000,SH,,SOLE,,99000,0,0
732,RLJ LODGING TR,COM,74965L101,662,40402,SH,,SOLE,,40402,0,0
733,ROCKET PHARMACEUTICALS INC,COM,77313F106,1514,102200,SH,,SOLE,,102200,0,0
734,ROCKWELL AUTOMATION INC,COM,773903109,4035,26814,SH,,SOLE,,26814,0,0
735,ROKU INC,COM CL A,77543R102,472,15400,SH,,SOLE,,15400,0,0
736,ROLLINS INC,COM,775711104,2439,67564,SH,,SOLE,,67564,0,0
737,ROYAL CARIBBEAN CRUISES LTD,COM,V7780T103,12498,127800,SH,,SOLE,,127800,0,0
738,ROYAL DUTCH SHELL PLC,SPONS ADR A,780259206,11695,200700,SH,,SOLE,,200700,0,0
739,ROYAL GOLD INC,COM,780287108,346,4036,SH,,SOLE,,4036,0,0
740,RPM INTL INC,COM,749685103,1079,18371,SH,,SOLE,,18371,0,0
741,RPT REALTY,COM SH BEN INT,74971D101,154,12920,SH,,SOLE,,12920,0,0
742,RYMAN HOSPITALITY PPTYS INC,COM,78377T107,700,10499,SH,,SOLE,,10499,0,0
743,S&P GLOBAL INC,COM,78409V104,5048,29700,SH,,SOLE,,29700,0,0
744,SABRE CORP,COM,78573M104,329,15208,SH,,SOLE,,15208,0,0
745,SALLY BEAUTY HLDGS INC,COM,79546E104,1006,59010,SH,,SOLE,,59010,0,0
746,SANDRIDGE ENERGY INC,COM NEW,80007P869,370,48549,SH,,SOLE,,48549,0,0
747,SANDY SPRING BANCORP INC,COM,800363103,335,10699,SH,,SOLE,,10699,0,0
748,SBA COMMUNICATIONS CORP NEW,CL A,78410G104,2522,15576,SH,,SOLE,,15576,0,0
749,SCANA CORP NEW,COM,80589M102,497,10400,SH,,SOLE,,10400,0,0
750,SCHEIN HENRY INC,COM,806407102,338,4307,SH,,SOLE,,4307,0,0
751,SCHLUMBERGER LTD,COM,806857108,1852,51331,SH,,SOLE,,51331,0,0
752,SCHNEIDER NATIONAL INC,CL B,80689H102,471,25207,SH,,SOLE,,25207,0,0
753,SCHWAB CHARLES CORP NEW,COM,808513105,303,7300,SH,,SOLE,,7300,0,0
754,SCIENCE APPLICATNS INTL CP N,COM,808625107,984,15442,SH,,SOLE,,15442,0,0
755,SCIENTIFIC GAMES CORP,COM,80874P109,1372,76700,SH,,SOLE,,76700,0,0
756,SCRIPPS E W CO OHIO,CL A NEW,811054402,291,18467,SH,,SOLE,,18467,0,0
757,SEABRIDGE GOLD INC,COM,811916105,209,15773,SH,,SOLE,,15773,0,0
758,SEASPINE HLDGS CORP,COM,81255T108,2280,125000,SH,,SOLE,,125000,0,0
759,SEAWORLD ENTMT INC,COM,81282V100,2703,122394,SH,,SOLE,,122394,0,0
760,SECUREWORKS CORP,CL A,81374A105,193,11431,SH,,SOLE,,11431,0,0
761,SEI INVESTMENTS CO,COM,784117103,2112,45714,SH,,SOLE,,45714,0,0
762,SELECT ENERGY SVCS INC,CL A COM,81617J301,403,63744,SH,,SOLE,,63744,0,0
763,SELECT MED HLDGS CORP,COM,81619Q105,2202,143436,SH,,SOLE,,143436,0,0
764,SELECT SECTOR SPDR TR,COMMUNICATION,81369Y852,4501,109025,SH,,SOLE,,109025,0,0
765,SELECT SECTOR SPDR TR,ENERGY,81369Y506,14446,251890,SH,,SOLE,,251890,0,0
766,SELECT SECTOR SPDR TR,SBI CONS STPLS,81369Y308,17854,351598,SH,,SOLE,,351598,0,0
767,SELECT SECTOR SPDR TR,SBI INT-UTILS,81369Y886,17793,336225,SH,,SOLE,,336225,0,0
768,SELECT SECTOR SPDR TR,SBI MATERIALS,81369Y100,3543,70138,SH,,SOLE,,70138,0,0
769,SELECT SECTOR SPDR TR,TECHNOLOGY,81369Y803,5585,90111,SH,,SOLE,,90111,0,0
770,SEMGROUP CORP,CL A,81663A105,344,24968,SH,,SOLE,,24968,0,0
771,SEMPRA ENERGY,COM,816851109,945,8730,SH,,SOLE,,8730,0,0
772,SEMTECH CORP,COM,816850101,3356,73182,SH,,SOLE,,73182,0,0
773,SENDGRID INC,COM,816883102,220,5100,SH,,SOLE,,5100,0,0
774,SENSATA TECHNOLOGIES HLDNG P,SHS,G8060N102,626,13966,SH,,SOLE,,13966,0,0
775,SENSIENT TECHNOLOGIES CORP,COM,81725T100,300,5379,SH,,SOLE,,5379,0,0
776,SERVICE CORP INTL,COM,817565104,715,17767,SH,,SOLE,,17767,0,0
777,SERVICEMASTER GLOBAL HLDGS I,COM,81761R109,2092,56934,SH,,SOLE,,56934,0,0
778,SESEN BIO INC,COM,817763105,1350,950354,SH,,SOLE,,950354,0,0
779,SHERWIN WILLIAMS CO,COM,824348106,2693,6844,SH,,SOLE,,6844,0,0
780,SHIP FINANCE INTERNATIONAL L,SHS,G81075106,1325,125800,SH,,SOLE,,125800,0,0
781,SHIRE PLC,SPONSORED ADR,82481R106,31849,183006,SH,,SOLE,,183006,0,0
782,SHOE CARNIVAL INC,COM,824889109,463,13811,SH,,SOLE,,13811,0,0
783,SHUTTERFLY INC,COM,82568P304,696,17300,SH,,SOLE,,17300,0,0
784,SHUTTERSTOCK INC,COM,825690100,347,9655,SH,,SOLE,,9655,0,0
785,SIBANYE STILLWATER,SPONSORED ADR,825724206,142,50016,SH,,SOLE,,50016,0,0
786,SIERRA WIRELESS INC,COM,826516106,191,14230,SH,,SOLE,,14230,0,0
787,SIGNATURE BK NEW YORK N Y,COM,82669G104,9982,97100,SH,,SOLE,,97100,0,0
788,SILICON LABORATORIES INC,COM,826919102,717,9095,SH,,SOLE,,9095,0,0
789,SIMPLY GOOD FOODS CO,COM,82900L102,5084,268994,SH,,SOLE,,268994,0,0
790,SIMPSON MANUFACTURING CO INC,COM,829073105,568,10479,SH,,SOLE,,10479,0,0
791,SINA CORP,ORD,G81477104,504,9398,SH,,SOLE,,9398,0,0
792,SINCLAIR BROADCAST GROUP INC,CL A,829226109,696,26426,SH,,SOLE,,26426,0,0
793,SITEONE LANDSCAPE SUPPLY INC,COM,82982L103,425,7692,SH,,SOLE,,7692,0,0
794,SIX FLAGS ENTMT CORP NEW,COM,83001A102,605,10878,SH,,SOLE,,10878,0,0
795,SJW GROUP,COM,784305104,13328,239612,SH,,SOLE,,239612,0,0
796,SKECHERS U S A INC,CL A,830566105,278,12158,SH,,SOLE,,12158,0,0
797,SKYLINE CHAMPION CORPORATION,COM,830830105,640,43596,SH,,SOLE,,43596,0,0
798,SL GREEN RLTY CORP,COM,78440X101,1057,13369,SH,,SOLE,,13369,0,0
799,SLEEP NUMBER CORP,COM,83125X103,425,13393,SH,,SOLE,,13393,0,0
800,SLM CORP,COM,78442P106,173,20816,SH,,SOLE,,20816,0,0
801,SMART & FINAL STORES INC,COM,83190B101,147,31068,SH,,SOLE,,31068,0,0
802,SMITH A O,COM,831865209,6797,159200,SH,,SOLE,,159200,0,0
803,SMUCKER J M CO,COM NEW,832696405,437,4674,SH,,SOLE,,4674,0,0
804,SOCIAL CAP HEDOSOPHIA HLDGS,*W EXP 09/14/202,G8250R129,312,433333,SH,,SOLE,,433333,0,0
805,SOCIAL CAP HEDOSOPHIA HLDGS,CL A,G8250R103,4000,399999,SH,,SOLE,,399999,0,0
806,SONIC AUTOMOTIVE INC,CL A,83545G102,223,16209,SH,,SOLE,,16209,0,0
807,SONOCO PRODS CO,COM,835495102,344,6478,SH,,SOLE,,6478,0,0
808,SONOS INC,COM,83570H108,365,37203,SH,,SOLE,,37203,0,0
809,SOTHEBYS,COM,835898107,527,13243,SH,,SOLE,,13243,0,0
810,SOUTH JERSEY INDS INC,COM,838518108,219,7869,SH,,SOLE,,7869,0,0
811,SOUTHERN CO,COM,842587107,849,19334,SH,,SOLE,,19334,0,0
812,SOUTHERN COPPER CORP,COM,84265V105,1212,39375,SH,,SOLE,,39375,0,0
813,SOUTHWEST GAS HOLDINGS INC,COM,844895102,1947,25446,SH,,SOLE,,25446,0,0
814,SOUTHWESTERN ENERGY CO,COM,845467109,288,84505,SH,,SOLE,,84505,0,0
815,SPARK ENERGY INC,CL A COM,846511103,85,11405,SH,,SOLE,,11405,0,0
816,SPDR S&P 500 ETF TR,TR UNIT,78462F103,105693,422908,SH,,SOLE,,422908,0,0
817,SPECTRUM BRANDS HLDGS INC NE,COM,84790A105,529,12518,SH,,SOLE,,12518,0,0
818,SPIRE INC,COM,84857L101,533,7200,SH,,SOLE,,7200,0,0
819,SPIRIT AIRLS INC,COM,848577102,23405,404100,SH,,SOLE,,404100,0,0
820,SPS COMM INC,COM,78463M107,511,6213,SH,,SOLE,,6213,0,0
821,SPX CORP,COM,784635104,727,25927,SH,,SOLE,,25927,0,0
822,SQUARE INC,CL A,852234103,849,15134,SH,,SOLE,,15134,0,0
823,SS&C TECHNOLOGIES HLDGS INC,COM,78467J100,257,5700,SH,,SOLE,,5700,0,0
824,STAAR SURGICAL CO,COM PAR $0.01,852312305,12156,380946,SH,,SOLE,,380946,0,0
825,STAG INDL INC,COM,85254J102,466,18730,SH,,SOLE,,18730,0,0
826,STANLEY BLACK & DECKER INC,COM,854502101,16100,134462,SH,,SOLE,,134462,0,0
827,STARBUCKS CORP,COM,855244109,8546,132706,SH,,SOLE,,132706,0,0
828,STATE STR CORP,COM,857477103,974,15452,SH,,SOLE,,15452,0,0
829,STEEL DYNAMICS INC,COM,858119100,2064,68711,SH,,SOLE,,68711,0,0
830,STEELCASE INC,CL A,858155203,158,10700,SH,,SOLE,,10700,0,0
831,STERIS PLC,SHS USD,G84720104,208,1946,SH,,SOLE,,1946,0,0
832,STERLING BANCORP DEL,COM,85917A100,4043,244900,SH,,SOLE,,244900,0,0
833,STERLING CONSTRUCTION CO INC,COM,859241101,204,18722,SH,,SOLE,,18722,0,0
834,STITCH FIX INC,COM CL A,860897107,1185,69308,SH,,SOLE,,69308,0,0
835,STONERIDGE INC,COM,86183P102,409,16609,SH,,SOLE,,16609,0,0
836,STORE CAP CORP,COM,862121100,241,8508,SH,,SOLE,,8508,0,0
837,STRATASYS LTD,SHS,M85548101,383,21248,SH,,SOLE,,21248,0,0
838,STRYKER CORP,COM,863667101,7423,47347,SH,,SOLE,,47347,0,0
839,STURM RUGER & CO INC,COM,864159108,430,8087,SH,,SOLE,,8087,0,0
840,SUN CMNTYS INC,COM,866674104,286,2814,SH,,SOLE,,2814,0,0
841,SUNCOR ENERGY INC NEW,COM,867224107,1363,48724,SH,,SOLE,,48724,0,0
842,SUNPOWER CORP,COM,867652406,62,12500,SH,,SOLE,,12500,0,0
843,SUNRUN INC,COM,86771W105,230,21100,SH,,SOLE,,21100,0,0
844,SUNSTONE HOTEL INVS INC NEW,COM,867892101,253,19477,SH,,SOLE,,19477,0,0
845,SUNTRUST BKS INC,COM,867914103,566,11220,SH,,SOLE,,11220,0,0
846,SUPERIOR ENERGY SVCS INC,COM,868157108,39,11747,SH,,SOLE,,11747,0,0
847,SUPERIOR INDS INTL INC,COM,868168105,158,32976,SH,,SOLE,,32976,0,0
848,SURGERY PARTNERS INC,COM,86881A100,994,101477,SH,,SOLE,,101477,0,0
849,SURMODICS INC,COM,868873100,230,4856,SH,,SOLE,,4856,0,0
850,SVB FINL GROUP,COM,78486Q101,6974,36718,SH,,SOLE,,36718,0,0
851,SYMANTEC CORP,COM,871503108,1169,61877,SH,,SOLE,,61877,0,0
852,SYNCHRONY FINL,COM,87165B103,9272,395242,SH,,SOLE,,395242,0,0
853,SYNEOS HEALTH INC,CL A,87166B102,3262,82897,SH,,SOLE,,82897,0,0
854,SYNOPSYS INC,COM,871607107,4066,48275,SH,,SOLE,,48275,0,0
855,SYNOVUS FINL CORP,COM NEW,87161C501,3234,101093,SH,,SOLE,,101093,0,0
856,T MOBILE US INC,COM,872590104,1132,17800,SH,,SOLE,,17800,0,0
857,T2 BIOSYSTEMS INC,COM,89853L104,321,106600,SH,,SOLE,,106600,0,0
858,TABLEAU SOFTWARE INC,CL A,87336U105,8436,70300,SH,,SOLE,,70300,0,0
859,TAILORED BRANDS INC,COM,87403A107,349,25571,SH,,SOLE,,25571,0,0
860,TAKE-TWO INTERACTIVE SOFTWAR,COM,874054109,16933,164497,SH,,SOLE,,164497,0,0
861,TALEND S A,ADS,874224207,1524,41100,SH,,SOLE,,41100,0,0
862,TANDEM DIABETES CARE INC,COM NEW,875372203,8808,231987,SH,,SOLE,,231987,0,0
863,TAPESTRY INC,COM,876030107,835,24732,SH,,SOLE,,24732,0,0
864,TARGA RES CORP,COM,87612G101,10856,301412,SH,,SOLE,,301412,0,0
865,TARGET CORP,COM,87612E106,376,5696,SH,,SOLE,,5696,0,0
866,TAYLOR MORRISON HOME CORP,CL A,87724P106,321,20159,SH,,SOLE,,20159,0,0
867,TCF FINL CORP,COM,872275102,653,33465,SH,,SOLE,,33465,0,0
868,TE CONNECTIVITY LTD,REG SHS,H84989104,766,10133,SH,,SOLE,,10133,0,0
869,TECH DATA CORP,COM,878237106,1698,20759,SH,,SOLE,,20759,0,0
870,TECHNIPFMC PLC,COM,G87110105,300,15300,SH,,SOLE,,15300,0,0
871,TECHTARGET INC,COM,87874R100,458,37517,SH,,SOLE,,37517,0,0
872,TECK RESOURCES LTD,CL B,878742204,1245,57802,SH,,SOLE,,57802,0,0
873,TEGNA INC,COM,87901J105,129,11913,SH,,SOLE,,11913,0,0
874,TELADOC HEALTH INC,COM,87918A105,5596,112900,SH,,SOLE,,112900,0,0
875,TELEDYNE TECHNOLOGIES INC,COM,879360105,1857,8965,SH,,SOLE,,8965,0,0
876,TELEFLEX INC,COM,879369106,446,1726,SH,,SOLE,,1726,0,0
877,TELEFONICA BRASIL SA,SPONSORED ADR,87936R106,291,24407,SH,,SOLE,,24407,0,0
878,TELEPHONE & DATA SYS INC,COM NEW,879433829,925,28432,SH,,SOLE,,28432,0,0
879,TELUS CORP,COM,87971M103,203,6130,SH,,SOLE,,6130,0,0
880,TEMPUR SEALY INTL INC,COM,88023U101,2104,50810,SH,,SOLE,,50810,0,0
881,TENABLE HLDGS INC,COM,88025T102,423,19052,SH,,SOLE,,19052,0,0
882,TENET HEALTHCARE CORP,COM NEW,88033G407,224,13069,SH,,SOLE,,13069,0,0
883,TENNECO INC,CL A VTG COM STK,880349105,280,10212,SH,,SOLE,,10212,0,0
884,TERADATA CORP DEL,COM,88076W103,588,15318,SH,,SOLE,,15318,0,0
885,TERADYNE INC,COM,880770102,3289,104803,SH,,SOLE,,104803,0,0
886,TERNIUM SA,SPON ADR,880890108,297,10957,SH,,SOLE,,10957,0,0
887,TESARO INC,COM,881569107,339,4558,SH,,SOLE,,4558,0,0
888,TESLA INC,COM,88160R101,513,1541,SH,,SOLE,,1541,0,0
889,TETRA TECH INC NEW,COM,88162G103,490,9472,SH,,SOLE,,9472,0,0
890,TEVA PHARMACEUTICAL INDS LTD,SPONSORED ADR,881624209,5985,388175,SH,,SOLE,,388175,0,0
891,TEXTRON INC,COM,883203101,3700,80446,SH,,SOLE,,80446,0,0
892,THERMO FISHER SCIENTIFIC INC,COM,883556102,5553,24815,SH,,SOLE,,24815,0,0
893,TIER REIT INC,COM NEW,88650V208,557,26961,SH,,SOLE,,26961,0,0
894,TILLYS INC,CL A,886885102,1811,166812,SH,,SOLE,,166812,0,0
895,TILRAY INC,COM CL 2,88688T100,204,2900,SH,,SOLE,,2900,0,0
896,TIM PARTICIPACOES S A,SPONSORED ADR,88706P205,440,28690,SH,,SOLE,,28690,0,0
897,TITAN MACHY INC,COM,88830R101,600,45590,SH,,SOLE,,45590,0,0
898,TIVITY HEALTH INC,COM,88870R102,4070,164029,SH,,SOLE,,164029,0,0
899,TJX COS INC NEW,COM,872540109,17482,390740,SH,,SOLE,,390740,0,0
900,TOPBUILD CORP,COM,89055F103,2097,46600,SH,,SOLE,,46600,0,0
901,TORCHMARK CORP,COM,891027104,1779,23876,SH,,SOLE,,23876,0,0
902,TOTAL SYS SVCS INC,COM,891906109,4918,60500,SH,,SOLE,,60500,0,0
903,TPG PACE HLDGS CORP,*W EXP 06/27/202,G89827110,400,400000,SH,,SOLE,,400000,0,0
904,TPG PACE HLDGS CORP,CL A,G89827128,12000,1200000,SH,,SOLE,,1200000,0,0
905,TPG PACE HLDGS CORP,UNIT 99/99/9999,G89827102,3165,300000,SH,,SOLE,,300000,0,0
906,TPG RE FIN TR INC,COM,87266M107,245,13371,SH,,SOLE,,13371,0,0
907,TPG SPECIALTY LENDING INC,COM,87265K102,672,37154,SH,,SOLE,,37154,0,0
908,TRAVELERS COMPANIES INC,COM,89417E109,983,8204,SH,,SOLE,,8204,0,0
909,TRI POINTE GROUP INC,COM,87265H109,206,18877,SH,,SOLE,,18877,0,0
910,TRICIDA INC,COM,89610F101,364,15424,SH,,SOLE,,15424,0,0
911,TRIMBLE INC,COM,896239100,384,11665,SH,,SOLE,,11665,0,0
912,TRINET GROUP INC,COM,896288107,205,4900,SH,,SOLE,,4900,0,0
913,TRINITY INDS INC,COM,896522109,1102,53546,SH,,SOLE,,53546,0,0
914,TRINSEO S A,SHS,L9340P101,622,13570,SH,,SOLE,,13570,0,0
915,TRIPADVISOR INC,COM,896945201,5322,98685,SH,,SOLE,,98685,0,0
916,TRIUMPH BANCORP INC,COM,89679E300,300,10099,SH,,SOLE,,10099,0,0
917,TRIUMPH GROUP INC NEW,COM,896818101,129,11192,SH,,SOLE,,11192,0,0
918,TUPPERWARE BRANDS CORP,COM,899896104,594,18834,SH,,SOLE,,18834,0,0
919,TURQUOISE HILL RES LTD,COM,900435108,123,74752,SH,,SOLE,,74752,0,0
920,TWIST BIOSCIENCE CORP,COM,90184D100,2330,100900,SH,,SOLE,,100900,0,0
921,TWITTER INC,COM,90184L102,1424,49530,SH,,SOLE,,49530,0,0
922,TWO HBRS INVT CORP,COM NEW,90187B408,191,14900,SH,,SOLE,,14900,0,0
923,TYLER TECHNOLOGIES INC,COM,902252105,408,2198,SH,,SOLE,,2198,0,0
924,TYSON FOODS INC,CL A,902494103,5357,100300,SH,,SOLE,,100300,0,0
925,UBIQUITI NETWORKS INC,COM,90347A100,1194,12008,SH,,SOLE,,12008,0,0
926,ULTRAGENYX PHARMACEUTICAL IN,COM,90400D108,1460,33607,SH,,SOLE,,33607,0,0
927,UMB FINL CORP,COM,902788108,373,6121,SH,,SOLE,,6121,0,0
928,UMPQUA HLDGS CORP,COM,904214103,432,27127,SH,,SOLE,,27127,0,0
929,UNDER ARMOUR INC,CL A,904311107,678,38323,SH,,SOLE,,38323,0,0
930,UNDER ARMOUR INC,CL C,904311206,2304,142500,SH,,SOLE,,142500,0,0
931,UNION BANKSHARES CORP NEW,COM,90539J109,381,13496,SH,,SOLE,,13496,0,0
932,UNION PAC CORP,COM,907818108,17532,126835,SH,,SOLE,,126835,0,0
933,UNITED BANKSHARES INC WEST V,COM,909907107,255,8211,SH,,SOLE,,8211,0,0
934,UNITED CONTL HLDGS INC,COM,910047109,1636,19538,SH,,SOLE,,19538,0,0
935,UNITED NAT FOODS INC,COM,911163103,1628,375000,SH,,SOLE,,375000,0,0
936,UNITED RENTALS INC,COM,911363109,22969,224021,SH,,SOLE,,224021,0,0
937,UNITED STATES STL CORP NEW,COM,912909108,1463,80200,SH,,SOLE,,80200,0,0
938,UNITED TECHNOLOGIES CORP,COM,913017109,10793,101360,SH,,SOLE,,101360,0,0
939,UNITEDHEALTH GROUP INC,COM,91324P102,6951,27900,SH,,SOLE,,27900,0,0
940,UNIVAR INC,COM,91336L107,2521,142100,SH,,SOLE,,142100,0,0
941,UNIVERSAL INS HLDGS INC,COM,91359V107,483,12736,SH,,SOLE,,12736,0,0
942,URBAN OUTFITTERS INC,COM,917047102,2447,73698,SH,,SOLE,,73698,0,0
943,US BANCORP DEL,COM NEW,902973304,439,9615,SH,,SOLE,,9615,0,0
944,US FOODS HLDG CORP,COM,912008109,1088,34400,SH,,SOLE,,34400,0,0
945,USA TECHNOLOGIES INC,COM NO PAR,90328S500,122,31404,SH,,SOLE,,31404,0,0
946,USANA HEALTH SCIENCES INC,COM,90328M107,524,4448,SH,,SOLE,,4448,0,0
947,V F CORP,COM,918204108,547,7669,SH,,SOLE,,7669,0,0
948,VALLEY NATL BANCORP,COM,919794107,283,31943,SH,,SOLE,,31943,0,0
949,VALMONT INDS INC,COM,920253101,1564,14090,SH,,SOLE,,14090,0,0
950,VAREX IMAGING CORP,COM,92214X106,221,9319,SH,,SOLE,,9319,0,0
951,VARIAN MED SYS INC,COM,92220P105,1548,13665,SH,,SOLE,,13665,0,0
952,VECTOR GROUP LTD,COM,92240M108,172,17659,SH,,SOLE,,17659,0,0
953,VEON LTD,SPONSORED ADR,91822M106,85,36556,SH,,SOLE,,36556,0,0
954,VERA BRADLEY INC,COM,92335C106,283,33100,SH,,SOLE,,33100,0,0
955,VERASTEM INC,COM,92337C104,381,113423,SH,,SOLE,,113423,0,0
956,VERICEL CORP,COM,92346J108,4089,235000,SH,,SOLE,,235000,0,0
957,VERINT SYS INC,COM,92343X100,899,21246,SH,,SOLE,,21246,0,0
958,VERISIGN INC,COM,92343E102,932,6284,SH,,SOLE,,6284,0,0
959,VERMILION ENERGY INC,COM,923725105,480,22779,SH,,SOLE,,22779,0,0
960,VERSUM MATLS INC,COM,92532W103,842,30393,SH,,SOLE,,30393,0,0
961,VERTEX PHARMACEUTICALS INC,COM,92532F100,7688,46391,SH,,SOLE,,46391,0,0
962,VIACOM INC NEW,CL B,92553P201,721,28045,SH,,SOLE,,28045,0,0
963,VIASAT INC,COM,92552V100,595,10095,SH,,SOLE,,10095,0,0
964,VICI PPTYS INC,COM,925652109,1117,59500,SH,,SOLE,,59500,0,0
965,VIEWRAY INC,COM,92672L107,2570,423405,SH,,SOLE,,423405,0,0
966,VIPSHOP HLDGS LTD,SPONSORED ADR,92763W103,57,10483,SH,,SOLE,,10483,0,0
967,VISA INC,COM CL A,92826C839,8063,61115,SH,,SOLE,,61115,0,0
968,VISHAY INTERTECHNOLOGY INC,COM,928298108,649,36008,SH,,SOLE,,36008,0,0
969,VISTRA ENERGY CORP,COM,92840M102,18845,823274,SH,,SOLE,,823274,0,0
970,VITAMIN SHOPPE INC,COM,92849E101,62,13000,SH,,SOLE,,13000,0,0
971,VIVINT SOLAR INC,COM,92854Q106,988,259301,SH,,SOLE,,259301,0,0
972,VODAFONE GROUP PLC NEW,SPONSORED ADR,92857W308,3564,184843,SH,,SOLE,,184843,0,0
973,VONAGE HLDGS CORP,COM,92886T201,362,41490,SH,,SOLE,,41490,0,0
974,VOYA FINL INC,COM,929089100,4862,121117,SH,,SOLE,,121117,0,0
975,VULCAN MATLS CO,COM,929160109,682,6900,SH,,SOLE,,6900,0,0
976,W & T OFFSHORE INC,COM,92922P106,181,43851,SH,,SOLE,,43851,0,0
977,WABASH NATL CORP,COM,929566107,295,22603,SH,,SOLE,,22603,0,0
978,WADDELL & REED FINL INC,CL A,930059100,362,20000,SH,,SOLE,,20000,0,0
979,WALMART INC,COM,931142103,14457,155200,SH,,SOLE,,155200,0,0
980,WASTE CONNECTIONS INC,COM,94106B101,602,8100,SH,,SOLE,,8100,0,0
981,WATSCO INC,COM,942622200,514,3690,SH,,SOLE,,3690,0,0
982,WATTS WATER TECHNOLOGIES INC,CL A,942749102,989,15319,SH,,SOLE,,15319,0,0
983,WAVE LIFE SCIENCES LTD,SHS,Y95308105,841,20000,SH,,SOLE,,20000,0,0
984,WAYFAIR INC,CL A,94419L101,531,5898,SH,,SOLE,,5898,0,0
985,WEATHERFORD INTL PLC,ORD SHS,G48833100,35,62329,SH,,SOLE,,62329,0,0
986,WEBSTER FINL CORP CONN,COM,947890109,3553,72105,SH,,SOLE,,72105,0,0
987,WENDYS CO,COM,95058W100,860,55121,SH,,SOLE,,55121,0,0
988,WERNER ENTERPRISES INC,COM,950755108,825,27938,SH,,SOLE,,27938,0,0
989,WESCO INTL INC,COM,95082P105,417,8692,SH,,SOLE,,8692,0,0
990,WEST PHARMACEUTICAL SVSC INC,COM,955306105,1024,10444,SH,,SOLE,,10444,0,0
991,WESTERN ALLIANCE BANCORP,COM,957638109,2303,58320,SH,,SOLE,,58320,0,0
992,WESTERN UN CO,COM,959802109,729,42733,SH,,SOLE,,42733,0,0
993,WESTPORT FUEL SYSTEMS INC,COM NEW,960908309,33,24698,SH,,SOLE,,24698,0,0
994,WEX INC,COM,96208T104,461,3288,SH,,SOLE,,3288,0,0
995,WEYERHAEUSER CO,COM,962166104,1431,65447,SH,,SOLE,,65447,0,0
996,WHITE MTNS INS GROUP LTD,COM,G9618E107,2144,2500,SH,,SOLE,,2500,0,0
997,WIDEOPENWEST INC,COM,96758W101,129,18152,SH,,SOLE,,18152,0,0
998,WILEY JOHN & SONS INC,CL A,968223206,1264,26919,SH,,SOLE,,26919,0,0
999,WILLIAMS COS INC DEL,COM,969457100,19887,901900,SH,,SOLE,,901900,0,0
1000,WILLIS TOWERS WATSON PUB LTD,SHS,G96629103,699,4600,SH,,SOLE,,4600,0,0
1001,WINGSTOP INC,COM,974155103,441,6869,SH,,SOLE,,6869,0,0
1002,WINNEBAGO INDS INC,COM,974637100,1315,54307,SH,,SOLE,,54307,0,0
1003,WINTRUST FINL CORP,COM,97650W108,276,4153,SH,,SOLE,,4153,0,0
1004,WOODWARD INC,COM,980745103,6612,89000,SH,,SOLE,,89000,0,0
1005,WORLD FUEL SVCS CORP,COM,981475106,265,12400,SH,,SOLE,,12400,0,0
1006,WORLDPAY INC,CL A,981558109,260,3400,SH,,SOLE,,3400,0,0
1007,WORTHINGTON INDS INC,COM,981811102,350,10063,SH,,SOLE,,10063,0,0
1008,WYNDHAM DESTINATIONS INC,COM,98310W108,902,25170,SH,,SOLE,,25170,0,0
1009,WYNDHAM HOTELS & RESORTS INC,COM,98311A105,771,16986,SH,,SOLE,,16986,0,0
1010,WYNN RESORTS LTD,COM,983134107,3545,35832,SH,,SOLE,,35832,0,0
1011,XCEL ENERGY INC,COM,98389B100,1179,23938,SH,,SOLE,,23938,0,0
1012,XENIA HOTELS & RESORTS INC,COM,984017103,1248,72551,SH,,SOLE,,72551,0,0
1013,XENON PHARMACEUTICALS INC,COM,98420N105,3092,490058,SH,,SOLE,,490058,0,0
1014,XEROX CORP,COM NEW,984121608,2527,127872,SH,,SOLE,,127872,0,0
1015,XILINX INC,COM,983919101,373,4385,SH,,SOLE,,4385,0,0
1016,XPO LOGISTICS INC,COM,983793100,4743,179912,SH,,SOLE,,179912,0,0
1017,YANDEX N V,SHS CLASS A,N97284108,593,21700,SH,,SOLE,,21700,0,0
1018,YEXT INC,COM,98585N106,271,18300,SH,,SOLE,,18300,0,0
1019,YRC WORLDWIDE INC,COM PAR $.01,984249607,161,51162,SH,,SOLE,,51162,0,0
1020,YUM BRANDS INC,COM,988498101,5123,55737,SH,,SOLE,,55737,0,0
1021,YUM CHINA HLDGS INC,COM,98850P109,1208,36018,SH,,SOLE,,36018,0,0
1022,ZAI LAB LTD,ADR,98887Q104,1943,83684,SH,,SOLE,,83684,0,0
1023,ZEBRA TECHNOLOGIES CORP,CL A,989207105,3891,24433,SH,,SOLE,,24433,0,0
1024,ZENDESK INC,COM,98936J101,5518,94523,SH,,SOLE,,94523,0,0
1025,ZILLOW GROUP INC,CL C CAP STK,98954M200,898,28448,SH,,SOLE,,28448,0,0
1026,ZIMMER BIOMET HLDGS INC,COM,98956P102,4896,47206,SH,,SOLE,,47206,0,0
1027,ZIONS BANCORPORATION N A,COM,989701107,1308,32113,SH,,SOLE,,32113,0,0
1028,ZIX CORP,COM,98974P100,162,28214,SH,,SOLE,,28214,0,0
1029,ZOETIS INC,CL A,98978V103,517,6051,SH,,SOLE,,6051,0,0
1030,ZOGENIX INC,COM NEW,98978L204,4648,127500,SH,,SOLE,,127500,0,0
1031,ZUMIEZ INC,COM,989817101,227,11804,SH,,SOLE,,11804,0,0
1032,ZYNGA INC,CL A,98986T108,558,142000,SH,,SOLE,,142000,0,0
