,NAME OF ISSUER,TITLE OF CLASS,CUSIP,(x$1000),PRN AMT,PRN,CALL,DISCRETION,MANAGER,SOLE,SHARED,NONE
0,AAR CORP,COM,000361105,46752,976245,SH,,DFND,,424551,0,551694
1,ABB LTD ADR,COM,000375204,253186,10714586,SH,,DFND,,10482984,0,231601
2,AT&T INC,COM,00206R102,2946,87738,SH,,DFND,,86966,0,771
3,ASE TECHNOLOGY HOLDING CO ADR,COM,00215W100,190182,39375103,SH,,DFND,,16608274,0,22766829
4,ABBOTT LABS,COM,002824100,31359,427462,SH,,DFND,,62351,0,365111
5,ABBVIE INC,COM,00287Y109,77210,816350,SH,,DFND,,130222,0,686128
6,ACADIA HEALTHCARE COMPANY INC,COM,00404A109,5834,165738,SH,,DFND,,157108,0,8630
7,ACADIA RLTY TR,COM,004239109,26766,954916,SH,,DFND,,598440,0,356476
8,ACI WORLDWIDE INC,COM,004498101,4015,142692,SH,,SOLE,,142692,0,0
9,ACTIVISION BLIZZARD INC,COM,00507V109,736,8849,SH,,SOLE,,8849,0,0
10,ADAMAS PHARMACEUTICALS INC,COM,00548A106,2365,118117,SH,,DFND,,11023,0,107094
11,ADOBE INC,COM,00724F101,110327,408693,SH,,DFND,,317514,0,91179
12,ADVANCED ENERGY INDS,COM,007973100,6598,127741,SH,,DFND,,7589,0,120152
13,AEROVIRONMENT INC,COM,008073108,11725,104532,SH,,DFND,,44850,0,59682
14,AETNA INC NEW,COM,00817Y108,341,1681,SH,,SOLE,,1681,0,0
15,AFFILIATED MANAGERS GROUP,COM,008252108,3490,25526,SH,,SOLE,,25526,0,0
16,AGENUS INC,COM,00847G705,25,11456,SH,,SOLE,,11456,0,0
17,AIR PRODS& CHEMS INC,COM,009158106,232,1389,SH,,SOLE,,1389,0,0
18,ALCOA UPSTREAM CORP COM,COM,013872106,5504,136240,SH,,DFND,,131522,0,4718
19,ALEXCO RESOURCE CORP,COM,01535P106,15,15000,SH,,SOLE,,15000,0,0
20,ALIBABA GROUP HLDG LTD ADR,COM,01609W102,1814138,11010789,SH,,DFND,,7568140,0,3442649
21,ALIGN TECHNOLOGY INC,COM,016255101,25050,64031,SH,,DFND,,18502,0,45529
22,ALLEGHENY TECHNOLOGIES INC,COM,01741R102,38699,1309622,SH,,DFND,,575369,0,734253
23,ALLSCRIPTS HEALTHCARE SOLUTNS,COM,01988P108,71004,4982770,SH,,DFND,,2578275,0,2404495
24,ALLSTATE CORP,COM,020002101,275,2790,SH,,SOLE,,2790,0,0
25,ALPHABET INC CLASS C,COM,02079K107,265321,222310,SH,,DFND,,195846,0,26464
26,ALPHABET INC CLASS A,COM,02079K305,1534307,1271089,SH,,DFND,,1146585,0,124504
27,ALTO GROUP HOLDINGS INC,COM,021515101,0,43034,SH,,SOLE,,43034,0,0
28,ALTERNATIVE ENERGY PARTNERS IN,COM,02152E200,0,100001,SH,,SOLE,,100001,0,0
29,ALTRIA GROUP INC,COM,02209S103,14988,248514,SH,,DFND,,78934,0,169580
30,AMAZON COM INC COM,COM,023135106,3142915,1569103,SH,,DFND,,1426163,0,142940
31,AMBEV SA ADR,COM,02319V103,139430,30509882,SH,,DFND,,18488932,0,12020950
32,AMERICA MOVIL SAB DE CV ADR,COM,02364W105,220867,13752632,SH,,DFND,,5614850,0,8137782
33,AMERICAN CAMPUS CMNTYS INC,COM,024835100,526,12786,SH,,SOLE,,12786,0,0
34,AMERICAN ELEC PWR INC,COM,025537101,288,4068,SH,,SOLE,,4068,0,0
35,AMERICAN EXPRESS CO,COM,025816109,1102996,10357743,SH,,DFND,,9561698,0,796044
36,AMERISAFE INC,COM,03071H100,1879,30335,SH,,DFND,,0,0,30335
37,AMERISOURCEBERGEN CORP,COM,03073E105,4392,47630,SH,,DFND,,39984,0,7646
38,AMERIS BANCORP,COM,03076K108,3525,77141,SH,,DFND,,0,0,77141
39,AMGEN INC,COM,031162100,31059,149832,SH,,DFND,,21905,0,127927
40,AMPHENOL CORP NEW,COM,032095101,504,5360,SH,,SOLE,,5360,0,0
41,ANGLO AMERN PLC ADR,COM,03485P300,3011,268054,SH,,DFND,,252550,0,15504
42,ANHEUSER BUSCH INBEV SA/NV ADR,COM,03524A108,564527,6446579,SH,,DFND,,5870440,0,576139
43,ANIKA THERAPEUTICS INC,COM,035255108,2981,70678,SH,,DFND,,6569,0,64109
44,ANIXTER INTL INC,COM,035290105,52257,743341,SH,,DFND,,275080,0,468261
45,ANNALY CAP MGMT INC,COM,035710409,102,10008,SH,,SOLE,,10008,0,0
46,ANSYS INC,COM,03662Q105,4109,22012,SH,,SOLE,,22012,0,0
47,ANTHEM INC,COM,036752103,293,1070,SH,,SOLE,,1070,0,0
48,APACHE CORP,COM,037411105,952,19963,SH,,SOLE,,19963,0,0
49,APOGEE ENTERPRISES INC,COM,037598109,5372,130000,SH,,DFND,,0,0,130000
50,APPLE INC,COM,037833100,2787678,12349066,SH,,DFND,,11237638,0,1111427
51,APPLIED MATLS INC,COM,038222105,244,6320,SH,,SOLE,,6320,0,0
52,APTARGROUP INC,COM,038336103,266,2471,SH,,SOLE,,2471,0,0
53,ARRAY BIOPHARMA INC,COM,04269X105,1341,88256,SH,,DFND,,0,0,88256
54,ARTISAN PARTNERS ASSET MGMT IN,COM,04316A108,55677,1718423,SH,,DFND,,868350,0,850073
55,ASPEN PHARMACARE HLDGS LTD ADR,COM,04530Y106,281,23447,SH,,SOLE,,23447,0,0
56,ASPEN TECHNOLOGY INC,COM,045327103,209579,1839863,SH,,DFND,,978821,0,861042
57,ASTRAZENECA PLC ADR,COM,046353108,534857,13516724,SH,,DFND,,13069243,0,447480
58,ATICO MNG CORP,COM,047559109,8,26600,SH,,SOLE,,26600,0,0
59,ATLAS AIR WORLDWIDE HLDGS,COM,049164205,37834,593480,SH,,DFND,,264184,0,329296
60,AUTODESK INC,COM,052769106,26184,167729,SH,,DFND,,158964,0,8765
61,AUTOMATIC DATA PROCESSING INC,COM,053015103,359,2385,SH,,SOLE,,2385,0,0
62,B& G FOODS INC NEW,COM,05508R106,1295,47175,SH,,DFND,,450,0,46725
63,BASF SE ADR,COM,055262505,304133,13682345,SH,,DFND,,13515781,0,166564
64,BHP BILLITON PLC SPONSORED ADR,COM,05545E209,198722,4518469,SH,,DFND,,4466649,0,51820
65,BP PLC SPONSORED ADR ADR,COM,055622104,338973,7352990,SH,,DFND,,6470692,0,882298
66,BNP PARIBAS ADR,COM,05565A202,545288,17813352,SH,,DFND,,16484155,0,1329196
67,BAIDU INC SPON ADR ADR,COM,056752108,382606,1673108,SH,,DFND,,734784,0,938324
68,BANCO BRADESCO S A SP ADR ADR,COM,059460303,242339,34228655,SH,,DFND,,13808402,0,20420253
69,BANCO BILBAO VIZCAYA ARGEN ADR,COM,05946K101,278033,44132247,SH,,DFND,,43227908,0,904339
70,BANCO MACRO SA ADR,COM,05961W105,274,6632,SH,,SOLE,,6632,0,0
71,BANCO SANTANDER SA ADR,COM,05964H105,474671,94934126,SH,,DFND,,92768757,0,2165368
72,BANCO SANTANDER SPONSORED ADR,COM,05969B103,232,29850,SH,,SOLE,,29850,0,0
73,BANCORPSOUTH BK TUPELO MISS,COM,05971J102,48109,1471222,SH,,DFND,,793647,0,677575
74,BANGKOK BK PLC ADR,COM,059893107,766,23597,SH,,SOLE,,23597,0,0
75,BANC OF CALIFORNIA INC,COM,05990K106,1022,54073,SH,,DFND,,0,0,54073
76,BANK AMER CORP,COM,060505104,10584,359272,SH,,DFND,,357060,0,2212
77,BANK PEKAO SA GDR,COM,064446RRT,955,33158,SH,,SOLE,,33158,0,0
78,BANNER CORP,COM,06652V208,1993,32054,SH,,DFND,,0,0,32054
79,BAOZUN INC SPONSORED ADR ADR,COM,06684L103,2037,41923,SH,,SOLE,,41923,0,0
80,BARCLAYS PLC ADR,COM,06738E204,144755,16173690,SH,,DFND,,14546617,0,1627073
81,FI ENHANCED EUR 50 ETN B BCS,COM,06744M836,20990,148916,SH,,DFND,,120788,0,28128
82,FI ENHANCED GLBL HIGH YLD BCSB,COM,06746Q249,1606845,15618636,SH,,DFND,,15430536,0,188100
83,FI ENHANCED EUR 50 ETN C BCS,COM,06746Q256,727797,7622604,SH,,DFND,,7496508,0,126096
84,BARNES GROUP INC,COM,067806109,6466,91025,SH,,DFND,,0,0,91025
85,BAYER A G ADR,COM,072730302,18211,819705,SH,,DFND,,795675,0,24030
86,BAYERISCHE MOTOREN WERKE A ADR,COM,072743305,4716,156635,SH,,DFND,,155343,0,1292
87,BBVA BANCO FRANCES S A ADR,COM,07329M100,179,15317,SH,,SOLE,,15317,0,0
88,BEACON ROOFING SUPPLY INC,COM,073685109,66331,1832851,SH,,DFND,,894935,0,937916
89,BECTON DICKINSON& CO,COM,075887109,552,2114,SH,,SOLE,,2114,0,0
90,BERKSHIRE HATHAWAY INC CL A,COM,084670108,1600,5,SH,,SOLE,,5,0,0
91,BERKSHIRE HATHAWAY INC CL B,COM,084670702,62564,292203,SH,,DFND,,147746,0,144457
92,BHP BILLITON LTD SPONSORED ADR,COM,088606108,322682,6474353,SH,,DFND,,6044717,0,429636
93,BIO RAD LABS INC,COM,090572207,80236,256352,SH,,DFND,,118083,0,138269
94,BIOGEN INC,COM,09062X103,45994,130181,SH,,DFND,,11704,0,118477
95,BLACKROCK INC,COM,09247X101,59014,125207,SH,,DFND,,19848,0,105359
96,BOEING CO,COM,097023105,99054,266346,SH,,DFND,,77598,0,188748
97,BOOKING HLDGS INC COM,COM,09857L108,2837,1430,SH,,DFND,,69,0,1361
98,BOSTON BEER INC,COM,100557107,89084,309856,SH,,DFND,,205924,0,103932
99,BOTTOMLINE TECH DEL INC,COM,101388106,30273,416354,SH,,DFND,,155963,0,260391
100,BRIDGE BANCORP INC,COM,108035106,769,23171,SH,,SOLE,,23171,0,0
101,BRISTOL MYERS SQUIBB CO,COM,110122108,31614,509243,SH,,DFND,,438806,0,70436
102,BRITISH AMERN TOB PLC ADR,COM,110448107,427,9151,SH,,DFND,,8109,0,1042
103,BROADCOM INC COM,COM,11135F101,343,1392,SH,,DFND,,1311,0,81
104,BROOKFIELD ASSET MGMT INC,COM,112585104,313,7025,SH,,SOLE,,7025,0,0
105,BRUKER CORP,COM,116794108,6019,179950,SH,,SOLE,,179950,0,0
106,BUILDERS FIRSTSOURCE INC,COM,12008R107,1578,107483,SH,,DFND,,0,0,107483
107,CF INDS HLDGS INC,COM,125269100,2579,47371,SH,,DFND,,40700,0,6671
108,CNOOC LTD ADR,COM,126132109,618,3130,SH,,SOLE,,3130,0,0
109,CSL LTD ADR,COM,12637N204,6617,90945,SH,,DFND,,85095,0,5850
110,CSX CORP,COM,126408103,935,12633,SH,,SOLE,,12633,0,0
111,CVB FINL CORP,COM,126600105,1823,81685,SH,,DFND,,0,0,81685
112,CVS HEALTH CORPORATION COM,COM,126650100,1342,17049,SH,,DFND,,12572,0,4477
113,C&J ENERGY SVCS INC NEW,COM,12674R100,9678,465290,SH,,DFND,,0,0,465290
114,CABLEVISION HLDGS SA SPON GDR,COM,12687E104,112,13470,SH,,SOLE,,13470,0,0
115,CABOT MICROELECTRONICS CORP CO,COM,12709P103,3874,37551,SH,,DFND,,77,0,37474
116,CACTUS INC,COM,127203107,2864,74814,SH,,DFND,,10014,0,64800
117,CALIFORNIA GRAPES INTL INC,COM,130266109,0,50000,SH,,SOLE,,50000,0,0
118,CALLON PETE CO DEL,COM,13123X102,34780,2900712,SH,,DFND,,1016678,0,1884034
119,CAMDEN PPTY TR SH BEN INT,COM,133131102,5723,61163,SH,,SOLE,,61163,0,0
120,CANADIAN NATL RY CO,COM,136375102,225,2500,SH,,SOLE,,2500,0,0
121,CANNAE HLDGS INC,COM,13765N107,846,40393,SH,,SOLE,,40393,0,0
122,CAPITAL ONE FINL CORP,COM,14040H105,94855,999212,SH,,DFND,,992519,0,6693
123,CAPITAL WORLD GROWTH INCOME FD,COM,140543109,215,4202,SH,,SOLE,,4202,0,0
124,CARDINAL CAP NET,COM,14148095T,0,25000,SH,,SOLE,,25000,0,0
125,CARNIVAL CORP,COM,143658300,327,5127,SH,,DFND,,5027,0,100
126,CARPENTER TECHNOLOGY CORP,COM,144285103,25339,429841,SH,,DFND,,189259,0,240582
127,CARRIZO OIL& GAS INC,COM,144577103,3601,142916,SH,,SOLE,,142916,0,0
128,CATERPILLAR INC DEL,COM,149123101,1427,9355,SH,,SOLE,,9355,0,0
129,CATHAY FINANCIAL-144A GDR,COM,14915V106,6098,353877,SH,,DFND,,7310,0,346567
130,CELGENE CORP,COM,151020104,28944,323435,SH,,DFND,,26914,0,296521
131,CEMEX SAB DE CV ADR,COM,151290889,53465,7594476,SH,,DFND,,171571,0,7422905
132,CENTERSTATE BANK CORPORATION,COM,15201P109,1604,57173,SH,,DFND,,2674,0,54499
133,CENTRAL PAC FINL CORP,COM,154760409,1729,65432,SH,,DFND,,520,0,64912
134,CENTURY ALUM CO,COM,156431108,16379,1368335,SH,,DFND,,593286,0,775049
135,CERACON INC,COM,15699658T,0,23268,SH,,SOLE,,23268,0,0
136,CHARLES RIV LABS INTL INC,COM,159864107,51028,379277,SH,,DFND,,197629,0,181648
137,CHAROEN POKPHAND FOODS PLC ADR,COM,160904207,139,44585,SH,,SOLE,,44585,0,0
138,CHART INDS INC,COM,16115Q308,4813,61443,SH,,DFND,,26489,0,34954
139,CHATHAM LODGING TR,COM,16208T102,623,29842,SH,,DFND,,0,0,29842
140,CHEMED CORP NEW,COM,16359R103,151896,475300,SH,,DFND,,258137,0,217163
141,CHEVRON CORP NEW,COM,166764100,564039,4612686,SH,,DFND,,4215571,0,397115
142,CHICOS FAS INC,COM,168615102,299,34499,SH,,SOLE,,34499,0,0
143,CHINA GOLD CORP,COM,16938L106,0,20000,SH,,SOLE,,20000,0,0
144,CHINA PETE& CHEM CORP ADR,COM,16941R108,2559,25481,SH,,SOLE,,25481,0,0
145,CHURCH& DWIGHT INC,COM,171340102,14066,236917,SH,,DFND,,221496,0,15421
146,CIMAREX ENERGY CO,COM,171798101,280,3014,SH,,SOLE,,3014,0,0
147,CINCINNATI FINL CORP,COM,172062101,9135,118936,SH,,DFND,,112937,0,5999
148,CISCO SYS INC,COM,17275R102,977856,20099819,SH,,DFND,,18031679,0,2068140
149,CITIGROUP INC,COM,172967424,3177,44289,SH,,DFND,,43721,0,568
150,CLEVELAND CLIFFS INC,COM,185899101,108480,8568756,SH,,DFND,,5104209,0,3464547
151,CLOROX CO DEL,COM,189054109,4796,31888,SH,,DFND,,9693,0,22195
152,CLOVIS ONCOLOGY INC,COM,189464100,1745,59431,SH,,DFND,,5185,0,54246
153,COCA COLA BOTTLING CO CONS,COM,191098102,212,1164,SH,,SOLE,,1164,0,0
154,COCA COLA CO,COM,191216100,18084,391514,SH,,DFND,,230376,0,161138
155,COLGATE PALMOLIVE CO,COM,194162103,40136,599497,SH,,DFND,,77497,0,522000
156,COLLEGIUM PHARMACEUTICAL INC,COM,19459J104,527,35744,SH,,DFND,,0,0,35744
157,COLUMBIA BKG SYS INC,COM,197236102,2094,54011,SH,,DFND,,0,0,54011
158,COMFORT SYS USA INC,COM,199908104,3345,59302,SH,,DFND,,33,0,59269
159,COMCAST CORP NEW CL A,COM,20030N101,13257,374394,SH,,DFND,,370276,0,4118
160,COMMONWEALTH BANK OF AUSTR ADR,COM,202712600,1588,30727,SH,,DFND,,28827,0,1900
161,COMPAGNIE DE SAINT GOBAIN ADR,COM,204280309,4442,514773,SH,,DFND,,486323,0,28450
162,COMPAGNIE FIN RICHEMONTAG ADR,COM,204319107,156826,19148492,SH,,DFND,,18961427,0,187064
163,COMPANHIA BRASILEIRA DE DI ADR,COM,20440T201,24984,1163143,SH,,DFND,,82988,0,1080155
164,CONMED CORP,COM,207410101,44728,564601,SH,,DFND,,541528,0,23073
165,CONOCOPHILLIPS,COM,20825C104,24275,313635,SH,,DFND,,39799,0,273836
166,CONSOLIDATED EDISON INC,COM,209115104,402,5270,SH,,SOLE,,5270,0,0
167,COOPER COS INC,COM,216648402,27124,97867,SH,,DFND,,95115,0,2752
168,CORESITE RLTY CORP,COM,21870Q105,31921,287211,SH,,DFND,,166313,0,120898
169,CORELOGIC INC,COM,21871D103,103925,2103329,SH,,DFND,,1177144,0,926185
170,CORPORATE OFFICE PPTYS TR,COM,22002T108,17366,582163,SH,,DFND,,330860,0,251303
171,COSTCO WHSL CORP NEW,COM,22160K105,629647,2680719,SH,,DFND,,2462896,0,217822
172,COWEN INC,COM,223622606,2340,143535,SH,,DFND,,0,0,143535
173,CREDIT AGRICOLE S A ADR ADR,COM,225313105,114153,15869746,SH,,DFND,,15642670,0,227076
174,FI ENHANCED EUROPE 50 ETN CS B,COM,22539U107,319893,3478988,SH,,DFND,,3310660,0,168328
175,CREDIT SUISSE GROUP ADR,COM,225401108,10978,734822,SH,,DFND,,734524,0,298
176,FI ENHANCED LRG CAP GROWTH CS,COM,22542D423,2291513,7686802,SH,,DFND,,7458277,0,228525
177,CTRIP COM INTL LTD ADR,COM,22943F100,358847,9654198,SH,,DFND,,4238115,0,5416083
178,CUMMINS INC,COM,231021106,246,1683,SH,,SOLE,,1683,0,0
179,CYRUSONE INC,COM,23283R100,37410,590062,SH,,DFND,,280317,0,309745
180,DBX ETF TR USD HY CORP,COM,233051432,90161,1808290,SH,,DFND,,1793139,0,15151
181,D R HORTON INC,COM,23331A109,13714,325122,SH,,DFND,,310099,0,15023
182,DAIMLER AG UNSPONSOR ADR ADR,COM,233825207,8262,526230,SH,,DFND,,509079,0,17151
183,DANAHER CORP DEL COM,COM,235851102,525,4834,SH,,SOLE,,4834,0,0
184,DANONE ADR,COM,23636T100,3171,204668,SH,,DFND,,193027,0,11641
185,DARLING INGREDIENTS INC,COM,237266101,47387,2452726,SH,,DFND,,937589,0,1515137
186,DASSAULT SYS S A ADR,COM,237545108,5898,39441,SH,,DFND,,37191,0,2250
187,DEEP ROCK OIL& GAS INC,COM,243778107,0,15000,SH,,SOLE,,15000,0,0
188,DEERE& CO,COM,244199105,209,1391,SH,,SOLE,,1391,0,0
189,DELEK US HLDGS INC NEW,COM,24665A103,35059,826273,SH,,DFND,,434414,0,391859
190,DENBURY RES INC,COM,247916208,1891,305070,SH,,DFND,,0,0,305070
191,DEUTSCHE POST AG ADR,COM,25157Y202,9785,274337,SH,,DFND,,266087,0,8250
192,DIAGEO P L C ADR,COM,25243Q205,54404,384018,SH,,DFND,,37305,0,346713
193,DIAMOND OFFSHORE DRILLING INC,COM,25271C102,17593,879636,SH,,DFND,,266060,0,613576
194,DIAMONDBACK ENERGY INC,COM,25278X109,9701,71756,SH,,DFND,,67597,0,4159
195,DIODES INC,COM,254543101,8033,241298,SH,,DFND,,298,0,241000
196,DISNEY WALT CO,COM,254687106,13107,112083,SH,,DFND,,110785,0,1298
197,DISCOVERY INC COM SER A,COM,25470F104,9893,309156,SH,,DFND,,294084,0,15072
198,DISCOVERY INC COM SER C,COM,25470F302,516,17431,SH,,DFND,,14691,0,2740
199,DOMINOS PIZZA INC,COM,25754A201,294215,998016,SH,,DFND,,471114,0,526902
200,DOWDUPONT INC,COM,26078J100,1165,18107,SH,,SOLE,,18107,0,0
201,DRIL-QUIP INC,COM,262037104,88028,1684741,SH,,DFND,,865160,0,819581
202,DUKE ENERGY CORP NEW,COM,26441C204,460,5753,SH,,SOLE,,5753,0,0
203,DUNKIN BRANDS GROUP INC,COM,265504100,457,6195,SH,,SOLE,,6195,0,0
204,DYNAVAX TECHNOLOGIES CORP,COM,268158201,657,52955,SH,,DFND,,0,0,52955
205,ENI S P A ADR,COM,26874R108,672,17831,SH,,DFND,,16825,0,1006
206,EAGLE BANCORP INC MD,COM,268948106,2677,52913,SH,,DFND,,11493,0,41420
207,E TRADE FINANCIAL CORP,COM,269246401,43158,823788,SH,,DFND,,640414,0,183374
208,EAGLE PHARMACEUTICALS INC,COM,269796108,1243,17925,SH,,DFND,,0,0,17925
209,EAST WEST BANCORP INC,COM,27579R104,128504,2128605,SH,,DFND,,1159903,0,968702
210,EASTMAN CHEM CO,COM,277432100,307,3208,SH,,SOLE,,3208,0,0
211,ECOPETROL S A ADR,COM,279158109,46865,1740247,SH,,DFND,,749515,0,990732
212,EDGEWELL PERS CARE CO,COM,28035Q102,4669,100994,SH,,SOLE,,100994,0,0
213,8X8 INC NEW,COM,282914100,6881,323801,SH,,DFND,,20822,0,302979
214,EMERGENT BIOSOLUTIONS INC,COM,29089Q105,19780,300475,SH,,DFND,,78320,0,222155
215,EMERSON ELEC CO,COM,291011104,775,10121,SH,,SOLE,,10121,0,0
216,ENBRIDGE INC,COM,29250N105,202,6250,SH,,SOLE,,6250,0,0
217,100000TH ENBRIDGE ENERGY MGMT,COM,29250X10T,0,160111,SH,,SOLE,,160111,0,0
218,ENANTA PHARMACEUTICALS INC,COM,29251M106,1044,12214,SH,,DFND,,122,0,12092
219,ENCORE ENERGY CORP,COM,29259W106,12,125000,SH,,SOLE,,125000,0,0
220,ENERGEN CORP,COM,29265N108,498,5784,SH,,SOLE,,5784,0,0
221,ENERGIZER HLDGS INC NEW,COM,29272W109,7381,125841,SH,,SOLE,,125841,0,0
222,ENVISION SOLAR INTERNATIONAL,COM,29413Q102,14,75000,SH,,SOLE,,75000,0,0
223,EQUINOR ASA SPONSORED ADR ADR,COM,29446M102,49415,1752310,SH,,DFND,,215473,0,1536837
224,ERICSSON ADR,COM,294821608,1980,224971,SH,,DFND,,212521,0,12450
225,EROS RES CORP,COM,29601R102,9,125000,SH,,SOLE,,125000,0,0
226,ERSTE GROUP BK A G ADR,COM,296036304,37345,1797262,SH,,DFND,,1259749,0,537513
227,RSTK ESHIRT NET,COM,296072BHT,0,12500,SH,,SOLE,,12500,0,0
228,ESCROW ADELPHIA COMMUNICATIONS,COM,296387AHT,0,49000,SH,,DFND,,27000,0,22000
229,ESSEX PPTY TR INC,COM,297178105,4965,20125,SH,,DFND,,18968,0,1157
230,ESTERLINE TECHNOLOGIES CORP,COM,297425100,27185,298897,SH,,DFND,,108713,0,190184
231,EVERCORE INC,COM,29977A105,5395,53651,SH,,DFND,,6713,0,46938
232,EVERBRIDGE INC COM,COM,29978A104,522,9050,SH,,SOLE,,9050,0,0
233,EXACT SCIENCES CORP,COM,30063P105,4424,56051,SH,,DFND,,8420,0,47631
234,EXPEDITORS INTL WASH INC,COM,302130109,1522,20700,SH,,SOLE,,20700,0,0
235,EXPERIAN PLC ADR,COM,30215C101,5432,211382,SH,,DFND,,196611,0,14771
236,EXPRESS SCRIPTS HLDG CO,COM,30219G108,1201,12641,SH,,DFND,,8190,0,4451
237,EXTRA SPACE STORAGE INC COM,COM,30225T102,7813,90179,SH,,DFND,,85337,0,4842
238,EXXON MOBIL CORP,COM,30231G102,497803,5855133,SH,,DFND,,5232574,0,622559
239,FCB FINL HLDGS INC CL A,COM,30255G103,2070,43669,SH,,DFND,,0,0,43669
240,FACEBOOK INC,COM,30303M102,62652,380957,SH,,DFND,,73322,0,307635
241,FACTSET RESH SYS INC COM,COM,303075105,408,1822,SH,,SOLE,,1822,0,0
242,FAIR ISAAC CORP,COM,303250104,17885,78254,SH,,DFND,,23028,0,55226
243,FANUC CORPORATION ADR,COM,307305102,229766,12183939,SH,,DFND,,8670950,0,3512989
244,FARO TECHNOLOGIES INC,COM,311642102,3333,51801,SH,,DFND,,0,0,51801
245,FEDEX CORP,COM,31428X106,353,1465,SH,,SOLE,,1465,0,0
246,F5 NETWORKS INC,COM,315616102,222,1113,SH,,SOLE,,1113,0,0
247,FIDELITY COMWLTH TR NDQ CP IDX,COM,315912808,734,2325,SH,,SOLE,,2325,0,0
248,FIDELITY MSCI HLTH CARE I,COM,316092600,201,4298,SH,,SOLE,,4298,0,0
249,FIDELITY NATL INFORMATION SVCS,COM,31620M106,16213,148646,SH,,DFND,,140485,0,8161
250,FIDELITY NATIONAL FINANCIAL IN,COM,31620R303,280,7111,SH,,SOLE,,7111,0,0
251,58 COM INC SPON ADR REP A ADR,COM,31680Q104,11308,153643,SH,,SOLE,,153643,0,0
252,51JOB INC ADR,COM,316827104,5613,72900,SH,,SOLE,,72900,0,0
253,FINISAR CORP,COM,31787A507,70922,3722920,SH,,DFND,,1897231,0,1825689
254,FIREEYE INC,COM,31816Q101,54605,3212043,SH,,DFND,,2611996,0,600047
255,FIRST AMERN FINL CORP,COM,31847R102,75348,1460525,SH,,DFND,,865009,0,595516
256,100000TH FIRST HORIZON NTL,COM,32051710T,0,38493,SH,,SOLE,,38493,0,0
257,FIRST MERCHANTS CORP,COM,320817109,2209,49094,SH,,DFND,,0,0,49094
258,FIRST REP BK SAN FRANCISCO CAL,COM,33616C100,14850,154692,SH,,DFND,,146149,0,8543
259,FIRST TR STOXX EURO DIV FD COM,COM,33735T109,185,14147,SH,,SOLE,,14147,0,0
260,FISSION 3 0 CORP,COM,338124209,2,15939,SH,,SOLE,,15939,0,0
261,FLUOR CORP NEW,COM,343412102,662,11391,SH,,SOLE,,11391,0,0
262,FORD MTR CO DEL,COM,345370860,839,90663,SH,,SOLE,,90663,0,0
263,FORMFACTOR INC,COM,346375108,3343,243133,SH,,DFND,,0,0,243133
264,FREEPORT-MCMORAN INC,COM,35671D857,449011,32256568,SH,,DFND,,29256760,0,2999807
265,FRESHPET INC COM,COM,358039105,588,16019,SH,,SOLE,,16019,0,0
266,FI ENHANCED LRG CAP GROWTH GS,COM,362273302,356548,2743098,SH,,DFND,,2642394,0,100704
267,PJSC GAZPROM ADR,COM,368287207,8853,1782811,SH,,DFND,,0,0,1782811
268,GENERAL DYNAMICS CORP,COM,369550108,2768,13521,SH,,SOLE,,13521,0,0
269,GENERAL ELECTRIC CO,COM,369604103,190159,16843093,SH,,DFND,,15521581,0,1321512
270,GENERAL MLS INC,COM,370334104,3118,72636,SH,,DFND,,6381,0,66255
271,GENOIL INC,COM,371924101,19,448496,SH,,SOLE,,448496,0,0
272,GENUINE PARTS CO,COM,372460105,456,4582,SH,,SOLE,,4582,0,0
273,GENWORTH FINL INC,COM,37247D106,72,17270,SH,,SOLE,,17270,0,0
274,GEOVAX LABS INC,COM,373678200,3,107500,SH,,SOLE,,107500,0,0
275,GERDAU S A ADR,COM,373737105,20238,4807069,SH,,SOLE,,4807069,0,0
276,GILEAD SCIENCES INC,COM,375558103,43203,559555,SH,,DFND,,97699,0,461856
277,GLACIER BANCORP INC NEW,COM,37637Q105,31365,727893,SH,,DFND,,387946,0,339947
278,GLAXOSMITHKLINE PLC ADR,COM,37733W105,562835,14011328,SH,,DFND,,12364508,0,1646820
279,GLENCORE PLC ADR ADR,COM,37827X100,1878,217134,SH,,DFND,,202704,0,14430
280,GLOBAL X FDS RBTCS ARTFL INTE,COM,37954Y715,941,41109,SH,,SOLE,,41109,0,0
281,GOLDMAN SACHS GROUP INC,COM,38141G104,64250,286521,SH,,DFND,,81287,0,205234
282,GREAT WESTN BANCORP INC,COM,391416104,3104,73573,SH,,DFND,,333,0,73240
283,GREENHILL& CO INC,COM,395259104,17057,647308,SH,,DFND,,588662,0,58646
284,GRUPO FINANCIERO GALICIA S ADR,COM,399909100,386,15175,SH,,SOLE,,15175,0,0
285,GRUPO TELEVISA SA ADR,COM,40049J206,174767,9851563,SH,,DFND,,4397619,0,5453944
286,GRUPO FINANCIERO BANORTE S ADR,COM,40052P107,362,10001,SH,,SOLE,,10001,0,0
287,GULF UNITED ENERGY INC,COM,402580104,0,36000,SH,,SOLE,,36000,0,0
288,HDFC BANK LTD ADR,COM,40415F101,413392,4393118,SH,,DFND,,1906516,0,2486602
289,H ENTERTAINMENT INC,COM,40417A100,0,11500,SH,,SOLE,,11500,0,0
290,HSBC HLDGS PLC ADR,COM,404280406,691813,15726602,SH,,DFND,,14513516,0,1213085
291,HP INC COM,COM,40434L105,570,22127,SH,,SOLE,,22127,0,0
292,HAEMONETICS CORP,COM,405024100,14740,128646,SH,,DFND,,43676,0,84970
293,HAIN CELESTIAL GROUP INC,COM,405217100,3565,131442,SH,,DFND,,39916,0,91526
294,HALLIBURTON CO,COM,406216101,21397,527940,SH,,DFND,,62199,0,465741
295,HALOZYME THERAPEUTICS INC,COM,40637H109,8128,447338,SH,,DFND,,153235,0,294103
296,HANCOCK WHITNEY CORPORATION CO,COM,410120109,9394,197558,SH,,DFND,,194025,0,3533
297,HANMI FINL CORP,COM,410495204,432,17342,SH,,DFND,,0,0,17342
298,HARD TO TREAT DISEASES INC,COM,41164A103,0,159990,SH,,SOLE,,159990,0,0
299,HARTFORD FINL SVCS GROUP INC,COM,416515104,547,10956,SH,,SOLE,,10956,0,0
300,HEICO CORP NEW,COM,422806109,147239,1589879,SH,,DFND,,505700,0,1084179
301,HEINEKEN N V SPONSORED ADR L1,COM,423012301,26948,574573,SH,,DFND,,571471,0,3102
302,HELMERICH& PAYNE INC,COM,423452101,58619,852392,SH,,DFND,,364699,0,487693
303,HEMP INC,COM,423703206,1,18102,SH,,SOLE,,18102,0,0
304,HENGAN INTL GROUP CO LTD UNSPO,COM,42551N104,238,5158,SH,,SOLE,,5158,0,0
305,HERON THERAPEUTICS INC,COM,427746102,2128,67243,SH,,DFND,,0,0,67243
306,HERSHA HOSPITALITY TR,COM,427825500,562,24779,SH,,DFND,,0,0,24779
307,HEWLETT PACKARD ENTERPRISE CO,COM,42824C109,309,18966,SH,,SOLE,,18966,0,0
308,HIGH PLAINS GAS INC,COM,42970V109,0,10000,SH,,SOLE,,10000,0,0
309,HILL ROM HLDGS INC,COM,431475102,123258,1305704,SH,,DFND,,686043,0,619661
310,HITACHI LTD ADR,COM,433578507,71610,1053603,SH,,DFND,,1043067,0,10535
311,HOLOGIC INC,COM,436440101,677,16522,SH,,SOLE,,16522,0,0
312,HOME DEPOT INC,COM,437076102,921011,4446106,SH,,DFND,,3782392,0,663714
313,HOMESTREET INC,COM,43785V102,920,34700,SH,,DFND,,0,0,34700
314,HON HAI PRECISION GDR GDR,COM,4380929AT,14266,2706990,SH,,DFND,,565304,0,2141686
315,HONEYWELL INTL INC,COM,438516106,19965,119983,SH,,DFND,,119365,0,618
316,HONG KONG EXCHANGES& CLEA ADR,COM,43858F109,308,10742,SH,,SOLE,,10742,0,0
317,HOPE BANCORP INC COM,COM,43940T109,471,29136,SH,,DFND,,0,0,29136
318,HUB GROUP INC,COM,443320106,64775,1420501,SH,,DFND,,643860,0,776641
319,HUAZHU GROUP LTDSPONSORED ADS,COM,44332N106,6996,216601,SH,,SOLE,,216601,0,0
320,HYPERA SA ADR,COM,44914U106,9575,1342186,SH,,SOLE,,1342186,0,0
321,HYSTER YALE MATLS HANDLING INC,COM,449172105,2938,47746,SH,,DFND,,13446,0,34300
322,ICU MED INC,COM,44930G107,17248,61000,SH,,DFND,,0,0,61000
323,IPG PHOTONICS CORP,COM,44980X109,11701,74971,SH,,DFND,,21622,0,53349
324,ICICI BK LTD ADR,COM,45104G104,22120,2605384,SH,,DFND,,217247,0,2388137
325,IDACORP INC,COM,451107106,35253,355261,SH,,DFND,,185596,0,169665
326,ILLINOIS TOOL WKS INC,COM,452308109,587,4156,SH,,SOLE,,4156,0,0
327,IMMUNOGEN INC,COM,45253H101,1297,136949,SH,,DFND,,13949,0,123000
328,IMPERVA INC,COM,45321L100,6224,134000,SH,,DFND,,16140,0,117860
329,INCYTE CORP,COM,45337C102,427,6183,SH,,DFND,,6083,0,100
330,INDEPENDENT BANK CORP MASS,COM,453836108,5413,65537,SH,,DFND,,25532,0,40005
331,INFINERA CORPORATION,COM,45667G103,43192,5916772,SH,,DFND,,3214368,0,2702404
332,INFOSYS LTD ADR,COM,456788108,419336,41232613,SH,,DFND,,18387511,0,22845102
333,ING GROEP N V ADR,COM,456837103,569979,43945914,SH,,DFND,,40699892,0,3246022
334,INGREDION INC,COM,457187102,71214,678489,SH,,DFND,,329466,0,349023
335,INSTALLED BLDG PRODS INC,COM,45780R101,1847,47349,SH,,DFND,,0,0,47349
336,INTEGRA LIFESCIENCES HLDGS CP,COM,457985208,61947,940440,SH,,DFND,,907921,0,32519
337,INTEL CORP,COM,458140100,1142328,24155799,SH,,DFND,,21920984,0,2234814
338,INTEGER HLDGS CORP,COM,45826H109,98947,1192856,SH,,DFND,,700375,0,492481
339,INTERCEPT PHARMACEUTICALS INC,COM,45845P108,4862,38475,SH,,DFND,,2944,0,35531
340,INTERNATIONAL BUSINESS MACHS,COM,459200101,3649,24130,SH,,DFND,,21697,0,2433
341,INTERNATIONAL PWR GROUP LTD,COM,46018A100,0,39000,SH,,SOLE,,39000,0,0
342,INTERPUBLIC GROUP COS INC,COM,460690100,236,10298,SH,,SOLE,,10298,0,0
343,INVESCO QQQ TRUST SERIES 1,COM,46090E103,93159,501419,SH,,DFND,,487991,0,13428
344,INTESA SANPAOLO S P A ADR,COM,46115H107,355363,23167737,SH,,DFND,,20256267,0,2911469
345,INTUIT,COM,461202103,272,1197,SH,,SOLE,,1197,0,0
346,INTUITIVE SURGICAL INC,COM,46120E602,701,1221,SH,,DFND,,845,0,376
347,INVESCO S&P 500 TOP 50 ETF,COM,46137V233,33495,160138,SH,,DFND,,156871,0,3267
348,IQVIA HLDGS INC,COM,46266C105,10353,79797,SH,,DFND,,75125,0,4672
349,IRONWOOD PHARMACEUTICALS INC,COM,46333X108,3714,201169,SH,,DFND,,16712,0,184457
350,ISHARES EM ASIA ETF,COM,464286426,236,3486,SH,,SOLE,,3486,0,0
351,ISHARES INC MSCI EURZONE ETF,COM,464286608,35775,872462,SH,,DFND,,860514,0,11947
352,ISHARES INC MSCI SWITZERLAND,COM,464286749,1359,39178,SH,,DFND,,38382,0,796
353,ISHARES INC MSCI SPAIN ETF,COM,464286764,3856,130223,SH,,DFND,,128788,0,1435
354,ISHARES INC MSCI GERMANY ETF,COM,464286806,457,15381,SH,,DFND,,15005,0,376
355,ISHARES TR S&P 100 ETF,COM,464287101,286,2210,SH,,SOLE,,2210,0,0
356,ISHARES TR TIPS BD ETF,COM,464287176,825,7461,SH,,SOLE,,7461,0,0
357,ISHARES S&P 500 ETF,COM,464287200,575,1963,SH,,SOLE,,1963,0,0
358,ISHARES CORE US AGGREGATE BOND,COM,464287226,9523,90252,SH,,DFND,,88629,0,1622
359,ISHARES TR IBOXX INV CP ETF,COM,464287242,2508270,21824328,SH,,DFND,,21606075,0,218253
360,ISHARES TR GLOBAL COMM SERVICE,COM,464287275,2563,44289,SH,,DFND,,44057,0,232
361,ISHARES TR GLOBAL TECH ETF,COM,464287291,61909,353523,SH,,DFND,,347038,0,6484
362,ISHARES TR S&P 500 GRWT ETF,COM,464287309,256,1445,SH,,SOLE,,1445,0,0
363,ISHARES TR GLOB HLTHCRE ETF,COM,464287325,9169,145589,SH,,DFND,,143758,0,1831
364,ISHARES TR GLOBAL FINLS ETF,COM,464287333,1283,19490,SH,,SOLE,,19490,0,0
365,ISHARES TR GLOBAL ENERG ETF,COM,464287341,29065,770540,SH,,DFND,,759779,0,10760
366,ISHARES TR 7 10YR TR BD ETF,COM,464287440,335,3308,SH,,SOLE,,3308,0,0
367,ISHARES TR 1 3 YR TR BD ETF,COM,464287457,20474,246412,SH,,DFND,,244065,0,2347
368,ISHARES TR MSCI EAFE ETF,COM,464287465,675,9928,SH,,SOLE,,9928,0,0
369,ISHARES S&P MID-CAP ETF,COM,464287507,520,2584,SH,,DFND,,1866,0,718
370,ISHARES TR NASDAQ BIOTECH,COM,464287556,230,1887,SH,,SOLE,,1887,0,0
371,ISHARES TR RUS 1000 GRW ETF,COM,464287614,788,5054,SH,,SOLE,,5054,0,0
372,ISHARES TR RUS 2000 VAL ETF,COM,464287630,541,4067,SH,,SOLE,,4067,0,0
373,ISHARES TR RUSSELL 2000 ETF,COM,464287655,691,4099,SH,,SOLE,,4099,0,0
374,ISHARES S&P SMALL-CAP ETF,COM,464287804,556,6376,SH,,DFND,,5512,0,864
375,ISHARES TR EUROPE ETF,COM,464287861,4671,103648,SH,,DFND,,103515,0,133
376,ISHARES MSCI ACWI ETF,COM,464288257,6138,82655,SH,,DFND,,82568,0,87
377,ISHARES CALIFORNIA MUNI BOND E,COM,464288356,534,9201,SH,,SOLE,,9201,0,0
378,ISHARES NATIONAL MUNI BOND ETF,COM,464288414,142941,1324266,SH,,DFND,,1307046,0,17220
379,ISHARES TR IBOXX HI YD ETF,COM,464288513,257650,2980682,SH,,DFND,,2959358,0,21324
380,ISHARES TR MBS ETF,COM,464288588,512245,4957367,SH,,DFND,,4909926,0,47441
381,ISHARES SHORT-TERM CORPORATE B,COM,464288646,1623,31323,SH,,SOLE,,31323,0,0
382,ISHARES TR GLB CNSM STP ETF,COM,464288737,2804,55809,SH,,DFND,,55677,0,132
383,ISHARES MSCI EUROPE FN ETF,COM,464289180,82811,4083374,SH,,DFND,,4004489,0,78884
384,ISHARES TR MSCI DENMARK ETF,COM,46429B523,208,3224,SH,,SOLE,,3224,0,0
385,ISHARES TR CHINA ETF,COM,46429B671,454,7578,SH,,SOLE,,7578,0,0
386,ISHARES TR MIN VOL USA ETF,COM,46429B697,205,3592,SH,,SOLE,,3592,0,0
387,ISHARES TR CORE MSCI EAFE,COM,46432F842,1151,17967,SH,,SOLE,,17967,0,0
388,ISHARES INC CORE MSCI EMKT,COM,46434G103,434,8389,SH,,DFND,,7968,0,421
389,ISHARES INC MSCI TAIWAN ETF,COM,46434G772,70962,1882284,SH,,DFND,,1757865,0,124419
390,ISHARES INC MSCI JPN ETF NEW,COM,46434G822,52947,879081,SH,,DFND,,514143,0,364938
391,ISHARES GLOBAL METALS& MINING,COM,46434G848,13071,401067,SH,,DFND,,396526,0,4541
392,ISHARES TR 0-5YR HI YL CP,COM,46434V407,399,8472,SH,,DFND,,7984,0,488
393,ISHARES TR ESG USD CORPT,COM,46435G193,397,16357,SH,,SOLE,,16357,0,0
394,ITAU UNIBANCO HLDG SA SPON ADR,COM,465562106,291826,26577920,SH,,DFND,,10893400,0,15684520
395,J& J SNACK FOODS CORP,COM,466032109,6339,42012,SH,,DFND,,7948,0,34064
396,JPMORGAN CHASE& CO,COM,46625H100,588822,5218198,SH,,DFND,,4810035,0,408163
397,JD COM INC ADR,COM,47215P106,271650,10412048,SH,,DFND,,4523474,0,5888574
398,JOHNSON& JOHNSON,COM,478160104,1555667,11259081,SH,,DFND,,10255158,0,1003922
399,J2 GLOBAL INC,COM,48123V102,8579,103553,SH,,DFND,,35192,0,68361
400,JUNIPER NETWORKS INC,COM,48203R104,3672,122514,SH,,DFND,,106322,0,16192
401,KB FINANCIAL GROUP INC ADR,COM,48241A105,2902,60104,SH,,DFND,,27186,0,32918
402,KAISER ALUMINUM CORP,COM,483007704,22145,203052,SH,,DFND,,65024,0,138028
403,KANSAS CITY SOUTHERN,COM,485170302,33154,292671,SH,,DFND,,145790,0,146881
404,KB HOME,COM,48666K109,78988,3303540,SH,,DFND,,1809558,0,1493982
405,KEANE GROUP INC,COM,48669A108,33299,2691891,SH,,DFND,,1208614,0,1483277
406,KELLOGG CO,COM,487836108,3841,54855,SH,,DFND,,334,0,54521
407,KIMBERLY CLARK CORP,COM,494368103,3979,35015,SH,,DFND,,3259,0,31756
408,KINDER MORGAN INC DEL,COM,49456B101,184,10386,SH,,SOLE,,10386,0,0
409,KLEANGAS ENERGY TECHNOLOGIES I,COM,498456102,0,20400,SH,,SOLE,,20400,0,0
410,KNOWLES CORP,COM,49926D109,2794,168082,SH,,DFND,,56428,0,111654
411,KONARED CORP,COM,50048Y104,1,30000,SH,,SOLE,,30000,0,0
412,KORN FERRY INTL,COM,500643200,2475,50259,SH,,DFND,,0,0,50259
413,KRAFT HEINZ CO,COM,500754106,270,4904,SH,,SOLE,,4904,0,0
414,KROGER CO,COM,501044101,4337,148988,SH,,DFND,,126113,0,22875
415,KYOCERA CORP ADS ADR,COM,501556203,5259,87583,SH,,DFND,,58005,0,29578
416,LHC GROUP INC,COM,50187A107,2991,29040,SH,,DFND,,1198,0,27842
417,L OREAL CO ADR,COM,502117203,601528,12467287,SH,,DFND,,11290759,0,1176527
418,LVMH MOET HENNESSY LOU VUI ADR,COM,502441306,609797,8618033,SH,,DFND,,7589363,0,1028669
419,LABORATORY CORP AMER HLDGS,COM,50540R409,9317,53645,SH,,DFND,,50943,0,2702
420,LANCASTER COLONY CORP,COM,513847103,60278,403983,SH,,DFND,,238904,0,165079
421,LANDSTAR INC,COM,515097103,1,100000,SH,,SOLE,,100000,0,0
422,LANTHEUS HLDGS INC,COM,516544103,996,66648,SH,,DFND,,374,0,66274
423,LEGG MASON INC,COM,524901105,10383,332464,SH,,SOLE,,332464,0,0
424,LENNAR CORP CL A,COM,526057104,77606,1662154,SH,,DFND,,772337,0,889817
425,LENNAR CORP CL B,COM,526057302,1299,33736,SH,,DFND,,15908,0,17828
426,LIBERTY PPTY TR,COM,531172104,3033,71792,SH,,DFND,,68237,0,3555
427,LIGAND PHARMACEUTICALS INC,COM,53220K504,11698,42619,SH,,DFND,,11343,0,31276
428,LIFE STORAGE INC,COM,53223X107,47587,500078,SH,,DFND,,232101,0,267977
429,LILLY ELI& CO,COM,532457108,399909,3726670,SH,,DFND,,3574891,0,151778
430,LINCOLN ELEC HLDGS INC,COM,533900106,98861,1058011,SH,,DFND,,518914,0,539097
431,LITTELFUSE INC,COM,537008104,106016,535731,SH,,DFND,,195390,0,340341
432,LIVE NATION ENTERTAINMENT INC,COM,538034109,20419,374859,SH,,DFND,,359483,0,15376
433,LLOYDS BANKING GROUP PLC ADR,COM,539439109,270573,89004435,SH,,DFND,,87682192,0,1322242
434,LOCALIZA RENT A CAR S A ADR,COM,53956W300,2475,432294,SH,,SOLE,,432294,0,0
435,LOCKHEED MARTIN CORP,COM,539830109,1390,4016,SH,,DFND,,3981,0,35
436,LOGMEIN INC,COM,54142L109,6999,78553,SH,,DFND,,29027,0,49526
437,LOJAS RENNER SA SPONSORED ADR,COM,54146M202,11830,1525900,SH,,SOLE,,1525900,0,0
438,LOWES COS INC,COM,548661107,4155,36186,SH,,DFND,,35349,0,837
439,LUMENTUM HLDGS INC,COM,55024U109,7228,120562,SH,,DFND,,54311,0,66251
440,LUMINEX CORP DEL COM,COM,55027E102,2029,66953,SH,,DFND,,0,0,66953
441,LUXOTTICA GROUP S P A ADR,COM,55068R202,50980,750029,SH,,DFND,,79092,0,670937
442,LYON WILLIAM HOMES,COM,552074700,2402,151143,SH,,DFND,,59038,0,92105
443,M& T BK CORP,COM,55261F104,241,1465,SH,,SOLE,,1465,0,0
444,M D C HLDGS INC,COM,552676108,4235,143158,SH,,DFND,,48838,0,94320
445,M/I HOMES INC,COM,55305B101,1820,76055,SH,,DFND,,0,0,76055
446,MKS INSTRUMENT INC,COM,55306N104,43929,548079,SH,,DFND,,227437,0,320642
447,MYR GROUP INC DEL,COM,55405W104,2093,64111,SH,,DFND,,0,0,64111
448,MACK CALI RLTY CORP,COM,554489104,6961,327405,SH,,DFND,,322530,0,4875
449,MAGELLAN HEALTH INC,COM,559079207,47887,664633,SH,,DFND,,304556,0,360077
450,MAGELLAN MIDSTREAM PRTNRS LP,COM,559080106,226,3343,SH,,SOLE,,3343,0,0
451,MANHATTAN SCIENTIFICS INC,COM,563122100,1,40000,SH,,SOLE,,40000,0,0
452,MARATHON PETE CORP,COM,56585A102,821,10270,SH,,SOLE,,10270,0,0
453,MARRIOTT INTL INC NEW,COM,571903202,9473,71752,SH,,DFND,,68892,0,2860
454,MASTERCARD INCORPORATED,COM,57636Q104,71710,322133,SH,,DFND,,118030,0,204103
455,MATADOR RES CO,COM,576485205,11040,334050,SH,,DFND,,276113,0,57937
456,MCDONALDS CORP,COM,580135101,1519,9080,SH,,SOLE,,9080,0,0
457,MEDINAH MINERALS INC,COM,58489M109,0,15993,SH,,SOLE,,15993,0,0
458,MEDSOURCE-DIRECT INC,COM,58499396T,0,2050000,SH,,SOLE,,2050000,0,0
459,MEDPACE HLDGS INC COM,COM,58506Q109,4549,75938,SH,,DFND,,0,0,75938
460,MERCADOLIBRE INC,COM,58733R102,798,2345,SH,,SOLE,,2345,0,0
461,MERCK& CO INC,COM,58933Y105,570793,8046143,SH,,DFND,,6991995,0,1054147
462,MERIT MED SYS INC,COM,589889104,7412,120624,SH,,DFND,,34550,0,86074
463,MERITAGE HOMES CORP,COM,59001A102,64752,1622863,SH,,DFND,,764322,0,858541
464,MICROSOFT CORP,COM,594918104,2146645,18769302,SH,,DFND,,17018322,0,1750980
465,MICROSTRATEGY INC,COM,594972408,5906,42000,SH,,DFND,,0,0,42000
466,MID AMER APT CMNTYS INC,COM,59522J103,46442,463582,SH,,DFND,,240713,0,222869
467,MIGRATEC INC,COM,598622108,0,33000,SH,,SOLE,,33000,0,0
468,ESCROW MIRANT CORP COM NEW,COM,60467599T,0,114746,SH,,SOLE,,114746,0,0
469,MITSUBISHI ELEC CORP ADR,COM,606776201,123544,4507788,SH,,DFND,,4458045,0,49743
470,MITSUBISHI UFJ FINL GROUP ADR,COM,606822104,6429,1038583,SH,,DFND,,574063,0,464520
471,MITSUI& CO LTD ADR,COM,606827202,2572,7229,SH,,DFND,,6821,0,408
472,MIZUHO FINL GROUP INC ADR,COM,60687Y109,52,14741,SH,,SOLE,,14741,0,0
473,MOBILE MINI INC,COM,60740F105,26158,596537,SH,,DFND,,191408,0,405129
474,MOHAWK INDS INC,COM,608190104,236,1347,SH,,SOLE,,1347,0,0
475,MOMENTA PHARMACEUTICALS INC,COM,60877T100,1723,65525,SH,,DFND,,0,0,65525
476,MONDELEZ INTL INC,COM,609207105,468,10896,SH,,SOLE,,10896,0,0
477,MORGAN STANLEY,COM,617446448,89742,1927031,SH,,DFND,,1688450,0,238581
478,MORNINGSTAR INC,COM,617700109,3651,29003,SH,,SOLE,,29003,0,0
479,MPHASE TECHNOLOGIES INC,COM,62472C102,0,166667,SH,,SOLE,,166667,0,0
480,MUELLER INDS INC,COM,624756102,33224,1146447,SH,,DFND,,559708,0,586739
481,MULTI COLOR CORP,COM,625383104,1719,27609,SH,,DFND,,250,0,27359
482,MURATA MFG CO LTD ADR,COM,626425102,97546,2537584,SH,,DFND,,2506438,0,31146
483,MYRIAD GENETICS INC,COM,62855J104,5900,128271,SH,,DFND,,43504,0,84767
484,NANOMETRICS INC,COM,630077105,23661,630622,SH,,DFND,,320120,0,310502
485,NASPERS LTD SPONSORED ADR ADR,COM,631512209,1273,29520,SH,,SOLE,,29520,0,0
486,NATIONAL AUSTRALIA BK LTD ADR,COM,632525408,772,76729,SH,,DFND,,66904,0,9825
487,NATIONAL BEVERAGE CORP,COM,635017106,1043,8945,SH,,SOLE,,8945,0,0
488,NATIONAL COMM CORP,COM,63546L102,266,6439,SH,,SOLE,,6439,0,0
489,NATIONAL RETAIL PPTYS INC,COM,637417106,21051,469685,SH,,DFND,,143427,0,326258
490,NATIONAL STORAGE AFFILIATES TR,COM,637870106,375,14730,SH,,SOLE,,14730,0,0
491,NATUS MEDICAL INC DEL,COM,639050103,20463,573991,SH,,DFND,,555287,0,18704
492,NEOPHOTONICS CORP,COM,64051T100,1980,238522,SH,,DFND,,0,0,238522
493,NESTLE S A ADR,COM,641069406,273546,3265702,SH,,DFND,,3229992,0,35710
494,NETFLIX INC COM,COM,64110L106,1132,3025,SH,,SOLE,,3025,0,0
495,NETEASE INC SPONSORED ADR ADR,COM,64110W102,196324,860126,SH,,DFND,,361767,0,498359
496,NETSCOUT SYS INC,COM,64115T104,72113,2855959,SH,,DFND,,1536137,0,1319822
497,NEUROCRINE BIOSCIENCES INC,COM,64125C109,3461,28147,SH,,DFND,,3939,0,24208
498,NEW COLOMBIA RES INC,COM,64359T109,0,20000,SH,,SOLE,,20000,0,0
499,NEWFIELD EXPL CO,COM,651290108,9243,320599,SH,,DFND,,309436,0,11163
500,NEXTERA ENERGY INC,COM,65339F101,238,1419,SH,,DFND,,1298,0,121
501,NEXTSOURCE MATLS INC CDA,COM,65343M100,1,14200,SH,,SOLE,,14200,0,0
502,NICE LTD ADR,COM,653656108,9597,83837,SH,,SOLE,,83837,0,0
503,NIKE INC,COM,654106103,4479,52872,SH,,DFND,,6168,0,46704
504,NOKIA CORP ADR,COM,654902204,172,30863,SH,,SOLE,,30863,0,0
505,NOMURA HLDGS INC SPONSORED ADR,COM,65535H208,34136,7141499,SH,,DFND,,630424,0,6511075
506,NORFOLK SOUTHERN CORP,COM,655844108,940,5210,SH,,SOLE,,5210,0,0
507,NORTHERN OIL& GAS INC NEV,COM,665531109,1990,497419,SH,,DFND,,0,0,497419
508,NORTHERN TR CORP,COM,665859104,4657,45597,SH,,DFND,,38530,0,7067
509,NORTHROP GRUMMAN CORP,COM,666807102,340,1071,SH,,SOLE,,1071,0,0
510,NORTHWEST NAT GAS CO,COM,667655104,14547,217442,SH,,DFND,,128400,0,89042
511,NOVARTIS A G SPONSORED ADR ADR,COM,66987V109,639745,7425077,SH,,DFND,,7264231,0,160846
512,NOVAVAX INC,COM,670002104,271,143965,SH,,SOLE,,143965,0,0
513,NOVO-NORDISK A S ADR,COM,670100205,650410,13797404,SH,,DFND,,12642320,0,1155083
514,NUANCE COMMUNICATIONS INC,COM,67020Y100,18076,1043656,SH,,DFND,,1001470,0,42186
515,NUCOR CORP,COM,670346105,8937,140846,SH,,DFND,,66413,0,74433
516,NUTRA PHARMA CORP,COM,67060U208,0,100063,SH,,SOLE,,100063,0,0
517,NVIDIA CORP COM,COM,67066G104,38332,136404,SH,,DFND,,16668,0,119736
518,NUVASIVE INC,COM,670704105,89242,1257279,SH,,DFND,,677099,0,580180
519,OCCIDENTAL PETE CORP DEL,COM,674599105,55594,676576,SH,,DFND,,74956,0,601620
520,OCEANEERING INTL INC,COM,675232102,84074,3046161,SH,,DFND,,1564246,0,1481915
521,OIL STS INTL INC,COM,678026105,1511,45501,SH,,DFND,,0,0,45501
522,OLD DOMINION FGHT LINES INC,COM,679580100,927,5747,SH,,SOLE,,5747,0,0
523,OLD REP INTL CORP,COM,680223104,4309,192529,SH,,SOLE,,192529,0,0
524,OMNICOM GROUP INC,COM,681919106,1951,28676,SH,,SOLE,,28676,0,0
525,OMNICELL INC,COM,68213N109,31356,436101,SH,,DFND,,16953,0,419148
526,OMRON CORP SPONSORED ADR ADR,COM,682151303,47974,1135227,SH,,DFND,,1125039,0,10188
527,ONEOK INC NEW,COM,682680103,228,3367,SH,,SOLE,,3367,0,0
528,ORACLE CORP,COM,68389X105,728160,14122584,SH,,DFND,,12554830,0,1567754
529,ORASURE TECHNOLOGIES INC,COM,68554V108,4704,304439,SH,,DFND,,0,0,304439
530,OWENS CORNING NEW,COM,690742101,17367,320017,SH,,DFND,,311484,0,8533
531,PJSC LUKOIL SPONSORED ADR ADR,COM,69343P105,16796,219046,SH,,DFND,,41137,0,177909
532,PGIM ETF TR ULTRA SHORT,COM,69344A107,201,4000,SH,,SOLE,,4000,0,0
533,PNC FINL SVCS GROUP INC,COM,693475105,2065,15166,SH,,SOLE,,15166,0,0
534,PRA HEALTH SCIENCES INC,COM,69354M108,2686,24375,SH,,DFND,,3089,0,21286
535,PTC THERAPEUTICS INC,COM,69366J200,6288,133796,SH,,DFND,,10133,0,123663
536,PT BK RAKYAT ADR,COM,69366X100,35488,3357590,SH,,DFND,,169590,0,3188000
537,PT UNILEVER INDONESIA TBK ADR,COM,69367Q104,416,6594,SH,,SOLE,,6594,0,0
538,PT BK MANDIRI PERSERO TBK ADR,COM,69367U105,1034,114544,SH,,SOLE,,114544,0,0
539,PT BK CENT ASIA TBK ADR,COM,69368G105,666,16429,SH,,SOLE,,16429,0,0
540,PACWEST BANCORP DEL,COM,695263103,40517,850295,SH,,DFND,,432201,0,418094
541,PAMPA ENERGIA SPONS ADR LV ADR,COM,697660207,226,7275,SH,,SOLE,,7275,0,0
542,PANASONIC CORP ADR ADR,COM,69832A205,47034,4036558,SH,,DFND,,3994264,0,42294
543,ESCROW PARAGON TRADE BRANDS,COM,69912K99T,0,27600,SH,,SOLE,,27600,0,0
544,PARK CITY GROUP INC,COM,700215304,133,13144,SH,,SOLE,,13144,0,0
545,PARSLEY ENERGY INC,COM,701877102,11593,396343,SH,,DFND,,381525,0,14818
546,PATTERSON COMPANIES INC,COM,703395103,2606,106596,SH,,SOLE,,106596,0,0
547,PATTEN ENERGY SOLUTIONS GROUP,COM,70343P103,0,30000,SH,,SOLE,,30000,0,0
548,PATTERSON UTI ENERGY INC,COM,703481101,10212,596862,SH,,DFND,,577524,0,19338
549,PAYCHEX INC,COM,704326107,376,5112,SH,,SOLE,,5112,0,0
550,PAYCOM SOFTWARE INC,COM,70432V102,24925,160384,SH,,DFND,,12647,0,147737
551,PAYPAL HLDGS INC,COM,70450Y103,52123,593385,SH,,DFND,,65939,0,527446
552,PEER TO PEER NETWORK,COM,705484103,0,20000,SH,,SOLE,,20000,0,0
553,PEGASYSTEMS INC,COM,705573103,91333,1458995,SH,,DFND,,945327,0,513668
554,PENGROWTH ENERGY CORP,COM,70706P104,9,10200,SH,,SOLE,,10200,0,0
555,PEPSICO INC COM,COM,713448108,744392,6658246,SH,,DFND,,6228113,0,430133
556,PERKINELMER INC,COM,714046109,46198,474949,SH,,DFND,,371498,0,103451
557,TELEKOMUNIKASI INDONESIA A ADR,COM,715684106,295,12041,SH,,SOLE,,12041,0,0
558,PETMED EXPRESS INC,COM,716382106,4056,122873,SH,,DFND,,42165,0,80708
559,PETROLEO BRASILEIRO SA PET ADR,COM,71654V101,1718,164202,SH,,DFND,,0,0,164202
560,PETROLEO BRASILEIRO SA PET ADR,COM,71654V408,489909,40588956,SH,,DFND,,14886743,0,25702213
561,PFIZER INC,COM,717081103,1783854,40477731,SH,,DFND,,37670188,0,2807542
562,PHARMACYTE BIOTECH INC,COM,71715X104,24,412853,SH,,SOLE,,412853,0,0
563,PHILIP MORRIS INTL INC,COM,718172109,10291,126202,SH,,DFND,,27787,0,98415
564,PHILLIPS 66,COM,718546104,518,4593,SH,,SOLE,,4593,0,0
565,PIMCO ETF TR 0-5 HIGH YIELD,COM,72201R783,631,6270,SH,,SOLE,,6270,0,0
566,PIMCO ETF TR INV GRD CRP BD,COM,72201R817,209,2075,SH,,SOLE,,2075,0,0
567,PIMCO ETF TR ENHAN SHRT MA AC,COM,72201R833,207,2041,SH,,SOLE,,2041,0,0
568,PING AN INS GROUP CO CHINA ADR,COM,72341E304,610,30017,SH,,SOLE,,30017,0,0
569,PIONEER NAT RES CO,COM,723787107,38362,220229,SH,,DFND,,22093,0,198136
570,PIPER JAFFRAY COS,COM,724078100,7991,104664,SH,,DFND,,46318,0,58346
571,PLATFORMS WIRELESS INTL CORP,COM,72765A101,0,10000,SH,,SOLE,,10000,0,0
572,PLEXUS CORP,COM,729132100,41486,709040,SH,,DFND,,239916,0,469124
573,POOL CORPORATION,COM,73278L105,99160,594197,SH,,DFND,,411524,0,182673
574,PORTOLA PHARMACEUTICALS INC,COM,737010108,2495,93692,SH,,DFND,,8809,0,84883
575,POST HLDGS INC,COM,737446104,16169,164918,SH,,DFND,,155437,0,9481
576,POTLATCHDELTIC CORPORATION COM,COM,737630103,4455,108795,SH,,DFND,,35273,0,73522
577,PRAXSYN CORP,COM,74006F105,3,375000,SH,,SOLE,,375000,0,0
578,PRESTIGE CONSUMER HEALTHCARE I,COM,74112D101,47311,1248643,SH,,DFND,,871020,0,377623
579,PRICE T ROWE GROUP INC,COM,74144T108,13654,125060,SH,,DFND,,117629,0,7431
580,PROCTER AND GAMBLE CO,COM,742718109,835256,10035519,SH,,DFND,,9240979,0,794539
581,PROGENICS PHARMACEUTICALS INC,COM,743187106,659,105125,SH,,DFND,,0,0,105125
582,PROGRESS SOFTWARE CORP,COM,743312100,37463,1061586,SH,,DFND,,588105,0,473481
583,PROGRESSIVE CORP OHIO,COM,743315103,6187,87087,SH,,DFND,,76536,0,10551
584,PROLOGIS INC COM,COM,74340W103,7882,116270,SH,,DFND,,107080,0,9190
585,PROPETRO HLDG CORP,COM,74347M108,31132,1887915,SH,,DFND,,1232135,0,655780
586,PROSPERITY BANCSHARES INC,COM,743606105,25884,373231,SH,,DFND,,112532,0,260699
587,PRUDENTIAL FINL INC,COM,744320102,229,2263,SH,,SOLE,,2263,0,0
588,PUBLIC SVC ENTERPRISE GROUP,COM,744573106,238,4513,SH,,SOLE,,4513,0,0
589,PUMA BIOTECHNOLOGY INC,COM,74587V107,724,15786,SH,,DFND,,986,0,14800
590,QTS RLTY TR INC,COM,74736A103,1321,30957,SH,,DFND,,21282,0,9675
591,QORVO INC COM,COM,74736K101,71036,923865,SH,,DFND,,398551,0,525314
592,QUALCOMM INC,COM,747525103,56733,787627,SH,,DFND,,113971,0,673656
593,QUALICORP S A SPON ADR ADR,COM,74752K100,302,74300,SH,,SOLE,,74300,0,0
594,QUANEX BUILDING PRODUCTS CORP,COM,747619104,1529,84017,SH,,DFND,,0,0,84017
595,RLJ LODGING TR,COM,74965L101,60962,2767222,SH,,DFND,,1422292,0,1344930
596,RPC INC,COM,749660106,10095,652137,SH,,DFND,,632878,0,19259
597,RAKUTEN INC-ADR ADR,COM,75102W108,1727,225276,SH,,DFND,,216201,0,9075
598,RANGE RES CORP,COM,75281A109,47655,2804874,SH,,DFND,,655149,0,2149725
599,RAYMOND JAMES FINANCIAL INC,COM,754730109,116367,1264169,SH,,DFND,,517846,0,746323
600,RAYTHEON CO,COM,755111507,334,1618,SH,,SOLE,,1618,0,0
601,RECKITT BENCKISER GRP PLC ADR,COM,756255204,132562,7244429,SH,,DFND,,7133618,0,110811
602,REGAL BELOIT CORP,COM,758750103,56389,683915,SH,,DFND,,401931,0,281984
603,REGENERON PHARMACEUTICALS,COM,75886F107,516,1278,SH,,DFND,,914,0,364
604,RENASANT CORP,COM,75970E107,604,14658,SH,,DFND,,0,0,14658
605,REPUBLIC SVCS INC,COM,760759100,6011,82723,SH,,DFND,,79149,0,3574
606,RESOURCES CONNECTION INC,COM,76122Q105,2080,125295,SH,,DFND,,0,0,125295
607,RETROPHIN INC,COM,761299106,1434,49930,SH,,DFND,,0,0,49930
608,REXFORD INDL RLTY INC,COM,76169C100,3447,107851,SH,,DFND,,23700,0,84151
609,RING ENERGY INC COM,COM,76680V108,1348,136000,SH,,DFND,,0,0,136000
610,RIO TINTO PLC ADR,COM,767204100,473237,9275526,SH,,DFND,,8401893,0,873633
611,ROCHE HLDG LTD ADR,COM,771195104,3108,102150,SH,,DFND,,98875,0,3275
612,ROCKWELL AUTOMATION INC,COM,773903109,15735,83912,SH,,DFND,,78079,0,5833
613,ROLLS ROYCE HOLDINGS PLC ADR,COM,775781206,3945,306373,SH,,DFND,,289148,0,17225
614,ROSS STORES INC,COM,778296103,10598,106944,SH,,DFND,,96457,0,10487
615,ROWE T PRICE BLUE CHIP GROWTH,COM,77954Q106,255,2228,SH,,SOLE,,2228,0,0
616,ROYAL DUTCH SHELL PLC ADR,COM,780259107,938,13230,SH,,SOLE,,13230,0,0
617,ROYAL DUTCH SHELL PLC ADR,COM,780259206,509549,7477967,SH,,DFND,,7399878,0,78088
618,SMC CORP JAPAN ADR,COM,78445W306,128144,8006226,SH,,DFND,,7935281,0,70945
619,SM INVTS CORP ADR,COM,78455R205,269,32179,SH,,SOLE,,32179,0,0
620,SPDR S&P 500 ETF TR TR UNIT,COM,78462F103,2449,8422,SH,,DFND,,8313,0,109
621,S OIL CORP ADR,COM,78462W106,305,4943,SH,,SOLE,,4943,0,0
622,SPDR GOLD TRUST GOLD SHS,COM,78463V107,432,3829,SH,,SOLE,,3829,0,0
623,SPDR INDEX SHS FDS STOXX EUR 5,COM,78463X103,941,28008,SH,,SOLE,,28008,0,0
624,SPDR INDEX SHS FDS EURO STOXX,COM,78463X202,549,14358,SH,,DFND,,11617,0,2740
625,SPDR PORTFOLIO INTERMEDIATE TE,COM,78464A375,1364,40967,SH,,DFND,,40462,0,505
626,SPDR BLOOMBERG BARCLAYS MTG BC,COM,78464A383,894,35460,SH,,SOLE,,35460,0,0
627,SPDR SERIES TRUST PRTFLO S &P50,COM,78464A409,223,5830,SH,,SOLE,,5830,0,0
628,SPDR BLOOMBERG BARCLAYS HGH YL,COM,78464A417,55409,1537000,SH,,DFND,,1515969,0,21031
629,SPDR PORTFOLIO SHORT TERM CORP,COM,78464A474,48505,1607174,SH,,DFND,,1594077,0,13097
630,SPDR SERIES TRUST S&P 400 MDCP,COM,78464A821,211,3763,SH,,SOLE,,3763,0,0
631,SS&C TECHNOLOGIES HLDGS INC,COM,78467J100,8912,156816,SH,,SOLE,,156816,0,0
632,SPDR BLOOMBERG BARCLAYS SHORT,COM,78468R408,362,13106,SH,,DFND,,12547,0,559
633,SPDR SER TR NUVN BLOOMBERG MU,COM,78468R721,225347,4746152,SH,,DFND,,4710030,0,36122
634,SRC ENERGY INC COM,COM,78470V108,16115,1812707,SH,,DFND,,660058,0,1152649
635,SVB FINL GROUP,COM,78486Q101,312633,1005802,SH,,DFND,,552307,0,453495
636,SABLE NAT RES INC,COM,78573J101,0,117581,SH,,SOLE,,117581,0,0
637,SAFRAN S A ADR,COM,786584102,6717,191650,SH,,DFND,,181325,0,10325
638,SALESFORCE COM INC,COM,79466L302,195292,1228018,SH,,DFND,,701060,0,526958
639,SAMSUNG ELECTRONIC GDR EACH RE,COM,796050AAT,93914,89698,SH,,DFND,,87424,0,2274
640,SAN GOLD CORP,COM,79780P104,0,37800,SH,,SOLE,,37800,0,0
641,SANCHEZ ENERGY CORP,COM,79970Y105,637,277034,SH,,DFND,,0,0,277034
642,SANDS CHINA LTD ADR,COM,80007R105,1543,34057,SH,,SOLE,,34057,0,0
643,SANOFI ADR,COM,80105N105,698044,15626683,SH,,DFND,,14545630,0,1081052
644,SAP SE ADR,COM,803054204,830953,6755713,SH,,DFND,,6652816,0,102897
645,SAREPTA THERAPEUTICS INC,COM,803607100,3951,24465,SH,,DFND,,253,0,24212
646,SBERBANK RUSSIA SPONSORED ADR,COM,80585Y308,4506,362888,SH,,DFND,,0,0,362888
647,SCHEIN HENRY INC,COM,806407102,8611,101265,SH,,DFND,,93577,0,7688
648,SCHLUMBERGER LTD,COM,806857108,400652,6576688,SH,,DFND,,6147176,0,429512
649,SCHNEIDER ELECTRIC SE ADR,COM,80687P106,160028,9940675,SH,,DFND,,9852281,0,88394
650,SCHWAB STRATEGIC TR SCHWAB FDT,COM,808524763,207,5085,SH,,DFND,,4707,0,378
651,SCHWAB STRATEGIC TR SCHWAB FDT,COM,808524771,278,7006,SH,,DFND,,6379,0,627
652,SCOTTS MIRACLE GRO CO,COM,810186106,115451,1466414,SH,,DFND,,783285,0,683129
653,SELECT SECTOR SPDR TR HEALTHCA,COM,81369Y209,45430,477457,SH,,DFND,,465663,0,11793
654,SELECT SECTOR SPDR TR CONSUMER,COM,81369Y308,15481,287051,SH,,DFND,,282489,0,4561
655,SELECT SECTOR SPDR TR CONS DIS,COM,81369Y407,412,3513,SH,,DFND,,3184,0,329
656,SELECT SECTOR SPDR TR ENERGY,COM,81369Y506,440,5809,SH,,SOLE,,5809,0,0
657,SELECT SECTOR SPDR TR FINL,COM,81369Y605,604,21893,SH,,SOLE,,21893,0,0
658,SELECT SECTOR SPDR TR TECHNOLO,COM,81369Y803,614,8147,SH,,DFND,,7777,0,370
659,SELECT MED HLDGS CORP,COM,81619Q105,78395,4260599,SH,,DFND,,1970298,0,2290301
660,SEMTECH CORP,COM,816850101,19867,357320,SH,,DFND,,48,0,357272
661,SENIOR HSG PPTYS TR,COM,81721M109,1903,108350,SH,,SOLE,,108350,0,0
662,SERVICENOW INC,COM,81762P102,210,1074,SH,,SOLE,,1074,0,0
663,SERVISFIRST BANCSHARES INC,COM,81768T108,3363,85907,SH,,DFND,,0,0,85907
664,SHINHAN FINANCIAL GROUP CO ADR,COM,824596100,1457,36300,SH,,DFND,,25136,0,11164
665,SHOPIFY INC,COM,82509L107,394,2394,SH,,SOLE,,2394,0,0
666,SIEMENS A G ADR,COM,826197501,713606,11136250,SH,,DFND,,11014746,0,121503
667,SILVER FALCON MNG INC,COM,82771R105,0,21900,SH,,SOLE,,21900,0,0
668,SINO BIOPHARMACEUTICAL LTD ADR,COM,82937X103,257,13800,SH,,SOLE,,13800,0,0
669,SMITH& NEPHEW PLC ADR,COM,83175M205,49441,1333002,SH,,DFND,,997431,0,335571
670,SOCIETE GENERALE FRANCE SP ADR,COM,83364L109,215775,25124921,SH,,DFND,,24885613,0,239308
671,SOFTBANK GROUP CORP ADR ADR,COM,83404D109,1128097,22342631,SH,,DFND,,21070462,0,1272169
672,SOUTHERN CO,COM,842587107,418,9582,SH,,DFND,,9168,0,414
673,SOUTHERN COPPER CORP COM,COM,84265V105,198258,4595692,SH,,DFND,,1929728,0,2665964
674,SOUTHSIDE BANCSHARES INC,COM,84470P109,1236,35527,SH,,DFND,,0,0,35527
675,SOUTHWEST AIRLS CO,COM,844741108,234,3753,SH,,SOLE,,3753,0,0
676,SOUTHWESTERN ENERGY CO,COM,845467109,26723,5229470,SH,,DFND,,4997314,0,232156
677,SPECTRUM PHARMACEUTICALS INC,COM,84763A108,3035,180663,SH,,DFND,,70760,0,109903
678,SPIRIT AEROSYSTEMS HLDGS INC,COM,848574109,6377,69568,SH,,DFND,,64843,0,4725
679,SPONGETECH DELIVERY SYS INC,COM,849109103,0,20000,SH,,SOLE,,20000,0,0
680,SPRING CREEK HEALTHCARE SYS IN,COM,84951L106,0,20000,SH,,SOLE,,20000,0,0
681,STAMPS COM INC,COM,852857200,4915,21728,SH,,DFND,,38,0,21690
682,STANDARD ENERGY CORP,COM,853373108,1,595920,SH,,SOLE,,595920,0,0
683,STARBUCKS CORP,COM,855244109,585,10291,SH,,SOLE,,10291,0,0
684,STEEL DYNAMICS INC,COM,858119100,7391,163558,SH,,DFND,,158933,0,4625
685,STEWART INFORMATION SVCS CORP,COM,860372101,3439,76410,SH,,DFND,,41500,0,34910
686,STIFEL FINL CORP,COM,860630102,100302,1956725,SH,,DFND,,1218552,0,738173
687,STONE MEDIA CORP,COM,861652105,0,17000,SH,,SOLE,,17000,0,0
688,STORAGE COMPUTER CORP,COM,86211A101,0,125400,SH,,SOLE,,125400,0,0
689,STRYKER CORP,COM,863667101,486,2733,SH,,SOLE,,2733,0,0
690,SUMITOMO MITSUI FINL GROUP ADR,COM,86562M209,477274,59436375,SH,,DFND,,58363631,0,1072743
691,SUMMIT HOTEL PPTYS INC,COM,866082100,806,59541,SH,,DFND,,0,0,59541
692,SUNOPTA INC,COM,8676EP108,77,10500,SH,,SOLE,,10500,0,0
693,SWATCH GROUP AG ADR,COM,870123106,867,43385,SH,,SOLE,,43385,0,0
694,SWINGPLANE VENTURES INC,COM,870787207,0,20663,SH,,SOLE,,20663,0,0
695,SYNAPTICS INC,COM,87157D109,42922,940855,SH,,DFND,,478783,0,462072
696,SYNOPSYS INC,COM,871607107,17817,180685,SH,,DFND,,172197,0,8488
697,SYSCO CORP,COM,871829107,233,3175,SH,,SOLE,,3175,0,0
698,TJX COS INC NEW,COM,872540109,350,3127,SH,,SOLE,,3127,0,0
699,TRI POINTE GROUPS INC COM,COM,87265H109,11633,938128,SH,,DFND,,112453,0,825675
700,TABLEAU SOFTWARE INC,COM,87336U105,14495,129722,SH,,DFND,,43074,0,86648
701,TAIWAN SEMICONDUCTOR MFG L ADR,COM,874039100,1551870,35141990,SH,,DFND,,19013983,0,16128006
702,TELECOM ARGENTINA S A ADR,COM,879273209,182,10453,SH,,SOLE,,10453,0,0
703,TELEDYNE TECHNOLOGIES INC,COM,879360105,89001,360796,SH,,DFND,,126922,0,233874
704,TELEFLEX INC,COM,879369106,11245,42261,SH,,DFND,,40187,0,2074
705,TENCENT HLDGS LTD ADR ADR,COM,88032Q109,780552,18897729,SH,,DFND,,16617275,0,2280454
706,TERADYNE INC,COM,880770102,13535,365996,SH,,DFND,,49996,0,316000
707,TEREX CORP NEW,COM,880779103,87646,2196079,SH,,DFND,,1245622,0,950457
708,TETRA TECH INC NEW,COM,88162G103,571,8365,SH,,SOLE,,8365,0,0
709,TEXAS CAPITAL BANCSHARES INC,COM,88224Q107,24410,295347,SH,,DFND,,270780,0,24567
710,TEXAS INSTRS INC,COM,882508104,46742,435657,SH,,DFND,,51240,0,384417
711,TEXAS PAC LD RTY TR,COM,882610108,554,642,SH,,SOLE,,642,0,0
712,THERATECHNOLOGIES INC,COM,88338H100,496,73583,SH,,SOLE,,73583,0,0
713,THERMO FISHER SCIENTIFIC INC,COM,883556102,438,1793,SH,,SOLE,,1793,0,0
714,3M CO,COM,88579Y101,28581,135639,SH,,DFND,,113439,0,22200
715,TOKYO ELECTRON LTD ADR ADR,COM,889110102,83770,2438189,SH,,DFND,,2406633,0,31556
716,TOLL BROTHERS INC,COM,889478103,15255,461859,SH,,DFND,,449316,0,12543
717,TORCHMARK CORP,COM,891027104,14247,164339,SH,,DFND,,157700,0,6639
718,TORO CO,COM,891092108,94550,1576628,SH,,DFND,,830569,0,746059
719,TORONTO DOMINION BK ONT,COM,891160509,1267,20842,SH,,SOLE,,20842,0,0
720,TOTAL S A ADR,COM,89151E109,1048640,16285755,SH,,DFND,,15537743,0,748012
721,TOTAL SYS SVCS INC,COM,891906109,27606,279584,SH,,DFND,,267943,0,11641
722,TOYOTA MOTOR CORP ADR,COM,892331307,228,1836,SH,,SOLE,,1836,0,0
723,TRANSCOASTAL CORP NEW,COM,89355M105,0,16333,SH,,SOLE,,16333,0,0
724,TRAVELERS COMPANIES INC,COM,89417E109,315,2425,SH,,SOLE,,2425,0,0
725,TREEHOUSE FOODS INC,COM,89469A104,32840,686314,SH,,DFND,,318778,0,367536
726,TRIANGLE PETE CORP,COM,89600B201,9,387651,SH,,SOLE,,387651,0,0
727,TRINITY INDS INC,COM,896522109,338,9236,SH,,SOLE,,9236,0,0
728,FI ENHANCED LRG CAP GROWTH UBS,COM,902677780,1676493,5613569,SH,,DFND,,5494272,0,119297
729,FI ENHANCED GLBL HIGH YLD UBS,COM,90274D218,1488701,8604711,SH,,DFND,,8234895,0,369816
730,FI ENHANCED EUROPE 50 ETN UBS,COM,90274D234,510292,3182589,SH,,DFND,,3127876,0,54713
731,UMB FINL CORP,COM,902788108,37553,529656,SH,,DFND,,278224,0,251432
732,US BANCORP DEL,COM,902973304,5612,106267,SH,,DFND,,105605,0,662
733,UMPQUA HLDGS CORP,COM,904214103,73415,3529573,SH,,DFND,,1775935,0,1753638
734,UNILEVER PLC ADR,COM,904767704,235,4283,SH,,SOLE,,4283,0,0
735,UNILEVER N V NYS,COM,904784709,234381,4219277,SH,,DFND,,3319415,0,899861
736,UNION GROUP INC,COM,906693106,0,59620,SH,,SOLE,,59620,0,0
737,UNION PAC CORP,COM,907818108,2014,12367,SH,,DFND,,10347,0,2020
738,UNITED NAT FOODS INC,COM,911163103,11712,391063,SH,,DFND,,8428,0,382635
739,UNITED PARCEL SERVICE INC,COM,911312106,5371,46000,SH,,DFND,,13482,0,32518
740,UNITED RENTALS INC,COM,911363109,5157,31522,SH,,DFND,,29897,0,1625
741,UNITED TECHNOLOGIES CORP,COM,913017109,586400,4194261,SH,,DFND,,3898027,0,296234
742,UNITEDHEALTH GROUP INC,COM,91324P102,1488,5594,SH,,DFND,,5483,0,111
743,UNIVERSAL FST PRODS INC,COM,913543104,20294,574409,SH,,DFND,,499977,0,74432
744,UNUM GROUP,COM,91529Y106,5624,143952,SH,,DFND,,135520,0,8432
745,USINAS SIDERURGICAS DE MIN ADR,COM,917302200,4030,1938834,SH,,SOLE,,1938834,0,0
746,V F CORP,COM,918204108,316,3383,SH,,SOLE,,3383,0,0
747,VALE S A ADR,COM,91912E105,506359,34121206,SH,,DFND,,13662375,0,20458831
748,VALERO ENERGY CORP NEW COM,COM,91913Y100,11095,97537,SH,,DFND,,89802,0,7735
749,VANECK VECTORS ETF TR OIL SVCS,COM,92189F718,544,21606,SH,,SOLE,,21606,0,0
750,VANGUARD GROUP DIV APP ETF,COM,921908844,522,4713,SH,,SOLE,,4713,0,0
751,VANGUARD FTSE DEVELOPED MKT,COM,921943858,58908,1361397,SH,,DFND,,1331915,0,29482
752,VANGUARD WHITEHALL FDS INC HIG,COM,921946406,244,2804,SH,,SOLE,,2804,0,0
753,VANGUARD INTL EQUITY INDEX FD,COM,922042742,1477,19475,SH,,DFND,,19029,0,446
754,VANGUARD FTSE EMERGING MKT ETF,COM,922042858,9323,227381,SH,,DFND,,224284,0,3096
755,VANGUARD FTSE EUROPE ETF,COM,922042874,63222,1124552,SH,,DFND,,1100988,0,23564
756,VANGUARD WORLD FDS HEALTH CAR,COM,92204A504,266,1475,SH,,SOLE,,1475,0,0
757,VANGUARD INDUSTRIALS ETF,COM,92204A603,97577,660555,SH,,DFND,,654855,0,5699
758,VANGUARD WORLD FDS INF TECH ET,COM,92204A702,304,1502,SH,,DFND,,1319,0,183
759,VANGUARD SCOTTSDALE FDS MORTG-,COM,92206C771,85251,1671587,SH,,DFND,,1659615,0,11971
760,VANGUARD FDS INT-TERM CORP,COM,92206C870,853694,10220202,SH,,DFND,,10126162,0,94039
761,VEECO INSTRS INC DEL,COM,922417100,14480,1412683,SH,,DFND,,785017,0,627666
762,VANGUARD INDEX FDS S&P 500 ETF,COM,922908363,80564,301681,SH,,DFND,,297387,0,4294
763,VANGUARD INDEX FDS MID CAP ETF,COM,922908629,472,2872,SH,,SOLE,,2872,0,0
764,VANGUARD INDEX FDS GROWTH ETF,COM,922908736,429,2666,SH,,DFND,,2432,0,234
765,VANGUARD INDEX FDS TOTAL STK M,COM,922908769,497,3324,SH,,SOLE,,3324,0,0
766,VERISIGN INC,COM,92343E102,413,2580,SH,,SOLE,,2580,0,0
767,VERIZON COMMUNICATIONS INC,COM,92343V104,28718,537887,SH,,DFND,,91442,0,446445
768,VERINT SYS INC,COM,92343X100,103936,2074565,SH,,DFND,,1157317,0,917248
769,VERTEX PHARMACEUTICALS INC,COM,92532F100,424,2198,SH,,DFND,,1245,0,953
770,VIAVI SOLUTIONS INC,COM,925550105,7786,686576,SH,,SOLE,,686576,0,0
771,VINCI S A ADR,COM,927320101,210133,8823045,SH,,DFND,,8728734,0,94311
772,VIPSHOP HLDGS LTD ADR,COM,92763W103,1346,215721,SH,,SOLE,,215721,0,0
773,VISA INC,COM,92826C839,2714751,18087489,SH,,DFND,,16895949,0,1191540
774,VISHAY INTERTECHNOLOGY INC,COM,928298108,97795,4805637,SH,,DFND,,2459490,0,2346147
775,VODAFONE GROUP PLC NEW ADR,COM,92857W308,460587,21225197,SH,,DFND,,20490842,0,734354
776,W& T OFFSHORE INC,COM,92922P106,1973,204657,SH,,DFND,,0,0,204657
777,WNS HOLDINGS LTD ADR,COM,92932M101,11021,217158,SH,,SOLE,,217158,0,0
778,W P CAREY INC,COM,92936U109,256,3974,SH,,SOLE,,3974,0,0
779,WADDELL& REED FINL INC,COM,930059100,38510,1818205,SH,,DFND,,915436,0,902769
780,WALMART INC,COM,931142103,932691,9931750,SH,,DFND,,8927863,0,1003886
781,WAL MART DE MEXICO S A B D ADR,COM,93114W107,1085,35726,SH,,SOLE,,35726,0,0
782,WALGREENS BOOTS ALLIANCE INC,COM,931427108,331,4544,SH,,SOLE,,4544,0,0
783,WASTE MGMT INC DEL,COM,94106L109,335,3706,SH,,SOLE,,3706,0,0
784,WEBSTER FINL CORP CONN,COM,947890109,39469,669423,SH,,DFND,,389028,0,280395
785,WEINGARTEN RLTY INVS,COM,948741103,3074,103299,SH,,DFND,,101399,0,1900
786,WELLS FARGO CO NEW,COM,949746101,10721,203982,SH,,DFND,,203507,0,475
787,WEST PHARMACEUTICAL SVSC INC,COM,955306105,113901,922501,SH,,DFND,,229662,0,692839
788,WESTPORT FUEL SYSTEMS INC,COM,960908309,49,16289,SH,,SOLE,,16289,0,0
789,WESTPAC BKG CORP ADR,COM,961214301,309,15456,SH,,DFND,,13894,0,1562
790,WEYERHAEUSER CO,COM,962166104,8012,248277,SH,,DFND,,233420,0,14857
791,WILDHORSE RESOURCE DEV CORP,COM,96812T102,4296,181721,SH,,DFND,,0,0,181721
792,WINTRUST FINL CORP,COM,97650W108,45255,532791,SH,,DFND,,328527,0,204264
793,WIPRO LTD ADR,COM,97651M109,20688,3970781,SH,,DFND,,3202406,0,768375
794,WISDOMTREE INVTS INC,COM,97717P104,9141,1077957,SH,,DFND,,150155,0,927802
795,WORTHINGTON INDS INC,COM,981811102,6436,148432,SH,,DFND,,56308,0,92124
796,WRIT MEDIA GROUP INC,COM,982549206,1,16000,SH,,SOLE,,16000,0,0
797,WYNN RESORTS LTD,COM,983134107,794,6250,SH,,SOLE,,6250,0,0
798,XCEL ENERGY INC,COM,98389B100,328,6956,SH,,SOLE,,6956,0,0
799,YPF SOCIEDAD ANONIMA ADR,COM,984245100,276,17869,SH,,SOLE,,17869,0,0
800,YY INC ADS REPCOM CLA ADR,COM,98426T106,2573,34338,SH,,SOLE,,34338,0,0
801,YASKAWA ELEC CORP ADR,COM,985087105,66831,1124594,SH,,DFND,,1113267,0,11327
802,YELLOWCAKE MINING INC,COM,985636109,3,10000,SH,,SOLE,,10000,0,0
803,YELP INC,COM,985817105,145199,2951200,SH,,DFND,,1334342,0,1616858
804,ZILLOW GROUP INC,COM,98954M200,2482,56100,SH,,SOLE,,56100,0,0
805,ZIMMER BIOMET HOLDINGS INC,COM,98956P102,12539,95378,SH,,DFND,,89431,0,5947
806,ZYNGA INC,COM,98986T108,75,18775,SH,,SOLE,,18775,0,0
807,XTRACKERS MSCI BANGLADESH SWAP,COM,9990783CT,27,26991,SH,,SOLE,,26991,0,0
808,XTRACKERS FTSE VIETNAM UCITS E,COM,9990D06DT,263,7965,SH,,SOLE,,7965,0,0
809,ESC MICHIGAN ST STRATEGIC,COM,999127B6T,0,10000,SH,,SOLE,,10000,0,0
810,ESCROW LEHMAN BROS HLDGS 04.00,COM,99919747T,0,10000,SH,,SOLE,,10000,0,0
811,NOVATEK OAO GDR EACH REPR GDR,COM,99921EC2T,7022,38162,SH,,DFND,,19547,0,18615
812,CHINA HIGH PRECISION AUTOMATIO,COM,99921F26T,0,3919000,SH,,SOLE,,3919000,0,0
813,SK HYNIX INC 144A GDR,COM,9992921AT,53551,813232,SH,,SOLE,,813232,0,0
814,ESCROW QUICKSILVER RESOURCES I,COM,9994AAD6T,0,50000,SH,,SOLE,,50000,0,0
815,ESCROW LEHMAN BROS 5.75,COM,99952ECCT,0,50000,SH,,SOLE,,50000,0,0
816,INVESCO HEALTH CARE S&P US SEL,COM,9995910DT,1642,3882,SH,,DFND,,0,0,3882
817,FIRST FINL HLDG CO REG S GDR,COM,99968989T,4135,302854,SH,,DFND,,45060,0,257794
818,FED BANK GDR,COM,99978505T,3235,3319011,SH,,SOLE,,3319011,0,0
819,ESCROW LINNCO LLC ESCROW CUSI,COM,9997D568T,0,52600,SH,,DFND,,52150,0,450
820,ESCROW LEHMAN BROS HLDGS INC,COM,99990D56T,0,16565,SH,,SOLE,,16565,0,0
821,ESCROW GENERAL MOTORS CORP,COM,9999BDB0T,0,15000,SH,,SOLE,,15000,0,0
822,TATA GLOBAL BEVERA GDS-REP 1 O,COM,999AA057T,25190,7816839,SH,,DFND,,3905791,0,3911048
823,ESCROW AMR CORP,COM,999B19B2T,0,64811,SH,,SOLE,,64811,0,0
824,RSTK MIDSOUTH CAPITAL,COM,999B1FFDT,0,25001,SH,,SOLE,,25001,0,0
825,INVESCO TECHNOLOGY S&P US SELE,COM,999B39FCT,2557,14037,SH,,DFND,,0,0,14037
826,ESCROW GLOBAL 1 INVT HLDGS,COM,999C465DT,0,610050,SH,,SOLE,,610050,0,0
827,ESCROW SMURFIT-STONE,COM,999C7950T,0,16800,SH,,SOLE,,16800,0,0
828,ESCROW CA STATEWIDE CMNTY DEV,COM,999CCEC0T,0,10000,SH,,SOLE,,10000,0,0
829,ESCROW WASHINGTON MUTUAL INC,COM,999D5458T,0,17411,SH,,SOLE,,17411,0,0
830,100000TH INVESCO VAN KAMPEN,COM,999DF84CT,0,79946,SH,,SOLE,,79946,0,0
831,ESCROW WONDER AUTO TECHNOLOGY,COM,999E5491T,0,10370,SH,,SOLE,,10370,0,0
832,VANGUARD FUNDS PLC FTSE EMERGI,COM,999F551FT,4279,76318,SH,,SOLE,,76318,0,0
833,ESCROW ILINC COMM INC,COM,999F9485T,0,15000,SH,,SOLE,,15000,0,0
834,100000TH MARRIOT INTL INC,COM,FHB90320T,0,38533,SH,,SOLE,,38533,0,0
835,ALKERMES PLC,COM,G01767105,2649,62421,SH,,DFND,,16629,0,45792
836,ALLERGAN PLC,COM,G0177J108,1167,6129,SH,,DFND,,730,0,5399
837,AMDOCS LTD,COM,G02602103,11804,178899,SH,,DFND,,169637,0,9262
838,ANGLO EASTERN PLANTATIONS PLC,COM,G03780106,149,20100,SH,,SOLE,,20100,0,0
839,ARCOS DORADOS HOLDINGS INC,COM,G0457F107,76,12231,SH,,SOLE,,12231,0,0
840,ACCENTURE PLC IRELAND,COM,G1151C101,804,4726,SH,,SOLE,,4726,0,0
841,CREDICORP LTD,COM,G2519Y108,276113,1237732,SH,,DFND,,523465,0,714267
842,GEELY AUTOMOTIVE HLDGS LTD,COM,G3777B103,103,52000,SH,,SOLE,,52000,0,0
843,GETGO INC,COM,G38529106,0,315000,SH,,SOLE,,315000,0,0
844,GENPACT LIMITED,COM,G3922B107,12073,394404,SH,,DFND,,373688,0,20716
845,HELEN OF TROY CORP LTD,COM,G4388N106,99391,759288,SH,,DFND,,371504,0,387784
846,JANUS HENDERSON GROUP PLC ORD,COM,G4474Y214,41297,1531796,SH,,DFND,,830580,0,701216
847,ICON PLC,COM,G4705A100,2984,19409,SH,,DFND,,3326,0,16083
848,INGERSOLL-RAND PLC,COM,G47791101,1239,12112,SH,,SOLE,,12112,0,0
849,LAZARD LTD SHS A,COM,G54050102,75374,1566056,SH,,DFND,,748724,0,817332
850,LIVANOVA PLC SHS,COM,G5509L101,30420,245378,SH,,DFND,,82378,0,163000
851,MARVELL TECHNOLOGY GROUP LTD,COM,G5876H105,35211,1824401,SH,,DFND,,1212593,0,611808
852,MEDTRONIC PLC,COM,G5960L103,23001,233816,SH,,DFND,,30700,0,203116
853,NOBLE CORP PLC,COM,G65431101,4850,689914,SH,,DFND,,133050,0,556864
854,ROWAN COMPANIES PLC,COM,G7665A101,14116,749675,SH,,DFND,,720601,0,29074
855,STERIS PLC SHS USD,COM,G84720104,160721,1404900,SH,,DFND,,692621,0,712279
856,TECHNIPFMC LTD COM,COM,G87110105,6960,222729,SH,,DFND,,210867,0,11862
857,VODAFONE GROUP PLC,COM,G93882192,26,12380,SH,,SOLE,,12380,0,0
858,PERRIGO CO PLC,COM,G97822103,5852,82652,SH,,DFND,,76223,0,6429
859,UBS GROUP AG,COM,H42097107,755890,48054057,SH,,DFND,,44586790,0,3467267
860,TRANSOCEAN LTD,COM,H8817H100,7378,528909,SH,,DFND,,339295,0,189614
861,GLOBANT S A COM,COM,L44385109,767,13008,SH,,SOLE,,13008,0,0
862,CHECK POINT SOFTWARE TECH LTD,COM,M22465104,3242,27551,SH,,SOLE,,27551,0,0
863,STRATASYS LTD,COM,M85548101,67097,2903354,SH,,DFND,,1370481,0,1532873
864,ASML HOLDING N V NYS,COM,N07059210,434729,2312143,SH,,DFND,,1761867,0,550276
865,CORE LABORATORIES N V,COM,N22717107,83561,721408,SH,,DFND,,318139,0,403269
866,QIAGEN NV SHS NEW,COM,N72482123,6955,183599,SH,,DFND,,169691,0,13908
867,WRIGHT MED GROUP N V,COM,N96617118,80033,2757861,SH,,DFND,,1234278,0,1523583
868,MAKEMYTRIP LTD,COM,V5633W109,1443,52573,SH,,SOLE,,52573,0,0
869,CHINA TRAVEL INTL INVTS HONG K,COM,Y1507D100,6,18000,SH,,SOLE,,18000,0,0
