,NAME OF ISSUER,TITLE OF CLASS,CUSIP,(x$1000),PRN AMT,PRN,CALL,DISCRETION,MANAGER,SOLE,SHARED,NONE
0,AAR CORP,COM,000361105,14871,719465,SH,,DFND,,203225,0,516240
1,ABB LTD ADR,COM,000375204,317972,14094504,SH,,DFND,,13733513,0,360990
2,APT MOTO VOX GROUP INC,COM,00191J107,0,550000,SH,,SOLE,,550000,0,0
3,AT&T INC,COM,00206R102,2208,73048,SH,,DFND,,71275,0,1773
4,ATI AIRTEST TECHNOLOGIES INC,COM,00208E208,3,199000,SH,,SOLE,,199000,0,0
5,ASE TECHNOLOGY HOLDING CO ADR,COM,00215W100,129258,28470945,SH,,DFND,,11747978,0,16722967
6,ABBOTT LABS,COM,002824100,631264,6904344,SH,,DFND,,6464363,0,439980
7,ABBVIE INC,COM,00287Y109,3085,31421,SH,,DFND,,29523,0,1898
8,ACADIA HEALTHCARE COMPANY INC,COM,00404A109,346,13758,SH,,DFND,,8103,0,5655
9,ACI WORLDWIDE INC,COM,004498101,7503,278000,SH,,DFND,,0,0,278000
10,ACTIVISION BLIZZARD INC,COM,00507V109,512,6750,SH,,SOLE,,6750,0,0
11,ADAMAS PHARMACEUTICALS INC,COM,00548A106,151,58963,SH,,DFND,,31630,0,27333
12,ADOBE INC,COM,00724F101,2326501,5344469,SH,,DFND,,4943924,0,400545
13,ADVANCED MICRO DEVICES INC,COM,007903107,447091,8498210,SH,,DFND,,8001757,0,496453
14,ADVANCED ENERGY INDS,COM,007973100,11470,169205,SH,,DFND,,115021,0,54184
15,AEROVIRONMENT INC,COM,008073108,18919,237589,SH,,DFND,,141835,0,95754
16,AFFILIATED MANAGERS GROUP INC,COM,008252108,467,6258,SH,,SOLE,,6258,0,0
17,AIRBUS GROUP ADR ADR,COM,009279100,27769,1556920,SH,,DFND,,76486,0,1480434
18,AIRPORTS OF THAILAND PUB C ADR,COM,00950R100,496,25291,SH,,SOLE,,25291,0,0
19,ALARM COM HLDGS INC,COM,011642105,13222,204016,SH,,DFND,,0,0,204016
20,ALCOA UPSTREAM CORP COM,COM,013872106,37857,3368031,SH,,DFND,,1503785,0,1864246
21,ALEXION PHARMACEUTICALS INC,COM,015351109,2553,22748,SH,,DFND,,2640,0,20108
22,ALIBABA GROUP HLDG LTD ADR,COM,01609W102,2922654,13549626,SH,,DFND,,9803182,0,3746444
23,ALIBABA HEALTH INFO UNSPON ADR,COM,01609Y108,631,10820,SH,,SOLE,,10820,0,0
24,ALIGN TECHNOLOGY INC,COM,016255101,103154,375870,SH,,DFND,,178600,0,197270
25,ALLEGHENY TECHNOLOGIES INC,COM,01741R102,27644,2712901,SH,,DFND,,1148415,0,1564486
26,ALLSCRIPTS HEALTHCARE SOLUTNS,COM,01988P108,43587,6438309,SH,,DFND,,3283718,0,3154591
27,ALLSTATE CORP,COM,020002101,258,2657,SH,,SOLE,,2657,0,0
28,ALPHABET INC CLASS C,COM,02079K107,274096,193897,SH,,DFND,,163267,0,30630
29,ALPHABET INC CLASS A,COM,02079K305,2172652,1532140,SH,,DFND,,1409768,0,122372
30,ALTO GROUP HOLDINGS INC,COM,021515101,0,43034,SH,,SOLE,,43034,0,0
31,ALTERYX INC,COM,02156B103,21734,132298,SH,,DFND,,96449,0,35849
32,ALTRIA GROUP INC,COM,02209S103,1763,44915,SH,,SOLE,,44915,0,0
33,AMADEUS IT GROUP S A ADR,COM,02263T104,958,18393,SH,,DFND,,16812,0,1581
34,AMAZON COM INC COM,COM,023135106,4552963,1650329,SH,,DFND,,1509784,0,140545
35,AMERICAN CAMPUS CMNTYS INC,COM,024835100,442,12647,SH,,SOLE,,12647,0,0
36,AMERICAN EXPRESS CO,COM,025816109,1390707,14608262,SH,,DFND,,13713923,0,894338
37,AMERICAN FIN TR INC,COM,02607T109,121,15255,SH,,DFND,,14063,0,1192
38,AMERICAN TOWER CORP NEW,COM,03027X100,455454,1761637,SH,,DFND,,1670981,0,90656
39,AMERISAFE INC,COM,03071H100,1544,25252,SH,,DFND,,0,0,25252
40,AMERISOURCEBERGEN CORP,COM,03073E105,1255,12450,SH,,DFND,,7553,0,4897
41,AMERIS BANCORP,COM,03076K108,1456,61737,SH,,DFND,,0,0,61737
42,AMGEN INC,COM,031162100,16119,68342,SH,,DFND,,22544,0,45798
43,AMPHENOL CORP NEW,COM,032095101,425,4435,SH,,SOLE,,4435,0,0
44,ANGIOSOMA INC,COM,03476L102,0,10000,SH,,SOLE,,10000,0,0
45,ANGLO AMERICAN PLC ADR ADR,COM,03485P300,6166,533904,SH,,DFND,,510277,0,23627
46,ANHEUSER BUSCH INBEV SA/NV ADR,COM,03524A108,381753,7743465,SH,,DFND,,6948453,0,795012
47,ANIKA THERAPEUTICS INC,COM,035255108,1364,36152,SH,,DFND,,12298,0,23854
48,ANNALY CAPITAL MANAGEMENT INC,COM,035710409,172,26216,SH,,SOLE,,26216,0,0
49,ANTA SPORTS PRODS LTD ADR,COM,03662P107,752,3409,SH,,SOLE,,3409,0,0
50,ANSYS INC,COM,03662Q105,1330,4559,SH,,SOLE,,4559,0,0
51,APACHE CORP,COM,037411105,521,38564,SH,,DFND,,36948,0,1616
52,APPLE INC,COM,037833100,5220974,14311880,SH,,DFND,,13245499,0,1066381
53,APPLIED MATLS INC,COM,038222105,116791,1932020,SH,,DFND,,1884516,0,47503
54,APTARGROUP INC,COM,038336103,1867,16671,SH,,SOLE,,16671,0,0
55,ARTISAN PARTNERS ASSET MGMT IN,COM,04316A108,47529,1462445,SH,,DFND,,709214,0,753231
56,ASPEN TECHNOLOGY INC,COM,045327103,103479,998734,SH,,DFND,,487193,0,511541
57,ASPIRE INTERNATIONAL INC,COM,04537N103,0,10000,SH,,SOLE,,10000,0,0
58,ASSOCIATED BANC CORP,COM,045487105,2640,193000,SH,,DFND,,0,0,193000
59,ASTRAZENECA PLC ADR,COM,046353108,895266,16926945,SH,,DFND,,15710161,0,1216783
60,ASTRONICS CORP,COM,046433108,312,29578,SH,,DFND,,0,0,29578
61,Atlantic Union Bankshares Corp,COM,04911A107,2548,110000,SH,,DFND,,0,0,110000
62,ATLAS AIR WORLDWIDE HLDGS,COM,049164205,20205,469556,SH,,DFND,,197183,0,272373
63,AURASOURCE INC,COM,05153V105,2,50000,SH,,SOLE,,50000,0,0
64,AUTODESK INC,COM,052769106,127830,534429,SH,,DFND,,335539,0,198890
65,AUTOMATIC DATA PROCESSING INC,COM,053015103,376,2527,SH,,SOLE,,2527,0,0
66,BASF SE ADR,COM,055262505,2137,152590,SH,,DFND,,151750,0,840
67,BHP GROUP PLC SPONSORED AD ADR,COM,05545E209,263986,6415204,SH,,DFND,,6347434,0,67770
68,BP PLC SPONSORED ADR ADR,COM,055622104,232618,9975049,SH,,DFND,,8870067,0,1104982
69,BNP PARIBAS ADR,COM,05565A202,422672,21279351,SH,,DFND,,20549249,0,730102
70,BAIDU INC SPON ADR ADR,COM,056752108,2076,17313,SH,,DFND,,17210,0,103
71,BANCO BRADESCO SA SP ADR ADR,COM,059460303,109074,28628346,SH,,DFND,,11058937,0,17569409
72,BANCO BILBAO VIZCAYA ARGEN ADR,COM,05946K101,137260,40370476,SH,,DFND,,39245312,0,1125163
73,BANCO DO BRASIL S A SPONSO ADR,COM,059578104,291,49484,SH,,SOLE,,49484,0,0
74,BANCO SANTANDER SA ADR,COM,05964H105,286045,118690726,SH,,DFND,,115684270,0,3006456
75,BANCORPSOUTH BK TUPELO MISS,COM,05971J102,20393,896786,SH,,DFND,,488132,0,408654
76,BANK OF AMERICA CORP,COM,06048WC40,12,12000,SH,,SOLE,,12000,0,0
77,BANK OF AMERICA CORP,COM,06048WFK1,13,13000,SH,,SOLE,,13000,0,0
78,BANK OF AMERICA CORP,COM,06048WZL7,10,10000,SH,,SOLE,,10000,0,0
79,BK OF AMERICA CORP,COM,060505104,4537,191034,SH,,DFND,,189851,0,1183
80,BANNER CORP,COM,06652V208,918,24150,SH,,DFND,,0,0,24150
81,BAOZUN INC SPONSORED ADR ADR,COM,06684L103,2251,58542,SH,,SOLE,,58542,0,0
82,FI ENHANCED GLBL HIGH YLD BCSB,COM,06746Q249,6173,76339,SH,,DFND,,75438,0,901
83,BARCLAYS BANK PLC AUTOCLL SR,COM,06747MY59,91,100000,SH,,SOLE,,100000,0,0
84,BARNES GROUP INC,COM,067806109,9059,229000,SH,,DFND,,0,0,229000
85,BEACON ROOFING SUPPLY INC,COM,073685109,29608,1122788,SH,,DFND,,628613,0,494175
86,BERKSHIRE HATHAWAY INC CL A,COM,084670108,802,3,SH,,SOLE,,3,0,0
87,BERKSHIRE HATHAWAY INC CL B,COM,084670702,12114,67860,SH,,DFND,,67280,0,580
88,BHP GROUP LTD SPONSORED AD ADR,COM,088606108,374990,7540512,SH,,DFND,,6929542,0,610970
89,BIO RAD LABS INC,COM,090572207,88389,195771,SH,,DFND,,83188,0,112583
90,BIOGEN INC,COM,09062X103,24857,92905,SH,,DFND,,18310,0,74595
91,BLACKROCK INC,COM,09247X101,64632,118789,SH,,DFND,,32431,0,86358
92,BOEING CO,COM,097023105,36174,197349,SH,,DFND,,78073,0,119276
93,BOOKING HLDGS INC COM,COM,09857L108,5425,3407,SH,,DFND,,4,0,3403
94,BOSTON BEER INC,COM,100557107,79523,148184,SH,,DFND,,103445,0,44739
95,BOSTON SCIENTIFIC CORP,COM,101137107,95198,2711424,SH,,DFND,,2672907,0,38517
96,BOTTOMLINE TECH DEL INC,COM,101388106,6740,132748,SH,,DFND,,47007,0,85741
97,BRISTOL-MYERS SQUIBB CO,COM,110122108,10130,172283,SH,,DFND,,54351,0,117932
98,BRITISH AMERN TOB PLC ADR,COM,110448107,470,12103,SH,,DFND,,11061,0,1042
99,BROADCOM INC COM,COM,11135F101,589,1865,SH,,DFND,,1846,0,19
100,BROOKFIELD ASSET MGMT INC,COM,112585104,328,9964,SH,,SOLE,,9964,0,0
101,BROOKS AUTOMATION INC NEW,COM,114340102,47525,1074247,SH,,DFND,,273071,0,801176
102,BRUKER CORP,COM,116794108,539,13255,SH,,SOLE,,13255,0,0
103,B2W COMP DIG SPON GDR REG GDR,COM,11777V208,15564,394188,SH,,SOLE,,394188,0,0
104,BUILDERS FIRSTSOURCE INC,COM,12008R107,3791,183141,SH,,DFND,,59554,0,123587
105,CF INDS HLDGS INC,COM,125269100,677,24058,SH,,DFND,,19773,0,4285
106,CSPC PHARMACEUTICAL GROUP ADR,COM,12591J207,898,121033,SH,,SOLE,,121033,0,0
107,CNOOC LIMITED ADR,COM,126132109,277,2456,SH,,SOLE,,2456,0,0
108,CSL LTD ADR,COM,12637N204,33216,336199,SH,,DFND,,42067,0,294132
109,CSX CORP,COM,126408103,307803,4413577,SH,,DFND,,4363515,0,50062
110,CVB FINL CORP,COM,126600105,1195,63751,SH,,DFND,,0,0,63751
111,CVS HEALTH CORPORATION COM,COM,126650100,2970,45713,SH,,DFND,,45391,0,322
112,CABOT MICROELECTRONICS CORP CO,COM,12709P103,4278,30660,SH,,DFND,,14,0,30646
113,CACTUS INC,COM,127203107,3281,159026,SH,,DFND,,67755,0,91271
114,CALIFORNIA GRAPES INTL INC,COM,130266109,0,50000,SH,,SOLE,,50000,0,0
115,CALLAWAY GOLF CO,COM,131193104,41038,2343691,SH,,DFND,,1073868,0,1269823
116,CAMDEN PPTY TR SH BEN INT,COM,133131102,525,5751,SH,,SOLE,,5751,0,0
117,CAPITAL ONE FINL CORP,COM,14040H105,69547,1111156,SH,,DFND,,1103466,0,7690
118,CARDINAL CAP NET,COM,14148095T,0,25000,SH,,SOLE,,25000,0,0
119,CARPENTER TECHNOLOGY CORP,COM,144285103,10197,419966,SH,,DFND,,144966,0,275000
120,CARRIER GLOBAL CORPORATION,COM,14448C104,94311,4244437,SH,,DFND,,4010903,0,233533
121,CASELLA WASTE SYS INC,COM,147448104,863,16551,SH,,DFND,,0,0,16551
122,CATERPILLAR INC DEL,COM,149123101,733625,5799409,SH,,DFND,,5534045,0,265363
123,CAVCO INDS INC DEL,COM,149568107,12967,67239,SH,,DFND,,44962,0,22277
124,CELEXX CORP,COM,15101T102,0,16000,SH,,SOLE,,16000,0,0
125,CENTRAL PAC FINL CORP,COM,154760409,880,54890,SH,,DFND,,0,0,54890
126,CENTURY ALUM CO,COM,156431108,8872,1244354,SH,,DFND,,483040,0,761314
127,CERACON INC,COM,15699658T,0,23268,SH,,SOLE,,23268,0,0
128,CHAMPIONX CORPORATION,COM,15872M104,1349,138171,SH,,DFND,,81279,0,56892
129,CHARLES RIV LABS INTL INC,COM,159864107,47354,271604,SH,,DFND,,146604,0,125000
130,CHART INDS INC,COM,16115Q308,51900,1070314,SH,,DFND,,461023,0,609291
131,CHARTER COMMUNICATIONS INC NEW,COM,16119P108,324,636,SH,,SOLE,,636,0,0
132,CHATHAM LODGING TR,COM,16208T102,114,18554,SH,,DFND,,0,0,18554
133,CHEMED CORP NEW,COM,16359R103,81976,181737,SH,,DFND,,93250,0,88487
134,CHEVRON CORP NEW,COM,166764100,470686,5274972,SH,,DFND,,4930489,0,344482
135,CHURCH& DWIGHT INC,COM,171340102,1058,13686,SH,,DFND,,9843,0,3843
136,CINCINNATI FINL CORP,COM,172062101,608,9498,SH,,DFND,,5722,0,3776
137,CISCO SYS INC,COM,17275R102,953377,20441192,SH,,DFND,,18701443,0,1739749
138,CITIC SECS CO LTD UNSP ADR ADR,COM,17290L106,431,22794,SH,,SOLE,,22794,0,0
139,CITIGROUP INC,COM,172967424,489,9574,SH,,DFND,,9358,0,216
140,CLEVELAND CLIFFS INC,COM,185899101,70748,12816751,SH,,DFND,,6144943,0,6671808
141,CLOROX CO DEL,COM,189054109,2101,9575,SH,,SOLE,,9575,0,0
142,CLOVIS ONCOLOGY INC,COM,189464100,316,46878,SH,,DFND,,11337,0,35541
143,COCA COLA CO,COM,191216100,1894,42397,SH,,DFND,,41476,0,921
144,COHERENT INC,COM,192479103,50279,383871,SH,,DFND,,148483,0,235388
145,COLGATE PALMOLIVE CO,COM,194162103,354,4836,SH,,SOLE,,4836,0,0
146,COLLEGIUM PHARMACEUTICAL INC,COM,19459J104,483,27606,SH,,DFND,,0,0,27606
147,COLUMBIA BKG SYS INC,COM,197236102,1251,44141,SH,,DFND,,0,0,44141
148,COMFORT SYS USA INC,COM,199908104,2019,49548,SH,,DFND,,0,0,49548
149,COMCAST CORP NEW CL A,COM,20030N101,7874,201988,SH,,DFND,,201143,0,845
150,COMPAGNIE DE SAINT GOBAIN ADR,COM,204280309,2594,360342,SH,,DFND,,324034,0,36308
151,COMPAGNIE FIN RICHEMONTAG ADR,COM,204319107,153022,23989891,SH,,DFND,,23767721,0,222169
152,CONMED CORP,COM,207410101,23037,320006,SH,,DFND,,296229,0,23777
153,CONOCOPHILLIPS,COM,20825C104,201813,4802772,SH,,DFND,,4569182,0,233590
154,COOPER COS INC,COM,216648402,3337,11764,SH,,DFND,,10002,0,1762
155,CORESITE RLTY CORP,COM,21870Q105,27676,228612,SH,,DFND,,119828,0,108784
156,CORELOGIC INC,COM,21871D103,99094,1474167,SH,,DFND,,631607,0,842560
157,CORPORATE OFFICE PPTYS TR,COM,22002T108,12102,477594,SH,,DFND,,217950,0,259644
158,COSTCO WHSL CORP NEW,COM,22160K105,995407,3282895,SH,,DFND,,3065481,0,217414
159,COWEN INC,COM,223622606,3011,185727,SH,,DFND,,0,0,185727
160,CREDIT AGRICOLE S A ADR ADR,COM,225313105,95226,20119519,SH,,DFND,,19869874,0,249645
161,FI ENHANCED LRG CAP GROWTH CS,COM,22542D423,54224,151874,SH,,DFND,,148863,0,3011
162,CROWN CASTLE INTL CORP NEW,COM,22822V101,305725,1826862,SH,,DFND,,1807433,0,19429
163,CUMMINS INC,COM,231021106,12737,73513,SH,,DFND,,24185,0,49328
164,CURTISS WRIGHT CORP,COM,231561101,11062,123902,SH,,DFND,,81222,0,42680
165,CYRUSONE INC,COM,23283R100,30792,423263,SH,,DFND,,200953,0,222310
166,DBX ETF TR USD HY CORP,COM,233051432,240935,5153689,SH,,DFND,,5100465,0,53224
167,D R HORTON INC,COM,23331A109,17675,318749,SH,,DFND,,250375,0,68374
168,DANAHER CORP DEL COM,COM,235851102,495361,2801341,SH,,DFND,,2676616,0,124725
169,DANONE ADR,COM,23636T100,1407,101769,SH,,DFND,,90128,0,11641
170,DARLING INGREDIENTS INC,COM,237266101,44290,1798930,SH,,DFND,,649432,0,1149498
171,DASSAULT SYS S A ADR,COM,237545108,3825,22171,SH,,DFND,,19921,0,2250
172,DEERE& CO,COM,244199105,11845,75373,SH,,DFND,,26524,0,48849
173,DELEK US HLDGS INC NEW,COM,24665A103,12940,743234,SH,,DFND,,231837,0,511397
174,DEUTSCHE BOERSE ADR,COM,251542106,3380,186857,SH,,DFND,,166777,0,20080
175,DEUTSCHE POST AG ADR,COM,25157Y202,2722,74442,SH,,DFND,,66292,0,8150
176,DEVON ENERGY CORP NEW,COM,25179M103,31916,2814464,SH,,DFND,,2772911,0,41553
177,DEXCOM INC,COM,252131107,8738,21554,SH,,DFND,,5120,0,16434
178,DIAGEO P L C ADR,COM,25243Q205,33924,252428,SH,,DFND,,36152,0,216276
179,DIAMONDBACK ENERGY INC,COM,25278X109,6761,161680,SH,,DFND,,52831,0,108849
180,DIODES INC,COM,254543101,12400,244583,SH,,DFND,,8173,0,236410
181,DISABILITY ACCESS CORP NEV,COM,25459R103,0,220000,SH,,SOLE,,220000,0,0
182,DISNEY WALT CO,COM,254687106,1013239,9086531,SH,,DFND,,8765952,0,320579
183,DISCOVERY INC COM SER A,COM,25470F104,1414,67017,SH,,DFND,,57244,0,9773
184,DOLLAR GEN CORP NEW,COM,256677105,235,1234,SH,,SOLE,,1234,0,0
185,DOMINION ENERGY INC,COM,25746U109,219,2696,SH,,SOLE,,2696,0,0
186,DOMINOS PIZZA INC,COM,25754A201,179295,485315,SH,,DFND,,252695,0,232620
187,DOW INC,COM,260557103,201,4932,SH,,SOLE,,4932,0,0
188,DRIL QUIP INC,COM,262037104,41808,1403438,SH,,DFND,,713682,0,689756
189,DUKE ENERGY CORP NEW,COM,26441C204,365,4572,SH,,SOLE,,4572,0,0
190,DUNKIN BRANDS GROUP INC,COM,265504100,1111,17025,SH,,SOLE,,17025,0,0
191,DUPONT DE NEMOURS INC,COM,26614N102,280,5267,SH,,SOLE,,5267,0,0
192,DYNAVAX TECHNOLOGIES CORP,COM,268158201,470,52955,SH,,DFND,,0,0,52955
193,ENI S P A ADR,COM,26874R108,25143,1304756,SH,,DFND,,399940,0,904816
194,EOG RES INC COM,COM,26875P101,14123,278786,SH,,DFND,,253946,0,24840
195,ER URGENT CARE HLDGS INC,COM,26884H207,0,508538,SH,,SOLE,,508538,0,0
196,EAGLE BANCORP INC MD,COM,268948106,458,13982,SH,,DFND,,11493,0,2489
197,EAGLE PHARMACEUTICALS INC,COM,269796108,688,14336,SH,,DFND,,0,0,14336
198,EAST WEST BANCORP INC,COM,27579R104,50042,1380856,SH,,DFND,,634962,0,745894
199,EBAY INC.,COM,278642103,276,5262,SH,,DFND,,1086,0,4176
200,ECOPETROL S A ADR,COM,279158109,13705,1231394,SH,,DFND,,717308,0,514086
201,EDWARDS LIFESCIENCES CORP,COM,28176E108,344680,4987418,SH,,DFND,,4463877,0,523541
202,EISAI LTD ADR,COM,282579309,1064,13433,SH,,DFND,,11877,0,1556
203,8X8 INC NEW,COM,282914100,3228,201773,SH,,DFND,,67415,0,134358
204,EMERGENT BIOSOLUTIONS INC,COM,29089Q105,44287,560023,SH,,DFND,,358925,0,201098
205,EMERSON ELEC CO,COM,291011104,802,12935,SH,,SOLE,,12935,0,0
206,ENBRIDGE INC,COM,29250N105,229,7518,SH,,DFND,,7486,0,32
207,ENANTA PHARMACEUTICALS INC,COM,29251M106,458,9129,SH,,DFND,,100,0,9029
208,ENDEAVOR IP INC,COM,29260D105,0,442000,SH,,SOLE,,442000,0,0
209,ENTERPRISE PRODS PARTNERS L P,COM,293792107,309,16987,SH,,SOLE,,16987,0,0
210,EPAM SYS INC,COM,29414B104,781,3098,SH,,SOLE,,3098,0,0
211,EQUINOR ASA SPONSORED ADR ADR,COM,29446M102,31256,2158581,SH,,DFND,,234981,0,1923600
212,RSTK ESHIRT NET,COM,296072BHT,0,12500,SH,,SOLE,,12500,0,0
213,ESSEX PPTY TR INC,COM,297178105,965,4213,SH,,DFND,,3515,0,698
214,ESSILORLUXOTTICA UNSPONSOR ADR,COM,297284200,41268,643194,SH,,DFND,,53804,0,589390
215,EVERCORE INC,COM,29977A105,746,12662,SH,,SOLE,,12662,0,0
216,EVERSOURCE ENERGY,COM,30040W108,918,11021,SH,,DFND,,8629,0,2392
217,EXACT SCIENCES CORP,COM,30063P105,1392,16015,SH,,SOLE,,16015,0,0
218,EXPEDIA GROUP INC,COM,30212P303,418,5089,SH,,SOLE,,5089,0,0
219,EXPEDITORS INTL WASH INC,COM,302130109,1544,20305,SH,,SOLE,,20305,0,0
220,EXPERIAN PLC ADR,COM,30215C101,47561,1365455,SH,,DFND,,103319,0,1262136
221,EXXON MOBIL CORP,COM,30231G102,320552,7167970,SH,,DFND,,6539095,0,628875
222,EYECITY COM INC,COM,30231H100,0,100000,SH,,SOLE,,100000,0,0
223,FBEC WORLDWIDE INC,COM,30255M100,0,20000,SH,,SOLE,,20000,0,0
224,FACEBOOK INC,COM,30303M102,939998,4139683,SH,,DFND,,3698562,0,441121
225,FACTSET RESH SYS INC COM,COM,303075105,990,3014,SH,,SOLE,,3014,0,0
226,FAIR ISAAC CORP,COM,303250104,60851,145562,SH,,DFND,,98346,0,47216
227,FANUC CORPORATION ADR,COM,307305102,281967,15794425,SH,,DFND,,12395158,0,3399267
228,FARO TECHNOLOGIES INC,COM,311642102,2327,43409,SH,,DFND,,0,0,43409
229,FIDELITY COMWLTH TR NDQ CP IDX,COM,315912808,617,1578,SH,,SOLE,,1578,0,0
230,FIDELITY MSCI HLTH CARE I,COM,316092600,409,8218,SH,,SOLE,,8218,0,0
231,FIDELITY COVINGTON TR MSCI INF,COM,316092808,328,3991,SH,,SOLE,,3991,0,0
232,FIDELITY NATL INFORMATION SVCS,COM,31620M106,3355,25020,SH,,DFND,,20671,0,4349
233,51JOB INC ADR,COM,316827104,5892,82073,SH,,SOLE,,82073,0,0
234,FIREEYE INC,COM,31816Q101,16348,1342714,SH,,DFND,,830514,0,512200
235,FIRST AMERN FINL CORP,COM,31847R102,49111,1022720,SH,,DFND,,517704,0,505016
236,100000TH FIRST HORIZON NTL CO,COM,32051710T,0,37565,SH,,SOLE,,37565,0,0
237,FIRST INTST BANCSYSTEM INC,COM,32055Y201,2602,84050,SH,,DFND,,50,0,84000
238,FIRST MERCHANTS CORP,COM,320817109,1798,65220,SH,,DFND,,26110,0,39110
239,FIRST REP BK SAN FRANCISCO CAL,COM,33616C100,15776,148848,SH,,DFND,,113220,0,35628
240,FIRST SOLAR INC,COM,336433107,1159,23412,SH,,DFND,,262,0,23150
241,FIRST TR NAS100 EQ WEIGHTED IX,COM,337344105,252,3149,SH,,SOLE,,3149,0,0
242,FIRST TR EXCHANGE TRADED FD II,COM,33736G106,152,10580,SH,,SOLE,,10580,0,0
243,FORD MTR CO DEL,COM,345370860,472,77661,SH,,SOLE,,77661,0,0
244,FORMFACTOR INC,COM,346375108,5841,199150,SH,,DFND,,47,0,199103
245,FORTINET INC,COM,34959E109,295,2147,SH,,SOLE,,2147,0,0
246,FOY JOHNSON INC,COM,351676101,0,50000,SH,,SOLE,,50000,0,0
247,FREEPORT-MCMORAN INC,COM,35671D857,458030,39587723,SH,,DFND,,36835113,0,2752610
248,FRESHPET INC COM,COM,358039105,15947,190615,SH,,DFND,,179148,0,11467
249,FS KKR CAP CORP II,COM,35952V303,347,26890,SH,,SOLE,,26890,0,0
250,FI ENHANCED LRG CAP GROWTH GS,COM,362273302,13845,89305,SH,,DFND,,87553,0,1752
251,GENERAL DYNAMICS CORP,COM,369550108,1655,11074,SH,,SOLE,,11074,0,0
252,GENERAL ELECTRIC CO,COM,369604103,1570,229832,SH,,DFND,,228722,0,1110
253,GENERAL MLS INC,COM,370334104,4024,65265,SH,,DFND,,23443,0,41822
254,GENOIL INC,COM,371924101,8,448496,SH,,SOLE,,448496,0,0
255,GENUINE PARTS CO,COM,372460105,234,2691,SH,,SOLE,,2691,0,0
256,GENWORTH FINL INC,COM,37247D106,40,17270,SH,,SOLE,,17270,0,0
257,GERDAU SA ADR,COM,373737105,38459,12992875,SH,,DFND,,6487761,0,6505114
258,GILEAD SCIENCES INC,COM,375558103,268,3484,SH,,DFND,,3439,0,45
259,GLACIER BANCORP INC NEW,COM,37637Q105,20568,582815,SH,,DFND,,289301,0,293514
260,GLAXOSMITHKLINE PLC ADR,COM,37733W105,647671,15878173,SH,,DFND,,14412126,0,1466047
261,GLENCORE PLC ADR ADR,COM,37827X100,444,105014,SH,,DFND,,90584,0,14430
262,GLOBAL PMTS INC,COM,37940X102,5868,34597,SH,,DFND,,29114,0,5483
263,GLOBAL 1 INVT HLDGS CORP,COM,37947N107,0,617850,SH,,SOLE,,617850,0,0
264,GLOBAL X FDS RBTCS ARTFL INTE,COM,37954Y715,8018,335911,SH,,DFND,,333618,0,2292
265,GLOBE LIFE INC,COM,37959E102,800,10782,SH,,DFND,,7580,0,3202
266,GOLDMAN SACHS GROUP INC,COM,38141G104,432333,2187696,SH,,DFND,,1920411,0,267285
267,GREENHILL& CO INC,COM,395259104,4780,478447,SH,,DFND,,461715,0,16732
268,GULF UNITED ENERGY INC,COM,402580104,0,36000,SH,,SOLE,,36000,0,0
269,HDFC BANK LTD ADR,COM,40415F101,278367,6123334,SH,,DFND,,2409495,0,3713839
270,H ENTERTAINMENT INC,COM,40417A100,0,11500,SH,,SOLE,,11500,0,0
271,HSBC HLDGS PLC ADR,COM,404280406,1854,79465,SH,,DFND,,78650,0,815
272,HSBC USA INC NEW,COM,40433UVU7,10,10000,SH,,SOLE,,10000,0,0
273,HAEMONETICS CORP,COM,405024100,15129,168921,SH,,DFND,,114110,0,54811
274,HALLIBURTON CO,COM,406216101,46808,3606154,SH,,DFND,,3025522,0,580632
275,HALOZYME THERAPEUTICS INC,COM,40637H109,28329,1056671,SH,,DFND,,722844,0,333827
276,HARD TO TREAT DISEASES INC,COM,41164A103,0,110000,SH,,SOLE,,110000,0,0
277,HEICO CORP NEW,COM,422806109,81264,815498,SH,,DFND,,294724,0,520774
278,HEINEKEN N V SPONSORED ADR L1,COM,423012301,15567,337808,SH,,DFND,,336311,0,1497
279,HELMERICH& PAYNE INC,COM,423452101,22171,1136378,SH,,DFND,,491738,0,644640
280,HENGAN INTL GROUP CO LTD UNSPO,COM,42551N104,581,14828,SH,,SOLE,,14828,0,0
281,HERMES INTL SCA ADR,COM,42751Q105,1526,18269,SH,,SOLE,,18269,0,0
282,HERON THERAPEUTICS INC,COM,427746102,845,57463,SH,,DFND,,0,0,57463
283,HERSHA HOSPITALITY TR,COM,427825500,143,24784,SH,,DFND,,2018,0,22766
284,HESS CORP,COM,42809H107,142521,2750837,SH,,DFND,,2633339,0,117498
285,HEXCEL CORP NEW,COM,428291108,3499,77372,SH,,DFND,,5336,0,72036
286,HILL ROM HLDGS INC,COM,431475102,81817,745286,SH,,DFND,,368673,0,376613
287,HITACHI LTD ADR,COM,433578507,67749,1073921,SH,,DFND,,1062214,0,11706
288,HOLOGIC INC,COM,436440101,881,15449,SH,,SOLE,,15449,0,0
289,HOME DEPOT INC,COM,437076102,1601145,6391543,SH,,DFND,,5751629,0,639913
290,HOMESTREET INC,COM,43785V102,693,28140,SH,,DFND,,0,0,28140
291,HONDA MOTOR LTD ADR,COM,438128308,159809,6252317,SH,,DFND,,6175419,0,76898
292,HONEYWELL INTL INC,COM,438516106,23360,161562,SH,,DFND,,116951,0,44611
293,HORMEL FOODS CORP,COM,440452100,2010,41638,SH,,DFND,,554,0,41084
294,HOYA CORP ADR,COM,443251103,3480,36594,SH,,DFND,,32523,0,4071
295,HUB GROUP INC,COM,443320106,50597,1057189,SH,,DFND,,476386,0,580803
296,HUAZHU GROUP LTDSPONSORED ADR,COM,44332N106,6451,184056,SH,,SOLE,,184056,0,0
297,HUBSPOT INC,COM,443573100,31573,140732,SH,,DFND,,93392,0,47340
298,HYPERA SA ADR,COM,44914U106,7398,1219556,SH,,SOLE,,1219556,0,0
299,ICU MED INC,COM,44930G107,7188,39000,SH,,DFND,,0,0,39000
300,IDM INTL LTD ADR,COM,449395102,0,12400,SH,,DFND,,2400,0,10000
301,IPG PHOTONICS CORP,COM,44980X109,28169,175630,SH,,DFND,,121692,0,53938
302,IZON NETWORK INC,COM,45074N105,1,62500,SH,,SOLE,,62500,0,0
303,IDACORP INC,COM,451107106,24782,283642,SH,,DFND,,131847,0,151795
304,IDEXX LABS INC,COM,45168D104,5917,17921,SH,,DFND,,5259,0,12662
305,ICON INTL HLDGS INC,COM,451944102,0,20000,SH,,SOLE,,20000,0,0
306,ILLINOIS TOOL WKS INC,COM,452308109,361,2065,SH,,SOLE,,2065,0,0
307,IMMUNOGEN INC,COM,45253H101,186,40463,SH,,DFND,,40439,0,24
308,INCYTE CORP,COM,45337C102,4278,41146,SH,,DFND,,31365,0,9781
309,INDEPENDENT BANK CORP MASS,COM,453836108,6818,101631,SH,,DFND,,44122,0,57509
310,INDUSTRIA DE DISENO TEXTIL ADR,COM,455793109,152,11451,SH,,SOLE,,11451,0,0
311,INFOSYS LTD ADR,COM,456788108,276032,28574752,SH,,DFND,,11955236,0,16619516
312,ING GROEP N.V. ADR,COM,456837103,342966,49705214,SH,,DFND,,49001650,0,703563
313,INGERSOLL RAND INC,COM,45687V106,526,18719,SH,,SOLE,,18719,0,0
314,INSTALLED BLDG PRODS INC,COM,45780R101,2773,40310,SH,,DFND,,0,0,40310
315,INNOVEST GLOBAL INC,COM,45781Q102,4,35000,SH,,SOLE,,35000,0,0
316,INSULET CORP,COM,45784P101,52805,271828,SH,,SOLE,,271828,0,0
317,INTEGRA LIFESCIENCES HLDGS CP,COM,457985208,31926,679430,SH,,DFND,,658659,0,20771
318,INTEL CORP,COM,458140100,1715051,28665401,SH,,DFND,,26316212,0,2349189
319,INTEGER HLDGS CORP,COM,45826H109,52679,721134,SH,,DFND,,371481,0,349653
320,INTERCEPT PHARMACEUTICALS INC,COM,45845P108,3215,67111,SH,,DFND,,37896,0,29215
321,INTERNATIONAL BUSINESS MACHS,COM,459200101,2104,17422,SH,,DFND,,15172,0,2250
322,INTERNATIONAL PWR GROUP LTD,COM,46018A100,0,39000,SH,,SOLE,,39000,0,0
323,INVESCO QQQ TRUST SERIES 1,COM,46090E103,346653,1400050,SH,,DFND,,1378495,0,21554
324,INTESA SANPAOLO S P A ADR,COM,46115H107,309436,26953405,SH,,DFND,,25450739,0,1502665
325,INTUIT,COM,461202103,544,1838,SH,,SOLE,,1838,0,0
326,INTUITIVE SURGICAL INC,COM,46120E602,642393,1127342,SH,,DFND,,1002369,0,124973
327,INVESCO S&P 500 TOP 50 ETF,COM,46137V233,107668,452576,SH,,DFND,,445436,0,7140
328,INVESCO EXCHNG TRADED FD TR II,COM,46138E800,1658,26120,SH,,SOLE,,26120,0,0
329,INVESCO EXCHNG TRADED FD TR II,COM,46138G706,222,6140,SH,,SOLE,,6140,0,0
330,IQVIA HLDGS INC,COM,46266C105,2219,15643,SH,,DFND,,12618,0,3025
331,IQIYI INC ADR,COM,46267X108,645,27816,SH,,SOLE,,27816,0,0
332,IRIDIUM COMMUNICATIONS INC,COM,46269C102,3096,121680,SH,,SOLE,,121680,0,0
333,IRONWOOD PHARMACEUTICALS INC,COM,46333X108,914,88521,SH,,DFND,,28500,0,60021
334,ISHARES GOLD TRUST ISHARES,COM,464285105,420,24737,SH,,SOLE,,24737,0,0
335,ISHARES INC GLB ENR PROD ETF,COM,464286343,169,13818,SH,,SOLE,,13818,0,0
336,ISHARES EM ASIA ETF,COM,464286426,214,3212,SH,,SOLE,,3212,0,0
337,ISHARES MSCI EUROZONE ETF,COM,464286608,57755,1583206,SH,,DFND,,1559549,0,23657
338,ISHARES MSCI SWITZERLAND ETF,COM,464286749,968,24837,SH,,DFND,,23669,0,1168
339,ISHARES INC MSCI SPAIN ETF,COM,464286764,2992,133213,SH,,DFND,,132595,0,618
340,ISHARES INC MSCI GERMANY ETF,COM,464286806,723,26655,SH,,DFND,,26578,0,77
341,ISHARES TR S&P 100 ETF,COM,464287101,839,5894,SH,,SOLE,,5894,0,0
342,ISHARES TR MRNGSTR LG-CP ET,COM,464287127,234,1343,SH,,SOLE,,1343,0,0
343,ISHARES TR TIPS BD ETF,COM,464287176,794,6456,SH,,SOLE,,6456,0,0
344,ISHARES S&P 500 ETF,COM,464287200,1217,3929,SH,,DFND,,3746,0,182
345,ISHARES CORE US AGGREGATE BOND,COM,464287226,28048,237269,SH,,DFND,,233303,0,3965
346,ISHARES TR IBOXX INV CP ETF,COM,464287242,1979883,14720318,SH,,DFND,,14575403,0,144914
347,ISHARES GLOBAL TECH ETF,COM,464287291,153550,651907,SH,,DFND,,642065,0,9841
348,ISHARES GLOBAL HEALTH CARE ETF,COM,464287325,4252,61814,SH,,DFND,,60503,0,1311
349,ISHARES TR GLOBAL FINLS ETF,COM,464287333,763,14626,SH,,SOLE,,14626,0,0
350,ISHARES GLOBAL ENERGY ETF,COM,464287341,58758,3007075,SH,,DFND,,2973330,0,33745
351,ISHARES TR 1 3 YR TR BD ETF,COM,464287457,22134,255557,SH,,DFND,,251125,0,4432
352,ISHARES TR MSCI EAFE ETF,COM,464287465,533,8754,SH,,SOLE,,8754,0,0
353,ISHARES TR EXPANDED TECH,COM,464287515,2039,7172,SH,,SOLE,,7172,0,0
354,ISHARES TR PHLX SEMICND ETF,COM,464287523,1470,5428,SH,,SOLE,,5428,0,0
355,ISHARES NASDAQ BIOTECH ETF,COM,464287556,241,1765,SH,,DFND,,1744,0,21
356,ISHARES TR RUS 1000 VAL ETF,COM,464287598,222,1974,SH,,SOLE,,1974,0,0
357,ISHARES RUSSELL 1000 GROWTH,COM,464287614,1341,6986,SH,,DFND,,6640,0,346
358,ISHARES TR RUSSELL 2000 ETF,COM,464287655,407,2843,SH,,SOLE,,2843,0,0
359,ISHARES US FINANCIALS ETF,COM,464287788,23879,216801,SH,,DFND,,213510,0,3291
360,ISHARES S&P SMALL-CAP ETF,COM,464287804,485,7104,SH,,DFND,,6932,0,172
361,ISHARES TR EUROPE ETF,COM,464287861,2738,67761,SH,,DFND,,67494,0,267
362,ISHARES MSCI ACWI ETF,COM,464288257,6799,92232,SH,,SOLE,,92232,0,0
363,ISHARES NEW YORK MUNI BOND ETF,COM,464288323,358,6221,SH,,SOLE,,6221,0,0
364,ISHARES CALIFORNIA MUNI BOND E,COM,464288356,816,13124,SH,,SOLE,,13124,0,0
365,ISHARES NATIONAL MUNI BOND ETF,COM,464288414,322572,2795247,SH,,DFND,,2767663,0,27584
366,ISHARES TR IBOXX HI YD ETF,COM,464288513,230426,2823154,SH,,DFND,,2805876,0,17277
367,ISHARES TR MBS ETF,COM,464288588,841491,7601543,SH,,DFND,,7533732,0,67811
368,ISHARES BROAD USD INVESTMENT G,COM,464288620,220,3640,SH,,SOLE,,3640,0,0
369,ISHARES INTERMEDIATE-TERM CORP,COM,464288638,706,11695,SH,,DFND,,9322,0,2372
370,ISHARES SHORT-TERM CORPORATE B,COM,464288646,950,17373,SH,,SOLE,,17373,0,0
371,ISHARES TR 3 7 YR TR BD ETF,COM,464288661,321,2402,SH,,SOLE,,2402,0,0
372,ISHARES TR GLOB INDSTRL ETF,COM,464288729,4267,51151,SH,,DFND,,51034,0,117
373,ISHARES GLOBAL CONS STAPLES,COM,464288737,3894,75266,SH,,DFND,,73937,0,1329
374,ISHARES TR GLB CNS DISC ETF,COM,464288745,261,2192,SH,,SOLE,,2192,0,0
375,ISHARES US AEROSPACE& DEF ETF,COM,464288760,423,2569,SH,,SOLE,,2569,0,0
376,ISHARES TR U.S. MED DVC ETF,COM,464288810,25828,97548,SH,,DFND,,96325,0,1223
377,ISHARES TR U.S. PHARMA ETF,COM,464288836,863,5607,SH,,SOLE,,5607,0,0
378,ISHARES TR EAFE GRWTH ETF,COM,464288885,208,2497,SH,,SOLE,,2497,0,0
379,ISHARES MSCI EUROPE FN ETF,COM,464289180,51241,3600896,SH,,DFND,,3539242,0,61653
380,ISHARES TR US TREAS BD ETF,COM,46429B267,380,13591,SH,,SOLE,,13591,0,0
381,ISHARES TR MSCI MIN VOL ETF,COM,46429B697,227,3736,SH,,SOLE,,3736,0,0
382,ISHARES TR USA QUALITY FCTR,COM,46432F339,268,2789,SH,,SOLE,,2789,0,0
383,ISHARES TR USA MOMENTUM FCT,COM,46432F396,228,1740,SH,,SOLE,,1740,0,0
384,ISHARES TR CORE MSCI EAFE,COM,46432F842,330,5775,SH,,SOLE,,5775,0,0
385,ISHARES CORE MSCI EM ETF,COM,46434G103,523,10989,SH,,DFND,,10269,0,720
386,ISHARES MSCI TAIWAN ETF,COM,46434G772,217,5407,SH,,SOLE,,5407,0,0
387,ISHARES MSCI JAPAN ETF,COM,46434G822,43756,796722,SH,,DFND,,577852,0,218870
388,ISHARES GLOBAL METALS& MINING,COM,46434G848,17003,693149,SH,,DFND,,683810,0,9338
389,ISHARES TR 0-5YR HI YL CP,COM,46434V407,457,10654,SH,,DFND,,10473,0,181
390,ISHARES TR CORE DIV GRWTH,COM,46434V621,206,5474,SH,,SOLE,,5474,0,0
391,ISHARES TR CORE MSCI EURO,COM,46434V738,1258,29415,SH,,SOLE,,29415,0,0
392,ISHARES TR ESG USD CORPT,COM,46435G193,6236,225768,SH,,DFND,,220486,0,5282
393,ISHARES TR ESG 1 5 YR USD,COM,46435G243,3216,123635,SH,,DFND,,120756,0,2879
394,ISHARES MSCI UNITED KINGDOM,COM,46435G334,235,9108,SH,,DFND,,8460,0,647
395,ISHARES ESG MSCI USA ETF,COM,46435G425,364,5201,SH,,SOLE,,5201,0,0
396,ISHARES TR BROAD USD HIGH,COM,46435U853,31617,827236,SH,,DFND,,821857,0,5379
397,ITAU UNIBANCO HLDG SA SPON ADR,COM,465562106,133112,28381984,SH,,DFND,,11207144,0,17174840
398,JOYY INC ADS REPSTG COM A,COM,46591M109,6830,77133,SH,,SOLE,,77133,0,0
399,J& J SNACK FOODS CORP,COM,466032109,1113,8754,SH,,SOLE,,8754,0,0
400,JPMORGAN CHASE& CO,COM,46625H100,595671,6332878,SH,,DFND,,5859259,0,473619
401,JD.COM INC ADR,COM,47215P106,466025,7743858,SH,,DFND,,3229830,0,4514028
402,JOHNSON& JOHNSON,COM,478160104,98682,701710,SH,,DFND,,659184,0,42526
403,J2 GLOBAL INC,COM,48123V102,15694,248282,SH,,DFND,,171692,0,76590
404,JUNIPER NETWORKS INC,COM,48203R104,1422,62197,SH,,DFND,,51662,0,10535
405,KLA CORPORATION,COM,482480100,276,1420,SH,,DFND,,1389,0,31
406,KAISER ALUMINUM CORP,COM,483007704,10788,146530,SH,,DFND,,49784,0,96746
407,KANSAS CITY SOUTHERN,COM,485170302,75442,505339,SH,,DFND,,154702,0,350637
408,KB HOME,COM,48666K109,84834,2765114,SH,,DFND,,1378920,0,1386194
409,KELLOGG CO,COM,487836108,704,10657,SH,,DFND,,178,0,10479
410,KERING S A ADR,COM,492089107,1487,27341,SH,,DFND,,24663,0,2678
411,KIMBERLY CLARK CORP,COM,494368103,4488,31748,SH,,DFND,,9921,0,21827
412,KIMBERLY CLRK DE MEX SAB D ADR,COM,494386204,314,40514,SH,,SOLE,,40514,0,0
413,KINGDEE INTL SOFTWARE GROU ADR,COM,49567R102,784,3370,SH,,SOLE,,3370,0,0
414,KLEANGAS ENERGY TECHNOLOGIES I,COM,498456102,0,20400,SH,,SOLE,,20400,0,0
415,KNOWLES CORP,COM,49926D109,45518,2982832,SH,,DFND,,1418420,0,1564412
416,KORN FERRY COM NEW,COM,500643200,1203,39151,SH,,DFND,,0,0,39151
417,KRANESHARES CHINA INTERNET ETF,COM,500767306,2239,36147,SH,,SOLE,,36147,0,0
418,KROGER CO,COM,501044101,1571,46413,SH,,DFND,,38328,0,8085
419,KULICKE& SOFFA INDS INC,COM,501242101,9030,433499,SH,,SOLE,,433499,0,0
420,KUMBA IRON ORE LTD ADR,COM,50125N104,1428,160783,SH,,SOLE,,160783,0,0
421,KYOCERA CORP ADS ADR,COM,501556203,2121,39013,SH,,DFND,,17744,0,21269
422,LHC GROUP INC,COM,50187A107,3943,22617,SH,,DFND,,0,0,22617
423,L OREAL CO ADR,COM,502117203,928409,14466383,SH,,DFND,,13667275,0,799107
424,L3HARRIS TECHNOLOGIES INC,COM,502431109,626,3687,SH,,DFND,,3675,0,12
425,LVMH MOET HENNESSY LOU VUI ADR,COM,502441306,965649,11008522,SH,,DFND,,10187942,0,820580
426,LABORATORY CORP AMER HLDGS,COM,50540R409,1047,6301,SH,,DFND,,4602,0,1699
427,LAM RESEARCH CORP,COM,512807108,269684,833746,SH,,DFND,,713672,0,120074
428,LANCASTER COLONY CORP,COM,513847103,46969,303047,SH,,DFND,,153101,0,149946
429,LANTHEUS HLDGS INC,COM,516544103,1067,74610,SH,,DFND,,659,0,73951
430,LENNAR CORP CL A,COM,526057104,79154,1284556,SH,,DFND,,571042,0,713514
431,LENNAR CORP CL B,COM,526057302,863,18724,SH,,DFND,,7703,0,11021
432,LIGAND PHARMACEUTICALS INC,COM,53220K504,8326,74438,SH,,DFND,,48121,0,26317
433,LIFE STORAGE INC,COM,53223X107,6815,71772,SH,,DFND,,19116,0,52656
434,LILLY ELI& CO,COM,532457108,738642,4498977,SH,,DFND,,4280671,0,218305
435,LINCOLN ELEC HLDGS INC,COM,533900106,66879,793912,SH,,DFND,,348012,0,445900
436,LITTELFUSE INC,COM,537008104,61551,360728,SH,,DFND,,128538,0,232190
437,LIVE NATION ENTERTAINMENT INC,COM,538034109,1079,24334,SH,,DFND,,14604,0,9730
438,LIVEPERSON INC,COM,538146101,2080,50201,SH,,SOLE,,50201,0,0
439,LLOYDS BANKING GROUP PLC ADR,COM,539439109,28,18781,SH,,SOLE,,18781,0,0
440,LOCALIZA RENT A CAR ADR,COM,53956W300,4445,594658,SH,,SOLE,,594658,0,0
441,LOCKHEED MARTIN CORP,COM,539830109,886,2428,SH,,DFND,,2406,0,22
442,LOJAS RENNER SA SPONSORED ADR,COM,54146M202,18571,2419265,SH,,SOLE,,2419265,0,0
443,LONDON STK EXCHANGE GROUP ADR,COM,54211N101,1416,54833,SH,,DFND,,49023,0,5810
444,LOWES COS INC,COM,548661107,9959,73704,SH,,DFND,,70656,0,3048
445,LUMENTUM HLDGS INC,COM,55024U109,78665,966043,SH,,DFND,,512079,0,453964
446,LUMINEX CORP DEL COM,COM,55027E102,1741,53505,SH,,DFND,,53,0,53452
447,M D C HLDGS INC,COM,552676108,6097,170781,SH,,DFND,,89500,0,81281
448,M/I HOMES INC,COM,55305B101,2177,63199,SH,,DFND,,0,0,63199
449,MKS INSTRS INC,COM,55306N104,65503,578442,SH,,DFND,,331015,0,247427
450,MSCI INC,COM,55354G100,68754,205960,SH,,DFND,,77515,0,128445
451,MYR GROUP INC DEL,COM,55405W104,1698,53199,SH,,DFND,,0,0,53199
452,MACK CALI RLTY CORP,COM,554489104,3634,237684,SH,,DFND,,225549,0,12135
453,MACLOS CAP INC,COM,55477Q100,0,100000,SH,,SOLE,,100000,0,0
454,MANHATTAN SCIENTIFICS INC,COM,563122100,0,40000,SH,,SOLE,,40000,0,0
455,MANULIFE FINL CORP,COM,56501R106,187,13706,SH,,SOLE,,13706,0,0
456,MARATHON OIL CORP,COM,565849106,41387,6762563,SH,,DFND,,6259318,0,503244
457,MARATHON PETE CORP,COM,56585A102,288,7706,SH,,SOLE,,7706,0,0
458,MARSH& MCLENNAN COS INC,COM,571748102,249,2322,SH,,SOLE,,2322,0,0
459,MARRIOTT INTL INC NEW,COM,571903202,1484,17315,SH,,DFND,,15643,0,1672
460,MASTERCARD INC,COM,57636Q104,1151770,3895062,SH,,DFND,,3487969,0,407092
461,MATADOR RES CO,COM,576485205,844,99302,SH,,SOLE,,99302,0,0
462,MATERION CORP,COM,576690101,10795,175565,SH,,DFND,,101439,0,74126
463,MCDERMOTT INTL INC COM,COM,580037703,1,14213,SH,,SOLE,,14213,0,0
464,MCDONALDS CORP,COM,580135101,1592,8629,SH,,DFND,,8618,0,11
465,MEDPACE HLDGS INC COM,COM,58506Q109,33416,359234,SH,,DFND,,184383,0,174851
466,MEITUAN DIANPING UNSPONS A ADR,COM,58533E103,713,15979,SH,,SOLE,,15979,0,0
467,MERCADOLIBRE INC COM,COM,58733R102,221623,224822,SH,,DFND,,155967,0,68855
468,MERCK& CO. INC,COM,58933Y105,703926,9102878,SH,,DFND,,8292728,0,810149
469,MERIT MED SYS INC,COM,589889104,17843,390869,SH,,DFND,,212818,0,178051
470,MERITAGE HOMES CORP,COM,59001A102,107205,1408368,SH,,DFND,,583565,0,824803
471,MICROSOFT CORP,COM,594918104,4447325,21853102,SH,,DFND,,20184482,0,1668619
472,MICROSTRATEGY INC,COM,594972408,3312,28000,SH,,DFND,,0,0,28000
473,MID AMER APT CMNTYS INC,COM,59522J103,35787,312087,SH,,DFND,,150996,0,161091
474,MITSUBISHI ELEC CORP ADR,COM,606776201,125752,4846992,SH,,DFND,,4795457,0,51535
475,MITSUBISHI UFJ FINL GROUP ADR,COM,606822104,89,22742,SH,,DFND,,22310,0,432
476,MOBILE MINI INC,COM,60740F105,10022,339730,SH,,DFND,,90730,0,249000
477,MOMENTA PHARMACEUTICALS INC,COM,60877T100,1793,53892,SH,,DFND,,0,0,53892
478,MONDELEZ INTL INC,COM,609207105,519,10150,SH,,DFND,,10072,0,78
479,MOOG INC,COM,615394202,11577,218523,SH,,DFND,,134140,0,84383
480,MORGAN STANLEY,COM,617446448,408724,8462204,SH,,DFND,,8073087,0,389117
481,MORGAN STANLEY,COM,61760QFD1,10,10000,SH,,SOLE,,10000,0,0
482,MORNINGSTAR INC,COM,617700109,3674,26065,SH,,DFND,,5754,0,20311
483,MURATA MFG CO LTD ADR,COM,626425102,163963,11202721,SH,,DFND,,11080363,0,122358
484,MYRIAD GENETICS INC,COM,62855J104,700,61706,SH,,DFND,,25404,0,36302
485,NTT DOCOMO INC ADR,COM,62942M201,331,12394,SH,,DFND,,11151,0,1243
486,NASPERS LTD SPONSORED ADR ADR,COM,631512209,3548,97440,SH,,SOLE,,97440,0,0
487,NATIONAL OILWELL VARCO INC,COM,637071101,8924,728474,SH,,DFND,,723663,0,4811
488,NATIONAL STORAGE AFFILIATES TR,COM,637870106,254,8878,SH,,SOLE,,8878,0,0
489,NATUS MED INC DEL,COM,639050103,9833,450634,SH,,DFND,,438581,0,12053
490,NEOPHOTONICS CORP,COM,64051T100,1681,189266,SH,,DFND,,200,0,189066
491,NESTLE S A ADR,COM,641069406,432725,3914724,SH,,DFND,,3872277,0,42446
492,NET WORLD MARKETING INC,COM,64107S106,0,20000,SH,,SOLE,,20000,0,0
493,NETFLIX INC COM,COM,64110L106,1549980,3406249,SH,,DFND,,3245908,0,160341
494,NETEASE INC SPONSORED ADR ADR,COM,64110W102,187313,436241,SH,,DFND,,150061,0,286180
495,NETSCOUT SYS INC,COM,64115T104,52260,2044594,SH,,DFND,,1013000,0,1031594
496,NEUROCRINE BIOSCIENCES INC,COM,64125C109,7714,63227,SH,,DFND,,44105,0,19122
497,NEVADA COPPER CORP CDA,COM,64128F109,3,24000,SH,,SOLE,,24000,0,0
498,NEW COLOMBIA RES INC,COM,64359T109,0,120000,SH,,SOLE,,120000,0,0
499,NEW ORIENTAL ED& TECH GRP ADR,COM,647581107,884,6791,SH,,SOLE,,6791,0,0
500,NEXTIER OILFIELD SOLUTIONS INC,COM,65290C105,7229,2950730,SH,,DFND,,970481,0,1980249
501,NEXTERA ENERGY INC,COM,65339F101,705677,2938239,SH,,DFND,,2833209,0,105029
502,NEXTSOURCE MATLS INC CDA,COM,65343M100,0,14200,SH,,SOLE,,14200,0,0
503,NICE LTD ADR,COM,653656108,31106,164374,SH,,DFND,,134148,0,30226
504,NIKE INC,COM,654106103,632970,6455579,SH,,DFND,,6196170,0,259409
505,NOKIA CORP ADR,COM,654902204,50,11458,SH,,SOLE,,11458,0,0
506,NORFOLK SOUTHERN CORP,COM,655844108,96704,550799,SH,,DFND,,394075,0,156724
507,NORTHERN TR CORP,COM,665859104,1615,20356,SH,,DFND,,16160,0,4196
508,NORTHROP GRUMMAN CORP,COM,666807102,263,855,SH,,DFND,,832,0,23
509,NORTHWEST NAT HLDG CO,COM,66765N105,9676,173435,SH,,DFND,,87881,0,85554
510,NOVARTIS A G SPONSORED ADR ADR,COM,66987V109,771023,8827829,SH,,DFND,,8626830,0,200998
511,NOVAVAX INC,COM,670002401,600,7197,SH,,SOLE,,7197,0,0
512,NOVO-NORDISK A S ADR,COM,670100205,1013816,15482832,SH,,DFND,,14612556,0,870275
513,NUANCE COMMUNICATIONS INC,COM,67020Y100,2736,108134,SH,,DFND,,80855,0,27279
514,NUCOR CORP,COM,670346105,8018,193615,SH,,DFND,,65304,0,128311
515,NUTRA PHARMA CORP,COM,67060U208,0,100063,SH,,SOLE,,100063,0,0
516,NVIDIA CORP COM,COM,67066G104,402638,1059824,SH,,DFND,,582826,0,476998
517,NUVASIVE INC,COM,670704105,54360,976641,SH,,DFND,,482640,0,494001
518,NUSHARES ETF TR ESG HI TLD CRP,COM,67092P854,418,17725,SH,,SOLE,,17725,0,0
519,OCCIDENTAL PETE CORP,COM,674599105,11973,654260,SH,,DFND,,381193,0,273067
520,OCEANEERING INTL INC,COM,675232102,16249,2542887,SH,,DFND,,1281966,0,1260921
521,OKTA INC,COM,679295105,287,1435,SH,,SOLE,,1435,0,0
522,OLD DOMINION FREIGHT LINE INC,COM,679580100,600,3539,SH,,SOLE,,3539,0,0
523,OMNICELL INC,COM,68213N109,15857,224546,SH,,DFND,,31546,0,193000
524,OMRON CORP SPONSORED ADR ADR,COM,682151303,89994,1344732,SH,,DFND,,1328990,0,15741
525,ON SEMICONDUCTOR CORP,COM,682189105,22104,1115246,SH,,DFND,,720998,0,394248
526,ONELIFE TECHNOLOGIES CORP,COM,68268M105,0,16000,SH,,SOLE,,16000,0,0
527,ONTO INNOVATION INC,COM,683344105,40942,1202764,SH,,DFND,,622655,0,580109
528,OPEN TEXT CORP,COM,683715106,723,17016,SH,,DFND,,15143,0,1873
529,ORACLE CORP,COM,68389X105,721850,13060435,SH,,DFND,,11707749,0,1352686
530,ORASURE TECHNOLOGIES INC,COM,68554V108,2895,248940,SH,,DFND,,1000,0,247940
531,OTIS WORLDWIDE CORP,COM,68902V107,121840,2142813,SH,,DFND,,2022543,0,120269
532,OWENS CORNING NEW,COM,690742101,10419,186859,SH,,DFND,,177814,0,9045
533,PDC ENERGY INC,COM,69327R101,7828,629278,SH,,DFND,,229715,0,399563
534,PJSC LUKOIL SPONSORED ADR ADR,COM,69343P105,142692,1925827,SH,,DFND,,863986,0,1061841
535,PNC FINL SVCS GROUP INC,COM,693475105,913,8677,SH,,DFND,,8669,0,8
536,PRA HEALTH SCIENCES INC,COM,69354M108,17894,183926,SH,,DFND,,120228,0,63698
537,PTC THERAPEUTICS INC,COM,69366J200,9327,183815,SH,,DFND,,94727,0,89088
538,PT BK RAKYAT ADR,COM,69366X100,18962,1787979,SH,,DFND,,14979,0,1773000
539,PT UNILEVER INDONESIA TBK ADR,COM,69367Q104,361,32656,SH,,SOLE,,32656,0,0
540,PT BK MANDIRI PERSERO TBK ADR,COM,69367U105,90,12921,SH,,SOLE,,12921,0,0
541,PT BK CENT ASIA TBK ADR,COM,69368G105,732,14696,SH,,SOLE,,14696,0,0
542,PACIFIC E-LINK CORP,COM,69418Y106,0,150000,SH,,SOLE,,150000,0,0
543,PACIRA BIOSCIENCES INC,COM,695127100,1183,22552,SH,,DFND,,417,0,22135
544,PACWEST BANCORP DEL,COM,695263103,23241,1179164,SH,,DFND,,568559,0,610605
545,PALATIN TECHNOLOGIES INC,COM,696077403,7,13827,SH,,SOLE,,13827,0,0
546,PANASONIC CORP ADR ADR,COM,69832A205,52402,6016821,SH,,DFND,,5951769,0,65051
547,PAPA JOHNS INTL INC,COM,698813102,913,11503,SH,,DFND,,0,0,11503
548,ESCROW PARAGON TRADE BRANDS,COM,69912K99T,0,27000,SH,,SOLE,,27000,0,0
549,PARSLEY ENERGY INC,COM,701877102,866,81087,SH,,DFND,,60438,0,20649
550,PATTEN ENERGY SOLUTIONS GROUP,COM,70343P103,0,14997,SH,,SOLE,,14997,0,0
551,PATTERSON UTI ENERGY INC,COM,703481101,176,50717,SH,,DFND,,29609,0,21108
552,PAYCOM SOFTWARE INC,COM,70432V102,74726,241261,SH,,DFND,,121469,0,119792
553,PAYLOCITY HLDG CORP,COM,70438V106,21116,144736,SH,,DFND,,100643,0,44093
554,PAYPAL HLDGS INC,COM,70450Y103,1697814,9744668,SH,,DFND,,9249851,0,494817
555,PEGASYSTEMS INC,COM,705573103,82572,816169,SH,,DFND,,655169,0,161000
556,PEPSICO INC COM,COM,713448108,9470,71598,SH,,DFND,,70852,0,746
557,PERKINELMER INC,COM,714046109,6575,67026,SH,,DFND,,58993,0,8033
558,PETMED EXPRESS INC,COM,716382106,3624,101690,SH,,DFND,,24333,0,77357
559,PETROLEO BRASILEIRO SA PET ADR,COM,71654V101,1309,164202,SH,,DFND,,0,0,164202
560,PETROLEO BRASILEIRO SA PET ADR,COM,71654V408,337972,40867255,SH,,DFND,,14126968,0,26740287
561,PFIZER INC,COM,717081103,80193,2452376,SH,,DFND,,2307269,0,145107
562,PHARMACYTE BIOTECH INC,COM,71715X104,11,424853,SH,,SOLE,,424853,0,0
563,PHILIP MORRIS INTL INC,COM,718172109,908,12962,SH,,DFND,,12812,0,150
564,PHILLIPS 66,COM,718546104,449,6244,SH,,SOLE,,6244,0,0
565,PIMCO ETF TR 0-5 HIGH YIELD,COM,72201R783,573,6283,SH,,DFND,,6281,0,2
566,PIMCO ETF TR INV GRD CRP BD,COM,72201R817,377,3301,SH,,SOLE,,3301,0,0
567,PINDUODUO INC-ADR ADR,COM,722304102,354879,4134195,SH,,DFND,,1933583,0,2200612
568,PING AN INS GROUP CO CHINA ADR,COM,72341E304,936,46782,SH,,SOLE,,46782,0,0
569,PIONEER NAT RES CO,COM,723787107,12173,124597,SH,,DFND,,33967,0,90630
570,PIPER SANDLER COMPANIES,COM,724078100,6595,111484,SH,,DFND,,45234,0,66250
571,PLEXUS CORP,COM,729132100,40474,573605,SH,,DFND,,187995,0,385610
572,POLARIS INC COM,COM,731068102,37933,409864,SH,,DFND,,155506,0,254358
573,POLYMET MINING CORP,COM,731916102,9,20935,SH,,SOLE,,20935,0,0
574,POOL CORPORATION,COM,73278L105,82537,303589,SH,,DFND,,250456,0,53133
575,POST HLDGS INC,COM,737446104,677,7729,SH,,DFND,,4700,0,3029
576,POTLATCHDELTIC CORPORATION COM,COM,737630103,6059,159328,SH,,DFND,,116092,0,43236
577,PRESTIGE CONSUMER HEALTHCARE I,COM,74112D101,29847,794655,SH,,DFND,,655697,0,138958
578,PRICE T ROWE GROUP INC,COM,74144T108,2923,23670,SH,,DFND,,18706,0,4964
579,PROCTER& GAMBLE CO,COM,742718109,78946,660251,SH,,DFND,,506485,0,153766
580,PROGRESS SOFTWARE CORP,COM,743312100,26253,677504,SH,,DFND,,388483,0,289021
581,PROGRESSIVE CORP OHIO,COM,743315103,2554,31884,SH,,DFND,,26920,0,4964
582,PROLOGIS INC COM,COM,74340W103,7052,75559,SH,,DFND,,67863,0,7696
583,PROOFPOINT INC,COM,743424103,13846,124608,SH,,DFND,,84126,0,40482
584,PROPETRO HLDG CORP,COM,74347M108,9007,1752416,SH,,DFND,,1367270,0,385146
585,PROSPERITY BANCSHARES INC,COM,743606105,18387,309658,SH,,DFND,,74644,0,235014
586,PROSUS N V SPONSORED ADR,COM,74365P108,644,34625,SH,,SOLE,,34625,0,0
587,PUBLIC SVC ENTERPRISE GRP INC,COM,744573106,225,4578,SH,,DFND,,4561,0,17
588,QTS RLTY TR INC,COM,74736A103,1407,21958,SH,,SOLE,,21958,0,0
589,QORVO INC COM,COM,74736K101,91698,829621,SH,,DFND,,407018,0,422603
590,QUALCOMM INC,COM,747525103,28899,316836,SH,,DFND,,98192,0,218644
591,QUALICORP S A SPON ADR ADR,COM,74752K100,2661,501249,SH,,SOLE,,501249,0,0
592,QUANEX BUILDING PRODUCTS CORP,COM,747619104,1009,72727,SH,,DFND,,0,0,72727
593,RLJ LODGING TR,COM,74965L101,18917,2003942,SH,,DFND,,869616,0,1134326
594,RAIA DROGASIL SA SPONSORED ADR,COM,750723108,2862,140735,SH,,SOLE,,140735,0,0
595,RANGE RES CORP,COM,75281A109,17029,3024625,SH,,DFND,,603408,0,2421217
596,RAYMOND JAMES FINANCIAL INC,COM,754730109,66768,970039,SH,,DFND,,321214,0,648825
597,RAYTHEON TECHNOLOGIES CORP,COM,75513E101,321142,5211652,SH,,DFND,,4896074,0,315577
598,REACH MESSAGING HLDGS INC,COM,75525E107,0,14000,SH,,SOLE,,14000,0,0
599,RECKITT BENCKISER GRP PLC ADR,COM,756255204,26966,1468236,SH,,DFND,,1413160,0,55076
600,RECRUIT HOLDINGS CO LTD ADR,COM,75629J101,4529,663460,SH,,DFND,,593374,0,70086
601,REGAL BELOIT CORP,COM,758750103,51720,592306,SH,,DFND,,289521,0,302785
602,REGENERON PHARMACEUTICALS,COM,75886F107,3206,5141,SH,,DFND,,263,0,4878
603,RELX PLC SPONSORED ADR ADR,COM,759530108,14122,599418,SH,,DFND,,25205,0,574213
604,RENASANT CORP,COM,75970E107,366,14718,SH,,DFND,,0,0,14718
605,REPSOL S A ADR,COM,76026T205,1015,116060,SH,,DFND,,109975,0,6085
606,REPUBLIC SVCS INC,COM,760759100,2260,27547,SH,,DFND,,25677,0,1870
607,RESMED INC,COM,761152107,6892,35895,SH,,DFND,,8163,0,27732
608,RESOURCES CONNECTION INC,COM,76122Q105,1229,102712,SH,,DFND,,0,0,102712
609,RETROPHIN INC,COM,761299106,832,40756,SH,,DFND,,1500,0,39256
610,REXFORD INDL RLTY INC,COM,76169C100,3149,76007,SH,,DFND,,19277,0,56730
611,RIO TINTO PLC ADR,COM,767204100,647614,11527480,SH,,DFND,,10379677,0,1147803
612,ROCHE HLDG LTD ADR,COM,771195104,544,12566,SH,,DFND,,11966,0,600
613,ROCKWELL AUTOMATION INC,COM,773903109,29448,138252,SH,,DFND,,43727,0,94525
614,ROGERS CORP,COM,775133101,21612,173450,SH,,DFND,,73318,0,100132
615,ROPER INDS INC NEW,COM,776696106,3261,8400,SH,,DFND,,2234,0,6166
616,ROSS STORES INC,COM,778296103,2567,30110,SH,,DFND,,23745,0,6365
617,ROWE T PRICE BLUE CHIP GROWTH,COM,77954Q106,333,2414,SH,,SOLE,,2414,0,0
618,ROYAL DUTCH SHELL PLC ADR,COM,780259107,2242,73624,SH,,DFND,,72797,0,827
619,ROYAL DUTCH SHELL PLC ADR,COM,780259206,498578,15251703,SH,,DFND,,15090067,0,161636
620,SDC INTL INC,COM,784051104,0,10400,SH,,SOLE,,10400,0,0
621,S&P GLOBAL INC,COM,78409V104,289,878,SH,,DFND,,871,0,7
622,SEI INVTS CO,COM,784117103,712,12950,SH,,SOLE,,12950,0,0
623,SMC CORP JAPAN ADR,COM,78445W306,229289,8965872,SH,,DFND,,8868675,0,97196
624,SPDR S&P 500 ETF TR TR UNIT,COM,78462F103,1668,5410,SH,,DFND,,5175,0,235
625,SPDR GOLD TR GOLD SHS,COM,78463V107,343,2048,SH,,DFND,,1948,0,100
626,SPDR EURO STOXX 50 ETF,COM,78463X202,1435,40380,SH,,DFND,,37761,0,2618
627,SPDR PORTFOLIO INTERMEDIATE TE,COM,78464A375,3377,92457,SH,,SOLE,,92457,0,0
628,SPDR SERIES TRUST PORTFLIO MOR,COM,78464A383,734,27411,SH,,SOLE,,27411,0,0
629,SPDR SER TR PRTFLO S&P500 GW,COM,78464A409,205,4573,SH,,SOLE,,4573,0,0
630,SPDR PORTFOLIO SHORT TERM CORP,COM,78464A474,610962,19494638,SH,,DFND,,19297946,0,196691
631,SPDR SER TR AEROSPACE DEF,COM,78464A631,339,3870,SH,,SOLE,,3870,0,0
632,SPDR SER TR S&P METALS MNG,COM,78464A755,653,30794,SH,,SOLE,,30794,0,0
633,SPDR SER TR S&P BIOTECH,COM,78464A870,288,2573,SH,,SOLE,,2573,0,0
634,SPDR BLOOMBERG BARCLAYS SHORT,COM,78468R408,229,9077,SH,,SOLE,,9077,0,0
635,SPDR S&P OIL& GAS E&P ETF,COM,78468R556,3198,61281,SH,,DFND,,60638,0,643
636,SPDR SERIES TRUST BLOOMBERG BR,COM,78468R622,51439,508493,SH,,DFND,,502220,0,6273
637,SPDR SER TR SPDR BLOOMBERG,COM,78468R663,718,7846,SH,,SOLE,,7846,0,0
638,SPDR SER TR NUVN BLOOMBERG MU,COM,78468R721,215157,4164870,SH,,DFND,,4129335,0,35535
639,SVB FINANCIAL GROUP,COM,78486Q101,162163,752390,SH,,DFND,,378437,0,373953
640,SVMK INC,COM,78489X103,2018,85743,SH,,SOLE,,85743,0,0
641,SABLE NAT RES INC,COM,78573J101,0,117581,SH,,SOLE,,117581,0,0
642,SAFRAN ADR,COM,786584102,2637,105249,SH,,DFND,,94438,0,10811
643,SALESFORCE COM INC,COM,79466L302,2155485,11506350,SH,,DFND,,10608347,0,898003
644,SAMSUNG ELECTRONIC GDR EACH RE,COM,796050AAT,54097,49045,SH,,SOLE,,49045,0,0
645,SANOFI ADR,COM,80105N105,926846,18155655,SH,,DFND,,17288444,0,867211
646,SANTO MNG CORP,COM,802899203,0,110000,SH,,SOLE,,110000,0,0
647,SAP SE ADR,COM,803054204,1111368,7938340,SH,,DFND,,7825290,0,113049
648,SAREPTA THERAPEUTICS INC,COM,803607100,5818,36283,SH,,DFND,,2304,0,33979
649,SBERBANK RUSSIA SPONSORED ADR,COM,80585Y308,980,86038,SH,,SOLE,,86038,0,0
650,HENRY SCHEIN INC,COM,806407102,363,6210,SH,,DFND,,3814,0,2396
651,SCHLUMBERGER LTD,COM,806857108,244648,13303305,SH,,DFND,,12287668,0,1015636
652,SCHNEIDER ELECTRIC SE ADR,COM,80687P106,240079,10808780,SH,,DFND,,10697345,0,111435
653,SCHWAB STRATEGIC TR US BRD MKT,COM,808524102,872,11870,SH,,SOLE,,11870,0,0
654,SCHWAB STRATEGIC TR US LCAP GR,COM,808524300,292,2871,SH,,SOLE,,2871,0,0
655,SCHWAB STRATEGIC TR US LCAP VA,COM,808524409,245,4880,SH,,SOLE,,4880,0,0
656,SCHWAB STRATEGIC TR US SML CAP,COM,808524607,335,5120,SH,,SOLE,,5120,0,0
657,SCHWAB STRATEGIC TR EMRG MKTEQ,COM,808524706,355,14599,SH,,SOLE,,14599,0,0
658,SCHWAB STRATEGIC TR US DIVIDEN,COM,808524797,1078,20837,SH,,SOLE,,20837,0,0
659,SCHWAB STRATEGIC TR INTL EQTY,COM,808524805,631,21220,SH,,SOLE,,21220,0,0
660,SCHWAB STRATEGIC TR US AGGREGA,COM,808524839,226,4026,SH,,SOLE,,4026,0,0
661,SCHWAB STRATEGIC TR US TIPS ET,COM,808524870,298,4963,SH,,SOLE,,4963,0,0
662,SCOTTS MIRACLE GRO CO,COM,810186106,118471,881023,SH,,DFND,,433667,0,447356
663,SEATTLE GENETICS INC,COM,812578102,319,1875,SH,,SOLE,,1875,0,0
664,SPDR HEALTH CARE SELECT SECTOR,COM,81369Y209,40851,408224,SH,,DFND,,402237,0,5986
665,SPDR CONS STAPLES SELECT SCTR,COM,81369Y308,461,7861,SH,,DFND,,7703,0,158
666,SPDR CONS DISC SELECT SECTOR,COM,81369Y407,47919,375214,SH,,DFND,,369764,0,5450
667,SPDR ENERGY SELECT SECTOR,COM,81369Y506,1162,30693,SH,,SOLE,,30693,0,0
668,SPDR FINANCIALS SELECT SECTOR,COM,81369Y605,1538,66479,SH,,DFND,,66191,0,288
669,SPDR INDUSTRIALS SELECT SECTOR,COM,81369Y704,39132,569602,SH,,DFND,,561657,0,7944
670,SPDR TECHNOLOGY SELECT SECTOR,COM,81369Y803,2243,21463,SH,,DFND,,21239,0,224
671,SEMTECH CORP,COM,816850101,68685,1315301,SH,,DFND,,558492,0,756809
672,SERVICENOW INC,COM,81762P102,102257,252450,SH,,DFND,,177382,0,75068
673,SERVISFIRST BANCSHARES INC,COM,81768T108,2438,68186,SH,,DFND,,257,0,67929
674,SHOPIFY INC,COM,82509L107,469,494,SH,,SOLE,,494,0,0
675,SIEMENS A G ADR,COM,826197501,788045,13395108,SH,,DFND,,13247903,0,147204
676,SILVER FALCON MNG INC,COM,82771R105,0,21900,SH,,SOLE,,21900,0,0
677,SILVERADO GOLD MINES LTD,COM,827906207,0,20000,SH,,SOLE,,20000,0,0
678,SILVER STAR ENERGY INC,COM,828234203,0,25750,SH,,SOLE,,25750,0,0
679,SIMMONS 1ST NATL CORP,COM,828730200,2310,135000,SH,,DFND,,0,0,135000
680,SIMPSON MANUFACTURING CO INC,COM,829073105,15551,184346,SH,,DFND,,126027,0,58319
681,SIRIUS XM HLDGS INC,COM,82968B103,71,12154,SH,,SOLE,,12154,0,0
682,SMARTCOOL SYS INC,COM,83171N108,1,119000,SH,,SOLE,,119000,0,0
683,SMITH& NEPHEW GROUP PLC ADR,COM,83175M205,466,12219,SH,,SOLE,,12219,0,0
684,SMART CANNABIS CORP,COM,83186E101,0,10000,SH,,SOLE,,10000,0,0
685,SNAP ON INC,COM,833034101,2490,17975,SH,,DFND,,14714,0,3261
686,SOCIETE GENERALE FRANCE SP ADR,COM,83364L109,2043,614444,SH,,DFND,,606941,0,7503
687,SOFTBANK GROUP CORP ADR ADR,COM,83404D109,12141,480673,SH,,DFND,,472655,0,8018
688,SORRENTO TECH INC,COM,83587V108,0,10365,SH,,SOLE,,10365,0,0
689,SOUTH AMERN GOLD CORP COM NEW,COM,836301200,0,21000,SH,,SOLE,,21000,0,0
690,SOUTH ST CORP,COM,840441109,688,14440,SH,,DFND,,515,0,13925
691,SOUTHERN CO,COM,842587107,3117,60110,SH,,DFND,,59360,0,750
692,SOUTHERN COPPER CORP COM,COM,84265V105,177975,4475097,SH,,DFND,,2047880,0,2427217
693,SOUTHSIDE BANCSHARES INC,COM,84470P109,853,30771,SH,,DFND,,0,0,30771
694,SOUTHWESTERN ENERGY CO,COM,845467109,10942,4274150,SH,,DFND,,4198816,0,75334
695,SPECTRUM PHARMACEUTICALS INC,COM,84763A108,291,85954,SH,,DFND,,500,0,85454
696,SPIRIT AEROSYSTEMS HLDGS INC,COM,848574109,2982,124541,SH,,DFND,,55623,0,68918
697,SPIRAL TOYS INC,COM,84857J106,0,12000,SH,,SOLE,,12000,0,0
698,SPLUNK INC,COM,848637104,3312,16667,SH,,DFND,,1366,0,15301
699,SPONGETECH DELIVERY SYS INC,COM,849109103,0,20000,SH,,SOLE,,20000,0,0
700,SQUARE INC,COM,852234103,137523,1310492,SH,,DFND,,1070651,0,239841
701,STAMPS COM INC,COM,852857200,125899,685386,SH,,DFND,,307831,0,377555
702,STANDARD ENERGY CORP,COM,853373108,4,595920,SH,,SOLE,,595920,0,0
703,STARBUCKS CORP,COM,855244109,572974,7786036,SH,,DFND,,7434460,0,351575
704,STEEL DYNAMICS INC,COM,858119100,749,28706,SH,,DFND,,25468,0,3238
705,STEWART INFORMATION SVCS CORP,COM,860372101,1898,58394,SH,,DFND,,34272,0,24122
706,STIFEL FINL CORP,COM,860630102,58218,1227448,SH,,DFND,,743068,0,484380
707,STONE MEDIA CORP,COM,861652105,0,17000,SH,,SOLE,,17000,0,0
708,STRYKER CORPORATION,COM,863667101,428676,2379024,SH,,DFND,,2284069,0,94954
709,SUMITOMO MITSUI FINL GROUP ADR,COM,86562M209,1302,231703,SH,,DFND,,217086,0,14617
710,SUMMIT HOTEL PPTYS INC,COM,866082100,353,59541,SH,,DFND,,0,0,59541
711,SWISS RE LTD ADR,COM,870886108,408,21173,SH,,DFND,,19044,0,2129
712,SYNAPTICS INC,COM,87157D109,79185,1317111,SH,,DFND,,635554,0,681557
713,SYNOPSYS INC,COM,871607107,5680,29130,SH,,DFND,,24473,0,4657
714,SYNOVUS FINL CORP,COM,87161C501,824,40136,SH,,DFND,,1335,0,38801
715,SYNTHETIC BIOLOGICS INC COM NE,COM,87164U201,31,60328,SH,,SOLE,,60328,0,0
716,SYSCO CORP,COM,871829107,343,6272,SH,,SOLE,,6272,0,0
717,TJX COS INC NEW,COM,872540109,245,4854,SH,,SOLE,,4854,0,0
718,T-MOBILE US INC,COM,872590104,353,3385,SH,,DFND,,3350,0,35
719,TRI POINTE GROUPS INC COM,COM,87265H109,13659,929838,SH,,DFND,,192493,0,737345
720,TAIWAN SEMICONDUCTOR MFG L ADR,COM,874039100,1674700,29499743,SH,,DFND,,16905968,0,12593775
721,TARGET CORP,COM,87612E106,416,3468,SH,,SOLE,,3468,0,0
722,TAYLOR MORRISON HOME CORP,COM,87724P106,2910,150842,SH,,DFND,,91695,0,59147
723,TELEDYNE TECHNOLOGIES INC,COM,879360105,68844,221400,SH,,DFND,,72630,0,148770
724,TELEFLEX INCORPORATED,COM,879369106,2181,5992,SH,,DFND,,4620,0,1372
725,TELEPERFORMANCE SA ADR,COM,87946F100,697,5495,SH,,DFND,,4881,0,614
726,TEMENOS GROUP AG ADR,COM,87974R208,3391,21837,SH,,DFND,,19808,0,2029
727,TENCENT HLDGS LTD ADR ADR,COM,88032Q109,2099890,32641606,SH,,DFND,,30233000,0,2408606
728,TERADYNE INC,COM,880770102,15843,187466,SH,,DFND,,24249,0,163217
729,TEREX CORP NEW,COM,880779103,49874,2657139,SH,,DFND,,1246280,0,1410859
730,TERUMO CORP ADR,COM,88156J105,528,13952,SH,,DFND,,11912,0,2040
731,TESLA INC,COM,88160R101,653,605,SH,,DFND,,595,0,10
732,TETRA TECH INC NEW,COM,88162G103,1259,15907,SH,,SOLE,,15907,0,0
733,TEXAS CAPITAL BANCSHARES INC,COM,88224Q107,6738,218277,SH,,DFND,,211220,0,7057
734,TEXAS INSTRS INC,COM,882508104,52740,415372,SH,,DFND,,106796,0,308576
735,TEXAS PAC LD RTY TR,COM,882610108,260,438,SH,,SOLE,,438,0,0
736,THERATECHNOLOGIES INC,COM,88338H100,136,67583,SH,,SOLE,,67583,0,0
737,THERMO FISHER SCIENTIFIC INC,COM,883556102,554271,1529698,SH,,DFND,,1424990,0,104708
738,3M CO,COM,88579Y101,690916,4429230,SH,,DFND,,4243824,0,185406
739,TIREX CORP,COM,88823T106,0,24900,SH,,SOLE,,24900,0,0
740,TOKYO ELEC PWR CO HLDGS IN ADR,COM,889109104,121,39500,SH,,SOLE,,39500,0,0
741,TOKYO ELECTRON LTD ADR ADR,COM,889110102,249639,4074484,SH,,DFND,,4027118,0,47366
742,TOLL BROTHERS INC,COM,889478103,4692,143965,SH,,DFND,,68590,0,75375
743,TORO CO,COM,891092108,76964,1160147,SH,,DFND,,579019,0,581128
744,TOTAL SE-SPON ADR ADR,COM,89151E109,793011,20619119,SH,,DFND,,19717162,0,901956
745,TOYOTA MOTOR CORP ADR,COM,892331307,482631,3841687,SH,,DFND,,3800583,0,41104
746,TREEHOUSE FOODS INC,COM,89469A104,313,7151,SH,,SOLE,,7151,0,0
747,TRIP COM GROUP LTD ADR,COM,89677Q107,274887,10605191,SH,,DFND,,4327873,0,6277318
748,TRUIST FINANCIAL CORPORATIONCO,COM,89832Q109,258,6877,SH,,DFND,,6835,0,42
749,TYSON FOODS INC,COM,902494103,1375,23021,SH,,DFND,,929,0,22092
750,FI ENHANCED LRG CAP GROWTH UBS,COM,902677780,67306,187402,SH,,DFND,,183996,0,3406
751,FI ENHANCED GLBL HIGH YLD UBS,COM,90274D218,7682,54239,SH,,DFND,,50974,0,3265
752,FI ENHANCED EUROPE 50 ETN UBS,COM,90274D234,543,4388,SH,,DFND,,4280,0,108
753,UMB FINL CORP,COM,902788108,14306,277526,SH,,DFND,,137391,0,140135
754,UFP INDUSTRIES INC,COM,90278Q108,7454,150551,SH,,DFND,,72458,0,78093
755,US BANCORP DEL,COM,902973304,4145,112569,SH,,DFND,,111243,0,1326
756,UMPQUA HLDGS CORP,COM,904214103,30446,2861508,SH,,DFND,,1367540,0,1493968
757,UNILEVER N V ADR,COM,904784709,10237,192180,SH,,DFND,,183364,0,8816
758,UNION PAC CORP,COM,907818108,681161,4028867,SH,,DFND,,3972699,0,56168
759,UNITED CANNABIS CORP,COM,909747107,0,19000,SH,,SOLE,,19000,0,0
760,UNITED PARCEL SERVICE INC,COM,911312106,5899,53058,SH,,DFND,,20632,0,32426
761,UNITED RENTALS INC,COM,911363109,5968,40045,SH,,DFND,,19757,0,20288
762,UNITEDHEALTH GROUP INC,COM,91324P102,692268,2347070,SH,,DFND,,2283379,0,63691
763,USINAS SIDERURGICAS DE MIN ADR,COM,917302200,2585,1938834,SH,,SOLE,,1938834,0,0
764,VALE S A ADR,COM,91912E105,427734,41487299,SH,,DFND,,16742337,0,24744962
765,VALERO ENERGY CORP NEW COM,COM,91913Y100,1780,30258,SH,,DFND,,25528,0,4730
766,VANECK VECTORS ETF TR SEMICOND,COM,92189F676,1211,7928,SH,,SOLE,,7928,0,0
767,VANECK VECTORS ETF TR OIL SVCS,COM,92189H607,2985,24490,SH,,DFND,,24175,0,315
768,VANGUARD BD INDEX FDS SHORT TR,COM,921937827,227,2728,SH,,SOLE,,2728,0,0
769,VANGUARD FTSE DEVELOPED MKT,COM,921943858,104126,2684359,SH,,DFND,,2649712,0,34647
770,VANGUARD TOTAL WORLD STOCK ETF,COM,922042742,3382,45211,SH,,DFND,,44424,0,787
771,VANGUARD FTSE EMERGING MKT ETF,COM,922042858,16616,419498,SH,,DFND,,413354,0,6143
772,VANGUARD FTSE EUROPE ETF,COM,922042874,104383,2073965,SH,,DFND,,2043261,0,30703
773,VANGUARD WORLD FDS CONSUM DIS,COM,92204A108,329,1647,SH,,SOLE,,1647,0,0
774,VANGUARD INDUSTRIALS ETF,COM,92204A603,672,5175,SH,,SOLE,,5175,0,0
775,VANGUARD WORLD FDS INF TECH ET,COM,92204A702,672,2411,SH,,SOLE,,2411,0,0
776,VANGUARD FDS SHRT-TERM CORP,COM,92206C409,264,3199,SH,,DFND,,2603,0,596
777,VANGUARD SCOTTSDALE FDS MORTG-,COM,92206C771,93092,1712195,SH,,DFND,,1697192,0,15003
778,VANGUARD FDS INT-TERM CORP,COM,92206C870,2996674,31497520,SH,,DFND,,31191379,0,306141
779,VEECO INSTRS INC DEL,COM,922417100,15134,1121840,SH,,DFND,,585074,0,536766
780,VELATEL GLOBAL COMMUNICATIONS,COM,92256R207,0,10000,SH,,SOLE,,10000,0,0
781,VANGUARD MUN BD FD INC TAX EXE,COM,922907746,549,10145,SH,,SOLE,,10145,0,0
782,VANGUARD S&P 500 ETF,COM,922908363,208032,733979,SH,,DFND,,724673,0,9306
783,VANGUARD INDEX FDS MCAP VL IDX,COM,922908512,410,4281,SH,,SOLE,,4281,0,0
784,VANGUARD INDEX FDS SM CP VAL E,COM,922908611,408,3820,SH,,SOLE,,3820,0,0
785,VANGUARD INDEX FDS GROWTH ETF,COM,922908736,1952,9659,SH,,DFND,,9572,0,87
786,VANGUARD INDEX FDS TOTAL STK M,COM,922908769,662,4229,SH,,SOLE,,4229,0,0
787,VERISIGN INC,COM,92343E102,598,2889,SH,,SOLE,,2889,0,0
788,VERIZON COMMUNICATIONS INC,COM,92343V104,2210,40093,SH,,DFND,,39043,0,1050
789,VERINT SYS INC,COM,92343X100,61852,1369017,SH,,DFND,,643599,0,725418
790,VERTEX PHARMACEUTICALS INC,COM,92532F100,6771,23323,SH,,DFND,,4696,0,18627
791,VIAVI SOLUTIONS INC,COM,925550105,16835,1321415,SH,,DFND,,852307,0,469108
792,VINCI S A ADR,COM,927320101,224946,9769778,SH,,DFND,,9671154,0,98624
793,VIPSHOP HLDGS LTD ADR,COM,92763W103,3504,176008,SH,,SOLE,,176008,0,0
794,VISA INC,COM,92826C839,4052559,20979235,SH,,DFND,,19800174,0,1179060
795,VIRTUAL ED LINK INC,COM,92826J107,0,400000,SH,,SOLE,,400000,0,0
796,VISHAY INTERTECHNOLOGY INC,COM,928298108,68682,4497840,SH,,DFND,,2029756,0,2468084
797,VMWARE INC,COM,928563402,3715,23987,SH,,DFND,,1095,0,22892
798,WNS HLDGS LTD ADR,COM,92932M101,11160,202990,SH,,SOLE,,202990,0,0
799,WP CAREY INC,COM,92936U109,385,5685,SH,,SOLE,,5685,0,0
800,WABTEC,COM,929740108,470,8155,SH,,DFND,,6805,0,1350
801,WADDELL& REED FINL INC,COM,930059100,20773,1339302,SH,,DFND,,675809,0,663493
802,WALMART INC,COM,931142103,1322749,11043157,SH,,DFND,,10328687,0,714470
803,WASTE MGMT INC DEL,COM,94106L109,235,2221,SH,,DFND,,2207,0,14
804,WEBSTER FINL CORP CONN,COM,947890109,25887,904818,SH,,DFND,,463103,0,441715
805,WELLS FARGO CO NEW,COM,949746101,719,28078,SH,,SOLE,,28078,0,0
806,WELLS FARGO& CO,COM,94986RH46,15,15000,SH,,DFND,,0,0,15000
807,WELLSTAR INTL INC,COM,949902209,0,10000,SH,,SOLE,,10000,0,0
808,WEST PHARMACEUTICAL SVSC INC,COM,955306105,97143,427624,SH,,DFND,,115708,0,311916
809,WESTPORT FUEL SYSTEMS INC,COM,960908309,21,16739,SH,,SOLE,,16739,0,0
810,WEYERHAEUSER CO MTN BE,COM,962166104,1321,58797,SH,,DFND,,46460,0,12337
811,WINNEBAGO INDS INC,COM,974637100,70315,1055468,SH,,DFND,,495421,0,560047
812,WINTRUST FINL CORP,COM,97650W108,29611,678836,SH,,DFND,,371632,0,307204
813,WIPRO LTD ADR,COM,97651M109,15915,4808014,SH,,DFND,,4159521,0,648493
814,WISDOMTREE INVTS INC,COM,97717P104,2763,796353,SH,,DFND,,164210,0,632143
815,WOLTERS KLUWER N V ADR,COM,977874205,1015,12998,SH,,DFND,,11572,0,1426
816,WORKDAY INC,COM,98138H101,679,3622,SH,,SOLE,,3622,0,0
817,WORLD MOTO INC,COM,98158H106,0,20000,SH,,SOLE,,20000,0,0
818,WORTHINGTON INDS INC,COM,981811102,1593,42701,SH,,DFND,,18219,0,24482
819,WRIT MEDIA GROUP INC,COM,982549206,0,16000,SH,,SOLE,,16000,0,0
820,WYNN RESORTS LTD,COM,983134107,472,6340,SH,,SOLE,,6340,0,0
821,XCEL ENERGY INC,COM,98389B100,205,3281,SH,,SOLE,,3281,0,0
822,XYLEM INC,COM,98419M100,1310,20170,SH,,DFND,,753,0,19417
823,YASKAWA ELEC CORP ADR,COM,985087105,77029,1115471,SH,,DFND,,1104115,0,11356
824,YELP INC,COM,985817105,78263,3383629,SH,,DFND,,1659697,0,1723932
825,ZAP,COM,98912M201,0,10001,SH,,SOLE,,10001,0,0
826,ZENDESK INC,COM,98936J101,18273,206399,SH,,DFND,,145277,0,61122
827,ZIMMER BIOMET HOLDINGS INC,COM,98956P102,1838,15398,SH,,DFND,,11425,0,3973
828,ZOETIS INC,COM,98978V103,251,1828,SH,,DFND,,1789,0,39
829,ESC MICHIGAN ST STRATEGIC,COM,999127B6T,0,10000,SH,,SOLE,,10000,0,0
830,KRANESHARES CHNA INTERNT UCITS,COM,999127BDT,4859,125735,SH,,DFND,,0,0,125735
831,ESCROW LEHMAN BROS HLDGS 04.00,COM,99919747T,0,10000,SH,,SOLE,,10000,0,0
832,ESCROW OHIO ST POLLUTION,COM,9991CDA7T,0,10000,SH,,SOLE,,10000,0,0
833,NOVATEK OAO GDR EACH REPR GDR,COM,99921EC2T,7083,49812,SH,,SOLE,,49812,0,0
834,ESCROW ALPHA NATURAL RESOURCES,COM,99927D29T,0,26000,SH,,SOLE,,26000,0,0
835,SK HYNIX INC GDR,COM,9992921AT,24569,346215,SH,,SOLE,,346215,0,0
836,1/100 BERKSHIRE HTWY CLA100 SH,COM,99929324T,535,2,SH,,SOLE,,2,0,0
837,ESCROW JAMES RIVER COAL CO,COM,99935A1FT,0,75000,SH,,SOLE,,75000,0,0
838,ISHARES USD CORP BOND UCITS ET,COM,9993658CT,269,2100,SH,,DFND,,0,0,2100
839,OIL CO LUKOIL PJSC,COM,99947758T,4443,59834,SH,,SOLE,,59834,0,0
840,SPDR MSCI WORLD TECH UCITS ETF,COM,99949560T,236,3054,SH,,SOLE,,3054,0,0
841,ESCROW QUICKSILVER RESOURCES I,COM,9994AAD6T,0,50000,SH,,SOLE,,50000,0,0
842,ESCROW LEHMAN BROS 5.75,COM,99952ECCT,0,30000,SH,,SOLE,,30000,0,0
843,INVESCO S&P US HC UCITS ETF,COM,9995910DT,2003,4413,SH,,DFND,,0,0,4413
844,HALYK SAVINGS BANK EA REPR GDR,COM,9995B12BT,283,22788,SH,,SOLE,,22788,0,0
845,ESCROW LEHMAN BROTHERS HOLDING,COM,9995C1C8T,0,85000,SH,,SOLE,,85000,0,0
846,ESCROW LEHMAN BROS HLDG,COM,9995ED22T,0,28000,SH,,SOLE,,28000,0,0
847,ESCROW WALKER INNOVATION,COM,9995FC1CT,0,17000,SH,,SOLE,,17000,0,0
848,KRANESHARES CHNA INTERNT UCITS,COM,9996A6F2T,28817,745727,SH,,DFND,,79789,0,665938
849,FED BANK GDR,COM,99978505T,2087,3092364,SH,,SOLE,,3092364,0,0
850,RSTK UNION GROUP INC,COM,99979B9AT,0,59620,SH,,SOLE,,59620,0,0
851,ESCROW LINNCO LLC ESCROW CUSI,COM,9997D568T,0,180969,SH,,DFND,,177959,0,3010
852,ESCROW LEHMAN BROS HLDGS INC,COM,99990D56T,0,17314,SH,,DFND,,17014,0,300
853,ESCROW EXCO RESOURCES INC,COM,999950DDT,0,40000,SH,,SOLE,,40000,0,0
854,ESCROW GENERAL MOTORS CORP,COM,9999BDB0T,0,27000,SH,,SOLE,,27000,0,0
855,ESCROW LEHMAN BROTHERS HOLDING,COM,9999CDBCT,0,30000,SH,,SOLE,,30000,0,0
856,ESCROW LEHMAN BROTHERS HOLDING,COM,999A198BT,0,20000,SH,,SOLE,,20000,0,0
857,ESCROW AMR CORP,COM,999B19B2T,0,105471,SH,,SOLE,,105471,0,0
858,INVESCO S&P US TECH UCITS ETF,COM,999B39FCT,4206,16394,SH,,DFND,,0,0,16394
859,ESCROW CA STATEWIDE CMNTY DEV,COM,999CCEC0T,0,10000,SH,,SOLE,,10000,0,0
860,ESCROW WASHINGTON MUTUAL INC,COM,999D5458T,0,27880,SH,,SOLE,,27880,0,0
861,ESCROW WONDER AUTO TECHNOLOGY,COM,999E5491T,0,10370,SH,,SOLE,,10370,0,0
862,VANGUARD FUNDS PLC FTSE EMERGI,COM,999F551FT,2812,51953,SH,,SOLE,,51953,0,0
863,ESCROW ILINC COMM INC,COM,999F9485T,0,15000,SH,,SOLE,,15000,0,0
864,100000TH MARRIOT INTL INC,COM,FHB90320T,0,113038,SH,,SOLE,,113038,0,0
865,ALKERMES PLC,COM,G01767105,1687,86917,SH,,DFND,,57316,0,29601
866,AMDOCS LTD,COM,G02602103,2152,35355,SH,,DFND,,29246,0,6109
867,ATLASSIAN CORP PLC CL A,COM,G06242104,84433,468369,SH,,DFND,,193329,0,275040
868,ACCENTURE PLC IRELAND,COM,G1151C101,266,1239,SH,,DFND,,1205,0,34
869,CREDICORP LTD,COM,G2519Y108,83643,625745,SH,,DFND,,238032,0,387713
870,EATON CORP PLC,COM,G29183103,249,2847,SH,,SOLE,,2847,0,0
871,GEELY AUTOMOTIVE HLDGS LTD,COM,G3777B103,25,16000,SH,,SOLE,,16000,0,0
872,GETGO INC,COM,G38529106,0,315000,SH,,SOLE,,315000,0,0
873,GENPACT LIMITED,COM,G3922B107,3009,82388,SH,,DFND,,65883,0,16505
874,HELEN OF TROY CORP LTD,COM,G4388N106,97530,517238,SH,,DFND,,228925,0,288313
875,JANUS HENDERSON GROUP PLC ORD,COM,G4474Y214,26407,1247978,SH,,DFND,,608920,0,639058
876,ICON PLC,COM,G4705A100,1526,9061,SH,,SOLE,,9061,0,0
877,LAZARD LTD SHS A,COM,G54050102,42331,1478555,SH,,DFND,,482102,0,996453
878,LIVANOVA PLC SHS,COM,G5509L101,5831,121148,SH,,DFND,,15148,0,106000
879,MARVELL TECHNOLOGY GROUP LTD,COM,G5876H105,60569,1727585,SH,,DFND,,986570,0,741015
880,MEDTRONIC PLC,COM,G5960L103,144547,1576303,SH,,DFND,,1299641,0,276662
881,SINA CORP,COM,G81477104,1070,29796,SH,,SOLE,,29796,0,0
882,STERIS PLC,COM,G8473T100,102388,667284,SH,,DFND,,301219,0,366065
883,TECHNIPFMC LTD COM,COM,G87110105,5787,846026,SH,,DFND,,61720,0,784306
884,TRANE TECHNOLOGIES PLC,COM,G8994E103,1017,11433,SH,,SOLE,,11433,0,0
885,ALCON INC,COM,H01301128,42259,737255,SH,,DFND,,723298,0,13957
886,CHUBB LIMITED,COM,H1467J104,269,2127,SH,,SOLE,,2127,0,0
887,UBS GROUP AG,COM,H42097107,2455,212714,SH,,DFND,,210627,0,2087
888,NESTLE S A,COM,H57312649,410,3711,SH,,SOLE,,3711,0,0
889,GLOBANT S A COM,COM,L44385109,177346,1183491,SH,,DFND,,368476,0,815015
890,CHECK POINT SOFTWARE TECH LTD,COM,M22465104,3024,28149,SH,,SOLE,,28149,0,0
891,ELBIT SYS LTD,COM,M3760D101,5241,38241,SH,,SOLE,,38241,0,0
892,STRATASYS LTD,COM,M85548101,34088,2149291,SH,,DFND,,1023893,0,1125398
893,WIX COM LTD,COM,M98068105,541,2111,SH,,SOLE,,2111,0,0
894,ASML HOLDING N V NYS,COM,N07059210,1304972,3545831,SH,,DFND,,3045156,0,500675
895,CORE LABORATORIES N V,COM,N22717107,18453,908137,SH,,DFND,,379823,0,528314
896,NXP SEMICONDUCTORS N V,COM,N6596X109,139088,1219645,SH,,DFND,,438529,0,781116
897,YANDEX N V,COM,N97284108,294414,5885935,SH,,DFND,,2544163,0,3341772
898,MAKEMYTRIP LTD,COM,V5633W109,2378,155217,SH,,SOLE,,155217,0,0
899,BENGUET CORP BC SHS,COM,Y07832143,2,90000,SH,,SOLE,,90000,0,0
900,CHINA OILFIELD SERVICES LTD,COM,Y15002101,33,39320,SH,,SOLE,,39320,0,0
901,PT HM SAMPOERNA TBK,COM,Y7121Z146,2,17045,SH,,SOLE,,17045,0,0
