,NAME OF ISSUER,TITLE OF CLASS,CUSIP,(x$1000),PRN AMT,PRN,CALL,DISCRETION,MANAGER,SOLE,SHARED,NONE
0,AAR CORP,COM,000361105,39919,1056627,SH,,DFND,,452957,0,603670
1,ABB LTD ADR,COM,000375204,214301,8658635,SH,,DFND,,8478864,0,179771
2,A.P. MOLLER-MAERSK A/S ADR,COM,00202F102,125,13175,SH,,SOLE,,13175,0,0
3,AT&T INC,COM,00206R102,3478,88802,SH,,DFND,,87392,0,1410
4,ABBOTT LABS,COM,002824100,18490,346505,SH,,DFND,,70625,0,275880
5,ABBVIE INC,COM,00287Y109,60716,683274,SH,,DFND,,158636,0,524638
6,ACADIA HEALTHCARE COMPANY INC,COM,00404A109,9791,204996,SH,,DFND,,195096,0,9900
7,ACADIA RLTY TR,COM,004239109,28312,989223,SH,,DFND,,615318,0,373905
8,ACETO CORP,COM,004446100,1737,154668,SH,,DFND,,0,0,154668
9,ACTIVISION BLIZZARD INC,COM,00507V109,388,6015,SH,,SOLE,,6015,0,0
10,ADAMAS PHARMACEUTICALS INC,COM,00548A106,773,36506,SH,,DFND,,75,0,36431
11,ADVANCED INFO SVC PUB LTD ADR,COM,00753G103,544,95033,SH,,SOLE,,95033,0,0
12,ADVANCED SEMICONDUCTOR ENG ADR,COM,00756M404,188942,30573124,SH,,DFND,,12497135,0,18075989
13,ADVANCED ENERGY INDS,COM,007973100,14422,178575,SH,,DFND,,4248,0,174327
14,AEROVIRONMENT INC,COM,008073108,1904,35190,SH,,DFND,,0,0,35190
15,AFFILIATED MANAGERS GROUP,COM,008252108,5107,26904,SH,,SOLE,,26904,0,0
16,AGILENT TECHNOLOGIES INC,COM,00846U101,609,9493,SH,,SOLE,,9493,0,0
17,AGENUS INC,COM,00847G705,851,192900,SH,,DFND,,0,0,192900
18,ALIBABA GROUP HLDG LTD ADR,COM,01609W102,1776857,10288095,SH,,DFND,,6804351,0,3483744
19,ALIGN TECHNOLOGY INC,COM,016255101,17049,91526,SH,,DFND,,17411,0,74115
20,ALLIANCEBERNSTEIN MUN INCM NAT,NATL PTFLO ADV,018642819,191,18520,SH,,SOLE,,18520,0,0
21,ALLSCRIPTS HEALTHCARE SOLUTNS,COM,01988P108,33351,2343733,SH,,DFND,,1297110,0,1046623
22,ALLSTATE CORP,COM,020002101,255,2772,SH,,DFND,,2676,0,96
23,ALMOST FAMILY INC,COM,020409108,3722,69313,SH,,DFND,,0,0,69313
24,ALPHABET INC CLASS C,COM,02079K107,234106,244086,SH,,DFND,,220618,0,23468
25,ALPHABET INC CLASS A,COM,02079K305,1036368,1064338,SH,,DFND,,964952,0,99386
26,ALTO GROUP HOLDINGS INC,COM,021515101,0,43034,SH,,SOLE,,43034,0,0
27,ALTRIA GROUP INC,COM,02209S103,4854,76545,SH,,DFND,,41006,0,35539
28,AMAZON COM INC COM,COM,023135106,1687559,1755405,SH,,DFND,,1611488,0,143917
29,AMBEV SA ADR,COM,02319V103,168947,25636847,SH,,DFND,,15393812,0,10243035
30,AMERICA MOVIL SAB DE CV ADR,COM,02364W105,256758,14465253,SH,,DFND,,5779043,0,8686210
31,AMERICAN CAMPUS CMNTYS INC,COM,024835100,798,18075,SH,,SOLE,,18075,0,0
32,AMERICAN ELEC PWR INC,COM,025537101,272,3879,SH,,SOLE,,3879,0,0
33,AMERICAN EXPRESS CO,COM,025816109,1044577,11547390,SH,,DFND,,10737499,0,809891
34,AMERICAN TOWER CORP NEW,COM,03027X100,318,2326,SH,,SOLE,,2326,0,0
35,AMERISAFE INC,COM,03071H100,2889,49644,SH,,DFND,,0,0,49644
36,AMERISOURCEBERGEN CORP,COM,03073E105,5518,66678,SH,,DFND,,57802,0,8876
37,AMERIS BANCORP,COM,03076K108,5510,114796,SH,,DFND,,0,0,114796
38,AMGEN INC,COM,031162100,24125,129392,SH,,DFND,,28183,0,101209
39,AMPHENOL CORP NEW,COM,032095101,423,4997,SH,,SOLE,,4997,0,0
40,AMPHASTAR PHARMACEUTICALS INC,COM,03209R103,3792,212183,SH,,DFND,,0,0,212183
41,ANALOG DEVICES INC,COM,032654105,254,2946,SH,,SOLE,,2946,0,0
42,ANGLO AMERN PLC ADR,COM,03485P300,90,10000,SH,,SOLE,,10000,0,0
43,ANHEUSER BUSCH INBEV SA/NV ADR,COM,03524A108,694184,5818807,SH,,DFND,,5209984,0,608823
44,ANIKA THERAPEUTICS INC,COM,035255108,6132,105716,SH,,DFND,,3392,0,102324
45,ANIXTER INTL INC,COM,035290105,54204,637691,SH,,DFND,,281844,0,355847
46,ANSYS INC,COM,03662Q105,6735,54874,SH,,DFND,,47999,0,6875
47,APOGEE ENTERPRISES INC,COM,037598109,6805,141000,SH,,DFND,,0,0,141000
48,APPLE INC,COM,037833100,1678121,10888403,SH,,DFND,,9917181,0,971222
49,APPLIED MATLS INC,COM,038222105,326,6253,SH,,SOLE,,6253,0,0
50,ARRAY BIOPHARMA INC,COM,04269X105,1650,134180,SH,,DFND,,0,0,134180
51,ARTISAN PARTNERS ASSET MGMT IN,COM,04316A108,58627,1798359,SH,,DFND,,878717,0,919642
52,ASPEN PHARMACARE HLDGS LTD ADR,COM,04530Y106,421,18714,SH,,SOLE,,18714,0,0
53,ASPEN TECHNOLOGY INC,COM,045327103,125080,1991402,SH,,DFND,,1020963,0,970439
54,ASTRAZENECA PLC ADR,COM,046353108,393061,11601573,SH,,DFND,,11254379,0,347194
55,ATLAS AIR WORLDWIDE HLDGS,COM,049164205,72157,1096612,SH,,DFND,,493329,0,603283
56,AUTODESK INC,COM,052769106,25168,224197,SH,,DFND,,198399,0,25798
57,AUTOMATIC DATA PROCESSING INC,COM,053015103,601,5501,SH,,SOLE,,5501,0,0
58,B& G FOODS INC NEW,COM,05508R106,2181,68476,SH,,DFND,,238,0,68238
59,BAB INC,COM,055183107,9,13332,SH,,SOLE,,13332,0,0
60,BASF SE ADR,COM,055262505,368844,3465104,SH,,DFND,,3023343,0,441761
61,BP PLC ADR,COM,055622104,28295,736270,SH,,DFND,,16958,0,719312
62,BNP PARIBAS ADR,COM,05565A202,627497,15554212,SH,,DFND,,14143181,0,1411030
63,BAIDU INC ADR,COM,056752108,426522,1722000,SH,,DFND,,726793,0,995207
64,BALATON PWR INC,COM,057657108,0,20000,SH,,SOLE,,20000,0,0
65,BANCO BRADESCO S A SP ADR ADR,COM,059460303,254935,23029399,SH,,DFND,,8890976,0,14138423
66,BANCO BILBAO VIZCAYA ARGEN ADR,COM,05946K101,344294,38597989,SH,,DFND,,37835141,0,762848
67,BANCO MACRO SA ADR,COM,05961W105,1136,9679,SH,,SOLE,,9679,0,0
68,BANCO SANTANDER SA ADR,COM,05964H105,564802,81383608,SH,,DFND,,79635105,0,1748503
69,BANCORPSOUTH INC,COM,059692103,59851,1867428,SH,,DFND,,937335,0,930093
70,BANGKOK BK PLC ADR,COM,059893107,560,20038,SH,,SOLE,,20038,0,0
71,BANC OF CALIFORNIA INC,COM,05990K106,2431,117148,SH,,DFND,,0,0,117148
72,BANK AMER CORP,COM,060505104,413025,16299318,SH,,DFND,,15565745,0,733572
73,BANK NEW YORK MELLON CORP,COM,064058100,419,7896,SH,,SOLE,,7896,0,0
74,BANK PEKAO SA GDR,COM,064446RRT,1434,40880,SH,,SOLE,,40880,0,0
75,BANNER CORP,COM,06652V208,2976,48564,SH,,DFND,,0,0,48564
76,BARCLAYS PLC ADR,COM,06738E204,213776,20654732,SH,,DFND,,19399041,0,1255691
77,FI ENHANCED EUROPE 50 ETN BCS,COM,06742C129,473200,3661929,SH,,DFND,,3623376,0,38553
78,FI ENHANCED GLBL HIGH YLD BCS,COM,06742C152,1585734,9784255,SH,,DFND,,9662818,0,121437
79,FI ENHANCED EUR 50 ETN B BCS,COM,06744M836,172490,1113557,SH,,DFND,,1046945,0,66612
80,BARNES GROUP INC,COM,067806109,6274,89072,SH,,DFND,,72,0,89000
81,BAYER A G ADR,COM,072730302,702677,20620341,SH,,DFND,,18657031,0,1963310
82,BAYERISCHE MOTOREN WERKE A ADR,COM,072743305,146183,4332371,SH,,DFND,,4288341,0,44030
83,BBVA BANCO FRANCES S A ADR,COM,07329M100,468,22947,SH,,SOLE,,22947,0,0
84,BEACON ROOFING SUPPLY INC,COM,073685109,86447,1686777,SH,,DFND,,779479,0,907298
85,BECTON DICKINSON& CO,COM,075887109,459,2340,SH,,SOLE,,2340,0,0
86,BERKSHIRE HATHAWAY INC CL A,COM,084670108,1374,5,SH,,SOLE,,5,0,0
87,BERKSHIRE HATHAWAY INC CL B,COM,084670702,540526,2948539,SH,,DFND,,2736229,0,212310
88,BIO RAD LABS INC,COM,090572207,61653,277441,SH,,DFND,,127018,0,150423
89,BIOGEN INC,COM,09062X103,33774,107864,SH,,DFND,,14405,0,93459
90,BLACKROCK INC,COM,09247X101,49412,110518,SH,,DFND,,20893,0,89625
91,BLACKROCK MUN SER TR STRAT MUN,STRAT MUN OPP A,09253E104,144,12420,SH,,SOLE,,12420,0,0
92,BLACKROCK FDS II MLTAST INC IN,MLTAST INC INSTL,09256H336,313,28312,SH,,SOLE,,28312,0,0
93,BOEING CO,COM,097023105,69204,272230,SH,,DFND,,121331,0,150899
94,BORGWARNER INC,COM,099724106,8232,160680,SH,,DFND,,151780,0,8900
95,BOSTON BEER INC,COM,100557107,52168,333982,SH,,DFND,,212413,0,121569
96,BOTTOMLINE TECH DEL INC,COM,101388106,18306,575127,SH,,DFND,,216696,0,358431
97,BRILLIANCE CHINA AUTO HLDG ADR,COM,10949Q204,254,1910,SH,,SOLE,,1910,0,0
98,BRISTOL MYERS SQUIBB CO,COM,110122108,32156,504493,SH,,DFND,,423597,0,80896
99,BRITISH AMERN TOB PLC ADR,COM,110448107,552,8840,SH,,DFND,,7798,0,1042
100,BROOKFIELD ASSET MGMT INC,COM,112585104,262,6351,SH,,SOLE,,6351,0,0
101,BRUKER CORP,COM,116794108,4403,148000,SH,,SOLE,,148000,0,0
102,BUILDERS FIRSTSOURCE INC,COM,12008R107,1290,71717,SH,,DFND,,0,0,71717
103,CBRE CLARION GLOBAL REAL ESTAT,COM,12504G100,79,10000,SH,,SOLE,,10000,0,0
104,CF INDS HLDGS INC,COM,125269100,2296,65302,SH,,DFND,,58281,0,7021
105,CSL LTD ADR,COM,12637N204,5490,104456,SH,,DFND,,98606,0,5850
106,CSX CORP,COM,126408103,856,15776,SH,,SOLE,,15776,0,0
107,CVB FINL CORP,COM,126600105,4015,166112,SH,,DFND,,0,0,166112
108,CVS HEALTH CORPORATION COM,COM,126650100,21226,261022,SH,,DFND,,54014,0,207008
109,CA INC,COM,12673P105,6509,194989,SH,,DFND,,185493,0,9496
110,CABLEVISION HLDGS SA SPON GDR,COM,12687E104,471,20049,SH,,SOLE,,20049,0,0
111,CABOT MICROELECTRONICS CORP CO,COM,12709P103,4505,56367,SH,,DFND,,0,0,56367
112,CAL-BAY INTL INC,COM,12802P307,0,50000,SH,,SOLE,,50000,0,0
113,CALATLANTIC GROUP INC,COM,128195104,80815,2206255,SH,,DFND,,1091769,0,1114486
114,CAMDEN PPTY TR SH BEN INT,COM,133131102,6288,68762,SH,,SOLE,,68762,0,0
115,CANADIAN NATL RY CO,COM,136375102,40756,491920,SH,,DFND,,44920,0,447000
116,CAPITAL INCOME BLDR FD SH BEN,SH BEN INT,140193103,356,5670,SH,,SOLE,,5670,0,0
117,CAPITAL ONE FINL CORP,COM,14040H105,112102,1324145,SH,,DFND,,1317304,0,6841
118,CAPITOL FED FINL INC,COM,14057J101,29021,1974248,SH,,DFND,,982968,0,991280
119,CARDINAL CAP NET,COM,14148095T,0,25000,SH,,SOLE,,25000,0,0
120,CARNIVAL CORP,COM,143658300,271,4202,SH,,DFND,,4102,0,100
121,CATERPILLAR INC DEL,COM,149123101,748,5998,SH,,SOLE,,5998,0,0
122,CATHAY FINANCIAL-144A GDR,COM,14915V106,10350,652104,SH,,DFND,,13788,0,638316
123,CAVIUM INC,COM,14964U108,60414,916197,SH,,DFND,,472098,0,444099
124,CELGENE CORP,COM,151020104,38744,265695,SH,,DFND,,41372,0,224323
125,CEMEX SAB DE CV ADR,COM,151290889,73376,8081057,SH,,DFND,,157152,0,7923905
126,CENTERSTATE BANK CORPORATION,COM,15201P109,3184,118816,SH,,DFND,,1300,0,117516
127,CENTRAL PAC FINL CORP,COM,154760409,4012,124671,SH,,DFND,,0,0,124671
128,CERACON INC,COM,15699658T,0,23268,SH,,SOLE,,23268,0,0
129,CHARLES RIV LABS INTL INC,COM,159864107,48842,452156,SH,,DFND,,202366,0,249790
130,CHAROEN POKPHAND FOODS PLC ADR,COM,160904207,109,33936,SH,,SOLE,,33936,0,0
131,CHATHAM LODGING TR,COM,16208T102,933,43767,SH,,DFND,,0,0,43767
132,CHEMED CORP NEW,COM,16359R103,100268,496254,SH,,DFND,,267809,0,228445
133,CHEVRON CORP NEW,COM,166764100,461209,3925180,SH,,DFND,,3692487,0,232693
134,CHINA GOLD CORP,COM,16938L106,0,20000,SH,,SOLE,,20000,0,0
135,CHINA MOBILE LIMITED ADR,COM,16941M109,3087,61038,SH,,SOLE,,61038,0,0
136,CHINA LODGING GROUP LTD ADR,COM,16949N109,7858,66137,SH,,SOLE,,66137,0,0
137,CIELO S A ADR,COM,171778202,5120,738445,SH,,SOLE,,738445,0,0
138,CIMAREX ENERGY CO,COM,171798101,480,4225,SH,,SOLE,,4225,0,0
139,CINCINNATI FINL CORP,COM,172062101,12272,160274,SH,,DFND,,153725,0,6549
140,CISCO SYS INC,COM,17275R102,551094,16386990,SH,,DFND,,14762850,0,1624139
141,CITIGROUP INC,COM,172967424,325478,4474546,SH,,DFND,,3986128,0,488417
142,CLOROX CO DEL,COM,189054109,1481,11227,SH,,SOLE,,11227,0,0
143,CLOVIS ONCOLOGY INC,COM,189464100,2195,26633,SH,,DFND,,1633,0,25000
144,COCA COLA CO,COM,191216100,24530,544995,SH,,DFND,,418352,0,126643
145,COLGATE PALMOLIVE CO,COM,194162103,17892,245596,SH,,DFND,,64070,0,181526
146,COLUMBIA BKG SYS INC,COM,197236102,3809,90457,SH,,DFND,,0,0,90457
147,COMFORT SYS USA INC,COM,199908104,3428,96025,SH,,DFND,,0,0,96025
148,COMCAST CORP NEW CL A,COM,20030N101,527933,13719684,SH,,DFND,,12124077,0,1595607
149,COMMONWEALTH BANK OF AUSTR ADR,COM,202712600,1924,32583,SH,,DFND,,30683,0,1900
150,COMPAGNIE DE SAINT GOBAIN ADR,COM,204280309,6452,541231,SH,,DFND,,512781,0,28450
151,COMPAGNIE FIN RICHEMONTAG ADR,COM,204319107,174457,19074086,SH,,DFND,,18865365,0,208721
152,COMPANHIA BRASILEIRA DE DI ADR,COM,20440T201,27439,1159233,SH,,DFND,,79078,0,1080155
153,CONCERT PHARMACEUTICALS INC,COM,206022105,1104,74839,SH,,DFND,,0,0,74839
154,CONMED CORP,COM,207410101,32446,618378,SH,,DFND,,593308,0,25070
155,CONOCOPHILLIPS,COM,20825C104,304,6067,SH,,SOLE,,6067,0,0
156,COOPER COS INC,COM,216648402,28617,120689,SH,,DFND,,111373,0,9316
157,CORESITE RLTY CORP,COM,21870Q105,32098,286849,SH,,DFND,,159754,0,127095
158,CORELOGIC INC,COM,21871D103,101150,2188448,SH,,DFND,,1215370,0,973078
159,CORNING INC,COM,219350105,252,8427,SH,,DFND,,6927,0,1500
160,CORPORATE OFFICE PPTYS TR,COM,22002T108,20478,623750,SH,,DFND,,342412,0,281338
161,COSTCO WHSL CORP NEW,COM,22160K105,17256,105036,SH,,DFND,,22036,0,83000
162,COVENANT TRANSN GROUP INC,COM,22284P105,3543,122242,SH,,DFND,,0,0,122242
163,COWEN INC,COM,223622606,4120,231477,SH,,DFND,,0,0,231477
164,CREDIT AGRICOLE S A ADR ADR,COM,225313105,181189,19930319,SH,,DFND,,19700019,0,230300
165,CREDIT SUISSE GROUP ADR,COM,225401108,9556,604830,SH,,DFND,,604532,0,298
166,FI ENHANCED EUROPE 50 ETN CS,COM,22542D100,282596,2118252,SH,,DFND,,2045936,0,72316
167,FI ENHANCED LRG CAP GROWTH CS,COM,22542D423,1332355,6759106,SH,,DFND,,6577027,0,182079
168,CTRIP COM INTL LTD ADR,COM,22943F100,517044,9803646,SH,,DFND,,4122113,0,5681533
169,CUMMINS INC,COM,231021106,279,1662,SH,,SOLE,,1662,0,0
170,CYRUSONE INC,COM,23283R100,34192,580216,SH,,DFND,,298080,0,282136
171,DFA INVT DIMENSIONS GROUP INC,INTL CORE EQTY,233203371,243,17322,SH,,SOLE,,17322,0,0
172,D R HORTON INC,COM,23331A109,16382,410275,SH,,DFND,,394186,0,16089
173,DHI GROUP INC,COM,23331S100,738,283669,SH,,DFND,,0,0,283669
174,DST SYS INC DEL,COM,233326107,82137,1496669,SH,,DFND,,878608,0,618061
175,DXC TECHNOLOGY CO,COM,23355L106,222,2585,SH,,SOLE,,2585,0,0
176,DAIMLER AG UNSPONSOR ADR ADR,COM,233825207,342489,4293621,SH,,DFND,,4240461,0,53160
177,DANA INC,COM,235825205,19625,701894,SH,,DFND,,684891,0,17003
178,DANAHER CORP DEL COM,COM,235851102,441,5145,SH,,SOLE,,5145,0,0
179,DANONE ADR,COM,23636T100,3130,199428,SH,,DFND,,187787,0,11641
180,DARLING INGREDIENTS INC,COM,237266101,39305,2243446,SH,,DFND,,806182,0,1437264
181,DASSAULT SYS S A ADR,COM,237545108,6038,59676,SH,,DFND,,57426,0,2250
182,DEERE& CO,COM,244199105,402,3202,SH,,SOLE,,3202,0,0
183,DELEK US HLDGS INC NEW,COM,24665A103,2867,107251,SH,,SOLE,,107251,0,0
184,DENBURY RES INC,COM,247916208,13,10000,SH,,SOLE,,10000,0,0
185,DEUTSCHE POST AG ADR,COM,25157Y202,85831,1927593,SH,,DFND,,219343,0,1708250
186,DIAGEO P L C ADR,COM,25243Q205,1924,14560,SH,,DFND,,13785,0,775
187,DISNEY WALT CO,COM,254687106,440281,4466678,SH,,DFND,,4030909,0,435768
188,DISCOVERY COMM NEW COM SER A,COM,25470F104,9349,439103,SH,,DFND,,382400,0,56703
189,DISCOVERY COMM NEW COM SER C,COM,25470F302,585,28858,SH,,DFND,,19325,0,9533
190,DR REDDYS LABS LTD ADR,COM,256135203,195109,5468292,SH,,DFND,,2344344,0,3123948
191,DOMINION ENERGY INC,COM,25746U109,229,2975,SH,,DFND,,2675,0,300
192,DOMINOS PIZZA INC,COM,25754A201,230338,1160101,SH,,DFND,,527833,0,632268
193,DOWDUPONT INC,COM,26078J100,755,10903,SH,,SOLE,,10903,0,0
194,DRIL-QUIP INC,COM,262037104,16189,366678,SH,,DFND,,215678,0,151000
195,DUKE ENERGY CORP NEW,COM,26441C204,336,4004,SH,,DFND,,3604,0,400
196,EQT CORP,COM,26884L109,213,3262,SH,,SOLE,,3262,0,0
197,EAGLE BANCORP INC MD,COM,268948106,4985,74352,SH,,DFND,,14400,0,59952
198,E TRADE FINANCIAL CORP,COM,269246401,46102,1057146,SH,,DFND,,819356,0,237790
199,EAGLE PHARMACEUTICALS INC,COM,269796108,1427,23921,SH,,DFND,,0,0,23921
200,EAST WEST BANCORP INC,COM,27579R104,151448,2533422,SH,,DFND,,1421589,0,1111833
201,EASTMAN CHEM CO,COM,277432100,301,3321,SH,,SOLE,,3321,0,0
202,EDGEWELL PERS CARE CO,COM,28035Q102,7575,104097,SH,,SOLE,,104097,0,0
203,EDUCATION RLTY TR INC,COM,28140H203,27791,773490,SH,,DFND,,468957,0,304533
204,8X8 INC NEW,COM,282914100,3617,267912,SH,,DFND,,0,0,267912
205,ELITE TECHNOLOGIES INC,COM,286600101,0,10815,SH,,SOLE,,10815,0,0
206,EMERGENT BIOSOLUTIONS INC,COM,29089Q105,17502,432680,SH,,DFND,,124237,0,308443
207,EMERSON ELEC CO,COM,291011104,292,4646,SH,,SOLE,,4646,0,0
208,100000TH ENBRIDGE ENERGY MGMT,COM,29250X10T,0,122932,SH,,SOLE,,122932,0,0
209,ENERGIZER HLDGS INC NEW,COM,29272W109,4430,96202,SH,,SOLE,,96202,0,0
210,ENERGY TRANSFER PARTNERS LPUNI,COM,29278N103,783,42814,SH,,SOLE,,42814,0,0
211,ENTERPRISE PRODS PARTNERS L P,COM,293792107,222,8507,SH,,SOLE,,8507,0,0
212,ENTRAVISION COMMUNICATIONS CP,COM,29382R107,2207,387252,SH,,DFND,,0,0,387252
213,ENVISION SOLAR INTERNATIONAL,COM,29413Q102,12,80100,SH,,SOLE,,80100,0,0
214,ERICSSON ADR,COM,294821608,1411,245459,SH,,DFND,,233009,0,12450
215,ERSTE GROUP BK A G ADR,COM,296036304,74717,3458822,SH,,DFND,,2832976,0,625846
216,ESCROW ADELPHIA COMMUNICATIONS,COM,296387AHT,0,49000,SH,,DFND,,27000,0,22000
217,ESSEX PPTY TR INC,COM,297178105,6566,25849,SH,,DFND,,24563,0,1286
218,ESTERLINE TECHNOLOGIES CORP,COM,297425100,18677,207178,SH,,DFND,,64867,0,142311
219,ETHAN ALLEN INTERIORS INC,COM,297602104,2905,89647,SH,,DFND,,0,0,89647
220,EVERCORE INC,COM,29977A105,5284,65841,SH,,DFND,,3741,0,62100
221,EXACT SCIENCES CORP,COM,30063P105,299,6350,SH,,DFND,,1200,0,5150
222,EXELIXIS INC,COM,30161Q104,213,8800,SH,,DFND,,0,0,8800
223,EXPEDITORS INTL WASH INC,COM,302130109,1445,24145,SH,,SOLE,,24145,0,0
224,EXPERIAN PLC ADR,COM,30215C101,4605,228951,SH,,DFND,,213989,0,14962
225,EXPRESS SCRIPTS HLDG CO,COM,30219G108,22134,349564,SH,,DFND,,62158,0,287406
226,EXTRA SPACE STORAGE INC COM,COM,30225T102,17581,219985,SH,,DFND,,121338,0,98647
227,EXXON MOBIL CORP,COM,30231G102,406067,4953248,SH,,DFND,,4637714,0,315533
228,FCB FINL HLDGS INC CL A,COM,30255G103,4154,85997,SH,,DFND,,0,0,85997
229,FACEBOOK INC,COM,30303M102,52600,307838,SH,,DFND,,78634,0,229204
230,FAIR ISAAC CORP,COM,303250104,17310,123206,SH,,DFND,,27960,0,95246
231,FANUC CORPORATION ADR,COM,307305102,215466,10642328,SH,,DFND,,6839460,0,3802868
232,FARO TECHNOLOGIES INC,COM,311642102,2704,70703,SH,,DFND,,0,0,70703
233,FEDEX CORP,COM,31428X106,237,1051,SH,,SOLE,,1051,0,0
234,F5 NETWORKS INC,COM,315616102,797,6608,SH,,DFND,,733,0,5875
235,FIDELITY CONCORD STR TR TTL MK,TTL MKT IDX PREM,315911800,266,3639,SH,,SOLE,,3639,0,0
236,FIDELITY COMWLTH TR NDQ CP IDX,COM,315912808,375,1471,SH,,SOLE,,1471,0,0
237,FIDELITY CONTRAFUND INC COM,FUND,316071109,259,2136,SH,,SOLE,,2136,0,0
238,FIDELITY SALEM STREET TRUST US,US BND INST PREM,316146356,168,14480,SH,,SOLE,,14480,0,0
239,FIDELITY INSTL INVS TR FREEDOM,FREEDOM 2010,31617R506,439,27153,SH,,SOLE,,27153,0,0
240,FIDELITY NATL INFORMATION SVCS,COM,31620M106,18520,198311,SH,,DFND,,174423,0,23888
241,FNFV GROUP,COM,31620R402,658,38364,SH,,SOLE,,38364,0,0
242,FIDELITY TREND FD INC COM,FUND,316423102,437,4349,SH,,SOLE,,4349,0,0
243,58 COM INC SPON ADR REP A ADR,COM,31680Q104,2059,32610,SH,,SOLE,,32610,0,0
244,51JOB INC ADR,COM,316827104,4281,70637,SH,,SOLE,,70637,0,0
245,FIIG EU EM ESG,FUND,316845PDT,539928,4774320,SH,,DFND,,4774319,0,1
246,FIIG EU EM,FUND,316845PJT,1312610,10863282,SH,,DFND,,10863281,0,1
247,FINANCIAL INVS TR GRN GB OP IN,GRN GB OP INST,317609360,150,37856,SH,,SOLE,,37856,0,0
248,FINISAR CORP,COM,31787A507,86248,3890307,SH,,DFND,,1967986,0,1922321
249,FIREEYE INC,COM,31816Q101,36680,2187245,SH,,DFND,,2147395,0,39850
250,FIRST AMERN FINL CORP,COM,31847R102,78955,1580057,SH,,DFND,,942790,0,637267
251,100000TH FIRST HORIZON NTL CO,COM,32051710T,0,449493,SH,,SOLE,,449493,0,0
252,FIRST MERCHANTS CORP,COM,320817109,3184,74157,SH,,DFND,,0,0,74157
253,FIRST REP BK SAN FRANCISCO CAL,COM,33616C100,34814,333278,SH,,DFND,,321154,0,12124
254,FIRST TR EXCHANGE TRADED FD DJ,COM,33733E302,224,2187,SH,,DFND,,1961,0,226
255,FLAME SEAL PRODS INC,COM,338487101,6,87300,SH,,SOLE,,87300,0,0
256,FLUOR CORP NEW,COM,343412102,577,13703,SH,,SOLE,,13703,0,0
257,FORD MTR CO DEL,COM,345370860,711,59362,SH,,SOLE,,59362,0,0
258,FORMFACTOR INC,COM,346375108,6873,407914,SH,,DFND,,0,0,407914
259,FORTINET INC,COM,34959E109,931,25975,SH,,DFND,,0,0,25975
260,FRANKLIN CUSTODIAN FDS INC INC,INCOME FD CL A,353496300,471,197129,SH,,SOLE,,197129,0,0
261,FRANKLIN CUSTODIAN FDS INC INC,INCOME ADVISR,353496847,130,55016,SH,,SOLE,,55016,0,0
262,GS ENVIROSERVICES INC,COM,3622N9103,0,567833,SH,,SOLE,,567833,0,0
263,GABELLI ASSET FD CL I SHS,FUND,362395501,320,5267,SH,,SOLE,,5267,0,0
264,PJSC GAZPROM ADR,COM,368287207,2901,683172,SH,,DFND,,1672,0,681500
265,GENERAL DYNAMICS CORP,COM,369550108,2811,13674,SH,,SOLE,,13674,0,0
266,GENERAL ELECTRIC CO,COM,369604103,522949,21627347,SH,,DFND,,20226050,0,1401296
267,GENERAL MLS INC,COM,370334104,415,8008,SH,,SOLE,,8008,0,0
268,GENOIL INC,COM,371924101,34,448496,SH,,SOLE,,448496,0,0
269,GILEAD SCIENCES INC,COM,375558103,38031,469400,SH,,DFND,,88676,0,380724
270,GLACIER BANCORP INC NEW,COM,37637Q105,65413,1732331,SH,,DFND,,945381,0,786950
271,GLAXOSMITHKLINE PLC ADR,COM,37733W105,520827,12828251,SH,,DFND,,11037529,0,1790721
272,GOLDMAN SACHS GROUP INC,COM,38141G104,235581,993216,SH,,DFND,,808807,0,184408
273,GREAT WESTN BANCORP INC,COM,391416104,4972,120434,SH,,DFND,,0,0,120434
274,GREENHILL& CO INC,COM,395259104,11341,683206,SH,,DFND,,593103,0,90103
275,GRUPO FINANCIERO GALICIA S ADR,COM,399909100,1150,22311,SH,,SOLE,,22311,0,0
276,GRUPO TELEVISA SA ADR,COM,40049J206,245674,9958427,SH,,DFND,,4399128,0,5559299
277,GRUPO FINANCIERO BANORTE S ADR,COM,40052P107,299,8675,SH,,SOLE,,8675,0,0
278,GRUPO FINANCIERO SANTANDER ADR,COM,40053C105,235,23330,SH,,SOLE,,23330,0,0
279,HDFC BANK LTD ADR,COM,40415F101,757534,7860683,SH,,DFND,,3379579,0,4481104
280,HSBC HLDGS PLC ADR,COM,404280406,683089,13824918,SH,,DFND,,12658235,0,1166682
281,HP INC COM,COM,40434L105,286,14353,SH,,DFND,,13853,0,500
282,HAEMONETICS CORP,COM,405024100,10916,243275,SH,,DFND,,130525,0,112750
283,HAIN CELESTIAL GROUP INC,COM,405217100,7226,175593,SH,,DFND,,44702,0,130891
284,HALOZYME THERAPEUTICS INC,COM,40637H109,10131,583221,SH,,DFND,,168588,0,414633
285,HANCOCK HLDG CO,COM,410120109,10634,219494,SH,,DFND,,215249,0,4245
286,HANMI FINL CORP,COM,410495204,2306,74518,SH,,DFND,,0,0,74518
287,HARLEY DAVIDSON INC,COM,412822108,4174,86579,SH,,DFND,,81325,0,5254
288,HARTFORD FINL SVCS GROUP INC,COM,416515104,578,10426,SH,,SOLE,,10426,0,0
289,HARTFORD MUT FDS INC BALNCD IN,BALNCD INCM A,416648244,316,21545,SH,,SOLE,,21545,0,0
290,HEICO CORP NEW,COM,422806109,103249,1149637,SH,,DFND,,370998,0,778639
291,HEINEKEN N V SPONSORED ADR L1,COM,423012301,22406,453136,SH,,DFND,,451759,0,1377
292,HELMERICH& PAYNE INC,COM,423452101,19012,364837,SH,,DFND,,174044,0,190793
293,HENGAN INTL GROUP CO LTD ADR,COM,42551N104,201,4333,SH,,SOLE,,4333,0,0
294,HERON THERAPEUTICS INC,COM,427746102,1621,100364,SH,,DFND,,48,0,100316
295,HERSHA HOSPITALITY TR,COM,427825500,916,49087,SH,,DFND,,0,0,49087
296,HEWLETT PACKARD ENTERPRISE CO,COM,42824C109,280,19046,SH,,DFND,,18546,0,500
297,HIGH PLAINS GAS INC,COM,42970V109,0,10000,SH,,SOLE,,10000,0,0
298,HILL ROM HLDGS INC,COM,431475102,112033,1513963,SH,,DFND,,765452,0,748511
299,HOLOGIC INC,COM,436440101,449,12225,SH,,SOLE,,12225,0,0
300,HOME DEPOT INC,COM,437076102,896422,5480689,SH,,DFND,,4815068,0,665620
301,HOMESTREET INC,COM,43785V102,2337,86551,SH,,DFND,,0,0,86551
302,HON HAI PRECISION GDR GDR,COM,4380929AT,28599,4085638,SH,,DFND,,2309779,0,1775859
303,HONEYWELL INTL INC,COM,438516106,19006,134092,SH,,DFND,,133484,0,608
304,HONG KONG EXCHANGES& CLEA ADR,COM,43858F109,243,9043,SH,,SOLE,,9043,0,0
305,HOPE BANCORP INC COM,COM,43940T109,2214,124995,SH,,DFND,,61,0,124934
306,HUB GROUP INC,COM,443320106,66045,1537716,SH,,DFND,,700294,0,837422
307,HYPERMARCAS S A ADR,COM,44915J100,1366,134675,SH,,SOLE,,134675,0,0
308,HYSTER YALE MATLS HANDLING INC,COM,449172105,4667,61048,SH,,DFND,,11845,0,49203
309,ICU MED INC,COM,44930G107,13940,75008,SH,,DFND,,8,0,75000
310,IPG PHOTONICS CORP,COM,44980X109,20133,108792,SH,,DFND,,24172,0,84620
311,ICICI BK LTD ADR,COM,45104G104,117077,13677248,SH,,DFND,,3512514,0,10164734
312,IDACORP INC,COM,451107106,32241,366668,SH,,DFND,,191874,0,174794
313,ILLINOIS TOOL WKS INC,COM,452308109,445,3007,SH,,SOLE,,3007,0,0
314,IMMUNOGEN INC,COM,45253H101,1902,248576,SH,,DFND,,9901,0,238675
315,IMPAX LABORATORIES INC,COM,45256B101,30329,1494038,SH,,DFND,,825533,0,668505
316,IMPERVA INC,COM,45321L100,7001,161308,SH,,DFND,,9108,0,152200
317,INCOME FD AMER INC CL A,FUND,453320103,341,14696,SH,,SOLE,,14696,0,0
318,INCYTE CORP,COM,45337C102,1637,14022,SH,,DFND,,6493,0,7529
319,INDEPENDENT BANK CORP MASS,COM,453836108,4644,62216,SH,,DFND,,15300,0,46916
320,INFINEON TECHNOLOGIES AG ADR,COM,45662N103,1897,75428,SH,,SOLE,,75428,0,0
321,INFINERA CORPORATION,COM,45667G103,54018,6089914,SH,,DFND,,3338130,0,2751784
322,INFOSYS LTD ADR,COM,456788108,329152,22560086,SH,,DFND,,10201163,0,12358923
323,ING GROEP N V ADR,COM,456837103,703241,38178130,SH,,DFND,,34818902,0,3359228
324,INGREDION INC,COM,457187102,85022,704755,SH,,DFND,,334548,0,370207
325,INSTALLED BLDG PRODS INC,COM,45780R101,4955,76469,SH,,DFND,,0,0,76469
326,INSULET CORP,COM,45784P101,779,14140,SH,,DFND,,0,0,14140
327,INTEGRA LIFESCIENCES HLDGS CP,COM,457985208,50745,1005255,SH,,DFND,,948044,0,57211
328,INTEL CORP,COM,458140100,809969,21270187,SH,,DFND,,19453717,0,1816470
329,INTEGER HLDGS CORP,COM,45826H109,63847,1248229,SH,,DFND,,724542,0,523687
330,INTERCEPT PHARMACEUTICALS INC,COM,45845P108,780,13436,SH,,DFND,,636,0,12800
331,INTEGRITY FDS WB NRTH AM A,FUND,45890C606,52,10285,SH,,SOLE,,10285,0,0
332,INTERNATIONAL BUSINESS MACHS,COM,459200101,3836,26441,SH,,DFND,,24008,0,2433
333,INTERNATIONAL META SYS INC COM,COM,45986B108,0,12000,SH,,SOLE,,12000,0,0
334,INTERNATIONAL PWR GROUP LTD,COM,46018A100,0,39000,SH,,SOLE,,39000,0,0
335,INTERPUBLIC GROUP COS INC,COM,460690100,3902,187687,SH,,SOLE,,187687,0,0
336,INTESA SANPAOLO S P A ADR,COM,46115H107,438377,20655837,SH,,DFND,,17516233,0,3139604
337,INTUIT,COM,461202103,225,1584,SH,,SOLE,,1584,0,0
338,IROBOT CORP,COM,462726100,1855,24069,SH,,DFND,,0,0,24069
339,IRONWOOD PHARMACEUTICALS INC,COM,46333X108,3171,201059,SH,,DFND,,9934,0,191125
340,ISHARES EM ASIA ETF,COM,464286426,244,3510,SH,,SOLE,,3510,0,0
341,ISHARES INC MSCI EURZONE ETF,COM,464286608,28383,655204,SH,,DFND,,648313,0,6891
342,ISHARES INC MSCI STH KOR ETF,COM,464286772,410,5936,SH,,SOLE,,5936,0,0
343,ISHARES INC MSCI GERMANY ETF,COM,464286806,1089,33578,SH,,DFND,,33202,0,376
344,ISHARES TR S&P 100 ETF,COM,464287101,270,2427,SH,,SOLE,,2427,0,0
345,ISHARES TR TIPS BD ETF,COM,464287176,830,7306,SH,,SOLE,,7306,0,0
346,ISHARES S&P 500 ETF,COM,464287200,337,1332,SH,,SOLE,,1332,0,0
347,ISHARES CORE US AGGREGATE BOND,COM,464287226,4198,38303,SH,,DFND,,37794,0,509
348,ISHARES TR IBOXX INV CP ETF,COM,464287242,2673593,22053892,SH,,DFND,,21857135,0,196756
349,ISHARES TR GLOB TELECOM ETF,COM,464287275,6971,115454,SH,,DFND,,114211,0,1243
350,ISHARES TR GLOBAL TECH ETF,COM,464287291,26424,185597,SH,,DFND,,181766,0,3831
351,ISHARES TR GLOB HLTHCRE ETF,COM,464287325,2536,22550,SH,,DFND,,22127,0,423
352,ISHARES TR GLOBAL FINLS ETF,COM,464287333,1313,19675,SH,,SOLE,,19675,0,0
353,ISHARES TR 7 10YR TR BD ETF,COM,464287440,333,3128,SH,,SOLE,,3128,0,0
354,ISHARES TR 1 3 YR TR BD ETF,COM,464287457,19309,228649,SH,,DFND,,227138,0,1511
355,ISHARES TR MSCI EAFE ETF,COM,464287465,808,11796,SH,,SOLE,,11796,0,0
356,ISHARES S&P MID-CAP ETF,COM,464287507,272,1521,SH,,SOLE,,1521,0,0
357,ISHARES TR NASDAQ BIOTECH,COM,464287556,993,2976,SH,,SOLE,,2976,0,0
358,ISHARES TR RUS 1000 VAL ETF,COM,464287598,267,2255,SH,,SOLE,,2255,0,0
359,ISHARES TR RUS 1000 GRW ETF,COM,464287614,736,5887,SH,,SOLE,,5887,0,0
360,ISHARES TR RUS 2000 VAL ETF,COM,464287630,564,4546,SH,,SOLE,,4546,0,0
361,ISHARES TR RUSSELL 2000 ETF,COM,464287655,363,2450,SH,,SOLE,,2450,0,0
362,ISHARES TR US HLTHCARE ETF,COM,464287762,201,1172,SH,,SOLE,,1172,0,0
363,ISHARES S&P SMALL-CAP ETF,COM,464287804,389,5238,SH,,SOLE,,5238,0,0
364,ISHARES TR EUROPE ETF,COM,464287861,5703,121678,SH,,SOLE,,121678,0,0
365,ISHARES TR MSCI ACWI EX US,COM,464288240,375,7759,SH,,SOLE,,7759,0,0
366,ISHARES MSCI ACWI ETF,COM,464288257,3339,48514,SH,,SOLE,,48514,0,0
367,ISHARES CALIFORNIA MUNI BOND E,COM,464288356,531,4477,SH,,SOLE,,4477,0,0
368,ISHARES NATIONAL MUNI BOND ETF,COM,464288414,72569,654539,SH,,DFND,,649905,0,4634
369,ISHARES TR IBOXX HI YD ETF,COM,464288513,264635,2981464,SH,,DFND,,2958264,0,23199
370,ISHARES TR MBS ETF,COM,464288588,463992,4332325,SH,,DFND,,4297163,0,35161
371,ISHARES TR 1 3 YR CR BD ETF,COM,464288646,1674,15890,SH,,DFND,,14465,0,1425
372,ISHARES TR S&P US PFD STK,COM,464288687,354,9120,SH,,SOLE,,9120,0,0
373,ISHARES MSCI EUROPE FN ETF,COM,464289180,61851,2634187,SH,,DFND,,2576987,0,57200
374,ISHARES TR MSCI INDIA ETF,COM,46429B598,14323,436000,SH,,DFND,,400,0,435600
375,ISHARES INC CORE MSCI EMKT,COM,46434G103,252,4658,SH,,SOLE,,4658,0,0
376,ISHARES INC MSCI TAIWAN CAPPED,COM,46434G772,187659,5198303,SH,,DFND,,4101458,0,1096845
377,ISHARES INC MSCI JPN ETF NEW,COM,46434G822,39993,717870,SH,,DFND,,385343,0,332527
378,ITAU UNIBANCO HLDG SA SPON ADR,COM,465562106,265250,19361308,SH,,DFND,,7682310,0,11678998
379,J& J SNACK FOODS CORP,COM,466032109,5713,43514,SH,,DFND,,2689,0,40825
380,JPMORGAN CHASE& CO,COM,46625H100,682156,7142250,SH,,DFND,,6669448,0,472801
381,JD COM INC ADR,COM,47215P106,382045,10001176,SH,,DFND,,4093327,0,5907849
382,JELD-WEN HLDG INC,COM,47580P103,656,18469,SH,,SOLE,,18469,0,0
383,JOHNSON& JOHNSON,COM,478160104,1533816,11797674,SH,,DFND,,10899973,0,897701
384,J2 GLOBAL INC,COM,48123V102,9223,124841,SH,,DFND,,37441,0,87400
385,JPMORGAN TR I INCM BLDR FD A,FUND,4812A3288,309,29312,SH,,SOLE,,29312,0,0
386,JUNIPER NETWORKS INC,COM,48203R104,5619,201899,SH,,DFND,,154011,0,47888
387,KB FINANCIAL GROUP INC ADR,COM,48241A105,10897,222260,SH,,DFND,,66227,0,156033
388,KANSAS CITY SOUTHERN,COM,485170302,78253,720030,SH,,DFND,,309955,0,410075
389,KB HOME,COM,48666K109,83247,3451363,SH,,DFND,,1862021,0,1589342
390,KIMBERLY CLARK CORP,COM,494368103,559,4753,SH,,SOLE,,4753,0,0
391,KLEANGAS ENERGY TECHNOLOGIES I,COM,498456102,0,20400,SH,,SOLE,,20400,0,0
392,KNOWLES CORP,COM,49926D109,2600,170245,SH,,DFND,,122,0,170123
393,KORN FERRY INTL,COM,500643200,1315,33362,SH,,DFND,,0,0,33362
394,KRAFT HEINZ CO,COM,500754106,414,5335,SH,,DFND,,5035,0,300
395,KROGER CO,COM,501044101,3634,181167,SH,,DFND,,159496,0,21671
396,L OREAL CO ADR,COM,502117203,455499,10708649,SH,,DFND,,9456793,0,1251856
397,LVMH MOET HENNESSY LOU VUI ADR,COM,502441306,404653,7331062,SH,,DFND,,6235522,0,1095540
398,LABORATORY CORP AMER HLDGS,COM,50540R409,9888,65497,SH,,DFND,,62322,0,3175
399,LANCASTER COLONY CORP,COM,513847103,50425,419791,SH,,DFND,,247187,0,172604
400,LANTHEUS HLDGS INC,COM,516544103,1799,101043,SH,,DFND,,0,0,101043
401,LEGG MASON INC,COM,524901105,8420,214200,SH,,SOLE,,214200,0,0
402,LIBERTY PPTY TR,COM,531172104,3434,83645,SH,,DFND,,79740,0,3905
403,LIGAND PHARMACEUTICALS INC,COM,53220K504,7673,56355,SH,,DFND,,11073,0,45282
404,LIFE STORAGE INC,COM,53223X107,67105,820259,SH,,DFND,,408121,0,412138
405,LILLY ELI& CO,COM,532457108,265945,3109012,SH,,DFND,,2965797,0,143215
406,LINCOLN ELEC HLDGS INC,COM,533900106,100807,1099558,SH,,DFND,,516767,0,582791
407,LINDE AG ADR,COM,535223200,1370,65658,SH,,DFND,,65297,0,361
408,LITHIUM AMERS CORP NEW,COM,53680Q108,82,62000,SH,,SOLE,,62000,0,0
409,LITTELFUSE INC,COM,537008104,109372,558360,SH,,DFND,,193338,0,365022
410,LIVE NATION ENTERTAINMENT INC,COM,538034109,19761,453765,SH,,DFND,,436565,0,17200
411,LLOYDS BANKING GROUP PLC ADR,COM,539439109,436514,119266160,SH,,DFND,,106621660,0,12644500
412,LOCKHEED MARTIN CORP,COM,539830109,1400,4512,SH,,SOLE,,4512,0,0
413,LOGMEIN INC,COM,54142L109,8492,77168,SH,,DFND,,25368,0,51800
414,LOWES COS INC,COM,548661107,1805,22574,SH,,DFND,,21880,0,694
415,LUMENTUM HLDGS INC,COM,55024U109,6715,123550,SH,,DFND,,40270,0,83280
416,LUMINEX CORP DEL COM,COM,55027E102,1962,96503,SH,,DFND,,0,0,96503
417,LUXOTTICA GROUP S P A ADR,COM,55068R202,45579,815270,SH,,DFND,,83584,0,731686
418,LYON WILLIAM HOMES,COM,552074700,2638,114741,SH,,DFND,,0,0,114741
419,M D C HLDGS INC,COM,552676108,3808,114674,SH,,DFND,,24,0,114650
420,M/I HOMES INC,COM,55305B101,3460,129430,SH,,DFND,,0,0,129430
421,MKS INSTRUMENT INC,COM,55306N104,61621,652419,SH,,DFND,,239879,0,412540
422,MSC INDL DIRECT INC,COM,553530106,46920,620882,SH,,DFND,,312422,0,308460
423,MYR GROUP INC DEL,COM,55405W104,2976,102130,SH,,DFND,,0,0,102130
424,MACK CALI RLTY CORP,COM,554489104,8105,341830,SH,,DFND,,325205,0,16625
425,MADISON FDS MODRTE ALLOC A,FUND,557492618,305,25324,SH,,SOLE,,25324,0,0
426,MAGELLAN HEALTH INC,COM,559079207,61819,716326,SH,,DFND,,313628,0,402698
427,MAGELLAN MIDSTREAM PRTNRS LP,COM,559080106,273,3841,SH,,SOLE,,3841,0,0
428,MAGNIT PJSC GDR,COM,559534PAT,160540,3920396,SH,,DFND,,1217031,0,2703365
429,MANHATTAN SCIENTIFICS INC,COM,563122100,1,40000,SH,,SOLE,,40000,0,0
430,MARATHON PETE CORP,COM,56585A102,724,12907,SH,,SOLE,,12907,0,0
431,MARRIOTT INTL INC NEW,COM,571903202,10867,98561,SH,,DFND,,82021,0,16540
432,MASTEC INC,COM,576323109,2775,59812,SH,,SOLE,,59812,0,0
433,MASTERCARD INCORPORATED,COM,57636Q104,45356,321219,SH,,DFND,,93078,0,228141
434,MCDONALDS CORP,COM,580135101,1161,7410,SH,,SOLE,,7410,0,0
435,MEDICAL MARIJUANA INC,COM,58463A105,1,15000,SH,,SOLE,,15000,0,0
436,MEDSOURCE-DIRECT INC,COM,58499396T,0,2050000,SH,,SOLE,,2050000,0,0
437,MEDPACE HLDGS INC COM,COM,58506Q109,4130,129453,SH,,DFND,,0,0,129453
438,MERCADOLIBRE INC,COM,58733R102,1095,4228,SH,,SOLE,,4228,0,0
439,MERCK& CO INC,COM,58933Y105,466927,7292315,SH,,DFND,,6320035,0,972280
440,MEREDITH CORP,COM,589433101,51545,928746,SH,,DFND,,418202,0,510544
441,MERIT MED SYS INC,COM,589889104,7316,172758,SH,,DFND,,0,0,172758
442,MERITAGE HOMES CORP,COM,59001A102,75709,1705165,SH,,DFND,,790439,0,914726
443,MICROSOFT CORP,COM,594918104,1224754,16441861,SH,,DFND,,15018057,0,1423803
444,MICROSTRATEGY INC,COM,594972408,5875,46000,SH,,DFND,,0,0,46000
445,MID AMER APT CMNTYS INC,COM,59522J103,52228,488661,SH,,DFND,,256717,0,231944
446,MIGRATEC INC,COM,598622108,0,33000,SH,,SOLE,,33000,0,0
447,ESCROW MIRANT CORP COM NEW,COM,60467599T,0,119720,SH,,SOLE,,119720,0,0
448,MITSUBISHI ELEC CORP ADR,COM,606776201,123809,3963748,SH,,DFND,,3924965,0,38783
449,MITSUBISHI UFJ FINL GROUP ADR,COM,606822104,48607,7547634,SH,,DFND,,592508,0,6955126
450,MOBILE MINI INC,COM,60740F105,22460,651964,SH,,DFND,,163906,0,488058
451,MOHAWK INDS INC,COM,608190104,383,1546,SH,,SOLE,,1546,0,0
452,MOMENTA PHARMACEUTICALS INC,COM,60877T100,1823,98523,SH,,DFND,,0,0,98523
453,MONDELEZ INTL INC,COM,609207105,396,9735,SH,,SOLE,,9735,0,0
454,MONSANTO CO NEW,COM,61166W101,223,1862,SH,,SOLE,,1862,0,0
455,MOODYS CORP,COM,615369105,210,1511,SH,,SOLE,,1511,0,0
456,MORGAN STANLEY,COM,617446448,104215,2163479,SH,,DFND,,1880556,0,282923
457,MORNINGSTAR INC,COM,617700109,3221,37900,SH,,SOLE,,37900,0,0
458,MPHASE TECHNOLOGIES INC,COM,62472C102,0,126667,SH,,SOLE,,126667,0,0
459,MUELLER INDS INC,COM,624756102,41568,1189344,SH,,DFND,,580350,0,608994
460,MULTI COLOR CORP,COM,625383104,3609,44040,SH,,DFND,,0,0,44040
461,MYRIAD GENETICS INC,COM,62855J104,4353,120312,SH,,DFND,,3421,0,116891
462,NASPERS LTD SPONSORED ADR,COM,631512209,295,6828,SH,,SOLE,,6828,0,0
463,NATIONAL AUSTRALIA BK LTD ADR,COM,632525408,999,80872,SH,,DFND,,71047,0,9825
464,NATIONAL RETAIL PPTYS INC,COM,637417106,22763,546388,SH,,DFND,,157980,0,388408
465,NATIONAL STORAGE AFFILIATES TR,COM,637870106,3302,136211,SH,,DFND,,17803,0,118408
466,NATUS MEDICAL INC DEL,COM,639050103,22096,589234,SH,,DFND,,570080,0,19154
467,NAUTILUS INC,COM,63910B102,1933,114402,SH,,DFND,,0,0,114402
468,NEOPHOTONICS CORP,COM,64051T100,1910,343595,SH,,DFND,,0,0,343595
469,NESTLE S A ADR,COM,641069406,829,9890,SH,,SOLE,,9890,0,0
470,NETFLIX INC,COM,64110L106,383,2111,SH,,SOLE,,2111,0,0
471,NETEASE INC SPONSORED ADR ADR,COM,64110W102,221351,839053,SH,,DFND,,327448,0,511605
472,NETSCOUT SYS INC,COM,64115T104,99497,3075642,SH,,DFND,,1639482,0,1436160
473,NEUROCRINE BIOSCIENCES INC,COM,64125C109,310,5053,SH,,DFND,,28,0,5025
474,NEXTERA ENERGY INC,COM,65339F101,440,3005,SH,,SOLE,,3005,0,0
475,NICE LTD ADR,COM,653656108,6817,83837,SH,,SOLE,,83837,0,0
476,NIKE INC,COM,654106103,2018,38920,SH,,DFND,,4620,0,34300
477,NOKIA CORP ADR,COM,654902204,183,30653,SH,,SOLE,,30653,0,0
478,NOMURA HLDGS INC SPONSORED ADR,COM,65535H208,24061,4319740,SH,,DFND,,800665,0,3519075
479,NORDSON CORP,COM,655663102,245,2070,SH,,SOLE,,2070,0,0
480,NORFOLK SOUTHERN CORP,COM,655844108,752,5687,SH,,SOLE,,5687,0,0
481,NORTHERN DYNASTY MINERALS LTD,COM,66510M204,18,10000,SH,,SOLE,,10000,0,0
482,NORTHERN TR CORP,COM,665859104,6605,71846,SH,,DFND,,64294,0,7552
483,NORTHROP GRUMMAN CORP,COM,666807102,574,1996,SH,,SOLE,,1996,0,0
484,NORTHWEST NAT GAS CO,COM,667655104,14555,226006,SH,,DFND,,134521,0,91485
485,NOVARTIS A G ADR,COM,66987V109,569442,6632984,SH,,DFND,,6485945,0,147039
486,NOVO-NORDISK A S ADR,COM,670100205,583806,12124724,SH,,DFND,,10843812,0,1280912
487,NUANCE COMMUNICATIONS INC,COM,67020Y100,16031,1019787,SH,,DFND,,982933,0,36854
488,NUCOR CORP,COM,670346105,4912,87646,SH,,DFND,,72660,0,14986
489,NUTRA PHARMA CORP,COM,67060U208,0,100063,SH,,SOLE,,100063,0,0
490,NUVASIVE INC,COM,670704105,72387,1305209,SH,,DFND,,699445,0,605764
491,OCCIDENTAL PETE CORP DEL,COM,674599105,560,8729,SH,,DFND,,8429,0,300
492,OCEANEERING INTL INC,COM,675232102,17226,655732,SH,,DFND,,347571,0,308161
493,OLD DOMINION FGHT LINES INC,COM,679580100,633,5747,SH,,SOLE,,5747,0,0
494,OLD REP INTL CORP,COM,680223104,7296,370544,SH,,SOLE,,370544,0,0
495,OMNICOM GROUP INC,COM,681919106,6494,87670,SH,,DFND,,80486,0,7184
496,OMNICELL INC,COM,68213N109,27001,528919,SH,,DFND,,9569,0,519350
497,ON SEMICONDUCTOR CORP,COM,682189105,2206,119427,SH,,DFND,,1752,0,117675
498,OPKO HEALTH INC,COM,68375N103,222,32379,SH,,DFND,,3229,0,29150
499,ORACLE CORP,COM,68389X105,593705,12279327,SH,,DFND,,11043861,0,1235465
500,ORASURE TECHNOLOGIES INC,COM,68554V108,12520,556455,SH,,DFND,,0,0,556455
501,OWENS CORNING NEW,COM,690742101,30611,395746,SH,,DFND,,361083,0,34663
502,PG&E CORP,COM,69331C108,229,3370,SH,,SOLE,,3370,0,0
503,PJSC LUKOIL SPONSORED ADR ADR,COM,69343P105,7549,141800,SH,,DFND,,0,0,141800
504,PNC FINL SVCS GROUP INC,COM,693475105,3392,25169,SH,,SOLE,,25169,0,0
505,PRA HEALTH SCIENCES INC,COM,69354M108,3310,43459,SH,,DFND,,12659,0,30800
506,PTC THERAPEUTICS INC,COM,69366J200,3463,173045,SH,,DFND,,3942,0,169103
507,PT BK RAKYAT ADR,COM,69366X100,41436,1826840,SH,,DFND,,73840,0,1753000
508,PT UNILEVER INDONESIA TBK ADR,COM,69367Q104,384,5286,SH,,SOLE,,5286,0,0
509,PT BK MANDIRI PERSERO TBK ADR,COM,69367U105,1089,109102,SH,,SOLE,,109102,0,0
510,PT BK CENT ASIA TBK ADR,COM,69368G105,230,6099,SH,,SOLE,,6099,0,0
511,PACWEST BANCORP DEL,COM,695263103,74005,1465160,SH,,DFND,,735030,0,730130
512,PALO ALTO NETWORKS INC,COM,697435105,939,6518,SH,,DFND,,818,0,5700
513,PAMPA ENERGIA SPONS ADR LV ADR,COM,697660207,696,10698,SH,,SOLE,,10698,0,0
514,ESCROW PARAGON TRADE BRANDS,COM,69912K99T,0,27600,SH,,SOLE,,27600,0,0
515,PATHFINDER CELL THERAPY INC,COM,70319A106,0,10700,SH,,SOLE,,10700,0,0
516,PATTERSON COMPANIES INC,COM,703395103,4843,125300,SH,,SOLE,,125300,0,0
517,PAYCOM SOFTWARE INC,COM,70432V102,16559,220905,SH,,DFND,,7377,0,213528
518,PAYPAL HLDGS INC,COM,70450Y103,30522,476683,SH,,DFND,,85238,0,391445
519,PEGASYSTEMS INC,COM,705573103,92114,1597809,SH,,DFND,,995484,0,602325
520,PENGROWTH ENERGY CORP,COM,70706P104,22,21582,SH,,SOLE,,21582,0,0
521,PEPSICO INC,COM,713448108,656757,5893893,SH,,DFND,,5533073,0,360820
522,PERKINELMER INC,COM,714046109,39436,571783,SH,,DFND,,428083,0,143700
523,TELEKOMUNIKASI INDONESIA A ADR,COM,715684106,353,10286,SH,,SOLE,,10286,0,0
524,PETMED EXPRESS INC,COM,716382106,4203,126797,SH,,DFND,,0,0,126797
525,PETROLEO BRASILEIRO SA PET ADR,COM,71654V101,1586,164202,SH,,DFND,,0,0,164202
526,PETROLEO BRASILEIRO SA PET ADR,COM,71654V408,112759,11230938,SH,,DFND,,3822298,0,7408640
527,PFENEX INC,COM,717071104,259,85644,SH,,DFND,,0,0,85644
528,PFIZER INC,COM,717081103,1253813,35120799,SH,,DFND,,32832424,0,2288374
529,PHARMACYTE BIOTECH INC,COM,71715X104,24,412853,SH,,SOLE,,412853,0,0
530,PHILIP MORRIS INTL INC,COM,718172109,2139,19270,SH,,SOLE,,19270,0,0
531,PHILLIPS 66,COM,718546104,311,3394,SH,,SOLE,,3394,0,0
532,PIMCO FDS INCOM FD INSTL,FUND,72201F490,414,33306,SH,,SOLE,,33306,0,0
533,PIMCO ETF TR 0-5 HIGH YIELD,COM,72201R783,728,7173,SH,,SOLE,,7173,0,0
534,PING AN INS GROUP CO CHINA ADR,COM,72341E304,366,23829,SH,,SOLE,,23829,0,0
535,PINNACLE FOODS INC DEL,COM,72348P104,8946,156476,SH,,DFND,,149076,0,7400
536,PIPER JAFFRAY COS,COM,724078100,6021,101454,SH,,DFND,,27,0,101427
537,PLATFORMS WIRELESS INTL CORP,COM,72765A101,0,10000,SH,,SOLE,,10000,0,0
538,PLEXUS CORP,COM,729132100,39540,705057,SH,,DFND,,253749,0,451308
539,POLARIS INDS INC,COM,731068102,17310,165442,SH,,DFND,,88580,0,76862
540,POOL CORPORATION,COM,73278L105,72641,671541,SH,,DFND,,439256,0,232285
541,PORTOLA PHARMACEUTICALS INC,COM,737010108,3344,61893,SH,,DFND,,3893,0,58000
542,POST HLDGS INC,COM,737446104,12732,144240,SH,,DFND,,139015,0,5225
543,POTLATCH CORP NEW COM,COM,737630103,6911,135508,SH,,DFND,,34808,0,100700
544,POWERSHARES QQQ TRUST UNIT SER,COM,73935A104,54540,374972,SH,,DFND,,364713,0,10259
545,PRAXSYN CORP,COM,74006F105,2,375000,SH,,SOLE,,375000,0,0
546,PRESTIGE BRANDS HLDGS INC,COM,74112D101,74124,1479810,SH,,DFND,,898387,0,581423
547,PRICE T ROWE GROUP INC,COM,74144T108,13553,149512,SH,,DFND,,141012,0,8500
548,PRICELINE GRP INC,COM,741503403,1910,1043,SH,,DFND,,68,0,975
549,PRIMECAP ODYSSEY FUNDS AGGRESS,AGGRESSIVE GRW,74160Q202,277,6887,SH,,SOLE,,6887,0,0
550,PROCTER AND GAMBLE CO,COM,742718109,807924,8880232,SH,,DFND,,8243272,0,636959
551,PROGENICS PHARMACEUTICALS INC,COM,743187106,1854,251930,SH,,DFND,,550,0,251380
552,PROGRESS SOFTWARE CORP,COM,743312100,34511,904152,SH,,DFND,,621403,0,282749
553,PROGRESSIVE CORP OHIO,COM,743315103,5878,121387,SH,,DFND,,109486,0,11901
554,PROLOGIS INC COM,COM,74340W103,9518,149992,SH,,DFND,,140154,0,9838
555,PROSPERITY BANCSHARES INC,COM,743606105,44561,677935,SH,,DFND,,202077,0,475858
556,PUBLIC SVC ENTERPRISE GROUP,COM,744573106,211,4557,SH,,SOLE,,4557,0,0
557,PUBLIC STORAGE,COM,74460D109,209,979,SH,,SOLE,,979,0,0
558,PUMA BIOTECHNOLOGY INC,COM,74587V107,1862,15545,SH,,DFND,,745,0,14800
559,PURISIMA FDS ALL PURPOSE FD,FUND,746277409,3473,378378,SH,,DFND,,0,0,378378
560,PUTNAM FDS TR GLOB FINL CL Y,FUND,746764653,331,25018,SH,,SOLE,,25018,0,0
561,QTS RLTY TR INC,COM,74736A103,1130,21575,SH,,DFND,,11900,0,9675
562,QORVO INC COM,COM,74736K101,74266,1050733,SH,,DFND,,448540,0,602193
563,QUALCOMM INC,COM,747525103,36491,703913,SH,,DFND,,183892,0,520021
564,QUANEX BUILDING PRODUCTS CORP,COM,747619104,3116,135775,SH,,DFND,,0,0,135775
565,QUINTILES IMS HOLDINGS INC,COM,74876Y101,13566,142696,SH,,DFND,,121146,0,21550
566,RLJ LODGING TR,COM,74965L101,63667,2893935,SH,,DFND,,1486122,0,1407813
567,RAKUTEN INC-ADR ADR,COM,75102W108,2114,193924,SH,,DFND,,184849,0,9075
568,RAYMOND JAMES FINANCIAL INC,COM,754730109,119550,1417649,SH,,DFND,,638945,0,778704
569,RAYTHEON CO,COM,755111507,205,1101,SH,,SOLE,,1101,0,0
570,RECKITT BENCKISER PLC ADR,COM,756255204,53854,2945878,SH,,DFND,,2880417,0,65460
571,RED GIANT ENTMT INC,COM,75657W107,0,10000,SH,,SOLE,,10000,0,0
572,REGAL BELOIT CORP,COM,758750103,50744,642326,SH,,DFND,,343238,0,299088
573,REGENERON PHARMACEUTICALS,COM,75886F107,704,1574,SH,,DFND,,1528,0,46
574,RENASANT CORP,COM,75970E107,1944,45321,SH,,DFND,,0,0,45321
575,REPUBLIC SVCS INC,COM,760759100,7021,106279,SH,,DFND,,90929,0,15350
576,RESMED INC,COM,761152107,1343,17450,SH,,DFND,,0,0,17450
577,RESOURCES CONNECTION INC,COM,76122Q105,2922,210195,SH,,DFND,,0,0,210195
578,RESOURCE REAL ESTATE DIVERSIFI,SHS BEN INT W,76123K404,113,11007,SH,,SOLE,,11007,0,0
579,RETROPHIN INC,COM,761299106,1883,75645,SH,,DFND,,0,0,75645
580,REXFORD INDL RLTY INC,COM,76169C100,4338,151558,SH,,DFND,,23700,0,127858
581,RING ENERGY INC COM,COM,76680V108,2925,201894,SH,,DFND,,0,0,201894
582,ROCHE HLDG LTD ADR,COM,771195104,510720,15992640,SH,,DFND,,14022587,0,1970052
583,ROCKWELL AUTOMATION INC,COM,773903109,19552,109711,SH,,DFND,,95364,0,14347
584,ROLLS ROYCE HOLDINGS PLC ADR,COM,775781206,3888,326747,SH,,DFND,,309522,0,17225
585,ROSS STORES INC,COM,778296103,9268,143534,SH,,DFND,,131794,0,11740
586,ROWE T PRICE MID-CAP GROWTH FD,COM,779556109,409,4536,SH,,SOLE,,4536,0,0
587,ROYAL BK SCOTLAND GROUP PL ADR,COM,780097689,262,36006,SH,,SOLE,,36006,0,0
588,ROYAL DUTCH SHELL PLC ADR,COM,780259206,4460,73626,SH,,DFND,,69275,0,4351
589,RUBICON PROJ INC,COM,78112V102,637,163867,SH,,DFND,,0,0,163867
590,RYDEX ETF TRUST GUGGENHM S &P 5,COM,78355W205,35807,201207,SH,,DFND,,197642,0,3565
591,RYDEX ETF TRUST GUG S&P500 PU,COM,78355W403,650,6500,SH,,SOLE,,6500,0,0
592,SEI INTL TR INTL PORTFOLIO,FUND,78411R109,224,19801,SH,,SOLE,,19801,0,0
593,SGX RES INC,COM,78423H107,0,10000,SH,,SOLE,,10000,0,0
594,SMC CORP JAPAN ADR,COM,78445W306,122803,6965658,SH,,DFND,,6897625,0,68033
595,SM INVTS CORP ADR,COM,78455R205,258,29695,SH,,SOLE,,29695,0,0
596,SPDR S&P 500 ETF TR TR UNIT,COM,78462F103,1650,6569,SH,,DFND,,6462,0,107
597,S OIL CORP ADR,COM,78462W106,232,4160,SH,,SOLE,,4160,0,0
598,SPDR GOLD TRUST GOLD SHS,COM,78463V107,1107,9105,SH,,SOLE,,9105,0,0
599,SPDR BLOOMBERG BARCLAYS MTG BC,COM,78464A383,2511,95371,SH,,SOLE,,95371,0,0
600,SPDR BLOOMBERG BARCLAYS HGH YL,COM,78464A417,64611,1731280,SH,,DFND,,1718301,0,12979
601,SPDR PORTFOLIO SHORT TERM CORP,COM,78464A474,45860,1495260,SH,,DFND,,1492237,0,3023
602,SPDR SERIES TRUST S&P CAP MKT,COM,78464A771,306,5844,SH,,SOLE,,5844,0,0
603,SS&C TECHNOLOGIES HLDGS INC,COM,78467J100,7143,177900,SH,,DFND,,146900,0,31000
604,SPDR BLOOMBERG BARCLAYS SHORT,COM,78468R408,407,14545,SH,,SOLE,,14545,0,0
605,SPDR SER TR NUVN BLOOMBERG MU,COM,78468R721,222321,4545517,SH,,DFND,,4507597,0,37920
606,SRC ENERGY INC COM,COM,78470V108,2682,277382,SH,,DFND,,0,0,277382
607,SVB FINL GROUP,COM,78486Q101,269565,1440833,SH,,DFND,,815478,0,625355
608,SABLE NAT RES INC,COM,78573J101,0,117581,SH,,SOLE,,117581,0,0
609,SAFRAN S A ADR,COM,786584102,5100,199644,SH,,DFND,,189319,0,10325
610,SALESFORCE COM INC,COM,79466L302,41839,447855,SH,,DFND,,89698,0,358157
611,SAMSUNG ELECTRONIC GDR EACH RE,COM,796050AAT,116868,103240,SH,,DFND,,100875,0,2365
612,SAN GOLD CORP,COM,79780P104,0,37800,SH,,SOLE,,37800,0,0
613,SANCHEZ ENERGY CORP,COM,79970Y105,921,191108,SH,,DFND,,0,0,191108
614,SANDS CHINA LTD ADR,COM,80007R105,989,19005,SH,,SOLE,,19005,0,0
615,SANOFI ADR,COM,80105N105,701156,14082257,SH,,DFND,,12695144,0,1387113
616,SAP SE ADR,COM,803054204,723597,6599155,SH,,DFND,,5905526,0,693629
617,SAREPTA THERAPEUTICS INC,COM,803607100,1934,42642,SH,,DFND,,0,0,42642
618,SBERBANK RUSSIA SPONSORED ADR,COM,80585Y308,4850,362888,SH,,DFND,,0,0,362888
619,SCHEIN HENRY INC,COM,806407102,69208,844106,SH,,DFND,,321548,0,522558
620,SCHLUMBERGER LTD,COM,806857108,2280,32677,SH,,DFND,,32631,0,46
621,SCHNEIDER ELECTRIC SE ADR,COM,80687P106,153156,8797487,SH,,DFND,,8715869,0,81618
622,SCHWAB CAP TR S&P 500IDX SEL,FUND,808509855,218,5545,SH,,SOLE,,5545,0,0
623,SCOTTS MIRACLE GRO CO,COM,810186106,135106,1387982,SH,,DFND,,748169,0,639813
624,SELECT SECTOR SPDR TR HEALTHCA,COM,81369Y209,37889,463590,SH,,DFND,,451184,0,12406
625,SELECT SECTOR SPDR TR CONSUMER,COM,81369Y308,257,4765,SH,,SOLE,,4765,0,0
626,SELECT SECTOR SPDR TR CONS DIS,COM,81369Y407,668,7410,SH,,DFND,,6062,0,1348
627,SELECT SECTOR SPDR TR FINL,COM,81369Y605,9377,362612,SH,,DFND,,358945,0,3667
628,SELECT SECTOR SPDR TR TECHNOLO,COM,81369Y803,761,12872,SH,,DFND,,12502,0,370
629,SELECT MED HLDGS CORP,COM,81619Q105,86739,4517638,SH,,DFND,,2010630,0,2507008
630,SEMTECH CORP,COM,816850101,15554,414223,SH,,DFND,,0,0,414223
631,SEMPRA ENERGY,COM,816851109,247,2165,SH,,SOLE,,2165,0,0
632,SENIOR HSG PPTYS TR,COM,81721M109,2119,108400,SH,,SOLE,,108400,0,0
633,SERVICENOW INC,COM,81762P102,2199,18713,SH,,DFND,,963,0,17750
634,SERVISFIRST BANCSHARES INC,COM,81768T108,5129,132028,SH,,DFND,,0,0,132028
635,SHINHAN FINANCIAL GROUP CO ADR,COM,824596100,3029,68379,SH,,DFND,,57215,0,11164
636,SHIRE PLC ADR,COM,82481R106,8793,57419,SH,,DFND,,54960,0,2459
637,SHOPIFY INC,COM,82509L107,233,2000,SH,,SOLE,,2000,0,0
638,SIEMENS A G ADR,COM,826197501,759376,10777529,SH,,DFND,,9617767,0,1159761
639,SIGMA DESIGNS INC,COM,826565103,1668,264744,SH,,DFND,,0,0,264744
640,SMITH& NEPHEW PLC ADR,COM,83175M205,79338,2179610,SH,,DFND,,1576250,0,603360
641,SMTC CORP,COM,832682207,13,10000,SH,,SOLE,,10000,0,0
642,SNYDERS-LANCE INC,COM,833551104,32354,848285,SH,,DFND,,330865,0,517420
643,SOCIETE GENERALE FRANCE SP ADR,COM,83364L109,186507,15924306,SH,,DFND,,15743957,0,180348
644,SOFTBANK GROUP CORP ADR ADR,COM,83404D109,763118,18912456,SH,,DFND,,17909958,0,1002498
645,SOHU COM INC COM,COM,83408W103,887,16291,SH,,SOLE,,16291,0,0
646,SOUTHERN CO,COM,842587107,343,6988,SH,,DFND,,6591,0,397
647,SOUTHSIDE BANCSHARES INC,COM,84470P109,2615,71931,SH,,DFND,,0,0,71931
648,SPECTRUM PHARMACEUTICALS INC,COM,84763A108,2521,179209,SH,,DFND,,600,0,178609
649,SPIRIT AEROSYSTEMS HLDGS INC,COM,848574109,10778,138680,SH,,DFND,,135305,0,3375
650,SPLUNK INC,COM,848637104,1291,19434,SH,,DFND,,1199,0,18235
651,SPONGETECH DELIVERY SYS INC,COM,849109103,0,620000,SH,,SOLE,,620000,0,0
652,SPRING CREEK HEALTHCARE SYS IN,COM,84951L106,0,20000,SH,,SOLE,,20000,0,0
653,STAMPS COM INC,COM,852857200,7122,35142,SH,,DFND,,10,0,35132
654,STANDARD ENERGY CORP,COM,853373108,2,595920,SH,,SOLE,,595920,0,0
655,STARBUCKS CORP,COM,855244109,363,6752,SH,,SOLE,,6752,0,0
656,STATE STR CORP,COM,857477103,224,2348,SH,,SOLE,,2348,0,0
657,STEWART INFORMATION SVCS CORP,COM,860372101,1702,45067,SH,,DFND,,0,0,45067
658,STIFEL FINL CORP,COM,860630102,111121,2078578,SH,,DFND,,1237946,0,840632
659,STONE MEDIA CORP,COM,861652105,0,17000,SH,,SOLE,,17000,0,0
660,SUMITOMO MITSUI FINL GROUP ADR,COM,86562M209,391623,50794116,SH,,DFND,,49911510,0,882606
661,SUMMIT HOTEL PPTYS,COM,866082100,1280,80059,SH,,DFND,,0,0,80059
662,SWATCH GROUP AG ADR,COM,870123106,959,46079,SH,,SOLE,,46079,0,0
663,SYNOPSYS INC,COM,871607107,27108,336624,SH,,DFND,,308508,0,28116
664,SYNTHETIC BIOLOGICS INC,COM,87164U102,125,133967,SH,,SOLE,,133967,0,0
665,TRI POINTE GROUPS INC COM,COM,87265H109,11766,852000,SH,,DFND,,0,0,852000
666,TABLEAU SOFTWARE INC,COM,87336U105,12758,170359,SH,,DFND,,46634,0,123725
667,TAIWAN SEMICONDUCTOR MFG L ADR,COM,874039100,1273319,33909955,SH,,DFND,,16153791,0,17756164
668,TATA MTRS LTD ADR,COM,876568502,173724,5555607,SH,,DFND,,2061337,0,3494270
669,TELECOM ARGENTINA S A ADR,COM,879273209,244,7901,SH,,SOLE,,7901,0,0
670,TELEDYNE TECHNOLOGIES INC,COM,879360105,52477,329670,SH,,DFND,,100959,0,228711
671,TELEFLEX INC,COM,879369106,11764,48617,SH,,DFND,,46242,0,2375
672,TEMPLETON GROWTH FD INC CL A,FUND,880199104,344,12785,SH,,SOLE,,12785,0,0
673,TENCENT HLDGS LTD ADR ADR,COM,88032Q109,717250,16663379,SH,,DFND,,14010289,0,2653090
674,TERADYNE INC,COM,880770102,11300,303021,SH,,DFND,,21,0,303000
675,TEREX CORP NEW,COM,880779103,17360,385604,SH,,DFND,,354383,0,31221
676,TESLA INC,COM,88160R101,259,760,SH,,SOLE,,760,0,0
677,TEXAS CAPITAL BANCSHARES INC,COM,88224Q107,39248,457439,SH,,DFND,,376244,0,81195
678,TEXAS INSTRS INC,COM,882508104,32366,361062,SH,,DFND,,63962,0,297100
679,TEXAS PAC LD RTY TR,COM,882610108,229,566,SH,,SOLE,,566,0,0
680,THERATECHNOLOGIES INC,COM,88338H100,228,37673,SH,,SOLE,,37673,0,0
681,THERMO FISHER SCIENTIFIC INC,COM,883556102,239,1265,SH,,SOLE,,1265,0,0
682,3M CO,COM,88579Y101,27843,132648,SH,,DFND,,131374,0,1274
683,TIME WARNER INC,COM,887317303,1106,10792,SH,,DFND,,10291,0,501
684,TOLL BROTHERS INC,COM,889478103,22085,532545,SH,,DFND,,518892,0,13653
685,TORCHMARK CORP,COM,891027104,15194,189716,SH,,DFND,,182232,0,7484
686,TORO CO,COM,891092108,104444,1682957,SH,,DFND,,890049,0,792908
687,TORONTO DOMINION BK ONT,COM,891160509,1065,18935,SH,,SOLE,,18935,0,0
688,TOTAL SYS SVCS INC,COM,891906109,26887,410489,SH,,DFND,,365329,0,45160
689,TOYOTA MOTOR CORP ADR,COM,892331307,3640,30541,SH,,DFND,,28766,0,1775
690,TRANSCOASTAL CORP NEW,COM,89355M105,0,16333,SH,,SOLE,,16333,0,0
691,TRAVELERS COMPANIES INC,COM,89417E109,279,2280,SH,,SOLE,,2280,0,0
692,TREEHOUSE FOODS INC,COM,89469A104,49716,734027,SH,,DFND,,336823,0,397204
693,TRINITY INDS INC,COM,896522109,233,7300,SH,,SOLE,,7300,0,0
694,FI ENHANCED LRG CAP GROWTH UBS,COM,902677780,1163337,5932365,SH,,DFND,,5805619,0,126746
695,FI ENHANCED GLBL HIGH YLD UBS,COM,90274D218,922454,5696975,SH,,DFND,,5439944,0,257031
696,FI ENHANCED EUROPE 50 ETN UBS,COM,90274D234,565977,3259108,SH,,DFND,,3201264,0,57844
697,UMB FINL CORP,COM,902788108,50209,674037,SH,,DFND,,339949,0,334088
698,US BANCORP DEL,COM,902973304,10076,188025,SH,,DFND,,185675,0,2350
699,ULTRAPAR PARTICIPACOES S A ADR,COM,90400P101,6319,265300,SH,,SOLE,,265300,0,0
700,UMPQUA HLDGS CORP,COM,904214103,76010,3895929,SH,,DFND,,1899473,0,1996456
701,UNILEVER N V NYS,COM,904784709,2230,37772,SH,,DFND,,34715,0,3057
702,UNION GROUP INC,COM,906693106,0,59620,SH,,SOLE,,59620,0,0
703,UNION PAC CORP,COM,907818108,17835,153785,SH,,DFND,,30262,0,123523
704,UNITED NAT FOODS INC,COM,911163103,29286,704159,SH,,DFND,,48008,0,656151
705,UNITED PARCEL SERVICE INC,COM,911312106,2060,17154,SH,,DFND,,16373,0,781
706,UNITED RENTALS INC,COM,911363109,5745,41407,SH,,DFND,,37632,0,3775
707,UNITED TECHNOLOGIES CORP,COM,913017109,426271,3672217,SH,,DFND,,3422718,0,249499
708,UNITED THERAPEUTICS CORP DEL,COM,91307C102,310,2649,SH,,DFND,,224,0,2425
709,UNITEDHEALTH GROUP INC,COM,91324P102,1209,6171,SH,,SOLE,,6171,0,0
710,UNIVERSAL FST PRODS INC,COM,913543104,21615,220199,SH,,DFND,,178829,0,41370
711,UNUM GROUP,COM,91529Y106,8568,167578,SH,,DFND,,157635,0,9943
712,VALE S A ADR,COM,91912E105,3896,386900,SH,,DFND,,0,0,386900
713,VALERO ENERGY CORP NEW COM,COM,91913Y100,8930,116076,SH,,DFND,,107742,0,8334
714,VANECK VECTORS ETF TR VIETNAM,COM,92189F817,1492,100100,SH,,SOLE,,100100,0,0
715,VANGUARD SPECIALIZED FUNDS DIV,DIV GRW FD,921908604,327,12528,SH,,SOLE,,12528,0,0
716,VANGUARD WORLD FD MEGA CAP IND,COM,921910873,226,2614,SH,,SOLE,,2614,0,0
717,VANGUARD FTSE DEVELOPED MKT,COM,921943858,23553,542567,SH,,DFND,,529347,0,13220
718,VANGUARD INTL EQUITY INDEX FD,COM,922042742,633,8947,SH,,DFND,,8752,0,195
719,VANGUARD FTSE EMERGING MKT ETF,COM,922042858,7431,170549,SH,,DFND,,168834,0,1715
720,VANGUARD FTSE EUROPE ETF,COM,922042874,47135,808074,SH,,DFND,,784911,0,23163
721,VANGUARD WORLD FDS HEALTH CAR,COM,92204A504,200,1316,SH,,SOLE,,1316,0,0
722,VANGUARD INDUSTRIALS ETF,COM,92204A603,12485,92989,SH,,DFND,,90957,0,2032
723,VANGUARD FDS SHRT-TERM CORP,COM,92206C409,219,2731,SH,,DFND,,2375,0,356
724,VANGUARD FDS INT-TERM CORP,COM,92206C870,58331,662774,SH,,DFND,,658548,0,4226
725,VEECO INSTRS INC DEL,COM,922417100,31241,1459845,SH,,DFND,,805115,0,654730
726,VANGUARD INDEX FDS S&P 500 ETF,COM,922908363,28983,125595,SH,,DFND,,123986,0,1609
727,VANGUARD INDEX FDS 500INDEX AD,500INDEX ADMIR,922908710,319,1370,SH,,SOLE,,1370,0,0
728,VANGUARD INDEX FDS GROWTH ETF,COM,922908736,220,1655,SH,,SOLE,,1655,0,0
729,VANGUARD INDEX FDS VALUE ETF,COM,922908744,211,2109,SH,,SOLE,,2109,0,0
730,VERIFONE SYS INC,COM,92342Y109,83358,4110364,SH,,DFND,,1820709,0,2289655
731,VERISIGN INC,COM,92343E102,274,2580,SH,,SOLE,,2580,0,0
732,VERIZON COMMUNICATIONS INC,COM,92343V104,22187,448319,SH,,DFND,,100334,0,347985
733,VERINT SYS INC,COM,92343X100,90778,2169121,SH,,DFND,,1198347,0,970774
734,VERTEX PHARMACEUTICALS INC,COM,92532F100,758,4984,SH,,DFND,,302,0,4682
735,VIASPACE INC,COM,92554W106,1,501700,SH,,SOLE,,501700,0,0
736,VIAVI SOLUTIONS INC,COM,925550105,7167,757640,SH,,SOLE,,757640,0,0
737,VINCI S A ADR,COM,927320101,185079,7788815,SH,,DFND,,7704474,0,84341
738,VIPSHOP HLDGS LTD ADR,COM,92763W103,2116,240742,SH,,SOLE,,240742,0,0
739,VISA INC,COM,92826C839,1680838,15971471,SH,,DFND,,15047686,0,923785
740,VISHAY INTERTECHNOLOGY INC,COM,928298108,93767,4987610,SH,,DFND,,2561874,0,2425736
741,VODAFONE GROUP PLC NEW ADR,COM,92857W308,706505,24824481,SH,,DFND,,24082375,0,742106
742,VOLKSWAGEN AG ADR,COM,928662303,237,6998,SH,,SOLE,,6998,0,0
743,WNS HOLDINGS LTD ADR,COM,92932M101,7700,210958,SH,,SOLE,,210958,0,0
744,W P CAREY INC,COM,92936U109,403,5976,SH,,SOLE,,5976,0,0
745,WPP PLC NEW ADR,COM,92937A102,41241,444405,SH,,DFND,,54965,0,389440
746,WADDELL& REED FINL INC,COM,930059100,38616,1924083,SH,,DFND,,940273,0,983810
747,WAL-MART STORES INC COM,COM,931142103,474268,6069465,SH,,DFND,,5300951,0,768514
748,WAL MART DE MEXICO S A B D ADR,COM,93114W107,537,23396,SH,,SOLE,,23396,0,0
749,WALGREENS BOOTS ALLIANCE INC,COM,931427108,591,7655,SH,,SOLE,,7655,0,0
750,WALKER& DUNLOP INC,COM,93148P102,5557,106182,SH,,DFND,,496,0,105686
751,WASHINGTON MUT INVS FD INC COM,FUND,939330106,627,14082,SH,,SOLE,,14082,0,0
752,WEBSTER FINL CORP CONN,COM,947890109,94756,1803155,SH,,DFND,,963803,0,839352
753,WEINGARTEN RLTY INVS,COM,948741103,3372,106248,SH,,DFND,,104348,0,1900
754,WELLS FARGO CO NEW,COM,949746101,16015,290384,SH,,DFND,,288198,0,2186
755,WEST PHARMACEUTICAL SVSC INC,COM,955306105,102257,1062304,SH,,DFND,,235731,0,826573
756,WESTAMERICA BANCORPORATION,COM,957090103,948,15917,SH,,SOLE,,15917,0,0
757,WESTPAC BKG CORP ADR,COM,961214301,350,13883,SH,,DFND,,12321,0,1562
758,WEYERHAEUSER CO,COM,962166104,9794,287811,SH,,DFND,,271417,0,16394
759,WILLIAMS SONOMA INC,COM,969904101,1404,28158,SH,,SOLE,,28158,0,0
760,WINTRUST FINL CORP,COM,97650W108,95567,1220362,SH,,DFND,,674810,0,545552
761,WIPRO LTD ADR,COM,97651M109,22452,3952842,SH,,DFND,,2743430,0,1209412
762,WISDOMTREE INVTS INC,COM,97717P104,11177,1097985,SH,,DFND,,110835,0,987150
763,WORKDAY INC,COM,98138H101,769,7293,SH,,DFND,,718,0,6575
764,XCEL ENERGY INC,COM,98389B100,230,4860,SH,,SOLE,,4860,0,0
765,YPF SOCIEDAD ANONIMA ADR,COM,984245100,284,12741,SH,,SOLE,,12741,0,0
766,YY INC ADS REPCOM CLA ADR,COM,98426T106,2960,34109,SH,,SOLE,,34109,0,0
767,YAHOO JAPAN CORP ADR,COM,98433V102,279,29387,SH,,SOLE,,29387,0,0
768,YELLOWCAKE MINING INC,COM,985636109,0,10000,SH,,SOLE,,10000,0,0
769,YELP INC,COM,985817105,125304,2893867,SH,,DFND,,1332521,0,1561346
770,ZILLOW GROUP INC,COM,98954M200,2256,56100,SH,,SOLE,,56100,0,0
771,ZIMMER BIOMET HOLDINGS INC,COM,98956P102,15252,130255,SH,,DFND,,115043,0,15212
772,DB X-TRACKERS MSCI BANGLADESH,COM,9990783CT,104,84385,SH,,SOLE,,84385,0,0
773,DB X-TRACKERS UCITS VIETNAM,COM,9990D06DT,659,25844,SH,,SOLE,,25844,0,0
774,FIIG EU EM SC ESG,FUND,99916C3AT,236847,2022262,SH,,DFND,,2022261,0,1
775,SOURCE MARKETS PLC INDS S&P US,COM,99918308T,375,1062,SH,,DFND,,0,0,1062
776,CHINA HIGH PRECISION AUTOMATIO,COM,99921F26T,0,3919000,SH,,SOLE,,3919000,0,0
777,FIIG EU US SCC - USD,FUND,99928D52T,29071,204642,SH,,DFND,,204641,0,1
778,SK HYNIX INC 144A GDR,COM,9992921AT,75091,1037104,SH,,SOLE,,1037104,0,0
779,STATE BK INDIA REG S,COM,99946ADBT,4215,109778,SH,,DFND,,55655,0,54123
780,ESCROW QUICKSILVER RESOURCES I,COM,9994AAD6T,0,50000,SH,,SOLE,,50000,0,0
781,ESCROW LEHMAN BROS 5.75,COM,99952ECCT,0,50000,SH,,SOLE,,50000,0,0
782,SOURCE MARKETS HLTH CARE S &P U,COM,9995910DT,975,2732,SH,,DFND,,0,0,2732
783,FIRST FINL HLDG CO REG S GDR,COM,99968989T,7697,600871,SH,,DFND,,124663,0,476208
784,ESC LEHMAN BROS 7.875,COM,99972987T,0,25000,SH,,SOLE,,25000,0,0
785,BANK AUDI SAL GDR,COM,9997818DT,135,22624,SH,,SOLE,,22624,0,0
786,FED BANK GDR,COM,99978505T,5722,3319011,SH,,SOLE,,3319011,0,0
787,FIIG EU EM - B USD,FUND,9997B00CT,1014,7298,SH,,SOLE,,7298,0,0
788,ESCROW LINNCO LLC ESCROW CUSI,COM,9997D568T,0,18747,SH,,DFND,,18547,0,200
789,HYUNDAI MOTOR CO GDR RP 1/2 OR,COM,9998E18CT,956,14551,SH,,SOLE,,14551,0,0
790,ESCROW LEHMAN BROS HLDGS INC,COM,99990D56T,0,15005,SH,,SOLE,,15005,0,0
791,TATA GLOBAL BEVERA GDS-REP 1 O,COM,999AA057T,63926,20297994,SH,,DFND,,8825327,0,11472667
792,CIPLA GDR EACH REPR 1 ORD GDR,COM,999ABBBDT,99167,11056459,SH,,DFND,,6110372,0,4946087
793,ESCROW AMR CORP,COM,999B19B2T,0,48563,SH,,SOLE,,48563,0,0
794,RSTK MIDSOUTH CAPITAL,COM,999B1FFDT,0,25001,SH,,SOLE,,25001,0,0
795,SOURCE MARKETS PLC TECH S&P US,COM,999B39FCT,987,6976,SH,,DFND,,0,0,6976
796,SOURCE MARKETS FINS S&P US SEL,COM,999BFCB6T,711,3998,SH,,DFND,,0,0,3998
797,ESCROW MNLEHMAN BRTHRS HLDGRR,COM,999C4400T,0,37000,SH,,SOLE,,37000,0,0
798,ESCROW GLOBAL 1 INVT HLDGS,COM,999C465DT,0,610050,SH,,SOLE,,610050,0,0
799,ESCROW SMURFIT-STONE,COM,999C7950T,0,16800,SH,,SOLE,,16800,0,0
800,ESCROW CA STATEWIDE CMNTY DEV,COM,999CCEC0T,0,10000,SH,,SOLE,,10000,0,0
801,SOURCE MARKETS CNSMR DISC S &P,COM,999D550BT,266,921,SH,,DFND,,0,0,921
802,100000TH INVESCO VAN KAMPEN,COM,999DF84CT,0,79946,SH,,SOLE,,79946,0,0
803,FIIG EU FM - USD,FUND,999E5234T,6777,61759,SH,,DFND,,61758,0,1
804,ESCROW WONDER AUTO TECHNOLOGY,COM,999E5491T,0,10370,SH,,SOLE,,10370,0,0
805,FIIG EU EM - A USD,FUND,999E9382T,3112,20952,SH,,SOLE,,20952,0,0
806,VANGUARD FUNDS PLC FTSE EMERGI,COM,999F551FT,39891,683775,SH,,SOLE,,683775,0,0
807,ESCROW ILINC COMM INC,COM,999F9485T,0,15000,SH,,SOLE,,15000,0,0
808,FIIG EU EM D,FUND,999FDEC9T,91686,760119,SH,,SOLE,,760119,0,0
809,DAIMLER AG GRS,COM,D1668R123,229,2875,SH,,SOLE,,2875,0,0
810,ALKERMES PLC,COM,G01767105,5600,110144,SH,,DFND,,36441,0,73703
811,ALLERGAN PLC,COM,G0177J108,1438,7015,SH,,DFND,,1272,0,5743
812,AMDOCS LTD,COM,G02602103,12960,201488,SH,,DFND,,191207,0,10281
813,ARCOS DORADOS HOLDINGS INC,COM,G0457F107,141,14046,SH,,SOLE,,14046,0,0
814,CALCITECH LTD,COM,G17580104,0,45000,SH,,SOLE,,45000,0,0
815,CARDTRONICS PLC SHS CL A,COM,G1991C105,3912,170000,SH,,DFND,,0,0,170000
816,CREDICORP LTD,COM,G2519Y108,258258,1259671,SH,,DFND,,513875,0,745796
817,GEELY AUTOMOTIVE HLDGS LTD,COM,G3777B103,149,52000,SH,,SOLE,,52000,0,0
818,GETGO INC,COM,G38529106,0,315000,SH,,SOLE,,315000,0,0
819,GENPACT LIMITED,COM,G3922B107,13146,457269,SH,,DFND,,437757,0,19512
820,HELEN OF TROY CORP LTD,COM,G4388N106,76540,789884,SH,,DFND,,381258,0,408626
821,JANUS HENDERSON GROUP PLC ORD,COM,G4474Y214,57515,1650825,SH,,DFND,,898014,0,752811
822,ICON PLC,COM,G4705A100,2890,25374,SH,,DFND,,2074,0,23300
823,INGERSOLL-RAND PLC,COM,G47791101,1258,14108,SH,,DFND,,13908,0,200
824,JAZZ PHARMACEUTICALS PLC,COM,G50871105,235,1606,SH,,DFND,,181,0,1425
825,LAZARD LTD SHS A,COM,G54050102,69671,1540712,SH,,DFND,,674069,0,866643
826,LIVANOVA PLC SHS,COM,G5509L101,13802,197000,SH,,DFND,,0,0,197000
827,MARVELL TECHNOLOGY GROUP LTD,COM,G5876H105,7135,398600,SH,,SOLE,,398600,0,0
828,MEDTRONIC PLC,COM,G5960L103,14692,188912,SH,,DFND,,36012,0,152900
829,PROTHENA CORP PLC,COM,G72800108,1413,21813,SH,,DFND,,0,0,21813
830,STERIS PLC SHS USD,COM,G84720104,136061,1539157,SH,,DFND,,749098,0,790059
831,TECHNIPFMC LTD COM,COM,G87110105,1336,47867,SH,,DFND,,42617,0,5250
832,PERRIGO CO PLC,COM,G97822103,37861,447270,SH,,DFND,,240606,0,206664
833,CHUBB LIMITED,COM,H1467J104,200,1406,SH,,SOLE,,1406,0,0
834,UBS GROUP AG,COM,H42097107,708350,41303205,SH,,DFND,,37820773,0,3482432
835,GLOBANT S A COM,COM,L44385109,762,19016,SH,,SOLE,,19016,0,0
836,CHECK POINT SOFTWARE TECH LTD,COM,M22465104,4882,42815,SH,,SOLE,,42815,0,0
837,STRATASYS LTD,COM,M85548101,71277,3082900,SH,,DFND,,1433267,0,1649633
838,ASML HOLDING N V NYS,COM,N07059210,345520,2018226,SH,,DFND,,1451188,0,567037
839,QIAGEN NV SHS NEW,COM,N72482123,6641,210810,SH,,DFND,,195310,0,15500
840,WRIGHT MED GROUP N V,COM,N96617118,74785,2890789,SH,,DFND,,1261654,0,1629135
841,VICINITY CENTRES,COM,Q9395F102,36,17461,SH,,SOLE,,17461,0,0
842,MAKEMYTRIP LTD,COM,V5633W109,1289,44832,SH,,SOLE,,44832,0,0
