,NAME OF ISSUER,TITLE OF CLASS,CUSIP,(x$1000),PRN AMT,PRN,CALL,DISCRETION,MANAGER,SOLE,SHARED,NONE
0,AAR CORP,COM,000361105,19226,697620,SH,,DFND,,314262,0,383358
1,AIA GROUP LTD ADR,COM,001317205,479,23828,SH,,DFND,,2078,0,21750
2,AT&T INC,COM,00206R102,1797,50808,SH,,DFND,,50588,0,220
3,ABBOTT LABS,COM,002824100,737,18027,SH,,DFND,,9782,0,8245
4,ABBVIE INC,COM,00287Y109,62344,1104609,SH,,DFND,,102447,0,1002162
5,ACADIA RLTY TR,COM,004239109,31697,1128411,SH,,DFND,,690899,0,437512
6,ADIDAS AG ADR,COM,00687A107,43984,868593,SH,,DFND,,115897,0,752696
7,ADVANCED SEMICONDUCTOR ENG ADR,COM,00756M404,63291,9737029,SH,,DFND,,3616406,0,6120623
8,AETHLON MED INC,COM,00808Y109,3,15000,SH,,SOLE,,15000,0,0
9,AFFILIATED MANAGERS GROUP,COM,008252108,1473,7170,SH,,SOLE,,7170,0,0
10,ALIGN TECHNOLOGY INC,COM,016255101,1183,21118,SH,,DFND,,0,0,21118
11,ALLERGAN INC,COM,018490102,1046,6183,SH,,DFND,,1683,0,4500
12,ALON USA ENERGY INC,COM,020520102,3252,261419,SH,,DFND,,191400,0,70019
13,ALTRIA GROUP INC,COM,02209S103,2337,55733,SH,,DFND,,31425,0,24308
14,AMAZON COM INC,COM,023135106,801055,2466455,SH,,DFND,,2203439,0,263016
15,AMBEV SA ADR,COM,02319V103,52903,7514636,SH,,DFND,,2697455,0,4817181
16,AMERICA MOVIL SAB DE CV ADR,COM,02364W105,209,10091,SH,,SOLE,,10091,0,0
17,AMERICAN CAMPUS CMNTYS INC,COM,024835100,1638,42825,SH,,DFND,,32950,0,9875
18,AMERICAN CENTY INVT TR DIVER B,DIVER BD INSTL,024932600,145,13411,SH,,SOLE,,13411,0,0
19,AMERICAN EQTY INVT LIFE HLD CO,COM,025676206,72509,2947520,SH,,DFND,,1412355,0,1535165
20,AMERICAN EXPRESS CO,COM,025816109,1079806,11381952,SH,,DFND,,10577658,0,804293
21,AMERICAN INTL GROUP INC COM NE,COM,026874784,2239,41030,SH,,DFND,,1540,0,39490
22,AMERISOURCEBERGEN CORP,COM,03073E105,13345,183657,SH,,DFND,,167132,0,16525
23,AMERIPRISE FINL INC,COM,03076C106,20686,172382,SH,,DFND,,139869,0,32513
24,AMGEN INC,COM,031162100,10099,85316,SH,,DFND,,11312,0,74004
25,ANADARKO PETE CORP,COM,032511107,1178,10764,SH,,SOLE,,10764,0,0
26,ANGLO AMERN PLC ADR,COM,03485P201,146,11910,SH,,SOLE,,11910,0,0
27,ANHEUSER BUSCH INBEV SA/NV ADR,COM,03524A108,5417,47128,SH,,DFND,,43527,0,3601
28,ANIXTER INTL INC,COM,035290105,76236,761826,SH,,DFND,,338480,0,423346
29,APPLE INC,COM,037833100,998455,10744159,SH,,DFND,,9626298,0,1117860
30,APPLIED DNA SCIENCES INC,COM,03815U102,1,10000,SH,,SOLE,,10000,0,0
31,ARENA PHARMACEUTICALS INC,COM,040047102,64,11000,SH,,SOLE,,11000,0,0
32,ARM HLDGS PLC ADR,COM,042068106,55904,1235725,SH,,DFND,,214685,0,1021040
33,ASCENA RETAIL GROUP INC,COM,04351G101,10958,640804,SH,,DFND,,330174,0,310630
34,ASPEN PHARMACARE HLDGS LTD ADR,COM,04530Y106,640,22765,SH,,DFND,,12575,0,10190
35,ASPEN TECHNOLOGY INC,COM,045327103,22755,490414,SH,,DFND,,243854,0,246560
36,ASSICURAZIONI GENERALI S P ADR,COM,04545K109,330,30139,SH,,DFND,,2844,0,27295
37,ATLAS AIR WORLDWIDE HLDGS,COM,049164205,63287,1717422,SH,,DFND,,767930,0,949492
38,AUTODESK INC,COM,052769106,5959,105686,SH,,DFND,,72900,0,32786
39,AVISTA CORP,COM,05379B107,29663,884930,SH,,DFND,,429141,0,455789
40,BAB INC,COM,055183107,11,13332,SH,,SOLE,,13332,0,0
41,BASF SE ADR,COM,055262505,359242,3085772,SH,,DFND,,2620687,0,465084
42,BHP BILLITON PLC ADR,COM,05545E209,221,3391,SH,,SOLE,,3391,0,0
43,BP PLC ADR,COM,055622104,55838,1058533,SH,,DFND,,6533,0,1052000
44,BNP PARIBAS ADR,COM,05565A202,246,7267,SH,,DFND,,927,0,6340
45,BAIDU INC ADR,COM,056752108,95158,509385,SH,,DFND,,160875,0,348510
46,BANCO SANTANDER SA ADR,COM,05964H105,7071,678571,SH,,DFND,,596981,0,81589
47,BANCORPSOUTH INC,COM,059692103,80664,3283048,SH,,DFND,,1422343,0,1860705
48,BANGKOK BK PLC ADR,COM,059893107,470,15810,SH,,DFND,,9800,0,6010
49,BANK OF AMERICA CORPORATION,COM,060505104,649062,42229149,SH,,DFND,,37407542,0,4821607
50,BANK NEW YORK MELLON CORP,COM,064058100,399,10637,SH,,SOLE,,10637,0,0
51,BARCLAYS PLC ADR,COM,06738E204,440,30135,SH,,DFND,,4860,0,25275
52,FI ENHANCED EUROPE 50 ETN BCS,COM,06742C129,1099327,8297936,SH,,DFND,,8208862,0,89074
53,FI ENHANCED GLBL HIGH YLD BCS,COM,06742C152,1563746,11903731,SH,,DFND,,11775931,0,127800
54,BAYER A G ADR,COM,072730302,325159,2302369,SH,,DFND,,2005953,0,296416
55,BAYERISCHE MOTOREN WERKE A ADR,COM,072743206,6147,145421,SH,,DFND,,128261,0,17160
56,B/E AEROSPACE INC,COM,073302101,15366,166140,SH,,DFND,,128595,0,37545
57,BEACON ROOFING SUPPLY INC,COM,073685109,52562,1587028,SH,,DFND,,675189,0,911839
58,BERKSHIRE HATHAWAY INC CL A,COM,084670108,1709,9,SH,,SOLE,,9,0,0
59,BERKSHIRE HATHAWAY INC CL B,COM,084670702,685684,5417853,SH,,DFND,,4806827,0,611026
60,BHP BILLITON LTD ADR,COM,088606108,224043,3273093,SH,,DFND,,3230161,0,42931
61,BIO RAD LABS INC,COM,090572207,35283,294741,SH,,DFND,,136401,0,158340
62,BIOGEN IDEC INC,COM,09062X103,28026,88885,SH,,DFND,,8512,0,80373
63,BIOMED REALTY TRUST INC,COM,09063H107,42828,1961870,SH,,DFND,,1180897,0,780973
64,BLACKROCK INC,COM,09247X101,574,1797,SH,,DFND,,502,0,1295
65,BLACKROCK MUNIYIELD NJ QLTY FD,COM,09255A100,203,14000,SH,,SOLE,,14000,0,0
66,BOEING CO,COM,097023105,34506,271206,SH,,DFND,,48006,0,223200
67,BORGWARNER INC,COM,099724106,15166,232646,SH,,DFND,,182927,0,49719
68,BOSTON BEER INC,COM,100557107,72839,325872,SH,,DFND,,185848,0,140024
69,BRILLIANCE CHINA AUTO HLDG ADR,COM,10949Q204,463,4935,SH,,SOLE,,4935,0,0
70,BRISTOL MYERS SQUIBB CO,COM,110122108,2413,49732,SH,,DFND,,14232,0,35500
71,BRISTOW GROUP INC,COM,110394103,403,5000,SH,,DFND,,0,0,5000
72,BRITISH AMERN TOB PLC ADR,COM,110448107,654,5494,SH,,DFND,,5172,0,322
73,CF INDS HLDGS INC,COM,125269100,8330,34632,SH,,DFND,,30647,0,3985
74,CLECO CORP NEW,COM,12561W105,22623,383760,SH,,DFND,,193607,0,190153
75,CNOOC LTD ADR,COM,126132109,377,2100,SH,,DFND,,2035,0,65
76,CSL LTD ADR,COM,12637N204,3951,125815,SH,,DFND,,118742,0,7073
77,CSX CORP,COM,126408103,413,13402,SH,,SOLE,,13402,0,0
78,CVS CAREMARK CORPORATION,COM,126650100,11710,155365,SH,,DFND,,17803,0,137562
79,CA INC,COM,12673P105,6888,239671,SH,,DFND,,209221,0,30450
80,CABELAS INC,COM,126804301,104554,1675537,SH,,DFND,,743250,0,932287
81,CABLEVISION SYS CORP,COM,12686C109,2781,157588,SH,,DFND,,60700,0,96888
82,CAMDEN PPTY TR,COM,133131102,2168,30477,SH,,DFND,,26612,0,3865
83,CAMERON INTERNATIONAL CORP,COM,13342B105,509,7514,SH,,SOLE,,7514,0,0
84,CANADIAN NATL RY CO,COM,136375102,73285,1127110,SH,,DFND,,974513,0,152597
85,CANADIAN OIL SANDS LTD,COM,13643E105,850,37500,SH,,SOLE,,37500,0,0
86,CAPITAL SOUTHWEST CORP,COM,140501107,346,9600,SH,,SOLE,,9600,0,0
87,CAPITOL FED FINL INC,COM,14057J101,26422,2172866,SH,,DFND,,1151607,0,1021259
88,CAPSTONE TURBINE CORP,COM,14067D102,45,30000,SH,,SOLE,,30000,0,0
89,CARDINAL CAP NET,COM,14148095T,0,25000,SH,,SOLE,,25000,0,0
90,CATERPILLAR INC DEL,COM,149123101,890,8186,SH,,SOLE,,8186,0,0
91,CATHAY FINANCIAL-144A GDR,COM,14915V106,536,34300,SH,,SOLE,,34300,0,0
92,CELGENE CORP,COM,151020104,11256,131064,SH,,DFND,,14252,0,116812
93,CEMEX SAB DE CV ADR,COM,151290889,60583,4579247,SH,,DFND,,217376,0,4361871
94,CERACON INC,COM,15699658T,0,23268,SH,,SOLE,,23268,0,0
95,CHARLES RIV LABS INTL INC,COM,159864107,19900,371824,SH,,DFND,,213782,0,158042
96,CHAROEN POKPHAND FOODS PLC ADR,COM,160904207,202,60040,SH,,DFND,,25410,0,34630
97,CHENIERE ENERGY INC,COM,16411R208,746,10400,SH,,SOLE,,10400,0,0
98,CHESAPEAKE ENERGY CORP,COM,165167107,244,7853,SH,,SOLE,,7853,0,0
99,CHEVRON CORP NEW,COM,166764100,457458,3504080,SH,,DFND,,3234007,0,270073
100,CHINA CONSTR BK CORP ADR,COM,168919108,204,13480,SH,,DFND,,7750,0,5730
101,CHINA GOLD CORP,COM,16938L106,0,20000,SH,,SOLE,,20000,0,0
102,CHINA MOBILE LIMITED ADR,COM,16941M109,7832,161119,SH,,DFND,,10788,0,150331
103,CIELO S A ADR,COM,171778202,44025,2130304,SH,,DFND,,215534,0,1914770
104,CIMAREX ENERGY CO,COM,171798101,430,3000,SH,,SOLE,,3000,0,0
105,CINCINNATI FINL CORP,COM,172062101,8083,168260,SH,,DFND,,147400,0,20860
106,CISCO SYS INC,COM,17275R102,375431,15107906,SH,,DFND,,12994885,0,2113021
107,CITIGROUP INC,COM,172967424,550262,11682847,SH,,DFND,,10414857,0,1267990
108,CITY NATL CORP,COM,178566105,15398,203247,SH,,DFND,,184397,0,18850
109,CLOROX CO DEL,COM,189054109,215,2353,SH,,SOLE,,2353,0,0
110,COCA COLA CO,COM,191216100,426811,10075796,SH,,DFND,,9350686,0,725109
111,COLGATE PALMOLIVE CO,COM,194162103,663,9718,SH,,SOLE,,9718,0,0
112,COLUMBIA FDS SER TR II MASS DI,DIV OPPTN Z,19763P192,143,13193,SH,,SOLE,,13193,0,0
113,COLUMBIA SPORTSWEAR CO,COM,198516106,3612,43700,SH,,SOLE,,43700,0,0
114,COMCAST CORP NEW CL A,COM,20030N101,654135,12185822,SH,,DFND,,10819938,0,1365883
115,COMCAST CORP NEW CL A SPL,COM,20030N200,1147,21505,SH,,DFND,,21295,0,210
116,COMMONWEALTH BANK OF AUSTR ADR,COM,202712600,4837,63360,SH,,DFND,,56423,0,6937
117,COMMUNITY 1ST BK ROSEVILLE CA,COM,203658109,46,12000,SH,,SOLE,,12000,0,0
118,COMPAGNIE DE SAINT GOBAIN ADR,COM,204280309,5262,466374,SH,,DFND,,437349,0,29025
119,COMPAGNIE FIN RICHEMONTAG ADR,COM,204319107,9016,859260,SH,,DFND,,805410,0,53850
120,COMPANHIA BRASILEIRA DE DI ADR,COM,20440T201,22363,482679,SH,,DFND,,14600,0,468079
121,CONCUR TECHNOLOGIES INC,COM,206708109,253,2710,SH,,SOLE,,2710,0,0
122,CONGAREE BANCSHARES INC,COM,20716N102,47,12500,SH,,SOLE,,12500,0,0
123,CONMED CORP,COM,207410101,2971,67300,SH,,SOLE,,67300,0,0
124,CONOCOPHILLIPS,COM,20825C104,2105,24556,SH,,SOLE,,24556,0,0
125,COOPER COS INC,COM,216648402,6724,49609,SH,,DFND,,35650,0,13959
126,CORPORATE OFFICE PPTYS TR,COM,22002T108,19971,718138,SH,,DFND,,393960,0,324178
127,COVANCE INC,COM,222816100,2193,25621,SH,,DFND,,0,0,25621
128,FI ENHANCED BIG CAP GROWTH CS,COM,22539T563,26593,533000,SH,,DFND,,529149,0,3851
129,FI ENHANCED EUROPE 50 ETN CS,COM,22542D100,186738,1368147,SH,,DFND,,1342074,0,26073
130,FI ENHANCED LRG CAP GROWTH CS,COM,22542D423,506062,5003089,SH,,DFND,,4977262,0,25827
131,CUBIST PHARMACEUTICALS INC,COM,229678107,2545,36450,SH,,DFND,,0,0,36450
132,CULLEN FROST BANKERS INC,COM,229899109,17823,224414,SH,,DFND,,183571,0,40843
133,DBS GROUP HLDGS LTD ADR,COM,23304Y100,52255,972294,SH,,DFND,,88172,0,884122
134,DDS TECHNOLOGIES USA INC NEV,COM,23316W100,0,10000,SH,,SOLE,,10000,0,0
135,D R HORTON INC,COM,23331A109,3457,140650,SH,,SOLE,,140650,0,0
136,DAIMLER AG ADR,COM,233825108,553943,5915046,SH,,DFND,,5267994,0,647052
137,DANA HLDG CORP,COM,235825205,12563,514440,SH,,DFND,,464075,0,50365
138,DANONE ADR,COM,23636T100,2771,186564,SH,,DFND,,173396,0,13168
139,DARLING INGREDIENTS INC,COM,237266101,48200,2306223,SH,,DFND,,960505,0,1345718
140,DASSAULT SYS S A ADR,COM,237545108,5920,46019,SH,,DFND,,43899,0,2120
141,FI ENHANCED GLBL HIGH YLD DB,COM,25155L293,156430,1189494,SH,,DFND,,1155677,0,33817
142,DEUTSCHE POST AG ADR,COM,25157Y202,75513,2088337,SH,,DFND,,217837,0,1870500
143,DEVON ENERGY CORP NEW,COM,25179M103,261,3286,SH,,DFND,,3210,0,76
144,DIAGEO P L C ADR,COM,25243Q205,3224,25334,SH,,DFND,,23741,0,1593
145,DISNEY WALT CO,COM,254687106,723817,8441997,SH,,DFND,,7470605,0,971391
146,DISCOVERY COMMUNICATNS NEW,COM,25470F104,9601,129251,SH,,DFND,,99314,0,29937
147,DR REDDYS LABS LTD ADR,COM,256135203,162810,3773114,SH,,DFND,,931665,0,2841449
148,DOMINOS PIZZA INC,COM,25754A201,129078,1766010,SH,,DFND,,775630,0,990380
149,DONALDSON INC,COM,257651109,200,4736,SH,,SOLE,,4736,0,0
150,DOVER CORP,COM,260003108,573,6305,SH,,SOLE,,6305,0,0
151,DRIL-QUIP INC,COM,262037104,38706,354324,SH,,DFND,,180608,0,173716
152,DU PONT E I DE NEMOURS& CO,COM,263534109,246,3761,SH,,DFND,,3608,0,153
153,DUPONT FABROS TECHNOLOGY INC,COM,26613Q106,41016,1521375,SH,,DFND,,676096,0,845279
154,E M C CORP MASS,COM,268648102,413,15663,SH,,SOLE,,15663,0,0
155,E TRADE FINANCIAL CORP,COM,269246401,7187,338031,SH,,DFND,,10,0,338021
156,EAST WEST BANCORP INC,COM,27579R104,107565,3074159,SH,,DFND,,1558446,0,1515713
157,EASTMAN CHEM CO,COM,277432100,436,4995,SH,,SOLE,,4995,0,0
158,EBAY INC,COM,278642103,24919,497782,SH,,DFND,,38594,0,459188
159,ECOPETROL S A ADR,COM,279158109,40740,1130100,SH,,DFND,,344095,0,786005
160,EDUCATION RLTY TR INC,COM,28140H104,28875,2688506,SH,,DFND,,1605304,0,1083202
161,ELEPHANT TALK COMM CORP,COM,286202205,21,22000,SH,,SOLE,,22000,0,0
162,ELITE TECHNOLOGIES INC,COM,286600101,0,12095,SH,,SOLE,,12095,0,0
163,EMBRAER S A ADR,COM,29082A107,84549,2320868,SH,,DFND,,532354,0,1788514
164,EMERGENT BIOSOLUTIONS INC,COM,29089Q105,10528,468757,SH,,DFND,,78120,0,390637
165,EMERSON ELEC CO,COM,291011104,503,7582,SH,,SOLE,,7582,0,0
166,EMPRESAS ICA S A DE CV ADR,COM,292448206,144,18400,SH,,SOLE,,18400,0,0
167,100000TH ENBRIDGE ENERGY MGMT,COM,29250X10T,0,280360,SH,,SOLE,,280360,0,0
168,ENERGIZER HLDGS INC,COM,29266R108,3307,27100,SH,,DFND,,24450,0,2650
169,ENERGY TRANSFER PRTNRS L P,COM,29273R109,488,8416,SH,,SOLE,,8416,0,0
170,ENTERPRISE PRODS PARTNERS L P,COM,293792107,476,6075,SH,,SOLE,,6075,0,0
171,EQUIFAX INC,COM,294429105,16846,232235,SH,,DFND,,187828,0,44407
172,ERICSSON ADR,COM,294821608,5178,428636,SH,,DFND,,404099,0,24537
173,ESCROW ADELPHIA COMMUNICATIONS,COM,296387AHT,0,47000,SH,,DFND,,25000,0,22000
174,ESSEX PPTY TR INC,COM,297178105,6409,34658,SH,,DFND,,27115,0,7543
175,EXPERIAN PLC ADR,COM,30215C101,4574,270743,SH,,DFND,,246156,0,24587
176,EXPRESS SCRIPTS HLDG CO,COM,30219G108,41143,593431,SH,,DFND,,47063,0,546368
177,EXTRA SPACE STORAGE INC,COM,30225T102,24216,454767,SH,,DFND,,283282,0,171485
178,EXXON MOBIL CORP,COM,30231G102,449422,4463866,SH,,DFND,,4131441,0,332425
179,FEI CO,COM,30241L109,83294,918041,SH,,DFND,,321170,0,596871
180,FMC TECHNOLOGIES INC,COM,30249U101,7860,128710,SH,,DFND,,113515,0,15195
181,FX ENERGY INC,COM,302695101,40,10955,SH,,DFND,,0,0,10955
182,FACEBOOK INC,COM,30303M102,278,4136,SH,,SOLE,,4136,0,0
183,FAIR ISAAC CORP,COM,303250104,8381,131440,SH,,DFND,,16600,0,114840
184,FANUC CORPORATION ADR,COM,307305102,85098,2960809,SH,,DFND,,229034,0,2731775
185,FEDEX CORP,COM,31428X106,247,1632,SH,,DFND,,1598,0,34
186,FIDELITY ABERDEEN STR TR FREED,FREEDOM 2015,315792671,170,13215,SH,,SOLE,,13215,0,0
187,FIDELITY NATL INFORMATION SVCS,COM,31620M106,14766,269754,SH,,DFND,,213257,0,56497
188,FIDELITY NATIONAL FINANCIAL IN,COM,31620R105,2567,78350,SH,,SOLE,,78350,0,0
189,FIDELITY SELECT PORTFOLIOS SEL,SELECT IT SVCS,316390483,315,8614,SH,,SOLE,,8614,0,0
190,FIIG EU EM,FUND,316845PJT,645387,6202659,SH,,SOLE,,6202659,0,0
191,FIIG EU SMID USD,FUND,316845RST,117501,781934,SH,,SOLE,,781934,0,0
192,FINISAR CORP,COM,31787A507,83116,4208399,SH,,DFND,,1922590,0,2285809
193,FIRST AMERN SCIENTIFIC CORP,COM,31846W102,5,260000,SH,,SOLE,,260000,0,0
194,FIRST CHINA PHARMA GROUP INC,COM,31948N109,1,47400,SH,,SOLE,,47400,0,0
195,FIRST EAGLE FDS INC GLOBAL FD,GLOBAL FD CL C,32008F705,236,4230,SH,,SOLE,,4230,0,0
196,100000TH FIRST HORIZON NTL CO,COM,32051710T,0,37565,SH,,SOLE,,37565,0,0
197,FIRST REP BK SAN FRANCISCO CAL,COM,33616C100,21839,397148,SH,,DFND,,328923,0,68225
198,FIRSTMERIT CORP,COM,337915102,77449,3921477,SH,,DFND,,2002727,0,1918750
199,FLUOR CORP NEW,COM,343412102,2187,28440,SH,,DFND,,22605,0,5835
200,FOMENTO ECONOMICO MEXICANO ADR,COM,344419106,2513,26830,SH,,DFND,,2510,0,24320
201,FORD MTR CO DEL,COM,345370860,26683,1547736,SH,,DFND,,139736,0,1408000
202,FRANKLIN CUSTODIAN FDS INC INC,INCOME FD CL C,353496805,56,21542,SH,,SOLE,,21542,0,0
203,FRANKLIN RES INC,COM,354613101,1282,22167,SH,,SOLE,,22167,0,0
204,FREEPORT-MCMORAN INC,COM,35671D857,469,12840,SH,,DFND,,11939,0,901
205,GENERAL DYNAMICS CORP,COM,369550108,1546,13266,SH,,SOLE,,13266,0,0
206,GENERAL ELECTRIC CO,COM,369604103,807693,30734120,SH,,DFND,,27751953,0,2982166
207,GENERAL MLS INC,COM,370334104,585,11126,SH,,SOLE,,11126,0,0
208,GERDAU S A ADR,COM,373737105,23507,3990946,SH,,DFND,,1099495,0,2891451
209,GILEAD SCIENCES INC,COM,375558103,80877,975483,SH,,DFND,,67938,0,907545
210,GLACIER BANCORP INC NEW,COM,37637Q105,61832,2178705,SH,,DFND,,1090753,0,1087952
211,GLAXOSMITHKLINE PLC ADR,COM,37733W105,607849,11365903,SH,,DFND,,10120296,0,1245607
212,GLOBAL NETWORKS CORP,COM,379382104,0,14720,SH,,SOLE,,14720,0,0
213,GLU MOBILE INC,COM,379890106,50,10000,SH,,SOLE,,10000,0,0
214,HOMELAND PROD INC RSTD,COM,37989699T,0,10000,SH,,SOLE,,10000,0,0
215,GOLDMAN SACHS GROUP INC,COM,38141G104,43099,257402,SH,,DFND,,23817,0,233585
216,GOOGLE INC CL A,COM,38259P508,435883,745519,SH,,DFND,,646686,0,98833
217,GOOGLE INC CL C,COM,38259P706,367452,638736,SH,,DFND,,588825,0,49911
218,GREENHILL& CO INC,COM,395259104,16065,326195,SH,,DFND,,301790,0,24405
219,GROWTH FD AMER INC CL A,FUND,399874106,384,8431,SH,,SOLE,,8431,0,0
220,GRUPO TELEVISA SA ADR,COM,40049J206,63261,1843814,SH,,DFND,,881335,0,962479
221,GRUPO FINANCIERO SANTANDER ADR,COM,40053C105,369,27820,SH,,DFND,,15200,0,12620
222,GULFMARK OFFSHORE INC,COM,402629208,1726,38200,SH,,SOLE,,38200,0,0
223,HDFC BANK LTD ADR,COM,40415F101,269918,5765025,SH,,DFND,,1334129,0,4430896
224,HSBC HLDGS PLC ADR,COM,404280406,634316,12486527,SH,,DFND,,11506661,0,979865
225,HABER INC,COM,404450108,0,30000,SH,,SOLE,,30000,0,0
226,HAEMONETICS CORP,COM,405024100,6267,177645,SH,,DFND,,35695,0,141950
227,HAIN CELESTIAL GROUP INC,COM,405217100,9895,111500,SH,,DFND,,8300,0,103200
228,HALLIBURTON CO,COM,406216101,254,3580,SH,,DFND,,3522,0,58
229,HALOZYME THERAPEUTICS INC,COM,40637H109,7823,791760,SH,,DFND,,168255,0,623505
230,HANCOCK HLDG CO,COM,410120109,14242,403215,SH,,DFND,,366215,0,37000
231,HARLEY DAVIDSON INC,COM,412822108,10169,145586,SH,,DFND,,108088,0,37498
232,HARRIS ASSOC INVT TR OAKMARK I,OAKMARK INTL I,413838202,304,11286,SH,,SOLE,,11286,0,0
233,HEARTLAND EXPRESS INC,COM,422347104,53267,2496123,SH,,DFND,,1074509,0,1421614
234,HEARTLAND PMT SYS INC,COM,42235N108,74351,1804204,SH,,DFND,,792665,0,1011539
235,HEICO CORP NEW,COM,422806109,41147,792198,SH,,DFND,,245721,0,546477
236,HELMERICH& PAYNE INC,COM,423452101,51355,442300,SH,,DFND,,213367,0,228933
237,HENGAN INTL GROUP CO LTD ADR,COM,42551N104,428,8135,SH,,DFND,,3625,0,4510
238,HEWLETT PACKARD CO,COM,428236103,480,14265,SH,,SOLE,,14265,0,0
239,HILL INTERNATIONAL INC,COM,431466101,158,25336,SH,,SOLE,,25336,0,0
240,HILL ROM HLDGS INC,COM,431475102,70853,1706884,SH,,DFND,,848955,0,857929
241,HOLOGIC INC,COM,436440101,3273,129100,SH,,SOLE,,129100,0,0
242,HOME DEPOT INC,COM,437076102,677138,8363864,SH,,DFND,,7309795,0,1054068
243,HON HAI PRECISION GDR GDR,COM,4380929AT,19168,2882346,SH,,DFND,,1427344,0,1455002
244,HONEYWELL INTL INC,COM,438516106,213,2291,SH,,SOLE,,2291,0,0
245,HONG KONG EXCHANGES& CLEA ADR,COM,43858F109,1649,88455,SH,,DFND,,83635,0,4820
246,HOST HOTELS& RESORTS INC,COM,44107P104,256,11632,SH,,DFND,,1712,0,9920
247,HUB GROUP INC,COM,443320106,74667,1481497,SH,,DFND,,685850,0,795647
248,HUDSON CITY BANCORP,COM,443683107,118,12000,SH,,SOLE,,12000,0,0
249,HYSTER YALE MATLS HANDLING INC,COM,449172105,7118,80389,SH,,DFND,,13715,0,66674
250,IPG PHOTONICS CORP,COM,44980X109,9295,135099,SH,,DFND,,22185,0,112914
251,IDACORP INC,COM,451107106,37200,643260,SH,,DFND,,333704,0,309556
252,INCYTE CORP,COM,45337C102,690,12225,SH,,DFND,,0,0,12225
253,INDUSTRIAL& COML BK CHINA ADR,COM,455807107,1788,141375,SH,,DFND,,134915,0,6460
254,INFOSYS LTD ADR,COM,456788108,145984,2714973,SH,,DFND,,924065,0,1790908
255,ING GROEP N V ADR,COM,456837103,458,32662,SH,,SOLE,,32662,0,0
256,INGREDION INC,COM,457187102,58057,773681,SH,,DFND,,341887,0,431794
257,INSULET CORP,COM,45784P101,749,18888,SH,,DFND,,0,0,18888
258,INTEGRA LIFESCIENCES HLDGS CP,COM,457985208,25047,532225,SH,,DFND,,498745,0,33480
259,INTEL CORP,COM,458140100,586002,18964462,SH,,DFND,,16881362,0,2083099
260,INTERNATIONAL BUSINESS MACHS,COM,459200101,18682,103060,SH,,DFND,,102191,0,869
261,INTERNATIONAL PWR GROUP LTD,COM,46018A100,0,39000,SH,,SOLE,,39000,0,0
262,INTESA SANPAOLO S P A ADR,COM,46115H107,292,15730,SH,,SOLE,,15730,0,0
263,IROBOT CORP,COM,462726100,1506,36765,SH,,DFND,,257,0,36508
264,ISHARES MSCI TAIWAN ETF,COM,464286731,181,11450,SH,,DFND,,0,0,11450
265,ISHARES MSCI STH KOR ETF,COM,464286772,1125,17295,SH,,DFND,,70,0,17225
266,ISHARES TIPS BD ETF,COM,464287176,872,7555,SH,,SOLE,,7555,0,0
267,ISHARES CORE US AGGREGATE BOND,COM,464287226,257,2350,SH,,DFND,,0,0,2350
268,ISHARES IBOXX INV CP ETF,COM,464287242,1235131,10356623,SH,,DFND,,10255987,0,100636
269,ISHARES GLOBAL TECH ETF,COM,464287291,8144,91538,SH,,DFND,,89034,0,2504
270,ISHARES GLOB HLTHCRE ETF,COM,464287325,561,5950,SH,,SOLE,,5950,0,0
271,ISHARES 7-10 Y TR BD ETF,COM,464287440,375,3617,SH,,DFND,,3263,0,354
272,ISHARES 1-3 YR TR BD ETF,COM,464287457,11247,133009,SH,,DFND,,131982,0,1027
273,ISHARES MSCI EAFE ETF,COM,464287465,2061,30142,SH,,DFND,,24416,0,5726
274,ISHARES RUS 1000 ETF,COM,464287622,380,3451,SH,,DFND,,797,0,2654
275,ISHARES RUS 2000 VAL ETF,COM,464287630,1184,11464,SH,,SOLE,,11464,0,0
276,ISHARES IBOXX HI YD ETF,COM,464288513,199786,2098595,SH,,DFND,,2077898,0,20696
277,ISHARES MBS ETF,COM,464288588,262549,2426069,SH,,DFND,,2404830,0,21238
278,ISHARES 1-3 YR CR BD ETF,COM,464288646,6144,58135,SH,,DFND,,56900,0,1235
279,J& J SNACK FOODS CORP,COM,466032109,5866,62325,SH,,DFND,,0,0,62325
280,JDS UNIPHASE CORP,COM,46612J507,6439,516321,SH,,DFND,,242321,0,274000
281,JPMORGAN CHASE& CO,COM,46625H100,782346,13577684,SH,,DFND,,12063216,0,1514467
282,JANUS CAP GROUP INC,COM,47102X105,78107,6258561,SH,,DFND,,3580149,0,2678412
283,JARDEN CORP,COM,471109108,81190,1367987,SH,,DFND,,624494,0,743493
284,JOHNSON& JOHNSON,COM,478160104,1093117,10448448,SH,,DFND,,9548777,0,899670
285,J2 GLOBAL INC,COM,48123V102,7541,148275,SH,,DFND,,23775,0,124500
286,JUNIPER NETWORKS INC,COM,48203R104,12304,501384,SH,,DFND,,386728,0,114656
287,KB FINANCIAL GROUP INC ADR,COM,48241A105,3298,94873,SH,,DFND,,5700,0,89173
288,KLA-TENCOR CORP,COM,482480100,12841,176779,SH,,DFND,,140839,0,35940
289,KANSAS CITY SOUTHERN,COM,485170302,83635,777928,SH,,DFND,,357881,0,420047
290,KATE SPADE& CO,COM,485865109,115371,3024928,SH,,DFND,,1238638,0,1786290
291,KINDER MORGAN ENERGY PARTNERS,COM,494550106,361,4389,SH,,SOLE,,4389,0,0
292,KRAFT FOODS GROUP INC,COM,50076Q106,244,4076,SH,,SOLE,,4076,0,0
293,KROGER CO,COM,501044101,16562,335055,SH,,DFND,,305135,0,29920
294,L OREAL CO ADR,COM,502117203,350556,10172392,SH,,DFND,,8701995,0,1470397
295,LVMH MOET HENNESSY LOU VUI ADR,COM,502441306,709671,18406582,SH,,DFND,,16970320,0,1436262
296,LAS VEGAS SANDS CORP,COM,517834107,204,2680,SH,,SOLE,,2680,0,0
297,LAW ENFORCEMENT ASSOCS CORP,COM,519485106,0,30000,SH,,SOLE,,30000,0,0
298,LEGAL& GEN GROUP PLC ADR,COM,52463H103,4877,253068,SH,,DFND,,237893,0,15175
299,LEGG MASON INC,COM,524901105,3530,68800,SH,,SOLE,,68800,0,0
300,LENOVO GROUP LTD ADR,COM,526250105,51885,1900410,SH,,DFND,,196290,0,1704120
301,LIBERTY PPTY TR,COM,531172104,4002,105515,SH,,DFND,,92590,0,12925
302,LIGAND PHARMACEUTICALS INC,COM,53220K504,2299,36908,SH,,DFND,,0,0,36908
303,LIFELOCK INC,COM,53224V100,1459,104523,SH,,DFND,,0,0,104523
304,LILLY ELI& CO,COM,532457108,262,4215,SH,,SOLE,,4215,0,0
305,LINCOLN ELEC HLDGS INC,COM,533900106,74514,1066315,SH,,DFND,,454314,0,612001
306,LITTELFUSE INC,COM,537008104,6390,68745,SH,,DFND,,11725,0,57020
307,LLOYDS BANKING GROUP PLC ADR,COM,539439109,691473,134527730,SH,,DFND,,120760819,0,13766911
308,LOCKHEED MARTIN CORP,COM,539830109,593,3690,SH,,SOLE,,3690,0,0
309,LOWES COS INC,COM,548661107,430,8963,SH,,SOLE,,8963,0,0
310,LG CHEMICAL 144A GDR,COM,549525SWT,205,1400,SH,,SOLE,,1400,0,0
311,LUMBER LIQUIDATORS HLDGS INC,COM,55003T107,6988,92014,SH,,DFND,,0,0,92014
312,LUXOTTICA GROUP S P A ADR,COM,55068R202,51580,889917,SH,,DFND,,106572,0,783345
313,M& T BK CORP,COM,55261F104,11172,90063,SH,,DFND,,80213,0,9850
314,MKS INSTRUMENT INC,COM,55306N104,22572,722524,SH,,DFND,,278909,0,443615
315,MSC INDL DIRECT INC,COM,553530106,66440,694691,SH,,DFND,,337303,0,357388
316,MACK CALI RLTY CORP,COM,554489104,23399,1089360,SH,,DFND,,688253,0,401107
317,MAGELLAN MIDSTREAM PRTNRS LP,COM,559080106,300,3571,SH,,SOLE,,3571,0,0
318,MAGNIT GDR,COM,559534PAT,140280,2377632,SH,,DFND,,534290,0,1843342
319,MALAYAN BANKING BERHAD ADR,COM,56108H105,545,88965,SH,,DFND,,52995,0,35970
320,MANNING& NAPIER FD INC NEW WO,WORLD OPPTYS A,563821545,97,10193,SH,,SOLE,,10193,0,0
321,MARATHON OIL CORP,COM,565849106,392,9821,SH,,SOLE,,9821,0,0
322,MASTERCARD INC,COM,57636Q104,16293,221764,SH,,DFND,,1664,0,220100
323,MCDONALDS CORP,COM,580135101,14843,147338,SH,,DFND,,146170,0,1167
324,MCGRAW HILL FINANCIAL INC,COM,580645109,508,6124,SH,,DFND,,609,0,5515
325,MEDSOURCE-DIRECT INC,COM,58499396T,0,2050000,SH,,SOLE,,2050000,0,0
326,MEDTRONIC INC,COM,585055106,384,6015,SH,,SOLE,,6015,0,0
327,MENTOR GRAPHICS CORP,COM,587200106,36288,1682324,SH,,DFND,,1068508,0,613816
328,MERCK& CO INC NEW,COM,58933Y105,373956,6464243,SH,,DFND,,5293536,0,1170707
329,MEREDITH CORP,COM,589433101,52675,1089231,SH,,DFND,,493950,0,595281
330,MERITAGE HOMES CORP,COM,59001A102,44120,1045250,SH,,DFND,,478100,0,567150
331,MICROSOFT CORP,COM,594918104,737570,17687522,SH,,DFND,,15957424,0,1730097
332,MID-AMER APT CMNTYS INC,COM,59522J103,43372,593728,SH,,DFND,,317453,0,276275
333,ESCROW MIRANT CORP COM NEW,COM,60467599T,0,39017,SH,,SOLE,,39017,0,0
334,MITSUBISHI UFJ FINL GROUP ADR,COM,606822104,40194,6535656,SH,,DFND,,850751,0,5684905
335,MOBILE MINI INC,COM,60740F105,10594,221207,SH,,DFND,,72487,0,148720
336,MONDELEZ INTL INC,COM,609207105,339,9001,SH,,SOLE,,9001,0,0
337,MONSANTO CO NEW,COM,61166W101,239,1913,SH,,SOLE,,1913,0,0
338,MORGAN STANLEY,COM,617446448,234,7245,SH,,SOLE,,7245,0,0
339,MOSAIC CO NEW,COM,61945C103,206,4174,SH,,SOLE,,4174,0,0
340,MOVADO GROUP INC,COM,624580106,6980,167498,SH,,DFND,,29830,0,137668
341,MUELLER INDS INC,COM,624756102,41557,1413013,SH,,DFND,,674618,0,738395
342,NCR CORP NEW,COM,62886E108,102827,2930388,SH,,DFND,,1351078,0,1579310
343,NATIONAL AUSTRALIA BK LTD ADR,COM,632525408,2498,161450,SH,,DFND,,147490,0,13960
344,NATIONAL RETAIL PPTYS INC,COM,637417106,41771,1123180,SH,,DFND,,428110,0,695070
345,NESTLE S A ADR,COM,641069406,2027,26167,SH,,DFND,,25847,0,320
346,NETGEAR INC,COM,64111Q104,39511,1136349,SH,,DFND,,573422,0,562927
347,NETSUITE INC,COM,64118Q107,1753,20181,SH,,DFND,,0,0,20181
348,NEWGEN TECHNOLOGIES INC,COM,651360109,0,5000000,SH,,SOLE,,5000000,0,0
349,NIKE INC,COM,654106103,1298,16739,SH,,DFND,,4639,0,12100
350,NIMBLE STORAGE INC,COM,65440R101,206,6722,SH,,SOLE,,6722,0,0
351,NISSAN MOTORS ADR,COM,654744408,3424,180482,SH,,DFND,,159219,0,21263
352,NOKIA CORP ADR,COM,654902204,90,11877,SH,,SOLE,,11877,0,0
353,NORFOLK SOUTHERN CORP,COM,655844108,438,4250,SH,,SOLE,,4250,0,0
354,NORTHERN TR CORP,COM,665859104,9424,146761,SH,,DFND,,129341,0,17420
355,NORTHROP GRUMMAN CORP,COM,666807102,221,1849,SH,,SOLE,,1849,0,0
356,NORTHWEST NAT GAS CO,COM,667655104,12430,263632,SH,,DFND,,152642,0,110990
357,NOVARTIS A G ADR,COM,66987V109,540461,5969963,SH,,DFND,,5889385,0,80577
358,NOVO-NORDISK A S ADR,COM,670100205,634721,13741529,SH,,DFND,,11594904,0,2146624
359,NUCOR CORP,COM,670346105,6356,129048,SH,,DFND,,95595,0,33453
360,NUVASIVE INC,COM,670704105,11966,336395,SH,,DFND,,317295,0,19100
361,NUVILEX INC,COM,67090R100,3,11300,SH,,SOLE,,11300,0,0
362,OCCIDENTAL PETE CORP DEL,COM,674599105,1055,10280,SH,,SOLE,,10280,0,0
363,OCEANEERING INTL INC,COM,675232102,57719,738754,SH,,DFND,,377353,0,361401
364,OMNICOM GROUP INC,COM,681919106,10692,150122,SH,,DFND,,137892,0,12230
365,RSTK OLYMPUS PACIFIC MINERALS,COM,6819989IT,0,100000,SH,,SOLE,,100000,0,0
366,OMNICELL INC,COM,68213N109,11771,410000,SH,,DFND,,0,0,410000
367,ORACLE CORP,COM,68389X105,451890,11149512,SH,,DFND,,9600218,0,1549293
368,OUTERWALL INC COM,COM,690070107,71676,1207687,SH,,DFND,,554256,0,653431
369,OWENS CORNING NEW,COM,690742101,10759,278149,SH,,DFND,,212350,0,65799
370,PMC-SIERRA INC,COM,69344F106,89558,11768450,SH,,DFND,,5468450,0,6300000
371,PNC FINL SVCS GROUP INC,COM,693475105,379,4256,SH,,SOLE,,4256,0,0
372,PPG INDS INC,COM,693506107,665,3166,SH,,DFND,,2866,0,300
373,PT BK RAKYAT ADR,COM,69366X100,34588,1985690,SH,,DFND,,104270,0,1881420
374,PT UNILEVER INDONESIA TBK ADR,COM,69367Q104,281,5690,SH,,DFND,,4200,0,1490
375,PT BK MANDIRI PERSERO TBK ADR,COM,69367U105,1867,227585,SH,,DFND,,209115,0,18470
376,PACWEST BANCORP DEL,COM,695263103,99523,2305378,SH,,DFND,,1062299,0,1243079
377,PAN WORLD MINERALS INTL INC,COM,698070109,0,85000,SH,,SOLE,,85000,0,0
378,ESCROW PARAGON TRADE BRANDS,COM,69912K99T,0,12000,SH,,SOLE,,12000,0,0
379,PAREXEL INTL CORP,COM,699462107,130793,2475274,SH,,DFND,,1183459,0,1291815
380,PEGASYSTEMS INC,COM,705573103,30372,1438050,SH,,DFND,,973850,0,464200
381,PENGROWTH ENERGY CORP,COM,70706P104,79,11000,SH,,SOLE,,11000,0,0
382,PEPSICO INC,COM,713448108,451579,5054609,SH,,DFND,,4800445,0,254163
383,PERKINELMER INC,COM,714046109,28475,607924,SH,,DFND,,360755,0,247169
384,TELEKOMUNIKASI INDONESIA A ADR,COM,715684106,1505,36135,SH,,DFND,,3700,0,32435
385,PETROLEO BRASILEIRO SA PET ADR,COM,71654V408,187,12786,SH,,SOLE,,12786,0,0
386,PHARMACYCLICS INC,COM,716933106,459,5114,SH,,DFND,,0,0,5114
387,PFIZER INC,COM,717081103,934400,31482489,SH,,DFND,,29024177,0,2458311
388,PHILIP MORRIS INTL INC,COM,718172109,1757,20840,SH,,DFND,,20730,0,110
389,PHILIPPINE LONG DISTANCE T ADR,COM,718252604,384,5696,SH,,DFND,,0,0,5696
390,PHILLIPS 66,COM,718546104,661,8218,SH,,SOLE,,8218,0,0
391,PIMCO ETF TR 0-5 HIGH YIELD,COM,72201R783,290,2714,SH,,SOLE,,2714,0,0
392,PING AN INS GROUP CO CHINA ADR,COM,72341E304,29997,1937360,SH,,DFND,,248810,0,1688550
393,PLEXUS CORP,COM,729132100,37494,866121,SH,,DFND,,319425,0,546696
394,POLARIS INDS INC,COM,731068102,27736,212959,SH,,DFND,,118568,0,94391
395,POOL CORPORATION,COM,73278L105,37962,671182,SH,,DFND,,456595,0,214587
396,POTLATCH CORP NEW,COM,737630103,15869,383301,SH,,DFND,,36890,0,346411
397,POWERSHARES QQQ TRUST UNIT SER,COM,73935A104,17552,186905,SH,,DFND,,181866,0,5038
398,POWERSHARES ETF TRUST FINL SEC,COM,73935X377,306,10470,SH,,SOLE,,10470,0,0
399,PRESTIGE BRANDS HLDGS INC,COM,74112D101,48350,1426675,SH,,DFND,,891100,0,535575
400,PRICE T ROWE GROUP INC,COM,74144T108,14912,176666,SH,,DFND,,139426,0,37240
401,PRICELINE GRP INC,COM,741503403,1208,1004,SH,,DFND,,229,0,775
402,PROCTER& GAMBLE CO,COM,742718109,596759,7593318,SH,,DFND,,7117539,0,475778
403,PRIVATEBANCORP INC,COM,742962103,29930,1029943,SH,,DFND,,658020,0,371923
404,PROGRESSIVE CORP OHIO,COM,743315103,10217,402885,SH,,DFND,,319021,0,83864
405,PROLOGIS INC,COM,74340W103,10598,257917,SH,,DFND,,208200,0,49717
406,PROSPERITY BANCSHARES INC,COM,743606105,53127,848678,SH,,DFND,,281720,0,566958
407,PROTECTIVE LIFE CORP,COM,743674103,37801,545238,SH,,DFND,,273249,0,271989
408,PROTOCALL TECHNOLOGIES INC NEV,COM,74372C108,0,15000,SH,,SOLE,,15000,0,0
409,PRUDENTIAL PLC ADR,COM,74435K204,66552,1450562,SH,,DFND,,243437,0,1207125
410,PURISIMA FDS TOTAL RETURN,FUND,746277102,10947,462094,SH,,DFND,,462037,0,56
411,QUALCOMM INC,COM,747525103,735028,9280660,SH,,DFND,,8355046,0,925613
412,QUICKSILVER INTL INC,COM,74838G107,0,54625,SH,,SOLE,,54625,0,0
413,RLJ LODGING TR,COM,74965L101,54596,1889793,SH,,DFND,,935930,0,953863
414,RAKUTEN INC-ADR ADR,COM,75102W108,3336,258204,SH,,DFND,,242347,0,15857
415,RAYMOND JAMES FINANCIAL INC,COM,754730109,84236,1660470,SH,,DFND,,718406,0,942064
416,RECKITT BENCKISER PLC ADR,COM,756255204,3545,203242,SH,,DFND,,193311,0,9931
417,REGAL BELOIT CORP,COM,758750103,46283,589137,SH,,DFND,,309631,0,279506
418,REGIONS FINL CORP NEW,COM,7591EP100,9598,903781,SH,,DFND,,687885,0,215896
419,REPUBLIC SVCS INC,COM,760759100,2143,56450,SH,,DFND,,45225,0,11225
420,REXAHN PHARMACEUTICALS INC,COM,761640101,9,10000,SH,,SOLE,,10000,0,0
421,RIO TINTO PLC ADR,COM,767204100,571,10525,SH,,DFND,,10125,0,400
422,RITE AID CORP,COM,767754104,74,10350,SH,,SOLE,,10350,0,0
423,RIVERBED TECHNOLOGY INC,COM,768573107,263,12731,SH,,SOLE,,12731,0,0
424,ROCHE HLDG LTD ADR,COM,771195104,67610,1813443,SH,,DFND,,260201,0,1553242
425,ROCKWELL AUTOMATION INC,COM,773903109,16339,130544,SH,,DFND,,101871,0,28673
426,ROGERS COMMUNICATIONS INC,COM,775109200,604,15005,SH,,SOLE,,15005,0,0
427,ROLLS ROYCE HOLDINGS PLC ADR,COM,775781206,66613,728874,SH,,DFND,,91185,0,637689
428,ROSEWIND CORPORATION,COM,77813Q107,3,13700,SH,,SOLE,,13700,0,0
429,ROSS STORES INC,COM,778296103,8757,132415,SH,,DFND,,117115,0,15300
430,ROYAL BK CDA MONTREAL QUE,COM,780087102,480137,6721789,SH,,DFND,,6621019,0,100769
431,ROYAL DUTCH SHELL PLC ADR,COM,780259206,9159,111194,SH,,DFND,,103955,0,7239
432,RYDEX ETF TRST GUG RUSS TOP 50,COM,78355W205,16479,122286,SH,,DFND,,118985,0,3301
433,RYLAND GROUP INC,COM,783764103,93027,2358704,SH,,DFND,,1110957,0,1247747
434,SM INVTS CORP ADR,COM,78455R205,330,35270,SH,,DFND,,13800,0,21470
435,SPDR S&P 500 ETF TR TR UNIT,COM,78462F103,1103,5637,SH,,SOLE,,5637,0,0
436,S OIL CORP ADR,COM,78462W106,232,8265,SH,,DFND,,3925,0,4340
437,SPDR GOLD TRUST GOLD SHS,COM,78463V107,412,3220,SH,,SOLE,,3220,0,0
438,SPDR SERIES TRUST BRC HGH YLD,COM,78464A417,1454,34854,SH,,DFND,,34220,0,634
439,SPDR SERIES TRUST NUVN BRCLY M,COM,78464A458,186483,7875106,SH,,DFND,,7784670,0,90436
440,SPDR SERIES TRUST BARC SHT ETF,COM,78464A474,398371,12929916,SH,,DFND,,12810691,0,119224
441,SVB FINL GROUP,COM,78486Q101,172600,1480024,SH,,DFND,,725929,0,754095
442,SAFRAN S A ADR,COM,786584102,4668,285245,SH,,DFND,,266573,0,18672
443,ST JUDE MED INC,COM,790849103,18034,260414,SH,,DFND,,203075,0,57339
444,SALLY BEAUTY HLDGS INC,COM,79546E104,36194,1443155,SH,,DFND,,753235,0,689920
445,SAMARITAN PHARMACEUTICALS,COM,79586Q207,0,32917,SH,,SOLE,,32917,0,0
446,SAMSUNG ELECTRONIC GDR EACH RE,COM,796050AAT,39267,60785,SH,,DFND,,59120,0,1665
447,SANDISK CORP,COM,80004C101,22976,220011,SH,,DFND,,177721,0,42290
448,SANDS CHINA LTD ADR,COM,80007R105,64993,860327,SH,,DFND,,88961,0,771366
449,SANOFI ADR,COM,80105N105,695441,13079575,SH,,DFND,,11754362,0,1325213
450,SAP SE ADR,COM,803054204,462820,6010653,SH,,DFND,,5288548,0,722105
451,SAPIENT CORP,COM,803062108,21644,1332351,SH,,DFND,,96970,0,1235381
452,SBERBANK RUSSIA ADR,COM,80585Y308,28669,2888333,SH,,DFND,,0,0,2888333
453,SCHEIN HENRY INC,COM,806407102,64430,543004,SH,,DFND,,212618,0,330386
454,SCHLUMBERGER LTD,COM,806857108,491671,4168472,SH,,DFND,,3652344,0,516128
455,SCOTTS MIRACLE GRO CO,COM,810186106,85079,1496293,SH,,DFND,,721545,0,774748
456,SELECT SECTOR SPDR TR HEALTHCA,COM,81369Y209,13773,226412,SH,,DFND,,220488,0,5923
457,SELECT SECTOR SPDR TR CONS DIS,COM,81369Y407,11080,166016,SH,,DFND,,161704,0,4311
458,SELECT SECTOR SPDR TR FINL,COM,81369Y605,21928,964287,SH,,DFND,,938138,0,26148
459,SENIOR HSG PPTYS TR,COM,81721M109,11821,486666,SH,,DFND,,339637,0,147029
460,SERVICENOW INC,COM,81762P102,330,5325,SH,,DFND,,2160,0,3165
461,SHINHAN FINANCIAL GROUP CO ADR,COM,824596100,1024,22319,SH,,DFND,,5125,0,17194
462,SHIRE PLC ADR,COM,82481R106,1101,4677,SH,,DFND,,3007,0,1670
463,SIEMENS A G ADR,COM,826197501,484397,3668162,SH,,DFND,,3242032,0,426129
464,SIGMA ALDRICH CORP,COM,826552101,7311,72039,SH,,DFND,,63069,0,8970
465,SIMON PPTY GROUP INC NEW,COM,828806109,248,1494,SH,,DFND,,264,0,1230
466,SIRIUS XM HLDGS INC,COM,82968B103,94,27187,SH,,SOLE,,27187,0,0
467,SMITH& NEPHEW PLC ADR,COM,83175M205,121548,1361425,SH,,DFND,,628920,0,732505
468,SNYDERS-LANCE INC,COM,833551104,5223,197400,SH,,DFND,,41100,0,156300
469,SOTHEBYS,COM,835898107,81577,1942768,SH,,DFND,,866780,0,1075988
470,SOUTHERN CO,COM,842587107,404,8899,SH,,DFND,,8335,0,564
471,SOVRAN SELF STORAGE INC,COM,84610H108,65005,841487,SH,,DFND,,388272,0,453215
472,SPLUNK INC,COM,848637104,1521,27485,SH,,DFND,,0,0,27485
473,SPONGETECH DELIVERY SYS INC,COM,849109103,0,620000,SH,,SOLE,,620000,0,0
474,STANDARD ENERGY CORP,COM,853373108,0,19000,SH,,SOLE,,19000,0,0
475,STANDARD PAC CORP NEW,COM,85375C101,93,10813,SH,,SOLE,,10813,0,0
476,STARBUCKS CORP,COM,855244109,615,7952,SH,,SOLE,,7952,0,0
477,STARWOOD HOTELS&RESORTS WRLDWD,COM,85590A401,14840,183617,SH,,DFND,,144283,0,39334
478,STERIS CORP,COM,859152100,84857,1586711,SH,,DFND,,692365,0,894346
479,STIFEL FINL CORP,COM,860630102,50582,1068263,SH,,DFND,,732255,0,336008
480,STONE MEDIA CORP,COM,861652105,0,17000,SH,,SOLE,,17000,0,0
481,STRYKER CORP,COM,863667101,280,3320,SH,,SOLE,,3320,0,0
482,SUMITOMO MITSUI FINL GROUP ADR,COM,86562M209,220,25977,SH,,SOLE,,25977,0,0
483,SUSQUEHANNA BANCSHARES INC PA,COM,869099101,45743,4331686,SH,,DFND,,2231521,0,2100165
484,SWATCH GROUP AG ADR,COM,870123106,529,17510,SH,,SOLE,,17510,0,0
485,SWISS RE LTD ADR,COM,870886108,7235,81321,SH,,DFND,,71502,0,9819
486,SYNOPSYS INC,COM,871607107,9471,243985,SH,,DFND,,221855,0,22130
487,SYNGENTA AG ADR,COM,87160A100,2386,31899,SH,,DFND,,29950,0,1949
488,TRW AUTOMOTIVE HLDGS CORP,COM,87264S106,3376,37717,SH,,SOLE,,37717,0,0
489,TABLEAU SOFTWARE INC,COM,87336U105,5498,77080,SH,,DFND,,14180,0,62900
490,TAIWAN SEMICONDUCTOR MFG L ADR,COM,874039100,463925,21688880,SH,,DFND,,6910230,0,14778650
491,TATA MTRS LTD ADR,COM,876568502,179551,4596805,SH,,DFND,,1152127,0,3444678
492,TELEDYNE TECHNOLOGIES INC,COM,879360105,48231,496352,SH,,DFND,,178127,0,318225
493,TEMPUR SEALY INTL INC,COM,88023U101,23130,387435,SH,,DFND,,42085,0,345350
494,TENCENT HLDGS LTD ADR,COM,88032Q109,76740,5031850,SH,,DFND,,510190,0,4521660
495,TERADYNE INC,COM,880770102,6488,331000,SH,,DFND,,0,0,331000
496,TEREX CORP NEW,COM,880779103,15854,385749,SH,,DFND,,305420,0,80329
497,TEXAS CAPITAL BANCSHARES INC,COM,88224Q107,42692,791330,SH,,DFND,,434830,0,356500
498,3M CO,COM,88579Y101,431,3008,SH,,SOLE,,3008,0,0
499,TIBCO SOFTWARE INC,COM,88632Q103,5384,266928,SH,,DFND,,47525,0,219403
500,TIME WARNER INC,COM,887317303,296,4207,SH,,SOLE,,4207,0,0
501,TOLL BROTHERS INC,COM,889478103,13851,375377,SH,,DFND,,339547,0,35830
502,TORCHMARK CORP,COM,891027104,11612,141744,SH,,DFND,,112286,0,29458
503,TORO CO,COM,891092108,60775,955575,SH,,DFND,,491542,0,464033
504,TORONTO DOMINION BK ONT,COM,891160509,6137,119378,SH,,DFND,,112230,0,7148
505,TOTAL SYS SVCS INC,COM,891906109,10889,346666,SH,,DFND,,266160,0,80506
506,TOYOTA MOTOR CORP ADR,COM,892331307,564301,4715871,SH,,DFND,,4650071,0,65799
507,TRANSCOASTAL CORP NEW,COM,89355M105,3,16333,SH,,SOLE,,16333,0,0
508,TRAVELERS COMPANIES INC,COM,89417E109,228,2424,SH,,DFND,,2374,0,50
509,TREEHOUSE FOODS INC,COM,89469A104,58872,735252,SH,,DFND,,324915,0,410337
510,TRIQUINT SEMICONDUCTOR INC,COM,89674K103,99656,6303352,SH,,DFND,,2580843,0,3722509
511,TRIUMPH GROUP INC NEW,COM,896818101,266,3815,SH,,DFND,,0,0,3815
512,TRIPADVISOR INC,COM,896945201,227,2090,SH,,DFND,,0,0,2090
513,TURKIYE GARANTI BANKASI A ADR,COM,900148701,1656,423520,SH,,DFND,,371600,0,51920
514,FI ENHANCED LRG CAP GROWTH UBS,COM,902677780,486163,4803033,SH,,DFND,,4706757,0,96276
515,FI ENHANCED BIG CAP GROWTH UBS,COM,90267L508,81814,1630403,SH,,DFND,,1604133,0,26270
516,UMB FINL CORP,COM,902788108,38238,603215,SH,,DFND,,312341,0,290874
517,US BANCORP DEL,COM,902973304,47412,1094467,SH,,DFND,,87858,0,1006609
518,RSTK US CHINA MINING GRP INC,COM,90345Q9AT,0,12500,SH,,SOLE,,12500,0,0
519,ULTRAPAR PARTICIPACOES S A ADR,COM,90400P101,7961,337348,SH,,DFND,,165095,0,172253
520,UMPQUA HLDGS CORP,COM,904214103,46252,2581006,SH,,DFND,,1358478,0,1222528
521,UNDER ARMOUR INC,COM,904311107,667,11215,SH,,DFND,,8100,0,3115
522,UNIBAIL-RODAMCO SE ADR,COM,904587102,244,8389,SH,,DFND,,794,0,7595
523,UNION PAC CORP,COM,907818108,21469,215225,SH,,DFND,,22985,0,192240
524,UNITED NAT FOODS INC,COM,911163103,25278,388290,SH,,DFND,,22355,0,365935
525,UNITED PARCEL SERVICE INC,COM,911312106,40657,396033,SH,,DFND,,32143,0,363890
526,UNITED TECHNOLOGIES CORP,COM,913017109,955451,8275881,SH,,DFND,,7827420,0,448461
527,UNITEDHEALTH GROUP INC,COM,91324P102,268,3279,SH,,SOLE,,3279,0,0
528,UNUM GROUP,COM,91529Y106,8205,236051,SH,,DFND,,208366,0,27685
529,V F CORP,COM,918204108,227,3611,SH,,DFND,,1646,0,1965
530,VALERO ENERGY CORP NEW,COM,91913Y100,10052,200647,SH,,DFND,,175787,0,24860
531,VANGUARD SPECIALIZED PORTFOLIO,DIV GRW FD,921908604,235,10616,SH,,SOLE,,10616,0,0
532,VANGUARD STAR FD TL INT STK ID,TL INT STK IDX,921909818,354,12147,SH,,SOLE,,12147,0,0
533,VANGUARD FTSE DEVELOPED MKT,COM,921943858,10696,251139,SH,,DFND,,241756,0,9383
534,VANGUARD/WINDSOR FD INC ADMIRA,ADMIRAL SHARES,922018403,554,7469,SH,,SOLE,,7469,0,0
535,VANGUARD FTSE EUROPE ETF,COM,922042874,23487,391782,SH,,DFND,,381152,0,10630
536,VANGUARD INDUSTRIALS ETF,COM,92204A603,3298,31633,SH,,DFND,,30701,0,931
537,VANGUARD FDS SHRT-TERM CORP,COM,92206C409,826,10278,SH,,SOLE,,10278,0,0
538,VANGUARD FDS INT-TERM CORP,COM,92206C870,1626,18786,SH,,DFND,,17130,0,1656
539,VEECO INSTRS INC DEL,COM,922417100,80136,2150726,SH,,DFND,,1090316,0,1060410
540,VANGUARD INDEX FDS 500 PORTFOL,500 PORTFOLIO,922908108,381,2105,SH,,DFND,,327,0,1777
541,VANGUARD INDEX FDS S&P 500 ETF,COM,922908363,954,5317,SH,,DFND,,5275,0,42
542,VERIZON COMMUNICATIONS INC,COM,92343V104,1360,27793,SH,,DFND,,26620,0,1173
543,VERTEX PHARMACEUTICALS INC,COM,92532F100,639,6753,SH,,DFND,,0,0,6753
544,VISA INC,COM,92826C839,755901,3587399,SH,,DFND,,3346831,0,240567
545,VISHAY INTERTECHNOLOGY INC,COM,928298108,60550,3908977,SH,,DFND,,1829262,0,2079715
546,VODAFONE GROUP PLC NEW ADR,COM,92857W308,484,14505,SH,,DFND,,13723,0,782
547,WPP PLC NEW ADR,COM,92937A102,55200,506468,SH,,DFND,,90337,0,416131
548,WADDELL& REED FINL INC,COM,930059100,134082,2142223,SH,,DFND,,918607,0,1223616
549,WAL-MART STORES INC,COM,931142103,11237,149687,SH,,DFND,,28912,0,120775
550,WAL MART DE MEXICO S A B D ADR,COM,93114W107,579,21595,SH,,DFND,,15655,0,5940
551,WALGREEN CO,COM,931422109,352,4754,SH,,SOLE,,4754,0,0
552,WASHINGTON MUT INVS FD INC COM,FUND,939330106,570,13693,SH,,SOLE,,13693,0,0
553,WEBSTER FINL CORP CONN,COM,947890109,87604,2777539,SH,,DFND,,1292641,0,1484898
554,WEINGARTEN RLTY INVS,COM,948741103,2304,70163,SH,,DFND,,64338,0,5825
555,WEIS MKTS INC,COM,948849104,2536,55450,SH,,SOLE,,55450,0,0
556,WELLS FARGO& CO NEW,COM,949746101,974974,18549738,SH,,DFND,,16683031,0,1866706
557,WELLS FARGO ADVANTAGE FDS WFA,WFA HIYLD BD A,94985D210,152,44981,SH,,SOLE,,44981,0,0
558,WEST PHARMACEUTICAL SVSC INC,COM,955306105,55099,1306281,SH,,DFND,,326372,0,979909
559,WESTAMERICA BANCORPORATION,COM,957090103,46209,883873,SH,,DFND,,455370,0,428503
560,WESTERN REFNG INC,COM,959319104,225,6000,SH,,SOLE,,6000,0,0
561,WEYERHAEUSER CO,COM,962166104,14104,426225,SH,,DFND,,397535,0,28690
562,WHOLE FOODS MKT INC,COM,966837106,1143,29600,SH,,SOLE,,29600,0,0
563,WILLIAMS COS INC DEL,COM,969457100,206,3541,SH,,SOLE,,3541,0,0
564,WILLIAMS SONOMA INC,COM,969904101,212,2952,SH,,DFND,,157,0,2795
565,WINTRUST FINL CORP,COM,97650W108,65702,1428298,SH,,DFND,,785850,0,642448
566,WRIGHT MED GROUP INC,COM,98235T107,75024,2389299,SH,,DFND,,1004750,0,1384549
567,YELLOWCAKE MINING INC,COM,985636109,0,10000,SH,,SOLE,,10000,0,0
568,ZIMMER HLDGS INC,COM,98956P102,17663,170061,SH,,DFND,,135047,0,35014
569,ZYNGA INC,COM,98986T108,32,10000,SH,,SOLE,,10000,0,0
570,SK HYNIX INC 144A GDR,COM,9992921AT,14338,298890,SH,,SOLE,,298890,0,0
571,SBERBANK OF RUSSIA SPON ADR,COM,999311ACT,57248,5651348,SH,,DFND,,2309325,0,3342023
572,ESCROW LEHMAN BROS HLDGS 06.00,COM,9994C59DT,0,10000,SH,,SOLE,,10000,0,0
573,FIRST FINL HLDG CO REG S GDR,COM,99968989T,565,43925,SH,,SOLE,,43925,0,0
574,HYUNDAI MOTOR CO GDR RP 1/2 OR,COM,9998E18CT,2836,25010,SH,,SOLE,,25010,0,0
575,ROSNEFT OJSC GDR EACH REPR 1 O,COM,999909CBT,58634,8015520,SH,,DFND,,2069965,0,5945555
576,SAMSUNG ELECTRIC GDR 144A,COM,9999E2E7T,1433,2223,SH,,DFND,,0,0,2223
577,TATA GLOBAL BEVERA GDS-REP 1 O,COM,999AA057T,28270,9826185,SH,,DFND,,90585,0,9735600
578,CIPLA GDR,COM,999ABBBDT,56934,7805002,SH,,DFND,,3060840,0,4744162
579,ESCROW AMR CORP,COM,999B19B2T,0,20500,SH,,SOLE,,20500,0,0
580,ESCROW GLOBAL 1 INVT HLDGS,COM,999C465DT,0,600050,SH,,SOLE,,600050,0,0
581,ESCROW SMURFIT-STONE,COM,999C7950T,0,16300,SH,,SOLE,,16300,0,0
582,RSTK TUTOR PERINI CORP,COM,999E2772T,0,22986,SH,,SOLE,,22986,0,0
583,TURKIYE GARANTI BANKASI ADS (R,COM,999F289CT,13346,3411115,SH,,DFND,,2411965,0,999150
584,ESCROW ILINC COMM INC,COM,999F9485T,0,15000,SH,,SOLE,,15000,0,0
585,FIIG EU EM PERF,FUND,999FB721T,12503,116330,SH,,SOLE,,116330,0,0
586,100000TH KINDER MORGAN MGMT,COM,EKE55U10T,0,509749,SH,,SOLE,,509749,0,0
587,ALKERMES PLC,COM,G01767105,2784,55309,SH,,DFND,,0,0,55309
588,CALCITECH LTD,COM,G17580104,0,45000,SH,,SOLE,,45000,0,0
589,CREDICORP LTD,COM,G2519Y108,89547,575975,SH,,DFND,,148665,0,427310
590,GEELY AUTOMOTIVE HLDGS LTD,COM,G3777B103,4,10000,SH,,SOLE,,10000,0,0
591,GETGO INC,COM,G38529106,0,315000,SH,,SOLE,,315000,0,0
592,GENPACT LIMITED,COM,G3922B107,7507,428215,SH,,DFND,,383455,0,44760
593,LAZARD LTD,COM,G54050102,85904,1666097,SH,,DFND,,765687,0,900410
594,PERRIGO CO PLC,COM,G97822103,70872,486226,SH,,DFND,,195681,0,290545
595,UBS AG GRS,COM,H89231338,717616,39171163,SH,,DFND,,36074986,0,3096176
596,CHECK POINT SOFTWARE TECH LTD,COM,M22465104,2755,41100,SH,,SOLE,,41100,0,0
597,ASML HOLDING N V NYS,COM,N07059210,62038,665142,SH,,DFND,,108770,0,556372
598,MADGE NETWORKS N V,COM,N5424G106,0,35884,SH,,SOLE,,35884,0,0
