,NAME OF ISSUER,TITLE OF CLASS,CUSIP,(x$1000),PRN AMT,PRN,CALL,DISCRETION,MANAGER,SOLE,SHARED,NONE
0,ACTIVISION BLIZZARD INC,COM,00507V109,4480,197140,SH,,SOLE,,197140,0,0
1,ACUITY BRANDS INC,COM,00508Y102,4204,25000,SH,,SOLE,,25000,0,0
2,AIR PRODS & CHEMS INC,COM,009158106,1513,10000,SH,,SOLE,,10000,0,0
3,AMAZON COM INC,COM,023135106,6251,16800,SH,,SOLE,,16800,0,0
4,AMAZON COM INC,COM,023135106,37210,100000,SH,Call,SOLE,,100000,0,0
5,AMBEV SA,SPONSORED ADR,02319V103,3744,650000,SH,,SOLE,,650000,0,0
6,ANADARKO PETE CORP,COM,032511107,10020,121000,SH,,SOLE,,121000,0,0
7,APPLE INC,COM,037833100,8625,69317,SH,,SOLE,,69317,0,0
8,APPLE INC,COM,037833100,18665,150000,SH,Put,SOLE,,150000,0,0
9,ARISTA NETWORKS INC,COM,040413106,4189,59400,SH,,SOLE,,59400,0,0
10,BANK AMER CORP,COM,060505104,29782,1935180,SH,,SOLE,,1935180,0,0
11,BANK AMER CORP,COM,060505104,4617,300000,SH,Call,SOLE,,300000,0,0
12,BECTON DICKINSON & CO,COM,075887109,2872,20000,SH,,SOLE,,20000,0,0
13,BELMOND LTD,CL A,G1154H107,2763,225000,SH,,SOLE,,225000,0,0
14,BERRY PLASTICS GROUP INC,COM,08579W103,1965,54300,SH,,SOLE,,54300,0,0
15,BEST BUY INC,COM,086516101,2267,60000,SH,,SOLE,,60000,0,0
16,BHP BILLITON LTD,SPONSORED ADR,088606108,437,9400,SH,,SOLE,,9400,0,0
17,BLOOMIN BRANDS INC,COM,094235108,17031,700000,SH,,SOLE,,700000,0,0
18,BOSTON SCIENTIFIC CORP,COM,101137107,3994,225000,SH,,SOLE,,225000,0,0
19,BOYD GAMING CORP,COM,103304101,4970,350000,SH,,SOLE,,350000,0,0
20,BROADCOM CORP,CL A,111320107,10716,247500,SH,,SOLE,,247500,0,0
21,BROADRIDGE FINL SOLUTIONS IN,COM,11133T103,275,5000,SH,,SOLE,,5000,0,0
22,BURLINGTON STORES INC,COM,122017106,2674,45000,SH,,SOLE,,45000,0,0
23,CABOT OIL & GAS CORP,COM,127097103,7123,241200,SH,,SOLE,,241200,0,0
24,CALLAWAY GOLF CO,COM,131193104,1430,150000,SH,,SOLE,,150000,0,0
25,CHIPOTLE MEXICAN GRILL INC,COM,169656105,4879,7500,SH,,SOLE,,7500,0,0
26,CIENA CORP,COM NEW,171779309,7531,390000,SH,,SOLE,,390000,0,0
27,CISCO SYS INC,COM,17275R102,36526,1327000,SH,,SOLE,,1327000,0,0
28,CISCO SYS INC,COM,17275R102,59179,2150000,SH,Call,SOLE,,2150000,0,0
29,CITIGROUP INC,COM NEW,172967424,24647,478400,SH,,SOLE,,478400,0,0
30,CITIZENS FINL GROUP INC,COM,174610105,6636,275000,SH,,SOLE,,275000,0,0
31,CNOOC LTD,SPONSORED ADR,126132109,425,3000,SH,,SOLE,,3000,0,0
32,COACH INC,COM,189754104,4143,100000,SH,,SOLE,,100000,0,0
33,COGNEX CORP,COM,192422103,5693,114800,SH,,SOLE,,114800,0,0
34,COGNIZANT TECHNOLOGY SOLUTIO,CL A,192446102,6239,100000,SH,,SOLE,,100000,0,0
35,COMCAST CORP NEW,CL A,20030N101,29364,520000,SH,,SOLE,,520000,0,0
36,CROWN CASTLE INTL CORP NEW,COM,22822V101,8254,100000,SH,Call,SOLE,,100000,0,0
37,CVS HEALTH CORP,COM,126650100,413,4000,SH,,SOLE,,4000,0,0
38,DISH NETWORK CORP,CL A,25470M109,25222,360000,SH,,SOLE,,360000,0,0
39,DISNEY WALT CO,COM DISNEY,254687106,21901,208800,SH,,SOLE,,208800,0,0
40,DISNEY WALT CO,COM DISNEY,254687106,10489,100000,SH,Call,SOLE,,100000,0,0
41,DOLLAR GEN CORP NEW,COM,256677105,24936,330800,SH,,SOLE,,330800,0,0
42,DSW INC,CL A,23334L102,6454,175000,SH,,SOLE,,175000,0,0
43,EBAY INC,COM,278642103,8652,150000,SH,,SOLE,,150000,0,0
44,EBAY INC,COM,278642103,4326,75000,SH,Call,SOLE,,75000,0,0
45,ECOPETROL S A,SPONSORED ADS,279158109,344,22600,SH,,SOLE,,22600,0,0
46,ENERGIZER HLDGS INC,COM,29266R108,4142,30000,SH,,SOLE,,30000,0,0
47,EOG RES INC,COM,26875P101,10196,111200,SH,,SOLE,,111200,0,0
48,EPAM SYS INC,COM,29414B104,1042,17000,SH,,SOLE,,17000,0,0
49,FACEBOOK INC,CL A,30303M102,2812,34200,SH,,SOLE,,34200,0,0
50,FIDELITY NATL INFORMATION SV,COM,31620M106,681,10000,SH,,SOLE,,10000,0,0
51,FIRST REP BK SAN FRANCISCO C,COM,33616C100,5709,100000,SH,,SOLE,,100000,0,0
52,FISERV INC,COM,337738108,397,5000,SH,,SOLE,,5000,0,0
53,FLEXTRONICS INTL LTD,ORD,Y2573F102,1472,116100,SH,,SOLE,,116100,0,0
54,GAMING & LEISURE PPTYS INC,COM,36467J108,3318,90000,SH,,SOLE,,90000,0,0
55,GENERAL MTRS CO,COM,37045V100,1245,33200,SH,,SOLE,,33200,0,0
56,GEO GROUP INC NEW,COM,36162J106,3001,68620,SH,,SOLE,,68620,0,0
57,GOGO INC,COM,38046C109,2001,105000,SH,,SOLE,,105000,0,0
58,GOOGLE INC,CL A,38259P508,11094,20000,SH,Put,SOLE,,20000,0,0
59,HARLEY DAVIDSON INC,COM,412822108,6681,110000,SH,Call,SOLE,,110000,0,0
60,HASBRO INC,COM,418056107,4604,72800,SH,,SOLE,,72800,0,0
61,HCA HOLDINGS INC,COM,40412C101,1128,15000,SH,,SOLE,,15000,0,0
62,HILTON WORLDWIDE HLDGS INC,COM,43300A104,4443,150000,SH,,SOLE,,150000,0,0
63,HOMEAWAY INC,COM,43739Q100,4526,150000,SH,,SOLE,,150000,0,0
64,INGRAM MICRO INC,CL A,457153104,4773,190000,SH,,SOLE,,190000,0,0
65,INPHI CORP,COM,45772F107,3388,190000,SH,,SOLE,,190000,0,0
66,INTEL CORP,COM,458140100,3909,125000,SH,Put,SOLE,,125000,0,0
67,ISHARES,MSCI BRZ CAP ETF,464286400,18792,599041,SH,,SOLE,,599041,0,0
68,ISHARES,IBOXX HI YD ETF,464288513,181220,2000000,SH,Put,SOLE,,2000000,0,0
69,ISHARES,MSCI BRZ CAP ETF,464286400,18822,600000,SH,Call,SOLE,,600000,0,0
70,ISHARES,MSCI BRZ CAP ETF,464286400,58035,1850000,SH,Put,SOLE,,1850000,0,0
71,ISHARES TR,MSCI EMG MKT ETF,464287234,5410,134800,SH,,SOLE,,134800,0,0
72,ISHARES TR,RUSSELL 2000 ETF,464287655,373110,3000000,SH,Put,SOLE,,3000000,0,0
73,JETBLUE AIRWAYS CORP,COM,477143101,6160,320000,SH,,SOLE,,320000,0,0
74,JPMORGAN CHASE & CO,COM,46625H100,11501,189850,SH,,SOLE,,189850,0,0
75,KB HOME,COM,48666K109,3905,250000,SH,,SOLE,,250000,0,0
76,KEY ENERGY SVCS INC,COM,492914106,1381,758660,SH,,SOLE,,758660,0,0
77,KOHLS CORP,COM,500255104,1604,20500,SH,,SOLE,,20500,0,0
78,LABORATORY CORP AMER HLDGS,COM NEW,50540R409,378,3000,SH,,SOLE,,3000,0,0
79,LIBERTY GLOBAL PLC,SHS CL A,G5480U104,4308,83700,SH,,SOLE,,83700,0,0
80,LUXOFT HLDG INC,ORD SHS CL A,G57279104,673,13000,SH,,SOLE,,13000,0,0
81,MARKET VECTORS ETF TR,GOLD MINER ETF,57060U100,6384,350000,SH,,SOLE,,350000,0,0
82,MARKET VECTORS ETF TR,RUSSIA ETF,57060U506,15327,900000,SH,Put,SOLE,,900000,0,0
83,MARKET VECTORS ETF TR,RUSSIA ETF,57060U506,25545,1500000,SH,Call,SOLE,,1500000,0,0
84,MCGRAW HILL FINL INC,COM,580645109,2420,23400,SH,,SOLE,,23400,0,0
85,MEDTRONIC PLC,SHS,G5960L103,2340,30000,SH,,SOLE,,30000,0,0
86,MGM RESORTS INTERNATIONAL,COM,552953101,6835,325000,SH,,SOLE,,325000,0,0
87,MICHAELS COS INC,COM,59408Q106,8118,300000,SH,,SOLE,,300000,0,0
88,MOLSON COORS BREWING CO,CL B,60871R209,10795,145000,SH,,SOLE,,145000,0,0
89,MONDELEZ INTL INC,CL A,609207105,9744,270000,SH,,SOLE,,270000,0,0
90,MONSTER BEVERAGE CORP,COM,611740101,5813,42000,SH,,SOLE,,42000,0,0
91,MORGAN STANLEY,COM NEW,617446448,8118,227450,SH,,SOLE,,227450,0,0
92,NIKE INC,CL B,654106103,14046,140000,SH,,SOLE,,140000,0,0
93,NIMBLE STORAGE INC,COM,65440R101,11936,535000,SH,,SOLE,,535000,0,0
94,NORWEGIAN CRUISE LINE HLDGS,SHS,G66721104,2209,40900,SH,,SOLE,,40900,0,0
95,NXP SEMICONDUCTORS N V,COM,N6596X109,2579,25700,SH,,SOLE,,25700,0,0
96,ORBITAL ATK INC,COM,68557N103,1533,20000,SH,,SOLE,,20000,0,0
97,PALO ALTO NETWORKS INC,COM,697435105,11175,76500,SH,,SOLE,,76500,0,0
98,PANERA BREAD CO,CL A,69840W108,22399,140000,SH,,SOLE,,140000,0,0
99,PANERA BREAD CO,CL A,69840W108,23999,150000,SH,Call,SOLE,,150000,0,0
100,PEPSICO INC,COM,713448108,4781,50000,SH,,SOLE,,50000,0,0
101,PETROLEO BRASILEIRO SA PETRO,SPONSORED ADR,71654V408,9015,1500000,SH,Call,SOLE,,1500000,0,0
102,PINNACLE FOODS INC DEL,COM,72348P104,3061,75000,SH,,SOLE,,75000,0,0
103,POPULAR INC,COM NEW,733174700,1021,29700,SH,,SOLE,,29700,0,0
104,POWERSHARES QQQ TRUST,UNIT SER 1,73935A104,316800,3000000,SH,Put,SOLE,,3000000,0,0
105,PROCTER & GAMBLE CO,COM,742718109,4097,50000,SH,Call,SOLE,,50000,0,0
106,PVH CORP,COM,693656100,3730,35000,SH,Call,SOLE,,35000,0,0
107,QORVO INC,COM,74736K101,3786,47500,SH,,SOLE,,47500,0,0
108,RANGE RES CORP,COM,75281A109,2847,54700,SH,,SOLE,,54700,0,0
109,RETAILMENOT INC,COM SER 1,76132B106,7114,395000,SH,,SOLE,,395000,0,0
110,RINGCENTRAL INC,CL A,76680R206,920,60000,SH,,SOLE,,60000,0,0
111,ROYAL CARIBBEAN CRUISES LTD,COM,V7780T103,17623,215309,SH,,SOLE,,215309,0,0
112,RUCKUS WIRELESS INC,COM,781220108,18278,1420237,SH,,SOLE,,1420237,0,0
113,SALLY BEAUTY HLDGS INC,COM,79546E104,4124,120000,SH,,SOLE,,120000,0,0
114,SELECT SECTOR SPDR TR,SBI INT-FINL,81369Y605,9919,411400,SH,,SOLE,,411400,0,0
115,SELECT SECTOR SPDR TR,SBI INT-FINL,81369Y605,28932,1200000,SH,Call,SOLE,,1200000,0,0
116,SELECT SECTOR SPDR TR,SBI CONS STPLS,81369Y308,731,15000,SH,,SOLE,,15000,0,0
117,SELECT SECTOR SPDR TR,SBI INT-UTILS,81369Y886,13329,300000,SH,Call,SOLE,,300000,0,0
118,SELECT SECTOR SPDR TR,SBI INT-UTILS,81369Y886,13329,300000,SH,Put,SOLE,,300000,0,0
119,SKYWORKS SOLUTIONS INC,COM,83088M102,5406,55000,SH,,SOLE,,55000,0,0
120,SMITH A O,COM,831865209,328,5000,SH,,SOLE,,5000,0,0
121,SMUCKER J M CO,COM NEW,832696405,2893,25000,SH,,SOLE,,25000,0,0
122,SNAP ON INC,COM,833034101,7353,50000,SH,Call,SOLE,,50000,0,0
123,SPDR GOLD TRUST,GOLD SHS,78463V107,113660,1000000,SH,Call,SOLE,,1000000,0,0
124,SPDR S&P 500 ETF TR,TR UNIT,78462F103,27868,135000,SH,Put,SOLE,,135000,0,0
125,SPIRIT AEROSYSTEMS HLDGS INC,COM CL A,848574109,1305,25000,SH,,SOLE,,25000,0,0
126,STARBUCKS CORP,COM,855244109,3788,40000,SH,,SOLE,,40000,0,0
127,STARWOOD HOTELS&RESORTS WRLD,COM,85590A401,4175,50000,SH,,SOLE,,50000,0,0
128,STERICYCLE INC,COM,858912108,2528,18000,SH,,SOLE,,18000,0,0
129,SUMMIT MATLS INC,CL A,86614U100,2215,100000,SH,,SOLE,,100000,0,0
130,TAIWAN SEMICONDUCTOR MFG LTD,SPONSORED ADR,874039100,578,24600,SH,,SOLE,,24600,0,0
131,TARGET CORP,COM,87612E106,32089,391000,SH,,SOLE,,391000,0,0
132,TE CONNECTIVITY LTD,REG SHS,H84989104,430,6000,SH,,SOLE,,6000,0,0
133,TERADATA CORP DEL,COM,88076W103,20227,458254,SH,,SOLE,,458254,0,0
134,THERMO FISHER SCIENTIFIC INC,COM,883556102,4030,30000,SH,,SOLE,,30000,0,0
135,THERMO FISHER SCIENTIFIC INC,COM,883556102,5374,40000,SH,Call,SOLE,,40000,0,0
136,TWITTER INC,COM,90184L102,987,19700,SH,,SOLE,,19700,0,0
137,TYSON FOODS INC,CL A,902494103,35428,925000,SH,,SOLE,,925000,0,0
138,ULTRAPETROL BAHAMAS LTD,COM,P94398107,93,64270,SH,,SOLE,,64270,0,0
139,UNITED CONTL HLDGS INC,COM,910047109,49140,730700,SH,,SOLE,,730700,0,0
140,UNITED STATES STL CORP NEW,COM,912909108,3068,125750,SH,,SOLE,,125750,0,0
141,UNITEDHEALTH GROUP INC,COM,91324P102,2721,23000,SH,,SOLE,,23000,0,0
142,URBAN OUTFITTERS INC,COM,917047102,5022,110000,SH,,SOLE,,110000,0,0
143,VALERO ENERGY CORP NEW,COM,91913Y100,1603,25200,SH,,SOLE,,25200,0,0
144,VALERO ENERGY CORP NEW,COM,91913Y100,19086,300000,SH,Put,SOLE,,300000,0,0
145,VCA INC,COM,918194101,548,10000,SH,,SOLE,,10000,0,0
146,WALGREENS BOOTS ALLIANCE INC,COM,931427108,6351,75000,SH,Call,SOLE,,75000,0,0
147,WAL-MART STORES INC,COM,931142103,6991,85000,SH,,SOLE,,85000,0,0
148,WAL-MART STORES INC,COM,931142103,82250,1000000,SH,Call,SOLE,,1000000,0,0
149,WENDYS CO,COM,95058W100,6540,600000,SH,,SOLE,,600000,0,0
150,WHITEWAVE FOODS CO,COM,966244105,4434,100000,SH,,SOLE,,100000,0,0
151,WYNN RESORTS LTD,COM,983134107,3776,30000,SH,,SOLE,,30000,0,0
152,WYNN RESORTS LTD,COM,983134107,16994,135000,SH,Call,SOLE,,135000,0,0
153,YAHOO INC,COM,984332106,11775,265000,SH,,SOLE,,265000,0,0
154,YPF SOCIEDAD ANONIMA,SPON ADR CL D,984245100,2351,85663,SH,,SOLE,,85663,0,0
155,YUM BRANDS INC,COM,988498101,12595,160000,SH,,SOLE,,160000,0,0
156,ZOETIS INC,CL A,98978V103,4629,100000,SH,,SOLE,,100000,0,0
