,NAME OF ISSUER,TITLE OF CLASS,CUSIP,(x$1000),PRN AMT,PRN,CALL,DISCRETION,MANAGER,SOLE,SHARED,NONE
0,3-D SYS CORP DEL,COM NEW,88554D205,1350,25000,SH,,SOLE,,25000,0,0
1,ACTIVISION BLIZZARD INC,COM,00507V109,15012,900000,SH,Call,SOLE,,900000,0,0
2,ADVANCE AUTO PARTS INC,COM,00751Y106,16536,200000,SH,Call,SOLE,,200000,0,0
3,AERCAP HOLDINGS NV,SHS,N00985106,6792,349039,SH,,SOLE,,349039,0,0
4,AGILENT TECHNOLOGIES INC,COM,00846U101,30750,600000,SH,Call,SOLE,,600000,0,0
5,ALLSTATE CORP,COM,020002101,2528,50000,SH,,SOLE,,50000,0,0
6,AMERICAN INTL GROUP INC,COM NEW,026874784,65147,1339645,SH,,SOLE,,1339645,0,0
7,ANADARKO PETE CORP,COM,032511107,46495,500000,SH,,SOLE,,500000,0,0
8,ANGLOGOLD ASHANTI LTD,SPONSORED ADR,035128206,9296,700000,SH,,SOLE,,700000,0,0
9,ARES CAP CORP,COM,04010L103,657,38000,SH,,SOLE,,38000,0,0
10,B/E AEROSPACE INC,COM,073302101,10704,145000,SH,,SOLE,,145000,0,0
11,BANCO SANTANDER BRASIL S A,ADS REP 1 UNIT,05967A107,4170,600000,SH,,SOLE,,600000,0,0
12,BANCORPSOUTH INC,COM,059692103,695,34848,SH,,SOLE,,34848,0,0
13,BARRICK GOLD CORP,COM,067901108,1862,100000,SH,,SOLE,,100000,0,0
14,BARRICK GOLD CORP,COM,067901108,23275,1250000,SH,Call,SOLE,,1250000,0,0
15,BAXTER INTL INC,COM,071813109,26276,400000,SH,Call,SOLE,,400000,0,0
16,BHP BILLITON LTD,SPONSORED ADR,088606108,266,4000,SH,,SOLE,,4000,0,0
17,BLACKSTONE MTG TR INC,COM CL A,09257W100,1260,50000,SH,,SOLE,,50000,0,0
18,BRF SA,SPONSORED ADR,10552T107,621,25300,SH,,SOLE,,25300,0,0
19,CABLEVISION SYS CORP,CL A NY CABLVS,12686C109,3435,204000,SH,,SOLE,,204000,0,0
20,CALPINE CORP,COM NEW,131347304,5796,298285,SH,,SOLE,,298285,0,0
21,CARTER INC,COM,146229109,6180,81438,SH,,SOLE,,81438,0,0
22,CENTURYLINK INC,COM,156700106,12552,400000,SH,Call,SOLE,,400000,0,0
23,CEPHEID,COM,15670R107,4685,120000,SH,,SOLE,,120000,0,0
24,CHINA MOBILE LIMITED,SPONSORED ADR,16941M109,553,9800,SH,,SOLE,,9800,0,0
25,CHINA UNICOM (HONG KONG) LTD,SPONSORED ADR,16945R104,301,19500,SH,,SOLE,,19500,0,0
26,CISCO SYS INC,COM,17275R102,9372,400000,SH,Call,SOLE,,400000,0,0
27,CITIGROUP INC,COM NEW,172967424,4851,100000,SH,,SOLE,,100000,0,0
28,CNOOC LTD,SPONSORED ADR,126132109,404,2000,SH,,SOLE,,2000,0,0
29,COMCAST CORP NEW,CL A,20030N101,9023,200000,SH,,SOLE,,200000,0,0
30,COMPANHIA BRASILEIRA DE DIST,SPN ADR PFD CL A,20440T201,262,5700,SH,,SOLE,,5700,0,0
31,COMPANHIA DE BEBIDAS DAS AME,SPON ADR PFD,20441W203,322,8400,SH,,SOLE,,8400,0,0
32,COSTCO WHSL CORP NEW,COM,22160K105,23034,200000,SH,Call,SOLE,,200000,0,0
33,CUMMINS INC,COM,231021106,4838,36412,SH,,SOLE,,36412,0,0
34,CVB FINL CORP,COM,126600105,2477,183200,SH,,SOLE,,183200,0,0
35,D R HORTON INC,COM,23331A109,12128,624189,SH,,SOLE,,624189,0,0
36,DISH NETWORK CORP,CL A,25470M109,45010,1000000,SH,,SOLE,,1000000,0,0
37,DISNEY WALT CO,COM DISNEY,254687106,22572,350000,SH,Call,SOLE,,350000,0,0
38,EXPEDIA INC DEL,COM NEW,30212P303,10362,200000,SH,Call,SOLE,,200000,0,0
39,FACEBOOK INC,CL A,30303M102,12809,255000,SH,,SOLE,,255000,0,0
40,FIDELITY NATL INFORMATION SV,COM,31620M106,5862,126236,SH,,SOLE,,126236,0,0
41,FIRST NBC BK HLDG CO,COM,32115D106,2072,85000,SH,,SOLE,,85000,0,0
42,FISERV INC,COM,337738108,9953,98500,SH,,SOLE,,98500,0,0
43,FOMENTO ECONOMICO MEXICANO S,SPON ADR UNITS,344419106,350,3600,SH,,SOLE,,3600,0,0
44,FORD MTR CO DEL,COM PAR $0.01,345370860,16870,1000000,SH,,SOLE,,1000000,0,0
45,FOX FACTORY HLDG CORP,COM,35138V102,1927,100000,SH,,SOLE,,100000,0,0
46,GENERAL MTRS CO,COM,37045V100,52157,1450000,SH,,SOLE,,1450000,0,0
47,GILEAD SCIENCES INC,COM,375558103,15718,250000,SH,,SOLE,,250000,0,0
48,GRUPO TELEVISA SA,SPON ADR REP ORD,40049J206,400,14300,SH,,SOLE,,14300,0,0
49,HARTFORD FINL SVCS GROUP INC,COM,416515104,33810,1086427,SH,,SOLE,,1086427,0,0
50,HCA HOLDINGS INC,COM,40412C101,8550,200000,SH,Call,SOLE,,200000,0,0
51,HD SUPPLY HLDGS INC,COM,40416M105,35976,1637500,SH,,SOLE,,1637500,0,0
52,HOME DEPOT INC,COM,437076102,12515,165000,SH,,SOLE,,165000,0,0
53,HOME DEPOT INC,COM,437076102,22755,300000,SH,Call,SOLE,,300000,0,0
54,IDEX CORP,COM,45167R104,1566,24000,SH,,SOLE,,24000,0,0
55,INTERACTIVE BROKERS GROUP IN,COM,45841N107,2749,146450,SH,,SOLE,,146450,0,0
56,ISHARES,MSCI THI CAP ETF,464286624,239,3200,SH,,SOLE,,3200,0,0
57,ISHARES,MSCI STH KOR ETF,464286772,240,3900,SH,,SOLE,,3900,0,0
58,ISHARES,MSCI JAPAN ETF,464286848,259,21700,SH,,SOLE,,21700,0,0
59,ISHARES,MSCI STH AFR ETF,464286780,266,4200,SH,,SOLE,,4200,0,0
60,ISHARES,MSCI ITALCPD ETF,464286855,284,20100,SH,,SOLE,,20100,0,0
61,ISHARES,EAFE SML CP ETF,464288273,325,6700,SH,,SOLE,,6700,0,0
62,ISHARES,MSCI SPAN CP ETF,464286764,337,9700,SH,,SOLE,,9700,0,0
63,ISHARES,MSCI TAIWAN ETF,464286731,340,24400,SH,,SOLE,,24400,0,0
64,ISHARES,MSCI FRANCE ETF,464286707,344,12800,SH,,SOLE,,12800,0,0
65,ISHARES,MSCI EAFE ETF,464287465,345,5400,SH,,SOLE,,5400,0,0
66,ISHARES,MSCI HONG KG ETF,464286871,359,17900,SH,,SOLE,,17900,0,0
67,ISHARES,MSCI ACWI ETF,464288257,383,7100,SH,,SOLE,,7100,0,0
68,ISHARES,MSCI SINGAP ETF,464286673,386,28900,SH,,SOLE,,28900,0,0
69,ISHARES,MSCI AUST ETF,464286103,387,15300,SH,,SOLE,,15300,0,0
70,ISHARES,MSCI PAC JP ETF,464286665,391,8200,SH,,SOLE,,8200,0,0
71,ISHARES,EUROPE ETF,464287861,397,9000,SH,,SOLE,,9000,0,0
72,ISHARES,MSCI AC ASIA ETF,464288182,408,7000,SH,,SOLE,,7000,0,0
73,ISHARES,MSCI MALAYSI ETF,464286830,438,29100,SH,,SOLE,,29100,0,0
74,ISHARES,EM MK MINVOL ETF,464286533,440,7500,SH,,SOLE,,7500,0,0
75,ISHARES,EMU ETF,464286608,494,13100,SH,,SOLE,,13100,0,0
76,ISHARES,MSCI GERMANY ETF,464286806,517,18600,SH,,SOLE,,18600,0,0
77,ISHARES,MSCI POL CAP ETF,46429B606,722,25200,SH,,SOLE,,25200,0,0
78,ISHARES,MSCI UK ETF,464286699,904,46100,SH,,SOLE,,46100,0,0
79,ISHARES,MSCI CDA ETF,464286509,994,35100,SH,,SOLE,,35100,0,0
80,ISHARES,MSCI BRZ CAP ETF,464286400,1020,21300,SH,,SOLE,,21300,0,0
81,ISHARES,CHINA LG-CAP ETF,464287184,4049,109200,SH,,SOLE,,109200,0,0
82,ISHARES,IBOXX HI YD ETF,464288513,19855,216807,SH,,SOLE,,216807,0,0
83,ISHARES,JP MOR EM MK ETF,464288281,27551,252700,SH,,SOLE,,252700,0,0
84,ISHARES,RUSSELL 2000 ETF,464287655,447762,4200000,SH,Put,SOLE,,4200000,0,0
85,JARDEN CORP,COM,471109108,4840,100000,SH,,SOLE,,100000,0,0
86,KB HOME,COM,48666K109,2150,119300,SH,,SOLE,,119300,0,0
87,KEYW HLDG CORP,COM,493723100,1419,105527,SH,,SOLE,,105527,0,0
88,LENNAR CORP,CL A,526057104,13779,389250,SH,,SOLE,,389250,0,0
89,LINKEDIN CORP,COM CL A,53578A108,8366,34000,SH,,SOLE,,34000,0,0
90,LITTELFUSE INC,COM,537008104,6791,86818,SH,,SOLE,,86818,0,0
91,LYONDELLBASELL INDUSTRIES N,SHS - A -,N53745100,29292,400000,SH,,SOLE,,400000,0,0
92,MACYS INC,COM,55616P104,17308,400000,SH,,SOLE,,400000,0,0
93,MARKET VECTORS ETF TR,RUSSIA ETF,57060U506,414,14700,SH,,SOLE,,14700,0,0
94,MEADOWBROOK INS GROUP INC,COM,58319P108,325,50000,SH,,SOLE,,50000,0,0
95,MGIC INVT CORP WIS,COM,552848103,14560,2000000,SH,,SOLE,,2000000,0,0
96,MICHAEL KORS HLDGS LTD,SHS,G60754101,16697,224064,SH,,SOLE,,224064,0,0
97,MOBILE TELESYSTEMS OJSC,SPONSORED ADR,607409109,712,32000,SH,,SOLE,,32000,0,0
98,MONSANTO CO NEW,COM,61166W101,26093,250000,SH,Put,SOLE,,250000,0,0
99,MORGAN STANLEY,COM NEW,617446448,95031,3526204,SH,,SOLE,,3526204,0,0
100,MYLAN INC,COM,628530107,7634,200000,SH,,SOLE,,200000,0,0
101,NAVISTAR INTL CORP NEW,COM,63934E108,13498,370000,SH,,SOLE,,370000,0,0
102,NCR CORP NEW,COM,62886E108,7526,190000,SH,,SOLE,,190000,0,0
103,NETEASE INC,SPONSORED ADR,64110W102,581,8000,SH,,SOLE,,8000,0,0
104,NEW ORIENTAL ED & TECH GRP I,SPON ADR,647581107,461,18500,SH,,SOLE,,18500,0,0
105,NEW YORK CMNTY BANCORP INC,COM,649445103,1080,71500,SH,,SOLE,,71500,0,0
106,NICE SYS LTD,SPONSORED ADR,653656108,236,5700,SH,,SOLE,,5700,0,0
107,NORWEGIAN CRUISE LINE HLDGS,SHS,G66721104,9255,300000,SH,,SOLE,,300000,0,0
108,OLD DOMINION FGHT LINES INC,COM,679580100,2537,55175,SH,,SOLE,,55175,0,0
109,PIER 1 IMPORTS INC,COM,720279108,4880,250000,SH,,SOLE,,250000,0,0
110,POPULAR INC,COM NEW,733174700,1764,67200,SH,,SOLE,,67200,0,0
111,PRUDENTIAL FINL INC,COM,744320102,7798,100000,SH,Call,SOLE,,100000,0,0
112,PULTE GROUP INC,COM,745867101,6547,396800,SH,,SOLE,,396800,0,0
113,RADIAN GROUP INC,COM,750236101,14630,1050229,SH,,SOLE,,1050229,0,0
114,REALOGY HLDGS CORP,COM,75605Y106,5399,125509,SH,,SOLE,,125509,0,0
115,REGIONS FINL CORP NEW,COM,7591EP100,2778,300000,SH,,SOLE,,300000,0,0
116,ROYAL CARIBBEAN CRUISES LTD,COM,V7780T103,11484,300000,SH,Call,SOLE,,300000,0,0
117,RYLAND GROUP INC,COM,783764103,2570,63400,SH,,SOLE,,63400,0,0
118,SAKS INC,COM,79377W108,31086,1950207,SH,,SOLE,,1950207,0,0
119,SALESFORCE COM INC,COM,79466L302,9084,175000,SH,,SOLE,,175000,0,0
120,SASOL LTD,SPONSORED ADR,803866300,239,5000,SH,,SOLE,,5000,0,0
121,SELECT SECTOR SPDR TR,SBI INT-UTILS,81369Y886,9854,263700,SH,,SOLE,,263700,0,0
122,SELECT SECTOR SPDR TR,TECHNOLOGY,81369Y803,16020,500000,SH,Call,SOLE,,500000,0,0
123,SELECT SECTOR SPDR TR,TECHNOLOGY,81369Y803,19808,618238,SH,,SOLE,,618238,0,0
124,SELECT SECTOR SPDR TR,SBI INT-INDS,81369Y704,20808,448400,SH,,SOLE,,448400,0,0
125,SNAP ON INC,COM,833034101,13532,136000,SH,,SOLE,,136000,0,0
126,SOHU COM INC,COM,83408W103,520,6600,SH,,SOLE,,6600,0,0
127,SOUTHERN COPPER CORP,COM,84265V105,297,10900,SH,,SOLE,,10900,0,0
128,SPDR INDEX SHS FDS,EURO STOXX 50,78463X202,941,24500,SH,,SOLE,,24500,0,0
129,SPDR SERIES TRUST,S&P HOMEBUILD,78464A888,22949,750000,SH,,SOLE,,750000,0,0
130,SPREADTRUM COMMUNICATIONS IN,ADR,849415203,356,11700,SH,,SOLE,,11700,0,0
131,SPRINT CORP,COM SER 1,85207U105,18657,3000000,SH,,SOLE,,3000000,0,0
132,ST JOE CO,COM,790148100,8684,442600,SH,,SOLE,,442600,0,0
133,STERICYCLE INC,COM,858912108,8655,75000,SH,Call,SOLE,,75000,0,0
134,STERLING FINL CORP WASH,COM NEW,859319303,3368,117572,SH,,SOLE,,117572,0,0
135,SYNOVUS FINL CORP,COM,87161C105,5396,1635100,SH,,SOLE,,1635100,0,0
136,TATA MTRS LTD,SPONSORED ADR,876568502,343,12900,SH,,SOLE,,12900,0,0
137,TELEFONICA BRASIL SA,SPONSORED ADR,87936R106,2226,99200,SH,,SOLE,,99200,0,0
138,TENARIS S A,SPONSORED ADR,88031M109,332,7100,SH,,SOLE,,7100,0,0
139,TESORO CORP,COM,881609101,3958,90000,SH,,SOLE,,90000,0,0
140,TESORO CORP,COM,881609101,22870,520000,SH,Call,SOLE,,520000,0,0
141,TIME WARNER INC,COM NEW,887317303,18098,275000,SH,,SOLE,,275000,0,0
142,TJX COS INC NEW,COM,872540109,7824,138750,SH,,SOLE,,138750,0,0
143,TOLL BROTHERS INC,COM,889478103,10589,326515,SH,,SOLE,,326515,0,0
144,TOTAL SYS SVCS INC,COM,891906109,5866,199400,SH,,SOLE,,199400,0,0
145,TRACTOR SUPPLY CO,COM,892356106,5374,80000,SH,,SOLE,,80000,0,0
146,TWENTY FIRST CENTY FOX INC,CL A,90130A101,7872,234905,SH,,SOLE,,234905,0,0
147,UNION PAC CORP,COM,907818108,7503,48300,SH,,SOLE,,48300,0,0
148,UNITED TECHNOLOGIES CORP,COM,913017109,12938,120000,SH,Call,SOLE,,120000,0,0
149,VALE S A,ADR REPSTG PFD,91912E204,176,12400,SH,,SOLE,,12400,0,0
150,VALE S A,ADR,91912E105,384,24600,SH,,SOLE,,24600,0,0
151,VANGUARD INTL EQUITY INDEX F,FTSE EMR MKT ETF,922042858,377,9400,SH,,SOLE,,9400,0,0
152,VANGUARD INTL EQUITY INDEX F,ALLWRLD EX US,922042775,384,7900,SH,,SOLE,,7900,0,0
153,VANGUARD INTL EQUITY INDEX F,FTSE EUROPE ETF,922042874,768,14100,SH,,SOLE,,14100,0,0
154,VIMPELCOM LTD,SPONSORED ADR,92719A106,249,21200,SH,,SOLE,,21200,0,0
155,WALGREEN CO,COM,931422109,43040,800000,SH,Call,SOLE,,800000,0,0
156,WALTER INVT MGMT CORP,COM,93317W102,2096,53000,SH,,SOLE,,53000,0,0
157,WCI CMNTYS INC,COM PAR $0.01,92923C807,3488,202100,SH,,SOLE,,202100,0,0
158,WEYERHAEUSER CO,COM,962166104,12815,447600,SH,Call,SOLE,,447600,0,0
159,WHIRLPOOL CORP,COM,963320106,732,5000,SH,,SOLE,,5000,0,0
160,WILSHIRE BANCORP INC,COM,97186T108,2216,271200,SH,,SOLE,,271200,0,0
161,WIPRO LTD,SPON ADR 1 SH,97651M109,259,25200,SH,,SOLE,,25200,0,0
162,WISDOMTREE TR,EMERG MKTS ETF,97717W315,372,7200,SH,,SOLE,,7200,0,0
163,WYNN RESORTS LTD,COM,983134107,2496,15796,SH,,SOLE,,15796,0,0
164,XEROX CORP,COM,984121103,15435,1500000,SH,,SOLE,,1500000,0,0
165,YOUKU TUDOU INC,SPONSORED ADR,98742U100,400,14600,SH,,SOLE,,14600,0,0
