,NAME OF ISSUER,TITLE OF CLASS,CUSIP,(x$1000),PRN AMT,PRN,CALL,DISCRETION,MANAGER,SOLE,SHARED,NONE
0,AG MORTGAGE INVESTMENT TRUST,COM,001228105,3128,200000,SH,,SOLE,NONE,200000,0,0
1,ALTISOURCE PORTFOLIO SOL,REG SHS,L0175J104,146743,925063,SH,,SOLE,NONE,925063,0,0
2,AMERICAN INTERNATIONAL GROUP,COM NEW,026874784,298443,5846100,SH,,SOLE,NONE,5846100,0,0
3,APOLLO INVESTMENT CORP,COM,03761U106,1271,150000,SH,,SOLE,NONE,150000,0,0
4,ASSURED GUARANTY LTD,COM,G0585R106,45081,1911013,SH,,SOLE,NONE,1911013,0,0
5,ATLAS ENERGY LP,COM UNITS LP,04930A104,157976,3371947,SH,,SOLE,NONE,3371947,0,0
6,ATLAS PIPELINE PARTNERS LP,UNIT LP INT,049392103,116639,3327802,SH,,SOLE,NONE,3327802,0,0
7,ATLAS RESOURCE PARTNERS LP,COM UNT LTD PR,04941A101,87060,4250994,SH,,SOLE,NONE,4250994,0,0
8,ATLAS RESOURCE PARTNERS LP,COM UNT LTD PR,04941A101,19849,969200,SH,,SOLE,NONE,969200,0,0
9,BOSTON SCIENTIFIC CORP,COM,101137107,102568,8533099,SH,,SOLE,NONE,8533099,0,0
10,CAESARS ACQUISITION CO,CL A,12768T103,39623,3285473,SH,,SOLE,NONE,3285473,0,0
11,CAESARS ENTERTAINMENT CORP,COM,127686103,113840,5285071,SH,,SOLE,NONE,5285071,0,0
12,CAMERON INTERNATIONAL CORP,COM,13342B105,84830,1425000,SH,,SOLE,NONE,1425000,0,0
13,CAPITAL ONE FINANCIAL CORP,COM,14040H105,123254,1608855,SH,,SOLE,NONE,1608855,0,0
14,CENTER BANCORP INC,COM,151408101,10224,545000,SH,,SOLE,NONE,545000,0,0
15,CHIMERA INVESTMENT CORP,COM,16934Q109,192589,62125420,SH,,SOLE,NONE,62125420,0,0
16,CITIGROUP INC,COM NEW,172967424,204495,3924300,SH,,SOLE,NONE,3924300,0,0
17,COBALT INTERNATIONAL ENERGY,COM,19075F106,13209,803000,SH,,SOLE,NONE,803000,0,0
18,COMCAST CORP,CL A SPL,20030N200,59522,1193300,SH,,SOLE,NONE,1193300,0,0
19,CROSSTEX ENERGY LP,COM,22765U102,638,23100,SH,,SOLE,NONE,23100,0,0
20,DENBURY RESOURCES INC,COM NEW,247916208,77512,4717727,SH,,SOLE,NONE,4717727,0,0
21,DISH NETWORK CORP,CL A,25470M109,227340,3925070,SH,,SOLE,NONE,3925070,0,0
22,E*TRADE FINANCIAL CORP,COM NEW,269246401,134181,6832027,SH,,SOLE,NONE,6832027,0,0
23,EASTMAN CHEMICAL CO,COM,277432100,167112,2070781,SH,,SOLE,NONE,2070781,0,0
24,EBAY INC,COM,278642103,46920,854800,SH,,SOLE,NONE,854800,0,0
25,ELLINGTON FINANCIAL LLC,COM,288522303,8445,372530,SH,,SOLE,NONE,372530,0,0
26,ENERGY XXI BERMUDA,USD UNRS SHS,G10082140,46566,1720860,SH,,SOLE,NONE,1720860,0,0
27,EXPRESS SCRIPTS HOLDING CO,COM,30219G108,12159,173100,SH,,SOLE,NONE,173100,0,0
28,FREEPORT-MCMORAN COPPER,COM,35671D857,109476,2900800,SH,,SOLE,NONE,2900800,0,0
29,GAMING AND LEISURE PROPERTIE,COM,36467J108,112879,2221587,SH,,SOLE,NONE,2221587,0,0
30,GANNETT CO,COM,364730101,6219,210231,SH,,SOLE,NONE,210231,0,0
31,GENERAL MOTORS CO,COM,37045V100,42766,1046400,SH,,SOLE,NONE,1046400,0,0
32,HALLIBURTON CO,COM,406216101,179777,3542400,SH,,SOLE,NONE,3542400,0,0
33,HARBINGER GROUP INC,COM,41146A106,59250,5000000,SH,,SOLE,NONE,5000000,0,0
34,HARBINGER GROUP INC,COM,41146A106,17775,1500000,SH,,SOLE,NONE,1500000,0,0
35,HCA HOLDINGS INC,COM,40412C101,120802,2532000,SH,,SOLE,NONE,2532000,0,0
36,INTERCONTINENTALEXCHANGE GRO,COM,45866F104,96214,427770,SH,,SOLE,NONE,427770,0,0
37,ISHARES MSCI MEXICO CAPPED,MSCI MEX CAP ETF,464286822,5100,75000,SH,,SOLE,NONE,75000,0,0
38,JPMORGAN CHASE & CO,COM,46625H100,4059,69400,SH,,SOLE,NONE,69400,0,0
39,KAR AUCTION SERVICES INC,COM,48238T109,34641,1172300,SH,,SOLE,NONE,1172300,0,0
40,KINDER MORGAN INC,COM,49456B101,130383,3621759,SH,,SOLE,NONE,3621759,0,0
41,KKR & CO LP,COM UNITS,48248M102,39931,1640540,SH,,SOLE,NONE,1640540,0,0
42,KKR FINANCIAL HOLDINGS LLC,COM,48248A306,183558,15058073,SH,,SOLE,NONE,15058073,0,0
43,LENNAR CORP,CL A,526057104,16813,425000,SH,,SOLE,NONE,425000,0,0
44,LIN MEDIA LLC,CL A COM,532771102,17226,600000,SH,,SOLE,NONE,600000,0,0
45,LINN ENERGY LLC,UNIT LTD LIAB,536020100,78589,2552419,SH,,SOLE,NONE,2552419,0,0
46,LORAL SPACE & COMMUNICATIONS,COM,543881106,61121,754766,SH,,SOLE,NONE,754766,0,0
47,LYONDELLBASELL INDU,SHS - A -,N53745100,152294,1897033,SH,,SOLE,NONE,1897033,0,0
48,MCKESSON CORP,COM,58155Q103,111928,693482,SH,,SOLE,NONE,693482,0,0
49,METLIFE INC,COM,59156R108,7166,132900,SH,,SOLE,NONE,132900,0,0
50,MOTOROLA SOLUTIONS INC,COM NEW,620076307,222973,3303301,SH,,SOLE,NONE,3303301,0,0
51,NEW RESIDENTIAL INVESTMENT,COM,64828T102,51810,7755999,SH,,SOLE,NONE,7755999,0,0
52,NEWCASTLE INVESTMENT CORP,COM,65105M108,68706,11969619,SH,,SOLE,NONE,11969619,0,0
53,PENNYMAC FINANCIAL SERVICE,CL A,70932B101,48431,2759600,SH,,SOLE,NONE,2759600,0,0
54,PENNYMAC MORTGAGE INVESTMENT,COM,70931T103,57508,2504701,SH,,SOLE,NONE,2504701,0,0
55,PVH CORP,COM,693656100,64882,477000,SH,,SOLE,NONE,477000,0,0
56,QUALCOMM INC,COM,747525103,194527,2619887,SH,,SOLE,NONE,2619887,0,0
57,REALOGY HOLDINGS CORP,COM,75605Y106,92367,1867140,SH,,SOLE,NONE,1867140,0,0
58,RESOURCE AMERICA INC,CL A,761195205,4377,467600,SH,,SOLE,NONE,467600,0,0
59,RESOURCE CAPITAL CORP,COM,76120W302,5930,1000000,SH,,SOLE,NONE,1000000,0,0
60,SANDRIDGE ENERGY INC,COM,80007P307,246033,40532663,SH,,SOLE,NONE,40532663,0,0
61,SILVER BAY REALTY TRUST CORP,COM,82735Q102,78,4882,SH,,SOLE,NONE,4882,0,0
62,SIRIUS XM HOLDINGS INC,COM,82968B103,273941,78493003,SH,,SOLE,NONE,78493003,0,0
63,SLM CORP,COM,78442P106,278594,10600994,SH,,SOLE,NONE,10600994,0,0
64,SPRINT CORP,COM SER 1,85207U105,436008,40558858,SH,,SOLE,NONE,40558858,0,0
65,SUNEDISON INC,COM,86732Y109,105746,8103148,SH,,SOLE,NONE,8103148,0,0
66,SUPERVALU INC,COM,868536103,26706,3663319,SH,,SOLE,NONE,3663319,0,0
67,TEEKAY LNG PARTNERS LP,PRTNRSP UNITS,Y8564M105,854,20000,SH,,SOLE,NONE,20000,0,0
68,THERMO FISHER SCIENTIFIC INC,COM,883556102,91864,825000,SH,,SOLE,NONE,825000,0,0
69,THL CREDIT INC,COM,872438106,15388,933170,SH,,SOLE,NONE,933170,0,0
70,T-MOBILE US INC,COM,872590104,102270,3040145,SH,,SOLE,NONE,3040145,0,0
71,TRANSOCEAN LTD,REG SHS,H8817H100,142455,2882545,SH,,SOLE,NONE,2882545,0,0
72,TWO HARBORS INVESTMENT CORP,COM,90187B101,928,100000,SH,,SOLE,NONE,100000,0,0
73,UNITED CONTINENTAL HOLDINGS,COM,910047109,44552,1177700,SH,,SOLE,NONE,1177700,0,0
74,UNITEDHEALTH GROUP INC,COM,91324P102,101808,1352033,SH,,SOLE,NONE,1352033,0,0
75,WEYERHAEUSER CO,COM,962166104,75648,2396203,SH,,SOLE,NONE,2396203,0,0
76,WILLIAMS COS INC,COM,969457100,21214,550000,SH,,SOLE,NONE,550000,0,0
77,WPX ENERGY INC,COM,98212B103,45416,2228482,SH,,SOLE,NONE,2228482,0,0
78,XL GROUP PLC,SHS,G98290102,102202,3209872,SH,,SOLE,NONE,3209872,0,0
