,NAME OF ISSUER,TITLE OF CLASS,CUSIP,(x$1000),PRN AMT,PRN,CALL,DISCRETION,MANAGER,SOLE,SHARED,NONE
0,AG MORTGAGE INVESTMENT TRUST,COM,001228105,3324,200000,SH,,SOLE,NONE,200000,0,0
1,ALTISOURCE PORTFOLIO SOL,REG SHS,L0175J104,142317,1016478,SH,,SOLE,NONE,1016478,0,0
2,AMERICAN INTERNATIONAL GROUP,COM NEW,026874784,282375,5806600,SH,,SOLE,NONE,5806600,0,0
3,APOLLO INVESTMENT CORP,COM,03761U106,1223,150000,SH,,SOLE,NONE,150000,0,0
4,ATLAS ENERGY LP,COM UNITS LP,04930A104,219130,4011167,SH,,SOLE,NONE,4011167,0,0
5,ATLAS PIPELINE PARTNERS LP,UNIT LP INT,049392103,166978,4303569,SH,,SOLE,NONE,4303569,0,0
6,ATLAS RESOURCE PARTNERS LP,COM UNT LTD PR,04941A101,81119,3873883,SH,,SOLE,NONE,3873883,0,0
7,ATLAS RESOURCE PARTNERS LP,COM UNT LTD PR,04941A101,20295,969200,SH,,SOLE,NONE,969200,0,0
8,ATMEL CORP,COM,049513104,67318,9048095,SH,,SOLE,NONE,9048095,0,0
9,BOSTON SCIENTIFIC CORP,COM,101137107,158107,13467416,SH,,SOLE,NONE,13467416,0,0
10,CAESARS ENTERTAINMENT CORP,COM,127686103,61194,3109447,SH,,SOLE,NONE,3109447,0,0
11,CAPITAL ONE FINANCIAL CORP,COM,14040H105,118020,1716900,SH,,SOLE,NONE,1716900,0,0
12,CENTER BANCORP INC,COM,151408101,7761,545000,SH,,SOLE,NONE,545000,0,0
13,CHIMERA INVESTMENT CORP,COM,16934Q109,187971,61832671,SH,,SOLE,NONE,61832671,0,0
14,CITIGROUP INC,COM NEW,172967424,185905,3832300,SH,,SOLE,NONE,3832300,0,0
15,COMCAST CORP,CL A SPL,20030N200,51730,1193300,SH,,SOLE,NONE,1193300,0,0
16,CROSSTEX ENERGY LP,COM,22765U102,460,23100,SH,,SOLE,NONE,23100,0,0
17,DENBURY RESOURCES INC,COM NEW,247916208,90535,4917727,SH,,SOLE,NONE,4917727,0,0
18,DISH NETWORK CORP,CL A,25470M109,158029,3510970,SH,,SOLE,NONE,3510970,0,0
19,E*TRADE FINANCIAL CORP,COM NEW,269246401,126733,7680786,SH,,SOLE,NONE,7680786,0,0
20,EASTMAN CHEMICAL CO,COM,277432100,143685,1844481,SH,,SOLE,NONE,1844481,0,0
21,ENERGY XXI BERMUDA,USD UNRS SHS,G10082140,72048,2384912,SH,,SOLE,NONE,2384912,0,0
22,EXPRESS SCRIPTS HOLDING CO,COM,30219G108,117593,1902798,SH,,SOLE,NONE,1902798,0,0
23,FREEPORT-MCMORAN COPPER,COM,35671D857,94354,2852300,SH,,SOLE,NONE,2852300,0,0
24,HALLIBURTON CO,COM,406216101,175382,3642400,SH,,SOLE,NONE,3642400,0,0
25,HARBINGER GROUP INC,COM,41146A106,51850,5000000,SH,,SOLE,NONE,5000000,0,0
26,HARBINGER GROUP INC,COM,41146A106,13688,1500000,SH,,SOLE,NONE,1500000,0,0
27,HCA HOLDINGS INC,COM,40412C101,81888,1915500,SH,,SOLE,NONE,1915500,0,0
28,ISHARES,MSCI CDA ETF,464286509,1699,60000,SH,,SOLE,NONE,60000,0,0
29,JPMORGAN CHASE & CO,COM,46625H100,2476,47900,SH,,SOLE,NONE,47900,0,0
30,KINDER MORGAN INC,COM,49456B101,134161,3771759,SH,,SOLE,NONE,3771759,0,0
31,KKR & CO LP,COM UNITS,48248M102,63668,3093665,SH,,SOLE,NONE,3093665,0,0
32,KKR FINANCIAL HOLDINGS LLC,COM,48248A306,155580,15061010,SH,,SOLE,NONE,15061010,0,0
33,LENNAR CORP,CL A,526057104,43687,1234100,SH,,SOLE,NONE,1234100,0,0
34,LIN MEDIA LLC,CL A COM,532771102,12174,600000,SH,,SOLE,NONE,600000,0,0
35,LINN ENERGY LLC-UNITS,UNIT LTD LIAB,536020100,76764,2961583,SH,,SOLE,NONE,2961583,0,0
36,LINNCO LLC,COMSHS LTD INT,535782106,17481,472453,SH,,SOLE,NONE,472453,0,0
37,LORAL SPACE & COMMUNICATIONS,COM,543881106,51120,754766,SH,,SOLE,NONE,754766,0,0
38,LYONDELLBASELL INDU,SHS - A -,N53745100,138634,1893133,SH,,SOLE,NONE,1893133,0,0
39,MCKESSON CORP,COM,58155Q103,88704,691382,SH,,SOLE,NONE,691382,0,0
40,MERCK & CO. INC.,COM,58933Y105,9674,203200,SH,,SOLE,NONE,203200,0,0
41,METLIFE INC,COM,59156R108,138549,2950985,SH,,SOLE,NONE,2950985,0,0
42,MOTOROLA SOLUTIONS INC,COM NEW,620076307,217432,3661701,SH,,SOLE,NONE,3661701,0,0
43,NEW RESIDENTIAL INVESTMENT,COM,64828T102,37850,5717478,SH,,SOLE,NONE,5717478,0,0
44,NEWCASTLE INVESTMENT CORP,COM,65105M108,35690,6350619,SH,,SOLE,NONE,6350619,0,0
45,NYSE EURONEXT,COM,629491101,173117,4123799,SH,,SOLE,NONE,4123799,0,0
46,OCWEN FINANCIAL CORP,COM NEW,675746309,16302,292300,SH,,SOLE,NONE,292300,0,0
47,ORIENT EXPRESS HOTELS LTD,CL A,G67743107,15641,1205022,SH,,SOLE,NONE,1205022,0,0
48,PENN NATIONAL GAMING INC,COM,707569109,86222,1557487,SH,,SOLE,NONE,1557487,0,0
49,PENNYMAC FINANCIAL SERVICE,CL A,70932B101,51853,2759600,SH,,SOLE,NONE,2759600,0,0
50,PENNYMAC MORTGAGE INVESTMENT,COM,70931T103,49333,2175170,SH,,SOLE,NONE,2175170,0,0
51,POLYCOM INC,COM,73172K104,102916,9424548,SH,,SOLE,NONE,9424548,0,0
52,PVH CORP,COM,693656100,88661,747000,SH,,SOLE,NONE,747000,0,0
53,QUALCOMM INC,COM,747525103,190253,2826100,SH,,SOLE,NONE,2826100,0,0
54,REALOGY HOLDINGS CORP,COM,75605Y106,67430,1567420,SH,,SOLE,NONE,1567420,0,0
55,RESOURCE AMERICA INC,CL A,761195205,9570,1191733,SH,,SOLE,NONE,1191733,0,0
56,RESOURCE CAPITAL CORP,COM,76120W302,5940,1000000,SH,,SOLE,NONE,1000000,0,0
57,SANDRIDGE ENERGY INC,COM,80007P307,200741,34256163,SH,,SOLE,NONE,34256163,0,0
58,SELECT SECTOR SPDR,SBI MATERIALS,81369Y100,1512,36000,SH,,SOLE,NONE,36000,0,0
59,SELECT SECTOR SPDR,SBI INT-FINL,81369Y605,1493,75000,SH,,SOLE,NONE,75000,0,0
60,SILVER BAY REALTY TRUST CORP,COM,82735Q102,76,4882,SH,,SOLE,NONE,4882,0,0
61,SIRIUS XM RADIO INC,COM,82967N108,278585,71893003,SH,,SOLE,NONE,71893003,0,0
62,SLM CORP,COM,78442P106,321639,12917228,SH,,SOLE,NONE,12917228,0,0
63,SPRINT CORP,COM SER 1,85207U105,219493,35293890,SH,,SOLE,NONE,35293890,0,0
64,SUPERVALU INC,COM,868536103,41570,5051019,SH,,SOLE,NONE,5051019,0,0
65,TEEKAY LNG PARTNERS LP,PRTNRSP UNITS,Y8564M105,882,20000,SH,,SOLE,NONE,20000,0,0
66,THERMO FISHER SCIENTIFIC INC,COM,883556102,56706,615370,SH,,SOLE,NONE,615370,0,0
67,THL CREDIT INC,COM,872438106,23121,1481384,SH,,SOLE,NONE,1481384,0,0
68,TRANSOCEAN LTD,REG SHS,H8817H100,155018,3483545,SH,,SOLE,NONE,3483545,0,0
69,TWO HARBORS INVESTMENT CORP,COM,90187B101,971,100000,SH,,SOLE,NONE,100000,0,0
70,UNITEDHEALTH GROUP INC,COM,91324P102,87717,1224933,SH,,SOLE,NONE,1224933,0,0
71,VALIDUS HOLDINGS LTD,COM SHS,G9319H102,58426,1579928,SH,,SOLE,NONE,1579928,0,0
72,WILLIAMS COS INC,COM,969457100,43724,1202538,SH,,SOLE,NONE,1202538,0,0
73,WISDOMTREE TR,JAPN HEDGE EQT,97717W851,1678,35000,SH,,SOLE,NONE,35000,0,0
74,WPX ENERGY INC,COM,98212B103,40706,2113524,SH,,SOLE,NONE,2113524,0,0
75,XL GROUP PLC,SHS,G98290102,112494,3650037,SH,,SOLE,NONE,3650037,0,0
