,NAME OF ISSUER,TITLE OF CLASS,CUSIP,(x$1000),PRN AMT,PRN,CALL,DISCRETION,MANAGER,SOLE,SHARED,NONE
0,AG MORTGAGE INVESTMENT TRUST,COM,001228105,5071,269590,SH,,SOLE,None,269590,0,0
1,ALTISOURCE PORTFOLIO SOL,REG SHS,L0175J104,117483,1245846,SH,,SOLE,None,1245846,0,0
2,AMERICAN INTERNATIONAL GROUP,COM NEW,026874784,259890,5814100,SH,,SOLE,None,5814100,0,0
3,APOLLO INVESTMENT CORP,COM,03761U106,1161,150000,SH,,SOLE,None,150000,0,0
4,APPLE INC,COM,037833100,12292,31000,SH,,SOLE,None,31000,0,0
5,ASCENA RETAIL GROUP INC,COM,04351G101,32710,1874500,SH,,SOLE,None,1874500,0,0
6,ATLAS ENERGY LP,COM UNITS LP,04930A104,194665,3973567,SH,,SOLE,None,3973567,0,0
7,ATLAS PIPELINE PARTNERS LP,UNIT LP INT,049392103,164556,4308869,SH,,SOLE,None,4308869,0,0
8,ATLAS RESOURCE PARTNERS LP,COM UNT LTD,04941A101,66603,3041235,SH,,SOLE,None,3041235,0,0
9,ATLAS RESOURCE PARTNERS LP,COM UNT LTD,04941A101,24994,1141300,SH,,SOLE,None,1141300,0,0
10,ATMEL CORP,COM,049513104,61502,8378995,SH,,SOLE,None,8378995,0,0
11,BOSTON SCIENTIFIC CORP,COM,101137107,152604,16462100,SH,,SOLE,None,16462100,0,0
12,CAESARS ENTERTAINMENT CORP,COM,127686103,15597,1138447,SH,,SOLE,None,1138447,0,0
13,CAPITAL ONE FINANCIAL CORP,COM,14040H105,107838,1716900,SH,,SOLE,None,1716900,0,0
14,CENTER BANCORP INC,COM,151408101,6916,545000,SH,,SOLE,None,545000,0,0
15,CHIMERA INVESTMENT CORP,COM,16934Q109,170650,56883391,SH,,SOLE,None,56883391,0,0
16,CITIGROUP INC,COM NEW,172967424,125691,2620200,SH,,SOLE,None,2620200,0,0
17,CROCS INC,COM,227046109,33265,2016089,SH,,SOLE,None,2016089,0,0
18,CROSSTEX ENERGY LP,COM,22765U102,476,23100,SH,,SOLE,None,23100,0,0
19,DENBURY RESOURCES INC,COM NEW,247916208,61836,3570227,SH,,SOLE,None,3570227,0,0
20,DISH NETWORK CORP,CL A,25470M109,153964,3620970,SH,,SOLE,None,3620970,0,0
21,E*TRADE FINANCIAL CORP,COM NEW,269246401,100658,7950880,SH,,SOLE,None,7950880,0,0
22,EASTMAN CHEMICAL CO,COM,277432100,129307,1846981,SH,,SOLE,None,1846981,0,0
23,ELECTRONIC ARTS INC,COM,285512109,17243,750000,SH,,SOLE,None,750000,0,0
24,ENERGY XXI BERMUDA,USD UNRS SHS,G10082140,22825,1029315,SH,,SOLE,None,1029315,0,0
25,EXPRESS SCRIPTS HOLDING CO,COM,30219G108,168941,2736327,SH,,SOLE,None,2736327,0,0
26,GMX RESOURCES INC,COM NEW,38011M603,36,212971,SH,,SOLE,None,212971,0,0
27,GOOGLE INC,CL A,38259P508,4270,4850,SH,,SOLE,None,4850,0,0
28,HALLIBURTON CO,COM,406216101,149454,3582300,SH,,SOLE,None,3582300,0,0
29,HARBINGER GROUP INC,COM,41146A106,37700,5000000,SH,,SOLE,None,5000000,0,0
30,JPMORGAN CHASE & CO,COM,46625H100,2265,42900,SH,,SOLE,None,42900,0,0
31,KINDER MORGAN INC,COM,49456B101,192191,5037759,SH,,SOLE,None,5037759,0,0
32,KKR & CO LP,COM UNITS,48248M102,60821,3093665,SH,,SOLE,None,3093665,0,0
33,KKR FINANCIAL HOLDINGS LLC,COM,48248A306,155741,14762185,SH,,SOLE,None,14762185,0,0
34,LAS VEGAS SANDS CORP,COM,517834107,14402,272100,SH,,SOLE,None,272100,0,0
35,LINN ENERGY LLC,UNIT LTD LIAB,536020100,207894,6265645,SH,,SOLE,None,6265645,0,0
36,LINNCO,COMSHS LTD INT,535782106,17481,472453,SH,,SOLE,None,472453,0,0
37,LORAL SPACE & COMMUNICATIONS,COM,543881106,45271,754766,SH,,SOLE,None,754766,0,0
38,LYONDELLBASELL INDUSTRIES,SHS - A,N53745100,124445,1878133,SH,,SOLE,None,1878133,0,0
39,MCKESSON CORP,COM,58155Q103,76965,672182,SH,,SOLE,None,672182,0,0
40,MERCK & CO. INC.,COM,58933Y105,9439,203200,SH,,SOLE,None,203200,0,0
41,METLIFE INC,COM,59156R108,135357,2957985,SH,,SOLE,None,2957985,0,0
42,MOTOROLA SOLUTIONS INC,COM NEW,620076307,191017,3308800,SH,,SOLE,None,3308800,0,0
43,NEW CASTLE INVT CORP,COM,65105M108,37242,7120823,SH,,SOLE,None,7120823,0,0
44,NEW RESIDENTIAL INVESTMENT,COM,64828T102,38536,5717478,SH,,SOLE,None,5717478,0,0
45,NYSE EURONEXT,COM,629491101,170725,4123799,SH,,SOLE,None,4123799,0,0
46,OCCIDENTAL PETROLEUM CORP,COM,674599105,87455,980104,SH,,SOLE,None,980104,0,0
47,OCWEN FINANCIAL CORP,COM NEW,675746309,12049,292300,SH,,SOLE,None,292300,0,0
48,ORACLE CORP,COM,68389X105,24568,800000,SH,,SOLE,None,800000,0,0
49,ORIENT EXPRESS HOTELS LTD,CL A,G67743107,9695,797312,SH,,SOLE,None,797312,0,0
50,PENNYMAC FINANCIAL SERVICE,CL A,70932B101,58697,2759600,SH,,SOLE,None,2759600,0,0
51,PENNYMAC MORTGAGE INVESTMENT,COM,70931T103,4398,208953,SH,,SOLE,None,208953,0,0
52,POLYCOM INC,COM,73172K104,80476,7642520,SH,,SOLE,None,7642520,0,0
53,PVH CORP,COM,693656100,90441,723235,SH,,SOLE,None,723235,0,0
54,QUALCOMM INC,COM,747525103,229106,3750300,SH,,SOLE,None,3750300,0,0
55,RESOURCE AMERICA INC,CL A,761195205,10130,1191733,SH,,SOLE,None,1191733,0,0
56,RESOURCE CAPITAL CORP,COM,76120W302,6150,1000000,SH,,SOLE,None,1000000,0,0
57,SANDRIDGE ENERGY INC,COM,80007P307,139271,29258509,SH,,SOLE,None,29258509,0,0
58,SILVER BAY REALTY TRUST CORP,COM,82735Q102,81,4882,SH,,SOLE,None,4882,0,0
59,SIRIUS XM RADIO INC,COM,82967N108,240842,71893003,SH,,SOLE,None,71893003,0,0
60,SLM CORP,COM,78442P106,300136,13129328,SH,,SOLE,None,13129328,0,0
61,SPRINT CORP,COM SER 1,852061100,667687,95112117,SH,,SOLE,None,95112117,0,0
62,SUPERVALU INC,COM,868536103,46465,7470209,SH,,SOLE,None,7470209,0,0
63,TEEKAY LNG PARTNERS LP,PRTNRSP UNITS,Y8564M105,874,20000,SH,,SOLE,None,20000,0,0
64,THERMO FISHER SCIENTIFIC INC,COM,883556102,41356,488670,SH,,SOLE,None,488670,0,0
65,THL CREDIT INC,COM,872438106,22502,1481384,SH,,SOLE,None,1481384,0,0
66,TRANSOCEAN LTD,REG SHS,H8817H100,166945,3481645,SH,,SOLE,None,3481645,0,0
67,TWO HARBORS INVESTMENT CORP,COM,90187B101,1025,100000,SH,,SOLE,None,100000,0,0
68,UNITEDHEALTH GROUP INC,COM,91324P102,80209,1224933,SH,,SOLE,None,1224933,0,0
69,VALIDUS HOLDINGS LTD,COM SHS,G9319H102,35831,991996,SH,,SOLE,None,991996,0,0
70,WELLS FARGO & CO,COM,949746101,68298,1654900,SH,,SOLE,None,1654900,0,0
71,WILLIAMS COS INC,COM,969457100,69156,2129838,SH,,SOLE,None,2129838,0,0
72,WISDOMTREE TRUST,JAPAN HEDGE EQT,97717W851,1596,35000,SH,,SOLE,None,35000,0,0
73,WPX ENERGY INC,COM,98212B103,40030,2113524,SH,,SOLE,None,2113524,0,0
74,XL GROUP PLC,SHS,G98290102,110487,3644037,SH,,SOLE,None,3644037,0,0
