,NAME OF ISSUER,TITLE OF CLASS,CUSIP,(x$1000),PRN AMT,PRN,CALL,DISCRETION,MANAGER,SOLE,SHARED,NONE
0,AAR CORP,COMMON,000361105,972,31031,SH,,DFND,,31031,0,0
1,ACCO BRANDS CORP,COMMON,00081T108,234,24260,SH,,DFND,,24260,0,0
2,AFLAC INC,COMMON,001055102,273,3804,SH,,DFND,,3804,0,0
3,AGCO CORP,COMMON,001084102,725,14713,SH,,DFND,,14713,0,0
4,AK STL CORP,BOND,001546AP5,36050,30010000,PRN,,DFND,,0,0,0
5,AMAG PHARMACEUTICALS INC,COMMON,00163U106,2727,111259,SH,,DFND,,111259,0,0
6,AMAG PHARMACEUTICALS INC,OPTION,00163U106,218,8900,SH,Call,DFND,,8900,0,0
7,AMAG PHARMACEUTICALS INC,OPTION,00163U106,477,19500,SH,Put,DFND,,19500,0,0
8,AMC NETWORKS INC,COMMON,00164V103,20387,393132,SH,,DFND,,393132,0,0
9,AMC NETWORKS INC,OPTION,00164V103,332,6400,SH,Call,DFND,,6400,0,0
10,AMC NETWORKS INC,OPTION,00164V103,322,6200,SH,Put,DFND,,6200,0,0
11,AMC ENTMT HLDGS INC,OPTION,00165C104,261,8400,SH,Put,DFND,,8400,0,0
12,AMN HEALTHCARE SERVICES INC,COMMON,001744101,6934,217564,SH,,DFND,,217564,0,0
13,AMN HEALTHCARE SERVICES INC,OPTION,001744101,283,8900,SH,Call,DFND,,8900,0,0
14,AMN HEALTHCARE SERVICES INC,OPTION,001744101,462,14500,SH,Put,DFND,,14500,0,0
15,ANI PHARMACEUTICALS INC,OPTION,00182C103,730,11000,SH,Call,DFND,,11000,0,0
16,ANI PHARMACEUTICALS INC,OPTION,00182C103,525,7900,SH,Put,DFND,,7900,0,0
17,A10 NETWORKS INC,COMMON,002121101,198,18502,SH,,DFND,,18502,0,0
18,ATN INTL INC,COMMON,00215F107,1086,16693,SH,,DFND,,16693,0,0
19,AVX CORP NEW,COMMON,002444107,364,26371,SH,,DFND,,26371,0,0
20,AARONS INC,COMMON,002535300,329,12961,SH,,DFND,,12961,0,0
21,ABBOTT LABS,OPTION,002824100,237,5600,SH,Call,DFND,,5600,0,0
22,ABBOTT LABS,OPTION,002824100,251,5900,SH,Put,DFND,,5900,0,0
23,ABBVIE INC,OPTION,00287Y109,493,7800,SH,Call,DFND,,7800,0,0
24,ABBVIE INC,OPTION,00287Y109,638,10100,SH,Put,DFND,,10100,0,0
25,ABEONA THERAPEUTICS INC,COMMON,00289Y107,1591,265143,SH,,DFND,,265143,0,0
26,ABIOMED INC,COMMON,003654100,218,1699,SH,,DFND,,1699,0,0
27,ACADIA HEALTHCARE COMPANY IN,COMMON,00404A109,5598,112968,SH,,DFND,,112968,0,0
28,ACCURAY INC,COMMON,004397105,445,69737,SH,,DFND,,69737,0,0
29,ACHILLION PHARMACEUTICALS IN,COMMON,00448Q201,1255,154916,SH,,DFND,,154916,0,0
30,ACTIVISION BLIZZARD INC,OPTION,00507V109,438,9900,SH,Call,DFND,,9900,0,0
31,ACTIVISION BLIZZARD INC,OPTION,00507V109,612,13800,SH,Put,DFND,,13800,0,0
32,ADAMAS PHARMACEUTICALS INC,COMMON,00548A106,176,10683,SH,,DFND,,10683,0,0
33,ADOBE SYS INC,COMMON,00724F101,562,5166,SH,,DFND,,5166,0,0
34,ADVANCE AUTO PARTS INC,COMMON,00751Y106,8947,60000,SH,,DFND,,60000,0,0
35,ADVANCED SEMICONDUCTOR ENGR,ADR,00756M404,290,49100,SH,,DFND,,49100,0,0
36,ADVANTAGE OIL & GAS LTD,COMMON,00765F101,362,51600,SH,,DFND,,51600,0,0
37,AECOM,COMMON,00766T100,2125,71471,SH,,DFND,,71471,0,0
38,AEGERION PHARMACEUTICALS INC,OPTION,00767E102,639,215000,SH,Call,DFND,,215000,0,0
39,AEGERION PHARMACEUTICALS INC,BOND,00767EAB8,45228,67567000,PRN,,DFND,,0,0,0
40,AEGION CORP,COMMON,00770F104,676,35446,SH,,DFND,,35446,0,0
41,AEMETIS INC,COMMON,00770K202,0,70768,SH,,DFND,,70768,0,0
42,AERIE PHARMACEUTICALS INC,COMMON,00771V108,247,6534,SH,,DFND,,6534,0,0
43,AEROHIVE NETWORKS INC,COMMON,007786106,141,23059,SH,,DFND,,23059,0,0
44,AEROJET ROCKETDYNE HLDGS INC,COMMON,007800105,419,23830,SH,,DFND,,23830,0,0
45,ADVANCED MICRO DEVICES INC,OPTION,007903107,636,92100,SH,Call,DFND,,92100,0,0
46,ADVANCED MICRO DEVICES INC,OPTION,007903107,1085,157100,SH,Put,DFND,,157100,0,0
47,AETNA INC NEW,COMMON,00817Y108,6638,57496,SH,,DFND,,57496,0,0
48,AETNA INC NEW,OPTION,00817Y108,244,2100,SH,Put,DFND,,2100,0,0
49,AFFILIATED MANAGERS GROUP,COMMON,008252108,4194,28979,SH,,DFND,,28979,0,0
50,AGILENT TECHNOLOGIES INC,COMMON,00846U101,404,8598,SH,,DFND,,8598,0,0
51,AGENUS INC,COMMON,00847G705,418,58235,SH,,DFND,,58235,0,0
52,AGROFRESH SOLUTIONS,WARRANT,00856G117,234,300000,SH,,DFND,,300000,0,0
53,AIMMUNE THERAPEUTICS INC,COMMON,00900T107,261,17394,SH,,DFND,,17394,0,0
54,AIR LEASE CORP,COMMON,00912X302,227,7958,SH,,DFND,,7958,0,0
55,AIR PRODS & CHEMS INC,COMMON,009158106,226,1500,SH,,DFND,,1500,0,0
56,AIR TRANSPORT SERVICES GRP I,COMMON,00922R105,335,23385,SH,,DFND,,23385,0,0
57,AKAMAI TECHNOLOGIES INC,COMMON,00971T101,6293,118767,SH,,DFND,,118767,0,0
58,AKORN INC,COMMON,009728106,274,10066,SH,,DFND,,10066,0,0
59,AKEBIA THERAPEUTICS INC,COMMON,00972D105,195,21586,SH,,DFND,,21586,0,0
60,ALERE INC,PREF CONV,01449J204,18586,53786,SH,,DFND,,53786,0,0
61,ALIBABA GROUP HLDG LTD,ADR,01609W102,51774,489400,SH,,DFND,,489400,0,0
62,ALIBABA GROUP HLDG LTD,OPTION,01609W102,201372,1903500,SH,Call,DFND,,1903500,0,0
63,ALIBABA GROUP HLDG LTD,OPTION,01609W102,211791,2002000,SH,Put,DFND,,2002000,0,0
64,ALIGN TECHNOLOGY INC,COMMON,016255101,204,2173,SH,,DFND,,2173,0,0
65,ALLEGIANT TRAVEL CO,COMMON,01748X102,1925,14578,SH,,DFND,,14578,0,0
66,ALLISON TRANSMISSION HLDGS I,COMMON,01973R101,2828,98599,SH,,DFND,,98599,0,0
67,ALNYLAM PHARMACEUTICALS INC,COMMON,02043Q107,437,6447,SH,,DFND,,6447,0,0
68,ALTRA INDL MOTION CORP,COMMON,02208R106,362,12496,SH,,DFND,,12496,0,0
69,AMAYA INC,COMMON,02314M108,1678,103600,SH,,DFND,,103600,0,0
70,AMBER RD INC,COMMON,02318Y108,362,37553,SH,,DFND,,37553,0,0
71,AMERICAN AXLE & MFG HLDGS IN,COMMON,024061103,1642,95378,SH,,DFND,,95378,0,0
72,AMERICAN ELEC PWR INC,COMMON,025537101,3817,59443,SH,,DFND,,59443,0,0
73,AMERICAN EAGLE OUTFITTERS NE,COMMON,02553E106,1262,70690,SH,,DFND,,70690,0,0
74,AMERICAN INTL GROUP INC,WARRANT,026874156,52894,2495000,SH,,DFND,,2495000,0,0
75,AMERICAN NATL INS CO,COMMON,028591105,615,5041,SH,,DFND,,5041,0,0
76,AMERICAN TOWER CORP NEW,COMMON,03027X100,10742,94783,SH,,DFND,,94783,0,0
77,AMERICAN WTR WKS CO INC NEW,COMMON,030420103,28393,379379,SH,,DFND,,379379,0,0
78,AMERIPRISE FINL INC,COMMON,03076C106,478,4793,SH,,DFND,,4793,0,0
79,AMETEK INC NEW,COMMON,031100100,543,11367,SH,,DFND,,11367,0,0
80,AMGEN INC,COMMON,031162100,962,5769,SH,,DFND,,5769,0,0
81,AMGEN INC,OPTION,031162100,465,2800,SH,Call,DFND,,2800,0,0
82,AMGEN INC,OPTION,031162100,766,4600,SH,Put,DFND,,4600,0,0
83,AMICUS THERAPEUTICS INC,COMMON,03152W109,184,24757,SH,,DFND,,24757,0,0
84,AMKOR TECHNOLOGY INC,COMMON,031652100,5383,553797,SH,,DFND,,553797,0,0
85,AMPHENOL CORP NEW,COMMON,032095101,2825,43508,SH,,DFND,,43508,0,0
86,ANADARKO PETE CORP,COMMON,032511107,1616,25505,SH,,DFND,,25505,0,0
87,ANALOGIC CORP,COMMON,032657207,491,5534,SH,,DFND,,5534,0,0
88,ANGIES LIST INC,COMMON,034754101,234,23587,SH,,DFND,,23587,0,0
89,ANGIODYNAMICS INC,COMMON,03475V101,193,11028,SH,,DFND,,11028,0,0
90,ANTERO RES CORP,COMMON,03674X106,5544,205729,SH,,DFND,,205729,0,0
91,ANTHEM INC,OPTION,036752103,315,2500,SH,Call,DFND,,2500,0,0
92,ANTHEM INC,OPTION,036752103,389,3100,SH,Put,DFND,,3100,0,0
93,APARTMENT INVT & MGMT CO,COMMON,03748R101,5251,114381,SH,,DFND,,114381,0,0
94,APOGEE ENTERPRISES INC,COMMON,037598109,525,11745,SH,,DFND,,11745,0,0
95,APPLE INC,COMMON,037833100,1019,9012,SH,,DFND,,9012,0,0
96,APPLIED MATLS INC,COMMON,038222105,4075,135158,SH,,DFND,,135158,0,0
97,APPLIED MICRO CIRCUITS CORP,COMMON,03822W406,269,38687,SH,,DFND,,38687,0,0
98,APPLIED OPTOELECTRONICS INC,COMMON,03823U102,615,27700,SH,,DFND,,27700,0,0
99,APPLIED OPTOELECTRONICS INC,OPTION,03823U102,304,13800,SH,Call,DFND,,13800,0,0
100,APPLIED OPTOELECTRONICS INC,OPTION,03823U102,254,11500,SH,Put,DFND,,11500,0,0
101,AQUA AMERICA INC,COMMON,03836W103,5738,188253,SH,,DFND,,188253,0,0
102,AQUINOX PHARMACEUTICALS INC,COMMON,03842B101,274,20467,SH,,DFND,,20467,0,0
103,ARCHROCK INC,COMMON,03957W106,1691,129310,SH,,DFND,,129310,0,0
104,ARIAD PHARMACEUTICALS INC,COMMON,04033A100,523,38181,SH,,DFND,,38181,0,0
105,ARRAY BIOPHARMA INC,COMMON,04269X105,977,144790,SH,,DFND,,144790,0,0
106,ARROWHEAD PHARMACEUTICALS IN,COMMON,04280A100,275,37425,SH,,DFND,,37425,0,0
107,ASCENA RETAIL GROUP INC,OPTION,04351G101,115,20800,SH,Call,DFND,,20800,0,0
108,ASCENA RETAIL GROUP INC,OPTION,04351G101,115,20600,SH,Put,DFND,,20600,0,0
109,ASCENT CAP GROUP INC,COMMON,043632108,351,15141,SH,,DFND,,15141,0,0
110,ASHLAND GLOBAL HLDGS INC,COMMON,044186104,16581,143003,SH,,DFND,,143003,0,0
111,ASTERIAS BIOTHERAPEUTICS INC,COMMON,04624N107,151,35555,SH,,DFND,,35555,0,0
112,AUTODESK INC,OPTION,052769106,389,5400,SH,Call,DFND,,5400,0,0
113,AUTODESK INC,OPTION,052769106,497,6900,SH,Put,DFND,,6900,0,0
114,AVANGRID INC,COMMON,05351W103,3562,85264,SH,,DFND,,85264,0,0
115,AVEXIS INC,COMMON,05366U100,412,10000,SH,,DFND,,10000,0,0
116,AVID TECHNOLOGY INC,COMMON,05367P100,204,25707,SH,,DFND,,25707,0,0
117,AVIS BUDGET GROUP,COMMON,053774105,666,19464,SH,,DFND,,19464,0,0
118,AVNET INC,COMMON,053807103,6035,146984,SH,,DFND,,146984,0,0
119,BOFI HLDG INC,COMMON,05566U108,358,15966,SH,,DFND,,15966,0,0
120,BMC STK HLDGS INC,COMMON,05591B109,833,47005,SH,,DFND,,47005,0,0
121,BWX TECHNOLOGIES INC,COMMON,05605H100,1270,33075,SH,,DFND,,33075,0,0
122,BABCOCK & WILCOX ENTERPRIS I,COMMON,05614L100,1079,65360,SH,,DFND,,65360,0,0
123,BAKER HUGHES INC,COMMON,057224107,2003,39696,SH,,DFND,,39696,0,0
124,BANCO SANTANDER BRASIL S A,ADR,05967A107,181,26950,SH,,DFND,,26950,0,0
125,BANC OF CALIFORNIA INC,COMMON,05990K106,1694,97024,SH,,DFND,,97024,0,0
126,BANK AMER CORP,COMMON,060505104,6533,417473,SH,,DFND,,417473,0,0
127,BANK AMER CORP,OPTION,060505104,3130,200000,SH,Put,DFND,,200000,0,0
128,BANK AMER CORP,WARRANT,060505153,588,5875000,SH,,DFND,,5875000,0,0
129,BANK MONTREAL QUE,COMMON,063671101,439,6700,SH,,DFND,,6700,0,0
130,BANK NEW YORK MELLON CORP,COMMON,064058100,1822,45686,SH,,DFND,,45686,0,0
131,BANKRATE INC DEL,COMMON,06647F102,673,79415,SH,,DFND,,79415,0,0
132,BANNER CORP,COMMON,06652V208,735,16805,SH,,DFND,,16805,0,0
133,BARD C R INC,COMMON,067383109,292,1304,SH,,DFND,,1304,0,0
134,BARNES GROUP INC,COMMON,067806109,3109,76684,SH,,DFND,,76684,0,0
135,BARRICK GOLD CORP,OPTION,067901108,191,10600,SH,Put,DFND,,10600,0,0
136,BARRETT BILL CORP,COMMON,06846N104,2831,509214,SH,,DFND,,509214,0,0
137,BAXTER INTL INC,COMMON,071813109,30703,645025,SH,,DFND,,645025,0,0
138,BAXTER INTL INC,OPTION,071813109,1397,29300,SH,Call,DFND,,29300,0,0
139,BAXTER INTL INC,OPTION,071813109,1990,41800,SH,Put,DFND,,41800,0,0
140,BAZAARVOICE INC,COMMON,073271108,729,123262,SH,,DFND,,123262,0,0
141,BED BATH & BEYOND INC,COMMON,075896100,1126,26119,SH,,DFND,,26119,0,0
142,BERKSHIRE HILLS BANCORP INC,COMMON,084680107,1085,39188,SH,,DFND,,39188,0,0
143,BERRY PLASTICS GROUP INC,COMMON,08579W103,6470,147553,SH,,DFND,,147553,0,0
144,BIG LOTS INC,COMMON,089302103,1360,28474,SH,,DFND,,28474,0,0
145,BIOCRYST PHARMACEUTICALS,COMMON,09058V103,780,176962,SH,,DFND,,176962,0,0
146,BIODELIVERY SCIENCES INTL IN,COMMON,09060J106,37,13611,SH,,DFND,,13611,0,0
147,BIOMARIN PHARMACEUTICAL INC,COMMON,09061G101,10797,116700,SH,,DFND,,116700,0,0
148,BIOGEN INC,COMMON,09062X103,1565,5000,SH,,DFND,,5000,0,0
149,BIOGEN INC,OPTION,09062X103,3130,10000,SH,Call,DFND,,10000,0,0
150,BJS RESTAURANTS INC,COMMON,09180C106,1086,30558,SH,,DFND,,30558,0,0
151,BLACK HILLS CORP,PREF CONV,092113125,23417,340000,SH,,DFND,,340000,0,0
152,BLACKBERRY LTD,COMMON,09228F103,172,21600,SH,,DFND,,21600,0,0
153,BLOOMIN BRANDS INC,COMMON,094235108,2945,170828,SH,,DFND,,170828,0,0
154,BLUCORA INC,COMMON,095229100,1165,104000,SH,,DFND,,104000,0,0
155,BLUE BUFFALO PET PRODS INC,COMMON,09531U102,19343,814070,SH,,DFND,,814070,0,0
156,BLUEBIRD BIO INC,COMMON,09609G100,537,7919,SH,,DFND,,7919,0,0
157,BOB EVANS FARMS INC,COMMON,096761101,424,11092,SH,,DFND,,11092,0,0
158,BOEING CO,OPTION,097023105,290,2200,SH,Put,DFND,,2200,0,0
159,BOOZ ALLEN HAMILTON HLDG COR,COMMON,099502106,346,10931,SH,,DFND,,10931,0,0
160,BOSTON PRIVATE FINL HLDGS IN,WARRANT,101119113,2665,444100,SH,,DFND,,444100,0,0
161,BOSTON SCIENTIFIC CORP,COMMON,101137107,1341,56336,SH,,DFND,,56336,0,0
162,BOTTOMLINE TECH DEL INC,COMMON,101388106,677,29054,SH,,DFND,,29054,0,0
163,BRIGGS & STRATTON CORP,COMMON,109043109,694,37210,SH,,DFND,,37210,0,0
164,BRINKS CO,COMMON,109696104,15628,421479,SH,,DFND,,421479,0,0
165,BRISTOL MYERS SQUIBB CO,COMMON,110122108,22210,411910,SH,,DFND,,411910,0,0
166,BRISTOL MYERS SQUIBB CO,OPTION,110122108,237,4400,SH,Call,DFND,,4400,0,0
167,BRISTOL MYERS SQUIBB CO,OPTION,110122108,374,6900,SH,Put,DFND,,6900,0,0
168,BRIXMOR PPTY GROUP INC,COMMON,11120U105,7576,272629,SH,,DFND,,272629,0,0
169,BROCADE COMMUNICATIONS SYS I,COMMON,111621306,5120,554663,SH,,DFND,,554663,0,0
170,BROOKS AUTOMATION INC,COMMON,114340102,241,17677,SH,,DFND,,17677,0,0
171,BROWN & BROWN INC,COMMON,115236101,4146,109926,SH,,DFND,,109926,0,0
172,BRUKER CORP,COMMON,116794108,685,30212,SH,,DFND,,30212,0,0
173,BRUNSWICK CORP,COMMON,117043109,770,15787,SH,,DFND,,15787,0,0
174,BUFFALO WILD WINGS INC,COMMON,119848109,1516,10769,SH,,DFND,,10769,0,0
175,CBIZ INC,COMMON,124805102,122,10883,SH,,DFND,,10883,0,0
176,CBS CORP NEW,COMMON,124857202,10607,193772,SH,,DFND,,193772,0,0
177,CBS CORP NEW,OPTION,124857202,16422,300000,SH,Call,DFND,,300000,0,0
178,CBOE HLDGS INC,COMMON,12503M108,5505,84890,SH,,DFND,,84890,0,0
179,CDK GLOBAL INC,COMMON,12508E101,523,9104,SH,,DFND,,9104,0,0
180,CEB INC,COMMON,125134106,2139,39261,SH,,DFND,,39261,0,0
181,CECO ENVIRONMENTAL CORP,COMMON,125141101,388,34359,SH,,DFND,,34359,0,0
182,CIT GROUP INC,COMMON,125581801,616,16993,SH,,DFND,,16993,0,0
183,CSRA INC,COMMON,12650T104,9265,344450,SH,,DFND,,344450,0,0
184,CACI INTL INC,COMMON,127190304,386,3832,SH,,DFND,,3832,0,0
185,CADENCE DESIGN SYSTEM INC,COMMON,127387108,551,21585,SH,,DFND,,21585,0,0
186,CALATLANTIC GROUP INC,COMMON,128195104,4121,123227,SH,,DFND,,123227,0,0
187,CALERES INC,COMMON,129500104,702,27771,SH,,DFND,,27771,0,0
188,CALGON CARBON CORP,COMMON,129603106,393,25902,SH,,DFND,,25902,0,0
189,CAMECO CORP,COMMON,13321L108,339,39700,SH,,DFND,,39700,0,0
190,CAMPBELL SOUP CO,OPTION,134429109,271,5000,SH,Call,DFND,,5000,0,0
191,CAMPBELL SOUP CO,OPTION,134429109,375,6900,SH,Put,DFND,,6900,0,0
192,CDN IMPERIAL BK COMM TORONTO,COMMON,136069101,225,2900,SH,,DFND,,2900,0,0
193,CAPITAL ONE FINL CORP,OPTION,14040H105,372,5200,SH,Call,DFND,,5200,0,0
194,CAPITAL ONE FINL CORP,OPTION,14040H105,601,8400,SH,Put,DFND,,8400,0,0
195,CAPITOL ACQUISITION CORP III,COMMON,14055M106,14775,1500000,SH,,DFND,,1500000,0,0
196,CAPITOL ACQUISITION CORP III,WARRANT,14055M114,525,750000,SH,,DFND,,750000,0,0
197,CAPITOL ACQUISITION CORP III,UNIT,14055M205,461,45000,SH,,DFND,,45000,0,0
198,CARA THERAPEUTICS INC,COMMON,140755109,105,12535,SH,,DFND,,12535,0,0
199,CARBONITE INC,COMMON,141337105,192,12484,SH,,DFND,,12484,0,0
200,CARE COM INC,COMMON,141633107,155,15576,SH,,DFND,,15576,0,0
201,CARMAX INC,COMMON,143130102,2934,55000,SH,,DFND,,55000,0,0
202,CARMAX INC,OPTION,143130102,299,5600,SH,Call,DFND,,5600,0,0
203,CARRIZO OIL & GAS INC,OPTION,144577103,432,10700,SH,Call,DFND,,10700,0,0
204,CARRIZO OIL & GAS INC,OPTION,144577103,482,11900,SH,Put,DFND,,11900,0,0
205,CARROLS RESTAURANT GROUP INC,COMMON,14574X104,750,56763,SH,,DFND,,56763,0,0
206,CARTER INC,COMMON,146229109,7872,90780,SH,,DFND,,90780,0,0
207,CASELLA WASTE SYS INC,COMMON,147448104,434,42045,SH,,DFND,,42045,0,0
208,CASEYS GEN STORES INC,COMMON,147528103,5893,49040,SH,,DFND,,49040,0,0
209,CASTLE A M & CO,BOND,148411AF8,4230,7000000,PRN,,DFND,,0,0,0
210,CELANESE CORP DEL,COMMON,150870103,6677,100303,SH,,DFND,,100303,0,0
211,CELANESE CORP DEL,OPTION,150870103,6656,100000,SH,Call,DFND,,100000,0,0
212,CELGENE CORP,COMMON,151020104,741,7093,SH,,DFND,,7093,0,0
213,CELLDEX THERAPEUTICS INC NEW,COMMON,15117B103,844,208866,SH,,DFND,,208866,0,0
214,CENTERSTATE BANKS INC,COMMON,15201P109,233,13100,SH,,DFND,,13100,0,0
215,CENTURY ALUM CO,OPTION,156431108,81,11600,SH,Call,DFND,,11600,0,0
216,CENTURY ALUM CO,OPTION,156431108,87,12600,SH,Put,DFND,,12600,0,0
217,CENTURYLINK INC,COMMON,156700106,213,7754,SH,,DFND,,7754,0,0
218,CENTURYLINK INC,OPTION,156700106,3017,110000,SH,Call,DFND,,110000,0,0
219,CERNER CORP,COMMON,156782104,5094,82495,SH,,DFND,,82495,0,0
220,CERNER CORP,OPTION,156782104,309,5000,SH,Put,DFND,,5000,0,0
221,CHANNELADVISOR CORP,COMMON,159179100,175,13521,SH,,DFND,,13521,0,0
222,CHEESECAKE FACTORY INC,OPTION,163072101,380,7600,SH,Put,DFND,,7600,0,0
223,CHEMTURA CORP,COMMON,163893209,5950,181324,SH,,DFND,,181324,0,0
224,CHESAPEAKE ENERGY CORP,COMMON,165167107,526,83890,SH,,DFND,,83890,0,0
225,CHEVRON CORP NEW,OPTION,166764100,51460,500000,SH,Call,DFND,,500000,0,0
226,CHICAGO BRIDGE & IRON CO N V,COMMON,167250109,1717,61240,SH,,DFND,,61240,0,0
227,CHICOS FAS INC,COMMON,168615102,522,43852,SH,,DFND,,43852,0,0
228,CHILDRENS PL INC,COMMON,168905107,8786,110000,SH,,DFND,,110000,0,0
229,CHIMERIX INC,COMMON,16934W106,963,173888,SH,,DFND,,173888,0,0
230,CHINA BIOLOGIC PRODS INC,COMMON,16938C106,3445,27669,SH,,DFND,,27669,0,0
231,CHOICE HOTELS INTL INC,COMMON,169905106,1026,22765,SH,,DFND,,22765,0,0
232,CHURCH & DWIGHT INC,COMMON,171340102,2440,50910,SH,,DFND,,50910,0,0
233,CHURCHILL DOWNS INC,COMMON,171484108,495,3386,SH,,DFND,,3386,0,0
234,CIENA CORP,COMMON,171779309,883,40518,SH,,DFND,,40518,0,0
235,CIMAREX ENERGY CO,COMMON,171798101,362,2700,SH,,DFND,,2700,0,0
236,CINEMARK HOLDINGS INC,COMMON,17243V102,977,25510,SH,,DFND,,25510,0,0
237,CIRRUS LOGIC INC,COMMON,172755100,290,5460,SH,,DFND,,5460,0,0
238,CISCO SYS INC,COMMON,17275R102,4406,138912,SH,,DFND,,138912,0,0
239,CINTAS CORP,COMMON,172908105,281,2496,SH,,DFND,,2496,0,0
240,CITRIX SYS INC,COMMON,177376100,7906,92779,SH,,DFND,,92779,0,0
241,CLEAN HARBORS INC,OPTION,184496107,345,7200,SH,Call,DFND,,7200,0,0
242,CLEAN HARBORS INC,OPTION,184496107,403,8400,SH,Put,DFND,,8400,0,0
243,CLOVIS ONCOLOGY INC,COMMON,189464100,433,12015,SH,,DFND,,12015,0,0
244,CLUBCORP HLDGS INC,COMMON,18948M108,1131,78201,SH,,DFND,,78201,0,0
245,COACH INC,OPTION,189754104,237,6400,SH,Put,DFND,,6400,0,0
246,COBALT INTL ENERGY INC,BOND,19075FAB2,18891,48830000,PRN,,DFND,,0,0,0
247,COCA COLA CO,COMMON,191216100,1633,38583,SH,,DFND,,38583,0,0
248,COEUR MNG INC,COMMON,192108504,16142,1364507,SH,,DFND,,1364507,0,0
249,COEUR MNG INC,OPTION,192108504,122,10400,SH,Call,DFND,,10400,0,0
250,COEUR MNG INC,OPTION,192108504,149,12700,SH,Put,DFND,,12700,0,0
251,COGNIZANT TECHNOLOGY SOLUTIO,COMMON,192446102,1131,23714,SH,,DFND,,23714,0,0
252,COGNIZANT TECHNOLOGY SOLUTIO,OPTION,192446102,239,5000,SH,Put,DFND,,5000,0,0
253,COHU INC,COMMON,192576106,194,16582,SH,,DFND,,16582,0,0
254,COLGATE PALMOLIVE CO,COMMON,194162103,6018,81167,SH,,DFND,,81167,0,0
255,COLONY STARWOOD HOMES,COMMON,19625X102,1866,65000,SH,,DFND,,65000,0,0
256,COLUMBIA SPORTSWEAR CO,COMMON,198516106,471,8290,SH,,DFND,,8290,0,0
257,COMFORT SYS USA INC,COMMON,199908104,1570,53588,SH,,DFND,,53588,0,0
258,COMCAST CORP NEW,COMMON,20030N101,710,10696,SH,,DFND,,10696,0,0
259,COMERICA INC,COMMON,200340107,355,7503,SH,,DFND,,7503,0,0
260,COMERICA INC,OPTION,200340107,218,4700,SH,Put,DFND,,4700,0,0
261,COMERICA INC,WARRANT,200340115,4181,227800,SH,,DFND,,227800,0,0
262,COMMERCIAL METALS CO,COMMON,201723103,1222,75485,SH,,DFND,,75485,0,0
263,COMMERCIAL VEH GROUP INC,COMMON,202608105,377,65133,SH,,DFND,,65133,0,0
264,COMMSCOPE HLDG CO INC,COMMON,20337X109,273,9064,SH,,DFND,,9064,0,0
265,COMMUNITY HEALTH SYS INC NEW,RTS,203668116,90,10043260,SH,,DFND,,10043260,0,0
266,COMMVAULT SYSTEMS INC,COMMON,204166102,1278,24060,SH,,DFND,,24060,0,0
267,COMPANHIA ENERGETICA DE MINA,ADR,204409601,785,303196,SH,,DFND,,303196,0,0
268,COMPANHIA DE SANEAMENTO BASI,ADR,20441A102,2027,218940,SH,,DFND,,218940,0,0
269,COMTECH TELECOMMUNICATIONS C,OPTION,205826209,318,24900,SH,Put,DFND,,24900,0,0
270,CONAGRA FOODS INC,COMMON,205887102,6626,140650,SH,,DFND,,140650,0,0
271,CONCERT PHARMACEUTICALS INC,COMMON,206022105,108,10710,SH,,DFND,,10710,0,0
272,CONCORDIA INTL CORP,COMMON,20653P102,67,14900,SH,,DFND,,14900,0,0
273,CONSOL ENERGY INC,COMMON,20854P109,633,32984,SH,,DFND,,32984,0,0
274,CONSTELLATION BRANDS INC,COMMON,21036P108,3675,22075,SH,,DFND,,22075,0,0
275,CONTROLADORA VUELA CIA DE AV,ADR,21240E105,575,33085,SH,,DFND,,33085,0,0
276,CONYERS PK ACQUISITION,COMMON,212894208,14342,1334735,SH,,DFND,,1334735,0,0
277,COOPER COS INC,COMMON,216648402,4539,25323,SH,,DFND,,25323,0,0
278,COPART INC,COMMON,217204106,4005,74779,SH,,DFND,,74779,0,0
279,CORELOGIC INC,COMMON,21871D103,241,6148,SH,,DFND,,6148,0,0
280,COSTCO WHSL CORP NEW,COMMON,22160K105,20072,131614,SH,,DFND,,131614,0,0
281,COSTCO WHSL CORP NEW,OPTION,22160K105,351,2300,SH,Put,DFND,,2300,0,0
282,COTY INC,COMMON,222070203,15695,676516,SH,,DFND,,676516,0,0
283,COVENANT TRANSN GROUP INC,COMMON,22284P105,1401,72471,SH,,DFND,,72471,0,0
284,CRACKER BARREL OLD CTRY STOR,COMMON,22410J106,307,2323,SH,,DFND,,2323,0,0
285,CRANE CO,COMMON,224399105,1160,18403,SH,,DFND,,18403,0,0
286,CROWN HOLDINGS INC,COMMON,228368106,1266,22176,SH,,DFND,,22176,0,0
287,CUBESMART,COMMON,229663109,5144,188714,SH,,DFND,,188714,0,0
288,CUMMINS INC,COMMON,231021106,595,4639,SH,,DFND,,4639,0,0
289,CYNOSURE INC,COMMON,232577205,201,3951,SH,,DFND,,3951,0,0
290,CYTOKINETICS INC,COMMON,23282W605,543,59075,SH,,DFND,,59075,0,0
291,CYRUSONE INC,COMMON,23283R100,4157,87380,SH,,DFND,,87380,0,0
292,D R HORTON INC,COMMON,23331A109,2778,91975,SH,,DFND,,91975,0,0
293,DHI GROUP INC,COMMON,23331S100,235,29841,SH,,DFND,,29841,0,0
294,DST SYS INC DEL,COMMON,233326107,3271,27739,SH,,DFND,,27739,0,0
295,DTE ENERGY CO,COMMON,233331107,3972,42405,SH,,DFND,,42405,0,0
296,DAKTRONICS INC,COMMON,234264109,463,48567,SH,,DFND,,48567,0,0
297,DANA INCORPORATED,COMMON,235825205,161,10355,SH,,DFND,,10355,0,0
298,DANAHER CORP DEL,COMMON,235851102,34591,441267,SH,,DFND,,441267,0,0
299,DARDEN RESTAURANTS INC,OPTION,237194105,245,4000,SH,Put,DFND,,4000,0,0
300,DARLING INGREDIENTS INC,COMMON,237266101,846,62640,SH,,DFND,,62640,0,0
301,DATALINK CORP,COMMON,237934104,401,37788,SH,,DFND,,37788,0,0
302,DAVE & BUSTERS ENTMT INC,COMMON,238337109,3938,100536,SH,,DFND,,100536,0,0
303,DAVITA INC,COMMON,23918K108,30656,463994,SH,,DFND,,463994,0,0
304,DAVITA INC,OPTION,23918K108,391,5900,SH,Call,DFND,,5900,0,0
305,DAVITA INC,OPTION,23918K108,535,8100,SH,Put,DFND,,8100,0,0
306,DEAN FOODS CO NEW,COMMON,242370203,16831,1026285,SH,,DFND,,1026285,0,0
307,DELL TECHNOLOGIES INC,COMMON,24703L103,7676,160591,SH,,DFND,,160591,0,0
308,DELTA AIR LINES INC DEL,COMMON,247361702,997,25328,SH,,DFND,,25328,0,0
309,DELTIC TIMBER CORP,COMMON,247850100,405,5984,SH,,DFND,,5984,0,0
310,DENBURY RES INC,COMMON,247916208,57,17700,SH,,DFND,,17700,0,0
311,DENTSPLY SIRONA INC,COMMON,24906P109,3877,65234,SH,,DFND,,65234,0,0
312,DERMIRA INC,COMMON,24983L104,236,6983,SH,,DFND,,6983,0,0
313,DEVON ENERGY CORP NEW,COMMON,25179M103,574,13020,SH,,DFND,,13020,0,0
314,DEVRY ED GROUP INC,COMMON,251893103,605,26229,SH,,DFND,,26229,0,0
315,DIAMONDROCK HOSPITALITY CO,COMMON,252784301,2116,232578,SH,,DFND,,232578,0,0
316,DICKS SPORTING GOODS INC,COMMON,253393102,8559,150895,SH,,DFND,,150895,0,0
317,DICKS SPORTING GOODS INC,OPTION,253393102,437,7700,SH,Call,DFND,,7700,0,0
318,DICKS SPORTING GOODS INC,OPTION,253393102,612,10800,SH,Put,DFND,,10800,0,0
319,DIEBOLD INC,COMMON,253651103,2138,86237,SH,,DFND,,86237,0,0
320,DIGITALGLOBE INC,COMMON,25389M877,3527,128256,SH,,DFND,,128256,0,0
321,DIME CMNTY BANCSHARES,COMMON,253922108,820,48963,SH,,DFND,,48963,0,0
322,DILLARDS INC,COMMON,254067101,257,4087,SH,,DFND,,4087,0,0
323,DILLARDS INC,OPTION,254067101,366,5800,SH,Call,DFND,,5800,0,0
324,DILLARDS INC,OPTION,254067101,423,6700,SH,Put,DFND,,6700,0,0
325,DINEEQUITY INC,COMMON,254423106,217,2746,SH,,DFND,,2746,0,0
326,DIODES INC,COMMON,254543101,295,13811,SH,,DFND,,13811,0,0
327,DISCOVER FINL SVCS,COMMON,254709108,2099,37124,SH,,DFND,,37124,0,0
328,DISH NETWORK CORP,COMMON,25470M109,13695,250000,SH,,DFND,,250000,0,0
329,DOLLAR GEN CORP NEW,COMMON,256677105,18848,269298,SH,,DFND,,269298,0,0
330,DONNELLEY R R & SONS CO,COMMON,257867200,504,32023,SH,,DFND,,32023,0,0
331,DOW CHEM CO,COMMON,260543103,275,5293,SH,,DFND,,5293,0,0
332,DOW CHEM CO,OPTION,260543103,10366,200000,SH,Call,DFND,,200000,0,0
333,DR PEPPER SNAPPLE GROUP INC,COMMON,26138E109,14245,156006,SH,,DFND,,156006,0,0
334,DREW INDS INC,COMMON,26168L205,253,2586,SH,,DFND,,2586,0,0
335,DRIL-QUIP INC,COMMON,262037104,396,7099,SH,,DFND,,7099,0,0
336,DYCOM INDS INC,COMMON,267475101,2560,31308,SH,,DFND,,31308,0,0
337,DYNAVAX TECHNOLOGIES CORP,COMMON,268158201,343,32726,SH,,DFND,,32726,0,0
338,DYNEGY INC NEW DEL,PREF CONV,26817R405,28985,350000,SH,,DFND,,350000,0,0
339,E L F BEAUTY INC,COMMON,26856L103,703,25000,SH,,DFND,,25000,0,0
340,E TRADE FINANCIAL CORP,COMMON,269246401,3212,110319,SH,,DFND,,110319,0,0
341,EARTHSTONE ENERGY INC,COMMON,27032D205,193,22470,SH,,DFND,,22470,0,0
342,EARTHLINK HLDGS CORP,COMMON,27033X101,1017,164055,SH,,DFND,,164055,0,0
343,EASTMAN CHEM CO,COMMON,277432100,2171,32086,SH,,DFND,,32086,0,0
344,EBAY INC,COMMON,278642103,6972,211914,SH,,DFND,,211914,0,0
345,EBAY INC,OPTION,278642103,282,8600,SH,Call,DFND,,8600,0,0
346,EBAY INC,OPTION,278642103,432,13100,SH,Put,DFND,,13100,0,0
347,EDISON INTL,COMMON,281020107,677,9370,SH,,DFND,,9370,0,0
348,EGALET CORP,COMMON,28226B104,136,17928,SH,,DFND,,17928,0,0
349,EGALET CORP,BOND,28226BAB0,20140,23000000,PRN,,DFND,,0,0,0
350,ELDORADO RESORTS INC,COMMON,28470R102,158,11284,SH,,DFND,,11284,0,0
351,ELECTRO SCIENTIFIC INDS,COMMON,285229100,220,39050,SH,,DFND,,39050,0,0
352,ELLIS PERRY INTL INC,COMMON,288853104,341,17666,SH,,DFND,,17666,0,0
353,EMBRAER S A,ADR,29082A107,212,12304,SH,,DFND,,12304,0,0
354,EMCORE CORP,COMMON,290846203,0,11075,SH,,DFND,,11075,0,0
355,ENCANA CORP,COMMON,292505104,144,13800,SH,,DFND,,13800,0,0
356,ENANTA PHARMACEUTICALS INC,COMMON,29251M106,215,8078,SH,,DFND,,8078,0,0
357,ENCORE WIRE CORP,COMMON,292562105,363,9861,SH,,DFND,,9861,0,0
358,ENDOLOGIX INC,BOND,29266SAB2,34538,26005000,PRN,,DFND,,0,0,0
359,ENERGY RECOVERY INC,COMMON,29270J100,391,24474,SH,,DFND,,24474,0,0
360,ENGILITY HLDGS INC NEW,COMMON,29286C107,1163,36901,SH,,DFND,,36901,0,0
361,ENNIS INC,COMMON,293389102,303,17967,SH,,DFND,,17967,0,0
362,ENTERGY CORP NEW,COMMON,29364G103,29661,386559,SH,,DFND,,386559,0,0
363,ENVISION HEALTHCARE HLDGS IN,COMMON,29413U103,3685,165469,SH,,DFND,,165469,0,0
364,EPIZYME INC,COMMON,29428V104,481,48867,SH,,DFND,,48867,0,0
365,EQUINIX INC,COMMON,29444U700,1420,3942,SH,,DFND,,3942,0,0
366,EQUITY ONE,COMMON,294752100,6846,223649,SH,,DFND,,223649,0,0
367,EQUITY RESIDENTIAL,COMMON,29476L107,5957,92599,SH,,DFND,,92599,0,0
368,ESPERION THERAPEUTICS INC NE,COMMON,29664W105,165,11976,SH,,DFND,,11976,0,0
369,ESSEX PPTY TR INC,COMMON,297178105,7450,33455,SH,,DFND,,33455,0,0
370,ETSY INC,COMMON,29786A106,178,12447,SH,,DFND,,12447,0,0
371,EVERCORE PARTNERS INC,COMMON,29977A105,12519,243039,SH,,DFND,,243039,0,0
372,EVERTEC INC,COMMON,30040P103,615,36684,SH,,DFND,,36684,0,0
373,EVERSOURCE ENERGY,COMMON,30040W108,11733,216565,SH,,DFND,,216565,0,0
374,EXACT SCIENCES CORP,COMMON,30063P105,491,26448,SH,,DFND,,26448,0,0
375,EXAR CORP,COMMON,300645108,319,34362,SH,,DFND,,34362,0,0
376,EXELON CORP,COMMON,30161N101,35503,1066476,SH,,DFND,,1066476,0,0
377,EXELIXIS INC,OPTION,30161Q104,459,35900,SH,Call,DFND,,35900,0,0
378,EXELIXIS INC,OPTION,30161Q104,368,28800,SH,Put,DFND,,28800,0,0
379,EXPEDIA INC DEL,OPTION,30212P303,1632,14000,SH,Call,DFND,,14000,0,0
380,EXPEDIA INC DEL,OPTION,30212P303,2428,20800,SH,Put,DFND,,20800,0,0
381,EXPRESS SCRIPTS HLDG CO,COMMON,30219G108,1895,26867,SH,,DFND,,26867,0,0
382,EXTRA SPACE STORAGE INC,COMMON,30225T102,5626,70851,SH,,DFND,,70851,0,0
383,EXTREME NETWORKS INC,COMMON,30226D106,1081,240909,SH,,DFND,,240909,0,0
384,EXTERRAN CORP,COMMON,30227H106,381,24337,SH,,DFND,,24337,0,0
385,EZCORP INC,BOND,302301AB2,12618,12754000,PRN,,DFND,,0,0,0
386,EXXON MOBIL CORP,OPTION,30231G102,43640,500000,SH,Call,DFND,,500000,0,0
387,FBL FINL GROUP INC,COMMON,30239F106,389,6085,SH,,DFND,,6085,0,0
388,FMC TECHNOLOGIES INC,COMMON,30249U101,6478,218324,SH,,DFND,,218324,0,0
389,FCB FINL HLDGS INC,COMMON,30255G103,456,11867,SH,,DFND,,11867,0,0
390,FTD COS INC,OPTION,30281V108,325,15800,SH,Put,DFND,,15800,0,0
391,FTI CONSULTING INC,COMMON,302941109,1245,27934,SH,,DFND,,27934,0,0
392,FACEBOOK INC,COMMON,30303M102,927,7220,SH,,DFND,,7220,0,0
393,FAIR ISAAC CORP,COMMON,303250104,1433,11508,SH,,DFND,,11508,0,0
394,FAIR ISAAC CORP,OPTION,303250104,621,5000,SH,Put,DFND,,5000,0,0
395,FAIRMOUNT SANTROL HLDGS INC,COMMON,30555Q108,205,24206,SH,,DFND,,24206,0,0
396,FARO TECHNOLOGIES INC,COMMON,311642102,404,11239,SH,,DFND,,11239,0,0
397,FEDERAL SIGNAL CORP,COMMON,313855108,891,67161,SH,,DFND,,67161,0,0
398,FEDERATED INVS INC PA,COMMON,314211103,299,10100,SH,,DFND,,10100,0,0
399,FELCOR LODGING TR INC,COMMON,31430F101,3997,621610,SH,,DFND,,621610,0,0
400,F5 NETWORKS INC,COMMON,315616102,7085,56844,SH,,DFND,,56844,0,0
401,FIDELITY NATL INFORMATION SV,COMMON,31620M106,396,5135,SH,,DFND,,5135,0,0
402,FIDELITY NATL INFORMATION SV,OPTION,31620M106,577,7500,SH,Call,DFND,,7500,0,0
403,FIDELITY NATL INFORMATION SV,OPTION,31620M106,1124,14600,SH,Put,DFND,,14600,0,0
404,FIDELITY NATIONAL FINANCIAL,BOND,31620RAE5,72145,35054000,PRN,,DFND,,0,0,0
405,FIFTH THIRD BANCORP,COMMON,316773100,7979,390000,SH,,DFND,,390000,0,0
406,51JOB INC,BOND,316827AC8,4263,4000000,PRN,,DFND,,0,0,0
407,FIREEYE INC,OPTION,31816Q101,192,13000,SH,Put,DFND,,13000,0,0
408,FIRST AMERN FINL CORP,COMMON,31847R102,3608,91854,SH,,DFND,,91854,0,0
409,FIRST BANCORP P R,COMMON,318672706,93,17937,SH,,DFND,,17937,0,0
410,FIRST DATA CORP NEW,COMMON,32008D106,364,27686,SH,,DFND,,27686,0,0
411,FIRST MAJESTIC SILVER CORP,COMMON,32076V103,382,37000,SH,,DFND,,37000,0,0
412,FIRST MIDWEST BANCORP DEL,COMMON,320867104,1651,85327,SH,,DFND,,85327,0,0
413,FIRST SOLAR INC,OPTION,336433107,557,14100,SH,Call,DFND,,14100,0,0
414,FIRST SOLAR INC,OPTION,336433107,585,14800,SH,Put,DFND,,14800,0,0
415,FLAGSTAR BANCORP INC,COMMON,337930705,286,10279,SH,,DFND,,10279,0,0
416,FIRSTENERGY CORP,COMMON,337932107,26878,812513,SH,,DFND,,812513,0,0
417,FIVE9 INC,COMMON,338307101,809,51578,SH,,DFND,,51578,0,0
418,FLEXION THERAPEUTICS INC,COMMON,33938J106,1548,79223,SH,,DFND,,79223,0,0
419,FLOTEK INDS INC DEL,COMMON,343389102,197,13499,SH,,DFND,,13499,0,0
420,FLOWERS FOODS INC,COMMON,343498101,15479,1023750,SH,,DFND,,1023750,0,0
421,FORD MTR CO DEL,COMMON,345370860,5241,434132,SH,,DFND,,434132,0,0
422,FORMFACTOR INC,COMMON,346375108,1424,131238,SH,,DFND,,131238,0,0
423,FORTINET INC,COMMON,34959E109,700,18958,SH,,DFND,,18958,0,0
424,FORTIVE CORP,COMMON,34959J108,509,10006,SH,,DFND,,10006,0,0
425,FRANCESCAS HLDGS CORP,COMMON,351793104,568,36867,SH,,DFND,,36867,0,0
426,FREEPORT-MCMORAN INC,OPTION,35671D857,187,17300,SH,Call,DFND,,17300,0,0
427,FREEPORT-MCMORAN INC,OPTION,35671D857,178,16300,SH,Put,DFND,,16300,0,0
428,FRONTIER COMMUNICATIONS CORP,COMMON,35906A108,2352,565289,SH,,DFND,,565289,0,0
429,FUTUREFUEL CORPORATION,COMMON,36116M106,277,24524,SH,,DFND,,24524,0,0
430,GNC HLDGS INC,COMMON,36191G107,476,23297,SH,,DFND,,23297,0,0
431,GAIN CAP HLDGS INC,BOND,36268WAB6,34021,35300000,PRN,,DFND,,0,0,0
432,GAMESTOP CORP NEW,OPTION,36467W109,268,9600,SH,Call,DFND,,9600,0,0
433,GAMESTOP CORP NEW,OPTION,36467W109,327,11800,SH,Put,DFND,,11800,0,0
434,GAP INC DEL,COMMON,364760108,409,18403,SH,,DFND,,18403,0,0
435,GARTNER INC,COMMON,366651107,418,4724,SH,,DFND,,4724,0,0
436,GENERAL CABLE CORP DEL NEW,COMMON,369300108,882,58928,SH,,DFND,,58928,0,0
437,GENERAL DYNAMICS CORP,OPTION,369550108,235,1500,SH,Call,DFND,,1500,0,0
438,GENERAL DYNAMICS CORP,OPTION,369550108,562,3600,SH,Put,DFND,,3600,0,0
439,GENERAL ELECTRIC CO,COMMON,369604103,243,8200,SH,,DFND,,8200,0,0
440,GENERAL GROWTH PPTYS INC NEW,COMMON,370023103,8649,313358,SH,,DFND,,313358,0,0
441,GENMARK DIAGNOSTICS INC,COMMON,372309104,391,33112,SH,,DFND,,33112,0,0
442,GERDAU S A,ADR,373737105,2151,790940,SH,,DFND,,790940,0,0
443,GILEAD SCIENCES INC,COMMON,375558103,29239,369554,SH,,DFND,,369554,0,0
444,GILEAD SCIENCES INC,OPTION,375558103,871,11000,SH,Call,DFND,,11000,0,0
445,GILEAD SCIENCES INC,OPTION,375558103,1038,13100,SH,Put,DFND,,13100,0,0
446,GLOBAL BLOOD THERAPEUTICS IN,COMMON,37890U108,483,20926,SH,,DFND,,20926,0,0
447,GLOBAL EAGLE ENTMT INC,COMMON,37951D102,309,37158,SH,,DFND,,37158,0,0
448,GLOBAL BRASS & COPPR HLDGS I,COMMON,37953G103,686,23770,SH,,DFND,,23770,0,0
449,GLOBUS MED INC,COMMON,379577208,3150,139567,SH,,DFND,,139567,0,0
450,GOGO INC,COMMON,38046C109,356,32165,SH,,DFND,,32165,0,0
451,GOGO INC,BOND,38046CAB5,48352,63000000,PRN,,DFND,,0,0,0
452,GOLDMAN SACHS GROUP INC,COMMON,38141G104,1363,8452,SH,,DFND,,8452,0,0
453,GORES HLDGS INC,COMMON,382866101,12943,1198400,SH,,DFND,,1198400,0,0
454,GRAHAM HLDGS CO,COMMON,384637104,1079,2241,SH,,DFND,,2241,0,0
455,GRAN TIERRA ENERGY INC,COMMON,38500T101,944,313554,SH,,DFND,,313554,0,0
456,GRAND CANYON ED INC,COMMON,38526M106,497,12310,SH,,DFND,,12310,0,0
457,GRAPHIC PACKAGING HLDG CO,COMMON,388689101,1807,129123,SH,,DFND,,129123,0,0
458,GRAY TELEVISION INC,COMMON,389375106,186,17908,SH,,DFND,,17908,0,0
459,GREAT SOUTHN BANCORP INC,COMMON,390905107,207,5095,SH,,DFND,,5095,0,0
460,GREAT PLAINS ENERGY INC,COMMON,391164100,21815,799361,SH,,DFND,,799361,0,0
461,GROUP 1 AUTOMOTIVE INC,OPTION,398905109,241,3800,SH,Put,DFND,,3800,0,0
462,GUESS INC,COMMON,401617105,3470,237449,SH,,DFND,,237449,0,0
463,GUIDEWIRE SOFTWARE INC,COMMON,40171V100,3796,63302,SH,,DFND,,63302,0,0
464,GULFPORT ENERGY CORP,COMMON,402635304,17304,612514,SH,,DFND,,612514,0,0
465,H & E EQUIPMENT SERVICES INC,COMMON,404030108,569,33926,SH,,DFND,,33926,0,0
466,HCA HOLDINGS INC,COMMON,40412C101,3329,44018,SH,,DFND,,44018,0,0
467,HC2 HLDGS INC,COMMON,404139107,265,48601,SH,,DFND,,48601,0,0
468,HCP INC,OPTION,40414L109,24668,650000,SH,Call,DFND,,650000,0,0
469,HD SUPPLY HLDGS INC,COMMON,40416M105,1119,35000,SH,,DFND,,35000,0,0
470,HNI CORP,COMMON,404251100,306,7697,SH,,DFND,,7697,0,0
471,HSBC HLDGS PLC,BOND,404280AT6,3015,3000000,PRN,,DFND,,0,0,0
472,HSBC HLDGS PLC,BOND,404280BC2,9975,9500000,PRN,,DFND,,0,0,0
473,HP INC,OPTION,40434L105,687,44300,SH,Call,DFND,,44300,0,0
474,HP INC,OPTION,40434L105,1101,71000,SH,Put,DFND,,71000,0,0
475,HAEMONETICS CORP,COMMON,405024100,2209,61001,SH,,DFND,,61001,0,0
476,HAIN CELESTIAL GROUP INC,COMMON,405217100,5779,162433,SH,,DFND,,162433,0,0
477,HAIN CELESTIAL GROUP INC,OPTION,405217100,10674,300000,SH,Call,DFND,,300000,0,0
478,HALLADOR ENERGY COMPANY,COMMON,40609P105,169,21416,SH,,DFND,,21416,0,0
479,HALLIBURTON CO,OPTION,406216101,1041,23300,SH,Call,DFND,,23300,0,0
480,HALLIBURTON CO,OPTION,406216101,1334,29800,SH,Put,DFND,,29800,0,0
481,HALYARD HEALTH INC,COMMON,40650V100,3809,109899,SH,,DFND,,109899,0,0
482,HANESBRANDS INC,OPTION,410345102,278,10900,SH,Call,DFND,,10900,0,0
483,HANESBRANDS INC,OPTION,410345102,236,9300,SH,Put,DFND,,9300,0,0
484,HARMAN INTL INDS INC,COMMON,413086109,17246,204220,SH,,DFND,,204220,0,0
485,HARMONIC INC,COMMON,413160102,674,113589,SH,,DFND,,113589,0,0
486,HARSCO CORP,COMMON,415864107,1931,194498,SH,,DFND,,194498,0,0
487,HARTFORD FINL SVCS GROUP INC,COMMON,416515104,7105,165923,SH,,DFND,,165923,0,0
488,HEALTHSOUTH CORP,WARRANT,421924127,13664,5693312,SH,,DFND,,5693312,0,0
489,HEADWATERS INC,COMMON,42210P102,226,13351,SH,,DFND,,13351,0,0
490,HECLA MNG CO,COMMON,422704106,5136,901031,SH,,DFND,,901031,0,0
491,HECLA MNG CO,OPTION,422704106,127,22300,SH,Put,DFND,,22300,0,0
492,HELIX ENERGY SOLUTIONS GRP I,COMMON,42330P107,140,17203,SH,,DFND,,17203,0,0
493,HELIX ENERGY SOLUTIONS GRP I,OPTION,42330P107,228,27900,SH,Call,DFND,,27900,0,0
494,HELIX ENERGY SOLUTIONS GRP I,OPTION,42330P107,181,22200,SH,Put,DFND,,22200,0,0
495,HERC HLDGS INC,COMMON,42704L104,1340,39784,SH,,DFND,,39784,0,0
496,HERITAGE INS HLDGS INC,COMMON,42727J102,442,30683,SH,,DFND,,30683,0,0
497,HERON THERAPEUTICS INC,COMMON,427746102,266,15445,SH,,DFND,,15445,0,0
498,HERTZ GLOBAL HLDGS INC,COMMON,42806J106,1074,26740,SH,,DFND,,26740,0,0
499,HEWLETT PACKARD ENTERPRISE C,COMMON,42824C109,25366,1115000,SH,,DFND,,1115000,0,0
500,HEWLETT PACKARD ENTERPRISE C,OPTION,42824C109,25152,1105600,SH,Call,DFND,,1105600,0,0
501,HILL ROM HLDGS INC,COMMON,431475102,13572,218965,SH,,DFND,,218965,0,0
502,HILLENBRAND INC,COMMON,431571108,724,22887,SH,,DFND,,22887,0,0
503,HILLTOP HOLDINGS INC,COMMON,432748101,426,18989,SH,,DFND,,18989,0,0
504,HIMAX TECHNOLOGIES INC,ADR,43289P106,787,91600,SH,,DFND,,91600,0,0
505,HILTON WORLDWIDE HLDGS INC,COMMON,43300A104,8150,355418,SH,,DFND,,355418,0,0
506,HOLLYFRONTIER CORP,COMMON,436106108,589,24059,SH,,DFND,,24059,0,0
507,HOLOGIC INC,COMMON,436440101,39810,1025220,SH,,DFND,,1025220,0,0
508,HOME DEPOT INC,COMMON,437076102,48014,373130,SH,,DFND,,373130,0,0
509,HORMEL FOODS CORP,COMMON,440452100,6827,180000,SH,,DFND,,180000,0,0
510,HUBSPOT INC,COMMON,443573100,3144,54568,SH,,DFND,,54568,0,0
511,HUDBAY MINERALS INC,COMMON,443628102,1300,328700,SH,,DFND,,328700,0,0
512,HUDSON PAC PPTYS INC,COMMON,444097109,5414,164713,SH,,DFND,,164713,0,0
513,HUMANA INC,COMMON,444859102,1946,11000,SH,,DFND,,11000,0,0
514,HUNT J B TRANS SVCS INC,COMMON,445658107,410,5054,SH,,DFND,,5054,0,0
515,HUNTINGTON BANCSHARES INC,COMMON,446150104,3578,362834,SH,,DFND,,362834,0,0
516,HUNTINGTON INGALLS INDS INC,COMMON,446413106,4272,27844,SH,,DFND,,27844,0,0
517,HUNTSMAN CORP,COMMON,447011107,13723,843470,SH,,DFND,,843470,0,0
518,HURON CONSULTING GROUP INC,COMMON,447462102,635,10620,SH,,DFND,,10620,0,0
519,HYSTER YALE MATLS HANDLING I,COMMON,449172105,468,7786,SH,,DFND,,7786,0,0
520,IAC INTERACTIVECORP,OPTION,44919P508,2099,33600,SH,Call,DFND,,33600,0,0
521,IAC INTERACTIVECORP,OPTION,44919P508,2379,38100,SH,Put,DFND,,38100,0,0
522,IGI LABORATORIES INC,BOND,449575AB5,24035,25000000,PRN,,DFND,,0,0,0
523,ITT INC,COMMON,45073V108,2428,67755,SH,,DFND,,67755,0,0
524,IAMGOLD CORP,COMMON,450913108,1124,278200,SH,,DFND,,278200,0,0
525,IAMGOLD CORP,OPTION,450913108,43,10600,SH,Call,DFND,,10600,0,0
526,IAMGOLD CORP,OPTION,450913108,58,14200,SH,Put,DFND,,14200,0,0
527,ICONIX BRAND GROUP INC,COMMON,451055107,126,15560,SH,,DFND,,15560,0,0
528,IDERA PHARMACEUTICALS INC,COMMON,45168K306,109,42273,SH,,DFND,,42273,0,0
529,ILLUMINA INC,COMMON,452327109,364,2006,SH,,DFND,,2006,0,0
530,IMMUNOMEDICS INC,BOND,452907AK4,19152,21343000,PRN,,DFND,,0,0,0
531,IMPERVA INC,COMMON,45321L100,8729,162518,SH,,DFND,,162518,0,0
532,IMPERVA INC,OPTION,45321L100,10742,200000,SH,Put,DFND,,200000,0,0
533,INC RESH HLDGS INC,COMMON,45329R109,2608,58485,SH,,DFND,,58485,0,0
534,INCYTE CORP,COMMON,45337C102,566,6000,SH,,DFND,,6000,0,0
535,INDEPENDENCE RLTY TR INC,COMMON,45378A106,6300,700000,SH,,DFND,,700000,0,0
536,INDEPENDENT BK GROUP INC,COMMON,45384B106,406,9199,SH,,DFND,,9199,0,0
537,INFINERA CORPORATION,OPTION,45667G103,115,12800,SH,Call,DFND,,12800,0,0
538,INFOSYS LTD,ADR,456788108,284,18000,SH,,DFND,,18000,0,0
539,INGRAM MICRO INC,COMMON,457153104,18823,527842,SH,,DFND,,527842,0,0
540,INSMED INC,COMMON,457669307,153,10549,SH,,DFND,,10549,0,0
541,INNOSPEC INC,COMMON,45768S105,248,4074,SH,,DFND,,4074,0,0
542,INPHI CORP,COMMON,45772F107,3091,71039,SH,,DFND,,71039,0,0
543,INNOPHOS HOLDINGS INC,COMMON,45774N108,1052,26965,SH,,DFND,,26965,0,0
544,INOTEK PHARMACEUTICALS CORP,COMMON,45780V102,305,32119,SH,,DFND,,32119,0,0
545,INNOVIVA INC,COMMON,45781M101,1366,124304,SH,,DFND,,124304,0,0
546,INTEGRA LIFESCIENCES HLDGS C,COMMON,457985208,336,4070,SH,,DFND,,4070,0,0
547,INTEL CORP,COMMON,458140100,1910,50618,SH,,DFND,,50618,0,0
548,INTEL CORP,BOND,458140AD2,27665,20034000,PRN,,DFND,,0,0,0
549,INTEGER HLDGS CORP,COMMON,45826H109,908,41869,SH,,DFND,,41869,0,0
550,INTERACTIVE BROKERS GROUP IN,OPTION,45841N107,244,6900,SH,Put,DFND,,6900,0,0
551,INTERDIGITAL INC,BOND,458660AD9,6724,5500000,PRN,,DFND,,0,0,0
552,INTERCONTINENTAL EXCHANGE IN,COMMON,45866F104,3566,13240,SH,,DFND,,13240,0,0
553,INTERDIGITAL INC,OPTION,45867G101,278,3500,SH,Call,DFND,,3500,0,0
554,INTERDIGITAL INC,OPTION,45867G101,349,4400,SH,Put,DFND,,4400,0,0
555,INTERNATIONAL BANCSHARES COR,COMMON,459044103,361,12091,SH,,DFND,,12091,0,0
556,INTL PAPER CO,COMMON,460146103,1878,39141,SH,,DFND,,39141,0,0
557,INTERNATIONAL SPEEDWAY CORP,COMMON,460335201,288,8623,SH,,DFND,,8623,0,0
558,INTERPUBLIC GROUP COS INC,COMMON,460690100,3831,171403,SH,,DFND,,171403,0,0
559,INTERSIL CORP,COMMON,46069S109,2232,101800,SH,,DFND,,101800,0,0
560,INTERVAL LEISURE GROUP INC,COMMON,46113M108,174,10152,SH,,DFND,,10152,0,0
561,INTERVAL LEISURE GROUP INC,OPTION,46113M108,504,29400,SH,Call,DFND,,29400,0,0
562,INTERVAL LEISURE GROUP INC,OPTION,46113M108,636,37000,SH,Put,DFND,,37000,0,0
563,INTRALINKS HLDGS INC,COMMON,46118H104,639,63495,SH,,DFND,,63495,0,0
564,INVENSENSE INC,COMMON,46123D205,109,14691,SH,,DFND,,14691,0,0
565,IONIS PHARMACEUTICALS INC,COMMON,462222100,3133,85500,SH,,DFND,,85500,0,0
566,ISHARES TR,COMMON,464287432,4125,30000,SH,,DFND,,30000,0,0
567,ISHARES TR,OPTION,464287655,74526,600000,SH,Call,DFND,,600000,0,0
568,ISHARES TR,OPTION,464287655,62105,500000,SH,Put,DFND,,500000,0,0
569,ITAU UNIBANCO HLDG SA,ADR,465562106,672,61413,SH,,DFND,,61413,0,0
570,ITC HLDGS CORP,COMMON,465685105,19814,426286,SH,,DFND,,426286,0,0
571,JABIL CIRCUIT INC,COMMON,466313103,7813,358083,SH,,DFND,,358083,0,0
572,JETBLUE AIRWAYS CORP,COMMON,477143101,4115,238751,SH,,DFND,,238751,0,0
573,JOHNSON & JOHNSON,COMMON,478160104,14171,119962,SH,,DFND,,119962,0,0
574,JOHNSON & JOHNSON,OPTION,478160104,284,2400,SH,Call,DFND,,2400,0,0
575,JOHNSON & JOHNSON,OPTION,478160104,960,8100,SH,Put,DFND,,8100,0,0
576,JONES ENERGY INC,COMMON,48019R108,372,104612,SH,,DFND,,104612,0,0
577,J2 GLOBAL INC,COMMON,48123V102,12644,189820,SH,,DFND,,189820,0,0
578,JUNIPER NETWORKS INC,COMMON,48203R104,21197,881025,SH,,DFND,,881025,0,0
579,KBR INC,COMMON,48242W106,1979,130793,SH,,DFND,,130793,0,0
580,KLA-TENCOR CORP,COMMON,482480100,439,6300,SH,,DFND,,6300,0,0
581,KMG CHEMICALS INC,COMMON,482564101,360,12692,SH,,DFND,,12692,0,0
582,KANSAS CITY SOUTHERN,COMMON,485170302,2878,30846,SH,,DFND,,30846,0,0
583,KARYOPHARM THERAPEUTICS INC,COMMON,48576U106,188,19280,SH,,DFND,,19280,0,0
584,KATE SPADE & CO,COMMON,485865109,5968,348354,SH,,DFND,,348354,0,0
585,KATE SPADE & CO,OPTION,485865109,1841,107500,SH,Call,DFND,,107500,0,0
586,KATE SPADE & CO,OPTION,485865109,2146,125200,SH,Put,DFND,,125200,0,0
587,KENNAMETAL INC,COMMON,489170100,1634,56304,SH,,DFND,,56304,0,0
588,KIMBERLY CLARK CORP,COMMON,494368103,6181,49000,SH,,DFND,,49000,0,0
589,KINDER MORGAN INC DEL,WARRANT,49456B119,165,11000000,SH,,DFND,,11000000,0,0
590,KINROSS GOLD CORP,COMMON,496902404,804,190800,SH,,DFND,,190800,0,0
591,KIRBY CORP,COMMON,497266106,4875,78432,SH,,DFND,,78432,0,0
592,KOHLS CORP,COMMON,500255104,20433,467025,SH,,DFND,,467025,0,0
593,KOHLS CORP,OPTION,500255104,248,5700,SH,Call,DFND,,5700,0,0
594,KOHLS CORP,OPTION,500255104,392,9000,SH,Put,DFND,,9000,0,0
595,KRAFT HEINZ CO,OPTION,500754106,494,5500,SH,Call,DFND,,5500,0,0
596,KRAFT HEINZ CO,OPTION,500754106,877,9800,SH,Put,DFND,,9800,0,0
597,KROGER CO,COMMON,501044101,31754,1069888,SH,,DFND,,1069888,0,0
598,KROGER CO,OPTION,501044101,252,8400,SH,Call,DFND,,8400,0,0
599,KROGER CO,OPTION,501044101,276,9200,SH,Put,DFND,,9200,0,0
600,KULICKE & SOFFA INDS INC,COMMON,501242101,349,27007,SH,,DFND,,27007,0,0
601,L BRANDS INC,COMMON,501797104,626,8860,SH,,DFND,,8860,0,0
602,L BRANDS INC,OPTION,501797104,630,8900,SH,Call,DFND,,8900,0,0
603,L BRANDS INC,OPTION,501797104,658,9300,SH,Put,DFND,,9300,0,0
604,LKQ CORP,COMMON,501889208,651,18362,SH,,DFND,,18362,0,0
605,L-3 COMMUNICATIONS HLDGS INC,COMMON,502424104,1258,8351,SH,,DFND,,8351,0,0
606,LA JOLLA PHARMACEUTICAL CO,COMMON,503459604,818,34374,SH,,DFND,,34374,0,0
607,LA Z BOY INC,COMMON,505336107,355,14442,SH,,DFND,,14442,0,0
608,LAM RESEARCH CORP,COMMON,512807108,2050,21638,SH,,DFND,,21638,0,0
609,LAM RESEARCH CORP,BOND,512807AL2,23128,14500000,PRN,,DFND,,0,0,0
610,LANDCADIA HLDGS INC,UNIT,51476W206,15375,1500000,SH,,DFND,,1500000,0,0
611,LANNET INC,COMMON,516012101,266,10031,SH,,DFND,,10031,0,0
612,LANNET INC,OPTION,516012101,300,11300,SH,Call,DFND,,11300,0,0
613,LANNET INC,OPTION,516012101,427,16100,SH,Put,DFND,,16100,0,0
614,LAUDER ESTEE COS INC,COMMON,518439104,5930,66964,SH,,DFND,,66964,0,0
615,LAYNE CHRISTENSEN CO,BOND,521050AB0,2140,2500000,PRN,,DFND,,0,0,0
616,LAYNE CHRISTENSEN CO,BOND,521050AD6,36640,34500000,PRN,,DFND,,0,0,0
617,LEE ENTERPRISES INC,COMMON,523768109,47,12450,SH,,DFND,,12450,0,0
618,LEGGETT & PLATT INC,COMMON,524660107,861,18875,SH,,DFND,,18875,0,0
619,LEGACY TEX FINL GROUP INC,COMMON,52471Y106,769,24311,SH,,DFND,,24311,0,0
620,LENNAR CORP,COMMON,526057104,724,17108,SH,,DFND,,17108,0,0
621,LEVEL 3 COMMUNICATIONS INC,COMMON,52729N308,3001,64709,SH,,DFND,,64709,0,0
622,LEVEL 3 COMMUNICATIONS INC,OPTION,52729N308,218,4700,SH,Call,DFND,,4700,0,0
623,LEVEL 3 COMMUNICATIONS INC,OPTION,52729N308,320,6900,SH,Put,DFND,,6900,0,0
624,LEXMARK INTL INC,COMMON,529771107,11354,284133,SH,,DFND,,284133,0,0
625,LIBERTY BROADBAND CORP,COMMON,530307305,2287,32000,SH,,DFND,,32000,0,0
626,LIBERTY INTERACTIVE CORP,COMMON,53071M104,4201,209960,SH,,DFND,,209960,0,0
627,LIBERTY PPTY TR,COMMON,531172104,3523,87300,SH,,DFND,,87300,0,0
628,LIBERTY MEDIA CORP DELAWARE,COMMON,531229870,442,15439,SH,,DFND,,15439,0,0
629,LIBERTY TRIPADVISOR HLDGS IN,COMMON,531465102,3237,148125,SH,,DFND,,148125,0,0
630,LIFEPOINT HEALTH INC,COMMON,53219L109,209,3535,SH,,DFND,,3535,0,0
631,LIGAND PHARMACEUTICALS INC,BOND,53220KAD0,36611,25000000,PRN,,DFND,,0,0,0
632,LILLY ELI & CO,COMMON,532457108,452,5640,SH,,DFND,,5640,0,0
633,LILLY ELI & CO,OPTION,532457108,6421,80000,SH,Call,DFND,,80000,0,0
634,LINCOLN NATL CORP IND,COMMON,534187109,2825,60128,SH,,DFND,,60128,0,0
635,LINDBLAD EXPEDITIONS HLDGS I,WARRANT,535219117,440,226550,SH,,DFND,,226550,0,0
636,LINEAR TECHNOLOGY CORP,COMMON,535678106,13340,225000,SH,,DFND,,225000,0,0
637,LINKEDIN CORP,COMMON,53578A108,54829,286884,SH,,DFND,,286884,0,0
638,LIVE NATION ENTERTAINMENT IN,OPTION,538034109,293,10700,SH,Put,DFND,,10700,0,0
639,LOCKHEED MARTIN CORP,COMMON,539830109,572,2387,SH,,DFND,,2387,0,0
640,LOUISIANA PAC CORP,COMMON,546347105,11930,633591,SH,,DFND,,633591,0,0
641,LOWES COS INC,COMMON,548661107,12170,168534,SH,,DFND,,168534,0,0
642,LUMOS NETWORKS CORP,COMMON,550283105,222,15867,SH,,DFND,,15867,0,0
643,MBIA INC,COMMON,55262C100,255,32750,SH,,DFND,,32750,0,0
644,MGIC INVT CORP WIS,OPTION,552848103,97,12100,SH,Put,DFND,,12100,0,0
645,MSG NETWORK INC,OPTION,553573106,266,14300,SH,Call,DFND,,14300,0,0
646,MSG NETWORK INC,OPTION,553573106,216,11600,SH,Put,DFND,,11600,0,0
647,MTS SYS CORP,COMMON,553777103,845,18357,SH,,DFND,,18357,0,0
648,MYR GROUP INC DEL,COMMON,55405W104,234,7783,SH,,DFND,,7783,0,0
649,MACERICH CO,COMMON,554382101,3397,42000,SH,,DFND,,42000,0,0
650,MACYS INC,COMMON,55616P104,28047,756980,SH,,DFND,,756980,0,0
651,MADISON SQUARE GARDEN CO NEW,COMMON,55825T103,666,3930,SH,,DFND,,3930,0,0
652,MAGELLAN HEALTH INC,COMMON,559079207,601,11182,SH,,DFND,,11182,0,0
653,MAGNACHIP SEMICONDUCTOR CORP,COMMON,55933J203,101,12061,SH,,DFND,,12061,0,0
654,MALIBU BOATS INC,COMMON,56117J100,460,30849,SH,,DFND,,30849,0,0
655,MANPOWERGROUP INC,COMMON,56418H100,5623,77825,SH,,DFND,,77825,0,0
656,MANPOWERGROUP INC,OPTION,56418H100,289,4000,SH,Put,DFND,,4000,0,0
657,MARATHON OIL CORP,OPTION,565849106,413,26100,SH,Call,DFND,,26100,0,0
658,MARATHON OIL CORP,OPTION,565849106,426,26900,SH,Put,DFND,,26900,0,0
659,MARATHON PETE CORP,COMMON,56585A102,3777,93034,SH,,DFND,,93034,0,0
660,MARCUS & MILLICHAP INC,COMMON,566324109,453,17323,SH,,DFND,,17323,0,0
661,MARKETAXESS HLDGS INC,COMMON,57060D108,1118,6754,SH,,DFND,,6754,0,0
662,MARSH & MCLENNAN COS INC,COMMON,571748102,1738,25839,SH,,DFND,,25839,0,0
663,MASIMO CORP,COMMON,574795100,2987,50208,SH,,DFND,,50208,0,0
664,MASONITE INTL CORP NEW,COMMON,575385109,5316,85500,SH,,DFND,,85500,0,0
665,MASTEC INC,COMMON,576323109,359,12063,SH,,DFND,,12063,0,0
666,MATRIX SVC CO,COMMON,576853105,631,33646,SH,,DFND,,33646,0,0
667,MATSON INC,COMMON,57686G105,1346,33740,SH,,DFND,,33740,0,0
668,MATTHEWS INTL CORP,COMMON,577128101,341,5604,SH,,DFND,,5604,0,0
669,MCCORMICK & CO INC,OPTION,579780206,240,2400,SH,Put,DFND,,2400,0,0
670,MCDERMOTT INTL INC,COMMON,580037109,985,196643,SH,,DFND,,196643,0,0
671,MCDONALDS CORP,COMMON,580135101,8191,71000,SH,,DFND,,71000,0,0
672,MCDONALDS CORP,OPTION,580135101,451,3900,SH,Call,DFND,,3900,0,0
673,MCDONALDS CORP,OPTION,580135101,857,7400,SH,Put,DFND,,7400,0,0
674,MCGRATH RENTCORP,COMMON,580589109,211,6668,SH,,DFND,,6668,0,0
675,MCKESSON CORP,COMMON,58155Q103,13199,79156,SH,,DFND,,79156,0,0
676,MEAD JOHNSON NUTRITION CO,COMMON,582839106,2528,32000,SH,,DFND,,32000,0,0
677,MEDEQUITIES RLTY TR INC,COMMON,58409L306,2565,218370,SH,,DFND,,218370,0,0
678,MEDICAL PPTYS TRUST INC,COMMON,58463J304,4379,296500,SH,,DFND,,296500,0,0
679,MEETME INC,COMMON,585141104,1710,275819,SH,,DFND,,275819,0,0
680,MEETME INC,OPTION,585141104,155,24900,SH,Call,DFND,,24900,0,0
681,MEETME INC,OPTION,585141104,191,30700,SH,Put,DFND,,30700,0,0
682,MENTOR GRAPHICS CORP,COMMON,587200106,7756,293325,SH,,DFND,,293325,0,0
683,MERCK & CO INC,COMMON,58933Y105,11234,180000,SH,,DFND,,180000,0,0
684,MERCK & CO INC,OPTION,58933Y105,323,5200,SH,Call,DFND,,5200,0,0
685,MERCK & CO INC,OPTION,58933Y105,734,11800,SH,Put,DFND,,11800,0,0
686,MERIT MED SYS INC,COMMON,589889104,401,16522,SH,,DFND,,16522,0,0
687,MERITOR INC,COMMON,59001K100,415,37263,SH,,DFND,,37263,0,0
688,MERRIMACK PHARMACEUTICALS IN,BOND,590328AA8,4291,3500000,PRN,,DFND,,0,0,0
689,META FINL GROUP INC,COMMON,59100U108,457,7552,SH,,DFND,,7552,0,0
690,METALDYNE PERFORMANCE GROUP,COMMON,59116R107,171,10780,SH,,DFND,,10780,0,0
691,METHANEX CORP,COMMON,59151K108,4103,115000,SH,,DFND,,115000,0,0
692,METHANEX CORP,OPTION,59151K108,5352,150000,SH,Call,DFND,,150000,0,0
693,MICHAELS COS INC,COMMON,59408Q106,229,9493,SH,,DFND,,9493,0,0
694,MICROSTRATEGY INC,COMMON,594972408,244,1456,SH,,DFND,,1456,0,0
695,MICROCHIP TECHNOLOGY INC,OPTION,595017104,734,11800,SH,Call,DFND,,11800,0,0
696,MICROCHIP TECHNOLOGY INC,OPTION,595017104,1204,19400,SH,Put,DFND,,19400,0,0
697,MICRON TECHNOLOGY INC,COMMON,595112103,213,12000,SH,,DFND,,12000,0,0
698,MICRON TECHNOLOGY INC,OPTION,595112103,5689,320000,SH,Call,DFND,,320000,0,0
699,MICRON TECHNOLOGY INC,OPTION,595112103,5689,320000,SH,Put,DFND,,320000,0,0
700,MILACRON HLDGS CORP,COMMON,59870L106,240,15032,SH,,DFND,,15032,0,0
701,MILLER HERMAN INC,COMMON,600544100,246,8591,SH,,DFND,,8591,0,0
702,MISTRAS GROUP INC,COMMON,60649T107,215,9144,SH,,DFND,,9144,0,0
703,MITEK SYS INC,COMMON,606710200,218,26363,SH,,DFND,,26363,0,0
704,MITEL NETWORKS CORP,COMMON,60671Q104,1659,225400,SH,,DFND,,225400,0,0
705,MITSUBISHI UFJ FINL GROUP IN,ADR,606822104,894,177000,SH,,DFND,,177000,0,0
706,MOELIS & CO,COMMON,60786M105,829,30805,SH,,DFND,,30805,0,0
707,MOHAWK INDS INC,COMMON,608190104,1487,7422,SH,,DFND,,7422,0,0
708,MOLINA HEALTHCARE INC,COMMON,60855R100,4878,83639,SH,,DFND,,83639,0,0
709,MOLINA HEALTHCARE INC,BOND,60855RAC4,30400,20000000,PRN,,DFND,,0,0,0
710,MOLSON COORS BREWING CO,OPTION,60871R209,16470,150000,SH,Put,DFND,,150000,0,0
711,MONOTYPE IMAGING HOLDINGS IN,COMMON,61022P100,1126,50940,SH,,DFND,,50940,0,0
712,MONSANTO CO NEW,COMMON,61166W101,14471,141592,SH,,DFND,,141592,0,0
713,MONSTER BEVERAGE CORP NEW,COMMON,61174X109,267,1819,SH,,DFND,,1819,0,0
714,MOOG INC,COMMON,615394202,3174,53310,SH,,DFND,,53310,0,0
715,MORNINGSTAR INC,COMMON,617700109,4077,51426,SH,,DFND,,51426,0,0
716,MOVADO GROUP INC,COMMON,624580106,352,16399,SH,,DFND,,16399,0,0
717,MURPHY OIL CORP,OPTION,626717102,465,15300,SH,Call,DFND,,15300,0,0
718,MURPHY OIL CORP,OPTION,626717102,508,16700,SH,Put,DFND,,16700,0,0
719,MYRIAD GENETICS INC,COMMON,62855J104,545,26492,SH,,DFND,,26492,0,0
720,NCI BUILDING SYS INC,COMMON,628852204,857,58717,SH,,DFND,,58717,0,0
721,NIC INC,COMMON,62914B100,437,18610,SH,,DFND,,18610,0,0
722,NMI HLDGS INC,COMMON,629209305,858,112601,SH,,DFND,,112601,0,0
723,NRG ENERGY INC,COMMON,629377508,21455,1913936,SH,,DFND,,1913936,0,0
724,NVR INC,COMMON,62944T105,841,513,SH,,DFND,,513,0,0
725,NANOMETRICS INC,COMMON,630077105,405,18109,SH,,DFND,,18109,0,0
726,NANOSTRING TECHNOLOGIES INC,COMMON,63009R109,325,16246,SH,,DFND,,16246,0,0
727,NANTKWEST INC,COMMON,63016Q102,210,27002,SH,,DFND,,27002,0,0
728,NATERA INC,COMMON,632307104,211,18974,SH,,DFND,,18974,0,0
729,NATIONAL BEVERAGE CORP,COMMON,635017106,389,8838,SH,,DFND,,8838,0,0
730,NATIONAL RETAIL PPTYS INC,COMMON,637417106,1970,38745,SH,,DFND,,38745,0,0
731,NAVIGANT CONSULTING INC,COMMON,63935N107,278,13758,SH,,DFND,,13758,0,0
732,NEFF CORP,COMMON,640094207,475,50000,SH,,DFND,,50000,0,0
733,NEOPHOTONICS CORP,COMMON,64051T100,1069,65415,SH,,DFND,,65415,0,0
734,NETAPP INC,OPTION,64110D104,334,9200,SH,Call,DFND,,9200,0,0
735,NETAPP INC,OPTION,64110D104,409,11300,SH,Put,DFND,,11300,0,0
736,NETFLIX INC,OPTION,64110L106,2987,30300,SH,Call,DFND,,30300,0,0
737,NETFLIX INC,OPTION,64110L106,2957,30000,SH,Put,DFND,,30000,0,0
738,NEUROCRINE BIOSCIENCES INC,COMMON,64125C109,227,4486,SH,,DFND,,4486,0,0
739,NEVSUN RES LTD,COMMON,64156L101,44,14500,SH,,DFND,,14500,0,0
740,NEVRO CORP,COMMON,64157F103,389,3722,SH,,DFND,,3722,0,0
741,NEW YORK CMNTY BANCORP INC,COMMON,649445103,526,37028,SH,,DFND,,37028,0,0
742,NEW YORK TIMES CO,COMMON,650111107,286,23940,SH,,DFND,,23940,0,0
743,NEWELL BRANDS INC,COMMON,651229106,9404,178581,SH,,DFND,,178581,0,0
744,NEWFIELD EXPL CO,COMMON,651290108,337,7766,SH,,DFND,,7766,0,0
745,NEWMONT MINING CORP,COMMON,651639106,21636,550676,SH,,DFND,,550676,0,0
746,NEXSTAR BROADCASTING GROUP I,COMMON,65336K103,7214,125000,SH,,DFND,,125000,0,0
747,NEXEO SOLUTIONS INC,WARRANT,65342H110,350,282249,SH,,DFND,,282250,0,0
748,NIKE INC,COMMON,654106103,2072,39355,SH,,DFND,,39355,0,0
749,NISOURCE INC,COMMON,65473P105,3337,138455,SH,,DFND,,138455,0,0
750,NOBLE ENERGY INC,COMMON,655044105,2492,69711,SH,,DFND,,69711,0,0
751,NORDSTROM INC,OPTION,655664100,255,4900,SH,Call,DFND,,4900,0,0
752,NORDSTROM INC,OPTION,655664100,461,8900,SH,Put,DFND,,8900,0,0
753,NORFOLK SOUTHERN CORP,COMMON,655844108,7280,75000,SH,,DFND,,75000,0,0
754,NORTHERN OIL & GAS INC NEV,COMMON,665531109,1116,416424,SH,,DFND,,416424,0,0
755,NORTHERN TR CORP,COMMON,665859104,200,2935,SH,,DFND,,2935,0,0
756,NORTHWEST NAT GAS CO,COMMON,667655104,382,6356,SH,,DFND,,6356,0,0
757,NOVATEL WIRELESS INC,COMMON,66987M604,34,10686,SH,,DFND,,10686,0,0
758,NOVATEL WIRELESS INC,BOND,66987MAE9,13855,14000000,PRN,,DFND,,0,0,0
759,NOVARTIS A G,ADR,66987V109,3948,50000,SH,,DFND,,50000,0,0
760,NUANCE COMMUNICATIONS INC,COMMON,67020Y100,23122,1594593,SH,,DFND,,1594593,0,0
761,NVIDIA CORP,COMMON,67066G104,1066,15562,SH,,DFND,,15562,0,0
762,NVIDIA CORP,BOND,67066GAC8,443212,130046000,PRN,,DFND,,0,0,0
763,O REILLY AUTOMOTIVE INC NEW,COMMON,67103H107,13865,49497,SH,,DFND,,49497,0,0
764,OSI SYSTEMS INC,COMMON,671044105,736,11265,SH,,DFND,,11265,0,0
765,OASIS PETE INC NEW,OPTION,674215108,432,37800,SH,Call,DFND,,37800,0,0
766,OASIS PETE INC NEW,OPTION,674215108,346,30200,SH,Put,DFND,,30200,0,0
767,OCCIDENTAL PETE CORP DEL,COMMON,674599105,1533,21023,SH,,DFND,,21023,0,0
768,OCLARO INC,COMMON,67555N206,283,33082,SH,,DFND,,33082,0,0
769,OCWEN FINL CORP,COMMON,675746309,525,143125,SH,,DFND,,143125,0,0
770,OFFICE DEPOT INC,COMMON,676220106,12985,3637339,SH,,DFND,,3637339,0,0
771,OLD REP INTL CORP,COMMON,680223104,1760,99866,SH,,DFND,,99866,0,0
772,OLD REP INTL CORP,BOND,680223AH7,49835,41325000,PRN,,DFND,,0,0,0
773,OMNOVA SOLUTIONS INC,COMMON,682129101,421,49797,SH,,DFND,,49797,0,0
774,ON ASSIGNMENT INC,COMMON,682159108,470,12964,SH,,DFND,,12964,0,0
775,ON DECK CAP INC,COMMON,682163100,344,60382,SH,,DFND,,60382,0,0
776,ONCOMED PHARMACEUTICALS INC,COMMON,68234X102,493,43118,SH,,DFND,,43118,0,0
777,OPEN TEXT CORP,COMMON,683715106,512,7900,SH,,DFND,,7900,0,0
778,OPHTHOTECH CORP,COMMON,683745103,227,4925,SH,,DFND,,4925,0,0
779,ORACLE CORP,COMMON,68389X105,30375,773304,SH,,DFND,,773304,0,0
780,ORACLE CORP,OPTION,68389X105,293,7500,SH,Call,DFND,,7500,0,0
781,ORACLE CORP,OPTION,68389X105,562,14300,SH,Put,DFND,,14300,0,0
782,ORASURE TECHNOLOGIES INC,COMMON,68554V108,872,109415,SH,,DFND,,109415,0,0
783,OREXIGEN THERAPEUTICS INC,BOND,686164AB0,2943,10653000,PRN,,DFND,,0,0,0
784,ORMAT TECHNOLOGIES INC,COMMON,686688102,2880,59502,SH,,DFND,,59502,0,0
785,OSHKOSH CORP,COMMON,688239201,998,17813,SH,,DFND,,17813,0,0
786,OVASCIENCE INC,COMMON,69014Q101,350,48866,SH,,DFND,,48866,0,0
787,OVERSEAS SHIPHOLDING GROUP I,COMMON,69036R863,308,29172,SH,,DFND,,29172,0,0
788,OWENS CORNING NEW,COMMON,690742101,15601,292220,SH,,DFND,,292220,0,0
789,OWENS ILL INC,COMMON,690768403,520,28274,SH,,DFND,,28274,0,0
790,PBF ENERGY INC,OPTION,69318G106,396,17500,SH,Put,DFND,,17500,0,0
791,PDL BIOPHARMA INC,COMMON,69329Y104,1590,474610,SH,,DFND,,474610,0,0
792,PNC FINL SVCS GROUP INC,COMMON,693475105,9468,105100,SH,,DFND,,105100,0,0
793,PNC FINL SVCS GROUP INC,WARRANT,693475121,6749,287300,SH,,DFND,,287300,0,0
794,PVH CORP,OPTION,693656100,242,2200,SH,Call,DFND,,2200,0,0
795,PVH CORP,OPTION,693656100,275,2500,SH,Put,DFND,,2500,0,0
796,PTC THERAPEUTICS INC,COMMON,69366J200,382,27239,SH,,DFND,,27239,0,0
797,PTC INC,OPTION,69370C100,252,5700,SH,Put,DFND,,5700,0,0
798,PACIFIC ETHANOL INC,COMMON,69423U305,892,128985,SH,,DFND,,128985,0,0
799,PACIRA PHARMACEUTICALS INC,COMMON,695127100,1912,55872,SH,,DFND,,55872,0,0
800,PAN AMERICAN SILVER CORP,COMMON,697900108,1358,77100,SH,,DFND,,77100,0,0
801,PANERA BREAD CO,COMMON,69840W108,928,4763,SH,,DFND,,4763,0,0
802,PAR PACIFIC HOLDINGS INC,COMMON,69888T207,3339,255254,SH,,DFND,,255254,0,0
803,PARATEK PHARMACEUTICALS INC,COMMON,699374302,501,38503,SH,,DFND,,38503,0,0
804,PARSLEY ENERGY INC,COMMON,701877102,1051,31361,SH,,DFND,,31361,0,0
805,PARTY CITY HOLDCO INC,OPTION,702149105,230,13400,SH,Call,DFND,,13400,0,0
806,PARTY CITY HOLDCO INC,OPTION,702149105,300,17500,SH,Put,DFND,,17500,0,0
807,PATRICK INDS INC,COMMON,703343103,477,7709,SH,,DFND,,7709,0,0
808,PAYCHEX INC,OPTION,704326107,278,4800,SH,Call,DFND,,4800,0,0
809,PAYCHEX INC,OPTION,704326107,574,9900,SH,Put,DFND,,9900,0,0
810,PAYPAL HLDGS INC,OPTION,70450Y103,553,13500,SH,Call,DFND,,13500,0,0
811,PAYPAL HLDGS INC,OPTION,70450Y103,553,13500,SH,Put,DFND,,13500,0,0
812,PENN NATL GAMING INC,COMMON,707569109,1223,90102,SH,,DFND,,90102,0,0
813,PENNEY J C INC,COMMON,708160106,616,66821,SH,,DFND,,66821,0,0
814,PENNEY J C INC,OPTION,708160106,339,36700,SH,Call,DFND,,36700,0,0
815,PENNEY J C INC,OPTION,708160106,178,19300,SH,Put,DFND,,19300,0,0
816,PENSKE AUTOMOTIVE GRP INC,OPTION,70959W103,274,5700,SH,Put,DFND,,5700,0,0
817,PEPSICO INC,OPTION,713448108,632,5800,SH,Call,DFND,,5800,0,0
818,PEPSICO INC,OPTION,713448108,1123,10300,SH,Put,DFND,,10300,0,0
819,PERFORMANCE FOOD GROUP CO,COMMON,71377A103,965,38910,SH,,DFND,,38910,0,0
820,PERFORMANCE SPORTS GROUP LTD,COMMON,71377G100,44,10900,SH,,DFND,,10900,0,0
821,PERNIX THERAPEUTICS HLDGS IN,BOND,71426VAK4,9921,33775000,PRN,,DFND,,0,0,0
822,PETROLEO BRASILEIRO SA PETRO,ADR,71654V101,524,63114,SH,,DFND,,63114,0,0
823,PFIZER INC,COMMON,717081103,254,7500,SH,,DFND,,7500,0,0
824,PFIZER INC,OPTION,717081103,1078,31800,SH,Call,DFND,,31800,0,0
825,PFIZER INC,OPTION,717081103,1801,53100,SH,Put,DFND,,53100,0,0
826,PFSWEB INC,COMMON,717098206,282,31572,SH,,DFND,,31572,0,0
827,PHILIP MORRIS INTL INC,COMMON,718172109,5098,52439,SH,,DFND,,52439,0,0
828,PHOTRONICS INC,COMMON,719405102,159,15428,SH,,DFND,,15428,0,0
829,PHYSICIANS RLTY TR,COMMON,71943U104,6410,297569,SH,,DFND,,297569,0,0
830,PINNACLE FOODS INC DEL,COMMON,72348P104,2458,48996,SH,,DFND,,48996,0,0
831,PIONEER ENERGY SVCS CORP,COMMON,723664108,698,172917,SH,,DFND,,172917,0,0
832,PITNEY BOWES INC,COMMON,724479100,246,13561,SH,,DFND,,13561,0,0
833,PLATFORM SPECIALTY PRODS COR,COMMON,72766Q105,139,17196,SH,,DFND,,17196,0,0
834,PLEXUS CORP,COMMON,729132100,356,7602,SH,,DFND,,7602,0,0
835,PLY GEM HLDGS INC,COMMON,72941W100,650,48657,SH,,DFND,,48657,0,0
836,POLYONE CORP,COMMON,73179P106,830,24573,SH,,DFND,,24573,0,0
837,POPULAR INC,COMMON,733174700,2343,61301,SH,,DFND,,61301,0,0
838,POST HLDGS INC,COMMON,737446104,1585,20544,SH,,DFND,,20544,0,0
839,POST PPTYS INC,COMMON,737464107,4827,73000,SH,,DFND,,73000,0,0
840,PREFERRED BK LOS ANGELES CA,COMMON,740367404,521,14585,SH,,DFND,,14585,0,0
841,PREMIER INC,COMMON,74051N102,624,19288,SH,,DFND,,19288,0,0
842,PRETIUM RES INC,OPTION,74139C102,103,10100,SH,Put,DFND,,10100,0,0
843,PRICELINE GRP INC,COMMON,741503403,5621,3820,SH,,DFND,,3820,0,0
844,PRIMERICA INC,COMMON,74164M108,928,17508,SH,,DFND,,17508,0,0
845,PROASSURANCE CORP,COMMON,74267C106,223,4255,SH,,DFND,,4255,0,0
846,PRIVATEBANCORP INC,COMMON,742962103,27552,600000,SH,,DFND,,600000,0,0
847,PROGENICS PHARMACEUTICALS IN,COMMON,743187106,402,63548,SH,,DFND,,63548,0,0
848,PROGRESS SOFTWARE CORP,COMMON,743312100,455,16747,SH,,DFND,,16747,0,0
849,PROLOGIS INC,COMMON,74340W103,3980,74346,SH,,DFND,,74346,0,0
850,PROTALIX BIOTHERAPEUTICS INC,BOND,74365AAB7,12965,20072000,PRN,,DFND,,0,0,0
851,PUBLIC SVC ENTERPRISE GROUP,COMMON,744573106,17708,422937,SH,,DFND,,422937,0,0
852,PUMA BIOTECHNOLOGY INC,COMMON,74587V107,462,6879,SH,,DFND,,6879,0,0
853,QUAD / GRAPHICS INC,COMMON,747301109,238,8895,SH,,DFND,,8895,0,0
854,QEP RES INC,COMMON,74733V100,8812,451217,SH,,DFND,,451217,0,0
855,QORVO INC,COMMON,74736K101,1095,19631,SH,,DFND,,19631,0,0
856,QUALCOMM INC,OPTION,747525103,1310,19100,SH,Call,DFND,,19100,0,0
857,QUALCOMM INC,OPTION,747525103,9229,134700,SH,Put,DFND,,134700,0,0
858,QUALITY SYS INC,COMMON,747582104,739,65326,SH,,DFND,,65326,0,0
859,QUANEX BUILDING PRODUCTS COR,COMMON,747619104,709,41077,SH,,DFND,,41077,0,0
860,QUANTA SVCS INC,COMMON,74762E102,8721,311579,SH,,DFND,,311579,0,0
861,RPX CORP,COMMON,74972G103,831,77737,SH,,DFND,,77737,0,0
862,RACKSPACE HOSTING INC,COMMON,750086100,11377,359004,SH,,DFND,,359004,0,0
863,RADIAN GROUP INC,COMMON,750236101,347,25563,SH,,DFND,,25563,0,0
864,RADIUS HEALTH INC,COMMON,750469207,487,9000,SH,,DFND,,9000,0,0
865,RADIUS HEALTH INC,OPTION,750469207,2705,50000,SH,Call,DFND,,50000,0,0
866,RAMBUS INC DEL,COMMON,750917106,3996,319676,SH,,DFND,,319676,0,0
867,RALPH LAUREN CORP,COMMON,751212101,2310,22834,SH,,DFND,,22834,0,0
868,RANGE RES CORP,COMMON,75281A109,3622,93487,SH,,DFND,,93487,0,0
869,RAYMOND JAMES FINANCIAL INC,COMMON,754730109,1527,26237,SH,,DFND,,26237,0,0
870,RAYONIER ADVANCED MATLS INC,COMMON,75508B104,1141,85372,SH,,DFND,,85372,0,0
871,RAYTHEON CO,COMMON,755111507,5012,36818,SH,,DFND,,36818,0,0
872,REALOGY HLDGS CORP,COMMON,75605Y106,582,22504,SH,,DFND,,22504,0,0
873,RED HAT INC,COMMON,756577102,5212,64485,SH,,DFND,,64485,0,0
874,REGAL BELOIT CORP,COMMON,758750103,9738,163702,SH,,DFND,,163702,0,0
875,REGENXBIO INC,COMMON,75901B107,258,18359,SH,,DFND,,18359,0,0
876,REGIONAL MGMT CORP,COMMON,75902K106,455,20999,SH,,DFND,,20999,0,0
877,REGULUS THERAPEUTICS INC,COMMON,75915K101,343,104169,SH,,DFND,,104169,0,0
878,REINSURANCE GROUP AMER INC,COMMON,759351604,237,2199,SH,,DFND,,2199,0,0
879,RELIANCE STEEL & ALUMINUM CO,COMMON,759509102,809,11234,SH,,DFND,,11234,0,0
880,REPLIGEN CORP,COMMON,759916109,209,6918,SH,,DFND,,6918,0,0
881,RENT A CTR INC NEW,COMMON,76009N100,445,35212,SH,,DFND,,35212,0,0
882,RESMED INC,COMMON,761152107,1736,26790,SH,,DFND,,26790,0,0
883,RESOLUTE ENERGY CORP,COMMON,76116A306,294,11268,SH,,DFND,,11268,0,0
884,RESOURCES CONNECTION INC,COMMON,76122Q105,405,27066,SH,,DFND,,27066,0,0
885,RETAIL PPTYS AMER INC,COMMON,76131V202,8148,485000,SH,,DFND,,485000,0,0
886,REVANCE THERAPEUTICS INC,COMMON,761330109,339,20904,SH,,DFND,,20904,0,0
887,REXNORD CORP NEW,COMMON,76169B102,1320,61647,SH,,DFND,,61647,0,0
888,REXFORD INDL RLTY INC,COMMON,76169C100,3672,160399,SH,,DFND,,160399,0,0
889,REYNOLDS AMERICAN INC,COMMON,761713106,1105,23434,SH,,DFND,,23434,0,0
890,RICE ENERGY INC,COMMON,762760106,3197,122456,SH,,DFND,,122456,0,0
891,RIGEL PHARMACEUTICALS INC,COMMON,766559603,623,169817,SH,,DFND,,169817,0,0
892,ROADRUNNER TRNSN SVCS HLDG I,COMMON,76973Q105,328,41053,SH,,DFND,,41053,0,0
893,ROCKWELL COLLINS INC,OPTION,774341101,463,5500,SH,Put,DFND,,5500,0,0
894,ROCKWELL MED INC,COMMON,774374102,231,34446,SH,,DFND,,34446,0,0
895,ROGERS CORP,COMMON,775133101,771,12633,SH,,DFND,,12633,0,0
896,ROSS STORES INC,COMMON,778296103,4501,70000,SH,,DFND,,70000,0,0
897,RUBICON PROJ INC,COMMON,78112V102,1266,152927,SH,,DFND,,152927,0,0
898,RUBY TUESDAY INC,COMMON,781182100,645,257895,SH,,DFND,,257895,0,0
899,RUDOLPH TECHNOLOGIES INC,COMMON,781270103,988,55704,SH,,DFND,,55704,0,0
900,RUTHS HOSPITALITY GROUP INC,COMMON,783332109,204,14423,SH,,DFND,,14423,0,0
901,RYDER SYS INC,COMMON,783549108,809,12263,SH,,DFND,,12263,0,0
902,RYERSON HLDG CORP,COMMON,783754104,1044,92392,SH,,DFND,,92392,0,0
903,RYLAND GROUP INC,BOND,783764AQ6,13214,11000000,PRN,,DFND,,0,0,0
904,SBA COMMUNICATIONS CORP,COMMON,78388J106,6514,58080,SH,,DFND,,58080,0,0
905,SL GREEN RLTY CORP,COMMON,78440X101,8076,74706,SH,,DFND,,74706,0,0
906,SM ENERGY CO,COMMON,78454L100,3657,94764,SH,,DFND,,94764,0,0
907,SM ENERGY CO,OPTION,78454L100,370,9600,SH,Call,DFND,,9600,0,0
908,SM ENERGY CO,OPTION,78454L100,428,11100,SH,Put,DFND,,11100,0,0
909,SPDR S&P 500 ETF TR,OPTION,78462F103,16223,75000,SH,Put,DFND,,75000,0,0
910,SPX CORP,COMMON,784635104,780,38725,SH,,DFND,,38725,0,0
911,SPDR GOLD TRUST,OPTION,78463V107,62820,500000,SH,Put,DFND,,500000,0,0
912,SPDR SERIES TRUST,OPTION,78464A730,19230,500000,SH,Put,DFND,,500000,0,0
913,SPX FLOW INC,COMMON,78469X107,465,15034,SH,,DFND,,15034,0,0
914,SABAN CAP ACQUISITION CORP,COMMON,78516C205,17640,1750000,SH,,DFND,,1750000,0,0
915,SABRE CORP,COMMON,78573M104,23533,835089,SH,,DFND,,835089,0,0
916,SAFEGUARD SCIENTIFICS INC,BOND,786449AK4,23645,23210000,PRN,,DFND,,0,0,0
917,ST JUDE MED INC,COMMON,790849103,12005,150512,SH,,DFND,,150512,0,0
918,SALESFORCE COM INC,COMMON,79466L302,10733,150467,SH,,DFND,,150467,0,0
919,SALESFORCE COM INC,BOND,79466LAD6,53906,45000000,PRN,,DFND,,0,0,0
920,SANCHEZ ENERGY CORP,COMMON,79970Y105,977,110537,SH,,DFND,,110537,0,0
921,SANDERSON FARMS INC,COMMON,800013104,9573,99378,SH,,DFND,,99378,0,0
922,SANDY SPRING BANCORP INC,COMMON,800363103,245,8030,SH,,DFND,,8030,0,0
923,SANFILIPPO JOHN B & SON INC,COMMON,800422107,932,18162,SH,,DFND,,18162,0,0
924,SANMINA CORPORATION,COMMON,801056102,1518,53324,SH,,DFND,,53324,0,0
925,SANOFI,COMMON,80105N113,278,1028400,SH,,DFND,,1028400,0,0
926,SANTANDER CONSUMER USA HDG I,COMMON,80283M101,4644,381893,SH,,DFND,,381893,0,0
927,SAREPTA THERAPEUTICS INC,COMMON,803607100,2347,38219,SH,,DFND,,38219,0,0
928,SCHLUMBERGER LTD,COMMON,806857108,3284,41765,SH,,DFND,,41765,0,0
929,SCIENTIFIC GAMES CORP,OPTION,80874P109,345,30600,SH,Call,DFND,,30600,0,0
930,SCIENTIFIC GAMES CORP,OPTION,80874P109,240,21300,SH,Put,DFND,,21300,0,0
931,SEACOR HOLDINGS INC,BOND,81170YAB5,3081,3780000,PRN,,DFND,,0,0,0
932,SEALED AIR CORP NEW,COMMON,81211K100,2675,58377,SH,,DFND,,58377,0,0
933,SELECT SECTOR SPDR TR,OPTION,81369Y605,25090,1300000,SH,Call,DFND,,1300000,0,0
934,SELECT SECTOR SPDR TR,OPTION,81369Y605,2509,130000,SH,Put,DFND,,130000,0,0
935,SEMTECH CORP,COMMON,816850101,2120,76468,SH,,DFND,,76468,0,0
936,SERES THERAPEUTICS INC,COMMON,81750R102,275,22359,SH,,DFND,,22359,0,0
937,SERVICE CORP INTL,COMMON,817565104,4293,161773,SH,,DFND,,161773,0,0
938,SERVICEMASTER GLOBAL HLDGS I,COMMON,81761R109,2223,65976,SH,,DFND,,65976,0,0
939,SHENANDOAH TELECOMMUNICATION,OPTION,82312B106,296,10900,SH,Put,DFND,,10900,0,0
940,SHOPIFY INC,OPTION,82509L107,446,10400,SH,Call,DFND,,10400,0,0
941,SHOPIFY INC,OPTION,82509L107,485,11300,SH,Put,DFND,,11300,0,0
942,SHORETEL INC,COMMON,825211105,567,70936,SH,,DFND,,70936,0,0
943,SIGMA DESIGNS INC,COMMON,826565103,655,84130,SH,,DFND,,84130,0,0
944,SIGNATURE BK NEW YORK N Y,COMMON,82669G104,5648,47690,SH,,DFND,,47690,0,0
945,SILICON LABORATORIES INC,OPTION,826919102,335,5700,SH,Put,DFND,,5700,0,0
946,SILICON GRAPHICS INTL CORP,COMMON,82706L108,8847,1148930,SH,,DFND,,1148930,0,0
947,SILVER STD RES INC,COMMON,82823L106,497,41300,SH,,DFND,,41300,0,0
948,SILVER STD RES INC,OPTION,82823L106,201,16800,SH,Call,DFND,,16800,0,0
949,SILVER STD RES INC,OPTION,82823L106,215,17900,SH,Put,DFND,,17900,0,0
950,SINCLAIR BROADCAST GROUP INC,COMMON,829226109,4196,145290,SH,,DFND,,145290,0,0
951,SIRIUS XM HLDGS INC,COMMON,82968B103,234,56000,SH,,DFND,,56000,0,0
952,SKECHERS U S A INC,COMMON,830566105,8214,358659,SH,,DFND,,358659,0,0
953,SKYWEST INC,COMMON,830879102,1415,53572,SH,,DFND,,53572,0,0
954,SKYWORKS SOLUTIONS INC,OPTION,83088M102,236,3100,SH,Call,DFND,,3100,0,0
955,SKYWORKS SOLUTIONS INC,OPTION,83088M102,298,3900,SH,Put,DFND,,3900,0,0
956,SMITH & WESSON HLDG CORP,COMMON,831756101,2839,106794,SH,,DFND,,106794,0,0
957,SMITH & NEPHEW PLC,ADR,83175M205,28942,882912,SH,,DFND,,882912,0,0
958,SMUCKER J M CO,OPTION,832696405,273,2000,SH,Put,DFND,,2000,0,0
959,SOCIEDAD QUIMICA MINERA DE C,ADR,833635105,2690,100000,SH,,DFND,,100000,0,0
960,SONUS NETWORKS INC,OPTION,835916503,158,20200,SH,Call,DFND,,20200,0,0
961,SONUS NETWORKS INC,OPTION,835916503,103,13300,SH,Put,DFND,,13300,0,0
962,SOUTHWEST GAS CORP,COMMON,844895102,2781,39796,SH,,DFND,,39796,0,0
963,SOUTHWESTERN ENERGY CO,COMMON,845467109,1145,82743,SH,,DFND,,82743,0,0
964,SPARK ENERGY INC,COMMON,846511103,729,25026,SH,,DFND,,25026,0,0
965,SPARTON CORP,COMMON,847235108,236,8965,SH,,DFND,,8965,0,0
966,SPECTRUM PHARMACEUTICALS INC,BOND,84763AAB4,15615,17350000,PRN,,DFND,,0,0,0
967,SPECTRUM BRANDS HLDGS INC,COMMON,84763R101,10422,75689,SH,,DFND,,75689,0,0
968,SPIRIT AEROSYSTEMS HLDGS INC,COMMON,848574109,20975,470907,SH,,DFND,,470907,0,0
969,SPIRIT AIRLS INC,COMMON,848577102,1063,25000,SH,,DFND,,25000,0,0
970,SPIRE INC,COMMON,84857L101,8303,130272,SH,,DFND,,130272,0,0
971,SPIRIT RLTY CAP INC NEW,COMMON,84860W102,11066,830134,SH,,DFND,,830134,0,0
972,SPLUNK INC,COMMON,848637104,526,8961,SH,,DFND,,8961,0,0
973,SPORTSMANS WHSE HLDGS INC,COMMON,84920Y106,1653,157066,SH,,DFND,,157066,0,0
974,SPRINT CORP,COMMON,85207U105,339,51141,SH,,DFND,,51141,0,0
975,SPROUTS FMRS MKT INC,COMMON,85208M102,620,29993,SH,,DFND,,29993,0,0
976,STAMPS COM INC,COMMON,852857200,1012,10713,SH,,DFND,,10713,0,0
977,STAPLES INC,COMMON,855030102,4427,517828,SH,,DFND,,517828,0,0
978,STARBUCKS CORP,COMMON,855244109,13889,256530,SH,,DFND,,256530,0,0
979,STARWOOD PPTY TR INC,BOND,85571BAB1,39312,34819000,PRN,,DFND,,0,0,0
980,STARZ,COMMON,85571Q102,560,17941,SH,,DFND,,17941,0,0
981,STEEL DYNAMICS INC,COMMON,858119100,2132,85324,SH,,DFND,,85324,0,0
982,STONEGATE BK FT LAUDERDALE F,COMMON,861811107,226,6696,SH,,DFND,,6696,0,0
983,STRAYER ED INC,COMMON,863236105,465,9956,SH,,DFND,,9956,0,0
984,STURM RUGER & CO INC,COMMON,864159108,985,17044,SH,,DFND,,17044,0,0
985,SUMITOMO MITSUI FINL GROUP I,ADR,86562M209,945,140000,SH,,DFND,,140000,0,0
986,SUMMIT MATLS INC,COMMON,86614U100,7142,385000,SH,,DFND,,385000,0,0
987,SUN CMNTYS INC,COMMON,866674104,7249,92366,SH,,DFND,,92366,0,0
988,SUNSTONE HOTEL INVS INC NEW,COMMON,867892101,3499,273544,SH,,DFND,,273544,0,0
989,SUNTRUST BKS INC,COMMON,867914103,10441,238391,SH,,DFND,,238391,0,0
990,SUPER MICRO COMPUTER INC,COMMON,86800U104,395,16903,SH,,DFND,,16903,0,0
991,SUPERVALU INC,COMMON,868536103,53,10588,SH,,DFND,,10588,0,0
992,SYKES ENTERPRISES INC,COMMON,871237103,298,10592,SH,,DFND,,10592,0,0
993,SYMANTEC CORP,OPTION,871503108,351,13900,SH,Call,DFND,,13900,0,0
994,SYMANTEC CORP,OPTION,871503108,719,28600,SH,Put,DFND,,28600,0,0
995,SYNCHRONOSS TECHNOLOGIES INC,COMMON,87157B103,365,8886,SH,,DFND,,8886,0,0
996,SYNAPTICS INC,COMMON,87157D109,9532,162714,SH,,DFND,,162714,0,0
997,SYNOPSYS INC,COMMON,871607107,8593,144780,SH,,DFND,,144780,0,0
998,SYNGENTA AG,ADR,87160A100,33288,380000,SH,,DFND,,380000,0,0
999,SYNERGY PHARMACEUTICALS DEL,COMMON,871639308,433,78577,SH,,DFND,,78577,0,0
1000,SYNCHRONY FINL,COMMON,87165B103,14489,517480,SH,,DFND,,517480,0,0
1001,SYSCO CORP,COMMON,871829107,4517,92156,SH,,DFND,,92156,0,0
1002,TCF FINL CORP,COMMON,872275102,4674,322123,SH,,DFND,,322123,0,0
1003,TFS FINL CORP,COMMON,87240R107,699,39264,SH,,DFND,,39264,0,0
1004,TJX COS INC NEW,COMMON,872540109,3924,52488,SH,,DFND,,52488,0,0
1005,T MOBILE US INC,COMMON,872590104,335,7180,SH,,DFND,,7180,0,0
1006,T MOBILE US INC,OPTION,872590104,14016,300000,SH,Call,DFND,,300000,0,0
1007,TRI POINTE GROUP INC,COMMON,87265H109,262,19864,SH,,DFND,,19864,0,0
1008,TTM TECHNOLOGIES INC,COMMON,87305R109,246,21539,SH,,DFND,,21539,0,0
1009,TABLEAU SOFTWARE INC,COMMON,87336U105,3616,65440,SH,,DFND,,65440,0,0
1010,TAILORED BRANDS INC,COMMON,87403A107,1852,118002,SH,,DFND,,118002,0,0
1011,TARGET CORP,COMMON,87612E106,3686,53670,SH,,DFND,,53670,0,0
1012,TARGET CORP,OPTION,87612E106,501,7300,SH,Call,DFND,,7300,0,0
1013,TARGET CORP,OPTION,87612E106,839,12200,SH,Put,DFND,,12200,0,0
1014,TECH DATA CORP,COMMON,878237106,888,10472,SH,,DFND,,10472,0,0
1015,TELEFLEX INC,COMMON,879369106,4366,25984,SH,,DFND,,25984,0,0
1016,TENET HEALTHCARE CORP,COMMON,88033G407,6639,292977,SH,,DFND,,292977,0,0
1017,TENNECO INC,COMMON,880349105,448,7690,SH,,DFND,,7690,0,0
1018,TERRAFORM GLOBAL INC,COMMON,88104M101,938,228100,SH,,DFND,,228100,0,0
1019,TERRAPIN 3 ACQUISITION CORP,COMMON,88104P104,7450,750000,SH,,DFND,,750000,0,0
1020,TERRAPIN 3 ACQUISITION CORP,WARRANT,88104P112,35,195319,SH,,DFND,,195319,0,0
1021,TESORO CORP,COMMON,881609101,1417,17800,SH,,DFND,,17800,0,0
1022,TESLA MTRS INC,OPTION,88160R101,796,3900,SH,Put,DFND,,3900,0,0
1023,TEVA PHARMACEUTICAL INDS LTD,ADR,881624209,17680,384269,SH,,DFND,,384269,0,0
1024,TEVA PHARMACEUTICAL INDS LTD,OPTION,881624209,9202,200000,SH,Put,DFND,,200000,0,0
1025,TETRA TECHNOLOGIES INC DEL,COMMON,88162F105,1854,303452,SH,,DFND,,303452,0,0
1026,TESSERA TECHNOLOGIES INC,COMMON,88164L100,2557,66528,SH,,DFND,,66528,0,0
1027,TETRALOGIC PHARMACEUTICALS C,BOND,88165UAB5,358,4500000,PRN,,DFND,,0,0,0
1028,TEXAS INSTRS INC,OPTION,882508104,631,9000,SH,Call,DFND,,9000,0,0
1029,TEXAS INSTRS INC,OPTION,882508104,1804,25700,SH,Put,DFND,,25700,0,0
1030,TEXAS PAC LD TR,COMMON,882610108,612,2559,SH,,DFND,,2559,0,0
1031,THERAVANCE INC,BOND,88338TAB0,25275,30000000,PRN,,DFND,,0,0,0
1032,3M CO,COMMON,88579Y101,370,2100,SH,,DFND,,2100,0,0
1033,TIFFANY & CO NEW,OPTION,886547108,2151,29600,SH,Call,DFND,,29600,0,0
1034,TIFFANY & CO NEW,OPTION,886547108,2985,41100,SH,Put,DFND,,41100,0,0
1035,TIME INC NEW,COMMON,887228104,559,38580,SH,,DFND,,38580,0,0
1036,TIME WARNER INC,COMMON,887317303,2810,35300,SH,,DFND,,35300,0,0
1037,TIME WARNER INC,OPTION,887317303,344,4300,SH,Call,DFND,,4300,0,0
1038,TIME WARNER INC,OPTION,887317303,552,6900,SH,Put,DFND,,6900,0,0
1039,TIMKEN CO,COMMON,887389104,988,28114,SH,,DFND,,28114,0,0
1040,TIMKENSTEEL CORP,BOND,887399AA1,5546,5000000,PRN,,DFND,,0,0,0
1041,TITAN MACHY INC,BOND,88830RAB7,10694,12200000,PRN,,DFND,,0,0,0
1042,TIVO CORP,COMMON,88870P106,8589,440932,SH,,DFND,,440932,0,0
1043,TORCHMARK CORP,COMMON,891027104,231,3604,SH,,DFND,,3604,0,0
1044,TORO CO,COMMON,891092108,611,13043,SH,,DFND,,13043,0,0
1045,TOWER INTL INC,COMMON,891826109,601,24909,SH,,DFND,,24909,0,0
1046,TOTAL SYS SVCS INC,COMMON,891906109,8616,182747,SH,,DFND,,182747,0,0
1047,TRACTOR SUPPLY CO,COMMON,892356106,2586,38398,SH,,DFND,,38398,0,0
1048,TRACTOR SUPPLY CO,OPTION,892356106,511,7600,SH,Call,DFND,,7600,0,0
1049,TRACTOR SUPPLY CO,OPTION,892356106,450,6700,SH,Put,DFND,,6700,0,0
1050,TRANSALTA CORP,COMMON,89346D107,266,59900,SH,,DFND,,59900,0,0
1051,TRANSUNION,COMMON,89400J107,4116,119310,SH,,DFND,,119310,0,0
1052,TRAVELCENTERS AMER LLC,COMMON,894174101,168,23509,SH,,DFND,,23509,0,0
1053,TREVENA INC,COMMON,89532E109,320,47389,SH,,DFND,,47389,0,0
1054,TRIMAS CORP,COMMON,896215209,512,27516,SH,,DFND,,27516,0,0
1055,TRINITY BIOTECH INVT LTD,BOND,89643QAB4,24217,25375000,PRN,,DFND,,0,0,0
1056,TRIUMPH GROUP INC NEW,COMMON,896818101,723,25942,SH,,DFND,,25942,0,0
1057,TRUEBLUE INC,COMMON,89785X101,925,40847,SH,,DFND,,40847,0,0
1058,TRUSTCO BK CORP N Y,COMMON,898349105,167,23567,SH,,DFND,,23567,0,0
1059,TUPPERWARE BRANDS CORP,COMMON,899896104,338,5168,SH,,DFND,,5168,0,0
1060,TUTOR PERINI CORP,COMMON,901109108,985,45868,SH,,DFND,,45868,0,0
1061,TWENTY FIRST CENTY FOX INC,COMMON,90130A101,1216,50198,SH,,DFND,,50198,0,0
1062,TWENTY FIRST CENTY FOX INC,OPTION,90130A101,226,9300,SH,Put,DFND,,9300,0,0
1063,II VI INC,COMMON,902104108,484,19894,SH,,DFND,,19894,0,0
1064,2U INC,OPTION,90214J101,298,7800,SH,Call,DFND,,7800,0,0
1065,2U INC,OPTION,90214J101,712,18600,SH,Put,DFND,,18600,0,0
1066,TYSON FOODS INC,COMMON,902494103,216,2900,SH,,DFND,,2900,0,0
1067,UDR INC,COMMON,902653104,1979,55000,SH,,DFND,,55000,0,0
1068,UGI CORP NEW,COMMON,902681105,204,4500,SH,,DFND,,4500,0,0
1069,US BANCORP DEL,COMMON,902973304,5962,139000,SH,,DFND,,139000,0,0
1070,USA TECHNOLOGIES INC,COMMON,90328S500,410,73314,SH,,DFND,,73314,0,0
1071,U S CONCRETE INC,COMMON,90333L201,274,5948,SH,,DFND,,5948,0,0
1072,ULTIMATE SOFTWARE GROUP INC,COMMON,90385D107,978,4782,SH,,DFND,,4782,0,0
1073,ULTRATECH INC,COMMON,904034105,663,28714,SH,,DFND,,28714,0,0
1074,UMPQUA HLDGS CORP,COMMON,904214103,802,53305,SH,,DFND,,53305,0,0
1075,UNION BANKSHARES CORP NEW,COMMON,90539J109,619,23103,SH,,DFND,,23103,0,0
1076,UNION PAC CORP,COMMON,907818108,9761,100085,SH,,DFND,,100085,0,0
1077,UNION PAC CORP,OPTION,907818108,322,3300,SH,Call,DFND,,3300,0,0
1078,UNION PAC CORP,OPTION,907818108,389,4000,SH,Put,DFND,,4000,0,0
1079,UNISYS CORP,COMMON,909214306,1219,125218,SH,,DFND,,125218,0,0
1080,UNITED CMNTY BKS BLAIRSVLE G,COMMON,90984P303,659,31330,SH,,DFND,,31330,0,0
1081,UNITED CONTL HLDGS INC,COMMON,910047109,1368,26072,SH,,DFND,,26072,0,0
1082,UNITED TECHNOLOGIES CORP,COMMON,913017109,10369,102066,SH,,DFND,,102066,0,0
1083,UNITED THERAPEUTICS CORP DEL,COMMON,91307C102,10827,91698,SH,,DFND,,91698,0,0
1084,UNIVAR INC,COMMON,91336L107,314,14351,SH,,DFND,,14351,0,0
1085,UNIVERSAL ELECTRS INC,COMMON,913483103,748,10044,SH,,DFND,,10044,0,0
1086,VCA INC,COMMON,918194101,300,4286,SH,,DFND,,4286,0,0
1087,V F CORP,OPTION,918204108,269,4800,SH,Call,DFND,,4800,0,0
1088,V F CORP,OPTION,918204108,425,7600,SH,Put,DFND,,7600,0,0
1089,VWR CORP,COMMON,91843L103,1296,45692,SH,,DFND,,45692,0,0
1090,VALEANT PHARMACEUTICALS INTL,COMMON,91911K102,2043,83200,SH,,DFND,,83200,0,0
1091,VALEANT PHARMACEUTICALS INTL,OPTION,91911K102,298,12200,SH,Call,DFND,,12200,0,0
1092,VALEANT PHARMACEUTICALS INTL,OPTION,91911K102,301,12300,SH,Put,DFND,,12300,0,0
1093,VALERO ENERGY CORP NEW,COMMON,91913Y100,8343,157436,SH,,DFND,,157436,0,0
1094,VALSPAR CORP,COMMON,920355104,26361,248528,SH,,DFND,,248528,0,0
1095,VALVOLINE INC,COMMON,92047W101,2349,100000,SH,,DFND,,100000,0,0
1096,VANDA PHARMACEUTICALS INC,COMMON,921659108,996,59854,SH,,DFND,,59854,0,0
1097,VARIAN MED SYS INC,COMMON,92220P105,392,3934,SH,,DFND,,3934,0,0
1098,VARONIS SYS INC,COMMON,922280102,231,7677,SH,,DFND,,7677,0,0
1099,VASCO DATA SEC INTL INC,COMMON,92230Y104,557,31606,SH,,DFND,,31606,0,0
1100,VECTREN CORP,COMMON,92240G101,5932,118176,SH,,DFND,,118176,0,0
1101,VEEVA SYS INC,COMMON,922475108,213,5155,SH,,DFND,,5155,0,0
1102,VEREIT INC,COMMON,92339V100,5081,489993,SH,,DFND,,489993,0,0
1103,VERIFONE SYS INC,OPTION,92342Y109,201,12800,SH,Call,DFND,,12800,0,0
1104,VERIFONE SYS INC,OPTION,92342Y109,300,19100,SH,Put,DFND,,19100,0,0
1105,VERISIGN INC,COMMON,92343E102,12684,162118,SH,,DFND,,162118,0,0
1106,VERISIGN INC,OPTION,92343E102,383,4900,SH,Call,DFND,,4900,0,0
1107,VERISIGN INC,OPTION,92343E102,345,4400,SH,Put,DFND,,4400,0,0
1108,VERISIGN INC,BOND,92343EAD4,102962,45000000,PRN,,DFND,,0,0,0
1109,VERINT SYS INC,COMMON,92343X100,5962,158425,SH,,DFND,,158425,0,0
1110,VERSARTIS INC,COMMON,92529L102,299,24426,SH,,DFND,,24426,0,0
1111,VERTEX PHARMACEUTICALS INC,COMMON,92532F100,436,5000,SH,,DFND,,5000,0,0
1112,VIACOM INC NEW,COMMON,92553P201,16917,443999,SH,,DFND,,443999,0,0
1113,VIAVI SOLUTIONS INC,COMMON,925550105,195,26375,SH,,DFND,,26375,0,0
1114,VIRTU FINL INC,COMMON,928254101,7966,532164,SH,,DFND,,532164,0,0
1115,VISA INC,OPTION,92826C839,298,3600,SH,Call,DFND,,3600,0,0
1116,VISA INC,OPTION,92826C839,3737,45200,SH,Put,DFND,,45200,0,0
1117,VISTA OUTDOOR INC,COMMON,928377100,2872,72053,SH,,DFND,,72053,0,0
1118,VITAE PHARMACEUTICALS INC,COMMON,92847N103,4206,201043,SH,,DFND,,201043,0,0
1119,VORNADO RLTY TR,COMMON,929042109,10181,100591,SH,,DFND,,100591,0,0
1120,VOYA FINL INC,COMMON,929089100,1193,41384,SH,,DFND,,41384,0,0
1121,WCI CMNTYS INC,COMMON,92923C807,7386,311373,SH,,DFND,,311373,0,0
1122,WABCO HLDGS INC,COMMON,92927K102,4723,41600,SH,,DFND,,41600,0,0
1123,WSFS FINL CORP,COMMON,929328102,385,10548,SH,,DFND,,10548,0,0
1124,WEC ENERGY GROUP INC,COMMON,92939U106,6708,112020,SH,,DFND,,112020,0,0
1125,WABASH NATL CORP,COMMON,929566107,984,69131,SH,,DFND,,69131,0,0
1126,WADDELL & REED FINL INC,COMMON,930059100,703,38655,SH,,DFND,,38655,0,0
1127,WAL-MART STORES INC,COMMON,931142103,11546,160095,SH,,DFND,,160095,0,0
1128,WALGREENS BOOTS ALLIANCE INC,COMMON,931427108,2902,36000,SH,,DFND,,36000,0,0
1129,WASHINGTON PRIME GROUP NEW,COMMON,93964W108,4993,403272,SH,,DFND,,403272,0,0
1130,WATERSTONE FINL INC MD,COMMON,94188P101,221,13045,SH,,DFND,,13045,0,0
1131,WATSCO INC,COMMON,942622200,330,2341,SH,,DFND,,2341,0,0
1132,WEB COM GROUP INC,COMMON,94733A104,1147,66405,SH,,DFND,,66405,0,0
1133,WEBMD HEALTH CORP,COMMON,94770V102,2892,58183,SH,,DFND,,58183,0,0
1134,WELLS FARGO & CO NEW,COMMON,949746101,2691,60771,SH,,DFND,,60771,0,0
1135,WERNER ENTERPRISES INC,COMMON,950755108,933,40100,SH,,DFND,,40100,0,0
1136,WEST PHARMACEUTICAL SVSC INC,COMMON,955306105,232,3120,SH,,DFND,,3120,0,0
1137,WESTAR ENERGY INC,COMMON,95709T100,13728,241900,SH,,DFND,,241900,0,0
1138,WESTERN ALLIANCE BANCORP,COMMON,957638109,7634,203362,SH,,DFND,,203362,0,0
1139,WESTERN DIGITAL CORP,OPTION,958102105,205,3500,SH,Call,DFND,,3500,0,0
1140,WESTERN DIGITAL CORP,OPTION,958102105,410,7000,SH,Put,DFND,,7000,0,0
1141,WESTLAKE CHEM CORP,COMMON,960413102,11519,215300,SH,,DFND,,215300,0,0
1142,WESTMORELAND COAL CO,COMMON,960878106,383,43201,SH,,DFND,,43201,0,0
1143,WESTROCK CO,COMMON,96145D105,7345,151495,SH,,DFND,,151495,0,0
1144,WEYERHAEUSER CO,COMMON,962166104,7517,235335,SH,,DFND,,235335,0,0
1145,WHITEWAVE FOODS CO,COMMON,966244105,12247,225000,SH,,DFND,,225000,0,0
1146,WHITING PETE CORP NEW,OPTION,966387102,475,54400,SH,Call,DFND,,54400,0,0
1147,WHITING PETE CORP NEW,OPTION,966387102,374,42800,SH,Put,DFND,,42800,0,0
1148,WHOLE FOODS MKT INC,COMMON,966837106,2977,105000,SH,,DFND,,105000,0,0
1149,WILLIAMS COS INC DEL,COMMON,969457100,6673,217165,SH,,DFND,,217165,0,0
1150,WINDSTREAM HLDGS INC,OPTION,97382A200,213,21200,SH,Call,DFND,,21200,0,0
1151,WINNEBAGO INDS INC,COMMON,974637100,287,12212,SH,,DFND,,12212,0,0
1152,WINTRUST FINL CORP,COMMON,97650W108,4001,72000,SH,,DFND,,72000,0,0
1153,WIPRO LTD,ADR,97651M109,404,41600,SH,,DFND,,41600,0,0
1154,WOLVERINE WORLD WIDE INC,OPTION,978097103,265,11500,SH,Call,DFND,,11500,0,0
1155,WORKDAY INC,BOND,98138HAD3,32531,25000000,PRN,,DFND,,0,0,0
1156,WORTHINGTON INDS INC,COMMON,981811102,479,9970,SH,,DFND,,9970,0,0
1157,XO GROUP INC,COMMON,983772104,300,15531,SH,,DFND,,15531,0,0
1158,XACTLY CORP,COMMON,98386L101,318,21604,SH,,DFND,,21604,0,0
1159,XILINX INC,BOND,983919AF8,141482,75119000,PRN,,DFND,,0,0,0
1160,XCERRA CORP,COMMON,98400J108,236,38956,SH,,DFND,,38956,0,0
1161,XEROX CORP,COMMON,984121103,4058,400630,SH,,DFND,,400630,0,0
1162,YAMANA GOLD INC,COMMON,98462Y100,149,34597,SH,,DFND,,34597,0,0
1163,YAMANA GOLD INC,OPTION,98462Y100,134,31400,SH,Call,DFND,,31400,0,0
1164,YAMANA GOLD INC,OPTION,98462Y100,174,40300,SH,Put,DFND,,40300,0,0
1165,YELP INC,COMMON,985817105,413,9893,SH,,DFND,,9893,0,0
1166,ZAGG INC,OPTION,98884U108,87,10700,SH,Call,DFND,,10700,0,0
1167,ZAGG INC,OPTION,98884U108,99,12300,SH,Put,DFND,,12300,0,0
1168,ZAYO GROUP HLDGS INC,COMMON,98919V105,282,9485,SH,,DFND,,9485,0,0
1169,ZENDESK INC,COMMON,98936J101,914,29759,SH,,DFND,,29759,0,0
1170,ZILLOW GROUP INC,OPTION,98954M101,734,21300,SH,Call,DFND,,21300,0,0
1171,ZILLOW GROUP INC,OPTION,98954M101,1115,32400,SH,Put,DFND,,32400,0,0
1172,ZILLOW GROUP INC,OPTION,98954M200,1009,29100,SH,Call,DFND,,29100,0,0
1173,ZILLOW GROUP INC,OPTION,98954M200,1078,31100,SH,Put,DFND,,31100,0,0
1174,ZIMMER BIOMET HLDGS INC,COMMON,98956P102,26369,202814,SH,,DFND,,202814,0,0
1175,ZIONS BANCORPORATION,WARRANT,989701115,752,185606,SH,,DFND,,185606,0,0
1176,ZIONS BANCORPORATION,WARRANT,989701131,76,35200,SH,,DFND,,35200,0,0
1177,ALLEGION PUB LTD CO,COMMON,G0176J109,848,12300,SH,,DFND,,12300,0,0
1178,ALLERGAN PLC,COMMON,G0177J108,8186,35543,SH,,DFND,,35543,0,0
1179,ALLERGAN PLC,PREF CONV,G0177J116,36933,45000,SH,,DFND,,45000,0,0
1180,AMBARELLA INC,OPTION,G037AX101,528,7200,SH,Call,DFND,,7200,0,0
1181,AMBARELLA INC,OPTION,G037AX101,649,8800,SH,Put,DFND,,8800,0,0
1182,ASPEN INSURANCE HOLDINGS LTD,COMMON,G05384105,3249,69727,SH,,DFND,,69727,0,0
1183,ARRIS INTL INC,COMMON,G0551A103,2519,88906,SH,,DFND,,88906,0,0
1184,AXOVANT SCIENCES LTD,COMMON,G0750W104,1057,75511,SH,,DFND,,75511,0,0
1185,ACCENTURE PLC IRELAND,COMMON,G1151C101,1258,10297,SH,,DFND,,10297,0,0
1186,BUNGE LIMITED,COMMON,G16962105,10638,179613,SH,,DFND,,179613,0,0
1187,CF CORP,COMMON,G20307123,9792,960000,SH,,DFND,,960000,0,0
1188,CREDICORP LTD,COMMON,G2519Y108,232,1524,SH,,DFND,,1524,0,0
1189,COSAN LTD,COMMON,G25343107,3580,500658,SH,,DFND,,500658,0,0
1190,COCA COLA EUROPEAN PARTNERS,COMMON,G25839104,10808,270879,SH,,DFND,,270879,0,0
1191,DELPHI AUTOMOTIVE PLC,COMMON,G27823106,571,8000,SH,,DFND,,8000,0,0
1192,DOUBLE EAGLE ACQUISITION COR,WARRANT,G28195116,860,2150000,SH,,DFND,,2150000,0,0
1193,DOUBLE EAGLE ACQUISITION COR,COMMON,G28195124,21299,2151400,SH,,DFND,,2151400,0,0
1194,EATON CORP PLC,COMMON,G29183103,3808,57955,SH,,DFND,,57955,0,0
1195,EATON CORP PLC,OPTION,G29183103,204,3100,SH,Put,DFND,,3100,0,0
1196,ENDO INTL PLC,COMMON,G30401106,17949,890749,SH,,DFND,,890749,0,0
1197,ENSCO PLC,COMMON,G3157S106,5948,699698,SH,,DFND,,699698,0,0
1198,EVEREST RE GROUP LTD,COMMON,G3223R108,5468,28789,SH,,DFND,,28789,0,0
1199,FABRINET,COMMON,G3323L100,241,5420,SH,,DFND,,5420,0,0
1200,FERROGLOBE PLC,COMMON,G33856108,923,102303,SH,,DFND,,102303,0,0
1201,GP INVTS ACQUISITION COR,COMMON,G40357124,10647,1086409,SH,,DFND,,1086409,0,0
1202,HELEN OF TROY CORP LTD,COMMON,G4388N106,484,5613,SH,,DFND,,5613,0,0
1203,HOLLYSYS AUTOMATION TECHNOLO,COMMON,G45667105,390,17574,SH,,DFND,,17574,0,0
1204,HORIZON PHARMA PLC,COMMON,G4617B105,7128,393191,SH,,DFND,,393191,0,0
1205,WEATHERFORD INTL PLC,COMMON,G48833100,1321,235105,SH,,DFND,,235105,0,0
1206,INVESCO LTD,OPTION,G491BT108,3127,100000,SH,Put,DFND,,100000,0,0
1207,JAMES RIV GROUP LTD,COMMON,G5005R107,764,21102,SH,,DFND,,21102,0,0
1208,JAZZ PHARMACEUTICALS PLC,COMMON,G50871105,329,2709,SH,,DFND,,2709,0,0
1209,LIBERTY GLOBAL PLC,OPTION,G5480U104,819,24000,SH,Call,DFND,,24000,0,0
1210,LIBERTY GLOBAL PLC,OPTION,G5480U104,860,25200,SH,Put,DFND,,25200,0,0
1211,LIBERTY GLOBAL PLC,COMMON,G5480U138,6484,235000,SH,,DFND,,235000,0,0
1212,LUXOFT HLDG INC,COMMON,G57279104,303,5724,SH,,DFND,,5724,0,0
1213,MAIDEN HOLDINGS LTD,COMMON,G5753U112,1583,124789,SH,,DFND,,124789,0,0
1214,NOBLE CORP PLC,OPTION,G65431101,239,37900,SH,Call,DFND,,37900,0,0
1215,NOBLE CORP PLC,OPTION,G65431101,260,41000,SH,Put,DFND,,41000,0,0
1216,NOMAD HLDGS LTD,COMMON,G6564A105,697,58925,SH,,DFND,,58925,0,0
1217,NORWEGIAN CRUISE LINE HLDGS,COMMON,G66721104,374,9917,SH,,DFND,,9917,0,0
1218,PACE HLDGS CORP,COMMON,G6865N103,32232,3275589,SH,,DFND,,3275589,0,0
1219,PACE HLDGS CORP,WARRANT,G6865N111,1296,3085589,SH,,DFND,,3085589,0,0
1220,RENAISSANCERE HOLDINGS LTD,COMMON,G7496G103,5107,42500,SH,,DFND,,42500,0,0
1221,ROWAN COMPANIES PLC,COMMON,G7665A101,635,41881,SH,,DFND,,41881,0,0
1222,SEADRILL LIMITED,OPTION,G7945E105,1039,438500,SH,Put,DFND,,438500,0,0
1223,SEAGATE TECHNOLOGY PLC,COMMON,G7945M107,496,12864,SH,,DFND,,12864,0,0
1224,SEAGATE TECHNOLOGY PLC,OPTION,G7945M107,201,5100,SH,Call,DFND,,5100,0,0
1225,SEAGATE TECHNOLOGY PLC,OPTION,G7945M107,241,6200,SH,Put,DFND,,6200,0,0
1226,SHIP FINANCE INTERNATIONAL L,BOND,G81075AE6,31102,28500000,PRN,,DFND,,0,0,0
1227,SIGNET JEWELERS LIMITED,COMMON,G81276100,374,5015,SH,,DFND,,5015,0,0
1228,SIGNET JEWELERS LIMITED,OPTION,G81276100,477,6400,SH,Call,DFND,,6400,0,0
1229,SIGNET JEWELERS LIMITED,OPTION,G81276100,477,6400,SH,Put,DFND,,6400,0,0
1230,SINA CORP,OPTION,G81477104,301,4100,SH,Call,DFND,,4100,0,0
1231,SINA CORP,OPTION,G81477104,621,8400,SH,Put,DFND,,8400,0,0
1232,TEXTAINER GROUP HOLDINGS LTD,COMMON,G8766E109,494,66009,SH,,DFND,,66009,0,0
1233,TSAKOS ENERGY NAVIGATION LTD,COMMON,G9108L108,530,109999,SH,,DFND,,109999,0,0
1234,VALIDUS HOLDINGS LTD,COMMON,G9319H102,5331,107000,SH,,DFND,,107000,0,0
1235,GOLAR LNG LTD BERMUDA,OPTION,G9456A100,17364,819000,SH,Call,DFND,,819000,0,0
1236,XL GROUP LTD,COMMON,G98294104,6878,204500,SH,,DFND,,204500,0,0
1237,TRANSOCEAN LTD,COMMON,H8817H100,126,11852,SH,,DFND,,11852,0,0
1238,ALTISOURCE PORTFOLIO SOLNS S,COMMON,L0175J104,2467,76138,SH,,DFND,,76138,0,0
1239,TRINSEO S A,COMMON,L9340P101,11490,203140,SH,,DFND,,203140,0,0
1240,CHECK POINT SOFTWARE TECH LT,OPTION,M22465104,606,7800,SH,Call,DFND,,7800,0,0
1241,CHECK POINT SOFTWARE TECH LT,OPTION,M22465104,917,11800,SH,Put,DFND,,11800,0,0
1242,MELLANOX TECHNOLOGIES LTD,COMMON,M51363113,413,9544,SH,,DFND,,9544,0,0
1243,RADWARE LTD,COMMON,M81873107,397,28889,SH,,DFND,,28889,0,0
1244,STRATASYS LTD,COMMON,M85548101,565,23430,SH,,DFND,,23430,0,0
1245,STRATASYS LTD,OPTION,M85548101,200,8300,SH,Put,DFND,,8300,0,0
1246,AERCAP HOLDINGS NV,COMMON,N00985106,340,8819,SH,,DFND,,8819,0,0
1247,CNH INDL N V,COMMON,N20944109,754,105262,SH,,DFND,,105262,0,0
1248,CORE LABORATORIES N V,COMMON,N22717107,920,8185,SH,,DFND,,8185,0,0
1249,FERRARI N V,COMMON,N3167Y103,1037,20000,SH,,DFND,,20000,0,0
1250,FIAT CHRYSLER AUTOMOBILES N,COMMON,N31738102,1280,200000,SH,,DFND,,200000,0,0
1251,INTERXION HOLDING N.V,COMMON,N47279109,13667,377342,SH,,DFND,,377342,0,0
1252,MOBILEYE N V AMSTELVEEN,COMMON,N51488117,635,14908,SH,,DFND,,14908,0,0
1253,MOBILEYE N V AMSTELVEEN,OPTION,N51488117,930,21800,SH,Call,DFND,,21800,0,0
1254,MOBILEYE N V AMSTELVEEN,OPTION,N51488117,1175,27600,SH,Put,DFND,,27600,0,0
1255,PATHEON N V,COMMON,N6865W105,539,18216,SH,,DFND,,18216,0,0
1256,TRONOX LTD,COMMON,Q9235V101,1683,179604,SH,,DFND,,179604,0,0
1257,TRONOX LTD,OPTION,Q9235V101,236,25200,SH,Call,DFND,,25200,0,0
1258,TRONOX LTD,OPTION,Q9235V101,117,12500,SH,Put,DFND,,12500,0,0
1259,PLANET PAYMENT INC,COMMON,U72603118,219,59132,SH,,DFND,,59132,0,0
1260,ARDMORE SHIPPING CORP,COMMON,Y0207T100,219,31107,SH,,DFND,,31107,0,0
1261,COSTAMARE INC,COMMON,Y1771G102,515,56332,SH,,DFND,,56332,0,0
1262,DHT HOLDINGS INC,COMMON,Y2065G121,2356,562326,SH,,DFND,,562326,0,0
1263,DORIAN LPG LTD,COMMON,Y2106R110,122,20302,SH,,DFND,,20302,0,0
1264,FLEX LTD,OPTION,Y2573F102,151,11100,SH,Call,DFND,,11100,0,0
1265,FLEX LTD,OPTION,Y2573F102,228,16800,SH,Put,DFND,,16800,0,0
1266,GENER8 MARITIME INC,COMMON,Y26889108,112,21794,SH,,DFND,,21794,0,0
1267,SUNEDISON SEMICONDUCTOR LTD,COMMON,Y8213L102,854,75000,SH,,DFND,,75000,0,0
