,NAME OF ISSUER,TITLE OF CLASS,CUSIP,(x$1000),PRN AMT,PRN,CALL,DISCRETION,MANAGER,SOLE,SHARED,NONE
0,ACCO BRANDS CORP,COMMON,00081T108,502,58618,SH,,DFND,,58618,0,0
1,AK STL HLDG CORP,OPTION,001547108,825,300000,SH,Call,DFND,,300000,0,0
2,AMCI ACQUISITION CORP,COMMON,00165R101,9825,1000000,SH,,DFND,,1000000,0,0
3,AMCI ACQUISITION CORP,WARRANT,00165R119,327,1109564,SH,,DFND,,1109564,0,0
4,ANGI HOMESERVICES INC,COMMON,00183L102,2625,170000,SH,,DFND,,170000,0,0
5,AU OPTRONICS CORP,ADR,002255107,76,20693,SH,,DFND,,20693,0,0
6,ABEONA THERAPEUTICS INC,WARRANT,00289Y115,835,250000,SH,,DFND,,250000,0,0
7,ACAMAR PARTNERS ACQSITION CO,UNIT,004285201,15010,1500000,SH,,DFND,,1500000,0,0
8,ACCELERATE DIAGNOSTICS INC,OPTION,00430H102,1482,70500,SH,Put,DFND,,70500,0,0
9,AECOM,COMMON,00766T100,4136,139400,SH,,DFND,,139400,0,0
10,AEGERION PHARMACEUTICALS INC,BOND,00767EAB8,36567,52100000,PRN,,DFND,,0,0,0
11,AEMETIS INC,COMMON,00770K202,0,70768,SH,,DFND,,70768,0,0
12,AEROJET ROCKETDYNE HLDGS INC,BOND,007800AB1,31154,21000000,PRN,,DFND,,0,0,0
13,ADVANCED MICRO DEVICES INC,COMMON,007903107,24740,969438,SH,,DFND,,969438,0,0
14,AGROFRESH SOLUTIONS,WARRANT,00856G117,238,3394416,SH,,DFND,,3394416,0,0
15,AKORN INC,OPTION,009728106,354,100800,SH,Call,DFND,,100800,0,0
16,ALIBABA GROUP HLDG LTD,ADR,01609W102,1837,10067,SH,,DFND,,10067,0,0
17,ALIBABA GROUP HLDG LTD,OPTION,01609W102,5473,30000,SH,Call,DFND,,30000,0,0
18,ALPHABET INC,COMMON,02079K305,12755,10838,SH,,DFND,,10838,0,0
19,ALTA MESA RES INC,COMMON,02133L109,212,800000,SH,,DFND,,800000,0,0
20,ALTABA INC,COMMON,021346101,28425,383500,SH,,DFND,,383500,0,0
21,ALTICE USA INC,COMMON,02156K103,3061,142500,SH,,DFND,,142500,0,0
22,ALTRIA GROUP INC,OPTION,02209S103,60336,1050600,SH,Put,DFND,,1050600,0,0
23,AMERICAN AXLE & MFG HLDGS IN,COMMON,024061103,1598,111648,SH,,DFND,,111648,0,0
24,AMERICAN WOODMARK CORPORATIO,COMMON,030506109,551,6671,SH,,DFND,,6671,0,0
25,APACHE CORP,COMMON,037411105,733,21142,SH,,DFND,,21142,0,0
26,AQUINOX PHARMACEUTICALS INC,COMMON,03842B101,397,147029,SH,,DFND,,147029,0,0
27,ARAMARK,COMMON,03852U106,414,14000,SH,,DFND,,14000,0,0
28,ARCONIC INC,COMMON,03965L100,328,17171,SH,,DFND,,17171,0,0
29,ARES MANAGEMENT CORPORATION,COMMON,03990B101,1857,79990,SH,,DFND,,79990,0,0
30,ARES CAP CORP,BOND,04010LAW3,4966,5000000,PRN,,DFND,,0,0,0
31,ASBURY AUTOMOTIVE GROUP INC,COMMON,043436104,1167,16824,SH,,DFND,,16824,0,0
32,ASHLAND GLOBAL HLDGS INC,COMMON,044186104,14980,191734,SH,,DFND,,191734,0,0
33,ASHLAND GLOBAL HLDGS INC,OPTION,044186104,15626,200000,SH,Put,DFND,,200000,0,0
34,AUTONATION INC,COMMON,05329W102,1115,31213,SH,,DFND,,31213,0,0
35,AVIS BUDGET GROUP INC,COMMON,053774105,1774,50880,SH,,DFND,,50880,0,0
36,B & G FOODS INC NEW,COMMON,05508R106,654,26800,SH,,DFND,,26800,0,0
37,BARCLAYS BK PLC,OPTION,06746P621,19751,675000,SH,Put,DFND,,675000,0,0
38,BED BATH & BEYOND INC,COMMON,075896100,1104,65000,SH,,DFND,,65000,0,0
39,BENITEC BIOPHARMA LTD,ADR,082053307,527,269066,SH,,DFND,,269066,0,0
40,BLACKBERRY LTD,COMMON,09228F103,150,14830,SH,,DFND,,14830,0,0
41,BOXWOOD MERGER CORP,WARRANT,10319T119,120,324859,SH,,DFND,,324859,0,0
42,BRISTOL MYERS SQUIBB CO,OPTION,110122108,4771,100000,SH,Call,DFND,,100000,0,0
43,BRISTOW GROUP INC,BOND,110394AF0,2515,12500000,PRN,,DFND,,0,0,0
44,BROADRIDGE FINL SOLUTIONS IN,COMMON,11133T103,2281,22000,SH,,DFND,,22000,0,0
45,BROADCOM INC,COMMON,11135F101,15101,50219,SH,,DFND,,50219,0,0
46,CBOE GLOBAL MARKETS INC,COMMON,12503M108,239,2500,SH,,DFND,,2500,0,0
47,CF FIN ACQUISITION CORP,COMMON,12528N107,12408,1250000,SH,,DFND,,1250000,0,0
48,CF FIN ACQUISITION CORP,WARRANT,12528N115,567,1273508,SH,,DFND,,1273508,0,0
49,CANADIAN PAC RY LTD,COMMON,13645T100,3090,15000,SH,,DFND,,15000,0,0
50,CARNIVAL PLC,ADR,14365C103,3367,67603,SH,,DFND,,67603,0,0
51,CARRIZO OIL & GAS INC,COMMON,144577103,923,74000,SH,,DFND,,74000,0,0
52,CARVANA CO,OPTION,146869102,16257,280000,SH,Put,DFND,,280000,0,0
53,CELGENE CORP,COMMON,151020104,17648,187065,SH,,DFND,,187065,0,0
54,CELGENE CORP,OPTION,151020104,47170,500000,SH,Call,DFND,,500000,0,0
55,CENTENE CORP DEL,COMMON,15135B101,4167,78478,SH,,DFND,,78478,0,0
56,CENTENE CORP DEL,OPTION,15135B101,1795,33800,SH,Call,DFND,,33800,0,0
57,CENTRAL GARDEN & PET CO,COMMON,153527205,7393,317949,SH,,DFND,,317949,0,0
58,CHARTER COMMUNICATIONS INC N,COMMON,16119P108,5994,17279,SH,,DFND,,17279,0,0
59,CHASERG TECHNLGY ACQUISITN C,COMMON,16166A103,9875,1000000,SH,,DFND,,1000000,0,0
60,CHASERG TECHNLGY ACQUISITN C,WARRANT,16166A111,320,500000,SH,,DFND,,500000,0,0
61,CHESAPEAKE ENERGY CORP,BOND,165167CY1,3706,4000000,PRN,,DFND,,0,0,0
62,CHEVRON CORP NEW,OPTION,166764100,14116,114600,SH,Call,DFND,,114600,0,0
63,CINCINNATI BELL INC NEW,COMMON,171871502,1203,126079,SH,,DFND,,126079,0,0
64,COLONY STARWOOD HOMES,BOND,19625XAB8,8599,7500000,PRN,,DFND,,0,0,0
65,CONDUENT INC,COMMON,206787103,1798,130000,SH,,DFND,,130000,0,0
66,CONTURA ENERGY INC,COMMON,21241B100,58428,1008779,SH,,DFND,,1008779,0,0
67,COTY INC,COMMON,222070203,7015,610000,SH,,DFND,,610000,0,0
68,COTY INC,OPTION,222070203,5520,480000,SH,Put,DFND,,480000,0,0
69,CRESCENT ACQUISITION CORP,UNIT,22564L204,14955,1500000,SH,,DFND,,1500000,0,0
70,CTRIP COM INTL LTD,ADR,22943F100,36945,845620,SH,,DFND,,845620,0,0
71,DFB HEALTHCARE ACQUISTION CO,COMMON,23291E109,19990,1999998,SH,,DFND,,1999998,0,0
72,DFB HEALTHCARE ACQUISTION CO,WARRANT,23291E117,666,666666,SH,,DFND,,666666,0,0
73,DBX ETF TR,OPTION,233051879,5746,200000,SH,Call,DFND,,200000,0,0
74,DEAN FOODS CO NEW,COMMON,242370203,374,123483,SH,,DFND,,123483,0,0
75,DEAN FOODS CO NEW,OPTION,242370203,686,226700,SH,Put,DFND,,226700,0,0
76,DEL FRISCOS RESTAURANT GROUP,COMMON,245077102,3429,535000,SH,,DFND,,535000,0,0
77,DERMIRA INC,OPTION,24983L104,678,50000,SH,Call,DFND,,50000,0,0
78,ASSERTIO THERAPEUTICS INC,BOND,249908AA2,46970,61000000,PRN,,DFND,,0,0,0
79,DEXCOM INC,BOND,252131AF4,17477,13000000,PRN,,DFND,,0,0,0
80,DIAMONDPEAK HLDGS COR,UNIT,25280H209,15010,1500000,SH,,DFND,,1500000,0,0
81,DISH NETWORK CORP,COMMON,25470M109,2594,81850,SH,,DFND,,81850,0,0
82,DOLLAR TREE INC,COMMON,256746108,9737,92694,SH,,DFND,,92694,0,0
83,DOLPHIN ENTMT INC,WARRANT,25686H118,5,110000,SH,,DFND,,110000,0,0
84,DOWDUPONT INC,COMMON,26078J100,4771,89500,SH,,DFND,,89500,0,0
85,DROPBOX INC,COMMON,26210C104,11621,533091,SH,,DFND,,533091,0,0
86,EBAY INC,COMMON,278642103,1486,40000,SH,,DFND,,40000,0,0
87,EBAY INC,OPTION,278642103,7428,200000,SH,Call,DFND,,200000,0,0
88,EMCORE CORP,COMMON,290846203,0,11075,SH,,DFND,,11075,0,0
89,EMERSON ELEC CO,OPTION,291011104,3081,45000,SH,Call,DFND,,45000,0,0
90,EMERSON ELEC CO,OPTION,291011104,1486,21700,SH,Put,DFND,,21700,0,0
91,ENERGIZER HLDGS INC NEW,COMMON,29272W109,4134,92000,SH,,DFND,,92000,0,0
92,EURONET WORLDWIDE INC,COMMON,298736109,3237,22700,SH,,DFND,,22700,0,0
93,F M C CORP,COMMON,302491303,4379,57000,SH,,DFND,,57000,0,0
94,FAR PT ACQUISITION CORP,COMMON,30734W109,14918,1500000,SH,,DFND,,1500000,0,0
95,FAR PT ACQUISITION CORP,WARRANT,30734W117,650,500000,SH,,DFND,,500000,0,0
96,FINTECH ACQUISITION CORP III,COMMON,31811A101,21938,2250000,SH,,DFND,,2250000,0,0
97,FINTECH ACQUISITION CORP III,WARRANT,31811A119,1065,1125000,SH,,DFND,,1125000,0,0
98,FIRST DATA CORP NEW,COMMON,32008D106,11822,450000,SH,,DFND,,450000,0,0
99,FORUM MERGER II CORP,COMMON,34986F103,9905,1000000,SH,,DFND,,1000000,0,0
100,FORUM MERGER II CORP,WARRANT,34986F111,654,1500000,SH,,DFND,,1500000,0,0
101,FREEPORT-MCMORAN INC,COMMON,35671D857,993,77000,SH,,DFND,,77000,0,0
102,GEO GROUP INC NEW,OPTION,36162J106,3852,200600,SH,Put,DFND,,200600,0,0
103,GTY TECHNOLOGY HOLDINGS INC,WARRANT,362409112,807,1275000,SH,,DFND,,1275000,0,0
104,GMS INC,COMMON,36251C103,1512,100000,SH,,DFND,,100000,0,0
105,GS ACQUISITION HLDGS CORP,COMMON,36255F102,22545,2250000,SH,,DFND,,2250000,0,0
106,GS ACQUISITION HLDGS CORP,WARRANT,36255F110,1033,700000,SH,,DFND,,700000,0,0
107,GARRETT MOTION INC,COMMON,366505105,3535,239987,SH,,DFND,,239987,0,0
108,GENFIT S A,ADR,372279109,3660,152500,SH,,DFND,,152500,0,0
109,GLOBAL BLOOD THERAPEUTICS IN,COMMON,37890U108,2117,40000,SH,,DFND,,40000,0,0
110,GOGO INC,COMMON,38046C109,785,175000,SH,,DFND,,175000,0,0
111,GOGO INC,OPTION,38046C109,1796,400000,SH,Call,DFND,,400000,0,0
112,GOGO INC,BOND,38046CAB5,46044,47224000,PRN,,DFND,,0,0,0
113,GORES HOLDINGS III INC,COMMON,38286G109,24700,2500000,SH,,DFND,,2500000,0,0
114,GORES HOLDINGS III INC,WARRANT,38286G117,715,501800,SH,,DFND,,501800,0,0
115,GORES METROPOULOS INC,UNIT,382872208,13630,1335005,SH,,DFND,,1335005,0,0
116,GRAF INDL CORP,WARRANT,384278115,660,2000000,SH,,DFND,,2000000,0,0
117,GREEN PLAINS INC,COMMON,393222104,16511,989872,SH,,DFND,,989872,0,0
118,GREEN PLAINS INC,OPTION,393222104,28356,1700000,SH,Call,DFND,,1700000,0,0
119,GREENTREE HOSPITALTY GROUP L,ADR,39579V100,2144,155000,SH,,DFND,,155000,0,0
120,HDFC BANK LTD,ADR,40415F101,3385,29200,SH,,DFND,,29200,0,0
121,HANESBRANDS INC,COMMON,410345102,322,18000,SH,,DFND,,18000,0,0
122,HOLOGIC INC,COMMON,436440101,6667,137750,SH,,DFND,,137750,0,0
123,HORNBECK OFFSHORE SVCS INC N,COMMON,440543106,164,132648,SH,,DFND,,132648,0,0
124,HOSTESS BRANDS INC,WARRANT,44109J114,11858,9052000,SH,,DFND,,9052000,0,0
125,IPG PHOTONICS CORP,OPTION,44980X109,9107,60000,SH,Call,DFND,,60000,0,0
126,ISTAR INC,OPTION,45031U101,936,111200,SH,Call,DFND,,111200,0,0
127,ISTAR INC,OPTION,45031U101,90,10700,SH,Put,DFND,,10700,0,0
128,ISTAR INC,BOND,45031UCB5,2294,2500000,PRN,,DFND,,0,0,0
129,INFINERA CORPORATION,BOND,45667GAC7,9477,12000000,PRN,,DFND,,0,0,0
130,INOTEK PHARMACEUTICALS CORP,BOND,45780VAB8,7148,7000000,PRN,,DFND,,0,0,0
131,INSEEGO CORP,BOND,45782BAA2,31649,25466000,PRN,,DFND,,0,0,0
132,INSURANCE ACQUISITION CORP,UNIT,457867307,10080,1000000,SH,,DFND,,1000000,0,0
133,INTERDIGITAL INC,BOND,458660AD9,21010,20000000,PRN,,DFND,,0,0,0
134,INTERCONTINENTAL EXCHANGE IN,COMMON,45866F104,259,3400,SH,,DFND,,3400,0,0
135,INVESCO QQQ TR,OPTION,46090E103,53898,300000,SH,Call,DFND,,300000,0,0
136,INVACARE CORP,BOND,461203AF8,15503,17050000,PRN,,DFND,,0,0,0
137,INVACARE CORP,BOND,461203AH4,43775,50138000,PRN,,DFND,,0,0,0
138,INTREXON CORP,OPTION,46122T102,542,103200,SH,Put,DFND,,103200,0,0
139,ISHARES TR,OPTION,464287184,885,20000,SH,Call,DFND,,20000,0,0
140,ISHARES TR,OPTION,464287184,1045,23600,SH,Put,DFND,,23600,0,0
141,ISHARES TR,COMMON,464287432,632,5000,SH,,DFND,,5000,0,0
142,ISHARES TR,OPTION,464287432,5867,46400,SH,Put,DFND,,46400,0,0
143,ISHARES TR,OPTION,464287440,11734,110000,SH,Call,DFND,,110000,0,0
144,ISHARES TR,OPTION,464287440,11734,110000,SH,Put,DFND,,110000,0,0
145,ISHARES TR,OPTION,464287655,153089,1000000,SH,Put,DFND,,1000000,0,0
146,ISHARES TR,OPTION,464288513,43235,500000,SH,Put,DFND,,500000,0,0
147,JELD-WEN HLDG INC,COMMON,47580P103,621,35143,SH,,DFND,,35143,0,0
148,J2 GLOBAL INC,BOND,48123VAC6,26800,20000000,PRN,,DFND,,0,0,0
149,KB FINANCIAL GROUP INC,ADR,48241A105,496,13381,SH,,DFND,,13381,0,0
150,KB FINANCIAL GROUP INC,OPTION,48241A105,1853,50000,SH,Call,DFND,,50000,0,0
151,LG DISPLAY CO LTD,ADR,50186V102,1713,198000,SH,,DFND,,198000,0,0
152,LF CAP ACQUISITION CORP,WARRANT,50200K116,385,1000000,SH,,DFND,,1000000,0,0
153,LAS VEGAS SANDS CORP,COMMON,517834107,15182,249063,SH,,DFND,,249063,0,0
154,LENNAR CORP,COMMON,526057302,2549,65166,SH,,DFND,,65166,0,0
155,LIBERTY MEDIA CORP DELAWARE,COMMON,531229409,229,6000,SH,,DFND,,6000,0,0
156,LIBERTY MEDIA CORP DELAWARE,COMMON,531229607,5736,150000,SH,,DFND,,150000,0,0
157,LIBERTY MEDIA CORP DELAWARE,COMMON,531229854,1170,33370,SH,,DFND,,33370,0,0
158,LIBERTY MEDIA CORP DELAWARE,BOND,531229AB8,30341,27000000,PRN,,DFND,,0,0,0
159,LIBERTY MEDIA CORP DELAWARE,BOND,531229AF9,19158,17000000,PRN,,DFND,,0,0,0
160,LINDBLAD EXPEDITIONS HLDGS I,WARRANT,535219117,10338,2240000,SH,,DFND,,2240000,0,0
161,LIONS GATE ENTMNT CORP,COMMON,535919500,1875,124210,SH,,DFND,,124210,0,0
162,LITHIA MTRS INC,COMMON,536797103,1311,14140,SH,,DFND,,14140,0,0
163,LIVE NATION ENTERTAINMENT IN,COMMON,538034109,10166,159997,SH,,DFND,,159997,0,0
164,LIVENT CORP,COMMON,53814L108,2640,215000,SH,,DFND,,215000,0,0
165,LOGMEIN INC,COMMON,54142L109,1602,20000,SH,,DFND,,20000,0,0
166,LOUISIANA PAC CORP,OPTION,546347105,14145,580200,SH,Put,DFND,,580200,0,0
167,LOWES COS INC,COMMON,548661107,50727,463385,SH,,DFND,,463385,0,0
168,M D C HLDGS INC,OPTION,552676108,15820,544400,SH,Put,DFND,,544400,0,0
169,MDC PARTNERS INC,COMMON,552697104,961,426902,SH,,DFND,,426902,0,0
170,MKS INSTRUMENT INC,COMMON,55306N104,7211,77496,SH,,DFND,,77496,0,0
171,MKS INSTRUMENT INC,OPTION,55306N104,2791,30000,SH,Call,DFND,,30000,0,0
172,MACERICH CO,COMMON,554382101,2168,50000,SH,,DFND,,50000,0,0
173,MADISON SQUARE GARDEN CO NEW,COMMON,55825T103,5569,19000,SH,,DFND,,19000,0,0
174,MADRIGAL PHARMACEUTICALS INC,COMMON,558868105,1253,10000,SH,,DFND,,10000,0,0
175,MAGELLAN HEALTH INC,COMMON,559079207,2966,45000,SH,,DFND,,45000,0,0
176,MAGNOLIA OIL & GAS CORP,WARRANT,559663117,11795,3500000,SH,,DFND,,3500000,0,0
177,MARATHON PETE CORP,COMMON,56585A102,5895,98500,SH,,DFND,,98500,0,0
178,MARRIOTT VACTINS WORLDWID CO,COMMON,57164Y107,4407,47131,SH,,DFND,,47131,0,0
179,MARRIOTT INTL INC NEW,OPTION,571903202,1564,12500,SH,Call,DFND,,12500,0,0
180,MARRIOTT INTL INC NEW,OPTION,571903202,8944,71500,SH,Put,DFND,,71500,0,0
181,MCCLATCHY CO,COMMON,579489303,66,13206,SH,,DFND,,13206,0,0
182,MEDICINES CO,BOND,584688AG0,3788,4500000,PRN,,DFND,,0,0,0
183,MEGALITH FINL ACQUISITION CO,WARRANT,58518F117,173,600000,SH,,DFND,,600000,0,0
184,MELCO RESORTS AND ENTMT LTD,ADR,585464100,15030,665351,SH,,DFND,,665351,0,0
185,MICRON TECHNOLOGY INC,OPTION,595112103,1137,27500,SH,Call,DFND,,27500,0,0
186,MICRON TECHNOLOGY INC,OPTION,595112103,4084,98800,SH,Put,DFND,,98800,0,0
187,MOELIS & CO,COMMON,60786M105,2799,67274,SH,,DFND,,67274,0,0
188,MOLINA HEALTHCARE INC,COMMON,60855R100,2023,14250,SH,,DFND,,14250,0,0
189,MONOCLE ACQUISITION CORP,WARRANT,609754114,270,750000,SH,,DFND,,750000,0,0
190,MOSAIC ACQUISITION CORP,COMMON,61946M100,28710,2849700,SH,,DFND,,2849700,0,0
191,MOSAIC ACQUISITION CORP,WARRANT,61946M118,795,950000,SH,,DFND,,950000,0,0
192,NEBULA ACQUISITION CORP,COMMON,629076100,12984,1300399,SH,,DFND,,1300399,0,0
193,NEBULA ACQUISITION CORP,WARRANT,629076118,398,433333,SH,,DFND,,433333,0,0
194,NII HLDGS INC,COMMON,62913F508,441,225000,SH,,DFND,,225000,0,0
195,NIO INC,ADR,62914V106,834,163400,SH,,DFND,,163400,0,0
196,NRC GROUP HLDGS CORP,WARRANT,629375114,321,399600,SH,,DFND,,399600,0,0
197,NRG ENERGY INC,COMMON,629377508,2549,60000,SH,,DFND,,60000,0,0
198,NRG ENERGY INC,OPTION,629377508,5098,120000,SH,Put,DFND,,120000,0,0
199,NANTHEALTH INC,COMMON,630104107,579,629598,SH,,DFND,,629598,0,0
200,NANTHEALTH INC,BOND,630104AB3,22032,35250000,PRN,,DFND,,0,0,0
201,NETFLIX INC,OPTION,64110L106,5777,16200,SH,Put,DFND,,16200,0,0
202,NETEASE INC,ADR,64110W102,4382,18150,SH,,DFND,,18150,0,0
203,NEWMARK GROUP INC,COMMON,65158N102,1168,140000,SH,,DFND,,140000,0,0
204,NICE SYS INC,BOND,65366HAB9,38157,25000000,PRN,,DFND,,0,0,0
205,NORFOLK SOUTHERN CORP,COMMON,655844108,757,4051,SH,,DFND,,4051,0,0
206,NORFOLK SOUTHERN CORP,OPTION,655844108,8317,44500,SH,Put,DFND,,44500,0,0
207,NOVAVAX INC,BOND,670002AB0,11784,32118000,PRN,,DFND,,0,0,0
208,NOVELION THERAPEUTICS INC,COMMON,67001K202,1165,946842,SH,,DFND,,946842,0,0
209,NUANCE COMMUNICATIONS INC,BOND,67020YAN0,19887,20000000,PRN,,DFND,,0,0,0
210,NVIDIA CORP,COMMON,67066G104,2047,11400,SH,,DFND,,11400,0,0
211,OI S A,ADR,670851500,2508,1334165,SH,,DFND,,1334165,0,0
212,OASIS PETE INC NEW,COMMON,674215108,3039,503066,SH,,DFND,,503066,0,0
213,OASIS PETE INC NEW,OPTION,674215108,1148,190000,SH,Call,DFND,,190000,0,0
214,OASIS PETE INC NEW,BOND,674215AJ7,15914,17000000,PRN,,DFND,,0,0,0
215,OCCIDENTAL PETE CORP,OPTION,674599105,4608,69600,SH,Call,DFND,,69600,0,0
216,OCCIDENTAL PETE CORP,OPTION,674599105,1496,22600,SH,Put,DFND,,22600,0,0
217,ONEMAIN HLDGS INC,COMMON,68268W103,1746,55000,SH,,DFND,,55000,0,0
218,OPKO HEALTH INC,COMMON,68375N103,3954,1514983,SH,,DFND,,1514983,0,0
219,OPKO HEALTH INC,BOND,68375NAD5,17901,19000000,PRN,,DFND,,0,0,0
220,OUTFRONT MEDIA INC,COMMON,69007J106,13247,566105,SH,,DFND,,566105,0,0
221,OWENS CORNING NEW,OPTION,690742101,2120,45000,SH,Call,DFND,,45000,0,0
222,PG&E CORP,OPTION,69331C108,8382,470900,SH,Put,DFND,,470900,0,0
223,PAN AMERICAN SILVER CORP,COMMON,697900108,17554,1324847,SH,,DFND,,1324847,0,0
224,PAYPAL HLDGS INC,COMMON,70450Y103,2031,19562,SH,,DFND,,19562,0,0
225,PHUNWARE INC,COMMON,71948P100,342,25000,SH,,DFND,,25000,0,0
226,PIVOTAL SOFTWARE INC,COMMON,72582H107,21204,1016978,SH,,DFND,,1016978,0,0
227,PIVOTAL ACQUISITION CORP,UNIT,72583A200,10190,1000000,SH,,DFND,,1000000,0,0
228,PROTALIX BIOTHERAPEUTICS INC,BOND,74365AAD3,17624,19407000,PRN,,DFND,,0,0,0
229,PULTE GROUP INC,OPTION,745867101,33552,1200000,SH,Put,DFND,,1200000,0,0
230,Q2 HLDGS INC,BOND,74736LAB5,26188,20000000,PRN,,DFND,,0,0,0
231,RMG ACQUISITION CORP,UNIT,749641205,16134,1609400,SH,,DFND,,1609400,0,0
232,RANGE RES CORP,COMMON,75281A109,778,69228,SH,,DFND,,69228,0,0
233,REALOGY HLDGS CORP,COMMON,75605Y106,2086,183000,SH,,DFND,,183000,0,0
234,RED HAT INC,COMMON,756577102,8222,45000,SH,,DFND,,45000,0,0
235,RESMED INC,COMMON,761152107,2329,22400,SH,,DFND,,22400,0,0
236,RESMED INC,OPTION,761152107,3119,30000,SH,Put,DFND,,30000,0,0
237,RETROPHIN INC,BOND,761299AB2,37739,40000000,PRN,,DFND,,0,0,0
238,RINGCENTRAL INC,BOND,76680RAD9,21375,15000000,PRN,,DFND,,0,0,0
239,SM ENERGY CO,COMMON,78454L100,1922,109900,SH,,DFND,,109900,0,0
240,SPDR S&P 500 ETF TR,COMMON,78462F103,7514,26600,SH,,DFND,,26600,0,0
241,SPDR S&P 500 ETF TR,OPTION,78462F103,18107,64100,SH,Call,DFND,,64100,0,0
242,SPDR GOLD TRUST,OPTION,78463V107,24402,200000,SH,Call,DFND,,200000,0,0
243,SPDR GOLD TRUST,OPTION,78463V107,67105,550000,SH,Put,DFND,,550000,0,0
244,SPDR SERIES TRUST,OPTION,78464A730,4611,150000,SH,Call,DFND,,150000,0,0
245,SPDR SERIES TRUST,OPTION,78464A730,12296,400000,SH,Put,DFND,,400000,0,0
246,SPDR SERIES TRUST,OPTION,78464A870,58851,650000,SH,Put,DFND,,650000,0,0
247,SABAN CAP ACQUISITION CORP,WARRANT,78516C114,13,2260000,SH,,DFND,,2260000,0,0
248,SAEXPLORATION HLDGS INC,COMMON,78636X873,1106,326272,SH,,DFND,,326272,0,0
249,SANOFI,COMMON,80105N113,4333,9608353,SH,,DFND,,9608354,0,0
250,SCHLUMBERGER LTD,OPTION,806857108,8344,191500,SH,Call,DFND,,191500,0,0
251,SCHLUMBERGER LTD,OPTION,806857108,2179,50000,SH,Put,DFND,,50000,0,0
252,SCIENTIFIC GAMES CORP,COMMON,80874P109,1931,94567,SH,,DFND,,94567,0,0
253,SENSEONICS HLDGS INC,BOND,81727UAA3,20170,19000000,PRN,,DFND,,0,0,0
254,SENTINEL ENERGY SVCS INC,COMMON,81728P105,5030,500000,SH,,DFND,,500000,0,0
255,SENTINEL ENERGY SVCS INC,WARRANT,81728P113,2051,2972955,SH,,DFND,,2972955,0,0
256,SERVICE CORP INTL,COMMON,817565104,2861,71254,SH,,DFND,,71254,0,0
257,SHUTTERFLY INC,COMMON,82568P304,2053,50511,SH,,DFND,,50511,0,0
258,SHUTTERFLY INC,OPTION,82568P304,2032,50000,SH,Call,DFND,,50000,0,0
259,SKECHERS U S A INC,OPTION,830566105,3361,100000,SH,Call,DFND,,100000,0,0
260,SNAP ON INC,COMMON,833034101,642,4100,SH,,DFND,,4100,0,0
261,SPARTAN ENERGY ACQUISITON CO,COMMON,846784106,24550,2500000,SH,,DFND,,2500000,0,0
262,SPARTAN ENERGY ACQUISITON CO,WARRANT,846784122,1125,1000000,SH,,DFND,,1000000,0,0
263,SPECTRUM BRANDS HLDGS INC NE,COMMON,84790A105,2427,44305,SH,,DFND,,44305,0,0
264,STANLEY BLACK & DECKER INC,COMMON,854502101,354,2600,SH,,DFND,,2600,0,0
265,SYMANTEC CORP,COMMON,871503108,3334,145000,SH,,DFND,,145000,0,0
266,T MOBILE US INC,COMMON,872590104,15061,217961,SH,,DFND,,217961,0,0
267,TAKE-TWO INTERACTIVE SOFTWAR,COMMON,874054109,8946,94800,SH,,DFND,,94800,0,0
268,TARGET HOSPITALITY CORP,COMMON,87615L107,1449,152500,SH,,DFND,,152500,0,0
269,TARGET HOSPITALITY CORP,WARRANT,87615L115,430,282652,SH,,DFND,,282652,0,0
270,TELIGENT INC NEW,BOND,87960WAA2,12418,18500000,PRN,,DFND,,0,0,0
271,TERADYNE INC,COMMON,880770102,1403,35200,SH,,DFND,,35200,0,0
272,TESLA INC,COMMON,88160R101,8067,28825,SH,,DFND,,28825,0,0
273,TESLA INC,OPTION,88160R101,4057,14500,SH,Put,DFND,,14500,0,0
274,TESLA INC,BOND,88160RAC5,26752,26000000,PRN,,DFND,,0,0,0
275,TORTOISE ACQUISITION CORP,UNIT,89154L209,16677,1665050,SH,,DFND,,1665050,0,0
276,TREEHOUSE FOODS INC,COMMON,89469A104,598,9269,SH,,DFND,,9269,0,0
277,TRINE ACQUISITION CORP,UNIT,89628U207,15038,1500000,SH,,DFND,,1500000,0,0
278,TRINITY BIOTECH INVT LTD,BOND,89643QAB4,20619,26425000,PRN,,DFND,,0,0,0
279,TRINITY MERGER CORP,WARRANT,89653L114,173,525000,SH,,DFND,,525000,0,0
280,TUTOR PERINI CORP,COMMON,901109108,351,20500,SH,,DFND,,20500,0,0
281,TWITTER INC,COMMON,90184L102,25206,766621,SH,,DFND,,766621,0,0
282,U S CONCRETE INC,COMMON,90333L201,592,14295,SH,,DFND,,14295,0,0
283,UNISYS CORP,COMMON,909214306,2949,252739,SH,,DFND,,252739,0,0
284,UNITED MICROELECTRONICS CORP,ADR,910873405,466,247998,SH,,DFND,,247998,0,0
285,UNITED RENTALS INC,COMMON,911363109,15909,139243,SH,,DFND,,139243,0,0
286,UNITED TECHNOLOGIES CORP,COMMON,913017109,7089,55000,SH,,DFND,,55000,0,0
287,UNITI GROUP INC,COMMON,91325V108,4161,371811,SH,,DFND,,371811,0,0
288,UNITI GROUP INC,OPTION,91325V108,4476,400000,SH,Put,DFND,,400000,0,0
289,UNIVERSAL DISPLAY CORP,COMMON,91347P105,12312,80550,SH,,DFND,,80550,0,0
290,VANECK VECTORS ETF TR,OPTION,92189F718,15662,909000,SH,Put,DFND,,909000,0,0
291,VARIAN MED SYS INC,OPTION,92220P105,2267,16000,SH,Put,DFND,,16000,0,0
292,VECTOIQ ACQUISITION CORP,WARRANT,92243N111,432,980700,SH,,DFND,,980700,0,0
293,VERASTEM INC,BOND,92337CAA2,17832,22625000,PRN,,DFND,,0,0,0
294,VIASAT INC,OPTION,92552V100,25056,323300,SH,Put,DFND,,323300,0,0
295,VIAVI SOLUTIONS INC,BOND,925550AB1,11269,10000000,PRN,,DFND,,0,0,0
296,VICOR CORP,COMMON,925815102,5719,184371,SH,,DFND,,184371,0,0
297,VISTRA ENERGY CORP,COMMON,92840M102,6312,242500,SH,,DFND,,242500,0,0
298,VOYA FINL INC,COMMON,929089100,3058,61200,SH,,DFND,,61200,0,0
299,W & T OFFSHORE INC,OPTION,92922P106,2070,300000,SH,Put,DFND,,300000,0,0
300,WABCO HLDGS INC,COMMON,92927K102,3296,25000,SH,,DFND,,25000,0,0
301,WABCO HLDGS INC,OPTION,92927K102,3296,25000,SH,Put,DFND,,25000,0,0
302,WELLCARE HEALTH PLANS INC,COMMON,94946T106,2698,10000,SH,,DFND,,10000,0,0
303,WESTERN DIGITAL CORP,COMMON,958102105,18407,382996,SH,,DFND,,382996,0,0
304,WESTERN DIGITAL CORP,OPTION,958102105,5767,120000,SH,Call,DFND,,120000,0,0
305,WESTLAKE CHEM CORP,OPTION,960413102,2036,30000,SH,Call,DFND,,30000,0,0
306,WHITING PETE CORP NEW,COMMON,966387409,5188,198456,SH,,DFND,,198456,0,0
307,WHITING PETE CORP NEW,BOND,966387AL6,8700,9000000,PRN,,DFND,,0,0,0
308,WILLSCOT CORP,COMMON,971375126,554,50000,SH,,DFND,,50000,0,0
309,WISDOMTREE TR,OPTION,97717W422,863,32800,SH,Put,DFND,,32800,0,0
310,WORLDPAY INC,COMMON,981558109,6810,60000,SH,,DFND,,60000,0,0
311,WPX ENERGY INC,COMMON,98212B103,1210,92300,SH,,DFND,,92300,0,0
312,XPO LOGISTICS INC,COMMON,983793100,537,10000,SH,,DFND,,10000,0,0
313,XEROX CORP,OPTION,984121608,10825,338500,SH,Put,DFND,,338500,0,0
314,YAMANA GOLD INC,COMMON,98462Y100,88,33800,SH,,DFND,,33800,0,0
315,ZAYO GROUP HLDGS INC,COMMON,98919V105,6750,237500,SH,,DFND,,237500,0,0
316,ZAYO GROUP HLDGS INC,OPTION,98919V105,7105,250000,SH,Put,DFND,,250000,0,0
317,ZILLOW GROUP INC,COMMON,98954M101,2430,71069,SH,,DFND,,71069,0,0
318,ZIONS BANCORPORATION N A,OPTION,989701107,28812,634500,SH,Put,DFND,,634500,0,0
319,ZIONS BANCORPORATION N A,WARRANT,989701115,66356,4998600,SH,,DFND,,4998600,0,0
320,ZYNGA INC,COMMON,98986T108,6221,1167150,SH,,DFND,,1167150,0,0
321,AXALTA COATING SYS LTD,COMMON,G0750C108,3008,119300,SH,,DFND,,119300,0,0
322,AXALTA COATING SYS LTD,OPTION,G0750C108,2521,100000,SH,Call,DFND,,100000,0,0
323,BUNGE LIMITED,COMMON,G16962105,9045,170446,SH,,DFND,,170446,0,0
324,BUNGE LIMITED,OPTION,G16962105,5307,100000,SH,Put,DFND,,100000,0,0
325,CAPITOL INVT CORP IV,COMMON,G18920101,15641,1537908,SH,,DFND,,1537908,0,0
326,CAPITOL INVT CORP IV,WARRANT,G18920127,587,433183,SH,,DFND,,433183,0,0
327,COLLIER CREEK HOLDINGS,COMMON,G22707106,12196,1225703,SH,,DFND,,1225703,0,0
328,COLLIER CREEK HOLDINGS,WARRANT,G22707114,523,418112,SH,,DFND,,418112,0,0
329,ENSCO PLC,COMMON,G3157S106,5119,1302499,SH,,DFND,,1302499,0,0
330,ENSCO PLC,OPTION,G3157S106,6288,1600000,SH,Put,DFND,,1600000,0,0
331,ARYA SCIENCES ACQUISITION CO,UNIT,G3165V117,4653,450000,SH,,DFND,,450000,0,0
332,ESTRE AMBIENTAL INC,WARRANT,G3206V118,353,3578100,SH,,DFND,,3578100,0,0
333,HERBALIFE NUTRITION LTD,OPTION,G4412G101,10598,200000,SH,Put,DFND,,200000,0,0
334,LAZARD LTD,COMMON,G54050102,3253,90000,SH,,DFND,,90000,0,0
335,LINDE PLC,COMMON,G5494J103,17925,102335,SH,,DFND,,102335,0,0
336,NABORS INDUSTRIES LTD,COMMON,G6359F103,1112,323294,SH,,DFND,,323294,0,0
337,NEW FRONTIER CORP,COMMON,G6485P108,4950,500000,SH,,DFND,,500000,0,0
338,NEW FRONTIER CORP,WARRANT,G6485P124,560,800000,SH,,DFND,,800000,0,0
339,ONE MADISON CORP,COMMON,G6772P100,12788,1250000,SH,,DFND,,1250000,0,0
340,ONE MADISON CORP,WARRANT,G6772P126,1190,1000000,SH,,DFND,,1000000,0,0
341,QUOTIENT LTD,COMMON,G73268107,21108,2342666,SH,,DFND,,2342666,0,0
342,SINA CORP,OPTION,G81477104,2962,50000,SH,Call,DFND,,50000,0,0
343,SOCIAL CAP HEDOSOPHIA HLDGS,COMMON,G8250R103,15270,1500000,SH,,DFND,,1500000,0,0
344,SOCIAL CAP HEDOSOPHIA HLDGS,WARRANT,G8250R129,955,1224927,SH,,DFND,,1224927,0,0
345,THUNDER BRIDGE ACQUISITION L,WARRANT,G8857R126,533,750000,SH,,DFND,,750000,0,0
346,TPG PACE HLDGS CORP,WARRANT,G89827110,1249,850000,SH,,DFND,,850000,0,0
347,TPG PACE HLDGS CORP,COMMON,G89827128,25575,2500000,SH,,DFND,,2500000,0,0
348,TE CONNECTIVITY LTD,OPTION,H84989104,4037,50000,SH,Call,DFND,,50000,0,0
349,INTELSAT S A,COMMON,L5140P101,5575,356000,SH,,DFND,,356000,0,0
350,INTELSAT S A,OPTION,L5140P101,3132,200000,SH,Call,DFND,,200000,0,0
351,PACIFIC DRILLING SA LUXEMBOU,COMMON,L7257P205,29594,2099506,SH,,DFND,,2099506,0,0
352,MELLANOX TECHNOLOGIES LTD,COMMON,M51363113,7101,60000,SH,,DFND,,60000,0,0
353,MELLANOX TECHNOLOGIES LTD,OPTION,M51363113,11836,100000,SH,Call,DFND,,100000,0,0
