,NAME OF ISSUER,TITLE OF CLASS,CUSIP,(x$1000),PRN AMT,PRN,CALL,DISCRETION,MANAGER,SOLE,SHARED,NONE
0,AFLAC INC,COMMON,001055102,2213,37998,SH,,DFND,,37998,0,0
1,AGCO CORP,COMMON,001084102,239,5268,SH,,DFND,,5268,0,0
2,AGL RES INC,COMMON,001204106,14321,278940,SH,,DFND,,278940,0,0
3,AES CORP,COMMON,00130H105,3567,251555,SH,,DFND,,251555,0,0
4,AK STL HLDG CORP,COMMON,001547108,1983,247535,SH,,DFND,,247535,0,0
5,AK STL HLDG CORP,OPTION,001547108,771,96400,SH,Call,DFND,,96400,0,0
6,AK STL HLDG CORP,OPTION,001547108,585,73200,SH,Put,DFND,,73200,0,0
7,AT&T INC,COMMON,00206R102,35196,998738,SH,,DFND,,998738,0,0
8,AV HOMES INC,BOND,00234PAB8,10987,10590000,PRN,,DFND,,0,0,0
9,AARONS INC,COMMON,002535300,1339,55085,SH,,DFND,,55085,0,0
10,ABBOTT LABS,COMMON,002824100,24877,598140,SH,,DFND,,598140,0,0
11,ABBOTT LABS,OPTION,002824100,699,16800,SH,Call,DFND,,16800,0,0
12,ABBOTT LABS,OPTION,002824100,1377,33100,SH,Put,DFND,,33100,0,0
13,ABBVIE INC,COMMON,00287Y109,39519,684200,SH,,DFND,,684200,0,0
14,ABERCROMBIE & FITCH CO,COMMON,002896207,2751,75698,SH,,DFND,,75698,0,0
15,ABRAXAS PETE CORP,COMMON,003830106,389,73701,SH,,DFND,,73701,0,0
16,ACCELERATE DIAGNOSTICS INC,OPTION,00430H102,208,9700,SH,Put,DFND,,9700,0,0
17,ACCELERON PHARMA INC,COMMON,00434H108,220,7286,SH,,DFND,,7286,0,0
18,ACCELERON PHARMA INC,OPTION,00434H108,765,25300,SH,Call,DFND,,25300,0,0
19,ACCELERON PHARMA INC,OPTION,00434H108,1070,35400,SH,Put,DFND,,35400,0,0
20,ACCURIDE CORP NEW,COMMON,00439T206,250,65801,SH,,DFND,,65801,0,0
21,ACHILLION PHARMACEUTICALS IN,COMMON,00448Q201,513,51453,SH,,DFND,,51453,0,0
22,ACI WORLDWIDE INC,COMMON,004498101,804,42887,SH,,DFND,,42887,0,0
23,ACI WORLDWIDE INC,OPTION,004498101,238,12700,SH,Call,DFND,,12700,0,0
24,ACI WORLDWIDE INC,OPTION,004498101,313,16700,SH,Put,DFND,,16700,0,0
25,ACORDA THERAPEUTICS INC,COMMON,00484M106,777,22918,SH,,DFND,,22918,0,0
26,ACTIVISION BLIZZARD INC,COMMON,00507V109,12680,609946,SH,,DFND,,609946,0,0
27,ACXIOM CORP,COMMON,005125109,1487,89850,SH,,DFND,,89850,0,0
28,AECOM TECHNOLOGY CORP DELAWA,COMMON,00766T100,8956,265375,SH,,DFND,,265375,0,0
29,AEGERION PHARMACEUTICALS INC,OPTION,00767E102,751,22500,SH,Call,DFND,,22500,0,0
30,AEGERION PHARMACEUTICALS INC,OPTION,00767E102,785,23500,SH,Put,DFND,,23500,0,0
31,ADVANCED EMISSIONS SOLUTS IN,COMMON,00770C101,935,43938,SH,,DFND,,43938,0,0
32,AEMETIS INC,COMMON,00770K202,614,70768,SH,,DFND,,70768,0,0
33,AERIE PHARMACEUTICALS INC,COMMON,00771V108,421,20360,SH,,DFND,,20360,0,0
34,AEROHIVE NETWORKS INC,COMMON,007786106,144,17982,SH,,DFND,,17982,0,0
35,AEROPOSTALE,COMMON,007865108,887,269786,SH,,DFND,,269786,0,0
36,ADVANCED ENERGY INDS,COMMON,007973100,312,16609,SH,,DFND,,16609,0,0
37,ADVENT SOFTWARE INC,COMMON,007974108,444,14074,SH,,DFND,,14074,0,0
38,AETNA INC NEW,COMMON,00817Y108,10963,135342,SH,,DFND,,135342,0,0
39,AETNA INC NEW,OPTION,00817Y108,996,12300,SH,Call,DFND,,12300,0,0
40,AETNA INC NEW,OPTION,00817Y108,1142,14100,SH,Put,DFND,,14100,0,0
41,AFFILIATED MANAGERS GROUP,COMMON,008252108,5063,25266,SH,,DFND,,25266,0,0
42,AGILENT TECHNOLOGIES INC,COMMON,00846U101,339,5939,SH,,DFND,,5939,0,0
43,AGENUS INC,COMMON,00847G705,195,62642,SH,,DFND,,62642,0,0
44,AIR LEASE CORP,COMMON,00912X302,4427,136243,SH,,DFND,,136243,0,0
45,AIR TRANSPORT SERVICES GRP I,COMMON,00922R105,261,35824,SH,,DFND,,35824,0,0
46,AKAMAI TECHNOLOGIES INC,COMMON,00971T101,1116,18663,SH,,DFND,,18663,0,0
47,AKORN INC,COMMON,009728106,255,7050,SH,,DFND,,7050,0,0
48,ALBEMARLE CORP,COMMON,012653101,5043,85620,SH,,DFND,,85620,0,0
49,ALERE INC,PREF CONV,01449J204,3730,11500,SH,,DFND,,11500,0,0
50,ALERE INC,BOND,01449JAA3,16286,15392000,PRN,,DFND,,0,0,0
51,ALEXANDRIA REAL ESTATE EQ IN,COMMON,015271109,1030,13967,SH,,DFND,,13967,0,0
52,ALEXION PHARMACEUTICALS INC,COMMON,015351109,994,5996,SH,,DFND,,5996,0,0
53,ALIMERA SCIENCES INC,COMMON,016259103,112,20652,SH,,DFND,,20652,0,0
54,ALLEGHANY CORP DEL,COMMON,017175100,11662,27889,SH,,DFND,,27889,0,0
55,ALLEGHENY TECHNOLOGIES INC,OPTION,01741R102,222,6000,SH,Call,DFND,,6000,0,0
56,ALLEGHENY TECHNOLOGIES INC,OPTION,01741R102,311,8400,SH,Put,DFND,,8400,0,0
57,ALLERGAN INC,COMMON,018490102,4166,23382,SH,,DFND,,23382,0,0
58,ALLERGAN INC,OPTION,018490102,89095,500000,SH,Call,DFND,,500000,0,0
59,ALLIANCE FIBER OPTIC PRODS I,COMMON,018680306,996,80112,SH,,DFND,,80112,0,0
60,ALLIANCE FIBER OPTIC PRODS I,OPTION,018680306,1035,83300,SH,Call,DFND,,83300,0,0
61,ALLIANCE FIBER OPTIC PRODS I,OPTION,018680306,1246,100200,SH,Put,DFND,,100200,0,0
62,ALLIANT TECHSYSTEMS INC,COMMON,018804104,830,6500,SH,,DFND,,6500,0,0
63,ALLSCRIPTS HEALTHCARE SOLUTN,COMMON,01988P108,1890,140918,SH,,DFND,,140918,0,0
64,ALLSCRIPTS HEALTHCARE SOLUTN,BOND,01988PAD0,7589,7500000,PRN,,DFND,,0,0,0
65,ALLSTATE CORP,COMMON,020002101,3423,55773,SH,,DFND,,55773,0,0
66,ALLY FINL INC,COMMON,02005N100,926,40000,SH,,DFND,,40000,0,0
67,ALLY FINL INC,OPTION,02005N100,4628,200000,SH,Call,DFND,,200000,0,0
68,ALMOST FAMILY INC,COMMON,020409108,459,16882,SH,,DFND,,16882,0,0
69,ALMOST FAMILY INC,OPTION,020409108,943,34700,SH,Call,DFND,,34700,0,0
70,ALMOST FAMILY INC,OPTION,020409108,1272,46800,SH,Put,DFND,,46800,0,0
71,ALPHA NATURAL RESOURCES INC,OPTION,02076X102,74,29700,SH,Call,DFND,,29700,0,0
72,ALPHA NATURAL RESOURCES INC,OPTION,02076X102,96,38900,SH,Put,DFND,,38900,0,0
73,ALTISOURCE RESIDENTIAL CORP,COMMON,02153W100,898,37409,SH,,DFND,,37409,0,0
74,ALTRIA GROUP INC,COMMON,02209S103,7329,159538,SH,,DFND,,159538,0,0
75,AMEREN CORP,COMMON,023608102,4158,108479,SH,,DFND,,108479,0,0
76,AMERICAN AIRLS GROUP INC,COMMON,02376R102,11333,319420,SH,,DFND,,319420,0,0
77,AMERICAN CAMPUS CMNTYS INC,COMMON,024835100,1972,54093,SH,,DFND,,54093,0,0
78,AMERICAN ELEC PWR INC,COMMON,025537101,6381,122213,SH,,DFND,,122213,0,0
79,AMERICAN HOMES 4 RENT,COMMON,02665T306,8111,480254,SH,,DFND,,480254,0,0
80,AMERICAN INTL GROUP INC,COMMON,026874784,2406,44531,SH,,DFND,,44531,0,0
81,AMERICAN TOWER CORP NEW,COMMON,03027X100,451,4814,SH,,DFND,,4814,0,0
82,AMERICAN WTR WKS CO INC NEW,COMMON,030420103,18537,384342,SH,,DFND,,384342,0,0
83,AMERISOURCEBERGEN CORP,COMMON,03073E105,5045,65260,SH,,DFND,,65260,0,0
84,AMETEK INC NEW,COMMON,031100100,341,6783,SH,,DFND,,6783,0,0
85,AMGEN INC,COMMON,031162100,9010,64151,SH,,DFND,,64151,0,0
86,AMGEN INC,OPTION,031162100,1657,11800,SH,Call,DFND,,11800,0,0
87,AMGEN INC,OPTION,031162100,2935,20900,SH,Put,DFND,,20900,0,0
88,AMKOR TECHNOLOGY INC,COMMON,031652100,7103,844682,SH,,DFND,,844682,0,0
89,AMKOR TECHNOLOGY INC,OPTION,031652100,1237,147100,SH,Call,DFND,,147100,0,0
90,AMKOR TECHNOLOGY INC,OPTION,031652100,856,101800,SH,Put,DFND,,101800,0,0
91,AMPIO PHARMACEUTICALS INC,COMMON,03209T109,83,23669,SH,,DFND,,23669,0,0
92,ANDERSONS INC,COMMON,034164103,8073,128398,SH,,DFND,,128398,0,0
93,ANSYS INC,COMMON,03662Q105,210,2783,SH,,DFND,,2783,0,0
94,APACHE CORP,COMMON,037411105,2434,25933,SH,,DFND,,25933,0,0
95,APOLLO ED GROUP INC,COMMON,037604105,1161,46184,SH,,DFND,,46184,0,0
96,APPLE INC,COMMON,037833100,34825,345647,SH,,DFND,,345647,0,0
97,APPLE INC,OPTION,037833100,66495,660000,SH,Call,DFND,,660000,0,0
98,APPLE INC,OPTION,037833100,132991,1320000,SH,Put,DFND,,1320000,0,0
99,APPLIED MATLS INC,COMMON,038222105,1294,59892,SH,,DFND,,59892,0,0
100,APPROACH RESOURCES INC,COMMON,03834A103,148,10226,SH,,DFND,,10226,0,0
101,AQUA AMERICA INC,COMMON,03836W103,492,20890,SH,,DFND,,20890,0,0
102,ARAMARK,COMMON,03852U106,725,27570,SH,,DFND,,27570,0,0
103,ARCBEST CORP,COMMON,03937C105,286,7670,SH,,DFND,,7670,0,0
104,ARCH COAL INC,OPTION,039380100,25,11900,SH,Call,DFND,,11900,0,0
105,ARCH COAL INC,OPTION,039380100,22,10200,SH,Put,DFND,,10200,0,0
106,ARCHER DANIELS MIDLAND CO,COMMON,039483102,23166,453345,SH,,DFND,,453345,0,0
107,ARGAN INC,COMMON,04010E109,257,7689,SH,,DFND,,7689,0,0
108,ARRIS GROUP INC NEW,COMMON,04270V106,12822,452217,SH,,DFND,,452217,0,0
109,ARUBA NETWORKS INC,COMMON,043176106,1781,82535,SH,,DFND,,82535,0,0
110,ASCENA RETAIL GROUP INC,COMMON,04351G101,1688,126917,SH,,DFND,,126917,0,0
111,ASCENT CAP GROUP INC,BOND,043632AA6,14420,16000000,PRN,,DFND,,0,0,0
112,ASPEN TECHNOLOGY INC,COMMON,045327103,4119,109200,SH,,DFND,,109200,0,0
113,ATMOS ENERGY CORP,COMMON,049560105,1263,26472,SH,,DFND,,26472,0,0
114,AVALONBAY CMNTYS INC,COMMON,053484101,21582,153099,SH,,DFND,,153099,0,0
115,AVANIR PHARMACEUTICALS INC,COMMON,05348P401,811,68039,SH,,DFND,,68039,0,0
116,AVIS BUDGET GROUP,COMMON,053774105,2738,49899,SH,,DFND,,49899,0,0
117,AVIS BUDGET GROUP,OPTION,053774105,318,5800,SH,Put,DFND,,5800,0,0
118,AVNET INC,COMMON,053807103,1106,26660,SH,,DFND,,26660,0,0
119,AVON PRODS INC,COMMON,054303102,1741,138122,SH,,DFND,,138122,0,0
120,BGC PARTNERS INC,COMMON,05541T101,459,61793,SH,,DFND,,61793,0,0
121,BOK FINL CORP,COMMON,05561Q201,334,5020,SH,,DFND,,5020,0,0
122,BOFI HLDG INC,OPTION,05566U108,523,7200,SH,Call,DFND,,7200,0,0
123,BOFI HLDG INC,OPTION,05566U108,712,9800,SH,Put,DFND,,9800,0,0
124,BAIDU INC,OPTION,056752108,8729,40000,SH,Put,DFND,,40000,0,0
125,BAKER HUGHES INC,COMMON,057224107,17097,262791,SH,,DFND,,262791,0,0
126,BALLY TECHNOLOGIES INC,COMMON,05874B107,19426,240718,SH,,DFND,,240718,0,0
127,BALLY TECHNOLOGIES INC,OPTION,05874B107,371,4600,SH,Put,DFND,,4600,0,0
128,BANCO BRADESCO S A,ADR,059460303,2503,175651,SH,,DFND,,175651,0,0
129,BANC CALIF INC,COMMON,05990K106,177,15209,SH,,DFND,,15209,0,0
130,BANK NEW YORK MELLON CORP,COMMON,064058100,10730,277043,SH,,DFND,,277043,0,0
131,BANKRATE INC DEL,COMMON,06647F102,301,26521,SH,,DFND,,26521,0,0
132,BANKUNITED INC,COMMON,06652K103,459,15060,SH,,DFND,,15060,0,0
133,BANNER CORP,COMMON,06652V208,607,15791,SH,,DFND,,15791,0,0
134,BARD C R INC,COMMON,067383109,368,2581,SH,,DFND,,2581,0,0
135,BARNES GROUP INC,COMMON,067806109,785,25870,SH,,DFND,,25870,0,0
136,BASIC ENERGY SVCS INC NEW,COMMON,06985P100,6516,300405,SH,,DFND,,300405,0,0
137,BAXTER INTL INC,COMMON,071813109,56465,786738,SH,,DFND,,786738,0,0
138,BAXTER INTL INC,OPTION,071813109,1413,19700,SH,Call,DFND,,19700,0,0
139,BAXTER INTL INC,OPTION,071813109,1881,26200,SH,Put,DFND,,26200,0,0
140,B/E AEROSPACE INC,COMMON,073302101,336,4000,SH,,DFND,,4000,0,0
141,BECTON DICKINSON & CO,COMMON,075887109,1717,15083,SH,,DFND,,15083,0,0
142,BED BATH & BEYOND INC,COMMON,075896100,24521,372504,SH,,DFND,,372504,0,0
143,BERKLEY W R CORP,COMMON,084423102,1703,35618,SH,,DFND,,35618,0,0
144,BERKSHIRE HATHAWAY INC DEL,COMMON,084670702,40648,294254,SH,,DFND,,294254,0,0
145,BERKSHIRE HILLS BANCORP INC,COMMON,084680107,870,37018,SH,,DFND,,37018,0,0
146,BEST BUY INC,COMMON,086516101,1795,53443,SH,,DFND,,53443,0,0
147,BIG LOTS INC,COMMON,089302103,3995,92790,SH,,DFND,,92790,0,0
148,BIO RAD LABS INC,COMMON,090572207,348,3069,SH,,DFND,,3069,0,0
149,BIOCRYST PHARMACEUTICALS,COMMON,09058V103,321,32797,SH,,DFND,,32797,0,0
150,BIODELIVERY SCIENCES INTL IN,OPTION,09060J106,288,16900,SH,Call,DFND,,16900,0,0
151,BIODELIVERY SCIENCES INTL IN,OPTION,09060J106,394,23100,SH,Put,DFND,,23100,0,0
152,BIOGEN IDEC INC,COMMON,09062X103,5717,17283,SH,,DFND,,17283,0,0
153,BIOTELEMETRY INC,COMMON,090672106,83,12243,SH,,DFND,,12243,0,0
154,BLACKHAWK NETWORK HLDGS INC,COMMON,09238E203,2050,63464,SH,,DFND,,63464,0,0
155,BLOOMIN BRANDS INC,COMMON,094235108,5007,273000,SH,,DFND,,273000,0,0
156,BLOUNT INTL INC NEW,COMMON,095180105,1041,68814,SH,,DFND,,68814,0,0
157,BOEING CO,COMMON,097023105,2290,17976,SH,,DFND,,17976,0,0
158,BOEING CO,OPTION,097023105,317,2500,SH,Call,DFND,,2500,0,0
159,BOEING CO,OPTION,097023105,305,2400,SH,Put,DFND,,2400,0,0
160,BOOZ ALLEN HAMILTON HLDG COR,COMMON,099502106,1387,59291,SH,,DFND,,59291,0,0
161,BORGWARNER INC,COMMON,099724106,844,16060,SH,,DFND,,16060,0,0
162,BOSTON PRIVATE FINL HLDGS IN,WARRANT,101119113,1456,260000,SH,,DFND,,260000,0,0
163,BOSTON PROPERTIES INC,COMMON,101121101,5600,48382,SH,,DFND,,48382,0,0
164,BOSTON SCIENTIFIC CORP,COMMON,101137107,5352,453203,SH,,DFND,,453203,0,0
165,BOULEVARD ACQUISITION CORP,UNIT,10157P203,10020,1000000,SH,,DFND,,1000000,0,0
166,BRADY CORP,COMMON,104674106,5458,243216,SH,,DFND,,243216,0,0
167,BRASKEM S A,ADR,105532105,1534,116453,SH,,DFND,,116453,0,0
168,BRIDGEPOINT ED INC,COMMON,10807M105,155,13871,SH,,DFND,,13871,0,0
169,BRIGGS & STRATTON CORP,COMMON,109043109,718,39826,SH,,DFND,,39826,0,0
170,BRIXMOR PPTY GROUP INC,COMMON,11120U105,3750,168479,SH,,DFND,,168479,0,0
171,BROADRIDGE FINL SOLUTIONS IN,COMMON,11133T103,291,6987,SH,,DFND,,6987,0,0
172,BROCADE COMMUNICATIONS SYS I,COMMON,111621306,7671,705704,SH,,DFND,,705704,0,0
173,BROCADE COMMUNICATIONS SYS I,OPTION,111621306,155,14300,SH,Call,DFND,,14300,0,0
174,BROCADE COMMUNICATIONS SYS I,OPTION,111621306,160,14700,SH,Put,DFND,,14700,0,0
175,BROWN & BROWN INC,COMMON,115236101,10539,327816,SH,,DFND,,327816,0,0
176,BROWN FORMAN CORP,COMMON,115637209,2858,31672,SH,,DFND,,31672,0,0
177,BRUKER CORP,COMMON,116794108,631,34086,SH,,DFND,,34086,0,0
178,BUFFALO WILD WINGS INC,COMMON,119848109,3896,29016,SH,,DFND,,29016,0,0
179,CBS CORP NEW,COMMON,124857202,4280,80000,SH,,DFND,,80000,0,0
180,CBOE HLDGS INC,COMMON,12503M108,1079,20157,SH,,DFND,,20157,0,0
181,CF INDS HLDGS INC,COMMON,125269100,348,1247,SH,,DFND,,1247,0,0
182,CIGNA CORPORATION,COMMON,125509109,5075,55962,SH,,DFND,,55962,0,0
183,CIGNA CORPORATION,OPTION,125509109,234,2600,SH,Put,DFND,,2600,0,0
184,CIT GROUP INC,COMMON,125581801,8867,192928,SH,,DFND,,192928,0,0
185,CMS ENERGY CORP,COMMON,125896100,4116,138770,SH,,DFND,,138770,0,0
186,CTC MEDIA INC,COMMON,12642X106,257,38732,SH,,DFND,,38732,0,0
187,CST BRANDS INC,COMMON,12646R105,1062,29527,SH,,DFND,,29527,0,0
188,CTI BIOPHARMA CORP,COMMON,12648L106,311,128414,SH,,DFND,,128414,0,0
189,CA INC,COMMON,12673P105,377,13495,SH,,DFND,,13495,0,0
190,CABELAS INC,COMMON,126804301,2869,48699,SH,,DFND,,48699,0,0
191,CABELAS INC,OPTION,126804301,472,8000,SH,Call,DFND,,8000,0,0
192,CABELAS INC,OPTION,126804301,488,8300,SH,Put,DFND,,8300,0,0
193,CABOT CORP,COMMON,127055101,1398,27529,SH,,DFND,,27529,0,0
194,CADENCE DESIGN SYSTEM INC,COMMON,127387108,172,10000,SH,,DFND,,10000,0,0
195,CADENCE DESIGN SYSTEM INC,BOND,127387AJ7,65009,28505000,PRN,,DFND,,0,0,0
196,CAL MAINE FOODS INC,COMMON,128030202,606,6784,SH,,DFND,,6784,0,0
197,CAL MAINE FOODS INC,OPTION,128030202,474,5300,SH,Call,DFND,,5300,0,0
198,CAL MAINE FOODS INC,OPTION,128030202,625,7000,SH,Put,DFND,,7000,0,0
199,CALAMP CORP,OPTION,128126109,1255,71200,SH,Call,DFND,,71200,0,0
200,CALAMP CORP,OPTION,128126109,1402,79600,SH,Put,DFND,,79600,0,0
201,CALGON CARBON CORP,COMMON,129603106,753,38848,SH,,DFND,,38848,0,0
202,CALLON PETE CO DEL,COMMON,13123X102,918,104228,SH,,DFND,,104228,0,0
203,CALPINE CORP,COMMON,131347304,516,23796,SH,,DFND,,23796,0,0
204,CAMDEN PPTY TR,COMMON,133131102,863,12592,SH,,DFND,,12592,0,0
205,CANADIAN SOLAR INC,OPTION,136635109,3474,97100,SH,Call,DFND,,97100,0,0
206,CANADIAN SOLAR INC,OPTION,136635109,4181,116900,SH,Put,DFND,,116900,0,0
207,CAPITAL ONE FINL CORP,COMMON,14040H105,11724,143647,SH,,DFND,,143647,0,0
208,CAPITOL ACQUISITION CORP II,UNIT,14056V204,7538,750000,SH,,DFND,,750000,0,0
209,CAPITOL FED FINL INC,COMMON,14057J101,3687,311930,SH,,DFND,,311930,0,0
210,CAREFUSION CORP,COMMON,14170T101,1175,25964,SH,,DFND,,25964,0,0
211,CARNIVAL CORP,COMMON,143658300,5825,145000,SH,,DFND,,145000,0,0
212,CARPENTER TECHNOLOGY CORP,COMMON,144285103,2024,44837,SH,,DFND,,44837,0,0
213,CASH AMER INTL INC,COMMON,14754D100,4808,109767,SH,,DFND,,109767,0,0
214,CASTLE A M & CO,BOND,148411AF8,18922,17500000,PRN,,DFND,,0,0,0
215,CATALYST PHARM PARTNERS INC,COMMON,14888U101,70,20998,SH,,DFND,,20998,0,0
216,CATERPILLAR INC DEL,COMMON,149123101,2182,22034,SH,,DFND,,22034,0,0
217,CBS OUTDOOR AMERS INC,COMMON,14987J106,11276,376587,SH,,DFND,,376587,0,0
218,CELANESE CORP DEL,COMMON,150870103,218,3721,SH,,DFND,,3721,0,0
219,CELGENE CORP,COMMON,151020104,1172,12369,SH,,DFND,,12369,0,0
220,CELGENE CORP,OPTION,151020104,293,3100,SH,Call,DFND,,3100,0,0
221,CELGENE CORP,OPTION,151020104,294,3100,SH,Put,DFND,,3100,0,0
222,CELLDEX THERAPEUTICS INC NEW,COMMON,15117B103,227,17541,SH,,DFND,,17541,0,0
223,CELLDEX THERAPEUTICS INC NEW,OPTION,15117B103,1816,140100,SH,Call,DFND,,140100,0,0
224,CELLDEX THERAPEUTICS INC NEW,OPTION,15117B103,2063,159100,SH,Put,DFND,,159100,0,0
225,CEMEX SAB DE CV,BOND,151290AV5,15568,13000000,PRN,,DFND,,0,0,0
226,CEMEX SAB DE CV,BOND,151290BB8,34917,24775000,PRN,,DFND,,0,0,0
227,CEMPRA INC,COMMON,15130J109,415,37907,SH,,DFND,,37907,0,0
228,CENTERPOINT ENERGY INC,COMMON,15189T107,9593,392047,SH,,DFND,,392047,0,0
229,CENTRAIS ELETRICAS BRASILEIR,ADR,15234Q207,380,140693,SH,,DFND,,140693,0,0
230,CENTRUS ENERGY CORP,COMMON,15643U104,2591,253771,SH,,DFND,,253771,0,0
231,CENTURYLINK INC,COMMON,156700106,2617,64008,SH,,DFND,,64008,0,0
232,CEPHEID,OPTION,15670R107,621,14100,SH,Call,DFND,,14100,0,0
233,CEPHEID,OPTION,15670R107,462,10500,SH,Put,DFND,,10500,0,0
234,CHANNELADVISOR CORP,COMMON,159179100,345,21079,SH,,DFND,,21079,0,0
235,CHANNELADVISOR CORP,OPTION,159179100,290,17700,SH,Call,DFND,,17700,0,0
236,CHANNELADVISOR CORP,OPTION,159179100,394,24000,SH,Put,DFND,,24000,0,0
237,CHART ACQUISITION CORP,COMMON,161151105,2480,250000,SH,,DFND,,250000,0,0
238,CHART ACQUISITION CORP,WARRANT,161151113,138,250000,SH,,DFND,,250000,0,0
239,CHECKPOINT SYS INC,COMMON,162825103,155,12730,SH,,DFND,,12730,0,0
240,CHESAPEAKE ENERGY CORP,OPTION,165167107,577,25100,SH,Call,DFND,,25100,0,0
241,CHESAPEAKE ENERGY CORP,OPTION,165167107,625,27200,SH,Put,DFND,,27200,0,0
242,CHESAPEAKE ENERGY CORP,BOND,165167CA3,20000,20000000,PRN,,DFND,,0,0,0
243,CHEVRON CORP NEW,COMMON,166764100,13028,109180,SH,,DFND,,109180,0,0
244,CHICAGO BRIDGE & IRON CO N V,COMMON,167250109,1264,21857,SH,,DFND,,21857,0,0
245,CHICAGO BRIDGE & IRON CO N V,OPTION,167250109,3372,58300,SH,Call,DFND,,58300,0,0
246,CHICAGO BRIDGE & IRON CO N V,OPTION,167250109,3944,68200,SH,Put,DFND,,68200,0,0
247,CHINA BIOLOGIC PRODS INC,COMMON,16938C106,234,4330,SH,,DFND,,4330,0,0
248,CHINA HGS REAL ESTATE INC,COMMON,16948W100,57,11068,SH,,DFND,,11068,0,0
249,CHUBB CORP,COMMON,171232101,592,6495,SH,,DFND,,6495,0,0
250,CHUBB CORP,OPTION,171232101,219,2400,SH,Call,DFND,,2400,0,0
251,CHUBB CORP,OPTION,171232101,501,5500,SH,Put,DFND,,5500,0,0
252,CHURCH & DWIGHT INC,COMMON,171340102,7929,113019,SH,,DFND,,113019,0,0
253,CHUYS HLDGS INC,OPTION,171604101,207,6600,SH,Put,DFND,,6600,0,0
254,CIENA CORP,OPTION,171779309,381,22800,SH,Call,DFND,,22800,0,0
255,CIENA CORP,OPTION,171779309,398,23800,SH,Put,DFND,,23800,0,0
256,CIRRUS LOGIC INC,COMMON,172755100,384,18430,SH,,DFND,,18430,0,0
257,CISCO SYS INC,COMMON,17275R102,28686,1139691,SH,,DFND,,1139691,0,0
258,CINTAS CORP,COMMON,172908105,1670,23656,SH,,DFND,,23656,0,0
259,CITIGROUP INC,WARRANT,172967234,20,584537,SH,,DFND,,584537,0,0
260,CITIGROUP INC,COMMON,172967424,10261,198004,SH,,DFND,,198004,0,0
261,CLEAN HARBORS INC,COMMON,184496107,231,4285,SH,,DFND,,4285,0,0
262,CLEARWATER PAPER CORP,COMMON,18538R103,237,3949,SH,,DFND,,3949,0,0
263,CLOROX CO DEL,COMMON,189054109,13364,139151,SH,,DFND,,139151,0,0
264,CLOUD PEAK ENERGY INC,COMMON,18911Q102,1962,155439,SH,,DFND,,155439,0,0
265,CLOVIS ONCOLOGY INC,OPTION,189464100,1143,25200,SH,Call,DFND,,25200,0,0
266,CLOVIS ONCOLOGY INC,OPTION,189464100,785,17300,SH,Put,DFND,,17300,0,0
267,COACH INC,COMMON,189754104,8045,225930,SH,,DFND,,225930,0,0
268,COBALT INTL ENERGY INC,BOND,19075FAB2,22344,25000000,PRN,,DFND,,0,0,0
269,COCA COLA CO,COMMON,191216100,31273,733078,SH,,DFND,,733078,0,0
270,COCA COLA CO,OPTION,191216100,242,5600,SH,Put,DFND,,5600,0,0
271,COCA COLA ENTERPRISES INC NE,COMMON,19122T109,551,12426,SH,,DFND,,12426,0,0
272,COCA COLA ENTERPRISES INC NE,OPTION,19122T109,4436,100000,SH,Call,DFND,,100000,0,0
273,COEUR MNG INC,COMMON,192108504,967,194846,SH,,DFND,,194846,0,0
274,COGENT COMMUNICATIONS HLDGS,COMMON,19239V302,6748,200765,SH,,DFND,,200765,0,0
275,COGNIZANT TECHNOLOGY SOLUTIO,COMMON,192446102,11795,263456,SH,,DFND,,263456,0,0
276,COLGATE PALMOLIVE CO,COMMON,194162103,47652,730630,SH,,DFND,,730630,0,0
277,COLUMBIA SPORTSWEAR CO,COMMON,198516106,246,6854,SH,,DFND,,6854,0,0
278,COMCAST CORP NEW,OPTION,20030N101,2028,37700,SH,Call,DFND,,37700,0,0
279,COMCAST CORP NEW,OPTION,20030N101,3253,60500,SH,Put,DFND,,60500,0,0
280,COMERICA INC,COMMON,200340107,2409,48328,SH,,DFND,,48328,0,0
281,COMMUNITY HEALTH SYS INC NEW,RTS,203668116,352,10043260,SH,,DFND,,10043260,0,0
282,COMPASS MINERALS INTL INC,COMMON,20451N101,352,4180,SH,,DFND,,4180,0,0
283,COMPUTER SCIENCES CORP,COMMON,205363104,1907,31183,SH,,DFND,,31183,0,0
284,COMPUWARE CORP,COMMON,205638109,7428,700057,SH,,DFND,,700057,0,0
285,COMSTOCK RES INC,COMMON,205768203,593,31828,SH,,DFND,,31828,0,0
286,COMSTOCK RES INC,OPTION,205768203,967,52000,SH,Call,DFND,,52000,0,0
287,COMSTOCK RES INC,OPTION,205768203,1112,59700,SH,Put,DFND,,59700,0,0
288,CONAGRA FOODS INC,COMMON,205887102,35365,1070353,SH,,DFND,,1070353,0,0
289,CONCUR TECHNOLOGIES INC,COMMON,206708109,6341,50000,SH,,DFND,,50000,0,0
290,CONCUR TECHNOLOGIES INC,OPTION,206708109,1129,8900,SH,Call,DFND,,8900,0,0
291,CONCUR TECHNOLOGIES INC,OPTION,206708109,2029,16000,SH,Put,DFND,,16000,0,0
292,CONCUR TECHNOLOGIES INC,BOND,206708AC3,9788,7500000,PRN,,DFND,,0,0,0
293,CONNS INC,OPTION,208242107,257,8500,SH,Call,DFND,,8500,0,0
294,CONOCOPHILLIPS,COMMON,20825C104,884,11551,SH,,DFND,,11551,0,0
295,CONOCOPHILLIPS,OPTION,20825C104,5946,77700,SH,Call,DFND,,77700,0,0
296,CONOCOPHILLIPS,OPTION,20825C104,8426,110100,SH,Put,DFND,,110100,0,0
297,CONSOL ENERGY INC,COMMON,20854P109,11740,310092,SH,,DFND,,310092,0,0
298,CONSOLIDATED EDISON INC,COMMON,209115104,27501,485377,SH,,DFND,,485377,0,0
299,CONSTELLATION BRANDS INC,COMMON,21036P108,3694,42387,SH,,DFND,,42387,0,0
300,CONTAINER STORE GROUP INC,OPTION,210751103,526,24200,SH,Call,DFND,,24200,0,0
301,CONTAINER STORE GROUP INC,OPTION,210751103,621,28500,SH,Put,DFND,,28500,0,0
302,CONTANGO OIL & GAS COMPANY,COMMON,21075N204,272,8185,SH,,DFND,,8185,0,0
303,CONTANGO OIL & GAS COMPANY,OPTION,21075N204,1556,46800,SH,Call,DFND,,46800,0,0
304,CONTANGO OIL & GAS COMPANY,OPTION,21075N204,1542,46400,SH,Put,DFND,,46400,0,0
305,CORNERSTONE ONDEMAND INC,OPTION,21925Y103,1511,43900,SH,Call,DFND,,43900,0,0
306,CORNERSTONE ONDEMAND INC,OPTION,21925Y103,1655,48100,SH,Put,DFND,,48100,0,0
307,CORNING INC,COMMON,219350105,1549,80064,SH,,DFND,,80064,0,0
308,CORPORATE OFFICE PPTYS TR,COMMON,22002T108,1218,47329,SH,,DFND,,47329,0,0
309,COSTCO WHSL CORP NEW,COMMON,22160K105,42187,336631,SH,,DFND,,336631,0,0
310,COUSINS PPTYS INC,COMMON,222795106,140,11680,SH,,DFND,,11680,0,0
311,COVANCE INC,COMMON,222816100,8144,103476,SH,,DFND,,103476,0,0
312,COVANTA HLDG CORP,COMMON,22282E102,9799,461779,SH,,DFND,,461779,0,0
313,CRANE CO,COMMON,224399105,564,8927,SH,,DFND,,8927,0,0
314,CRAY INC,OPTION,225223304,682,26000,SH,Call,DFND,,26000,0,0
315,CRAY INC,OPTION,225223304,992,37800,SH,Put,DFND,,37800,0,0
316,CROWN CASTLE INTL CORP,COMMON,228227104,20299,252067,SH,,DFND,,252067,0,0
317,CUBIST PHARMACEUTICALS INC,BOND,229678AD9,32215,13830000,PRN,,DFND,,0,0,0
318,CUMMINS INC,COMMON,231021106,3847,29150,SH,,DFND,,29150,0,0
319,CYBERONICS INC,COMMON,23251P102,228,4449,SH,,DFND,,4449,0,0
320,CYPRESS SEMICONDUCTOR CORP,COMMON,232806109,1804,182662,SH,,DFND,,182662,0,0
321,CYTEC INDS INC,COMMON,232820100,1415,29915,SH,,DFND,,29915,0,0
322,CYTOKINETICS INC,COMMON,23282W605,431,122232,SH,,DFND,,122232,0,0
323,D R HORTON INC,COMMON,23331A109,319,15547,SH,,DFND,,15547,0,0
324,DST SYS INC DEL,COMMON,233326107,14631,174353,SH,,DFND,,174353,0,0
325,DTE ENERGY CO,COMMON,233331107,731,9613,SH,,DFND,,9613,0,0
326,DSW INC,COMMON,23334L102,3218,106857,SH,,DFND,,106857,0,0
327,DANA HLDG CORP,COMMON,235825205,273,14218,SH,,DFND,,14218,0,0
328,DANAHER CORP DEL,COMMON,235851102,9819,129231,SH,,DFND,,129231,0,0
329,DAVITA HEALTHCARE PARTNERS I,COMMON,23918K108,4630,63302,SH,,DFND,,63302,0,0
330,DELEK US HLDGS INC,COMMON,246647101,3596,108608,SH,,DFND,,108608,0,0
331,DELTA AIR LINES INC DEL,COMMON,247361702,248,6874,SH,,DFND,,6874,0,0
332,DEMANDWARE INC,COMMON,24802Y105,305,5984,SH,,DFND,,5984,0,0
333,DEMANDWARE INC,OPTION,24802Y105,1268,24900,SH,Call,DFND,,24900,0,0
334,DEMANDWARE INC,OPTION,24802Y105,1324,26000,SH,Put,DFND,,26000,0,0
335,DENNYS CORP,COMMON,24869P104,141,20104,SH,,DFND,,20104,0,0
336,DEPOMED INC,BOND,249908AA2,19529,18500000,PRN,,DFND,,0,0,0
337,DEVELOPERS DIVERSIFIED RLTY,BOND,251591AX1,2878,2500000,PRN,,DFND,,0,0,0
338,DEVON ENERGY CORP NEW,COMMON,25179M103,11709,171722,SH,,DFND,,171722,0,0
339,DEVON ENERGY CORP NEW,OPTION,25179M103,2100,30800,SH,Call,DFND,,30800,0,0
340,DEVON ENERGY CORP NEW,OPTION,25179M103,4029,59100,SH,Put,DFND,,59100,0,0
341,DEVRY ED GROUP INC,COMMON,251893103,1817,42439,SH,,DFND,,42439,0,0
342,DIAMOND FOODS INC,COMMON,252603105,3662,128013,SH,,DFND,,128013,0,0
343,DICE HLDGS INC,COMMON,253017107,1017,121404,SH,,DFND,,121404,0,0
344,DICKS SPORTING GOODS INC,COMMON,253393102,18933,431472,SH,,DFND,,431472,0,0
345,DIGITAL RIV INC,COMMON,25388B104,388,26692,SH,,DFND,,26692,0,0
346,DIGITALGLOBE INC,COMMON,25389M877,3144,110300,SH,,DFND,,110300,0,0
347,DIODES INC,COMMON,254543101,586,24474,SH,,DFND,,24474,0,0
348,DISNEY WALT CO,COMMON,254687106,274,3081,SH,,DFND,,3081,0,0
349,DISCOVERY COMMUNICATNS NEW,COMMON,25470F302,1977,53025,SH,,DFND,,53025,0,0
350,DIRECTV,COMMON,25490A309,36338,420000,SH,,DFND,,420000,0,0
351,DOLLAR GEN CORP NEW,COMMON,256677105,58408,955790,SH,,DFND,,955790,0,0
352,DOLLAR TREE INC,COMMON,256746108,64095,1143137,SH,,DFND,,1143137,0,0
353,DOMTAR CORP,COMMON,257559203,9852,280456,SH,,DFND,,280456,0,0
354,DRESSER-RAND GROUP INC,COMMON,261608103,20565,250000,SH,,DFND,,250000,0,0
355,DRYSHIPS INC.,BOND,262498AB4,12738,12883000,PRN,,DFND,,0,0,0
356,DU PONT E I DE NEMOURS & CO,OPTION,263534109,236,3300,SH,Put,DFND,,3300,0,0
357,DUCOMMUN INC DEL,COMMON,264147109,283,10314,SH,,DFND,,10314,0,0
358,DUKE ENERGY CORP NEW,COMMON,26441C204,28545,381773,SH,,DFND,,381773,0,0
359,DURATA THERAPEUTICS INC,OPTION,26658A107,177,14000,SH,Call,DFND,,14000,0,0
360,DURATA THERAPEUTICS INC,OPTION,26658A107,264,20800,SH,Put,DFND,,20800,0,0
361,DYNEGY INC NEW DEL,COMMON,26817R108,1778,61614,SH,,DFND,,61614,0,0
362,E M C CORP MASS,COMMON,268648102,15476,528913,SH,,DFND,,528913,0,0
363,E M C CORP MASS,OPTION,268648102,345,11800,SH,Call,DFND,,11800,0,0
364,E M C CORP MASS,OPTION,268648102,641,21900,SH,Put,DFND,,21900,0,0
365,EOG RES INC,COMMON,26875P101,1005,10148,SH,,DFND,,10148,0,0
366,EOG RES INC,OPTION,26875P101,287,2900,SH,Call,DFND,,2900,0,0
367,EOG RES INC,OPTION,26875P101,486,4900,SH,Put,DFND,,4900,0,0
368,EXCO RESOURCES INC,COMMON,269279402,159,47800,SH,,DFND,,47800,0,0
369,EARTHLINK HLDGS CORP,COMMON,27033X101,1413,413069,SH,,DFND,,413069,0,0
370,EASTMAN CHEM CO,COMMON,277432100,4391,54277,SH,,DFND,,54277,0,0
371,EASTMAN KODAK CO,OPTION,277461406,1660,75600,SH,Call,DFND,,75600,0,0
372,EASTMAN KODAK CO,OPTION,277461406,1857,84500,SH,Put,DFND,,84500,0,0
373,EBAY INC,COMMON,278642103,16690,294714,SH,,DFND,,294714,0,0
374,ECHOSTAR CORP,COMMON,278768106,5056,103675,SH,,DFND,,103675,0,0
375,EDISON INTL,COMMON,281020107,4486,80224,SH,,DFND,,80224,0,0
376,EDWARDS LIFESCIENCES CORP,COMMON,28176E108,42004,411198,SH,,DFND,,411198,0,0
377,ELECTRONIC ARTS INC,OPTION,285512109,2187,61400,SH,Call,DFND,,61400,0,0
378,ELECTRONIC ARTS INC,OPTION,285512109,2988,83900,SH,Put,DFND,,83900,0,0
379,ELECTRONIC ARTS INC,BOND,285512AA7,29595,24000000,PRN,,DFND,,0,0,0
380,ELLIE MAE INC,OPTION,28849P100,287,8800,SH,Call,DFND,,8800,0,0
381,ELLIE MAE INC,OPTION,28849P100,388,11900,SH,Put,DFND,,11900,0,0
382,EMCORE CORP,COMMON,290846203,63,11075,SH,,DFND,,11075,0,0
383,EMERGENT BIOSOLUTIONS INC,COMMON,29089Q105,278,13027,SH,,DFND,,13027,0,0
384,EMERSON ELEC CO,COMMON,291011104,13963,223137,SH,,DFND,,223137,0,0
385,EMULEX CORP,COMMON,292475209,475,96194,SH,,DFND,,96194,0,0
386,ENERSYS,COMMON,29275Y102,207,3526,SH,,DFND,,3526,0,0
387,ENERNOC INC,COMMON,292764107,351,20676,SH,,DFND,,20676,0,0
388,ENPRO INDS INC,COMMON,29355X107,524,8652,SH,,DFND,,8652,0,0
389,ENTERGY CORP NEW,COMMON,29364G103,13974,180704,SH,,DFND,,180704,0,0
390,ENTRAVISION COMMUNICATIONS C,COMMON,29382R107,171,43145,SH,,DFND,,43145,0,0
391,ENVISION HEALTHCARE HLDGS IN,COMMON,29413U103,370,10676,SH,,DFND,,10676,0,0
392,EQUITY RESIDENTIAL,COMMON,29476L107,788,12791,SH,,DFND,,12791,0,0
393,ESSEX PPTY TR INC,COMMON,297178105,1193,6673,SH,,DFND,,6673,0,0
394,EVERCORE PARTNERS INC,COMMON,29977A105,11691,248747,SH,,DFND,,248747,0,0
395,EVRYWARE GLOBAL INC,COMMON,300439106,377,143199,SH,,DFND,,143199,0,0
396,EXELON CORP,COMMON,30161N101,35213,1032939,SH,,DFND,,1032939,0,0
397,EXELIXIS INC,BOND,30161QAC8,11859,20715000,PRN,,DFND,,0,0,0
398,EXELIS INC,COMMON,30162A108,737,44545,SH,,DFND,,44545,0,0
399,EXPEDIA INC DEL,COMMON,30212P303,833,9509,SH,,DFND,,9509,0,0
400,EXPRESS SCRIPTS HLDG CO,COMMON,30219G108,56500,799938,SH,,DFND,,799938,0,0
401,EXPRESS SCRIPTS HLDG CO,OPTION,30219G108,10673,151100,SH,Call,DFND,,151100,0,0
402,EXXON MOBIL CORP,COMMON,30231G102,2503,26606,SH,,DFND,,26606,0,0
403,F M C CORP,COMMON,302491303,11489,200887,SH,,DFND,,200887,0,0
404,FAIR ISAAC CORP,COMMON,303250104,891,16170,SH,,DFND,,16170,0,0
405,FAIR ISAAC CORP,OPTION,303250104,2188,39700,SH,Call,DFND,,39700,0,0
406,FAIR ISAAC CORP,OPTION,303250104,3278,59500,SH,Put,DFND,,59500,0,0
407,FAIRCHILD SEMICONDUCTOR INTL,COMMON,303726103,435,27957,SH,,DFND,,27957,0,0
408,FAMILY DLR STORES INC,COMMON,307000109,3933,50920,SH,,DFND,,50920,0,0
409,FAMOUS DAVES AMER INC,COMMON,307068106,258,9584,SH,,DFND,,9584,0,0
410,FEDERAL MOGUL HOLDINGS CORP,COMMON,313549404,229,15364,SH,,DFND,,15364,0,0
411,FEDERATED NATL HLDG CO,COMMON,31422T101,546,19423,SH,,DFND,,19423,0,0
412,F5 NETWORKS INC,OPTION,315616102,807,6800,SH,Call,DFND,,6800,0,0
413,F5 NETWORKS INC,OPTION,315616102,1069,9000,SH,Put,DFND,,9000,0,0
414,FIDELITY NATL INFORMATION SV,COMMON,31620M106,790,14034,SH,,DFND,,14034,0,0
415,FIESTA RESTAURANT GROUP INC,COMMON,31660B101,2519,50709,SH,,DFND,,50709,0,0
416,FIFTH STR SR FLOATNG RATE CO,COMMON,31679F101,228,19337,SH,,DFND,,19337,0,0
417,FIREEYE INC,OPTION,31816Q101,4214,137900,SH,Call,DFND,,137900,0,0
418,FIREEYE INC,OPTION,31816Q101,5162,168900,SH,Put,DFND,,168900,0,0
419,FIRST INTST BANCSYSTEM INC,COMMON,32055Y201,351,13223,SH,,DFND,,13223,0,0
420,FIRST MERCHANTS CORP,COMMON,320817109,700,34615,SH,,DFND,,34615,0,0
421,FIRSTENERGY CORP,COMMON,337932107,886,26394,SH,,DFND,,26394,0,0
422,FLOTEK INDS INC DEL,OPTION,343389102,201,7700,SH,Call,DFND,,7700,0,0
423,FLOTEK INDS INC DEL,OPTION,343389102,266,10200,SH,Put,DFND,,10200,0,0
424,FLUOR CORP NEW,COMMON,343412102,1564,23411,SH,,DFND,,23411,0,0
425,FLUOR CORP NEW,OPTION,343412102,241,3600,SH,Call,DFND,,3600,0,0
426,FLUOR CORP NEW,OPTION,343412102,394,5900,SH,Put,DFND,,5900,0,0
427,FLUIDIGM CORP DEL,COMMON,34385P108,298,12158,SH,,DFND,,12158,0,0
428,FLUIDIGM CORP DEL,OPTION,34385P108,446,18200,SH,Call,DFND,,18200,0,0
429,FLUIDIGM CORP DEL,OPTION,34385P108,603,24600,SH,Put,DFND,,24600,0,0
430,FORD MTR CO DEL,COMMON,345370860,21040,1422590,SH,,DFND,,1422590,0,0
431,FORD MTR CO DEL,OPTION,345370860,274,18600,SH,Call,DFND,,18600,0,0
432,FORD MTR CO DEL,OPTION,345370860,265,18000,SH,Put,DFND,,18000,0,0
433,FORESTAR GROUP INC,COMMON,346233109,368,20801,SH,,DFND,,20801,0,0
434,FORMFACTOR INC,COMMON,346375108,499,69547,SH,,DFND,,69547,0,0
435,FOSSIL GROUP INC,COMMON,34988V106,2793,29746,SH,,DFND,,29746,0,0
436,FREEPORT-MCMORAN INC,COMMON,35671D857,25562,782902,SH,,DFND,,782902,0,0
437,FULTON FINL CORP PA,COMMON,360271100,871,78627,SH,,DFND,,78627,0,0
438,FUTUREFUEL CORPORATION,COMMON,36116M106,373,31444,SH,,DFND,,31444,0,0
439,GNC HLDGS INC,COMMON,36191G107,272,7002,SH,,DFND,,7002,0,0
440,GT ADVANCED TECHNOLOGIES INC,COMMON,36191U106,123,11340,SH,,DFND,,11340,0,0
441,GT ADVANCED TECHNOLOGIES INC,OPTION,36191U106,219,20200,SH,Call,DFND,,20200,0,0
442,GT ADVANCED TECHNOLOGIES INC,OPTION,36191U106,285,26300,SH,Put,DFND,,26300,0,0
443,GT ADVANCED TECHNOLOGIES INC,BOND,36191UAA4,22967,14950000,PRN,,DFND,,0,0,0
444,GT ADVANCED TECHNOLOGIES INC,BOND,36191UAB2,2833,2500000,PRN,,DFND,,0,0,0
445,GALLAGHER ARTHUR J & CO,COMMON,363576109,18287,403171,SH,,DFND,,403171,0,0
446,GAP INC DEL,COMMON,364760108,3376,80998,SH,,DFND,,80998,0,0
447,GASTAR EXPL INC NEW,COMMON,36729W202,769,131036,SH,,DFND,,131036,0,0
448,GENCORP INC,BOND,368682AN0,9167,5168000,PRN,,DFND,,0,0,0
449,GENERAL CABLE CORP DEL NEW,COMMON,369300108,1103,73117,SH,,DFND,,73117,0,0
450,GENERAL ELECTRIC CO,COMMON,369604103,6003,234307,SH,,DFND,,234307,0,0
451,GENERAL MTRS CO,COMMON,37045V100,2740,85775,SH,,DFND,,85775,0,0
452,GENERAL MTRS CO,OPTION,37045V100,899,28200,SH,Call,DFND,,28200,0,0
453,GENERAL MTRS CO,OPTION,37045V100,1242,38900,SH,Put,DFND,,38900,0,0
454,GENERAL MTRS CO,WARRANT,37045V134,43,49579,SH,,DFND,,49579,0,0
455,GENWORTH FINL INC,COMMON,37247D106,2537,193664,SH,,DFND,,193664,0,0
456,GEOSPACE TECHNOLOGIES CORP,OPTION,37364X109,256,7300,SH,Call,DFND,,7300,0,0
457,GEOSPACE TECHNOLOGIES CORP,OPTION,37364X109,222,6300,SH,Put,DFND,,6300,0,0
458,GERDAU S A,ADR,373737105,365,76142,SH,,DFND,,76142,0,0
459,GERON CORP,COMMON,374163103,263,131233,SH,,DFND,,131233,0,0
460,GILEAD SCIENCES INC,COMMON,375558103,37107,348589,SH,,DFND,,348589,0,0
461,GLOBAL CASH ACCESS HLDGS INC,COMMON,378967103,879,130190,SH,,DFND,,130190,0,0
462,GLIMCHER RLTY TR,COMMON,379302102,2872,212100,SH,,DFND,,212100,0,0
463,GLOBAL EAGLE ENTMT INC,COMMON,37951D102,226,20191,SH,,DFND,,20191,0,0
464,GLOBAL EAGLE ENTMT INC,OPTION,37951D102,169,15100,SH,Call,DFND,,15100,0,0
465,GLOBAL EAGLE ENTMT INC,OPTION,37951D102,322,28700,SH,Put,DFND,,28700,0,0
466,GLOBUS MED INC,COMMON,379577208,3460,175955,SH,,DFND,,175955,0,0
467,GOL LINHAS AEREAS INTLG S A,ADR,38045R107,1398,290591,SH,,DFND,,290591,0,0
468,GOODRICH PETE CORP,OPTION,382410405,1491,100600,SH,Call,DFND,,100600,0,0
469,GOODRICH PETE CORP,OPTION,382410405,1427,96300,SH,Put,DFND,,96300,0,0
470,GOODYEAR TIRE & RUBR CO,COMMON,382550101,1940,85882,SH,,DFND,,85882,0,0
471,GOOGLE INC,COMMON,38259P706,23060,39940,SH,,DFND,,39940,0,0
472,GRAHAM HLDGS CO,COMMON,384637104,3480,4975,SH,,DFND,,4975,0,0
473,GRAN TIERRA ENERGY INC,COMMON,38500T101,777,140347,SH,,DFND,,140347,0,0
474,GRAPHIC PACKAGING HLDG CO,COMMON,388689101,4383,352600,SH,,DFND,,352600,0,0
475,GREAT LAKES DREDGE & DOCK CO,COMMON,390607109,134,21715,SH,,DFND,,21715,0,0
476,GREATBATCH INC,COMMON,39153L106,1443,33880,SH,,DFND,,33880,0,0
477,GREEN PLAINS INC,COMMON,393222104,9479,253505,SH,,DFND,,253505,0,0
478,GREEN PLAINS INC,OPTION,393222104,1302,34800,SH,Call,DFND,,34800,0,0
479,GREEN PLAINS INC,OPTION,393222104,1223,32700,SH,Put,DFND,,32700,0,0
480,GREENBRIER COS INC,BOND,393657AH4,46546,23000000,PRN,,DFND,,0,0,0
481,GROUPON INC,OPTION,399473107,231,34600,SH,Call,DFND,,34600,0,0
482,GROUPON INC,OPTION,399473107,264,39500,SH,Put,DFND,,39500,0,0
483,GUIDEWIRE SOFTWARE INC,OPTION,40171V100,1109,25000,SH,Call,DFND,,25000,0,0
484,GUIDEWIRE SOFTWARE INC,OPTION,40171V100,816,18400,SH,Put,DFND,,18400,0,0
485,HCA HOLDINGS INC,COMMON,40412C101,2707,38384,SH,,DFND,,38384,0,0
486,HCP INC,COMMON,40414L109,7783,196001,SH,,DFND,,196001,0,0
487,HD SUPPLY HLDGS INC,COMMON,40416M105,2090,76670,SH,,DFND,,76670,0,0
488,HALCON RES CORP,COMMON,40537Q209,935,235951,SH,,DFND,,235951,0,0
489,HALLIBURTON CO,COMMON,406216101,409,6339,SH,,DFND,,6339,0,0
490,HALLIBURTON CO,OPTION,406216101,1320,20500,SH,Call,DFND,,20500,0,0
491,HALLIBURTON CO,OPTION,406216101,2156,33400,SH,Put,DFND,,33400,0,0
492,HANOVER INS GROUP INC,COMMON,410867105,1113,18129,SH,,DFND,,18129,0,0
493,HARBINGER GROUP INC,COMMON,41146A106,4813,366850,SH,,DFND,,366850,0,0
494,HARLEY DAVIDSON INC,COMMON,412822108,1138,19547,SH,,DFND,,19547,0,0
495,HARMAN INTL INDS INC,COMMON,413086109,1747,17818,SH,,DFND,,17818,0,0
496,HARMONIC INC,COMMON,413160102,101,15852,SH,,DFND,,15852,0,0
497,HARRIS CORP DEL,COMMON,413875105,8707,131128,SH,,DFND,,131128,0,0
498,HARVEST NATURAL RESOURCES IN,COMMON,41754V103,41,11219,SH,,DFND,,11219,0,0
499,HEALTHSOUTH CORP,COMMON,421924309,3088,83687,SH,,DFND,,83687,0,0
500,HEALTH CARE REIT INC,COMMON,42217K106,39592,634792,SH,,DFND,,634792,0,0
501,HENRY JACK & ASSOC INC,COMMON,426281101,4264,76614,SH,,DFND,,76614,0,0
502,HERSHEY CO,COMMON,427866108,33804,354231,SH,,DFND,,354231,0,0
503,HERSHEY CO,OPTION,427866108,6290,65900,SH,Call,DFND,,65900,0,0
504,HERSHEY CO,OPTION,427866108,7406,77600,SH,Put,DFND,,77600,0,0
505,HERTZ GLOBAL HOLDINGS INC,COMMON,42805T105,10594,417237,SH,,DFND,,417237,0,0
506,HESS CORP,COMMON,42809H107,902,9565,SH,,DFND,,9565,0,0
507,HEWLETT PACKARD CO,COMMON,428236103,60763,1713080,SH,,DFND,,1713080,0,0
508,HEXCEL CORP NEW,COMMON,428291108,2146,54058,SH,,DFND,,54058,0,0
509,HIBBETT SPORTS INC,COMMON,428567101,927,21755,SH,,DFND,,21755,0,0
510,HILL INTERNATIONAL INC,COMMON,431466101,1070,267625,SH,,DFND,,267625,0,0
511,HILL ROM HLDGS INC,COMMON,431475102,541,13047,SH,,DFND,,13047,0,0
512,HILTON WORLDWIDE HLDGS INC,COMMON,43300A104,325,13175,SH,,DFND,,13175,0,0
513,HOLOGIC INC,COMMON,436440101,7104,291970,SH,,DFND,,291970,0,0
514,HOLOGIC INC,BOND,436440AB7,31172,26250000,PRN,,DFND,,0,0,0
515,HOME DEPOT INC,COMMON,437076102,51604,562500,SH,,DFND,,562500,0,0
516,HOME DEPOT INC,OPTION,437076102,1322,14400,SH,Call,DFND,,14400,0,0
517,HOME DEPOT INC,OPTION,437076102,2092,22800,SH,Put,DFND,,22800,0,0
518,HOME PROPERTIES INC,COMMON,437306103,2150,36914,SH,,DFND,,36914,0,0
519,HONEYWELL INTL INC,COMMON,438516106,1882,20202,SH,,DFND,,20202,0,0
520,HUBBELL INC,COMMON,443510201,2919,24215,SH,,DFND,,24215,0,0
521,HUDSON CITY BANCORP,COMMON,443683107,9746,1002634,SH,,DFND,,1002634,0,0
522,HUNTINGTON INGALLS INDS INC,COMMON,446413106,11202,107502,SH,,DFND,,107502,0,0
523,HUNTSMAN CORP,COMMON,447011107,2957,113760,SH,,DFND,,113760,0,0
524,IAC INTERACTIVECORP,COMMON,44919P508,2729,41412,SH,,DFND,,41412,0,0
525,ICU MED INC,COMMON,44930G107,650,10134,SH,,DFND,,10134,0,0
526,ISTAR FINL INC,COMMON,45031U101,2932,217150,SH,,DFND,,217150,0,0
527,ITT EDUCATIONAL SERVICES INC,COMMON,45068B109,65,15125,SH,,DFND,,15125,0,0
528,ICONIX BRAND GROUP INC,BOND,451055AE7,7568,6000000,PRN,,DFND,,0,0,0
529,ICONIX BRAND GROUP INC,BOND,451055AF4,19763,15500000,PRN,,DFND,,0,0,0
530,IDEX CORP,COMMON,45167R104,329,4542,SH,,DFND,,4542,0,0
531,IHS INC,COMMON,451734107,1418,11325,SH,,DFND,,11325,0,0
532,IMMUNOMEDICS INC,COMMON,452907108,161,43266,SH,,DFND,,43266,0,0
533,IMPERVA INC,OPTION,45321L100,1635,56900,SH,Call,DFND,,56900,0,0
534,IMPERVA INC,OPTION,45321L100,2388,83100,SH,Put,DFND,,83100,0,0
535,INFINITY PHARMACEUTICALS INC,COMMON,45665G303,477,35508,SH,,DFND,,35508,0,0
536,INFINITY PHARMACEUTICALS INC,OPTION,45665G303,898,66900,SH,Call,DFND,,66900,0,0
537,INFINITY PHARMACEUTICALS INC,OPTION,45665G303,779,58000,SH,Put,DFND,,58000,0,0
538,INFORMATICA CORP,COMMON,45666Q102,5924,173031,SH,,DFND,,173031,0,0
539,INFINERA CORPORATION,COMMON,45667G103,2027,190000,SH,,DFND,,190000,0,0
540,INFOBLOX INC,COMMON,45672H104,655,44386,SH,,DFND,,44386,0,0
541,INGRAM MICRO INC,COMMON,457153104,413,16014,SH,,DFND,,16014,0,0
542,INSIGHT ENTERPRISES INC,COMMON,45765U103,272,12071,SH,,DFND,,12071,0,0
543,INPHI CORP,COMMON,45772F107,480,33427,SH,,DFND,,33427,0,0
544,INOVIO PHARMACEUTICALS INC,COMMON,45773H201,584,59311,SH,,DFND,,59311,0,0
545,INTEL CORP,COMMON,458140100,31187,895664,SH,,DFND,,895664,0,0
546,INTEL CORP,OPTION,458140100,1399,40200,SH,Call,DFND,,40200,0,0
547,INTEL CORP,OPTION,458140100,2057,59100,SH,Put,DFND,,59100,0,0
548,INTERNATIONAL GAME TECHNOLOG,COMMON,459902102,13599,806105,SH,,DFND,,806105,0,0
549,INTERNATIONAL RECTIFIER CORP,COMMON,460254105,675,17205,SH,,DFND,,17205,0,0
550,INTERPUBLIC GROUP COS INC,COMMON,460690100,1017,55500,SH,,DFND,,55500,0,0
551,INTERVAL LEISURE GROUP INC,COMMON,46113M108,784,41161,SH,,DFND,,41161,0,0
552,INTRALINKS HLDGS INC,COMMON,46118H104,569,70181,SH,,DFND,,70181,0,0
553,INTREXON CORP,COMMON,46122T102,302,16228,SH,,DFND,,16228,0,0
554,INTREXON CORP,OPTION,46122T102,542,29200,SH,Call,DFND,,29200,0,0
555,INTREXON CORP,OPTION,46122T102,601,32400,SH,Put,DFND,,32400,0,0
556,INVESTMENT TECHNOLOGY GRP NE,COMMON,46145F105,207,13113,SH,,DFND,,13113,0,0
557,INVESTORS BANCORP INC NEW,COMMON,46146L101,17252,1703039,SH,,DFND,,1703039,0,0
558,ION GEOPHYSICAL CORP,COMMON,462044108,1093,391840,SH,,DFND,,391840,0,0
559,IRIDIUM COMMUNICATIONS INC,PREF CONV,46269C409,12900,38000,SH,,DFND,,38000,0,0
560,IRON MTN INC,COMMON,462846106,366,11195,SH,,DFND,,11195,0,0
561,ISHARES TR,COMMON,464287234,682,16400,SH,,DFND,,16400,0,0
562,ISIS PHARMACEUTICALS INC,OPTION,464330109,318,8200,SH,Call,DFND,,8200,0,0
563,ISIS PHARMACEUTICALS INC,OPTION,464330109,404,10400,SH,Put,DFND,,10400,0,0
564,JABIL CIRCUIT INC,COMMON,466313103,1792,88821,SH,,DFND,,88821,0,0
565,JACOBS ENGR GROUP INC DEL,COMMON,469814107,8514,174394,SH,,DFND,,174394,0,0
566,JAKKS PAC INC,COMMON,47012E106,241,33933,SH,,DFND,,33933,0,0
567,JANUS CAP GROUP INC,COMMON,47102X105,1744,119923,SH,,DFND,,119923,0,0
568,JANUS CAP GROUP INC,OPTION,47102X105,4507,310000,SH,Put,DFND,,310000,0,0
569,JANUS CAP GROUP INC,BOND,47102XAH8,7050,5000000,PRN,,DFND,,0,0,0
570,JARDEN CORP,BOND,471109AH1,40988,30000000,PRN,,DFND,,0,0,0
571,JOHNSON & JOHNSON,COMMON,478160104,50059,469642,SH,,DFND,,469642,0,0
572,JOHNSON & JOHNSON,OPTION,478160104,7802,73200,SH,Call,DFND,,73200,0,0
573,JOHNSON & JOHNSON,OPTION,478160104,13430,126000,SH,Put,DFND,,126000,0,0
574,J2 GLOBAL INC,BOND,48123VAC6,24922,25000000,PRN,,DFND,,0,0,0
575,JUNIPER NETWORKS INC,COMMON,48203R104,34272,1547282,SH,,DFND,,1547282,0,0
576,JUNIPER NETWORKS INC,OPTION,48203R104,408,18400,SH,Call,DFND,,18400,0,0
577,JUNIPER NETWORKS INC,OPTION,48203R104,423,19100,SH,Put,DFND,,19100,0,0
578,KAR AUCTION SVCS INC,COMMON,48238T109,2921,102026,SH,,DFND,,102026,0,0
579,KBR INC,COMMON,48242W106,666,35379,SH,,DFND,,35379,0,0
580,K12 INC,COMMON,48273U102,2069,129675,SH,,DFND,,129675,0,0
581,KB HOME,OPTION,48666K109,375,25100,SH,Call,DFND,,25100,0,0
582,KB HOME,OPTION,48666K109,430,28800,SH,Put,DFND,,28800,0,0
583,KELLOGG CO,COMMON,487836108,10834,175874,SH,,DFND,,175874,0,0
584,KENNEDY-WILSON HLDGS INC,COMMON,489398107,2844,118666,SH,,DFND,,118666,0,0
585,KEURIG GREEN MTN INC,COMMON,49271M100,1208,9286,SH,,DFND,,9286,0,0
586,KEYCORP NEW,COMMON,493267108,7762,582345,SH,,DFND,,582345,0,0
587,KIMBERLY CLARK CORP,COMMON,494368103,57061,530451,SH,,DFND,,530451,0,0
588,KINDER MORGAN MANAGEMENT LLC,COMMON,49455U100,20525,218000,SH,,DFND,,218000,0,0
589,KINDRED HEALTHCARE INC,COMMON,494580103,417,21508,SH,,DFND,,21508,0,0
590,KNOWLES CORP,COMMON,49926D109,879,33194,SH,,DFND,,33194,0,0
591,KOHLBERG CAPITAL CORP,BOND,500233AB7,12058,10361000,PRN,,DFND,,0,0,0
592,KORN FERRY INTL,COMMON,500643200,602,24201,SH,,DFND,,24201,0,0
593,KRAFT FOODS GROUP INC,COMMON,50076Q106,3248,57609,SH,,DFND,,57609,0,0
594,KRATOS DEFENSE & SEC SOLUTIO,COMMON,50077B207,247,37576,SH,,DFND,,37576,0,0
595,KROGER CO,COMMON,501044101,23654,454890,SH,,DFND,,454890,0,0
596,KULICKE & SOFFA INDS INC,COMMON,501242101,2708,190266,SH,,DFND,,190266,0,0
597,L BRANDS INC,COMMON,501797104,1073,16033,SH,,DFND,,16033,0,0
598,L BRANDS INC,OPTION,501797104,314,4700,SH,Put,DFND,,4700,0,0
599,LPL FINL HLDGS INC,COMMON,50212V100,1500,32572,SH,,DFND,,32572,0,0
600,L-3 COMMUNICATIONS HLDGS INC,COMMON,502424104,284,2385,SH,,DFND,,2385,0,0
601,LA JOLLA PHARMACEUTICAL CO,COMMON,503459604,110,11389,SH,,DFND,,11389,0,0
602,LA Z BOY INC,COMMON,505336107,404,20419,SH,,DFND,,20419,0,0
603,LA Z BOY INC,OPTION,505336107,719,36300,SH,Call,DFND,,36300,0,0
604,LA Z BOY INC,OPTION,505336107,962,48600,SH,Put,DFND,,48600,0,0
605,LABORATORY CORP AMER HLDGS,COMMON,50540R409,22848,224550,SH,,DFND,,224550,0,0
606,LACLEDE GROUP INC,COMMON,505597104,1419,30582,SH,,DFND,,30582,0,0
607,LADENBURG THALMAN FIN SVCS I,COMMON,50575Q102,241,56996,SH,,DFND,,56996,0,0
608,LAM RESEARCH CORP,BOND,512807AJ7,9539,7500000,PRN,,DFND,,0,0,0
609,LANCASTER COLONY CORP,COMMON,513847103,343,4017,SH,,DFND,,4017,0,0
610,LANDS END INC NEW,COMMON,51509F105,3673,89336,SH,,DFND,,89336,0,0
611,LANNET INC,COMMON,516012101,1181,25850,SH,,DFND,,25850,0,0
612,LAS VEGAS SANDS CORP,COMMON,517834107,23682,380688,SH,,DFND,,380688,0,0
613,LAUDER ESTEE COS INC,COMMON,518439104,10494,140451,SH,,DFND,,140451,0,0
614,LAUDER ESTEE COS INC,OPTION,518439104,2362,31600,SH,Call,DFND,,31600,0,0
615,LAUDER ESTEE COS INC,OPTION,518439104,4117,55100,SH,Put,DFND,,55100,0,0
616,LEAR CORP,COMMON,521865204,5476,63366,SH,,DFND,,63366,0,0
617,LEIDOS HLDGS INC,COMMON,525327102,2082,60645,SH,,DFND,,60645,0,0
618,LENNOX INTL INC,COMMON,526107107,1127,14648,SH,,DFND,,14648,0,0
619,LEXMARK INTL NEW,COMMON,529771107,3490,82118,SH,,DFND,,82118,0,0
620,LIBERTY INTERACTIVE CORP,OPTION,53071M880,282,7400,SH,Call,DFND,,7400,0,0
621,LIBERTY INTERACTIVE CORP,OPTION,53071M880,372,9800,SH,Put,DFND,,9800,0,0
622,LIBERTY MEDIA CORP DELAWARE,OPTION,531229102,202,4300,SH,Call,DFND,,4300,0,0
623,LIBERTY MEDIA CORP DELAWARE,OPTION,531229102,212,4500,SH,Put,DFND,,4500,0,0
624,LIGAND PHARMACEUTICALS INC,COMMON,53220K504,790,16808,SH,,DFND,,16808,0,0
625,LINKEDIN CORP,COMMON,53578A108,722,3472,SH,,DFND,,3472,0,0
626,LINKEDIN CORP,OPTION,53578A108,998,4800,SH,Call,DFND,,4800,0,0
627,LINKEDIN CORP,OPTION,53578A108,1559,7500,SH,Put,DFND,,7500,0,0
628,LITHIA MTRS INC,OPTION,536797103,235,3100,SH,Put,DFND,,3100,0,0
629,LIVE NATION ENTERTAINMENT IN,COMMON,538034109,761,31696,SH,,DFND,,31696,0,0
630,LOWES COS INC,COMMON,548661107,29625,559799,SH,,DFND,,559799,0,0
631,LULULEMON ATHLETICA INC,COMMON,550021109,1099,26168,SH,,DFND,,26168,0,0
632,MBIA INC,OPTION,55262C100,653,71100,SH,Call,DFND,,71100,0,0
633,MBIA INC,OPTION,55262C100,994,108200,SH,Put,DFND,,108200,0,0
634,MB FINANCIAL INC NEW,COMMON,55264U108,1303,47089,SH,,DFND,,47089,0,0
635,MGM RESORTS INTERNATIONAL,COMMON,552953101,12787,561315,SH,,DFND,,561315,0,0
636,MGM RESORTS INTERNATIONAL,BOND,55303QAE0,14280,11339000,PRN,,DFND,,0,0,0
637,MRC GLOBAL INC,COMMON,55345K103,1398,59929,SH,,DFND,,59929,0,0
638,MACK CALI RLTY CORP,COMMON,554489104,2950,154319,SH,,DFND,,154319,0,0
639,MACQUARIE INFRASTR CO LLC,COMMON,55608B105,6056,90796,SH,,DFND,,90796,0,0
640,MADDEN STEVEN LTD,COMMON,556269108,219,6784,SH,,DFND,,6784,0,0
641,MADISON SQUARE GARDEN CO,COMMON,55826P100,496,7494,SH,,DFND,,7494,0,0
642,MAGELLAN HEALTH INC,COMMON,559079207,2096,38294,SH,,DFND,,38294,0,0
643,MAGNUM HUNTER RES CORP DEL,COMMON,55973B102,223,40012,SH,,DFND,,40012,0,0
644,MANNKIND CORP,COMMON,56400P201,7480,1265708,SH,,DFND,,1265708,0,0
645,MANPOWERGROUP INC,COMMON,56418H100,2337,33343,SH,,DFND,,33343,0,0
646,MARATHON OIL CORP,OPTION,565849106,451,12000,SH,Call,DFND,,12000,0,0
647,MARATHON OIL CORP,OPTION,565849106,685,18200,SH,Put,DFND,,18200,0,0
648,MARATHON PETE CORP,COMMON,56585A102,38649,456460,SH,,DFND,,456460,0,0
649,MARCHEX INC,COMMON,56624R108,324,78091,SH,,DFND,,78091,0,0
650,MARKEL CORP,COMMON,570535104,8291,13033,SH,,DFND,,13033,0,0
651,MASCO CORP,COMMON,574599106,5394,225480,SH,,DFND,,225480,0,0
652,MASIMO CORP,COMMON,574795100,6236,293011,SH,,DFND,,293011,0,0
653,MAST THERAPEUTICS INC,COMMON,576314108,8,14226,SH,,DFND,,14226,0,0
654,MASTERCARD INC,OPTION,57636Q104,984,13300,SH,Call,DFND,,13300,0,0
655,MASTERCARD INC,OPTION,57636Q104,1146,15500,SH,Put,DFND,,15500,0,0
656,MATRIX SVC CO,COMMON,576853105,1327,55000,SH,,DFND,,55000,0,0
657,MATTEL INC,COMMON,577081102,4387,143114,SH,,DFND,,143114,0,0
658,MAVENIR SYS INC,COMMON,577675101,556,44322,SH,,DFND,,44322,0,0
659,MAXIMUS INC,COMMON,577933104,2445,60930,SH,,DFND,,60930,0,0
660,MCCLATCHY CO,COMMON,579489105,71,20883,SH,,DFND,,20883,0,0
661,MCDONALDS CORP,COMMON,580135101,38715,408342,SH,,DFND,,408342,0,0
662,MCDONALDS CORP,OPTION,580135101,1981,20900,SH,Call,DFND,,20900,0,0
663,MCDONALDS CORP,OPTION,580135101,2303,24300,SH,Put,DFND,,24300,0,0
664,MCGRAW HILL FINL INC,COMMON,580645109,998,11822,SH,,DFND,,11822,0,0
665,MCKESSON CORP,COMMON,58155Q103,42584,218749,SH,,DFND,,218749,0,0
666,MEDASSETS INC,COMMON,584045108,14353,692715,SH,,DFND,,692715,0,0
667,MEDIA GEN INC,COMMON,584404107,279,21285,SH,,DFND,,21285,0,0
668,MEDICINES CO,COMMON,584688105,420,18775,SH,,DFND,,18775,0,0
669,MEDIFAST INC,OPTION,58470H101,1120,34100,SH,Call,DFND,,34100,0,0
670,MEDIFAST INC,OPTION,58470H101,1392,42400,SH,Put,DFND,,42400,0,0
671,MEDNAX INC,COMMON,58502B106,1607,29310,SH,,DFND,,29310,0,0
672,MEDTRONIC INC,OPTION,585055106,483,7800,SH,Call,DFND,,7800,0,0
673,MEDTRONIC INC,OPTION,585055106,576,9300,SH,Put,DFND,,9300,0,0
674,MERCER INTL INC,COMMON,588056101,325,33335,SH,,DFND,,33335,0,0
675,MERCK & CO INC NEW,COMMON,58933Y105,55083,929200,SH,,DFND,,929200,0,0
676,MERCK & CO INC NEW,OPTION,58933Y105,990,16700,SH,Call,DFND,,16700,0,0
677,MERCK & CO INC NEW,OPTION,58933Y105,1939,32700,SH,Put,DFND,,32700,0,0
678,MERIDIAN BANCORP INC MD,COMMON,58958U103,986,93400,SH,,DFND,,93400,0,0
679,MERITAGE HOMES CORP,COMMON,59001A102,343,9674,SH,,DFND,,9674,0,0
680,MERITOR INC,COMMON,59001K100,6952,640745,SH,,DFND,,640745,0,0
681,MICROSOFT CORP,COMMON,594918104,2062,44460,SH,,DFND,,44460,0,0
682,MICROCHIP TECHNOLOGY INC,BOND,595017AB0,83643,45075000,PRN,,DFND,,0,0,0
683,MICRON TECHNOLOGY INC,COMMON,595112103,29840,870990,SH,,DFND,,870990,0,0
684,MICRON TECHNOLOGY INC,OPTION,595112103,32243,941200,SH,Call,DFND,,941200,0,0
685,MICRON TECHNOLOGY INC,OPTION,595112103,6016,175600,SH,Put,DFND,,175600,0,0
686,MICRON TECHNOLOGY INC,BOND,595112AX1,70025,20000000,PRN,,DFND,,0,0,0
687,MICRON TECHNOLOGY INC,BOND,595112AY9,55609,42288000,PRN,,DFND,,0,0,0
688,MODEL N INC,COMMON,607525102,214,21696,SH,,DFND,,21696,0,0
689,MODINE MFG CO,COMMON,607828100,137,11558,SH,,DFND,,11558,0,0
690,MOHAWK INDS INC,COMMON,608190104,1106,8200,SH,,DFND,,8200,0,0
691,MOLINA HEALTHCARE INC,BOND,60855RAC4,12894,10950000,PRN,,DFND,,0,0,0
692,MOLINA HEALTHCARE INC,BOND,60855RAD2,18162,18196000,PRN,,DFND,,0,0,0
693,MOLYCORP INC DEL,COMMON,608753109,4148,3485572,SH,,DFND,,3485572,0,0
694,MONDELEZ INTL INC,COMMON,609207105,19098,557377,SH,,DFND,,557377,0,0
695,MONEYGRAM INTL INC,COMMON,60935Y208,702,55994,SH,,DFND,,55994,0,0
696,MONSANTO CO NEW,COMMON,61166W101,24178,214895,SH,,DFND,,214895,0,0
697,MONSANTO CO NEW,OPTION,61166W101,3173,28200,SH,Call,DFND,,28200,0,0
698,MONSANTO CO NEW,OPTION,61166W101,5434,48300,SH,Put,DFND,,48300,0,0
699,MONSTER BEVERAGE CORP,COMMON,611740101,282,3076,SH,,DFND,,3076,0,0
700,MOSAIC CO NEW,COMMON,61945C103,1648,37118,SH,,DFND,,37118,0,0
701,MUELLER WTR PRODS INC,COMMON,624758108,727,87797,SH,,DFND,,87797,0,0
702,MURPHY OIL CORP,COMMON,626717102,2750,48324,SH,,DFND,,48324,0,0
703,NIC INC,COMMON,62914B100,1366,79296,SH,,DFND,,79296,0,0
704,NMI HLDGS INC,COMMON,629209305,530,61211,SH,,DFND,,61211,0,0
705,NPS PHARMACEUTICALS INC,OPTION,62936P103,5964,229400,SH,Call,DFND,,229400,0,0
706,NRG YIELD INC,COMMON,62942X108,532,11298,SH,,DFND,,11298,0,0
707,NATIONSTAR MTG HLDGS INC,COMMON,63861C109,484,14134,SH,,DFND,,14134,0,0
708,NAUTILUS INC,COMMON,63910B102,404,33678,SH,,DFND,,33678,0,0
709,NEKTAR THERAPEUTICS,COMMON,640268108,132,10914,SH,,DFND,,10914,0,0
710,NETAPP INC,COMMON,64110D104,21437,498994,SH,,DFND,,498994,0,0
711,NETAPP INC,OPTION,64110D104,688,16000,SH,Call,DFND,,16000,0,0
712,NETAPP INC,OPTION,64110D104,868,20200,SH,Put,DFND,,20200,0,0
713,NETGEAR INC,COMMON,64111Q104,399,12762,SH,,DFND,,12762,0,0
714,NETSUITE INC,OPTION,64118Q107,1200,13400,SH,Call,DFND,,13400,0,0
715,NETSUITE INC,OPTION,64118Q107,1450,16200,SH,Put,DFND,,16200,0,0
716,NEUSTAR INC,COMMON,64126X201,790,31809,SH,,DFND,,31809,0,0
717,NEWFIELD EXPL CO,COMMON,651290108,4303,116085,SH,,DFND,,116085,0,0
718,NEWPORT CORP,COMMON,651824104,310,17498,SH,,DFND,,17498,0,0
719,NEXTERA ENERGY INC,COMMON,65339F101,2183,23248,SH,,DFND,,23248,0,0
720,NIKE INC,OPTION,654106103,589,6600,SH,Call,DFND,,6600,0,0
721,NIKE INC,OPTION,654106103,758,8500,SH,Put,DFND,,8500,0,0
722,NISOURCE INC,COMMON,65473P105,300,7300,SH,,DFND,,7300,0,0
723,NORDSTROM INC,OPTION,655664100,492,7200,SH,Call,DFND,,7200,0,0
724,NORDSTROM INC,OPTION,655664100,801,11700,SH,Put,DFND,,11700,0,0
725,NORFOLK SOUTHERN CORP,COMMON,655844108,346,3100,SH,,DFND,,3100,0,0
726,NORTHSTAR ASSET MGMT GROUP I,COMMON,66705Y104,11359,616680,SH,,DFND,,616680,0,0
727,NORTHWEST BANCSHARES INC MD,COMMON,667340103,280,23168,SH,,DFND,,23168,0,0
728,NOVAVAX INC,COMMON,670002104,366,87710,SH,,DFND,,87710,0,0
729,NU SKIN ENTERPRISES INC,COMMON,67018T105,1251,27777,SH,,DFND,,27777,0,0
730,NUANCE COMMUNICATIONS INC,COMMON,67020Y100,1914,124190,SH,,DFND,,124190,0,0
731,NUVEEN NY AMT FREE MUN INCOM,COMMON,670656107,704,55035,SH,,DFND,,55035,0,0
732,NUTRI SYS INC NEW,COMMON,67069D108,1419,92338,SH,,DFND,,92338,0,0
733,O REILLY AUTOMOTIVE INC NEW,COMMON,67103H107,8839,58787,SH,,DFND,,58787,0,0
734,OSI SYSTEMS INC,COMMON,671044105,7214,113635,SH,,DFND,,113635,0,0
735,OASIS PETE INC NEW,COMMON,674215108,1011,24191,SH,,DFND,,24191,0,0
736,OCCIDENTAL PETE CORP DEL,COMMON,674599105,18556,192991,SH,,DFND,,192991,0,0
737,OFFICE DEPOT INC,COMMON,676220106,1529,297420,SH,,DFND,,297420,0,0
738,OIL STS INTL INC,OPTION,678026105,1102,17800,SH,Call,DFND,,17800,0,0
739,OIL STS INTL INC,OPTION,678026105,1268,20500,SH,Put,DFND,,20500,0,0
740,OLD NATL BANCORP IND,COMMON,680033107,1737,133908,SH,,DFND,,133908,0,0
741,OMNICARE INC,COMMON,681904108,7064,113466,SH,,DFND,,113466,0,0
742,OMNICARE INC,BOND,681904AP3,58958,37748000,PRN,,DFND,,0,0,0
743,ON ASSIGNMENT INC,COMMON,682159108,411,15319,SH,,DFND,,15319,0,0
744,ON SEMICONDUCTOR CORP,COMMON,682189105,1979,221397,SH,,DFND,,221397,0,0
745,OPHTHOTECH CORP,OPTION,683745103,3680,94500,SH,Call,DFND,,94500,0,0
746,OPHTHOTECH CORP,OPTION,683745103,2874,73800,SH,Put,DFND,,73800,0,0
747,ORACLE CORP,COMMON,68389X105,58315,1523362,SH,,DFND,,1523362,0,0
748,ORASURE TECHNOLOGIES INC,COMMON,68554V108,75,10261,SH,,DFND,,10261,0,0
749,ORBITZ WORLDWIDE INC,COMMON,68557K109,675,85749,SH,,DFND,,85749,0,0
750,OREXIGEN THERAPEUTICS INC,COMMON,686164104,2086,489632,SH,,DFND,,489632,0,0
751,OSHKOSH CORP,COMMON,688239201,3692,83625,SH,,DFND,,83625,0,0
752,OUTERWALL INC,OPTION,690070107,392,7000,SH,Call,DFND,,7000,0,0
753,OUTERWALL INC,OPTION,690070107,381,6800,SH,Put,DFND,,6800,0,0
754,OVERSTOCK COM INC DEL,COMMON,690370101,394,23351,SH,,DFND,,23351,0,0
755,OWENS CORNING NEW,COMMON,690742101,347,10931,SH,,DFND,,10931,0,0
756,OWENS ILL INC,COMMON,690768403,923,35424,SH,,DFND,,35424,0,0
757,OXFORD INDS INC,COMMON,691497309,2649,43443,SH,,DFND,,43443,0,0
758,PDL BIOPHARMA INC,COMMON,69329Y104,5487,734391,SH,,DFND,,734391,0,0
759,PDL BIOPHARMA INC,BOND,69329YAC8,28378,22389000,PRN,,DFND,,0,0,0
760,PDL BIOPHARMA INC,BOND,69329YAF1,24344,25000000,PRN,,DFND,,0,0,0
761,PG&E CORP,COMMON,69331C108,4038,89658,SH,,DFND,,89658,0,0
762,PMC-SIERRA INC,COMMON,69344F106,681,91259,SH,,DFND,,91259,0,0
763,PNC FINL SVCS GROUP INC,COMMON,693475105,7417,86666,SH,,DFND,,86666,0,0
764,PPG INDS INC,COMMON,693506107,991,5035,SH,,DFND,,5035,0,0
765,PPL CORP,COMMON,69351T106,26535,808015,SH,,DFND,,808015,0,0
766,PRGX GLOBAL INC,COMMON,69357C503,217,37141,SH,,DFND,,37141,0,0
767,PVH CORP,COMMON,693656100,4862,40133,SH,,DFND,,40133,0,0
768,PTC INC,COMMON,69370C100,4114,111493,SH,,DFND,,111493,0,0
769,PACIFIC ETHANOL INC,COMMON,69423U305,1516,108626,SH,,DFND,,108626,0,0
770,PACKAGING CORP AMER,COMMON,695156109,6307,98814,SH,,DFND,,98814,0,0
771,PAN AMERICAN SILVER CORP,COMMON,697900108,220,20000,SH,,DFND,,20000,0,0
772,PANDORA MEDIA INC,OPTION,698354107,403,16700,SH,Call,DFND,,16700,0,0
773,PANDORA MEDIA INC,OPTION,698354107,482,20000,SH,Put,DFND,,20000,0,0
774,PANERA BREAD CO,COMMON,69840W108,9273,56989,SH,,DFND,,56989,0,0
775,PANTRY INC,COMMON,698657103,909,44932,SH,,DFND,,44932,0,0
776,PAPA JOHNS INTL INC,COMMON,698813102,1060,26515,SH,,DFND,,26515,0,0
777,PAR PETE CORP,COMMON,69888T207,13662,810829,SH,,DFND,,810829,0,0
778,PARKER DRILLING CO,COMMON,701081101,287,58048,SH,,DFND,,58048,0,0
779,PARKER HANNIFIN CORP,COMMON,701094104,663,5811,SH,,DFND,,5811,0,0
780,PEABODY ENERGY CORP,COMMON,704549104,913,73704,SH,,DFND,,73704,0,0
781,PEGASYSTEMS INC,COMMON,705573103,2426,126948,SH,,DFND,,126948,0,0
782,PENN NATL GAMING INC,COMMON,707569109,695,61975,SH,,DFND,,61975,0,0
783,PENNEY J C INC,COMMON,708160106,161,16069,SH,,DFND,,16069,0,0
784,PENNEY J C INC,OPTION,708160106,536,53300,SH,Call,DFND,,53300,0,0
785,PENNEY J C INC,OPTION,708160106,427,42500,SH,Put,DFND,,42500,0,0
786,PENSKE AUTOMOTIVE GRP INC,COMMON,70959W103,2393,58944,SH,,DFND,,58944,0,0
787,PEPSICO INC,COMMON,713448108,58316,626441,SH,,DFND,,626441,0,0
788,PEPSICO INC,OPTION,713448108,1312,14100,SH,Call,DFND,,14100,0,0
789,PEPSICO INC,OPTION,713448108,1972,21200,SH,Put,DFND,,21200,0,0
790,PERFICIENT INC,COMMON,71375U101,288,19199,SH,,DFND,,19199,0,0
791,PETROLEO BRASILEIRO SA PETRO,ADR,71654V408,168,11859,SH,,DFND,,11859,0,0
792,PHARMACYCLICS INC,COMMON,716933106,382,3250,SH,,DFND,,3250,0,0
793,PFIZER INC,COMMON,717081103,56636,1915344,SH,,DFND,,1915344,0,0
794,PFIZER INC,OPTION,717081103,1843,62300,SH,Call,DFND,,62300,0,0
795,PFIZER INC,OPTION,717081103,2986,101000,SH,Put,DFND,,101000,0,0
796,PHARMERICA CORP,COMMON,71714F104,306,12561,SH,,DFND,,12561,0,0
797,PHILIP MORRIS INTL INC,COMMON,718172109,57392,688164,SH,,DFND,,688164,0,0
798,PHILLIPS 66,COMMON,718546104,1996,24552,SH,,DFND,,24552,0,0
799,PILGRIMS PRIDE CORP NEW,COMMON,72147K108,822,26912,SH,,DFND,,26912,0,0
800,PINNACLE FOODS INC DEL,COMMON,72348P104,7985,244541,SH,,DFND,,244541,0,0
801,PIONEER ENERGY SVCS CORP,COMMON,723664108,2577,183821,SH,,DFND,,183821,0,0
802,PLUM CREEK TIMBER CO INC,COMMON,729251108,1225,31407,SH,,DFND,,31407,0,0
803,POLYCOM INC,COMMON,73172K104,10337,841354,SH,,DFND,,841354,0,0
804,POLYONE CORP,COMMON,73179P106,2907,81698,SH,,DFND,,81698,0,0
805,POST HLDGS INC,COMMON,737446104,10010,301691,SH,,DFND,,301691,0,0
806,POST HLDGS INC,OPTION,737446104,255,7700,SH,Call,DFND,,7700,0,0
807,POST HLDGS INC,OPTION,737446104,258,7800,SH,Put,DFND,,7800,0,0
808,POWERSHARES QQQ TRUST,OPTION,73935A104,24698,250000,SH,Put,DFND,,250000,0,0
809,PRAXAIR INC,COMMON,74005P104,31004,240334,SH,,DFND,,240334,0,0
810,PRICE T ROWE GROUP INC,COMMON,74144T108,1172,14952,SH,,DFND,,14952,0,0
811,PROASSURANCE CORP,COMMON,74267C106,3779,85744,SH,,DFND,,85744,0,0
812,PROCTER & GAMBLE CO,COMMON,742718109,52664,628898,SH,,DFND,,628898,0,0
813,PROGRESS SOFTWARE CORP,COMMON,743312100,2904,121470,SH,,DFND,,121470,0,0
814,PROGRESSIVE CORP OHIO,COMMON,743315103,48500,1918514,SH,,DFND,,1918514,0,0
815,PROVIDENT FINL SVCS INC,COMMON,74386T105,1065,65011,SH,,DFND,,65011,0,0
816,PRUDENTIAL FINL INC,COMMON,744320102,9656,109798,SH,,DFND,,109798,0,0
817,PUBLIC SVC ENTERPRISE GROUP,COMMON,744573106,10467,281064,SH,,DFND,,281064,0,0
818,PUBLIC STORAGE,COMMON,74460D109,12799,77178,SH,,DFND,,77178,0,0
819,PULTE GROUP INC,COMMON,745867101,270,15270,SH,,DFND,,15270,0,0
820,QEP RES INC,COMMON,74733V100,6333,205770,SH,,DFND,,205770,0,0
821,QUALCOMM INC,COMMON,747525103,42998,575068,SH,,DFND,,575068,0,0
822,QUALCOMM INC,OPTION,747525103,642,8600,SH,Call,DFND,,8600,0,0
823,QUALCOMM INC,OPTION,747525103,614,8200,SH,Put,DFND,,8200,0,0
824,QUALITY SYS INC,COMMON,747582104,458,33290,SH,,DFND,,33290,0,0
825,QUESTAR CORP,COMMON,748356102,2233,100159,SH,,DFND,,100159,0,0
826,ROI ACQUISITION CORP II,UNIT,74966G200,5045,500000,SH,,DFND,,500000,0,0
827,RPM INTL INC,COMMON,749685103,300,6554,SH,,DFND,,6554,0,0
828,RADIAN GROUP INC,COMMON,750236101,852,59726,SH,,DFND,,59726,0,0
829,RADIAN GROUP INC,BOND,750236AK7,37899,27500000,PRN,,DFND,,0,0,0
830,RADNET INC,COMMON,750491102,620,93704,SH,,DFND,,93704,0,0
831,RAMBUS INC DEL,OPTION,750917106,2843,227800,SH,Call,DFND,,227800,0,0
832,RAMBUS INC DEL,OPTION,750917106,2928,234700,SH,Put,DFND,,234700,0,0
833,RAMBUS INC DEL,BOND,750917AE6,3048,2500000,PRN,,DFND,,0,0,0
834,RAPTOR PHARMACEUTICAL CORP,COMMON,75382F106,243,25364,SH,,DFND,,25364,0,0
835,RAYONIER INC,COMMON,754907103,376,12062,SH,,DFND,,12062,0,0
836,RAYTHEON CO,OPTION,755111507,335,3300,SH,Call,DFND,,3300,0,0
837,RAYTHEON CO,OPTION,755111507,457,4500,SH,Put,DFND,,4500,0,0
838,REGAL BELOIT CORP,COMMON,758750103,667,10380,SH,,DFND,,10380,0,0
839,REGIONS FINL CORP NEW,COMMON,7591EP100,15561,1549896,SH,,DFND,,1549896,0,0
840,REINSURANCE GROUP AMER INC,COMMON,759351604,320,3999,SH,,DFND,,3999,0,0
841,RENASANT CORP,COMMON,75970E107,500,18494,SH,,DFND,,18494,0,0
842,REPLIGEN CORP,OPTION,759916109,3132,157300,SH,Call,DFND,,157300,0,0
843,REPLIGEN CORP,OPTION,759916109,3070,154200,SH,Put,DFND,,154200,0,0
844,RENTRAK CORP,OPTION,760174102,451,7400,SH,Call,DFND,,7400,0,0
845,RENTRAK CORP,OPTION,760174102,591,9700,SH,Put,DFND,,9700,0,0
846,REPROS THERAPEUTICS INC,COMMON,76028H209,619,62498,SH,,DFND,,62498,0,0
847,REPUBLIC SVCS INC,COMMON,760759100,23197,594486,SH,,DFND,,594486,0,0
848,RESOURCES CONNECTION INC,COMMON,76122Q105,286,20525,SH,,DFND,,20525,0,0
849,RESTORATION HARDWARE HLDGS I,OPTION,761283100,11956,150300,SH,Put,DFND,,150300,0,0
850,RETAILMENOT INC,COMMON,76132B106,1264,78241,SH,,DFND,,78241,0,0
851,RETAILMENOT INC,OPTION,76132B106,2200,136100,SH,Call,DFND,,136100,0,0
852,RETAILMENOT INC,OPTION,76132B106,2631,162800,SH,Put,DFND,,162800,0,0
853,REX AMERICAN RESOURCES CORP,COMMON,761624105,1229,16859,SH,,DFND,,16859,0,0
854,RICE ENERGY INC,COMMON,762760106,404,15221,SH,,DFND,,15221,0,0
855,RINGCENTRAL INC,COMMON,76680R206,784,61678,SH,,DFND,,61678,0,0
856,RINGCENTRAL INC,OPTION,76680R206,133,10500,SH,Put,DFND,,10500,0,0
857,RITE AID CORP,COMMON,767754104,11740,2425546,SH,,DFND,,2425546,0,0
858,ROCK-TENN CO,COMMON,772739207,2184,45917,SH,,DFND,,45917,0,0
859,ROCKET FUEL INC,COMMON,773111109,211,13359,SH,,DFND,,13359,0,0
860,ROCKET FUEL INC,OPTION,773111109,298,18800,SH,Call,DFND,,18800,0,0
861,ROCKET FUEL INC,OPTION,773111109,335,21200,SH,Put,DFND,,21200,0,0
862,ROCKWELL AUTOMATION INC,COMMON,773903109,7928,72149,SH,,DFND,,72149,0,0
863,ROCKWOOD HLDGS INC,COMMON,774415103,5672,74198,SH,,DFND,,74198,0,0
864,ROPER INDS INC NEW,COMMON,776696106,371,2535,SH,,DFND,,2535,0,0
865,ROSS STORES INC,COMMON,778296103,737,9748,SH,,DFND,,9748,0,0
866,ROVI CORP,COMMON,779376102,3084,156211,SH,,DFND,,156211,0,0
867,ROYAL BK CDA MONTREAL QUE,COMMON,780087102,336,4700,SH,,DFND,,4700,0,0
868,RUBICON TECHNOLOGY INC,OPTION,78112T107,374,87800,SH,Call,DFND,,87800,0,0
869,RUBICON TECHNOLOGY INC,OPTION,78112T107,473,111300,SH,Put,DFND,,111300,0,0
870,RUBY TUESDAY INC,COMMON,781182100,62,10538,SH,,DFND,,10538,0,0
871,RUTHS HOSPITALITY GROUP INC,COMMON,783332109,321,29078,SH,,DFND,,29078,0,0
872,RYLAND GROUP INC,BOND,783764AQ6,31438,25520000,PRN,,DFND,,0,0,0
873,S & T BANCORP INC,COMMON,783859101,505,21516,SH,,DFND,,21516,0,0
874,SBA COMMUNICATIONS CORP,COMMON,78388J106,12764,115093,SH,,DFND,,115093,0,0
875,SL GREEN RLTY CORP,COMMON,78440X101,1094,10795,SH,,DFND,,10795,0,0
876,SLM CORP,OPTION,78442P106,102,11900,SH,Call,DFND,,11900,0,0
877,SLM CORP,OPTION,78442P106,94,11000,SH,Put,DFND,,11000,0,0
878,SM ENERGY CO,COMMON,78454L100,21446,274937,SH,,DFND,,274937,0,0
879,SPDR S&P 500 ETF TR,OPTION,78462F103,39404,200000,SH,Put,DFND,,200000,0,0
880,SPX CORP,COMMON,784635104,1846,19650,SH,,DFND,,19650,0,0
881,SVB FINL GROUP,COMMON,78486Q101,1151,10276,SH,,DFND,,10276,0,0
882,SABRA HEALTH CARE REIT INC,COMMON,78573L106,1740,71525,SH,,DFND,,71525,0,0
883,SABRE CORP,COMMON,78573M104,6051,337750,SH,,DFND,,337750,0,0
884,SAFEGUARD SCIENTIFICS INC,BOND,786449AK4,26071,21271000,PRN,,DFND,,0,0,0
885,ST JUDE MED INC,COMMON,790849103,15557,258721,SH,,DFND,,258721,0,0
886,SALESFORCE COM INC,COMMON,79466L302,345,6003,SH,,DFND,,6003,0,0
887,SALESFORCE COM INC,OPTION,79466L302,376,6500,SH,Call,DFND,,6500,0,0
888,SALESFORCE COM INC,OPTION,79466L302,375,6500,SH,Put,DFND,,6500,0,0
889,SALIX PHARMACEUTICALS INC,COMMON,795435106,9163,58650,SH,,DFND,,58650,0,0
890,SALIX PHARMACEUTICALS INC,OPTION,795435106,11718,75000,SH,Call,DFND,,75000,0,0
891,SALIX PHARMACEUTICALS INC,BOND,795435AC0,94629,28200000,PRN,,DFND,,0,0,0
892,SALIX PHARMACEUTICALS INC,BOND,795435AE6,42328,17500000,PRN,,DFND,,0,0,0
893,SANCHEZ ENERGY CORP,COMMON,79970Y105,745,28393,SH,,DFND,,28393,0,0
894,SANDERSON FARMS INC,COMMON,800013104,13452,152951,SH,,DFND,,152951,0,0
895,SANDISK CORP,BOND,80004CAD3,65548,34084000,PRN,,DFND,,0,0,0
896,SANDRIDGE ENERGY INC,COMMON,80007P307,540,125941,SH,,DFND,,125941,0,0
897,SANGAMO BIOSCIENCES INC,COMMON,800677106,724,67194,SH,,DFND,,67194,0,0
898,SANMINA CORPORATION,COMMON,801056102,964,46240,SH,,DFND,,46240,0,0
899,SANTANDER CONSUMER USA HDG I,COMMON,80283M101,905,50819,SH,,DFND,,50819,0,0
900,SAPIENT CORP,COMMON,803062108,202,14392,SH,,DFND,,14392,0,0
901,SCIENCE APPLICATNS INTL CP N,COMMON,808625107,442,9986,SH,,DFND,,9986,0,0
902,SCOTTS MIRACLE GRO CO,COMMON,810186106,3943,71683,SH,,DFND,,71683,0,0
903,SEACHANGE INTL INC,COMMON,811699107,335,48182,SH,,DFND,,48182,0,0
904,SEACOR HOLDINGS INC,BOND,811904AM3,19851,18296000,PRN,,DFND,,0,0,0
905,SENIOR HSG PPTYS TR,COMMON,81721M109,6761,323167,SH,,DFND,,323167,0,0
906,SEQUENOM INC,COMMON,817337405,57,19326,SH,,DFND,,19326,0,0
907,SERVICESOURCE INTL LLC,BOND,81763UAB6,5663,7500000,PRN,,DFND,,0,0,0
908,SHIRE PLC,ADR,82481R106,20724,80000,SH,,DFND,,80000,0,0
909,SHORETEL INC,COMMON,825211105,876,131727,SH,,DFND,,131727,0,0
910,SIGMA ALDRICH CORP,COMMON,826552101,6946,51073,SH,,DFND,,51073,0,0
911,SIGMA ALDRICH CORP,OPTION,826552101,204,1500,SH,Put,DFND,,1500,0,0
912,SIGNATURE BK NEW YORK N Y,COMMON,82669G104,676,6034,SH,,DFND,,6034,0,0
913,SILICON MOTION TECHNOLOGY CO,ADR,82706C108,2946,109365,SH,,DFND,,109365,0,0
914,SILICON GRAPHICS INTL CORP,COMMON,82706L108,157,17069,SH,,DFND,,17069,0,0
915,SILICON GRAPHICS INTL CORP,OPTION,82706L108,1374,148800,SH,Call,DFND,,148800,0,0
916,SILICON GRAPHICS INTL CORP,OPTION,82706L108,989,107100,SH,Put,DFND,,107100,0,0
917,SILVER EAGLE ACQUISITION COR,UNIT,827694209,15480,1500000,SH,,DFND,,1500000,0,0
918,SILVER SPRING NETWORKS INC,COMMON,82817Q103,153,15924,SH,,DFND,,15924,0,0
919,SIMON PPTY GROUP INC NEW,COMMON,828806109,31827,193571,SH,,DFND,,193571,0,0
920,SIX FLAGS ENTMT CORP NEW,COMMON,83001A102,6476,188290,SH,,DFND,,188290,0,0
921,SKECHERS U S A INC,COMMON,830566105,896,16815,SH,,DFND,,16815,0,0
922,SKECHERS U S A INC,OPTION,830566105,1284,24100,SH,Call,DFND,,24100,0,0
923,SKECHERS U S A INC,OPTION,830566105,1824,34200,SH,Put,DFND,,34200,0,0
924,SKULLCANDY INC,COMMON,83083J104,519,66706,SH,,DFND,,66706,0,0
925,SMUCKER J M CO,COMMON,832696405,3228,32606,SH,,DFND,,32606,0,0
926,SOLAR CAP LTD,COMMON,83413U100,643,34427,SH,,DFND,,34427,0,0
927,SOLARCITY CORP,COMMON,83416T100,1168,19600,SH,,DFND,,19600,0,0
928,SOLERA HOLDINGS INC,COMMON,83421A104,1509,26773,SH,,DFND,,26773,0,0
929,SONIC AUTOMOTIVE INC,COMMON,83545G102,1049,42785,SH,,DFND,,42785,0,0
930,SONUS NETWORKS INC,COMMON,835916107,92,26656,SH,,DFND,,26656,0,0
931,SOUTH JERSEY INDS INC,COMMON,838518108,884,16572,SH,,DFND,,16572,0,0
932,SOUTHWESTERN ENERGY CO,COMMON,845467109,46327,1325523,SH,,DFND,,1325523,0,0
933,SPANSION INC,COMMON,84649R200,2389,104840,SH,,DFND,,104840,0,0
934,SPANSION INC,OPTION,84649R200,356,15600,SH,Call,DFND,,15600,0,0
935,SPANSION INC,OPTION,84649R200,362,15900,SH,Put,DFND,,15900,0,0
936,SPECTRA ENERGY CORP,COMMON,847560109,5758,146661,SH,,DFND,,146661,0,0
937,SPECTRANETICS CORP,OPTION,84760C107,542,20400,SH,Call,DFND,,20400,0,0
938,SPECTRANETICS CORP,OPTION,84760C107,736,27700,SH,Put,DFND,,27700,0,0
939,SPECTRANETICS CORP,BOND,84760CAA5,14031,12500000,PRN,,DFND,,0,0,0
940,SPIRIT AEROSYSTEMS HLDGS INC,COMMON,848574109,7966,209277,SH,,DFND,,209277,0,0
941,SPIRIT RLTY CAP INC NEW,BOND,84860WAA0,13993,14500000,PRN,,DFND,,0,0,0
942,SPIRIT RLTY CAP INC NEW,BOND,84860WAB8,17471,18000000,PRN,,DFND,,0,0,0
943,SPLUNK INC,OPTION,848637104,2586,46700,SH,Call,DFND,,46700,0,0
944,SPLUNK INC,OPTION,848637104,2586,46700,SH,Put,DFND,,46700,0,0
945,SPORTSMANS WHSE HLDGS INC,COMMON,84920Y106,189,28000,SH,,DFND,,28000,0,0
946,SPROUTS FMRS MKT INC,COMMON,85208M102,2663,91633,SH,,DFND,,91633,0,0
947,STANLEY BLACK & DECKER INC,COMMON,854502101,1813,20415,SH,,DFND,,20415,0,0
948,STARBUCKS CORP,COMMON,855244109,14119,187103,SH,,DFND,,187103,0,0
949,STARBUCKS CORP,OPTION,855244109,1487,19700,SH,Call,DFND,,19700,0,0
950,STARBUCKS CORP,OPTION,855244109,1939,25700,SH,Put,DFND,,25700,0,0
951,STARWOOD PPTY TR INC,BOND,85571BAA3,17717,16548000,PRN,,DFND,,0,0,0
952,STERICYCLE INC,COMMON,858912108,23171,198793,SH,,DFND,,198793,0,0
953,STERLING BANCORP DEL,COMMON,85917A100,154,12026,SH,,DFND,,12026,0,0
954,STERLING CONSTRUCTION CO INC,COMMON,859241101,180,23479,SH,,DFND,,23479,0,0
955,STILLWATER MNG CO,COMMON,86074Q102,519,34537,SH,,DFND,,34537,0,0
956,STONE ENERGY CORP,COMMON,861642106,5058,161284,SH,,DFND,,161284,0,0
957,SUNEDISON INC,COMMON,86732Y109,223,11815,SH,,DFND,,11815,0,0
958,SUNEDISON INC,OPTION,86732Y109,3947,209100,SH,Call,DFND,,209100,0,0
959,SUNEDISON INC,OPTION,86732Y109,1248,66100,SH,Put,DFND,,66100,0,0
960,SUNPOWER CORP,BOND,867652AE9,3035,2000000,PRN,,DFND,,0,0,0
961,SUNTRUST BKS INC,COMMON,867914103,1688,44370,SH,,DFND,,44370,0,0
962,SUNTRUST BKS INC,WARRANT,867914111,2155,500000,SH,,DFND,,500000,0,0
963,SUPER MICRO COMPUTER INC,COMMON,86800U104,466,15838,SH,,DFND,,15838,0,0
964,SUPER MICRO COMPUTER INC,OPTION,86800U104,1013,34400,SH,Call,DFND,,34400,0,0
965,SUPER MICRO COMPUTER INC,OPTION,86800U104,1080,36700,SH,Put,DFND,,36700,0,0
966,SWIFT TRANSN CO,COMMON,87074U101,6928,330214,SH,,DFND,,330214,0,0
967,SYMANTEC CORP,COMMON,871503108,51729,2200343,SH,,DFND,,2200343,0,0
968,SYNOPSYS INC,COMMON,871607107,15076,379809,SH,,DFND,,379809,0,0
969,SYNOVUS FINL CORP,COMMON,87161C501,329,13944,SH,,DFND,,13944,0,0
970,SYNTA PHARMACEUTICALS CORP,COMMON,87162T206,1273,423031,SH,,DFND,,423031,0,0
971,TCF FINL CORP,COMMON,872275102,5567,358434,SH,,DFND,,358434,0,0
972,TJX COS INC NEW,COMMON,872540109,38166,645024,SH,,DFND,,645024,0,0
973,TJX COS INC NEW,OPTION,872540109,2373,40100,SH,Call,DFND,,40100,0,0
974,TJX COS INC NEW,OPTION,872540109,3343,56500,SH,Put,DFND,,56500,0,0
975,TRW AUTOMOTIVE INC,BOND,87264MAH2,147377,43077000,PRN,,DFND,,0,0,0
976,TRW AUTOMOTIVE HLDGS CORP,COMMON,87264S106,6307,62284,SH,,DFND,,62284,0,0
977,TABLEAU SOFTWARE INC,OPTION,87336U105,792,10900,SH,Call,DFND,,10900,0,0
978,TABLEAU SOFTWARE INC,OPTION,87336U105,872,12000,SH,Put,DFND,,12000,0,0
979,TAIWAN SEMICONDUCTOR MFG LTD,ADR,874039100,4007,198600,SH,,DFND,,198600,0,0
980,TAKE-TWO INTERACTIVE SOFTWAR,BOND,874054AD1,19617,15900000,PRN,,DFND,,0,0,0
981,TANDEM DIABETES CARE INC,COMMON,875372104,306,22790,SH,,DFND,,22790,0,0
982,TARGET CORP,OPTION,87612E106,1567,25000,SH,Call,DFND,,25000,0,0
983,TARGET CORP,OPTION,87612E106,2275,36300,SH,Put,DFND,,36300,0,0
984,TARGA RES CORP,OPTION,87612G101,450,3300,SH,Put,DFND,,3300,0,0
985,TASER INTL INC,OPTION,87651B104,167,10800,SH,Call,DFND,,10800,0,0
986,TASER INTL INC,OPTION,87651B104,175,11300,SH,Put,DFND,,11300,0,0
987,TEMPUR SEALY INTL INC,COMMON,88023U101,1637,29126,SH,,DFND,,29126,0,0
988,TENNECO INC,COMMON,880349105,4259,81420,SH,,DFND,,81420,0,0
989,TEREX CORP NEW,COMMON,880779103,1629,51299,SH,,DFND,,51299,0,0
990,TERRAPIN 3 ACQUISITION CORP,UNIT,88104P203,7538,750000,SH,,DFND,,750000,0,0
991,TESARO INC,COMMON,881569107,3042,113000,SH,,DFND,,113000,0,0
992,TESORO CORP,COMMON,881609101,4653,76301,SH,,DFND,,76301,0,0
993,TESLA MTRS INC,BOND,88160RAB7,26125,27500000,PRN,,DFND,,0,0,0
994,TESLA MTRS INC,BOND,88160RAC5,2375,2500000,PRN,,DFND,,0,0,0
995,TEXAS INSTRS INC,OPTION,882508104,5065,106200,SH,Call,DFND,,106200,0,0
996,TEXAS INSTRS INC,OPTION,882508104,7363,154400,SH,Put,DFND,,154400,0,0
997,TEXTURA CORP,OPTION,883211104,1040,39400,SH,Call,DFND,,39400,0,0
998,TEXTURA CORP,OPTION,883211104,1096,41500,SH,Put,DFND,,41500,0,0
999,THERAPEUTICSMD INC,COMMON,88338N107,130,28059,SH,,DFND,,28059,0,0
1000,THERAVANCE INC,OPTION,88338T104,1307,76500,SH,Put,DFND,,76500,0,0
1001,THERAVANCE INC,BOND,88338TAB0,33254,34820000,PRN,,DFND,,0,0,0
1002,THERMO FISHER SCIENTIFIC INC,COMMON,883556102,601,4939,SH,,DFND,,4939,0,0
1003,THOR INDS INC,COMMON,885160101,554,10765,SH,,DFND,,10765,0,0
1004,THORATEC CORP,COMMON,885175307,1758,65752,SH,,DFND,,65752,0,0
1005,THRESHOLD PHARMACEUTICAL INC,COMMON,885807206,920,254913,SH,,DFND,,254913,0,0
1006,TIBCO SOFTWARE INC,COMMON,88632Q103,2216,93776,SH,,DFND,,93776,0,0
1007,TIBCO SOFTWARE INC,OPTION,88632Q103,440,18600,SH,Put,DFND,,18600,0,0
1008,TIDEWATER INC,OPTION,886423102,242,6200,SH,Put,DFND,,6200,0,0
1009,TIM HORTONS INC,COMMON,88706M103,3152,40000,SH,,DFND,,40000,0,0
1010,TIME WARNER CABLE INC,COMMON,88732J207,46010,320650,SH,,DFND,,320650,0,0
1011,TIMKEN CO,COMMON,887389104,902,21282,SH,,DFND,,21282,0,0
1012,TITAN MACHY INC,BOND,88830RAB7,4549,5951000,PRN,,DFND,,0,0,0
1013,TIVO INC,COMMON,888706108,11385,889829,SH,,DFND,,889829,0,0
1014,TIVO INC,OPTION,888706108,185,14400,SH,Call,DFND,,14400,0,0
1015,TIVO INC,OPTION,888706108,188,14700,SH,Put,DFND,,14700,0,0
1016,TORO CO,COMMON,891092108,2891,48822,SH,,DFND,,48822,0,0
1017,TORONTO DOMINION BK ONT,COMMON,891160509,1067,21600,SH,,DFND,,21600,0,0
1018,TOWERS WATSON & CO,COMMON,891894107,2861,28754,SH,,DFND,,28754,0,0
1019,TRAVELCENTERS OF AMERICA LLC,COMMON,894174101,189,19154,SH,,DFND,,19154,0,0
1020,TRIMAS CORP,COMMON,896215209,2907,119494,SH,,DFND,,119494,0,0
1021,TRINA SOLAR LIMITED,ADR,89628E104,3018,250000,SH,,DFND,,250000,0,0
1022,TRIUMPH GROUP INC NEW,COMMON,896818101,282,4334,SH,,DFND,,4334,0,0
1023,TRULIA INC,COMMON,897888103,2445,50000,SH,,DFND,,50000,0,0
1024,TUPPERWARE BRANDS CORP,COMMON,899896104,486,7043,SH,,DFND,,7043,0,0
1025,TWITTER INC,OPTION,90184L102,521,10100,SH,Call,DFND,,10100,0,0
1026,TWITTER INC,OPTION,90184L102,696,13500,SH,Put,DFND,,13500,0,0
1027,II VI INC,COMMON,902104108,804,68326,SH,,DFND,,68326,0,0
1028,TYSON FOODS INC,COMMON,902494103,64193,1630510,SH,,DFND,,1630510,0,0
1029,TYSON FOODS INC,PREF CONV,902494301,30216,600000,SH,,DFND,,600000,0,0
1030,UIL HLDG CORP,COMMON,902748102,5271,148904,SH,,DFND,,148904,0,0
1031,US BANCORP DEL,COMMON,902973304,5947,142175,SH,,DFND,,142175,0,0
1032,U S SILICA HLDGS INC,COMMON,90346E103,235,3765,SH,,DFND,,3765,0,0
1033,ULTA SALON COSMETCS & FRAG I,COMMON,90384S303,2357,19947,SH,,DFND,,19947,0,0
1034,ULTIMATE SOFTWARE GROUP INC,OPTION,90385D107,9170,64800,SH,Call,DFND,,64800,0,0
1035,ULTIMATE SOFTWARE GROUP INC,OPTION,90385D107,11363,80300,SH,Put,DFND,,80300,0,0
1036,UNDER ARMOUR INC,OPTION,904311107,1444,20900,SH,Call,DFND,,20900,0,0
1037,UNDER ARMOUR INC,OPTION,904311107,1770,25600,SH,Put,DFND,,25600,0,0
1038,UNION PAC CORP,COMMON,907818108,52526,484468,SH,,DFND,,484468,0,0
1039,UNISYS CORP,OPTION,909214306,499,21300,SH,Call,DFND,,21300,0,0
1040,UNISYS CORP,OPTION,909214306,549,23500,SH,Put,DFND,,23500,0,0
1041,UNIT CORP,COMMON,909218109,3610,61552,SH,,DFND,,61552,0,0
1042,UNITED CONTL HLDGS INC,COMMON,910047109,5722,122290,SH,,DFND,,122290,0,0
1043,UNITED INS HLDGS CORP,OPTION,910710102,155,10300,SH,Call,DFND,,10300,0,0
1044,UNITED INS HLDGS CORP,OPTION,910710102,250,16600,SH,Put,DFND,,16600,0,0
1045,UNITED NAT FOODS INC,COMMON,911163103,1930,31397,SH,,DFND,,31397,0,0
1046,UNITED ONLINE INC,COMMON,911268209,512,46840,SH,,DFND,,46840,0,0
1047,UNITED PARCEL SERVICE INC,COMMON,911312106,16851,171443,SH,,DFND,,171443,0,0
1048,UNITED PARCEL SERVICE INC,OPTION,911312106,482,4900,SH,Call,DFND,,4900,0,0
1049,UNITED PARCEL SERVICE INC,OPTION,911312106,964,9800,SH,Put,DFND,,9800,0,0
1050,UNITED RENTALS INC,COMMON,911363109,202,1818,SH,,DFND,,1818,0,0
1051,UNITED STATES STL CORP NEW,COMMON,912909108,2952,75338,SH,,DFND,,75338,0,0
1052,UNITED STATES STL CORP NEW,BOND,912909AH1,34030,20750000,PRN,,DFND,,0,0,0
1053,UNITED TECHNOLOGIES CORP,COMMON,913017109,31148,294966,SH,,DFND,,294966,0,0
1054,UNIVERSAL INS HLDGS INC,OPTION,91359V107,259,20100,SH,Put,DFND,,20100,0,0
1055,UNIVERSAL HLTH SVCS INC,COMMON,913903100,3973,38017,SH,,DFND,,38017,0,0
1056,VALEANT PHARMACEUTICALS INTL,COMMON,91911K102,18232,138963,SH,,DFND,,138963,0,0
1057,VALERO ENERGY CORP NEW,COMMON,91913Y100,55094,1190700,SH,,DFND,,1190700,0,0
1058,VALERO ENERGY PARTNERS LP,OPTION,91914J102,638,14300,SH,Call,DFND,,14300,0,0
1059,VALERO ENERGY PARTNERS LP,OPTION,91914J102,527,11800,SH,Put,DFND,,11800,0,0
1060,VECTOR GROUP LTD,COMMON,92240M108,340,15332,SH,,DFND,,15332,0,0
1061,VENTAS INC,COMMON,92276F100,30445,491450,SH,,DFND,,491450,0,0
1062,VERA BRADLEY INC,OPTION,92335C106,2722,131600,SH,Call,DFND,,131600,0,0
1063,VERA BRADLEY INC,OPTION,92335C106,2442,118100,SH,Put,DFND,,118100,0,0
1064,VERASTEM INC,COMMON,92337C104,399,46860,SH,,DFND,,46860,0,0
1065,VERIFONE SYS INC,COMMON,92342Y109,3816,110999,SH,,DFND,,110999,0,0
1066,VERIZON COMMUNICATIONS INC,COMMON,92343V104,34068,681489,SH,,DFND,,681489,0,0
1067,VERISK ANALYTICS INC,COMMON,92345Y106,8085,132786,SH,,DFND,,132786,0,0
1068,VIACOM INC NEW,COMMON,92553P201,16599,215743,SH,,DFND,,215743,0,0
1069,VISA INC,COMMON,92826C839,347,1622,SH,,DFND,,1622,0,0
1070,VIRTUS INVT PARTNERS INC,COMMON,92828Q109,970,5588,SH,,DFND,,5588,0,0
1071,VIVUS INC,COMMON,928551100,929,240600,SH,,DFND,,240600,0,0
1072,VMWARE INC,COMMON,928563402,954,10166,SH,,DFND,,10166,0,0
1073,VONAGE HLDGS CORP,COMMON,92886T201,166,50789,SH,,DFND,,50789,0,0
1074,VORNADO RLTY TR,COMMON,929042109,15864,158703,SH,,DFND,,158703,0,0
1075,W & T OFFSHORE INC,COMMON,92922P106,667,60600,SH,,DFND,,60600,0,0
1076,WABCO HLDGS INC,COMMON,92927K102,523,5745,SH,,DFND,,5745,0,0
1077,WSFS FINL CORP,COMMON,929328102,551,7691,SH,,DFND,,7691,0,0
1078,WL ROSS HLDG CORP,WARRANT,92939D112,410,500000,SH,,DFND,,500000,0,0
1079,WABTEC CORP,COMMON,929740108,454,5609,SH,,DFND,,5609,0,0
1080,WABTEC CORP,OPTION,929740108,542,6700,SH,Call,DFND,,6700,0,0
1081,WABTEC CORP,OPTION,929740108,828,10200,SH,Put,DFND,,10200,0,0
1082,WADDELL & REED FINL INC,COMMON,930059100,3014,58303,SH,,DFND,,58303,0,0
1083,WAL-MART STORES INC,COMMON,931142103,43877,573780,SH,,DFND,,573780,0,0
1084,WALGREEN CO,COMMON,931422109,10115,170668,SH,,DFND,,170668,0,0
1085,WALTER ENERGY INC,COMMON,93317Q105,76,32328,SH,,DFND,,32328,0,0
1086,WALTER ENERGY INC,OPTION,93317Q105,80,34200,SH,Call,DFND,,34200,0,0
1087,WALTER ENERGY INC,OPTION,93317Q105,76,32400,SH,Put,DFND,,32400,0,0
1088,WALTER INVT MGMT CORP,BOND,93317WAA0,7582,9000000,PRN,,DFND,,0,0,0
1089,WASTE CONNECTIONS INC,COMMON,941053100,10000,206096,SH,,DFND,,206096,0,0
1090,WEB COM GROUP INC,COMMON,94733A104,4143,207559,SH,,DFND,,207559,0,0
1091,WEB COM GROUP INC,OPTION,94733A104,733,36700,SH,Call,DFND,,36700,0,0
1092,WEB COM GROUP INC,OPTION,94733A104,593,29700,SH,Put,DFND,,29700,0,0
1093,WELLPOINT INC,COMMON,94973V107,1988,16626,SH,,DFND,,16626,0,0
1094,WELLPOINT INC,BOND,94973VBG1,8234,5000000,PRN,,DFND,,0,0,0
1095,WELLS FARGO & CO NEW,COMMON,949746101,21864,421518,SH,,DFND,,421518,0,0
1096,WESCO INTL INC,BOND,95082PAH8,41738,15000000,PRN,,DFND,,0,0,0
1097,WESTERN DIGITAL CORP,COMMON,958102105,13205,135693,SH,,DFND,,135693,0,0
1098,WESTERN REFNG INC,COMMON,959319104,696,16568,SH,,DFND,,16568,0,0
1099,WHITING PETE CORP NEW,COMMON,966387102,12453,160581,SH,,DFND,,160581,0,0
1100,WORLD WRESTLING ENTMT INC,OPTION,98156Q108,270,19600,SH,Call,DFND,,19600,0,0
1101,WORLD WRESTLING ENTMT INC,OPTION,98156Q108,555,40300,SH,Put,DFND,,40300,0,0
1102,WPX ENERGY INC,COMMON,98212B103,6500,270128,SH,,DFND,,270128,0,0
1103,XPO LOGISTICS INC,BOND,983793AA8,27287,11556000,PRN,,DFND,,0,0,0
1104,XILINX INC,OPTION,983919101,3417,80700,SH,Call,DFND,,80700,0,0
1105,XILINX INC,OPTION,983919101,5730,135300,SH,Put,DFND,,135300,0,0
1106,XEROX CORP,COMMON,984121103,1900,143608,SH,,DFND,,143608,0,0
1107,XEROX CORP,OPTION,984121103,2611,197400,SH,Call,DFND,,197400,0,0
1108,XEROX CORP,OPTION,984121103,2763,208800,SH,Put,DFND,,208800,0,0
1109,XOOM CORP,OPTION,98419Q101,2764,125900,SH,Call,DFND,,125900,0,0
1110,XOOM CORP,OPTION,98419Q101,3438,156600,SH,Put,DFND,,156600,0,0
1111,YRC WORLDWIDE INC,COMMON,984249607,370,18223,SH,,DFND,,18223,0,0
1112,YRC WORLDWIDE INC,OPTION,984249607,1319,64900,SH,Call,DFND,,64900,0,0
1113,YRC WORLDWIDE INC,OPTION,984249607,1030,50700,SH,Put,DFND,,50700,0,0
1114,YAHOO INC,COMMON,984332106,5399,132486,SH,,DFND,,132486,0,0
1115,YELP INC,OPTION,985817105,819,12000,SH,Call,DFND,,12000,0,0
1116,YELP INC,OPTION,985817105,1024,15000,SH,Put,DFND,,15000,0,0
1117,YUM BRANDS INC,COMMON,988498101,7804,108417,SH,,DFND,,108417,0,0
1118,YUM BRANDS INC,OPTION,988498101,1259,17500,SH,Call,DFND,,17500,0,0
1119,YUM BRANDS INC,OPTION,988498101,1497,20800,SH,Put,DFND,,20800,0,0
1120,ZAGG INC,COMMON,98884U108,228,40784,SH,,DFND,,40784,0,0
1121,ZILLOW INC,COMMON,98954A107,317,2731,SH,,DFND,,2731,0,0
1122,ZILLOW INC,OPTION,98954A107,977,8400,SH,Call,DFND,,8400,0,0
1123,ZILLOW INC,OPTION,98954A107,1532,13200,SH,Put,DFND,,13200,0,0
1124,ZIMMER HLDGS INC,COMMON,98956P102,55174,548726,SH,,DFND,,548726,0,0
1125,ZIONS BANCORPORATION,WARRANT,989701115,712,139694,SH,,DFND,,139694,0,0
1126,ZIX CORP,COMMON,98974P100,111,32239,SH,,DFND,,32239,0,0
1127,ZULILY INC,OPTION,989774104,677,17800,SH,Call,DFND,,17800,0,0
1128,ZULILY INC,OPTION,989774104,808,21300,SH,Put,DFND,,21300,0,0
1129,ZOETIS INC,COMMON,98978V103,1157,31302,SH,,DFND,,31302,0,0
1130,ZYNGA INC,COMMON,98986T108,130,47881,SH,,DFND,,47881,0,0
1131,ZYNGA INC,OPTION,98986T108,86,31800,SH,Call,DFND,,31800,0,0
1132,ZYNGA INC,OPTION,98986T108,123,45400,SH,Put,DFND,,45400,0,0
1133,ACTAVIS PLC,COMMON,G0083B108,10096,41844,SH,,DFND,,41844,0,0
1134,ASSURED GUARANTY LTD,OPTION,G0585R106,328,14800,SH,Call,DFND,,14800,0,0
1135,ASSURED GUARANTY LTD,OPTION,G0585R106,337,15200,SH,Put,DFND,,15200,0,0
1136,ENERGY XXI BERMUDA LTD,COMMON,G10082140,896,78985,SH,,DFND,,78985,0,0
1137,COVIDIEN PLC,COMMON,G2554F113,15141,175021,SH,,DFND,,175021,0,0
1138,EATON CORP PLC,COMMON,G29183103,20263,319761,SH,,DFND,,319761,0,0
1139,HERBALIFE LTD,COMMON,G4412G101,948,21658,SH,,DFND,,21658,0,0
1140,INGERSOLL-RAND PLC,COMMON,G47791101,1071,18999,SH,,DFND,,18999,0,0
1141,MAIDEN HOLDINGS LTD,COMMON,G5753U112,147,13280,SH,,DFND,,13280,0,0
1142,MARVELL TECHNOLOGY GROUP LTD,COMMON,G5876H105,2024,150130,SH,,DFND,,150130,0,0
1143,MICHAEL KORS HLDGS LTD,COMMON,G60754101,725,10154,SH,,DFND,,10154,0,0
1144,MICHAEL KORS HLDGS LTD,OPTION,G60754101,607,8500,SH,Call,DFND,,8500,0,0
1145,MICHAEL KORS HLDGS LTD,OPTION,G60754101,614,8600,SH,Put,DFND,,8600,0,0
1146,NABORS INDUSTRIES LTD,COMMON,G6359F103,3057,134297,SH,,DFND,,134297,0,0
1147,NABORS INDUSTRIES LTD,OPTION,G6359F103,260,11400,SH,Call,DFND,,11400,0,0
1148,NABORS INDUSTRIES LTD,OPTION,G6359F103,326,14300,SH,Put,DFND,,14300,0,0
1149,PROTHENA CORP PLC,COMMON,G72800108,255,11515,SH,,DFND,,11515,0,0
1150,SEAGATE TECHNOLOGY PLC,COMMON,G7945M107,462,8072,SH,,DFND,,8072,0,0
1151,SEAGATE TECHNOLOGY PLC,OPTION,G7945M107,3268,57100,SH,Call,DFND,,57100,0,0
1152,SEAGATE TECHNOLOGY PLC,OPTION,G7945M107,4736,82700,SH,Put,DFND,,82700,0,0
1153,SHIP FINANCE INTERNATIONAL L,COMMON,G81075106,1393,82355,SH,,DFND,,82355,0,0
1154,SINA CORP,COMMON,G81477104,1041,25288,SH,,DFND,,25288,0,0
1155,SINA CORP,OPTION,G81477104,2711,65900,SH,Call,DFND,,65900,0,0
1156,SINA CORP,OPTION,G81477104,3209,78000,SH,Put,DFND,,78000,0,0
1157,TSAKOS ENERGY NAVIGATION LTD,COMMON,G9108L108,1017,159315,SH,,DFND,,159315,0,0
1158,TYCO INTERNATIONAL LTD,COMMON,H89128104,981,22002,SH,,DFND,,22002,0,0
1159,WIX COM LTD,COMMON,M98068105,397,24434,SH,,DFND,,24434,0,0
1160,WIX COM LTD,OPTION,M98068105,988,60700,SH,Call,DFND,,60700,0,0
1161,WIX COM LTD,OPTION,M98068105,1599,98400,SH,Put,DFND,,98400,0,0
1162,MAKEMYTRIP LIMITED MAURITIUS,OPTION,V5633W109,368,13200,SH,Call,DFND,,13200,0,0
1163,MAKEMYTRIP LIMITED MAURITIUS,OPTION,V5633W109,560,20100,SH,Put,DFND,,20100,0,0
1164,ROYAL CARIBBEAN CRUISES LTD,OPTION,V7780T103,444,6600,SH,Call,DFND,,6600,0,0
1165,ROYAL CARIBBEAN CRUISES LTD,OPTION,V7780T103,512,7600,SH,Put,DFND,,7600,0,0
1166,DHT HOLDINGS INC,COMMON,Y2065G121,574,93195,SH,,DFND,,93195,0,0
1167,DRYSHIPS INC,COMMON,Y2109Q101,1243,503137,SH,,DFND,,503137,0,0
1168,NAVIOS MARITIME HOLDINGS INC,COMMON,Y62196103,402,67090,SH,,DFND,,67090,0,0
1169,TEEKAY TANKERS LTD,COMMON,Y8565N102,283,75856,SH,,DFND,,75856,0,0
