,NAME OF ISSUER,TITLE OF CLASS,CUSIP,(x$1000),PRN AMT,PRN,CALL,DISCRETION,MANAGER,SOLE,SHARED,NONE
0,AMERICAN RAILCAR INDS INC,COM,02916P103,21508,307123,SH,,DFND,13.0,0,307123,0
1,AMERICAN RAILCAR INDS INC,COM,02916P103,809837,11564145,SH,,DFND,10.0,0,11564145,0
2,APPLE INC,COM,037833100,809110,1507453,SH,,DFND,1.0,0,1507453,0
3,APPLE INC,COM,037833100,3236441,6029811,SH,,DFND,3.0,0,6029811,0
4,CVR ENERGY INC,COM,12662P108,3008146,71198718,SH,,DFND,12.0,0,71198718,0
5,CVR REFNG LP,COMUNIT REP LT,12663P107,93120,4000000,SH,,DFND,13.0,0,4000000,0
6,CVR REFNG LP,COMUNIT REP LT,12663P107,46560,2000000,SH,,DFND,,0,2000000,0
7,CHESAPEAKE ENERGY CORP,COM,165167107,340490,13290002,SH,,DFND,1.0,0,13290002,0
8,CHESAPEAKE ENERGY CORP,COM,165167107,1361959,53159998,SH,,DFND,3.0,0,53159998,0
9,EBAY INC,COM,278642103,307157,5560403,SH,,DFND,1.0,0,5560403,0
10,EBAY INC,COM,278642103,1228682,22242612,SH,,DFND,3.0,0,22242612,0
11,ENZON PHARMACEUTICALS INC,COM,293904108,1216,1180972,SH,,DFND,1.0,0,1180972,0
12,ENZON PHARMACEUTICALS INC,COM,293904108,4866,4723891,SH,,DFND,3.0,0,4723891,0
13,FEDERAL MOGUL CORP,COM,313549404,2266005,121111976,SH,,DFND,7.0,0,121111976,0
14,FOREST LABS INC,COM,345838106,565836,6132398,SH,,DFND,1.0,0,6132398,0
15,FOREST LABS INC,COM,345838106,2263347,24529607,SH,,DFND,3.0,0,24529607,0
16,HERBALIFE LTD,COM USD SHS,G4412G101,194718,3399999,SH,,DFND,1.0,0,3399999,0
17,HERBALIFE LTD,COM USD SHS,G4412G101,778872,13600001,SH,,DFND,3.0,0,13600001,0
18,HOLOGIC INC,COM,436440101,146866,6830974,SH,,DFND,1.0,0,6830974,0
19,HOLOGIC INC,COM,436440101,587464,27323905,SH,,DFND,3.0,0,27323905,0
20,ICAHN ENTERPRISES LP,DEPOSITARY UNIT,451100101,359886,3503221,SH,,DFND,2.0,0,3503221,0
21,ICAHN ENTERPRISES LP,DEPOSITARY UNIT,451100101,790702,7696893,SH,,DFND,9.0,0,7696893,0
22,ICAHN ENTERPRISES LP,DEPOSITARY UNIT,451100101,4054604,39468550,SH,,DFND,4.0,0,39468550,0
23,ICAHN ENTERPRISES LP,DEPOSITARY UNIT,451100101,1207946,11758455,SH,,DFND,5.0,0,11758455,0
24,ICAHN ENTERPRISES LP,DEPOSITARY UNIT,451100101,1774238,17270883,SH,,DFND,11.0,0,17270883,0
25,ICAHN ENTERPRISES LP,DEPOSITARY UNIT,451100101,1555210,15138815,SH,,DFND,6.0,0,15138815,0
26,ICAHN ENTERPRISES LP,DEPOSITARY UNIT,451100101,530113,5160259,SH,,DFND,8.0,0,5160259,0
27,ICAHN ENTERPRISES LP,DEPOSITARY UNIT,451100101,223198,2172667,SH,,DFND,14.0,0,2172667,0
28,ICAHN ENTERPRISES LP,DEPOSITARY UNIT,451100101,70669,687908,SH,,DFND,,0,687908,0
29,MENTOR GRAPHICS CORP,COM,587200106,70994,3224057,SH,,DFND,1.0,0,3224057,0
30,MENTOR GRAPHICS CORP,COM,587200106,283975,12896232,SH,,DFND,3.0,0,12896232,0
31,NAVISTAR INTL CORP,NEW COM,63934E108,90160,2661946,SH,,DFND,1.0,0,2661946,0
32,NAVISTAR INTL CORP,NEW COM,63934E108,360641,10647789,SH,,DFND,3.0,0,10647789,0
33,NETFLIX INC,COM,64110L106,158033,448919,SH,,DFND,1.0,0,448919,0
34,NETFLIX INC,COM,64110L106,632133,1795680,SH,,DFND,3.0,0,1795680,0
35,NUANCE COMMUNICATIONS INC,COM,67020Y100,208734,12156927,SH,,DFND,1.0,0,12156927,0
36,NUANCE COMMUNICATIONS INC,COM,67020Y100,834938,48627696,SH,,DFND,3.0,0,48627696,0
37,TALISMAN ENERGY INC,COM,87425E103,151816,15212016,SH,,DFND,1.0,0,15212016,0
38,TALISMAN ENERGY INC,COM,87425E103,607264,60848062,SH,,DFND,3.0,0,60848062,0
39,TRANSOCEAN LTD,REG SHS,H8817H100,177579,4295579,SH,,DFND,1.0,0,4295579,0
40,TRANSOCEAN LTD,REG SHS,H8817H100,710317,17182321,SH,,DFND,3.0,0,17182321,0
41,VOLTARI CORP,COM NEW,92870X309,358,100000,SH,,DFND,1.0,0,100000,0
42,VOLTARI CORP,COM NEW,92870X309,2070,578203,SH,,DFND,,0,578203,0
