,NAME OF ISSUER,TITLE OF CLASS,CUSIP,(x$1000),PRN AMT,PRN,CALL,DISCRETION,MANAGER,SOLE,SHARED,NONE
0,AMERICAN INTL GROUP INC,COM NEW,026874784,569923,9128996,SH,,DFND,1.0,0,9128996,0
1,AMERICAN INTL GROUP INC,COM NEW,026874784,2279693,36515986,SH,,DFND,2.0,0,36515986,0
2,AMERICAN RAILCAR INDS INC,COM,02916P103,487909,11871268,SH,,DFND,7.0,0,11871268,0
3,CVR ENERGY INC,COM,12662P108,1429670,71198718,SH,,DFND,9.0,0,71198718,0
4,CVR REFNG LP,COMUNIT REP LT,12663P107,35438,3750000,SH,,DFND,10.0,0,3750000,0
5,CVR REFNG LP,COMUNIT REP LT,12663P107,18900,2000000,SH,,DFND,,0,2000000,0
6,CHENIERE ENERGY INC,COM NEW,16411R208,308961,6536099,SH,,DFND,1.0,0,6536099,0
7,CHENIERE ENERGY INC,COM NEW,16411R208,1235845,26144391,SH,,DFND,2.0,0,26144391,0
8,CONDUENT INC,COM,206787103,66469,3961200,SH,,DFND,1.0,0,3961200,0
9,CONDUENT INC,COM,206787103,265876,15844800,SH,,DFND,2.0,0,15844800,0
10,FREEPORT-MCMORAN INC,CL B,35671D857,243783,18247259,SH,,DFND,1.0,0,18247259,0
11,FREEPORT-MCMORAN INC,CL B,35671D857,975134,72989037,SH,,DFND,2.0,0,72989037,0
12,HERBALIFE LTD,COM USD SHS,G4412G101,265959,4574465,SH,,DFND,1.0,0,4574465,0
13,HERBALIFE LTD,COM USD SHS,G4412G101,1063838,18297859,SH,,DFND,2.0,0,18297859,0
14,HERC HLDGS INC,COM,42704L104,42171,862571,SH,,DFND,1.0,0,862571,0
15,HERC HLDGS INC,COM,42704L104,168685,3450289,SH,,DFND,2.0,0,3450289,0
16,HERTZ GLOBAL HLDGS INC,COM,42806J106,102658,5852773,SH,,DFND,1.0,0,5852773,0
17,HERTZ GLOBAL HLDGS INC,COM,42806J106,410631,23411096,SH,,DFND,2.0,0,23411096,0
18,ICAHN ENTERPRISES LP,DEPOSITARY UNIT,451100101,3515046,68599657,SH,,DFND,3.0,0,68599657,0
19,ICAHN ENTERPRISES LP,DEPOSITARY UNIT,451100101,805662,15723298,SH,,DFND,4.0,0,15723298,0
20,ICAHN ENTERPRISES LP,DEPOSITARY UNIT,451100101,1624557,31704855,SH,,DFND,8.0,0,31704855,0
21,ICAHN ENTERPRISES LP,DEPOSITARY UNIT,451100101,987126,19264759,SH,,DFND,5.0,0,19264759,0
22,ICAHN ENTERPRISES LP,DEPOSITARY UNIT,451100101,268066,5231586,SH,,DFND,6.0,0,5231586,0
23,MANITOWOC INC,COM,563571108,12064,2116531,SH,,DFND,1.0,0,2116531,0
24,MANITOWOC INC,COM,563571108,48257,8466129,SH,,DFND,2.0,0,8466129,0
25,NAVISTAR INTL CORP NEW,COM,63934E108,82378,3345991,SH,,DFND,1.0,0,3345991,0
26,NAVISTAR INTL CORP NEW,COM,63934E108,329513,13383969,SH,,DFND,2.0,0,13383969,0
27,PAYPAL HLDGS INC,COM,70450Y103,271660,6314731,SH,,DFND,1.0,0,6314731,0
28,PAYPAL HLDGS INC,COM,70450Y103,1086682,25259922,SH,,DFND,2.0,0,25259922,0
29,WELBILT INC,COM,949090104,41548,2116531,SH,,DFND,1.0,0,2116531,0
30,WELBILT INC,COM,949090104,166190,8466129,SH,,DFND,2.0,0,8466129,0
31,XEROX CORP,COM,984121103,145376,19806005,SH,,DFND,1.0,0,19806005,0
32,XEROX CORP,COM,984121103,581504,79224021,SH,,DFND,2.0,0,79224021,0
