,NAME OF ISSUER,TITLE OF CLASS,CUSIP,(x$1000),PRN AMT,PRN,CALL,DISCRETION,MANAGER,SOLE,SHARED,NONE
0,CVR ENERGY INC,COM,12662P108,2878564,71198718,SH,,DFND,8,0,71198718,0
1,CAESARS ENTMT CORP,COM,127686103,310763,22850190,SH,,DFND,1,0,22850190,0
2,CAESARS ENTMT CORP,COM,127686103,1243050,91400752,SH,,DFND,2,0,91400752,0
3,CHENIERE ENERGY INC,COM NEW,16411R208,239212,3917020,SH,,DFND,1,0,3917020,0
4,CHENIERE ENERGY INC,COM NEW,16411R208,956849,15668074,SH,,DFND,2,0,15668074,0
5,CLOUDERA INC,COM,18914U100,127454,10959045,SH,,DFND,1,0,10959045,0
6,CLOUDERA INC,COM,18914U100,509815,43836173,SH,,DFND,2,0,43836173,0
7,CONDUENT INC,COM,206787103,47305,7629868,SH,,DFND,1,0,7629868,0
8,CONDUENT INC,COM,206787103,189221,30519468,SH,,DFND,2,0,30519468,0
9,FREEPORT-MCMORAN INC,CL B,35671D857,70247,5354172,SH,,DFND,1,0,5354172,0
10,FREEPORT-MCMORAN INC,CL B,35671D857,280987,21416703,SH,,DFND,2,0,21416703,0
11,HERBALIFE NUTRITION LTD,COM SHS,G4412G101,335880,7045949,SH,,DFND,1,0,7045949,0
12,HERBALIFE NUTRITION LTD,COM SHS,G4412G101,1343434,28181955,SH,,DFND,2,0,28181955,0
13,HERC HLDGS INC,COM,42704L104,43995,898957,SH,,DFND,1,0,898957,0
14,HERC HLDGS INC,COM,42704L104,175980,3595832,SH,,DFND,2,0,3595832,0
15,HERTZ GLOBAL HLDGS INC,COM,42806J106,140529,8922502,SH,,DFND,1,0,8922502,0
16,HERTZ GLOBAL HLDGS INC,COM,42806J106,551303,35003350,SH,,DFND,2,0,35003350,0
17,HP INC,COM,40434L105,258531,12580592,SH,,DFND,1,0,12580592,0
18,HP INC,COM,40434L105,1034125,50322378,SH,,DFND,2,0,50322378,0
19,ICAHN ENTERPRISES LP,DEPOSITARY UNIT,451100101,5829061,94781485,SH,,DFND,3,0,94781485,0
20,ICAHN ENTERPRISES LP,DEPOSITARY UNIT,451100101,1355949,22047958,SH,,DFND,4,0,22047958,0
21,ICAHN ENTERPRISES LP,DEPOSITARY UNIT,451100101,1661359,27013966,SH,,DFND,5,0,27013966,0
22,ICAHN ENTERPRISES LP,DEPOSITARY UNIT,451100101,451162,7335975,SH,,DFND,6,0,7335975,0
23,ICAHN ENTERPRISES LP,DEPOSITARY UNIT,451100101,2821021,45870268,SH,,DFND,7,0,45870268,0
24,NAVISTAR INTL CORP NEW,COM,63934E108,96833,3345991,SH,,DFND,1,0,3345991,0
25,NAVISTAR INTL CORP NEW,COM,63934E108,387332,13383969,SH,,DFND,2,0,13383969,0
26,NEWELL BRANDS INC,COM,651229106,158063,8223884,SH,,DFND,1,0,8223884,0
27,NEWELL BRANDS INC,COM,651229106,632252,32895531,SH,,DFND,2,0,32895531,0
28,OCCIDENTAL PETE CORP,COM,674599105,186037,4514371,SH,,DFND,1,0,4514371,0
29,OCCIDENTAL PETE CORP,COM,674599105,744149,18057483,SH,,DFND,2,0,18057483,0
30,SANDRIDGE ENERGY INC,COM NEW,80007P869,4086,963767,SH,,DFND,1,0,963767,0
31,SANDRIDGE ENERGY INC,COM NEW,80007P869,16345,3855065,SH,,DFND,2,0,3855065,0
32,TENNECO INC,CL A VTG COM STK,880349105,74030,5651177,SH,,DFND,9,0,5651177,0
33,WELBILT INC,COM,949090104,31478,2016531,SH,,DFND,1,0,2016531,0
34,WELBILT INC,COM,949090104,125912,8066129,SH,,DFND,2,0,8066129,0
35,XEROX HOLDINGS CORP,COM NEW,98421M106,172965,4691218,SH,,DFND,1,0,4691218,0
36,XEROX HOLDINGS CORP,COM NEW,98421M106,691861,18764869,SH,,DFND,2,0,18764869,0
