,NAME OF ISSUER,TITLE OF CLASS,CUSIP,(x$1000),PRN AMT,PRN,CALL,DISCRETION,MANAGER,SOLE,SHARED,NONE
0,AMERICAN RAILCAR INDS INC,COM,02916P103,547265,11871268,SH,,DFND,7.0,0,11871268,0
1,AMTRUST FINL SVCS INC,COM,032359309,53488,3683746,SH,,DFND,1.0,0,3683746,0
2,AMTRUST FINL SVCS INC,COM,032359309,213952,14734986,SH,,DFND,2.0,0,14734986,0
3,CVR ENERGY INC,COM,12662P108,2863612,71198718,SH,,DFND,9.0,0,71198718,0
4,CVR REFNG LP,COMUNIT REP LT,12663P107,73875,3750000,SH,,DFND,10.0,0,3750000,0
5,CVR REFNG LP,COMUNIT REP LT,12663P107,39400,2000000,SH,,DFND,,0,2000000,0
6,CHENIERE ENERGY INC,COM NEW,16411R208,324942,4676099,SH,,DFND,1.0,0,4676099,0
7,CHENIERE ENERGY INC,COM NEW,16411R208,1299768,18704391,SH,,DFND,2.0,0,18704391,0
8,CONDUENT INC,COM,206787103,89206,3961200,SH,,DFND,1.0,0,3961200,0
9,CONDUENT INC,COM,206787103,356825,15844800,SH,,DFND,2.0,0,15844800,0
10,DELL TECHNOLOGIES INC,COM CL V,24703L103,171213,1762897,SH,,DFND,1.0,0,1762897,0
11,DELL TECHNOLOGIES INC,COM CL V,24703L103,684849,7051575,SH,,DFND,2.0,0,7051575,0
12,ENERGEN CORP,COM,29265N108,132122,1533276,SH,,DFND,1.0,0,1533276,0
13,ENERGEN CORP,COM,29265N108,528490,6133106,SH,,DFND,2.0,0,6133106,0
14,FREEPORT-MCMORAN INC,CL B,35671D857,139649,10032270,SH,,DFND,1.0,0,10032270,0
15,FREEPORT-MCMORAN INC,CL B,35671D857,558597,40129084,SH,,DFND,2.0,0,40129084,0
16,HERBALIFE NUTRITION LTD,COM SHS,G4412G101,384357,7045949,SH,,DFND,1.0,0,7045949,0
17,HERBALIFE NUTRITION LTD,COM SHS,G4412G101,1537326,28181955,SH,,DFND,2.0,0,28181955,0
18,HERC HLDGS INC,COM,42704L104,46027,898957,SH,,DFND,1.0,0,898957,0
19,HERC HLDGS INC,COM,42704L104,184107,3595832,SH,,DFND,2.0,0,3595832,0
20,HERTZ GLOBAL HLDGS INC,COM,42806J106,95576,5852773,SH,,DFND,1.0,0,5852773,0
21,HERTZ GLOBAL HLDGS INC,COM,42806J106,382303,23411096,SH,,DFND,2.0,0,23411096,0
22,ICAHN ENTERPRISES LP,DEPOSITARY UNIT,451100101,5809814,82152341,SH,,DFND,3.0,0,82152341,0
23,ICAHN ENTERPRISES LP,DEPOSITARY UNIT,451100101,1351472,19110180,SH,,DFND,4.0,0,19110180,0
24,ICAHN ENTERPRISES LP,DEPOSITARY UNIT,451100101,1655873,23414492,SH,,DFND,5.0,0,23414492,0
25,ICAHN ENTERPRISES LP,DEPOSITARY UNIT,451100101,449673,6358495,SH,,DFND,6.0,0,6358495,0
26,ICAHN ENTERPRISES LP,DEPOSITARY UNIT,451100101,2811706,39758292,SH,,DFND,8.0,0,39758292,0
27,MANITOWOC CO INC,COM NEW,563571405,8090,337214,SH,,DFND,1.0,0,337214,0
28,MANITOWOC CO INC,COM NEW,563571405,32359,1348862,SH,,DFND,2.0,0,1348862,0
29,NAVISTAR INTL CORP NEW,COM,63934E108,128821,3345991,SH,,DFND,1.0,0,3345991,0
30,NAVISTAR INTL CORP NEW,COM,63934E108,515283,13383969,SH,,DFND,2.0,0,13383969,0
31,NEWELL BRANDS INC,COM,651229106,157122,7740001,SH,,DFND,1.0,0,7740001,0
32,NEWELL BRANDS INC,COM,651229106,628488,30959999,SH,,DFND,2.0,0,30959999,0
33,SANDRIDGE ENERGY INC,COM NEW,80007P869,10476,963767,SH,,DFND,1.0,0,963767,0
34,SANDRIDGE ENERGY INC,COM NEW,80007P869,41905,3855065,SH,,DFND,2.0,0,3855065,0
35,VMWARE INC,CL A COM,928563402,13154,84288,SH,,DFND,1.0,0,84288,0
36,VMWARE INC,CL A COM,928563402,52614,337137,SH,,DFND,2.0,0,337137,0
37,WELBILT INC,COM,949090104,42105,2016531,SH,,DFND,1.0,0,2016531,0
38,WELBILT INC,COM,949090104,168421,8066129,SH,,DFND,2.0,0,8066129,0
39,XEROX CORP,COM NEW,984121608,126569,4691218,SH,,DFND,1.0,0,4691218,0
40,XEROX CORP,COM NEW,984121608,506276,18764869,SH,,DFND,2.0,0,18764869,0
