,NAME OF ISSUER,TITLE OF CLASS,CUSIP,(x$1000),PRN AMT,PRN,CALL,DISCRETION,MANAGER,SOLE,SHARED,NONE
0,AMERICAN INTL GROUP INC,COM NEW,026874784,480204,8884437,SH,,DFND,1.0,0,8884437,0
1,AMERICAN INTL GROUP INC,COM NEW,026874784,1920815,35537749,SH,,DFND,2.0,0,35537749,0
2,AMERICAN RAILCAR INDS INC,COM,02916P103,483517,11871268,SH,,DFND,8.0,0,11871268,0
3,CVR ENERGY INC,COM,12662P108,1858287,71198718,SH,,DFND,10.0,0,71198718,0
4,CVR REFNG LP,COMUNIT REP LT,12663P107,48320,4000000,SH,,DFND,11.0,0,4000000,0
5,CVR REFNG LP,COMUNIT REP LT,12663P107,24160,2000000,SH,,DFND,,0,2000000,0
6,CHENIERE ENERGY INC,COM NEW,16411R208,221116,6536099,SH,,DFND,1.0,0,6536099,0
7,CHENIERE ENERGY INC,COM NEW,16411R208,884465,26144391,SH,,DFND,2.0,0,26144391,0
8,CHESAPEAKE ENERGY CORP,COM,165167107,60193,14610002,SH,,DFND,1.0,0,14610002,0
9,CHESAPEAKE ENERGY CORP,COM,165167107,240773,58439998,SH,,DFND,2.0,0,58439998,0
10,ENZON PHARMACEUTICALS INC,COM,293904108,555,1180972,SH,,DFND,1.0,0,1180972,0
11,ENZON PHARMACEUTICALS INC,COM,293904108,2220,4723891,SH,,DFND,2.0,0,4723891,0
12,FEDERAL MOGUL HOLDINGS CORP,COM,313549404,1369271,138590141,SH,,DFND,6.0,0,138590141,0
13,FREEPORT-MCMORAN INC,CL B,35671D857,215072,20800001,SH,,DFND,1.0,0,20800001,0
14,FREEPORT-MCMORAN INC,CL B,35671D857,860288,83199999,SH,,DFND,2.0,0,83199999,0
15,HERBALIFE LTD,COM USD SHS,G4412G101,209304,3399999,SH,,DFND,1.0,0,3399999,0
16,HERBALIFE LTD,COM USD SHS,G4412G101,837216,13600001,SH,,DFND,2.0,0,13600001,0
17,HERTZ GLOBAL HOLDINGS INC,COM,42805T105,134171,12741819,SH,,DFND,1.0,0,12741819,0
18,HERTZ GLOBAL HOLDINGS INC,COM,42805T105,536685,50967264,SH,,DFND,2.0,0,50967264,0
19,ICAHN ENTERPRISES LP,DEPOSITARY UNIT,451100101,3301219,52358741,SH,,DFND,3.0,0,52358741,0
20,ICAHN ENTERPRISES LP,DEPOSITARY UNIT,451100101,893783,14175778,SH,,DFND,4.0,0,14175778,0
21,ICAHN ENTERPRISES LP,DEPOSITARY UNIT,451100101,1802246,28584399,SH,,DFND,9.0,0,28584399,0
22,ICAHN ENTERPRISES LP,DEPOSITARY UNIT,451100101,1095095,17368681,SH,,DFND,5.0,0,17368681,0
23,ICAHN ENTERPRISES LP,DEPOSITARY UNIT,451100101,329851,5231586,SH,,DFND,7.0,0,5231586,0
24,MANITOWOC INC,COM,563571108,9165,2116531,SH,,DFND,1.0,0,2116531,0
25,MANITOWOC INC,COM,563571108,36658,8466129,SH,,DFND,2.0,0,8466129,0
26,MANITOWOC FOODSERVICE,COM,563568104,31198,2116531,SH,,DFND,1.0,0,2116531,0
27,MANITOWOC FOODSERVICE,COM,563568104,124791,8466129,SH,,DFND,2.0,0,8466129,0
28,NAVISTAR INTL CORP NEW,COM,63934E108,40746,3254504,SH,,DFND,1.0,0,3254504,0
29,NAVISTAR INTL CORP NEW,COM,63934E108,162986,13018020,SH,,DFND,2.0,0,13018020,0
30,NUANCE COMMUNICATIONS INC,COM,67020Y100,112397,6013769,SH,,DFND,1.0,0,6013769,0
31,NUANCE COMMUNICATIONS INC,COM,67020Y100,449589,24055064,SH,,DFND,2.0,0,24055064,0
32,PAYPAL HLDGS INC,COM,70450Y103,292028,7565484,SH,,DFND,1.0,0,7565484,0
33,PAYPAL HLDGS INC,COM,70450Y103,1168149,30262935,SH,,DFND,2.0,0,30262935,0
34,SEVENTY SEVEN ENERGY INC,COM,818097107,551,949283,SH,,DFND,1.0,0,949283,0
35,SEVENTY SEVEN ENERGY INC,COM,818097107,2203,3797138,SH,,DFND,2.0,0,3797138,0
36,TRANSOCEAN LTD,REG SHS,H8817H100,39262,4295579,SH,,DFND,1.0,0,4295579,0
37,TRANSOCEAN LTD,REG SHS,H8817H100,157046,17182321,SH,,DFND,2.0,0,17182321,0
38,VOLTARI CORP,COM NEW,92870X309,2753,698848,SH,,DFND,1.0,0,698848,0
39,VOLTARI CORP,COM NEW,92870X309,15921,4040772,SH,,DFND,,0,4040772,0
40,XEROX CORP,COM,984121103,206186,18475408,SH,,DFND,1.0,0,18475408,0
41,XEROX CORP,COM,984121103,824742,73901635,SH,,DFND,2.0,0,73901635,0
