,NAME OF ISSUER,TITLE OF CLASS,CUSIP,(x$1000),PRN AMT,PRN,CALL,DISCRETION,MANAGER,SOLE,SHARED,NONE
0,AMERICAN RAILCAR INDS INC,COM,02916P103,15817,307123,SH,,DFND,13.0,0,307123,0
1,AMERICAN RAILCAR INDS INC,COM,02916P103,595553,11564145,SH,,DFND,10.0,0,11564145,0
2,APPLE INC,COM,137833100,1164749,10552171,SH,,DFND,1.0,0,10552171,0
3,APPLE INC,COM,137833100,4658994,42208677,SH,,DFND,3.0,0,42208677,0
4,CVR REFNG LP,COM,12662P107,67200,4000000,SH,,DFND,13.0,0,4000000,0
5,CVR REFNG LP,COM,12662P107,33600,2000000,SH,,DFND,,0,2000000,0
6,CVR ENERGY INC,COM,12662P108,2756102,71198718,SH,,DFND,12.0,0,71198718,0
7,CHESAPEAKE ENERGY CORP,COM,165167107,260085,13290002,SH,,DFND,1.0,0,13290002,0
8,CHESAPEAKE ENERGY CORP,COM,165167107,1040341,53159998,SH,,DFND,3.0,0,53159998,0
9,EBAY INC,COM,278642103,519339,9254074,SH,,DFND,1.0,0,9254074,0
10,EBAY INC,COM,278642103,2077411,37017296,SH,,DFND,3.0,0,37017296,0
11,ENZON PHARMACEUTICALS INC,COM,293904108,1287,1180972,SH,,DFND,1.0,0,1180972,0
12,ENZON PHARMACEUTICALS INC,COM,293904108,5149,4723891,SH,,DFND,3.0,0,4723891,0
13,FEDERAL MOGUL HOLDINGS CORP,COM,313549404,1948692,121111976,SH,,DFND,7.0,0,121111976,0
14,GANNETT INC,COM,364730101,95582,2993477,SH,,DFND,1.0,0,2993477,0
15,GANNETT INC,COM,364730101,382326,11973896,SH,,DFND,3.0,0,11973896,0
16,HERBALIFE LTD,COM USD SHS,G4412G101,128180,3399999,SH,,DFND,1.0,0,3399999,0
17,HERBALIFE LTD,COM USD SHS,G4412G101,512720,13600001,SH,,DFND,3.0,0,13600001,0
18,HERTZ GLOBAL HOLDINGS INC,COM,42805T105,258989,10384483,SH,,DFND,1.0,0,10384483,0
19,HERTZ GLOBAL HOLDINGS INC,COM,42805T105,1035956,41537922,SH,,DFND,3.0,0,41537922,0
20,HOLOGIC INC,COM,436440101,182660,6830974,SH,,DFND,1.0,0,6830974,0
21,HOLOGIC INC,COM,436440101,730641,27323905,SH,,DFND,3.0,0,27323905,0
22,ICAHN ENTERPRISES LP,DEPOSITARY UNIT,451100101,336032,3633958,SH,,DFND,2.0,0,3633958,0
23,ICAHN ENTERPRISES LP,DEPOSITARY UNIT,451100101,3875387,41909667,SH,,DFND,4.0,0,41909667,0
24,ICAHN ENTERPRISES LP,DEPOSITARY UNIT,451100101,1154554,12485714,SH,,DFND,5.0,0,12485714,0
25,ICAHN ENTERPRISES LP,DEPOSITARY UNIT,451100101,66624,720495,SH,,DFND,,0,720495,0
26,ICAHN ENTERPRISES LP,DEPOSITARY UNIT,451100101,213332,2307044,SH,,DFND,14.0,0,2307044,0
27,ICAHN ENTERPRISES LP,DEPOSITARY UNIT,451100101,1689824,18274289,SH,,DFND,11.0,0,18274289,0
28,ICAHN ENTERPRISES LP,DEPOSITARY UNIT,451100101,755752,8172944,SH,,DFND,9.0,0,8172944,0
29,ICAHN ENTERPRISES LP,DEPOSITARY UNIT,451100101,1486469,16075148,SH,,DFND,6.0,0,16075148,0
30,ICAHN ENTERPRISES LP,DEPOSITARY UNIT,451100101,483765,5231586,SH,,DFND,8.0,0,5231586,0
31,MANITOWOC INC,COM,563571108,19857,898526,SH,,DFND,1.0,0,898526,0
32,MANITOWOC INC,COM,563571108,79430,3594105,SH,,DFND,3.0,0,3594105,0
33,MENTOR GRAPHICS CORP,COM,587200106,70671,3224057,SH,,DFND,1.0,0,3224057,0
34,MENTOR GRAPHICS CORP,COM,587200106,282685,12896232,SH,,DFND,3.0,0,12896232,0
35,NAVISTAR INTL CORP NEW,COM,63934E108,108961,3254504,SH,,DFND,1.0,0,3254504,0
36,NAVISTAR INTL CORP NEW,COM,63934E108,435843,13018020,SH,,DFND,3.0,0,13018020,0
37,NETFLIX INC,COM,64110L106,96466,282385,SH,,DFND,1.0,0,282385,0
38,NETFLIX INC,COM,64110L106,385863,1129541,SH,,DFND,3.0,0,1129541,0
39,NUANCE COMMUNICATIONS INC,COM,67020Y100,173479,12156927,SH,,DFND,1.0,0,12156927,0
40,NUANCE COMMUNICATIONS INC,COM,67020Y100,693917,48627696,SH,,DFND,3.0,0,48627696,0
41,SEVENTY SEVEN ENERGY INC,COM,818097107,5136,949283,SH,,DFND,1.0,0,949283,0
42,SEVENTY SEVEN ENERGY INC,COM,818097107,20543,3797138,SH,,DFND,3.0,0,3797138,0
43,TALISMAN ENERGY INC,COM,87425E103,119110,15212016,SH,,DFND,1.0,0,15212016,0
44,TALISMAN ENERGY INC,COM,87425E103,476440,60848062,SH,,DFND,3.0,0,60848062,0
45,TRANSOCEAN LTD,REG SHS,H8817H100,78738,4295579,SH,,DFND,1.0,0,4295579,0
46,TRANSOCEAN LTD,REG SHS,H8817H100,314952,17182321,SH,,DFND,3.0,0,17182321,0
47,VOLTARI CORP,COM NEW,92870X309,69,100000,SH,,DFND,1.0,0,100000,0
48,VOLTARI CORP,COM NEW,92870X309,399,578203,SH,,DFND,,0,578203,0
