,NAME OF ISSUER,TITLE OF CLASS,CUSIP,(x$1000),PRN AMT,PRN,CALL,DISCRETION,MANAGER,SOLE,SHARED,NONE
0,3D Systems Corp,COMMON STOCK,88554D205,174,22568,SH,,DFND,,22568,22568,0
1,8 X 8 Incorporated,COMMON STOCK,282914100,139,10048,SH,,DFND,,10048,10048,0
2,Aaon Incorporated,COMMON STOCK,000360206,332,6872,SH,,DFND,,6872,6872,0
3,Abbvie Inc,COMMON STOCK,00287Y109,3074,40340,SH,,DFND,,40340,40340,0
4,ABIOMED Incorporated,COMMON STOCK,003654100,732,5044,SH,,DFND,,5044,5044,0
5,Acadia Realty Trust,COMMON STOCK,004239109,1890,152582,SH,,DFND,,152582,152582,0
6,Activision Blizzard Inc,COMMON STOCK,00507V109,1126,18925,SH,,DFND,,18925,18925,0
7,Advance Auto Parts Inc.,COMMON STOCK,00751Y106,252,2700,SH,,DFND,,2700,2700,0
8,Advanced Micro Devices Incorporated,COMMON STOCK,007903107,1559,34288,SH,,DFND,,34288,34288,0
9,AECOM,COMMON STOCK,00766T100,259,8671,SH,,DFND,,8671,8671,0
10,Aercap Holdings NV,COMMON STOCK,N00985106,362,15887,SH,,DFND,,15887,15887,0
11,Affiliated Managers Group Incorporated,COMMON STOCK,008252108,2418,40894,SH,,DFND,,40894,40894,0
12,AGCO Corporation,COMMON STOCK,001084102,1328,28096,SH,,DFND,,28096,28096,0
13,Air Transport Services Group Inc,COMMON STOCK,00922R105,520,28420,SH,,DFND,,28420,28420,0
14,Akamai Technologies,COMMON STOCK,00971T101,975,10661,SH,,DFND,,10661,10661,0
15,Albemarle Corp,COMMON STOCK,012653101,781,13852,SH,,DFND,,13852,13852,0
16,Alexion Pharmaceuticals Incorporated,COMMON STOCK,015351109,2164,24097,SH,,DFND,,24097,24097,0
17,Alibaba Group Holding-sp Adr,COMMON STOCK,01609W102,1224,6295,SH,,DFND,,6295,6295,0
18,Align Technology Inc,COMMON STOCK,016255101,1261,7248,SH,,DFND,,7248,7248,0
19,Alkermes Plc,COMMON STOCK,G01767105,610,42298,SH,,DFND,,42298,42298,0
20,Allegheny Technologies Inc,COMMON STOCK,01741R102,188,22134,SH,,DFND,,22134,22134,0
21,Allegiant Travel Co,COMMON STOCK,01748X102,449,5491,SH,,DFND,,5491,5491,0
22,Allegion Plc,COMMON STOCK,G0176J109,1693,18402,SH,,DFND,,18402,18402,0
23,Allergan plc,COMMON STOCK,G0177J108,109725,619565,SH,,DFND,,619565,619565,0
24,Allergan plc,COMMON STOCK,G0177J108,88550,500000,SH,Put,DFND,,500000,500000,0
25,Alliant Energy Corp.,COMMON STOCK,018802108,893,18491,SH,,DFND,,18491,18491,0
26,Allison Transmission Holding,COMMON STOCK,01973R101,732,22458,SH,,DFND,,22458,22458,0
27,Allscripts Healthcare Solutions Inc,COMMON STOCK,01988P108,110,15554,SH,,DFND,,15554,15554,0
28,Alnylam Pharmaceuticals Inc,COMMON STOCK,02043Q107,399,3667,SH,,DFND,,3667,3667,0
29,Alphabet Inc.,COMMON STOCK,02079K305,653,562,SH,,DFND,,562,562,0
30,Altra Industrial Motion Corp,COMMON STOCK,02208R106,478,27358,SH,,DFND,,27358,27358,0
31,Altria Group Inc,COMMON STOCK,02209S103,1030,26634,SH,,DFND,,26634,26634,0
32,AMAG Pharmaceuticals Inc,COMMON STOCK,00163U106,337,54495,SH,,DFND,,54495,54495,0
33,Amazon.Com Incorporated,COMMON STOCK,023135106,10562,5417,SH,,DFND,,5417,5417,0
34,Ambarella Inc,COMMON STOCK,G037AX101,2819,58051,SH,,DFND,,58051,58051,0
35,Amdocs Ltd.,COMMON STOCK,G02602103,1292,23504,SH,,DFND,,23504,23504,0
36,American Axle & Manufacturing Hold. Inc.,COMMON STOCK,024061103,231,64040,SH,,DFND,,64040,64040,0
37,American Eagle Outfitters,COMMON STOCK,02553E106,451,56704,SH,,DFND,,56704,56704,0
38,American International Group Inc.,COMMON STOCK,026874784,352,14510,SH,,DFND,,14510,14510,0
39,American Public Education,COMMON STOCK,02913V103,212,8849,SH,,DFND,,8849,8849,0
40,American Tower Corp - Class A,COMMON STOCK,03027X100,4688,21528,SH,,DFND,,21528,21528,0
41,AMETEK Incorporated,COMMON STOCK,031100100,1477,20509,SH,,DFND,,20509,20509,0
42,AMEX Consumer Select Staples Sector SPDR,COMMON STOCK,81369Y308,1036,19025,SH,,DFND,,19025,19025,0
43,AMEX Financial Select Sector SPDR NEW,COMMON STOCK,81369Y605,393,18898,SH,,DFND,,18898,18898,0
44,AMEX Industrial Select Sector SPDR,COMMON STOCK,81369Y704,356,6034,SH,,DFND,,6034,6034,0
45,AMEX Materials Select Sector SPDR Fund,COMMON STOCK,81369Y100,459,10185,SH,,DFND,,10185,10185,0
46,AMEX Utility Select SPDR Fund,COMMON STOCK,81369Y886,598,10798,SH,,DFND,,10798,10798,0
47,Amgen Incorporated,COMMON STOCK,031162100,2187,10787,SH,,DFND,,10787,10787,0
48,Amkor Technology Incorporated,COMMON STOCK,031652100,150,19232,SH,,DFND,,19232,19232,0
49,Amphenol Corporation - CL A,COMMON STOCK,032095101,996,13661,SH,,DFND,,13661,13661,0
50,AngloGold Ashanti Ltd - ADR,COMMON STOCK,035128206,342,20558,SH,,DFND,,20558,20558,0
51,ANI Pharmaceuticals Inc,COMMON STOCK,00182C103,670,16439,SH,,DFND,,16439,16439,0
52,Anthem Inc,COMMON STOCK,036752103,2024,8914,SH,,DFND,,8914,8914,0
53,Anworth Mortgage Asset Corp,COMMON STOCK,037347101,67,59169,SH,,DFND,,59169,59169,0
54,Apache Corporation,COMMON STOCK,037411105,435,104157,SH,,DFND,,104157,104157,0
55,Apollo Commercial Real Estat,COMMON STOCK,03762U105,501,67509,SH,,DFND,,67509,67509,0
56,Appfolio Inc - A,COMMON STOCK,03783C100,1050,9466,SH,,DFND,,9466,9466,0
57,Apple Inc,COMMON STOCK,037833100,4937,19414,SH,,DFND,,19414,19414,0
58,Applied Materials Incorporated,COMMON STOCK,038222105,2267,49487,SH,,DFND,,49487,49487,0
59,AptarGroup Incorporated,COMMON STOCK,038336103,1879,18875,SH,,DFND,,18875,18875,0
60,ARC Document Solutions Inc,COMMON STOCK,00191G103,17,21551,SH,,DFND,,21551,21551,0
61,Arch Capital Group Ltd.,COMMON STOCK,G0450A105,585,20563,SH,,DFND,,20563,20563,0
62,Arista Networks Inc,COMMON STOCK,040413106,262,1292,SH,,DFND,,1292,1292,0
63,Artisan Partners Asset Management Inc,COMMON STOCK,04316A108,1200,55853,SH,,DFND,,55853,55853,0
64,Asbury Automotive Group,COMMON STOCK,043436104,1315,23806,SH,,DFND,,23806,23806,0
65,Ashford Hospitality Trust Inc,COMMON STOCK,044103109,79,106198,SH,,DFND,,106198,106198,0
66,AT&T Inc,COMMON STOCK,00206R102,350,11992,SH,,DFND,,11992,11992,0
67,Atara Biotherapeutics Inc,COMMON STOCK,046513107,646,75966,SH,,DFND,,75966,75966,0
68,Atlassian Corp Plc-class A,COMMON STOCK,G06242104,6714,48914,SH,,DFND,,48914,48914,0
69,Autodesk Incorporated,COMMON STOCK,052769106,2579,16524,SH,,DFND,,16524,16524,0
70,Avnet Incorporated,COMMON STOCK,053807103,2185,87042,SH,,DFND,,87042,87042,0
71,Baidu Inc - Spon Adr,COMMON STOCK,056752108,533,5286,SH,,DFND,,5286,5286,0
72,Bank of America Corporation,COMMON STOCK,060505104,744,35066,SH,,DFND,,35066,35066,0
73,Bank of Hawaii Corp.,COMMON STOCK,062540109,558,10106,SH,,DFND,,10106,10106,0
74,Bank of New York Mellon Corp,COMMON STOCK,064058100,246,7308,SH,,DFND,,7308,7308,0
75,Becton Dickinson & Company,COMMON STOCK,075887109,587,2556,SH,,DFND,,2556,2556,0
76,Benchmark Electronics Incorporated,COMMON STOCK,08160H101,634,31692,SH,,DFND,,31692,31692,0
77,Berkshire Hills Bancorp Inc,COMMON STOCK,084680107,626,42108,SH,,DFND,,42108,42108,0
78,Big 5 Sporting Goods Corp,COMMON STOCK,08915P101,42,39534,SH,,DFND,,39534,39534,0
79,Biocryst Pharmaceuticals Inc.,COMMON STOCK,09058V103,98,49102,SH,,DFND,,49102,49102,0
80,Biogen Inc,COMMON STOCK,09062X103,1372,4338,SH,,DFND,,4338,4338,0
81,Bio-Techne Corp,COMMON STOCK,09073M104,991,5228,SH,,DFND,,5228,5228,0
82,Black Hills Corporation,COMMON STOCK,092113109,559,8734,SH,,DFND,,8734,8734,0
83,Blackbaud Inc,COMMON STOCK,09227Q100,356,6410,SH,,DFND,,6410,6410,0
84,Boise Cascade Co,COMMON STOCK,09739D100,405,17022,SH,,DFND,,17022,17022,0
85,BOK Financial Corporation,COMMON STOCK,05561Q201,266,6245,SH,,DFND,,6245,6245,0
86,Booz Allen Hamilton Holding,COMMON STOCK,099502106,1066,15524,SH,,DFND,,15524,15524,0
87,Boston Properties Incorporated,COMMON STOCK,101121101,716,7765,SH,,DFND,,7765,7765,0
88,Boston Scientific Corporation,COMMON STOCK,101137107,1513,46362,SH,,DFND,,46362,46362,0
89,Bottomline Technologies Incorporated,COMMON STOCK,101388106,470,12830,SH,,DFND,,12830,12830,0
90,Box Inc - Class A,COMMON STOCK,10316T104,1340,95467,SH,,DFND,,95467,95467,0
91,Boyd Gaming Corporation,COMMON STOCK,103304101,781,54153,SH,,DFND,,54153,54153,0
92,BP Plc - ADR,COMMON STOCK,055622104,212,8676,SH,,DFND,,8676,8676,0
93,Bright Horizons Family Solutions Inc,COMMON STOCK,109194100,310,3035,SH,,DFND,,3035,3035,0
94,Brightcove,COMMON STOCK,10921T101,405,58163,SH,,DFND,,58163,58163,0
95,Brixmor Property Group Inc,COMMON STOCK,11120U105,1055,111095,SH,,DFND,,111095,111095,0
96,Brunswick Corporation,COMMON STOCK,117043109,911,25756,SH,,DFND,,25756,25756,0
97,Buckle Incorporated,COMMON STOCK,118440106,519,37868,SH,,DFND,,37868,37868,0
98,BWX Technologies Inc,COMMON STOCK,05605H100,216,4430,SH,,DFND,,4430,4430,0
99,C.H. Robinson Worldwide Incorporated,COMMON STOCK,12541W209,977,14764,SH,,DFND,,14764,14764,0
100,Cable One Inc,COMMON STOCK,12685J105,919,559,SH,,DFND,,559,559,0
101,Cabot Corporation,COMMON STOCK,127055101,291,11129,SH,,DFND,,11129,11129,0
102,CACI International Incorporated-CL A,COMMON STOCK,127190304,313,1483,SH,,DFND,,1483,1483,0
103,Caesars Entertainment Corp.,COMMON STOCK,127686103,106,15703,SH,,DFND,,15703,15703,0
104,Caleres Inc,COMMON STOCK,129500104,503,96771,SH,,DFND,,96771,96771,0
105,California Resources Cor,COMMON STOCK,13057Q206,41,40715,SH,,DFND,,40715,40715,0
106,Camden Property Trust,COMMON STOCK,133131102,1967,24820,SH,,DFND,,24820,24820,0
107,Campbell Soup Company,COMMON STOCK,134429109,416,9011,SH,,DFND,,9011,9011,0
108,Cantel Medical Corp,COMMON STOCK,138098108,347,9669,SH,,DFND,,9669,9669,0
109,Capital One Financial Corporation,COMMON STOCK,14040H105,632,12531,SH,,DFND,,12531,12531,0
110,Cardinal Health Incorporated,COMMON STOCK,14149Y108,1045,21806,SH,,DFND,,21806,21806,0
111,Carnival Corporation,COMMON STOCK,143658300,195,14821,SH,,DFND,,14821,14821,0
112,Carpenter Technology Corporation,COMMON STOCK,144285103,442,22692,SH,,DFND,,22692,22692,0
113,Carriage Services Inc - CL A,COMMON STOCK,143905107,449,27817,SH,,DFND,,27817,27817,0
114,Carter's Inc,COMMON STOCK,146229109,910,13841,SH,,DFND,,13841,13841,0
115,Casey's General Stores Incorporated,COMMON STOCK,147528103,399,3013,SH,,DFND,,3013,3013,0
116,Castlight Health Inc-b,COMMON STOCK,14862Q100,9,12824,SH,,DFND,,12824,12824,0
117,Catchmark Timber Trust Inc-a,COMMON STOCK,14912Y202,156,21654,SH,,DFND,,21654,21654,0
118,Cathay General Bancorp,COMMON STOCK,149150104,482,20999,SH,,DFND,,20999,20999,0
119,Cato Corp New (CL A),COMMON STOCK,149205106,260,24365,SH,,DFND,,24365,24365,0
120,CBRE Group Inc - CL A,COMMON STOCK,12504L109,427,11320,SH,,DFND,,11320,11320,0
121,Cdw Corp/de,COMMON STOCK,12514G108,2288,24535,SH,,DFND,,24535,24535,0
122,Cedar Realty Trust Inc,COMMON STOCK,150602209,53,56920,SH,,DFND,,56920,56920,0
123,Centerpoint Energy Inc.,COMMON STOCK,15189T107,410,26564,SH,,DFND,,26564,26564,0
124,Central Garden & Pet Company - A,COMMON STOCK,153527205,260,10150,SH,,DFND,,10150,10150,0
125,Central Pacific Financial Corp,COMMON STOCK,154760409,317,19935,SH,,DFND,,19935,19935,0
126,CenturyLink Inc,COMMON STOCK,156700106,1986,209924,SH,,DFND,,209924,209924,0
127,Cerner Corporation,COMMON STOCK,156782104,3589,56975,SH,,DFND,,56975,56975,0
128,CF Industries Holdings Inc,COMMON STOCK,125269100,243,8933,SH,,DFND,,8933,8933,0
129,Charles River Laboratories,COMMON STOCK,159864107,451,3572,SH,,DFND,,3572,3572,0
130,Check Point Software Tech Ltd,COMMON STOCK,M22465104,5036,50088,SH,,DFND,,50088,50088,0
131,Chefs' Warehouse Inc/The,COMMON STOCK,163086101,247,24577,SH,,DFND,,24577,24577,0
132,Chemed Corp,COMMON STOCK,16359R103,543,1254,SH,,DFND,,1254,1254,0
133,Church & Dwight Company Inc,COMMON STOCK,171340102,1552,24187,SH,,DFND,,24187,24187,0
134,Churchill Downs Incorporated,COMMON STOCK,171484108,311,3023,SH,,DFND,,3023,3023,0
135,Chuy's Holdings Inc,COMMON STOCK,171604101,383,38061,SH,,DFND,,38061,38061,0
136,Cincinnati Bell Inc,COMMON STOCK,171871502,1482,101200,SH,Call,DFND,,101200,101200,0
137,Cintas Corporation,COMMON STOCK,172908105,822,4747,SH,,DFND,,4747,4747,0
138,Circuit City Stores Inc-CarMax Group,COMMON STOCK,143130102,1066,19809,SH,,DFND,,19809,19809,0
139,Cirrus Logic Incorporated,COMMON STOCK,172755100,1174,17895,SH,,DFND,,17895,17895,0
140,CIT Group Inc.,COMMON STOCK,125581801,412,23877,SH,,DFND,,23877,23877,0
141,Citi Trends Inc,COMMON STOCK,17306X102,209,23479,SH,,DFND,,23479,23479,0
142,Citigroup Incorporated,COMMON STOCK,172967424,215,5099,SH,,DFND,,5099,5099,0
143,Citizens Financial Group,COMMON STOCK,174610105,539,28640,SH,,DFND,,28640,28640,0
144,Civeo Corp,COMMON STOCK,17878Y108,31,76158,SH,,DFND,,76158,76158,0
145,Clean Harbor Incorporated,COMMON STOCK,184496107,513,9995,SH,,DFND,,9995,9995,0
146,CME Group Inc,COMMON STOCK,12572Q105,10375,60000,SH,,OTR,,60000,15000,45000
147,CNO Financial Group Inc - NEW,COMMON STOCK,12621E103,242,19572,SH,,DFND,,19572,19572,0
148,Coeur Mining Inc,COMMON STOCK,192108504,455,141855,SH,,DFND,,141855,141855,0
149,Cognizant Technology Solutions Corporati,COMMON STOCK,192446102,792,17053,SH,,DFND,,17053,17053,0
150,Coherent Incorporated,COMMON STOCK,192479103,849,7982,SH,,DFND,,7982,7982,0
151,Colfax Corp,COMMON STOCK,194014106,1585,80056,SH,,DFND,,80056,80056,0
152,Comfort Systems USA Inc,COMMON STOCK,199908104,755,20648,SH,,DFND,,20648,20648,0
153,Commercial Metals Company,COMMON STOCK,201723103,977,61878,SH,,DFND,,61878,61878,0
154,COMPASS MINERALS INTL INC,COMMON STOCK,20451N101,705,18336,SH,,DFND,,18336,18336,0
155,Concho Resources Inc,COMMON STOCK,20605P101,972,22690,SH,,DFND,,22690,22690,0
156,Conmed Corporation,COMMON STOCK,207410101,1404,24512,SH,,DFND,,24512,24512,0
157,ConocoPhillips,COMMON STOCK,20825C104,2169,70432,SH,,DFND,,70432,70432,0
158,Consolidated Communications,COMMON STOCK,209034107,64,14063,SH,,DFND,,14063,14063,0
159,Constellation Brands Inc - A,COMMON STOCK,21036P108,236,1649,SH,,DFND,,1649,1649,0
160,Continental Resources Inc,COMMON STOCK,212015101,302,39549,SH,,DFND,,39549,39549,0
161,Copa Holdings SA - Class A,COMMON STOCK,P31076105,606,13388,SH,,DFND,,13388,13388,0
162,Corcept Therapeutics Inc,COMMON STOCK,218352102,2058,173060,SH,,DFND,,173060,173060,0
163,Cornerstone Ondemand Inc,COMMON STOCK,21925Y103,958,30161,SH,,DFND,,30161,30161,0
164,Corporate Office Properties,COMMON STOCK,22002T108,342,15450,SH,,DFND,,15450,15450,0
165,Costar Group Inc,COMMON STOCK,22160N109,451,768,SH,,DFND,,768,768,0
166,Costco Wholesale Corp. - NEW,COMMON STOCK,22160K105,838,2938,SH,,DFND,,2938,2938,0
167,Cousins Properties Incorporated,COMMON STOCK,222795502,2148,73402,SH,,DFND,,73402,73402,0
168,Credit Acceptance Corporation,COMMON STOCK,225310101,753,2946,SH,,DFND,,2946,2946,0
169,Crown Castle Intl Corp,COMMON STOCK,22822V101,991,6864,SH,,DFND,,6864,6864,0
170,CSG Systems International Incorporated,COMMON STOCK,126349109,1004,23982,SH,,DFND,,23982,23982,0
171,Cullen/Frost Bankers Inc,COMMON STOCK,229899109,485,8698,SH,,DFND,,8698,8698,0
172,Cummins Engine Company Incorporated,COMMON STOCK,231021106,825,6098,SH,,DFND,,6098,6098,0
173,Curtiss-Wright Corporation,COMMON STOCK,231561101,234,2537,SH,,DFND,,2537,2537,0
174,CVR Energy Inc,COMMON STOCK,12662P108,1977,119618,SH,,DFND,,119618,119618,0
175,Cypress Semiconductor Corporation,COMMON STOCK,232806109,8162,350000,SH,,DFND,,350000,350000,0
176,Cyrusone Inc,COMMON STOCK,23283R100,966,15647,SH,,DFND,,15647,15647,0
177,D R Horton Incorporated,COMMON STOCK,23331A109,369,10857,SH,,DFND,,10857,10857,0
178,Daktronics Inc,COMMON STOCK,234264109,92,18633,SH,,DFND,,18633,18633,0
179,Darden Restaurants Inc,COMMON STOCK,237194105,229,4211,SH,,DFND,,4211,4211,0
180,Darling Ingredients Inc,COMMON STOCK,237266101,632,32961,SH,,DFND,,32961,32961,0
181,Deluxe Corporation,COMMON STOCK,248019101,838,32318,SH,,DFND,,32318,32318,0
182,Deutsche Bank AG Ord,COMMON STOCK,D18190898,203,31581,SH,,DFND,,31581,31581,0
183,Devon Energy Corp. NEW,COMMON STOCK,25179M103,562,81340,SH,,DFND,,81340,81340,0
184,DexCom Inc,COMMON STOCK,252131107,2463,9147,SH,,DFND,,9147,9147,0
185,DHI Group Inc,COMMON STOCK,23331S100,37,17245,SH,,DFND,,17245,17245,0
186,DHT Holdings Inc,COMMON STOCK,Y2065G121,333,43368,SH,,DFND,,43368,43368,0
187,Digital Realty Trust Inc,COMMON STOCK,253868103,666,4791,SH,,DFND,,4791,4791,0
188,Discover Financial Services,COMMON STOCK,254709108,865,24238,SH,,DFND,,24238,24238,0
189,Dollar General Corp,COMMON STOCK,256677105,2286,15136,SH,,DFND,,15136,15136,0
190,Domtar Corp,COMMON STOCK,257559203,229,10588,SH,,DFND,,10588,10588,0
191,Donaldson Co Inc,COMMON STOCK,257651109,1358,35162,SH,,DFND,,35162,35162,0
192,Douglas Emmett Inc,COMMON STOCK,25960P109,3925,128656,SH,,DFND,,128656,128656,0
193,Duke Energy Corporation,COMMON STOCK,26441C204,1525,18858,SH,,DFND,,18858,18858,0
194,Dunkin' Brands Group Inc,COMMON STOCK,265504100,502,9454,SH,,DFND,,9454,9454,0
195,Dynex Capital Incorporated,COMMON STOCK,26817Q886,196,18787,SH,,DFND,,18787,18787,0
196,E Trade Financial Corporation,COMMON STOCK,269246401,16812,489849,SH,,DFND,,489849,489849,0
197,Eagle Materials Inc,COMMON STOCK,26969P108,246,4205,SH,,DFND,,4205,4205,0
198,Eaton Vance Corporation,COMMON STOCK,278265103,358,11089,SH,,DFND,,11089,11089,0
199,Ebay Incorporated,COMMON STOCK,278642103,557,18524,SH,,DFND,,18524,18524,0
200,Edison International,COMMON STOCK,281020107,464,8467,SH,,DFND,,8467,8467,0
201,Edwards Lifesciences Corp.,COMMON STOCK,28176E108,571,3028,SH,,DFND,,3028,3028,0
202,Eldorado Gold Corp,COMMON STOCK,284902509,85,13699,SH,,DFND,,13699,13699,0
203,Electronic Arts Incorporated,COMMON STOCK,285512109,3156,31504,SH,,DFND,,31504,31504,0
204,EMCOR Group Incorporated,COMMON STOCK,29084Q100,910,14834,SH,,DFND,,14834,14834,0
205,Emerson Electric Company,COMMON STOCK,291011104,2030,42598,SH,,DFND,,42598,42598,0
206,Endurance International Grou,COMMON STOCK,29272B105,142,73455,SH,,DFND,,73455,73455,0
207,Entergy Corporation,COMMON STOCK,29364G103,404,4294,SH,,DFND,,4294,4294,0
208,Entravision Communications Corp,COMMON STOCK,29382R107,262,128894,SH,,DFND,,128894,128894,0
209,EOG Resources Inc.,COMMON STOCK,26875P101,376,10478,SH,,DFND,,10478,10478,0
210,Equifax Incorporated,COMMON STOCK,294429105,336,2813,SH,,DFND,,2813,2813,0
211,Equinix Inc,COMMON STOCK,29444U700,3962,6343,SH,,DFND,,6343,6343,0
212,Equity Commonwealth,COMMON STOCK,294628102,646,20357,SH,,DFND,,20357,20357,0
213,Equity Lifestyle Properties In,COMMON STOCK,29472R108,495,8615,SH,,DFND,,8615,8615,0
214,Ethan Allen Interiors Incorporated,COMMON STOCK,297602104,159,15545,SH,,DFND,,15545,15545,0
215,Everest Re Group Limited,COMMON STOCK,G3223R108,523,2719,SH,,DFND,,2719,2719,0
216,Exact Sciences Corp,COMMON STOCK,30063P105,403,6948,SH,,DFND,,6948,6948,0
217,Exelon Corporation,COMMON STOCK,30161N101,347,9422,SH,,DFND,,9422,9422,0
218,Express Inc.,COMMON STOCK,30219E103,130,87545,SH,,DFND,,87545,87545,0
219,Extended Stay America Inc,COMMON STOCK,30224P200,384,52551,SH,,DFND,,52551,52551,0
220,Exterran Corp,COMMON STOCK,30227H106,160,33251,SH,,DFND,,33251,33251,0
221,Extreme Networks,COMMON STOCK,30226D106,206,66592,SH,,DFND,,66592,66592,0
222,Exxon Mobil Corporation,COMMON STOCK,30231G102,1497,39429,SH,,DFND,,39429,39429,0
223,Facebook Inc-a,COMMON STOCK,30303M102,1097,6575,SH,,DFND,,6575,6575,0
224,FactSet Research Systems Incorporated,COMMON STOCK,303075105,1543,5918,SH,,DFND,,5918,5918,0
225,Fair Isaac Corp,COMMON STOCK,303250104,1139,3701,SH,,DFND,,3701,3701,0
226,Federal Signal Corporation,COMMON STOCK,313855108,223,8187,SH,,DFND,,8187,8187,0
227,Fedex Corporation,COMMON STOCK,31428X106,619,5106,SH,,DFND,,5106,5106,0
228,Ferroglobe Plc,COMMON STOCK,G33856108,23,50268,SH,,DFND,,50268,50268,0
229,Fireeye Inc,COMMON STOCK,31816Q101,393,37179,SH,,DFND,,37179,37179,0
230,First Bancorp Puerto Rico,COMMON STOCK,318672706,490,92187,SH,,DFND,,92187,92187,0
231,First Finl Bankshares Inc,COMMON STOCK,32020R109,580,21624,SH,,DFND,,21624,21624,0
232,First Horizon National Corporation,COMMON STOCK,320517105,2936,364297,SH,,DFND,,364297,364297,0
233,First Industrial Realty TR,COMMON STOCK,32054K103,1508,45367,SH,,DFND,,45367,45367,0
234,First Midwest Bancorp Incorporated,COMMON STOCK,320867104,599,45270,SH,,DFND,,45270,45270,0
235,Five9 Inc,COMMON STOCK,338307101,792,10352,SH,,DFND,,10352,10352,0
236,Fiveprime Therapeutics Inc,COMMON STOCK,33830X104,139,61149,SH,,DFND,,61149,61149,0
237,FLIR Systems Incorporated,COMMON STOCK,302445101,376,11802,SH,,DFND,,11802,11802,0
238,Flowers Foods Inc,COMMON STOCK,343498101,557,27158,SH,,DFND,,27158,27158,0
239,Flowserve Corporation,COMMON STOCK,34354P105,1070,44795,SH,,DFND,,44795,44795,0
240,Fnf Group,COMMON STOCK,31620R303,1572,63199,SH,,DFND,,63199,63199,0
241,Ford Motor Co,COMMON STOCK,345370860,336,69551,SH,,DFND,,69551,69551,0
242,Fortinet Inc,COMMON STOCK,34959E109,1633,16146,SH,,DFND,,16146,16146,0
243,Fortune Brands Home & Security Inc.,COMMON STOCK,34964C106,1553,35899,SH,,DFND,,35899,35899,0
244,Forum Energy Technologies In,COMMON STOCK,34984V100,49,275190,SH,,DFND,,275190,275190,0
245,Forward Air Corporation,COMMON STOCK,349853101,749,14786,SH,,DFND,,14786,14786,0
246,Franklin Resources Incorporated,COMMON STOCK,354613101,280,16769,SH,,DFND,,16769,16769,0
247,Freeport-McMoRan Inc,COMMON STOCK,35671D857,448,66435,SH,,DFND,,66435,66435,0
248,Frontline Ltd,COMMON STOCK,G3682E192,845,87903,SH,,DFND,,87903,87903,0
249,Fuller H B Co,COMMON STOCK,359694106,564,20185,SH,,DFND,,20185,20185,0
250,Fulton Finl Corp PA,COMMON STOCK,360271100,124,10807,SH,,DFND,,10807,10807,0
251,GameStop Corporation,COMMON STOCK,36467W109,146,41708,SH,,DFND,,41708,41708,0
252,Gaming And Leisure Prope,COMMON STOCK,36467J108,2418,87278,SH,,DFND,,87278,87278,0
253,Gartner Group Inc,COMMON STOCK,366651107,769,7727,SH,,DFND,,7727,7727,0
254,GATX Corporation,COMMON STOCK,361448103,1092,17448,SH,,DFND,,17448,17448,0
255,General Electric Company,COMMON STOCK,369604103,502,63192,SH,,DFND,,63192,63192,0
256,General Mills Incorporated,COMMON STOCK,370334104,745,14112,SH,,DFND,,14112,14112,0
257,Gentex Corp,COMMON STOCK,371901109,750,33864,SH,,DFND,,33864,33864,0
258,Gibraltar Industries Inc,COMMON STOCK,374689107,467,10889,SH,,DFND,,10889,10889,0
259,G-III Apparel Group Limited,COMMON STOCK,36237H101,183,23787,SH,,DFND,,23787,23787,0
260,Gilead Sciences Inc,COMMON STOCK,375558103,821,10978,SH,,DFND,,10978,10978,0
261,Gladstone Investment Corporation,COMMON STOCK,376546107,134,17103,SH,,DFND,,17103,17103,0
262,Globant Sa,COMMON STOCK,L44385109,203,2309,SH,,DFND,,2309,2309,0
263,Glu Mobile Inc,COMMON STOCK,379890106,326,51765,SH,,DFND,,51765,51765,0
264,Gnc Holdings Inc,COMMON STOCK,36191G107,33,69673,SH,,DFND,,69673,69673,0
265,Godaddy Inc - Class A,COMMON STOCK,380237107,622,10885,SH,,DFND,,10885,10885,0
266,Gold Fields Limited - ADR,COMMON STOCK,38059T106,854,179730,SH,,DFND,,179730,179730,0
267,Goodyear Tire and Rubber Company,COMMON STOCK,382550101,741,127295,SH,,DFND,,127295,127295,0
268,Graham Holdings Co(CL B),COMMON STOCK,384637104,1001,2935,SH,,DFND,,2935,2935,0
269,Gran Tierra Energy Inc,COMMON STOCK,38500T101,3,10630,SH,,DFND,,10630,10630,0
270,Grand Canyon Education Inc,COMMON STOCK,38526M106,1759,23055,SH,,DFND,,23055,23055,0
271,Granite Construction Incorporated,COMMON STOCK,387328107,480,31618,SH,,DFND,,31618,31618,0
272,Graphic Packaging Holding Co,COMMON STOCK,388689101,2604,213462,SH,,DFND,,213462,213462,0
273,Green Plains Inc,COMMON STOCK,393222104,360,74205,SH,,DFND,,74205,74205,0
274,Greif Inc.- Class A,COMMON STOCK,397624107,249,8017,SH,,DFND,,8017,8017,0
275,Group 1 Automotive Incorporated,COMMON STOCK,398905109,591,13350,SH,,DFND,,13350,13350,0
276,Guess Inc.,COMMON STOCK,401617105,129,19115,SH,,DFND,,19115,19115,0
277,H&E Equipment Services Inc,COMMON STOCK,404030108,265,18074,SH,,DFND,,18074,18074,0
278,Hain Celestial Group Inc,COMMON STOCK,405217100,1394,53690,SH,,DFND,,53690,53690,0
279,Hanesbrands Inc,COMMON STOCK,410345102,332,42162,SH,,DFND,,42162,42162,0
280,Harmony Gold - ADR,COMMON STOCK,413216300,78,35888,SH,,DFND,,35888,35888,0
281,Hartford Financial Services Group Inc.,COMMON STOCK,416515104,1683,47746,SH,,DFND,,47746,47746,0
282,Hawaiian Electric Industries Inc.,COMMON STOCK,419870100,334,7758,SH,,DFND,,7758,7758,0
283,Haynes International Inc,COMMON STOCK,420877201,353,17134,SH,,DFND,,17134,17134,0
284,Healthcare Services Group Inc.,COMMON STOCK,421906108,316,13230,SH,,DFND,,13230,13230,0
285,Healthstream Inc,COMMON STOCK,42222N103,245,10224,SH,,DFND,,10224,10224,0
286,Hecla Mining Co,COMMON STOCK,422704106,457,251166,SH,,DFND,,251166,251166,0
287,Helix Energy Solutions Group I,COMMON STOCK,42330P107,42,25893,SH,,DFND,,25893,25893,0
288,Henry Schein Incorporated,COMMON STOCK,806407102,822,16271,SH,,DFND,,16271,16271,0
289,Hersha Hospitality Trust,COMMON STOCK,427825500,100,27941,SH,,DFND,,27941,27941,0
290,Hershey Co/The,COMMON STOCK,427866108,1192,8994,SH,,DFND,,8994,8994,0
291,Hill International Inc,COMMON STOCK,431466101,31,21353,SH,,DFND,,21353,21353,0
292,Hilton Worldwide Holdings In,COMMON STOCK,43300A203,1455,21317,SH,,DFND,,21317,21317,0
293,Home Bancshares Inc,COMMON STOCK,436893200,149,12396,SH,,DFND,,12396,12396,0
294,Home Depot Inc.,COMMON STOCK,437076102,2319,12419,SH,,DFND,,12419,12419,0
295,Honeywell International Inc. (NEW),COMMON STOCK,438516106,390,2913,SH,,DFND,,2913,2913,0
296,HP Inc,COMMON STOCK,40434L105,2806,161636,SH,,DFND,,161636,161636,0
297,Hubspot Inc,COMMON STOCK,443573100,851,6389,SH,,DFND,,6389,6389,0
298,Humana Inc.,COMMON STOCK,444859102,1162,3699,SH,,DFND,,3699,3699,0
299,Hunt (JB) Transport Services Inc.,COMMON STOCK,445658107,477,5175,SH,,DFND,,5175,5175,0
300,Huntington Ingalls Indust,COMMON STOCK,446413106,858,4707,SH,,DFND,,4707,4707,0
301,Hyatt Hotels Corp - Cl A,COMMON STOCK,448579102,392,8191,SH,,DFND,,8191,8191,0
302,Hyster-Yale Materials Handling Inc,COMMON STOCK,449172105,366,9121,SH,,DFND,,9121,9121,0
303,Idex Corporation,COMMON STOCK,45167R104,661,4787,SH,,DFND,,4787,4787,0
304,Idexx Laboratories Corporation,COMMON STOCK,45168D104,1161,4791,SH,,DFND,,4791,4791,0
305,Illinois Tool Works Incorporated,COMMON STOCK,452308109,315,2215,SH,,DFND,,2215,2215,0
306,Imax Corporation,COMMON STOCK,45245E109,231,25523,SH,,DFND,,25523,25523,0
307,Impac Mortgage Holdings Inc,COMMON STOCK,45254P508,25,10488,SH,,DFND,,10488,10488,0
308,Incyte Corp.,COMMON STOCK,45337C102,619,8455,SH,,DFND,,8455,8455,0
309,Infosys Ltd - Sp ADR,COMMON STOCK,456788108,115,14060,SH,,DFND,,14060,14060,0
310,Inovio Pharmaceuticals Inc,COMMON STOCK,45773H201,169,22712,SH,,DFND,,22712,22712,0
311,Inphi Corp,COMMON STOCK,45772F107,2492,31482,SH,,DFND,,31482,31482,0
312,Insight Enterprises Incorporated,COMMON STOCK,45765U103,1074,25484,SH,,DFND,,25484,25484,0
313,Insperity Inc,COMMON STOCK,45778Q107,417,11180,SH,,DFND,,11180,11180,0
314,Integra LifeSciences Holdings,COMMON STOCK,457985208,596,13333,SH,,DFND,,13333,13333,0
315,Intel Corporation,COMMON STOCK,458140100,455,8404,SH,,DFND,,8404,8404,0
316,Interactive Brokers Gro-cl A,COMMON STOCK,45841N107,425,9855,SH,,DFND,,9855,9855,0
317,InterActiveCorp,COMMON STOCK,44919P508,552,3078,SH,,DFND,,3078,3078,0
318,InterDigital Inc,COMMON STOCK,45867G101,301,6749,SH,,DFND,,6749,6749,0
319,International Flavors and Fragrances,COMMON STOCK,459506101,958,9385,SH,,DFND,,9385,9385,0
320,Interpublic Group Companies Incorporated,COMMON STOCK,460690100,243,14998,SH,,DFND,,14998,14998,0
321,Intersect Ent Inc,COMMON STOCK,46071F103,391,32969,SH,,DFND,,32969,32969,0
322,Invacare Corporation,COMMON STOCK,461203101,399,53727,SH,,DFND,,53727,53727,0
323,Invesco Ltd,COMMON STOCK,G491BT108,2014,221794,SH,,DFND,,221794,221794,0
324,Invesco Mortgage Capital,COMMON STOCK,46131B100,236,69338,SH,,DFND,,69338,69338,0
325,IROBOT Corp,COMMON STOCK,462726100,320,7825,SH,,DFND,,7825,7825,0
326,Ironwood Pharmaceuticals Inc,COMMON STOCK,46333X108,680,67346,SH,,DFND,,67346,67346,0
327,iShares iBoxx High Yield Corporate Bond ETF,COMMON STOCK,464288513,606,7862,SH,,DFND,,7862,7862,0
328,Itron Incorporated,COMMON STOCK,465741106,414,7412,SH,,DFND,,7412,7412,0
329,J & J Snack Food Corporation,COMMON STOCK,466032109,251,2071,SH,,DFND,,2071,2071,0
330,j2 Global Inc,COMMON STOCK,48123V102,1359,18151,SH,,DFND,,18151,18151,0
331,Jakks Pacific Inc,COMMON STOCK,47012E106,7,20571,SH,,DFND,,20571,20571,0
332,Jazz Pharmaceuticals Plc,COMMON STOCK,G50871105,3576,35852,SH,,DFND,,35852,35852,0
333,Jd.com Inc-adr,COMMON STOCK,47215P106,550,13583,SH,,DFND,,13583,13583,0
334,John Bean Technologies,COMMON STOCK,477839104,306,4122,SH,,DFND,,4122,4122,0
335,Johnson & Johnson,COMMON STOCK,478160104,239,1826,SH,,DFND,,1826,1826,0
336,JPMorgan Chase & Co.,COMMON STOCK,46625H100,1267,14068,SH,,DFND,,14068,14068,0
337,Kadant Inc.,COMMON STOCK,48282T104,279,3736,SH,,DFND,,3736,3736,0
338,Kaiser Aluminum Corp,COMMON STOCK,483007704,649,9373,SH,,DFND,,9373,9373,0
339,Kansas City Southern,COMMON STOCK,485170302,2274,17879,SH,,DFND,,17879,17879,0
340,Kearny Financial Corp,COMMON STOCK,48716P108,460,53565,SH,,DFND,,53565,53565,0
341,Kennametal Incorporated,COMMON STOCK,489170100,193,10378,SH,,DFND,,10378,10378,0
342,Kilroy Realty Corporation,COMMON STOCK,49427F108,2767,43431,SH,,DFND,,43431,43431,0
343,Kimberly-Clark Corporation,COMMON STOCK,494368103,2727,21323,SH,,DFND,,21323,21323,0
344,Kimco Realty Corporation,COMMON STOCK,49446R109,103,10675,SH,,DFND,,10675,10675,0
345,Kinross Gold Corporation,COMMON STOCK,496902404,214,53652,SH,,DFND,,53652,53652,0
346,Kirby Corporation,COMMON STOCK,497266106,422,9717,SH,,DFND,,9717,9717,0
347,Knoll Inc,COMMON STOCK,498904200,485,46958,SH,,DFND,,46958,46958,0
348,Knowles Corp,COMMON STOCK,49926D109,147,10956,SH,,DFND,,10956,10956,0
349,Kohl's Corporation,COMMON STOCK,500255104,199,13639,SH,,DFND,,13639,13639,0
350,Koppers Holdings Inc,COMMON STOCK,50060P106,221,17853,SH,,DFND,,17853,17853,0
351,Kosmos Energy Ltd,COMMON STOCK,500688106,44,49416,SH,,DFND,,49416,49416,0
352,Kroger Company,COMMON STOCK,501044101,759,25203,SH,,DFND,,25203,25203,0
353,Kronos Worldwide Inc,COMMON STOCK,50105F105,292,34600,SH,,DFND,,34600,34600,0
354,Laboratory Corp. of America Holdings,COMMON STOCK,50540R409,777,6148,SH,,DFND,,6148,6148,0
355,Lam Research Corporation,COMMON STOCK,512807108,2727,11361,SH,,DFND,,11361,11361,0
356,Lamar Advertising Company,COMMON STOCK,512816109,255,4981,SH,,DFND,,4981,4981,0
357,Lancaster Colony Corporation,COMMON STOCK,513847103,1566,10827,SH,,DFND,,10827,10827,0
358,Las Vegas Sands Corp,COMMON STOCK,517834107,459,10815,SH,,DFND,,10815,10815,0
359,La-Z-Boy Incorporated,COMMON STOCK,505336107,582,28321,SH,,DFND,,28321,28321,0
360,Legg Mason Incorporated,COMMON STOCK,524901105,19320,395497,SH,,DFND,,395497,395497,0
361,Leggett & Platt Incorporated,COMMON STOCK,524660107,1738,65129,SH,,DFND,,65129,65129,0
362,LendingTree Inc(NASDAQ),COMMON STOCK,52603B107,235,1283,SH,,DFND,,1283,1283,0
363,Lexicon Pharmaceuticals Inc,COMMON STOCK,528872302,69,35273,SH,,DFND,,35273,35273,0
364,Libbey Incorporated,COMMON STOCK,529898108,5,10623,SH,,DFND,,10623,10623,0
365,Liberty Global Plc - A,COMMON STOCK,G5480U104,469,28409,SH,,DFND,,28409,28409,0
366,Liberty Global Plc - Series C,COMMON STOCK,G5480U120,200,12747,SH,,DFND,,12747,12747,0
367,Lincoln National Corporation,COMMON STOCK,534187109,1178,44763,SH,,DFND,,44763,44763,0
368,Lithia Motors Inc. - Class A,COMMON STOCK,536797103,2130,26044,SH,,DFND,,26044,26044,0
369,Lockheed Martin Corp,COMMON STOCK,539830109,752,2218,SH,,DFND,,2218,2218,0
370,Logmein Inc,COMMON STOCK,54142L109,495,5947,SH,,DFND,,5947,5947,0
371,Louisiana-Pacific Corporation,COMMON STOCK,546347105,1109,64530,SH,,DFND,,64530,64530,0
372,Lululemon Athletica Inc,COMMON STOCK,550021109,796,4197,SH,,DFND,,4197,4197,0
373,Lumber Liquidators Holdings In,COMMON STOCK,55003T107,335,71504,SH,,DFND,,71504,71504,0
374,Lydall Incorporated,COMMON STOCK,550819106,194,30106,SH,,DFND,,30106,30106,0
375,Lyondellbasell Indu-cl A,COMMON STOCK,N53745100,236,4759,SH,,DFND,,4759,4759,0
376,Mallinckrodt Plc,COMMON STOCK,G5785G107,178,89839,SH,,DFND,,89839,89839,0
377,Manhattan Associates Incorporated,COMMON STOCK,562750109,616,12357,SH,,DFND,,12357,12357,0
378,Manitowoc Company Inc.,COMMON STOCK,563571405,445,52384,SH,,DFND,,52384,52384,0
379,Manning & Napier Inc,COMMON STOCK,56382Q102,15,12147,SH,,DFND,,12147,12147,0
380,Marathon Oil Corp,COMMON STOCK,565849106,133,40275,SH,,DFND,,40275,40275,0
381,Marathon Petroleum Corp,COMMON STOCK,56585A102,978,41422,SH,,DFND,,41422,41422,0
382,Marriott International-CL A,COMMON STOCK,571903202,1820,24326,SH,,DFND,,24326,24326,0
383,Marriott Vacations Worldwide Corporation,COMMON STOCK,57164Y107,1269,22839,SH,,DFND,,22839,22839,0
384,Materion Corp,COMMON STOCK,576690101,704,20101,SH,,DFND,,20101,20101,0
385,Mattel Inc,COMMON STOCK,577081102,513,58253,SH,,DFND,,58253,58253,0
386,MBIA Incorporated,COMMON STOCK,55262C100,1186,166108,SH,,DFND,,166108,166108,0
387,McCormick & Company,COMMON STOCK,579780206,2051,14524,SH,,DFND,,14524,14524,0
388,McDonald's Corp,COMMON STOCK,580135101,4184,25302,SH,,DFND,,25302,25302,0
389,McKesson Corporation,COMMON STOCK,58155Q103,2543,18800,SH,,DFND,,18800,18800,0
390,MDC Partners Inc - A,COMMON STOCK,552697104,60,41182,SH,,DFND,,41182,41182,0
391,Medley Capital Corp,COMMON STOCK,58503F106,8,13012,SH,,DFND,,13012,13012,0
392,Medtronic PLC,COMMON STOCK,G5960L103,627,6956,SH,,DFND,,6956,6956,0
393,Mercadolibre Inc,COMMON STOCK,58733R102,727,1487,SH,,DFND,,1487,1487,0
394,Mercer Intl Inc (Sh Ben Int),COMMON STOCK,588056101,80,10993,SH,,DFND,,10993,10993,0
395,Merck & Co. Incorporated,COMMON STOCK,58933Y105,2110,27419,SH,,DFND,,27419,27419,0
396,Meredith Corp,COMMON STOCK,589433101,188,15414,SH,,DFND,,15414,15414,0
397,Meridian Bioscience Inc,COMMON STOCK,589584101,199,23709,SH,,DFND,,23709,23709,0
398,MetLife Inc.,COMMON STOCK,59156R108,1180,38602,SH,,DFND,,38602,38602,0
399,Mettler-Toledo International Inc,COMMON STOCK,592688105,682,988,SH,,DFND,,988,988,0
400,MFA Financial Inc,COMMON STOCK,55272X102,167,107579,SH,,DFND,,107579,107579,0
401,MGIC Investment Corp,COMMON STOCK,552848103,311,48995,SH,,DFND,,48995,48995,0
402,MGM Resorts International,COMMON STOCK,552953101,389,32939,SH,,DFND,,32939,32939,0
403,Michaels Cos Inc/the,COMMON STOCK,59408Q106,40,24543,SH,,DFND,,24543,24543,0
404,Microchip Technology Inc.,COMMON STOCK,595017104,617,9104,SH,,DFND,,9104,9104,0
405,Micron Technology Incorporated,COMMON STOCK,595112103,2466,58622,SH,,DFND,,58622,58622,0
406,Microsoft Corporation,COMMON STOCK,594918104,6928,43927,SH,,DFND,,43927,43927,0
407,MicroStrategy Incorporated,COMMON STOCK,594972408,279,2360,SH,,DFND,,2360,2360,0
408,Mid-America Apartment Communities Inc.,COMMON STOCK,59522J103,4413,42832,SH,,DFND,,42832,42832,0
409,Miller (Herman) Inc.,COMMON STOCK,600544100,227,10221,SH,,DFND,,10221,10221,0
410,Minerals Technologies Inc.,COMMON STOCK,603158106,318,8775,SH,,DFND,,8775,8775,0
411,Mistras Group Inc,COMMON STOCK,60649T107,88,20678,SH,,DFND,,20678,20678,0
412,Modine Manufacturing Company,COMMON STOCK,607828100,59,18128,SH,,DFND,,18128,18128,0
413,Mondelez International Inc,COMMON STOCK,609207105,1077,21506,SH,,DFND,,21506,21506,0
414,Monster Beverage Corp,COMMON STOCK,61174X109,326,5800,SH,,DFND,,5800,5800,0
415,Moody's Corporation,COMMON STOCK,615369105,631,2982,SH,,DFND,,2982,2982,0
416,Morgan Stanley,COMMON STOCK,617446448,2086,61343,SH,,DFND,,61343,61343,0
417,Motorola Solutions Inc,COMMON STOCK,620076307,558,4196,SH,,DFND,,4196,4196,0
418,Movado Group Inc.,COMMON STOCK,624580106,329,27861,SH,,DFND,,27861,27861,0
419,Mrc Global Inc,COMMON STOCK,55345K103,437,102621,SH,,DFND,,102621,102621,0
420,MSA Safety Inc,COMMON STOCK,553498106,573,5660,SH,,DFND,,5660,5660,0
421,MSG Networks Inc - A,COMMON STOCK,553573106,181,17703,SH,,DFND,,17703,17703,0
422,Murphy Oil Corporation,COMMON STOCK,626717102,393,64072,SH,,DFND,,64072,64072,0
423,Mylan NV,COMMON STOCK,N59465109,327,21955,SH,,DFND,,21955,21955,0
424,Nabors Industries Incorporated,COMMON STOCK,G6359F137,41,105779,SH,,DFND,,105779,105779,0
425,National Cinemedia Inc,COMMON STOCK,635309107,99,30281,SH,,DFND,,30281,30281,0
426,National Fuel Gas Company,COMMON STOCK,636180101,1138,30516,SH,,DFND,,30516,30516,0
427,National Oilwell Varco Inc,COMMON STOCK,637071101,796,80946,SH,,DFND,,80946,80946,0
428,Natus Medical Inc,COMMON STOCK,639050103,334,14447,SH,,DFND,,14447,14447,0
429,Navient Corp,COMMON STOCK,63938C108,1465,193217,SH,,DFND,,193217,193217,0
430,Nektar Therapeutics,COMMON STOCK,640268108,710,39774,SH,,DFND,,39774,39774,0
431,NetEase Inc - ADR,COMMON STOCK,64110W102,254,790,SH,,DFND,,790,790,0
432,Nevro Corp,COMMON STOCK,64157F103,740,7399,SH,,DFND,,7399,7399,0
433,New Gold Inc,COMMON STOCK,644535106,17,33837,SH,,DFND,,33837,33837,0
434,New Mountain Finance Corp,COMMON STOCK,647551100,76,11184,SH,,DFND,,11184,11184,0
435,New Relic Inc,COMMON STOCK,64829B100,902,19503,SH,,DFND,,19503,19503,0
436,NEW SENIOR INVESTMENT GR,COMMON STOCK,648691103,40,15438,SH,,DFND,,15438,15438,0
437,New York Times Company - CL A,COMMON STOCK,650111107,656,21357,SH,,DFND,,21357,21357,0
438,Newpark Resources Inc.,COMMON STOCK,651718504,91,101627,SH,,DFND,,101627,101627,0
439,News Corp/new-cl A,COMMON STOCK,65249B109,426,47461,SH,,DFND,,47461,47461,0
440,NIKE Inc,COMMON STOCK,654106103,1110,13418,SH,,DFND,,13418,13418,0
441,Nokia Corp-spon ADR,COMMON STOCK,654902204,459,147983,SH,,DFND,,147983,147983,0
442,Noodles & Co,COMMON STOCK,65540B105,72,15181,SH,,DFND,,15181,15181,0
443,Nordic American Tanker Ltd,COMMON STOCK,G65773106,269,59323,SH,,DFND,,59323,59323,0
444,Nordstrom Inc,COMMON STOCK,655664100,219,14248,SH,,DFND,,14248,14248,0
445,Norfolk Southern Corp.,COMMON STOCK,655844108,772,5289,SH,,DFND,,5289,5289,0
446,Northfield Bancorp Inc/nj,COMMON STOCK,66611T108,151,13538,SH,,DFND,,13538,13538,0
447,Northrop Grumman Corp,COMMON STOCK,666807102,766,2531,SH,,DFND,,2531,2531,0
448,Novagold Resources Inc.,COMMON STOCK,66987E206,498,67541,SH,,DFND,,67541,67541,0
449,Nu Skin Enterprises Inc. - A,COMMON STOCK,67018T105,608,27845,SH,,DFND,,27845,27845,0
450,NuVasive Inc,COMMON STOCK,670704105,997,19672,SH,,DFND,,19672,19672,0
451,Nvidia Corporation,COMMON STOCK,67066G104,3759,14259,SH,,DFND,,14259,14259,0
452,Nxp Semiconductors Nv,COMMON STOCK,N6596X109,671,8097,SH,,DFND,,8097,8097,0
453,Oasis Petroleum Inc,COMMON STOCK,674215108,58,165887,SH,,DFND,,165887,165887,0
454,Occidental Petroleum Corp,COMMON STOCK,674599105,304,26289,SH,,DFND,,26289,26289,0
455,Oceaneering Intl Inc,COMMON STOCK,675232102,119,40439,SH,,DFND,,40439,40439,0
456,Ocwen Financial Corp.,COMMON STOCK,675746309,15,29326,SH,,DFND,,29326,29326,0
457,OGE Energy Corporation,COMMON STOCK,670837103,2311,75192,SH,,DFND,,75192,75192,0
458,OIL STS INTL INC,COMMON STOCK,678026105,256,125921,SH,,DFND,,125921,125921,0
459,Old Rep Intl Corp,COMMON STOCK,680223104,616,40390,SH,,DFND,,40390,40390,0
460,OLYMPIC STL INC,COMMON STOCK,68162K106,176,16994,SH,,DFND,,16994,16994,0
461,Omeros Corp,COMMON STOCK,682143102,529,39583,SH,,DFND,,39583,39583,0
462,Omnicom Group,COMMON STOCK,681919106,1209,22020,SH,,DFND,,22020,22020,0
463,On Deck Capital Inc,COMMON STOCK,682163100,180,116926,SH,,DFND,,116926,116926,0
464,ONEOK Inc.,COMMON STOCK,682680103,862,39541,SH,,DFND,,39541,39541,0
465,Oracle Corporation,COMMON STOCK,68389X105,274,5672,SH,,DFND,,5672,5672,0
466,Outfront Media Inc,COMMON STOCK,69007J106,200,14873,SH,,DFND,,14873,14873,0
467,Oxford Inds Inc,COMMON STOCK,691497309,573,15805,SH,,DFND,,15805,15805,0
468,PACCAR Inc.,COMMON STOCK,693718108,287,4697,SH,,DFND,,4697,4697,0
469,Pacific Ethanol Inc,COMMON STOCK,69423U305,3,12450,SH,,DFND,,12450,12450,0
470,Palo Alto Networks Inc,COMMON STOCK,697435105,634,3866,SH,,DFND,,3866,3866,0
471,Pan American Silver Corp,COMMON STOCK,697900108,187,13015,SH,,DFND,,13015,13015,0
472,Papa John's International Incorporated,COMMON STOCK,698813102,802,15022,SH,,DFND,,15022,15022,0
473,Parker-Hannifin Corporation,COMMON STOCK,701094104,874,6734,SH,,DFND,,6734,6734,0
474,Paychex Inc.,COMMON STOCK,704326107,1184,18812,SH,,DFND,,18812,18812,0
475,Paypal Holdings Inc,COMMON STOCK,70450Y103,5115,53429,SH,,DFND,,53429,53429,0
476,Pbf Energy Inc,COMMON STOCK,69318G106,565,79779,SH,,DFND,,79779,79779,0
477,PC - Tel Inc.,COMMON STOCK,69325Q105,127,19087,SH,,DFND,,19087,19087,0
478,PDL BioPharma Inc,COMMON STOCK,69329Y104,224,79424,SH,,DFND,,79424,79424,0
479,Peabody Energy Corp,COMMON STOCK,704551100,138,47502,SH,,DFND,,47502,47502,0
480,Pebblebrook Hotel Trust,COMMON STOCK,70509V100,658,60427,SH,,DFND,,60427,60427,0
481,Pegasystems Inc.,COMMON STOCK,705573103,301,4227,SH,,DFND,,4227,4227,0
482,Pepsico Incorporated,COMMON STOCK,713448108,530,4413,SH,,DFND,,4413,4413,0
483,Perficient Inc,COMMON STOCK,71375U101,707,26103,SH,,DFND,,26103,26103,0
484,Petroleo Brasileiro S.A - ADR,COMMON STOCK,71654V101,74,13770,SH,,DFND,,13770,13770,0
485,Petroleo Brasileiro S.A. - ADR (NYSE),COMMON STOCK,71654V408,300,54618,SH,,DFND,,54618,54618,0
486,Phillips 66,COMMON STOCK,718546104,224,4173,SH,,DFND,,4173,4173,0
487,Pitney Bowes Incorporated,COMMON STOCK,724479100,44,21543,SH,,DFND,,21543,21543,0
488,Pjt Partners Inc - A,COMMON STOCK,69343T107,6515,150148,SH,,DFND,,150148,150148,0
489,Plexus Corp.,COMMON STOCK,729132100,485,8881,SH,,DFND,,8881,8881,0
490,Plug Power Inc,COMMON STOCK,72919P202,543,153381,SH,,DFND,,153381,153381,0
491,PNC Financial Services Group,COMMON STOCK,693475105,554,5783,SH,,DFND,,5783,5783,0
492,PNM Resources Inc,COMMON STOCK,69349H107,1086,28587,SH,,DFND,,28587,28587,0
493,Pool Corp,COMMON STOCK,73278L105,611,3104,SH,,DFND,,3104,3104,0
494,Portland General Electric Co,COMMON STOCK,736508847,257,5351,SH,,DFND,,5351,5351,0
495,PPG Industries Incorporated,COMMON STOCK,693506107,997,11930,SH,,DFND,,11930,11930,0
496,PPL Corporation,COMMON STOCK,69351T106,678,27452,SH,,DFND,,27452,27452,0
497,PRA Group Inc,COMMON STOCK,69354N106,210,7563,SH,,DFND,,7563,7563,0
498,Pra Health Sciences Inc,COMMON STOCK,69354M108,338,4065,SH,,DFND,,4065,4065,0
499,Pretium Resources Inc,COMMON STOCK,74139C102,150,26381,SH,,DFND,,26381,26381,0
500,Primerica Inc,COMMON STOCK,74164M108,305,3443,SH,,DFND,,3443,3443,0
501,Principal Financial Group,COMMON STOCK,74251V102,1421,45344,SH,,DFND,,45344,45344,0
502,Procter & Gamble Company,COMMON STOCK,742718109,590,5361,SH,,DFND,,5361,5361,0
503,Progress Software Corporation,COMMON STOCK,743312100,1237,38660,SH,,DFND,,38660,38660,0
504,Prothena Corp Plc,COMMON STOCK,G72800108,232,21723,SH,,DFND,,21723,21723,0
505,Proto Labs Inc,COMMON STOCK,743713109,382,5012,SH,,DFND,,5012,5012,0
506,Prudential Financial Inc.,COMMON STOCK,744320102,1523,29211,SH,,DFND,,29211,29211,0
507,PS Business Parks Inc./CA,COMMON STOCK,69360J107,3778,27880,SH,,DFND,,27880,27880,0
508,PTC Inc,COMMON STOCK,69370C100,334,5463,SH,,DFND,,5463,5463,0
509,Public Service Enterprise GP,COMMON STOCK,744573106,2152,47926,SH,,DFND,,47926,47926,0
510,Public Storage,COMMON STOCK,74460D109,1367,6883,SH,,DFND,,6883,6883,0
511,Pulte Group Inc,COMMON STOCK,745867101,558,25000,SH,,DFND,,25000,25000,0
512,PVH Corp,COMMON STOCK,693656100,209,5550,SH,,DFND,,5550,5550,0
513,Qorvo Inc,COMMON STOCK,74736K101,1233,15293,SH,,DFND,,15293,15293,0
514,Qualcomm Incorporated,COMMON STOCK,747525103,1830,27052,SH,,DFND,,27052,27052,0
515,Quanex Building Products,COMMON STOCK,747619104,114,11311,SH,,DFND,,11311,11311,0
516,Radian Group Inc.,COMMON STOCK,750236101,130,10008,SH,,DFND,,10008,10008,0
517,Radius Health Inc,COMMON STOCK,750469207,404,31106,SH,,DFND,,31106,31106,0
518,Raymond James Financial Incorporated,COMMON STOCK,754730109,252,3987,SH,,DFND,,3987,3987,0
519,Rayonier Advanced Materi,COMMON STOCK,75508B104,17,16372,SH,,DFND,,16372,16372,0
520,Realpage Inc,COMMON STOCK,75606N109,528,9975,SH,,DFND,,9975,9975,0
521,Realty Income Corporation,COMMON STOCK,756109104,1631,32707,SH,,DFND,,32707,32707,0
522,Regeneron Pharmaceuticals Incorporated,COMMON STOCK,75886F107,1185,2426,SH,,DFND,,2426,2426,0
523,Reinsurance Group Of America,COMMON STOCK,759351604,2006,23847,SH,,DFND,,23847,23847,0
524,Repligen Corporation,COMMON STOCK,759916109,681,7051,SH,,DFND,,7051,7051,0
525,ResMed Incorporated,COMMON STOCK,761152107,415,2819,SH,,DFND,,2819,2819,0
526,Restaurant Brands International Inc,COMMON STOCK,76131D103,443,11067,SH,,DFND,,11067,11067,0
527,Retail Opportunity Investments,COMMON STOCK,76131N101,1368,164986,SH,,DFND,,164986,164986,0
528,Retail Properties Of Ame - A,COMMON STOCK,76131V202,551,106643,SH,,DFND,,106643,106643,0
529,Retrophin Inc,COMMON STOCK,761299106,1169,80124,SH,,DFND,,80124,80124,0
530,Ringcentral Inc-class A,COMMON STOCK,76680R206,730,3446,SH,,DFND,,3446,3446,0
531,Roper Technologies Inc,COMMON STOCK,776696106,971,3114,SH,,DFND,,3114,3114,0
532,Ross Stores Incorporated,COMMON STOCK,778296103,1731,19906,SH,,DFND,,19906,19906,0
533,Royal Gold Incorporated,COMMON STOCK,780287108,987,11257,SH,,DFND,,11257,11257,0
534,RPM International Inc.,COMMON STOCK,749685103,245,4121,SH,,DFND,,4121,4121,0
535,Ryder Systems Incorporated,COMMON STOCK,783549108,1287,48689,SH,,DFND,,48689,48689,0
536,Ryman Hospitality Properties,COMMON STOCK,78377T107,288,8020,SH,,DFND,,8020,8020,0
537,Salesforce.com,COMMON STOCK,79466L302,2697,18733,SH,,DFND,,18733,18733,0
538,Sandstorm Gold Ltd.,COMMON STOCK,80013R206,83,16552,SH,,DFND,,16552,16552,0
539,SBA Communications Corp,COMMON STOCK,78410G104,1671,6190,SH,,DFND,,6190,6190,0
540,ScanSource Inc,COMMON STOCK,806037107,345,16147,SH,,DFND,,16147,16147,0
541,Schlumberger Limited,COMMON STOCK,806857108,385,28523,SH,,DFND,,28523,28523,0
542,Schwab (Charles) Corporation,COMMON STOCK,808513105,719,21394,SH,,DFND,,21394,21394,0
543,Scientific Games Corp - A,COMMON STOCK,80874P109,250,25725,SH,,DFND,,25725,25725,0
544,Scorpio Tankers Inc,COMMON STOCK,Y7542C130,376,19672,SH,,DFND,,19672,19672,0
545,Seagate Technology,COMMON STOCK,G7945M107,1282,26268,SH,,DFND,,26268,26268,0
546,Sealed Air Corporation,COMMON STOCK,81211K100,632,25560,SH,,DFND,,25560,25560,0
547,SEI Investments Company,COMMON STOCK,784117103,702,15154,SH,,DFND,,15154,15154,0
548,Selective Insurance Group Incorporated,COMMON STOCK,816300107,411,8271,SH,,DFND,,8271,8271,0
549,Servicenow Inc,COMMON STOCK,81762P102,2165,7556,SH,,DFND,,7556,7556,0
550,Servicesource International,COMMON STOCK,81763U100,29,32786,SH,,DFND,,32786,32786,0
551,Sherwin-Williams Company,COMMON STOCK,824348106,503,1095,SH,,DFND,,1095,1095,0
552,Shoe Carnival Incorporated,COMMON STOCK,824889109,245,11789,SH,,DFND,,11789,11789,0
553,Shutterstock Inc,COMMON STOCK,825690100,955,29694,SH,,DFND,,29694,29694,0
554,Sirius XM Holdings Inc,COMMON STOCK,82968B103,1061,214757,SH,,DFND,,214757,214757,0
555,Skyworks Solutions Incorporated,COMMON STOCK,83088M102,1777,19881,SH,,DFND,,19881,19881,0
556,SM Energy Co,COMMON STOCK,78454L100,198,162517,SH,,DFND,,162517,162517,0
557,Smucker (J.M.) Company - NEW,COMMON STOCK,832696405,258,2321,SH,,DFND,,2321,2321,0
558,Snap-on Incorporated,COMMON STOCK,833034101,265,2432,SH,,DFND,,2432,2432,0
559,Sonic Automotive Incorporated,COMMON STOCK,83545G102,598,45048,SH,,DFND,,45048,45048,0
560,Southwest Airlines Company,COMMON STOCK,844741108,308,8655,SH,,DFND,,8655,8655,0
561,SpartanNash Co,COMMON STOCK,847215100,637,44509,SH,,DFND,,44509,44509,0
562,SPDR S&P 500 ETF Trust,COMMON STOCK,78462F103,15725,61008,SH,,DFND,,61008,61008,0
563,Splunk Inc,COMMON STOCK,848637104,1049,8314,SH,,DFND,,8314,8314,0
564,Sportsman's Warehouse Holdin,COMMON STOCK,84920Y106,330,53632,SH,,DFND,,53632,53632,0
565,Spx Flow Inc,COMMON STOCK,78469X107,296,10411,SH,,DFND,,10411,10411,0
566,STAAR Surgical Company,COMMON STOCK,852312305,1050,32553,SH,,DFND,,32553,32553,0
567,Stag Industrial Inc,COMMON STOCK,85254J102,261,11602,SH,,DFND,,11602,11602,0
568,Stamps.com Inc,COMMON STOCK,852857200,551,4235,SH,,DFND,,4235,4235,0
569,Stanley Black & Decker Inc,COMMON STOCK,854502101,1342,13418,SH,,DFND,,13418,13418,0
570,Starbucks Corporation,COMMON STOCK,855244109,1209,18397,SH,,DFND,,18397,18397,0
571,Starwood Property Trust Inc,COMMON STOCK,85571B105,202,19745,SH,,DFND,,19745,19745,0
572,State Street Corporation,COMMON STOCK,857477103,2307,43310,SH,,DFND,,43310,43310,0
573,Steelcase Incorporated - CL A,COMMON STOCK,858155203,373,37817,SH,,DFND,,37817,37817,0
574,Stericycle Inc,COMMON STOCK,858912108,808,16627,SH,,DFND,,16627,16627,0
575,Steris Plc,COMMON STOCK,G8473T100,765,5465,SH,,DFND,,5465,5465,0
576,Steven Madden Limited,COMMON STOCK,556269108,690,29691,SH,,DFND,,29691,29691,0
577,Stewart Information Services Corporation,COMMON STOCK,860372101,389,14592,SH,,DFND,,14592,14592,0
578,Store Capital Corp,COMMON STOCK,862121100,1125,62112,SH,,DFND,,62112,62112,0
579,Stryker Corporation,COMMON STOCK,863667101,397,2384,SH,,DFND,,2384,2384,0
580,Summit Hotel Properties Inc,COMMON STOCK,866082100,219,51876,SH,,DFND,,51876,51876,0
581,Suncoke Energy Inc,COMMON STOCK,86722A103,661,171701,SH,,DFND,,171701,171701,0
582,Sunpower Corp - Class A,COMMON STOCK,867652406,53,10473,SH,,DFND,,10473,10473,0
583,Superior Industries International Inc.,COMMON STOCK,868168105,40,33208,SH,,DFND,,33208,33208,0
584,Supernus Pharmaceuticals Inc,COMMON STOCK,868459108,533,29620,SH,,DFND,,29620,29620,0
585,Surmodics Inc,COMMON STOCK,868873100,963,28897,SH,,DFND,,28897,28897,0
586,Synaptics Inc,COMMON STOCK,87157D109,678,11718,SH,,DFND,,11718,11718,0
587,SYNNEX CORP,COMMON STOCK,87162W100,2986,40853,SH,,DFND,,40853,40853,0
588,Synovus Finl Corp,COMMON STOCK,87161C501,244,13871,SH,,DFND,,13871,13871,0
589,SYSCO Corporation,COMMON STOCK,871829107,947,20756,SH,,DFND,,20756,20756,0
590,Taiwan Semiconductor Co. Ltd. - ADR,COMMON STOCK,874039100,1249,26141,SH,,DFND,,26141,26141,0
591,Take - Two Interactive Software,COMMON STOCK,874054109,3483,29361,SH,,DFND,,29361,29361,0
592,Targa Resources Corp.,COMMON STOCK,87612G101,134,19357,SH,,DFND,,19357,19357,0
593,Target Corporation,COMMON STOCK,87612E106,2547,27394,SH,,DFND,,27394,27394,0
594,Taubman Centers Inc.,COMMON STOCK,876664103,216,5161,SH,,DFND,,5161,5161,0
595,TD Ameritrade Holding Corp,COMMON STOCK,87236Y108,10668,307780,SH,,DFND,,307780,307780,0
596,Teekay Corp,COMMON STOCK,Y8564W103,316,100027,SH,,DFND,,100027,100027,0
597,Telephone and Data Systems Incorporated,COMMON STOCK,879433829,1516,90424,SH,,DFND,,90424,90424,0
598,Tenaris SA - ADR,COMMON STOCK,88031M109,144,11936,SH,,DFND,,11936,11936,0
599,Tenet Healthcare Corporation,COMMON STOCK,88033G407,979,67960,SH,,DFND,,67960,67960,0
600,Teradyne Inc,COMMON STOCK,880770102,1576,29096,SH,,DFND,,29096,29096,0
601,Terex Corp.,COMMON STOCK,880779103,231,16056,SH,,DFND,,16056,16056,0
602,Teva Pharmaceutical Ind. Sponsored - ADR,COMMON STOCK,881624209,91,10100,SH,,DFND,,10100,10100,0
603,Texas Capital Bancshares Inc,COMMON STOCK,88224Q107,797,35939,SH,,DFND,,35939,35939,0
604,The Coca-Cola Company,COMMON STOCK,191216100,3625,81920,SH,,DFND,,81920,81920,0
605,The Ensign Group Inc,COMMON STOCK,29358P101,772,20519,SH,,DFND,,20519,20519,0
606,Thermo Fisher Scientific Inc,COMMON STOCK,883556102,1022,3603,SH,,DFND,,3603,3603,0
607,Thermon Group Holdings Inc,COMMON STOCK,88362T103,320,21214,SH,,DFND,,21214,21214,0
608,Thor Industries Inc.,COMMON STOCK,885160101,1042,24707,SH,,DFND,,24707,24707,0
609,TIFFANY & CO NEW,COMMON STOCK,886547108,332,2560,SH,,DFND,,2560,2560,0
610,Titan International Inc,COMMON STOCK,88830M102,93,60265,SH,,DFND,,60265,60265,0
611,TJX Companies Inc.,COMMON STOCK,872540109,993,20772,SH,,DFND,,20772,20772,0
612,Tootsie Roll Industries Incorporated,COMMON STOCK,890516107,500,13891,SH,,DFND,,13891,13891,0
613,Transdigm Group Inc,COMMON STOCK,893641100,553,1728,SH,,DFND,,1728,1728,0
614,TransUnion,COMMON STOCK,89400J107,2157,32598,SH,,DFND,,32598,32598,0
615,Travelers Cos Inc/The,COMMON STOCK,89417E109,259,2607,SH,,DFND,,2607,2607,0
616,TreeHouse Food,COMMON STOCK,89469A104,454,10288,SH,,DFND,,10288,10288,0
617,Trinseo Sa,COMMON STOCK,L9340P101,182,10062,SH,,DFND,,10062,10062,0
618,Truecar Inc,COMMON STOCK,89785L107,122,50246,SH,,DFND,,50246,50246,0
619,Trustmark Corporation,COMMON STOCK,898402102,570,24471,SH,,DFND,,24471,24471,0
620,Turquoise Hill Resources Ltd,COMMON STOCK,900435108,2319,6074792,SH,,DFND,,6074792,6074792,0
621,Tyler Technologies Inc.,COMMON STOCK,902252105,1997,6733,SH,,DFND,,6733,6733,0
622,Ultra Clean Holdings,COMMON STOCK,90385V107,570,41280,SH,,DFND,,41280,41280,0
623,Under Armour Inc,COMMON STOCK,904311107,1512,164181,SH,,DFND,,164181,164181,0
624,Union Pacific Corporation,COMMON STOCK,907818108,814,5768,SH,,DFND,,5768,5768,0
625,United Bankshares Inc W VA,COMMON STOCK,909907107,547,23683,SH,,DFND,,23683,23683,0
626,United Insurance Holdings Co,COMMON STOCK,910710102,209,22640,SH,,DFND,,22640,22640,0
627,United Rental Incorporated,COMMON STOCK,911363109,567,5506,SH,,DFND,,5506,5506,0
628,United States Cellular Corporation,COMMON STOCK,911684108,345,11763,SH,,DFND,,11763,11763,0
629,United States Steel Corp,COMMON STOCK,912909108,687,108866,SH,,DFND,,108866,108866,0
630,Universal Electronics Inc,COMMON STOCK,913483103,529,13790,SH,,DFND,,13790,13790,0
631,Universal Health Services (CLASS B),COMMON STOCK,913903100,2139,21585,SH,,DFND,,21585,21585,0
632,Unum Group,COMMON STOCK,91529Y106,300,19995,SH,,DFND,,19995,19995,0
633,Urban Edge Properties,COMMON STOCK,91704F104,444,50402,SH,,DFND,,50402,50402,0
634,US Ecology Inc,COMMON STOCK,91734M103,279,9178,SH,,DFND,,9178,9178,0
635,Us Silica Holdings Inc,COMMON STOCK,90346E103,41,22933,SH,,DFND,,22933,22933,0
636,USANA Health Sciences Inc,COMMON STOCK,90328M107,298,5163,SH,,DFND,,5163,5163,0
637,VAIL RESORTS INC,COMMON STOCK,91879Q109,834,5646,SH,,DFND,,5646,5646,0
638,Vanda Pharmaceuticals Inc,COMMON STOCK,921659108,1136,109610,SH,,DFND,,109610,109610,0
639,Varonis Systems Inc,COMMON STOCK,922280102,551,8661,SH,,DFND,,8661,8661,0
640,Veeva Systems Inc-class A,COMMON STOCK,922475108,214,1371,SH,,DFND,,1371,1371,0
641,Ventas Inc,COMMON STOCK,92276F100,491,18332,SH,,DFND,,18332,18332,0
642,Vera Bradley Inc,COMMON STOCK,92335C106,54,13210,SH,,DFND,,13210,13210,0
643,VERINT SYS INC,COMMON STOCK,92343X100,749,17424,SH,,DFND,,17424,17424,0
644,Vertex Pharmaceuticals Inc.,COMMON STOCK,92532F100,2468,10372,SH,,DFND,,10372,10372,0
645,Viad Corp.,COMMON STOCK,92552R406,228,10734,SH,,DFND,,10734,10734,0
646,Viavi Solutions Inc,COMMON STOCK,925550105,257,22901,SH,,DFND,,22901,22901,0
647,Vipshop Holdings Ltd - Ads - ADR,COMMON STOCK,92763W103,264,16975,SH,,DFND,,16975,16975,0
648,Visa Inc - Class A Shares,COMMON STOCK,92826C839,2066,12820,SH,,DFND,,12820,12820,0
649,Vista Outdoor Inc,COMMON STOCK,928377100,475,53967,SH,,DFND,,53967,53967,0
650,Vmware Inc-class A,COMMON STOCK,928563402,1080,8919,SH,,DFND,,8919,8919,0
651,Vonage Holdings,COMMON STOCK,92886T201,1057,146175,SH,,DFND,,146175,146175,0
652,Wabash National Corporation,COMMON STOCK,929566107,512,70953,SH,,DFND,,70953,70953,0
653,Wabtec Corporation,COMMON STOCK,929740108,535,11110,SH,,DFND,,11110,11110,0
654,Waddell & Reed Financial Inc.-CL A,COMMON STOCK,930059100,666,58483,SH,,DFND,,58483,58483,0
655,Walgreens Boots Alliance Inc,COMMON STOCK,931427108,914,19977,SH,,DFND,,19977,19977,0
656,Washington Federal Incorporated,COMMON STOCK,938824109,1310,50467,SH,,DFND,,50467,50467,0
657,Watsco Incorporated,COMMON STOCK,942622200,876,5546,SH,,DFND,,5546,5546,0
658,Webster Financial Corp Waterbury,COMMON STOCK,947890109,483,21102,SH,,DFND,,21102,21102,0
659,Weingarten Realty Investors,COMMON STOCK,948741103,1092,75686,SH,,DFND,,75686,75686,0
660,WESCO International,COMMON STOCK,95082P105,821,35924,SH,,DFND,,35924,35924,0
661,West Pharmaceutical Services Incorporate,COMMON STOCK,955306105,328,2154,SH,,DFND,,2154,2154,0
662,Western Alliance Bancorp,COMMON STOCK,957638109,1189,38848,SH,,DFND,,38848,38848,0
663,Western Asset Mortgage Capital Corp,COMMON STOCK,95790D105,71,30913,SH,,DFND,,30913,30913,0
664,Western Digital Corporation,COMMON STOCK,958102105,389,9351,SH,,DFND,,9351,9351,0
665,Western Union Company,COMMON STOCK,959802109,1299,71658,SH,,DFND,,71658,71658,0
666,WEX Inc,COMMON STOCK,96208T104,1450,13869,SH,,DFND,,13869,13869,0
667,Whitestone Reit-b,COMMON STOCK,966084204,176,28401,SH,,DFND,,28401,28401,0
668,Wiley (john) & Sons -cl A,COMMON STOCK,968223206,312,8314,SH,,DFND,,8314,8314,0
669,Williams-Sonoma Inc,COMMON STOCK,969904101,986,23187,SH,,DFND,,23187,23187,0
670,Wintrust Financial Corp,COMMON STOCK,97650W108,543,16514,SH,,DFND,,16514,16514,0
671,Wisdomtree Investments Inc,COMMON STOCK,97717P104,151,64952,SH,,DFND,,64952,64952,0
672,Wix.com Ltd,COMMON STOCK,M98068105,1346,13353,SH,,DFND,,13353,13353,0
673,WOLVERINE WORLD WIDE INC,COMMON STOCK,978097103,329,21641,SH,,DFND,,21641,21641,0
674,Workday Inc-class A,COMMON STOCK,98138H101,1676,12874,SH,,DFND,,12874,12874,0
675,World Acceptance Corporation,COMMON STOCK,981419104,615,11268,SH,,DFND,,11268,11268,0
676,World Fuel Services Corporation,COMMON STOCK,981475106,1927,76535,SH,,DFND,,76535,76535,0
677,World Wrestling Entertainment,COMMON STOCK,98156Q108,1241,36574,SH,,DFND,,36574,36574,0
678,Wynn Resorts Ltd,COMMON STOCK,983134107,501,8324,SH,,DFND,,8324,8324,0
679,Xenia Hotels & Resorts Inc,COMMON STOCK,984017103,684,66398,SH,,DFND,,66398,66398,0
680,Xilinx Incorporated,COMMON STOCK,983919101,413,5302,SH,,DFND,,5302,5302,0
681,XPO Logistics Inc,COMMON STOCK,983793100,1080,22156,SH,,DFND,,22156,22156,0
682,Yelp Inc,COMMON STOCK,985817105,1677,92984,SH,,DFND,,92984,92984,0
683,Yum! Brands Inc,COMMON STOCK,988498101,2163,31570,SH,,DFND,,31570,31570,0
684,Zendesk Inc,COMMON STOCK,98936J101,2372,37057,SH,,DFND,,37057,37057,0
685,Zillow Group Inc - C,COMMON STOCK,98954M200,443,12308,SH,,DFND,,12308,12308,0
686,Zimmer Biomet Holdings Inc,COMMON STOCK,98956P102,753,7445,SH,,DFND,,7445,7445,0
687,Zions Bancorporation,COMMON STOCK,989701107,613,22912,SH,,DFND,,22912,22912,0
688,Ziopharm Oncology Inc,COMMON STOCK,98973P101,311,126840,SH,,DFND,,126840,126840,0
689,Zoetis Inc,COMMON STOCK,98978V103,365,3098,SH,,DFND,,3098,3098,0
690,Zynga Inc,COMMON STOCK,98986T108,2883,420896,SH,,DFND,,420896,420896,0
691,American Assets Trust Inc,COMMON STOCK,024013104,1707,68289,SH,,DFND,,68289,68289,0
692,Boingo Wireless Inc,COMMON STOCK,09739C102,185,17431,SH,,DFND,,17431,17431,0
693,Capstead Mortgage Corporation,COMMON STOCK,14067E506,352,83803,SH,,DFND,,83803,83803,0
694,DENTSPLY SIRONA Inc,COMMON STOCK,24906P109,1867,48092,SH,,DFND,,48092,48092,0
695,Domino's Pizza Inc,COMMON STOCK,25754A201,1742,5375,SH,,DFND,,5375,5375,0
696,EnPro Industries Inc,COMMON STOCK,29355X107,366,9236,SH,,DFND,,9236,9236,0
697,Etsy Inc,COMMON STOCK,29786A106,575,14959,SH,,DFND,,14959,14959,0
698,Evertec Inc,COMMON STOCK,30040P103,321,14120,SH,,DFND,,14120,14120,0
699,Hercules Capital Inc,COMMON STOCK,427096508,258,33820,SH,,DFND,,33820,33820,0
700,Lumentum Holdings Inc,COMMON STOCK,55024U109,1639,22240,SH,,DFND,,22240,22240,0
701,Newell Brands Inc,COMMON STOCK,651229106,492,37081,SH,,DFND,,37081,37081,0
702,Omega Healthcare Invs Inc,COMMON STOCK,681936100,409,15420,SH,,DFND,,15420,15420,0
703,Redwood Trust Inc,COMMON STOCK,758075402,79,15619,SH,,DFND,,15619,15619,0
704,S&P Global Inc,COMMON STOCK,78409V104,1993,8135,SH,,DFND,,8135,8135,0
705,Spire Inc,COMMON STOCK,84857L101,301,4047,SH,,DFND,,4047,4047,0
706,Suncor Energy Inc (US),COMMON STOCK,867224107,353,22363,SH,,DFND,,22363,22363,0
707,Unilever N V -NY SHARES,COMMON STOCK,904784709,233,4781,SH,,DFND,,4781,4781,0
708,Wingstop Inc,COMMON STOCK,974155103,2104,26394,SH,,DFND,,26394,26394,0
709,Armstrong Flooring Inc,COMMON STOCK,04238R106,31,21704,SH,,DFND,,21704,21704,0
710,Cardtronics PLC,COMMON STOCK,G1991C105,357,17062,SH,,DFND,,17062,17062,0
711,Charter Communications Inc,COMMON STOCK,16119P108,1768,4053,SH,,DFND,,4053,4053,0
712,Chubb Ltd,COMMON STOCK,H1467J104,529,4734,SH,,DFND,,4734,4734,0
713,Dana Inc,COMMON STOCK,235825205,121,15488,SH,,DFND,,15488,15488,0
714,Glycomimetics Inc,COMMON STOCK,38000Q102,120,52679,SH,,DFND,,52679,52679,0
715,Healthcare Trust Of America,COMMON STOCK,42225P501,704,29004,SH,,DFND,,29004,29004,0
716,Hj Heinz Holding Corp,COMMON STOCK,500754106,1161,46940,SH,,DFND,,46940,46940,0
717,Ionis Pharmaceuticals Inc,COMMON STOCK,462222100,546,11546,SH,,DFND,,11546,11546,0
718,Match Group Inc,COMMON STOCK,57665R106,5348,80976,SH,,DFND,,80976,80976,0
719,Novocure Ltd,COMMON STOCK,G6674U108,238,3529,SH,,DFND,,3529,3529,0
720,TG Therapeutics Inc,COMMON STOCK,88322Q108,159,16160,SH,,DFND,,16160,16160,0
721,Aerie Pharmaceuticals Inc,COMMON STOCK,00771V108,145,10767,SH,,DFND,,10767,10767,0
722,Ashland Global Holdings Inc,COMMON STOCK,044186104,209,4169,SH,,DFND,,4169,4169,0
723,BMC Stock Holdings Inc,COMMON STOCK,05591B109,517,29179,SH,,DFND,,29179,29179,0
724,Badger Meter Incorporated,COMMON STOCK,056525108,340,6337,SH,,DFND,,6337,6337,0
725,Coty Inc-cl A (USD),COMMON STOCK,222070203,171,33198,SH,,DFND,,33198,33198,0
726,Fortive Corp,COMMON STOCK,34959J108,825,14949,SH,,DFND,,14949,14949,0
727,Globus Medical Inc - A US,COMMON STOCK,379577208,588,13832,SH,,DFND,,13832,13832,0
728,Hostess Brands Inc,COMMON STOCK,44109J106,220,20599,SH,,DFND,,20599,20599,0
729,Independence Realty Trust In,COMMON STOCK,45378A106,90,10043,SH,,DFND,,10043,10043,0
730,Leidos Holdings Inc USD,COMMON STOCK,525327102,227,2474,SH,,DFND,,2474,2474,0
731,Life Storage Inc,COMMON STOCK,53223X107,1095,11585,SH,,DFND,,11585,11585,0
732,Mastercard Inc,COMMON STOCK,57636Q104,541,2240,SH,,DFND,,2240,2240,0
733,Mimecast Ltd,COMMON STOCK,G14838109,1852,52459,SH,,DFND,,52459,52459,0
734,Par Pacific Holdings Inc,COMMON STOCK,69888T207,403,56760,SH,,DFND,,56760,56760,0
735,Quotient Technology Inc,COMMON STOCK,749119103,393,60408,SH,,DFND,,60408,60408,0
736,Red Rock Resorts Inc-class A,COMMON STOCK,75700L108,257,30050,SH,,DFND,,30050,30050,0
737,Sterling Bancorp/DE,COMMON STOCK,85917A100,341,32664,SH,,DFND,,32664,32664,0
738,Tal Education Group- Adr,COMMON STOCK,874080104,517,9703,SH,,DFND,,9703,9703,0
739,Valvoline Inc,COMMON STOCK,92047W101,154,11783,SH,,DFND,,11783,11783,0
740,Washington Prime Group Inc,COMMON STOCK,93964W108,85,105897,SH,,DFND,,105897,105897,0
741,Adient Plc,COMMON STOCK,G0084W101,231,25484,SH,,DFND,,25484,25484,0
742,American Outdoor Brands Corp,COMMON STOCK,02874P103,148,17815,SH,,DFND,,17815,17815,0
743,Arrowhead Pharmaceuticals Inc,COMMON STOCK,04280A100,252,8742,SH,,DFND,,8742,8742,0
744,Athene Holding Ltd-class A,COMMON STOCK,G0684D107,444,17893,SH,,DFND,,17893,17893,0
745,CoreCivic Inc,COMMON STOCK,21871N101,985,88182,SH,,DFND,,88182,88182,0
746,Hilton Grand Vacations,COMMON STOCK,43283X105,298,18912,SH,,DFND,,18912,18912,0
747,IHS Markit Ltd,COMMON STOCK,G47567105,870,14503,SH,,DFND,,14503,14503,0
748,LCI Industries,COMMON STOCK,50189K103,1459,21835,SH,,DFND,,21835,21835,0
749,Ladder Capital Corp-class A,COMMON STOCK,505743104,94,19906,SH,,DFND,,19906,19906,0
750,Lamb Weston Holding Inc,COMMON STOCK,513272104,440,7709,SH,,DFND,,7709,7709,0
751,National Beverage Corp,COMMON STOCK,635017106,920,21579,SH,,DFND,,21579,21579,0
752,Nielsen Holdings Plc,COMMON STOCK,G6518L108,348,27761,SH,,DFND,,27761,27761,0
753,Siteone Landscape Supply Inc,COMMON STOCK,82982L103,932,12657,SH,,DFND,,12657,12657,0
754,TechnipFMC PLC - US,COMMON STOCK,G87110105,1834,272034,SH,,DFND,,272034,272034,0
755,Unifi Inc.,COMMON STOCK,904677200,157,13599,SH,,DFND,,13599,13599,0
756,Us Foods Holding Corp,COMMON STOCK,912008109,707,39936,SH,,DFND,,39936,39936,0
757,VIASAT INC,COMMON STOCK,92552V100,458,12755,SH,,DFND,,12755,12755,0
758,Alteryx Llc - A,COMMON STOCK,02156B103,1605,16865,SH,,DFND,,16865,16865,0
759,Apartment Investment & Management Co.- A,COMMON STOCK,03748R754,451,12829,SH,,DFND,,12829,12829,0
760,DaVita Inc,COMMON STOCK,23918K108,1090,14331,SH,,DFND,,14331,14331,0
761,Editas Medicine Inc,COMMON STOCK,28106W103,797,40184,SH,,DFND,,40184,40184,0
762,HCA Healthcare Inc,COMMON STOCK,40412C101,2950,32837,SH,,DFND,,32837,32837,0
763,Jeld-wen Holding Inc,COMMON STOCK,47580P103,109,11158,SH,,DFND,,11158,11158,0
764,Now Inc,COMMON STOCK,67011P100,355,68861,SH,,DFND,,68861,68861,0
765,TIVO Corp,COMMON STOCK,88870P106,105,14787,SH,,DFND,,14787,14787,0
766,Urstadt Biddle Properties-CL A,COMMON STOCK,917286205,167,11846,SH,,DFND,,11846,11846,0
767,Advansix Inc,COMMON STOCK,00773T101,143,14968,SH,,DFND,,14968,14968,0
768,Altice Usa Inc- A,COMMON STOCK,02156K103,729,32724,SH,,DFND,,32724,32724,0
769,Cloudera Inc,COMMON STOCK,18914U100,84,10660,SH,,DFND,,10660,10660,0
770,Cohu Incorporated,COMMON STOCK,192576106,189,15262,SH,,DFND,,15262,15262,0
771,Donnelley Financial Solu,COMMON STOCK,25787G100,147,27935,SH,,DFND,,27935,27935,0
772,Extraction Oil & Gas Inc,COMMON STOCK,30227M105,31,74046,SH,,DFND,,74046,74046,0
773,Highwoods Properties Inc,COMMON STOCK,431284108,368,10397,SH,,DFND,,10397,10397,0
774,Jabil Inc,COMMON STOCK,466313103,1550,63068,SH,,DFND,,63068,63068,0
775,Janus Henderson Group Plc,COMMON STOCK,G4474Y214,280,18301,SH,,DFND,,18301,18301,0
776,Okta Inc,COMMON STOCK,679295105,1491,12196,SH,,DFND,,12196,12196,0
777,Under Armour Inc-class C,COMMON STOCK,904311206,307,38112,SH,,DFND,,38112,38112,0
778,Camping World Holdings Inc-a,COMMON STOCK,13462K109,253,44429,SH,,DFND,,44429,44429,0
779,Centennial Resource Develo-a,COMMON STOCK,15136A102,25,93551,SH,,DFND,,93551,93551,0
780,Farmer Brothers Company,COMMON STOCK,307675108,166,23856,SH,,DFND,,23856,23856,0
781,Ichor Holdings Ltd,COMMON STOCK,G4740B105,615,32102,SH,,DFND,,32102,32102,0
782,Ingevity Corp,COMMON STOCK,45688C107,904,25682,SH,,DFND,,25682,25682,0
783,Lions Gate Entertainment-b,COMMON STOCK,535919500,693,124172,SH,,DFND,,124172,124172,0
784,New Oriental Education & Technology - SP ADR,COMMON STOCK,647581107,795,7344,SH,,DFND,,7344,7344,0
785,Pico Holdings Incorporated,COMMON STOCK,693366205,109,14043,SH,,DFND,,14043,14043,0
786,Sequential Brands Group Inc.,COMMON STOCK,81734P107,3,13280,SH,,DFND,,13280,13280,0
787,Tactile Systems Technology I,COMMON STOCK,87357P100,407,10141,SH,,DFND,,10141,10141,0
788,Tapestry Inc,COMMON STOCK,876030107,634,48947,SH,,DFND,,48947,48947,0
789,Aclaris Therapeutics Inc,COMMON STOCK,00461U105,61,58726,SH,,DFND,,58726,58726,0
790,CNX Resources Corp,COMMON STOCK,12653C108,57,10703,SH,,DFND,,10703,10703,0
791,Canada Goose Holdings Inc-USD,COMMON STOCK,135086106,665,33453,SH,,DFND,,33453,33453,0
792,CoreLogic Inc.,COMMON STOCK,21871D103,1467,48048,SH,,DFND,,48048,48048,0
793,Cutera Inc,COMMON STOCK,232109108,249,19055,SH,,DFND,,19055,19055,0
794,Entercom Comm Corp,COMMON STOCK,293639100,80,47047,SH,,DFND,,47047,47047,0
795,Evoqua Water Technologies Co,COMMON STOCK,30057T105,141,12601,SH,,DFND,,12601,12601,0
796,Federal Realty Investors Trust,COMMON STOCK,313747206,346,4640,SH,,DFND,,4640,4640,0
797,Granite Point Mortgage Trust,COMMON STOCK,38741L107,338,66628,SH,,DFND,,66628,66628,0
798,Logitech International SA,COMMON STOCK,H50430232,765,17825,SH,,DFND,,17825,17825,0
799,Mongodb Inc,COMMON STOCK,60937P106,1787,13089,SH,,DFND,,13089,13089,0
800,Snap Inc - A,COMMON STOCK,83304A106,577,48535,SH,,DFND,,48535,48535,0
801,Square Inc - A,COMMON STOCK,852234103,1605,30637,SH,,DFND,,30637,30637,0
802,Switch Inc - A,COMMON STOCK,87105L104,347,24061,SH,,DFND,,24061,24061,0
803,iShares PHLX Semiconductor ETF,COMMON STOCK,464287523,3349,16320,SH,,DFND,,16320,16320,0
804,iShares TIPS Bond ETF,COMMON STOCK,464287176,11792,100000,SH,,DFND,,100000,100000,0
805,Atrion Corporation,COMMON STOCK,049904105,228,350,SH,,DFND,,350,350,0
806,Axon Enterprise Inc,COMMON STOCK,05464C101,407,5753,SH,,DFND,,5753,5753,0
807,BBX Capital Corp.,COMMON STOCK,05491N104,85,36884,SH,,DFND,,36884,36884,0
808,Booking Holdings Inc,COMMON STOCK,09857L108,387,288,SH,,DFND,,288,288,0
809,Broadcom Inc,COMMON STOCK,11135F101,375,1582,SH,,DFND,,1582,1582,0
810,Crispr Therapeutics Ag,COMMON STOCK,H17182108,477,11249,SH,,DFND,,11249,11249,0
811,Dropbox Inc-class A,COMMON STOCK,26210C104,732,40463,SH,,DFND,,40463,40463,0
812,Encompass Health Corp,COMMON STOCK,29261A100,695,10855,SH,,DFND,,10855,10855,0
813,Freshpet Inc,COMMON STOCK,358039105,1116,17470,SH,,DFND,,17470,17470,0
814,Gci Liberty Inc - Class A,COMMON STOCK,36164V305,7415,130150,SH,,DFND,,130150,130150,0
815,Herbalife Nutrition Ltd,COMMON STOCK,G4412G101,971,33302,SH,,DFND,,33302,33302,0
816,Hudson Ltd-class A,COMMON STOCK,G46408103,443,88159,SH,,DFND,,88159,88159,0
817,Insulet Corp,COMMON STOCK,45784P101,1456,8789,SH,,DFND,,8789,8789,0
818,Jbg Smith Properties,COMMON STOCK,46590V100,215,6740,SH,,DFND,,6740,6740,0
819,Rev Group Inc,COMMON STOCK,749527107,57,13706,SH,,DFND,,13706,13706,0
820,Ritchie Bros. Auctioneers Incorporated,COMMON STOCK,767744105,201,5880,SH,,DFND,,5880,5880,0
821,Roku Inc,COMMON STOCK,77543R102,1077,12310,SH,,DFND,,12310,12310,0
822,Shopify Inc - A,COMMON STOCK,82509L107,2717,6516,SH,,DFND,,6516,6516,0
823,Twilio Inc - A,COMMON STOCK,90138F102,3127,34948,SH,,DFND,,34948,34948,0
824,Walmart Inc,COMMON STOCK,931142103,759,6682,SH,,DFND,,6682,6682,0
825,Zscaler Inc,COMMON STOCK,98980G102,332,5459,SH,,DFND,,5459,5459,0
826,Braemar Hotels & Resorts Inc,COMMON STOCK,10482B101,53,30947,SH,,DFND,,30947,30947,0
827,Carvana Co,COMMON STOCK,146869102,221,4008,SH,,DFND,,4008,4008,0
828,Cboe Global Markets Inc,COMMON STOCK,12503M108,2177,24392,SH,,DFND,,24392,24392,0
829,Cnh Industrial Nv (US),COMMON STOCK,N20944109,68,12134,SH,,DFND,,12134,12134,0
830,Colony Capital Inc-class A,COMMON STOCK,19626G108,113,64559,SH,,DFND,,64559,64559,0
831,Corepoint Lodging Inc,COMMON STOCK,21872L104,248,63239,SH,,DFND,,63239,63239,0
832,Delphi Technologies Plc,COMMON STOCK,G2709G107,402,49965,SH,,DFND,,49965,49965,0
833,Evergy Inc,COMMON STOCK,30034W106,421,7653,SH,,DFND,,7653,7653,0
834,Hancock Whitney Corp,COMMON STOCK,410120109,1111,56928,SH,,DFND,,56928,56928,0
835,Invesco QQQ Trust Series 1,COMMON STOCK,46090E103,486,2550,SH,,DFND,,2550,2550,0
836,Jefferies Financial Group Inc,COMMON STOCK,47233W109,1026,75078,SH,,DFND,,75078,75078,0
837,Perspecta Inc,COMMON STOCK,715347100,1340,73445,SH,,DFND,,73445,73445,0
838,Qurate Retail Inc,COMMON STOCK,74915M100,233,38101,SH,,DFND,,38101,38101,0
839,Spok Holdings Inc,COMMON STOCK,84863T106,278,25964,SH,,DFND,,25964,25964,0
840,Stars Group Inc/the,COMMON STOCK,85570W100,1571,76928,SH,,DFND,,76928,76928,0
841,Tuesday Morning Corp.-NEW,COMMON STOCK,899035505,11,18592,SH,,DFND,,18592,18592,0
842,Upland Software Inc,COMMON STOCK,91544A109,229,8543,SH,,DFND,,8543,8543,0
843,Wyndham Destinations Inc,COMMON STOCK,98310W108,632,29147,SH,,DFND,,29147,29147,0
844,Wyndham Hotels & Resorts Inc,COMMON STOCK,98311A105,550,17443,SH,,DFND,,17443,17443,0
845,Zuora Inc,COMMON STOCK,98983V106,463,57542,SH,,DFND,,57542,57542,0
846,Adobe Inc,COMMON STOCK,00724F101,1691,5314,SH,,DFND,,5314,5314,0
847,Adt Inc,COMMON STOCK,00090Q103,565,130823,SH,,DFND,,130823,130823,0
848,Avalara Inc,COMMON STOCK,05338G106,1102,14772,SH,,DFND,,14772,14772,0
849,Brightview Holdings Inc,COMMON STOCK,10948C107,1283,116016,SH,,DFND,,116016,116016,0
850,Brookfield Property Reit Inc,COMMON STOCK,11282X103,314,37039,SH,,DFND,,37039,37039,0
851,Chegg Inc,COMMON STOCK,163092109,222,6212,SH,,DFND,,6212,6212,0
852,Coupa Software Inc,COMMON STOCK,22266L106,2706,19365,SH,,DFND,,19365,19365,0
853,Farfetch Ltd-class A,COMMON STOCK,30744W107,154,19462,SH,,DFND,,19462,19462,0
854,Floor & Decor Holdings Inc-a,COMMON STOCK,339750101,251,7830,SH,,DFND,,7830,7830,0
855,Linde Plc,COMMON STOCK,G5494J103,1349,7799,SH,,DFND,,7799,7799,0
856,Meridian Corp,COMMON STOCK,58958P104,714,52170,SH,,DFND,,52170,52170,0
857,Playags Inc,COMMON STOCK,72814N104,53,19897,SH,,DFND,,19897,19897,0
858,Seadrill Ltd A,COMMON STOCK,G7998G106,10,23794,SH,,DFND,,23794,23794,0
859,Site Centers Corp,COMMON STOCK,82981J109,373,71627,SH,,DFND,,71627,71627,0
860,Sonos Inc,COMMON STOCK,83570H108,544,64153,SH,,DFND,,64153,64153,0
861,Svmk Inc,COMMON STOCK,78489X103,500,36982,SH,,DFND,,36982,36982,0
862,Teladoc Health Inc,COMMON STOCK,87918A105,1291,8331,SH,,DFND,,8331,8331,0
863,ASGN Inc,COMMON STOCK,00191U102,226,6386,SH,,DFND,,6386,6386,0
864,Bank Of Nt Butterfield & Son,COMMON STOCK,G0772R208,623,36610,SH,,DFND,,36610,36610,0
865,Colony Northstar Credit Re-a,COMMON STOCK,19625T101,46,11739,SH,,DFND,,11739,11739,0
866,Elastic Nv,COMMON STOCK,N14506104,202,3613,SH,,DFND,,3613,3613,0
867,Ncs Multistage Holdings Inc,COMMON STOCK,628877102,13,20044,SH,,DFND,,20044,20044,0
868,Orbcomm Inc,COMMON STOCK,68555P100,175,71784,SH,,DFND,,71784,71784,0
869,Orthofix Medical Inc,COMMON STOCK,68752M108,637,22754,SH,,DFND,,22754,22754,0
870,RPT Realty,COMMON STOCK,74971D101,268,44461,SH,,DFND,,44461,44461,0
871,Sleep Number Corp,COMMON STOCK,83125X103,439,22907,SH,,DFND,,22907,22907,0
872,Smartsheet Inc-class A,COMMON STOCK,83200N103,1077,25942,SH,,DFND,,25942,25942,0
873,Trupanion Inc,COMMON STOCK,898202106,376,14450,SH,,DFND,,14450,14450,0
874,Vicor Corporation,COMMON STOCK,925815102,225,5043,SH,,DFND,,5043,5043,0
875,Bandwidth Inc-class A,COMMON STOCK,05988J103,416,6175,SH,,DFND,,6175,6175,0
876,Cadence Bancorp,COMMON STOCK,12739A100,117,17876,SH,,DFND,,17876,17876,0
877,Covetrus Inc,COMMON STOCK,22304C100,557,68394,SH,,DFND,,68394,68394,0
878,Crescent Acquisition Corp,COMMON STOCK,22564L204,3588,350000,SH,,DFND,,350000,350000,0
879,Designer Brands Inc,COMMON STOCK,250565108,131,26339,SH,,DFND,,26339,26339,0
880,Docusign Inc,COMMON STOCK,256163106,449,4854,SH,,DFND,,4854,4854,0
881,Equitrans Midstream Corp,COMMON STOCK,294600101,210,41697,SH,,DFND,,41697,41697,0
882,Eventbrite Inc-class A,COMMON STOCK,29975E109,204,27945,SH,,DFND,,27945,27945,0
883,Gores Metropoulos Inc,COMMON STOCK,382872208,2066,200000,SH,,DFND,,200000,200000,0
884,Horizon Therapeutics Plc,COMMON STOCK,G46188101,822,27757,SH,,DFND,,27757,27757,0
885,Impinj Inc,COMMON STOCK,453204109,204,12203,SH,,DFND,,12203,12203,0
886,Lexinfintech Holdings L-adr,COMMON STOCK,528877103,174,19659,SH,,DFND,,19659,19659,0
887,Lyft Inc-a,COMMON STOCK,55087P104,1094,40741,SH,,DFND,,40741,40741,0
888,NV5 Global Inc,COMMON STOCK,62945V109,249,6032,SH,,DFND,,6032,6032,0
889,Pacira BioSciences Inc,COMMON STOCK,695127100,312,9298,SH,,DFND,,9298,9298,0
890,Resideo Technologies Inc,COMMON STOCK,76118Y104,100,20709,SH,,DFND,,20709,20709,0
891,Sanfilippo (John B.) & Son Incorporated,COMMON STOCK,800422107,453,5066,SH,,DFND,,5066,5066,0
892,Tenneco Inc-class A,COMMON STOCK,880349105,176,48872,SH,,DFND,,48872,48872,0
893,Walt Disney Co/the,COMMON STOCK,254687106,3056,31637,SH,,DFND,,31637,31637,0
894,Wheaton Precious Metals Corp(USD),COMMON STOCK,962879102,201,7286,SH,,DFND,,7286,7286,0
895,Akcea Therapeutics Inc,COMMON STOCK,00972L107,406,28364,SH,,DFND,,28364,28364,0
896,Anaplan Inc,COMMON STOCK,03272L108,1119,36992,SH,,DFND,,36992,36992,0
897,B. Riley Financial Inc,COMMON STOCK,05580M108,2592,140722,SH,,DFND,,140722,140722,0
898,Biohaven Pharmaceutical Hold,COMMON STOCK,G11196105,647,19004,SH,,DFND,,19004,19004,0
899,Cenovus Energy Inc,COMMON STOCK,15135U109,175,86840,SH,,DFND,,86840,86840,0
900,Chewy Inc - Class A,COMMON STOCK,16679L109,1249,33318,SH,,DFND,,33318,33318,0
901,Crowdstrike Holdings Inc - A,COMMON STOCK,22788C105,767,13779,SH,,DFND,,13779,13779,0
902,Eastgroup Properties Inc.,COMMON STOCK,277276101,501,4793,SH,,DFND,,4793,4793,0
903,Ericsson LM TEL-SP ADR,COMMON STOCK,294821608,334,41300,SH,,DFND,,41300,41300,0
904,Grocery Outlet Holding Corp,COMMON STOCK,39874R101,1258,36641,SH,,DFND,,36641,36641,0
905,ING Groep N.V.- SPON ADR,COMMON STOCK,456837103,63,12272,SH,,DFND,,12272,12272,0
906,International Bancshares Crp,COMMON STOCK,459044103,442,16455,SH,,DFND,,16455,16455,0
907,Keurig Dr Pepper Inc,COMMON STOCK,49271V100,977,40248,SH,,DFND,,40248,40248,0
908,Kontoor Brands Inc,COMMON STOCK,50050N103,599,31232,SH,,DFND,,31232,31232,0
909,Landcadia Holdings Ii Inc,COMMON STOCK,51476X204,3920,400000,SH,,DFND,,400000,400000,0
910,Pagerduty Inc,COMMON STOCK,69553P100,778,45023,SH,,DFND,,45023,45023,0
911,Polaris Inc,COMMON STOCK,731068102,214,4449,SH,,DFND,,4449,4449,0
912,Quotient Ltd,COMMON STOCK,G73268107,236,59810,SH,,DFND,,59810,59810,0
913,Slack Technologies Inc- Cl A,COMMON STOCK,83088V102,3069,114362,SH,,DFND,,114362,114362,0
914,Solid Biosciences Inc,COMMON STOCK,83422E105,66,27664,SH,,DFND,,27664,27664,0
915,Turning Point Brands Inc,COMMON STOCK,90041L105,879,41655,SH,,DFND,,41655,41655,0
916,Upwork Inc,COMMON STOCK,91688F104,517,80148,SH,,DFND,,80148,80148,0
917,Westport Fuel Systems Inc (USD),COMMON STOCK,960908309,110,117298,SH,,DFND,,117298,117298,0
918,Zoom Video Communications-a,COMMON STOCK,98980L101,3333,22807,SH,,DFND,,22807,22807,0
919,Amcor Plc,COMMON STOCK,G0250X107,94,11572,SH,,DFND,,11572,11572,0
920,American Finance Trust Inc,COMMON STOCK,02607T109,445,71122,SH,,DFND,,71122,71122,0
921,Brightsphere Investment Group Inc.,COMMON STOCK,10948W103,269,42050,SH,,DFND,,42050,42050,0
922,Cardlytics Inc,COMMON STOCK,14161W105,269,7693,SH,,DFND,,7693,7693,0
923,City Office Reit Inc,COMMON STOCK,178587101,396,54779,SH,,DFND,,54779,54779,0
924,Cloudflare Inc - Class A,COMMON STOCK,18915M107,2512,107004,SH,,DFND,,107004,107004,0
925,Contura Energy Inc,COMMON STOCK,21241B100,28,11777,SH,,DFND,,11777,11777,0
926,Datadog Inc - Class A,COMMON STOCK,23804L103,2411,67006,SH,,DFND,,67006,67006,0
927,Ducommun Inc.,COMMON STOCK,264147109,347,13967,SH,,DFND,,13967,13967,0
928,Dynatrace Inc,COMMON STOCK,268150109,455,19081,SH,,DFND,,19081,19081,0
929,Health Catalyst Inc,COMMON STOCK,42225T107,614,23463,SH,,DFND,,23463,23463,0
930,Maxar Technologies Inc,COMMON STOCK,57778K105,368,34496,SH,,DFND,,34496,34496,0
931,Monro Inc,COMMON STOCK,610236101,809,18464,SH,,DFND,,18464,18464,0
932,Netfin Aquisition Corp,COMMON STOCK,G6455A123,1511,150000,SH,,DFND,,150000,150000,0
933,Onespaworld Holdings Ltd,COMMON STOCK,P73684113,166,40812,SH,,DFND,,40812,40812,0
934,Powell Industries Inc.,COMMON STOCK,739128106,296,11541,SH,,DFND,,11541,11541,0
935,SFL Corp Ltd,COMMON STOCK,G7738W106,108,11393,SH,,DFND,,11393,11393,0
936,Target Hospitality Corp,COMMON STOCK,87615L107,51,25842,SH,,DFND,,25842,25842,0
937,Technology Select Sector SPDR Fund,COMMON STOCK,81369Y803,298,3703,SH,,DFND,,3703,3703,0
938,Twin River Worldwide Holding,COMMON STOCK,90171V204,445,34180,SH,,DFND,,34180,34180,0
939,WW International Inc,COMMON STOCK,98262P101,860,50828,SH,,DFND,,50828,50828,0
940,ASM Lithography Holding N.V - -NY REG SHS,COMMON STOCK,N07059210,1646,6291,SH,,DFND,,6291,6291,0
941,Baker Hughes Co,COMMON STOCK,05722G100,208,19779,SH,,DFND,,19779,19779,0
942,Cimpress Plc,COMMON STOCK,G2143T103,475,8933,SH,,DFND,,8933,8933,0
943,Crescent Point Energy Corp,COMMON STOCK,22576C101,191,247990,SH,,DFND,,247990,247990,0
944,Cytomx Therapeutics Inc,COMMON STOCK,23284F105,332,43291,SH,,DFND,,43291,43291,0
945,Diversified Healthcare Trust,COMMON STOCK,25525P107,279,76792,SH,,DFND,,76792,76792,0
946,Fastly Inc - Class A,COMMON STOCK,31188V100,711,37482,SH,,DFND,,37482,37482,0
947,Federated Hermes Inc - CL B,COMMON STOCK,314211103,1182,62064,SH,,DFND,,62064,62064,0
948,Fsb Bancorp Inc/ny,COMMON STOCK,30289C102,416,29441,SH,,DFND,,29441,29441,0
949,Garrett Motion Inc,COMMON STOCK,366505105,299,104599,SH,,DFND,,104599,104599,0
950,Molson Coors Beverage Co - Class B,COMMON STOCK,60871R209,250,6418,SH,,DFND,,6418,6418,0
951,Msb Financial Corp/md,COMMON STOCK,55352L101,3809,311165,SH,,DFND,,311165,311165,0
952,Pb Bancorp Inc,COMMON STOCK,70454T100,4488,301233,SH,,DFND,,301233,301233,0
953,Perdoceo Education Corp,COMMON STOCK,71363P106,507,47031,SH,,DFND,,47031,47031,0
954,Ping Identity Holding Corp,COMMON STOCK,72341T103,336,16792,SH,,DFND,,16792,16792,0
955,Pinterest Inc- Class A,COMMON STOCK,72352L106,401,26001,SH,,DFND,,26001,26001,0
956,Precigen Inc,COMMON STOCK,74017N105,41,11973,SH,,DFND,,11973,11973,0
957,Reata Pharmaceuticals Inc-a,COMMON STOCK,75615P103,855,5926,SH,,DFND,,5926,5926,0
958,Scorpio Bulkers Inc,COMMON STOCK,Y7546A130,122,48202,SH,,DFND,,48202,48202,0
959,Southwest Georgia Financial Corporation,COMMON STOCK,84502A104,257,14099,SH,,DFND,,14099,14099,0
960,Sprout Social Inc - Class A,COMMON STOCK,85209W109,354,22170,SH,,DFND,,22170,22170,0
961,Tucows Inc.,COMMON STOCK,898697206,548,11362,SH,,DFND,,11362,11362,0
962,Uber Technologies Inc,COMMON STOCK,90353T100,361,12917,SH,,DFND,,12917,12917,0
963,Ubiquiti Inc,COMMON STOCK,90353W103,656,4631,SH,,DFND,,4631,4631,0
964,Univar Solutions Inc,COMMON STOCK,91336L107,808,75415,SH,,DFND,,75415,75415,0
965,Veoneer Inc,COMMON STOCK,92336X109,186,25403,SH,,DFND,,25403,25403,0
966,Verra Mobility Corp,COMMON STOCK,92511U102,270,37882,SH,,DFND,,37882,37882,0
967,Adma Biologics Inc,COMMON STOCK,000899104,272,94545,SH,,DFND,,94545,94545,0
968,Alta Equipment Group Inc-cl A,WARRANT,02128L114,270,299999,SH,Call,DFND,,299999,299999,0
969,Autolus Therapeutics Plc - ADR,COMMON STOCK,05280R100,267,44559,SH,,DFND,,44559,44559,0
970,Avanos Medical Inc,COMMON STOCK,05350V106,260,9637,SH,,DFND,,9637,9637,0
971,Bank Ozk,COMMON STOCK,06417N103,215,12872,SH,,DFND,,12872,12872,0
972,Barrick Gold Corporation A,COMMON STOCK,067901108,201,10993,SH,,DFND,,10993,10993,0
973,Berry Corp,COMMON STOCK,08579X101,106,43809,SH,,DFND,,43809,43809,0
974,Blackrock Tcp Capital Corp,COMMON STOCK,09259E108,153,24481,SH,,DFND,,24481,24481,0
975,Bristol Myers Squibb Company - CVR,COMMON STOCK,110122157,3147,3146512,PRN,,DFND,,3146512,3146512,0
976,Churchill Capital Corp Iii,COMMON STOCK,17144C203,500,50000,SH,,DFND,,50000,50000,0
977,Corteva Inc,COMMON STOCK,22052L104,245,10441,SH,,DFND,,10441,10441,0
978,Digital Turbine Inc,COMMON STOCK,25400W102,59,13690,SH,,DFND,,13690,13690,0
979,Emerald Holding Inc,COMMON STOCK,29103W104,50,19455,SH,,DFND,,19455,19455,0
980,Euronav Sa,COMMON STOCK,B38564108,168,14919,SH,,DFND,,14919,14919,0
981,FS KKR Capital Corp,COMMON STOCK,302635107,35,11832,SH,,DFND,,11832,11832,0
982,Fiat Chrysler Automobiles NV,COMMON STOCK,N31738102,113,15674,SH,,DFND,,15674,15674,0
983,Globe Life Inc,COMMON STOCK,37959E102,2894,40217,SH,,DFND,,40217,40217,0
984,Golden Entertainment Inc,COMMON STOCK,381013101,130,19707,SH,,DFND,,19707,19707,0
985,Grifols Sa-adr,COMMON STOCK,398438408,248,12313,SH,,DFND,,12313,12313,0
986,HSBC HLDGS PLC - ADR,COMMON STOCK,404280406,367,13119,SH,,DFND,,13119,13119,0
987,KLA Corp,COMMON STOCK,482480100,1395,9707,SH,,DFND,,9707,9707,0
988,Kala Pharmaceuticals Inc,COMMON STOCK,483119103,420,47824,SH,,DFND,,47824,47824,0
989,Kirkland Lake Gold Ltd,COMMON STOCK,49741E100,201,6800,SH,,DFND,,6800,6800,0
990,LTC Properties Incorporated,COMMON STOCK,502175102,201,6508,SH,,DFND,,6508,6508,0
991,Magnolia Oil & Gas Corp,COMMON STOCK,559663109,168,41986,SH,,DFND,,41986,41986,0
992,Melco Resorts & Entertainment Ltd,COMMON STOCK,585464100,161,12978,SH,,DFND,,12978,12978,0
993,Natura &co Holding-adr,COMMON STOCK,63884N108,9840,1000000,SH,Put,DFND,,1000000,1000000,0
994,Newmont Corp,COMMON STOCK,651639106,389,8602,SH,,DFND,,8602,8602,0
995,Ovintiv Inc - A,COMMON STOCK,69047Q102,39,14524,SH,,DFND,,14524,14524,0
996,Parsons Corp,COMMON STOCK,70202L102,251,7858,SH,,DFND,,7858,7858,0
997,Peloton Interactive Inc-a,COMMON STOCK,70614W100,772,29076,SH,,DFND,,29076,29076,0
998,Piper Sandler Cos,COMMON STOCK,724078100,211,4164,SH,,DFND,,4164,4164,0
999,Raytheon Technologies Corp,COMMON STOCK,75513E101,24299,257600,SH,,DFND,,257600,257600,0
1000,Ready Capital Corp,COMMON STOCK,75574U101,81,11255,SH,,DFND,,11255,11255,0
1001,SB One Bancorp,COMMON STOCK,78413T103,4130,242928,SH,,DFND,,242928,242928,0
1002,Sciplay Corp,COMMON STOCK,809087109,103,10799,SH,,DFND,,10799,10799,0
1003,Service Properties Trust,COMMON STOCK,81761L102,500,92615,SH,,DFND,,92615,92615,0
1004,Sibanye-stillwater Ltd-adr,COMMON STOCK,82575P107,994,210529,SH,,DFND,,210529,210529,0
1005,TRANSALTA CORP,COMMON STOCK,89346D107,235,44800,SH,,DFND,,44800,44800,0
1006,Tilray Inc-class 2 Common,COMMON STOCK,88688T100,97,14105,SH,,DFND,,14105,14105,0
1007,Tpg Re Finance Trust Inc,COMMON STOCK,87266M107,126,22924,SH,,DFND,,22924,22924,0
1008,Trane Technologies PLC,COMMON STOCK,G8994E103,224,2715,SH,,DFND,,2715,2715,0
1009,VanEck Vectors Junior Gold Miners ETF,COMMON STOCK,92189F791,611,21751,SH,,DFND,,21751,21751,0
1010,Veritiv Corp,COMMON STOCK,923454102,120,15324,SH,,DFND,,15324,15324,0
1011,Vertiv Holdings Co- A,WARRANT,92537N116,120,66666,SH,Call,DFND,,66666,66666,0
1012,Wellesley Bank,COMMON STOCK,949485106,569,20652,SH,,DFND,,20652,20652,0
1013,iShares MSCI All CountryAsia,COMMON STOCK,464288182,318,5317,SH,,DFND,,5317,5317,0
