,NAME OF ISSUER,TITLE OF CLASS,CUSIP,(x$1000),PRN AMT,PRN,CALL,DISCRETION,MANAGER,SOLE,SHARED,NONE
0,AAR CORP,CV SR UNSEC NT,000361AM7,13779,12685000,PRN,,DFND,1234,12685000,0,0
1,ACCURAY INC,CV SR UNSEC NT PNC,004397AB1,3933,3500000,PRN,,DFND,1234,3500000,0,0
2,AIR LEASE CORP,CV SR UNSEC NT,00912XAK0,62907,47100000,PRN,,DFND,1234,47100000,0,0
3,AK STEEL CORP,CV SR UNSEC NT,001546AP5,12247,7500000,PRN,,DFND,1234,7500000,0,0
4,ALERE INC,CV SR SUB NT,01449JAA3,27557,24380000,PRN,,DFND,1234,24380000,0,0
5,ALERE INC,3% CV CUM PFD PERP SER B,01449J204,60925,212800,SH,,DFND,1234,212800,0,0
6,ALLIANCE HEALTHCARE SERVICES,COMMON STOCK,018606301,117676,4756490,SH,,DFND,1234,4756490,0,0
7,ALPHA NATURAL RESOURCES,CV SR UNSEC NT,02076XAE2,28891,28000000,PRN,,DFND,1234,28000000,0,0
8,ALTRIA GROUP INC,COMMON STOCK,02209S103,11056,288000,SH,,DFND,1234,288000,0,0
9,AMBEV SA-SPN ADR,AMBEV SA-SPN ADR,02319V103,14742,2005765,SH,,DFND,1234,2005765,0,0
10,AMERICA MOVIL,AMERICA MOVIL,02364W105,23798,1018304,SH,,DFND,1234,1018304,0,0
11,AMERICAN INTERNATIONAL GROUP,COMMON STOCK,026874784,47431,929100,SH,,DFND,1234,929100,0,0
12,AMERICAN REALTY CAP PROP,CV SR UNSEC NT REIT,02917TAA2,12068,12000000,PRN,,DFND,1234,12000000,0,0
13,Anglogold,Anglogold,035128206,2778,237000,SH,,DFND,1234,237000,0,0
14,ANNALY CAPITAL MGMT,CV SR UNSEC NT,035710AB8,20501,20157000,PRN,,DFND,1234,20157000,0,0
15,APOLLO GLOBAL MANAGEMENT - A,COMMON STOCK,037612306,15805,500000,SH,,DFND,1234,500000,0,0
16,APOLLO INVESTMENT CORP,CV SR UNSEC NT,03761UAE6,535,500000,PRN,,DFND,1234,500000,0,0
17,ARCELORMITTAL,MAND 6% CV SR SUB NT,L0302D178,16380,630000,PRN,,DFND,1234,630000,0,0
18,ARCELORMITTAL,CV SR UNSEC NT,03938LAK0,7573,7410000,PRN,,DFND,1234,7410000,0,0
19,ARES CAPITAL CORP,CV SR UNSEC NT,04010LAJ2,7517,7019000,PRN,,DFND,1234,7019000,0,0
20,ARES CAPITAL CORP,CV SR UNSEC NT,04010LAG8,6529,6146000,PRN,,DFND,1234,6146000,0,0
21,AV HOMES INC,CV SR UNSEC NT,053494AG5,10780,10014000,PRN,,DFND,1234,10014000,0,0
22,Baidu Inc,Baidu Inc,056752108,24387,137097,SH,,DFND,1234,137097,0,0
23,BANK OF AMERICA CORP,7.25% CV NON-CUM PFD PERP SER-L PNC,060505682,16778,15800,SH,,DFND,1234,15800,0,0
24,BGC PARTNERS INC,CV SR UNSEC NT,05541TAD3,14510,13845000,PRN,,DFND,1234,13845000,0,0
25,BIOMARIN PHARMACEUTICAL,CV SR SUB NT,09061GAF8,40523,37500000,PRN,,DFND,1234,37500000,0,0
26,BIOMARIN PHARMACEUTICAL,CV SR SUB NT,09061GAE1,19797,18500000,PRN,,DFND,1234,18500000,0,0
27,BOTTOMLINE TECHNOLOGIES,CV SR UNSEC NT,101388AA4,24135,17980000,PRN,,DFND,1234,17980000,0,0
28,BPZ RESOURCES INC,CV SR UNSEC NT,055639AC2,33820,38000000,PRN,,DFND,1234,38000000,0,0
29,BPZ RESOURCES INC,CV SR UNSEC NT PNC,055639AB4,2934,3260000,PRN,,DFND,1234,3260000,0,0
30,BRISTOW GROUP INC,CV SR UNSEC NT,110394AC7,4993,4045000,PRN,,DFND,1234,4045000,0,0
31,BROOKDALE SENIOR LIVING,CV SR UNSEC NT,112463AA2,79046,65975000,PRN,,DFND,1234,65975000,0,0
32,CAPITAL PRODUCT PARTNERS LP,COMMON STOCK,Y11082107,8455,807500,SH,,DFND,1234,807500,0,0
33,CEMEX SAB DE CV,CV SUB NT,151290BB8,14474,11000000,PRN,,DFND,1234,11000000,0,0
34,CEMEX SAB DE CV,CV SUB NT,151290AV5,75500,63577000,PRN,,DFND,1234,63577000,0,0
35,Cemex SA-Sponsored ADR,Cemex SA-Sponsored ADR,151290889,20722,1751663,SH,,DFND,1234,1751663,0,0
36,CHARTER COMMUNICATION-A,COMMON STOCK,16117M305,99791,729683,SH,,DFND,1234,729683,0,0
37,CHESAPEAKE ENERGY CORP,CV SR UNSEC NT CPDI,165167CB1,16621,17747000,PRN,,DFND,1234,17747000,0,0
38,CHESAPEAKE ENERGY CORP,CV SR UNSEC NT CPDI,165167BZ9,6128,6000000,PRN,,DFND,1234,6000000,0,0
39,CHIQUITA BRANDS INTL,CV SR UNSEC NT PNC,170032AT3,14681,15000000,PRN,,DFND,1234,15000000,0,0
40,Cia Brasileira de Distribuicao Grupo Pao,Cia Brasileira de Distribuicao Grupo Pao,20440T201,20388,456413,SH,,DFND,1234,456413,0,0
41,CIENA CORP,CV SR UNSEC NT,171779AE1,67889,65500000,PRN,,DFND,1234,65500000,0,0
42,COBALT INTL ENERGY INC,CV SR UNSEC NT,19075FAA4,65234,73375000,PRN,,DFND,1234,73375000,0,0
43,COLONY FINANCIAL INC,CV SR UNSEC NT REIT PNC,19624RAA4,32620,31520000,PRN,,DFND,1234,31520000,0,0
44,COMMONWEALTH REIT,6.5% CV PERP PFD SER-D REIT,203233408,12062,588084,SH,,DFND,1234,588084,0,0
45,COMPANIA DE MINAS BUEN SPON ADR SER B,COMPANIA DE MINAS BUEN SPON ADR SER B,204448104,13305,1185858,SH,,DFND,1234,1185858,0,0
46,CONTAINER STORE GROUP INC/THE,COMMON STOCK,210751103,24689,557565,SH,,DFND,1234,557565,0,0
47,CONTAINER STORE GROUP INC/THE,COMMON STOCK,210751103,24664,557000,SH,Put,DFND,1234,557565,0,0
48,CONTANGO OIL & GAS,COMMON STOCK,21075N204,60858,1287734,SH,,DFND,1234,1287734,0,0
49,CROWN CASTLE INTL CORP,4.5% MAND CV SER-A PFD,228227500,45532,455000,SH,,DFND,1234,455000,0,0
50,DEALERTRACK TECHNOLOGIES,CV SR UNSEC NT,242309AB8,16549,11904000,PRN,,DFND,1234,11904000,0,0
51,DELPHI AUTOMOTIVE PLC,COMMON STOCK,G27823106,127776,2125000,SH,,DFND,1234,2125000,0,0
52,DFC GLOBAL CORP,CV SR UNSEC NT,23324TAB3,29855,33035000,PRN,,DFND,1234,33035000,0,0
53,DOLLAR FINANCIAL CORP,CV SR UNSEC NT,256664AB9,7795,7880000,PRN,,DFND,1234,7880000,0,0
54,DRYSHIPS INC,CV SR UNSEC NT,262498AB4,22186,22021000,PRN,,DFND,1234,22021000,0,0
55,DYNEGY INC,COMMON STOCK,26817R108,177454,8245986,SH,,DFND,1234,8245986,0,0
56,E*TRADE FINANCIAL CORP,COMMON STOCK,269246401,36558,1861400,SH,,DFND,1234,1861400,0,0
57,EMC CORP/MA,COMMON STOCK,268648102,15342,610000,SH,,DFND,1234,610000,0,0
58,ENDEAVOUR INTERNATIONAL,CV SR UNSEC NT,29257MAE0,8004,10100000,PRN,,DFND,1234,10100000,0,0
59,EPR PROPERTIES,9% CV PERP PFD SER-E REIT PNC,26884U307,3015,107500,SH,,DFND,1234,107500,0,0
60,EPR PROPERTIES,5.75% CV PERP PFD SER-C REIT,26884U208,10937,534821,SH,,DFND,1234,534821,0,0
61,EXCO RESOURCES INC,COMMON STOCK,269279402,195296,36778946,SH,,DFND,1234,36778946,0,0
62,FIRST BANCORP PUERTO RICO,COMMON STOCK,318672706,259012,41843581,SH,,DFND,1234,41843581,0,0
63,FOREST CITY ENTERPRISES,CV SR UNSEC NT PNC,345550AP2,63971,57171000,PRN,,DFND,1234,57171000,0,0
64,GENESEE & WYOMING INC,5% CV MAND PFD EQUITY UNITS,371559204,47531,372500,SH,,DFND,1234,372500,0,0
65,GETTY REALTY CORP,COMMON STOCK REIT,374297109,26126,1422221,SH,,DFND,1234,1422221,0,0
66,GOLDEN STAR RESOURCES,CV SR UNSEC NT,38119TAE4,3740,5500000,PRN,,DFND,1234,5500000,0,0
67,GOODRICH PETROLEUM CORP,CV SR UNSEC NT PNC,382410AG3,37717,36465000,PRN,,DFND,1234,36465000,0,0
68,GREENBRIER COS INC,CV SR UNSEC NT,393657AH4,17811,15000000,PRN,,DFND,1234,15000000,0,0
69,GRUPO TELEVISA SA DE SPN ADR REPORD,GRUPO TELEVISA SA DE SPN ADR REPORD,40049J206,18863,623359,SH,,DFND,1234,623359,0,0
70,HANWHA SOLARONE CO LTD,CV SR UNSEC NT,83415UAB4,34546,37146000,PRN,,DFND,1234,37146000,0,0
71,HEADWATERS INC,CV SR SUB NT,42210PAR3,8474,7846000,PRN,,DFND,1234,7846000,0,0
72,HEALTH CARE REIT INC,6.5% CV PERP PFD SER-I REIT PNC,42217K601,8349,162874,SH,,DFND,1234,162874,0,0
73,HEARTWARE INTERNATIONAL,CV SR UNSEC NT,422368AA8,31819,26416000,PRN,,DFND,1234,26416000,0,0
74,HELIX ENERGY SOLUTIONS,CV SR UNSEC NT CPDI,42330PAG2,44609,36892000,PRN,,DFND,1234,36892000,0,0
75,HOLOGIC INC,CV SR UNSEC NT MULTI-CPN,436440AG6,15634,14814000,PRN,,DFND,1234,14814000,0,0
76,HOLOGIC INC,CV SR UNSEC NT 2% MULTI-CPN CPDI,436440AC5,15467,15075000,PRN,,DFND,1234,15075000,0,0
77,HOLOGIC INC,CV SR UNSEC NT SER-2010 CPDI,436440AB7,11246,9679000,PRN,,DFND,1234,9679000,0,0
78,HOME INNS HTL MNGMT INC,CV SR UNSEC NT,43713WAB3,13687,13000000,PRN,,DFND,1234,13000000,0,0
79,HORNBECK OFFSHORE SERVICES,CV SR UNSEC NT,440543AN6,87520,73080000,PRN,,DFND,1234,73080000,0,0
80,HOUGHTON MIFFLIN HARCOURT CO,COMMON STOCK,44157R109,9481,559024,SH,,DFND,1234,559024,0,0
81,ICONIX BRAND GROUP INC,CV SR SUB NT,451055AE7,21180,15305000,PRN,,DFND,1234,15305000,0,0
82,INTEGRA LIFESCIENCES HLD,CV SR UNSEC NT,457985AK5,4771,4435000,PRN,,DFND,1234,4435000,0,0
83,INTEL CORP,CV JR SUB NT PNC CPDI,458140AF7,42301,31000000,PRN,,DFND,1234,31000000,0,0
84,INTEL CORP,CV JR SUB NT CPDI PNC,458140AD2,44559,39725000,PRN,,DFND,1234,39725000,0,0
85,INTERMUNE INC,CV SR UNSEC NT PNC,45884XAE3,4507,5000000,PRN,,DFND,1234,5000000,0,0
86,INTEROIL CORP,CV SR UNSEC NT PNC,460951AC0,5605,5900000,PRN,,DFND,1234,5900000,0,0
87,ISHARES RUSSELL 2000,ETF,464287655,49605,430000,SH,Put,DFND,1234,430000,0,0
88,JAKKS PACIFIC INC,CV SR UNSEC NT,47012EAD8,1151,1150000,PRN,,DFND,1234,1150000,0,0
89,JARDEN CORP,CV SR SUB NT,471109AH1,78795,55750000,PRN,,DFND,1234,55750000,0,0
90,JINKOSOLAR HOLDING CO LT,CV SR UNSEC NT 144A,47759TAA8,6104,5750000,PRN,,DFND,1234,5750000,0,0
91,LAM RESEARCH CORP,CV SR UNSEC NT SER B,512807AL2,12210,10000000,PRN,,DFND,1234,10000000,0,0
92,LAM RESEARCH CORP,CV SR UNSEC NT,512807AJ7,70406,61700000,PRN,,DFND,1234,61700000,0,0
93,LEAP WIRELESS INTL INC,CV SR UNSEC NT,521863AL4,4359,4269000,PRN,,DFND,1234,4269000,0,0
94,LEVEL 3 COMMUNICATIONS INC,COMMON STOCK NEW,52729N308,51881,1564100,SH,,DFND,1234,1564100,0,0
95,MASONITE INTERNATIONAL CORP,COMMON STOCK,575385109,268670,4477837,SH,,DFND,1234,4477837,0,0
96,MCDERMOTT INTL INC,COMMON STOCK,580037109,13654,1490599,SH,,DFND,1234,1490599,0,0
97,MENTOR GRAPHICS CORP,CV SUB UNSEC NT,587200AK2,46037,34556000,PRN,,DFND,1234,34556000,0,0
98,MERITAGE HOMES CORP,CV SR UNSEC NT,59001AAR3,32293,28650000,PRN,,DFND,1234,28650000,0,0
99,MERITOR INC,CV SR UNSEC STEP CPN NT,043353AH4,15356,15868000,PRN,,DFND,1234,15868000,0,0
100,MGIC INVESTMENT CORP,CV SR UNSEC NT,552848AE3,9400,6760000,PRN,,DFND,1234,6760000,0,0
101,MGIC INVESTMENT CORP,CV SR UNSEC NT,552848AD5,2275,2000000,PRN,,DFND,1234,2000000,0,0
102,MGIC INVESTMENT CORP,COMMON STOCK,552848103,101280,12000000,SH,,DFND,1234,12000000,0,0
103,MGM RESORTS INTL,CV SR UNSEC NT,55303QAE0,84482,61865000,PRN,,DFND,1234,61865000,0,0
104,Mobile Telesystems OJSC,Mobile Telesystems OJSC,607409109,13405,619721,SH,,DFND,1234,619721,0,0
105,MOLYCORP INC,CV SR UNSEC NT PNC,608753AF6,4878,6300000,PRN,,DFND,1234,6300000,0,0
106,MOLYCORP INC,CV SR UNSEC NT,608753AA7,3560,5000000,PRN,,DFND,1234,5000000,0,0
107,MORGANS HOTEL GROUP CO,CV SR SUB NT,61748WAB4,13483,13677000,PRN,,DFND,1234,13677000,0,0
108,NETAPP INC,COMMON STOCK,64110D104,15222,370000,SH,,DFND,1234,370000,0,0
109,NRG ENERGY INC,COMMON STOCK,629377508,38054,1325000,SH,,DFND,1234,1325000,0,0
110,NUANCE COMMUNICATIONS,CV SR UNSEC NT,67020YAF7,13748,14000000,PRN,,DFND,1234,14000000,0,0
111,NUVASIVE INC,CV SR UNSEC NT,670704AC9,78317,72120000,PRN,,DFND,1234,72120000,0,0
112,NY COMMUNITY CAP TRUST V,6% CV PFD (BONUSES) PNC,64944P307,16117,322341,SH,,DFND,1234,322341,0,0
113,OLD REPUBLIC INTL CORP,CV SR UNSEC NT,680223AH7,7002,5613000,PRN,,DFND,1234,5613000,0,0
114,OMNICARE INC,CV SR SUB NT CPDI,681904AQ1,87290,85750000,PRN,,DFND,1234,85750000,0,0
115,ON SEMICONDUCTOR CORP,CV SR SUB NT SER-B,682189AH8,72300,65445000,PRN,,DFND,1234,65445000,0,0
116,PETROLEO BRASILEIRO SA SPONSORED ADR,PETROLEO BRASILEIRO SA SPONSORED ADR,71654V408,43051,3124177,SH,,DFND,1234,3124177,0,0
117,PHOTRONICS INC,CV SR UNSEC NT,719405AH5,34540,30132000,PRN,,DFND,1234,30132000,0,0
118,PREFORMED LINE PRODUCTS CO,COMMON STOCK,740444104,3928,53691,SH,,DFND,1234,53691,0,0
119,PROSPECT CAPITAL CORP,CV SR UNSEC NT,74348TAL6,7770,7304000,PRN,,DFND,1234,7304000,0,0
120,PROSPECT CAPITAL CORP,CV SR UNSEC NT,74348TAK8,5271,5000000,PRN,,DFND,1234,5000000,0,0
121,PROSPECT CAPITAL CORP,CV SR UNSEC NT,74348TAD4,8772,8288000,PRN,,DFND,1234,8288000,0,0
122,PROVIDENCE SERVICE CORP,CV SR SUB NT,743815AB8,10752,10382000,PRN,,DFND,1234,10382000,0,0
123,PULSE ELECTRONICS CORP,COMMON STOCK,74586W205,11111,3844658,SH,,DFND,1234,3844658,0,0
124,REDWOOD TRUST INC,CV SR UNSEC NT REIT,758075AB1,4174,4000000,PRN,,DFND,1234,4000000,0,0
125,RESOURCE CAPITAL CORP,CV SR UNSEC NT REIT,76120WAA2,12803,12767000,PRN,,DFND,1234,12767000,0,0
126,RPM INTERNATIONAL INC,CV SR UNSEC NT,749685AT0,25474,23000000,PRN,,DFND,1234,23000000,0,0
127,RTI INTERNATIONAL METALS,CV SR UNSEC NT,74973WAB3,43952,41450000,PRN,,DFND,1234,41450000,0,0
128,RTI INTERNATIONAL METALS,CV SR UNSEC NT,74973WAA5,35442,30975000,PRN,,DFND,1234,30975000,0,0
129,SALIX PHARMACEUTICALS LTD,CV SR UNSEC NT,795435AE6,54620,36808000,PRN,,DFND,1234,36808000,0,0
130,SANDISK CORP,CV SR UNSEC NT,80004CAD3,16883,11430000,PRN,,DFND,1234,11430000,0,0
131,SEACOR HOLDINGS INC,CV SR UNSEC NT CPDI PNC,811904AM3,68797,56270000,PRN,,DFND,1234,56270000,0,0
132,SEQUENOM INC,CV SR UNSEC NT PNC,817337AB4,3728,4240000,PRN,,DFND,1234,4240000,0,0
133,SOLARCITY CORP,CV SR UNSEC NT,83416TAA8,36419,30500000,PRN,,DFND,1234,30500000,0,0
134,STAR BULK CARRIERS CORP,COMMON STOCK,Y8162K121,76966,5773907,SH,,DFND,1234,5773907,0,0
135,STARWOOD PROPERTY TRUST,CV SR UNSEC NT REIT,85571BAB1,33280,30000000,PRN,,DFND,1234,30000000,0,0
136,STARWOOD PROPERTY TRUST,CV SR UNSEC NT REIT,85571BAA3,20541,18500000,PRN,,DFND,1234,18500000,0,0
137,STERLITE INDUSTRIES LTD,CV SR UNSEC NT PNC,859737AB4,17735,17791000,PRN,,DFND,1234,17791000,0,0
138,STONE ENERGY CORP,CV SR UNSEC NT,861642AN6,76398,69200000,PRN,,DFND,1234,69200000,0,0
139,SURGICAL CARE AFFILIATES INC,COMMON STOCK,86881L106,77864,2328027,SH,,DFND,1234,2328027,0,0
140,TAIWAN SEMICONDUCTOR SPONSORED ADR,TAIWAN SEMICONDUCTOR SPONSORED ADR,874039100,37676,2160340,SH,,DFND,1234,2160340,0,0
141,TAKE-TWO INTERACTIVE SOFTWARE,CV SR UNSEC NT,874054AD1,34782,32500000,PRN,,DFND,1234,32500000,0,0
142,TAKE-TWO INTERACTIVE SOFTWARE,CV SR UNSEC NT,874054AC3,29915,25828000,PRN,,DFND,1234,25828000,0,0
143,Tata Motors,Tata Motors,876568502,28973,940691,SH,,DFND,1234,940691,0,0
144,TELEF BRASIL,TELEF BRASIL,87936R106,16678,867758,SH,,DFND,1234,867758,0,0
145,TITAN MACHINERY INC,CV SR UNSEC NT,88830RAB7,9407,10897000,PRN,,DFND,1234,10897000,0,0
146,TOWER GROUP INTL LTD,CV SR UNSEC NT,891777AC8,36269,43830000,PRN,,DFND,1234,43830000,0,0
147,Trina Solar LTD,Trina Solar LTD,89628E104,15739,1151328,SH,,DFND,1234,1151328,0,0
148,TTM TECHNOLOGIES,CV SR UNSEC NT,87305RAC3,7755,7500000,PRN,,DFND,1234,7500000,0,0
149,TURKCELL ILETISIM HIZM SPONSORED ADR,TURKCELL ILETISIM HIZM SPONSORED ADR,900111204,9293,696116,SH,,DFND,1234,696116,0,0
150,UNITED TECHNOLOGIES CORP,7.50% CV MAND PFD EQUITY UNITS,913017117,32077,489950,SH,,DFND,1234,489950,0,0
151,US STEEL CORP,CV SR UNSEC NT PNC,912909AH1,8982,6740000,PRN,,DFND,1234,6740000,0,0
152,US STEEL CORP,CV SR UNSEC NT,912909AE8,3755,3500000,PRN,,DFND,1234,3500000,0,0
153,Vale S.A. PFD,Vale S.A. PFD,91912E204,37236,2657843,SH,,DFND,1234,2657843,0,0
154,VECTOR GROUP LTD,CV SR UNSEC VARIABLE NT CPDI,92240MAY4,21677,18185000,PRN,,DFND,1234,18185000,0,0
155,VISHAY INTERTECHNOLOGY INC,COMMON STOCK,928298108,36465,2750000,SH,,DFND,1234,2750000,0,0
156,WABASH NATIONAL CORP,CV SR UNSEC NT,929566AH0,27723,20980000,PRN,,DFND,1234,20980000,0,0
157,WALTER INVESTMENT MGMT,CV SR SUB NT,93317WAA0,25240,25255000,PRN,,DFND,1234,25255000,0,0
158,WEB.COM GROUP INC,CV SR UNSEC NT PNC,94733AAA2,40023,35500000,PRN,,DFND,1234,35500000,0,0
159,WEBMD HEALTH CORP,CV SR UNSEC NT,94770VAF9,2964,3000000,PRN,,DFND,1234,3000000,0,0
160,WELLS FARGO & COMPANY,7.50% CV PFD CL-A SER-L PERPETUAL PNC,949746804,13734,12440,SH,,DFND,1234,12440,0,0
161,WRIGHT MEDICAL GROUP INC,CV SR UNSEC NT,98235TAC1,75447,55612000,PRN,,DFND,1234,55612000,0,0
162,WSP HOLDINGS LTD-ADR,COMMON STOCK,92934F203,3846,1408800,SH,,DFND,1234,1408800,0,0
163,YRC WORLDWIDE INC,CV SEC 2ND LIEN 10% PIK NT SER-A,984249AB8,5916,6146385,PRN,,DFND,1234,6146385,0,0
