,NAME OF ISSUER,TITLE OF CLASS,CUSIP,(x$1000),PRN AMT,PRN,CALL,DISCRETION,MANAGER,SOLE,SHARED,NONE
0,51JOB INC,CV SR NT,316827AC8,34604,32150000,PRN,,DFND,1234,32150000,0,0
1,ACORDA THERAPEUTICS INC,CV SR UNSEC NT PNC,00484MAA4,31980,37450000,PRN,,DFND,1234,37450000,0,0
2,ADVANCEPIERRE FOODS HOLDINGS INC,COMMON STOCK,00782L107,989090,31732120,SH,,DFND,1234,31732120,0,0
3,AEGEAN MARINE PETROLEUM NETWORK INC,CV SR UNSEC NT PNC,Y0020QAA9,3856,3500000,PRN,,DFND,1234,3500000,0,0
4,AEGERION PHARMACEUTICALS INC,CV SR UNSEC NT,00767EAB8,5931,7250000,PRN,,DFND,1234,7250000,0,0
5,ALASKA COMMUNICATIONS SYSTEMS GROUP INC,CV SR SUB NT,01167PAE1,1280,1227000,PRN,,DFND,1234,1227000,0,0
6,ALIBABA GROUP HOLDING-SP ADR,ADR,01609W102,69324,643156,SH,,DFND,1234,643156,0,0
7,ALLERGAN PLC,5.50% MAND CV PFD SER A,00BY9D6T8,56845,67000,SH,,DFND,1234,67000,0,0
8,ALLY FINANCIAL INC,COMMON STOCK,02005N100,211055,10381462,SH,,DFND,1234,10381462,0,0
9,ALON USA ENERGY INC,CV SR UNSEC NT,020520AB8,2205,2000000,PRN,,DFND,1234,2000000,0,0
10,AMBEV SA-ADR,ADR,02319V103,29692,5157300,SH,,DFND,1234,5157300,0,0
11,AMERICA MOVIL-SPN ADR CL L,ADR,02364W105,35436,2501889,SH,,DFND,1234,2501889,0,0
12,AMTRUST FINANCIAL SERVICES INC,CV SR UNSEC NT PNC CPDI,032359AG6,26674,35901000,PRN,,DFND,1234,35901000,0,0
13,ANGLOGOLD ASHANTI-SPON ADR,ADR,035128206,29562,2746100,SH,,DFND,1234,2746100,0,0
14,ANTHEM INC,5.25% CV MAND PFD,036752202,33508,657000,SH,,DFND,1234,657000,0,0
15,APOLLO COMMERCIAL REAL ESTATE FINANCE INC,CV SR UNSEC NT REIT,03762UAA3,34415,31457000,PRN,,DFND,1234,31457000,0,0
16,AVID TECHNOLOGY INC,CV SR UNSEC NT,05367PAB6,3504,5000000,PRN,,DFND,1234,5000000,0,0
17,BANK OF AMERICA CORP,7.250000% CV PFD PERPETUAL PNC,060505682,4184,3500,SH,,DFND,1234,3500,0,0
18,BELLATRIX EXPLORATION LTD,COMMON STOCK,078314101,14762,18750000,SH,,DFND,1234,18750000,0,0
19,BIOMARIN PHARMACEUTICAL INC,CV SR SUB NT,09061GAE1,36696,32163000,PRN,,DFND,1234,32163000,0,0
20,BLACKROCK CAPITAL INVESTMENT CORP,CV SR UNSEC NT,092533AB4,6192,6000000,PRN,,DFND,1234,6000000,0,0
21,BLACKSTONE MORTGAGE TRUST INC,CV SR UNSEC NT REIT,09257WAA8,15862,13826000,PRN,,DFND,1234,13826000,0,0
22,BLUCORA INC,CV SR UNSEC NT,095229AB6,20008,19800000,PRN,,DFND,1234,19800000,0,0
23,BROOKDALE SENIOR LIVING INC,CV SR UNSEC NT,112463AA2,19226,19500000,PRN,,DFND,1234,19500000,0,0
24,CALATLANTIC GROUP INC,CV SR UNSEC NT PNC,783764AS2,20809,22050000,PRN,,DFND,1234,22050000,0,0
25,CANADIAN SOLAR INC,CV SR UNSEC NT PNC,136635AE9,2359,2500000,PRN,,DFND,1234,2500000,0,0
26,CAPITAL PRODUCT PARTNERS LP,COMMON STOCK,Y11082107,2925,819228,SH,,DFND,1234,819228,0,0
27,CARDTRONICS INC,CV SR UNSEC NT,14161HAG3,28465,26175000,PRN,,DFND,1234,26175000,0,0
28,CEMEX SAB DE CV,COMMON STOCK ADR,151290889,62548,6898566,SH,,DFND,1234,6898566,0,0
29,CEMEX SAB DE CV,CV SUB NT,151290BR3,103410,90950000,PRN,,DFND,1234,90950000,0,0
30,CENTURY COMMUNITIES INC,COMMON STOCK,156504300,37313,1469003,SH,,DFND,1234,1469003,0,0
31,CHART INDUSTRIES INC,CV SR SUB NT,16115QAC4,15887,16000000,PRN,,DFND,1234,16000000,0,0
32,CHENIERE ENERGY INC,CV SR UNSEC NT PNC,16411RAG4,18467,27116000,PRN,,DFND,1234,27116000,0,0
33,CHINA MOBILE LTD-SPON ADR,ADR,16941M109,1311,23741,SH,,DFND,1234,23741,0,0
34,CITRIX SYSTEMS INC,CV SR UNSEC NT,177376AD2,41320,32787000,PRN,,DFND,1234,32787000,0,0
35,CLOVIS ONCOLOGY INC,CV SR UNSEC NT PNC,189464AB6,15302,11750000,PRN,,DFND,1234,11750000,0,0
36,CNOOC LTD-SPON ADR,ADR,126132109,25261,210960,SH,,DFND,1234,210960,0,0
37,COLONY NORTHSTAR INC,CV SR UNSEC NT REIT PNC,19624RAA4,26589,26543000,PRN,,DFND,1234,26543000,0,0
38,COLONY NORTHSTAR INC,CV SR UNSEC NT REIT PNC,19624RAB2,8916,9000000,PRN,,DFND,1234,9000000,0,0
39,COMSTOCK RESOURCES INC,CV SEC 2ND LIEN PIK NT PNC,205768AM6,16385,19100000,PRN,,DFND,1234,19100000,0,0
40,COMSTOCK RESOURCES INC,CV SEC 2ND LIEN PIK NT PNC,205768AN4,28636,33888405,PRN,,DFND,1234,33888405,0,0
41,CONTANGO OIL & GAS CO,COMMON STOCK,21075N204,9493,1296813,SH,,DFND,1234,1296813,0,0
42,CSG SYSTEMS INTERNATIONAL INC,CV SR UNSEC NT PNC,126349AF6,12326,11838000,PRN,,DFND,1234,11838000,0,0
43,CTRIP.COM INTERNATIONAL LTD,CV SR UNSEC NT (SERIES: C),22943FAF7,46139,41560000,PRN,,DFND,1234,41560000,0,0
44,DHT HOLDINGS INC,CV SR UNSEC NT PNC,23335SAB2,8996,9000000,PRN,,DFND,1234,9000000,0,0
45,DYCOM INDUSTRIES INC,CV SR UNSEC NT,267475AB7,10343,8817000,PRN,,DFND,1234,8817000,0,0
46,DYNEGY INC,COMMON STOCK,26817R108,66215,8424322,SH,,DFND,1234,8424322,0,0
47,EAGLE BULK SHIPPING INC,COMMON STOCK,Y2187A143,4470,785363,SH,,DFND,1234,785363,0,0
48,EGALET CORP,CV SR UNSEC NT,28226BAB0,3293,4200000,PRN,,DFND,1234,4200000,0,0
49,ELECTRONICS FOR IMAGING INC,CV SR UNSEC NT,286082AC6,63191,57670000,PRN,,DFND,1234,57670000,0,0
50,ENCORE CAPITAL GROUP INC,CV SR UNSEC NT,292554AF9,31362,32860000,PRN,,DFND,1234,32860000,0,0
51,ENCORE CAPITAL GROUP INC,CV SR UNSEC NT,292554AH5,16923,19138000,PRN,,DFND,1234,19138000,0,0
52,ENDOLOGIX INC,CV SR UNSEC NT PNC,29266SAA4,5808,6000000,PRN,,DFND,1234,6000000,0,0
53,ENERGY XXI GULF COAST INC,COMMON STOCK,29276K101,117200,3910545,SH,,DFND,1234,3910545,0,0
54,ENERNOC INC,CV SR UNSEC NT,292764AB3,2581,3000000,PRN,,DFND,1234,3000000,0,0
55,ENVESTNET INC,CV SR UNSEC NT,29404KAA4,8951,9559000,PRN,,DFND,1234,9559000,0,0
56,EXCO RESOURCES INC,COMMON STOCK,269279402,19076,30773682,SH,,DFND,1234,30773682,0,0
57,EXTRACTION OIL & GAS INC,COMMON STOCK,30227M105,3761,202787,SH,,DFND,1234,202787,0,0
58,EZCORP INC,CV SR UNSEC MULTI CPN NT,302301AB2,20252,21703000,PRN,,DFND,1234,21703000,0,0
59,FINISAR CORP,CV SR UNSEC NT,31787AAM3,31738,27950000,PRN,,DFND,1234,27950000,0,0
60,FIRST BANCORP/PUERTO RICO,COMMON STOCK,318672706,113006,20001066,SH,,DFND,1234,20001066,0,0
61,FLUIDIGM CORP,CV SR UNSEC NT PNC,34385PAA6,2906,4273000,PRN,,DFND,1234,4273000,0,0
62,FORESTAR GROUP INC,CV SR UNSEC NT,346232AB7,8409,8400000,PRN,,DFND,1234,8400000,0,0
63,GAIN CAPITAL HOLDINGS INC,CV SR UNSEC NT PNC,36268WAB6,11346,11350000,PRN,,DFND,1234,11350000,0,0
64,GENER8 MARITIME INC,COMMON STOCK,Y26889108,74010,13052534,SH,,DFND,1234,13052534,0,0
65,GENERAL CABLE CORP,CV SUB NT MULTI-CPN PNC,369300AL2,22112,28350000,PRN,,DFND,1234,28350000,0,0
66,GERDAU SA -SPON ADR,ADR,373737105,21584,6259033,SH,,DFND,1234,6259033,0,0
67,GLOBAL EAGLE ENTERTAINMENT INC,CV SR UNSEC NT PNC,37951DAB8,1779,3500000,PRN,,DFND,1234,3500000,0,0
68,GOGO INC,CV SR UNSEC NT,38046CAB5,3327,4000000,PRN,,DFND,1234,4000000,0,0
69,GSV CAPITAL CORP,CV SR UNSEC NT,36191JAB7,6335,6400000,PRN,,DFND,1234,6400000,0,0
70,HCI GROUP INC,CV SR UNSEC NT,40416EAB9,11461,11500000,PRN,,DFND,1234,11500000,0,0
71,HEALTHSOUTH CORP,CV SR SUB NT CPDI PNC,421924BL4,37024,30186000,PRN,,DFND,1234,30186000,0,0
72,HELIX ENERGY SOLUTIONS GROUP INC,CV SR UNSEC NT CPDI,42330PAG2,12813,13000000,PRN,,DFND,1234,13000000,0,0
73,HELIX ENERGY SOLUTIONS GROUP INC,CV SR UNSEC NT PNC,42330PAH0,2962,3029000,PRN,,DFND,1234,3029000,0,0
74,HURON CONSULTING GROUP INC,CV SR UNSEC NT,447462AB8,1551,1664000,PRN,,DFND,1234,1664000,0,0
75,ICICI BANK LTD-SPON ADR,ADR,45104G104,56871,6616322,SH,,DFND,1234,6616322,0,0
76,ICONIX BRAND GROUP INC,CV SR SUB NT,451055AF4,5744,6000000,PRN,,DFND,1234,6000000,0,0
77,IMMUNOMEDICS INC,CV SR UNSEC NT,452907AK4,1054,750000,PRN,,DFND,1234,750000,0,0
78,INFOSYS LTD-SP ADR,ADR,456788108,478,31181,SH,,DFND,1234,31181,0,0
79,INNOVIVA INC,CV SUB NT,88338TAB0,27580,28890000,PRN,,DFND,1234,28890000,0,0
80,INSEEGO CORP,CV SR UNSEC NT PNC,45782BAA2,2217,2500000,PRN,,DFND,1234,2500000,0,0
81,INTEGRATED DEVICE TECHNOLOGY INC,CV SR UNSEC NT,458118AC0,48224,47857000,PRN,,DFND,1234,47857000,0,0
82,INTERDIGITAL INC/PA,CV SR UNSEC NT,458660AD9,32177,24717000,PRN,,DFND,1234,24717000,0,0
83,IONIS PHARMACEUTICALS INC,CV SR UNSEC NT,464337AJ3,12915,13350000,PRN,,DFND,1234,13350000,0,0
84,IRONWOOD PHARMACEUTICALS INC,CV SR UNSEC NT,46333XAD0,38714,30958000,PRN,,DFND,1234,30958000,0,0
85,ISHARES IBOXX $ HIGH YIELD CORPORATE BOND ETF,ETF,464288513,12289,140000,SH,Put,DFND,1234,140000,0,0
86,ISHARES MSCI INDIA ETF,ETP,46429B598,567,19400,SH,,DFND,1234,19400,0,0
87,ITAU UNIBANCO H-SPON PRF ADR,ADR,465562106,90555,7506320,SH,,DFND,1234,7506320,0,0
88,J2 GLOBAL INC,CV SR UNSEC NT CPDI,48123VAC6,36650,27037000,PRN,,DFND,1234,27037000,0,0
89,JAZZ INVESTMENTS I LTD,CV SR UNSEC NT PNC,472145AB7,39231,36497000,PRN,,DFND,1234,36497000,0,0
90,JEFFERIES GROUP LLC,CV SR UNSEC NT PNC,472319AG7,19115,18844000,PRN,,DFND,1234,18844000,0,0
91,KB HOME,CV SR UNSEC NT,48666KAS8,6163,6000000,PRN,,DFND,1234,6000000,0,0
92,KEYW HOLDING CORP/THE,CV SR UNSEC NT,493723AA8,7716,8005000,PRN,,DFND,1234,8005000,0,0
93,LIBERTY INTERACTIVE LLC,CV SR UNSEC NT 144A (EX: CHTR),530610AD6,68589,60850000,PRN,,DFND,1234,60850000,0,0
94,LIBERTY MEDIA CORP,CV SR UNSEC NT (BASKET: LMCA/FWONA...),531229AB8,16309,14570000,PRN,,DFND,1234,14570000,0,0
95,LIBERTY MEDIA CORP-LIBERTY BRAVES,COMMON STOCK,531229888,22895,968078,SH,,DFND,1234,968078,0,0
96,LIBERTY VENTURES,COMMON STOCK,53071M856,26433,594270,SH,,DFND,1234,594270,0,0
97,LIVE NATION ENTERTAINMENT INC,CV SR UNSEC NT,538034AJ8,36984,33967000,PRN,,DFND,1234,33967000,0,0
98,M/I HOMES INC,CV SR SUB NT PNC,55292PAB1,6558,6470000,PRN,,DFND,1234,6470000,0,0
99,MAGNACHIP SEMICONDUCTOR CORP,COMMON STOCK,55933J203,11988,1255275,SH,,DFND,1234,1255275,0,0
100,MATLIN AND PARTNERS ACQUISITION CORP,COMMON STOCK,57682V205,15030,1500000,SH,,DFND,1234,1500000,0,0
101,MELCO RESORTS & ENTERT-ADR,ADR,585464100,2001,107927,SH,,DFND,1234,107927,0,0
102,MERITAGE HOMES CORP,CV SR UNSEC NT,59001AAR3,19271,19184000,PRN,,DFND,1234,19184000,0,0
103,MERITOR INC,CV SR UNSEC STEP CPN NT,043353AH4,8714,8301000,PRN,,DFND,1234,8301000,0,0
104,MGIC INVESTMENT CORP,COMMON STOCK,552848103,46264,4567000,SH,,DFND,1234,4567000,0,0
105,MGIC INVESTMENT CORP,CV SR UNSEC NT,552848AD5,7712,7643000,PRN,,DFND,1234,7643000,0,0
106,MICRON TECHNOLOGY INC,CV SR UNSEC NT SER-G PNC,595112AY9,90343,80729000,PRN,,DFND,1234,80729000,0,0
107,MIDSTATES PETROLEUM CO INC,COMMON STOCK,59804T407,1007,54548,SH,,DFND,1234,54548,0,0
108,MOBILE TELESYSTEMS PJSC,COMMON STOCK ADR,607409109,3292,298500,SH,,DFND,1234,298500,0,0
109,MODUSLINK GLOBAL SOLUTIONS INC,CV SR UNSEC NT,60786LAB3,3196,3400000,PRN,,DFND,1234,3400000,0,0
110,NACCO INDUSTRIES INC,COMMON STOCK,629579103,6840,98000,SH,,DFND,1234,98000,0,0
111,NATIONSTAR MORTGAGE HOLDINGS INC,COMMON STOCK,63861C109,25372,1609891,SH,,DFND,1234,1609891,0,0
112,NATIONSTAR MORTGAGE HOLDINGS INC,COMMON STOCK,63861C109,3152,200000,SH,Call,DFND,1234,200000,0,0
113,NAVISTAR INTERNATIONAL CORP,CV SR SUB NT PNC,63934EAQ1,5826,6000000,PRN,,DFND,1234,6000000,0,0
114,NAVISTAR INTERNATIONAL CORP,CV SR SUB NT PNC,63934EAS7,7486,7750000,PRN,,DFND,1234,7750000,0,0
115,NETEASE INC-ADR,ADR,64110W102,11945,42080,SH,,DFND,1234,42080,0,0
116,NEVRO CORP,CV SR UNSEC NT,64157FAA1,33841,27840000,PRN,,DFND,1234,27840000,0,0
117,NEW MOUNTAIN FINANCE CORP,CV SR UNSEC NT,647551AB6,14597,14021000,PRN,,DFND,1234,14021000,0,0
118,NEW YORK MORTGAGE TRUST INC,CV SR UNSEC NT,649604AD7,9843,10000000,PRN,,DFND,1234,10000000,0,0
119,NEWPARK RESOURCES INC,CV SR UNSEC NT,651718AC2,4023,3921000,PRN,,DFND,1234,3921000,0,0
120,NMI HOLDINGS INC,COMMON STOCK,629209305,66308,5816443,SH,,DFND,1234,5816443,0,0
121,NUANCE COMMUNICATIONS INC,CV SR UNSEC NT CPDI,67020YAG5,29868,28900000,PRN,,DFND,1234,28900000,0,0
122,NUVASIVE INC,CV SR UNSEC NT PNC,670704AG0,46263,33765000,PRN,,DFND,1234,33765000,0,0
123,ON SEMICONDUCTOR CORP,CV SR UNSEC NT,682189AK1,72938,66395000,PRN,,DFND,1234,66395000,0,0
124,PAR PACIFIC HOLDINGS INC,COMMON STOCK,69888T207,3147,190862,SH,,DFND,1234,190862,0,0
125,PATTERN ENERGY GROUP INC,CV SR UNSEC NT,70338PAB6,2993,3000000,PRN,,DFND,1234,3000000,0,0
126,PDC ENERGY INC,CV SR UNSEC NT,69327RAD3,5209,5034000,PRN,,DFND,1234,5034000,0,0
127,PDL BIOPHARMA INC,CV SR UNSEC NT,69329YAF1,9157,9200000,PRN,,DFND,1234,9200000,0,0
128,PENNYMAC CORP,CV SR UNSEC NT REIT,70932AAB9,21947,22577000,PRN,,DFND,1234,22577000,0,0
129,PRA GROUP INC,CV SR UNSEC NT,73640QAB1,38054,41944000,PRN,,DFND,1234,41944000,0,0
130,PRICELINE GROUP INC/THE,CV SR UNSEC NT,741503AS5,8815,6177000,PRN,,DFND,1234,6177000,0,0
131,PRICELINE GROUP INC/THE,CV SR UNSEC NT,741503AX4,65974,58574000,PRN,,DFND,1234,58574000,0,0
132,PROOFPOINT INC,CV SR UNSEC NT PNC,743424AD5,23115,20220000,PRN,,DFND,1234,20220000,0,0
133,PROSPECT CAPITAL CORP,CV SR UNSEC NT,74348TAK8,1014,1000000,PRN,,DFND,1234,1000000,0,0
134,PROSPECT CAPITAL CORP,CV SR UNSEC NT,74348TAQ5,21035,21250000,PRN,,DFND,1234,21250000,0,0
135,PTC THERAPEUTICS INC,CV SR UNSEC NT PNC,69366JAB7,1691,2600000,PRN,,DFND,1234,2600000,0,0
136,RAIT FINANCIAL TRUST,CV SR UNSEC NT REIT,749227AB0,16149,16700000,PRN,,DFND,1234,16700000,0,0
137,REDWOOD TRUST INC,CV SR UNSEC NT,749772AB5,12970,12567000,PRN,,DFND,1234,12567000,0,0
138,REDWOOD TRUST INC,CV SR UNSEC NT REIT,758075AB1,8988,8908000,PRN,,DFND,1234,8908000,0,0
139,RENEWABLE ENERGY GROUP INC,CV SR UNSEC NT,75972AAA1,3558,3509000,PRN,,DFND,1234,3509000,0,0
140,RESOURCE CAPITAL CORP,CV SR UNSEC NT REIT,76120WAA2,12233,12188000,PRN,,DFND,1234,12188000,0,0
141,RESOURCE CAPITAL CORP,CV SR UNSEC NT REIT,76120WAB0,16836,16723000,PRN,,DFND,1234,16723000,0,0
142,ROVI CORP,CV SR UNSEC NT (ACQUIRED BY: TIVO),779376AD4,6186,6335000,PRN,,DFND,1234,6335000,0,0
143,RTI INTERNATIONAL METALS INC,CV SR UNSEC NT,74973WAB3,20402,17500000,PRN,,DFND,1234,17500000,0,0
144,SANCHEZ ENERGY CORP,COMMON STOCK,79970Y105,372,39177,SH,,DFND,1234,39177,0,0
145,SANDRIDGE ENERGY INC,COMMON STOCK,80007P869,2496,135000,SH,,DFND,1234,135000,0,0
146,SEACOR HOLDINGS INC,CV SR UNSEC NT CPDI,81170YAB5,47238,52585000,PRN,,DFND,1234,52585000,0,0
147,SHIP FINANCE INTERNATIONAL LTD,CV SR UNSEC NT,G81075AF3,16197,16350000,PRN,,DFND,1234,16350000,0,0
148,SILVER STANDARD RESOURCES INC,CV SR UNSEC NT PNC,82823LAC0,30650,31108000,PRN,,DFND,1234,31108000,0,0
149,SOLARCITY CORP,CV SR UNSEC NT,83416TAC4,49310,55000000,PRN,,DFND,1234,55000000,0,0
150,SPDR S&P500 ETF TRUST,ETF,78462F103,31825,135000,SH,Put,DFND,1234,135000,0,0
151,SPDR S&P500 ETF TRUST,ETF,78462F103,412545,1750000,SH,Call,DFND,1234,1750000,0,0
152,SPECTRANETICS CORP/THE,CV SR UNSEC NT PNC,84760CAA5,36023,31704000,PRN,,DFND,1234,31704000,0,0
153,SPECTRUM PHARMACEUTICALS INC,CV SR UNSEC NT,84763AAB4,12777,12619000,PRN,,DFND,1234,12619000,0,0
154,STAR BULK CARRIERS CORP,COMMON STOCK,Y8162K204,385382,32439506,SH,,DFND,1234,32439506,0,0
155,STARWOOD PROPERTY TRUST INC,CV SR UNSEC NT REIT,85571BAA3,13032,11902000,PRN,,DFND,1234,11902000,0,0
156,STARWOOD PROPERTY TRUST INC,CV SR UNSEC NT REIT,85571BAC9,3556,3500000,PRN,,DFND,1234,3500000,0,0
157,STONEMOR PARTNERS LP,COMMON STOCK,86183Q100,9912,1250000,SH,,DFND,1234,1250000,0,0
158,SUNOCO LOGISTICS PARTNERS LP,COMMON STOCK,86764L108,6520,267000,SH,,DFND,1234,267000,0,0
159,SUNOPTA INC,COMMON STOCK,8676EP108,20850,3000000,SH,,DFND,1234,3000000,0,0
160,SUNPOWER CORP,CV SR UNSEC NT,867652AL3,7071,9000000,PRN,,DFND,1234,9000000,0,0
161,TAIWAN SEMICONDUCTOR-SP ADR,ADR,874039100,124883,3804736,SH,,DFND,1234,3804736,0,0
162,TCP CAPITAL CORP,CV SR UNSEC NT,87238QAB9,15295,14600000,PRN,,DFND,1234,14600000,0,0
163,TELEFONICA BRASIL-ADR,ADR,87936R106,32583,2195204,SH,,DFND,1234,2195204,0,0
164,TELIGENT INC,CV SR UNSEC NT PNC,449575AB5,13859,13750000,PRN,,DFND,1234,13750000,0,0
165,TESLA INC,CV SR UNSEC NT,88160RAC5,67175,68525000,PRN,,DFND,1234,68525000,0,0
166,TESLA INC,CV SR UNSEC NT,88160RAD3,10434,10000000,PRN,,DFND,1234,10000000,0,0
167,TICC CAPITAL CORP,CV SR UNSEC NT,87244TAB5,12684,12500000,PRN,,DFND,1234,12500000,0,0
168,TITAN MACHINERY INC,CV SR UNSEC NT,88830RAB7,11878,12307000,PRN,,DFND,1234,12307000,0,0
169,TOLL BROTHERS FINANCE CORP,CV SR UNSEC NT CPDI,88947EAM2,17489,17599000,PRN,,DFND,1234,17599000,0,0
170,TOWNSQUARE MEDIA INC,COMMON STOCK,892231101,19430,1595224,SH,,DFND,1234,1595224,0,0
171,TPG SPECIALTY LENDING INC,CV SR UNSEC NT,87265KAB8,15799,15350000,PRN,,DFND,1234,15350000,0,0
172,TRIBUNE MEDIA CO,COMMON STOCK,896047503,528677,14184998,SH,,DFND,1234,14184998,0,0
173,TWO HARBORS INVESTMENT CORP,CV SR UNSEC NT,90187BAA9,10209,9900000,PRN,,DFND,1234,9900000,0,0
174,VALE SA,COMMON STOCK,91912E105,11846,1247000,SH,,DFND,1234,1247000,0,0
175,VALE SA-SP PREF ADR,ADR,91912E204,46105,5136879,SH,,DFND,1234,5136879,0,0
176,VECTOR GROUP LTD,CV SR UNSEC NT VARIABLE,92240MBC1,34584,30500000,PRN,,DFND,1234,30500000,0,0
177,VEECO INSTRUMENTS INC,CV SR UNSEC NT PNC,922417AD2,33700,32245000,PRN,,DFND,1234,32245000,0,0
178,VEON LTD,COMMON STOCK ADR,91822M106,6850,1678900,SH,,DFND,1234,1678900,0,0
179,VEREIT INC,CV SR UNSEC NT REIT,02917TAA2,19833,19746000,PRN,,DFND,1234,19746000,0,0
180,VEREIT INC,CV SR UNSEC NT REIT,02917TAB0,892,885000,PRN,,DFND,1234,885000,0,0
181,VERINT SYSTEMS INC,CV SR UNSEC NT,92343XAA8,40628,41129000,PRN,,DFND,1234,41129000,0,0
182,VERSO CORP,COMMON STOCK,92531L207,18095,3015680,SH,,DFND,1234,3015680,0,0
183,VIAVI SOLUTIONS INC,CV SR UNSEC NT,46612JAF8,31787,28455000,PRN,,DFND,1234,28455000,0,0
184,VISHAY INTERTECHNOLOGY INC,COMMON STOCK,928298108,18841,1145367,SH,,DFND,1234,1145367,0,0
185,WEATHERFORD INTERNATIONAL LTD,CV SR UNSEC NT,947075AH0,55014,42615000,PRN,,DFND,1234,42615000,0,0
186,WHITING PETROLEUM CORP,CV SR UNSEC NT,966387AL6,14022,16000000,PRN,,DFND,1234,16000000,0,0
187,WPX ENERGY INC,6.25% MAND CV PFD,98212B202,15394,254690,SH,,DFND,1234,254690,0,0
188,WRIGHT MEDICAL GROUP INC,CV SR UNSEC NT,98235TAE7,58519,49000000,PRN,,DFND,1234,49000000,0,0
189,YAHOO! INC,COMMON STOCK,984332106,40841,880000,SH,,DFND,1234,880000,0,0
190,YANDEX NV,CV SR UNSEC NT,98474TAB3,6180,6423000,PRN,,DFND,1234,6423000,0,0
191,YANDEX NV,COMMON STOCK,N97284108,1436,65500,SH,,DFND,1234,65500,0,0
192,YY INC,CV SR UNSEC NT,98426TAB2,7198,7184000,PRN,,DFND,1234,7184000,0,0
