,NAME OF ISSUER,TITLE OF CLASS,CUSIP,(x$1000),PRN AMT,PRN,CALL,DISCRETION,MANAGER,SOLE,SHARED,NONE
0,AAR CORP,CV SR UNSEC NT,000361AM7,14934,15000000,PRN,,DFND,1234,15000000,0,0
1,ACCURAY INC,CV SR UNSEC NT PNC,004397AB1,6845,7140000,PRN,,DFND,1234,7140000,0,0
2,ADVANCED MICRO DEVICES,CV SR UNSEC NT,007903AL1,20189,19667000,PRN,,DFND,1234,19667000,0,0
3,AFFILIATED MANAGERS GROUP,CV SR UNSEC NT,008252AL2,919,712000,PRN,,DFND,1234,712000,0,0
4,AFFYMETRIX INC,CV SR UNSEC NT PNC,00826TAH1,11663,11650000,PRN,,DFND,1234,11650000,0,0
5,ALCATEL-LUCENT USA INC,CV SR UNSEC NT SER A 2.75% MULTI-CPN PNC,549463AG2,13052,13318000,PRN,,DFND,1234,13318000,0,0
6,ALERE INC,3% CV CUM PFD PERP SER B,01449J204,42930,190800,SH,,DFND,1234,190800,0,0
7,ALLIANCE HEALTHCARE SERVICES,COMMON STOCK,018606301,74392,4756490,SH,,DFND,1234,4756490,0,0
8,ALLIANCE ONE INTL INC,CV SR SUB NT,018772AQ6,9006,8876000,PRN,,DFND,1234,8876000,0,0
9,ALPHA NATURAL RESOURCES,CV SR UNSEC NT,02076XAE2,10130,11750000,PRN,,DFND,1234,11750000,0,0
10,ALPHA NATURAL RESOURCES,CV SR UNSEC NT,02076XAA0,1507,1640000,PRN,,DFND,1234,1640000,0,0
11,AMERICAN INTERNATIONAL GROUP,COMMON STOCK,026874784,28832,645000,SH,,DFND,1234,645000,0,0
12,AMTRUST FINANCIAL SERVICES INC,CV SR UNSEC NT,032359AC5,10027,7142000,PRN,,DFND,1234,7142000,0,0
13,ANNALY CAPITAL MGMT,CV SR UNSEC NT,035710AB8,19119,18916000,PRN,,DFND,1234,18916000,0,0
14,APOLLO GLOBAL MANAGEMENT - A,COMMON STOCK,037612306,30125,1250000,SH,,DFND,1234,1250000,0,0
15,ARCELORMITTAL,CV SR UNSEC NT,03938LAK0,14940,14500000,PRN,,DFND,1234,14500000,0,0
16,ARCELORMITTAL,MAND 6% CV SR SUB NT,L0302D178,35288,1880000,PRN,,DFND,1234,1880000,0,0
17,ARES CAPITAL CORP,CV SR UNSEC NT,04010LAG8,6637,6250000,PRN,,DFND,1234,6250000,0,0
18,AV HOMES INC,CV SR UNSEC NT,053494AG5,9277,8835000,PRN,,DFND,1234,8835000,0,0
19,BALTIC TRADING LTD,COMMON STOCK,Y0553W103,4834,1303000,SH,,DFND,1234,1303000,0,0
20,BGC PARTNERS INC,CV SR UNSEC NT,05541TAD3,18956,18676000,PRN,,DFND,1234,18676000,0,0
21,BOTTOMLINE TECHNOLOGIES,CV SR UNSEC NT,101388AA4,21255,19250000,PRN,,DFND,1234,19250000,0,0
22,BPZ RESOURCES INC,CV SR UNSEC NT PNC,055639AB4,28151,34665000,PRN,,DFND,1234,34665000,0,0
23,BRISTOW GROUP INC,CV SR UNSEC NT,110394AC7,13491,11545000,PRN,,DFND,1234,11545000,0,0
24,BROOKDALE SENIOR LIVING,CV SR UNSEC NT,112463AA2,86184,72975000,PRN,,DFND,1234,72975000,0,0
25,CADENCE DESIGN SYS INC,CV SR UNSEC NT SER-B,127387AF5,8014,8000000,PRN,,DFND,1234,8000000,0,0
26,CAESARS ENTERTAINMENT CORP,COMMON STOCK,127686103,28457,2077157,SH,,DFND,1234,2077157,0,0
27,CEMEX SAB DE CV,CV SUB NT,151290AV5,86601,75077000,PRN,,DFND,1234,75077000,0,0
28,Cemex SA-Sponsored ADR,Cemex SA-Sponsored ADR,151290889,1175,111084,SH,,DFND,1234,111084,0,0
29,CENTRAL EURO MEDIA ENTER,CV SEC NT,153443AH9,8386,8695000,PRN,,DFND,1234,8695000,0,0
30,CHARTER COMMUNICATION-A,COMMON STOCK,16117M305,244430,1973595,SH,,DFND,1234,1973595,0,0
31,CHESAPEAKE ENERGY CORP,CV SR UNSEC NT CPDI,165167BZ9,13264,14000000,PRN,,DFND,1234,14000000,0,0
32,CHESAPEAKE ENERGY CORP,CV SR UNSEC NT CPDI,165167BW6,3992,4000000,PRN,,DFND,1234,4000000,0,0
33,CHIQUITA BRANDS INTL,CV SR UNSEC NT PNC,170032AT3,17737,18500000,PRN,,DFND,1234,18500000,0,0
34,Cia Brasileira de Distribuicao Grupo Pao,Cia Brasileira de Distribuicao Grupo Pao,20440T201,6534,143739,SH,,DFND,1234,143739,0,0
35,COBALT INTL ENERGY INC,CV SR UNSEC NT,19075FAA4,155532,146500000,PRN,,DFND,1234,99999999,0,0
36,COLONY FINANCIAL INC,CV SR UNSEC NT REIT PNC,19624RAA4,33894,33520000,PRN,,DFND,1234,33520000,0,0
37,COMMONWEALTH REIT,6.5% CV PERP PFD SER-D REIT,203233408,13526,586829,SH,,DFND,1234,586829,0,0
38,COMPANHIA DE BEBIDAS SPON ADR PFD,COMPANHIA DE BEBIDAS SPON ADR PFD,20441W203,1370,36688,SH,,DFND,1234,36688,0,0
39,COMPANIA DE MINAS BUEN SPON ADR SER B,COMPANIA DE MINAS BUEN SPON ADR SER B,204448104,3710,251327,SH,,DFND,1234,251327,0,0
40,CONSTELLIUM NV- CLASS A,COMMON STOCK,N22035104,5347,331082,SH,,DFND,1234,331082,0,0
41,CRIMSON EXPLORATION INC,COMMON STOCK,22662K207,43780,15524819,SH,,DFND,1234,15524819,0,0
42,CUMULUS MEDIA INC-CL A,COMMON STOCK,231082108,13512,3985983,SH,,DFND,1234,3985983,0,0
43,DEALERTRACK TECHNOLOGIES,CV SR UNSEC NT,242309AB8,30122,26000000,PRN,,DFND,1234,26000000,0,0
44,DELPHI AUTOMOTIVE PLC,COMMON STOCK,G27823106,152070,3000000,SH,,DFND,1234,3000000,0,0
45,DFC GLOBAL CORP,CV SR UNSEC NT,256664AC7,27104,26190000,PRN,,DFND,1234,26190000,0,0
46,DOLLAR FINANCIAL CORP,CV SR UNSEC NT,256664AB9,7811,7880000,PRN,,DFND,1234,7880000,0,0
47,DRYSHIPS INC,CV SR UNSEC NT,262498AB4,16088,18000000,PRN,,DFND,1234,18000000,0,0
48,DYNEGY INC,COMMON STOCK,26817R108,175912,7800986,SH,,DFND,1234,7800986,0,0
49,E*TRADE FINANCIAL CORP,COMMON STOCK,269246401,11078,875000,SH,,DFND,1234,875000,0,0
50,ENDO HEALTH SOLUTIONS IN,CV SR SUB NT,29264FAB2,4522,3360000,PRN,,DFND,1234,3360000,0,0
51,EPR PROPERTIES,5.75% CV PERP PFD SER-C REIT PNC,26884U208,20375,887821,SH,,DFND,1234,887821,0,0
52,EPR PROPERTIES,9% CV PERP PFD SER-E REIT PNC,26884U307,3454,107500,SH,,DFND,1234,107500,0,0
53,EXCO RESOURCES INC,COMMON STOCK,269279402,280991,36778946,SH,,DFND,1234,36778946,0,0
54,FIRST BANCORP PUERTO RICO,COMMON STOCK,318672706,358846,50684485,SH,,DFND,1234,50684485,0,0
55,FIVE STAR QUALITY CARE INC,CV SR UNSECD NT,33832DAB2,5322,5300000,PRN,,DFND,1234,5300000,0,0
56,FOREST CITY ENTERPRISES,CV SR UNSEC NT PNC,345550AP2,73345,65171000,PRN,,DFND,1234,65171000,0,0
57,FURNITURE BRANDS INTL INC,COMMON STOCK,360921209,1486,371428,SH,,DFND,1234,371428,0,0
58,GENCO SHIPPING & TRADING LTD,COMMON STOCK,Y2685T107,2465,1512532,SH,,DFND,1234,1512532,0,0
59,GENERAL CABLE CORP,CV SR UNSEC NT,369300AD0,11511,11495000,PRN,,DFND,1234,11495000,0,0
60,GENESEE & WYOMING INC,5% CV MAND PFD EQUITY UNITS,371559204,51253,427500,SH,,DFND,1234,427500,0,0
61,GETTY REALTY CORP,COMMON STOCK REIT,374297109,29369,1422221,SH,,DFND,1234,1422221,0,0
62,GLOBALSTAR INC,CV SR UNSEC NT (5.75% CASH/ 2.25% PIK),378973AD3,2027,2116000,PRN,,DFND,1234,2116000,0,0
63,GOLDCORP INC,CV SR UNSEC NT,380956AB8,7059,6968000,PRN,,DFND,1234,6968000,0,0
64,Goldcorp Inc,Goldcorp Inc,380956409,3423,138410,SH,,DFND,1234,138410,0,0
65,GOLDEN STAR RESOURCES,CV SR UNSEC NT,38119TAE4,3348,5000000,PRN,,DFND,1234,5000000,0,0
66,GOODRICH PETROLEUM CORP,CV SR UNSEC NT,382410AC2,12124,12104000,PRN,,DFND,1234,12104000,0,0
67,GREEN PLAINS RENEWABLE ENERGY,CV SR UNSEC NT PNC,393222AB0,2302,2000000,PRN,,DFND,1234,2000000,0,0
68,GREENBRIER COS INC,CV SR UNSEC NT,393657AH4,11647,11250000,PRN,,DFND,1234,11250000,0,0
69,GROUP 1 AUTOMOTIVE INC,CV SR UNSEC NT (PNC),398905AE9,45890,38202000,PRN,,DFND,1234,38202000,0,0
70,Grupo Financiero Santander Mex,Grupo Financiero Santander Mex,40053C105,4274,300800,SH,,DFND,1234,300800,0,0
71,GRUPO TELEVISA SA DE SPN ADR REPORD,GRUPO TELEVISA SA DE SPN ADR REPORD,40049J206,1406,56600,SH,,DFND,1234,56600,0,0
72,GT ADV TECHNOLOGIES INC,CV SR UNSEC NT,36191UAA4,18895,22000000,PRN,,DFND,1234,22000000,0,0
73,HANWHA SOLARONE CO LTD,CV SR UNSEC NT,83415UAB4,16414,19310000,PRN,,DFND,1234,19310000,0,0
74,HAWAIIAN HOLDINGS INC,CV SR UNSEC NT,419879AD3,3424,3117000,PRN,,DFND,1234,3117000,0,0
75,HDFC Bank Ltd. ADR,HDFC Bank Ltd. ADR,40415F101,1532,42267,SH,,DFND,1234,42267,0,0
76,HEADWATERS INC,CV SR SUB NT,42210PAR3,7671,6846000,PRN,,DFND,1234,6846000,0,0
77,HEARTWARE INTERNATIONAL,CV SR UNSEC NT,422368AA8,38286,30625000,PRN,,DFND,1234,30625000,0,0
78,HELIX ENERGY SOLUTIONS,CV SR UNSEC NT CPDI,42330PAG2,52806,41392000,PRN,,DFND,1234,41392000,0,0
79,HOLOGIC INC,CV SR UNSEC NT 2% MULTI-CPN CPDI,436440AC5,46358,46575000,PRN,,DFND,1234,46575000,0,0
80,HOLOGIC INC,CV SR UNSEC NT SER-2010 CPDI,436440AB7,29379,26179000,PRN,,DFND,1234,26179000,0,0
81,HOLOGIC INC,CV SR UNSEC NT MULTI-CPN,436440AG6,9709,9404000,PRN,,DFND,1234,9404000,0,0
82,HOME INNS HTL MNGMT INC,CV SR UNSEC NT,43713WAB3,11083,12474000,PRN,,DFND,1234,12474000,0,0
83,HUTCHINSON TECHNOLOGY,CV SR UNSEC NT,448407AG1,3970,4000000,PRN,,DFND,1234,4000000,0,0
84,ICAHN ENTERPRISES LP,CV SR UNSEC FRN PNC,451102AB3,5023,5000000,PRN,,DFND,1234,5000000,0,0
85,ICONIX BRAND GROUP INC,CV SR SUB NT,451055AE7,17460,15305000,PRN,,DFND,1234,15305000,0,0
86,INSULET CORPORATION,CV SR UNSEC NT PNC,45784PAC5,20016,15199000,PRN,,DFND,1234,15199000,0,0
87,INTEGRA LIFESCIENCES HLD,CV SR UNSEC NT,457985AK5,5630,5733000,PRN,,DFND,1234,5733000,0,0
88,INTEL CORP,CV JR SUB NT CPDI PNC,458140AD2,50529,46225000,PRN,,DFND,1234,46225000,0,0
89,INTEL CORP,CV JR SUB NT PNC CPDI,458140AF7,42188,33000000,PRN,,DFND,1234,33000000,0,0
90,INTERMUNE INC,CV SR UNSEC NT PNC,45884XAE3,8306,9992000,PRN,,DFND,1234,9992000,0,0
91,INTEROIL CORP,CV SR UNSEC NT PNC,460951AC0,6176,6400000,PRN,,DFND,1234,6400000,0,0
92,Itau Unibanco Holding SA,Itau Unibanco Holding SA,465562106,1454,112569,SH,,DFND,1234,112569,0,0
93,JAKKS PACIFIC INC,CV SR UNSEC NT,47012EAD8,4892,4750000,PRN,,DFND,1234,4750000,0,0
94,JEFFERIES GROUP LLC,CV SR UNSEC NT PNC,472319AG7,4527,4236000,PRN,,DFND,1234,4236000,0,0
95,JINKOSOLAR HOLDING CO LT,CV SR UNSEC NT 144A,47759TAA8,8386,12153000,PRN,,DFND,1234,12153000,0,0
96,KB HOME,CV SR UNSEC NT,48666KAS8,31098,29500000,PRN,,DFND,1234,29500000,0,0
97,KNIGHT CAPITAL GROUP INC,CV SR SUB NT,499005AE6,14700,14659000,PRN,,DFND,1234,14659000,0,0
98,LAM RESEARCH CORP,CV SR UNSEC NT,512807AJ7,56230,53200000,PRN,,DFND,1234,53200000,0,0
99,LEAP WIRELESS INTL INC,CV SR UNSEC NT,521863AL4,10516,10386000,PRN,,DFND,1234,10386000,0,0
100,LEVEL 3 COMMUNICATIONS INC,COMMON STOCK NEW,52729N308,21080,1000000,SH,,DFND,1234,1000000,0,0
101,MANNKIND CORP,CV SR UNSEC NT,56400PAA0,7042,7378000,PRN,,DFND,1234,7378000,0,0
102,MCMORAN EXPLORATION CO,CV SR UNSEC NT PNC,582411AM6,1811,1750000,PRN,,DFND,1234,1750000,0,0
103,MENTOR GRAPHICS CORP,CV SUB UNSEC NT,587200AK2,53316,43806000,PRN,,DFND,1234,43806000,0,0
104,MERITAGE HOMES CORP,CV SR UNSEC NT,59001AAR3,32459,29650000,PRN,,DFND,1234,29650000,0,0
105,MERITOR INC,CV SR UNSEC STEP CPN NT,043353AH4,16881,18878000,PRN,,DFND,1234,18878000,0,0
106,MGIC INVESTMENT CORP,CV SR UNSEC NT,552848AE3,44962,39500000,PRN,,DFND,1234,39500000,0,0
107,MGIC INVESTMENT CORP,COMMON STOCK,552848103,72840,12000000,SH,,DFND,1234,12000000,0,0
108,MGIC INVESTMENT CORP,CV SR UNSEC NT,552848AD5,11266,10935000,PRN,,DFND,1234,10935000,0,0
109,MGM RESORTS INTL,CV SR UNSEC NT,55303QAE0,102644,91865000,PRN,,DFND,1234,91865000,0,0
110,Mobile Telesystems OJSC,Mobile Telesystems OJSC,607409109,1075,56753,SH,,DFND,1234,56753,0,0
111,MOLYCORP INC,CV SR UNSEC NT PNC,608753AF6,5881,7800000,PRN,,DFND,1234,7800000,0,0
112,MORGANS HOTEL GROUP CO,CV SR SUB NT,61748WAB4,10081,10177000,PRN,,DFND,1234,10177000,0,0
113,NAVISTAR INTL CORP,CV SR SUB NT,63934EAL2,12219,12550000,PRN,,DFND,1234,12550000,0,0
114,NEWMONT MINING CORP,CV SR UNSEC NT SER-B,651639AJ5,16497,15400000,PRN,,DFND,1234,15400000,0,0
115,NOVAGOLD RESOURCES INC,CV SR UNSEC NT,66987EAA5,6362,6350000,PRN,,DFND,1234,6350000,0,0
116,NRG ENERGY INC,COMMON STOCK,629377508,35378,1325000,SH,,DFND,1234,1325000,0,0
117,NUVASIVE INC,CV SR UNSEC NT,670704AC9,13343,13500000,PRN,,DFND,1234,13500000,0,0
118,NY COMMUNITY CAP TRUST V,6% CV PFD (BONUSES) PNC,64944P307,7200,150000,SH,,DFND,1234,150000,0,0
119,OLD REPUBLIC INTL CORP,CV SR UNSEC NT,680223AH7,29575,26023000,PRN,,DFND,1234,26023000,0,0
120,OMNICARE INC,CV SR SUB NT CPDI PNC,681904AP3,91574,73560000,PRN,,DFND,1234,73560000,0,0
121,OMNICARE INC,CV SR UNSEC NT SER-OCR CPDI,681904AL2,10498,10154000,PRN,,DFND,1234,10154000,0,0
122,ON SEMICONDUCTOR CORP,CV SR SUB NT SER-B,682189AH8,68079,58945000,PRN,,DFND,1234,58945000,0,0
123,ORBOTECH LTD,COMMON STOCK,M75253100,17416,1400000,SH,,DFND,1234,1400000,0,0
124,PETROLEO BRASILEIRO SA SPONSORED ADR,PETROLEO BRASILEIRO SA SPONSORED ADR,71654V408,8017,597830,SH,,DFND,1234,597830,0,0
125,PHOTRONICS INC,CV SR UNSEC NT,719405AH5,35914,32758000,PRN,,DFND,1234,32758000,0,0
126,Posco,Posco,693483109,964,14809,SH,,DFND,1234,14809,0,0
127,PREFORMED LINE PRODUCTS CO,COMMON STOCK,740444104,6975,105181,SH,,DFND,1234,105181,0,0
128,PRICELINE.COM INC,CV SR UNSEC NT,741503AQ9,23079,19825000,PRN,,DFND,1234,19825000,0,0
129,PROSPECT CAPITAL CORP,CV SR UNSEC NT,74348TAD4,11900,11272000,PRN,,DFND,1234,11272000,0,0
130,PROSPECT CAPITAL CORP,CV SR UNSEC NT,74348TAK8,3112,3000000,PRN,,DFND,1234,3000000,0,0
131,PROVIDENCE SERVICE CORP,CV SR SUB NT,743815AB8,14851,13882000,PRN,,DFND,1234,13882000,0,0
132,PULSE ELECTRONICS CORP,COMMON STOCK,74586W205,10073,3844659,SH,,DFND,1234,3844659,0,0
133,RADIAN GROUP INC,CV SR UNSEC NT PNC,750236AN1,24259,18750000,PRN,,DFND,1234,18750000,0,0
134,REDWOOD TRUST INC,CV SR UNSEC NT REIT,758075AB1,41950,42250000,PRN,,DFND,1234,42250000,0,0
135,RF MICRO DEVICES INC,CV SUB NT,749941AJ9,4050,4000000,PRN,,DFND,1234,4000000,0,0
136,RTI INTERNATIONAL METALS,CV SR UNSEC NT,74973WAB3,38935,41100000,PRN,,DFND,1234,41100000,0,0
137,RTI INTERNATIONAL METALS,CV SR UNSEC NT,74973WAA5,38807,35475000,PRN,,DFND,1234,35475000,0,0
138,RYLAND GROUP,CV SR UNSEC NT PNC,783764AS2,19101,21000000,PRN,,DFND,1234,21000000,0,0
139,SAFEWAY INC,COMMON STOCK,786514208,11830,500000,SH,,DFND,1234,500000,0,0
140,SALIX PHARMACEUTICALS LTD,CV SR UNSEC NT,795435AE6,136105,113465000,PRN,,DFND,1234,99999999,0,0
141,SANDISK CORP,CV SR UNSEC NT,80004CAD3,92441,68930000,PRN,,DFND,1234,68930000,0,0
142,Sociedad Quimica y Minera de Chi,Sociedad Quimica y Minera de Chi,833635105,902,22325,SH,,DFND,1234,22325,0,0
143,STARWOOD PROPERTY TRUST,CV SR UNSEC NT REIT,85571BAA3,20651,20000000,PRN,,DFND,1234,20000000,0,0
144,STERLITE INDUSTRIES LTD,CV SR UNSEC NT PNC,859737AB4,19021,19586000,PRN,,DFND,1234,19586000,0,0
145,STILLWATER MINING COMPANY,CV SR UNSEC NT,86074QAL6,20271,19432000,PRN,,DFND,1234,19432000,0,0
146,STONE ENERGY CORP,CV SR UNSEC NT,861642AN6,16255,17491000,PRN,,DFND,1234,17491000,0,0
147,TAIWAN SEMICONDUCTOR SPONSORED ADR,TAIWAN SEMICONDUCTOR SPONSORED ADR,874039100,1916,104598,SH,,DFND,1234,104598,0,0
148,TAKE-TWO INTERACTIVE SOFTWARE,CV SR UNSEC NT,874054AC3,33005,29828000,PRN,,DFND,1234,29828000,0,0
149,TAKE-TWO INTERACTIVE SOFTWARE,CV SR UNSEC NT,874054AD1,24394,25000000,PRN,,DFND,1234,25000000,0,0
150,Tata Motors,Tata Motors,876568502,6441,274800,SH,,DFND,1234,274800,0,0
151,TELEF BRASIL,TELEF BRASIL,87936R106,6520,285700,SH,,DFND,1234,285700,0,0
152,TESLA MOTORS INC,CV SR UNSEC NT,88160RAA9,111722,98400000,PRN,,DFND,1234,98400000,0,0
153,TITAN MACHINERY INC,CV SR UNSEC NT,88830RAB7,10157,10784000,PRN,,DFND,1234,10784000,0,0
154,TMS INTERNATIONAL CORP-A,COMMON STOCK,87261Q103,20501,1382425,SH,,DFND,1234,1382425,0,0
155,TOWER GROUP INTL LTD,CV SR UNSEC NT,891777AC8,12920,11949000,PRN,,DFND,1234,11949000,0,0
156,TTM TECHNOLOGIES,CV SR UNSEC NT,87305RAC3,16743,16643000,PRN,,DFND,1234,16643000,0,0
157,TURKCELL ILETISIM HIZM SPONSORED ADR,TURKCELL ILETISIM HIZM SPONSORED ADR,900111204,915,63696,SH,,DFND,1234,63696,0,0
158,UNITED TECHNOLOGIES CORP,7.50% CV MAND PFD EQUITY UNITS,913017117,39471,664950,SH,,DFND,1234,664950,0,0
159,US STEEL CORP,CV SR UNSEC NT PNC,912909AH1,31862,32100000,PRN,,DFND,1234,32100000,0,0
160,US STEEL CORP,CV SR UNSEC NT,912909AE8,12345,12000000,PRN,,DFND,1234,12000000,0,0
161,Vale S.A. PFD,Vale S.A. PFD,91912E204,10282,845600,SH,,DFND,1234,845600,0,0
162,VECTOR GROUP LTD,CV SR UNSEC VARIABLE NT CPDI,92240MAY4,25560,21185000,PRN,,DFND,1234,21185000,0,0
163,VISHAY INTERTECHNOLOGY INC,COMMON STOCK,928298108,38198,2750000,SH,,DFND,1234,2750000,0,0
164,WABASH NATIONAL CORP,CV SR UNSEC NT,929566AH0,27209,21980000,PRN,,DFND,1234,21980000,0,0
165,WALTER INVESTMENT MGMT,CV SR SUB NT,93317WAA0,37139,36505000,PRN,,DFND,1234,36505000,0,0
166,WEBMD HEALTH CORP,CV SR UNSEC NT,94770VAF9,16825,18074000,PRN,,DFND,1234,18074000,0,0
167,WSP HOLDINGS LTD-ADR,COMMON STOCK,92934F203,4353,1408800,SH,,DFND,1234,1408800,0,0
168,XPO LOGISTICS INC,CV SR UNSEC NT PNC,983793AA8,28953,23440000,PRN,,DFND,1234,23440000,0,0
169,YRC WORLDWIDE INC,CV SEC 2ND LIEN 10% PIK NT SER-A,984249AB8,10657,10500000,PRN,,DFND,1234,10500000,0,0
