,NAME OF ISSUER,TITLE OF CLASS,CUSIP,(x$1000),PRN AMT,PRN,CALL,DISCRETION,MANAGER,SOLE,SHARED,NONE
0,ACORDA THERAPEUTICS INC,CV SR UNSEC NT PNC,00484MAA4,6088,7114000,PRN,,DFND,1234,7114000,0,0
1,AIR TRANSPORT SERVICES GROUP INC,CV SR UNSEC NT,00922RAB1,3465,3385000,PRN,,DFND,1234,3385000,0,0
2,AK STEEL CORP,CV SR UNSEC NT,001546AP5,3967,3950000,PRN,,DFND,1234,3950000,0,0
3,AKAMAI TECHNOLOGIES INC,CV SR UNSEC NT,00971TAJ0,5501,5125000,PRN,,DFND,1234,5125000,0,0
4,ALLY FINANCIAL INC,COMMON STOCK,02005N100,339140,10943541,SH,,DFND,1234,10943541,0,0
5,ALTABA INC,COMMON STOCK,021346101,16783,241933,SH,,DFND,1234,241933,0,0
6,AMAG PHARMACEUTICALS INC,CV SR UNSEC NT,00163UAD8,1263,1575000,PRN,,DFND,1234,1575000,0,0
7,AMERICAN ELECTRIC POWER CO INC,6.125% CV PFD,025537127,511,9550,SH,,DFND,1234,9550,0,0
8,ANGLOGOLD ASHANTI-SPON ADR,ADR,035128206,53399,2998204,SH,,DFND,1234,2998204,0,0
9,APOLLO COMMERCIAL REAL ESTATE FINANCE INC,CV SR UNSEC NT,03762UAB1,6687,6669000,PRN,,DFND,1234,6669000,0,0
10,ARES CAPITAL CORP,CV SR UNSEC NT,04010LAW3,3612,3499000,PRN,,DFND,1234,3499000,0,0
11,ASSERTIO THERAPEUTICS INC,CV SR UNSEC NT PNC,249908AA2,19126,26583000,PRN,,DFND,1234,26583000,0,0
12,ATLAS AIR WORLDWIDE HOLDINGS INC,CV SR UNSEC NT,049164BH8,5709,5750000,PRN,,DFND,1234,5750000,0,0
13,AZUL SA-ADR,ADR,05501U106,50718,1516668,SH,,DFND,1234,1516668,0,0
14,BANK OF AMERICA CORP,7.250000% CV PFD PERPETUAL PNC,060505682,2688,1960,SH,,DFND,1234,1960,0,0
15,BECTON DICKINSON AND CO,6.125% CV PFD,075887208,3161,51050,SH,,DFND,1234,51050,0,0
16,BEIGENE LTD-ADR,ADR,07725L102,3310,26700,SH,,DFND,1234,26700,0,0
17,BEL FUSE INC,COMMON STOCK,077347201,1092,71613,SH,,DFND,1234,71613,0,0
18,BEL FUSE INC,COMMON STOCK,077347300,3006,175060,SH,,DFND,1234,175060,0,0
19,BERRY PETROLEUM CORP,COMMON STOCK,08579X101,136653,12891717,SH,,DFND,1234,12891717,0,0
20,BLACKROCK CAPITAL INVESTMENT CORP,CV SR UNSEC NT,092533AC2,11673,11630000,PRN,,DFND,1234,11630000,0,0
21,BLACKROCK TCP CAPITAL CORP,CV SR UNSEC NT,87238QAB9,8829,8733000,PRN,,DFND,1234,8733000,0,0
22,BLACKSTONE MORTGAGE TRUST INC,CV SR UNSEC NT,09257WAB6,1995,1905000,PRN,,DFND,1234,1905000,0,0
23,BONANZA CREEK ENERGY INC,COMMON STOCK,097793400,33125,1586383,SH,,DFND,1234,1586383,0,0
24,BOOKING HOLDINGS INC,CV SR UNSEC NT,741503AX4,4012,3500000,PRN,,DFND,1234,3500000,0,0
25,BRF SA-ADR,ADR,10552T107,42544,5597803,SH,,DFND,1234,5597803,0,0
26,CAESARS ENTERTAINMENT CORP,COMMON STOCK,127686103,180255,15250000,SH,,DFND,1234,15250000,0,0
27,CALAMP CORP,CV SR UNSEC NT,128126AB5,3752,3844000,PRN,,DFND,1234,3844000,0,0
28,CAPITAL PRODUCT PARTNERS LP,COMMON STOCK,Y11082206,338,32142,SH,,DFND,1234,32142,0,0
29,CARDTRONICS INC,CV SR UNSEC NT,14161HAG3,24500,25174000,PRN,,DFND,1234,25174000,0,0
30,CEMEX SAB DE CV,COMMON STOCK ADR,151290889,3435,810000,SH,,DFND,1234,810000,0,0
31,CEMEX SAB DE CV,CV SUB NT,151290BR3,8338,8335000,PRN,,DFND,1234,8335000,0,0
32,CEMEX SAB DE CV,CV SUB NT,151290BT9,6805,6805000,PRN,,DFND,1234,6805000,0,0
33,CEMEX SAB-SPONS ADR PART CER,ADR,151290889,27023,6373331,SH,,DFND,1234,6373331,0,0
34,CENTURY COMMUNITIES INC,COMMON STOCK,156504300,48349,1819003,SH,,DFND,1234,1819003,0,0
35,CHENIERE ENERGY INC,CV SR UNSEC NT PNC,16411RAG4,666,845000,PRN,,DFND,1234,845000,0,0
36,CIMAREX ENERGY CO,COMMON STOCK,171798101,24665,415735,SH,,DFND,1234,415735,0,0
37,CLEAR CHANNEL OUTDOOR HOLDINGS INC,COMMON STOCK,18453H106,7938,1681898,SH,,DFND,1234,1681898,0,0
38,CLOVIS ONCOLOGY INC,CV SR UNSEC NT PNC,189464AB6,5634,6315000,PRN,,DFND,1234,6315000,0,0
39,CNOOC LTD-SPON ADR,ADR,126132109,59112,346997,SH,,DFND,1234,346997,0,0
40,COLONY CAPITAL INC,CV SR UNSEC NT REIT PNC,19624RAB2,27691,28328000,PRN,,DFND,1234,28328000,0,0
41,CONTURA ENERGY INC,COMMON STOCK,21241B100,5191,100000,SH,,DFND,1234,100000,0,0
42,CROWN CASTLE INTERNATIONAL CORP,6.875% CV PFD,22822V309,2887,2402,SH,,DFND,1234,2402,0,0
43,CSG SYSTEMS INTERNATIONAL INC,CV SR UNSEC NT PNC,126349AF6,2223,2000000,PRN,,DFND,1234,2000000,0,0
44,CTRIP.COM INTERNATIONAL LTD,CV SR UNSEC NT (SERIES: C),22943FAF7,1137,1150000,PRN,,DFND,1234,1150000,0,0
45,CTRIP.COM INTERNATIONAL LTD,CV SR UNSEC NT,22943FAM2,15353,15416000,PRN,,DFND,1234,15416000,0,0
46,CYPRESS SEMICONDUCTOR CORP,CV SR UNSEC NT,232806AM1,424,252000,PRN,,DFND,1234,252000,0,0
47,DANAHER CORP,4.75% CV PFD,235851300,3237,2930,SH,,DFND,1234,2930,0,0
48,DERMIRA INC,CV SR UNSEC NT,24983LAB0,5521,6380000,PRN,,DFND,1234,6380000,0,0
49,DHT HOLDINGS INC,CV SR UNSEC NT PNC,23335SAB2,2068,1973000,PRN,,DFND,1234,1973000,0,0
50,DIAMOND S SHIPPING INC,COMMON STOCK,Y20676105,282,22076,SH,,DFND,1234,22076,0,0
51,DISH NETWORK CORP,CV SR UNSEC NT,25470MAB5,32734,33584000,PRN,,DFND,1234,33584000,0,0
52,DISH NETWORK CORP,CV SR UNSEC NT,25470MAD1,26046,28081000,PRN,,DFND,1234,28081000,0,0
53,DTE ENERGY CO,6.5% CV PFD,233331883,1534,27300,SH,,DFND,1234,27300,0,0
54,DYCOM INDUSTRIES INC,CV SR UNSEC NT,267475AB7,17229,17576000,PRN,,DFND,1234,17576000,0,0
55,EAGLE BULK SHIPPING INC,COMMON STOCK,Y2187A143,141658,27034083,SH,,DFND,1234,27034083,0,0
56,ECHO GLOBAL LOGISTICS INC,CV SR UNSEC NT,27875TAA9,16715,16810000,PRN,,DFND,1234,16810000,0,0
57,ENCORE CAPITAL GROUP INC,CV SR UNSEC NT,292554AH5,19348,20353000,PRN,,DFND,1234,20353000,0,0
58,ENVESTNET INC,CV SR UNSEC NT PNC,29404KAB2,2706,2265000,PRN,,DFND,1234,2265000,0,0
59,EURONAV NV,COMMON STOCK,B38564108,76532,8107246,SH,,DFND,1234,8107246,0,0
60,EXACT SCIENCES CORP,CV SR UNSEC NT,30063PAB1,5056,3992000,PRN,,DFND,1234,3992000,0,0
61,EXANTAS CAPITAL CORP,CV SR UNSEC NT,76120WAC8,72815,71093000,PRN,,DFND,1234,71093000,0,0
62,EXTRACTION OIL & GAS INC,COMMON STOCK,30227M105,749,172787,SH,,DFND,1234,172787,0,0
63,FARMLAND PARTNERS INC,COMMON STOCK REIT,31154R109,1410,200000,SH,,DFND,1234,200000,0,0
64,FIREEYE INC,CV SR UNSEC NT,31816QAB7,4206,4314000,PRN,,DFND,1234,4314000,0,0
65,FLEXION THERAPEUTICS INC,CV SR UNSEC NT PNC,33938JAB2,3012,3449000,PRN,,DFND,1234,3449000,0,0
66,FORESTAR GROUP INC,CV SR UNSEC NT,346232AB7,17083,17060000,PRN,,DFND,1234,17060000,0,0
67,GCI LIBERTY INC,COMMON STOCK,36164V305,9219,150000,SH,,DFND,1234,150000,0,0
68,GNC HOLDINGS INC,CV SR UNSEC NT,36191GAB3,3150,3694000,PRN,,DFND,1234,3694000,0,0
69,GOLAR LNG LTD,CV SR UNSEC NT,38046YAB7,13483,14555000,PRN,,DFND,1234,14555000,0,0
70,GOLDMAN SACHS BDC INC,CV SR UNSEC NT,38147UAB3,11603,11520000,PRN,,DFND,1234,11520000,0,0
71,GOPRO INC,CV SR UNSEC NT,38268TAB9,1523,1535000,PRN,,DFND,1234,1535000,0,0
72,GREEN PLAINS INC,CV SR UNSEC NT PNC,393222AF1,15249,17636000,PRN,,DFND,1234,17636000,0,0
73,GRUPO TELEVISA SAB,COMMON STOCK ADR,40049J206,3250,385000,SH,,DFND,1234,385000,0,0
74,GUIDEWIRE SOFTWARE INC,CV SR UNSEC NT PNC,40171VAA8,3381,3000000,PRN,,DFND,1234,3000000,0,0
75,HANNON ARMSTRONG SUSTAINABLE INFRASTRUCTURE CAPITAL INC,CV SR UNSEC NT,41068XAB6,3132,2845000,PRN,,DFND,1234,2845000,0,0
76,HCI GROUP INC,CV SR UNSEC NT,40416EAD5,3806,3862000,PRN,,DFND,1234,3862000,0,0
77,HELIX ENERGY SOLUTIONS GROUP INC,CV SR UNSEC NT PNC,42330PAH0,9420,9340000,PRN,,DFND,1234,9340000,0,0
78,HERCULES CAPITAL INC,CV SR UNSEC NT,427096AF9,11540,11507000,PRN,,DFND,1234,11507000,0,0
79,HOPE BANCORP INC,CV SR UNSEC NT,43940TAB5,21063,23000000,PRN,,DFND,1234,23000000,0,0
80,HORIZON PHARMA INVESTMENT LTD,CV SR UNSEC NT PNC,44052TAB7,2584,2325000,PRN,,DFND,1234,2325000,0,0
81,HURON CONSULTING GROUP INC,CV SR UNSEC NT,447462AB8,23672,23784000,PRN,,DFND,1234,23784000,0,0
82,HUYA INC-ADR,ADR,44852D108,13346,540100,SH,,DFND,1234,540100,0,0
83,ICICI BANK LTD-SPON ADR,ADR,45104G104,108728,8635910,SH,,DFND,1234,8635910,0,0
84,ILLUMINA INC,CV SR UNSEC NT,452327AH2,5571,3600000,PRN,,DFND,1234,3600000,0,0
85,INFINERA CORP,COMMON STOCK,45667G103,61038,20975384,SH,,DFND,1234,20975384,0,0
86,INFOSYS LTD-SP ADR,ADR,456788108,39301,3672938,SH,,DFND,1234,3672938,0,0
87,INFRASTRUCTURE AND ENERGY ALTERNATIVES INC,COMMON STOCK,45686J104,39,18926,SH,,DFND,1234,18926,0,0
88,INPHI CORP,CV SR UNSEC NT,45772FAB3,2825,2100000,PRN,,DFND,1234,2100000,0,0
89,INSMED INC,CV SR UNSEC NT PNC,457669AA7,3778,3875000,PRN,,DFND,1234,3875000,0,0
90,INSULET CORP,CV SR UNSEC NT PNC,45784PAH4,1607,1128000,PRN,,DFND,1234,1128000,0,0
91,INTERCEPT PHARMACEUTICALS INC,CV SR UNSEC NT PNC,45845PAA6,5342,5959000,PRN,,DFND,1234,5959000,0,0
92,INVACARE CORP,CV SR UNSEC NT,461203AF8,1426,1745000,PRN,,DFND,1234,1745000,0,0
93,INVITATION HOMES (IH MERGER SUB LLC),CV SR UNSEC NT,19625XAB8,2732,2236000,PRN,,DFND,1234,2236000,0,0
94,IONIS PHARMACEUTICALS INC,CV SR UNSEC NT,464337AJ3,2828,2386000,PRN,,DFND,1234,2386000,0,0
95,IRONWOOD PHARMACEUTICALS INC,CV SR UNSEC NT,46333XAD0,1071,1000000,PRN,,DFND,1234,1000000,0,0
96,ISHARES MSCI INDIA ETF,ETP,46429B598,2114,59800,SH,,DFND,1234,59800,0,0
97,ITAU UNIBANCO H-SPON PRF ADR,ADR,465562106,112323,11923666,SH,,DFND,1234,11923666,0,0
98,J2 GLOBAL INC,CV SR UNSEC NT CPDI,48123VAC6,4063,2910000,PRN,,DFND,1234,2910000,0,0
99,JAZZ INVESTMENTS I LTD,CV SR UNSEC NT PNC,472145AB7,2236,2190000,PRN,,DFND,1234,2190000,0,0
100,KKR REAL ESTATE FINANCE TRUST INC,CV SR UNSEC NT,48251KAB6,20137,19385000,PRN,,DFND,1234,19385000,0,0
101,LAM RESEARCH CORP,COMMON STOCK,512807108,18784,100000,SH,Put,DFND,1234,100000,0,0
102,LIBERTY MEDIA CORP-LIBERTY BRAVES,COMMON STOCK,531229888,5113,182800,SH,,DFND,1234,182800,0,0
103,LIBERTY MEDIA CORP-LIBERTY FORMULA ONE,CV SR UNSEC NT (LMCK/FWONK),531229AF9,2976,2522000,PRN,,DFND,1234,2522000,0,0
104,LIGAND PHARMACEUTICALS INC,CV SR UNSEC NT,53220KAF5,17013,19648000,PRN,,DFND,1234,19648000,0,0
105,LIVE NATION ENTERTAINMENT INC,CV SR UNSEC NT,538034AQ2,1335,1125000,PRN,,DFND,1234,1125000,0,0
106,LOMA NEGRA CIA INDUSTRIAL ARGENTINA SA,COMMON STOCK ADR,54150E104,1252,107000,SH,,DFND,1234,107000,0,0
107,LUMENTUM HOLDINGS INC,CV SR UNSEC NT,55024UAB5,1882,1596000,PRN,,DFND,1234,1596000,0,0
108,MACQUARIE INFRASTRUCTURE CORP,CV SR UNSEC NT,55608BAB1,22724,25711000,PRN,,DFND,1234,25711000,0,0
109,MAGNACHIP SEMICONDUCTOR CORP,COMMON STOCK,55933J203,33638,3250000,SH,,DFND,1234,3250000,0,0
110,MEDICINES CO/THE,CV SR UNSEC NT PNC,584688AG0,3549,3530000,PRN,,DFND,1234,3530000,0,0
111,MERITOR INC,CV SR UNSEC NT,59001KAF7,2712,2595000,PRN,,DFND,1234,2595000,0,0
112,MGIC INVESTMENT CORP,COMMON STOCK,552848103,29171,2220000,SH,,DFND,1234,2220000,0,0
113,MICROCHIP TECHNOLOGY INC,CV SR SUB NT,595017AF1,11294,9567000,PRN,,DFND,1234,9567000,0,0
114,MICRON TECHNOLOGY INC,COMMON STOCK,595112103,57885,1500000,SH,Put,DFND,1234,1500000,0,0
115,MIDSTATES PETROLEUM CO INC,COMMON STOCK,59804T407,821,139473,SH,,DFND,1234,139473,0,0
116,MOBILE TELESYSTEMS PJSC,COMMON STOCK ADR,607409109,2779,298500,SH,,DFND,1234,298500,0,0
117,MR COOPER GROUP INC,COMMON STOCK,62482R107,15440,1927544,SH,,DFND,1234,1927544,0,0
118,NEUROCRINE BIOSCIENCES INC,CV SR UNSEC NT PNC,64125CAD1,3952,3000000,PRN,,DFND,1234,3000000,0,0
119,NEVRO CORP,CV SR UNSEC NT,64157FAA1,8721,8429000,PRN,,DFND,1234,8429000,0,0
120,NEW MOUNTAIN FINANCE CORP,CV SR UNSEC NT,647551AC4,4698,4545000,PRN,,DFND,1234,4545000,0,0
121,NEW YORK MORTGAGE TRUST INC,CV SR UNSEC NT,649604AD7,16611,16504000,PRN,,DFND,1234,16504000,0,0
122,NEXTERA ENERGY INC,6.123% CV PFD,65339F820,1557,23980,SH,,DFND,1234,23980,0,0
123,NMI HOLDINGS INC,COMMON STOCK,629209305,141266,4975911,SH,,DFND,1234,4975911,0,0
124,NRG ENERGY INC,CV SR UNSEC NT,629377CG5,1531,1430000,PRN,,DFND,1234,1430000,0,0
125,NUANCE COMMUNICATIONS INC,CV SR UNSEC NT,67020YAF7,6019,6318000,PRN,,DFND,1234,6318000,0,0
126,NUVASIVE INC,CV SR UNSEC NT PNC,670704AG0,2373,2085000,PRN,,DFND,1234,2085000,0,0
127,NXP SEMICONDUCTORS NV,CV SR UNSEC NT,62952QAB6,3616,3424000,PRN,,DFND,1234,3424000,0,0
128,OAKTREE SPECIALTY LENDING CORP,COMMON STOCK,67401P108,1496,276000,SH,,DFND,1234,276000,0,0
129,OAKTREE STRATEGIC INCOME CORP,COMMON STOCK,67402D104,3328,392000,SH,,DFND,1234,392000,0,0
130,OI SA,COMMON STOCK ADR,670851500,4425,2201646,SH,,DFND,1234,2201646,0,0
131,ON SEMICONDUCTOR CORP,CV SR UNSEC NT,682189AK1,3532,2870000,PRN,,DFND,1234,2870000,0,0
132,OSI SYSTEMS INC,CV SR UNSEC NT PNC,671044AD7,3391,2855000,PRN,,DFND,1234,2855000,0,0
133,PAMPA ENERGIA SA,COMMON STOCK ADR,697660207,18306,528000,SH,,DFND,1234,528000,0,0
134,PATRICK INDUSTRIES INC,CV SR UNSEC NT,703343AB9,14174,15547000,PRN,,DFND,1234,15547000,0,0
135,PATTERN ENERGY GROUP INC,CV SR UNSEC NT,70338PAB6,21836,21567000,PRN,,DFND,1234,21567000,0,0
136,PDC ENERGY INC,CV SR UNSEC NT,69327RAD3,5730,6086000,PRN,,DFND,1234,6086000,0,0
137,PDL BIOPHARMA INC,CV SR UNSEC NT,69329YAG9,964,914000,PRN,,DFND,1234,914000,0,0
138,PENN VIRGINIA CORP,COMMON STOCK,70788V102,7639,248979,SH,,DFND,1234,248979,0,0
139,PENNYMAC CORP,CV SR UNSEC NT REIT,70932AAB9,26497,26125000,PRN,,DFND,1234,26125000,0,0
140,PETROLEO BRASILEIRO-SPON ADR,ADR,71654V408,34268,2200848,SH,,DFND,1234,2200848,0,0
141,PETROLEO BRASIL-SP PREF ADR,ADR,71654V101,79349,5587814,SH,,DFND,1234,5587814,0,0
142,PG&E CORP,COMMON STOCK,69331C108,27848,1215000,SH,,DFND,1234,1215000,0,0
143,PRA GROUP INC,CV SR UNSEC NT,73640QAB1,26067,26192000,PRN,,DFND,1234,26192000,0,0
144,PRETIUM RESOURCES INC,CV SR SUB NT PNC,74139CAB8,1366,1395000,PRN,,DFND,1234,1395000,0,0
145,PTC THERAPEUTICS INC,CV SR UNSEC NT PNC,69366JAB7,2219,2000000,PRN,,DFND,1234,2000000,0,0
146,QIAGEN NV,CV SR UNSEC NT REG S,N72482AT4,13121,11800000,PRN,,DFND,1234,11800000,0,0
147,QTS REALTY TRUST INC,6.500000% CV PFD PERPETUAL PNC,74736A301,1860,16790,SH,,DFND,1234,16790,0,0
148,RADIUS HEALTH INC,CV SR UNSEC NT PNC,750469AA6,10399,11460000,PRN,,DFND,1234,11460000,0,0
149,REDFIN CORP,CV SR UNSEC NT PNC,75737FAA6,5488,5901000,PRN,,DFND,1234,5901000,0,0
150,REDWOOD TRUST INC,CV SR UNSEC NT,749772AB5,18735,18577000,PRN,,DFND,1234,18577000,0,0
151,SANDRIDGE ENERGY INC,COMMON STOCK,80007P869,934,135000,SH,,DFND,1234,135000,0,0
152,SAREPTA THERAPEUTICS INC,CV SR UNSEC NT,803607AB6,691,310000,PRN,,DFND,1234,310000,0,0
153,SCORPIO TANKERS INC,CV SR UNSEC NT,80918TAB5,3001,2875000,PRN,,DFND,1234,2875000,0,0
154,SEACOR HOLDINGS INC,CV SR UNSEC NT CPDI,81170YAB5,15322,15468000,PRN,,DFND,1234,15468000,0,0
155,SEMPRA ENERGY,6.75% CV PFD,816851505,1593,14350,SH,,DFND,1234,14350,0,0
156,SHIP FINANCE INTERNATIONAL LTD,CV SR UNSEC NT,G81075AF3,22302,21993000,PRN,,DFND,1234,21993000,0,0
157,SIGA TECHNOLOGIES INC,COMMON STOCK,826917106,908,159782,SH,,DFND,1234,159782,0,0
158,SILICON LABORATORIES INC,CV SR UNSEC NT PNC,826919AB8,2449,1965000,PRN,,DFND,1234,1965000,0,0
159,SM ENERGY CO,CV SR UNSEC NT,78454LAM2,8369,9047000,PRN,,DFND,1234,9047000,0,0
160,SOLARCITY CORP,CV SR UNSEC NT,83416TAC4,26140,27039000,PRN,,DFND,1234,27039000,0,0
161,SPDR S&P 500 ETF TRUST,ETF,78462F103,237330,810000,SH,Put,DFND,1234,810000,0,0
162,SQUARE INC,CV SR UNSEC NT,852234AD5,4793,4000000,PRN,,DFND,1234,4000000,0,0
163,SSR MINING INC,CV SR UNSEC NT PNC,82823LAC0,13760,13744000,PRN,,DFND,1234,13744000,0,0
164,STANLEY BLACK & DECKER INC,5.375% CV PFD,854502887,2862,28300,SH,,DFND,1234,28300,0,0
165,STAR BULK CARRIERS CORP,COMMON STOCK,Y8162K204,361043,37413697,SH,,DFND,1234,37413697,0,0
166,STONEMOR PARTNERS LP,COMMON STOCK,86183Q100,9851,4477857,SH,,DFND,1234,4477857,0,0
167,SUNOPTA INC,COMMON STOCK,8676EP108,26625,8092699,SH,,DFND,1234,8092699,0,0
168,SUNPOWER CORP,CV SR UNSEC NT,867652AL3,2115,2374000,PRN,,DFND,1234,2374000,0,0
169,SUPER MICRO COMPUTER INC,COMMON STOCK,86800U104,46440,2400000,SH,,DFND,1234,2400000,0,0
170,SYNAPTICS INC,CV SR UNSEC NT PNC,87157DAD1,15380,17170000,PRN,,DFND,1234,17170000,0,0
171,TAIWAN SEMICONDUCTOR-SP ADR,ADR,874039100,114362,2919573,SH,,DFND,1234,2919573,0,0
172,TELECOM ARGENTINA SA,COMMON STOCK ADR,879273209,21169,1198000,SH,,DFND,1234,1198000,0,0
173,TESLA INC,CV SR UNSEC NT,88160RAC5,875,920000,PRN,,DFND,1234,920000,0,0
174,TESLA INC,CV SR UNSEC NT,88160RAD3,7901,8000000,PRN,,DFND,1234,8000000,0,0
175,TEVA PHARMACEUTICAL FINANCE CO LLC,CV SR UNSEC NT,88163VAE9,6907,7511000,PRN,,DFND,1234,7511000,0,0
176,TORM PLC,COMMON STOCK,G89479102,413978,47600172,SH,,DFND,1234,47600172,0,0
177,TOWNSQUARE MEDIA INC,COMMON STOCK,892231101,8583,1595224,SH,,DFND,1234,1595224,0,0
178,TPG SPECIALTY LENDING INC,CV SR UNSEC NT,87265KAB8,10765,10686000,PRN,,DFND,1234,10686000,0,0
179,TRANSPORTADORA DE GAS DEL SUR SA,COMMON STOCK ADR,893870204,15082,1043000,SH,,DFND,1234,1043000,0,0
180,TUTOR PERINI CORP,CV SR UNSEC NT PNC,901109AD0,17235,18135000,PRN,,DFND,1234,18135000,0,0
181,TWILIO INC,CV SR UNSEC NT PNC,90138FAB8,824,410000,PRN,,DFND,1234,410000,0,0
182,TWITTER INC,CV SR UNSEC NT,90184LAB8,6659,6680000,PRN,,DFND,1234,6680000,0,0
183,TWITTER INC,CV SR UNSEC NT,90184LAD4,20151,21000000,PRN,,DFND,1234,21000000,0,0
184,TWITTER INC,CV SR UNSEC NT,90184LAF9,5397,5514000,PRN,,DFND,1234,5514000,0,0
185,TWO HARBORS INVESTMENT CORP,CV SR UNSEC NT,90187BAA9,18841,18646000,PRN,,DFND,1234,18646000,0,0
186,ULTRA PETROLEUM CORP,COMMON STOCK,903914208,109,590799,SH,,DFND,1234,590799,0,0
187,US WELL SERVICES INC,WARRANT STRIKE 5.75 EXP 11/09/2023,91274U119,950,1500000,SH,,DFND,1234,1500000,0,0
188,VANECK VECTORS SEMICONDUCTOR ETF,ETF,92189F676,82635,750000,SH,Put,DFND,1234,750000,0,0
189,VEECO INSTRUMENTS INC,CV SR UNSEC NT PNC,922417AD2,14778,16560000,PRN,,DFND,1234,16560000,0,0
190,VEON LTD,COMMON STOCK ADR,91822M106,4700,1678900,SH,,DFND,1234,1678900,0,0
191,VERINT SYSTEMS INC,CV SR UNSEC NT,92343XAA8,2614,2428000,PRN,,DFND,1234,2428000,0,0
192,VERSO CORP,COMMON STOCK,92531L207,25361,1331319,SH,,DFND,1234,1331319,0,0
193,VIAVI SOLUTIONS INC,CV SR UNSEC NT,925550AB1,3904,3315000,PRN,,DFND,1234,3315000,0,0
194,VISTRA ENERGY CORP,COMMON STOCK,92840M102,637347,28151399,SH,,DFND,1234,28151399,0,0
195,VITAMIN SHOPPE INC,CV SR UNSEC NT,92849EAB7,8487,9525000,PRN,,DFND,1234,9525000,0,0
196,WEIBO CORP,CV SR UNSEC NT,948596AC5,4698,4950000,PRN,,DFND,1234,4950000,0,0
197,WEIBO CORP-SPON ADR,ADR,948596101,23165,531918,SH,,DFND,1234,531918,0,0
198,WELLS FARGO & CO,7.500000% CV PFD PERPETUAL PNC,949746804,984,721,SH,,DFND,1234,721,0,0
199,WESTERN ASSET MORTGAGE CAPITAL CORP,CV SR UNSEC NT,95790DAA3,7376,7452000,PRN,,DFND,1234,7452000,0,0
200,WHITING PETROLEUM CORP,CV SR UNSEC NT,966387AL6,27137,27975000,PRN,,DFND,1234,27975000,0,0
201,WORKDAY INC,CV SR UNSEC NT,98138HAF8,2516,1675000,PRN,,DFND,1234,1675000,0,0
202,YANDEX NV-A,Common Stock,N97284108,22155,583020,SH,,DFND,1234,583020,0,0
203,YETI HOLDINGS INC,COMMON STOCK,98585X104,15564,537629,SH,,DFND,1234,537629,0,0
204,ZILLOW GROUP INC,CV SR UNSEC NT PNC,98954MAB7,9703,8554000,PRN,,DFND,1234,8554000,0,0
205,ZILLOW GROUP INC,CV SR UNSEC NT PNC,98954MAC5,18048,18289000,PRN,,DFND,1234,18289000,0,0
