,NAME OF ISSUER,TITLE OF CLASS,CUSIP,(x$1000),PRN AMT,PRN,CALL,DISCRETION,MANAGER,SOLE,SHARED,NONE
0,51JOB INC,CV SR NT,316827AC8,21927,21363000,PRN,,DFND,1234,21363000,0,0
1,AEGEAN MARINE PETROLEUM NETWORK INC,CV SR UNSEC NT PNC,Y0020QAA9,12804,15945000,PRN,,DFND,1234,15945000,0,0
2,ALASKA COMMUNICATIONS SYSTEMS GROUP INC,CV SR SUB NT,01167PAE1,2412,2500000,PRN,,DFND,1234,2500000,0,0
3,ALERE INC,3% CV CUM PFD PERP SER B,01449J204,3310,8856,SH,,DFND,1234,8856,0,0
4,ALLERGAN PLC,PFD CONV SER A,G0177J116,56894,61900,SH,,DFND,1234,61900,0,0
5,ALLSCRIPTS HEALTHCARE SOLUTIONS INC,CV SR UNSEC NT,01988PAD0,32630,32065000,PRN,,DFND,1234,32065000,0,0
6,ALLY FINANCIAL INC,COMMON STOCK,02005N100,180284,9630530,SH,,DFND,1234,9630530,0,0
7,AMTRUST FINANCIAL SERVICES INC,CV SR UNSEC NT PNC CPDI,032359AG6,30321,38270000,PRN,,DFND,1234,38270000,0,0
8,ANGLOGOLD ASHANTI-SPON ADR,ADR,035128206,14724,2073759,SH,,DFND,1234,2073759,0,0
9,ANTHEM INC,5.25% CV MAND PFD,036752202,35624,763000,SH,,DFND,1234,763000,0,0
10,APOLLO COMMERCIAL REAL ESTATE FINANCE INC,CV SR UNSEC NT REIT,03762UAA3,28365,28125000,PRN,,DFND,1234,28125000,0,0
11,APOLLO GLOBAL MANAGEMENT LLC,COMMON STOCK,037612306,6058,353842,SH,,DFND,1234,353842,0,0
12,ARES CAPITAL CORP,CV SR UNSEC NT,04010LAG8,10527,10319000,PRN,,DFND,1234,10319000,0,0
13,ATLAS AIR WORLDWIDE HOLDINGS INC,CV SR UNSEC NT,049164BH8,8105,9498000,PRN,,DFND,1234,9498000,0,0
14,B2GOLD CORP,CV SR SUB NT PNC,11777QAB6,13062,15355000,PRN,,DFND,1234,15355000,0,0
15,BANC OF CALIFORNIA INC,COMMON STOCK,05990K106,5015,286594,SH,,DFND,1234,286594,0,0
16,BANCO SANTANDER-CHILE-ADR,ADR,05965X109,15348,870082,SH,,DFND,1234,870082,0,0
17,BANNER CORP,COMMON STOCK,06652V208,109262,2598988,SH,,DFND,1234,2598988,0,0
18,BHP BILLITON PLC-ADR,ADR,05545E209,1402,61900,SH,,DFND,1234,61900,0,0
19,BIOMARIN PHARMACEUTICAL INC,CV SR SUB NT,09061GAE1,47468,40810000,PRN,,DFND,1234,40810000,0,0
20,BLACKROCK CAPITAL INVESTMENT CORP,CV SR UNSEC NT,092533AB4,6407,6218000,PRN,,DFND,1234,6218000,0,0
21,BLACKSTONE GROUP LP/THE,COMMON STOCK,09253U108,14726,525000,SH,,DFND,1234,525000,0,0
22,BLACKSTONE MORTGAGE TRUST INC,CV SR UNSEC NT REIT,09257WAA8,21412,20270000,PRN,,DFND,1234,20270000,0,0
23,BLUCORA INC,COMMON STOCK,095229100,1264,245000,SH,,DFND,1234,245000,0,0
24,BLUCORA INC,CV SR UNSEC NT,095229AB6,13611,18007000,PRN,,DFND,1234,18007000,0,0
25,BRF SA-ADR,ADR,10552T107,39044,2825199,SH,,DFND,1234,2825199,0,0
26,BROCADE COMMUNICATIONS SYSTEMS INC,CV SR UNSEC NT,111621AQ1,39426,39610000,PRN,,DFND,1234,39610000,0,0
27,BROOKDALE SENIOR LIVING INC,CV SR UNSEC NT,112463AA2,44005,45537000,PRN,,DFND,1234,45537000,0,0
28,CALATLANTIC GROUP INC,CV SR UNSEC NT PNC,783764AS2,10458,11767000,PRN,,DFND,1234,11767000,0,0
29,CANADIAN SOLAR INC,CV SR UNSEC NT PNC,136635AE9,26088,30845000,PRN,,DFND,1234,30845000,0,0
30,CAPITAL PRODUCT PARTNERS LP,COMMON STOCK,Y11082107,2589,819228,SH,,DFND,1234,819228,0,0
31,CARDTRONICS INC,CV SR UNSEC NT,14161HAG3,45928,47483000,PRN,,DFND,1234,47483000,0,0
32,CEMEX SAB DE CV,COMMON STOCK ADR,151290889,37377,6570759,SH,,DFND,1234,6570759,0,0
33,CEMEX SAB DE CV,CV SUB NT,151290BR3,92662,99645000,PRN,,DFND,1234,99645000,0,0
34,CENTURY COMMUNITIES INC,COMMON STOCK,156504300,25076,1469003,SH,,DFND,1234,1469003,0,0
35,CEPHEID,CV SR UNSEC NT,15670RAC1,15171,16967000,PRN,,DFND,1234,16967000,0,0
36,CHART INDUSTRIES INC,CV SR SUB NT,16115QAC4,6173,6866000,PRN,,DFND,1234,6866000,0,0
37,CHENIERE ENERGY INC,CV SR UNSEC NT PNC,16411RAG4,12899,24615000,PRN,,DFND,1234,24615000,0,0
38,CIENA CORP,CV SR UNSEC NT,171779AE1,12568,12728000,PRN,,DFND,1234,12728000,0,0
39,CITRIX SYSTEMS INC,CV SR UNSEC NT,177376AD2,110004,98521000,PRN,,DFND,1234,98521000,0,0
40,CNOOC LTD-SPON ADR,ADR,126132109,1482,14200,SH,,DFND,1234,14200,0,0
41,COBALT INTERNATIONAL ENERGY INC,CV SR UNSEC NT,19075FAA4,3431,6894000,PRN,,DFND,1234,6894000,0,0
42,COLONY CAPITAL INC,CV SR UNSEC NT REIT PNC,19624RAA4,24510,27323000,PRN,,DFND,1234,27323000,0,0
43,COLONY STARWOOD HOMES,CV SR UNSEC NT REIT,85571WAB5,12444,12565000,PRN,,DFND,1234,12565000,0,0
44,COLONY STARWOOD HOMES,CV SR UNSEC NT REIT,85571WAD1,8663,8348000,PRN,,DFND,1234,8348000,0,0
45,CONTANGO OIL & GAS CO,COMMON STOCK,21075N204,15236,1292279,SH,,DFND,1234,1292279,0,0
46,CONTINENTAL RESOURCES INC,COMMON STOCK,212015101,12144,400000,SH,Put,DFND,1234,400000,0,0
47,CROWN CASTLE INTERNATIONAL CORP,4.5% MAND CV SER-A PFD,22822V200,32629,304385,SH,,DFND,1234,304385,0,0
48,DEPOMED INC,CV SR UNSEC NT PNC,249908AA2,18068,19205000,PRN,,DFND,1234,19205000,0,0
49,DYNEGY INC,COMMON STOCK,26817R108,136864,9524322,SH,,DFND,1234,9524322,0,0
50,EAGLE BULK SHIPPING INC,COMMON STOCK,Y2187A127,5655,15707276,SH,,DFND,1234,15707276,0,0
51,ECHO GLOBAL LOGISTICS INC,CV SR UNSEC NT,27875TAA9,27579,27198000,PRN,,DFND,1234,27198000,0,0
52,ELECTRONICS FOR IMAGING INC,CV SR UNSEC NT,286082AC6,54409,52026000,PRN,,DFND,1234,52026000,0,0
53,ENCORE CAPITAL GROUP INC,CV SR UNSEC NT,292554AF9,27903,35859000,PRN,,DFND,1234,35859000,0,0
54,ENERNOC INC,CV SR UNSEC NT,292764AB3,8393,11820000,PRN,,DFND,1234,11820000,0,0
55,ENVESTNET INC,CV SR UNSEC NT,29404KAA4,2732,3150000,PRN,,DFND,1234,3150000,0,0
56,EPR PROPERTIES,9% CV PERP PFD SER-E REIT PNC,26884U307,4803,137227,SH,,DFND,1234,137227,0,0
57,EURONET WORLDWIDE INC,CV SR UNSEC NT PNC,298736AH2,45616,38230000,PRN,,DFND,1234,38230000,0,0
58,EXCO RESOURCES INC,COMMON STOCK,269279402,44681,45173682,SH,,DFND,1234,45173682,0,0
59,FIFTH STREET FINANCE CORP,CV SR UNSEC NT,31679BAC4,11991,11950000,PRN,,DFND,1234,11950000,0,0
60,FINISAR CORP,CV SR UNSEC NT,31787AAM3,6858,7000000,PRN,,DFND,1234,7000000,0,0
61,FIRST BANCORP/PUERTO RICO,COMMON STOCK,318672706,122183,41843581,SH,,DFND,1234,41843581,0,0
62,FORESTAR GROUP INC,CV SR UNSEC NT,346232AB7,13985,16060000,PRN,,DFND,1234,16060000,0,0
63,FORTRESS INVESTMENT GROUP LLC,COMMON STOCK,34958B106,11592,2425000,SH,,DFND,1234,2425000,0,0
64,GAIN CAPITAL HOLDINGS INC,CV SR UNSEC NT PNC,36268WAB6,6032,6500000,PRN,,DFND,1234,6500000,0,0
65,GENER8 MARITIME INC,COMMON STOCK,Y26889108,92151,13052534,SH,,DFND,1234,13052534,0,0
66,GENERAL CABLE CORP,CV SUB NT MULTI-CPN PNC,369300AL2,2782,5000000,PRN,,DFND,1234,5000000,0,0
67,GERDAU SA -SPON ADR,ADR,373737105,10562,8801905,SH,,DFND,1234,8801905,0,0
68,GSV CAPITAL CORP,CV SR UNSEC NT,36191JAB7,5412,5887000,PRN,,DFND,1234,5887000,0,0
69,HCI GROUP INC,CV SR UNSEC NT,40416EAB9,12043,13885000,PRN,,DFND,1234,13885000,0,0
70,HEALTHWAYS INC,CV SR UNSEC NT,422245AB6,22349,24515000,PRN,,DFND,1234,24515000,0,0
71,HELIX ENERGY SOLUTIONS GROUP INC,CV SR UNSEC NT CPDI,42330PAG2,8200,10240000,PRN,,DFND,1234,10240000,0,0
72,HERBALIFE LTD,CV SR UNSEC NT,42703MAB9,85673,88521000,PRN,,DFND,1234,88521000,0,0
73,HOLOGIC INC,CV SR UNSEC NT 2%/0% MULTI-CPN,436440AG6,51988,41635000,PRN,,DFND,1234,41635000,0,0
74,HORIZON PHARMA INVESTMENT LTD,CV SR UNSEC NT PNC,44052TAB7,21835,25307000,PRN,,DFND,1234,25307000,0,0
75,HORNBECK OFFSHORE SERVICES INC,CV SR UNSEC NT,440543AN6,7616,12834000,PRN,,DFND,1234,12834000,0,0
76,HURON CONSULTING GROUP INC,CV SR UNSEC NT,447462AB8,43932,44630000,PRN,,DFND,1234,44630000,0,0
77,ICICI BANK LTD-SPON ADR,ADR,45104G104,32454,4144876,SH,,DFND,1234,4144876,0,0
78,IKANG HEALTHCARE GROUP-ADR,ADR,45174L108,983,48100,SH,,DFND,1234,48100,0,0
79,ILLUMINA INC,CV SR UNSEC NT,452327AH2,16622,15435000,PRN,,DFND,1234,15435000,0,0
80,INFOSYS LTD-SP ADR,ADR,456788108,3672,219200,SH,,DFND,1234,219200,0,0
81,INSULET CORP,CV SR UNSEC NT PNC,45784PAD3,34756,35419000,PRN,,DFND,1234,35419000,0,0
82,INTEGRATED DEVICE TECHNOLOGY INC,CV SR UNSEC NT 144A,458118AB2,33314,35530000,PRN,,DFND,1234,35530000,0,0
83,INTEL CORP,CV JR SUB NT CPDI MULTI CPN,458140AD2,12962,10165000,PRN,,DFND,1234,10165000,0,0
84,INTERDIGITAL INC/PA,CV SR UNSEC NT,458660AD9,13369,13000000,PRN,,DFND,1234,13000000,0,0
85,ISHARES MSCI INDIA ETF,ETP,46429B598,798,29000,SH,,DFND,1234,29000,0,0
86,ISHARES TR RUSSELL 2000 ETF,ETF,464287655,16595,150000,SH,Put,DFND,1234,150000,0,0
87,ITAU UNIBANCO H-SPON PRF ADR,ADR,465562106,40461,6215175,SH,,DFND,1234,6215175,0,0
88,J2 GLOBAL INC,CV SR UNSEC NT CPDI,48123VAC6,68678,62917000,PRN,,DFND,1234,62917000,0,0
89,JARDEN CORP,CV SUB NT PNC,471109AM0,95115,74961000,PRN,,DFND,1234,74961000,0,0
90,JAZZ INVESTMENTS I LTD,CV SR UNSEC NT,472145AB7,84550,81496000,PRN,,DFND,1234,81496000,0,0
91,JD.COM INC-ADR,ADR,47215P106,46580,1443660,SH,,DFND,1234,1443660,0,0
92,JEFFERIES GROUP LLC,CV SR UNSEC NT PNC,472319AG7,10589,10752000,PRN,,DFND,1234,10752000,0,0
93,KB HOME,CV SR UNSEC NT,48666KAS8,9089,9850000,PRN,,DFND,1234,9850000,0,0
94,KEYW HOLDING CORP/THE,CV SR UNSEC NT,493723AA8,25301,33960000,PRN,,DFND,1234,33960000,0,0
95,KINDER MORGAN INC/DE,9.75& CV MAND PFD,49456B200,35095,778100,SH,,DFND,1234,778100,0,0
96,LIBERTY MEDIA CORP,CV SR UNSEC NT,531229AB8,75727,75958000,PRN,,DFND,1234,75958000,0,0
97,LIBERTY VENTURES,COMMON STOCK CL A,53071M880,38746,990450,SH,,DFND,1234,990450,0,0
98,M/I HOMES INC,CV SR SUB NT PNC,55292PAB1,1214,1250000,PRN,,DFND,1234,1250000,0,0
99,MEDICINES CO/THE,CV SR UNSEC NT PNC,584688AE5,26530,23415000,PRN,,DFND,1234,23415000,0,0
100,MEDIDATA SOLUTIONS INC,CV SR UNSEC NT,58471AAB1,38772,38193000,PRN,,DFND,1234,38193000,0,0
101,MERITAGE HOMES CORP,CV SR UNSEC NT,59001AAR3,12250,12358000,PRN,,DFND,1234,12358000,0,0
102,MGIC INVESTMENT CORP,COMMON STOCK,552848103,69261,9030000,SH,,DFND,1234,9030000,0,0
103,MICROCHIP TECHNOLOGY INC,CV SR SUB NT,595017AD6,58001,56765000,PRN,,DFND,1234,56765000,0,0
104,MICRON TECHNOLOGY INC,CV SR UNSEC NT SER-G PNC,595112AY9,11696,17125000,PRN,,DFND,1234,17125000,0,0
105,MOBILE TELESYSTEMS PJSC,COMMON STOCK ADR,607409109,2414,298500,SH,,DFND,1234,298500,0,0
106,MODUSLINK GLOBAL SOLUTIONS INC,CV SR UNSEC NT,60786LAB3,3814,5470000,PRN,,DFND,1234,5470000,0,0
107,MOLINA HEALTHCARE INC,CV SR UNSEC NT,60855RAD2,22220,17520000,PRN,,DFND,1234,17520000,0,0
108,NACCO INDUSTRIES INC,COMMON STOCK,629579103,8870,154500,SH,,DFND,1234,154500,0,0
109,NEW MOUNTAIN FINANCE CORP,CV SR UNSEC NT,647551AB6,5908,6040000,PRN,,DFND,1234,6040000,0,0
110,NEWPARK RESOURCES INC,CV SR UNSEC NT,651718AC2,6175,7025000,PRN,,DFND,1234,7025000,0,0
111,NMI HOLDINGS INC,COMMON STOCK,629209305,29373,5816443,SH,,DFND,1234,5816443,0,0
112,NUANCE COMMUNICATIONS INC,CV SR UNSEC NT,67020YAF7,12645,12575000,PRN,,DFND,1234,12575000,0,0
113,NUANCE COMMUNICATIONS INC,CV SR UNSEC NT CPDI,67020YAG5,46815,45828000,PRN,,DFND,1234,45828000,0,0
114,NXP SEMICONDUCTORS NV,CV SR UNSEC NT,62952QAB6,81390,73686000,PRN,,DFND,1234,73686000,0,0
115,OI SA,COMMON STOCK - ADR,670851500,357,251001,SH,,DFND,1234,251001,0,0
116,PAR PACIFIC HOLDINGS INC,COMMON STOCK,69888T207,3581,190862,SH,,DFND,1234,190862,0,0
117,PDL BIOPHARMA INC,CV SR UNSEC NT,69329YAF1,10106,11121000,PRN,,DFND,1234,11121000,0,0
118,PENNYMAC CORP,CV SR UNSEC NT REIT,70932AAB9,12148,13410000,PRN,,DFND,1234,13410000,0,0
119,PETROLEO BRASIL-SP PREF ADR,ADR,71654V101,31480,9258683,SH,,DFND,1234,9258683,0,0
120,POWERSHARES QQQ TRUST,ETF,73935A104,16926,155000,SH,Put,DFND,1234,155000,0,0
121,PRA GROUP INC,CV SR UNSEC NT,73640QAB1,18968,23624000,PRN,,DFND,1234,23624000,0,0
122,PRICELINE GROUP INC/THE,CV SR UNSEC NT,741503AS5,79774,66052000,PRN,,DFND,1234,66052000,0,0
123,PRICELINE GROUP INC/THE,CV SR UNSEC NT,741503AX4,21717,21460000,PRN,,DFND,1234,21460000,0,0
124,PROSPECT CAPITAL CORP,CV SR UNSEC NT,74348TAL6,4767,4870000,PRN,,DFND,1234,4870000,0,0
125,PROSPECT CAPITAL CORP,CV SR UNSEC NT,74348TAQ5,10518,11837000,PRN,,DFND,1234,11837000,0,0
126,QIHOO 360 TECHNOLOGY CO LTD,CV SR UNSEC NT,74734MAE9,8250,8327000,PRN,,DFND,1234,8327000,0,0
127,RAIT FINANCIAL TRUST,CV SR UNSEC NT REIT,749227AB0,11166,13260000,PRN,,DFND,1234,13260000,0,0
128,RED HAT INC,CV SR UNSEC NT,756577AD4,70575,56700000,PRN,,DFND,1234,56700000,0,0
129,REDWOOD TRUST INC,CV SR UNSEC NT REIT,758075AB1,9434,10036000,PRN,,DFND,1234,10036000,0,0
130,RESOURCE CAPITAL CORP,CV SR UNSEC NT REIT,76120WAA2,3235,3484000,PRN,,DFND,1234,3484000,0,0
131,RESOURCE CAPITAL CORP,CV SR UNSEC NT REIT,76120WAB0,13679,14316000,PRN,,DFND,1234,14316000,0,0
132,ROVI CORP,CV SR UNSEC NT,779376AD4,65852,68576000,PRN,,DFND,1234,68576000,0,0
133,ROYAL GOLD INC,CV SR UNSEC NT PNC,780287AA6,11914,12283000,PRN,,DFND,1234,12283000,0,0
134,RTI INTERNATIONAL METALS INC,CV SR UNSEC NT,74973WAB3,49259,46753000,PRN,,DFND,1234,46753000,0,0
135,RWT HOLDINGS INC,CV SR UNSEC NT,749772AB5,20847,22630000,PRN,,DFND,1234,22630000,0,0
136,SANDISK CORP,CV SR UNSEC NT,80004CAF8,48626,46490000,PRN,,DFND,1234,46490000,0,0
137,SEACOR HOLDINGS INC,CV SR UNSEC NT CPDI,81170YAB5,17730,22753000,PRN,,DFND,1234,22753000,0,0
138,SEACOR HOLDINGS INC,CV SR UNSEC NT CPDI PNC,811904AM3,31078,32585000,PRN,,DFND,1234,32585000,0,0
139,SHUTTERFLY INC,CV SR UNSEC NT,82568PAB2,24287,24260000,PRN,,DFND,1234,24260000,0,0
140,SINA CORP/CHINA,CV SR UNSEC NT,82922RAD5,6586,6695000,PRN,,DFND,1234,6695000,0,0
141,SNYDER'S-LANCE INC,COMMON STOCK,833551104,38530,1223965,SH,,DFND,1234,1223965,0,0
142,SOLARCITY CORP,CV SR UNSEC NT,83416TAC4,1454,2460000,PRN,,DFND,1234,2460000,0,0
143,SOLAZYME INC,CV SR SUB NT,83415TAC5,6811,14000000,PRN,,DFND,1234,14000000,0,0
144,SPECTRANETICS CORP/THE,CV SR UNSEC NT PNC,84760CAA5,2394,3000000,PRN,,DFND,1234,3000000,0,0
145,SPECTRUM PHARMACEUTICALS INC,CV SR UNSEC NT,84763AAB4,7124,7985000,PRN,,DFND,1234,7985000,0,0
146,SPIRIT REALTY CAPITAL INC,CV SR UNSEC NT REIT,84860WAA0,32741,32685000,PRN,,DFND,1234,32685000,0,0
147,SPIRIT REALTY CAPITAL INC,CV SR UNSEC NT REIT,84860WAB8,13790,13615000,PRN,,DFND,1234,13615000,0,0
148,STAR BULK CARRIERS CORP,COMMON STOCK,Y8162K121,85729,114304005,SH,,DFND,1234,114304005,0,0
149,STARWOOD PROPERTY TRUST INC,CV SR UNSEC NT REIT,85571BAA3,19728,19632000,PRN,,DFND,1234,19632000,0,0
150,STARWOOD PROPERTY TRUST INC,CV SR UNSEC NT REIT,85571BAC9,13317,13415000,PRN,,DFND,1234,13415000,0,0
151,STILLWATER MINING CO,CV SR UNSEC NT,86074QAL6,34048,31665000,PRN,,DFND,1234,31665000,0,0
152,SUNPOWER CORP,CV SR UNSEC NT,867652AJ8,2499,3204000,PRN,,DFND,1234,3204000,0,0
153,SYNCHRONOSS TECHNOLOGIES INC,CV SR UNSEC NT,87157BAA1,39523,40632000,PRN,,DFND,1234,40632000,0,0
154,TAIWAN SEMICONDUCTOR-SP ADR,ADR,874039100,101473,4460356,SH,,DFND,1234,4460356,0,0
155,TCP CAPITAL CORP,CV SR UNSEC NT,87238QAB9,11910,11972000,PRN,,DFND,1234,11972000,0,0
156,TELECOM ARGENTINA SA,COMMON STOCK ADR,879273209,9300,519851,SH,,DFND,1234,519851,0,0
157,TELEFONICA BRASIL-ADR,ADR,87936R106,18283,2024726,SH,,DFND,1234,2024726,0,0
158,TELIGENT INC,CV SR UNSEC NT PNC,449575AB5,1720,2165000,PRN,,DFND,1234,2165000,0,0
159,TERNIUM SA-SPONSORED ADR,ADR,880890108,1287,103500,SH,,DFND,1234,103500,0,0
160,TICC CAPITAL CORP,CV SR UNSEC NT,87244TAB5,5898,6004000,PRN,,DFND,1234,6004000,0,0
161,TITAN MACHINERY INC,CV SR UNSEC NT,88830RAB7,8917,11325000,PRN,,DFND,1234,11325000,0,0
162,TOLL BROTHERS FINANCE CORP,CV SR UNSEC NT CPDI,88947EAM2,11618,11829000,PRN,,DFND,1234,11829000,0,0
163,TOWNSQUARE MEDIA INC,COMMON STOCK,892231101,17883,1595224,SH,,DFND,1234,1595224,0,0
164,TPG SPECIALTY LENDING INC,CV SR UNSEC NT,87265KAB8,6074,6135000,PRN,,DFND,1234,6135000,0,0
165,TRIBUNE MEDIA CO,COMMON STOCK,896047503,543663,14176353,SH,,DFND,1234,14176353,0,0
166,TRIBUNE PUBLISHING CO,COMMON STOCK,896082104,36217,4691371,SH,,DFND,1234,4691371,0,0
167,TRINA SOLAR LTD,CV SR UNSEC NT,89628EAC8,16941,18377000,PRN,,DFND,1234,18377000,0,0
168,TRINA SOLAR LTD-SPON ADR,ADR,89628E104,40429,3668722,SH,,DFND,1234,3668722,0,0
169,TTM TECHNOLOGIES INC,CV SR UNSEC NT,87305RAD1,37648,41770000,PRN,,DFND,1234,41770000,0,0
170,TWITTER INC,CV SR UNSEC NT,90184LAB8,9552,10830000,PRN,,DFND,1234,10830000,0,0
171,VALE SA-SP ADR,ADR,91912E105,1054,320300,SH,,DFND,1234,320300,0,0
172,VALE SA-SP PREF ADR,ADR,91912E204,23132,9071485,SH,,DFND,1234,9071485,0,0
173,VECTOR GROUP LTD,CV SR UNSEC NT,92240MBC1,43258,39000000,PRN,,DFND,1234,39000000,0,0
174,VEREIT INC,CV SR UNSEC NT REIT,02917TAA2,9914,10200000,PRN,,DFND,1234,10200000,0,0
175,VEREIT INC,CV SR UNSEC NT REIT,02917TAB0,7645,8000000,PRN,,DFND,1234,8000000,0,0
176,VIAVI SOLUTIONS INC,CV SR UNSEC NT,46612JAF8,9798,10000000,PRN,,DFND,1234,10000000,0,0
177,VIMPELCOM LTD,COMMON STOCK ADR,92719A106,7153,1678900,SH,,DFND,1234,1678900,0,0
178,VISHAY INTERTECHNOLOGY INC,COMMON STOCK,928298108,15263,1250000,SH,,DFND,1234,1250000,0,0
179,WEB.COM GROUP INC,CV SR UNSEC NT PNC,94733AAA2,43317,45438000,PRN,,DFND,1234,45438000,0,0
180,WEBMD HEALTH CORP,CV SR UNSEC NT,94770VAF9,40815,35620000,PRN,,DFND,1234,35620000,0,0
181,WEBMD HEALTH CORP,CV UNSEC NT,94770VAK8,44080,32885000,PRN,,DFND,1234,32885000,0,0
182,WESTROCK CO,COMMON STOCK,96145D105,10728,274864,SH,,DFND,1234,274864,0,0
183,WORKDAY INC,CV SR UNSEC NT,98138HAC5,4933,4350000,PRN,,DFND,1234,4350000,0,0
184,WORKDAY INC,CV SR UNSEC NT,98138HAD3,30612,25910000,PRN,,DFND,1234,25910000,0,0
185,WPX ENERGY INC,6.25% MAND CV PFD,98212B202,28008,761900,SH,,DFND,1234,761900,0,0
186,WRIGHT MEDICAL GROUP INC,CV SR UNSEC NT,98235TAE7,40918,45755000,PRN,,DFND,1234,45755000,0,0
187,YAHOO! INC,COMMON STOCK,984332106,15594,423626,SH,,DFND,1234,423626,0,0
188,YAHOO! INC,CV SR UNSEC NT,984332AF3,11603,11682000,PRN,,DFND,1234,11682000,0,0
189,YANDEX NV,CV SR UNSEC NT,98474TAB3,14967,16799000,PRN,,DFND,1234,16799000,0,0
190,YANDEX NV,COMMON STOCK,N97284108,1003,131100,SH,,DFND,1234,131100,0,0
191,YPF S.A.-SPONSORED ADR,ADR,984245100,12358,786136,SH,,DFND,1234,786136,0,0
