,NAME OF ISSUER,TITLE OF CLASS,CUSIP,(x$1000),PRN AMT,PRN,CALL,DISCRETION,MANAGER,SOLE,SHARED,NONE
0,ACTAVIS PLC,5.5% MAND CV PFD SER-A,G0083B116,66286,65500,SH,,DFND,1234,65500,0,0
1,AIR LEASE CORP,CV SR UNSEC NT,00912XAK0,7728,5341000,PRN,,DFND,1234,5341000,0,0
2,ALASKA COMMUNICATIONS SYSTEMS GROUP INC,CV SR SUB NT,01167PAE1,6439,6555000,PRN,,DFND,1234,6555000,0,0
3,ALERE INC,3% CV CUM PFD PERP SER B,01449J204,36653,107733,SH,,DFND,1234,107733,0,0
4,ALERE INC,CV SR SUB NT,01449JAA3,34097,28613000,PRN,,DFND,1234,28613000,0,0
5,ALIBABA GROUP HOLDING-SP ADR,ADR,01609W102,28718,345000,SH,,DFND,1234,345000,0,0
6,ALLIANCE HEALTHCARE SERVICES,COMMON STOCK,018606301,105499,4756491,SH,,DFND,1234,4756491,0,0
7,ALLSCRIPTS HEALTHCARE SOLUTIONS,CV SR UNSEC NT,01988PAD0,11561,11735000,PRN,,DFND,1234,11735000,0,0
8,ALLY FINANCIAL INC,COMMON STOCK,02005N100,200642,9563530,SH,,DFND,1234,9563530,0,0
9,ALPHA NATURAL RESOURCES,CV SR UNSEC NT,02076XAE2,4536,11365000,PRN,,DFND,1234,11365000,0,0
10,AMERICA MOVIL-SPN ADR CL L,ADR,02364W105,29497,1441686,SH,,DFND,1234,1441686,0,0
11,AMERICAN REALTY CAP PROP,CV SR UNSEC NT REIT,02917TAA2,14698,15000000,PRN,,DFND,1234,15000000,0,0
12,AMERICAN REALTY CAP PROP,CV SR UNSEC NT REIT,02917TAB0,15716,16000000,PRN,,DFND,1234,16000000,0,0
13,AMSURG CORP,5.25% MAND CV PFD,03232P504,34586,278904,SH,,DFND,1234,278904,0,0
14,AMTRUST FINANCIAL SERVICES INC,CV SR UNSEC NT PNC CPDI,032359AG6,39108,43000000,PRN,,DFND,1234,43000000,0,0
15,ANGLOGOLD ASHANTI-SPON ADR,ADR,035128206,19421,2079297,SH,,DFND,1234,2079297,0,0
16,APOLLO COMMERCIAL REAL ESTATE FIN REIT,CV SR UNSEC NT,03762UAA3,15150,15005000,PRN,,DFND,1234,15005000,0,0
17,APOLLO GLOBAL MANAGEMENT - A,COMMON STOCK,037612306,21600,1000000,SH,,DFND,1234,1000000,0,0
18,APOLLO INVESTMENT CORP,CV SR UNSEC NT,03761UAE6,5381,5225000,PRN,,DFND,1234,5225000,0,0
19,ARCELORMITTAL,MAND 6% CV SR SUB NT,L0302D178,4014,260700,PRN,,DFND,1234,260700,0,0
20,ARES CAPITAL CORP,CV SR UNSEC NT,04010LAG8,10471,10000000,PRN,,DFND,1234,10000000,0,0
21,ARES COMMERCIAL REAL ESTATE,CV SR UNSEC NT,04013VAB4,11287,11025000,PRN,,DFND,1234,11025000,0,0
22,AV HOMES INC,CV SR UNSEC NT,053494AG5,10219,10147000,PRN,,DFND,1234,10147000,0,0
23,B2GOLD CORP,CV SR SUB NT PNC,11777QAB6,15431,17566000,PRN,,DFND,1234,17566000,0,0
24,BAIDU INC - SPON ADR,ADR,056752108,26641,127837,SH,,DFND,1234,127837,0,0
25,BANC OF CALIFORNIA INC,COMMON STOCK,05990K106,40487,3288947,SH,,DFND,1234,3288947,0,0
26,BANCO BRADESCO-ADR,ADR,059460303,2370,255360,SH,,DFND,1234,255360,0,0
27,BANCO SANTANDER-CHILE-ADR,ADR,05965X109,8890,410075,SH,,DFND,1234,410075,0,0
28,BANK OF AMERICA CORP,7.25% CV NON-CUM PFD PERP SER-L PNC,060505682,5785,5000,SH,,DFND,1234,5000,0,0
29,BGC PARTNERS INC,CV SR UNSEC NT,05541TAD3,5462,5000000,PRN,,DFND,1234,5000000,0,0
30,BIOMARIN PHARMACEUTICAL,CV SR SUB NT,09061GAE1,49182,33083000,PRN,,DFND,1234,33083000,0,0
31,BIOMARIN PHARMACEUTICAL,CV SR SUB NT,09061GAF8,35265,23188000,PRN,,DFND,1234,23188000,0,0
32,BLUCORA INC,CV SR UNSEC NT,095229AB6,14549,15533000,PRN,,DFND,1234,15533000,0,0
33,BRF SA-ADR,ADR,10552T107,51223,2589646,SH,,DFND,1234,2589646,0,0
34,BROOKDALE SENIOR LIVING,CV SR UNSEC NT,112463AA2,84719,60727000,PRN,,DFND,1234,60727000,0,0
35,CANADIAN SOLAR INC,CV SR UNSEC NT PNC,136635AE9,38763,37500000,PRN,,DFND,1234,37500000,0,0
36,CAPITAL PRODUCT PARTNERS LP,COMMON STOCK,Y11082107,7600,800000,SH,,DFND,1234,800000,0,0
37,CARDTRONICS INC,CV SR UNSEC NT,14161HAG3,53806,54388000,PRN,,DFND,1234,54388000,0,0
38,CEMEX SAB-SPONS ADR PART CER,ADR,151290889,55193,5828183,SH,,DFND,1234,5828183,0,0
39,CEMIG SA -SPONS ADR,ADR,204409601,28285,6915563,SH,,DFND,1234,6915563,0,0
40,CENTURY COMMUNITIES INC,COMMON STOCK,156504300,23717,1226931,SH,,DFND,1234,1226931,0,0
41,CEPHEID INC,CV SR UNSEC NT,15670RAC1,47725,43000000,PRN,,DFND,1234,43000000,0,0
42,CHART INDUSTRIES INC,CV SR SUB NT,16115QAC4,30877,31856000,PRN,,DFND,1234,31856000,0,0
43,CHENIERE ENERGY INC,CV SR UNSEC NT PNC,16411RAG4,25005,30000000,PRN,,DFND,1234,30000000,0,0
44,CHESAPEAKE ENERGY CORP,CV SR UNSEC NT CPDI,165167BZ9,6265,6500000,PRN,,DFND,1234,6500000,0,0
45,CHESAPEAKE ENERGY CORP,CV SR UNSEC NT CPDI,165167CB1,2933,3200000,PRN,,DFND,1234,3200000,0,0
46,COBALT INTL ENERGY INC,CV SR UNSEC NT,19075FAA4,5822,8000000,PRN,,DFND,1234,8000000,0,0
47,COBALT INTL ENERGY INC,CV SR UNSEC NT PNC,19075FAB2,57133,76500000,PRN,,DFND,1234,76500000,0,0
48,COLONY FINANCIAL INC,CV SR UNSEC NT REIT PNC,19624RAA4,35570,31373000,PRN,,DFND,1234,31373000,0,0
49,CONTANGO OIL & GAS,COMMON STOCK,21075N204,28330,1287732,SH,,DFND,1234,1287732,0,0
50,CORSICANTO LTD,CV SR UNSEC NT,220480AB3,4833,4500000,PRN,,DFND,1234,4500000,0,0
51,CROWN CASTLE INTL CORP,4.5% MAND CV SER-A PFD,22822V200,38592,368145,SH,,DFND,1234,368145,0,0
52,CTRIP.COM INTERNATIONAL LTD,CV SR UNSEC NT,22943FAD2,4196,4000000,PRN,,DFND,1234,4000000,0,0
53,DEPOMED INC,CV SR UNSEC NT PNC,249908AA2,18680,14050000,PRN,,DFND,1234,14050000,0,0
54,DIAMOND FOODS INC,COMMON STOCK,252603105,143988,4420859,SH,,DFND,1234,4420859,0,0
55,DIANA SHIPPING INC,COMMON STOCK,Y2066G104,2967,484800,SH,,DFND,1234,484800,0,0
56,DYNEGY INC,COMMON STOCK,26817R108,333022,10595712,SH,,DFND,1234,10595712,0,0
57,EAGLE BULK SHIPPING INC,COMMON STOCK,Y2187A127,116242,15729717,SH,,DFND,1234,15729717,0,0
58,EMERGENT BIOSOLUTIONS,CV SR UNSEC NT PNC,29089QAB1,29531,25274000,PRN,,DFND,1234,25274000,0,0
59,EPR PROPERTIES,5.75% CV PERP PFD SER-C REIT,26884U208,1720,71071,SH,,DFND,1234,71071,0,0
60,EPR PROPERTIES,9% CV PERP PFD SER-E REIT PNC,26884U307,1077,31650,SH,,DFND,1234,31650,0,0
61,EXCO RESOURCES INC,COMMON STOCK,269279402,82669,45173682,SH,,DFND,1234,45173682,0,0
62,EXELIXIS INC,CV SR SUB NT PNC,30161QAC8,4640,6000000,PRN,,DFND,1234,6000000,0,0
63,FIFTH STREET FINANCE,CV SR UNSEC NT,31679BAC4,14291,13895000,PRN,,DFND,1234,13895000,0,0
64,FINISAR CORP,CV SR UNSEC NT,31787AAM3,26090,25500000,PRN,,DFND,1234,25500000,0,0
65,FIRST BANCORP PUERTO RICO,COMMON STOCK,318672706,259431,41843581,SH,,DFND,1234,41843581,0,0
66,FLUIDIGM CORP,CV SR UNSEC NT,34385PAA6,36426,34000000,PRN,,DFND,1234,34000000,0,0
67,FORESTAR GROUP INC,CV SR UNSEC NT,346232AB7,14747,15472000,PRN,,DFND,1234,15472000,0,0
68,GAIN CAPITAL HOLDINGS INC,CV SR UNSEC NT PNC,36268WAB6,6336,5828000,PRN,,DFND,1234,5828000,0,0
69,GENERAL CABLE CORP,CV SUB NT MULTI-CPN PNC,369300AL2,9081,11395000,PRN,,DFND,1234,11395000,0,0
70,GENESEE & WYOMING INC,5% MAND CV PFD EQUITY UNITS,371559204,22205,183300,SH,,DFND,1234,183300,0,0
71,GETTY REALTY CORP,COMMON STOCK REIT,374297109,16243,892496,SH,,DFND,1234,892496,0,0
72,GOLDEN STAR RESOURCES,CV SR UNSEC NT,38119TAE4,4239,8750000,PRN,,DFND,1234,8750000,0,0
73,GOODRICH PETROLEUM CORP,CV SR UNSEC NT PNC,382410AG3,1332,2500000,PRN,,DFND,1234,2500000,0,0
74,GRUPO TELEVISA SA-SPON ADR,ADR,40049J206,43733,1324826,SH,,DFND,1234,1324826,0,0
75,GSV CAPITAL CORP,CV SR UNSEC NT,36191JAB7,9127,9649000,PRN,,DFND,1234,9649000,0,0
76,HCI GROUP INC,CV SR UNSEC NT,40416EAB9,12432,12500000,PRN,,DFND,1234,12500000,0,0
77,HEARTWARE INTERNATIONAL,CV SR UNSEC NT,422368AA8,25337,22162000,PRN,,DFND,1234,22162000,0,0
78,HELIX ENERGY SOLUTIONS,CV SR UNSEC NT CPDI,42330PAG2,28242,28197000,PRN,,DFND,1234,28197000,0,0
79,HERBALIFE LTD,CV SR UNSEC NT,42703MAB9,17317,20735000,PRN,,DFND,1234,20735000,0,0
80,HOLOGIC INC,CV SR UNSEC NT 2% MULTI-CPN CPDI,436440AC5,125304,101654000,PRN,,DFND,1234,101654000,0,0
81,HOLOGIC INC,CV SR UNSEC NT 2%/0% MULTI-CPN,436440AG6,9546,8098000,PRN,,DFND,1234,8098000,0,0
82,HORNBECK OFFSHORE SERVICES,CV SR UNSEC NT,440543AN6,5342,6653000,PRN,,DFND,1234,6653000,0,0
83,ICICI BANK LTD-SPON ADR,ADR,45104G104,52335,5051643,SH,,DFND,1234,5051643,0,0
84,ICONIX BRAND GROUP INC,CV SR SUB NT,451055AE7,852,739000,PRN,,DFND,1234,739000,0,0
85,ICONIX BRAND GROUP INC,CV SR SUB NT,451055AF4,40241,33845000,PRN,,DFND,1234,33845000,0,0
86,INSULET CORPORATION,CV SR UNSEC NT PNC,45784PAD3,38630,38213000,PRN,,DFND,1234,38213000,0,0
87,INTEROIL CORP,CV SR UNSEC NT PNC,460951AC0,3189,3150000,PRN,,DFND,1234,3150000,0,0
88,INVENSENSE INC,CV SR UNSEC NT,46123DAB2,33268,34103000,PRN,,DFND,1234,34103000,0,0
89,IRIDIUM COMMUNICATIONS INC,6.75% CV CUM PERP SER-B PFD PNC,46269C409,27590,77500,SH,,DFND,1234,77500,0,0
90,ITAU UNIBANCO H-SPON PRF ADR,ADR,465562106,49812,4503834,SH,,DFND,1234,4503834,0,0
91,IXIA,CV SR UNSEC NT,45071RAB5,13790,13699000,PRN,,DFND,1234,13699000,0,0
92,J2 GLOBAL COMMUNICATIONS,CV SR UNSEC NT CPDI,48123VAC6,70382,60809000,PRN,,DFND,1234,60809000,0,0
93,JARDEN CORP,CV SR SUB NT,471109AL2,27192,19100000,PRN,,DFND,1234,19100000,0,0
94,JARDEN CORP,CV SUB NT PNC,471109AM0,90805,76236000,PRN,,DFND,1234,76236000,0,0
95,JD.COM INC-ADR,ADR,47215P106,42293,1439502,SH,,DFND,1234,1439502,0,0
96,KB HOME,CV SR UNSEC NT,48666KAS8,5135,5363000,PRN,,DFND,1234,5363000,0,0
97,KEYW HOLDING CORP,CV SR UNSEC NT,493723AA8,24739,30345000,PRN,,DFND,1234,30345000,0,0
98,LIBERTY MEDIA CORP,CV SR UNSEC NT,531229AB8,87676,87240000,PRN,,DFND,1234,87240000,0,0
99,LIBERTY VENTURES - SER A,COMMON STOCK CL A,53071M880,12947,308196,SH,,DFND,1234,308196,0,0
100,MACQUARIE INFRASTRUCTURE,CV SR UNSEC NT,55608BAA3,24537,20640000,PRN,,DFND,1234,20640000,0,0
101,MASONITE INTERNATIONAL CORP,COMMON STOCK,575385109,109959,1634852,SH,,DFND,1234,1634852,0,0
102,MEDIDATA SOLUTIONS INC,CV SR UNSEC NT,58471AAB1,59572,52721000,PRN,,DFND,1234,52721000,0,0
103,MENTOR GRAPHICS CORP,CV SUB UNSEC NT,587200AK2,38241,30666000,PRN,,DFND,1234,30666000,0,0
104,MERITAGE HOMES CORP,CV SR UNSEC NT,59001AAR3,4932,4604000,PRN,,DFND,1234,4604000,0,0
105,METALICO INC,COMMON STOCK,591176102,1388,3766505,SH,,DFND,1234,3766505,0,0
106,MGIC INVESTMENT CORP,COMMON STOCK,552848103,96589,10030000,SH,,DFND,1234,10030000,0,0
107,MOBILE TELESYSTEMS-SP ADR,ADR,607409109,31501,3118957,SH,,DFND,1234,3118957,0,0
108,MOLINA HEALTHCARE INC,CV SR UNSEC NT,60855RAD2,29649,22900000,PRN,,DFND,1234,22900000,0,0
109,NATIONAL BANK OF GREECE-ADR,ADR,633643705,2408,1881400,SH,,DFND,1234,1881400,0,0
110,NMI HOLDINGS INC-CLASS A,COMMON STOCK,629209305,27839,3716774,SH,,DFND,1234,3716774,0,0
111,NRG ENERGY INC,COMMON STOCK,629377508,17960,713000,SH,,DFND,1234,713000,0,0
112,NUANCE COMMUNICATIONS,CV SR UNSEC NT,67020YAF7,16754,16852000,PRN,,DFND,1234,16852000,0,0
113,NUVASIVE INC,CV SR UNSEC NT,670704AC9,105928,84553000,PRN,,DFND,1234,84553000,0,0
114,NVIDIA CORP,CV SR UNSEC NT,67066GAC8,124106,105013000,PRN,,DFND,1234,105013000,0,0
115,NXP SEMICONDUCTOR NV,CV SR UNSEC NT 144A,N6596XAA7,140216,117600000,PRN,,DFND,1234,117600000,0,0
116,NY COMMUNITY CAP TRUST V,6% CV PFD (BONUSES) PNC,64944P307,3145,61960,SH,,DFND,1234,61960,0,0
117,OI SA-ADR,COMMON STOCK - ADR,670851302,565,346452,SH,,DFND,1234,346452,0,0
118,OI SA-ADR,PREFERRED STOCK ADR,670851401,1519,986395,SH,,DFND,1234,986395,0,0
119,OMNICARE INC,CV SR SUB NT CPDI,681904AQ1,100820,82624000,PRN,,DFND,1234,82624000,0,0
120,ON SEMICONDUCTOR CORP,CV SR SUB NT SER-B,682189AH8,48471,37584000,PRN,,DFND,1234,37584000,0,0
121,PAR PETROLEUM CORP,COMMON STOCK,69888T207,4429,190862,SH,,DFND,1234,190862,0,0
122,PDL BIOPHARMA INC,CV SR UNSEC NT,69329YAF1,9715,10138000,PRN,,DFND,1234,10138000,0,0
123,PENNYMAC CORP,CV SR UNSEC NT REIT,70932AAB9,15957,16480000,PRN,,DFND,1234,16480000,0,0
124,PETROLEO BRASILEIRO-SPON ADR,ADR,71654V408,44866,7465256,SH,,DFND,1234,7465256,0,0
125,PETROLEO BRASIL-SP PREF ADR,ADR,71654V101,3344,549100,SH,,DFND,1234,549100,0,0
126,PORTFOLIO RECOVERY ASSOCIATES,CV SR UNSEC NT,73640QAB1,75564,69900000,PRN,,DFND,1234,69900000,0,0
127,PRICELINE GROUP INC/THE,CV SR UNSEC NT,741503AS5,111536,97025000,PRN,,DFND,1234,97025000,0,0
128,PROSPECT CAPITAL CORP,CV SR UNSEC NT,74348TAD4,3531,3421000,PRN,,DFND,1234,3421000,0,0
129,PROSPECT CAPITAL CORP,CV SR UNSEC NT,74348TAL6,5705,5570000,PRN,,DFND,1234,5570000,0,0
130,RAIT FINANCIAL TRUST,CV SR UNSEC NT REIT,749227AB0,11607,13545000,PRN,,DFND,1234,13545000,0,0
131,REDWOOD TRUST INC,CV SR UNSEC NT REIT,758075AB1,2870,2899000,PRN,,DFND,1234,2899000,0,0
132,RESOURCE CAPITAL CORP,CV SR UNSEC NT REIT,76120WAA2,7952,8689000,PRN,,DFND,1234,8689000,0,0
133,ROCK-TENN COMPANY -CL A,COMMON STOCK,772739207,31800,493022,SH,,DFND,1234,493022,0,0
134,RTI INTERNATIONAL METALS,CV SR UNSEC NT,74973WAB3,78002,67602000,PRN,,DFND,1234,67602000,0,0
135,RYLAND GROUP,CV SR UNSEC NT PNC,783764AS2,3895,4000000,PRN,,DFND,1234,4000000,0,0
136,SALESFORCE.COM INC,CV SR UNSEC NT,79466LAD6,93720,77935000,PRN,,DFND,1234,77935000,0,0
137,SEACOR HOLDINGS INC,CV SR UNSEC NT CPDI,81170YAB5,15761,18046000,PRN,,DFND,1234,18046000,0,0
138,SEACOR HOLDINGS INC,CV SR UNSEC NT CPDI PNC,811904AM3,70669,68170000,PRN,,DFND,1234,68170000,0,0
139,SEQUENOM INC,CV SR UNSEC NT PNC,817337AB4,5289,5000000,PRN,,DFND,1234,5000000,0,0
140,SINA CORP,CV SR UNSEC NT,82922RAD5,12125,13350000,PRN,,DFND,1234,13350000,0,0
141,SOUFUN HOLDINGS LIMITED,CV SR UNSEC NT,836034AB4,11382,12650000,PRN,,DFND,1234,12650000,0,0
142,SPECTRANETICS CORP,CV SR UNSEC NT PNC,84760CAA5,59461,45797000,PRN,,DFND,1234,45797000,0,0
143,SPECTRUM PHARMACEUTICALS,CV SR UNSEC NT,84763AAB4,1377,1500000,PRN,,DFND,1234,1500000,0,0
144,SPIRIT REALTY CAPITAL INC,CV SR UNSEC NT REIT,84860WAA0,12307,12260000,PRN,,DFND,1234,12260000,0,0
145,STAR BULK CARRIERS CORP,COMMON STOCK,Y8162K121,298221,82154649,SH,,DFND,1234,82154649,0,0
146,STARWOOD PROPERTY TRUST,CV SR UNSEC NT REIT,85571BAC9,14619,14000000,PRN,,DFND,1234,14000000,0,0
147,STONE ENERGY CORP,CV SR UNSEC NT,861642AN6,4309,4757000,PRN,,DFND,1234,4757000,0,0
148,STORE CAPITAL CORP,COMMON STOCK REIT,862121100,1918170,82148644,SH,,DFND,1234,82148644,0,0
149,SUNPOWER CORP,CV SR UNSEC NT,867652AG4,12094,8654000,PRN,,DFND,1234,8654000,0,0
150,SYNCHRONOSS TECHNOLOGIES,CV SR UNSEC NT,87157BAA1,59299,50993000,PRN,,DFND,1234,50993000,0,0
151,TAIWAN SEMICONDUCTOR-SP ADR,ADR,874039100,93044,3962687,SH,,DFND,1234,3962687,0,0
152,TATA MOTORS LTD-SPON ADR,ADR,876568502,38413,852489,SH,,DFND,1234,852489,0,0
153,TELECOM ARGENTINA SA-SP ADR,COMMON STOCK ADR,879273209,11805,519851,SH,,DFND,1234,519851,0,0
154,TERNIUM SA-SPONSORED ADR,ADR,880890108,2190,121200,SH,,DFND,1234,121200,0,0
155,TESLA MOTORS INC,CV SR UNSEC NT,88160RAC5,7910,9370000,PRN,,DFND,1234,9370000,0,0
156,TITAN MACHINERY INC,CV SR UNSEC NT,88830RAB7,9646,13753000,PRN,,DFND,1234,13753000,0,0
157,TOWNSQUARE MEDIA INC - CL A,COMMON STOCK,892231101,20496,1595224,SH,,DFND,1234,1595224,0,0
158,TRIBUNE MEDIA CO - A,COMMON STOCK,896047503,1141129,18765484,SH,,DFND,1234,18765484,0,0
159,TRIBUNE PUBLISHING CO,COMMON STOCK,896082104,91013,4691371,SH,,DFND,1234,4691371,0,0
160,TRINA SOLAR LTD-SPON ADR,ADR,89628E104,47235,3906963,SH,,DFND,1234,3906963,0,0
161,TTM TECHNOLOGIES,CV SR UNSEC NT,87305RAC3,11485,11287000,PRN,,DFND,1234,11287000,0,0
162,TTM TECHNOLOGIES INC,CV SR UNSEC NT,87305RAD1,45242,41196000,PRN,,DFND,1234,41196000,0,0
163,UNITED STATES STEEL CORP,CV SR UNSEC NT PNC,912909AH1,36590,30000000,PRN,,DFND,1234,30000000,0,0
164,UTI WORLDWIDE INC,CV SR UNSEC NT,90349LAB0,51197,46135000,PRN,,DFND,1234,46135000,0,0
165,VALE SA-SP PREF ADR,ADR,91912E204,37209,7672044,SH,,DFND,1234,7672044,0,0
166,VECTOR GROUP LTD,CV SR UNSEC NT,92240MBC1,7533,7000000,PRN,,DFND,1234,7000000,0,0
167,VERINT SYSTEMS INC,CV SR UNSEC NT,92343XAA8,103762,89015000,PRN,,DFND,1234,89015000,0,0
168,VERSO CORP,COMMON STOCK,92531L108,4642,2578897,SH,,DFND,1234,2578897,0,0
169,VIMPELCOM LTD-SPON ADR,COMMON STOCK ADR,92719A106,8797,1678900,SH,,DFND,1234,1678900,0,0
170,VISHAY INTERTECHNOLOGY INC,COMMON STOCK,928298108,30058,2175000,SH,,DFND,1234,2175000,0,0
171,WEB.COM GROUP INC,CV SR UNSEC NT PNC,94733AAA2,11275,12181000,PRN,,DFND,1234,12181000,0,0
172,WEBMD HEALTH CORP,CV SR UNSEC NT,94770VAF9,18584,18300000,PRN,,DFND,1234,18300000,0,0
173,WEBMD HEALTH CORP,CV UNSEC NT,94770VAK8,34784,32425000,PRN,,DFND,1234,32425000,0,0
174,WELLS FARGO & COMPANY,7.50% CV PFD CL-A SER-L PERP PNC,949746804,11783,9658,SH,,DFND,1234,9658,0,0
175,WILLIAMS PARTNERS LP,COMMON STOCK,96949L105,5005,101695,SH,,DFND,1234,101695,0,0
176,YANDEX NV,COMMON STOCK,N97284108,993,65500,SH,,DFND,1234,65500,0,0
177,YANDEX NV,CV SR UNSEC NT,98474TAB3,6756,8156000,PRN,,DFND,1234,8156000,0,0
