CUSIP,status,NAME OF ISSUER,(x$1000)_old,PRN AMT_old,(x$1000),PRN AMT,(x$1000)_change,PRN AMT_change
21240E105,Not New,CONTROLADORA VUELA COMP DE A,12298.0,990161.0,7139.0,990161.0,-5159.0,0.0
22788C105,Not New,CROWDSTRIKE HLDGS INC,1991.0,9400.0,1565.0,11400.0,-426.0,2000.0
09260D107,Not New,BLACKSTONE GROUP INC,38335.0,591500.0,30876.0,591500.0,-7459.0,0.0
03768E105,Not New,APOLLO GLOBAL MGMT INC,7670.0,156602.0,7008.0,156602.0,-662.0,0.0
04342Y104,New Holding,ASANA INC,,,370.0,12520.0,,
79466L302,Sold Out,SALESFORCE COM INC,13571.0,54000.0,,,,
N14506104,Not New,ELASTIC N V,3054.0,20900.0,1446.0,13400.0,-1608.0,-7500.0
747525103,Not New,QUALCOMM INC,24908.0,163500.0,19241.0,163500.0,-5667.0,0.0
98138H101,Not New,WORKDAY INC,3570.0,14900.0,2539.0,11800.0,-1031.0,-3100.0
78489X103,Not New,SVMK INC,6102.0,238837.0,5281.0,238837.0,-821.0,0.0
09857L108,New Holding,BOOKING HOLDINGS INC,,,1893.0,850.0,,
023135106,Not New,AMAZON COM INC,2508.0,770.0,2613.0,830.0,105.0,60.0
55087P104,Not New,LYFT INC,1125.0,22900.0,1212.0,44000.0,87.0,21100.0
683416101,Not New,OOMA INC,10668.0,740854.0,9668.0,740854.0,-1000.0,0.0
254687106,New Holding,DISNEY WALT CO,,,996.0,5500.0,,
82509L107,Sold Out,SHOPIFY INC,614.0,600.0,,,,
72341T103,Sold Out,PING IDENTITY HLDG CORP,1495.0,47900.0,,,,
02083G100,Not New,ALPINE IMMUNE SCIENCES INC,1735.0,137728.0,1211.0,137728.0,-524.0,0.0
595112103,Not New,MICRON TECHNOLOGY INC,33553.0,446300.0,21348.0,454600.0,-12205.0,8300.0
60879B107,Not New,MOMO INC,370.0,26500.0,365.0,26500.0,-5.0,0.0
256163106,New Holding,DOCUSIGN INC,,,1245.0,5600.0,,
912008109,New Holding,US FOODS HLDG CORP,,,1192.0,35800.0,,
337738108,New Holding,FISERV INC,,,1788.0,15700.0,,
90138A103,New Holding,21VIANET GROUP INC,,,2338.0,67400.0,,
949746101,Not New,WELLS FARGO CO NEW,664.0,22000.0,1293.0,55000.0,629.0,33000.0
907818108,Sold Out,UNION PAC CORP,1516.0,7700.0,,,,
30303M102,Not New,FACEBOOK INC,41029.0,150200.0,37897.0,144700.0,-3132.0,-5500.0
594918104,Not New,MICROSOFT CORP,36210.0,162800.0,33779.0,160600.0,-2431.0,-2200.0
G0772R208,Not New,BANK OF NT BUTTERFIELD&SON L,897.0,28800.0,642.0,28800.0,-255.0,0.0
53619W101,Not New,LINX SA,422.0,59500.0,191.0,31000.0,-231.0,-28500.0
852312305,New Holding,STAAR SURGICAL CO,,,325.0,4100.0,,
G85158106,Not New,STONECO LTD,814.0,9700.0,513.0,9700.0,-301.0,0.0
90353T100,Not New,UBER TECHNOLOGIES INC,3121.0,61200.0,1485.0,40700.0,-1636.0,-20500.0
852234103,Sold Out,SQUARE INC,569.0,3500.0,,,,
00650F109,Not New,ADAPTIVE BIOTECHNOLOGIES COR,65954.0,1115411.0,54242.0,1115411.0,-11712.0,0.0
443573100,New Holding,HUBSPOT INC,,,1586.0,4000.0,,
87165B103,Not New,SYNCHRONY FINANCIAL,299.0,8600.0,1955.0,74700.0,1656.0,66100.0
N00985106,Not New,AERCAP HOLDINGS NV,64420.0,1413334.0,35468.0,1408034.0,-28952.0,-5300.0
783513203,Not New,RYANAIR HOLDINGS PLC,9010.0,81927.0,6698.0,81927.0,-2312.0,0.0
02005N100,Not New,ALLY FINL INC,1587.0,44500.0,2231.0,89000.0,644.0,44500.0
18915M107,Sold Out,CLOUDFLARE INC,1642.0,40000.0,,,,
78442P106,Not New,SLM CORP,25519.0,2059655.0,16663.0,2059655.0,-8856.0,0.0
02079K107,Not New,ALPHABET INC,24158.0,13790.0,19972.0,13590.0,-4186.0,-200.0
30212P303,Sold Out,EXPEDIA GROUP INC,1485.0,16200.0,,,,
60937P106,Sold Out,MONGODB INC,625.0,2700.0,,,,
88339J105,Sold Out,THE TRADE DESK INC,778.0,1500.0,,,,
018581108,Not New,ALLIANCE DATA SYSTEMS CORP,2023.0,27300.0,462.0,11000.0,-1561.0,-16300.0
L8681T102,Not New,SPOTIFY TECHNOLOGY S A,2794.0,8879.0,2154.0,8879.0,-640.0,0.0
81141R100,Not New,SEA LTD,2289.0,11500.0,1771.0,11500.0,-518.0,0.0
