CUSIP,status,NAME OF ISSUER,(x$1000)_old,PRN AMT_old,(x$1000),PRN AMT,(x$1000)_change,PRN AMT_change
45866F104,Not New,INTERCONTINENTAL EXCHANGE IN,5765.0,50000.0,5003.0,50000.0,-762.0,0.0
682143AG7,Not New,OMEROS CORP,11767.0,11000000.0,9510.0,11000000.0,-2257.0,0.0
530307305,Not New,LIBERTY BROADBAND CORP,836473.0,5281767.0,754606.0,5281767.0,-81867.0,0.0
45845PAA6,New Holding,INTERCEPT PHARMACEUTICALS IN,,,8386.0,10545000.0,,
34960P101,New Holding,FORTRESS TRANS INFRST INVS L,,,15178.0,646977.0,,
958669103,Not New,WESTERN MIDSTREAM PARTNERS L,1307.0,94550.0,756.0,94550.0,-551.0,0.0
237194105,Not New,DARDEN RESTAURANTS INC,60191.0,505299.0,102540.0,1017866.0,42349.0,512567.0
559080106,Not New,MAGELLAN MIDSTREAM PRTNRS LP,3467.0,81700.0,2794.0,81700.0,-673.0,0.0
63938C108,Not New,NAVIENT CORPORATION,5118.0,521142.0,3559.0,421142.0,-1559.0,-100000.0
278265103,New Holding,EATON VANCE CORP,,,17662.0,260000.0,,
45782BAD6,Not New,INSEEGO CORP,2448.0,1835000.0,1796.0,1835000.0,-652.0,0.0
29446M102,Sold Out,EQUINOR ASA,1406.0,100000.0,,,,
68213N109,Sold Out,OMNICELL COM,1133.0,15169.0,,,,
845467109,New Holding,SOUTHWESTERN ENERGY CO,,,288.0,96781.0,,
023135106,New Holding,AMAZON COM INC,,,18177.0,5581.0,,
70932M107,Not New,PENNYMAC FINL SVCS INC NEW,28436.0,433351.0,23619.0,406386.0,-4817.0,-26965.0
461203AL5,Not New,INVACARE CORP,13217.0,13500000.0,12140.0,13500000.0,-1077.0,0.0
78464A474,Not New,SPDR SER TR,34948.0,1113000.0,34915.0,1113000.0,-33.0,0.0
886547108,Not New,TIFFANY & CO NEW,7015.0,53365.0,6335.0,54683.0,-680.0,1318.0
886547108,Not New,TIFFANY & CO NEW,7015.0,53365.0,9847.0,85000.0,2832.0,31635.0
50212V100,Not New,LPL FINL HLDGS INC,27506.0,263923.0,24653.0,321547.0,-2853.0,57624.0
69331C108,Not New,PG&E CORP,3738.0,300000.0,13680.0,1456891.0,9942.0,1156891.0
69331C108,Not New,PG&E CORP,3738.0,300000.0,9390.0,1000000.0,5652.0,700000.0
26922A842,New Holding,ETF SER SOLUTIONS,,,14771.0,660000.0,,
94419LAF8,Not New,WAYFAIR INC,38722.0,23000000.0,58080.0,28000000.0,19358.0,5000000.0
G5876H105,New Holding,MARVELL TECHNOLOGY GROUP LTD,,,3566.0,75000.0,,
395366AB3,Not New,GREENLIGHT CAP RE LTD,8803.0,10250000.0,8292.0,10250000.0,-511.0,0.0
337930705,Sold Out,FLAGSTAR BANCORP INC,2222.0,75000.0,,,,
02079K305,Not New,ALPHABET INC,34290.0,19565.0,25673.0,17517.0,-8617.0,-2048.0
78410G104,Not New,SBA COMMUNICATIONS CORP NEW,13134.0,46554.0,11667.0,36634.0,-1467.0,-9920.0
682143AE2,Not New,OMEROS CORP,3891.0,3600000.0,3421.0,3600000.0,-470.0,0.0
91332U101,Sold Out,UNITY SOFTWARE INC,26184.0,300000.0,,,,
011659109,New Holding,ALASKA AIR GROUP INC,,,9082.0,174652.0,,
24790A101,Not New,DENBURY INC,20258.0,788569.0,1473.0,83680.0,-18785.0,-704889.0
87236Y108,Sold Out,TD AMERITRADE HLDG CORP,29388.0,750656.0,,,,
G21810109,New Holding,CLARIVATE PLC,,,62239.0,2094869.0,,
16411RAG4,Not New,CHENIERE ENERGY INC,6779.0,8625000.0,9818.0,13625000.0,3039.0,5000000.0
69608A108,Not New,PALANTIR TECHNOLOGIES INC,434675.0,18457516.0,175346.0,18457516.0,-259329.0,0.0
81369Y506,New Holding,SELECT SECTOR SPDR TR,,,5685.0,150000.0,,
81369Y506,New Holding,SELECT SECTOR SPDR TR,,,75800.0,2000000.0,,
02005N100,New Holding,ALLY FINL INC,,,24647.0,691168.0,,
882508104,New Holding,TEXAS INSTRS INC,,,10555.0,64309.0,,
872590104,Not New,T-MOBILE US INC,71755.0,532112.0,64903.0,567529.0,-6852.0,35417.0
60877T100,Sold Out,MOMENTA PHARMACEUTICALS INC,3149.0,60000.0,,,,
393222AF1,Not New,GREEN PLAINS INC,10618.0,11050000.0,10535.0,11050000.0,-83.0,0.0
37045V100,Not New,GENERAL MTRS CO,18240.0,438048.0,17680.0,597500.0,-560.0,159452.0
37045V100,Not New,GENERAL MTRS CO,18240.0,438048.0,4675.0,158000.0,-13565.0,-280048.0
65473P105,Not New,NISOURCE INC,3441.0,150000.0,3300.0,150000.0,-141.0,0.0
34417P100,Not New,FOCUS FINL PARTNERS INC,24776.0,569558.0,19175.0,584792.0,-5601.0,15234.0
68268W103,Not New,ONEMAIN HLDGS INC,18483.0,383782.0,11295.0,361438.0,-7188.0,-22344.0
81141R100,Not New,SEA LTD,22009.0,110571.0,33812.0,219500.0,11803.0,108929.0
29452E101,Not New,EQUITABLE HLDGS INC,11690.0,456826.0,8333.0,456826.0,-3357.0,0.0
269442AB5,Not New,EAGLE BULK SHIPPING INC,840.0,1025000.0,7790.0,10525000.0,6950.0,9500000.0
536797103,New Holding,LITHIA MTRS INC,,,11498.0,39288.0,,
91324P102,New Holding,UNITEDHEALTH GROUP INC,,,7014.0,20000.0,,
46267XAE8,New Holding,IQIYI INC,,,4952.0,5000000.0,,
867652AL3,New Holding,SUNPOWER CORP,,,9903.0,7636000.0,,
63934E108,Sold Out,NAVISTAR INTL CORP NEW,1959.0,45000.0,,,,
G037AX101,Not New,AMBARELLA INC,2296.0,25000.0,2609.0,50000.0,313.0,25000.0
26142R104,Sold Out,DRAFTKINGS INC,139061.0,2363380.0,,,,
452907108,Sold Out,IMMUNOMEDICS INC,32660.0,384096.0,,,,
29273V100,Not New,ENERGY TRANSFER LP,2953.0,477750.0,2589.0,477750.0,-364.0,0.0
032654105,Not New,ANALOG DEVICES INC,10770.0,72900.0,17511.0,150000.0,6741.0,77100.0
08180DAB2,Not New,BENEFITFOCUS INC,1854.0,2100000.0,14722.0,18116000.0,12868.0,16016000.0
N6596X109,Not New,NXP SEMICONDUCTORS N V,16016.0,100722.0,8737.0,70000.0,-7279.0,-30722.0
110122157,Sold Out,BRISTOL-MYERS SQUIBB CO,281.0,125000.0,,,,
461203AJ0,Not New,INVACARE CORP,13805.0,14500000.0,12153.0,14500000.0,-1652.0,0.0
23331A109,Not New,D R HORTON INC,255273.0,3703905.0,230974.0,3054004.0,-24299.0,-649901.0
464287242,Not New,ISHARES TR,219085.0,1586081.0,180657.0,1341081.0,-38428.0,-245000.0
00507V109,Not New,ACTIVISION BLIZZARD INC,120521.0,1298016.0,88840.0,1097466.0,-31681.0,-200550.0
98954MAG6,Not New,ZILLOW GROUP INC,52738.0,17500000.0,41836.0,17500000.0,-10902.0,0.0
51602UAC2,New Holding,LANNETT CO INC,,,8542.0,13500000.0,,
38119TAG9,Not New,GOLDEN STAR RES LTD CDA,4699.0,4365000.0,4954.0,4365000.0,255.0,0.0
912909AT5,New Holding,UNITED STATES STL CORP NEW,,,19574.0,13000000.0,,
294600101,Not New,EQUITRANS MIDSTREAM CORP,1079.0,134200.0,1135.0,134200.0,56.0,0.0
90353T100,New Holding,UBER TECHNOLOGIES INC,,,7824.0,153406.0,,
03823UAB8,Not New,APPLIED OPTOELECTRONICS INC,4362.0,5000000.0,4611.0,5000000.0,249.0,0.0
68902V107,Not New,OTIS WORLDWIDE CORP,50182.0,742888.0,50095.0,802547.0,-87.0,59659.0
05352A100,Sold Out,AVANTOR INC,2929.0,130248.0,,,,
87165B103,New Holding,SYNCHRONY FINANCIAL,,,22103.0,636797.0,,
88163VAE9,Sold Out,TEVA PHARMACEUTICAL FIN LLC,14379.0,14620000.0,,,,
28414H103,New Holding,ELANCO ANIMAL HEALTH INC,,,46005.0,1500000.0,,
925652109,Not New,VICI PPTYS INC,77559.0,3041540.0,128353.0,5492229.0,50794.0,2450689.0
387328AB3,New Holding,GRANITE CONSTR INC,,,25034.0,23000000.0,,
293792107,Not New,ENTERPRISE PRODS PARTNERS L,3722.0,190000.0,3000.0,190000.0,-722.0,0.0
09257W100,Sold Out,BLACKSTONE MTG TR INC,6646.0,302500.0,,,,
G0750C108,Not New,AXALTA COATING SYS LTD,14500.0,507890.0,6799.0,306666.0,-7701.0,-201224.0
53069QAB5,Not New,LIBERTY LATIN AMERICA LTD,21887.0,23041000.0,14685.0,17906000.0,-7202.0,-5135000.0
816307300,Not New,SELECTQUOTE INC,115278.0,5555556.0,112500.0,5555556.0,-2778.0,0.0
91879Q109,New Holding,VAIL RESORTS INC,,,5216.0,18697.0,,
25470M109,New Holding,DISH NETWORK CORPORATION,,,5660.0,175000.0,,
81369Y886,Not New,SELECT SECTOR SPDR TR,12540.0,200000.0,29690.0,500000.0,17150.0,300000.0
81369Y886,Not New,SELECT SECTOR SPDR TR,62700.0,1000000.0,29690.0,500000.0,-33010.0,-500000.0
00123Q104,Not New,AGNC INVT CORP,21383.0,1370706.0,24545.0,1764581.0,3162.0,393875.0
46090E103,Not New,INVESCO QQQ TR,353859.0,1127872.0,313368.0,1127872.0,-40491.0,0.0
483379103,New Holding,KALEYRA INC,,,2728.0,276676.0,,
22788C105,New Holding,CROWDSTRIKE HLDGS INC,,,7687.0,36290.0,,
889478103,Not New,TOLL BROTHERS INC,8496.0,195447.0,7716.0,158578.0,-780.0,-36869.0
566330106,Sold Out,MARCUS CORP DEL,1149.0,148668.0,,,,
23804L103,New Holding,DATADOG INC,,,6572.0,66760.0,,
61179L100,Sold Out,MONTAGE RES CORP,228.0,51877.0,,,,
Y0436Q109,New Holding,ATLAS CORP,,,1353.0,124850.0,,
668771108,Not New,NORTONLIFELOCK INC,70247.0,3380518.0,48218.0,2313742.0,-22029.0,-1066776.0
747525103,New Holding,QUALCOMM INC,,,11490.0,75424.0,,
09857L108,New Holding,BOOKING HOLDINGS INC,,,8027.0,3604.0,,
98422LAA5,Sold Out,XERIS PHARMACEUTICALS INC,13597.0,6986000.0,,,,
254687106,Not New,DISNEY WALT CO,46623.0,257328.0,18612.0,150000.0,-28011.0,-107328.0
617446448,Not New,MORGAN STANLEY,6833.0,99701.0,4821.0,99701.0,-2012.0,0.0
44267D107,New Holding,HOWARD HUGHES CORP,,,2163.0,27409.0,,
H01301128,Not New,ALCON AG,45233.0,685557.0,39908.0,700762.0,-5325.0,15205.0
595112103,New Holding,MICRON TECHNOLOGY INC,,,11277.0,150000.0,,
538034AQ2,Not New,LIVE NATION ENTERTAINMENT IN,9105.0,7000000.0,7737.0,7000000.0,-1368.0,0.0
98954MAE1,New Holding,ZILLOW GROUP INC,,,37421.0,12500000.0,,
46429B671,Sold Out,ISHARES TR,15131.0,204000.0,,,,
81369Y704,Sold Out,SELECT SECTOR SPDR TR,31685.0,411600.0,,,,
464288646,Not New,ISHARES TR,61404.0,1113000.0,61115.0,1113000.0,-289.0,0.0
81141RAD2,New Holding,SEA LTD,,,67416.0,17000000.0,,
269246401,Sold Out,E TRADE FINANCIAL CORP,44792.0,894955.0,,,,
12572Q105,Not New,CME GROUP INC,5467.0,30028.0,5024.0,30028.0,-443.0,0.0
12769G100,Not New,CAESARS ENTERTAINMENT INC NE,14790.0,199135.0,15493.0,276373.0,703.0,77238.0
172967424,Sold Out,CITIGROUP INC,4086.0,94787.0,,,,
98978L204,Sold Out,ZOGENIX INC,2690.0,150000.0,,,,
81762P102,New Holding,SERVICENOW INC,,,13410.0,24362.0,,
552848103,Sold Out,MGIC INVT CORP WIS,10181.0,1149085.0,,,,
461203AH4,Not New,INVACARE CORP,2842.0,2973000.0,2604.0,2973000.0,-238.0,0.0
05541T101,Not New,BGC PARTNERS INC,10447.0,2611698.0,6268.0,2611698.0,-4179.0,0.0
92336XAA7,Not New,VEONEER INC,22177.0,18300000.0,17670.0,18300000.0,-4507.0,0.0
08653CAB2,New Holding,BEST INC,,,14656.0,20819000.0,,
30607B208,Not New,FALCON MINERALS CORP,156.0,1072500.0,86.0,1072500.0,-70.0,0.0
983919101,New Holding,XILINX INC,,,21683.0,152945.0,,
654106103,New Holding,NIKE INC,,,13376.0,94547.0,,
855185104,New Holding,STAR PEAK ENERGY TRANSITION,,,2046.0,100000.0,,
867224107,Sold Out,SUNCOR ENERGY INC NEW,3669.0,300000.0,,,,
34984VAC4,New Holding,FORUM ENERGY TECHNOLOGIES IN,,,8387.0,12804212.0,,
595017104,Sold Out,MICROCHIP TECHNOLOGY INC.,27535.0,267956.0,,,,
405217100,Not New,HAIN CELESTIAL GROUP INC,83318.0,2075179.0,150637.0,4391753.0,67319.0,2316574.0
45667GAC7,Not New,INFINERA CORP,5845.0,4683000.0,1854.0,2000000.0,-3991.0,-2683000.0
29364G103,Sold Out,ENTERGY CORP NEW,2463.0,25000.0,,,,
171871502,Not New,CINCINNATI BELL INC NEW,596.0,38985.0,2625.0,175000.0,2029.0,136015.0
46267X108,New Holding,IQIYI INC,,,1748.0,100000.0,,
282914100,Sold Out,8X8 INC NEW,1284.0,82600.0,,,,
30050BAD3,Not New,EVOLENT HEALTH INC,20353.0,23617000.0,18937.0,24117000.0,-1416.0,500000.0
337932107,Not New,FIRSTENERGY CORP,1531.0,50000.0,2871.0,100000.0,1340.0,50000.0
74767V109,New Holding,QUANTUMSCAPE CORP,,,279957.0,3315063.0,,
82968B103,Sold Out,SIRIUS XM HOLDINGS INC,7191.0,1341666.0,,,,
78462F103,Sold Out,SPDR S&P 500 ETF TR,50234.0,150000.0,,,,
36164V305,Sold Out,GCI LIBERTY INC,4619.0,56354.0,,,,
70614W100,Sold Out,PELOTON INTERACTIVE INC,1454.0,14652.0,,,,
89151E109,Not New,TOTAL SE,3143.0,75000.0,2573.0,75000.0,-570.0,0.0
16679L109,Sold Out,CHEWY INC,1297.0,23657.0,,,,
02376RAF9,New Holding,AMERICAN AIRLS GROUP INC,,,14621.0,11500000.0,,
38046CAD1,Not New,GOGO INC,25356.0,14860000.0,13544.0,8553000.0,-11812.0,-6307000.0
37247D106,Sold Out,GENWORTH FINL INC,117.0,35000.0,,,,
16119P108,Not New,CHARTER COMMUNICATIONS INC N,15134.0,22877.0,13330.0,21350.0,-1804.0,-1527.0
G7496G103,Sold Out,RENAISSANCERE HLDGS LTD,6749.0,39760.0,,,,
844741BG2,Not New,SOUTHWEST AIRLS CO,21130.0,14500000.0,18920.0,14500000.0,-2210.0,0.0
94419LAD3,Not New,WAYFAIR INC,61820.0,30252000.0,78017.0,30252000.0,16197.0,0.0
95790DAA3,Not New,WESTERN ASSET MTG CAP CORP,5939.0,6700000.0,16553.0,19200000.0,10614.0,12500000.0
03938L203,Not New,ARCELORMITTAL SA LUXEMBOURG,17610.0,768977.0,10993.0,829652.0,-6617.0,60675.0
65341B106,New Holding,NEXTERA ENERGY PARTNERS LP,,,3788.0,56500.0,,
45845PAB4,Not New,INTERCEPT PHARMACEUTICALS IN,19611.0,32298000.0,13548.0,19552000.0,-6063.0,-12746000.0
76120WAC8,Not New,RESOURCE CAP CORP,8274.0,8941000.0,8955.0,9941000.0,681.0,1000000.0
34960W106,Sold Out,FORTERRA INC,676.0,57155.0,,,,
G6095L109,Not New,APTIV PLC,15775.0,121079.0,11338.0,123666.0,-4437.0,2587.0
38341PAA0,Not New,GOSSAMER BIO INC,6069.0,6700000.0,6925.0,6700000.0,856.0,0.0
464287234,New Holding,ISHARES TR,,,129805.0,2512200.0,,
464287234,New Holding,ISHARES TR,,,103340.0,2000000.0,,
57772K101,Not New,MAXIM INTEGRATED PRODS INC,26797.0,302278.0,19902.0,294369.0,-6895.0,-7909.0
92840M102,Not New,VISTRA CORP,1573.0,80000.0,8110.0,430000.0,6537.0,350000.0
887399AA1,Not New,TIMKENSTEEL CORPORATION,7890.0,7915000.0,14860.0,17115000.0,6970.0,9200000.0
81727UAA3,New Holding,SENSEONICS HLDGS INC,,,736.0,1750000.0,,
336433107,Sold Out,FIRST SOLAR INC,1609.0,24300.0,,,,
693506107,Not New,PPG INDS INC,14062.0,97507.0,11109.0,91000.0,-2953.0,-6507.0
516012101,Not New,LANNET INC,3260.0,500000.0,3055.0,500000.0,-205.0,0.0
03852U106,Not New,ARAMARK,67355.0,1750400.0,52911.0,2000400.0,-14444.0,250000.0
92220P105,Not New,VARIAN MED SYS INC,24228.0,138440.0,24950.0,145058.0,722.0,6618.0
98422L107,Sold Out,XERIS PHARMACEUTICALS INC,25.0,4248.0,,,,
91680M107,New Holding,UPSTART HLDGS INC,,,24458.0,600208.0,,
636220303,Sold Out,NATIONAL GEN HLDGS CORP,13500.0,400000.0,,,,
38741LAC1,New Holding,GRANITE PT MTG TR INC,,,8100.0,8830000.0,,
26884L109,New Holding,EQT CORP,,,3559.0,280000.0,,
517834107,New Holding,LAS VEGAS SANDS CORP,,,15675.0,263000.0,,
21870UAC0,Not New,CORENERGY INFRASTRUCTURE TR,14129.0,19760000.0,14221.0,19760000.0,92.0,0.0
10948W103,Not New,BRIGHTSPHERE INVT GROUP INC,10844.0,562427.0,7900.0,612427.0,-2944.0,50000.0
464288414,Not New,ISHARES TR,28292.0,241400.0,27986.0,241400.0,-306.0,0.0
209115104,New Holding,CONSOLIDATED EDISON INC,,,3614.0,50000.0,,
