CUSIP,status,NAME OF ISSUER,(x$1000)_old,PRN AMT_old,(x$1000),PRN AMT,(x$1000)_change,PRN AMT_change
92556H206,Not New,VIACOMCBS INC,58495.0,1569920.0,43973.0,1569920.0,-14522.0,0.0
784730103,Not New,SSR MNG INC,26349.0,1310242.0,24462.0,1310242.0,-1887.0,0.0
88706P205,Sold Out,TIM PARTICIPACOES S A,11544.0,1001205.0,,,,
25470F302,Not New,DISCOVERY INC,180784.0,6902805.0,135295.0,6902805.0,-45489.0,0.0
69036R863,Not New,OVERSEAS SHIPHOLDING GROUP I,13482.0,6300000.0,13482.0,6300000.0,0.0,0.0
49741E100,Not New,KIRKLAND LAKE GOLD LTD,79050.0,1502853.0,73132.0,1502853.0,-5918.0,0.0
015351109,New Holding,ALEXION PHARMACEUTICALS INC,,,39060.0,250000.0,,
886029206,New Holding,THRYV HLDGS INC,,,43422.0,3216437.0,,
92556V106,New Holding,VIATRIS INC,,,215103.0,11478260.0,,
G46188101,Not New,HORIZON THERAPEUTICS PUB L,584574.0,7991440.0,519791.0,6691439.0,-64783.0,-1300001.0
30231G102,New Holding,EXXON MOBIL CORP,,,23289.0,565000.0,,
695127100,Not New,PACIRA BIOSCIENCES INC,84605.0,1413854.0,75487.0,1255608.0,-9118.0,-158246.0
874060205,Not New,TAKEDA PHARMACEUTICAL CO LTD,205584.0,11295846.0,201518.0,11295846.0,-4066.0,0.0
025676206,New Holding,AMERICAN EQTY INVT LIFE HLD,,,27660.0,1000000.0,,
75606N109,New Holding,REALPAGE INC,,,34896.0,400000.0,,
521865204,Sold Out,LEAR CORP,1102.0,10103.0,,,,
80007P869,Not New,SANDRIDGE ENERGY INC,2066.0,666535.0,1100.0,666535.0,-966.0,0.0
886547108,Sold Out,TIFFANY & CO NEW,68531.0,591552.0,,,,
78463V107,Not New,SPDR GOLD TR,337859.0,1894252.0,335510.0,1894252.0,-2349.0,0.0
78463V107,Not New,SPDR GOLD TR,3210.0,18000.0,335510.0,1894252.0,332300.0,1876252.0
44862P125,Not New,HYCROFT MINING HOLDING CORP,55.0,151507.0,43.0,151507.0,-12.0,0.0
46050R102,Not New,INTERNATIONAL TOWER HILL MIN,85464.0,61930724.0,82368.0,61930724.0,-3096.0,0.0
811916105,Not New,SEABRIDGE GOLD INC,33080.0,1570000.0,13146.0,700000.0,-19934.0,-870000.0
N72482123,Sold Out,QIAGEN NV,20814.0,400000.0,,,,
88706T108,New Holding,TIM S A,,,13937.0,1001205.0,,
65158N102,Not New,NEWMARK GROUP INC,17372.0,2383054.0,6696.0,1550000.0,-10676.0,-833054.0
450913108,Not New,IAMGOLD CORP,6790.0,1850000.0,7086.0,1850000.0,296.0,0.0
067901108,Not New,BARRICK GOLD CORP,80795.0,3546772.0,43480.0,1546772.0,-37315.0,-2000000.0
G30401106,Not New,ENDO INTL PLC,131588.0,18327012.0,47842.0,14497569.0,-83746.0,-3829443.0
035128206,Not New,ANGLOGOLD ASHANTI LIMITED,135139.0,5974331.0,183983.0,6974331.0,48844.0,1000000.0
876664103,Sold Out,TAUBMAN CTRS INC,13046.0,391886.0,,,,
29446Y502,Not New,EQUINOX GOLD CORP,25850.0,2500000.0,29275.0,2500000.0,3425.0,0.0
071734107,Not New,BAUSCH HEALTH COS INC,537452.0,25839035.0,401539.0,25839035.0,-135913.0,0.0
81369Y506,New Holding,SELECT SECTOR SPDR TR,,,22551.0,595000.0,,
74139C102,Not New,PRETIUM RES INC,27552.0,2400000.0,30816.0,2400000.0,3264.0,0.0
26884L109,New Holding,EQT CORP,,,8706.0,685000.0,,
89621C105,Not New,TRILOGY METALS INC NEW,28654.0,14326996.0,25645.0,14326996.0,-3009.0,0.0
N59465109,Sold Out,MYLAN NV,170223.0,11478260.0,,,,
66987E206,Not New,NOVAGOLD RES INC,214928.0,22226300.0,264271.0,22226300.0,49343.0,0.0
674599105,New Holding,OCCIDENTAL PETE CORP,,,20512.0,1185000.0,,
10948W103,Not New,BRIGHTSPHERE INVT GROUP INC,385611.0,20000552.0,258007.0,20000552.0,-127604.0,0.0
25470M109,Not New,DISH NETWORK CORPORATION,117095.0,3620750.0,105110.0,3620750.0,-11985.0,0.0
