CUSIP,status,NAME OF ISSUER,(x$1000)_old,PRN AMT_old,(x$1000),PRN AMT,(x$1000)_change,PRN AMT_change
G28314105,New Holding,DRAGONEER GROWTH OPPTY CORP,,,7994.0,700000.0,,
527064109,New Holding,LESLIES INC,,,124875.0,4500000.0,,
21077C107,New Holding,CONTEXTLOGIC INC,,,67078.0,3853050.0,,
74967X103,New Holding,RH,,,115662.0,258452.0,,
023135106,Not New,AMAZON COM INC,472255.0,145000.0,419190.0,215000.0,-53065.0,70000.0
69331C108,New Holding,PG&E CORP,,,1058293.0,84935257.0,,
N3167Y103,Not New,FERRARI N V,249029.0,1085000.0,165538.0,1085000.0,-83491.0,0.0
G8251L121,New Holding,SOCIAL CAPITAL HEDOSOPHA HLD,,,35502.0,2750000.0,,
02079K305,New Holding,ALPHABET INC,,,455686.0,260000.0,,
776696106,Sold Out,ROPER TECHNOLOGIES INC,85748.0,275000.0,,,,
G3312L129,New Holding,FAR PEAK ACQUISITION CORP,,,20700.0,2000000.0,,
235851102,Not New,DANAHER CORPORATION,666420.0,3000000.0,494124.0,3570000.0,-172296.0,570000.0
69608A108,New Holding,PALANTIR TECHNOLOGIES INC,,,54135.0,2356991.0,,
835699307,Sold Out,SONY CORP,39946.0,675000.0,,,,
33765Y200,New Holding,FIRSTMARK HORIZON ACQUISITIO,,,17100.0,1500000.0,,
344328117,New Holding,FOLEY TRASIMENE ACQUISITION,,,7650.0,1666666.0,,
458140100,New Holding,INTEL CORP,,,49820.0,1000000.0,,
72352L106,New Holding,PINTEREST INC,,,65900.0,1000000.0,,
H33700115,New Holding,GLOBAL BLUE GROUP HOLDING AG,,,2187.0,1333333.0,,
91324P102,New Holding,UNITEDHEALTH GROUP INC,,,112218.0,320000.0,,
G75130123,Sold Out,REPLAY ACQUISITION CORP,9810.0,1000000.0,,,,
109194100,New Holding,BRIGHT HORIZONS FAM SOL IN D,,,19890.0,114975.0,,
G50740128,New Holding,JAWS SPITFIRE ACQUISITION CO,,,33150.0,3000000.0,,
518439104,New Holding,LAUDER ESTEE COS INC,,,53238.0,200000.0,,
98954M200,New Holding,ZILLOW GROUP INC,,,71961.0,554400.0,,
110122157,Not New,BRISTOL-MYERS SQUIBB CO,4141.0,6000000.0,26600.0,7000000.0,22459.0,1000000.0
81761R109,Sold Out,SERVICEMASTER GLOBAL HLDGS I,83700.0,3100000.0,,,,
913017109,Sold Out,UNITED TECHNOLOGIES CORP,377320.0,4000000.0,,,,
071813109,Sold Out,BAXTER INTL INC,940180.0,11580000.0,,,,
G7483N111,New Holding,REINVENT TECHNOLOGY PARTNERS,,,36750.0,3000000.0,,
461202103,New Holding,INTUIT,,,379850.0,1000000.0,,
G58442115,New Holding,MARQUEE RAINE ACQUISITION CO,,,15162.0,1400000.0,,
G1195N121,New Holding,BLUESCAPE OPPORTUNITIES ACQU,,,22320.0,2000000.0,,
G8252P121,New Holding,SOCIAL CAPITAL HEDOSOPHA HLD,,,26360.0,2000000.0,,
294600101,New Holding,EQUITRANS MIDSTREAM CORP,,,104520.0,13000000.0,,
05352A100,Not New,AVANTOR INC,309650.0,11000000.0,62450.0,5000000.0,-247200.0,-6000000.0
362019200,New Holding,GO ACQUISITION CORP,,,31890.0,3000000.0,,
824348106,Sold Out,SHERWIN WILLIAMS CO,68928.0,150000.0,,,,
72703H101,New Holding,PLANET FITNESS INC,,,179007.0,2305900.0,,
30212P303,New Holding,EXPEDIA GROUP INC,,,158880.0,1200000.0,,
00724F101,Not New,ADOBE SYSTEMS INCORPORATED,227555.0,455000.0,211630.0,665000.0,-15925.0,210000.0
25470M109,New Holding,DISH NETWORK CORPORATION,,,23036.0,712300.0,,
01609W102,New Holding,ALIBABA GROUP HLDG LTD,,,325822.0,1400000.0,,
G0177J108,Sold Out,ALLERGAN PLC,763567.0,4311500.0,,,,
25809K105,New Holding,DOORDASH INC,,,28550.0,200000.0,,
09215C105,New Holding,BLACK KNIGHT INC,,,154612.0,1750000.0,,
79466L302,Not New,SALESFORCE COM INC,200277.0,900000.0,219570.0,1525000.0,19293.0,625000.0
30734W208,Sold Out,FAR PT ACQUISITION CORP,40601.0,4000000.0,,,,
48283N106,Not New,KADMON HLDGS INC,31545.0,7601115.0,39418.0,9407745.0,7873.0,1806630.0
31620M106,Not New,FIDELITY NATL INFORMATION SV,302218.0,2136422.0,285246.0,2345000.0,-16972.0,208578.0
H84989104,Not New,TE CONNECTIVITY LTD,187658.0,1550000.0,85023.0,1350000.0,-102635.0,-200000.0
254687106,Not New,DISNEY WALT CO,869664.0,4800000.0,137655.0,1425000.0,-732009.0,-3375000.0
69331C140,New Holding,PG&E CORP,,,98272.0,800000.0,,
44487N208,New Holding,HUMANCO ACQUISITION CORP,,,11020.0,1000000.0,,
344328109,New Holding,FOLEY TRASIMENE ACQUISITION,,,75500.0,5000000.0,,
762594208,New Holding,RICE ACQUISITION CORP,,,11310.0,1000000.0,,
H33700107,New Holding,GLOBAL BLUE GROUP HOLDING AG,,,118685.0,9129625.0,,
594918104,New Holding,MICROSOFT CORP,,,289146.0,1300000.0,,
893641100,New Holding,TRANSDIGM GROUP INC,,,300142.0,485000.0,,
47215P106,New Holding,JD.COM INC,,,298860.0,3400000.0,,
G23726121,New Holding,COHN ROBBINS HOLDINGS CORP,,,26875.0,2500000.0,,
449253103,Not New,IAA INC,643302.0,9900000.0,194740.0,6500000.0,-448562.0,-3400000.0
15135B101,Sold Out,CENTENE CORP DEL,387056.0,6515000.0,,,,
122017106,Not New,BURLINGTON STORES INC,436788.0,1670000.0,178268.0,1125000.0,-258520.0,-545000.0
148806102,New Holding,CATALENT INC,,,127486.0,1225000.0,,
30734W109,Sold Out,FAR PT ACQUISITION CORP,158808.0,15692500.0,,,,
654106103,New Holding,NIKE INC,,,141470.0,1000000.0,,
855185104,New Holding,STAR PEAK ENERGY TRANSITION,,,11560.0,565000.0,,
755111507,Sold Out,RAYTHEON CO,42820.0,326500.0,,,,
143130102,New Holding,CARMAX INC,,,120436.0,1275000.0,,
G0370L124,New Holding,ALTIMETER GROWTH CORP,,,19500.0,1500000.0,,
78409V104,Not New,S&P GLOBAL INC,295857.0,900000.0,189914.0,775000.0,-105943.0,-125000.0
16119P108,Not New,CHARTER COMMUNICATIONS INC N,496162.0,750000.0,130893.0,300000.0,-365269.0,-450000.0
46266C105,Not New,IQVIA HLDGS INC,324369.0,1810400.0,197923.0,1835000.0,-126446.0,24600.0
G82514129,New Holding,SOCIAL CAPITAL HEDOSOPHA HLD,,,16824.0,1150000.0,,
854502101,New Holding,STANLEY BLACK & DECKER INC,,,146034.0,817841.0,,
928881101,New Holding,VONTIER CORPORATION,,,40128.0,1201439.0,,
G6095L109,New Holding,APTIV PLC,,,195435.0,1500000.0,,
30303M102,New Holding,FACEBOOK INC,,,300476.0,1100000.0,,
750481103,New Holding,RADIUS GLOBAL INFRASTRCTRE I,,,57825.0,4500000.0,,
91680M107,New Holding,UPSTART HLDGS INC,,,520444.0,13381222.0,,
92826C839,Not New,VISA INC,339032.0,1550000.0,225568.0,1400000.0,-113464.0,-150000.0
G50744104,New Holding,JAWS ACQUISITION CORP,,,77108.0,5750000.0,,
G0682V117,New Holding,AVANTI ACQUISITION CORP,,,32520.0,3000000.0,,
464287457,Not New,ISHARES TR,4756.0,55060.0,4110.0,47424.0,-646.0,-7636.0
G74847123,New Holding,REINVENT TECHNOLOGY PARTNERS,,,13656.0,1200000.0,,
