CUSIP,status,NAME OF ISSUER,(x$1000)_old,PRN AMT_old,(x$1000),PRN AMT,(x$1000)_change,PRN AMT_change
650111107,Not New,NEW YORK TIMES CO,168403.0,3252900.0,143904.0,3363022.0,-24499.0,110122.0
36257Y109,Sold Out,GSX TECHEDU INC,4127.0,45800.0,,,,
36257Y109,Sold Out,GSX TECHEDU INC,6470.0,71800.0,,,,
36257Y109,Sold Out,GSX TECHEDU INC,10777.0,119600.0,,,,
171439102,Sold Out,CHURCHILL CAPITAL CORP IV,58646.0,5996568.0,,,,
98980F104,Not New,ZOOMINFO TECHNOLOGIES INC,5098.0,105700.0,4544.0,105700.0,-554.0,0.0
98980F104,Not New,ZOOMINFO TECHNOLOGIES INC,5098.0,105700.0,4544.0,105700.0,-554.0,0.0
98980F104,Not New,ZOOMINFO TECHNOLOGIES INC,5098.0,105700.0,4544.0,105700.0,-554.0,0.0
98980F104,Not New,ZOOMINFO TECHNOLOGIES INC,5098.0,105700.0,4544.0,105700.0,-554.0,0.0
060505682,Sold Out,BK OF AMERICA CORP,17771.0,11906.0,,,,
984249607,Not New,YRC WORLDWIDE INC,313.0,70700.0,277.0,70700.0,-36.0,0.0
984249607,Not New,YRC WORLDWIDE INC,313.0,70700.0,277.0,70700.0,-36.0,0.0
984249607,Not New,YRC WORLDWIDE INC,313.0,70700.0,277.0,70700.0,-36.0,0.0
984249607,Not New,YRC WORLDWIDE INC,313.0,70700.0,277.0,70700.0,-36.0,0.0
98138HAF8,Not New,WORKDAY INC,50279.0,30000000.0,58881.0,38211000.0,8602.0,8211000.0
92940WAB5,Sold Out,WIX COM LTD,6093.0,3240000.0,,,,
02079K305,Not New,ALPHABET INC,397879.0,227017.0,119408.0,81474.0,-278471.0,-145543.0
428304307,New Holding,HEXO CORP,,,20.0,5475.0,,
428304307,New Holding,HEXO CORP,,,20.0,5475.0,,
88160R101,Not New,TESLA INC,10707837.0,15174000.0,6509798.0,15174000.0,-4198039.0,0.0
090040AB2,Not New,BILIBILI INC,62426.0,18000000.0,31853.0,18000000.0,-30573.0,0.0
198287203,Sold Out,COLUMBIA PPTY TR INC,0.0,1.0,,,,
198287203,Sold Out,COLUMBIA PPTY TR INC,4974.0,455945.0,,,,
69608A108,New Holding,PALANTIR TECHNOLOGIES INC,,,5678.0,241100.0,,
69608A108,New Holding,PALANTIR TECHNOLOGIES INC,,,1766.0,75000.0,,
69608A108,New Holding,PALANTIR TECHNOLOGIES INC,,,7444.0,316100.0,,
69608A108,New Holding,PALANTIR TECHNOLOGIES INC,,,12861.0,546100.0,,
382864114,New Holding,GORES HLDGS V INC,,,624.0,300000.0,,
G0411R122,New Holding,APOLLO STRATEGIC GROWTH CAPT,,,10930.0,1000000.0,,
77311W101,Not New,ROCKET COS INC,3296.0,163000.0,4016.0,201500.0,720.0,38500.0
77311W101,Not New,ROCKET COS INC,3296.0,163000.0,4016.0,201500.0,720.0,38500.0
77311W101,Not New,ROCKET COS INC,3296.0,163000.0,15944.0,800000.0,12648.0,637000.0
77311W101,Not New,ROCKET COS INC,7077.0,350000.0,4016.0,201500.0,-3061.0,-148500.0
77311W101,Not New,ROCKET COS INC,7077.0,350000.0,4016.0,201500.0,-3061.0,-148500.0
77311W101,Not New,ROCKET COS INC,7077.0,350000.0,15944.0,800000.0,8867.0,450000.0
77311W101,Not New,ROCKET COS INC,8351.0,413000.0,4016.0,201500.0,-4335.0,-211500.0
77311W101,Not New,ROCKET COS INC,8351.0,413000.0,4016.0,201500.0,-4335.0,-211500.0
77311W101,Not New,ROCKET COS INC,8351.0,413000.0,15944.0,800000.0,7593.0,387000.0
18978W117,New Holding,CM LIFE SCIENCES INC,,,347.0,123370.0,,
349885111,Sold Out,FORUM MERGER III CORP,406.0,216666.0,,,,
G3R39W102,New Holding,EMPOWER LTD,,,7378.0,737075.0,,
435063102,New Holding,HOLICITY INC,,,1011.0,99998.0,,
707569AU3,Sold Out,PENN NATL GAMING INC,48324.0,15000000.0,,,,
05478C105,Sold Out,AZEK CO INC,4925.0,141487.0,,,,
36258Q113,Not New,GS ACQUISITION HLDGS CORP II,258.0,100000.0,412.0,192000.0,154.0,92000.0
98138J206,New Holding,WORKHORSE GROUP INC,,,2057.0,104000.0,,
98138J206,New Holding,WORKHORSE GROUP INC,,,2057.0,104000.0,,
G46044106,New Holding,HORIZON ACQUISITION CORPORAT,,,5714.0,553126.0,,
443761101,Sold Out,HUDSON EXECUTIVE INVT CORP,4493.0,457087.0,,,,
670704AG0,Not New,NUVASIVE INC,13212.0,13000000.0,48922.0,47450000.0,35710.0,34450000.0
G1739V118,Sold Out,BROADSTONE ACQUISITION CORP,14457.0,1450000.0,,,,
075887109,Not New,BECTON DICKINSON & CO,20191.0,80692.0,10834.0,46561.0,-9357.0,-34131.0
92537N116,Sold Out,VERTIV HOLDINGS CO,498.0,78013.0,,,,
143658300,Not New,CARNIVAL CORP,3706.0,171100.0,2597.0,171100.0,-1109.0,0.0
G01046104,New Holding,AEA-BRIDGES IMPACT CORP,,,8958.0,886961.0,,
984017103,Sold Out,XENIA HOTELS & RESORTS INC,5165.0,588239.0,,,,
G65305107,New Holding,NEXTGEN ACQUISITION CORP,,,1945.0,193156.0,,
349642108,New Holding,FORTRESS VALUE ACQUISITION I,,,4656.0,433904.0,,
55024UAB5,Not New,LUMENTUM HLDGS INC,17309.0,10450000.0,14617.0,10450000.0,-2692.0,0.0
382865103,Sold Out,GORES HLDGS IV INC,361.0,35000.0,,,,
51476H118,New Holding,LANDCADIA HOLDINGS III INC,,,399.0,175000.0,,
G66721104,Not New,NORWEGIAN CRUISE LINE HLDG L,7337.0,288500.0,4936.0,288500.0,-2401.0,0.0
G66721104,Not New,NORWEGIAN CRUISE LINE HLDG L,7337.0,288500.0,4936.0,288500.0,-2401.0,0.0
G66721104,Not New,NORWEGIAN CRUISE LINE HLDG L,7337.0,288500.0,4474.0,261473.0,-2863.0,-27027.0
G66721104,Not New,NORWEGIAN CRUISE LINE HLDG L,7337.0,288500.0,6642.0,388200.0,-695.0,99700.0
G66721104,Not New,NORWEGIAN CRUISE LINE HLDG L,7337.0,288500.0,4936.0,288500.0,-2401.0,0.0
G66721104,Not New,NORWEGIAN CRUISE LINE HLDG L,7337.0,288500.0,4936.0,288500.0,-2401.0,0.0
G66721104,Not New,NORWEGIAN CRUISE LINE HLDG L,7337.0,288500.0,4474.0,261473.0,-2863.0,-27027.0
G66721104,Not New,NORWEGIAN CRUISE LINE HLDG L,7337.0,288500.0,6642.0,388200.0,-695.0,99700.0
G66721104,Not New,NORWEGIAN CRUISE LINE HLDG L,9823.0,386288.0,4936.0,288500.0,-4887.0,-97788.0
G66721104,Not New,NORWEGIAN CRUISE LINE HLDG L,9823.0,386288.0,4936.0,288500.0,-4887.0,-97788.0
G66721104,Not New,NORWEGIAN CRUISE LINE HLDG L,9823.0,386288.0,4474.0,261473.0,-5349.0,-124815.0
G66721104,Not New,NORWEGIAN CRUISE LINE HLDG L,9823.0,386288.0,6642.0,388200.0,-3181.0,1912.0
G66721104,Not New,NORWEGIAN CRUISE LINE HLDG L,9872.0,388200.0,4936.0,288500.0,-4936.0,-99700.0
G66721104,Not New,NORWEGIAN CRUISE LINE HLDG L,9872.0,388200.0,4936.0,288500.0,-4936.0,-99700.0
G66721104,Not New,NORWEGIAN CRUISE LINE HLDG L,9872.0,388200.0,4474.0,261473.0,-5398.0,-126727.0
G66721104,Not New,NORWEGIAN CRUISE LINE HLDG L,9872.0,388200.0,6642.0,388200.0,-3230.0,0.0
G46044122,New Holding,HORIZON ACQUISITION CORPORAT,,,14220.0,1324000.0,,
78377T107,Sold Out,RYMAN HOSPITALITY PPTYS INC,11879.0,322790.0,,,,
G0232J101,Not New,ALUSSA ENERGY ACQUISITION CO,2017.0,200500.0,501.0,50500.0,-1516.0,-150000.0
G7483N111,Sold Out,REINVENT TECHNOLOGY PARTNERS,11490.0,1000000.0,,,,
88688T100,New Holding,TILRAY INC,,,1239.0,150000.0,,
88688T100,New Holding,TILRAY INC,,,1239.0,150000.0,,
238337109,Not New,DAVE & BUSTERS ENTMT INC,3924.0,130700.0,1981.0,130700.0,-1943.0,0.0
238337109,Not New,DAVE & BUSTERS ENTMT INC,3924.0,130700.0,1981.0,130700.0,-1943.0,0.0
238337109,Not New,DAVE & BUSTERS ENTMT INC,3924.0,130700.0,1981.0,130700.0,-1943.0,0.0
238337109,Not New,DAVE & BUSTERS ENTMT INC,3924.0,130700.0,1981.0,130700.0,-1943.0,0.0
36165LAB4,Not New,GDS HLDGS LTD,46965.0,24800000.0,46291.0,27400000.0,-674.0,2600000.0
18978W208,Sold Out,CM LIFE SCIENCES INC,5986.0,571756.0,,,,
009066101,New Holding,AIRBNB INC,,,29360.0,200000.0,,
85914M107,Sold Out,STEPSTONE GROUP INC,1996.0,75000.0,,,,
459506101,New Holding,INTERNATIONAL FLAVORS&FRAGRA,,,4756.0,43700.0,,
459506101,New Holding,INTERNATIONAL FLAVORS&FRAGRA,,,4756.0,43700.0,,
459506101,New Holding,INTERNATIONAL FLAVORS&FRAGRA,,,13605.0,125000.0,,
757468103,Not New,REDHILL BIOPHARMA LTD,1087.0,134500.0,1375.0,134500.0,288.0,0.0
757468103,Not New,REDHILL BIOPHARMA LTD,1087.0,134500.0,1375.0,134500.0,288.0,0.0
757468103,Not New,REDHILL BIOPHARMA LTD,874.0,108200.0,1375.0,134500.0,501.0,26300.0
757468103,Not New,REDHILL BIOPHARMA LTD,874.0,108200.0,1375.0,134500.0,501.0,26300.0
76129W105,New Holding,RETRACTABLE TECHNOLOGIES INC,,,1658.0,154400.0,,
76129W105,New Holding,RETRACTABLE TECHNOLOGIES INC,,,1658.0,154400.0,,
01609W102,Not New,ALIBABA GROUP HLDG LTD,393055.0,1688887.0,499947.0,1700617.0,106892.0,11730.0
01609W102,Not New,ALIBABA GROUP HLDG LTD,393055.0,1688887.0,334196.0,1136800.0,-58859.0,-552087.0
702149105,Not New,PARTY CITY HOLDCO INC,341.0,55400.0,144.0,55400.0,-197.0,0.0
702149105,Not New,PARTY CITY HOLDCO INC,341.0,55400.0,144.0,55400.0,-197.0,0.0
702149105,Not New,PARTY CITY HOLDCO INC,341.0,55400.0,144.0,55400.0,-197.0,0.0
702149105,Not New,PARTY CITY HOLDCO INC,341.0,55400.0,144.0,55400.0,-197.0,0.0
65339F101,New Holding,NEXTERA ENERGY INC,,,54098.0,701199.0,,
23344P101,New Holding,DPCM CAP INC,,,6932.0,665901.0,,
05545E209,Not New,BHP GROUP PLC,25982.0,489946.0,20721.0,485724.0,-5261.0,-4222.0
04316G204,Sold Out,ARTIUS ACQUISITION INC,0.0,1.0,,,,
833445109,Not New,SNOWFLAKE INC,56280.0,200000.0,61853.0,246427.0,5573.0,46427.0
98986T108,New Holding,ZYNGA INC,,,964.0,97700.0,,
30048L104,Not New,EVOFEM BIOSCIENCES INC,78.0,32500.0,77.0,32500.0,-1.0,0.0
30048L104,Not New,EVOFEM BIOSCIENCES INC,78.0,32500.0,77.0,32500.0,-1.0,0.0
30048L104,Not New,EVOFEM BIOSCIENCES INC,78.0,32500.0,77.0,32500.0,-1.0,0.0
30048L104,Not New,EVOFEM BIOSCIENCES INC,78.0,32500.0,77.0,32500.0,-1.0,0.0
55616P104,Not New,MACYS INC,15821.0,1406300.0,8017.0,1406500.0,-7804.0,200.0
55616P104,Not New,MACYS INC,15821.0,1406300.0,8017.0,1406500.0,-7804.0,200.0
55616P104,Not New,MACYS INC,15823.0,1406500.0,8017.0,1406500.0,-7806.0,0.0
55616P104,Not New,MACYS INC,15823.0,1406500.0,8017.0,1406500.0,-7806.0,0.0
39986L109,Not New,GROWGENERATION CORP,5353.0,133100.0,1608.0,100600.0,-3745.0,-32500.0
39986L109,Not New,GROWGENERATION CORP,5353.0,133100.0,1608.0,100600.0,-3745.0,-32500.0
39986L109,Not New,GROWGENERATION CORP,5373.0,133600.0,1608.0,100600.0,-3765.0,-33000.0
39986L109,Not New,GROWGENERATION CORP,5373.0,133600.0,1608.0,100600.0,-3765.0,-33000.0
47215P106,New Holding,JD.COM INC,,,72792.0,828121.0,,
874039100,Not New,TAIWAN SEMICONDUCTOR MFG LTD,203032.0,1861992.0,137527.0,1696394.0,-65505.0,-165598.0
55068A118,New Holding,LUX HEALTH TECH ACQUISITION,,,228.0,91475.0,,
264120106,Sold Out,DUCK CREEK TECHNOLOGIES INC,4543.0,100000.0,,,,
143636207,New Holding,CARNEY TECHNOLOGY ACQU CORP,,,5130.0,500000.0,,
36118H113,Not New,FUSION ACQUISITION CORP,391.0,152656.0,348.0,323950.0,-43.0,171294.0
G3166W106,Not New,ARYA SCIENCES ACQUISITION CO,1085.0,100000.0,1352.0,125000.0,267.0,25000.0
848574109,Not New,SPIRIT AEROSYSTEMS HLDGS INC,203367.0,5202528.0,98380.0,5202528.0,-104987.0,0.0
910047109,Not New,UNITED AIRLS HLDGS INC,9070.0,209700.0,7301.0,210100.0,-1769.0,400.0
910047109,Not New,UNITED AIRLS HLDGS INC,9070.0,209700.0,7304.0,210200.0,-1766.0,500.0
910047109,Not New,UNITED AIRLS HLDGS INC,9091.0,210200.0,7301.0,210100.0,-1790.0,-100.0
910047109,Not New,UNITED AIRLS HLDGS INC,9091.0,210200.0,7304.0,210200.0,-1787.0,0.0
00165C104,New Holding,AMC ENTMT HLDGS INC,,,106.0,49900.0,,
00165C104,New Holding,AMC ENTMT HLDGS INC,,,106.0,49900.0,,
17144T206,New Holding,CHURCHILL CAPITAL CORP V,,,4725.0,450000.0,,
16119P108,Sold Out,CHARTER COMMUNICATIONS INC N,83819.0,134252.0,,,,
090043100,New Holding,BILL COM HLDGS INC,,,4409.0,32300.0,,
34959JAK4,Not New,FORTIVE CORP,14914.0,14500000.0,15045.0,15000000.0,131.0,500000.0
G8990Y111,New Holding,TPG PACE TECH OPPORTUNITIES,,,5753.0,506401.0,,
10501E201,Sold Out,BRAINSTORM CELL THERAPEUTICS,217.0,12800.0,,,,
10501E201,Sold Out,BRAINSTORM CELL THERAPEUTICS,217.0,12800.0,,,,
30303M102,Not New,FACEBOOK INC,350672.0,1283759.0,211840.0,808858.0,-138832.0,-474901.0
543195119,Sold Out,LONGVIEW ACQUISITION CORP,82.0,83333.0,,,,
18978W109,New Holding,CM LIFE SCIENCES INC,,,4342.0,393304.0,,
G9442R126,New Holding,VECTOR ACQUISITION CORP,,,8412.0,832014.0,,
233277201,Sold Out,DMY TECHNOLOGY GROUP INC II,8184.0,800000.0,,,,
81723H207,New Holding,SENIOR CONNECT ACQUISITN COR,,,10290.0,1000000.0,,
85236Q109,Sold Out,STABLE RD ACQUISITION CORP,1122.0,111300.0,,,,
274681113,Not New,EAST RES ACQUISITION CO,838.0,737917.0,498.0,745000.0,-340.0,7083.0
629377CG5,Not New,NRG ENERGY INC,22094.0,19339000.0,17529.0,16839000.0,-4565.0,-2500000.0
912909108,Not New,UNITED STATES STL CORP NEW,16617.0,990900.0,2869.0,390900.0,-13748.0,-600000.0
912909108,Not New,UNITED STATES STL CORP NEW,16617.0,990900.0,4404.0,600000.0,-12213.0,-390900.0
912909108,Not New,UNITED STATES STL CORP NEW,16617.0,990900.0,7273.0,990900.0,-9344.0,0.0
912909108,Not New,UNITED STATES STL CORP NEW,16617.0,990900.0,2869.0,390900.0,-13748.0,-600000.0
912909108,Not New,UNITED STATES STL CORP NEW,16617.0,990900.0,4404.0,600000.0,-12213.0,-390900.0
912909108,Not New,UNITED STATES STL CORP NEW,16617.0,990900.0,7273.0,990900.0,-9344.0,0.0
83088V102,New Holding,SLACK TECHNOLOGIES INC,,,100306.0,2374675.0,,
655664100,Not New,NORDSTROM INC,13280.0,425500.0,3922.0,329000.0,-9358.0,-96500.0
655664100,Not New,NORDSTROM INC,13280.0,425500.0,3922.0,329000.0,-9358.0,-96500.0
655664100,Not New,NORDSTROM INC,13280.0,425500.0,3922.0,329000.0,-9358.0,-96500.0
655664100,Not New,NORDSTROM INC,13280.0,425500.0,3922.0,329000.0,-9358.0,-96500.0
98138H101,New Holding,WORKDAY INC,,,210861.0,880016.0,,
651448201,Sold Out,NEWHOLD INVESTMENT CORP,755.0,75000.0,,,,
163092AB5,Not New,CHEGG INC,37990.0,11348000.0,30198.0,11348000.0,-7792.0,0.0
90117G113,New Holding,TWC TECH HLDGS II CORP,,,842.0,510361.0,,
70509V100,New Holding,PEBBLEBROOK HOTEL TR,,,3022.0,160749.0,,
G9446E105,New Holding,VG ACQUISITION CORP,,,2427.0,212349.0,,
G52753129,Sold Out,KISMET ACQUISITION ONE CORP,3502.0,350000.0,,,,
94419LAF8,Not New,WAYFAIR INC,56400.0,33500000.0,92177.0,44500000.0,35777.0,11000000.0
G9127T116,New Holding,TURMERIC ACQUISITION CORP,,,1643.0,160000.0,,
87918A105,Not New,TELADOC HEALTH INC,2669.0,13350.0,4078.0,18600.0,1409.0,5250.0
G8251L121,New Holding,SOCIAL CAPITAL HEDOSOPHA HLD,,,8243.0,638497.0,,
86846V108,New Holding,SUPERNOVA PARTNERS ACQUISITI,,,2600.0,236377.0,,
26873Y203,Sold Out,E MERGE TECHNOLOGY ACQUISITI,0.0,1.0,,,,
55068A209,New Holding,LUX HEALTH TECH ACQUISITION,,,2689.0,233800.0,,
86846V116,New Holding,SUPERNOVA PARTNERS ACQUISITI,,,280.0,128325.0,,
443761119,Not New,HUDSON EXECUTIVE INVT CORP,1378.0,825000.0,977.0,856950.0,-401.0,31950.0
17243V102,New Holding,CINEMARK HLDGS INC,,,1724.0,99000.0,,
17243V102,New Holding,CINEMARK HLDGS INC,,,1724.0,99000.0,,
47074L105,Sold Out,JAMF HLDG CORP,9403.0,250000.0,,,,
G5785G107,Sold Out,MALLINCKRODT PUB LTD CO,158.0,162200.0,,,,
G5785G107,Sold Out,MALLINCKRODT PUB LTD CO,158.0,162200.0,,,,
G3R39W128,New Holding,EMPOWER LTD,,,11960.0,1150000.0,,
526057302,New Holding,LENNAR CORP,,,1260.0,20582.0,,
G7417R105,New Holding,REDBALL ACQUISITION CORP,,,5240.0,481151.0,,
50202M102,Not New,LI AUTO INC,12939.0,448800.0,7826.0,450000.0,-5113.0,1200.0
50202M102,Not New,LI AUTO INC,12939.0,448800.0,7826.0,450000.0,-5113.0,1200.0
33765Y101,New Holding,FIRSTMARK HORIZON ACQUISITIO,,,9117.0,860103.0,,
N97284108,Not New,YANDEX N V,54836.0,788100.0,51424.0,788100.0,-3412.0,0.0
G8990D125,New Holding,TPG PACE BEN FIN CORP,,,3115.0,120420.0,,
743424AF0,Sold Out,PROOFPOINT INC,5000.0,5000000.0,,,,
163092AD1,Not New,CHEGG INC,22706.0,12500000.0,20495.0,13500000.0,-2211.0,1000000.0
344328208,Sold Out,FOLEY TRASIMENE ACQUISITION,7616.0,746651.0,,,,
45773H201,Not New,INOVIO PHARMACEUTICALS INC,1363.0,154000.0,2781.0,239700.0,1418.0,85700.0
45773H201,Not New,INOVIO PHARMACEUTICALS INC,1363.0,154000.0,1785.0,153900.0,422.0,-100.0
45773H201,Not New,INOVIO PHARMACEUTICALS INC,1362.0,153900.0,2781.0,239700.0,1419.0,85800.0
45773H201,Not New,INOVIO PHARMACEUTICALS INC,1362.0,153900.0,1785.0,153900.0,423.0,0.0
G8990Y103,New Holding,TPG PACE TECH OPPORTUNITIES,,,4440.0,400000.0,,
723787107,Sold Out,PIONEER NAT RES CO,2642.0,30730.0,,,,
25746U133,Not New,DOMINION ENERGY INC,18240.0,183750.0,37698.0,369648.0,19458.0,185898.0
14070Y119,Not New,CAPSTAR SPL PURP ACQUISITION,214.0,150000.0,119.0,150000.0,-95.0,0.0
848637AC8,Not New,SPLUNK INC,18392.0,14000000.0,19499.0,14000000.0,1107.0,0.0
284849205,New Holding,ELECTRAMECCANICA VEHS CORP,,,310.0,50000.0,,
284849205,New Holding,ELECTRAMECCANICA VEHS CORP,,,27.0,4400.0,,
45031UCB5,Not New,ISTAR INC,31314.0,26572000.0,26007.0,24500000.0,-5307.0,-2072000.0
75955K102,Not New,REMARK HLDGS INC,796.0,419000.0,490.0,419000.0,-306.0,0.0
75955K102,Not New,REMARK HLDGS INC,796.0,419000.0,490.0,419000.0,-306.0,0.0
75955K102,Not New,REMARK HLDGS INC,796.0,419000.0,490.0,419000.0,-306.0,0.0
75955K102,Not New,REMARK HLDGS INC,796.0,419000.0,490.0,419000.0,-306.0,0.0
31810N104,New Holding,FINTECH ACQUISITION CORP IV,,,3955.0,350000.0,,
23344P119,New Holding,DPCM CAP INC,,,477.0,220933.0,,
G9444H100,New Holding,VY GLOBAL GROWTH,,,4926.0,472700.0,,
G7000X105,New Holding,ONE,,,2154.0,200000.0,,
33765Y119,New Holding,FIRSTMARK HORIZON ACQUISITIO,,,1027.0,405156.0,,
74967XAA1,Not New,RH,48039.0,20477000.0,41937.0,20477000.0,-6102.0,0.0
38286R204,New Holding,GORES HOLDINGS VI INC,,,6360.0,600000.0,,
349885103,Sold Out,FORUM MERGER III CORP,6461.0,649998.0,,,,
816851406,Sold Out,SEMPRA ENERGY,46057.0,466610.0,,,,
782011118,New Holding,RUSH STREET INTERACTIVE INC,,,1027.0,132800.0,,
277461406,Not New,EASTMAN KODAK CO,2527.0,310500.0,2089.0,236800.0,-438.0,-73700.0
277461406,Not New,EASTMAN KODAK CO,2527.0,310500.0,2089.0,236800.0,-438.0,-73700.0
277461406,Not New,EASTMAN KODAK CO,2527.0,310500.0,2089.0,236800.0,-438.0,-73700.0
277461406,Not New,EASTMAN KODAK CO,2527.0,310500.0,2089.0,236800.0,-438.0,-73700.0
25809K105,New Holding,DOORDASH INC,,,42825.0,300000.0,,
57636Q104,Not New,MASTERCARD INCORPORATED,229450.0,642826.0,145397.0,429952.0,-84053.0,-212874.0
79466L302,Not New,SALESFORCE COM INC,194197.0,872679.0,177426.0,705975.0,-16771.0,-166704.0
007903107,Not New,ADVANCED MICRO DEVICES INC,136717.0,1490758.0,62867.0,766760.0,-73850.0,-723998.0
36118H105,Sold Out,FUSION ACQUISITION CORP,1229.0,124999.0,,,,
09857L108,Not New,BOOKING HOLDINGS INC,243020.0,109111.0,134882.0,78847.0,-108138.0,-30264.0
538146101,New Holding,LIVEPERSON INC,,,417.0,6700.0,,
05278C107,Not New,AUTOHOME INC,61385.0,616193.0,136459.0,1421453.0,75074.0,805260.0
16949NAC3,Sold Out,CHINA LODGING GROUP LTD,8489.0,7504000.0,,,,
52470X109,New Holding,LEFTERIS ACQUISITION CORP,,,3105.0,300000.0,,
359664109,New Holding,FULGENT GENETICS INC,,,7002.0,134400.0,,
359664109,New Holding,FULGENT GENETICS INC,,,7002.0,134400.0,,
53804W205,New Holding,LIVE OAK ACQUISITION CORP II,,,1294.0,119271.0,,
76156B107,Not New,REVOLVE GROUP INC,1876.0,60200.0,1030.0,62700.0,-846.0,2500.0
76156B107,Not New,REVOLVE GROUP INC,1876.0,60200.0,1030.0,62700.0,-846.0,2500.0
76156B107,Not New,REVOLVE GROUP INC,1954.0,62700.0,1030.0,62700.0,-924.0,0.0
76156B107,Not New,REVOLVE GROUP INC,1954.0,62700.0,1030.0,62700.0,-924.0,0.0
101137107,New Holding,BOSTON SCIENTIFIC CORP,,,20802.0,578643.0,,
92243A200,Not New,VAXART INC,759.0,132900.0,891.0,134000.0,132.0,1100.0
92243A200,Not New,VAXART INC,759.0,132900.0,865.0,130000.0,106.0,-2900.0
92243A200,Not New,VAXART INC,759.0,132900.0,891.0,134000.0,132.0,1100.0
92243A200,Not New,VAXART INC,400.0,70000.0,891.0,134000.0,491.0,64000.0
92243A200,Not New,VAXART INC,400.0,70000.0,865.0,130000.0,465.0,60000.0
92243A200,Not New,VAXART INC,400.0,70000.0,891.0,134000.0,491.0,64000.0
92243A200,Not New,VAXART INC,1159.0,202900.0,891.0,134000.0,-268.0,-68900.0
92243A200,Not New,VAXART INC,1159.0,202900.0,865.0,130000.0,-294.0,-72900.0
92243A200,Not New,VAXART INC,1159.0,202900.0,891.0,134000.0,-268.0,-68900.0
81141RAD2,New Holding,SEA LTD,,,361751.0,91500000.0,,
449534114,New Holding,IG ACQUISITION CORP,,,803.0,483448.0,,
934550203,Not New,WARNER MUSIC GROUP CORP,166019.0,4370078.0,109210.0,3799914.0,-56809.0,-570164.0
767754872,Not New,RITE AID CORP,6899.0,435800.0,2898.0,305400.0,-4001.0,-130400.0
767754872,Not New,RITE AID CORP,6899.0,435800.0,2898.0,305400.0,-4001.0,-130400.0
767754872,Not New,RITE AID CORP,6899.0,435800.0,2898.0,305400.0,-4001.0,-130400.0
767754872,Not New,RITE AID CORP,6899.0,435800.0,2898.0,305400.0,-4001.0,-130400.0
00402L107,New Holding,ACADEMY SPORTS & OUTDOORS IN,,,2405.0,116000.0,,
00402L107,New Holding,ACADEMY SPORTS & OUTDOORS IN,,,2405.0,116000.0,,
90117G105,New Holding,TWC TECH HLDGS II CORP,,,3705.0,351851.0,,
650194103,Not New,NEWAGE INC,473.0,179800.0,311.0,179800.0,-162.0,0.0
650194103,Not New,NEWAGE INC,473.0,179800.0,328.0,189800.0,-145.0,10000.0
650194103,Not New,NEWAGE INC,499.0,189800.0,311.0,179800.0,-188.0,-10000.0
650194103,Not New,NEWAGE INC,499.0,189800.0,328.0,189800.0,-171.0,0.0
679295AD7,Not New,OKTA INC,11198.0,7500000.0,9916.0,7500000.0,-1282.0,0.0
23344P200,New Holding,DPCM CAP INC,,,6034.0,547561.0,,
G46049121,Sold Out,HORIZON ACQUISITION CORP,5203.0,500000.0,,,,
12510J205,New Holding,CBRE ACQUISITION HLDGS INC,,,2613.0,250000.0,,
09061GAF8,Sold Out,BIOMARIN PHARMACEUTICAL INC,15000.0,15000000.0,,,,
74017N105,Not New,PRECIGEN INC,788.0,77258.0,270.0,77258.0,-518.0,0.0
77664L108,New Holding,ROOT INC,,,1004.0,63900.0,,
77664L108,New Holding,ROOT INC,,,1004.0,63900.0,,
77664L108,New Holding,ROOT INC,,,7307.0,465138.0,,
931142103,New Holding,WALMART INC,,,201810.0,1400000.0,,
931142103,New Holding,WALMART INC,,,201810.0,1400000.0,,
457817302,New Holding,INSU ACQUISITION CORP III,,,4143.0,391997.0,,
45174J509,Not New,IHEARTMEDIA INC,12259.0,944475.0,11225.0,1382416.0,-1034.0,437941.0
45174J509,Not New,IHEARTMEDIA INC,12259.0,944475.0,10562.0,1300717.0,-1697.0,356242.0
45174J509,Not New,IHEARTMEDIA INC,11535.0,888658.0,11225.0,1382416.0,-310.0,493758.0
45174J509,Not New,IHEARTMEDIA INC,11535.0,888658.0,10562.0,1300717.0,-973.0,412059.0
22041X102,New Holding,CORSAIR GAMING INC,,,301.0,8300.0,,
22041X102,New Holding,CORSAIR GAMING INC,,,301.0,8300.0,,
G23726105,New Holding,COHN ROBBINS HOLDINGS CORP,,,499.0,47899.0,,
40171VAA8,Not New,GUIDEWIRE SOFTWARE INC,12952.0,10000000.0,11424.0,10000000.0,-1528.0,0.0
G9442R100,Not New,VECTOR ACQUISITION CORP,2669.0,248288.0,17745.0,1750000.0,15076.0,1501712.0
126408103,Sold Out,CSX CORP,105122.0,1353443.0,,,,
38046C109,Not New,GOGO INC,976.0,101400.0,937.0,101400.0,-39.0,0.0
38046C109,Not New,GOGO INC,976.0,101400.0,924.0,100000.0,-52.0,-1400.0
38046C109,Not New,GOGO INC,976.0,101400.0,937.0,101400.0,-39.0,0.0
38046C109,Not New,GOGO INC,976.0,101400.0,937.0,101400.0,-39.0,0.0
38046C109,Not New,GOGO INC,976.0,101400.0,924.0,100000.0,-52.0,-1400.0
38046C109,Not New,GOGO INC,976.0,101400.0,937.0,101400.0,-39.0,0.0
090040106,Not New,BILIBILI INC,101570.0,1184900.0,49292.0,1184900.0,-52278.0,0.0
31810N302,Sold Out,FINTECH ACQUISITION CORP IV,6096.0,600000.0,,,,
594960304,New Holding,MICROVISION INC DEL,,,291.0,54000.0,,
594960304,New Holding,MICROVISION INC DEL,,,291.0,54000.0,,
449534205,New Holding,IG ACQUISITION CORP,,,2162.0,200000.0,,
256163AB2,Not New,DOCUSIGN INC,83763.0,26835000.0,81651.0,27000000.0,-2112.0,165000.0
G7307X105,New Holding,QELL ACQUISITION CORP,,,3558.0,289543.0,,
83192H106,New Holding,SMILEDIRECTCLUB INC,,,2697.0,225900.0,,
83192H106,New Holding,SMILEDIRECTCLUB INC,,,2697.0,225900.0,,
60879B107,Not New,MOMO INC,367.0,26271.0,795.0,57800.0,428.0,31529.0
60879B107,Not New,MOMO INC,367.0,26271.0,8687.0,631300.0,8320.0,605029.0
60879B107,Not New,MOMO INC,5901.0,422700.0,795.0,57800.0,-5106.0,-364900.0
60879B107,Not New,MOMO INC,5901.0,422700.0,8687.0,631300.0,2786.0,208600.0
844741BG2,Not New,SOUTHWEST AIRLS CO,58291.0,40000000.0,23574.0,18067000.0,-34717.0,-21933000.0
92840M102,Sold Out,VISTRA CORP,5887.0,318833.0,,,,
92840M102,Sold Out,VISTRA CORP,60517.0,3297484.0,,,,
00430H102,Sold Out,ACCELERATE DIAGNOSTICS INC,96.0,9000.0,,,,
00430H102,Sold Out,ACCELERATE DIAGNOSTICS INC,96.0,9000.0,,,,
336433107,Sold Out,FIRST SOLAR INC,4965.0,75000.0,,,,
88160RAD3,Not New,TESLA INC,479636.0,44550000.0,323665.0,49500000.0,-155971.0,4950000.0
362019101,New Holding,GO ACQUISITION CORP,,,1356.0,133087.0,,
92220P105,Sold Out,VARIAN MED SYS INC,57580.0,334769.0,,,,
554382101,Not New,MACERICH CO,2870.0,269000.0,1827.0,269000.0,-1043.0,0.0
554382101,Not New,MACERICH CO,2870.0,269000.0,1827.0,269000.0,-1043.0,0.0
554382101,Not New,MACERICH CO,1067.0,100000.0,1827.0,269000.0,760.0,169000.0
554382101,Not New,MACERICH CO,1067.0,100000.0,1827.0,269000.0,760.0,169000.0
554382101,Not New,MACERICH CO,2870.0,269000.0,1827.0,269000.0,-1043.0,0.0
554382101,Not New,MACERICH CO,2870.0,269000.0,1827.0,269000.0,-1043.0,0.0
47760M102,New Holding,JIYA ACQUISITION CORP,,,2060.0,200000.0,,
651448110,New Holding,NEWHOLD INVESTMENT CORP,,,53.0,37500.0,,
799793104,New Holding,SANDBRIDGE ACQUISITION CORP,,,5085.0,500000.0,,
03044L105,Not New,AMERICAN WELL CORP,4640.0,183200.0,3557.0,120000.0,-1083.0,-63200.0
03044L105,Not New,AMERICAN WELL CORP,4640.0,183200.0,3557.0,120000.0,-1083.0,-63200.0
22717L101,Not New,CRONOS GROUP INC,4098.0,590500.0,2958.0,590500.0,-1140.0,0.0
22717L101,Not New,CRONOS GROUP INC,4098.0,590500.0,3055.0,609800.0,-1043.0,19300.0
22717L101,Not New,CRONOS GROUP INC,4232.0,609800.0,2958.0,590500.0,-1274.0,-19300.0
22717L101,Not New,CRONOS GROUP INC,4232.0,609800.0,3055.0,609800.0,-1177.0,0.0
65339F739,Not New,NEXTERA ENERGY INC,23163.0,453520.0,35534.0,748477.0,12371.0,294957.0
135086106,Not New,CANADA GOOSE HLDGS INC,4623.0,155300.0,4996.0,155300.0,373.0,0.0
135086106,Not New,CANADA GOOSE HLDGS INC,4623.0,155300.0,4996.0,155300.0,373.0,0.0
135086106,Not New,CANADA GOOSE HLDGS INC,4623.0,155300.0,4996.0,155300.0,373.0,0.0
135086106,Not New,CANADA GOOSE HLDGS INC,4623.0,155300.0,4996.0,155300.0,373.0,0.0
G00748122,Not New,ACON S2 ACQUISITION CORP,525.0,50000.0,8016.0,800000.0,7491.0,750000.0
G7552B121,Not New,RIBBIT LEAP LTD,0.0,5.0,6825.0,525000.0,6825.0,524995.0
30606L207,Sold Out,FALCON CAPITAL ACQUISITN COR,6038.0,586830.0,,,,
76156P205,New Holding,REVOLUTION ACCELERTN ACQU CO,,,7287.0,700000.0,,
015351109,New Holding,ALEXION PHARMACEUTICALS INC,,,52216.0,334205.0,,
G28314105,New Holding,DRAGONEER GROWTH OPPTY CORP,,,1142.0,100000.0,,
51476H100,New Holding,LANDCADIA HOLDINGS III INC,,,5910.0,563964.0,,
362019119,New Holding,GO ACQUISITION CORP,,,456.0,311462.0,,
30606L116,New Holding,FALCON CAPITAL ACQUISITN COR,,,643.0,292315.0,,
860897107,Not New,STITCH FIX INC,12730.0,216800.0,5882.0,216800.0,-6848.0,0.0
860897107,Not New,STITCH FIX INC,12730.0,216800.0,6017.0,221800.0,-6713.0,5000.0
860897107,Not New,STITCH FIX INC,13024.0,221800.0,5882.0,216800.0,-7142.0,-5000.0
860897107,Not New,STITCH FIX INC,13024.0,221800.0,6017.0,221800.0,-7007.0,0.0
004285102,Sold Out,ACAMAR PARTNERS ACQSITION CO,2238.0,219000.0,,,,
233278209,New Holding,DMY TECHNOLOGY GROUP INC III,,,11400.0,1000000.0,,
83587F202,Not New,SORRENTO THERAPEUTICS INC,921.0,134900.0,1541.0,138200.0,620.0,3300.0
83587F202,Not New,SORRENTO THERAPEUTICS INC,921.0,134900.0,1541.0,138200.0,620.0,3300.0
83587F202,Not New,SORRENTO THERAPEUTICS INC,921.0,134900.0,1541.0,138200.0,620.0,3300.0
83587F202,Not New,SORRENTO THERAPEUTICS INC,921.0,134900.0,1541.0,138200.0,620.0,3300.0
654902204,New Holding,NOKIA CORP,,,782.0,200000.0,,
654902204,New Holding,NOKIA CORP,,,782.0,200000.0,,
00900T107,Sold Out,AIMMUNE THERAPEUTICS INC,4992.0,144900.0,,,,
00900T107,Sold Out,AIMMUNE THERAPEUTICS INC,6074.0,176300.0,,,,
29664W105,Not New,ESPERION THERAPEUTICS INC NE,4664.0,179400.0,6668.0,179400.0,2004.0,0.0
29664W105,Not New,ESPERION THERAPEUTICS INC NE,4664.0,179400.0,6668.0,179400.0,2004.0,0.0
29664W105,Not New,ESPERION THERAPEUTICS INC NE,4664.0,179400.0,6668.0,179400.0,2004.0,0.0
29664W105,Not New,ESPERION THERAPEUTICS INC NE,4664.0,179400.0,6668.0,179400.0,2004.0,0.0
848637AD6,Not New,SPLUNK INC,50877.0,37500000.0,54215.0,37500000.0,3338.0,0.0
543195101,Sold Out,LONGVIEW ACQUISITION CORP,1473.0,149999.0,,,,
584021109,Sold Out,MEDALLIA INC,2577.0,94000.0,,,,
04316G113,Not New,ARTIUS ACQUISITION INC,211.0,94325.0,359.0,223167.0,148.0,128842.0
26873Y112,Not New,E MERGE TECHNOLOGY ACQUISITI,491.0,317876.0,316.0,333333.0,-175.0,15457.0
29272C103,Not New,ENERGOUS CORP,62.0,34700.0,102.0,34700.0,40.0,0.0
29272C103,Not New,ENERGOUS CORP,62.0,34700.0,102.0,34700.0,40.0,0.0
29272C103,Not New,ENERGOUS CORP,62.0,34700.0,102.0,34700.0,40.0,0.0
29272C103,Not New,ENERGOUS CORP,62.0,34700.0,102.0,34700.0,40.0,0.0
33836P105,New Holding,5 01 ACQUISITION CORP,,,3051.0,300000.0,,
98422D105,New Holding,XPENG INC,,,8249.0,192600.0,,
98422D105,New Holding,XPENG INC,,,8249.0,192600.0,,
G7552B105,New Holding,RIBBIT LEAP LTD,,,6550.0,504235.0,,
88160RAC5,Not New,TESLA INC,827028.0,84396000.0,888557.0,149396000.0,61529.0,65000000.0
55068A100,New Holding,LUX HEALTH TECH ACQUISITION,,,3225.0,300000.0,,
92538T104,New Holding,VESPER HEALTHCARE ACQSTN COR,,,2539.0,224465.0,,
799793203,Sold Out,SANDBRIDGE ACQUISITION CORP,4991.0,500000.0,,,,
98936JAB7,Not New,ZENDESK INC,10810.0,4750000.0,8139.0,4750000.0,-2671.0,0.0
91324P102,Not New,UNITEDHEALTH GROUP INC,221293.0,631039.0,169780.0,544567.0,-51513.0,-86472.0
46267XAE8,New Holding,IQIYI INC,,,6932.0,7000000.0,,
949746804,Sold Out,WELLS FARGO CO NEW,11409.0,8500.0,,,,
349642207,Sold Out,FORTRESS VALUE ACQUISITION I,5150.0,500000.0,,,,
31810N112,New Holding,FINTECH ACQUISITION CORP IV,,,314.0,150000.0,,
34962V114,Sold Out,FORTRESS VALUE ACQUISITION C,128.0,38857.0,,,,
435063110,New Holding,HOLICITY INC,,,489.0,366666.0,,
49639K101,Sold Out,KINGSOFT CLOUD HLDGS LTD,2584.0,87499.0,,,,
349642116,New Holding,FORTRESS VALUE ACQUISITION I,,,212.0,85000.0,,
98156QAB4,Sold Out,WORLD WRESTLING ENTMT INC,17729.0,10000000.0,,,,
799793112,New Holding,SANDBRIDGE ACQUISITION CORP,,,331.0,250000.0,,
04965B100,Not New,ATOMERA INC,2006.0,124700.0,668.0,63900.0,-1338.0,-60800.0
04965B100,Not New,ATOMERA INC,2006.0,124700.0,668.0,63900.0,-1338.0,-60800.0
04965B100,Not New,ATOMERA INC,2006.0,124700.0,668.0,63900.0,-1338.0,-60800.0
04965B100,Not New,ATOMERA INC,2006.0,124700.0,668.0,63900.0,-1338.0,-60800.0
G9127T108,New Holding,TURMERIC ACQUISITION CORP,,,2399.0,239885.0,,
163072101,Not New,CHEESECAKE FACTORY INC,6019.0,162400.0,4508.0,162500.0,-1511.0,100.0
163072101,Not New,CHEESECAKE FACTORY INC,6019.0,162400.0,4508.0,162500.0,-1511.0,100.0
163072101,Not New,CHEESECAKE FACTORY INC,6022.0,162500.0,4508.0,162500.0,-1514.0,0.0
163072101,Not New,CHEESECAKE FACTORY INC,6022.0,162500.0,4508.0,162500.0,-1514.0,0.0
531229854,Not New,LIBERTY MEDIA CORP DEL,308995.0,7253407.0,269538.0,7431442.0,-39457.0,178035.0
88160RAG6,Not New,TESLA INC,710425.0,62472000.0,407684.0,58950000.0,-302741.0,-3522000.0
92766K106,Not New,VIRGIN GALACTIC HOLDINGS INC,15956.0,672400.0,7790.0,405100.0,-8166.0,-267300.0
92766K106,Not New,VIRGIN GALACTIC HOLDINGS INC,15956.0,672400.0,3846.0,200000.0,-12110.0,-472400.0
92766K106,Not New,VIRGIN GALACTIC HOLDINGS INC,15956.0,672400.0,7790.0,405100.0,-8166.0,-267300.0
92766K106,Not New,VIRGIN GALACTIC HOLDINGS INC,2373.0,100000.0,7790.0,405100.0,5417.0,305100.0
92766K106,Not New,VIRGIN GALACTIC HOLDINGS INC,2373.0,100000.0,3846.0,200000.0,1473.0,100000.0
92766K106,Not New,VIRGIN GALACTIC HOLDINGS INC,2373.0,100000.0,7790.0,405100.0,5417.0,305100.0
92766K106,Not New,VIRGIN GALACTIC HOLDINGS INC,15956.0,672400.0,7790.0,405100.0,-8166.0,-267300.0
92766K106,Not New,VIRGIN GALACTIC HOLDINGS INC,15956.0,672400.0,3846.0,200000.0,-12110.0,-472400.0
92766K106,Not New,VIRGIN GALACTIC HOLDINGS INC,15956.0,672400.0,7790.0,405100.0,-8166.0,-267300.0
867892101,Sold Out,SUNSTONE HOTEL INVS INC NEW,4790.0,603279.0,,,,
43300A203,Not New,HILTON WORLDWIDE HLDGS INC,126922.0,1140765.0,118353.0,1387168.0,-8569.0,246403.0
362019200,Sold Out,GO ACQUISITION CORP,10417.0,1033388.0,,,,
68218L207,New Holding,OMNICHANNEL ACQUISITION CORP,,,2060.0,200000.0,,
47759T100,New Holding,JINKOSOLAR HLDG CO LTD,,,12634.0,204200.0,,
47759T100,New Holding,JINKOSOLAR HLDG CO LTD,,,12634.0,204200.0,,
98986X109,Not New,ZYNERBA PHARMACEUTICALS INC,271.0,82100.0,272.0,82100.0,1.0,0.0
98986X109,Not New,ZYNERBA PHARMACEUTICALS INC,271.0,82100.0,272.0,82100.0,1.0,0.0
98986X109,Not New,ZYNERBA PHARMACEUTICALS INC,271.0,82100.0,272.0,82100.0,1.0,0.0
98986X109,Not New,ZYNERBA PHARMACEUTICALS INC,271.0,82100.0,272.0,82100.0,1.0,0.0
235851300,Sold Out,DANAHER CORPORATION,91747.0,62000.0,,,,
138035100,Not New,CANOPY GROWTH CORP,10610.0,430600.0,5496.0,383800.0,-5114.0,-46800.0
138035100,Not New,CANOPY GROWTH CORP,10610.0,430600.0,5751.0,401600.0,-4859.0,-29000.0
138035100,Not New,CANOPY GROWTH CORP,11049.0,448400.0,5496.0,383800.0,-5553.0,-64600.0
138035100,Not New,CANOPY GROWTH CORP,11049.0,448400.0,5751.0,401600.0,-5298.0,-46800.0
00123Q104,Not New,AGNC INVT CORP,7762.0,497546.0,11640.0,836782.0,3878.0,339236.0
00123Q104,Not New,AGNC INVT CORP,7762.0,497546.0,39827.0,2863218.0,32065.0,2365672.0
00123Q104,Not New,AGNC INVT CORP,26558.0,1702454.0,11640.0,836782.0,-14918.0,-865672.0
00123Q104,Not New,AGNC INVT CORP,26558.0,1702454.0,39827.0,2863218.0,13269.0,1160764.0
874224207,Not New,TALEND S A,591.0,15416.0,603.0,15416.0,12.0,0.0
38045R206,Not New,GOL LINHAS AEREAS INTELIGENT,363.0,37000.0,226.0,37000.0,-137.0,0.0
452327109,Not New,ILLUMINA INC,91.0,246.0,2799.0,9056.0,2708.0,8810.0
452327109,Not New,ILLUMINA INC,91.0,246.0,6182.0,20000.0,6091.0,19754.0
452327109,Not New,ILLUMINA INC,6290.0,17000.0,2799.0,9056.0,-3491.0,-7944.0
452327109,Not New,ILLUMINA INC,6290.0,17000.0,6182.0,20000.0,-108.0,3000.0
36467W109,Not New,GAMESTOP CORP NEW,12178.0,646400.0,1598.0,156700.0,-10580.0,-489700.0
36467W109,Not New,GAMESTOP CORP NEW,12178.0,646400.0,2040.0,200000.0,-10138.0,-446400.0
36467W109,Not New,GAMESTOP CORP NEW,12178.0,646400.0,3638.0,356700.0,-8540.0,-289700.0
36467W109,Not New,GAMESTOP CORP NEW,9985.0,530000.0,1598.0,156700.0,-8387.0,-373300.0
36467W109,Not New,GAMESTOP CORP NEW,9985.0,530000.0,2040.0,200000.0,-7945.0,-330000.0
36467W109,Not New,GAMESTOP CORP NEW,9985.0,530000.0,3638.0,356700.0,-6347.0,-173300.0
36467W109,Not New,GAMESTOP CORP NEW,16091.0,854100.0,1598.0,156700.0,-14493.0,-697400.0
36467W109,Not New,GAMESTOP CORP NEW,16091.0,854100.0,2040.0,200000.0,-14051.0,-654100.0
36467W109,Not New,GAMESTOP CORP NEW,16091.0,854100.0,3638.0,356700.0,-12453.0,-497400.0
233253111,Sold Out,DMY TECHNOLOGY GROUP INC,519.0,170000.0,,,,
612657114,New Holding,MONTES ARCHIMEDES ACQUISITIO,,,530.0,349700.0,,
244413118,Not New,DEERFIELD HEALTHCARE TECH AC,81.0,20000.0,40.0,20000.0,-41.0,0.0
682189105,Sold Out,ON SEMICONDUCTOR CORP,22.0,1000.0,,,,
511795106,Not New,LAKELAND INDS INC,1946.0,71400.0,1414.0,71400.0,-532.0,0.0
511795106,Not New,LAKELAND INDS INC,1946.0,71400.0,1414.0,71400.0,-532.0,0.0
511795106,Not New,LAKELAND INDS INC,1946.0,71400.0,1414.0,71400.0,-532.0,0.0
511795106,Not New,LAKELAND INDS INC,1946.0,71400.0,1414.0,71400.0,-532.0,0.0
G7307X121,Sold Out,QELL ACQUISITION CORP,10160.0,1000000.0,,,,
274681105,Not New,EAST RES ACQUISITION CO,4270.0,420687.0,4768.0,490000.0,498.0,69313.0
14070Y101,Sold Out,CAPSTAR SPL PURP ACQUISITION,983.0,100000.0,,,,
26614N102,New Holding,DUPONT DE NEMOURS INC,,,10667.0,150000.0,,
449534106,New Holding,IG ACQUISITION CORP,,,4602.0,454300.0,,
06684L103,Not New,BAOZUN INC,1096.0,31900.0,1036.0,31900.0,-60.0,0.0
06684L103,Not New,BAOZUN INC,1096.0,31900.0,1040.0,32000.0,-56.0,100.0
06684L103,Not New,BAOZUN INC,1096.0,31900.0,8075.0,248553.0,6979.0,216653.0
06684L103,Not New,BAOZUN INC,1096.0,31900.0,8642.0,266000.0,7546.0,234100.0
06684L103,Not New,BAOZUN INC,1099.0,32000.0,1036.0,31900.0,-63.0,-100.0
06684L103,Not New,BAOZUN INC,1099.0,32000.0,1040.0,32000.0,-59.0,0.0
06684L103,Not New,BAOZUN INC,1099.0,32000.0,8075.0,248553.0,6976.0,216553.0
06684L103,Not New,BAOZUN INC,1099.0,32000.0,8642.0,266000.0,7543.0,234000.0
06684L103,Not New,BAOZUN INC,9197.0,267753.0,1036.0,31900.0,-8161.0,-235853.0
06684L103,Not New,BAOZUN INC,9197.0,267753.0,1040.0,32000.0,-8157.0,-235753.0
06684L103,Not New,BAOZUN INC,9197.0,267753.0,8075.0,248553.0,-1122.0,-19200.0
06684L103,Not New,BAOZUN INC,9197.0,267753.0,8642.0,266000.0,-555.0,-1753.0
06684L103,Not New,BAOZUN INC,9137.0,266000.0,1036.0,31900.0,-8101.0,-234100.0
06684L103,Not New,BAOZUN INC,9137.0,266000.0,1040.0,32000.0,-8097.0,-234000.0
06684L103,Not New,BAOZUN INC,9137.0,266000.0,8075.0,248553.0,-1062.0,-17447.0
06684L103,Not New,BAOZUN INC,9137.0,266000.0,8642.0,266000.0,-495.0,0.0
08862E109,Not New,BEYOND MEAT INC,35425.0,283400.0,6559.0,39500.0,-28866.0,-243900.0
08862E109,Not New,BEYOND MEAT INC,35425.0,283400.0,6559.0,39500.0,-28866.0,-243900.0
08862E109,Not New,BEYOND MEAT INC,35425.0,283400.0,6559.0,39500.0,-28866.0,-243900.0
08862E109,Not New,BEYOND MEAT INC,35425.0,283400.0,6559.0,39500.0,-28866.0,-243900.0
46591M109,Not New,JOYY INC,27976.0,349792.0,73284.0,908436.0,45308.0,558644.0
46591M109,Not New,JOYY INC,27976.0,349792.0,35446.0,439400.0,7470.0,89608.0
46591M109,Not New,JOYY INC,35143.0,439400.0,73284.0,908436.0,38141.0,469036.0
46591M109,Not New,JOYY INC,35143.0,439400.0,35446.0,439400.0,303.0,0.0
311875116,New Holding,FAST ACQUISITION CORP,,,1036.0,583700.0,,
17143G106,Sold Out,CHURCHILL CAP CORP II,4288.0,406432.0,,,,
04316G105,Not New,ARTIUS ACQUISITION INC,314.0,29583.0,6655.0,669501.0,6341.0,639918.0
63016Q102,New Holding,NANTKWEST INC,,,91.0,6800.0,,
63016Q102,New Holding,NANTKWEST INC,,,91.0,6800.0,,
03765K104,Not New,APHRIA INC,182.0,26300.0,117.0,26300.0,-65.0,0.0
03765K104,Not New,APHRIA INC,182.0,26300.0,115.0,26000.0,-67.0,-300.0
03765K104,Not New,APHRIA INC,180.0,26000.0,117.0,26300.0,-63.0,300.0
03765K104,Not New,APHRIA INC,180.0,26000.0,115.0,26000.0,-65.0,0.0
212896104,Sold Out,CONYERS PK II ACQUISITION CO,10161.0,1000100.0,,,,
037833100,New Holding,APPLE INC,,,301870.0,2275000.0,,
037833100,New Holding,APPLE INC,,,301870.0,2275000.0,,
147151203,New Holding,CASCADE ACQUISITION CORP,,,5225.0,500000.0,,
654106103,Sold Out,NIKE INC,123943.0,987281.0,,,,
571903202,New Holding,MARRIOTT INTL INC NEW,,,123181.0,933756.0,,
05156X884,Not New,AURORA CANNABIS INC,686.0,82500.0,347.0,74600.0,-339.0,-7900.0
05156X884,Not New,AURORA CANNABIS INC,686.0,82500.0,374.0,80352.0,-312.0,-2148.0
05156X884,Not New,AURORA CANNABIS INC,733.0,88252.0,347.0,74600.0,-386.0,-13652.0
05156X884,Not New,AURORA CANNABIS INC,733.0,88252.0,374.0,80352.0,-359.0,-7900.0
87157DAD1,Not New,SYNAPTICS INC,52049.0,37500000.0,52162.0,42000000.0,113.0,4500000.0
84918M106,New Holding,SPORTS ENTERTAINMENT ACQU CO,,,6584.0,650600.0,,
400110102,Not New,GRUBHUB INC,7754.0,104400.0,7551.0,104400.0,-203.0,0.0
400110102,Not New,GRUBHUB INC,7754.0,104400.0,7551.0,104400.0,-203.0,0.0
400110102,Not New,GRUBHUB INC,7754.0,104400.0,7551.0,104400.0,-203.0,0.0
400110102,Not New,GRUBHUB INC,7754.0,104400.0,7551.0,104400.0,-203.0,0.0
46267X108,Not New,IQIYI INC,1781.0,101900.0,1307.0,57900.0,-474.0,-44000.0
46267X108,Not New,IQIYI INC,1781.0,101900.0,65554.0,2903200.0,63773.0,2801300.0
46267X108,Not New,IQIYI INC,50748.0,2903200.0,1307.0,57900.0,-49441.0,-2845300.0
46267X108,Not New,IQIYI INC,50748.0,2903200.0,65554.0,2903200.0,14806.0,0.0
74767V109,New Holding,QUANTUMSCAPE CORP,,,3378.0,40000.0,,
06684LAB9,Not New,BAOZUN INC,5317.0,5447000.0,6985.0,7447000.0,1668.0,2000000.0
60879BAB3,Sold Out,MOMO INC,5106.0,6500000.0,,,,
52470X117,New Holding,LEFTERIS ACQUISITION CORP,,,207.0,100000.0,,
168905107,Not New,CHILDRENS PL INC,5556.0,110900.0,3144.0,110900.0,-2412.0,0.0
168905107,Not New,CHILDRENS PL INC,5556.0,110900.0,3144.0,110900.0,-2412.0,0.0
168905107,Not New,CHILDRENS PL INC,5556.0,110900.0,3144.0,110900.0,-2412.0,0.0
168905107,Not New,CHILDRENS PL INC,5556.0,110900.0,3144.0,110900.0,-2412.0,0.0
093712107,Not New,BLOOM ENERGY CORP,748.0,26100.0,469.0,26100.0,-279.0,0.0
093712107,Not New,BLOOM ENERGY CORP,748.0,26100.0,469.0,26100.0,-279.0,0.0
093712107,Not New,BLOOM ENERGY CORP,748.0,26100.0,469.0,26100.0,-279.0,0.0
093712107,Not New,BLOOM ENERGY CORP,748.0,26100.0,469.0,26100.0,-279.0,0.0
854502101,New Holding,STANLEY BLACK & DECKER INC,,,31619.0,177079.0,,
254067101,Not New,DILLARDS INC,7276.0,115400.0,3075.0,84200.0,-4201.0,-31200.0
254067101,Not New,DILLARDS INC,7276.0,115400.0,3075.0,84200.0,-4201.0,-31200.0
254067101,Not New,DILLARDS INC,5397.0,85600.0,3075.0,84200.0,-2322.0,-1400.0
254067101,Not New,DILLARDS INC,5397.0,85600.0,3075.0,84200.0,-2322.0,-1400.0
31810Q305,New Holding,FINTECH ACQUISITION CORP V,,,6402.0,600000.0,,
244413100,Not New,DEERFIELD HEALTHCARE TECH AC,624.0,40000.0,1050.0,100000.0,426.0,60000.0
700517105,Sold Out,PARK HOTELS RESORTS INC,21747.0,2176854.0,,,,
98426TAD8,Not New,YY INC,23108.0,22725000.0,24705.0,22725000.0,1597.0,0.0
189464100,Not New,CLOVIS ONCOLOGY INC,1341.0,279400.0,1629.0,279400.0,288.0,0.0
189464100,Not New,CLOVIS ONCOLOGY INC,1341.0,279400.0,1629.0,279400.0,288.0,0.0
189464100,Not New,CLOVIS ONCOLOGY INC,1341.0,279400.0,1629.0,279400.0,288.0,0.0
189464100,Not New,CLOVIS ONCOLOGY INC,1341.0,279400.0,1629.0,279400.0,288.0,0.0
G50744104,Sold Out,JAWS ACQUISITION CORP,4164.0,400000.0,,,,
517834107,New Holding,LAS VEGAS SANDS CORP,,,109827.0,1842731.0,,
G9441E126,Not New,VPC IMPACT ACQUISITION HLDNG,10484.0,979800.0,15000.0,1500000.0,4516.0,520200.0
382864205,Sold Out,GORES HLDGS V INC,15525.0,1500000.0,,,,
G8739H106,New Holding,TEKKORP DIGITAL ACQUISITN CO,,,2520.0,250000.0,,
543881106,Sold Out,LORAL SPACE & COMMUNICATNS I,4184.0,228639.0,,,,
543881106,Sold Out,LORAL SPACE & COMMUNICATNS I,9894.0,540659.0,,,,
G9444H126,New Holding,VY GLOBAL GROWTH,,,2152.0,200000.0,,
83422E105,New Holding,SOLID BIOSCIENCES INC,,,114.0,15100.0,,
83422E105,New Holding,SOLID BIOSCIENCES INC,,,114.0,15100.0,,
75513E101,Sold Out,RAYTHEON TECHNOLOGIES CORP,176496.0,3067360.0,,,,
023135106,Not New,AMAZON COM INC,322032.0,98876.0,242408.0,76986.0,-79624.0,-21890.0
13803R102,New Holding,CANOO INC,,,269.0,19500.0,,
13803R102,New Holding,CANOO INC,,,269.0,19500.0,,
46267XAD0,Sold Out,IQIYI INC,1763.0,1850000.0,,,,
00090Q103,Sold Out,ADT INC DEL,11692.0,1431063.0,,,,
76680R206,Sold Out,RINGCENTRAL INC,3131.0,11400.0,,,,
45782B104,Not New,INSEEGO CORP,5040.0,325800.0,1814.0,175800.0,-3226.0,-150000.0
45782B104,Not New,INSEEGO CORP,5040.0,325800.0,2064.0,200000.0,-2976.0,-125800.0
45782B104,Not New,INSEEGO CORP,5040.0,325800.0,3362.0,325800.0,-1678.0,0.0
45782B104,Not New,INSEEGO CORP,5040.0,325800.0,1814.0,175800.0,-3226.0,-150000.0
45782B104,Not New,INSEEGO CORP,5040.0,325800.0,2064.0,200000.0,-2976.0,-125800.0
45782B104,Not New,INSEEGO CORP,5040.0,325800.0,3362.0,325800.0,-1678.0,0.0
46185L103,Not New,INVITAE CORP,10168.0,243200.0,10543.0,243200.0,375.0,0.0
46185L103,Not New,INVITAE CORP,10168.0,243200.0,10543.0,243200.0,375.0,0.0
46185L103,Not New,INVITAE CORP,10168.0,243200.0,10543.0,243200.0,375.0,0.0
46185L103,Not New,INVITAE CORP,10168.0,243200.0,10543.0,243200.0,375.0,0.0
766559603,Sold Out,RIGEL PHARMACEUTICALS INC,25.0,10600.0,,,,
766559603,Sold Out,RIGEL PHARMACEUTICALS INC,25.0,10600.0,,,,
075896100,Not New,BED BATH & BEYOND INC,11896.0,669800.0,7038.0,469800.0,-4858.0,-200000.0
075896100,Not New,BED BATH & BEYOND INC,11896.0,669800.0,2996.0,200000.0,-8900.0,-469800.0
075896100,Not New,BED BATH & BEYOND INC,11896.0,669800.0,10086.0,673300.0,-1810.0,3500.0
075896100,Not New,BED BATH & BEYOND INC,11958.0,673300.0,7038.0,469800.0,-4920.0,-203500.0
075896100,Not New,BED BATH & BEYOND INC,11958.0,673300.0,2996.0,200000.0,-8962.0,-473300.0
075896100,Not New,BED BATH & BEYOND INC,11958.0,673300.0,10086.0,673300.0,-1872.0,0.0
03524A108,Not New,ANHEUSER BUSCH INBEV SA/NV,252597.0,3613173.0,162433.0,3014710.0,-90164.0,-598463.0
G32219100,New Holding,HPX CORP,,,5010.0,500000.0,,
185899AA9,Not New,CLEVELAND-CLIFFS INC NEW,54377.0,27775000.0,21051.0,20275000.0,-33326.0,-7500000.0
81786A206,New Holding,7GC & CO HOLDINGS INC,,,2638.0,250000.0,,
86846V207,New Holding,SUPERNOVA PARTNERS ACQUISITI,,,2983.0,256961.0,,
16936R105,New Holding,CHINA AUTOMOTIVE SYS INC,,,113.0,18100.0,,
16936R105,New Holding,CHINA AUTOMOTIVE SYS INC,,,113.0,18100.0,,
92538T203,Sold Out,VESPER HEALTHCARE ACQSTN COR,8208.0,800000.0,,,,
52470X208,New Holding,LEFTERIS ACQUISITION CORP,,,2933.0,270548.0,,
33765Y200,New Holding,FIRSTMARK HORIZON ACQUISITIO,,,0.0,1.0,,
52567D107,Sold Out,LEMONADE INC,9944.0,200000.0,,,,
81141R100,Not New,SEA LTD,52808.0,265300.0,40867.0,265300.0,-11941.0,0.0
252131AH0,Not New,DEXCOM INC,56903.0,25000000.0,63445.0,25000000.0,6542.0,0.0
612657106,New Holding,MONTES ARCHIMEDES ACQUISITIO,,,6104.0,600163.0,,
02156K103,Sold Out,ALTICE USA INC,15962.0,613932.0,,,,
84918M114,New Holding,SPORTS ENTERTAINMENT ACQU CO,,,867.0,600000.0,,
75606N109,New Holding,REALPAGE INC,,,50996.0,584548.0,,
053774105,Not New,AVIS BUDGET GROUP,10511.0,281800.0,7483.0,284300.0,-3028.0,2500.0
053774105,Not New,AVIS BUDGET GROUP,10511.0,281800.0,7483.0,284300.0,-3028.0,2500.0
053774105,Not New,AVIS BUDGET GROUP,10604.0,284300.0,7483.0,284300.0,-3121.0,0.0
053774105,Not New,AVIS BUDGET GROUP,10604.0,284300.0,7483.0,284300.0,-3121.0,0.0
65339F770,New Holding,NEXTERA ENERGY INC,,,22748.0,450640.0,,
30052C107,Not New,EVOLUS INC,308.0,91600.0,365.0,93300.0,57.0,1700.0
30052C107,Not New,EVOLUS INC,308.0,91600.0,365.0,93300.0,57.0,1700.0
30052C107,Not New,EVOLUS INC,308.0,91600.0,365.0,93300.0,57.0,1700.0
30052C107,Not New,EVOLUS INC,308.0,91600.0,365.0,93300.0,57.0,1700.0
34962V106,Sold Out,FORTRESS VALUE ACQUISITION C,2133.0,157039.0,,,,
382864106,New Holding,GORES HLDGS V INC,,,6156.0,591899.0,,
12558Y106,New Holding,CHP MERGER CORP,,,1561.0,152176.0,,
163572209,Sold Out,CHEMBIO DIAGNOSTICS INC,167.0,34400.0,,,,
163572209,Sold Out,CHEMBIO DIAGNOSTICS INC,167.0,34400.0,,,,
311875108,New Holding,FAST ACQUISITION CORP,,,11817.0,1154000.0,,
90353T100,Not New,UBER TECHNOLOGIES INC,895.0,17542.0,68647.0,1881764.0,67752.0,1864222.0
65339F796,Not New,NEXTERA ENERGY INC,25115.0,430000.0,20704.0,380000.0,-4411.0,-50000.0
171439110,Not New,CHURCHILL CAPITAL CORP IV,1116.0,727043.0,1758.0,1200000.0,642.0,472957.0
G2040C104,New Holding,CERBERUS TELECOM ACQUISITION,,,1532.0,150000.0,,
159864107,Not New,CHARLES RIV LABS INTL INC,10970.0,43903.0,23305.0,102915.0,12335.0,59012.0
159864107,Not New,CHARLES RIV LABS INTL INC,10970.0,43903.0,55523.0,245188.0,44553.0,201285.0
159864107,Not New,CHARLES RIV LABS INTL INC,33794.0,135251.0,23305.0,102915.0,-10489.0,-32336.0
159864107,Not New,CHARLES RIV LABS INTL INC,33794.0,135251.0,55523.0,245188.0,21729.0,109937.0
741503AX4,Not New,PRICELINE GRP INC,62789.0,53909000.0,15235.0,14300000.0,-47554.0,-39609000.0
38102H208,New Holding,GOLDEN FALCON ACQUISITION CO,,,2377.0,228576.0,,
697660207,Not New,PAMPA ENERGIA S A,3741.0,271509.0,2805.0,271509.0,-936.0,0.0
697660207,Not New,PAMPA ENERGIA S A,3741.0,271509.0,15144.0,1465973.0,11403.0,1194464.0
697660207,Not New,PAMPA ENERGIA S A,20201.0,1465973.0,2805.0,271509.0,-17396.0,-1194464.0
697660207,Not New,PAMPA ENERGIA S A,20201.0,1465973.0,15144.0,1465973.0,-5057.0,0.0
039587100,New Holding,ARCIMOTO INC,,,2532.0,191400.0,,
039587100,New Holding,ARCIMOTO INC,,,2532.0,191400.0,,
G96629103,New Holding,WILLIS TOWERS WATSON PLC LTD,,,51231.0,243172.0,,
595017AH7,Not New,MICROCHIP TECHNOLOGY INC.,13249.0,6500000.0,11267.0,7500000.0,-1982.0,1000000.0
90117G204,Sold Out,TWC TECH HLDGS II CORP,18201.0,1798500.0,,,,
87663X102,New Holding,TATTOOED CHEF INC,,,478.0,20900.0,,
87663X102,New Holding,TATTOOED CHEF INC,,,478.0,20900.0,,
G31067120,New Holding,SCION TECH GROWTH I,,,8772.0,850000.0,,
35953D104,New Holding,FUBOTV INC,,,2327.0,83100.0,,
35953D104,New Holding,FUBOTV INC,,,3212.0,114700.0,,
35953D104,New Holding,FUBOTV INC,,,2327.0,83100.0,,
497498105,New Holding,KIRKLANDS INC,,,1134.0,63400.0,,
497498105,New Holding,KIRKLANDS INC,,,1134.0,63400.0,,
09075V102,New Holding,BIONTECH SE,,,163.0,2000.0,,
09075V102,New Holding,BIONTECH SE,,,163.0,2000.0,,
53220K504,New Holding,LIGAND PHARMACEUTICALS INC,,,7906.0,79500.0,,
53220K504,New Holding,LIGAND PHARMACEUTICALS INC,,,7906.0,79500.0,,
907818108,Not New,UNION PAC CORP,116390.0,558978.0,107455.0,545815.0,-8935.0,-13163.0
435063201,Sold Out,HOLICITY INC,11385.0,1100000.0,,,,
594918104,Not New,MICROSOFT CORP,297008.0,1335349.0,134015.0,637164.0,-162993.0,-698185.0
483709101,Not New,KANDI TECHNOLOGIES GROUP INC,1243.0,180100.0,310.0,50000.0,-933.0,-130100.0
483709101,Not New,KANDI TECHNOLOGIES GROUP INC,1243.0,180100.0,310.0,50000.0,-933.0,-130100.0
34619R201,New Holding,FOREST ROAD ACQUISITION CORP,,,5749.0,547500.0,,
G7417R121,Sold Out,REDBALL ACQUISITION CORP,6871.0,650000.0,,,,
185064102,Sold Out,CLEARSIGN TECHNOLOGIES CORP,183.0,80900.0,,,,
185064102,Sold Out,CLEARSIGN TECHNOLOGIES CORP,183.0,80900.0,,,,
17144C112,Sold Out,CHURCHILL CAP CORP III,341.0,168345.0,,,,
30606L108,New Holding,FALCON CAPITAL ACQUISITN COR,,,4275.0,405579.0,,
51476H209,New Holding,LANDCADIA HOLDINGS III INC,,,14218.0,1272894.0,,
013091103,New Holding,ALBERTSONS COS INC,,,3516.0,200000.0,,
013091103,New Holding,ALBERTSONS COS INC,,,3516.0,200000.0,,
482497104,Sold Out,KE HLDGS INC,30650.0,500000.0,,,,
682189AK1,Sold Out,ON SEMICONDUCTOR CORP,61949.0,51801000.0,,,,
62548M100,New Holding,MULTIPLAN CORPORATION,,,1295.0,162100.0,,
62548M100,New Holding,MULTIPLAN CORPORATION,,,1295.0,162100.0,,
17143G114,New Holding,CHURCHILL CAP CORP II,,,93.0,48401.0,,
22266LAC0,Not New,COUPA SOFTWARE INC,78704.0,36000000.0,163745.0,90000000.0,85041.0,54000000.0
428304109,Sold Out,HEXO CORP,14.0,21900.0,,,,
428304109,Sold Out,HEXO CORP,14.0,21900.0,,,,
025537101,Not New,AMERICAN ELEC PWR CO INC,5546.0,66602.0,7847.0,96017.0,2301.0,29415.0
26873Y104,Not New,E MERGE TECHNOLOGY ACQUISITI,2902.0,283664.0,9785.0,999999.0,6883.0,716335.0
42806J106,Sold Out,HERTZ GLOBAL HLDGS INC,258.0,232000.0,,,,
42806J106,Sold Out,HERTZ GLOBAL HLDGS INC,242.0,217800.0,,,,
530715AG6,New Holding,LIBERTY MEDIA CORP DEL,,,23645.0,30618000.0,,
36258Q105,Not New,GS ACQUISITION HLDGS CORP II,8719.0,799900.0,10760.0,1000000.0,2041.0,200100.0
852234AD5,Not New,SQUARE INC,50624.0,18059000.0,6641.0,3076000.0,-43983.0,-14983000.0
42226W208,New Holding,HEALTH ASSURN ACQUISITION CO,,,6235.0,565800.0,,
94419LAD3,Not New,WAYFAIR INC,65680.0,32141000.0,59086.0,23000000.0,-6594.0,-9141000.0
G82514129,New Holding,SOCIAL CAPITAL HEDOSOPHA HLD,,,622.0,42547.0,,
02376R102,Not New,AMERICAN AIRLS GROUP INC,1566.0,99300.0,2449.0,199300.0,883.0,100000.0
02376R102,Not New,AMERICAN AIRLS GROUP INC,1566.0,99300.0,2449.0,199300.0,883.0,100000.0
02376R102,Not New,AMERICAN AIRLS GROUP INC,1566.0,99300.0,2449.0,199300.0,883.0,100000.0
02376R102,Not New,AMERICAN AIRLS GROUP INC,1566.0,99300.0,2449.0,199300.0,883.0,100000.0
36165L108,Not New,GDS HLDGS LTD,61147.0,653000.0,53435.0,653000.0,-7712.0,0.0
28139A201,New Holding,EDTECHX HOLDINGS ACQU CORP I,,,5521.0,535000.0,,
848577102,Not New,SPIRIT AIRLS INC,6115.0,250100.0,4027.0,250100.0,-2088.0,0.0
848577102,Not New,SPIRIT AIRLS INC,6115.0,250100.0,4027.0,250100.0,-2088.0,0.0
848577102,Not New,SPIRIT AIRLS INC,6115.0,250100.0,4027.0,250100.0,-2088.0,0.0
848577102,Not New,SPIRIT AIRLS INC,6115.0,250100.0,4027.0,250100.0,-2088.0,0.0
G9879L121,Sold Out,YUCAIPA ACQUISITION CORP,4590.0,450000.0,,,,
654110105,Not New,NIKOLA CORP,7867.0,515500.0,2484.0,121300.0,-5383.0,-394200.0
654110105,Not New,NIKOLA CORP,7867.0,515500.0,4329.0,211400.0,-3538.0,-304100.0
654110105,Not New,NIKOLA CORP,7867.0,515500.0,6234.0,304400.0,-1633.0,-211100.0
654110105,Not New,NIKOLA CORP,4731.0,310000.0,2484.0,121300.0,-2247.0,-188700.0
654110105,Not New,NIKOLA CORP,4731.0,310000.0,4329.0,211400.0,-402.0,-98600.0
654110105,Not New,NIKOLA CORP,4731.0,310000.0,6234.0,304400.0,1503.0,-5600.0
654110105,Not New,NIKOLA CORP,12432.0,814700.0,2484.0,121300.0,-9948.0,-693400.0
654110105,Not New,NIKOLA CORP,12432.0,814700.0,4329.0,211400.0,-8103.0,-603300.0
654110105,Not New,NIKOLA CORP,12432.0,814700.0,6234.0,304400.0,-6198.0,-510300.0
14817C107,Not New,CASSAVA SCIENCES INC,207.0,30300.0,349.0,30300.0,142.0,0.0
14817C107,Not New,CASSAVA SCIENCES INC,207.0,30300.0,349.0,30300.0,142.0,0.0
14817C107,Not New,CASSAVA SCIENCES INC,207.0,30300.0,349.0,30300.0,142.0,0.0
14817C107,Not New,CASSAVA SCIENCES INC,207.0,30300.0,349.0,30300.0,142.0,0.0
311875207,Sold Out,FAST ACQUISITION CORP,7478.0,750000.0,,,,
03272L108,Not New,ANAPLAN INC,281175.0,3913359.0,194835.0,3113367.0,-86340.0,-799992.0
462726100,Not New,IROBOT CORP,14243.0,177400.0,13465.0,177400.0,-778.0,0.0
462726100,Not New,IROBOT CORP,14243.0,177400.0,13465.0,177400.0,-778.0,0.0
462726100,Not New,IROBOT CORP,14243.0,177400.0,13465.0,177400.0,-778.0,0.0
462726100,Not New,IROBOT CORP,14243.0,177400.0,13465.0,177400.0,-778.0,0.0
