CUSIP,status,NAME OF ISSUER,(x$1000)_old,PRN AMT_old,(x$1000),PRN AMT,(x$1000)_change,PRN AMT_change
92556H206,Not New,VIACOMCBS INC,175122.0,4700000.0,527641.0,18837585.0,352519.0,14137585.0
19626G108,Not New,COLONY CAP INC NEW,116464.0,24212959.0,61759.0,22622503.0,-54705.0,-1590456.0
35137L105,Not New,FOX CORP,646084.0,22186950.0,750651.0,26972720.0,104567.0,4785770.0
92538T104,New Holding,VESPER HEALTHCARE ACQSTN COR,,,44788.0,3960000.0,,
56585A102,New Holding,MARATHON PETE CORP,,,318088.0,7690721.0,,
923454102,Not New,VERITIV CORP,74105.0,3564439.0,45126.0,3564439.0,-28979.0,0.0
74736K101,Not New,QORVO INC,738255.0,4440095.0,382242.0,2962886.0,-356013.0,-1477209.0
G8807B106,Not New,THERAVANCE BIOPHARMA INC,155224.0,8735168.0,129149.0,8735168.0,-26075.0,0.0
92837L109,Not New,VISTA OIL & GAS SAB DE CV,4995.0,1951132.0,9938.0,4416900.0,4943.0,2465768.0
89374L104,Not New,TRANSLATE BIO INC,326236.0,18044239.0,242393.0,18044239.0,-83843.0,0.0
G28314105,New Holding,DRAGONEER GROWTH OPPTY CORP,,,11420.0,1000000.0,,
G1739V118,Not New,BROADSTONE ACQUISITION CORP,31155.0,2970000.0,29611.0,2970000.0,-1544.0,0.0
278642103,Not New,EBAY INC.,1563540.0,31115223.0,1569003.0,30115223.0,5463.0,-1000000.0
038222105,Sold Out,APPLIED MATLS INC,137127.0,2306601.0,,,,
92538T112,New Holding,VESPER HEALTHCARE ACQSTN COR,,,3491.0,1320000.0,,
G0190X118,New Holding,AJAX I,,,62050.0,5000000.0,,
88339KAA0,Not New,THERAVANCE BIOPHARMA INC,28396.0,30000000.0,26281.0,30000000.0,-2115.0,0.0
92552V100,Not New,VIASAT INC,531834.0,16288959.0,560177.0,16288959.0,28343.0,0.0
58155Q103,Sold Out,MCKESSON CORP,248591.0,1669181.0,,,,
G7417R113,New Holding,REDBALL ACQUISITION CORP,,,3696.0,1650000.0,,
69331C108,Not New,PG&E CORP,381993.0,30657601.0,287875.0,30657601.0,-94118.0,0.0
046513107,Not New,ATARA BIOTHERAPEUTICS INC,178809.0,9108988.0,128590.0,9922030.0,-50219.0,813042.0
71531R109,Not New,PERSHING SQUARE TONTINE HLDG,352264.0,12707924.0,397075.0,17500000.0,44811.0,4792076.0
595112103,Not New,MICRON TECHNOLOGY INC,392590.0,5222000.0,245225.0,5222000.0,-147365.0,0.0
65336K103,Not New,NEXSTAR MEDIA GROUP INC,227661.0,2085000.0,187504.0,2085000.0,-40157.0,0.0
42250P103,Not New,HEALTHPEAK PROPERTIES INC,120926.0,4000200.0,108600.0,4000000.0,-12326.0,-200.0
G46044122,New Holding,HORIZON ACQUISITION CORPORAT,,,37590.0,3500000.0,,
40434L105,Sold Out,HP INC,252567.0,13300000.0,,,,
78467J100,Not New,SS&C TECHNOLOGIES HLDGS INC,240496.0,3305784.0,183285.0,3028509.0,-57211.0,-277275.0
40416M105,Sold Out,HD SUPPLY HLDGS INC,281179.0,6818119.0,,,,
G7483N111,Not New,REINVENT TECHNOLOGY PARTNERS,42875.0,3500000.0,40215.0,3500000.0,-2660.0,0.0
30303M102,Not New,FACEBOOK INC,251307.0,920000.0,147450.0,563000.0,-103857.0,-357000.0
35137L204,Not New,FOX CORP,164047.0,5680307.0,158878.0,5680307.0,-5169.0,0.0
92538T203,Sold Out,VESPER HEALTHCARE ACQSTN COR,40630.0,3960000.0,,,,
71531R117,Not New,PERSHING SQUARE TONTINE HLDG,18667.0,1944444.0,13942.0,1944444.0,-4725.0,0.0
G7417R121,Sold Out,REDBALL ACQUISITION CORP,52322.0,4950000.0,,,,
31620R303,New Holding,FIDELITY NATIONAL FINANCIAL,,,148542.0,3800000.0,,
750481103,New Holding,RADIUS GLOBAL INFRASTRCTRE I,,,19292.0,1501342.0,,
00791N102,New Holding,ADVANTAGE SOLUTIONS INC,,,161216.0,12500000.0,,
G4771L121,New Holding,INVESTINDUSTRIAL ACQUISITION,,,21588.0,2100000.0,,
G5480U120,Not New,LIBERTY GLOBAL PLC,1290235.0,54555407.0,1120295.0,54555407.0,-169940.0,0.0
531229409,Not New,LIBERTY MEDIA CORP DEL,151165.0,3500000.0,96958.0,2923048.0,-54207.0,-576952.0
531229607,Not New,LIBERTY MEDIA CORP DEL,282157.0,6484867.0,192369.0,5815276.0,-89788.0,-669591.0
G7417R105,New Holding,REDBALL ACQUISITION CORP,,,53906.0,4950000.0,,
89621C105,Not New,TRILOGY METALS INC NEW,24365.0,12182568.0,21807.0,12182568.0,-2558.0,0.0
92343X100,Not New,VERINT SYS INC,153842.0,2290000.0,110332.0,2290000.0,-43510.0,0.0
G0682V117,New Holding,AVANTI ACQUISITION CORP,,,43360.0,4000000.0,,
02079K107,Not New,ALPHABET INC,139415.0,79580.0,227171.0,154580.0,87756.0,75000.0
443201108,Sold Out,HOWMET AEROSPACE INC,76976.0,4603800.0,,,,
G74847123,New Holding,REINVENT TECHNOLOGY PARTNERS,,,11380.0,1000000.0,,
458140100,New Holding,INTEL CORP,,,906005.0,18185569.0,,
G5480U104,Not New,LIBERTY GLOBAL PLC,185458.0,7657205.0,160878.0,7657205.0,-24580.0,0.0
