CUSIP,status,NAME OF ISSUER,(x$1000)_old,PRN AMT_old,(x$1000),PRN AMT,(x$1000)_change,PRN AMT_change
482497104,Sold Out,KE HLDGS INC,61300.0,1000000.0,,,,
22266L106,Not New,COUPA SOFTWARE INC,1187259.0,4329269.0,1187259.0,4329269.0,0.0,0.0
04016X101,New Holding,ARGENX SE,,,157708.0,536259.0,,
67020Y100,Not New,NUANCE COMMUNICATIONS INC,281472.0,8480618.0,281472.0,8480618.0,0.0,0.0
91324P102,Not New,UNITEDHEALTH GROUP INC,1230379.0,3946431.0,1230379.0,3946431.0,0.0,0.0
98985W102,New Holding,ZYMEWORKS INC,,,46160.0,976735.0,,
23804L103,Not New,DATADOG INC,669033.0,6548876.0,669033.0,6548876.0,0.0,0.0
25809K105,New Holding,DOORDASH INC,,,322177.0,2256931.0,,
57636Q104,Not New,MASTERCARD INCORPORATED,596387.0,1763571.0,596387.0,1763571.0,0.0,0.0
34633R104,New Holding,FORMA THERAPEUTICS HLDGS INC,,,27920.0,800000.0,,
45784P101,Sold Out,INSULET CORP,109354.0,462209.0,,,,
31620M106,New Holding,FIDELITY NATL INFORMATION SV,,,396075.0,2799907.0,,
09857L108,Sold Out,BOOKING HOLDINGS INC,100793.0,58920.0,,,,
14040H105,Sold Out,CAPITAL ONE FINL CORP,738598.0,10278292.0,,,,
023135106,Not New,AMAZON COM INC,1062092.0,337308.0,1062092.0,337308.0,0.0,0.0
090040106,New Holding,BILIBILI INC,,,514674.0,6004127.0,,
64110L106,Not New,NETFLIX INC,1125679.0,2251223.0,1125679.0,2251223.0,0.0,0.0
82509L107,Not New,SHOPIFY INC,1762115.0,1722548.0,1762115.0,1722548.0,0.0,0.0
83304A106,New Holding,SNAP INC,,,976895.0,19510587.0,,
57667L107,Not New,MATCH GROUP INC NEW,866780.0,7833531.0,866780.0,7833531.0,0.0,0.0
256163106,Not New,DOCUSIGN INC,890093.0,4135353.0,890093.0,4135353.0,0.0,0.0
833445109,Not New,SNOWFLAKE INC,251517.0,1002060.0,175700.0,700000.0,-75817.0,-302060.0
04351P101,New Holding,ASCENDIS PHARMA A/S,,,149190.0,894533.0,,
090043100,Not New,BILL COM HLDGS INC,222314.0,2216266.0,222314.0,2216266.0,0.0,0.0
37940X102,Not New,GLOBAL PMTS INC,1135629.0,6395026.0,1135629.0,6395026.0,0.0,0.0
09627Y109,New Holding,BLUEPRINT MEDICINES CORP,,,303830.0,2709138.0,,
30303M102,Not New,FACEBOOK INC,1531990.0,5849522.0,1531990.0,5849522.0,0.0,0.0
052769106,Not New,AUTODESK INC,676321.0,2927671.0,676321.0,2927671.0,0.0,0.0
594918104,Not New,MICROSOFT CORP,1354629.0,6440494.0,1354629.0,6440494.0,0.0,0.0
03152W109,New Holding,AMICUS THERAPEUTICS INC,,,154213.0,6678788.0,,
G85158106,Not New,STONECO LTD,438787.0,8296213.0,438787.0,8296213.0,0.0,0.0
893641100,Sold Out,TRANSDIGM GROUP INC,358435.0,754410.0,,,,
146869102,New Holding,CARVANA CO,,,586457.0,2448265.0,,
852234103,Not New,SQUARE INC,872590.0,5368133.0,872590.0,5368133.0,0.0,0.0
501797104,Not New,L BRANDS INC,835493.0,26265094.0,835493.0,26265094.0,0.0,0.0
70450Y103,Sold Out,PAYPAL HLDGS INC,1182360.0,6000915.0,,,,
58733R102,Not New,MERCADOLIBRE INC,231220.0,213602.0,231220.0,213602.0,0.0,0.0
31189P102,New Holding,FATE THERAPEUTICS INC,,,80352.0,883666.0,,
G06242104,Not New,ATLASSIAN CORP PLC,598007.0,3289546.0,598007.0,3289546.0,0.0,0.0
252131107,Not New,DEXCOM INC,190898.0,463087.0,190898.0,463087.0,0.0,0.0
30744W107,New Holding,FARFETCH LTD,,,514600.0,8064560.0,,
81762P102,Not New,SERVICENOW INC,858887.0,1770901.0,858887.0,1770901.0,0.0,0.0
444859102,Not New,HUMANA INC,899732.0,2173844.0,899732.0,2173844.0,0.0,0.0
60937P106,New Holding,MONGODB INC,,,315895.0,879832.0,,
00724F101,Not New,ADOBE SYSTEMS INCORPORATED,828637.0,1689613.0,828637.0,1689613.0,0.0,0.0
443201108,Not New,HOWMET AEROSPACE INC,131897.0,7888593.0,131897.0,7888593.0,0.0,0.0
G98239109,New Holding,XP INC,,,3196.0,80569.0,,
