CUSIP,status,NAME OF ISSUER,(x$1000)_old,PRN AMT_old,(x$1000),PRN AMT,(x$1000)_change,PRN AMT_change
40416M105,Sold Out,HD SUPPLY HLDGS INC,47072.0,1141404.0,,,,
094235108,Not New,BLOOMIN BRANDS INC,77706.0,4001336.0,87039.0,5700000.0,9333.0,1698664.0
38388F108,New Holding,GRACE W R & CO DEL NEW,,,16825.0,306914.0,,
886547108,Not New,TIFFANY & CO NEW,4837.0,36800.0,4263.0,36800.0,-574.0,0.0
715347100,Not New,PERSPECTA INC,368108.0,15286875.0,248958.0,12799872.0,-119150.0,-2487003.0
87901J105,New Holding,TEGNA INC,,,23763.0,1703455.0,,
109696104,Sold Out,BRINKS CO,20679.0,503259.0,,,,
131193104,Sold Out,CALLAWAY GOLF CO,56333.0,2943183.0,,,,
64829B100,Not New,NEW RELIC INC,23152.0,354010.0,30790.0,546309.0,7638.0,192299.0
89469A104,New Holding,TREEHOUSE FOODS INC,,,86429.0,2034109.0,,
29261A100,Not New,ENCOMPASS HEALTH CORP,214425.0,2593114.0,113164.0,1741513.0,-101261.0,-851601.0
78462F103,Not New,SPDR S&P 500 ETF TR,102947.0,275347.0,121782.0,363647.0,18835.0,88300.0
50540R409,New Holding,LABORATORY CORP AMER HLDGS,,,165214.0,811661.0,,
205887102,Not New,CONAGRA BRANDS INC,393726.0,10858403.0,387754.0,10858403.0,-5972.0,0.0
