CUSIP,status,NAME OF ISSUER,(x$1000)_old,PRN AMT_old,(x$1000),PRN AMT,(x$1000)_change,PRN AMT_change
16411R208,Sold Out,CHENIERE ENERGY INC,69405.0,1500000.0,,,,
189054109,Sold Out,CLOROX CO DEL,0.0,500000.0,,,,
61945C103,Sold Out,MOSAIC CO NEW,51430.0,2815000.0,,,,
86881A100,Not New,SURGERY PARTNERS INC,29010.0,1000000.0,41144.0,1878733.0,12134.0,878733.0
25470MAB5,Sold Out,DISH NETWORK CORPORATION,3666.0,4000000.0,,,,
38246G108,Not New,GOODRX HLDGS INC,20170.0,500000.0,27800.0,500000.0,7630.0,0.0
282914100,New Holding,8X8 INC NEW,,,23784.0,690000.0,,
337932107,Sold Out,FIRSTENERGY CORP,8613.0,300000.0,,,,
750236101,Not New,RADIAN GROUP INC,55890.0,2760000.0,44911.0,3074000.0,-10979.0,314000.0
09857L108,New Holding,BOOKING HOLDINGS INC,,,60582.0,27200.0,,
59522J103,New Holding,MID-AMER APT CMNTYS INC,,,31936.0,252079.0,,
110122157,New Holding,BRISTOL-MYERS SQUIBB CO,,,2484.0,3600000.0,,
521865204,Sold Out,LEAR CORP,594.0,5447.0,,,,
168905107,New Holding,CHILDRENS PL INC,,,451.0,9000.0,,
69331C108,Sold Out,PG&E CORP,939.0,100000.0,,,,
585464100,Not New,MELCO RESORTS AND ENTMNT LTD,98315.0,5300000.0,78255.0,4700000.0,-20060.0,-600000.0
78573M104,Not New,SABRE CORP,67312.0,5600000.0,97650.0,15000000.0,30338.0,9400000.0
538034AQ2,Sold Out,LIVE NATION ENTERTAINMENT IN,10943.0,9851000.0,,,,
G3198U102,Not New,ESSENT GROUP LTD,5616.0,130000.0,15174.0,410000.0,9558.0,280000.0
844741BG2,Sold Out,SOUTHWEST AIRLS CO,27770.0,21250000.0,,,,
68243Q106,New Holding,FLWS/1-800 FLOWERS,,,629.0,24200.0,,
G0450A105,Not New,ARCH CAP GROUP LTD,32102.0,890000.0,30274.0,1035000.0,-1828.0,145000.0
094235108,Sold Out,BLOOMIN BRANDS INC,3054.0,200000.0,,,,
949746101,Not New,WELLS FARGO CO NEW,9054.0,300000.0,14106.0,600000.0,5052.0,300000.0
24790A101,Sold Out,DENBURY INC,35554.0,2020123.0,,,,
053484101,New Holding,AVALONBAY CMNTYS INC,,,10428.0,65000.0,,
16411RAG4,Sold Out,CHENIERE ENERGY INC,1276.0,1780000.0,,,,
03852U106,Not New,ARAMARK,104133.0,2706161.0,129737.0,4905000.0,25604.0,2198839.0
43300A203,Sold Out,HILTON WORLDWIDE HLDGS INC,34128.0,400000.0,,,,
925652109,Not New,VICI PPTYS INC,37303.0,1462862.0,69876.0,2990000.0,32573.0,1527138.0
517834107,Sold Out,LAS VEGAS SANDS CORP,58792.0,1260000.0,,,,
552848103,Not New,MGIC INVT CORP WIS,46812.0,3730000.0,24587.0,2775000.0,-22225.0,-955000.0
629209305,Not New,NMI HLDGS INC,4983.0,220000.0,11859.0,666250.0,6876.0,446250.0
872590104,New Holding,T-MOBILE US INC,,,11894.0,88200.0,,
494368103,Sold Out,KIMBERLY CLARK CORP,0.0,750000.0,,,,
25470M109,Sold Out,DISH NETWORK CORPORATION,36868.0,1270000.0,,,,
