CUSIP,status,NAME OF ISSUER,(x$1000)_old,PRN AMT_old,(x$1000),PRN AMT,(x$1000)_change,PRN AMT_change
83422E105,New Holding,SOLID BIOSCIENCES INC,,,81893.0,10803857.0,,
92536C103,Not New,VERU INC,28113.0,3250000.0,5528.0,1650000.0,-22585.0,-1600000.0
12233L107,New Holding,BURNING ROCK BIOTECH LTD,,,3465.0,150000.0,,
206022105,Not New,CONCERT PHARMACEUTICALS INC,27184.0,2150641.0,19840.0,2150641.0,-7344.0,0.0
244413209,New Holding,DEERFIELD HEALTHCARE TECH AC,,,4500.0,300000.0,,
55234L105,New Holding,LYRA THERAPEUTICS INC,,,36737.0,3222561.0,,
00847L100,Not New,AGILE THERAPEUTICS INC,45690.0,15919925.0,29799.0,11919925.0,-15891.0,-4000000.0
88025U109,Sold Out,10X GENOMICS INC,16775.0,220000.0,,,,
45845P108,Sold Out,INTERCEPT PHARMACEUTICALS INC,12095.0,97600.0,,,,
19249H103,New Holding,COHERUS BIOSCIENCES INC,,,81197.0,4671836.0,,
36338D108,Not New,GALERA THERAPEUTICS INC,3325.0,325000.0,4277.0,325000.0,952.0,0.0
34633R104,New Holding,FORMA THERAPEUTICS HLDGS INC,,,43625.0,1250000.0,,
03843E104,New Holding,AQUESTIVE THERAPEUTICS INC,,,7414.0,1385720.0,,
G46188101,New Holding,HORIZON THERAPEUTICS PUB L,,,225597.0,3084042.0,,
00288U106,New Holding,ABCELLERA BIOLOGICS INC,,,805.0,20000.0,,
04280A100,Not New,ARROWHEAD PHARMACEUTICALS IN,82164.0,1070814.0,1950.0,30738.0,-80214.0,-1040076.0
92731L114,New Holding,VINCERA PHARMA INC,,,990.0,300000.0,,
36118A100,New Holding,FUSION PHARMACEUTICALS INC,,,26273.0,2235983.0,,
52490G102,New Holding,LEGEND BIOTECH CORP,,,704.0,25000.0,,
05465P101,Sold Out,AXONICS MODULATION TECH INC,1524.0,55000.0,,,,
71944F106,Not New,PHREESIA INC,5426.0,100000.0,1865.0,70000.0,-3561.0,-30000.0
46185L103,Not New,INVITAE CORP,304563.0,7284466.0,5425.0,336308.0,-299138.0,-6948158.0
24344T101,Sold Out,DECIPHERA PHARMACEUTICALS INC,892.0,14326.0,,,,
46116X101,Sold Out,INTRA-CELLULAR THERAPIES INC,28575.0,800600.0,,,,
N3167Y103,Not New,FERRARI N V,1423.0,6200.0,1026.0,6200.0,-397.0,0.0
20451W101,New Holding,COMPASS PATHWAYS PLC,,,49898.0,1047404.0,,
03152W109,Not New,AMICUS THERAPEUTICS INC,579837.0,25112048.0,244789.0,25132364.0,-335048.0,20316.0
608550109,Not New,MOLECULAR TEMPLATES INC,3867.0,411818.0,34601.0,2474133.0,30734.0,2062315.0
745848101,New Holding,PULMONX CORP,,,26573.0,385000.0,,
G4411D109,New Holding,HEALTH SCIENCES ACQ CORP 2,,,5765.0,450000.0,,
73730P108,New Holding,POSEIDA THERAPEUTICS INC,,,8642.0,787745.0,,
00847X104,Sold Out,AGIOS PHARMACEUTICALS INC,42975.0,900000.0,,,,
75943R102,New Holding,RELAY THERAPEUTICS INC,,,96810.0,2329407.0,,
07725L102,Sold Out,BEIGENE LTD,4.0,200000.0,,,,
88338N107,Sold Out,THERAPEUTICSMD INC,2653.0,1096101.0,,,,
82657L107,New Holding,SIGILON THERAPEUTICS INC,,,6004.0,125000.0,,
G9381B108,Not New,UROVANT SCIENCES LTD,50274.0,3116831.0,37331.0,2406931.0,-12943.0,-709900.0
77313F106,Not New,ROCKET PHARMACEUTICALS INC,186284.0,3396867.0,50965.0,2239241.0,-135319.0,-1157626.0
82710M100,New Holding,SILK RD MED INC,,,29292.0,465100.0,,
22663K107,Not New,CRINETICS PHARMACEUTICALS IN,51634.0,3659381.0,64931.0,2587953.0,13297.0,-1071428.0
632307104,Sold Out,NATERA INC,490.0,14549.0,,,,
19240Q201,New Holding,COGENT BIOSCIENCES INC,,,35810.0,3188750.0,,
60877T100,Sold Out,MOMENTA PHARMACEUTICALS INC,55947.0,2835637.0,,,,
64157FAC7,New Holding,NEVRO CORP,,,165420.0,9000000.0,,
G78516302,Not New,SC HEALTH CORP,10990.0,1000000.0,10360.0,1000000.0,-630.0,0.0
019770106,Not New,ALLOGENE THERAPEUTICS INC,28869.0,1143790.0,40107.0,1543790.0,11238.0,400000.0
156782104,Sold Out,CERNER CORP,7706.0,105000.0,,,,
00653A107,New Holding,ADAPTIMMUNE THERAPEUTICS PLC,,,2156.0,400000.0,,
62014P108,Not New,MOTUS GI HLDGS INC,3906.0,4210542.0,9642.0,4210542.0,5736.0,0.0
65443P102,New Holding,908 DEVICES INC,,,4414.0,77500.0,,
35104E100,New Holding,4D MOLECULAR THERAPEUTICS IN,,,24881.0,600256.0,,
10806X102,Not New,BRIDGEBIO PHARMA INC,476883.0,6706268.0,142273.0,6706268.0,-334610.0,0.0
04746L104,New Holding,ATHIRA PHARMA INC,,,106682.0,3114805.0,,
03236M200,New Holding,AMYRIS INC,,,20583.0,3333332.0,,
92511W108,Not New,VERRICA PHARMACEUTICALS INC,39254.0,3410412.0,52022.0,3410412.0,12768.0,0.0
19459JAA2,New Holding,COLLEGIUM PHARMACEUTICAL INC,,,173250.0,17500000.0,,
374163103,New Holding,GERON CORP,,,21404.0,13461538.0,,
589492107,Sold Out,MEREO BIOPHARMA GROUP PLC,588.0,179419.0,,,,
45258J102,New Holding,IMMUNOVANT INC,,,64666.0,1400000.0,,
G8251L105,New Holding,SOCIAL CAPITAL HEDOSOPHIA HLD,,,671.0,40000.0,,
74371L109,Sold Out,PROTEON THERAPEUTICS INC,140.0,341743.0,,,,
91822J103,Not New,VBI VACCINES INC,151366.0,55042465.0,63413.0,45951556.0,-87953.0,-9090909.0
28249U105,Not New,EIGER BIOPHARMACEUTICALS INC,1719.0,139890.0,2084.0,139890.0,365.0,0.0
60468T105,Not New,MIRATI THERAPEUTICS INC,811244.0,3693516.0,412791.0,3203406.0,-398453.0,-490110.0
15678U128,New Holding,CEREVEL THERAPEUTICS HLDNG I,,,75340.0,4544062.0,,
89422G107,New Holding,TRAVERE THERAPEUTICS INC,,,95218.0,3493607.0,,
090572207,Sold Out,BIO-RAD LABORATORIES INC,25343.0,68489.0,,,,
670002401,New Holding,NOVAVAX INC,,,116305.0,1043000.0,,
761299106,Sold Out,RETROPHIN INC,41046.0,2890608.0,,,,
61775R105,Not New,MORPHIC HLDG INC,16339.0,487000.0,11154.0,650000.0,-5185.0,163000.0
03890D108,Sold Out,ARAVIVE INC,450.0,32895.0,,,,
04335A105,Sold Out,ARVINAS INC,16436.0,400000.0,,,,
92243G108,New Holding,VAXCYTE INC,,,22585.0,850000.0,,
98943L107,New Holding,ZENTALIS PHARMACEUTICALS INC,,,54537.0,1050003.0,,
09627Y109,Sold Out,BLUEPRINT MEDICINES CORP,49558.0,618624.0,,,,
28249H104,Not New,EIDOS THERAPEUTICS INC,90385.0,686922.0,40030.0,697524.0,-50355.0,10602.0
69353Y103,New Holding,PMV PHARMACEUTICALS INC,,,54471.0,885556.0,,
228903100,Sold Out,CRYOLIFE INC,1355.0,50000.0,,,,
359616109,Sold Out,FULCRUM THERAPEUTICS INC,9984.0,600000.0,,,,
N44445109,New Holding,IMMATICS N.V,,,26975.0,2500000.0,,
87650L103,New Holding,TARSUS PHARMACEUTICALS INC,,,53580.0,1296416.0,,
74365U107,New Holding,PROTARA THERAPEUTICS INC,,,14733.0,608544.0,,
01345P106,Not New,ALBIREO PHARMA INC,88529.0,2360139.0,43324.0,1704330.0,-45205.0,-655809.0
543195200,New Holding,LONGVIEW ACQUISITION CORP,,,15155.0,700000.0,,
00650F109,Not New,ADAPTIVE BIOTECHNOLOGIES COR,53504.0,904854.0,9126.0,305000.0,-44378.0,-599854.0
50107A104,New Holding,KRONOS BIO INC,,,83041.0,2780097.0,,
53229E103,New Holding,LIFESCI ACQUISITION II CORP,,,3201.0,300000.0,,
68269G107,New Holding,1LIFE HEALTHCARE INC,,,22691.0,519844.0,,
75901B107,Sold Out,REGENXBIO INC,24910.0,608000.0,,,,
37890U108,Not New,GLOBAL BLOOD THERAPEUTICS IN,245771.0,5674711.0,466266.0,5865726.0,220495.0,191015.0
48576U106,Sold Out,KARYOPHARM THERAPEUTICS INC,1048.0,54645.0,,,,
032724106,Not New,ANAPTYSBIO INC,25700.0,1195336.0,16250.0,1000000.0,-9450.0,-195336.0
98986X109,Sold Out,ZYNERBA PHARMACEUTICALS INC,790.0,200000.0,,,,
82640U107,Sold Out,SIERRA ONCOLOGY INC,910.0,2666190.0,,,,
690145107,New Holding,OUTSET MED INC,,,161870.0,2847822.0,,
75886F107,New Holding,REGENERON PHARMACEUTICALS,,,26656.0,55175.0,,
64079L105,Not New,NEPTUNE WELLNESS SOLUTIONS I,34655.0,22214683.0,36752.0,13436906.0,2097.0,-8777777.0
231269200,New Holding,CURIS INC,,,10238.0,1250000.0,,
74374N102,Not New,PROVENTION BIO INC,71561.0,4224389.0,43532.0,2921574.0,-28029.0,-1302815.0
90184D100,Sold Out,TWIST BIOSCIENCE CORP,4533.0,215856.0,,,,
28238P109,Sold Out,EHEALTH INC,18997.0,197720.0,,,,
56600D107,New Holding,MARAVAI LIFESCIENCES HLDGS I,,,9818.0,350000.0,,
76155X100,New Holding,REVOLUTION MEDICINES INC,,,8877.0,224224.0,,
05156V102,Sold Out,AURINIA PHARMACEUTICALS INC,14520.0,716666.0,,,,
62857M105,Sold Out,MYOKARDIA INC,87929.0,1206411.0,,,,
816120307,Sold Out,SELECT INTERIOR CONCEPTS INC,945.0,105105.0,,,,
90041T108,Sold Out,TURNING POINT THERAPEUTICS I,27245.0,437390.0,,,,
98985W102,Not New,ZYMEWORKS INC,203265.0,4300999.0,109241.0,2403026.0,-94024.0,-1897973.0
35803L108,Not New,FREQUENCY THERAPEUTICS INC,114935.0,3259635.0,49812.0,3034296.0,-65123.0,-225339.0
82640U404,New Holding,SIERRA ONCOLOGY INC,,,1068.0,66655.0,,
26818M108,New Holding,DYNE THERAPEUTICS INC,,,8400.0,400000.0,,
48283N106,Not New,KADMON HLDGS INC,65202.0,15711334.0,66302.0,14636334.0,1100.0,-1075000.0
74366E102,New Holding,PROTAGONIST THERAPEUTICS INC,,,4104.0,203591.0,,
92556V106,New Holding,VIATRIS INC,,,18823.0,1004419.0,,
92189F692,New Holding,VANECK VECTORS ETF TR,,,13294.0,200000.0,,
92672L107,Not New,VIEWRAY INC,9366.0,2451748.0,10346.0,2451748.0,980.0,0.0
M46135105,Sold Out,FOAMIX PHARMACEUTICALS LTD,37309.0,11203881.0,,,,
759916109,New Holding,REPLIGEN CORP,,,18684.0,97500.0,,
68404V100,Sold Out,OPTINOSE INC,535.0,58005.0,,,,
462260100,Not New,IOVANCE BIOTHERAPEUTICS INC,425316.0,9166304.0,260640.0,9416202.0,-164676.0,249898.0
210373106,Sold Out,CONSTELLATION PHARMCETICLS INC,283.0,6000.0,,,,
00437E102,New Holding,ACCOLADE INC,,,27256.0,626591.0,,
86150R107,Not New,STOKE THERAPEUTICS INC,41616.0,671978.0,19030.0,671978.0,-22586.0,0.0
45166A102,Sold Out,IDEAYA BIOSCIENCES INC,8561.0,1141484.0,,,,
82489T104,Sold Out,SHOCKWAVE MED INC,1318.0,30000.0,,,,
01438T106,Not New,ALDEYRA THERAPEUTICS INC,43118.0,6285458.0,17926.0,3085458.0,-25192.0,-3200000.0
87164F105,New Holding,SYNDAX PHARMACEUTICALS INC,,,6672.0,300000.0,,
984241109,Sold Out,Y-MABS THERAPEUTICS INC,17570.0,562237.0,,,,
92941V100,New Holding,VYNE THERAPEUTICS INC,,,36145.0,22876410.0,,
05370A108,New Holding,AVIDITY BIOSCIENCES INC,,,31538.0,1235818.0,,
75382E109,New Holding,RAPT THERAPEUTICS INC,,,31155.0,1577481.0,,
64049K104,Sold Out,NEOLEUKIN THERAPEUTICS INC,6160.0,500000.0,,,,
413197104,New Holding,HARMONY BIOSCIENCES HLDGS IN,,,18170.0,502622.0,,
759910102,Sold Out,REPRO MED SYS INC,489.0,74813.0,,,,
05337M104,Sold Out,AVADEL PHARMACEUTICALS PLC,66.0,8681.0,,,,
45332Y109,New Holding,INARI MED INC,,,58353.0,668500.0,,
G59665102,Not New,MEIRAGTX HLDGS PLC,104970.0,6933277.0,128794.0,6433277.0,23824.0,-500000.0
83601L102,New Holding,SOTERA HEALTH CO,,,8232.0,300000.0,,
98978L204,Sold Out,ZOGENIX INC,193358.0,3709152.0,,,,
64125C109,Not New,NEUROCRINE BIOSCIENCES INC,182040.0,1899215.0,388313.0,3612554.0,206273.0,1713339.0
761299AB2,New Holding,RETROPHIN INC,,,442521.0,45000000.0,,
87808K106,New Holding,TCR2 THERAPEUTICS INC,,,12372.0,400000.0,,
92731L106,New Holding,VINCERA PHARMA INC,,,6273.0,300000.0,,
G2445M129,New Holding,CONSONANCE HFW ACQUISITION C,,,5235.0,500000.0,,
023111206,Sold Out,AMARIN CORPORATION PLC,152355.0,7106079.0,,,,
45258J201,Sold Out,IMMUNOVANT INC,9948.0,400000.0,,,,
3422E1055,Sold Out,SOLID BIOSCIENCES INC,30036.0,6749803.0,,,,
875372203,Sold Out,TANDEM DIABETES CARE INC,18479.0,310000.0,,,,
877619106,New Holding,TAYSHA GENE THERAPIES INC,,,12485.0,470440.0,,
85205L107,Not New,SPRINGWORKS THERAPEUTICS INC,302968.0,4177721.0,128461.0,3337522.0,-174507.0,-840199.0
556099109,New Holding,MACROGENICS INC,,,28828.0,1261060.0,,
04685N103,Not New,ATHENEX INC,149669.0,13532467.0,176100.0,11532467.0,26431.0,-2000000.0
34962G109,New Holding,FORTE BIOSCIENCES INC,,,12744.0,350000.0,,
02081G201,Sold Out,ALPHATEC HOLDINGS INC,3984.0,561574.0,,,,
23284F105,Not New,CYTOMX THERAPEUTICS INC,16880.0,2577043.0,27040.0,3253923.0,10160.0,676880.0
23306J101,Not New,DBV TECHNOLOGIES S A,17280.0,6595505.0,46735.0,4367809.0,29455.0,-2227696.0
3843E1047,Sold Out,AQUESTIVE THERAPEUTICS INC,13095.0,2250000.0,,,,
63009J107,New Holding,NANOBIOTIX SA,,,18150.0,1100000.0,,
69012T115,Not New,OUTLOOK THERAPEUTICS INC,93.0,420875.0,33.0,420875.0,-60.0,0.0
46583P102,Not New,IVERIC BIO INC,30976.0,4482713.0,8497.0,990289.0,-22479.0,-3492424.0
50015M109,Not New,KODIAK SCIENCES INC,110408.0,751533.0,263593.0,3663557.0,153185.0,2912024.0
76133L103,Sold Out,RESTORBIO INC,14.0,9306.0,,,,
89374L104,Sold Out,TRANSLATE BIO INC,3541.0,435000.0,,,,
G0904B105,New Holding,BCLS ACQUISITION CORP,,,11140.0,1000000.0,,
78464A870,Not New,SPDR SER TR,28156.0,200000.0,1558.0,1000000.0,-26598.0,800000.0
76243J105,Sold Out,RHYTHM PHARMACEUTICALS INC,3922.0,170859.0,,,,
05492W103,New Holding,BCTG ACQUISITION CORP,,,5720.0,500000.0,,
552996456,Sold Out,MEI PHARMA INC,10913.0,4400440.0,,,,
032797300,New Holding,ANAVEX LIFE SCIENCES CORP,,,4212.0,780007.0,,
63009R109,New Holding,NANOSTRING TECHNOLOGIES INC,,,22592.0,337800.0,,
68236R103,New Holding,ONCORUS INC,,,64336.0,1989987.0,,
004225108,Sold Out,ACADIA PHARMACEUTICALS INC,482.0,11256.0,,,,
88339T103,New Holding,THERAPEUTICS ACQUISITION COR,,,20880.0,1500000.0,,
G73268107,Not New,QUOTIENT LTD,84406.0,16200818.0,126378.0,13289054.0,41972.0,-2911764.0
19459J104,Not New,COLLEGIUM PHARMACEUTICAL INC,41223.0,2058068.0,8670.0,421272.0,-32553.0,-1636796.0
42225T107,Not New,HEALTH CATALYST INC,12018.0,276084.0,9844.0,283698.0,-2174.0,7614.0
000899104,Not New,ADMA BIOLOGICS INC,32340.0,16584802.0,46084.0,11521102.0,13744.0,-5063700.0
040047607,Not New,ARENA PHARMACEUTICALS INC,44178.0,575007.0,43291.0,953129.0,-887.0,378122.0
12529R107,New Holding,C4 THERAPEUTICS INC,,,104643.0,3158566.0,,
925050106,New Holding,VERONA PHARMA PLC,,,20222.0,2888889.0,,
014442107,Sold Out,ALECTOR INC,8817.0,511731.0,,,,
244413100,New Holding,DEERFIELD HEALTHCARE TECH AC,,,312.0,20000.0,,
52187K101,New Holding,LEAP THERAPEUTICS INC,,,19072.0,8476496.0,,
00289Y107,Sold Out,ABEONA THERAPEUTICS INC,4905.0,1500000.0,,,,
253031108,Not New,DICERNA PHARMACEUTICALS INC,17624.0,800000.0,804.0,36496.0,-16820.0,-763504.0
48576A100,Sold Out,KARUNA THERAPEUTICS INC,523.0,6944.0,,,,
98956P102,Sold Out,ZIMMER BIOMET HLDGS INC,7484.0,50000.0,,,,
78667J108,New Holding,SAGE THERAPEUTICS INC,,,38064.0,440000.0,,
00430K402,Sold Out,ACASTI PHARMA INC,4361.0,1779882.0,,,,
G6674U108,Sold Out,NOVOCURE LTD,800.0,9489.0,,,,
761330109,Sold Out,REVANCE THERAPEUTICS INC,13315.0,820377.0,,,,
92857F107,Sold Out,VOCERA COMMUNICATIONS INC,6154.0,296420.0,,,,
G31249108,Not New,ESTABLISHMENT LABS HLDGS INC,26221.0,696633.0,29057.0,1050528.0,2836.0,353895.0
04683R106,New Holding,ATEA PHARMACEUTICALS INC,,,129903.0,3109224.0,,
922107107,Sold Out,VAPOTHERM INC,21204.0,1743767.0,,,,
03044L105,New Holding,AMERICAN WELL CORP,,,13298.0,525000.0,,
Y95308105,New Holding,WAVE LIFE SCIENCES LTD,,,19675.0,2500000.0,,
811292200,New Holding,SCYNEXIS INC,,,18360.0,2400000.0,,
64157F103,Not New,NEVRO CORP,169217.0,977565.0,89787.0,763886.0,-79430.0,-213679.0
