CUSIP,status,NAME OF ISSUER,(x$1000)_old,PRN AMT_old,(x$1000),PRN AMT,(x$1000)_change,PRN AMT_change
375558103,Not New,GILEAD SCIENCES INC,92037.0,1579756.0,134935.0,1804912.0,42898.0,225156.0
85570W100,Sold Out,STARS GROUP INC,6430.0,314864.0,,,,
135086106,Not New,CANADA GOOSE HLDGS INC,3488.0,117149.0,3683.0,185185.0,195.0,68036.0
620076307,New Holding,MOTOROLA SOLUTIONS INC,,,273.0,1606.0,,
559080106,New Holding,MAGELLAN MIDSTREAM PRTNRS LP,,,82.0,1941.0,,
19249H103,Not New,COHERUS BIOSCIENCES INC,2469.0,142034.0,2856.0,176058.0,387.0,34024.0
45781D101,New Holding,INOVALON HLDGS INC,,,160.0,8800.0,,
00434H108,Not New,ACCELERON PHARMA INC,1775.0,13872.0,2057.0,22887.0,282.0,9015.0
912909108,New Holding,UNITED STATES STL CORP NEW,,,24642.0,1469435.0,,
V7780T103,Sold Out,ROYAL CARIBBEAN CRUISES LTD,7720.0,239988.0,,,,
44332N106,Not New,HUAZHU GROUP LTD,112642.0,2501484.0,75867.0,2640694.0,-36775.0,139210.0
886547108,Sold Out,TIFFANY & CO NEW,14593.0,112690.0,,,,
25470F104,New Holding,DISCOVERY INC,,,86.0,2865.0,,
150185106,Not New,CEDAR FAIR L P,7366.0,187233.0,2491.0,135843.0,-4875.0,-51390.0
585464100,Not New,MELCO RESORTS AND ENTMNT LTD,50384.0,2716126.0,58654.0,4730129.0,8270.0,2014003.0
806857108,New Holding,SCHLUMBERGER LTD,,,121.0,5551.0,,
14149Y108,New Holding,CARDINAL HEALTH INC,,,3182.0,59419.0,,
29664W105,Not New,ESPERION THERAPEUTICS INC NE,40635.0,1562869.0,25593.0,811692.0,-15042.0,-751177.0
02079K305,Not New,ALPHABET INC,48587.0,27722.0,144859.0,124669.0,96272.0,96947.0
156700106,Not New,LUMEN TECHNOLOGIES INC,594.0,60907.0,576.0,60907.0,-18.0,0.0
74735M108,Sold Out,QIWI PLC,4284.0,400000.0,,,,
714046109,Not New,PERKINELMER INC,2035.0,14180.0,2019.0,26818.0,-16.0,12638.0
93627C101,Not New,WARRIOR MET COAL INC,17272.0,810120.0,8630.0,812600.0,-8642.0,2480.0
584021109,Not New,MEDALLIA INC,67467.0,2030927.0,15128.0,754886.0,-52339.0,-1276041.0
10552T107,Sold Out,BRF SA,4152.0,1431875.0,,,,
G01767105,Not New,ALKERMES PLC,3246.0,162716.0,1635.0,113399.0,-1611.0,-49317.0
02553E106,Not New,AMERICAN EAGLE OUTFITTERS IN,63532.0,3165500.0,28026.0,3525322.0,-35506.0,359822.0
031162100,New Holding,AMGEN INC,,,82.0,358.0,,
G87110105,Not New,TECHNIPFMC PLC,20761.0,2208594.0,64538.0,9575432.0,43777.0,7366838.0
00847X104,Not New,AGIOS PHARMACEUTICALS INC,2979.0,68752.0,2439.0,68752.0,-540.0,0.0
45720L107,New Holding,INHIBRX INC,,,1982.0,60105.0,,
459200101,New Holding,INTERNATIONAL BUSINESS MACHS,,,169.0,1343.0,,
69404D108,Not New,PACIFIC BIOSCIENCES CALIF IN,11420.0,440260.0,1529.0,499696.0,-9891.0,59436.0
81282V100,Not New,SEAWORLD ENTMT INC,7157.0,226546.0,2938.0,266650.0,-4219.0,40104.0
02005N100,Not New,ALLY FINL INC,236066.0,6619915.0,90889.0,6298619.0,-145177.0,-321296.0
19240Q201,New Holding,COGENT BIOSCIENCES INC,,,5342.0,475705.0,,
35671D857,New Holding,FREEPORT-MCMORAN INC,,,129886.0,4991758.0,,
690469101,Not New,OVID THERAPEUTICS INC,917.0,396870.0,1141.0,382935.0,224.0,-13935.0
858119100,New Holding,STEEL DYNAMICS INC,,,32656.0,885714.0,,
344849104,Sold Out,FOOT LOCKER INC,7256.0,329072.0,,,,
N2451R105,New Holding,CUREVAC N V,,,1348.0,16623.0,,
71654V408,New Holding,PETROLEO BRASILEIRO SA PETRO,,,85.0,7531.0,,
02043Q107,Sold Out,ALNYLAM PHARMACEUTICALS INC,1417.0,13021.0,,,,
458140100,Not New,INTEL CORP,1690.0,33932.0,196524.0,3631256.0,194834.0,3597324.0
56501R106,New Holding,MANULIFE FINL CORP,,,89.0,4999.0,,
65443P102,New Holding,908 DEVICES INC,,,1139.0,20000.0,,
G037AX101,New Holding,AMBARELLA INC,,,21339.0,232405.0,,
278642103,Not New,EBAY INC.,1140.0,22679.0,729.0,24235.0,-411.0,1556.0
143658300,Sold Out,CARNIVAL CORP,1904.0,144547.0,,,,
68389X105,Not New,ORACLE CORP,2062.0,31874.0,1422.0,29418.0,-640.0,-2456.0
87166B102,New Holding,SYNEOS HEALTH INC,,,3259.0,47839.0,,
032654105,Not New,ANALOG DEVICES INC,2681.0,18145.0,961.0,10720.0,-1720.0,-7425.0
40412C101,New Holding,HCA HEALTHCARE INC,,,81.0,490.0,,
N1976T109,New Holding,CENTOGENE N V,,,4413.0,409388.0,,
55910K108,Not New,MAGENTA THERAPEUTICS INC,2816.0,359133.0,1639.0,260938.0,-1177.0,-98195.0
74766Q101,Not New,QUANTERIX CORP,14806.0,318410.0,4144.0,225575.0,-10662.0,-92835.0
09077B104,New Holding,BIOATLA INC,,,2381.0,70000.0,,
31428X106,Not New,FEDEX CORP,151197.0,582377.0,29828.0,245981.0,-121369.0,-336396.0
03969T109,New Holding,ARCTURUS THERAPEUTICS HLDGS,,,1923.0,44333.0,,
83088M102,Not New,SKYWORKS SOLUTIONS INC,98326.0,643155.0,207424.0,2320699.0,109098.0,1677544.0
090572207,Not New,BIO RAD LABS INC,2346.0,4024.0,1464.0,4175.0,-882.0,151.0
98311A105,New Holding,WYNDHAM HOTELS & RESORTS INC,,,6324.0,106399.0,,
65548P403,Sold Out,NORBORD INC,160.0,13504.0,,,,
G66721104,Sold Out,NORWEGIAN CRUISE LINE HLDG L,16766.0,1529733.0,,,,
83001A102,Not New,SIX FLAGS ENTMT CORP NEW,8263.0,242308.0,4528.0,361124.0,-3735.0,118816.0
N72482123,Sold Out,QIAGEN NV,1670.0,45628.0,,,,
98980A105,Not New,ZTO EXPRESS CAYMAN INC,199307.0,6834953.0,288120.0,10880668.0,88813.0,4045715.0
09627Y109,Not New,BLUEPRINT MEDICINES CORP,3042.0,27121.0,2311.0,39511.0,-731.0,12390.0
359616109,Not New,FULCRUM THERAPEUTICS INC,978.0,83550.0,1141.0,95533.0,163.0,11983.0
77543R102,Not New,ROKU INC,1880.0,5661.0,647.0,7398.0,-1233.0,1737.0
04965G109,New Holding,ATRECA INC,,,1934.0,119751.0,,
855244109,New Holding,STARBUCKS CORP,,,7237.0,67648.0,,
09609G100,Not New,BLUEBIRD BIO INC,23174.0,535573.0,20817.0,452940.0,-2357.0,-82633.0
681919106,New Holding,OMNICOM GROUP INC,,,85.0,1364.0,,
744320102,New Holding,PRUDENTIAL FINL INC,,,85.0,1088.0,,
N44445109,New Holding,IMMATICS N.V,,,2470.0,228960.0,,
04522R101,Not New,ASLAN PHARMACEUTICALS LTD,942.0,514984.0,424.0,415450.0,-518.0,-99534.0
45826J105,Not New,INTELLIA THERAPEUTICS INC,2446.0,44963.0,1024.0,83737.0,-1422.0,38774.0
89677Q107,Not New,TRIP COM GROUP LTD,264426.0,7839504.0,135582.0,5781767.0,-128844.0,-2057737.0
00650F109,Not New,ADAPTIVE BIOTECHNOLOGIES COR,1776.0,30028.0,1244.0,44782.0,-532.0,14754.0
33830X104,Not New,FIVE PRIME THERAPEUTICS INC,4104.0,241243.0,570.0,251216.0,-3534.0,9973.0
14448C104,New Holding,CARRIER GLOBAL CORPORATION,,,83585.0,2215933.0,,
70450Y103,Not New,PAYPAL HLDGS INC,3068.0,13099.0,1574.0,16437.0,-1494.0,3338.0
59045L106,New Holding,MERSANA THERAPEUTICS INC,,,2951.0,110906.0,,
72703H101,New Holding,PLANET FITNESS INC,,,14485.0,186591.0,,
02079K107,Not New,ALPHABET INC,90761.0,51808.0,107966.0,92849.0,17205.0,41041.0
09739C102,Not New,BOINGO WIRELESS INC,1503.0,118198.0,758.0,71427.0,-745.0,-46771.0
03073E105,New Holding,AMERISOURCEBERGEN CORP,,,83.0,845.0,,
410345102,New Holding,HANESBRANDS INC,,,88.0,6059.0,,
03969F109,Not New,ARCUS BIOSCIENCES INC,2260.0,87058.0,1440.0,103740.0,-820.0,16682.0
91879Q109,Not New,VAIL RESORTS INC,4769.0,17094.0,3079.0,20846.0,-1690.0,3752.0
25470M109,New Holding,DISH NETWORK CORPORATION,,,215.0,6644.0,,
01609W102,Not New,ALIBABA GROUP HLDG LTD,111576.0,479421.0,244825.0,1258868.0,133249.0,779447.0
35137L105,New Holding,FOX CORP,,,43.0,1473.0,,
G81276100,New Holding,SIGNET JEWELERS LIMITED,,,7891.0,289383.0,,
G39637205,Sold Out,GOLDEN OCEAN GROUP LTD,121878.0,3700000.0,,,,
98985W102,Not New,ZYMEWORKS INC,2473.0,52327.0,1856.0,52327.0,-617.0,0.0
131193104,Sold Out,CALLAWAY GOLF CO,3933.0,384790.0,,,,
465562106,New Holding,ITAU UNIBANCO HLDG S A,,,41.0,6784.0,,
38141G104,New Holding,GOLDMAN SACHS GROUP INC,,,84.0,320.0,,
45665G303,Not New,INFINITY PHARMACEUTICALS INC,1602.0,755593.0,771.0,920294.0,-831.0,164701.0
G637AM102,Not New,MYOVANT SCIENCES LTD,6189.0,224083.0,2572.0,340644.0,-3617.0,116561.0
N5749R100,Not New,MERUS N V,4018.0,229233.0,2574.0,212753.0,-1444.0,-16480.0
58933Y105,New Holding,MERCK & CO. INC,,,119.0,1452.0,,
09857L108,Not New,BOOKING HOLDINGS INC,239790.0,107661.0,207303.0,154092.0,-32487.0,46431.0
68570P101,Not New,ORCHARD THERAPEUTICS PLC,2920.0,675969.0,1045.0,138827.0,-1875.0,-537142.0
05278C107,Sold Out,AUTOHOME INC,1253.0,17640.0,,,,
17275R102,Not New,CISCO SYS INC,1598.0,35700.0,1403.0,35700.0,-195.0,0.0
H8817H100,Sold Out,TRANSOCEAN LTD,18142.0,15639234.0,,,,
90384S303,Not New,ULTA BEAUTY INC,55128.0,191975.0,4773.0,27166.0,-50355.0,-164809.0
31680Q104,Sold Out,58 COM INC,93910.0,1927545.0,,,,
53815P108,Not New,LIVERAMP HLDGS INC,245.0,3347.0,110.0,3347.0,-135.0,0.0
G72800108,Not New,PROTHENA CORP PLC,1540.0,128223.0,1372.0,128223.0,-168.0,0.0
800677106,Not New,SANGAMO THERAPEUTICS INC,3407.0,218336.0,1566.0,245840.0,-1841.0,27504.0
45166A102,New Holding,IDEAYA BIOSCIENCES INC,,,2704.0,193123.0,,
595112103,Not New,MICRON TECHNOLOGY INC,315158.0,4192043.0,215375.0,5120666.0,-99783.0,928623.0
65487X102,Not New,NOAH HLDGS LTD,81624.0,1707263.0,46491.0,1797799.0,-35133.0,90536.0
09075V102,Not New,BIONTECH SE,16641.0,204139.0,24867.0,469566.0,8226.0,265427.0
05370A108,New Holding,AVIDITY BIOSCIENCES INC,,,383.0,15000.0,,
90138F102,Not New,TWILIO INC,955.0,2820.0,378.0,4229.0,-577.0,1409.0
24823R105,Not New,DENALI THERAPEUTICS INC,2579.0,30791.0,1240.0,70793.0,-1339.0,40002.0
594918104,Not New,MICROSOFT CORP,5560.0,24998.0,3942.0,24998.0,-1618.0,0.0
067901108,Not New,BARRICK GOLD CORP,107035.0,4698629.0,61850.0,3376116.0,-45185.0,-1322513.0
294429105,Not New,EQUIFAX INC,35417.0,183659.0,22389.0,187438.0,-13028.0,3779.0
146869102,Not New,CARVANA CO,11669.0,48714.0,15607.0,283294.0,3938.0,234580.0
44842L103,Not New,HUTCHISON CHINA MEDITECH LTD,2723.0,85055.0,1780.0,99727.0,-943.0,14672.0
47215P106,Not New,JD.COM INC,63852.0,726417.0,103934.0,2566261.0,40082.0,1839844.0
46591M109,New Holding,JOYY INC,,,39.0,483.0,,
720795103,Not New,PIERIS PHARMACEUTICALS INC,1272.0,508768.0,693.0,303866.0,-579.0,-204902.0
50050N103,Sold Out,KONTOOR BRANDS INC,3348.0,174631.0,,,,
37186H100,New Holding,GENETRON HLDGS LTD,,,5886.0,420444.0,,
G47567105,Not New,IHS MARKIT LTD,8952.0,99660.0,15057.0,250956.0,6105.0,151296.0
N53745100,New Holding,LYONDELLBASELL INDUSTRIES N,,,64829.0,707276.0,,
G5509L101,Not New,LIVANOVA PLC,2755.0,41603.0,435.0,9608.0,-2320.0,-31995.0
983919101,Not New,XILINX INC,1306.0,9209.0,718.0,9209.0,-588.0,0.0
G5480U104,Not New,LIBERTY GLOBAL PLC,358.0,14800.0,244.0,14800.0,-114.0,0.0
037833100,Not New,APPLE INC,1697.0,12788.0,1364.0,5362.0,-333.0,-7426.0
704551100,Sold Out,PEABODY ENERGY CORP NEW,11219.0,3868571.0,,,,
546347105,New Holding,LOUISIANA PAC CORP,,,76169.0,2049200.0,,
G81477104,Sold Out,SINA CORP,225.0,7057.0,,,,
23284F105,New Holding,CYTOMX THERAPEUTICS INC,,,1988.0,303465.0,,
595017104,Not New,MICROCHIP TECHNOLOGY INC.,286513.0,2074524.0,193448.0,2853221.0,-93065.0,778697.0
091727107,Sold Out,BITAUTO HLDGS LTD,0.0,9.0,,,,
G6518L108,Not New,NIELSEN HLDGS PLC,355.0,17000.0,2699.0,215258.0,2344.0,198258.0
00771V108,Sold Out,AERIE PHARMACEUTICALS INC,1537.0,113842.0,,,,
369604103,Not New,GENERAL ELECTRIC CO,333833.0,30910503.0,166999.0,21032673.0,-166834.0,-9877830.0
15117P102,Sold Out,CELLULAR BIOMEDICINE GROUP I,8725.0,551519.0,,,,
929740108,Not New,WABTEC,55990.0,764886.0,12549.0,260727.0,-43441.0,-504159.0
500255104,New Holding,KOHLS CORP,,,8802.0,216311.0,,
512807108,Not New,LAM RESEARCH CORP,74223.0,157162.0,66157.0,275656.0,-8066.0,118494.0
60770K107,Not New,MODERNA INC,1171.0,11207.0,46001.0,1535915.0,44830.0,1524708.0
63009R109,Not New,NANOSTRING TECHNOLOGIES INC,18069.0,270172.0,2413.0,100314.0,-15656.0,-169858.0
862121100,New Holding,STORE CAP CORP,,,82.0,2414.0,,
03782L101,Not New,APPIAN CORP,809.0,4993.0,430.0,10693.0,-379.0,5700.0
98850P109,Not New,YUM CHINA HLDGS INC,76736.0,1342969.0,79214.0,1858177.0,2478.0,515208.0
60879B107,Not New,MOMO INC,86.0,6167.0,82065.0,3783558.0,81979.0,3777391.0
68248T105,New Holding,ONECONNECT FINL TECHNOLOGY C,,,37266.0,1890739.0,,
125269100,Sold Out,CF INDS HLDGS INC,47437.0,1744006.0,,,,
09058V103,Not New,BIOCRYST PHARMACEUTICALS INC,3413.0,458075.0,1543.0,771386.0,-1870.0,313311.0
171779309,New Holding,CIENA CORP,,,870.0,16465.0,,
225310101,New Holding,CREDIT ACCEP CORP MICH,,,43.0,123.0,,
014442107,Not New,ALECTOR INC,851.0,56240.0,1357.0,56240.0,506.0,0.0
30303M102,Not New,FACEBOOK INC,143591.0,525667.0,239480.0,1435734.0,95889.0,910067.0
52187K101,New Holding,LEAP THERAPEUTICS INC,,,2397.0,1065259.0,,
848577102,Sold Out,SPIRIT AIRLS INC,5269.0,408743.0,,,,
045396108,Not New,ASSEMBLY BIOSCIENCES INC,4972.0,821886.0,2298.0,154954.0,-2674.0,-666932.0
478160104,Not New,JOHNSON & JOHNSON,4012.0,25495.0,3343.0,25495.0,-669.0,0.0
98956P102,Sold Out,ZIMMER BIOMET HOLDINGS INC,1039.0,10279.0,,,,
98887Q104,Not New,ZAI LAB LTD,7262.0,53656.0,3518.0,68337.0,-3744.0,14681.0
913903100,New Holding,UNIVERSAL HLTH SVCS INC,,,81.0,589.0,,
Y95308105,Not New,WAVE LIFE SCIENCES LTD,1624.0,206384.0,1182.0,126185.0,-442.0,-80199.0
