CUSIP,status,NAME OF ISSUER,(x$1000)_old,PRN AMT_old,(x$1000),PRN AMT,(x$1000)_change,PRN AMT_change
78464A797,New Holding,SPDR S&P BANK ETF,,,251.0,6000.0,,
03076C106,Not New,AMERIPRISE FINANCIAL INC,655.0,3373.0,520.0,3373.0,-135.0,0.0
892356106,Not New,TRACTOR SUPPLY CO,11868.0,84419.0,12393.0,86459.0,525.0,2040.0
G1151C101,Not New,ACCENTURE PLC,308.0,1180.0,256.0,1134.0,-52.0,-46.0
135086106,Not New,CANADA GOOSE HOLDINGS INC,3409.0,114528.0,7402.0,230100.0,3993.0,115572.0
958669103,Sold Out,WESTERN MIDSTREAM PARTNERS LP,120.0,15022.0,,,,
237194105,Not New,DARDEN RESTAURANTS INC,380.0,3187.0,317.0,3142.0,-63.0,-45.0
559080106,Not New,MAGELLAN MIDSTREAM PARTNERS LP,689.0,16232.0,949.0,27757.0,260.0,11525.0
655664100,Not New,NORDSTROM INC,1242.0,39806.0,1374.0,115300.0,132.0,75494.0
058498106,Not New,BALL CORP,299193.0,3210917.0,272685.0,3280621.0,-26508.0,69704.0
30231G102,Not New,EXXON MOBIL CORP,246.0,5979.0,200.0,5835.0,-46.0,-144.0
G5494J103,Not New,LINDE PLC,5895.0,22372.0,6444.0,27059.0,549.0,4687.0
023135106,Not New,AMAZON.COM INC,1521.0,467.0,2223.0,706.0,702.0,239.0
09247X101,Not New,BLACKROCK INC,1916.0,2655.0,1542.0,2737.0,-374.0,82.0
33829M101,Not New,FIVE BELOW INC,87490.0,500002.0,65009.0,511881.0,-22481.0,11879.0
78464A474,Not New,SPDR PORTFOLIO SHORT TERM CORP,624.0,19886.0,808.0,25753.0,184.0,5867.0
78463V107,New Holding,SPDR GOLD SHARES,,,409.0,2295.0,,
69331C108,New Holding,PG&E CORP,,,125.0,10000.0,,
891092108,Not New,TORO CO,38672.0,407756.0,33702.0,401459.0,-4970.0,-6297.0
422806109,Not New,HEICO CORP,462.0,3490.0,500.0,4781.0,38.0,1291.0
46429B655,Not New,ISHARES FLOATING RATE BOND ETF,219.0,4320.0,227.0,4481.0,8.0,161.0
883556102,Not New,THERMO FISHER SCIENTIFIC INC,106020.0,227619.0,91505.0,207249.0,-14515.0,-20370.0
053332102,Not New,AUTOZONE INC,243.0,205.0,437.0,371.0,194.0,166.0
989207105,Not New,ZEBRA TECHNOLOGIES CORP,6130.0,15951.0,4365.0,17291.0,-1765.0,1340.0
693475105,New Holding,PNC FINANCIAL SERVICES GROUP INC,,,569.0,3816.0,,
02079K305,Not New,ALPHABET INC,4220.0,2408.0,3786.0,2583.0,-434.0,175.0
084670702,Not New,BERKSHIRE HATHAWAY INC,2874.0,12395.0,2698.0,12671.0,-176.0,276.0
776696106,Not New,ROPER TECHNOLOGIES INC,353.0,820.0,559.0,1415.0,206.0,595.0
132152109,Sold Out,CAMBRIDGE BANCORP,704.0,13239.0,,,,
G5960L103,Not New,MEDTRONIC PLC,5210.0,44480.0,4922.0,47363.0,-288.0,2883.0
446150104,New Holding,HUNTINGTON BANCSHARES INC,,,590.0,46733.0,,
80105N105,Sold Out,SANOFI,1508.0,30057.0,,,,
235851102,Not New,DANAHER CORP,59239.0,266676.0,2161.0,10035.0,-57078.0,-256641.0
485170302,Not New,KANSAS CITY SOUTHERN,138701.0,679476.0,106270.0,587678.0,-32431.0,-91798.0
25058X105,New Holding,DESKTOP METAL INC,,,1605.0,93285.0,,
749685103,Not New,RPM INTERNATIONAL INC,8957.0,98668.0,10001.0,120722.0,1044.0,22054.0
882508104,Not New,TEXAS INSTRUMENTS INC,3036.0,18498.0,2892.0,20250.0,-144.0,1752.0
11135F101,Not New,BROADCOM INC,335.0,765.0,338.0,927.0,3.0,162.0
46120E602,Not New,INTUITIVE SURGICAL INC,270.0,330.0,234.0,330.0,-36.0,0.0
438516106,Not New,HONEYWELL INTERNATIONAL INC,509.0,2392.0,394.0,2392.0,-115.0,0.0
458140100,Not New,INTEL CORP,208.0,4170.0,375.0,7244.0,167.0,3074.0
615369105,Not New,MOODY'S CORP,102033.0,351548.0,101612.0,350567.0,-421.0,-981.0
244199105,Not New,DEERE & CO,27919.0,103769.0,24827.0,112020.0,-3092.0,8251.0
G0403H108,Sold Out,AON PLC,14719.0,71349.0,,,,
91324P102,Not New,UNITEDHEALTH GROUP INC,35685.0,101759.0,68663.0,220236.0,32978.0,118477.0
949746804,Not New,WELLS FARGO CO PERP CONV PFD A,9753.0,6425.0,8623.0,6425.0,-1130.0,0.0
580135101,Not New,MCDONALD'S CORP,19655.0,91596.0,20329.0,92621.0,674.0,1025.0
217204106,New Holding,COPART INC,,,501.0,3939.0,,
075887109,Sold Out,BECTON DICKINSON AND CO,9065.0,38958.0,,,,
592688105,Not New,METTLER-TOLEDO INTERNATIONAL,137765.0,120880.0,117584.0,121754.0,-20181.0,874.0
038222105,Not New,APPLIED MATERIALS INC,549.0,6359.0,416.0,6995.0,-133.0,636.0
88579Y101,Not New,3M CO,405.0,2319.0,348.0,2175.0,-57.0,-144.0
29273V100,Sold Out,ENERGY TRANSFER LP,710.0,130960.0,,,,
713448108,Not New,PEPSICO INC,45725.0,308331.0,42987.0,310155.0,-2738.0,1824.0
518439104,Not New,LAUDER ESTEE COS INC,1301.0,4886.0,1082.0,4959.0,-219.0,73.0
256677105,Not New,DOLLAR GENERAL CORP,321.0,1527.0,321.0,1529.0,0.0,2.0
31428X106,Not New,FEDEX CORP,424.0,1635.0,412.0,1638.0,-12.0,3.0
83088M102,Not New,SKYWORKS SOLUTIONS INC,4380.0,28647.0,3810.0,26188.0,-570.0,-2459.0
320734106,Not New,FIRST LONG IS CORP,2518.0,141074.0,2065.0,139450.0,-453.0,-1624.0
835495102,Sold Out,SONOCO PRODUCTS CO,1022.0,20011.0,,,,
902973304,Not New,US BANCORP,2405.0,51610.0,1476.0,41162.0,-929.0,-10448.0
461202103,Not New,INTUIT INC,69364.0,182610.0,80592.0,247057.0,11228.0,64447.0
427866108,Not New,HERSHEY CO,2746.0,18029.0,2560.0,17859.0,-186.0,-170.0
060505104,Not New,BANK OF AMERICA CORP,641.0,21138.0,477.0,19788.0,-164.0,-1350.0
25754A201,Not New,DOMINO'S PIZZA INC,88274.0,230203.0,88787.0,208772.0,513.0,-21431.0
22053A107,New Holding,CORTEXYME INC,,,347.0,12500.0,,
74319B502,Not New,PROFOUND MEDICAL CORP,617.0,30000.0,529.0,30000.0,-88.0,0.0
647551100,Not New,NEW MOUNTAIN FINANCE CORP,5080.0,447159.0,5229.0,546999.0,149.0,99840.0
92343V104,New Holding,VERIZON COMMUNICATIONS INC,,,241.0,4109.0,,
00650F109,Not New,ADAPTIVE BIOTECHNOLOGIES CORP,18789.0,317754.0,9180.0,188768.0,-9609.0,-128986.0
46625H100,Not New,JPMORGAN CHASE & CO,2253.0,17734.0,1905.0,19787.0,-348.0,2053.0
89832Q109,New Holding,TRUIST FINANCIAL CORP,,,621.0,12950.0,,
824348106,Not New,SHERWIN WILLIAMS CO,305316.0,415447.0,287928.0,413250.0,-17388.0,-2197.0
70450Y103,Not New,PAYPAL HOLDINGS INC,14885.0,63555.0,12298.0,62415.0,-2587.0,-1140.0
293792107,Not New,ENTERPRISE PRODUCTS PARTNERS LP,1962.0,100154.0,1581.0,100154.0,-381.0,0.0
09257W100,Not New,BLACKSTONE MORTGAGE TRUST INC,1363.0,49500.0,760.0,34592.0,-603.0,-14908.0
009158106,Not New,AIR PRODUCTS AND CHEMICALS INC,258.0,944.0,252.0,844.0,-6.0,-100.0
02079K107,Not New,ALPHABET INC,3045.0,1738.0,2925.0,1990.0,-120.0,252.0
911312106,Not New,UNITED PARCEL SERVICE INC,3132.0,18599.0,3157.0,18946.0,25.0,347.0
00724F101,Not New,ADOBE INC,562.0,1124.0,586.0,1194.0,24.0,70.0
G96629103,Sold Out,WILLIS TOWERS WATSON PLC,237.0,1136.0,,,,
73278L105,Not New,POOL CORP,62991.0,169103.0,56217.0,168043.0,-6774.0,-1060.0
189054109,Not New,CLOROX CO,4600.0,22781.0,2922.0,13905.0,-1678.0,-8876.0
863667101,Not New,STRYKER CORP,889.0,3628.0,749.0,3594.0,-140.0,-34.0
92189F700,New Holding,VANECK VECTORS AGRIBUSINESS ETF,,,351.0,4500.0,,
830830105,Not New,SKYLINE CHAMPION CORP,3852.0,124490.0,2198.0,82101.0,-1654.0,-42389.0
57636Q104,Not New,MASTERCARD INC,200016.0,560362.0,202197.0,597915.0,2181.0,37553.0
35803L108,Not New,FREQUENCY THERAPEUTICS INC,730.0,20705.0,398.0,20705.0,-332.0,0.0
92918V109,Not New,VROOM INC,21741.0,530657.0,19032.0,367557.0,-2709.0,-163100.0
539830109,Not New,LOCKHEED MARTIN CORP,11852.0,33389.0,12669.0,33054.0,817.0,-335.0
747525103,Not New,QUALCOMM INC,324.0,2130.0,253.0,2150.0,-71.0,20.0
92206C771,Not New,VANGUARD MORTGAGE-BACKED SECURITY ETF,967.0,17876.0,1227.0,22601.0,260.0,4725.0
92206C102,Not New,VANGUARD SHORT-TERM TREASURY ETF,300.0,4871.0,574.0,9240.0,274.0,4369.0
58933Y105,Not New,MERCK & CO INC,14159.0,173096.0,8136.0,98083.0,-6023.0,-75013.0
413216300,New Holding,HARMONY GOLD MINING CO LTD,,,94.0,20000.0,,
09857L108,Not New,BOOKING HOLDINGS INC,1096.0,492.0,1613.0,943.0,517.0,451.0
14040H105,New Holding,CAPITAL ONE FINANCIAL CORP,,,19063.0,192847.0,,
759916109,New Holding,REPLIGEN CORP,,,383.0,2000.0,,
90384S303,Not New,ULTA BEAUTY INC,14669.0,51082.0,22939.0,102416.0,8270.0,51334.0
254687106,Not New,WALT DISNEY CORP,1127.0,6219.0,778.0,6269.0,-349.0,50.0
278865100,Not New,ECOLAB INC,49865.0,230474.0,51071.0,255559.0,1206.0,25085.0
988498101,Not New,YUM! BRANDS INC,531.0,4887.0,446.0,4887.0,-85.0,0.0
55336V100,Sold Out,MPLX LP,562.0,35718.0,,,,
02913V103,Not New,AMERICAN PUBLIC EDUCATION INC,22526.0,739055.0,7445.0,264083.0,-15081.0,-474972.0
311900104,Not New,FASTENAL CO,780.0,15970.0,720.0,15970.0,-60.0,0.0
907818108,Not New,UNION PACIFIC CORP,169309.0,813124.0,157763.0,801358.0,-11546.0,-11766.0
172908105,Not New,CINTAS CORP,131914.0,373207.0,131219.0,394252.0,-695.0,21045.0
594918104,Not New,MICROSOFT CORP,248624.0,1117813.0,247641.0,1177392.0,-983.0,59579.0
717081103,Not New,PFIZER INC,246.0,6672.0,247.0,6717.0,1.0,45.0
00287Y109,Not New,ABBVIE INC,1039.0,9697.0,914.0,10430.0,-125.0,733.0
98978V103,Not New,ZOETIS INC,64670.0,390757.0,65574.0,396529.0,904.0,5772.0
22822V101,Sold Out,CROWN CASTLE INTL CORP,284.0,1707.0,,,,
45168D104,Not New,IDEXX LABORATORIES INC,12993.0,25993.0,10340.0,26304.0,-2653.0,311.0
136375102,Not New,CANADIAN NATIONAL RAILWAY CO,401.0,3651.0,440.0,4133.0,39.0,482.0
110122108,Not New,BRISTOL-MYERS SQUIBB CO,630.0,10156.0,431.0,7156.0,-199.0,-3000.0
94106L109,Not New,WASTE MANAGEMENT INC,280.0,2374.0,269.0,2374.0,-11.0,0.0
78463X202,New Holding,SPDR EURO STOXX 50 ETF,,,250.0,6000.0,,
002824100,Not New,ABBOTT LABORATORIES,2699.0,24652.0,3060.0,28116.0,361.0,3464.0
655844108,Not New,NORFOLK SOUTHERN CORP,790.0,3324.0,688.0,3216.0,-102.0,-108.0
115637209,Not New,BROWN-FORMAN CORP,338.0,4256.0,336.0,4456.0,-2.0,200.0
037833100,Not New,APPLE INC,6178.0,46559.0,5730.0,49477.0,-448.0,2918.0
013091103,New Holding,ALBERTSONS COS INC,,,176.0,10000.0,,
654106103,Not New,NIKE INC,656.0,4638.0,592.0,4718.0,-64.0,80.0
77664L108,New Holding,ROOT INC,,,204.0,13000.0,,
13645T100,Sold Out,CANADIAN PACIFIC RAILWAY LTD,317.0,1041.0,,,,
931142103,Not New,WALMART INC,479.0,3323.0,465.0,3323.0,-14.0,0.0
143130102,Not New,CARMAX INC,3498.0,37034.0,8091.0,88028.0,4593.0,50994.0
29786A106,New Holding,ETSY INC,,,356.0,2000.0,,
09260D107,Not New,BLACKSTONE GROUP INC,13746.0,212092.0,35082.0,672068.0,21336.0,459976.0
92206C409,Not New,VANGUARD SHORT-TERM CORPORATE BOND ETF,224.0,2690.0,232.0,2796.0,8.0,106.0
084423102,Not New,W R BERKLEY CORP,2884.0,43426.0,7699.0,125908.0,4815.0,82482.0
45174J509,Sold Out,IHEARTMEDIA INC,6005.0,739547.0,,,,
78462F103,New Holding,SPDR S&P 500 ETF TRUST,,,385.0,1029.0,,
053015103,Not New,AUTOMATIC DATA PROCESSING INC,2371.0,13459.0,4580.0,32832.0,2209.0,19373.0
126408103,Not New,CSX CORP,112984.0,1245000.0,101737.0,1309867.0,-11247.0,64867.0
928563402,Not New,VMWARE INC,1977.0,14093.0,19193.0,133590.0,17216.0,119497.0
751212101,Sold Out,RALPH LAUREN CORP,3915.0,57605.0,,,,
70614W100,Not New,PELOTON INTERACTIVE INC,742.0,4892.0,485.0,4892.0,-257.0,0.0
084670108,Not New,BERKSHIRE HATHAWAY INC,5913.0,17.0,5440.0,17.0,-473.0,0.0
45688C107,Not New,INGEVITY CORP,627.0,8278.0,6326.0,127944.0,5699.0,119666.0
512807108,Not New,LAM RESEARCH CORP,397.0,840.0,337.0,1017.0,-60.0,177.0
872540109,Not New,TJX COS INC,2613.0,38263.0,2096.0,37666.0,-517.0,-597.0
02376RAF9,Sold Out,AMERICAN AIRLINES GROUP INC,467.0,500000.0,,,,
03027X100,Sold Out,AMERICAN TOWER CORP,395.0,1635.0,,,,
191216100,Not New,COCA COLA CO,12569.0,229188.0,11544.0,233836.0,-1025.0,4648.0
146229109,Sold Out,CARTER'S INC,2568.0,29663.0,,,,
464287622,Not New,ISHARES RUSSELL 1000 ETF,4502.0,21250.0,3977.0,21250.0,-525.0,0.0
98850P109,Not New,YUM CHINA HOLDINGS INC,228.0,4000.0,212.0,4000.0,-16.0,0.0
760759100,Not New,REPUBLIC SERVICES INC,128234.0,1331608.0,123099.0,1318681.0,-5135.0,-12927.0
742718109,Not New,PROCTER AND GAMBLE CO,1170.0,8407.0,1169.0,8407.0,-1.0,0.0
418056107,Not New,HASBRO INC,1056.0,11284.0,2319.0,28035.0,1263.0,16751.0
941848103,New Holding,WATERS CORP,,,233.0,942.0,,
30303M102,Not New,FACEBOOK INC,854.0,3126.0,825.0,3150.0,-29.0,24.0
693506107,Not New,PPG INDUSTRIES INC,370.0,2565.0,313.0,2567.0,-57.0,2.0
00206R102,Not New,AT&T INC,766.0,26622.0,759.0,26622.0,-7.0,0.0
437076102,Not New,HOME DEPOT INC,212476.0,799926.0,222679.0,801838.0,10203.0,1912.0
22160K105,Not New,COSTCO WHOLESALE CORP,159166.0,422437.0,152289.0,428984.0,-6877.0,6547.0
478160104,Not New,JOHNSON & JOHNSON,1997.0,12692.0,1877.0,12608.0,-120.0,-84.0
67103H107,Not New,O'REILLY AUTOMOTIVE INC,10491.0,23181.0,33794.0,73294.0,23303.0,50113.0
92826C839,Not New,VISA INC,29308.0,133992.0,48641.0,243241.0,19333.0,109249.0
00846U101,New Holding,AGILENT TECHNOLOGIES INC,,,218.0,1842.0,,
26484T106,Not New,DUN & BRADSTREET HOLDINGS INC,3339.0,134098.0,6103.0,237844.0,2764.0,103746.0
82900L102,Not New,SIMPLY GOOD FOODS CO,8830.0,281575.0,4450.0,201796.0,-4380.0,-79779.0
302445101,Sold Out,FLIR SYSTEMS INC,1234.0,34411.0,,,,
097023105,New Holding,BOEING CO,,,221.0,1034.0,,
