CUSIP,status,NAME OF ISSUER,(x$1000)_old,PRN AMT_old,(x$1000),PRN AMT,(x$1000)_change,PRN AMT_change
14161W105,New Holding,CARDLYTICS INC,,,410.0,2869.0,,
609207105,New Holding,MONDELEZ INTL INC,,,255.0,4360.0,,
57636Q104,New Holding,MASTERCARD INCORPORATED,,,281.0,787.0,,
79466L302,New Holding,SALESFORCE COM INC,,,237.0,1064.0,,
46583P102,Not New,IVERIC BIO INC,933.0,134981.0,1087.0,192738.0,154.0,57757.0
76200L309,New Holding,REZOLUTE INC,,,5087.0,424243.0,,
73688F102,New Holding,PORTMAN RIDGE FIN CORP,,,571.0,299088.0,,
82640U404,Not New,SIERRA ONCOLOGY INC,10323.0,643959.0,6871.0,643959.0,-3452.0,0.0
55279B202,Not New,MEI PHARMA INC,132.0,50000.0,548.0,175560.0,416.0,125560.0
G85347105,Not New,STRONGBRIDGE BIOPHARMA PLC,19657.0,8089442.0,16988.0,8089442.0,-2669.0,0.0
G4444C102,New Holding,HELIX ACQUISITION CORP,,,182.0,16009.0,,
28249U105,Not New,EIGER BIOPHARMACEUTICALS INC,972.0,79048.0,919.0,112872.0,-53.0,33824.0
64110L106,New Holding,NETFLIX INC,,,265.0,491.0,,
78463V107,Not New,SPDR GOLD TR,7341.0,41161.0,4491.0,25358.0,-2850.0,-15803.0
03027X100,New Holding,AMERICAN TOWER CORP NEW,,,231.0,1027.0,,
254687106,New Holding,DISNEY WALT CO,,,339.0,1870.0,,
29668H708,Sold Out,ESSA PHARMA INC,183.0,26590.0,,,,
78409V104,New Holding,S&P GLOBAL INC,,,230.0,700.0,,
16119P108,New Holding,CHARTER COMMUNICATIONS INC N,,,251.0,379.0,,
71531R109,Sold Out,PERSHING SQUARE TONTINE HLDG,1529.0,67369.0,,,,
G31067120,New Holding,SCION TECH GROWTH I,,,604.0,58500.0,,
963320106,New Holding,WHIRLPOOL CORP,,,227.0,1259.0,,
G3710A121,New Holding,FRAZIER LIFESCIENCES ACQU CO,,,664.0,64000.0,,
44487N208,New Holding,HUMANCO ACQUISITION CORP,,,942.0,85500.0,,
G1355U121,New Holding,BRIDGETOWN HOLDINGS LTD,,,175.0,39773.0,,
461202103,New Holding,INTUIT,,,270.0,710.0,,
483119103,Not New,KALA PHARMACEUTICALS INC,7745.0,1142360.0,5788.0,771790.0,-1957.0,-370570.0
55068A209,New Holding,LUX HEALTH TECH ACQUISITION,,,2300.0,200000.0,,
G58442115,New Holding,MARQUEE RAINE ACQUISITION CO,,,1143.0,105500.0,,
9837FR100,New Holding,XL FLEET CORP,,,7119.0,300000.0,,
12648L601,Not New,CTI BIOPHARMA CORP,12075.0,3749890.0,9274.0,4313617.0,-2801.0,563727.0
30303M102,New Holding,FACEBOOK INC,,,235.0,860.0,,
594918104,New Holding,MICROSOFT CORP,,,254.0,1142.0,,
14147L108,Not New,CARDIFF ONCOLOGY INC,38046.0,2114840.0,26183.0,1845164.0,-11863.0,-269676.0
608550109,Not New,MOLECULAR TEMPLATES INC,19935.0,2122991.0,23183.0,2122991.0,3248.0,0.0
893641100,New Holding,TRANSDIGM GROUP INC,,,290.0,469.0,,
71531R117,Sold Out,PERSHING SQUARE TONTINE HLDG,54.0,7485.0,,,,
303250104,New Holding,FAIR ISAAC CORP,,,282.0,552.0,,
146869102,New Holding,CARVANA CO,,,287.0,1198.0,,
171439201,Sold Out,CHURCHILL CAPITAL CORP IV,626.0,62500.0,,,,
92826C839,New Holding,VISA INC,,,272.0,1244.0,,
00654J107,Not New,ADDEX THERAPEUTICS LTD,3564.0,265940.0,213.0,17398.0,-3351.0,-248542.0
70450Y103,New Holding,PAYPAL HLDGS INC,,,297.0,1267.0,,
G0190X100,New Holding,AJAX I,,,3103.0,250000.0,,
02079K107,New Holding,ALPHABET INC,,,246.0,140.0,,
366554103,Sold Out,GARRISON CAP INC,4447.0,1164061.0,,,,
G1355U113,New Holding,BRIDGETOWN HOLDINGS LTD,,,1125.0,72688.0,,
811292200,Not New,SCYNEXIS INC,11279.0,1474370.0,3680.0,834370.0,-7599.0,-640000.0
615369105,New Holding,MOODYS CORP,,,250.0,863.0,,
