CUSIP,status,NAME OF ISSUER,(x$1000)_old,PRN AMT_old,(x$1000),PRN AMT,(x$1000)_change,PRN AMT_change
834203200,Sold Out,SOLENO THERAPEUTICS INC,188.0,75000.0,,,,
33812L102,Sold Out,FITBIT INC,1218.0,175000.0,,,,
G8252P113,New Holding,SOCIAL CAPITAL HEDOSOPHA HLD,,,883.0,250000.0,,
559080106,Not New,MAGELLAN MIDSTREAM PRTNRS LP,11544.0,272000.0,6703.0,196000.0,-4841.0,-76000.0
639358209,Sold Out,NAVSIGHT HLDGS INC,5030.0,500000.0,,,,
464287655,Not New,ISHARES TR,279719.0,1426700.0,5243.0,35000.0,-274476.0,-1391700.0
464287655,Not New,ISHARES TR,279719.0,1426700.0,222828.0,1487600.0,-56891.0,60900.0
G2425N121,New Holding,CORNER GROWTH ACQUISITION CO,,,8360.0,800000.0,,
G79448208,Not New,SCVX CORP,2060.0,200000.0,2000.0,200000.0,-60.0,0.0
34959J108,Sold Out,FORTIVE CORP,6400.0,83973.0,,,,
171439102,Not New,CHURCHILL CAPITAL CORP IV,7007.0,700000.0,21516.0,2200000.0,14509.0,1500000.0
782011100,New Holding,RUSH STREET INTERACTIVE INC,,,10825.0,500000.0,,
66516T104,New Holding,NORTHERN GENESIS ACQUISITION,,,6223.0,350000.0,,
00912X302,New Holding,AIR LEASE CORP,,,4169.0,93847.0,,
212326300,Not New,CONTRAFECT CORP,1515.0,300000.0,2376.0,450000.0,861.0,150000.0
G50871105,Not New,JAZZ PHARMACEUTICALS PLC,27968.0,169449.0,11757.0,82454.0,-16211.0,-86995.0
008474108,Not New,AGNICO EAGLE MINES LTD,6795.0,96373.0,3654.0,45894.0,-3141.0,-50479.0
G46049105,New Holding,HORIZON ACQUISITION CORP,,,1503.0,150000.0,,
436440101,Sold Out,HOLOGIC INC,13660.0,205501.0,,,,
585464100,Not New,MELCO RESORTS AND ENTMNT LTD,19002.0,1024340.0,15364.0,922782.0,-3638.0,-101558.0
149123101,New Holding,CATERPILLAR INC,,,8505.0,46728.0,,
464287184,New Holding,ISHARES TR,,,23215.0,500000.0,,
02079K305,Not New,ALPHABET INC,59479.0,33937.0,22918.0,15637.0,-36561.0,-18300.0
G0450A105,Not New,ARCH CAP GROUP LTD,27870.0,772658.0,23904.0,817223.0,-3966.0,44565.0
30158L209,Sold Out,EXECUTIVE NETWORK PARTNERING,6313.0,250000.0,,,,
88160R101,Not New,TESLA INC,246985.0,350000.0,6454.0,15044.0,-240531.0,-334956.0
44109J114,Not New,HOSTESS BRANDS INC,318.0,200000.0,164.0,200000.0,-154.0,0.0
745848101,New Holding,PULMONX CORP,,,6162.0,89285.0,,
85521J109,New Holding,STARBOARD VALUE ACQUISITN CO,,,7252.0,700000.0,,
70959W103,Not New,PENSKE AUTOMOTIVE GRP INC,5642.0,95000.0,4372.0,91739.0,-1270.0,-3261.0
81369Y407,Sold Out,SELECT SECTOR SPDR TR,1984.0,13500.0,,,,
33813J106,New Holding,FISKER INC,,,52497.0,3583407.0,,
382864114,New Holding,GORES HLDGS V INC,,,402.0,200000.0,,
11135F101,New Holding,BROADCOM INC,,,5076.0,11593.0,,
37045V100,Not New,GENERAL MTRS CO,3539.0,85000.0,4834.0,163350.0,1295.0,78350.0
37045V100,Not New,GENERAL MTRS CO,3539.0,85000.0,8279.0,279800.0,4740.0,194800.0
46429B267,Sold Out,ISHARES TR,7004.0,250600.0,,,,
N2451R105,Sold Out,CUREVAC N V,976.0,20967.0,,,,
18978W117,New Holding,CM LIFE SCIENCES INC,,,910.0,333333.0,,
35952H601,Sold Out,FUELCELL ENERGY INC,107.0,50000.0,,,,
435063102,New Holding,HOLICITY INC,,,5055.0,500000.0,,
773903109,Sold Out,ROCKWELL AUTOMATION INC,12550.0,56870.0,,,,
244199105,Not New,DEERE & CO,34215.0,127168.0,6492.0,29291.0,-27723.0,-97877.0
03940R107,Not New,ARCH RESOURCES INC,4069.0,92964.0,3079.0,72482.0,-990.0,-20482.0
65443P102,New Holding,908 DEVICES INC,,,322.0,5652.0,,
67020Y100,New Holding,NUANCE COMMUNICATIONS INC,,,4383.0,99413.0,,
698102100,Sold Out,PANACEA ACQUISITION CORP,560.0,50000.0,,,,
36258Q113,Not New,GS ACQUISITION HLDGS CORP II,448.0,175000.0,376.0,175000.0,-72.0,0.0
496902404,New Holding,KINROSS GOLD CORP,,,7823.0,1065807.0,,
443761101,Not New,HUDSON EXECUTIVE INVT CORP,4324.0,400000.0,3930.0,400000.0,-394.0,0.0
580135101,Not New,MCDONALDS CORP,582.0,2711.0,32763.0,149271.0,32181.0,146560.0
559222401,New Holding,MAGNA INTL INC,,,110135.0,1555580.0,,
576323109,Not New,MASTEC INC,3191.0,46801.0,5251.0,124430.0,2060.0,77629.0
92537N116,Sold Out,VERTIV HOLDINGS CO,1944.0,300000.0,,,,
G7008A115,New Holding,PERIDOT ACQUISITION CORP,,,1554.0,150000.0,,
G01046104,New Holding,AEA-BRIDGES IMPACT CORP,,,7070.0,700000.0,,
G8251L105,New Holding,SOCIAL CAPITAL HEDOSOPHA HLD,,,12300.0,1000000.0,,
29273V100,Sold Out,ENERGY TRANSFER LP,53632.0,9895154.0,,,,
349642108,New Holding,FORTRESS VALUE ACQUISITION I,,,10730.0,1000000.0,,
50187T106,New Holding,LGI HOMES INC,,,2567.0,24250.0,,
64110L106,Not New,NETFLIX INC,17284.0,31964.0,3248.0,6496.0,-14036.0,-25468.0
185899101,New Holding,CLEVELAND-CLIFFS INC NEW,,,5655.0,388400.0,,
382865103,Sold Out,GORES HLDGS IV INC,11857.0,1150000.0,,,,
23331A109,Not New,D R HORTON INC,3274.0,47500.0,9715.0,128448.0,6441.0,80948.0
51476H118,New Holding,LANDCADIA HOLDINGS III INC,,,372.0,166666.0,,
85521J208,Sold Out,STARBOARD VALUE ACQUISITN CO,7063.0,700000.0,,,,
733245104,New Holding,PORCH GROUP INC,,,21405.0,1500000.0,,
G46044122,New Holding,HORIZON ACQUISITION CORPORAT,,,5370.0,500000.0,,
23343Q118,Not New,DFP HEALTHCARE ACQUISITNS CO,122.0,62500.0,102.0,62500.0,-20.0,0.0
G7483N111,Sold Out,REINVENT TECHNOLOGY PARTNERS,22980.0,2000000.0,,,,
09627Y109,Not New,BLUEPRINT MEDICINES CORP,23042.0,205454.0,11092.0,119652.0,-11950.0,-85802.0
855244109,Not New,STARBUCKS CORP,2279.0,21305.0,4867.0,56643.0,2588.0,35338.0
18978W208,Sold Out,CM LIFE SCIENCES INC,10470.0,1000000.0,,,,
035128206,New Holding,ANGLOGOLD ASHANTI LIMITED,,,5681.0,251139.0,,
G76083115,New Holding,RMG ACQUISITION CORP II,,,11150.0,1000000.0,,
17144C104,Sold Out,CHURCHILL CAP CORP III,10250.0,1000000.0,,,,
00650F109,New Holding,ADAPTIVE BIOTECHNOLOGIES COR,,,6349.0,107379.0,,
05352A100,New Holding,AVANTOR INC,,,9545.0,339092.0,,
844741108,New Holding,SOUTHWEST AIRLS CO,,,4678.0,100374.0,,
14448C104,Not New,CARRIER GLOBAL CORPORATION,4362.0,115639.0,8630.0,282567.0,4268.0,166928.0
G8251K107,Sold Out,SOCIAL CAP HEDSPIA HLDG CO I,11214.0,900000.0,,,,
37890U108,Not New,GLOBAL BLOOD THERAPEUTICS IN,3764.0,86915.0,6162.0,111745.0,2398.0,24830.0
G78516401,Not New,SC HEALTH CORP,405.0,300000.0,345.0,300000.0,-60.0,0.0
75886F107,New Holding,REGENERON PHARMACEUTICALS,,,11017.0,22804.0,,
01609W102,Not New,ALIBABA GROUP HLDG LTD,1629.0,7000.0,336989.0,1146300.0,335360.0,1139300.0
863667101,Sold Out,STRYKER CORPORATION,7998.0,38384.0,,,,
G49392122,New Holding,ION ACQUISITION CORP 1 LTD,,,2537.0,210000.0,,
71535D106,Not New,PERSONALIS INC,3308.0,90363.0,650.0,30000.0,-2658.0,-60363.0
61980M206,New Holding,MOTION ACQUISITION CORP,,,5300.0,500000.0,,
G3166T103,Not New,CC NEUBERGER PRIN HLDGS II,10400.0,1000000.0,10050.0,1000000.0,-350.0,0.0
G9446E113,New Holding,VG ACQUISITION CORP,,,442.0,166666.0,,
40131M109,Not New,GUARDANT HEALTH INC,14829.0,115058.0,1677.0,15000.0,-13152.0,-100058.0
29977A105,New Holding,EVERCORE INC,,,8471.0,77265.0,,
83304A106,Not New,SNAP INC,5318.0,106212.0,5789.0,221711.0,471.0,115499.0
896945201,New Holding,TRIPADVISOR INC,,,1007.0,35000.0,,
833445109,Sold Out,SNOWFLAKE INC,252.0,1003.0,,,,
98986T108,New Holding,ZYNGA INC,,,1481.0,150000.0,,
344328109,New Holding,FOLEY TRASIMENE ACQUISITION,,,4153.0,275000.0,,
762594208,New Holding,RICE ACQUISITION CORP,,,2828.0,250000.0,,
12572Q105,Not New,CME GROUP INC,8192.0,45000.0,7529.0,45000.0,-663.0,0.0
303250104,New Holding,FAIR ISAAC CORP,,,1108.0,2169.0,,
G71716123,New Holding,POPULATION HEALTH INVS CO IN,,,1045.0,100000.0,,
040413106,New Holding,ARISTA NETWORKS INC,,,7580.0,26086.0,,
47215P106,Not New,JD.COM INC,219875.0,2501424.0,82789.0,1066733.0,-137086.0,-1434691.0
87901J105,New Holding,TEGNA INC,,,6368.0,456500.0,,
00775W201,New Holding,AEQUI ACQUISITION CORP,,,5050.0,500000.0,,
143636207,New Holding,CARNEY TECHNOLOGY ACQU CORP,,,10260.0,1000000.0,,
18716C209,Sold Out,CLIMATE CHANGE CRISIS REAL I,5025.0,500000.0,,,,
86771W105,New Holding,SUNRUN INC,,,105875.0,1526021.0,,
03662Q105,New Holding,ANSYS INC,,,2381.0,6544.0,,
98980L101,New Holding,ZOOM VIDEO COMMUNICATIONS IN,,,228.0,675.0,,
15135B101,New Holding,CENTENE CORP DEL,,,6785.0,113030.0,,
254709108,New Holding,DISCOVER FINL SVCS,,,798.0,8816.0,,
36118H113,Not New,FUSION ACQUISITION CORP,128.0,50000.0,55.0,50000.0,-73.0,0.0
G3166W106,Not New,ARYA SCIENCES ACQUISITION CO,543.0,50000.0,536.0,50000.0,-7.0,0.0
50200K108,Not New,LF CAP ACQUISITION CORP,5028.0,473484.0,4991.0,473484.0,-37.0,0.0
87612E106,Not New,TARGET CORP,484.0,2739.0,8070.0,51266.0,7586.0,48527.0
848574109,New Holding,SPIRIT AEROSYSTEMS HLDGS INC,,,14279.0,365295.0,,
983919101,Not New,XILINX INC,25519.0,180000.0,4649.0,44601.0,-20870.0,-135399.0
53804F111,Sold Out,LIVE OAK ACQUISITION CORP,196.0,200000.0,,,,
23284F105,Not New,CYTOMX THERAPEUTICS INC,491.0,75000.0,499.0,75000.0,8.0,0.0
G8250T125,Sold Out,SOCIAL CAP HDOSPHIA HLDG CO,1665.0,300000.0,,,,
03768E105,New Holding,APOLLO GLOBAL MGMT INC,,,3025.0,61753.0,,
G89554128,New Holding,TORTOISE ACQUISITION CORP II,,,356.0,125000.0,,
369604103,New Holding,GENERAL ELECTRIC CO,,,19921.0,1844561.0,,
G0190X118,New Holding,AJAX I,,,2482.0,200000.0,,
751212101,New Holding,RALPH LAUREN CORP,,,3220.0,31042.0,,
70614W100,Sold Out,PELOTON INTERACTIVE INC,10277.0,103555.0,,,,
G82514111,New Holding,SOCIAL CAPITAL HEDOSOPHA HLD,,,648.0,175000.0,,
151290889,New Holding,CEMEX SAB DE CV,,,3132.0,605728.0,,
17144T206,New Holding,CHURCHILL CAPITAL CORP V,,,7350.0,700000.0,,
81369Y605,Not New,SELECT SECTOR SPDR TR,14740.0,500000.0,2003.0,83200.0,-12737.0,-416800.0
81369Y605,Not New,SELECT SECTOR SPDR TR,14740.0,500000.0,12035.0,500000.0,-2705.0,0.0
191216100,Not New,COCA COLA CO,22794.0,415645.0,15819.0,320410.0,-6975.0,-95235.0
78409V104,New Holding,S&P GLOBAL INC,,,564.0,1716.0,,
54405Q100,New Holding,LORDSTOWN MOTORS CORP,,,5016.0,250000.0,,
16119P108,New Holding,CHARTER COMMUNICATIONS INC N,,,6664.0,10073.0,,
44157R109,New Holding,HOUGHTON MIFFLIN HARCOURT CO,,,2096.0,629319.0,,
256163106,Not New,DOCUSIGN INC,36928.0,166116.0,40252.0,187012.0,3324.0,20896.0
63889L206,New Holding,NATURAL ORDER ACQUISITION CO,,,5425.0,500000.0,,
G78516203,Not New,SC HEALTH CORP,6150.0,600000.0,6048.0,600000.0,-102.0,0.0
125269100,New Holding,CF INDS HLDGS INC,,,5013.0,129502.0,,
34964C106,Not New,FORTUNE BRANDS HOME & SEC IN,2621.0,30573.0,4990.0,57679.0,2369.0,27106.0
090043100,Not New,BILL COM HLDGS INC,1147.0,8403.0,7685.0,76615.0,6538.0,68212.0
464287234,Not New,ISHARES TR,457925.0,8862500.0,203730.0,4620776.0,-254195.0,-4241724.0
464287234,Not New,ISHARES TR,457925.0,8862500.0,2469.0,56000.0,-455456.0,-8806500.0
464287234,Not New,ISHARES TR,59421.0,1150000.0,203730.0,4620776.0,144309.0,3470776.0
464287234,Not New,ISHARES TR,59421.0,1150000.0,2469.0,56000.0,-56952.0,-1094000.0
30303M102,Not New,FACEBOOK INC,82877.0,303401.0,72196.0,275664.0,-10681.0,-27737.0
30303M102,Not New,FACEBOOK INC,11445.0,41900.0,72196.0,275664.0,60751.0,233764.0
G2614K128,Not New,D8 HOLDINGS CORP,131.0,125000.0,90.0,125000.0,-41.0,0.0
466367109,Not New,JACK IN THE BOX INC,18724.0,201764.0,26428.0,333225.0,7704.0,131461.0
887389104,Not New,TIMKEN CO,3932.0,50831.0,12888.0,237705.0,8956.0,186874.0
18978W109,New Holding,CM LIFE SCIENCES INC,,,11040.0,1000000.0,,
382865111,Not New,GORES HLDGS IV INC,1556.0,375000.0,623.0,375000.0,-933.0,0.0
11777Q209,New Holding,B2GOLD CORP,,,2709.0,483723.0,,
750481103,New Holding,RADIUS GLOBAL INFRASTRCTRE I,,,30889.0,2403826.0,,
G4771L121,New Holding,INVESTINDUSTRIAL ACQUISITION,,,10280.0,1000000.0,,
18915M107,New Holding,CLOUDFLARE INC,,,1280.0,16843.0,,
58733R102,Not New,MERCADOLIBRE INC,1302.0,777.0,4290.0,3963.0,2988.0,3186.0
233277201,Sold Out,DMY TECHNOLOGY GROUP INC II,2046.0,200000.0,,,,
62944T105,New Holding,NVR INC,,,6520.0,1598.0,,
G9879L113,New Holding,YUCAIPA ACQUISITION CORP,,,238.0,166666.0,,
06746P621,Not New,BARCLAYS BANK PLC,30222.0,1800000.0,12462.0,500500.0,-17760.0,-1299500.0
81723H207,New Holding,SENIOR CONNECT ACQUISITN COR,,,5145.0,500000.0,,
G8990Y129,New Holding,TPG PACE TECH OPPORTUNITIES,,,430.0,200000.0,,
274681113,Not New,EAST RES ACQUISITION CO,171.0,150000.0,102.0,150000.0,-69.0,0.0
23131L107,New Holding,CURO GROUP HOLDINGS CORP,,,5732.0,400000.0,,
G44690116,New Holding,HIGHLAND TRANSCEND PARTNERS,,,1050.0,100000.0,,
84677L117,New Holding,SPARTACUS ACQUISITION CORP,,,112.0,100000.0,,
912909108,New Holding,UNITED STATES STL CORP NEW,,,1634.0,97412.0,,
83088V102,New Holding,SLACK TECHNOLOGIES INC,,,17741.0,420000.0,,
84677L109,New Holding,SPARTACUS ACQUISITION CORP,,,2012.0,200000.0,,
G04415132,Not New,ANDINA ACQUISITION CORP III,149.0,400000.0,116.0,400000.0,-33.0,0.0
45780R101,New Holding,INSTALLED BLDG PRODS INC,,,4589.0,45024.0,,
92189F106,Not New,VANECK VECTORS ETF TR,24800.0,688500.0,55098.0,1407000.0,30298.0,718500.0
90184L102,New Holding,TWITTER INC,,,1114.0,20578.0,,
98138H101,Not New,WORKDAY INC,1171.0,4889.0,3268.0,15193.0,2097.0,10304.0
G0083D104,Not New,ACE CONVERGENCE ACQU CORP,348.0,250000.0,218.0,250000.0,-130.0,0.0
33829M101,New Holding,FIVE BELOW INC,,,13579.0,77601.0,,
29355A107,Sold Out,ENPHASE ENERGY INC,2211.0,26775.0,,,,
15725Q112,New Holding,CF FINANCE ACQUISITION CORP,,,803.0,333333.0,,
78463V107,Not New,SPDR GOLD TR,6510.0,36500.0,24000.0,135500.0,17490.0,99000.0
90117G113,New Holding,TWC TECH HLDGS II CORP,,,563.0,333333.0,,
G9446E105,New Holding,VG ACQUISITION CORP,,,5715.0,500000.0,,
G37288118,Sold Out,FTAC OLYMPUS ACQUISITION COR,2500.0,250000.0,,,,
G52753129,Sold Out,KISMET ACQUISITION ONE CORP,6806.0,532968.0,,,,
70434P103,New Holding,PAYA HOLDINGS INC,,,3921.0,288707.0,,
57667L107,Sold Out,MATCH GROUP INC NEW,13518.0,122171.0,,,,
G00748106,New Holding,ACON S2 ACQUISITION CORP,,,7560.0,750000.0,,
053332102,Sold Out,AUTOZONE INC,39084.0,33188.0,,,,
206071201,New Holding,CONCORD ACQUISITION CORP,,,5155.0,500000.0,,
G9879L105,New Holding,YUCAIPA ACQUISITION CORP,,,5050.0,500000.0,,
G3312L129,New Holding,FAR PEAK ACQUISITION CORP,,,2588.0,250000.0,,
443761119,Not New,HUDSON EXECUTIVE INVT CORP,338.0,200000.0,236.0,200000.0,-102.0,0.0
02553E106,Not New,AMERICAN EAGLE OUTFITTERS IN,13721.0,683660.0,10629.0,717718.0,-3092.0,34058.0
18716C118,New Holding,CLIMATE CHANGE CRISIS REAL I,,,716.0,400000.0,,
G44898115,New Holding,H I G ACQUISITION CORP,,,782.0,75000.0,,
69404D108,Sold Out,PACIFIC BIOSCIENCES CALIF IN,494.0,50000.0,,,,
G46049113,New Holding,HORIZON ACQUISITION CORP,,,73.0,50000.0,,
526057302,Not New,LENNAR CORP,12403.0,202669.0,12679.0,193100.0,276.0,-9569.0
G8857S116,New Holding,THUNDER BRDG ACQUISTION II L,,,1322.0,100000.0,,
001084102,Not New,AGCO CORP,5918.0,57407.0,6894.0,92820.0,976.0,35413.0
G7417R105,New Holding,REDBALL ACQUISITION CORP,,,2723.0,250000.0,,
759351604,Sold Out,REINSURANCE GRP OF AMERICA I,1459.0,15323.0,,,,
344328117,New Holding,FOLEY TRASIMENE ACQUISITION,,,765.0,166666.0,,
438516106,New Holding,HONEYWELL INTL INC,,,14758.0,69385.0,,
G28302118,New Holding,DRAGONEER GROWTH OPPORTUN CO,,,1113.0,260000.0,,
G8990D125,New Holding,TPG PACE BEN FIN CORP,,,12698.0,490857.0,,
G7552B113,New Holding,RIBBIT LEAP LTD,,,85.0,20000.0,,
G8251L113,New Holding,SOCIAL CAPITAL HEDOSOPHA HLD,,,818.0,250000.0,,
88023U101,Not New,TEMPUR SEALY INTL INC,4280.0,158524.0,11177.0,125317.0,6897.0,-33207.0
72352L106,Sold Out,PINTEREST INC,26547.0,639537.0,,,,
G04561117,Sold Out,ARCLIGHT CLEAN TRANSITION CO,5000.0,500000.0,,,,
922475108,Sold Out,VEEVA SYS INC,688.0,2447.0,,,,
393222104,Not New,GREEN PLAINS INC,3138.0,238260.0,3770.0,243530.0,632.0,5270.0
697435105,Not New,PALO ALTO NETWORKS INC,1289.0,3628.0,4093.0,16724.0,2804.0,13096.0
344328208,Sold Out,FOLEY TRASIMENE ACQUISITION,5100.0,500000.0,,,,
45784P101,New Holding,INSULET CORP,,,8668.0,33909.0,,
G31655106,Sold Out,ARYA SCIENCES ACQUISTION CO,28.0,16666.0,,,,
G8990Y103,New Holding,TPG PACE TECH OPPORTUNITIES,,,11100.0,1000000.0,,
14070Y119,Not New,CAPSTAR SPL PURP ACQUISITION,212.0,150000.0,120.0,150000.0,-92.0,0.0
G7483N129,New Holding,REINVENT TECHNOLOGY PARTNERS,,,23120.0,2000000.0,,
G79448117,Not New,SCVX CORP,170.0,100000.0,150.0,100000.0,-20.0,0.0
44891N109,Sold Out,IAC INTERACTIVECORP NEW,10039.0,83808.0,,,,
77584N200,New Holding,ROMAN DBDR TECH ACQUISITION,,,2080.0,200000.0,,
23703Q203,Not New,DAQO NEW ENERGY CORP,5317.0,92696.0,9940.0,73500.0,4623.0,-19196.0
68373J104,Sold Out,OPEN LENDING CORP,17850.0,700000.0,,,,
62548M118,New Holding,MULTIPLAN CORPORATION,,,375.0,250000.0,,
464287242,Sold Out,ISHARES TR,13471.0,100000.0,,,,
15725Q104,New Holding,CF FINANCE ACQUISITION CORP,,,3306.0,300000.0,,
461202103,New Holding,INTUIT,,,25998.0,68444.0,,
464288752,New Holding,ISHARES TR,,,5580.0,100000.0,,
052769106,New Holding,AUTODESK INC,,,8319.0,27245.0,,
846775203,New Holding,SPARTAN ACQUISITION CORP II,,,6480.0,600000.0,,
67077M108,Sold Out,NUTRIEN LTD,3220.0,82090.0,,,,
G7000X105,New Holding,ONE,,,5385.0,500000.0,,
G6700G107,Sold Out,NVENT ELECTRIC PLC,4130.0,233481.0,,,,
70450Y103,Not New,PAYPAL HLDGS INC,3115.0,13300.0,20808.0,105609.0,17693.0,92309.0
25278X109,New Holding,DIAMONDBACK ENERGY INC,,,4561.0,94229.0,,
38286R204,New Holding,GORES HOLDINGS VI INC,,,12720.0,1200000.0,,
009158106,Sold Out,AIR PRODS & CHEMS INC,4116.0,13818.0,,,,
349885103,New Holding,FORUM MERGER III CORP,,,1016.0,75000.0,,
911312106,Sold Out,UNITED PARCEL SERVICE INC,15492.0,92970.0,,,,
162818108,Sold Out,CHECKMATE PHARMACEUTICALS IN,115.0,10000.0,,,,
782011118,New Holding,RUSH STREET INTERACTIVE INC,,,133.0,17430.0,,
382550101,New Holding,GOODYEAR TIRE & RUBR CO,,,4412.0,404413.0,,
69366J200,Not New,PTC THERAPEUTICS INC,2537.0,41572.0,2338.0,50000.0,-199.0,8428.0
838884112,Not New,SOUTH MTN MERGER CORP,1065.0,250000.0,375.0,250000.0,-690.0,0.0
G05436103,New Holding,ASPIRATIONAL CONSUMER LIFEST,,,4985.0,500000.0,,
78486Q101,Sold Out,SVB FINANCIAL GROUP,18435.0,76616.0,,,,
G0682V125,New Holding,AVANTI ACQUISITION CORP,,,755.0,500000.0,,
57636Q104,Not New,MASTERCARD INCORPORATED,11785.0,33016.0,10363.0,30645.0,-1422.0,-2371.0
79466L302,Sold Out,SALESFORCE COM INC,2932.0,11668.0,,,,
36118H105,Not New,FUSION ACQUISITION CORP,1130.0,100000.0,983.0,100000.0,-147.0,0.0
553368119,New Holding,MP MATERIALS CORP,,,5123.0,333333.0,,
683712111,New Holding,OPENDOOR TECHNOLOGIES INC,,,2316.0,300000.0,,
00751Y106,Sold Out,ADVANCE AUTO PARTS INC,18299.0,119210.0,,,,
09857L108,Not New,BOOKING HOLDINGS INC,5196.0,2333.0,462.0,270.0,-4734.0,-2063.0
G8990D117,New Holding,TPG PACE BEN FIN CORP,,,1468.0,200000.0,,
86745K104,Not New,SUNNOVA ENERGY INTL INC.,56321.0,1247981.0,18246.0,600000.0,-38075.0,-647981.0
G0370L116,New Holding,ALTIMETER GROWTH CORP,,,436.0,80000.0,,
210373106,Not New,CONSTELLATION PHARMCETICLS I,2493.0,86557.0,4756.0,234741.0,2263.0,148184.0
462260100,Not New,IOVANCE BIOTHERAPEUTICS INC,2320.0,50000.0,7242.0,219982.0,4922.0,169982.0
966387508,Sold Out,WHITING PETE CORP NEW,349.0,20161.0,,,,
464288513,Not New,ISHARES TR,873087.0,10001000.0,96485.0,1150000.0,-776602.0,-8851000.0
464288513,Not New,ISHARES TR,183330.0,2100000.0,96485.0,1150000.0,-86845.0,-950000.0
464288513,Not New,ISHARES TR,261900.0,3000000.0,96485.0,1150000.0,-165415.0,-1850000.0
30158L118,New Holding,EXECUTIVE NETWORK PARTNERING,,,162.0,62500.0,,
G1355U105,New Holding,BRIDGETOWN HOLDINGS LTD,,,4245.0,250000.0,,
74834L100,Not New,QUEST DIAGNOSTICS INC,9428.0,79118.0,23856.0,208366.0,14428.0,129248.0
20030N101,Not New,COMCAST CORP NEW,6829.0,130326.0,837.0,18092.0,-5992.0,-112234.0
92532F100,New Holding,VERTEX PHARMACEUTICALS INC,,,12021.0,50863.0,,
46064A103,New Holding,INTERPRIVATE ACQUISITION COR,,,6252.0,430000.0,,
101137107,Not New,BOSTON SCIENTIFIC CORP,18285.0,508634.0,12571.0,329002.0,-5714.0,-179632.0
449534114,New Holding,IG ACQUISITION CORP,,,205.0,125000.0,,
893641100,Not New,TRANSDIGM GROUP INC,4873.0,7875.0,8880.0,18691.0,4007.0,10816.0
64049K104,Sold Out,NEOLEUKIN THERAPEUTICS INC,240.0,20000.0,,,,
G2040C112,New Holding,CERBERUS TELECOM ACQUISITION,,,1048.0,98318.0,,
172967424,New Holding,CITIGROUP INC,,,2280.0,36970.0,,
05337M104,Sold Out,AVADEL PHARMACEUTICALS PLC,504.0,100000.0,,,,
G89554102,New Holding,TORTOISE ACQUISITION CORP II,,,5325.0,500000.0,,
745867101,Not New,PULTE GROUP INC,4358.0,101067.0,4513.0,97489.0,155.0,-3578.0
04906P200,New Holding,ATLANTIC AVE ACQUISITION COR,,,5300.0,500000.0,,
G47567105,New Holding,IHS MARKIT LTD,,,13115.0,146000.0,,
G47567105,New Holding,IHS MARKIT LTD,,,1797.0,20000.0,,
G23726113,New Holding,COHN ROBBINS HOLDINGS CORP,,,300.0,166666.0,,
90117G105,New Holding,TWC TECH HLDGS II CORP,,,10530.0,1000000.0,,
G46049121,Sold Out,HORIZON ACQUISITION CORP,1561.0,150000.0,,,,
05600U106,Sold Out,B RILEY PRIN MERGER CORP II,2002.0,200000.0,,,,
12510J205,New Holding,CBRE ACQUISITION HLDGS INC,,,10450.0,1000000.0,,
26441C204,Sold Out,DUKE ENERGY CORP NEW,2214.0,25000.0,,,,
09257WAB6,Sold Out,BLACKSTONE MTG TR INC,959.0,1000000.0,,,,
G23726105,New Holding,COHN ROBBINS HOLDINGS CORP,,,5205.0,500000.0,,
126408103,Not New,CSX CORP,30747.0,338807.0,21863.0,281482.0,-8884.0,-57325.0
872540109,Not New,TJX COS INC NEW,14838.0,217284.0,34223.0,614961.0,19385.0,397677.0
929160109,Not New,VULCAN MATLS CO,4801.0,32372.0,7579.0,55914.0,2778.0,23542.0
G7307X105,New Holding,QELL ACQUISITION CORP,,,7374.0,600000.0,,
G8598Y117,Not New,SUSTAINABLE OPPORTNTS ACQ CO,506.0,225000.0,225.0,125000.0,-281.0,-100000.0
37519D115,Not New,GIGCAPITAL3 INC,1309.0,375000.0,240.0,375000.0,-1069.0,0.0
874080104,Sold Out,TAL EDUCATION GROUP,23389.0,307593.0,,,,
G50744112,Not New,JAWS ACQUISITION CORP,810.0,300000.0,707.0,333333.0,-103.0,33333.0
57772K101,Not New,MAXIM INTEGRATED PRODS INC,21276.0,240000.0,18255.0,270000.0,-3021.0,30000.0
171779309,Not New,CIENA CORP,3064.0,57974.0,4426.0,111504.0,1362.0,53530.0
37940X102,Not New,GLOBAL PMTS INC,1676.0,7781.0,871.0,4907.0,-805.0,-2874.0
339750101,Sold Out,FLOOR & DECOR HLDGS INC,7669.0,102531.0,,,,
231561101,Sold Out,CURTISS WRIGHT CORP,6578.0,70535.0,,,,
336433107,Sold Out,FIRST SOLAR INC,2113.0,31921.0,,,,
81787X205,New Holding,SEVEN OAKS ACQUISITION CORP,,,2588.0,250000.0,,
G8598Y109,Not New,SUSTAINABLE OPPORTNTS ACQ CO,4842.0,450000.0,2550.0,250000.0,-2292.0,-200000.0
698102118,Not New,PANACEA ACQUISITION CORP,53.0,16666.0,39.0,16666.0,-14.0,0.0
92220P105,Not New,VARIAN MED SYS INC,30627.0,175000.0,21629.0,125749.0,-8998.0,-49251.0
92220P105,Not New,VARIAN MED SYS INC,30627.0,175000.0,3612.0,21000.0,-27015.0,-154000.0
399473206,New Holding,GROUPON INC,,,1026.0,27000.0,,
98422L107,Sold Out,XERIS PHARMACEUTICALS INC,1038.0,175000.0,,,,
09257WAC4,Sold Out,BLACKSTONE MTG TR INC,4872.0,5135000.0,,,,
233277110,New Holding,DMY TECHNOLOGY GROUP INC II,,,283.0,66666.0,,
Y95308105,Sold Out,WAVE LIFE SCIENCES LTD,127.0,15000.0,,,,
G74847123,New Holding,REINVENT TECHNOLOGY PARTNERS,,,4552.0,400000.0,,
749641114,Sold Out,RMG ACQUISITION CORP,499.0,233333.0,,,,
G1991C105,New Holding,CARDTRONICS PLC,,,1059.0,30000.0,,
784730103,New Holding,SSR MNG INC,,,5883.0,292556.0,,
G00748122,Sold Out,ACON S2 ACQUISITION CORP,7515.0,750000.0,,,,
G7552B121,Sold Out,RIBBIT LEAP LTD,1300.0,100000.0,,,,
985817105,New Holding,YELP INC,,,1143.0,35000.0,,
76156P205,New Holding,REVOLUTION ACCELERTN ACQU CO,,,7287.0,700000.0,,
015351109,New Holding,ALEXION PHARMACEUTICALS INC,,,10937.0,70000.0,,
G28314105,New Holding,DRAGONEER GROWTH OPPTY CORP,,,5860.0,500000.0,,
51476H100,New Holding,LANDCADIA HOLDINGS III INC,,,5240.0,500000.0,,
30231G102,New Holding,EXXON MOBIL CORP,,,10626.0,257780.0,,
776153116,New Holding,ROMEO POWER INC,,,1864.0,200000.0,,
247361702,Not New,DELTA AIR LINES INC DEL,4127.0,102646.0,6223.0,203500.0,2096.0,100854.0
247361702,Not New,DELTA AIR LINES INC DEL,4127.0,102646.0,3177.0,103900.0,-950.0,1254.0
231021106,Sold Out,CUMMINS INC,25332.0,119966.0,,,,
233278209,New Holding,DMY TECHNOLOGY GROUP INC III,,,1140.0,100000.0,,
23343Q100,Not New,DFP HEALTHCARE ACQUISITNS CO,2700.0,250000.0,2590.0,250000.0,-110.0,0.0
665742201,New Holding,NORTHERN STAR ACQUISITION CO,,,1570.0,100000.0,,
82024L103,New Holding,SHATTUCK LABS INC,,,786.0,15000.0,,
55608BAB1,Not New,MACQUARIE INFRASTRUCTURE COR,3000.0,3000000.0,2738.0,3000000.0,-262.0,0.0
G9027T117,Not New,TREBIA ACQUISITION CORP,693.0,333333.0,500.0,333333.0,-193.0,0.0
032095101,Not New,AMPHENOL CORP NEW,7322.0,55993.0,3622.0,33457.0,-3700.0,-22536.0
G37288100,New Holding,FTAC OLYMPUS ACQUISITION COR,,,2575.0,250000.0,,
93627C101,Not New,WARRIOR MET COAL INC,1687.0,79138.0,615.0,36005.0,-1072.0,-43133.0
G0751N103,Not New,ATLANTICA SUSTAINABLE INFR P,3798.0,100000.0,6449.0,225404.0,2651.0,125404.0
04316G113,Not New,ARTIUS ACQUISITION INC,1115.0,500000.0,773.0,500000.0,-342.0,0.0
G21810109,Sold Out,CLARIVATE PLC,20526.0,662333.0,,,,
26873Y112,Not New,E MERGE TECHNOLOGY ACQUISITI,654.0,435842.0,410.0,435842.0,-244.0,0.0
42087L119,Sold Out,HAYMAKER ACQUISITION CORP II,253.0,250000.0,,,,
501797104,Not New,L BRANDS INC,10493.0,282133.0,7761.0,243986.0,-2732.0,-38147.0
M8001Q118,Not New,POLYPID LTD,2757.0,277070.0,2313.0,210116.0,-444.0,-66954.0
75943R102,New Holding,RELAY THERAPEUTICS INC,,,5410.0,130162.0,,
02005N100,Not New,ALLY FINL INC,36737.0,1030207.0,6402.0,255382.0,-30335.0,-774825.0
64110W102,Sold Out,NETEASE INC,4021.0,8920.0,,,,
98422D105,New Holding,XPENG INC,,,1713.0,40000.0,,
G9027T109,Not New,TREBIA ACQUISITION CORP,10790.0,1000000.0,10180.0,1000000.0,-610.0,0.0
19240Q201,New Holding,COGENT BIOSCIENCES INC,,,1269.0,113030.0,,
35671D857,Not New,FREEPORT-MCMORAN INC,51295.0,1971384.0,7525.0,481121.0,-43770.0,-1490263.0
60877T100,Sold Out,MOMENTA PHARMACEUTICALS INC,5248.0,100000.0,,,,
G7552B105,New Holding,RIBBIT LEAP LTD,,,1299.0,100000.0,,
G1355U113,New Holding,BRIDGETOWN HOLDINGS LTD,,,6192.0,400000.0,,
22266L106,Not New,COUPA SOFTWARE INC,32190.0,94980.0,14007.0,51075.0,-18183.0,-43905.0
536797103,Not New,LITHIA MTRS INC,2049.0,7000.0,1482.0,6500.0,-567.0,-500.0
G32219126,Not New,HPX CORP,214.0,200000.0,180.0,200000.0,-34.0,0.0
904311206,New Holding,UNDER ARMOUR INC,,,2094.0,140725.0,,
349642207,Sold Out,FORTRESS VALUE ACQUISITION I,15450.0,1500000.0,,,,
G6715X111,New Holding,OAKTREE ACQUISITION CORP II,,,239.0,125000.0,,
880770102,New Holding,TERADYNE INC,,,5685.0,47418.0,,
34962V114,Sold Out,FORTRESS VALUE ACQUISITION C,1097.0,333333.0,,,,
435063110,New Holding,HOLICITY INC,,,220.0,166666.0,,
452907108,Sold Out,IMMUNOMEDICS INC,10204.0,120000.0,,,,
38046YAB7,Not New,GOLAR LNG LTD,19228.0,21130000.0,18077.0,23630000.0,-1151.0,2500000.0
49639K101,Sold Out,KINGSOFT CLOUD HLDGS LTD,1482.0,50178.0,,,,
45258J102,Not New,IMMUNOVANT INC,7831.0,169543.0,1930.0,54834.0,-5901.0,-114709.0
G04415124,Not New,ANDINA ACQUISITION CORP III,316.0,400000.0,132.0,400000.0,-184.0,0.0
603380106,Sold Out,MINERVA NEUROSCIENCES INC,80.0,25000.0,,,,
N6596X109,Not New,NXP SEMICONDUCTORS N V,13828.0,86963.0,13221.0,105931.0,-607.0,18968.0
82509L107,Not New,SHOPIFY INC,32067.0,28329.0,31350.0,30646.0,-717.0,2317.0
653656108,New Holding,NICE LTD,,,2222.0,7836.0,,
349642116,New Holding,FORTRESS VALUE ACQUISITION I,,,738.0,300000.0,,
31428X106,Sold Out,FEDEX CORP,73389.0,291781.0,,,,
031100100,Not New,AMETEK INC,5478.0,45298.0,4396.0,44222.0,-1082.0,-1076.0
464287176,Not New,ISHARES TR,453272.0,3550900.0,1999.0,15800.0,-451273.0,-3535100.0
464287176,Not New,ISHARES TR,453272.0,3550900.0,449189.0,3550900.0,-4083.0,0.0
G10830100,Sold Out,BEYONDSPRING INC,532.0,40000.0,,,,
15117B202,New Holding,CELLDEX THERAPEUTICS INC NEW,,,1664.0,95000.0,,
78472F101,New Holding,SOC TELEMED INC,,,5527.0,705000.0,,
G58442115,New Holding,MARQUEE RAINE ACQUISITION CO,,,5415.0,500000.0,,
00507V109,Sold Out,ACTIVISION BLIZZARD INC,16887.0,208607.0,,,,
701094104,Not New,PARKER-HANNIFIN CORP,29182.0,107124.0,20268.0,100168.0,-8914.0,-6956.0
G2614K110,Not New,D8 HOLDINGS CORP,2540.0,250000.0,2443.0,250000.0,-97.0,0.0
041242116,New Holding,ARKO CORP,,,340.0,250000.0,,
265504100,Sold Out,DUNKIN BRANDS GROUP INC,441.0,5380.0,,,,
443573100,Not New,HUBSPOT INC,1355.0,3419.0,956.0,3273.0,-399.0,-146.0
43300A203,New Holding,HILTON WORLDWIDE HLDGS INC,,,1748.0,15710.0,,
G28302100,New Holding,DRAGONEER GROWTH OPPORTUN CO,,,17251.0,1300000.0,,
629070202,New Holding,NEBULA CARAVEL ACQUISITION C,,,9720.0,900000.0,,
68218L207,New Holding,OMNICHANNEL ACQUISITION CORP,,,5150.0,500000.0,,
293792107,Not New,ENTERPRISE PRODS PARTNERS L,41445.0,2115637.0,34195.0,2165637.0,-7250.0,50000.0
G1992Y114,Sold Out,CC NEUBERGER PRINCIPAL HLDNG,2600.0,250000.0,,,,
674215207,New Holding,OASIS PETROLEUM INC,,,3925.0,105920.0,,
02079K107,Not New,ALPHABET INC,24815.0,14165.0,4379.0,2980.0,-20436.0,-11185.0
235825205,New Holding,DANA INC,,,394.0,20206.0,,
690145107,Not New,OUTSET MED INC,14134.0,248667.0,685.0,13708.0,-13449.0,-234959.0
227046109,New Holding,CROCS INC,,,479.0,7650.0,,
81369Y886,Sold Out,SELECT SECTOR SPDR TR,998.0,16800.0,,,,
46090E103,Not New,INVESCO QQQ TR,37649.0,120000.0,13836.0,49800.0,-23813.0,-70200.0
46090E103,Not New,INVESCO QQQ TR,37649.0,120000.0,92521.0,333000.0,54872.0,213000.0
46090E103,Not New,INVESCO QQQ TR,857765.0,2734000.0,13836.0,49800.0,-843929.0,-2684200.0
46090E103,Not New,INVESCO QQQ TR,857765.0,2734000.0,92521.0,333000.0,-765244.0,-2401000.0
46090E103,Not New,INVESCO QQQ TR,235305.0,750000.0,13836.0,49800.0,-221469.0,-700200.0
46090E103,Not New,INVESCO QQQ TR,235305.0,750000.0,92521.0,333000.0,-142784.0,-417000.0
56600D107,New Holding,MARAVAI LIFESCIENCES HLDGS I,,,793.0,28257.0,,
00123Q104,Sold Out,AGNC INVT CORP,36102.0,2595410.0,,,,
14316J108,New Holding,CARLYLE GROUP INC,,,12956.0,412081.0,,
G82514103,New Holding,SOCIAL CAPITAL HEDOSOPHA HLD,,,9583.0,700000.0,,
74762E102,Not New,QUANTA SVCS INC,5016.0,69649.0,5016.0,94896.0,0.0,25247.0
233253111,Sold Out,DMY TECHNOLOGY GROUP INC,80.0,26500.0,,,,
612657114,New Holding,MONTES ARCHIMEDES ACQUISITIO,,,720.0,500000.0,,
15678U102,New Holding,CEREVEL THERAPEUTICS HLDNG I,,,94.0,16666.0,,
747525103,Not New,QUALCOMM INC,14131.0,92759.0,17714.0,150527.0,3583.0,57768.0
74006W108,New Holding,PRAXIS PRECISION MEDICINES I,,,777.0,14129.0,,
212873202,New Holding,CONX CORP,,,15675.0,1500000.0,,
G7709Q104,Sold Out,ROYALTY PHARMA PLC,841.0,20000.0,,,,
55608B105,Not New,MACQUARIE INFRASTRUCTURE COR,12955.0,345000.0,3630.0,135000.0,-9325.0,-210000.0
G01046112,New Holding,AEA-BRIDGES IMPACT CORP,,,539.0,350000.0,,
244413118,Not New,DEERFIELD HEALTHCARE TECH AC,205.0,50000.0,71.0,50000.0,-134.0,0.0
G04561109,New Holding,ARCLIGHT CLEAN TRANSITION CO,,,7202.0,650000.0,,
254687106,Not New,DISNEY WALT CO,23200.0,128050.0,68930.0,555531.0,45730.0,427481.0
254687106,Not New,DISNEY WALT CO,23200.0,128050.0,9753.0,78600.0,-13447.0,-49450.0
83067L117,New Holding,SKILLZ INC,,,722.0,100000.0,,
30158L100,New Holding,EXECUTIVE NETWORK PARTNERING,,,6258.0,250000.0,,
G89554110,Sold Out,TORTOISE ACQUISITION CORP II,4352.0,400000.0,,,,
G04561125,New Holding,ARCLIGHT CLEAN TRANSITION CO,,,764.0,325000.0,,
639358100,New Holding,NAVSIGHT HLDGS INC,,,5005.0,500000.0,,
G7307X121,Sold Out,QELL ACQUISITION CORP,5080.0,500000.0,,,,
595112103,New Holding,MICRON TECHNOLOGY INC,,,10024.0,133338.0,,
G7483N103,New Holding,REINVENT TECHNOLOGY PARTNERS,,,1643.0,505402.0,,
274681105,Sold Out,EAST RES ACQUISITION CO,2946.0,300000.0,,,,
81369Y704,Not New,SELECT SECTOR SPDR TR,35194.0,397452.0,2275.0,29550.0,-32919.0,-367902.0
81369Y704,Not New,SELECT SECTOR SPDR TR,35194.0,397452.0,9161.0,119000.0,-26033.0,-278452.0
81369Y704,Not New,SELECT SECTOR SPDR TR,35194.0,397452.0,8529.0,110800.0,-26665.0,-286652.0
14070Y101,Sold Out,CAPSTAR SPL PURP ACQUISITION,2949.0,300000.0,,,,
90138F102,New Holding,TWILIO INC,,,52354.0,154665.0,,
639358118,New Holding,NAVSIGHT HLDGS INC,,,320.0,250000.0,,
216831107,New Holding,COOPER TIRE & RUBR CO,,,1010.0,24927.0,,
449534106,New Holding,IG ACQUISITION CORP,,,2533.0,250000.0,,
23283R100,Not New,CYRUSONE INC,41448.0,566614.0,30401.0,434113.0,-11047.0,-132501.0
91912E105,Not New,VALE S A,5241.0,312714.0,12720.0,1202260.0,7479.0,889546.0
067901108,New Holding,BARRICK GOLD CORP,,,4823.0,211705.0,,
236272100,New Holding,DANIMER SCIENTIFIC INC,,,1176.0,50000.0,,
G23726121,Sold Out,COHN ROBBINS HOLDINGS CORP,5045.0,500000.0,,,,
04316G105,Not New,ARTIUS ACQUISITION INC,10630.0,1000000.0,14910.0,1500000.0,4280.0,500000.0
98978L204,Sold Out,ZOGENIX INC,179.0,10000.0,,,,
31189P102,Not New,FATE THERAPEUTICS INC,7234.0,79560.0,1999.0,50000.0,-5235.0,-29560.0
260557103,New Holding,DOW INC,,,7025.0,126576.0,,
64125C109,New Holding,NEUROCRINE BIOSCIENCES INC,,,9209.0,96075.0,,
G0411R106,New Holding,APOLLO STRATEGIC GROWTH CAPT,,,2603.0,250000.0,,
212896104,Sold Out,CONYERS PK II ACQUISITION CO,2032.0,200000.0,,,,
14064F209,New Holding,CAPITOL INVESTMENT CORP V,,,4120.0,400000.0,,
037833100,New Holding,APPLE INC,,,17474.0,131689.0,,
654106103,Not New,NIKE INC,10861.0,76771.0,1604.0,12775.0,-9257.0,-63996.0
15725Q203,Sold Out,CF FINANCE ACQUISITION CORP,10020.0,1000000.0,,,,
86614U100,Sold Out,SUMMIT MATLS INC,2589.0,156505.0,,,,
571903202,New Holding,MARRIOTT INTL INC NEW,,,986.0,7473.0,,
89532E109,Sold Out,TREVENA INC,299.0,100000.0,,,,
464288281,Sold Out,ISHARES TR,110890.0,1000000.0,,,,
84918M106,New Holding,SPORTS ENTERTAINMENT ACQU CO,,,2530.0,250000.0,,
13803R110,New Holding,CANOO INC,,,900.0,250000.0,,
92189F676,Not New,VANECK VECTORS ETF TR,4587.0,21000.0,49647.0,285000.0,45060.0,264000.0
92189F676,Not New,VANECK VECTORS ETF TR,27783.0,127200.0,49647.0,285000.0,21864.0,157800.0
395330103,Not New,GREENLANE HLDGS INC,507.0,128000.0,784.0,350000.0,277.0,222000.0
G6715X129,Sold Out,OAKTREE ACQUISITION CORP II,5145.0,500000.0,,,,
G0370L124,New Holding,ALTIMETER GROWTH CORP,,,1300.0,100000.0,,
G7417R113,New Holding,REDBALL ACQUISITION CORP,,,187.0,83333.0,,
63009R109,Not New,NANOSTRING TECHNOLOGIES INC,9989.0,149364.0,7213.0,161367.0,-2776.0,12003.0
093712107,Sold Out,BLOOM ENERGY CORP,2577.0,143418.0,,,,
50077C106,Not New,KRATON CORPORATION,1739.0,62572.0,446.0,25000.0,-1293.0,-37572.0
G8251K115,Not New,SOCIAL CAP HEDSPIA HLDG CO I,1200.0,300000.0,1207.0,312659.0,7.0,12659.0
G7496G103,Not New,RENAISSANCERE HLDGS LTD,15374.0,92717.0,17340.0,102155.0,1966.0,9438.0
G0370L108,New Holding,ALTIMETER GROWTH CORP,,,5144.0,400000.0,,
242797207,New Holding,DECARBONIZATION PLUS ACQU CO,,,7469.0,650000.0,,
040047607,Sold Out,ARENA PHARMACEUTICALS INC,11483.0,153533.0,,,,
53804F103,Sold Out,LIVE OAK ACQUISITION CORP,4032.0,400000.0,,,,
G1992Y122,Not New,CC NEUBERGER PRINCIPAL HLDNG,196.0,83333.0,150.0,83333.0,-46.0,0.0
22052L104,Not New,CORTEVA INC,4780.0,123455.0,3703.0,128532.0,-1077.0,5077.0
805111101,Sold Out,SAVARA INC,109.0,100000.0,,,,
244413100,Not New,DEERFIELD HEALTHCARE TECH AC,3900.0,250000.0,2625.0,250000.0,-1275.0,0.0
98956P102,Not New,ZIMMER BIOMET HOLDINGS INC,22108.0,143476.0,9332.0,68545.0,-12776.0,-74931.0
92826C839,New Holding,VISA INC,,,11393.0,52086.0,,
N00985106,New Holding,AERCAP HOLDINGS NV,,,10424.0,228692.0,,
G50744104,Sold Out,JAWS ACQUISITION CORP,10410.0,1000000.0,,,,
679580100,Not New,OLD DOMINION FREIGHT LINE IN,6990.0,35811.0,5124.0,28320.0,-1866.0,-7491.0
517834107,New Holding,LAS VEGAS SANDS CORP,,,14736.0,247253.0,,
00766T100,Sold Out,AECOM,4912.0,117402.0,,,,
21871D103,New Holding,CORELOGIC INC,,,13795.0,178412.0,,
382864205,Sold Out,GORES HLDGS V INC,10350.0,1000000.0,,,,
G0103T121,New Holding,ACIES ACQUISITION CORP,,,5350.0,500000.0,,
097023105,New Holding,BOEING CO,,,5770.0,26954.0,,
228368106,New Holding,CROWN HLDGS INC,,,6569.0,65557.0,,
92537N108,New Holding,VERTIV HOLDINGS CO,,,11287.0,604557.0,,
192010106,New Holding,CODIAK BIOSCIENCES INC,,,676.0,20942.0,,
464287432,Sold Out,ISHARES TR,16326.0,100000.0,,,,
75513E101,New Holding,RAYTHEON TECHNOLOGIES CORP,,,5514.0,77114.0,,
87615L115,Not New,TARGET HOSPITALITY CORP,29.0,400000.0,31.0,400000.0,2.0,0.0
82452J109,Not New,SHIFT4 PMTS INC,16383.0,217285.0,22230.0,459669.0,5847.0,242384.0
G46188101,Not New,HORIZON THERAPEUTICS PUB L,1829.0,25000.0,1942.0,25000.0,113.0,0.0
96208T104,New Holding,WEX INC,,,2161.0,10618.0,,
023135106,Not New,AMAZON COM INC,135733.0,41675.0,133566.0,42419.0,-2167.0,744.0
023135106,Not New,AMAZON COM INC,33546.0,10300.0,133566.0,42419.0,100020.0,32119.0
58155Q103,Sold Out,MCKESSON CORP,21233.0,142567.0,,,,
886547108,Sold Out,TIFFANY & CO NEW,20274.0,175000.0,,,,
886547108,Sold Out,TIFFANY & CO NEW,14273.0,123200.0,,,,
G0083D120,Not New,ACE CONVERGENCE ACQU CORP,2555.0,250000.0,4880.0,500000.0,2325.0,250000.0
G16962105,Not New,BUNGE LIMITED,197436.0,3010608.0,133320.0,2917281.0,-64116.0,-93327.0
29414B104,New Holding,EPAM SYS INC,,,12205.0,34060.0,,
76680R206,Not New,RINGCENTRAL INC,29653.0,78245.0,20074.0,73101.0,-9579.0,-5144.0
236272118,New Holding,DANIMER SCIENTIFIC INC,,,2262.0,200000.0,,
71531R109,Not New,PERSHING SQUARE TONTINE HLDG,9702.0,350000.0,13614.0,600000.0,3912.0,250000.0
G7307X113,New Holding,QELL ACQUISITION CORP,,,525.0,166666.0,,
758075AC9,New Holding,REDWOOD TR INC,,,473.0,500000.0,,
20451W101,Sold Out,COMPASS PATHWAYS PLC,1098.0,31452.0,,,,
036752103,New Holding,ANTHEM INC,,,10888.0,33909.0,,
G32219100,Not New,HPX CORP,2004.0,200000.0,3936.0,400000.0,1932.0,200000.0
G29183103,Not New,EATON CORP PLC,4168.0,34691.0,6272.0,61468.0,2104.0,26777.0
81786A206,New Holding,7GC & CO HOLDINGS INC,,,4220.0,400000.0,,
398905109,Not New,GROUP 1 AUTOMOTIVE INC,3737.0,28500.0,3689.0,41740.0,-48.0,13240.0
86846V207,New Holding,SUPERNOVA PARTNERS ACQUISITI,,,5912.0,509201.0,,
92538T203,Sold Out,VESPER HEALTHCARE ACQSTN COR,2052.0,200000.0,,,,
G6715X103,New Holding,OAKTREE ACQUISITION CORP II,,,5245.0,500000.0,,
71531R117,Not New,PERSHING SQUARE TONTINE HLDG,640.0,66666.0,478.0,66666.0,-162.0,0.0
52470X208,New Holding,LEFTERIS ACQUISITION CORP,,,2725.0,250000.0,,
33765Y200,New Holding,FIRSTMARK HORIZON ACQUISITIO,,,2850.0,250000.0,,
496861204,New Holding,KINGSWOOD ACQUISITION CORP,,,4680.0,450000.0,,
485170302,Not New,KANSAS CITY SOUTHERN,47205.0,231248.0,10123.0,55983.0,-37082.0,-175265.0
485170302,Not New,KANSAS CITY SOUTHERN,47205.0,231248.0,10126.0,56000.0,-37079.0,-175248.0
G52753103,New Holding,KISMET ACQUISITION ONE CORP,,,2060.0,200000.0,,
651639106,Not New,NEWMONT CORP,4775.0,79729.0,5464.0,86108.0,689.0,6379.0
277432100,Not New,EASTMAN CHEM CO,3258.0,32485.0,3239.0,41456.0,-19.0,8971.0
82710M100,Not New,SILK RD MED INC,1575.0,25000.0,1680.0,25000.0,105.0,0.0
632307104,Not New,NATERA INC,22989.0,230995.0,5942.0,82251.0,-17047.0,-148744.0
872590104,Not New,T-MOBILE US INC,26607.0,197305.0,1308.0,11437.0,-25299.0,-185868.0
464287630,Sold Out,ISHARES TR,6953.0,70000.0,,,,
52567D107,Sold Out,LEMONADE INC,1552.0,31223.0,,,,
87105M102,Sold Out,SWITCHBACK ENERGY ACQUISTN C,1628.0,104337.0,,,,
81141R100,Sold Out,SEA LTD,9537.0,61912.0,,,,
G05436111,New Holding,ASPIRATIONAL CONSUMER LIFEST,,,177.0,166666.0,,
464287192,Not New,ISHARES TR,4411.0,20000.0,2785.0,14000.0,-1626.0,-6000.0
29452E101,New Holding,EQUITABLE HLDGS INC,,,23727.0,927183.0,,
534187109,New Holding,LINCOLN NATL CORP IND,,,44055.0,875674.0,,
42589C112,Sold Out,HENNESSY CAP ACQUSTION CORP,693.0,300000.0,,,,
291011104,New Holding,EMERSON ELEC CO,,,6990.0,86972.0,,
63934E108,Sold Out,NAVISTAR INTL CORP NEW,4810.0,110479.0,,,,
612657106,New Holding,MONTES ARCHIMEDES ACQUISITIO,,,10170.0,1000000.0,,
G7008A107,New Holding,PERIDOT ACQUISITION CORP,,,134.0,75000.0,,
84918M114,New Holding,SPORTS ENTERTAINMENT ACQU CO,,,169.0,125000.0,,
G8377A116,New Holding,SPRING VY ACQUISITION CORP,,,2638.0,250000.0,,
243537107,Sold Out,DECKERS OUTDOOR CORP,11279.0,51266.0,,,,
G50740128,New Holding,JAWS SPITFIRE ACQUISITION CO,,,8288.0,750000.0,,
40412C101,Sold Out,HCA HEALTHCARE INC,8204.0,65802.0,,,,
75606N109,New Holding,REALPAGE INC,,,872.0,10000.0,,
75606N109,New Holding,REALPAGE INC,,,8951.0,102600.0,,
457821106,New Holding,INSU ACQUISITION CORP II,,,1166.0,75000.0,,
079823100,Sold Out,BELLRING BRANDS INC,207.0,10000.0,,,,
34407Y103,Sold Out,FLYING EAGLE ACQUISITION COR,3040.0,250000.0,,,,
42227K203,New Holding,HEALTHCARE SERVICES ACQU COR,,,1789.0,175000.0,,
774873202,New Holding,RODGERS SILICON VALLEY AQ CO,,,2336.0,175000.0,,
G52753111,New Holding,KISMET ACQUISITION ONE CORP,,,282.0,266484.0,,
25253X207,Sold Out,DIAMEDICA THERAPEUTICS INC,106.0,25000.0,,,,
34962V106,Sold Out,FORTRESS VALUE ACQUISITION C,2834.0,208674.0,,,,
04335A105,New Holding,ARVINAS INC,,,16799.0,197804.0,,
382864106,New Holding,GORES HLDGS V INC,,,10400.0,1000000.0,,
553368101,New Holding,MP MATERIALS CORP,,,44234.0,1375000.0,,
77543R102,Sold Out,ROKU INC,18390.0,97404.0,,,,
87284T209,New Holding,TS INNOVATION ACQUISITN CORP,,,10540.0,1000000.0,,
87615L107,Not New,TARGET HOSPITALITY CORP,1485.0,940000.0,1147.0,940000.0,-338.0,0.0
09609G100,Sold Out,BLUEBIRD BIO INC,540.0,10000.0,,,,
88034P109,Sold Out,TENCENT MUSIC ENTMT GROUP,1019.0,68978.0,,,,
45826J105,New Holding,INTELLIA THERAPEUTICS INC,,,2580.0,47422.0,,
90353T100,Not New,UBER TECHNOLOGIES INC,38248.0,749958.0,13091.0,358860.0,-25157.0,-391098.0
63947U107,Not New,NCINO INC,362.0,5000.0,6503.0,81614.0,6141.0,76614.0
171439110,Not New,CHURCHILL CAPITAL CORP IV,669.0,440000.0,651.0,440000.0,-18.0,0.0
681116109,Sold Out,OLLIES BARGAIN OUTLET HLDGS,13434.0,153797.0,,,,
683712103,New Holding,OPENDOOR TECHNOLOGIES INC,,,11365.0,500000.0,,
62914V106,New Holding,NIO INC,,,2924.0,60000.0,,
G7000X113,Sold Out,ONE,5450.0,500000.0,,,,
18716C100,New Holding,CLIMATE CHANGE CRISIS REAL I,,,8568.0,800000.0,,
30212P303,Not New,EXPEDIA GROUP INC,13871.0,104768.0,7051.0,76898.0,-6820.0,-27870.0
00724F101,Not New,ADOBE SYSTEMS INCORPORATED,37838.0,75658.0,6246.0,12735.0,-31592.0,-62923.0
03969F109,Not New,ARCUS BIOSCIENCES INC,909.0,35000.0,600.0,35000.0,-309.0,0.0
693656100,Not New,PVH CORPORATION,2915.0,31043.0,9172.0,153797.0,6257.0,122754.0
G96629103,Not New,WILLIS TOWERS WATSON PLC LTD,21068.0,100000.0,22046.0,105574.0,978.0,5574.0
G28302126,Sold Out,DRAGONEER GROWTH OPPORTUN CO,15925.0,1300000.0,,,,
90117G204,Sold Out,TWC TECH HLDGS II CORP,10130.0,1000000.0,,,,
156727109,New Holding,CERENCE INC,,,63724.0,634191.0,,
22788C105,Not New,CROWDSTRIKE HLDGS INC,26677.0,125941.0,38574.0,280903.0,11897.0,154962.0
05600U114,Sold Out,B RILEY PRIN MERGER CORP II,297.0,220000.0,,,,
78709Y105,Not New,SAIA INC,9717.0,53744.0,5908.0,46835.0,-3809.0,-6909.0
G51502105,Sold Out,JOHNSON CTLS INTL PLC,3158.0,77305.0,,,,
38141G104,New Holding,GOLDMAN SACHS GROUP INC,,,4574.0,17344.0,,
83417M104,Sold Out,SOLAREDGE TECHNOLOGIES INC,6035.0,25319.0,,,,
34431F112,Not New,FOLEY TRASIMENE ACQUISTN COR,843.0,333333.0,753.0,333333.0,-90.0,0.0
G03707125,New Holding,ALTIMAR ACQUISITION CORP,,,2412.0,200000.0,,
G31067120,New Holding,SCION TECH GROWTH I,,,6204.0,600000.0,,
34431F104,Not New,FOLEY TRASIMENE ACQUISTN COR,11180.0,1000000.0,10360.0,1000000.0,-820.0,0.0
55336V100,Not New,MPLX LP,19444.0,898084.0,18338.0,1165084.0,-1106.0,267000.0
35953D104,New Holding,FUBOTV INC,,,5336.0,190588.0,,
44487N208,New Holding,HUMANCO ACQUISITION CORP,,,4408.0,400000.0,,
G1355U121,New Holding,BRIDGETOWN HOLDINGS LTD,,,805.0,183333.0,,
337738108,Not New,FISERV INC,1084.0,9519.0,10730.0,104126.0,9646.0,94607.0
46428Q109,Sold Out,ISHARES SILVER TR,6016.0,278000.0,,,,
85521J117,New Holding,STARBOARD VALUE ACQUISITN CO,,,230.0,116666.0,,
778296103,New Holding,ROSS STORES INC,,,13342.0,108643.0,,
907818108,Not New,UNION PAC CORP,24253.0,116480.0,7316.0,37164.0,-16937.0,-79316.0
435063201,Sold Out,HOLICITY INC,5175.0,500000.0,,,,
594918104,Not New,MICROSOFT CORP,6944.0,31218.0,30130.0,143253.0,23186.0,112035.0
G7417R121,Sold Out,REDBALL ACQUISITION CORP,2643.0,250000.0,,,,
29415C119,New Holding,EOS ENERGY ENTERPRISES INC,,,1828.0,220000.0,,
688239201,New Holding,OSHKOSH CORP,,,5768.0,67015.0,,
146869102,New Holding,CARVANA CO,,,2156.0,9002.0,,
G8252P105,New Holding,SOCIAL CAPITAL HEDOSOPHA HLD,,,12440.0,1000000.0,,
778675108,New Holding,ROTH CH ACQUISITION I CO,,,3627.0,225000.0,,
84265V105,New Holding,SOUTHERN COPPER CORP,,,17908.0,275000.0,,
17144C112,Sold Out,CHURCHILL CAP CORP III,500.0,250000.0,,,,
596278101,New Holding,MIDDLEBY CORP,,,1498.0,11621.0,,
449109107,New Holding,HYLIION HOLDINGS CORP,,,2472.0,150000.0,,
83601L102,New Holding,SOTERA HEALTH CO,,,823.0,30000.0,,
98936J101,Not New,ZENDESK INC,5945.0,41537.0,7820.0,75984.0,1875.0,34447.0
81762P102,Not New,SERVICENOW INC,44783.0,81360.0,5299.0,10926.0,-39484.0,-70434.0
364760108,Sold Out,GAP INC,19207.0,1127844.0,,,,
552848103,Sold Out,MGIC INVT CORP WIS,7241.0,817223.0,,,,
379890106,New Holding,GLU MOBILE INC,,,676.0,75000.0,,
02156Y202,New Holding,ALTITUDE ACQUISITION CORP,,,5175.0,500000.0,,
94106B101,Sold Out,WASTE CONNECTIONS INC,4314.0,41563.0,,,,
058586108,Sold Out,BALLARD PWR SYS INC NEW,2106.0,139487.0,,,,
655844108,Not New,NORFOLK SOUTHN CORP,7128.0,30000.0,22522.0,105249.0,15394.0,75249.0
911363109,New Holding,UNITED RENTALS INC,,,5916.0,25510.0,,
595017104,Not New,MICROCHIP TECHNOLOGY INC.,14412.0,104349.0,17118.0,166578.0,2706.0,62229.0
62548M100,New Holding,MULTIPLAN CORPORATION,,,2397.0,300000.0,,
G05436129,Sold Out,ASPIRATIONAL CONSUMER LIFEST,5000.0,500000.0,,,,
609207105,Sold Out,MONDELEZ INTL INC,27906.0,485748.0,,,,
758075AD7,New Holding,REDWOOD TR INC,,,1895.0,2000000.0,,
91232N207,Sold Out,UNITED STS OIL FD LP,9902.0,350000.0,,,,
H1467J104,Not New,CHUBB LIMITED,31714.0,206042.0,26689.0,229844.0,-5025.0,23802.0
090672106,New Holding,BIOTELEMETRY INC,,,3604.0,50000.0,,
26873Y104,Not New,E MERGE TECHNOLOGY ACQUISITI,11046.0,1079742.0,12794.0,1307529.0,1748.0,227787.0
G8060N102,New Holding,SENSATA TECHNOLOGIES HLDG PL,,,4424.0,83887.0,,
89055F103,Not New,TOPBUILD CORP,4688.0,25465.0,6365.0,37290.0,1677.0,11825.0
81369Y100,New Holding,SELECT SECTOR SPDR TR,,,11148.0,154000.0,,
78462F103,Not New,SPDR S&P 500 ETF TR,467350.0,1250000.0,371125.0,1108200.0,-96225.0,-141800.0
337932107,Sold Out,FIRSTENERGY CORP,5742.0,200000.0,,,,
500255104,Not New,KOHLS CORP,7578.0,186244.0,5700.0,307594.0,-1878.0,121350.0
318085107,New Holding,FINSERV ACQUISITION CORP,,,4125.0,330000.0,,
512807108,New Holding,LAM RESEARCH CORP,,,12594.0,26666.0,,
00653Q102,New Holding,ADAPTHEALTH CORP,,,1878.0,50000.0,,
20825C104,New Holding,CONOCOPHILLIPS,,,7018.0,175487.0,,
G37288126,New Holding,FTAC OLYMPUS ACQUISITION COR,,,158.0,83333.0,,
548661107,Sold Out,LOWES COS INC,1648.0,9936.0,,,,
34407Y111,Sold Out,FLYING EAGLE ACQUISITION COR,408.0,125000.0,,,,
36258Q105,Not New,GS ACQUISITION HLDGS CORP II,7630.0,700000.0,7532.0,700000.0,-98.0,0.0
G0411R114,New Holding,APOLLO STRATEGIC GROWTH CAPT,,,157.0,83333.0,,
257559203,Sold Out,DOMTAR CORP,3473.0,132213.0,,,,
80706P103,Sold Out,SCHOLAR ROCK HLDG CORP,1769.0,100000.0,,,,
98850P109,New Holding,YUM CHINA HLDGS INC,,,543.0,9504.0,,
42226W208,New Holding,HEALTH ASSURN ACQUISITION CO,,,11020.0,1000000.0,,
30161Q104,Sold Out,EXELIXIS INC,6703.0,274170.0,,,,
G6095L109,Sold Out,APTIV PLC,5233.0,57075.0,,,,
12520T201,New Holding,CF ACQUISITION CORP IV,,,4116.0,400000.0,,
36165L108,Not New,GDS HLDGS LTD,14470.0,154531.0,30093.0,367750.0,15623.0,213219.0
G3166T111,Not New,CC NEUBERGER PRIN HLDGS II,425.0,250000.0,410.0,250000.0,-15.0,0.0
848577102,New Holding,SPIRIT AIRLS INC,,,2079.0,85020.0,,
03966V107,Sold Out,ARCONIC CORPORATION,1524.0,79979.0,,,,
024061103,Sold Out,AMERICAN AXLE & MFG HLDGS IN,1325.0,229700.0,,,,
G7000X121,New Holding,ONE,,,263.0,125000.0,,
G9879L121,Sold Out,YUCAIPA ACQUISITION CORP,5100.0,500000.0,,,,
636220303,New Holding,NATIONAL GEN HLDGS CORP,,,5298.0,155000.0,,
78667J108,Sold Out,SAGE THERAPEUTICS INC,10328.0,168975.0,,,,
962166104,New Holding,WEYERHAEUSER CO MTN BE,,,5938.0,177085.0,,
G00748114,New Holding,ACON S2 ACQUISITION CORP,,,420.0,250000.0,,
03272L108,Not New,ANAPLAN INC,2418.0,33655.0,984.0,15720.0,-1434.0,-17935.0
G06242104,New Holding,ATLASSIAN CORP PLC,,,9155.0,39144.0,,
268150109,Sold Out,DYNATRACE INC,5717.0,139380.0,,,,
37519D107,Not New,GIGCAPITAL3 INC,1977.0,150000.0,4975.0,500000.0,2998.0,350000.0
69349H107,New Holding,PNM RES INC,,,8007.0,165000.0,,
035710409,Sold Out,ANNALY CAPITAL MANAGEMENT IN,41604.0,5843228.0,,,,
23282W605,Sold Out,CYTOKINETICS INC,1083.0,50000.0,,,,
G0682V109,New Holding,AVANTI ACQUISITION CORP,,,10280.0,1000000.0,,
G9087Q102,New Holding,TRONOX HOLDINGS PLC,,,4755.0,325250.0,,
