CUSIP,status,NAME OF ISSUER,(x$1000)_old,PRN AMT_old,(x$1000),PRN AMT,(x$1000)_change,PRN AMT_change
04247X102,New Holding,ARMSTRONG WORLD INDS INC,,,397.0,5341.0,,
04247X102,New Holding,ARMSTRONG WORLD INDS INC,,,11380.0,152982.0,,
722304AC6,New Holding,PINDUODUO INC,,,48000.0,40000000.0,,
90184L102,Sold Out,TWITTER INC,795.0,17861.0,,,,
90184L102,Sold Out,TWITTER INC,20965.0,471122.0,,,,
058498106,Not New,BALL CORP,316.0,3387.0,646.0,7772.0,330.0,4385.0
058498106,Not New,BALL CORP,316.0,3387.0,16976.0,204231.0,16660.0,200844.0
058498106,Not New,BALL CORP,9342.0,100257.0,646.0,7772.0,-8696.0,-92485.0
058498106,Not New,BALL CORP,9342.0,100257.0,16976.0,204231.0,7634.0,103974.0
68213N109,New Holding,OMNICELL COM,,,141.0,1174.0,,
68213N109,New Holding,OMNICELL COM,,,4081.0,33999.0,,
023135106,Not New,AMAZON COM INC,563.0,173.0,856.0,272.0,293.0,99.0
023135106,Not New,AMAZON COM INC,563.0,173.0,21962.0,6975.0,21399.0,6802.0
023135106,Not New,AMAZON COM INC,16327.0,5013.0,856.0,272.0,-15471.0,-4741.0
023135106,Not New,AMAZON COM INC,16327.0,5013.0,21962.0,6975.0,5635.0,1962.0
46267XAD0,Not New,IQIYI INC,8917.0,10133000.0,9601.0,10133000.0,684.0,0.0
33829M101,Not New,FIVE BELOW INC,552.0,3152.0,551.0,4335.0,-1.0,1183.0
33829M101,Not New,FIVE BELOW INC,552.0,3152.0,14652.0,115369.0,14100.0,112217.0
33829M101,Not New,FIVE BELOW INC,15743.0,89969.0,551.0,4335.0,-15192.0,-85634.0
33829M101,Not New,FIVE BELOW INC,15743.0,89969.0,14652.0,115369.0,-1091.0,25400.0
G6461G106,Not New,NEW FRONTIER HEALTH CORP,11003.0,1279408.0,13356.0,1750405.0,2353.0,470997.0
886547108,Sold Out,TIFFANY & CO NEW,636.0,5490.0,,,,
886547108,Sold Out,TIFFANY & CO NEW,36206.0,312527.0,,,,
65342K105,Not New,NEXTDECADE CORP,113565.0,54337479.0,172462.0,57873196.0,58897.0,3535717.0
150185106,Not New,CEDAR FAIR L P,11368.0,288960.0,111.0,395000.0,-11257.0,106040.0
31847R102,Sold Out,FIRST AMERN FINL CORP,996.0,19556.0,,,,
31847R102,Sold Out,FIRST AMERN FINL CORP,26191.0,514459.0,,,,
585464100,Sold Out,MELCO RESORTS AND ENTMNT LTD,11109.0,667191.0,,,,
971378104,New Holding,WILLSCOT MOBIL MINI HLDNG CO,,,198.0,8528.0,,
971378104,New Holding,WILLSCOT MOBIL MINI HLDNG CO,,,5613.0,242265.0,,
512816109,New Holding,LAMAR ADVERTISING CO NEW,,,542.0,6509.0,,
512816109,New Holding,LAMAR ADVERTISING CO NEW,,,15465.0,185830.0,,
00162Q452,Sold Out,ALPS ETF TR,935.0,334000.0,,,,
02005N100,New Holding,ALLY FINL INC,,,482.0,13516.0,,
02005N100,New Holding,ALLY FINL INC,,,13780.0,386424.0,,
651639106,Sold Out,NEWMONT CORP,691.0,10897.0,,,,
651639106,Sold Out,NEWMONT CORP,18087.0,285052.0,,,,
98426TAF3,Sold Out,YY INC,26750.0,25000000.0,,,,
81141R100,New Holding,SEA LTD,,,1299.0,6527.0,,
147528103,Not New,CASEYS GEN STORES INC,743.0,4160.0,794.0,4468.0,51.0,308.0
147528103,Not New,CASEYS GEN STORES INC,743.0,4160.0,20780.0,116973.0,20037.0,112813.0
147528103,Not New,CASEYS GEN STORES INC,21331.0,119423.0,794.0,4468.0,-20537.0,-114955.0
147528103,Not New,CASEYS GEN STORES INC,21331.0,119423.0,20780.0,116973.0,-551.0,-2450.0
458140100,New Holding,INTEL CORP,,,14724.0,295536.0,,
62886E108,Sold Out,NCR CORP NEW,15052.0,679854.0,,,,
574599106,Sold Out,MASCO CORP,507.0,9193.0,,,,
574599106,Sold Out,MASCO CORP,13330.0,241785.0,,,,
452907108,Sold Out,IMMUNOMEDICS INC,959.0,11275.0,,,,
452907108,Sold Out,IMMUNOMEDICS INC,24761.0,291202.0,,,,
49639K101,Not New,KINGSOFT CLOUD HLDGS LTD,20616.0,473393.0,18456.0,625000.0,-2160.0,151607.0
46267XAB4,Sold Out,IQIYI INC,4993.0,4710000.0,,,,
109194100,Sold Out,BRIGHT HORIZONS FAM SOL IN D,452.0,2973.0,,,,
109194100,Sold Out,BRIGHT HORIZONS FAM SOL IN D,11943.0,78552.0,,,,
110122157,Sold Out,BRISTOL-MYERS SQUIBB CO,110.0,48758.0,,,,
110122157,Sold Out,BRISTOL-MYERS SQUIBB CO,3913.0,1738957.0,,,,
31428X106,Sold Out,FEDEX CORP,931.0,3702.0,,,,
31428X106,Sold Out,FEDEX CORP,24321.0,96698.0,,,,
29082A107,Sold Out,EMBRAER S.A.,5353.0,1213719.0,,,,
83001A102,Sold Out,SIX FLAGS ENTMT CORP NEW,11788.0,580673.0,,,,
18978W208,Not New,CM LIFE SCIENCES INC,8700.0,750000.0,15705.0,1500000.0,7005.0,750000.0
647581107,Not New,NEW ORIENTAL ED & TECHNOLOGY,21985.0,118320.0,20454.0,136818.0,-1531.0,18498.0
68902V107,Not New,OTIS WORLDWIDE CORP,307.0,4551.0,465.0,7442.0,158.0,2891.0
68902V107,Not New,OTIS WORLDWIDE CORP,307.0,4551.0,12191.0,195305.0,11884.0,190754.0
68902V107,Not New,OTIS WORLDWIDE CORP,8961.0,132662.0,465.0,7442.0,-8496.0,-125220.0
68902V107,Not New,OTIS WORLDWIDE CORP,8961.0,132662.0,12191.0,195305.0,3230.0,62643.0
70450Y103,Sold Out,PAYPAL HLDGS INC,1002.0,5083.0,,,,
70450Y103,Sold Out,PAYPAL HLDGS INC,26268.0,133320.0,,,,
009158106,New Holding,AIR PRODS & CHEMS INC,,,539.0,1974.0,,
009158106,New Holding,AIR PRODS & CHEMS INC,,,15477.0,56648.0,,
00724F101,Not New,ADOBE SYSTEMS INCORPORATED,455.0,909.0,883.0,1801.0,428.0,892.0
00724F101,Not New,ADOBE SYSTEMS INCORPORATED,455.0,909.0,22771.0,46431.0,22316.0,45522.0
00724F101,Not New,ADOBE SYSTEMS INCORPORATED,13056.0,26106.0,883.0,1801.0,-12173.0,-24305.0
00724F101,Not New,ADOBE SYSTEMS INCORPORATED,13056.0,26106.0,22771.0,46431.0,9715.0,20325.0
112585104,New Holding,BROOKFIELD ASSET MGMT INC,,,272.0,6598.0,,
112585104,New Holding,BROOKFIELD ASSET MGMT INC,,,7092.0,171836.0,,
G96629103,Not New,WILLIS TOWERS WATSON PLC LTD,2583.0,12262.0,2665.0,391263.0,82.0,379001.0
G96629103,Not New,WILLIS TOWERS WATSON PLC LTD,74566.0,353928.0,2665.0,391263.0,-71901.0,37335.0
01609W102,Not New,ALIBABA GROUP HLDG LTD,217.0,932.0,897.0,3050.0,680.0,2118.0
01609W102,Not New,ALIBABA GROUP HLDG LTD,217.0,932.0,23523.0,80015.0,23306.0,79083.0
01609W102,Not New,ALIBABA GROUP HLDG LTD,6231.0,26773.0,897.0,3050.0,-5334.0,-23723.0
01609W102,Not New,ALIBABA GROUP HLDG LTD,6231.0,26773.0,23523.0,80015.0,17292.0,53242.0
46090E103,Sold Out,INVESCO QQQ TR,44649.0,160700.0,,,,
89400J107,Not New,TRANSUNION,625.0,6304.0,316.0,3758.0,-309.0,-2546.0
89400J107,Not New,TRANSUNION,625.0,6304.0,8300.0,98659.0,7675.0,92355.0
89400J107,Not New,TRANSUNION,17959.0,181000.0,316.0,3758.0,-17643.0,-177242.0
89400J107,Not New,TRANSUNION,17959.0,181000.0,8300.0,98659.0,-9659.0,-82341.0
57636Q104,Not New,MASTERCARD INCORPORATED,802.0,2246.0,1260.0,3727.0,458.0,1481.0
57636Q104,Not New,MASTERCARD INCORPORATED,802.0,2246.0,33058.0,97757.0,32256.0,95511.0
57636Q104,Not New,MASTERCARD INCORPORATED,23045.0,64563.0,1260.0,3727.0,-21785.0,-60836.0
57636Q104,Not New,MASTERCARD INCORPORATED,23045.0,64563.0,33058.0,97757.0,10013.0,33194.0
65339F101,Not New,NEXTERA ENERGY INC,667.0,8648.0,971.0,3497.0,304.0,-5151.0
65339F101,Not New,NEXTERA ENERGY INC,667.0,8648.0,25453.0,91704.0,24786.0,83056.0
65339F101,Not New,NEXTERA ENERGY INC,19163.0,248389.0,971.0,3497.0,-18192.0,-244892.0
65339F101,Not New,NEXTERA ENERGY INC,19163.0,248389.0,25453.0,91704.0,6290.0,-156685.0
31620M106,Not New,FIDELITY NATL INFORMATION SV,630.0,4456.0,1356.0,9211.0,726.0,4755.0
31620M106,Not New,FIDELITY NATL INFORMATION SV,630.0,4456.0,35613.0,241919.0,34983.0,237463.0
31620M106,Not New,FIDELITY NATL INFORMATION SV,18114.0,128052.0,1356.0,9211.0,-16758.0,-118841.0
31620M106,Not New,FIDELITY NATL INFORMATION SV,18114.0,128052.0,35613.0,241919.0,17499.0,113867.0
05545E209,Sold Out,BHP GROUP PLC,2373.0,55630.0,,,,
05545E209,Sold Out,BHP GROUP PLC,105160.0,2465067.0,,,,
254687106,Sold Out,DISNEY WALT CO,665.0,5361.0,,,,
254687106,Sold Out,DISNEY WALT CO,43845.0,353362.0,,,,
884903709,Sold Out,THOMSON REUTERS CORP.,504.0,6319.0,,,,
884903709,Sold Out,THOMSON REUTERS CORP.,13190.0,165353.0,,,,
595112103,New Holding,MICRON TECHNOLOGY INC,,,14381.0,191286.0,,
29404K106,Not New,ENVESTNET INC,675.0,8201.0,975.0,12638.0,300.0,4437.0
29404K106,Not New,ENVESTNET INC,675.0,8201.0,25030.0,324391.0,24355.0,316190.0
29404K106,Not New,ENVESTNET INC,19396.0,235705.0,975.0,12638.0,-18421.0,-223067.0
29404K106,Not New,ENVESTNET INC,19396.0,235705.0,25030.0,324391.0,5634.0,88686.0
40416M105,Sold Out,HD SUPPLY HLDGS INC,859.0,20833.0,,,,
40416M105,Sold Out,HD SUPPLY HLDGS INC,22561.0,547061.0,,,,
90138F102,Not New,TWILIO INC,314.0,928.0,317.0,1284.0,3.0,356.0
90138F102,Not New,TWILIO INC,314.0,928.0,8338.0,33746.0,8024.0,32818.0
90138F102,Not New,TWILIO INC,9002.0,26595.0,317.0,1284.0,-8685.0,-25311.0
90138F102,Not New,TWILIO INC,9002.0,26595.0,8338.0,33746.0,-664.0,7151.0
778296103,New Holding,ROSS STORES INC,,,429.0,3490.0,,
778296103,New Holding,ROSS STORES INC,,,12308.0,100218.0,,
907818108,New Holding,UNION PAC CORP,,,437.0,2099.0,,
907818108,New Holding,UNION PAC CORP,,,12576.0,60400.0,,
101137107,Not New,BOSTON SCIENTIFIC CORP,883.0,24565.0,943.0,24672.0,60.0,107.0
101137107,Not New,BOSTON SCIENTIFIC CORP,883.0,24565.0,24734.0,647315.0,23851.0,622750.0
101137107,Not New,BOSTON SCIENTIFIC CORP,25315.0,704169.0,943.0,24672.0,-24372.0,-679497.0
101137107,Not New,BOSTON SCIENTIFIC CORP,25315.0,704169.0,24734.0,647315.0,-581.0,-56854.0
594918104,Not New,MICROSOFT CORP,715.0,3215.0,1263.0,6006.0,548.0,2791.0
594918104,Not New,MICROSOFT CORP,715.0,3215.0,32775.0,155825.0,32060.0,152610.0
594918104,Not New,MICROSOFT CORP,20512.0,92224.0,1263.0,6006.0,-19249.0,-86218.0
594918104,Not New,MICROSOFT CORP,20512.0,92224.0,32775.0,155825.0,12263.0,63601.0
12572Q105,New Holding,CME GROUP INC,,,596.0,3272.0,,
12572Q105,New Holding,CME GROUP INC,,,17094.0,93897.0,,
46591M109,Not New,JOYY INC,35369.0,442222.0,149.0,1843.0,-35220.0,-440379.0
46591M109,Not New,JOYY INC,35369.0,442222.0,17036.0,211179.0,-18333.0,-231043.0
47215P106,Not New,JD.COM INC,403.0,4586.0,1265.0,16294.0,862.0,11708.0
47215P106,Not New,JD.COM INC,403.0,4586.0,75863.0,977493.0,75460.0,972907.0
47215P106,Not New,JD.COM INC,30009.0,341396.0,1265.0,16294.0,-28744.0,-325102.0
47215P106,Not New,JD.COM INC,30009.0,341396.0,75863.0,977493.0,45854.0,636097.0
G47567105,New Holding,IHS MARKIT LTD,,,17316.0,192764.0,,
G21515104,Not New,CHINA BIOLOGIC PRODS HLDGS I,35749.0,302675.0,1296.0,11658.0,-34453.0,-291017.0
G21515104,Not New,CHINA BIOLOGIC PRODS HLDGS I,35749.0,302675.0,160065.0,1440212.0,124316.0,1137537.0
013091103,Sold Out,ALBERTSONS COS INC,2597.0,187500.0,,,,
958102105,New Holding,WESTERN DIGITAL CORP.,,,15570.0,281103.0,,
78462F103,Sold Out,SPDR S&P 500 ETF TR,43402.0,129600.0,,,,
60879BAB3,Not New,MOMO INC,13358.0,15950000.0,5772.0,7400000.0,-7586.0,-8550000.0
872540109,Not New,TJX COS INC NEW,774.0,11339.0,1012.0,18178.0,238.0,6839.0
872540109,Not New,TJX COS INC NEW,774.0,11339.0,26467.0,475590.0,25693.0,464251.0
872540109,Not New,TJX COS INC NEW,22237.0,325629.0,1012.0,18178.0,-21225.0,-307451.0
872540109,Not New,TJX COS INC NEW,22237.0,325629.0,26467.0,475590.0,4230.0,149961.0
191216100,Not New,COCA COLA CO,625.0,11397.0,974.0,19735.0,349.0,8338.0
191216100,Not New,COCA COLA CO,625.0,11397.0,25556.0,517635.0,24931.0,506238.0
191216100,Not New,COCA COLA CO,625.0,11397.0,44.0,900.0,-581.0,-10497.0
191216100,Not New,COCA COLA CO,625.0,11397.0,548.0,11100.0,-77.0,-297.0
191216100,Not New,COCA COLA CO,625.0,11397.0,14327.0,290200.0,13702.0,278803.0
191216100,Not New,COCA COLA CO,17708.0,322902.0,974.0,19735.0,-16734.0,-303167.0
191216100,Not New,COCA COLA CO,17708.0,322902.0,25556.0,517635.0,7848.0,194733.0
191216100,Not New,COCA COLA CO,17708.0,322902.0,44.0,900.0,-17664.0,-322002.0
191216100,Not New,COCA COLA CO,17708.0,322902.0,548.0,11100.0,-17160.0,-311802.0
191216100,Not New,COCA COLA CO,17708.0,322902.0,14327.0,290200.0,-3381.0,-32702.0
46266C105,Not New,IQVIA HLDGS INC,315.0,1760.0,754.0,4782.0,439.0,3022.0
46266C105,Not New,IQVIA HLDGS INC,315.0,1760.0,19859.0,125986.0,19544.0,124226.0
46266C105,Not New,IQVIA HLDGS INC,9326.0,52052.0,754.0,4782.0,-8572.0,-47270.0
46266C105,Not New,IQVIA HLDGS INC,9326.0,52052.0,19859.0,125986.0,10533.0,73934.0
98850P109,Sold Out,YUM CHINA HLDGS INC,1504.0,28411.0,,,,
256163106,New Holding,DOCUSIGN INC,,,522.0,2348.0,,
256163106,New Holding,DOCUSIGN INC,,,14973.0,67356.0,,
65341B106,Not New,NEXTERA ENERGY PARTNERS LP,502.0,7483.0,1105.0,18424.0,603.0,10941.0
65341B106,Not New,NEXTERA ENERGY PARTNERS LP,502.0,7483.0,29014.0,483883.0,28512.0,476400.0
65341B106,Not New,NEXTERA ENERGY PARTNERS LP,14452.0,215545.0,1105.0,18424.0,-13347.0,-197121.0
65341B106,Not New,NEXTERA ENERGY PARTNERS LP,14452.0,215545.0,29014.0,483883.0,14562.0,268338.0
874080104,Not New,TAL EDUCATION GROUP,18454.0,258066.0,16792.0,220826.0,-1662.0,-37240.0
G6095L109,Sold Out,APTIV PLC,5703.0,62206.0,,,,
30303M102,Sold Out,FACEBOOK INC,574.0,2192.0,,,,
30303M102,Sold Out,FACEBOOK INC,15133.0,57782.0,,,,
36165L108,Not New,GDS HLDGS LTD,22846.0,243977.0,21753.0,265827.0,-1093.0,21850.0
03852U106,Not New,ARAMARK,108.0,2810.0,886.0,33501.0,778.0,30691.0
03852U106,Not New,ARAMARK,108.0,2810.0,23368.0,883494.0,23260.0,880684.0
03852U106,Not New,ARAMARK,3086.0,80193.0,886.0,33501.0,-2200.0,-46692.0
03852U106,Not New,ARAMARK,3086.0,80193.0,23368.0,883494.0,20282.0,803301.0
517834107,Sold Out,LAS VEGAS SANDS CORP,127.0,2723.0,,,,
517834107,Sold Out,LAS VEGAS SANDS CORP,3325.0,71263.0,,,,
00766T100,Sold Out,AECOM,423.0,10102.0,,,,
00766T100,Sold Out,AECOM,10252.0,245037.0,,,,
21871D103,Sold Out,CORELOGIC INC,2423.0,35809.0,,,,
21871D103,Sold Out,CORELOGIC INC,62635.0,925589.0,,,,
21871D103,Sold Out,CORELOGIC INC,1511.0,22336.0,,,,
21871D103,Sold Out,CORELOGIC INC,34377.0,508009.0,,,,
69349H107,New Holding,PNM RES INC,,,690.0,14225.0,,
69349H107,New Holding,PNM RES INC,,,19788.0,407738.0,,
60937P106,Sold Out,MONGODB INC,1166.0,5036.0,,,,
60937P106,Sold Out,MONGODB INC,30746.0,132807.0,,,,
78468R556,Sold Out,SPDR SER TR,18932.0,150000.0,,,,
