CUSIP,status,NAME OF ISSUER,(x$1000)_old,PRN AMT_old,(x$1000),PRN AMT,(x$1000)_change,PRN AMT_change
650111107,New Holding,New York Times Co,,,26566.0,513150.0,,
68404L201,New Holding,Option Care Health Inc,,,6083.0,388915.0,,
92189F106,Sold Out,Vaneck Vectors Etf Tr,70834.0,1808825.0,,,,
98138H101,Not New,Workday Inc,28533.0,119082.0,50791.0,236095.0,22258.0,117013.0
G5494J103,New Holding,Linde Plc,,,38123.0,144675.0,,
00288U106,New Holding,Abcellera Biologics Inc,,,26548.0,659750.0,,
023135106,Not New,Amazon Com Inc,269521.0,82753.0,273048.0,86717.0,3527.0,3964.0
231021106,New Holding,Cummins Inc,,,49808.0,219320.0,,
912008109,New Holding,Us Foods Hldg Corp,,,5236.0,157200.0,,
02079K305,Not New,Alphabet Inc,33342.0,19024.0,60355.0,41181.0,27013.0,22157.0
013872106,New Holding,Alcoa Corp,,,25401.0,1102000.0,,
95058W100,Sold Out,Wendys Co,26086.0,1170047.0,,,,
835699307,Sold Out,Sony Corp,12843.0,167335.0,,,,
07725L102,Sold Out,Beigene Ltd,8887.0,31025.0,,,,
872590104,Not New,T-Mobile Us Inc,315358.0,2338580.0,228048.0,1994124.0,-87310.0,-344456.0
35671D857,Not New,Freeport-Mcmoran Inc,163520.0,6284379.0,98820.0,6318400.0,-64700.0,34021.0
81141R100,Not New,Sea Ltd,152216.0,764714.0,151126.0,981083.0,-1090.0,216369.0
02043Q107,Sold Out,Alnylam Pharmaceuticals Inc,53642.0,368419.0,,,,
67020Y100,Not New,Nuance Communications Inc,128369.0,2911525.0,96634.0,2911525.0,-31735.0,0.0
697435105,Not New,Palo Alto Networks Inc,163145.0,459060.0,20143.0,82300.0,-143002.0,-376760.0
136385101,New Holding,Canadian Nat Res Ltd,,,9897.0,411525.0,,
526057104,Sold Out,Lennar Corp,15100.0,184872.0,,,,
143658300,Not New,Carnival Corp,57278.0,2644400.0,30398.0,2002500.0,-26880.0,-641900.0
143658300,Not New,Carnival Corp,57278.0,2644400.0,27599.0,1818100.0,-29679.0,-826300.0
78781P105,New Holding,Sailpoint Technologies Hldgs,,,4685.0,88005.0,,
032654105,Not New,Analog Devices Inc,31515.0,213328.0,14886.0,127511.0,-16629.0,-85817.0
75615P103,Not New,Reata Pharmaceuticals Inc,92702.0,749897.0,52987.0,543901.0,-39715.0,-205996.0
64110L106,Sold Out,Netflix Inc,139194.0,278372.0,,,,
538034109,Not New,Live Nation Entertainment In,15750.0,214350.0,26380.0,489607.0,10630.0,275257.0
23331A109,Sold Out,D R Horton Inc,3515.0,46470.0,,,,
902973304,Sold Out,Us Bancorp Del,13031.0,363500.0,,,,
531229854,New Holding,Liberty Media Corp Del,,,20695.0,485800.0,,
855244109,Not New,Starbucks Corp,211510.0,1977100.0,125624.0,1462100.0,-85886.0,-515000.0
92343V104,Sold Out,Verizon Communications Inc,33757.0,567443.0,,,,
90353T100,Not New,Uber Technologies Inc,16405.0,321675.0,9902.0,271444.0,-6503.0,-50231.0
46625H100,Sold Out,Jpmorgan Chase & Co,9450.0,98165.0,,,,
87165B103,Sold Out,Synchrony Financial,23125.0,883630.0,,,,
28414H103,New Holding,Elanco Animal Health Inc,,,19137.0,623975.0,,
70450Y103,Not New,Paypal Hldgs Inc,15735.0,67188.0,27847.0,141333.0,12112.0,74145.0
30212P303,Not New,Expedia Group Inc,35788.0,270299.0,29000.0,316278.0,-6788.0,45979.0
G04553106,Not New,Arco Platform Ltd Com,8392.0,236460.0,3458.0,84675.0,-4934.0,-151785.0
75886F107,Sold Out,Regeneron Pharmaceuticals,19918.0,35582.0,,,,
25470M109,Not New,Dish Network Corporation,12147.0,375600.0,11399.0,392679.0,-748.0,17079.0
01609W102,Sold Out,Alibaba Group Hldg Ltd,160441.0,545755.0,,,,
04271T100,New Holding,Array Technologies Inc,,,22357.0,518250.0,,
22788C105,New Holding,Crowdstrike Hldgs Inc,,,16586.0,78304.0,,
65339F101,Not New,Nextera Energy Inc,60162.0,779800.0,59921.0,215884.0,-241.0,-563916.0
747525103,Sold Out,Qualcomm Inc,9717.0,82569.0,,,,
878742204,Not New,Teck Resources Ltd,59448.0,3275350.0,9204.0,661200.0,-50244.0,-2614150.0
31620M106,Sold Out,Fidelity Natl Information Sv,46791.0,317851.0,,,,
M2682V108,New Holding,Cyberark Software Ltd,,,13568.0,83965.0,,
09857L108,Sold Out,Booking Holdings Inc,29578.0,17290.0,,,,
254687106,Not New,Disney Walt Co,123988.0,684335.0,17781.0,143300.0,-106207.0,-541035.0
254687106,Not New,Disney Walt Co,123988.0,684335.0,3710.0,29900.0,-120278.0,-654435.0
988498101,Sold Out,Yum Brands Inc,13798.0,151124.0,,,,
81369Y704,Sold Out,Select Sector Spdr Tr,50037.0,650000.0,,,,
594918104,Not New,Microsoft Corp,586760.0,2638074.0,556455.0,2645630.0,-30305.0,7556.0
91912E105,New Holding,Vale S A,,,11581.0,691012.0,,
067901108,Not New,Barrick Gold Corp,82164.0,3606850.0,136422.0,4853153.0,54258.0,1246303.0
146869102,Not New,Carvana Co,116412.0,485981.0,20503.0,91916.0,-95909.0,-394065.0
47215P106,Not New,Jd.Com Inc,18047.0,205313.0,118118.0,1521943.0,100071.0,1316630.0
31188V100,Not New,Fastly Inc,13724.0,157078.0,16904.0,180442.0,3180.0,23364.0
09061G101,Not New,Biomarin Pharmaceutical Inc,16898.0,192700.0,14661.0,192700.0,-2237.0,0.0
86771W105,New Holding,Sunrun Inc,,,45897.0,661535.0,,
83200N103,Not New,Smartsheet Inc,27880.0,402361.0,52902.0,1070448.0,25022.0,668087.0
92189F676,New Holding,Vaneck Vectors Etf Tr,,,27062.0,123900.0,,
369604103,Not New,General Electric Co,47258.0,4375778.0,27261.0,4375778.0,-19997.0,0.0
369604103,Not New,General Electric Co,47258.0,4375778.0,2621.0,420700.0,-44637.0,-3955078.0
369604103,Not New,General Electric Co,4544.0,420700.0,27261.0,4375778.0,22717.0,3955078.0
369604103,Not New,General Electric Co,4544.0,420700.0,2621.0,420700.0,-1923.0,0.0
46266C105,Not New,Iqvia Hldgs Inc,36188.0,201977.0,11304.0,71710.0,-24884.0,-130267.0
874080104,Sold Out,Tal Education Group,23747.0,312300.0,,,,
42809H107,New Holding,Hess Corp,,,8805.0,166800.0,,
30303M102,Sold Out,Facebook Inc,54448.0,207895.0,,,,
336433107,New Holding,First Solar Inc,,,22851.0,231000.0,,
707569109,Not New,Penn Natl Gaming Inc,131067.0,1517501.0,137585.0,1892501.0,6518.0,375000.0
18915M107,Not New,Cloudflare Inc,60097.0,790848.0,10533.0,256535.0,-49564.0,-534313.0
Y2573F102,Not New,Flex Ltd,31167.0,1733430.0,7923.0,711240.0,-23244.0,-1022190.0
58733R102,Not New,Mercadolibre Inc,106003.0,63277.0,76987.0,71121.0,-29016.0,7844.0
98887Q104,Sold Out,Zai Lab Ltd,1711.0,20570.0,,,,
517834107,Sold Out,Las Vegas Sands Corp,3635.0,77901.0,,,,
922107107,Not New,Vapotherm Inc,2086.0,77660.0,2252.0,77660.0,166.0,0.0
233051879,New Holding,Dbx Etf Tr,,,36691.0,915910.0,,
