CUSIP,status,NAME OF ISSUER,(x$1000)_old,PRN AMT_old,(x$1000),PRN AMT,(x$1000)_change,PRN AMT_change
233331842,Sold Out,DTE ENERGY CO,769.0,17038.0,,,,
665742110,New Holding,NORTHERN STAR ACQUISITION CO,,,722.0,200000.0,,
639358209,Not New,NAVSIGHT HLDGS INC,5150.0,500000.0,5030.0,500000.0,-120.0,0.0
V7780T103,Not New,ROYAL CARIBBEAN GROUP,986.0,13200.0,854.0,13200.0,-132.0,0.0
V7780T103,Not New,ROYAL CARIBBEAN GROUP,986.0,13200.0,854.0,13200.0,-132.0,0.0
V7780T103,Not New,ROYAL CARIBBEAN GROUP,986.0,13200.0,854.0,13200.0,-132.0,0.0
V7780T103,Not New,ROYAL CARIBBEAN GROUP,986.0,13200.0,854.0,13200.0,-132.0,0.0
464287655,Not New,ISHARES TR,872.0,4450.0,7130.0,47600.0,6258.0,43150.0
464287655,Not New,ISHARES TR,872.0,4450.0,11234.0,75000.0,10362.0,70550.0
464287655,Not New,ISHARES TR,26958.0,137500.0,7130.0,47600.0,-19828.0,-89900.0
464287655,Not New,ISHARES TR,26958.0,137500.0,11234.0,75000.0,-15724.0,-62500.0
G2425N121,New Holding,CORNER GROWTH ACQUISITION CO,,,13585.0,1300000.0,,
G79448208,Not New,SCVX CORP,515.0,50000.0,500.0,50000.0,-15.0,0.0
06738E204,New Holding,BARCLAYS PLC,,,4300.0,538214.0,,
12558Y205,Not New,CHP MERGER CORP,12688.0,1201500.0,12640.0,1201500.0,-48.0,0.0
171439102,New Holding,CHURCHILL CAPITAL CORP IV,,,10010.0,1000000.0,,
233253103,Sold Out,DMY TECHNOLOGY GROUP INC,5423.0,425000.0,,,,
89154L118,Sold Out,TORTOISE ACQUISITION CORP,10200.0,400000.0,,,,
782011100,New Holding,RUSH STREET INTERACTIVE INC,,,16995.0,785000.0,,
66516T104,New Holding,NORTHERN GENESIS ACQUISITION,,,2667.0,150000.0,,
03768F102,Not New,APEX TECHNOLOGY ACQUISITION,3753.0,250000.0,11660.0,1100000.0,7907.0,850000.0
G46049105,New Holding,HORIZON ACQUISITION CORP,,,2756.0,275000.0,,
233253202,Sold Out,DMY TECHNOLOGY GROUP INC,10290.0,735000.0,,,,
42589C104,Sold Out,HENNESSY CAP ACQUSTION CORP,2476.0,222291.0,,,,
46435U853,New Holding,ISHARES TR,,,35406.0,858113.0,,
464287184,Sold Out,ISHARES TR,9240.0,220000.0,,,,
464287184,Sold Out,ISHARES TR,341.0,8118.0,,,,
464287184,Sold Out,ISHARES TR,1260.0,30000.0,,,,
G79448109,Not New,SCVX CORP,5313.0,469800.0,5050.0,469800.0,-263.0,0.0
88160R101,Sold Out,TESLA INC,2503.0,5834.0,,,,
92189F114,Not New,VANECK VECTORS ETF TR,577.0,8241.0,351.0,5705.0,-226.0,-2536.0
090040AB2,Not New,BILIBILI INC,12330.0,3497000.0,12387.0,7000000.0,57.0,3503000.0
816851109,Sold Out,SEMPRA ENERGY,720.0,6080.0,,,,
33813J106,New Holding,FISKER INC,,,1465.0,100000.0,,
46137V407,Not New,INVESCO EXCHANGE TRADED FD T,706.0,9394.0,418.0,7139.0,-288.0,-2255.0
81369Y506,New Holding,SELECT SECTOR SPDR TR,,,94586.0,2495665.0,,
81369Y506,New Holding,SELECT SECTOR SPDR TR,,,32215.0,850000.0,,
81369Y506,New Holding,SELECT SECTOR SPDR TR,,,83380.0,2200000.0,,
318085115,Not New,FINSERV ACQUISITION CORP,349.0,100000.0,100.0,100000.0,-249.0,0.0
G6461G114,Not New,NEW FRONTIER HEALTH CORP,1228.0,563480.0,2413.0,1371071.0,1185.0,807591.0
G0411R122,New Holding,APOLLO STRATEGIC GROWTH CAPT,,,8198.0,750000.0,,
11135F101,Sold Out,BROADCOM INC,550.0,1510.0,,,,
265334201,New Holding,DUNE ACQUISITION CORP,,,5125.0,500000.0,,
46138J874,New Holding,INVESCO EXCH TRD SLF IDX FD,,,8471.0,362919.0,,
37954Y871,Not New,GLOBAL X FDS,598.0,39030.0,202.0,18144.0,-396.0,-20886.0
36258Q113,New Holding,GS ACQUISITION HLDGS CORP II,,,365.0,142700.0,,
338307101,Sold Out,FIVE9 INC,629.0,4847.0,,,,
443761101,New Holding,HUDSON EXECUTIVE INVT CORP,,,1081.0,100000.0,,
G1739V118,Not New,BROADSTONE ACQUISITION CORP,1574.0,150000.0,1496.0,150000.0,-78.0,0.0
075887109,Not New,BECTON DICKINSON & CO,6117.0,24446.0,3906.0,16789.0,-2211.0,-7657.0
143658300,Not New,CARNIVAL CORP,1159.0,53500.0,2558.0,168500.0,1399.0,115000.0
143658300,Not New,CARNIVAL CORP,1159.0,53500.0,853.0,56200.0,-306.0,2700.0
22564L105,Not New,CRESCENT ACQUISITION CORP,6859.0,656410.0,6206.0,618177.0,-653.0,-38233.0
846784106,Sold Out,SPARTAN ENERGY ACQUISITION C,2991.0,207454.0,,,,
46138E545,Not New,INVESCO EXCH TRADED FD TR II,340.0,10114.0,311.0,11066.0,-29.0,952.0
049430119,Sold Out,ATLAS TECHNICAL CONSULTANTS,4949.0,8870000.0,,,,
382865103,Sold Out,GORES HLDGS IV INC,10310.0,1000000.0,,,,
23331A109,New Holding,D R HORTON INC,,,930.0,13500.0,,
G66721104,Not New,NORWEGIAN CRUISE LINE HLDG L,1709.0,67200.0,1663.0,97200.0,-46.0,30000.0
G66721104,Not New,NORWEGIAN CRUISE LINE HLDG L,2472.0,97200.0,1663.0,97200.0,-809.0,0.0
G46044122,New Holding,HORIZON ACQUISITION CORPORAT,,,10740.0,1000000.0,,
733245104,New Holding,PORCH GROUP INC,,,4332.0,303540.0,,
G8708A108,Sold Out,TENZING ACQUISITION CORP,623.0,1220600.0,,,,
855185203,Not New,STAR PEAK ENERGY TRANSITION,11110.0,500000.0,5125.0,500000.0,-5985.0,0.0
G7483N111,Not New,REINVENT TECHNOLOGY PARTNERS,3675.0,300000.0,3447.0,300000.0,-228.0,0.0
75605A702,Sold Out,REALITY SHS ETF TR,424.0,12397.0,,,,
829658202,New Holding,SIREN ETF TR,,,815.0,20000.0,,
18978W208,Not New,CM LIFE SCIENCES INC,29000.0,2500000.0,26175.0,2500000.0,-2825.0,0.0
51602UAC2,New Holding,LANNETT CO INC,,,2847.0,4500000.0,,
912909AT5,New Holding,UNITED STATES STL CORP NEW,,,19047.0,12650000.0,,
163092109,Sold Out,CHEGG INC,715.0,10006.0,,,,
G76083115,New Holding,RMG ACQUISITION CORP II,,,13380.0,1200000.0,,
844741108,Sold Out,SOUTHWEST AIRLS CO,7191.0,191754.0,,,,
G8251K107,Sold Out,SOCIAL CAP HEDSPIA HLDG CO I,16500.0,1324235.0,,,,
G78516401,Not New,SC HEALTH CORP,25.0,18420.0,21.0,18420.0,-4.0,0.0
46064A202,Not New,INTERPRIVATE ACQUISITION COR,5498.0,331188.0,2327.0,225000.0,-3171.0,-106188.0
443761200,Not New,HUDSON EXECUTIVE INVT CORP,2876.0,252289.0,867.0,83350.0,-2009.0,-168939.0
G49392122,New Holding,ION ACQUISITION CORP 1 LTD,,,3322.0,275000.0,,
566330106,Sold Out,MARCUS CORP DEL,369.0,47700.0,,,,
00214Q401,New Holding,ARK ETF TR,,,201.0,1374.0,,
61980M206,New Holding,MOTION ACQUISITION CORP,,,4248.0,400000.0,,
40131M109,New Holding,GUARDANT HEALTH INC,,,363.0,2813.0,,
87403Q201,Not New,TAILWIND ACQUISITION CORP,3234.0,300000.0,3015.0,300000.0,-219.0,0.0
48205G114,Not New,JUNIPER INDL HLDGS INC,1049.0,569921.0,723.0,417942.0,-326.0,-151979.0
83304A106,Sold Out,SNAP INC,1718.0,65800.0,,,,
04316G204,Not New,ARTIUS ACQUISITION INC,32607.0,2900973.0,25715.0,2475000.0,-6892.0,-425973.0
12558Y114,Not New,CHP MERGER CORP,1854.0,1426157.0,1711.0,1426157.0,-143.0,0.0
G1702T124,New Holding,BURGUNDY TECHNOLOGY ACQU COR,,,950.0,500000.0,,
G1611B115,Not New,BROOGE ENERGY LTD,5968.0,9625540.0,4726.0,9452704.0,-1242.0,-172836.0
344328109,New Holding,FOLEY TRASIMENE ACQUISITION,,,18875.0,1250000.0,,
98986T108,New Holding,ZYNGA INC,,,2902.0,294000.0,,
H42097107,Sold Out,UBS GROUP AG,3345.0,300000.0,,,,
55616P104,Sold Out,MACYS INC,143.0,25000.0,,,,
92189H300,New Holding,VANECK VECTORS ETF TR,,,16096.0,483805.0,,
G61074111,Not New,PRIME IMPACT ACQUISITION I,4244.0,400000.0,4008.0,400000.0,-236.0,0.0
G9446E121,New Holding,VG ACQUISITION CORP,,,18000.0,1500000.0,,
12572Q105,Not New,CME GROUP INC,5234.0,28750.0,4810.0,28750.0,-424.0,0.0
36831E116,New Holding,GCM GROSVENOR INC,,,9457.0,5264314.0,,
G71716123,New Holding,POPULATION HEALTH INVS CO IN,,,2090.0,200000.0,,
464286400,Not New,ISHARES INC,8063.0,217500.0,4149.0,150000.0,-3914.0,-67500.0
464286400,Not New,ISHARES INC,40036.0,1080000.0,4149.0,150000.0,-35887.0,-930000.0
143636207,New Holding,CARNEY TECHNOLOGY ACQU CORP,,,15390.0,1500000.0,,
18716C209,Not New,CLIMATE CHANGE CRISIS REAL I,2138.0,200000.0,2513.0,250000.0,375.0,50000.0
G6455A107,Sold Out,NETFIN ACQUISITION CORP,7994.0,770850.0,,,,
86771W105,Sold Out,SUNRUN INC,432.0,5604.0,,,,
G2445M129,New Holding,CONSONANCE HFW ACQUISITION C,,,1571.0,150000.0,,
G3166W106,Not New,ARYA SCIENCES ACQUISITION CO,8409.0,775000.0,7068.0,653550.0,-1341.0,-121450.0
15912K209,Not New,CHANGE HEALTHCARE INC,1883.0,29388.0,654.0,12248.0,-1229.0,-17140.0
78464A698,Sold Out,SPDR SER TR,17840.0,500000.0,,,,
30607B208,Not New,FALCON MINERALS CORP,555.0,3806877.0,305.0,3806877.0,-250.0,0.0
464288174,New Holding,ISHARES TR,,,319.0,4008.0,,
457867117,Sold Out,INSURANCE ACQUISITION CORP,716.0,258434.0,,,,
74348Q116,New Holding,PROPERTY SOLUTIONS ACQUISITI,,,2807.0,2673691.0,,
29670G201,Not New,ESSENTIAL UTILS INC,322.0,5292.0,8220.0,153636.0,7898.0,148344.0
G21515104,Sold Out,CHINA BIOLOGIC PRODS HLDGS I,5001.0,45000.0,,,,
03768F201,Sold Out,APEX TECHNOLOGY ACQUISITION,9440.0,800000.0,,,,
382872109,Sold Out,GORES METROPOULOS INC,3998.0,350099.0,,,,
46138E263,Not New,INVESCO EXCH TRADED FD TR II,994.0,21230.0,689.0,16657.0,-305.0,-4573.0
00430HAB8,Not New,ACCELERATE DIAGNOSTICS INC,571.0,1000000.0,644.0,1000000.0,73.0,0.0
37954Y855,Not New,GLOBAL X FDS,268.0,4333.0,317.0,7911.0,49.0,3578.0
02376RAF9,Not New,AMERICAN AIRLS GROUP INC,36573.0,29000000.0,29650.0,32165000.0,-6923.0,3165000.0
17144T206,New Holding,CHURCHILL CAPITAL CORP V,,,18375.0,1750000.0,,
81369Y605,Not New,SELECT SECTOR SPDR TR,79735.0,2704700.0,3611.0,150000.0,-76124.0,-2554700.0
81369Y605,Not New,SELECT SECTOR SPDR TR,79735.0,2704700.0,23709.0,985011.0,-56026.0,-1719689.0
48242A120,Sold Out,KBL MERGER CORP IV,29.0,144668.0,,,,
G8136L114,Not New,SILVER SPIKE ACQUISITION COR,819.0,250000.0,152.0,250000.0,-667.0,0.0
39813G117,Sold Out,GRID DYNAMICS HLDGS INC,4815.0,2704887.0,,,,
03938L203,Sold Out,ARCELORMITTAL SA LUXEMBOURG,1911.0,144251.0,,,,
464287234,Not New,ISHARES TR,6618.0,128080.0,10582.0,240000.0,3964.0,111920.0
464287234,Not New,ISHARES TR,6618.0,128080.0,1323.0,30000.0,-5295.0,-98080.0
464287234,Not New,ISHARES TR,6618.0,128080.0,85535.0,1940000.0,78917.0,1811920.0
464287234,Not New,ISHARES TR,95641.0,1851000.0,10582.0,240000.0,-85059.0,-1611000.0
464287234,Not New,ISHARES TR,95641.0,1851000.0,1323.0,30000.0,-94318.0,-1821000.0
464287234,Not New,ISHARES TR,95641.0,1851000.0,85535.0,1940000.0,-10106.0,89000.0
464287234,Not New,ISHARES TR,7751.0,150000.0,10582.0,240000.0,2831.0,90000.0
464287234,Not New,ISHARES TR,7751.0,150000.0,1323.0,30000.0,-6428.0,-120000.0
464287234,Not New,ISHARES TR,7751.0,150000.0,85535.0,1940000.0,77784.0,1790000.0
G8990Y111,New Holding,TPG PACE TECH OPPORTUNITIES,,,5680.0,500000.0,,
90070A111,Not New,TUSCAN HLDGS CORP II,747.0,312500.0,141.0,312500.0,-606.0,0.0
30303M102,Sold Out,FACEBOOK INC,15714.0,60000.0,,,,
89628U108,Sold Out,TRINE ACQUISITION CORP,2789.0,258233.0,,,,
Y8564M105,Sold Out,TEEKAY LNG PARTNERS L P,683.0,65000.0,,,,
18915M107,Not New,CLOUDFLARE INC,3427.0,45100.0,1548.0,37700.0,-1879.0,-7400.0
58733R102,Sold Out,MERCADOLIBRE INC,261.0,241.0,,,,
233277201,Sold Out,DMY TECHNOLOGY GROUP INC II,10230.0,1000000.0,,,,
26484T106,Not New,DUN & BRADSTREET HLDGS INC,56591.0,2272727.0,58318.0,2272727.0,1727.0,0.0
550424113,New Holding,LUMINAR TECHNOLOGIES INC,,,4509.0,262602.0,,
81723H207,New Holding,SENIOR CONNECT ACQUISITN COR,,,8747.0,850000.0,,
85236Q109,New Holding,STABLE RD ACQUISITION CORP,,,3392.0,188878.0,,
90070A103,New Holding,TUSCAN HLDGS CORP II,,,1181.0,107301.0,,
G44690116,New Holding,HIGHLAND TRANSCEND PARTNERS,,,18900.0,1800000.0,,
92189F106,New Holding,VANECK VECTORS ETF TR,,,11166.0,310000.0,,
36251A115,Sold Out,GX ACQUISITION CORP,126.0,78706.0,,,,
848577AA0,Sold Out,SPIRIT AIRLS INC,12475.0,8573000.0,,,,
46435G334,New Holding,ISHARES TR,,,8787.0,300000.0,,
30063PAC9,Not New,EXACT SCIENCES CORP,6823.0,5214000.0,17424.0,16086000.0,10601.0,10872000.0
83406B119,Sold Out,SOFTWARE ACQUISITION GROUP I,406.0,423409.0,,,,
42984L204,Not New,HIGHCAPE CAP ACQUISITION COR,4644.0,450000.0,4554.0,450000.0,-90.0,0.0
29355A107,Not New,ENPHASE ENERGY INC,3316.0,18900.0,1570.0,19011.0,-1746.0,111.0
78463V107,Not New,SPDR GOLD TR,180253.0,1010616.0,9033.0,51000.0,-171220.0,-959616.0
78463V107,Not New,SPDR GOLD TR,180253.0,1010616.0,138508.0,782000.0,-41745.0,-228616.0
78463V107,Not New,SPDR GOLD TR,180253.0,1010616.0,189203.0,1068219.0,8950.0,57603.0
78463V107,Not New,SPDR GOLD TR,48157.0,270000.0,9033.0,51000.0,-39124.0,-219000.0
78463V107,Not New,SPDR GOLD TR,48157.0,270000.0,138508.0,782000.0,90351.0,512000.0
78463V107,Not New,SPDR GOLD TR,48157.0,270000.0,189203.0,1068219.0,141046.0,798219.0
78463V107,Not New,SPDR GOLD TR,68847.0,386000.0,9033.0,51000.0,-59814.0,-335000.0
78463V107,Not New,SPDR GOLD TR,68847.0,386000.0,138508.0,782000.0,69661.0,396000.0
78463V107,Not New,SPDR GOLD TR,68847.0,386000.0,189203.0,1068219.0,120356.0,682219.0
98566K204,New Holding,YELLOWSTONE ACQUISITION CO,,,5325.0,500000.0,,
02557T307,Not New,AMERICAN ELEC PWR CO INC,7108.0,140396.0,22622.0,461483.0,15514.0,321087.0
G37288118,Not New,FTAC OLYMPUS ACQUISITION COR,20009.0,1840712.0,13000.0,1300000.0,-7009.0,-540712.0
G9127T116,New Holding,TURMERIC ACQUISITION CORP,,,2054.0,200000.0,,
87918A105,Sold Out,TELADOC HEALTH INC,660.0,3010.0,,,,
G8251L121,New Holding,SOCIAL CAPITAL HEDOSOPHA HLD,,,63153.0,4891808.0,,
206071201,New Holding,CONCORD ACQUISITION CORP,,,9588.0,930000.0,,
55068A209,New Holding,LUX HEALTH TECH ACQUISITION,,,14375.0,1250000.0,,
36258Q204,Not New,GS ACQUISITION HLDGS CORP II,7410.0,650000.0,25268.0,2250000.0,17858.0,1600000.0
G3312L129,New Holding,FAR PEAK ACQUISITION CORP,,,25875.0,2500000.0,,
45772F107,Sold Out,INPHI CORP,1267.0,11284.0,,,,
17243V102,New Holding,CINEMARK HLDGS INC,,,879.0,50500.0,,
85236Q117,Sold Out,STABLE RD ACQUISITION CORP,1254.0,1087275.0,,,,
G44898115,New Holding,H I G ACQUISITION CORP,,,26075.0,2500000.0,,
G8857S116,New Holding,THUNDER BRDG ACQUISTION II L,,,19830.0,1500000.0,,
25058X113,New Holding,DESKTOP METAL INC,,,324.0,67361.0,,
25058X105,New Holding,DESKTOP METAL INC,,,1720.0,100000.0,,
88332T209,New Holding,THAYER VENTURES ACQU CORP,,,524.0,50000.0,,
665531307,Not New,NORTHERN OIL AND GAS INC MN,88.0,10000.0,57.0,10000.0,-31.0,0.0
23318M209,New Holding,DD3 ACQUISITION CORP II,,,4200.0,400000.0,,
722615200,New Holding,PINE IS ACQUISITION CORP,,,10104.0,980000.0,,
375036100,New Holding,GIGCAPITAL2 INC,,,2738.0,250000.0,,
H33700115,Not New,GLOBAL BLUE GROUP HOLDING AG,970.0,591656.0,2800.0,4381507.0,1830.0,3789851.0
922475108,Sold Out,VEEVA SYS INC,213.0,759.0,,,,
68839R401,Sold Out,OSPREY TECHNLGY AQUISTION CO,20995.0,1953000.0,,,,
344328208,Sold Out,FOLEY TRASIMENE ACQUISITION,25500.0,2500000.0,,,,
67012U207,Sold Out,NOVUS CAP CORP,11844.0,826500.0,,,,
G75130115,Not New,REPLAY ACQUISITION CORP,2421.0,1311360.0,1750.0,1841769.0,-671.0,530409.0
25746U133,Sold Out,DOMINION ENERGY INC,8367.0,81748.0,,,,
14070Y119,Not New,CAPSTAR SPL PURP ACQUISITION,123.0,87000.0,70.0,87000.0,-53.0,0.0
G79448117,Not New,SCVX CORP,255.0,150000.0,225.0,150000.0,-30.0,0.0
25746U109,New Holding,DOMINION ENERGY INC,,,427.0,5682.0,,
17144C203,Sold Out,CHURCHILL CAP CORP III,10510.0,1000000.0,,,,
83088M102,Sold Out,SKYWORKS SOLUTIONS INC,275.0,1892.0,,,,
848637AC8,Sold Out,SPLUNK INC,3482.0,2500000.0,,,,
74349F119,Sold Out,PROPTECH ACQUISITION CORP,454.0,275000.0,,,,
464287242,New Holding,ISHARES TR,,,15194.0,110000.0,,
464287242,New Holding,ISHARES TR,,,138130.0,1000000.0,,
15725Q104,New Holding,CF FINANCE ACQUISITION CORP,,,11020.0,1000000.0,,
89615T114,Not New,TRIDENT ACQUISITIONS CORP,346.0,151000.0,56.0,151000.0,-290.0,0.0
92189F452,Sold Out,VANECK VECTORS ETF TR,197.0,14150.0,,,,
464288752,New Holding,ISHARES TR,,,2892.0,51820.0,,
58953M114,Not New,MERIDA MERGER CORP I,505.0,505093.0,278.0,505093.0,-227.0,0.0
74348Q207,New Holding,PROPERTY SOLUTIONS ACQUISITI,,,11747.0,1065028.0,,
846775203,New Holding,SPARTAN ACQUISITION CORP II,,,7560.0,700000.0,,
030382113,Not New,AMERICAN VRTUAL CLOUD TECH I,1441.0,3065880.0,1065.0,3644752.0,-376.0,578872.0
M98068105,Not New,WIX COM LTD,1578.0,6314.0,1996.0,7831.0,418.0,1517.0
70450Y103,Sold Out,PAYPAL HLDGS INC,558.0,2830.0,,,,
387328AB3,New Holding,GRANITE CONSTR INC,,,4463.0,4100000.0,,
252131107,Not New,DEXCOM INC,555.0,1500.0,824.0,2000.0,269.0,500.0
38286R204,New Holding,GORES HOLDINGS VI INC,,,4611.0,435000.0,,
00461L204,New Holding,ACKRELL SPAC PARTNERS I CO,,,2058.0,200000.0,,
349885103,New Holding,FORUM MERGER III CORP,,,2708.0,200000.0,,
816851406,Sold Out,SEMPRA ENERGY,4988.0,50662.0,,,,
782011118,New Holding,RUSH STREET INTERACTIVE INC,,,2815.0,367500.0,,
782011118,New Holding,RUSH STREET INTERACTIVE INC,,,1417.0,333333.0,,
G88672129,New Holding,TIGA ACQUISITION CORP,,,5290.0,500000.0,,
661204206,Not New,NORTH MOUNTAIN MERGER CORP,12227.0,1138500.0,11613.0,1138500.0,-614.0,0.0
23804L103,Not New,DATADOG INC,796.0,8088.0,791.0,7738.0,-5.0,-350.0
46064A111,Not New,INTERPRIVATE ACQUISITION COR,2500.0,609750.0,175.0,214133.0,-2325.0,-395617.0
12528N115,Sold Out,CF FIN ACQUISITION CORP,4603.0,4696801.0,,,,
22564L113,Not New,CRESCENT ACQUISITION CORP,5852.0,3875954.0,2800.0,3333440.0,-3052.0,-542514.0
683712111,New Holding,OPENDOOR TECHNOLOGIES INC,,,2316.0,300000.0,,
09857L108,Not New,BOOKING HOLDINGS INC,2089.0,938.0,1913.0,1118.0,-176.0,180.0
513272104,Sold Out,LAMB WESTON HLDGS INC,1517.0,22898.0,,,,
464288513,Not New,ISHARES TR,221159.0,2533322.0,6267.0,74700.0,-214892.0,-2458622.0
464288513,Not New,ISHARES TR,221159.0,2533322.0,100932.0,1203000.0,-120227.0,-1330322.0
464288513,Not New,ISHARES TR,35933.0,411600.0,6267.0,74700.0,-29666.0,-336900.0
464288513,Not New,ISHARES TR,35933.0,411600.0,100932.0,1203000.0,64999.0,791400.0
842587602,New Holding,SOUTHERN CO,,,551.0,10625.0,,
004285110,Sold Out,ACAMAR PARTNERS ACQSITION CO,37.0,33786.0,,,,
36251A107,New Holding,GX ACQUISITION CORP,,,14483.0,1316673.0,,
G0404A128,New Holding,AMERICAS TECHNOLOGY ACQSN CO,,,1542.0,150000.0,,
459506309,Not New,INTERNATIONAL FLAVORS&FRAGRA,2261.0,55366.0,6721.0,150192.0,4460.0,94826.0
46064A103,Not New,INTERPRIVATE ACQUISITION COR,15361.0,1056480.0,565.0,56510.0,-14796.0,-999970.0
101137107,Not New,BOSTON SCIENTIFIC CORP,6592.0,183363.0,4117.0,107749.0,-2475.0,-75614.0
68839R120,Not New,OSPREY TECHNLGY AQUISTION CO,3372.0,2294002.0,2422.0,1729905.0,-950.0,-564097.0
916896103,New Holding,URANIUM ENERGY CORP,,,53.0,30000.0,,
089482129,Not New,BIG ROCK PARTNERS ACQUISITIO,195.0,150000.0,31.0,150000.0,-164.0,0.0
12528N107,Sold Out,CF FIN ACQUISITION CORP,9624.0,925386.0,,,,
G46049121,Not New,HORIZON ACQUISITION CORP,21719.0,2056710.0,15608.0,1500000.0,-6111.0,-556710.0
12510J205,New Holding,CBRE ACQUISITION HLDGS INC,,,10450.0,1000000.0,,
30283W302,New Holding,FTS INTERNATIONAL INC,,,1471.0,76600.0,,
233051432,New Holding,DBX ETF TR,,,141732.0,2829553.0,,
457817302,New Holding,INSU ACQUISITION CORP III,,,10570.0,1000000.0,,
14070Y200,Not New,CAPSTAR SPL PURP ACQUISITION,17403.0,1603953.0,16366.0,1603953.0,-1037.0,0.0
92259F119,Sold Out,VELODYNE LIDAR INC,262.0,53647.0,,,,
G9442R100,Not New,VECTOR ACQUISITION CORP,21500.0,2000000.0,20280.0,2000000.0,-1220.0,0.0
12528N206,Sold Out,CF FIN ACQUISITION CORP,650.0,57300.0,,,,
31810N302,Not New,FINTECH ACQUISITION CORP IV,17895.0,1500000.0,15240.0,1500000.0,-2655.0,0.0
449534205,New Holding,IG ACQUISITION CORP,,,10810.0,1000000.0,,
78472F119,New Holding,SOC TELEMED INC,,,782.0,640776.0,,
28414H202,Sold Out,ELANCO ANIMAL HEALTH INC,10628.0,239576.0,,,,
74348Q108,New Holding,PROPERTY SOLUTIONS ACQUISITI,,,10000.0,1000000.0,,
48205G205,Sold Out,JUNIPER INDL HLDGS INC,15721.0,1376600.0,,,,
G8250T117,Sold Out,SOCIAL CAP HDOSPHIA HLDG CO,41920.0,2000000.0,,,,
G5510C124,Not New,LIV CAP ACQUISITION CORP,1838.0,175000.0,1825.0,175000.0,-13.0,0.0
67113Q204,New Holding,OTR ACQUISITION CORP,,,1049.0,100000.0,,
09090D111,Not New,BIOMX INC,64.0,80605.0,57.0,80605.0,-7.0,0.0
404280406,New Holding,HSBC HLDGS PLC,,,4124.0,159152.0,,
171439201,Not New,CHURCHILL CAPITAL CORP IV,20600.0,2000000.0,50100.0,5000000.0,29500.0,3000000.0
852234103,Sold Out,SQUARE INC,1150.0,7076.0,,,,
47760M102,New Holding,JIYA ACQUISITION CORP,,,1288.0,125000.0,,
90069K104,Sold Out,TUSCAN HLDGS CORP,7737.0,760000.0,,,,
G74847123,New Holding,REINVENT TECHNOLOGY PARTNERS,,,2276.0,200000.0,,
76152G118,New Holding,REVIVA PHARMACEUTCLS HLDGS I,,,824.0,1220600.0,,
65339F739,Not New,NEXTERA ENERGY INC,5451.0,106107.0,5320.0,111787.0,-131.0,5680.0
30606L207,Not New,FALCON CAPITAL ACQUISITN COR,8544.0,800000.0,8232.0,800000.0,-312.0,0.0
G7552B121,Not New,RIBBIT LEAP LTD,5241.0,350100.0,4551.0,350100.0,-690.0,0.0
76156P205,New Holding,REVOLUTION ACCELERTN ACQU CO,,,8328.0,800000.0,,
G28314105,New Holding,DRAGONEER GROWTH OPPTY CORP,,,5710.0,500000.0,,
032108607,New Holding,AMPLIFY ETF TR,,,528.0,15108.0,,
34407Y202,Sold Out,FLYING EAGLE ACQUISITION COR,20375.0,1578258.0,,,,
42227L201,Sold Out,HEALTHCARE MERGER CORP,4590.0,425000.0,,,,
82452T107,New Holding,SHIFT TECHNOLOGIES INC,,,5181.0,626428.0,,
46138J809,New Holding,INVESCO EXCH TRD SLF IDX FD,,,1038.0,44939.0,,
131476103,Sold Out,CALUMET SPECIALTY PRODS PTNR,124.0,48800.0,,,,
G1992Y106,Not New,CC NEUBERGER PRINCIPAL HLDNG,8888.0,750000.0,8130.0,750000.0,-758.0,0.0
233278209,New Holding,DMY TECHNOLOGY GROUP INC III,,,21660.0,1900000.0,,
665742201,New Holding,NORTHERN STAR ACQUISITION CO,,,7850.0,500000.0,,
50201G106,Not New,LGL SYS ACQUISITION CORP,2125.0,210000.0,2104.0,210000.0,-21.0,0.0
G37288100,New Holding,FTAC OLYMPUS ACQUISITION COR,,,11330.0,1100000.0,,
25401G114,Not New,DIGITAL MEDIA SOLUTIONS INC,3863.0,2550000.0,1636.0,1902333.0,-2227.0,-647667.0
G50744120,Not New,JAWS ACQUISITION CORP,14603.0,1062002.0,33896.0,3062000.0,19293.0,1999998.0
292554AM4,Sold Out,ENCORE CAP GROUP INC,3169.0,2750000.0,,,,
50201G205,Not New,LGL SYS ACQUISITION CORP,10545.0,950000.0,9918.0,950000.0,-627.0,0.0
42087L119,Sold Out,HAYMAKER ACQUISITION CORP II,488.0,493382.0,,,,
464287465,New Holding,ISHARES TR,,,14592.0,200000.0,,
854502846,Sold Out,STANLEY BLACK & DECKER INC,358.0,3549.0,,,,
33836P105,New Holding,5 01 ACQUISITION CORP,,,6102.0,600000.0,,
457867109,Sold Out,INSURANCE ACQUISITION CORP,976.0,82622.0,,,,
35671D857,Sold Out,FREEPORT-MCMORAN INC,285.0,18211.0,,,,
G8136L106,New Holding,SILVER SPIKE ACQUISITION COR,,,10198.0,798610.0,,
269442AB5,Sold Out,EAGLE BULK SHIPPING INC,722.0,975000.0,,,,
92538T104,New Holding,VESPER HEALTHCARE ACQSTN COR,,,1131.0,100000.0,,
799793203,Not New,SANDBRIDGE ACQUISITION CORP,15450.0,1500000.0,14973.0,1500000.0,-477.0,0.0
98980G102,Sold Out,ZSCALER INC,420.0,2987.0,,,,
46267XAE8,New Holding,IQIYI INC,,,13568.0,13700000.0,,
457867307,Sold Out,INSURANCE ACQUISITION CORP,5494.0,399700.0,,,,
G6293A129,New Holding,MOTIVE CAPITAL CORP,,,15810.0,1500000.0,,
464288240,New Holding,ISHARES TR,,,530.0,10000.0,,
20854L108,Sold Out,CONSOL ENERGY INC DISC COML,162.0,36600.0,,,,
550021109,Sold Out,LULULEMON ATHLETICA INC,606.0,1840.0,,,,
50200K116,Not New,LF CAP ACQUISITION CORP,9422.0,4856892.0,8144.0,4524692.0,-1278.0,-332200.0
48251W104,New Holding,KKR & CO INC,,,1732.0,42784.0,,
24803C201,New Holding,DELWINDS INS ACQUISITION COR,,,10200.0,1000000.0,,
375036118,Not New,GIGCAPITAL2 INC,1016.0,518597.0,842.0,925000.0,-174.0,406403.0
82509L107,Not New,SHOPIFY INC,1020.0,901.0,871.0,851.0,-149.0,-50.0
876511106,Not New,TASEKO MINES LTD,165.0,125000.0,80.0,75000.0,-85.0,-50000.0
87900YAE3,Not New,TEEKAY CORPORATION,1888.0,2211000.0,1799.0,2211000.0,-89.0,0.0
612657205,New Holding,MONTES ARCHIMEDES ACQUISITIO,,,31500.0,3000000.0,,
78472F101,New Holding,SOC TELEMED INC,,,1960.0,250000.0,,
G58442115,New Holding,MARQUEE RAINE ACQUISITION CO,,,5415.0,500000.0,,
48273U102,Sold Out,K12 INC,1031.0,39150.0,,,,
74349F101,Sold Out,PROPTECH ACQUISITION CORP,5565.0,500000.0,,,,
98954MAG6,Not New,ZILLOW GROUP INC,27122.0,9000000.0,29763.0,12450000.0,2641.0,3450000.0
G67145113,Sold Out,OAKTREE ACQUISITION CORP,435.0,148664.0,,,,
G8252P121,New Holding,SOCIAL CAPITAL HEDOSOPHA HLD,,,52720.0,4000000.0,,
041242116,New Holding,ARKO CORP,,,545.0,400499.0,,
80821R117,Sold Out,SCHULTZE SPL PURP ACQUSTN CO,57.0,110300.0,,,,
362019200,Not New,GO ACQUISITION CORP,13288.0,1250000.0,12600.0,1250000.0,-688.0,0.0
68218L207,New Holding,OMNICHANNEL ACQUISITION CORP,,,5175.0,502400.0,,
G1992Y114,Not New,CC NEUBERGER PRINCIPAL HLDNG,12466.0,1150000.0,11960.0,1150000.0,-506.0,0.0
62477L206,New Holding,MUDRICK CAPITAL ACQU CORP II,,,10310.0,1000000.0,,
674215207,New Holding,OASIS PETROLEUM INC,,,299.0,8076.0,,
83067L109,New Holding,SKILLZ INC,,,16000.0,800000.0,,
00214Q203,New Holding,ARK ETF TR,,,408.0,5349.0,,
G28553124,New Holding,DUDDELL STREET ACQUISITN COR,,,7512.0,704000.0,,
G65305115,New Holding,NEXTGEN ACQUISITION CORP,,,4631.0,450000.0,,
81369Y308,Not New,SELECT SECTOR SPDR TR,20383.0,302200.0,19371.0,302200.0,-1012.0,0.0
68236V112,New Holding,180 LIFE SCIENCES CORP,,,143.0,434668.0,,
235851300,Sold Out,DANAHER CORPORATION,52443.0,35534.0,,,,
81369Y886,New Holding,SELECT SECTOR SPDR TR,,,2257.0,36002.0,,
46090E103,Sold Out,INVESCO QQQ TR,11131.0,40061.0,,,,
301505707,Not New,EXCHANGE TRADED CONCEPTS TR,806.0,13233.0,469.0,9745.0,-337.0,-3488.0
42087L101,Sold Out,HAYMAKER ACQUISITION CORP II,2696.0,269573.0,,,,
464287390,New Holding,ISHARES TR,,,754.0,25687.0,,
665742102,New Holding,NORTHERN STAR ACQUISITION CO,,,8736.0,600000.0,,
39813G109,Sold Out,GRID DYNAMICS HLDGS INC,237.0,30708.0,,,,
490073202,Sold Out,KENSINGTON CAP ACQUISITION C,7106.0,375000.0,,,,
303020101,Sold Out,FS DEV CORP,2240.0,200000.0,,,,
11135B118,Not New,BROADMARK RLTY CAP INC,4798.0,17770417.0,5118.0,17770417.0,320.0,0.0
69331C140,Not New,PG&E CORP,43321.0,353772.0,40105.0,407960.0,-3216.0,54188.0
G89554110,Not New,TORTOISE ACQUISITION CORP II,3384.0,300000.0,3264.0,300000.0,-120.0,0.0
51476X105,Sold Out,LANDCADIA HLDGS II INC,13507.0,939963.0,,,,
233277102,New Holding,DMY TECHNOLOGY GROUP INC II,,,20228.0,1149999.0,,
81369Y704,Sold Out,SELECT SECTOR SPDR TR,7698.0,100000.0,,,,
48205G106,Not New,JUNIPER INDL HLDGS INC,20639.0,1927074.0,5764.0,551074.0,-14875.0,-1376000.0
45765UAB9,Not New,INSIGHT ENTERPRISES INC,20606.0,16225000.0,21863.0,20836000.0,1257.0,4611000.0
90138F102,Sold Out,TWILIO INC,453.0,1832.0,,,,
G75130107,New Holding,REPLAY ACQUISITION CORP,,,7840.0,753822.0,,
88025V206,New Holding,10X CAPITAL VENTURE ACQU COR,,,10650.0,1000000.0,,
17143G106,New Holding,CHURCHILL CAP CORP II,,,3623.0,350000.0,,
04316G105,New Holding,ARTIUS ACQUISITION INC,,,2658.0,250000.0,,
02209S103,New Holding,ALTRIA GROUP INC,,,9430.0,230000.0,,
212896104,Sold Out,CONYERS PK II ACQUISITION CO,2540.0,250000.0,,,,
743497208,New Holding,PROPTECH INVESTMENT CORP II,,,5315.0,500000.0,,
147151203,New Holding,CASCADE ACQUISITION CORP,,,10450.0,1000000.0,,
037833100,Sold Out,APPLE INC,2497.0,21557.0,,,,
704551100,Sold Out,PEABODY ENERGY CORP NEW,115.0,50000.0,,,,
15725Q203,Not New,CF FINANCE ACQUISITION CORP,23620.0,2000000.0,20045.0,2000000.0,-3575.0,0.0
46138E719,New Holding,INVESCO EXCH TRADED FD TR II,,,5633.0,289747.0,,
24984K105,Sold Out,DERMTECH INC,514.0,43009.0,,,,
464288281,Not New,ISHARES TR,257940.0,2225350.0,74296.0,670000.0,-183644.0,-1555350.0
464288281,Not New,ISHARES TR,257940.0,2225350.0,8871.0,80000.0,-249069.0,-2145350.0
464288281,Not New,ISHARES TR,114751.0,990000.0,74296.0,670000.0,-40455.0,-320000.0
464288281,Not New,ISHARES TR,114751.0,990000.0,8871.0,80000.0,-105880.0,-910000.0
92189F676,New Holding,VANECK VECTORS ETF TR,,,1035.0,4740.0,,
29786A106,Not New,ETSY INC,2802.0,15750.0,1474.0,12121.0,-1328.0,-3629.0
G9095M119,New Holding,TREPONT ACQUISITION CORP I,,,8815.0,850000.0,,
15957T115,New Holding,CHARDAN HEALTHCR ACQSTN 2 CO,,,29.0,28761.0,,
G6715X129,Not New,OAKTREE ACQUISITION CORP II,10175.0,950000.0,9776.0,950000.0,-399.0,0.0
702141102,New Holding,PARTS ID INC,,,3660.0,575509.0,,
G0370L124,New Holding,ALTIMETER GROWTH CORP,,,9100.0,700000.0,,
854502101,New Holding,STANLEY BLACK & DECKER INC,,,9436.0,52847.0,,
G67145105,Sold Out,OAKTREE ACQUISITION CORP,7077.0,602306.0,,,,
38341PAA0,Not New,GOSSAMER BIO INC,4513.0,4982000.0,11093.0,10732000.0,6580.0,5750000.0
G2283K110,New Holding,COLONNADE ACQUISITION CORP,,,6750.0,500000.0,,
31810Q305,New Holding,FINTECH ACQUISITION CORP V,,,16005.0,1500000.0,,
G50744104,Not New,JAWS ACQUISITION CORP,3611.0,269300.0,4164.0,400000.0,553.0,130700.0
G8739H122,New Holding,TEKKORP DIGITAL ACQUISITN CO,,,10750.0,1000000.0,,
G9441E126,Not New,VPC IMPACT ACQUISITION HLDNG,4280.0,400000.0,4000.0,400000.0,-280.0,0.0
42087L200,Sold Out,HAYMAKER ACQUISITION CORP II,10380.0,1000000.0,,,,
G0103T121,New Holding,ACIES ACQUISITION CORP,,,10720.0,1000000.0,,
G9444H126,New Holding,VY GLOBAL GROWTH,,,5380.0,500000.0,,
682143AG7,Not New,OMEROS CORP,1828.0,1709000.0,1063.0,1230000.0,-765.0,-479000.0
464287432,Not New,ISHARES TR,4574.0,29000.0,4898.0,30000.0,324.0,1000.0
464287432,Not New,ISHARES TR,4574.0,29000.0,36734.0,225000.0,32160.0,196000.0
12529D207,New Holding,CF FIN ACQUISITION CORP III,,,16095.0,1500000.0,,
45782BAD6,Not New,INSEEGO CORP,2668.0,2000000.0,1957.0,2000000.0,-711.0,0.0
29465E205,Not New,EQUITY DISTR ACQUISITION COR,25028.0,2350000.0,15450.0,1500000.0,-9578.0,-850000.0
90069K112,Not New,TUSCAN HLDGS CORP,714.0,150000.0,4111.0,8100845.0,3397.0,7950845.0
64083J104,New Holding,NESCO HLDGS INC,,,1106.0,150000.0,,
68213N109,Sold Out,OMNICELL COM,2953.0,39550.0,,,,
G4444C102,New Holding,HELIX ACQUISITION CORP,,,1706.0,150000.0,,
46267XAD0,Sold Out,IQIYI INC,13459.0,14124000.0,,,,
71531R109,Sold Out,PERSHING SQUARE TONTINE HLDG,3345.0,147404.0,,,,
185899AA9,Not New,CLEVELAND-CLIFFS INC NEW,16851.0,8607000.0,23765.0,22979000.0,6914.0,14372000.0
33736G106,Not New,FIRST TR EXCHANGE-TRADED FD,466.0,20000.0,351.0,20000.0,-115.0,0.0
81786A206,New Holding,7GC & CO HOLDINGS INC,,,9495.0,900000.0,,
G6455A115,Sold Out,NETFIN ACQUISITION CORP,4496.0,3431708.0,,,,
86846V207,New Holding,SUPERNOVA PARTNERS ACQUISITI,,,14513.0,1250000.0,,
92538T203,New Holding,VESPER HEALTHCARE ACQSTN COR,,,21210.0,1750000.0,,
235851102,New Holding,DANAHER CORPORATION,,,7209.0,32452.0,,
64083J112,Sold Out,NESCO HLDGS INC,53.0,176344.0,,,,
71531R117,Sold Out,PERSHING SQUARE TONTINE HLDG,117.0,16378.0,,,,
52470X208,New Holding,LEFTERIS ACQUISITION CORP,,,5420.0,500000.0,,
33765Y200,New Holding,FIRSTMARK HORIZON ACQUISITIO,,,10260.0,900000.0,,
38113L107,New Holding,GOLDEN NUGGET ONLINE GAMIN,,,5319.0,270000.0,,
36168Q120,Not New,GFL ENVIRONMENTAL INC,13644.0,193638.0,13642.0,255904.0,-2.0,62266.0
50201G114,Not New,LGL SYS ACQUISITION CORP,562.0,347000.0,376.0,347000.0,-186.0,0.0
84918M205,New Holding,SPORTS ENTERTAINMENT ACQU CO,,,7525.0,700000.0,,
42227L110,Sold Out,HEALTHCARE MERGER CORP,661.0,369240.0,,,,
G8990D109,New Holding,TPG PACE BEN FIN CORP,,,6800.0,250000.0,,
87105M102,Sold Out,SWITCHBACK ENERGY ACQUISTN C,2340.0,150000.0,,,,
37954Y632,New Holding,GLOBAL X FDS,,,463.0,17033.0,,
G31655114,Sold Out,ARYA SCIENCES ACQUISTION CO,5500.0,500000.0,,,,
G39973113,Not New,GLRY STR NW MDIA GRUP HLDG L,421.0,5236990.0,289.0,5236990.0,-132.0,0.0
G50740128,New Holding,JAWS SPITFIRE ACQUISITION CO,,,5525.0,500000.0,,
67020YAN0,Sold Out,NUANCE COMMUNICATIONS INC,3876.0,2186000.0,,,,
457821106,New Holding,INSU ACQUISITION CORP II,,,7264.0,467120.0,,
34407Y103,Sold Out,FLYING EAGLE ACQUISITION COR,16628.0,1367442.0,,,,
46122TAA0,Not New,INTREXON CORP,2498.0,3045000.0,1887.0,3545000.0,-611.0,500000.0
65339F770,Not New,NEXTERA ENERGY INC,4080.0,80256.0,11341.0,242961.0,7261.0,162705.0
00214Q302,Not New,ARK ETF TR,324.0,3479.0,793.0,12450.0,469.0,8971.0
17143G205,Not New,CHURCHILL CAP CORP II,13700.0,1250000.0,25943.0,2250000.0,12243.0,1000000.0
87284T209,New Holding,TS INNOVATION ACQUISITN CORP,,,26350.0,2500000.0,,
48242A112,Sold Out,KBL MERGER CORP IV,100.0,434668.0,,,,
12558Y106,Not New,CHP MERGER CORP,1026.0,100000.0,1019.0,100000.0,-7.0,0.0
70509VAA8,New Holding,PEBBLEBROOK HOTEL TR,,,10343.0,9673000.0,,
90353T100,New Holding,UBER TECHNOLOGIES INC,,,377.0,7400.0,,
65339F796,Not New,NEXTERA ENERGY INC,4132.0,69793.0,856.0,15797.0,-3276.0,-53996.0
46625H100,Sold Out,JPMORGAN CHASE & CO,770.0,8000.0,,,,
683712103,New Holding,OPENDOOR TECHNOLOGIES INC,,,4546.0,200000.0,,
62914V106,Sold Out,NIO INC,4189.0,197400.0,,,,
049430101,Not New,ATLAS TECHNICAL CONSULTANTS,11847.0,1685198.0,374.0,42348.0,-11473.0,-1642850.0
G7000X113,Not New,ONE,14225.0,1250000.0,13625.0,1250000.0,-600.0,0.0
G9027T125,Not New,TREBIA ACQUISITION CORP,23120.0,2000000.0,21600.0,2000000.0,-1520.0,0.0
34431F203,Not New,FOLEY TRASIMENE ACQUISTN COR,35405.0,2975228.0,33590.0,2975228.0,-1815.0,0.0
38102H208,New Holding,GOLDEN FALCON ACQUISITION CO,,,4264.0,410000.0,,
G28302126,Not New,DRAGONEER GROWTH OPPORTUN CO,10493.0,750000.0,9188.0,750000.0,-1305.0,0.0
90117G204,Not New,TWC TECH HLDGS II CORP,5375.0,500000.0,5060.0,500000.0,-315.0,0.0
64822P106,New Holding,NEW PROVIDENCE ACQUISITION,,,10864.0,800000.0,,
22788C105,Sold Out,CROWDSTRIKE HLDGS INC,603.0,4390.0,,,,
698102209,Not New,PANACEA ACQUISITION CORP,2552.0,200000.0,2400.0,200000.0,-152.0,0.0
457821304,Sold Out,INSU ACQUISITION CORP II,10357.0,1000000.0,,,,
465562106,New Holding,ITAU UNIBANCO HLDG S A,,,274.0,45000.0,,
G8251K123,Sold Out,SOCIAL CAP HEDSPIA HLDG CO I,41370.0,3000000.0,,,,
83417M104,Sold Out,SOLAREDGE TECHNOLOGIES INC,394.0,1651.0,,,,
838884203,Not New,SOUTH MTN MERGER CORP,41170.0,2227500.0,24503.0,2227500.0,-16667.0,0.0
98422LAA5,Sold Out,XERIS PHARMACEUTICALS INC,2024.0,1000000.0,,,,
G03707125,New Holding,ALTIMAR ACQUISITION CORP,,,6030.0,500000.0,,
G3166T129,Not New,CC NEUBERGER PRIN HLDGS II,23223.0,2334000.0,22468.0,2175000.0,-755.0,-159000.0
83407F200,Not New,SOFTWARE ACQUISITN GRUP INC,4793.0,450000.0,4478.0,450000.0,-315.0,0.0
64822P114,Sold Out,NEW PROVIDENCE ACQUISITION,1241.0,1025500.0,,,,
G31067120,New Holding,SCION TECH GROWTH I,,,15480.0,1500000.0,,
34431F104,New Holding,FOLEY TRASIMENE ACQUISTN COR,,,19006.0,1700000.0,,
65366HAB9,Not New,NICE SYS INC,80999.0,23837000.0,65374.0,24024000.0,-15625.0,187000.0
G3710A121,New Holding,FRAZIER LIFESCIENCES ACQU CO,,,1038.0,100000.0,,
44487N208,New Holding,HUMANCO ACQUISITION CORP,,,5627.0,510577.0,,
46428Q109,Not New,ISHARES SILVER TR,614.0,25000.0,2705.0,125000.0,2091.0,100000.0
G1611B107,Not New,BROOGE ENERGY LTD,3076.0,299843.0,2862.0,304477.0,-214.0,4634.0
594918104,Sold Out,MICROSOFT CORP,10937.0,52000.0,,,,
34619R201,New Holding,FOREST ROAD ACQUISITION CORP,,,7350.0,700000.0,,
G7417R121,Not New,REDBALL ACQUISITION CORP,5780.0,500000.0,5285.0,500000.0,-495.0,0.0
19424L119,Not New,COLLECTIVE GROWTH CORP,289.0,75000.0,46.0,75000.0,-243.0,0.0
67012U116,Not New,NOVUS CAP CORP,2111.0,456824.0,3229.0,1157428.0,1118.0,700604.0
89628U116,Sold Out,TRINE ACQUISITION CORP,177.0,67361.0,,,,
37954Y715,Not New,GLOBAL X FDS,773.0,23316.0,728.0,26116.0,-45.0,2800.0
922908611,Sold Out,VANGUARD INDEX FDS,1106.0,10000.0,,,,
52539T115,Not New,LEISURE ACQUISITION CORP,2173.0,2750477.0,1180.0,2510762.0,-993.0,-239715.0
74275G107,Not New,PRIORITY TECHNOLOGY HLDGS IN,1868.0,265332.0,1231.0,390084.0,-637.0,124752.0
74767V117,New Holding,QUANTUMSCAPE CORP,,,5282.0,139000.0,,
02156Y202,New Holding,ALTITUDE ACQUISITION CORP,,,8280.0,800000.0,,
51476H209,New Holding,LANDCADIA HOLDINGS III INC,,,39095.0,3500000.0,,
92189F403,New Holding,VANECK VECTORS ETF TR,,,2415.0,100000.0,,
92189F403,New Holding,VANECK VECTORS ETF TR,,,6158.0,255000.0,,
42227L102,Sold Out,HEALTHCARE MERGER CORP,8628.0,850000.0,,,,
G81477104,Not New,SINA CORP,48949.0,1155000.0,10866.0,255000.0,-38083.0,-900000.0
46138J833,New Holding,INVESCO EXCH TRD SLF IDX FD,,,1706.0,68456.0,,
G05436129,Not New,ASPIRATIONAL CONSUMER LIFEST,10450.0,1000000.0,10000.0,1000000.0,-450.0,0.0
17143G114,Not New,CHURCHILL CAP CORP II,1173.0,595336.0,1706.0,781398.0,533.0,186062.0
08772B203,New Holding,BETTER WORLD ACQUISITION COR,,,3868.0,350000.0,,
78462F103,Not New,SPDR S&P 500 ETF TR,7478.0,20000.0,83723.0,250000.0,76245.0,230000.0
78462F103,Not New,SPDR S&P 500 ETF TR,7478.0,20000.0,502.0,1500.0,-6976.0,-18500.0
78462F103,Not New,SPDR S&P 500 ETF TR,7478.0,20000.0,67145.0,200500.0,59667.0,180500.0
78462F103,Not New,SPDR S&P 500 ETF TR,11216.0,30000.0,83723.0,250000.0,72507.0,220000.0
78462F103,Not New,SPDR S&P 500 ETF TR,11216.0,30000.0,502.0,1500.0,-10714.0,-28500.0
78462F103,Not New,SPDR S&P 500 ETF TR,11216.0,30000.0,67145.0,200500.0,55929.0,170500.0
78462F103,Not New,SPDR S&P 500 ETF TR,61503.0,164500.0,83723.0,250000.0,22220.0,85500.0
78462F103,Not New,SPDR S&P 500 ETF TR,61503.0,164500.0,502.0,1500.0,-61001.0,-163000.0
78462F103,Not New,SPDR S&P 500 ETF TR,61503.0,164500.0,67145.0,200500.0,5642.0,36000.0
609754114,Sold Out,MONOCLE ACQUISITION CORP,792.0,1587727.0,,,,
36258Q105,New Holding,GS ACQUISITION HLDGS CORP II,,,17440.0,1600000.0,,
42226W208,New Holding,HEALTH ASSURN ACQUISITION CO,,,3857.0,350000.0,,
G82514129,New Holding,SOCIAL CAPITAL HEDOSOPHA HLD,,,26334.0,1800000.0,,
65341B106,New Holding,NEXTERA ENERGY PARTNERS LP,,,671.0,10000.0,,
46138G706,Not New,INVESCO EXCH TRADED FD TR II,562.0,5473.0,958.0,14785.0,396.0,9312.0
02376R102,Not New,AMERICAN AIRLS GROUP INC,1708.0,108300.0,928.0,75500.0,-780.0,-32800.0
12520T201,New Holding,CF ACQUISITION CORP IV,,,20580.0,2000000.0,,
28139A201,New Holding,EDTECHX HOLDINGS ACQU CORP I,,,2580.0,250000.0,,
382872117,Sold Out,GORES METROPOULOS INC,464.0,148827.0,,,,
194014205,Not New,COLFAX CORP,2662.0,16476.0,1634.0,12177.0,-1028.0,-4299.0
G9879L121,Not New,YUCAIPA ACQUISITION CORP,16320.0,1600000.0,16320.0,1600000.0,0.0,0.0
68839R104,New Holding,OSPREY TECHNLGY AQUISTION CO,,,8930.0,852887.0,,
49714K208,New Holding,KINS TECHNOLOGY GROUP INC,,,2058.0,200000.0,,
524643111,Sold Out,LEGACY ACQUISITION CORP,4881.0,9124081.0,,,,
78464A755,Not New,SPDR SER TR,6688.0,200000.0,14539.0,625600.0,7851.0,425600.0
