CUSIP,status,NAME OF ISSUER,(x$1000)_old,PRN AMT_old,(x$1000),PRN AMT,(x$1000)_change,PRN AMT_change
46090E103,Not New,INVESCO QQQ TR,2192102.0,6987000.0,248667.0,895000.0,-1943435.0,-6092000.0
22266L106,Not New,COUPA SOFTWARE INC,54565.0,161000.0,79530.0,290000.0,24965.0,129000.0
22788C105,Not New,CROWDSTRIKE HLDGS INC,49566.0,234000.0,89258.0,650000.0,39692.0,416000.0
452327109,Not New,ILLUMINA INC,37000.0,100000.0,30908.0,100000.0,-6092.0,0.0
679295105,Not New,OKTA INC,34325.0,135000.0,32078.0,150000.0,-2247.0,15000.0
464287432,Sold Out,ISHARES TR,821198.0,5030000.0,,,,
23804L103,New Holding,DATADOG INC,,,39376.0,400000.0,,
29786A106,Sold Out,ETSY INC,24326.0,200000.0,,,,
57636Q104,Not New,MASTERCARD INCORPORATED,17847.0,50000.0,43962.0,130000.0,26115.0,80000.0
007903107,Not New,ADVANCED MICRO DEVICES INC,36684.0,400000.0,32796.0,400000.0,-3888.0,0.0
53227R106,New Holding,LIGHTSPEED POS INC,,,24688.0,350000.0,,
09857L108,New Holding,BOOKING HOLDINGS INC,,,60136.0,27000.0,,
70614W100,Not New,PELOTON INTERACTIVE INC,144134.0,950000.0,143898.0,1450000.0,-236.0,500000.0
860897107,New Holding,STITCH FIX INC,,,29360.0,500000.0,,
98954M200,Not New,ZILLOW GROUP INC,88264.0,680000.0,63494.0,625000.0,-24770.0,-55000.0
023135106,Not New,AMAZON COM INC,198673.0,61000.0,277088.0,88000.0,78415.0,27000.0
090040106,New Holding,BILIBILI INC,,,17144.0,200000.0,,
40131M109,Not New,GUARDANT HEALTH INC,45108.0,350000.0,33534.0,300000.0,-11574.0,-50000.0
64110L106,Not New,NETFLIX INC,117879.0,218000.0,136008.0,272000.0,18129.0,54000.0
254687106,New Holding,DISNEY WALT CO,,,38048.0,210000.0,,
82509L107,Not New,SHOPIFY INC,76973.0,68000.0,35804.0,35000.0,-41169.0,-33000.0
83304A106,Not New,SNAP INC,90126.0,1800000.0,39165.0,1500000.0,-50961.0,-300000.0
46185L103,Not New,INVITAE CORP,18815.0,450000.0,19508.0,450000.0,693.0,0.0
57667L107,Not New,MATCH GROUP INC NEW,45357.0,300000.0,33195.0,300000.0,-12162.0,0.0
256163106,Not New,DOCUSIGN INC,66690.0,300000.0,64572.0,300000.0,-2118.0,0.0
G68707101,New Holding,PAGSEGURO DIGITAL LTD,,,22752.0,400000.0,,
833445109,Not New,SNOWFLAKE INC,2814.0,10000.0,2510.0,10000.0,-304.0,0.0
87918A105,New Holding,TELADOC HEALTH INC,,,65107.0,325600.0,,
874054109,Not New,TAKE-TWO INTERACTIVE SOFTWAR,36363.0,175000.0,28914.0,175000.0,-7449.0,0.0
20451W101,New Holding,COMPASS PATHWAYS PLC,,,4764.0,100000.0,,
539183103,Sold Out,LIVONGO HEALTH INC,98035.0,700000.0,,,,
02079K305,Not New,ALPHABET INC,76766.0,43800.0,64193.0,43800.0,-12573.0,0.0
464287242,New Holding,ISHARES TR,,,497268.0,3600000.0,,
090043100,Not New,BILL COM HLDGS INC,39585.0,290000.0,22068.0,220000.0,-17517.0,-70000.0
77543R102,Not New,ROKU INC,74372.0,224000.0,67024.0,355000.0,-7348.0,131000.0
90138F102,Not New,TWILIO INC,59238.0,175000.0,39534.0,160000.0,-19704.0,-15000.0
00507V109,Not New,ACTIVISION BLIZZARD INC,40854.0,440000.0,63141.0,780000.0,22287.0,340000.0
30303M102,Not New,FACEBOOK INC,102541.0,375388.0,111308.0,425000.0,8767.0,49612.0
88160R101,Not New,TESLA INC,105851.0,150000.0,160879.0,375000.0,55028.0,225000.0
14167L103,New Holding,CAREDX INC,,,18113.0,250000.0,,
H17182108,New Holding,CRISPR THERAPEUTICS AG,,,11483.0,75000.0,,
45826J105,New Holding,INTELLIA THERAPEUTICS INC,,,8160.0,150000.0,,
90353T100,Not New,UBER TECHNOLOGIES INC,56100.0,1100000.0,3648.0,100000.0,-52452.0,-1000000.0
871607107,Sold Out,SYNOPSYS INC,42796.0,200000.0,,,,
852234103,Not New,SQUARE INC,125143.0,575000.0,93466.0,575000.0,-31677.0,0.0
009066101,New Holding,AIRBNB INC,,,51380.0,350000.0,,
31188V100,Not New,FASTLY INC,38443.0,440000.0,20610.0,220000.0,-17833.0,-220000.0
443573100,Not New,HUBSPOT INC,93163.0,235000.0,69375.0,237400.0,-23788.0,2400.0
824348106,Not New,SHERWIN WILLIAMS CO,66142.0,90000.0,82215.0,118000.0,16073.0,28000.0
18915M107,Not New,CLOUDFLARE INC,37995.0,500000.0,20530.0,500000.0,-17465.0,0.0
70450Y103,Not New,PAYPAL HLDGS INC,99535.0,425000.0,83738.0,425000.0,-15797.0,0.0
58733R102,Not New,MERCADOLIBRE INC,108889.0,65000.0,70361.0,65000.0,-38528.0,0.0
M4R82T106,Sold Out,FIVERR INTL LTD,20847.0,150000.0,,,,
722304102,New Holding,PINDUODUO INC,,,31981.0,180000.0,,
016255101,Not New,ALIGN TECHNOLOGY INC,106876.0,200000.0,65472.0,200000.0,-41404.0,0.0
52567D107,New Holding,LEMONADE INC,,,27563.0,225000.0,,
98980L101,Not New,ZOOM VIDEO COMMUNICATIONS IN,27660.0,82000.0,56883.0,121000.0,29223.0,39000.0
88339P101,New Holding,THE REALREAL INC,,,9770.0,500000.0,,
48138M105,New Holding,JUMIA TECHNOLOGIES AG,,,22193.0,550000.0,,
L8681T102,Not New,SPOTIFY TECHNOLOGY S A,66079.0,210000.0,50940.0,210000.0,-15139.0,0.0
67066G104,Not New,NVIDIA CORPORATION,13055.0,25000.0,13531.0,25000.0,476.0,0.0
G8990D125,New Holding,TPG PACE BEN FIN CORP,,,15522.0,600000.0,,
81141R100,Not New,SEA LTD,77032.0,387000.0,91654.0,595000.0,14622.0,208000.0
550424105,New Holding,LUMINAR TECHNOLOGIES INC,,,23800.0,700000.0,,
01609W102,Not New,ALIBABA GROUP HLDG LTD,59346.0,255000.0,88194.0,300000.0,28848.0,45000.0
