CUSIP,status,NAME OF ISSUER,(x$1000)_old,PRN AMT_old,(x$1000),PRN AMT,(x$1000)_change,PRN AMT_change
92764N102,Not New,VIR BIOTECHNOLOGY INC,605674.0,22616666.0,926605.0,22616666.0,320931.0,0.0
40131M109,Not New,GUARDANT HEALTH INC,816836.0,6337960.0,1138900.0,14037960.0,322064.0,7700000.0
25809K105,New Holding,DOORDASH INC,,,8989465.0,62973485.0,,
88025U109,Sold Out,10X Genomics Inc.,146460.0,1639901.0,,,,
83088V102,Sold Out,Slack Technologies Inc.,59666.0,1919153.0,,,,
90353T100,Not New,UBER TECHNOLOGIES INC,11333637.0,222228178.0,6906852.0,222228178.0,-4426785.0,0.0
81578P106,New Holding,SEER INC,,,162614.0,2896578.0,,
68248T105,New Holding,ONECONNECT FINL TECHNOLOGY C,,,87600.0,4444444.0,,
75943R102,New Holding,RELAY THERAPEUTICS INC,,,1159730.0,27904963.0,,
683712103,New Holding,OPENDOOR TECHNOLOGIES INC,,,1673389.0,73620282.0,,
