CUSIP,status,NAME OF ISSUER,(x$1000)_old,PRN AMT_old,(x$1000),PRN AMT,(x$1000)_change,PRN AMT_change
12233L107,Sold Out,BURNING ROCK BIOTECH LTD,10032.0,400000.0,,,,
008252108,Not New,AFFILIATED MANAGERS GROUP IN,34077.0,335073.0,22912.0,335073.0,-11165.0,0.0
04016X101,Not New,ARGENX SE,138222.0,470000.0,123384.0,470000.0,-14838.0,0.0
192010106,New Holding,CODIAK BIOSCIENCES INC,,,11845.0,366721.0,,
H0036K147,Not New,ADC THERAPEUTICS SA,16005.0,500000.0,16495.0,500000.0,490.0,0.0
88025U109,Not New,10X GENOMICS INC,10620.0,75000.0,9351.0,75000.0,-1269.0,0.0
G7552B121,Not New,RIBBIT LEAP LTD,749.0,50000.0,650.0,50000.0,-99.0,0.0
34633R104,Not New,FORMA THERAPEUTICS HLDGS INC,38390.0,1100000.0,24920.0,500000.0,-13470.0,-600000.0
G5269C101,Not New,KINIKSA PHARMACEUTICALS LTD,51597.0,2920023.0,44735.0,2920023.0,-6862.0,0.0
00288U106,New Holding,ABCELLERA BIOLOGICS INC,,,24144.0,600000.0,,
07373V105,Not New,BEAM THERAPEUTICS INC,242177.0,2966403.0,73033.0,2966403.0,-169144.0,0.0
44332N106,Not New,HUAZHU GROUP LTD,25086.0,557102.0,5569.0,128786.0,-19517.0,-428316.0
52490G102,Not New,LEGEND BIOTECH CORP,18304.0,650000.0,20066.0,650000.0,1762.0,0.0
16949A206,Not New,CHINA JO-JO DRUGSTORES INC,4888.0,4840000.0,4694.0,4840000.0,-194.0,0.0
585464100,Not New,MELCO RESORTS AND ENTMNT LTD,31514.0,1698877.0,28286.0,1698877.0,-3228.0,0.0
13124Q106,Not New,CALLIDITAS THERAPEUTICS AB,35611.0,1047687.0,8400.0,350000.0,-27211.0,-697687.0
36118L106,Not New,FUTU HLDGS LTD,6863.0,150000.0,4293.0,150000.0,-2570.0,0.0
07725L102,Not New,BEIGENE LTD,1413977.0,5472259.0,1567474.0,5472259.0,153497.0,0.0
50202M102,Sold Out,LI AUTO INC,29057.0,1670931.0,,,,
98422D105,Sold Out,XPENG INC,18395.0,916518.0,,,,
19240Q201,New Holding,COGENT BIOSCIENCES INC,,,11230.0,1000000.0,,
608012100,Not New,MOGU INC,22670.0,10446970.0,24550.0,10446970.0,1880.0,0.0
019770106,Not New,ALLOGENE THERAPEUTICS INC,20192.0,800000.0,30168.0,800000.0,9976.0,0.0
N2451R105,Not New,CUREVAC N V,4151.0,51199.0,8667.0,186183.0,4516.0,134984.0
985194109,New Holding,YATSEN HLDG LTD,,,34074.0,2004329.0,,
81141R100,Not New,SEA LTD,67204.0,337622.0,13497.0,87622.0,-53707.0,-250000.0
35104E100,New Holding,4D MOLECULAR THERAPEUTICS IN,,,9326.0,225000.0,,
449585108,Not New,IGM BIOSCIENCES INC,13366.0,151390.0,25834.0,350000.0,12468.0,198610.0
10806X102,Not New,BRIDGEBIO PHARMA INC,335042.0,4711604.0,176779.0,4711604.0,-158263.0,0.0
589492107,Not New,MEREO BIOPHARMA GROUP PLC,10655.0,2976121.0,4187.0,1598185.0,-6468.0,-1377936.0
38341P102,Not New,GOSSAMER BIO INC,71761.0,7420974.0,92094.0,7420974.0,20333.0,0.0
98954M200,Not New,ZILLOW GROUP INC,39243.0,302336.0,30714.0,302336.0,-8529.0,0.0
74065P101,Not New,PRELUDE THERAPEUTICS INC,53663.0,750000.0,22598.0,750000.0,-31065.0,0.0
372303206,Not New,GENMAB A/S,57058.0,1403288.0,54915.0,1500000.0,-2143.0,96712.0
670002401,Sold Out,NOVAVAX INC,41732.0,385158.0,,,,
612657205,New Holding,MONTES ARCHIMEDES ACQUISITIO,,,5250.0,500000.0,,
04335A105,Sold Out,ARVINAS INC,7378.0,312500.0,,,,
98980A105,Not New,ZTO EXPRESS CAYMAN INC,97554.0,3345475.0,100097.0,3345475.0,2543.0,0.0
09627Y109,Not New,BLUEPRINT MEDICINES CORP,142490.0,1270529.0,126501.0,1364631.0,-15989.0,94102.0
28249H104,Not New,EIDOS THERAPEUTICS INC,23500.0,178600.0,9025.0,178600.0,-14475.0,0.0
65343E108,Not New,NEXTCURE INC,6958.0,638307.0,5617.0,638307.0,-1341.0,0.0
90353T100,Not New,UBER TECHNOLOGIES INC,596627.0,11698570.0,702630.0,19260700.0,106003.0,7562130.0
926613100,Not New,VIELA BIO INC,85695.0,2382414.0,69572.0,2477631.0,-16123.0,95217.0
68902V107,Not New,OTIS WORLDWIDE CORP,41513.0,614556.0,38361.0,614556.0,-3152.0,0.0
50107A104,New Holding,KRONOS BIO INC,,,19667.0,658436.0,,
65487U108,Not New,NKARTA INC,34150.0,555556.0,16700.0,555556.0,-17450.0,0.0
75901B107,Not New,REGENXBIO INC,20684.0,456000.0,12549.0,456000.0,-8135.0,0.0
62914V106,Sold Out,NIO INC,51177.0,2411750.0,,,,
16954W101,Not New,CHINA INDEX HLDGS LTD,591.0,300000.0,435.0,300000.0,-156.0,0.0
01626L105,New Holding,ALIGOS THERAPEUTICS INC,,,59864.0,2165064.0,,
03969F109,Not New,ARCUS BIOSCIENCES INC,16225.0,625000.0,10713.0,625000.0,-5512.0,0.0
91818X108,Not New,UXIN LTD,2004.0,2297318.0,1998.0,2297318.0,-6.0,0.0
01609W102,Sold Out,ALIBABA GROUP HLDG LTD,1188303.0,4042123.0,,,,
G28302126,Not New,DRAGONEER GROWTH OPPORTUN CO,2798.0,200000.0,2450.0,200000.0,-348.0,0.0
62857M105,Sold Out,MYOKARDIA INC,94157.0,690658.0,,,,
25809K105,New Holding,DOORDASH INC,,,122551.0,858500.0,,
66981J102,New Holding,MINISO GROUP HLDG LTD,,,10343.0,391933.0,,
79466L302,Not New,SALESFORCE COM INC,238573.0,1072095.0,248378.0,988295.0,9805.0,-83800.0
26818M108,Not New,DYNE THERAPEUTICS INC,12600.0,600000.0,12114.0,600000.0,-486.0,0.0
N5749R100,Not New,MERUS N V,10518.0,600000.0,7200.0,600000.0,-3318.0,0.0
501575104,Sold Out,KYMERA THERAPEUTICS INC,8078.0,250000.0,,,,
3621LQ109,Not New,G1 THERAPEUTICS INC,8540.0,474716.0,10966.0,949431.0,2426.0,474715.0
81807M106,New Holding,17 ED & TECHNOLOGY GROUP INC,,,59482.0,4643391.0,,
05464T104,New Holding,AXSOME THERAPEUTICS INC,,,29329.0,360000.0,,
833445109,Not New,SNOWFLAKE INC,94550.0,336000.0,105420.0,420000.0,10870.0,84000.0
31572Q808,Not New,FIBROGEN INC,146720.0,3955787.0,162662.0,3955787.0,15942.0,0.0
83410S108,Not New,SOHU COM LTD,12784.0,802034.0,15928.0,802034.0,3144.0,0.0
05370A108,Not New,AVIDITY BIOSCIENCES INC,10846.0,425000.0,11964.0,425000.0,1118.0,0.0
00973Y108,Not New,AKERO THERAPEUTICS INC,42742.0,1656673.0,51009.0,1656673.0,8267.0,0.0
084310101,Not New,BERKELEY LTS INC,17882.0,200000.0,15272.0,200000.0,-2610.0,0.0
47215P106,Not New,JD.COM INC,1194125.0,13585041.0,1242151.0,16005041.0,48026.0,2420000.0
874039100,Not New,TAIWAN SEMICONDUCTOR MFG LTD,43670.0,400495.0,32468.0,400495.0,-11202.0,0.0
44975P103,Not New,I MAB,70562.0,1496540.0,70382.0,1496540.0,-180.0,0.0
46591M109,Sold Out,JOYY INC,19319.0,239476.0,,,,
50127T109,New Holding,KURA ONCOLOGY INC,,,21229.0,650000.0,,
702712100,Sold Out,PASSAGE BIO INC,3286.0,250616.0,,,,
87808K106,Not New,TCR2 THERAPEUTICS INC,9987.0,322903.0,6561.0,322903.0,-3426.0,0.0
016255101,Not New,ALIGN TECHNOLOGY INC,97408.0,182283.0,129367.0,395183.0,31959.0,212900.0
98980L101,Not New,ZOOM VIDEO COMMUNICATIONS IN,1005640.0,2981265.0,2356214.0,5012049.0,1350574.0,2030784.0
98459U103,Sold Out,YALLA GROUP LTD,14000.0,2000000.0,,,,
037833100,New Holding,APPLE INC,,,39807.0,300000.0,,
G21515104,Not New,CHINA BIOLOGIC PRODS HLDGS I,349851.0,2962076.0,329205.0,2962076.0,-20646.0,0.0
G3075P101,Not New,ENSTAR GROUP LIMITED,358115.0,1747840.0,282276.0,1747840.0,-75839.0,0.0
04685N103,Not New,ATHENEX INC,4772.0,431440.0,8773.0,725000.0,4001.0,293560.0
482497104,Not New,KE HLDGS INC,307700.0,5000000.0,306500.0,5000000.0,-1200.0,0.0
49271V100,Not New,KEURIG DR PEPPER INC,39445.0,1232666.0,13360.0,484068.0,-26085.0,-748598.0
77664L108,New Holding,ROOT INC,,,40846.0,2600000.0,,
609207105,Not New,MONDELEZ INTL INC,120201.0,2055764.0,127841.0,2225264.0,7640.0,169500.0
50015M109,New Holding,KODIAK SCIENCES INC,,,170035.0,1157407.0,,
400110102,Not New,GRUBHUB INC,12580.0,169386.0,12252.0,169386.0,-328.0,0.0
46267X108,Not New,IQIYI INC,675575.0,38648477.0,887447.0,39302362.0,211872.0,653885.0
15117P102,Not New,CELLULAR BIOMEDICINE GROUP I,4323.0,235214.0,4314.0,235214.0,-9.0,0.0
090040106,Not New,BILIBILI INC,345883.0,4035035.0,167857.0,4035035.0,-178026.0,0.0
22304C100,Not New,COVETRUS INC,4458.0,155124.0,3785.0,155124.0,-673.0,0.0
43906K100,Not New,HOOKIPA PHARMA INC,10461.0,943254.0,8933.0,943254.0,-1528.0,0.0
03753U106,Not New,APELLIS PHARMACEUTICALS INC,287618.0,5028289.0,151703.0,5028289.0,-135915.0,0.0
874080104,Not New,TAL EDUCATION GROUP,290025.0,4055722.0,313198.0,4118862.0,23173.0,63140.0
36165L108,Not New,GDS HLDGS LTD,294369.0,3143623.0,257243.0,3143623.0,-37126.0,0.0
109199109,Not New,BRIGHT SCHOLAR ED HLDGS LTD,22958.0,3985797.0,25469.0,3985797.0,2511.0,0.0
52187K101,Not New,LEAP THERAPEUTICS INC,8362.0,3716240.0,7358.0,3716240.0,-1004.0,0.0
68062P106,New Holding,OLEMA PHARMACEUTICALS INC,,,29829.0,620397.0,,
00108J109,Not New,ACM RESEARCH INC,17394.0,214079.0,8074.0,116841.0,-9320.0,-97238.0
58733R102,Not New,MERCADOLIBRE INC,46110.0,27525.0,29795.0,27525.0,-16315.0,0.0
30711Y300,Not New,FANG HLDGS LTD,402.0,30000.0,345.0,30000.0,-57.0,0.0
722304102,Not New,PINDUODUO INC,1817570.0,10230032.0,756784.0,10206116.0,-1060786.0,-23916.0
04683R106,New Holding,ATEA PHARMACEUTICALS INC,,,5223.0,125000.0,,
23282W605,New Holding,CYTOKINETICS INC,,,4794.0,230718.0,,
74704P108,Sold Out,PUXIN LTD,1121.0,126145.0,,,,
