CUSIP,status,NAME OF ISSUER,(x$1000)_old,PRN AMT_old,(x$1000),PRN AMT,(x$1000)_change,PRN AMT_change
04911A107,Not New,Atlantic Union Bankshares Corp,5534,168000,5534,168000,0,0
565849106,Not New,MARATHON OIL CORP,49040,7352351,49040,7352351,0,0
03662P107,Not New,ANTA SPORTS PRODS LTD ADR,3863,9749,3863,9749,0,0
999D5458T,Not New,ESCROW WASHINGTON MUTUAL INC,0,28530,0,28530,0,0
56585A102,Not New,MARATHON PETE CORP,445,10747,445,10747,0,0
G1151C101,Not New,ACCENTURE PLC IRELAND,556,2127,556,2127,0,0
16115Q308,Not New,CHART INDS INC,121914,1035012,121914,1035012,0,0
83404D109,Not New,SOFTBANK GROUP CORP ADR ADR,12000,307505,12000,307505,0,0
254543101,Not New,DIODES INC,16742,237470,16742,237470,0,0
500754106,Not New,KRAFT HEINZ CO,237,6848,237,6848,0,0
99949560T,Not New,SPDR MSCI WORLD TECH UCITS ETF,218,2219,218,2219,0,0
464287655,Not New,ISHARES TR RUSSELL 2000 ETF,722,3685,722,3685,0,0
92936U109,Not New,WP CAREY INC,488,6920,488,6920,0,0
464286707,Not New,ISHARES INC MSCI FRANCE ETF,10545,317052,10545,317052,0,0
337344105,Not New,FIRST TR NAS100 EQ WEIGHTED IX,318,3155,318,3155,0,0
960908309,Not New,WESTPORT FUEL SYSTEMS INC,87,16289,87,16289,0,0
9999CDBCT,Not New,ESCROW LEHMAN BROTHERS HOLDING,0,30000,0,30000,0,0
87946F100,Not New,TELEPERFORMANCE SA ADR,914,5509,914,5509,0,0
55027E102,Not New,LUMINEX CORP DEL COM,802,34671,802,34671,0,0
44332N106,Not New,HUAZHU GROUP LTDSPONSORED ADR,7392,164152,7392,164152,0,0
12571T100,Not New,CMC MATERIALS INC,2604,17212,2604,17212,0,0
140703109,Not New,CAPITAN MINING INC,4,19454,4,19454,0,0
9995FC1CT,Not New,ESCROW WALKER INNOVATION,0,17000,0,17000,0,0
76169C100,Not New,REXFORD INDL RLTY INC,2538,51682,2538,51682,0,0
68268M105,Not New,ONELIFE TECHNOLOGIES CORP,0,16000,0,16000,0,0
436440101,Not New,HOLOGIC INC,1103,15142,1103,15142,0,0
422806109,Not New,HEICO CORP NEW,106424,803808,106424,803808,0,0
889110102,Not New,TOKYO ELECTRON LTD ADR ADR,418276,4498425,418276,4498425,0,0
149123101,Not New,CATERPILLAR INC DEL,1126345,6188027,1126345,6188027,0,0
806857108,Not New,SCHLUMBERGER LTD,308509,14132349,308509,14132349,0,0
98419M100,Not New,XYLEM INC,4543,44629,4543,44629,0,0
45337C102,Not New,INCYTE CORP,3239,37239,3239,37239,0,0
46435U853,Not New,ISHARES TR BROAD USD HIGH,162731,3944027,162731,3944027,0,0
423452101,Not New,HELMERICH& PAYNE INC,26542,1146014,26542,1146014,0,0
311642102,Not New,FARO TECHNOLOGIES INC,1737,24586,1737,24586,0,0
693475105,Not New,PNC FINL SVCS GROUP INC,1176,7889,1176,7889,0,0
02079K305,Not New,ALPHABET INC CLASS A,2927657,1670427,2927657,1670427,0,0
110448107,Not New,BRITISH AMERN TOB PLC ADR,486,12964,486,12964,0,0
405024100,Not New,HAEMONETICS CORP,18303,154134,18303,154134,0,0
989825104,Not New,ZURICH INS GROUP LTD ADR,261,6172,261,6172,0,0
861012102,Not New,STMICROELECTRONICS N V NYS,390,10497,390,10497,0,0
714046109,Not New,PERKINELMER INC,8234,57377,8234,57377,0,0
88160R101,Not New,TESLA INC,3190,4520,3190,4520,0,0
92204A603,Not New,VANGUARD INDUSTRIALS ETF,1005,5910,1005,5910,0,0
816851109,Not New,SEMPRA ENERGY,245,1921,245,1921,0,0
83600C103,Not New,SOTHERLY HOTELS INC,26,10200,26,10200,0,0
23636T100,Not New,DANONE ADR,1245,94671,1245,94671,0,0
223622606,Not New,COWEN INC,3637,139920,3637,139920,0,0
81369Y407,Not New,SPDR CONS DISC SELECT SECTOR,68588,426594,68588,426594,0,0
15872M104,Not New,CHAMPIONX CORPORATION,2512,164167,2512,164167,0,0
459200101,Not New,INTERNATIONAL BUSINESS MACHS,2376,18874,2376,18874,0,0
07725L102,Not New,BEIGENE LTD ADR,417,1615,417,1615,0,0
48666K109,Not New,KB HOME,92264,2752505,92264,2752505,0,0
81369Y506,Not New,SPDR ENERGY SELECT SECTOR,2361,62305,2361,62305,0,0
9995B12BT,Not New,HALYK SAVINGS BANK EA REPR GDR,312,26770,312,26770,0,0
92343X100,Not New,VERINT SYS INC,87810,1307080,87810,1307080,0,0
11135F101,Not New,BROADCOM INC COM,1785,4075,1785,4075,0,0
46120E602,Not New,INTUITIVE SURGICAL INC,1000871,1223409,1000871,1223409,0,0
011642105,Not New,ALARM COM HLDGS INC,20255,195797,20255,195797,0,0
194162103,Not New,COLGATE PALMOLIVE CO,420,4909,420,4909,0,0
922908629,Not New,VANGUARD INDEX FDS MID CAP ETF,824,3983,824,3983,0,0
72201R817,Not New,PIMCO ETF TR INV GRD CRP BD,406,3468,406,3468,0,0
53956W300,Not New,LOCALIZA RENT A CAR ADR,6763,509477,6763,509477,0,0
464288836,Not New,ISHARES TR U.S. PHARMA ETF,1666,9283,1666,9283,0,0
464286608,Not New,ISHARES MSCI EUROZONE ETF,78165,1773261,78165,1773261,0,0
71654V408,Not New,PETROLEO BRASILEIRO SA PET ADR,442154,39372571,442154,39372571,0,0
72811P102,Not New,PLAYERS NETWORK,0,10000,0,10000,0,0
922908751,Not New,VANGUARD INDEX FDS SMALL CP ET,457,2350,457,2350,0,0
773903109,Not New,ROCKWELL AUTOMATION INC,34933,139281,34933,139281,0,0
244199105,Not New,DEERE& CO,33717,125316,33717,125316,0,0
71715X104,Not New,PHARMACYTE BIOTECH INC,3,401553,3,401553,0,0
48203R104,Not New,JUNIPER NETWORKS INC,956,42481,956,42481,0,0
92346J108,Not New,VERICEL CORP,933,30212,933,30212,0,0
67020Y100,Not New,NUANCE COMMUNICATIONS INC,3080,69859,3080,69859,0,0
580135101,Not New,MCDONALDS CORP,118726,553294,118726,553294,0,0
197236102,Not New,COLUMBIA BKG SYS INC,974,27131,974,27131,0,0
46435G193,Not New,ISHARES TR ESG USD CORPT,8533,301103,8533,301103,0,0
278642103,Not New,EBAY INC.,448,8920,448,8920,0,0
464288687,Not New,ISHARES PREFERRED& INCOME SEC,222,5773,222,5773,0,0
075887109,Not New,BECTON DICKINSON& CO,495,1977,495,1977,0,0
130266109,Not New,CALIFORNIA GRAPES INTL INC,0,50000,0,50000,0,0
09180C106,Not New,BJS RESTAURANTS INC,14282,371062,14282,371062,0,0
032654105,Not New,ANALOG DEVICES INC,229,1553,229,1553,0,0
46434V738,Not New,ISHARES TR CORE MSCI EURO,17181,335034,17181,335034,0,0
532457108,Not New,LILLY ELI& CO,850580,5037790,850580,5037790,0,0
46115H107,Not New,INTESA SANPAOLO S P A ADR,362172,25793891,362172,25793891,0,0
64110L106,Not New,NETFLIX INC COM,1999486,3697753,1999486,3697753,0,0
701877102,Not New,PARSLEY ENERGY INC,711,50041,711,50041,0,0
737630103,Not New,POTLATCHDELTIC CORPORATION COM,7021,140357,7021,140357,0,0
538034109,Not New,LIVE NATION ENTERTAINMENT INC,771,10488,771,10488,0,0
004498101,Not New,ACI WORLDWIDE INC,10684,278000,10684,278000,0,0
185899101,Not New,CLEVELAND CLIFFS INC,249966,17167991,249966,17167991,0,0
759530108,Not New,RELX PLC SPONSORED ADR ADR,14799,600139,14799,600139,0,0
78445W306,Not New,SMC CORP JAPAN ADR,287592,9433661,287592,9433661,0,0
23331A109,Not New,D R HORTON INC,17323,251353,17323,251353,0,0
126654102,Not New,CV SCIENCES INC,446,949350,446,949350,0,0
83175M205,Not New,SMITH& NEPHEW PLC ADR,477,11308,477,11308,0,0
46333X108,Not New,IRONWOOD PHARMACEUTICALS INC,913,80189,913,80189,0,0
53223X107,Not New,LIFE STORAGE INC,8219,68844,8219,68844,0,0
74112D101,Not New,PRESTIGE CONSUMER HEALTHCARE I,28573,819412,28573,819412,0,0
855244109,Not New,STARBUCKS CORP,769381,7191822,769381,7191822,0,0
88224Q107,Not New,TEXAS CAPITAL BANCSHARES INC,12894,216711,12894,216711,0,0
75629J101,Not New,RECRUIT HOLDINGS CO LTD ADR,5595,668448,5595,668448,0,0
922908736,Not New,VANGUARD INDEX FDS GROWTH ETF,1987,7842,1987,7842,0,0
FHB90320T,Not New,100000TH MARRIOT INTL INC,0,113038,0,113038,0,0
464287333,Not New,ISHARES TR GLOBAL FINLS ETF,952,14626,952,14626,0,0
647581107,Not New,NEW ORIENTAL ED& TECHNOLO ADR,94677,509534,94677,509534,0,0
808524847,Not New,SCHWAB STRATEGIC TR US REIT ET,489,12873,489,12873,0,0
89677Q107,Not New,TRIP COM GROUP LTD ADR,342070,10141421,342070,10141421,0,0
68902V107,Not New,OTIS WORLDWIDE CORP,100616,1489499,100616,1489499,0,0
922908363,Not New,VANGUARD S&P 500 ETF,290020,843841,290020,843841,0,0
844741108,Not New,SOUTHWEST AIRLS CO,307,6578,307,6578,0,0
14448C104,Not New,CARRIER GLOBAL CORPORATION,122119,3237521,122119,3237521,0,0
G8473T100,Not New,STERIS PLC,110043,580580,110043,580580,0,0
58506Q109,Not New,MEDPACE HLDGS INC COM,41225,296160,41225,296160,0,0
498456102,Not New,KLEANGAS ENERGY TECHNOLOGIES I,0,20400,0,20400,0,0
H57312649,Not New,NESTLE S A,479,3950,479,3950,0,0
842587107,Not New,SOUTHERN CO,4858,79089,4858,79089,0,0
75886F107,Not New,REGENERON PHARMACEUTICALS,2525,5227,2525,5227,0,0
464288323,Not New,ISHARES NEW YORK MUNI BOND ETF,400,6863,400,6863,0,0
921937835,Not New,VANGUARD BD INDEX FDS TOTAL BN,1636,18552,1636,18552,0,0
01609W102,Not New,ALIBABA GROUP HLDG LTD ADR,3245613,13945829,3245613,13945829,0,0
87724P106,Not New,TAYLOR MORRISON HOME CORP,3139,122387,3139,122387,0,0
863667101,Not New,STRYKER CORPORATION,630748,2574059,630748,2574059,0,0
77954Q106,Not New,ROWE T PRICE BLUE CHIP GROWTH,266,1607,266,1607,0,0
21870Q105,Not New,CORESITE RLTY CORP,29389,234589,29389,234589,0,0
98389B100,Not New,XCEL ENERGY INC,525,7872,525,7872,0,0
708160106,Not New,PENNEY J C CORP INC,12,80100,12,80100,0,0
492089107,Not New,KERING S A ADR,24309,334247,24309,334247,0,0
438128308,Not New,HONDA MOTOR LTD ADR,190712,6750860,190712,6750860,0,0
456788108,Not New,INFOSYS LTD ADR,322244,19011469,322244,19011469,0,0
65339F101,Not New,NEXTERA ENERGY INC,1006549,13046651,1006549,13046651,0,0
50125N104,Not New,KUMBA IRON ORE LTD ADR,6498,459724,6498,459724,0,0
617700109,Not New,MORNINGSTAR INC,5640,24355,5640,24355,0,0
92206C771,Not New,VANGUARD SCOTTSDALE FDS MORTG-,92280,1706679,92280,1706679,0,0
30255M100,Not New,FBEC WORLDWIDE INC,0,20000,0,20000,0,0
37827X100,Not New,GLENCORE PLC ADR ADR,673,105586,673,105586,0,0
14040H105,Not New,CAPITAL ONE FINL CORP,201641,2039867,201641,2039867,0,0
W2479G107,Not New,ELEKTA AB AKT,159,11800,159,11800,0,0
29977A105,Not New,EVERCORE INC,4402,40150,4402,40150,0,0
05545E209,Not New,BHP GROUP PLC SPONSORED AD ADR,368827,6955065,368827,6955065,0,0
68558W102,Not New,ORBITE TECHNOLOGIES INC,0,18500,0,18500,0,0
H01301128,Not New,ALCON INC,39649,600918,39649,600918,0,0
009279100,Not New,AIRBUS GROUP ADR ADR,42528,1548576,42528,1548576,0,0
H42097107,Not New,UBS GROUP AG,653,46191,653,46191,0,0
N07059210,Not New,ASML HOLDING N V NYS,1880258,3855198,1880258,3855198,0,0
233051663,Not New,DBX ETF TR XTRACK JAPAN JPX,200,6111,200,6111,0,0
64115T104,Not New,NETSCOUT SYS INC,53233,1941395,53233,1941395,0,0
626425102,Not New,MURATA MFG CO LTD ADR,280361,12423089,280361,12423089,0,0
717081103,Not New,PFIZER INC,93641,2543887,93641,2543887,0,0
22822V101,Not New,CROWN CASTLE INTL CORP NEW,336886,2116250,336886,2116250,0,0
94986RH46,Not New,WELLS FARGO& CO,15,15000,15,15000,0,0
303250104,Not New,FAIR ISAAC CORP,65378,127931,65378,127931,0,0
464287325,Not New,ISHARES GLOBAL HEALTH CARE ETF,12441,162730,12441,162730,0,0
040413106,Not New,ARISTA NETWORKS INC COM,5027,17302,5027,17302,0,0
47215P106,Not New,JD.COM INC ADR,688544,7833260,688544,7833260,0,0
81369Y209,Not New,SPDR HEALTH CARE SELECT SECTOR,51748,456173,51748,456173,0,0
874039100,Not New,TAIWAN SEMICONDUCTOR MFG L ADR,3013880,27640127,3013880,27640127,0,0
G3777B103,Not New,GEELY AUTOMOTIVE HLDGS LTD,54,16000,54,16000,0,0
917302200,Not New,USINAS SIDERURGICAS DE MIN ADR,8126,2888956,8126,2888956,0,0
761152107,Not New,RESMED INC,7684,36149,7684,36149,0,0
55405W104,Not New,MYR GROUP INC DEL,1841,30637,1841,30637,0,0
00790R104,Not New,ADVANCED DRAIN SYS INC DEL,1538,18398,1538,18398,0,0
74144T108,Not New,PRICE T ROWE GROUP INC,2160,14270,2160,14270,0,0
136375102,Not New,CANADIAN NATL RY CO,577,5248,577,5248,0,0
75525E107,Not New,REACH MESSAGING HLDGS INC,0,14000,0,14000,0,0
921946406,Not New,VANGUARD WHITEHALL FDS HIGH DI,285,3114,285,3114,0,0
03662Q105,Not New,ANSYS INC,1631,4482,1631,4482,0,0
016255101,Not New,ALIGN TECHNOLOGY INC,224697,420482,224697,420482,0,0
98980L101,Not New,ZOOM VIDEO COMMUNICATIONS INC,250,741,250,741,0,0
16359R103,Not New,CHEMED CORP NEW,93499,175548,93499,175548,0,0
87612E106,Not New,TARGET CORP,805,4562,805,4562,0,0
15699658T,Not New,CERACON INC,0,23268,0,23268,0,0
147448104,Not New,CASELLA WASTE SYS INC,600,9678,600,9678,0,0
307305102,Not New,FANUC CORPORATION ADR,416400,16952394,416400,16952394,0,0
199908104,Not New,COMFORT SYS USA INC,1421,26992,1421,26992,0,0
848574109,Not New,SPIRIT AEROSYSTEMS HLDGS INC,4408,112768,4408,112768,0,0
72341E304,Not New,PING AN INS GROUP CO CHINA ADR,3098,126417,3098,126417,0,0
28176E108,Not New,EDWARDS LIFESCIENCES CORP,508939,5578633,508939,5578633,0,0
44930G107,Not New,ICU MED INC,8380,39068,8380,39068,0,0
70343P103,Not New,PATTEN ENERGY SOLUTIONS GROUP,0,92497,0,92497,0,0
64359T109,Not New,NEW COLOMBIA RES INC,0,120000,0,120000,0,0
24869P104,Not New,DENNYS CORP,35003,2384430,35003,2384430,0,0
927320101,Not New,VINCI S A ADR,234496,9422386,234496,9422386,0,0
922908744,Not New,VANGUARD INDEX FDS VALUE ETF,705,5925,705,5925,0,0
48128LSS9,Not New,JPMORGAN CHASE BK N A,88,100000,88,100000,0,0
45790H101,Not New,INPEX CORP ADR,83,15440,83,15440,0,0
670346105,Not New,NUCOR CORP,10802,203074,10802,203074,0,0
26874R108,Not New,ENI S P A ADR,20142,977768,20142,977768,0,0
99952ECCT,Not New,ESCROW LEHMAN BROS 5.75,0,30000,0,30000,0,0
921908844,Not New,VANGUARD SPECIALIZED FUNDS DIV,437,3095,437,3095,0,0
12591J207,Not New,CSPC PHARMACEUTICAL GROUP ADR,3012,736327,3012,736327,0,0
369604103,Not New,GENERAL ELECTRIC CO,1945,180118,1945,180118,0,0
351676101,Not New,FOY JOHNSON INC,0,50000,0,50000,0,0
053015103,Not New,AUTOMATIC DATA PROCESSING INC,980,5562,980,5562,0,0
055262505,Not New,BASF SE ADR,332,16794,332,16794,0,0
89151E109,Not New,TOTAL SE-SPON ADR ADR,899103,21453178,899103,21453178,0,0
46434V621,Not New,ISHARES TR CORE DIV GRWTH,203,4528,203,4528,0,0
666807102,Not New,NORTHROP GRUMMAN CORP,355,1164,355,1164,0,0
808524607,Not New,SCHWAB STRATEGIC TR US SML CAP,209,2352,209,2352,0,0
172062101,Not New,CINCINNATI FINL CORP,719,8229,719,8229,0,0
316092204,Not New,FIDELITY MSCI CONSUMER DISCRET,362,5057,362,5057,0,0
69181V107,Not New,OXFORD SQUARE CAP CORP,36,11645,36,11645,0,0
191216100,Not New,COCA COLA CO,2457,44807,2457,44807,0,0
460690100,Not New,INTERPUBLIC GROUP COS INC,260,11038,260,11038,0,0
69367Q104,Not New,PT UNILEVER INDONESIA TBK ADR,778,74339,778,74339,0,0
78409V104,Not New,S&P GLOBAL INC,333,1012,333,1012,0,0
80585Y308,Not New,SBERBANK RUSSIA SPONSORED ADR,3607,246008,3607,246008,0,0
464287622,Not New,ISHARES TR RUS 1000 ETF,224,1057,224,1057,0,0
866082100,Not New,SUMMIT HOTEL PPTYS INC,200,22181,200,22181,0,0
03476L102,Not New,ANGIOSOMA INC,0,10000,0,10000,0,0
74965L101,Not New,RLJ LODGING TR,33161,2343544,33161,2343544,0,0
896522109,Not New,TRINITY INDS INC,202,7636,202,7636,0,0
372460105,Not New,GENUINE PARTS CO,342,3409,342,3409,0,0
639050103,Not New,NATUS MED INC DEL,8834,440827,8834,440827,0,0
826197501,Not New,SIEMENS A G ADR,1002265,13940464,1002265,13940464,0,0
879369106,Not New,TELEFLEX INCORPORATED,2053,4988,2053,4988,0,0
125269100,Not New,CF INDS HLDGS INC,656,16954,656,16954,0,0
589889104,Not New,MERIT MED SYS INC,16736,301500,16736,301500,0,0
92204A504,Not New,VANGUARD WORLD FDS HEALTH CAR,287,1284,287,1284,0,0
99929324T,Not New,1/100 BERKSHIRE HTWY CLA100 SH,696,2,696,2,0,0
30303M102,Not New,FACEBOOK INC,1261776,4619181,1261776,4619181,0,0
219350105,Not New,CORNING INC COM,243,6756,243,6756,0,0
22160K105,Not New,COSTCO WHSL CORP NEW,1330298,3530700,1330298,3530700,0,0
443251103,Not New,HOYA CORP ADR,4949,35806,4949,35806,0,0
829073105,Not New,SIMPSON MANUFACTURING CO INC,14901,159450,14901,159450,0,0
456837103,Not New,ING GROEP N.V. ADR,371332,39336026,371332,39336026,0,0
513847103,Not New,LANCASTER COLONY CORP,54096,294430,54096,294430,0,0
9996A6F2T,Not New,KRANESHARES CHNA INTERNT UCITS,41549,848972,41549,848972,0,0
49926D109,Not New,KNOWLES CORP,52239,2834481,52239,2834481,0,0
58733R102,Not New,MERCADOLIBRE INC COM,415909,248271,415909,248271,0,0
88156J105,Not New,TERUMO CORP ADR,585,14001,585,14001,0,0
45256Q108,Not New,IMOGO MOBILE TECHNOLOGIES CORP,0,15000,0,15000,0,0
641069406,Not New,NESTLE S A ADR,493290,4182275,493290,4182275,0,0
750723108,Not New,RAIA DROGASIL SA SPONSORED ADR,2077,430756,2077,430756,0,0
100557107,Not New,BOSTON BEER INC,120411,121102,120411,121102,0,0
M22465104,Not New,CHECK POINT SOFTWARE TECH LTD,3666,27584,3666,27584,0,0
19624Y200,Not New,COLOPLAST AS,753,49256,753,49256,0,0
78468R622,Not New,SPDR SERIES TRUST BLOOMBERG BR,60227,552847,60227,552847,0,0
617446448,Not New,MORGAN STANLEY,635293,9270283,635293,9270283,0,0
09202T103,Not New,BLACK DRAGON RESOURCE COS INC,0,1300000,0,1300000,0,0
533900106,Not New,LINCOLN ELEC HLDGS INC,88802,763884,88802,763884,0,0
78468R556,Not New,SPDR S&P OIL& GAS E&P ETF,3599,61516,3599,61516,0,0
82771R105,Not New,SILVER FALCON MNG INC,0,21900,0,21900,0,0
670704105,Not New,NUVASIVE INC,53185,944161,53185,944161,0,0
9995C1C8T,Not New,ESCROW LEHMAN BROTHERS HOLDING,0,45000,0,45000,0,0
46434G772,Not New,ISHARES MSCI TAIWAN ETF,292,5501,292,5501,0,0
316092600,Not New,FIDELITY MSCI HLTH CARE I,409,7085,409,7085,0,0
501044101,Not New,KROGER CO,862,27153,862,27153,0,0
91729J107,Not New,US GLOBAL NANOSPACE INC,0,20000,0,20000,0,0
87157D109,Not New,SYNAPTICS INC,121573,1261126,121573,1261126,0,0
69354M108,Not New,PRA HEALTH SCIENCES INC,20037,159734,20037,159734,0,0
46018A100,Not New,INTERNATIONAL PWR GROUP LTD,0,39000,0,39000,0,0
06652V208,Not New,BANNER CORP,674,14457,674,14457,0,0
04537N103,Not New,ASPIRE INTERNATIONAL INC,0,10000,0,10000,0,0
45845P108,Not New,INTERCEPT PHARMACEUTICALS INC,1481,59970,1481,59970,0,0
724078100,Not New,PIPER SANDLER COMPANIES,9219,91366,9219,91366,0,0
192479103,Not New,COHERENT INC,55129,367475,55129,367475,0,0
144285103,Not New,CARPENTER TECHNOLOGY CORP,14152,486003,14152,486003,0,0
43785V102,Not New,HOMESTREET INC,498,14754,498,14754,0,0
46138E800,Not New,INVESCO EXCHNG TRADED FD TR II,2081,25278,2081,25278,0,0
45780R101,Not New,INSTALLED BLDG PRODS INC,2309,22652,2309,22652,0,0
464289180,Not New,ISHARES MSCI EUROPE FN ETF,359411,20490925,359411,20490925,0,0
073685109,Not New,BEACON ROOFING SUPPLY INC,63165,1571661,63165,1571661,0,0
46435G243,Not New,ISHARES TR ESG 1 5 YR USD,4257,162607,4257,162607,0,0
502441306,Not New,LVMH MOET HENNESSY LOU VUI ADR,1473158,11783105,1473158,11783105,0,0
999F9485T,Not New,ESCROW ILINC COMM INC,0,15000,0,15000,0,0
98138H101,Not New,WORKDAY INC,1023,4269,1023,4269,0,0
880779103,Not New,TEREX CORP NEW,89539,2566318,89539,2566318,0,0
46435G334,Not New,ISHARES MSCI UNITED KINGDOM,312,10641,312,10641,0,0
282579309,Not New,EISAI LTD ADR,992,13887,992,13887,0,0
09247X101,Not New,BLACKROCK INC,102115,141523,102115,141523,0,0
92203J407,Not New,VANGUARD CHARLOTTE FDS INTL BD,378,6454,378,6454,0,0
78464A474,Not New,SPDR PORTFOLIO SHORT TERM CORP,623494,19856484,623494,19856484,0,0
78463V107,Not New,SPDR GOLD TR GOLD SHS,374,2096,374,2096,0,0
25470F104,Not New,DISCOVERY INC COM SER A,866,28787,866,28787,0,0
891092108,Not New,TORO CO,106381,1121687,106381,1121687,0,0
808524797,Not New,SCHWAB STRATEGIC TR US DIVIDEN,669,10434,669,10434,0,0
83186E101,Not New,SMART CANNABIS CORP,0,10000,0,10000,0,0
31847R102,Not New,FIRST AMERN FINL CORP,51027,988318,51027,988318,0,0
74347M108,Not New,PROPETRO HLDG CORP,12796,1731578,12796,1731578,0,0
17290L106,Not New,CITIC SECS CO LTD UNSP ADR ADR,1469,65179,1469,65179,0,0
133131102,Not New,CAMDEN PPTY TR SH BEN INT,498,4982,498,4982,0,0
021515101,Not New,ALTO GROUP HOLDINGS INC,0,43034,0,43034,0,0
149568107,Not New,CAVCO INDS INC DEL,10036,57200,10036,57200,0,0
059578104,Not New,BANCO DO BRASIL S A SPONSO ADR,1155,154626,1155,154626,0,0
989207105,Not New,ZEBRA TECHNOLOGIES CORP CL A,360,937,360,937,0,0
40434L105,Not New,HP INC COM,225,9134,225,9134,0,0
01741R102,Not New,ALLEGHENY TECHNOLOGIES INC,43462,2591665,43462,2591665,0,0
54211N101,Not New,LONDON STK EXCHANGE GROUP ADR,1849,60065,1849,60065,0,0
67060U208,Not New,NUTRA PHARMA CORP,0,100063,0,100063,0,0
971378104,Not New,WILLSCOT MOBIL MINI HLDNG CORP,18761,809694,18761,809694,0,0
431475102,Not New,HILL ROM HLDGS INC,71056,725286,71056,725286,0,0
79546E104,Not New,SALLY BEAUTY HLDGS INC,28341,2173405,28341,2173405,0,0
464287408,Not New,ISHARES TR S&P 500 VAL ETF,258,2014,258,2014,0,0
G38529106,Not New,GETGO INC,0,315000,0,315000,0,0
853373108,Not New,STANDARD ENERGY CORP,2,576920,2,576920,0,0
487836108,Not New,KELLOGG CO,658,10568,658,10568,0,0
G01767105,Not New,ALKERMES PLC,1402,70286,1402,70286,0,0
99990D56T,Not New,ESCROW LEHMAN BROS HLDGS INC,0,17314,0,17314,0,0
779546100,Not New,ROWE T PRICE DIVID GROWTH FD I,483,8045,483,8045,0,0
40637H109,Not New,HALOZYME THERAPEUTICS INC,38897,910715,38897,910715,0,0
516544103,Not New,LANTHEUS HLDGS INC,632,46829,632,46829,0,0
207410101,Not New,CONMED CORP,35646,318268,35646,318268,0,0
48243C109,Not New,KBS REAL ESTATE INVT TRUST II,0,15260,0,15260,0,0
69404D108,Not New,PACIFIC BIOSCIENCES CALIF INC,1488,57374,1488,57374,0,0
526057302,Not New,LENNAR CORP CL B,951,15545,951,15545,0,0
46432F339,Not New,ISHARES TR MSCI USA QLT FCT,223,1917,223,1917,0,0
12637N204,Not New,CSL LTD ADR,36762,336472,36762,336472,0,0
464287168,Not New,ISHARES TR SELECT DIVID ETF,227,2355,227,2355,0,0
88338H100,Not New,THERATECHNOLOGIES INC,100,40183,100,40183,0,0
882508104,Not New,TEXAS INSTRS INC,72994,444732,72994,444732,0,0
33733E104,Not New,FIRST TR EXCHANGE TRADED FD CA,247,3662,247,3662,0,0
670100205,Not New,NOVO-NORDISK A S ADR,1105645,15828850,1105645,15828850,0,0
N97284108,Not New,YANDEX N V,385908,5546255,385908,5546255,0,0
464285105,Not New,ISHARES GOLD TRUST ISHARES,273,15040,273,15040,0,0
302130109,Not New,EXPEDITORS INTL WASH INC,1977,20790,1977,20790,0,0
05277E104,Not New,AUTO TRADER GROUP PLC ADR,34,16687,34,16687,0,0
31816Q101,Not New,FIREEYE INC,29419,1275768,29419,1275768,0,0
438516106,Not New,HONEYWELL INTL INC,33002,155158,33002,155158,0,0
05153V105,Not New,AURASOURCE INC,23,50000,23,50000,0,0
458140100,Not New,INTEL CORP,1454771,29200534,1454771,29200534,0,0
G4705A100,Not New,ICON PLC,2106,10802,2106,10802,0,0
464286764,Not New,ISHARES INC MSCI SPAIN ETF,2347,86811,2347,86811,0,0
92204A306,Not New,VANGUARD WORLD FDS ENERGY ETF,728,14044,728,14044,0,0
786584102,Not New,SAFRAN ADR,3802,107203,3802,107203,0,0
55354G100,Not New,MSCI INC,90006,201567,90006,201567,0,0
697435105,Not New,PALO ALTO NETWORKS INC,334,939,334,939,0,0
05946K101,Not New,BANCO BILBAO VIZCAYA ARGEN ADR,188854,38229640,188854,38229640,0,0
97651M109,Not New,WIPRO LTD ADR,21700,3840655,21700,3840655,0,0
45784P101,Not New,INSULET CORP,85647,335044,85647,335044,0,0
69366X100,Not New,PT BK RAKYAT ADR,26515,1786765,26515,1786765,0,0
88579Y101,Not New,3M CO,856275,4898880,856275,4898880,0,0
45687V106,Not New,INGERSOLL RAND INC,919,20162,919,20162,0,0
723787107,Not New,PIONEER NAT RES CO,9116,80041,9116,80041,0,0
126132109,Not New,CNOOC LIMITED ADR,285,3114,285,3114,0,0
713448108,Not New,PEPSICO INC COM,10751,72491,10751,72491,0,0
828730200,Not New,SIMMONS 1ST NATL CORP,4685,217000,4685,217000,0,0
88162G103,Not New,TETRA TECH INC NEW,2203,19027,2203,19027,0,0
037411105,Not New,APACHE CORP,448,31575,448,31575,0,0
25243Q205,Not New,DIAGEO PLC ADR,39219,246956,39219,246956,0,0
25746U109,Not New,DOMINION ENERGY INC,337,4482,337,4482,0,0
464286426,Not New,ISHARES EM ASIA ETF,281,3212,281,3212,0,0
02607T109,Not New,AMERICAN FIN TR INC,113,15255,113,15255,0,0
315912808,Not New,FIDELITY COMWLTH TR NDQ CP IDX,1226,2443,1226,2443,0,0
754730109,Not New,RAYMOND JAMES FINANCIAL INC,85849,897343,85849,897343,0,0
88032Q109,Not New,TENCENT HLDGS LTD ADR ADR,2539397,34911510,2539397,34911510,0,0
G7S00T104,Not New,PENTAIR PLC SHS,1479,27866,1479,27866,0,0
55024U109,Not New,LUMENTUM HLDGS INC,84861,895163,84861,895163,0,0
464287242,Not New,ISHARES TR IBOXX INV CP ETF,2036390,14742559,2036390,14742559,0,0
461202103,Not New,INTUIT,768,2022,768,2022,0,0
631512209,Not New,NASPERS LTD SPONSORED ADR ADR,5788,140786,5788,140786,0,0
977874205,Not New,WOLTERS KLUWER N V ADR,1114,13187,1114,13187,0,0
698813102,Not New,PAPA JOHNS INTL INC,729,8596,729,8596,0,0
25754A201,Not New,DOMINOS PIZZA INC,151725,395673,151725,395673,0,0
464288729,Not New,ISHARES TR GLOB INDSTRL ETF,4756,44556,4756,44556,0,0
052769106,Not New,AUTODESK INC,177168,580233,177168,580233,0,0
780259206,Not New,ROYAL DUTCH SHELL PLC ADR,565566,16094646,565566,16094646,0,0
59156R108,Not New,METLIFE INC,257,5478,257,5478,0,0
871607107,Not New,SYNOPSYS INC,5200,20060,5200,20060,0,0
92206C870,Not New,VANGUARD FDS INT-TERM CORP,3816426,39287889,3816426,39287889,0,0
M98068105,Not New,WIX COM LTD,55828,223347,55828,223347,0,0
70450Y103,Not New,PAYPAL HLDGS INC,2501360,10680445,2501360,10680445,0,0
25278X109,Not New,DIAMONDBACK ENERGY INC,7523,155443,7523,155443,0,0
563122100,Not New,MANHATTAN SCIENTIFICS INC,2,40000,2,40000,0,0
464287556,Not New,ISHARES NASDAQ BIOTECH ETF,345,2279,345,2279,0,0
252131107,Not New,DEXCOM INC,18084,48912,18084,48912,0,0
00208E208,Not New,ATI AIRTEST TECHNOLOGIES INC,12,199000,12,199000,0,0
V5633W109,Not New,MAKEMYTRIP LTD,2152,72873,2152,72873,0,0
922042874,Not New,VANGUARD FTSE EUROPE ETF,137491,2282382,137491,2282382,0,0
009158106,Not New,AIR PRODS& CHEMS INC,878,3215,878,3215,0,0
802899203,Not New,SANTO MNG CORP,0,110000,0,110000,0,0
852857200,Not New,STAMPS COM INC,120391,613647,120391,613647,0,0
911312106,Not New,UNITED PARCEL SERVICE INC,10755,63868,10755,63868,0,0
539439109,Not New,LLOYDS BANKING GROUP PLC ADR,76,38820,76,38820,0,0
112585104,Not New,BROOKFIELD ASSET MGMT INC,449,10891,449,10891,0,0
37733W105,Not New,GLAXOSMITHKLINE PLC ADR,608179,16526594,608179,16526594,0,0
05964H105,Not New,BANCO SANTANDER S.A. ADR,323995,106227829,323995,106227829,0,0
22542D423,Not New,FI ENHANCED LRG CAP GROWTH CS,13583,24810,13583,24810,0,0
743424103,Not New,PROOFPOINT INC,13844,101487,13844,101487,0,0
87974R208,Not New,TEMENOS GROUP AG ADR,2827,20213,2827,20213,0,0
44905A101,Not New,HYDRO66 HLDGS CORP,3,15000,3,15000,0,0
686330101,Not New,ORIX CORP ADR,292,3770,292,3770,0,0
98158H106,Not New,WORLD MOTO INC,0,20000,0,20000,0,0
78464A383,Not New,SPDR SERIES TRUST PORTFLIO MOR,712,26949,712,26949,0,0
69366J200,Not New,PTC THERAPEUTICS INC,9161,150106,9161,150106,0,0
554489104,Not New,MACK CALI RLTY CORP,2962,237684,2962,237684,0,0
Y62132108,Not New,NAVIGATOR HOLDINGS LTD SHS,147,13393,147,13393,0,0
451944102,Not New,ICON INTL HLDGS INC,0,20000,0,20000,0,0
373737105,Not New,GERDAU SA ADR,41564,8900242,41564,8900242,0,0
78486Q101,Not New,SVB FINANCIAL GROUP,273338,704788,273338,704788,0,0
57636Q104,Not New,MASTERCARD INC,1422711,3985855,1422711,3985855,0,0
79466L302,Not New,SALESFORCE COM INC,2779881,12492164,2779881,12492164,0,0
007903107,Not New,ADVANCED MICRO DEVICES INC,842238,9183704,842238,9183704,0,0
45662N103,Not New,INFINEON TECHNOLOGIES AG ADR,414,10786,414,10786,0,0
539830109,Not New,LOCKHEED MARTIN CORP,1474,4152,1474,4152,0,0
87161C501,Not New,SYNOVUS FINL CORP,776,23982,776,23982,0,0
91913Y100,Not New,VALERO ENERGY CORP NEW COM,1173,20729,1173,20729,0,0
955306105,Not New,WEST PHARMACEUTICAL SVSC INC,89806,316987,89806,316987,0,0
31620M106,Not New,FIDELITY NATL INFORMATION SVCS,2441,17254,2441,17254,0,0
32051710T,Not New,100000TH FIRST HORIZON NTL CO,0,37565,0,37565,0,0
09857L108,Not New,BOOKING HLDGS INC COM,6599,2963,6599,2963,0,0
538146101,Not New,LIVEPERSON INC,4811,77308,4811,77308,0,0
045327103,Not New,ASPEN TECHNOLOGY INC,126561,971681,126561,971681,0,0
34959E109,Not New,FORTINET INC,288,1940,288,1940,0,0
665859104,Not New,NORTHERN TR CORP,1187,12749,1187,12749,0,0
46434G822,Not New,ISHARES MSCI JAPAN ETF,52155,771977,52155,771977,0,0
464287341,Not New,ISHARES GLOBAL ENERGY ETF,57488,2830522,57488,2830522,0,0
Y07832143,Not New,BENGUET CORP BC SHS,6,90000,6,90000,0,0
30161N101,Not New,EXELON CORP,421,9961,421,9961,0,0
26875P101,Not New,EOG RES INC COM,12871,258083,12871,258083,0,0
451107106,Not New,IDACORP INC,20782,216407,20782,216407,0,0
464288513,Not New,ISHARES TR IBOXX HI YD ETF,241151,2762320,241151,2762320,0,0
808524201,Not New,SCHWAB STRATEGIC TR US LRG CAP,989,10869,989,10869,0,0
20030N101,Not New,COMCAST CORP NEW CL A,9568,182588,9568,182588,0,0
279158109,Not New,ECOPETROL S A ADR,10568,818566,10568,818566,0,0
800212201,Not New,SANDVIK AB ADR,20417,832950,20417,832950,0,0
45826H109,Not New,INTEGER HLDGS CORP,56274,693115,56274,693115,0,0
204319107,Not New,COMPAGNIE FIN RICHEMONTAG ADR,173937,19199871,173937,19199871,0,0
24665A103,Not New,DELEK US HLDGS INC NEW,24915,1550419,24915,1550419,0,0
92532F100,Not New,VERTEX PHARMACEUTICALS INC,5868,24827,5868,24827,0,0
828234203,Not New,SILVER STAR ENERGY INC,0,25750,0,25750,0,0
101137107,Not New,BOSTON SCIENTIFIC CORP,104813,2915510,104813,2915510,0,0
464287804,Not New,ISHARES S&P SMALL-CAP ETF,516,5615,516,5615,0,0
00287Y109,Not New,ABBVIE INC,3542,33060,3542,33060,0,0
860630102,Not New,STIFEL FINL CORP,99864,1979070,99864,1979070,0,0
949902209,Not New,WELLSTAR INTL INC,0,10000,0,10000,0,0
9999BDB0T,Not New,ESCROW GENERAL MOTORS CORP,0,34000,0,34000,0,0
999950DDT,Not New,ESCROW EXCO RESOURCES INC,0,40000,0,40000,0,0
45168D104,Not New,IDEXX LABS INC,9590,19185,9590,19185,0,0
916896103,Not New,URANIUM ENERGY CORP,18,10200,18,10200,0,0
172967424,Not New,CITIGROUP INC,470,7626,470,7626,0,0
056752108,Not New,BAIDU INC SPON ADR ADR,588,2717,588,2717,0,0
90278Q108,Not New,UFP INDUSTRIES INC,7353,132372,7353,132372,0,0
05722G100,Not New,BAKER HUGHES CO,6228,298723,6228,298723,0,0
254423106,Not New,DINE BRANDS GLOBAL INC,26593,458497,26593,458497,0,0
406216101,Not New,HALLIBURTON CO,68675,3633616,68675,3633616,0,0
171340102,Not New,CHURCH& DWIGHT INC,716,8209,716,8209,0,0
269796108,Not New,EAGLE PHARMACEUTICALS INC,419,9005,419,9005,0,0
464287788,Not New,ISHARES US FINANCIALS ETF,33632,503703,33632,503703,0,0
110122108,Not New,BRISTOL-MYERS SQUIBB CO,11112,179141,11112,179141,0,0
464287226,Not New,ISHARES CORE US AGGREGATE BOND,58071,491338,58071,491338,0,0
784117103,Not New,SEI INVTS CO,571,9928,571,9928,0,0
870886108,Not New,SWISS RE LTD ADR,549,23303,549,23303,0,0
02156B103,Not New,ALTERYX INC,14306,117461,14306,117461,0,0
G47567105,Not New,IHS MARKIT LTD SHS,547,6084,547,6084,0,0
46435G516,Not New,ISHARES ESG MSCI EAFE ETF,496,6796,496,6796,0,0
921937827,Not New,VANGUARD BD INDEX FDS SHORT TR,716,8635,716,8635,0,0
G4388N106,Not New,HELEN OF TROY CORP LTD,111312,500977,111312,500977,0,0
26441C204,Not New,DUKE ENERGY CORP NEW,674,7363,674,7363,0,0
233051432,Not New,DBX ETF TR USD HY CORP,223617,4464303,223617,4464303,0,0
931142103,Not New,WALMART INC,1705299,11830028,1705299,11830028,0,0
690742101,Not New,OWENS CORNING NEW,12938,170772,12938,170772,0,0
33739P301,Not New,FIRST TR EXCH TRADED FD III MU,202,3756,202,3756,0,0
87164U201,Not New,SYNTHETIC BIOLOGICS INC COM NE,48,125698,48,125698,0,0
803607100,Not New,SAREPTA THERAPEUTICS INC,4808,28203,4808,28203,0,0
99927D29T,Not New,ESCROW ALPHA NATURAL RESOURCES,0,38000,0,38000,0,0
09260D107,Not New,BLACKSTONE GROUP INC,777,11985,777,11985,0,0
02319V103,Not New,AMBEV SA ADR,7133,2331056,7133,2331056,0,0
35952V303,Not New,FS KKR CAP CORP II,292,17819,292,17819,0,0
682151303,Not New,OMRON CORP SPONSORED ADR ADR,127994,1436385,127994,1436385,0,0
903470102,Not New,UBIQUITECH SOFTWARE CORP,0,15000,0,15000,0,0
92206C409,Not New,VANGUARD FDS SHRT-TERM CORP,543,6520,543,6520,0,0
922908553,Not New,VANGUARD REAL ESTATE ETF,555,6532,555,6532,0,0
282914100,Not New,8X8 INC NEW,5675,164638,5675,164638,0,0
G5533W248,Not New,LLOYDS BANKING GROUP PLC,13,27000,13,27000,0,0
464287614,Not New,ISHARES RUSSELL 1000 GROWTH,2671,11076,2671,11076,0,0
779556109,Not New,ROWE T PRICE MID-CAP GROWTH FD,945,8360,945,8360,0,0
78464A870,Not New,SPDR SER TR S&P BIOTECH,202,1435,202,1435,0,0
126408103,Not New,CSX CORP,442839,4879765,442839,4879765,0,0
928563402,Not New,VMWARE INC,3480,24810,3480,24810,0,0
69832A205,Not New,PANASONIC CORP ADR ADR,77894,6755279,77894,6755279,0,0
29084Q100,Not New,EMCOR GROUP INC COM,212,2317,212,2317,0,0
06746Q249,Not New,FI ENHANCED GLBL HIGH YLD BCSB,454,4396,454,4396,0,0
718546104,Not New,PHILLIPS 66,644,9207,644,9207,0,0
872540109,Not New,TJX COS INC NEW,376,5505,376,5505,0,0
020002101,Not New,ALLSTATE CORP,278,2533,278,2533,0,0
090040106,Not New,BILIBILI INC ADR,4240,49468,4240,49468,0,0
423012301,Not New,HEINEKEN N V SPONSORED ADR L1,16560,296735,16560,296735,0,0
455793109,Not New,INDUSTRIA DE DISENO TEXTIL ADR,206,12919,206,12919,0,0
12008R107,Not New,BUILDERS FIRSTSOURCE INC,6035,147880,6035,147880,0,0
296072BHT,Not New,RSTK ESHIRT NET,0,12500,0,12500,0,0
03027X100,Not New,AMERICAN TOWER CORP NEW,418630,1865053,418630,1865053,0,0
453836108,Not New,INDEPENDENT BANK CORP MASS,6816,93312,6816,93312,0,0
86562M209,Not New,SUMITOMO MITSUI FINL GROUP ADR,359,58154,359,58154,0,0
999CCEC0T,Not New,ESCROW CA STATEWIDE CMNTY DEV,0,10000,0,10000,0,0
381430503,Not New,GOLDMAN SACHS ETF TR EQUITY ET,259,3427,259,3427,0,0
99921EC2T,Not New,NOVATEK OAO GDR EACH REPR GDR,8065,49360,8065,49360,0,0
369550108,Not New,GENERAL DYNAMICS CORP,1742,11706,1742,11706,0,0
704326107,Not New,PAYCHEX INC,571,6128,571,6128,0,0
874080104,Not New,TAL ED GROUP ADS REPSTG CO ADR,115986,1621948,115986,1621948,0,0
09062X103,Not New,BIOGEN INC,24139,98584,24139,98584,0,0
37940X102,Not New,GLOBAL PMTS INC,145286,674431,145286,674431,0,0
982549206,Not New,WRIT MEDIA GROUP INC,0,16000,0,16000,0,0
231561101,Not New,CURTISS WRIGHT CORP,11869,102012,11869,102012,0,0
483007704,Not New,KAISER ALUMINUM CORP,14328,144871,14328,144871,0,0
336433107,Not New,FIRST SOLAR INC,2381,24070,2381,24070,0,0
00206R102,Not New,AT&T INC,2207,76738,2207,76738,0,0
404280406,Not New,HSBC HLDGS PLC ADR,407,15714,407,15714,0,0
464287101,Not New,ISHARES TR S&P 100 ETF,1722,10032,1722,10032,0,0
852234103,Not New,SQUARE INC,303435,1394205,303435,1394205,0,0
478160104,Not New,JOHNSON& JOHNSON,102518,651406,102518,651406,0,0
237266101,Not New,DARLING INGREDIENTS INC,102156,1771079,102156,1771079,0,0
921943858,Not New,VANGUARD FTSE DEVELOPED MKT,141534,2997971,141534,2997971,0,0
88322Q108,Not New,TG THERAPEUTICS INC,208,4000,208,4000,0,0
464288638,Not New,ISHARES INTERMEDIATE-TERM CORP,554,8961,554,8961,0,0
216648402,Not New,COOPER COS INC,3059,8420,3059,8420,0,0
035255108,Not New,ANIKA THERAPEUTICS INC,1179,26040,1179,26040,0,0
464287457,Not New,ISHARES TR 1 3 YR TR BD ETF,24751,286541,24751,286541,0,0
126600105,Not New,CVB FINL CORP,722,37047,722,37047,0,0
904767704,Not New,UNILEVER PLC ADR,27919,462543,27919,462543,0,0
464288885,Not New,ISHARES TR EAFE GRWTH ETF,345,3415,345,3415,0,0
69368G105,Not New,PT BANK CENTRAL ASIA TBK ADR,910,15105,910,15105,0,0
N22717107,Not New,CORE LABORATORIES N V,23468,885254,23468,885254,0,0
008252108,Not New,AFFILIATED MANAGERS GROUP INC,683,6716,683,6716,0,0
718172109,Not New,PHILIP MORRIS INTL INC,1361,16437,1361,16437,0,0
74736K101,Not New,QORVO INC COM,126664,761800,126664,761800,0,0
008073108,Not New,AEROVIRONMENT INC,17900,205988,17900,205988,0,0
67092P854,Not New,NUSHARES ETF TR ESG HI TLD CRP,451,18031,451,18031,0,0
902788108,Not New,UMB FINL CORP,18587,269409,18587,269409,0,0
015351109,Not New,ALEXION PHARMACEUTICALS INC,469,3001,469,3001,0,0
29251M106,Not New,ENANTA PHARMACEUTICALS INC,267,6343,267,6343,0,0
78464A664,Not New,SPDR BLOOMBERG BRCLYS LG TRS E,203,4495,203,4495,0,0
985817105,Not New,YELP INC,127857,3913595,127857,3913595,0,0
999127B6T,Not New,ESC MICHIGAN ST STRATEGIC,0,10000,0,10000,0,0
29446M102,Not New,EQUINOR ASA SPONSORED ADR ADR,6990,425688,6990,425688,0,0
464288745,Not New,ISHARES TR GLB CNS DISC ETF,245,1572,245,1572,0,0
50187A107,Not New,LHC GROUP INC,2673,12532,2673,12532,0,0
30231G102,Not New,EXXON MOBIL CORP,320643,7778829,320643,7778829,0,0
76927D101,Not New,RIVERSIDE RESOURCES INC,20,75000,20,75000,0,0
81369Y605,Not New,SPDR FINANCIALS SELECT SECTOR,1632,55363,1632,55363,0,0
845467109,Not New,SOUTHWESTERN ENERGY CO,12555,4213051,12555,4213051,0,0
247361702,Not New,DELTA AIR LINES INC DEL,452,11249,452,11249,0,0
489170100,Not New,KENNAMETAL INC,28931,798311,28931,798311,0,0
231021106,Not New,CUMMINS INC,29367,129313,29367,129313,0,0
99935A1FT,Not New,ESCROW JAMES RIVER COAL CO,0,75000,0,75000,0,0
808524805,Not New,SCHWAB STRATEGIC TR INTL EQTY,538,14938,538,14938,0,0
925550105,Not New,VIAVI SOLUTIONS INC,16261,1085856,16261,1085856,0,0
482480100,Not New,KLA CORPORATION,388,1500,388,1500,0,0
G5876H105,Not New,MARVELL TECHNOLOGY GROUP LTD,14671,308603,14671,308603,0,0
576690101,Not New,MATERION CORP,8921,140003,8921,140003,0,0
654902204,Not New,NOKIA CORP ADR,43,10899,43,10899,0,0
237545108,Not New,DASSAULT SYS S A ADR,4559,22427,4559,22427,0,0
552676108,Not New,M D C HLDGS INC,7166,147445,7166,147445,0,0
500643200,Not New,KORN FERRY COM NEW,1050,24139,1050,24139,0,0
776696106,Not New,ROPER INDS INC NEW,4559,10575,4559,10575,0,0
013872106,Not New,ALCOA UPSTREAM CORP COM,153816,6673153,153816,6673153,0,0
80105N105,Not New,SANOFI ADR,885061,18214884,885061,18214884,0,0
827906207,Not New,SILVERADO GOLD MINES LTD,0,20000,0,20000,0,0
032095101,Not New,AMPHENOL CORP NEW,598,4573,598,4573,0,0
72201R783,Not New,PIMCO ETF TR 0-5 HIGH YIELD,640,6518,640,6518,0,0
949746101,Not New,WELLS FARGO CO NEW,1053,34883,1053,34883,0,0
031162100,Not New,AMGEN INC,16650,72415,16650,72415,0,0
33740J104,Not New,FIRST TR EXCH TRADED FD III UL,202,10000,202,10000,0,0
775133101,Not New,ROGERS CORP,25886,166694,25886,166694,0,0
999B19B2T,Not New,ESCROW AMR CORP,0,120949,0,120949,0,0
G87110105,Not New,TECHNIPFMC LTD COM,9137,972062,9137,972062,0,0
501556203,Not New,KYOCERA CORP ADS ADR,1959,31979,1959,31979,0,0
922042676,Not New,VANGUARD INTL EQUITY INDEX FDS,257,4733,257,4733,0,0
48123V102,Not New,J2 GLOBAL INC,18744,191873,18744,191873,0,0
464287465,Not New,ISHARES TR MSCI EAFE ETF,687,9413,687,9413,0,0
433578507,Not New,HITACHI LIMITED ADR,87500,1111185,87500,1111185,0,0
66765N105,Not New,NORTHWEST NAT HLDG CO,9160,199182,9160,199182,0,0
860372101,Not New,STEWART INFORMATION SVCS CORP,2824,58394,2824,58394,0,0
99947758T,Not New,OIL CO LUKOIL PJSC,942,13806,942,13806,0,0
088606108,Not New,BHP GROUP LTD SPONSORED AD ADR,509734,7801254,509734,7801254,0,0
716382106,Not New,PETMED EXPRESS INC,2101,65534,2101,65534,0,0
69343P105,Not New,PJSC LUKOIL SPONSORED ADR ADR,130759,1871421,130759,1871421,0,0
65343M100,Not New,NEXTSOURCE MATLS INC CDA,1,14200,1,14200,0,0
464288810,Not New,ISHARES TR U.S. MED DVC ETF,35551,108617,35551,108617,0,0
64110W102,Not New,NETEASE INC SPONSORED ADR ADR,196163,2048267,196163,2048267,0,0
74340W103,Not New,PROLOGIS INC COM,6362,63834,6362,63834,0,0
00215W100,Not New,ASE TECHNOLOGY HOLDING CO ADR,156907,26867629,156907,26867629,0,0
921910816,Not New,VANGUARD WORLD FD MEGA GRWTH I,202,993,202,993,0,0
35671D857,Not New,FREEPORT-MCMORAN INC,1115161,42857825,1115161,42857825,0,0
92204A108,Not New,VANGUARD WORLD FDS CONSUM DIS,530,1925,530,1925,0,0
81768T108,Not New,SERVISFIRST BANCSHARES INC,1672,41487,1672,41487,0,0
L44385109,Not New,GLOBANT S A COM,249362,1145913,249362,1145913,0,0
494386204,Not New,KIMBERLY CLRK DE MEX SAB D ADR,1089,127797,1089,127797,0,0
68554V108,Not New,ORASURE TECHNOLOGIES INC,713,67357,713,67357,0,0
11777V208,Not New,B2W COMP DIG SPON GDR REG GDR,16039,550911,16039,550911,0,0
91324P102,Not New,UNITEDHEALTH GROUP INC,905645,2582539,905645,2582539,0,0
15101T102,Not New,CELEXX CORP,0,16000,0,16000,0,0
880770102,Not New,TERADYNE INC,19709,164394,19709,164394,0,0
464288240,Not New,ISHARES TR MSCI ACWI EX US,209,3943,209,3943,0,0
9993658CT,Not New,ISHARES USD CORP BOND UCITS ET,278,2100,278,2100,0,0
882610108,Not New,TEXAS PAC LD RTY TR,646,889,646,889,0,0
68389X105,Not New,ORACLE CORP,901401,13934166,901401,13934166,0,0
038222105,Not New,APPLIED MATLS INC,177596,2057888,177596,2057888,0,0
743606105,Not New,PROSPERITY BANCSHARES INC,20584,296773,20584,296773,0,0
9994AAD6T,Not New,ESCROW QUICKSILVER RESOURCES I,0,50000,0,50000,0,0
40415F101,Not New,HDFC BANK LTD ADR,414672,5738612,414672,5738612,0,0
99919747T,Not New,ESCROW LEHMAN BROS HLDGS 04.00,0,10000,0,10000,0,0
42551N104,Not New,HENGAN INTL GROUP CO LTD UNSPO,1449,40928,1449,40928,0,0
N6596X109,Not New,NXP SEMICONDUCTORS N V,167123,1051020,167123,1051020,0,0
01988P108,Not New,ALLSCRIPTS HEALTHCARE SOLUTNS,88823,6151165,88823,6151165,0,0
256677105,Not New,DOLLAR GEN CORP NEW,391,1860,391,1860,0,0
33616C100,Not New,FIRST REP BK SAN FRANCISCO CAL,17626,119960,17626,119960,0,0
82509L107,Not New,SHOPIFY INC,3190,2818,3190,2818,0,0
25179M103,Not New,DEVON ENERGY CORP NEW,47421,2999459,47421,2999459,0,0
92189H607,Not New,VANECK VECTORS ETF TR OIL SVCS,3022,19621,3022,19621,0,0
653656108,Not New,NICE LTD ADR,49564,174806,49564,174806,0,0
31428X106,Not New,FEDEX CORP,385,1484,385,1484,0,0
89422G107,Not New,TRAVERE THERAPEUTICS INC,602,22070,602,22070,0,0
090572207,Not New,BIO RAD LABS INC,96010,164699,96010,164699,0,0
464287176,Not New,ISHARES TR TIPS BD ETF,1207,9457,1207,9457,0,0
683715106,Not New,OPEN TEXT CORP,876,19267,876,19267,0,0
66987V109,Not New,NOVARTIS A G SPONSORED ADR ADR,881768,9337800,881768,9337800,0,0
177376100,Not New,CITRIX SYS INC COM,234,1799,234,1799,0,0
902973304,Not New,US BANCORP DEL,3235,69437,3235,69437,0,0
981811102,Not New,WORTHINGTON INDS INC,2519,49061,2519,49061,0,0
29089Q105,Not New,EMERGENT BIOSOLUTIONS INC,43488,485356,43488,485356,0,0
163072101,Not New,CHEESECAKE FACTORY INC,19925,537655,19925,537655,0,0
060505104,Not New,BK OF AMERICA CORP,45924,1515134,45924,1515134,0,0
00507V109,Not New,ACTIVISION BLIZZARD INC,665,7160,665,7160,0,0
38148T2B4,Not New,GOLDMAN SACHS GROUP INC,10,10000,10,10000,0,0
500767306,Not New,KRANESHARES CHINA INTERNET ETF,23687,308470,23687,308470,0,0
701094104,Not New,PARKER HANNIFIN CORP,1178,4326,1178,4326,0,0
59001A102,Not New,MERITAGE HOMES CORP,113293,1367946,113293,1367946,0,0
703481101,Not New,PATTERSON UTI ENERGY INC,91,17234,91,17234,0,0
74736A103,Not New,QTS RLTY TR INC,1488,24043,1488,24043,0,0
Y0485Q109,Not New,AVICHINA INDS& TECHNOLOGY,24,34543,24,34543,0,0
46137V357,Not New,INVESCO EXCHANGE TRADED FD TRS,378,2966,378,2966,0,0
Y71287208,Not New,PT KALBE FARMA TBK,22,198673,22,198673,0,0
999F551FT,Not New,VANGUARD FUNDS PLC FTSE EMERGI,37345,543599,37345,543599,0,0
443573100,Not New,HUBSPOT INC,46196,116526,46196,116526,0,0
803054204,Not New,SAP SE ADR,1086069,8329392,1086069,8329392,0,0
824348106,Not New,SHERWIN WILLIAMS CO,250,339,250,339,0,0
44914U106,Not New,HYPERA SA ADR,6503,986195,6503,986195,0,0
457985208,Not New,INTEGRA LIFESCIENCES HLDGS CP,43935,676754,43935,676754,0,0
402580104,Not New,GULF UNITED ENERGY INC,0,36000,0,36000,0,0
68618N209,Not New,ORGANIC ALLIANCE INC,0,28670,0,28670,0,0
05368M106,Not New,AVID BIOSERVICES INC,691,59887,691,59887,0,0
02079K107,Not New,ALPHABET INC CLASS C,327797,187111,327797,187111,0,0
674599105,Not New,OCCIDENTAL PETE CORP,11174,645502,11174,645502,0,0
464288760,Not New,ISHARES US AEROSPACE& DEF ETF,565,5967,565,5967,0,0
90290L103,Not New,USA GRAPHITE INC,0,10000,0,10000,0,0
81369Y308,Not New,SPDR CONS STAPLES SELECT SCTR,757,11229,757,11229,0,0
73278L105,Not New,POOL CORP,104104,279474,104104,279474,0,0
758750103,Not New,REGAL BELOIT CORP,70738,575994,70738,575994,0,0
90274D218,Not New,FI ENHANCED GLBL HIGH YLD UBS,1756,9564,1756,9564,0,0
440452100,Not New,HORMEL FOODS CORP,2219,47602,2219,47602,0,0
46090E103,Not New,INVESCO QQQ TRUST SERIES 1,504068,1606643,504068,1606643,0,0
14161W105,Not New,CARDLYTICS INC,320,2238,320,2238,0,0
524660107,Not New,LEGGETT& PLATT INC,270,6087,270,6087,0,0
192446102,Not New,COGNIZANT TECHNOLOGY SOLUTIONS,340,4148,340,4148,0,0
464287507,Not New,ISHARES S&P MID-CAP ETF,508,2211,508,2211,0,0
464288620,Not New,ISHARES BROAD USD INVESTMENT G,358,5776,358,5776,0,0
464287150,Not New,ISHARES TR CORE S&P TTL STK,1156,13403,1156,13403,0,0
637870106,Not New,NATIONAL STORAGE AFFILIATES TR,320,8878,320,8878,0,0
747525103,Not New,QUALCOMM INC,51459,337790,51459,337790,0,0
92556V106,Not New,VIATRIS INC,5477,292288,5477,292288,0,0
921909768,Not New,VANGUARD STAR FDS VG TL INTL S,385,6405,385,6405,0,0
464287200,Not New,ISHARES S&P 500 ETF,1459,3886,1459,3886,0,0
58933Y105,Not New,MERCK& CO. INC,783246,9575129,783246,9575129,0,0
80687P106,Not New,SCHNEIDER ELECTRIC SE ADR,327684,11319247,327684,11319247,0,0
87265H109,Not New,TRI POINTE GROUPS INC COM,15888,921068,15888,921068,0,0
796050AAT,Not New,SAMSUNG ELECTRONIC GDR EACH RE,89427,49001,89427,49001,0,0
40417A100,Not New,H ENTERTAINMENT INC,0,11500,0,11500,0,0
682189105,Not New,ON SEMICONDUCTOR CORP,30203,922805,30203,922805,0,0
254687106,Not New,DISNEY WALT CO,1791649,9888776,1791649,9888776,0,0
05565A202,Not New,BNP PARIBAS ADR,571171,21659300,571171,21659300,0,0
46429B697,Not New,ISHARES TR MSCI USA MIN VOL,211,3109,211,3109,0,0
576485205,Not New,MATADOR RES CO,1232,102156,1232,102156,0,0
81369Y704,Not New,SPDR INDUSTRIALS SELECT SECTOR,85807,969025,85807,969025,0,0
78464A656,Not New,SPDR SERIES TRUST PORTFLIO TIP,210,6735,210,6735,0,0
00191J107,Not New,APT MOTO VOX GROUP INC,0,550000,0,550000,0,0
90138F102,Not New,TWILIO INC,329,973,329,973,0,0
26614N102,Not New,DUPONT DE NEMOURS INC,448,6304,448,6304,0,0
045487105,Not New,ASSOCIATED BANC CORP,5030,295000,5030,295000,0,0
23283R100,Not New,CYRUSONE INC,29231,399609,29231,399609,0,0
91912E105,Not New,VALE S A ADR,675502,40304435,675502,40304435,0,0
918204108,Not New,V F CORP,220,2570,220,2570,0,0
06684L103,Not New,BAOZUN INC SPONSORED ADR ADR,3289,95760,3289,95760,0,0
464287523,Not New,ISHARES TR PHLX SEMICND ETF,71831,189438,71831,189438,0,0
840441109,Not New,SOUTH ST CORP,547,7561,547,7561,0,0
9992921AT,Not New,SK HYNIX INC GDR,31905,292313,31905,292313,0,0
81369Y803,Not New,SPDR TECHNOLOGY SELECT SECTOR,2823,21715,2823,21715,0,0
27579R104,Not New,EAST WEST BANCORP INC,67616,1333395,67616,1333395,0,0
260557103,Not New,DOW INC,310,5589,310,5589,0,0
02209S103,Not New,ALTRIA GROUP INC,1865,45475,1865,45475,0,0
64125C109,Not New,NEUROCRINE BIOSCIENCES INC,5505,57430,5505,57430,0,0
37947N107,Not New,GLOBAL 1 INVT HLDGS CORP,0,617850,0,617850,0,0
833034101,Not New,SNAP ON INC,2221,12977,2221,12977,0,0
922907746,Not New,VANGUARD MUN BD FD INC TAX EXE,2657,48138,2657,48138,0,0
70432V102,Not New,PAYCOM SOFTWARE INC,107646,238023,107646,238023,0,0
G5509L101,Not New,LIVANOVA PLC SHS,7494,113192,7494,113192,0,0
808524300,Not New,SCHWAB STRATEGIC TR US LCAP GR,202,1571,202,1571,0,0
002824100,Not New,ABBOTT LABS,819645,7486029,819645,7486029,0,0
636274409,Not New,NATIONAL GRID PLC SPONSOR ADR,257,4352,257,4352,0,0
78468R721,Not New,SPDR SER TR NUVN BLOOMBERG MU,217317,4140167,217317,4140167,0,0
037833100,Not New,APPLE INC,8130626,61275348,8130626,61275348,0,0
71654V101,Not New,PETROLEO BRASILEIRO SA PET ADR,1816,164202,1816,164202,0,0
654106103,Not New,NIKE INC,992137,7013054,992137,7013054,0,0
13645T100,Not New,CANADIAN PAC RY LTD,267,769,267,769,0,0
571903202,Not New,MARRIOTT INTL INC NEW,1736,13158,1736,13158,0,0
464288281,Not New,ISHARES JP MOR EM MK ETF,204,1757,204,1757,0,0
92189F676,Not New,VANECK VECTORS ETF TR SEMICOND,1768,8095,1768,8095,0,0
G4474Y214,Not New,JANUS HENDERSON GROUP PLC ORD,46242,1422388,46242,1422388,0,0
78573J101,Not New,SABLE NAT RES INC,0,117581,0,117581,0,0
92932M101,Not New,WNS HLDGS LTD ADR,12992,180315,12992,180315,0,0
395259104,Not New,GREENHILL& CO INC,5798,477579,5798,477579,0,0
04316A108,Not New,ARTISAN PARTNERS ASSET MGMT IN,79004,1569412,79004,1569412,0,0
46267X108,Not New,IQIYI INC ADR,1469,84043,1469,84043,0,0
06426M104,Not New,BANK OF CHINA ADR,88,10354,88,10354,0,0
362273302,Not New,FI ENHANCED LRG CAP GROWTH GS,2393,10092,2393,10092,0,0
929740108,Not New,WABTEC,582,7951,582,7951,0,0
007973100,Not New,ADVANCED ENERGY INDS,13581,140051,13581,140051,0,0
084670108,Not New,BERKSHIRE HATHAWAY INC CL A,1043,3,1043,3,0,0
44980X109,Not New,IPG PHOTONICS CORP,34123,152480,34123,152480,0,0
37247D106,Not New,GENWORTH FINL INC,65,17270,65,17270,0,0
60770K107,Not New,MODERNA INC,201,1927,201,1927,0,0
63009R109,Not New,NANOSTRING TECHNOLOGIES INC,635,9497,635,9497,0,0
46266C105,Not New,IQVIA HLDGS INC,2308,12883,2308,12883,0,0
37959E102,Not New,GLOBE LIFE INC,576,6065,576,6065,0,0
849109103,Not New,SPONGETECH DELIVERY SYS INC,0,20000,0,20000,0,0
892331307,Not New,TOYOTA MOTOR CORP ADR,657968,4256765,657968,4256765,0,0
99979B9AT,Not New,RSTK UNION GROUP INC,0,59620,0,59620,0,0
537008104,Not New,LITTELFUSE INC,85796,336906,85796,336906,0,0
127203107,Not New,CACTUS INC,4001,153477,4001,153477,0,0
9995910DT,Not New,INVESCO S&P US HC UCITS ETF,2567,4949,2567,4949,0,0
879360105,Not New,TELEDYNE TECHNOLOGIES INC,83207,212274,83207,212274,0,0
22052L104,Not New,CORTEVA INC,234,6039,234,6039,0,0
42809H107,Not New,HESS CORP,164508,3116269,164508,3116269,0,0
999B39FCT,Not New,INVESCO S&P US TECH UCITS ETF,4674,14553,4674,14553,0,0
70438V106,Not New,PAYLOCITY HLDG CORP,24698,119947,24698,119947,0,0
902677780,Not New,FI ENHANCED LRG CAP GROWTH UBS,14126,25565,14126,25565,0,0
437076102,Not New,HOME DEPOT INC,1818441,6846024,1818441,6846024,0,0
780259107,Not New,ROYAL DUTCH SHELL PLC ADR,2676,79622,2676,79622,0,0
98956P102,Not New,ZIMMER BIOMET HOLDINGS INC,1367,8869,1367,8869,0,0
92826C839,Not New,VISA INC,4860288,22220489,4860288,22220489,0,0
189464100,Not New,CLOVIS ONCOLOGY INC,227,47299,227,47299,0,0
37637Q105,Not New,GLACIER BANCORP INC NEW,25718,558967,25718,558967,0,0
39141Y103,Not New,GREAT WESTERN MINERALS GROUP,0,10000,0,10000,0,0
832696405,Not New,SMUCKER J M CO,235,2031,235,2031,0,0
98887Q104,Not New,ZAI LAB LTD. UNSPONSORED A ADR,1486,10981,1486,10981,0,0
679580100,Not New,OLD DOMINION FREIGHT LINE INC,689,3530,689,3530,0,0
025816109,Not New,AMERICAN EXPRESS CO,1811510,14982300,1811510,14982300,0,0
12480C404,Not New,CB FINL CORP NORTH CAROLINA,0,139600,0,139600,0,0
464288794,Not New,ISHARES US BRKR-DEALR& EXCHNG,244,3070,244,3070,0,0
810186106,Not New,SCOTTS MIRACLE GRO CO,164951,828318,164951,828318,0,0
928298108,Not New,VISHAY INTERTECHNOLOGY INC,89437,4318539,89437,4318539,0,0
320817109,Not New,FIRST MERCHANTS CORP,1985,53054,1985,53054,0,0
9995ED22T,Not New,ESCROW LEHMAN BROS HLDG,0,28000,0,28000,0,0
046353108,Not New,ASTRAZENECA PLC ADR,892360,17850774,892360,17850774,0,0
156431108,Not New,CENTURY ALUM CO,27369,2481291,27369,2481291,0,0
92204A702,Not New,VANGUARD WORLD FDS INF TECH ET,1184,3347,1184,3347,0,0
464287515,Not New,ISHARES TR EXPANDED TECH,6235,17609,6235,17609,0,0
464288414,Not New,ISHARES NATIONAL MUNI BOND ETF,389194,3320764,389194,3320764,0,0
097023105,Not New,BOEING CO,49722,232282,49722,232282,0,0
427746102,Not New,HERON THERAPEUTICS INC,700,33078,700,33078,0,0
78464A409,Not New,SPDR SER TR PRTFLO S&P500 GW,296,5350,296,5350,0,0
375558103,Not New,GILEAD SCIENCES INC,546,9364,546,9364,0,0
20849C106,Not New,CONSERVATIVE BRDCAST MED& JRN,3,100000,3,100000,0,0
771195104,Not New,ROCHE HLDG LTD ADR,19618,448975,19618,448975,0,0
46137V233,Not New,INVESCO S&P 500 TOP 50 ETF,146187,512452,146187,512452,0,0
46434G848,Not New,ISHARES GLOBAL METALS& MINING,33288,903336,33288,903336,0,0
33733E302,Not New,FIRST TR EXCHANGE-TRADED FD DJ,796,3751,796,3751,0,0
G2519Y108,Not New,CREDICORP LTD,96503,588363,96503,588363,0,0
75513E101,Not New,RAYTHEON TECHNOLOGIES CORP,422993,5915155,422993,5915155,0,0
92256R207,Not New,VELATEL GLOBAL COMMUNICATIONS,0,10000,0,10000,0,0
371924101,Not New,GENOIL INC,0,448496,0,448496,0,0
615394202,Not New,MOOG INC,13404,169035,13404,169035,0,0
68213N109,Not New,OMNICELL INC,27994,233246,27994,233246,0,0
695127100,Not New,PACIRA BIOSCIENCES INC,1049,17532,1049,17532,0,0
G5494J103,Not New,LINDE PLC COM,292,1110,292,1110,0,0
464286343,Not New,ISHARES INC GLB ENR PROD ETF,4099,313838,4099,313838,0,0
204280309,Not New,COMPAGNIE DE SAINT GOBAIN ADR,3328,362696,3328,362696,0,0
140543109,Not New,CAPITAL WORLD GROWTH& INCOME,557,9383,557,9383,0,0
023135106,Not New,AMAZON COM INC COM,5753687,1766598,5753687,1766598,0,0
46435G425,Not New,ISHARES ESG MSCI USA ETF,1122,13040,1122,13040,0,0
75281A109,Not New,RANGE RES CORP,19479,2907363,19479,2907363,0,0
737446104,Not New,POST HLDGS INC,332,3289,332,3289,0,0
443320106,Not New,HUB GROUP INC,58497,1026262,58497,1026262,0,0
000361105,Not New,AAR CORP,25560,705687,25560,705687,0,0
64107S106,Not New,NET WORLD MARKETING INC,0,20000,0,20000,0,0
29414B104,Not New,EPAM SYS INC,1414,3945,1414,3945,0,0
024835100,Not New,AMERICAN CAMPUS CMNTYS INC,501,11709,501,11709,0,0
30215C101,Not New,EXPERIAN PLC ADR,51903,1367300,51903,1367300,0,0
46434V407,Not New,ISHARES TR 0-5YR HI YL CP,504,11096,504,11096,0,0
225313105,Not New,CREDIT AGRICOLE S A ADR ADR,86477,13697103,86477,13697103,0,0
89469A104,Not New,TREEHOUSE FOODS INC,303,7122,303,7122,0,0
883556102,Not New,THERMO FISHER SCIENTIFIC INC,806407,1731305,806407,1731305,0,0
922908652,Not New,VANGUARD INDEX FDS EXTEND MKT,344,2086,344,2086,0,0
03524A108,Not New,ANHEUSER BUSCH INBEV SA/NV ADR,545069,7796725,545069,7796725,0,0
036752103,Not New,ANTHEM INC,315,982,315,982,0,0
067806109,Not New,BARNES GROUP INC,12829,253097,12829,253097,0,0
084670702,Not New,BERKSHIRE HATHAWAY INC CL B,15093,65090,15093,65090,0,0
55305B101,Not New,M/I HOMES INC,1648,37214,1648,37214,0,0
G29183103,Not New,EATON CORP PLC,412,3427,412,3427,0,0
484602305,Not New,KANSAI ELECTRIC POWER CO I ADR,258,54677,258,54677,0,0
G5960L103,Not New,MEDTRONIC PLC,230849,1970711,230849,1970711,0,0
02263T104,Not New,AMADEUS IT GROUP S A ADR,1203,16505,1203,16505,0,0
33739N108,Not New,FIRST TR EXCHANG TRADED FD III,204,3604,204,3604,0,0
9997D568T,Not New,ESCROW LINNCO LLC ESCROW CUSI,0,193994,0,193994,0,0
235851102,Not New,DANAHER CORP DEL COM,686849,3091966,686849,3091966,0,0
316827104,Not New,51JOB INC ADR,6946,99231,6946,99231,0,0
452308109,Not New,ILLINOIS TOOL WKS INC,700,3434,700,3434,0,0
485170302,Not New,KANSAS CITY SOUTHERN,85881,420717,85881,420717,0,0
29250N105,Not New,ENBRIDGE INC,305,9531,305,9531,0,0
277432100,Not New,EASTMAN CHEM CO,285,2844,285,2844,0,0
502117203,Not New,L OREAL CO ADR,1142638,15023603,1142638,15023603,0,0
573810207,Not New,MARUBENI CORP ADR ADR,252,3789,252,3789,0,0
41164A103,Not New,HARD TO TREAT DISEASES INC,0,110000,0,110000,0,0
743315103,Not New,PROGRESSIVE CORP OHIO,2109,21327,2109,21327,0,0
464287630,Not New,ISHARES TR RUS 2000 VAL ETF,290,2199,290,2199,0,0
675232102,Not New,OCEANEERING INTL INC,18955,2384313,18955,2384313,0,0
00950R100,Not New,AIRPORTS OF THAILAND PUB C ADR,1424,68665,1424,68665,0,0
858119100,Not New,STEEL DYNAMICS INC,2112,57291,2112,57291,0,0
101388106,Not New,BOTTOMLINE TECH DEL INC,5553,105295,5553,105295,0,0
29260D105,Not New,ENDEAVOR IP INC,0,442000,0,442000,0,0
464287291,Not New,ISHARES GLOBAL TECH ETF,162224,540656,162224,540656,0,0
464288356,Not New,ISHARES CALIFORNIA MUNI BOND E,805,12815,805,12815,0,0
78464A375,Not New,SPDR PORTFOLIO INTERMEDIATE TE,3599,96792,3599,96792,0,0
055622104,Not New,BP PLC SPONSORED ADR ADR,224329,10932197,224329,10932197,0,0
56501R106,Not New,MANULIFE FINL CORP,233,13090,233,13090,0,0
92826J107,Not New,VIRTUAL ED LINK INC,0,400000,0,400000,0,0
262037104,Not New,DRIL QUIP INC,40446,1365504,40446,1365504,0,0
291011104,Not New,EMERSON ELEC CO,372,4625,372,4625,0,0
552697104,Not New,MDC PARTNERS INC,251,100000,251,100000,0,0
42751Q105,Not New,HERMES INTL SCA ADR,10537,97908,10537,97908,0,0
45253H101,Not New,IMMUNOGEN INC,261,40455,261,40455,0,0
466032109,Not New,J& J SNACK FOODS CORP,1763,11345,1763,11345,0,0
464287309,Not New,ISHARES TR S&P 500 GRWT ETF,282,4419,282,4419,0,0
526057104,Not New,LENNAR CORP CL A,79654,1044914,79654,1044914,0,0
297178105,Not New,ESSEX PPTY TR INC,719,3027,719,3027,0,0
449395102,Not New,IDM INTL LTD ADR,0,12400,0,12400,0,0
G54050102,Not New,LAZARD LTD SHS A,62335,1473630,62335,1473630,0,0
744573106,Not New,PUBLIC SVC ENTERPRISE GRP INC,328,5622,328,5622,0,0
90274D234,Not New,FI ENHANCED EUROPE 50 ETN UBS,536,3434,536,3434,0,0
251542106,Not New,DEUTSCHE BOERSE ADR,3231,189616,3231,189616,0,0
518439104,Not New,LAUDER ESTEE COS INC CL A,287,1078,287,1078,0,0
58533E103,Not New,MEITUAN - UNSP ADR ADR,3657,48120,3657,48120,0,0
59522J103,Not New,MID AMER APT CMNTYS INC,38339,302622,38339,302622,0,0
65290C105,Not New,NEXTIER OILFIELD SOLUTIONS INC,9743,2832187,9743,2832187,0,0
427825500,Not New,HERSHA HOSPITALITY TR,81,10265,81,10265,0,0
G4673W100,Not New,HUTECH21 CO LTD,0,69471,0,69471,0,0
670002401,Not New,NOVAVAX INC,819,7347,819,7347,0,0
78468R408,Not New,SPDR BLOOMBERG BARCLAYS SHORT,240,8919,240,8919,0,0
705573103,Not New,PEGASYSTEMS INC,97680,733003,97680,733003,0,0
89417E109,Not New,TRAVELERS COMPANIES INC,287,2047,287,2047,0,0
26884H207,Not New,ER URGENT CARE HLDGS INC,0,508538,0,508538,0,0
729132100,Not New,PLEXUS CORP,43475,555879,43475,555879,0,0
30063P105,Not New,EXACT SCIENCES CORP,2832,21374,2832,21374,0,0
78464A771,Not New,SPDR SERIES TRUST S&P CAP MKT,838,11131,838,11131,0,0
92343V104,Not New,VERIZON COMMUNICATIONS INC,2609,44402,2609,44402,0,0
114340102,Not New,BROOKS AUTOMATION INC NEW,69261,1020799,69261,1020799,0,0
00548A106,Not New,ADAMAS PHARMACEUTICALS INC,157,36150,157,36150,0,0
464288257,Not New,ISHARES MSCI ACWI ETF,1850,20391,1850,20391,0,0
49567R102,Not New,KINGDEE INTL SOFTWARE GROU ADR,4795,11765,4795,11765,0,0
000375204,Not New,ABB LTD ADR,426615,15258045,426615,15258045,0,0
571748102,Not New,MARSH& MCLENNAN COS INC,235,2012,235,2012,0,0
683344105,Not New,ONTO INNOVATION INC,54239,1140663,54239,1140663,0,0
46625H100,Not New,JPMORGAN CHASE& CO,832016,6547696,832016,6547696,0,0
89832Q109,Not New,TRUIST FINANCIAL CORPORATIONCO,327,6830,327,6830,0,0
97717P104,Not New,WISDOMTREE INVTS INC,5239,979162,5239,979162,0,0
989424205,Not New,ZENOSENSE INC COM NEW,0,10000,0,10000,0,0
922417100,Not New,VEECO INSTRS INC DEL,18924,1090095,18924,1090095,0,0
159864107,Not New,CHARLES RIV LABS INTL INC,60351,241539,60351,241539,0,0
747619104,Not New,QUANEX BUILDING PRODUCTS CORP,837,37759,837,37759,0,0
756255204,Not New,RECKITT BENCKISER GRP PLC ADR,28359,1585616,28359,1585616,0,0
30212P303,Not New,EXPEDIA GROUP INC,517,3908,517,3908,0,0
32055Y201,Not New,FIRST INTST BANCSYSTEM INC,5180,127060,5180,127060,0,0
03073E105,Not New,AMERISOURCEBERGEN CORP,636,6502,636,6502,0,0
154760409,Not New,CENTRAL PAC FINL CORP,593,31213,593,31213,0,0
444859102,Not New,HUMANA INC,212,517,212,517,0,0
464288588,Not New,ISHARES TR MBS ETF,952836,8651922,952836,8651922,0,0
00724F101,Not New,ADOBE INC,2909790,5818183,2909790,5818183,0,0
67066G104,Not New,NVIDIA CORP COM,620678,1188582,620678,1188582,0,0
03485P300,Not New,ANGLO AMERICAN PLC ADR ADR,8889,536423,8889,536423,0,0
92343E102,Not New,VERISIGN INC,539,2491,539,2491,0,0
14148095T,Not New,CARDINAL CAP NET,0,25000,0,25000,0,0
69327R101,Not New,PDC ENERGY INC,35520,1730173,35520,1730173,0,0
189054109,Not New,CLOROX CO DEL,1635,8095,1635,8095,0,0
464287499,Not New,ISHARES TR RUS MID CAP ETF,208,3033,208,3033,0,0
05971J102,Not New,BANCORPSOUTH BK TUPELO MISS,24140,879737,24140,879737,0,0
889478103,Not New,TOLL BROTHERS INC,4685,107781,4685,107781,0,0
84763A108,Not New,SPECTRUM PHARMACEUTICALS INC,197,57850,197,57850,0,0
97650W108,Not New,WINTRUST FINL CORP,40117,656688,40117,656688,0,0
131193104,Not New,CALLAWAY GOLF CO,86668,3609672,86668,3609672,0,0
G8994E103,Not New,TRANE TECHNOLOGIES PLC,1527,10516,1527,10516,0,0
465562106,Not New,ITAU UNIBANCO HLDG SA SPON ADR,150285,24677410,150285,24677410,0,0
38141G104,Not New,GOLDMAN SACHS GROUP INC,652860,2475675,652860,2475675,0,0
69912K99T,Not New,ESCROW PARAGON TRADE BRANDS,0,27000,0,27000,0,0
25157Y202,Not New,DEUTSCHE POST AG ADR,3681,74278,3681,74278,0,0
999E5491T,Not New,ESCROW WONDER AUTO TECHNOLOGY,0,10770,0,10770,0,0
109641100,Not New,BRINKER INTL INC,5268,93126,5268,93126,0,0
985087105,Not New,YASKAWA ELEC CORP ADR,114569,1152894,114569,1152894,0,0
464288737,Not New,ISHARES GLOBAL CONS STAPLES,2941,50457,2941,50457,0,0
78489X103,Not New,SVMK INC,3596,140740,3596,140740,0,0
17275R102,Not New,CISCO SYS INC,938862,20980164,938862,20980164,0,0
816850101,Not New,SEMTECH CORP,89571,1242490,89571,1242490,0,0
46434G103,Not New,ISHARES CORE MSCI EM ETF,537,8657,537,8657,0,0
83364L109,Not New,SOCIETE GENERALE FRANCE SP ADR,815,195667,815,195667,0,0
902494103,Not New,TYSON FOODS INC,1541,23918,1541,23918,0,0
116794108,Not New,BRUKER CORP,612,11301,612,11301,0,0
346375108,Not New,FORMFACTOR INC,4620,107385,4620,107385,0,0
988498101,Not New,YUM BRANDS INC,355,3266,355,3266,0,0
46432F842,Not New,ISHARES TR CORE MSCI EAFE,2924,42318,2924,42318,0,0
76026T205,Not New,REPSOL S A ADR,1200,118912,1200,118912,0,0
74365P108,Not New,PROSUS N V SPONSORED ADR,2022,93515,2022,93515,0,0
46428Q109,Not New,ISHARES SILVER TR ISHARES,377,15325,377,15325,0,0
637071101,Not New,NATIONAL OILWELL VARCO INC,10085,734487,10085,734487,0,0
83171N108,Not New,SMARTCOOL SYS INC,0,119000,0,119000,0,0
464288646,Not New,ISHARES SHORT-TERM CORPORATE B,855,15498,855,15498,0,0
126650100,Not New,CVS HEALTH CORPORATION COM,4062,59477,4062,59477,0,0
53220K504,Not New,LIGAND PHARMACEUTICALS INC,6708,67447,6708,67447,0,0
999127BDT,Not New,KRANESHARES CHNA INTERNT UCITS,8531,174281,8531,174281,0,0
778296103,Not New,ROSS STORES INC,2463,20059,2463,20059,0,0
907818108,Not New,UNION PAC CORP,893899,4293051,893899,4293051,0,0
594918104,Not New,MICROSOFT CORP,5203265,23393871,5203265,23393871,0,0
98978V103,Not New,ZOETIS INC,270,1631,270,1631,0,0
464287481,Not New,ISHARES TR RUS MD CP GR ETF,203,1975,203,1975,0,0
049164205,Not New,ATLAS AIR WORLDWIDE HLDGS,24502,449244,24502,449244,0,0
67071L106,Not New,NUVEEN ENHANCED AMT FREE MUNI,385,22944,385,22944,0,0
55306N104,Not New,MKS INSTRS INC,79311,527159,79311,527159,0,0
922042858,Not New,VANGUARD FTSE EMERGING MKT ETF,1650,32926,1650,32926,0,0
84265V105,Not New,SOUTHERN COPPER CORP COM,274203,4210741,274203,4210741,0,0
98912M201,Not New,ZAP,0,15001,0,15001,0,0
37954Y715,Not New,GLOBAL X FDS RBTCS ARTFL INTE,11223,338695,11223,338695,0,0
922908611,Not New,VANGUARD INDEX FDS SM CP VAL E,210,1475,210,1475,0,0
370334104,Not New,GENERAL MLS INC,4263,72502,4263,72502,0,0
98936J101,Not New,ZENDESK INC,24401,170491,24401,170491,0,0
00508Y102,Not New,ACUITY BRANDS INC,2401,19829,2401,19829,0,0
125523100,Not New,CIGNA CORP NEW,318,1528,318,1528,0,0
16208T102,Not New,CHATHAM LODGING TR,200,18554,200,18554,0,0
00404A109,Not New,ACADIA HEALTHCARE COMPANY INC,278,5536,278,5536,0,0
81762P102,Not New,SERVICENOW INC,172010,312502,172010,312502,0,0
731068102,Not New,POLARIS INC COM,57755,606155,57755,606155,0,0
62855J104,Not New,MYRIAD GENETICS INC,1049,53054,1049,53054,0,0
92763W103,Not New,VIPSHOP HLDGS LTD ADR,8978,319380,8978,319380,0,0
94106L109,Not New,WASTE MGMT INC DEL,460,3900,460,3900,0,0
494368103,Not New,KIMBERLY CLARK CORP,4717,34987,4717,34987,0,0
78463X202,Not New,SPDR EURO STOXX 50 ETF,2144,51383,2144,51383,0,0
464288661,Not New,ISHARES TR 3 7 YR TR BD ETF,345,2594,345,2594,0,0
655844108,Not New,NORFOLK SOUTHERN CORP,136028,572483,136028,572483,0,0
038336103,Not New,APTARGROUP INC,2861,20898,2861,20898,0,0
99929312T,Not New,ESCROW LEHMAN BROTHERS NOTE PE,0,10000,0,10000,0,0
G3922B107,Not New,GENPACT LIMITED,2302,55647,2302,55647,0,0
30040W108,Not New,EVERSOURCE ENERGY,962,11116,962,11116,0,0
03071H100,Not New,AMERISAFE INC,878,15293,878,15293,0,0
464287861,Not New,ISHARES TR EUROPE ETF,2594,54126,2594,54126,0,0
84857J106,Not New,SPIRAL TOYS INC,0,12000,0,12000,0,0
303075105,Not New,FACTSET RESH SYS INC COM,1491,4484,1491,4484,0,0
679295105,Not New,OKTA INC,281,1106,281,1106,0,0
767204100,Not New,RIO TINTO PLC ADR,915109,12165772,915109,12165772,0,0
911363109,Not New,UNITED RENTALS INC,7649,32982,7649,32982,0,0
428291108,Not New,HEXCEL CORP NEW,3749,77305,3749,77305,0,0
01609Y108,Not New,ALIBABA HEALTH INFO UNSPON ADR,3795,64257,3795,64257,0,0
45074N105,Not New,IZON NETWORK INC,0,62500,0,62500,0,0
059460303,Not New,BANCO BRADESCO SA SP ADR ADR,131208,24944570,131208,24944570,0,0
453229106,Not New,IN OVATIONS HLDGS INC,0,1800000,0,1800000,0,0
464288695,Not New,ISHARES TR GLOBAL MATER ETF,538,6605,538,6605,0,0
025537101,Not New,AMERICAN ELEC PWR CO INC,388,4657,388,4657,0,0
609207105,Not New,MONDELEZ INTL INC,747,12776,747,12776,0,0
69367U105,Not New,PT BK MANDIRI PERSERO TBK ADR,115,12809,115,12809,0,0
695263103,Not New,PACWEST BANCORP DEL,28791,1133515,28791,1133515,0,0
904214103,Not New,UMPQUA HLDGS CORP,40576,2680069,40576,2680069,0,0
H1467J104,Not New,CHUBB LIMITED,441,2866,441,2866,0,0
78462F103,Not New,SPDR S&P 500 ETF TR TR UNIT,3972,10624,3972,10624,0,0
25459R103,Not New,DISABILITY ACCESS CORP NEV,0,220000,0,220000,0,0
G02602103,Not New,AMDOCS LTD,1801,25394,1801,25394,0,0
464286806,Not New,ISHARES INC MSCI GERMANY ETF,553,17410,553,17410,0,0
922042742,Not New,VANGUARD TOTAL WORLD STOCK ETF,4535,48986,4535,48986,0,0
512807108,Not New,LAM RESEARCH CORP,452227,957559,452227,957559,0,0
922908637,Not New,VANGUARD INDEX FDS LARGE CAP E,423,2409,423,2409,0,0
20825C104,Not New,CONOCOPHILLIPS,204524,5114371,204524,5114371,0,0
921910873,Not New,VANGUARD WORLD FD MEGA CAP IND,309,2313,309,2313,0,0
922908769,Not New,VANGUARD INDEX FDS TOTAL STK M,2241,11515,2241,11515,0,0
548661107,Not New,LOWES COS INC,13152,81941,13152,81941,0,0
03076K108,Not New,AMERIS BANCORP,1280,33615,1280,33615,0,0
76122Q105,Not New,RESOURCES CONNECTION INC,770,61227,770,61227,0,0
871829107,Not New,SYSCO CORP,277,3730,277,3730,0,0
22002T108,Not New,CORPORATE OFFICE PPTYS TR,12173,466769,12173,466769,0,0
464286749,Not New,ISHARES MSCI SWITZERLAND ETF,1208,27030,1208,27030,0,0
67011R205,Not New,NOVUS ACQUISITION& DEV CORP,1,16913,1,16913,0,0
345370860,Not New,FORD MTR CO DEL,934,106218,934,106218,0,0
84470P109,Not New,SOUTHSIDE BANCSHARES INC,554,17856,554,17856,0,0
316092808,Not New,FIDELITY MSCI INFORMATION TECH,341,3262,341,3262,0,0
760759100,Not New,REPUBLIC SVCS INC,2014,20913,2014,20913,0,0
19459J104,Not New,COLLEGIUM PHARMACEUTICAL INC,302,15095,302,15095,0,0
05600FD30,Not New,BNP PARIBAS,21,20000,21,20000,0,0
742718109,Not New,PROCTER& GAMBLE CO,98313,706576,98313,706576,0,0
09239B109,Not New,BLACKLINE INC COM,220,1647,220,1647,0,0
861652105,Not New,STONE MEDIA CORP,0,17000,0,17000,0,0
G6095L109,Not New,APTIV PLC,2604,19986,2604,19986,0,0
166764100,Not New,CHEVRON CORP NEW,476613,5643730,476613,5643730,0,0
64104Y106,Not New,NESTE OYJ ADR,252,6986,252,6986,0,0
947890109,Not New,WEBSTER FINL CORP CONN,36787,872770,36787,872770,0,0
974637100,Not New,WINNEBAGO INDS INC,84332,1406932,84332,1406932,0,0
64051T100,Not New,NEOPHOTONICS CORP,997,109673,997,109673,0,0
50540R409,Not New,LABORATORY CORP AMER HLDGS,869,4270,869,4270,0,0
727667107,Not New,PLATINUM STUDIOS INC,0,10000,0,10000,0,0
808524102,Not New,SCHWAB STRATEGIC TR US BRD MKT,255,2801,255,2801,0,0
297284200,Not New,ESSILORLUXOTTICA UNSPONSOR ADR,4017,51480,4017,51480,0,0
962166104,Not New,WEYERHAEUSER CO MTN BE,1359,40521,1359,40521,0,0
00846U101,Not New,AGILENT TECHNOLOGIES INC,248,2094,248,2094,0,0
268948106,Not New,EAGLE BANCORP INC MD,577,13982,577,13982,0,0
G06242104,Not New,ATLASSIAN CORP PLC CL A,132637,567140,132637,567140,0,0
64049V100,Not New,NEOLOGIC ANIMATION INC,0,10000,0,10000,0,0
722304102,Not New,PINDUODUO INC-ADR ADR,712995,4013030,712995,4013030,0,0
606776201,Not New,MITSUBISHI ELEC CORP ADR,148751,4931862,148751,4931862,0,0
464287598,Not New,ISHARES TR RUS 1000 VAL ETF,293,2144,293,2144,0,0
035710409,Not New,ANNALY CAPITAL MANAGEMENT INC,433,51236,433,51236,0,0
848637104,Not New,SPLUNK INC,4300,25310,4300,25310,0,0
48124JN61,Not New,JPMORGAN CHASE BK N A,172,147000,172,147000,0,0
358039105,Not New,FRESHPET INC COM,26629,187541,26629,187541,0,0
501242101,Not New,KULICKE& SOFFA INDS INC,13790,433499,13790,433499,0,0
78464A755,Not New,SPDR SER TR S&P METALS MNG,679,20314,679,20314,0,0
46137V530,Not New,INVESCO NASDAQ INTERNET ETF,54853,240373,54853,240373,0,0
