CUSIP,status,NAME OF ISSUER,(x$1000)_old,PRN AMT_old,(x$1000),PRN AMT,(x$1000)_change,PRN AMT_change
45866F104,Sold Out,INTERCONTINENTAL EXCHANGE IN,496.0,4958.0,,,,
620076307,New Holding,MOTOROLA SOLUTIONS INC,,,201.0,1180.0,,
36257Y109,Sold Out,GSX TECHEDU INC,517.0,5733.0,,,,
464287655,New Holding,ISHARES TR,,,1571.0,8000.0,,
45768S105,Sold Out,INNOSPEC INC,287.0,4536.0,,,,
88076W103,New Holding,TERADATA CORP DEL,,,230.0,10258.0,,
670837103,Sold Out,OGE ENERGY CORP,214.0,7134.0,,,,
436440101,Sold Out,HOLOGIC INC,483.0,7261.0,,,,
585464100,Sold Out,MELCO RESORTS AND ENTMNT LTD,1249.0,75000.0,,,,
464287184,Sold Out,ISHARES TR,2499.0,59500.0,,,,
464287184,Sold Out,ISHARES TR,21000.0,500000.0,,,,
423452101,Sold Out,HELMERICH & PAYNE INC,340.0,23187.0,,,,
03783C100,Sold Out,APPFOLIO INC,254.0,1790.0,,,,
02079K305,Sold Out,ALPHABET INC,13322.0,9090.0,,,,
900111204,Sold Out,TURKCELL ILETISIM HIZMETLERI,341.0,71092.0,,,,
714046109,Sold Out,PERKINELMER INC,825.0,6573.0,,,,
88160R101,Not New,TESLA INC,139.0,197.0,594.0,1385.0,455.0,1188.0
88160R101,Not New,TESLA INC,2779.0,4000.0,594.0,1385.0,-2185.0,-2615.0
88160R101,Not New,TESLA INC,2823.0,4000.0,594.0,1385.0,-2229.0,-2615.0
871851101,Sold Out,SYSTEMAX INC,385.0,16065.0,,,,
89686D105,Sold Out,TRIVAGO N V,62.0,39799.0,,,,
775711104,Sold Out,ROLLINS INC,657.0,12132.0,,,,
11135F101,Sold Out,BROADCOM INC,597.0,1640.0,,,,
46120E602,Not New,INTUITIVE SURGICAL INC,9078.0,11096.0,7873.0,11096.0,-1205.0,0.0
194162103,Sold Out,COLGATE PALMOLIVE CO,382.0,4946.0,,,,
404609109,Sold Out,HACKETT GROUP INC,189.0,16916.0,,,,
615369105,Sold Out,MOODYS CORP,1050.0,3623.0,,,,
773903109,Sold Out,ROCKWELL AUTOMATION INC,373.0,1691.0,,,,
338307101,Sold Out,FIVE9 INC,725.0,5592.0,,,,
217204106,Sold Out,COPART INC,285.0,2712.0,,,,
90353W103,Sold Out,UBIQUITI INC,1077.0,6465.0,,,,
532457108,Sold Out,LILLY ELI & CO,571.0,3856.0,,,,
64110L106,Not New,NETFLIX INC,255.0,471.0,227.0,453.0,-28.0,-18.0
64110L106,Not New,NETFLIX INC,8814.0,16300.0,227.0,453.0,-8587.0,-15847.0
701877102,Sold Out,PARSLEY ENERGY INC,278.0,29699.0,,,,
34407D109,Sold Out,FLY LEASING LTD,76.0,10444.0,,,,
55825T103,New Holding,MADISON SQUARE GRDN SPRT COR,,,253.0,1376.0,,
23331A109,Sold Out,D R HORTON INC,1335.0,17647.0,,,,
835495102,Sold Out,SONOCO PRODS CO,361.0,7074.0,,,,
61174X109,Sold Out,MONSTER BEVERAGE CORP NEW,884.0,11021.0,,,,
98980A105,Sold Out,ZTO EXPRESS CAYMAN INC,668.0,22341.0,,,,
855244109,New Holding,STARBUCKS CORP,,,2119.0,20000.0,,
681919106,New Holding,OMNICOM GROUP INC,,,205.0,3281.0,,
009066101,New Holding,AIRBNB INC,,,1850.0,12600.0,,
05352A100,Not New,AVANTOR INC,288.0,10221.0,585.0,26009.0,297.0,15788.0
58506Q109,Sold Out,MEDPACE HLDGS INC,578.0,5171.0,,,,
30744W107,Not New,FARFETCH LTD,205.0,3214.0,212.0,8422.0,7.0,5208.0
75886F107,Sold Out,REGENERON PHARMACEUTICALS,502.0,897.0,,,,
01609W102,Not New,ALIBABA GROUP HLDG LTD,1047.0,4500.0,14719.0,50068.0,13672.0,45568.0
502431109,New Holding,L3HARRIS TECHNOLOGIES INC,,,351.0,1859.0,,
98389B100,New Holding,XCEL ENERGY INC,,,8761.0,131412.0,,
456788108,Sold Out,INFOSYS LTD,282.0,20389.0,,,,
626717102,Sold Out,MURPHY OIL CORP,144.0,16136.0,,,,
65339F101,New Holding,NEXTERA ENERGY INC,,,11517.0,149279.0,,
702149105,New Holding,PARTY CITY HOLDCO INC,,,87.0,14076.0,,
98379L100,Sold Out,XPEL INC,624.0,23931.0,,,,
086516101,New Holding,BEST BUY INC,,,212.0,2125.0,,
98986T108,Sold Out,ZYNGA INC,176.0,19274.0,,,,
222070203,Sold Out,COTY INC,41.0,15333.0,,,,
12572Q105,Sold Out,CME GROUP INC,732.0,4378.0,,,,
770323103,New Holding,ROBERT HALF INTL INC,,,302.0,4841.0,,
47215P106,Sold Out,JD.COM INC,492.0,6337.0,,,,
81369Y209,New Holding,SELECT SECTOR SPDR TR,,,651.0,5800.0,,
874039100,Not New,TAIWAN SEMICONDUCTOR MFG LTD,16154.0,148144.0,15431.0,190344.0,-723.0,42200.0
761152107,Sold Out,RESMED INC,363.0,2117.0,,,,
528872302,New Holding,LEXICON PHARMACEUTICALS INC,,,37.0,10747.0,,
74144T108,Sold Out,PRICE T ROWE GROUP INC,461.0,3592.0,,,,
03662Q105,Sold Out,ANSYS INC,215.0,656.0,,,,
016255101,Sold Out,ALIGN TECHNOLOGY INC,343.0,1047.0,,,,
98980L101,Sold Out,ZOOM VIDEO COMMUNICATIONS IN,773.0,1645.0,,,,
16359R103,Sold Out,CHEMED CORP NEW,229.0,477.0,,,,
553530106,Sold Out,MSC INDL DIRECT INC,1325.0,20934.0,,,,
419870100,Sold Out,HAWAIIAN ELEC INDUSTRIES,335.0,10064.0,,,,
809087109,Sold Out,SCIPLAY CORP,801.0,49411.0,,,,
441593100,New Holding,HOULIHAN LOKEY INC,,,262.0,3897.0,,
983919101,Sold Out,XILINX INC,412.0,3949.0,,,,
28176E108,Sold Out,EDWARDS LIFESCIENCES CORP,372.0,4664.0,,,,
29260V105,Sold Out,ENDAVA PLC,392.0,6207.0,,,,
58470H101,Sold Out,MEDIFAST INC,393.0,2388.0,,,,
084423102,New Holding,BERKLEY W R CORP,,,300.0,4517.0,,
82968B103,Not New,SIRIUS XM HOLDINGS INC,305.0,47851.0,195.0,36332.0,-110.0,-11519.0
57060D108,Sold Out,MARKETAXESS HLDGS INC,911.0,1892.0,,,,
81369Y605,Not New,SELECT SECTOR SPDR TR,116.0,4000.0,6361.0,264600.0,6245.0,260600.0
81369Y605,Not New,SELECT SECTOR SPDR TR,116.0,4000.0,1805.0,75000.0,1689.0,71000.0
81369Y605,Not New,SELECT SECTOR SPDR TR,116.0,4000.0,7221.0,300000.0,7105.0,296000.0
682680103,Sold Out,ONEOK INC NEW,345.0,13264.0,,,,
380237107,Sold Out,GODADDY INC,203.0,2666.0,,,,
78409V104,Not New,S&P GLOBAL INC,389.0,1184.0,1746.0,4843.0,1357.0,3659.0
256163106,Not New,DOCUSIGN INC,6734.0,30292.0,3711.0,17241.0,-3023.0,-13051.0
104674106,Sold Out,BRADY CORP,705.0,17622.0,,,,
636518102,Sold Out,NATIONAL INSTRS CORP,292.0,8184.0,,,,
464287234,Not New,ISHARES TR,81277.0,1573000.0,110.0,2500.0,-81167.0,-1570500.0
464287234,Not New,ISHARES TR,81277.0,1573000.0,2205.0,50000.0,-79072.0,-1523000.0
464287234,Not New,ISHARES TR,355965.0,6889200.0,110.0,2500.0,-355855.0,-6886700.0
464287234,Not New,ISHARES TR,355965.0,6889200.0,2205.0,50000.0,-353760.0,-6839200.0
30303M102,Not New,FACEBOOK INC,4078.0,15000.0,317.0,1209.0,-3761.0,-13791.0
58733R102,Sold Out,MERCADOLIBRE INC,309.0,285.0,,,,
92686J106,New Holding,VIKING THERAPEUTICS INC,,,112.0,19901.0,,
26884L109,Sold Out,EQT CORP,29641.0,2292394.0,,,,
83417Q105,New Holding,SOLARWINDS CORP,,,159.0,10657.0,,
922280102,Sold Out,VARONIS SYS INC,396.0,3432.0,,,,
293389102,New Holding,ENNIS INC,,,261.0,14617.0,,
617446448,Sold Out,MORGAN STANLEY,256.0,5288.0,,,,
929042109,Sold Out,VORNADO RLTY TR,238.0,7066.0,,,,
69354M108,Sold Out,PRA HEALTH SCIENCES INC,386.0,3807.0,,,,
04247X102,New Holding,ARMSTRONG WORLD INDS INC,,,221.0,2966.0,,
71363P106,New Holding,PERDOCEO ED CORP,,,135.0,10712.0,,
45781D101,Sold Out,INOVALON HLDGS INC,462.0,17472.0,,,,
292562105,Sold Out,ENCORE WIRE CORP,379.0,8175.0,,,,
92189F106,New Holding,VANECK VECTORS ETF TR,,,19811.0,550000.0,,
92189F106,New Holding,VANECK VECTORS ETF TR,,,18010.0,500000.0,,
54150E104,Sold Out,LOMA NEGRA CORP,163.0,37911.0,,,,
53814L108,Sold Out,LIVENT CORP,131.0,14581.0,,,,
69351T106,New Holding,PPL CORP,,,9116.0,323261.0,,
29355A107,Sold Out,ENPHASE ENERGY INC,320.0,3880.0,,,,
78463V107,Not New,SPDR GOLD TR,450885.0,2527950.0,422086.0,2383050.0,-28799.0,-144900.0
78463V107,Not New,SPDR GOLD TR,450885.0,2527950.0,7970.0,45000.0,-442915.0,-2482950.0
78463V107,Not New,SPDR GOLD TR,450885.0,2527950.0,17712.0,100000.0,-433173.0,-2427950.0
78463V107,Not New,SPDR GOLD TR,2889.0,16200.0,422086.0,2383050.0,419197.0,2366850.0
78463V107,Not New,SPDR GOLD TR,2889.0,16200.0,7970.0,45000.0,5081.0,28800.0
78463V107,Not New,SPDR GOLD TR,2889.0,16200.0,17712.0,100000.0,14823.0,83800.0
74347M108,Sold Out,PROPETRO HLDG CORP,146.0,35958.0,,,,
57667L107,Not New,MATCH GROUP INC NEW,285.0,1885.0,262.0,2369.0,-23.0,484.0
046433108,Sold Out,ASTRONICS CORP,83.0,10761.0,,,,
989207105,Not New,ZEBRA TECHNOLOGIES CORPORATI,7664.0,19941.0,5505.0,21806.0,-2159.0,1865.0
481116101,Sold Out,JOUNCE THERAPEUTICS INC,338.0,41412.0,,,,
15189T107,New Holding,CENTERPOINT ENERGY INC,,,8677.0,400990.0,,
78410G104,New Holding,SBA COMMUNICATIONS CORP NEW,,,386.0,1368.0,,
65158N102,Sold Out,NEWMARK GROUP INC,79.0,18304.0,,,,
88025T102,Sold Out,TENABLE HLDGS INC,414.0,10970.0,,,,
74971D101,Sold Out,RPT REALTY,180.0,33162.0,,,,
40637H109,New Holding,HALOZYME THERAPEUTICS INC,,,447.0,10471.0,,
379577208,Sold Out,GLOBUS MED INC,234.0,4732.0,,,,
720190206,Sold Out,PIEDMONT OFFICE REALTY TR IN,343.0,25252.0,,,,
882508104,Sold Out,TEXAS INSTRS INC,421.0,2945.0,,,,
55261F104,Sold Out,M & T BK CORP,338.0,3670.0,,,,
458140100,Sold Out,INTEL CORP,256.0,4937.0,,,,
922475108,Sold Out,VEEVA SYS INC,938.0,3337.0,,,,
55354G100,Sold Out,MSCI INC,1067.0,2992.0,,,,
697435105,New Holding,PALO ALTO NETWORKS INC,,,203.0,571.0,,
G037AX101,New Holding,AMBARELLA INC,,,3535.0,38500.0,,
45841N107,Sold Out,INTERACTIVE BROKERS GROUP IN,775.0,16027.0,,,,
42207L106,New Holding,HEADHUNTER GROUP PLC,,,222.0,7353.0,,
592688105,Sold Out,METTLER TOLEDO INTERNATIONAL,1363.0,1411.0,,,,
723787107,Sold Out,PIONEER NAT RES CO,402.0,4672.0,,,,
25525P107,Sold Out,DIVERSIFIED HEALTHCARE TR,79.0,22330.0,,,,
25746U109,New Holding,DOMINION ENERGY INC,,,8636.0,114847.0,,
974155103,Sold Out,WINGSTOP INC,595.0,4357.0,,,,
83088M102,Sold Out,SKYWORKS SOLUTIONS INC,463.0,3181.0,,,,
127097103,Sold Out,CABOT OIL & GAS CORP,36261.0,2088781.0,,,,
461202103,Not New,INTUIT,5052.0,13300.0,503.0,1542.0,-4549.0,-11758.0
339041105,New Holding,FLEETCOR TECHNOLOGIES INC,,,206.0,756.0,,
25754A201,Sold Out,DOMINOS PIZZA INC,651.0,1530.0,,,,
052769106,Not New,AUTODESK INC,303.0,992.0,1293.0,5599.0,990.0,4607.0
59156R108,Sold Out,METLIFE INC,288.0,7750.0,,,,
909907107,Sold Out,UNITED BANKSHARES INC WEST V,280.0,13064.0,,,,
314211103,Sold Out,FEDERATED HERMES INC,533.0,24778.0,,,,
70450Y103,Sold Out,PAYPAL HLDGS INC,425.0,2159.0,,,,
25278X109,Sold Out,DIAMONDBACK ENERGY INC,562.0,18663.0,,,,
252131107,Sold Out,DEXCOM INC,396.0,960.0,,,,
042315507,Sold Out,ARMOUR RESIDENTIAL REIT INC,109.0,11454.0,,,,
296315104,Sold Out,ESCO TECHNOLOGIES INC,266.0,3299.0,,,,
421906108,Sold Out,HEALTHCARE SVCS GROUP INC,332.0,15440.0,,,,
852857200,Sold Out,STAMPS COM INC,276.0,1146.0,,,,
88339J105,Sold Out,THE TRADE DESK INC,209.0,403.0,,,,
03990B101,New Holding,ARES MANAGEMENT CORPORATION,,,387.0,8225.0,,
56117J100,Sold Out,MALIBU BOATS INC,209.0,4226.0,,,,
911312106,Sold Out,UNITED PARCEL SERVICE INC,833.0,5000.0,,,,
55262C100,New Holding,MBIA INC,,,144.0,21933.0,,
57636Q104,Not New,MASTERCARD INCORPORATED,269.0,753.0,647.0,1912.0,378.0,1159.0
007903107,Not New,ADVANCED MICRO DEVICES INC,4808.0,52428.0,7144.0,87138.0,2336.0,34710.0
539830109,New Holding,LOCKHEED MARTIN CORP,,,428.0,1205.0,,
058934100,New Holding,BANCO BBVA ARGENTINA S A,,,36.0,11288.0,,
91913Y100,New Holding,VALERO ENERGY CORP,,,503.0,8900.0,,
16934Q208,Sold Out,CHIMERA INVT CORP,249.0,30324.0,,,,
34959E109,Sold Out,FORTINET INC,591.0,5020.0,,,,
665859104,Sold Out,NORTHERN TR CORP,357.0,4574.0,,,,
84920Y106,Sold Out,SPORTSMANS WHSE HLDGS INC,276.0,19271.0,,,,
256746108,Sold Out,DOLLAR TREE INC,2284.0,25000.0,,,,
30161N101,New Holding,EXELON CORP,,,8642.0,204693.0,,
464288513,New Holding,ISHARES TR,,,2329.0,26700.0,,
00971T101,Sold Out,AKAMAI TECHNOLOGIES INC,335.0,3035.0,,,,
359664109,New Holding,FULGENT GENETICS INC,,,213.0,4081.0,,
92532F100,Sold Out,VERTEX PHARMACEUTICALS INC,806.0,2961.0,,,,
98585X104,Sold Out,YETI HLDGS INC,201.0,4432.0,,,,
101137107,Sold Out,BOSTON SCIENTIFIC CORP,2866.0,75000.0,,,,
893641100,New Holding,TRANSDIGM GROUP INC,,,234.0,378.0,,
825698103,Sold Out,SHYFT GROUP INC,295.0,15635.0,,,,
69370C100,Not New,PTC INC,2072.0,17321.0,1433.0,17321.0,-639.0,0.0
92343E106,New Holding,VERISIGN INC,,,229.0,1059.0,,
26441C204,New Holding,DUKE ENERGY CORP NEW,,,8755.0,95621.0,,
23918K108,Sold Out,DAVITA INC,344.0,4021.0,,,,
91359E105,Sold Out,UNIVERSAL HEALTH RLTY INCM T,361.0,6337.0,,,,
163075104,Not New,CHEETAH MOBILE INC,104.0,57692.0,197.0,95403.0,93.0,37711.0
12662P108,Sold Out,CVR ENERGY INC,370.0,29913.0,,,,
26745T101,Sold Out,DYADIC INTL INC DEL,83.0,10940.0,,,,
626755102,Sold Out,MURPHY USA INC,307.0,2393.0,,,,
928563402,Sold Out,VMWARE INC,232.0,1615.0,,,,
090040106,Sold Out,BILIBILI INC,604.0,14508.0,,,,
03027X100,Not New,AMERICAN TOWER CORP NEW,449.0,2002.0,376.0,1554.0,-73.0,-448.0
874080104,Sold Out,TAL EDUCATION GROUP,578.0,7596.0,,,,
09062X103,Sold Out,BIOGEN INC,315.0,1110.0,,,,
90187B408,Sold Out,TWO HBRS INVT CORP,117.0,23069.0,,,,
92220P105,Sold Out,VARIAN MED SYS INC,249.0,1447.0,,,,
554382101,Sold Out,MACERICH CO,158.0,23290.0,,,,
03748R754,Sold Out,APARTMENT INVT & MGMT CO,202.0,6002.0,,,,
458334109,Sold Out,INTER PARFUMS INC,470.0,12585.0,,,,
392709101,Sold Out,GREEN BRICK PARTNERS INC,241.0,14953.0,,,,
018802108,New Holding,ALLIANT ENERGY CORP,,,8822.0,171208.0,,
457730109,Sold Out,INSPIRE MED SYS INC,273.0,2118.0,,,,
49427F108,New Holding,KILROY RLTY CORP,,,277.0,4824.0,,
65481N100,Sold Out,NIU TECHNOLOGIES,684.0,35614.0,,,,
718172109,Sold Out,PHILIP MORRIS INTL INC,432.0,5764.0,,,,
29446M102,Sold Out,EQUINOR ASA,30880.0,2196285.0,,,,
74386T105,Sold Out,PROVIDENT FINL SVCS INC,306.0,25087.0,,,,
50187A107,Sold Out,LHC GROUP INC,245.0,1152.0,,,,
30231G102,New Holding,EXXON MOBIL CORP,,,491.0,11900.0,,
70975L107,Sold Out,PENUMBRA INC,393.0,2023.0,,,,
812578102,Sold Out,SEATTLE GENETICS INC,649.0,3317.0,,,,
776696106,New Holding,ROPER TECHNOLOGIES INC,,,248.0,575.0,,
18270P109,Sold Out,CLARUS CORP NEW,385.0,27256.0,,,,
92345Y106,Sold Out,VERISK ANALYTICS INC,371.0,2001.0,,,,
64110W102,Sold Out,NETEASE INC,1366.0,3004.0,,,,
736508847,New Holding,PORTLAND GEN ELEC CO,,,8883.0,207692.0,,
004239109,Sold Out,ACADIA RLTY TR,159.0,15178.0,,,,
91324P102,Sold Out,UNITEDHEALTH GROUP INC,582.0,1868.0,,,,
574599106,Sold Out,MASCO CORP,230.0,4178.0,,,,
98980G102,Sold Out,ZSCALER INC,252.0,1788.0,,,,
880770102,Sold Out,TERADYNE INC,320.0,4021.0,,,,
87874R100,Sold Out,TECHTARGET INC,547.0,12445.0,,,,
68389X105,Sold Out,ORACLE CORP,326.0,5459.0,,,,
038222105,Not New,APPLIED MATLS INC,2926.0,33900.0,209.0,3508.0,-2717.0,-30392.0
72919P202,Sold Out,PLUG POWER INC,1392.0,103807.0,,,,
023436108,Sold Out,AMEDISYS INC,1549.0,6551.0,,,,
N6596X109,Not New,NXP SEMICONDUCTORS N V,2401.0,15100.0,1710.0,13700.0,-691.0,-1400.0
256677105,Sold Out,DOLLAR GEN CORP NEW,293.0,1396.0,,,,
82509L107,New Holding,SHOPIFY INC,,,2943.0,2600.0,,
31428X106,Sold Out,FEDEX CORP,1258.0,5000.0,,,,
036642106,New Holding,ANTARES PHARMA INC,,,204.0,51085.0,,
320209109,Sold Out,FIRST FINL BANCORP OH,138.0,11462.0,,,,
177376100,Sold Out,CITRIX SYS INC,456.0,3310.0,,,,
29089Q105,Sold Out,EMERGENT BIOSOLUTIONS INC,272.0,2637.0,,,,
04965B100,New Holding,ATOMERA INC,,,196.0,12194.0,,
494274103,Sold Out,KIMBALL INTL INC,114.0,10839.0,,,,
00507V109,Sold Out,ACTIVISION BLIZZARD INC,2833.0,35000.0,,,,
233331107,New Holding,DTE ENERGY CO,,,8740.0,71985.0,,
892672106,Sold Out,TRADEWEB MKTS INC,1087.0,18733.0,,,,
09257W100,Sold Out,BLACKSTONE MTG TR INC,310.0,14123.0,,,,
674599105,New Holding,OCCIDENTAL PETE CORP,,,727.0,42000.0,,
440452100,Sold Out,HORMEL FOODS CORP,1012.0,20704.0,,,,
46090E103,New Holding,INVESCO QQQ TR,,,784.0,2500.0,,
46090E103,New Holding,INVESCO QQQ TR,,,6902.0,22000.0,,
50189K103,Sold Out,LCI INDS,212.0,1990.0,,,,
747525103,Sold Out,QUALCOMM INC,3321.0,28223.0,,,,
682189105,Not New,ON SEMICONDUCTOR CORP,5351.0,163500.0,5855.0,269925.0,504.0,106425.0
254687106,New Holding,DISNEY WALT CO,,,8207.0,45300.0,,
76131V202,Sold Out,RETAIL PPTYS AMER INC,145.0,24895.0,,,,
278865100,New Holding,ECOLAB INC,,,244.0,1130.0,,
595112103,Not New,MICRON TECHNOLOGY INC,28230.0,375497.0,6790.0,144600.0,-21440.0,-230897.0
595112103,Not New,MICRON TECHNOLOGY INC,1504.0,20000.0,6790.0,144600.0,5286.0,124600.0
205768302,Sold Out,COMSTOCK RES INC,106.0,24200.0,,,,
83418M103,Sold Out,SOLARIS OILFIELD INFRSTR INC,164.0,25839.0,,,,
00130H105,New Holding,AES CORP,,,49486.0,2105805.0,,
302520101,Sold Out,F N B CORP,207.0,30542.0,,,,
30226D106,New Holding,EXTREME NETWORKS INC,,,113.0,16422.0,,
759910102,Sold Out,REPRO MED SYS INC,237.0,32782.0,,,,
46146L101,Sold Out,INVESTORS BANCORP INC NEW,281.0,38728.0,,,,
416515104,Sold Out,HARTFORD FINL SVCS GROUP INC,316.0,8576.0,,,,
749397105,Not New,R1 RCM INC,431.0,17933.0,917.0,53458.0,486.0,35525.0
70432V102,Sold Out,PAYCOM SOFTWARE INC,366.0,1175.0,,,,
98974P100,New Holding,ZIX CORP,,,150.0,17341.0,,
10922N103,New Holding,BRIGHTHOUSE FINL INC,,,283.0,7804.0,,
115637209,Sold Out,BROWN FORMAN CORP,676.0,8975.0,,,,
037833100,Not New,APPLE INC,19320.0,145601.0,649.0,5608.0,-18671.0,-139993.0
037833100,Not New,APPLE INC,19320.0,145601.0,3474.0,30000.0,-15846.0,-115601.0
29452E105,New Holding,EQUITABLE HLDGS INC,,,418.0,16334.0,,
749660106,New Holding,RPC INC,,,79.0,25119.0,,
143130102,New Holding,CARMAX INC,,,240.0,2542.0,,
29786A106,Sold Out,ETSY INC,412.0,3388.0,,,,
609839105,Sold Out,MONOLITHIC PWR SYS INC,561.0,2007.0,,,,
39579V100,Not New,GREENTREE HOSPITALITY GROUP,166.0,12390.0,168.0,12390.0,2.0,0.0
026874784,New Holding,AMERICAN INTL GROUP INC,,,208.0,5498.0,,
539183103,Sold Out,LIVONGO HEALTH INC,416.0,2971.0,,,,
040047607,Sold Out,ARENA PHARMACEUTICALS INC,256.0,3425.0,,,,
127203107,Sold Out,CACTUS INC,223.0,11628.0,,,,
42809H107,Sold Out,HESS CORP,41501.0,1013939.0,,,,
92826C839,Not New,VISA INC,5412.0,24741.0,651.0,3255.0,-4761.0,-21486.0
505743104,Sold Out,LADDER CAP CORP,191.0,26782.0,,,,
679580100,Sold Out,OLD DOMINION FREIGHT LINE IN,323.0,1786.0,,,,
517834107,Sold Out,LAS VEGAS SANDS CORP,240.0,5148.0,,,,
46429B958,Sold Out,ISHARES TR,3764.0,111164.0,,,,
19247A100,Sold Out,COHEN & STEERS INC,384.0,6892.0,,,,
708062104,Sold Out,PENNANTPARK INVT CORP,222.0,69686.0,,,,
04016X101,Sold Out,ARGENX SE,266.0,1013.0,,,,
892356106,Sold Out,TRACTOR SUPPLY CO,302.0,2110.0,,,,
464287432,New Holding,ISHARES TR,,,3150.0,20000.0,,
91529Y106,Sold Out,UNUM GROUP,657.0,39018.0,,,,
63938C108,New Holding,NAVIENT CORPORATION,,,182.0,18526.0,,
12503M108,Sold Out,CBOE GLOBAL MARKETS INC,775.0,8828.0,,,,
023135106,Not New,AMAZON COM INC,6970.0,2140.0,23301.0,7400.0,16331.0,5260.0
023135106,Not New,AMAZON COM INC,6970.0,2140.0,1259.0,400.0,-5711.0,-1740.0
023135106,Not New,AMAZON COM INC,6514.0,2000.0,23301.0,7400.0,16787.0,5400.0
023135106,Not New,AMAZON COM INC,6514.0,2000.0,1259.0,400.0,-5255.0,-1600.0
58155Q103,Not New,MCKESSON CORP,310.0,1782.0,343.0,2302.0,33.0,520.0
29414B104,Sold Out,EPAM SYS INC,356.0,1101.0,,,,
368736104,Sold Out,GENERAC HLDGS INC,381.0,1970.0,,,,
883556102,Sold Out,THERMO FISHER SCIENTIFIC INC,1020.0,2311.0,,,,
036752103,Sold Out,ANTHEM INC,428.0,1595.0,,,,
18539C204,New Holding,CLEARWAY ENERGY INC,,,8640.0,270601.0,,
235851102,Sold Out,DANAHER CORPORATION,355.0,1648.0,,,,
452308109,Sold Out,ILLINOIS TOOL WKS INC,629.0,3256.0,,,,
835699307,Not New,SONY CORP,5632.0,55710.0,4970.0,64759.0,-662.0,9049.0
001055102,Sold Out,AFLAC INC,277.0,7621.0,,,,
29444U700,Sold Out,EQUINIX INC,5043.0,6635.0,,,,
81141R100,Sold Out,SEA LTD,709.0,4605.0,,,,
96524V106,Sold Out,WHITEHORSE FIN INC,157.0,16085.0,,,,
534187109,Sold Out,LINCOLN NATL CORP IND,466.0,14878.0,,,,
744573106,New Holding,PUBLIC SVC ENTERPRISE GRP IN,,,8826.0,151388.0,,
02156K103,Not New,ALTICE USA INC,255.0,6732.0,15926.0,612520.0,15671.0,605788.0
69329Y104,Sold Out,PDL BIOPHARMA INC,275.0,87446.0,,,,
20605P101,Sold Out,CONCHO RES INC,599.0,13585.0,,,,
74915M100,New Holding,QURATE RETAIL INC,,,183.0,16677.0,,
77543R102,Sold Out,ROKU INC,204.0,1078.0,,,,
744320102,Sold Out,PRUDENTIAL FINL INC,327.0,5148.0,,,,
90353T100,New Holding,UBER TECHNOLOGIES INC,,,5852.0,114738.0,,
929089100,Not New,VOYA FINANCIAL INC,416.0,7070.0,693.0,14467.0,277.0,7397.0
62914V106,Sold Out,NIO INC,265.0,12487.0,,,,
03073E105,Not New,AMERISOURCEBERGEN CORP,259.0,2648.0,548.0,5650.0,289.0,3002.0
154760409,Sold Out,CENTRAL PAC FINL CORP,193.0,14201.0,,,,
00724F101,Not New,ADOBE SYSTEMS INCORPORATED,3220.0,6438.0,5449.0,11111.0,2229.0,4673.0
225447101,New Holding,CREE INC,,,1260.0,11900.0,,
631103108,Sold Out,NASDAQ INC,660.0,5378.0,,,,
67066G104,Sold Out,NVIDIA CORPORATION,6285.0,11613.0,,,,
212015101,Sold Out,CONTINENTAL RES INC,189.0,15371.0,,,,
966084204,Sold Out,WHITESTONE REIT,120.0,19940.0,,,,
189054109,Sold Out,CLOROX CO DEL,545.0,2594.0,,,,
668771108,Not New,NORTONLIFELOCK INC,308.0,14827.0,608.0,29163.0,300.0,14336.0
83417M104,Sold Out,SOLAREDGE TECHNOLOGIES INC,360.0,1512.0,,,,
88362T103,Sold Out,THERMON GROUP HLDGS INC,207.0,18476.0,,,,
025676206,Sold Out,AMERICAN EQTY INVT LIFE HLD,336.0,15292.0,,,,
116794108,Sold Out,BRUKER CORP,425.0,10681.0,,,,
86272C103,Sold Out,STRATEGIC ED INC,468.0,5111.0,,,,
46131B100,Sold Out,INVESCO MORTGAGE CAPITAL INC,245.0,90587.0,,,,
311900104,Sold Out,FASTENAL CO,468.0,10387.0,,,,
46428Q109,Not New,ISHARES SILVER TR,24683.0,1005000.0,3787.0,175000.0,-20896.0,-830000.0
46428Q109,Not New,ISHARES SILVER TR,5595.0,227800.0,3787.0,175000.0,-1808.0,-52800.0
46428Q109,Not New,ISHARES SILVER TR,12280.0,500000.0,3787.0,175000.0,-8493.0,-325000.0
594918104,Not New,MICROSOFT CORP,11232.0,50500.0,489.0,2327.0,-10743.0,-48173.0
594918104,Not New,MICROSOFT CORP,6117.0,27500.0,489.0,2327.0,-5628.0,-25173.0
269246401,Sold Out,E TRADE FINANCIAL CORP,388.0,7743.0,,,,
98978V103,Sold Out,ZOETIS INC,235.0,1419.0,,,,
688239201,Sold Out,OSHKOSH CORP,464.0,6318.0,,,,
596278101,New Holding,MIDDLEBY CORP,,,208.0,1611.0,,
125523100,Sold Out,CIGNA CORP NEW,430.0,2536.0,,,,
81762P102,Sold Out,SERVICENOW INC,889.0,1832.0,,,,
579780206,Sold Out,MCCORMICK & CO INC,298.0,1537.0,,,,
69423U305,New Holding,PACIFIC ETHANOL INC,,,89.0,16337.0,,
464288224,New Holding,ISHARES TR,,,212.0,7500.0,,
24703L202,New Holding,DELL TECHNOLOGIES INC,,,287.0,3917.0,,
14888U101,Not New,CATALYST PHARMACEUTICALS INC,82.0,24592.0,34.0,11553.0,-48.0,-13039.0
30040W108,New Holding,EVERSOURCE ENERGY,,,8882.0,102668.0,,
52603A208,New Holding,LENDINGCLUB CORP,,,111.0,10527.0,,
303075105,Sold Out,FACTSET RESH SYS INC,261.0,778.0,,,,
679295105,Sold Out,OKTA INC,259.0,1210.0,,,,
92343E102,Sold Out,VERISIGN INC,1370.0,6688.0,,,,
695263103,Sold Out,PACWEST BANCORP DEL,265.0,15503.0,,,,
371901109,Sold Out,GENTEX CORP,620.0,24074.0,,,,
512807108,Not New,LAM RESEARCH CORP,2909.0,6159.0,446.0,1344.0,-2463.0,-4815.0
30161Q104,Sold Out,EXELIXIS INC,272.0,11142.0,,,,
65341B106,New Holding,NEXTERA ENERGY PARTNERS LP,,,9921.0,147957.0,,
G6095L109,Not New,APTIV PLC,60223.0,462225.0,41806.0,456000.0,-18417.0,-6225.0
384109104,Sold Out,GRACO INC,598.0,9746.0,,,,
941848103,Sold Out,WATERS CORP,758.0,3874.0,,,,
36165L108,Sold Out,GDS HLDGS LTD,2081.0,25430.0,,,,
829214105,Sold Out,SIMULATIONS PLUS INC,383.0,5076.0,,,,
00846U101,Sold Out,AGILENT TECHNOLOGIES INC,408.0,4043.0,,,,
30712A103,New Holding,FANHUA INC,,,137.0,11394.0,,
722304102,Not New,PINDUODUO INC,205.0,1156.0,302.0,4072.0,97.0,2916.0
268150109,Not New,DYNATRACE INC,1510.0,34894.0,1340.0,32667.0,-170.0,-2227.0
38267D109,Sold Out,GOOSEHEAD INS INC,834.0,9627.0,,,,
29362U104,Sold Out,ENTEGRIS INC,522.0,7020.0,,,,
902252105,Sold Out,TYLER TECHNOLOGIES INC,413.0,1184.0,,,,
74838J101,Sold Out,QUIDEL CORP,231.0,1053.0,,,,
553573106,New Holding,MSG NETWORK INC,,,311.0,21093.0,,
917286205,Sold Out,URSTADT BIDDLE PPTYS INC,299.0,32548.0,,,,
