CUSIP,status,NAME OF ISSUER,(x$1000)_old,PRN AMT_old,(x$1000),PRN AMT,(x$1000)_change,PRN AMT_change
361438104,Not New,GAMCO INVESTORS INC,153.0,8600.0,100.0,8600.0,-53.0,0.0
620076307,Not New,MOTOROLA SOLUTIONS INC,17006.0,100000.0,15681.0,100000.0,-1325.0,0.0
045528106,Not New,ASSOCIATED CAPITAL GROUP,302.0,8600.0,311.0,8600.0,9.0,0.0
553829102,Sold Out,MVC CAPITAL INC,13253.0,1696960.0,,,,
00164V103,Not New,AMC NETWORKS INC,17885.0,500000.0,19180.0,776200.0,1295.0,276200.0
63938C108,Not New,NAVIENT CORP,32455.0,3305000.0,26871.0,3180000.0,-5584.0,-125000.0
16934Q208,Not New,CHIMERA INVESTMENT CORP,34824.0,3397500.0,27860.0,3397500.0,-6964.0,0.0
29273V100,Not New,ENERGY TRANSFER LP,39861.0,6450000.0,27275.0,5032200.0,-12586.0,-1417800.0
023135106,Not New,AMAZON.COM INC,37455.0,11500.0,36210.0,11500.0,-1245.0,0.0
30607B109,Not New,FALCON MINERALS CORP,3637.0,1154672.0,2307.0,945648.0,-1330.0,-209024.0
04530L203,Not New,ASPEN GROUP INC,11130.0,1000000.0,11170.0,1000000.0,40.0,0.0
315405100,Not New,FERRO CORP,48584.0,3320869.0,41179.0,3320869.0,-7405.0,0.0
701877102,Not New,PARSLEY ENERGY INC,24140.0,1700000.0,17784.0,1900000.0,-6356.0,200000.0
038923108,Not New,ARBOR REALTY TRUST INC,33026.0,2329082.0,26715.0,2329082.0,-6311.0,0.0
8676EP108,Not New,SUNOPTA INC,18672.0,1600000.0,11628.0,1567069.0,-7044.0,-32931.0
896522109,Not New,TRINITY INDUSTRIES INC,79698.0,3020000.0,58890.0,3020000.0,-20808.0,0.0
26943B100,Not New,FIRST EAGLE ALTERNATIVE CAPI,10575.0,2897220.0,7091.0,2859100.0,-3484.0,-38120.0
28852N109,Not New,ELLINGTON FINANCIAL INC,11278.0,760000.0,9318.0,760000.0,-1960.0,0.0
25253X207,New Holding,DIAMEDICA THERAPEUTICS INC,,,304.0,30000.0,,
648691103,Not New,NEW SENIOR INVESTMENT GROUP,25917.0,5003200.0,19973.0,4993200.0,-5944.0,-10000.0
86882C105,Not New,SURGALIGN HOLDINGS INC,4181.0,1909049.0,3574.0,1974533.0,-607.0,65484.0
34962V106,Sold Out,FORTRESS VALUE ACQ,8148.0,600000.0,,,,
337738108,Not New,FISERV INC,117344.0,1030600.0,106203.0,1030600.0,-11141.0,0.0
20030N101,New Holding,COMCAST CORP,,,7860.0,150000.0,,
02079K305,Not New,ALPHABET INC,105158.0,60000.0,87936.0,60000.0,-17222.0,0.0
971378104,New Holding,WILLSCOT MOBILE MINI HOLDING,,,15062.0,650085.0,,
553368101,New Holding,MP MATERIALS CORP,,,78044.0,2426000.0,,
559663109,Not New,MAGNOLIA OIL & GAS CORP,16908.0,2394950.0,13674.0,2644950.0,-3234.0,250000.0
82639W106,Not New,SIERRA METALS INC,3771.0,1135858.0,1180.0,802783.0,-2591.0,-333075.0
30303M102,Not New,FACEBOOK INC,7375.0,27000.0,7071.0,27000.0,-304.0,0.0
594918104,Not New,MICROSOFT CORP,54650.0,245705.0,51679.0,245705.0,-2971.0,0.0
523768109,Sold Out,LEE ENTERPRISES,670.0,799311.0,,,,
675746606,Not New,OCWEN FINANCIAL CORP,25413.0,879037.0,18565.0,879037.0,-6848.0,0.0
00130H105,Not New,AES CORP,21.0,900.0,16.0,900.0,-5.0,0.0
10918L103,Not New,BRIGHAM MINERALS INC,4258.0,387429.0,3456.0,387429.0,-802.0,0.0
172967424,Not New,CITIGROUP INC,22814.0,370000.0,15951.0,370000.0,-6863.0,0.0
36472T109,Not New,GANNETT CO INC,5191.0,1545062.0,1374.0,1056600.0,-3817.0,-488462.0
G0684D107,Not New,ATHENE HOLDING LTD,47454.0,1100000.0,33453.0,981606.0,-14001.0,-118394.0
06759L103,New Holding,BARINGS BDC INC,,,15285.0,1661461.0,,
G6359F137,Not New,NABORS INDUSTRIES LTD,582.0,10000.0,244.0,10000.0,-338.0,0.0
293792107,Not New,ENTERPRISE PRODUCTS PARTNERS,9795.0,500000.0,7895.0,500000.0,-1900.0,0.0
125523100,Not New,CIGNA CORP,88477.0,425000.0,71999.0,425000.0,-16478.0,0.0
98212B103,Not New,WPX ENERGY INC,50416.0,6186000.0,31536.0,6436000.0,-18880.0,250000.0
05508R106,New Holding,B&G FOODS INC,,,1387.0,50000.0,,
37045V100,New Holding,GENERAL MOTORS CO,,,15615.0,375000.0,,
044186104,Not New,ASHLAND GLOBAL HOLDINGS INC,63516.0,801965.0,56875.0,801965.0,-6641.0,0.0
69121K104,New Holding,OWL ROCK CAPITAL CORP,,,1266.0,100000.0,,
92537N108,Not New,VERTIV HOLDINGS CO,24271.0,1300000.0,19052.0,1100000.0,-5219.0,-200000.0
62482R107,Not New,MR COOPER GROUP INC,155114.0,4998831.0,103810.0,4650967.0,-51304.0,-347864.0
