CUSIP,status,NAME OF ISSUER,(x$1000)_old,PRN AMT_old,(x$1000),PRN AMT,(x$1000)_change,PRN AMT_change
682143AG7,Not New,OMEROS CORP,43866.0,40000000.0,33653.0,41600000.0,-10213.0,1600000.0
45773HAB8,Sold Out,INOVIO PHARMACEUTICALS INC,40780.0,16000000.0,,,,
12559C111,New Holding,CIIG MERGER CORP,,,7222.0,880713.0,,
45845PAA6,Not New,INTERCEPT PHARMACEUTICALS IN,18267.0,22977000.0,18496.0,22977000.0,229.0,0.0
12529D207,New Holding,CF FIN ACQUISITION CORP III,,,13949.0,1300000.0,,
92259F101,New Holding,VELODYNE LIDAR INC,,,31704.0,1389307.0,,
630104AB3,Not New,NANTHEALTH INC,36811.0,38445000.0,33081.0,36445000.0,-3730.0,-2000000.0
G2425N121,New Holding,CORNER GROWTH ACQUISITION CO,,,10450.0,1000000.0,,
90069K112,New Holding,TUSCAN HLDGS CORP,,,1190.0,250000.0,,
G03707109,New Holding,ALTIMAR ACQUISITION CORP,,,5690.0,500000.0,,
00771VAB4,New Holding,AERIE PHARMACEUTICALS INC,,,6070.0,6482000.0,,
171439102,New Holding,CHURCHILL CAPITAL CORP IV,,,26526.0,2649998.0,,
89154L118,Sold Out,TORTOISE ACQUISITION CORP,11633.0,416200.0,,,,
74767V959,New Holding,QUANTUMSCAPE CORP,,,4223.0,50000.0,,
76133Q102,New Holding,RETAIL VALUE INC,,,5356.0,360155.0,,
67020YAK6,New Holding,NUANCE COMMUNICATIONS INC,,,63127.0,33915000.0,,
13803R102,New Holding,CANOO INC,,,2854.0,206826.0,,
38216X107,New Holding,GOOD WORKS ACQUISITION CORP,,,3558.0,357584.0,,
Y58473102,Sold Out,MAXEON SOLAR TECHNOLOGIES LT,5414.0,298137.0,,,,
15725Q112,New Holding,CF FINANCE ACQUISITION CORP,,,964.0,400000.0,,
76680R206,Sold Out,RINGCENTRAL INC,5144.0,19000.0,,,,
70509V100,New Holding,PEBBLEBROOK HOTEL TR,,,4649.0,247306.0,,
02557T307,Sold Out,AMERICAN ELEC PWR CO INC,13608.0,277597.0,,,,
94419LAF8,Not New,WAYFAIR INC,41051.0,24000000.0,47192.0,22500000.0,6141.0,-1500000.0
89154L950,Sold Out,TORTOISE ACQUISITION CORP,28093.0,525000.0,,,,
189464AE0,Sold Out,CLOVIS ONCOLOGY INC,63520.0,64842000.0,,,,
98138HAF8,New Holding,WORKDAY INC,,,66958.0,40000000.0,,
74365AAD3,Not New,PROTALIX BIOTHERAPEUTICS INC,29401.0,31014000.0,16922.0,19014000.0,-12479.0,-12000000.0
682143AE2,Not New,OMEROS CORP,20168.0,18845000.0,18751.0,18845000.0,-1417.0,0.0
81786A206,New Holding,7GC & CO HOLDINGS INC,,,6330.0,600000.0,,
G37288100,New Holding,FTAC OLYMPUS ACQUISITION COR,,,8139.0,790175.0,,
87105M952,New Holding,SWITCHBACK ENERGY ACQUISTN C,,,32870.0,820100.0,,
21241B100,Not New,CONTURA ENERGY INC,14490.0,1274368.0,10665.0,1454967.0,-3825.0,180599.0
44109J114,Not New,HOSTESS BRANDS INC,6379.0,4011884.0,2843.0,3509593.0,-3536.0,-502291.0
443761119,New Holding,HUDSON EXECUTIVE INVT CORP,,,81.0,46837.0,,
584021109,Sold Out,MEDALLIA INC,3268.0,117766.0,,,,
918090119,Sold Out,UTZ BRANDS INC,6483.0,1000425.0,,,,
235851102,Not New,DANAHER CORPORATION,42829.0,192801.0,39217.0,185854.0,-3612.0,-6947.0
69608A108,Not New,PALANTIR TECHNOLOGIES INC,20500.0,870468.0,9.0,870468.0,-20491.0,0.0
88338TAB0,Sold Out,THERAVANCE INC,9596.0,10000000.0,,,,
25686H118,Sold Out,DOLPHIN ENTMT INC,7.0,110000.0,,,,
25058X113,New Holding,DESKTOP METAL INC,,,5606.0,1165512.0,,
189464AC4,Not New,CLOVIS ONCOLOGY INC,34360.0,48566000.0,31025.0,46566000.0,-3335.0,-2000000.0
318085115,New Holding,FINSERV ACQUISITION CORP,,,279.0,79850.0,,
36168Q120,Not New,GFL ENVIRONMENTAL INC,81273.0,1153459.0,56829.0,1066006.0,-24444.0,-87453.0
25058X105,New Holding,DESKTOP METAL INC,,,16509.0,959886.0,,
78462F953,Not New,SPDR S&P 500 ETF TR,243022.0,650000.0,174494.0,525000.0,-68528.0,-125000.0
11135F101,Sold Out,BROADCOM INC,23475.0,64446.0,,,,
393222AF1,Not New,GREEN PLAINS INC,46114.0,48035000.0,42712.0,45243000.0,-3402.0,-2792000.0
803607AB6,New Holding,SAREPTA THERAPEUTICS INC,,,12208.0,5000000.0,,
87105M102,New Holding,SWITCHBACK ENERGY ACQUISTN C,,,13440.0,335172.0,,
743424AF0,Sold Out,PROOFPOINT INC,24917.0,25000000.0,,,,
42589C112,Sold Out,HENNESSY CAP ACQUSTION CORP,237.0,100000.0,,,,
00770K202,Sold Out,AEMETIS INC,224.0,70768.0,,,,
698102100,New Holding,PANACEA ACQUISITION CORP,,,4186.0,357761.0,,
89628U958,Sold Out,TRINE ACQUISITION CORP,1749.0,159400.0,,,,
075887109,Not New,BECTON DICKINSON & CO,33345.0,133262.0,23217.0,102990.0,-10128.0,-30272.0
19459JAA2,Not New,COLLEGIUM PHARMACEUTICAL INC,34967.0,35995000.0,31313.0,32495000.0,-3654.0,-3500000.0
12559C953,New Holding,CIIG MERGER CORP,,,110.0,3900.0,,
68375NAD5,Not New,OPKO HEALTH INC,60858.0,47920000.0,49468.0,44920000.0,-11390.0,-3000000.0
98139AAB1,Sold Out,WORKIVA INC,21628.0,22041000.0,,,,
846784106,Sold Out,SPARTAN ENERGY ACQUISITION C,1769.0,122600.0,,,,
48251W104,Not New,KKR & CO INC,44653.0,1102809.0,14459.0,422889.0,-30194.0,-679920.0
19625XAB8,New Holding,COLONY STARWOOD HOMES,,,21070.0,16000000.0,,
461203AJ0,Not New,INVACARE CORP,15925.0,17223000.0,12924.0,15809000.0,-3001.0,-1414000.0
225447AB7,New Holding,CREE INC,,,46891.0,25800000.0,,
848637AC8,New Holding,SPLUNK INC,,,37057.0,28280000.0,,
44862P133,New Holding,HYCROFT MINING HOLDING CORP,,,1300.0,833333.0,,
92337C904,Not New,VERASTEM INC,533.0,250000.0,308.0,250000.0,-225.0,0.0
62548M118,New Holding,MULTIPLAN CORPORATION,,,1174.0,782626.0,,
48273U102,Sold Out,K12 INC,2650.0,97875.0,,,,
731094908,New Holding,POLARITYTE INC,,,201.0,296200.0,,
74365A309,Sold Out,PROTALIX BIOTHERAPEUTICS INC,9416.0,2414487.0,,,,
51602UAC2,New Holding,LANNETT CO INC,,,23986.0,35800000.0,,
311875108,New Holding,FAST ACQUISITION CORP,,,5432.0,530500.0,,
912909AT5,New Holding,UNITED STATES STL CORP NEW,,,52876.0,34925000.0,,
846775203,New Holding,SPARTAN ACQUISITION CORP II,,,5400.0,500000.0,,
041242116,New Holding,ARKO CORP,,,718.0,528232.0,,
846784956,Sold Out,SPARTAN ENERGY ACQUISITION C,1913.0,132600.0,,,,
171439110,New Holding,CHURCHILL CAPITAL CORP IV,,,763.0,501977.0,,
302301AE6,Not New,EZCORP INC,35330.0,44162000.0,18345.0,23325000.0,-16985.0,-20837000.0
68269G107,Sold Out,1LIFE HEALTHCARE INC,6274.0,220000.0,,,,
62914V106,Sold Out,NIO INC,25706.0,1232900.0,,,,
G8251K107,New Holding,SOCIAL CAP HEDSPIA HLDG CO I,,,7536.0,449400.0,,
34986F111,Sold Out,FORUM MERGER II CORP,4775.0,500000.0,,,,
753422AB0,New Holding,RAPID7 INC,,,56304.0,25477000.0,,
816851406,Sold Out,SEMPRA ENERGY,61171.0,621338.0,,,,
674599162,Not New,OCCIDENTAL PETE CORP,6810.0,1000000.0,2950.0,1000000.0,-3860.0,0.0
189464AB6,Not New,CLOVIS ONCOLOGY INC,2979.0,3187000.0,2972.0,3187000.0,-7.0,0.0
550424955,New Holding,LUMINAR TECHNOLOGIES INC,,,27200.0,800000.0,,
302301AF3,Not New,EZCORP INC,35209.0,37377000.0,26564.0,29377000.0,-8645.0,-8000000.0
14161W105,Sold Out,CARDLYTICS INC,4125.0,58919.0,,,,
00791N110,New Holding,ADVANTAGE SOLUTIONS INC,,,6364.0,2248650.0,,
G1686P122,New Holding,BULL HORN HLDGS CORP,,,92.0,66967.0,,
46064A111,New Holding,INTERPRIVATE ACQUISITION COR,,,1435.0,350000.0,,
04546C106,Not New,ASSERTIO HOLDINGS INC,2202.0,6158759.0,4125.0,6158759.0,1923.0,0.0
44862P109,New Holding,HYCROFT MINING HOLDING CORP,,,60760.0,7740213.0,,
15678U102,New Holding,CEREVEL THERAPEUTICS HLDNG I,,,565.0,100000.0,,
09857L108,Not New,BOOKING HOLDINGS INC,12259.0,5504.0,7450.0,4453.0,-4809.0,-1051.0
212873202,New Holding,CONX CORP,,,12018.0,1150000.0,,
538146101,New Holding,LIVEPERSON INC,,,4138.0,66500.0,,
826919AB8,New Holding,SILICON LABORATORIES INC,,,23956.0,17288000.0,,
G03707125,New Holding,ALTIMAR ACQUISITION CORP,,,9166.0,760000.0,,
G89554110,Sold Out,TORTOISE ACQUISITION CORP II,3801.0,350000.0,,,,
29404KAB2,New Holding,ENVESTNET INC,,,34215.0,25700000.0,,
42330PAK3,Not New,HELIX ENERGY SOLUTIONS GRP I,30385.0,29500000.0,19380.0,25500000.0,-11005.0,-4000000.0
87105M110,New Holding,SWITCHBACK ENERGY ACQUISTN C,,,21846.0,1416725.0,,
98986T108,New Holding,ZYNGA INC,,,4145.0,420000.0,,
44862P117,Not New,HYCROFT MINING HOLDING CORP,739.0,520532.0,718.0,520532.0,-21.0,0.0
G7823W128,New Holding,SARISSA CAPITAL ACQUISITN CO,,,10628.0,997890.0,,
89154L100,Sold Out,TORTOISE ACQUISITION CORP,17245.0,322280.0,,,,
34619R201,New Holding,FOREST ROAD ACQUISITION CORP,,,7264.0,691849.0,,
404139107,Sold Out,HC2 HLDGS INC,0.0,2.0,,,,
34986F953,Sold Out,FORUM MERGER II CORP,14073.0,551000.0,,,,
761299AB2,Not New,RETROPHIN INC,56304.0,54400000.0,44684.0,53400000.0,-11620.0,-1000000.0
461203AH4,Not New,INVACARE CORP,51096.0,53927000.0,40417.0,45863000.0,-10679.0,-8064000.0
03217L106,Not New,AMRYT PHARMA PLC,11702.0,826430.0,8281.0,676034.0,-3421.0,-150396.0
630104107,New Holding,NANTHEALTH INC,,,45.0,13895.0,,
92336XAA7,Not New,VEONEER INC,24724.0,20100000.0,9833.0,10800000.0,-14891.0,-9300000.0
02156Y202,New Holding,ALTITUDE ACQUISITION CORP,,,12938.0,1250000.0,,
14064F209,New Holding,CAPITOL INVESTMENT CORP V,,,10300.0,1000000.0,,
049284201,New Holding,ATLAS CREST INVT CORP,,,13104.0,1242092.0,,
550424105,New Holding,LUMINAR TECHNOLOGIES INC,,,16579.0,487581.0,,
89643QAB4,Not New,TRINITY BIOTECH INVT LTD,37754.0,53175000.0,36518.0,52925000.0,-1236.0,-250000.0
13803R110,New Holding,CANOO INC,,,5549.0,1545800.0,,
45667GAC7,Not New,INFINERA CORP,60984.0,49000000.0,33505.0,37000000.0,-27479.0,-12000000.0
025537101,Not New,AMERICAN ELEC PWR CO INC,2858.0,34324.0,12709.0,156960.0,9851.0,122636.0
92259F119,New Holding,VELODYNE LIDAR INC,,,6.0,746.0,,
34986F103,Sold Out,FORUM MERGER II CORP,8326.0,326000.0,,,,
92337CAA2,Not New,VERASTEM INC,26740.0,28000000.0,26740.0,28000000.0,0.0,0.0
00767EAC6,Sold Out,AEGERION PHARMACEUTICALS INC,42725.0,35456854.0,,,,
25058X955,New Holding,DESKTOP METAL INC,,,2742.0,159400.0,,
846784122,Sold Out,SPARTAN ENERGY ACQUISITION C,1377.0,300000.0,,,,
02376RAF9,Not New,AMERICAN AIRLS GROUP INC,40987.0,32500000.0,54143.0,58500000.0,13156.0,26000000.0
17144T206,New Holding,CHURCHILL CAPITAL CORP V,,,2100.0,200000.0,,
38046CAD1,Sold Out,GOGO INC,27407.0,17308000.0,,,,
75606NAB5,New Holding,REALPAGE INC,,,53227.0,25500000.0,,
G73268107,Not New,QUOTIENT LTD,27796.0,5335191.0,28284.0,5428844.0,488.0,93653.0
94419LAD3,Not New,WAYFAIR INC,87465.0,42000000.0,99882.0,38500000.0,12417.0,-3500000.0
03938L203,Sold Out,ARCELORMITTAL SA LUXEMBOURG,5779.0,433180.0,,,,
65341B106,New Holding,NEXTERA ENERGY PARTNERS LP,,,5679.0,84700.0,,
45845PAB4,Not New,INTERCEPT PHARMACEUTICALS IN,34742.0,55943000.0,39071.0,55943000.0,4329.0,0.0
G50744112,New Holding,JAWS ACQUISITION CORP,,,744.0,275655.0,,
090043100,New Holding,BILL COM HLDGS INC,,,8818.0,64600.0,,
12520T201,New Holding,CF ACQUISITION CORP IV,,,15435.0,1500000.0,,
87663X110,New Holding,TATTOOED CHEF INC,,,17655.0,1548688.0,,
89628U108,Sold Out,TRINE ACQUISITION CORP,9325.0,850000.0,,,,
94419L951,Not New,WAYFAIR INC,11291.0,50000.0,14733.0,50000.0,3442.0,0.0
698102118,Not New,PANACEA ACQUISITION CORP,836.0,261230.0,17.0,7065.0,-819.0,-254165.0
194014205,Not New,COLFAX CORP,49900.0,308901.0,58234.0,433901.0,8334.0,125000.0
88322Q108,Sold Out,TG THERAPEUTICS INC,3.0,127.0,,,,
699374AB0,Not New,PARATEK PHARMACEUTICALS INC,34911.0,39392000.0,26208.0,31481000.0,-8703.0,-7911000.0
00163UAD8,Sold Out,AMAG PHARMACEUTICALS INC,43700.0,48555000.0,,,,
461203AF8,Sold Out,INVACARE CORP,1000.0,1000000.0,,,,
87960W203,Sold Out,TELIGENT INC NEW,134.0,447940.0,,,,
33938JAB2,New Holding,FLEXION THERAPEUTICS INC,,,20217.0,22241000.0,,
59064RAA7,Not New,MESA LABS INC,32959.0,28650000.0,29476.0,27350000.0,-3483.0,-1300000.0
