CUSIP,status,NAME OF ISSUER,(x$1000)_old,PRN AMT_old,(x$1000),PRN AMT,(x$1000)_change,PRN AMT_change
530307305,New Holding,LIBERTY BROADBAND CORP,,,13778.0,86999.0,,
45845PAA6,Not New,INTERCEPT PHARMACEUTICALS INC,15079.0,19435000.0,21933.0,27113000.0,6854.0,7678000.0
128126AD1,Not New,CALAMP CORP,4258.0,4782000.0,2763.0,3369000.0,-1495.0,-1413000.0
01741RAG7,Not New,ALLEGHENY TECHNOLOGIES INC,1417.0,1036000.0,1926.0,1869000.0,509.0,833000.0
298736AL3,New Holding,EURONET WORLDWIDE INC,,,6244.0,5500000.0,,
722304AC6,New Holding,PINDUODUO INC,,,10215.0,8250000.0,,
98954MAC5,Sold Out,ZILLOW GROUP INC,1875.0,1312000.0,,,,
90187BAA9,Not New,TWO HARBORS INVESTMENT CORP,15221.0,15184000.0,6571.0,6555000.0,-8650.0,-8629000.0
74139CAB8,New Holding,PRETIUM RESOURCES INC,,,8610.0,8010000.0,,
833635105,Sold Out,SOCIEDAD QUIMICA Y MINERA DE CHILE SA,19331.0,596273.0,,,,
19624RAB2,Not New,COLONY CAPITAL INC,328.0,326000.0,328.0,326000.0,0.0,0.0
54150E104,Not New,LOMA NEGRA CIA INDUSTRIAL ARGENTINA SA,2103.0,342000.0,1474.0,342000.0,-629.0,0.0
25470MAD1,Not New,DISH NETWORK CORP,15662.0,16739000.0,12314.0,13627000.0,-3348.0,-3112000.0
38147UAB3,Not New,GOLDMAN SACHS BDC INC,11554.0,11204000.0,4543.0,4487000.0,-7011.0,-6717000.0
67020YAK6,Sold Out,NUANCE COMMUNICATIONS INC,2330.0,1600000.0,,,,
45104G104,Not New,ICICI BANK LTD,91449.0,6154053.0,59476.0,6050513.0,-31973.0,-103540.0
46267XAD0,Not New,IQIYI INC,1683.0,1900000.0,1812.0,1900000.0,129.0,0.0
521865204,Not New,LEAR CORP,2319.0,14587.0,1472.0,13498.0,-847.0,-1089.0
878155AE0,Not New,TEAM INC,3730.0,3769000.0,1902.0,2263000.0,-1828.0,-1506000.0
759916AB5,Sold Out,REPLIGEN CORP,3577.0,2506000.0,,,,
69331C108,Not New,PG&E CORP,280350.0,22500000.0,211275.0,22500000.0,-69075.0,0.0
82509LAA5,New Holding,SHOPIFY INC,,,5912.0,5000000.0,,
879273209,Not New,TELECOM ARGENTINA SA,14828.0,2260500.0,14783.0,2260500.0,-45.0,0.0
G89479102,Not New,TORM PLC,398058.0,53812988.0,361372.0,53346436.0,-36686.0,-466552.0
48251KAB6,Not New,KKR REAL ESTATE FINANCE TRUST INC,14402.0,14237000.0,13031.0,13255000.0,-1371.0,-982000.0
393657AK7,Not New,GREENBRIER COS INC/THE,19586.0,19288000.0,20227.0,22022000.0,641.0,2734000.0
750469AA6,New Holding,RADIUS HEALTH INC,,,6447.0,7173000.0,,
8676EP108,Not New,SUNOPTA INC,94441.0,8092699.0,60047.0,8092699.0,-34394.0,0.0
060505682,Sold Out,BANK OF AMERICA CORP,7006.0,4709.0,,,,
55933J203,Not New,MAGNACHIP SEMICONDUCTOR CORP,43460.0,3214537.0,40271.0,2939537.0,-3189.0,-275000.0
366505105,Sold Out,GARRETT MOTION INC,12396.0,3593111.0,,,,
98138HAF8,Not New,WORKDAY INC,3351.0,2000000.0,3852.0,2500000.0,501.0,500000.0
04010LAW3,Not New,ARES CAPITAL CORP,16437.0,15544000.0,9229.0,8858000.0,-7208.0,-6686000.0
077347201,Not New,BEL FUSE INC,951.0,71613.0,838.0,71613.0,-113.0,0.0
55608BAB1,Not New,MACQUARIE INFRASTRUCTURE CORP,13915.0,13950000.0,9360.0,10300000.0,-4555.0,-3650000.0
92343XAA8,Not New,VERINT SYSTEMS INC,16626.0,15094000.0,11418.0,11250000.0,-5208.0,-3844000.0
185899AA9,Not New,CLEVELAND-CLIFFS INC,1946.0,1000000.0,1038.0,1000000.0,-908.0,0.0
472145AD3,Not New,JAZZ PHARMACEUTICALS PLC,5671.0,5317000.0,3064.0,3021000.0,-2607.0,-2296000.0
57164YAB3,Not New,MARRIOTT VACATIONS WORLDWIDE CORP,13859.0,12190000.0,16103.0,16300000.0,2244.0,4110000.0
67402D104,Not New,OAKTREE STRATEGIC INCOME CORP,3038.0,392000.0,2551.0,392000.0,-487.0,0.0
811904AM3,Not New,SEACOR HOLDINGS INC,6339.0,6404000.0,1522.0,1700000.0,-4817.0,-4704000.0
13057Q305,New Holding,CALIFORNIA RESOURCES CORP,,,4068.0,172465.0,,
928298AP3,Not New,VISHAY INTERTECHNOLOGY INC,15549.0,14893000.0,4185.0,4314000.0,-11364.0,-10579000.0
74736LAD1,Not New,Q2 HOLDINGS INC,4533.0,2950000.0,1475.0,1200000.0,-3058.0,-1750000.0
948596AC5,Not New,WEIBO CORP,6799.0,6974000.0,5303.0,5550000.0,-1496.0,-1424000.0
98139AAB1,Not New,WORKIVA INC,3905.0,2900000.0,3403.0,3400000.0,-502.0,500000.0
649604AD7,Not New,NEW YORK MORTGAGE TRUST INC,2379.0,2391000.0,1772.0,1823000.0,-607.0,-568000.0
88338TAB0,New Holding,INNOVIVA INC,,,7163.0,7175000.0,,
531229AF9,Not New,LIBERTY MEDIA CORP-LIBERTY FORMULA ONE,3773.0,2951000.0,3515.0,2951000.0,-258.0,0.0
02005N100,Not New,ALLY FINANCIAL INC,500186.0,14026541.0,358965.0,14318541.0,-141221.0,292000.0
G5480U120,Not New,Liberty Global PLC,47773.0,2020000.0,41070.0,2000000.0,-6703.0,-20000.0
09255X100,Sold Out,BLACKROCK FLOATING RATE INCOME STRATEGIES FUND INC,5846.0,508353.0,,,,
629209305,Not New,NMI HOLDINGS INC,112434.0,4964000.0,86597.0,4865000.0,-25837.0,-99000.0
98422D105,Sold Out,XPENG INC,5442.0,271170.0,,,,
N72482AT4,Not New,Qiagen NV,10284.0,8600000.0,9850.0,8000000.0,-434.0,-600000.0
09739CAB8,Not New,BOINGO WIRELESS INC,2576.0,2785000.0,3291.0,3746000.0,715.0,961000.0
393222AF1,Not New,GREEN PLAINS INC,6524.0,6775000.0,9133.0,9384000.0,2609.0,2609000.0
86800U104,Not New,SUPER MICRO COMPUTER INC,105085.0,3319176.0,86714.0,3284636.0,-18371.0,-34540.0
049164BH8,Not New,ATLAS AIR WORLDWIDE HOLDINGS INC,3342.0,3190000.0,8909.0,8090000.0,5567.0,4900000.0
207410AF8,Not New,CONMED CORP,4910.0,3500000.0,3373.0,3000000.0,-1537.0,-500000.0
743424AF0,New Holding,PROOFPOINT INC,,,5060.0,4500000.0,,
91325V108,Not New,UNITI GROUP INC,39853.0,3397592.0,47140.0,4474624.0,7287.0,1077032.0
71654V408,Not New,PETROLEO BRASILEIRO SA,70874.0,6311209.0,28891.0,4057859.0,-41983.0,-2253350.0
Y11082206,Sold Out,CAPITAL PRODUCT PARTNERS LP,212.0,32142.0,,,,
62482R107,Not New,MR COOPER GROUP INC,46771.0,1507286.0,38720.0,1734789.0,-8051.0,227503.0
03212B103,Not New,AMPLIFY ENERGY CORP,537.0,410041.0,349.0,410041.0,-188.0,0.0
269442AB5,Not New,EAGLE BULK SHIPPING INC,40573.0,49480000.0,33427.0,45480000.0,-7146.0,-4000000.0
84860WAB8,New Holding,SPIRIT REALTY CAPITAL INC,,,3450.0,3397000.0,,
90184LAD4,Not New,TWITTER INC,14646.0,14352000.0,14796.0,14851000.0,150.0,499000.0
29476L107,Not New,EQUITY RESIDENTIAL,28276.0,477000.0,14629.0,285000.0,-13647.0,-192000.0
867652AL3,Not New,SUNPOWER CORP,9992.0,7670000.0,6853.0,7150000.0,-3139.0,-520000.0
07134L107,Not New,BATTALION OIL CORP,24982.0,3009912.0,23778.0,3009912.0,-1204.0,0.0
670704AG0,New Holding,NUVASIVE INC,,,10761.0,10577000.0,,
Y8162K204,Not New,STAR BULK CARRIERS CORP,344423.0,39006017.0,268751.0,39006017.0,-75672.0,0.0
49639K101,Not New,KINGSOFT CORP LTD,22022.0,505676.0,21777.0,737476.0,-245.0,231800.0
38046YAB7,Not New,GOLAR LNG LTD,6094.0,6595000.0,4984.0,6506000.0,-1110.0,-89000.0
00922RAB1,Not New,AIR TRANSPORT SERVICES GROUP INC,1753.0,1465000.0,5069.0,4766000.0,3316.0,3301000.0
126132109,Sold Out,CNOOC LTD,30920.0,321925.0,,,,
682189AP0,Not New,ON SEMICONDUCTOR CORP,3523.0,2100000.0,4630.0,3500000.0,1107.0,1400000.0
08180DAB2,Not New,BENEFITFOCUS INC,7406.0,8369000.0,5512.0,6743000.0,-1894.0,-1626000.0
Y20676105,Sold Out,DIAMOND S SHIPPING INC,151.0,22076.0,,,,
038923AP3,New Holding,ARBOR REALTY TRUST INC,,,28658.0,28489999.0,,
19625XAB8,Not New,INVITATION HOMES INC,3819.0,2850000.0,3694.0,2850000.0,-125.0,0.0
30063PAB1,Not New,EXACT SCIENCES CORP,8124.0,5850000.0,4819.0,4100000.0,-3305.0,-1750000.0
461203AJ0,Not New,INVACARE CORP,5537.0,5780000.0,4841.0,5618000.0,-696.0,-162000.0
55272XAA0,New Holding,MFA FINANCIAL INC,,,12127.0,12067000.0,,
703343AB9,Not New,PATRICK INDUSTRIES INC,10926.0,10252000.0,8783.0,8839000.0,-2143.0,-1413000.0
46122TAA0,New Holding,PRECIGEN INC,,,2385.0,2790000.0,,
922417AD2,Not New,VEECO INSTRUMENTS INC,7014.0,7199000.0,5936.0,6342000.0,-1078.0,-857000.0
401617AD7,Not New,GUESS INC,8018.0,7179000.0,5460.0,6740000.0,-2558.0,-439000.0
225447AB7,New Holding,CREE INC,,,2819.0,1550000.0,,
902104AB4,Not New,II-VI INC,3419.0,2045000.0,163.0,145000.0,-3256.0,-1900000.0
85571BAH8,Not New,STARWOOD PROPERTY TRUST INC,18112.0,18189000.0,12442.0,12912000.0,-5670.0,-5277000.0
00971TAL5,Not New,AKAMAI TECHNOLOGIES INC,7605.0,6794999.0,10219.0,8795000.0,2614.0,2000001.0
90184LAF9,Not New,TWITTER INC,7829.0,6465000.0,8011.0,7165000.0,182.0,700000.0
31816QAD3,Not New,FIREEYE INC,13233.0,13418000.0,11270.0,11611000.0,-1963.0,-1807000.0
40416EAD5,Not New,HCI GROUP INC,4062.0,3889000.0,4084.0,4042000.0,22.0,153000.0
472145AB7,Not New,JAZZ PHARMACEUTICALS PLC,12809.0,12479000.0,13041.0,12848000.0,232.0,369000.0
70509VAA8,New Holding,PEBBLEBROOK HOTEL TRUST,,,3204.0,3000000.0,,
00851L103,Sold Out,AGORA INC,4126.0,96010.0,,,,
826917106,Sold Out,SIGA TECHNOLOGIES INC,1097.0,159782.0,,,,
035128206,Not New,ANGLOGOLD ASHANTI LTD,70166.0,3101986.0,75762.0,2871986.0,5596.0,-230000.0
267475AB7,Not New,DYCOM INDUSTRIES INC,12566.0,12155000.0,14131.0,14438000.0,1565.0,2283000.0
427096AF9,Not New,HERCULES CAPITAL INC,12100.0,11756000.0,10989.0,10921000.0,-1111.0,-835000.0
302301AE6,Not New,EZCORP INC,7770.0,9565000.0,8603.0,10899000.0,833.0,1334000.0
88163VAE9,Not New,TEVA PHARMACEUTICAL INDUSTRIES LTD,10013.0,9964000.0,10942.0,11160000.0,929.0,1196000.0
46185LAB9,Not New,INVITAE CORP,1597.0,1000000.0,4948.0,3000000.0,3351.0,2000000.0
45784PAK7,New Holding,INSULET CORP,,,4518.0,3415000.0,,
958102AP0,Not New,WESTERN DIGITAL CORP,17271.0,17290000.0,14798.0,15506000.0,-2473.0,-1784000.0
674215207,New Holding,OASIS PETROLEUM INC,,,10596.0,285918.0,,
Y2187A150,Not New,EAGLE BULK SHIPPING INC,80191.0,4220591.0,69091.0,4220591.0,-11100.0,0.0
749772AD1,New Holding,REDWOOD TRUST INC,,,12094.0,12680000.0,,
741503AX4,Not New,BOOKING HOLDINGS INC,6659.0,5733000.0,1848.0,1733000.0,-4811.0,-4000000.0
45686J104,Not New,INFRASTRUCTURE & ENERGY ALTERNATIVES LLC,777.0,46904.0,279.0,46904.0,-498.0,0.0
62957HAB1,Sold Out,NABORS INDUSTRIES LTD,12930.0,46598000.0,,,,
697660207,Not New,PAMPA ENERGIA SA,11699.0,849000.0,8770.0,849000.0,-2929.0,0.0
53069QAB5,Not New,LIBERTY LATIN AMERICA LTD,7614.0,7971000.0,3585.0,4359000.0,-4029.0,-3612000.0
292554AH5,Not New,ENCORE CAPITAL GROUP INC,14688.0,14608000.0,12796.0,12733000.0,-1892.0,-1875000.0
G81075AF3,Not New,SFL CORP LTD,3538.0,3575000.0,9152.0,9266000.0,5614.0,5691000.0
91822M106,Not New,VEON LTD,2837.0,1878900.0,2367.0,1878900.0,-470.0,0.0
92837L109,Not New,VISTA OIL & GAS SAB DE CV,8020.0,3133000.0,7049.0,3133000.0,-971.0,0.0
156504300,Sold Out,CENTURY COMMUNITIES INC,13968.0,330000.0,,,,
465562106,Not New,ITAU UNIBANCO HOLDING SA,156685.0,25728310.0,78886.0,19820607.0,-77799.0,-5907703.0
98986TAB4,Sold Out,ZYNGA INC,2102.0,1655000.0,,,,
46132R104,Sold Out,INVESCO DYNAMIC CREDIT OPPORTUNITIES FUND,1724.0,187296.0,,,,
16949NAC3,Not New,HUAZHU GROUP LTD,1144.0,1000000.0,1692.0,1500000.0,548.0,500000.0
647551AC4,Not New,NEW MOUNTAIN FINANCE CORP,13548.0,13138000.0,11668.0,11610000.0,-1880.0,-1528000.0
105532105,Not New,BRASKEM SA,4681.0,519550.0,3881.0,519550.0,-800.0,0.0
69354NAB2,Not New,PRA GROUP INC,1798.0,1650000.0,2917.0,2649999.0,1119.0,999999.0
538034AQ2,Not New,LIVE NATION ENTERTAINMENT INC,2462.0,1900000.0,4699.0,4200000.0,2237.0,2300000.0
05156XAG3,New Holding,AURORA CANNABIS INC,,,7426.0,9804000.0,,
90041LAE5,Not New,TURNING POINT BRANDS INC,6826.0,6018000.0,8733.0,9785000.0,1907.0,3767000.0
02917TAB0,Sold Out,VEREIT INC,8154.0,8140000.0,,,,
09239BAB5,Not New,BLACKLINE INC,2823.0,1499999.0,4141.0,3000000.0,1318.0,1500001.0
42330PAH0,Not New,HELIX ENERGY SOLUTIONS GROUP INC,9507.0,9855000.0,9137.0,9634000.0,-370.0,-221000.0
615111101,Sold Out,MONTROSE ENVIRONMENTAL GROUP INC,102965.0,4322644.0,,,,
163086AB7,New Holding,CHEFS WAREHOUSE INC/THE,,,3033.0,3134000.0,,
077347300,Not New,BEL FUSE INC,6954.0,462679.0,4941.0,462679.0,-2013.0,0.0
67401P108,Not New,OAKTREE SPECIALTY LENDING CORP,1537.0,276000.0,1335.0,276000.0,-202.0,0.0
91912E105,Not New,VALE SA,113247.0,6756996.0,46059.0,4353472.0,-67188.0,-2403524.0
925550AB1,Not New,VIAVI SOLUTIONS INC,853.0,664000.0,750.0,664000.0,-103.0,0.0
92886TAJ1,Not New,VONAGE HOLDINGS CORP,14130.0,12963000.0,10810.0,11163000.0,-3320.0,-1800000.0
02364W105,Not New,AMERICA MOVIL SAB DE CV,40398.0,2778470.0,34110.0,2731037.0,-6288.0,-47433.0
05501U106,Not New,AZUL SA,51629.0,2262454.0,22005.0,1672154.0,-29624.0,-590300.0
874039100,Not New,TAIWAN SEMICONDUCTOR MANUFACTURING CO LTD,43501.0,398949.0,205758.0,2538033.0,162257.0,2139084.0
056752108,Sold Out,BAIDU INC,53078.0,419297.0,,,,
53220KAF5,Not New,LIGAND PHARMACEUTICALS INC,15931.0,16797000.0,16940.0,18629000.0,1009.0,1832000.0
54975P102,New Holding,LUFAX HOLDING LTD,,,37568.0,2645651.0,,
761299AB2,Not New,TRAVERE THERAPEUTICS INC,12149.0,11925000.0,9455.0,11060000.0,-2694.0,-865000.0
552848103,Not New,MGIC INVESTMENT CORP,38817.0,3093000.0,26757.0,3020000.0,-12060.0,-73000.0
37186H100,Sold Out,GENETRON HOLDINGS LTD,7713.0,646012.0,,,,
19624RAA4,Not New,COLONY CAPITAL INC,10526.0,10683000.0,9685.0,9945000.0,-841.0,-738000.0
03064D108,New Holding,AMERICOLD REALTY TRUST,,,439435.0,11771646.0,,
67059NAB4,Not New,NUTANIX INC,14818.0,14646000.0,8952.0,9524000.0,-5866.0,-5122000.0
892231101,Not New,TOWNSQUARE MEDIA INC,10624.0,1595224.0,7433.0,1595224.0,-3191.0,0.0
09061GAF8,Sold Out,BIOMARIN PHARMACEUTICAL INC,13444.0,13428000.0,,,,
682189AK1,Sold Out,ON SEMICONDUCTOR CORP,1651.0,1376000.0,,,,
722304AB8,Not New,PINDUODUO INC,871.0,209000.0,379.0,209000.0,-492.0,0.0
03762UAB1,Not New,APOLLO COMMERCIAL REAL ESTATE FINANCE INC,14351.0,14987000.0,7253.0,7653000.0,-7098.0,-7334000.0
87157DAD1,Not New,SYNAPTICS INC,3729.0,2699999.0,5204.0,4199999.0,1475.0,1500000.0
09257WAB6,Not New,BLACKSTONE MORTGAGE TRUST INC,10562.0,10530000.0,10212.0,10569000.0,-350.0,39000.0
46429B598,Not New,ISHARES MSCI INDIA ETF,3249.0,80800.0,4110.0,121400.0,861.0,40600.0
25470MAB5,Not New,DISH NETWORK CORP,31160.0,32604000.0,35810.0,38904000.0,4650.0,6300000.0
64829BAB6,Not New,NEW RELIC INC,9801.0,9979000.0,8463.0,8834000.0,-1338.0,-1145000.0
70932AAD5,New Holding,PENNYMAC MORTGAGE INVESTMENT TRUST,,,15759.0,15959000.0,,
059460303,Not New,BANCO BRADESCO SA,75013.0,14261189.0,25183.0,7342002.0,-49830.0,-6919187.0
55826T102,Sold Out,MADISON SQUARE GARDEN ENTERTAINMENT CORP,2054.0,30000.0,,,,
40171VAA8,Sold Out,GUIDEWIRE SOFTWARE INC,3753.0,3258000.0,,,,
80918TAB5,Not New,SCORPIO TANKERS INC,1901.0,1977000.0,5802.0,6238000.0,3901.0,4261000.0
60879BAB3,Not New,MOMO INC,4826.0,5819000.0,2597.0,3299000.0,-2229.0,-2520000.0
Y0207T100,Not New,ARDMORE SHIPPING CORP,5232.0,1600000.0,5696.0,1600000.0,464.0,0.0
784730AB9,Not New,SSR MINING INC,8493.0,6108000.0,11321.0,8449000.0,2828.0,2341000.0
14161HAG3,Sold Out,CARDTRONICS PLC,14716.0,14717000.0,,,,
36164V305,Sold Out,GCI LIBERTY INC,12294.0,150000.0,,,,
08579X101,Not New,BERRY PETROLEUM CO LLC,47520.0,12913313.0,40935.0,12913313.0,-6585.0,0.0
457669AA7,Not New,INSMED INC,5317.0,4717000.0,10166.0,9325000.0,4849.0,4608000.0
02376RAF9,New Holding,AMERICAN AIRLINES GROUP INC,,,3775.0,3000000.0,,
151290889,Not New,CEMEX SAB DE CV,126599.0,24487334.0,90961.0,23937114.0,-35638.0,-550220.0
670851500,Not New,OI SA,4469.0,2201646.0,3192.0,2201646.0,-1277.0,0.0
43940TAB5,Not New,HOPE BANCORP INC,17413.0,18568000.0,10473.0,12725000.0,-6940.0,-5843000.0
30050BAB7,Not New,EVOLENT HEALTH INC,8210.0,8126000.0,8039.0,8126000.0,-171.0,0.0
46131H107,Sold Out,INVESCO SENIOR INCOME TRUST,3660.0,1000000.0,,,,
72941BAB2,Not New,PLURALSIGHT INC,15588.0,15689999.0,9234.0,10399000.0,-6354.0,-5290999.0
43010E404,Not New,HIGHLAND INCOME FUND,4112.0,400000.0,4037.0,470000.0,-75.0,70000.0
844741BG2,Not New,SOUTHWEST AIRLINES CO,2640.0,1812000.0,10233.0,7812000.0,7593.0,6000000.0
27828Q105,Sold Out,EATON VANCE SENIOR FLOATING-RATE TRUST,2594.0,223098.0,,,,
76120WAC8,Not New,EXANTAS CAPITAL CORP,67318.0,72675000.0,65861.0,72675000.0,-1457.0,0.0
171798101,Not New,CIMAREX ENERGY CO,15594.0,415735.0,10114.0,415735.0,-5480.0,0.0
34959JAK4,Not New,FORTIVE CORP,19919.0,19270000.0,22777.0,22621000.0,2858.0,3351000.0
31816QAF8,Not New,FIREEYE INC,1558.0,1278000.0,259.0,278000.0,-1299.0,-1000000.0
64049MAA8,Not New,NEOGENOMICS INC,1636.0,1000000.0,1254.0,1000000.0,-382.0,0.0
867652AJ8,New Holding,SUNPOWER CORP,,,1383.0,1345000.0,,
92840M102,Not New,VISTRA CORP,595266.0,30278055.0,571044.0,30278055.0,-24222.0,0.0
45667G103,Not New,INFINERA CORP,263838.0,25175384.0,155080.0,25175384.0,-108758.0,0.0
69327RAD3,Sold Out,PDC ENERGY INC,2870.0,2995000.0,,,,
67072T108,Sold Out,NUVEEN FLOATING RATE INCOME FUND,3819.0,459633.0,,,,
88160RAD3,Not New,TESLA INC,1216.0,113000.0,1393.0,213000.0,177.0,100000.0
23248VAB1,New Holding,CYBERARK SOFTWARE LTD,,,11731.0,9631000.0,,
98426TAD8,Not New,JOYY INC,509.0,500000.0,2163.0,2000000.0,1654.0,1500000.0
88688TAB6,New Holding,TILRAY INC,,,5759.0,6776000.0,,
749119AB9,Not New,QUOTIENT TECHNOLOGY INC,7199.0,7174000.0,7191.0,7489000.0,-8.0,315000.0
651718AE8,Not New,NEWPARK RESOURCES INC,2382.0,2617000.0,2507.0,2843000.0,125.0,226000.0
893870204,Not New,TRANSPORTADORA DE GAS DEL SUR SA,10372.0,1994729.0,8298.0,1994729.0,-2074.0,0.0
595017AF1,Sold Out,MICROCHIP TECHNOLOGY INC,462.0,300000.0,,,,
40049J206,Not New,GRUPO TELEVISA SAB,22249.0,2700150.0,13398.0,2168000.0,-8851.0,-532150.0
699374AB0,New Holding,PARATEK PHARMACEUTICALS INC,,,2776.0,3189000.0,,
58733R102,Not New,MERCADOLIBRE INC,21600.0,12894.0,28360.0,26200.0,6760.0,13306.0
67073D102,Sold Out,NUVEEN CREDIT STRATEGIES INCOME FUND,16538.0,2798386.0,,,,
00163UAD8,Sold Out,AMAG PHARMACEUTICALS INC,4843.0,5350000.0,,,,
74624MAB8,Not New,PURE STORAGE INC,6806.0,6162000.0,2009.0,2064000.0,-4797.0,-4098000.0
G01125106,Not New,AFYA LTD,45035.0,1780040.0,47711.0,1751540.0,2676.0,-28500.0
05351XAB7,Not New,AVAYA HOLDINGS CORP,8878.0,8483000.0,7108.0,7491000.0,-1770.0,-992000.0
42703MAD5,Not New,HERBALIFE NUTRITION LTD,15548.0,14562000.0,15335.0,15307000.0,-213.0,745000.0
33938JAB2,Not New,FLEXION THERAPEUTICS INC,2493.0,2794000.0,1955.0,2457000.0,-538.0,-337000.0
452327AK5,Not New,ILLUMINA INC,5685.0,5000000.0,2103.0,1970000.0,-3582.0,-3030000.0
868459AD0,Not New,SUPERNUS PHARMACEUTICALS INC,15957.0,16738000.0,7708.0,8324000.0,-8249.0,-8414000.0
55024UAD1,New Holding,LUMENTUM HOLDINGS INC,,,6304.0,5149000.0,,
67020YAG5,Sold Out,NUANCE COMMUNICATIONS INC,2543.0,1543000.0,,,,
