CUSIP,status,NAME OF ISSUER,(x$1000)_old,PRN AMT_old,(x$1000),PRN AMT,(x$1000)_change,PRN AMT_change
G4705A100,Not New,ICON PLC,71834,928453,71834,928453,0,0
651290108,Not New,NEWFIELD EXPL CO,5889,135500,5889,135500,0,0
28176E108,Not New,EDWARDS LIFESCIENCES CORP,1297,10762,1297,10762,0,0
867224107,Not New,SUNCOR ENERGY INC NEW,972,35000,972,35000,0,0
87612G101,Not New,TARGA RES CORP,3310,67400,3310,67400,0,0
004498101,Not New,ACI WORLDWIDE INC,38760,2000000,38760,2000000,0,0
640491106,Not New,NEOGEN CORP,24871,444596,24871,444596,0,0
22160N109,Not New,COSTAR GROUP INC,625530,2888884,625530,2888884,0,0
370023103,Not New,GENERAL GROWTH PPTYS INC,17267,625610,17267,625610,0,0
592688105,Not New,METTLER TOLEDO INTERNATIONAL,317457,756156,317457,756156,0,0
81663A105,Not New,SEMGROUP CORP,1959,55400,1959,55400,0,0
29273V100,Not New,ENERGY TRASNFER EQUITY L P,2602,155000,2602,155000,0,0
171340102,Not New,CHURCH & DWIGHT INC,154444,3222950,154444,3222950,0,0
03027X100,Not New,AMERICAN TOWER CORP,52081,459555,52081,459555,0,0
552953101,Not New,MGM RESORTS INTERNATIONAL,69367,2664876,69367,2664876,0,0
74909E106,Not New,QUORUM HEALTH CORP,0,25,0,25,0,0
655663102,Not New,NORDSON CORP,44833,450000,44833,450000,0,0
G33856108,Not New,FERROGLOBE PLC,15802,1750000,15802,1750000,0,0
610236101,Not New,MONRO MUFFLER BRAKE INC,21409,350000,21409,350000,0,0
892356106,Not New,TRACTOR SUPPLY CO,20113,298635,20113,298635,0,0
296315104,Not New,ESCO TECHNOLOGIES INC,952,20500,952,20500,0,0
783513203,Not New,RYANAIR HOLDINGS PLC,1544,20575,1544,20575,0,0
655044105,Not New,NOBLE ENERGY INC,1124,31449,1124,31449,0,0
08180D106,Not New,BENEFITFOCUS INC,171531,4296881,171531,4296881,0,0
163072101,Not New,CHEESECAKE FACTORY INC,47557,950000,47557,950000,0,0
66987G102,Not New,NOVADAQ TECHNOLOGIES INC,821,71000,821,71000,0,0
88338N107,Not New,THERAPEUTICSMD INC,3141,461264,3141,461264,0,0
960417103,Not New,WESTLAKE CHEM PARTNERS LP,9612,420822,9612,420822,0,0
74876Y101,Not New,QUINTILES TRANSNATIO HLDGS I,24384,300810,24384,300810,0,0
929740108,Not New,WABTEC CORP,43610,534104,43610,534104,0,0
64052L106,Not New,NEOS THERAPEUTICS INC,405,61500,405,61500,0,0
42226A107,Not New,HEALTHEQUITY INC,52858,1396507,52858,1396507,0,0
596278101,Not New,MIDDLEBY CORP,238182,1926725,238182,1926725,0,0
29414B104,Not New,EPAM SYS INC,2285,32962,2285,32962,0,0
92210H105,Not New,VANTIV INC,35991,639620,35991,639620,0,0
Y7542C106,Not New,SCORPIO TANKERS INC,16043,3464904,16043,3464904,0,0
828806109,Not New,SIMON PROPERTY GROUP INC NEW,31263,151023,31263,151023,0,0
874697105,Not New,TALLGRASS ENERGY PARTNERS LP,2658,55140,2658,55140,0,0
30212P303,Not New,EXPEDIA INC DEL,24377,208853,24377,208853,0,0
30249U101,Not New,FMC TECHNOLOGIES INC,1139,38400,1139,38400,0,0
92343E102,Not New,VERISIGN INC,53404,682566,53404,682566,0,0
G66721104,Not New,NORWEGIAN CRUISE LINE HLDGS,46099,1222787,46099,1222787,0,0
72348Y105,Not New,PINNACLE ENTMT INC,58324,4726409,58324,4726409,0,0
489398107,Not New,KENNEDY-WILSON HOLDINGS INC,28620,1269181,28620,1269181,0,0
776696106,Not New,ROPER INDUSTRIES INC NEW,46296,253718,46296,253718,0,0
00846U101,Not New,AGILENT TECHNOLOGIES INC,1319,28000,1319,28000,0,0
75524B104,Not New,RBC BEARINGS INC,42217,552000,42217,552000,0,0
005125109,Not New,ACXIOM CORP,50810,1906583,50810,1906583,0,0
531229854,Not New,LIBERTY MEDIA CORP DELAWARE,21105,750000,21105,750000,0,0
38141G104,Not New,GOLDMAN SACHS GROUP INC,129,800,129,800,0,0
037833100,Not New,APPLE INC,6046,53478,6046,53478,0,0
112585104,Not New,BROOKFIELD ASSET MGMT INC,40605,1154203,40605,1154203,0,0
09062X103,Not New,BIOGEN IDEC INC,2059,6577,179188,1636421,177129,1629844
29444U700,Not New,EQUINIX INC,116538,323492,116538,323492,0,0
756577102,Not New,RED HAT INC,9999,123710,9999,123710,0,0
589378108,Not New,MERCURY SYS INC,15875,646100,15875,646100,0,0
303075105,Not New,FACTSET RESH SYS INC,548147,3381535,548147,3381535,0,0
40171V100,Not New,GUIDEWIRE SOFTWARE INC,303006,5051783,303006,5051783,0,0
257454108,Not New,DOMINION MIDSTREAM PARTNERS,9564,400000,9564,400000,0,0
548661107,Not New,LOWES COMPANIES INC,23849,330273,23849,330273,0,0
50077C106,Not New,KRATON PERFORMANCE POLYMERS,1717,49000,1717,49000,0,0
015351109,Not New,ALEXION PHARMACEUTICALS INC,5424,44260,5424,44260,0,0
48205A109,Not New,JUNO THERAPEUTICS INC,13298,443107,13298,443107,0,0
14309L102,Not New,CARLYLE GROUP L P,86812,5575596,86812,5575596,0,0
02079K107,Not New,ALPHABET INC,19434,25002,19434,25002,0,0
48020Q107,Not New,JONES LANG LASALLE INC,20160,177166,20160,177166,0,0
89531P105,Not New,TREX CO INC,88221,1502400,88221,1502400,0,0
90346E103,Not New,U S SILICA HLDGS INC,2635,56600,2635,56600,0,0
84760C107,Not New,SPECTRANETICS CORP,38350,1528500,38350,1528500,0,0
91336L107,Not New,UNIVAR INC,32775,1500000,32775,1500000,0,0
18948M108,Not New,CLUBCORP HLDGS INC,33753,2332648,33753,2332648,0,0
531229870,Not New,LIBERTY MEDIA CORP DELAWARE,859,30000,859,30000,0,0
45329R109,Not New,INC RESH HLDGS INC,57954,1300000,57954,1300000,0,0
G6583A102,Not New,NORD ANGLIA EDUCATION INC,150855,6926314,150855,6926314,0,0
163086101,Not New,CHEFS WAREHOUSE INC,18721,1680563,18721,1680563,0,0
832696405,Not New,SMUCKER J M CO,34,251,34,251,0,0
25389m877,Not New,DIGITALGLOBE INC,21235,772200,21235,772200,0,0
56585A102,Not New,MARATHON PETE CORP,2011,49556,2011,49556,0,0
286082102,Not New,ELECTRONICS FOR IMAGING INC,61150,1250000,61150,1250000,0,0
02079K305,Not New,ALPHABET INC,10705,13314,10705,13314,0,0
G9456A100,Not New,GOLAR LNG LTD BERMUDA,4008,189035,4008,189035,0,0
948596101,Not New,WEIBO CORP,426,8503,426,8503,0,0
678026105,Not New,OIL STS INTL INC,774,24531,774,24531,0,0
74727D207,Not New,QAD INC,292,15000,292,15000,0,0
109194100,Not New,BRIGHT HORIZONS FAM SOL IN D,340144,5085127,340144,5085127,0,0
90385D107,Not New,ULTIMATE SOFTWARE GROUP INC,137666,673548,137666,673548,0,0
874696107,Not New,TALLGRASS ENERGY GP LP,1782,74108,1782,74108,0,0
988498101,Not New,YUM BRANDS INC,4289,47235,4289,47235,0,0
03662Q105,Not New,ANSYS INC,279661,3019773,279661,3019773,0,0
08579W103,Not New,BERRY PLASTICS GROUP INC,43850,1000000,43850,1000000,0,0
974155103,Not New,WINGSTOP INC,22297,761000,22297,761000,0,0
64110L106,Not New,NETFLIX INC,30145,305887,30145,305887,0,0
40449J103,Not New,HABIT RESTAURANTS INC,5833,416639,5833,416639,0,0
57164Y107,Not New,MARRIOTT VACATIONS WORLDWIDE C,161572,2203655,161572,2203655,0,0
112463104,Not New,BROOKDALE SR LIVING INC,47653,2730835,47653,2730835,0,0
67103H107,Not New,O REILLY AUTOMOTIVE INC NEW,3802,13573,3802,13573,0,0
344419106,Not New,FOMENTO ECONOMICO MEXICANO S,30833,335000,30833,335000,0,0
36467J108,Not New,GAMING & LEISURE PPTYS INC,476576,14247423,476576,14247423,0,0
203668108,Not New,COMMUNITY HEALTH SYS INC NEW,1,100,1,100,0,0
33616C100,Not New,FIRST REP BK SAN FRAN CALI N,42221,547546,42221,547546,0,0
62855J104,Not New,MYRIAD GENETICS INC,823,40000,823,40000,0,0
M6372Q113,Not New,KORNIT DIGITAL LTD,347,37000,347,37000,0,0
78467J100,Not New,SS&C TECHNOLOGIES HOLDINGS INC,288165,8963140,288165,8963140,0,0
350465100,Not New,FOUNDATION MEDICINE INC,2414,103367,2414,103367,0,0
16944W104,Not New,CHINA DISTANCE ED HLDGS LTD,1163,90000,1163,90000,0,0
03674X106,Not New,ANTERO RES CORP,2447,90800,2447,90800,0,0
835451105,Not New,SONIC CORP,563,21500,563,21500,0,0
537008104,Not New,LITTELFUSE INC,48887,379530,48887,379530,0,0
531229409,Not New,LIBERTY MEDIA CORP DELAWARE,10194,300000,10194,300000,0,0
G96629103,Not New,WILLIS TOWERS WATSON PUB LTD,76173,573723,76173,573723,0,0
G6359F103,Not New,NABORS INDUSTRIES LTD,822,67600,822,67600,0,0
343389102,Not New,FLOTEK INDUSTRIES INC DEL,35176,2419252,35176,2419252,0,0
28140H203,Not New,EDUCATION RLTY TR INC,1294,30000,1294,30000,0,0
96208T104,Not New,WEX INC,48640,450000,48640,450000,0,0
G0450A105,Not New,ARCH CAP GROUP LTD,695600,8776178,695600,8776178,0,0
493723100,Not New,KEYW HOLDING CORP,955,86500,955,86500,0,0
024013104,Not New,AMERICAN ASSETS TRUST INC,40777,940000,40777,940000,0,0
91914J102,Not New,VALERO ENERGY PARTNERS LP,37333,854500,37333,854500,0,0
377322102,Not New,GLAUKOS CORP,4350,115261,4350,115261,0,0
N97284108,Not New,YANDEX N V,33680,1600000,33680,1600000,0,0
747525103,Not New,QUALCOMM INC,274,4000,274,4000,0,0
701877102,Not New,PARSLEY ENERGY INC,7637,227900,7637,227900,0,0
775711104,Not New,ROLLINS INC,16606,567156,16606,567156,0,0
874039100,Not New,TAIWAN SEMICONDUCTOR MFG LTD,55090,1800900,55090,1800900,0,0
12508E101,Not New,CDK GLOBAL INC,13798,240551,13798,240551,0,0
45781D101,Not New,INOVALON HLDGS INC,186677,12690489,186677,12690489,0,0
30303M102,Not New,FACEBOOK INC.,20765,161884,20765,161884,0,0
N07059210,Not New,ASML HOLDING N V,3932,35887,3932,35887,0,0
20605P101,Not New,CONCHO RES INC,29087,211773,29087,211773,0,0
833635105,Not New,SOCIEDAD QUIMICA MINERA DE C,27841,1035000,27841,1035000,0,0
19247A100,Not New,COHEN & STEERS INC,128076,2995940,128076,2995940,0,0
575385109,Not New,MASONITE INTERNATIONAL CORP,142700,2295315,142700,2295315,0,0
169905106,Not New,CHOICE HOTELS INTL INC,221808,4920319,221808,4920319,0,0
110122108,Not New,BRISTOL MYERS SQUIBB CO,2560,47479,2560,47479,0,0
55405Y100,Not New,MA COM TECHNOLOGY SOLUTIONS,1821,43000,1821,43000,0,0
98954M200,Not New,ZILLOW GROUP INC,28224,814554,28224,814554,0,0
P31076105,Not New,COPA HOLDINGS SA,45020,512000,45020,512000,0,0
143130102,Not New,CARMAX INC,74209,1390980,74209,1390980,0,0
573284106,Not New,MARTIN MARIETTA MATLS INC,22846,127552,22846,127552,0,0
M20598104,Not New,CAESARSTONE SDOT-YAM LTD,118654,3146475,118654,3146475,0,0
75886F107,Not New,REGENERON PHARMACEUTICALS,1980,4924,1980,4924,0,0
55336V100,Not New,MPLX LP,1574,46500,1574,46500,0,0
74113L102,Not New,PRESS GANEY HLDGS INC,60624,1500606,60624,1500606,0,0
04247X102,Not New,ARMSTRONG WORLD INDS INC,6831,165331,6831,165331,0,0
904311107,Not New,UNDER ARMOUR INC,280320,7247152,280320,7247152,0,0
803866300,Not New,SASOL LTD,8210,300500,8210,300500,0,0
806407102,Not New,HENRY SCHEIN INC,61608,378009,61608,378009,0,0
530307305,Not New,LIBERTY BROADBAND CORP,21444,300000,21444,300000,0,0
014752109,Not New,ALEXANDERS INC,93311,222382,93311,222382,0,0
929160109,Not New,VULCAN MATLS CO,26146,229892,26146,229892,0,0
531229607,Not New,LIBERTY MEDIA CORP DELAWARE,40092,1200000,40092,1200000,0,0
98954M101,Not New,ZILLOW GROUP INC,116852,3391922,116852,3391922,0,0
81762P102,Not New,SERVICENOW INC,7899,99803,7899,99803,0,0
M22465104,Not New,CHECK POINT SOFTWARE TECH LT,1352,17416,1352,17416,0,0
398438408,Not New,GRIFOLS S A,1198,75000,1198,75000,0,0
45168D104,Not New,IDEXX LABS INC,732768,6500206,732768,6500206,0,0
253868103,Not New,DIGITAL RLTY TR INC,19011,195746,19011,195746,0,0
31816Q101,Not New,FIREEYE INC,5630,382233,5630,382233,0,0
929042109,Not New,VORNADO RLTY TR,12282,121352,12282,121352,0,0
955306105,Not New,WEST PHARMACEUTICAL SVSC INC,168257,2258479,168257,2258479,0,0
43300A104,Not New,HILTON WORLDWIDE HLDGS INC,32227,1405432,32227,1405432,0,0
762760106,Not New,RICE ENERGY INC,5235,200500,5235,200500,0,0
94106B101,Not New,WASTE CONNECTIONS INC,119520,1600000,119520,1600000,0,0
76169C100,Not New,REXFORD INDL RLTY INC,6348,277330,6348,277330,0,0
82982L103,Not New,SITEONE LANDSCAPE SUPPLY INC,30689,854129,30689,854129,0,0
98979J109,Not New,ZOES KITCHEN INC,11250,507000,11250,507000,0,0
855244109,Not New,STARBUCKS CORP,4684,86508,4684,86508,0,0
12572Q105,Not New,CME GROUP INC,4561,43639,4561,43639,0,0
742718109,Not New,PROCTER & GAMBLE CO,161,1796,161,1796,0,0
55303A105,Not New,MGM GROWTH PPTYS LLC,53123,2037698,53123,2037698,0,0
015271109,Not New,ALEXANDRIA REAL ESTATE EQ IN,125689,1155546,125689,1155546,0,0
09180C106,Not New,BJS RESTAURANTS INC,37327,1050000,37327,1050000,0,0
78667J108,Not New,SAGE THERAPEUTICS INC,3377,73331,3377,73331,0,0
292505104,Not New,ENCANA CORP,6899,658900,6899,658900,0,0
74978Q105,Not New,RSP PERMIAN INC,6104,157400,6104,157400,0,0
008474108,Not New,AGNICO EAGLE MINES LTD,813,15000,813,15000,0,0
83190B101,Not New,SMART & FINAL STORES INC,62027,4857225,62027,4857225,0,0
157085101,Not New,CERUS CORP,643,103500,643,103500,0,0
045327103,Not New,ASPEN TECHNOLOGY INC,58562,1251600,58562,1251600,0,0
27616P103,Not New,EASTERLY GOVT PPTYS INC,630,33000,630,33000,0,0
57636Q104,Not New,MASTERCARD INC,13500,132652,13500,132652,0,0
N47279109,Not New,INTERXION HOLDING N.V,60677,1675228,60677,1675228,0,0
79466L302,Not New,SALESFORCE.COM INC,5873,82333,5873,82333,0,0
00912X302,Not New,AIR LEASE CORP,80166,2804960,80166,2804960,0,0
651639106,Not New,NEWMONT MINING CORP,1037,26400,1037,26400,0,0
695127100,Not New,PACIRA PHARMACEUTICALS INC,750,21921,750,21921,0,0
099502106,Not New,BOOZ ALLEN HAMILTON HLDG COR,81095,2565489,81095,2565489,0,0
406216101,Not New,HALLIBURTON CO,3653,81396,3653,81396,0,0
253393102,Not New,DICKS SPORTING GOODS INC,149497,2635708,149497,2635708,0,0
15670R107,Not New,CEPHEID,179,3400,179,3400,0,0
26875P101,Not New,EOG RES INC,2376,24568,2376,24568,0,0
067901108,Not New,BARRICK GOLD CORP,1070,60400,1070,60400,0,0
69318Q104,Not New,PBF LOGISTICS LP,17243,870000,17243,870000,0,0
216648402,Not New,COOPER COS INC,47456,264731,47456,264731,0,0
92826C839,Not New,VISA INC,14688,177604,14688,177604,0,0
L44385109,Not New,GLOBANT S A,159,3786,159,3786,0,0
V7780T103,Not New,ROYAL CARIBBEAN CRUISES LTD,13082,174544,13082,174544,0,0
138098108,Not New,CANTEL MEDICAL CORP,49821,638900,49821,638900,0,0
92345Y106,Not New,VERISK ANALYTICS INC,213291,2624151,213291,2624151,0,0
74164M108,Not New,PRIMERICA INC,174973,3299506,174973,3299506,0,0
806857108,Not New,SCHLUMBERGER LTD,3515,44700,3515,44700,0,0
874080104,Not New,TAL ED GROUP,40410,570438,40410,570438,0,0
562750109,Not New,MANHATTAN ASSOCS INC,4074,70700,4074,70700,0,0
04685W103,Not New,ATHENAHEALTH INC,5216,41360,5216,41360,0,0
904311206,Not New,UNDER ARMOUR INC,174005,5138944,174005,5138944,0,0
448579102,Not New,HYATT HOTELS CORP,225984,4591312,225984,4591312,0,0
83417M104,Not New,SOLAREDGE TECHNOLOGIES INC,1313,76200,1313,76200,0,0
75700L108,Not New,RED ROCK RESORTS INC,91465,3877258,91465,3877258,0,0
617700109,Not New,MORNINGSTAR INC,123763,1561284,123763,1561284,0,0
889478103,Not New,TOLL BROTHERS INC,33744,1130075,33744,1130075,0,0
00771V108,Not New,AERIE PHARMACEUTICALS INC,141,3726,141,3726,0,0
437076102,Not New,HOME DEPOT INC,28203,219172,28203,219172,0,0
G3198U102,Not New,ESSENT GROUP LTD,16080,604274,16080,604274,0,0
608190104,Not New,MOHAWK INDUSTRIES INC,65961,329247,65961,329247,0,0
252131107,Not New,DEXCOM INC,74640,851477,74640,851477,0,0
57060D108,Not New,MARKETAXESS HLDGS INC,46790,282566,46790,282566,0,0
92927K102,Not New,WABCO HLDGS INC,11329,99792,11329,99792,0,0
88104R100,Not New,TERRAFORM PWR INC,1153,82910,1153,82910,0,0
61166W101,Not New,MONSANTO CO NEW,3883,37998,3883,37998,0,0
886547108,Not New,TIFFANY & CO NEW,20129,277144,20129,277144,0,0
46269C409,Not New,IRIDIUM COMMUNICATIONS INC,19941,66300,19941,66300,0,0
922280102,Not New,VARONIS SYS INC,948,31500,948,31500,0,0
01609W102,Not New,ALIBABA GROUP HLDG LTD,122093,1154110,122093,1154110,0,0
192422103,Not New,COGNEX CORP,68718,1300000,68718,1300000,0,0
64157F103,Not New,NEVRO CORP,710,6800,710,6800,0,0
78440X101,Not New,SL GREEN RLTY CORP,16215,150000,16215,150000,0,0
893641100,Not New,TRANSDIGM GROUP INC,195156,675000,195156,675000,0,0
928254101,Not New,VIRTU FINL INC,19530,1304577,19530,1304577,0,0
04316A108,Not New,ARTISAN PARTNERS ASSET MGMT,1359,49956,1359,49956,0,0
55354G100,Not New,MSCI INC,213060,2538237,213060,2538237,0,0
G5784H106,Not New,MANCHESTER UNITED PLC NEW,253041,14990578,253041,14990578,0,0
02318Y108,Not New,AMBER RD INC,1216,126000,1216,126000,0,0
421906108,Not New,HEALTHCARE SVCS GRP INC,23748,600000,23748,600000,0,0
74144T108,Not New,PRICE T ROWE GROUP INC,18308,275314,18308,275314,0,0
44157R109,Not New,HOUGHTON MIFFLIN HARCOURT CO,6705,500000,6705,500000,0,0
741503403,Not New,PRICELINE GRP INC,63351,43052,63351,43052,0,0
808513105,Not New,SCHWAB CHARLES CORP NEW,210407,6664784,210407,6664784,0,0
42222N103,Not New,HEALTHSTREAM INC,5665,205246,5665,205246,0,0
N22717107,Not New,CORE LABORATORIES N V,2072,18450,2072,18450,0,0
22943F100,Not New,CTRIP COM INTL LTD,50770,1090182,50770,1090182,0,0
G0177J108,Not New,ALLERGAN PLC,3940,17109,3940,17109,0,0
M51363113,Not New,MELLANOX TECHNOLOGIES LTD,7380,170634,7380,170634,0,0
00548A106,Not New,ADAMAS PHARMACEUTICALS INC,238,14500,238,14500,0,0
577933104,Not New,MAXIMUS INC,247847,4382019,247847,4382019,0,0
032511107,Not New,ANDARKO PETE CORP,1698,26800,1698,26800,0,0
91913Y100,Not New,VALERO ENERGY CORP,1823,34400,1823,34400,0,0
835699307,Not New,SONY CORP,598,18000,598,18000,0,0
74758T303,Not New,QUALYS INC,3112,81500,3112,81500,0,0
55608B105,Not New,MACQUARIE INFRASTRUCTURE COR,51029,613037,51029,613037,0,0
707569109,Not New,PENN NATL GAMING INC,97107,7155983,97107,7155983,0,0
00508Y102,Not New,ACUITY BRANDS INC,119070,450000,119070,450000,0,0
29265N108,Not New,ENERGEN CORP,1718,29766,1718,29766,0,0
55825T103,Not New,MADISON SQUARE GARDEN CO,42353,250000,42353,250000,0,0
82621J105,Not New,SIENTRA INC,959,106700,959,106700,0,0
879369106,Not New,TELEFLEX INC,17575,104581,17575,104581,0,0
12504L109,Not New,CBRE GROUP INC,125474,4484411,125474,4484411,0,0
563568104,Not New,MANITOWOC FOODSERVICE INC,20275,1250000,20275,1250000,0,0
311900104,Not New,FASTENAL CO,88879,2127316,88879,2127316,0,0
G6518L108,Not New,NIELSEN HOLDINGS PLC,43050,803623,43050,803623,0,0
25960P109,Not New,DOUGLAS EMMETT INC,247408,6754239,247408,6754239,0,0
101121101,Not New,BOSTON PROPERTIES INC,12851,94294,12851,94294,0,0
339041105,Not New,FLEETCOR TECHNOLOGIES INC,178151,1025446,178151,1025446,0,0
29404K106,Not New,ENVESTNET INC,2560,70225,2560,70225,0,0
25456K101,Not New,DIPLOMAT PHARMACY INC,35927,1282664,35927,1282664,0,0
45167R104,Not New,IDEX CORP,42568,454928,42568,454928,0,0
705573103,Not New,PEGASYSTEMS INC,46710,1583930,46710,1583930,0,0
751212101,Not New,RALPH LAUREN CORP,3034,30000,3034,30000,0,0
G81477104,Not New,SINA CORP,6278,85033,6278,85033,0,0
N51488117,Not New,MOBILEYE N V AMSTELVEEN,25375,596088,25375,596088,0,0
553573106,Not New,MSG NETWORK INC,18610,1000000,18610,1000000,0,0
366651107,Not New,GARTNER INC,682939,7721190,682939,7721190,0,0
023135106,Not New,AMAZON COM INC,63509,75849,63509,75849,0,0
86614U100,Not New,SUMMIT MATLS INC,43592,2350000,43592,2350000,0,0
20564W105,Not New,COMSCORE INC,15453,504000,15453,504000,0,0
G57279104,Not New,LUXOFT HLDG INC,72,1361,72,1361,0,0
45784P101,Not New,INSULET CORPORATION,206,5032,206,5032,0,0
056752108,Not New,BAIDU INC,22427,123179,22427,123179,0,0
88104M101,Not New,TERRAFORM GLOBAL INC,16731,4070719,16731,4070719,0,0
45780L104,Not New,INOGEN INC,958,16000,958,16000,0,0
452327109,Not New,ILLUMINA INC,178765,984065,178765,984065,0,0
881569107,Not New,TESARO INC,251,2500,251,2500,0,0
530307107,Not New,LIBERTY BROADBAND CORP,10524,150000,10524,150000,0,0
09073M104,Not New,BIO TECHNE CORP,179188,1636421,2059,6577,-177129,-1629844
035128206,Not New,ANGLOGOLD ASHANTI LTD,19106,1200100,19106,1200100,0,0
682159108,Not New,ON ASSIGNMENT INC,86153,2374015,86153,2374015,0,0
71377A103,Not New,PERFORMANCE FOOD GROUP CO,47404,1911447,47404,1911447,0,0
33938J106,Not New,FLEXION THERAPEUTICS INC,743,38000,743,38000,0,0
46269C102,Not New,IRIDIUM COMMUNICATIONS INC,75634,9325974,75634,9325974,0,0
984245100,Not New,YPF SOCIEDAD ANONIMA,22775,1250000,22775,1250000,0,0
192479103,Not New,COHERENT INC,851,7700,851,7700,0,0
913903100,Not New,UNIVERSAL HEALTH SVCS INC,23373,189684,23373,189684,0,0
317485100,Not New,FINANCIAL ENGINES INC,127716,4298745,127716,4298745,0,0
69354M108,Not New,PRA HEALTH SCIENCES INC,63086,1116373,63086,1116373,0,0
34984V100,Not New,FORUM ENERGY TECHNOLOGIES IN,1488,74900,1488,74900,0,0
749119103,Not New,QUOTIENT TECHNOLOGY INC,532,40000,532,40000,0,0
016255101,Not New,ALIGN TECHNOLOGY INC,2498,26640,2498,26640,0,0
88160R101,Not New,TESLA MOTORS INC,317452,1555911,317452,1555911,0,0
89469A104,Not New,TREEHOUSE FOODS INC,111949,1283971,111949,1283971,0,0
69840W108,Not New,PANERA BREAD CO,122106,627086,122106,627086,0,0
674001201,Not New,OAKTREE CAP GROUP LLC,88231,2080922,88231,2080922,0,0
702149105,Not New,PARTY CITY HOLDCO INC,38777,2265000,38777,2265000,0,0
084670108,Not New,BERKSHIRE HATHAWAY INC DEL,216,1,216,1,0,0
05491G109,Not New,BATS GLOBAL MKTS INC,24113,800291,24113,800291,0,0
78388J106,Not New,SBA COMMUNICATIONS CORP,198482,1769629,198482,1769629,0,0
770323103,Not New,ROBERT HALF INTL INC,38496,1016792,38496,1016792,0,0
91879Q109,Not New,VAIL RESORTS INC,812093,5176522,812093,5176522,0,0
024835100,Not New,AMERICAN CAMPUS CMNTYS INC,30459,598771,30459,598771,0,0
60786M105,Not New,MOELIS & CO,68483,2546792,68483,2546792,0,0
