CUSIP,status,NAME OF ISSUER,(x$1000)_old,PRN AMT_old,(x$1000),PRN AMT,(x$1000)_change,PRN AMT_change
037833100,Not New,APPLE INC,1602.0,15900.0,1626.0,17500.0,24.0,1600.0
056752108,Not New,BAIDU INC,1484.0,6800.0,1140.0,6100.0,-344.0,-700.0
576323109,New Holding,MASTEC INC,,,17230.0,562700.0,,
G30401106,Not New,ENDO INTL PLC,1387.0,20300.0,1596.0,22800.0,209.0,2500.0
750086100,New Holding,RACKSPACE HOSTING INC,,,885.0,27200.0,,
81211K100,Not New,SEALED AIR CORP NEW,417.0,11963.0,409.0,11963.0,-8.0,0.0
86722A103,Not New,SUNCOKE ENERGY INC,2530.0,112700.0,2423.0,112700.0,-107.0,0.0
007903107,Sold Out,ADVANCED MICRO DEVICES INC,683.0,163000.0,,,,
867224107,Sold Out,SUNCOR ENERGY INC NEW,2419.0,56750.0,,,,
02376R102,Sold Out,AMERICAN AIRLS GROUP INC,7774.0,180969.0,,,,
42365Q103,Sold Out,HEMISPHERE MEDIA GROUP INC,242.0,19287.0,,,,
64110L106,Sold Out,NETFLIX INC,12777.0,29000.0,,,,
87336U105,Not New,TABLEAU SOFTWARE INC,1475.0,20300.0,24823.0,348000.0,23348.0,327700.0
743187106,New Holding,PROGENICS PHARMACEUTICALS IN,,,6695.0,1290055.0,,
91913Y100,Sold Out,VALERO ENERGY CORP NEW,11663.0,232800.0,,,,
66704R100,Sold Out,NORTHSTAR RLTY FIN CORP,4936.0,284000.0,,,,
052769106,Not New,AUTODESK INC,1229.0,22300.0,1257.0,22300.0,28.0,0.0
31620R105,Sold Out,FIDELITY NATIONAL FINANCIAL,3050.0,93100.0,,,,
38259P508,Not New,GOOGLE INC,14531.0,24696.0,19233.0,32896.0,4702.0,8200.0
31620R402,New Holding,FIDELITY NATIONAL FINANCIAL,,,2345.0,170408.0,,
204166102,Not New,COMMVAULT SYSTEMS INC,655.0,13000.0,1155.0,23500.0,500.0,10500.0
22160N109,New Holding,COSTAR GROUP INC,,,824.0,5300.0,,
698354107,Not New,PANDORA MEDIA INC,1360.0,56300.0,1165.0,39500.0,-195.0,-16800.0
172967424,Not New,CITIGROUP INC,16002.0,308800.0,12613.0,267800.0,-3389.0,-41000.0
177376100,Not New,CITRIX SYS INC,1120.0,15700.0,563.0,9000.0,-557.0,-6700.0
36467J108,Sold Out,GAMING & LEISURE PPTYS INC,2287.0,67310.0,,,,
44919P508,New Holding,IAC INTERACTIVECORP,,,12785.0,194000.0,,
485865109,New Holding,KATE SPADE & CO,,,1597.0,60900.0,,
13100M509,Sold Out,CALIX INC,360.0,44000.0,,,,
269246401,Not New,E TRADE FINANCIAL CORP,4615.0,204300.0,4428.0,208300.0,-187.0,4000.0
09060J106,Not New,BIODELIVERY SCIENCES INTL IN,8731.0,510874.0,6166.0,510874.0,-2565.0,0.0
V7780T103,Sold Out,ROYAL CARIBBEAN CRUISES LTD,356.0,6400.0,,,,
53217R207,New Holding,LIFE TIME FITNESS INC,,,2431.0,48200.0,,
413086109,New Holding,HARMAN INTL INDS INC,,,422.0,4300.0,,
817565104,Not New,SERVICE CORP INTL,2723.0,128800.0,2669.0,128800.0,-54.0,0.0
92242T101,New Holding,VECTRUS INC,,,553.0,28300.0,,
66705Y104,New Holding,NORTHSTAR ASSET MGMT GROUP I,,,4439.0,241000.0,,
595112103,Not New,MICRON TECHNOLOGY INC,1412.0,41200.0,1624.0,49300.0,212.0,8100.0
N6596X109,Not New,NXP SEMICONDUCTORS N V,1526.0,22300.0,1204.0,18200.0,-322.0,-4100.0
73172K104,New Holding,POLYCOM INC,,,418.0,34000.0,,
464287457,Not New,ISHARES TR,1368.0,16187.0,1369.0,16187.0,1.0,0.0
29358P101,Not New,ENSIGN GROUP INC,2619.0,75250.0,2640.0,84950.0,21.0,9700.0
22943F100,Not New,CTRIP COM INTL LTD,1220.0,21500.0,1716.0,26800.0,496.0,5300.0
89853L104,New Holding,T2 BIOSYSTEMS INC,,,1645.0,90909.0,,
278642103,New Holding,EBAY INC,,,28111.0,496400.0,,
783513104,Not New,RYANAIR HLDGS PLC,5631.0,99792.0,5568.0,99792.0,-63.0,0.0
61166W101,Sold Out,MONSANTO CO NEW,13509.0,108300.0,,,,
30303M102,Not New,FACEBOOK INC,23981.0,303400.0,22980.0,341500.0,-1001.0,38100.0
654902204,Not New,NOKIA CORP,1398.0,165200.0,1226.0,162200.0,-172.0,-3000.0
595137100,Sold Out,MICROSEMI CORP,706.0,26400.0,,,,
737446104,Sold Out,POST HLDGS INC,12926.0,253900.0,,,,
143658300,Not New,CARNIVAL CORP,295.0,7350.0,277.0,7350.0,-18.0,0.0
57636Q104,Not New,MASTERCARD INC,2589.0,35025.0,3644.0,49600.0,1055.0,14575.0
24802Y105,Not New,DEMANDWARE INC,769.0,15100.0,846.0,12200.0,77.0,-2900.0
45666Q102,Not New,INFORMATICA CORP,1281.0,37400.0,1151.0,32300.0,-130.0,-5100.0
247361702,Not New,DELTA AIR LINES INC DEL,26121.0,722575.0,21741.0,561485.0,-4380.0,-161090.0
N63218106,Not New,NIELSEN N V,798.0,18000.0,871.0,18000.0,73.0,0.0
01609W102,New Holding,ALIBABA GROUP HLDG LTD,,,108067.0,1216283.0,,
03822W406,Not New,APPLIED MICRO CIRCUITS CORP,290.0,41400.0,448.0,41400.0,158.0,0.0
38259P706,Not New,GOOGLE INC,8485.0,14696.0,11733.0,20396.0,3248.0,5700.0
883211104,New Holding,TEXTURA CORP,,,264.0,10000.0,,
296056104,Not New,ESCALADE INC,390.0,32361.0,1224.0,75858.0,834.0,43497.0
375558103,Not New,GILEAD SCIENCES INC,47254.0,443911.0,36805.0,443911.0,-10449.0,0.0
902925106,Not New,USA TRUCK INC,1261.0,71933.0,1337.0,71933.0,76.0,0.0
37518B102,Sold Out,GIGAMON INC,901.0,47100.0,,,,
