CUSIP,status,NAME OF ISSUER,(x$1000)_old,PRN AMT_old,(x$1000),PRN AMT,(x$1000)_change,PRN AMT_change
037833100,New Holding,APPLE INC,,,1290.0,2300.0,,
26884L109,New Holding,EQT CORP,,,22993.0,256100.0,,
45672H104,New Holding,INFOBLOX INC,,,449.0,13600.0,,
74838C106,New Holding,QUICKSILVER INC,,,5262.0,600000.0,,
82967N108,Sold Out,SIRIUS XM RADIO INC,20622.0,5321800.0,,,,
007903107,New Holding,ADVANCED MICRO DEVICES INC,,,1397.0,360900.0,,
675746309,Sold Out,OCWEN FINL CORP,19513.0,349891.0,,,,
81211K100,Not New,SEALED AIR CORP NEW,776.0,22801.0,1321.0,48600.0,545.0,25799.0
57061R544,Sold Out,MARKET VECTORS ETF TR,8675.0,212925.0,,,,
983793100,Sold Out,XPO LOGISTICS INC,10570.0,487765.0,,,,
867224107,Not New,SUNCOR ENERGY INC NEW,2268.0,64700.0,5451.0,68500.0,3183.0,3800.0
02376R102,New Holding,AMERICAN AIRLS GROUP INC,,,2487.0,98486.0,,
911268100,Sold Out,UNITED ONLINE INC,8587.0,1077300.0,,,,
440543106,Sold Out,HORNBECK OFFSHORE SVCS INC N,10052.0,175000.0,,,,
87336U105,New Holding,TABLEAU SOFTWARE INC,,,855.0,12400.0,,
91913Y100,New Holding,VALERO ENERGY CORP NEW,,,25049.0,497000.0,,
01748X102,Sold Out,ALLEGIANT TRAVEL CO,19137.0,181635.0,,,,
781220108,New Holding,RUCKUS WIRELESS INC,,,635.0,44700.0,,
339041105,Sold Out,FLEETCOR TECHNOLOGIES INC,15841.0,143800.0,,,,
44267D107,Sold Out,HOWARD HUGHES CORP,20125.0,179100.0,,,,
768573107,New Holding,RIVERBED TECHNOLOGY INC,,,973.0,53800.0,,
38259P508,Not New,GOOGLE INC.,23998.0,21413.0,22283.0,25440.0,-1715.0,4027.0
55608B105,Sold Out,MACQUARIE INFRASTR CO LLC,16204.0,302657.0,,,,
63934E108,New Holding,NAVISTAR INTL CORP NEW,,,15318.0,401100.0,,
42805T105,Sold Out,HERTZ GLOBAL HOLDINGS INC,16057.0,724600.0,,,,
774415103,New Holding,ROCKWOOD HLDGS INC,,,10847.0,150826.0,,
13100M509,New Holding,CALIX INC,,,710.0,73600.0,,
92826C839,Sold Out,VISA INC,10147.0,53100.0,,,,
125581801,New Holding,CIT GROUP INC,,,13356.0,256200.0,,
91911K102,Sold Out,VALEANT PHARMACEUTICALS INTL,16380.0,157000.0,,,,
269246401,Sold Out,E TRADE FINANCIAL CORP,21759.0,1318700.0,,,,
09060J106,New Holding,BIODELIVERY SCIENCES INTL IN,,,3009.0,510874.0,,
V7780T103,Sold Out,ROYAL CARIBBEAN CRUISES LTD,23292.0,913700.0,,,,
741503403,Sold Out,PRICELINE COM INC,17388.0,17200.0,,,,
548661107,New Holding,LOWES COS INC,,,10227.0,206400.0,,
747525103,Sold Out,QUALCOMM INC,10125.0,150400.0,,,,
25470M109,Sold Out,DISH NETWORK CORP,16109.0,357900.0,,,,
43289P106,New Holding,HIMAX TECHNOLOGIES INC,,,28881.0,1963363.0,,
871503108,New Holding,SYMANTEC CORP,,,476.0,20200.0,,
093671105,Sold Out,BLOCK H & R INC,18974.0,711700.0,,,,
364760108,Sold Out,GAP INC DEL,9989.0,248000.0,,,,
167250109,Sold Out,CHICAGO BRIDGE & IRON CO N V,16556.0,244300.0,,,,
14365C103,New Holding,CARNIVAL PLC,,,356.0,8850.0,,
57063L107,New Holding,MARKETO INC,,,315.0,8500.0,,
278642103,Not New,EBAY INC,21057.0,383800.0,23529.0,421700.0,2472.0,37900.0
783513104,Not New,RYANAIR HLDGS PLC,5615.0,119650.0,6119.0,123022.0,504.0,3372.0
49456B119,Sold Out,KINDER MORGAN INC DEL,12292.0,2473265.0,,,,
61166W101,New Holding,MONSANTO CO NEW,,,12622.0,108300.0,,
30303M102,New Holding,FACEBOOK INC,,,754.0,13800.0,,
595137100,New Holding,MICROSEMI CORP,,,624.0,25000.0,,
654902204,New Holding,NOKIA CORP,,,626.0,77200.0,,
90384S303,Not New,ULTA SALON COSMETICS & FRAG I,15578.0,161400.0,20105.0,168300.0,4527.0,6900.0
737446104,Not New,POST HLDGS INC,13559.0,275200.0,20956.0,519100.0,7397.0,243900.0
25389M877,Sold Out,DIGITALGLOBE INC,24332.0,769500.0,,,,
887317303,Sold Out,TIME WARNER INC,21257.0,323000.0,,,,
92343E102,Sold Out,VERISIGN INC.,15079.0,296300.0,,,,
929352102,Sold Out,WUXI PHARMATECH CAYMAN INC,15788.0,576218.0,,,,
143658300,Sold Out,CARNIVAL CORP,325.0,9950.0,,,,
59156R108,New Holding,METLIFE INC,,,20220.0,375000.0,,
57636Q104,Not New,MASTERCARD INC,5481.0,6560.0,18520.0,27528.0,13039.0,20968.0
24802Y105,New Holding,DEMANDWARE INC,,,846.0,13200.0,,
45666Q102,New Holding,INFORMATICA CORP,,,1307.0,31500.0,,
247361702,Not New,DELTA AIR LINES INC DEL,22989.0,836885.0,20358.0,863000.0,-2631.0,26115.0
580645109,Sold Out,MCGRAW HILL FINL INC,20576.0,313700.0,,,,
724479100,Sold Out,PITNEY BOWES INC,11165.0,613800.0,,,,
042068106,New Holding,ARM HLDGS PLC,,,974.0,17800.0,,
315616102,New Holding,F5 NETWORKS INC,,,727.0,8000.0,,
03822W406,New Holding,APPLIED MICRO CIRCUITS CORP,,,682.0,51000.0,,
98138H101,Sold Out,WORKDAY INC,11504.0,142150.0,,,,
46625H100,Sold Out,JPMORGAN CHASE & CO,16189.0,313200.0,,,,
G5876H105,New Holding,MARVELL TECHNOLOGY GROUP LTD,,,695.0,48300.0,,
98986T108,New Holding,ZYNGA INC,,,5407.0,1423000.0,,
375558103,Not New,GILEAD SCIENCES INC,24032.0,320001.0,15988.0,254300.0,-8044.0,-65701.0
615369105,Sold Out,MOODYS CORP,21380.0,304000.0,,,,
848637104,New Holding,SPLUNK INC,,,439.0,6400.0,,
38141G104,Sold Out,GOLDMAN SACHS GROUP INC,2429.0,15350.0,,,,
