CUSIP,status,NAME OF ISSUER,(x$1000)_old,PRN AMT_old,(x$1000),PRN AMT,(x$1000)_change,PRN AMT_change
82967N108,Not New,SIRIUS XM RADIO INC,20622.0,5321800.0,24466.0,7303300.0,3844.0,1981500.0
78462F103,Sold Out,SPDR S&P 500 ETF TR,1973.0,12300.0,,,,
675746309,Not New,OCWEN FINL CORP,19513.0,349891.0,21005.0,509591.0,1492.0,159700.0
57061R544,New Holding,MARKET VECTORS ETF TR,,,8675.0,212925.0,,
81211K100,Not New,SEALED AIR CORP NEW,1321.0,48600.0,1164.0,48600.0,-157.0,0.0
983793100,Not New,XPO LOGISTICS INC,10570.0,487765.0,15942.0,881265.0,5372.0,393500.0
867224107,Not New,SUNCOR ENERGY INC NEW,5451.0,68500.0,2020.0,68500.0,-3431.0,0.0
78377T107,Sold Out,RYMAN HOSPITALITY PPTYS INC,20891.0,535541.0,,,,
911268100,New Holding,UNITED ONLINE INC,,,8587.0,1077300.0,,
440543106,New Holding,HORNBECK OFFSHORE SVCS INC N,,,10052.0,175000.0,,
01748X102,New Holding,ALLEGIANT TRAVEL CO,,,19137.0,181635.0,,
44267D107,Not New,HOWARD HUGHES CORP,20125.0,179100.0,22687.0,202400.0,2562.0,23300.0
339041105,Not New,FLEETCOR TECHNOLOGIES INC,15841.0,143800.0,16146.0,198600.0,305.0,54800.0
55608B105,Not New,MACQUARIE INFRASTR CO LLC,16204.0,302657.0,18181.0,340157.0,1977.0,37500.0
38259P508,Not New,GOOGLE INC,22283.0,25440.0,23365.0,26540.0,1082.0,1100.0
65105M108,Sold Out,NEWCASTLE INVT CORP,19161.0,3663586.0,,,,
172967424,Sold Out,CITIGROUP INC,18387.0,383300.0,,,,
256746108,Sold Out,DOLLAR TREE INC,14238.0,280063.0,,,,
42805T105,Not New,HERTZ GLOBAL HOLDINGS INC,16057.0,724600.0,19828.0,799500.0,3771.0,74900.0
63934E108,Sold Out,NAVISTAR INTL CORP NEW,19485.0,701917.0,,,,
92826C839,Not New,VISA INC,10147.0,53100.0,11605.0,63500.0,1458.0,10400.0
91911K102,Not New,VALEANT PHARMACEUTICALS INTL,16380.0,157000.0,25738.0,299000.0,9358.0,142000.0
75605Y106,Sold Out,REALOGY HLDGS CORP,20393.0,424500.0,,,,
269246401,New Holding,E TRADE FINANCIAL CORP,,,21759.0,1318700.0,,
V7780T103,Not New,ROYAL CARIBBEAN CRUISES LTD,23292.0,913700.0,17971.0,539000.0,-5321.0,-374700.0
741503403,Not New,PRICELINE COM INC,17388.0,17200.0,20171.0,24400.0,2783.0,7200.0
747525103,Not New,QUALCOMM INC,10125.0,150400.0,16563.0,271130.0,6438.0,120730.0
25470M109,Not New,DISH NETWORK CORP,16109.0,357900.0,18845.0,443200.0,2736.0,85300.0
14040H105,Sold Out,CAPITAL ONE FINL CORP,16331.0,260000.0,,,,
256677105,Sold Out,DOLLAR GEN CORP NEW,13737.0,272400.0,,,,
093671105,Not New,BLOCK H & R INC,18974.0,711700.0,21606.0,778600.0,2632.0,66900.0
364760108,New Holding,GAP INC DEL,,,9989.0,248000.0,,
167250109,Not New,CHICAGO BRIDGE & IRON CO N V,16556.0,244300.0,18536.0,310700.0,1980.0,66400.0
G5480U104,Sold Out,LIBERTY GLOBAL PLC,17079.0,232395.0,,,,
16117M305,Sold Out,CHARTER COMMUNICATIONS INC D,22751.0,183700.0,,,,
278642103,New Holding,EBAY INC,,,23529.0,421700.0,,
783513104,Not New,RYANAIR HOLDINGS PLC,6119.0,123022.0,6339.0,123022.0,220.0,0.0
49456B119,Not New,KINDER MORGAN INC DEL,12292.0,2473265.0,19043.0,3719265.0,6751.0,1246000.0
61166W101,Sold Out,MONSANTO CO NEW,20876.0,211300.0,,,,
25389M877,Not New,DIGITALGLOBE INC,24332.0,769500.0,23862.0,769500.0,-470.0,0.0
90384S303,New Holding,ULTA SALON COSMETICS & FRAG I,,,20105.0,168300.0,,
92343E102,Not New,VERISIGN INC.,15079.0,296300.0,17609.0,394300.0,2530.0,98000.0
026874784,Sold Out,AMERICAN INTL GROUP INC,9584.0,214400.0,,,,
737446104,New Holding,POST HLDGS INC,,,20956.0,519100.0,,
887317303,New Holding,TIME WARNER INC,,,21257.0,323000.0,,
265504100,Sold Out,DUNKIN BRANDS GROUP INC,16914.0,395000.0,,,,
929352102,Not New,WUXI PHARMATECH CAYMAN INC,15788.0,576218.0,18724.0,891618.0,2936.0,315400.0
23918K108,Sold Out,DAVITA HEALTHCARE PARTNERS I,14605.0,120900.0,,,,
143658300,Not New,CARNIVAL CORP,325.0,9950.0,341.0,9950.0,16.0,0.0
724479100,New Holding,PITNEY BOWES INC,,,11165.0,613800.0,,
57636Q104,Not New,MASTERCARD INC,18520.0,27528.0,20497.0,35678.0,1977.0,8150.0
247361702,New Holding,DELTA AIR LINES INC DEL,,,20358.0,863000.0,,
580645109,Not New,MCGRAW HILL FINL INC,20576.0,313700.0,11941.0,224500.0,-8635.0,-89200.0
903236107,Sold Out,URS CORP NEW,14746.0,312274.0,,,,
98138H101,Not New,WORKDAY INC,11504.0,142150.0,16039.0,250250.0,4535.0,108100.0
46625H100,Not New,JPMORGAN CHASE & CO,16189.0,313200.0,18424.0,349000.0,2235.0,35800.0
57060U589,Sold Out,MARKET VECTORS ETF TR,9564.0,1044100.0,,,,
375558103,Not New,GILEAD SCIENCES INV,15988.0,254300.0,19841.0,387000.0,3853.0,132700.0
615369105,Not New,MOODYS CORP,21380.0,304000.0,7500.0,123100.0,-13880.0,-180900.0
38141G104,Not New,GOLDMAN SACHS GROUP INC,2429.0,15350.0,2322.0,15350.0,-107.0,0.0
