CUSIP,status,NAME OF ISSUER,(x$1000)_old,PRN AMT_old,(x$1000),PRN AMT,(x$1000)_change,PRN AMT_change
78462F103,Sold Out,SPDR S&P 500 ETF TR,23466.0,86500.0,,,,
983793100,Not New,XPO LOGISTICS INC,1713.0,15000.0,1753.0,17500.0,40.0,2500.0
359678109,Sold Out,FULL HOUSE RESORTS INC,999.0,300000.0,,,,
037612306,Not New,APOLLO GLOBAL MGMT LLC,22776.0,659222.0,18555.0,582222.0,-4221.0,-77000.0
464287234,New Holding,ISHARES TR,,,4545.0,105900.0,,
21240E105,Not New,CONTROLADORA VUELA CIA DE AV,22473.0,3012405.0,13825.0,2721403.0,-8648.0,-291002.0
70432V102,Sold Out,PAYCOM SOFTWARE INC,962.0,9730.0,,,,
74624M102,Not New,PURE STORAGE INC,2595.0,100000.0,1194.0,50000.0,-1401.0,-50000.0
74624M102,Not New,PURE STORAGE INC,2595.0,100000.0,1791.0,75000.0,-804.0,-25000.0
464287655,New Holding,ISHARES TR,,,19687.0,116800.0,,
G68707101,New Holding,PAGSEGURO DIGITAL LTD,,,10753.0,388600.0,,
983134107,Sold Out,WYNN RESORTS LTD,1339.0,8000.0,,,,
02553E106,New Holding,AMERICAN EAGLE OUTFITTERS NE,,,2014.0,81100.0,,
05501U106,New Holding,AZUL S A,,,2224.0,125000.0,,
83304A106,Sold Out,SNAP INC,1067.0,81500.0,,,,
81369Y506,New Holding,SELECT SECTOR SPDR TR,,,2257.0,29800.0,,
36191G107,Not New,GNC HLDGS INC,2287.0,552500.0,992.0,281900.0,-1295.0,-270600.0
36191G107,Not New,GNC HLDGS INC,2287.0,552500.0,854.0,242500.0,-1433.0,-310000.0
37045V100,Not New,GENERAL MTRS CO,2020.0,60000.0,1576.0,40000.0,-444.0,-20000.0
552953101,Sold Out,MGM RESORTS INTERNATIONAL,1161.0,40000.0,,,,
L8681T102,Not New,SPOTIFY TECHNOLOGY S A,1606.0,8879.0,2989.0,17769.0,1383.0,8890.0
79466L302,Not New,SALESFORCE COM INC,1129.0,7100.0,2728.0,20000.0,1599.0,12900.0
783513203,Not New,RYANAIR HLDGS PLC,9344.0,97296.0,11114.0,97296.0,1770.0,0.0
33812L102,New Holding,FITBIT INC,,,1482.0,277000.0,,
285512109,Not New,ELECTRONIC ARTS INC,3012.0,25000.0,1410.0,10000.0,-1602.0,-15000.0
80874P109,Sold Out,SCIENTIFIC GAMES CORP,246.0,5000.0,,,,
09253U108,Not New,BLACKSTONE GROUP L P,33824.0,888247.0,24692.0,767547.0,-9132.0,-120700.0
253393102,Sold Out,DICKS SPORTING GOODS INC,635.0,18000.0,,,,
172967424,New Holding,CITIGROUP INC,,,154241.0,2150000.0,,
G6095L109,Not New,APTIV PLC,2517.0,30000.0,1833.0,20000.0,-684.0,-10000.0
46434G822,New Holding,ISHARES INC,,,3018.0,50100.0,,
V7780T103,Not New,ROYAL CARIBBEAN CRUISES LTD,11825.0,91000.0,27405.0,264530.0,15580.0,173530.0
V7780T103,Not New,ROYAL CARIBBEAN CRUISES LTD,11825.0,91000.0,20585.0,198700.0,8760.0,107700.0
V7780T103,Not New,ROYAL CARIBBEAN CRUISES LTD,26061.0,200560.0,27405.0,264530.0,1344.0,63970.0
V7780T103,Not New,ROYAL CARIBBEAN CRUISES LTD,26061.0,200560.0,20585.0,198700.0,-5476.0,-1860.0
747525103,Sold Out,QUALCOMM INC,1122.0,20000.0,,,,
464287457,Not New,ISHARES TR,1345.0,16187.0,1350.0,16187.0,5.0,0.0
609207105,Sold Out,MONDELEZ INTL INC,1640.0,40000.0,,,,
17275R102,Not New,CISCO SYS INC,25337.0,520800.0,2965.0,68900.0,-22372.0,-451900.0
30303M102,Not New,FACEBOOK INC,28420.0,172810.0,27090.0,139410.0,-1330.0,-33400.0
060505104,Not New,BANK AMER CORP,109886.0,3730000.0,21267.0,754400.0,-88619.0,-2975600.0
060505104,Not New,BANK AMER CORP,20819.0,706700.0,21267.0,754400.0,448.0,47700.0
874080104,Sold Out,TAL ED GROUP,272.0,7400.0,,,,
81369Y605,New Holding,SELECT SECTOR SPDR TR,,,5516.0,200000.0,,
81369Y605,New Holding,SELECT SECTOR SPDR TR,,,1931.0,70000.0,,
60937P106,Sold Out,MONGODB INC,248.0,5000.0,,,,
60937P106,Sold Out,MONGODB INC,2482.0,50000.0,,,,
G66721104,Not New,NORWEGIAN CRUISE LINE HLDG L,7897.0,137501.0,1989.0,42100.0,-5908.0,-95401.0
023135106,Sold Out,AMAZON COM INC,1700.0,1000.0,,,,
023135106,Sold Out,AMAZON COM INC,1700.0,1000.0,,,,
67059N108,Not New,NUTANIX INC,3845.0,90000.0,1805.0,35000.0,-2040.0,-55000.0
81369Y704,New Holding,SELECT SECTOR SPDR TR,,,2493.0,31800.0,,
02083G100,Not New,ALPINE IMMUNE SCIENCES INC,1030.0,162728.0,1232.0,162728.0,202.0,0.0
375558103,Not New,GILEAD SCIENCES INC,2661.0,34460.0,2728.0,38511.0,67.0,4051.0
381013101,Sold Out,GOLDEN ENTMT INC,270.0,10000.0,,,,
437076102,Sold Out,HOME DEPOT INC,1366.0,7000.0,,,,
81211K100,Not New,SEALED AIR CORP NEW,480.0,11963.0,508.0,11963.0,28.0,0.0
37950E366,New Holding,GLOBAL X FDS,,,895.0,108000.0,,
20030N101,Sold Out,COMCAST CORP NEW,820.0,25000.0,,,,
254687106,New Holding,DISNEY WALT CO,,,2619.0,22400.0,,
464287192,New Holding,ISHARES TR,,,1452.0,7100.0,,
70450Y103,Not New,PAYPAL HLDGS INC,22671.0,258090.0,23231.0,278990.0,560.0,20900.0
125581801,Not New,CIT GROUP INC,1548.0,30000.0,1008.0,20000.0,-540.0,-10000.0
464287184,New Holding,ISHARES TR,,,5875.0,137200.0,,
464287184,New Holding,ISHARES TR,,,3019.0,70500.0,,
917047102,New Holding,URBAN OUTFITTERS INC,,,1841.0,45000.0,,
94419L101,Not New,WAYFAIR INC,1255.0,8500.0,1009.0,8500.0,-246.0,0.0
89853L104,Not New,T2 BIOSYSTEMS INC,7209.0,967585.0,7788.0,1006175.0,579.0,38590.0
74915M100,New Holding,QURATE RETAIL INC,,,1777.0,80000.0,,
693656100,Sold Out,PVH CORP,1198.0,8000.0,,,,
46266C105,Not New,IQVIA HLDGS INC,856.0,6600.0,659.0,6600.0,-197.0,0.0
313747206,Not New,FEDERAL REALTY INVT TR,5362.0,42400.0,7087.0,56000.0,1725.0,13600.0
02079K107,Not New,ALPHABET INC,31588.0,26467.0,25438.0,22801.0,-6150.0,-3666.0
143658300,Not New,CARNIVAL CORP,469.0,7350.0,421.0,7350.0,-48.0,0.0
01609W102,Not New,ALIBABA GROUP HLDG LTD,2686.0,16300.0,5460.0,29430.0,2774.0,13130.0
01609W102,Not New,ALIBABA GROUP HLDG LTD,34204.0,207600.0,5460.0,29430.0,-28744.0,-178170.0
698813102,Not New,PAPA JOHNS INTL INC,4461.0,87000.0,1522.0,30000.0,-2939.0,-57000.0
683416101,Not New,OOMA INC,13436.0,809423.0,13762.0,972558.0,326.0,163135.0
594918104,Not New,MICROSOFT CORP,42119.0,368270.0,30632.0,310640.0,-11487.0,-57630.0
46625H100,Not New,JPMORGAN CHASE & CO,102684.0,910000.0,23472.0,225260.0,-79212.0,-684740.0
46625H100,Not New,JPMORGAN CHASE & CO,21802.0,193210.0,23472.0,225260.0,1670.0,32050.0
49446R109,Not New,KIMCO RLTY CORP,3453.0,206300.0,3814.0,224500.0,361.0,18200.0
81762P102,New Holding,SERVICENOW INC,,,974.0,4980.0,,
71639T106,New Holding,PETIQ INC,,,1135.0,28867.0,,
75737F108,Sold Out,REDFIN CORP,2675.0,115831.0,,,,
11120U105,Not New,BRIXMOR PPTY GROUP INC,4150.0,237000.0,5682.0,326000.0,1532.0,89000.0
401617105,Sold Out,GUESS INC,321.0,15000.0,,,,
238337109,Not New,DAVE & BUSTERS ENTMT INC,1987.0,30000.0,8806.0,185000.0,6819.0,155000.0
702149105,Not New,PARTY CITY HOLDCO INC,21203.0,1564813.0,14903.0,977257.0,-6300.0,-587556.0
N6596X109,Not New,NXP SEMICONDUCTORS N V,13689.0,160100.0,2459.0,22500.0,-11230.0,-137600.0
03524A108,Sold Out,ANHEUSER BUSCH INBEV SA/NV,1209.0,12000.0,,,,
28470R102,Sold Out,ELDORADO RESORTS INC,782.0,20000.0,,,,
02079K305,Not New,ALPHABET INC,3313.0,2745.0,1694.0,1500.0,-1619.0,-1245.0
02079K305,Not New,ALPHABET INC,3313.0,2745.0,3100.0,2745.0,-213.0,0.0
46090E103,Not New,INVESCO QQQ TR,34371.0,185000.0,4291.0,25000.0,-30080.0,-160000.0
46090E103,Not New,INVESCO QQQ TR,34371.0,185000.0,19740.0,115000.0,-14631.0,-70000.0
46090E103,Not New,INVESCO QQQ TR,4125.0,22200.0,4291.0,25000.0,166.0,2800.0
46090E103,Not New,INVESCO QQQ TR,4125.0,22200.0,19740.0,115000.0,15615.0,92800.0
46090E103,Not New,INVESCO QQQ TR,2787.0,15000.0,4291.0,25000.0,1504.0,10000.0
46090E103,Not New,INVESCO QQQ TR,2787.0,15000.0,19740.0,115000.0,16953.0,100000.0
855244109,Sold Out,STARBUCKS CORP,489.0,10000.0,,,,
90138F102,Sold Out,TWILIO INC,2241.0,40000.0,,,,
247361702,Not New,DELTA AIR LINES INC DEL,5278.0,91260.0,6112.0,123375.0,834.0,32115.0
647581107,Sold Out,NEW ORIENTAL ED & TECH GRP I,2868.0,30300.0,,,,
G27358103,New Holding,DESPEGAR COM CORP,,,1265.0,75000.0,,
099406100,Not New,BOOT BARN HLDGS INC,1098.0,38648.0,4479.0,215866.0,3381.0,177218.0
90130A101,Sold Out,TWENTY FIRST CENTY FOX INC,2485.0,50000.0,,,,
00724F101,Not New,ADOBE SYS INC,33576.0,124378.0,29769.0,122100.0,-3807.0,-2278.0
