CUSIP,status,NAME OF ISSUER,(x$1000)_old,PRN AMT_old,(x$1000),PRN AMT,(x$1000)_change,PRN AMT_change
78462F103,New Holding,SPDR S&P 500 ETF TR,,,23466.0,86500.0,,
983793100,Not New,XPO LOGISTICS INC,1753.0,17500.0,1527.0,15000.0,-226.0,-2500.0
359678109,Not New,FULL HOUSE RESORTS INC,999.0,300000.0,963.0,300000.0,-36.0,0.0
037612306,Not New,APOLLO GLOBAL MGMT LLC,18555.0,582222.0,17366.0,586281.0,-1189.0,4059.0
036752103,Sold Out,ANTHEM INC,9777.0,44500.0,,,,
09180C106,Sold Out,BJS RESTAURANTS INC,305.0,6800.0,,,,
21240E105,Not New,CONTROLADORA VUELA CIA DE AV,13825.0,2721403.0,21144.0,2594405.0,7319.0,-126998.0
70432V102,Not New,PAYCOM SOFTWARE INC,962.0,9730.0,3069.0,28580.0,2107.0,18850.0
74624M102,Not New,PURE STORAGE INC,1194.0,50000.0,1999.0,100200.0,805.0,50200.0
74624M102,Not New,PURE STORAGE INC,1194.0,50000.0,798.0,40000.0,-396.0,-10000.0
74624M102,Not New,PURE STORAGE INC,1194.0,50000.0,499.0,25000.0,-695.0,-25000.0
74624M102,Not New,PURE STORAGE INC,1791.0,75000.0,1999.0,100200.0,208.0,25200.0
74624M102,Not New,PURE STORAGE INC,1791.0,75000.0,798.0,40000.0,-993.0,-35000.0
74624M102,Not New,PURE STORAGE INC,1791.0,75000.0,499.0,25000.0,-1292.0,-50000.0
844741108,Sold Out,SOUTHWEST AIRLS CO,573.0,10000.0,,,,
844741108,Sold Out,SOUTHWEST AIRLS CO,859.0,15000.0,,,,
983134107,Not New,WYNN RESORTS LTD,1339.0,8000.0,1824.0,10000.0,485.0,2000.0
501797104,Sold Out,L BRANDS INC,306.0,8000.0,,,,
83304A106,New Holding,SNAP INC,,,1067.0,81500.0,,
36191G107,New Holding,GNC HLDGS INC,,,992.0,281900.0,,
36191G107,New Holding,GNC HLDGS INC,,,854.0,242500.0,,
37045V100,Not New,GENERAL MTRS CO,1576.0,40000.0,1454.0,40000.0,-122.0,0.0
552953101,Not New,MGM RESORTS INTERNATIONAL,1161.0,40000.0,1821.0,52000.0,660.0,12000.0
L8681T102,New Holding,SPOTIFY TECHNOLOGY S A,,,2989.0,17769.0,,
00507V109,Sold Out,ACTIVISION BLIZZARD INC,1687.0,25000.0,,,,
724479100,Sold Out,PITNEY BOWES INC,272.0,25000.0,,,,
81369Y803,Sold Out,SELECT SECTOR SPDR TR,2290.0,35000.0,,,,
24869P104,Sold Out,DENNYS CORP,2963.0,192000.0,,,,
79466L302,New Holding,SALESFORCE COM INC,,,2728.0,20000.0,,
783513203,Not New,RYANAIR HLDGS PLC,11114.0,97296.0,11953.0,97296.0,839.0,0.0
285512109,New Holding,ELECTRONIC ARTS INC,,,1410.0,10000.0,,
80874P109,Not New,SCIENTIFIC GAMES CORP,246.0,5000.0,1664.0,40000.0,1418.0,35000.0
09253U108,Not New,BLACKSTONE GROUP L P,24692.0,767547.0,34564.0,1081800.0,9872.0,314253.0
253393102,Not New,DICKS SPORTING GOODS INC,635.0,18000.0,631.0,18000.0,-4.0,0.0
81141R100,Sold Out,SEA LTD,4818.0,427500.0,,,,
194162103,Sold Out,COLGATE PALMOLIVE CO,1075.0,15000.0,,,,
G6095L109,Not New,APTIV PLC,1833.0,20000.0,1699.0,20000.0,-134.0,0.0
G6095L109,Not New,APTIV PLC,1833.0,20000.0,1275.0,15000.0,-558.0,-5000.0
G6095L109,Not New,APTIV PLC,1833.0,20000.0,850.0,10000.0,-983.0,-10000.0
V7780T103,Not New,ROYAL CARIBBEAN CRUISES LTD,27405.0,264530.0,34381.0,292010.0,6976.0,27480.0
V7780T103,Not New,ROYAL CARIBBEAN CRUISES LTD,27405.0,264530.0,29164.0,247700.0,1759.0,-16830.0
V7780T103,Not New,ROYAL CARIBBEAN CRUISES LTD,20585.0,198700.0,34381.0,292010.0,13796.0,93310.0
V7780T103,Not New,ROYAL CARIBBEAN CRUISES LTD,20585.0,198700.0,29164.0,247700.0,8579.0,49000.0
747525103,New Holding,QUALCOMM INC,,,1122.0,20000.0,,
30212P303,Sold Out,EXPEDIA GROUP INC,552.0,5000.0,,,,
464287457,Not New,ISHARES TR,1350.0,16187.0,1353.0,16187.0,3.0,0.0
609207105,Not New,MONDELEZ INTL INC,1640.0,40000.0,1252.0,30000.0,-388.0,-10000.0
278642103,Sold Out,EBAY INC,28856.0,717100.0,,,,
278642103,Sold Out,EBAY INC,14084.0,350000.0,,,,
02209S103,Sold Out,ALTRIA GROUP INC,623.0,10000.0,,,,
17275R102,Not New,CISCO SYS INC,2965.0,68900.0,25176.0,587000.0,22211.0,518100.0
17275R102,Not New,CISCO SYS INC,2965.0,68900.0,5576.0,130000.0,2611.0,61100.0
30303M102,Not New,FACEBOOK INC,27090.0,139410.0,31512.0,197210.0,4422.0,57800.0
060505104,Not New,BANK AMER CORP,21267.0,754400.0,2999.0,100000.0,-18268.0,-654400.0
060505104,Not New,BANK AMER CORP,21267.0,754400.0,29375.0,979500.0,8108.0,225100.0
874080104,Not New,TAL ED GROUP,272.0,7400.0,1027.0,27700.0,755.0,20300.0
60937P106,New Holding,MONGODB INC,,,248.0,5000.0,,
60937P106,New Holding,MONGODB INC,,,2482.0,50000.0,,
G66721104,Not New,NORWEGIAN CRUISE LINE HLDG L,1989.0,42100.0,23047.0,435100.0,21058.0,393000.0
023135106,Not New,AMAZON COM INC,1700.0,1000.0,724.0,500.0,-976.0,-500.0
023135106,Not New,AMAZON COM INC,1700.0,1000.0,2171.0,1500.0,471.0,500.0
023135106,Not New,AMAZON COM INC,1700.0,1000.0,724.0,500.0,-976.0,-500.0
023135106,Not New,AMAZON COM INC,1700.0,1000.0,2171.0,1500.0,471.0,500.0
67059N108,Not New,NUTANIX INC,1805.0,35000.0,737.0,15000.0,-1068.0,-20000.0
67059N108,Not New,NUTANIX INC,1805.0,35000.0,1842.0,37500.0,37.0,2500.0
02083G100,Not New,ALPINE IMMUNE SCIENCES INC,1232.0,162728.0,1302.0,162728.0,70.0,0.0
91324P102,Sold Out,UNITEDHEALTH GROUP INC,23754.0,111000.0,,,,
00846U101,Sold Out,AGILENT TECHNOLOGIES INC,19133.0,286000.0,,,,
375558103,Not New,GILEAD SCIENCES INC,2728.0,38511.0,2903.0,38511.0,175.0,0.0
381013101,Not New,GOLDEN ENTMT INC,270.0,10000.0,418.0,18000.0,148.0,8000.0
25754A201,Sold Out,DOMINOS PIZZA INC,1168.0,5000.0,,,,
25754A201,Sold Out,DOMINOS PIZZA INC,1168.0,5000.0,,,,
25754A201,Sold Out,DOMINOS PIZZA INC,1728.0,7400.0,,,,
437076102,New Holding,HOME DEPOT INC,,,1366.0,7000.0,,
81211K100,Not New,SEALED AIR CORP NEW,508.0,11963.0,512.0,11963.0,4.0,0.0
169656105,Sold Out,CHIPOTLE MEXICAN GRILL INC,6462.0,20000.0,,,,
20030N101,New Holding,COMCAST CORP NEW,,,820.0,25000.0,,
143130102,Sold Out,CARMAX INC,619.0,10000.0,,,,
73935A104,Sold Out,POWERSHARES QQQ TRUST,19472.0,121600.0,,,,
70450Y103,Not New,PAYPAL HLDGS INC,23231.0,278990.0,25174.0,331810.0,1943.0,52820.0
70450Y103,Not New,PAYPAL HLDGS INC,23231.0,278990.0,3035.0,40000.0,-20196.0,-238990.0
125581801,New Holding,CIT GROUP INC,,,1008.0,20000.0,,
94419L101,Not New,WAYFAIR INC,1009.0,8500.0,1351.0,20000.0,342.0,11500.0
89853L104,Not New,T2 BIOSYSTEMS INC,7788.0,1006175.0,13094.0,2017572.0,5306.0,1011397.0
693656100,Not New,PVH CORP,1198.0,8000.0,1211.0,8000.0,13.0,0.0
64110D104,Sold Out,NETAPP INC,1542.0,25000.0,,,,
64110D104,Sold Out,NETAPP INC,617.0,10000.0,,,,
64110D104,Sold Out,NETAPP INC,1851.0,30000.0,,,,
46266C105,Not New,IQVIA HLDGS INC,659.0,6600.0,26755.0,272700.0,26096.0,266100.0
313747206,New Holding,FEDERAL REALTY INVT TR,,,7087.0,56000.0,,
02079K107,Not New,ALPHABET INC,25438.0,22801.0,29172.0,28273.0,3734.0,5472.0
143658300,Not New,CARNIVAL CORP,421.0,7350.0,482.0,7350.0,61.0,0.0
01609W102,Not New,ALIBABA GROUP HLDG LTD,5460.0,29430.0,4644.0,25300.0,-816.0,-4130.0
698813102,Not New,PAPA JOHNS INTL INC,1522.0,30000.0,2785.0,48600.0,1263.0,18600.0
683416101,Not New,OOMA INC,13762.0,972558.0,13838.0,1269522.0,76.0,296964.0
594918104,Not New,MICROSOFT CORP,30632.0,310640.0,32961.0,361140.0,2329.0,50500.0
46625H100,Not New,JPMORGAN CHASE & CO,23472.0,225260.0,32734.0,297660.0,9262.0,72400.0
49446R109,New Holding,KIMCO RLTY CORP,,,3814.0,224500.0,,
92763W103,Sold Out,VIPSHOP HLDGS LTD,3036.0,182700.0,,,,
81762P102,Sold Out,SERVICENOW INC,22412.0,135460.0,,,,
82900L102,Sold Out,SIMPLY GOOD FOODS CO,343.0,25000.0,,,,
75737F108,New Holding,REDFIN CORP,,,2675.0,115831.0,,
410345102,Sold Out,HANESBRANDS INC,921.0,50000.0,,,,
11120U105,Not New,BRIXMOR PPTY GROUP INC,5682.0,326000.0,2288.0,150000.0,-3394.0,-176000.0
401617105,New Holding,GUESS INC,,,321.0,15000.0,,
238337109,New Holding,DAVE & BUSTERS ENTMT INC,,,8806.0,185000.0,,
36467W109,Sold Out,GAMESTOP CORP NEW,316.0,25000.0,,,,
702149105,Not New,PARTY CITY HOLDCO INC,14903.0,977257.0,18583.0,1191213.0,3680.0,213956.0
N6596X109,New Holding,NXP SEMICONDUCTORS N V,,,2459.0,22500.0,,
90184L102,Sold Out,TWITTER INC,3133.0,108000.0,,,,
03524A108,Not New,ANHEUSER BUSCH INBEV SA/NV,1209.0,12000.0,2199.0,20000.0,990.0,8000.0
28470R102,Not New,ELDORADO RESORTS INC,782.0,20000.0,1056.0,32000.0,274.0,12000.0
02079K305,Not New,ALPHABET INC,1694.0,1500.0,2847.0,2745.0,1153.0,1245.0
02079K305,Not New,ALPHABET INC,3100.0,2745.0,2847.0,2745.0,-253.0,0.0
127686103,Sold Out,CAESARS ENTMT CORP,675.0,60000.0,,,,
90384S303,Sold Out,ULTA BEAUTY INC,1103.0,5400.0,,,,
46090E103,New Holding,INVESCO QQQ TR,,,4291.0,25000.0,,
46090E103,New Holding,INVESCO QQQ TR,,,19740.0,115000.0,,
855244109,New Holding,STARBUCKS CORP,,,489.0,10000.0,,
02319V103,Sold Out,AMBEV SA,1091.0,150000.0,,,,
90138F102,New Holding,TWILIO INC,,,2241.0,40000.0,,
247361702,Not New,DELTA AIR LINES INC DEL,6112.0,123375.0,5666.0,103375.0,-446.0,-20000.0
647581107,Not New,NEW ORIENTAL ED & TECH GRP I,2868.0,30300.0,3462.0,39500.0,594.0,9200.0
025816109,Sold Out,AMERICAN EXPRESS CO,1996.0,21400.0,,,,
98138H101,Sold Out,WORKDAY INC,20490.0,161200.0,,,,
099406100,Not New,BOOT BARN HLDGS INC,4479.0,215866.0,14031.0,791355.0,9552.0,575489.0
90130A101,New Holding,TWENTY FIRST CENTY FOX INC,,,2485.0,50000.0,,
00724F101,Not New,ADOBE SYS INC,29769.0,122100.0,40403.0,186980.0,10634.0,64880.0
