CUSIP,status,NAME OF ISSUER,(x$1000)_old,PRN AMT_old,(x$1000),PRN AMT,(x$1000)_change,PRN AMT_change
535919401,Not New,LIONS GATE ENTMNT CORP,1025.0,38590.0,1097.0,40790.0,72.0,2200.0
68557N103,Sold Out,ORBITAL ATK INC,228.0,2600.0,,,,
57776J100,Not New,MAXLINEAR INC,12687.0,452306.0,10442.0,478972.0,-2245.0,26666.0
031162100,New Holding,AMGEN INC,,,328.0,2000.0,,
23332B106,Not New,DSP GROUP INC,2000.0,166666.0,1131.0,86666.0,-869.0,-80000.0
370023103,Sold Out,GENERAL GROWTH PPTYS INC NEW,337.0,13500.0,,,,
485865109,New Holding,KATE SPADE & CO,,,985.0,42400.0,,
92342Y109,Sold Out,VERIFONE SYS INC,245.0,13800.0,,,,
65251F105,Not New,NEWSTAR FINANCIAL INC,11719.0,1107683.0,10246.0,1107683.0,-1473.0,0.0
205887102,New Holding,CONAGRA BRANDS INC,,,561.0,13900.0,,
83304A106,New Holding,SNAP INC,,,37175.0,1650000.0,,
205363104,New Holding,COMPUTER SCIENCES CORP,,,262.0,3800.0,,
171340102,Sold Out,CHURCH & DWIGHT INC,327.0,7400.0,,,,
004225108,New Holding,ACADIA PHARMACEUTICALS INC,,,306.0,8900.0,,
03027X100,New Holding,AMERICAN TOWER CORP NEW,,,413.0,3400.0,,
003654100,New Holding,ABIOMED INC,,,300.0,2400.0,,
380237107,New Holding,GODADDY INC,,,493.0,13000.0,,
57665R106,Not New,MATCH GROUP INC,598.0,36600.0,257.0,15000.0,-341.0,-21600.0
37940X102,New Holding,GLOBAL PMTS INC,,,266.0,3300.0,,
892356106,New Holding,TRACTOR SUPPLY CO,,,1814.0,26300.0,,
00817Y108,Sold Out,AETNA INC NEW,3844.0,31000.0,,,,
V5633W109,Not New,MAKEMYTRIP LIMITED MAURITIUS,26620.0,769358.0,15173.0,683458.0,-11447.0,-85900.0
931142103,New Holding,WAL-MART STORES INC,,,296.0,4100.0,,
26138E109,New Holding,DR PEPPER SNAPPLE GROUP INC,,,294.0,3000.0,,
666807102,Not New,NORTHROP GRUMMAN CORP,4516.0,18988.0,1395.0,6000.0,-3121.0,-12988.0
16411R208,Sold Out,CHENIERE ENERGY INC,294.0,7100.0,,,,
172967424,New Holding,CITIGROUP INC,,,6568.0,109800.0,,
74051N102,Sold Out,PREMIER INC,395.0,13000.0,,,,
718172109,New Holding,PHILIP MORRIS INTL INC,,,5127.0,45413.0,,
780097BB6,Not New,ROYAL BK SCOTLAND GROUP PLC,13585.0,13000000.0,13293.0,13000000.0,-292.0,0.0
254067101,New Holding,DILLARDS INC,,,298.0,5700.0,,
384109104,Sold Out,GRACO INC,224.0,2700.0,,,,
45782BAA2,New Holding,INSEEGO CORP,,,46437.0,52769000.0,,
09072Q114,Not New,BIOAMBER INC,8.0,194000.0,136.0,194000.0,128.0,0.0
02209S103,Sold Out,ALTRIA GROUP INC,352.0,5200.0,,,,
071813109,Sold Out,BAXTER INTL INC,8173.0,184327.0,,,,
68389X105,Not New,ORACLE CORP,8699.0,195000.0,29568.0,769000.0,20869.0,574000.0
01449J105,Sold Out,ALERE INC,207.0,5300.0,,,,
500754106,Not New,KRAFT HEINZ CO,21407.0,235733.0,20148.0,230733.0,-1259.0,-5000.0
81369Y704,Not New,SELECT SECTOR SPDR TR,33831.0,520000.0,77775.0,1250000.0,43944.0,730000.0
G84228CX4,New Holding,STANDARD CHARTERED PLC,,,10325.0,10000000.0,,
66987MAE9,Sold Out,NOVATEL WIRELESS INC,49075.0,52769000.0,,,,
776696106,New Holding,ROPER TECHNOLOGIES INC,,,310.0,1500.0,,
040413106,New Holding,ARISTA NETWORKS INC,,,225.0,1700.0,,
848637104,New Holding,SPLUNK INC,,,255.0,4100.0,,
531229854,New Holding,LIBERTY MEDIA CORP DELAWARE,,,5257.0,153929.0,,
38141G104,Not New,GOLDMAN SACHS GROUP INC,19940.0,86800.0,14870.0,62100.0,-5070.0,-24700.0
38141G104,Not New,GOLDMAN SACHS GROUP INC,19940.0,86800.0,33284.0,139000.0,13344.0,52200.0
037833100,New Holding,APPLE INC,,,201.0,1400.0,,
174610105,Sold Out,CITIZENS FINL GROUP INC,1739.0,48800.0,,,,
260543103,New Holding,DOW CHEM CO,,,1061.0,16700.0,,
512807108,New Holding,LAM RESEARCH CORP,,,71978.0,560753.0,,
29444U700,Sold Out,EQUINIX INC,214.0,600.0,,,,
G0084W101,Sold Out,ADIENT PLC,2871.0,49000.0,,,,
91911K102,Sold Out,VALEANT PHARMACEUTICALS INTL,7260.0,500000.0,,,,
445658107,Sold Out,HUNT J B TRANS SVCS INC,359.0,3700.0,,,,
G60754101,New Holding,MICHAEL KORS HLDGS LTD,,,389.0,10200.0,,
44107P104,New Holding,HOST HOTELS & RESORTS INC,,,379.0,20300.0,,
67066G104,New Holding,NVIDIA CORP,,,305.0,2800.0,,
854502101,New Holding,STANLEY BLACK & DECKER INC,,,1076.0,8100.0,,
02079K107,Sold Out,ALPHABET INC,15591.0,20200.0,,,,
49456B101,New Holding,KINDER MORGAN INC DEL,,,10587.0,486978.0,,
49456B101,New Holding,KINDER MORGAN INC DEL,,,8696.0,400000.0,,
535919500,Sold Out,LIONS GATE ENTMNT CORP,494.0,20125.0,,,,
698813102,New Holding,PAPA JOHNS INTL INC,,,576.0,7200.0,,
594918104,Not New,MICROSOFT CORP,843.0,12800.0,249.0,4000.0,-594.0,-8800.0
12674R100,New Holding,C&J ENERGY SVCS INC NEW,,,34050.0,1000000.0,,
64051T100,New Holding,NEOPHOTONICS CORP,,,458.0,50870.0,,
125509109,Sold Out,CIGNA CORPORATION,4922.0,36902.0,,,,
531229870,New Holding,LIBERTY MEDIA CORP DELAWARE,,,13910.0,425376.0,,
761565100,Not New,REX ENERGY CORPORATION,77.0,165000.0,78.0,165000.0,1.0,0.0
03836W103,Sold Out,AQUA AMERICA INC,216.0,7200.0,,,,
21036P108,New Holding,CONSTELLATION BRANDS INC,,,583.0,3600.0,,
607525102,Not New,MODEL N INC,28894.0,2765000.0,24470.0,2765000.0,-4424.0,0.0
698354107,Sold Out,PANDORA MEDIA INC,7842.0,601400.0,,,,
45329R109,New Holding,INC RESH HLDGS INC,,,3883.0,84700.0,,
82509L107,New Holding,SHOPIFY INC,,,204.0,3000.0,,
832696405,Sold Out,SMUCKER J M CO,333.0,2600.0,,,,
464287556,Not New,ISHARES TR,440.0,1500.0,743.0,2800.0,303.0,1300.0
816851109,Sold Out,SEMPRA ENERGY,231.0,2300.0,,,,
G9618E107,Sold Out,WHITE MTNS INS GROUP LTD,251.0,300.0,,,,
L00849106,Not New,ADECOAGRO S A,102191.0,8917157.0,123700.0,11917157.0,21509.0,3000000.0
98978V103,Not New,ZOETIS INC,43145.0,808419.0,43275.0,808419.0,130.0,0.0
02079K305,New Holding,ALPHABET INC,,,1102.0,1300.0,,
94770V102,Not New,WEBMD HEALTH CORP,374.0,7100.0,431.0,8700.0,57.0,1600.0
46120E602,New Holding,INTUITIVE SURGICAL INC,,,307.0,400.0,,
824348106,Sold Out,SHERWIN WILLIAMS CO,322.0,1200.0,,,,
247361702,Sold Out,DELTA AIR LINES INC DEL,1968.0,40000.0,,,,
90385D107,New Holding,ULTIMATE SOFTWARE GROUP INC,,,312.0,1600.0,,
81763UAB6,Not New,SERVICESOURCE INTL INC,101340.0,103938000.0,44368.0,45858000.0,-56972.0,-58080000.0
52729N308,Not New,LEVEL 3 COMMUNICATIONS INC,10371.0,181250.0,5295.0,93950.0,-5076.0,-87300.0
189754104,New Holding,COACH INC,,,293.0,7100.0,,
500255104,Sold Out,KOHLS CORP,29668.0,600819.0,,,,
03748R101,Sold Out,APARTMENT INVT & MGMT CO,291.0,6400.0,,,,
23283R100,New Holding,CYRUSONE INC,,,211.0,4100.0,,
192446102,Sold Out,COGNIZANT TECHNOLOGY SOLUTIO,252.0,4500.0,,,,
25381B101,Not New,DIGIMARC CORP NEW,1800.0,66666.0,2000.0,66666.0,200.0,0.0
532457108,New Holding,LILLY ELI & CO,,,328.0,3900.0,,
64110L106,Not New,NETFLIX INC,19506.0,131966.0,18751.0,151466.0,-755.0,19500.0
64110L106,Not New,NETFLIX INC,19506.0,131966.0,15475.0,125000.0,-4031.0,-6966.0
69343T107,New Holding,PJT PARTNERS INC,,,2856.0,81400.0,,
655664100,New Holding,NORDSTROM INC,,,233.0,5000.0,,
464287655,Not New,ISHARES TR,459596.0,3343000.0,330558.0,2451300.0,-129038.0,-891700.0
844741108,Sold Out,SOUTHWEST AIRLS CO,3150.0,63200.0,,,,
46123D205,Not New,INVENSENSE INC,4807.0,380622.0,16712.0,1306666.0,11905.0,926044.0
009158106,Sold Out,AIR PRODS & CHEMS INC,201.0,1400.0,,,,
73179P106,Sold Out,POLYONE CORP,317.0,9900.0,,,,
81369Y506,Not New,SELECT SECTOR SPDR TR,2090.0,29900.0,5574.0,74000.0,3484.0,44100.0
21925YAB9,Not New,CORNERSTONE ONDEMAND INC,22024.0,21500000.0,22441.0,21500000.0,417.0,0.0
294429105,New Holding,EQUIFAX INC,,,205.0,1500.0,,
31816QAB7,Not New,FIREEYE INC,231853.0,245672000.0,206342.0,222172000.0,-25511.0,-23500000.0
90184LAB8,Not New,TWITTER INC,74055.0,78469000.0,73761.0,78469000.0,-294.0,0.0
835451105,New Holding,SONIC CORP,,,353.0,13900.0,,
747906204,Not New,QUANTUM CORP,8273.0,9508773.0,8381.0,10072566.0,108.0,563793.0
251893103,Not New,DEVRY ED GROUP INC,16752.0,472549.0,15606.0,500200.0,-1146.0,27651.0
146229109,Sold Out,CARTER INC,216.0,2500.0,,,,
05968L102,Sold Out,BANCOLOMBIA S A,1486.0,40500.0,,,,
811065101,New Holding,SCRIPPS NETWORKS INTERACT IN,,,4945.0,63100.0,,
073271108,Not New,BAZAARVOICE INC,7167.0,1666666.0,3427.0,706666.0,-3740.0,-960000.0
00847X104,New Holding,AGIOS PHARMACEUTICALS INC,,,228.0,3900.0,,
N97284108,New Holding,YANDEX N V,,,8649.0,394370.0,,
G97822103,Sold Out,PERRIGO CO PLC,449.0,5400.0,,,,
848577102,New Holding,SPIRIT AIRLS INC,,,584.0,11000.0,,
45071R109,Sold Out,IXIA,7191.0,446666.0,,,,
775711104,Sold Out,ROLLINS INC,470.0,13900.0,,,,
609207105,Not New,MONDELEZ INTL INC,53334.0,1238031.0,20393.0,460031.0,-32941.0,-778000.0
278642103,Sold Out,EBAY INC,19777.0,666130.0,,,,
17275R102,New Holding,CISCO SYS INC,,,1075.0,31800.0,,
30303M102,Not New,FACEBOOK INC,90640.0,638086.0,40691.0,353686.0,-49949.0,-284400.0
30303M102,Not New,FACEBOOK INC,90640.0,638086.0,32904.0,286000.0,-57736.0,-352086.0
300614500,Not New,EXA CORP,18013.0,1418369.0,21146.0,1376666.0,3133.0,-41703.0
413875105,New Holding,HARRIS CORP DEL,,,1068.0,9600.0,,
060505104,Sold Out,BANK AMER CORP,3956.0,179000.0,,,,
20605P101,New Holding,CONCHO RES INC,,,1476.0,11500.0,,
92532F100,New Holding,VERTEX PHARMACEUTICALS INC,,,394.0,3600.0,,
206787103,New Holding,CONDUENT INC,,,26683.0,1590174.0,,
72766Q105,New Holding,PLATFORM SPECIALTY PRODS COR,,,3217.0,247076.0,,
12768T103,Not New,CAESARS ACQUISITION CO,87858.0,5705079.0,77019.0,5705079.0,-10839.0,0.0
61174X109,Sold Out,MONSTER BEVERAGE CORP NEW,324.0,7300.0,,,,
747545101,New Holding,QUALITY CARE PPTYS INC,,,266.0,14100.0,,
37518B102,New Holding,GIGAMON INC,,,11968.0,336666.0,,
28035Q102,Not New,EDGEWELL PERS CARE CO,18557.0,253720.0,11841.0,162228.0,-6716.0,-91492.0
278865100,New Holding,ECOLAB INC,,,1065.0,8500.0,,
949090104,New Holding,WELBILT INC,,,277.0,14100.0,,
46123DAB2,Not New,INVENSENSE INC,135922.0,136863000.0,121596.0,121748000.0,-14326.0,-15115000.0
754907103,Sold Out,RAYONIER INC,253.0,9500.0,,,,
002896207,New Holding,ABERCROMBIE & FITCH CO,,,563.0,47200.0,,
12541W209,Sold Out,C H ROBINSON WORLDWIDE INC,440.0,6000.0,,,,
67020Y100,Sold Out,NUANCE COMMUNICATIONS INC,113.0,7600.0,,,,
42704L104,New Holding,HERC HLDGS INC,,,323.0,6600.0,,
225447101,Sold Out,CREE INC,243.0,9200.0,,,,
25470M109,Not New,DISH NETWORK CORP,4546.0,71602.0,4148.0,71602.0,-398.0,0.0
M2682V108,Not New,CYBERARK SOFTWARE LTD,9491.0,186565.0,12526.0,275300.0,3035.0,88735.0
60871R209,Not New,MOLSON COORS BREWING CO,2039.0,21300.0,2073.0,21300.0,34.0,0.0
806407102,Sold Out,SCHEIN HENRY INC,334.0,2200.0,,,,
761713106,Not New,REYNOLDS AMERICAN INC,36581.0,580470.0,3054.0,54500.0,-33527.0,-525970.0
530307305,Not New,LIBERTY BROADBAND CORP,683481.0,7910662.0,616468.0,8322777.0,-67013.0,412115.0
896945201,Not New,TRIPADVISOR INC,10759.0,249280.0,844.0,18206.0,-9915.0,-231074.0
17243V102,New Holding,CINEMARK HOLDINGS INC,,,310.0,7000.0,,
925550105,Not New,VIAVI SOLUTIONS INC,3995.0,372666.0,10361.0,1266666.0,6366.0,894000.0
911363109,Sold Out,UNITED RENTALS INC,36689.0,347500.0,,,,
00289Y107,Not New,ABEONA THERAPEUTICS INC,4483.0,896642.0,4349.0,896642.0,-134.0,0.0
98919V105,Sold Out,ZAYO GROUP HLDGS INC,6556.0,199500.0,,,,
151020104,Sold Out,CELGENE CORP,405.0,3500.0,,,,
966837106,Not New,WHOLE FOODS MKT INC,7531.0,253400.0,10083.0,327800.0,2552.0,74400.0
966837106,Not New,WHOLE FOODS MKT INC,7531.0,253400.0,11304.0,367500.0,3773.0,114100.0
749607107,Sold Out,RLI CORP,328.0,5200.0,,,,
31816Q101,New Holding,FIREEYE INC,,,2606.0,206666.0,,
762760106,New Holding,RICE ENERGY INC,,,1778.0,75000.0,,
88160RAC5,Not New,TESLA INC,1971.0,2000000.0,1741.0,2000000.0,-230.0,0.0
723787107,New Holding,PIONEER NAT RES CO,,,13539.0,72700.0,,
00289Y115,Not New,ABEONA THERAPEUTICS INC,733.0,250000.0,830.0,250000.0,97.0,0.0
881624209,New Holding,TEVA PHARMACEUTICAL INDS LTD,,,19254.0,600000.0,,
477143101,New Holding,JETBLUE AIRWAYS CORP,,,200.0,9700.0,,
540424108,Not New,LOEWS CORP,262.0,5600.0,258.0,5500.0,-4.0,-100.0
858119100,Sold Out,STEEL DYNAMICS INC,1685.0,47369.0,,,,
124857202,New Holding,CBS CORP NEW,,,465.0,6700.0,,
128126AB5,Not New,CALAMP CORP,72989.0,73172000.0,53759.0,55493000.0,-19230.0,-17679000.0
12572Q105,Not New,CME GROUP INC,3564.0,30000.0,3461.0,30000.0,-103.0,0.0
31816QAD3,Not New,FIREEYE INC,14410.0,16000000.0,10868.0,12000000.0,-3542.0,-4000000.0
910047109,New Holding,UNITED CONTL HLDGS INC,,,3539.0,50100.0,,
513272104,Not New,LAMB WESTON HLDGS INC,13754.0,326999.0,11082.0,292799.0,-2672.0,-34200.0
053332102,New Holding,AUTOZONE INC,,,289.0,400.0,,
316773100,Sold Out,FIFTH THIRD BANCORP,13998.0,519027.0,,,,
969457100,Not New,WILLIAMS COS INC DEL,80408.0,2717421.0,73217.0,2351221.0,-7191.0,-366200.0
36165L108,Sold Out,GDS HLDGS LTD,6546.0,761201.0,,,,
78462F103,Not New,SPDR S&P 500 ETF TR,12258.0,52000.0,11579.0,51800.0,-679.0,-200.0
78462F103,Not New,SPDR S&P 500 ETF TR,12258.0,52000.0,110200.0,493000.0,97942.0,441000.0
78462F103,Not New,SPDR S&P 500 ETF TR,304718.0,1292600.0,11579.0,51800.0,-293139.0,-1240800.0
78462F103,Not New,SPDR S&P 500 ETF TR,304718.0,1292600.0,110200.0,493000.0,-194518.0,-799600.0
67020YAK6,Not New,NUANCE COMMUNICATIONS INC,40073.0,41879000.0,30876.0,34000000.0,-9197.0,-7879000.0
826565103,Not New,SIGMA DESIGNS INC,23125.0,3700000.0,9400.0,1566666.0,-13725.0,-2133334.0
171484108,Not New,CHURCHILL DOWNS INC,61535.0,387381.0,58281.0,387381.0,-3254.0,0.0
464287234,Sold Out,ISHARES TR,63018.0,1800000.0,,,,
58155Q103,New Holding,MCKESSON CORP,,,208.0,1400.0,,
40416M105,Sold Out,HD SUPPLY HLDGS INC,701.0,16500.0,,,,
177376100,New Holding,CITRIX SYS INC,,,13759.0,165000.0,,
13100M509,New Holding,CALIX INC,,,1447.0,199600.0,,
24703L103,Not New,DELL TECHNOLOGIES INC,22120.0,345200.0,11164.0,203100.0,-10956.0,-142100.0
317923100,New Holding,FINISH LINE INC,,,169.0,11900.0,,
165167107,New Holding,CHESAPEAKE ENERGY CORP,,,191.0,32100.0,,
15189T107,New Holding,CENTERPOINT ENERGY INC,,,1072.0,38900.0,,
46284V101,New Holding,IRON MTN INC NEW,,,203.0,5700.0,,
00507V109,New Holding,ACTIVISION BLIZZARD INC,,,11642.0,233500.0,,
46612JAF8,Not New,JDS UNIPHASE CORP,163442.0,146257000.0,257879.0,248259000.0,94437.0,102002000.0
57636Q104,New Holding,MASTERCARD INCORPORATED,,,1068.0,9500.0,,
81369Y886,New Holding,SELECT SECTOR SPDR TR,,,5772.0,112500.0,,
N47279109,New Holding,INTERXION HOLDING N.V,,,13846.0,350000.0,,
57772K101,New Holding,MAXIM INTEGRATED PRODS INC,,,247.0,5500.0,,
79466L302,New Holding,SALESFORCE COM INC,,,256.0,3100.0,,
928563402,Not New,VMWARE INC,18695.0,202900.0,3700.0,47000.0,-14995.0,-155900.0
78377T107,New Holding,RYMAN HOSPITALITY PPTYS INC,,,686.0,11100.0,,
459200101,New Holding,INTERNATIONAL BUSINESS MACHS,,,1080.0,6200.0,,
963320106,Not New,WHIRLPOOL CORP,7059.0,41200.0,10670.0,58700.0,3611.0,17500.0
38500P208,New Holding,GRANA Y MONTERO S A A,,,2278.0,727932.0,,
92826C839,New Holding,VISA INC,,,1271.0,14300.0,,
717081103,New Holding,PFIZER INC,,,1067.0,31200.0,,
02314M108,New Holding,AMAYA INC,,,7650.0,450000.0,,
871503108,Not New,SYMANTEC CORP,36795.0,1199328.0,10284.0,430472.0,-26511.0,-768856.0
902973304,New Holding,US BANCORP DEL,,,1061.0,20600.0,,
151290889,Sold Out,CEMEX SAB DE CV,4754.0,592000.0,,,,
291011104,New Holding,EMERSON ELEC CO,,,275.0,4600.0,,
018772301,Not New,ALLIANCE ONE INTL INC,464.0,36099.0,693.0,36099.0,229.0,0.0
74346YAB9,Not New,PROS HOLDINGS INC,87555.0,86102000.0,84918.0,86102000.0,-2637.0,0.0
090572207,Sold Out,BIO RAD LABS INC,401.0,2200.0,,,,
562750109,Sold Out,MANHATTAN ASSOCS INC,329.0,6200.0,,,,
81369Y605,Sold Out,SELECT SECTOR SPDR TR,72656.0,3125000.0,,,,
30226D106,Sold Out,EXTREME NETWORKS INC,4862.0,966666.0,,,,
067383109,Sold Out,BARD C R INC,202.0,900.0,,,,
580135101,New Holding,MCDONALDS CORP,,,259.0,2000.0,,
127097103,New Holding,CABOT OIL & GAS CORP,,,3101.0,129700.0,,
252131107,Not New,DEXCOM INC,237.0,2800.0,316.0,5300.0,79.0,2500.0
052769106,New Holding,AUTODESK INC,,,536.0,6200.0,,
879273209,New Holding,TELECOM ARGENTINA S A,,,5180.0,233442.0,,
254687106,New Holding,DISNEY WALT CO,,,408.0,3600.0,,
464286400,New Holding,ISHARES,,,13392.0,357500.0,,
94419L101,Not New,WAYFAIR INC,7653.0,189000.0,4749.0,135500.0,-2904.0,-53500.0
04010L103,New Holding,ARES CAP CORP,,,289.0,16600.0,,
G0176J109,New Holding,ALLEGION PUB LTD CO,,,318.0,4200.0,,
61166W101,New Holding,MONSANTO CO NEW,,,4907.0,43344.0,,
84763R101,Sold Out,SPECTRUM BRANDS HLDGS INC,224.0,1834.0,,,,
94733AAA2,New Holding,WEB COM GROUP INC,,,14112.0,14437000.0,,
12650T104,Sold Out,CSRA INC,261.0,8200.0,,,,
101388AA4,Sold Out,BOTTOMLINE TECH DEL INC,10042.0,9720000.0,,,,
32051X108,Sold Out,FIRST HAWAIIAN INC,18443.0,529671.0,,,,
01609W102,New Holding,ALIBABA GROUP HLDG LTD,,,11559.0,107200.0,,
517834107,New Holding,LAS VEGAS SANDS CORP,,,285.0,5000.0,,
459506101,New Holding,INTERNATIONAL FLAVORS&FRAGRA,,,305.0,2300.0,,
01988P108,Sold Out,ALLSCRIPTS HEALTHCARE SOLUTN,397.0,38900.0,,,,
302445101,New Holding,FLIR SYS INC,,,272.0,7500.0,,
893641100,New Holding,TRANSDIGM GROUP INC,,,308.0,1400.0,,
55354G100,New Holding,MSCI INC,,,272.0,2800.0,,
78409V104,New Holding,S&P GLOBAL INC,,,275.0,2100.0,,
002824100,Sold Out,ABBOTT LABS,8803.0,229181.0,,,,
512816109,Sold Out,LAMAR ADVERTISING CO NEW,22189.0,330000.0,,,,
G51502105,New Holding,JOHNSON CTLS INTL PLC,,,312.0,7400.0,,
741503403,New Holding,PRICELINE GRP INC,,,356.0,200.0,,
78410G104,New Holding,SBA COMMUNICATIONS CORP NEW,,,29214.0,242700.0,,
093671105,Sold Out,BLOCK H & R INC,1761.0,76600.0,,,,
42824C109,Not New,HEWLETT PACKARD ENTERPRISE C,75864.0,3201009.0,24719.0,1068241.0,-51145.0,-2132768.0
Y2685T131,Not New,GENCO SHIPPING & TRADING LTD,935.0,74783.0,552.0,74783.0,-383.0,0.0
N6596X109,Not New,NXP SEMICONDUCTORS N V,33482.0,323500.0,17681.0,180400.0,-15801.0,-143100.0
872590104,Not New,T MOBILE US INC,31197.0,483000.0,39435.0,685700.0,8238.0,202700.0
872590104,Not New,T MOBILE US INC,6414.0,99300.0,39435.0,685700.0,33021.0,586400.0
49309J103,Not New,KEY ENERGY SVCS INC DEL,28989.0,1248468.0,59133.0,1850790.0,30144.0,602322.0
127686103,Not New,CAESARS ENTMT CORP,28234.0,2956417.0,25130.0,2956417.0,-3104.0,0.0
874054109,New Holding,TAKE-TWO INTERACTIVE SOFTWAR,,,27270.0,460100.0,,
G0177J108,Sold Out,ALLERGAN PLC,16199.0,77135.0,,,,
M51363113,Not New,MELLANOX TECHNOLOGIES LTD,3397.0,66666.0,5999.0,146666.0,2602.0,80000.0
G84228CQ9,Not New,STANDARD CHARTERED PLC,10355.0,10000000.0,10000.0,10000000.0,-355.0,0.0
697660207,New Holding,PAMPA ENERGIA S A,,,1374.0,25338.0,,
277461406,Not New,EASTMAN KODAK CO,277.0,24123.0,374.0,24123.0,97.0,0.0
00724F101,New Holding,ADOBE SYS INC,,,729.0,5600.0,,
G81276100,New Holding,SIGNET JEWELERS LIMITED,,,256.0,3700.0,,
G01767105,Sold Out,ALKERMES PLC,400.0,7200.0,,,,
20854P109,New Holding,CONSOL ENERGY INC,,,188.0,11200.0,,
29786A106,New Holding,ETSY INC,,,510.0,48000.0,,
515098101,Sold Out,LANDSTAR SYS INC,674.0,7900.0,,,,
67020YAF7,Not New,NUANCE COMMUNICATIONS INC,191805.0,190259000.0,192043.0,190259000.0,238.0,0.0
21240E105,New Holding,CONTROLADORA VUELA CIA DE AV,,,3527.0,253000.0,,
438516106,New Holding,HONEYWELL INTL INC,,,275.0,2200.0,,
134429109,Sold Out,CAMPBELL SOUP CO,351.0,5800.0,,,,
983134107,New Holding,WYNN RESORTS LTD,,,401.0,3500.0,,
02553E106,New Holding,AMERICAN EAGLE OUTFITTERS NE,,,556.0,39600.0,,
16119P108,Not New,CHARTER COMMUNICATIONS INC N,2578.0,7875.0,2342.0,8135.0,-236.0,260.0
81763U100,Not New,SERVICESOURCE INTL INC,3873.0,998125.0,2480.0,436666.0,-1393.0,-561459.0
790849103,Sold Out,ST JUDE MED INC,4201.0,52386.0,,,,
88870P106,Not New,TIVO CORP,80000.0,4266666.0,81328.0,3891279.0,1328.0,-375387.0
248019101,New Holding,DELUXE CORP,,,3184.0,44124.0,,
78464A730,Not New,SPDR SERIES TRUST,28080.0,750000.0,13669.0,330000.0,-14411.0,-420000.0
126804301,New Holding,CABELAS INC,,,510.0,9600.0,,
00508Y102,Sold Out,ACUITY BRANDS INC,208.0,900.0,,,,
32008D106,Sold Out,FIRST DATA CORP NEW,247.0,17400.0,,,,
595137100,Sold Out,MICROSEMI CORP,3598.0,66666.0,,,,
29265N108,New Holding,ENERGEN CORP,,,3549.0,65200.0,,
78112V102,New Holding,RUBICON PROJ INC,,,1182.0,200666.0,,
315616102,New Holding,F5 NETWORKS INC,,,385.0,2700.0,,
85207U105,New Holding,SPRINT CORP,,,222.0,25600.0,,
427866108,Sold Out,HERSHEY CO,352.0,3400.0,,,,
02376R102,Not New,AMERICAN AIRLS GROUP INC,4947.0,116950.0,971.0,20800.0,-3976.0,-96150.0
194162103,Sold Out,COLGATE PALMOLIVE CO,484.0,7400.0,,,,
40414L109,New Holding,HCP INC,,,200.0,6400.0,,
44919P508,New Holding,IAC INTERACTIVECORP,,,663.0,9000.0,,
75605Y106,Sold Out,REALOGY HLDGS CORP,1629.0,63300.0,,,,
45167R104,New Holding,IDEX CORP,,,271.0,2900.0,,
378973408,Not New,GLOBALSTAR INC,800.0,500000.0,790.0,500000.0,-10.0,0.0
G9019D104,Sold Out,TRAVELPORT WORLDWIDE LTD,33840.0,2400000.0,,,,
37518Q109,Sold Out,GIGPEAK INC,4901.0,1944647.0,,,,
876568502,Sold Out,TATA MTRS LTD,2579.0,75000.0,,,,
166764100,New Holding,CHEVRON CORP NEW,,,1063.0,9900.0,,
N51488117,New Holding,MOBILEYE N V AMSTELVEEN,,,4022.0,65500.0,,
366651107,Sold Out,GARTNER INC,576.0,5700.0,,,,
023135106,Sold Out,AMAZON COM INC,21071.0,28100.0,,,,
579780206,New Holding,MCCORMICK & CO INC,,,273.0,2800.0,,
882681109,New Holding,TEXAS ROADHOUSE INC,,,218.0,4900.0,,
81761R109,Sold Out,SERVICEMASTER GLOBAL HLDGS I,4449.0,118100.0,,,,
40054A108,Not New,GRUPO SUPERVIELLE S A,28414.0,1671384.0,26310.0,2002295.0,-2104.0,330911.0
98212B103,New Holding,WPX ENERGY INC,,,198.0,14800.0,,
13057Q206,Not New,CALIFORNIA RES CORP,30080.0,2000000.0,42580.0,2000000.0,12500.0,0.0
452327109,New Holding,ILLUMINA INC,,,239.0,1402.0,,
88033G407,Not New,TENET HEALTHCARE CORP,326.0,18400.0,200.0,13500.0,-126.0,-4900.0
058498106,New Holding,BALL CORP,,,304.0,4100.0,,
277461141,Not New,EASTMAN KODAK CO,8.0,8383.0,24.0,8383.0,16.0,0.0
G7S00T104,New Holding,PENTAIR PLC,,,333.0,5300.0,,
756109104,Sold Out,REALTY INCOME CORP,230.0,4000.0,,,,
779376AD4,Not New,ROVI CORP,158897.0,160807000.0,86312.0,84310000.0,-72585.0,-76497000.0
881569107,New Holding,TESARO INC,,,262.0,1700.0,,
852234103,Sold Out,SQUARE INC,267.0,19600.0,,,,
670346105,Sold Out,NUCOR CORP,8670.0,145662.0,,,,
70450Y103,Not New,PAYPAL HLDGS INC,35088.0,815613.0,31869.0,807413.0,-3219.0,-8200.0
32054K103,New Holding,FIRST INDUSTRIAL REALTY TRUS,,,218.0,8200.0,,
693475105,Sold Out,PNC FINL SVCS GROUP INC,16593.0,141871.0,,,,
88160RAD3,New Holding,TESLA INC,,,2617.0,2500000.0,,
527288104,Sold Out,LEUCADIA NATL CORP,1481.0,63700.0,,,,
302046107,Not New,EXFO INC,6474.0,1245074.0,5780.0,1313666.0,-694.0,68592.0
00938A104,Not New,AIRGAIN INC,4801.0,316666.0,2400.0,166666.0,-2401.0,-150000.0
582839106,Not New,MEAD JOHNSON NUTRITION CO,18328.0,205750.0,11003.0,155500.0,-7325.0,-50250.0
87160A100,New Holding,SYNGENTA AG,,,8083.0,91334.0,,
384802104,Sold Out,GRAINGER W W INC,232.0,1000.0,,,,
16965P103,Sold Out,CHIPMOS TECHNOLOGIES INC,18122.0,1284367.0,,,,
119848109,New Holding,BUFFALO WILD WINGS INC,,,794.0,5200.0,,
225310101,Not New,CREDIT ACCEP CORP MICH,9273.0,46500.0,10114.0,46500.0,841.0,0.0
887317303,Not New,TIME WARNER INC,45604.0,466727.0,41894.0,434000.0,-3710.0,-32727.0
053015103,Sold Out,AUTOMATIC DATA PROCESSING IN,504.0,4900.0,,,,
382550101,New Holding,GOODYEAR TIRE & RUBR CO,,,1674.0,46500.0,,
501044101,Sold Out,KROGER CO,487.0,14100.0,,,,
42703MAB9,New Holding,HERBALIFE LTD,,,297.0,5100.0,,
G6564A105,Not New,NOMAD HLDGS LTD,15238.0,1330789.0,1975.0,206356.0,-13263.0,-1124433.0
29978A104,Sold Out,EVERBRIDGE INC,492.0,26666.0,,,,
20337X109,New Holding,COMMSCOPE HLDG CO INC,,,7925.0,190000.0,,
87165B103,Sold Out,SYNCHRONY FINL,3518.0,97000.0,,,,
12503M108,New Holding,CBOE HLDGS INC,,,227.0,2800.0,,
88160R101,New Holding,TESLA INC,,,111.0,400.0,,
482480100,Sold Out,KLA-TENCOR CORP,260.0,3300.0,,,,
462222100,Sold Out,IONIS PHARMACEUTICALS INC,206.0,4300.0,,,,
300645108,Sold Out,EXAR CORP,3306.0,306666.0,,,,
M0854Q105,Not New,ALLOT COMMUNICATIONS LTD,16216.0,3406666.0,15932.0,3326166.0,-284.0,-80500.0
78486Q101,New Holding,SVB FINL GROUP,,,279.0,1500.0,,
19239V302,New Holding,COGENT COMMUNICATIONS HLDGS,,,629.0,14600.0,,
34959E109,Sold Out,FORTINET INC,3815.0,126666.0,,,,
64829B100,New Holding,NEW RELIC INC,,,493.0,13300.0,,
90184L102,New Holding,TWITTER INC,,,443.0,29600.0,,
156782104,New Holding,CERNER CORP,,,224.0,3800.0,,
172755100,New Holding,CIRRUS LOGIC INC,,,225.0,3700.0,,
20825C104,New Holding,CONOCOPHILLIPS,,,20073.0,402500.0,,
90347A100,Not New,UBIQUITI NETWORKS INC,2337.0,46499.0,9706.0,167926.0,7369.0,121427.0
770323103,Sold Out,ROBERT HALF INTL INC,693.0,14200.0,,,,
277461133,Not New,EASTMAN KODAK CO,12.0,8383.0,33.0,8383.0,21.0,0.0
