CUSIP,status,NAME OF ISSUER,(x$1000)_old,PRN AMT_old,(x$1000),PRN AMT,(x$1000)_change,PRN AMT_change
535919401,New Holding,LIONS GATE ENTMNT CORP,,,1097.0,40790.0,,
87612G101,Sold Out,TARGA RES CORP,758.0,15433.0,,,,
68557N103,New Holding,ORBITAL ATK INC,,,228.0,2600.0,,
57776J100,New Holding,MAXLINEAR INC,,,10442.0,478972.0,,
031162100,Sold Out,AMGEN INC,585.0,3506.0,,,,
23332B106,Not New,DSP GROUP INC,1131.0,86666.0,1255.0,104459.0,124.0,17793.0
370023103,New Holding,GENERAL GROWTH PPTYS INC NEW,,,337.0,13500.0,,
92342Y109,New Holding,VERIFONE SYS INC,,,245.0,13800.0,,
65251F105,New Holding,NEWSTAR FINANCIAL INC,,,10246.0,1107683.0,,
12621E103,Sold Out,CNO FINL GROUP INC,347.0,22700.0,,,,
53578A108,Sold Out,LINKEDIN CORP,6962.0,36426.0,,,,
205363104,Sold Out,COMPUTER SCIENCES CORP,371.0,7100.0,,,,
171340102,New Holding,CHURCH & DWIGHT INC,,,327.0,7400.0,,
004225108,Sold Out,ACADIA PHARMACEUTICALS INC,561.0,17645.0,,,,
552953101,Sold Out,MGM RESORTS INTERNATIONAL,72103.0,2770000.0,,,,
57665R106,New Holding,MATCH GROUP INC,,,257.0,15000.0,,
64125C109,Sold Out,NEUROCRINE BIOSCIENCES INC,573.0,11322.0,,,,
M15342104,Sold Out,AUDIOCODES LTD,570.0,106666.0,,,,
126650100,Sold Out,CVS HEALTH CORP,61359.0,689500.0,,,,
53071M880,Sold Out,LIBERTY INTERACTIVE CORP,474.0,11879.0,,,,
00817Y108,New Holding,AETNA INC NEW,,,3844.0,31000.0,,
G5480U138,Sold Out,LIBERTY GLOBAL PLC,3675.0,133200.0,,,,
V5633W109,Not New,MAKEMYTRIP LIMITED MAURITIUS,15173.0,683458.0,12608.0,534258.0,-2565.0,-149200.0
16411R208,New Holding,CHENIERE ENERGY INC,,,294.0,7100.0,,
666807102,New Holding,NORTHROP GRUMMAN CORP,,,1395.0,6000.0,,
74051N102,New Holding,PREMIER INC,,,395.0,13000.0,,
256746108,Sold Out,DOLLAR TREE INC,521.0,6600.0,,,,
718172109,Sold Out,PHILIP MORRIS INTL INC,1099.0,11305.0,,,,
780097BB6,Not New,ROYAL BK SCOTLAND GROUP PLC,13293.0,13000000.0,10794.0,11000000.0,-2499.0,-2000000.0
596278101,Sold Out,MIDDLEBY CORP,236.0,1912.0,,,,
384109104,New Holding,GRACO INC,,,224.0,2700.0,,
31680Q104,Sold Out,58 COM INC,22338.0,468698.0,,,,
09072Q114,Not New,BIOAMBER INC,136.0,194000.0,92.0,194000.0,-44.0,0.0
02209S103,New Holding,ALTRIA GROUP INC,,,352.0,5200.0,,
071813109,Not New,BAXTER INTL INC,8173.0,184327.0,12106.0,254327.0,3933.0,70000.0
G27823106,Sold Out,DELPHI AUTOMOTIVE PLC,276.0,3869.0,,,,
68389X105,New Holding,ORACLE CORP,,,29568.0,769000.0,,
01449J105,New Holding,ALERE INC,,,207.0,5300.0,,
500754106,Not New,KRAFT HEINZ CO,20148.0,230733.0,21100.0,235733.0,952.0,5000.0
81369Y704,New Holding,SELECT SECTOR SPDR TR,,,77775.0,1250000.0,,
92763A309,Sold Out,VIOLIN MEMORY INC,76.0,104166.0,,,,
03835C108,Sold Out,APPTIO INC,651.0,30000.0,,,,
66987MAE9,Not New,NOVATEL WIRELESS INC,49075.0,52769000.0,51493.0,51269000.0,2418.0,-1500000.0
518439104,Sold Out,LAUDER ESTEE COS INC,337.0,3800.0,,,,
848637104,Sold Out,SPLUNK INC,5041.0,85900.0,,,,
812578102,Sold Out,SEATTLE GENETICS INC,235.0,4347.0,,,,
38141G104,New Holding,GOLDMAN SACHS GROUP INC,,,14870.0,62100.0,,
38141G104,New Holding,GOLDMAN SACHS GROUP INC,,,33284.0,139000.0,,
174610105,Not New,CITIZENS FINL GROUP INC,1739.0,48800.0,1248.0,50500.0,-491.0,1700.0
09062X103,Sold Out,BIOGEN INC,624.0,1994.0,,,,
29444U700,New Holding,EQUINIX INC,,,214.0,600.0,,
833034101,Sold Out,SNAP ON INC,425.0,2800.0,,,,
G0084W101,New Holding,ADIENT PLC,,,2871.0,49000.0,,
91911K102,New Holding,VALEANT PHARMACEUTICALS INTL,,,7260.0,500000.0,,
405217100,Sold Out,HAIN CELESTIAL GROUP INC,256.0,7200.0,,,,
464287184,Sold Out,ISHARES TR,24063.0,633059.0,,,,
445658107,New Holding,HUNT J B TRANS SVCS INC,,,359.0,3700.0,,
399909100,Sold Out,GRUPO FINANCIERO GALICIA S A,2178.0,70000.0,,,,
71654V101,Sold Out,PETROLEO BRASILEIRO SA PETRO,8206.0,987439.0,,,,
67066G104,Sold Out,NVIDIA CORP,5538.0,80819.0,,,,
02079K107,Not New,ALPHABET INC,15591.0,20200.0,9872.0,12700.0,-5719.0,-7500.0
535919500,New Holding,LIONS GATE ENTMNT CORP,,,494.0,20125.0,,
892000209,Sold Out,TOWERSTREAM CORP,29.0,21590.0,,,,
594918104,New Holding,MICROSOFT CORP,,,249.0,4000.0,,
09531U102,Sold Out,BLUE BUFFALO PET PRODS INC,2135.0,89865.0,,,,
125509109,Not New,CIGNA CORPORATION,4922.0,36902.0,1694.0,13000.0,-3228.0,-23902.0
966244105,Sold Out,WHITEWAVE FOODS CO,931.0,17100.0,,,,
761565100,Not New,REX ENERGY CORPORATION,78.0,165000.0,96.0,165000.0,18.0,0.0
03836W103,New Holding,AQUA AMERICA INC,,,216.0,7200.0,,
45845P108,Sold Out,INTERCEPT PHARMACEUTICALS IN,596.0,3623.0,,,,
607525102,Not New,MODEL N INC,24470.0,2765000.0,29997.0,2700000.0,5527.0,-65000.0
698354107,New Holding,PANDORA MEDIA INC,,,7842.0,601400.0,,
832696405,New Holding,SMUCKER J M CO,,,333.0,2600.0,,
464287556,Not New,ISHARES TR,743.0,2800.0,225.0,777.0,-518.0,-2023.0
85571Q102,Sold Out,STARZ,276.0,8865.0,,,,
42806J106,Sold Out,HERTZ GLOBAL HLDGS INC,610.0,15200.0,,,,
816851109,New Holding,SEMPRA ENERGY,,,231.0,2300.0,,
G9618E107,New Holding,WHITE MTNS INS GROUP LTD,,,251.0,300.0,,
L00849106,Not New,ADECOAGRO S A,123700.0,11917157.0,135975.0,11917157.0,12275.0,0.0
98978V103,Not New,ZOETIS INC,43275.0,808419.0,43253.0,831619.0,-22.0,23200.0
94770V102,New Holding,WEBMD HEALTH CORP,,,431.0,8700.0,,
824348106,New Holding,SHERWIN WILLIAMS CO,,,322.0,1200.0,,
247361702,New Holding,DELTA AIR LINES INC DEL,,,1968.0,40000.0,,
72348P104,Sold Out,PINNACLE FOODS INC DEL,1116.0,22241.0,,,,
G2110R114,Sold Out,CHIPMOS TECH BERMUDA LTD,27184.0,1372921.0,,,,
81763UAB6,Not New,SERVICESOURCE INTL INC,44368.0,45858000.0,37499.0,38584000.0,-6869.0,-7274000.0
52729N308,Not New,LEVEL 3 COMMUNICATIONS INC,5295.0,93950.0,3618.0,78000.0,-1677.0,-15950.0
500255104,New Holding,KOHLS CORP,,,29668.0,600819.0,,
03748R101,New Holding,APARTMENT INVT & MGMT CO,,,291.0,6400.0,,
192446102,New Holding,COGNIZANT TECHNOLOGY SOLUTIO,,,252.0,4500.0,,
25381B101,Not New,DIGIMARC CORP NEW,2000.0,66666.0,2557.0,66666.0,557.0,0.0
64110L106,Not New,NETFLIX INC,18751.0,151466.0,13518.0,137166.0,-5233.0,-14300.0
64110L106,Not New,NETFLIX INC,18751.0,151466.0,46910.0,476000.0,28159.0,324534.0
64110L106,Not New,NETFLIX INC,15475.0,125000.0,13518.0,137166.0,-1957.0,12166.0
64110L106,Not New,NETFLIX INC,15475.0,125000.0,46910.0,476000.0,31435.0,351000.0
655664100,Sold Out,NORDSTROM INC,486.0,9371.0,,,,
464287655,New Holding,ISHARES TR,,,330558.0,2451300.0,,
844741108,New Holding,SOUTHWEST AIRLS CO,,,3150.0,63200.0,,
46123D205,New Holding,INVENSENSE INC,,,16712.0,1306666.0,,
009158106,New Holding,AIR PRODS & CHEMS INC,,,201.0,1400.0,,
73179P106,New Holding,POLYONE CORP,,,317.0,9900.0,,
81369Y506,Not New,SELECT SECTOR SPDR TR,5574.0,74000.0,290.0,4100.0,-5284.0,-69900.0
21925YAB9,New Holding,CORNERSTONE ONDEMAND INC,,,22441.0,21500000.0,,
31816QAB7,Not New,FIREEYE INC,206342.0,222172000.0,197715.0,213602000.0,-8627.0,-8570000.0
265504100,Sold Out,DUNKIN BRANDS GROUP INC,292.0,5615.0,,,,
90184LAB8,Not New,TWITTER INC,73761.0,78469000.0,73793.0,76469000.0,32.0,-2000000.0
92047W101,Sold Out,VALVOLINE INC,4275.0,182000.0,,,,
038336103,Sold Out,APTARGROUP INC,457.0,5900.0,,,,
146229109,New Holding,CARTER INC,,,216.0,2500.0,,
251893103,New Holding,DEVRY ED GROUP INC,,,15606.0,500200.0,,
747906204,Not New,QUANTUM CORP,8381.0,10072566.0,8785.0,11932860.0,404.0,1860294.0
05968L102,New Holding,BANCOLOMBIA S A,,,1486.0,40500.0,,
96208T104,Sold Out,WEX INC,239.0,2213.0,,,,
90333L201,Sold Out,U S CONCRETE INC,1672.0,36300.0,,,,
073271108,Not New,BAZAARVOICE INC,3427.0,706666.0,3940.0,666666.0,513.0,-40000.0
G97822103,New Holding,PERRIGO CO PLC,,,449.0,5400.0,,
229663109,Sold Out,CUBESMART,445.0,16312.0,,,,
848577102,Sold Out,SPIRIT AIRLS INC,1910.0,44900.0,,,,
45071R109,Not New,IXIA,7191.0,446666.0,8640.0,691206.0,1449.0,244540.0
775711104,New Holding,ROLLINS INC,,,470.0,13900.0,,
609207105,Not New,MONDELEZ INTL INC,20393.0,460031.0,13610.0,310031.0,-6783.0,-150000.0
464286822,Sold Out,ISHARES,9100.0,187700.0,,,,
278642103,Not New,EBAY INC,19777.0,666130.0,27052.0,822251.0,7275.0,156121.0
30303M102,New Holding,FACEBOOK INC,,,40691.0,353686.0,,
30303M102,New Holding,FACEBOOK INC,,,32904.0,286000.0,,
300614500,Not New,EXA CORP,21146.0,1376666.0,16796.0,1046495.0,-4350.0,-330171.0
060505104,Not New,BANK AMER CORP,3956.0,179000.0,21480.0,1372500.0,17524.0,1193500.0
12768T103,Not New,CAESARS ACQUISITION CO,77019.0,5705079.0,80855.0,6510083.0,3836.0,805004.0
61174X109,New Holding,MONSTER BEVERAGE CORP NEW,,,324.0,7300.0,,
00782L107,Sold Out,ADVANCEPIERRE FOODS HLDGS IN,2618.0,95000.0,,,,
28035Q102,Not New,EDGEWELL PERS CARE CO,11841.0,162228.0,12900.0,162228.0,1059.0,0.0
169905106,Sold Out,CHOICE HOTELS INTL INC,260.0,5760.0,,,,
46123DAB2,Not New,INVENSENSE INC,121596.0,121748000.0,115055.0,120240000.0,-6541.0,-1508000.0
25278X109,Sold Out,DIAMONDBACK ENERGY INC,259.0,2680.0,,,,
754907103,New Holding,RAYONIER INC,,,253.0,9500.0,,
98954M200,Sold Out,ZILLOW GROUP INC,228.0,6582.0,,,,
85208M102,Sold Out,SPROUTS FMRS MKT INC,1097.0,53100.0,,,,
931427108,Sold Out,WALGREENS BOOTS ALLIANCE INC,2060.0,25558.0,,,,
143130102,Sold Out,CARMAX INC,424.0,7945.0,,,,
12541W209,New Holding,C H ROBINSON WORLDWIDE INC,,,440.0,6000.0,,
67020Y100,New Holding,NUANCE COMMUNICATIONS INC,,,113.0,7600.0,,
225447101,New Holding,CREE INC,,,243.0,9200.0,,
25470M109,Not New,DISH NETWORK CORP,4148.0,71602.0,5568.0,101644.0,1420.0,30042.0
75886F107,Sold Out,REGENERON PHARMACEUTICALS,555.0,1381.0,,,,
M2682V108,Not New,CYBERARK SOFTWARE LTD,12526.0,275300.0,13835.0,279100.0,1309.0,3800.0
60871R209,New Holding,MOLSON COORS BREWING CO,,,2073.0,21300.0,,
806407102,New Holding,SCHEIN HENRY INC,,,334.0,2200.0,,
761713106,New Holding,REYNOLDS AMERICAN INC,,,3054.0,54500.0,,
530307305,Not New,LIBERTY BROADBAND CORP,616468.0,8322777.0,636078.0,8898688.0,19610.0,575911.0
896945201,New Holding,TRIPADVISOR INC,,,844.0,18206.0,,
925550105,Not New,VIAVI SOLUTIONS INC,10361.0,1266666.0,11208.0,1516666.0,847.0,250000.0
911363109,New Holding,UNITED RENTALS INC,,,36689.0,347500.0,,
00289Y107,Not New,ABEONA THERAPEUTICS INC,4349.0,896642.0,8773.0,1462122.0,4424.0,565480.0
98919V105,Not New,ZAYO GROUP HLDGS INC,6556.0,199500.0,9226.0,310538.0,2670.0,111038.0
151020104,New Holding,CELGENE CORP,,,405.0,3500.0,,
09061G101,Sold Out,BIOMARIN PHARMACEUTICAL INC,531.0,5734.0,,,,
966837106,New Holding,WHOLE FOODS MKT INC,,,10083.0,327800.0,,
966837106,New Holding,WHOLE FOODS MKT INC,,,11304.0,367500.0,,
749607107,New Holding,RLI CORP,,,328.0,5200.0,,
762760106,Sold Out,RICE ENERGY INC,4099.0,157000.0,,,,
88160RAC5,Not New,TESLA MTRS INC,1741.0,2000000.0,1720.0,2000000.0,-21.0,0.0
444859102,Sold Out,HUMANA INC,14629.0,82700.0,,,,
00289Y115,Not New,ABEONA THERAPEUTICS INC,830.0,250000.0,813.0,250000.0,-17.0,0.0
278265103,Sold Out,EATON VANCE CORP,222.0,5678.0,,,,
540424108,New Holding,LOEWS CORP,,,258.0,5500.0,,
858119100,Not New,STEEL DYNAMICS INC,1685.0,47369.0,425.0,16996.0,-1260.0,-30373.0
92719A106,Sold Out,VIMPELCOM LTD,1814.0,521334.0,,,,
92719A106,Sold Out,VIMPELCOM LTD,1844.0,530000.0,,,,
128126AB5,New Holding,CALAMP CORP,,,53759.0,55493000.0,,
12572Q105,New Holding,CME GROUP INC,,,3461.0,30000.0,,
31816QAD3,Not New,FIREEYE INC,10868.0,12000000.0,10995.0,12000000.0,127.0,0.0
910047109,Sold Out,UNITED CONTL HLDGS INC,1495.0,28500.0,,,,
742718109,Sold Out,PROCTER AND GAMBLE CO,1165.0,12985.0,,,,
513272104,New Holding,LAMB WESTON HLDGS INC,,,11082.0,292799.0,,
316773100,New Holding,FIFTH THIRD BANCORP,,,13998.0,519027.0,,
36165L108,New Holding,GDS HLDGS LTD,,,6546.0,761201.0,,
969457100,Not New,WILLIAMS COS INC DEL,73217.0,2351221.0,97455.0,3171321.0,24238.0,820100.0
78462F103,Not New,SPDR S&P 500 ETF TR,11579.0,51800.0,6922.0,32000.0,-4657.0,-19800.0
78462F103,Not New,SPDR S&P 500 ETF TR,11579.0,51800.0,146003.0,675000.0,134424.0,623200.0
78462F103,Not New,SPDR S&P 500 ETF TR,110200.0,493000.0,6922.0,32000.0,-103278.0,-461000.0
78462F103,Not New,SPDR S&P 500 ETF TR,110200.0,493000.0,146003.0,675000.0,35803.0,182000.0
67020YAK6,New Holding,NUANCE COMMUNICATIONS INC,,,30876.0,34000000.0,,
826565103,Not New,SIGMA DESIGNS INC,9400.0,1566666.0,9170.0,1177114.0,-230.0,-389552.0
171484108,Not New,CHURCHILL DOWNS INC,58281.0,387381.0,56693.0,387381.0,-1588.0,0.0
464287234,Not New,ISHARES TR,63018.0,1800000.0,91902.0,2453990.0,28884.0,653990.0
40416M105,New Holding,HD SUPPLY HLDGS INC,,,701.0,16500.0,,
13100M509,Sold Out,CALIX INC,1734.0,235936.0,,,,
24703L103,Not New,DELL TECHNOLOGIES INC,11164.0,203100.0,3093.0,64700.0,-8071.0,-138400.0
53578AAB4,Sold Out,LINKEDIN CORP,37834.0,38000000.0,,,,
292505104,Sold Out,ENCANA CORP,523.0,50100.0,,,,
535919203,Sold Out,LIONS GATE ENTMNT CORP,7636.0,382004.0,,,,
535919203,Sold Out,LIONS GATE ENTMNT CORP,6447.0,322500.0,,,,
00507V109,Sold Out,ACTIVISION BLIZZARD INC,7459.0,168385.0,,,,
46612JAF8,Not New,JDS UNIPHASE CORP,257879.0,248259000.0,269259.0,269259000.0,11380.0,21000000.0
81369Y886,Sold Out,SELECT SECTOR SPDR TR,4492.0,91700.0,,,,
G4412G101,Sold Out,HERBALIFE LTD,1145.0,18466.0,,,,
460690100,Sold Out,INTERPUBLIC GROUP COS INC,331.0,14800.0,,,,
928563402,Not New,VMWARE INC,3700.0,47000.0,35362.0,482094.0,31662.0,435094.0
92839U206,Sold Out,VISTEON CORP,468.0,6535.0,,,,
30225T102,Sold Out,EXTRA SPACE STORAGE INC,395.0,4976.0,,,,
067901108,Sold Out,BARRICK GOLD CORP,50543.0,2852300.0,,,,
963320106,Not New,WHIRLPOOL CORP,10670.0,58700.0,7573.0,46700.0,-3097.0,-12000.0
871503108,Not New,SYMANTEC CORP,10284.0,430472.0,15823.0,630392.0,5539.0,199920.0
151290889,Not New,CEMEX SAB DE CV,4754.0,592000.0,4083.0,514216.0,-671.0,-77784.0
151290889,Not New,CEMEX SAB DE CV,4754.0,592000.0,4700.0,592000.0,-54.0,0.0
458140100,Sold Out,INTEL CORP,25878.0,685500.0,,,,
018772301,Not New,ALLIANCE ONE INTL INC,693.0,36099.0,690.0,36099.0,-3.0,0.0
74346YAB9,Not New,PROS HOLDINGS INC,84918.0,86102000.0,85241.0,86102000.0,323.0,0.0
090572207,New Holding,BIO RAD LABS INC,,,401.0,2200.0,,
562750109,New Holding,MANHATTAN ASSOCS INC,,,329.0,6200.0,,
81369Y605,New Holding,SELECT SECTOR SPDR TR,,,72656.0,3125000.0,,
30226D106,Not New,EXTREME NETWORKS INC,4862.0,966666.0,4789.0,1066666.0,-73.0,100000.0
53567X101,Sold Out,LINE CORP,968.0,20000.0,,,,
067383109,New Holding,BARD C R INC,,,202.0,900.0,,
71654V408,Sold Out,PETROLEO BRASILEIRO SA PETRO,5381.0,576701.0,,,,
20341J104,Sold Out,COMMUNICATIONS SALES&LEAS IN,20961.0,667334.0,,,,
235851102,Sold Out,DANAHER CORP DEL,625.0,7970.0,,,,
252131107,Not New,DEXCOM INC,316.0,5300.0,226.0,2576.0,-90.0,-2724.0
115637209,Sold Out,BROWN FORMAN CORP,1778.0,37470.0,,,,
92927K102,Sold Out,WABCO HLDGS INC,287.0,2527.0,,,,
94419L101,New Holding,WAYFAIR INC,,,4749.0,135500.0,,
58733R102,Sold Out,MERCADOLIBRE INC,245.0,1322.0,,,,
45337C102,Sold Out,INCYTE CORP,490.0,5200.0,,,,
65339F101,Sold Out,NEXTERA ENERGY INC,391.0,3200.0,,,,
84763R101,New Holding,SPECTRUM BRANDS HLDGS INC,,,224.0,1834.0,,
12650T104,New Holding,CSRA INC,,,261.0,8200.0,,
101388AA4,Not New,BOTTOMLINE TECH DEL INC,10042.0,9720000.0,19043.0,18500000.0,9001.0,8780000.0
32051X108,Not New,FIRST HAWAIIAN INC,18443.0,529671.0,17362.0,646400.0,-1081.0,116729.0
517834107,Sold Out,LAS VEGAS SANDS CORP,508.0,8824.0,,,,
01988P108,New Holding,ALLSCRIPTS HEALTHCARE SOLUTN,,,397.0,38900.0,,
92763W103,Sold Out,VIPSHOP HLDGS LTD,4633.0,315837.0,,,,
697435105,Sold Out,PALO ALTO NETWORKS INC,11233.0,70500.0,,,,
002824100,Not New,ABBOTT LABS,8803.0,229181.0,10961.0,259181.0,2158.0,30000.0
92763AAB7,Sold Out,VIOLIN MEMORY INC,7968.0,25650000.0,,,,
512816109,New Holding,LAMAR ADVERTISING CO NEW,,,22189.0,330000.0,,
741503403,Sold Out,PRICELINE GRP INC,434.0,295.0,,,,
750917106,Sold Out,RAMBUS INC DEL,1563.0,125000.0,,,,
808513105,Sold Out,SCHWAB CHARLES CORP NEW,230.0,7294.0,,,,
093671105,New Holding,BLOCK H & R INC,,,1761.0,76600.0,,
42824C109,Not New,HEWLETT PACKARD ENTERPRISE C,24719.0,1068241.0,29635.0,1302647.0,4916.0,234406.0
Y2685T131,Not New,GENCO SHIPPING & TRADING LTD,552.0,74783.0,343.0,74783.0,-209.0,0.0
N6596X109,New Holding,NXP SEMICONDUCTORS N V,,,17681.0,180400.0,,
872590104,Not New,T MOBILE US INC,39435.0,685700.0,9979.0,213600.0,-29456.0,-472100.0
03524A108,Sold Out,ANHEUSER BUSCH INBEV SA/NV,16098.0,122500.0,,,,
49309J103,New Holding,KEY ENERGY SVCS INC DEL,,,59133.0,1850790.0,,
127686103,Not New,CAESARS ENTMT CORP,25130.0,2956417.0,24595.0,3301393.0,-535.0,344976.0
G0177J108,Not New,ALLERGAN PLC,16199.0,77135.0,18594.0,80735.0,2395.0,3600.0
M51363113,Not New,MELLANOX TECHNOLOGIES LTD,5999.0,146666.0,2883.0,66666.0,-3116.0,-80000.0
G84228CQ9,Not New,STANDARD CHARTERED PLC,10000.0,10000000.0,10000.0,10000000.0,0.0,0.0
30224P200,Sold Out,EXTENDED STAY AMER INC,710.0,50000.0,,,,
191216100,Sold Out,COCA COLA CO,1117.0,26383.0,,,,
465685105,Sold Out,ITC HLDGS CORP,242.0,5205.0,,,,
22410J106,Sold Out,CRACKER BARREL OLD CTRY STOR,423.0,3200.0,,,,
697660207,Sold Out,PAMPA ENERGIA S A,3513.0,108440.0,,,,
091727107,Sold Out,BITAUTO HLDGS LTD,2355.0,80995.0,,,,
277461406,Not New,EASTMAN KODAK CO,374.0,24123.0,362.0,24123.0,-12.0,0.0
36241U106,Sold Out,GSI TECHNOLOGY,788.0,166666.0,,,,
G01767105,Not New,ALKERMES PLC,400.0,7200.0,216.0,4600.0,-184.0,-2600.0
G4863A108,Sold Out,INTERNATIONAL GAME TECHNOLOG,493.0,20216.0,,,,
515098101,New Holding,LANDSTAR SYS INC,,,674.0,7900.0,,
68375N103,Sold Out,OPKO HEALTH INC,634.0,59837.0,,,,
436440101,Sold Out,HOLOGIC INC,281.0,7236.0,,,,
67020YAF7,Not New,NUANCE COMMUNICATIONS INC,192043.0,190259000.0,191805.0,190259000.0,-238.0,0.0
134429109,New Holding,CAMPBELL SOUP CO,,,351.0,5800.0,,
983134107,Sold Out,WYNN RESORTS LTD,287.0,2945.0,,,,
16119P108,Not New,CHARTER COMMUNICATIONS INC N,2342.0,8135.0,3276.0,12135.0,934.0,4000.0
81763U100,Not New,SERVICESOURCE INTL INC,2480.0,436666.0,3058.0,626666.0,578.0,190000.0
790849103,New Holding,ST JUDE MED INC,,,4201.0,52386.0,,
88870P106,Not New,TIVO CORP,81328.0,3891279.0,80283.0,4121303.0,-1045.0,230024.0
78464A730,New Holding,SPDR SERIES TRUST,,,13669.0,330000.0,,
00508Y102,New Holding,ACUITY BRANDS INC,,,208.0,900.0,,
32008D106,Not New,FIRST DATA CORP NEW,247.0,17400.0,398.0,30220.0,151.0,12820.0
595137100,New Holding,MICROSEMI CORP,,,3598.0,66666.0,,
55825T103,Sold Out,MADISON SQUARE GARDEN CO NEW,442.0,2607.0,,,,
12504L109,Sold Out,CBRE GROUP INC,213.0,7598.0,,,,
899896104,Sold Out,TUPPERWARE BRANDS CORP,475.0,7267.0,,,,
427866108,New Holding,HERSHEY CO,,,352.0,3400.0,,
02376R102,Not New,AMERICAN AIRLS GROUP INC,971.0,20800.0,996.0,27200.0,25.0,6400.0
194162103,Not New,COLGATE PALMOLIVE CO,484.0,7400.0,1145.0,15449.0,661.0,8049.0
339041105,Sold Out,FLEETCOR TECHNOLOGIES INC,242.0,1394.0,,,,
75605Y106,Not New,REALOGY HLDGS CORP,1629.0,63300.0,8405.0,325000.0,6776.0,261700.0
446413106,Sold Out,HUNTINGTON INGALLS INDS INC,245.0,1598.0,,,,
97717W851,Sold Out,WISDOMTREE TR,34113.0,795000.0,,,,
45167R104,Sold Out,IDEX CORP,244.0,2604.0,,,,
378973408,Not New,GLOBALSTAR INC,790.0,500000.0,605.0,500000.0,-185.0,0.0
G5480U153,Sold Out,LIBERTY GLOBAL PLC,18416.0,656534.0,,,,
G9019D104,Not New,TRAVELPORT WORLDWIDE LTD,33840.0,2400000.0,36072.0,2400000.0,2232.0,0.0
37518Q109,Not New,GIGPEAK INC,4901.0,1944647.0,4602.0,1958179.0,-299.0,13532.0
876568502,New Holding,TATA MTRS LTD,,,2579.0,75000.0,,
366651107,New Holding,GARTNER INC,,,576.0,5700.0,,
45378A106,Sold Out,INDEPENDENCE RLTY TR INC,2700.0,300000.0,,,,
023135106,Not New,AMAZON COM INC,21071.0,28100.0,33082.0,39510.0,12011.0,11410.0
67059N108,Sold Out,NUTANIX INC,1341.0,36250.0,,,,
81761R109,New Holding,SERVICEMASTER GLOBAL HLDGS I,,,4449.0,118100.0,,
40054A108,Not New,GRUPO SUPERVIELLE S A,26310.0,2002295.0,28413.0,1918504.0,2103.0,-83791.0
13057Q206,Not New,CALIFORNIA RES CORP,42580.0,2000000.0,15545.0,1243600.0,-27035.0,-756400.0
452327109,Sold Out,ILLUMINA INC,583.0,3208.0,,,,
637417106,Sold Out,NATIONAL RETAIL PPTYS INC,245.0,4823.0,,,,
88033G407,New Holding,TENET HEALTHCARE CORP,,,200.0,13500.0,,
277461141,Not New,EASTMAN KODAK CO,24.0,8383.0,22.0,8383.0,-2.0,0.0
756109104,New Holding,REALTY INCOME CORP,,,230.0,4000.0,,
779376AD4,Not New,ROVI CORP,86312.0,84310000.0,84468.0,84310000.0,-1844.0,0.0
852234103,New Holding,SQUARE INC,,,267.0,19600.0,,
670346105,Not New,NUCOR CORP,8670.0,145662.0,9190.0,185851.0,520.0,40189.0
70450Y103,Not New,PAYPAL HLDGS INC,31869.0,807413.0,33242.0,811385.0,1373.0,3972.0
693475105,New Holding,PNC FINL SVCS GROUP INC,,,16593.0,141871.0,,
527288104,Not New,LEUCADIA NATL CORP,1481.0,63700.0,3427.0,180000.0,1946.0,116300.0
302046107,Not New,EXFO INC,5780.0,1313666.0,3224.0,866666.0,-2556.0,-447000.0
00938A104,New Holding,AIRGAIN INC,,,2400.0,166666.0,,
582839106,Not New,MEAD JOHNSON NUTRITION CO,11003.0,155500.0,13052.0,165200.0,2049.0,9700.0
384802104,New Holding,GRAINGER W W INC,,,232.0,1000.0,,
87160A100,Sold Out,SYNGENTA AG,3979.0,45420.0,,,,
16965P103,New Holding,CHIPMOS TECHNOLOGIES INC,,,18122.0,1284367.0,,
111621AQ1,Sold Out,BROCADE COMMUNICATIONS SYS I,50467.0,50880000.0,,,,
225310101,Not New,CREDIT ACCEP CORP MICH,10114.0,46500.0,7024.0,34932.0,-3090.0,-11568.0
887317303,New Holding,TIME WARNER INC,,,41894.0,434000.0,,
708160106,Sold Out,PENNEY J C INC,235.0,25500.0,,,,
053015103,New Holding,AUTOMATIC DATA PROCESSING IN,,,504.0,4900.0,,
501044101,New Holding,KROGER CO,,,487.0,14100.0,,
412822108,Sold Out,HARLEY DAVIDSON INC,469.0,8916.0,,,,
G6564A105,New Holding,NOMAD HLDGS LTD,,,1975.0,206356.0,,
29978A104,Not New,EVERBRIDGE INC,492.0,26666.0,2810.0,166666.0,2318.0,140000.0
87165B103,New Holding,SYNCHRONY FINL,,,3518.0,97000.0,,
038222105,Sold Out,APPLIED MATLS INC,21312.0,706882.0,,,,
016255101,Sold Out,ALIGN TECHNOLOGY INC,236.0,2515.0,,,,
482480100,New Holding,KLA-TENCOR CORP,,,260.0,3300.0,,
462222100,New Holding,IONIS PHARMACEUTICALS INC,,,206.0,4300.0,,
300645108,Not New,EXAR CORP,3306.0,306666.0,12724.0,1366666.0,9418.0,1060000.0
M0854Q105,Not New,ALLOT COMMUNICATIONS LTD,15932.0,3326166.0,12656.0,2401574.0,-3276.0,-924592.0
34959E109,Not New,FORTINET INC,3815.0,126666.0,5355.0,145000.0,1540.0,18334.0
518415104,Sold Out,LATTICE SEMICONDUCTOR CORP,2639.0,406666.0,,,,
G5480U120,Sold Out,LIBERTY GLOBAL PLC,11012.0,333300.0,,,,
713448108,Sold Out,PEPSICO INC,1181.0,10859.0,,,,
770323103,New Holding,ROBERT HALF INTL INC,,,693.0,14200.0,,
90347A100,Not New,UBIQUITI NETWORKS INC,9706.0,167926.0,19226.0,359361.0,9520.0,191435.0
277461133,Not New,EASTMAN KODAK CO,33.0,8383.0,31.0,8383.0,-2.0,0.0
