CUSIP,status,NAME OF ISSUER,(x$1000)_old,PRN AMT_old,(x$1000),PRN AMT,(x$1000)_change,PRN AMT_change
16679L109,New Holding,CHEWY INC,,,1297.0,23657.0,,
46429B671,New Holding,ISHARES TR,,,15131.0,204000.0,,
23331A109,Not New,D R HORTON INC,230974.0,3054004.0,99592.0,1796070.0,-131382.0,-1257934.0
30050BAD3,Not New,EVOLENT HEALTH INC,18937.0,24117000.0,15405.0,24117000.0,-3532.0,0.0
925652109,Not New,VICI PPTYS INC,128353.0,5492229.0,124243.0,6153697.0,-4110.0,661468.0
78462F103,New Holding,SPDR S&P 500 ETF TR,,,50234.0,150000.0,,
45866F104,New Holding,INTERCONTINENTAL EXCHANGE IN,,,5003.0,50000.0,,
38341PAA0,New Holding,GOSSAMER BIO INC,,,6925.0,6700000.0,,
G0750C108,New Holding,AXALTA COATING SYS LTD,,,6799.0,306666.0,,
867224107,Not New,SUNCOR ENERGY INC NEW,3669.0,300000.0,5058.0,300000.0,1389.0,0.0
48251W104,Sold Out,KKR & CO INC,6625.0,214538.0,,,,
60877T100,New Holding,MOMENTA PHARMACEUTICALS INC,,,3149.0,60000.0,,
50212V100,Not New,LPL FINL HLDGS INC,24653.0,321547.0,37493.0,478222.0,12840.0,156675.0
23282WAA8,Sold Out,CYTOKINETICS INC,23643.0,10000000.0,,,,
464287655,Sold Out,ISHARES TR,501130.0,3500000.0,,,,
02376RAF9,Sold Out,AMERICAN AIRLS GROUP INC,2355.0,2500000.0,,,,
89151E109,New Holding,TOTAL SE,,,2573.0,75000.0,,
282914100,New Holding,8X8 INC NEW,,,1284.0,82600.0,,
34417P100,Not New,FOCUS FINL PARTNERS INC,19175.0,584792.0,16628.0,503112.0,-2547.0,-81680.0
16119P108,Not New,CHARTER COMMUNICATIONS INC N,13330.0,21350.0,9334.0,18300.0,-3996.0,-3050.0
958669103,Not New,WESTERN MIDSTREAM PARTNERS L,756.0,94550.0,949.0,94550.0,193.0,0.0
05352A100,Not New,AVANTOR INC,2929.0,130248.0,3099.0,182284.0,170.0,52036.0
98954MAH4,Sold Out,ZILLOW GROUP INC,8778.0,7500000.0,,,,
36268WAF7,Sold Out,GAIN CAP HLDGS INC,18538.0,18582000.0,,,,
70614W100,Not New,PELOTON INTERACTIVE INC,1454.0,14652.0,29402.0,508953.0,27948.0,494301.0
29273V100,Not New,ENERGY TRANSFER LP,2589.0,477750.0,3402.0,477750.0,813.0,0.0
89832Q109,Sold Out,TRUIST FINL CORP,18725.0,498669.0,,,,
816307300,Not New,SELECTQUOTE INC,112500.0,5555556.0,140722.0,5555556.0,28222.0,0.0
29364G103,Not New,ENTERGY CORP NEW,2463.0,25000.0,4691.0,50000.0,2228.0,25000.0
37045V100,Not New,GENERAL MTRS CO,17680.0,597500.0,7527.0,297500.0,-10153.0,-300000.0
37045V100,Not New,GENERAL MTRS CO,4675.0,158000.0,7527.0,297500.0,2852.0,139500.0
09257W100,Not New,BLACKSTONE MTG TR INC,6646.0,302500.0,8552.0,355000.0,1906.0,52500.0
464287242,Not New,ISHARES TR,180657.0,1341081.0,185924.0,1382331.0,5267.0,41250.0
03027X100,Sold Out,AMERICAN TOWER CORP NEW,9915.0,38350.0,,,,
19459JAA2,Sold Out,COLLEGIUM PHARMACEUTICAL INC,13524.0,14990000.0,,,,
00507V109,Not New,ACTIVISION BLIZZARD INC,88840.0,1097466.0,80940.0,1066400.0,-7900.0,-31066.0
45667GAC7,New Holding,INFINERA CORP,,,1854.0,2000000.0,,
45845PAB4,New Holding,INTERCEPT PHARMACEUTICALS IN,,,13548.0,19552000.0,,
81369Y886,Not New,SELECT SECTOR SPDR TR,29690.0,500000.0,197505.0,3500000.0,167815.0,3000000.0
57772K101,New Holding,MAXIM INTEGRATED PRODS INC,,,19902.0,294369.0,,
98422L107,Not New,XERIS PHARMACEUTICALS INC,25.0,4248.0,532.0,200000.0,507.0,195752.0
595017104,New Holding,MICROCHIP TECHNOLOGY INC.,,,27535.0,267956.0,,
76120WAC8,Not New,RESOURCE CAP CORP,8955.0,9941000.0,7474.0,9941000.0,-1481.0,0.0
03823UAB8,Not New,APPLIED OPTOELECTRONICS INC,4611.0,5000000.0,6816.0,8000000.0,2205.0,3000000.0
293792107,Not New,ENTERPRISE PRODS PARTNERS L,3000.0,190000.0,3452.0,190000.0,452.0,0.0
34960W106,New Holding,FORTERRA INC,,,676.0,57155.0,,
461203AJ0,Not New,INVACARE CORP,12153.0,14500000.0,11988.0,14500000.0,-165.0,0.0
68902V107,Not New,OTIS WORLDWIDE CORP,50095.0,802547.0,68956.0,1212729.0,18861.0,410182.0
53814L108,Sold Out,LIVENT CORP,815.0,132355.0,,,,
81141R100,Not New,SEA LTD,33812.0,219500.0,26220.0,244500.0,-7592.0,25000.0
12769G100,New Holding,CAESARS ENTERTAINMENT INC NE,,,15493.0,276373.0,,
26142R104,Not New,DRAFTKINGS INC,139061.0,2363380.0,82480.0,2479862.0,-56581.0,116482.0
294600101,Not New,EQUITRANS MIDSTREAM CORP,1135.0,134200.0,1115.0,134200.0,-20.0,0.0
92336XAA7,Not New,VEONEER INC,17670.0,18300000.0,15279.0,18300000.0,-2391.0,0.0
26614N102,Sold Out,DUPONT DE NEMOURS INC,5313.0,100000.0,,,,
172967424,Not New,CITIGROUP INC,4086.0,94787.0,26332.0,515302.0,22246.0,420515.0
63934E108,New Holding,NAVISTAR INTL CORP NEW,,,1959.0,45000.0,,
63938C108,Not New,NAVIENT CORPORATION,3559.0,421142.0,2961.0,421142.0,-598.0,0.0
G6095L109,Not New,APTIV PLC,11338.0,123666.0,7402.0,95000.0,-3936.0,-28666.0
21870UAC0,New Holding,CORENERGY INFRASTRUCTURE TR,,,14221.0,19760000.0,,
538034AQ2,Not New,LIVE NATION ENTERTAINMENT IN,7737.0,7000000.0,7146.0,7000000.0,-591.0,0.0
30034W106,Sold Out,EVERGY INC,5929.0,100000.0,,,,
95790DAA3,Not New,WESTERN ASSET MTG CAP CORP,16553.0,19200000.0,13603.0,19200000.0,-2950.0,0.0
22266L106,Sold Out,COUPA SOFTWARE INC,2715.0,9800.0,,,,
98954MAG6,New Holding,ZILLOW GROUP INC,,,41836.0,17500000.0,,
94419LAD3,Not New,WAYFAIR INC,78017.0,30252000.0,89865.0,50252000.0,11848.0,20000000.0
902973304,Sold Out,US BANCORP DEL,22618.0,614294.0,,,,
806857108,Sold Out,SCHLUMBERGER LTD,4598.0,250000.0,,,,
08180DAB2,Not New,BENEFITFOCUS INC,14722.0,18116000.0,14276.0,18116000.0,-446.0,0.0
68213N109,New Holding,OMNICELL COM,,,1133.0,15169.0,,
032654105,New Holding,ANALOG DEVICES INC,,,17511.0,150000.0,,
060505104,Sold Out,BK OF AMERICA CORP,28221.0,1188255.0,,,,
237194105,Not New,DARDEN RESTAURANTS INC,102540.0,1017866.0,66784.0,881400.0,-35756.0,-136466.0
269442AB5,New Holding,EAGLE BULK SHIPPING INC,,,7790.0,10525000.0,,
Y21898AA2,Sold Out,EAGLE BULK SHIPPING INC,151.0,225000.0,,,,
38046C109,Sold Out,GOGO INC,790.0,250000.0,,,,
81369Y605,Sold Out,SELECT SECTOR SPDR TR,9048.0,391000.0,,,,
00123Q104,Not New,AGNC INVT CORP,24545.0,1764581.0,22763.0,1764581.0,-1782.0,0.0
19624RAB2,Sold Out,COLONY CAP INC,3266.0,3500000.0,,,,
91332U101,New Holding,UNITY SOFTWARE INC,,,26184.0,300000.0,,
65473P105,Not New,NISOURCE INC,3300.0,150000.0,6822.0,300000.0,3522.0,150000.0
81369Y704,New Holding,SELECT SECTOR SPDR TR,,,31685.0,411600.0,,
872590112,Sold Out,T-MOBILE US INC,18.0,105399.0,,,,
452907108,New Holding,IMMUNOMEDICS INC,,,32660.0,384096.0,,
848637104,Sold Out,SPLUNK INC,4272.0,21500.0,,,,
38141G104,Sold Out,GOLDMAN SACHS GROUP INC,23862.0,120745.0,,,,
98980G102,Sold Out,ZSCALER INC,2256.0,20600.0,,,,
23804L103,Sold Out,DATADOG INC,2820.0,32429.0,,,,
110122157,Not New,BRISTOL-MYERS SQUIBB CO,281.0,125000.0,269.0,75000.0,-12.0,-50000.0
78464A474,Not New,SPDR SER TR,34915.0,1113000.0,34881.0,1113000.0,-34.0,0.0
889478103,New Holding,TOLL BROTHERS INC,,,7716.0,158578.0,,
10948C107,Sold Out,BRIGHTVIEW HLDGS INC,1120.0,100000.0,,,,
912909108,Sold Out,UNITED STATES STL CORP NEW,2738.0,379225.0,,,,
337932107,Not New,FIRSTENERGY CORP,2871.0,100000.0,6787.0,175000.0,3916.0,75000.0
566330106,New Holding,MARCUS CORP DEL,,,1149.0,148668.0,,
03938L203,Not New,ARCELORMITTAL SA LUXEMBOURG,10993.0,829652.0,5914.0,551130.0,-5079.0,-278522.0
70932M107,Not New,PENNYMAC FINL SVCS INC NEW,23619.0,406386.0,15947.0,381593.0,-7672.0,-24793.0
82968B103,Not New,SIRIUS XM HOLDINGS INC,7191.0,1341666.0,6164.0,1050000.0,-1027.0,-291666.0
337930705,New Holding,FLAGSTAR BANCORP INC,,,2222.0,75000.0,,
254687106,New Holding,DISNEY WALT CO,,,18612.0,150000.0,,
693475105,Sold Out,PNC FINL SVCS GROUP INC,22860.0,217276.0,,,,
22788C105,Sold Out,CROWDSTRIKE HLDGS INC,6940.0,69200.0,,,,
405217100,Not New,HAIN CELESTIAL GROUP INC,150637.0,4391753.0,138384.0,4391753.0,-12253.0,0.0
336433107,New Holding,FIRST SOLAR INC,,,1609.0,24300.0,,
92840M102,Not New,VISTRA CORP,8110.0,430000.0,8007.0,430000.0,-103.0,0.0
636220303,New Holding,NATIONAL GEN HLDGS CORP,,,13500.0,400000.0,,
94419LAF8,New Holding,WAYFAIR INC,,,58080.0,28000000.0,,
559080106,Not New,MAGELLAN MIDSTREAM PRTNRS LP,2794.0,81700.0,3527.0,81700.0,733.0,0.0
737010108,Sold Out,PORTOLA PHARMACEUTICALS INC,9625.0,535000.0,,,,
87236Y108,Not New,TD AMERITRADE HLDG CORP,29388.0,750656.0,25490.0,700656.0,-3898.0,-50000.0
189464100,Sold Out,CLOVIS ONCOLOGY INC,98.0,14473.0,,,,
05541T101,Not New,BGC PARTNERS INC,6268.0,2611698.0,6608.0,2411698.0,340.0,-200000.0
876664103,Sold Out,TAUBMAN CTRS INC,755.0,20000.0,,,,
693506107,New Holding,PPG INDS INC,,,11109.0,91000.0,,
69608A108,New Holding,PALANTIR TECHNOLOGIES INC,,,175346.0,18457516.0,,
171871502,New Holding,CINCINNATI BELL INC NEW,,,2625.0,175000.0,,
45782BAD6,Not New,INSEEGO CORP,1796.0,1835000.0,1943.0,1835000.0,147.0,0.0
92220P105,New Holding,VARIAN MED SYS INC,,,24950.0,145058.0,,
886547108,Not New,TIFFANY & CO NEW,6335.0,54683.0,915.0,7500.0,-5420.0,-47183.0
886547108,Not New,TIFFANY & CO NEW,6335.0,54683.0,15243.0,125000.0,8908.0,70317.0
886547108,Not New,TIFFANY & CO NEW,9847.0,85000.0,915.0,7500.0,-8932.0,-77500.0
886547108,Not New,TIFFANY & CO NEW,9847.0,85000.0,15243.0,125000.0,5396.0,40000.0
530307305,Not New,LIBERTY BROADBAND CORP,754606.0,5281767.0,654728.0,5281767.0,-99878.0,0.0
909214BS6,Sold Out,UNISYS CORP,5616.0,4500000.0,,,,
516012101,Not New,LANNET INC,3055.0,500000.0,3630.0,500000.0,575.0,0.0
69121K104,Sold Out,OWL ROCK CAPITAL CORPORATION,4934.0,400162.0,,,,
393222AF1,Not New,GREEN PLAINS INC,10535.0,11050000.0,8902.0,11050000.0,-1633.0,0.0
461203AL5,Not New,INVACARE CORP,12140.0,13500000.0,11758.0,13500000.0,-382.0,0.0
36164V305,Not New,GCI LIBERTY INC,4619.0,56354.0,4186.0,58854.0,-433.0,2500.0
46625H100,Sold Out,JPMORGAN CHASE & CO,24291.0,258252.0,,,,
682143AE2,Not New,OMEROS CORP,3421.0,3600000.0,12024.0,11600000.0,8603.0,8000000.0
893641100,Sold Out,TRANSDIGM GROUP INC,76577.0,173231.0,,,,
887399AA1,Not New,TIMKENSTEEL CORP,14860.0,17115000.0,14414.0,17115000.0,-446.0,0.0
98978L204,New Holding,ZOGENIX INC,,,2690.0,150000.0,,
H01301128,Not New,ALCON AG,39908.0,700762.0,40168.0,700762.0,260.0,0.0
88163VAE9,New Holding,TEVA PHARMACEUTICAL FIN LLC,,,14379.0,14620000.0,,
78468R556,Sold Out,SPDR SER TR,1305.0,25000.0,,,,
78468R556,Sold Out,SPDR SER TR,20872.0,400000.0,,,,
844741BG2,Not New,SOUTHWEST AIRLS CO,18920.0,14500000.0,32970.0,27500000.0,14050.0,13000000.0
29446M102,New Holding,EQUINOR ASA,,,1406.0,100000.0,,
524901105,Sold Out,LEGG MASON INC,25475.0,512053.0,,,,
697435105,Sold Out,PALO ALTO NETWORKS INC,6385.0,27801.0,,,,
395366AB3,Not New,GREENLIGHT CAP RE LTD,8292.0,10250000.0,8373.0,10250000.0,81.0,0.0
464288646,Not New,ISHARES TR,61115.0,1113000.0,159370.0,2913000.0,98255.0,1800000.0
464288414,Not New,ISHARES TR,27986.0,241400.0,27858.0,241400.0,-128.0,0.0
398438408,Sold Out,GRIFOLS S A,49104.0,2692099.0,,,,
G037AX101,New Holding,AMBARELLA INC,,,2609.0,50000.0,,
45773H201,Sold Out,INOVIO PHARMACEUTICALS INC,215.0,7979.0,,,,
949746101,Sold Out,WELLS FARGO CO NEW,19528.0,762819.0,,,,
61179L100,Not New,MONTAGE RES CORP,228.0,51877.0,205.0,51877.0,-23.0,0.0
24790A101,New Holding,DENBURY INC,,,1473.0,83680.0,,
682143AG7,New Holding,OMEROS CORP,,,9510.0,11000000.0,,
099724106,Sold Out,BORGWARNER INC,1900.0,53836.0,,,,
03852U106,Not New,ARAMARK,52911.0,2000400.0,37250.0,1650400.0,-15661.0,-350000.0
98936J101,Sold Out,ZENDESK INC,1266.0,14300.0,,,,
443573100,Sold Out,HUBSPOT INC,1070.0,4770.0,,,,
69331C108,Not New,PG&E CORP,13680.0,1456891.0,104525.0,11784118.0,90845.0,10327227.0
69331C108,Not New,PG&E CORP,9390.0,1000000.0,104525.0,11784118.0,95135.0,10784118.0
464288687,Sold Out,ISHARES TR,1888.0,54500.0,,,,
05988J103,Sold Out,BANDWIDTH INC,432.0,3400.0,,,,
269246401,Not New,E TRADE FINANCIAL CORP,44792.0,894955.0,29415.0,591500.0,-15377.0,-303455.0
68268W103,Not New,ONEMAIN HLDGS INC,11295.0,361438.0,8870.0,361438.0,-2425.0,0.0
38119TAG9,Not New,GOLDEN STAR RES LTD CDA,4954.0,4365000.0,4222.0,4365000.0,-732.0,0.0
U2481AAK4,Sold Out,DENBURY RES INC DEL,199.0,1348000.0,,,,
16411RAG4,Not New,CHENIERE ENERGY INC,9818.0,13625000.0,8648.0,13625000.0,-1170.0,0.0
78410G104,Not New,SBA COMMUNICATIONS CORP NEW,11667.0,36634.0,7865.0,26400.0,-3802.0,-10234.0
400110102,Sold Out,GRUBHUB INC,7412.0,105433.0,,,,
552848103,Not New,MGIC INVT CORP WIS,10181.0,1149085.0,11049.0,1349085.0,868.0,200000.0
38046CAD1,Not New,GOGO INC,13544.0,8553000.0,13010.0,18255000.0,-534.0,9702000.0
109641100,Sold Out,BRINKER INTL INC,9272.0,386334.0,,,,
N6596X109,New Holding,NXP SEMICONDUCTORS N V,,,8737.0,70000.0,,
872590104,Not New,T-MOBILE US INC,64903.0,567529.0,151497.0,1454600.0,86594.0,887071.0
30607B208,Not New,FALCON MINERALS CORP,86.0,1072500.0,97.0,1072500.0,11.0,0.0
02079K305,Not New,ALPHABET INC,25673.0,17517.0,46618.0,32875.0,20945.0,15358.0
37247D106,New Holding,GENWORTH FINL INC,,,117.0,35000.0,,
668771108,Not New,NORTONLIFELOCK INC,48218.0,2313742.0,95247.0,4803192.0,47029.0,2489450.0
461203AH4,Not New,INVACARE CORP,2604.0,2973000.0,2493.0,2973000.0,-111.0,0.0
G7496G103,Not New,RENAISSANCERE HLDGS LTD,6749.0,39760.0,10152.0,59360.0,3403.0,19600.0
28470R102,Sold Out,ELDORADO RESORTS INC,6410.0,160000.0,,,,
064058100,Sold Out,BANK NEW YORK MELLON CORP,31933.0,826218.0,,,,
127686103,Sold Out,CAESARS ENTMT CORP,42449.0,3499528.0,,,,
46090E103,New Holding,INVESCO QQQ TR,,,313368.0,1127872.0,,
29452E101,Not New,EQUITABLE HLDGS INC,8333.0,456826.0,8812.0,456826.0,479.0,0.0
68373J104,Sold Out,OPEN LENDING CORP,12080.0,800000.0,,,,
12572Q105,Not New,CME GROUP INC,5024.0,30028.0,4881.0,30028.0,-143.0,0.0
98422LAA5,Not New,XERIS PHARMACEUTICALS INC,13597.0,6986000.0,6939.0,7000000.0,-6658.0,14000.0
10948W103,Not New,BRIGHTSPHERE INVT GROUP INC,7900.0,612427.0,8259.0,662801.0,359.0,50374.0
617446448,Not New,MORGAN STANLEY,4821.0,99701.0,28123.0,582263.0,23302.0,482562.0
53069QAB5,New Holding,LIBERTY LATIN AMERICA LTD,,,14685.0,17906000.0,,
595017AH7,Sold Out,MICROCHIP TECHNOLOGY INC.,78019.0,53434000.0,,,,
