CUSIP,status,NAME OF ISSUER,(x$1000)_old,PRN AMT_old,(x$1000),PRN AMT,(x$1000)_change,PRN AMT_change
021346101,Not New,ALTABA INC,117666.0,1727341.0,133780.0,1827341.0,16114.0,100000.0
82481R106,Not New,SHIRE PLC,517018.0,2852200.0,473011.0,2802200.0,-44007.0,-50000.0
82481R106,Not New,SHIRE PLC,517018.0,2852200.0,21100.0,125000.0,-495918.0,-2727200.0
G30401106,Not New,ENDO INTL PLC,145191.0,8626900.0,86516.0,9174500.0,-58675.0,547600.0
30219G108,New Holding,EXPRESS SCRIPTS HLDG CO,,,5701.0,60000.0,,
25470F302,Not New,DISCOVERY INC,361784.0,12230700.0,255000.0,10000000.0,-106784.0,-2230700.0
90130A200,Not New,TWENTY FIRST CENTY FOX INC,68730.0,1500000.0,69520.0,1411000.0,790.0,-89000.0
65158N102,Not New,NEWMARK GROUP INC,22380.0,2000000.0,28460.0,2000000.0,6080.0,0.0
20030N101,Sold Out,COMCAST CORP NEW,21491.0,655000.0,,,,
20030N101,Sold Out,COMCAST CORP NEW,13124.0,400000.0,,,,
80007P869,Not New,SANDRIDGE ENERGY INC,7245.0,666535.0,11824.0,666535.0,4579.0,0.0
676220106,Not New,OFFICE DEPOT INC,32100.0,10000000.0,25500.0,10000000.0,-6600.0,0.0
774341101,Not New,ROCKWELL COLLINS INC,49459.0,352100.0,52391.0,389000.0,2932.0,36900.0
G9319H102,Sold Out,VALIDUS HOLDINGS LTD,9295.0,137500.0,,,,
G4617B105,Not New,HORIZON PHARMA PLC,140402.0,7170700.0,127027.0,7670700.0,-13375.0,500000.0
N59465109,Not New,MYLAN N V,421098.0,11505400.0,417164.0,11543000.0,-3934.0,37600.0
112463104,Not New,BROOKDALE SR LIVING INC,49016.0,4986400.0,45326.0,4986400.0,-3690.0,0.0
98850P109,New Holding,YUM CHINA HLDGS INC,,,3511.0,100000.0,,
M6240T109,Not New,KAMADA LTD,4870.0,785525.0,4085.0,785525.0,-785.0,0.0
92189F106,New Holding,VANECK VECTORS ETF TR,,,1852.0,100000.0,,
698354107,New Holding,PANDORA MEDIA INC,,,38673.0,4066600.0,,
811916105,Not New,SEABRIDGE GOLD INC,9065.0,700000.0,7805.0,700000.0,-1260.0,0.0
521865204,Not New,LEAR CORP,1467.0,10116.0,1880.0,10116.0,413.0,0.0
N97284108,New Holding,YANDEX N V,,,822.0,25000.0,,
035128206,Not New,ANGLOGOLD ASHANTI LTD,109673.0,12782400.0,104944.0,12782400.0,-4729.0,0.0
24703L103,New Holding,DELL TECHNOLOGIES INC,,,189384.0,1950000.0,,
009728106,Not New,AKORN INC,6750.0,520000.0,29198.0,1760000.0,22448.0,1240000.0
405217100,Sold Out,HAIN CELESTIAL GROUP INC,18266.0,612964.0,,,,
91911K102,Sold Out,VALEANT PHARMACEUTICALS INTL,484299.0,20839035.0,,,,
060505153,Not New,BANK AMER CORP,889.0,2962694.0,1807.0,2962694.0,918.0,0.0
87901J105,Not New,TEGNA INC,9308.0,778300.0,8445.0,778300.0,-863.0,0.0
92840M102,Sold Out,VISTRA ENERGY CORP,87504.0,3698400.0,,,,
78464A417,New Holding,SPDR SERIES TRUST,,,3605.0,100000.0,,
92553P201,Not New,VIACOM INC NEW,86864.0,2573000.0,77602.0,2573000.0,-9262.0,0.0
00206R102,Not New,AT&T INC,70441.0,2097698.0,76357.0,2377981.0,5916.0,280283.0
00206R102,Not New,AT&T INC,6716.0,200000.0,76357.0,2377981.0,69641.0,2177981.0
25470M109,Not New,DISH NETWORK CORP,177852.0,4973500.0,167159.0,4973500.0,-10693.0,0.0
G5785G107,Not New,MALLINCKRODT PUB LTD CO,58620.0,2000000.0,68501.0,3670992.0,9881.0,1670992.0
02156K103,Not New,ALTICE USA INC,466.0,25685.0,2955.0,173185.0,2489.0,147500.0
752344309,Not New,RANDGOLD RES LTD,29751.0,421700.0,25571.0,331700.0,-4180.0,-90000.0
871628202,Not New,SYNTHESIS ENERGY SYS INC,3000.0,1250000.0,4100.0,1250000.0,1100.0,0.0
N6596X109,Not New,NXP SEMICONDUCTORS N V,220180.0,2575200.0,220070.0,2014000.0,-110.0,-561200.0
N6596X109,Not New,NXP SEMICONDUCTORS N V,220180.0,2575200.0,10927.0,100000.0,-209253.0,-2475200.0
872590104,Not New,T MOBILE US INC,170537.0,2430000.0,233178.0,3902560.0,62641.0,1472560.0
156700106,Sold Out,CENTURYLINK INC,37280.0,2000000.0,,,,
008474108,Not New,AGNICO EAGLE MINES LTD,20780.0,607600.0,27846.0,607600.0,7066.0,0.0
071734107,New Holding,BAUSCH HEALTH COS INC,,,534938.0,20839035.0,,
G1644T109,New Holding,BRIGHTSPHERE INVESTMNT GRP P,,,7588.0,611948.0,,
G9456A100,New Holding,GOLAR LNG LTD BERMUDA,,,695.0,25000.0,,
12673P105,New Holding,CA INC,,,240618.0,5450000.0,,
Y41053102,Not New,INTERNATIONAL SEAWAYS INC,61744.0,3084100.0,79990.0,3456773.0,18246.0,372673.0
127686103,Not New,CAESARS ENTMT CORP,32174.0,3138900.0,33586.0,3138900.0,1412.0,0.0
G0177J108,Not New,ALLERGAN PLC,308863.0,1621500.0,316555.0,1898724.0,7692.0,277224.0
46050R102,Not New,INTERNATIONAL TOWER HILL MIN,28468.0,59593314.0,30089.0,59593314.0,1621.0,0.0
29265N108,Sold Out,ENERGEN CORP,54979.0,755000.0,,,,
03349M105,New Holding,ANDEAVOR,,,12434.0,81000.0,,
26483E100,New Holding,DUN & BRADSTREET CORP DEL NE,,,59854.0,420000.0,,
88706P205,Not New,TIM PARTICIPACOES S A,72450.0,5000000.0,84300.0,5000000.0,11850.0,0.0
12572Q105,New Holding,CME GROUP INC,,,8313.0,48840.0,,
66987E206,Not New,NOVAGOLD RES INC,81594.0,21992896.0,97868.0,21992896.0,16274.0,0.0
78463V107,Not New,SPDR GOLD TRUST,487126.0,4320022.0,512571.0,4320022.0,25445.0,0.0
89621C105,Not New,TRILOGY METALS INC NEW,23132.0,11566126.0,20588.0,11566126.0,-2544.0,0.0
G6518L108,New Holding,NIELSEN HLDGS PLC,,,96810.0,3500000.0,,
G98290104,Sold Out,XL GROUP LTD,54272.0,970000.0,,,,
380956409,Not New,GOLDCORP INC NEW,8160.0,800000.0,10968.0,800000.0,2808.0,0.0
517942108,Not New,LASALLE HOTEL PPTYS,1245.0,35987.0,1232.0,35987.0,-13.0,0.0
60671Q104,Not New,MITEL NETWORKS CORP,33060.0,3000000.0,43880.0,4000000.0,10820.0,1000000.0
450913108,Not New,IAMGOLD CORP,6808.0,1850000.0,10749.0,1850000.0,3941.0,0.0
90130A101,Sold Out,TWENTY FIRST CENTY FOX INC,1988.0,40000.0,,,,
00817Y108,Not New,AETNA INC NEW,72559.0,357700.0,51435.0,280300.0,-21124.0,-77400.0
