CUSIP,status,NAME OF ISSUER,(x$1000)_old,PRN AMT_old,(x$1000),PRN AMT,(x$1000)_change,PRN AMT_change
021346101,Not New,ALTABA INC,122801.0,2119455.0,117666.0,1727341.0,-5135.0,-392114.0
82481R106,Not New,SHIRE PLC,531031.0,3051200.0,517018.0,2852200.0,-14013.0,-199000.0
G30401106,Not New,ENDO INTL PLC,62976.0,8626900.0,145191.0,8626900.0,82215.0,0.0
85207U105,New Holding,SPRINT CORP,,,16296.0,2800000.0,,
30219G108,Sold Out,EXPRESS SCRIPTS HLDG CO,5701.0,60000.0,,,,
25470F302,Not New,DISCOVERY INC,270555.0,11722500.0,361784.0,12230700.0,91229.0,508200.0
90130A200,Not New,TWENTY FIRST CENTY FOX INC,126139.0,2640000.0,68730.0,1500000.0,-57409.0,-1140000.0
65158N102,Not New,NEWMARK GROUP INC,16040.0,2000000.0,22380.0,2000000.0,6340.0,0.0
80007P869,Not New,SANDRIDGE ENERGY INC,5072.0,666535.0,7245.0,666535.0,2173.0,0.0
676220106,Not New,OFFICE DEPOT INC,12900.0,5000000.0,32100.0,10000000.0,19200.0,5000000.0
860372101,New Holding,STEWART INFORMATION SVCS COR,,,24840.0,600000.0,,
774341101,Sold Out,ROCKWELL COLLINS INC,49459.0,352100.0,,,,
G4617B105,Not New,HORIZON PHARMA PLC,140115.0,7170700.0,140402.0,7170700.0,287.0,0.0
N59465109,Not New,MYLAN N V,301548.0,11005400.0,421098.0,11505400.0,119550.0,500000.0
112463104,Not New,BROOKDALE SR LIVING INC,33409.0,4986400.0,49016.0,4986400.0,15607.0,0.0
M75253100,New Holding,ORBOTECH LTD,,,2973.0,52577.0,,
756577102,New Holding,RED HAT INC,,,66251.0,377200.0,,
60671Q104,Sold Out,MITEL NETWORKS CORP,33060.0,3000000.0,,,,
M6240T109,Not New,KAMADA LTD,3928.0,785525.0,4870.0,785525.0,942.0,0.0
896047503,New Holding,TRIBUNE MEDIA CO,,,25413.0,560000.0,,
92189F106,Sold Out,VANECK VECTORS ETF TR,1852.0,100000.0,,,,
698354107,Not New,PANDORA MEDIA INC,76223.0,9421900.0,38673.0,4066600.0,-37550.0,-5355300.0
98850P109,Sold Out,YUM CHINA HLDGS INC,3511.0,100000.0,,,,
811916105,Not New,SEABRIDGE GOLD INC,9261.0,700000.0,9065.0,700000.0,-196.0,0.0
521865204,Not New,LEAR CORP,1243.0,10116.0,1467.0,10116.0,224.0,0.0
N97284108,Sold Out,YANDEX N V,822.0,25000.0,,,,
035128206,Not New,ANGLOGOLD ASHANTI LTD,160419.0,12782400.0,109673.0,12782400.0,-50746.0,0.0
24703L103,Sold Out,DELL TECHNOLOGIES INC,189384.0,1950000.0,,,,
009728106,Not New,AKORN INC,11097.0,3273339.0,6750.0,520000.0,-4347.0,-2753339.0
060505153,Sold Out,BANK AMER CORP,889.0,2962694.0,,,,
87901J105,Sold Out,TEGNA INC,9308.0,778300.0,,,,
92553P201,Not New,VIACOM INC NEW,34001.0,1323000.0,86864.0,2573000.0,52863.0,1250000.0
78464A417,Sold Out,SPDR SERIES TRUST,3605.0,100000.0,,,,
25470M109,Not New,DISH NETWORK CORP,124188.0,4973500.0,177852.0,4973500.0,53664.0,0.0
00206R102,Sold Out,AT&T INC,70441.0,2097698.0,,,,
00206R102,Sold Out,AT&T INC,6716.0,200000.0,,,,
G5785G107,Not New,MALLINCKRODT PUB LTD CO,9504.0,601520.0,58620.0,2000000.0,49116.0,1398480.0
02156K103,Sold Out,ALTICE USA INC,466.0,25685.0,,,,
64156L101,New Holding,NEVSUN RES LTD,,,1095.0,250000.0,,
682189105,New Holding,ON SEMICONDUCTOR CORP,,,1230.0,74500.0,,
752344309,Not New,RANDGOLD RES LTD,40441.0,494394.0,29751.0,421700.0,-10690.0,-72694.0
871628202,Not New,SYNTHESIS ENERGY SYS INC,988.0,1250000.0,3000.0,1250000.0,2012.0,0.0
N6596X109,Not New,NXP SEMICONDUCTORS N V,171085.0,2334677.0,220180.0,2575200.0,49095.0,240523.0
872590104,Not New,T MOBILE US INC,124396.0,1955600.0,170537.0,2430000.0,46141.0,474400.0
G9019D104,New Holding,TRAVELPORT WORLDWIDE LTD,,,55451.0,3550000.0,,
008474108,Not New,AGNICO EAGLE MINES LTD,24547.0,607600.0,20780.0,607600.0,-3767.0,0.0
071734107,Not New,BAUSCH HEALTH COS INC,384897.0,20839035.0,534938.0,20839035.0,150041.0,0.0
G1644T109,Not New,BRIGHTSPHERE INVESTMNT GRP P,55648.0,5210514.0,7588.0,611948.0,-48060.0,-4598566.0
45321L100,New Holding,IMPERVA INC,,,33971.0,610000.0,,
Y41053102,Not New,INTERNATIONAL SEAWAYS INC,47831.0,2840300.0,61744.0,3084100.0,13913.0,243800.0
12673P105,Sold Out,CA INC,240618.0,5450000.0,,,,
G9456A100,Sold Out,GOLAR LNG LTD BERMUDA,695.0,25000.0,,,,
127686103,Not New,CAESARS ENTMT CORP,20370.0,3000000.0,32174.0,3138900.0,11804.0,138900.0
G0177J108,Not New,ALLERGAN PLC,207106.0,1549500.0,308863.0,1621500.0,101757.0,72000.0
46050R102,Not New,INTERNATIONAL TOWER HILL MIN,30959.0,59593314.0,28468.0,59593314.0,-2491.0,0.0
03349M105,Sold Out,ANDEAVOR,12434.0,81000.0,,,,
26483E100,Sold Out,DUN & BRADSTREET CORP DEL NE,59854.0,420000.0,,,,
458118106,New Holding,INTEGRATED DEVICE TECHNOLOGY,,,20844.0,430400.0,,
88706P205,Not New,TIM PARTICIPACOES S A,76700.0,5000000.0,72450.0,5000000.0,-4250.0,0.0
12572Q105,Sold Out,CME GROUP INC,8313.0,48840.0,,,,
04685W103,New Holding,ATHENAHEALTH INC,,,3892.0,29500.0,,
66987E206,Not New,NOVAGOLD RES INC,86872.0,21992896.0,81594.0,21992896.0,-5278.0,0.0
78463V107,Not New,SPDR GOLD TRUST,523803.0,4320022.0,487126.0,4320022.0,-36677.0,0.0
89621C105,Not New,TRILOGY METALS INC NEW,20009.0,11566126.0,23132.0,11566126.0,3123.0,0.0
G6518L108,Not New,NIELSEN HLDGS PLC,31831.0,1364400.0,96810.0,3500000.0,64979.0,2135600.0
380956409,Not New,GOLDCORP INC NEW,7840.0,800000.0,8160.0,800000.0,320.0,0.0
517942108,Sold Out,LASALLE HOTEL PPTYS,1245.0,35987.0,,,,
67072V103,New Holding,NXSTAGE MEDICAL INC,,,238.0,8300.0,,
450913108,Not New,IAMGOLD CORP,6808.0,1850000.0,6808.0,1850000.0,0.0,0.0
90130A101,New Holding,TWENTY FIRST CENTY FOX INC,,,7218.0,150000.0,,
00817Y108,Sold Out,AETNA INC NEW,72559.0,357700.0,,,,
