CUSIP,status,NAME OF ISSUER,(x$1000)_old,PRN AMT_old,(x$1000),PRN AMT,(x$1000)_change,PRN AMT_change
893641100,New Holding,TRANSDIGM GROUP INC,,,220340.0,1000000.0,,
G81276100,New Holding,SIGNET JEWELERS LIMITED,,,62015.0,500000.0,,
G81276100,New Holding,SIGNET JEWELERS LIMITED,,,124030.0,1000000.0,,
969457100,New Holding,WILLIAMS COS INC DEL,,,32140.0,2000000.0,,
969490101,Sold Out,WILLIAMS CLAYTON ENERGY INC,11828.0,400000.0,,,,
45866F104,New Holding,INTERCONTINENTAL EXCHANGE IN,,,52906.0,225000.0,,
235851102,Not New,DANAHER CORP DEL,350982.0,3700000.0,208980.0,2250000.0,-142002.0,-1450000.0
81211K100,Not New,SEALED AIR CORP NEW,240050.0,5000000.0,234150.0,5250000.0,-5900.0,250000.0
260543103,Not New,DOW CHEM CO,1271500.0,25000000.0,1299870.0,25250000.0,28370.0,250000.0
608190104,Not New,MOHAWK INDS INC,381800.0,2000000.0,402454.0,2125000.0,20654.0,125000.0
G0750C108,Sold Out,AXALTA COATING SYS LTD,63960.0,2400000.0,,,,
H1467J104,New Holding,CHUBB LIMITED,,,285960.0,2400000.0,,
87612G101,New Holding,TARGA RES CORP,,,53748.0,1800000.0,,
21036P108,Not New,CONSTELLATION BRANDS INC,266674.0,1765000.0,227904.0,1600000.0,-38770.0,-165000.0
Y09827109,New Holding,BROADCOM LTD,,,200850.0,1300000.0,,
031162100,Not New,AMGEN INC,449790.0,3000000.0,1467934.0,9042900.0,1018144.0,6042900.0
36467J108,New Holding,GAMING & LEISURE PPTYS INC,,,1082.0,35000.0,,
835898107,Not New,SOTHEBYS,178047.0,6660925.0,171304.0,6650000.0,-6743.0,-10925.0
19075FAA4,Sold Out,COBALT INTL ENERGY INC,5031.0,8750000.0,,,,
392709101,Not New,GREEN BRICK PARTNERS INC,61350.0,8083022.0,58198.0,8083022.0,-3152.0,0.0
29355A107,Not New,ENPHASE ENERGY INC,14560.0,6248987.0,21934.0,6248987.0,7374.0,0.0
88732J207,Not New,TIME WARNER CABLE INC,245544.0,1200000.0,259826.0,1400000.0,14282.0,200000.0
832696405,Not New,SMUCKER J M CO,100626.0,775000.0,203511.0,1650000.0,102885.0,875000.0
548661107,New Holding,LOWES COS INC,,,227250.0,3000000.0,,
268648102,New Holding,E M C CORP MASS,,,186550.0,7000000.0,,
03524A108,Not New,ANHEUSER BUSCH INBEV SA/NV,218155.0,1750000.0,175000.0,1400000.0,-43155.0,-350000.0
02079K305,New Holding,ALPHABET INC,,,534030.0,700000.0,,
278642103,Sold Out,EBAY INC,109920.0,4000000.0,,,,
60871R209,Not New,MOLSON COORS BREWING CO,206787.0,2150000.0,187840.0,2000000.0,-18947.0,-150000.0
071813109,Not New,BAXTER INTL INC,2212158.0,53850000.0,2054378.0,53850000.0,-157780.0,0.0
G0177J108,Not New,ALLERGAN PLC,1340150.0,5000000.0,1687500.0,5400000.0,347350.0,400000.0
172967226,Not New,CITIGROUP INC,2000.0,20000000.0,3600.0,20000000.0,1600.0,0.0
500754106,Not New,KRAFT HEINZ CO,39280.0,500000.0,5966.0,82000.0,-33314.0,-418000.0
Y0486S104,Sold Out,AVAGO TECHNOLOGIES LTD,217725.0,1500000.0,,,,
G5480U120,Sold Out,LIBERTY GLOBAL PLC,203850.0,5000000.0,,,,
776696106,Not New,ROPER TECHNOLOGIES INC,246740.0,1350000.0,275196.0,1450000.0,28456.0,100000.0
988498101,Not New,YUM BRANDS INC,122775.0,1500000.0,5501.0,75300.0,-117274.0,-1424700.0
988498101,Not New,YUM BRANDS INC,450175.0,5500000.0,5501.0,75300.0,-444674.0,-5424700.0
H0023R105,Sold Out,ACE LTD,175275.0,1500000.0,,,,
617446448,Sold Out,MORGAN STANLEY,95430.0,3000000.0,,,,
G6564A105,New Holding,NOMAD HLDGS LTD,,,105282.0,11685000.0,,
03765N108,Not New,APIGEE CORP,26314.0,3166551.0,25427.0,3166551.0,-887.0,0.0
90130A101,New Holding,TWENTY FIRST CENTY FOX INC,,,40426.0,1450000.0,,
07177M103,New Holding,BAXALTA INC,,,242400.0,6000000.0,,
928563402,New Holding,VMWARE INC,,,62772.0,1200000.0,,
