CUSIP,status,NAME OF ISSUER,(x$1000)_old,PRN AMT_old,(x$1000),PRN AMT,(x$1000)_change,PRN AMT_change
893641100,Not New,TRANSDIGM GROUP INC,298233.0,1131000.0,220340.0,1000000.0,-77893.0,-131000.0
881609101,New Holding,TESORO CORP,,,48698.0,650000.0,,
G81276100,Sold Out,SIGNET JEWELERS LIMITED,62015.0,500000.0,,,,
G81276100,Sold Out,SIGNET JEWELERS LIMITED,124030.0,1000000.0,,,,
969457100,Sold Out,WILLIAMS COS INC DEL,32140.0,2000000.0,,,,
82481R106,New Holding,SHIRE PLC,,,174876.0,950000.0,,
45866F104,Sold Out,INTERCONTINENTAL EXCHANGE IN,52906.0,225000.0,,,,
235851102,Not New,DANAHER CORP DEL,388850.0,3850000.0,350982.0,3700000.0,-37868.0,-150000.0
78409V104,New Holding,S&P GLOBAL INC,,,171616.0,1600000.0,,
260543103,Not New,DOW CHEM CO,994200.0,20000000.0,1271500.0,25000000.0,277300.0,5000000.0
608190104,Not New,MOHAWK INDS INC,284640.0,1500000.0,381800.0,2000000.0,97160.0,500000.0
81211K100,Not New,SEALED AIR CORP NEW,206865.0,4500000.0,240050.0,5000000.0,33185.0,500000.0
H1467J104,Not New,CHUBB LIMITED,307168.0,2350000.0,285960.0,2400000.0,-21208.0,50000.0
87612G101,Sold Out,TARGA RES CORP,53748.0,1800000.0,,,,
21036P108,Not New,CONSTELLATION BRANDS INC,330800.0,2000000.0,266674.0,1765000.0,-64126.0,-235000.0
Y09827109,Sold Out,BROADCOM LTD,200850.0,1300000.0,,,,
031162100,Sold Out,AMGEN INC,449790.0,3000000.0,,,,
835898107,Not New,SOTHEBYS,182509.0,6660925.0,178047.0,6660925.0,-4462.0,0.0
36467J108,Sold Out,GAMING & LEISURE PPTYS INC,1082.0,35000.0,,,,
392709101,Not New,GREEN BRICK PARTNERS INC,58764.0,8083022.0,61350.0,8083022.0,2586.0,0.0
29355A107,Not New,ENPHASE ENERGY INC,12435.0,6248987.0,14560.0,6248987.0,2125.0,0.0
88732J207,Sold Out,TIME WARNER CABLE INC,245544.0,1200000.0,,,,
G25839104,New Holding,COCA COLA EUROPEAN PARTNERS,,,96363.0,2700000.0,,
16119P108,New Holding,CHARTER COMMUNICATIONS INC N,,,331528.0,1450000.0,,
832696405,Sold Out,SMUCKER J M CO,100626.0,775000.0,,,,
548661107,Not New,LOWES COS INC,237510.0,3000000.0,227250.0,3000000.0,-10260.0,0.0
G5480U104,New Holding,LIBERTY GLOBAL PLC,,,58120.0,2000000.0,,
268648102,Not New,E M C CORP MASS,163020.0,6000000.0,186550.0,7000000.0,23530.0,1000000.0
369550108,New Holding,GENERAL DYNAMICS CORP,,,49444.0,355100.0,,
031100100,New Holding,AMETEK INC NEW,,,124821.0,2700000.0,,
03524A108,Not New,ANHEUSER BUSCH INBEV SA/NV,250192.0,1900000.0,218155.0,1750000.0,-32037.0,-150000.0
02079K305,Not New,ALPHABET INC,281412.0,400000.0,534030.0,700000.0,252618.0,300000.0
60871R209,Not New,MOLSON COORS BREWING CO,101130.0,1000000.0,206787.0,2150000.0,105657.0,1150000.0
071813109,Not New,BAXTER INTL INC,2346998.0,51901767.0,2212158.0,53850000.0,-134840.0,1948233.0
61166W101,New Holding,MONSANTO CO NEW,,,206820.0,2000000.0,,
30303M102,New Holding,FACEBOOK INC,,,428550.0,3750000.0,,
G0177J108,Not New,ALLERGAN PLC,1132341.0,4900000.0,1340150.0,5000000.0,207809.0,100000.0
G0177J108,Not New,ALLERGAN PLC,115545.0,500000.0,1340150.0,5000000.0,1224605.0,4500000.0
25179M103,New Holding,DEVON ENERGY CORP NEW,,,41688.0,1150000.0,,
907818108,New Holding,UNION PAC CORP,,,117788.0,1350000.0,,
413875105,New Holding,HARRIS CORP DEL,,,83440.0,1000000.0,,
172967226,Not New,CITIGROUP INC,1176.0,20000000.0,2000.0,20000000.0,824.0,0.0
824348106,New Holding,SHERWIN WILLIAMS CO,,,205569.0,700000.0,,
00507V109,New Holding,ACTIVISION BLIZZARD INC,,,118890.0,3000000.0,,
500754106,Sold Out,KRAFT HEINZ CO,39280.0,500000.0,,,,
966387102,New Holding,WHITING PETE CORP NEW,,,75932.0,8200000.0,,
776696106,Sold Out,ROPER TECHNOLOGIES INC,246740.0,1350000.0,,,,
988498101,Not New,YUM BRANDS INC,207300.0,2500000.0,122775.0,1500000.0,-84525.0,-1000000.0
988498101,Not New,YUM BRANDS INC,207300.0,2500000.0,450175.0,5500000.0,242875.0,3000000.0
40054A108,New Holding,GRUPO SUPERVIELLE S A,,,57555.0,4500000.0,,
G6564A105,Not New,NOMAD HLDGS LTD,100947.0,12650000.0,105282.0,11685000.0,4335.0,-965000.0
03765N108,Not New,APIGEE CORP,38695.0,3166551.0,26314.0,3166551.0,-12381.0,0.0
90130A101,Sold Out,TWENTY FIRST CENTY FOX INC,40426.0,1450000.0,,,,
07177M103,Sold Out,BAXALTA INC,242400.0,6000000.0,,,,
565849106,New Holding,MARATHON OIL CORP,,,60040.0,4000000.0,,
928563402,Sold Out,VMWARE INC,62772.0,1200000.0,,,,
