CUSIP,status,NAME OF ISSUER,(x$1000)_old,PRN AMT_old,(x$1000),PRN AMT,(x$1000)_change,PRN AMT_change
159864107,Not New,CHARLES RIV LABS INTL INC,21285.0,122081.0,16712.0,132417.0,-4573.0,10336.0
159864107,Not New,CHARLES RIV LABS INTL INC,21285.0,122081.0,41403.0,328051.0,20118.0,205970.0
159864107,Not New,CHARLES RIV LABS INTL INC,50709.0,290845.0,16712.0,132417.0,-33997.0,-158428.0
159864107,Not New,CHARLES RIV LABS INTL INC,50709.0,290845.0,41403.0,328051.0,-9306.0,37206.0
05156X884,New Holding,AURORA CANNABIS INC,,,922.0,74200.0,,
05156X884,New Holding,AURORA CANNABIS INC,,,993.0,79952.0,,
382865111,New Holding,GORES HLDGS IV INC,,,60.0,33750.0,,
697660207,Not New,PAMPA ENERGIA S A,2848.0,271509.0,3068.0,271509.0,220.0,0.0
697660207,Not New,PAMPA ENERGIA S A,2848.0,271509.0,18265.0,1616330.0,15417.0,1344821.0
697660207,Not New,PAMPA ENERGIA S A,15378.0,1465973.0,3068.0,271509.0,-12310.0,-1194464.0
697660207,Not New,PAMPA ENERGIA S A,15378.0,1465973.0,18265.0,1616330.0,2887.0,150357.0
36165L108,Not New,GDS HLDGS LTD,52018.0,653000.0,37854.0,653000.0,-14164.0,0.0
46116X101,Sold Out,INTRA CELLULAR THERAPIES INC,1614.0,105000.0,,,,
235851300,New Holding,DANAHER CORPORATION,,,41324.0,33000.0,,
185064102,New Holding,CLEARSIGN TECHNOLOGIES CORP,,,168.0,80900.0,,
185064102,New Holding,CLEARSIGN TECHNOLOGIES CORP,,,168.0,80900.0,,
910873405,Not New,UNITED MICROELECTRONICS CORP,18648.0,7063778.0,17270.0,7958667.0,-1378.0,894889.0
472145AB7,New Holding,JAZZ INVESTMENTS I LTD,,,8356.0,8500000.0,,
64110L106,Not New,NETFLIX INC,138115.0,303523.0,292680.0,779442.0,154565.0,475919.0
34959J207,Sold Out,FORTIVE CORP,20207.0,27500.0,,,,
584021109,Sold Out,MEDALLIA INC,2966.0,148010.0,,,,
252131AH0,New Holding,DEXCOM INC,,,62175.0,25000000.0,,
595017AD6,Not New,MICROCHIP TECHNOLOGY INC.,87271.0,38980000.0,55891.0,38980000.0,-31380.0,0.0
87305RAD1,New Holding,TTM TECHNOLOGIES INC,,,8807.0,7000000.0,,
08862E109,Not New,BEYOND MEAT INC,5292.0,39500.0,2631.0,39500.0,-2661.0,0.0
08862E109,Not New,BEYOND MEAT INC,5292.0,39500.0,2631.0,39500.0,-2661.0,0.0
08862E109,Not New,BEYOND MEAT INC,5292.0,39500.0,2631.0,39500.0,-2661.0,0.0
08862E109,Not New,BEYOND MEAT INC,5292.0,39500.0,2631.0,39500.0,-2661.0,0.0
163092AB5,Not New,CHEGG INC,28518.0,11348000.0,20331.0,14250000.0,-8187.0,2902000.0
06684LAB9,New Holding,BAOZUN INC,,,10105.0,10447000.0,,
02376RAF9,New Holding,AMERICAN AIRLS GROUP INC,,,2352.0,2500000.0,,
761283AC4,Not New,RESTORATION HARDWARE HLDGS I,15592.0,8000000.0,8374.0,8000000.0,-7218.0,0.0
30734W109,Not New,FAR PT ACQUISITION CORP,14042.0,1371325.0,13878.0,1371325.0,-164.0,0.0
29355A107,Sold Out,ENPHASE ENERGY INC,6458.0,200000.0,,,,
29355A107,Sold Out,ENPHASE ENERGY INC,6458.0,200000.0,,,,
87403A107,Not New,TAILORED BRANDS INC,325.0,346500.0,603.0,346500.0,278.0,0.0
87403A107,Not New,TAILORED BRANDS INC,325.0,346500.0,603.0,346500.0,278.0,0.0
87403A107,Not New,TAILORED BRANDS INC,30.0,32300.0,603.0,346500.0,573.0,314200.0
87403A107,Not New,TAILORED BRANDS INC,30.0,32300.0,603.0,346500.0,573.0,314200.0
983134107,Not New,WYNN RESORTS LTD,25534.0,342779.0,27330.0,454057.0,1796.0,111278.0
16119P108,New Holding,CHARTER COMMUNICATIONS INC N,,,63102.0,123719.0,,
45174J509,Not New,IHEARTMEDIA INC,11543.0,1382416.0,10105.0,1382416.0,-1438.0,0.0
45174J509,Not New,IHEARTMEDIA INC,11543.0,1382416.0,9767.0,1336071.0,-1776.0,-46345.0
45174J509,Not New,IHEARTMEDIA INC,10861.0,1300717.0,10105.0,1382416.0,-756.0,81699.0
45174J509,Not New,IHEARTMEDIA INC,10861.0,1300717.0,9767.0,1336071.0,-1094.0,35354.0
65339F770,Sold Out,NEXTERA ENERGY INC,2745.0,62661.0,,,,
34959JAK4,New Holding,FORTIVE CORP,,,22043.0,22500000.0,,
650111107,Not New,NEW YORK TIMES CO,141584.0,3368647.0,110769.0,3606925.0,-30815.0,238278.0
757468103,New Holding,REDHILL BIOPHARMA LTD,,,176.0,26300.0,,
757468103,New Holding,REDHILL BIOPHARMA LTD,,,176.0,26300.0,,
934550203,New Holding,WARNER MUSIC GROUP CORP,,,42041.0,1425132.0,,
138035100,Not New,CANOPY GROWTH CORP,6202.0,383800.0,3337.0,231400.0,-2865.0,-152400.0
138035100,Not New,CANOPY GROWTH CORP,6202.0,383800.0,1442.0,100000.0,-4760.0,-283800.0
138035100,Not New,CANOPY GROWTH CORP,6202.0,383800.0,2715.0,188300.0,-3487.0,-195500.0
138035100,Not New,CANOPY GROWTH CORP,6490.0,401600.0,3337.0,231400.0,-3153.0,-170200.0
138035100,Not New,CANOPY GROWTH CORP,6490.0,401600.0,1442.0,100000.0,-5048.0,-301600.0
138035100,Not New,CANOPY GROWTH CORP,6490.0,401600.0,2715.0,188300.0,-3775.0,-213300.0
256163AB2,New Holding,DOCUSIGN INC,,,76280.0,31306000.0,,
G9402V109,Not New,VALARIS PLC,157.0,240700.0,107.0,238700.0,-50.0,-2000.0
G9402V109,Not New,VALARIS PLC,157.0,240700.0,107.0,238700.0,-50.0,-2000.0
G9402V109,Not New,VALARIS PLC,157.0,240700.0,107.0,238700.0,-50.0,-2000.0
G9402V109,Not New,VALARIS PLC,157.0,240700.0,107.0,238700.0,-50.0,-2000.0
83088V102,Sold Out,SLACK TECHNOLOGIES INC,10451.0,389400.0,,,,
83088V102,Sold Out,SLACK TECHNOLOGIES INC,10451.0,389400.0,,,,
464287242,Sold Out,ISHARES TR,40932.0,331407.0,,,,
464287242,Sold Out,ISHARES TR,111238.0,900638.0,,,,
55825T103,Not New,MADISON SQUARE GRDN SPRT COR,51675.0,351794.0,50105.0,237006.0,-1570.0,-114788.0
060505682,Not New,BK OF AMERICA CORP,16049.0,11906.0,9632.0,7449.0,-6417.0,-4457.0
36118H204,New Holding,FUSION ACQUISITION CORP,,,14224.0,1400000.0,,
69553P100,New Holding,PAGERDUTY INC,,,1623.0,56700.0,,
98138J206,New Holding,WORKHORSE GROUP INC,,,4299.0,247200.0,,
11135F101,Sold Out,BROADCOM INC,33485.0,141228.0,,,,
755111507,Sold Out,RAYTHEON CO,213192.0,1625555.0,,,,
57636Q104,Not New,MASTERCARD INCORPORATED,105357.0,356296.0,187328.0,775492.0,81971.0,419196.0
03236M200,Not New,AMYRIS INC,64.0,15000.0,38.0,15000.0,-26.0,0.0
03236M200,Not New,AMYRIS INC,64.0,15000.0,38.0,15000.0,-26.0,0.0
03236M200,Not New,AMYRIS INC,64.0,15000.0,38.0,15000.0,-26.0,0.0
03236M200,Not New,AMYRIS INC,64.0,15000.0,38.0,15000.0,-26.0,0.0
15912K100,Sold Out,CHANGE HEALTHCARE INC,1124.0,112500.0,,,,
670704AG0,Not New,NUVASIVE INC,41122.0,37500000.0,12528.0,12000000.0,-28594.0,-25500000.0
464337AJ3,New Holding,ISIS PHARMACEUTICALS INC DEL,,,6886.0,6250000.0,,
35952H601,Not New,FUELCELL ENERGY INC,382.0,169000.0,255.0,169000.0,-127.0,0.0
35952H601,Not New,FUELCELL ENERGY INC,382.0,169000.0,255.0,169000.0,-127.0,0.0
35952H601,Not New,FUELCELL ENERGY INC,382.0,169000.0,255.0,169000.0,-127.0,0.0
35952H601,Not New,FUELCELL ENERGY INC,382.0,169000.0,255.0,169000.0,-127.0,0.0
075887208,Sold Out,BECTON DICKINSON & CO,24251.0,440888.0,,,,
46267XAD0,New Holding,IQIYI INC,,,4470.0,4500000.0,,
09061GAF8,Not New,BIOMARIN PHARMACEUTICAL INC,15846.0,12000000.0,8509.0,8000000.0,-7337.0,-4000000.0
98156QAB4,Not New,WORLD WRESTLING ENTMT INC,18655.0,10000000.0,15290.0,10000000.0,-3365.0,0.0
03765K104,Not New,APHRIA INC,113.0,26300.0,495.0,161700.0,382.0,135400.0
03765K104,Not New,APHRIA INC,113.0,26300.0,409.0,133500.0,296.0,107200.0
03765K104,Not New,APHRIA INC,112.0,26000.0,495.0,161700.0,383.0,135700.0
03765K104,Not New,APHRIA INC,112.0,26000.0,409.0,133500.0,297.0,107500.0
79466L302,Not New,SALESFORCE COM INC,154702.0,825825.0,114460.0,794973.0,-40242.0,-30852.0
025537101,New Holding,AMERICAN ELEC PWR CO INC,,,9927.0,124654.0,,
70451A104,Sold Out,PAYSIGN INC,670.0,129900.0,,,,
700517105,New Holding,PARK HOTELS RESORTS INC,,,9930.0,1004016.0,,
090040AB2,New Holding,BILIBILI INC,,,34496.0,18000000.0,,
163072101,New Holding,CHEESECAKE FACTORY INC,,,3702.0,161500.0,,
163072101,New Holding,CHEESECAKE FACTORY INC,,,3702.0,161500.0,,
88688T100,Not New,TILRAY INC,103.0,14500.0,100.0,14500.0,-3.0,0.0
88688T100,Not New,TILRAY INC,103.0,14500.0,100.0,14500.0,-3.0,0.0
29786AAC0,Not New,ETSY INC,44057.0,15000000.0,18938.0,15000000.0,-25119.0,0.0
83192H106,Sold Out,SMILEDIRECTCLUB INC,3011.0,644700.0,,,,
83192H106,Sold Out,SMILEDIRECTCLUB INC,3011.0,644700.0,,,,
02376R102,New Holding,AMERICAN AIRLS GROUP INC,,,1307.0,100000.0,,
02376R102,New Holding,AMERICAN AIRLS GROUP INC,,,1307.0,100000.0,,
02376R102,New Holding,AMERICAN AIRLS GROUP INC,,,1344.0,102800.0,,
76680R206,Sold Out,RINGCENTRAL INC,4344.0,20500.0,,,,
81141R100,New Holding,SEA LTD,,,28451.0,265300.0,,
26142R104,New Holding,DRAFTKINGS INC,,,2820.0,84800.0,,
26142R104,New Holding,DRAFTKINGS INC,,,2824.0,84900.0,,
54951L109,Sold Out,LUCKIN COFFEE INC,4497.0,165400.0,,,,
54951L109,Sold Out,LUCKIN COFFEE INC,1506.0,55400.0,,,,
54951L109,Sold Out,LUCKIN COFFEE INC,3.0,100.0,,,,
54951L109,Sold Out,LUCKIN COFFEE INC,19460.0,715700.0,,,,
428304109,Not New,HEXO CORP,16.0,21900.0,18.0,21900.0,2.0,0.0
428304109,Not New,HEXO CORP,16.0,21900.0,18.0,21900.0,2.0,0.0
428304109,Not New,HEXO CORP,16.0,21900.0,18.0,21900.0,2.0,0.0
428304109,Not New,HEXO CORP,16.0,21900.0,18.0,21900.0,2.0,0.0
25271C102,Sold Out,DIAMOND OFFSHORE DRILLING IN,122.0,66900.0,,,,
25271C102,Sold Out,DIAMOND OFFSHORE DRILLING IN,122.0,66900.0,,,,
989701115,Sold Out,ZIONS BANCORPORATION N A,1186.0,3677797.0,,,,
989701115,Sold Out,ZIONS BANCORPORATION N A,735.0,2277854.0,,,,
G75130107,Sold Out,REPLAY ACQUISITION CORP,1236.0,125000.0,,,,
629076118,Sold Out,NEBULA ACQUISITION CORP,168.0,175000.0,,,,
87157DAD1,Not New,SYNAPTICS INC,37134.0,34750000.0,30757.0,29489000.0,-6377.0,-5261000.0
98986X109,Not New,ZYNERBA PHARMACEUTICALS INC,277.0,82100.0,302.0,78800.0,25.0,-3300.0
98986X109,Not New,ZYNERBA PHARMACEUTICALS INC,277.0,82100.0,302.0,78800.0,25.0,-3300.0
98986X109,Not New,ZYNERBA PHARMACEUTICALS INC,277.0,82100.0,302.0,78800.0,25.0,-3300.0
98986X109,Not New,ZYNERBA PHARMACEUTICALS INC,277.0,82100.0,302.0,78800.0,25.0,-3300.0
98426TAD8,New Holding,YY INC,,,24891.0,22725000.0,,
92766K106,Not New,VIRGIN GALACTIC HOLDINGS INC,9980.0,610800.0,511.0,34600.0,-9469.0,-576200.0
92766K106,Not New,VIRGIN GALACTIC HOLDINGS INC,9980.0,610800.0,511.0,34600.0,-9469.0,-576200.0
92766K106,Not New,VIRGIN GALACTIC HOLDINGS INC,6536.0,400000.0,511.0,34600.0,-6025.0,-365400.0
92766K106,Not New,VIRGIN GALACTIC HOLDINGS INC,6536.0,400000.0,511.0,34600.0,-6025.0,-365400.0
92766K106,Not New,VIRGIN GALACTIC HOLDINGS INC,9980.0,610800.0,511.0,34600.0,-9469.0,-576200.0
92766K106,Not New,VIRGIN GALACTIC HOLDINGS INC,9980.0,610800.0,511.0,34600.0,-9469.0,-576200.0
06684L103,Not New,BAOZUN INC,1227.0,31900.0,196.0,7000.0,-1031.0,-24900.0
06684L103,Not New,BAOZUN INC,1227.0,31900.0,699.0,25000.0,-528.0,-6900.0
06684L103,Not New,BAOZUN INC,1227.0,31900.0,894.0,32000.0,-333.0,100.0
06684L103,Not New,BAOZUN INC,1227.0,31900.0,83.0,2953.0,-1144.0,-28947.0
06684L103,Not New,BAOZUN INC,1227.0,31900.0,7013.0,251000.0,5786.0,219100.0
06684L103,Not New,BAOZUN INC,1227.0,31900.0,7432.0,266000.0,6205.0,234100.0
06684L103,Not New,BAOZUN INC,1230.0,32000.0,196.0,7000.0,-1034.0,-25000.0
06684L103,Not New,BAOZUN INC,1230.0,32000.0,699.0,25000.0,-531.0,-7000.0
06684L103,Not New,BAOZUN INC,1230.0,32000.0,894.0,32000.0,-336.0,0.0
06684L103,Not New,BAOZUN INC,1230.0,32000.0,83.0,2953.0,-1147.0,-29047.0
06684L103,Not New,BAOZUN INC,1230.0,32000.0,7013.0,251000.0,5783.0,219000.0
06684L103,Not New,BAOZUN INC,1230.0,32000.0,7432.0,266000.0,6202.0,234000.0
06684L103,Not New,BAOZUN INC,4116.0,107053.0,196.0,7000.0,-3920.0,-100053.0
06684L103,Not New,BAOZUN INC,4116.0,107053.0,699.0,25000.0,-3417.0,-82053.0
06684L103,Not New,BAOZUN INC,4116.0,107053.0,894.0,32000.0,-3222.0,-75053.0
06684L103,Not New,BAOZUN INC,4116.0,107053.0,83.0,2953.0,-4033.0,-104100.0
06684L103,Not New,BAOZUN INC,4116.0,107053.0,7013.0,251000.0,2897.0,143947.0
06684L103,Not New,BAOZUN INC,4116.0,107053.0,7432.0,266000.0,3316.0,158947.0
06684L103,Not New,BAOZUN INC,4333.0,112700.0,196.0,7000.0,-4137.0,-105700.0
06684L103,Not New,BAOZUN INC,4333.0,112700.0,699.0,25000.0,-3634.0,-87700.0
06684L103,Not New,BAOZUN INC,4333.0,112700.0,894.0,32000.0,-3439.0,-80700.0
06684L103,Not New,BAOZUN INC,4333.0,112700.0,83.0,2953.0,-4250.0,-109747.0
06684L103,Not New,BAOZUN INC,4333.0,112700.0,7013.0,251000.0,2680.0,138300.0
06684L103,Not New,BAOZUN INC,4333.0,112700.0,7432.0,266000.0,3099.0,153300.0
06684L103,Not New,BAOZUN INC,10228.0,266000.0,196.0,7000.0,-10032.0,-259000.0
06684L103,Not New,BAOZUN INC,10228.0,266000.0,699.0,25000.0,-9529.0,-241000.0
06684L103,Not New,BAOZUN INC,10228.0,266000.0,894.0,32000.0,-9334.0,-234000.0
06684L103,Not New,BAOZUN INC,10228.0,266000.0,83.0,2953.0,-10145.0,-263047.0
06684L103,Not New,BAOZUN INC,10228.0,266000.0,7013.0,251000.0,-3215.0,-15000.0
06684L103,Not New,BAOZUN INC,10228.0,266000.0,7432.0,266000.0,-2796.0,0.0
46267X108,Not New,IQIYI INC,67325.0,2903200.0,51677.0,2903200.0,-15648.0,0.0
629377CG5,Not New,NRG ENERGY INC,14598.0,14339000.0,13930.0,14339000.0,-668.0,0.0
N97284108,Not New,YANDEX N V,39421.0,788100.0,17352.0,509600.0,-22069.0,-278500.0
382865202,New Holding,GORES HLDGS IV INC,,,6.0,600.0,,
G6095L109,New Holding,APTIV PLC,,,4044.0,51895.0,,
46591M109,Not New,JOYY INC,71228.0,804380.0,23131.0,434300.0,-48097.0,-370080.0
46591M109,Not New,JOYY INC,38909.0,439400.0,23131.0,434300.0,-15778.0,-5100.0
254067101,New Holding,DILLARDS INC,,,1457.0,56500.0,,
254067101,New Holding,DILLARDS INC,,,1457.0,56500.0,,
543195200,New Holding,LONGVIEW ACQUISITION CORP,,,2525.0,250000.0,,
44109J114,Sold Out,HOSTESS BRANDS INC,58.0,100500.0,,,,
848574109,Not New,SPIRIT AEROSYSTEMS HLDGS INC,124840.0,5214706.0,120169.0,5021706.0,-4671.0,-193000.0
30052C107,New Holding,EVOLUS INC,,,187.0,35200.0,,
30052C107,New Holding,EVOLUS INC,,,187.0,35200.0,,
05156X108,Sold Out,AURORA CANNABIS INC,822.0,907100.0,,,,
05156X108,Sold Out,AURORA CANNABIS INC,905.0,999400.0,,,,
984249607,Not New,YRC WORLDWIDE INC,131.0,70700.0,119.0,70700.0,-12.0,0.0
984249607,Not New,YRC WORLDWIDE INC,131.0,70700.0,119.0,70700.0,-12.0,0.0
984249607,Not New,YRC WORLDWIDE INC,131.0,70700.0,119.0,70700.0,-12.0,0.0
984249607,Not New,YRC WORLDWIDE INC,131.0,70700.0,119.0,70700.0,-12.0,0.0
G5785G107,Not New,MALLINCKRODT PUB LTD CO,435.0,162200.0,321.0,162200.0,-114.0,0.0
G5785G107,Not New,MALLINCKRODT PUB LTD CO,435.0,162200.0,321.0,162200.0,-114.0,0.0
G5785G107,Not New,MALLINCKRODT PUB LTD CO,435.0,162200.0,321.0,162200.0,-114.0,0.0
G5785G107,Not New,MALLINCKRODT PUB LTD CO,435.0,162200.0,321.0,162200.0,-114.0,0.0
98138HAF8,Not New,WORKDAY INC,40316.0,29211000.0,29537.0,26500000.0,-10779.0,-2711000.0
94419LAD3,Not New,WAYFAIR INC,40349.0,22500000.0,16871.0,24500000.0,-23478.0,2000000.0
22266L106,Sold Out,COUPA SOFTWARE INC,35882.0,256797.0,,,,
090040106,Not New,BILIBILI INC,54885.0,1184900.0,27750.0,1184900.0,-27135.0,0.0
88160RAG6,Not New,TESLA INC,166784.0,47500000.0,22507.0,12250000.0,-144277.0,-35250000.0
233253202,Sold Out,DMY TECHNOLOGY GROUP INC,6881.0,700000.0,,,,
848577102,New Holding,SPIRIT AIRLS INC,,,4322.0,242800.0,,
848577102,New Holding,SPIRIT AIRLS INC,,,3715.0,208700.0,,
848577102,New Holding,SPIRIT AIRLS INC,,,4452.0,250100.0,,
635017106,Not New,NATIONAL BEVERAGE CORP,1318.0,21600.0,2832.0,66400.0,1514.0,44800.0
635017106,Not New,NATIONAL BEVERAGE CORP,1318.0,21600.0,2832.0,66400.0,1514.0,44800.0
635017106,Not New,NATIONAL BEVERAGE CORP,1318.0,21600.0,2832.0,66400.0,1514.0,44800.0
635017106,Not New,NATIONAL BEVERAGE CORP,1318.0,21600.0,2832.0,66400.0,1514.0,44800.0
83587F202,New Holding,SORRENTO THERAPEUTICS INC,,,664.0,105700.0,,
83587F202,New Holding,SORRENTO THERAPEUTICS INC,,,664.0,105700.0,,
30063PAC9,Not New,EXACT SCIENCES CORP,7198.0,7500000.0,7950.0,10000000.0,752.0,2500000.0
74737V106,Sold Out,PYXUS INTL INC,425.0,136600.0,,,,
74737V106,Sold Out,PYXUS INTL INC,425.0,136600.0,,,,
34962V205,New Holding,FORTRESS VALUE ACQUISITION C,,,3086.0,299634.0,,
02209S103,Not New,ALTRIA GROUP INC,72883.0,1856895.0,116332.0,3008319.0,43449.0,1151424.0
46185L103,Not New,INVITAE CORP,7367.0,243200.0,3325.0,243200.0,-4042.0,0.0
46185L103,Not New,INVITAE CORP,7367.0,243200.0,3325.0,243200.0,-4042.0,0.0
46185L103,Not New,INVITAE CORP,7367.0,243200.0,3325.0,243200.0,-4042.0,0.0
46185L103,Not New,INVITAE CORP,7367.0,243200.0,3325.0,243200.0,-4042.0,0.0
30303M102,Not New,FACEBOOK INC,285027.0,1255240.0,224098.0,1343513.0,-60929.0,88273.0
30303M102,Not New,FACEBOOK INC,180680.0,795700.0,224098.0,1343513.0,43418.0,547813.0
29272C103,New Holding,ENERGOUS CORP,,,98.0,34700.0,,
29272C103,New Holding,ENERGOUS CORP,,,98.0,34700.0,,
101137206,New Holding,BOSTON SCIENTIFIC CORP,,,7879.0,75165.0,,
05465P101,Not New,AXONICS MODULATION TECHNOLOG,281.0,8000.0,203.0,8000.0,-78.0,0.0
05465P101,Not New,AXONICS MODULATION TECHNOLOG,281.0,8000.0,203.0,8000.0,-78.0,0.0
05465P101,Not New,AXONICS MODULATION TECHNOLOG,281.0,8000.0,203.0,8000.0,-78.0,0.0
05465P101,Not New,AXONICS MODULATION TECHNOLOG,281.0,8000.0,203.0,8000.0,-78.0,0.0
38046C109,Not New,GOGO INC,320.0,101400.0,268.0,126400.0,-52.0,25000.0
38046C109,Not New,GOGO INC,320.0,101400.0,268.0,126400.0,-52.0,25000.0
38046C109,Not New,GOGO INC,320.0,101400.0,268.0,126400.0,-52.0,25000.0
38046C109,Not New,GOGO INC,320.0,101400.0,268.0,126400.0,-52.0,25000.0
36258Q204,New Holding,GS ACQUISITION HLDGS CORP II,,,13138.0,1250000.0,,
682189AK1,Not New,ON SEMICONDUCTOR CORP,44481.0,38000000.0,21682.0,21729000.0,-22799.0,-16271000.0
45782B104,Not New,INSEEGO CORP,3779.0,325800.0,223.0,35800.0,-3556.0,-290000.0
45782B104,Not New,INSEEGO CORP,3779.0,325800.0,223.0,35800.0,-3556.0,-290000.0
45782B104,Not New,INSEEGO CORP,3779.0,325800.0,223.0,35800.0,-3556.0,-290000.0
45782B104,Not New,INSEEGO CORP,3779.0,325800.0,223.0,35800.0,-3556.0,-290000.0
747798106,Sold Out,QUDIAN INC,117.0,65030.0,,,,
747798106,Sold Out,QUDIAN INC,3627.0,2015100.0,,,,
25258L109,Sold Out,DIAMOND EAGLE ACQUISITION CO,558.0,45200.0,,,,
25258L109,Sold Out,DIAMOND EAGLE ACQUISITION CO,558.0,45200.0,,,,
530715AL5,Sold Out,LIBERTY MEDIA CORP,2446.0,4235000.0,,,,
00123Q104,New Holding,AGNC INVT CORP,,,22464.0,1741411.0,,
00123Q104,New Holding,AGNC INVT CORP,,,76866.0,5958589.0,,
G66721104,New Holding,NORWEGIAN CRUISE LINE HLDG L,,,4740.0,288500.0,,
G66721104,New Holding,NORWEGIAN CRUISE LINE HLDG L,,,4740.0,288500.0,,
023135106,Not New,AMAZON COM INC,334402.0,121212.0,299816.0,153774.0,-34586.0,32562.0
872590112,New Holding,T-MOBILE US INC,,,87.0,549857.0,,
206787103,Not New,CONDUENT INC,1140.0,477104.0,2351.0,959404.0,1211.0,482300.0
53567X101,Not New,LINE CORP,496.0,9900.0,477.0,9900.0,-19.0,0.0
60879B107,Not New,MOMO INC,16279.0,931300.0,20200.0,931300.0,3921.0,0.0
74017N105,Not New,PRECIGEN INC,386.0,77258.0,263.0,77258.0,-123.0,0.0
30734W117,Not New,FAR PT ACQUISITION CORP,131.0,250100.0,153.0,264797.0,22.0,14697.0
185899AA9,Not New,CLEVELAND CLIFFS INC,19905.0,21775000.0,17645.0,25775000.0,-2260.0,4000000.0
707569AU3,New Holding,PENN NATL GAMING INC,,,18415.0,12278000.0,,
34962V106,New Holding,FORTRESS VALUE ACQUISITION C,,,2991.0,300000.0,,
531229854,Not New,LIBERTY MEDIA CORP DEL,181880.0,5735728.0,142193.0,5221915.0,-39687.0,-513813.0
98980G102,New Holding,ZSCALER INC,,,5650.0,51600.0,,
60879BAB3,Not New,MOMO INC,6941.0,9000000.0,7230.0,9000000.0,289.0,0.0
31620M106,Sold Out,FIDELITY NATL INFORMATION SV,131792.0,1083460.0,,,,
23804L103,Not New,DATADOG INC,4513.0,51900.0,3364.0,93500.0,-1149.0,41600.0
23804L103,Not New,DATADOG INC,4513.0,51900.0,3364.0,93500.0,-1149.0,41600.0
N72482123,Sold Out,QIAGEN NV,462.0,11109.0,,,,
912909108,Not New,UNITED STATES STL CORP NEW,7154.0,990900.0,6253.0,990900.0,-901.0,0.0
912909108,Not New,UNITED STATES STL CORP NEW,7154.0,990900.0,6253.0,990900.0,-901.0,0.0
912909108,Not New,UNITED STATES STL CORP NEW,7154.0,990900.0,6253.0,990900.0,-901.0,0.0
912909108,Not New,UNITED STATES STL CORP NEW,7154.0,990900.0,6253.0,990900.0,-901.0,0.0
452327109,Not New,ILLUMINA INC,1494.0,4035.0,2861.0,10474.0,1367.0,6439.0
452327109,Not New,ILLUMINA INC,1494.0,4035.0,5462.0,20000.0,3968.0,15965.0
452327109,Not New,ILLUMINA INC,7407.0,20000.0,2861.0,10474.0,-4546.0,-9526.0
452327109,Not New,ILLUMINA INC,7407.0,20000.0,5462.0,20000.0,-1945.0,0.0
65339F796,Not New,NEXTERA ENERGY INC,35355.0,725000.0,9899.0,200000.0,-25456.0,-525000.0
90353T100,Not New,UBER TECHNOLOGIES INC,101421.0,3263220.0,181542.0,6502223.0,80121.0,3239003.0
90353T100,Not New,UBER TECHNOLOGIES INC,88326.0,2841900.0,181542.0,6502223.0,93216.0,3660323.0
22266LAC0,New Holding,COUPA SOFTWARE INC,,,157501.0,86730000.0,,
34431F203,New Holding,FOLEY TRASIMENE ACQUISTN COR,,,1825.0,171050.0,,
75955K102,New Holding,REMARK HLDGS INC,,,989.0,419000.0,,
75955K102,New Holding,REMARK HLDGS INC,,,989.0,419000.0,,
29664W105,New Holding,ESPERION THERAPEUTICS INC NE,,,6840.0,133300.0,,
29664W105,New Holding,ESPERION THERAPEUTICS INC NE,,,6840.0,133300.0,,
852234103,Sold Out,SQUARE INC,1084.0,20700.0,,,,
741503AS5,Sold Out,PRICELINE GRP INC,44315.0,39773000.0,,,,
76156B107,Not New,REVOLVE GROUP INC,932.0,62700.0,542.0,62700.0,-390.0,0.0
76156B107,Not New,REVOLVE GROUP INC,932.0,62700.0,542.0,62700.0,-390.0,0.0
76156B107,Not New,REVOLVE GROUP INC,932.0,62700.0,542.0,62700.0,-390.0,0.0
76156B107,Not New,REVOLVE GROUP INC,932.0,62700.0,542.0,62700.0,-390.0,0.0
554382101,New Holding,MACERICH CO,,,2413.0,269000.0,,
554382101,New Holding,MACERICH CO,,,2413.0,269000.0,,
68620P101,Sold Out,ORGANIGRAM HLDGS INC,237.0,118700.0,,,,
68620P101,Sold Out,ORGANIGRAM HLDGS INC,237.0,118700.0,,,,
075896100,Not New,BED BATH & BEYOND INC,7100.0,669800.0,1356.0,322200.0,-5744.0,-347600.0
075896100,Not New,BED BATH & BEYOND INC,7100.0,669800.0,1356.0,322200.0,-5744.0,-347600.0
075896100,Not New,BED BATH & BEYOND INC,7100.0,669800.0,1356.0,322200.0,-5744.0,-347600.0
075896100,Not New,BED BATH & BEYOND INC,7100.0,669800.0,1356.0,322200.0,-5744.0,-347600.0
64157V108,Not New,NEW AGE BEVERAGES CORP,275.0,179800.0,250.0,179800.0,-25.0,0.0
64157V108,Not New,NEW AGE BEVERAGES CORP,275.0,179800.0,264.0,189800.0,-11.0,10000.0
64157V108,Not New,NEW AGE BEVERAGES CORP,290.0,189800.0,250.0,179800.0,-40.0,-10000.0
64157V108,Not New,NEW AGE BEVERAGES CORP,290.0,189800.0,264.0,189800.0,-26.0,0.0
10501E201,New Holding,BRAINSTORM CELL THERAPEUTICS,,,143.0,12800.0,,
10501E201,New Holding,BRAINSTORM CELL THERAPEUTICS,,,143.0,12800.0,,
88160RAD3,Not New,TESLA INC,164322.0,49500000.0,73258.0,42500000.0,-91064.0,-7000000.0
22266LAB2,Sold Out,COUPA SOFTWARE INC,16395.0,16395000.0,,,,
654106103,Not New,NIKE INC,96982.0,989109.0,17648.0,213300.0,-79334.0,-775809.0
92840M102,Not New,VISTRA ENERGY CORP,5812.0,318833.0,4982.0,318833.0,-830.0,0.0
92840M102,Not New,VISTRA ENERGY CORP,5812.0,318833.0,52627.0,3386196.0,46815.0,3067363.0
92840M102,Not New,VISTRA ENERGY CORP,59746.0,3297484.0,4982.0,318833.0,-54764.0,-2978651.0
92840M102,Not New,VISTRA ENERGY CORP,59746.0,3297484.0,52627.0,3386196.0,-7119.0,88712.0
053774105,New Holding,AVIS BUDGET GROUP,,,6508.0,284300.0,,
053774105,New Holding,AVIS BUDGET GROUP,,,6508.0,284300.0,,
15189T503,Sold Out,CENTERPOINT ENERGY INC,12572.0,425000.0,,,,
548661107,Sold Out,LOWES COS INC,192406.0,2235981.0,,,,
75886F107,New Holding,REGENERON PHARMACEUTICALS,,,6132.0,9833.0,,
093712107,Not New,BLOOM ENERGY CORP,284.0,26100.0,137.0,26100.0,-147.0,0.0
093712107,Not New,BLOOM ENERGY CORP,284.0,26100.0,137.0,26100.0,-147.0,0.0
093712107,Not New,BLOOM ENERGY CORP,284.0,26100.0,137.0,26100.0,-147.0,0.0
093712107,Not New,BLOOM ENERGY CORP,284.0,26100.0,137.0,26100.0,-147.0,0.0
163572209,New Holding,CHEMBIO DIAGNOSTICS INC,,,110.0,33900.0,,
163572209,New Holding,CHEMBIO DIAGNOSTICS INC,,,110.0,33900.0,,
02156K103,Not New,ALTICE USA INC,7070.0,313685.0,2505.0,112385.0,-4565.0,-201300.0
189464100,New Holding,CLOVIS ONCOLOGY INC,,,334.0,49500.0,,
189464100,New Holding,CLOVIS ONCOLOGY INC,,,334.0,49500.0,,
05278C107,Not New,AUTOHOME INC,107500.0,1423842.0,77548.0,1091924.0,-29952.0,-331918.0
94419L101,Sold Out,WAYFAIR INC,2672.0,50000.0,,,,
848637AD6,New Holding,SPLUNK INC,,,70448.0,48000000.0,,
25746U133,New Holding,DOMINION ENERGY INC,,,13237.0,130000.0,,
860897107,Not New,STITCH FIX INC,5407.0,216800.0,733.0,57700.0,-4674.0,-159100.0
860897107,Not New,STITCH FIX INC,5407.0,216800.0,733.0,57700.0,-4674.0,-159100.0
860897107,Not New,STITCH FIX INC,5532.0,221800.0,733.0,57700.0,-4799.0,-164100.0
860897107,Not New,STITCH FIX INC,5532.0,221800.0,733.0,57700.0,-4799.0,-164100.0
03782L101,Not New,APPIAN CORP,4018.0,78400.0,3154.0,78400.0,-864.0,0.0
03782L101,Not New,APPIAN CORP,4018.0,78400.0,3154.0,78400.0,-864.0,0.0
03782L101,Not New,APPIAN CORP,4018.0,78400.0,3154.0,78400.0,-864.0,0.0
03782L101,Not New,APPIAN CORP,4018.0,78400.0,3154.0,78400.0,-864.0,0.0
34962V114,New Holding,FORTRESS VALUE ACQUISITION C,,,141.0,100000.0,,
852234AD5,New Holding,SQUARE INC,,,2234.0,1500000.0,,
007903BD8,Not New,ADVANCED MICRO DEVICES INC,362060.0,55122000.0,315212.0,55122000.0,-46848.0,0.0
05478C105,New Holding,AZEK CO INC,,,6372.0,200000.0,,
17144C112,New Holding,CHURCHILL CAP CORP III,,,138.0,46629.0,,
674215AJ7,Not New,OASIS PETROLEUM INC,640.0,4000000.0,2043.0,12775000.0,1403.0,8775000.0
530715AG6,Sold Out,LIBERTY MEDIA CORP,16480.0,28383000.0,,,,
298736109,Not New,EURONET WORLDWIDE INC,3114.0,32500.0,1249.0,14565.0,-1865.0,-17935.0
298736109,Not New,EURONET WORLDWIDE INC,3114.0,32500.0,2786.0,32500.0,-328.0,0.0
01741R102,New Holding,ALLEGHENY TECHNOLOGIES INC,,,1330.0,130500.0,,
43300A203,Not New,HILTON WORLDWIDE HLDGS INC,116152.0,1581380.0,80410.0,1178340.0,-35742.0,-403040.0
98980F104,New Holding,ZOOMINFO TECHNOLOGIES INC,,,5394.0,105700.0,,
98980F104,New Holding,ZOOMINFO TECHNOLOGIES INC,,,5394.0,105700.0,,
143658300,Not New,CARNIVAL CORP,13118.0,798900.0,1317.0,100000.0,-11801.0,-698900.0
143658300,Not New,CARNIVAL CORP,13118.0,798900.0,1317.0,100000.0,-11801.0,-698900.0
143658300,Not New,CARNIVAL CORP,12478.0,759900.0,1317.0,100000.0,-11161.0,-659900.0
143658300,Not New,CARNIVAL CORP,12478.0,759900.0,1317.0,100000.0,-11161.0,-659900.0
143658300,Not New,CARNIVAL CORP,2809.0,171100.0,1317.0,100000.0,-1492.0,-71100.0
143658300,Not New,CARNIVAL CORP,2809.0,171100.0,1317.0,100000.0,-1492.0,-71100.0
163092AD1,New Holding,CHEGG INC,,,7796.0,5500000.0,,
01609W102,Not New,ALIBABA GROUP HLDG LTD,256250.0,1187992.0,287606.0,1478844.0,31356.0,290852.0
01609W102,Not New,ALIBABA GROUP HLDG LTD,670698.0,3109400.0,287606.0,1478844.0,-383092.0,-1630556.0
511795106,New Holding,LAKELAND INDS INC,,,1604.0,71500.0,,
511795106,New Holding,LAKELAND INDS INC,,,1604.0,71500.0,,
594918104,Not New,MICROSOFT CORP,50503.0,248160.0,163321.0,1035578.0,112818.0,787418.0
55616P104,New Holding,MACYS INC,,,8303.0,1206900.0,,
55616P104,New Holding,MACYS INC,,,8476.0,1232000.0,,
55616P104,New Holding,MACYS INC,,,8938.0,1299200.0,,
92537N108,Sold Out,VERTIV HOLDINGS CO,4305.0,544266.0,,,,
87918AAB1,Sold Out,TELADOC HEALTH INC,35282.0,10000000.0,,,,
020772109,Not New,ALPHA PRO TECH LTD,1478.0,83500.0,1009.0,83500.0,-469.0,0.0
020772109,Not New,ALPHA PRO TECH LTD,1478.0,83500.0,1009.0,83500.0,-469.0,0.0
020772109,Not New,ALPHA PRO TECH LTD,1478.0,83500.0,1009.0,83500.0,-469.0,0.0
020772109,Not New,ALPHA PRO TECH LTD,1478.0,83500.0,1009.0,83500.0,-469.0,0.0
539183103,New Holding,LIVONGO HEALTH INC,,,2985.0,39700.0,,
26443V101,Sold Out,DULUTH HLDGS INC,43.0,10700.0,,,,
26443V101,Sold Out,DULUTH HLDGS INC,43.0,10700.0,,,,
483119103,Not New,KALA PHARMACEUTICALS INC,141.0,13400.0,555.0,63100.0,414.0,49700.0
483119103,Not New,KALA PHARMACEUTICALS INC,141.0,13400.0,555.0,63100.0,414.0,49700.0
483119103,Not New,KALA PHARMACEUTICALS INC,147.0,14000.0,555.0,63100.0,408.0,49100.0
483119103,Not New,KALA PHARMACEUTICALS INC,147.0,14000.0,555.0,63100.0,408.0,49100.0
36257Y109,New Holding,GSX TECHEDU INC,,,20133.0,335600.0,,
36257Y109,New Holding,GSX TECHEDU INC,,,20253.0,337600.0,,
654110113,New Holding,NIKOLA CORP,,,1335.0,40000.0,,
38045R206,Sold Out,GOL LINHAS AEREAS INTLG S A,261.0,61224.0,,,,
443761200,New Holding,HUDSON EXECUTIVE INVT CORP,,,18348.0,1790000.0,,
45031UCB5,Not New,ISTAR INC,26338.0,24500000.0,22678.0,23500000.0,-3660.0,-1000000.0
98936JAB7,New Holding,ZENDESK INC,,,3370.0,2250000.0,,
844741BG2,New Holding,SOUTHWEST AIRLS CO,,,70836.0,59000000.0,,
09061G101,Sold Out,BIOMARIN PHARMACEUTICAL INC,697.0,8249.0,,,,
09061G101,Sold Out,BIOMARIN PHARMACEUTICAL INC,1166.0,13800.0,,,,
404280406,Sold Out,HSBC HLDGS PLC,6621.0,236376.0,,,,
741503AX4,New Holding,PRICELINE GRP INC,,,29730.0,28000000.0,,
382865103,New Holding,GORES HLDGS IV INC,,,1369.0,135000.0,,
88160R101,Not New,TESLA INC,3277007.0,3034800.0,1590235.0,3034800.0,-1686772.0,0.0
45773H201,Not New,INOVIO PHARMACEUTICALS INC,8309.0,308300.0,1867.0,251000.0,-6442.0,-57300.0
45773H201,Not New,INOVIO PHARMACEUTICALS INC,8309.0,308300.0,967.0,130000.0,-7342.0,-178300.0
45773H201,Not New,INOVIO PHARMACEUTICALS INC,8309.0,308300.0,1834.0,246500.0,-6475.0,-61800.0
45773H201,Not New,INOVIO PHARMACEUTICALS INC,2695.0,100000.0,1867.0,251000.0,-828.0,151000.0
45773H201,Not New,INOVIO PHARMACEUTICALS INC,2695.0,100000.0,967.0,130000.0,-1728.0,30000.0
45773H201,Not New,INOVIO PHARMACEUTICALS INC,2695.0,100000.0,1834.0,246500.0,-861.0,146500.0
45773H201,Not New,INOVIO PHARMACEUTICALS INC,11341.0,420800.0,1867.0,251000.0,-9474.0,-169800.0
45773H201,Not New,INOVIO PHARMACEUTICALS INC,11341.0,420800.0,967.0,130000.0,-10374.0,-290800.0
45773H201,Not New,INOVIO PHARMACEUTICALS INC,11341.0,420800.0,1834.0,246500.0,-9507.0,-174300.0
543881106,Not New,LORAL SPACE & COMMUNICATNS I,4463.0,228639.0,3715.0,228639.0,-748.0,0.0
543881106,Not New,LORAL SPACE & COMMUNICATNS I,4463.0,228639.0,8786.0,540659.0,4323.0,312020.0
543881106,Not New,LORAL SPACE & COMMUNICATNS I,10554.0,540659.0,3715.0,228639.0,-6839.0,-312020.0
543881106,Not New,LORAL SPACE & COMMUNICATNS I,10554.0,540659.0,8786.0,540659.0,-1768.0,0.0
462726100,Not New,IROBOT CORP,12786.0,152400.0,5350.0,130800.0,-7436.0,-21600.0
462726100,Not New,IROBOT CORP,12786.0,152400.0,1841.0,45000.0,-10945.0,-107400.0
462726100,Not New,IROBOT CORP,12786.0,152400.0,7190.0,175800.0,-5596.0,23400.0
462726100,Not New,IROBOT CORP,2098.0,25000.0,5350.0,130800.0,3252.0,105800.0
462726100,Not New,IROBOT CORP,2098.0,25000.0,1841.0,45000.0,-257.0,20000.0
462726100,Not New,IROBOT CORP,2098.0,25000.0,7190.0,175800.0,5092.0,150800.0
462726100,Not New,IROBOT CORP,14884.0,177400.0,5350.0,130800.0,-9534.0,-46600.0
462726100,Not New,IROBOT CORP,14884.0,177400.0,1841.0,45000.0,-13043.0,-132400.0
462726100,Not New,IROBOT CORP,14884.0,177400.0,7190.0,175800.0,-7694.0,-1600.0
05545E209,Not New,BHP GROUP PLC,19988.0,485724.0,12247.0,403674.0,-7741.0,-82050.0
09857L108,Not New,BOOKING HOLDINGS INC,103865.0,65228.0,6727.0,5000.0,-97138.0,-60228.0
09857L108,Not New,BOOKING HOLDINGS INC,181049.0,113700.0,6727.0,5000.0,-174322.0,-108700.0
98936J101,New Holding,ZENDESK INC,,,2293.0,25900.0,,
443573100,New Holding,HUBSPOT INC,,,1615.0,7200.0,,
69331C108,Sold Out,PG&E CORP,1949.0,216800.0,,,,
69331C108,Sold Out,PG&E CORP,1949.0,216800.0,,,,
36165LAB4,Not New,GDS HLDGS LTD,44381.0,27400000.0,28185.0,21900000.0,-16196.0,-5500000.0
168905107,New Holding,CHILDRENS PL INC,,,4150.0,110900.0,,
168905107,New Holding,CHILDRENS PL INC,,,4150.0,110900.0,,
03272L108,Not New,ANAPLAN INC,141255.0,3117518.0,58508.0,1933502.0,-82747.0,-1184016.0
05988J103,Sold Out,BANDWIDTH INC,2116.0,31442.0,,,,
88160RAC5,Not New,TESLA INC,536585.0,178644000.0,270394.0,172644000.0,-266191.0,-6000000.0
238337109,New Holding,DAVE & BUSTERS ENTMT INC,,,1221.0,91600.0,,
238337109,New Holding,DAVE & BUSTERS ENTMT INC,,,1221.0,91600.0,,
Y95308105,Not New,WAVE LIFE SCIENCES LTD,1251.0,120200.0,1126.0,120200.0,-125.0,0.0
G8232Y101,Sold Out,SMART GLOBAL HLDGS INC,313.0,12900.0,,,,
G9027T125,New Holding,TREBIA ACQUISITION CORP,,,12958.0,1240000.0,,
526057302,Sold Out,LENNAR CORP,11160.0,385901.0,,,,
36467W109,Not New,GAMESTOP CORP NEW,1017.0,234400.0,1369.0,391000.0,352.0,156600.0
36467W109,Not New,GAMESTOP CORP NEW,1017.0,234400.0,1369.0,391100.0,352.0,156700.0
36467W109,Not New,GAMESTOP CORP NEW,1018.0,234500.0,1369.0,391000.0,351.0,156500.0
36467W109,Not New,GAMESTOP CORP NEW,1018.0,234500.0,1369.0,391100.0,351.0,156600.0
42806J106,New Holding,HERTZ GLOBAL HLDGS INC,,,1210.0,857900.0,,
42806J106,New Holding,HERTZ GLOBAL HLDGS INC,,,307.0,217800.0,,
702149105,Not New,PARTY CITY HOLDCO INC,83.0,55400.0,25.0,55400.0,-58.0,0.0
702149105,Not New,PARTY CITY HOLDCO INC,83.0,55400.0,25.0,55400.0,-58.0,0.0
702149105,Not New,PARTY CITY HOLDCO INC,83.0,55400.0,25.0,55400.0,-58.0,0.0
702149105,Not New,PARTY CITY HOLDCO INC,83.0,55400.0,25.0,55400.0,-58.0,0.0
400110102,Not New,GRUBHUB INC,7339.0,104400.0,4252.0,104400.0,-3087.0,0.0
400110102,Not New,GRUBHUB INC,7339.0,104400.0,4252.0,104400.0,-3087.0,0.0
400110102,Not New,GRUBHUB INC,7339.0,104400.0,4252.0,104400.0,-3087.0,0.0
400110102,Not New,GRUBHUB INC,7339.0,104400.0,4252.0,104400.0,-3087.0,0.0
682189105,Not New,ON SEMICONDUCTOR CORP,20.0,1000.0,12.0,1000.0,-8.0,0.0
872590104,New Holding,T-MOBILE US INC,,,92691.0,889979.0,,
40171VAA8,Not New,GUIDEWIRE SOFTWARE INC,9901.0,8500000.0,8287.0,8500000.0,-1614.0,0.0
848637AC8,New Holding,SPLUNK INC,,,5604.0,3893000.0,,
03524A108,New Holding,ANHEUSER BUSCH INBEV SA/NV,,,57387.0,1164035.0,,
03524A108,New Holding,ANHEUSER BUSCH INBEV SA/NV,,,168128.0,3410300.0,,
75513E101,New Holding,RAYTHEON TECHNOLOGIES CORP,,,248538.0,4033392.0,,
02079K305,Not New,ALPHABET INC,113434.0,79993.0,116210.0,100013.0,2776.0,20020.0
22822V309,Sold Out,CROWN CASTLE INTL CORP NEW,14601.0,11250.0,,,,
767754872,Not New,RITE AID CORP,2127.0,124700.0,1871.0,124700.0,-256.0,0.0
767754872,Not New,RITE AID CORP,2127.0,124700.0,1871.0,124700.0,-256.0,0.0
767754872,Not New,RITE AID CORP,2127.0,124700.0,1871.0,124700.0,-256.0,0.0
767754872,Not New,RITE AID CORP,2127.0,124700.0,1871.0,124700.0,-256.0,0.0
816851406,Not New,SEMPRA ENERGY,45726.0,466610.0,33337.0,351610.0,-12389.0,-115000.0
G0177J108,Sold Out,ALLERGAN PLC,41499.0,234328.0,,,,
92940WAB5,New Holding,WIX COM LTD,,,7431.0,3998000.0,,
384278115,New Holding,GRAF INDL CORP,,,82.0,36023.0,,
00430H102,New Holding,ACCELERATE DIAGNOSTICS INC,,,136.0,9000.0,,
00430H102,New Holding,ACCELERATE DIAGNOSTICS INC,,,136.0,9000.0,,
83416TAE0,Sold Out,SOLARCITY CORP,3590.0,2000000.0,,,,
16949NAC3,New Holding,CHINA LODGING GROUP LTD,,,2514.0,2500000.0,,
910047109,New Holding,UNITED AIRLS HLDGS INC,,,7275.0,210200.0,,
910047109,New Holding,UNITED AIRLS HLDGS INC,,,7275.0,210200.0,,
00165C104,Not New,AMC ENTMT HLDGS INC,64.0,15000.0,999.0,316100.0,935.0,301100.0
00165C104,Not New,AMC ENTMT HLDGS INC,64.0,15000.0,1046.0,331100.0,982.0,316100.0
874224207,Not New,TALEND S A,527.0,15416.0,346.0,15416.0,-181.0,0.0
233253111,New Holding,DMY TECHNOLOGY GROUP INC,,,538.0,359931.0,,
165167CY1,Sold Out,CHESAPEAKE ENERGY CORP,1406.0,28124000.0,,,,
22717L101,Not New,CRONOS GROUP INC,3549.0,590500.0,4026.0,710000.0,477.0,119500.0
22717L101,Not New,CRONOS GROUP INC,3549.0,590500.0,4135.0,729300.0,586.0,138800.0
22717L101,Not New,CRONOS GROUP INC,3665.0,609800.0,4026.0,710000.0,361.0,100200.0
22717L101,Not New,CRONOS GROUP INC,3665.0,609800.0,4135.0,729300.0,470.0,119500.0
135086106,Not New,CANADA GOOSE HLDGS INC,3598.0,155300.0,3089.0,155300.0,-509.0,0.0
135086106,Not New,CANADA GOOSE HLDGS INC,3598.0,155300.0,3089.0,155300.0,-509.0,0.0
135086106,Not New,CANADA GOOSE HLDGS INC,3598.0,155300.0,3089.0,155300.0,-509.0,0.0
135086106,Not New,CANADA GOOSE HLDGS INC,3598.0,155300.0,3089.0,155300.0,-509.0,0.0
34407Y111,New Holding,FLYING EAGLE ACQUISITION COR,,,42.0,13863.0,,
595017AH7,Not New,MICROCHIP TECHNOLOGY INC.,18285.0,12500000.0,11813.0,12500000.0,-6472.0,0.0
74967XAA1,Not New,RH,39971.0,28500000.0,21351.0,26000000.0,-18620.0,-2500000.0
194014205,Sold Out,COLFAX CORP,4131.0,45000.0,,,,
