CUSIP,status,NAME OF ISSUER,(x$1000)_old,PRN AMT_old,(x$1000),PRN AMT,(x$1000)_change,PRN AMT_change
26884L109,Not New,EQT CORP,4619.0,70798.0,2807.0,47903.0,-1812.0,-22895.0
26884L109,Not New,EQT CORP,4619.0,70798.0,2801.0,47800.0,-1818.0,-22998.0
26884L109,Not New,EQT CORP,4619.0,70798.0,200470.0,3421574.0,195851.0,3350776.0
26884L109,Not New,EQT CORP,4619.0,70798.0,200852.0,3428100.0,196233.0,3357302.0
26884L109,Not New,EQT CORP,1416.0,21700.0,2807.0,47903.0,1391.0,26203.0
26884L109,Not New,EQT CORP,1416.0,21700.0,2801.0,47800.0,1385.0,26100.0
26884L109,Not New,EQT CORP,1416.0,21700.0,200470.0,3421574.0,199054.0,3399874.0
26884L109,Not New,EQT CORP,1416.0,21700.0,200852.0,3428100.0,199436.0,3406400.0
26884L109,Not New,EQT CORP,415228.0,6364622.0,2807.0,47903.0,-412421.0,-6316719.0
26884L109,Not New,EQT CORP,415228.0,6364622.0,2801.0,47800.0,-412427.0,-6316822.0
26884L109,Not New,EQT CORP,415228.0,6364622.0,200470.0,3421574.0,-214758.0,-2943048.0
26884L109,Not New,EQT CORP,415228.0,6364622.0,200852.0,3428100.0,-214376.0,-2936522.0
26884L109,Not New,EQT CORP,112702.0,1727500.0,2807.0,47903.0,-109895.0,-1679597.0
26884L109,Not New,EQT CORP,112702.0,1727500.0,2801.0,47800.0,-109901.0,-1679700.0
26884L109,Not New,EQT CORP,112702.0,1727500.0,200470.0,3421574.0,87768.0,1694074.0
26884L109,Not New,EQT CORP,112702.0,1727500.0,200852.0,3428100.0,88150.0,1700600.0
985817105,Sold Out,YELP INC,93.0,3100.0,,,,
985817105,Sold Out,YELP INC,7412.0,246900.0,,,,
867652406,Not New,SUNPOWER CORP,91.0,12500.0,117.0,12500.0,26.0,0.0
867652406,Not New,SUNPOWER CORP,91.0,12500.0,117.0,12500.0,26.0,0.0
867652406,Not New,SUNPOWER CORP,91.0,12500.0,117.0,12500.0,26.0,0.0
867652406,Not New,SUNPOWER CORP,91.0,12500.0,117.0,12500.0,26.0,0.0
00401C108,New Holding,ACACIA COMMUNICATIONS INC,,,188.0,4000.0,,
00401C108,New Holding,ACACIA COMMUNICATIONS INC,,,188.0,4000.0,,
783764AQ6,Not New,RYLAND GROUP INC,9810.0,8153000.0,9663.0,8153000.0,-147.0,0.0
78462F103,Not New,SPDR S&P 500 ETF TR,76273.0,303600.0,52567.0,217400.0,-23706.0,-86200.0
78462F103,Not New,SPDR S&P 500 ETF TR,76273.0,303600.0,3454186.0,14285300.0,3377913.0,13981700.0
78462F103,Not New,SPDR S&P 500 ETF TR,50.0,200.0,52567.0,217400.0,52517.0,217200.0
78462F103,Not New,SPDR S&P 500 ETF TR,50.0,200.0,3454186.0,14285300.0,3454136.0,14285100.0
78462F103,Not New,SPDR S&P 500 ETF TR,6044619.0,24060100.0,52567.0,217400.0,-5992052.0,-23842700.0
78462F103,Not New,SPDR S&P 500 ETF TR,6044619.0,24060100.0,3454186.0,14285300.0,-2590433.0,-9774800.0
78462F103,Not New,SPDR S&P 500 ETF TR,31354.0,124800.0,52567.0,217400.0,21213.0,92600.0
78462F103,Not New,SPDR S&P 500 ETF TR,31354.0,124800.0,3454186.0,14285300.0,3422832.0,14160500.0
82481R106,Sold Out,SHIRE PLC,687.0,4158.0,,,,
82481R106,Sold Out,SHIRE PLC,56927.0,344446.0,,,,
29786A106,Sold Out,ETSY INC,75.0,5026.0,,,,
29786A106,Sold Out,ETSY INC,102.0,6800.0,,,,
29786A106,Sold Out,ETSY INC,5859.0,390593.0,,,,
29786A106,Sold Out,ETSY INC,8609.0,573900.0,,,,
61022P100,New Holding,MONOTYPE IMAGING HOLDINGS IN,,,4.0,193.0,,
61022P100,New Holding,MONOTYPE IMAGING HOLDINGS IN,,,2547.0,132328.0,,
910873405,Not New,UNITED MICROELECTRONICS CORP,3101.0,1240497.0,1252.0,512997.0,-1849.0,-727500.0
68375N103,New Holding,OPKO HEALTH INC,,,1581.0,230400.0,,
68375N103,New Holding,OPKO HEALTH INC,,,1581.0,230400.0,,
64110L106,Sold Out,NETFLIX INC,269.0,1800.0,,,,
64110L106,Sold Out,NETFLIX INC,22143.0,148200.0,,,,
00756M404,Sold Out,ADVANCED SEMICONDUCTOR ENGR,51.0,8049.0,,,,
00756M404,Sold Out,ADVANCED SEMICONDUCTOR ENGR,570.0,90394.0,,,,
68557N103,New Holding,ORBITAL ATK INC,,,155.0,1163.0,,
68557N103,New Holding,ORBITAL ATK INC,,,17803.0,133695.0,,
036752103,Sold Out,ANTHEM INC,1155.0,6142.0,,,,
036752103,Sold Out,ANTHEM INC,79814.0,424247.0,,,,
60855RAD2,Not New,MOLINA HEALTHCARE INC,20050.0,16000000.0,24287.0,19000000.0,4237.0,3000000.0
595017AD6,Not New,MICROCHIP TECHNOLOGY INC,80039.0,45775000.0,65509.0,43698000.0,-14530.0,-2077000.0
55608B105,Not New,MACQUARIE INFRASTRUCTURE COR,702.0,9721.0,1043.0,13300.0,341.0,3579.0
55608B105,Not New,MACQUARIE INFRASTRUCTURE COR,702.0,9721.0,3920.0,50000.0,3218.0,40279.0
55608B105,Not New,MACQUARIE INFRASTRUCTURE COR,2887.0,40000.0,1043.0,13300.0,-1844.0,-26700.0
55608B105,Not New,MACQUARIE INFRASTRUCTURE COR,2887.0,40000.0,3920.0,50000.0,1033.0,10000.0
87305RAD1,Not New,TTM TECHNOLOGIES INC,15384.0,9110000.0,19265.0,10250000.0,3881.0,1140000.0
81762PAB8,Sold Out,SERVICENOW INC,37332.0,25500000.0,,,,
40416M105,Not New,HD SUPPLY HLDGS INC,2166.0,60042.0,1503.0,49064.0,-663.0,-10978.0
40416M105,Not New,HD SUPPLY HLDGS INC,2166.0,60042.0,115644.0,3775505.0,113478.0,3715463.0
40416M105,Not New,HD SUPPLY HLDGS INC,186009.0,5156898.0,1503.0,49064.0,-184506.0,-5107834.0
40416M105,Not New,HD SUPPLY HLDGS INC,186009.0,5156898.0,115644.0,3775505.0,-70365.0,-1381393.0
852857200,Not New,STAMPS COM INC,2067.0,10200.0,1580.0,10200.0,-487.0,0.0
852857200,Not New,STAMPS COM INC,2067.0,10200.0,1580.0,10200.0,-487.0,0.0
852857200,Not New,STAMPS COM INC,2067.0,10200.0,1580.0,10200.0,-487.0,0.0
852857200,Not New,STAMPS COM INC,2067.0,10200.0,1580.0,10200.0,-487.0,0.0
48268K101,New Holding,KT CORP,,,1.0,98.0,,
48268K101,New Holding,KT CORP,,,845.0,60943.0,,
177376100,Sold Out,CITRIX SYS INC,1281.0,16101.0,,,,
177376100,Sold Out,CITRIX SYS INC,46115.0,579483.0,,,,
03823U102,New Holding,APPLIED OPTOELECTRONICS INC,,,7890.0,122000.0,,
03823U102,New Holding,APPLIED OPTOELECTRONICS INC,,,647.0,10000.0,,
03823U102,New Holding,APPLIED OPTOELECTRONICS INC,,,718.0,11100.0,,
90328M107,Not New,USANA HEALTH SCIENCES INC,2885.0,50000.0,3205.0,50000.0,320.0,0.0
80283M101,Sold Out,SANTANDER CONSUMER USA HDG I,52.0,4100.0,,,,
80283M101,Sold Out,SANTANDER CONSUMER USA HDG I,4286.0,335900.0,,,,
044186104,Not New,ASHLAND GLOBAL HLDGS INC,2223.0,34000.0,2478.0,37600.0,255.0,3600.0
044186104,Not New,ASHLAND GLOBAL HLDGS INC,2223.0,34000.0,151857.0,2304000.0,149634.0,2270000.0
044186104,Not New,ASHLAND GLOBAL HLDGS INC,152182.0,2327300.0,2478.0,37600.0,-149704.0,-2289700.0
044186104,Not New,ASHLAND GLOBAL HLDGS INC,152182.0,2327300.0,151857.0,2304000.0,-325.0,-23300.0
24703L103,Not New,DELL TECHNOLOGIES INC,1580.0,20462.0,1544.0,25270.0,-36.0,4808.0
24703L103,Not New,DELL TECHNOLOGIES INC,1580.0,20462.0,88851.0,1453960.0,87271.0,1433498.0
24703L103,Not New,DELL TECHNOLOGIES INC,114088.0,1477636.0,1544.0,25270.0,-112544.0,-1452366.0
24703L103,Not New,DELL TECHNOLOGIES INC,114088.0,1477636.0,88851.0,1453960.0,-25237.0,-23676.0
263534109,Sold Out,DU PONT E I DE NEMOURS & CO,5724.0,70925.0,,,,
263534109,Sold Out,DU PONT E I DE NEMOURS & CO,2115.0,26200.0,,,,
263534109,Sold Out,DU PONT E I DE NEMOURS & CO,376957.0,4670506.0,,,,
263534109,Sold Out,DU PONT E I DE NEMOURS & CO,139297.0,1725900.0,,,,
595112AY9,New Holding,MICRON TECHNOLOGY INC,,,14900.0,10750000.0,,
16119P108,Sold Out,CHARTER COMMUNICATIONS INC N,1280.0,3800.0,,,,
16119P108,Sold Out,CHARTER COMMUNICATIONS INC N,21402.0,63535.0,,,,
16119P108,Sold Out,CHARTER COMMUNICATIONS INC N,96777.0,287300.0,,,,
92823T108,Not New,VIRNETX HLDG CORP,301.0,77200.0,351.0,77200.0,50.0,0.0
92823T108,Not New,VIRNETX HLDG CORP,301.0,77200.0,351.0,77200.0,50.0,0.0
92823T108,Not New,VIRNETX HLDG CORP,301.0,77200.0,351.0,77200.0,50.0,0.0
92823T108,Not New,VIRNETX HLDG CORP,301.0,77200.0,351.0,77200.0,50.0,0.0
81369Y605,Sold Out,SELECT SECTOR SPDR TR,597.0,24200.0,,,,
81369Y605,Sold Out,SELECT SECTOR SPDR TR,46313.0,1877300.0,,,,
57886P103,Not New,MAZOR ROBOTICS LTD,523.0,10600.0,367.0,10600.0,-156.0,0.0
57886P103,Not New,MAZOR ROBOTICS LTD,523.0,10600.0,367.0,10600.0,-156.0,0.0
57886P103,Not New,MAZOR ROBOTICS LTD,523.0,10600.0,367.0,10600.0,-156.0,0.0
57886P103,Not New,MAZOR ROBOTICS LTD,523.0,10600.0,367.0,10600.0,-156.0,0.0
256677105,New Holding,DOLLAR GEN CORP NEW,,,32.0,400.0,,
256677105,New Holding,DOLLAR GEN CORP NEW,,,20230.0,249600.0,,
165167107,Not New,CHESAPEAKE ENERGY CORP,3222.0,749200.0,2415.0,485900.0,-807.0,-263300.0
165167107,Not New,CHESAPEAKE ENERGY CORP,3222.0,749200.0,2418.0,486600.0,-804.0,-262600.0
165167107,Not New,CHESAPEAKE ENERGY CORP,3222.0,749200.0,2415.0,485900.0,-807.0,-263300.0
165167107,Not New,CHESAPEAKE ENERGY CORP,3222.0,749200.0,2418.0,486600.0,-804.0,-262600.0
92343V104,New Holding,VERIZON COMMUNICATIONS INC,,,7424.0,150000.0,,
92343V104,New Holding,VERIZON COMMUNICATIONS INC,,,7424.0,150000.0,,
83304A106,Not New,SNAP INC,16142.0,1110200.0,711.0,40000.0,-15431.0,-1070200.0
83304A106,Not New,SNAP INC,16142.0,1110200.0,387.0,21800.0,-15755.0,-1088400.0
83304A106,Not New,SNAP INC,16142.0,1110200.0,194.0,10900.0,-15948.0,-1099300.0
83304A106,Not New,SNAP INC,16142.0,1110200.0,18964.0,1067200.0,2822.0,-43000.0
83304A106,Not New,SNAP INC,16142.0,1110200.0,13450.0,756900.0,-2692.0,-353300.0
83304A106,Not New,SNAP INC,1.0,100.0,711.0,40000.0,710.0,39900.0
83304A106,Not New,SNAP INC,1.0,100.0,387.0,21800.0,386.0,21700.0
83304A106,Not New,SNAP INC,1.0,100.0,194.0,10900.0,193.0,10800.0
83304A106,Not New,SNAP INC,1.0,100.0,18964.0,1067200.0,18963.0,1067100.0
83304A106,Not New,SNAP INC,1.0,100.0,13450.0,756900.0,13449.0,756800.0
83304A106,Not New,SNAP INC,16397.0,1127700.0,711.0,40000.0,-15686.0,-1087700.0
83304A106,Not New,SNAP INC,16397.0,1127700.0,387.0,21800.0,-16010.0,-1105900.0
83304A106,Not New,SNAP INC,16397.0,1127700.0,194.0,10900.0,-16203.0,-1116800.0
83304A106,Not New,SNAP INC,16397.0,1127700.0,18964.0,1067200.0,2567.0,-60500.0
83304A106,Not New,SNAP INC,16397.0,1127700.0,13450.0,756900.0,-2947.0,-370800.0
83304A106,Not New,SNAP INC,1089.0,74900.0,711.0,40000.0,-378.0,-34900.0
83304A106,Not New,SNAP INC,1089.0,74900.0,387.0,21800.0,-702.0,-53100.0
83304A106,Not New,SNAP INC,1089.0,74900.0,194.0,10900.0,-895.0,-64000.0
83304A106,Not New,SNAP INC,1089.0,74900.0,18964.0,1067200.0,17875.0,992300.0
83304A106,Not New,SNAP INC,1089.0,74900.0,13450.0,756900.0,12361.0,682000.0
83304A106,Not New,SNAP INC,2143.0,147400.0,711.0,40000.0,-1432.0,-107400.0
83304A106,Not New,SNAP INC,2143.0,147400.0,387.0,21800.0,-1756.0,-125600.0
83304A106,Not New,SNAP INC,2143.0,147400.0,194.0,10900.0,-1949.0,-136500.0
83304A106,Not New,SNAP INC,2143.0,147400.0,18964.0,1067200.0,16821.0,919800.0
83304A106,Not New,SNAP INC,2143.0,147400.0,13450.0,756900.0,11307.0,609500.0
67555N206,Not New,OCLARO INC,3310.0,383500.0,3582.0,383500.0,272.0,0.0
67555N206,Not New,OCLARO INC,3310.0,383500.0,3582.0,383500.0,272.0,0.0
67555N206,Not New,OCLARO INC,3310.0,383500.0,3582.0,383500.0,272.0,0.0
67555N206,Not New,OCLARO INC,3310.0,383500.0,3582.0,383500.0,272.0,0.0
29273V100,Not New,ENERGY TRANSFER EQUITY L P,87227.0,5018814.0,80503.0,4482337.0,-6724.0,-536477.0
29273V100,Not New,ENERGY TRANSFER EQUITY L P,87227.0,5018814.0,39392.0,2193300.0,-47835.0,-2825514.0
29273V100,Not New,ENERGY TRANSFER EQUITY L P,87227.0,5018814.0,32116.0,1788219.0,-55111.0,-3230595.0
29273V100,Not New,ENERGY TRANSFER EQUITY L P,87227.0,5018814.0,65067.0,3622900.0,-22160.0,-1395914.0
29273V100,Not New,ENERGY TRANSFER EQUITY L P,4425.0,254600.0,80503.0,4482337.0,76078.0,4227737.0
29273V100,Not New,ENERGY TRANSFER EQUITY L P,4425.0,254600.0,39392.0,2193300.0,34967.0,1938700.0
29273V100,Not New,ENERGY TRANSFER EQUITY L P,4425.0,254600.0,32116.0,1788219.0,27691.0,1533619.0
29273V100,Not New,ENERGY TRANSFER EQUITY L P,4425.0,254600.0,65067.0,3622900.0,60642.0,3368300.0
29273V100,Not New,ENERGY TRANSFER EQUITY L P,61418.0,3533855.0,80503.0,4482337.0,19085.0,948482.0
29273V100,Not New,ENERGY TRANSFER EQUITY L P,61418.0,3533855.0,39392.0,2193300.0,-22026.0,-1340555.0
29273V100,Not New,ENERGY TRANSFER EQUITY L P,61418.0,3533855.0,32116.0,1788219.0,-29302.0,-1745636.0
29273V100,Not New,ENERGY TRANSFER EQUITY L P,61418.0,3533855.0,65067.0,3622900.0,3649.0,89045.0
29273V100,Not New,ENERGY TRANSFER EQUITY L P,7181.0,413200.0,80503.0,4482337.0,73322.0,4069137.0
29273V100,Not New,ENERGY TRANSFER EQUITY L P,7181.0,413200.0,39392.0,2193300.0,32211.0,1780100.0
29273V100,Not New,ENERGY TRANSFER EQUITY L P,7181.0,413200.0,32116.0,1788219.0,24935.0,1375019.0
29273V100,Not New,ENERGY TRANSFER EQUITY L P,7181.0,413200.0,65067.0,3622900.0,57886.0,3209700.0
78464A730,New Holding,SPDR SERIES TRUST,,,730.0,21400.0,,
78464A730,New Holding,SPDR SERIES TRUST,,,84557.0,2480400.0,,
98235TAE7,Sold Out,WRIGHT MED GROUP INC,10691.0,9586000.0,,,,
126804301,Sold Out,CABELAS INC,581.0,9771.0,,,,
126804301,Sold Out,CABELAS INC,20667.0,347804.0,,,,
761525609,New Holding,REVLON INC,,,415.0,16900.0,,
761525609,New Holding,REVLON INC,,,1642.0,66900.0,,
761525609,New Holding,REVLON INC,,,1642.0,66900.0,,
46122T102,Not New,INTREXON CORP,2319.0,122000.0,2939.0,122000.0,620.0,0.0
46122T102,Not New,INTREXON CORP,2319.0,122000.0,2968.0,123200.0,649.0,1200.0
46122T102,Not New,INTREXON CORP,2342.0,123200.0,2939.0,122000.0,597.0,-1200.0
46122T102,Not New,INTREXON CORP,2342.0,123200.0,2968.0,123200.0,626.0,0.0
948626106,Sold Out,WEIGHT WATCHERS INTL INC NEW,1367.0,40900.0,,,,
948626106,Sold Out,WEIGHT WATCHERS INTL INC NEW,1504.0,45000.0,,,,
36191G107,Not New,GNC HLDGS INC,941.0,106500.0,454.0,53900.0,-487.0,-52600.0
36191G107,Not New,GNC HLDGS INC,941.0,106500.0,687.0,81500.0,-254.0,-25000.0
36191G107,Not New,GNC HLDGS INC,941.0,106500.0,9945.0,1179700.0,9004.0,1073200.0
36191G107,Not New,GNC HLDGS INC,941.0,106500.0,454.0,53900.0,-487.0,-52600.0
36191G107,Not New,GNC HLDGS INC,941.0,106500.0,687.0,81500.0,-254.0,-25000.0
36191G107,Not New,GNC HLDGS INC,941.0,106500.0,9945.0,1179700.0,9004.0,1073200.0
36191G107,Not New,GNC HLDGS INC,10429.0,1179700.0,454.0,53900.0,-9975.0,-1125800.0
36191G107,Not New,GNC HLDGS INC,10429.0,1179700.0,687.0,81500.0,-9742.0,-1098200.0
36191G107,Not New,GNC HLDGS INC,10429.0,1179700.0,9945.0,1179700.0,-484.0,0.0
595112AV5,Not New,MICRON TECHNOLOGY INC,37737.0,10485000.0,27424.0,9985000.0,-10313.0,-500000.0
34988V106,New Holding,FOSSIL GROUP INC,,,663.0,71100.0,,
34988V106,New Holding,FOSSIL GROUP INC,,,663.0,71100.0,,
812350106,Not New,SEARS HLDGS CORP,927.0,127043.0,823.0,92843.0,-104.0,-34200.0
812350106,Not New,SEARS HLDGS CORP,927.0,127043.0,233.0,26300.0,-694.0,-100743.0
812350106,Not New,SEARS HLDGS CORP,927.0,127043.0,450.0,50800.0,-477.0,-76243.0
812350106,Not New,SEARS HLDGS CORP,927.0,127043.0,17041.0,1923400.0,16114.0,1796357.0
812350106,Not New,SEARS HLDGS CORP,37.0,5000.0,823.0,92843.0,786.0,87843.0
812350106,Not New,SEARS HLDGS CORP,37.0,5000.0,233.0,26300.0,196.0,21300.0
812350106,Not New,SEARS HLDGS CORP,37.0,5000.0,450.0,50800.0,413.0,45800.0
812350106,Not New,SEARS HLDGS CORP,37.0,5000.0,17041.0,1923400.0,17004.0,1918400.0
812350106,Not New,SEARS HLDGS CORP,621.0,85000.0,823.0,92843.0,202.0,7843.0
812350106,Not New,SEARS HLDGS CORP,621.0,85000.0,233.0,26300.0,-388.0,-58700.0
812350106,Not New,SEARS HLDGS CORP,621.0,85000.0,450.0,50800.0,-171.0,-34200.0
812350106,Not New,SEARS HLDGS CORP,621.0,85000.0,17041.0,1923400.0,16420.0,1838400.0
812350106,Not New,SEARS HLDGS CORP,17041.0,2334400.0,823.0,92843.0,-16218.0,-2241557.0
812350106,Not New,SEARS HLDGS CORP,17041.0,2334400.0,233.0,26300.0,-16808.0,-2308100.0
812350106,Not New,SEARS HLDGS CORP,17041.0,2334400.0,450.0,50800.0,-16591.0,-2283600.0
812350106,Not New,SEARS HLDGS CORP,17041.0,2334400.0,17041.0,1923400.0,0.0,-411000.0
92553P102,New Holding,VIACOM INC NEW,,,1101.0,30000.0,,
92553P102,New Holding,VIACOM INC NEW,,,1101.0,30000.0,,
20653P102,Not New,CONCORDIA INTERNATIONAL CORP,23.0,19400.0,30.0,19400.0,7.0,0.0
00507V109,New Holding,ACTIVISION BLIZZARD INC,,,19.0,300.0,,
00507V109,New Holding,ACTIVISION BLIZZARD INC,,,12896.0,199900.0,,
81369Y803,New Holding,SELECT SECTOR SPDR TR,,,41.0,700.0,,
81369Y803,New Holding,SELECT SECTOR SPDR TR,,,29550.0,500000.0,,
78463V107,Sold Out,SPDR GOLD TRUST,26637.0,225700.0,,,,
458660AD9,Sold Out,INTERDIGITAL INC,22026.0,18153000.0,,,,
177376AD2,Not New,CITRIX SYS INC,50690.0,43500000.0,38502.0,32000000.0,-12188.0,-11500000.0
G3788M114,New Holding,EROS INTL PLC,,,3993.0,279200.0,,
G3788M114,New Holding,EROS INTL PLC,,,858.0,60000.0,,
G3788M114,New Holding,EROS INTL PLC,,,5250.0,367100.0,,
01741RAG7,Sold Out,ALLEGHENY TECHNOLOGIES INC,6990.0,4900000.0,,,,
043353AH4,Sold Out,ARVINMERITOR INC,27021.0,25919000.0,,,,
G4412G101,Not New,HERBALIFE LTD,7834.0,115500.0,8239.0,115500.0,405.0,0.0
G4412G101,Not New,HERBALIFE LTD,7834.0,115500.0,8239.0,115500.0,405.0,0.0
G4412G101,Not New,HERBALIFE LTD,7834.0,115500.0,4468.0,62634.0,-3366.0,-52866.0
G4412G101,Not New,HERBALIFE LTD,7834.0,115500.0,69354.0,972300.0,61520.0,856800.0
G4412G101,Not New,HERBALIFE LTD,7834.0,115500.0,8239.0,115500.0,405.0,0.0
G4412G101,Not New,HERBALIFE LTD,7834.0,115500.0,8239.0,115500.0,405.0,0.0
G4412G101,Not New,HERBALIFE LTD,7834.0,115500.0,4468.0,62634.0,-3366.0,-52866.0
G4412G101,Not New,HERBALIFE LTD,7834.0,115500.0,69354.0,972300.0,61520.0,856800.0
G4412G101,Not New,HERBALIFE LTD,8732.0,128727.0,8239.0,115500.0,-493.0,-13227.0
G4412G101,Not New,HERBALIFE LTD,8732.0,128727.0,8239.0,115500.0,-493.0,-13227.0
G4412G101,Not New,HERBALIFE LTD,8732.0,128727.0,4468.0,62634.0,-4264.0,-66093.0
G4412G101,Not New,HERBALIFE LTD,8732.0,128727.0,69354.0,972300.0,60622.0,843573.0
G4412G101,Not New,HERBALIFE LTD,65951.0,972300.0,8239.0,115500.0,-57712.0,-856800.0
G4412G101,Not New,HERBALIFE LTD,65951.0,972300.0,8239.0,115500.0,-57712.0,-856800.0
G4412G101,Not New,HERBALIFE LTD,65951.0,972300.0,4468.0,62634.0,-61483.0,-909666.0
G4412G101,Not New,HERBALIFE LTD,65951.0,972300.0,69354.0,972300.0,3403.0,0.0
075887208,Sold Out,BECTON DICKINSON & CO,19690.0,360084.0,,,,
H8817H100,Not New,TRANSOCEAN LTD,2985.0,277452.0,1053.0,128000.0,-1932.0,-149452.0
H8817H100,Not New,TRANSOCEAN LTD,2986.0,277500.0,1053.0,128000.0,-1933.0,-149500.0
H8817H100,Not New,TRANSOCEAN LTD,1397.0,129878.0,1053.0,128000.0,-344.0,-1878.0
H8817H100,Not New,TRANSOCEAN LTD,3240.0,301100.0,1053.0,128000.0,-2187.0,-173100.0
79466L302,Sold Out,SALESFORCE COM INC,165.0,1900.0,,,,
79466L302,Sold Out,SALESFORCE COM INC,12825.0,148100.0,,,,
949746804,Sold Out,WELLS FARGO CO NEW,14382.0,10969.0,,,,
00817Y108,Sold Out,AETNA INC NEW,747.0,4922.0,,,,
00817Y108,Sold Out,AETNA INC NEW,1124.0,7400.0,,,,
00817Y108,Sold Out,AETNA INC NEW,27108.0,178539.0,,,,
00817Y108,Sold Out,AETNA INC NEW,75095.0,494600.0,,,,
00912X302,Not New,AIR LEASE CORP,8126.0,190650.0,5460.0,146150.0,-2666.0,-44500.0
00912X302,Not New,AIR LEASE CORP,8126.0,190650.0,4670.0,125000.0,-3456.0,-65650.0
00912X302,Not New,AIR LEASE CORP,7459.0,175000.0,5460.0,146150.0,-1999.0,-28850.0
00912X302,Not New,AIR LEASE CORP,7459.0,175000.0,4670.0,125000.0,-2789.0,-50000.0
021346101,Not New,ALTABA INC,13987.0,211162.0,14463.0,265470.0,476.0,54308.0
021346101,Not New,ALTABA INC,13987.0,211162.0,706603.0,12969957.0,692616.0,12758795.0
021346101,Not New,ALTABA INC,884640.0,13355066.0,14463.0,265470.0,-870177.0,-13089596.0
021346101,Not New,ALTABA INC,884640.0,13355066.0,706603.0,12969957.0,-178037.0,-385109.0
22943FAD2,Not New,CTRIP COM INTL LTD,5390.0,3900000.0,3535.0,2500000.0,-1855.0,-1400000.0
483709101,Not New,KANDI TECHNOLOGIES GROUP INC,236.0,41000.0,622.0,139700.0,386.0,98700.0
483709101,Not New,KANDI TECHNOLOGIES GROUP INC,236.0,41000.0,313.0,70400.0,77.0,29400.0
483709101,Not New,KANDI TECHNOLOGIES GROUP INC,259.0,45000.0,622.0,139700.0,363.0,94700.0
483709101,Not New,KANDI TECHNOLOGIES GROUP INC,259.0,45000.0,313.0,70400.0,54.0,25400.0
G81075106,Not New,SHIP FINANCE INTERNATIONAL L,2900.0,200000.0,2720.0,200000.0,-180.0,0.0
26817R116,Sold Out,DYNEGY INC NEW DEL,104.0,1522799.0,,,,
26817R116,Sold Out,DYNEGY INC NEW DEL,151.0,2206146.0,,,,
33812L102,Not New,FITBIT INC,256.0,36800.0,195.0,36800.0,-61.0,0.0
33812L102,Not New,FITBIT INC,256.0,36800.0,216.0,40700.0,-40.0,3900.0
33812L102,Not New,FITBIT INC,242.0,34700.0,195.0,36800.0,-47.0,2100.0
33812L102,Not New,FITBIT INC,242.0,34700.0,216.0,40700.0,-26.0,6000.0
G0750W104,New Holding,AXOVANT SCIENCES LTD,,,230.0,33500.0,,
G0750W104,New Holding,AXOVANT SCIENCES LTD,,,230.0,33500.0,,
30231G102,Sold Out,EXXON MOBIL CORP,1284.0,15900.0,,,,
30231G102,Sold Out,EXXON MOBIL CORP,92823.0,1149800.0,,,,
85207U105,Not New,SPRINT CORP,1932.0,248300.0,5384.0,655800.0,3452.0,407500.0
85207U105,Not New,SPRINT CORP,7404.0,951700.0,5384.0,655800.0,-2020.0,-295900.0
91232N108,New Holding,UNITED STATES OIL FUND LP,,,3998.0,383300.0,,
91232N108,New Holding,UNITED STATES OIL FUND LP,,,6471.0,620400.0,,
007903107,Sold Out,ADVANCED MICRO DEVICES INC,92.0,7400.0,,,,
007903107,Sold Out,ADVANCED MICRO DEVICES INC,7119.0,570400.0,,,,
G1151C101,Sold Out,ACCENTURE PLC IRELAND,544.0,4400.0,,,,
G1151C101,Sold Out,ACCENTURE PLC IRELAND,42608.0,344500.0,,,,
34960W106,New Holding,FORTERRA INC,,,420.0,93400.0,,
34960W106,New Holding,FORTERRA INC,,,420.0,93400.0,,
26875P101,Not New,EOG RES INC,3637.0,37600.0,963.0,10643.0,-2674.0,-26957.0
26875P101,Not New,EOG RES INC,3637.0,37600.0,1602.0,17700.0,-2035.0,-19900.0
26875P101,Not New,EOG RES INC,3637.0,37600.0,62516.0,690631.0,58879.0,653031.0
26875P101,Not New,EOG RES INC,3637.0,37600.0,104198.0,1151100.0,100561.0,1113500.0
26875P101,Not New,EOG RES INC,264497.0,2734100.0,963.0,10643.0,-263534.0,-2723457.0
26875P101,Not New,EOG RES INC,264497.0,2734100.0,1602.0,17700.0,-262895.0,-2716400.0
26875P101,Not New,EOG RES INC,264497.0,2734100.0,62516.0,690631.0,-201981.0,-2043469.0
26875P101,Not New,EOG RES INC,264497.0,2734100.0,104198.0,1151100.0,-160299.0,-1583000.0
25271C102,Not New,DIAMOND OFFSHORE DRILLING IN,2382.0,164300.0,1779.0,164300.0,-603.0,0.0
25271C102,Not New,DIAMOND OFFSHORE DRILLING IN,2382.0,164300.0,1779.0,164300.0,-603.0,0.0
25271C102,Not New,DIAMOND OFFSHORE DRILLING IN,725.0,50000.0,1779.0,164300.0,1054.0,114300.0
25271C102,Not New,DIAMOND OFFSHORE DRILLING IN,725.0,50000.0,1779.0,164300.0,1054.0,114300.0
25271C102,Not New,DIAMOND OFFSHORE DRILLING IN,2382.0,164300.0,1779.0,164300.0,-603.0,0.0
25271C102,Not New,DIAMOND OFFSHORE DRILLING IN,2382.0,164300.0,1779.0,164300.0,-603.0,0.0
91822M106,Not New,VEON LTD,3212.0,768327.0,33.0,8458.0,-3179.0,-759869.0
91822M106,Not New,VEON LTD,3212.0,768327.0,749.0,191542.0,-2463.0,-576785.0
989701115,Not New,ZIONS BANCORPORATION,20928.0,1376859.0,17376.0,1376859.0,-3552.0,0.0
98980A105,Not New,ZTO EXPRESS CAYMAN INC,171.0,12155.0,588.0,42100.0,417.0,29945.0
98980A105,Not New,ZTO EXPRESS CAYMAN INC,171.0,12155.0,588.0,42100.0,417.0,29945.0
98980A105,Not New,ZTO EXPRESS CAYMAN INC,56.0,4000.0,588.0,42100.0,532.0,38100.0
98980A105,Not New,ZTO EXPRESS CAYMAN INC,56.0,4000.0,588.0,42100.0,532.0,38100.0
98980A105,Not New,ZTO EXPRESS CAYMAN INC,86286.0,6145730.0,588.0,42100.0,-85698.0,-6103630.0
98980A105,Not New,ZTO EXPRESS CAYMAN INC,86286.0,6145730.0,588.0,42100.0,-85698.0,-6103630.0
487836108,Sold Out,KELLOGG CO,97.0,1400.0,,,,
487836108,Sold Out,KELLOGG CO,59097.0,850800.0,,,,
81369Y308,Sold Out,SELECT SECTOR SPDR TR,2126.0,38700.0,,,,
81369Y308,Sold Out,SELECT SECTOR SPDR TR,157370.0,2864400.0,,,,
74967X103,Sold Out,RH,1936.0,30000.0,,,,
74967X103,Sold Out,RH,1974.0,30600.0,,,,
98986X109,New Holding,ZYNERBA PHARMACEUTICALS INC,,,161.0,19200.0,,
98986X109,New Holding,ZYNERBA PHARMACEUTICALS INC,,,161.0,19200.0,,
16411R208,Not New,CHENIERE ENERGY INC,165.0,3655.0,178.0,3655.0,13.0,0.0
16411R208,Not New,CHENIERE ENERGY INC,165.0,3655.0,5611.0,115200.0,5446.0,111545.0
16411R208,Not New,CHENIERE ENERGY INC,5189.0,115200.0,178.0,3655.0,-5011.0,-111545.0
16411R208,Not New,CHENIERE ENERGY INC,5189.0,115200.0,5611.0,115200.0,422.0,0.0
63934E108,Not New,NAVISTAR INTL CORP NEW,138098.0,3133600.0,82194.0,3133600.0,-55904.0,0.0
741503AQ9,Not New,PRICELINE GRP INC,281616.0,145610000.0,258779.0,131117000.0,-22837.0,-14493000.0
06684L103,New Holding,BAOZUN INC,,,3525.0,107600.0,,
06684L103,New Holding,BAOZUN INC,,,3528.0,107700.0,,
63934EAS7,Not New,NAVISTAR INTL CORP NEW,12641.0,11500000.0,5387.0,5500000.0,-7254.0,-6000000.0
78461U101,New Holding,SORL AUTO PTS INC,,,445.0,116600.0,,
78461U101,New Holding,SORL AUTO PTS INC,,,445.0,116600.0,,
45104G104,Not New,ICICI BK LTD,674.0,78760.0,706.0,78760.0,32.0,0.0
254067101,New Holding,DILLARDS INC,,,8652.0,154300.0,,
254067101,New Holding,DILLARDS INC,,,2916.0,52000.0,,
G25839104,Not New,COCA COLA EUROPEAN PARTNERS,171.0,4114.0,371.0,9120.0,200.0,5006.0
G25839104,Not New,COCA COLA EUROPEAN PARTNERS,171.0,4114.0,32720.0,804515.0,32549.0,800401.0
G25839104,Not New,COCA COLA EUROPEAN PARTNERS,16570.0,398136.0,371.0,9120.0,-16199.0,-389016.0
G25839104,Not New,COCA COLA EUROPEAN PARTNERS,16570.0,398136.0,32720.0,804515.0,16150.0,406379.0
046353108,Sold Out,ASTRAZENECA PLC,324.0,9500.0,,,,
046353108,Sold Out,ASTRAZENECA PLC,19578.0,574300.0,,,,
743424AB9,New Holding,PROOFPOINT INC,,,13417.0,6000000.0,,
Y7542C106,New Holding,SCORPIO TANKERS INC,,,3.0,900.0,,
Y7542C106,New Holding,SCORPIO TANKERS INC,,,1712.0,499100.0,,
03837J101,Not New,AQUA METALS INC,82.0,12000.0,151.0,12000.0,69.0,0.0
03837J101,Not New,AQUA METALS INC,82.0,12000.0,151.0,12000.0,69.0,0.0
03837J101,Not New,AQUA METALS INC,82.0,12000.0,151.0,12000.0,69.0,0.0
03837J101,Not New,AQUA METALS INC,82.0,12000.0,151.0,12000.0,69.0,0.0
63934EAQ1,Sold Out,NAVISTAR INTL CORP NEW,7715.0,7750000.0,,,,
30212P303,Not New,EXPEDIA INC DEL,6825.0,47415.0,1892.0,12700.0,-4933.0,-34715.0
30212P303,Not New,EXPEDIA INC DEL,7067.0,49100.0,1892.0,12700.0,-5175.0,-36400.0
458140100,Sold Out,INTEL CORP,169.0,5000.0,,,,
458140100,Sold Out,INTEL CORP,13327.0,395000.0,,,,
609207105,Not New,MONDELEZ INTL INC,1629.0,40052.0,3524.0,81600.0,1895.0,41548.0
609207105,Not New,MONDELEZ INTL INC,1629.0,40052.0,145606.0,3371300.0,143977.0,3331248.0
609207105,Not New,MONDELEZ INTL INC,69534.0,1710121.0,3524.0,81600.0,-66010.0,-1628521.0
609207105,Not New,MONDELEZ INTL INC,69534.0,1710121.0,145606.0,3371300.0,76072.0,1661179.0
232806109,Sold Out,CYPRESS SEMICONDUCTOR CORP,25.0,1822.0,,,,
232806109,Sold Out,CYPRESS SEMICONDUCTOR CORP,2023.0,148178.0,,,,
45824V209,New Holding,INSYS THERAPEUTICS INC NEW,,,789.0,88800.0,,
45824V209,New Holding,INSYS THERAPEUTICS INC NEW,,,860.0,96800.0,,
758075AC9,New Holding,REDWOOD TR INC,,,5980.0,6000000.0,,
67066G104,Sold Out,NVIDIA CORP,102.0,707.0,,,,
67066G104,Sold Out,NVIDIA CORP,260.0,1800.0,,,,
67066G104,Sold Out,NVIDIA CORP,8292.0,57358.0,,,,
67066G104,Sold Out,NVIDIA CORP,21424.0,148200.0,,,,
Y8564W103,Not New,TEEKAY CORPORATION,1717.0,192300.0,473.0,70900.0,-1244.0,-121400.0
Y8564W103,Not New,TEEKAY CORPORATION,1717.0,192300.0,473.0,70900.0,-1244.0,-121400.0
Y8564W103,Not New,TEEKAY CORPORATION,1717.0,192300.0,473.0,70900.0,-1244.0,-121400.0
Y8564W103,Not New,TEEKAY CORPORATION,1717.0,192300.0,473.0,70900.0,-1244.0,-121400.0
060505146,Not New,BANK AMER CORP,11485.0,869078.0,10459.0,869078.0,-1026.0,0.0
17275R102,New Holding,CISCO SYS INC,,,17.0,500.0,,
17275R102,New Holding,CISCO SYS INC,,,10506.0,312400.0,,
30303M102,Not New,FACEBOOK INC,1727.0,10107.0,2370.0,15700.0,643.0,5593.0
30303M102,Not New,FACEBOOK INC,1727.0,10107.0,4454.0,29500.0,2727.0,19393.0
30303M102,Not New,FACEBOOK INC,1727.0,10107.0,170932.0,1132151.0,169205.0,1122044.0
30303M102,Not New,FACEBOOK INC,1727.0,10107.0,321044.0,2126400.0,319317.0,2116293.0
30303M102,Not New,FACEBOOK INC,3708.0,21700.0,2370.0,15700.0,-1338.0,-6000.0
30303M102,Not New,FACEBOOK INC,3708.0,21700.0,4454.0,29500.0,746.0,7800.0
30303M102,Not New,FACEBOOK INC,3708.0,21700.0,170932.0,1132151.0,167224.0,1110451.0
30303M102,Not New,FACEBOOK INC,3708.0,21700.0,321044.0,2126400.0,317336.0,2104700.0
30303M102,Not New,FACEBOOK INC,182864.0,1070193.0,2370.0,15700.0,-180494.0,-1054493.0
30303M102,Not New,FACEBOOK INC,182864.0,1070193.0,4454.0,29500.0,-178410.0,-1040693.0
30303M102,Not New,FACEBOOK INC,182864.0,1070193.0,170932.0,1132151.0,-11932.0,61958.0
30303M102,Not New,FACEBOOK INC,182864.0,1070193.0,321044.0,2126400.0,138180.0,1056207.0
30303M102,Not New,FACEBOOK INC,297570.0,1741500.0,2370.0,15700.0,-295200.0,-1725800.0
30303M102,Not New,FACEBOOK INC,297570.0,1741500.0,4454.0,29500.0,-293116.0,-1712000.0
30303M102,Not New,FACEBOOK INC,297570.0,1741500.0,170932.0,1132151.0,-126638.0,-609349.0
30303M102,Not New,FACEBOOK INC,297570.0,1741500.0,321044.0,2126400.0,23474.0,384900.0
29272C103,New Holding,ENERGOUS CORP,,,1808.0,142800.0,,
29272C103,New Holding,ENERGOUS CORP,,,2091.0,165200.0,,
453204109,Not New,IMPINJ INC,283.0,6800.0,331.0,6800.0,48.0,0.0
453204109,Not New,IMPINJ INC,283.0,6800.0,331.0,6800.0,48.0,0.0
453204109,Not New,IMPINJ INC,283.0,6800.0,331.0,6800.0,48.0,0.0
453204109,Not New,IMPINJ INC,283.0,6800.0,331.0,6800.0,48.0,0.0
171779309,New Holding,CIENA CORP,,,7.0,300.0,,
171779309,New Holding,CIENA CORP,,,4396.0,200100.0,,
38046C109,Not New,GOGO INC,518.0,43900.0,559.0,48500.0,41.0,4600.0
68389X105,Not New,ORACLE CORP,1098.0,22700.0,2757.0,54979.0,1659.0,32279.0
68389X105,Not New,ORACLE CORP,1098.0,22700.0,2472.0,49300.0,1374.0,26600.0
68389X105,Not New,ORACLE CORP,1098.0,22700.0,202171.0,4032131.0,201073.0,4009431.0
68389X105,Not New,ORACLE CORP,1098.0,22700.0,183477.0,3659300.0,182379.0,3636600.0
68389X105,Not New,ORACLE CORP,84361.0,1744800.0,2757.0,54979.0,-81604.0,-1689821.0
68389X105,Not New,ORACLE CORP,84361.0,1744800.0,2472.0,49300.0,-81889.0,-1695500.0
68389X105,Not New,ORACLE CORP,84361.0,1744800.0,202171.0,4032131.0,117810.0,2287331.0
68389X105,Not New,ORACLE CORP,84361.0,1744800.0,183477.0,3659300.0,99116.0,1914500.0
060505104,Not New,BANK AMER CORP,4815.0,190007.0,5372.0,221430.0,557.0,31423.0
060505104,Not New,BANK AMER CORP,4815.0,190007.0,4791.0,197500.0,-24.0,7493.0
060505104,Not New,BANK AMER CORP,4815.0,190007.0,358967.0,14796661.0,354152.0,14606654.0
060505104,Not New,BANK AMER CORP,4815.0,190007.0,306942.0,12652200.0,302127.0,12462193.0
060505104,Not New,BANK AMER CORP,1939.0,76500.0,5372.0,221430.0,3433.0,144930.0
060505104,Not New,BANK AMER CORP,1939.0,76500.0,4791.0,197500.0,2852.0,121000.0
060505104,Not New,BANK AMER CORP,1939.0,76500.0,358967.0,14796661.0,357028.0,14720161.0
060505104,Not New,BANK AMER CORP,1939.0,76500.0,306942.0,12652200.0,305003.0,12575700.0
060505104,Not New,BANK AMER CORP,375901.0,14834280.0,5372.0,221430.0,-370529.0,-14612850.0
060505104,Not New,BANK AMER CORP,375901.0,14834280.0,4791.0,197500.0,-371110.0,-14636780.0
060505104,Not New,BANK AMER CORP,375901.0,14834280.0,358967.0,14796661.0,-16934.0,-37619.0
060505104,Not New,BANK AMER CORP,375901.0,14834280.0,306942.0,12652200.0,-68959.0,-2182080.0
060505104,Not New,BANK AMER CORP,147198.0,5808900.0,5372.0,221430.0,-141826.0,-5587470.0
060505104,Not New,BANK AMER CORP,147198.0,5808900.0,4791.0,197500.0,-142407.0,-5611400.0
060505104,Not New,BANK AMER CORP,147198.0,5808900.0,358967.0,14796661.0,211769.0,8987761.0
060505104,Not New,BANK AMER CORP,147198.0,5808900.0,306942.0,12652200.0,159744.0,6843300.0
530715AL5,Not New,LIBERTY MEDIA CORP,14204.0,20077000.0,37420.0,56537000.0,23216.0,36460000.0
874080104,New Holding,TAL ED GROUP,,,4.0,108.0,,
874080104,New Holding,TAL ED GROUP,,,2614.0,77553.0,,
366651107,Sold Out,GARTNER INC,780.0,6312.0,,,,
366651107,Sold Out,GARTNER INC,62631.0,507094.0,,,,
458118106,Sold Out,INTEGRATED DEVICE TECHNOLOGY,93.0,3600.0,,,,
458118106,Sold Out,INTEGRATED DEVICE TECHNOLOGY,7397.0,286800.0,,,,
049164205,Sold Out,ATLAS AIR WORLDWIDE HLDGS IN,1416.0,27153.0,,,,
38268T103,Not New,GOPRO INC,3519.0,319600.0,4606.0,566600.0,1087.0,247000.0
38268T103,Not New,GOPRO INC,3519.0,319600.0,5062.0,622600.0,1543.0,303000.0
38268T103,Not New,GOPRO INC,3656.0,332100.0,4606.0,566600.0,950.0,234500.0
38268T103,Not New,GOPRO INC,3656.0,332100.0,5062.0,622600.0,1406.0,290500.0
52603A109,Not New,LENDINGCLUB CORP,42.0,6900.0,38.0,6900.0,-4.0,0.0
52603A109,Not New,LENDINGCLUB CORP,42.0,6900.0,38.0,6900.0,-4.0,0.0
52603A109,Not New,LENDINGCLUB CORP,42.0,6900.0,38.0,6900.0,-4.0,0.0
52603A109,Not New,LENDINGCLUB CORP,42.0,6900.0,38.0,6900.0,-4.0,0.0
500754106,Not New,KRAFT HEINZ CO,2233.0,28800.0,7418.0,86619.0,5185.0,57819.0
500754106,Not New,KRAFT HEINZ CO,2233.0,28800.0,15775.0,184200.0,13542.0,155400.0
500754106,Not New,KRAFT HEINZ CO,2233.0,28800.0,9472.0,110600.0,7239.0,81800.0
500754106,Not New,KRAFT HEINZ CO,179637.0,2316400.0,7418.0,86619.0,-172219.0,-2229781.0
500754106,Not New,KRAFT HEINZ CO,179637.0,2316400.0,15775.0,184200.0,-163862.0,-2132200.0
500754106,Not New,KRAFT HEINZ CO,179637.0,2316400.0,9472.0,110600.0,-170165.0,-2205800.0
67059N108,New Holding,NUTANIX INC,,,4221.0,188500.0,,
67059N108,New Holding,NUTANIX INC,,,4238.0,189300.0,,
18914U100,Not New,CLOUDERA INC,952.0,57300.0,918.0,57300.0,-34.0,0.0
18914U100,Not New,CLOUDERA INC,952.0,57300.0,926.0,57800.0,-26.0,500.0
18914U100,Not New,CLOUDERA INC,961.0,57800.0,918.0,57300.0,-43.0,-500.0
18914U100,Not New,CLOUDERA INC,961.0,57800.0,926.0,57800.0,-35.0,0.0
871639308,New Holding,SYNERGY PHARMACEUTICALS DEL,,,284.0,98100.0,,
871639308,New Holding,SYNERGY PHARMACEUTICALS DEL,,,284.0,98100.0,,
88160RAB7,Not New,TESLA INC,54194.0,49300000.0,63980.0,55800000.0,9786.0,6500000.0
206787103,Not New,CONDUENT INC,492.0,31400.0,1424.0,89363.0,932.0,57963.0
206787103,Not New,CONDUENT INC,492.0,31400.0,501.0,31400.0,9.0,0.0
206787103,Not New,CONDUENT INC,492.0,31400.0,109839.0,6890758.0,109347.0,6859358.0
206787103,Not New,CONDUENT INC,492.0,31400.0,36611.0,2296800.0,36119.0,2265400.0
206787103,Not New,CONDUENT INC,36166.0,2308000.0,1424.0,89363.0,-34742.0,-2218637.0
206787103,Not New,CONDUENT INC,36166.0,2308000.0,501.0,31400.0,-35665.0,-2276600.0
206787103,Not New,CONDUENT INC,36166.0,2308000.0,109839.0,6890758.0,73673.0,4582758.0
206787103,Not New,CONDUENT INC,36166.0,2308000.0,36611.0,2296800.0,445.0,-11200.0
G0177J116,Not New,ALLERGAN PLC,127353.0,172527.0,143807.0,165963.0,16454.0,-6564.0
19075FAB2,New Holding,COBALT INTL ENERGY INC,,,494.0,2534000.0,,
19075FAB2,New Holding,COBALT INTL ENERGY INC,,,1748.0,8966000.0,,
039483102,Sold Out,ARCHER DANIELS MIDLAND CO,18.0,439.0,,,,
039483102,Sold Out,ARCHER DANIELS MIDLAND CO,74.0,1800.0,,,,
039483102,Sold Out,ARCHER DANIELS MIDLAND CO,1580.0,38184.0,,,,
039483102,Sold Out,ARCHER DANIELS MIDLAND CO,6898.0,166700.0,,,,
60879B107,Sold Out,MOMO INC,3084.0,83439.0,,,,
60879B107,Sold Out,MOMO INC,94429.0,2554906.0,,,,
36191GAB3,Not New,GNC HLDGS INC,6497.0,8825000.0,5868.0,8925000.0,-629.0,100000.0
452907108,Sold Out,IMMUNOMEDICS INC,829.0,93900.0,,,,
452907108,Sold Out,IMMUNOMEDICS INC,829.0,93900.0,,,,
302104104,Not New,EXONE CO,367.0,32300.0,278.0,24300.0,-89.0,-8000.0
302104104,Not New,EXONE CO,367.0,32300.0,278.0,24300.0,-89.0,-8000.0
302104104,Not New,EXONE CO,367.0,32300.0,278.0,24300.0,-89.0,-8000.0
302104104,Not New,EXONE CO,367.0,32300.0,278.0,24300.0,-89.0,-8000.0
489398107,New Holding,KENNEDY-WILSON HLDGS INC,,,928.0,50000.0,,
98986T108,Sold Out,ZYNGA INC,27.0,7521.0,,,,
98986T108,Sold Out,ZYNGA INC,2088.0,573530.0,,,,
531229854,New Holding,LIBERTY MEDIA CORP DELAWARE,,,2256.0,59221.0,,
531229854,New Holding,LIBERTY MEDIA CORP DELAWARE,,,132586.0,3480849.0,,
845467208,Not New,SOUTHWESTERN ENERGY CO,14436.0,1954666.0,14911.0,1854566.0,475.0,-100100.0
13057Q206,New Holding,CALIFORNIA RES CORP,,,524.0,50100.0,,
13057Q206,New Holding,CALIFORNIA RES CORP,,,523.0,50000.0,,
13057Q206,New Holding,CALIFORNIA RES CORP,,,524.0,50100.0,,
72147K108,Not New,PILGRIMS PRIDE CORP NEW,11.0,400.0,390.0,17800.0,379.0,17400.0
72147K108,Not New,PILGRIMS PRIDE CORP NEW,11.0,400.0,25247.0,1151800.0,25236.0,1151400.0
72147K108,Not New,PILGRIMS PRIDE CORP NEW,6517.0,229400.0,390.0,17800.0,-6127.0,-211600.0
72147K108,Not New,PILGRIMS PRIDE CORP NEW,6517.0,229400.0,25247.0,1151800.0,18730.0,922400.0
437076102,Sold Out,HOME DEPOT INC,3912.0,25500.0,,,,
437076102,Sold Out,HOME DEPOT INC,226188.0,1474500.0,,,,
81282V100,New Holding,SEAWORLD ENTMT INC,,,3897.0,300000.0,,
81282V100,New Holding,SEAWORLD ENTMT INC,,,3897.0,300000.0,,
75606N109,Sold Out,REALPAGE INC,1066.0,29650.0,,,,
260543103,Sold Out,DOW CHEM CO,1939.0,30736.0,,,,
260543103,Sold Out,DOW CHEM CO,127828.0,2026765.0,,,,
88033G407,New Holding,TENET HEALTHCARE CORP,,,4931.0,300100.0,,
88033G407,New Holding,TENET HEALTHCARE CORP,,,4964.0,302100.0,,
26856L103,New Holding,E L F BEAUTY INC,,,1028.0,45600.0,,
26856L103,New Holding,E L F BEAUTY INC,,,1028.0,45600.0,,
26856L103,New Holding,E L F BEAUTY INC,,,1028.0,45600.0,,
20030N101,Not New,COMCAST CORP NEW,2058.0,53483.0,1315.0,33778.0,-743.0,-19705.0
20030N101,Not New,COMCAST CORP NEW,2058.0,53483.0,3063.0,78700.0,1005.0,25217.0
20030N101,Not New,COMCAST CORP NEW,2058.0,53483.0,98836.0,2539478.0,96778.0,2485995.0
20030N101,Not New,COMCAST CORP NEW,2058.0,53483.0,223560.0,5744100.0,221502.0,5690617.0
20030N101,Not New,COMCAST CORP NEW,4094.0,106400.0,1315.0,33778.0,-2779.0,-72622.0
20030N101,Not New,COMCAST CORP NEW,4094.0,106400.0,3063.0,78700.0,-1031.0,-27700.0
20030N101,Not New,COMCAST CORP NEW,4094.0,106400.0,98836.0,2539478.0,94742.0,2433078.0
20030N101,Not New,COMCAST CORP NEW,4094.0,106400.0,223560.0,5744100.0,219466.0,5637700.0
20030N101,Not New,COMCAST CORP NEW,173009.0,4496065.0,1315.0,33778.0,-171694.0,-4462287.0
20030N101,Not New,COMCAST CORP NEW,173009.0,4496065.0,3063.0,78700.0,-169946.0,-4417365.0
20030N101,Not New,COMCAST CORP NEW,173009.0,4496065.0,98836.0,2539478.0,-74173.0,-1956587.0
20030N101,Not New,COMCAST CORP NEW,173009.0,4496065.0,223560.0,5744100.0,50551.0,1248035.0
20030N101,Not New,COMCAST CORP NEW,312381.0,8118000.0,1315.0,33778.0,-311066.0,-8084222.0
20030N101,Not New,COMCAST CORP NEW,312381.0,8118000.0,3063.0,78700.0,-309318.0,-8039300.0
20030N101,Not New,COMCAST CORP NEW,312381.0,8118000.0,98836.0,2539478.0,-213545.0,-5578522.0
20030N101,Not New,COMCAST CORP NEW,312381.0,8118000.0,223560.0,5744100.0,-88821.0,-2373900.0
42809H107,Not New,HESS CORP,1064.0,22700.0,1167.0,26600.0,103.0,3900.0
42809H107,Not New,HESS CORP,1064.0,22700.0,54649.0,1245700.0,53585.0,1223000.0
42809H107,Not New,HESS CORP,54791.0,1168500.0,1167.0,26600.0,-53624.0,-1141900.0
42809H107,Not New,HESS CORP,54791.0,1168500.0,54649.0,1245700.0,-142.0,77200.0
140755109,Not New,CARA THERAPEUTICS INC,479.0,35000.0,539.0,35000.0,60.0,0.0
140755109,Not New,CARA THERAPEUTICS INC,479.0,35000.0,539.0,35000.0,60.0,0.0
140755109,Not New,CARA THERAPEUTICS INC,479.0,35000.0,539.0,35000.0,60.0,0.0
140755109,Not New,CARA THERAPEUTICS INC,479.0,35000.0,539.0,35000.0,60.0,0.0
756577102,Sold Out,RED HAT INC,17570.0,183500.0,,,,
741503AS5,Not New,PRICELINE GRP INC,50024.0,34750000.0,34145.0,23250000.0,-15879.0,-11500000.0
25470MAB5,New Holding,DISH NETWORK CORP,,,61477.0,54893000.0,,
827084864,Not New,SILICONWARE PRECISION INDS L,2774.0,351627.0,179.0,22488.0,-2595.0,-329139.0
827084864,Not New,SILICONWARE PRECISION INDS L,2774.0,351627.0,4602.0,577383.0,1828.0,225756.0
98138HAD3,New Holding,WORKDAY INC,,,21830.0,15500000.0,,
52603B107,Sold Out,LENDINGTREE INC NEW,3530.0,20500.0,,,,
73935A104,Sold Out,POWERSHARES QQQ TRUST,1624.0,11800.0,,,,
73935A104,Sold Out,POWERSHARES QQQ TRUST,103244.0,750100.0,,,,
98850P109,New Holding,YUM CHINA HLDGS INC,,,59.0,1467.0,,
98850P109,New Holding,YUM CHINA HLDGS INC,,,44290.0,1108076.0,,
82968B103,Not New,SIRIUS XM HLDGS INC,974.0,176500.0,1261.0,230500.0,287.0,54000.0
82968B103,Not New,SIRIUS XM HLDGS INC,974.0,176500.0,295.0,54000.0,-679.0,-122500.0
82968B103,Not New,SIRIUS XM HLDGS INC,298.0,54000.0,1261.0,230500.0,963.0,176500.0
82968B103,Not New,SIRIUS XM HLDGS INC,298.0,54000.0,295.0,54000.0,-3.0,0.0
811916105,Not New,SEABRIDGE GOLD INC,466.0,38200.0,413.0,38200.0,-53.0,0.0
811916105,Not New,SEABRIDGE GOLD INC,466.0,38200.0,413.0,38200.0,-53.0,0.0
811916105,Not New,SEABRIDGE GOLD INC,466.0,38200.0,413.0,38200.0,-53.0,0.0
811916105,Not New,SEABRIDGE GOLD INC,466.0,38200.0,413.0,38200.0,-53.0,0.0
92343EAD4,Not New,VERISIGN INC,89943.0,28891000.0,76296.0,27991000.0,-13647.0,-900000.0
19075F304,Not New,COBALT INTL ENERGY INC,66.0,46008.0,150.0,60710.0,84.0,14702.0
14575E105,New Holding,CARS COM INC,,,2147.0,80700.0,,
14575E105,New Holding,CARS COM INC,,,2147.0,80700.0,,
67020Y100,Not New,NUANCE COMMUNICATIONS INC,2358.0,150000.0,2612.0,150000.0,254.0,0.0
88160RAD3,New Holding,TESLA INC,,,2459.0,2000000.0,,
303075105,Sold Out,FACTSET RESH SYS INC,199.0,1200.0,,,,
303075105,Sold Out,FACTSET RESH SYS INC,16419.0,98800.0,,,,
69318G106,New Holding,PBF ENERGY INC,,,3396.0,123000.0,,
69318G106,New Holding,PBF ENERGY INC,,,3396.0,123000.0,,
125581801,Not New,CIT GROUP INC,1668.0,34000.0,4383.0,90000.0,2715.0,56000.0
125581801,Not New,CIT GROUP INC,1668.0,34000.0,4383.0,90000.0,2715.0,56000.0
125581801,Not New,CIT GROUP INC,1668.0,34000.0,4383.0,90000.0,2715.0,56000.0
125581801,Not New,CIT GROUP INC,1668.0,34000.0,4383.0,90000.0,2715.0,56000.0
302491303,Not New,F M C CORP,1999.0,22379.0,2295.0,31419.0,296.0,9040.0
302491303,Not New,F M C CORP,1999.0,22379.0,165394.0,2264116.0,163395.0,2241737.0
302491303,Not New,F M C CORP,160751.0,1799926.0,2295.0,31419.0,-158456.0,-1768507.0
302491303,Not New,F M C CORP,160751.0,1799926.0,165394.0,2264116.0,4643.0,464190.0
92840M102,Not New,VISTRA ENERGY CORP,14286.0,771579.0,155784.0,9391869.0,141498.0,8620290.0
92840M102,Not New,VISTRA ENERGY CORP,14286.0,771579.0,12798.0,771579.0,-1488.0,0.0
92840M102,Not New,VISTRA ENERGY CORP,172636.0,9323868.0,155784.0,9391869.0,-16852.0,68001.0
92840M102,Not New,VISTRA ENERGY CORP,172636.0,9323868.0,12798.0,771579.0,-159838.0,-8552289.0
464287184,Sold Out,ISHARES TR,238.0,6000.0,,,,
464287184,Sold Out,ISHARES TR,19617.0,494000.0,,,,
N7902X106,Sold Out,SENSATA TECHNOLOGIES HLDG NV,376.0,8800.0,,,,
N7902X106,Sold Out,SENSATA TECHNOLOGIES HLDG NV,28956.0,677800.0,,,,
G48833100,Not New,WEATHERFORD INTL PLC,989.0,216000.0,836.0,216000.0,-153.0,0.0
G48833100,Not New,WEATHERFORD INTL PLC,989.0,216000.0,836.0,216000.0,-153.0,0.0
G48833100,Not New,WEATHERFORD INTL PLC,989.0,216000.0,836.0,216000.0,-153.0,0.0
G48833100,Not New,WEATHERFORD INTL PLC,989.0,216000.0,836.0,216000.0,-153.0,0.0
548661107,Sold Out,LOWES COS INC,2971.0,38317.0,,,,
548661107,Sold Out,LOWES COS INC,1814.0,23400.0,,,,
548661107,Sold Out,LOWES COS INC,153164.0,1975544.0,,,,
548661107,Sold Out,LOWES COS INC,91842.0,1184600.0,,,,
67576A100,Not New,OCULAR THERAPEUTIX INC,307.0,49600.0,99.0,10700.0,-208.0,-38900.0
67576A100,Not New,OCULAR THERAPEUTIX INC,307.0,49600.0,99.0,10700.0,-208.0,-38900.0
67576A100,Not New,OCULAR THERAPEUTIX INC,307.0,49600.0,99.0,10700.0,-208.0,-38900.0
67576A100,Not New,OCULAR THERAPEUTIX INC,307.0,49600.0,99.0,10700.0,-208.0,-38900.0
94419L101,Not New,WAYFAIR INC,1105.0,16400.0,1261.0,16400.0,156.0,0.0
94419L101,Not New,WAYFAIR INC,1105.0,16400.0,1261.0,16400.0,156.0,0.0
94419L101,Not New,WAYFAIR INC,1105.0,16400.0,1261.0,16400.0,156.0,0.0
94419L101,Not New,WAYFAIR INC,1105.0,16400.0,1261.0,16400.0,156.0,0.0
94419L101,Not New,WAYFAIR INC,1449.0,21500.0,1261.0,16400.0,-188.0,-5100.0
94419L101,Not New,WAYFAIR INC,1449.0,21500.0,1261.0,16400.0,-188.0,-5100.0
05329W102,New Holding,AUTONATION INC,,,4157.0,87600.0,,
05329W102,New Holding,AUTONATION INC,,,4195.0,88400.0,,
749660106,New Holding,RPC INC,,,2392.0,96500.0,,
749660106,New Holding,RPC INC,,,843.0,34000.0,,
749660106,New Holding,RPC INC,,,2392.0,96500.0,,
750469207,New Holding,RADIUS HEALTH INC,,,4352.0,112900.0,,
750469207,New Holding,RADIUS HEALTH INC,,,4387.0,113800.0,,
167250109,New Holding,CHICAGO BRIDGE & IRON CO N V,,,7074.0,421100.0,,
167250109,New Holding,CHICAGO BRIDGE & IRON CO N V,,,7108.0,423100.0,,
904311107,Not New,UNDER ARMOUR INC,7077.0,429400.0,17713.0,814000.0,10636.0,384600.0
904311107,Not New,UNDER ARMOUR INC,7077.0,429400.0,3917.0,180000.0,-3160.0,-249400.0
904311107,Not New,UNDER ARMOUR INC,7077.0,429400.0,16603.0,763000.0,9526.0,333600.0
904311107,Not New,UNDER ARMOUR INC,6592.0,400000.0,17713.0,814000.0,11121.0,414000.0
904311107,Not New,UNDER ARMOUR INC,6592.0,400000.0,3917.0,180000.0,-2675.0,-220000.0
904311107,Not New,UNDER ARMOUR INC,6592.0,400000.0,16603.0,763000.0,10011.0,363000.0
904311107,Not New,UNDER ARMOUR INC,14010.0,850100.0,17713.0,814000.0,3703.0,-36100.0
904311107,Not New,UNDER ARMOUR INC,14010.0,850100.0,3917.0,180000.0,-10093.0,-670100.0
904311107,Not New,UNDER ARMOUR INC,14010.0,850100.0,16603.0,763000.0,2593.0,-87100.0
26078J100,New Holding,DOWDUPONT INC,,,7162.0,103456.0,,
26078J100,New Holding,DOWDUPONT INC,,,619073.0,8942263.0,,
007903BD8,Not New,ADVANCED MICRO DEVICES INC,102389.0,57810000.0,100716.0,57603000.0,-1673.0,-207000.0
149123101,Sold Out,CATERPILLAR INC DEL,2278.0,21200.0,,,,
149123101,Sold Out,CATERPILLAR INC DEL,157762.0,1468100.0,,,,
718546104,Sold Out,PHILLIPS 66,93804.0,1134400.0,,,,
35906A108,Sold Out,FRONTIER COMMUNICATIONS CORP,1621.0,1397100.0,,,,
48203R104,Sold Out,JUNIPER NETWORKS INC,157.0,5615.0,,,,
48203R104,Sold Out,JUNIPER NETWORKS INC,12796.0,458980.0,,,,
268785102,Sold Out,EP ENERGY CORP,439.0,120000.0,,,,
268785102,Sold Out,EP ENERGY CORP,443.0,121000.0,,,,
61166W101,Not New,MONSANTO CO NEW,3179.0,26535.0,3453.0,29170.0,274.0,2635.0
61166W101,Not New,MONSANTO CO NEW,3179.0,26535.0,239333.0,2022076.0,236154.0,1995541.0
61166W101,Not New,MONSANTO CO NEW,255891.0,2135630.0,3453.0,29170.0,-252438.0,-2106460.0
61166W101,Not New,MONSANTO CO NEW,255891.0,2135630.0,239333.0,2022076.0,-16558.0,-113554.0
79970Y105,Not New,SANCHEZ ENERGY CORP,1680.0,348600.0,1318.0,183600.0,-362.0,-165000.0
79970Y105,Not New,SANCHEZ ENERGY CORP,1680.0,348600.0,2154.0,300000.0,474.0,-48600.0
79970Y105,Not New,SANCHEZ ENERGY CORP,1680.0,348600.0,3580.0,498600.0,1900.0,150000.0
79970Y105,Not New,SANCHEZ ENERGY CORP,482.0,100000.0,1318.0,183600.0,836.0,83600.0
79970Y105,Not New,SANCHEZ ENERGY CORP,482.0,100000.0,2154.0,300000.0,1672.0,200000.0
79970Y105,Not New,SANCHEZ ENERGY CORP,482.0,100000.0,3580.0,498600.0,3098.0,398600.0
79970Y105,Not New,SANCHEZ ENERGY CORP,2162.0,448600.0,1318.0,183600.0,-844.0,-265000.0
79970Y105,Not New,SANCHEZ ENERGY CORP,2162.0,448600.0,2154.0,300000.0,-8.0,-148600.0
79970Y105,Not New,SANCHEZ ENERGY CORP,2162.0,448600.0,3580.0,498600.0,1418.0,50000.0
48205A109,Not New,JUNO THERAPEUTICS INC,538.0,12000.0,359.0,12000.0,-179.0,0.0
48205A109,Not New,JUNO THERAPEUTICS INC,538.0,12000.0,359.0,12000.0,-179.0,0.0
48205A109,Not New,JUNO THERAPEUTICS INC,538.0,12000.0,359.0,12000.0,-179.0,0.0
48205A109,Not New,JUNO THERAPEUTICS INC,538.0,12000.0,359.0,12000.0,-179.0,0.0
530715AG6,Not New,LIBERTY MEDIA CORP,28416.0,39743000.0,34153.0,50833000.0,5737.0,11090000.0
716382106,New Holding,PETMED EXPRESS INC,,,1246.0,37600.0,,
716382106,New Holding,PETMED EXPRESS INC,,,1246.0,37600.0,,
887317303,Not New,TIME WARNER INC,3252.0,31741.0,5273.0,52517.0,2021.0,20776.0
887317303,Not New,TIME WARNER INC,3252.0,31741.0,539008.0,5368068.0,535756.0,5336327.0
887317303,Not New,TIME WARNER INC,497067.0,4851800.0,5273.0,52517.0,-491794.0,-4799283.0
887317303,Not New,TIME WARNER INC,497067.0,4851800.0,539008.0,5368068.0,41941.0,516268.0
984245100,Not New,YPF SOCIEDAD ANONIMA,2564.0,115091.0,16888.0,771119.0,14324.0,656028.0
984245100,Not New,YPF SOCIEDAD ANONIMA,2564.0,115091.0,6184.0,282354.0,3620.0,167263.0
984245100,Not New,YPF SOCIEDAD ANONIMA,7003.0,314316.0,16888.0,771119.0,9885.0,456803.0
984245100,Not New,YPF SOCIEDAD ANONIMA,7003.0,314316.0,6184.0,282354.0,-819.0,-31962.0
05156V102,Not New,AURINIA PHARMACEUTICALS INC,1161.0,185100.0,1164.0,189900.0,3.0,4800.0
05156V102,Not New,AURINIA PHARMACEUTICALS INC,1161.0,185100.0,1194.0,194700.0,33.0,9600.0
05156V102,Not New,AURINIA PHARMACEUTICALS INC,1191.0,189900.0,1164.0,189900.0,-27.0,0.0
05156V102,Not New,AURINIA PHARMACEUTICALS INC,1191.0,189900.0,1194.0,194700.0,3.0,4800.0
43300A203,Not New,HILTON WORLDWIDE HLDGS INC,1696.0,24415.0,3182.0,51444.0,1486.0,27029.0
43300A203,Not New,HILTON WORLDWIDE HLDGS INC,1696.0,24415.0,222758.0,3601583.0,221062.0,3577168.0
43300A203,Not New,HILTON WORLDWIDE HLDGS INC,140939.0,2029356.0,3182.0,51444.0,-137757.0,-1977912.0
43300A203,Not New,HILTON WORLDWIDE HLDGS INC,140939.0,2029356.0,222758.0,3601583.0,81819.0,1572227.0
708160106,Not New,PENNEY J C INC,2836.0,744400.0,2996.0,644400.0,160.0,-100000.0
708160106,Not New,PENNEY J C INC,2836.0,744400.0,484.0,104000.0,-2352.0,-640400.0
708160106,Not New,PENNEY J C INC,2836.0,744400.0,3534.0,759900.0,698.0,15500.0
708160106,Not New,PENNEY J C INC,2836.0,744400.0,1383.0,297400.0,-1453.0,-447000.0
708160106,Not New,PENNEY J C INC,2877.0,755000.0,2996.0,644400.0,119.0,-110600.0
708160106,Not New,PENNEY J C INC,2877.0,755000.0,484.0,104000.0,-2393.0,-651000.0
708160106,Not New,PENNEY J C INC,2877.0,755000.0,3534.0,759900.0,657.0,4900.0
708160106,Not New,PENNEY J C INC,2877.0,755000.0,1383.0,297400.0,-1494.0,-457600.0
05566U108,Not New,BOFI HLDG INC,140.0,4900.0,1777.0,74900.0,1637.0,70000.0
05566U108,Not New,BOFI HLDG INC,140.0,4900.0,572.0,24100.0,432.0,19200.0
05566U108,Not New,BOFI HLDG INC,140.0,4900.0,688.0,29000.0,548.0,24100.0
05566U108,Not New,BOFI HLDG INC,686.0,24100.0,1777.0,74900.0,1091.0,50800.0
05566U108,Not New,BOFI HLDG INC,686.0,24100.0,572.0,24100.0,-114.0,0.0
05566U108,Not New,BOFI HLDG INC,686.0,24100.0,688.0,29000.0,2.0,4900.0
05566U108,Not New,BOFI HLDG INC,826.0,29000.0,1777.0,74900.0,951.0,45900.0
05566U108,Not New,BOFI HLDG INC,826.0,29000.0,572.0,24100.0,-254.0,-4900.0
05566U108,Not New,BOFI HLDG INC,826.0,29000.0,688.0,29000.0,-138.0,0.0
69370C100,New Holding,PTC INC,,,2153.0,38253.0,,
69370C100,New Holding,PTC INC,,,185389.0,3294049.0,,
02079K107,Not New,ALPHABET INC,921.0,960.0,1592.0,1752.0,671.0,792.0
02079K107,Not New,ALPHABET INC,921.0,960.0,6361.0,7000.0,5440.0,6040.0
02079K107,Not New,ALPHABET INC,921.0,960.0,125549.0,138159.0,124628.0,137199.0
02079K107,Not New,ALPHABET INC,921.0,960.0,469995.0,517200.0,469074.0,516240.0
02079K107,Not New,ALPHABET INC,6042.0,6300.0,1592.0,1752.0,-4450.0,-4548.0
02079K107,Not New,ALPHABET INC,6042.0,6300.0,6361.0,7000.0,319.0,700.0
02079K107,Not New,ALPHABET INC,6042.0,6300.0,125549.0,138159.0,119507.0,131859.0
02079K107,Not New,ALPHABET INC,6042.0,6300.0,469995.0,517200.0,463953.0,510900.0
02079K107,Not New,ALPHABET INC,91199.0,95087.0,1592.0,1752.0,-89607.0,-93335.0
02079K107,Not New,ALPHABET INC,91199.0,95087.0,6361.0,7000.0,-84838.0,-88087.0
02079K107,Not New,ALPHABET INC,91199.0,95087.0,125549.0,138159.0,34350.0,43072.0
02079K107,Not New,ALPHABET INC,91199.0,95087.0,469995.0,517200.0,378796.0,422113.0
02079K107,Not New,ALPHABET INC,501615.0,523000.0,1592.0,1752.0,-500023.0,-521248.0
02079K107,Not New,ALPHABET INC,501615.0,523000.0,6361.0,7000.0,-495254.0,-516000.0
02079K107,Not New,ALPHABET INC,501615.0,523000.0,125549.0,138159.0,-376066.0,-384841.0
02079K107,Not New,ALPHABET INC,501615.0,523000.0,469995.0,517200.0,-31620.0,-5800.0
516012101,Not New,LANNET INC,830.0,45000.0,918.0,45000.0,88.0,0.0
516012101,Not New,LANNET INC,830.0,45000.0,169.0,8300.0,-661.0,-36700.0
516012101,Not New,LANNET INC,153.0,8300.0,918.0,45000.0,765.0,36700.0
516012101,Not New,LANNET INC,153.0,8300.0,169.0,8300.0,16.0,0.0
868536301,New Holding,SUPERVALU INC,,,1288.0,59228.0,,
826919102,New Holding,SILICON LABORATORIES INC,,,4051.0,50703.0,,
826919102,New Holding,SILICON LABORATORIES INC,,,3196.0,40000.0,,
909214BS6,Not New,UNISYS CORP,13904.0,12023000.0,18334.0,12023000.0,4430.0,0.0
749685103,Not New,RPM INTL INC,1176.0,22900.0,741.0,13585.0,-435.0,-9315.0
749685103,Not New,RPM INTL INC,1176.0,22900.0,5455.0,100000.0,4279.0,77100.0
697435AB1,Not New,PALO ALTO NETWORKS INC,52744.0,38346000.0,47751.0,36361000.0,-4993.0,-1985000.0
33829R100,Not New,500 COM LTD,1200.0,109100.0,760.0,69800.0,-440.0,-39300.0
33829R100,Not New,500 COM LTD,1200.0,109100.0,760.0,69800.0,-440.0,-39300.0
33829R100,Not New,500 COM LTD,1200.0,109100.0,760.0,69800.0,-440.0,-39300.0
33829R100,Not New,500 COM LTD,1200.0,109100.0,760.0,69800.0,-440.0,-39300.0
30227M105,Not New,EXTRACTION OIL AND GAS INC,161755.0,10510377.0,141365.0,10510377.0,-20390.0,0.0
48248M102,Sold Out,KKR & CO L P DEL,1999.0,107453.0,,,,
48248M102,Sold Out,KKR & CO L P DEL,3617.0,194483.0,,,,
89686D105,New Holding,TRIVAGO N V,,,780.0,71900.0,,
89686D105,New Holding,TRIVAGO N V,,,780.0,71900.0,,
01609W102,Not New,ALIBABA GROUP HLDG LTD,14119.0,81750.0,5545.0,39352.0,-8574.0,-42398.0
01609W102,Not New,ALIBABA GROUP HLDG LTD,14119.0,81750.0,11221.0,79640.0,-2898.0,-2110.0
925550105,Sold Out,VIAVI SOLUTIONS INC,153.0,14500.0,,,,
925550105,Sold Out,VIAVI SOLUTIONS INC,12151.0,1153900.0,,,,
594918104,Not New,MICROSOFT CORP,4069.0,54621.0,5066.0,73498.0,997.0,18877.0
594918104,Not New,MICROSOFT CORP,4069.0,54621.0,369135.0,5355215.0,365066.0,5300594.0
594918104,Not New,MICROSOFT CORP,331608.0,4451711.0,5066.0,73498.0,-326542.0,-4378213.0
594918104,Not New,MICROSOFT CORP,331608.0,4451711.0,369135.0,5355215.0,37527.0,903504.0
Y2573F102,Sold Out,FLEX LTD,30.0,1813.0,,,,
Y2573F102,Sold Out,FLEX LTD,2417.0,148187.0,,,,
42703MAB9,Not New,HERBALIFE LTD,41623.0,41500000.0,43214.0,41500000.0,1591.0,0.0
40415F101,Not New,HDFC BANK LTD,414.0,4300.0,374.0,4300.0,-40.0,0.0
35906A306,New Holding,FRONTIER COMMUNICATIONS CORP,,,1133.0,96100.0,,
35906A306,New Holding,FRONTIER COMMUNICATIONS CORP,,,988.0,83826.0,,
35906A306,New Holding,FRONTIER COMMUNICATIONS CORP,,,914.0,77500.0,,
60855RAC4,Not New,MOLINA HEALTHCARE INC,23588.0,13601000.0,30792.0,17601000.0,7204.0,4000000.0
64051T100,New Holding,NEOPHOTONICS CORP,,,317.0,57100.0,,
64051T100,New Holding,NEOPHOTONICS CORP,,,317.0,57100.0,,
356108100,New Holding,FREDS INC,,,399.0,61900.0,,
356108100,New Holding,FREDS INC,,,399.0,61900.0,,
024061103,New Holding,AMERICAN AXLE & MFG HLDGS IN,,,5.0,276.0,,
024061103,New Holding,AMERICAN AXLE & MFG HLDGS IN,,,3322.0,188958.0,,
531229AB8,New Holding,LIBERTY MEDIA CORP DELAWARE,,,36379.0,30000000.0,,
92763W103,Not New,VIPSHOP HLDGS LTD,64.0,7333.0,77.0,7333.0,13.0,0.0
92763W103,Not New,VIPSHOP HLDGS LTD,64.0,7333.0,9526.0,902900.0,9462.0,895567.0
92763W103,Not New,VIPSHOP HLDGS LTD,7936.0,902900.0,77.0,7333.0,-7859.0,-895567.0
92763W103,Not New,VIPSHOP HLDGS LTD,7936.0,902900.0,9526.0,902900.0,1590.0,0.0
98919V105,Sold Out,ZAYO GROUP HLDGS INC,117.0,3800.0,,,,
98919V105,Sold Out,ZAYO GROUP HLDGS INC,9153.0,296200.0,,,,
881609101,Sold Out,TESORO CORP,768.0,8200.0,,,,
881609101,Sold Out,TESORO CORP,53726.0,574000.0,,,,
861012102,Not New,STMICROELECTRONICS N V,14.0,700.0,48.0,3356.0,34.0,2656.0
861012102,Not New,STMICROELECTRONICS N V,14.0,700.0,3939.0,273912.0,3925.0,273212.0
861012102,Not New,STMICROELECTRONICS N V,9747.0,501900.0,48.0,3356.0,-9699.0,-498544.0
861012102,Not New,STMICROELECTRONICS N V,9747.0,501900.0,3939.0,273912.0,-5808.0,-227988.0
140781105,Not New,CARBO CERAMICS INC,1544.0,178900.0,1225.0,178900.0,-319.0,0.0
140781105,Not New,CARBO CERAMICS INC,1544.0,178900.0,1149.0,167700.0,-395.0,-11200.0
140781105,Not New,CARBO CERAMICS INC,1447.0,167700.0,1225.0,178900.0,-222.0,11200.0
140781105,Not New,CARBO CERAMICS INC,1447.0,167700.0,1149.0,167700.0,-298.0,0.0
136069101,New Holding,CDN IMPERIAL BK COMM TORONTO,,,140.0,1600.0,,
136069101,New Holding,CDN IMPERIAL BK COMM TORONTO,,,50034.0,571200.0,,
08915P101,New Holding,BIG 5 SPORTING GOODS CORP,,,67.0,8800.0,,
08915P101,New Holding,BIG 5 SPORTING GOODS CORP,,,67.0,8800.0,,
87165B103,Not New,SYNCHRONY FINL,2369.0,76300.0,551.0,18486.0,-1818.0,-57814.0
87165B103,Not New,SYNCHRONY FINL,2369.0,76300.0,2421.0,81200.0,52.0,4900.0
87165B103,Not New,SYNCHRONY FINL,2369.0,76300.0,35095.0,1176895.0,32726.0,1100595.0
87165B103,Not New,SYNCHRONY FINL,2369.0,76300.0,171387.0,5747400.0,169018.0,5671100.0
87165B103,Not New,SYNCHRONY FINL,187471.0,6037700.0,551.0,18486.0,-186920.0,-6019214.0
87165B103,Not New,SYNCHRONY FINL,187471.0,6037700.0,2421.0,81200.0,-185050.0,-5956500.0
87165B103,Not New,SYNCHRONY FINL,187471.0,6037700.0,35095.0,1176895.0,-152376.0,-4860805.0
87165B103,Not New,SYNCHRONY FINL,187471.0,6037700.0,171387.0,5747400.0,-16084.0,-290300.0
761713106,Sold Out,REYNOLDS AMERICAN INC,1607.0,24714.0,,,,
761713106,Sold Out,REYNOLDS AMERICAN INC,118657.0,1824369.0,,,,
88160R101,Not New,TESLA INC,4196.0,12300.0,4448.0,12300.0,252.0,0.0
88160R101,Not New,TESLA INC,4196.0,12300.0,4448.0,12300.0,252.0,0.0
88160R101,Not New,TESLA INC,4196.0,12300.0,0.0,1.0,-4196.0,-12299.0
88160R101,Not New,TESLA INC,4196.0,12300.0,502879.0,1390666.0,498683.0,1378366.0
88160R101,Not New,TESLA INC,4196.0,12300.0,4448.0,12300.0,252.0,0.0
88160R101,Not New,TESLA INC,4196.0,12300.0,4448.0,12300.0,252.0,0.0
88160R101,Not New,TESLA INC,4196.0,12300.0,0.0,1.0,-4196.0,-12299.0
88160R101,Not New,TESLA INC,4196.0,12300.0,502879.0,1390666.0,498683.0,1378366.0
88160R101,Not New,TESLA INC,497449.0,1458366.0,4448.0,12300.0,-493001.0,-1446066.0
88160R101,Not New,TESLA INC,497449.0,1458366.0,4448.0,12300.0,-493001.0,-1446066.0
88160R101,Not New,TESLA INC,497449.0,1458366.0,0.0,1.0,-497449.0,-1458365.0
88160R101,Not New,TESLA INC,497449.0,1458366.0,502879.0,1390666.0,5430.0,-67700.0
697435105,Sold Out,PALO ALTO NETWORKS INC,6717.0,50200.0,,,,
697435105,Sold Out,PALO ALTO NETWORKS INC,4335.0,32400.0,,,,
655844108,Not New,NORFOLK SOUTHERN CORP,1984.0,15000.0,404.0,3319.0,-1580.0,-11681.0
655844108,Not New,NORFOLK SOUTHERN CORP,1984.0,15000.0,1083.0,8900.0,-901.0,-6100.0
655844108,Not New,NORFOLK SOUTHERN CORP,1984.0,15000.0,28550.0,234595.0,26566.0,219595.0
655844108,Not New,NORFOLK SOUTHERN CORP,1984.0,15000.0,69941.0,574700.0,67957.0,559700.0
655844108,Not New,NORFOLK SOUTHERN CORP,142224.0,1075500.0,404.0,3319.0,-141820.0,-1072181.0
655844108,Not New,NORFOLK SOUTHERN CORP,142224.0,1075500.0,1083.0,8900.0,-141141.0,-1066600.0
655844108,Not New,NORFOLK SOUTHERN CORP,142224.0,1075500.0,28550.0,234595.0,-113674.0,-840905.0
655844108,Not New,NORFOLK SOUTHERN CORP,142224.0,1075500.0,69941.0,574700.0,-72283.0,-500800.0
62952QAB6,Not New,NXP SEMICONDUCTORS N V,52987.0,43792000.0,42983.0,36000000.0,-10004.0,-7792000.0
966837106,Sold Out,WHOLE FOODS MKT INC,2209.0,52457.0,,,,
966837106,Sold Out,WHOLE FOODS MKT INC,144323.0,3427290.0,,,,
686164302,Not New,OREXIGEN THERAPEUTICS INC,58.0,27200.0,79.0,27200.0,21.0,0.0
686164302,Not New,OREXIGEN THERAPEUTICS INC,58.0,27200.0,79.0,27200.0,21.0,0.0
686164302,Not New,OREXIGEN THERAPEUTICS INC,58.0,27200.0,79.0,27200.0,21.0,0.0
686164302,Not New,OREXIGEN THERAPEUTICS INC,58.0,27200.0,79.0,27200.0,21.0,0.0
45845P108,New Holding,INTERCEPT PHARMACEUTICALS IN,,,10604.0,182700.0,,
45845P108,New Holding,INTERCEPT PHARMACEUTICALS IN,,,10604.0,182700.0,,
92921W300,Not New,VUZIX CORP,313.0,57500.0,377.0,57500.0,64.0,0.0
92921W300,Not New,VUZIX CORP,313.0,57500.0,449.0,68500.0,136.0,11000.0
92921W300,Not New,VUZIX CORP,373.0,68500.0,377.0,57500.0,4.0,-11000.0
92921W300,Not New,VUZIX CORP,373.0,68500.0,449.0,68500.0,76.0,0.0
31816Q101,Not New,FIREEYE INC,2314.0,138000.0,2099.0,138000.0,-215.0,0.0
31816Q101,Not New,FIREEYE INC,2314.0,138000.0,2099.0,138000.0,-215.0,0.0
31816Q101,Not New,FIREEYE INC,2314.0,138000.0,2099.0,138000.0,-215.0,0.0
31816Q101,Not New,FIREEYE INC,2314.0,138000.0,2099.0,138000.0,-215.0,0.0
698354107,Not New,PANDORA MEDIA INC,2886.0,374842.0,3115.0,349200.0,229.0,-25642.0
698354107,Not New,PANDORA MEDIA INC,2886.0,374842.0,6295.0,705700.0,3409.0,330858.0
698354107,Not New,PANDORA MEDIA INC,5384.0,699200.0,3115.0,349200.0,-2269.0,-350000.0
698354107,Not New,PANDORA MEDIA INC,5384.0,699200.0,6295.0,705700.0,911.0,6500.0
698354107,Not New,PANDORA MEDIA INC,15373.0,1996469.0,3115.0,349200.0,-12258.0,-1647269.0
698354107,Not New,PANDORA MEDIA INC,15373.0,1996469.0,6295.0,705700.0,-9078.0,-1290769.0
92672L107,New Holding,VIEWRAY INC,,,92.0,16000.0,,
92672L107,New Holding,VIEWRAY INC,,,92.0,16000.0,,
03965L308,Sold Out,ARCONIC INC,5378.0,150000.0,,,,
88160RAC5,Not New,TESLA INC,83424.0,73900000.0,52515.0,45400000.0,-30909.0,-28500000.0
743315103,New Holding,PROGRESSIVE CORP OHIO,,,557.0,11505.0,,
743315103,New Holding,PROGRESSIVE CORP OHIO,,,1767.0,36500.0,,
743315103,New Holding,PROGRESSIVE CORP OHIO,,,47988.0,991076.0,,
743315103,New Holding,PROGRESSIVE CORP OHIO,,,151966.0,3138500.0,,
33833Q106,Not New,FIVE POINT HOLDINGS LLC,27118.0,2008496.0,28606.0,2008496.0,1488.0,0.0
33833Q106,Not New,FIVE POINT HOLDINGS LLC,27118.0,2008496.0,44005.0,3089740.0,16887.0,1081244.0
33833Q106,Not New,FIVE POINT HOLDINGS LLC,41717.0,3089740.0,28606.0,2008496.0,-13111.0,-1081244.0
33833Q106,Not New,FIVE POINT HOLDINGS LLC,41717.0,3089740.0,44005.0,3089740.0,2288.0,0.0
741503403,Not New,PRICELINE GRP INC,6042.0,3300.0,6173.0,3300.0,131.0,0.0
98426T106,New Holding,YY INC,,,50.0,580.0,,
98426T106,New Holding,YY INC,,,36454.0,420070.0,,
526057302,Not New,LENNAR CORP,567.0,12573.0,565.0,12573.0,-2.0,0.0
526057302,Not New,LENNAR CORP,567.0,12573.0,14199.0,315747.0,13632.0,303174.0
526057302,Not New,LENNAR CORP,14234.0,315747.0,565.0,12573.0,-13669.0,-303174.0
526057302,Not New,LENNAR CORP,14234.0,315747.0,14199.0,315747.0,-35.0,0.0
42806J106,Not New,HERTZ GLOBAL HLDGS INC,4621.0,206685.0,11665.0,1014314.0,7044.0,807629.0
42806J106,Not New,HERTZ GLOBAL HLDGS INC,4621.0,206685.0,3732.0,324518.0,-889.0,117833.0
42806J106,Not New,HERTZ GLOBAL HLDGS INC,5740.0,256703.0,11665.0,1014314.0,5925.0,757611.0
42806J106,Not New,HERTZ GLOBAL HLDGS INC,5740.0,256703.0,3732.0,324518.0,-2008.0,67815.0
81752R100,Sold Out,SERITAGE GROWTH PPTYS,1418.0,33800.0,,,,
81752R100,Sold Out,SERITAGE GROWTH PPTYS,4195.0,100000.0,,,,
81752R100,Sold Out,SERITAGE GROWTH PPTYS,4195.0,100000.0,,,,
56585A102,Sold Out,MARATHON PETE CORP,607.0,11600.0,,,,
56585A102,Sold Out,MARATHON PETE CORP,57757.0,1103700.0,,,,
682189105,New Holding,ON SEMICONDUCTOR CORP,,,6.0,335.0,,
682189105,New Holding,ON SEMICONDUCTOR CORP,,,4235.0,229314.0,,
42824C109,New Holding,HEWLETT PACKARD ENTERPRISE C,,,15.0,1000.0,,
42824C109,New Holding,HEWLETT PACKARD ENTERPRISE C,,,11750.0,798800.0,,
444859102,Not New,HUMANA INC,1265.0,5194.0,1848.0,7681.0,583.0,2487.0
444859102,Not New,HUMANA INC,1265.0,5194.0,158760.0,659797.0,157495.0,654603.0
444859102,Not New,HUMANA INC,118113.0,484806.0,1848.0,7681.0,-116265.0,-477125.0
444859102,Not New,HUMANA INC,118113.0,484806.0,158760.0,659797.0,40647.0,174991.0
N6596X109,Not New,NXP SEMICONDUCTORS N V,6476.0,57263.0,7910.0,72273.0,1434.0,15010.0
N6596X109,Not New,NXP SEMICONDUCTORS N V,6476.0,57263.0,1335.0,12200.0,-5141.0,-45063.0
N6596X109,Not New,NXP SEMICONDUCTORS N V,6476.0,57263.0,635633.0,5807517.0,629157.0,5750254.0
N6596X109,Not New,NXP SEMICONDUCTORS N V,6476.0,57263.0,106396.0,972100.0,99920.0,914837.0
N6596X109,Not New,NXP SEMICONDUCTORS N V,2680.0,23700.0,7910.0,72273.0,5230.0,48573.0
N6596X109,Not New,NXP SEMICONDUCTORS N V,2680.0,23700.0,1335.0,12200.0,-1345.0,-11500.0
N6596X109,Not New,NXP SEMICONDUCTORS N V,2680.0,23700.0,635633.0,5807517.0,632953.0,5783817.0
N6596X109,Not New,NXP SEMICONDUCTORS N V,2680.0,23700.0,106396.0,972100.0,103716.0,948400.0
N6596X109,Not New,NXP SEMICONDUCTORS N V,663466.0,5866707.0,7910.0,72273.0,-655556.0,-5794434.0
N6596X109,Not New,NXP SEMICONDUCTORS N V,663466.0,5866707.0,1335.0,12200.0,-662131.0,-5854507.0
N6596X109,Not New,NXP SEMICONDUCTORS N V,663466.0,5866707.0,635633.0,5807517.0,-27833.0,-59190.0
N6596X109,Not New,NXP SEMICONDUCTORS N V,663466.0,5866707.0,106396.0,972100.0,-557070.0,-4894607.0
N6596X109,Not New,NXP SEMICONDUCTORS N V,217495.0,1923200.0,7910.0,72273.0,-209585.0,-1850927.0
N6596X109,Not New,NXP SEMICONDUCTORS N V,217495.0,1923200.0,1335.0,12200.0,-216160.0,-1911000.0
N6596X109,Not New,NXP SEMICONDUCTORS N V,217495.0,1923200.0,635633.0,5807517.0,418138.0,3884317.0
N6596X109,Not New,NXP SEMICONDUCTORS N V,217495.0,1923200.0,106396.0,972100.0,-111099.0,-951100.0
872590104,Not New,T MOBILE US INC,1440.0,23356.0,1506.0,24843.0,66.0,1487.0
872590104,Not New,T MOBILE US INC,1440.0,23356.0,103577.0,1708629.0,102137.0,1685273.0
872590104,Not New,T MOBILE US INC,115288.0,1869740.0,1506.0,24843.0,-113782.0,-1844897.0
872590104,Not New,T MOBILE US INC,115288.0,1869740.0,103577.0,1708629.0,-11711.0,-161111.0
G66964118,New Holding,OCEAN RIG UDW INC,,,82159.0,3456428.0,,
G66964118,New Holding,OCEAN RIG UDW INC,,,13517.0,568671.0,,
90184L102,Sold Out,TWITTER INC,109.0,6100.0,,,,
90184L102,Sold Out,TWITTER INC,8826.0,493900.0,,,,
29414D100,New Holding,ENVISION HEALTHCARE CORP,,,1547.0,34405.0,,
29414D100,New Holding,ENVISION HEALTHCARE CORP,,,130440.0,2901884.0,,
22943F100,Not New,CTRIP COM INTL LTD,2479.0,47000.0,2531.0,47000.0,52.0,0.0
22943F100,Not New,CTRIP COM INTL LTD,2479.0,47000.0,2531.0,47000.0,52.0,0.0
22943F100,Not New,CTRIP COM INTL LTD,2479.0,47000.0,3943.0,73200.0,1464.0,26200.0
22943F100,Not New,CTRIP COM INTL LTD,2479.0,47000.0,25799.0,479000.0,23320.0,432000.0
22943F100,Not New,CTRIP COM INTL LTD,2479.0,47000.0,2531.0,47000.0,52.0,0.0
22943F100,Not New,CTRIP COM INTL LTD,2479.0,47000.0,2531.0,47000.0,52.0,0.0
22943F100,Not New,CTRIP COM INTL LTD,2479.0,47000.0,3943.0,73200.0,1464.0,26200.0
22943F100,Not New,CTRIP COM INTL LTD,2479.0,47000.0,25799.0,479000.0,23320.0,432000.0
22943F100,Not New,CTRIP COM INTL LTD,3861.0,73200.0,2531.0,47000.0,-1330.0,-26200.0
22943F100,Not New,CTRIP COM INTL LTD,3861.0,73200.0,2531.0,47000.0,-1330.0,-26200.0
22943F100,Not New,CTRIP COM INTL LTD,3861.0,73200.0,3943.0,73200.0,82.0,0.0
22943F100,Not New,CTRIP COM INTL LTD,3861.0,73200.0,25799.0,479000.0,21938.0,405800.0
22943F100,Not New,CTRIP COM INTL LTD,25262.0,479000.0,2531.0,47000.0,-22731.0,-432000.0
22943F100,Not New,CTRIP COM INTL LTD,25262.0,479000.0,2531.0,47000.0,-22731.0,-432000.0
22943F100,Not New,CTRIP COM INTL LTD,25262.0,479000.0,3943.0,73200.0,-21319.0,-405800.0
22943F100,Not New,CTRIP COM INTL LTD,25262.0,479000.0,25799.0,479000.0,537.0,0.0
126408103,Not New,CSX CORP,2727.0,50267.0,2932.0,53737.0,205.0,3470.0
126408103,Not New,CSX CORP,2727.0,50267.0,207174.0,3797175.0,204447.0,3746908.0
126408103,Not New,CSX CORP,205099.0,3779925.0,2932.0,53737.0,-202167.0,-3726188.0
126408103,Not New,CSX CORP,205099.0,3779925.0,207174.0,3797175.0,2075.0,17250.0
22822V309,New Holding,CROWN CASTLE INTL CORP NEW,,,22394.0,21104.0,,
47215P106,Not New,JD COM INC,3453.0,90387.0,9904.0,252515.0,6451.0,162128.0
47215P106,Not New,JD COM INC,3453.0,90387.0,369722.0,9426868.0,366269.0,9336481.0
47215P106,Not New,JD COM INC,295625.0,7738870.0,9904.0,252515.0,-285721.0,-7486355.0
47215P106,Not New,JD COM INC,295625.0,7738870.0,369722.0,9426868.0,74097.0,1687998.0
45321L100,New Holding,IMPERVA INC,,,5.0,126.0,,
45321L100,New Holding,IMPERVA INC,,,3754.0,86489.0,,
03524A108,Not New,ANHEUSER BUSCH INBEV SA/NV,2116.0,17738.0,519.0,4701.0,-1597.0,-13037.0
03524A108,Not New,ANHEUSER BUSCH INBEV SA/NV,2116.0,17738.0,5904.0,53500.0,3788.0,35762.0
03524A108,Not New,ANHEUSER BUSCH INBEV SA/NV,2116.0,17738.0,33490.0,303460.0,31374.0,285722.0
03524A108,Not New,ANHEUSER BUSCH INBEV SA/NV,2116.0,17738.0,349488.0,3166800.0,347372.0,3149062.0
03524A108,Not New,ANHEUSER BUSCH INBEV SA/NV,2541.0,21300.0,519.0,4701.0,-2022.0,-16599.0
03524A108,Not New,ANHEUSER BUSCH INBEV SA/NV,2541.0,21300.0,5904.0,53500.0,3363.0,32200.0
03524A108,Not New,ANHEUSER BUSCH INBEV SA/NV,2541.0,21300.0,33490.0,303460.0,30949.0,282160.0
03524A108,Not New,ANHEUSER BUSCH INBEV SA/NV,2541.0,21300.0,349488.0,3166800.0,346947.0,3145500.0
03524A108,Not New,ANHEUSER BUSCH INBEV SA/NV,177024.0,1483856.0,519.0,4701.0,-176505.0,-1479155.0
03524A108,Not New,ANHEUSER BUSCH INBEV SA/NV,177024.0,1483856.0,5904.0,53500.0,-171120.0,-1430356.0
03524A108,Not New,ANHEUSER BUSCH INBEV SA/NV,177024.0,1483856.0,33490.0,303460.0,-143534.0,-1180396.0
03524A108,Not New,ANHEUSER BUSCH INBEV SA/NV,177024.0,1483856.0,349488.0,3166800.0,172464.0,1682944.0
03524A108,Not New,ANHEUSER BUSCH INBEV SA/NV,208143.0,1744700.0,519.0,4701.0,-207624.0,-1739999.0
03524A108,Not New,ANHEUSER BUSCH INBEV SA/NV,208143.0,1744700.0,5904.0,53500.0,-202239.0,-1691200.0
03524A108,Not New,ANHEUSER BUSCH INBEV SA/NV,208143.0,1744700.0,33490.0,303460.0,-174653.0,-1441240.0
03524A108,Not New,ANHEUSER BUSCH INBEV SA/NV,208143.0,1744700.0,349488.0,3166800.0,141345.0,1422100.0
47759T100,New Holding,JINKOSOLAR HLDG CO LTD,,,1248.0,50000.0,,
47759T100,New Holding,JINKOSOLAR HLDG CO LTD,,,312.0,12500.0,,
47759T100,New Holding,JINKOSOLAR HLDG CO LTD,,,561.0,22500.0,,
528872302,Not New,LEXICON PHARMACEUTICALS INC,92.0,7500.0,123.0,7500.0,31.0,0.0
528872302,Not New,LEXICON PHARMACEUTICALS INC,92.0,7500.0,123.0,7500.0,31.0,0.0
528872302,Not New,LEXICON PHARMACEUTICALS INC,92.0,7500.0,123.0,7500.0,31.0,0.0
528872302,Not New,LEXICON PHARMACEUTICALS INC,92.0,7500.0,123.0,7500.0,31.0,0.0
88554D205,Not New,3-D SYS CORP DEL,1382.0,103200.0,1930.0,103200.0,548.0,0.0
88554D205,Not New,3-D SYS CORP DEL,1382.0,103200.0,1930.0,103200.0,548.0,0.0
88554D205,Not New,3-D SYS CORP DEL,1382.0,103200.0,1930.0,103200.0,548.0,0.0
88554D205,Not New,3-D SYS CORP DEL,1382.0,103200.0,1930.0,103200.0,548.0,0.0
G0177J108,Not New,ALLERGAN PLC,237209.0,1157400.0,749.0,3082.0,-236460.0,-1154318.0
G0177J108,Not New,ALLERGAN PLC,237209.0,1157400.0,260568.0,1071900.0,23359.0,-85500.0
948596101,Not New,WEIBO CORP,11081.0,112000.0,7445.0,112000.0,-3636.0,0.0
948596101,Not New,WEIBO CORP,11081.0,112000.0,7724.0,116200.0,-3357.0,4200.0
948596101,Not New,WEIBO CORP,11497.0,116200.0,7445.0,112000.0,-4052.0,-4200.0
948596101,Not New,WEIBO CORP,11497.0,116200.0,7724.0,116200.0,-3773.0,0.0
172755100,Sold Out,CIRRUS LOGIC INC,63.0,1000.0,,,,
172755100,Sold Out,CIRRUS LOGIC INC,5250.0,83700.0,,,,
345370860,Not New,FORD MTR CO DEL,17.0,1400.0,3031.0,270900.0,3014.0,269500.0
345370860,Not New,FORD MTR CO DEL,17.0,1400.0,7833.0,700000.0,7816.0,698600.0
345370860,Not New,FORD MTR CO DEL,2499.0,208800.0,3031.0,270900.0,532.0,62100.0
345370860,Not New,FORD MTR CO DEL,2499.0,208800.0,7833.0,700000.0,5334.0,491200.0
345370860,Not New,FORD MTR CO DEL,11093.0,926700.0,3031.0,270900.0,-8062.0,-655800.0
345370860,Not New,FORD MTR CO DEL,11093.0,926700.0,7833.0,700000.0,-3260.0,-226700.0
345370860,Not New,FORD MTR CO DEL,8379.0,700000.0,3031.0,270900.0,-5348.0,-429100.0
345370860,Not New,FORD MTR CO DEL,8379.0,700000.0,7833.0,700000.0,-546.0,0.0
868536103,Sold Out,SUPERVALU INC,1364.0,414600.0,,,,
20825C104,Sold Out,CONOCOPHILLIPS,721.0,16400.0,,,,
20825C104,Sold Out,CONOCOPHILLIPS,50677.0,1152800.0,,,,
12572Q105,Not New,CME GROUP INC,4070.0,30000.0,3757.0,30000.0,-313.0,0.0
90138F102,Not New,TWILIO INC,10800.0,361800.0,11330.0,389200.0,530.0,27400.0
90138F102,Not New,TWILIO INC,10800.0,361800.0,6550.0,225000.0,-4250.0,-136800.0
90138F102,Not New,TWILIO INC,10800.0,361800.0,11737.0,403200.0,937.0,41400.0
90138F102,Not New,TWILIO INC,10800.0,361800.0,11330.0,389200.0,530.0,27400.0
90138F102,Not New,TWILIO INC,10800.0,361800.0,6550.0,225000.0,-4250.0,-136800.0
90138F102,Not New,TWILIO INC,10800.0,361800.0,11737.0,403200.0,937.0,41400.0
247361702,Not New,DELTA AIR LINES INC DEL,4468.0,92660.0,3005.0,55925.0,-1463.0,-36735.0
247361702,Not New,DELTA AIR LINES INC DEL,4468.0,92660.0,16240.0,302200.0,11772.0,209540.0
247361702,Not New,DELTA AIR LINES INC DEL,14572.0,302200.0,3005.0,55925.0,-11567.0,-246275.0
247361702,Not New,DELTA AIR LINES INC DEL,14572.0,302200.0,16240.0,302200.0,1668.0,0.0
478160104,Sold Out,JOHNSON & JOHNSON,238.0,1800.0,,,,
478160104,Sold Out,JOHNSON & JOHNSON,19605.0,148200.0,,,,
09228F103,Not New,BLACKBERRY LTD,174.0,15600.0,172.0,17200.0,-2.0,1600.0
09228F103,Not New,BLACKBERRY LTD,174.0,15600.0,13128.0,1314100.0,12954.0,1298500.0
09228F103,Not New,BLACKBERRY LTD,14786.0,1322500.0,172.0,17200.0,-14614.0,-1305300.0
09228F103,Not New,BLACKBERRY LTD,14786.0,1322500.0,13128.0,1314100.0,-1658.0,-8400.0
00165C104,New Holding,AMC ENTMT HLDGS INC,,,2536.0,172500.0,,
00165C104,New Holding,AMC ENTMT HLDGS INC,,,368.0,25000.0,,
00165C104,New Holding,AMC ENTMT HLDGS INC,,,2536.0,172500.0,,
151290BC6,Not New,CEMEX SAB DE CV,22156.0,19450000.0,23233.0,19450000.0,1077.0,0.0
90347A100,Not New,UBIQUITI NETWORKS INC,7675.0,137000.0,1923.0,37000.0,-5752.0,-100000.0
90347A100,Not New,UBIQUITI NETWORKS INC,7675.0,137000.0,7172.0,138000.0,-503.0,1000.0
90347A100,Not New,UBIQUITI NETWORKS INC,7675.0,137000.0,7208.0,138700.0,-467.0,1700.0
90347A100,Not New,UBIQUITI NETWORKS INC,5602.0,100000.0,1923.0,37000.0,-3679.0,-63000.0
90347A100,Not New,UBIQUITI NETWORKS INC,5602.0,100000.0,7172.0,138000.0,1570.0,38000.0
90347A100,Not New,UBIQUITI NETWORKS INC,5602.0,100000.0,7208.0,138700.0,1606.0,38700.0
90347A100,Not New,UBIQUITI NETWORKS INC,8179.0,146000.0,1923.0,37000.0,-6256.0,-109000.0
90347A100,Not New,UBIQUITI NETWORKS INC,8179.0,146000.0,7172.0,138000.0,-1007.0,-8000.0
90347A100,Not New,UBIQUITI NETWORKS INC,8179.0,146000.0,7208.0,138700.0,-971.0,-7300.0
442488BN1,New Holding,HOVNANIAN K ENTERPRISES INC,,,3530.0,3548000.0,,
442488BN1,New Holding,HOVNANIAN K ENTERPRISES INC,,,19065.0,19161000.0,,
135086106,Sold Out,CANADA GOOSE HOLDINGS INC,7.0,339.0,,,,
135086106,Sold Out,CANADA GOOSE HOLDINGS INC,3945.0,199761.0,,,,
88770Q105,Sold Out,TINTRI INC,6.0,842.0,,,,
88770Q105,Sold Out,TINTRI INC,3606.0,495958.0,,,,
697660207,Not New,PAMPA ENERGIA S A,12793.0,196506.0,31397.0,533509.0,18604.0,337003.0
697660207,Not New,PAMPA ENERGIA S A,12793.0,196506.0,11297.0,191963.0,-1496.0,-4543.0
697660207,Not New,PAMPA ENERGIA S A,35915.0,551685.0,31397.0,533509.0,-4518.0,-18176.0
697660207,Not New,PAMPA ENERGIA S A,35915.0,551685.0,11297.0,191963.0,-24618.0,-359722.0
984332AF3,Sold Out,YAHOO INC,5680.0,5000000.0,,,,
92531L207,Not New,VERSO CORP,0.0,12463.0,0.0,2969.0,0.0,-9494.0
92531L207,Not New,VERSO CORP,0.0,12463.0,0.0,89584.0,0.0,77121.0
92531L207,Not New,VERSO CORP,0.0,12463.0,0.0,9494.0,0.0,-2969.0
92531L207,Not New,VERSO CORP,0.0,89584.0,0.0,2969.0,0.0,-86615.0
92531L207,Not New,VERSO CORP,0.0,89584.0,0.0,89584.0,0.0,0.0
92531L207,Not New,VERSO CORP,0.0,89584.0,0.0,9494.0,0.0,-80090.0
222070203,Not New,COTY INC,1180.0,71371.0,2140.0,114092.0,960.0,42721.0
222070203,Not New,COTY INC,1180.0,71371.0,120918.0,6445528.0,119738.0,6374157.0
222070203,Not New,COTY INC,98850.0,5980041.0,2140.0,114092.0,-96710.0,-5865949.0
222070203,Not New,COTY INC,98850.0,5980041.0,120918.0,6445528.0,22068.0,465487.0
00724F101,New Holding,ADOBE SYS INC,,,5.0,33.0,,
00724F101,New Holding,ADOBE SYS INC,,,3421.0,22931.0,,
42225K106,New Holding,HEALTH INS INNOVATIONS INC,,,236.0,16300.0,,
42225K106,New Holding,HEALTH INS INNOVATIONS INC,,,236.0,16300.0,,
