CUSIP,status,NAME OF ISSUER,(x$1000)_old,PRN AMT_old,(x$1000),PRN AMT,(x$1000)_change,PRN AMT_change
159864107,Not New,CHARLES RIV LABS INTL INC,14950.0,105356.0,14950.0,105356.0,0.0,0.0
159864107,Not New,CHARLES RIV LABS INTL INC,14950.0,105356.0,39362.0,277390.0,24412.0,172034.0
159864107,Not New,CHARLES RIV LABS INTL INC,39362.0,277390.0,14950.0,105356.0,-24412.0,-172034.0
159864107,Not New,CHARLES RIV LABS INTL INC,39362.0,277390.0,39362.0,277390.0,0.0,0.0
16679L109,Not New,CHEWY INC,4375.0,125000.0,4375.0,125000.0,0.0,0.0
925652109,Not New,VICI PPTYS INC,47594.0,2159417.0,47594.0,2159417.0,0.0,0.0
925652109,Not New,VICI PPTYS INC,47594.0,2159417.0,110573.0,5016927.0,62979.0,2857510.0
925652109,Not New,VICI PPTYS INC,110573.0,5016927.0,47594.0,2159417.0,-62979.0,-2857510.0
925652109,Not New,VICI PPTYS INC,110573.0,5016927.0,110573.0,5016927.0,0.0,0.0
36165L108,Not New,GDS HLDGS LTD,8359.0,222500.0,8359.0,222500.0,0.0,0.0
125523100,Not New,CIGNA CORP NEW,23081.0,146497.0,23081.0,146497.0,0.0,0.0
86150R107,Not New,STOKE THERAPEUTICS INC,729.0,25000.0,729.0,25000.0,0.0,0.0
78462F103,Not New,SPDR S&P 500 ETF TR,8057500.0,27500000.0,8057500.0,27500000.0,0.0,0.0
98980L101,Not New,ZOOM VIDEO COMMUNICATIONS IN,10655.0,120000.0,10655.0,120000.0,0.0,0.0
G0750C108,Not New,AXALTA COATING SYS LTD,100737.0,3383837.0,100737.0,3383837.0,0.0,0.0
G0750C108,Not New,AXALTA COATING SYS LTD,100737.0,3383837.0,14885.0,500000.0,-85852.0,-2883837.0
G0750C108,Not New,AXALTA COATING SYS LTD,14885.0,500000.0,100737.0,3383837.0,85852.0,2883837.0
G0750C108,Not New,AXALTA COATING SYS LTD,14885.0,500000.0,14885.0,500000.0,0.0,0.0
92337C104,Not New,VERASTEM INC,77.0,51100.0,77.0,51100.0,0.0,0.0
92337C104,Not New,VERASTEM INC,77.0,51100.0,77.0,51100.0,0.0,0.0
92337C104,Not New,VERASTEM INC,77.0,51100.0,77.0,51100.0,0.0,0.0
92337C104,Not New,VERASTEM INC,77.0,51100.0,77.0,51100.0,0.0,0.0
910873405,Not New,UNITED MICROELECTRONICS CORP,4781.0,2163529.0,4781.0,2163529.0,0.0,0.0
25746U109,Not New,DOMINION ENERGY INC,42982.0,555900.0,42982.0,555900.0,0.0,0.0
64110L106,Not New,NETFLIX INC,228716.0,622662.0,228716.0,622662.0,0.0,0.0
34959J207,Not New,FORTIVE CORP,20706.0,20165.0,20706.0,20165.0,0.0,0.0
032511107,Not New,ANADARKO PETE CORP,176903.0,2507122.0,176903.0,2507122.0,0.0,0.0
595017AD6,Not New,MICROCHIP TECHNOLOGY INC,48390.0,27595000.0,48390.0,27595000.0,0.0,0.0
362393100,Not New,GTT COMMUNICATIONS INC,711.0,40400.0,711.0,40400.0,0.0,0.0
362393100,Not New,GTT COMMUNICATIONS INC,711.0,40400.0,711.0,40400.0,0.0,0.0
362393100,Not New,GTT COMMUNICATIONS INC,711.0,40400.0,711.0,40400.0,0.0,0.0
362393100,Not New,GTT COMMUNICATIONS INC,711.0,40400.0,711.0,40400.0,0.0,0.0
08862E109,Not New,BEYOND MEAT INC,11858.0,73800.0,11858.0,73800.0,0.0,0.0
58549G209,Not New,MELINTA THERAPEUTICS INC,821.0,123500.0,821.0,123500.0,0.0,0.0
58549G209,Not New,MELINTA THERAPEUTICS INC,821.0,123500.0,788.0,118500.0,-33.0,-5000.0
58549G209,Not New,MELINTA THERAPEUTICS INC,788.0,118500.0,821.0,123500.0,33.0,5000.0
58549G209,Not New,MELINTA THERAPEUTICS INC,788.0,118500.0,788.0,118500.0,0.0,0.0
163092AB5,Not New,CHEGG INC,34487.0,22500000.0,34487.0,22500000.0,0.0,0.0
40416M105,Not New,HD SUPPLY HLDGS INC,132300.0,3284502.0,132300.0,3284502.0,0.0,0.0
761283AC4,Not New,RESTORATION HARDWARE HLDGS I,13465.0,11658000.0,13465.0,11658000.0,0.0,0.0
29975E109,Not New,EVENTBRITE INC,494.0,30500.0,494.0,30500.0,0.0,0.0
29975E109,Not New,EVENTBRITE INC,494.0,30500.0,494.0,30500.0,0.0,0.0
29975E109,Not New,EVENTBRITE INC,494.0,30500.0,494.0,30500.0,0.0,0.0
29975E109,Not New,EVENTBRITE INC,494.0,30500.0,494.0,30500.0,0.0,0.0
03823U102,Not New,APPLIED OPTOELECTRONICS INC,758.0,73700.0,758.0,73700.0,0.0,0.0
03823U102,Not New,APPLIED OPTOELECTRONICS INC,758.0,73700.0,758.0,73700.0,0.0,0.0
03823U102,Not New,APPLIED OPTOELECTRONICS INC,758.0,73700.0,758.0,73700.0,0.0,0.0
03823U102,Not New,APPLIED OPTOELECTRONICS INC,758.0,73700.0,758.0,73700.0,0.0,0.0
30734W109,Not New,FAR PT ACQUISITION CORP,30570.0,3000000.0,30570.0,3000000.0,0.0,0.0
33616C100,Not New,FIRST REP BK SAN FRANCISCO C,3557.0,36428.0,3557.0,36428.0,0.0,0.0
983134107,Not New,WYNN RESORTS LTD,198606.0,1601793.0,198606.0,1601793.0,0.0,0.0
983134107,Not New,WYNN RESORTS LTD,198606.0,1601793.0,123990.0,1000000.0,-74616.0,-601793.0
983134107,Not New,WYNN RESORTS LTD,123990.0,1000000.0,198606.0,1601793.0,74616.0,601793.0
983134107,Not New,WYNN RESORTS LTD,123990.0,1000000.0,123990.0,1000000.0,0.0,0.0
16119P108,Not New,CHARTER COMMUNICATIONS INC N,148668.0,376203.0,148668.0,376203.0,0.0,0.0
05352A100,Not New,AVANTOR INC,28635.0,1500000.0,28635.0,1500000.0,0.0,0.0
G9001E128,New Holding,LIBERTY LATIN AMERICA LTD,,,2350.0,136700.0,,
650111107,Not New,NEW YORK TIMES CO,165475.0,5072804.0,165475.0,5072804.0,0.0,0.0
98236JAB4,Not New,WRIGHT MED GROUP N V,51071.0,34420000.0,51071.0,34420000.0,0.0,0.0
83304A106,Not New,SNAP INC,3708.0,259300.0,3708.0,259300.0,0.0,0.0
83304A106,Not New,SNAP INC,3708.0,259300.0,3708.0,259300.0,0.0,0.0
83304A106,Not New,SNAP INC,3708.0,259300.0,3708.0,259300.0,0.0,0.0
83304A106,Not New,SNAP INC,3708.0,259300.0,3708.0,259300.0,0.0,0.0
138035100,Not New,CANOPY GROWTH CORP,10860.0,269400.0,10860.0,269400.0,0.0,0.0
138035100,Not New,CANOPY GROWTH CORP,10860.0,269400.0,11053.0,274200.0,193.0,4800.0
138035100,Not New,CANOPY GROWTH CORP,11053.0,274200.0,10860.0,269400.0,-193.0,-4800.0
138035100,Not New,CANOPY GROWTH CORP,11053.0,274200.0,11053.0,274200.0,0.0,0.0
42225K106,Not New,HEALTH INS INNOVATIONS INC,1312.0,50613.0,1312.0,50613.0,0.0,0.0
42225K106,Not New,HEALTH INS INNOVATIONS INC,1312.0,50613.0,648.0,25000.0,-664.0,-25613.0
42225K106,Not New,HEALTH INS INNOVATIONS INC,1312.0,50613.0,1960.0,75600.0,648.0,24987.0
42225K106,Not New,HEALTH INS INNOVATIONS INC,648.0,25000.0,1312.0,50613.0,664.0,25613.0
42225K106,Not New,HEALTH INS INNOVATIONS INC,648.0,25000.0,648.0,25000.0,0.0,0.0
42225K106,Not New,HEALTH INS INNOVATIONS INC,648.0,25000.0,1960.0,75600.0,1312.0,50600.0
42225K106,Not New,HEALTH INS INNOVATIONS INC,1960.0,75600.0,1312.0,50613.0,-648.0,-24987.0
42225K106,Not New,HEALTH INS INNOVATIONS INC,1960.0,75600.0,648.0,25000.0,-1312.0,-50600.0
42225K106,Not New,HEALTH INS INNOVATIONS INC,1960.0,75600.0,1960.0,75600.0,0.0,0.0
83570H108,Not New,SONOS INC,1270.0,112000.0,1270.0,112000.0,0.0,0.0
83570H108,Not New,SONOS INC,1270.0,112000.0,1270.0,112000.0,0.0,0.0
83570H108,Not New,SONOS INC,1270.0,112000.0,1270.0,112000.0,0.0,0.0
83570H108,Not New,SONOS INC,1270.0,112000.0,1270.0,112000.0,0.0,0.0
46122T102,Not New,INTREXON CORP,299.0,39000.0,299.0,39000.0,0.0,0.0
46122T102,Not New,INTREXON CORP,299.0,39000.0,230.0,30000.0,-69.0,-9000.0
46122T102,Not New,INTREXON CORP,299.0,39000.0,299.0,39000.0,0.0,0.0
46122T102,Not New,INTREXON CORP,299.0,39000.0,2.0,258.0,-297.0,-38742.0
46122T102,Not New,INTREXON CORP,299.0,39000.0,590.0,77000.0,291.0,38000.0
46122T102,Not New,INTREXON CORP,230.0,30000.0,299.0,39000.0,69.0,9000.0
46122T102,Not New,INTREXON CORP,230.0,30000.0,230.0,30000.0,0.0,0.0
46122T102,Not New,INTREXON CORP,230.0,30000.0,299.0,39000.0,69.0,9000.0
46122T102,Not New,INTREXON CORP,230.0,30000.0,2.0,258.0,-228.0,-29742.0
46122T102,Not New,INTREXON CORP,230.0,30000.0,590.0,77000.0,360.0,47000.0
46122T102,Not New,INTREXON CORP,299.0,39000.0,299.0,39000.0,0.0,0.0
46122T102,Not New,INTREXON CORP,299.0,39000.0,230.0,30000.0,-69.0,-9000.0
46122T102,Not New,INTREXON CORP,299.0,39000.0,299.0,39000.0,0.0,0.0
46122T102,Not New,INTREXON CORP,299.0,39000.0,2.0,258.0,-297.0,-38742.0
46122T102,Not New,INTREXON CORP,299.0,39000.0,590.0,77000.0,291.0,38000.0
46122T102,Not New,INTREXON CORP,2.0,258.0,299.0,39000.0,297.0,38742.0
46122T102,Not New,INTREXON CORP,2.0,258.0,230.0,30000.0,228.0,29742.0
46122T102,Not New,INTREXON CORP,2.0,258.0,299.0,39000.0,297.0,38742.0
46122T102,Not New,INTREXON CORP,2.0,258.0,2.0,258.0,0.0,0.0
46122T102,Not New,INTREXON CORP,2.0,258.0,590.0,77000.0,588.0,76742.0
46122T102,Not New,INTREXON CORP,590.0,77000.0,299.0,39000.0,-291.0,-38000.0
46122T102,Not New,INTREXON CORP,590.0,77000.0,230.0,30000.0,-360.0,-47000.0
46122T102,Not New,INTREXON CORP,590.0,77000.0,299.0,39000.0,-291.0,-38000.0
46122T102,Not New,INTREXON CORP,590.0,77000.0,2.0,258.0,-588.0,-76742.0
46122T102,Not New,INTREXON CORP,590.0,77000.0,590.0,77000.0,0.0,0.0
146869102,Not New,CARVANA CO,5427.0,86700.0,5427.0,86700.0,0.0,0.0
146869102,Not New,CARVANA CO,5427.0,86700.0,5427.0,86700.0,0.0,0.0
146869102,Not New,CARVANA CO,5427.0,86700.0,5427.0,86700.0,0.0,0.0
146869102,Not New,CARVANA CO,5427.0,86700.0,5427.0,86700.0,0.0,0.0
83088V102,Not New,SLACK TECHNOLOGIES INC,17741.0,473084.0,17741.0,473084.0,0.0,0.0
83088V102,Not New,SLACK TECHNOLOGIES INC,17741.0,473084.0,65179.0,1738119.0,47438.0,1265035.0
83088V102,Not New,SLACK TECHNOLOGIES INC,65179.0,1738119.0,17741.0,473084.0,-47438.0,-1265035.0
83088V102,Not New,SLACK TECHNOLOGIES INC,65179.0,1738119.0,65179.0,1738119.0,0.0,0.0
229050307,Not New,CRYOPORT INC,751.0,41000.0,751.0,41000.0,0.0,0.0
229050307,Not New,CRYOPORT INC,751.0,41000.0,751.0,41000.0,0.0,0.0
229050307,Not New,CRYOPORT INC,751.0,41000.0,751.0,41000.0,0.0,0.0
229050307,Not New,CRYOPORT INC,751.0,41000.0,751.0,41000.0,0.0,0.0
L8681T102,New Holding,SPOTIFY TECHNOLOGY S A,,,110580.0,756260.0,,
15135B101,Not New,CENTENE CORP DEL,60739.0,1158248.0,60739.0,1158248.0,0.0,0.0
57636Q104,Not New,MASTERCARD INC,308455.0,1166049.0,308455.0,1166049.0,0.0,0.0
03236M200,Not New,AMYRIS INC,1001.0,281100.0,1001.0,281100.0,0.0,0.0
03236M200,Not New,AMYRIS INC,1001.0,281100.0,1001.0,281100.0,0.0,0.0
03236M200,Not New,AMYRIS INC,1001.0,281100.0,1001.0,281100.0,0.0,0.0
03236M200,Not New,AMYRIS INC,1001.0,281100.0,1001.0,281100.0,0.0,0.0
81728P204,Not New,SENTINEL ENERGY SVCS INC,0.0,1.0,0.0,1.0,0.0,0.0
03765K104,Not New,APHRIA INC,489.0,69700.0,489.0,69700.0,0.0,0.0
03765K104,Not New,APHRIA INC,489.0,69700.0,958.0,136700.0,469.0,67000.0
03765K104,Not New,APHRIA INC,958.0,136700.0,489.0,69700.0,-469.0,-67000.0
03765K104,Not New,APHRIA INC,958.0,136700.0,958.0,136700.0,0.0,0.0
021346101,Not New,ALTABA INC,689952.0,9945977.0,689952.0,9945977.0,0.0,0.0
483709101,Not New,KANDI TECHNOLOGIES GROUP INC,1445.0,293100.0,1445.0,293100.0,0.0,0.0
483709101,Not New,KANDI TECHNOLOGIES GROUP INC,1445.0,293100.0,1445.0,293100.0,0.0,0.0
483709101,Not New,KANDI TECHNOLOGIES GROUP INC,1445.0,293100.0,1445.0,293100.0,0.0,0.0
483709101,Not New,KANDI TECHNOLOGIES GROUP INC,1445.0,293100.0,1445.0,293100.0,0.0,0.0
007903107,Not New,ADVANCED MICRO DEVICES INC,4446.0,146400.0,4446.0,146400.0,0.0,0.0
88688T100,Not New,TILRAY INC,1523.0,32700.0,1523.0,32700.0,0.0,0.0
88688T100,Not New,TILRAY INC,1523.0,32700.0,1597.0,34300.0,74.0,1600.0
88688T100,Not New,TILRAY INC,1597.0,34300.0,1523.0,32700.0,-74.0,-1600.0
88688T100,Not New,TILRAY INC,1597.0,34300.0,1597.0,34300.0,0.0,0.0
25985T102,Not New,DOVA PHARMACEUTICALS INC,368.0,26100.0,368.0,26100.0,0.0,0.0
25985T102,Not New,DOVA PHARMACEUTICALS INC,368.0,26100.0,368.0,26100.0,0.0,0.0
25985T102,Not New,DOVA PHARMACEUTICALS INC,368.0,26100.0,368.0,26100.0,0.0,0.0
25985T102,Not New,DOVA PHARMACEUTICALS INC,368.0,26100.0,368.0,26100.0,0.0,0.0
88338N107,Not New,THERAPEUTICSMD INC,327.0,125900.0,327.0,125900.0,0.0,0.0
88338N107,Not New,THERAPEUTICSMD INC,327.0,125900.0,325.0,125000.0,-2.0,-900.0
88338N107,Not New,THERAPEUTICSMD INC,327.0,125900.0,327.0,125900.0,0.0,0.0
88338N107,Not New,THERAPEUTICSMD INC,325.0,125000.0,327.0,125900.0,2.0,900.0
88338N107,Not New,THERAPEUTICSMD INC,325.0,125000.0,325.0,125000.0,0.0,0.0
88338N107,Not New,THERAPEUTICSMD INC,325.0,125000.0,327.0,125900.0,2.0,900.0
88338N107,Not New,THERAPEUTICSMD INC,327.0,125900.0,327.0,125900.0,0.0,0.0
88338N107,Not New,THERAPEUTICSMD INC,327.0,125900.0,325.0,125000.0,-2.0,-900.0
88338N107,Not New,THERAPEUTICSMD INC,327.0,125900.0,327.0,125900.0,0.0,0.0
36255F102,Not New,GS ACQUISITION HLDGS CORP,15210.0,1500000.0,15210.0,1500000.0,0.0,0.0
54951L109,Not New,LUCKIN COFFEE INC,1314.0,67400.0,1314.0,67400.0,0.0,0.0
54951L109,Not New,LUCKIN COFFEE INC,1314.0,67400.0,1314.0,67400.0,0.0,0.0
54951L109,Not New,LUCKIN COFFEE INC,1314.0,67400.0,975.0,50000.0,-339.0,-17400.0
54951L109,Not New,LUCKIN COFFEE INC,1314.0,67400.0,1314.0,67400.0,0.0,0.0
54951L109,Not New,LUCKIN COFFEE INC,1314.0,67400.0,1314.0,67400.0,0.0,0.0
54951L109,Not New,LUCKIN COFFEE INC,1314.0,67400.0,975.0,50000.0,-339.0,-17400.0
54951L109,Not New,LUCKIN COFFEE INC,975.0,50000.0,1314.0,67400.0,339.0,17400.0
54951L109,Not New,LUCKIN COFFEE INC,975.0,50000.0,1314.0,67400.0,339.0,17400.0
54951L109,Not New,LUCKIN COFFEE INC,975.0,50000.0,975.0,50000.0,0.0,0.0
428304109,Not New,HEXO CORP,1644.0,309000.0,1644.0,309000.0,0.0,0.0
428304109,Not New,HEXO CORP,1644.0,309000.0,1644.0,309000.0,0.0,0.0
428304109,Not New,HEXO CORP,1644.0,309000.0,1644.0,309000.0,0.0,0.0
428304109,Not New,HEXO CORP,1644.0,309000.0,1644.0,309000.0,0.0,0.0
25271C102,Not New,DIAMOND OFFSHORE DRILLING IN,2767.0,312000.0,2767.0,312000.0,0.0,0.0
25271C102,Not New,DIAMOND OFFSHORE DRILLING IN,2767.0,312000.0,2767.0,312000.0,0.0,0.0
25271C102,Not New,DIAMOND OFFSHORE DRILLING IN,2767.0,312000.0,2767.0,312000.0,0.0,0.0
25271C102,Not New,DIAMOND OFFSHORE DRILLING IN,2767.0,312000.0,2767.0,312000.0,0.0,0.0
989701115,Not New,ZIONS BANCORPORATION N A,18691.0,1376859.0,18691.0,1376859.0,0.0,0.0
629076118,Not New,NEBULA ACQUISITION CORP,343.0,333333.0,343.0,333333.0,0.0,0.0
892672106,Not New,TRADEWEB MKTS INC,4819.0,110000.0,4819.0,110000.0,0.0,0.0
98986X109,Not New,ZYNERBA PHARMACEUTICALS INC,1215.0,89700.0,1215.0,89700.0,0.0,0.0
98986X109,Not New,ZYNERBA PHARMACEUTICALS INC,1215.0,89700.0,1215.0,89700.0,0.0,0.0
98986X109,Not New,ZYNERBA PHARMACEUTICALS INC,1215.0,89700.0,1215.0,89700.0,0.0,0.0
98986X109,Not New,ZYNERBA PHARMACEUTICALS INC,1215.0,89700.0,1215.0,89700.0,0.0,0.0
464287440,Not New,ISHARES TR,33006.0,300000.0,33006.0,300000.0,0.0,0.0
06684L103,Not New,BAOZUN INC,5225.0,104800.0,5225.0,104800.0,0.0,0.0
06684L103,Not New,BAOZUN INC,5225.0,104800.0,5225.0,104800.0,0.0,0.0
06684L103,Not New,BAOZUN INC,5225.0,104800.0,1047.0,21000.0,-4178.0,-83800.0
06684L103,Not New,BAOZUN INC,5225.0,104800.0,12445.0,249600.0,7220.0,144800.0
06684L103,Not New,BAOZUN INC,5225.0,104800.0,5225.0,104800.0,0.0,0.0
06684L103,Not New,BAOZUN INC,5225.0,104800.0,5225.0,104800.0,0.0,0.0
06684L103,Not New,BAOZUN INC,5225.0,104800.0,1047.0,21000.0,-4178.0,-83800.0
06684L103,Not New,BAOZUN INC,5225.0,104800.0,12445.0,249600.0,7220.0,144800.0
06684L103,Not New,BAOZUN INC,1047.0,21000.0,5225.0,104800.0,4178.0,83800.0
06684L103,Not New,BAOZUN INC,1047.0,21000.0,5225.0,104800.0,4178.0,83800.0
06684L103,Not New,BAOZUN INC,1047.0,21000.0,1047.0,21000.0,0.0,0.0
06684L103,Not New,BAOZUN INC,1047.0,21000.0,12445.0,249600.0,11398.0,228600.0
06684L103,Not New,BAOZUN INC,12445.0,249600.0,5225.0,104800.0,-7220.0,-144800.0
06684L103,Not New,BAOZUN INC,12445.0,249600.0,5225.0,104800.0,-7220.0,-144800.0
06684L103,Not New,BAOZUN INC,12445.0,249600.0,1047.0,21000.0,-11398.0,-228600.0
06684L103,Not New,BAOZUN INC,12445.0,249600.0,12445.0,249600.0,0.0,0.0
48123VAC6,Not New,J2 GLOBAL INC,10100.0,7239000.0,10100.0,7239000.0,0.0,0.0
48123VAC6,Not New,J2 GLOBAL INC,10100.0,7239000.0,17935.0,12855000.0,7835.0,5616000.0
48123VAC6,Not New,J2 GLOBAL INC,17935.0,12855000.0,10100.0,7239000.0,-7835.0,-5616000.0
48123VAC6,Not New,J2 GLOBAL INC,17935.0,12855000.0,17935.0,12855000.0,0.0,0.0
92686J106,Not New,VIKING THERAPEUTICS INC,3615.0,435600.0,3615.0,435600.0,0.0,0.0
92686J106,Not New,VIKING THERAPEUTICS INC,3615.0,435600.0,3628.0,437100.0,13.0,1500.0
92686J106,Not New,VIKING THERAPEUTICS INC,3628.0,437100.0,3615.0,435600.0,-13.0,-1500.0
92686J106,Not New,VIKING THERAPEUTICS INC,3628.0,437100.0,3628.0,437100.0,0.0,0.0
629377CG5,Not New,NRG ENERGY INC,29108.0,27200000.0,29108.0,27200000.0,0.0,0.0
42703MAD5,Not New,HERBALIFE LTD,1943.0,2000000.0,1943.0,2000000.0,0.0,0.0
46267X108,Not New,IQIYI INC,13802.0,668386.0,13802.0,668386.0,0.0,0.0
46267X108,Not New,IQIYI INC,13802.0,668386.0,47964.0,2322700.0,34162.0,1654314.0
46267X108,Not New,IQIYI INC,47964.0,2322700.0,13802.0,668386.0,-34162.0,-1654314.0
46267X108,Not New,IQIYI INC,47964.0,2322700.0,47964.0,2322700.0,0.0,0.0
254067101,Not New,DILLARDS INC,6440.0,103400.0,6440.0,103400.0,0.0,0.0
254067101,Not New,DILLARDS INC,6440.0,103400.0,6440.0,103400.0,0.0,0.0
254067101,Not New,DILLARDS INC,6440.0,103400.0,6440.0,103400.0,0.0,0.0
254067101,Not New,DILLARDS INC,6440.0,103400.0,6440.0,103400.0,0.0,0.0
848574109,Not New,SPIRIT AEROSYSTEMS HLDGS INC,224547.0,2759576.0,224547.0,2759576.0,0.0,0.0
629076209,Not New,NEBULA ACQUISITION CORP,0.0,1.0,0.0,1.0,0.0,0.0
G8250R103,New Holding,SOCIAL CAP HEDOSOPHIA HLDGS,,,36522.0,3499998.0,,
30052C107,Not New,EVOLUS INC,826.0,56500.0,826.0,56500.0,0.0,0.0
30052C107,Not New,EVOLUS INC,826.0,56500.0,56.0,3800.0,-770.0,-52700.0
30052C107,Not New,EVOLUS INC,826.0,56500.0,925.0,63300.0,99.0,6800.0
30052C107,Not New,EVOLUS INC,56.0,3800.0,826.0,56500.0,770.0,52700.0
30052C107,Not New,EVOLUS INC,56.0,3800.0,56.0,3800.0,0.0,0.0
30052C107,Not New,EVOLUS INC,56.0,3800.0,925.0,63300.0,869.0,59500.0
30052C107,Not New,EVOLUS INC,925.0,63300.0,826.0,56500.0,-99.0,-6800.0
30052C107,Not New,EVOLUS INC,925.0,63300.0,56.0,3800.0,-869.0,-59500.0
30052C107,Not New,EVOLUS INC,925.0,63300.0,925.0,63300.0,0.0,0.0
05156X108,Not New,AURORA CANNABIS INC,6013.0,768900.0,6013.0,768900.0,0.0,0.0
05156X108,Not New,AURORA CANNABIS INC,6013.0,768900.0,6021.0,769900.0,8.0,1000.0
05156X108,Not New,AURORA CANNABIS INC,6021.0,769900.0,6013.0,768900.0,-8.0,-1000.0
05156X108,Not New,AURORA CANNABIS INC,6021.0,769900.0,6021.0,769900.0,0.0,0.0
747525103,Not New,QUALCOMM INC,15669.0,205986.0,15669.0,205986.0,0.0,0.0
98138HAF8,Not New,WORKDAY INC,32780.0,21895000.0,32780.0,21895000.0,0.0,0.0
090040106,Not New,BILIBILI INC,8475.0,520900.0,8475.0,520900.0,0.0,0.0
88160RAG6,Not New,TESLA INC,51046.0,52000000.0,51046.0,52000000.0,0.0,0.0
81728P105,Not New,SENTINEL ENERGY SVCS INC,7105.0,699999.0,7105.0,699999.0,0.0,0.0
458140100,Not New,INTEL CORP,13046.0,272535.0,13046.0,272535.0,0.0,0.0
74737V106,Not New,PYXUS INTL INC,2882.0,189600.0,2882.0,189600.0,0.0,0.0
74737V106,Not New,PYXUS INTL INC,2882.0,189600.0,2882.0,189600.0,0.0,0.0
74737V106,Not New,PYXUS INTL INC,2882.0,189600.0,2882.0,189600.0,0.0,0.0
74737V106,Not New,PYXUS INTL INC,2882.0,189600.0,2882.0,189600.0,0.0,0.0
30303M102,Not New,FACEBOOK INC,121830.0,631246.0,121830.0,631246.0,0.0,0.0
30303M102,Not New,FACEBOOK INC,121830.0,631246.0,308800.0,1600000.0,186970.0,968754.0
30303M102,Not New,FACEBOOK INC,308800.0,1600000.0,121830.0,631246.0,-186970.0,-968754.0
30303M102,Not New,FACEBOOK INC,308800.0,1600000.0,308800.0,1600000.0,0.0,0.0
29272C103,Not New,ENERGOUS CORP,141.0,32200.0,141.0,32200.0,0.0,0.0
29272C103,Not New,ENERGOUS CORP,141.0,32200.0,141.0,32200.0,0.0,0.0
29272C103,Not New,ENERGOUS CORP,141.0,32200.0,141.0,32200.0,0.0,0.0
29272C103,Not New,ENERGOUS CORP,141.0,32200.0,141.0,32200.0,0.0,0.0
747798106,Not New,QUDIAN INC,7500.0,1000000.0,7500.0,1000000.0,0.0,0.0
060505104,Not New,BANK AMER CORP,308020.0,10621375.0,308020.0,10621375.0,0.0,0.0
68389X105,Not New,ORACLE CORP,142425.0,2500000.0,142425.0,2500000.0,0.0,0.0
530715AL5,Not New,LIBERTY MEDIA CORP,9231.0,13235000.0,9231.0,13235000.0,0.0,0.0
45782B104,Not New,INSEEGO CORP,1485.0,310100.0,1485.0,310100.0,0.0,0.0
45782B104,Not New,INSEEGO CORP,1485.0,310100.0,1485.0,310100.0,0.0,0.0
45782B104,Not New,INSEEGO CORP,1485.0,310100.0,1485.0,310100.0,0.0,0.0
45782B104,Not New,INSEEGO CORP,1485.0,310100.0,1485.0,310100.0,0.0,0.0
930752100,Not New,WAITR HLDGS INC,191.0,30400.0,191.0,30400.0,0.0,0.0
930752100,Not New,WAITR HLDGS INC,191.0,30400.0,191.0,30400.0,0.0,0.0
930752100,Not New,WAITR HLDGS INC,191.0,30400.0,191.0,30400.0,0.0,0.0
930752100,Not New,WAITR HLDGS INC,191.0,30400.0,191.0,30400.0,0.0,0.0
023135106,Not New,AMAZON COM INC,339558.0,179316.0,339558.0,179316.0,0.0,0.0
60879B107,Not New,MOMO INC,62693.0,1751200.0,62693.0,1751200.0,0.0,0.0
90184LAD4,Not New,TWITTER INC,61648.0,64289000.0,61648.0,64289000.0,0.0,0.0
98986T108,Not New,ZYNGA INC,2281.0,372100.0,2281.0,372100.0,0.0,0.0
30734W117,Not New,FAR PT ACQUISITION CORP,1275.0,1000000.0,1275.0,1000000.0,0.0,0.0
185899AA9,Not New,CLEVELAND CLIFFS INC,37164.0,25775000.0,37164.0,25775000.0,0.0,0.0
53635D202,Not New,LIQUIDIA TECHNOLOGIES INC,640.0,80000.0,640.0,80000.0,0.0,0.0
531229854,Not New,LIBERTY MEDIA CORP DELAWARE,182145.0,4868887.0,182145.0,4868887.0,0.0,0.0
55087P104,Not New,LYFT INC,2734.0,41600.0,2734.0,41600.0,0.0,0.0
55087P104,Not New,LYFT INC,2734.0,41600.0,2734.0,41600.0,0.0,0.0
55087P104,Not New,LYFT INC,2734.0,41600.0,2734.0,41600.0,0.0,0.0
55087P104,Not New,LYFT INC,2734.0,41600.0,2734.0,41600.0,0.0,0.0
36473HAB0,Not New,GANNETT CO INC,3284.0,3250000.0,3284.0,3250000.0,0.0,0.0
127686AA1,Not New,CAESARS ENTMT CORP,8587.0,5000000.0,8587.0,5000000.0,0.0,0.0
60770K107,Not New,MODERNA INC,1231.0,84100.0,1231.0,84100.0,0.0,0.0
60770K107,Not New,MODERNA INC,1231.0,84100.0,1231.0,84100.0,0.0,0.0
60770K107,Not New,MODERNA INC,1231.0,84100.0,1231.0,84100.0,0.0,0.0
60770K107,Not New,MODERNA INC,1231.0,84100.0,1231.0,84100.0,0.0,0.0
D18190898,Not New,DEUTSCHE BANK AG,10290.0,1348600.0,10290.0,1348600.0,0.0,0.0
D18190898,Not New,DEUTSCHE BANK AG,10290.0,1348600.0,10290.0,1348600.0,0.0,0.0
D18190898,Not New,DEUTSCHE BANK AG,10290.0,1348600.0,10290.0,1348600.0,0.0,0.0
D18190898,Not New,DEUTSCHE BANK AG,10290.0,1348600.0,10290.0,1348600.0,0.0,0.0
36255F110,Not New,GS ACQUISITION HLDGS CORP,638.0,500000.0,638.0,500000.0,0.0,0.0
452327109,Not New,ILLUMINA INC,13106.0,35600.0,13106.0,35600.0,0.0,0.0
90353T100,Not New,UBER TECHNOLOGIES INC,1830.0,39456.0,1830.0,39456.0,0.0,0.0
90353T100,Not New,UBER TECHNOLOGIES INC,1830.0,39456.0,220189.0,4747497.0,218359.0,4708041.0
90353T100,Not New,UBER TECHNOLOGIES INC,1830.0,39456.0,67105.0,1500710.0,65275.0,1461254.0
90353T100,Not New,UBER TECHNOLOGIES INC,220189.0,4747497.0,1830.0,39456.0,-218359.0,-4708041.0
90353T100,Not New,UBER TECHNOLOGIES INC,220189.0,4747497.0,220189.0,4747497.0,0.0,0.0
90353T100,Not New,UBER TECHNOLOGIES INC,220189.0,4747497.0,67105.0,1500710.0,-153084.0,-3246787.0
90353T100,Not New,UBER TECHNOLOGIES INC,67105.0,1500710.0,1830.0,39456.0,-65275.0,-1461254.0
90353T100,Not New,UBER TECHNOLOGIES INC,67105.0,1500710.0,220189.0,4747497.0,153084.0,3246787.0
90353T100,Not New,UBER TECHNOLOGIES INC,67105.0,1500710.0,67105.0,1500710.0,0.0,0.0
98585X104,Not New,YETI HLDGS INC,3387.0,117000.0,3387.0,117000.0,0.0,0.0
98585X104,Not New,YETI HLDGS INC,3387.0,117000.0,3387.0,117000.0,0.0,0.0
98585X104,Not New,YETI HLDGS INC,3387.0,117000.0,3387.0,117000.0,0.0,0.0
98585X104,Not New,YETI HLDGS INC,3387.0,117000.0,3387.0,117000.0,0.0,0.0
74736L109,Not New,Q2 HLDGS INC,947.0,12400.0,947.0,12400.0,0.0,0.0
90184LAF9,Not New,TWITTER INC,12629.0,12890000.0,12629.0,12890000.0,0.0,0.0
756577102,Not New,RED HAT INC,127983.0,681632.0,127983.0,681632.0,0.0,0.0
05352A209,Not New,AVANTOR INC,6590.0,100000.0,6590.0,100000.0,0.0,0.0
052769106,Not New,AUTODESK INC,190024.0,1166507.0,190024.0,1166507.0,0.0,0.0
22788C105,Not New,CROWDSTRIKE HLDGS INC,6829.0,100000.0,6829.0,100000.0,0.0,0.0
64157V108,Not New,NEW AGE BEVERAGES CORP,1360.0,291800.0,1360.0,291800.0,0.0,0.0
64157V108,Not New,NEW AGE BEVERAGES CORP,1360.0,291800.0,1406.0,301800.0,46.0,10000.0
64157V108,Not New,NEW AGE BEVERAGES CORP,1406.0,301800.0,1360.0,291800.0,-46.0,-10000.0
64157V108,Not New,NEW AGE BEVERAGES CORP,1406.0,301800.0,1406.0,301800.0,0.0,0.0
22266LAB2,Not New,COUPA SOFTWARE INC,46827.0,16395000.0,46827.0,16395000.0,0.0,0.0
88160RAD3,Not New,TESLA INC,24075.0,24400000.0,24075.0,24400000.0,0.0,0.0
48138M105,Not New,JUMIA TECHNOLOGIES AG,1477.0,55900.0,1477.0,55900.0,0.0,0.0
48138M105,Not New,JUMIA TECHNOLOGIES AG,1477.0,55900.0,1530.0,57900.0,53.0,2000.0
48138M105,Not New,JUMIA TECHNOLOGIES AG,1530.0,57900.0,1477.0,55900.0,-53.0,-2000.0
48138M105,Not New,JUMIA TECHNOLOGIES AG,1530.0,57900.0,1530.0,57900.0,0.0,0.0
92840M102,Not New,VISTRA ENERGY CORP,9961.0,445817.0,9961.0,445817.0,0.0,0.0
92840M102,Not New,VISTRA ENERGY CORP,9961.0,445817.0,112728.0,5068770.0,102767.0,4622953.0
92840M102,Not New,VISTRA ENERGY CORP,112728.0,5068770.0,9961.0,445817.0,-102767.0,-4622953.0
92840M102,Not New,VISTRA ENERGY CORP,112728.0,5068770.0,112728.0,5068770.0,0.0,0.0
15189T503,Not New,CENTERPOINT ENERGY INC,34285.0,680000.0,34285.0,680000.0,0.0,0.0
548661107,Not New,LOWES COS INC,143425.0,1421314.0,143425.0,1421314.0,0.0,0.0
548661107,Not New,LOWES COS INC,143425.0,1421314.0,229984.0,2279100.0,86559.0,857786.0
548661107,Not New,LOWES COS INC,229984.0,2279100.0,143425.0,1421314.0,-86559.0,-857786.0
548661107,Not New,LOWES COS INC,229984.0,2279100.0,229984.0,2279100.0,0.0,0.0
67576A100,Not New,OCULAR THERAPEUTIX INC,188.0,42800.0,188.0,42800.0,0.0,0.0
67576A100,Not New,OCULAR THERAPEUTIX INC,188.0,42800.0,188.0,42800.0,0.0,0.0
67576A100,Not New,OCULAR THERAPEUTIX INC,188.0,42800.0,188.0,42800.0,0.0,0.0
67576A100,Not New,OCULAR THERAPEUTIX INC,188.0,42800.0,188.0,42800.0,0.0,0.0
093712107,Not New,BLOOM ENERGY CORP,296.0,24100.0,296.0,24100.0,0.0,0.0
093712107,Not New,BLOOM ENERGY CORP,296.0,24100.0,296.0,24100.0,0.0,0.0
093712107,Not New,BLOOM ENERGY CORP,296.0,24100.0,296.0,24100.0,0.0,0.0
093712107,Not New,BLOOM ENERGY CORP,296.0,24100.0,296.0,24100.0,0.0,0.0
15912K209,Not New,CHANGE HEALTHCARE INC,5067.0,90000.0,5067.0,90000.0,0.0,0.0
577081102,Not New,MATTEL INC,2350.0,209600.0,2350.0,209600.0,0.0,0.0
577081102,Not New,MATTEL INC,2350.0,209600.0,2350.0,209600.0,0.0,0.0
577081102,Not New,MATTEL INC,2350.0,209600.0,2350.0,209600.0,0.0,0.0
577081102,Not New,MATTEL INC,2350.0,209600.0,2350.0,209600.0,0.0,0.0
25746U133,Not New,DOMINION ENERGY INC,14991.0,145000.0,14991.0,145000.0,0.0,0.0
65339F101,Not New,NEXTERA ENERGY INC,71460.0,348822.0,71460.0,348822.0,0.0,0.0
007903BD8,Not New,ADVANCED MICRO DEVICES INC,220875.0,57028000.0,220875.0,57028000.0,0.0,0.0
98973P101,Not New,ZIOPHARM ONCOLOGY INC,212.0,36400.0,212.0,36400.0,0.0,0.0
98973P101,Not New,ZIOPHARM ONCOLOGY INC,212.0,36400.0,241.0,41300.0,29.0,4900.0
98973P101,Not New,ZIOPHARM ONCOLOGY INC,241.0,41300.0,212.0,36400.0,-29.0,-4900.0
98973P101,Not New,ZIOPHARM ONCOLOGY INC,241.0,41300.0,241.0,41300.0,0.0,0.0
530715AG6,Not New,LIBERTY MEDIA CORP,20081.0,28383000.0,20081.0,28383000.0,0.0,0.0
298736109,Not New,EURONET WORLDWIDE INC,3735.0,22200.0,3735.0,22200.0,0.0,0.0
43300A203,Not New,HILTON WORLDWIDE HLDGS INC,264317.0,2704288.0,264317.0,2704288.0,0.0,0.0
909214BS6,Not New,UNISYS CORP,21768.0,17795000.0,21768.0,17795000.0,0.0,0.0
69370C100,Not New,PTC INC,223058.0,2485046.0,223058.0,2485046.0,0.0,0.0
854502101,Not New,STANLEY BLACK & DECKER INC,17929.0,123985.0,17929.0,123985.0,0.0,0.0
682143102,Not New,OMEROS CORP,1759.0,112100.0,1759.0,112100.0,0.0,0.0
682143102,Not New,OMEROS CORP,1759.0,112100.0,1759.0,112100.0,0.0,0.0
682143102,Not New,OMEROS CORP,1759.0,112100.0,1759.0,112100.0,0.0,0.0
682143102,Not New,OMEROS CORP,1759.0,112100.0,1759.0,112100.0,0.0,0.0
62914V106,Not New,NIO INC,2810.0,1101900.0,2810.0,1101900.0,0.0,0.0
62914V106,Not New,NIO INC,2810.0,1101900.0,2810.0,1101900.0,0.0,0.0
62914V106,Not New,NIO INC,2810.0,1101900.0,2810.0,1101900.0,0.0,0.0
62914V106,Not New,NIO INC,2810.0,1101900.0,2810.0,1101900.0,0.0,0.0
72352L106,Not New,PINTEREST INC,5444.0,200000.0,5444.0,200000.0,0.0,0.0
30227M105,Not New,EXTRACTION OIL AND GAS INC,4455.0,1028951.0,4455.0,1028951.0,0.0,0.0
21833P103,Not New,CORBUS PHARMACEUTICALS HLDGS,1040.0,150000.0,1040.0,150000.0,0.0,0.0
21833P103,Not New,CORBUS PHARMACEUTICALS HLDGS,1040.0,150000.0,1040.0,150000.0,0.0,0.0
21833P103,Not New,CORBUS PHARMACEUTICALS HLDGS,1040.0,150000.0,1040.0,150000.0,0.0,0.0
21833P103,Not New,CORBUS PHARMACEUTICALS HLDGS,1040.0,150000.0,1040.0,150000.0,0.0,0.0
698813102,Not New,PAPA JOHNS INTL INC,2965.0,66300.0,2965.0,66300.0,0.0,0.0
698813102,Not New,PAPA JOHNS INTL INC,2965.0,66300.0,2965.0,66300.0,0.0,0.0
698813102,Not New,PAPA JOHNS INTL INC,2965.0,66300.0,2965.0,66300.0,0.0,0.0
698813102,Not New,PAPA JOHNS INTL INC,2965.0,66300.0,2965.0,66300.0,0.0,0.0
01609W102,Not New,ALIBABA GROUP HLDG LTD,246650.0,1455589.0,246650.0,1455589.0,0.0,0.0
594918104,Not New,MICROSOFT CORP,239089.0,1784776.0,239089.0,1784776.0,0.0,0.0
42703MAB9,Not New,HERBALIFE LTD,60186.0,58455000.0,60186.0,58455000.0,0.0,0.0
46625H100,Not New,JPMORGAN CHASE & CO,108132.0,967193.0,108132.0,967193.0,0.0,0.0
25746U836,Not New,DOMINION ENERGY INC,56292.0,1125500.0,56292.0,1125500.0,0.0,0.0
69946T207,Not New,PARETEUM CORP,1221.0,468000.0,1221.0,468000.0,0.0,0.0
69946T207,Not New,PARETEUM CORP,1221.0,468000.0,1254.0,480500.0,33.0,12500.0
69946T207,Not New,PARETEUM CORP,1254.0,480500.0,1221.0,468000.0,-33.0,-12500.0
69946T207,Not New,PARETEUM CORP,1254.0,480500.0,1254.0,480500.0,0.0,0.0
233331883,Not New,DTE ENERGY CO,23608.0,421000.0,23608.0,421000.0,0.0,0.0
007800AB1,Not New,AEROJET ROCKETDYNE HLDGS INC,28913.0,16146000.0,28913.0,16146000.0,0.0,0.0
151020104,Not New,CELGENE CORP,221330.0,2394310.0,221330.0,2394310.0,0.0,0.0
45031UCB5,Not New,ISTAR INC,16905.0,16500000.0,16905.0,16500000.0,0.0,0.0
900450206,Not New,TURTLE BEACH CORP,1260.0,109000.0,1260.0,109000.0,0.0,0.0
900450206,Not New,TURTLE BEACH CORP,1260.0,109000.0,289.0,25000.0,-971.0,-84000.0
900450206,Not New,TURTLE BEACH CORP,1260.0,109000.0,1306.0,113000.0,46.0,4000.0
900450206,Not New,TURTLE BEACH CORP,289.0,25000.0,1260.0,109000.0,971.0,84000.0
900450206,Not New,TURTLE BEACH CORP,289.0,25000.0,289.0,25000.0,0.0,0.0
900450206,Not New,TURTLE BEACH CORP,289.0,25000.0,1306.0,113000.0,1017.0,88000.0
900450206,Not New,TURTLE BEACH CORP,1306.0,113000.0,1260.0,109000.0,-46.0,-4000.0
900450206,Not New,TURTLE BEACH CORP,1306.0,113000.0,289.0,25000.0,-1017.0,-88000.0
900450206,Not New,TURTLE BEACH CORP,1306.0,113000.0,1306.0,113000.0,0.0,0.0
00972L107,Not New,AKCEA THERAPEUTICS INC,4692.0,200100.0,4692.0,200100.0,0.0,0.0
00972L107,Not New,AKCEA THERAPEUTICS INC,4692.0,200100.0,4728.0,201600.0,36.0,1500.0
00972L107,Not New,AKCEA THERAPEUTICS INC,4728.0,201600.0,4692.0,200100.0,-36.0,-1500.0
00972L107,Not New,AKCEA THERAPEUTICS INC,4728.0,201600.0,4728.0,201600.0,0.0,0.0
00444T100,Not New,ACELRX PHARMACEUTICALS INC,202.0,79800.0,202.0,79800.0,0.0,0.0
00444T100,Not New,ACELRX PHARMACEUTICALS INC,202.0,79800.0,202.0,79800.0,0.0,0.0
00444T100,Not New,ACELRX PHARMACEUTICALS INC,202.0,79800.0,202.0,79800.0,0.0,0.0
00444T100,Not New,ACELRX PHARMACEUTICALS INC,202.0,79800.0,202.0,79800.0,0.0,0.0
09061G101,Not New,BIOMARIN PHARMACEUTICAL INC,1884.0,22000.0,1884.0,22000.0,0.0,0.0
91818X108,Not New,UXIN LTD,695.0,316000.0,695.0,316000.0,0.0,0.0
91818X108,Not New,UXIN LTD,695.0,316000.0,695.0,316000.0,0.0,0.0
91818X108,Not New,UXIN LTD,695.0,316000.0,695.0,316000.0,0.0,0.0
91818X108,Not New,UXIN LTD,695.0,316000.0,695.0,316000.0,0.0,0.0
88160R101,Not New,TESLA INC,21475.0,96100.0,21475.0,96100.0,0.0,0.0
88160R101,Not New,TESLA INC,21475.0,96100.0,21475.0,96100.0,0.0,0.0
88160R101,Not New,TESLA INC,21475.0,96100.0,560147.0,2506700.0,538672.0,2410600.0
88160R101,Not New,TESLA INC,21475.0,96100.0,21475.0,96100.0,0.0,0.0
88160R101,Not New,TESLA INC,21475.0,96100.0,21475.0,96100.0,0.0,0.0
88160R101,Not New,TESLA INC,21475.0,96100.0,560147.0,2506700.0,538672.0,2410600.0
88160R101,Not New,TESLA INC,560147.0,2506700.0,21475.0,96100.0,-538672.0,-2410600.0
88160R101,Not New,TESLA INC,560147.0,2506700.0,21475.0,96100.0,-538672.0,-2410600.0
88160R101,Not New,TESLA INC,560147.0,2506700.0,560147.0,2506700.0,0.0,0.0
39874R101,Not New,GROCERY OUTLET HLDG CORP,1973.0,60000.0,1973.0,60000.0,0.0,0.0
62952QAB6,Not New,NXP SEMICONDUCTORS N V,30617.0,29028000.0,30617.0,29028000.0,0.0,0.0
137800207,Not New,CANNTRUST HLDGS INC,609.0,121400.0,609.0,121400.0,0.0,0.0
137800207,Not New,CANNTRUST HLDGS INC,609.0,121400.0,609.0,121400.0,0.0,0.0
137800207,Not New,CANNTRUST HLDGS INC,609.0,121400.0,609.0,121400.0,0.0,0.0
137800207,Not New,CANNTRUST HLDGS INC,609.0,121400.0,609.0,121400.0,0.0,0.0
543881106,Not New,LORAL SPACE & COMMUNICATNS I,6137.0,177840.0,6137.0,177840.0,0.0,0.0
543881106,Not New,LORAL SPACE & COMMUNICATNS I,6137.0,177840.0,15112.0,437908.0,8975.0,260068.0
543881106,Not New,LORAL SPACE & COMMUNICATNS I,15112.0,437908.0,6137.0,177840.0,-8975.0,-260068.0
543881106,Not New,LORAL SPACE & COMMUNICATNS I,15112.0,437908.0,15112.0,437908.0,0.0,0.0
H17182108,New Holding,CRISPR THERAPEUTICS AG,,,3876.0,82300.0,,
69331C108,Not New,PG&E CORP,16523.0,720916.0,16523.0,720916.0,0.0,0.0
69331C108,Not New,PG&E CORP,16523.0,720916.0,32057.0,1398648.0,15534.0,677732.0
69331C108,Not New,PG&E CORP,32057.0,1398648.0,16523.0,720916.0,-15534.0,-677732.0
69331C108,Not New,PG&E CORP,32057.0,1398648.0,32057.0,1398648.0,0.0,0.0
36165LAB4,Not New,GDS HLDGS LTD,5592.0,5635000.0,5592.0,5635000.0,0.0,0.0
42806J114,Not New,HERTZ GLOBAL HLDGS INC,2557.0,1250290.0,2557.0,1250290.0,0.0,0.0
88160RAC5,Not New,TESLA INC,89232.0,93692000.0,89232.0,93692000.0,0.0,0.0
629076100,Not New,NEBULA ACQUISITION CORP,10100.0,999999.0,10100.0,999999.0,0.0,0.0
89366M201,Not New,TRANSENTERIX INC,337.0,248000.0,337.0,248000.0,0.0,0.0
89366M201,Not New,TRANSENTERIX INC,337.0,248000.0,337.0,248000.0,0.0,0.0
89366M201,Not New,TRANSENTERIX INC,337.0,248000.0,337.0,248000.0,0.0,0.0
89366M201,Not New,TRANSENTERIX INC,337.0,248000.0,337.0,248000.0,0.0,0.0
526057302,Not New,LENNAR CORP,14861.0,385901.0,14861.0,385901.0,0.0,0.0
36467W109,Not New,GAMESTOP CORP NEW,3958.0,723500.0,3958.0,723500.0,0.0,0.0
36467W109,Not New,GAMESTOP CORP NEW,3958.0,723500.0,3958.0,723500.0,0.0,0.0
36467W109,Not New,GAMESTOP CORP NEW,3958.0,723500.0,3958.0,723500.0,0.0,0.0
36467W109,Not New,GAMESTOP CORP NEW,3958.0,723500.0,3958.0,723500.0,0.0,0.0
22943FAF7,Not New,CTRIP COM INTL LTD,19762.0,20000000.0,19762.0,20000000.0,0.0,0.0
98426T106,Not New,YY INC,19067.0,273600.0,19067.0,273600.0,0.0,0.0
72919P202,Not New,PLUG POWER INC,549.0,243900.0,549.0,243900.0,0.0,0.0
72919P202,Not New,PLUG POWER INC,549.0,243900.0,549.0,243900.0,0.0,0.0
72919P202,Not New,PLUG POWER INC,549.0,243900.0,549.0,243900.0,0.0,0.0
72919P202,Not New,PLUG POWER INC,549.0,243900.0,549.0,243900.0,0.0,0.0
92336X109,Not New,VEONEER INCORPORATED,492.0,28400.0,492.0,28400.0,0.0,0.0
92336X109,Not New,VEONEER INCORPORATED,492.0,28400.0,492.0,28400.0,0.0,0.0
92336X109,Not New,VEONEER INCORPORATED,492.0,28400.0,492.0,28400.0,0.0,0.0
92336X109,Not New,VEONEER INCORPORATED,492.0,28400.0,492.0,28400.0,0.0,0.0
444859102,Not New,HUMANA INC,87255.0,328891.0,87255.0,328891.0,0.0,0.0
N6596X109,Not New,NXP SEMICONDUCTORS N V,185786.0,1903349.0,185786.0,1903349.0,0.0,0.0
N6596X109,Not New,NXP SEMICONDUCTORS N V,185786.0,1903349.0,168748.0,1728800.0,-17038.0,-174549.0
N6596X109,Not New,NXP SEMICONDUCTORS N V,185786.0,1903349.0,3036.0,31100.0,-182750.0,-1872249.0
N6596X109,Not New,NXP SEMICONDUCTORS N V,168748.0,1728800.0,185786.0,1903349.0,17038.0,174549.0
N6596X109,Not New,NXP SEMICONDUCTORS N V,168748.0,1728800.0,168748.0,1728800.0,0.0,0.0
N6596X109,Not New,NXP SEMICONDUCTORS N V,168748.0,1728800.0,3036.0,31100.0,-165712.0,-1697700.0
N6596X109,Not New,NXP SEMICONDUCTORS N V,3036.0,31100.0,185786.0,1903349.0,182750.0,1872249.0
N6596X109,Not New,NXP SEMICONDUCTORS N V,3036.0,31100.0,168748.0,1728800.0,165712.0,1697700.0
N6596X109,Not New,NXP SEMICONDUCTORS N V,3036.0,31100.0,3036.0,31100.0,0.0,0.0
872590104,Not New,T MOBILE US INC,55056.0,742598.0,55056.0,742598.0,0.0,0.0
690370101,Not New,OVERSTOCK COM INC DEL,2139.0,157300.0,2139.0,157300.0,0.0,0.0
690370101,Not New,OVERSTOCK COM INC DEL,2139.0,157300.0,2139.0,157300.0,0.0,0.0
690370101,Not New,OVERSTOCK COM INC DEL,2139.0,157300.0,2139.0,157300.0,0.0,0.0
690370101,Not New,OVERSTOCK COM INC DEL,2139.0,157300.0,2139.0,157300.0,0.0,0.0
722304102,Not New,PINDUODUO INC,4126.0,200000.0,4126.0,200000.0,0.0,0.0
22822V309,Not New,CROWN CASTLE INTL CORP NEW,52273.0,43585.0,52273.0,43585.0,0.0,0.0
02079K305,Not New,ALPHABET INC,174648.0,161293.0,174648.0,161293.0,0.0,0.0
767754872,Not New,RITE AID CORP,1483.0,185200.0,1483.0,185200.0,0.0,0.0
767754872,Not New,RITE AID CORP,1483.0,185200.0,1483.0,185200.0,0.0,0.0
767754872,Not New,RITE AID CORP,1483.0,185200.0,1483.0,185200.0,0.0,0.0
767754872,Not New,RITE AID CORP,1483.0,185200.0,1483.0,185200.0,0.0,0.0
44916T107,Not New,HYRECAR INC,35.0,8400.0,35.0,8400.0,0.0,0.0
44916T107,Not New,HYRECAR INC,35.0,8400.0,35.0,8400.0,0.0,0.0
44916T107,Not New,HYRECAR INC,35.0,8400.0,35.0,8400.0,0.0,0.0
44916T107,Not New,HYRECAR INC,35.0,8400.0,35.0,8400.0,0.0,0.0
816851406,Not New,SEMPRA ENERGY,41879.0,374655.0,41879.0,374655.0,0.0,0.0
G0177J108,Not New,ALLERGAN PLC,150878.0,901143.0,150878.0,901143.0,0.0,0.0
824348106,Not New,SHERWIN WILLIAMS CO,280341.0,611711.0,280341.0,611711.0,0.0,0.0
00430H102,Not New,ACCELERATE DIAGNOSTICS INC,1300.0,56800.0,1300.0,56800.0,0.0,0.0
00430H102,Not New,ACCELERATE DIAGNOSTICS INC,1300.0,56800.0,1300.0,56800.0,0.0,0.0
00430H102,Not New,ACCELERATE DIAGNOSTICS INC,1300.0,56800.0,1300.0,56800.0,0.0,0.0
00430H102,Not New,ACCELERATE DIAGNOSTICS INC,1300.0,56800.0,1300.0,56800.0,0.0,0.0
81728P113,Not New,SENTINEL ENERGY SVCS INC,149.0,233333.0,149.0,233333.0,0.0,0.0
64079L105,Not New,NEPTUNE WELLNESS SOLUTIONS I,982.0,225700.0,982.0,225700.0,0.0,0.0
64079L105,Not New,NEPTUNE WELLNESS SOLUTIONS I,982.0,225700.0,982.0,225700.0,0.0,0.0
64079L105,Not New,NEPTUNE WELLNESS SOLUTIONS I,982.0,225700.0,982.0,225700.0,0.0,0.0
64079L105,Not New,NEPTUNE WELLNESS SOLUTIONS I,982.0,225700.0,982.0,225700.0,0.0,0.0
50187T106,Not New,LGI HOMES INC,2664.0,37300.0,2664.0,37300.0,0.0,0.0
50187T106,Not New,LGI HOMES INC,2664.0,37300.0,2664.0,37300.0,0.0,0.0
50187T106,Not New,LGI HOMES INC,2664.0,37300.0,2664.0,37300.0,0.0,0.0
50187T106,Not New,LGI HOMES INC,2664.0,37300.0,2664.0,37300.0,0.0,0.0
053588109,Not New,AVEO PHARMACEUTICALS INC,244.0,362800.0,244.0,362800.0,0.0,0.0
22717L101,Not New,CRONOS GROUP INC,3081.0,192800.0,3081.0,192800.0,0.0,0.0
22717L101,Not New,CRONOS GROUP INC,3081.0,192800.0,3081.0,192800.0,0.0,0.0
22717L101,Not New,CRONOS GROUP INC,3081.0,192800.0,3081.0,192800.0,0.0,0.0
22717L101,Not New,CRONOS GROUP INC,3081.0,192800.0,3081.0,192800.0,0.0,0.0
595017AH7,Not New,MICROCHIP TECHNOLOGY INC,5857.0,5000000.0,5857.0,5000000.0,0.0,0.0
697660207,Not New,PAMPA ENERGIA S A,9413.0,271509.0,9413.0,271509.0,0.0,0.0
697660207,Not New,PAMPA ENERGIA S A,9413.0,271509.0,56038.0,1616330.0,46625.0,1344821.0
697660207,Not New,PAMPA ENERGIA S A,56038.0,1616330.0,9413.0,271509.0,-46625.0,-1344821.0
697660207,Not New,PAMPA ENERGIA S A,56038.0,1616330.0,56038.0,1616330.0,0.0,0.0
194014205,Not New,COLFAX CORP,12666.0,100000.0,12666.0,100000.0,0.0,0.0
18453H106,Not New,CLEAR CHANNEL OUTDOOR HLDGS,5975.0,1265829.0,5975.0,1265829.0,0.0,0.0
18453H106,Not New,CLEAR CHANNEL OUTDOOR HLDGS,5975.0,1265829.0,14512.0,3074649.0,8537.0,1808820.0
18453H106,Not New,CLEAR CHANNEL OUTDOOR HLDGS,14512.0,3074649.0,5975.0,1265829.0,-8537.0,-1808820.0
18453H106,Not New,CLEAR CHANNEL OUTDOOR HLDGS,14512.0,3074649.0,14512.0,3074649.0,0.0,0.0
39572G100,Not New,GREENSKY INC,1633.0,132900.0,1633.0,132900.0,0.0,0.0
39572G100,Not New,GREENSKY INC,1633.0,132900.0,615.0,50000.0,-1018.0,-82900.0
39572G100,Not New,GREENSKY INC,1633.0,132900.0,2248.0,182900.0,615.0,50000.0
39572G100,Not New,GREENSKY INC,615.0,50000.0,1633.0,132900.0,1018.0,82900.0
39572G100,Not New,GREENSKY INC,615.0,50000.0,615.0,50000.0,0.0,0.0
39572G100,Not New,GREENSKY INC,615.0,50000.0,2248.0,182900.0,1633.0,132900.0
39572G100,Not New,GREENSKY INC,2248.0,182900.0,1633.0,132900.0,-615.0,-50000.0
39572G100,Not New,GREENSKY INC,2248.0,182900.0,615.0,50000.0,-1633.0,-132900.0
39572G100,Not New,GREENSKY INC,2248.0,182900.0,2248.0,182900.0,0.0,0.0
