CUSIP,status,NAME OF ISSUER,(x$1000)_old,PRN AMT_old,(x$1000),PRN AMT,(x$1000)_change,PRN AMT_change
34986J105,Not New,FORWARD PHARMA A/S,91244.0,5367300.0,101979.0,5367300.0,10735.0,0.0
675746309,Sold Out,OCWEN FINL CORP,36247.0,5200427.0,,,,
165167BZ9,New Holding,CHESAPEAKE ENERGY CORP,,,7274.0,11500000.0,,
046513107,Not New,ATARA BIOTHERAPEUTICS INC,101994.0,5359632.0,141548.0,5359632.0,39554.0,0.0
494577109,Not New,KINDRED BIOSCIENCES INC,10398.0,3013848.0,10247.0,3013848.0,-151.0,0.0
90130A200,Not New,TWENTY FIRST CENTY FOX INC,205242.0,7278100.0,177744.0,6527500.0,-27498.0,-750600.0
35906A207,Sold Out,FRONTIER COMMUNICATIONS CORP,29764.0,325000.0,,,,
G8807B106,Not New,THERAVANCE BIOPHARMA INC,122219.0,6500991.0,105224.0,6420028.0,-16995.0,-80963.0
09074D103,Not New,BIOTIE THERAPIES OYJ,36814.0,1395000.0,20018.0,1395000.0,-16796.0,0.0
88338TAB0,Not New,THERAVANCE INC,37770.0,48230000.0,36052.0,48230000.0,-1718.0,0.0
16411R208,Not New,CHENIERE ENERGY INC,1009527.0,29841174.0,971840.0,26089669.0,-37687.0,-3751505.0
70450Y103,Not New,PAYPAL HLDGS INC,272506.0,7059745.0,402156.0,11109278.0,129650.0,4049533.0
165167CA3,New Holding,CHESAPEAKE ENERGY CORP,,,14737.0,23300000.0,,
680665205,Not New,OLIN CORP,186540.0,10739202.0,120820.0,7000000.0,-65720.0,-3739202.0
699374302,Not New,PARATEK PHARMACEUTICALS INC,23430.0,1544498.0,29299.0,1544498.0,5869.0,0.0
69318G106,Not New,PBF ENERGY INC,353287.0,10641175.0,405830.0,11025000.0,52543.0,383825.0
G5315B107,Sold Out,KOSMOS ENERGY LTD,24018.0,4618796.0,,,,
Y8213L102,Not New,SUNEDISON SEMICONDUCTOR LTD,54257.0,8372979.0,65644.0,8372979.0,11387.0,0.0
595112103,Sold Out,MICRON TECHNOLOGY INC,14160.0,1000000.0,,,,
88338T104,Sold Out,THERAVANCE INC,208860.0,19815983.0,,,,
078314101,Not New,BELLATRIX EXPLORATION LTD,8740.0,8653281.0,29029.0,23990500.0,20289.0,15337219.0
268648102,Not New,E M C CORP MASS,1381842.0,51851500.0,751105.0,29248619.0,-630737.0,-22602881.0
86771W105,Not New,SUNRUN INC,18456.0,2848082.0,33522.0,2848082.0,15066.0,0.0
492515101,Not New,KERYX BIOPHARMACEUTICALS INC,120447.0,25791678.0,130248.0,25791678.0,9801.0,0.0
37247D106,New Holding,GENWORTH FINL INC,,,4639.0,1699195.0,,
026874156,Not New,AMERICAN INTL GROUP INC,39729.0,2124551.0,29902.0,1258496.0,-9827.0,-866055.0
82811P200,New Holding,SILVER RUN ACQUISITION CORP,,,38813.0,3750000.0,,
35906A108,Sold Out,FRONTIER COMMUNICATIONS CORP,50974.0,10915236.0,,,,
923454102,Not New,VERITIV CORP,113434.0,3044385.0,104519.0,2885682.0,-8915.0,-158703.0
79970Y105,Sold Out,SANCHEZ ENERGY CORP,8620.0,2000000.0,,,,
G0177J108,New Holding,ALLERGAN PLC,,,461437.0,1721587.0,,
92552V100,Not New,VIASAT INC,847455.0,11533137.0,703637.0,11533137.0,-143818.0,0.0
172967226,Not New,CITIGROUP INC,10255.0,102553207.0,18460.0,102553207.0,8205.0,0.0
03674X106,Not New,ANTERO RES CORP,534851.0,21505881.0,417861.0,19167944.0,-116990.0,-2337937.0
66987E206,Not New,NOVAGOLD RES INC,75600.0,15000000.0,79895.0,18977449.0,4295.0,3977449.0
50420D108,New Holding,LA QUINTA HLDGS INC,,,13888.0,1111000.0,,
66988K102,Not New,NOVACOPPER INC,4028.0,10600758.0,3001.0,10600758.0,-1027.0,0.0
G2110R114,Not New,CHIPMOS TECH BERMUDA LTD,65207.0,3751853.0,74287.0,3751853.0,9080.0,0.0
45781M101,New Holding,INNOVIVA INC,,,249483.0,19815983.0,,
482539103,Not New,KLX INC,64280.0,2000000.0,61580.0,2000000.0,-2700.0,0.0
686164104,Not New,OREXIGEN THERAPEUTICS INC,12530.0,22268399.0,3902.0,2268399.0,-8628.0,-20000000.0
90130A101,Not New,TWENTY FIRST CENTY FOX INC,214590.0,7696922.0,111288.0,4097500.0,-103302.0,-3599422.0
928563402,New Holding,VMWARE INC,,,117838.0,2252694.0,,
