CUSIP,status,NAME OF ISSUER,(x$1000)_old,PRN AMT_old,(x$1000),PRN AMT,(x$1000)_change,PRN AMT_change
893641100,Not New,TRANSDIGM GROUP INC,432909.0,1410402.0,387325.0,1410402.0,-45584.0,0.0
81762P102,Not New,SERVICENOW INC,442929.0,2677118.0,536710.0,4116193.0,93781.0,1439075.0
89400J107,Not New,TRANSUNION,666680.0,11741467.0,581067.0,10572548.0,-85613.0,-1168919.0
285512109,Not New,ELECTRONIC ARTS INC,865413.0,7138016.0,767798.0,7308184.0,-97615.0,170168.0
29444U700,Sold Out,EQUINIX INC,508753.0,1122529.0,,,,
81141R100,Not New,SEA LTD,44666.0,3963222.0,42966.0,3223222.0,-1700.0,-740000.0
06746L422,Sold Out,BARCLAYS BK PLC,6980.0,250000.0,,,,
852234103,New Holding,SQUARE INC,,,132573.0,2694573.0,,
21036P108,Not New,CONSTELLATION BRANDS INC,1105205.0,4849090.0,1112932.0,4869109.0,7727.0,20019.0
Y09827109,Not New,BROADCOM LTD,645149.0,2737741.0,632749.0,2463016.0,-12400.0,-274725.0
09857L108,New Holding,BOOKING HLDGS INC,,,1056520.0,507847.0,,
339041105,Not New,FLEETCOR TECHNOLOGIES INC,233198.0,1151593.0,154229.0,801482.0,-78969.0,-350111.0
70450Y103,Not New,PAYPAL HLDGS INC,808754.0,10659734.0,698523.0,9488228.0,-110231.0,-1171506.0
256746108,New Holding,DOLLAR TREE INC,,,602082.0,6344385.0,,
G68707101,New Holding,PAGSEGURO DIGITAL LTD,,,69816.0,1821925.0,,
983134107,Not New,WYNN RESORTS LTD,412270.0,2260749.0,214118.0,1270051.0,-198152.0,-990698.0
16119P108,Sold Out,CHARTER COMMUNICATIONS INC N,580445.0,1727722.0,,,,
09247X101,Not New,BLACKROCK INC,497770.0,918870.0,567069.0,1103870.0,69299.0,185000.0
741503403,Sold Out,PRICELINE GRP INC,959107.0,551928.0,,,,
78410G104,New Holding,SBA COMMUNICATIONS CORP NEW,,,578590.0,3385152.0,,
58733R102,Not New,MERCADOLIBRE INC,578834.0,1624158.0,483785.0,1537485.0,-95049.0,-86673.0
872590104,New Holding,T MOBILE US INC,,,212824.0,3486629.0,,
874039100,New Holding,TAIWAN SEMICONDUCTOR MFG LTD,,,540393.0,12349027.0,,
126408103,Not New,CSX CORP,744860.0,13370307.0,626200.0,11383382.0,-118660.0,-1986925.0
03524A108,Sold Out,ANHEUSER BUSCH INBEV SA/NV,586170.0,5254307.0,,,,
30063P105,New Holding,EXACT SCIENCES CORP,,,52348.0,1298001.0,,
30303M102,Not New,FACEBOOK INC,1230581.0,7701242.0,776503.0,4400447.0,-454078.0,-3300795.0
46266C105,Not New,IQVIA HLDGS INC,970399.0,9890932.0,966110.0,9868332.0,-4289.0,-22600.0
00507V109,Not New,ACTIVISION BLIZZARD INC,981945.0,14555953.0,1084956.0,17134499.0,103011.0,2578546.0
02079K107,Not New,ALPHABET INC,670667.0,650003.0,625227.0,597503.0,-45440.0,-52500.0
023135106,Not New,AMAZON COM INC,836267.0,577796.0,900487.0,769996.0,64220.0,192200.0
57636Q104,Sold Out,MASTERCARD INCORPORATED,508973.0,3362667.0,,,,
40049J206,Sold Out,GRUPO TELEVISA SA,375113.0,20091736.0,,,,
91324P102,Not New,UNITEDHEALTH GROUP INC,910445.0,4254415.0,802819.0,3641563.0,-107626.0,-612852.0
01609W102,Not New,ALIBABA GROUP HLDG LTD,1097965.0,5982159.0,1094581.0,6347975.0,-3384.0,365816.0
594918104,Not New,MICROSOFT CORP,1102220.0,12076471.0,819881.0,9584771.0,-282339.0,-2491700.0
00846U101,Sold Out,AGILENT TECHNOLOGIES INC,241602.0,3607622.0,,,,
79466L302,Sold Out,SALESFORCE COM INC,497305.0,4864570.0,,,,
00724F101,Not New,ADOBE SYS INC,1220707.0,5649328.0,1014732.0,5790528.0,-205975.0,141200.0
