CUSIP,status,NAME OF ISSUER,(x$1000)_old,PRN AMT_old,(x$1000),PRN AMT,(x$1000)_change,PRN AMT_change
23804L103,New Holding,DATADOG INC,,,594116.0,6832849.0,,
81762P102,Not New,SERVICENOW INC,724667.0,1789035.0,392239.0,1368688.0,-332428.0,-420347.0
893641100,Not New,TRANSDIGM GROUP INC,773900.0,1750708.0,248452.0,775953.0,-525448.0,-974755.0
127387108,Sold Out,CADENCE DESIGN SYSTEM INC,85099.0,1288594.0,,,,
16679L109,Sold Out,CHEWY INC,48728.0,1299749.0,,,,
G06242104,Sold Out,ATLASSIAN CORP PLC,190597.0,1388586.0,,,,
98980L101,New Holding,ZOOM VIDEO COMMUNICATIONS IN,,,427837.0,1687453.0,,
81141R100,Sold Out,SEA LTD,1196.0,27000.0,,,,
64110L106,Not New,NETFLIX INC,730886.0,1606202.0,905457.0,2411338.0,174571.0,805136.0
06746P621,Not New,BARCLAYS BK PLC,322525.0,9500000.0,416250.0,9000000.0,93725.0,-500000.0
54951L109,Sold Out,LUCKIN COFFEE INC,367690.0,13522973.0,,,,
252131107,New Holding,DEXCOM INC,,,137652.0,339546.0,,
254709108,New Holding,DISCOVER FINL SVCS,,,101974.0,2035812.0,,
584021109,Sold Out,MEDALLIA INC,37138.0,1853183.0,,,,
852234103,Sold Out,SQUARE INC,350844.0,6698049.0,,,,
052769106,Not New,AUTODESK INC,500360.0,2091892.0,628054.0,4023409.0,127694.0,1931517.0
09857L108,New Holding,BOOKING HOLDINGS INC,,,949246.0,596133.0,,
443573100,Sold Out,HUBSPOT INC,103421.0,776490.0,,,,
70450Y103,Not New,PAYPAL HLDGS INC,1285354.0,7377343.0,504117.0,5265480.0,-781237.0,-2111863.0
03272L108,Sold Out,ANAPLAN INC,66572.0,2200000.0,,,,
92826C839,Not New,VISA INC,465757.0,2411124.0,536526.0,3329975.0,70769.0,918851.0
44919P508,Sold Out,IAC INTERACTIVECORP,145538.0,812017.0,,,,
82509L107,Not New,SHOPIFY INC,1588716.0,1673742.0,696329.0,1670133.0,-892387.0,-3609.0
538034109,Sold Out,LIVE NATION ENTERTAINMENT IN,138475.0,3046095.0,,,,
501797104,Not New,L BRANDS INC,393188.0,26265094.0,303624.0,26265094.0,-89564.0,0.0
14040H105,New Holding,CAPITAL ONE FINL CORP,,,643318.0,10278292.0,,
22266L106,Not New,COUPA SOFTWARE INC,588527.0,2124340.0,296834.0,2124340.0,-291693.0,0.0
444859102,Not New,HUMANA INC,939915.0,2424024.0,679562.0,2164071.0,-260353.0,-259953.0
904311107,Sold Out,UNDER ARMOUR INC,160545.0,17431613.0,,,,
146869102,Not New,CARVANA CO,102130.0,849665.0,280969.0,5100175.0,178839.0,4250510.0
443201108,New Holding,HOWMET AEROSPACE INC,,,125034.0,7888593.0,,
294429105,Sold Out,EQUIFAX INC,378845.0,3171575.0,,,,
30303M102,Not New,FACEBOOK INC,1195972.0,5266975.0,589139.0,3532011.0,-606833.0,-1734964.0
13645T100,Sold Out,CANADIAN PAC RY LTD,500458.0,2279058.0,,,,
43300A203,Sold Out,HILTON WORLDWIDE HLDGS INC,201489.0,2952652.0,,,,
023135106,Not New,AMAZON COM INC,1262273.0,457541.0,1136630.0,582971.0,-125643.0,125430.0
57636Q104,Not New,MASTERCARD INCORPORATED,651803.0,2204271.0,558359.0,2311471.0,-93444.0,107200.0
37940X102,Not New,GLOBAL PMTS INC,812398.0,4789516.0,714598.0,4954572.0,-97800.0,165056.0
57665R106,Not New,MATCH GROUP INC,494977.0,4623794.0,452092.0,6845734.0,-42885.0,2221940.0
91324P102,Not New,UNITEDHEALTH GROUP INC,891940.0,3024039.0,1150632.0,4613971.0,258692.0,1589932.0
01609W102,Sold Out,ALIBABA GROUP HLDG LTD,1232339.0,6336587.0,,,,
594918104,Not New,MICROSOFT CORP,1268843.0,6234794.0,934262.0,5923926.0,-334581.0,-310868.0
904311206,Sold Out,UNDER ARMOUR INC,79717.0,9890481.0,,,,
15677J108,Not New,CERIDIAN HCM HLDG INC,456474.0,5758477.0,162461.0,3244680.0,-294013.0,-2513797.0
03965L100,Sold Out,ARCONIC INC,331802.0,20660173.0,,,,
79466L302,New Holding,SALESFORCE COM INC,,,570467.0,3045252.0,,
00724F101,Not New,ADOBE INC,791704.0,1818713.0,844434.0,2653450.0,52730.0,834737.0
