CUSIP,status,NAME OF ISSUER,(x$1000)_old,PRN AMT_old,(x$1000),PRN AMT,(x$1000)_change,PRN AMT_change
34986J105,Not New,FORWARD PHARMA A/S,129381.0,6364059.0,119927.0,5575407.0,-9454.0,-788652.0
30219G108,Not New,EXPRESS SCRIPTS HLDG CO,163232.0,2556891.0,80978.0,1228619.0,-82254.0,-1328272.0
87165B103,Not New,SYNCHRONY FINL,873578.0,29295030.0,605910.0,17665000.0,-267668.0,-11630030.0
046513107,Not New,ATARA BIOTHERAPEUTICS INC,75035.0,5359632.0,110140.0,5359632.0,35105.0,0.0
90130A200,Not New,TWENTY FIRST CENTY FOX INC,202841.0,7278100.0,231298.0,7278100.0,28457.0,0.0
84860W102,New Holding,SPIRIT RLTY CAP INC NEW,,,66690.0,9000000.0,,
G8807B106,Not New,THERAVANCE BIOPHARMA INC,369476.0,9273991.0,341468.0,9273991.0,-28008.0,0.0
58155Q103,Sold Out,MCKESSON CORP,148260.0,1000000.0,,,,
686164302,Not New,OREXIGEN THERAPEUTICS INC,6458.0,2226839.0,7660.0,2226839.0,1202.0,0.0
14740B606,Not New,CASCADIAN THERAPEUTICS INC,32399.0,8721079.0,36105.0,8721079.0,3706.0,0.0
82812A111,New Holding,SILVER RUN ACQUISITION,,,3953.0,2205184.0,,
82812A103,New Holding,SILVER RUN ACQUISITION,,,67016.0,6615552.0,,
88338TAB0,Not New,THERAVANCE INC,15462.0,16980000.0,21398.0,22480000.0,5936.0,5500000.0
16411R208,Not New,CHENIERE ENERGY INC,1009580.0,20726340.0,1027004.0,21726340.0,17424.0,1000000.0
53071M856,Sold Out,LIBERTY INTERACTIVE CORP,65907.0,1481719.0,,,,
699374302,Not New,PARATEK PHARMACEUTICALS INC,57707.0,2394498.0,39357.0,2044498.0,-18350.0,-350000.0
69318G106,Not New,PBF ENERGY INC,350020.0,15724175.0,348605.0,15724175.0,-1415.0,0.0
24703L103,Not New,DELL TECHNOLOGIES INC,345422.0,5652459.0,362210.0,5652459.0,16788.0,0.0
212894109,Not New,CONYERS PK ACQUISITION,43733.0,3712500.0,39353.0,3712500.0,-4380.0,0.0
053774105,New Holding,AVIS BUDGET GROUP,,,109080.0,4000000.0,,
82812A202,Sold Out,SILVER RUN ACQUISITION,69000.0,6615554.0,,,,
90130A101,Not New,TWENTY FIRST CENTY FOX INC,542356.0,19137469.0,619863.0,19137469.0,77507.0,0.0
14149Y108,Not New,CARDINAL HEALTH INC,158178.0,2030000.0,83997.0,1030000.0,-74181.0,-1000000.0
747525103,Not New,QUALCOMM INC,288028.0,5216000.0,299085.0,5216000.0,11057.0,0.0
78516C106,Not New,SABAN CAP ACQUISITION CORP,23265.0,2326500.0,23242.0,2326500.0,-23.0,0.0
87160A100,Sold Out,SYNGENTA AG,46725.0,527968.0,,,,
19625W104,Not New,COLONY NORTHSTAR INC,674988.0,47905461.0,618460.0,47905461.0,-56528.0,0.0
03073E105,Sold Out,AMERISOURCEBERGEN CORP,44469.0,502474.0,,,,
16965P103,Not New,CHIPMOS TECHNOLOGIES INC,69390.0,3509858.0,62300.0,3509858.0,-7090.0,0.0
86771W105,Not New,SUNRUN INC,20278.0,2848082.0,15380.0,2848082.0,-4898.0,0.0
492515101,Not New,KERYX BIOPHARMACEUTICALS INC,186474.0,25791678.0,158877.0,25791678.0,-27597.0,0.0
026874156,Not New,AMERICAN INTL GROUP INC,7479.0,354812.0,26905.0,1259012.0,19426.0,904200.0
923454102,Not New,VERITIV CORP,136997.0,3044385.0,157699.0,3044385.0,20702.0,0.0
74736K101,Not New,QORVO INC,569880.0,9000000.0,492639.0,7185514.0,-77241.0,-1814486.0
212894117,Not New,CONYERS PK ACQUISITION,3242.0,1237500.0,2537.0,1237500.0,-705.0,0.0
G0177J108,Not New,ALLERGAN PLC,591341.0,2432603.0,581198.0,2432603.0,-10143.0,0.0
225310101,Not New,CREDIT ACCEP CORP MICH,25380.0,98700.0,48736.0,244400.0,23356.0,145700.0
92552V100,Not New,VIASAT INC,871069.0,13158137.0,839752.0,13158137.0,-31317.0,0.0
88339KAA0,Not New,THERAVANCE BIOPHARMA INC,40388.0,30000000.0,37763.0,30000000.0,-2625.0,0.0
03674X106,Not New,ANTERO RES CORP,457505.0,21170996.0,330879.0,14505881.0,-126626.0,-6665115.0
66987E206,Not New,NOVAGOLD RES INC,43320.0,9500000.0,46265.0,9500000.0,2945.0,0.0
15136A102,Not New,CENTENNIAL RESOURCE DEV INC,36743.0,2407153.0,41663.0,2407153.0,4920.0,0.0
89621C105,Not New,TRILOGY METALS INC NEW,6697.0,10600758.0,5797.0,10600758.0,-900.0,0.0
45781M101,Sold Out,INNOVIVA INC,160064.0,11573663.0,,,,
531229888,Not New,LIBERTY MEDIA CORP DELAWARE,31244.0,1303482.0,47158.0,1994010.0,15914.0,690528.0
G4182A110,Not New,GTY TECHNOLOGY HOLDINGS INC,46024.0,4400000.0,45408.0,4400000.0,-616.0,0.0
78516C114,Not New,SABAN CAP ACQUISITION CORP,1454.0,1163250.0,1570.0,1163250.0,116.0,0.0
