CUSIP,status,NAME OF ISSUER,(x$1000)_old,PRN AMT_old,(x$1000),PRN AMT,(x$1000)_change,PRN AMT_change
369604103,Sold Out,GENERAL ELECTRIC CO,15647.0,588900.0,,,,
369604103,Sold Out,GENERAL ELECTRIC CO,14229.0,535532.0,,,,
369604103,Sold Out,GENERAL ELECTRIC CO,132805.0,4998302.0,,,,
369604103,Sold Out,GENERAL ELECTRIC CO,949.0,35702.0,,,,
369604103,Sold Out,GENERAL ELECTRIC CO,112884.0,4248556.0,,,,
369604103,Sold Out,GENERAL ELECTRIC CO,4743.0,178510.0,,,,
531229300,Sold Out,LIBERTY MEDIA CORP DELAWARE,94944.0,2644680.0,,,,
531229300,Sold Out,LIBERTY MEDIA CORP DELAWARE,192256.0,5355320.0,,,,
76131D103,Sold Out,RESTAURANT BRANDS INTL INC,322425.0,8438225.0,,,,
G0750C108,Sold Out,AXALTA COATING SYS LTD,661600.0,20000000.0,,,,
867224107,Sold Out,SUNCOR ENERGY INC NEW,174722.0,6348894.0,,,,
867224107,Sold Out,SUNCOR ENERGY INC NEW,357760.0,13000000.0,,,,
867224107,Sold Out,SUNCOR ENERGY INC NEW,82709.0,3005400.0,,,,
58441K100,Sold Out,MEDIA GEN INC NEW,76756.0,4646220.0,,,,
931142103,Sold Out,WAL MART STORES INC,21705.0,306000.0,,,,
931142103,Sold Out,WAL MART STORES INC,121290.0,1710000.0,,,,
931142103,Sold Out,WAL MART STORES INC,2092.0,29500.0,,,,
931142103,Sold Out,WAL MART STORES INC,297906.0,4200000.0,,,,
931142103,Sold Out,WAL MART STORES INC,108795.0,1533840.0,,,,
931142103,Sold Out,WAL MART STORES INC,18158.0,256000.0,,,,
931142103,Sold Out,WAL MART STORES INC,67100.0,946000.0,,,,
931142103,Sold Out,WAL MART STORES INC,126894.0,1789000.0,,,,
931142103,Sold Out,WAL MART STORES INC,325427.0,4588000.0,,,,
931142103,Sold Out,WAL MART STORES INC,3119569.0,43980953.0,,,,
931142103,Sold Out,WAL MART STORES INC,37948.0,535000.0,,,,
931142103,Sold Out,WAL MART STORES INC,36245.0,511000.0,,,,
949746101,Sold Out,WELLS FARGO & CO NEW,343034.0,6099470.0,,,,
949746101,Sold Out,WELLS FARGO & CO NEW,925148.0,16450000.0,,,,
949746101,Sold Out,WELLS FARGO & CO NEW,298269.0,5303500.0,,,,
949746101,Sold Out,WELLS FARGO & CO NEW,383155.0,6812857.0,,,,
949746101,Sold Out,WELLS FARGO & CO NEW,4209779.0,74853819.0,,,,
949746101,Sold Out,WELLS FARGO & CO NEW,46117.0,820000.0,,,,
949746101,Sold Out,WELLS FARGO & CO NEW,95608.0,1700000.0,,,,
949746101,Sold Out,WELLS FARGO & CO NEW,2028532.0,36069200.0,,,,
949746101,Sold Out,WELLS FARGO & CO NEW,577416.0,10267000.0,,,,
949746101,Sold Out,WELLS FARGO & CO NEW,3150468.0,56018270.0,,,,
949746101,Sold Out,WELLS FARGO & CO NEW,14031909.0,249500523.0,,,,
949746101,Sold Out,WELLS FARGO & CO NEW,156797.0,2788000.0,,,,
949746101,Sold Out,WELLS FARGO & CO NEW,90531.0,1609720.0,,,,
949746101,Sold Out,WELLS FARGO & CO NEW,112480.0,2000000.0,,,,
459200101,Sold Out,INTERNATIONAL BUSINESS MACHS,13742.0,84480.0,,,,
459200101,Sold Out,INTERNATIONAL BUSINESS MACHS,45219.0,278000.0,,,,
459200101,Sold Out,INTERNATIONAL BUSINESS MACHS,112168.0,689588.0,,,,
459200101,Sold Out,INTERNATIONAL BUSINESS MACHS,77231.0,474800.0,,,,
459200101,Sold Out,INTERNATIONAL BUSINESS MACHS,137139.0,843100.0,,,,
459200101,Sold Out,INTERNATIONAL BUSINESS MACHS,12556563.0,77195147.0,,,,
25490A309,Sold Out,DIRECTV,624990.0,6735529.0,,,,
25490A309,Sold Out,DIRECTV,1600643.0,17250170.0,,,,
25490A309,Sold Out,DIRECTV,642717.0,6926575.0,,,,
25490A309,Sold Out,DIRECTV,40938.0,441194.0,,,,
92927K102,Sold Out,WABCO HLDGS INC,264081.0,2134502.0,,,,
92927K102,Sold Out,WABCO HLDGS INC,203234.0,1642693.0,,,,
92826C839,Sold Out,VISA INC,663788.0,9885160.0,,,,
742718109,Sold Out,PROCTER & GAMBLE CO,24677.0,315400.0,,,,
742718109,Sold Out,PROCTER & GAMBLE CO,1586707.0,20280000.0,,,,
742718109,Sold Out,PROCTER & GAMBLE CO,122054.0,1560000.0,,,,
742718109,Sold Out,PROCTER & GAMBLE CO,488218.0,6240000.0,,,,
742718109,Sold Out,PROCTER & GAMBLE CO,488218.0,6240000.0,,,,
742718109,Sold Out,PROCTER & GAMBLE CO,1359630.0,17377678.0,,,,
742718109,Sold Out,PROCTER & GAMBLE CO,61027.0,780000.0,,,,
740189105,Sold Out,PRECISION CASTPARTS CORP,300941.0,1505683.0,,,,
740189105,Sold Out,PRECISION CASTPARTS CORP,538671.0,2695109.0,,,,
718546104,New Holding,PHILLIPS 66,,,491577.0,6102000.0,,
718546104,New Holding,PHILLIPS 66,,,1900890.0,23595948.0,,
92553P201,Sold Out,VIACOM INC NEW,62477.0,966531.0,,,,
92553P201,Sold Out,VIACOM INC NEW,302527.0,4680190.0,,,,
80105N105,Sold Out,SANOFI,20872.0,421400.0,,,,
80105N105,Sold Out,SANOFI,25248.0,509742.0,,,,
80105N105,Sold Out,SANOFI,8385.0,169300.0,,,,
80105N105,Sold Out,SANOFI,138953.0,2805433.0,,,,
50076Q106,Sold Out,KRAFT FOODS GROUP INC,16404.0,192666.0,,,,
92345Y106,Sold Out,VERISK ANALYTICS INC,113755.0,1563434.0,,,,
911312106,Sold Out,UNITED PARCEL SERVICE INC,5756.0,59400.0,,,,
92343V104,Sold Out,VERIZON COMMUNICATIONS INC,628658.0,13487628.0,,,,
92343V104,Sold Out,VERIZON COMMUNICATIONS INC,70535.0,1513300.0,,,,
167250109,Sold Out,CHICAGO BRIDGE & IRON CO N V,143062.0,2858962.0,,,,
167250109,Sold Out,CHICAGO BRIDGE & IRON CO N V,323657.0,6467959.0,,,,
244199105,Sold Out,DEERE & CO,96050.0,989700.0,,,,
244199105,Sold Out,DEERE & CO,224425.0,2312467.0,,,,
244199105,Sold Out,DEERE & CO,1359469.0,14007923.0,,,,
902973304,Sold Out,US BANCORP DEL,26877.0,619275.0,,,,
902973304,Sold Out,US BANCORP DEL,133238.0,3070000.0,,,,
902973304,Sold Out,US BANCORP DEL,1033020.0,23802300.0,,,,
902973304,Sold Out,US BANCORP DEL,50995.0,1175000.0,,,,
902973304,Sold Out,US BANCORP DEL,550282.0,12679300.0,,,,
902973304,Sold Out,US BANCORP DEL,182488.0,4204800.0,,,,
902973304,Sold Out,US BANCORP DEL,132370.0,3050000.0,,,,
902973304,Sold Out,US BANCORP DEL,1506739.0,34717492.0,,,,
902973304,Sold Out,US BANCORP DEL,75733.0,1745000.0,,,,
G5480U104,Sold Out,LIBERTY GLOBAL PLC,157669.0,2916025.0,,,,
G5480U104,Sold Out,LIBERTY GLOBAL PLC,401565.0,7426768.0,,,,
609207105,Sold Out,MONDELEZ INTL INC,23779.0,578000.0,,,,
16117M305,Sold Out,CHARTER COMMUNICATIONS INC D,280431.0,1637553.0,,,,
16117M305,Sold Out,CHARTER COMMUNICATIONS INC D,1177708.0,6877125.0,,,,
064058100,Sold Out,BANK OF NEW YORK MELLON CORP,303640.0,7234700.0,,,,
064058100,Sold Out,BANK OF NEW YORK MELLON CORP,75291.0,1793915.0,,,,
064058100,Sold Out,BANK OF NEW YORK MELLON CORP,228543.0,5445384.0,,,,
064058100,Sold Out,BANK OF NEW YORK MELLON CORP,23084.0,550021.0,,,,
064058100,Sold Out,BANK OF NEW YORK MELLON CORP,237399.0,5656400.0,,,,
37045V100,Sold Out,GENERAL MTRS CO,375131.0,11255056.0,,,,
37045V100,Sold Out,GENERAL MTRS CO,756758.0,22705000.0,,,,
37045V100,Sold Out,GENERAL MTRS CO,193392.0,5802344.0,,,,
37045V100,Sold Out,GENERAL MTRS CO,41249.0,1237600.0,,,,
92343E102,Sold Out,VERISIGN INC,311517.0,5047264.0,,,,
92343E102,Sold Out,VERISIGN INC,489917.0,7937736.0,,,,
523768109,Sold Out,LEE ENTERPRISES INC,296.0,88863.0,,,,
903293405,Sold Out,U S G CORP,390035.0,14035088.0,,,,
903293405,Sold Out,U S G CORP,693831.0,24966928.0,,,,
384637104,Sold Out,GRAHAM HLDGS CO,51780.0,48165.0,,,,
384637104,Sold Out,GRAHAM HLDGS CO,63869.0,59410.0,,,,
22160K105,Sold Out,COSTCO WHSL CORP NEW,585264.0,4333363.0,,,,
23918K108,Sold Out,DAVITA HEALTHCARE PARTNERS I,1593539.0,20052088.0,,,,
23918K108,Sold Out,DAVITA HEALTHCARE PARTNERS I,1471266.0,18513482.0,,,,
57636Q104,Sold Out,MASTERCARD INC,488878.0,5229756.0,,,,
478160104,Sold Out,JOHNSON & JOHNSON,31879.0,327100.0,,,,
191216100,Sold Out,COCA COLA CO,31384.0,800000.0,,,,
191216100,Sold Out,COCA COLA CO,3149510.0,80283200.0,,,,
191216100,Sold Out,COCA COLA CO,71556.0,1824000.0,,,,
191216100,Sold Out,COCA COLA CO,565351.0,14411200.0,,,,
191216100,Sold Out,COCA COLA CO,717062.0,18278400.0,,,,
191216100,Sold Out,COCA COLA CO,10980132.0,279891200.0,,,,
191216100,Sold Out,COCA COLA CO,139345.0,3552000.0,,,,
191216100,Sold Out,COCA COLA CO,37661.0,960000.0,,,,
67011P100,Sold Out,NOW INC,13135.0,659694.0,,,,
67011P100,Sold Out,NOW INC,23213.0,1165875.0,,,,
025816109,Sold Out,AMERICAN EXPRESS CO,151720.0,1952142.0,,,,
025816109,Sold Out,AMERICAN EXPRESS CO,1338758.0,17225400.0,,,,
025816109,Sold Out,AMERICAN EXPRESS CO,65272.0,839832.0,,,,
025816109,Sold Out,AMERICAN EXPRESS CO,151018.0,1943100.0,,,,
025816109,Sold Out,AMERICAN EXPRESS CO,621343.0,7994634.0,,,,
025816109,Sold Out,AMERICAN EXPRESS CO,9346287.0,120255879.0,,,,
025816109,Sold Out,AMERICAN EXPRESS CO,108786.0,1399713.0,,,,
G5480U120,Sold Out,LIBERTY GLOBAL PLC,371977.0,7346968.0,,,,
531229102,Sold Out,LIBERTY MEDIA CORP DELAWARE,47657.0,1322340.0,,,,
531229102,Sold Out,LIBERTY MEDIA CORP DELAWARE,96503.0,2677660.0,,,,
615369105,Sold Out,MOODYS CORP,1292705.0,11973928.0,,,,
615369105,Sold Out,MOODYS CORP,1370644.0,12695850.0,,,,
55261F104,Sold Out,M & T BK CORP,68212.0,546000.0,,,,
55261F104,Sold Out,M & T BK CORP,20588.0,164795.0,,,,
55261F104,Sold Out,M & T BK CORP,583579.0,4671245.0,,,,
891027104,Sold Out,TORCHMARK CORP,10159.0,174489.0,,,,
891027104,Sold Out,TORCHMARK CORP,58912.0,1011888.0,,,,
891027104,Sold Out,TORCHMARK CORP,83798.0,1439325.0,,,,
891027104,Sold Out,TORCHMARK CORP,217046.0,3728025.0,,,,
90130A101,Sold Out,TWENTY FIRST CENTY FOX INC,120998.0,3717867.0,,,,
90130A101,Sold Out,TWENTY FIRST CENTY FOX INC,81695.0,2510230.0,,,,
38141G104,Sold Out,GOLDMAN SACHS GROUP INC,349099.0,1672012.0,,,,
38141G104,Sold Out,GOLDMAN SACHS GROUP INC,913658.0,4375968.0,,,,
38141G104,Sold Out,GOLDMAN SACHS GROUP INC,1374580.0,6583551.0,,,,
