CUSIP,status,NAME OF ISSUER,(x$1000)_old,PRN AMT_old,(x$1000),PRN AMT,(x$1000)_change,PRN AMT_change
021346101,Sold Out,ALTABA INC,161076.0,2431706.0,,,,
021346101,Sold Out,ALTABA INC,38611.0,582900.0,,,,
021346101,Sold Out,ALTABA INC,83959.0,1267494.0,,,,
037833100,Sold Out,APPLE INC,192987.0,1252184.0,,,,
037833100,Sold Out,APPLE INC,36030.0,233776.0,,,,
037833100,Sold Out,APPLE INC,108436.0,703580.0,,,,
037833100,Sold Out,APPLE INC,518.0,3360.0,,,,
10922N103,New Holding,"Brighthouse Financial, Inc.",,,224293.0,3689028.0,,
10922N103,New Holding,"Brighthouse Financial, Inc.",,,69269.0,1139300.0,,
10922N103,New Holding,"Brighthouse Financial, Inc.",,,119393.0,1963700.0,,
20854P109,Sold Out,CONSOL ENERGY INC,207771.0,12265110.0,,,,
20854P109,Sold Out,CONSOL ENERGY INC,60192.0,3553265.0,,,,
20854P109,Sold Out,CONSOL ENERGY INC,114418.0,6754306.0,,,,
20854P109,Sold Out,CONSOL ENERGY INC,1497.0,88400.0,,,,
929089100,Sold Out,VOYA FINL INC,133373.0,3343512.0,,,,
929089100,Sold Out,VOYA FINL INC,33292.0,834600.0,,,,
929089100,Sold Out,VOYA FINL INC,69518.0,1742741.0,,,,
163851108,Sold Out,CHEMOURS CO,40797.0,806100.0,,,,
163851108,Sold Out,CHEMOURS CO,12612.0,249200.0,,,,
163851108,Sold Out,CHEMOURS CO,21747.0,429700.0,,,,
N59465109,Sold Out,MYLAN N V,185809.0,5923159.0,,,,
N59465109,Sold Out,MYLAN N V,50968.0,1624748.0,,,,
N59465109,Sold Out,MYLAN N V,96852.0,3087400.0,,,,
N59465109,Sold Out,MYLAN N V,3419.0,109000.0,,,,
92214X106,Sold Out,VAREX IMAGING CORP,12876.0,380500.0,,,,
92214X106,Sold Out,VAREX IMAGING CORP,3387.0,100100.0,,,,
92214X106,Sold Out,VAREX IMAGING CORP,6240.0,184400.0,,,,
G0084W101,Sold Out,ADIENT PLC,79438.0,945800.0,,,,
G0084W101,Sold Out,ADIENT PLC,24256.0,288800.0,,,,
G0084W101,Sold Out,ADIENT PLC,41693.0,496400.0,,,,
92189F106,Sold Out,VANECK VECTORS ETF TR,108719.0,4735135.0,,,,
92189F106,Sold Out,VANECK VECTORS ETF TR,17028.0,741650.0,,,,
92189F106,Sold Out,VANECK VECTORS ETF TR,56668.0,2468111.0,,,,
767754104,Sold Out,RITE AID CORP,18813.0,9598289.0,,,,
767754104,Sold Out,RITE AID CORP,2013.0,1026900.0,,,,
767754104,Sold Out,RITE AID CORP,9120.0,4653100.0,,,,
256746108,Sold Out,DOLLAR TREE INC,4150.0,47800.0,,,,
256746108,Sold Out,DOLLAR TREE INC,1276.0,14700.0,,,,
256746108,Sold Out,DOLLAR TREE INC,2205.0,25400.0,,,,
14575E105,Sold Out,CARS COM INC,8269.0,310733.0,,,,
14575E105,Sold Out,CARS COM INC,2241.0,84233.0,,,,
14575E105,Sold Out,CARS COM INC,4083.0,153433.0,,,,
168905107,Sold Out,CHILDRENS PL INC,4265.0,36100.0,,,,
168905107,Sold Out,CHILDRENS PL INC,1311.0,11100.0,,,,
168905107,Sold Out,CHILDRENS PL INC,2268.0,19200.0,,,,
392709101,Sold Out,GREEN BRICK PARTNERS INC,170199.0,17191821.0,,,,
392709101,Sold Out,GREEN BRICK PARTNERS INC,34321.0,3466793.0,,,,
392709101,Sold Out,GREEN BRICK PARTNERS INC,34255.0,3460054.0,,,,
G97822103,Sold Out,PERRIGO CO PLC,137821.0,1628132.0,,,,
G97822103,Sold Out,PERRIGO CO PLC,35748.0,422300.0,,,,
G97822103,Sold Out,PERRIGO CO PLC,72003.0,850600.0,,,,
254067101,Sold Out,DILLARDS INC,45191.0,805970.0,,,,
254067101,Sold Out,DILLARDS INC,12167.0,217000.0,,,,
254067101,Sold Out,DILLARDS INC,23628.0,421400.0,,,,
254067101,Sold Out,DILLARDS INC,3119.0,55630.0,,,,
18885T306,Sold Out,CLIPPER RLTY INC,6339.0,591900.0,,,,
18885T306,Sold Out,CLIPPER RLTY INC,1403.0,131000.0,,,,
18885T306,Sold Out,CLIPPER RLTY INC,2968.0,277100.0,,,,
87901J105,Sold Out,TEGNA INC,18094.0,1357400.0,,,,
87901J105,Sold Out,TEGNA INC,4953.0,371600.0,,,,
87901J105,Sold Out,TEGNA INC,8944.0,671000.0,,,,
595112103,Sold Out,MICRON TECHNOLOGY INC,107229.0,2726400.0,,,,
595112103,Sold Out,MICRON TECHNOLOGY INC,33139.0,842600.0,,,,
595112103,Sold Out,MICRON TECHNOLOGY INC,57143.0,1452900.0,,,,
88023U101,Sold Out,TEMPUR SEALY INTL INC,140099.0,2171400.0,,,,
88023U101,Sold Out,TEMPUR SEALY INTL INC,43306.0,671200.0,,,,
88023U101,Sold Out,TEMPUR SEALY INTL INC,74675.0,1157400.0,,,,
364760108,Sold Out,GAP INC DEL,4208.0,142500.0,,,,
364760108,Sold Out,GAP INC DEL,1299.0,44000.0,,,,
364760108,Sold Out,GAP INC DEL,2244.0,76000.0,,,,
42824C109,Sold Out,HEWLETT PACKARD ENTERPRISE C,5110.0,347400.0,,,,
42824C109,Sold Out,HEWLETT PACKARD ENTERPRISE C,62129.0,4223601.0,,,,
42824C109,Sold Out,HEWLETT PACKARD ENTERPRISE C,1515.0,103000.0,,,,
42824C109,Sold Out,HEWLETT PACKARD ENTERPRISE C,19379.0,1317399.0,,,,
42824C109,Sold Out,HEWLETT PACKARD ENTERPRISE C,2721.0,185000.0,,,,
42824C109,Sold Out,HEWLETT PACKARD ENTERPRISE C,33303.0,2264000.0,,,,
30162V102,Sold Out,EXELA TECHNOLOGIES INC,22479.0,4587622.0,,,,
30162V102,Sold Out,EXELA TECHNOLOGIES INC,6763.0,1380200.0,,,,
30162V102,Sold Out,EXELA TECHNOLOGIES INC,11842.0,2416807.0,,,,
23334L102,Sold Out,DSW INC,36170.0,1683900.0,,,,
23334L102,Sold Out,DSW INC,10669.0,496700.0,,,,
23334L102,Sold Out,DSW INC,18653.0,868400.0,,,,
61166W101,Sold Out,MONSANTO CO NEW,28062.0,234200.0,,,,
61166W101,Sold Out,MONSANTO CO NEW,3834.0,32000.0,,,,
61166W101,Sold Out,MONSANTO CO NEW,14223.0,118700.0,,,,
37045V100,Sold Out,GENERAL MTRS CO,43764.0,1083800.0,,,,
37045V100,Sold Out,GENERAL MTRS CO,753709.0,18665398.0,,,,
37045V100,Sold Out,GENERAL MTRS CO,13604.0,336900.0,,,,
37045V100,Sold Out,GENERAL MTRS CO,234309.0,5802600.0,,,,
37045V100,Sold Out,GENERAL MTRS CO,23392.0,579300.0,,,,
37045V100,Sold Out,GENERAL MTRS CO,402839.0,9976202.0,,,,
37045V100,Sold Out,GENERAL MTRS CO,4737.0,117300.0,,,,
G9329Z100,Sold Out,VENATOR MATLS PLC,20991.0,928800.0,,,,
G9329Z100,Sold Out,VENATOR MATLS PLC,6409.0,283600.0,,,,
G9329Z100,Sold Out,VENATOR MATLS PLC,11020.0,487600.0,,,,
74909E106,Sold Out,QUORUM HEALTH CORP,754.0,145625.0,,,,
74909E106,Sold Out,QUORUM HEALTH CORP,308.0,59375.0,,,,
12592V100,Sold Out,CNX COAL RES LP,48080.0,3248638.0,,,,
12592V100,Sold Out,CNX COAL RES LP,10646.0,719300.0,,,,
12592V100,Sold Out,CNX COAL RES LP,22503.0,1520500.0,,,,
N00985106,Sold Out,AERCAP HOLDINGS NV,355451.0,6954635.0,,,,
N00985106,Sold Out,AERCAP HOLDINGS NV,83703.0,1637700.0,,,,
N00985106,Sold Out,AERCAP HOLDINGS NV,185281.0,3625143.0,,,,
N00985106,Sold Out,AERCAP HOLDINGS NV,7055.0,138030.0,,,,
501044101,Sold Out,KROGER CO,3946.0,196700.0,,,,
501044101,Sold Out,KROGER CO,1220.0,60800.0,,,,
501044101,Sold Out,KROGER CO,2102.0,104800.0,,,,
878237106,Sold Out,TECH DATA CORP,4327.0,48700.0,,,,
878237106,Sold Out,TECH DATA CORP,1342.0,15100.0,,,,
878237106,Sold Out,TECH DATA CORP,2328.0,26200.0,,,,
206787103,Sold Out,CONDUENT INC,53037.0,3384600.0,,,,
206787103,Sold Out,CONDUENT INC,14083.0,898700.0,,,,
206787103,Sold Out,CONDUENT INC,26274.0,1676700.0,,,,
023586100,Sold Out,AMERCO,10235.0,27300.0,,,,
023586100,Sold Out,AMERCO,3149.0,8400.0,,,,
023586100,Sold Out,AMERCO,5361.0,14300.0,,,,
85570W100,Sold Out,STARS GROUP INC,11142.0,545200.0,,,,
85570W100,Sold Out,STARS GROUP INC,23709.0,1160100.0,,,,
85570W100,Sold Out,STARS GROUP INC,46134.0,2257384.0,,,,
356108100,Sold Out,FREDS INC,5483.0,851400.0,,,,
356108100,Sold Out,FREDS INC,828.0,128603.0,,,,
356108100,Sold Out,FREDS INC,2711.0,420900.0,,,,
