CUSIP,status,NAME OF ISSUER,(x$1000)_old,PRN AMT_old,(x$1000),PRN AMT,(x$1000)_change,PRN AMT_change
26884L109,Sold Out,EQT CORP,131066.0,2302644.0,,,,
64110L106,Not New,NETFLIX INC,435323.0,1473922.0,716206.0,3731016.0,280883.0,2257094.0
958102105,New Holding,WESTERN DIGITAL CORP,,,277061.0,3002720.0,,
036752103,Not New,ANTHEM INC,973172.0,4429548.0,570980.0,2537576.0,-402192.0,-1891972.0
212015101,New Holding,CONTINENTAL RESOURCES INC,,,26750.0,453775.0,,
89417E109,Sold Out,TRAVELERS COMPANIES INC,67245.0,495762.0,,,,
292505104,Not New,ENCANA CORP,888911.0,80810122.0,1244820.0,93384875.0,355909.0,12574753.0
88031M109,New Holding,TENARIS S A,,,88997.0,2566963.0,,
913017109,Not New,UNITED TECHNOLOGIES CORP,685933.0,5451703.0,760721.0,5963163.0,74788.0,511460.0
74978Q105,Sold Out,RSP PERMIAN INC,46798.0,1150398.0,,,,
294429105,Not New,EQUIFAX INC,304798.0,2587201.0,275550.0,2336753.0,-29248.0,-250448.0
36197T103,Sold Out,GW PHARMACEUTICALS PLC,27969.0,211869.0,,,,
13645T100,Not New,CANADIAN PAC RY LTD,430554.0,2439401.0,442955.0,2423698.0,12401.0,-15703.0
891160509,Not New,TORONTO DOMINION BK ONT,444148.0,7835616.0,521360.0,8898168.0,77212.0,1062552.0
531229409,New Holding,LIBERTY MEDIA CORP DELAWARE,,,10589.0,257640.0,,
126650100,New Holding,CVS HEALTH CORP,,,59119.0,950311.0,,
571748102,Sold Out,MARSH & MCLENNAN COS INC,39335.0,483287.0,,,,
79466L302,Not New,SALESFORCE COM INC,121268.0,1042721.0,233805.0,2287053.0,112537.0,1244332.0
60855R100,Sold Out,MOLINA HEALTHCARE INC,128272.0,1672822.0,,,,
754730109,Not New,RAYMOND JAMES FINANCIAL INC,570556.0,6381343.0,425072.0,4760050.0,-145484.0,-1621293.0
Y09827109,Sold Out,BROADCOM LTD,633730.0,2466836.0,,,,
670704105,Sold Out,NUVASIVE INC,104773.0,1791291.0,,,,
46267X108,New Holding,IQIYI INC,,,121961.0,7843137.0,,
92826C839,Not New,VISA INC,617461.0,5161856.0,869258.0,7623731.0,251797.0,2461875.0
64110W102,Not New,NETEASE INC,38865.0,138610.0,339240.0,983105.0,300375.0,844495.0
747525103,Sold Out,QUALCOMM INC,38725.0,604892.0,,,,
363576109,New Holding,GALLAGHER ARTHUR J & CO,,,94405.0,1373568.0,,
701877102,Not New,PARSLEY ENERGY INC,410199.0,14149672.0,534183.0,18144801.0,123984.0,3995129.0
30303M102,Not New,FACEBOOK INC,1493405.0,9346049.0,681165.0,3860165.0,-812240.0,-5485884.0
747798106,Sold Out,QUDIAN INC,16930.0,1350114.0,,,,
185899101,New Holding,CLEVELAND CLIFFS INC,,,18070.0,2600010.0,,
023135106,Not New,AMAZON COM INC,51744.0,35751.0,606043.0,518220.0,554299.0,482469.0
91324P102,Not New,UNITEDHEALTH GROUP INC,309379.0,1445696.0,328231.0,1488844.0,18852.0,43148.0
87166B102,New Holding,SYNEOS HEALTH INC,,,68357.0,1925548.0,,
60879B107,New Holding,MOMO INC,,,52155.0,1395256.0,,
531229854,Not New,LIBERTY MEDIA CORP DELAWARE,370200.0,12000000.0,410359.0,12012852.0,40159.0,12852.0
25754A201,Not New,DOMINOS PIZZA INC,282723.0,1210494.0,388968.0,2058468.0,106245.0,847974.0
912909108,New Holding,UNITED STATES STL CORP NEW,,,322561.0,9166283.0,,
28106W103,Not New,EDITAS MEDICINE INC,34320.0,1035304.0,52530.0,1709401.0,18210.0,674097.0
25278X109,Sold Out,DIAMONDBACK ENERGY INC,78139.0,618923.0,,,,
608190104,Sold Out,MOHAWK INDS INC,33980.0,123161.0,,,,
534187109,Not New,LINCOLN NATL CORP IND,155032.0,2121983.0,167801.0,2182923.0,12769.0,60940.0
052769106,Not New,AUTODESK INC,583384.0,4645519.0,429177.0,4094027.0,-154207.0,-551492.0
254687106,New Holding,DISNEY WALT CO,,,144891.0,1442560.0,,
548661107,Sold Out,LOWES COS INC,47815.0,514470.0,,,,
001547108,New Holding,AK STL HLDG CORP,,,3765.0,831214.0,,
58733R102,New Holding,MERCADOLIBRE INC,,,78235.0,219520.0,,
693718108,Sold Out,PACCAR INC,80152.0,1127627.0,,,,
171798101,New Holding,CIMAREX ENERGY CO,,,78289.0,837312.0,,
148806102,New Holding,CATALENT INC,,,62180.0,1514373.0,,
887317303,Sold Out,TIME WARNER INC,420390.0,4595932.0,,,,
13089P101,Sold Out,CALITHERA BIOSCIENCES INC,13725.0,1643681.0,,,,
01609W102,New Holding,ALIBABA GROUP HLDG LTD,,,404148.0,2201963.0,,
531229607,New Holding,LIBERTY MEDIA CORP DELAWARE,,,10617.0,259900.0,,
594918104,Not New,MICROSOFT CORP,942818.0,10329986.0,757412.0,8854482.0,-185406.0,-1475504.0
913903100,Sold Out,UNIVERSAL HLTH SVCS INC,76393.0,673955.0,,,,
40415F101,Not New,HDFC BANK LTD,65546.0,663626.0,67187.0,660838.0,1641.0,-2788.0
00289Y107,Not New,ABEONA THERAPEUTICS INC,46332.0,3228708.0,64046.0,4040727.0,17714.0,812019.0
032724106,New Holding,ANAPTYSBIO INC,,,47872.0,459950.0,,
47738D101,Not New,JIANPU TECHNOLOGY INC,12202.0,2206591.0,16963.0,2617818.0,4761.0,411227.0
893641100,Not New,TRANSDIGM GROUP INC,321967.0,1048958.0,157994.0,575317.0,-163973.0,-473641.0
G50871105,Not New,JAZZ PHARMACEUTICALS PLC,116245.0,769888.0,121365.0,901337.0,5120.0,131449.0
05366U100,Not New,AVEXIS INC,36177.0,292740.0,52938.0,478338.0,16761.0,185598.0
929089100,New Holding,VOYA FINL INC,,,86071.0,1704379.0,,
09061G101,New Holding,BIOMARIN PHARMACEUTICAL INC,,,136398.0,1682466.0,,
018581108,Not New,ALLIANCE DATA SYSTEMS CORP,388448.0,1824900.0,3621.0,14286.0,-384827.0,-1810614.0
016255101,Sold Out,ALIGN TECHNOLOGY INC,120545.0,542532.0,,,,
949746101,Not New,WELLS FARGO CO NEW,672608.0,12833588.0,323857.0,5338016.0,-348751.0,-7495572.0
416515104,New Holding,HARTFORD FINL SVCS GROUP INC,,,115834.0,2248336.0,,
45329R109,Sold Out,INC RESH HLDGS INC,67951.0,1558512.0,,,,
723787107,Sold Out,PIONEER NAT RES CO,18005.0,104166.0,,,,
743315103,Sold Out,PROGRESSIVE CORP OHIO,55771.0,990261.0,,,,
883556102,Not New,THERMO FISHER SCIENTIFIC INC,178522.0,864681.0,154660.0,814517.0,-23862.0,-50164.0
526057302,Sold Out,LENNAR CORP,6200.0,119978.0,,,,
03524A108,Not New,ANHEUSER BUSCH INBEV SA/NV,461011.0,4193300.0,318636.0,2856181.0,-142375.0,-1337119.0
02079K305,Not New,ALPHABET INC,1030544.0,993640.0,1045620.0,992614.0,15076.0,-1026.0
47215P106,New Holding,JD COM INC,,,23554.0,581728.0,,
907818108,Sold Out,UNION PAC CORP,39095.0,291533.0,,,,
002120103,Not New,ATYR PHARMA INC,3668.0,1384300.0,4845.0,1384300.0,1177.0,0.0
24344T101,Not New,DECIPHERA PHARMACEUTICALS IN,41259.0,2058842.0,54286.0,2394625.0,13027.0,335783.0
526057104,Not New,LENNAR CORP,290401.0,4927067.0,473397.0,7485715.0,182996.0,2558648.0
24906P109,Not New,DENTSPLY SIRONA INC,464926.0,9241223.0,355331.0,5397707.0,-109595.0,-3843516.0
