CUSIP,status,NAME OF ISSUER,(x$1000)_old,PRN AMT_old,(x$1000),PRN AMT,(x$1000)_change,PRN AMT_change
G46188101,New Holding,HORIZON THERAPEUTICS PUB LTD,,,58981.0,1991270.0,,
16679L109,Sold Out,CHEWY INC,83996.0,2896423.0,,,,
125523100,Not New,CIGNA CORP NEW,451447.0,2547958.0,93494.0,457208.0,-357953.0,-2090750.0
34959J108,Not New,FORTIVE CORP,519708.0,9416697.0,547246.0,7163848.0,27538.0,-2252849.0
28176E108,Sold Out,EDWARDS LIFESCIENCES CORP,36993.0,158573.0,,,,
64110L106,Not New,NETFLIX INC,998547.0,2659247.0,1143056.0,3532638.0,144509.0,873391.0
29261A100,New Holding,ENCOMPASS HEALTH CORP,,,92597.0,1446151.0,,
58155Q103,Sold Out,MCKESSON CORP,208644.0,1508413.0,,,,
036752103,Not New,ANTHEM INC,411086.0,1810632.0,932125.0,3086199.0,521039.0,1275567.0
36555P107,Sold Out,GARDNER DENVER HLDGS INC,40709.0,1109851.0,,,,
67103H107,New Holding,O REILLY AUTOMOTIVE INC NEW,,,201505.0,669339.0,,
40131M109,Not New,GUARDANT HEALTH INC,264372.0,3798450.0,299648.0,3834753.0,35276.0,36303.0
054561105,Sold Out,AXA EQUITABLE HLDGS INC,224211.0,9048047.0,,,,
05352A100,Not New,AVANTOR INC,125535.0,10050838.0,151445.0,8344066.0,25910.0,-1706772.0
026874784,Sold Out,AMERICAN INTL GROUP INC,140654.0,2740184.0,,,,
15135B101,Not New,CENTENE CORP DEL,964257.0,16230552.0,685730.0,10907112.0,-278527.0,-5323440.0
00507V109,Sold Out,ACTIVISION BLIZZARD INC,239070.0,4023395.0,,,,
59156R108,Sold Out,METLIFE INC,342699.0,6723542.0,,,,
755111507,Sold Out,RAYTHEON CO,229392.0,1043924.0,,,,
15912K100,New Holding,CHANGE HEALTHCARE INC,,,127645.0,12777239.0,,
595017104,New Holding,MICROCHIP TECHNOLOGY INC,,,27679.0,408240.0,,
79466L302,Not New,SALESFORCE COM INC,504927.0,3506928.0,710366.0,4367722.0,205439.0,860794.0
60855R100,Not New,MOLINA HEALTHCARE INC,190739.0,1365252.0,313705.0,2311923.0,122966.0,946671.0
83192H106,New Holding,SMILEDIRECTCLUB INC,,,10666.0,2283972.0,,
81141R100,Not New,SEA LTD,58660.0,1323864.0,50141.0,1246660.0,-8519.0,-77204.0
883203101,Sold Out,TEXTRON INC,220540.0,4944853.0,,,,
101137107,Not New,BOSTON SCIENTIFIC CORP,1038163.0,31816197.0,836193.0,18491662.0,-201970.0,-13324535.0
216648402,New Holding,COOPER COS INC,,,120464.0,436986.0,,
92826C839,Not New,VISA INC,69299.0,430109.0,63049.0,335547.0,-6250.0,-94562.0
596278101,Sold Out,MIDDLEBY CORP,203349.0,1856730.0,,,,
10806X102,Not New,BRIDGEBIO PHARMA INC,772009.0,26620991.0,933066.0,26620991.0,161057.0,0.0
22266L106,Sold Out,COUPA SOFTWARE INC,206707.0,1413382.0,,,,
363576109,New Holding,GALLAGHER ARTHUR J & CO,,,94450.0,1158751.0,,
30063P105,Not New,EXACT SCIENCES CORP,140799.0,2427570.0,191179.0,2067247.0,50380.0,-360323.0
30303M102,Not New,FACEBOOK INC,335122.0,2009125.0,1306124.0,6363574.0,971002.0,4354449.0
023135106,Not New,AMAZON COM INC,1715935.0,880093.0,1644341.0,889872.0,-71594.0,9779.0
91324P102,Sold Out,UNITEDHEALTH GROUP INC,281644.0,958037.0,,,,
61174X109,Sold Out,MONSTER BEVERAGE CORP NEW,822649.0,12944911.0,,,,
00846U101,New Holding,AGILENT TECHNOLOGIES INC,,,199782.0,2789478.0,,
45687V106,New Holding,INGERSOLL RAND INC,,,297903.0,12012233.0,,
531229854,Not New,LIBERTY MEDIA CORP DEL,52377.0,1923501.0,396629.0,8628931.0,344252.0,6705430.0
31620M106,Not New,FIDELITY NATL INFORMATION SV,462177.0,3799548.0,77167.0,554800.0,-385010.0,-3244748.0
23804L103,Sold Out,DATADOG INC,31081.0,822696.0,,,,
110122157,Not New,BRISTOL-MYERS SQUIBB CO,74629.0,19639201.0,78271.0,26003584.0,3642.0,6364383.0
60770K107,Not New,MODERNA INC,29797.0,994886.0,64974.0,3321755.0,35177.0,2326869.0
452327109,Sold Out,ILLUMINA INC,135568.0,408658.0,,,,
28106W103,Not New,EDITAS MEDICINE INC,10157.0,512179.0,21716.0,733401.0,11559.0,221222.0
90353T100,Not New,UBER TECHNOLOGIES INC,732236.0,26226216.0,1132856.0,38092013.0,400620.0,11865797.0
H1467J104,New Holding,CHUBB LIMITED,,,102592.0,918541.0,,
20030N101,Not New,COMCAST CORP NEW,615498.0,17902783.0,13044.0,290057.0,-602454.0,-17612726.0
29415F104,Sold Out,ENVISTA HLDGS CORP,33595.0,1133435.0,,,,
G0408V102,Not New,AON PLC,378027.0,2290520.0,160806.0,772027.0,-217221.0,-1518493.0
852234103,Sold Out,SQUARE INC,628355.0,10044042.0,,,,
548661107,Not New,LOWES COS INC,470706.0,5470144.0,529864.0,4424386.0,59158.0,-1045758.0
04621X108,Not New,ASSURANT INC,223627.0,2148405.0,243975.0,1861267.0,20348.0,-287138.0
58733R102,Not New,MERCADOLIBRE INC,190197.0,389285.0,404236.0,706781.0,214039.0,317496.0
595112103,New Holding,MICRON TECHNOLOGY INC,,,282293.0,6711669.0,,
148806102,Not New,CATALENT INC,100675.0,1937928.0,76507.0,1358923.0,-24168.0,-579005.0
09627Y109,Not New,BLUEPRINT MEDICINES CORP,93595.0,1600467.0,104667.0,1306541.0,11072.0,-293926.0
92220P105,New Holding,VARIAN MED SYS INC,,,89018.0,867110.0,,
517834107,New Holding,LAS VEGAS SANDS CORP,,,131418.0,3094371.0,,
01609W102,Sold Out,ALIBABA GROUP HLDG LTD,69768.0,328938.0,,,,
911363109,Sold Out,UNITED RENTALS INC,69886.0,419058.0,,,,
594918104,Not New,MICROSOFT CORP,772832.0,4900338.0,216021.0,1369820.0,-556811.0,-3530518.0
46625H100,New Holding,JPMORGAN CHASE & CO,,,367801.0,4085317.0,,
81762P102,Not New,SERVICENOW INC,191577.0,668493.0,777387.0,2753568.0,585810.0,2085075.0
09061G101,Not New,BIOMARIN PHARMACEUTICAL INC,122831.0,1453625.0,137118.0,1621739.0,14287.0,168114.0
016255101,Sold Out,ALIGN TECHNOLOGY INC,73168.0,262214.0,,,,
88160R101,Sold Out,TESLA INC,21688.0,51844.0,,,,
655844108,Not New,NORFOLK SOUTHERN CORP,258102.0,1767825.0,121056.0,623582.0,-137046.0,-1144243.0
09857L108,Not New,BOOKING HLDGS INC,251500.0,186944.0,262212.0,127676.0,10712.0,-59268.0
03272L108,Not New,ANAPLAN INC,3532.0,116722.0,54700.0,1043890.0,51168.0,927168.0
00650F109,Not New,ADAPTIVE BIOTECHNOLOGIES COR,930455.0,33493708.0,1149126.0,38406607.0,218671.0,4912899.0
743315103,New Holding,PROGRESSIVE CORP OHIO,,,154239.0,2088830.0,,
444859102,Sold Out,HUMANA INC,37985.0,103638.0,,,,
872590104,New Holding,T MOBILE US INC,,,105201.0,1253880.0,,
002120202,Not New,ATYR PHARMA INC,1645.0,587444.0,956.0,229283.0,-689.0,-358161.0
126408103,New Holding,CSX CORP,,,48372.0,844182.0,,
02079K305,Not New,ALPHABET INC,363898.0,313179.0,74048.0,55285.0,-289850.0,-257894.0
47215P106,Not New,JD COM INC,763768.0,18858480.0,783017.0,22225867.0,19249.0,3367387.0
22304C100,Not New,COVETRUS INC,5149.0,632521.0,44642.0,3381937.0,39493.0,2749416.0
926613100,Not New,VIELA BIO INC,47500.0,1250000.0,40381.0,1487329.0,-7119.0,237329.0
12572Q105,New Holding,CME GROUP INC,,,294288.0,1701973.0,,
025816109,New Holding,AMERICAN EXPRESS CO,,,332020.0,3878280.0,,
135086106,Not New,CANADA GOOSE HOLDINGS INC,27716.0,1393448.0,88463.0,2441024.0,60747.0,1047576.0
98138H101,New Holding,WORKDAY INC,,,320599.0,2461978.0,,
372303206,Not New,GENMAB A/S,17820.0,840985.0,13070.0,585309.0,-4750.0,-255676.0
