CUSIP,status,NAME OF ISSUER,(x$1000)_old,PRN AMT_old,(x$1000),PRN AMT,(x$1000)_change,PRN AMT_change
G5960L103,Sold Out,MEDTRONIC PLC,3578.0,39671.0,,,,
59408Q106,Not New,MICHAELS COS INC,24751.0,3500850.0,4183.0,2582377.0,-20568.0,-918473.0
60855R100,Not New,MOLINA HEALTHCARE INC,59093.0,332019.0,38937.0,278702.0,-20156.0,-53317.0
125523100,Not New,CIGNA CORP NEW,244273.0,1301750.0,260058.0,1467759.0,15785.0,166009.0
G30401106,Not New,ENDO INTL PLC,32403.0,9446971.0,35822.0,9681598.0,3419.0,234627.0
67020YAK6,Sold Out,NUANCE COMMUNICATIONS INC,19122.0,20000000.0,,,,
28176E108,Not New,EDWARDS LIFESCIENCES CORP,233.0,3375.0,3189.0,16906.0,2956.0,13531.0
59001K100,Not New,MERITOR INC,107939.0,5451480.0,95499.0,7207435.0,-12440.0,1755955.0
88033G407,Not New,TENET HEALTHCARE CORP,357878.0,19761353.0,284193.0,19735625.0,-73685.0,-25728.0
436440101,Not New,HOLOGIC INC,110337.0,1935735.0,137261.0,3910580.0,26924.0,1974845.0
58155Q103,Not New,MCKESSON CORP,186974.0,1218704.0,222115.0,1642134.0,35141.0,423430.0
112463104,Not New,BROOKDALE SR LIVING INC,39343.0,13336554.0,55017.0,17633572.0,15674.0,4297018.0
571903202,New Holding,MARRIOTT INTL INC NEW,,,61888.0,721889.0,,
23355L106,Not New,DXC TECHNOLOGY CO,197802.0,11988030.0,143375.0,10986562.0,-54427.0,-1001468.0
45778Q107,Sold Out,INSPERITY INC,16439.0,440733.0,,,,
002824100,Sold Out,ABBOTT LABS,3689.0,46752.0,,,,
G11196105,New Holding,BIOHAVEN PHARMACTL HLDG CO L,,,8797.0,120332.0,,
101137107,Not New,BOSTON SCIENTIFIC CORP,74187.0,2113001.0,77916.0,2387859.0,3729.0,274858.0
67020Y100,Not New,NUANCE COMMUNICATIONS INC,127591.0,5042131.0,102572.0,6112735.0,-25019.0,1070604.0
302491303,Not New,F M C CORP,114276.0,1147119.0,158700.0,1942713.0,44424.0,795594.0
62855J104,Not New,MYRIAD GENETICS INC,20534.0,1810727.0,22031.0,1539531.0,1497.0,-271196.0
053774105,Not New,AVIS BUDGET GROUP,52084.0,2275409.0,46490.0,3344576.0,-5594.0,1069167.0
053774105,Not New,AVIS BUDGET GROUP,11445.0,500000.0,46490.0,3344576.0,35045.0,2844576.0
69404D108,Not New,PACIFIC BIOSCIENCES CALIF IN,10878.0,3153150.0,9879.0,3228495.0,-999.0,75345.0
883556102,New Holding,THERMO FISHER SCIENTIFIC INC,,,29551.0,81555.0,,
548661107,Sold Out,LOWES COS INC,2550.0,29630.0,,,,
40412C101,Not New,HCA HEALTHCARE INC,209379.0,2157209.0,252719.0,2812681.0,43340.0,655472.0
28618M106,Not New,ELEMENT SOLUTIONS INC,34652.0,3193768.0,33836.0,4047333.0,-816.0,853565.0
03073E105,Not New,AMERISOURCEBERGEN CORP,96251.0,955159.0,65313.0,738000.0,-30938.0,-217159.0
74834L100,New Holding,QUEST DIAGNOSTICS INC,,,62229.0,546061.0,,
444859102,Not New,HUMANA INC,66434.0,171332.0,105493.0,335945.0,39059.0,164613.0
30212P303,New Holding,EXPEDIA GROUP INC,,,20965.0,255049.0,,
44107P104,New Holding,HOST HOTELS & RESORTS INC,,,8002.0,741628.0,,
50540R409,New Holding,LABORATORY CORP AMER HLDGS,,,121932.0,734044.0,,
071734107,Not New,BAUSCH HEALTH COS INC,286131.0,15644128.0,257564.0,16617008.0,-28567.0,972880.0
02079K305,Not New,ALPHABET INC,5452.0,3845.0,41288.0,35533.0,35836.0,31688.0
278642103,Not New,EBAY INC.,29066.0,554162.0,25133.0,836096.0,-3933.0,281934.0
071813109,Not New,BAXTER INTL INC,6607.0,76738.0,39197.0,482786.0,32590.0,406048.0
874060205,Not New,TAKEDA PHARMACEUTICAL CO LTD,290382.0,16195310.0,302947.0,19956999.0,12565.0,3761689.0
92556H206,Not New,VIACOMCBS INC,134248.0,5756784.0,130077.0,9284589.0,-4171.0,3527805.0
19249H103,Sold Out,COHERUS BIOSCIENCES INC,6922.0,426738.0,,,,
46266C105,Not New,IQVIA HLDGS INC,78212.0,551258.0,184908.0,1714333.0,106696.0,1163075.0
46120E602,Sold Out,INTUITIVE SURGICAL INC,7319.0,14779.0,,,,
337738108,Not New,FISERV INC,16420.0,168200.0,79716.0,839208.0,63296.0,671008.0
15135B101,Sold Out,CENTENE CORP DEL,55932.0,941457.0,,,,
23918K108,New Holding,DAVITA INC,,,62321.0,787483.0,,
37940X102,Sold Out,GLOBAL PMTS INC,36759.0,254865.0,,,,
91324P102,Not New,UNITEDHEALTH GROUP INC,32700.0,110866.0,70252.0,281705.0,37552.0,170839.0
22052L104,Not New,CORTEVA INC,67450.0,2517740.0,33289.0,1416562.0,-34161.0,-1101178.0
911363109,Not New,UNITED RENTALS INC,48187.0,323316.0,40705.0,395583.0,-7482.0,72267.0
913903100,Not New,UNIVERSAL HLTH SVCS INC,62994.0,678152.0,35111.0,354375.0,-27883.0,-323777.0
Y2573F102,Sold Out,FLEX LTD,98359.0,11744352.0,,,,
594918104,Sold Out,MICROSOFT CORP,33037.0,209477.0,,,,
69354M108,New Holding,PRA HEALTH SCIENCES INC,,,2197.0,22579.0,,
55087P104,New Holding,LYFT INC,,,12828.0,388614.0,,
