CUSIP,status,NAME OF ISSUER,(x$1000)_old,PRN AMT_old,(x$1000),PRN AMT,(x$1000)_change,PRN AMT_change
021346101,New Holding,ALTABA INC,,,58945.0,1081956.0,,
65440R101,Sold Out,NIMBLE STORAGE INC,6514.0,521100.0,,,,
984332106,Sold Out,YAHOO INC,50214.0,1081956.0,,,,
695127100,New Holding,PACIRA PHARMACUETICALS INC,,,2271.0,47600.0,,
969490101,Sold Out,WILLIAMS CLAYTON ENERGY INC,21859.0,165500.0,,,,
78462F103,Not New,SPDR S&P 500 ETF TR,30225.0,125000.0,23574.0,100000.0,-6651.0,-25000.0
78462F103,Not New,SPDR S&P 500 ETF TR,30225.0,125000.0,23574.0,100000.0,-6651.0,-25000.0
92924F106,Sold Out,WGL HLDGS INC,16646.0,201700.0,,,,
966837106,New Holding,WHOLE FOODS MKT INC,,,13842.0,328700.0,,
69840W108,New Holding,PANERA BREAD CO,,,12900.0,41000.0,,
73935A104,New Holding,POWERSHARES QQQ TRUST,,,6194.0,45000.0,,
464288513,Not New,ISHARES TR,26517.0,300000.0,6145.0,70000.0,-20372.0,-230000.0
464288513,Not New,ISHARES TR,26517.0,300000.0,21945.0,250000.0,-4572.0,-50000.0
464287655,Sold Out,ISHARES TR,9624.0,70000.0,,,,
111621306,Not New,BROCADE COMMUNICATIONS SYS I,26423.0,2095433.0,25502.0,2043433.0,-921.0,-52000.0
067774109,New Holding,BARNES & NOBLE INC,,,1477.0,194313.0,,
02005N100,Not New,ALLY FINL INC,11574.0,553800.0,11259.0,553800.0,-315.0,0.0
125581801,Sold Out,CIT GROUP INC,14452.0,336643.0,,,,
009728106,New Holding,AKORN INC,,,550.0,16405.0,,
60935Y208,Not New,MONEYGRAM INTL INC,26402.0,1530570.0,20287.0,1206870.0,-6115.0,-323700.0
00206R102,New Holding,AT&T,,,6565.0,174000.0,,
582839106,Sold Out,MEAD JOHNSON NUTRITION CO,11251.0,126300.0,,,,
205887102,Not New,CONAGRA BRANDS INC,9766.0,273100.0,11017.0,273100.0,1251.0,0.0
88870P106,New Holding,TIVO CORP,,,11713.0,622200.0,,
N6596X109,Not New,NXP SEMICONDUCTORS N V,28965.0,264640.0,26765.0,258600.0,-2200.0,-6040.0
096761101,Not New,BOB EVANS FARMS INC,14366.0,200000.0,62872.0,969200.0,48506.0,769200.0
887317303,New Holding,TIME WARNER INC,,,12150.0,121000.0,,
81369Y605,Not New,SELECT SECTOR SPDR TR,5757.0,233350.0,5537.0,233350.0,-220.0,0.0
01449J105,New Holding,ALERE INC,,,21215.0,422700.0,,
01609W102,New Holding,ALIBABA GROUP HLDG LTD,,,11991.0,85100.0,,
925550105,Not New,VIAVI SOLUTIONS INC,4896.0,465000.0,7077.0,660181.0,2181.0,195181.0
34958B106,New Holding,FORTRESS INVESTMENT GROUP LL,,,547.0,68400.0,,
369385109,New Holding,GENERAL COMMUNICATION INC,,,18448.0,503500.0,,
067383109,New Holding,BARD C R INC,,,12616.0,39910.0,,
52729N308,Not New,LEVEL 3 COMMUNICATIONS INC,11195.0,188790.0,10277.0,179600.0,-918.0,-9190.0
073302101,Sold Out,B/E AEROSPACE INC,20361.0,317600.0,,,,
513272104,Not New,LAMB WESTON HLDGS INC,4009.0,91033.0,3829.0,91033.0,-180.0,0.0
918194101,Not New,VCA INC,11373.0,123200.0,11273.0,123200.0,-100.0,0.0
