CUSIP,status,NAME OF ISSUER,(x$1000)_old,PRN AMT_old,(x$1000),PRN AMT,(x$1000)_change,PRN AMT_change
984332106,Not New,YAHOO INC,46632.0,1081956.0,40638.0,1081956.0,-5994.0,0.0
58501N101,Sold Out,MEDIVATION INC,17387.0,288341.0,,,,
78462F103,Not New,SPDR S&P 500 ETF TR,31364.0,145000.0,31421.0,150000.0,57.0,5000.0
87422J105,Not New,TALEN ENERGY CORP,20219.0,1459889.0,12890.0,951300.0,-7329.0,-508589.0
85590A401,Sold Out,STARWOOD HOTELS&RESORTS WRLD,36444.0,492819.0,,,,
23247G109,Not New,CVENT INC,24663.0,777781.0,27733.0,776400.0,3070.0,-1381.0
81369Y860,New Holding,SELECT SECTOR SPDR TR,,,1064.0,32469.0,,
58441K100,Not New,MEDIA GEN INC NEW,18981.0,1029910.0,17704.0,1029910.0,-1277.0,0.0
15670R107,New Holding,CEPHEID,,,10796.0,204900.0,,
482480100,Not New,KLA-TENCOR CORP,781.0,11200.0,476.0,6500.0,-305.0,-4700.0
02005N100,Not New,ALLY FINL INC,10782.0,553800.0,9453.0,553800.0,-1329.0,0.0
125581801,Not New,CIT GROUP INC,11414.0,314443.0,10034.0,314443.0,-1380.0,0.0
009728106,Sold Out,AKORN INC,13979.0,490744.0,,,,
85571Q102,New Holding,STARZ,,,12863.0,412400.0,,
457153104,Not New,INGRAM MICRO INC,17761.0,498070.0,18377.0,528370.0,616.0,30300.0
888706108,Sold Out,TIVO INC,10021.0,1012200.0,,,,
205887102,Not New,CONAGRA FOODS INC,12866.0,273100.0,13057.0,273100.0,191.0,0.0
73172K104,Sold Out,POLYCOM INC,5606.0,498290.0,,,,
53578A108,Not New,LINKEDIN CORP,32567.0,170400.0,25076.0,132500.0,-7491.0,-37900.0
57063L107,Sold Out,MARKETO INC,16143.0,463604.0,,,,
303726103,Sold Out,FAIRCHILD SEMICONDUCTOR INTL,14548.0,732900.0,,,,
001204106,Sold Out,AGL RES INC,6311.0,95665.0,,,,
096761101,Not New,BOB EVANS FARMS INC,12934.0,337700.0,47956.0,1263661.0,35022.0,925961.0
096761101,Not New,BOB EVANS FARMS INC,12934.0,337700.0,2808.0,74000.0,-10126.0,-263700.0
096761101,Not New,BOB EVANS FARMS INC,48398.0,1263661.0,47956.0,1263661.0,-442.0,0.0
096761101,Not New,BOB EVANS FARMS INC,48398.0,1263661.0,2808.0,74000.0,-45590.0,-1189661.0
868536103,New Holding,SUPERVALU INC,,,5492.0,1100689.0,,
81369Y605,Not New,SELECT SECTOR SPDR TR,4504.0,233350.0,5333.0,233350.0,829.0,0.0
92765X208,Not New,VIRGIN AMER INC,32608.0,609388.0,23543.0,418836.0,-9065.0,-190552.0
198280109,Sold Out,COLUMBIA PIPELINE GROUP INC,9309.0,365205.0,,,,
05491G109,New Holding,BATS GLOBAL MKTS INC,,,4312.0,143100.0,,
24802Y105,Sold Out,DEMANDWARE INC,380.0,5072.0,,,,
143436400,Sold Out,CARMIKE CINEMAS INC,1898.0,63000.0,,,,
143436400,Sold Out,CARMIKE CINEMAS INC,2374.0,78800.0,,,,
925550105,Not New,VIAVI SOLUTIONS INC,18725.0,2533874.0,16800.0,2533874.0,-1925.0,0.0
15089R102,Sold Out,CELATOR PHARMACEUTICALS INC,13529.0,448293.0,,,,
