CUSIP,status,NAME OF ISSUER,(x$1000)_old,PRN AMT_old,(x$1000),PRN AMT,(x$1000)_change,PRN AMT_change
984332106,Not New,YAHOO INC,32929.0,894556.0,12923.0,388556.0,-20006.0,-506000.0
85590A401,New Holding,STARWOOD HOTELS & RESORTS,,,25930.0,310800.0,,
80004C101,New Holding,SANDISK CORP,,,24985.0,328400.0,,
58441K100,Not New,MEDIA GENERAL INC,17281.0,1059510.0,4884.0,302410.0,-12397.0,-757100.0
009363102,Not New,AIRGAS INC,19103.0,134870.0,21159.0,152970.0,2056.0,18100.0
345550107,Sold Out,FOREST CITY ENTERPRISES INC,9760.0,445030.0,,,,
095180105,Not New,BLOUNT INTERNATIONAL INC,4465.0,447400.0,4537.0,462500.0,72.0,15100.0
12686C109,Not New,CABLEVISION SYSTEMS,20543.0,622500.0,14789.0,463600.0,-5754.0,-158900.0
049513104,Sold Out,ATMEL CORP,2645.0,307232.0,,,,
02005N100,Not New,ALLY FINANCIAL INC,7155.0,382200.0,8296.0,445050.0,1141.0,62850.0
125581801,Not New,CIT Group Inc,7359.0,237143.0,7720.0,194450.0,361.0,-42693.0
009728106,Not New,AKORN INC,11547.0,490744.0,18310.0,490744.0,6763.0,0.0
92854Q106,Sold Out,VIVINT SOLAR INC,412.0,43075.0,,,,
111320107,Sold Out,BROADCOM CORP,19231.0,332600.0,,,,
740189105,Sold Out,PRECISION CASTPARTS CORP,24235.0,104458.0,,,,
13342B105,Not New,CAMERON INTERNATIONAL CORP,19538.0,291400.0,3432.0,54300.0,-16106.0,-237100.0
83421A104,Sold Out,SOLERA HOLDINGS INC,7020.0,128040.0,,,,
205887102,New Holding,CONAGRA FOODS INC,,,12186.0,273100.0,,
G9019D104,Not New,TRAVELPORT WORLDWIDE LTD,4236.0,310086.0,8000.0,620176.0,3764.0,310090.0
303726103,New Holding,FAIRCHILD SEMICONDUCTOR INTERNATIONAL,,,11618.0,580900.0,,
096761101,Not New,BOB EVANS FARMS,64318.0,1377561.0,54600.0,1405405.0,-9718.0,27844.0
98742U100,Not New,YOUKU TUDOU INC-ADR,19031.0,692290.0,13087.0,482390.0,-5944.0,-209900.0
043436104,Sold Out,ASBURY AUTOMOTIVE GROUP,7762.0,115100.0,,,,
81369Y605,Not New,SELECT SECTOR SPDR TR,5250.0,233350.0,6744.0,283000.0,1494.0,49650.0
00826T108,New Holding,AFFYMETRIX INC,,,11980.0,855100.0,,
198280109,New Holding,COLUMBIA PIPELINE GROUP,,,2327.0,92700.0,,
925550105,Not New,VIAVI SOLUTIONS INC,17382.0,2533874.0,21769.0,3574470.0,4387.0,1040596.0
297602104,Sold Out,ETHAN ALLEN INTERIORS,37664.0,1353864.0,,,,
852891100,Sold Out,STANCORP FINANCIAL GROUP,671.0,5890.0,,,,
07177M103,New Holding,BAXALTA INC,,,20162.0,499070.0,,
69344F106,Sold Out,PMC - SIERRA INC,10452.0,899519.0,,,,
78462F953,Not New,SPDR S&P 500 ETF TR,61656.0,300000.0,42507.0,208500.0,-19149.0,-91500.0
