CUSIP,status,NAME OF ISSUER,(x$1000)_old,PRN AMT_old,(x$1000),PRN AMT,(x$1000)_change,PRN AMT_change
984332106,Not New,YAHOO INC,41839.0,1081956.0,46632.0,1081956.0,4793.0,0.0
78462F103,Not New,SPDR S&P 500 ETF TR,46941.0,210000.0,31364.0,145000.0,-15577.0,-65000.0
78462F103,Not New,SPDR S&P 500 ETF TR,27941.0,125000.0,31364.0,145000.0,3423.0,20000.0
87422J105,Sold Out,TALEN ENERGY CORP,20219.0,1459889.0,,,,
23247G109,Sold Out,CVENT INC,24663.0,777781.0,,,,
81369Y860,Sold Out,SELECT SECTOR SPDR TR,1064.0,32469.0,,,,
58441K100,Not New,MEDIA GEN INC NEW,19393.0,1029910.0,18981.0,1029910.0,-412.0,0.0
15670R107,Sold Out,CEPHEID,10796.0,204900.0,,,,
482480100,Sold Out,KLA-TENCOR CORP,781.0,11200.0,,,,
464287655,New Holding,ISHARES TR,,,7012.0,52000.0,,
92923C807,New Holding,WCI CMNTYS INC,,,2228.0,95026.0,,
111621306,New Holding,BROCADE COMMUNICATIONS SYS I,,,15972.0,1278800.0,,
02005N100,Not New,ALLY FINL INC,10533.0,553800.0,10782.0,553800.0,249.0,0.0
125581801,Not New,CIT GROUP INC,14368.0,336643.0,11414.0,314443.0,-2954.0,-22200.0
85571Q102,Sold Out,STARZ,12863.0,412400.0,,,,
413086109,New Holding,HARMAN INTL INDS INC,,,11516.0,103600.0,,
457153104,Sold Out,INGRAM MICRO INC,17761.0,498070.0,,,,
205887102,Not New,CONAGRA BRANDS INC,10801.0,273100.0,12866.0,273100.0,2065.0,0.0
N6596X109,New Holding,NXP SEMICONDUCTORS N V,,,19965.0,203700.0,,
53578A108,Sold Out,LINKEDIN CORP,32567.0,170400.0,,,,
096761101,Not New,BOB EVANS FARMS INC,7540.0,141700.0,12934.0,337700.0,5394.0,196000.0
096761101,Not New,BOB EVANS FARMS INC,7540.0,141700.0,48398.0,1263661.0,40858.0,1121961.0
096761101,Not New,BOB EVANS FARMS INC,67239.0,1263661.0,12934.0,337700.0,-54305.0,-925961.0
096761101,Not New,BOB EVANS FARMS INC,67239.0,1263661.0,48398.0,1263661.0,-18841.0,0.0
868536103,Sold Out,SUPERVALU INC,5492.0,1100689.0,,,,
81369Y605,Not New,SELECT SECTOR SPDR TR,5425.0,233350.0,4504.0,233350.0,-921.0,0.0
92765X208,Sold Out,VIRGIN AMER INC,32608.0,609388.0,,,,
05491G109,Not New,BATS GLOBAL MKTS INC,22814.0,680800.0,4312.0,143100.0,-18502.0,-537700.0
925550105,Not New,VIAVI SOLUTIONS INC,20727.0,2533874.0,18725.0,2533874.0,-2002.0,0.0
52729N308,New Holding,LEVEL 3 COMMUNICATIONS INC,,,10122.0,179600.0,,
513272104,New Holding,LAMB WESTON HLDGS INC,,,3446.0,91033.0,,
