CUSIP,status,NAME OF ISSUER,(x$1000)_old,PRN AMT_old,(x$1000),PRN AMT,(x$1000)_change,PRN AMT_change
369604103,New Holding,GENERAL ELECTRIC CO,,,6230.0,200000.0,,
969457100,New Holding,WILLIAMS COS INC DEL,,,97253.0,3784157.0,,
78462F103,Not New,SPDR S&P 500 ETF TR,151.0,739.0,47898.0,250000.0,47747.0,249261.0
78462F103,Not New,SPDR S&P 500 ETF TR,101935.0,500000.0,47898.0,250000.0,-54037.0,-250000.0
750086100,Sold Out,RACKSPACE HOSTING INC,44804.0,1815393.0,,,,
87165B103,New Holding,SYNCHRONY FINL,,,3041.0,100000.0,,
931427108,Not New,WALGREENS BOOTS ALLIANCE INC,1047407.0,12300000.0,1142625.0,13750000.0,95218.0,1450000.0
87612G101,New Holding,TARGA RES CORP,,,21995.0,812816.0,,
674215108,New Holding,OASIS PETE INC NEW,,,2207.0,299465.0,,
112463104,Sold Out,BROOKDALE SR LIVING INC,235619.0,10262144.0,,,,
81369Y100,New Holding,SELECT SECTOR SPDR TR,,,119405.0,2750000.0,,
487836108,Sold Out,KELLOGG CO,65289.0,981050.0,,,,
78464A755,Sold Out,SPDR SERIES TRUST,12540.0,750000.0,,,,
03852U106,Sold Out,ARAMARK,98435.0,3321009.0,,,,
726503105,New Holding,PLAINS ALL AMERN PIPELINE L,,,394.0,17066.0,,
42805T105,Sold Out,HERTZ GLOBAL HOLDINGS INC,655675.0,39191581.0,,,,
78464A888,Sold Out,SPDR SERIES TRUST,8558.0,250000.0,,,,
N3167J106,New Holding,FERRARI N V,,,2400.0,50000.0,,
91911K102,New Holding,VALEANT PHARMACEUTICALS INTL,,,159177.0,1565935.0,,
88732J207,Not New,TIME WARNER CABLE INC,436901.0,2354120.0,422259.0,2354120.0,-14642.0,0.0
044209104,Sold Out,ASHLAND INC NEW,25155.0,250000.0,,,,
85571Q102,Not New,STARZ,179961.0,5371957.0,207496.0,5556947.0,27535.0,184990.0
717081103,New Holding,PFIZER INC,,,295969.0,9168818.0,,
31620M106,Sold Out,FIDELITY NATL INFORMATION SV,13416.0,200000.0,,,,
747525103,Not New,QUALCOMM INC,460468.0,9212133.0,1534035.0,28550816.0,1073567.0,19338683.0
205887102,Not New,CONAGRA FOODS INC,1207024.0,28629613.0,1238367.0,30569414.0,31343.0,1939801.0
29273V100,New Holding,ENERGY TRANSFER EQUITY L P,,,953.0,69380.0,,
535919203,Not New,LIONS GATE ENTMNT CORP,276210.0,8527645.0,264256.0,7180864.0,-11954.0,-1346781.0
577081102,Sold Out,MATTEL INC,196093.0,9311139.0,,,,
50540R409,New Holding,LABORATORY CORP AMER HLDGS,,,86058.0,696034.0,,
98978V103,Sold Out,ZOETIS INC,160372.0,3894424.0,,,,
205363104,Not New,COMPUTER SCIENCES CORP,155821.0,4768083.0,450062.0,7332386.0,294241.0,2564303.0
G9456A100,Sold Out,GOLAR LNG LTD BERMUDA,17270.0,619449.0,,,,
49456B119,Sold Out,KINDER MORGAN INC DEL,2264.0,2460822.0,,,,
071813109,Not New,BAXTER INTL INC,217805.0,5709178.0,413272.0,12580576.0,195467.0,6871398.0
026874784,New Holding,AMERICAN INTL GROUP INC,,,263610.0,4253840.0,,
G0177J108,Not New,ALLERGAN PLC,363957.0,1164663.0,512887.0,1886931.0,148930.0,722268.0
N51488117,Not New,MOBILEYE N V AMSTELVEEN,41996.0,993275.0,45174.0,993275.0,3178.0,0.0
00751Y106,New Holding,ADVANCE AUTO PARTS INC,,,84638.0,562343.0,,
887317303,Not New,TIME WARNER INC,174416.0,2697020.0,275467.0,4006794.0,101051.0,1309774.0
79546E104,Sold Out,SALLY BEAUTY HLDGS INC,92786.0,3906780.0,,,,
12650T104,New Holding,CSRA INC,,,124136.0,4137851.0,,
81369Y605,Sold Out,SELECT SECTOR SPDR TR,5665.0,250000.0,,,,
81369Y704,Sold Out,SELECT SECTOR SPDR TR,4989.0,100000.0,,,,
G5480U120,New Holding,LIBERTY GLOBAL PLC,,,242233.0,5941456.0,,
966387102,New Holding,WHITING PETE CORP NEW,,,2328.0,246634.0,,
594918104,Not New,MICROSOFT CORP,550600.0,9924299.0,340681.0,7697273.0,-209919.0,-2227026.0
53071M880,New Holding,LIBERTY INTERACTIVE CORP,,,364497.0,8080186.0,,
09531U102,Sold Out,BLUE BUFFALO PET PRODS INC,10746.0,600000.0,,,,
53071M104,Sold Out,LIBERTY INTERACTIVE CORP,326036.0,8080186.0,,,,
00817Y108,New Holding,AETNA INC NEW,,,2703.0,25000.0,,
