CUSIP,status,NAME OF ISSUER,(x$1000)_old,PRN AMT_old,(x$1000),PRN AMT,(x$1000)_change,PRN AMT_change
037833100,Sold Out,APPLE INC,31358.0,250000.0,,,,
369604103,Sold Out,GENERAL ELECTRIC CO,13285.0,500000.0,,,,
89400J107,Sold Out,TRANSUNION,1255.0,50000.0,,,,
969457100,Sold Out,WILLIAMS COS INC DEL,241633.0,4210376.0,,,,
78462F103,Not New,SPDR S&P 500 ETF TR,47898.0,250000.0,2903049.0,14100000.0,2855151.0,13850000.0
750086100,Not New,RACKSPACE HOSTING INC,44804.0,1815393.0,409090.0,11000000.0,364286.0,9184607.0
85590A401,Sold Out,STARWOOD HOTELS&RESORTS WRLD,8109.0,100000.0,,,,
931427108,Not New,WALGREENS BOOTS ALLIANCE INC,1142625.0,13750000.0,1161050.0,13750000.0,18425.0,0.0
478366107,Sold Out,JOHNSON CTLS INC,497063.0,10035600.0,,,,
112463104,Not New,BROOKDALE SR LIVING INC,235619.0,10262144.0,311660.0,8981545.0,76041.0,-1280599.0
487836108,New Holding,KELLOGG CO,,,65289.0,981050.0,,
78464A755,New Holding,SPDR SERIES TRUST,,,12540.0,750000.0,,
Y26889108,Sold Out,GENER8 MARITIME INC,4771.0,350000.0,,,,
03852U106,New Holding,ARAMARK,,,98435.0,3321009.0,,
G29183103,Sold Out,EATON CORP PLC,37120.0,550000.0,,,,
40416M105,Sold Out,HD SUPPLY HLDGS INC,422160.0,12000000.0,,,,
62886E108,Sold Out,NCR CORP NEW,231888.0,7703934.0,,,,
42805T105,Not New,HERTZ GLOBAL HOLDINGS INC,655675.0,39191581.0,759938.0,41939202.0,104263.0,2747621.0
78464A888,New Holding,SPDR SERIES TRUST,,,8558.0,250000.0,,
91911K102,Sold Out,VALEANT PHARMACEUTICALS INTL,298286.0,1342723.0,,,,
88732J207,Not New,TIME WARNER CABLE INC,422259.0,2354120.0,419434.0,2354120.0,-2825.0,0.0
044209104,Not New,ASHLAND INC NEW,25155.0,250000.0,24380.0,200000.0,-775.0,-50000.0
85571Q102,Not New,STARZ,207496.0,5556947.0,339598.0,7593875.0,132102.0,2036928.0
740189105,Sold Out,PRECISION CASTPARTS CORP,493956.0,2471385.0,,,,
09214X100,Sold Out,BLACK KNIGHT FINL SVCS INC,12348.0,400000.0,,,,
747525103,Not New,QUALCOMM INC,1534035.0,28550816.0,1804975.0,28819654.0,270940.0,268838.0
205887102,Not New,CONAGRA FOODS INC,1238367.0,30569414.0,504416.0,11537414.0,-733951.0,-19032000.0
205887102,Not New,CONAGRA FOODS INC,1238367.0,30569414.0,832079.0,19032000.0,-406288.0,-11537414.0
535919203,Not New,LIONS GATE ENTMNT CORP,264256.0,7180864.0,370874.0,10010090.0,106618.0,2829226.0
577081102,New Holding,MATTEL INC,,,196093.0,9311139.0,,
609207105,Sold Out,MONDELEZ INTL INC,10285.0,250000.0,,,,
98978V103,New Holding,ZOETIS INC,,,160372.0,3894424.0,,
126408103,Sold Out,CSX CORP,6530.0,200000.0,,,,
205363104,Not New,COMPUTER SCIENCES CORP,450062.0,7332386.0,527616.0,8038030.0,77554.0,705644.0
G9456A100,Not New,GOLAR LNG LTD BERMUDA,17270.0,619449.0,123224.0,2633001.0,105954.0,2013552.0
49456B119,Not New,KINDER MORGAN INC DEL,2264.0,2460822.0,7169.0,2655370.0,4905.0,194548.0
278642103,Sold Out,EBAY INC,692760.0,11500000.0,,,,
071813109,New Holding,BAXTER INTL INC,,,413272.0,12580576.0,,
81369Y407,Sold Out,SELECT SECTOR SPDR TR,688320.0,9000000.0,,,,
G0177J108,Not New,ALLERGAN PLC,512887.0,1886931.0,491115.0,1618385.0,-21772.0,-268546.0
N51488117,Not New,MOBILEYE N V AMSTELVEEN,45174.0,993275.0,52812.0,993275.0,7638.0,0.0
79546E104,New Holding,SALLY BEAUTY HLDGS INC,,,92786.0,3906780.0,,
887317303,Not New,TIME WARNER INC,275467.0,4006794.0,407807.0,4665455.0,132340.0,658661.0
81369Y605,New Holding,SELECT SECTOR SPDR TR,,,5665.0,250000.0,,
81369Y704,New Holding,SELECT SECTOR SPDR TR,,,4989.0,100000.0,,
N00985106,Sold Out,AERCAP HOLDINGS NV,481285.0,10510710.0,,,,
72348P104,Sold Out,PINNACLE FOODS INC DEL,374073.0,8214171.0,,,,
874696107,Sold Out,TALL GRASS ENERGY GP LP,23309.0,725000.0,,,,
911363109,Sold Out,UNITED RENTALS INC,480170.0,5480138.0,,,,
594918104,New Holding,MICROSOFT CORP,,,340681.0,7697273.0,,
53071M880,Sold Out,LIBERTY INTERACTIVE CORP,317309.0,8080186.0,,,,
09531U102,New Holding,BLUE BUFFALO PET PRODS INC,,,10746.0,600000.0,,
53071M104,New Holding,LIBERTY INTERACTIVE CORP,,,326036.0,8080186.0,,
91336L107,Sold Out,UNIVAR INC,2565.0,98525.0,,,,
31620M106,New Holding,FIDELITY NATL INFORMATION SV,,,13416.0,200000.0,,
