CUSIP,status,NAME OF ISSUER,(x$1000)_old,PRN AMT_old,(x$1000),PRN AMT,(x$1000)_change,PRN AMT_change
893641100,New Holding,TRANSDIGM GROUP INC,,,144698.0,581211.0,,
699462107,New Holding,PAREXEL INTL CORP,,,49005.0,745665.0,,
984332106,Not New,YAHOO INC,77340.0,2000000.0,8580.0,199070.0,-68760.0,-1800930.0
452327109,New Holding,ILLUMINA INC,,,51907.0,405400.0,,
110122108,New Holding,BRISTOL MYERS SQUIBB CO,,,226295.0,3872261.0,,
78462F103,Not New,SPDR S&P 500 ETF TR,223530.0,1000000.0,9409.0,43500.0,-214121.0,-956500.0
78462F103,Not New,SPDR S&P 500 ETF TR,223530.0,1000000.0,643493.0,2975000.0,419963.0,1975000.0
78462F103,Not New,SPDR S&P 500 ETF TR,558825.0,2500000.0,9409.0,43500.0,-549416.0,-2456500.0
78462F103,Not New,SPDR S&P 500 ETF TR,558825.0,2500000.0,643493.0,2975000.0,84668.0,475000.0
192446102,New Holding,COGNIZANT TECHNOLOGY SOLUTIO,,,80923.0,1444283.0,,
09061G101,Not New,BIOMARIN PHARMACEUTICAL INC,7781.0,93923.0,4893.0,52890.0,-2888.0,-41033.0
018581108,New Holding,ALLIANCE DATA SYSTEMS CORP,,,13572.0,59397.0,,
88160R101,New Holding,TESLA MTRS INC,,,21369.0,100000.0,,
58155Q103,New Holding,MCKESSON CORP,,,54336.0,386868.0,,
670704105,Not New,NUVASIVE INC,121933.0,1810169.0,5382.0,80744.0,-116551.0,-1729425.0
40416M105,Not New,HD SUPPLY HLDGS INC,616395.0,14500000.0,266480.0,8332699.0,-349915.0,-6167301.0
912008109,Sold Out,US FOODS HLDG CORP,3601.0,152500.0,,,,
388689101,Sold Out,GRAPHIC PACKAGING HLDG CO,143818.0,10280060.0,,,,
485865109,Sold Out,KATE SPADE & CO,18275.0,1066833.0,,,,
78667J108,Not New,SAGE THERAPEUTICS INC,10131.0,198406.0,5117.0,111127.0,-5014.0,-87279.0
24703L103,Not New,DELL TECHNOLOGIES INC,41228.0,750000.0,144540.0,3023842.0,103312.0,2273842.0
00817Y108,New Holding,AETNA INC NEW,,,110706.0,892719.0,,
00817Y108,New Holding,AETNA INC NEW,,,260421.0,2100000.0,,
G25839104,Sold Out,COCA COLA EUROPEAN PARTNERS,205462.0,5149436.0,,,,
G51502105,Sold Out,JOHNSON CTLS INTL PLC,260488.0,5598283.0,,,,
741503403,Sold Out,PRICELINE GRP INC,155108.0,105409.0,,,,
92553P201,Sold Out,VIACOM INC NEW,105338.0,2764768.0,,,,
24983L104,Not New,DERMIRA INC,7334.0,241810.0,5055.0,149457.0,-2279.0,-92353.0
56585A102,Sold Out,MARATHON PETE CORP,177873.0,4382177.0,,,,
56585A102,Sold Out,MARATHON PETE CORP,8118.0,200000.0,,,,
45337C102,Not New,INCYTE CORP,8685.0,86616.0,5505.0,58385.0,-3180.0,-28231.0
N6865W105,Sold Out,PATHEON N V,7208.0,243271.0,,,,
750469207,Not New,RADIUS HEALTH INC,6553.0,172310.0,4998.0,92394.0,-1555.0,-79916.0
205887102,Not New,CONAGRA BRANDS INC,703450.0,17786352.0,837915.0,17786352.0,134465.0,0.0
205887102,Not New,CONAGRA BRANDS INC,703450.0,17786352.0,282660.0,6000000.0,-420790.0,-11786352.0
205887102,Not New,CONAGRA BRANDS INC,237300.0,6000000.0,837915.0,17786352.0,600615.0,11786352.0
205887102,Not New,CONAGRA BRANDS INC,237300.0,6000000.0,282660.0,6000000.0,45360.0,0.0
887228104,Not New,TIME INC NEW,89249.0,4999929.0,72399.0,4999929.0,-16850.0,0.0
577081102,New Holding,MATTEL INC,,,37193.0,1350000.0,,
74587V107,Not New,PUMA BIOTECHNOLOGY INC,4382.0,142727.0,5101.0,76074.0,719.0,-66653.0
42824C109,Sold Out,HEWLETT PACKARD ENTERPRISE C,155207.0,6822274.0,,,,
90184L102,Sold Out,TWITTER INC,67902.0,2945866.0,,,,
90184L102,Sold Out,TWITTER INC,2305.0,100000.0,,,,
609207105,Sold Out,MONDELEZ INTL INC,145310.0,3310023.0,,,,
205363104,Not New,COMPUTER SCIENCES CORP,196195.0,3301829.0,246053.0,4712751.0,49858.0,1410922.0
87817A107,Not New,TEAM HEALTH HOLDINGS INC,255936.0,5890368.0,191790.0,5890368.0,-64146.0,0.0
81369Y506,Sold Out,SELECT SECTOR SPDR TR,10097.0,143000.0,,,,
36197T103,Not New,GW PHARMACEUTICALS PLC,7509.0,67198.0,5522.0,41600.0,-1987.0,-25598.0
004225108,Not New,ACADIA PHARMACEUTICALS INC,8688.0,301243.0,4748.0,149252.0,-3940.0,-151991.0
61166W101,Sold Out,MONSANTO CO NEW,20440.0,200000.0,,,,
413875105,Not New,HARRIS CORP DEL,113027.0,1103024.0,221696.0,2420000.0,108669.0,1316976.0
530307305,Not New,LIBERTY BROADBAND CORP,410117.0,5536888.0,453993.0,6351335.0,43876.0,814447.0
12650T104,Sold Out,CSRA INC,129796.0,4825117.0,,,,
81369Y605,Not New,SELECT SECTOR SPDR TR,13950.0,600000.0,9650.0,500000.0,-4300.0,-100000.0
83416T100,Sold Out,SOLARCITY CORP,1956.0,100000.0,,,,
02079K107,Sold Out,ALPHABET INC,152367.0,196023.0,,,,
49456B101,Sold Out,KINDER MORGAN INC DEL,4626.0,200000.0,,,,
64125C109,Not New,NEUROCRINE BIOSCIENCES INC,7016.0,181296.0,4872.0,96210.0,-2144.0,-85086.0
92047W101,Not New,VALVOLINE INC,28374.0,1319727.0,24657.0,1049700.0,-3717.0,-270027.0
913903100,Not New,UNIVERSAL HLTH SVCS INC,218289.0,2051970.0,156939.0,1273646.0,-61350.0,-778324.0
G96629103,Not New,WILLIS TOWERS WATSON PUB LTD,188222.0,1539269.0,280315.0,2111279.0,92093.0,572010.0
00782L107,Sold Out,ADVANCEPIERRE FOODS HLDGS IN,2064.0,74900.0,,,,
81619Q105,Not New,SELECT MED HLDGS CORP,30123.0,2273398.0,25603.0,1896554.0,-4520.0,-376844.0
988498101,New Holding,YUM BRANDS INC,,,40094.0,633101.0,,
79466L302,New Holding,SALESFORCE COM INC,,,216970.0,3169289.0,,
98919V105,New Holding,ZAYO GROUP HLDGS INC,,,33732.0,1026541.0,,
513272104,New Holding,LAMB WESTON HLDGS INC,,,70339.0,1858373.0,,
513272104,New Holding,LAMB WESTON HLDGS INC,,,75700.0,2000000.0,,
345605109,New Holding,FOREST CITY RLTY TR INC,,,14714.0,706059.0,,
90400D108,Not New,ULTRAGENYX PHARMACEUTICAL IN,9008.0,128121.0,5684.0,80125.0,-3324.0,-47996.0
