CUSIP,status,NAME OF ISSUER,(x$1000)_old,PRN AMT_old,(x$1000),PRN AMT,(x$1000)_change,PRN AMT_change
716768106,Sold Out,PETSMART INC,788074.0,9694002.0,,,,
78462F103,Sold Out,SPDR S&P 500 ETF TR,512617.0,2494000.0,,,,
78462F103,Sold Out,SPDR S&P 500 ETF TR,41108.0,200000.0,,,,
750086100,Sold Out,RACKSPACE HOSTING INC,374555.0,8001600.0,,,,
038222105,Sold Out,APPLIED MATLS INC,2492.0,100000.0,,,,
038222105,Sold Out,APPLIED MATLS INC,7476.0,300000.0,,,,
931427108,Sold Out,WALGREENS BOOTS ALLIANCE INC,1047750.0,13750000.0,,,,
462726100,Sold Out,IROBOT CORP,9590.0,276222.0,,,,
40416M105,Sold Out,HD SUPPLY HLDGS INC,463369.0,15712748.0,,,,
36467J108,Sold Out,GAMING & LEISURE PPTYS INC,61321.0,2090000.0,,,,
62886E108,Sold Out,NCR CORP NEW,349872.0,12006600.0,,,,
42805T105,Sold Out,HERTZ GLOBAL HOLDINGS INC,868419.0,34820341.0,,,,
42805T105,Sold Out,HERTZ GLOBAL HOLDINGS INC,87051.0,3490400.0,,,,
91911K102,Sold Out,VALEANT PHARMACEUTICALS INTL,616451.0,4307534.0,,,,
044209104,Sold Out,ASHLAND INC NEW,701020.0,5853539.0,,,,
G0083B108,Sold Out,ACTAVIS PLC,442437.0,1718804.0,,,,
29273V100,Sold Out,ENERGY TRANSFER EQUITY L P,5352.0,93280.0,,,,
16117M305,Sold Out,CHARTER COMMUNICATIONS INC D,396469.0,2379480.0,,,,
205363104,Sold Out,COMPUTER SCIENCES CORP,173641.0,2754027.0,,,,
278642103,Sold Out,EBAY INC,754861.0,13450832.0,,,,
278642103,Sold Out,EBAY INC,136170.0,2426400.0,,,,
G9456A100,Sold Out,GOLAR LNG LTD BERMUDA,107600.0,2950377.0,,,,
49456B119,Sold Out,KINDER MORGAN INC DEL,68202.0,16009796.0,,,,
81369Y506,Sold Out,SELECT SECTOR SPDR TR,791600.0,10000000.0,,,,
026874784,Sold Out,AMERICAN INTL GROUP INC,369002.0,6588146.0,,,,
795435106,Sold Out,SALIX PHARMACEUTICALS INC,128839.0,1120921.0,,,,
795435106,Sold Out,SALIX PHARMACEUTICALS INC,84826.0,738000.0,,,,
868536103,Sold Out,SUPERVALU INC,293278.0,30234893.0,,,,
83416T100,Sold Out,SOLARCITY CORP,275858.0,5158150.0,,,,
N00985106,Sold Out,AERCAP HOLDINGS NV,430565.0,11091307.0,,,,
747525103,New Holding,QUALCOMM INC,,,327104.0,4400705.0,,
747525103,New Holding,QUALCOMM INC,,,458215.0,6164600.0,,
53071M880,Sold Out,LIBERTY INTERACTIVE CORP,310754.0,8238435.0,,,,
