CUSIP,status,NAME OF ISSUER,(x$1000)_old,PRN AMT_old,(x$1000),PRN AMT,(x$1000)_change,PRN AMT_change
938824117,Not New,WASHINGTON FED INC,6588.0,891411.0,5286.0,891411.0,-1302.0,0.0
81211K100,Not New,SEALED AIR CORP NEW,59588.0,1750000.0,40785.0,1500000.0,-18803.0,-250000.0
37045V126,Not New,GENERAL MTRS CO,24201.0,1046767.0,19653.0,1046767.0,-4548.0,0.0
02076X102,Not New,ALPHA NATURAL RESOURCES INC,5355.0,750000.0,4470.0,750000.0,-885.0,0.0
032511107,New Holding,ANADARKO PETE CORP,,,47592.0,600000.0,,
Y62159101,Not New,NAVIOS MARITIME ACQUIS CORP,8800.0,2000000.0,7360.0,2000000.0,-1440.0,0.0
172967424,Not New,CITIGROUP INC,39083.0,750000.0,36383.0,750000.0,-2700.0,0.0
067774109,New Holding,BARNES & NOBLE INC,,,9120.0,610000.0,,
035128206,New Holding,ANGLOGOLD ASHANTI LTD,,,20510.0,1750000.0,,
039380100,Not New,ARCH COAL INC,3338.0,750000.0,3083.0,750000.0,-255.0,0.0
26817R108,Not New,DYNEGY INC NEW DEL,43040.0,2000000.0,38640.0,2000000.0,-4400.0,0.0
49456B119,Not New,KINDER MORGAN INC DEL,8120.0,2000000.0,22185.0,4500000.0,14065.0,2500000.0
026874784,Not New,AMERICAN INTL GROUP INC,102100.0,2000000.0,121575.0,2500000.0,19475.0,500000.0
25179M103,Not New,DEVON ENERGY CORP NEW,61870.0,1000000.0,57760.0,1000000.0,-4110.0,0.0
060505104,Not New,BANK OF AMERICA CORPORATION,31140.0,2000000.0,27600.0,2000000.0,-3540.0,0.0
984245100,Not New,YPF SOCIEDAD ANONIMA,82400.0,2500000.0,29203.0,1450700.0,-53197.0,-1049300.0
868536103,Not New,SUPERVALU INC,7290.0,1000000.0,9259.0,1125000.0,1969.0,125000.0
552953101,Not New,MGM RESORTS INTERNATIONAL,23520.0,1000000.0,40880.0,2000000.0,17360.0,1000000.0
750236101,New Holding,RADIAN GROUP INC,,,14120.0,1000000.0,,
552848AE3,Not New,MGIC INVT CORP WIS,25633.0,18500000.0,39229.0,31000000.0,13596.0,12500000.0
247361702,Not New,DELTA AIR LINES INC DEL,41205.0,1500000.0,11795.0,500000.0,-29410.0,-1000000.0
910047109,New Holding,UNITED CONTL HLDGS INC,,,18915.0,500000.0,,
552848AD5,Sold Out,MGIC INVT CORP WIS,72053.0,66500000.0,,,,
91912E105,Not New,VALE S A,22875.0,1500000.0,23415.0,1500000.0,540.0,0.0
98986T108,New Holding,ZYNGA INC,,,11400.0,3000000.0,,
