CUSIP,status,NAME OF ISSUER,(x$1000)_old,PRN AMT_old,(x$1000),PRN AMT,(x$1000)_change,PRN AMT_change
205887102,New Holding,CONAGRA BRANDS INC,,,71520.0,2000000.0,,
881624209,Sold Out,TEVA PHARMACEUTICAL INDS LTD,68994.0,2150000.0,,,,
969457100,Not New,WILLIAMS COS INC DEL,109916.0,3630000.0,59180.0,2000000.0,-50736.0,-1630000.0
92339V100,Not New,VEREIT INC,20350.0,2500000.0,21225.0,2500000.0,875.0,0.0
G0684D107,Not New,ATHENE HLDG LTD,76509.0,1542213.0,50235.0,1004892.0,-26274.0,-537321.0
02005N100,Not New,ALLY FINL INC,103100.0,4933000.0,100288.0,4933000.0,-2812.0,0.0
680665205,Not New,OLIN CORP,90840.0,3000000.0,65740.0,2000000.0,-25100.0,-1000000.0
268785102,Not New,EP ENERGY CORP,14640.0,4000000.0,19000.0,4000000.0,4360.0,0.0
G0751N103,Not New,ATLANTICA YIELD PLC,21360.0,1000000.0,20960.0,1000000.0,-400.0,0.0
709102107,New Holding,PENNSYLVANIA RL ESTATE INVT,,,5660.0,500000.0,,
88033G407,Sold Out,TENET HEALTHCARE CORP,17710.0,1000000.0,,,,
370334104,New Holding,GENERAL MLS INC,,,55400.0,1000000.0,,
G0772R208,Not New,BANK OF NT BUTTERFIELD&SON L,4774.0,140000.0,42237.0,1323624.0,37463.0,1183624.0
98919V105,Sold Out,ZAYO GROUP HLDGS INC,20563.0,625000.0,,,,
28035Q102,Sold Out,EDGEWELL PERS CARE CO,18285.0,250000.0,,,,
