CUSIP,status,NAME OF ISSUER,(x$1000)_old,PRN AMT_old,(x$1000),PRN AMT,(x$1000)_change,PRN AMT_change
938824117,Not New,WASHINGTON FED INC,4930.0,891411.0,4912.0,891411.0,-18.0,0.0
26817R116,Not New,DYNEGY INC NEW DEL,484.0,123799.0,513.0,123799.0,29.0,0.0
81211K100,Not New,SEALED AIR CORP NEW,4243.0,100000.0,61040.0,1750000.0,56797.0,1650000.0
87165B103,Sold Out,SYNCHRONY FINL,18413.0,750000.0,,,,
75508B104,Not New,RAYONIER ADVANCED MATLS INC,6244.0,280000.0,15961.0,485000.0,9717.0,205000.0
75508B104,Not New,RAYONIER ADVANCED MATLS INC,6244.0,280000.0,2052.0,62339.0,-4192.0,-217661.0
460146103,New Holding,INTL PAPER CO,,,26790.0,500000.0,,
37045V126,Not New,GENERAL MTRS CO,17795.0,1046767.0,15137.0,1046767.0,-2658.0,0.0
Y62159101,Not New,NAVIOS MARITIME ACQUIS CORP,5526.0,1522249.0,4125.0,1522249.0,-1401.0,0.0
172967424,Sold Out,CITIGROUP INC,38865.0,750000.0,,,,
29444U502,Not New,EQUINIX INC,90692.0,400000.0,89560.0,421500.0,-1132.0,21500.0
29444U502,Not New,EQUINIX INC,90692.0,400000.0,148736.0,700000.0,58044.0,300000.0
136385101,Not New,CANADIAN NAT RES LTD,38600.0,1250000.0,67970.0,1750000.0,29370.0,500000.0
035128206,Sold Out,ANGLOGOLD ASHANTI LTD,21000.0,1750000.0,,,,
887228104,New Holding,TIME INC NEW,,,2461.0,100000.0,,
244199105,New Holding,DEERE & CO,,,44235.0,500000.0,,
458140100,New Holding,INTEL CORP,,,72580.0,2000000.0,,
26817R108,Sold Out,DYNEGY INC NEW DEL,28860.0,1000000.0,,,,
49456B119,Not New,KINDER MORGAN INC DEL,18744.0,4400000.0,16016.0,4400000.0,-2728.0,0.0
876568502,New Holding,TATA MTRS LTD,,,10570.0,250000.0,,
25179M103,Not New,DEVON ENERGY CORP NEW,61210.0,1000000.0,68180.0,1000000.0,6970.0,0.0
32511107,Sold Out,ANADARKO PETE CORP,50720.0,500000.0,,,,
060505104,Sold Out,BANK AMER CORP,17050.0,1000000.0,,,,
882508104,New Holding,TEXAS INSTRS INC,,,53465.0,1000000.0,,
247361702,Not New,DELTA AIR LINES INC DEL,73785.0,1500000.0,54225.0,1500000.0,-19560.0,0.0
65336K103,Sold Out,NEXSTAR BROADCASTING GROUP I,6500.0,160818.0,,,,
910047109,Not New,UNITED CONTL HLDGS INC,16723.0,250000.0,11698.0,250000.0,-5025.0,0.0
91912E204,Sold Out,VALE S A,11010.0,1000000.0,,,,
984332AF3,New Holding,YAHOO INC,,,22665.0,20000000.0,,
