CUSIP,status,NAME OF ISSUER,(x$1000)_old,PRN AMT_old,(x$1000),PRN AMT,(x$1000)_change,PRN AMT_change
039380407,New Holding,ARCH COAL INC,,,11692.0,149800.0,,
26817R116,Sold Out,DYNEGY INC NEW DEL,142.0,123799.0,,,,
969457100,New Holding,WILLIAMS COS INC DEL,,,46710.0,1500000.0,,
938824117,Sold Out,WASHINGTON FED INC,4840.0,891411.0,,,,
69840W108,New Holding,PANERA BREAD CO,,,51273.0,250000.0,,
12686C109,Sold Out,CABLEVISION SYS CORP,22729.0,700000.0,,,,
02005N100,New Holding,ALLY FINL INC,,,47550.0,2500000.0,,
G0751N103,New Holding,ATLANTICA YIELD PLC,,,19350.0,1000000.0,,
G0772R208,New Holding,BANK OF NT BUTTERFIELD&SON L,,,82487.0,2623624.0,,
29476L107,New Holding,EQUITY RESIDENTIAL,,,32180.0,500000.0,,
378973408,Sold Out,GLOBALSTAR INC,19.0,12396.0,,,,
92339V100,New Holding,VEREIT INC,,,21150.0,2500000.0,,
49456B119,Sold Out,KINDER MORGAN INC DEL,4048.0,4400000.0,,,,
268785102,New Holding,EP ENERGY CORP,,,19650.0,3000000.0,,
127686103,Sold Out,CAESARS ENTMT CORP,10902.0,1851000.0,,,,
G0684D107,New Holding,ATHENE HLDG LTD,,,56118.0,1169365.0,,
984332AF3,Sold Out,YAHOO INC,31986.0,33000000.0,,,,
84265V105,Sold Out,SOUTHERN COPPER CORP,26720.0,1000000.0,,,,
98919V105,New Holding,ZAYO GROUP HLDGS INC,,,20538.0,625000.0,,
28035Q102,New Holding,EDGEWELL PERS CARE CO,,,7299.0,100000.0,,
