CUSIP,status,NAME OF ISSUER,(x$1000)_old,PRN AMT_old,(x$1000),PRN AMT,(x$1000)_change,PRN AMT_change
881624209,New Holding,TEVA PHARMACEUTICAL INDS LTD,,,68994.0,2150000.0,,
039380407,Sold Out,ARCH COAL INC,11692.0,149800.0,,,,
969457100,Not New,WILLIAMS COS INC DEL,59180.0,2000000.0,46710.0,1500000.0,-12470.0,-500000.0
92339V100,Not New,VEREIT INC,21225.0,2500000.0,21150.0,2500000.0,-75.0,0.0
G0684D107,Not New,ATHENE HLDG LTD,50235.0,1004892.0,56118.0,1169365.0,5883.0,164473.0
02005N100,Not New,ALLY FINL INC,100288.0,4933000.0,47550.0,2500000.0,-52738.0,-2433000.0
680665205,New Holding,OLIN CORP,,,65740.0,2000000.0,,
268785102,Not New,EP ENERGY CORP,19000.0,4000000.0,19650.0,3000000.0,650.0,-1000000.0
G0751N103,Not New,ATLANTICA YIELD PLC,20960.0,1000000.0,19350.0,1000000.0,-1610.0,0.0
88033G407,New Holding,TENET HEALTHCARE CORP,,,17710.0,1000000.0,,
G0772R208,Not New,BANK OF NT BUTTERFIELD&SON L,42237.0,1323624.0,82487.0,2623624.0,40250.0,1300000.0
69840W108,Sold Out,PANERA BREAD CO,51273.0,250000.0,,,,
98919V105,Not New,ZAYO GROUP HLDGS INC,20563.0,625000.0,20538.0,625000.0,-25.0,0.0
29476L107,Sold Out,EQUITY RESIDENTIAL,32180.0,500000.0,,,,
28035Q102,Not New,EDGEWELL PERS CARE CO,18285.0,250000.0,7299.0,100000.0,-10986.0,-150000.0
