CUSIP,status,NAME OF ISSUER,(x$1000)_old,PRN AMT_old,(x$1000),PRN AMT,(x$1000)_change,PRN AMT_change
969457100,Not New,WILLIAMS COS INC DEL,108936.0,3630000.0,109916.0,3630000.0,980.0,0.0
88033G407,New Holding,TENET HEALTHCARE CORP,,,31217.0,1900000.0,,
91822M106,New Holding,VEON LTD,,,25080.0,6000000.0,,
651229106,New Holding,NEWELL BRANDS INC,,,21335.0,500000.0,,
680665205,Not New,OLIN CORP,102750.0,3000000.0,90840.0,3000000.0,-11910.0,0.0
02005N100,Not New,ALLY FINL INC,168195.0,6933000.0,103100.0,4933000.0,-65095.0,-2000000.0
709102107,Not New,PENNSYLVANIA RL ESTATE INVT,17833.0,1700000.0,5660.0,500000.0,-12173.0,-1200000.0
G0751N103,Not New,ATLANTICA YIELD PLC,19700.0,1000000.0,21360.0,1000000.0,1660.0,0.0
G0772R208,Sold Out,BANK OF NT BUTTERFIELD&SON L,4774.0,140000.0,,,,
205887102,Sold Out,CONAGRA BRANDS INC,71520.0,2000000.0,,,,
G66964118,New Holding,OCEAN RIG UDW INC,,,19778.0,832061.0,,
20441A102,New Holding,COMPANHIA DE SANEAMENTO BASI,,,31380.0,3000000.0,,
92339V100,Sold Out,VEREIT INC,20350.0,2500000.0,,,,
23317H102,New Holding,DDR CORP,,,44884.0,4900000.0,,
268785102,Not New,EP ENERGY CORP,13040.0,4000000.0,14640.0,4000000.0,1600.0,0.0
806407102,New Holding,SCHEIN HENRY INC,,,49194.0,600000.0,,
370334104,Not New,GENERAL MLS INC,51760.0,1000000.0,55400.0,1000000.0,3640.0,0.0
G0684D107,Not New,ATHENE HLDG LTD,83033.0,1542213.0,76509.0,1542213.0,-6524.0,0.0
875465106,New Holding,TANGER FACTORY OUTLET CTRS I,,,9280.0,380000.0,,
