CUSIP,status,NAME OF ISSUER,(x$1000)_old,PRN AMT_old,(x$1000),PRN AMT,(x$1000)_change,PRN AMT_change
938824117,Not New,WASHINGTON FED INC,4145.0,891411.0,4930.0,891411.0,785.0,0.0
26817R116,Not New,DYNEGY INC NEW DEL,529.0,123799.0,484.0,123799.0,-45.0,0.0
81211K100,Sold Out,SEALED AIR CORP NEW,4243.0,100000.0,,,,
75508B104,Sold Out,RAYONIER ADVANCED MATLS INC,6244.0,280000.0,,,,
460146103,Not New,INTL PAPER CO,27745.0,500000.0,26790.0,500000.0,-955.0,0.0
37045V126,Sold Out,GENERAL MTRS CO,17795.0,1046767.0,,,,
Y62159101,Not New,NAVIOS MARITIME ACQUIS CORP,4897.0,1383409.0,5526.0,1522249.0,629.0,138840.0
29444U502,Sold Out,EQUINIX INC,90692.0,400000.0,,,,
136385101,Not New,CANADIAN NAT RES LTD,23033.0,750000.0,38600.0,1250000.0,15567.0,500000.0
887228104,Not New,TIME INC NEW,2244.0,100000.0,2461.0,100000.0,217.0,0.0
244199105,Sold Out,DEERE & CO,44235.0,500000.0,,,,
458140100,Sold Out,INTEL CORP,72580.0,2000000.0,,,,
49456B119,Not New,KINDER MORGAN INC DEL,18040.0,4400000.0,18744.0,4400000.0,704.0,0.0
876568502,Not New,TATA MTRS LTD,11265.0,250000.0,10570.0,250000.0,-695.0,0.0
25179M103,Sold Out,DEVON ENERGY CORP NEW,61210.0,1000000.0,,,,
882508104,Sold Out,TEXAS INSTRS INC,53465.0,1000000.0,,,,
247361702,Not New,DELTA AIR LINES INC DEL,33720.0,750000.0,73785.0,1500000.0,40065.0,750000.0
910047109,Sold Out,UNITED CONTL HLDGS INC,16723.0,250000.0,,,,
984332AF3,Not New,YAHOO INC,24331.0,22500000.0,22665.0,20000000.0,-1666.0,-2500000.0
84265V105,New Holding,SOUTHERN COPPER CORP,,,29180.0,1000000.0,,
