CUSIP,status,NAME OF ISSUER,(x$1000)_old,PRN AMT_old,(x$1000),PRN AMT,(x$1000)_change,PRN AMT_change
938824117,Not New,WASHINGTON FED INC,5763.0,891411.0,6886.0,891411.0,1123.0,0.0
81211K100,Not New,SEALED AIR CORP NEW,59798.0,1750000.0,57523.0,1750000.0,-2275.0,0.0
37045V126,Not New,GENERAL MTRS CO,19428.0,1046767.0,18277.0,1046767.0,-1151.0,0.0
032511107,Not New,ANADARKO PETE CORP,54735.0,500000.0,50856.0,600000.0,-3879.0,100000.0
Y62159101,Not New,NAVIOS MARITIME ACQUIS CORP,5648.0,1522249.0,7320.0,2000000.0,1672.0,477751.0
172967424,Not New,CITIGROUP INC,35325.0,750000.0,35700.0,750000.0,375.0,0.0
29444U502,New Holding,EQUINIX INC,,,141178.0,671987.0,,
29444U502,New Holding,EQUINIX INC,,,88553.0,421500.0,,
136385101,New Holding,CANADIAN NAT RES LTD,,,34433.0,750000.0,,
136385101,New Holding,CANADIAN NAT RES LTD,,,45910.0,1000000.0,,
388689101,Not New,GRAPHIC PACKAGING HLDG CO,46800.0,4000000.0,25400.0,2500000.0,-21400.0,-1500000.0
035128206,Not New,ANGLOGOLD ASHANTI LTD,30118.0,1750000.0,29890.0,1750000.0,-228.0,0.0
26817R108,Not New,DYNEGY INC NEW DEL,69600.0,2000000.0,49880.0,2000000.0,-19720.0,0.0
49456B119,Not New,KINDER MORGAN INC DEL,11120.0,4000000.0,3520.0,2000000.0,-7600.0,-2000000.0
026874784,Sold Out,AMERICAN INTL GROUP INC,100020.0,2000000.0,,,,
25179M103,Not New,DEVON ENERGY CORP NEW,79400.0,1000000.0,66930.0,1000000.0,-12470.0,0.0
060505104,Not New,BANK OF AMERICA CORPORATION,30740.0,2000000.0,34400.0,2000000.0,3660.0,0.0
984245100,Sold Out,YPF SOCIEDAD ANONIMA,15580.0,500000.0,,,,
868536103,Not New,SUPERVALU INC,15590.0,1896600.0,12973.0,1896600.0,-2617.0,0.0
247361702,Not New,DELTA AIR LINES INC DEL,58080.0,1500000.0,51975.0,1500000.0,-6105.0,0.0
65336K103,New Holding,NEXSTAR BROADCASTING GROUP I,,,25805.0,500000.0,,
910047109,Not New,UNITED CONTL HLDGS INC,10268.0,250000.0,11158.0,250000.0,890.0,0.0
91912E105,Not New,VALE S A,19845.0,1500000.0,20745.0,1500000.0,900.0,0.0
103304101,Not New,BOYD GAMING CORP,12130.0,1000000.0,13200.0,1000000.0,1070.0,0.0
