CUSIP,status,NAME OF ISSUER,(x$1000)_old,PRN AMT_old,(x$1000),PRN AMT,(x$1000)_change,PRN AMT_change
159864107,Not New,CHARLES RIV LABS INTL INC,474.0,6244.0,274.0,3410.0,-200.0,-2834.0
98420N105,Not New,XENON PHARMACEUTICALS INC,1438.0,205800.0,1655.0,205800.0,217.0,0.0
G4705A100,Not New,ICON PLC,570.0,7585.0,172.0,2213.0,-398.0,-5372.0
14339105,New Holding,ALDER BIOPHARMACEUTICALS INC,,,4898.0,200000.0,,
14339105,New Holding,ALDER BIOPHARMACEUTICALS INC,,,9184.0,375000.0,,
15870P307,Not New,CHAMPIONS ONCOLOGY INC,1356.0,372597.0,1330.0,372597.0,-26.0,0.0
23436108,Not New,AMEDISYS INC,507.0,10493.0,183.0,4648.0,-324.0,-5845.0
78462F103,New Holding,SPDR S&P 500 ETF TR,,,329.0,1600.0,,
M53644106,Not New,INTEC PHARMA LTD JERUSALEM,795.0,192580.0,1474.0,275000.0,679.0,82420.0
4225108,Sold Out,ACADIA PHARMACEUTICALS INC,8743.0,245240.0,,,,
15117K103,Not New,CELLECTIS S A,82.0,2996.0,93.0,2996.0,11.0,0.0
16938C106,New Holding,CHINA BIOLOGIC PRODS INC,,,1603.0,14000.0,,
140475104,Not New,CAPITAL SR LIVING CORP,10087.0,544636.0,10090.0,483700.0,3.0,-60936.0
29251M106,New Holding,ENANTA PHARMACEUTICALS INC,,,514.0,17507.0,,
00434H108,Not New,ACCELERON PHARMA,21192.0,803036.0,13460.0,276036.0,-7732.0,-527000.0
436440101,New Holding,HOLOGIC INC,,,508.0,14732.0,,
58155Q103,Not New,MCKESSON CORP,501.0,3188.0,233.0,1179.0,-268.0,-2009.0
G4617B105,New Holding,HORIZON PHARMA PLC,,,5800.0,350000.0,,
53734109,Sold Out,AVINGER INC,444.0,19566.0,,,,
42222G108,Sold Out,HEALTH NET INC,262.0,3831.0,,,,
50187A107,Sold Out,LHC GROUP INC,168.0,3705.0,,,,
713661304,New Holding,PEREGRINE PHARMACEUTICALS IN,,,10.0,24332.0,,
36752103,New Holding,ANTHEM INC,,,521.0,3747.0,,
89620X506,Not New,TRILLIUM THERAPEUTICS INC,278.0,30000.0,378.0,30000.0,100.0,0.0
20409108,Not New,ALMOST FAMILY INC,487.0,13075.0,187.0,4889.0,-300.0,-8186.0
203668108,Sold Out,COMMUNITY HEALTH SYS INC NEW,178.0,6724.0,,,,
88907J107,Not New,TOKAI PHARMACEUTICALS INC,2723.0,485338.0,4232.0,485338.0,1509.0,0.0
78667J108,Sold Out,SAGE THERAPEUTICS INC,1166.0,20000.0,,,,
584688105,Sold Out,MEDICINES CO,2801.0,75000.0,,,,
62855J104,Not New,MYRIAD GENETICS INC,125.0,3333.0,108.0,2500.0,-17.0,-833.0
71714F104,Not New,PHARMERICA CORP,372.0,16841.0,238.0,6800.0,-134.0,-10041.0
79481107,Sold Out,BELLICUM PHARMACEUTICALS,8537.0,421188.0,,,,
761299106,Not New,RETROPHIN INC,40971.0,2999380.0,49756.0,2579380.0,8785.0,-420000.0
221006109,Sold Out,CORVEL CORP,225.0,5115.0,,,,
00972D105,Not New,AKEBIA THERAPEUTICS INC,7794.0,865000.0,3359.0,260000.0,-4435.0,-605000.0
670100205,Not New,NOVO-NORDISK A S,6322.0,116660.0,554.0,9540.0,-5768.0,-107120.0
98933Q108,New Holding,ZELTIQ AESTHETICS INC,,,3314.0,122000.0,,
71813109,Not New,BAXTER INTERNATIONAL INC,7168.0,175400.0,3815.0,100000.0,-3353.0,-75400.0
71813109,Not New,BAXTER INTERNATIONAL INC,7168.0,175400.0,18503.0,485000.0,11335.0,309600.0
71813109,Not New,BAXTER INTL INC,9038.0,220000.0,3815.0,100000.0,-5223.0,-120000.0
71813109,Not New,BAXTER INTL INC,9038.0,220000.0,18503.0,485000.0,9465.0,265000.0
37246C307,Not New,GENVEC INC,489.0,606644.0,1133.0,615844.0,644.0,9200.0
29358P101,Sold Out,ENSIGN GROUP INC,198.0,8744.0,,,,
717071104,Not New,PFENEX INC,9446.0,960877.0,11896.0,960877.0,2450.0,0.0
875372104,Not New,TANDEM DIABETES CARE INC,217.0,25000.0,295.0,25000.0,78.0,0.0
86881L106,Sold Out,SURGICAL CARE AFFILIATES INC,204.0,5133.0,,,,
G73268107,Not New,QUOTIENT LTD,19132.0,2189067.0,14297.0,893540.0,-4835.0,-1295527.0
03874P101,New Holding,ARATANA THERAPEUTICS INC,,,1611.0,291800.0,,
004225108,New Holding,ACADIA PHARMACEUTICALS INC,,,7137.0,255240.0,,
004225108,New Holding,ACADIA PHARMACEUTICALS INC,,,2796.0,200000.0,,
36197T103,Not New,GW PHARMACEUTICALS PLC,946.0,13109.0,27776.0,400000.0,26830.0,386891.0
003654100,New Holding,ABIOMED INC,,,920.0,9700.0,,
269796108,Not New,EAGLE PHARMACEUTICALS INC,7582.0,187215.0,11806.0,133145.0,4224.0,-54070.0
15135B101,Not New,CENTENE CORP DEL,305.0,4948.0,171.0,2593.0,-134.0,-2355.0
372427104,New Holding,GENOCEA BIOSCIENCES INC,,,3999.0,516618.0,,
M2239P109,Not New,ALCOBRA LTD,3897.0,1028272.0,6458.0,1028272.0,2561.0,0.0
64125C109,Not New,NEUROCRINE BIOSCIENCES INC,107614.0,2720967.0,141208.0,2496167.0,33594.0,-224800.0
03211P202,Not New,AMPLIPHI BIOSCIENCES CORP,315.0,80000.0,298.0,74800.0,-17.0,-5200.0
06742E711,New Holding,BARCLAYS BK PLC,,,1057.0,60000.0,,
171757107,Not New,CIDARA THERAPEUTICS INC,9434.0,742858.0,12747.0,742858.0,3313.0,0.0
864909106,Not New,SUCAMPO PHARMACEUTICALS INC,8.0,759.0,13.0,759.0,5.0,0.0
868459108,New Holding,SUPERNUS PHARMACEUTICALS INC,,,3050.0,200000.0,,
G4412G101,New Holding,HERBALIFE LTD,,,77.0,1250.0,,
231269101,Not New,CURIS INC,161.0,100000.0,291.0,100000.0,130.0,0.0
45665G303,Not New,INFINITY PHARMACEUTICALS INC,527.0,100000.0,157.0,20000.0,-370.0,-80000.0
33830X104,Not New,FIVE PRIME THERAPEUTICS INC,18451.0,454129.0,18016.0,434129.0,-435.0,-20000.0
91843L103,New Holding,VWR CORP,,,505.0,18657.0,,
31162100,Not New,AMGEN INC,4498.0,30000.0,8117.0,50000.0,3619.0,20000.0
G0750W104,Not New,AXOVANT SCIENCES LTD,5568.0,485000.0,9646.0,535000.0,4078.0,50000.0
60855R100,Not New,MOLINA HEALTHCARE INC,519.0,8052.0,168.0,2800.0,-351.0,-5252.0
803607100,Not New,SAREPTA THERAPEUTICS INC,74823.0,3833128.0,19290.0,500000.0,-55533.0,-3333128.0
803607100,Not New,SAREPTA THERAPEUTICS INC,74823.0,3833128.0,86455.0,2240928.0,11632.0,-1592200.0
803607100,Not New,SAREPTA THERAPEUTICS INC,74823.0,3833128.0,3858.0,100000.0,-70965.0,-3733128.0
803607100,Not New,Sarepta Therapeutics Inc,10736.0,550000.0,19290.0,500000.0,8554.0,-50000.0
803607100,Not New,Sarepta Therapeutics Inc,10736.0,550000.0,86455.0,2240928.0,75719.0,1690928.0
803607100,Not New,Sarepta Therapeutics Inc,10736.0,550000.0,3858.0,100000.0,-6878.0,-450000.0
74876Y101,Not New,QUINTILES TRANSNATIO HLDGS I,485.0,7447.0,185.0,2698.0,-300.0,-4749.0
75915K101,New Holding,REGULUS THERAPEUTICS INC,,,2256.0,325407.0,,
92346J108,Not New,VERICEL CORP,7310.0,1247312.0,789.0,305662.0,-6521.0,-941650.0
503459604,Not New,LA JOLLA PHARMACEUTICAL CO,14627.0,699515.0,17537.0,649515.0,2910.0,-50000.0
37890U108,Not New,GLOBAL BLOOD THERAPEUTICS IN,20577.0,1297468.0,38363.0,1186630.0,17786.0,-110838.0
64052L106,Not New,NEOS THERAPEUTICS INC,1079.0,100000.0,2042.0,142603.0,963.0,42603.0
590328100,Not New,MERRIMACK PHARMACEUTICALS IN,419.0,50000.0,395.0,50000.0,-24.0,0.0
91790E102,Not New,VBI VACCINES INC,7661.0,3260356.0,7955.0,3260356.0,294.0,0.0
98986X109,Not New,ZYNERBA PHARMACEUTICALS INC,8026.0,849350.0,5623.0,558446.0,-2403.0,-290904.0
14070B101,Not New,CAPRICOR THERAPEUTICS INC,10.0,4000.0,12.0,4000.0,2.0,0.0
01438T106,Not New,ALDEYRA THERAPEUTICS INC,5197.0,1240458.0,8410.0,1240458.0,3213.0,0.0
45396108,Not New,ASSEMBLY BIOSCIENCES INC,3991.0,795000.0,5970.0,795000.0,1979.0,0.0
85858C107,Not New,STEMLINE THERAPEUTICS INC,366.0,78603.0,496.0,78603.0,130.0,0.0
14149Y108,New Holding,CARDINAL HEALTH INC,,,487.0,5947.0,,
29266S106,Not New,ENDOLOGIX INC,209.0,25000.0,2970.0,300000.0,2761.0,275000.0
40412C101,New Holding,HCA HOLDINGS INC,,,561.0,7186.0,,
22542D795,Sold Out,CREDIT SUISSE NASSAU BRH,645.0,25000.0,,,,
G5785G107,New Holding,MALLINCKRODT PUB LTD CO,,,164.0,2673.0,,
03073E105,Sold Out,AMERISOURCEBERGEN CORP,211.0,2030.0,,,,
552768103,Not New,MGC DIAGNOSTICS CORP,2045.0,336287.0,2213.0,336287.0,168.0,0.0
23306J101,Not New,DBV TECHNOLOGIES S A,13563.0,416696.0,11137.0,306715.0,-2426.0,-109981.0
559079207,Not New,MAGELLAN HEALTH INC,596.0,8772.0,207.0,3351.0,-389.0,-5421.0
4449104,Sold Out,ACHAOGEN INC,344.0,60000.0,,,,
N3167Y103,New Holding,FERRARI N V,,,259.0,6200.0,,
46185L103,Not New,INVITAE CORP,1211.0,118366.0,1177.0,143366.0,-34.0,25000.0
23284F105,Not New,CYTOMX THERAPEUTICS INC,9572.0,742021.0,13399.0,642047.0,3827.0,-99974.0
94946T106,New Holding,WELLCARE HEALTH PLANS INC,,,505.0,5448.0,,
N01045108,Sold Out,AFFIMED N V,6186.0,868820.0,,,,
68906L105,Not New,OTONOMY INC,3521.0,235986.0,5716.0,205986.0,2195.0,-30000.0
92532F100,Not New,VERTEX PHARMACEUTICALS INC,12718.0,160000.0,13841.0,110000.0,1123.0,-50000.0
74373B109,New Holding,PROTEOSTASIS THERAPEUTICS IN,,,2410.0,250000.0,,
53219L109,Sold Out,LIFEPOINT HEALTH INC,210.0,2862.0,,,,
00182C103,Not New,ANI PHARMACEUTICALS INC,3839.0,114060.0,578.0,12800.0,-3261.0,-101260.0
92529L102,Not New,VERSARTIS INC,22742.0,2835754.0,28490.0,2299454.0,5748.0,-536300.0
03674U201,Not New,ANTHERA PHARMACEUTICALS INC,5402.0,1492156.0,4604.0,992156.0,-798.0,-500000.0
42564203,Not New,ARNO THERAPEUTIC INC,1361.0,3463292.0,1194.0,3463292.0,-167.0,0.0
91307C102,New Holding,UNITED THERAPEUTICS CORP DEL,,,2229.0,20000.0,,
91324P102,Not New,UNITEDHEALTH GROUP INC,560.0,4346.0,193.0,1640.0,-367.0,-2706.0
344437405,Not New,FONAR CORP,130.0,8473.0,146.0,8473.0,16.0,0.0
921659108,Not New,VANDA PHARMACEUTICALS INC,601.0,71849.0,669.0,71849.0,68.0,0.0
452907108,Not New,IMMUNOMEDICS INC,3550.0,1420000.0,614.0,200000.0,-2936.0,-1220000.0
60468T105,New Holding,MIRATI THERAPEUTICS INC,,,5842.0,273000.0,,
75901B107,Not New,REGENXBIO INC,8914.0,825396.0,12934.0,779213.0,4020.0,-46183.0
375558103,Not New,GILEAD SCIENCES INC,553.0,6024.0,249.0,2457.0,-304.0,-3567.0
03820J100,Not New,APPLIED GENETIC TECHNOL CORP,9095.0,650591.0,17575.0,861513.0,8480.0,210922.0
M8737E108,Not New,TARO PHARMACEUTICAL INDS LTD,491.0,3429.0,231.0,1493.0,-260.0,-1936.0
30064E109,Sold Out,EXACTECH INC,195.0,10734.0,,,,
00430K402,Not New,ACASTI PHARMA INC,360.0,236559.0,594.0,236559.0,234.0,0.0
63009F204,Not New,NANOSPHERE INC,28.0,35379.0,22.0,35379.0,-6.0,0.0
132011107,Sold Out,CAMBREX CORP,221.0,4692.0,,,,
45780L104,Not New,INOGEN INC,6.0,125.0,5.0,125.0,-1.0,0.0
N31738102,Not New,FIAT CHRYSLER AUTOMOBILES N,500.0,62000.0,867.0,62000.0,367.0,0.0
64077P108,Not New,NEPTUNE TECHNOLOGIES BIORESO,6750.0,6750444.0,7169.0,6700444.0,419.0,-50000.0
M74231107,Not New,NEURODERM LTD,3812.0,270000.0,4604.0,270000.0,792.0,0.0
88033G407,Sold Out,TENET HEALTHCARE CORP,210.0,6927.0,,,,
09062X103,Sold Out,BIOGEN INC,199.0,648.0,,,,
931427108,Not New,WALGREENS BOOTS ALLIANCE INC,2973.0,35292.0,3005.0,35292.0,32.0,0.0
N90064101,Not New,UNIQURE NV,17132.0,1442093.0,15996.0,967093.0,-1136.0,-475000.0
451731103,Not New,IGNYTA INC,9119.0,1347060.0,24282.0,1812060.0,15163.0,465000.0
29272U103,New Holding,ENDOCHOICE HLDGS INC,,,130.0,25000.0,,
252131107,New Holding,DEXCOM INC,,,1798.0,26474.0,,
92847R104,New Holding,VITAL THERAPIES INC,,,271.0,29968.0,,
881569107,Not New,TESARO INC,48374.0,1098659.0,50680.0,968659.0,2306.0,-130000.0
03232P405,Sold Out,AMSURG CORP,170.0,2243.0,,,,
10501E102,Sold Out,BRAINSTORM CELL THERAPEUTICS,1144.0,400000.0,,,,
03842B101,Not New,AQUINOX PHARMACEUTICALS INC,526.0,59600.0,744.0,59600.0,218.0,0.0
10501E201,New Holding,BRAINSTORM CELL THERAPEUTICS,,,1068.0,400000.0,,
249827502,Not New,DERMA SCIENCES INC,1341.0,432884.0,1841.0,402884.0,500.0,-30000.0
896749108,Not New,TRIPLE-S MGMT CORP,264.0,10605.0,254.0,10605.0,-10.0,0.0
19243A104,Not New,COGENTIX MED INC,741.0,673257.0,869.0,673257.0,128.0,0.0
98956P102,New Holding,ZIMMER BIOMET HLDGS INC,,,17.0,156.0,,
62857M105,Not New,MYOKARDIA INC,5385.0,502894.0,7372.0,502903.0,1987.0,9.0
09627Y109,Not New,BLUEPRINT MEDICINES CORP,7299.0,404404.0,10652.0,404404.0,3353.0,0.0
516544103,Sold Out,LANTHEUS HLDGS INC,131.0,38784.0,,,,
03152W109,Not New,AMICUS THERAPEUTICS,128773.0,15239444.0,147823.0,15239444.0,19050.0,0.0
004449104,New Holding,ACHAOGEN INC,,,166.0,60000.0,,
811292101,Not New,SCYNEXIS INC,705.0,175000.0,1087.0,175000.0,382.0,0.0
74371L109,Not New,PROTEON THERAPEUTICS INC,2129.0,275000.0,4265.0,275000.0,2136.0,0.0
45168K306,Sold Out,IDERA PHARMACEUTICALS INC,14.0,4578.0,,,,
516012101,Sold Out,LANNET INC,168.0,4182.0,,,,
682143102,New Holding,OMEROS CORP,,,3068.0,200000.0,,
53619R102,Not New,LION BIOTECHNOLOGIES INC,14159.0,2787256.0,23161.0,3000161.0,9002.0,212905.0
603380106,Not New,MINERVA NEUROSCIENCES INC,4976.0,810537.0,4919.0,810537.0,-57.0,0.0
19621200,Not New,ALLIQUA BIOMEDICAL INC,1575.0,1921951.0,4112.0,1921951.0,2537.0,0.0
92847N103,Sold Out,VITAE PHARMACEUTICALS INC,3620.0,200000.0,,,,
21833P103,Not New,CORBUS PHARMACEUTICALS INC,2262.0,1250000.0,2062.0,1250000.0,-200.0,0.0
NO1045108,New Holding,AFFIMED THERAPEUTICS BV,,,3071.0,821201.0,,
913903100,New Holding,UNIVERSAL HLTH SVCS INC,,,498.0,3989.0,,
04033A100,Sold Out,ARIAD PHARMACEUTICALS INC,313.0,50000.0,,,,
84760C107,Not New,SPECTRANETICS CORP,3877.0,267070.0,4060.0,269570.0,183.0,2500.0
00289Y107,Not New,ABEONA THERAPEUTICS INC,4512.0,1762881.0,5923.0,1762881.0,1411.0,0.0
30050B101,Not New,EVOLENT HEALTH INC,6536.0,618930.0,1787.0,147600.0,-4749.0,-471330.0
64157F103,Not New,NEVRO CORP,19612.0,348600.0,32694.0,484279.0,13082.0,135679.0
64157F103,Not New,NEVRO CORP,5626.0,100000.0,32694.0,484279.0,27068.0,384279.0
10211F100,Not New,BOVIE MEDICAL CORP,272.0,162700.0,342.0,162700.0,70.0,0.0
69354M108,New Holding,PRA HEALTH SCIENCES INC,,,502.0,11751.0,,
151020104,New Holding,CELGENE CORP,,,5005.0,50000.0,,
125509109,Sold Out,CIGNA CORPORATION,2927.0,20000.0,,,,
58501N101,New Holding,MEDIVATION INC,,,15633.0,340000.0,,
34986J105,New Holding,FORWARD PHARMA A/S,,,3167.0,186300.0,,
888314309,Not New,TITAN PHARMACEUTICALS INC DE,0.0,1.0,2321.0,522728.0,2321.0,522727.0
918194101,Sold Out,VCA INC,205.0,3731.0,,,,
00444T100,Not New,ACELRX PHARMACEUTICALS,18466.0,5995760.0,23084.0,5995760.0,4618.0,0.0
05366U100,New Holding,AVEXIS INC,,,4086.0,150000.0,,
249908104,Not New,DEPOMED INC,9055.0,650000.0,9065.0,500000.0,10.0,-150000.0
39697107,Not New,ARDELYX INC,2455.0,315955.0,5725.0,315955.0,3270.0,0.0
917488108,Sold Out,UTAH MED PRODS INC,107.0,1828.0,,,,
05337G107,New Holding,AVALANCHE BIOTECHNOLOGIES IN,,,103.0,20000.0,,
39153L106,Sold Out,GREATBATCH INC,231.0,4391.0,,,,
45329R109,New Holding,INC RESH HLDGS INC,,,488.0,11846.0,,
65481J109,Not New,NIVALIS THERAPEUTICS INC,521.0,125000.0,968.0,125000.0,447.0,0.0
46434V704,Sold Out,ISHARES TR,2437.0,100000.0,,,,
63016Q102,Sold Out,NANTKWEST INC,173.0,10000.0,,,,
15130J109,New Holding,CEMPRA INC,,,2628.0,150000.0,,
74440J101,Not New,PSIVIDA CORPORATION,7142.0,2665000.0,2000.0,415000.0,-5142.0,-2250000.0
Y95308105,New Holding,WAVE LIFE SCIENCES LTD,,,2443.0,176000.0,,
89366M201,Sold Out,TRANSENTERIX INC,4256.0,1715941.0,,,,
00182CAA1,Not New,ANI PHARMACEUTICALS INC,6590.0,7500000.0,7461.0,7500000.0,871.0,0.0
24983L104,Not New,DERMIRA INC,10588.0,512000.0,17374.0,502000.0,6786.0,-10000.0
28249U105,New Holding,EIGER BIOPHARMACEUTICALS INC,,,1759.0,104920.0,,
253031108,Not New,DICERNA PHARMACEUTICALS INC,268.0,50000.0,594.0,50000.0,326.0,0.0
00289Y115,Not New,ABEONA THERAPEUTICS INC,1027.0,1259636.0,1656.0,1259636.0,629.0,0.0
444859102,New Holding,HUMANA INC,,,20124.0,110000.0,,
881624209,Not New,TEVA PHARMACEUTICAL INDS LTD,13966.0,261000.0,31573.0,481000.0,17607.0,220000.0
001744101,New Holding,AMN HEALTHCARE SERVICES INC,,,586.0,17428.0,,
G0177J108,Not New,ALLERGAN PLC,41545.0,155000.0,45313.0,145000.0,3768.0,-10000.0
26746E103,Sold Out,DYAX CORP,68439.0,1819215.0,,,,
00430H102,Sold Out,ACCELERATE DIAGNOSTICS INC,16.0,750.0,,,,
98401F105,Not New,XENCOR INC,24220.0,1804784.0,27117.0,1854784.0,2897.0,50000.0
33938A105,Not New,FLEX PHARMA INC,3.0,237.0,3.0,237.0,0.0,0.0
M47238106,Not New,GALMED PHARMACEUTICALS LTD,369.0,75000.0,571.0,75000.0,202.0,0.0
15089R102,New Holding,CELATOR PHARMACEUTICALS INC,,,12133.0,1100000.0,,
00847L100,New Holding,AGILE THERAPEUTICS INC,,,1087.0,175000.0,,
253827109,Not New,DIGIRAD CORP,124.0,24988.0,145.0,24988.0,21.0,0.0
14888U101,Not New,CATALYST PHARMACEUTICALS INC,60.0,51200.0,2085.0,851200.0,2025.0,800000.0
682324108,Not New,ONCOTHYREON INC,4335.0,3414121.0,7579.0,3414121.0,3244.0,0.0
