CUSIP,status,NAME OF ISSUER,(x$1000)_old,PRN AMT_old,(x$1000),PRN AMT,(x$1000)_change,PRN AMT_change
4225108,Not New,ACADIA PHARMACEUTICALS INC,9764,295240,9764,295240,0,0
75629F109,Not New,RECRO PHARMA INC,145,12063,145,12063,0,0
78464A870,Not New,STREETTRACKS SPDR BIOTEC ETF,17119,275000,17119,275000,0,0
78464A870,Not New,STREETTRACKS SPDR BIOTEC ETF,17119,275000,6,100,-17113,-274900
78464A870,Not New,STREETTRACKS SPDR BIOTEC ETF,6,100,17119,275000,17113,274900
78464A870,Not New,STREETTRACKS SPDR BIOTEC ETF,6,100,6,100,0,0
15870P307,Not New,CHAMPIONS ONCOLOGY INC,1993,372597,1993,372597,0,0
82481R106,Not New,SHIRE PLC,8415,41000,8415,41000,0,0
98420N105,Not New,XENON PHARMACEUTICALS INC,1699,205800,1699,205800,0,0
G4705A100,Not New,ICON PLC,187,2631,187,2631,0,0
M53644106,Not New,INTEC PHARMA LTD JERUSALEM,1960,350000,1960,350000,0,0
28176E108,Not New,EDWARDS LIFESCIENCES CORP,213,1500,213,1500,0,0
15117K103,Not New,CELLECTIS S A,5764,218679,5764,218679,0,0
140475104,Not New,CAPITAL SR LIVING CORP,11100,553600,11100,553600,0,0
42222G108,Not New,HEALTH NET INC,231,3831,231,3831,0,0
53734109,Not New,AVINGER INC,1434,97500,1434,97500,0,0
867328601,Not New,SUNESIS PHARMACEUTICALS INC,567,700000,567,700000,0,0
50187A107,Not New,LHC GROUP INC,265,5917,265,5917,0,0
464287655,Not New,ISHARES RUSSELL 2000,21840,200000,21840,200000,0,0
36752103,Not New,ANTHEM INC,201,1436,201,1436,0,0
89620X506,Not New,TRILLIUM THERAPEUTICS INC,391,30000,391,30000,0,0
88907J107,Not New,TOKAI PHARMACEUTICALS INC,5024,485338,5024,485338,0,0
78667J108,Not New,SAGE THERAPEUTICS INC,847,20000,847,20000,0,0
62855J104,Not New,MYRIAD GENETICS INC,94,2500,94,2500,0,0
71714F104,Not New,PHARMERICA CORP,194,6800,194,6800,0,0
79481107,Not New,BELLICUM PHARMACEUTICALS INC,7572,521188,7572,521188,0,0
20600T108,Not New,CONATUS PHARMACEUTICALS INC,2,425,2,425,0,0
761299106,Not New,RETROPHIN INC,53629,2647080,53629,2647080,0,0
00972D105,Not New,AKEBIA THERAPEUTICS INC,2512,260000,2512,260000,0,0
790849103,Not New,ST JUDE MED INC,3251,51520,3251,51520,0,0
46333X108,Not New,IRONWOOD PHARMACEUTICALS INC,899,86229,899,86229,0,0
670100205,Not New,NOVO-NORDISK A S,290,5340,290,5340,0,0
670100205,Not New,NOVO-NORDISK A S,290,5340,10848,200000,10558,194660
670100205,Not New,NOVO-NORDISK A/S-SPONS ADR,10848,200000,290,5340,-10558,-194660
670100205,Not New,NOVO-NORDISK A/S-SPONS ADR,10848,200000,10848,200000,0,0
71813109,Not New,BAXTER INTL INC,1971,60000,1971,60000,0,0
37246C307,Not New,GENVEC INC,1423,615844,1423,615844,0,0
717071104,Not New,PFENEX INC,14575,971043,14575,971043,0,0
G73268107,Not New,QUOTIENT LTD,10347,776803,10347,776803,0,0
36197T103,Not New,GW PHARMACEUTICALS -ADR,27411,300000,27411,300000,0,0
269796108,Not New,EAGLE PHARMACEUTICALS INC,9109,123044,9109,123044,0,0
G73268123,Not New,QUOTIENT LTD,475,131251,475,131251,0,0
64125C109,Not New,NEUROCRINE BIOSCIENCES INC,117101,2942967,117101,2942967,0,0
03211P202,Not New,AMPLIPHI BIOSCIENCES,316,80000,316,80000,0,0
171757107,Not New,CIDARA THERAPEUTICS INC,9449,742858,9449,742858,0,0
864909106,Not New,SUCAMPO PHARMACEUTICALS INC,157,7905,157,7905,0,0
231269101,Not New,CURIS INC,202,100000,202,100000,0,0
45665G303,Not New,INFINITY PHARMACEUTICALS INC,169,20000,169,20000,0,0
00817Y108,Not New,AETNA INC NEW,283,2586,283,2586,0,0
33830X104,Not New,FIVE PRIME THERAPEUTICS INC,4373,284129,4373,284129,0,0
31162100,Not New,AMGEN INC,177,1280,177,1280,0,0
G0750W104,Not New,AXOVANT SCIENCES LTD,5297,410000,5297,410000,0,0
60855R100,Not New,MOLINA HEALTHCARE INC,199,2888,199,2888,0,0
803607100,Not New,SAREPTA THERAPEUTICS INC,89424,2784928,89424,2784928,0,0
803607100,Not New,SAREPTA THERAPEUTICS INC,89424,2784928,9634,300000,-79790,-2484928
803607100,Not New,Sarepta Therapeutics Inc,9634,300000,89424,2784928,79790,2484928
803607100,Not New,Sarepta Therapeutics Inc,9634,300000,9634,300000,0,0
92346J108,Not New,VERICEL CORP,952,351162,952,351162,0,0
09058V103,Not New,BIOCRYST PHARMACEUTICALS,1411,123745,1411,123745,0,0
503459604,Not New,LA JOLLA PHARMACEUTICAL CO,18189,654515,18189,654515,0,0
37890U108,Not New,GLOBAL BLOOD THERAPEUTICS IN,38863,921800,38863,921800,0,0
64052L106,Not New,NEOS THERAPEUTICS INC,7796,371066,7796,371066,0,0
91790E102,Not New,VBI VACCINES INC,8607,3260356,8607,3260356,0,0
670704105,Not New,NUVASIVE INC,12,252,12,252,0,0
98986X109,Not New,ZYNERBA PHARMACEUTICALS INC,8290,579350,8290,579350,0,0
759916109,Not New,REPLIGEN CORP,2785,100000,2785,100000,0,0
885175307,Not New,THORATEC CORP,6327,100000,6327,100000,0,0
885175307,Not New,THORATEC CORP,6327,100000,5440,86000,-887,-14000
885175307,Not New,THORATEC CORP,5440,86000,6327,100000,887,14000
885175307,Not New,THORATEC CORP,5440,86000,5440,86000,0,0
14070B101,Not New,CAPRICOR THERAPEUTICS INC,16,4000,16,4000,0,0
01438T106,Not New,ALDEYRA THERAPEUTICS INC,5580,957193,5580,957193,0,0
45396108,Not New,ASSEMBLY BIOSCIENCES INC,7600,795000,7600,795000,0,0
85858C107,Not New,STEMLINE THERAPEUTICS INC,694,78603,694,78603,0,0
14149Y108,Not New,CARDINAL HEALTH INC,198,2574,198,2574,0,0
29266S106,Not New,ENDOLOGIX INC,71,5755,71,5755,0,0
00430K105,Not New,ACASTI PHARMA INC,626,2365600,626,2365600,0,0
76028H209,Not New,REPROS THERAPEUTICS INC,1635,220000,1635,220000,0,0
40412C101,Not New,HCA HOLDINGS INC,198,2563,198,2563,0,0
22542D795,Not New,CREDIT SUISSE NASSAU BRH,1132,46500,1132,46500,0,0
759531106,Not New,RELYPSA INC,4628,250000,4628,250000,0,0
759531106,Not New,RELYPSA INC,4628,250000,5553,300000,925,50000
759531106,Not New,RELYPSA INC,4628,250000,18287,987942,13659,737942
759531106,Not New,RELYPSA INC,5553,300000,4628,250000,-925,-50000
759531106,Not New,RELYPSA INC,5553,300000,5553,300000,0,0
759531106,Not New,RELYPSA INC,5553,300000,18287,987942,12734,687942
759531106,Not New,RELYPSA INC,18287,987942,4628,250000,-13659,-737942
759531106,Not New,RELYPSA INC,18287,987942,5553,300000,-12734,-687942
759531106,Not New,RELYPSA INC,18287,987942,18287,987942,0,0
552768103,Not New,MGC DIAGNOSTICS CORP,2219,336287,2219,336287,0,0
23306J101,Not New,DBV TECHNOLOGIES S A,10916,306715,10916,306715,0,0
559079207,Not New,MAGELLAN HEALTH INC,189,3410,189,3410,0,0
4449104,Not New,ACHAOGEN INC,346,60000,346,60000,0,0
46185L103,Not New,INVITAE CORP,1817,251666,614,85000,-1203,-166666
94946T106,Not New,WELLCARE HEALTH PLANS INC,189,2189,189,2189,0,0
N01045108,Not New,AFFIMED N V,5361,868620,5361,868620,0,0
53219L109,Not New,LIFEPOINT HEALTH INC,179,2522,179,2522,0,0
68906L105,Not New,OTONOMY INC,364,185368,364,185368,0,0
00182C103,Not New,ANI PHARMACEUTICALS INC,761,19256,761,19256,0,0
92529L102,Not New,VERSARTIS INC,26726,2317954,26726,2317954,0,0
03674U201,Not New,ANTHERA PHARMACEUTICALS INC,5206,992156,5206,992156,0,0
42564203,Not New,ARNO THERAPEUTICS INC,712,2034721,712,2034721,0,0
6739106,Not New,ADDUS HOMECARE CORP,237,7601,237,7601,0,0
75901B107,Not New,REGENXBIO INC,17166,779213,17166,779213,0,0
375558103,Not New,GILEAD SCIENCES INC,9819,100000,9819,100000,0,0
375558103,Not New,GILEAD SCIENCES INC,9819,100000,241,2457,-9578,-97543
375558103,Not New,GILEAD SCIENCES INC,241,2457,9819,100000,9578,97543
375558103,Not New,GILEAD SCIENCES INC,241,2457,241,2457,0,0
03820J100,Not New,APPLIED GENETIC TECHNOL CORP,5591,850992,5591,850992,0,0
M8737E108,Not New,TARO PHARMACEUTICAL INDS LTD,213,1493,213,1493,0,0
63009F204,Not New,NANOSPHERE INC,58,35379,58,35379,0,0
132011107,Not New,CAMBREX CORP,186,4692,186,4692,0,0
N31738102,Not New,FIAT CHRYSLER AUTOMOBILES N,819,62000,819,62000,0,0
64077P108,Not New,NEPTUNE TECHNOLOGIES BIORESO,7370,6700444,7370,6700444,0,0
M74231107,Not New,NEURODERM LTD,5581,270000,5581,270000,0,0
73936D107,Not New,POWERSHS DB US DOLLAR INDEX,1381,55000,1381,55000,0,0
931427108,Not New,WALGREENS BOOTS ALLIANCE INC,2933,35292,2933,35292,0,0
N90064101,Not New,UNIQURE NV,14116,690269,14116,690269,0,0
451731103,Not New,IGNYTA INC,16959,1931600,16959,1931600,0,0
74347B201,Not New,PROSHARES TR,520,12000,520,12000,0,0
881569107,Not New,TESARO INC,39368,981759,39368,981759,0,0
03842B101,Not New,AQUINOX PHARMACEUTICALS INC,839,59600,839,59600,0,0
10501E201,Not New,BRAINSTORM CELL THERAPEUTICS,916,400000,916,400000,0,0
91911K102,Not New,VALEANT PHARMACEUTICALS INTERNATIONAL IN,18,100,18,100,0,0
151205200,Not New,CELYAD SA,3139,75000,3139,75000,0,0
249827502,Not New,DERMA SCIENCES INC,1698,360584,1698,360584,0,0
206022105,Not New,CONCERT PHARMACEUTICALS INC,195,10379,195,10379,0,0
896749108,Not New,TRIPLE-S MGMT CORP,189,10605,189,10605,0,0
19243A104,Not New,COGENTIX MED INC,835,673257,835,673257,0,0
09627Y109,Not New,BLUEPRINT MEDICINES CORP,8629,404404,8629,404404,0,0
03152W109,Not New,AMICUS THERAPEUTICS INC,175633,14439444,175633,14439444,0,0
811292101,Not New,SCYNEXIS INC,1274,175000,1274,175000,0,0
74371L109,Not New,PROTEON THERAPEUTICS INC,3825,275000,3825,275000,0,0
45168K306,Not New,IDERA PHARMACEUTICALS INC,5,1537,5,1537,0,0
516012101,Not New,LANNET INC,168,4048,168,4048,0,0
53619R102,Not New,LION BIOTECHNOLOGIES INC,17023,2955456,17023,2955456,0,0
603380106,Not New,MINVERA NEUROSCIENCES,4255,810537,4255,810537,0,0
19621200,Not New,ALLIQUA BIOMEDICAL INC,6092,1921951,6092,1921951,0,0
92847N103,Not New,VITAE PHARMACEUTICALS INC,2202,200000,2202,200000,0,0
21833P103,Not New,CORBUS PHARMACEUTICALS INC,1962,1250000,1962,1250000,0,0
04033A100,Not New,ARIAD PHARMACEUTICALS INC,2628,450000,2628,450000,0,0
00289Y107,Not New,ABEONA THERAPEUTICS INC,7140,1762881,7140,1762881,0,0
30050B101,Not New,EVOLENT HEALTH INC,2191,137289,2191,137289,0,0
64157F103,Not New,NEVRO CORP,28150,606811,28150,606811,0,0
10211F100,Not New,BOVIE MEDICAL CORP,322,162700,322,162700,0,0
125509109,Not New,CIGNA CORPORATION,2629,19470,2629,19470,0,0
00444T100,Not New,ACELRX PHARMACEUTICALS INC,19105,6264060,19105,6264060,0,0
74347R107,Not New,PROSHARES ULTRA S & P500,11120,200000,11120,200000,0,0
39697107,Not New,ARDELYX INC,5460,315955,5460,315955,0,0
69366J200,Not New,PTC THERAPEUTICS INC,26834,1005000,26834,1005000,0,0
69366J200,Not New,PTC THERAPEUTICS INC,26834,1005000,2670,100000,-24164,-905000
69366J200,Not New,PTC THERAPEUTICS INC,2670,100000,26834,1005000,24164,905000
69366J200,Not New,PTC THERAPEUTICS INC,2670,100000,2670,100000,0,0
39153L106,Not New,GREATBATCH INC,248,4391,248,4391,0,0
45329R109,Not New,INC RESH HLDGS INC,290,7261,290,7261,0,0
46434V704,Not New,ISHARES TR,3290,145000,3290,145000,0,0
65481J109,Not New,NIVALIS THERAPEUTICS INC,1621,125000,1621,125000,0,0
15130J109,Not New,CEMPRA INC,16217,582500,16217,582500,0,0
74440J101,Not New,PSIVIDA CORP,257,315000,257,315000,0,0
48203L107,Not New,JUNIPER PHARMACEUTICALS INC,20,1736,20,1736,0,0
89366M201,Not New,TRANSENTERIX INC,4127,1826432,4127,1826432,0,0
00182CAA1,Not New,ANI PHARMACEUTICALS INC,6923,7500000,6923,7500000,0,0
24983L104,Not New,DERMIRA INC,11016,472000,11016,472000,0,0
255104101,Not New,DIVERSICARE HEALTHCARE SVCS,127,12337,127,12337,0,0
253031108,Not New,DICERNA PHARMACEUTICALS INC,411,50000,411,50000,0,0
00289Y115,Not New,ABEONA THERAPEUTICS INC,2173,1259636,2173,1259636,0,0
881624209,Not New,TEVA PHARMACEUTICAL INDS LTD,9034,160000,9034,160000,0,0
26746E103,Not New,DYAX CORP,31428,1646315,31428,1646315,0,0
98401F105,Not New,XENCOR INC,21461,1754784,21461,1754784,0,0
98401F105,Not New,XENCOR INC,21461,1754784,612,50000,-20849,-1704784
98401F105,Not New,XENCOR INC,612,50000,21461,1754784,20849,1704784
98401F105,Not New,XENCOR INC,612,50000,612,50000,0,0
M47238106,Not New,GALMED PHARMACEUTICALS LTD,557,75000,557,75000,0,0
00163U106,Not New,AMAG PHARMACEUTICALS INC,115,2904,115,2904,0,0
00434H108,Not New,ACCELERON PHARMA INC,6873,276036,6873,276036,0,0
871639308,Not New,SYNERGY PHARMACEUTICALS DEL,1198,226000,1198,226000,0,0
14888U101,Not New,CATALYST PHARMACEUTICALS INC,2554,851200,2554,851200,0,0
682324108,Not New,ONCOTHYREON INC,1380,3546897,1380,3546897,0,0
