CUSIP,status,NAME OF ISSUER,(x$1000)_old,PRN AMT_old,(x$1000),PRN AMT,(x$1000)_change,PRN AMT_change
159864107,New Holding,CHARLES RIV LABS INTL INC,,,274.0,3410.0,,
4225108,Not New,ACADIA PHARMACEUTICALS INC,8743.0,245240.0,9764.0,295240.0,1021.0,50000.0
98420N105,Not New,XENON PHARMACEUTICALS INC,1655.0,205800.0,1699.0,205800.0,44.0,0.0
G4705A100,Not New,ICON PLC,172.0,2213.0,187.0,2631.0,15.0,418.0
15870P307,Not New,CHAMPIONS ONCOLOGY INC,1330.0,372597.0,1993.0,372597.0,663.0,0.0
23436108,New Holding,AMEDISYS INC,,,183.0,4648.0,,
75629F109,Sold Out,RECRO PHARMA INC,145.0,12063.0,,,,
M53644106,Not New,INTEC PHARMA LTD JERUSALEM,1474.0,275000.0,1960.0,350000.0,486.0,75000.0
78464A870,Sold Out,STREETTRACKS SPDR BIOTEC ETF,17119.0,275000.0,,,,
78464A870,Sold Out,STREETTRACKS SPDR BIOTEC ETF,6.0,100.0,,,,
28176E108,Sold Out,EDWARDS LIFESCIENCES CORP,213.0,1500.0,,,,
82481R106,Sold Out,SHIRE PLC,8415.0,41000.0,,,,
15117K103,Not New,CELLECTIS S A,93.0,2996.0,5764.0,218679.0,5671.0,215683.0
140475104,Not New,CAPITAL SR LIVING CORP,10090.0,483700.0,11100.0,553600.0,1010.0,69900.0
42222G108,Not New,HEALTH NET INC,262.0,3831.0,231.0,3831.0,-31.0,0.0
58155Q103,New Holding,MCKESSON CORP,,,233.0,1179.0,,
53734109,Not New,AVINGER INC,444.0,19566.0,1434.0,97500.0,990.0,77934.0
867328601,Sold Out,SUNESIS PHARMACEUTICALS INC,567.0,700000.0,,,,
50187A107,Not New,LHC GROUP INC,168.0,3705.0,265.0,5917.0,97.0,2212.0
464287655,Sold Out,ISHARES RUSSELL 2000,21840.0,200000.0,,,,
36752103,Sold Out,ANTHEM INC,201.0,1436.0,,,,
89620X506,Not New,TRILLIUM THERAPEUTICS INC,378.0,30000.0,391.0,30000.0,13.0,0.0
20409108,New Holding,ALMOST FAMILY INC,,,187.0,4889.0,,
203668108,New Holding,COMMUNITY HEALTH SYS INC NEW,,,178.0,6724.0,,
88907J107,Not New,TOKAI PHARMACEUTICALS INC,4232.0,485338.0,5024.0,485338.0,792.0,0.0
78667J108,Not New,SAGE THERAPEUTICS INC,1166.0,20000.0,847.0,20000.0,-319.0,0.0
584688105,New Holding,MEDICINES CO,,,2801.0,75000.0,,
62855J104,Not New,MYRIAD GENETICS INC,108.0,2500.0,94.0,2500.0,-14.0,0.0
71714F104,Not New,PHARMERICA CORP,238.0,6800.0,194.0,6800.0,-44.0,0.0
79481107,Not New,BELLICUM PHARMACEUTICALS,8537.0,421188.0,7572.0,521188.0,-965.0,100000.0
221006109,New Holding,CORVEL CORP,,,225.0,5115.0,,
761299106,Not New,RETROPHIN INC,49756.0,2579380.0,53629.0,2647080.0,3873.0,67700.0
00972D105,Not New,AKEBIA THERAPEUTICS INC,3359.0,260000.0,2512.0,260000.0,-847.0,0.0
20600T108,Sold Out,CONATUS PHARMACEUTICALS INC,2.0,425.0,,,,
790849103,Sold Out,ST JUDE MED INC,3251.0,51520.0,,,,
46333X108,Sold Out,IRONWOOD PHARMACEUTICALS INC,899.0,86229.0,,,,
670100205,Not New,NOVO-NORDISK A S,554.0,9540.0,290.0,5340.0,-264.0,-4200.0
670100205,Not New,NOVO-NORDISK A S,554.0,9540.0,10848.0,200000.0,10294.0,190460.0
71813109,Not New,BAXTER INTERNATIONAL INC,3815.0,100000.0,1971.0,60000.0,-1844.0,-40000.0
71813109,Not New,BAXTER INTL INC,18503.0,485000.0,1971.0,60000.0,-16532.0,-425000.0
37246C307,Not New,GENVEC INC,1133.0,615844.0,1423.0,615844.0,290.0,0.0
29358P101,New Holding,ENSIGN GROUP INC,,,198.0,8744.0,,
717071104,Not New,PFENEX INC,11896.0,960877.0,14575.0,971043.0,2679.0,10166.0
875372104,New Holding,TANDEM DIABETES CARE INC,,,295.0,25000.0,,
G73268107,Not New,QUOTIENT LTD,14297.0,893540.0,10347.0,776803.0,-3950.0,-116737.0
36197T103,Not New,GW PHARMACEUTICALS -ADR,27776.0,400000.0,27411.0,300000.0,-365.0,-100000.0
269796108,Not New,EAGLE PHARMACEUTICALS INC,11806.0,133145.0,9109.0,123044.0,-2697.0,-10101.0
15135B101,New Holding,CENTENE CORP DEL,,,171.0,2593.0,,
M2239P109,New Holding,ALCOBRA LTD,,,6458.0,1028272.0,,
G73268123,Sold Out,QUOTIENT LTD,475.0,131251.0,,,,
64125C109,Not New,NEUROCRINE BIOSCIENCES INC,141208.0,2496167.0,117101.0,2942967.0,-24107.0,446800.0
03211P202,Not New,AMPLIPHI BIOSCIENCES CORP,298.0,74800.0,316.0,80000.0,18.0,5200.0
171757107,Not New,CIDARA THERAPEUTICS INC,12747.0,742858.0,9449.0,742858.0,-3298.0,0.0
864909106,Not New,SUCAMPO PHARMACEUTICALS INC,13.0,759.0,157.0,7905.0,144.0,7146.0
231269101,Not New,CURIS INC,291.0,100000.0,202.0,100000.0,-89.0,0.0
45665G303,Not New,INFINITY PHARMACEUTICALS INC,157.0,20000.0,169.0,20000.0,12.0,0.0
00817Y108,Sold Out,AETNA INC NEW,283.0,2586.0,,,,
33830X104,Not New,FIVE PRIME THERAPEUTICS INC,18016.0,434129.0,4373.0,284129.0,-13643.0,-150000.0
31162100,Not New,AMGEN INC,8117.0,50000.0,177.0,1280.0,-7940.0,-48720.0
G0750W104,Not New,AXOVANT SCIENCES LTD,9646.0,535000.0,5297.0,410000.0,-4349.0,-125000.0
60855R100,Not New,MOLINA HEALTHCARE INC,168.0,2800.0,199.0,2888.0,31.0,88.0
803607100,Not New,Sarepta Therapeutics Inc,19290.0,500000.0,89424.0,2784928.0,70134.0,2284928.0
803607100,Not New,Sarepta Therapeutics Inc,19290.0,500000.0,9634.0,300000.0,-9656.0,-200000.0
803607100,Not New,SAREPTA THERAPEUTICS INC,86455.0,2240928.0,89424.0,2784928.0,2969.0,544000.0
803607100,Not New,SAREPTA THERAPEUTICS INC,86455.0,2240928.0,9634.0,300000.0,-76821.0,-1940928.0
803607100,Not New,Sarepta Therapeutics Inc,3858.0,100000.0,89424.0,2784928.0,85566.0,2684928.0
803607100,Not New,Sarepta Therapeutics Inc,3858.0,100000.0,9634.0,300000.0,5776.0,200000.0
74876Y101,New Holding,QUINTILES TRANSNATIO HLDGS I,,,185.0,2698.0,,
92346J108,Not New,VERICEL CORP,789.0,305662.0,952.0,351162.0,163.0,45500.0
503459604,Not New,LA JOLLA PHARMACEUTICAL CO,17537.0,649515.0,18189.0,654515.0,652.0,5000.0
09058V103,Sold Out,BIOCRYST PHARMACEUTICALS,1411.0,123745.0,,,,
37890U108,Not New,GLOBAL BLOOD THERAPEUTICS IN,38363.0,1186630.0,38863.0,921800.0,500.0,-264830.0
64052L106,Not New,NEOS THERAPEUTICS INC,2042.0,142603.0,7796.0,371066.0,5754.0,228463.0
590328100,New Holding,MERRIMACK PHARMACEUTICALS IN,,,395.0,50000.0,,
91790E102,Not New,VBI VACCINES,7955.0,3260356.0,8607.0,3260356.0,652.0,0.0
670704105,Sold Out,NUVASIVE INC,12.0,252.0,,,,
98986X109,Not New,ZYNERBA PHARMACEUTICALS INC,5623.0,558446.0,8290.0,579350.0,2667.0,20904.0
759916109,Sold Out,REPLIGEN CORP,2785.0,100000.0,,,,
885175307,Sold Out,THORATEC CORP,6327.0,100000.0,,,,
885175307,Sold Out,THORATEC CORP,5440.0,86000.0,,,,
14070B101,Not New,CAPRICOR THERAPEUTICS INC,12.0,4000.0,16.0,4000.0,4.0,0.0
01438T106,Not New,ALDEYRA THERAPEUTICS INC,8410.0,1240458.0,5580.0,957193.0,-2830.0,-283265.0
45396108,Not New,ASSEMBLY BIOSCIENCES INC,5970.0,795000.0,7600.0,795000.0,1630.0,0.0
85858C107,Not New,STEMLINE THERAPEUTICS INC,496.0,78603.0,694.0,78603.0,198.0,0.0
14149Y108,Sold Out,CARDINAL HEALTH INC,198.0,2574.0,,,,
29266S106,Not New,ENDOLOGIX INC,2970.0,300000.0,71.0,5755.0,-2899.0,-294245.0
00430K105,Sold Out,ACASTI PHARMA INC,626.0,2365600.0,,,,
76028H209,Sold Out,REPROS THERAPEUTICS INC,1635.0,220000.0,,,,
40412C101,Sold Out,HCA HOLDINGS INC,198.0,2563.0,,,,
22542D795,Not New,CREDIT SUISSE NASSAU BRH,645.0,25000.0,1132.0,46500.0,487.0,21500.0
03073E105,New Holding,AMERISOURCEBERGEN CORP,,,211.0,2030.0,,
759531106,Sold Out,RELYPSA INC,4628.0,250000.0,,,,
759531106,Sold Out,RELYPSA INC,5553.0,300000.0,,,,
759531106,Sold Out,RELYPSA INC,18287.0,987942.0,,,,
552768103,Not New,MGC DIAGNOSTICS CORP,2213.0,336287.0,2219.0,336287.0,6.0,0.0
23306J101,Not New,DBV TECHNOLOGIES S A,11137.0,306715.0,10916.0,306715.0,-221.0,0.0
559079207,Not New,MAGELLAN HEALTH INC,207.0,3351.0,189.0,3410.0,-18.0,59.0
4449104,Not New,ACHAOGEN INC,344.0,60000.0,346.0,60000.0,2.0,0.0
46185L103,Not New,INVITAE CORP,1177.0,143366.0,1817.0,251666.0,640.0,108300.0
23284F105,New Holding,CYTOMX THERAPEUTICS INC,,,13399.0,642047.0,,
94946T106,Sold Out,WELLCARE HEALTH PLANS INC,189.0,2189.0,,,,
N01045108,Not New,AFFIMED N V,6186.0,868820.0,5361.0,868620.0,-825.0,-200.0
53219L109,Not New,LIFEPOINT HEALTH INC,210.0,2862.0,179.0,2522.0,-31.0,-340.0
68906L105,Not New,OTONOMY INC,5716.0,205986.0,364.0,185368.0,-5352.0,-20618.0
92532F100,New Holding,VERTEX PHARMACEUTICALS INC,,,13841.0,110000.0,,
00182C103,Not New,ANI PHARMACEUTICALS INC,578.0,12800.0,761.0,19256.0,183.0,6456.0
92529L102,Not New,VERSARTIS INC,28490.0,2299454.0,26726.0,2317954.0,-1764.0,18500.0
03674U201,Not New,ANTHERA PHARMACEUTICALS INC,4604.0,992156.0,5206.0,992156.0,602.0,0.0
42564203,Not New,ARNO THERAPEUTICS INC,1194.0,3463292.0,712.0,2034721.0,-482.0,-1428571.0
91324P102,New Holding,UNITEDHEALTH GROUP INC,,,193.0,1640.0,,
344437405,New Holding,FONAR CORP,,,146.0,8473.0,,
921659108,New Holding,VANDA PHARMACEUTICALS INC,,,669.0,71849.0,,
452907108,New Holding,IMMUNOMEDICS INC,,,614.0,200000.0,,
6739106,Sold Out,ADDUS HOMECARE CORP,237.0,7601.0,,,,
75901B107,Not New,REGENXBIO INC,12934.0,779213.0,17166.0,779213.0,4232.0,0.0
375558103,Not New,GILEAD SCIENCES INC,249.0,2457.0,9819.0,100000.0,9570.0,97543.0
375558103,Not New,GILEAD SCIENCES INC,249.0,2457.0,241.0,2457.0,-8.0,0.0
03820J100,Not New,APPLIED GENETIC TECHNOL CORP,17575.0,861513.0,5591.0,850992.0,-11984.0,-10521.0
30064E109,New Holding,EXACTECH INC,,,195.0,10734.0,,
M8737E108,Not New,TARO PHARMACEUTICAL INDS LTD,231.0,1493.0,213.0,1493.0,-18.0,0.0
00430K402,New Holding,ACASTI PHARMA INC,,,594.0,236559.0,,
63009F204,Not New,NANOSPHERE INC,22.0,35379.0,58.0,35379.0,36.0,0.0
132011107,Not New,CAMBREX CORP,221.0,4692.0,186.0,4692.0,-35.0,0.0
45780L104,New Holding,INOGEN INC,,,5.0,125.0,,
N31738102,Not New,FIAT CHRYSLER AUTOMOBILES N,867.0,62000.0,819.0,62000.0,-48.0,0.0
64077P108,Not New,NEPTUNE TECHNOLOGIES BIORESO,7169.0,6700444.0,7370.0,6700444.0,201.0,0.0
M74231107,Not New,NEURODERM LTD,4604.0,270000.0,5581.0,270000.0,977.0,0.0
88033G407,New Holding,TENET HEALTHCARE CORP,,,210.0,6927.0,,
09062X103,New Holding,BIOGEN INC,,,199.0,648.0,,
73936D107,Sold Out,POWERSHS DB US DOLLAR INDEX,1381.0,55000.0,,,,
931427108,Not New,WALGREENS BOOTS ALLIANCE INC,3005.0,35292.0,2933.0,35292.0,-72.0,0.0
N90064101,Not New,UNIQURE NV,15996.0,967093.0,14116.0,690269.0,-1880.0,-276824.0
451731103,Not New,IGNYTA INC,24282.0,1812060.0,16959.0,1931600.0,-7323.0,119540.0
74347B201,Sold Out,PROSHARES TR,520.0,12000.0,,,,
881569107,Not New,TESARO INC,50680.0,968659.0,39368.0,981759.0,-11312.0,13100.0
03232P405,New Holding,AMSURG CORP,,,170.0,2243.0,,
10501E102,New Holding,BRAINSTORM CELL THERAPEUTICS,,,1144.0,400000.0,,
03842B101,Not New,AQUINOX PHARMACEUTICALS INC,744.0,59600.0,839.0,59600.0,95.0,0.0
10501E201,Sold Out,BRAINSTORM CELL THERAPEUTICS,916.0,400000.0,,,,
91911K102,Sold Out,VALEANT PHARMACEUTICALS INTERNATIONAL IN,18.0,100.0,,,,
151205200,Sold Out,CELYAD SA,3139.0,75000.0,,,,
249827502,Not New,DERMA SCIENCES INC,1841.0,402884.0,1698.0,360584.0,-143.0,-42300.0
206022105,Sold Out,CONCERT PHARMACEUTICALS INC,195.0,10379.0,,,,
896749108,Not New,TRIPLE-S MGMT CORP,254.0,10605.0,189.0,10605.0,-65.0,0.0
19243A104,Not New,COGENTIX MED INC,869.0,673257.0,835.0,673257.0,-34.0,0.0
62857M105,New Holding,MYOKARDIA INC,,,7372.0,502903.0,,
09627Y109,Not New,BLUEPRINT MEDICINES CORP,10652.0,404404.0,8629.0,404404.0,-2023.0,0.0
516544103,New Holding,LANTHEUS HLDGS INC,,,131.0,38784.0,,
03152W109,Not New,AMICUS THERAPEUTICS INC,147823.0,15239444.0,175633.0,14439444.0,27810.0,-800000.0
811292101,Not New,SCYNEXIS INC,1087.0,175000.0,1274.0,175000.0,187.0,0.0
74371L109,Not New,PROTEON THERAPEUTICS INC,4265.0,275000.0,3825.0,275000.0,-440.0,0.0
45168K306,Not New,IDERA PHARMACEUTICALS INC,14.0,4578.0,5.0,1537.0,-9.0,-3041.0
516012101,Not New,LANNET INC,168.0,4182.0,168.0,4048.0,0.0,-134.0
53619R102,Not New,LION BIOTECHNOLOGIES INC,23161.0,3000161.0,17023.0,2955456.0,-6138.0,-44705.0
603380106,Not New,MINERVA NEUROSCIENCES,4919.0,810537.0,4255.0,810537.0,-664.0,0.0
19621200,Not New,ALLIQUA BIOMEDICAL INC,4112.0,1921951.0,6092.0,1921951.0,1980.0,0.0
92847N103,Not New,VITAE PHARMACEUTICALS INC,3620.0,200000.0,2202.0,200000.0,-1418.0,0.0
21833P103,Not New,CORBUS PHARMACEUTICALS INC,2062.0,1250000.0,1962.0,1250000.0,-100.0,0.0
04033A100,Not New,ARIAD PHARMACEUTICALS INC,313.0,50000.0,2628.0,450000.0,2315.0,400000.0
84760C107,New Holding,SPECTRANETICS CORP,,,4060.0,269570.0,,
00289Y107,Not New,ABEONA THERAPEUTICS INC,5923.0,1762881.0,7140.0,1762881.0,1217.0,0.0
30050B101,Not New,EVOLENT HEALTH INC,1787.0,147600.0,2191.0,137289.0,404.0,-10311.0
64157F103,Not New,NEVRO CORP,32694.0,484279.0,28150.0,606811.0,-4544.0,122532.0
10211F100,Not New,BOVIE MEDICAL CORP,342.0,162700.0,322.0,162700.0,-20.0,0.0
125509109,Not New,CIGNA CORPORATION,2927.0,20000.0,2629.0,19470.0,-298.0,-530.0
888314309,New Holding,TITAN PHARMACEUTICALS INC DE,,,2321.0,522728.0,,
918194101,New Holding,VCA INC,,,205.0,3731.0,,
00444T100,Not New,ACELRX PHARMACEUTICALS INC,23084.0,5995760.0,19105.0,6264060.0,-3979.0,268300.0
249908104,New Holding,DEPOMED INC,,,9065.0,500000.0,,
74347R107,Sold Out,PROSHARES ULTRA S & P500,11120.0,200000.0,,,,
39697107,Not New,ARDELYX INC,5725.0,315955.0,5460.0,315955.0,-265.0,0.0
917488108,New Holding,UTAH MED PRODS INC,,,107.0,1828.0,,
69366J200,Sold Out,PTC THERAPEUTICS INC,26834.0,1005000.0,,,,
69366J200,Sold Out,PTC THERAPEUTICS INC,2670.0,100000.0,,,,
39153L106,Not New,GREATBATCH INC,231.0,4391.0,248.0,4391.0,17.0,0.0
65481J109,Not New,NIVALIS THERAPEUTICS INC,968.0,125000.0,1621.0,125000.0,653.0,0.0
46434V704,Not New,ISHARES TR,2437.0,100000.0,3290.0,145000.0,853.0,45000.0
45329R109,Sold Out,INC RESH HLDGS INC,290.0,7261.0,,,,
63016Q102,New Holding,NANTKWEST INC,,,173.0,10000.0,,
74440J101,Not New,PSIVIDA CORP,2000.0,415000.0,257.0,315000.0,-1743.0,-100000.0
15130J109,Sold Out,CEMPRA INC,16217.0,582500.0,,,,
48203L107,Sold Out,JUNIPER PHARMACEUTICALS INC,20.0,1736.0,,,,
89366M201,Not New,TRANSENTERIX INC,4256.0,1715941.0,4127.0,1826432.0,-129.0,110491.0
00182CAA1,Not New,ANI PHARMACEUTICALS INC,7461.0,7500000.0,6923.0,7500000.0,-538.0,0.0
24983L104,Not New,DERMIRA INC,17374.0,502000.0,11016.0,472000.0,-6358.0,-30000.0
255104101,Sold Out,DIVERSICARE HEALTHCARE SVCS,127.0,12337.0,,,,
253031108,Not New,DICERNA PHARMACEUTICALS INC,594.0,50000.0,411.0,50000.0,-183.0,0.0
00289Y115,Not New,ABEONA THERAPEUTICS INC,1656.0,1259636.0,2173.0,1259636.0,517.0,0.0
881624209,Not New,TEVA PHARMACEUTICAL INDS LTD,31573.0,481000.0,9034.0,160000.0,-22539.0,-321000.0
G0177J108,New Holding,ALLERGAN PLC,,,45313.0,145000.0,,
26746E103,Not New,DYAX CORP,68439.0,1819215.0,31428.0,1646315.0,-37011.0,-172900.0
00430H102,New Holding,ACCELERATE DIAGNOSTICS INC,,,16.0,750.0,,
98401F105,Not New,XENCOR INC,27117.0,1854784.0,21461.0,1754784.0,-5656.0,-100000.0
98401F105,Not New,XENCOR INC,27117.0,1854784.0,612.0,50000.0,-26505.0,-1804784.0
00163U106,Sold Out,AMAG PHARMACEUTICALS INC,115.0,2904.0,,,,
33938A105,New Holding,FLEX PHARMA INC,,,3.0,237.0,,
M47238106,Not New,GALMED PHARMACEUTICALS LTD,571.0,75000.0,557.0,75000.0,-14.0,0.0
00434H108,Not New,ACCELERON PHARMA INC,13460.0,276036.0,6873.0,276036.0,-6587.0,0.0
86881L106,New Holding,SURGICAL CARE AFFILIATES INC,,,204.0,5133.0,,
871639308,Sold Out,SYNERGY PHARMACEUTICALS DEL,1198.0,226000.0,,,,
253827109,New Holding,DIGIRAD CORP,,,145.0,24988.0,,
14888U101,Not New,CATALYST PHARMACEUTICALS INC,2085.0,851200.0,2554.0,851200.0,469.0,0.0
682324108,Not New,ONCOTHYREON INC,7579.0,3414121.0,1380.0,3546897.0,-6199.0,132776.0
