CUSIP,status,NAME OF ISSUER,(x$1000)_old,PRN AMT_old,(x$1000),PRN AMT,(x$1000)_change,PRN AMT_change
159864107,Sold Out,CHARLES RIVER LABORATORIES,457.0,5482.0,,,,
98420N105,Not New,XENON PHARMACEUTICALS,5700.0,740272.0,6179.0,762800.0,479.0,22528.0
G4705A100,Not New,ICON,517.0,6873.0,532.0,6873.0,15.0,0.0
78464A870,New Holding,SPDR SandP BIOTECH ETF,,,3.0,50.0,,
15870P307,Not New,CHAMPIONS ONCOLOGY,942.0,372597.0,625.0,372597.0,-317.0,0.0
45826J105,Not New,INTELLIA THERAPEUTICS,192.0,14673.0,250.0,14673.0,58.0,0.0
30219G108,New Holding,EXPRESS SCRIPTS HOLDING,,,457.0,6639.0,,
464287432,New Holding,ISHARES 20 PLUS YEAR TREASURY BOND ETF,,,0.0,2.0,,
004397105,Sold Out,ACCURAY INC,174.0,27300.0,,,,
532457108,Not New,ELI LILLY & CO CALL 90 01/20/2017,3.0,100000.0,250.0,1000.0,247.0,-99000.0
15117K103,Sold Out,CELLECTIS ADR,4323.0,179506.0,,,,
16938C106,Not New,CHINA BIOLOGIC PRODUCTS,25.0,236.0,1705.0,13695.0,1680.0,13459.0
140475104,Not New,CAPITAL SENIOR LIVING,5222.0,320173.0,6305.0,375306.0,1083.0,55133.0
58155Q103,Not New,MCKESSON,432.0,3078.0,497.0,2979.0,65.0,-99.0
036752103,Sold Out,ANTHEM INC,426.0,3400.0,,,,
14740B606,New Holding,CASCADIAN THERAPEUTICS,,,2355.0,546498.0,,
014339105,Not New,ALDER BIOPHARMACEUTICALS,7991.0,384169.0,12822.0,391280.0,4831.0,7111.0
042564203,Not New,ARNO THERAPEUTICS INC,781.0,4177577.0,1963.0,4177577.0,1182.0,0.0
50187A107,Not New,LHC GROUP,217.0,4745.0,175.0,4745.0,-42.0,0.0
713661304,Not New,PEREGRINE PHARMACEUTICALS,8.0,24332.0,10.0,24332.0,2.0,0.0
584688105,New Holding,MEDICINES CO PUT 32 04/21/2017,,,1070.0,200000.0,,
48283N106,Not New,KADMON,11821.0,2209657.0,16218.0,2209657.0,4397.0,0.0
81834Q104,Not New,SEVION THERAPEUTICS INC,8.0,59220.0,10.0,59220.0,2.0,0.0
761299106,Not New,RETROPHIN,50872.0,2687412.0,54752.0,2446482.0,3880.0,-240930.0
816212104,Not New,SELECTA BIOSCIENCES,2433.0,141875.0,4961.0,348150.0,2528.0,206275.0
00972D105,Not New,AKEBIA THERAPEUTICS,5593.0,537256.0,7295.0,809096.0,1702.0,271840.0
43358V109,Not New,HISTOGENCIS CORP,2968.0,1777777.0,5706.0,1777777.0,2738.0,0.0
592688105,Sold Out,METTLER TOLEDO INTERNATIONAL,174.0,415.0,,,,
02043Q107,New Holding,ALNYLAM PHARMACEUTICALS,,,4436.0,118475.0,,
039697107,Not New,ARDELYX,26073.0,1836196.0,13680.0,1057257.0,-12393.0,-778939.0
74587V107,Not New,PUMA BIOTECHNOLOGY,225.0,7344.0,492.0,7344.0,267.0,0.0
37246C307,Sold Out,GENVEC INC,259.0,561320.0,,,,
50540R409,Sold Out,LABORATORY CORPORATION OF AMERICA HOLDINGS,549.0,3990.0,,,,
717071104,Not New,PFENEX,8293.0,914376.0,8412.0,939930.0,119.0,25554.0
74909e106,New Holding,QUORUM HEALTH,,,731.0,100604.0,,
68235M105,Not New,ONCOBIOLOGICS,3759.0,1248990.0,5308.0,1248990.0,1549.0,0.0
G73268107,Not New,QUOTIENT,13815.0,2854486.0,20893.0,2671794.0,7078.0,-182692.0
004225108,Not New,ACADIA PHARMACEUTICALS INC CALL 40 01/20/2017,0.0,5200.0,2075.0,65240.0,2075.0,60040.0
004225108,Not New,ACADIA PHARMACEUTICALS INC CALL 40 01/20/2017,7.0,94800.0,2075.0,65240.0,2068.0,-29560.0
294100102,Not New,ENZO BIOCHEM,582.0,83893.0,342.0,67113.0,-240.0,-16780.0
003654100,Not New,ABIOMED,12.0,109.0,8138.0,63290.0,8126.0,63181.0
58436Q203,Sold Out,MEDGENICS INC,1635.0,293460.0,,,,
670002104,New Holding,NOVAVAX,,,423.0,335413.0,,
422245100,Sold Out,HEALTHWAYS INC,572.0,21608.0,,,,
269796108,Not New,EAGLE PHARMACEUTICALS,39527.0,498198.0,3.0,544770.0,-39524.0,46572.0
464287200,New Holding,ISHARES CORE SandP 500 ETF,,,0.0,1.0,,
78463V107,New Holding,SPDR GOLD SHARES ETF,,,0.0,1.0,,
64125C109,Not New,NEUROCRINE BIOSCIENCES,128349.0,3316523.0,125398.0,2476272.0,-2951.0,-840251.0
171757107,Not New,CIDARA THERAPEUTICS,8043.0,773369.0,8855.0,773369.0,812.0,0.0
74933V108,New Holding,RA PHARMACEUTICALS,,,2506.0,165000.0,,
58502B106,Sold Out,MEDNAX INC,2.0,29.0,,,,
864909106,Not New,SUCAMPO PHARMACEUTICALS CLASS A,416.0,30694.0,506.0,41096.0,90.0,10402.0
59140A203,New Holding,METASTAT INC,,,618.0,500000.0,,
67072V103,Not New,NXSTAGE MEDICAL,50533.0,1927989.0,41726.0,1669703.0,-8807.0,-258286.0
00817Y108,Sold Out,AETNA INC,514.0,4454.0,,,,
33830X104,Not New,FIVE PRIME THERAPEUTICS,8181.0,163255.0,8740.0,166509.0,559.0,3254.0
91843L103,Sold Out,VWR CORP,529.0,18657.0,,,,
60855R100,Not New,MOLINA HEALTHCARE,379.0,6981.0,518.0,8879.0,139.0,1898.0
G30401106,New Holding,ENDO INTERNATIONAL,,,213.0,12920.0,,
68235M121,Not New,ONCOBIOLOGICS INC WTS,518.0,656382.0,787.0,656382.0,269.0,0.0
803607100,Not New,SAREPTA THERAPEUTICS,75976.0,2769829.0,208506.0,3395236.0,132530.0,625407.0
803607100,Not New,SAREPTA THERAPEUTICS INC PUT 50 01/20/2017,249.0,10900.0,208506.0,3395236.0,208257.0,3384336.0
88338N107,New Holding,THERAPEUTICSMD,,,1731.0,300000.0,,
800677106,Not New,SANGAMO BIOSCIENCES,1.0,272.0,1.0,272.0,0.0,0.0
045396108,Not New,ASSEMBLY BIOSCIENCES,8679.0,714354.0,5606.0,777669.0,-3073.0,63315.0
92346J108,Not New,VERICEL,28.0,9385.0,1526.0,544996.0,1498.0,535611.0
74876Y101,Sold Out,QUINTILES IMS HOLDINGS INC,414.0,5103.0,,,,
09058V103,New Holding,BIOCRYST PHARMACEUTICALS,,,8420.0,1330240.0,,
462684101,New Holding,IRIDEX,,,308.0,21885.0,,
464287473,New Holding,ISHARES RUSSELL MID-CAP VALUE ETF,,,0.0,2.0,,
503459604,Not New,LA JOLLA PHARMACEUTICAL,23127.0,1319274.0,31482.0,1323324.0,8355.0,4050.0
N59465109,Sold Out,MYLAN NV,3610.0,94711.0,,,,
37890U108,Not New,GLOBAL BLOOD THERAPEUTICS,45213.0,3128978.0,53802.0,2334168.0,8589.0,-794810.0
64052L106,Not New,NEOS THERAPEUTICS,6.0,1056.0,2175.0,330593.0,2169.0,329537.0
590328100,Not New,MERRIMACK PHARMACEUTICALS,200.0,48910.0,311.0,48910.0,111.0,0.0
670704105,Sold Out,NUVASIVE INC,173.0,2589.0,,,,
228903100,Not New,CRYOLIFE,2.0,123.0,2.0,123.0,0.0,0.0
98986X109,Not New,ZYNERBA PHARMACEUTICALS,13128.0,842128.0,11339.0,868897.0,-1789.0,26769.0
004446100,Sold Out,ACETO CORP,115.0,6054.0,,,,
101137107,New Holding,BOSTON SCIENTIFIC,,,0.0,3.0,,
377322102,Not New,GLAUKOS,10.0,300.0,200.0,5300.0,190.0,5000.0
14070B101,Not New,CAPRICOR THERAPEUTICS,11.0,4000.0,13.0,4000.0,2.0,0.0
00847G705,Not New,AGENUS,297.0,72187.0,6462.0,900000.0,6165.0,827813.0
01438T106,Not New,ALDEYRA THERAPEUTICS,10381.0,1940458.0,15174.0,1940458.0,4793.0,0.0
71742Q106,Sold Out,PHIBRO ANIMAL HEALTH CLASS A,660.0,24300.0,,,,
85858C107,Not New,STEMLINE THERAPEUTICS,115.0,10702.0,116.0,10702.0,1.0,0.0
717081103,New Holding,PFIZER,,,1786.0,55000.0,,
14149Y108,Sold Out,CARDINAL HEALTH INC,497.0,6398.0,,,,
40412C101,Sold Out,HCA HOLDINGS INC,469.0,6202.0,,,,
G5785G107,Sold Out,MALLINCKRODT PLC,314.0,4500.0,,,,
03073E105,Sold Out,AMERISOURCEBERGEN CORP,525.0,6500.0,,,,
552768103,Not New,MGC DIAGNOSTICS,2602.0,329733.0,2275.0,329733.0,-327.0,0.0
23306J101,Not New,DBV TECHNOLOGIES ADR REPRESENTING 0.5,21452.0,610643.0,20464.0,563268.0,-988.0,-47375.0
559079207,Not New,MAGELLAN HEALTH,565.0,7508.0,471.0,8772.0,-94.0,1264.0
053734109,Not New,AVINGER,4.0,1062.0,5.0,1062.0,1.0,0.0
232577205,Not New,CYNOSURE CLASS A,82.0,1800.0,92.0,1800.0,10.0,0.0
30063P105,New Holding,EXACT SCIENCES CORP PUT 17 01/20/2017,,,670.0,200000.0,,
N3167Y103,Not New,FERRARI,360.0,6200.0,322.0,6200.0,-38.0,0.0
46185L103,New Holding,INVITAE,,,3970.0,500000.0,,
23284F105,New Holding,CYTOMX THERAPEUTICS,,,10152.0,923763.0,,
00289y115,Not New,ABEONA THERAPEUTICS CW-19,3778.0,1259636.0,4093.0,1259636.0,315.0,0.0
G4783X105,Not New,INNOCOLL,7.0,9433.0,3221.0,547792.0,3214.0,538359.0
N01045108,Not New,AFFIMED,1322.0,734301.0,2041.0,734301.0,719.0,0.0
090572207,Not New,BIO RAD LABORATORIES CLASS A,4451.0,24416.0,1638.0,10000.0,-2813.0,-14416.0
92532F100,Not New,VERTEX PHARMACEUTICALS,6299.0,85509.0,9331.0,107000.0,3032.0,21491.0
94946T106,Not New,WELLCARE HEALTHCARE PLANS,693.0,5056.0,592.0,5056.0,-101.0,0.0
74373B109,Sold Out,PROTEOSTASIS THERAPEUTICS INC,5372.0,344550.0,,,,
23918K108,New Holding,DAVITA,,,0.0,3.0,,
00182C103,Not New,ANI PHARMACEUTICALS,16192.0,267100.0,767.0,11561.0,-15425.0,-255539.0
185063104,Not New,CLEARSIDE BIOMEDICAL,6365.0,712062.0,11013.0,634801.0,4648.0,-77261.0
871639308,Not New,SYNERGY PHARMACEUTICALS,2986.0,490300.0,491.0,89127.0,-2495.0,-401173.0
92529L102,Not New,VERSARTIS,61889.0,4153685.0,49351.0,4028685.0,-12538.0,-125000.0
03674U201,Sold Out,ANTHERA PHARMACEUTICALS INC,4598.0,1459627.0,,,,
338488109,Sold Out,FLAMEL TECHNOLOGIES -SP ADR,16910.0,1363711.0,,,,
91307C102,Not New,UNITED THERAPEUTICS,682.0,4753.0,561.0,4753.0,-121.0,0.0
91324P102,Not New,UNITEDHEALTH GROUP,516.0,3223.0,452.0,3231.0,-64.0,8.0
452907108,Sold Out,IMMUNOMEDICS INC,17.0,5343.0,,,,
00773J103,Not New,AEGLEA BIOTHERAPEUTICS,451.0,103585.0,664.0,103585.0,213.0,0.0
268158201,Not New,DYNAVAX TECHNOLOGIES CALL 4 01/2017,5.0,15600.0,3120.0,6000.0,3115.0,-9600.0
268158201,Not New,DYNAVAX TECHNOLOGIES CALL 4 01/2017,5.0,15600.0,1780.0,4000.0,1775.0,-11600.0
268158201,Not New,DYNAVAX TECHNOLOGIES CALL 4 01/2017,5.0,15600.0,2280.0,6000.0,2275.0,-9600.0
60468T105,New Holding,MIRATI THERAPEUTICS,,,2.0,521.0,,
00846U101,Sold Out,AGILENT TECHNOLOGIES INC,496.0,10540.0,,,,
116794108,New Holding,BRUKER,,,0.0,3.0,,
75901B107,Not New,REGENXBIO,23786.0,1282286.0,17964.0,1282286.0,-5822.0,0.0
03820J100,Not New,APPLIED GENETIC TECHNOLOGIES,470.0,50251.0,4167.0,426048.0,3697.0,375797.0
91822J103,Not New,VBI VACCINES,20253.0,6533435.0,10490.0,3058433.0,-9763.0,-3475002.0
00430K402,Not New,ACASTI PHARMA CLASS A,233.0,186559.0,414.0,236559.0,181.0,50000.0
G637AM102,New Holding,MYOVANT SCIENCES,,,2815.0,226322.0,,
07725L102,Sold Out,BEIGENE LTD,4069.0,132057.0,,,,
227483104,New Holding,CROSS COUNTRY HEALTHCARE,,,544.0,34819.0,,
00771V108,Not New,AERIE PHARMACEUTICALS,1893.0,50000.0,15352.0,406771.0,13459.0,356771.0
000899104,Not New,ADMA BIOLOGICS,3692.0,721102.0,5327.0,734793.0,1635.0,13691.0
45780L104,Not New,INOGEN,8.0,125.0,7.0,125.0,-1.0,0.0
461203101,Sold Out,INVACARE CORP,147.0,13200.0,,,,
78467X109,New Holding,SPDR DOW JONES INDUSTRIAL AVERAGE ETF,,,1.0,3.0,,
N31738102,Not New,FIAT CHRYSLER AUTOMOBILES,565.0,62000.0,397.0,62000.0,-168.0,0.0
235851102,New Holding,DANAHER,,,0.0,3.0,,
64077P108,Not New,NEPTUNE TECHNOLOGIES AND BIORESOURCES,6004.0,6519634.0,7155.0,6750444.0,1151.0,230810.0
M74231107,Not New,NEURODERM,1284.0,57825.0,4883.0,264114.0,3599.0,206289.0
020409108,Sold Out,ALMOST FAMILY INC,439.0,11942.0,,,,
88033G407,Not New,TENGION INC,1.0,1826399.0,367.0,16200.0,366.0,-1810199.0
09062X103,Not New,BIOGEN INC,545.0,1922.0,601.0,1921.0,56.0,-1.0
58436Q120,New Holding,AEVI GENOMIC MEDICINE WARRANT,,,106.0,150000.0,,
37246C406,New Holding,GENVEC,,,180.0,56131.0,,
N90064101,Not New,UNIQURE,7089.0,1265963.0,10043.0,1312836.0,2954.0,46873.0
451731103,Not New,IGNYTA,35.0,6584.0,2137.0,339727.0,2102.0,333143.0
252131107,Sold Out,DEXCOM INC,15678.0,178849.0,,,,
019774108,Not New,ALLON THERAPEUTICS,0.0,751124.0,0.0,751124.0,0.0,0.0
04280A100,Not New,ARROWHEAD PHARMACEUTICALS,1313.0,847458.0,6228.0,847458.0,4915.0,0.0
713661403,New Holding,PEREGRINE PHARMACEUTICALS INC 10.5,,,3982.0,200000.0,,
881569107,Not New,TESARO,92521.0,687993.0,68405.0,682415.0,-24116.0,-5578.0
03232P405,Sold Out,AMSURG CORP,444.0,6618.0,,,,
10501E102,Sold Out,BRAINSTORM CELL THERAPEUTICS,964.0,400000.0,,,,
71426VAK4,Not New,PERNIX THERAPEUTICS HOLD 01APR21 4.25PCT,246.0,1000000.0,292.0,1000000.0,46.0,0.0
63009R109,Sold Out,NANOSTRING TECHNOLOGIES INC,210.0,10518.0,,,,
10501E201,New Holding,BRAINSTORM CELL THERAPEUTICS,,,1016.0,400000.0,,
03835L108,Not New,APTEVO THERAPEUTICS,2411.0,988133.0,2530.0,988133.0,119.0,0.0
00835P105,New Holding,AEVI GENOMIC MEDICINE,,,1520.0,293460.0,,
249827502,Sold Out,DERMA SCIENCES INC,14.0,2970.0,,,,
189464100,Not New,CLOVIS ONCOLOGY,7452.0,167754.0,6183.0,171500.0,-1269.0,3746.0
45337C102,Not New,INCYTE,563.0,5619.0,530.0,5619.0,-33.0,0.0
148806102,New Holding,CATALENT,,,0.0,3.0,,
750469207,Not New,RADIUS HEALTH,10035.0,263872.0,16957.0,313502.0,6922.0,49630.0
19243A104,Sold Out,COGENTIX MEDICAL INC,180.0,99008.0,,,,
92857F107,Sold Out,VOCERA COMMUNICATIONS INC,1593.0,94236.0,,,,
41043F208,Sold Out,HANGER INC,128.0,15038.0,,,,
00461U105,Not New,ACLARIS THERAPEUTICS,34219.0,1260847.0,11012.0,430000.0,-23207.0,-830847.0
62857M105,Not New,MYOKARDIA,8089.0,624694.0,10374.0,634894.0,2285.0,10200.0
09627Y109,Not New,BLUEPRINT MEDICINES,7680.0,273820.0,13662.0,460024.0,5982.0,186204.0
516544103,Not New,LANTHEUS HOLDINGS,462.0,53763.0,445.0,53763.0,-17.0,0.0
03152W109,Not New,AMICUS THERAPEUTICS,85964.0,17296672.0,104463.0,14116644.0,18499.0,-3180028.0
14740B101,Sold Out,CASCADIAN THERAPEUTICS INC,5599.0,3414121.0,,,,
019621200,Not New,ALLIQUA BIOMEDICAL,1133.0,1921951.0,1537.0,1921951.0,404.0,0.0
74371L109,Not New,PROTEON THERAPEUTICS,635.0,334116.0,2510.0,269005.0,1875.0,-65111.0
811292101,Not New,SCYNEXIS,546.0,171185.0,662.0,171185.0,116.0,0.0
88034G208,Sold Out,TENGION INC,1.0,1826399.0,,,,
516012101,Sold Out,LANNETT COMPANY INC,709.0,26670.0,,,,
53619R102,Not New,LION BIOTECHNOLOGIES INC,24794.0,3567553.0,29360.0,3567553.0,4566.0,0.0
603380106,Not New,MINERVA NEUROSCIENCES INC,9523.0,810537.0,11440.0,810537.0,1917.0,0.0
494580103,Sold Out,KINDRED HEATHCARE INC,432.0,42301.0,,,,
21833P103,Not New,CORBUS PHARMACEUTICALS HOLDINGS INC CALL 15 01/20/2017,0.0,1600.0,18339.0,2701023.0,18339.0,2699423.0
21833P103,Not New,CORBUS PHARMACEUTICALS HOLDINGS INC,9571.0,1132684.0,18339.0,2701023.0,8768.0,1568339.0
M46135105,Not New,FOAMIX PHARMACEUTICALS,14685.0,1322994.0,12717.0,1373284.0,-1968.0,50290.0
19716T101,Not New,COLUCID PHARMACEUTICALS,23346.0,641364.0,21060.0,552030.0,-2286.0,-89334.0
87918A105,Sold Out,TELADOC INC,275.0,15000.0,,,,
04033A100,New Holding,ARIAD PHARMACEUTICALS,,,19.0,1551.0,,
913903100,Sold Out,UNIVERSAL HEALTH SERVICES CLASS B,492.0,3989.0,,,,
683745103,Not New,OPHTHOTECH CORP CALL 55 01/20/2017,0.0,20000.0,2350.0,500000.0,2350.0,480000.0
683745103,Not New,OPHTHOTECH CORP CALL 55 01/20/2017,0.0,20000.0,390.0,100000.0,390.0,80000.0
683745103,Not New,OPHTHOTECH CORP CALL 70 01/20/2017,0.0,400.0,2350.0,500000.0,2350.0,499600.0
683745103,Not New,OPHTHOTECH CORP CALL 70 01/20/2017,0.0,400.0,390.0,100000.0,390.0,99600.0
683745103,Not New,OPHTHOTECH CORP CALL 75 01/20/2017,5.0,200000.0,2350.0,500000.0,2345.0,300000.0
683745103,Not New,OPHTHOTECH CORP CALL 75 01/20/2017,5.0,200000.0,390.0,100000.0,385.0,-100000.0
683745103,Not New,OPHTHOTECH CORP PUT 20 01/20/2017,24.0,1600.0,2350.0,500000.0,2326.0,498400.0
683745103,Not New,OPHTHOTECH CORP PUT 20 01/20/2017,24.0,1600.0,390.0,100000.0,366.0,98400.0
00289Y107,Not New,ABEONA THERAPEUTICS,4085.0,842173.0,8016.0,1336050.0,3931.0,493877.0
30050B101,Not New,EVOLENT HEALTH CLASS A,4555.0,307800.0,10544.0,428284.0,5989.0,120484.0
64157F103,Sold Out,NEVRO CORP,1226.0,11746.0,,,,
19459J104,New Holding,COLLEGIUM PHARMACEUTICAL,,,3063.0,196728.0,,
10211F100,Sold Out,BOVIE MEDICAL CORP,253.0,48544.0,,,,
151020104,New Holding,CELGENE,,,3010.0,26000.0,,
71723F103,Not New,PHASERX,310.0,200000.0,514.0,200000.0,204.0,0.0
G50871105,New Holding,JAZZ PHARMACEUTICALS,,,5670.0,52000.0,,
98978L204,Not New,ZOGENIX,9149.0,752999.0,212.0,18541.0,-8937.0,-734458.0
34986J105,Not New,FORWARD PHARMA ADR REPRESENTING 1,5918.0,394241.0,8494.0,404472.0,2576.0,10231.0
00484M106,New Holding,ACORDA THERAPEUTICS,,,13536.0,720000.0,,
023111206,Sold Out,AMARIN CORP PLC-ADR,5175.0,1622280.0,,,,
00444T100,Not New,ACELRX PHARMACEUTICALS,14063.0,5408728.0,21040.0,5408728.0,6977.0,0.0
05366U100,Not New,AVEXIS,22602.0,473531.0,7830.0,190000.0,-14772.0,-283531.0
33832D106,New Holding,FIVE STAR QUALITY CARE,,,183.0,67797.0,,
918194101,Sold Out,VCA INC,556.0,7940.0,,,,
09061G101,Not New,BIOMARIN PHARMACEUTICAL,21.0,250.0,23.0,250.0,2.0,0.0
249908104,Sold Out,DEPOMED INC,13370.0,535000.0,,,,
68235M113,Not New,ONCOBIOLOGICS INC WTS,124.0,656382.0,313.0,656382.0,189.0,0.0
45256B101,New Holding,IMPAX LABORATORIES,,,0.0,1.0,,
012423109,Sold Out,ALBANY MOLECULAR RESEARCH,170.0,10300.0,,,,
05502L105,New Holding,AZURRX BIOPHARMA,,,1077.0,227272.0,,
05337M104,New Holding,AVADEL PHARMACEUTICALS,,,14424.0,1388240.0,,
05070R104,Not New,AUDENTES THERAPEUTICS,137.0,7500.0,134.0,7500.0,-3.0,0.0
002824100,Not New,ABBOTT LABORATORIES,1921.0,50000.0,1946.0,46019.0,25.0,-3981.0
955306105,New Holding,WEST PHARMACEUTICAL SERVICES,,,12.0,138.0,,
45329R109,Not New,INC RESEARCH HOLDINGS CLASS A,665.0,12636.0,563.0,12636.0,-102.0,0.0
65481J109,Not New,NIVALIS THERAPEUTICS,274.0,122275.0,994.0,122275.0,720.0,0.0
744375205,Not New,PSYCHEMEDICS,164.0,6626.0,250.0,12626.0,86.0,6000.0
15130J109,Not New,CEMPRA,62.0,22321.0,4247.0,175503.0,4185.0,153182.0
74440J101,Not New,PSIVIDA,3898.0,2279706.0,7683.0,2552431.0,3785.0,272725.0
Y95308105,Not New,WAVE LIFE SCIENCES,18088.0,665198.0,22191.0,683448.0,4103.0,18250.0
89237H100,New Holding,TRACON PHARMACEUTICALS,,,490.0,100000.0,,
883556102,New Holding,THERMO FISHER SCIENTIFIC,,,0.0,2.0,,
00182CAA1,Not New,ANI PHARMACEUTICALS INC 01DEC19 3.0PCT,8700.0,7500000.0,9279.0,7500000.0,579.0,0.0
24983L104,Not New,DERMIRA,9875.0,325583.0,11215.0,331610.0,1340.0,6027.0
28249U105,Not New,EIGER BIOPHARMACEUTICALS,1836.0,157679.0,1739.0,129920.0,-97.0,-27759.0
450056106,New Holding,IRHYTHM TECHNOLOGIES,,,10567.0,352241.0,,
444859102,Not New,HUMANA,454.0,2227.0,526.0,400.0,72.0,-1827.0
444859102,Not New,HUMANA INC CALL 210 04/21/2017,528.0,40000.0,526.0,400.0,-2.0,-39600.0
30161Q104,New Holding,EXELIXIS,,,691.0,46361.0,,
001744101,Not New,AMN HEALTHCARE,484.0,12585.0,428.0,13445.0,-56.0,860.0
45252L103,Not New,IMMUNE DESIGN,428.0,77725.0,589.0,77725.0,161.0,0.0
98978V103,New Holding,ZOETIS CLASS A,,,0.0,3.0,,
58471A105,Sold Out,MEDIDATA SOLUTIONS INC,160.0,2865.0,,,,
431475102,Not New,HILL ROM HOLDINGS,445.0,7930.0,593.0,9563.0,148.0,1633.0
06740Q252,New Holding,BARCLAYS BANK IPATH SandP 500 VIX SHORT TERM FUTURES ETN EXP,,,1046.0,41000.0,,
46120E602,Sold Out,INTUITIVE SURGICAL INC,145.0,200.0,,,,
00448Q201,Sold Out,ACHILLION PHARMACEUTICALS,7527.0,929290.0,,,,
478160104,New Holding,JOHNSON and JOHNSON,,,0.0,2.0,,
053588109,Not New,AVEO PHARMACEUTICALS,1678.0,3108808.0,2766.0,3108808.0,1088.0,0.0
98401F105,Not New,XENCOR,46982.0,1785018.0,36643.0,1496229.0,-10339.0,-288789.0
00438V103,Not New,ACCRETIVE HEALTH,709.0,315000.0,305.0,125000.0,-404.0,-190000.0
36315X101,New Holding,GALAPAGOS ADR REPRESENTING,,,20631.0,304531.0,,
33938A105,Not New,FLEX PHARMA,1.0,237.0,3.0,237.0,2.0,0.0
00163U106,Not New,AMAG PHARMACEUTICALS,679.0,19524.0,479.0,19524.0,-200.0,0.0
00434H108,Not New,ACCELERON PHARMA,15822.0,619987.0,21348.0,589890.0,5526.0,-30097.0
00847L100,Not New,AGILE THERAPEUTICS,3770.0,661446.0,7120.0,1020011.0,3350.0,358565.0
04963C209,Not New,ATRICURE,1847.0,94400.0,126.0,7949.0,-1721.0,-86451.0
232996751,Sold Out,"CYTOMX THERAPEUTICS, INC",11634.0,742021.0,,,,
253827109,Sold Out,DIGIRAD CORP,127.0,24988.0,,,,
868459108,Not New,SUPERNUS PHARMACEUTICALS,11.0,421.0,6048.0,244550.0,6037.0,244129.0
036642106,Not New,ANTARES PHARMA,6797.0,2917253.0,912.0,0.0,-5885.0,-2917253.0
