CUSIP,status,NAME OF ISSUER,(x$1000)_old,PRN AMT_old,(x$1000),PRN AMT,(x$1000)_change,PRN AMT_change
902973304,New Holding,US BANCORP DEL COMNEW,,,12801.0,300.0,,
043632108,Sold Out,ASCENT CAP GROUP INC,722.0,26357.0,,,,
03835t200,New Holding,APTOSE BIOSCIENCES INCCOM NPV,,,1012.0,400.0,,
30303m102,New Holding,FACEBOOK INC COM USD0.000006CL,,,31398.0,300.0,,
404609109,Not New,HACKETT GROUP INC COM,9324926.0,580269.0,7883.0,573316.0,-9317043.0,-6953.0
69007j106,New Holding,OUTFRONT MEDIA INC COM ISIN#US,,,94851.0,4345.0,,
125141101,Not New,CECO ENVIRONMENTAL CORP,4431262.0,576987.0,4033.0,492441.0,-4427229.0,-84546.0
893529107,Not New,TRANSCAT INC,1276296.0,128400.0,1189.0,122000.0,-1275107.0,-6400.0
335834107,Not New,FIRST NORTHWEST BANCORPCOM ISI,3691027.0,260850.0,3229.0,260850.0,-3687798.0,0.0
23331s100,Not New,DHI GROUP INC COM,4811744.0,524727.0,3541.0,484447.0,-4808203.0,-40280.0
40624q203,Not New,HALLMARK FINL SVCS INCCOM NEW,1788313.0,152978.0,1652.0,143819.0,-1786661.0,-9159.0
536797103,Not New,LITHIA MOTORS INC CL A,9924426.0,93039.0,9314.0,86153.0,-9915112.0,-6886.0
25065k104,Not New,DESTINATION XL GROUP INCCOM IS,10202816.0,1848336.0,10031.0,1726441.0,-10192785.0,-121895.0
55608b105,Not New,MACQUARIE INFRASTRUCTURECORP C,3889276.0,53571.0,3280.0,43927.0,-3885996.0,-9644.0
67074c103,Not New,NUVEEN BUILD AMER BD FDCOM,9345727.0,465193.0,7601.0,386796.0,-9338126.0,-78397.0
036752103,Not New,ANTHEM INC COM ISIN#US03675210,4198929.0,30113.0,3680.0,26284.0,-4195249.0,-3829.0
09257r101,Not New,BLACKSTONE GSO STRATEGICCR FD,6180196.0,462244.0,5501.0,387142.0,-6174695.0,-75102.0
670671106,Not New,NUVEEN INTER DURATIONMUN TERM,5648945.0,439265.0,3352.0,270325.0,-5645593.0,-168940.0
21870u205,Sold Out,CORENERGY INFRASTRUCTURE TR,9668.0,2187232.0,,,,
37253a103,Not New,GENTHERM INC COM,6785231.0,143148.0,5916.0,131709.0,-6779315.0,-11439.0
41753f109,Not New,HARVEST CAPITAL CREDIT CORPORA,3139400.0,267639.0,2692.0,226000.0,-3136708.0,-41639.0
63910b102,Not New,NAUTILUS INC,13812788.0,826124.0,11981.0,798751.0,-13800807.0,-27373.0
18914e106,Not New,CLOUGH GLOBAL OPPORTUNITIESFD,4584376.0,439116.0,4980.0,465395.0,-4579396.0,26279.0
70806a106,Not New,PENNANTPARK FLOATING RATECAP L,7397573.0,657562.0,6218.0,520792.0,-7391355.0,-136770.0
464287655,New Holding,ISHARES RUSSELL 2000ETF,,,272540.0,2420.0,,
83413u100,Not New,SOLAR CAPITAL LTD,4606755.0,280387.0,3701.0,233938.0,-4603054.0,-46449.0
78462f103,New Holding,SPDR S&P 500 ETF TRUSTUNIT SER,,,505598.0,2480.0,,
131193104,Not New,CALLAWAY GOLF CO DELAWARE,11740249.0,1246311.0,9956.0,1192362.0,-11730293.0,-53949.0
253798102,Not New,DIGI INTL INC COM ISIN#US25379,10946084.0,961870.0,8202.0,695654.0,-10937882.0,-266216.0
g0176j109,New Holding,ALLEGION PLC COM USD0.01 ISIN#,,,53725.0,815.0,,
902673102,Not New,UFP TECH INC,4169310.0,175034.0,3679.0,161000.0,-4165631.0,-14034.0
128246105,Not New,CALAVO GROWERS INC,3329610.0,67951.0,2785.0,62384.0,-3326825.0,-5567.0
790849103,New Holding,ST JUDE MEDICAL INC,,,4324.0,70.0,,
g39300101,New Holding,GLOBAL SOURCES LTD ORD ISIN#BM,,,1560.0,200.0,,
71361f100,Not New,PERCEPTRON INC,1394036.0,178952.0,1685.0,222000.0,-1392351.0,43048.0
74273y100,Not New,PRISM TECHNOLOGIES GROUP INC,369241.0,362001.0,914.0,326273.0,-368327.0,-35728.0
439038100,Not New,HOOKER FURNITURE CORPCOM ISIN#,966440.0,38290.0,1678.0,71290.0,-964762.0,33000.0
464287846,New Holding,ISHARES DOW JONES US ETF,,,2549.0,25.0,,
09257a108,Not New,BLACKROCK RES &COMM STRATTR SH,2084349.0,293157.0,5524.0,777964.0,-2078825.0,484807.0
913017109,Not New,UNITED TECHNOLOGIES CORP,2373710.0,24708.0,1970.0,22132.0,-2371740.0,-2576.0
09256u105,Not New,BLACKSTONE/GSO SR FLTNGRT TRM,7386221.0,497389.0,6182.0,389794.0,-7380039.0,-107595.0
248019101,New Holding,DELUXE CORP,,,4092682.0,75040.0,,
02153w100,Not New,ALTISOURCE RESIDENTIALCORP COM,38709.0,3119.0,2991.0,214885.0,-35718.0,211766.0
05964h105,New Holding,BANCO SANTANDER SA ADREACH 1 R,,,974.0,200.0,,
011659109,New Holding,ALASKA AIR GROUP INC,,,137672.0,1710.0,,
520776105,Not New,LAWSON PRODS INC,1267905.0,54300.0,1061.0,49000.0,-1266844.0,-5300.0
780910105,Not New,ROYCE VALUE TR INC COM ISIN#US,3369497.0,286278.0,1866.0,162258.0,-3367631.0,-124020.0
157085101,New Holding,CERUS CORP,,,7584.0,1200.0,,
969203108,New Holding,WILLBROS GROUP INC DELCOM ISIN,,,1883.0,700.0,,
78355w304,Not New,GUGGENHEIM S&P 500 PUREVALUE E,7893797.0,160443.0,9057.0,189517.0,-7884740.0,29074.0
497498105,Not New,KIRKLANDS INC COM,403274.0,27812.0,2538.0,117850.0,-400736.0,90038.0
399473107,New Holding,GROUPON INC COM USD0.0001,,,614.0,200.0,,
02005n100,New Holding,ALLY FINANCIAL INC COMUSD0.01,,,128336.0,6885.0,,
337738108,Not New,FISERV INC,5959350.0,65158.0,5037.0,58152.0,-5954313.0,-7006.0
464287200,Sold Out,ISHARES TR,341.0,1771.0,,,,
665531109,New Holding,NORTHERN OIL & GAS INCNEV,,,386.0,100.0,,
89969q104,New Holding,TUMI HLDGS INC COM ISIN#US8996,,,3326.0,200.0,,
984121103,New Holding,XEROX CORP,,,3189.0,300.0,,
311900104,New Holding,FASTENAL CO,,,13879.0,340.0,,
31572q808,Not New,FIBROGEN INC COM,1216484.0,39924.0,875.0,39924.0,-1215609.0,0.0
30231g102,Not New,EXXON MOBIL CORPORATION,3860381.0,49524.0,3228.0,43421.0,-3857153.0,-6103.0
16934q208,Not New,CHIMERA INVT CORP COMNEW ISIN#,5808377.0,425834.0,4750.0,355272.0,-5803627.0,-70562.0
09257p105,Not New,BLACKROCK MUN TARGET TERMTR CO,4177272.0,193661.0,3065.0,150374.0,-4174207.0,-43287.0
556269108,Not New,MADDEN STEVEN LTD,4367452.0,144522.0,4836.0,132066.0,-4362616.0,-12456.0
868607102,Not New,SUPREME INDS INC CL A ISIN#US8,3650783.0,532961.0,3751.0,450284.0,-3647032.0,-82677.0
92343v104,Not New,VERIZON COMMUNICATIONS,2445442.0,52909.0,1988.0,45697.0,-2443454.0,-7212.0
14149f109,New Holding,CARDINAL FINL GROUP,,,2275.0,100.0,,
126650100,Not New,CVS HEALTH CORP COM,5451262.0,55756.0,4748.0,49209.0,-5446514.0,-6547.0
87074u101,New Holding,SWIFT TRANSPORTATION COCOM USD,,,1382.0,100.0,,
824543102,Not New,SHILOH INDUSTRIES INC,678040.0,126500.0,2159.0,266500.0,-675881.0,140000.0
g1151c101,Not New,ACCENTURE PLC CLS A USD0.00002,3876862.0,37099.0,3227.0,32845.0,-3873635.0,-4254.0
94106l109,Not New,WASTE MANAGEMENT INC,4421642.0,82849.0,3634.0,72955.0,-4418008.0,-9894.0
097023105,Not New,BOEING CO,4642527.0,32108.0,3726.0,28456.0,-4638801.0,-3652.0
23335Q100,Not New,DLH HOLDINGS CORPORATION,624170.0,148612.0,267.0,94074.0,-623903.0,-54538.0
233326107,Not New,D S T SYSTEMS INC,3515295.0,30820.0,2940.0,27965.0,-3512355.0,-2855.0
12646r105,New Holding,CST BRANDS INC COM ISIN#US1264,,,97459.0,2490.0,,
570535104,New Holding,MARKEL CORP HLDG CO,,,128086.0,145.0,,
731068102,New Holding,POLARIS INDS INC,,,41262.0,480.0,,
78081t104,Not New,ROYCE GLOBAL VALUE TRINC COM I,1102638.0,148005.0,1047.0,149411.0,-1101591.0,1406.0
75970E107,Sold Out,RENASANT CORP,206.0,6271.0,,,,
092533108,Not New,BLACKROCK CAPITAL INVESTMENTC,8182251.0,870452.0,6348.0,716452.0,-8175903.0,-154000.0
007903107,New Holding,ADVANCED MICRO DEVICESINC COM,,,2870.0,1000.0,,
69318g106,New Holding,PBF ENERGY INC COM USD0.001,,,122025.0,3315.0,,
147322101,Not New,CASCADE MICROTECH INC,4895556.0,301265.0,4540.0,321051.0,-4891016.0,19786.0
099502106,New Holding,BOOZ ALLEN HAMILTON HLDGCORP C,,,74040.0,2400.0,,
494274103,Not New,KIMBALL INTERNATIONAL INC,2882150.0,295000.0,2469.0,261000.0,-2879681.0,-34000.0
416906105,Sold Out,HARVARD BIOSCIENCE INC,1363.0,360651.0,,,,
038923108,Not New,ARBOR RLTY TR INC,9782128.0,1368130.0,7606.0,1195852.0,-9774522.0,-172278.0
785135104,New Holding,S&W SEED CO COM,,,844.0,200.0,,
450911201,Not New,ITT CORPORATION COM USD1.00,1701090.0,46836.0,1355.0,40539.0,-1699735.0,-6297.0
02209s103,New Holding,ALTRIA GROUP INC,,,111763.0,1920.0,,
05573h108,Not New,BSB BANCORP INC MD COM ISIN#US,3585383.0,153287.0,3052.0,144389.0,-3582331.0,-8898.0
794093104,Not New,SALEM COMMUNICATIONS CORP.,1814836.0,364425.0,2315.0,378226.0,-1812521.0,13801.0
25659t107,New Holding,DOLBY LABORATORIES INCCOM ISIN,,,84293.0,2505.0,,
36191c205,Not New,G S I GROUP INC NEW F,4214004.0,309398.0,3646.0,286403.0,-4210358.0,-22995.0
828359109,Not New,SILVERCREST ASSET MGMTGROUP I,4206682.0,353800.0,3608.0,333800.0,-4203074.0,-20000.0
87162h103,Not New,SYNTEL INC,4221942.0,93303.0,3852.0,85018.0,-4218090.0,-8285.0
607494101,Not New,MOCON INC,3205428.0,218950.0,2956.0,218950.0,-3202472.0,0.0
61022p100,Not New,MONOTYPE IMAGING HLDGSINC,7930250.0,335459.0,6742.0,309001.0,-7923508.0,-26458.0
01374t102,Not New,ALCENTRA CAP CORP COM,3252002.0,280345.0,2948.0,254345.0,-3249054.0,-26000.0
032359309,New Holding,AMTRUST FINL SVCS INCCOM,,,2463.0,40.0,,
896047503,New Holding,TRIBUNE MEDIA CO CL A,,,93316.0,2760.0,,
228903100,New Holding,CRYOLIFE INC COM ISIN#US228903,,,2156.0,200.0,,
67103b100,New Holding,OFS CAP CORP COM USD0.01,,,139023.0,12110.0,,
718172109,New Holding,PHILIP MORRIS INTL INCCOM,,,168787.0,1920.0,,
52603b107,Not New,LENDINGTREE INC NEW COM ISIN#U,2940437.0,32935.0,2817.0,30284.0,-2937620.0,-2651.0
26746e103,New Holding,DYAX CORP *EXCHANGEDFOR CUSIP2,,,15048.0,400.0,,
03076c106,Not New,AMERIPRISE FINL INC COM,4028414.0,37854.0,3703.0,33936.0,-4024711.0,-3918.0
09257w100,Not New,BLACKSTONE MORTGAGE TRU-CLA,5371238.0,200719.0,5270.0,192056.0,-5365968.0,-8663.0
230215105,Not New,CULP INC,1642815.0,64500.0,1980.0,61725.0,-1640835.0,-2775.0
553829102,Not New,MVC CAPITAL INC COM ISIN#US553,1294583.0,175656.0,5849.0,712474.0,-1288734.0,536818.0
25153q658,New Holding,DEUTSCHE BANK AG LONDONETN 14/,,,21326.0,1375.0,,
24802N208,Not New,DEMAND MEDIA INC,1988800.0,361600.0,1466.0,351600.0,-1987334.0,-10000.0
09228f103,New Holding,BLACKBERRY LTD NPV ISIN#CA0922,,,928.0,100.0,,
56117j100,Not New,MALIBU BOATS INC COM CLA,9431821.0,576165.0,7737.0,553425.0,-9424084.0,-22740.0
18914c100,Not New,CLOUGH GLOBAL EQUITY FDCOM ISI,5060255.0,403851.0,4516.0,356700.0,-5055739.0,-47151.0
363576109,New Holding,GALLAGHER ARTHUR J & CO,,,8543.0,209.0,,
319390100,Not New,FIRST BUSINESS FINL SVCSWIS CO,9156742.0,366123.0,8555.0,363749.0,-9148187.0,-2374.0
464287408,Not New,ISHARES S&P 500 VALUEETF,4988996.0,56354.0,2068.0,24610.0,-4986928.0,-31744.0
57164y107,New Holding,MARRIOTT VACATIONS WRLDWDECP C,,,1196.0,21.0,,
440452100,Not New,HORMEL FOODS CORP COM ISIN#US4,5837742.0,73821.0,4167.0,65823.0,-5833575.0,-7998.0
464287457,Not New,ISHARES 1-3 YEAR TREASURYBOND,130336.0,1545.0,218.0,2560.0,-130118.0,1015.0
461212102,Not New,INVENTURE FOODS INC,5171048.0,728317.0,6177.0,695595.0,-5164871.0,-32722.0
46428q109,New Holding,ISHARES SILVER TR ISHARES,,,8969.0,680.0,,
559079207,Not New,MAGELLAN HEALTH INC,5108228.0,82845.0,4310.0,77754.0,-5103918.0,-5091.0
609207105,New Holding,MONDELEZ INTL INC COM,,,59548.0,1328.0,,
632347100,Not New,NATHANS FAMOUS INC,1634452.0,31700.0,1205.0,31700.0,-1633247.0,0.0
92932q102,New Holding,WSI INDUSTRIES INC,,,4350.0,1000.0,,
67091u102,Not New,OHA INVESTMENT CORPORATION,1056400.0,278000.0,911.0,215334.0,-1055489.0,-62666.0
82968b103,New Holding,SIRIUS XM HLDGS INC COM ISIN#U,,,1221.0,300.0,,
300614500,Not New,EXA CORP COM ISIN#US3006145003,1650361.0,142150.0,1706.0,165150.0,-1648655.0,23000.0
760759100,Not New,REPUBLIC SERVICES INCCOM,3756119.0,85386.0,3107.0,75406.0,-3753012.0,-9980.0
88368q103,Not New,THESTREET INC,2797032.0,1864688.0,3031.0,1814850.0,-2794001.0,-49838.0
060505104,New Holding,BANK OF AMERICA CORP,,,6833.0,406.0,,
922908736,Not New,VANGUARD INDEX FDS VANGUARDGRO,357151.0,3357.0,361.0,3597.0,-356790.0,240.0
670735109,Not New,NUVEEN MTG OPPORTUNITYTERM FD,7984025.0,351564.0,6450.0,287930.0,-7977575.0,-63634.0
19249b106,New Holding,COHEN &STEERS MLP INC&ENRGY CO,,,1630503.0,155880.0,,
63886q109,Not New,NATURAL GAS SERVICE GP,7655038.0,343275.0,6238.0,323234.0,-7648800.0,-20041.0
464288570,New Holding,ISHARES TR MSCI KLD400SOC,,,167698.0,2215.0,,
500754106,New Holding,KRAFT HEINZ CO,,,32160.0,442.0,,
72147k108,New Holding,PILGRIMS PRIDE CORP NEWCOM,,,8836.0,400.0,,
143436400,Not New,CARMIKE CINEMAS INC,8933119.0,389412.0,7207.0,358759.0,-8925912.0,-30653.0
84863t106,Not New,SPOK HLDGS INC COM ISIN#US8486,14072534.0,768151.0,11709.0,711352.0,-14060825.0,-56799.0
32022k102,Not New,FIRST FINANCIAL NORTHWEST INC,1407377.0,100815.0,1149.0,95033.0,-1406228.0,-5782.0
21870U502,New Holding,CORENERGY INFRASTRUCTURETR IN,,,6609615.0,445392.0,,
29250n105,New Holding,ENBRIDGE INC COM ISIN#CA29250N,,,4978.0,150.0,,
50077b207,New Holding,KRATOS DEFENSE &SEC SOLUTIONSC,,,820.0,200.0,,
580135101,New Holding,MCDONALDS CORP,,,20579.0,174.0,,
00547w208,New Holding,ADAMIS PHARMACEUTICALSCORP COM,,,2160.0,400.0,,
n6596x109,New Holding,NXP SEMICONDUCTORS N V,,,2949.0,35.0,,
66987v109,Not New,NOVARTIS A G SPONSOREDADR ISIN,2769557.0,32189.0,2585.0,28126.0,-2766972.0,-4063.0
811054402,Not New,SCRIPPS E W CO OHIO CLA NEW,10592338.0,557491.0,9090.0,514420.0,-10583248.0,-43071.0
g5960l103,New Holding,MEDTRONIC PLC USD0.0001 ISIN#I,,,110787.0,1440.0,,
910304104,Not New,UNITED FINL BANCORP INCNEW COM,5531985.0,429502.0,7297.0,559194.0,-5524688.0,129692.0
037833100,New Holding,APPLE INC,,,14736.0,140.0,,
04010l103,New Holding,ARES CAPITAL CORP COMSTK USD0.,,,39900.0,2800.0,,
278865100,Not New,ECOLAB INC,743470.0,6500.0,713.0,6500.0,-742757.0,0.0
353469109,Not New,FRANKLIN COVEY CO COM ISIN#US3,13617505.0,813471.0,12123.0,754827.0,-13605382.0,-58644.0
64190a103,Not New,NEUBERGER BERMAN RE ESSEC FD C,7386023.0,1474256.0,4454.0,966124.0,-7381569.0,-508132.0
74731q103,Not New,PZENA INVT MGMT INC CLA,12414029.0,1443492.0,12282.0,1379980.0,-12401747.0,-63512.0
53222Q103,Not New,LIFETIME BRANDS INC,4972.0,375.0,1117.0,79875.0,-3855.0,79500.0
464288869,New Holding,ISHARES RUSSELL MICROCAP INDEX,,,14420.0,200.0,,
309627107,Not New,FARMERS NATIONAL BANC CORP,1350200.0,157000.0,1291.0,157000.0,-1348909.0,0.0
36249w104,New Holding,GABELLI GLB SML &MD CPVAL TR C,,,52728.0,5070.0,,
74051n102,New Holding,PREMIER INC CL A ISIN#US74051N,,,70893.0,2010.0,,
539439109,New Holding,LLOYDS BANKING GROUP PLCSPONSO,,,1308.0,300.0,,
136635109,New Holding,CANADIAN SOLAR INC COMSTK NPV,,,1014.0,35.0,,
87901j105,New Holding,TEGNA INC COM,,,81409.0,3190.0,,
701354102,New Holding,PARKERVISION INC COM ISIN#US70,,,465.0,2000.0,,
921937603,Sold Out,VANGUARD TOTAL BOND MRKT INDEX,91.0,8398.0,,,,
00191g103,Not New,ARC DOCUMENT SOLUTIONSINC COM,3229119.0,730570.0,5419.0,910722.0,-3223700.0,180152.0
05156v102,New Holding,AURINIA PHARMACEUTICALSINC COM,,,741.0,300.0,,
448407106,Not New,HUTCHINSON TECH INC,10770.0,3000.0,20.0,12500.0,-10750.0,9500.0
g48833100,New Holding,WEATHERFORD INTL PLC ORDSHS IS,,,1678.0,200.0,,
254687106,New Holding,DISNEY WALT CO,,,3257.0,31.0,,
g84720104,New Holding,STERIS PLC GBP0.1,,,57258.0,760.0,,
g3075p101,Not New,ENSTAR GROUP LIMITED SHS ISIN#,5354777.0,35689.0,4935.0,32897.0,-5349842.0,-2792.0
31931U102,Not New,FIRST BANK,1566008.0,236915.0,1471.0,236915.0,-1564537.0,0.0
829214105,Not New,SIMULATIONS PLUS INC COM ISIN#,5405836.0,545493.0,5253.0,556485.0,-5400583.0,10992.0
16444h102,Not New,CHEROKEE INC DEL NEW COM ISIN#,4935311.0,286105.0,4440.0,286105.0,-4930871.0,0.0
75936p105,Not New,REIS INC COM ISIN#US75936P1057,6371861.0,268515.0,5697.0,251515.0,-6366164.0,-17000.0
648691103,Not New,NEW SR INVT GROUP INCCOM ISIN#,3084943.0,312875.0,2797.0,267370.0,-3082146.0,-45505.0
756764106,Not New,RED LION HOTELS,2327320.0,332000.0,1785.0,210000.0,-2325535.0,-122000.0
466032109,Not New,J & J SNACK FOODS CORP,6073294.0,52055.0,5424.0,47719.0,-6067870.0,-4336.0
46116v105,Not New,INTL FCSTONE INC COM ISIN#US46,12796141.0,382431.0,9176.0,371646.0,-12786965.0,-10785.0
05453N100,Not New,AWARE INC,2564003.0,786504.0,2213.0,660600.0,-2561790.0,-125904.0
46284v101,New Holding,IRON MTN INC NEW COM ISIN#US46,,,14423.0,534.0,,
680033107,New Holding,OLD NATL BANCORP IND,,,32246.0,2378.0,,
73935a104,New Holding,POWERSHARES QQQ TR UNITSER 1,,,24070.0,215.0,,
98416j118,New Holding,XERIUM TECHNOLOGIES INCCOM USD,,,3555.0,300.0,,
766582100,Not New,RIGNET INC COM,2509876.0,121309.0,2886.0,113174.0,-2506990.0,-8135.0
n6748l102,New Holding,ORTHOFIX INTL N.V. COMSTK USD0,,,3254.0,83.0,,
758075402,Not New,REDWOOD TRUST INC,3776206.0,286076.0,3294.0,238021.0,-3772912.0,-48055.0
50213v109,Not New,LRAD CORP COM ISIN#US50213V109,620681.0,311900.0,983.0,588900.0,-619698.0,277000.0
156700106,Not New,CENTURYLINK INC,2602984.0,103457.0,2182.0,86875.0,-2600802.0,-16582.0
440327104,Not New,HORACE MANN EDUCATORSCORP NEW,9288336.0,279938.0,8565.0,257835.0,-9279771.0,-22103.0
836144105,New Holding,SOURCE CAP INC COM ISIN#US8361,,,32381.0,489.0,,
140501107,New Holding,CAPITAL SOUTHWEST CORP,,,11064997.0,797190.0,,
56501r106,New Holding,MANULIFE FINANCIAL CORPCOM NPV,,,3940.0,263.0,,
903293405,Not New,USG CORP COM NEW,2494498.0,102696.0,2591.0,97351.0,-2491907.0,-5345.0
461804106,Sold Out,INVESTORS TITLE CO,1037.0,14498.0,,,,
708160106,New Holding,PENNEY J C CO INC,,,7992.0,1200.0,,
90337l108,Not New,U S PHYSICAL THERAPYINC,6959725.0,129652.0,5410.0,120519.0,-6954315.0,-9133.0
29363j108,Not New,ENTEGRA FINL CORP COM ISIN#US2,3795426.0,196066.0,3026.0,174500.0,-3792400.0,-21566.0
516012101,New Holding,LANNETT INC,,,1204.0,30.0,,
65105m603,Not New,NEWCASTLE INVT CORP ISIN#US651,8983173.0,2201758.0,7749.0,1765062.0,-8975424.0,-436696.0
954235107,Not New,WEST MARINE INC COM ISIN#US954,2471439.0,291100.0,2468.0,281100.0,-2468971.0,-10000.0
557437100,Not New,MADISON CVRED CALL &EQSTR FD C,8349948.0,1131429.0,6694.0,945545.0,-8343254.0,-185884.0
717098206,Not New,PFSWEB INC,2045043.0,158900.0,1792.0,126000.0,-2043251.0,-32900.0
863667101,New Holding,STRYKER CORP,,,132439.0,1425.0,,
960908309,New Holding,WESTPORT INNOVATIONS INCCOM NE,,,1407.0,700.0,,
78355w205,New Holding,GUGGENHEIM RUSSELL TOP50 MEGA,,,14458.0,100.0,,
68389x105,New Holding,ORACLE CORP COM ISIN#US68389X1,,,13516.0,370.0,,
594918104,Not New,MICROSOFT CORP,5745788.0,103565.0,4066.0,91865.0,-5741722.0,-11700.0
961765104,Not New,WESTWOOD HLDGS GROUP INCCOM IS,8057662.0,154687.0,7806.0,143627.0,-8049856.0,-11060.0
464287309,Not New,ISHARES S&P 500 GROWTHETF,13008627.0,112337.0,11351.0,105296.0,-12997276.0,-7041.0
12547r105,Sold Out,CIFC CORP,940.0,131402.0,,,,
71377G100,Not New,PERFORMANCE SPORTS GROUP LTD,1877937.0,195009.0,2483.0,185000.0,-1875454.0,-10009.0
45675y104,Not New,INFORMATION SERVICES GROUP,1922582.0,531100.0,1525.0,390000.0,-1921057.0,-141100.0
04638f108,New Holding,ASTRO MED INC NEW,,,745620.0,51600.0,,
78469c103,Not New,SP PLUS CORP COM,5848993.0,244728.0,5208.0,224983.0,-5843785.0,-19745.0
984017103,New Holding,XENIA HOTELS &RESORTSINC COM I,,,40517.0,2643.0,,
868358102,Not New,SUPERIOR UNIFORM GROUP,2127594.0,125300.0,2324.0,129600.0,-2125270.0,4300.0
46625h100,Not New,JPMORGAN CHASE & CO,5699952.0,86324.0,4694.0,76991.0,-5695258.0,-9333.0
29273r109,New Holding,ENERGY TRANSFER PARTNERSLP UT,,,70833.0,2100.0,,
45336e109,Not New,INCONTACT INC COM ISIN#US45336,2643343.0,277080.0,2081.0,277080.0,-2641262.0,0.0
91324p102,New Holding,UNITEDHEALTH GROUP,,,2353.0,20.0,,
861780104,Not New,STONECASTLE FINL CORPCOM,8515895.0,522448.0,7395.0,439682.0,-8508500.0,-82766.0
12811v105,New Holding,CALAMOS DYNAMIC CONV &INCOMECO,,,4192225.0,232256.0,,
59064r109,Not New,MESA LABORATORIES INCCOM NPV I,1961145.0,19710.0,2196.0,19710.0,-1958949.0,0.0
m87245102,Sold Out,SYNERON MEDICAL LTD,3455.0,483211.0,,,,
571903202,New Holding,MARRIOTT INTL INCCL A,,,14099.0,210.0,,
779287101,Not New,ROUSE PPTYS INC COM,4804629.0,329988.0,4739.0,304188.0,-4799890.0,-25800.0
68403p203,New Holding,ORAMED PHARMACEUTICALSINC,,,6840.0,800.0,,
00847J105,Not New,AGILYSYS INC,1588410.0,159000.0,1768.0,159000.0,-1586642.0,0.0
336312202,Sold Out,FIRST SEC GROUP INC,1403.0,563500.0,,,,
767754104,New Holding,RITE AID CORP COM ISIN#US76775,,,3136.0,400.0,,
392709101,Not New,GREEN BRICK PARTNERS INC,1879200.0,261000.0,1852.0,171000.0,-1877348.0,-90000.0
744375205,Not New,PSYCHEMEDICS CORP COMNEW ISIN#,1962090.0,193500.0,1945.0,193500.0,-1960145.0,0.0
680665205,New Holding,OLIN CORP NEW,,,1726.0,100.0,,
689648103,Not New,OTTER TAIL CORP FORMERLYOTTER,2672206.0,100346.0,2157.0,82788.0,-2670049.0,-17558.0
19243a104,Not New,"COGENTIX MEDICAL, INC",230698.0,181652.0,308.0,248752.0,-230390.0,67100.0
746853100,Not New,PUTNAM PREMIER INCOMETR SH BEN,7351954.0,1485243.0,6274.0,1282990.0,-7345680.0,-202253.0
g491bt108,Not New,INVESCO LTD SHS ISIN#BMG491BT1,3919856.0,117081.0,3241.0,103766.0,-3916615.0,-13315.0
87612e106,Not New,TARGET CORP COM ISIN#US87612E1,4442370.0,61181.0,4179.0,53130.0,-4438191.0,-8051.0
26441c204,New Holding,DUKE ENERGY CORP NEW COMNEW IS,,,2213.0,31.0,,
09250u101,New Holding,BLACKROCK ENERGY & RESTR COM,,,5325.0,425.0,,
88579y101,Not New,3M COMPANY,2154905.0,14305.0,2039.0,14385.0,-2152866.0,80.0
18383m605,Not New,GUGGENHEIM SPINOFFETF,2775056.0,72192.0,2837.0,74413.0,-2772219.0,2221.0
093671105,Not New,BLOCK H & R INC,3514019.0,105494.0,3357.0,92732.0,-3510662.0,-12762.0
244199105,Not New,DEERE & COMPANY,2573849.0,33747.0,2212.0,29892.0,-2571637.0,-3855.0
361570104,Not New,GDL FUND COM SH BEN IT ISIN#US,6313781.0,630747.0,5331.0,543977.0,-6308450.0,-86770.0
477143101,New Holding,JETBLUE AWYS CORP,,,4530.0,200.0,,
021060207,Not New,ALPINE TOTAL DYNAMIC DIVIDFD C,2130572.0,277418.0,1992.0,265562.0,-2128580.0,-11856.0
89785x101,Not New,TRUEBLUE INC,8870512.0,344352.0,7144.0,317934.0,-8863368.0,-26418.0
278274105,Not New,EATON VANCE ENHANCED EQT,4497434.0,335129.0,3455.0,290570.0,-4493979.0,-44559.0
67075a106,Not New,NUVEEN PFD & INCOME TERMFD COM,5518956.0,242485.0,5790.0,264277.0,-5513166.0,21792.0
87874r100,Not New,TECHTARGET INC COM ISIN#US8787,8084633.0,1006804.0,8006.0,939650.0,-8076627.0,-67154.0
011311107,Not New,ALAMO GROUP INC,6409091.0,123015.0,5285.0,113050.0,-6403806.0,-9965.0
780915104,Not New,ROYCE MICRO-CAP TR INCCOM ISIN,4882749.0,672555.0,3950.0,510350.0,-4878799.0,-162205.0
345370860,Not New,FORD MTR CO DEL COM,3270946.0,232147.0,2849.0,209965.0,-3268097.0,-22182.0
33832d106,Not New,FIVE STAR QUALITY CAREINC COM,774031.0,243406.0,2993.0,968583.0,-771038.0,725177.0
001282102,Not New,A H BELO CORP COM CL A,4997625.0,999525.0,4650.0,943200.0,-4992975.0,-56325.0
12685j105,New Holding,CABLE ONE INC COM,,,65049.0,150.0,,
339382103,Not New,FLEXSTEEL INDUSTRIES INC,4272206.0,96700.0,3181.0,101799.0,-4269025.0,5099.0
464287226,New Holding,ISHARES CORE U.S. AGGREGATEBON,,,323490.0,2995.0,,
478160104,Not New,JOHNSON & JOHNSON,4472529.0,43541.0,3594.0,38504.0,-4468935.0,-5037.0
51476k103,Not New,LANDAUER INC COM ISIN#US51476K,8666519.0,263260.0,3672.0,99260.0,-8662847.0,-164000.0
08180d106,New Holding,BENEFITFOCUS INC COM USD0.001,,,3639.0,100.0,,
191216100,Not New,COCA COLA CO,2405760.0,56000.0,2247.0,56000.0,-2403513.0,0.0
62886e108,Not New,NCR CORP,1970086.0,80543.0,1611.0,70829.0,-1968475.0,-9714.0
73936q843,New Holding,POWERSHARES EXCHANGE TRADEDFD,,,158236.0,7415.0,,
048269203,New Holding,ATLANTIC CAPITAL BANCSHARES IN,,,1422006.0,94927.0,,
172908105,Not New,CINTAS CORP,3864236.0,42441.0,3237.0,37746.0,-3860999.0,-4695.0
023586100,Not New,AMERCO COM,9906301.0,25433.0,8923.0,22677.0,-9897378.0,-2756.0
25960r105,Not New,DOUGLAS DYNAMICS INC COMUSD0.0,10594204.0,502810.0,9220.0,464269.0,-10584984.0,-38541.0
719405102,Not New,PHOTRONICS INC COM ISIN#US7194,5124826.0,411633.0,4266.0,470883.0,-5120560.0,59250.0
19248a109,Not New,COHEN &STEERS INFRASTRUCTURECO,4717848.0,247267.0,3593.0,188426.0,-4714255.0,-58841.0
742718109,Not New,PROCTER & GAMBLE CO,4178420.0,52618.0,3381.0,46998.0,-4175039.0,-5620.0
27828g107,Not New,EATON VANCE TAX ADVT DIVINCM C,8109067.0,419290.0,6872.0,373861.0,-8102195.0,-45429.0
87538X105,Not New,TANDY LEATHER FACTORY INC,1440181.0,196210.0,1419.0,196210.0,-1438762.0,0.0
253827109,Not New,DIGIRAD CORP,6345325.0,1095911.0,4491.0,1200788.0,-6340834.0,104877.0
91913y100,New Holding,VALERO ENERGY CORP,,,2263.0,32.0,,
33739m100,Not New,FST TR NEW OPPORT MLP&ENE FD C,820627.0,76196.0,2314.0,186347.0,-818313.0,110151.0
