CUSIP,status,NAME OF ISSUER,(x$1000)_old,PRN AMT_old,(x$1000),PRN AMT,(x$1000)_change,PRN AMT_change
043632108,Not New,ASCENT CAPITAL GROUP INC SERIE,7051.0,106814.0,8128.0,107587.0,1077.0,773.0
45336E109,Not New,INCONTACT INC,2749.0,299120.0,2872.0,299120.0,123.0,0.0
404609109,Not New,HACKETT GROUP INC COM,5888.0,986281.0,5895.0,985747.0,7.0,-534.0
94973v107,Not New,WELLPOINT INC,2996.0,27837.0,2769.0,27814.0,-227.0,-23.0
237917208,Not New,DATAWATCH CORP NEW,3157.0,211040.0,5723.0,211040.0,2566.0,0.0
44244k109,Not New,HOUSTONWIRE & CABLE CO COM,1260.0,101500.0,1333.0,101500.0,73.0,0.0
893529107,Not New,TRANSCAT INC,626.0,61000.0,242.0,25829.0,-384.0,-35171.0
40624q203,Not New,HALLMARK FINL SVCS INCCOM NEW,1662.0,154575.0,2149.0,258575.0,487.0,104000.0
670671106,Not New,NUVEEN INTER DURATIONMUN TERM,2926.0,232381.0,2771.0,231716.0,-155.0,-665.0
536797103,Not New,LITHIA MOTORS INC CL A,8718.0,92674.0,8984.0,135175.0,266.0,42501.0
25065k104,Not New,DESTINATION XL GROUP INCCOM,10100.0,1832946.0,10377.0,1839956.0,277.0,7010.0
55608b105,Not New,MACQUARIE INFRASTRUCTURECO LLC,5222.0,83719.0,4712.0,82285.0,-510.0,-1434.0
67074c103,Not New,NUVEEN BUILD AMER BD FDCOM,7094.0,346043.0,6687.0,340808.0,-407.0,-5235.0
21870u205,Not New,CORENERGY INFRASTRUCTURETR INC,5211.0,703289.0,4767.0,706153.0,-444.0,2864.0
46063g101,Not New,INTERNET PATENTS CORPCOM,882.0,284500.0,966.0,292634.0,84.0,8134.0
092524107,Sold Out,BLACKROCK INTL GRWTH & INC T,6690.0,830050.0,,,,
37253a103,Not New,GENTHERM INC COM,8694.0,195595.0,6865.0,197720.0,-1829.0,2125.0
63910b102,Not New,NAUTILUS INC,13044.0,1176180.0,12735.0,1322435.0,-309.0,146255.0
18914e106,Not New,CLOUGH GLOBAL OPPTY FD,5403.0,415581.0,4829.0,378886.0,-574.0,-36695.0
83413u100,Not New,SOLAR CAPITAL LTD,4070.0,191278.0,3613.0,165906.0,-457.0,-25372.0
131193104,Not New,CALLAWAY GOLF CO DELAWARE,8682.0,1043451.0,10677.0,1044708.0,1995.0,1257.0
902673102,Not New,UFP TECH INC,2399.0,99600.0,2752.0,112971.0,353.0,13371.0
g6648d109,Not New,HOME LOAN SERVICING SOLUTIONSL,10682.0,469933.0,10053.0,465419.0,-629.0,-4514.0
097698104,Not New,BOLT TECHNOLOGY CORP,2087.0,113750.0,2906.0,147000.0,819.0,33250.0
128246105,Not New,CALAVO GROWERS INC,3742.0,110619.0,4006.0,112585.0,264.0,1966.0
439038100,Not New,HOOKER FURNITURE CRP,3827.0,237115.0,3713.0,237115.0,-114.0,0.0
09257a108,Not New,BLACKROCK RES & COMMDITIESSTRG,9461.0,762348.0,8641.0,751365.0,-820.0,-10983.0
913017109,Not New,UNITED TECHNOLOGIES CORP,2481.0,21492.0,2518.0,21548.0,37.0,56.0
128125101,Not New,CALAMOS STRATEGIC TOTALRETURN,5622.0,468112.0,5201.0,467730.0,-421.0,-382.0
02153w100,Not New,ALTISOURCE RESIDENTIALCORP COM,3426.0,131622.0,4122.0,130607.0,696.0,-1015.0
780910105,Not New,ROYCE VALUE TRUST INC,2278.0,142363.0,2122.0,134917.0,-156.0,-7446.0
87160G107,Sold Out,SYNERGETICS USA INC,1491.0,488980.0,,,,
497498105,Not New,KIRKLANDS INC COM,3451.0,186050.0,2867.0,155050.0,-584.0,-31000.0
337738108,Not New,FISERV INC,3970.0,65818.0,3716.0,65552.0,-254.0,-266.0
872417308,Not New,T G C INDUSTRIES INC NEW,6336.0,1162554.0,6919.0,1162829.0,583.0,275.0
894675107,Not New,TREE COM INC COM,4386.0,150500.0,4672.0,150500.0,286.0,0.0
30231g102,Not New,EXXON MOBIL CORPORATION,3141.0,31195.0,3043.0,31150.0,-98.0,-45.0
556269108,Not New,MADDEN STEVEN LTD,4756.0,138655.0,5015.0,139381.0,259.0,726.0
09257p105,Not New,BLACKROCK MUN TARGET TERMTR CO,648.0,31905.0,609.0,31905.0,-39.0,0.0
068798107,Sold Out,BARRY R G CORP OHIO,2926.0,155000.0,,,,
868607102,Not New,SUPREME INDUSTRIES INC.,1819.0,279900.0,780.0,101200.0,-1039.0,-178700.0
92343v104,Not New,VERIZON COMMUNICATIONS,2185.0,44646.0,2114.0,44448.0,-71.0,-198.0
126650100,Not New,C V S CAREMARK CORP,4410.0,58517.0,4379.0,58493.0,-31.0,-24.0
824543102,Not New,SHILOH INDUSTRIES INC,2400.0,130000.0,2074.0,116900.0,-326.0,-13100.0
g1151c101,Not New,ACCENTURE PLC CL A F,2567.0,31756.0,2516.0,31566.0,-51.0,-190.0
94106l109,Not New,WASTE MANAGEMENT INC DEL,3164.0,70730.0,2964.0,70450.0,-200.0,-280.0
097023105,Not New,BOEING CO,4080.0,32065.0,4012.0,31973.0,-68.0,-92.0
276317104,Sold Out,EASTERN CO,487.0,30000.0,,,,
233326107,Not New,D S T SYSTEMS INC,3725.0,40409.0,3822.0,40319.0,97.0,-90.0
50213V109,New Holding,LRAD CORP,,,324.0,157200.0,,
78081t104,Sold Out,ROYCE GLOBAL VALUE TR INC,156.0,17396.0,,,,
092533108,New Holding,BLACKROCK KELSO CAPCORPORATION,,,1753.0,192443.0,,
147322101,Not New,CASCADE MICROTECH INC,4071.0,298380.0,2845.0,281715.0,-1226.0,-16665.0
416906105,Not New,HARVARD BIOSCIENCE INC,2082.0,457551.0,2169.0,457551.0,87.0,0.0
038923108,Not New,ARBOR RLTY TR INC,3386.0,487123.0,3422.0,494438.0,36.0,7315.0
450911201,Not New,ITT CORPORATION COM USD1.00,1782.0,37038.0,1570.0,36705.0,-212.0,-333.0
05573h108,Not New,BSB BANCORP INC MD COM,2818.0,164230.0,2823.0,164230.0,5.0,0.0
36191c205,Not New,G S I GROUP INC NEW F,4748.0,372972.0,4868.0,372756.0,120.0,-216.0
794093104,Not New,SALEM COMMUNICATIONS CORP.,4210.0,445000.0,4446.0,445000.0,236.0,0.0
828359109,Not New,SILVERCREST ASSET MANAGEMENT G,2237.0,130000.0,1862.0,101801.0,-375.0,-28199.0
87162h103,Not New,SYNTEL INC,3936.0,45785.0,4163.0,46305.0,227.0,520.0
607494101,Not New,MOCON INC,3689.0,233350.0,3892.0,233350.0,203.0,0.0
61022p100,Not New,MONOTYPE IMAGING HLDGSINC,6932.0,246078.0,5711.0,189492.0,-1221.0,-56586.0
41690a106,Not New,HARVARD APPARATUS REGENERATIVE,2478.0,237162.0,2151.0,237162.0,-327.0,0.0
03076c106,Not New,AMERIPRISE FINANCIAL INC,4156.0,34633.0,3842.0,34902.0,-314.0,269.0
09257w100,Not New,BLACKSTONE MTG TR INCCOM CL A,3368.0,116144.0,3297.0,114677.0,-71.0,-1467.0
863111100,Not New,STRATTEC SECURITY CORP,1201.0,18620.0,1345.0,18620.0,144.0,0.0
553829102,New Holding,MVC CAP INC,,,7841.0,605459.0,,
18914c100,Not New,CLOUGH GLBL EQUITY,5042.0,325702.0,4960.0,321685.0,-82.0,-4017.0
00508b102,Sold Out,ACTUATE CORP,3989.0,662659.0,,,,
319390100,Not New,FIRST BUSINESS FINL SVCSWIS CO,3885.0,82597.0,4208.0,89196.0,323.0,6599.0
632347100,Not New,NATHANS FAMOUS INC,1857.0,34261.0,1445.0,29500.0,-412.0,-4761.0
440452100,Not New,HORMEL FOODS CORP COM,4085.0,82771.0,4065.0,82512.0,-20.0,-259.0
461212102,Not New,INVENTURE FOODS INC,4414.0,391700.0,5476.0,391700.0,1062.0,0.0
464287457,Not New,ISHARES 1-3 YEAR TREASURYBOND,363.0,4295.0,591.0,6995.0,228.0,2700.0
559079207,Not New,MAGELLAN HEALTH INC,5140.0,82582.0,5180.0,87280.0,40.0,4698.0
922908736,Not New,VANGUARD INDEX FDS VANGUARDGRO,356.0,3597.0,378.0,4047.0,22.0,450.0
760759100,Not New,REPUBLIC SERVICES INCCOM,2739.0,72139.0,2452.0,71778.0,-287.0,-361.0
88368q103,Not New,THESTREET INC,3385.0,1404500.0,1861.0,710185.0,-1524.0,-694315.0
90341g103,Not New,USA MOBILITY INC,8957.0,581652.0,10646.0,585921.0,1689.0,4269.0
670735109,New Holding,NUVEEN MTG OPPORTUNITYTERM FD,,,2989.0,121492.0,,
63886q109,Not New,NATURAL GAS SERVICE GP,12116.0,366496.0,11083.0,367729.0,-1033.0,1233.0
237934104,Not New,DATALINK CORP,4814.0,481438.0,6721.0,482509.0,1907.0,1071.0
143436400,Not New,CARMIKE CINEMAS INC,10348.0,294554.0,10416.0,348841.0,68.0,54287.0
04013v108,Not New,ARES COMMERCIAL REAL ESTATECOM,4164.0,335552.0,4495.0,335220.0,331.0,-332.0
18913y103,Not New,CLOUGH GLOBAL ALLOCATIONFD,202.0,13000.0,197.0,13000.0,-5.0,0.0
l0175j104,Not New,ALTISOURCE PORT SOLU F,6619.0,57764.0,7048.0,57934.0,429.0,170.0
66987v109,Not New,NOVARTIS A G SPON ADR F SPONSO,2657.0,29347.0,2470.0,29050.0,-187.0,-297.0
46629U107,Not New,JMP GROUP INC,2147.0,283581.0,1853.0,260600.0,-294.0,-22981.0
811054402,Not New,SCRIPPS E W CO OHIO CLA NEW,6481.0,306293.0,5438.0,306888.0,-1043.0,595.0
910304104,New Holding,UNITED FINL BANCORP INCNEW COM,,,7996.0,590086.0,,
253017107,Not New,DICE HLDGS INC COM,3289.0,432188.0,3031.0,406257.0,-258.0,-25931.0
00101j106,Not New,ADT CORP COM,1299.0,37181.0,1109.0,37020.0,-190.0,-161.0
278865100,Not New,ECOLAB INC,891.0,8000.0,864.0,8000.0,-27.0,0.0
353469109,Not New,FRANKLIN COVEY CO,13381.0,664730.0,13504.0,683050.0,123.0,18320.0
64190a103,Not New,NEUBERGER BERMAN REALESTATE SE,4724.0,944843.0,4377.0,927253.0,-347.0,-17590.0
74731q103,Not New,PZENA INVESTMENT MGMT,15017.0,1345650.0,15987.0,1358248.0,970.0,12598.0
53222Q103,New Holding,LIFETIME BRANDS INC,,,1098.0,69875.0,,
42726x102,Not New,HERITAGE FINANCIAL GROUP,1192.0,60100.0,1179.0,60000.0,-13.0,-100.0
309627107,Not New,FARMERS NATIONAL BANC CORP,1280.0,164369.0,1262.0,164369.0,-18.0,0.0
917277204,New Holding,UROPLASTY INC COMNEW,,,844.0,315000.0,,
172406100,Not New,CINEDIGM CORPORATION,1220.0,490000.0,1075.0,420000.0,-145.0,-70000.0
285218103,Not New,ELECTRO RENT CORP,3397.0,203071.0,3392.0,192841.0,-5.0,-10230.0
448407106,Sold Out,HUTCHINSON TECHNOLOGY INC,31.0,11000.0,,,,
g3075p101,Not New,ENSTAR GROUP LIMITED COMSTK US,5807.0,38523.0,5252.0,38527.0,-555.0,4.0
829214105,Not New,SIMULATIONS PLUS INC,3953.0,703424.0,4685.0,703424.0,732.0,0.0
16444h102,Not New,CHEROKEE INC NEW,4384.0,288605.0,3870.0,277805.0,-514.0,-10800.0
75936p105,Not New,REIS INC,5638.0,267474.0,4468.0,247515.0,-1170.0,-19959.0
466032109,Not New,J & J SNACK FOOD CORP,7210.0,76600.0,7383.0,76935.0,173.0,335.0
46116v105,Not New,INTL FCSTONE INC COM,10730.0,538649.0,10189.0,541689.0,-541.0,3040.0
05453N100,Not New,AWARE INC,1748.0,266434.0,1262.0,218000.0,-486.0,-48434.0
766582100,Not New,RIGNET INC COM,4502.0,83655.0,5612.0,104260.0,1110.0,20605.0
758075402,Not New,REDWOOD TRUST INC REIT,4111.0,211121.0,4276.0,210856.0,165.0,-265.0
36242h104,Sold Out,GABELLI DIVD & INCOME TR,3800.0,172977.0,,,,
156700106,Not New,CENTURYLINK INC,6540.0,180650.0,5971.0,181836.0,-569.0,1186.0
481130102,Not New,JOURNAL COMMUNICATIONSINC CLA,10787.0,1216133.0,8879.0,1002155.0,-1908.0,-213978.0
81618t100,Not New,SELECT INCOME REIT COMUSD0.01,5419.0,182841.0,5520.0,182364.0,101.0,-477.0
440327104,Not New,HORACE MANN EDUCATORSCORP NEW,8495.0,271662.0,6474.0,223255.0,-2021.0,-48407.0
25264R207,Not New,DIAMOND HILL INVESTMENT GROUP,1282.0,10039.0,1569.0,11935.0,287.0,1896.0
461804106,Not New,INVESTORS TITLE COMPANY,1786.0,26500.0,1108.0,14600.0,-678.0,-11900.0
903293405,New Holding,USG CORP COM NEW,,,2836.0,94120.0,,
63245q105,Not New,NATIONAL AMERICAN UNIVERSITY H,791.0,256709.0,1000.0,257149.0,209.0,440.0
90337l108,Not New,U S PHYSICAL THERAPYINC,8135.0,237922.0,7911.0,228845.0,-224.0,-9077.0
58047p107,Not New,MCG CAPITAL CORP,3203.0,817076.0,1427.0,376519.0,-1776.0,-440557.0
954235107,Not New,WEST MARINE INC,1749.0,170500.0,1939.0,170500.0,190.0,0.0
557437100,Not New,MADISON COVERED CALL &EQUITY S,8230.0,936246.0,8311.0,1004972.0,81.0,68726.0
961765104,Not New,WESTWOOD HOLDINGS GROUP,6168.0,102734.0,6487.0,103479.0,319.0,745.0
594918104,Not New,MICROSOFT CORP,3677.0,88189.0,3612.0,88129.0,-65.0,-60.0
62458m207,Not New,MOVE INC COM NEW,4504.0,304559.0,3371.0,291642.0,-1133.0,-12917.0
910710102,Not New,UNITED INSURANCE HOLDINGS CORP,1087.0,63000.0,2586.0,177000.0,1499.0,114000.0
464287309,Not New,ISHARES S&P 500 GROWTHETF,15775.0,149963.0,15229.0,152530.0,-546.0,2567.0
45244c104,Not New,IMAGE SENSING SYSTEMSINC,752.0,228000.0,597.0,113775.0,-155.0,-114225.0
12547r105,Not New,CIFC CORP,1532.0,170000.0,1384.0,170000.0,-148.0,0.0
19248p106,Not New,COHEN & STEERS CLOSD END,4084.0,302096.0,3807.0,296292.0,-277.0,-5804.0
78469c103,Not New,SP PLUS CORP COM,4066.0,190102.0,4331.0,164882.0,265.0,-25220.0
868358102,New Holding,SUPERIOR UNIFORM GROUP,,,300.0,18501.0,,
46625h100,Not New,JPMORGAN CHASE & CO,3876.0,67277.0,4082.0,67233.0,206.0,-44.0
87874R100,Not New,TECHTARGET INC NEW,8545.0,968875.0,4153.0,576006.0,-4392.0,-392869.0
59064r109,Not New,MESA LABS INC,2087.0,24856.0,2243.0,24856.0,156.0,0.0
m87245102,Not New,SYNERON MEDICAL LTD F,5834.0,565290.0,7375.0,592357.0,1541.0,27067.0
779287101,Not New,ROUSE PPTYS INC COM,7518.0,439402.0,7611.0,441487.0,93.0,2085.0
171871106,Not New,CINCINNATI BELL INC NEW,3820.0,971887.0,3365.0,972667.0,-455.0,780.0
00847J105,Not New,AGILYSYS INC,3562.0,253000.0,3126.0,233300.0,-436.0,-19700.0
595072109,Not New,MICROFINANCIAL INC,2580.0,333790.0,2627.0,333790.0,47.0,0.0
744375205,Not New,PSYCHEMEDICS CORP COMNEW,2740.0,193500.0,2811.0,164106.0,71.0,-29394.0
222660102,Not New,COURIER CORP,3842.0,257475.0,3360.0,218205.0,-482.0,-39270.0
689648103,Not New,OTTER TAIL CORP FORMERLYOTTER,2955.0,97542.0,2990.0,97116.0,35.0,-426.0
746853100,Not New,PUTNAM PREMIER INC TRSH BEN IN,4960.0,893745.0,4916.0,888941.0,-44.0,-4804.0
g491bt108,Not New,INVESCO LTD F,3799.0,100633.0,3710.0,100269.0,-89.0,-364.0
40416e103,Not New,HCI GROUP INC,3183.0,78400.0,2854.0,78400.0,-329.0,0.0
87612e106,Not New,TARGET CORPORATION,3392.0,58541.0,2271.0,37535.0,-1121.0,-21006.0
88579y101,Not New,3M COMPANY,1807.0,12614.0,1721.0,12689.0,-86.0,75.0
18383m605,New Holding,GUGGENHEIM SPINOFFETF,,,3499.0,75598.0,,
093671105,Not New,BLOCK H & R INC,3019.0,90075.0,2668.0,88390.0,-351.0,-1685.0
244199105,Not New,DEERE & COMPANY,2719.0,30029.0,2736.0,30132.0,17.0,103.0
585055106,Not New,MEDTRONIC INC,1145.0,17964.0,1118.0,18164.0,-27.0,200.0
361570104,Not New,GDL FUND,7151.0,658472.0,7131.0,646483.0,-20.0,-11989.0
774188106,Sold Out,ROCKVILLE FINL INC NEW,8075.0,594217.0,,,,
89785x101,Not New,TRUEBLUE INC,7323.0,265604.0,7820.0,267255.0,497.0,1651.0
98974P100,Not New,ZIX CORPORATION,2053.0,600217.0,2485.0,600217.0,432.0,0.0
054540109,Not New,AXCELIS TECHNOLOGIES INC,998.0,499000.0,1073.0,499000.0,75.0,0.0
278274105,Not New,EATON VANCE ENHANCED EQT,5057.0,367773.0,4998.0,382412.0,-59.0,14639.0
67075a106,Not New,NUVEEN PFD & INCOME TERMFD COM,4768.0,203081.0,4606.0,202021.0,-162.0,-1060.0
011311107,Not New,ALAMO GROUP INC,3709.0,68562.0,3753.0,69071.0,44.0,509.0
780915104,Not New,ROYCE MICRO CAP TRUSTINC FRMLY,1143.0,90591.0,1109.0,90592.0,-34.0,1.0
345370860,Not New,FORD MTR CO DEL COM,3481.0,201915.0,3139.0,201204.0,-342.0,-711.0
33832d106,Not New,FIVE STAR QUALITY CAREINC,8744.0,1745279.0,8498.0,1748550.0,-246.0,3271.0
001282102,Not New,A H BELO CORP COMCL A,6673.0,563082.0,6614.0,571200.0,-59.0,8118.0
339382103,Not New,FLEXSTEEL INDUSTRIES INC,2801.0,84000.0,2829.0,75200.0,28.0,-8800.0
62886e108,Not New,NCR CORP,2417.0,68894.0,2509.0,68659.0,92.0,-235.0
478160104,Not New,JOHNSON & JOHNSON,3905.0,37328.0,3657.0,37229.0,-248.0,-99.0
191216100,Not New,COCA COLA CO,2372.0,56000.0,2172.0,56180.0,-200.0,180.0
43858g107,Not New,HONG KONG TELEVISION NETWORKLT,4046.0,653702.0,3867.0,655340.0,-179.0,1638.0
172908105,Not New,CINTAS CORP,5040.0,79326.0,4757.0,79797.0,-283.0,471.0
023586100,Not New,AMERCO COM,5040.0,17332.0,4029.0,17357.0,-1011.0,25.0
068463108,Not New,BARRETT BUSINESS SVCS,1786.0,38000.0,2264.0,38000.0,478.0,0.0
25960r105,Not New,DOUGLAS DYNAMICS INC COMUSD0.0,8387.0,475967.0,8314.0,477273.0,-73.0,1306.0
719405102,Not New,PHOTRONICS INC,5461.0,634992.0,5418.0,635208.0,-43.0,216.0
774515100,Sold Out,ROCKY BRANDS INC,1425.0,99014.0,,,,
19248a109,Not New,COHEN & STEERS INFRASTRUCTURE,8183.0,334121.0,7288.0,330069.0,-895.0,-4052.0
98389b100,Sold Out,XCEL ENERGY INC,2305.0,75913.0,,,,
742718109,Not New,PROCTER & GAMBLE,3735.0,47528.0,3846.0,47719.0,111.0,191.0
27828g107,Not New,EATON VANCE TAX ADVANTAGEDIVID,5255.0,253860.0,4905.0,249467.0,-350.0,-4393.0
87538X105,New Holding,TANDY LEATHER FACTORY INC,,,553.0,60820.0,,
