CUSIP,status,NAME OF ISSUER,(x$1000)_old,PRN AMT_old,(x$1000),PRN AMT,(x$1000)_change,PRN AMT_change
G87110105,Not New,TECHNIPFMC PLC,265096.0,8352100.0,259910.0,8825500.0,-5186.0,473400.0
G4705A100,Not New,ICON PLC,2584.0,19500.0,2303.0,19500.0,-281.0,0.0
N5749R100,Not New,MERUS N V,2327.0,102219.0,1894.0,102219.0,-433.0,0.0
45826J105,Not New,INTELLIA THERAPEUTICS INC,1505.0,55000.0,1159.0,55000.0,-346.0,0.0
867224107,Not New,SUNCOR ENERGY INC NEW,422.0,10360.0,358.0,10360.0,-64.0,0.0
852857200,New Holding,STAMPS COM INC,,,658.0,2600.0,,
89620X506,Not New,TRILLIUM THERAPEUTICS INC,1054.0,175339.0,1255.0,175339.0,201.0,0.0
131193104,Not New,CALLAWAY GOLF CO,21172.0,1116100.0,18259.0,1116100.0,-2913.0,0.0
983134107,Sold Out,WYNN RESORTS LTD,9482.0,52000.0,,,,
46333X108,Not New,IRONWOOD PHARMACEUTICALS INC,1543.0,80700.0,1612.0,104500.0,69.0,23800.0
125269100,Not New,CF INDS HLDGS INC,118629.0,2671833.0,94005.0,2491533.0,-24624.0,-180300.0
913017109,Not New,UNITED TECHNOLOGIES CORP,1000.0,8000.0,1006.0,8000.0,6.0,0.0
375916103,Sold Out,GILDAN ACTIVEWEAR INC,13659.0,472800.0,,,,
294429105,Not New,EQUIFAX INC,87290.0,697703.0,82196.0,697703.0,-5094.0,0.0
004225108,Sold Out,ACADIA PHARMACEUTICALS INC,725.0,32300.0,,,,
19249H103,Not New,COHERUS BIOSCIENCES INC,1918.0,137000.0,1513.0,137000.0,-405.0,0.0
93627C101,New Holding,WARRIOR MET COAL INC,,,1348.0,48900.0,,
98887Q104,Not New,ZAI LAB LTD,465.0,20000.0,427.0,20000.0,-38.0,0.0
G39637205,New Holding,GOLDEN OCEAN GROUP LTD,,,140400.0,2000000.0,,
350465100,Not New,FOUNDATION MEDICINE INC,2966.0,21700.0,2118.0,26900.0,-848.0,5200.0
G6518L108,Not New,NIELSEN HLDGS PLC,7679.0,248258.0,43688.0,1374272.0,36009.0,1126014.0
595017104,Not New,MICROCHIP TECHNOLOGY INC,70032.0,770000.0,59493.0,651200.0,-10539.0,-118800.0
45665G303,Not New,INFINITY PHARMACEUTICALS INC,2159.0,1130432.0,2728.0,1299232.0,569.0,168800.0
G47567105,Not New,IHS MARKIT LTD,26079.0,505500.0,24385.0,505500.0,-1694.0,0.0
H8817H100,Not New,TRANSOCEAN LTD,117123.0,8714500.0,47837.0,4832100.0,-69286.0,-3882400.0
33830X104,Not New,FIVE PRIME THERAPEUTICS INC,1489.0,94200.0,1618.0,94200.0,129.0,0.0
651639106,Not New,NEWMONT MINING CORP,3809.0,101000.0,3946.0,101000.0,137.0,0.0
03969F109,Not New,ARCUS BIOSCIENCES INC,647.0,52841.0,154.0,10000.0,-493.0,-42841.0
067901108,Not New,BARRICK GOLD CORP,7702.0,586595.0,7303.0,586595.0,-399.0,0.0
74766Q101,Not New,QUANTERIX CORP,2513.0,175000.0,2982.0,175000.0,469.0,0.0
98980A105,Not New,ZTO EXPRESS CAYMAN INC,197792.0,9889624.0,98817.0,6592241.0,-98975.0,-3297383.0
83088M102,Not New,SKYWORKS SOLUTIONS INC,108128.0,1118760.0,111665.0,1113760.0,3537.0,-5000.0
83410S108,New Holding,SOHU COM LTD,,,31196.0,878761.0,,
00847X104,Not New,AGIOS PHARMACEUTICALS INC,2544.0,30200.0,2469.0,30200.0,-75.0,0.0
G97822103,New Holding,PERRIGO CO PLC,,,780.0,10700.0,,
N97284108,Sold Out,YANDEX NV,4734.0,120000.0,,,,
585464100,Not New,MELCO RESORT ENTERTAINMENT L,76657.0,2737767.0,72651.0,2506967.0,-4006.0,-230800.0
458140100,Not New,INTEL CORP,265110.0,5333131.0,245423.0,4712431.0,-19687.0,-620700.0
806857108,Not New,SCHLUMBERGER LTD,121948.0,1819300.0,117692.0,1816800.0,-4256.0,-2500.0
31680Q104,Not New,58 COM INC,64730.0,933520.0,74550.0,933520.0,9820.0,0.0
278642103,Not New,EBAY INC,1113.0,30700.0,1235.0,30700.0,122.0,0.0
032654105,Not New,ANALOG DEVICES INC,623.0,6500.0,464.0,5100.0,-159.0,-1400.0
17275R102,Not New,CISCO SYS INC,1536.0,35700.0,1531.0,35700.0,-5.0,0.0
30303M102,Not New,FACEBOOK INC,346461.0,1782940.0,160643.0,1005340.0,-185818.0,-777600.0
G81477104,Not New,SINA CORP,303623.0,3585106.0,331684.0,3181016.0,28061.0,-404090.0
92343E102,Not New,VERISIGN INC,770.0,5600.0,663.0,5600.0,-107.0,0.0
68389X105,Not New,ORACLE CORP,2225.0,50500.0,2310.0,50500.0,85.0,0.0
04522R101,New Holding,ASLAN PHARMACEUTICALS LTD,,,2532.0,284495.0,,
45667G103,Not New,INFINERA CORPORATION,580.0,58400.0,1268.0,116800.0,688.0,58400.0
720795103,Not New,PIERIS PHARMACEUTICALS INC,630.0,124200.0,847.0,124200.0,217.0,0.0
375558103,Not New,GILEAD SCIENCES INC,215703.0,3044930.0,229557.0,3044930.0,13854.0,0.0
812578102,Not New,SEATTLE GENETICS INC,2689.0,40500.0,2119.0,40500.0,-570.0,0.0
G637AM102,Not New,MYOVANT SCIENCES LTD,1240.0,54200.0,1152.0,54200.0,-88.0,0.0
037833100,Not New,APPLE INC,2351.0,12700.0,2130.0,12700.0,-221.0,0.0
056752108,Not New,BAIDU INC,73290.0,301604.0,18237.0,81714.0,-55053.0,-219890.0
N72482123,Not New,QIAGEN NV,21839.0,603941.0,19513.0,603941.0,-2326.0,0.0
00771V108,Not New,AERIE PHARMACEUTICALS INC,2540.0,37600.0,2039.0,37600.0,-501.0,0.0
63009R109,Not New,NANOSTRING TECHNOLOGIES INC,3181.0,232500.0,1508.0,200800.0,-1673.0,-31700.0
512807108,Not New,LAM RESEARCH CORP,1158.0,6700.0,1361.0,6700.0,203.0,0.0
20717E101,Sold Out,CONFORMIS INC,865.0,596656.0,,,,
881569107,New Holding,TESARO INC,,,765.0,17200.0,,
64111Q104,New Holding,NETGEAR INC,,,444.0,7100.0,,
70450Y103,Not New,PAYPAL HLDGS INC,100603.0,1208151.0,137390.0,1810868.0,36787.0,602717.0
55910K108,New Holding,MAGENTA THERAPEUTICS INC,,,675.0,50000.0,,
45337C102,Not New,INCYTE CORP,1405.0,20964.0,805.0,9664.0,-600.0,-11300.0
595112103,Not New,MICRON TECHNOLOGY INC,1059.0,20200.0,1251.0,24000.0,192.0,3800.0
156700106,Not New,CENTURYLINK INC,7682.0,412151.0,6771.0,412151.0,-911.0,0.0
58933Y105,Not New,MERCK & CO INC,1141.0,18800.0,1024.0,18800.0,-117.0,0.0
74735M108,Not New,QIWI PLC,40262.0,2556346.0,43729.0,2288321.0,3467.0,-268025.0
887317303,Sold Out,TIME WARNER INC,701.0,7421.0,,,,
02079K107,Not New,ALPHABET INC,202863.0,181834.0,203500.0,197231.0,637.0,15397.0
143658300,Not New,CARNIVAL CORP,1677.0,29260.0,1918.0,29260.0,241.0,0.0
903214104,Not New,UNUM THERAPEUTICS INC,3229.0,225000.0,2499.0,225000.0,-730.0,0.0
01609W102,Not New,ALIBABA GROUP HLDG LTD,394484.0,2126255.0,421595.0,2297025.0,27111.0,170770.0
594918104,Not New,MICROSOFT CORP,2288.0,23200.0,2117.0,23200.0,-171.0,0.0
G6564A105,New Holding,NOMAD FOODS LTD,,,16532.0,861500.0,,
09061G101,Not New,BIOMARIN PHARMACEUTICAL INC,1302.0,13820.0,1120.0,13820.0,-182.0,0.0
410345102,Not New,HANESBRANDS INC,23986.0,1089300.0,44904.0,2437800.0,20918.0,1348500.0
714046109,Not New,PERKINELMER INC,2827.0,38600.0,2922.0,38600.0,95.0,0.0
983919101,Not New,XILINX INC,731.0,11200.0,809.0,11200.0,78.0,0.0
02005N100,Not New,ALLY FINL INC,104478.0,3977100.0,107978.0,3977100.0,3500.0,0.0
Y95308105,Not New,WAVE LIFE SCIENCES LTD,1232.0,32200.0,1291.0,32200.0,59.0,0.0
04225U104,Sold Out,ARMO BIOSCIENCES INC,748.0,20000.0,,,,
704551100,Not New,PEABODY ENERGY CORP NEW,154395.0,3394799.0,123910.0,3394799.0,-30485.0,0.0
98426T106,New Holding,YY INC,,,53436.0,531860.0,,
24983L104,Not New,DERMIRA INC,579.0,62900.0,502.0,62900.0,-77.0,0.0
G5480U104,Not New,LIBERTY GLOBAL PLC,408.0,14800.0,463.0,14800.0,55.0,0.0
02079K305,Not New,ALPHABET INC,208225.0,184402.0,167500.0,161502.0,-40725.0,-22900.0
47215P106,Not New,JD COM INC,39435.0,1012442.0,30462.0,752342.0,-8973.0,-260100.0
948596101,Not New,WEIBO CORP,6914.0,77900.0,9312.0,77900.0,2398.0,0.0
G5509L101,Not New,LIVANOVA PLC,2464.0,24682.0,2184.0,24682.0,-280.0,0.0
90138F102,New Holding,TWILIO INC,,,437.0,7800.0,,
478160104,Not New,JOHNSON & JOHNSON,3980.0,32800.0,4203.0,32800.0,223.0,0.0
191216100,Sold Out,COCA COLA CO,18918.0,435600.0,,,,
G72800108,Not New,PROTHENA CORP PLC,1971.0,135200.0,2870.0,78200.0,899.0,-57000.0
800677106,New Holding,SANGAMO THERAPEUTICS INC,,,751.0,52900.0,,
00434H108,Not New,ACCELERON PHARMA INC,2838.0,58500.0,2287.0,58500.0,-551.0,0.0
091727107,Not New,BITAUTO HLDGS LTD,104024.0,4374448.0,50004.0,2364248.0,-54020.0,-2010200.0
