CUSIP,status,NAME OF ISSUER,(x$1000)_old,PRN AMT_old,(x$1000),PRN AMT,(x$1000)_change,PRN AMT_change
461202103,Not New,INTUIT INC,68621.0,231680.0,57012.0,247877.0,-11609.0,16197.0
053332102,New Holding,AUTOZONE INC,,,417.0,370.0,,
316773100,Not New,FIFTH THIRD BANCORP,200.0,10367.0,154.0,10367.0,-46.0,0.0
78462F103,Sold Out,SPDR S&P 500 ETF TR,816.0,3165.0,,,,
46429B655,New Holding,ISHARES FLOATING RATE BOND ETF,,,235.0,4651.0,,
655664100,Not New,NORDSTROM INC,1917.0,123782.0,2487.0,162135.0,570.0,38353.0
438516106,Not New,HONEYWELL INTERNATIONAL INC,563.0,3892.0,1577.0,11788.0,1014.0,7896.0
67103H107,Not New,O'REILLY AUTOMOTIVE INC,39989.0,94834.0,23282.0,77336.0,-16707.0,-17498.0
02376RAF9,New Holding,AMERICAN AIRLINES 6.5 07/01/25 CORP,,,470.0,500000.0,,
084670702,Not New,BERKSHIRE HATHAWAY INC,2920.0,16360.0,3387.0,18525.0,467.0,2165.0
45174J509,Not New,IHEARTMEDIA INC,7336.0,878549.0,3388.0,463495.0,-3948.0,-415054.0
958669103,Not New,WESTERN MIDSTREAM PARTNERS LP,151.0,15022.0,49.0,15022.0,-102.0,0.0
09247X101,New Holding,BLACKROCK INC,,,1272.0,2337.0,,
592688105,Not New,METTLER-TOLEDO INTERNATIONAL,97243.0,120716.0,83900.0,121505.0,-13343.0,789.0
256677105,Not New,DOLLAR GENERAL CORP,291.0,1527.0,231.0,1527.0,-60.0,0.0
70614W100,New Holding,PELOTON INTERACTIVE INC,,,283.0,4892.0,,
29273V100,Not New,ENERGY TRANSFER LP,932.0,130960.0,602.0,130960.0,-330.0,0.0
12739A100,Sold Out,CADENCE BANCORPORATION,1340.0,204550.0,,,,
09260D107,Not New,BLACKSTONE GROUP INC,95453.0,1684659.0,92962.0,2039980.0,-2491.0,355321.0
03027X100,New Holding,AMERICAN TOWER CORP,,,423.0,1635.0,,
09257W100,New Holding,BLACKSTONE MORTGAGE TRUST INC,,,845.0,35077.0,,
92206C102,New Holding,VANGUARD SHORT-TERM TREASURY ETF,,,750.0,12058.0,,
92206C771,New Holding,VANGUARD MORTGAGE-BACKED SECURITY ETF,,,1055.0,19408.0,,
11135F101,New Holding,BROADCOM INC,,,615.0,1948.0,,
320734106,Not New,FIRST LONG IS CORP,2279.0,139450.0,2305.0,132873.0,26.0,-6577.0
57636Q104,Not New,MASTERCARD INC,175098.0,592146.0,134618.0,557287.0,-40480.0,-34859.0
05454B105,Sold Out,AXCELLA HEALTH INC,55.0,16114.0,,,,
311900104,Not New,FASTENAL CO,684.0,15970.0,499.0,15970.0,-185.0,0.0
91232N207,Sold Out,UNITED STATES OIL FUND,211.0,50000.0,,,,
892356106,Not New,TRACTOR SUPPLY CO,11323.0,85917.0,6456.0,76352.0,-4867.0,-9565.0
539830109,Not New,LOCKHEED MARTIN CORP,9559.0,26195.0,8795.0,25948.0,-764.0,-247.0
989207105,New Holding,ZEBRA TECHNOLOGIES CORP,,,509.0,1987.0,,
949746804,Not New,WELLS FARGO CO NEW,7497.0,5780.0,4918.0,3860.0,-2579.0,-1920.0
570535104,New Holding,MARKEL CORP,,,342.0,215.0,,
928563402,New Holding,VMWARE INC,,,2775.0,17920.0,,
G1151C101,Not New,ACCENTURE PLC,228.0,1062.0,408.0,2502.0,180.0,1440.0
30231G102,Not New,EXXON MOBIL CORP,427.0,9559.0,335.0,8816.0,-92.0,-743.0
88579Y101,Not New,3M CO,3567.0,22865.0,1964.0,14384.0,-1603.0,-8481.0
293792107,Not New,ENTERPRISE PRODUCTS PARTNERS L,1222.0,67249.0,927.0,64814.0,-295.0,-2435.0
427866108,Not New,HERSHEY CO,2322.0,17914.0,1441.0,10872.0,-881.0,-7042.0
02376R102,New Holding,AMERICAN AIRLINES GROUP INC,,,6274.0,479993.0,,
74319B502,New Holding,PROFOUND MEDICAL CORP,,,508.0,30000.0,,
35803L108,New Holding,FREQUENCY THERAPEUTICS INC,,,460.0,19795.0,,
704326107,Not New,PAYCHEX INC,2869.0,37868.0,2718.0,43201.0,-151.0,5333.0
931142103,Not New,WALMART INC,330.0,2751.0,313.0,2751.0,-17.0,0.0
92918V109,New Holding,VROOM INC,,,9043.0,173430.0,,
03076C106,Not New,AMERIPRISE FINANCIAL INC,481.0,3206.0,298.0,2905.0,-183.0,-301.0
115236101,New Holding,BROWN & BROWN INC,,,637.0,10839.0,,
83088M102,Not New,SKYWORKS SOLUTIONS INC,7370.0,57641.0,7417.0,82979.0,47.0,25338.0
172967424,Sold Out,CITIGROUP INC,228.0,5411.0,,,,
92826C839,Not New,VISA INC,21502.0,111313.0,27676.0,171774.0,6174.0,60461.0
717081103,Not New,PFIZER INC,233.0,7127.0,221.0,6762.0,-12.0,-365.0
138098108,Sold Out,CANTEL MEDICAL CORP,312.0,8697.0,,,,
902973304,Not New,US BANCORP,2938.0,79782.0,20089.0,583148.0,17151.0,503366.0
98419M100,Sold Out,XYLEM INC,2709.0,41593.0,,,,
458140100,New Holding,INTEL CORP,,,881.0,14732.0,,
830830105,Not New,SKYLINE CHAMPION CORP,4703.0,193228.0,1554.0,99124.0,-3149.0,-94104.0
65341B106,New Holding,NEXTERA ENERGY PARTNERS LP,,,211.0,4109.0,,
464287622,Not New,ISHARES RUSSELL 1000 ETF,3648.0,21250.0,3008.0,21250.0,-640.0,0.0
17275R102,New Holding,CISCO SYSTEMS INC,,,335.0,7181.0,,
30303M102,Not New,FACEBOOK INC,653.0,2876.0,480.0,2876.0,-173.0,0.0
760759100,Not New,REPUBLIC SERVICES INC,99149.0,1208398.0,83583.0,1113550.0,-15566.0,-94848.0
060505104,Not New,BANK OF AMERICA CORP,3282.0,138180.0,62073.0,2923811.0,58791.0,2785631.0
237194105,Not New,DARDEN RESTAURANTS INC,232.0,3064.0,506.0,9286.0,274.0,6222.0
22160K105,Not New,COSTCO WHOLESALE CORP,128558.0,423991.0,119799.0,420154.0,-8759.0,-3837.0
023135106,Not New,AMAZON.COM INC,1757.0,637.0,764.0,392.0,-993.0,-245.0
91324P102,Not New,UNITEDHEALTH GROUP INC,52223.0,177057.0,1074.0,4308.0,-51149.0,-172749.0
776696106,New Holding,ROPER TECHNOLOGIES INC,,,549.0,1415.0,,
518439104,Not New,LAUDER ESTEE COS INC,12551.0,66519.0,38887.0,244050.0,26336.0,177531.0
448579102,Sold Out,HYATT HOTELS CORP,5152.0,107557.0,,,,
580135101,Not New,MCDONALD'S CORP,37213.0,201730.0,21307.0,128860.0,-15906.0,-72870.0
037833100,Not New,APPLE INC,4246.0,11639.0,1685.0,6627.0,-2561.0,-5012.0
278865100,Not New,ECOLAB INC,10414.0,52343.0,7457.0,47851.0,-2957.0,-4492.0
78464A474,New Holding,SPDR SER TR,,,713.0,22752.0,,
25754A201,Not New,DOMINO'S PIZZA INC,69962.0,189372.0,73282.0,226130.0,3320.0,36758.0
00771V108,Not New,AERIE PHARMACEUTICALS INC,537.0,36381.0,586.0,43384.0,49.0,7003.0
437076102,Not New,HOME DEPOT INC,190917.0,762113.0,147576.0,790403.0,-43341.0,28290.0
00287Y109,New Holding,ABBVIE INC,,,838.0,8533.0,,
110122108,Not New,BRISTOL-MYERS SQUIBB CO,644.0,10955.0,399.0,7156.0,-245.0,-3799.0
235851102,Not New,DANAHER CORP,338.0,1911.0,265.0,1911.0,-73.0,0.0
512807108,New Holding,LAM RESEARCH CORP,,,243.0,750.0,,
058498106,Not New,BALL CORP,221299.0,3184621.0,200096.0,3094584.0,-21203.0,-90037.0
143130102,Not New,CARMAX INC,23815.0,265939.0,24450.0,454201.0,635.0,188262.0
115637209,New Holding,BROWN-FORMAN CORP,,,268.0,4209.0,,
94106L109,Not New,WASTE MANAGEMENT INC,251.0,2374.0,220.0,2374.0,-31.0,0.0
02913V103,New Holding,AMERICAN PUBLIC EDUCATION INC,,,617.0,20836.0,,
980745103,Sold Out,WOODWARD INC,2537.0,42675.0,,,,
254687106,Not New,WALT DISNEY CORP,786.0,7047.0,25933.0,268461.0,25147.0,261414.0
70450Y103,Not New,PAYPAL HOLDINGS INC,10680.0,61297.0,6395.0,66798.0,-4285.0,5501.0
084423102,Not New,W R BERKLEY CORP,5701.0,99504.0,4556.0,87330.0,-1145.0,-12174.0
654106103,Not New,NIKE INC,463.0,4718.0,286.0,3458.0,-177.0,-1260.0
573284106,New Holding,MARTIN MARIETTA MATERIALS INC,,,12408.0,60067.0,,
559080106,Not New,MAGELLAN MIDSTREAM PARTNERS LP,572.0,13257.0,421.0,11525.0,-151.0,-1732.0
45688C107,Not New,INGEVITY CORP,9898.0,188284.0,16853.0,478771.0,6955.0,290487.0
73278L105,Not New,POOL CORP,45266.0,166499.0,33242.0,168936.0,-12024.0,2437.0
55336V100,Not New,MPLX LP,617.0,35718.0,415.0,35718.0,-202.0,0.0
758075402,Sold Out,REDWOOD TR INC,192.0,38000.0,,,,
075887109,Not New,BECTON DICKINSON AND CO,10691.0,44682.0,10880.0,47350.0,189.0,2668.0
911312106,Not New,UNITED PARCEL SERVICE INC,3387.0,30465.0,2148.0,22992.0,-1239.0,-7473.0
693506107,Not New,PPG INDUSTRIES INC,272.0,2565.0,214.0,2565.0,-58.0,0.0
58933Y105,Not New,MERCK & CO INC,5909.0,76410.0,1842.0,23940.0,-4067.0,-52470.0
053015103,Not New,AUTOMATIC DATA PROCESSING INC,3395.0,22803.0,4761.0,34832.0,1366.0,12029.0
382550101,Sold Out,GOODYEAR TIRE & RUBR CO,58.0,10000.0,,,,
02079K107,Not New,ALPHABET INC,2543.0,1799.0,1470.0,1264.0,-1073.0,-535.0
749685103,Not New,RPM INTERNATIONAL INC,9126.0,121582.0,8791.0,147743.0,-335.0,26161.0
863667101,New Holding,STRYKER CORP,,,617.0,3425.0,,
594918104,Not New,MICROSOFT CORP,236727.0,1163220.0,200962.0,1274253.0,-35765.0,111033.0
33829M101,New Holding,FIVE BELOW INC,,,40020.0,374338.0,,
46625H100,Not New,JPMORGAN CHASE & CO,6000.0,63792.0,69983.0,777334.0,63983.0,713542.0
418056107,Not New,HASBRO INC,3713.0,49540.0,2708.0,37853.0,-1005.0,-11687.0
615369105,Not New,MOODY'S CORP,94458.0,343822.0,72190.0,341324.0,-22268.0,-2498.0
22822V101,New Holding,CROWN CASTLE INTL CORP,,,286.0,1707.0,,
302445101,New Holding,FLIR SYSTEMS INC,,,3856.0,95053.0,,
132152109,New Holding,CAMBRIDGE BANCORP,,,725.0,12239.0,,
82900L102,New Holding,SIMPLY GOOD FOODS CO,,,3559.0,191548.0,,
G5960L103,Not New,MEDTRONIC PLC,2679.0,29219.0,2593.0,28749.0,-86.0,-470.0
038222105,Not New,APPLIED MATERIALS INC,422.0,6982.0,320.0,6982.0,-102.0,0.0
835495102,Not New,SONOCO PRODUCTS CO,1046.0,20011.0,928.0,20011.0,-118.0,0.0
655844108,New Holding,NORFOLK SOUTHERN CORP,,,664.0,3780.0,,
45168D104,Not New,IDEXX LABORATORIES INC,8685.0,26304.0,6372.0,26304.0,-2313.0,0.0
09857L108,Not New,BOOKING HOLDINGS INC,3455.0,2170.0,37817.0,28110.0,34362.0,25940.0
03852U106,Sold Out,ARAMARK,2896.0,145006.0,,,,
002824100,Not New,ABBOTT LABORATORIES,2455.0,26855.0,566.0,7168.0,-1889.0,-19687.0
680665205,Sold Out,OLIN CORP,117.0,10000.0,,,,
02005N100,Sold Out,ALLY FINL INC,144.0,10000.0,,,,
00650F109,New Holding,ADAPTIVE BIOTECHNOLOGIES CORP,,,2099.0,43392.0,,
485170302,Not New,KANSAS CITY SOUTHERN,70888.0,474831.0,34486.0,271156.0,-36402.0,-203675.0
422806109,Not New,HEICO CORP,786.0,7885.0,6729.0,90185.0,5943.0,82300.0
883556102,Not New,THERMO FISHER SCIENTIFIC INC,73674.0,203329.0,62321.0,219749.0,-11353.0,16420.0
80105N105,New Holding,SANOFI,,,1209.0,23679.0,,
244199105,Not New,DEERE & CO,46460.0,295643.0,49302.0,356848.0,2842.0,61205.0
126408103,Not New,CSX CORP,95400.0,1367932.0,97406.0,1699928.0,2006.0,331996.0
75513E101,New Holding,RAYTHEON TECHNOLOGIES CORP,,,344.0,5577.0,,
02079K305,Not New,ALPHABET INC,3561.0,2511.0,1520.0,1308.0,-2041.0,-1203.0
136375102,New Holding,CANADIAN NATIONAL RAILWAY CO,,,292.0,3299.0,,
98978V103,Not New,ZOETIS INC,53789.0,392505.0,42703.0,362846.0,-11086.0,-29659.0
156782104,Sold Out,CERNER CORP,348.0,5528.0,,,,
907818108,Not New,UNION PACIFIC CORP,133577.0,790070.0,107101.0,759363.0,-26476.0,-30707.0
90384S303,Not New,ULTA BEAUTY INC,48934.0,240558.0,43609.0,248201.0,-5325.0,7643.0
084670108,Not New,BERKSHIRE HATHAWAY INC,4544.0,17.0,4624.0,17.0,80.0,0.0
345370860,Sold Out,FORD MTR CO DEL,62.0,12800.0,,,,
824348106,Not New,SHERWIN WILLIAMS CO,236636.0,409511.0,195315.0,425042.0,-41321.0,15531.0
872540109,Not New,TJX COS INC,1910.0,37771.0,1809.0,37841.0,-101.0,70.0
882508104,Not New,TEXAS INSTRUMENTS INC,1075.0,8465.0,3693.0,36951.0,2618.0,28486.0
478160104,Not New,JOHNSON & JOHNSON,1655.0,11771.0,1146.0,8739.0,-509.0,-3032.0
247361702,Sold Out,DELTA AIR LINES INC DEL,36567.0,1281719.0,,,,
191216100,Not New,COCA COLA CO,12237.0,273876.0,12733.0,287759.0,496.0,13883.0
189054109,New Holding,CLOROX CO,,,1724.0,7859.0,,
172908105,Not New,CINTAS CORP,104154.0,391027.0,66135.0,381800.0,-38019.0,-9227.0
023586100,Not New,AMERCO,2755.0,9117.0,1489.0,5124.0,-1266.0,-3993.0
647551100,Not New,NEW MOUNTAIN FINANCE CORP,4714.0,507442.0,2842.0,417899.0,-1872.0,-89543.0
713448108,Not New,PEPSICO INC,91975.0,695411.0,10016.0,83400.0,-81959.0,-612011.0
135086106,Not New,CANADA GOOSE HOLDINGS INC,4490.0,193777.0,3123.0,157017.0,-1367.0,-36760.0
G5494J103,Not New,LINDE PLC,5755.0,27134.0,5540.0,32024.0,-215.0,4890.0
988498101,Not New,YUM! BRANDS INC,425.0,4887.0,618.0,9017.0,193.0,4130.0
742718109,Not New,PROCTER AND GAMBLE CO,796.0,6659.0,602.0,5475.0,-194.0,-1184.0
891092108,Not New,TORO CO,27185.0,409779.0,38113.0,585541.0,10928.0,175762.0
00724F101,New Holding,ADOBE INC,,,407.0,934.0,,
