CUSIP,status,NAME OF ISSUER,(x$1000)_old,PRN AMT_old,(x$1000),PRN AMT,(x$1000)_change,PRN AMT_change
369604103,Sold Out,GENERAL ELECTRIC CO,259.0,10095.0,,,,
26884L109,Not New,EQT CORP,5613.0,74145.0,8696.0,94999.0,3083.0,20854.0
461202103,Not New,INTUIT,234.0,2534.0,242.0,2759.0,8.0,225.0
053332102,Not New,AUTOZONE INC,1211.0,1956.0,19376.0,38018.0,18165.0,36062.0
053332102,Not New,AUTOZONE INC,1211.0,1956.0,549.0,1077.0,-662.0,-879.0
053332102,Not New,AUTOZONE INC,47159.0,76173.0,19376.0,38018.0,-27783.0,-38155.0
053332102,Not New,AUTOZONE INC,47159.0,76173.0,549.0,1077.0,-46610.0,-75096.0
G81276100,Not New,SIGNET JEWELERS LIMITED,820.0,6230.0,33993.0,298417.0,33173.0,292187.0
G81276100,Not New,SIGNET JEWELERS LIMITED,820.0,6230.0,747.0,6559.0,-73.0,329.0
G81276100,Not New,SIGNET JEWELERS LIMITED,39705.0,301779.0,33993.0,298417.0,-5712.0,-3362.0
G81276100,Not New,SIGNET JEWELERS LIMITED,39705.0,301779.0,747.0,6559.0,-38958.0,-295220.0
66987V109,Not New,NOVARTIS A G,581.0,6271.0,473.0,5021.0,-108.0,-1250.0
867224107,Sold Out,SUNCOR ENERGY INC NEW,10101.0,279420.0,,,,
192446102,New Holding,COGNIZANT TECHNOLOGY SOLUTIO,,,260.0,4935.0,,
913017117,Not New,UNITED TECHNOLOGIES CORP,481.0,7850.0,462.0,7850.0,-19.0,0.0
12646R105,Sold Out,CST BRANDS INC,11669.0,324592.0,,,,
12646R105,Sold Out,CST BRANDS INC,412.0,11451.0,,,,
057224107,Sold Out,BAKER HUGHES INC,27228.0,418505.0,,,,
212015101,New Holding,CONTINENTAL RESOURCES INC,,,6650.0,173347.0,,
637071101,Not New,NATIONAL OILWELL VARCO INC,6653.0,101532.0,9945.0,130677.0,3292.0,29145.0
655664100,Not New,NORDSTROM INC,6582.0,82906.0,4643.0,67915.0,-1939.0,-14991.0
06742C723,New Holding,BARCLAYS BK PLC,,,797.0,26050.0,,
67103H107,Not New,O REILLY AUTOMOTIVE INC NEW,555.0,2879.0,433.0,2879.0,-122.0,0.0
084670702,Not New,BERKSHIRE HATHAWAY INC DEL,3544.0,23605.0,3261.0,23605.0,-283.0,0.0
354613101,Not New,FRANKLIN RES INC,613.0,11070.0,683.0,12510.0,70.0,1440.0
423452101,Not New,HELMERICH & PAYNE INC,7897.0,117124.0,14680.0,149996.0,6783.0,32872.0
74005P104,Not New,PRAXAIR INC,1920.0,14820.0,1666.0,12914.0,-254.0,-1906.0
983134107,Not New,WYNN RESORTS LTD,3799.0,25541.0,36263.0,193837.0,32464.0,168296.0
983134107,Not New,WYNN RESORTS LTD,3799.0,25541.0,952.0,5089.0,-2847.0,-20452.0
09247X101,Not New,BLACKROCK INC,919.0,2570.0,898.0,2735.0,-21.0,165.0
941848103,Not New,WATERS CORP,367.0,3260.0,323.0,3260.0,-44.0,0.0
98310W108,Not New,WYNDHAM WORLDWIDE CORP,1489.0,17367.0,67554.0,831334.0,66065.0,813967.0
98310W108,Not New,WYNDHAM WORLDWIDE CORP,1489.0,17367.0,1578.0,19417.0,89.0,2050.0
98310W108,Not New,WYNDHAM WORLDWIDE CORP,65998.0,769562.0,67554.0,831334.0,1556.0,61772.0
98310W108,Not New,WYNDHAM WORLDWIDE CORP,65998.0,769562.0,1578.0,19417.0,-64420.0,-750145.0
009158106,Not New,AIR PRODS & CHEMS INC,1287.0,8926.0,1120.0,8603.0,-167.0,-323.0
256677105,Not New,DOLLAR GEN CORP NEW,258.0,3651.0,223.0,3651.0,-35.0,0.0
913017109,Not New,UNITED TECHNOLOGIES CORP,1495.0,13002.0,2121.0,20086.0,626.0,7084.0
74978Q105,Not New,RSP PERMIAN INC,5607.0,223050.0,3802.0,148729.0,-1805.0,-74321.0
92343V104,Not New,VERIZON COMMUNICATIONS INC,850.0,18175.0,980.0,19601.0,130.0,1426.0
249030107,Sold Out,DENTSPLY INTL INC NEW,900.0,19740.0,,,,
126804301,Not New,CABELAS INC,4638.0,87992.0,295.0,5014.0,-4343.0,-82978.0
81369Y506,New Holding,SELECT SECTOR SPDR TR,,,10487.0,132474.0,,
675232102,Not New,OCEANEERING INTL INC,1872.0,31825.0,2606.0,39992.0,734.0,8167.0
026874784,Not New,AMERICAN INTL GROUP INC,245.0,4374.0,236.0,4374.0,-9.0,0.0
115637100,Not New,BROWN FORMAN CORP,393.0,4475.0,399.0,4475.0,6.0,0.0
75281A109,Not New,RANGE RES CORP,14047.0,262803.0,20178.0,297572.0,6131.0,34769.0
26969P108,New Holding,EAGLE MATERIALS INC,,,8381.0,110239.0,,
054303102,Not New,AVON PRODS INC,2998.0,319300.0,2943.0,233600.0,-55.0,-85700.0
01973R101,Sold Out,ALLISON TRANSMISSION HLDGS I,3153.0,110665.0,,,,
03674X106,Not New,ANTERO RES CORP,4940.0,121729.0,9548.0,173954.0,4608.0,52225.0
320734106,New Holding,FIRST LONG IS CORP,,,206.0,7270.0,,
57636Q104,Not New,MASTERCARD INC,948.0,11006.0,74198.0,1003758.0,73250.0,992752.0
57636Q104,Not New,MASTERCARD INC,948.0,11006.0,1589.0,21500.0,641.0,10494.0
57636Q104,Not New,MASTERCARD INC,55296.0,641781.0,74198.0,1003758.0,18902.0,361977.0
57636Q104,Not New,MASTERCARD INC,55296.0,641781.0,1589.0,21500.0,-53707.0,-620281.0
78463V107,New Holding,SPDR GOLD TRUST,,,2918.0,25687.0,,
12504L109,Sold Out,CBRE GROUP INC,571.0,19200.0,,,,
46428Q109,Sold Out,ISHARES SILVER TRUST,13055.0,798461.0,,,,
835451105,New Holding,SONIC CORP,,,680.0,24954.0,,
835451105,New Holding,SONIC CORP,,,32124.0,1179726.0,,
311900104,Not New,FASTENAL CO,1634.0,34359.0,1543.0,34359.0,-91.0,0.0
67011P100,Sold Out,NOW INC,6722.0,221048.0,,,,
343412102,Not New,FLUOR CORP NEW,11676.0,192584.0,18338.0,274561.0,6662.0,81977.0
126650100,Not New,CVS HEALTH CORP,1179.0,12237.0,1037.0,13027.0,-142.0,790.0
571748102,Not New,MARSH & MCLENNAN COS INC,1782.0,31140.0,1590.0,30385.0,-192.0,-755.0
784117103,Not New,SEI INVESTMENTS CO,2524.0,63038.0,2601.0,71929.0,77.0,8891.0
949746804,Not New,WELLS FARGO & CO NEW,1722.0,1428.0,1717.0,1428.0,-5.0,0.0
570535104,Not New,MARKEL CORP,237.0,347.0,221.0,347.0,-16.0,0.0
469814107,Not New,JACOBS ENGR GROUP INC DEL,257.0,5752.0,3953.0,80977.0,3696.0,75225.0
G54050102,Not New,LAZARD LTD,560.0,11192.0,30608.0,603712.0,30048.0,592520.0
G54050102,Not New,LAZARD LTD,560.0,11192.0,817.0,16124.0,257.0,4932.0
G54050102,Not New,LAZARD LTD,15662.0,313055.0,30608.0,603712.0,14946.0,290657.0
G54050102,Not New,LAZARD LTD,15662.0,313055.0,817.0,16124.0,-14845.0,-296931.0
34354P105,Sold Out,FLOWSERVE CORP,12895.0,182851.0,,,,
34354P105,Sold Out,FLOWSERVE CORP,244.0,3463.0,,,,
30231G102,Not New,EXXON MOBIL CORP,4285.0,46347.0,5368.0,57073.0,1083.0,10726.0
G30401106,New Holding,ENDO INTL PLC,,,575.0,7978.0,,
G30401106,New Holding,ENDO INTL PLC,,,18131.0,251403.0,,
87612E106,Not New,TARGET CORP,1819.0,23956.0,1516.0,24182.0,-303.0,226.0
34964C106,Not New,FORTUNE BRANDS HOME & SEC IN,1499.0,33112.0,62698.0,1525118.0,61199.0,1492006.0
34964C106,Not New,FORTUNE BRANDS HOME & SEC IN,1499.0,33112.0,1454.0,35366.0,-45.0,2254.0
34964C106,Not New,FORTUNE BRANDS HOME & SEC IN,72810.0,1608339.0,62698.0,1525118.0,-10112.0,-83221.0
34964C106,Not New,FORTUNE BRANDS HOME & SEC IN,72810.0,1608339.0,1454.0,35366.0,-71356.0,-1572973.0
406216101,Not New,HALLIBURTON CO,7213.0,183389.0,29507.0,457408.0,22294.0,274019.0
516806106,Not New,LAREDO PETROLEUM INC,2943.0,284360.0,5688.0,253825.0,2745.0,-30535.0
26875P101,Not New,EOG RES INC,26275.0,285376.0,36214.0,365728.0,9939.0,80352.0
931142103,Not New,WAL-MART STORES INC,18230.0,212272.0,15942.0,208468.0,-2288.0,-3804.0
009363102,Not New,AIRGAS INC,6895.0,59865.0,7170.0,64801.0,275.0,4936.0
459200101,Not New,INTERNATIONAL BUSINESS MACHS,1853.0,11552.0,3715.0,19568.0,1862.0,8016.0
194162103,Not New,COLGATE PALMOLIVE CO,22772.0,329119.0,23711.0,363554.0,939.0,34435.0
194162103,Not New,COLGATE PALMOLIVE CO,22772.0,329119.0,116.0,1784.0,-22656.0,-327335.0
03076C106,Not New,AMERIPRISE FINL INC,1242.0,9395.0,1229.0,9959.0,-13.0,564.0
339041105,Not New,FLEETCOR TECHNOLOGIES INC,1368.0,9201.0,32111.0,225944.0,30743.0,216743.0
339041105,Not New,FLEETCOR TECHNOLOGIES INC,1368.0,9201.0,630.0,4436.0,-738.0,-4765.0
339041105,Not New,FLEETCOR TECHNOLOGIES INC,68780.0,462513.0,32111.0,225944.0,-36669.0,-236569.0
339041105,Not New,FLEETCOR TECHNOLOGIES INC,68780.0,462513.0,630.0,4436.0,-68150.0,-458077.0
81369Y308,Not New,SELECT SECTOR SPDR TR,347.0,7164.0,312.0,6919.0,-35.0,-245.0
887389104,Not New,TIMKEN CO,219.0,5126.0,45359.0,1070041.0,45140.0,1064915.0
887389104,Not New,TIMKEN CO,219.0,5126.0,4239.0,100000.0,4020.0,94874.0
887389104,Not New,TIMKEN CO,219.0,5126.0,1162.0,27413.0,943.0,22287.0
887389104,Not New,TIMKEN CO,11854.0,277731.0,45359.0,1070041.0,33505.0,792310.0
887389104,Not New,TIMKEN CO,11854.0,277731.0,4239.0,100000.0,-7615.0,-177731.0
887389104,Not New,TIMKEN CO,11854.0,277731.0,1162.0,27413.0,-10692.0,-250318.0
256746108,Not New,DOLLAR TREE INC,7255.0,103084.0,6841.0,122016.0,-414.0,18932.0
000953847,New Holding,NIELSEN N V,,,315.0,7046.0,,
000953847,New Holding,NIELSEN N V,,,5407.0,120882.0,,
718172109,Not New,PHILIP MORRIS INTL INC,1427.0,17522.0,1504.0,18032.0,77.0,510.0
92826C839,Not New,VISA INC,560.0,2135.0,456.0,2135.0,-104.0,0.0
G97822103,Not New,PERRIGO CO PLC,535.0,3203.0,481.0,3203.0,-54.0,0.0
75605Y106,New Holding,REALOGY HLDGS CORP,,,780.0,17543.0,,
75605Y106,New Holding,REALOGY HLDGS CORP,,,33948.0,763043.0,,
G0083B108,Not New,ACTAVIS PLC,2022.0,7854.0,65030.0,269521.0,63008.0,261667.0
G0083B108,Not New,ACTAVIS PLC,2022.0,7854.0,1683.0,6975.0,-339.0,-879.0
G0083B108,Not New,ACTAVIS PLC,86761.0,337052.0,65030.0,269521.0,-21731.0,-67531.0
G0083B108,Not New,ACTAVIS PLC,86761.0,337052.0,1683.0,6975.0,-85078.0,-330077.0
464287739,New Holding,ISHARES TR,,,7684.0,100000.0,,
38388F108,Not New,GRACE W R & CO DEL NEW,2760.0,28931.0,182750.0,2009568.0,179990.0,1980637.0
38388F108,Not New,GRACE W R & CO DEL NEW,2760.0,28931.0,2853.0,31372.0,93.0,2441.0
38388F108,Not New,GRACE W R & CO DEL NEW,175189.0,1836553.0,182750.0,2009568.0,7561.0,173015.0
38388F108,Not New,GRACE W R & CO DEL NEW,175189.0,1836553.0,2853.0,31372.0,-172336.0,-1805181.0
92345Y106,Sold Out,VERISK ANALYTICS INC,3687.0,60544.0,,,,
701877102,Not New,PARSLEY ENERGY INC,5132.0,321542.0,4479.0,210000.0,-653.0,-111542.0
806857108,Not New,SCHLUMBERGER LTD,26692.0,312518.0,28654.0,281779.0,1962.0,-30739.0
609207105,New Holding,MONDELEZ INTL INC,,,326.0,8981.0,,
20030N200,Not New,COMCAST CORP NEW,351.0,6100.0,326.0,6100.0,-25.0,0.0
620076307,New Holding,MOTOROLA SOLUTIONS INC,,,236.0,3514.0,,
278642103,Not New,EBAY INC,249.0,4436.0,251.0,4436.0,2.0,0.0
047477104,Sold Out,ATHLON ENERGY INC,6929.0,118988.0,,,,
02209S103,Not New,ALTRIA GROUP INC,943.0,19145.0,523.0,11375.0,-420.0,-7770.0
071813109,Not New,BAXTER INTL INC,270.0,3678.0,406.0,5663.0,136.0,1985.0
086516101,Not New,BEST BUY INC,1212.0,31095.0,22444.0,668171.0,21232.0,637076.0
086516101,Not New,BEST BUY INC,1212.0,31095.0,6718.0,200000.0,5506.0,168905.0
086516101,Not New,BEST BUY INC,1212.0,31095.0,524.0,15597.0,-688.0,-15498.0
086516101,Not New,BEST BUY INC,50638.0,1299083.0,22444.0,668171.0,-28194.0,-630912.0
086516101,Not New,BEST BUY INC,50638.0,1299083.0,6718.0,200000.0,-43920.0,-1099083.0
086516101,Not New,BEST BUY INC,50638.0,1299083.0,524.0,15597.0,-50114.0,-1283486.0
370334104,Not New,GENERAL MLS INC,1178.0,22092.0,1076.0,21337.0,-102.0,-755.0
166764100,Not New,CHEVRON CORP NEW,16490.0,146998.0,2196.0,18406.0,-14294.0,-128592.0
68389X105,Not New,ORACLE CORP,289.0,6431.0,246.0,6431.0,-43.0,0.0
20605P101,Not New,CONCHO RES INC,10700.0,107268.0,10685.0,85212.0,-15.0,-22056.0
366651107,Not New,GARTNER INC,8468.0,100553.0,8283.0,112744.0,-185.0,12191.0
N51488117,Sold Out,MOBILEYE N V AMSTELVEEN,1072.0,20000.0,,,,
22160K105,Not New,COSTCO WHSL CORP NEW,1238.0,8737.0,69244.0,552534.0,68006.0,543797.0
22160K105,Not New,COSTCO WHSL CORP NEW,1238.0,8737.0,1293.0,10319.0,55.0,1582.0
22160K105,Not New,COSTCO WHSL CORP NEW,74736.0,527236.0,69244.0,552534.0,-5492.0,25298.0
22160K105,Not New,COSTCO WHSL CORP NEW,74736.0,527236.0,1293.0,10319.0,-73443.0,-516917.0
61945C103,Not New,MOSAIC CO NEW,12677.0,277694.0,15699.0,353511.0,3022.0,75817.0
N63218106,Sold Out,NIELSEN N V,57878.0,1305621.0,,,,
N63218106,Sold Out,NIELSEN N V,1235.0,27849.0,,,,
27890G100,Sold Out,ECLIPSE RES CORP,518.0,31145.0,,,,
38259P706,Not New,GOOGLE INC,649.0,1233.0,721.0,1248.0,72.0,15.0
580135101,Not New,MCDONALDS CORP,959.0,10237.0,28076.0,296133.0,27117.0,285896.0
580135101,Not New,MCDONALDS CORP,959.0,10237.0,437.0,4614.0,-522.0,-5623.0
580135101,Not New,MCDONALDS CORP,51635.0,551064.0,28076.0,296133.0,-23559.0,-254931.0
580135101,Not New,MCDONALDS CORP,51635.0,551064.0,437.0,4614.0,-51198.0,-546450.0
732872106,Not New,POPEYES LA KITCHEN INC,3656.0,64978.0,5712.0,141037.0,2056.0,76059.0
84265V105,Not New,SOUTHERN COPPER CORP,18153.0,643709.0,24463.0,825043.0,6310.0,181334.0
38141G104,Not New,GOLDMAN SACHS GROUP INC,494.0,2550.0,10096.0,55000.0,9602.0,52450.0
38141G104,Not New,GOLDMAN SACHS GROUP INC,494.0,2550.0,468.0,2550.0,-26.0,0.0
037833100,Not New,APPLE INC,338.0,3064.0,348.0,3452.0,10.0,388.0
278865100,Not New,ECOLAB INC,1173.0,11220.0,67607.0,588761.0,66434.0,577541.0
278865100,Not New,ECOLAB INC,1173.0,11220.0,1359.0,11834.0,186.0,614.0
278865100,Not New,ECOLAB INC,70565.0,675136.0,67607.0,588761.0,-2958.0,-86375.0
278865100,Not New,ECOLAB INC,70565.0,675136.0,1359.0,11834.0,-69206.0,-663302.0
25754A201,Not New,DOMINOS PIZZA INC,1494.0,15866.0,63078.0,819623.0,61584.0,803757.0
25754A201,Not New,DOMINOS PIZZA INC,1494.0,15866.0,1421.0,18466.0,-73.0,2600.0
25754A201,Not New,DOMINOS PIZZA INC,62390.0,662530.0,63078.0,819623.0,688.0,157093.0
25754A201,Not New,DOMINOS PIZZA INC,62390.0,662530.0,1421.0,18466.0,-60969.0,-644064.0
437076102,Not New,HOME DEPOT INC,1268.0,12081.0,68703.0,748892.0,67435.0,736811.0
437076102,Not New,HOME DEPOT INC,1268.0,12081.0,1292.0,14081.0,24.0,2000.0
437076102,Not New,HOME DEPOT INC,76060.0,724589.0,68703.0,748892.0,-7357.0,24303.0
437076102,Not New,HOME DEPOT INC,76060.0,724589.0,1292.0,14081.0,-74768.0,-710508.0
00287Y109,Not New,ABBVIE INC,465.0,7100.0,323.0,5600.0,-142.0,-1500.0
030420103,Not New,AMERICAN WTR WKS CO INC NEW,290.0,5435.0,349.0,7227.0,59.0,1792.0
110122108,Not New,BRISTOL MYERS SQUIBB CO,505.0,8554.0,298.0,5829.0,-207.0,-2725.0
57060U100,Sold Out,MARKET VECTORS ETF TR,4472.0,209453.0,,,,
25278X109,Not New,DIAMONDBACK ENERGY INC,5847.0,97813.0,9485.0,126842.0,3638.0,29029.0
608190104,Not New,MOHAWK INDS INC,670.0,4314.0,582.0,4314.0,-88.0,0.0
127097103,Not New,CABOT OIL & GAS CORP,12823.0,433048.0,20114.0,615290.0,7291.0,182242.0
931427108,New Holding,WALGREENS BOOTS ALLIANCE INC,,,1739.0,22817.0,,
553530106,Not New,MSC INDL DIRECT INC,5913.0,72781.0,8661.0,101341.0,2748.0,28560.0
402635304,Not New,GULFPORT ENERGY CORP,7124.0,170673.0,13130.0,245871.0,6006.0,75198.0
115637209,Not New,BROWN FORMAN CORP,888.0,10111.0,59580.0,660390.0,58692.0,650279.0
115637209,Not New,BROWN FORMAN CORP,888.0,10111.0,1030.0,11411.0,142.0,1300.0
115637209,Not New,BROWN FORMAN CORP,54713.0,622866.0,59580.0,660390.0,4867.0,37524.0
115637209,Not New,BROWN FORMAN CORP,54713.0,622866.0,1030.0,11411.0,-53683.0,-611455.0
38259P508,Not New,GOOGLE INC,668.0,1258.0,749.0,1273.0,81.0,15.0
254687106,Not New,DISNEY WALT CO,1385.0,14700.0,66525.0,747224.0,65140.0,732524.0
254687106,Not New,DISNEY WALT CO,1385.0,14700.0,1531.0,17200.0,146.0,2500.0
254687106,Not New,DISNEY WALT CO,67897.0,720854.0,66525.0,747224.0,-1372.0,26370.0
254687106,Not New,DISNEY WALT CO,67897.0,720854.0,1531.0,17200.0,-66366.0,-703654.0
084423102,New Holding,BERKLEY W R CORP,,,144.0,2807.0,,
084423102,New Holding,BERKLEY W R CORP,,,9285.0,181142.0,,
654106103,Not New,NIKE INC,633.0,6585.0,229.0,2564.0,-404.0,-4021.0
654106103,Not New,NIKE INC,19315.0,200888.0,229.0,2564.0,-19086.0,-198324.0
681919106,Not New,OMNICOM GROUP INC,838.0,10816.0,751.0,10902.0,-87.0,86.0
573284106,Not New,MARTIN MARIETTA MATLS INC,270.0,2450.0,316.0,2450.0,46.0,0.0
91911K102,Not New,VALEANT PHARMACEUTICALS INTL,7801.0,54509.0,7152.0,54509.0,-649.0,0.0
981475106,Not New,WORLD FUEL SVCS CORP,244.0,5199.0,284.0,7114.0,40.0,1915.0
445658107,Not New,HUNT J B TRANS SVCS INC,3525.0,41841.0,6592.0,89025.0,3067.0,47184.0
445658107,Not New,HUNT J B TRANS SVCS INC,3525.0,41841.0,141.0,1910.0,-3384.0,-39931.0
05329W102,Not New,AUTONATION INC,5194.0,85985.0,3925.0,78026.0,-1269.0,-7959.0
582839106,Not New,MEAD JOHNSON NUTRITION CO,824.0,8199.0,719.0,7474.0,-105.0,-725.0
075887109,Not New,BECTON DICKINSON & CO,1571.0,11287.0,40681.0,357449.0,39110.0,346162.0
075887109,Not New,BECTON DICKINSON & CO,1571.0,11287.0,854.0,7503.0,-717.0,-3784.0
075887109,Not New,BECTON DICKINSON & CO,81041.0,582356.0,40681.0,357449.0,-40360.0,-224907.0
075887109,Not New,BECTON DICKINSON & CO,81041.0,582356.0,854.0,7503.0,-80187.0,-574853.0
82966C103,Not New,SIRONA DENTAL SYSTEMS INC,371.0,4251.0,326.0,4251.0,-45.0,0.0
911312106,Not New,UNITED PARCEL SERVICE INC,628.0,5648.0,69708.0,709204.0,69080.0,703556.0
911312106,Not New,UNITED PARCEL SERVICE INC,628.0,5648.0,1598.0,16255.0,970.0,10607.0
911312106,Not New,UNITED PARCEL SERVICE INC,44470.0,400015.0,69708.0,709204.0,25238.0,309189.0
911312106,Not New,UNITED PARCEL SERVICE INC,44470.0,400015.0,1598.0,16255.0,-42872.0,-383760.0
35671D857,Not New,FREEPORT-MCMORAN INC,11609.0,496971.0,20993.0,642985.0,9384.0,146014.0
845467109,Not New,SOUTHWESTERN ENERGY CO,9224.0,338016.0,24120.0,690128.0,14896.0,352112.0
58933Y105,Not New,MERCK & CO INC NEW,755.0,13298.0,521.0,8790.0,-234.0,-4508.0
61166W101,Not New,MONSANTO CO NEW,6965.0,58302.0,8310.0,73857.0,1345.0,15555.0
119848109,Not New,BUFFALO WILD WINGS INC,909.0,5039.0,29977.0,223258.0,29068.0,218219.0
119848109,Not New,BUFFALO WILD WINGS INC,909.0,5039.0,663.0,4935.0,-246.0,-104.0
119848109,Not New,BUFFALO WILD WINGS INC,41089.0,227790.0,29977.0,223258.0,-11112.0,-4532.0
119848109,Not New,BUFFALO WILD WINGS INC,41089.0,227790.0,663.0,4935.0,-40426.0,-222855.0
886547108,Not New,TIFFANY & CO NEW,753.0,7049.0,56665.0,588360.0,55912.0,581311.0
886547108,Not New,TIFFANY & CO NEW,753.0,7049.0,943.0,9791.0,190.0,2742.0
886547108,Not New,TIFFANY & CO NEW,43543.0,407478.0,56665.0,588360.0,13122.0,180882.0
886547108,Not New,TIFFANY & CO NEW,43543.0,407478.0,943.0,9791.0,-42600.0,-397687.0
053015103,Not New,AUTOMATIC DATA PROCESSING IN,1143.0,13705.0,1098.0,13212.0,-45.0,-493.0
053470100,Sold Out,AVALON RARE METALS INC,94.0,280510.0,,,,
25243Q205,Not New,DIAGEO P L C,11573.0,101437.0,56757.0,491828.0,45184.0,390391.0
25243Q205,Not New,DIAGEO P L C,11573.0,101437.0,1066.0,9234.0,-10507.0,-92203.0
863667101,Not New,STRYKER CORP,411.0,4359.0,274.0,3395.0,-137.0,-964.0
594918104,Not New,MICROSOFT CORP,656.0,14132.0,584.0,12592.0,-72.0,-1540.0
949746119,Sold Out,WELLS FARGO & CO NEW,167.0,8300.0,,,,
037411105,New Holding,APACHE CORP,,,13548.0,216185.0,,
615369105,Not New,MOODYS CORP,1225.0,12782.0,67226.0,711381.0,66001.0,698599.0
615369105,Not New,MOODYS CORP,1225.0,12782.0,1406.0,14882.0,181.0,2100.0
615369105,Not New,MOODYS CORP,64264.0,670739.0,67226.0,711381.0,2962.0,40642.0
615369105,Not New,MOODYS CORP,64264.0,670739.0,1406.0,14882.0,-62858.0,-655857.0
893641100,Not New,TRANSDIGM GROUP INC,1049.0,5342.0,53809.0,291917.0,52760.0,286575.0
893641100,Not New,TRANSDIGM GROUP INC,1049.0,5342.0,1151.0,6242.0,102.0,900.0
893641100,Not New,TRANSDIGM GROUP INC,51982.0,264741.0,53809.0,291917.0,1827.0,27176.0
893641100,Not New,TRANSDIGM GROUP INC,51982.0,264741.0,1151.0,6242.0,-50831.0,-258499.0
151020104,New Holding,CELGENE CORP,,,419.0,3750.0,,
140781105,New Holding,CARBO CERAMICS INC,,,1436.0,35843.0,,
73755L107,Sold Out,POTASH CORP SASK INC,6105.0,176650.0,,,,
094235108,Not New,BLOOMIN BRANDS INC,613.0,24777.0,935.0,51000.0,322.0,26223.0
094235108,Not New,BLOOMIN BRANDS INC,24856.0,1003884.0,935.0,51000.0,-23921.0,-952884.0
31428X106,Sold Out,FEDEX CORP,73991.0,458292.0,,,,
31428X106,Sold Out,FEDEX CORP,1798.0,11139.0,,,,
835495102,Not New,SONOCO PRODS CO,1004.0,22986.0,6059.0,154211.0,5055.0,131225.0
949746101,Not New,WELLS FARGO & CO NEW,1422.0,25947.0,56861.0,1096214.0,55439.0,1070267.0
949746101,Not New,WELLS FARGO & CO NEW,1422.0,25947.0,1431.0,27590.0,9.0,1643.0
949746101,Not New,WELLS FARGO & CO NEW,63779.0,1163426.0,56861.0,1096214.0,-6918.0,-67212.0
949746101,Not New,WELLS FARGO & CO NEW,63779.0,1163426.0,1431.0,27590.0,-62348.0,-1135836.0
45168D104,Not New,IDEXX LABS INC,1133.0,7642.0,1091.0,9260.0,-42.0,1618.0
002824100,Not New,ABBOTT LABS,2033.0,45166.0,1652.0,39721.0,-381.0,-5445.0
878742204,Sold Out,TECK RESOURCES LTD,2877.0,152324.0,,,,
464288687,New Holding,ISHARES,,,670.0,17000.0,,
62886E108,Sold Out,NCR CORP NEW,222.0,6655.0,,,,
762760106,Not New,RICE ENERGY INC,2614.0,124677.0,4381.0,164695.0,1767.0,40018.0
62426E402,Not New,MOUNTAIN PROV DIAMONDS INC,3032.0,725337.0,4328.0,859942.0,1296.0,134605.0
485170302,Not New,KANSAS CITY SOUTHERN,226.0,1855.0,7408.0,61118.0,7182.0,59263.0
485170302,Not New,KANSAS CITY SOUTHERN,15148.0,124137.0,7408.0,61118.0,-7740.0,-63019.0
723787107,Not New,PIONEER NAT RES CO,18375.0,123445.0,28934.0,146895.0,10559.0,23450.0
740189105,Not New,PRECISION CASTPARTS CORP,1525.0,6331.0,1470.0,6206.0,-55.0,-125.0
832696405,Not New,SMUCKER J M CO,250.0,2473.0,281.0,2841.0,31.0,368.0
G2554F113,Not New,COVIDIEN PLC,440.0,4298.0,14325.0,165582.0,13885.0,161284.0
G2554F113,Not New,COVIDIEN PLC,440.0,4298.0,406.0,4698.0,-34.0,400.0
G2554F113,Not New,COVIDIEN PLC,16979.0,166006.0,14325.0,165582.0,-2654.0,-424.0
G2554F113,Not New,COVIDIEN PLC,16979.0,166006.0,406.0,4698.0,-16573.0,-161308.0
G2554F113,Not New,FEDEX CORP,1682.0,9683.0,14325.0,165582.0,12643.0,155899.0
G2554F113,Not New,FEDEX CORP,1682.0,9683.0,406.0,4698.0,-1276.0,-4985.0
G2554F113,Not New,FEDEX CORP,73228.0,421676.0,14325.0,165582.0,-58903.0,-256094.0
G2554F113,Not New,FEDEX CORP,73228.0,421676.0,406.0,4698.0,-72822.0,-416978.0
883556102,Not New,THERMO FISHER SCIENTIFIC INC,821.0,6550.0,30714.0,252378.0,29893.0,245828.0
883556102,Not New,THERMO FISHER SCIENTIFIC INC,821.0,6550.0,835.0,6863.0,14.0,313.0
883556102,Not New,THERMO FISHER SCIENTIFIC INC,30849.0,246219.0,30714.0,252378.0,-135.0,6159.0
883556102,Not New,THERMO FISHER SCIENTIFIC INC,30849.0,246219.0,835.0,6863.0,-30014.0,-239356.0
741503403,Sold Out,PRICELINE GRP INC,34436.0,29723.0,,,,
741503403,Sold Out,PRICELINE GRP INC,967.0,835.0,,,,
001055102,New Holding,AFLAC INC,,,209.0,3419.0,,
931422109,Sold Out,WALGREEN CO,1304.0,21996.0,,,,
G5480U104,Not New,LIBERTY GLOBAL PLC,851.0,16951.0,14159.0,332831.0,13308.0,315880.0
G5480U104,Not New,LIBERTY GLOBAL PLC,851.0,16951.0,393.0,9243.0,-458.0,-7708.0
G5480U104,Not New,LIBERTY GLOBAL PLC,32501.0,647358.0,14159.0,332831.0,-18342.0,-314527.0
G5480U104,Not New,LIBERTY GLOBAL PLC,32501.0,647358.0,393.0,9243.0,-32108.0,-638115.0
585055106,Not New,MEDTRONIC INC,1407.0,19491.0,58884.0,950509.0,57477.0,931018.0
585055106,Not New,MEDTRONIC INC,1407.0,19491.0,1358.0,21923.0,-49.0,2432.0
585055106,Not New,MEDTRONIC INC,69785.0,966552.0,58884.0,950509.0,-10901.0,-16043.0
585055106,Not New,MEDTRONIC INC,69785.0,966552.0,1358.0,21923.0,-68427.0,-944629.0
03524A108,Not New,ANHEUSER BUSCH INBEV SA/NV,30959.0,275636.0,59769.0,539184.0,28810.0,263548.0
03524A108,Not New,ANHEUSER BUSCH INBEV SA/NV,30959.0,275636.0,926.0,8355.0,-30033.0,-267281.0
018490102,Not New,ALLERGAN INC,334.0,1573.0,258.0,1448.0,-76.0,-125.0
136375102,New Holding,CANADIAN NATL RY CO,,,345.0,5000.0,,
47215P106,New Holding,JD COM INC,,,281.0,12141.0,,
443628102,New Holding,HUDBAY MINERALS INC,,,1420.0,162818.0,,
696429307,Not New,PALL CORP,1358.0,13416.0,52528.0,627573.0,51170.0,614157.0
696429307,Not New,PALL CORP,1358.0,13416.0,1194.0,14266.0,-164.0,850.0
696429307,Not New,PALL CORP,63015.0,622617.0,52528.0,627573.0,-10487.0,4956.0
696429307,Not New,PALL CORP,63015.0,622617.0,1194.0,14266.0,-61821.0,-608351.0
907818108,Not New,UNION PAC CORP,1777.0,14917.0,82078.0,757035.0,80301.0,742118.0
907818108,Not New,UNION PAC CORP,1777.0,14917.0,1856.0,17121.0,79.0,2204.0
907818108,Not New,UNION PAC CORP,90635.0,760805.0,82078.0,757035.0,-8557.0,-3770.0
907818108,Not New,UNION PAC CORP,90635.0,760805.0,1856.0,17121.0,-88779.0,-743684.0
084670108,Not New,BERKSHIRE HATHAWAY INC DEL,3842.0,17.0,3517.0,17.0,-325.0,0.0
00751Y106,Not New,ADVANCE AUTO PARTS INC,292.0,1831.0,627.0,4809.0,335.0,2978.0
124857202,Not New,CBS CORP NEW,1496.0,27038.0,45611.0,852539.0,44115.0,825501.0
124857202,Not New,CBS CORP NEW,1496.0,27038.0,10700.0,200000.0,9204.0,172962.0
124857202,Not New,CBS CORP NEW,1496.0,27038.0,1250.0,23364.0,-246.0,-3674.0
124857202,Not New,CBS CORP NEW,59826.0,1081059.0,45611.0,852539.0,-14215.0,-228520.0
124857202,Not New,CBS CORP NEW,59826.0,1081059.0,10700.0,200000.0,-49126.0,-881059.0
124857202,Not New,CBS CORP NEW,59826.0,1081059.0,1250.0,23364.0,-58576.0,-1057695.0
16941M109,Not New,CHINA MOBILE LIMITED,286.0,4854.0,285.0,4854.0,-1.0,0.0
824348106,Not New,SHERWIN WILLIAMS CO,1486.0,5651.0,96198.0,439282.0,94712.0,433631.0
824348106,Not New,SHERWIN WILLIAMS CO,1486.0,5651.0,1457.0,6651.0,-29.0,1000.0
824348106,Not New,SHERWIN WILLIAMS CO,106836.0,406157.0,96198.0,439282.0,-10638.0,33125.0
824348106,Not New,SHERWIN WILLIAMS CO,106836.0,406157.0,1457.0,6651.0,-105379.0,-399506.0
872540109,Not New,TJX COS INC NEW,2730.0,39803.0,3069.0,51862.0,339.0,12059.0
478160104,Not New,JOHNSON & JOHNSON,3014.0,28820.0,2865.0,26874.0,-149.0,-1946.0
191216100,Not New,COCA COLA CO,13401.0,317416.0,15059.0,353003.0,1658.0,35587.0
025816109,New Holding,AMERICAN EXPRESS CO,,,242.0,2600.0,,
713448108,Not New,PEPSICO INC,1502.0,15885.0,1442.0,15485.0,-60.0,-400.0
988498101,Not New,YUM BRANDS INC,659.0,9048.0,651.0,9048.0,-8.0,0.0
742718109,Not New,PROCTER & GAMBLE CO,1478.0,16226.0,1241.0,14818.0,-237.0,-1408.0
904784709,Not New,UNILEVER N V,841.0,21535.0,836.0,21080.0,-5.0,-455.0
891092108,Not New,TORO CO,547.0,8565.0,53691.0,906475.0,53144.0,897910.0
891092108,Not New,TORO CO,547.0,8565.0,1142.0,19275.0,595.0,10710.0
891092108,Not New,TORO CO,30851.0,483478.0,53691.0,906475.0,22840.0,422997.0
891092108,Not New,TORO CO,30851.0,483478.0,1142.0,19275.0,-29709.0,-464203.0
