CUSIP,status,NAME OF ISSUER,(x$1000)_old,PRN AMT_old,(x$1000),PRN AMT,(x$1000)_change,PRN AMT_change
369604103,Sold Out,GENERAL ELECTRIC CO,399.0,13400.0,,,,
053332102,Not New,AUTOZONE INC,3054.0,5354.0,68555.0,94813.0,65501.0,89459.0
78462F103,Not New,SPDR S&P 500 ETF TRUST,1027.0,4247.0,1237.0,5247.0,210.0,1000.0
34959J108,Not New,FORTIVE CORP,1729.0,27297.0,5093.0,84571.0,3364.0,57274.0
679580100,Not New,OLD DOMINION FGHT LINES INC,33526.0,352011.0,33095.0,386758.0,-431.0,34747.0
947890109,New Holding,WEBSTER FINL CORP CONN,,,2994.0,57341.0,,
06742C723,Not New,BARCLAYS BK PLC ETN PLUS SEL MLP,581.0,26050.0,622.0,26050.0,41.0,0.0
438516106,New Holding,HONEYWELL INTL INC COM,,,384.0,2881.0,,
67103H107,Not New,O REILLY AUTOMOTIVE INC NEW,25997.0,118851.0,1414.0,5239.0,-24583.0,-113612.0
40416M105,New Holding,HD SUPPLY HLDGS INC,,,1635.0,53394.0,,
084670702,Not New,BERKSHIRE HATHAWAY INC DEL,79325.0,468351.0,99804.0,598777.0,20479.0,130426.0
354613101,Not New,FRANKLIN RES INC COM,2758.0,61571.0,2643.0,62730.0,-115.0,1159.0
74005P104,Not New,PRAXAIR INC,52341.0,394880.0,69535.0,586300.0,17194.0,191420.0
33616C100,Not New,FIRST REP BK SAN FRANCISCO C,5421.0,54156.0,5328.0,56799.0,-93.0,2643.0
20451N101,Sold Out,COMPASS MINERALS INTL INC,3295.0,48558.0,,,,
16119P108,New Holding,CHARTER COMMUNICATIONS INC N,,,29477.0,87508.0,,
941848103,Not New,WATERS CORP COM,859.0,4672.0,729.0,4666.0,-130.0,-6.0
00206R102,Not New,AT&T INC,686.0,18187.0,1051.0,25305.0,365.0,7118.0
592688105,Not New,METTLER TOLEDO INTERNATIONAL,30862.0,52438.0,23609.0,49297.0,-7253.0,-3141.0
913017109,Sold Out,UNITED TECHNOLOGIES CORP,1560.0,13906.0,,,,
92343V104,Not New,VERIZON COMMUNICATIONS INC COM,414.0,9273.0,398.0,8173.0,-16.0,-1100.0
531229706,Not New,LIBERTY MEDIA CORP DELAWARE,12167.0,509313.0,12259.0,512088.0,92.0,2775.0
840441109,Sold Out,SOUTH ST CORP,1963.0,21974.0,,,,
12739A100,New Holding,CADENCE BANCORPORATION,,,1967.0,89895.0,,
989817101,Not New,ZUMIEZ INC,2421.0,196011.0,3642.0,199025.0,1221.0,3014.0
885160101,New Holding,THOR INDS INC,,,37692.0,360616.0,,
62944T105,New Holding,NVR INC,,,477.0,198.0,,
12504L109,Not New,CBRE GROUP INC,966.0,26552.0,31775.0,913338.0,30809.0,886786.0
320734106,Not New,FIRST LONG IS CORP,5593.0,195575.0,5019.0,185528.0,-574.0,-10047.0
57636Q104,Not New,MASTERCARD INCORPORATED,44980.0,370358.0,41839.0,372005.0,-3141.0,1647.0
57665R106,New Holding,MATCH GROUP INC,,,2003.0,115263.0,,
311900104,Not New,FASTENAL CO COM,592.0,13602.0,1817.0,35288.0,1225.0,21686.0
624758108,Not New,MUELLER WTR PRODS INC,8698.0,744724.0,460.0,38894.0,-8238.0,-705830.0
225401108,Not New,CREDIT SUISSE GROUP,621.0,42500.0,297.0,20000.0,-324.0,-22500.0
200340107,Sold Out,COMERICA INC,13153.0,191785.0,,,,
126650100,Not New,CVS HEALTH CORP COM,286.0,3552.0,266.0,3391.0,-20.0,-161.0
539830109,Not New,LOCKHEED MARTIN CORP,44546.0,160463.0,72753.0,271871.0,28207.0,111408.0
056525108,Not New,BADGER METER INC,1571.0,39414.0,467.0,12697.0,-1104.0,-26717.0
146229109,New Holding,CARTER INC,,,22229.0,249908.0,,
949746804,Not New,WELLS FARGO CO NEW,5866.0,4474.0,5544.0,4474.0,-322.0,0.0
570535104,Not New,MARKEL CORP COM,247.0,253.0,241.0,247.0,-6.0,-6.0
G5480U138,Not New,LIBERTY GLOBAL PLC,10169.0,467108.0,5707.0,256594.0,-4462.0,-210514.0
30231G102,Not New,EXXON MOBIL CORP COM,4762.0,58991.0,4934.0,60161.0,172.0,1170.0
88579Y101,Not New,3M CO COM,8548.0,41061.0,7800.0,40767.0,-748.0,-294.0
87612E106,Sold Out,TARGET CORP,2058.0,37297.0,,,,
34964C106,Not New,FORTUNE BRANDS HOME & SEC IN,62541.0,958623.0,62261.0,1023195.0,-280.0,64572.0
427866108,Not New,HERSHEY CO COM,2315.0,21558.0,2246.0,20555.0,-69.0,-1003.0
704326107,Not New,PAYCHEX INC,2555.0,44872.0,2279.0,38688.0,-276.0,-6184.0
931142103,Not New,WAL-MART STORES INC COM,234.0,3092.0,322.0,4473.0,88.0,1381.0
459200101,Not New,INTERNATIONAL BUSINESS MACHS COM,1906.0,12392.0,2151.0,12352.0,245.0,-40.0
194162103,Not New,COLGATE PALMOLIVE CO COM,311.0,4195.0,493.0,6735.0,182.0,2540.0
03076C106,Not New,AMERIPRISE FINL INC COM,408.0,3204.0,415.0,3204.0,7.0,0.0
26138E109,New Holding,DR PEPPER SNAPPLE GROUP INC,,,21943.0,240839.0,,
887389104,Not New,TIMKEN CO,45340.0,980325.0,51919.0,1148648.0,6579.0,168323.0
963320106,Not New,WHIRLPOOL CORP,91711.0,478607.0,98236.0,573374.0,6525.0,94767.0
115236101,Sold Out,BROWN & BROWN INC,261.0,6252.0,,,,
172967424,Not New,CITIGROUP INC,76116.0,1138101.0,77587.0,1297016.0,1471.0,158915.0
256746108,New Holding,DOLLAR TREE INC,,,14010.0,200365.0,,
718172109,Not New,PHILIP MORRIS INTL INC COM,13075.0,111321.0,11638.0,103082.0,-1437.0,-8239.0
92826C839,Not New,VISA INC,30110.0,321072.0,27542.0,309917.0,-2568.0,-11155.0
717081103,Not New,PFIZER INC COM,223.0,6650.0,232.0,6772.0,9.0,122.0
902973304,New Holding,US BANCORP DEL COM NEW,,,629.0,12112.0,,
98419M100,Not New,XYLEM INC,54500.0,983214.0,26868.0,535002.0,-27632.0,-448212.0
458140100,Not New,INTEL CORP COM,549.0,16264.0,579.0,16050.0,30.0,-214.0
609207105,Not New,MONDELEZ INTL INC CL A,356.0,8235.0,408.0,9466.0,52.0,1231.0
806857108,Sold Out,SCHLUMBERGER LTD,244.0,3126.0,,,,
243537107,Sold Out,DECKERS OUTDOOR CORP,27645.0,462829.0,,,,
02209S103,Not New,ALTRIA GROUP INC COM,794.0,10656.0,743.0,10400.0,-51.0,-256.0
17275R102,New Holding,CISCO SYS INC COM,,,1947.0,62211.0,,
30303M102,Not New,FACEBOOK INC,76878.0,509194.0,67364.0,474226.0,-9514.0,-34968.0
166764100,Not New,CHEVRON CORP NEW COM,288.0,2760.0,282.0,2622.0,-6.0,-138.0
370334104,Not New,GENERAL MILLS INC COM,1811.0,32683.0,1831.0,31022.0,20.0,-1661.0
366651107,New Holding,GARTNER INC,,,10403.0,84232.0,,
22160K105,Not New,COSTCO WHSL CORP NEW,51078.0,319377.0,47874.0,285492.0,-3204.0,-33885.0
500754106,Not New,KRAFT HEINZ CO COM,1303.0,15218.0,1509.0,16619.0,206.0,1401.0
023135106,Not New,AMAZON.COM INC,1004.0,1037.0,890.0,1004.0,-114.0,-33.0
G0177J116,Not New,ALLERGAN PLC,4644.0,5350.0,4541.0,5350.0,-103.0,0.0
86614U100,Not New,SUMMIT MATLS INC,1122.0,38877.0,2943.0,119106.0,1821.0,80229.0
61174X109,New Holding,MONSTER BEVERAGE CORP NEW,,,35322.0,710994.0,,
518439104,Not New,LAUDER ESTEE COS INC CL A,393.0,4092.0,314.0,3705.0,-79.0,-387.0
580135101,Not New,MCDONALDS CORP COM,3398.0,22187.0,2763.0,21320.0,-635.0,-867.0
037833100,Not New,APPLE INC COM,833.0,5785.0,764.0,5315.0,-69.0,-470.0
25754A201,Not New,DOMINOS PIZZA INC,34608.0,163606.0,34624.0,187869.0,16.0,24263.0
437076102,Not New,HOME DEPOT INC,135033.0,880269.0,128960.0,878297.0,-6073.0,-1972.0
00287Y109,New Holding,ABBVIE INC COM,,,219.0,3021.0,,
110122108,Not New,BRISTOL MYERS SQUIBB CO COM,294.0,5283.0,286.0,5257.0,-8.0,-26.0
235851102,Not New,DANAHER CORP DEL COM,228.0,2698.0,262.0,3067.0,34.0,369.0
169656105,New Holding,CHIPOTLE MEXICAN GRILL INC,,,10040.0,24129.0,,
608190104,Not New,MOHAWK INDS INC COM,1221.0,5050.0,1158.0,5046.0,-63.0,-4.0
260543103,Sold Out,DOW CHEM CO,206.0,3246.0,,,,
058498106,Not New,BALL CORP,99537.0,2358142.0,87712.0,1181145.0,-11825.0,-1176997.0
20030N101,Not New,COMCAST CORP NEW,37238.0,956771.0,7668.0,203978.0,-29570.0,-752793.0
931427108,Not New,WALGREENS BOOTS ALLIANCE INC COM,836.0,10680.0,870.0,10470.0,34.0,-210.0
115637209,Not New,BROWN FORMAN CORP,3751.0,77190.0,6457.0,139815.0,2706.0,62625.0
254687106,Not New,DISNEY WALT CO,58435.0,549981.0,57094.0,503523.0,-1341.0,-46458.0
88160RAD3,Sold Out,TESLA INC,1564.0,1500000.0,,,,
084423102,Not New,BERKLEY W R CORP,28730.0,415360.0,34463.0,487942.0,5733.0,72582.0
654106103,Sold Out,NIKE INC,207.0,3714.0,,,,
681919106,Not New,OMNICOM GROUP INC COM,282.0,3400.0,720.0,8346.0,438.0,4946.0
573284106,Not New,MARTIN MARIETTA MATLS INC,93430.0,419759.0,84293.0,386222.0,-9137.0,-33537.0
91911K102,Sold Out,VALEANT PHARMACEUTICALS INTL,1324.0,120000.0,,,,
118440106,Not New,BUCKLE INC,1227.0,68941.0,3527.0,189637.0,2300.0,120696.0
445658107,Sold Out,HUNT J B TRANS SVCS INC,19660.0,214296.0,,,,
45688C107,Not New,INGEVITY CORP,61226.0,1066649.0,51401.0,844717.0,-9825.0,-221932.0
94419L101,Not New,WAYFAIR INC,53187.0,691821.0,46961.0,1159824.0,-6226.0,468003.0
05329W102,Sold Out,AUTONATION INC,1772.0,41908.0,,,,
075887109,Not New,BECTON DICKINSON & CO COM,20843.0,106826.0,24562.0,133899.0,3719.0,27073.0
911312106,Not New,UNITED PARCEL SERVICE INC CL B,2829.0,25583.0,3754.0,34982.0,925.0,9399.0
904311107,Not New,UNDER ARMOUR INC,18697.0,859257.0,3641.0,184080.0,-15056.0,-675177.0
58933Y105,Not New,MERCK & CO INC NEW COM,747.0,11648.0,647.0,10187.0,-100.0,-1461.0
718546104,Not New,PHILLIPS 66,69634.0,842113.0,74908.0,945573.0,5274.0,103460.0
60871R209,Sold Out,MOLSON COORS BREWING CO,9485.0,99102.0,,,,
119848109,New Holding,BUFFALO WILD WINGS INC,,,9796.0,77313.0,,
053015103,Not New,AUTOMATIC DATA PROCESSING INC COM,549.0,5358.0,515.0,5026.0,-34.0,-332.0
02079K107,Not New,ALPHABET INC CAP STK CL C,1231.0,1355.0,1106.0,1333.0,-125.0,-22.0
749685103,Not New,RPM INTL INC,5473.0,100336.0,6644.0,120734.0,1171.0,20398.0
501044101,Sold Out,KROGER CO,206.0,7000.0,,,,
594918104,Not New,MICROSOFT CORP,98909.0,1434914.0,97118.0,1474619.0,-1791.0,39705.0
46625H100,Not New,JPMORGAN CHASE & CO,8843.0,96748.0,662.0,7536.0,-8181.0,-89212.0
615369105,Not New,MOODYS CORP,38391.0,315504.0,36879.0,329155.0,-1512.0,13651.0
151020104,Not New,CELGENE CORP COM,2013.0,15503.0,1921.0,15442.0,-92.0,-61.0
G5960L103,Not New,MEDTRONIC PLC SHS,2382.0,26842.0,2038.0,25304.0,-344.0,-1538.0
31428X106,Not New,FEDEX CORP,68081.0,313260.0,86584.0,443679.0,18503.0,130419.0
835495102,Not New,SONOCO PRODS CO,6318.0,122869.0,6727.0,127118.0,409.0,4249.0
949746101,Not New,WELLS FARGO & CO NEW COM,3686.0,66518.0,3939.0,70760.0,253.0,4242.0
45168D104,Not New,IDEXX LABS INC,25007.0,154921.0,18096.0,117041.0,-6911.0,-37880.0
224122101,Sold Out,CRAFT BREW ALLIANCE INC,134.0,10000.0,,,,
002824100,Sold Out,ABBOTT LABS,213.0,4795.0,,,,
723484101,Sold Out,PINNACLE WEST CAP CORP,226.0,2707.0,,,,
883556102,Not New,THERMO FISHER SCIENTIFIC INC COM,10888.0,62409.0,17681.0,115108.0,6793.0,52699.0
56585A102,Not New,MARATHON PETE CORP COM,2006.0,38334.0,35290.0,698259.0,33284.0,659925.0
03524A108,Not New,ANHEUSER BUSCH INBEV SA/NV ADR,299.0,2707.0,275.0,2506.0,-24.0,-201.0
02079K305,Not New,ALPHABET INC CAP STK CL A,1121.0,1206.0,1091.0,1287.0,-30.0,81.0
907818108,Not New,UNION PAC CORP,62897.0,577511.0,74042.0,699039.0,11145.0,121528.0
88554D205,Not New,3-D SYS CORP DEL,7157.0,382727.0,5097.0,340680.0,-2060.0,-42047.0
G0177J108,Not New,ALLERGAN PLC,37962.0,156165.0,41093.0,171993.0,3131.0,15828.0
084670108,Not New,BERKSHIRE HATHAWAY INC-A,5094.0,20.0,4997.0,20.0,-97.0,0.0
46120E602,Not New,INTUITIVE SURGICAL INC,470.0,502.0,383.0,500.0,-87.0,-2.0
226718104,Not New,CRITEO S A,12975.0,264518.0,10783.0,215696.0,-2192.0,-48822.0
824348106,Not New,SHERWIN WILLIAMS CO,163679.0,466374.0,151472.0,488319.0,-12207.0,21945.0
872540109,Not New,TJX COS INC NEW COM,1663.0,23036.0,2589.0,32736.0,926.0,9700.0
478160104,Not New,JOHNSON & JOHNSON COM,1844.0,13940.0,1822.0,14625.0,-22.0,685.0
191216100,Not New,COCA COLA CO COM,12385.0,276149.0,11593.0,273155.0,-792.0,-2994.0
713448108,Not New,PEPSICO INC COM,8368.0,72456.0,8076.0,72194.0,-292.0,-262.0
770323103,Not New,ROBERT HALF INTL INC,3468.0,72360.0,2039.0,41767.0,-1429.0,-30593.0
36164Y101,Not New,GCP APPLIED TECHNOLOGIES INC,4050.0,132799.0,4137.0,126703.0,87.0,-6096.0
988498101,Not New,YUM BRANDS INC COM,572.0,7758.0,2818.0,44099.0,2246.0,36341.0
550021109,Sold Out,LULULEMON ATHLETICA INC,311.0,6000.0,,,,
742718109,Not New,PROCTER & GAMBLE CO,266.0,3055.0,362.0,4033.0,96.0,978.0
147528103,Not New,CASEYS GEN STORES INC,84727.0,791028.0,107485.0,957550.0,22758.0,166522.0
891092108,Not New,TORO CO,10629.0,153403.0,10470.0,167623.0,-159.0,14220.0
24906P109,Not New,DENTSPLY SIRONA INC,62902.0,970105.0,67720.0,1084565.0,4818.0,114460.0
