CUSIP,status,NAME OF ISSUER,(x$1000)_old,PRN AMT_old,(x$1000),PRN AMT,(x$1000)_change,PRN AMT_change
369604103,New Holding,GENERAL ELECTRIC CO,,,316.0,10000.0,,
053332102,Not New,AUTOZONE INC,109448.0,138579.0,128897.0,167761.0,19449.0,29182.0
053332102,Not New,AUTOZONE INC,109448.0,138579.0,611.0,795.0,-108837.0,-137784.0
78462F103,Sold Out,SPDR S&P 500 ETF TR,2163.0,10000.0,,,,
G0750C108,Not New,AXALTA COATING SYS LTD,3275.0,120404.0,16831.0,595351.0,13556.0,474947.0
G0750C108,Not New,AXALTA COATING SYS LTD,3275.0,120404.0,70.0,2487.0,-3205.0,-117917.0
679580100,Not New,OLD DOMINION FGHT LINES INC,28796.0,335654.0,25163.0,366750.0,-3633.0,31096.0
679580100,Not New,OLD DOMINION FGHT LINES INC,28796.0,335654.0,118.0,1719.0,-28678.0,-333935.0
06742C723,Not New,BARCLAYS BK PLC,613.0,26050.0,609.0,26050.0,-4.0,0.0
67103H107,Not New,O REILLY AUTOMOTIVE INC NEW,1628.0,5849.0,1890.0,6746.0,262.0,897.0
084670702,Not New,BERKSHIRE HATHAWAY INC DEL,4077.0,25017.0,3556.0,24613.0,-521.0,-404.0
354613101,Sold Out,FRANKLIN RES INC,206.0,5785.0,,,,
74005P104,Not New,PRAXAIR INC,506.0,4318.0,427.0,3532.0,-79.0,-786.0
33616C100,Not New,FIRST REP BK SAN FRANCISCO C,6653.0,72208.0,7936.0,102918.0,1283.0,30710.0
62855J104,Not New,MYRIAD GENETICS INC,4846.0,290690.0,2162.0,105074.0,-2684.0,-185616.0
941848103,Not New,WATERS CORP,627.0,4666.0,728.0,4592.0,101.0,-74.0
00206R102,New Holding,AT&T INC,,,868.0,20407.0,,
592688105,Not New,METTLER TOLEDO INTERNATIONAL,19836.0,47390.0,10992.0,26182.0,-8844.0,-21208.0
592688105,Not New,METTLER TOLEDO INTERNATIONAL,19836.0,47390.0,39.0,93.0,-19797.0,-47297.0
009158106,Sold Out,AIR PRODS & CHEMS INC,1100.0,7316.0,,,,
913017109,Not New,UNITED TECHNOLOGIES CORP,1486.0,13552.0,1373.0,13512.0,-113.0,-40.0
92343V104,New Holding,VERIZON COMMUNICATIONS INC,,,416.0,7793.0,,
531229706,New Holding,LIBERTY MEDIA CORP DELAWARE,,,2999.0,146366.0,,
531229706,New Holding,LIBERTY MEDIA CORP DELAWARE,,,372.0,18151.0,,
55825T103,Sold Out,MADISON SQUARE GARDEN CO NEW,1320.0,7789.0,,,,
989817101,Not New,ZUMIEZ INC,1093.0,50000.0,2122.0,117881.0,1029.0,67881.0
12504L109,Not New,CBRE GROUP INC,43273.0,1374171.0,2505.0,89533.0,-40768.0,-1284638.0
320734106,Not New,FIRST LONG IS CORP,3610.0,126453.0,2543.0,76698.0,-1067.0,-49755.0
57636Q104,Not New,MASTERCARD INCORPORATED,39313.0,380756.0,43436.0,426803.0,4123.0,46047.0
57636Q104,Not New,MASTERCARD INCORPORATED,39313.0,380756.0,307.0,3017.0,-39006.0,-377739.0
835451105,Not New,SONIC CORP,2920.0,110142.0,98281.0,3754063.0,95361.0,3643921.0
835451105,Not New,SONIC CORP,2920.0,110142.0,473.0,18054.0,-2447.0,-92088.0
311900104,Not New,FASTENAL CO,1644.0,34999.0,1449.0,34678.0,-195.0,-321.0
225401108,New Holding,CREDIT SUISSE GROUP AG ADR,,,930.0,65000.0,,
200340107,Sold Out,COMERICA INC,5785.0,122251.0,,,,
126650100,Not New,CVS HEALTH CORP,295.0,3734.0,434.0,4879.0,139.0,1145.0
784117103,Not New,SEI INVESTMENTS CO,16514.0,334555.0,88472.0,1939742.0,71958.0,1605187.0
784117103,Not New,SEI INVESTMENTS CO,16514.0,334555.0,377.0,8273.0,-16137.0,-326282.0
928377100,New Holding,VISTA OUTDOOR INC,,,2796.0,75771.0,,
949746804,Not New,WELLS FARGO & CO NEW,5372.0,4514.0,5376.0,4107.0,4.0,-407.0
570535104,Sold Out,MARKEL CORP,5910.0,6363.0,,,,
269808101,New Holding,EAGLE PT CR CO LLC,,,1046.0,62576.0,,
G5480U138,Not New,LIBERTY GLOBAL PLC,4933.0,224634.0,8917.0,323180.0,3984.0,98546.0
G5480U138,Not New,LIBERTY GLOBAL PLC,4933.0,224634.0,38.0,1365.0,-4895.0,-223269.0
30231G102,Not New,EXXON MOBIL CORP,4976.0,55128.0,6212.0,71172.0,1236.0,16044.0
88579Y101,Not New,3M CO,13503.0,75617.0,1328.0,7535.0,-12175.0,-68082.0
87612E106,Not New,TARGET CORP,1684.0,23316.0,1601.0,23316.0,-83.0,0.0
34964C106,Not New,FORTUNE BRANDS HOME & SEC IN,29168.0,545612.0,4299.0,73994.0,-24869.0,-471618.0
427866108,Not New,HERSHEY CO,40781.0,394285.0,1072.0,11217.0,-39709.0,-383068.0
931142103,Not New,WAL-MART STORES INC,2087.0,30194.0,2147.0,29770.0,60.0,-424.0
459200101,Not New,INTERNATIONAL BUSINESS MACHS,16019.0,96508.0,12630.0,79508.0,-3389.0,-17000.0
194162103,Not New,COLGATE PALMOLIVE CO,13216.0,201955.0,19011.0,256426.0,5795.0,54471.0
03076C106,Not New,AMERIPRISE FINL INC,355.0,3204.0,386.0,3864.0,31.0,660.0
963320106,New Holding,WHIRLPOOL CORP,,,54596.0,300359.0,,
494368103,Not New,KIMBERLY CLARK CORP,1044.0,9150.0,1154.0,9150.0,110.0,0.0
115236101,Not New,BROWN & BROWN INC,280.0,6252.0,236.0,6252.0,-44.0,0.0
718172109,Not New,PHILIP MORRIS INTL INC,15559.0,170059.0,5862.0,60298.0,-9697.0,-109761.0
92826C839,Not New,VISA INC,21171.0,271351.0,15847.0,191615.0,-5324.0,-79736.0
717081103,Not New,PFIZER INC,212.0,6522.0,213.0,6302.0,1.0,-220.0
38388F108,Sold Out,GRACE W R & CO DEL NEW,268.0,3626.0,,,,
458140100,Not New,INTEL CORP,582.0,16050.0,606.0,16050.0,24.0,0.0
609207105,Not New,MONDELEZ INTL INC,431.0,9716.0,359.0,8170.0,-72.0,-1546.0
806857108,Not New,SCHLUMBERGER LTD,262.0,3126.0,246.0,3126.0,-16.0,0.0
243537107,New Holding,DECKERS OUTDOOR CORP,,,17918.0,323488.0,,
02209S103,Not New,ALTRIA GROUP INC,640.0,9470.0,599.0,9470.0,-41.0,0.0
060505146,Not New,BANK AMER CORP,378.0,38000.0,176.0,38000.0,-202.0,0.0
30303M102,New Holding,FACEBOOK INC,,,56960.0,495087.0,,
92849E101,Sold Out,VITAMIN SHOPPE INC,992.0,36955.0,,,,
166764100,Not New,CHEVRON CORP NEW,309.0,2622.0,270.0,2622.0,-39.0,0.0
370334104,Not New,GENERAL MLS INC,1863.0,30163.0,1887.0,29536.0,24.0,-627.0
366651107,Sold Out,GARTNER INC,5066.0,57273.0,,,,
40053C105,New Holding,GRUPO FINANCIERO SANTANDER MEX SPON ADR SHS B,,,141.0,19621.0,,
46634E114,Sold Out,JPMORGAN CHASE & CO,1239.0,50300.0,,,,
22160K105,Not New,COSTCO WHSL CORP NEW,83430.0,521081.0,99479.0,652276.0,16049.0,131195.0
22160K105,Not New,COSTCO WHSL CORP NEW,83430.0,521081.0,385.0,2523.0,-83045.0,-518558.0
500754106,Not New,KRAFT HEINZ CO,1512.0,17316.0,1550.0,17314.0,38.0,-2.0
G0177J116,Not New,ALLERGAN PLC,32714.0,42906.0,40415.0,49190.0,7701.0,6284.0
G0177J116,Not New,ALLERGAN PLC,32714.0,42906.0,210.0,255.0,-32504.0,-42651.0
579780206,Not New,MCCORMICK & CO INC,1063.0,11389.0,1409.0,14097.0,346.0,2708.0
87265H109,New Holding,TRI POINTE GROUP INC,,,1854.0,161507.0,,
580135101,Not New,MCDONALDS CORP,2482.0,20389.0,1944.0,16852.0,-538.0,-3537.0
037833100,Not New,APPLE INC,276.0,2386.0,270.0,2386.0,-6.0,0.0
278865100,Sold Out,ECOLAB INC,10766.0,88453.0,,,,
25754A201,Not New,DOMINOS PIZZA INC,36675.0,230312.0,54800.0,360880.0,18125.0,130568.0
25754A201,Not New,DOMINOS PIZZA INC,36675.0,230312.0,259.0,1707.0,-36416.0,-228605.0
437076102,Not New,HOME DEPOT INC,140223.0,1045814.0,144222.0,1120777.0,3999.0,74963.0
437076102,Not New,HOME DEPOT INC,140223.0,1045814.0,694.0,5396.0,-139529.0,-1040418.0
00287Y109,Not New,ABBVIE INC,302.0,4825.0,304.0,4825.0,2.0,0.0
110122108,Not New,BRISTOL MYERS SQUIBB CO,399.0,6819.0,26055.0,483222.0,25656.0,476403.0
110122108,Not New,BRISTOL MYERS SQUIBB CO,399.0,6819.0,135.0,2500.0,-264.0,-4319.0
608190104,Not New,MOHAWK INDS INC,1224.0,6131.0,1209.0,6034.0,-15.0,-97.0
058498106,New Holding,BALL CORP,,,67706.0,901908.0,,
20030N101,Not New,COMCAST CORP NEW,375.0,5437.0,302.0,4555.0,-73.0,-882.0
931427108,Not New,WALGREENS BOOTS ALLIANCE INC,1794.0,21677.0,1748.0,21677.0,-46.0,0.0
85208M102,Sold Out,SPROUTS FMRS MKT INC,2534.0,122711.0,,,,
115637209,Not New,BROWN FORMAN CORP,67045.0,1492550.0,78405.0,1652711.0,11360.0,160161.0
115637209,Not New,BROWN FORMAN CORP,67045.0,1492550.0,291.0,6136.0,-66754.0,-1486414.0
254687106,Not New,DISNEY WALT CO,62519.0,599877.0,75960.0,818008.0,13441.0,218131.0
254687106,Not New,DISNEY WALT CO,62519.0,599877.0,379.0,4079.0,-62140.0,-595798.0
084423102,Not New,BERKLEY W R CORP,32088.0,482456.0,30222.0,523226.0,-1866.0,40770.0
084423102,Not New,BERKLEY W R CORP,32088.0,482456.0,151.0,2616.0,-31937.0,-479840.0
654106103,New Holding,NIKE INC CL B,,,508.0,10000.0,,
681919106,Not New,OMNICOM GROUP INC,710.0,8346.0,709.0,8346.0,-1.0,0.0
573284106,Not New,MARTIN MARIETTA MATLS INC,40468.0,182676.0,45333.0,253104.0,4865.0,70428.0
573284106,Not New,MARTIN MARIETTA MATLS INC,40468.0,182676.0,187.0,1044.0,-40281.0,-181632.0
445658107,Not New,HUNT J B TRANS SVCS INC,3316.0,34163.0,3132.0,38605.0,-184.0,4442.0
05329W102,Not New,AUTONATION INC,118750.0,2440899.0,146084.0,2999058.0,27334.0,558159.0
05329W102,Not New,AUTONATION INC,118750.0,2440899.0,637.0,13075.0,-118113.0,-2427824.0
45688C107,Not New,INGEVITY CORP,49548.0,903180.0,34514.0,748677.0,-15034.0,-154503.0
45688C107,Not New,INGEVITY CORP,49548.0,903180.0,150.0,3254.0,-49398.0,-899926.0
94419L101,Not New,WAYFAIR INC,53889.0,1537479.0,54381.0,1381276.0,492.0,-156203.0
94419L101,Not New,WAYFAIR INC,53889.0,1537479.0,277.0,7025.0,-53612.0,-1530454.0
94419L101,Not New,WAYFAIR INC,53889.0,1537479.0,2303.0,58500.0,-51586.0,-1478979.0
075887109,Not New,BECTON DICKINSON & CO,78218.0,472473.0,89116.0,495832.0,10898.0,23359.0
075887109,Not New,BECTON DICKINSON & CO,78218.0,472473.0,343.0,1907.0,-77875.0,-470566.0
911312106,Not New,UNITED PARCEL SERVICE INC,2930.0,25562.0,2788.0,25491.0,-142.0,-71.0
58933Y105,Not New,MERCK & CO INC,347.0,5887.0,469.0,7517.0,122.0,1630.0
60871R209,New Holding,MOLSON COORS BREWING CO,,,18326.0,188325.0,,
46269C102,Sold Out,IRIDIUM COMMUNICATIONS INC,81.0,10000.0,,,,
119848109,Sold Out,BUFFALO WILD WINGS INC,1407.0,10000.0,,,,
761713106,New Holding,REYNOLDS AMERICAN INC,,,388.0,6919.0,,
886547108,Not New,TIFFANY & CO NEW,3872.0,50000.0,265.0,3643.0,-3607.0,-46357.0
886547108,Not New,TIFFANY & CO NEW,282.0,3643.0,265.0,3643.0,-17.0,0.0
053015103,Not New,AUTOMATIC DATA PROCESSING IN,503.0,4892.0,384.0,4355.0,-119.0,-537.0
02079K107,Not New,ALPHABET INC,982.0,1272.0,973.0,1252.0,-9.0,-20.0
749685103,Not New,RPM INTL INC,6716.0,124772.0,4654.0,86640.0,-2062.0,-38132.0
594918104,Not New,MICROSOFT CORP,98352.0,1582747.0,71967.0,1249432.0,-26385.0,-333315.0
594918104,Not New,MICROSOFT CORP,98352.0,1582747.0,336.0,5828.0,-98016.0,-1576919.0
46625H100,New Holding,JPMORGAN CHASE & CO,,,650.0,7536.0,,
949746119,Not New,WELLS FARGO & CO NEW,1024.0,48000.0,599.0,48000.0,-425.0,0.0
615369105,Not New,MOODYS CORP,75851.0,804615.0,67532.0,623681.0,-8319.0,-180934.0
615369105,Not New,MOODYS CORP,75851.0,804615.0,286.0,2644.0,-75565.0,-801971.0
893641100,New Holding,TRANSDIGM GROUP INC,,,12448.0,50000.0,,
151020104,Not New,CELGENE CORP,1795.0,15504.0,1614.0,15442.0,-181.0,-62.0
G5960L103,Not New,MEDTRONIC PLC,1865.0,26176.0,2232.0,25828.0,367.0,-348.0
749119103,Sold Out,QUOTIENT TECHNOLOGY INC,707.0,53150.0,,,,
016255101,New Holding,ALIGN TECHNOLOGY INC,,,279.0,2903.0,,
31428X106,Not New,FEDEX CORP,47424.0,254694.0,49945.0,285920.0,2521.0,31226.0
31428X106,Not New,FEDEX CORP,47424.0,254694.0,223.0,1275.0,-47201.0,-253419.0
835495102,Not New,SONOCO PRODS CO,6182.0,117304.0,6074.0,114966.0,-108.0,-2338.0
949746101,Not New,WELLS FARGO & CO NEW,3843.0,69737.0,3120.0,70461.0,-723.0,724.0
45168D104,Not New,IDEXX LABS INC,43740.0,372983.0,70470.0,625123.0,26730.0,252140.0
45168D104,Not New,IDEXX LABS INC,43740.0,372983.0,257.0,2282.0,-43483.0,-370701.0
942749102,New Holding,WATTS WATER TECHNOLOGIES INC,,,386.0,5924.0,,
224122101,New Holding,CRAFT BREW ALLIANCE INC,,,1647.0,97469.0,,
002824100,Not New,ABBOTT LABS,1215.0,31627.0,1676.0,39631.0,461.0,8004.0
43300A104,Sold Out,HILTON WORLDWIDE HLDGS INC,84985.0,3706266.0,,,,
43300A104,Sold Out,HILTON WORLDWIDE HLDGS INC,429.0,18714.0,,,,
723484101,New Holding,PINNACLE WEST CAP CORP,,,211.0,2707.0,,
883556102,Not New,THERMO FISHER SCIENTIFIC INC,77182.0,547005.0,84998.0,534374.0,7816.0,-12631.0
883556102,Not New,THERMO FISHER SCIENTIFIC INC,77182.0,547005.0,394.0,2479.0,-76788.0,-544526.0
878193101,Not New,TEARLAB CORP,200.0,391943.0,5.0,7158.0,-195.0,-384785.0
878193101,Not New,TEARLAB CORP,200.0,391943.0,800.0,1230410.0,600.0,838467.0
42806J106,New Holding,HERTZ GLOBAL HLDGS INC,,,476.0,22098.0,,
74348T102,Sold Out,PROSPECT CAPITAL CORPORATION,255.0,31500.0,,,,
881624209,New Holding,TEVA PHARMACEUTICAL CLL OPT 3/17 35,,,725.0,20000.0,,
03524A108,Not New,ANHEUSER BUSCH INBEV SA/NV,8663.0,82164.0,78587.0,598032.0,69924.0,515868.0
03524A108,Not New,ANHEUSER BUSCH INBEV SA/NV,8663.0,82164.0,291.0,2216.0,-8372.0,-79948.0
02079K305,Not New,ALPHABET INC,956.0,1207.0,971.0,1207.0,15.0,0.0
907818108,Not New,UNION PAC CORP,72973.0,703825.0,65606.0,672671.0,-7367.0,-31154.0
907818108,Not New,UNION PAC CORP,72973.0,703825.0,271.0,2780.0,-72702.0,-701045.0
90384S303,Sold Out,ULTA SALON COSMETCS & FRAG I,22684.0,95317.0,,,,
90384S303,Sold Out,ULTA SALON COSMETCS & FRAG I,129.0,541.0,,,,
G0177J108,Not New,ALLERGAN PLC,58751.0,279754.0,105062.0,456178.0,46311.0,176424.0
G0177J108,Not New,ALLERGAN PLC,58751.0,279754.0,534.0,2318.0,-58217.0,-277436.0
084670108,Not New,BERKSHIRE HATHAWAY INC DEL,4394.0,18.0,3892.0,18.0,-502.0,0.0
46120E602,New Holding,INTUITIVE SURGICAL INC,,,317.0,500.0,,
00751Y106,Sold Out,ADVANCE AUTO PARTS INC,4567.0,30627.0,,,,
824348106,Not New,SHERWIN WILLIAMS CO,161305.0,600226.0,152504.0,551231.0,-8801.0,-48995.0
824348106,Not New,SHERWIN WILLIAMS CO,161305.0,600226.0,663.0,2398.0,-160642.0,-597828.0
872540109,Not New,TJX COS INC NEW,2523.0,33576.0,2782.0,37208.0,259.0,3632.0
109194100,New Holding,BRIGHT HORIZONS FAM SOL IN D,,,3224.0,46048.0,,
478160104,Not New,JOHNSON & JOHNSON,1649.0,14313.0,2737.0,23173.0,1088.0,8860.0
191216100,Not New,COCA COLA CO,11821.0,285123.0,16818.0,397398.0,4997.0,112275.0
713448108,Not New,PEPSICO INC,15003.0,143393.0,1542.0,14177.0,-13461.0,-129216.0
770323103,New Holding,ROBERT HALF INTL INC,,,30090.0,616842.0,,
988498101,Not New,YUM BRANDS INC,33117.0,522924.0,477.0,5253.0,-32640.0,-517671.0
742718109,Not New,PROCTER AND GAMBLE CO,2163.0,25724.0,2293.0,25552.0,130.0,-172.0
147528103,Not New,CASEYS GEN STORES INC,115595.0,972363.0,119532.0,994855.0,3937.0,22492.0
147528103,Not New,CASEYS GEN STORES INC,115595.0,972363.0,479.0,3986.0,-115116.0,-968377.0
891092108,Not New,TORO CO,9622.0,171975.0,7934.0,169382.0,-1688.0,-2593.0
24906P109,Not New,DENTSPLY SIRONA INC,41755.0,723287.0,3718.0,62562.0,-38037.0,-660725.0
