CUSIP,status,NAME OF ISSUER,(x$1000)_old,PRN AMT_old,(x$1000),PRN AMT,(x$1000)_change,PRN AMT_change
45672H104,Not New,INFOBLOX INC,7193.0,171997.0,8676.0,296498.0,1483.0,124501.0
26884L109,Not New,EQT CORP,13008.0,146624.0,13925.0,175449.0,917.0,28825.0
G81276100,Not New,SIGNET JEWELERS LIMITED,11814.0,164887.0,9210.0,136586.0,-2604.0,-28301.0
66987V109,New Holding,NOVARTIS A G,,,395.0,5146.0,,
867224107,Not New,SUNCOR ENERGY INC NEW,15098.0,421980.0,14898.0,505182.0,-200.0,83202.0
192446102,Not New,COGNIZANT TECHNOLOGY SOLUTIO,537.0,6540.0,382.0,6103.0,-155.0,-437.0
913017117,Not New,UNITED TECHNOLOGIES CORP,5232.0,80750.0,4770.0,80350.0,-462.0,-400.0
80004C101,Sold Out,SANDISK CORP,13611.0,222765.0,,,,
12646R105,New Holding,CST BRANDS INC,,,6131.0,205741.0,,
82568P304,Sold Out,SHUTTERFLY INC,3872.0,69409.0,,,,
58155Q103,New Holding,MCKESSON CORP,,,245.0,1911.0,,
057224107,Not New,BAKER HUGHES INC,33476.0,681795.0,37787.0,819152.0,4311.0,137357.0
637071101,Not New,NATIONAL OILWELL VARCO INC,57504.0,736189.0,65400.0,949202.0,7896.0,213013.0
344419106,Sold Out,FOMENTO ECONOMICO MEXICANO SAB DE CV ADR,4731.0,45852.0,,,,
084670702,Not New,BERKSHIRE HATHAWAY INC DEL,30313.0,267052.0,28944.0,258615.0,-1369.0,-8437.0
354613101,Not New,FRANKLIN RES INC,1305.0,25815.0,482.0,3540.0,-823.0,-22275.0
423452101,Not New,HELMERICH & PAYNE INC,18537.0,268848.0,20187.0,323249.0,1650.0,54401.0
74005P104,Not New,PRAXAIR INC,5204.0,43287.0,4940.0,42901.0,-264.0,-386.0
89151E109,New Holding,TOTAL S A,,,281.0,4858.0,,
983134107,Not New,WYNN RESORTS LTD,2028.0,12834.0,1623.0,12677.0,-405.0,-157.0
009158106,Not New,AIR PRODS & CHEMS INC,5800.0,54426.0,4016.0,43854.0,-1784.0,-10572.0
256677105,Not New,DOLLAR GEN CORP NEW,143655.0,2544359.0,156020.0,3093800.0,12365.0,549441.0
125269100,New Holding,CF INDS HLDGS INC,,,23338.0,110696.0,,
913017109,Not New,UNITED TECHNOLOGIES CORP,6552.0,60765.0,5616.0,60425.0,-936.0,-340.0
92343V104,Sold Out,VERIZON COMMUNICATIONS INC COM,395.0,7839.0,,,,
026874784,New Holding,AMERICAN INTL GROUP INC,,,213.0,4374.0,,
13645T100,Not New,CANADIAN PAC RY LTD,208.0,1690.0,9920.0,81729.0,9712.0,80039.0
75281A109,Not New,RANGE RES CORP,38358.0,505447.0,49409.0,639015.0,11051.0,133568.0
46428Q109,New Holding,ISHARES SILVER TRUST,,,15317.0,733225.0,,
724479100,New Holding,PITNEY BOWES INC,,,7563.0,415772.0,,
57636Q104,Not New,MASTERCARD INC,69286.0,102984.0,55452.0,96522.0,-13834.0,-6462.0
Y2066G104,Not New,DIANA SHIPPING INC,8606.0,712999.0,6023.0,599930.0,-2583.0,-113069.0
343412102,Not New,FLUOR CORP NEW,29672.0,418148.0,29904.0,504191.0,232.0,86043.0
05874B107,New Holding,BALLY TECHNOLOGIES INC,,,33783.0,468822.0,,
57772K101,New Holding,MAXIM INTEGRATED PRODS INC,,,18040.0,605372.0,,
126650100,New Holding,CVS CAREMARK CORPORATION,,,246.0,4340.0,,
784117103,Sold Out,SEI INVESTMENTS,3450.0,121355.0,,,,
371532102,Not New,GENESCO INC,41471.0,632377.0,41370.0,617553.0,-101.0,-14824.0
949746804,Not New,WELLS FARGO & CO NEW,8049.0,7076.0,6998.0,5861.0,-1051.0,-1215.0
570535104,New Holding,MARKEL CORP,,,207.0,400.0,,
G54050102,New Holding,LAZARD LTD,,,9418.0,261472.0,,
30231G102,Not New,EXXON MOBIL CORP,6429.0,74726.0,6721.0,74389.0,292.0,-337.0
87612E106,Not New,TARGET CORP,5148.0,80455.0,5563.0,80785.0,415.0,330.0
293792107,Sold Out,ENTERPRISE PRODS PARTNERS L P COM,323.0,5200.0,,,,
406216101,Not New,HALLIBURTON CO,35468.0,736611.0,36705.0,879803.0,1237.0,143192.0
008916108,Not New,AGRIUM INC,12720.0,151377.0,27822.0,319938.0,15102.0,168561.0
09253U108,Not New,BLACKSTONE GROUP L P,17996.0,723009.0,21286.0,1010745.0,3290.0,287736.0
Y2109Q101,Not New,DRYSHIPS INC,11618.0,3281855.0,5536.0,2960656.0,-6082.0,-321199.0
26875P101,Not New,EOG RES INC,49131.0,290236.0,48209.0,366105.0,-922.0,75869.0
931142103,Not New,WAL-MART STORES INC,69902.0,945132.0,55793.0,748999.0,-14109.0,-196133.0
487836108,Not New,KELLOGG CO,3441.0,58586.0,3763.0,58586.0,322.0,0.0
009363102,Not New,AIRGAS INC,98920.0,932769.0,111649.0,1169588.0,12729.0,236819.0
459200101,Not New,INTERNATIONAL BUSINESS MACHS,2953.0,15946.0,3066.0,16042.0,113.0,96.0
194162103,Not New,COLGATE PALMOLIVE CO,44837.0,756112.0,48873.0,853075.0,4036.0,96963.0
339041105,Not New,FLEETCOR TECHNOLOGIES INC,94555.0,858344.0,52786.0,649275.0,-41769.0,-209069.0
81369Y308,New Holding,SELECT SECTOR SPDR TR,,,206.0,5185.0,,
256746108,Not New,DOLLAR TREE INC,35848.0,627154.0,42873.0,843291.0,7025.0,216137.0
718172109,Not New,PHILIP MORRIS INTL INC,320.0,3690.0,385.0,4439.0,65.0,749.0
92826C839,Not New,VISA INC,1464.0,7663.0,1626.0,8896.0,162.0,1233.0
00104Q107,Not New,AFC ENTERPRISES INC,27465.0,630073.0,57462.0,1598836.0,29997.0,968763.0
38388F108,Not New,GRACE W R & CO DEL NEW,216798.0,2480531.0,205637.0,2446889.0,-11161.0,-33642.0
92345Y106,Not New,VERISK ANALYTICS INC,64331.0,990315.0,56839.0,952082.0,-7492.0,-38233.0
291011104,Not New,EMERSON ELEC CO,5373.0,83040.0,4529.0,83040.0,-844.0,0.0
806857108,Not New,SCHLUMBERGER LTD,49636.0,561742.0,50730.0,707926.0,1094.0,146184.0
047477104,New Holding,ATHLON ENERGY INC,,,9023.0,275947.0,,
713831105,Not New,PERICOM SEMICONDUCTOR CORP,4471.0,573159.0,3955.0,555485.0,-516.0,-17674.0
16949N109,Not New,CHINA LODGING GROUP LTD,380.0,20000.0,320.0,20000.0,-60.0,0.0
166764100,Not New,CHEVRON CORP NEW,27689.0,227893.0,46477.0,392740.0,18788.0,164847.0
370334104,Not New,GENERAL MLS INC,3227.0,67346.0,3268.0,67346.0,41.0,0.0
874080104,New Holding,TAL ED GROUP,,,403.0,27816.0,,
20605P101,Not New,CONCHO RES INC,14114.0,129710.0,12970.0,154920.0,-1144.0,25210.0
261608103,Sold Out,DRESSER-RAND GROUP INC,6082.0,101400.0,,,,
22160K105,Not New,COSTCO WHSL CORP NEW,102200.0,887765.0,92324.0,834984.0,-9876.0,-52781.0
61945C103,Not New,MOSAIC CO NEW,11167.0,259568.0,42080.0,782002.0,30913.0,522434.0
84649R200,Not New,SPANSION INC,36396.0,3607142.0,58633.0,4683163.0,22237.0,1076021.0
636518102,Sold Out,NATIONAL INSTRUMENTS CORP,999.0,35746.0,,,,
82817Q103,Not New,SILVER SPRING NETWORKS INC,7136.0,411764.0,10269.0,411764.0,3133.0,0.0
580135101,Not New,MCDONALDS CORP,41110.0,427299.0,56550.0,571217.0,15440.0,143918.0
37954N206,Not New,GLOBE SPECIALTY METALS INC,13563.0,880148.0,10820.0,995365.0,-2743.0,115217.0
032095101,Sold Out,AMPHENOL CORP,8906.0,114272.0,,,,
65487X102,Not New,NOAH HLDGS LTD,2666.0,156343.0,1358.0,153100.0,-1308.0,-3243.0
037833100,New Holding,APPLE INC,,,268.0,562.0,,
278865100,Not New,ECOLAB INC,58666.0,594027.0,42776.0,502126.0,-15890.0,-91901.0
25754A201,Not New,DOMINOS PIZZA INC,51962.0,764708.0,42195.0,725623.0,-9767.0,-39085.0
437076102,Not New,HOME DEPOT INC,88414.0,1165644.0,105072.0,1356292.0,16658.0,190648.0
57060U100,Not New,MARKET VECTORS ETF TR,7879.0,314416.0,9521.0,390062.0,1642.0,75646.0
110122108,Not New,BRISTOL MYERS SQUIBB CO,270.0,5829.0,238.0,5329.0,-32.0,-500.0
25278X109,Not New,DIAMONDBACK ENERGY INC,7992.0,187437.0,7624.0,228826.0,-368.0,41389.0
127097103,Not New,CABOT OIL & GAS CORP,34941.0,936241.0,42286.0,595405.0,7345.0,-340836.0
553530106,Not New,MSC INDL DIRECT INC,50905.0,625747.0,33660.0,434550.0,-17245.0,-191197.0
867914103,Not New,SUNTRUST BKS INC,8978.0,276920.0,15788.0,500081.0,6810.0,223161.0
143130102,New Holding,CARMAX INC,,,25568.0,527511.0,,
402635304,Not New,GULFPORT ENERGY CORP,20283.0,315253.0,17837.0,378948.0,-2446.0,63695.0
115637209,Not New,BROWN FORMAN CORP,81284.0,1193078.0,72526.0,1073661.0,-8758.0,-119417.0
254687106,Not New,DISNEY WALT CO,43708.0,677749.0,40308.0,638286.0,-3400.0,-39463.0
171232101,Not New,CHUBB CORP,4917.0,55082.0,4663.0,55082.0,-254.0,0.0
981475106,New Holding,WORLD FUEL SVCS CORP,,,5782.0,154964.0,,
548661107,Not New,LOWES COS INC,3384.0,71069.0,5188.0,126843.0,1804.0,55774.0
78464A797,Sold Out,SPDR S&P BANK INDEX ETF,14242.0,495900.0,,,,
231021106,Not New,CUMMINS INC,9012.0,67829.0,6030.0,55600.0,-2982.0,-12229.0
582839106,Sold Out,MEAD JOHNSON NUTRITION CO,291.0,3668.0,,,,
595112103,Not New,MICRON TECHNOLOGY INC,44468.0,2545415.0,61006.0,4257246.0,16538.0,1711831.0
075887109,Not New,BECTON DICKINSON & CO,53373.0,533626.0,50912.0,515146.0,-2461.0,-18480.0
911312106,Not New,UNITED PARCEL SERVICE INC,68051.0,744781.0,53897.0,623228.0,-14154.0,-121553.0
35671D857,New Holding,FREEPORT-MCMORAN COPPER & GO,,,13850.0,418671.0,,
845467109,Not New,SOUTHWESTERN ENERGY CO,29802.0,819187.0,35968.0,984617.0,6166.0,165430.0
58933Y105,Not New,MERCK & CO INC NEW,1491.0,31315.0,1521.0,32750.0,30.0,1435.0
60871R209,Not New,MOLSON COORS BREWING CO,3047.0,60775.0,2909.0,60775.0,-138.0,0.0
06739H362,Sold Out,BARCLAYS BANK PLC ADR PFD SR 5,633.0,25000.0,,,,
779376102,Sold Out,ROVI CORP,3342.0,146322.0,,,,
61166W101,Not New,MONSANTO CO NEW,11947.0,114469.0,13618.0,137836.0,1671.0,23367.0
25179M103,Sold Out,DEVON ENERGY CORP,18785.0,362088.0,,,,
921937827,Sold Out,VANGUARD SHORT-TERM BOND ETF,1513.0,18900.0,,,,
886547108,Not New,TIFFANY & CO NEW,60107.0,784486.0,55437.0,761073.0,-4670.0,-23413.0
053015103,Not New,AUTOMATIC DATA PROCESSING IN,5977.0,82582.0,5687.0,82582.0,-290.0,0.0
053470100,Not New,AVALON RARE METALS INC,628.0,660584.0,327.0,660584.0,-301.0,0.0
25243Q205,Not New,DIAGEO P L C,80055.0,629960.0,69841.0,607576.0,-10214.0,-22384.0
48248M102,Not New,KKR & CO L P DEL,44497.0,2162169.0,69931.0,3557030.0,25434.0,1394861.0
674599105,Not New,OCCIDENTAL PETE CORP DEL,36866.0,394123.0,42418.0,475377.0,5552.0,81254.0
594918104,New Holding,MICROSOFT CORP,,,237.0,7104.0,,
949746119,New Holding,WELLS FARGO & CO NEW,,,1042.0,74239.0,,
037411105,New Holding,APACHE CORP,,,12588.0,147856.0,,
615369105,Not New,MOODYS CORP,71726.0,1019847.0,58679.0,963059.0,-13047.0,-56788.0
64051T100,Not New,NEOPHOTONICS CORP,4409.0,596594.0,5127.0,590042.0,718.0,-6552.0
69344F106,Not New,PMC-SIERRA INC,4846.0,732025.0,11878.0,1870487.0,7032.0,1138462.0
501889208,Not New,LKQ CORP,63973.0,2007940.0,106409.0,4132369.0,42436.0,2124429.0
928551100,Sold Out,VIVUS,21393.0,1700584.0,,,,
059692103,Sold Out,BANCORPSOUTH INC,3891.0,219827.0,,,,
73755L107,Not New,POTASH CORP SASK INC,8180.0,261501.0,34015.0,892073.0,25835.0,630572.0
31428X106,New Holding,FEDEX CORP,,,11781.0,103241.0,,
835495102,Not New,SONOCO PRODS CO,765.0,19645.0,676.0,19560.0,-89.0,-85.0
655844108,Not New,NORFOLK SOUTHERN CORP,26823.0,346768.0,9710.0,133660.0,-17113.0,-213108.0
949746101,Not New,WELLS FARGO & CO NEW,50152.0,1213749.0,46821.0,1134504.0,-3331.0,-79245.0
874080904,New Holding,XRS CORP,,,145.0,10000.0,,
Y2187A119,Not New,EAGLE BULK SHIPPING INC,2106.0,293353.0,1234.0,338028.0,-872.0,44675.0
62886E108,New Holding,NCR CORP NEW,,,233.0,5891.0,,
095180105,Not New,BLOUNT INTL INC NEW,18020.0,1488063.0,24017.0,2031860.0,5997.0,543797.0
049513104,Not New,ATMEL CORP,23023.0,3094424.0,33209.0,4518261.0,10186.0,1423837.0
62426E402,Not New,MOUNTAIN PROV DIAMONDS INC,4128.0,777605.0,3939.0,788142.0,-189.0,10537.0
917286205,Not New,URSTADT BIDDLE PPTYS INC,292.0,14670.0,296.0,14670.0,4.0,0.0
880770102,Sold Out,TERADYNE INC,5271.0,300000.0,,,,
723787107,Not New,PIONEER NAT RES CO,50146.0,265604.0,48316.0,333787.0,-1830.0,68183.0
80105N105,New Holding,SANOFI,,,602.0,11881.0,,
57636Q954,New Holding,MASTERCARD INC,,,16820.0,25000.0,,
001055102,New Holding,AFLAC INC,,,212.0,3419.0,,
931422109,Not New,WALGREEN CO,6711.0,124740.0,5525.0,125010.0,-1186.0,270.0
56804T106,Sold Out,MARIN SOFTWARE INC,2904.0,283570.0,,,,
849415203,Sold Out,SPREADTRUM COMMUNICATIONS INC,239.0,9100.0,,,,
03524A108,Not New,ANHEUSER BUSCH INBEV SA/NV,84871.0,855555.0,89270.0,989028.0,4399.0,133473.0
018490102,New Holding,ALLERGAN INC,,,417.0,4614.0,,
23334L102,Not New,DSW INC,27210.0,318914.0,31435.0,427858.0,4225.0,108944.0
907818108,Not New,UNION PAC CORP,70644.0,454771.0,62789.0,406983.0,-7855.0,-47788.0
320517105,Not New,FIRST HORIZON NATL CORP,13365.0,1216081.0,27323.0,2439577.0,13958.0,1223496.0
45245E109,Not New,IMAX CORP,2325.0,76881.0,14581.0,586518.0,12256.0,509637.0
678026105,New Holding,OIL STS INTL INC,,,444.0,4290.0,,
824348106,Not New,SHERWIN WILLIAMS CO,147369.0,808917.0,158290.0,896319.0,10921.0,87402.0
Y0486S104,Not New,AVAGO TECHNOLOGIES LTD,43182.0,1001441.0,71937.0,1924466.0,28755.0,923025.0
478160104,Not New,JOHNSON & JOHNSON,5900.0,68053.0,5811.0,67678.0,-89.0,-375.0
191216100,Not New,COCA COLA CO,19985.0,527588.0,18716.0,466624.0,-1269.0,-60964.0
713448108,Not New,PEPSICO INC,5585.0,70252.0,5746.0,70252.0,161.0,0.0
770323103,Not New,ROBERT HALF INTL INC,18071.0,463009.0,17414.0,524030.0,-657.0,61021.0
988498101,Not New,YUM BRANDS INC,1219.0,17076.0,11788.0,170001.0,10569.0,152925.0
742718109,Not New,PROCTER & GAMBLE CO,5235.0,69257.0,5332.0,69262.0,97.0,5.0
904784709,Not New,UNILEVER N V,7240.0,191939.0,43928.0,1117482.0,36688.0,925543.0
891092108,New Holding,TORO CO,,,31520.0,579936.0,,
