CUSIP,status,NAME OF ISSUER,(x$1000)_old,PRN AMT_old,(x$1000),PRN AMT,(x$1000)_change,PRN AMT_change
45672H104,Sold Out,INFOBLOX INC,4847.0,241621.0,,,,
26884L109,Not New,EQT CORP,10652.0,99644.0,10267.0,105874.0,-385.0,6230.0
G81276100,Not New,SIGNET JEWELERS LIMITED,43614.0,394372.0,18804.0,177633.0,-24810.0,-216739.0
G81276100,Not New,SIGNET JEWELERS LIMITED,685.0,6196.0,18804.0,177633.0,18119.0,171437.0
784178303,Sold Out,SFX ENTMT INC,6265.0,888683.0,,,,
189754104,Sold Out,COACH INC,21215.0,427195.0,,,,
189754104,Sold Out,COACH INC,489.0,9841.0,,,,
66987V109,Not New,NOVARTIS A G,204.0,2255.0,438.0,5146.0,234.0,2891.0
867224107,Not New,SUNCOR ENERGY INC NEW,12152.0,285050.0,10790.0,308649.0,-1362.0,23599.0
913017117,Not New,UNITED TECHNOLOGIES CORP,1493.0,22900.0,2020.0,30350.0,527.0,7450.0
12646R105,Not New,CST BRANDS INC,32959.0,955334.0,38236.0,1223959.0,5277.0,268625.0
12646R105,Not New,CST BRANDS INC,32959.0,955334.0,751.0,24037.0,-32208.0,-931297.0
12646R105,Not New,CST BRANDS INC,820.0,23775.0,38236.0,1223959.0,37416.0,1200184.0
12646R105,Not New,CST BRANDS INC,820.0,23775.0,751.0,24037.0,-69.0,262.0
057224107,Not New,BAKER HUGHES INC,31808.0,427242.0,30029.0,461849.0,-1779.0,34607.0
637071101,Not New,NATIONAL OILWELL VARCO INC,11144.0,135320.0,19530.0,250799.0,8386.0,115479.0
655664100,Sold Out,NORDSTROM INC,5209.0,83417.0,,,,
655664100,Sold Out,NORDSTROM INC,155.0,2475.0,,,,
67103H107,Sold Out,O REILLY AUTOMOTIVE INC NEW,297.0,2000.0,,,,
423452101,Not New,HELMERICH & PAYNE INC,17787.0,153189.0,21128.0,196432.0,3341.0,43243.0
354613101,Not New,FRANKLIN RES INC,492.0,8510.0,840.0,15510.0,348.0,7000.0
084670702,Sold Out,BERKSHIRE HATHAWAY INC DEL,1424.0,11391.0,,,,
74005P104,Not New,PRAXAIR INC,961.0,7236.0,2598.0,19835.0,1637.0,12599.0
89151E109,Sold Out,TOTAL S A,319.0,4858.0,,,,
983134107,Sold Out,WYNN RESORTS LTD,2253.0,10143.0,,,,
74734M109,Sold Out,QIHOO 360 TECHNOLOGY CO LTD,409.0,4106.0,,,,
09247X101,Sold Out,BLACKROCK INC,336.0,1067.0,,,,
98310W108,Not New,WYNDHAM WORLDWIDE CORP,58373.0,770907.0,21788.0,297527.0,-36585.0,-473380.0
98310W108,Not New,WYNDHAM WORLDWIDE CORP,58373.0,770907.0,489.0,6675.0,-57884.0,-764232.0
98310W108,Not New,WYNDHAM WORLDWIDE CORP,1405.0,18551.0,21788.0,297527.0,20383.0,278976.0
98310W108,Not New,WYNDHAM WORLDWIDE CORP,1405.0,18551.0,489.0,6675.0,-916.0,-11876.0
009158106,Not New,AIR PRODS & CHEMS INC,1336.0,10385.0,1339.0,11249.0,3.0,864.0
256677105,Not New,DOLLAR GEN CORP NEW,50238.0,875836.0,88373.0,1592883.0,38135.0,717047.0
256677105,Not New,DOLLAR GEN CORP NEW,50238.0,875836.0,1135.0,20463.0,-49103.0,-855373.0
256677105,Not New,DOLLAR GEN CORP NEW,1347.0,23481.0,88373.0,1592883.0,87026.0,1569402.0
256677105,Not New,DOLLAR GEN CORP NEW,1347.0,23481.0,1135.0,20463.0,-212.0,-3018.0
913017109,Not New,UNITED TECHNOLOGIES CORP,1035.0,8966.0,2871.0,24572.0,1836.0,15606.0
92343V104,Sold Out,VERIZON COMMUNICATIONS INC,386.0,8110.0,,,,
126804301,Sold Out,CABELAS INC,5138.0,78436.0,,,,
126804301,Sold Out,CABELAS INC,161.0,2455.0,,,,
675232102,Not New,OCEANEERING INTL INC,3234.0,41393.0,10669.0,148475.0,7435.0,107082.0
026874784,Sold Out,AMERICAN INTL GROUP INC,219.0,4374.0,,,,
13645T100,Sold Out,CANADIAN PAC RY LTD,37338.0,248207.0,,,,
13645T100,Sold Out,CANADIAN PAC RY LTD,851.0,5660.0,,,,
75281A109,Not New,RANGE RES CORP,26606.0,305987.0,27431.0,330610.0,825.0,24623.0
01973R101,Not New,ALLISON TRANSMISSION HLDGS I,63900.0,2054666.0,1572.0,52510.0,-62328.0,-2002156.0
01973R101,Not New,ALLISON TRANSMISSION HLDGS I,63900.0,2054666.0,49.0,1639.0,-63851.0,-2053027.0
01973R101,Not New,ALLISON TRANSMISSION HLDGS I,1528.0,49146.0,1572.0,52510.0,44.0,3364.0
01973R101,Not New,ALLISON TRANSMISSION HLDGS I,1528.0,49146.0,49.0,1639.0,-1479.0,-47507.0
03674X106,Not New,ANTERO RES CORP,11825.0,180181.0,6484.0,103584.0,-5341.0,-76597.0
46428Q109,Not New,ISHARES SILVER TRUST,16507.0,815148.0,16460.0,864517.0,-47.0,49369.0
57636Q104,Not New,MASTERCARD INC,62096.0,845193.0,84237.0,1127675.0,22141.0,282482.0
57636Q104,Not New,MASTERCARD INC,62096.0,845193.0,1718.0,23003.0,-60378.0,-822190.0
57636Q104,Not New,MASTERCARD INC,1763.0,24000.0,84237.0,1127675.0,82474.0,1103675.0
57636Q104,Not New,MASTERCARD INC,1763.0,24000.0,1718.0,23003.0,-45.0,-997.0
Y2066G104,Sold Out,DIANA SHIPPING INC,3119.0,260103.0,,,,
311900104,Not New,FASTENAL CO,336.0,6788.0,667.0,13520.0,331.0,6732.0
67011P100,New Holding,NOW INC,,,8293.0,229033.0,,
556269108,Not New,MADDEN STEVEN LTD,5327.0,155297.0,8879.0,246779.0,3552.0,91482.0
343412102,Not New,FLUOR CORP NEW,21740.0,282711.0,23703.0,304937.0,1963.0,22226.0
126650100,Sold Out,CVS CAREMARK CORPORATION,250.0,3340.0,,,,
571748102,Sold Out,MARSH & MCLENNAN COS INC,463.0,9401.0,,,,
949746804,Not New,WELLS FARGO & CO NEW,1074.0,885.0,1675.0,1428.0,601.0,543.0
570535104,Sold Out,MARKEL CORP,304.0,510.0,,,,
G54050102,Not New,LAZARD LTD,33005.0,640124.0,14908.0,316588.0,-18097.0,-323536.0
G54050102,Not New,LAZARD LTD,33005.0,640124.0,463.0,9822.0,-32542.0,-630302.0
G54050102,Not New,LAZARD LTD,924.0,17924.0,14908.0,316588.0,13984.0,298664.0
G54050102,Not New,LAZARD LTD,924.0,17924.0,463.0,9822.0,-461.0,-8102.0
34354P105,New Holding,FLOWSERVE CORP,,,4188.0,56328.0,,
34354P105,New Holding,FLOWSERVE CORP,,,156.0,2099.0,,
30231G102,Not New,EXXON MOBIL CORP,2114.0,20996.0,5096.0,52171.0,2982.0,31175.0
87612E106,Not New,TARGET CORP,632.0,10910.0,802.0,13255.0,170.0,2345.0
34964C106,New Holding,FORTUNE BRANDS HOME & SEC IN,,,42899.0,1074344.0,,
34964C106,New Holding,FORTUNE BRANDS HOME & SEC IN,,,966.0,24202.0,,
406216101,Not New,HALLIBURTON CO,31889.0,449072.0,28851.0,489905.0,-3038.0,40833.0
516806106,Not New,LAREDO PETROLEUM INC,8141.0,262769.0,7312.0,282771.0,-829.0,20002.0
Y2109Q101,Not New,DRYSHIPS INC,7122.0,2211828.0,7681.0,2377985.0,559.0,166157.0
26875P101,Not New,EOG RES INC,45926.0,393002.0,41447.0,211281.0,-4479.0,-181721.0
931142103,Not New,WAL-MART STORES INC,35025.0,466559.0,73782.0,965353.0,38757.0,498794.0
931142103,Not New,WAL-MART STORES INC,35025.0,466559.0,1342.0,17553.0,-33683.0,-449006.0
931142103,Not New,WAL-MART STORES INC,996.0,13267.0,73782.0,965353.0,72786.0,952086.0
931142103,Not New,WAL-MART STORES INC,996.0,13267.0,1342.0,17553.0,346.0,4286.0
009363102,Not New,AIRGAS INC,13493.0,123895.0,66120.0,620786.0,52627.0,496891.0
009363102,Not New,AIRGAS INC,13493.0,123895.0,550.0,5166.0,-12943.0,-118729.0
009363102,Not New,AIRGAS INC,339.0,3116.0,66120.0,620786.0,65781.0,617670.0
009363102,Not New,AIRGAS INC,339.0,3116.0,550.0,5166.0,211.0,2050.0
459200101,Not New,INTERNATIONAL BUSINESS MACHS,1625.0,8966.0,3469.0,18023.0,1844.0,9057.0
194162103,Not New,COLGATE PALMOLIVE CO,30893.0,453111.0,41574.0,640880.0,10681.0,187769.0
194162103,Not New,COLGATE PALMOLIVE CO,30893.0,453111.0,644.0,9935.0,-30249.0,-443176.0
194162103,Not New,COLGATE PALMOLIVE CO,827.0,12135.0,41574.0,640880.0,40747.0,628745.0
194162103,Not New,COLGATE PALMOLIVE CO,827.0,12135.0,644.0,9935.0,-183.0,-2200.0
26138E109,New Holding,DR PEPPER SNAPPLE GROUP INC,,,5858.0,100000.0,,
339041105,Not New,FLEETCOR TECHNOLOGIES INC,8189.0,62130.0,34451.0,299311.0,26262.0,237181.0
887389104,Not New,TIMKEN CO,59274.0,873735.0,65118.0,1107826.0,5844.0,234091.0
887389104,Not New,TIMKEN CO,59274.0,873735.0,845.0,14376.0,-58429.0,-859359.0
887389104,Not New,TIMKEN CO,1301.0,19176.0,65118.0,1107826.0,63817.0,1088650.0
887389104,Not New,TIMKEN CO,1301.0,19176.0,845.0,14376.0,-456.0,-4800.0
03076C106,Sold Out,AMERIPRISE FINL INC,402.0,3648.0,,,,
81369Y308,Sold Out,SELECT SECTOR SPDR TR,298.0,6919.0,,,,
256746108,Not New,DOLLAR TREE INC,12019.0,220691.0,29249.0,560542.0,17230.0,339851.0
718172109,Not New,PHILIP MORRIS INTL INC,277.0,3280.0,673.0,8220.0,396.0,4940.0
64110W102,Sold Out,NETEASE INC,1113.0,16533.0,,,,
38388F108,Not New,GRACE W R & CO DEL NEW,162949.0,1723784.0,230104.0,2320300.0,67155.0,596516.0
38388F108,Not New,GRACE W R & CO DEL NEW,162949.0,1723784.0,2455.0,24756.0,-160494.0,-1699028.0
38388F108,Not New,GRACE W R & CO DEL NEW,2921.0,30897.0,230104.0,2320300.0,227183.0,2289403.0
38388F108,Not New,GRACE W R & CO DEL NEW,2921.0,30897.0,2455.0,24756.0,-466.0,-6141.0
92345Y106,Not New,VERISK ANALYTICS INC,5326.0,88740.0,5377.0,89675.0,51.0,935.0
92345Y106,Not New,VERISK ANALYTICS INC,5326.0,88740.0,78.0,1297.0,-5248.0,-87443.0
902973304,Sold Out,US BANCORP DEL,21233.0,495406.0,,,,
902973304,Sold Out,US BANCORP DEL,458.0,10689.0,,,,
806857108,Not New,SCHLUMBERGER LTD,33547.0,284414.0,35322.0,362272.0,1775.0,77858.0
047477104,Not New,ATHLON ENERGY INC,11760.0,246540.0,9533.0,268907.0,-2227.0,22367.0
713831105,Sold Out,PERICOM SEMICONDUCTOR CORP,1165.0,148811.0,,,,
071813109,Sold Out,BAXTER INTL INC,238.0,3238.0,,,,
17275R102,Sold Out,CISCO SYS INC,11205.0,500000.0,,,,
16949N109,Sold Out,CHINA LODGING GROUP LTD,358.0,14575.0,,,,
166764100,Not New,CHEVRON CORP NEW,992.0,7598.0,1281.0,10770.0,289.0,3172.0
370334104,Not New,GENERAL MLS INC,993.0,18896.0,1081.0,20864.0,88.0,1968.0
68389X105,Not New,ORACLE CORP,261.0,6431.0,263.0,6431.0,2.0,0.0
20605P101,Not New,CONCHO RES INC,12609.0,87260.0,11533.0,94148.0,-1076.0,6888.0
366651107,New Holding,GARTNER INC,,,7972.0,113041.0,,
122017106,Sold Out,BURLINGTON STORES INC,4153.0,140681.0,,,,
874080104,Sold Out,TAL ED GROUP,685.0,30407.0,,,,
22160K105,Not New,COSTCO WHSL CORP NEW,52531.0,456153.0,100707.0,901743.0,48176.0,445590.0
22160K105,Not New,COSTCO WHSL CORP NEW,52531.0,456153.0,1993.0,17847.0,-50538.0,-438306.0
22160K105,Not New,COSTCO WHSL CORP NEW,1605.0,13940.0,100707.0,901743.0,99102.0,887803.0
22160K105,Not New,COSTCO WHSL CORP NEW,1605.0,13940.0,1993.0,17847.0,388.0,3907.0
26874784,New Holding,AMERICAN INTL GROUP INC,,,239.0,4374.0,,
61945C103,Not New,MOSAIC CO NEW,18101.0,366052.0,19645.0,392907.0,1544.0,26855.0
84649R200,Sold Out,SPANSION INC,37195.0,2135183.0,,,,
N63218106,Not New,NIELSEN N V,37754.0,779871.0,4862.0,108932.0,-32892.0,-670939.0
N63218106,Not New,NIELSEN N V,37754.0,779871.0,146.0,3278.0,-37608.0,-776593.0
N63218106,Not New,NIELSEN N V,1063.0,21956.0,4862.0,108932.0,3799.0,86976.0
N63218106,Not New,NIELSEN N V,1063.0,21956.0,146.0,3278.0,-917.0,-18678.0
82817Q103,Not New,SILVER SPRING NETWORKS INC,2212.0,165938.0,6204.0,356939.0,3992.0,191001.0
580135101,Not New,MCDONALDS CORP,1983.0,19687.0,13081.0,133436.0,11098.0,113749.0
37954N206,Sold Out,GLOBE SPECIALTY METALS INC,6347.0,304856.0,,,,
732872106,Not New,POPEYES LA KITCHEN INC,5785.0,132351.0,18087.0,445042.0,12302.0,312691.0
18490102,New Holding,ALLERGAN INC,,,312.0,1844.0,,
84265V105,Not New,SOUTHERN COPPER CORP,25732.0,847268.0,14902.0,511921.0,-10830.0,-335347.0
65487X102,Sold Out,NOAH HLDGS LTD,1784.0,123711.0,,,,
037833100,Sold Out,APPLE INC,302.0,562.0,,,,
278865100,Not New,ECOLAB INC,50161.0,450521.0,70690.0,654596.0,20529.0,204075.0
278865100,Not New,ECOLAB INC,50161.0,450521.0,1364.0,12632.0,-48797.0,-437889.0
278865100,Not New,ECOLAB INC,1462.0,13134.0,70690.0,654596.0,69228.0,641462.0
278865100,Not New,ECOLAB INC,1462.0,13134.0,1364.0,12632.0,-98.0,-502.0
25754A201,Not New,DOMINOS PIZZA INC,58574.0,801393.0,54212.0,704330.0,-4362.0,-97063.0
25754A201,Not New,DOMINOS PIZZA INC,58574.0,801393.0,1183.0,15366.0,-57391.0,-786027.0
25754A201,Not New,DOMINOS PIZZA INC,1503.0,20566.0,54212.0,704330.0,52709.0,683764.0
25754A201,Not New,DOMINOS PIZZA INC,1503.0,20566.0,1183.0,15366.0,-320.0,-5200.0
437076102,Not New,HOME DEPOT INC,42158.0,520724.0,64067.0,809643.0,21909.0,288919.0
437076102,Not New,HOME DEPOT INC,42158.0,520724.0,1202.0,15191.0,-40956.0,-505533.0
437076102,Not New,HOME DEPOT INC,1270.0,15681.0,64067.0,809643.0,62797.0,793962.0
437076102,Not New,HOME DEPOT INC,1270.0,15681.0,1202.0,15191.0,-68.0,-490.0
57060U100,Not New,MARKET VECTORS ETF TR,5741.0,217066.0,5529.0,234260.0,-212.0,17194.0
00287Y109,Sold Out,ABBVIE INC,293.0,5700.0,,,,
110122108,Not New,BRISTOL MYERS SQUIBB CO,259.0,5329.0,303.0,5829.0,44.0,500.0
25278X109,Not New,DIAMONDBACK ENERGY INC,11587.0,130489.0,9443.0,140284.0,-2144.0,9795.0
608190104,Sold Out,MOHAWK INDS INC,245.0,1804.0,,,,
127097103,Not New,CABOT OIL & GAS CORP,21591.0,632435.0,23176.0,684070.0,1585.0,51635.0
553530106,Not New,MSC INDL DIRECT INC,12928.0,135169.0,41121.0,475279.0,28193.0,340110.0
402635304,Not New,GULFPORT ENERGY CORP,15794.0,251502.0,16406.0,230484.0,612.0,-21018.0
115637209,Not New,BROWN FORMAN CORP,60349.0,640853.0,109181.0,1217312.0,48832.0,576459.0
115637209,Not New,BROWN FORMAN CORP,60349.0,640853.0,2014.0,22451.0,-58335.0,-618402.0
115637209,Not New,BROWN FORMAN CORP,1640.0,17420.0,109181.0,1217312.0,107541.0,1199892.0
115637209,Not New,BROWN FORMAN CORP,1640.0,17420.0,2014.0,22451.0,374.0,5031.0
38259P508,Sold Out,GOOGLE INC,670.0,601.0,,,,
254687106,Not New,DISNEY WALT CO,52129.0,607994.0,58119.0,725847.0,5990.0,117853.0
254687106,Not New,DISNEY WALT CO,52129.0,607994.0,1153.0,14400.0,-50976.0,-593594.0
254687106,Not New,DISNEY WALT CO,1638.0,19100.0,58119.0,725847.0,56481.0,706747.0
254687106,Not New,DISNEY WALT CO,1638.0,19100.0,1153.0,14400.0,-485.0,-4700.0
91911K102,Not New,VALEANT PHARMACEUTICALS INTL,1355.0,10745.0,3165.0,24010.0,1810.0,13265.0
445658107,New Holding,HUNT J B TRANS SVCS INC,,,15068.0,204230.0,,
445658107,New Holding,HUNT J B TRANS SVCS INC,,,458.0,6210.0,,
582839106,Not New,MEAD JOHNSON NUTRITION CO,696.0,7474.0,588.0,7067.0,-108.0,-407.0
075887109,Not New,BECTON DICKINSON & CO,39030.0,329920.0,28269.0,241454.0,-10761.0,-88466.0
075887109,Not New,BECTON DICKINSON & CO,39030.0,329920.0,446.0,3810.0,-38584.0,-326110.0
075887109,Not New,BECTON DICKINSON & CO,1074.0,9082.0,28269.0,241454.0,27195.0,232372.0
075887109,Not New,BECTON DICKINSON & CO,1074.0,9082.0,446.0,3810.0,-628.0,-5272.0
364760108,New Holding,GAP INC DEL,,,1132.0,27228.0,,
911312106,Not New,UNITED PARCEL SERVICE INC,54662.0,532455.0,76346.0,784000.0,21684.0,251545.0
911312106,Not New,UNITED PARCEL SERVICE INC,54662.0,532455.0,1439.0,14776.0,-53223.0,-517679.0
911312106,Not New,UNITED PARCEL SERVICE INC,1605.0,15632.0,76346.0,784000.0,74741.0,768368.0
911312106,Not New,UNITED PARCEL SERVICE INC,1605.0,15632.0,1439.0,14776.0,-166.0,-856.0
35671D857,Not New,FREEPORT-MCMORAN COPPER & GO,23953.0,656247.0,23395.0,707424.0,-558.0,51177.0
845467109,Not New,SOUTHWESTERN ENERGY CO,32159.0,706939.0,35025.0,761237.0,2866.0,54298.0
58933Y105,Sold Out,MERCK & CO INC NEW,499.0,8790.0,,,,
61166W101,Not New,MONSANTO CO NEW,9545.0,76521.0,9523.0,83702.0,-22.0,7181.0
886547108,Not New,TIFFANY & CO NEW,45504.0,453909.0,47536.0,551776.0,2032.0,97867.0
886547108,Not New,TIFFANY & CO NEW,45504.0,453909.0,849.0,9852.0,-44655.0,-444057.0
886547108,Not New,TIFFANY & CO NEW,1133.0,11306.0,47536.0,551776.0,46403.0,540470.0
886547108,Not New,TIFFANY & CO NEW,1133.0,11306.0,849.0,9852.0,-284.0,-1454.0
92937A102,Sold Out,WPP PLC NEW,4783.0,46396.0,,,,
053015103,Not New,AUTOMATIC DATA PROCESSING IN,962.0,12137.0,1030.0,13332.0,68.0,1195.0
053470100,Not New,AVALON RARE METALS INC,131.0,290538.0,202.0,313787.0,71.0,23249.0
37411105,New Holding,APACHE CORP,,,251.0,2490.0,,
25243Q205,Not New,DIAGEO P L C,45069.0,354124.0,85289.0,684557.0,40220.0,330433.0
25243Q205,Not New,DIAGEO P L C,45069.0,354124.0,1540.0,12363.0,-43529.0,-341761.0
25243Q205,Not New,DIAGEO P L C,1338.0,10511.0,85289.0,684557.0,83951.0,674046.0
25243Q205,Not New,DIAGEO P L C,1338.0,10511.0,1540.0,12363.0,202.0,1852.0
48248M102,Sold Out,KKR & CO L P DEL,28423.0,1244432.0,,,,
674599105,Not New,OCCIDENTAL PETE CORP DEL,16567.0,161426.0,25217.0,264636.0,8650.0,103210.0
55616P104,Sold Out,MACYS INC,11030.0,186037.0,,,,
55616P104,Sold Out,MACYS INC,340.0,5732.0,,,,
594918104,Sold Out,MICROSOFT CORP,263.0,6424.0,,,,
037411105,Sold Out,APACHE CORP,207.0,2490.0,,,,
615369105,Not New,MOODYS CORP,48098.0,548685.0,54986.0,693219.0,6888.0,144534.0
615369105,Not New,MOODYS CORP,48098.0,548685.0,1074.0,13535.0,-47024.0,-535150.0
615369105,Not New,MOODYS CORP,1454.0,16582.0,54986.0,693219.0,53532.0,676637.0
615369105,Not New,MOODYS CORP,1454.0,16582.0,1074.0,13535.0,-380.0,-3047.0
501889208,Sold Out,LKQ CORP,35504.0,1347391.0,,,,
893641100,Not New,TRANSDIGM GROUP INC,27126.0,162180.0,36624.0,197754.0,9498.0,35574.0
893641100,Not New,TRANSDIGM GROUP INC,584.0,3490.0,36624.0,197754.0,36040.0,194264.0
127387108,Sold Out,CADENCE DESIGN SYSTEM INC,426.0,27386.0,,,,
73755L107,Not New,POTASH CORP SASK INC,6944.0,182919.0,7119.0,196558.0,175.0,13639.0
31428X106,Not New,FEDEX CORP,58092.0,383749.0,65619.0,495016.0,7527.0,111267.0
31428X106,Not New,FEDEX CORP,58092.0,383749.0,1304.0,9839.0,-56788.0,-373910.0
31428X106,Not New,FEDEX CORP,1755.0,11592.0,65619.0,495016.0,63864.0,483424.0
31428X106,Not New,FEDEX CORP,1755.0,11592.0,1304.0,9839.0,-451.0,-1753.0
835495102,Not New,SONOCO PRODS CO,931.0,21190.0,1068.0,26040.0,137.0,4850.0
949746101,Not New,WELLS FARGO & CO NEW,54683.0,1040401.0,64167.0,1290043.0,9484.0,249642.0
949746101,Not New,WELLS FARGO & CO NEW,54683.0,1040401.0,1328.0,26703.0,-53355.0,-1013698.0
949746101,Not New,WELLS FARGO & CO NEW,1665.0,31678.0,64167.0,1290043.0,62502.0,1258365.0
949746101,Not New,WELLS FARGO & CO NEW,1665.0,31678.0,1328.0,26703.0,-337.0,-4975.0
45168D104,Not New,IDEXX LABS INC,255.0,1911.0,467.0,3849.0,212.0,1938.0
002824100,Not New,ABBOTT LABS,1019.0,24911.0,1376.0,35741.0,357.0,10830.0
878742204,Not New,TECK RESOURCES LTD,3599.0,157663.0,3588.0,165475.0,-11.0,7812.0
62886E108,Not New,NCR CORP NEW,234.0,6655.0,243.0,6655.0,9.0,0.0
095180105,Sold Out,BLOUNT INTL INC NEW,6503.0,546486.0,,,,
762760106,Not New,RICE ENERGY INC,5035.0,165345.0,4582.0,173611.0,-453.0,8266.0
62426E402,Not New,MOUNTAIN PROV DIAMONDS INC,4272.0,891707.0,4578.0,965105.0,306.0,73398.0
049513104,Sold Out,ATMEL CORP,22189.0,2654149.0,,,,
485170302,New Holding,KANSAS CITY SOUTHERN,,,6593.0,61324.0,,
723787107,Not New,PIONEER NAT RES CO,37425.0,162853.0,32803.0,175286.0,-4622.0,12433.0
740189105,Not New,PRECISION CASTPARTS CORP,323.0,1280.0,649.0,2568.0,326.0,1288.0
98426T106,Sold Out,YY INC,836.0,10948.0,,,,
80105N105,Sold Out,SANOFI,386.0,7388.0,,,,
001055102,Not New,AFLAC INC,213.0,3419.0,216.0,3419.0,3.0,0.0
931422109,Not New,WALGREEN CO,1498.0,20206.0,1402.0,21240.0,-96.0,1034.0
03524A108,Not New,ANHEUSER BUSCH INBEV SA/NV,35069.0,305109.0,77663.0,737541.0,42594.0,432432.0
03524A108,Not New,ANHEUSER BUSCH INBEV SA/NV,35069.0,305109.0,1397.0,13267.0,-33672.0,-291842.0
03524A108,Not New,ANHEUSER BUSCH INBEV SA/NV,1064.0,9255.0,77663.0,737541.0,76599.0,728286.0
03524A108,Not New,ANHEUSER BUSCH INBEV SA/NV,1064.0,9255.0,1397.0,13267.0,333.0,4012.0
696429307,Not New,PALL CORP,37847.0,443228.0,200.0,2240.0,-37647.0,-440988.0
696429307,Not New,PALL CORP,897.0,10509.0,200.0,2240.0,-697.0,-8269.0
018490102,Sold Out,ALLERGAN INC,1434.0,11558.0,,,,
23334L102,Not New,DSW INC,6510.0,232984.0,32187.0,897564.0,25677.0,664580.0
907818108,Not New,UNION PAC CORP,68918.0,690911.0,90422.0,481838.0,21504.0,-209073.0
907818108,Not New,UNION PAC CORP,68918.0,690911.0,1797.0,9578.0,-67121.0,-681333.0
907818108,Not New,UNION PAC CORP,2026.0,20307.0,90422.0,481838.0,88396.0,461531.0
907818108,Not New,UNION PAC CORP,2026.0,20307.0,1797.0,9578.0,-229.0,-10729.0
320517105,Sold Out,FIRST HORIZON NATL CORP,12968.0,1050878.0,,,,
45245E109,Sold Out,IMAX CORP,6668.0,243998.0,,,,
084670108,Sold Out,BERKSHIRE HATHAWAY INC DEL,1499.0,8.0,,,,
16941M109,Not New,CHINA MOBILE LIMITED,236.0,4854.0,221.0,4854.0,-15.0,0.0
124857202,Not New,CBS CORP NEW,49739.0,800436.0,37186.0,601712.0,-12553.0,-198724.0
124857202,Not New,CBS CORP NEW,49739.0,800436.0,836.0,13529.0,-48903.0,-786907.0
124857202,Not New,CBS CORP NEW,1408.0,22655.0,37186.0,601712.0,35778.0,579057.0
124857202,Not New,CBS CORP NEW,1408.0,22655.0,836.0,13529.0,-572.0,-9126.0
00751Y106,Sold Out,ADVANCE AUTO PARTS INC,397.0,3136.0,,,,
824348106,Not New,SHERWIN WILLIAMS CO,81964.0,396133.0,100761.0,511139.0,18797.0,115006.0
824348106,Not New,SHERWIN WILLIAMS CO,81964.0,396133.0,1382.0,7011.0,-80582.0,-389122.0
824348106,Not New,SHERWIN WILLIAMS CO,1675.0,8097.0,100761.0,511139.0,99086.0,503042.0
824348106,Not New,SHERWIN WILLIAMS CO,1675.0,8097.0,1382.0,7011.0,-293.0,-1086.0
872540109,Not New,TJX COS INC NEW,548.0,10303.0,1316.0,21693.0,768.0,11390.0
478160104,Not New,JOHNSON & JOHNSON,915.0,8746.0,1659.0,16885.0,744.0,8139.0
Y0486S104,Sold Out,AVAGO TECHNOLOGIES LTD,30912.0,479926.0,,,,
191216100,Not New,COCA COLA CO,5578.0,131684.0,15609.0,403740.0,10031.0,272056.0
713448108,Sold Out,PEPSICO INC,1293.0,15485.0,,,,
770323103,Sold Out,ROBERT HALF INTL INC,23526.0,560814.0,,,,
988498101,Not New,YUM BRANDS INC,410.0,5048.0,1082.0,14353.0,672.0,9305.0
84670702,New Holding,BERKSHIRE HATHAWAY INC DEL,,,402.0,3175.0,,
742718109,Not New,PROCTER & GAMBLE CO,1049.0,13343.0,1189.0,14747.0,140.0,1404.0
904784709,Sold Out,UNILEVER N V,351.0,8535.0,,,,
891092108,Not New,TORO CO,52608.0,827165.0,48595.0,769035.0,-4013.0,-58130.0
891092108,Not New,TORO CO,52608.0,827165.0,1016.0,16075.0,-51592.0,-811090.0
891092108,Not New,TORO CO,1366.0,21475.0,48595.0,769035.0,47229.0,747560.0
891092108,Not New,TORO CO,1366.0,21475.0,1016.0,16075.0,-350.0,-5400.0
