CUSIP,status,NAME OF ISSUER,(x$1000)_old,PRN AMT_old,(x$1000),PRN AMT,(x$1000)_change,PRN AMT_change
461202103,Not New,INTUIT,57012.0,247877.0,65805.0,251230.0,8793.0,3353.0
316773100,Not New,FIFTH THIRD BANCORP,154.0,10367.0,353.0,11484.0,199.0,1117.0
78462F103,New Holding,SPDR S&P 500 ETF TR,,,816.0,3165.0,,
25746U109,Sold Out,DOMINION ENERGY INC,560.0,6756.0,,,,
655664100,Not New,NORDSTROM INC,2487.0,162135.0,7119.0,173936.0,4632.0,11801.0
438516106,Not New,HONEYWELL INTL INC,1577.0,11788.0,2045.0,11552.0,468.0,-236.0
67103H107,Not New,O'REILLY AUTOMOTIVE INC,23282.0,77336.0,1603.0,3658.0,-21679.0,-73678.0
084670702,New Holding,BERKSHIRE HATHAWAY INC,,,3387.0,18525.0,,
05550J101,Sold Out,BJS WHSL CLUB HLDGS INC,2773.0,121925.0,,,,
45174J509,Not New,IHEARTMEDIA INC,3388.0,463495.0,5368.0,317639.0,1980.0,-145856.0
958669103,Not New,WESTERN MIDSTREAM PARTNERS LP,49.0,15022.0,296.0,15022.0,247.0,0.0
941848103,Sold Out,WATERS CORP,617.0,2640.0,,,,
009158106,Sold Out,AIR PRODS & CHEMS INC,1083.0,4610.0,,,,
592688105,Not New,METTLER TOLEDO INTERNATIONAL,83900.0,121505.0,83579.0,105359.0,-321.0,-16146.0
256677105,Not New,DOLLAR GENERAL CORP,231.0,1527.0,240.0,1537.0,9.0,10.0
29273V100,Not New,ENERGY TRANSFER LP,602.0,130960.0,1680.0,130960.0,1078.0,0.0
12739A100,New Holding,CADENCE BANCORPORATION,,,1340.0,204550.0,,
09260D107,Not New,BLACKSTONE GROUP INC,92962.0,2039980.0,113219.0,2023934.0,20257.0,-16046.0
320734106,Not New,FIRST LONG IS CORP,2305.0,132873.0,3355.0,133773.0,1050.0,900.0
57636Q104,Not New,MASTERCARD INC,134618.0,557287.0,162977.0,545821.0,28359.0,-11466.0
05454B105,Not New,AXCELLA HEALTH INC,55.0,16114.0,263.0,65500.0,208.0,49386.0
311900104,Not New,FASTENAL CO,499.0,15970.0,958.0,25936.0,459.0,9966.0
91232N207,New Holding,UNITED STATES OIL FUND,,,211.0,50000.0,,
892356106,Not New,TRACTOR SUPPLY CO,6456.0,76352.0,5833.0,62429.0,-623.0,-13923.0
539830109,Not New,LOCKHEED MARTIN CORP,8795.0,25948.0,13564.0,34835.0,4769.0,8887.0
595017104,Sold Out,MICROCHIP TECHNOLOGY INC,285.0,2726.0,,,,
949746804,Not New,WELLS FARGO CO 7.50 PERCENT SERIES L (CONV PREFERRED),4918.0,3860.0,5597.0,3860.0,679.0,0.0
097023105,Sold Out,BOEING CO,1370.0,4205.0,,,,
G1151C101,Not New,ACCENTURE PLC,408.0,2502.0,568.0,2697.0,160.0,195.0
30231G102,Not New,EXXON MOBIL CORP,335.0,8816.0,622.0,8913.0,287.0,97.0
88579Y101,Not New,3M CO,1964.0,14384.0,4574.0,25924.0,2610.0,11540.0
293792107,Not New,ENTERPRISE PRODUCTS PARTNERS LP,927.0,64814.0,1857.0,65937.0,930.0,1123.0
427866108,Not New,HERSHEY CO,1441.0,10872.0,2535.0,17248.0,1094.0,6376.0
704326107,Not New,PAYCHEX INC,2718.0,43201.0,5646.0,66376.0,2928.0,23175.0
931142103,Not New,WALMART INC,313.0,2751.0,533.0,4481.0,220.0,1730.0
03076C106,Not New,AMERIPRISE FINL INC,298.0,2905.0,509.0,3056.0,211.0,151.0
115236101,Sold Out,BROWN & BROWN INC,200.0,5070.0,,,,
83088M102,Not New,SKYWORKS SOLUTIONS INC,7417.0,82979.0,21976.0,181804.0,14559.0,98825.0
172967424,New Holding,CITIGROUP INC,,,228.0,5411.0,,
256746108,Sold Out,DOLLAR TREE INC,1841.0,19577.0,,,,
92826C839,Not New,VISA INC,27676.0,171774.0,20800.0,110698.0,-6876.0,-61076.0
717081103,Not New,PFIZER INC,221.0,6762.0,417.0,10651.0,196.0,3889.0
138098108,Not New,CANTEL MEDICAL CORP,312.0,8697.0,1152.0,16246.0,840.0,7549.0
902973304,Not New,US BANCORP DEL,20089.0,583148.0,1361.0,22955.0,-18728.0,-560193.0
98419M100,Not New,XYLEM INC,2709.0,41593.0,6674.0,84711.0,3965.0,43118.0
620076307,Sold Out,MOTOROLA SOLUTIONS INC,302.0,1874.0,,,,
830830105,Not New,SKYLINE CHAMPION CORPORATION,1554.0,99124.0,476.0,15002.0,-1078.0,-84122.0
464287622,Not New,ISHARES RUSSELL 1000 ETF,3008.0,21250.0,3791.0,21250.0,783.0,0.0
17275R102,Sold Out,CISCO SYSTEMS INC,6282.0,130976.0,,,,
30303M102,Not New,FACEBOOK INC,480.0,2876.0,738.0,3596.0,258.0,720.0
086516101,Sold Out,BEST BUY INC,4829.0,55000.0,,,,
760759100,Not New,REPUBLIC SVCS INC,83583.0,1113550.0,95618.0,1066810.0,12035.0,-46740.0
060505104,Not New,BANK AMER CORP,62073.0,2923811.0,103708.0,2944585.0,41635.0,20774.0
237194105,Not New,DARDEN RESTAURANTS INC,506.0,9286.0,711.0,6524.0,205.0,-2762.0
35905A109,Sold Out,FRONTDOOR INC,51430.0,1084573.0,,,,
22160K105,Not New,COSTCO WHSL CORP NEW,119799.0,420154.0,125230.0,426068.0,5431.0,5914.0
023135106,Not New,AMAZON COM INC,764.0,392.0,761.0,412.0,-3.0,20.0
55303J106,Sold Out,MGP INGREDIENTS INC NEW,567.0,11700.0,,,,
91324P102,Not New,UNITEDHEALTH GROUP INC,1074.0,4308.0,585.0,1990.0,-489.0,-2318.0
518439104,Not New,LAUDER ESTEE COS INC,38887.0,244050.0,2622.0,12693.0,-36265.0,-231357.0
448579102,New Holding,HYATT HOTELS CORP,,,5152.0,107557.0,,
580135101,Not New,MCDONALDS CORP,21307.0,128860.0,6316.0,31963.0,-14991.0,-96897.0
037833100,Not New,APPLE INC,1685.0,6627.0,2502.0,8521.0,817.0,1894.0
278865100,Not New,ECOLAB INC,7457.0,47851.0,8993.0,46599.0,1536.0,-1252.0
25754A201,Not New,DOMINOS PIZZA INC,73282.0,226130.0,78057.0,265699.0,4775.0,39569.0
00771V108,Not New,AERIE PHARMACEUTICALS INC,586.0,43384.0,1616.0,66877.0,1030.0,23493.0
437076102,Not New,HOME DEPOT INC,147576.0,790403.0,174326.0,798269.0,26750.0,7866.0
110122108,New Holding,BRISTOL MYERS SQUIBB CO,,,399.0,7156.0,,
235851102,Not New,DANAHER CORP DEL,265.0,1911.0,295.0,1919.0,30.0,8.0
608190104,Sold Out,MOHAWK INDUSTRIES INC,600.0,4402.0,,,,
058498106,Not New,BALL CORP,200096.0,3094584.0,201658.0,3118255.0,1562.0,23671.0
682680103,Sold Out,ONEOK INC,348.0,4603.0,,,,
143130102,Not New,CARMAX INC,24450.0,454201.0,9676.0,110364.0,-14774.0,-343837.0
94106L109,Not New,WASTE MGMT INC DEL,220.0,2374.0,503.0,4414.0,283.0,2040.0
115637209,Sold Out,BROWN FORMAN CORP,208.0,3073.0,,,,
980745103,Not New,WOODWARD INC,2537.0,42675.0,4579.0,38661.0,2042.0,-4014.0
254687106,Not New,DISNEY WALT CO,25933.0,268461.0,88383.0,611100.0,62450.0,342639.0
70450Y103,Not New,PAYPAL HOLDINGS INC,6395.0,66798.0,7046.0,65136.0,651.0,-1662.0
084423102,Not New,BERKLEY W R CORP,4556.0,87330.0,1570.0,22723.0,-2986.0,-64607.0
654106103,Not New,NIKE INC,286.0,3458.0,363.0,3579.0,77.0,121.0
559080106,Not New,MAGELLAN MIDSTREAM PARTNERS LP,421.0,11525.0,725.0,11525.0,304.0,0.0
45688C107,Not New,INGEVITY CORP,16853.0,478771.0,37885.0,433571.0,21032.0,-45200.0
73278L105,Not New,POOL CORPORATION,33242.0,168936.0,33347.0,157016.0,105.0,-11920.0
55336V100,Not New,MPLX LP,415.0,35718.0,909.0,35718.0,494.0,0.0
758075402,New Holding,REDWOOD TR INC,,,192.0,38000.0,,
075887109,Not New,BECTON DICKINSON & CO,10880.0,47350.0,27418.0,100814.0,16538.0,53464.0
911312106,Not New,UNITED PARCEL SERVICE INC,2148.0,22992.0,3127.0,26710.0,979.0,3718.0
693506107,Not New,PPG INDUSTRIES INC,214.0,2565.0,343.0,2568.0,129.0,3.0
58933Y105,Not New,MERCK & CO INC,1842.0,23940.0,755.0,8298.0,-1087.0,-15642.0
46266C105,Sold Out,IQVIA HOLDINGS INC,5720.0,37023.0,,,,
67066G104,Sold Out,NVIDIA CORP,454.0,1930.0,,,,
053015103,Not New,AUTOMATIC DATA PROCESSING INC,4761.0,34832.0,8671.0,50858.0,3910.0,16026.0
382550101,New Holding,GOODYEAR TIRE & RUBR CO,,,58.0,10000.0,,
02079K107,Not New,ALPHABET INC,1470.0,1264.0,1737.0,1299.0,267.0,35.0
02079K107,Not New,ALPHABET INC,1470.0,1264.0,1716.0,1281.0,246.0,17.0
749685103,Not New,RPM INTL INC,8791.0,147743.0,11149.0,145240.0,2358.0,-2503.0
594918104,Not New,MICROSOFT CORP,200962.0,1274253.0,205728.0,1304553.0,4766.0,30300.0
46625H100,Not New,JPMORGAN CHASE & CO,69983.0,777334.0,107285.0,769619.0,37302.0,-7715.0
418056107,Not New,HASBRO INC,2708.0,37853.0,9660.0,91473.0,6952.0,53620.0
615369105,Not New,MOODYS CORP,72190.0,341324.0,78474.0,330542.0,6284.0,-10782.0
G5960L103,Not New,MEDTRONIC PLC,2593.0,28749.0,5126.0,45179.0,2533.0,16430.0
038222105,Not New,APPLIED MATERIALS INC,320.0,6982.0,428.0,7004.0,108.0,22.0
835495102,Not New,SONOCO PRODS CO,928.0,20011.0,1237.0,20044.0,309.0,33.0
45168D104,Not New,IDEXX LABS INC,6372.0,26304.0,45627.0,174730.0,39255.0,148426.0
09857L108,New Holding,BOOKING HLDGS INC,,,37817.0,28110.0,,
03852U106,Not New,ARAMARK,2896.0,145006.0,2794.0,64384.0,-102.0,-80622.0
002824100,Not New,ABBOTT LABS,566.0,7168.0,626.0,7204.0,60.0,36.0
680665205,New Holding,OLIN CORP,,,117.0,10000.0,,
02005N100,New Holding,ALLY FINL INC,,,144.0,10000.0,,
485170302,Not New,KANSAS CITY SOUTHERN,34486.0,271156.0,9875.0,64475.0,-24611.0,-206681.0
422806109,Not New,HEICO CORP NEW,6729.0,90185.0,61903.0,542299.0,55174.0,452114.0
883556102,Not New,THERMO FISHER SCIENTIFIC INC,62321.0,219749.0,78607.0,241964.0,16286.0,22215.0
56585A102,Sold Out,MARATHON PETROLEUM CORP,5161.0,85660.0,,,,
244199105,Not New,DEERE & CO,49302.0,356848.0,40922.0,236191.0,-8380.0,-120657.0
126408103,Not New,CSX CORP,97406.0,1699928.0,140771.0,1945423.0,43365.0,245495.0
98978V103,Not New,ZOETIS INC,42703.0,362846.0,32704.0,247105.0,-9999.0,-115741.0
02079K305,New Holding,ALPHABET INC,,,1520.0,1308.0,,
156782104,New Holding,CERNER CORP,,,348.0,5528.0,,
907818108,Not New,UNION PACIFIC CORP,107101.0,759363.0,122923.0,679922.0,15822.0,-79441.0
90384S303,Not New,ULTA BEAUTY INC,43609.0,248201.0,34482.0,136217.0,-9127.0,-111984.0
084670108,Not New,BERKSHIRE HATHAWAY INC,4624.0,17.0,6113.0,18.0,1489.0,1.0
084670108,Not New,BERKSHIRE HATHAWAY INC,4624.0,17.0,4169.0,18407.0,-455.0,18390.0
345370860,New Holding,FORD MTR CO DEL,,,62.0,12800.0,,
824348106,Not New,SHERWIN WILLIAMS CO,195315.0,425042.0,248211.0,425354.0,52896.0,312.0
872540109,Not New,TJX COS INC NEW,1809.0,37841.0,2307.0,37788.0,498.0,-53.0
12572Q105,Sold Out,CME GROUP INC,292.0,1456.0,,,,
882508104,Not New,TEXAS INSTRUMENTS INC,3693.0,36951.0,891.0,6943.0,-2802.0,-30008.0
247361702,Not New,DELTA AIR LINES INC DEL,36567.0,1281719.0,15316.0,261909.0,-21251.0,-1019810.0
478160104,Not New,JOHNSON & JOHNSON,1146.0,8739.0,1321.0,9053.0,175.0,314.0
191216100,Not New,COCA COLA CO,12733.0,287759.0,18404.0,332502.0,5671.0,44743.0
172908105,Not New,CINTAS CORP,66135.0,381800.0,96481.0,358557.0,30346.0,-23243.0
023586100,Not New,AMERCO,1489.0,5124.0,1380.0,3672.0,-109.0,-1452.0
647551100,Not New,NEW MOUNTAIN FINANCE CORP,2842.0,417899.0,3190.0,232200.0,348.0,-185699.0
713448108,Not New,PEPSICO INC,10016.0,83400.0,11466.0,83895.0,1450.0,495.0
135086106,Not New,CANADA GOOSE HOLDINGS INC,3123.0,157017.0,3500.0,96574.0,377.0,-60443.0
G5494J103,Not New,LINDE PLC,5540.0,32024.0,8500.0,39926.0,2960.0,7902.0
988498101,Not New,YUM BRANDS INC,618.0,9017.0,885.0,8784.0,267.0,-233.0
742718109,Not New,PROCTER & GAMBLE CO,602.0,5475.0,556.0,4449.0,-46.0,-1026.0
891092108,Not New,TORO CO,38113.0,585541.0,46720.0,586418.0,8607.0,877.0
