CUSIP,status,NAME OF ISSUER,(x$1000)_old,PRN AMT_old,(x$1000),PRN AMT,(x$1000)_change,PRN AMT_change
26884L109,Not New,EQT CORP,5977.0,72120.0,5613.0,74145.0,-364.0,2025.0
461202103,Not New,INTUIT,29499.0,304237.0,234.0,2534.0,-29265.0,-301703.0
461202103,Not New,INTUIT,722.0,7451.0,234.0,2534.0,-488.0,-4917.0
053332102,Not New,AUTOZONE INC,69799.0,102320.0,1211.0,1956.0,-68588.0,-100364.0
053332102,Not New,AUTOZONE INC,69799.0,102320.0,47159.0,76173.0,-22640.0,-26147.0
053332102,Not New,AUTOZONE INC,1399.0,2051.0,1211.0,1956.0,-188.0,-95.0
053332102,Not New,AUTOZONE INC,1399.0,2051.0,47159.0,76173.0,45760.0,74122.0
G81276100,Sold Out,SIGNET JEWELERS LIMITED,820.0,6230.0,,,,
G81276100,Sold Out,SIGNET JEWELERS LIMITED,39705.0,301779.0,,,,
66987V109,Sold Out,NOVARTIS A G,581.0,6271.0,,,,
192446102,Sold Out,COGNIZANT TECHNOLOGY SOLUTIO,260.0,4935.0,,,,
913017117,Sold Out,UNITED TECHNOLOGIES CORP,481.0,7850.0,,,,
679580100,New Holding,OLD DOMINION FGHT LINES INC,,,1164.0,15057.0,,
212015101,Not New,CONTINENTAL RESOURCES INC,15044.0,344496.0,6650.0,173347.0,-8394.0,-171149.0
637071101,Sold Out,NATIONAL OILWELL VARCO INC,6653.0,101532.0,,,,
655664100,Not New,NORDSTROM INC,1252.0,15588.0,6582.0,82906.0,5330.0,67318.0
06742C723,Sold Out,BARCLAYS BK PLC,797.0,26050.0,,,,
67103H107,Not New,O REILLY AUTOMOTIVE INC NEW,14709.0,68020.0,555.0,2879.0,-14154.0,-65141.0
67103H107,Not New,O REILLY AUTOMOTIVE INC NEW,350.0,1619.0,555.0,2879.0,205.0,1260.0
084670702,Not New,BERKSHIRE HATHAWAY INC DEL,914.0,6336.0,3544.0,23605.0,2630.0,17269.0
354613101,Not New,FRANKLIN RES INC,568.0,11070.0,613.0,11070.0,45.0,0.0
423452101,Sold Out,HELMERICH & PAYNE INC,7897.0,117124.0,,,,
74005P104,Not New,PRAXAIR INC,1295.0,10729.0,1920.0,14820.0,625.0,4091.0
983134107,Sold Out,WYNN RESORTS LTD,3799.0,25541.0,,,,
09247X101,Sold Out,BLACKROCK INC,919.0,2570.0,,,,
941848103,Sold Out,WATERS CORP,367.0,3260.0,,,,
98310W108,Not New,WYNDHAM WORLDWIDE CORP,3919.0,43316.0,1489.0,17367.0,-2430.0,-25949.0
98310W108,Not New,WYNDHAM WORLDWIDE CORP,3919.0,43316.0,65998.0,769562.0,62079.0,726246.0
009158106,Not New,AIR PRODS & CHEMS INC,1513.0,10001.0,1287.0,8926.0,-226.0,-1075.0
256677105,Sold Out,DOLLAR GEN CORP NEW,258.0,3651.0,,,,
913017109,Not New,UNITED TECHNOLOGIES CORP,1470.0,12541.0,1495.0,13002.0,25.0,461.0
74978Q105,Not New,RSP PERMIAN INC,7603.0,301834.0,5607.0,223050.0,-1996.0,-78784.0
92343V104,Sold Out,VERIZON COMMUNICATIONS INC,850.0,18175.0,,,,
78464A730,New Holding,SPDR SERIES TRUST,,,4878.0,94417.0,,
126804301,Sold Out,CABELAS INC,4638.0,87992.0,,,,
81369Y506,Not New,SELECT SECTOR SPDR TR,10035.0,129352.0,10487.0,132474.0,452.0,3122.0
675232102,Not New,OCEANEERING INTL INC,1573.0,29165.0,1872.0,31825.0,299.0,2660.0
026874784,Sold Out,AMERICAN INTL GROUP INC,245.0,4374.0,,,,
115637100,Sold Out,BROWN FORMAN CORP,393.0,4475.0,,,,
75281A109,Not New,RANGE RES CORP,13238.0,254382.0,14047.0,262803.0,809.0,8421.0
26969P108,Not New,EAGLE MATERIALS INC,7979.0,95490.0,8381.0,110239.0,402.0,14749.0
054303102,Sold Out,AVON PRODS INC,2998.0,319300.0,,,,
03674X106,Not New,ANTERO RES CORP,4173.0,118136.0,4940.0,121729.0,767.0,3593.0
320734106,Sold Out,FIRST LONG IS CORP,206.0,7270.0,,,,
57636Q104,Not New,MASTERCARD INC,36975.0,427999.0,948.0,11006.0,-36027.0,-416993.0
57636Q104,Not New,MASTERCARD INC,36975.0,427999.0,55296.0,641781.0,18321.0,213782.0
57636Q104,Not New,MASTERCARD INC,847.0,9806.0,948.0,11006.0,101.0,1200.0
57636Q104,Not New,MASTERCARD INC,847.0,9806.0,55296.0,641781.0,54449.0,631975.0
78463V107,Sold Out,SPDR GOLD TRUST,2918.0,25687.0,,,,
835451105,Not New,SONIC CORP,55636.0,1755078.0,680.0,24954.0,-54956.0,-1730124.0
835451105,Not New,SONIC CORP,55636.0,1755078.0,32124.0,1179726.0,-23512.0,-575352.0
835451105,Not New,SONIC CORP,1118.0,35277.0,680.0,24954.0,-438.0,-10323.0
835451105,Not New,SONIC CORP,1118.0,35277.0,32124.0,1179726.0,31006.0,1144449.0
311900104,Sold Out,FASTENAL CO,1634.0,34359.0,,,,
343412102,Not New,FLUOR CORP NEW,10624.0,185865.0,11676.0,192584.0,1052.0,6719.0
126650100,Not New,CVS HEALTH CORP,968.0,9380.0,1179.0,12237.0,211.0,2857.0
571748102,Not New,MARSH & MCLENNAN COS INC,211.0,3754.0,1782.0,31140.0,1571.0,27386.0
784117103,Not New,SEI INVESTMENTS CO,2809.0,63716.0,2524.0,63038.0,-285.0,-678.0
949746804,Not New,WELLS FARGO & CO NEW,1468.0,1203.0,1722.0,1428.0,254.0,225.0
570535104,Not New,MARKEL CORP,236.0,307.0,237.0,347.0,1.0,40.0
469814107,Sold Out,JACOBS ENGR GROUP INC DEL,257.0,5752.0,,,,
G54050102,Sold Out,LAZARD LTD,560.0,11192.0,,,,
G54050102,Sold Out,LAZARD LTD,15662.0,313055.0,,,,
30231G102,Not New,EXXON MOBIL CORP,4808.0,56561.0,4285.0,46347.0,-523.0,-10214.0
G30401106,Sold Out,ENDO INTL PLC,575.0,7978.0,,,,
G30401106,Sold Out,ENDO INTL PLC,18131.0,251403.0,,,,
87612E106,Not New,TARGET CORP,1901.0,23159.0,1819.0,23956.0,-82.0,797.0
34964C106,Not New,FORTUNE BRANDS HOME & SEC IN,78308.0,1649291.0,1499.0,33112.0,-76809.0,-1616179.0
34964C106,Not New,FORTUNE BRANDS HOME & SEC IN,78308.0,1649291.0,72810.0,1608339.0,-5498.0,-40952.0
34964C106,Not New,FORTUNE BRANDS HOME & SEC IN,1414.0,29790.0,1499.0,33112.0,85.0,3322.0
34964C106,Not New,FORTUNE BRANDS HOME & SEC IN,1414.0,29790.0,72810.0,1608339.0,71396.0,1578549.0
406216101,Not New,HALLIBURTON CO,7336.0,167184.0,7213.0,183389.0,-123.0,16205.0
516806106,Not New,LAREDO PETROLEUM INC,4798.0,367960.0,2943.0,284360.0,-1855.0,-83600.0
26875P101,Not New,EOG RES INC,25122.0,273983.0,26275.0,285376.0,1153.0,11393.0
931142103,Not New,WAL-MART STORES INC,18028.0,219185.0,18230.0,212272.0,202.0,-6913.0
009363102,Not New,AIRGAS INC,6359.0,59927.0,6895.0,59865.0,536.0,-62.0
459200101,Not New,INTERNATIONAL BUSINESS MACHS,2097.0,13067.0,1853.0,11552.0,-244.0,-1515.0
194162103,Not New,COLGATE PALMOLIVE CO,16952.0,244473.0,22772.0,329119.0,5820.0,84646.0
03076C106,Not New,AMERIPRISE FINL INC,1156.0,8836.0,1242.0,9395.0,86.0,559.0
339041105,Not New,FLEETCOR TECHNOLOGIES INC,30113.0,199529.0,1368.0,9201.0,-28745.0,-190328.0
339041105,Not New,FLEETCOR TECHNOLOGIES INC,30113.0,199529.0,68780.0,462513.0,38667.0,262984.0
339041105,Not New,FLEETCOR TECHNOLOGIES INC,811.0,5372.0,1368.0,9201.0,557.0,3829.0
339041105,Not New,FLEETCOR TECHNOLOGIES INC,811.0,5372.0,68780.0,462513.0,67969.0,457141.0
494368103,New Holding,KIMBERLY CLARK CORP,,,964.0,9000.0,,
81369Y308,Sold Out,SELECT SECTOR SPDR TR,347.0,7164.0,,,,
887389104,Sold Out,TIMKEN CO,219.0,5126.0,,,,
887389104,Sold Out,TIMKEN CO,11854.0,277731.0,,,,
256746108,Sold Out,DOLLAR TREE INC,7255.0,103084.0,,,,
000953847,Sold Out,NIELSEN N V,315.0,7046.0,,,,
000953847,Sold Out,NIELSEN N V,5407.0,120882.0,,,,
718172109,Not New,PHILIP MORRIS INTL INC,349.0,4632.0,1427.0,17522.0,1078.0,12890.0
92826C839,Not New,VISA INC,583.0,8916.0,560.0,2135.0,-23.0,-6781.0
75605Y106,Not New,REALOGY HLDGS CORP,4392.0,96575.0,780.0,17543.0,-3612.0,-79032.0
75605Y106,Not New,REALOGY HLDGS CORP,4392.0,96575.0,33948.0,763043.0,29556.0,666468.0
G97822103,Sold Out,PERRIGO CO PLC,535.0,3203.0,,,,
171604101,New Holding,CHUYS HLDGS INC,,,1366.0,60637.0,,
G0083B108,Not New,ACTAVIS PLC,102497.0,344389.0,2022.0,7854.0,-100475.0,-336535.0
G0083B108,Not New,ACTAVIS PLC,102497.0,344389.0,86761.0,337052.0,-15736.0,-7337.0
G0083B108,Not New,ACTAVIS PLC,2167.0,7280.0,2022.0,7854.0,-145.0,574.0
G0083B108,Not New,ACTAVIS PLC,2167.0,7280.0,86761.0,337052.0,84594.0,329772.0
464287739,Sold Out,ISHARES TR,7684.0,100000.0,,,,
38388F108,Not New,GRACE W R & CO DEL NEW,184358.0,1864646.0,2760.0,28931.0,-181598.0,-1835715.0
38388F108,Not New,GRACE W R & CO DEL NEW,184358.0,1864646.0,175189.0,1836553.0,-9169.0,-28093.0
38388F108,Not New,GRACE W R & CO DEL NEW,2680.0,27110.0,2760.0,28931.0,80.0,1821.0
38388F108,Not New,GRACE W R & CO DEL NEW,2680.0,27110.0,175189.0,1836553.0,172509.0,1809443.0
701877102,Not New,PARSLEY ENERGY INC,5004.0,313145.0,5132.0,321542.0,128.0,8397.0
458140100,New Holding,INTEL CORP,,,506.0,16171.0,,
609207105,Not New,MONDELEZ INTL INC,353.0,9781.0,326.0,8981.0,-27.0,-800.0
806857108,Not New,SCHLUMBERGER LTD,21850.0,261868.0,26692.0,312518.0,4842.0,50650.0
20030N200,Sold Out,COMCAST CORP NEW,351.0,6100.0,,,,
620076307,Sold Out,MOTOROLA SOLUTIONS INC,236.0,3514.0,,,,
278642103,Sold Out,EBAY INC,249.0,4436.0,,,,
02209S103,Not New,ALTRIA GROUP INC,439.0,8770.0,943.0,19145.0,504.0,10375.0
060505146,New Holding,BANK OF AMERICA CORPORATION WT EXP 011619,,,223.0,38000.0,,
086516101,Not New,BEST BUY INC,3844.0,101714.0,1212.0,31095.0,-2632.0,-70619.0
086516101,Not New,BEST BUY INC,3844.0,101714.0,50638.0,1299083.0,46794.0,1197369.0
071813109,Sold Out,BAXTER INTL INC,270.0,3678.0,,,,
166764100,Not New,CHEVRON CORP NEW,22130.0,210803.0,16490.0,146998.0,-5640.0,-63805.0
370334104,Not New,GENERAL MLS INC,1392.0,24601.0,1178.0,22092.0,-214.0,-2509.0
68389X105,Sold Out,ORACLE CORP,289.0,6431.0,,,,
20605P101,Not New,CONCHO RES INC,15941.0,137521.0,10700.0,107268.0,-5241.0,-30253.0
366651107,Not New,GARTNER INC,7957.0,94895.0,8468.0,100553.0,511.0,5658.0
46634E114,New Holding,JPMORGAN CHASE & CO WT EXP 102818,,,2091.0,95000.0,,
22160K105,Not New,COSTCO WHSL CORP NEW,81933.0,540828.0,1238.0,8737.0,-80695.0,-532091.0
22160K105,Not New,COSTCO WHSL CORP NEW,81933.0,540828.0,74736.0,527236.0,-7197.0,-13592.0
22160K105,Not New,COSTCO WHSL CORP NEW,1187.0,7837.0,1238.0,8737.0,51.0,900.0
22160K105,Not New,COSTCO WHSL CORP NEW,1187.0,7837.0,74736.0,527236.0,73549.0,519399.0
61945C103,Not New,MOSAIC CO NEW,12313.0,267328.0,12677.0,277694.0,364.0,10366.0
86614U100,New Holding,SUMMIT MATLS INC,,,26603.0,1201038.0,,
86614U100,New Holding,SUMMIT MATLS INC,,,479.0,21606.0,,
382140879,New Holding,GOOD TIMES RESTAURANTS INC,,,285.0,39650.0,,
966387102,New Holding,WHITING PETE CORP NEW,,,7927.0,256545.0,,
38259P706,Not New,GOOGLE INC,205.0,374.0,649.0,1233.0,444.0,859.0
580135101,Not New,MCDONALDS CORP,9147.0,93872.0,959.0,10237.0,-8188.0,-83635.0
580135101,Not New,MCDONALDS CORP,9147.0,93872.0,51635.0,551064.0,42488.0,457192.0
732872106,Not New,POPEYES LA KITCHEN INC,3297.0,55113.0,3656.0,64978.0,359.0,9865.0
84265V105,Not New,SOUTHERN COPPER CORP,18227.0,624646.0,18153.0,643709.0,-74.0,19063.0
M85548101,New Holding,STRATASYS LTD,,,1890.0,35817.0,,
G0083B116,New Holding,ACTAVIS PLC,,,1195.0,1181.0,,
38141G104,Sold Out,GOLDMAN SACHS GROUP INC,494.0,2550.0,,,,
037833100,Sold Out,APPLE INC,338.0,3064.0,,,,
278865100,Not New,ECOLAB INC,80067.0,700011.0,1173.0,11220.0,-78894.0,-688791.0
278865100,Not New,ECOLAB INC,80067.0,700011.0,70565.0,675136.0,-9502.0,-24875.0
278865100,Not New,ECOLAB INC,1086.0,9498.0,1173.0,11220.0,87.0,1722.0
278865100,Not New,ECOLAB INC,1086.0,9498.0,70565.0,675136.0,69479.0,665638.0
25754A201,Not New,DOMINOS PIZZA INC,60659.0,603271.0,1494.0,15866.0,-59165.0,-587405.0
25754A201,Not New,DOMINOS PIZZA INC,60659.0,603271.0,62390.0,662530.0,1731.0,59259.0
25754A201,Not New,DOMINOS PIZZA INC,1233.0,12267.0,1494.0,15866.0,261.0,3599.0
25754A201,Not New,DOMINOS PIZZA INC,1233.0,12267.0,62390.0,662530.0,61157.0,650263.0
437076102,Not New,HOME DEPOT INC,82979.0,730386.0,1268.0,12081.0,-81711.0,-718305.0
437076102,Not New,HOME DEPOT INC,82979.0,730386.0,76060.0,724589.0,-6919.0,-5797.0
437076102,Not New,HOME DEPOT INC,1236.0,10881.0,1268.0,12081.0,32.0,1200.0
437076102,Not New,HOME DEPOT INC,1236.0,10881.0,76060.0,724589.0,74824.0,713708.0
00287Y109,Not New,ABBVIE INC,354.0,6050.0,465.0,7100.0,111.0,1050.0
030420103,Sold Out,AMERICAN WTR WKS CO INC NEW,290.0,5435.0,,,,
110122108,Not New,BRISTOL MYERS SQUIBB CO,22595.0,350308.0,505.0,8554.0,-22090.0,-341754.0
110122108,Not New,BRISTOL MYERS SQUIBB CO,523.0,8103.0,505.0,8554.0,-18.0,451.0
25278X109,Not New,DIAMONDBACK ENERGY INC,10678.0,138964.0,5847.0,97813.0,-4831.0,-41151.0
608190104,Sold Out,MOHAWK INDS INC,670.0,4314.0,,,,
127097103,Not New,CABOT OIL & GAS CORP,12319.0,417169.0,12823.0,433048.0,504.0,15879.0
931427108,Not New,WALGREENS BOOTS ALLIANCE INC,1984.0,23435.0,1739.0,22817.0,-245.0,-618.0
553530106,Sold Out,MSC INDL DIRECT INC,5913.0,72781.0,,,,
674215108,New Holding,OASIS PETE INC NEW,,,3276.0,230400.0,,
402635304,Not New,GULFPORT ENERGY CORP,8272.0,180187.0,7124.0,170673.0,-1148.0,-9514.0
115637209,Not New,BROWN FORMAN CORP,57614.0,637674.0,888.0,10111.0,-56726.0,-627563.0
115637209,Not New,BROWN FORMAN CORP,57614.0,637674.0,54713.0,622866.0,-2901.0,-14808.0
115637209,Not New,BROWN FORMAN CORP,823.0,9111.0,888.0,10111.0,65.0,1000.0
115637209,Not New,BROWN FORMAN CORP,823.0,9111.0,54713.0,622866.0,53890.0,613755.0
38259P508,Not New,GOOGLE INC,238.0,429.0,668.0,1258.0,430.0,829.0
254687106,Not New,DISNEY WALT CO,76090.0,725424.0,1385.0,14700.0,-74705.0,-710724.0
254687106,Not New,DISNEY WALT CO,76090.0,725424.0,67897.0,720854.0,-8193.0,-4570.0
254687106,Not New,DISNEY WALT CO,1395.0,13300.0,1385.0,14700.0,-10.0,1400.0
254687106,Not New,DISNEY WALT CO,1395.0,13300.0,67897.0,720854.0,66502.0,707554.0
69327R101,New Holding,PDC ENERGY INC,,,9043.0,167335.0,,
084423102,Not New,BERKLEY W R CORP,13324.0,263796.0,144.0,2807.0,-13180.0,-260989.0
084423102,Not New,BERKLEY W R CORP,13324.0,263796.0,9285.0,181142.0,-4039.0,-82654.0
084423102,Not New,BERKLEY W R CORP,223.0,4417.0,144.0,2807.0,-79.0,-1610.0
084423102,Not New,BERKLEY W R CORP,223.0,4417.0,9285.0,181142.0,9062.0,176725.0
654106103,Not New,NIKE INC,63204.0,629962.0,633.0,6585.0,-62571.0,-623377.0
654106103,Not New,NIKE INC,63204.0,629962.0,19315.0,200888.0,-43889.0,-429074.0
654106103,Not New,NIKE INC,1251.0,12472.0,633.0,6585.0,-618.0,-5887.0
654106103,Not New,NIKE INC,1251.0,12472.0,19315.0,200888.0,18064.0,188416.0
681919106,Sold Out,OMNICOM GROUP INC,838.0,10816.0,,,,
573284106,Not New,MARTIN MARIETTA MATLS INC,29999.0,214588.0,270.0,2450.0,-29729.0,-212138.0
573284106,Not New,MARTIN MARIETTA MATLS INC,470.0,3362.0,270.0,2450.0,-200.0,-912.0
91911K102,Sold Out,VALEANT PHARMACEUTICALS INTL,7801.0,54509.0,,,,
981475106,Sold Out,WORLD FUEL SVCS CORP,244.0,5199.0,,,,
445658107,Not New,HUNT J B TRANS SVCS INC,4778.0,55951.0,3525.0,41841.0,-1253.0,-14110.0
05329W102,Not New,AUTONATION INC,5772.0,89732.0,5194.0,85985.0,-578.0,-3747.0
94419L101,New Holding,WAYFAIR INC,,,2660.0,82812.0,,
582839106,Sold Out,MEAD JOHNSON NUTRITION CO,824.0,8199.0,,,,
075887109,Not New,BECTON DICKINSON & CO,97808.0,681161.0,1571.0,11287.0,-96237.0,-669874.0
075887109,Not New,BECTON DICKINSON & CO,97808.0,681161.0,81041.0,582356.0,-16767.0,-98805.0
075887109,Not New,BECTON DICKINSON & CO,1743.0,12141.0,1571.0,11287.0,-172.0,-854.0
075887109,Not New,BECTON DICKINSON & CO,1743.0,12141.0,81041.0,582356.0,79298.0,570215.0
911312106,Not New,UNITED PARCEL SERVICE INC,12707.0,131079.0,628.0,5648.0,-12079.0,-125431.0
911312106,Not New,UNITED PARCEL SERVICE INC,12707.0,131079.0,44470.0,400015.0,31763.0,268936.0
82966C103,Sold Out,SIRONA DENTAL SYSTEMS INC,371.0,4251.0,,,,
35671D857,Not New,FREEPORT-MCMORAN INC,4579.0,241658.0,11609.0,496971.0,7030.0,255313.0
845467109,Sold Out,SOUTHWESTERN ENERGY CO,9224.0,338016.0,,,,
58933Y105,Not New,MERCK & CO INC NEW,858.0,14928.0,755.0,13298.0,-103.0,-1630.0
04010L103,New Holding,ARES CAP CORP,,,361.0,21000.0,,
G0176J109,New Holding,ALLEGION PUB LTD CO,,,4895.0,80018.0,,
61166W101,Not New,MONSANTO CO NEW,6370.0,56599.0,6965.0,58302.0,595.0,1703.0
119848109,Not New,BUFFALO WILD WINGS INC,41015.0,226303.0,909.0,5039.0,-40106.0,-221264.0
119848109,Not New,BUFFALO WILD WINGS INC,41015.0,226303.0,41089.0,227790.0,74.0,1487.0
119848109,Not New,BUFFALO WILD WINGS INC,823.0,4539.0,909.0,5039.0,86.0,500.0
119848109,Not New,BUFFALO WILD WINGS INC,823.0,4539.0,41089.0,227790.0,40266.0,223251.0
886547108,Not New,TIFFANY & CO NEW,31090.0,353255.0,753.0,7049.0,-30337.0,-346206.0
886547108,Not New,TIFFANY & CO NEW,31090.0,353255.0,43543.0,407478.0,12453.0,54223.0
886547108,Not New,TIFFANY & CO NEW,418.0,4751.0,753.0,7049.0,335.0,2298.0
886547108,Not New,TIFFANY & CO NEW,418.0,4751.0,43543.0,407478.0,43125.0,402727.0
053015103,Not New,AUTOMATIC DATA PROCESSING IN,1314.0,15344.0,1143.0,13705.0,-171.0,-1639.0
25243Q205,Not New,DIAGEO P L C,366.0,3311.0,11573.0,101437.0,11207.0,98126.0
749685103,New Holding,RPM INTL INC,,,5328.0,111013.0,,
863667101,Sold Out,STRYKER CORP,411.0,4359.0,,,,
594918104,Sold Out,MICROSOFT CORP,656.0,14132.0,,,,
949746119,New Holding,WELLS FARGO & CO NEW WT EXP 102818,,,984.0,48000.0,,
037411105,Not New,APACHE CORP,14353.0,237906.0,13548.0,216185.0,-805.0,-21721.0
615369105,Not New,MOODYS CORP,92704.0,893105.0,1225.0,12782.0,-91479.0,-880323.0
615369105,Not New,MOODYS CORP,92704.0,893105.0,64264.0,670739.0,-28440.0,-222366.0
615369105,Not New,MOODYS CORP,1750.0,16861.0,1225.0,12782.0,-525.0,-4079.0
615369105,Not New,MOODYS CORP,1750.0,16861.0,64264.0,670739.0,62514.0,653878.0
893641100,Not New,TRANSDIGM GROUP INC,66051.0,301991.0,1049.0,5342.0,-65002.0,-296649.0
893641100,Not New,TRANSDIGM GROUP INC,66051.0,301991.0,51982.0,264741.0,-14069.0,-37250.0
893641100,Not New,TRANSDIGM GROUP INC,1247.0,5701.0,1049.0,5342.0,-198.0,-359.0
893641100,Not New,TRANSDIGM GROUP INC,1247.0,5701.0,51982.0,264741.0,50735.0,259040.0
151020104,Sold Out,CELGENE CORP,419.0,3750.0,,,,
G5960L103,New Holding,MEDTRONIC PLC,,,83949.0,1076410.0,,
G5960L103,New Holding,MEDTRONIC PLC,,,1587.0,20352.0,,
140781105,Sold Out,CARBO CERAMICS INC,1436.0,35843.0,,,,
094235108,Not New,BLOOMIN BRANDS INC,34656.0,1424395.0,613.0,24777.0,-34043.0,-1399618.0
094235108,Not New,BLOOMIN BRANDS INC,34656.0,1424395.0,24856.0,1003884.0,-9800.0,-420511.0
094235108,Not New,BLOOMIN BRANDS INC,737.0,30295.0,613.0,24777.0,-124.0,-5518.0
094235108,Not New,BLOOMIN BRANDS INC,737.0,30295.0,24856.0,1003884.0,24119.0,973589.0
31428X106,New Holding,FEDEX CORP,,,75171.0,454343.0,,
31428X106,New Holding,FEDEX CORP,,,1594.0,9634.0,,
835495102,Not New,SONOCO PRODS CO,1045.0,22986.0,1004.0,22986.0,-41.0,0.0
949746101,Not New,WELLS FARGO & CO NEW,65378.0,1201804.0,1422.0,25947.0,-63956.0,-1175857.0
949746101,Not New,WELLS FARGO & CO NEW,65378.0,1201804.0,63779.0,1163426.0,-1599.0,-38378.0
949746101,Not New,WELLS FARGO & CO NEW,1270.0,23347.0,1422.0,25947.0,152.0,2600.0
949746101,Not New,WELLS FARGO & CO NEW,1270.0,23347.0,63779.0,1163426.0,62509.0,1140079.0
45168D104,Not New,IDEXX LABS INC,27377.0,177220.0,1133.0,7642.0,-26244.0,-169578.0
45168D104,Not New,IDEXX LABS INC,523.0,3388.0,1133.0,7642.0,610.0,4254.0
351858105,New Holding,FRANCO NEVADA CORP,,,4706.0,96956.0,,
002824100,Not New,ABBOTT LABS,2044.0,44125.0,2033.0,45166.0,-11.0,1041.0
464288687,Sold Out,ISHARES,670.0,17000.0,,,,
762760106,Not New,RICE ENERGY INC,2713.0,124677.0,2614.0,124677.0,-99.0,0.0
62426E402,Not New,MOUNTAIN PROV DIAMONDS INC,2727.0,725337.0,3032.0,725337.0,305.0,0.0
485170302,Not New,KANSAS CITY SOUTHERN,49775.0,487607.0,226.0,1855.0,-49549.0,-485752.0
485170302,Not New,KANSAS CITY SOUTHERN,49775.0,487607.0,15148.0,124137.0,-34627.0,-363470.0
485170302,Not New,KANSAS CITY SOUTHERN,899.0,8808.0,226.0,1855.0,-673.0,-6953.0
485170302,Not New,KANSAS CITY SOUTHERN,899.0,8808.0,15148.0,124137.0,14249.0,115329.0
723787107,Not New,PIONEER NAT RES CO,24710.0,151124.0,18375.0,123445.0,-6335.0,-27679.0
740189105,Sold Out,PRECISION CASTPARTS CORP,1525.0,6331.0,,,,
832696405,Sold Out,SMUCKER J M CO,250.0,2473.0,,,,
883556102,Not New,THERMO FISHER SCIENTIFIC INC,59742.0,444704.0,821.0,6550.0,-58921.0,-438154.0
883556102,Not New,THERMO FISHER SCIENTIFIC INC,59742.0,444704.0,30849.0,246219.0,-28893.0,-198485.0
883556102,Not New,THERMO FISHER SCIENTIFIC INC,1293.0,9627.0,821.0,6550.0,-472.0,-3077.0
883556102,Not New,THERMO FISHER SCIENTIFIC INC,1293.0,9627.0,30849.0,246219.0,29556.0,236592.0
G2554F113,Sold Out,COVIDIEN PLC,440.0,4298.0,,,,
G2554F113,Sold Out,COVIDIEN PLC,16979.0,166006.0,,,,
G2554F113,Sold Out,FEDEX CORP,1682.0,9683.0,,,,
G2554F113,Sold Out,FEDEX CORP,73228.0,421676.0,,,,
74348T102,New Holding,PROSPECT CAPITAL CORPORATION,,,266.0,31500.0,,
001055102,Sold Out,AFLAC INC,209.0,3419.0,,,,
G5480U104,Not New,LIBERTY GLOBAL PLC,40692.0,790596.0,851.0,16951.0,-39841.0,-773645.0
G5480U104,Not New,LIBERTY GLOBAL PLC,40692.0,790596.0,32501.0,647358.0,-8191.0,-143238.0
G5480U104,Not New,LIBERTY GLOBAL PLC,967.0,18795.0,851.0,16951.0,-116.0,-1844.0
G5480U104,Not New,LIBERTY GLOBAL PLC,967.0,18795.0,32501.0,647358.0,31534.0,628563.0
585055106,Sold Out,MEDTRONIC INC,1407.0,19491.0,,,,
585055106,Sold Out,MEDTRONIC INC,69785.0,966552.0,,,,
03524A108,Not New,ANHEUSER BUSCH INBEV SA/NV,24126.0,197898.0,30959.0,275636.0,6833.0,77738.0
47215P106,Not New,JD COM INC,1093.0,37195.0,281.0,12141.0,-812.0,-25054.0
696429307,Not New,PALL CORP,63077.0,628320.0,1358.0,13416.0,-61719.0,-614904.0
696429307,Not New,PALL CORP,63077.0,628320.0,63015.0,622617.0,-62.0,-5703.0
696429307,Not New,PALL CORP,1216.0,12116.0,1358.0,13416.0,142.0,1300.0
696429307,Not New,PALL CORP,1216.0,12116.0,63015.0,622617.0,61799.0,610501.0
018490102,Sold Out,ALLERGAN INC,334.0,1573.0,,,,
443628102,Not New,HUDBAY MINERALS INC,1332.0,162818.0,1420.0,162818.0,88.0,0.0
136375102,Sold Out,CANADIAN NATL RY CO,345.0,5000.0,,,,
907818108,Not New,UNION PAC CORP,88916.0,820939.0,1777.0,14917.0,-87139.0,-806022.0
907818108,Not New,UNION PAC CORP,88916.0,820939.0,90635.0,760805.0,1719.0,-60134.0
907818108,Not New,UNION PAC CORP,1513.0,13970.0,1777.0,14917.0,264.0,947.0
907818108,Not New,UNION PAC CORP,1513.0,13970.0,90635.0,760805.0,89122.0,746835.0
084670108,Not New,BERKSHIRE HATHAWAY INC DEL,218.0,1.0,3842.0,17.0,3624.0,16.0
00751Y106,Not New,ADVANCE AUTO PARTS INC,4513.0,30151.0,292.0,1831.0,-4221.0,-28320.0
124857202,Not New,CBS CORP NEW,344.0,5678.0,1496.0,27038.0,1152.0,21360.0
124857202,Not New,CBS CORP NEW,344.0,5678.0,59826.0,1081059.0,59482.0,1075381.0
16941M109,Sold Out,CHINA MOBILE LIMITED,286.0,4854.0,,,,
824348106,Not New,SHERWIN WILLIAMS CO,111721.0,392694.0,1486.0,5651.0,-110235.0,-387043.0
824348106,Not New,SHERWIN WILLIAMS CO,111721.0,392694.0,106836.0,406157.0,-4885.0,13463.0
824348106,Not New,SHERWIN WILLIAMS CO,1437.0,5051.0,1486.0,5651.0,49.0,600.0
824348106,Not New,SHERWIN WILLIAMS CO,1437.0,5051.0,106836.0,406157.0,105399.0,401106.0
872540109,Sold Out,TJX COS INC NEW,2730.0,39803.0,,,,
478160104,Not New,JOHNSON & JOHNSON,3021.0,30034.0,3014.0,28820.0,-7.0,-1214.0
191216100,Not New,COCA COLA CO,14722.0,363069.0,13401.0,317416.0,-1321.0,-45653.0
025816109,Sold Out,AMERICAN EXPRESS CO,242.0,2600.0,,,,
713448108,Not New,PEPSICO INC,1519.0,15885.0,1502.0,15885.0,-17.0,0.0
988498101,Not New,YUM BRANDS INC,712.0,9048.0,659.0,9048.0,-53.0,0.0
742718109,Not New,PROCTER & GAMBLE CO,2224.0,27144.0,1478.0,16226.0,-746.0,-10918.0
904784709,Sold Out,UNILEVER N V,841.0,21535.0,,,,
891092108,Not New,TORO CO,8739.0,124632.0,547.0,8565.0,-8192.0,-116067.0
891092108,Not New,TORO CO,8739.0,124632.0,30851.0,483478.0,22112.0,358846.0
