CUSIP,status,NAME OF ISSUER,(x$1000)_old,PRN AMT_old,(x$1000),PRN AMT,(x$1000)_change,PRN AMT_change
369604103,Not New,GENERAL ELECTRIC CO,399.0,13400.0,316.0,10000.0,-83.0,-3400.0
053332102,Not New,AUTOZONE INC,68555.0,94813.0,109448.0,138579.0,40893.0,43766.0
78462F103,New Holding,SPDR S&P 500 ETF TR,,,1237.0,5247.0,,
34959J108,New Holding,FORTIVE CORP,,,5093.0,84571.0,,
G0750C108,Sold Out,AXALTA COATING SYS LTD,3275.0,120404.0,,,,
679580100,Not New,OLD DOMINION FGHT LINES INC,33095.0,386758.0,28796.0,335654.0,-4299.0,-51104.0
06742C723,Not New,BARCLAYS BK PLC,622.0,26050.0,613.0,26050.0,-9.0,0.0
67103H107,Not New,O REILLY AUTOMOTIVE INC NEW,1414.0,5239.0,1628.0,5849.0,214.0,610.0
084670702,Not New,BERKSHIRE HATHAWAY INC DEL,99804.0,598777.0,4077.0,25017.0,-95727.0,-573760.0
354613101,New Holding,FRANKLIN RES INC,,,2643.0,62730.0,,
74005P104,Not New,PRAXAIR INC,69535.0,586300.0,506.0,4318.0,-69029.0,-581982.0
20451N101,New Holding,COMPASS MINERALS INTL INC,,,3295.0,48558.0,,
33616C100,Not New,FIRST REP BK SAN FRANCISCO C,5328.0,56799.0,6653.0,72208.0,1325.0,15409.0
62855J104,Sold Out,MYRIAD GENETICS INC,4846.0,290690.0,,,,
941848103,Not New,WATERS CORP,729.0,4666.0,627.0,4666.0,-102.0,0.0
00206R102,Not New,AT&T INC,1051.0,25305.0,868.0,20407.0,-183.0,-4898.0
592688105,Not New,METTLER TOLEDO INTERNATIONAL,23609.0,49297.0,19836.0,47390.0,-3773.0,-1907.0
913017109,Not New,UNITED TECHNOLOGIES CORP,1560.0,13906.0,1486.0,13552.0,-74.0,-354.0
92343V104,Not New,VERIZON COMMUNICATIONS INC,398.0,8173.0,416.0,7793.0,18.0,-380.0
531229706,Not New,LIBERTY MEDIA CORP DELAWARE,12259.0,512088.0,2999.0,146366.0,-9260.0,-365722.0
531229706,Not New,LIBERTY MEDIA CORP DELAWARE,12259.0,512088.0,372.0,18151.0,-11887.0,-493937.0
840441109,New Holding,SOUTH ST CORP,,,1963.0,21974.0,,
989817101,Not New,ZUMIEZ INC,3642.0,199025.0,1093.0,50000.0,-2549.0,-149025.0
12504L109,Not New,CBRE GROUP INC,31775.0,913338.0,43273.0,1374171.0,11498.0,460833.0
320734106,Not New,FIRST LONG IS CORP,5019.0,185528.0,3610.0,126453.0,-1409.0,-59075.0
57636Q104,Not New,MASTERCARD INCORPORATED,41839.0,372005.0,39313.0,380756.0,-2526.0,8751.0
835451105,Sold Out,SONIC CORP,2920.0,110142.0,,,,
311900104,Not New,FASTENAL CO,1817.0,35288.0,1644.0,34999.0,-173.0,-289.0
624758108,New Holding,MUELLER WTR PRODS INC,,,460.0,38894.0,,
200340107,New Holding,COMERICA INC,,,13153.0,191785.0,,
225401108,Not New,CREDIT SUISSE GROUP,297.0,20000.0,930.0,65000.0,633.0,45000.0
126650100,Not New,CVS HEALTH CORP,266.0,3391.0,295.0,3734.0,29.0,343.0
539830109,New Holding,LOCKHEED MARTIN CORP,,,72753.0,271871.0,,
784117103,Sold Out,SEI INVESTMENTS CO,16514.0,334555.0,,,,
056525108,New Holding,BADGER METER INC,,,467.0,12697.0,,
928377100,Sold Out,VISTA OUTDOOR INC,2796.0,75771.0,,,,
949746804,Not New,WELLS FARGO & CO NEW,5544.0,4474.0,5372.0,4514.0,-172.0,40.0
570535104,New Holding,MARKEL CORP,,,241.0,247.0,,
269808101,Sold Out,EAGLE PT CR CO LLC,1046.0,62576.0,,,,
G5480U138,Not New,LIBERTY GLOBAL PLC,5707.0,256594.0,4933.0,224634.0,-774.0,-31960.0
30231G102,Not New,EXXON MOBIL CORP,4934.0,60161.0,4976.0,55128.0,42.0,-5033.0
88579Y101,Not New,3M CO,7800.0,40767.0,13503.0,75617.0,5703.0,34850.0
87612E106,Not New,TARGET CORP,2058.0,37297.0,1684.0,23316.0,-374.0,-13981.0
34964C106,Not New,FORTUNE BRANDS HOME & SEC IN,62261.0,1023195.0,29168.0,545612.0,-33093.0,-477583.0
427866108,Not New,HERSHEY CO,2246.0,20555.0,40781.0,394285.0,38535.0,373730.0
704326107,New Holding,PAYCHEX INC,,,2279.0,38688.0,,
931142103,Not New,WAL-MART STORES INC,322.0,4473.0,2087.0,30194.0,1765.0,25721.0
459200101,Not New,INTERNATIONAL BUSINESS MACHS,2151.0,12352.0,16019.0,96508.0,13868.0,84156.0
194162103,Not New,COLGATE PALMOLIVE CO,493.0,6735.0,13216.0,201955.0,12723.0,195220.0
03076C106,Not New,AMERIPRISE FINL INC,415.0,3204.0,355.0,3204.0,-60.0,0.0
963320106,Not New,WHIRLPOOL CORP,98236.0,573374.0,54596.0,300359.0,-43640.0,-273015.0
887389104,New Holding,TIMKEN CO,,,51919.0,1148648.0,,
115236101,Not New,BROWN & BROWN INC,261.0,6252.0,280.0,6252.0,19.0,0.0
494368103,Sold Out,KIMBERLY CLARK CORP,1044.0,9150.0,,,,
172967424,New Holding,CITIGROUP INC,,,77587.0,1297016.0,,
718172109,Not New,PHILIP MORRIS INTL INC,11638.0,103082.0,15559.0,170059.0,3921.0,66977.0
92826C839,Not New,VISA INC,27542.0,309917.0,21171.0,271351.0,-6371.0,-38566.0
717081103,Not New,PFIZER INC,232.0,6772.0,212.0,6522.0,-20.0,-250.0
98419M100,New Holding,XYLEM INC,,,26868.0,535002.0,,
458140100,Not New,INTEL CORP,579.0,16050.0,582.0,16050.0,3.0,0.0
609207105,Not New,MONDELEZ INTL INC,408.0,9466.0,431.0,9716.0,23.0,250.0
806857108,Not New,SCHLUMBERGER LTD,244.0,3126.0,262.0,3126.0,18.0,0.0
243537107,Not New,DECKERS OUTDOOR CORP,27645.0,462829.0,17918.0,323488.0,-9727.0,-139341.0
02209S103,Not New,ALTRIA GROUP INC,743.0,10400.0,640.0,9470.0,-103.0,-930.0
060505146,Sold Out,BANK AMER CORP,378.0,38000.0,,,,
30303M102,Not New,FACEBOOK INC,67364.0,474226.0,56960.0,495087.0,-10404.0,20861.0
166764100,Not New,CHEVRON CORP NEW,282.0,2622.0,309.0,2622.0,27.0,0.0
370334104,Not New,GENERAL MLS INC,1831.0,31022.0,1863.0,30163.0,32.0,-859.0
40053C105,Sold Out,GRUPO FINANCIERO SANTANDER MEX SPON ADR SHS B,141.0,19621.0,,,,
22160K105,Not New,COSTCO WHSL CORP NEW,47874.0,285492.0,83430.0,521081.0,35556.0,235589.0
500754106,Not New,KRAFT HEINZ CO,1509.0,16619.0,1512.0,17316.0,3.0,697.0
023135106,New Holding,AMAZON COM INC,,,890.0,1004.0,,
G0177J116,Not New,ALLERGAN PLC,4541.0,5350.0,32714.0,42906.0,28173.0,37556.0
579780206,Sold Out,MCCORMICK & CO INC,1063.0,11389.0,,,,
86614U100,New Holding,SUMMIT MATLS INC,,,2943.0,119106.0,,
87265H109,Sold Out,TRI POINTE GROUP INC,1854.0,161507.0,,,,
518439104,New Holding,LAUDER ESTEE COS INC,,,314.0,3705.0,,
580135101,Not New,MCDONALDS CORP,2763.0,21320.0,2482.0,20389.0,-281.0,-931.0
037833100,Not New,APPLE INC,764.0,5315.0,276.0,2386.0,-488.0,-2929.0
25754A201,Not New,DOMINOS PIZZA INC,34624.0,187869.0,36675.0,230312.0,2051.0,42443.0
437076102,Not New,HOME DEPOT INC,128960.0,878297.0,140223.0,1045814.0,11263.0,167517.0
00287Y109,Sold Out,ABBVIE INC,302.0,4825.0,,,,
110122108,Not New,BRISTOL MYERS SQUIBB CO,286.0,5257.0,399.0,6819.0,113.0,1562.0
235851102,New Holding,DANAHER CORP DEL,,,262.0,3067.0,,
260543103,New Holding,DOW CHEM CO,,,206.0,3246.0,,
608190104,Not New,MOHAWK INDS INC,1158.0,5046.0,1224.0,6131.0,66.0,1085.0
058498106,Not New,BALL CORP,87712.0,1181145.0,67706.0,901908.0,-20006.0,-279237.0
20030N101,Not New,COMCAST CORP NEW,7668.0,203978.0,375.0,5437.0,-7293.0,-198541.0
931427108,Not New,WALGREENS BOOTS ALLIANCE INC,870.0,10470.0,1794.0,21677.0,924.0,11207.0
115637209,Not New,BROWN FORMAN CORP,6457.0,139815.0,67045.0,1492550.0,60588.0,1352735.0
254687106,Not New,DISNEY WALT CO,57094.0,503523.0,62519.0,599877.0,5425.0,96354.0
88160RAD3,New Holding,TESLA INC,,,1564.0,1500000.0,,
084423102,Not New,BERKLEY W R CORP,34463.0,487942.0,32088.0,482456.0,-2375.0,-5486.0
654106103,Not New,NIKE INC,207.0,3714.0,508.0,10000.0,301.0,6286.0
681919106,Not New,OMNICOM GROUP INC,720.0,8346.0,710.0,8346.0,-10.0,0.0
573284106,Not New,MARTIN MARIETTA MATLS INC,84293.0,386222.0,40468.0,182676.0,-43825.0,-203546.0
91911K102,New Holding,VALEANT PHARMACEUTICALS INTL,,,1324.0,120000.0,,
118440106,New Holding,BUCKLE INC,,,3527.0,189637.0,,
445658107,Not New,HUNT J B TRANS SVCS INC,19660.0,214296.0,3316.0,34163.0,-16344.0,-180133.0
05329W102,Not New,AUTONATION INC,1772.0,41908.0,118750.0,2440899.0,116978.0,2398991.0
45688C107,Not New,INGEVITY CORP,51401.0,844717.0,49548.0,903180.0,-1853.0,58463.0
94419L101,Not New,WAYFAIR INC,46961.0,1159824.0,53889.0,1537479.0,6928.0,377655.0
075887109,Not New,BECTON DICKINSON & CO,24562.0,133899.0,78218.0,472473.0,53656.0,338574.0
911312106,Not New,UNITED PARCEL SERVICE INC,3754.0,34982.0,2930.0,25562.0,-824.0,-9420.0
904311107,New Holding,UNDER ARMOUR INC,,,3641.0,184080.0,,
58933Y105,Not New,MERCK & CO INC,647.0,10187.0,347.0,5887.0,-300.0,-4300.0
718546104,New Holding,PHILLIPS 66,,,74908.0,945573.0,,
60871R209,Not New,MOLSON COORS BREWING CO,9485.0,99102.0,18326.0,188325.0,8841.0,89223.0
761713106,Sold Out,REYNOLDS AMERICAN INC,388.0,6919.0,,,,
886547108,Sold Out,TIFFANY & CO NEW,3872.0,50000.0,,,,
886547108,Sold Out,TIFFANY & CO NEW,282.0,3643.0,,,,
053015103,Not New,AUTOMATIC DATA PROCESSING IN,515.0,5026.0,503.0,4892.0,-12.0,-134.0
02079K107,Not New,ALPHABET INC,1106.0,1333.0,982.0,1272.0,-124.0,-61.0
501044101,New Holding,KROGER CO,,,206.0,7000.0,,
749685103,Not New,RPM INTL INC,6644.0,120734.0,6716.0,124772.0,72.0,4038.0
594918104,Not New,MICROSOFT CORP,97118.0,1474619.0,98352.0,1582747.0,1234.0,108128.0
46625H100,Not New,JPMORGAN CHASE & CO,662.0,7536.0,650.0,7536.0,-12.0,0.0
949746119,Sold Out,WELLS FARGO & CO NEW,1024.0,48000.0,,,,
615369105,Not New,MOODYS CORP,36879.0,329155.0,75851.0,804615.0,38972.0,475460.0
893641100,Sold Out,TRANSDIGM GROUP INC,12448.0,50000.0,,,,
151020104,Not New,CELGENE CORP,1921.0,15442.0,1795.0,15504.0,-126.0,62.0
G5960L103,Not New,MEDTRONIC PLC,2038.0,25304.0,1865.0,26176.0,-173.0,872.0
31428X106,Not New,FEDEX CORP,86584.0,443679.0,47424.0,254694.0,-39160.0,-188985.0
835495102,Not New,SONOCO PRODS CO,6727.0,127118.0,6182.0,117304.0,-545.0,-9814.0
016255101,Sold Out,ALIGN TECHNOLOGY INC,279.0,2903.0,,,,
949746101,Not New,WELLS FARGO & CO NEW,3939.0,70760.0,3843.0,69737.0,-96.0,-1023.0
45168D104,Not New,IDEXX LABS INC,18096.0,117041.0,43740.0,372983.0,25644.0,255942.0
942749102,Sold Out,WATTS WATER TECHNOLOGIES INC,386.0,5924.0,,,,
224122101,Not New,CRAFT BREW ALLIANCE INC,134.0,10000.0,1647.0,97469.0,1513.0,87469.0
002824100,Not New,ABBOTT LABS,213.0,4795.0,1215.0,31627.0,1002.0,26832.0
723484101,Not New,PINNACLE WEST CAP CORP,226.0,2707.0,211.0,2707.0,-15.0,0.0
883556102,Not New,THERMO FISHER SCIENTIFIC INC,17681.0,115108.0,77182.0,547005.0,59501.0,431897.0
878193101,Sold Out,TEARLAB CORP,200.0,391943.0,,,,
56585A102,New Holding,MARATHON PETE CORP,,,35290.0,698259.0,,
42806J106,Sold Out,HERTZ GLOBAL HLDGS INC,476.0,22098.0,,,,
881624209,Sold Out,TEVA PHARMACEUTICAL CLL OPT 3/17 35,725.0,20000.0,,,,
03524A108,Not New,ANHEUSER BUSCH INBEV SA/NV,275.0,2506.0,8663.0,82164.0,8388.0,79658.0
02079K305,Not New,ALPHABET INC,1091.0,1287.0,956.0,1207.0,-135.0,-80.0
907818108,Not New,UNION PAC CORP,74042.0,699039.0,72973.0,703825.0,-1069.0,4786.0
88554D205,New Holding,3-D SYS CORP DEL,,,5097.0,340680.0,,
G0177J108,Not New,ALLERGAN PLC,41093.0,171993.0,58751.0,279754.0,17658.0,107761.0
084670108,Not New,BERKSHIRE HATHAWAY INC DEL,4997.0,20.0,4394.0,18.0,-603.0,-2.0
46120E602,Not New,INTUITIVE SURGICAL INC,383.0,500.0,317.0,500.0,-66.0,0.0
226718104,New Holding,CRITEO S A,,,10783.0,215696.0,,
824348106,Not New,SHERWIN WILLIAMS CO,151472.0,488319.0,161305.0,600226.0,9833.0,111907.0
872540109,Not New,TJX COS INC NEW,2589.0,32736.0,2523.0,33576.0,-66.0,840.0
478160104,Not New,JOHNSON & JOHNSON,1822.0,14625.0,1649.0,14313.0,-173.0,-312.0
109194100,Sold Out,BRIGHT HORIZONS FAM SOL IN D,3224.0,46048.0,,,,
191216100,Not New,COCA COLA CO,11593.0,273155.0,11821.0,285123.0,228.0,11968.0
713448108,Not New,PEPSICO INC,8076.0,72194.0,15003.0,143393.0,6927.0,71199.0
770323103,Not New,ROBERT HALF INTL INC,2039.0,41767.0,30090.0,616842.0,28051.0,575075.0
36164Y101,New Holding,GCP APPLIED TECHNOLOGIES INC,,,4137.0,126703.0,,
988498101,Not New,YUM BRANDS INC,2818.0,44099.0,33117.0,522924.0,30299.0,478825.0
550021109,New Holding,LULULEMON ATHLETICA INC,,,311.0,6000.0,,
742718109,Not New,PROCTER AND GAMBLE CO,362.0,4033.0,2163.0,25724.0,1801.0,21691.0
147528103,Not New,CASEYS GEN STORES INC,107485.0,957550.0,115595.0,972363.0,8110.0,14813.0
891092108,Not New,TORO CO,10470.0,167623.0,9622.0,171975.0,-848.0,4352.0
24906P109,Not New,DENTSPLY SIRONA INC,67720.0,1084565.0,41755.0,723287.0,-25965.0,-361278.0
