CUSIP,status,NAME OF ISSUER,(x$1000)_old,PRN AMT_old,(x$1000),PRN AMT,(x$1000)_change,PRN AMT_change
369604103,Not New,General Electric Co.,955109,70853818,1236351,70851055,281242,-2763
95058W100,Not New,Wendys Co.,597330,34035921,640970,39035921,43640,5000000
871829107,Not New,Sysco Corp.,2688645,44840642,2702427,44499052,13782,-341590
609207105,Not New,Mondelez Intl Inc.,785361,18820060,1819201,42504701,1033840,23684641
064058100,Not New,Bank New York Mellon Corp.,831519,16136596,849719,15776432,18200,-360164
G7S00T104,Not New,Pentair PLC,1049991,15411582,1088382,15411807,38391,225
742718109,Not New,Procter and Gamble Co.,3005395,37908621,3483044,37908621,477649,0
