CUSIP,status,NAME OF ISSUER,(x$1000)_old,PRN AMT_old,(x$1000),PRN AMT,(x$1000)_change,PRN AMT_change
95058W100,Not New,Wendys Co.,585146,64800245,535250,64800245,-49896,0
G47791101,Not New,Ingersoll-Rand PLC,745392,11758823,662727,11758823,-82665,0
G47791101,Not New,Ingersoll-Rand PLC,745392,11758823,59867,1062228,-685525,-10696595
G47791101,Not New,Ingersoll-Rand PLC,67335,1062228,662727,11758823,595392,10696595
G47791101,Not New,Ingersoll-Rand PLC,67335,1062228,59867,1062228,-7468,0
G54050102,Not New,Lazard Ltd,248842,4973851,252174,4973851,3332,0
609207105,Not New,Mondelez Intl Inc.,1681812,46299025,1430285,41741854,-251527,-4557171
713448108,Not New,PepsiCo Inc.,1689393,17865831,1663130,17865831,-26263,0
307000109,Not New,Family Dlr Stores Inc.,662701,8366386,646220,8366386,-16481,0
G0176J109,Not New,Allegion Pub Ltd Co,84652,1526361,72716,1526361,-11936,0
G0176J109,Not New,Allegion Pub Ltd Co,84652,1526361,6147,129027,-78505,-1397334
G0176J109,Not New,Allegion Pub Ltd Co,7156,129027,72716,1526361,65560,1397334
G0176J109,Not New,Allegion Pub Ltd Co,7156,129027,6147,129027,-1009,0
263534109,Not New,Du Pont E I De Nemours & Co.,1797709,24313084,499441,6959877,-1298268,-17353207
064058100,Not New,Bank New York Mellon Corp.,1172377,28897639,1119206,28897639,-53171,0
524901105,Not New,Legg Mason Inc.,687831,12887964,659348,12887964,-28483,0
886547108,Not New,Tiffany & Co. NEW,1433,13412,1292,13412,-141,0
