CUSIP,status,NAME OF ISSUER,(x$1000)_old,PRN AMT_old,(x$1000),PRN AMT,(x$1000)_change,PRN AMT_change
369604103,New Holding,General Electric Co.,,,200502.0,32183233.0,,
95058W100,New Holding,Wendys Co.,,,593863.0,26630629.0,,
871829107,New Holding,Sysco Corp.,,,1516914.0,24379843.0,,
609207105,New Holding,Mondelez Intl Inc.,,,703278.0,12241559.0,,
G6700G107,New Holding,nVent Electric Plc,,,103088.0,5827483.0,,
G491BT108,Not New,Invesco Ltd.,419196.0,36739343.0,237010.0,22026991.0,-182186.0,-14712352.0
G4474Y904,New Holding,Janus Henderson Group plc,,,383719.0,17666612.0,,
20030N101,New Holding,Comcast Class A Ord,,,722958.0,15628146.0,,
742718109,New Holding,Procter and Gamble Co.,,,1407812.0,10128875.0,,
G4474Y214,Sold Out,Janus Henderson Group PLC,189009.0,8932350.0,,,,
