CUSIP,status,NAME OF ISSUER,(x$1000)_old,PRN AMT_old,(x$1000),PRN AMT,(x$1000)_change,PRN AMT_change
369604103,Sold Out,General Electric Co.,964420.0,70861131.0,,,,
95058W100,Sold Out,Wendys Co.,543414.0,31630629.0,,,,
871829107,Sold Out,Sysco Corp.,2906576.0,42562249.0,,,,
609207105,Sold Out,Mondelez Intl Inc.,771812.0,18824680.0,,,,
G6700G107,Sold Out,nVent Electric Plc,440831.0,17562998.0,,,,
064058100,Sold Out,Bank New York Mellon Corp.,870373.0,16138942.0,,,,
G7S00T104,Sold Out,Pentair PLC,578156.0,13739444.0,,,,
742718109,Sold Out,Procter and Gamble Co.,2959147.0,37908621.0,,,,
693506107,New Holding,PPG Inds Inc.,,,269026.0,2593520.0,,
