CUSIP,status,NAME OF ISSUER,(x$1000)_old,PRN AMT_old,(x$1000),PRN AMT,(x$1000)_change,PRN AMT_change
369604103,Not New,General Electric Co.,536450,70865317,800068,70865214,263618,-103
95058W100,Not New,Wendys Co.,493754,31630629,542149,31630629,48395,0
871829107,Not New,Sysco Corp.,1773523,28303910,2758353,37656693,984830,9352783
693506107,Not New,PPG Inds Inc.,716572,7009412,452154,4143262,-264418,-2866150
609207105,Not New,Mondelez Intl Inc.,753558,18824836,808712,18824773,55154,-63
G6700G107,Not New,nVent Electric Plc,394465,17562998,477011,17562998,82546,0
064058100,Not New,Bank New York Mellon Corp.,759669,16139123,822925,16138942,63256,-181
G7S00T104,Not New,Pentair PLC,324179,8580717,521786,12036582,197607,3455865
742718109,Not New,Procter and Gamble Co.,3484758,37910766,3155135,37908621,-329623,-2145
