CUSIP,status,NAME OF ISSUER,(x$1000)_old,PRN AMT_old,(x$1000),PRN AMT,(x$1000)_change,PRN AMT_change
369604103,New Holding,General Electric Co.,,,800068.0,70865214.0,,
95058W100,New Holding,Wendys Co.,,,542149.0,31630629.0,,
871829107,New Holding,Sysco Corp.,,,2758353.0,37656693.0,,
693506107,New Holding,PPG Inds Inc.,,,452154.0,4143262.0,,
609207105,New Holding,Mondelez Intl Inc.,,,808712.0,18824773.0,,
G6700G107,New Holding,nVent Electric Plc,,,477011.0,17562998.0,,
064058100,New Holding,Bank New York Mellon Corp.,,,822925.0,16138942.0,,
G7S00T104,New Holding,Pentair PLC,,,521786.0,12036582.0,,
742718109,New Holding,Procter and Gamble Co.,,,3155135.0,37908621.0,,
693506107,Sold Out,PPG Inds Inc.,269026.0,2593520.0,,,,
