CUSIP,status,NAME OF ISSUER,(x$1000)_old,PRN AMT_old,(x$1000),PRN AMT,(x$1000)_change,PRN AMT_change
021346101,Sold Out,ALTABA INC,256802.0,3769842.0,,,,
82481R106,Sold Out,SHIRE PLC,407338.0,2247133.0,,,,
13462K109,Not New,CAMPING WORLD HLDGS INC,44261.0,3858808.0,49635.0,2328100.0,5374.0,-1530708.0
06777U101,Not New,BARNES & NOBLE ED INC,23549.0,5872465.0,33825.0,5872465.0,10276.0,0.0
30219G108,Sold Out,EXPRESS SCRIPTS HLDG CO,303301.0,3192304.0,,,,
L7257P205,New Holding,PACIFIC DRILLING SA LUXEMBOU,,,98984.0,7414537.0,,
18451C109,Not New,CLEAR CHANNEL OUTDOOR HLDGS,17409.0,3354390.0,19959.0,3354390.0,2550.0,0.0
536797103,Not New,LITHIA MTRS INC,175559.0,2300000.0,163320.0,2000000.0,-12239.0,-300000.0
37951D102,Not New,GLOBAL EAGLE ENTMT INC,13534.0,6069147.0,18393.0,6522429.0,4859.0,453282.0
67103H107,Not New,O REILLY AUTOMOTIVE INC NEW,296117.0,859981.0,306751.0,883194.0,10634.0,23213.0
354613101,Not New,FRANKLIN RES INC,297718.0,10037706.0,302428.0,9945023.0,4710.0,-92683.0
67551U105,Not New,OCH ZIFF CAP MGMT GROUP,20460.0,22238592.0,32913.0,22238592.0,12453.0,0.0
864482104,Not New,SUBURBAN PROPANE PARTNERS L,57585.0,2988346.0,70316.0,2988346.0,12731.0,0.0
00972D105,Not New,AKEBIA THERAPEUTICS INC,31280.0,5656462.0,9883.0,1119286.0,-21397.0,-4537176.0
881624209,Not New,TEVA PHARMACEUTICAL INDS LTD,285615.0,18522372.0,420512.0,19522372.0,134897.0,1000000.0
959802109,Not New,WESTERN UN CO,178017.0,10434763.0,403414.0,21165498.0,225397.0,10730735.0
492515101,Sold Out,KERYX BIOPHARMACEUTICALS INC,30970.0,9108867.0,,,,
02079K305,Not New,ALPHABET INC,129697.0,124117.0,149819.0,124117.0,20122.0,0.0
30303M102,New Holding,FACEBOOK INC,,,131044.0,999649.0,,
043436104,Not New,ASBURY AUTOMOTIVE GROUP INC,126823.0,1902528.0,108975.0,1585091.0,-17848.0,-317437.0
49456B101,Not New,KINDER MORGAN INC DEL,134750.0,8761405.0,155340.0,8761405.0,20590.0,0.0
023586100,Not New,AMERCO,189006.0,576045.0,205446.0,576045.0,16440.0,0.0
G96629103,Not New,WILLIS TOWERS WATSON PUB LTD,168536.0,1109811.0,166772.0,1183287.0,-1764.0,73476.0
00817Y108,Sold Out,AETNA INC NEW,167058.0,823555.0,,,,
