CUSIP,status,NAME OF ISSUER,(x$1000)_old,PRN AMT_old,(x$1000),PRN AMT,(x$1000)_change,PRN AMT_change
021346101,Sold Out,ALTABA INC,246422.0,12650000.0,,,,
110122157,New Holding,BRISTOL MYERS SQUIBB CO,,,69841.0,23202869.0,,
151020104,Sold Out,CELGENE CORP,670560.0,6752869.0,,,,
89377M109,Not New,TRANSMEDICS GROUP INC,66532.0,3499859.0,80443.0,3499859.0,13911.0,0.0
13462K109,Not New,CAMPING WORLD HLDGS INC,90044.0,6108808.0,48582.0,5458626.0,-41462.0,-650182.0
L7257P205,Not New,PACIFIC DRILLING SA LUXEMBOU,30251.0,7414537.0,28991.0,7414537.0,-1260.0,0.0
536797103,Not New,LITHIA MTRS INC,327232.0,2226068.0,304474.0,2300000.0,-22758.0,73932.0
67098H104,New Holding,O-I GLASS INC,,,58146.0,4873968.0,,
67103H107,Not New,O REILLY AUTOMOTIVE INC NEW,227666.0,519476.0,212759.0,533886.0,-14907.0,14410.0
69331C108,Not New,PG&E CORP,271750.0,25000000.0,250000.0,25000000.0,-21750.0,0.0
354613101,Not New,FRANKLIN RES INC,252470.0,9717841.0,282034.0,9772486.0,29564.0,54645.0
864482104,Not New,SUBURBAN PROPANE PARTNERS L,65295.0,2988346.0,70615.0,2988346.0,5320.0,0.0
00972D105,Not New,AKEBIA THERAPEUTICS INC,35749.0,5656462.0,22173.0,5656462.0,-13576.0,0.0
881624209,Not New,TEVA PHARMACEUTICAL INDS LTD,235654.0,24046356.0,165439.0,24046356.0,-70215.0,0.0
02079K305,Not New,ALPHABET INC,162092.0,121019.0,151564.0,124117.0,-10528.0,3098.0
30303M102,Not New,FACEBOOK INC,209296.0,1019712.0,182483.0,1024723.0,-26813.0,5011.0
G0177J108,New Holding,ALLERGAN PLC,,,236668.0,1238000.0,,
043436104,Not New,ASBURY AUTOMOTIVE GROUP INC,212684.0,1902528.0,194686.0,1902528.0,-17998.0,0.0
811246107,Not New,SCULPTOR CAP MGMT,45501.0,2058860.0,43321.0,2223860.0,-2180.0,165000.0
49456B101,Not New,KINDER MORGAN INC DEL,180576.0,8529816.0,175800.0,8529816.0,-4776.0,0.0
023586100,Not New,AMERCO,210932.0,561258.0,218913.0,561258.0,7981.0,0.0
G96629103,Not New,WILLIS TOWERS WATSON PUB LTD,220923.0,1094001.0,214160.0,1109811.0,-6763.0,15810.0
18453H106,Not New,CLEAR CHANNEL OUTDOOR HLDGS,9594.0,3354390.0,8453.0,3354390.0,-1141.0,0.0
