CUSIP,status,NAME OF ISSUER,(x$1000)_old,PRN AMT_old,(x$1000),PRN AMT,(x$1000)_change,PRN AMT_change
02503Y103,Sold Out,AMERICAN CAP LTD,1044.0,68537.0,,,,
78462F103,Sold Out,SPDR S&P 500 ETF TR,27783.0,135186.0,,,,
260003108,Not New,DOVER CORP,223.0,3224.0,211.0,3285.0,-12.0,61.0
045396108,Sold Out,ASSEMBLY BIOSCIENCES INC,111.0,22185.0,,,,
02504D108,Not New,AMERICAN CAP SR FLOATING LTD,157.0,15255.0,155.0,15457.0,-2.0,202.0
48576U106,Sold Out,KARYOPHARM THERAPEUTICS INC,221.0,24829.0,,,,
464287655,Sold Out,ISHARES TR,591.0,5338.0,,,,
084670702,Not New,BERKSHIRE HATHAWAY INC DEL,1295.0,8945.0,1293.0,9116.0,-2.0,171.0
03879J100,Sold Out,ARBUTUS BIOPHARMA CORP,173.0,41903.0,,,,
126402106,Not New,CSW INDUSTRIALS INC,367.0,11253.0,344.0,10906.0,-23.0,-347.0
699374302,New Holding,PARATEK PHARMACEUTICALS INC,,,263.0,18909.0,,
12574Q103,Not New,CM FIN INC,295.0,33247.0,237.0,28220.0,-58.0,-5027.0
366554103,New Holding,GARRISON CAP INC,,,152.0,15104.0,,
58503F106,Not New,MEDLEY CAP CORP,167.0,24913.0,179.0,27093.0,12.0,2180.0
87162T206,Not New,SYNTA PHARMACEUTICALS CORP,5665.0,21770662.0,5209.0,21704847.0,-456.0,-65815.0
87162T206,Not New,SYNTA PHARMACEUTICALS CORP,5665.0,21770662.0,16.0,67000.0,-5649.0,-21703662.0
87162T206,Not New,SYNTA PHARMACEUTICALS CORP,19.0,72000.0,5209.0,21704847.0,5190.0,21632847.0
87162T206,Not New,SYNTA PHARMACEUTICALS CORP,19.0,72000.0,16.0,67000.0,-3.0,-5000.0
G85347105,New Holding,STRONGBRIDGE BIOPHARMA PLC,,,143.0,35977.0,,
171757107,Not New,CIDARA THERAPEUTICS INC,194.0,18807.0,163.0,12812.0,-31.0,-5995.0
858568108,Not New,STELLUS CAP INVT CORP,304.0,29728.0,240.0,23489.0,-64.0,-6239.0
15089R102,Not New,CELATOR PHARMACEUTICALS INC,67370.0,2232272.0,25620.0,2322769.0,-41750.0,90497.0
00847L100,Not New,AGILE THERAPEUTICS INC,12028.0,1580491.0,8873.0,1428871.0,-3155.0,-151620.0
