CUSIP,status,NAME OF ISSUER,(x$1000)_old,PRN AMT_old,(x$1000),PRN AMT,(x$1000)_change,PRN AMT_change
02503Y103,Not New,AMERICAN CAP LTD,1044.0,68537.0,946.0,68621.0,-98.0,84.0
6706EN100,Sold Out,NUVEEN FLTNG RTE INCM OPP FD,258.0,26314.0,,,,
78462F103,Not New,SPDR S&P 500 ETF TR,27783.0,135186.0,7594.0,37251.0,-20189.0,-97935.0
260003108,New Holding,DOVER CORP,,,211.0,3285.0,,
045396108,Not New,ASSEMBLY BIOSCIENCES INC,111.0,22185.0,136.0,18101.0,25.0,-4084.0
02504D108,Not New,AMERICAN CAP SR FLOATING LTD,155.0,15457.0,129.0,13157.0,-26.0,-2300.0
48576U106,New Holding,KARYOPHARM THERAPEUTICS INC,,,221.0,24829.0,,
58503T106,Sold Out,MEDLEY MGMT INC,187.0,32893.0,,,,
464287655,New Holding,ISHARES TR,,,591.0,5338.0,,
084670702,Not New,BERKSHIRE HATHAWAY INC DEL,1293.0,9116.0,204.0,1546.0,-1089.0,-7570.0
03879J100,Not New,ARBUTUS BIOPHARMA CORP,173.0,41903.0,132.0,29762.0,-41.0,-12141.0
126402106,New Holding,CSW INDUSTRIALS INC,,,344.0,10906.0,,
67067Y104,Sold Out,NUVEEN SR INCOME FD,418.0,72363.0,,,,
12574Q103,Not New,CM FIN INC,237.0,28220.0,150.0,15020.0,-87.0,-13200.0
09255X100,Sold Out,BLACKROCK FLOAT RATE OME STR,287.0,22285.0,,,,
74346L101,Sold Out,PRONAI THERAPEUTICS INC,688.0,45719.0,,,,
58503F106,Not New,MEDLEY CAP CORP,179.0,27093.0,126.0,16693.0,-53.0,-10400.0
87162T206,Not New,SYNTA PHARMACEUTICALS CORP,5209.0,21704847.0,7637.0,21696894.0,2428.0,-7953.0
87162T206,Not New,SYNTA PHARMACEUTICALS CORP,5209.0,21704847.0,22.0,62000.0,-5187.0,-21642847.0
87162T206,Not New,SYNTA PHARMACEUTICALS CORP,16.0,67000.0,7637.0,21696894.0,7621.0,21629894.0
87162T206,Not New,SYNTA PHARMACEUTICALS CORP,16.0,67000.0,22.0,62000.0,6.0,-5000.0
171757107,Not New,CIDARA THERAPEUTICS INC,163.0,12812.0,220.0,12812.0,57.0,0.0
858568108,Not New,STELLUS CAP INVT CORP,240.0,23489.0,206.0,21380.0,-34.0,-2109.0
15089R102,Not New,CELATOR PHARMACEUTICALS INC,25620.0,2322769.0,3954.0,2246469.0,-21666.0,-76300.0
00847L100,Not New,AGILE THERAPEUTICS INC,8873.0,1428871.0,225.0,23035.0,-8648.0,-1405836.0
72369J102,Sold Out,PIONEER FLOATING RATE TR,321.0,29603.0,,,,
