CUSIP,status,NAME OF ISSUER,(x$1000)_old,PRN AMT_old,(x$1000),PRN AMT,(x$1000)_change,PRN AMT_change
27826S103,New Holding,EATON VANCE SR INCOME TR,,,96.0,15403.0,,
83413U100,New Holding,SOLAR CAP LTD,,,198.0,11002.0,,
G01767105,New Holding,ALKERMES PLC,,,1220.0,20825.0,,
G2554F113,Sold Out,COVIDIEN PLC,379.0,4381.0,,,,
58503F106,New Holding,MEDLEY CAP CORP,,,152.0,16503.0,,
87162T206,Not New,SYNTA PHARMACEUTICALS CORP,80025.0,30197945.0,90887.0,30194898.0,10862.0,-3047.0
15089R102,Not New,CELATOR PHARMACEUTICALS INC,4403.0,2246469.0,5684.0,2246469.0,1281.0,0.0
00847L100,Not New,AGILE THERAPEUTICS INC,182.0,29645.0,200.0,27415.0,18.0,-2230.0
67067Y104,New Holding,NUVEEN SR INCOME FD,,,72.0,11002.0,,
12574Q103,New Holding,CM FIN INC,,,124.0,11259.0,,
74348T102,New Holding,PROSPECT CAPITAL CORPORATION,,,454.0,55012.0,,
