CUSIP,status,NAME OF ISSUER,(x$1000)_old,PRN AMT_old,(x$1000),PRN AMT,(x$1000)_change,PRN AMT_change
893641100,Sold Out,TRANSDIGM GROUP INC,290.0,518.0,,,,
80405P107,Not New,SATSUMA PHARMACEUTICALS INC,13048.0,606320.0,12974.0,659252.0,-74.0,52932.0
78462F103,Sold Out,SPDR S&P 500 ETF TR,4509.0,14010.0,,,,
608550109,Not New,MOLECULAR TEMPLATES INC,28015.0,2107991.0,29270.0,2092991.0,1255.0,-15000.0
045396108,Sold Out,ASSEMBLY BIOSCIENCES INC,340.0,16615.0,,,,
131476103,Not New,CALUMET SPECIALTY PRODS PTNR,138.0,131204.0,621.0,170149.0,483.0,38945.0
98156Q108,Sold Out,WORLD WRESTLING ENTMT INC,261.0,4023.0,,,,
963320106,Sold Out,WHIRLPOOL CORP,223.0,1509.0,,,,
172967424,Sold Out,CITIGROUP INC,249.0,3111.0,,,,
30734W109,Sold Out,FAR PT ACQUISITION CORP,263.0,25569.0,,,,
92826C839,Sold Out,VISA INC,276.0,1470.0,,,,
04650Y100,Sold Out,AT HOME GROUP INC,144.0,26139.0,,,,
16119P108,Sold Out,CHARTER COMMUNICATIONS INC N,309.0,638.0,,,,
40171V100,Sold Out,GUIDEWIRE SOFTWARE INC,233.0,2118.0,,,,
28249U105,Not New,EIGER BIOPHARMACEUTICALS INC,555.0,81617.0,925.0,62096.0,370.0,-19521.0
302635107,Not New,FS KKR CAPITAL CORP,511.0,170332.0,684.0,111653.0,173.0,-58679.0
58733R102,Sold Out,MERCADOLIBRE INC,285.0,498.0,,,,
55279B202,Not New,MEI PHARMA INC,1426.0,885560.0,2097.0,845560.0,671.0,-40000.0
00654J107,New Holding,ADDEX THERAPEUTICS LTD,,,115.0,17418.0,,
225655109,New Holding,CRESCENT CAP BDC INC,,,332.0,34405.0,,
366554103,Not New,GARRISON CAP INC,1979.0,1164061.0,7118.0,1223096.0,5139.0,59035.0
50127T109,Not New,KURA ONCOLOGY INC,222.0,22302.0,307.0,22295.0,85.0,-7.0
82640U404,New Holding,SIERRA ONCOLOGY INC,,,6324.0,643959.0,,
867328700,Not New,SUNESIS PHARMACEUTICALS INC,3375.0,8134926.0,2747.0,8134926.0,-628.0,0.0
02079K305,Sold Out,ALPHABET INC,269.0,201.0,,,,
146869102,Sold Out,CARVANA CO,255.0,2770.0,,,,
03027X100,Sold Out,AMERICAN TOWER CORP NEW,279.0,1214.0,,,,
37045V100,Sold Out,GENERAL MTRS CO,204.0,5563.0,,,,
811292101,Not New,SCYNEXIS INC,6198.0,7936111.0,7222.0,7936111.0,1024.0,0.0
907818108,Sold Out,UNION PACIFIC CORP,234.0,1293.0,,,,
G85347105,Not New,STRONGBRIDGE BIOPHARMA PLC,12497.0,6612065.0,13819.0,6612065.0,1322.0,0.0
526057104,Sold Out,LENNAR CORP,230.0,4118.0,,,,
755111507,Sold Out,RAYTHEON CO,230.0,1045.0,,,,
57636Q104,Sold Out,MASTERCARD INC,286.0,959.0,,,,
12648L601,Not New,CTI BIOPHARMA CORP,567.0,616695.0,514.0,325610.0,-53.0,-291085.0
14161W105,Sold Out,CARDLYTICS INC,352.0,5594.0,,,,
910047109,Sold Out,UNITED AIRLINES HLDGS INC,244.0,2772.0,,,,
G33856108,Sold Out,FERROGLOBE PLC,124.0,131426.0,,,,
04269E107,Sold Out,ARQULE INC,310.0,15522.0,,,,
615369105,Sold Out,MOODYS CORP,280.0,1179.0,,,,
38000Q102,Not New,GLYCOMIMETICS INC,34.0,15103.0,136.0,25748.0,102.0,10645.0
01374T102,Sold Out,ALCENTRA CAP CORP,9095.0,1005000.0,,,,
483119103,Not New,KALA PHARMACEUTICALS INC,16141.0,1836313.0,5474.0,1483343.0,-10667.0,-352970.0
