CUSIP,status,NAME OF ISSUER,(x$1000)_old,PRN AMT_old,(x$1000),PRN AMT,(x$1000)_change,PRN AMT_change
02503Y103,Not New,AMERICAN CAP LTD,946.0,68621.0,894.0,73558.0,-52.0,4937.0
27826S103,Sold Out,EATON VANCE SR INCOME TR,310.0,52889.0,,,,
6706EN100,Not New,NUVEEN FLTNG RTE INCM OPP FD,258.0,26314.0,281.0,28207.0,23.0,1893.0
46187J205,Sold Out,INVUITY INC,475.0,33905.0,,,,
57060U100,Sold Out,MARKET VECTORS ETF TR,436.0,31733.0,,,,
78462F103,New Holding,SPDR S&P 500 ETF TR,,,7594.0,37251.0,,
045396108,New Holding,ASSEMBLY BIOSCIENCES INC,,,136.0,18101.0,,
83413U100,Sold Out,SOLAR CAP LTD,318.0,20098.0,,,,
02504D108,New Holding,AMERICAN CAP SR FLOATING LTD,,,129.0,13157.0,,
58503T106,Not New,MEDLEY MGMT INC,187.0,32893.0,233.0,35259.0,46.0,2366.0
084670702,New Holding,BERKSHIRE HATHAWAY INC DEL,,,204.0,1546.0,,
03879J100,New Holding,ARBUTUS BIOPHARMA CORP,,,132.0,29762.0,,
67067Y104,Not New,NUVEEN SR INCOME FD,418.0,72363.0,417.0,70518.0,-1.0,-1845.0
12574Q103,Not New,CM FIN INC,150.0,15020.0,150.0,14658.0,0.0,-362.0
09255X100,Not New,BLACKROCK FLOAT RATE OME STR,287.0,22285.0,309.0,23888.0,22.0,1603.0
74346L101,Not New,PRONAI THERAPEUTICS INC,688.0,45719.0,938.0,45719.0,250.0,0.0
58503F106,Not New,MEDLEY CAP CORP,126.0,16693.0,216.0,29089.0,90.0,12396.0
87162T206,Not New,SYNTA PHARMACEUTICALS CORP,7637.0,21696894.0,64500.0,37069140.0,56863.0,15372246.0
87162T206,Not New,SYNTA PHARMACEUTICALS CORP,7637.0,21696894.0,99.0,57000.0,-7538.0,-21639894.0
87162T206,Not New,SYNTA PHARMACEUTICALS CORP,22.0,62000.0,64500.0,37069140.0,64478.0,37007140.0
87162T206,Not New,SYNTA PHARMACEUTICALS CORP,22.0,62000.0,99.0,57000.0,77.0,-5000.0
171757107,New Holding,CIDARA THERAPEUTICS INC,,,220.0,12812.0,,
858568108,Not New,STELLUS CAP INVT CORP,206.0,21380.0,213.0,21155.0,7.0,-225.0
31678A103,Sold Out,FIFTH STREET FINANCE CORP,98.0,15867.0,,,,
15089R102,Not New,CELATOR PHARMACEUTICALS INC,3954.0,2246469.0,3729.0,2246469.0,-225.0,0.0
00847L100,Not New,AGILE THERAPEUTICS INC,225.0,23035.0,155.0,23035.0,-70.0,0.0
72369J102,Not New,PIONEER FLOATING RATE TR,321.0,29603.0,369.0,32637.0,48.0,3034.0
