CUSIP,status,NAME OF ISSUER,(x$1000)_old,PRN AMT_old,(x$1000),PRN AMT,(x$1000)_change,PRN AMT_change
651290108,New Holding,NEWFIELD EXPLORATION CO,,,590.0,13366.0,,
82481R106,New Holding,Shire PLC,,,1177.0,5000.0,,
867224107,Sold Out,SUNCOR ENERGY INC,4195.0,120000.0,,,,
42365Q103,Sold Out,Hemisphere Media Group Inc,205.0,160000.0,,,,
84860W102,Sold Out,Spirit Realty Capital Inc,549.0,50000.0,,,,
05965X109,Not New,Banco Santander Chile,5151.0,194750.0,2701.0,115250.0,-2450.0,-79500.0
387328107,New Holding,GRANITE CONSTRUCTION INC,,,2281.0,63413.0,,
27033X101,New Holding,EarthLink Inc,,,1860.0,500000.0,,
031162100,Not New,AMGEN INC,408.0,3450.0,426.0,3450.0,18.0,0.0
150870103,Sold Out,CELANESE CORP-SERIES A,250.0,4500.0,,,,
228227104,Not New,CROWN CASTLE INTL CORP,1502.0,20235.0,890.0,12061.0,-612.0,-8174.0
428291108,New Holding,HEXCEL CORP,,,286.0,7000.0,,
880779103,New Holding,TEREX CORP,,,5137.0,125000.0,,
485865109,Sold Out,Kate Spade Co,9996.0,269500.0,,,,
60935Y208,Sold Out,MONEYGRAM INTERNATIONAL INC,1094.0,61975.0,,,,
92823T108,New Holding,VIRNETX HOLDING CORP,,,880.0,50000.0,,
48242W106,Sold Out,KBR INC,5336.0,200000.0,,,,
G2519Y108,Not New,CREDICORP LTD,6910.0,44450.0,5248.0,38050.0,-1662.0,-6400.0
81663A105,Not New,SemGroup Corp,8910.0,113000.0,8407.0,128000.0,-503.0,15000.0
125269100,Not New,CF INDUSTRIES HOLDINGS INC,4451.0,18507.0,4288.0,16450.0,-163.0,-2057.0
887228104,New Holding,Time Inc,,,3027.0,125000.0,,
432589109,New Holding,Hillshire Brands Co,,,7787.0,125000.0,,
92240M108,Not New,VECTOR GROUP LTD,982.0,47506.0,1544.0,71703.0,562.0,24197.0
50540R409,New Holding,LABORATORY CRP OF AMER HLDGS,,,402.0,3935.0,,
205363104,Not New,COMPUTER SCIENCES CORP,416.0,6597.0,414.0,6810.0,-2.0,213.0
G00349103,New Holding,Abengoa Yield plc,,,1703.0,45000.0,,
36191G107,New Holding,GNC HOLDINGS INC,,,1023.0,30000.0,,
34988V106,New Holding,Fossil Group Inc,,,364.0,3483.0,,
372284208,Sold Out,Genie Energy Ltd,821.0,82335.0,,,,
03027X100,New Holding,AMERICAN TOWER CORP-CL A,,,26994.0,300000.0,,
13645T100,New Holding,CANADIAN PACIFIC RAILWAY LTD,,,588.0,3250.0,,
01973R101,Not New,Allison Transmission Holdings.,9330.0,300000.0,2994.0,100000.0,-6336.0,-200000.0
559222401,New Holding,MAGNA INTERNATIONAL INC-CL A,,,10775.0,100000.0,,
126650100,New Holding,CVS CORP,,,400.0,5316.0,,
53071M880,Not New,Liberty Ventures,12546.0,170000.0,10426.0,80000.0,-2120.0,-90000.0
53071M104,Not New,LIBERTY MEDIA-INTERACTIVE A,2477.0,84394.0,927.0,32106.0,-1550.0,-52288.0
00817Y108,New Holding,AETNA INC,,,432.0,5326.0,,
579489105,Not New,MCCLATCHY CO-CLASS A,2453.0,441987.0,1969.0,306638.0,-484.0,-135349.0
30231G102,Not New,EXXON MOBIL CORP,1559.0,15489.0,436.0,4464.0,-1123.0,-11025.0
30231G102,Not New,EXXON MOBIL CORP,20136.0,200000.0,436.0,4464.0,-19700.0,-195536.0
257559203,Sold Out,DOMTAR CORP,2654.0,23647.0,,,,
50186V102,Sold Out,LG.PHIIPS LCD CO,268.0,21459.0,,,,
931142103,Sold Out,WAL-MART STORES INC,421.0,5508.0,,,,
66704R100,Not New,NORTHSTAR REALTY FINANCE COR,50133.0,2884545.0,19767.0,1224729.0,-30366.0,-1659816.0
03076C106,Not New,AMERIPRISE FINANCIAL INC,11227.0,93563.0,47206.0,428876.0,35979.0,335313.0
81369Y308,New Holding,CNSMR STAPES SLCT SCTR SPDR FD,,,22310.0,500000.0,,
81369Y308,New Holding,CNSMR STAPES SLCT SCTR SPDR FD,,,19498.0,437000.0,,
G29183103,Not New,EATON CORP,1150.0,14904.0,444.0,5904.0,-706.0,-9000.0
16411R208,New Holding,CHENIERE ENERGY INC,,,1214.0,16932.0,,
666807102,Not New,NORTHROP GRUMMAN CORP,390.0,3261.0,444.0,3602.0,54.0,341.0
172967424,Not New,CITIGROUP INC,70650.0,1500000.0,4760.0,100000.0,-65890.0,-1400000.0
172967424,Not New,CITIGROUP INC,70650.0,1500000.0,112730.0,2368273.0,42080.0,868273.0
172967424,Not New,CITIGROUP INC,988.0,20986.0,4760.0,100000.0,3772.0,79014.0
172967424,Not New,CITIGROUP INC,988.0,20986.0,112730.0,2368273.0,111742.0,2347287.0
256746108,New Holding,DOLLAR TREE STORES INC,,,414.0,7606.0,,
002255107,Sold Out,AU OPTRONICS CORP-SPON ADR,251.0,72254.0,,,,
718172109,Not New,PHILIP MORRIS INTERNAT,438.0,5202.0,426.0,5202.0,-12.0,0.0
92210H105,New Holding,Vantiv Inc,,,10254.0,305000.0,,
254067101,Sold Out,DILLARDS INC-CL A,4620.0,50000.0,,,,
G0083B108,Not New,Actavis plc,10561.0,47348.0,1030.0,5003.0,-9531.0,-42345.0
046353108,New Holding,ASTRAZENECA PLC-SPONS ADR,,,2972.0,40000.0,,
208242107,Sold Out,CONN'S INC,4701.0,121000.0,,,,
Y7542C106,New Holding,Scorpio Tankers Inc,,,1096.0,107782.0,,
30212P303,Not New,EXPEDIA INC,4292.0,54500.0,6163.0,85000.0,1871.0,30500.0
16117M305,Not New,CHARTER COMMUNICATIONS-CL A,1152.0,7276.0,856.0,6948.0,-296.0,-328.0
09072Q114,New Holding,BioAmber Inc,,,652.0,255000.0,,
02209S103,New Holding,ALTRIA GROUP INC,,,4613.0,110000.0,,
M9068E105,New Holding,SODASTREAM INTER,,,1536.0,45728.0,,
92343E102,Not New,VERISIGN INC,384.0,7882.0,388.0,7206.0,4.0,-676.0
G27823106,Sold Out,Delphi Automotive PLC,1697.0,25000.0,,,,
68389X105,Sold Out,ORACLE CORP,455.0,11132.0,,,,
53219L109,New Holding,LIFEPOINT HOSPITALS INC,,,4347.0,70000.0,,
512815101,Not New,LAMAR ADVERTISING CO-CL A,1066.0,20121.0,391.0,7657.0,-675.0,-12464.0
261608103,New Holding,DRESSER-RAND GROUP INC,,,2867.0,45000.0,,
G66721104,Sold Out,Norwegian Cruise Line Holding,1977.0,61265.0,,,,
30161N101,New Holding,EXELON CORP.,,,2042.0,55991.0,,
81369Y704,Not New,INDUSTRIAL SELECT SECT SPDR,45951.0,850000.0,52330.0,1000000.0,6379.0,150000.0
81369Y704,Not New,INDUSTRIAL SELECT SECT SPDR,45951.0,850000.0,13722.0,262228.0,-32229.0,-587772.0
81369Y704,Not New,INDUSTRIAL SELECT SECT SPDR,21636.0,400228.0,52330.0,1000000.0,30694.0,599772.0
81369Y704,Not New,INDUSTRIAL SELECT SECT SPDR,21636.0,400228.0,13722.0,262228.0,-7914.0,-138000.0
580645109,New Holding,McGraw Hill Financial Inc,,,8303.0,100000.0,,
84649R200,Sold Out,SPANSION INC-A,2648.0,152020.0,,,,
868157108,New Holding,SUPERIOR ENERGY SERVICES INC,,,1626.0,45000.0,,
544147101,New Holding,LORILLARD INC,,,2133.0,35000.0,,
544147101,New Holding,LORILLARD INC,,,60.0,1000.0,,
776696106,Not New,ROPER INDUSTRIES INC,1095.0,7500.0,801.0,6000.0,-294.0,-1500.0
518439104,New Holding,ESTEE LAUDER COMPANIES-CL A,,,3044.0,41000.0,,
531229102,Not New,Liberty Media Corp,2199.0,16091.0,443.0,3391.0,-1756.0,-12700.0
489398107,Sold Out,Kennedy-Wilson Holdings Inc,10692.0,475000.0,,,,
005125109,New Holding,ACXIOM CORP,,,3254.0,150000.0,,
98986T108,New Holding,Zynga Inc,,,1386.0,432000.0,,
84265V105,New Holding,SOUTHERN COPPER CORP ..,,,1670.0,55000.0,,
037833100,Not New,APPLE INC.,105640.0,1136774.0,6255.0,11653.0,-99385.0,-1125121.0
30281V108,Sold Out,FTD Cos Inc,489.0,15384.0,,,,
78442P106,Not New,SLM CORP,674.0,81155.0,2035.0,83120.0,1361.0,1965.0
86722A103,Not New,SunCoke Energy Inc,14293.0,664819.0,15166.0,664024.0,873.0,-795.0
86722A103,Not New,SunCoke Energy Inc,4300.0,200000.0,15166.0,664024.0,10866.0,464024.0
902494103,Not New,Tyson Foods Inc,5992.0,159625.0,493.0,11196.0,-5499.0,-148429.0
902494103,Not New,Tyson Foods Inc,3754.0,100000.0,493.0,11196.0,-3261.0,-88804.0
675746309,Sold Out,OCWEN FINANCIAL CORP,384.0,9809.0,,,,
260543103,Not New,DOW CHEMICAL,456.0,8880.0,431.0,8880.0,-25.0,0.0
512807108,Not New,LAM RESEARCH CORP,3379.0,50000.0,447.0,8126.0,-2932.0,-41874.0
09062X103,New Holding,BIOGEN IDEC INC.,,,10247.0,32500.0,,
827694209,Sold Out,Silver Eagle Acquisition Corp,12938.0,1250000.0,,,,
47102X105,New Holding,JANUS CAPITAL GROUP INC,,,2059.0,165000.0,,
756577102,New Holding,RED HAT INC,,,2763.0,50000.0,,
534187109,Sold Out,LINCOLN NATIONAL CORP,27869.0,550000.0,,,,
78454L100,Sold Out,ST MARY LAND & EXPLORATION,1310.0,18373.0,,,,
554382101,Sold Out,MACERICH CO/THE,9350.0,150000.0,,,,
68554V108,Not New,ORASURE TECHNOLOGIES INC,861.0,100000.0,797.0,100000.0,-64.0,0.0
47760A108,Sold Out,Jive Software Inc,2403.0,300000.0,,,,
405217100,New Holding,HAIN CELESTIAL GROUP INC,,,3904.0,44000.0,,
91911K102,Not New,VALEANT PHARMACEUTICALS INTE,16070.0,127422.0,995.0,7544.0,-15075.0,-119878.0
464287184,New Holding,FTSE China 25 Index,,,21853.0,590000.0,,
464287184,New Holding,FTSE China 25 Index,,,5815.0,157000.0,,
05334D107,New Holding,AUXILIUM PHARMACEUTICALS INC,,,3009.0,150000.0,,
445658107,Sold Out,HUNT (JB) TRANSPRT SVCS INC,180.0,2500.0,,,,
G60754101,Not New,Michael Kors Holdings Ltd,8865.0,100000.0,8031.0,86100.0,-834.0,-13900.0
05329W102,New Holding,AUTONATION INC,,,520.0,8718.0,,
917047102,Sold Out,URBAN OUTFITTERS INC.,1824.0,50000.0,,,,
55345K103,Sold Out,MRC Global Inc,886.0,32873.0,,,,
471109108,Not New,JARDEN CORP,7122.0,120000.0,23932.0,400000.0,16810.0,280000.0
44107P104,Not New,HOST HOTELS & RESORTS INC,479.0,21798.0,441.0,21798.0,-38.0,0.0
845467109,Sold Out,SOUTHWESTERN ENERGY CO,3451.0,75000.0,,,,
45817G102,Not New,INTELLI-CHECK-MOBILISA INC,146.0,200000.0,184.0,200000.0,38.0,0.0
149123101,Sold Out,CATERPILLAR INC,2981.0,30000.0,,,,
79970Y105,New Holding,SANCHEZ ENERGY CORP,,,3759.0,100000.0,,
73936Q843,Sold Out,PowerShares CEF Income Composi,7422.0,300000.0,,,,
67066G104,Not New,NVIDIA CORP,408.0,22051.0,463.0,25856.0,55.0,3805.0
02917T104,New Holding,American Realty Capital Proper,,,1006.0,80321.0,,
854502101,Sold Out,STANLEY WORKS/THE,8124.0,100000.0,,,,
554489104,Not New,MACK-CALI REALTY CORP,4296.0,200000.0,4158.0,200000.0,-138.0,0.0
554489104,Not New,MACK-CALI REALTY CORP,4296.0,200000.0,1040.0,50000.0,-3256.0,-150000.0
36729W202,Sold Out,GASTAR EXPLORATION LTD,1444.0,263954.0,,,,
55616P104,Not New,MACY'S INC.,3540.0,61023.0,464.0,7830.0,-3076.0,-53193.0
594918104,Not New,MICROSOFT CORP,1497.0,35922.0,1429.0,34874.0,-68.0,-1048.0
H89128104,Not New,TYCO INTERNATIONAL LTD,13680.0,300000.0,8480.0,200000.0,-5200.0,-100000.0
959319104,Not New,WESTERN REFINING INC,11265.0,300000.0,9650.0,250000.0,-1615.0,-50000.0
881609101,Not New,TESORO CORP,6165.0,105095.0,11153.0,220451.0,4988.0,115356.0
976657106,Not New,WISCONSIN ENERGY CORP,445.0,9492.0,884.0,18994.0,439.0,9502.0
902681105,New Holding,UGI CORP,,,2100.0,41601.0,,
307000109,Not New,FAMILY DOLLAR STORES,524.0,7928.0,38867.0,670000.0,38343.0,662072.0
307000109,Not New,FAMILY DOLLAR STORES,524.0,7928.0,4061.0,70000.0,3537.0,62072.0
772739207,Not New,ROCK-TENN COMPANY -CL A,9046.0,85678.0,9364.0,88701.0,318.0,3023.0
966244105,Not New,WhiteWave Foods Co/The,36636.0,1131800.0,3568.0,125000.0,-33068.0,-1006800.0
949746101,Sold Out,WELLS FARGO COMPANY,100052.0,2011494.0,,,,
21036P108,Not New,CONSTELLATION BRANDS INC-A,8152.0,92510.0,18987.0,223455.0,10835.0,130945.0
7591EP100,New Holding,REGIONS FINANCIAL CORP,,,25488.0,2400000.0,,
G491BT108,Not New,INVESCO PLC-SPONSORED ADR,462.0,12252.0,453.0,12252.0,-9.0,0.0
388689101,New Holding,Graphic Packaging Holding Co,,,1170.0,100000.0,,
464287556,Sold Out,ISHARES NASDAQ BIOTECH INDX,3310.0,14000.0,,,,
92553P201,Not New,VIACOM INC-CLASS B,408.0,4710.0,426.0,5012.0,18.0,302.0
56585A102,Not New,Marathon Petroleum Corp,359.0,4601.0,418.0,4804.0,59.0,203.0
816851109,Not New,SEMPRA ENERGY,458.0,4378.0,424.0,4378.0,-34.0,0.0
G5480U104,Sold Out,LIBERTY GLOBAL INC-A,1366.0,32825.0,,,,
30161Q104,Sold Out,EXELIXIS INC,885.0,250000.0,,,,
49456B119,Not New,KINDER MORGAN INC,1390.0,500000.0,8408.0,4750000.0,7018.0,4250000.0
855030102,New Holding,STAPLES INC,,,2303.0,212500.0,,
345370860,Not New,FORD MOTOR CO,465.0,27030.0,422.0,27030.0,-43.0,0.0
824348106,Not New,SHERWIN-WILLIAMS CO/THE,206.0,1000.0,197.0,1000.0,-9.0,0.0
247361702,Not New,DELTA AIR LINES INC,13631.0,352044.0,33245.0,959438.0,19614.0,607394.0
72348P104,New Holding,Pinnacle Foods Inc,,,515.0,15660.0,,
98401F105,Sold Out,Xencor Inc,14.0,1192.0,,,,
90130A101,Not New,Twenty-First Century Fox Inc,11635.0,331028.0,15271.0,477657.0,3636.0,146629.0
918194101,Sold Out,VCA Antech Inc,4835.0,150000.0,,,,
08579W103,New Holding,Berry Plastics Group Inc,,,6246.0,242100.0,,
G47791101,New Holding,INGERSOLL-RAND CO LTD-CL A,,,1559.0,24950.0,,
30219G108,Sold Out,EXPRESS SCRIPTS INC,952.0,12678.0,,,,
G7665A101,Sold Out,ROWAN COMPANIES INC,1598.0,47438.0,,,,
03748R101,Not New,APARTMENT INVT MGMT CO -A,464.0,14368.0,434.0,14368.0,-30.0,0.0
37733W105,Sold Out,GLAXOSMITHKLINE PLC,4007.0,75000.0,,,,
L7257P106,New Holding,Pacific Drilling SA,,,476.0,47619.0,,
443510201,New Holding,HUBBELL INC -B,,,1231.0,10000.0,,
464287655,New Holding,RUSSELL 2000 INDEX,,,59405.0,500000.0,,
464287655,New Holding,RUSSELL 2000 INDEX,,,122968.0,1035000.0,,
74733T105,Not New,QLIK TECHNOLOGIES INC,4524.0,200000.0,2659.0,100000.0,-1865.0,-100000.0
Y62159101,Not New,Navios Maritime Acq Corp,2590.0,698269.0,2342.0,639922.0,-248.0,-58347.0
67103H107,Sold Out,O'REILLY AUTOMOTIVE INC,442.0,2982.0,,,,
203668108,New Holding,COMMUNITY HEALTH SYSTEMS INC,,,7939.0,175000.0,,
74835Y101,New Holding,Questcor Pharmaceuticals Inc,,,5086.0,55000.0,,
33616C100,Sold Out,FIRST REPUBLIC B,8099.0,150000.0,,,,
62855J104,Sold Out,MYRIAD GENETICS INC,3005.0,87902.0,,,,
263534109,New Holding,DU PONT (E.I.) DE NEMOURS,,,556.0,8500.0,,
23703Q203,New Holding,DAQO NEW ENERGY CORP-ADR,,,2130.0,66629.0,,
74734M109,New Holding,QIHOO 360 TECHNO,,,26640.0,289450.0,,
817565104,Sold Out,SERVICE CORP INTERNATIONAL,6262.0,315000.0,,,,
009158106,New Holding,AIR PRODUCTS CHEMICALS INC,,,526.0,4089.0,,
00206R102,Not New,ATT INC,834.0,23593.0,7014.0,200000.0,6180.0,176407.0
00206R102,Not New,ATT INC,834.0,23593.0,869.0,24780.0,35.0,1187.0
73179P106,Not New,POLYONE CORPORATION,716.0,17000.0,367.0,10000.0,-349.0,-7000.0
81369Y506,Not New,AMEX ENERGY SELECT INDX,21500.0,214786.0,13359.0,150000.0,-8141.0,-64786.0
81369Y506,Not New,AMEX ENERGY SELECT INDX,21500.0,214786.0,2742.0,30786.0,-18758.0,-184000.0
780910105,Sold Out,Royce Value Trust Inc,12222.0,776978.0,,,,
37045V100,Not New,GENERAL MOTORS CORP,1055.0,29086.0,830.0,24127.0,-225.0,-4959.0
78463V107,Sold Out,STREETTRACKS GOLD TRUST,12361.0,100000.0,,,,
N00985106,New Holding,AerCap Holdings NV,,,20072.0,438255.0,,
06742E711,Not New,CBOE SPX VOLATILITY INDX,1215.0,42500.0,1791.0,42500.0,576.0,0.0
19247L106,Sold Out,Cohen Steers Quality Income,4875.0,462962.0,,,,
539830109,Not New,LOCKHEED MARTIN CORP,434.0,2704.0,441.0,2704.0,7.0,0.0
94973V107,Sold Out,WELLPOINT HEALTH NETWORK,465.0,4674.0,,,,
95082P105,Sold Out,WESCO INTERNATIONAL INC,250.0,3000.0,,,,
05968L102,Sold Out,BANCOLOMBIA S.A.-SPONS ADR,2259.0,40000.0,,,,
G30401106,Not New,ENDO PHARMACEUT HLDGS INC,1073.0,15334.0,385.0,5602.0,-688.0,-9732.0
48138L107,New Holding,Jumei International Holding Lt,,,773.0,28450.0,,
48238T109,Not New,KAR AUCTION SERVICES INC,13544.0,425000.0,29437.0,969925.0,15893.0,544925.0
009363102,Not New,AIRGAS INC,381.0,3500.0,817.0,7670.0,436.0,4170.0
887389104,Not New,TIMKEN CO,6784.0,100000.0,4585.0,78000.0,-2199.0,-22000.0
78112T107,Sold Out,RUBICON TECHNOLOGY INC,2258.0,200000.0,,,,
747525103,Not New,QUALCOMM INC,435.0,5502.0,976.0,12377.0,541.0,6875.0
64828T102,Not New,New Residential Investment Cor,9450.0,1500000.0,23998.0,3709100.0,14548.0,2209100.0
38388F108,Not New,WR GRACE & CO,1134.0,12000.0,887.0,8947.0,-247.0,-3053.0
29082A107,Not New,Embraer SA,5253.0,144200.0,2037.0,57400.0,-3216.0,-86800.0
H27013103,New Holding,WEATHERFORD INTL,,,2760.0,120000.0,,
69336V101,Sold Out,PGT INC,1928.0,167500.0,,,,
609207105,New Holding,Mondelez International Inc.,,,431.0,11471.0,,
620076307,Not New,MOTOROLA SOLUTIO,411.0,6185.0,407.0,6338.0,-4.0,153.0
464286822,Not New,I SHARES MSCI MEXICO INVESTABLE MARKET I,5424.0,80000.0,5116.0,80000.0,-308.0,0.0
91531F103,New Holding,Unwired Planet Inc,,,557.0,250000.0,,
278642103,Not New,EBAY INC,6195.0,123763.0,3687.0,66753.0,-2508.0,-57010.0
92849E101,New Holding,VITAMIN SHOPPE INC,,,2151.0,50000.0,,
17275R102,Not New,CISCO SYSTEMS INC,5867.0,236121.0,414.0,18492.0,-5453.0,-217629.0
30303M102,Not New,Facebook Inc,63374.0,941812.0,61809.0,1026050.0,-1565.0,84238.0
060505104,Not New,BANK OF AMERICA CORP,1013.0,65932.0,10688.0,621398.0,9675.0,555466.0
58605Q109,New Holding,Memorial Resource Development,,,7308.0,300000.0,,
86732Y109,Not New,SunEdison Inc,11922.0,527549.0,5652.0,300000.0,-6270.0,-227549.0
57060U233,Not New,SEMICONDUCTOR TRUST,14847.0,300000.0,13683.0,300000.0,-1164.0,0.0
72766Q105,Sold Out,Platform Specialty Products Co,4763.0,250000.0,,,,
966387102,New Holding,WHITING PETROLEUM CORP,,,1101.0,13727.0,,
14056V204,Not New,Capitol Acquisition Corp II,9221.0,882000.0,9261.0,882000.0,40.0,0.0
87265H109,New Holding,TRI Pointe Homes LLC,,,5109.0,325000.0,,
87265H109,New Holding,TRI Pointe Homes LLC,,,1572.0,100000.0,,
03762U105,Not New,APOLLO COMMERCIAL REAL ESTAT,725.0,43958.0,3575.0,215000.0,2850.0,171042.0
575385109,New Holding,Masonite International Corp,,,2450.0,43551.0,,
116794108,New Holding,BRUKER BIOSCIENCES CORP,,,4611.0,190000.0,,
278865100,New Holding,ECOLAB INC,,,528.0,4750.0,,
00287Y109,New Holding,AbbVie Inc,,,10441.0,185000.0,,
110122108,Sold Out,BRISTOL-MYERS SQUIBB CO,18183.0,350000.0,,,,
25278X109,Sold Out,Diamondback Energy Inc,4039.0,60000.0,,,,
H6169Q108,Sold Out,PENTAIR INC,435.0,5486.0,,,,
867914103,Not New,SUNTRUST BANKS INC,433.0,10820.0,431.0,10820.0,-2.0,0.0
P31076105,Sold Out,COPA HOLDINGS SA-CLASS A,2592.0,17850.0,,,,
81369Y100,Not New,BASIC INDUSTRIES SPDR,7023.0,141482.0,3522.0,74482.0,-3501.0,-67000.0
148887102,Not New,CATAMARAN CORP,6624.0,150000.0,8952.0,200000.0,2328.0,50000.0
436106108,Sold Out,HollyFrontier Corp,14274.0,300000.0,,,,
63861C109,Sold Out,Nationstar Mortgage Holdings I,812.0,25000.0,,,,
921908844,Sold Out,Vanguard Dividend Appreciation,4728.0,62841.0,,,,
62936P103,New Holding,NPS PHARMACEUTICALS INC,,,991.0,30000.0,,
62936P103,New Holding,NPS PHARMACEUTICALS INC,,,826.0,25000.0,,
67020Y100,Not New,NUANCE COMMUNICATIONS INC,11262.0,600000.0,8585.0,500000.0,-2677.0,-100000.0
654106103,New Holding,NIKE INC -CL B,,,7755.0,100000.0,,
654106103,New Holding,NIKE INC -CL B,,,17448.0,225000.0,,
125581801,Not New,CIT GROUP INC,32032.0,700000.0,36765.0,750000.0,4733.0,50000.0
125581801,Not New,CIT GROUP INC,32032.0,700000.0,3677.0,75000.0,-28355.0,-625000.0
125581801,Not New,CIT GROUP INC,15302.0,334400.0,36765.0,750000.0,21463.0,415600.0
125581801,Not New,CIT GROUP INC,15302.0,334400.0,3677.0,75000.0,-11625.0,-259400.0
81724Q107,Sold Out,SENOMYX INC,650.0,60938.0,,,,
05367G100,Not New,Avianca Holdings SA,4373.0,272500.0,4646.0,272500.0,273.0,0.0
636220303,Not New,National General Holdings Corp,4350.0,250000.0,3500.0,250000.0,-850.0,0.0
M20598104,New Holding,Caesar Stone Sdot Yam Ltd,,,8589.0,175000.0,,
97717P104,New Holding,WisdomTree Investments Inc,,,2472.0,200000.0,,
25470M109,Not New,DISH NETWORK CORP-A,1103.0,16955.0,991.0,15927.0,-112.0,-1028.0
29355X107,Not New,ENPRO INDUSTRIES INC,14978.0,204734.0,13371.0,184000.0,-1607.0,-20734.0
345838106,New Holding,FOREST LABORATORIES INC,,,1565.0,15810.0,,
364760108,Not New,GAP INC/THE,436.0,10494.0,23727.0,592294.0,23291.0,581800.0
167250109,New Holding,CHICAGO BRIDGE IRON-NY SHR,,,1705.0,25000.0,,
611740101,Not New,MONSTER BEVERAGE CORP,2841.0,40000.0,412.0,5928.0,-2429.0,-34072.0
904311107,New Holding,UNDER ARMOUR INC-CLASS A,,,2052.0,34500.0,,
04247X102,Sold Out,ARMSTRONG WORLD INDUSTRIES,5325.0,100000.0,,,,
718546104,Not New,Phillips 66,2160.0,26859.0,2995.0,38869.0,835.0,12010.0
45068B109,New Holding,ITT EDUCATIONAL SERVICES INC,,,1073.0,64331.0,,
25179M103,New Holding,DEVON ENERGY CORPORATION.,,,4764.0,60000.0,,
761713106,Not New,REYNOLDS AMERICAN INC,3560.0,59000.0,451.0,8440.0,-3109.0,-50560.0
761713106,Not New,REYNOLDS AMERICAN INC,6336.0,105000.0,451.0,8440.0,-5885.0,-96560.0
85172J101,Sold Out,Springleaf Holdings LLC,3942.0,156749.0,,,,
896945201,New Holding,TripAdvisor Inc,,,19015.0,175000.0,,
Y7546A106,Sold Out,Scorpio Bulkers Inc,3645.0,360556.0,,,,
929160109,Sold Out,VULCAN MATERIALS CO,5981.0,90000.0,,,,
911363109,Not New,UNITED RENTALS INC,1119.0,10685.0,10928.0,115102.0,9809.0,104417.0
33829M101,New Holding,Five Below Inc,,,1277.0,32000.0,,
G9108L108,New Holding,TSAKOS ENERGY NA,,,469.0,70224.0,,
827694100,New Holding,SILVER EAGLE ACQUISITION COR,,,12200.0,1250000.0,,
G7945M107,Not New,SEAGATE TECHNOLOGY,854.0,15033.0,450.0,8006.0,-404.0,-7027.0
N53745100,Not New,LYONDELLBASELL INDU-CL A,4932.0,50510.0,6176.0,69437.0,1244.0,18927.0
053611109,Not New,AVERY DENNISON CORP,400.0,7822.0,420.0,8298.0,20.0,476.0
151020104,Sold Out,CELGENE CORP,5949.0,42614.0,,,,
670837103,Sold Out,OGE ENERGY CORP,2757.0,75000.0,,,,
74838C106,Sold Out,QUIKSILVER INC,1577.0,210000.0,,,,
929089100,New Holding,VOYA FINL INC,,,26346.0,725000.0,,
70338P100,Not New,Pattern Energy Group Inc,9513.0,287320.0,7982.0,294215.0,-1531.0,6895.0
535782106,Not New,Linn Co LLC,9830.0,314160.0,5410.0,200000.0,-4420.0,-114160.0
535782106,Not New,Linn Co LLC,9830.0,314160.0,40842.0,1509888.0,31012.0,1195728.0
253868103,New Holding,DIGITAL REALTY TRUST INC,,,27702.0,475000.0,,
43300A104,New Holding,Hilton Worldwide Holdings Inc,,,31455.0,1350000.0,,
62886E108,Not New,NCR CORPORATION,3509.0,100000.0,9138.0,250000.0,5629.0,150000.0
62886E108,Not New,NCR CORPORATION,3509.0,100000.0,3655.0,100000.0,146.0,0.0
62886E108,Not New,NCR CORPORATION,6060.0,172710.0,9138.0,250000.0,3078.0,77290.0
62886E108,Not New,NCR CORPORATION,6060.0,172710.0,3655.0,100000.0,-2405.0,-72710.0
42805T105,Not New,HERTZ GLOBAL HOLDINGS INC,1143.0,40810.0,30636.0,1150000.0,29493.0,1109190.0
42805T105,Not New,HERTZ GLOBAL HOLDINGS INC,1143.0,40810.0,141027.0,5293822.0,139884.0,5253012.0
880770102,Sold Out,TERADYNE INC,696.0,35000.0,,,,
52748T112,New Holding,Levy Acquisition Corp,,,95.0,206762.0,,
883556102,Sold Out,THERMO FISHER SCIENTIFIC INC,600.0,4989.0,,,,
36467W109,Sold Out,GAMESTOP CORP-CLASS A,493.0,11990.0,,,,
48666K109,New Holding,KB HOME,,,4922.0,263525.0,,
74834L100,Not New,QUEST DIAGNOSTICS,848.0,14460.0,452.0,7800.0,-396.0,-6660.0
931422109,Not New,WALGREEN,4026.0,54320.0,16161.0,244750.0,12135.0,190430.0
552848103,Not New,MGIC INVESTMENT CORP,12474.0,1350000.0,22578.0,2650000.0,10104.0,1300000.0
09739D100,New Holding,Boise Cascade LLC,,,2864.0,100000.0,,
425886207,Not New,Hennessy Capital Acquisition C,4032.0,400000.0,4024.0,400000.0,-8.0,0.0
827694118,New Holding,SILVER EAGLE ACQUISITION COR,,,812.0,1250000.0,,
477143101,Not New,JETBLUE AIRWAYS CORP,3255.0,300000.0,8690.0,1000000.0,5435.0,700000.0
064058100,Sold Out,BANK OF NEW YORK CO INC,26468.0,750000.0,,,,
064058100,Sold Out,BANK OF NEW YORK CO INC,17645.0,500000.0,,,,
90384S303,New Holding,ULTA SALON COSMETICS FRAGR,,,1645.0,18000.0,,
90384S303,New Holding,ULTA SALON COSMETICS FRAGR,,,1005.0,11000.0,,
00751Y106,Sold Out,ADVANCE AUTO PARTS INC,11357.0,89775.0,,,,
124857202,Not New,CBS CORP-CLASS B,33703.0,542376.0,94434.0,1528065.0,60731.0,985689.0
869233106,Sold Out,Susser Holdings Corp,5310.0,85000.0,,,,
12572Q105,Not New,CHICAGO MERCANTILE EXCHANG-A,7449.0,105000.0,7772.0,105000.0,323.0,0.0
910047109,New Holding,UNITED CONTINENT,,,11294.0,275000.0,,
742718109,New Holding,PROCTER & GAMBLE CO,,,51083.0,650000.0,,
369604103,Not New,GENERAL ELECTRIC CO,2397.0,91240.0,1456.0,56240.0,-941.0,-35000.0
985817105,Sold Out,Yelp Inc,3847.0,50000.0,,,,
867652406,New Holding,SUNPOWER CORP-CLASS A,,,5122.0,125000.0,,
316773100,Not New,FIFTH THIRD BANCORP,370.0,17376.0,444.0,19352.0,74.0,1976.0
053332102,Sold Out,AUTOZONE INC,444.0,826.0,,,,
969457100,Not New,WILLIAMS COS INC.,26194.0,450000.0,12174.0,300000.0,-14020.0,-150000.0
78462F103,Not New,S&P 500 INDEX,106080.0,542000.0,4676.0,25000.0,-101404.0,-517000.0
78462F103,Not New,S&P 500 INDEX,106080.0,542000.0,116900.0,625000.0,10820.0,83000.0
78462F103,Not New,S&P 500 INDEX,106080.0,542000.0,81362.0,435000.0,-24718.0,-107000.0
78462F103,Not New,S&P 500 INDEX,102753.0,525000.0,4676.0,25000.0,-98077.0,-500000.0
78462F103,Not New,S&P 500 INDEX,102753.0,525000.0,116900.0,625000.0,14147.0,100000.0
78462F103,Not New,S&P 500 INDEX,102753.0,525000.0,81362.0,435000.0,-21391.0,-90000.0
78462F103,Not New,S&P 500 INDEX,176148.0,900000.0,4676.0,25000.0,-171472.0,-875000.0
78462F103,Not New,S&P 500 INDEX,176148.0,900000.0,116900.0,625000.0,-59248.0,-275000.0
78462F103,Not New,S&P 500 INDEX,176148.0,900000.0,81362.0,435000.0,-94786.0,-465000.0
80004C101,New Holding,SANDISK CORP,,,5181.0,49621.0,,
059460303,Not New,BANCO BRADESCO SA-PREF,726.0,50000.0,2666.0,195000.0,1940.0,145000.0
464287234,Not New,ISHARES MSCI EMERGING MKT IN,35318.0,817000.0,40990.0,1000000.0,5672.0,183000.0
464287234,Not New,ISHARES MSCI EMERGING MKT IN,35318.0,817000.0,95815.0,2337523.0,60497.0,1520523.0
786514208,Not New,SAFEWAY INC,456.0,13294.0,7388.0,200000.0,6932.0,186706.0
786514208,Not New,SAFEWAY INC,456.0,13294.0,4185.0,113294.0,3729.0,100000.0
92922P106,New Holding,W&T OFFSHORE INC,,,1169.0,71428.0,,
40416M105,Sold Out,HD Supply Holdings Inc,3923.0,150000.0,,,,
59151K108,Not New,METHANEX CORP,12356.0,200000.0,6394.0,100000.0,-5962.0,-100000.0
709102107,Sold Out,PENN REAL ESTATE INVEST TST,7220.0,400000.0,,,,
55826P100,New Holding,MADISON SQUARE GAR INC-A,,,2100.0,33640.0,,
06652K103,New Holding,BANKUNITED INC,,,6696.0,200000.0,,
19122T109,Not New,COCA-COLA ENTERPRISES,852.0,17834.0,896.0,18770.0,44.0,936.0
88732J207,Not New,TIME WARNER CABLE-A,27444.0,186319.0,23272.0,169649.0,-4172.0,-16670.0
292505104,New Holding,ENCANA CORP,,,2371.0,100000.0,,
00130H105,New Holding,AES CORP,,,426.0,27379.0,,
257651109,Not New,DONALDSON CO INC,211.0,5000.0,212.0,5000.0,1.0,0.0
98310W108,New Holding,WYNDHAM WORLD WIDE,,,9465.0,125000.0,,
256677105,Not New,DOLLAR GENERAL CORP,8604.0,150000.0,41610.0,750000.0,33006.0,600000.0
256677105,Not New,DOLLAR GENERAL CORP,44454.0,775000.0,41610.0,750000.0,-2844.0,-25000.0
Y0207T100,Not New,ARDMORE SHIPPING CORP,10076.0,728580.0,7623.0,573130.0,-2453.0,-155450.0
15189T107,New Holding,CENTERPOINT ENERGY INC,,,5108.0,200000.0,,
165167107,New Holding,CHESAPEAKE ENERGY CORP,,,6216.0,200000.0,,
960413102,Not New,WESTLAKE CHEMICAL CORP,3497.0,41758.0,3501.0,52900.0,4.0,11142.0
26483E100,Not New,DUN & BRADSTREET CORP,433.0,3933.0,410.0,4128.0,-23.0,195.0
81369Y803,New Holding,TECHNOLOGY SELECT SECT SPDR,,,41993.0,1095000.0,,
57636Q104,Sold Out,MASTERCARD INC-CLASS A,865.0,11580.0,,,,
59156R108,Sold Out,METLIFE INC,516.0,9768.0,,,,
81369Y886,Not New,UTLITIES SELECT SECTOR INDEX,5665.0,128000.0,41460.0,1000000.0,35795.0,872000.0
00404A109,New Holding,Acadia Healthcare Co Inc,,,4550.0,100000.0,,
G4412G101,Sold Out,HERBALIFE LTD,1002.0,17500.0,,,,
92857W308,New Holding,VODAFONE GROUP,,,6678.0,200000.0,,
460690100,Not New,INTERPUBLIC GROUP OF COS INC,932.0,47790.0,417.0,24302.0,-515.0,-23488.0
247916208,Sold Out,DENBURY RESOURCES INC,413.0,25174.0,,,,
502424104,Not New,L-3 COMMUNICATIONS HOLDINGS,408.0,3387.0,436.0,3690.0,28.0,303.0
587118100,New Holding,THE MEN'S WEARHOUSE INC,,,5022.0,90000.0,,
891027104,New Holding,TORCHMARK CORP,,,416.0,5086.0,,
78464A698,New Holding,KBW REGIONAL BANKING ETF,,,20160.0,500000.0,,
G81075106,Sold Out,SHIP FINANCE INTL LTD,515.0,28653.0,,,,
00207R101,Sold Out,ATMI INC,1701.0,50000.0,,,,
Y64354205,Not New,Ocean Rig UDW Inc,5679.0,300000.0,7765.0,436508.0,2086.0,136508.0
74966G200,Not New,ROI Acquisition Corp,5626.0,550000.0,5599.0,550000.0,-27.0,0.0
92839U206,Not New,VISTEON CORP.,18642.0,192173.0,17227.0,194787.0,-1415.0,2614.0
G1151C101,Not New,ACCENTURE LTD-CL A,413.0,5110.0,407.0,5110.0,-6.0,0.0
92939D203,New Holding,WL Ross Holding Corp,,,17510.0,1700000.0,,
984332106,Not New,YAHOO INC,26667.0,759119.0,11108.0,309424.0,-15559.0,-449695.0
87612E106,Not New,TARGET CORP,419.0,7246.0,438.0,7246.0,19.0,0.0
406216101,Not New,HALLIBURTON CO,7101.0,100000.0,5889.0,100000.0,-1212.0,0.0
406216101,Not New,HALLIBURTON CO,7101.0,100000.0,6478.0,110000.0,-623.0,10000.0
406216101,Not New,HALLIBURTON CO,12247.0,172479.0,5889.0,100000.0,-6358.0,-72479.0
406216101,Not New,HALLIBURTON CO,12247.0,172479.0,6478.0,110000.0,-5769.0,-62479.0
253393102,New Holding,DICK'S SPORTING GOODS INC,,,4656.0,100000.0,,
26875P101,Not New,EOG RESOURCES INC.,5843.0,50000.0,7847.0,40000.0,2004.0,-10000.0
067901108,Sold Out,BARRICK GOLD CORP,1961.0,110000.0,,,,
85571W109,Sold Out,Starwood Waypoint Residential,10077.0,350000.0,,,,
459200101,Not New,INTERNATIONAL BUSINESS MACHINE US.,418.0,2310.0,445.0,2310.0,27.0,0.0
574599106,Not New,MASCO CORP,4440.0,200000.0,483.0,21742.0,-3957.0,-178258.0
963320106,Not New,WHIRLPOOL CORP,10441.0,75000.0,15966.0,106825.0,5525.0,31825.0
41135V103,New Holding,Hanwha SolarOne Co Ltd,,,193.0,70002.0,,
78464A888,Sold Out,SPDR SP HOMEBUILDERS ETF,8138.0,250000.0,,,,
78464A888,Sold Out,SPDR SP HOMEBUILDERS ETF,3255.0,100000.0,,,,
92826C839,Sold Out,VISA INC-CLASS A SHRS,47330.0,219261.0,,,,
150185106,Sold Out,CEDAR FAIR LP,975.0,19144.0,,,,
14149Y108,Not New,CARDINAL HEALTH INC,416.0,6078.0,425.0,6078.0,9.0,0.0
717081103,Not New,PFIZER INC,6681.0,225118.0,19272.0,600000.0,12591.0,374882.0
717081103,Not New,PFIZER INC,6681.0,225118.0,6439.0,200452.0,-242.0,-24666.0
717081103,Not New,PFIZER INC,32648.0,1100000.0,19272.0,600000.0,-13376.0,-500000.0
717081103,Not New,PFIZER INC,32648.0,1100000.0,6439.0,200452.0,-26209.0,-899548.0
585464100,Sold Out,MELCO PBL ENTERTAINMENT-ADR,4644.0,120150.0,,,,
871503108,Not New,SYMANTEC CORP,442.0,19314.0,9985.0,500000.0,9543.0,480686.0
871503108,Not New,SYMANTEC CORP,442.0,19314.0,386.0,19314.0,-56.0,0.0
902973304,Not New,U.S. BANCORP,441.0,10198.0,437.0,10198.0,-4.0,0.0
268648102,Sold Out,EMC CORP/MASS,4112.0,150000.0,,,,
806857108,Not New,SCHLUMBERGER LTD,23590.0,200000.0,975.0,10000.0,-22615.0,-190000.0
02153X108,Not New,Altisource Asset Management Co,1735.0,2400.0,15800.0,14702.0,14065.0,12302.0
032654105,Not New,ANALOG DEVICES,455.0,8422.0,448.0,8422.0,-7.0,0.0
81369Y407,Not New,CONSUMER DISCRETIONARY SELT,20079.0,300864.0,2709.0,41864.0,-17370.0,-259000.0
370334104,Not New,GENERAL MILLS INC,853.0,16244.0,18432.0,355700.0,17579.0,339456.0
370334104,Not New,GENERAL MILLS INC,853.0,16244.0,440.0,8488.0,-413.0,-7756.0
81369Y605,Not New,AMEX FINANCIAL SELEXT SPDR.,28380.0,1248000.0,22340.0,1000000.0,-6040.0,-248000.0
81369Y605,Not New,AMEX FINANCIAL SELEXT SPDR.,28380.0,1248000.0,39095.0,1750000.0,10715.0,502000.0
81369Y605,Not New,AMEX FINANCIAL SELEXT SPDR.,28380.0,1248000.0,6702.0,300000.0,-21678.0,-948000.0
03674U201,Not New,ANTHERA PHARMACE,678.0,200000.0,670.0,200000.0,-8.0,0.0
446150104,Not New,HUNTINGTON BANCSHARES INC,427.0,44768.0,446.0,44768.0,19.0,0.0
61945C103,Not New,MOSAIC CO/THE,791.0,16000.0,400.0,8000.0,-391.0,-8000.0
55933J203,Sold Out,MAGNACHIP SEMICO,2520.0,180777.0,,,,
067383109,New Holding,BARD (C.R.) INC,,,382.0,2675.0,,
375558103,Sold Out,GILEAD SCIENCES INC,158697.0,2239590.0,,,,
918204108,Sold Out,VF CORP,309.0,5000.0,,,,
020002101,New Holding,ALLSTATE CORP,,,414.0,7045.0,,
02503Y103,Not New,AMERICAN CAP LTD,9174.0,600000.0,4739.0,300000.0,-4435.0,-300000.0
02503Y103,Not New,AMERICAN CAP LTD,9174.0,600000.0,15005.0,950000.0,5831.0,350000.0
889478103,Sold Out,TOLL BROTHERS INC,1795.0,50000.0,,,,
452308109,Sold Out,ILLINOIS TOOL WORKS,285.0,3500.0,,,,
235851102,Not New,DANAHER CORP,23619.0,300000.0,2422.0,32292.0,-21197.0,-267708.0
235851102,Not New,DANAHER CORP,3102.0,39405.0,2422.0,32292.0,-680.0,-7113.0
608190104,Sold Out,MOHAWK INDUSTRIES INC,4079.0,30000.0,,,,
127097103,Sold Out,Cabot Oil Gas Corp,11661.0,344172.0,,,,
42809H107,Not New,AMERADA HESS CORP,9001.0,91019.0,16576.0,200000.0,7575.0,108981.0
42809H107,Not New,AMERADA HESS CORP,9001.0,91019.0,8814.0,106341.0,-187.0,15322.0
82706C108,New Holding,SILICON MOTION TECHNOL-ADR,,,552.0,27056.0,,
464287630,Sold Out,ISHARES RUSSELL 2000 VALUE,3126.0,31000.0,,,,
03232P405,New Holding,Amsurg Corp,,,5013.0,110000.0,,
052769106,New Holding,AUTODESK INC,,,5603.0,99386.0,,
712704105,Sold Out,PEOPLE'S UNITED FINANCIAL,425.0,28552.0,,,,
989701107,Sold Out,ZIONS BANCORPORATION,18588.0,600000.0,,,,
464286400,Not New,ISHARES MSCI BRAZIL,64503.0,1350000.0,60777.0,1350000.0,-3726.0,0.0
464286400,Not New,ISHARES MSCI BRAZIL,64503.0,1350000.0,24626.0,547000.0,-39877.0,-803000.0
464286400,Not New,ISHARES MSCI BRAZIL,40278.0,843000.0,60777.0,1350000.0,20499.0,507000.0
464286400,Not New,ISHARES MSCI BRAZIL,40278.0,843000.0,24626.0,547000.0,-15652.0,-296000.0
336433107,New Holding,FIRST SOLAR INC,,,710.0,10000.0,,
053774105,Not New,AVIS BUDGET GROUP INC,29845.0,500000.0,24934.0,512000.0,-4911.0,12000.0
64031N108,Not New,NELNET INC-CL A,1035.0,25000.0,968.0,23656.0,-67.0,-1344.0
111320107,New Holding,BROADCOM CORP-CL A,,,3712.0,100000.0,,
G96666105,Not New,WILLIS GROUP HOLDINGS LTD,6495.0,150000.0,6796.0,154000.0,301.0,4000.0
29101U209,Not New,Emerald Oil Inc,1286.0,168178.0,3360.0,500000.0,2074.0,331822.0
45337C102,New Holding,INCYTE CORP,,,5644.0,100000.0,,
35671D857,Not New,FREEPORT-MCMORAN COPPER-B,1825.0,50000.0,2136.0,64582.0,311.0,14582.0
344849104,New Holding,FOOT LOCKER INC,,,1268.0,25000.0,,
693506107,Not New,PPG INDS INC,4782.0,22757.0,5030.0,26000.0,248.0,3243.0
65339F101,Not New,NEXTERA ENERGY INC ..,15372.0,150000.0,9562.0,100000.0,-5810.0,-50000.0
65339F101,Not New,NEXTERA ENERGY INC ..,15372.0,150000.0,16734.0,175000.0,1362.0,25000.0
65339F101,Not New,NEXTERA ENERGY INC ..,25285.0,246737.0,9562.0,100000.0,-15723.0,-146737.0
65339F101,Not New,NEXTERA ENERGY INC ..,25285.0,246737.0,16734.0,175000.0,-8551.0,-71737.0
65339F101,Not New,NextEra Energy Partners LP,1172.0,35000.0,9562.0,100000.0,8390.0,65000.0
65339F101,Not New,NextEra Energy Partners LP,1172.0,35000.0,16734.0,175000.0,15562.0,140000.0
156700106,Not New,CENTURYLINK INC,9050.0,250000.0,24630.0,750000.0,15580.0,500000.0
Y2106R110,New Holding,Dorian LPG Ltd,,,1933.0,84100.0,,
G0176J109,Not New,Allegion PLC,521.0,9200.0,3130.0,60000.0,2609.0,50800.0
64110D104,Not New,NETWORK APPLIANCE INC,388.0,10650.0,11070.0,300000.0,10682.0,289350.0
64110D104,Not New,NETWORK APPLIANCE INC,388.0,10650.0,351.0,9524.0,-37.0,-1126.0
84763R101,Not New,SPECTRUM BRANDS,4175.0,48533.0,1763.0,22119.0,-2412.0,-26414.0
89628E104,New Holding,TRINA SOLAR LTD-SPON ADR,,,7282.0,567620.0,,
886547108,Sold Out,TIFFANY CO,3903.0,45300.0,,,,
576485205,New Holding,Matador Resources Co,,,4312.0,147301.0,,
88706P205,Not New,TIM PART-PREF,12360.0,425800.0,11573.0,445800.0,-787.0,20000.0
91912E204,Not New,CIA VALE DO RIO DOCE-ADR,6604.0,555000.0,11890.0,955000.0,5286.0,400000.0
517834107,Sold Out,LAS VEGAS SANDS CORP,11067.0,137000.0,,,,
81369Y209,Not New,HEALTH CARE SELECT SECTOR,39605.0,651090.0,2925.0,50000.0,-36680.0,-601090.0
447011107,Not New,HUNTSMAN CORP,11240.0,400000.0,8608.0,352500.0,-2632.0,-47500.0
92763W103,Not New,Vipshop Holdings Ltd,11264.0,60000.0,48523.0,325000.0,37259.0,265000.0
707882106,Not New,Penn Virginia Corp,1213.0,71581.0,1547.0,88461.0,334.0,16880.0
018581108,Sold Out,ALLIANCE DATA SYSTEMS CORP,1362.0,5000.0,,,,
697435105,New Holding,Palo Alto Networks Inc,,,2515.0,30000.0,,
281020107,Not New,EDISON INTERNATIONAL,413.0,7111.0,476.0,8404.0,63.0,1293.0
37953N108,Not New,Global Defense National Secu,2813.0,275000.0,2783.0,275000.0,-30.0,0.0
543881106,New Holding,LORAL SPACE & COMMUNICATIONS,,,2087.0,28713.0,,
83175M205,New Holding,Smith Nephew PLC,,,2678.0,30000.0,,
31620R105,Not New,FIDELITY NATIONAL FINL-A,19656.0,600000.0,1572.0,50000.0,-18084.0,-550000.0
099724106,Sold Out,BORGWARNER INC,2766.0,45000.0,,,,
002824100,Not New,ABBOTT LABORATORIES...,8180.0,200000.0,424.0,10998.0,-7756.0,-189002.0
002824100,Not New,ABBOTT LABORATORIES...,450.0,10998.0,424.0,10998.0,-26.0,0.0
09739C102,Not New,Boingo Wireless Inc,17601.0,2577145.0,19056.0,2810643.0,1455.0,233498.0
G2554F113,Not New,COVIDIEN LTD,11364.0,126022.0,444.0,6022.0,-10920.0,-120000.0
29384R105,New Holding,ENTROPIC COMMUNICATIONS INC,,,333.0,100000.0,,
741503403,Not New,PRICELINE.COM INC,1030.0,857.0,20614.0,17295.0,19584.0,16438.0
093671105,New Holding,H&R BLOCK INC,,,556.0,16606.0,,
872590104,Sold Out,T-MOBILE US INC,423.0,12816.0,,,,
88632Q103,Not New,TIBCO SOFTWARE INC,4034.0,200000.0,6096.0,300000.0,2062.0,100000.0
88632Q103,Not New,TIBCO SOFTWARE INC,4034.0,200000.0,2.0,100.0,-4032.0,-199900.0
22943F100,Not New,CTRIP.COM INTERNATIONAL-ADR,6596.0,103000.0,14168.0,281000.0,7572.0,178000.0
03524A108,Sold Out,ANHEUSER-BUSCH INBEV NV,18943.0,179900.0,,,,
018490102,New Holding,ALLERGAN INC,,,10153.0,60000.0,,
907818108,Not New,UNION PACIFIC,3097.0,31048.0,5031.0,26810.0,1934.0,-4238.0
761283100,Not New,Restoration Hardware Holdings,3433.0,36900.0,36940.0,501967.0,33507.0,465067.0
497266106,Not New,KIRBY CORP,1171.0,10000.0,1519.0,15000.0,348.0,5000.0
65249B109,New Holding,NEWS CORP-CLASS A,,,1044.0,58241.0,,
12709P103,Sold Out,CABOT MICROELECTRONICS CORP,1100.0,25000.0,,,,
550021109,New Holding,LULULEMON ATHLETICA INC-W/I,,,1012.0,25000.0,,
76117W109,Sold Out,Resolute Forest Products,1862.0,92687.0,,,,
277461406,Sold Out,Eastman Kodak Co,2004.0,60000.0,,,,
00724F101,New Holding,ADOBE SYSTEMS INC,,,2135.0,29500.0,,
19624R106,New Holding,COLONY FINANCIAL,,,3483.0,150000.0,,
19624R106,New Holding,COLONY FINANCIAL,,,12190.0,525000.0,,
23331A109,Sold Out,DR HORTON INC,1939.0,89542.0,,,,
66987V109,New Holding,NOVARTIS AG-REG.,,,16295.0,180000.0,,
45866F104,Sold Out,INTERCONTINENTALEXCHANGE INC,44576.0,225326.0,,,,
958102105,Sold Out,WESTERN DIGITAL CORP,7559.0,82328.0,,,,
74251V102,Not New,PRINCIPAL FINANCIAL GROUP,476.0,9438.0,434.0,9438.0,-42.0,0.0
254709108,Sold Out,DISCOVER FINANCIAL SERVICES,106740.0,1834329.0,,,,
057224107,Sold Out,BAKER HUGHES INC,3744.0,57575.0,,,,
032511107,Not New,ANADARKO PETROLEUM CORP,13689.0,125047.0,8476.0,100000.0,-5213.0,-25047.0
032511107,Not New,ANADARKO PETROLEUM CORP,13689.0,125047.0,18720.0,220858.0,5031.0,95811.0
032511107,Not New,ANADARKO PETROLEUM CORP,10947.0,100000.0,8476.0,100000.0,-2471.0,0.0
032511107,Not New,ANADARKO PETROLEUM CORP,10947.0,100000.0,18720.0,220858.0,7773.0,120858.0
91913Y100,Not New,VALERO ENERGY CORP,417.0,8334.0,885.0,16674.0,468.0,8340.0
91913Y100,Not New,VALERO ENERGY CORP,417.0,8334.0,5310.0,100000.0,4893.0,91666.0
91913Y100,Not New,VALERO ENERGY CORP,5010.0,100000.0,885.0,16674.0,-4125.0,-83326.0
91913Y100,Not New,VALERO ENERGY CORP,5010.0,100000.0,5310.0,100000.0,300.0,0.0
91913Y100,Not New,VALERO ENERGY CORP,5010.0,100000.0,885.0,16674.0,-4125.0,-83326.0
91913Y100,Not New,VALERO ENERGY CORP,5010.0,100000.0,5310.0,100000.0,300.0,0.0
55608B105,Sold Out,MACQUARIE INFRASTRUCTURE CO,544.0,9495.0,,,,
438516106,Not New,Honeywell International Inc,3283.0,35329.0,2501.0,26962.0,-782.0,-8367.0
084670702,Not New,BERKSHIRE HATHAWAY INC-CL B,993.0,7848.0,952.0,7621.0,-41.0,-227.0
423452101,New Holding,HELMERICH & PAYNE,,,5805.0,50000.0,,
09247X101,Sold Out,BLACKROCK INC,3145.0,10000.0,,,,
790849103,Sold Out,ST JUDE MEDICAL INC,436.0,6670.0,,,,
703481101,Not New,PATTERSON-UTI ENERGY INC,5241.0,150000.0,3168.0,100000.0,-2073.0,-50000.0
92343V104,Not New,VERIZON COMMUNICATIONS,1461.0,29875.0,987.0,20744.0,-474.0,-9131.0
78464A730,Not New,SPDR SP OIL GAS EXPLORATI,20570.0,250000.0,10775.0,150000.0,-9795.0,-100000.0
36197T103,Not New,GW Pharmaceuticals PLC,4828.0,45000.0,2030.0,34200.0,-2798.0,-10800.0
026874784,Not New,AMERICAN INTERNATIONAL GROUP,1038.0,19021.0,1334.0,26676.0,296.0,7655.0
29265N108,New Holding,ENERGEN CORP,,,4444.0,50000.0,,
737446104,Sold Out,Post Holdings Inc,6455.0,117106.0,,,,
300439106,Not New,EveryWare Global Inc,71.0,55000.0,251.0,55000.0,180.0,0.0
750236101,Not New,RADIAN GROUP INC,15550.0,1050000.0,5389.0,358564.0,-10161.0,-691436.0
750236101,Not New,RADIAN GROUP INC,1777.0,120000.0,5389.0,358564.0,3612.0,238564.0
83416T100,Sold Out,Solarcity Corp,1503.0,24000.0,,,,
12504L109,New Holding,CB RICHARD ELLIS GROUP INC-A,,,530.0,16546.0,,
168615102,Not New,CHICO'S FAS INC,3392.0,200000.0,6412.0,400000.0,3020.0,200000.0
168615102,Not New,CHICO'S FAS INC,1696.0,100000.0,6412.0,400000.0,4716.0,300000.0
Y2066G104,Sold Out,DIANA SHIPPING INC,11056.0,435600.0,,,,
G65431101,Not New,NOBLE CORP,3356.0,100000.0,3274.0,100000.0,-82.0,0.0
G65431101,Not New,NOBLE CORP,3356.0,100000.0,13915.0,425000.0,10559.0,325000.0
G65431101,Not New,NOBLE CORP,3356.0,100000.0,9822.0,300000.0,6466.0,200000.0
68243Q106,Sold Out,1 800 FLOWERS .COM,490.0,87000.0,,,,
N22035104,Sold Out,Constellium Holdco BV,11285.0,384500.0,,,,
H8817H100,Not New,TRANSOCEAN INC,425.0,9458.0,391.0,9458.0,-34.0,0.0
02153W100,Not New,Altisource Residential Corp,36061.0,1385352.0,36294.0,1150000.0,233.0,-235352.0
205638109,Not New,COMPUWARE CORP,6643.0,665009.0,9731.0,926733.0,3088.0,261724.0
34354P105,Sold Out,FLOWSERVE CORP,443.0,5654.0,,,,
98419J107,Not New,XOMA LTD,344.0,75000.0,391.0,75000.0,47.0,0.0
427866108,Not New,HERSHEY CO/THE,394.0,4050.0,423.0,4050.0,29.0,0.0
02376R102,Not New,American Airlines Group Inc,1193.0,27774.0,399.0,10910.0,-794.0,-16864.0
G55598109,New Holding,Lombard Medical Inc,,,388.0,54000.0,,
464287168,Sold Out,ISHARES DJ SELECT DIVIDEND,5358.0,73086.0,,,,
339041105,Sold Out,FLEETCOR TECHNOL,494.0,4289.0,,,,
857477103,Not New,STATE STREET CORP,389.0,5796.0,34775.0,500000.0,34386.0,494204.0
857477103,Not New,STATE STREET CORP,389.0,5796.0,42152.0,606068.0,41763.0,600272.0
633707104,Sold Out,National Bank Holdings Corp,10631.0,529686.0,,,,
40414L109,Not New,HEALTH CARE PPTYS INVEST INC,8276.0,200000.0,3879.0,100000.0,-4397.0,-100000.0
63938C108,New Holding,Navient Corp,,,6750.0,381155.0,,
75605Y106,Sold Out,Realogy Holdings Corp,5214.0,120000.0,,,,
45104G104,New Holding,ICICI BANK LTD-SPON ADR,,,17465.0,350000.0,,
092113109,Not New,BLACK HILLS CORP,13051.0,212600.0,15277.0,265000.0,2226.0,52400.0
092113109,Not New,BLACK HILLS CORP,6139.0,100000.0,15277.0,265000.0,9138.0,165000.0
40412C101,Not New,HCA HOLDINGS INC.,5318.0,94340.0,440.0,8382.0,-4878.0,-85958.0
14170T101,New Holding,CAREFUSION CORP,,,4864.0,109695.0,,
03073E105,Sold Out,AMERISOURCEBERGEN CORP,402.0,6132.0,,,,
378973408,New Holding,GLOBALSTAR INC,,,1275.0,300000.0,,
16411W108,Not New,Cheniere Energy Partners LP Ho,18630.0,750000.0,23353.0,1081650.0,4723.0,331650.0
459902102,Not New,INTL GAME TECHNOLOGY,1346.0,84634.0,397.0,28228.0,-949.0,-56406.0
751212101,New Holding,POLO RALPH LAUREN CORP...VR,,,521.0,3243.0,,
30063P105,New Holding,EXACT SCIENCES,,,1703.0,100000.0,,
166764100,Not New,CHEVRON CORP,893.0,6842.0,6670.0,56092.0,5777.0,49250.0
166764100,Not New,CHEVRON CORP,26110.0,200000.0,6670.0,56092.0,-19440.0,-143908.0
023135106,Not New,AMAZON.COM INC,1068.0,3288.0,799.0,2375.0,-269.0,-913.0
G0129K104,Sold Out,AIRCASTLE LTD,1417.0,73100.0,,,,
38259P706,New Holding,GOOGLE INC-CL A,,,15014.0,26100.0,,
448640102,Sold Out,Hyde Park Acquisition Corp II,1231.0,117500.0,,,,
10157P203,Not New,Boulevard Acquisition Corp,10100.0,1000000.0,10050.0,1000000.0,-50.0,0.0
242370203,Not New,DEAN FOODS CO,175.0,10000.0,3273.0,211695.0,3098.0,201695.0
242370203,Not New,DEAN FOODS CO,5283.0,300366.0,3273.0,211695.0,-2010.0,-88671.0
565849106,Not New,MARATHON OIL CORP,7984.0,200000.0,8880.0,250000.0,896.0,50000.0
628530107,Not New,MYLAN LABORATORIES INC,5156.0,100000.0,6551.0,134160.0,1395.0,34160.0
98212B103,Sold Out,WPX Energy Inc,1803.0,100000.0,,,,
056752108,Not New,BAIDU.COM - SPON ADR.,159423.0,853398.0,87003.0,571376.0,-72420.0,-282022.0
227046109,Sold Out,CROCS INC,1552.0,99500.0,,,,
169656105,New Holding,CHIPOTLE MEXICAN GRILL-CL A,,,11850.0,20000.0,,
74733V100,Not New,QEP RESOURCES INC,547.0,15856.0,3680.0,125000.0,3133.0,109144.0
88033G407,Not New,TENET HEALTHCARE CORP,7268.0,154841.0,385.0,8988.0,-6883.0,-145853.0
20030N101,Not New,COMCAST CORP-CL A,3989.0,74320.0,7506.0,150000.0,3517.0,75680.0
20030N101,Not New,COMCAST CORP-CL A,3989.0,74320.0,18922.0,378147.0,14933.0,303827.0
136635109,Not New,CANADIAN SOLAR INC,558.0,17857.0,801.0,25000.0,243.0,7143.0
701354102,New Holding,Parkervision Inc,,,243.0,164552.0,,
674215108,Not New,OASIS PETROLEUM INC,5589.0,100000.0,12519.0,300000.0,6930.0,200000.0
402635304,Sold Out,GULFPORT ENERGY CORP,3559.0,50000.0,,,,
73935A104,Sold Out,NASDAQ 100 STOCK INDX,179724.0,2050000.0,,,,
761330109,New Holding,Revance Therapeutics Inc,,,3400.0,100000.0,,
38259P508,Not New,Google Inc,1092.0,1869.0,18561.0,16654.0,17469.0,14785.0
69327R101,Not New,PDC Energy Inc,3157.0,50000.0,3113.0,50000.0,-44.0,0.0
464287192,Sold Out,ISHARES DJ US TRANSPORT INDX,3385.0,25000.0,,,,
74347W361,Sold Out,ProShares VIX Short-Term Futur,2529.0,90000.0,,,,
03762UAA3,Not New,ARI 5 1/2 03/15/19,1056.0,1000000.0,3049.0,3000000.0,1993.0,2000000.0
693475105,Sold Out,PNC FINANCIAL SERVICES GROUP,32625.0,375000.0,,,,
464287598,Sold Out,iShares Russell 1000 Value ETF,3667.0,38000.0,,,,
57060U191,Not New,MARKET VECTORS OIL SERVICE ETF,25992.0,450000.0,2517.0,50000.0,-23475.0,-400000.0
04621X108,Not New,ASSURANT INC,398.0,6078.0,402.0,6190.0,4.0,112.0
78464A797,New Holding,KBW BANK ETF,,,35425.0,1060000.0,,
582839106,New Holding,MEAD JOHNSON NUTRITION CO-A,,,4099.0,44000.0,,
211171103,New Holding,Continental Building Products,,,1486.0,96513.0,,
499064103,Not New,KNIGHT TRANSPORTATION INC,380.0,16000.0,289.0,12500.0,-91.0,-3500.0
595112103,Not New,MICRON TECHNOLOGY INC,7102.0,215559.0,4680.0,197801.0,-2422.0,-17758.0
171798101,Not New,CIMAREX ENERGY CO,7890.0,55000.0,6194.0,52000.0,-1696.0,-3000.0
346233109,Not New,FORESTAR REAL ESTATE GROUP,3253.0,170426.0,3034.0,170426.0,-219.0,0.0
87160A100,New Holding,SYNGENTA AG-REG.,,,1122.0,15000.0,,
959802109,Not New,WESTERN UNION CO,459.0,26508.0,434.0,26508.0,-25.0,0.0
14040H105,Sold Out,CAPITAL ONE FINANCIAL CORP,59849.0,775650.0,,,,
693656100,New Holding,PVH CORP,,,2796.0,23980.0,,
887317303,Sold Out,TIME WARNER INC,496.0,7596.0,,,,
382550101,Not New,GOODYEAR TIRE RUBBER CO,24828.0,893762.0,20365.0,779367.0,-4463.0,-114395.0
913903100,New Holding,UNIVERSAL HEALTH SERVICES-B,,,4788.0,50000.0,,
04033A100,New Holding,ARIAD PHARMACEUTICALS INC,,,1911.0,300000.0,,
46625H100,Not New,JPMORGAN CHASE CO,1460.0,25354.0,291294.0,4798129.0,289834.0,4772775.0
127055101,New Holding,CABOT CORP,,,289.0,5000.0,,
464286673,New Holding,iShares MSCI Singapore Index F,,,5435.0,402000.0,,
140781105,Sold Out,CARBO CERAMICS INC,2070.0,15000.0,,,,
124830100,Sold Out,CBL ASSOCIATES PROPERTIES,2663.0,150000.0,,,,
749941100,New Holding,RF MICRO DEVICES INC,,,2708.0,282454.0,,
00444T100,Not New,AcelRx Pharmaceuticals Inc,513.0,50000.0,432.0,36000.0,-81.0,-14000.0
68372A104,New Holding,OPENTABLE INC,,,10360.0,100000.0,,
038222105,New Holding,APPLIED MATERIALS INC,,,2255.0,100000.0,,
478366107,Sold Out,JOHNSON CONTROLS INC,4732.0,100000.0,,,,
524901105,Not New,LEGG MASON INC,433.0,8457.0,485.0,9882.0,52.0,1425.0
482480100,Not New,KLA-TENCOR CORPORATION,3632.0,50000.0,1383.0,20000.0,-2249.0,-30000.0
655844108,Not New,NORFOLK SOUTHERN CORP,447.0,4344.0,422.0,4344.0,-25.0,0.0
606822104,Sold Out,MITSUBISHI UFJ FINL GRP-ADR,10886.0,1965000.0,,,,
416515104,Not New,HARTFORD FINANCIAL SVCS GRP,75201.0,2100000.0,10581.0,300000.0,-64620.0,-1800000.0
416515104,Not New,HARTFORD FINANCIAL SVCS GRP,75201.0,2100000.0,114628.0,3250000.0,39427.0,1150000.0
09072Q106,Sold Out,BioAmber Inc,543.0,255000.0,,,,
25490A309,Not New,DIRECTV GROUP INC/THE,17002.0,200000.0,445.0,5818.0,-16557.0,-194182.0
25490A309,Not New,DIRECTV GROUP INC/THE,438.0,5157.0,445.0,5818.0,7.0,661.0
G0585R106,Not New,ASSURED GUARANTY LTD,88601.0,3616401.0,123874.0,4892343.0,35273.0,1275942.0
546347105,Not New,LOUISIANA-PACIFIC CORP,5257.0,350000.0,10122.0,600000.0,4865.0,250000.0
29444U502,Not New,EQUINIX INC,1124.0,5351.0,6081.0,32900.0,4957.0,27549.0
29266R108,New Holding,ENERGIZER HOLDINGS INC,,,6101.0,50000.0,,
018804104,Sold Out,ALLIANT TECHSYSTEMS INC,1422.0,10000.0,,,,
02005N100,New Holding,ALLY FINANCIAL INC,,,1196.0,50000.0,,
13342B105,New Holding,CAMERON INTERNATIONAL CORP,,,422.0,6240.0,,
095229100,Not New,BLUCORA INC,1562.0,82778.0,1070.0,54367.0,-492.0,-28411.0
136375102,Not New,CANADIAN NATL RAILWAY CO,227.0,3500.0,281.0,5000.0,54.0,1500.0
501242101,Not New,KULICKE & SOFFA INDUSTRIES,2455.0,172162.0,1580.0,125260.0,-875.0,-46902.0
00101J106,Not New,ADT Corp/The,434.0,12419.0,11034.0,368400.0,10600.0,355981.0
55003T107,Sold Out,LUMBER LIQUIDATORS HOLDINGS,19271.0,205450.0,,,,
52748T104,Not New,Levy Acquisition Corp,4870.0,500000.0,4845.0,500000.0,-25.0,0.0
52748T104,Not New,Levy Acquisition Corp,4870.0,500000.0,99.0,206762.0,-4771.0,-293238.0
26746E103,Sold Out,DYAX CORP,674.0,75000.0,,,,
20825C104,Not New,CONOCOPHILLIPS,17146.0,200000.0,5276.0,75000.0,-11870.0,-125000.0
20825C104,Not New,CONOCOPHILLIPS,17146.0,200000.0,5276.0,75000.0,-11870.0,-125000.0
G67743107,Sold Out,ORIENT EXPRESS HOTELS LTD -A,721.0,50000.0,,,,
02319V103,New Holding,AMBEV SA,,,3097.0,440000.0,,
33733E302,Sold Out,First Trust Dow Jones Internet,3011.0,51000.0,,,,
701094104,Sold Out,PARKER HANNIFIN CORP,239.0,2000.0,,,,
G5480U120,Not New,Liberty Global Inc,7013.0,165761.0,3437.0,84438.0,-3576.0,-81323.0
713448108,Not New,PEPSICO INC,3126.0,35000.0,4175.0,50000.0,1049.0,15000.0
90347A100,Not New,Ubiquiti Networks Inc,3232.0,71526.0,1511.0,33256.0,-1721.0,-38270.0
617446448,Not New,MORGAN STANLEY,7274.0,225000.0,24936.0,800000.0,17662.0,575000.0
M6787E101,New Holding,MAGICJACK VOCALTEC LTD,,,1153.0,76307.0,,
073302101,New Holding,BE Aerospace Inc,,,9711.0,105000.0,,
868459108,New Holding,Supernus Pharmaceuticals Inc,,,1095.0,100000.0,,
505743104,Sold Out,Ladder Capital Corp,4720.0,250000.0,,,,
