CUSIP,status,NAME OF ISSUER,(x$1000)_old,PRN AMT_old,(x$1000),PRN AMT,(x$1000)_change,PRN AMT_change
23291E117,Not New,DFB HEALTHCARE ACQUISTION CO,383.0,333333.0,410.0,333333.0,27.0,0.0
535919401,Not New,LIONS GATE ENTMNT CORP,767.0,49021.0,789.0,49021.0,22.0,0.0
G87110105,New Holding,TECHNIPFMC PLC,,,7056.0,300000.0,,
23291E109,Not New,DFB HEALTHCARE ACQUISTION CO,9990.0,1000000.0,9810.0,1000000.0,-180.0,0.0
31421V107,Sold Out,FEDERAL STR ACQUISITION CORP,5115.0,500000.0,,,,
651290108,Sold Out,NEWFIELD EXPL CO,1173.0,80000.0,,,,
G04415108,New Holding,ANDINA ACQUISITION CORP III,,,3900.0,400000.0,,
48669A108,Not New,KEANE GROUP INC,1198.0,110000.0,409.0,50000.0,-789.0,-60000.0
34986F111,Not New,FORUM MERGER II CORP,260.0,500000.0,225.0,500000.0,-35.0,0.0
48251W104,New Holding,KKR & CO INC,,,2701.0,115000.0,,
83416TAC4,Sold Out,SOLARCITY CORP,4688.0,5000000.0,,,,
150870103,Not New,CELANESE CORP DEL,7451.0,75557.0,4144.0,46065.0,-3307.0,-29492.0
372309104,Sold Out,GENMARK DIAGNOSTICS INC,729.0,150000.0,,,,
60935Y208,Not New,MONEYGRAM INTL INC,162.0,79524.0,159.0,79524.0,-3.0,0.0
559663109,Not New,MAGNOLIA OIL & GAS CORP,1088.0,90644.0,14472.0,1291032.0,13384.0,1200388.0
125269100,Not New,CF INDS HLDGS INC,4088.0,100000.0,4351.0,100000.0,263.0,0.0
83304A106,New Holding,SNAP INC,,,17632.0,1600000.0,,
G6485P124,Not New,NEW FRONTIER CORP,177.0,250000.0,225.0,250000.0,48.0,0.0
004225108,New Holding,ACADIA PHARMACEUTICALS INC,,,8255.0,307450.0,,
13645T100,Sold Out,CANADIAN PAC RY LTD,2664.0,15000.0,,,,
L8681T102,Not New,SPOTIFY TECHNOLOGY S A,25678.0,185000.0,4540.0,40000.0,-21138.0,-145000.0
380237107,New Holding,GODADDY INC,,,6767.0,90000.0,,
665531109,New Holding,NORTHERN OIL & GAS INC NEV,,,1123.0,410000.0,,
66987E206,Not New,NOVAGOLD RES INC,21059.0,5050176.0,7195.0,1821416.0,-13864.0,-3228760.0
G04415132,New Holding,ANDINA ACQUISITION CORP III,,,140.0,400000.0,,
64125C109,Not New,NEUROCRINE BIOSCIENCES INC,4776.0,54213.0,3127.0,43791.0,-1649.0,-10422.0
846784106,Not New,SPARTAN ENERGY ACQUISITON CO,6880.0,700000.0,6741.0,700000.0,-139.0,0.0
61946M118,Not New,MOSAIC ACQUISITION CORP,298.0,366666.0,363.0,366666.0,65.0,0.0
91232N108,New Holding,UNITED STATES OIL FUND LP,,,2250.0,180000.0,,
36255F102,Not New,GS ACQUISITION HLDGS CORP,15030.0,1500000.0,14700.0,1500000.0,-330.0,0.0
294600101,Not New,EQUITRANS MIDSTREAM CORPORAT,2644.0,121383.0,2430.0,121383.0,-214.0,0.0
629076118,Not New,NEBULA ACQUISITION CORP,310.0,413333.0,558.0,413333.0,248.0,0.0
03076C106,New Holding,AMERIPRISE FINL INC,,,41633.0,325000.0,,
G22707114,Not New,COLLIER CREEK HOLDINGS,503.0,433333.0,520.0,433333.0,17.0,0.0
V0393H103,Not New,AZURE PWR GLOBAL LTD,1127.0,99998.0,905.0,100000.0,-222.0,2.0
16411R208,New Holding,CHENIERE ENERGY INC,,,25635.0,375000.0,,
172967424,Not New,CITIGROUP INC,6844.0,110000.0,5727.0,110000.0,-1117.0,0.0
06684L103,New Holding,BAOZUN INC,,,14539.0,350000.0,,
256746108,New Holding,DOLLAR TREE INC,,,15756.0,150000.0,,
464287440,New Holding,ISHARES TR,,,2347.0,22000.0,,
Y7542C106,Sold Out,SCORPIO TANKERS INC,2864.0,1627300.0,,,,
171779309,New Holding,CIENA CORP,,,6908.0,185000.0,,
122017106,Not New,BURLINGTON STORES INC,35253.0,225000.0,16267.0,100000.0,-18986.0,-125000.0
185899101,New Holding,CLEVELAND CLIFFS INC,,,8991.0,900000.0,,
G66721104,Not New,NORWEGIAN CRUISE LINE HLDG L,15114.0,275000.0,7418.0,175000.0,-7696.0,-100000.0
000375204,New Holding,ABB LTD,,,1887.0,100000.0,,
896818101,New Holding,TRIUMPH GROUP INC NEW,,,953.0,50000.0,,
848637104,New Holding,SPLUNK INC,,,11837.0,95000.0,,
76131D103,Not New,RESTAURANT BRANDS INTL INC,19533.0,300000.0,24843.0,475000.0,5310.0,175000.0
902494103,New Holding,TYSON FOODS INC,,,7637.0,110000.0,,
609754114,New Holding,MONOCLE ACQUISITION CORP,,,160.0,500000.0,,
09062X103,Sold Out,BIOGEN INC,10169.0,33792.0,,,,
420870115,Sold Out,HAYMAKER ACQUISITION CORP,104.0,125000.0,,,,
02215L100,Sold Out,ALTUS MIDSTREAM CO,3865.0,500000.0,,,,
14575E105,New Holding,CARS COM INC,,,1140.0,50000.0,,
464287184,Not New,ISHARES TR,153617.0,3470000.0,4885.0,125000.0,-148732.0,-3345000.0
464287184,Not New,ISHARES TR,153617.0,3470000.0,5862.0,150000.0,-147755.0,-3320000.0
464287184,Not New,ISHARES TR,153617.0,3470000.0,391.0,10000.0,-153226.0,-3460000.0
737010108,New Holding,PORTOLA PHARMACEUTICALS INC,,,5222.0,150488.0,,
02156K103,Not New,ALTICE USA INC,24165.0,1125000.0,5369.0,325000.0,-18796.0,-800000.0
62857M105,New Holding,MYOKARDIA INC,,,998.0,19200.0,,
149123101,New Holding,CATERPILLAR INC DEL,,,38073.0,281000.0,,
382872109,New Holding,GORES METROPOULOS INC,,,10791.0,1100000.0,,
67066G104,New Holding,NVIDIA CORP,,,4489.0,25000.0,,
92511U102,Not New,VERRA MOBILITY CORP,2380.0,200000.0,6832.0,700000.0,4452.0,500000.0
21075N204,Sold Out,CONTANGO OIL & GAS COMPANY,975.0,300000.0,,,,
594918104,Sold Out,MICROSOFT CORP,11173.0,110000.0,,,,
25280H209,New Holding,DIAMONDPEAK HLDGS COR,,,9018.0,900000.0,,
189464AC4,Not New,CLOVIS ONCOLOGY INC,1172.0,1500000.0,1056.0,1500000.0,-116.0,0.0
89628U207,New Holding,TRINE ACQUISITION CORP,,,5010.0,500000.0,,
464288752,New Holding,ISHARES TR,,,21144.0,600000.0,,
98936J101,Not New,ZENDESK INC,10523.0,123800.0,4670.0,80000.0,-5853.0,-43800.0
92672L107,Not New,VIEWRAY INC,1478.0,200000.0,1214.0,200000.0,-264.0,0.0
526057302,Not New,LENNAR CORP,7282.0,186150.0,5326.0,170000.0,-1956.0,-16150.0
56585A102,Not New,MARATHON PETE CORP,14603.0,244000.0,2065.0,35000.0,-12538.0,-209000.0
816851109,Not New,SEMPRA ENERGY,1888.0,15000.0,3246.0,30000.0,1358.0,15000.0
30161Q104,Not New,EXELIXIS INC,4203.0,176585.0,3086.0,156905.0,-1117.0,-19680.0
722304102,Sold Out,PINDUODUO INC,4488.0,200000.0,,,,
02079K305,Not New,ALPHABET INC,17653.0,15000.0,64370.0,61600.0,46717.0,46600.0
G9456A100,Not New,GOLAR LNG LTD BERMUDA,6137.0,291000.0,1632.0,75000.0,-4505.0,-216000.0
G3165V109,Not New,ARYA SCIENCES ACQUISITION CO,2943.0,300000.0,2940.0,300000.0,-3.0,0.0
872540109,Not New,TJX COS INC NEW,10642.0,200000.0,20133.0,450000.0,9491.0,250000.0
90138F102,New Holding,TWILIO INC,,,12918.0,100000.0,,
95058W100,New Holding,WENDYS CO,,,13418.0,750000.0,,
647581107,New Holding,NEW ORIENTAL ED & TECH GRP I,,,22523.0,250000.0,,
90385D107,Sold Out,ULTIMATE SOFTWARE GROUP INC,4897.0,20000.0,,,,
08579W103,Sold Out,BERRY GLOBAL GROUP INC,2377.0,50000.0,,,,
G47791101,New Holding,INGERSOLL-RAND PLC,,,8096.0,75000.0,,
98420N105,Not New,XENON PHARMACEUTICALS INC,508.0,50000.0,316.0,50000.0,-192.0,0.0
G0750C108,Not New,AXALTA COATING SYS LTD,17785.0,705457.0,6001.0,256239.0,-11784.0,-449218.0
532457108,Not New,LILLY ELI & CO,10498.0,80905.0,5365.0,46359.0,-5133.0,-34546.0
64110L106,Not New,NETFLIX INC,48136.0,135000.0,26003.0,97150.0,-22133.0,-37850.0
156431108,New Holding,CENTURY ALUM CO,,,3108.0,350000.0,,
G3206V118,Not New,ESTRE AMBIENTAL INC,29.0,250000.0,14.0,250000.0,-15.0,0.0
464287655,Not New,ISHARES TR,49754.0,325000.0,61594.0,460000.0,11840.0,135000.0
464287655,Not New,ISHARES TR,49754.0,325000.0,19837.0,148151.0,-29917.0,-176849.0
67103H107,Sold Out,O REILLY AUTOMOTIVE INC NEW,17217.0,50000.0,,,,
04650Y100,New Holding,AT HOME GROUP INC,,,7144.0,400000.0,,
23703Q203,Sold Out,DAQO NEW ENERGY CORP,702.0,30000.0,,,,
G7126L100,Sold Out,PLATINUM EAGLE ACQUISITIN CO,12096.0,1200000.0,,,,
81727U105,Sold Out,SENSEONICS HOLDINGS INC,259.0,100000.0,,,,
00165R101,New Holding,AMCI ACQUISITION CORP,,,1968.0,200000.0,,
501797104,New Holding,L BRANDS INC,,,4827.0,175000.0,,
609754106,New Holding,MONOCLE ACQUISITION CORP,,,4900.0,500000.0,,
009158106,Sold Out,AIR PRODS & CHEMS INC,8268.0,51656.0,,,,
29364G103,Not New,ENTERGY CORP NEW,1626.0,17000.0,1894.0,22000.0,268.0,5000.0
37045V100,Not New,GENERAL MTRS CO,3710.0,100000.0,2509.0,75000.0,-1201.0,-25000.0
464287200,Sold Out,ISHARES TR,365492.0,1452614.0,,,,
89154L209,New Holding,TORTOISE ACQUISITION CORP,,,3996.0,400000.0,,
24665A103,Sold Out,DELEK US HLDGS INC NEW,306.0,9400.0,,,,
98422L107,New Holding,XERIS PHARMACEUTICALS INC,,,1004.0,100000.0,,
10319T119,New Holding,BOXWOOD MERGER CORP,,,75.0,250000.0,,
78516C114,Not New,SABAN CAP ACQUISITION CORP,2.0,750000.0,450.0,750000.0,448.0,0.0
249908AA2,Not New,ASSERTIO THERAPEUTICS INC,3080.0,4000000.0,2822.0,4000000.0,-258.0,0.0
803607100,Not New,SAREPTA THERAPEUTICS INC,924.0,7750.0,1370.0,12553.0,446.0,4803.0
285512109,New Holding,ELECTRONIC ARTS INC,,,45734.0,450000.0,,
76680R206,Sold Out,RINGCENTRAL INC,4122.0,50000.0,,,,
045396108,Not New,ASSEMBLY BIOSCIENCES INC,197.0,10000.0,226.0,10000.0,29.0,0.0
749641205,New Holding,RMG ACQUISITION CORP,,,7021.0,700000.0,,
34986F103,Not New,FORUM MERGER II CORP,4960.0,500000.0,4825.0,500000.0,-135.0,0.0
N97284108,New Holding,YANDEX N V,,,11161.0,325000.0,,
G22707106,Not New,COLLIER CREEK HOLDINGS-A,12948.0,1300000.0,12545.0,1300000.0,-403.0,0.0
G8250R103,Not New,SOCIAL CAP HEDOSOPHIA HLDGS,5095.0,500000.0,5000.0,500000.0,-95.0,0.0
38388F108,Sold Out,GRACE W R & CO DEL NEW,8150.0,125561.0,,,,
778296103,Sold Out,ROSS STORES INC,22880.0,275000.0,,,,
701877102,Not New,PARSLEY ENERGY INC,3571.0,185000.0,1838.0,115000.0,-1733.0,-70000.0
464286822,New Holding,ISHARES INC,,,21795.0,500000.0,,
23284F105,Not New,CYTOMX THERAPEUTICS INC,1344.0,125000.0,1888.0,125000.0,544.0,0.0
30303M102,Not New,FACEBOOK INC,74177.0,445000.0,5244.0,40000.0,-68933.0,-405000.0
060505104,Not New,BANK AMER CORP,24831.0,900000.0,12566.0,510000.0,-12265.0,-390000.0
060505104,Not New,BANK AMER CORP,4414.0,160000.0,12566.0,510000.0,8152.0,350000.0
413875105,New Holding,HARRIS CORP DEL,,,4951.0,31000.0,,
20605P101,New Holding,CONCHO RES INC,,,1332.0,12000.0,,
833635105,New Holding,SOCIEDAD QUIMICA MINERA DE C,,,4997.0,130000.0,,
452907108,Not New,IMMUNOMEDICS INC,7046.0,366793.0,1841.0,129041.0,-5205.0,-237752.0
690742101,Not New,OWENS CORNING NEW,7068.0,150000.0,6157.0,140000.0,-911.0,-10000.0
816851505,Not New,SEMPRA ENERGY,2654.0,25000.0,2411.0,25000.0,-243.0,0.0
25754A201,New Holding,DOMINOS PIZZA INC,,,14196.0,55000.0,,
38286G109,Not New,GORES HOLDINGS III INC,14850.0,1500000.0,14580.0,1500000.0,-270.0,0.0
110122108,Not New,BRISTOL MYERS SQUIBB CO,7884.0,165252.0,15269.0,293745.0,7385.0,128493.0
98954M200,New Holding,ZILLOW GROUP INC,,,13896.0,400000.0,,
85208M102,Sold Out,SPROUTS FMRS MKT INC,4584.0,195000.0,,,,
92211L105,Not New,VANTAGE ENERGY ACQUISITION,5110.0,500000.0,5025.0,500000.0,-85.0,0.0
233051879,New Holding,DBX ETF TR,,,43095.0,1500000.0,,
31811A101,New Holding,FINTECH ACQUISITION CORP III,,,4875.0,500000.0,,
80918TAB5,Not New,SCORPIO TANKERS INC,2640.0,3000000.0,2388.0,3000000.0,-252.0,0.0
13321L108,New Holding,CAMECO CORP,,,3537.0,300000.0,,
302491303,Sold Out,F M C CORP,7520.0,101682.0,,,,
654106103,Sold Out,NIKE INC,14828.0,200000.0,,,,
573284106,New Holding,MARTIN MARIETTA MATLS INC,,,5150.0,25600.0,,
225447101,New Holding,CREE INC,,,14305.0,250000.0,,
Y37828129,Not New,HUNTER MARITIME ACQUISITION,116.0,250000.0,25.0,350000.0,-91.0,100000.0
25179M103,Sold Out,DEVON ENERGY CORP NEW,3156.0,140000.0,,,,
777385105,Not New,ROSEHILL RES INC,136.0,40000.0,112.0,50000.0,-24.0,10000.0
590479135,Not New,MESA AIR GROUP INC,3586.0,430000.0,3347.0,434137.0,-239.0,4137.0
603380106,Not New,MINERVA NEUROSCIENCES INC,1179.0,150000.0,1011.0,150000.0,-168.0,0.0
929160109,New Holding,VULCAN MATLS CO,,,5150.0,43500.0,,
33829M101,Sold Out,FIVE BELOW INC,16371.0,160000.0,,,,
38000Q102,Not New,GLYCOMIMETICS INC,623.0,50000.0,474.0,50000.0,-149.0,0.0
98919V105,Not New,ZAYO GROUP HLDGS INC,31262.0,1100000.0,13704.0,600000.0,-17558.0,-500000.0
98919V105,Not New,ZAYO GROUP HLDGS INC,31262.0,1100000.0,5710.0,250000.0,-25552.0,-850000.0
G7945M107,New Holding,SEAGATE TECHNOLOGY PLC,,,2395.0,50000.0,,
N53745100,New Holding,LYONDELLBASELL INDUSTRIES N,,,10090.0,120000.0,,
17142R103,Not New,CHURCHILL CAP CORP,2016.0,150000.0,9550.0,1000000.0,7534.0,850000.0
G7126L118,Sold Out,PLATINUM EAGLE ACQUISITIN CO,520.0,400000.0,,,,
094235108,Sold Out,BLOOMIN BRANDS INC,2684.0,150000.0,,,,
34553D101,Not New,FORESCOUT TECHNOLOGIES INC,12154.0,290000.0,5848.0,225000.0,-6306.0,-65000.0
05545E209,Not New,BHP GROUP PLC,17502.0,362515.0,15186.0,362515.0,-2316.0,0.0
69366J200,Not New,PTC THERAPEUTICS INC,3764.0,100000.0,3089.0,90000.0,-675.0,-10000.0
168905107,New Holding,CHILDRENS PL INC,,,7296.0,75000.0,,
805111101,Not New,SAVARA INC,737.0,100000.0,757.0,100000.0,20.0,0.0
02133L117,Not New,ALTA MESA RES INC,19.0,500000.0,42.0,500000.0,23.0,0.0
269246401,Sold Out,E TRADE FINANCIAL CORP,10645.0,242592.0,,,,
723787107,Not New,PIONEER NAT RES CO,3807.0,25000.0,1973.0,15000.0,-1834.0,-10000.0
00165R119,New Holding,AMCI ACQUISITION CORP,,,56.0,200000.0,,
629076100,Not New,NEBULA ACQUISITION CORP,12388.0,1240000.0,12090.0,1240000.0,-298.0,0.0
48666K109,New Holding,KB HOME,,,4834.0,200000.0,,
90384S303,Not New,ULTA BEAUTY INC,24411.0,70000.0,17139.0,70000.0,-7272.0,0.0
858119100,Not New,STEEL DYNAMICS INC,4409.0,125000.0,3050.0,101515.0,-1359.0,-23485.0
00751Y106,Not New,ADVANCE AUTO PARTS INC,17053.0,100000.0,7873.0,50000.0,-9180.0,-50000.0
00165R200,Sold Out,AMCI ACQUISITION CORP,1990.0,200000.0,,,,
92243N111,Not New,VECTOIQ ACQUISITION CORP,225.0,500000.0,250.0,500000.0,25.0,0.0
12572Q105,Not New,CME GROUP INC,17286.0,105032.0,19759.0,105032.0,2473.0,0.0
846784122,Not New,SPARTAN ENERGY ACQUISITON CO,257.0,233333.0,226.0,233333.0,-31.0,0.0
31421V115,Sold Out,FEDERAL STR ACQUISITION CORP,340.0,500000.0,,,,
26884L109,Not New,EQT CORP,3526.0,170000.0,3211.0,170000.0,-315.0,0.0
36165L108,Not New,GDS HLDGS LTD,53535.0,1500000.0,18472.0,800000.0,-35063.0,-700000.0
78462F103,Not New,SPDR S&P 500 ETF TR,70620.0,250000.0,174944.0,700000.0,104324.0,450000.0
464288281,Sold Out,ISHARES TR,57151.0,550000.0,,,,
983793100,Sold Out,XPO LOGISTICS INC,2852.0,50000.0,,,,
464287234,Not New,ISHARES TR,64380.0,1500000.0,212682.0,5445000.0,148302.0,3945000.0
464287234,Not New,ISHARES TR,64380.0,1500000.0,52731.0,1350000.0,-11649.0,-150000.0
464287234,Not New,ISHARES TR,62964.0,1467000.0,212682.0,5445000.0,149718.0,3978000.0
464287234,Not New,ISHARES TR,62964.0,1467000.0,52731.0,1350000.0,-10233.0,-117000.0
48576U106,Not New,KARYOPHARM THERAPEUTICS INC,584.0,100000.0,937.0,100000.0,353.0,0.0
68621F110,Sold Out,ORGANOGENESIS HLDGS INC,313.0,1490000.0,,,,
30734W109,Not New,FAR PT ACQUISITION CORP,4975.0,500000.0,4825.0,500000.0,-150.0,0.0
709102107,Sold Out,PENNSYLVANIA RL ESTATE INVT,3629.0,610946.0,,,,
05550J101,Sold Out,BJS WHSL CLUB HLDGS INC,12605.0,568804.0,,,,
292505104,Not New,ENCANA CORP,5792.0,800000.0,5925.0,1025000.0,133.0,225000.0
292505104,Not New,ENCANA CORP,5792.0,800000.0,3364.0,582000.0,-2428.0,-218000.0
292505104,Not New,ENCANA CORP,1701.0,235000.0,5925.0,1025000.0,4224.0,790000.0
292505104,Not New,ENCANA CORP,1701.0,235000.0,3364.0,582000.0,1663.0,347000.0
257554105,Not New,DOMO INC,10486.0,260000.0,2799.0,142612.0,-7687.0,-117388.0
256677105,Sold Out,DOLLAR GEN CORP NEW,10808.0,100000.0,,,,
37954Y848,Not New,GLOBAL X FDS,10375.0,393000.0,9833.0,393000.0,-542.0,0.0
15189T107,Not New,CENTERPOINT ENERGY INC,1535.0,50000.0,2258.0,80000.0,723.0,30000.0
10319T101,New Holding,BOXWOOD MERGER CORP,,,2430.0,250000.0,,
913017109,Not New,UNITED TECHNOLOGIES CORP,13533.0,105000.0,58248.0,547029.0,44715.0,442029.0
G89827110,Not New,TPG PACE HLDGS CORP,429.0,300000.0,312.0,300000.0,-117.0,0.0
318672706,Not New,FIRST BANCORP P R,86332.0,7533365.0,61097.0,7104265.0,-25235.0,-429100.0
G8250R129,Not New,SOCIAL CAP HEDOSOPHIA HLDGS,133.0,166666.0,117.0,166666.0,-16.0,0.0
03874P101,New Holding,ARATANA THERAPEUTICS INC,,,1080.0,300000.0,,
755111507,New Holding,RAYTHEON CO,,,3642.0,20000.0,,
57636Q104,Not New,MASTERCARD INC,11773.0,50000.0,9433.0,50000.0,-2340.0,0.0
31811A309,Sold Out,FINTECH ACQUISITION CORP III,5015.0,500000.0,,,,
N47279109,Sold Out,INTERXION HOLDING N.V,9749.0,180000.0,,,,
462260100,Not New,IOVANCE BIOTHERAPEUTICS INC,1427.0,150000.0,1328.0,150000.0,-99.0,0.0
79466L302,New Holding,SALESFORCE COM INC,,,23756.0,150000.0,,
83200N103,New Holding,SMARTSHEET INC,,,12237.0,300000.0,,
87612E106,New Holding,TARGET CORP,,,24078.0,300000.0,,
067901108,New Holding,BARRICK GOLD CORPORATION,,,16452.0,1200000.0,,
574599106,New Holding,MASCO CORP,,,4717.0,120000.0,,
30283W104,Not New,FTS INTERNATIONAL INC,1000.0,100000.0,711.0,100000.0,-289.0,0.0
G6700G107,New Holding,NVENT ELECTRIC PLC,,,5396.0,200000.0,,
44109J114,Not New,HOSTESS BRANDS INC,260.0,200000.0,174.0,200000.0,-86.0,0.0
92826C839,Not New,VISA INC,15619.0,100000.0,29687.0,225000.0,14068.0,125000.0
V7780T103,Not New,ROYAL CARIBBEAN CRUISES LTD,11462.0,100000.0,9779.0,100000.0,-1683.0,0.0
78516C106,Not New,SABAN CAP ACQUISITION CORP,15420.0,1500000.0,15120.0,1500000.0,-300.0,0.0
458140100,New Holding,INTEL CORP,,,23360.0,435000.0,,
806857108,New Holding,SCHLUMBERGER LTD,,,2396.0,55000.0,,
243537107,Sold Out,DECKERS OUTDOOR CORP,13115.0,102500.0,,,,
61945C103,Not New,MOSAIC CO NEW,4097.0,150000.0,2921.0,100000.0,-1176.0,-50000.0
G18920127,Not New,CAPITOL INVT CORP IV,161.0,116666.0,117.0,116666.0,-44.0,0.0
105532105,New Holding,BRASKEM S A,,,9837.0,381000.0,,
105532105,New Holding,BRASKEM S A,,,5164.0,200000.0,,
30734W117,Not New,FAR PT ACQUISITION CORP,225.0,166666.0,217.0,166666.0,-8.0,0.0
87161C501,New Holding,SYNOVUS FINL CORP,,,27488.0,800000.0,,
Y7542C130,New Holding,SCORPIO TANKERS INC,,,3968.0,200000.0,,
337932107,Sold Out,FIRSTENERGY CORP,751.0,20000.0,,,,
03753U106,New Holding,APELLIS PHARMACEUTICALS INC,,,985.0,50527.0,,
N90064101,New Holding,UNIQURE NV,,,1029.0,17256.0,,
743187106,Not New,PROGENICS PHARMACEUTICALS IN,464.0,100000.0,420.0,100000.0,-44.0,0.0
464286400,New Holding,ISHARES INC,,,20495.0,500000.0,,
31811A119,New Holding,FINTECH ACQUISITION CORP III,,,228.0,250000.0,,
35671D857,Not New,FREEPORT-MCMORAN INC,24169.0,1875000.0,17925.0,1738603.0,-6244.0,-136397.0
35671D857,Not New,FREEPORT-MCMORAN INC,24169.0,1875000.0,2062.0,200000.0,-22107.0,-1675000.0
693506107,Sold Out,PPG INDS INC,2556.0,25000.0,,,,
811292101,Sold Out,SCYNEXIS INC,108.0,225000.0,,,,
886547108,Sold Out,TIFFANY & CO NEW,2524.0,31350.0,,,,
01609W102,New Holding,ALIBABA GROUP HLDG LTD,,,142311.0,780000.0,,
447011107,New Holding,HUNTSMAN CORP,,,4048.0,180000.0,,
G04415124,New Holding,ANDINA ACQUISITION CORP III,,,80.0,400000.0,,
87615L115,New Holding,TARGET HOSPITALITY CORP,,,620.0,400000.0,,
67077M108,Sold Out,NUTRIEN LTD,3408.0,72500.0,,,,
201723103,New Holding,COMMERCIAL METALS CO,,,5124.0,300000.0,,
92763M105,New Holding,VIPER ENERGY PARTNERS LP,,,1326.0,40000.0,,
G3165V125,Not New,ARYA SCIENCES ACQUISITION CO,195.0,150000.0,240.0,150000.0,45.0,0.0
878742204,Not New,TECK RESOURCES LTD,31513.0,1359508.0,1616.0,75000.0,-29897.0,-1284508.0
420870107,Sold Out,HAYMAKER ACQUISITION CORP,2503.0,250000.0,,,,
680665205,New Holding,OLIN CORP,,,6942.0,300000.0,,
Y95308105,New Holding,WAVE LIFE SCIENCES LTD,,,1422.0,36600.0,,
49435R102,Not New,KIMBELL RTY PARTNERS LP,1644.0,90000.0,1263.0,93000.0,-381.0,3000.0
872590104,Not New,T MOBILE US INC,10365.0,150000.0,4771.0,75000.0,-5594.0,-75000.0
244199105,Sold Out,DEERE & CO,8204.0,55000.0,,,,
244199105,Sold Out,DEERE & CO,3729.0,25000.0,,,,
22943F100,New Holding,CTRIP COM INTL LTD,,,18568.0,425000.0,,
127686103,Sold Out,CAESARS ENTMT CORP,1698.0,250000.0,,,,
907818108,Not New,UNION PACIFIC CORP,10032.0,60000.0,4838.0,35000.0,-5194.0,-25000.0
46090E103,Not New,INVESCO QQQ TR,18685.0,104000.0,38565.0,250000.0,19880.0,146000.0
M51363113,New Holding,MELLANOX TECHNOLOGIES LTD,,,4971.0,42000.0,,
501147102,Sold Out,KRYSTAL BIOTECH INC,260.0,12500.0,,,,
92211L113,Not New,VANTAGE ENERGY ACQUISITION,77.0,333333.0,157.0,333333.0,80.0,0.0
12528N206,Sold Out,CF FIN ACQUISITION CORP,5000.0,500000.0,,,,
17142R111,Not New,CHURCHILL CAP CORP,1640.0,500000.0,435.0,500000.0,-1205.0,0.0
92243N103,Not New,VECTOIQ ACQUISITION CORP,5000.0,500000.0,4850.0,500000.0,-150.0,0.0
36164Y101,Not New,GCP APPLIED TECHNOLOGIES INC,61730.0,2085486.0,68276.0,2781112.0,6546.0,695626.0
23257D103,New Holding,CYMABAY THERAPEUTICS INC,,,332.0,25000.0,,
00724F101,Not New,ADOBE INC,37309.0,140000.0,4525.0,20000.0,-32784.0,-120000.0
962879102,New Holding,WHEATON PRECIOUS METALS CORP,,,1667.0,70000.0,,
23331A109,Sold Out,D R HORTON INC,4333.0,125000.0,,,,
78464A870,New Holding,SPDR SERIES TRUST,,,18108.0,200000.0,,
G16962105,New Holding,BUNGE LIMITED,,,35292.0,665000.0,,
958102105,New Holding,WESTERN DIGITAL CORP,,,3004.0,62500.0,,
10319T200,Sold Out,BOXWOOD MERGER CORP,2483.0,250000.0,,,,
87336U105,New Holding,TABLEAU SOFTWARE INC,,,7000.0,55000.0,,
032511107,New Holding,ANADARKO PETE CORP,,,5003.0,110000.0,,
36555P107,Sold Out,GARDNER DENVER HLDGS INC,4090.0,200000.0,,,,
55608B105,Sold Out,MACQUARIE INFRASTRUCTURE COR,5484.0,150000.0,,,,
38286G117,Not New,GORES HOLDINGS III INC,750.0,500000.0,600.0,500000.0,-150.0,0.0
G0751N103,Not New,ATLANTICA YIELD PLC,11676.0,600000.0,12040.0,614300.0,364.0,14300.0
983134107,Not New,WYNN RESORTS LTD,17898.0,150000.0,14837.0,150000.0,-3061.0,0.0
02553E106,New Holding,AMERICAN EAGLE OUTFITTERS IN,,,13856.0,625000.0,,
703481101,Sold Out,PATTERSON UTI ENERGY INC,725.0,70000.0,,,,
59045L106,New Holding,MERSANA THERAPEUTICS INC,,,105.0,20000.0,,
78464A730,Sold Out,SPDR SERIES TRUST,18571.0,700000.0,,,,
61946M100,Not New,MOSAIC ACQUISITION CORP,11088.0,1100000.0,10835.0,1100000.0,-253.0,0.0
00508Y102,New Holding,ACUITY BRANDS INC,,,5040.0,42000.0,,
19626G108,Not New,COLONY CAP INC NEW,798.0,150000.0,702.0,150000.0,-96.0,0.0
36197T103,Not New,GW PHARMACEUTICALS PLC,1686.0,10000.0,1461.0,15000.0,-225.0,5000.0
382872117,New Holding,GORES METROPOULOS INC,,,513.0,366666.0,,
G3157S106,New Holding,ENSCO PLC,,,1376.0,350000.0,,
283677854,New Holding,EL PASO ELEC CO,,,588.0,10000.0,,
74275G107,Not New,PRIORITY TECHNOLOGY HLDGS IN,1778.0,257300.0,2077.0,260000.0,299.0,2700.0
097023105,Not New,BOEING CO,9536.0,25000.0,4031.0,12500.0,-5505.0,-12500.0
097023105,Not New,BOEING CO,54543.0,143000.0,4031.0,12500.0,-50512.0,-130500.0
767204100,Sold Out,RIO TINTO PLC,2666.0,55000.0,,,,
02376R102,New Holding,AMERICAN AIRLS GROUP INC,,,1588.0,50000.0,,
524643111,Not New,LEGACY ACQUISITION CORP,150.0,500000.0,166.0,500000.0,16.0,0.0
G6485P108,Not New,NEW FRONTIER CORP,4945.0,500000.0,4900.0,500000.0,-45.0,0.0
72703H101,Not New,PLANET FITNESS INC,18081.0,263106.0,20108.0,375000.0,2027.0,111894.0
92189F106,Not New,VANECK VECTORS ETF TR,20402.0,910000.0,109236.0,5179503.0,88834.0,4269503.0
524643103,Not New,LEGACY ACQUISITION CORP,5020.0,500000.0,4910.0,500000.0,-110.0,0.0
37518N106,Not New,GIGCAPITAL INC,2550.0,250000.0,2525.0,250000.0,-25.0,0.0
00810B105,Sold Out,AERPIO PHARMACEUTICALS INC,170.0,100000.0,,,,
090040106,Sold Out,BILIBILI INC,6978.0,478245.0,,,,
81728P105,Not New,SENTINEL ENERGY SVCS INC,5040.0,500000.0,5010.0,500000.0,-30.0,0.0
751212101,New Holding,RALPH LAUREN CORP,,,5187.0,40000.0,,
086516101,New Holding,BEST BUY INC,,,15989.0,225000.0,,
023135106,Not New,AMAZON COM INC,41509.0,23310.0,79529.0,52950.0,38020.0,29640.0
67059N108,New Holding,NUTANIX INC,,,8303.0,220000.0,,
86614U100,New Holding,SUMMIT MATLS INC,,,3174.0,200000.0,,
101044105,Not New,BOSTON OMAHA CORP,1247.0,50000.0,1170.0,50000.0,-77.0,0.0
30233G100,New Holding,EYEPOINT PHARMACEUTICALS INC,,,573.0,320000.0,,
42589C203,New Holding,HENNESSY CAP ACQUSTION CORP,,,4032.0,400000.0,,
012653101,New Holding,ALBEMARLE CORP,,,20085.0,245000.0,,
90238J103,Not New,TYME TECHNOLOGIES INC,264.0,150000.0,554.0,150000.0,290.0,0.0
53635D202,New Holding,LIQUIDIA TECHNOLOGIES INC,,,1138.0,100000.0,,
98212B103,Not New,WPX ENERGY INC,3015.0,230000.0,1419.0,125000.0,-1596.0,-105000.0
55087P104,New Holding,LYFT INC,,,3915.0,50000.0,,
565849106,Not New,MARATHON OIL CORP,1671.0,100000.0,1649.0,115000.0,-22.0,15000.0
13057Q206,Sold Out,CALIFORNIA RES CORP,426.0,25000.0,,,,
36255F110,Not New,GS ACQUISITION HLDGS CORP,780.0,500000.0,625.0,500000.0,-155.0,0.0
981558109,Not New,WORLDPAY INC,8513.0,75000.0,13375.0,175000.0,4862.0,100000.0
20030N101,Not New,COMCAST CORP-CLASS A,31984.0,800000.0,4086.0,120000.0,-27898.0,-680000.0
674215108,Not New,OASIS PETE INC NEW,2235.0,370000.0,553.0,100000.0,-1682.0,-270000.0
70450Y103,New Holding,PAYPAL HLDGS INC,,,7767.0,74800.0,,
22564L204,New Holding,CRESCENT ACQUISITION CORP,,,4750.0,475000.0,,
035128206,New Holding,ANGLOGOLD ASHANTI LTD,,,3930.0,300000.0,,
14040H105,New Holding,CAPITAL ONE FINL CORP,,,4085.0,50000.0,,
171798101,Sold Out,CIMAREX ENERGY CO,1418.0,23000.0,,,,
088606108,Sold Out,BHP GROUP LIMITED,2173.0,45000.0,,,,
46146L101,Sold Out,INVESTORS BANCORP INC NEW,2044.0,196511.0,,,,
12528N115,New Holding,CF FIN ACQUISITION CORP,,,161.0,375000.0,,
74386T105,Sold Out,PROVIDENT FINL SVCS INC,6392.0,264894.0,,,,
30227M105,Sold Out,EXTRACTION OIL AND GAS INC,343.0,80000.0,,,,
87484T108,New Holding,TALOS ENERGY INC,,,1195.0,45000.0,,
98978L204,Not New,ZOGENIX INC,1650.0,30000.0,1094.0,30000.0,-556.0,0.0
87615L107,New Holding,TARGET HOSPITALITY CORP,,,9500.0,1000000.0,,
00444T100,Not New,ACELRX PHARMACEUTICALS INC,870.0,250000.0,578.0,250000.0,-292.0,0.0
87165B103,New Holding,SYNCHRONY FINL,,,55825.0,1750000.0,,
896522109,Sold Out,TRINITY INDS INC,3191.0,155000.0,,,,
G18920101,Not New,CAPITOL INVT CORP IV,3563.0,350000.0,3497.0,350000.0,-66.0,0.0
G9087Q102,New Holding,TRONOX HOLDINGS PLC,,,3288.0,250000.0,,
G9087Q102,New Holding,TRONOX HOLDINGS PLC,,,8548.0,650000.0,,
08579X101,Not New,BERRY PETE CORP,519.0,45000.0,219.0,25000.0,-300.0,-20000.0
655844108,New Holding,NORFOLK SOUTHERN CORP,,,4672.0,25000.0,,
30744W107,New Holding,FARFETCH LTD,,,2018.0,75000.0,,
004285201,New Holding,ACAMAR PARTNERS ACQSITION CO,,,10000.0,1000000.0,,
733174700,New Holding,POPULAR INC,,,16728.0,320881.0,,
37518N114,Not New,GIGCAPITAL INC,163.0,250000.0,69.0,250000.0,-94.0,0.0
78486Q101,New Holding,SVB FINL GROUP,,,42248.0,190000.0,,
G89827128,Not New,TPG PACE HLDGS CORP,9216.0,900000.0,9000.0,900000.0,-216.0,0.0
743315103,Not New,PROGRESSIVE CORP OHIO,10814.0,150000.0,6033.0,100000.0,-4781.0,-50000.0
90184L102,New Holding,TWITTER INC,,,27126.0,825000.0,,
47215P106,New Holding,JD COM INC,,,41456.0,1375000.0,,
38046YAB7,Sold Out,GOLAR LNG LTD,5599.0,6000000.0,,,,
37518N122,Not New,GIGCAPITAL INC,53.0,187500.0,45.0,187500.0,-8.0,0.0
12528N107,New Holding,CF FIN ACQUISITION CORP,,,4950.0,500000.0,,
526057104,New Holding,LENNAR CORP,,,17427.0,355000.0,,
559663117,Not New,MAGNOLIA OIL & GAS CORP,2260.0,666667.0,2020.0,666667.0,-240.0,0.0
81728P113,Not New,SENTINEL ENERGY SVCS INC,110.0,166666.0,138.0,166666.0,28.0,0.0
