CUSIP,status,NAME OF ISSUER,(x$1000)_old,PRN AMT_old,(x$1000),PRN AMT,(x$1000)_change,PRN AMT_change
23291E117,Not New,DFB HEALTHCARE ACQUISTION CO,510.0,333333.0,433.0,333333.0,-77.0,0.0
535919401,Not New,LIONS GATE ENTMNT CORP,6074.0,249021.0,12627.0,508747.0,6553.0,259726.0
23291E109,Not New,DFB HEALTHCARE ACQUISTION CO,9610.0,1000000.0,9650.0,1000000.0,40.0,0.0
31421V107,Not New,FEDERAL STR ACQUISITION CORP,5035.0,500000.0,9770.0,1000000.0,4735.0,500000.0
651290108,New Holding,NEWFIELD EXPL CO,,,2162.0,75000.0,,
82481R106,Sold Out,SHIRE PLC,4186.0,24800.0,,,,
450828108,Sold Out,IBERIABANK CORP,4813.0,63497.0,,,,
87612G101,Sold Out,TARGA RES CORP,1980.0,40000.0,,,,
34986F111,New Holding,FORUM MERGER II CORP,,,290.0,500000.0,,
83416TAC4,New Holding,SOLARCITY CORP,,,5753.0,6500000.0,,
150870103,New Holding,CELANESE CORP DEL,,,2964.0,26000.0,,
60935Y208,Not New,MONEYGRAM INTL INC,425.0,79524.0,1038.0,155167.0,613.0,75643.0
26441C204,Not New,DUKE ENERGY CORP NEW,1040.0,13000.0,1186.0,15000.0,146.0,2000.0
559663109,New Holding,MAGNOLIA OIL & GAS CORP,,,23478.0,1564131.0,,
125269100,New Holding,CF INDS HLDGS INC,,,5444.0,100000.0,,
88023U101,New Holding,TEMPUR SEALY INTL INC,,,17193.0,325000.0,,
05501U106,Sold Out,AZUL S A,1636.0,100000.0,,,,
05501U106,Sold Out,AZUL S A,1636.0,100000.0,,,,
205887102,Sold Out,CONAGRA BRANDS INC,3573.0,100000.0,,,,
G6485P124,New Holding,NEW FRONTIER CORP,,,295.0,250000.0,,
13645T100,Sold Out,CANADIAN PAC RY LTD,6406.0,35000.0,,,,
552953101,Sold Out,MGM RESORTS INTERNATIONAL,3629.0,125000.0,,,,
L8681T102,Not New,SPOTIFY TECHNOLOGY S A,49728.0,275000.0,40378.0,240000.0,-9350.0,-35000.0
46428Q109,Not New,ISHARES SILVER TRUST,5094.0,371000.0,3030.0,200000.0,-2064.0,-171000.0
343412102,New Holding,FLUOR CORP NEW,,,2905.0,50000.0,,
892356106,Sold Out,TRACTOR SUPPLY CO,7649.0,100000.0,,,,
021346101,Not New,ALTABA INC,10218.0,150000.0,35507.0,485000.0,25289.0,335000.0
30231G102,New Holding,EXXON MOBIL CORP,,,3571.0,42000.0,,
91232N108,Sold Out,UNITED STATES OIL FUND LP,9789.0,650000.0,,,,
516806106,New Holding,LAREDO PETROLEUM INC,,,1130.0,138290.0,,
05577W200,New Holding,BRP INC,,,703.0,15000.0,,
36255F102,New Holding,GS ACQUISITION HLDGS CORP,,,14625.0,1500000.0,,
629076118,Not New,NEBULA ACQUISITION CORP,496.0,413333.0,620.0,413333.0,124.0,0.0
872656111,Sold Out,TPG PACE ENERGY HLDGS CORP,2292.0,833333.0,,,,
03076C106,Not New,AMERIPRISE FINL INC,55373.0,375000.0,27976.0,200000.0,-27397.0,-175000.0
913837100,Sold Out,UNIVERSAL STAINLESS & ALLOY,2722.0,115000.0,,,,
16411R208,Sold Out,CHENIERE ENERGY INC,25293.0,387983.0,,,,
172967424,Not New,CITIGROUP INC,6457.0,90000.0,5688.0,85000.0,-769.0,-5000.0
256746108,New Holding,DOLLAR TREE INC,,,16310.0,200000.0,,
256746108,New Holding,DOLLAR TREE INC,,,8155.0,100000.0,,
464286715,New Holding,ISHARES INC,,,3177.0,133422.0,,
01438T106,New Holding,ALDEYRA THERAPEUTICS INC,,,1035.0,75000.0,,
596278101,New Holding,MIDDLEBY CORP,,,6733.0,52052.0,,
254067101,New Holding,DILLARDS INC,,,13360.0,175000.0,,
Y7542C106,Not New,SCORPIO TANKERS INC,1261.0,627300.0,1763.0,627300.0,502.0,0.0
30212P303,New Holding,EXPEDIA GROUP INC,,,6524.0,50000.0,,
3621LQ109,New Holding,G1 THERAPEUTICS INC,,,1307.0,25000.0,,
237194105,Sold Out,DARDEN RESTAURANTS INC,14242.0,133027.0,,,,
N70544106,Not New,PLAYA HOTELS & RESORTS NV,963.0,100000.0,1080.0,100000.0,117.0,0.0
G66721104,New Holding,NORWEGIAN CRUISE LINE HLDG L,,,17803.0,310000.0,,
037833100,New Holding,APPLE INC,,,62801.0,278200.0,,
76131D103,Sold Out,RESTAURANT BRANDS INTL INC,15075.0,250000.0,,,,
420870115,Not New,HAYMAKER ACQUISITION CORP,156.0,125000.0,111.0,125000.0,-45.0,0.0
554382101,Sold Out,MACERICH CO,3923.0,69027.0,,,,
G0726L117,Not New,AVISTA HEALTHCARE PUB ACQ CO,298.0,1490000.0,685.0,1490000.0,387.0,0.0
303075105,New Holding,FACTSET RESH SYS INC,,,16778.0,75000.0,,
464287184,Not New,ISHARES TR,269766.0,6300000.0,77346.0,1800000.0,-192420.0,-4500000.0
G60754101,Not New,MICHAEL KORS HLDGS LTD,22282.0,325000.0,23310.0,350000.0,1028.0,25000.0
548661107,Sold Out,LOWES COS INC,9557.0,100000.0,,,,
831865209,New Holding,SMITH A O,,,817.0,15300.0,,
87236Y108,Sold Out,TD AMERITRADE HLDG CORP,8216.0,150000.0,,,,
02156K103,New Holding,ALTICE USA INC,,,9977.0,550000.0,,
189464100,Sold Out,CLOVIS ONCOLOGY INC,1137.0,25000.0,,,,
58933Y105,Sold Out,MERCK & CO INC,3035.0,50000.0,,,,
38286G208,New Holding,GORES HOLDINGS III INC,,,15330.0,1500000.0,,
654902204,New Holding,NOKIA CORP,,,3906.0,700000.0,,
67066G104,Sold Out,NVIDIA CORP,26059.0,110000.0,,,,
143658300,Sold Out,CARNIVAL CORP,10029.0,175000.0,,,,
06652N107,New Holding,BANK7 CORP,,,385.0,20000.0,,
594918104,Not New,MICROSOFT CORP,50323.0,440000.0,55715.0,565000.0,5392.0,125000.0
228368106,Sold Out,CROWN HOLDINGS INC,8952.0,200000.0,,,,
19459J104,Sold Out,COLLEGIUM PHARMACEUTICAL INC,596.0,25000.0,,,,
189464AC4,Not New,CLOVIS ONCOLOGY INC,1175.0,1500000.0,1378.0,1500000.0,203.0,0.0
949746101,Not New,WELLS FARGO CO NEW,26280.0,500000.0,48787.0,880000.0,22507.0,380000.0
21036P108,Not New,CONSTELLATION BRANDS INC,21562.0,100000.0,16415.0,75000.0,-5147.0,-25000.0
98936J101,New Holding,ZENDESK INC,,,15975.0,225000.0,,
47009K107,Sold Out,JAGGED PEAK ENERGY INC,977.0,75000.0,,,,
499049104,Sold Out,KNIGHT SWIFT TRANSN HLDGS IN,2866.0,75000.0,,,,
92672L107,Not New,VIEWRAY INC,1404.0,150000.0,519.0,75000.0,-885.0,-75000.0
526057302,Not New,LENNAR CORP,5775.0,150000.0,6404.0,150000.0,629.0,0.0
56585A102,New Holding,MARATHON PETE CORP,,,1200.0,15000.0,,
816851109,New Holding,SEMPRA ENERGY,,,13423.0,118000.0,,
Y37828111,Not New,HUNTER MARITIME ACQUISITION,6965.0,700000.0,6916.0,700000.0,-49.0,0.0
682189105,Sold Out,ON SEMICONDUCTOR CORP,8894.0,400000.0,,,,
02079K305,Not New,ALPHABET INC,74235.0,61500.0,53637.0,47500.0,-20598.0,-14000.0
247361702,Sold Out,DELTA AIR LINES INC DEL,8174.0,165000.0,,,,
90130A101,Not New,TWENTY FIRST CENTY FOX INC,8108.0,175000.0,19876.0,400000.0,11768.0,225000.0
90130A101,Not New,TWENTY FIRST CENTY FOX INC,8108.0,175000.0,19876.0,400000.0,11768.0,225000.0
98420N105,New Holding,XENON PHARMACEUTICALS INC,,,198.0,15000.0,,
69351T106,Sold Out,PPL CORP,1428.0,50000.0,,,,
04016X101,New Holding,ARGENX SE,,,1517.0,20000.0,,
G0750C108,Sold Out,AXALTA COATING SYS LTD,4078.0,134541.0,,,,
64110L106,New Holding,NETFLIX INC,,,55184.0,147500.0,,
57164Y107,New Holding,MARRIOTT VACATIONS WRLDWDE C,,,6705.0,60000.0,,
G3206V118,Not New,ESTRE AMBIENTAL INC,75.0,250000.0,100.0,250000.0,25.0,0.0
966387409,Not New,WHITING PETE CORP NEW,3607.0,68000.0,2372.0,45000.0,-1235.0,-23000.0
67103H107,New Holding,O REILLY AUTOMOTIVE INC NEW,,,17366.0,50000.0,,
74005P104,Not New,PRAXAIR INC,50630.0,315000.0,26886.0,170000.0,-23744.0,-145000.0
74005P104,Not New,PRAXAIR INC,50630.0,315000.0,40589.0,256650.0,-10041.0,-58350.0
74005P104,Not New,PRAXAIR INC,25241.0,157039.0,26886.0,170000.0,1645.0,12961.0
74005P104,Not New,PRAXAIR INC,25241.0,157039.0,40589.0,256650.0,15348.0,99611.0
23703Q203,New Holding,DAQO NEW ENERGY CORP,,,522.0,20000.0,,
G7126L100,Not New,PLATINUM EAGLE ACQUISITIN CO,11784.0,1200000.0,11760.0,1200000.0,-24.0,0.0
81727U105,Not New,SENSEONICS HLDGS INC,477.0,100000.0,719.0,175000.0,242.0,75000.0
00206R102,Not New,AT&T INC,6716.0,200000.0,6422.0,200000.0,-294.0,0.0
00206R102,Not New,AT&T INC,6716.0,200000.0,21193.0,660000.0,14477.0,460000.0
009158106,New Holding,AIR PRODS & CHEMS INC,,,7138.0,42732.0,,
29364G103,New Holding,ENTERGY CORP NEW,,,2191.0,27000.0,,
37045V100,Not New,GENERAL MTRS CO,3367.0,100000.0,3940.0,100000.0,573.0,0.0
37045V100,Not New,GENERAL MTRS CO,3367.0,100000.0,15760.0,400000.0,12393.0,300000.0
24665A103,New Holding,DELEK US HLDGS INC NEW,,,399.0,9400.0,,
G9381B108,New Holding,UROVANT SCIENCES LTD,,,360.0,30000.0,,
78516C114,Not New,SABAN CAP ACQUISITION CORP,825.0,750000.0,878.0,750000.0,53.0,0.0
249908AA2,Sold Out,DEPOMED INC,3265.0,4000000.0,,,,
803607100,Not New,SAREPTA THERAPEUTICS INC,808.0,5000.0,1190.0,9000.0,382.0,4000.0
285512109,Not New,ELECTRONIC ARTS INC,10242.0,85000.0,21153.0,150000.0,10911.0,65000.0
76680R206,New Holding,RINGCENTRAL INC,,,13492.0,145000.0,,
045396108,New Holding,ASSEMBLY BIOSCIENCES INC,,,371.0,10000.0,,
34986F103,New Holding,FORUM MERGER II CORP,,,4775.0,500000.0,,
G62848109,Not New,MOSAIC ACQUISITION CORP,10725.0,1100000.0,10648.0,1100000.0,-77.0,0.0
92686J106,Sold Out,VIKING THERAPEUTICS INC,949.0,100000.0,,,,
N97284108,Sold Out,YANDEX N V,40747.0,1135000.0,,,,
848574109,New Holding,SPIRIT AEROSYSTEMS HLDGS INC,,,5959.0,65000.0,,
025676206,Sold Out,AMERICAN EQTY INVT LIFE HLD,1484.0,41209.0,,,,
G8250R103,Not New,SOCIAL CAP HEDOSOPHIA HLDGS,4955.0,500000.0,5025.0,500000.0,70.0,0.0
38388F108,Not New,GRACE W R & CO DEL NEW,4359.0,61000.0,4472.0,61000.0,113.0,0.0
83001A102,Sold Out,SIX FLAGS ENTMT CORP NEW,14010.0,200000.0,,,,
701877102,Not New,PARSLEY ENERGY INC,6874.0,235000.0,1211.0,40000.0,-5663.0,-195000.0
232806109,Sold Out,CYPRESS SEMICONDUCTOR CORP,7401.0,475000.0,,,,
464286822,Sold Out,ISHARES INC,4714.0,100000.0,,,,
23284F105,New Holding,CYTOMX THERAPEUTICS INC,,,2313.0,125000.0,,
30303M102,Not New,FACEBOOK INC,9868.0,60000.0,78700.0,405000.0,68832.0,345000.0
060505104,Not New,BANK AMER CORP,2946.0,100000.0,4088.0,145000.0,1142.0,45000.0
060505104,Not New,BANK AMER CORP,4272.0,145000.0,4088.0,145000.0,-184.0,0.0
20605P101,New Holding,CONCHO RES INC,,,4277.0,28000.0,,
61174X109,Not New,MONSTER BEVERAGE CORP NEW,10199.0,175000.0,10028.0,175000.0,-171.0,0.0
60879B107,Not New,MOMO INC,10950.0,250000.0,41978.0,965000.0,31028.0,715000.0
G0726L125,Not New,AVISTA HEALTHCARE PUB ACQ CO,13081.0,1290000.0,12939.0,1290000.0,-142.0,0.0
690742101,Not New,OWENS CORNING NEW,5427.0,100000.0,4753.0,75000.0,-674.0,-25000.0
690742101,Not New,OWENS CORNING NEW,3799.0,70000.0,4753.0,75000.0,954.0,5000.0
74704P108,Sold Out,PUXIN LTD,2140.0,100000.0,,,,
816851505,New Holding,SEMPRA ENERGY,,,12656.0,125000.0,,
649445103,Not New,NEW YORK CMNTY BANCORP INC,1037.0,100000.0,1104.0,100000.0,67.0,0.0
46138K103,New Holding,INVESCO CURRENCYSHARES EURO,,,33348.0,300000.0,,
197641103,Not New,COLUMBIA FINL INC,1670.0,100000.0,1655.0,100000.0,-15.0,0.0
98954M200,Sold Out,ZILLOW GROUP INC,41342.0,700000.0,,,,
92211L105,Not New,VANTAGE ENERGY ACQUISITION,9940.0,1000000.0,9870.0,1000000.0,-70.0,0.0
143130102,Not New,CARMAX INC,18668.0,250000.0,27326.0,375000.0,8658.0,125000.0
80918TAB5,Not New,SCORPIO TANKERS INC,2573.0,3000000.0,3030.0,3000000.0,457.0,0.0
464288513,Sold Out,ISHARES TR,63810.0,750000.0,,,,
92243N202,Sold Out,VECTOIQ ACQUISITION CORP,5040.0,500000.0,,,,
13321L108,Sold Out,CAMECO CORP,4388.0,390000.0,,,,
302491303,New Holding,F M C CORP,,,2615.0,30000.0,,
05463X106,Not New,AXOGEN INC,921.0,25000.0,1256.0,25000.0,335.0,0.0
Y37828129,Not New,HUNTER MARITIME ACQUISITION,105.0,350000.0,151.0,350000.0,46.0,0.0
75615P103,New Holding,REATA PHARMACEUTICALS INC,,,1226.0,15000.0,,
364760108,Sold Out,GAP INC DEL,24293.0,750000.0,,,,
25179M103,Not New,DEVON ENERGY CORP NEW,25841.0,647000.0,33278.0,757000.0,7437.0,110000.0
777385105,New Holding,ROSEHILL RES INC,,,1525.0,250000.0,,
590479135,New Holding,MESA AIR GROUP INC,,,6017.0,434137.0,,
603380106,Not New,MINERVA NEUROSCIENCES INC,2292.0,182600.0,1650.0,200000.0,-642.0,17400.0
M46135105,New Holding,FOAMIX PHARMACEUTICALS LTD,,,860.0,150000.0,,
911363109,Not New,UNITED RENTALS INC,2045.0,12500.0,5905.0,40000.0,3860.0,27500.0
911363109,Not New,UNITED RENTALS INC,4571.0,27943.0,5905.0,40000.0,1334.0,12057.0
38000Q102,Not New,GLYCOMIMETICS INC,720.0,50000.0,1613.0,100000.0,893.0,50000.0
98919V105,Not New,ZAYO GROUP HLDGS INC,31248.0,900000.0,29184.0,800000.0,-2064.0,-100000.0
N53745100,Sold Out,LYONDELLBASELL INDUSTRIES N,1648.0,15000.0,,,,
81762P102,New Holding,SERVICENOW INC,,,4891.0,25000.0,,
670837103,New Holding,OGE ENERGY CORP,,,1453.0,40000.0,,
929089100,Not New,VOYA FINL INC,47187.0,950000.0,24675.0,525000.0,-22512.0,-425000.0
G7126L118,Not New,PLATINUM EAGLE ACQUISITIN CO,540.0,400000.0,560.0,400000.0,20.0,0.0
29269A102,New Holding,ENDOCYTE INC,,,444.0,25000.0,,
34553D101,Sold Out,FORESCOUT TECHNOLOGIES INC,17717.0,517122.0,,,,
69366J200,Not New,PTC THERAPEUTICS INC,4700.0,100000.0,3373.0,100000.0,-1327.0,0.0
846784114,New Holding,SPARTAN ENERGY ACQUISITON CO,,,7112.0,700000.0,,
168905107,New Holding,CHILDRENS PL INC,,,15975.0,125000.0,,
805111101,New Holding,SAVARA INC,,,1116.0,100000.0,,
02133L117,Not New,ALTA MESA RES INC,250.0,500000.0,700.0,500000.0,450.0,0.0
269246401,New Holding,E TRADE FINANCIAL CORP,,,19058.0,363775.0,,
723787107,Sold Out,PIONEER NAT RES CO,1325.0,7000.0,,,,
629076100,Not New,NEBULA ACQUISITION CORP,12078.0,1240000.0,11966.0,1240000.0,-112.0,0.0
G66964118,Not New,OCEAN RIG UDW INC,3116.0,90000.0,2653.0,90000.0,-463.0,0.0
90384S303,Not New,ULTA BEAUTY INC,14106.0,50000.0,5837.0,25000.0,-8269.0,-25000.0
00751Y106,Not New,ADVANCE AUTO PARTS INC,21041.0,125000.0,23748.0,175000.0,2707.0,50000.0
92243N111,New Holding,VECTOIQ ACQUISITION CORP,,,305.0,500000.0,,
12572Q105,Not New,CME GROUP INC,17877.0,105032.0,32999.0,201312.0,15122.0,96280.0
37954Y871,Sold Out,GLOBAL X FDS,3976.0,308905.0,,,,
76116A306,Sold Out,RESOLUTE ENERGY CORP,3578.0,114670.0,,,,
98138H101,Not New,WORKDAY INC,10949.0,75000.0,18774.0,155000.0,7825.0,80000.0
971375118,Sold Out,WILLSCOT CORP,3390.0,1500000.0,,,,
31421V115,Not New,FEDERAL STR ACQUISITION CORP,750.0,500000.0,625.0,500000.0,-125.0,0.0
26884L109,Not New,EQT CORP,36617.0,827871.0,69361.0,1256987.0,32744.0,429116.0
36165L108,Not New,GDS HLDGS LTD,92641.0,2637096.0,117836.0,2939290.0,25195.0,302194.0
78462F103,Not New,SPDR S&P 500 ETF TR,603244.0,2075000.0,40692.0,150000.0,-562552.0,-1925000.0
78462F103,Not New,SPDR S&P 500 ETF TR,603244.0,2075000.0,54256.0,200000.0,-548988.0,-1875000.0
78462F103,Not New,SPDR S&P 500 ETF TR,603244.0,2075000.0,25772.0,95000.0,-577472.0,-1980000.0
78462F103,Not New,SPDR S&P 500 ETF TR,94484.0,325000.0,40692.0,150000.0,-53792.0,-175000.0
78462F103,Not New,SPDR S&P 500 ETF TR,94484.0,325000.0,54256.0,200000.0,-40228.0,-125000.0
78462F103,Not New,SPDR S&P 500 ETF TR,94484.0,325000.0,25772.0,95000.0,-68712.0,-230000.0
464288281,New Holding,ISHARES TR,,,37748.0,350000.0,,
464287234,Not New,ISHARES TR,226403.0,5275000.0,225316.0,5200000.0,-1087.0,-75000.0
464287234,Not New,ISHARES TR,8584.0,200000.0,225316.0,5200000.0,216732.0,5000000.0
464287234,Not New,ISHARES TR,109317.0,2547000.0,225316.0,5200000.0,115999.0,2653000.0
817763105,Sold Out,SESEN BIO INC,195.0,100000.0,,,,
212015101,Sold Out,CONTINENTAL RESOURCES INC,2267.0,35000.0,,,,
48576U106,Not New,KARYOPHARM THERAPEUTICS INC,1703.0,100000.0,2549.0,150000.0,846.0,50000.0
30734W109,New Holding,FAR PT ACQUISITION CORP,,,4800.0,500000.0,,
05550J101,Not New,BJS WHSL CLUB HLDGS INC,4017.0,150000.0,1774.0,75000.0,-2243.0,-75000.0
292505104,New Holding,ENCANA CORP,,,3278.0,250000.0,,
257554105,Not New,DOMO INC,8934.0,416495.0,23683.0,867500.0,14749.0,451005.0
256677105,New Holding,DOLLAR GEN CORP NEW,,,16395.0,150000.0,,
37954Y848,Sold Out,GLOBAL X FDS,6506.0,225276.0,,,,
15189T107,New Holding,CENTERPOINT ENERGY INC,,,1383.0,50000.0,,
913017109,New Holding,UNITED TECHNOLOGIES CORP,,,7690.0,55000.0,,
G89827110,Not New,TPG PACE HLDGS CORP,525.0,300000.0,507.0,300000.0,-18.0,0.0
318672706,Not New,FIRST BANCORP P R,37598.0,4131661.0,73516.0,9609915.0,35918.0,5478254.0
G8250R129,Not New,SOCIAL CAP HEDOSOPHIA HLDGS,178.0,166666.0,300.0,166666.0,122.0,0.0
146869102,New Holding,CARVANA CO,,,2364.0,40000.0,,
11135F101,Sold Out,BROADCOM INC,26690.0,110000.0,,,,
00507V109,Sold Out,ACTIVISION BLIZZARD INC,22896.0,300000.0,,,,
57636Q104,Not New,MASTERCARD INCORPORATED,38957.0,175000.0,43234.0,220000.0,4277.0,45000.0
N47279109,Not New,INTERXION HOLDING N.V,33589.0,499090.0,31153.0,499090.0,-2436.0,0.0
57772K101,Sold Out,MAXIM INTEGRATED PRODS INC,2933.0,50000.0,,,,
462260100,Not New,IOVANCE BIOTHERAPEUTICS INC,1406.0,125000.0,640.0,50000.0,-766.0,-75000.0
G4412G101,Sold Out,HERBALIFE NUTRITION LTD,3492.0,65000.0,,,,
G5876H105,Not New,MARVELL TECHNOLOGY GROUP LTD,9650.0,500000.0,9862.0,460000.0,212.0,-40000.0
79466L302,Not New,SALESFORCE COM INC,11927.0,75000.0,17050.0,125000.0,5123.0,50000.0
78464A698,Sold Out,SPDR SERIES TRUST,6100.0,100000.0,,,,
872656103,Sold Out,TPG PACE ENERGY HLDGS CORP,25001.0,2300000.0,,,,
68404V100,Not New,OPTINOSE INC,373.0,30000.0,839.0,30000.0,466.0,0.0
87612E106,Sold Out,TARGET CORP,32351.0,425000.0,,,,
26875P101,New Holding,EOG RES INC,,,6761.0,53000.0,,
574599106,Sold Out,MASCO CORP,5613.0,150000.0,,,,
44109J114,Not New,HOSTESS BRANDS INC,212.0,200000.0,340.0,200000.0,128.0,0.0
92826C839,Not New,VISA INC,41275.0,275000.0,19868.0,150000.0,-21407.0,-125000.0
V7780T103,Not New,ROYAL CARIBBEAN CRUISES LTD,19491.0,150000.0,10360.0,100000.0,-9131.0,-50000.0
30063PAA3,Sold Out,EXACT SCIENCES CORP,1584.0,1500000.0,,,,
78516C106,Not New,SABAN CAP ACQUISITION CORP,15195.0,1500000.0,15150.0,1500000.0,-45.0,0.0
291011104,Sold Out,EMERSON ELEC CO,4148.0,60000.0,,,,
232109108,Sold Out,CUTERA INC,1209.0,30000.0,,,,
923454102,New Holding,VERITIV CORP,,,2730.0,75000.0,,
032654105,Sold Out,ANALOG DEVICES INC,19184.0,200000.0,,,,
874080104,Sold Out,TAL ED GROUP,20240.0,550000.0,,,,
81369Y605,Sold Out,SELECT SECTOR SPDR TR,241195.0,9070900.0,,,,
61945C103,New Holding,MOSAIC CO NEW,,,4872.0,150000.0,,
61945C103,New Holding,MOSAIC CO NEW,,,1624.0,50000.0,,
G18920127,Not New,CAPITOL INVT CORP IV,174.0,116666.0,163.0,116666.0,-11.0,0.0
G6485P116,Sold Out,NEW FRONTIER CORP,5025.0,500000.0,,,,
105532105,New Holding,BRASKEM S A,,,1444.0,50000.0,,
30734W117,New Holding,FAR PT ACQUISITION CORP,,,275.0,166666.0,,
337932107,New Holding,FIRSTENERGY CORP,,,1859.0,50000.0,,
42809H107,Sold Out,HESS CORP,2943.0,44000.0,,,,
743187106,New Holding,PROGENICS PHARMACEUTICALS IN,,,627.0,100000.0,,
45685L100,Sold Out,INFRAREIT INC,355.0,16000.0,,,,
94419L101,New Holding,WAYFAIR INC,,,3692.0,25000.0,,
35671D857,New Holding,FREEPORT-MCMORAN INC,,,1392.0,100000.0,,
35671D857,New Holding,FREEPORT-MCMORAN INC,,,3132.0,225000.0,,
344849104,Sold Out,FOOT LOCKER INC,19744.0,375000.0,,,,
26078J100,Sold Out,DOWDUPONT INC,8899.0,135000.0,,,,
M84920103,Sold Out,STEADYMED LTD,1013.0,225000.0,,,,
811292101,Not New,SCYNEXIS INC,270.0,225000.0,369.0,225000.0,99.0,0.0
82900L110,Not New,SIMPLY GOOD FOODS CO,2534.0,299900.0,1254.0,299900.0,-1280.0,0.0
886547108,New Holding,TIFFANY & CO NEW,,,9673.0,75000.0,,
G46408103,Not New,HUDSON LTD,1128.0,50000.0,17490.0,1000000.0,16362.0,950000.0
30734W208,Sold Out,FAR PT ACQUISITION CORP,5095.0,500000.0,,,,
01609W102,Not New,ALIBABA GROUP HLDG LTD,41967.0,254717.0,55659.0,300000.0,13692.0,45283.0
459506101,New Holding,INTERNATIONAL FLAVORS&FRAGRA,,,4174.0,30000.0,,
22822V101,Sold Out,CROWN CASTLE INTL CORP NEW,21564.0,200000.0,,,,
30050B101,Sold Out,EVOLENT HEALTH INC,1053.0,50000.0,,,,
67077M108,New Holding,NUTRIEN LTD,,,9809.0,170000.0,,
281020107,Not New,EDISON INTL,2301.0,34000.0,2151.0,34000.0,-150.0,0.0
G59665102,Sold Out,MEIRAGTX HOLDINGS PLC,1146.0,100000.0,,,,
420870107,Not New,HAYMAKER ACQUISITION CORP,2453.0,250000.0,2455.0,250000.0,2.0,0.0
878742204,New Holding,TECK RESOURCES LTD,,,3615.0,150000.0,,
680665205,New Holding,OLIN CORP,,,6197.0,241313.0,,
49435R102,New Holding,KIMBELL RTY PARTNERS LP,,,1962.0,100000.0,,
G51502105,New Holding,JOHNSON CTLS INTL PLC,,,4869.0,139100.0,,
872590104,Not New,T MOBILE US INC,21054.0,300000.0,26888.0,450000.0,5834.0,150000.0
244199105,Sold Out,DEERE & CO,11184.0,80000.0,,,,
N6596X109,Sold Out,NXP SEMICONDUCTORS N V,234499.0,2146050.0,,,,
N6596X109,Sold Out,NXP SEMICONDUCTORS N V,38245.0,350000.0,,,,
22943F100,Sold Out,CTRIP COM INTL LTD,9526.0,200000.0,,,,
23334L102,Not New,DSW INC,9317.0,275000.0,7746.0,300000.0,-1571.0,25000.0
907818108,New Holding,UNION PAC CORP,,,5699.0,35000.0,,
874054109,Sold Out,TAKE-TWO INTERACTIVE SOFTWAR,10061.0,85000.0,,,,
46090E103,Not New,INVESCO QQQ TR,464475.0,2500000.0,240310.0,1400000.0,-224165.0,-1100000.0
46090E103,Not New,INVESCO QQQ TR,52021.0,280000.0,240310.0,1400000.0,188289.0,1120000.0
92211L113,Not New,VANTAGE ENERGY ACQUISITION,450.0,333333.0,433.0,333333.0,-17.0,0.0
92243N103,New Holding,VECTOIQ ACQUISITION CORP,,,4765.0,500000.0,,
36164Y101,Not New,GCP APPLIED TECHNOLOGIES INC,73839.0,2781112.0,7238.0,250000.0,-66601.0,-2531112.0
36164Y101,Not New,GCP APPLIED TECHNOLOGIES INC,73839.0,2781112.0,80513.0,2781112.0,6674.0,0.0
36315X101,New Holding,GALAPAGOS NV,,,1686.0,15000.0,,
256163106,New Holding,DOCUSIGN INC,,,10514.0,200000.0,,
345605109,Sold Out,FOREST CITY RLTY TR INC,5360.0,235000.0,,,,
00724F101,Not New,ADOBE SYS INC,18897.0,70000.0,19505.0,80000.0,608.0,10000.0
78464A870,New Holding,SPDR SERIES TRUST,,,12942.0,135000.0,,
G16962105,Not New,BUNGE LIMITED,1193.0,17365.0,5833.0,83674.0,4640.0,66309.0
87336U105,New Holding,TABLEAU SOFTWARE INC,,,8381.0,75000.0,,
032511107,Not New,ANADARKO PETE CORP,3236.0,48000.0,2491.0,34000.0,-745.0,-14000.0
36555P107,New Holding,GARDNER DENVER HLDGS INC,,,2126.0,75000.0,,
55608B105,Not New,MACQUARIE INFRASTRUCTURE COR,9226.0,200000.0,8440.0,200000.0,-786.0,0.0
438516106,Sold Out,HONEYWELL INTL INC,2161.0,15000.0,,,,
G0751N103,Not New,ATLANTICA YIELD PLC,12436.0,604300.0,12195.0,604300.0,-241.0,0.0
02553E106,Sold Out,AMERICAN EAGLE OUTFITTERS NE,16856.0,725000.0,,,,
69404D108,New Holding,PACIFIC BIOSCIENCES CALIF IN,,,676.0,125000.0,,
703481101,Not New,PATTERSON UTI ENERGY INC,1198.0,70000.0,4086.0,227000.0,2888.0,157000.0
G8062D110,Not New,SENTINEL ENERGY SVCS INC,213.0,166666.0,167.0,166666.0,-46.0,0.0
78464A730,Not New,SPDR SERIES TRUST,11688.0,270000.0,8612.0,200000.0,-3076.0,-70000.0
78464A730,Not New,SPDR SERIES TRUST,19481.0,450000.0,8612.0,200000.0,-10869.0,-250000.0
96812T102,New Holding,WILDHORSE RESOURCE DEV CORP,,,946.0,40000.0,,
32008D106,Not New,FIRST DATA CORP NEW,91151.0,3725000.0,31395.0,1500000.0,-59756.0,-2225000.0
19626G108,Not New,COLONY CAP INC NEW,914.0,150000.0,936.0,150000.0,22.0,0.0
36197T103,Not New,GW PHARMACEUTICALS PLC,3455.0,20000.0,2791.0,20000.0,-664.0,0.0
G4182A102,Not New,GTY TECHNOLOGY HOLDINGS INC,16224.0,1600000.0,16096.0,1600000.0,-128.0,0.0
382867109,Not New,GORES HLDGS II INC,7965.0,750000.0,15255.0,1500000.0,7290.0,750000.0
595017104,Sold Out,MICROCHIP TECHNOLOGY INC,18654.0,205100.0,,,,
70788V102,New Holding,PENN VA CORP NEW,,,1369.0,17000.0,,
74275G107,New Holding,PRIORITY TECHNOLOGY HLDGS IN,,,2525.0,260000.0,,
H8817H100,Sold Out,TRANSOCEAN LTD,2110.0,157000.0,,,,
767204100,New Holding,RIO TINTO PLC,,,2551.0,50000.0,,
05990K106,Sold Out,BANC OF CALIFORNIA INC,9775.0,500000.0,,,,
524643111,Not New,LEGACY ACQUISITION CORP,223.0,500000.0,215.0,500000.0,-8.0,0.0
06746L422,Not New,BARCLAYS BK PLC,28361.0,1063400.0,15725.0,425000.0,-12636.0,-638400.0
G6485P108,New Holding,NEW FRONTIER CORP,,,4810.0,500000.0,,
92189F106,Not New,VANECK VECTORS ETF TR,3704.0,200000.0,4462.0,200000.0,758.0,0.0
92189F106,Not New,VANECK VECTORS ETF TR,5717.0,308703.0,4462.0,200000.0,-1255.0,-108703.0
971375126,New Holding,WILLSCOT CORP,,,2573.0,150000.0,,
524643103,Not New,LEGACY ACQUISITION CORP,4865.0,500000.0,4810.0,500000.0,-55.0,0.0
37518N106,Not New,GIGCAPITAL INC,2495.0,250000.0,2465.0,250000.0,-30.0,0.0
48661U110,Not New,KAYNE ANDERSON ACQUISITION,695.0,500000.0,600.0,500000.0,-95.0,0.0
00810B105,Not New,AERPIO PHARMACEUTICALS INC,309.0,100000.0,415.0,100000.0,106.0,0.0
090040106,New Holding,BILIBILI INC,,,12806.0,950000.0,,
751212101,New Holding,RALPH LAUREN CORP,,,17194.0,125000.0,,
G81477104,Not New,SINA CORP,12159.0,175000.0,21173.0,250000.0,9014.0,75000.0
086516101,Sold Out,BEST BUY INC,11187.0,150000.0,,,,
023135106,Not New,AMAZON COM INC,156234.0,78000.0,154682.0,91000.0,-1552.0,13000.0
67059N108,Not New,NUTANIX INC,4157.0,97300.0,7736.0,150000.0,3579.0,52700.0
101044105,Not New,BOSTON OMAHA CORP,1944.0,65000.0,1580.0,75000.0,-364.0,10000.0
90238J103,Not New,TYME TECHNOLOGIES INC,417.0,150000.0,474.0,150000.0,57.0,0.0
98212B103,Sold Out,WPX ENERGY INC,2614.0,145000.0,,,,
565849106,Not New,MARATHON OIL CORP,6402.0,275000.0,2962.0,142000.0,-3440.0,-133000.0
227046109,New Holding,CROCS INC,,,3575.0,167900.0,,
13057Q206,Not New,CALIFORNIA RES CORP,1213.0,25000.0,2499.0,55000.0,1286.0,30000.0
36255F110,New Holding,GS ACQUISITION HLDGS CORP,,,825.0,500000.0,,
089302103,New Holding,BIG LOTS INC,,,10448.0,250000.0,,
981558109,New Holding,WORLDPAY INC,,,20254.0,200000.0,,
608550109,New Holding,MOLECULAR TEMPLATES INC,,,270.0,50000.0,,
20030N101,Sold Out,COMCAST CORP NEW,3281.0,100000.0,,,,
20030N101,Sold Out,COMCAST CORP NEW,4922.0,150000.0,,,,
674215108,Sold Out,OASIS PETE INC NEW,3722.0,287000.0,,,,
670346105,New Holding,NUCOR CORP,,,2998.0,47244.0,,
70450Y103,New Holding,PAYPAL HLDGS INC,,,15372.0,175000.0,,
171798101,New Holding,CIMAREX ENERGY CO,,,1208.0,13000.0,,
595112103,Sold Out,MICRON TECHNOLOGY INC,9701.0,185000.0,,,,
89853L104,Sold Out,T2 BIOSYSTEMS INC,271.0,35000.0,,,,
G8062D102,Not New,SENTINEL ENERGY SVCS INC,4950.0,500000.0,4925.0,500000.0,-25.0,0.0
693656100,Not New,PVH CORP,71839.0,497500.0,18715.0,125000.0,-53124.0,-372500.0
088606108,New Holding,BHP BILLITON LTD,,,4839.0,97086.0,,
46146L101,Not New,INVESTORS BANCORP INC NEW,4547.0,370576.0,3749.0,293083.0,-798.0,-77493.0
G4182A128,Sold Out,GTY TECHNOLOGY HOLDINGS INC,1178.0,942666.0,,,,
17142R202,New Holding,CHURCHILL CAP CORP,,,10150.0,1000000.0,,
74386T105,Not New,PROVIDENT FINL SVCS INC,6503.0,264894.0,7293.0,264894.0,790.0,0.0
30227M105,New Holding,EXTRACTION OIL AND GAS INC,,,452.0,40000.0,,
G62848125,Not New,MOSAIC ACQUISITION CORP,477.0,366666.0,440.0,366666.0,-37.0,0.0
49446R109,Sold Out,KIMCO RLTY CORP,1699.0,100000.0,,,,
98978L204,New Holding,ZOGENIX INC,,,1488.0,30000.0,,
896522109,Not New,TRINITY INDS INC,2748.0,75000.0,4111.0,120000.0,1363.0,45000.0
G18920101,Not New,CAPITOL INVT CORP IV,3469.0,350000.0,3455.0,350000.0,-14.0,0.0
08579X101,New Holding,BERRY PETE CORP,,,1057.0,60000.0,,
655844108,New Holding,NORFOLK SOUTHERN CORP,,,10830.0,60000.0,,
48661U102,Not New,KAYNE ANDERSON ACQUISITION,15240.0,1500000.0,14850.0,1500000.0,-390.0,0.0
382867117,Not New,GORES HLDGS II INC,1147.0,533333.0,987.0,533333.0,-160.0,0.0
37518N114,Not New,GIGCAPITAL INC,133.0,250000.0,113.0,250000.0,-20.0,0.0
78486Q101,Not New,SVB FINL GROUP,69937.0,225000.0,43314.0,150000.0,-26623.0,-75000.0
G89827128,Not New,TPG PACE HLDGS CORP,9063.0,900000.0,8937.0,900000.0,-126.0,0.0
400110102,Not New,GRUBHUB INC,3604.0,26000.0,9966.0,95000.0,6362.0,69000.0
90184L102,Sold Out,TWITTER INC,4367.0,100000.0,,,,
47215P106,New Holding,JD COM INC,,,13045.0,500000.0,,
136375102,Sold Out,CANADIAN NATL RY CO,3270.0,40000.0,,,,
38046YAB7,Not New,GOLAR LNG LTD,6270.0,6000000.0,6503.0,6000000.0,233.0,0.0
37518N122,Not New,GIGCAPITAL INC,93.0,187500.0,84.0,187500.0,-9.0,0.0
20825C104,Not New,CONOCOPHILLIPS,3406.0,44000.0,2994.0,43000.0,-412.0,-1000.0
526057104,New Holding,LENNAR CORP,,,2335.0,50000.0,,
559663117,New Holding,MAGNOLIA OIL & GAS CORP,,,3917.0,833333.0,,
51476W115,Not New,LANDCADIA HLDGS INC,655.0,550000.0,457.0,550000.0,-198.0,0.0
876030107,New Holding,TAPESTRY INC,,,11311.0,225000.0,,
36255F201,Sold Out,GS ACQUISITION HOLDINGS CORP,15375.0,1500000.0,,,,
505743104,Not New,LADDER CAP CORP,4235.0,250000.0,3905.0,250000.0,-330.0,0.0
