CUSIP,status,NAME OF ISSUER,(x$1000)_old,PRN AMT_old,(x$1000),PRN AMT,(x$1000)_change,PRN AMT_change
651290108,Sold Out,NEWFIELD EXPLORATION CO,5474.0,200000.0,,,,
464287432,Not New,ISHARES LEHMAN 20+ YR TREAS,40744.0,400000.0,10640.0,100000.0,-30104.0,-300000.0
05965X109,Not New,Banco Santander Chile,2716.0,115250.0,3030.0,115250.0,314.0,0.0
228227104,New Holding,CROWN CASTLE INTL CORP,,,496.0,6752.0,,
428291108,New Holding,HEXCEL CORP,,,3352.0,75000.0,,
354613101,Sold Out,FRANKLIN RESOURCES INC,5055.0,100000.0,,,,
880779103,Sold Out,TEREX CORP,3777.0,112400.0,,,,
880779103,Sold Out,TEREX CORP,8400.0,250000.0,,,,
60935Y208,Not New,MONEYGRAM INTERNATIONAL INC,1288.0,61975.0,1213.0,61975.0,-75.0,0.0
92342Y109,New Holding,VERIFONE HOLDINGS INC,,,2379.0,88700.0,,
48242W106,New Holding,KBR INC,,,15945.0,500000.0,,
G2519Y108,Not New,CREDICORP LTD,5090.0,38350.0,3000.0,23350.0,-2090.0,-15000.0
125269100,Not New,CF INDUSTRIES HOLDINGS INC,7644.0,32800.0,4217.0,20000.0,-3427.0,-12800.0
88023U101,Sold Out,TEMPUR-PEDIC INTERNATIONAL,879.0,20000.0,,,,
432589109,Not New,Hillshire Brands Co,10450.0,312500.0,6148.0,200000.0,-4302.0,-112500.0
12621E103,Sold Out,CONSECO INC,2160.0,150000.0,,,,
375916103,New Holding,GILDAN ACTIVEWEAR INC,,,2666.0,50000.0,,
205363104,Sold Out,COMPutER SCIENCES CORP,776.0,15000.0,,,,
372284208,New Holding,Genie Energy Ltd,,,1021.0,100000.0,,
13645T100,New Holding,CANADIAN PACIFIC RAILWAY LTD,,,10592.0,70000.0,,
892331307,New Holding,TOYOTA MOTOR CORP,,,9754.0,80000.0,,
399473107,Sold Out,Groupon Inc,5437.0,485000.0,,,,
528872104,New Holding,LEXICON PHARMACEUTICALS INC,,,270.0,150000.0,,
665531109,Sold Out,NORTHERN OIL AND,4329.0,300000.0,,,,
343412102,Not New,FLUOR CORP,803.0,10000.0,2129.0,30000.0,1326.0,20000.0
559222401,Sold Out,MAGNA INTERNATIONAL INC-CL A,826.0,10000.0,,,,
53071M880,New Holding,Liberty Ventures,,,7355.0,60000.0,,
53071M104,Not New,LIBERTY MEDIA-INTERACTIVE A,538.0,18315.0,496.0,21128.0,-42.0,2813.0
00817Y108,Sold Out,AETNA INC,499.0,7793.0,,,,
760276105,Not New,REPUBLIC AIRWAYS HOLDINGS IN,802.0,75000.0,893.0,75000.0,91.0,0.0
05367P100,Sold Out,AVID TECHNOLOGY INC,1200.0,200000.0,,,,
216831107,Sold Out,COOPER TIRE & RUBBER,6160.0,200000.0,,,,
216831107,Sold Out,COOPER TIRE & RUBBER,14538.0,472029.0,,,,
257559203,Sold Out,DOMTAR CORP,5957.0,75000.0,,,,
53217V109,Not New,LIFE TECHNOLOGIES CORP,501.0,6612.0,506.0,6767.0,5.0,155.0
37045V134,Not New,GENERAL MOTORS CORP,14493.0,2616007.0,11808.0,2952000.0,-2685.0,335993.0
460146103,Not New,INTERNATIONAL PAPER CO,2010.0,41000.0,11200.0,250000.0,9190.0,209000.0
25470F104,Sold Out,DISCOVERY COMMUNICATIONS LLC,1688.0,20000.0,,,,
90130A200,Sold Out,Twenty-First Century Fox Inc CL B,36936.0,1105881.0,,,,
368682100,Sold Out,GENCORP INC,850.0,53000.0,,,,
931142103,New Holding,WAL-MART STORES INC,,,1967.0,25000.0,,
66704R100,Not New,NORTHSTAR REALTY FINANCE COR,21789.0,1620000.0,4640.0,500000.0,-17149.0,-1120000.0
66704R100,Not New,NORTHSTAR REALTY FINANCE COR,21789.0,1620000.0,12303.0,1325800.0,-9486.0,-294200.0
03076C106,Not New,AMERIPRISE FINANCIAL INC,28763.0,250000.0,11385.0,125000.0,-17378.0,-125000.0
16411R208,Sold Out,CHENIERE ENERGY INC,4820.0,141189.0,,,,
172967424,Not New,CITIGROUP INC,5211.0,100000.0,5334.0,109956.0,123.0,9956.0
172967424,Not New,CITIGROUP INC,68255.0,1309821.0,5334.0,109956.0,-62921.0,-1199865.0
256746108,Not New,DOLLAR TREE STORES INC,17540.0,310875.0,28457.0,497850.0,10917.0,186975.0
718172109,Not New,PHILIP MORRIS INTERNAT,2178.0,25000.0,6494.0,75000.0,4316.0,50000.0
254067101,New Holding,DILLARDS INC-CL A,,,2090.0,21500.0,,
208242107,Not New,CONN'S INC,11903.0,151260.0,2502.0,50000.0,-9401.0,-101260.0
208242107,Not New,CONN'S INC,11903.0,151260.0,9726.0,194413.0,-2177.0,43153.0
30212P303,Not New,EXPEDIA INC,9683.0,139000.0,3109.0,60000.0,-6574.0,-79000.0
16117M305,Not New,CHARTER COMMUNICATIONS-CL A,518.0,3788.0,525.0,3898.0,7.0,110.0
09072Q114,Not New,BioAmber Inc,186.0,255000.0,204.0,255000.0,18.0,0.0
171779309,Sold Out,CIENA CORP,2501.0,100000.0,,,,
G27823106,Sold Out,Delphi Automotive PLC,8179.0,140000.0,,,,
52748T203,New Holding,Levy Acquisition Corp,,,5005.0,500000.0,,
131347304,New Holding,CALPINE CORP,,,7804.0,400000.0,,
81369Y704,Not New,INDUSTRIAL SELECT SECT SPDR,10621.0,203228.0,92740.0,2000000.0,82119.0,1796772.0
81369Y704,Not New,INDUSTRIAL SELECT SECT SPDR,10621.0,203228.0,4637.0,100000.0,-5984.0,-103228.0
84649R200,Not New,SPANSION INC-A,2112.0,152020.0,1534.0,152020.0,-578.0,0.0
489398107,New Holding,Kennedy-Wilson Holdings Inc,,,2225.0,100000.0,,
518439104,Sold Out,ESTEE LAUDER COMPANIES-CL A,7340.0,105000.0,,,,
531229102,Not New,Liberty Media Corp,496.0,3391.0,506.0,3442.0,10.0,51.0
055622104,Sold Out,BP PLC,18914.0,450000.0,,,,
84265V105,New Holding,SOUTHERN COPPER CORP ..,,,646.0,22500.0,,
037833100,Not New,APPLE INC.,66308.0,118192.0,7651.0,16049.0,-58657.0,-102143.0
30281V108,New Holding,FTD Cos Inc,,,1629.0,50000.0,,
63009F105,Sold Out,Nanosphere Inc,150.0,75000.0,,,,
912909108,New Holding,USX-U S. STEEL GROUP,,,590.0,20000.0,,
86722A103,Not New,SunCoke Energy Inc,9124.0,400000.0,10200.0,600000.0,1076.0,200000.0
86722A103,Not New,SunCoke Energy Inc,9124.0,400000.0,2935.0,172621.0,-6189.0,-227379.0
86722A103,Not New,SunCoke Energy Inc,2794.0,122500.0,10200.0,600000.0,7406.0,477500.0
86722A103,Not New,SunCoke Energy Inc,2794.0,122500.0,2935.0,172621.0,141.0,50121.0
675746309,Not New,OCWEN FINANCIAL CORP,16635.0,300000.0,27885.0,500000.0,11250.0,200000.0
675746309,Not New,OCWEN FINANCIAL CORP,16635.0,300000.0,15337.0,275000.0,-1298.0,-25000.0
L0175J104,Not New,Altisource Portfolio Solutions.,30140.0,190000.0,28002.0,200000.0,-2138.0,10000.0
260543103,New Holding,DOW CHEMICAL,,,4440.0,100000.0,,
09062X103,Sold Out,BIOGEN IDEC INC.,2408.0,10000.0,,,,
827694209,Not New,Silver Eagle Acquisition Corp,12500.0,1250000.0,12688.0,1250000.0,188.0,0.0
02076X102,New Holding,ALPHA NATURAL RESOURCES INC,,,1000.0,140000.0,,
55262C100,Not New,MBIA INC,6547.0,548300.0,11332.0,1107756.0,4785.0,559456.0
78464A714,Not New,SPDR SP RETAIL ETF,2203.0,25000.0,10259.0,125000.0,8056.0,100000.0
534187109,Not New,LINCOLN NATIONAL CORP,20648.0,400000.0,7348.0,175000.0,-13300.0,-225000.0
756577102,Sold Out,RED HAT INC,3461.0,75000.0,,,,
68554V108,Not New,ORASURE TECHNOLOGIES INC,944.0,150000.0,1503.0,250000.0,559.0,100000.0
521865204,Not New,LEAR CORP,810.0,10000.0,2863.0,40000.0,2053.0,30000.0
91911K102,Not New,VALEANT PHARMACEUTICALS INTE,552.0,4706.0,509.0,4880.0,-43.0,174.0
405217100,Sold Out,HAIN CELESTIAL GROUP INC,2314.0,30000.0,,,,
464287184,Not New,FTSE China 25 Index,19175.0,500000.0,3708.0,100000.0,-15467.0,-400000.0
464287184,Not New,FTSE China 25 Index,19175.0,500000.0,37080.0,1000000.0,17905.0,500000.0
464287184,Not New,FTSE China 25 Index,12617.0,329000.0,3708.0,100000.0,-8909.0,-229000.0
464287184,Not New,FTSE China 25 Index,12617.0,329000.0,37080.0,1000000.0,24463.0,671000.0
464287184,Not New,FTSE China 25 Index,95875.0,2500000.0,3708.0,100000.0,-92167.0,-2400000.0
464287184,Not New,FTSE China 25 Index,95875.0,2500000.0,37080.0,1000000.0,-58795.0,-1500000.0
G60754101,Not New,Michael Kors Holdings Ltd,11590.0,142750.0,42737.0,573500.0,31147.0,430750.0
G6648D109,New Holding,Home Loan Servicing Solutions,,,1029.0,44794.0,,
548661107,Not New,LOWE'S COS INC,10096.0,203750.0,33327.0,700000.0,23231.0,496250.0
548661107,Not New,LOWE'S COS INC,10096.0,203750.0,476.0,10000.0,-9620.0,-193750.0
05329W102,New Holding,AUTONATION INC,,,4224.0,85000.0,,
917047102,Not New,URBAN OUTFITTERS INC.,760.0,20484.0,1839.0,50000.0,1079.0,29516.0
013904305,Sold Out,ALCATEL-LUCENT,1236.0,350000.0,,,,
45817G102,Not New,INTELLI-CHECK-MOBILISA INC,100.0,200000.0,114.0,200000.0,14.0,0.0
149123101,New Holding,Caterpillar Inc,,,19524.0,215000.0,,
24823QAC1,New Holding,DENDREON CORP 2.875% 01/15/2016,,,1588.0,2500000.0,,
58933Y105,Not New,MERCK CO. INC,25025.0,500000.0,58465.0,1228000.0,33440.0,728000.0
58933Y105,Not New,MERCK CO. INC,501.0,10000.0,58465.0,1228000.0,57964.0,1218000.0
79970Y105,Sold Out,SANCHEZ ENERGY CORP,3888.0,147209.0,,,,
92220P105,Sold Out,VARIAN MEDICAL SYSTEMS INC,747.0,10000.0,,,,
903293405,Sold Out,USG CORP,3736.0,130727.0,,,,
02917T104,New Holding,American Realty Capital Proper,,,3213.0,250000.0,,
693320202,Sold Out,PHH CORP,10683.0,450000.0,,,,
836034108,New Holding,SOUFUN HOLDINGS LTD-ADR,,,11620.0,141000.0,,
594918104,Not New,MICROSOFT CORP,5927.0,158434.0,9984.0,300000.0,4057.0,141566.0
594918104,Not New,MICROSOFT CORP,5927.0,158434.0,3845.0,115523.0,-2082.0,-42911.0
55616P104,Sold Out,MACY'S INC.,2164.0,50000.0,,,,
H89128104,Not New,TYCO INTERNATIONAL LTD,16416.0,400000.0,13992.0,400000.0,-2424.0,0.0
H5833N103,Sold Out,NOBLE CORP,11331.0,300000.0,,,,
H5833N103,Sold Out,NOBLE CORP,12275.0,325000.0,,,,
881609101,Not New,TESORO CORP,9407.0,160800.0,6597.0,150000.0,-2810.0,-10800.0
881609101,Not New,TESORO CORP,9407.0,160800.0,11875.0,270000.0,2468.0,109200.0
59001K100,Sold Out,Meritor Inc,1572.0,200000.0,,,,
772739207,New Holding,ROCK-TENN COMPANY -CL A,,,5461.0,52000.0,,
73755L107,New Holding,POTASH CORP OF SASKATCHEWAN,,,3296.0,100000.0,,
966244105,Not New,WhiteWave Foods Co,4588.0,200000.0,5492.0,275000.0,904.0,75000.0
307000109,Sold Out,FAMILY DOLLAR STORES,2161.0,30000.0,,,,
521863308,Sold Out,LEAP WIRELESS INTL INC,3081.0,195000.0,,,,
521863308,Sold Out,LEAP WIRELESS INTL INC,4740.0,300000.0,,,,
949746101,Not New,WELLS FARGO COMPANY,522.0,11494.0,494.0,11953.0,-28.0,459.0
464288752,Not New,ISHARES DJ US HOME CONSTRUCT,21611.0,870000.0,3351.0,150000.0,-18260.0,-720000.0
464288752,Not New,ISHARES DJ US HOME CONSTRUCT,21611.0,870000.0,22340.0,1000000.0,729.0,130000.0
21036P108,Not New,CONSTELLATION BRANDS INC-A,15132.0,215000.0,7462.0,130000.0,-7670.0,-85000.0
171871106,New Holding,CINCINNATI BELL INC,,,1032.0,290000.0,,
698354107,Sold Out,Pandora Media Inc,5654.0,225000.0,,,,
388689101,Sold Out,Graphic Packaging Holding Co,3852.0,450000.0,,,,
464287556,New Holding,ISHARES NASDAQ BIOTECH INDX,,,19516.0,85996.0,,
740189105,Sold Out,PRECISION CASTPARTS CORP,2272.0,10000.0,,,,
281736108,Sold Out,Edwards Group Ltd,493.0,50000.0,,,,
G5480U104,Not New,LIBERTY GLOBAL INC-A,526.0,5911.0,5671.0,71463.0,5145.0,65552.0
98978V103,Sold Out,Zoetis Inc,496.0,15950.0,,,,
49456B119,Sold Out,KINDER MORGAN INC,4970.0,1000000.0,,,,
46120E602,New Holding,INTUITIVE SURGICAL INC,,,5761.0,15000.0,,
05564E106,Not New,BRE PROPERTIES INC,2736.0,50000.0,10152.0,200000.0,7416.0,150000.0
345370860,New Holding,FORD MOTOR CO,,,1543.0,100000.0,,
247361702,Not New,DELTA AIR LINES INC,31391.0,1142724.0,545.0,23109.0,-30846.0,-1119615.0
72348P104,New Holding,Pinnacle Foods Inc,,,12357.0,450000.0,,
90130A101,Not New,Twenty-First Century Fox Inc,62086.0,1765309.0,55813.0,1665555.0,-6273.0,-99754.0
G47791101,New Holding,INGERSOLL-RAND CO LTD-CL A,,,6776.0,110000.0,,
93317Q105,Not New,WALTER ENERGY INC,4989.0,300000.0,2806.0,200000.0,-2183.0,-100000.0
93317Q105,Not New,WALTER ENERGY INC,1039.0,62500.0,2806.0,200000.0,1767.0,137500.0
30219G108,Not New,EXPRESS SCRIPTS INC,526.0,7495.0,494.0,7994.0,-32.0,499.0
532457108,Sold Out,ELI LILLY & CO,10066.0,200000.0,,,,
073730103,Not New,Beam Inc,2722.0,40000.0,5495.0,85000.0,2773.0,45000.0
112463104,Not New,BROOKDALE SENIOR LIVING INC,3126.0,115000.0,3942.0,149900.0,816.0,34900.0
464287655,Not New,RUSSELL 2000 INDEX,7495.0,65000.0,186585.0,1750000.0,179090.0,1685000.0
464287655,Not New,RUSSELL 2000 INDEX,17297.0,150000.0,186585.0,1750000.0,169288.0,1600000.0
74733T105,Not New,QLIK TECHNOLOGIES INC,6658.0,250000.0,5135.0,150000.0,-1523.0,-100000.0
Y62159101,New Holding,Navios Maritime Acq Corp,,,1131.0,257000.0,,
844741108,New Holding,SOUTHWEST AIRLINES CO,,,471.0,25000.0,,
62855J104,New Holding,MYRIAD GENETICS INC,,,3462.0,165000.0,,
263534109,Sold Out,DU PONT (E.I.) DE NEMOURS,20496.0,350000.0,,,,
009158106,Sold Out,AIR PRODUCTS & CHEMICALS INC,4628.0,43427.0,,,,
144577103,New Holding,CARRIZO OIL GAS INC,,,895.0,20000.0,,
784635104,Sold Out,SPX CORP,846.0,10000.0,,,,
81369Y506,New Holding,AMEX ENERGY SELECT INDX,,,9894.0,111786.0,,
29364G103,New Holding,ENTERGY CORP,,,6327.0,100000.0,,
37045V100,Not New,GENERAL MOTORS CORP,12261.0,300000.0,10791.0,300000.0,-1470.0,0.0
37045V100,Not New,GENERAL MOTORS CORP,12261.0,300000.0,18516.0,514755.0,6255.0,214755.0
37045V100,Not New,GENERAL MOTORS CORP,197876.0,4841584.0,10791.0,300000.0,-187085.0,-4541584.0
37045V100,Not New,GENERAL MOTORS CORP,197876.0,4841584.0,18516.0,514755.0,-179360.0,-4326829.0
883211104,New Holding,Textura Corp,,,749.0,25000.0,,
580037109,Sold Out,MCDERMOTT INTL INC,3715.0,500000.0,,,,
146229109,New Holding,CARTER'S INC,,,4110.0,57250.0,,
79377W108,Sold Out,SAKS INC,3188.0,200000.0,,,,
89255N203,Sold Out,Trade Street Residential Inc,630.0,90530.0,,,,
731068102,Not New,POLARIS INDUSTRIES INC,1456.0,10000.0,388.0,3000.0,-1068.0,-7000.0
754730109,Sold Out,RAYMOND JAMES FINANCIAL INC,1458.0,35000.0,,,,
34964C106,Sold Out,Fortune Brands Home & Security,1429.0,34335.0,,,,
48238T109,Not New,KAR AUCTION SERVICES INC,36347.0,1230000.0,30678.0,1087500.0,-5669.0,-142500.0
887389104,Not New,TIMKEN CO,12198.0,221500.0,8154.0,135000.0,-4044.0,-86500.0
670704105,New Holding,NUVASIVE INC,,,808.0,25000.0,,
N97284108,Sold Out,Yandex NV,728.0,20000.0,,,,
747525103,Not New,QUALCOMM INC,2441.0,32875.0,495.0,7347.0,-1946.0,-25528.0
64828T102,New Holding,New Residential Investment Cor,,,22712.0,3400000.0,,
38388F108,Not New,WR GRACE & CO,539.0,5447.0,4370.0,50000.0,3831.0,44553.0
744320102,New Holding,PRUDENTIAL FINANCIAL INC,,,2306.0,25000.0,,
69336V101,Not New,PGT INC,1265.0,125000.0,1288.0,130000.0,23.0,5000.0
19075F106,Not New,COBALT INTERNATIONAL ENERGY,4113.0,250000.0,6215.0,250000.0,2102.0,0.0
19075F106,Not New,COBALT INTERNATIONAL ENERGY,5346.0,325000.0,6215.0,250000.0,869.0,-75000.0
278642103,Not New,EBAY INC,16460.0,300000.0,525.0,9405.0,-15935.0,-290595.0
278642103,Not New,EBAY INC,534.0,9733.0,525.0,9405.0,-9.0,-328.0
382410405,New Holding,GOODRICH PETROLEUM CORP,,,2638.0,155000.0,,
17275R102,Not New,CISCO SYSTEMS INC,56075.0,2500000.0,85686.0,3656932.0,29611.0,1156932.0
17275R102,Not New,CISCO SYSTEMS INC,56075.0,2500000.0,117155.0,5000000.0,61080.0,2500000.0
17275R102,Not New,CISCO SYSTEMS INC,57757.0,2575000.0,85686.0,3656932.0,27929.0,1081932.0
17275R102,Not New,CISCO SYSTEMS INC,57757.0,2575000.0,117155.0,5000000.0,59398.0,2425000.0
17275R102,Not New,CISCO SYSTEMS INC,56075.0,2500000.0,85686.0,3656932.0,29611.0,1156932.0
17275R102,Not New,CISCO SYSTEMS INC,56075.0,2500000.0,117155.0,5000000.0,61080.0,2500000.0
30303M102,Not New,Facebook Inc,62785.0,1148877.0,89769.0,1787150.0,26984.0,638273.0
918866104,New Holding,VALASSIS COMMUNICATIONS INC,,,3425.0,100000.0,,
79546E104,Sold Out,SALLY BEAUTY HOLDINGS INC,497.0,19000.0,,,,
060505104,Not New,BANK OF AMERICA CORP,23865.0,1532787.0,69000.0,5000000.0,45135.0,3467213.0
060505104,Not New,BANK OF AMERICA CORP,23865.0,1532787.0,59821.0,4334881.0,35956.0,2802094.0
87162T206,New Holding,SYNTA PHARMACEUTICALS CORP,,,603.0,115000.0,,
22160K105,New Holding,COSTCO WHOLESALE CORP,,,1190.0,10000.0,,
86732Y109,Not New,SunEdison Inc,8574.0,657000.0,3985.0,500000.0,-4589.0,-157000.0
57060U233,New Holding,SEMICONDUCTOR TRUST,,,4243.0,100000.0,,
09069N108,Sold Out,BIOSCRIP INC,878.0,100000.0,,,,
14056V204,Not New,Capitol Acquisition Corp II,9217.0,882000.0,9032.0,882000.0,-185.0,0.0
03762U105,Not New,APOLLO COMMERCIAL REAL ESTAT,3494.0,215000.0,3283.0,215000.0,-211.0,0.0
575385109,Sold Out,Masonite International Corp,1012.0,20673.0,,,,
649445103,Sold Out,New York Community Bancorp Inc,3778.0,250000.0,,,,
464286608,Sold Out,iShares MSCI EMU ETF,5660.0,150000.0,,,,
25754A201,Sold Out,Domino's Pizza Inc,680.0,10000.0,,,,
25278X109,New Holding,Diamondback Energy Inc,,,8197.0,155000.0,,
P31076105,Not New,COPA HOLDINGS SA-CLASS A,4107.0,25650.0,4001.0,28850.0,-106.0,3200.0
002896207,Sold Out,ABERCROMBIE & FITCH CO-CL A,3537.0,100000.0,,,,
867914103,Sold Out,SUNTRUST BANKS INC,4053.0,125000.0,,,,
316645100,Not New,Fifth Pacific Co Inc,11973.0,373350.0,11547.0,459500.0,-426.0,86150.0
81369Y100,New Holding,BASIC INDUSTRIES SPDR,,,9405.0,203482.0,,
148887102,Sold Out,CATAMARAN CORP,4595.0,100000.0,,,,
436106108,Not New,HollyFrontier Corp,13491.0,271500.0,8422.0,200000.0,-5069.0,-71500.0
436106108,Not New,HollyFrontier Corp,13491.0,271500.0,11370.0,270000.0,-2121.0,-1500.0
63861C109,Not New,Nationstar Mortgage Holdings I,14784.0,400000.0,23898.0,425000.0,9114.0,25000.0
921908844,New Holding,Vanguard Dividend Appreciation,,,13531.0,179841.0,,
13321L108,New Holding,CAMECO CORP,,,9450.0,455000.0,,
67020Y100,Not New,NUANCE COMMUNICATIONS INC,10640.0,700000.0,6538.0,350000.0,-4102.0,-350000.0
67020Y100,Not New,NUANCE COMMUNICATIONS INC,10640.0,700000.0,4816.0,257790.0,-5824.0,-442210.0
67020Y100,Not New,NUANCE COMMUNICATIONS INC,3040.0,200000.0,6538.0,350000.0,3498.0,150000.0
67020Y100,Not New,NUANCE COMMUNICATIONS INC,3040.0,200000.0,4816.0,257790.0,1776.0,57790.0
125581801,Not New,CIT GROUP INC,28672.0,550000.0,9754.0,200000.0,-18918.0,-350000.0
125581801,Not New,CIT GROUP INC,28672.0,550000.0,34139.0,700000.0,5467.0,150000.0
125581801,Not New,CIT GROUP INC,28932.0,555000.0,9754.0,200000.0,-19178.0,-355000.0
125581801,Not New,CIT GROUP INC,28932.0,555000.0,34139.0,700000.0,5207.0,145000.0
05367G100,New Holding,Avianca Holdings SA,,,8183.0,530000.0,,
001547108,Sold Out,AK STEEL HOLDING CORP,750.0,200000.0,,,,
25470M109,Not New,DISH NETWORK CORP-A,546.0,9429.0,4501.0,100000.0,3955.0,90571.0
25470M109,Not New,DISH NETWORK CORP-A,546.0,9429.0,481.0,10693.0,-65.0,1264.0
65249B208,Sold Out,NEWS CORP-CLASS B,4542.0,276470.0,,,,
29355X107,Not New,ENPRO INDUSTRIES INC,6918.0,120000.0,5720.0,95000.0,-1198.0,-25000.0
277432100,New Holding,EASTMAN CHEMICAL COMPANY,,,6053.0,75000.0,,
167250109,Not New,CHICAGO BRIDGE IRON-NY SHR,2079.0,25000.0,1355.0,20000.0,-724.0,-5000.0
04247X102,New Holding,ARMSTRONG WORLD INDUSTRIES,,,6732.0,116850.0,,
364760108,New Holding,GAP INC/THE,,,4889.0,125100.0,,
904311107,Sold Out,UNDER ARMOUR INC-CLASS A,795.0,10000.0,,,,
458665304,New Holding,INTERFACE INC,,,444.0,20000.0,,
718546104,New Holding,Phillips 66,,,1134.0,14700.0,,
25179M103,Sold Out,DEVON ENERGY CORPORATION.,1444.0,25000.0,,,,
Y7546A106,New Holding,Scorpio Bulkers Inc,,,1041.0,103600.0,,
911363109,Not New,UNITED RENTALS INC,4208.0,53983.0,514.0,8818.0,-3694.0,-45165.0
N53745100,Not New,LYONDELLBASELL INDU-CL A,30710.0,382536.0,512.0,6993.0,-30198.0,-375543.0
151020104,Not New,CELGENE CORP,845.0,5000.0,3083.0,20000.0,2238.0,15000.0
74838C106,Not New,QUIKSILVER INC,1754.0,200000.0,1125.0,160000.0,-629.0,-40000.0
74838C106,Not New,QUIKSILVER INC,1754.0,200000.0,2917.0,415000.0,1163.0,215000.0
74838C106,Not New,QUIKSILVER INC,4166.0,475000.0,1125.0,160000.0,-3041.0,-315000.0
74838C106,Not New,QUIKSILVER INC,4166.0,475000.0,2917.0,415000.0,-1249.0,-60000.0
86272T106,New Holding,STRATEGIC HOTELS RESORTS I,,,945.0,100000.0,,
70338P100,New Holding,Pattern Energy Group Inc,,,7581.0,250100.0,,
09061G101,Sold Out,BIOMARIN PHARMACEUTICAL INC,4511.0,62500.0,,,,
966837106,Sold Out,Whole Foods Market Inc.,585.0,10000.0,,,,
H27178104,New Holding,FOSTER WHEELER LTD,,,6600.0,200000.0,,
H27178104,New Holding,FOSTER WHEELER LTD,,,3735.0,113185.0,,
535782106,Not New,Linn Co LLC,9243.0,300000.0,28610.0,980460.0,19367.0,680460.0
535782106,Not New,Linn Co LLC,46520.0,1509888.0,28610.0,980460.0,-17910.0,-529428.0
464286848,Not New,ISHARES MSCI JAPAN INDEX FD,30022.0,2475000.0,5955.0,500000.0,-24067.0,-1975000.0
464286848,Not New,ISHARES MSCI JAPAN INDEX FD,30022.0,2475000.0,1286.0,108000.0,-28736.0,-2367000.0
43300A104,New Holding,Hilton Worldwide Holdings Inc,,,1558.0,70000.0,,
42805T105,Not New,HERTZ GLOBAL HOLDINGS INC,4865.0,170000.0,2216.0,100000.0,-2649.0,-70000.0
42805T105,Not New,HERTZ GLOBAL HOLDINGS INC,4865.0,170000.0,33560.0,1514435.0,28695.0,1344435.0
42805T105,Not New,HERTZ GLOBAL HOLDINGS INC,105089.0,3671864.0,2216.0,100000.0,-102873.0,-3571864.0
42805T105,Not New,HERTZ GLOBAL HOLDINGS INC,105089.0,3671864.0,33560.0,1514435.0,-71529.0,-2157429.0
930059100,Not New,WADDELL & REED FINANCIAL-A,1628.0,25000.0,2059.0,40000.0,431.0,15000.0
983919101,Sold Out,XILINX INC,2811.0,60000.0,,,,
883556102,Not New,THERMO FISHER SCIENTIFIC INC,556.0,4989.0,503.0,5458.0,-53.0,469.0
931422109,Sold Out,WALGREEN,538.0,10000.0,,,,
714290103,New Holding,Perrigo Co Plc,,,327.0,2131.0,,
09739D100,Sold Out,Boise Cascade LLC,4043.0,150000.0,,,,
47759T100,Sold Out,JINKOSOLAR HOLDING CO-ADR,4510.0,200000.0,,,,
124857202,Not New,CBS CORP-CLASS B,206109.0,3233595.0,54285.0,984141.0,-151824.0,-2249454.0
868536103,Sold Out,SUPERVALU INC,6370.0,774000.0,,,,
869233106,Sold Out,Susser Holdings Corp,8770.0,165000.0,,,,
855244109,Sold Out,STARBUCKS CORP,4233.0,55000.0,,,,
12572Q105,Not New,CHICAGO MERCANTILE EXCHANG-A,8238.0,105000.0,7757.0,105000.0,-481.0,0.0
478160104,Sold Out,JOHNSON & JOHNSON,494.0,5694.0,,,,
910047109,New Holding,UNITED CONTINENT,,,946.0,25000.0,,
464287796,Sold Out,iShares U.S. Energy ETF,1884.0,40000.0,,,,
09746Y105,Sold Out,BOISE INC,1260.0,100000.0,,,,
369604103,New Holding,GENERAL ELECTRIC CO,,,5606.0,200000.0,,
369604103,New Holding,GENERAL ELECTRIC CO,,,2803.0,100000.0,,
969457100,Not New,WILLIAMS COS INC.,11571.0,300000.0,5454.0,150000.0,-6117.0,-150000.0
969457100,Not New,WILLIAMS COS INC.,12535.0,325000.0,5454.0,150000.0,-7081.0,-175000.0
78462F103,Not New,S&P 500 INDEX,1126487.0,6100000.0,369820.0,2200000.0,-756667.0,-3900000.0
78462F103,Not New,S&P 500 INDEX,1126487.0,6100000.0,806880.0,4800000.0,-319607.0,-1300000.0
78462F103,Not New,S&P 500 INDEX,1126487.0,6100000.0,26470.0,157467.0,-1100017.0,-5942533.0
78462F103,Not New,S&P 500 INDEX,159222.0,862200.0,369820.0,2200000.0,210598.0,1337800.0
78462F103,Not New,S&P 500 INDEX,159222.0,862200.0,806880.0,4800000.0,647658.0,3937800.0
78462F103,Not New,S&P 500 INDEX,159222.0,862200.0,26470.0,157467.0,-132752.0,-704733.0
78462F103,Not New,S&P 500 INDEX,9234.0,50000.0,369820.0,2200000.0,360586.0,2150000.0
78462F103,Not New,S&P 500 INDEX,9234.0,50000.0,806880.0,4800000.0,797646.0,4750000.0
78462F103,Not New,S&P 500 INDEX,9234.0,50000.0,26470.0,157467.0,17236.0,107467.0
80004C101,Not New,SANDISK CORP,4070.0,57700.0,507.0,8527.0,-3563.0,-49173.0
464287234,Not New,ISHARES MSCI EMERGING MKT IN,41770.0,1000000.0,20385.0,500000.0,-21385.0,-500000.0
464287234,Not New,ISHARES MSCI EMERGING MKT IN,41770.0,1000000.0,10763.0,264000.0,-31007.0,-736000.0
464287234,Not New,ISHARES MSCI EMERGING MKT IN,23664.0,566523.0,20385.0,500000.0,-3279.0,-66523.0
464287234,Not New,ISHARES MSCI EMERGING MKT IN,23664.0,566523.0,10763.0,264000.0,-12901.0,-302523.0
92857W209,Not New,VODAFONE GROUP,525.0,13351.0,535.0,15208.0,10.0,1857.0
637071101,Sold Out,NATIONAL OILWELL VARCO INC,2734.0,35000.0,,,,
894650100,New Holding,TREDEGAR CORP,,,1296.0,45000.0,,
40416M105,Not New,HD Supply Holdings Inc,3001.0,125000.0,2197.0,100000.0,-804.0,-25000.0
177376100,New Holding,CITRIX SYSTEMS INC,,,9045.0,143000.0,,
59151K108,New Holding,METHANEX CORP,,,10367.0,175000.0,,
88732J207,Not New,TIME WARNER CABLE-A,8647.0,63815.0,14508.0,130000.0,5861.0,66185.0
88732J207,Not New,TIME WARNER CABLE-A,8130.0,60000.0,14508.0,130000.0,6378.0,70000.0
317923100,New Holding,FINISH LINE/THE - CL A,,,3465.0,123000.0,,
039380100,New Holding,ARCH COAL INC.,,,1424.0,320000.0,,
256677105,Not New,DOLLAR GENERAL CORP,34096.0,565250.0,25880.0,458375.0,-8216.0,-106875.0
913017109,Not New,UNITED TECHNOLOGIES CORP,2845.0,25000.0,8087.0,75000.0,5242.0,50000.0
535919203,New Holding,LIONS GATE ENTERTAINMENT COR,,,1583.0,50000.0,,
59156R108,Not New,METLIFE INC,527.0,9768.0,7043.0,150000.0,6516.0,140232.0
57636Q104,Not New,MASTERCARD INC-CLASS A,534.0,639.0,2530.0,3760.0,1996.0,3121.0
81369Y803,Sold Out,TECHNOLOGY SELECT SECT SPDR,4805.0,150000.0,,,,
81369Y886,New Holding,UTLITIES SELECT SECTOR INDEX,,,6873.0,181000.0,,
05874B107,New Holding,BALLY TECHNOLOGIES INC,,,1569.0,20000.0,,
G4412G101,New Holding,Herbalife Ltd,,,3935.0,50000.0,,
G4412G101,New Holding,HERBALIFE LTD,,,3109.0,39500.0,,
587118100,New Holding,THE MEN'S WEARHOUSE INC,,,3831.0,75000.0,,
79466L302,Not New,SALESFORCE.COM INC,6623.0,120000.0,2596.0,50000.0,-4027.0,-70000.0
891027104,Sold Out,TORCHMARK CORP,1447.0,20000.0,,,,
00912X302,New Holding,AIR LEASE CORP,,,4662.0,150000.0,,
Y64354205,Not New,Ocean Rig UDW Inc,13668.0,710000.0,2730.0,150000.0,-10938.0,-560000.0
Y64354205,Not New,Ocean Rig UDW Inc,13668.0,710000.0,11522.0,633051.0,-2146.0,-76949.0
74966G200,New Holding,ROI Acquisition Corp,,,5511.0,550000.0,,
92839U206,Not New,VISTEON CORP.,14740.0,180000.0,2646.0,34986.0,-12094.0,-145014.0
984332106,Not New,YAHOO INC,92515.0,2287706.0,563.0,16965.0,-91952.0,-2270741.0
87612E106,Sold Out,TARGET CORP,2041.0,31900.0,,,,
406216101,Not New,HALLIBURTON CO,4568.0,90000.0,8426.0,175000.0,3858.0,85000.0
26875P101,Not New,EOG RESOURCES INC.,19570.0,116600.0,5078.0,30000.0,-14492.0,-86600.0
067901108,Sold Out,BARRICK GOLD CORP,931.0,50000.0,,,,
574599106,Sold Out,MASCO CORP,102.0,4800.0,,,,
574599106,Sold Out,MASCO CORP,3194.0,150096.0,,,,
574599106,Sold Out,MASCO CORP,102.0,4800.0,,,,
963320106,Not New,WHIRLPOOL CORP,5616.0,35800.0,4994.0,34100.0,-622.0,-1700.0
38500P208,Sold Out,Grana y Montero SA,1497.0,75000.0,,,,
78464A888,New Holding,SPDR SP HOMEBUILDERS ETF,,,2644.0,79400.0,,
92826C839,Not New,VISA INC-CLASS A SHRS,53991.0,242458.0,517.0,2704.0,-53474.0,-239754.0
V7780T103,Not New,ROYAL CARIBBEAN CRUISES LTD,25683.0,541600.0,3828.0,100000.0,-21855.0,-441600.0
717081103,Sold Out,PFIZER INC,508.0,17687.0,,,,
585464100,Not New,MELCO PBL ENTERTAINMENT-ADR,3653.0,93150.0,1432.0,45000.0,-2221.0,-48150.0
151290889,Sold Out,CEMEX SAB-SPONS ADR PART CER,3695.0,330500.0,,,,
806857108,Not New,SCHLUMBERGER LTD,2073.0,23000.0,1767.0,20000.0,-306.0,-3000.0
243537107,Not New,DECKERS OUTDOOR CORP,422.0,5000.0,1978.0,30000.0,1556.0,25000.0
02153X108,Not New,Altisource Asset Management Co,30634.0,32940.0,18090.0,33940.0,-12544.0,1000.0
81369Y407,Not New,CONSUMER DISCRETIONARY SELT,8946.0,133864.0,12126.0,200000.0,3180.0,66136.0
81369Y605,Not New,AMEX FINANCIAL SELEXT SPDR.,32790.0,1500000.0,14940.0,750000.0,-17850.0,-750000.0
81369Y605,Not New,AMEX FINANCIAL SELEXT SPDR.,15849.0,725000.0,14940.0,750000.0,-909.0,25000.0
03674U201,New Holding,ANTHERA PHARMACE,,,690.0,224800.0,,
40049J206,Sold Out,GRUPO TELEVISA SA-SER CPO,5127.0,183424.0,,,,
61945C103,Sold Out,MOSAIC CO/THE,8604.0,200000.0,,,,
55933J203,New Holding,MAGNACHIP SEMICO,,,3451.0,176978.0,,
87261Q103,Sold Out,TMS INTERNATIO-A,476.0,27291.0,,,,
375558103,New Holding,GILEAD SCIENCES INC,,,22530.0,300000.0,,
021441100,Sold Out,ALTERA CORPORATION,743.0,20000.0,,,,
020002101,Sold Out,ALLSTATE CORP,5055.0,100000.0,,,,
437076102,Not New,HOME DEPOT INC,8234.0,100000.0,7585.0,100000.0,-649.0,0.0
437076102,Not New,HOME DEPOT INC,8296.0,100750.0,7585.0,100000.0,-711.0,-750.0
121220107,New Holding,Burger King Worldwide Inc,,,8001.0,350000.0,,
235851102,New Holding,DANAHER CORP,,,772.0,10000.0,,
608190104,New Holding,MOHAWK INDUSTRIES INC,,,23080.0,155000.0,,
45773H102,Sold Out,Inovio Pharmaceuticals Inc,207.0,100000.0,,,,
127097103,New Holding,Cabot Oil Gas Corp,,,13411.0,346000.0,,
42809H107,Not New,AMERADA HESS CORP,16600.0,200000.0,7734.0,100000.0,-8866.0,-100000.0
42809H107,Not New,AMERADA HESS CORP,16600.0,200000.0,7845.0,101431.0,-8755.0,-98569.0
42809H107,Not New,AMERADA HESS CORP,10488.0,126365.0,7734.0,100000.0,-2754.0,-26365.0
42809H107,Not New,AMERADA HESS CORP,10488.0,126365.0,7845.0,101431.0,-2643.0,-24934.0
743187106,Not New,PROGENICS PHARMACEUTICALS,506.0,95000.0,252.0,50000.0,-254.0,-45000.0
254687106,Not New,THE WALT DISNEY CO.,7640.0,100000.0,1290.0,20000.0,-6350.0,-80000.0
464286400,New Holding,ISHARES MSCI BRAZIL,,,60318.0,1350000.0,,
464286400,New Holding,ISHARES MSCI BRAZIL,,,32728.0,732500.0,,
053774105,New Holding,AVIS BUDGET GROUP INC,,,2021.0,50000.0,,
111320107,Not New,BROADCOM CORP-CL A,1482.0,50000.0,1301.0,50000.0,-181.0,0.0
29101U209,Not New,Emerald Oil Inc,3830.0,500000.0,1690.0,235000.0,-2140.0,-265000.0
35671D857,Not New,FREEPORT-MCMORAN COPPER-B,550.0,14582.0,505.0,15261.0,-45.0,679.0
344849104,New Holding,FOOT LOCKER INC,,,5105.0,123200.0,,
65339F101,New Holding,NEXTERA ENERGY INC ..,,,17124.0,200000.0,,
65339F101,New Holding,NEXTERA ENERGY INC ..,,,37758.0,441000.0,,
156700106,Not New,CENTURYTEL INC.,23888.0,750000.0,15690.0,500000.0,-8198.0,-250000.0
G0176J109,New Holding,Allegion PLC,,,2093.0,47368.0,,
61166W101,New Holding,MONSANTO CO,,,7226.0,62000.0,,
64110D104,Sold Out,NETWORK APPLIANCE INC,8524.0,200000.0,,,,
84763R101,New Holding,SPECTRUM BRANDS,,,2011.0,28500.0,,
89628E104,Not New,TRINA SOLAR LTD-SPON ADR,6905.0,505100.0,4947.0,320000.0,-1958.0,-185100.0
88706P205,New Holding,TIM PART-PREF,,,8050.0,306802.0,,
91912E204,Not New,CIA VALE DO RIO DOCE-ADR,15691.0,1120000.0,21031.0,1480000.0,5340.0,360000.0
517834107,Not New,LAS VEGAS SANDS CORP,10884.0,138000.0,24472.0,368450.0,13588.0,230450.0
78413F103,New Holding,Sesa Sterlite Ltd,,,2040.0,155000.0,,
459506101,Sold Out,INTL FLAVORS & FRAGRANCES,823.0,10000.0,,,,
81369Y209,New Holding,HEALTH CARE SELECT SECTOR,,,30304.0,546601.0,,
447011107,Not New,HUNTSMAN CORP,7380.0,300000.0,7214.0,350000.0,-166.0,50000.0
790148100,New Holding,THE ST JOE COMPANY,,,2591.0,135000.0,,
92763W103,New Holding,Vipshop Holdings Ltd,,,6276.0,75000.0,,
68401H104,Sold Out,OPTIMER PHARMACEUTICALS INC,2518.0,200000.0,,,,
023111206,Sold Out,AMARIN CORP -ADR,1896.0,300000.0,,,,
018581108,Sold Out,ALLIANCE DATA SYSTEMS CORP,5287.0,25000.0,,,,
37953N108,New Holding,Global Defense National Secu,,,2764.0,275000.0,,
74144T108,New Holding,T ROWE PRICE GROUP INC,,,838.0,10000.0,,
099724106,New Holding,BORGWARNER INC,,,1118.0,20000.0,,
31620R105,New Holding,FIDELITY NATIONAL FINL-A,,,16063.0,495000.0,,
767754104,Sold Out,RITE AID CORP,857.0,180000.0,,,,
35804H106,Sold Out,FRESH MARKET INC,2304.0,48700.0,,,,
485170302,Not New,Kansas City Southern,1238.0,10000.0,1094.0,10000.0,-144.0,0.0
09739C102,Not New,BOINGO,18016.0,2810643.0,19675.0,2810643.0,1659.0,0.0
741503403,Not New,PRICELINE.COM INC,16245.0,13975.0,12147.0,12015.0,-4098.0,-1960.0
244199105,New Holding,DEERE CO,,,6850.0,75000.0,,
N6596X109,Not New,NXP SEMICONDUCTORS NV,4409.0,96000.0,8186.0,220000.0,3777.0,124000.0
88632Q103,New Holding,TIBCO SOFTWARE INC,,,5620.0,250000.0,,
88632Q103,New Holding,TIBCO SOFTWARE INC,,,4946.0,220000.0,,
03524A108,Not New,ANHEUSER-BUSCH INBEV NV,21260.0,199700.0,13888.0,140000.0,-7372.0,-59700.0
22943F100,Not New,CTRIP.COM INTERNATIONAL-ADR,9036.0,182100.0,37934.0,650000.0,28898.0,467900.0
704549104,New Holding,PEABODY ENERGY CORP,,,977.0,50000.0,,
907818108,New Holding,UNION PACIFIC,,,13944.0,83000.0,,
761283100,Not New,Restoration Hardware Holdings,81870.0,1216500.0,14258.0,225063.0,-67612.0,-991437.0
98742U100,Sold Out,YOUKU.COM IN-ADR,8220.0,300000.0,,,,
222816100,Sold Out,COVANCE INC,865.0,10000.0,,,,
26883D108,New Holding,ENERGY PARTNERS LTD,,,1026.0,36000.0,,
65249B109,Sold Out,NEWS CORP-CL A,2409.0,150000.0,,,,
H0023R105,Sold Out,ACE LTD,3304.0,35315.0,,,,
550021109,Sold Out,LULULEMON ATHLETICA INC-W/I,27332.0,373750.0,,,,
76117W109,Not New,Resolute Forest Products,1485.0,92687.0,1261.0,95405.0,-224.0,2718.0
629377508,Not New,NRG ENERGY INC,12924.0,450000.0,2733.0,100000.0,-10191.0,-350000.0
629377508,Not New,NRG ENERGY INC,12924.0,450000.0,2482.0,90800.0,-10442.0,-359200.0
629377508,Not New,NRG ENERGY INC,2154.0,75000.0,2733.0,100000.0,579.0,25000.0
629377508,Not New,NRG ENERGY INC,2154.0,75000.0,2482.0,90800.0,328.0,15800.0
231082108,New Holding,CUMULUS MEDIA INC-CL A,,,773.0,100000.0,,
23331A109,New Holding,DR HORTON INC,,,2232.0,100000.0,,
45866F104,New Holding,INTERCONTINENTALEXCHANGE INC,,,70850.0,315000.0,,
958102105,New Holding,WESTERN DIGITAL CORP,,,3104.0,37000.0,,
436440101,Sold Out,HOLOGIC INC,6195.0,300000.0,,,,
254709108,Not New,DISCOVER FINANCIAL SERVICES,98155.0,1754329.0,45486.0,900000.0,-52669.0,-854329.0
057224107,Not New,BAKER HUGHES INC,3846.0,69600.0,1228.0,25000.0,-2618.0,-44600.0
032511107,Not New,ANADARKO PETROLEUM CORP,11898.0,150000.0,13949.0,150000.0,2051.0,0.0
032511107,Not New,ANADARKO PETROLEUM CORP,11898.0,150000.0,9799.0,105379.0,-2099.0,-44621.0
032511107,Not New,ANADARKO PETROLEUM CORP,10389.0,130976.0,13949.0,150000.0,3560.0,19024.0
032511107,Not New,ANADARKO PETROLEUM CORP,10389.0,130976.0,9799.0,105379.0,-590.0,-25597.0
91913Y100,Not New,VALERO ENERGY CORP,10080.0,200000.0,1708.0,50000.0,-8372.0,-150000.0
55608B105,New Holding,MACQUARIE INFRASTRUCTURE CO,,,517.0,9495.0,,
438516106,Not New,Honeywell International Inc,2284.0,25000.0,1661.0,20000.0,-623.0,-5000.0
084670702,New Holding,BERKSHIRE HATHAWAY INC-CL B,,,518.0,4371.0,,
09247X101,New Holding,BLACKROCK INC,,,6329.0,20000.0,,
284131208,Sold Out,ELAN CORP PLC -SPONS ADR,6608.0,424117.0,,,,
88338T104,New Holding,THERAVANCE INC,,,1783.0,50000.0,,
88031M109,Not New,TENARIS SA,4594.0,105150.0,4919.0,105150.0,325.0,0.0
92343V104,New Holding,VERIZON COMMUNICATIONS,,,14742.0,300000.0,,
78464A730,Not New,SPDR SP OIL GAS EXPLORATI,5140.0,75000.0,13178.0,200000.0,8038.0,125000.0
026874784,Not New,AMERICAN INTERNATIONAL GROUP,4600.0,90117.0,1716.0,35291.0,-2884.0,-54826.0
29265N108,New Holding,ENERGEN CORP,,,2476.0,35000.0,,
300439106,Sold Out,EveryWare Global Inc,567.0,420000.0,,,,
085789105,Sold Out,BERRY PETROLEUM CO-CLASS A,42700.0,990041.0,,,,
G65431101,New Holding,NOBLE CORP,,,26229.0,700000.0,,
G65431101,New Holding,NOBLE CORP,,,34847.0,930000.0,,
H8817H100,Not New,TRANSOCEAN INC,17297.0,350000.0,17800.0,400000.0,503.0,50000.0
962166104,Not New,WEYERHAEUSER CO,6314.0,200000.0,4295.0,150000.0,-2019.0,-50000.0
097023105,Not New,BOEING CO,2730.0,20000.0,11750.0,100000.0,9020.0,80000.0
02153W100,Not New,Altisource Residential Corp,18003.0,597920.0,14363.0,625000.0,-3640.0,27080.0
205638109,Not New,COMPUWARE CORP,8968.0,800000.0,9986.0,892425.0,1018.0,92425.0
427866108,Sold Out,HERSHEY CO/THE,925.0,10000.0,,,,
02376R102,New Holding,American Airlines Group Inc,,,42294.0,1675000.0,,
464286772,New Holding,ISHARES MSCI SOUTH KOREA IND,,,5174.0,80000.0,,
464287168,New Holding,ISHARES DJ SELECT DIVIDEND,,,9496.0,133086.0,,
98416J118,Sold Out,XERIUM TECHNOLOGIES INC,580.0,50000.0,,,,
46429B366,Not New,iShares Barclays CMBS Bond Fun,204.0,4000.0,206.0,4000.0,2.0,0.0
339041105,New Holding,FLEETCOR TECHNOL,,,503.0,4289.0,,
857477103,New Holding,STATE STREET CORP,,,36695.0,500000.0,,
633707104,Not New,National Bank Holdings Corp,14560.0,680371.0,17011.0,828171.0,2451.0,147800.0
65105M108,Not New,NEWCASTLE INVESTMENT CORP,2449.0,426607.0,3927.0,698700.0,1478.0,272093.0
40414L109,New Holding,HEALTH CARE PPTYS INVEST INC,,,10896.0,300000.0,,
75605Y106,Not New,Realogy Holdings Corp,11180.0,226000.0,12282.0,285484.0,1102.0,59484.0
45104G104,New Holding,ICICI BANK LTD-SPON ADR,,,2528.0,68000.0,,
464287739,Sold Out,ISHARES DJ US REAL ESTATE,1594.0,25000.0,,,,
97717W851,Not New,WisdomTree Japan Hedged Equity,10676.0,210000.0,8939.0,186500.0,-1737.0,-23500.0
092113109,Not New,BLACK HILLS CORP,13128.0,250000.0,2493.0,50000.0,-10635.0,-200000.0
092113109,Not New,BLACK HILLS CORP,13128.0,250000.0,5734.0,115000.0,-7394.0,-135000.0
40412C101,New Holding,HCA HOLDINGS INC.,,,5964.0,125000.0,,
205768203,New Holding,COMSTOCK RESOURCES INC,,,2067.0,113000.0,,
16411W108,New Holding,Cheniere Energy Partners LP Ho,,,32438.0,1730000.0,,
464286806,Sold Out,ISHARES MSCI GERMANY INDEX,8343.0,300000.0,,,,
751212101,Not New,POLO RALPH LAUREN CORP...VR,4944.0,28000.0,3212.0,19500.0,-1732.0,-8500.0
G81477104,Sold Out,SINA CORP,20293.0,250000.0,,,,
086516101,Not New,BEST BUY CO INC,12443.0,312000.0,9281.0,247500.0,-3162.0,-64500.0
023135106,Not New,AMAZON.COM INC,523.0,1311.0,3644.0,11657.0,3121.0,10346.0
G0129K104,New Holding,AIRCASTLE LTD,,,1401.0,73100.0,,
448640102,Not New,Hyde Park Acquisition Corp II,3894.0,367500.0,3822.0,367500.0,-72.0,0.0
565849106,Not New,MARATHON OIL CORP,7060.0,200000.0,8720.0,250000.0,1660.0,50000.0
056752108,New Holding,BAIDU.COM - SPON ADR.,,,110093.0,618915.0,,
227046109,Sold Out,CROCS INC,1040.0,76500.0,,,,
74733V100,New Holding,QEP RESOURCES INC,,,6130.0,200000.0,,
169656105,Sold Out,CHIPOTLE MEXICAN GRILL-CL A,1286.0,3000.0,,,,
20030N101,New Holding,COMCAST CORP-CL A,,,534.0,10273.0,,
701354102,Sold Out,Parkervision Inc,419.0,125000.0,,,,
674215108,Not New,OASIS PETROLEUM INC,7985.0,170000.0,2457.0,50000.0,-5528.0,-120000.0
402635304,Not New,GULFPORT ENERGY CORP,12689.0,201000.0,6556.0,101900.0,-6133.0,-99100.0
73935A104,New Holding,NASDAQ 100 STOCK INDX,,,87960.0,1000000.0,,
73935A104,New Holding,NASDAQ 100 STOCK INDX,,,8796.0,100000.0,,
38259P508,Not New,GOOGLE INC-CL A,2765.0,2467.0,5753.0,6568.0,2988.0,4101.0
683399109,Sold Out,ONYX PHARMACEUTICALS INC,12467.0,100000.0,,,,
64118Q107,New Holding,NETSUITE INC,,,4121.0,40000.0,,
14040H105,Not New,CAPITAL ONE FINANCIAL CORP,206847.0,2700000.0,78535.0,1142493.0,-128312.0,-1557507.0
582839106,Sold Out,MEAD JOHNSON NUTRITION CO-A,21535.0,290000.0,,,,
171798101,New Holding,CIMAREX ENERGY CO,,,5665.0,54000.0,,
595112103,New Holding,MICRON TECHNOLOGY INC,,,14098.0,648183.0,,
346233109,Not New,FORESTAR REAL ESTATE GROUP,3625.0,170426.0,3230.0,150000.0,-395.0,-20426.0
959802109,New Holding,WESTERN UNION CO,,,3450.0,200000.0,,
693656100,Not New,PVH CORP,2945.0,21650.0,890.0,7500.0,-2055.0,-14150.0
887317303,Not New,TIME WARNER INC,530.0,7596.0,43435.0,660000.0,42905.0,652404.0
708160106,Sold Out,J.C. PENNEY CO INC,221.0,25000.0,,,,
382550101,New Holding,GOODYEAR TIRE RUBBER CO,,,11925.0,500000.0,,
04033A100,Sold Out,ARIAD PHARMACEUTICALS INC,920.0,50000.0,,,,
46625H100,Not New,JPMORGAN CHASE CO,18063.0,308879.0,34870.0,674608.0,16807.0,365729.0
G98290102,Sold Out,XL CAPITAL LTD-CLASS A,3082.0,100000.0,,,,
478366107,Sold Out,JOHNSON CONTROLS INC,8300.0,200000.0,,,,
31428X106,Sold Out,FEDEX CORP,1141.0,10000.0,,,,
88160R101,New Holding,TESLA MOTORS INC,,,1279.0,8500.0,,
524901105,Sold Out,LEGG MASON INC,4180.0,125000.0,,,,
655844108,New Holding,NORFOLK SOUTHERN CORP,,,2785.0,30000.0,,
606822104,Not New,MITSUBISHI UFJ FINL GRP-ADR,13848.0,2073066.0,2968.0,463066.0,-10880.0,-1610000.0
40537Q209,Sold Out,Halcon Resources Corp,1994.0,450000.0,,,,
416515104,Not New,HARTFORD FINANCIAL SVCS GRP,143109.0,3950000.0,7780.0,250000.0,-135329.0,-3700000.0
416515104,Not New,HARTFORD FINANCIAL SVCS GRP,143109.0,3950000.0,149376.0,4800000.0,6267.0,850000.0
89469A104,Sold Out,TREEHOUSE FOODS INC,5346.0,80000.0,,,,
24702R101,Sold Out,DELL INC.,10696.0,777800.0,,,,
24702R101,Sold Out,DELL INC.,502.0,36522.0,,,,
G8988C105,Sold Out,TOWER GROUP INC,700.0,100000.0,,,,
G0585R106,Not New,ASSURED GUARANTY LTD,153829.0,6520936.0,129525.0,6907977.0,-24304.0,387041.0
546347105,New Holding,LOUISIANA-PACIFIC CORP,,,8394.0,453500.0,,
29444U502,Not New,EQUINIX INC,12470.0,70276.0,6428.0,35000.0,-6042.0,-35276.0
256603101,Sold Out,DOLE FOOD CO INC,1362.0,100000.0,,,,
018804104,New Holding,ALLIANT TECHSYSTEMS INC,,,1217.0,10000.0,,
080555105,Sold Out,BELO CORPORATION-A,924.0,67463.0,,,,
00101J106,New Holding,ADT Corp/The,,,10118.0,250000.0,,
55003T107,Not New,LUMBER LIQUIDATORS HOLDINGS,1993.0,19375.0,2608.0,24450.0,615.0,5075.0
45685E106,New Holding,ING US Inc,,,61513.0,1750000.0,,
33733E302,New Holding,First Trust Dow Jones Internet,,,17778.0,297000.0,,
882508104,Sold Out,TEXAS INSTRUMENTS INC,1410.0,35000.0,,,,
78388J106,Sold Out,SBA COMMUNICATIONS CORP-CL A,4828.0,60000.0,,,,
09228F103,Not New,Blackberry Ltd,2976.0,400000.0,2384.0,300000.0,-592.0,-100000.0
09228F103,Not New,Blackberry Ltd,2976.0,400000.0,9375.0,1180000.0,6399.0,780000.0
G5480U120,Sold Out,LIBERTY GLOBAL INC-C,515.0,6821.0,,,,
713448108,Not New,PEPSICO INC,58058.0,700000.0,43725.0,550000.0,-14333.0,-150000.0
