CUSIP,status,NAME OF ISSUER,(x$1000)_old,PRN AMT_old,(x$1000),PRN AMT,(x$1000)_change,PRN AMT_change
535919401,Not New,LIONS GATE ENTMNT CORP,15342.0,593948.0,11834.0,350000.0,-3508.0,-243948.0
31421V107,Not New,FEDERAL STR ACQUISITION CORP,9690.0,1000000.0,9710.0,1000000.0,20.0,0.0
464287432,Not New,ISHARES TR,36570.0,300000.0,1412.0,11131.0,-35158.0,-288869.0
464287432,Not New,ISHARES TR,1435.0,11771.0,1412.0,11131.0,-23.0,-640.0
450828108,Sold Out,IBERIABANK CORP,24803.0,320037.0,,,,
87612G101,New Holding,TARGA RES CORP,,,2200.0,50000.0,,
014339105,New Holding,ALDER BIOPHARMACEUTICALS INC,,,1270.0,100000.0,,
428291108,Sold Out,HEXCEL CORP NEW,2474.0,40000.0,,,,
23291E208,New Holding,DFB HEALTHCARE ACQUISTION CO,,,10050.0,1000000.0,,
60935Y208,New Holding,MONEYGRAM INTERNATIONAL INC,,,1341.0,155537.0,,
26441C204,New Holding,DUKE ENERGY CORP,,,1549.0,20000.0,,
125269100,New Holding,CF INDS HLDGS INC,,,943.0,25000.0,,
70959W103,New Holding,PENSKE AUTOMOTIVE GROUP INC,,,4655.0,105000.0,,
03027X100,Sold Out,AMERICAN TOWER CORP,51338.0,359835.0,,,,
13645T100,Not New,CANADIAN PACIFIC RAILWAY LTD,685.0,3880.0,4074.0,22291.0,3389.0,18411.0
552953101,New Holding,MGM RESORTS INTERNATIONAL,,,25390.0,725000.0,,
46428Q109,New Holding,ISHARES SILVER TRUST,,,1057.0,68561.0,,
904708104,Sold Out,UNIFIRST CORP MASS,3265.0,19799.0,,,,
51476W107,Not New,LANDCADIA HOLDINGS INC,10040.0,1000000.0,12189.0,1225000.0,2149.0,225000.0
00817Y108,Sold Out,AETNA INC,5412.0,30000.0,,,,
021346101,Not New,ALTABA INC,35909.0,485000.0,32830.0,470000.0,-3079.0,-15000.0
25470F104,New Holding,DISCOVERY COMMUNICATNS NEW,,,21430.0,1000000.0,,
704326107,Sold Out,PAYCHEX INC,10212.0,150000.0,,,,
629076118,New Holding,NEBULA ACQUISITION CORP,,,496.0,413333.0,,
872656111,Not New,TPG PACE ENERGY HLDGS CORP,1542.0,833333.0,1125.0,833333.0,-417.0,0.0
G29183103,New Holding,EATON CORP PLC,,,9589.0,120000.0,,
666807102,New Holding,NORTHROP GRUMMAN CORP,,,46941.0,134454.0,,
172967424,Not New,CITIGROUP INC,5063.0,75000.0,5581.0,75000.0,518.0,0.0
256746108,Not New,DOLLAR TREE INC,14235.0,150000.0,40241.0,375000.0,26006.0,225000.0
464287440,Not New,ISHARES TR,4287.0,41545.0,3945.0,37369.0,-342.0,-4176.0
64110W102,Sold Out,NETEASE INC,41132.0,119200.0,,,,
Y7542C106,Sold Out,SCORPIO TANKERS INC,1037.0,340000.0,,,,
30212P303,Sold Out,EXPEDIA INC DEL,9582.0,80000.0,,,,
122017106,Not New,BURLINGTON STORES INC,26630.0,200000.0,28912.0,235000.0,2282.0,35000.0
N70544106,Not New,PLAYA HOTELS & RESORTS NV,1022.0,100000.0,1079.0,100000.0,57.0,0.0
N01045108,Sold Out,AFFIMED NV,163.0,125000.0,,,,
185899101,New Holding,CLEVELAND CLIFFS INC,,,174.0,25000.0,,
776696106,Not New,ROPER TECHNOLOGIES INC,1019.0,3632.0,2983.0,11516.0,1964.0,7884.0
38141G104,New Holding,GOLDMAN SACHS GROUP INC,,,47526.0,188701.0,,
037833100,Not New,APPLE INC,49495.0,295000.0,199691.0,1180000.0,150196.0,885000.0
78442P106,Sold Out,SLM CORP,6539.0,578713.0,,,,
76131D103,Sold Out,RESTAURANT BRANDS INTL INC,21518.0,350000.0,,,,
512807108,New Holding,LAM RESEARCH CORP,,,20316.0,100000.0,,
04685N103,New Holding,ATHENEX INC,,,425.0,25000.0,,
29444U700,Not New,EQUINIX INC,20907.0,50000.0,79314.0,175000.0,58407.0,125000.0
420870115,Not New,HAYMAKER ACQUISITION CORP,100.0,125000.0,100.0,125000.0,0.0,0.0
78464A714,Sold Out,SPDR SERIES TRUST,1581.0,35000.0,,,,
554382101,New Holding,MACERICH CO,,,10753.0,191949.0,,
G0726L117,Not New,AVISTA HEALTHCARE PUB ACQ CO,492.0,1490000.0,417.0,1490000.0,-75.0,0.0
681919106,Sold Out,OMNICOM GROUP,20028.0,275000.0,,,,
464287184,New Holding,ISHARES TR,,,77474.0,1640000.0,,
G60754101,Not New,MICHAEL KORS HLDGS LTD,18624.0,300000.0,23606.0,375000.0,4982.0,75000.0
548661107,Sold Out,LOWES COS INC,25559.0,275000.0,,,,
189464100,Not New,CLOVIS ONCOLOGY INC,1320.0,25000.0,1700.0,25000.0,380.0,0.0
37954X105,Sold Out,GLOBAL PARTNER ACQUISITION C,6000.0,600000.0,,,,
09627Y109,Sold Out,BLUEPRINT MEDICINES CORP,2639.0,35000.0,,,,
149123101,Sold Out,CATERPILLAR INC DEL,14970.0,95000.0,,,,
67066G104,New Holding,NVIDIA CORP,,,9264.0,40000.0,,
143658300,Not New,CARNIVAL CORP,31151.0,475000.0,34844.0,525000.0,3693.0,50000.0
00162Q866,Sold Out,ALPS ETF TR,18343.0,1700000.0,,,,
594918104,Not New,MICROSOFT CORP,120476.0,1320000.0,215989.0,2525000.0,95513.0,1205000.0
55616P104,Sold Out,MACYS INC,30228.0,1200000.0,,,,
19459J104,Not New,COLLEGIUM PHARMACEUTICAL INC,1278.0,50000.0,3231.0,175000.0,1953.0,125000.0
21036P108,Not New,CONSTELLATION BRANDS INC,37037.0,162500.0,14857.0,65000.0,-22180.0,-97500.0
46187W107,Sold Out,INVITATION HOMES INC,5068.0,215000.0,,,,
526057302,New Holding,LENNAR CORP,,,3577.0,75000.0,,
Y37828111,Not New,HUNTER MARITIME ACQUISITION,6860.0,700000.0,6825.0,700000.0,-35.0,0.0
830566105,New Holding,SKECHERS U S A INC,,,16528.0,425000.0,,
02079K305,Sold Out,ALPHABET INC,75107.0,71300.0,,,,
948596101,Sold Out,WEIBO CORP,7760.0,75000.0,,,,
345370860,Not New,FORD MOTOR CO,4432.0,400000.0,749.0,60000.0,-3683.0,-340000.0
872540109,New Holding,TJX COMPANIES INC,,,18351.0,225000.0,,
824348106,Sold Out,SHERWIN WILLIAMS CO,8201.0,20000.0,,,,
90138F102,Sold Out,TWILIO INC,2218.0,94000.0,,,,
109194100,New Holding,BRIGHT HORIZONS FAM SOL IN D,,,9972.0,100000.0,,
247361702,Not New,DELTA AIR LINES,6577.0,120000.0,2800.0,50000.0,-3777.0,-70000.0
647581107,Not New,NEW ORIENTAL ED & TECH GRP I,10956.0,125000.0,28200.0,300000.0,17244.0,175000.0
90385D107,Not New,ULTIMATE SOFTWARE GROUP INC,9748.0,40000.0,20732.0,95000.0,10984.0,55000.0
98401F105,New Holding,XENCOR INC,,,300.0,10000.0,,
90130A101,Sold Out,TWENTY FIRST CENTY FOX INC,39710.0,1150000.0,,,,
16939P106,Sold Out,CHINA LIFE INS CO LTD,32781.0,2100000.0,,,,
925652109,New Holding,VICI PPTYS INC,,,1832.0,100000.0,,
G47791101,New Holding,INGERSOLL-RAND PLC,,,3544.0,41444.0,,
500255104,Not New,KOHLS CORP,14740.0,225000.0,16269.0,300000.0,1529.0,75000.0
G0750C108,Not New,AXALTA COATING SYS LTD,17118.0,567019.0,4854.0,150000.0,-12264.0,-417019.0
G0750C108,Not New,AXALTA COATING SYS LTD,17118.0,567019.0,5932.0,183312.0,-11186.0,-383707.0
23283R100,Sold Out,CYRUSONE INC,26789.0,450000.0,,,,
64110L106,Not New,NETFLIX INC,5907.0,20000.0,30714.0,160000.0,24807.0,140000.0
82568P304,New Holding,SHUTTERFLY INC,,,10156.0,125000.0,,
G3206V118,Not New,ESTRE AMBIENTAL INC,145.0,250000.0,180.0,250000.0,35.0,0.0
464287655,Not New,ISHARES TR,30366.0,200000.0,10062.0,66000.0,-20304.0,-134000.0
74005P104,Not New,PRAXAIR INC,15395.0,106685.0,86079.0,556500.0,70684.0,449815.0
044186104,Not New,ASHLAND GLOBAL HLDGS INC,5012.0,71811.0,8195.0,115097.0,3183.0,43286.0
G1992S117,Not New,CISION LTD,468.0,200000.0,544.0,200000.0,76.0,0.0
G7126L100,New Holding,PLATINUM EAGLE ACQUISITIN CO,,,11820.0,1200000.0,,
00206R102,Sold Out,AT&T INC,9720.0,250000.0,,,,
144577103,Not New,CARRIZO OIL & GAS INC,4375.0,273436.0,1298.0,60975.0,-3077.0,-212461.0
81369Y506,Sold Out,SELECT SECTOR SPDR TR,36130.0,500000.0,,,,
81369Y506,Sold Out,SELECT SECTOR SPDR TR,25652.0,355000.0,,,,
37045V100,Not New,GENERAL MOTORS CO,6178.0,170000.0,8403.0,205000.0,2225.0,35000.0
37045V100,Not New,GENERAL MOTORS CO,6178.0,170000.0,1640.0,40000.0,-4538.0,-130000.0
37045V100,Not New,GENERAL MOTORS CO,2544.0,70000.0,8403.0,205000.0,5859.0,135000.0
37045V100,Not New,GENERAL MOTORS CO,2544.0,70000.0,1640.0,40000.0,-904.0,-30000.0
885160101,Sold Out,THOR INDS INC,15072.0,100000.0,,,,
N20944109,Not New,CNH INDL N V,447.0,36055.0,1454.0,108541.0,1007.0,72486.0
78463V107,New Holding,SPDR GOLD TRUST,,,23145.0,184000.0,,
N00985106,Sold Out,AERCAP HOLDINGS NV,5258.0,99944.0,,,,
85570W100,Sold Out,STARS GROUP INC,3495.0,150000.0,,,,
539830109,New Holding,LOCKHEED MARTIN CORP,,,47006.0,139100.0,,
78516C114,Not New,SABAN CAP ACQUISITION CORP,975.0,750000.0,945.0,750000.0,-30.0,0.0
23130C108,New Holding,CURRENCYSHARES EURO TR,,,23666.0,200000.0,,
249908AA2,Not New,DEPOMED INC,3270.0,4000000.0,3398.0,4000000.0,128.0,0.0
285512109,New Holding,ELECTRONIC ARTS INC,,,50921.0,420000.0,,
Y09827109,Not New,BROADCOM LTD,77765.0,330000.0,50096.0,195000.0,-27669.0,-135000.0
G62848109,Not New,MOSAIC ACQUISITION CORP,10780.0,1100000.0,10670.0,1100000.0,-110.0,0.0
46267X108,New Holding,IQIYI INC,,,358.0,23000.0,,
N97284108,Not New,YANDEX N V,34519.0,875000.0,27019.0,825000.0,-7500.0,-50000.0
747525103,New Holding,QUALCOMM INC,,,11082.0,200000.0,,
G8250R103,Not New,SOCIAL CAP HEDOSOPHIA HLDGS,5015.0,500000.0,5040.0,500000.0,25.0,0.0
38388F108,Not New,WR GRACE & CO,4257.0,69522.0,3957.0,56418.0,-300.0,-13104.0
778296103,Sold Out,ROSS STORES INC,18056.0,225000.0,,,,
701877102,New Holding,PARSLEY ENERGY INC,,,725.0,25000.0,,
12508E101,Not New,CDK GLOBAL INC,12760.0,201455.0,7128.0,100000.0,-5632.0,-101455.0
12508E101,Not New,CDK GLOBAL INC,12760.0,201455.0,27216.0,381813.0,14456.0,180358.0
17275R102,Sold Out,CISCO SYS INC,9575.0,250000.0,,,,
30303M102,Not New,FACEBOOK INC,3196.0,20000.0,180872.0,1025000.0,177676.0,1005000.0
30303M102,Not New,FACEBOOK INC,23170.0,145000.0,180872.0,1025000.0,157702.0,880000.0
060505104,Not New,BANK AMER CORP,105715.0,3525000.0,2952.0,100000.0,-102763.0,-3425000.0
060505104,Not New,BANK AMER CORP,105715.0,3525000.0,25092.0,850000.0,-80623.0,-2675000.0
20605P101,New Holding,CONCHO RES INC,,,752.0,5000.0,,
74373B109,Sold Out,PROTEOSTASIS THERAPEUTICS IN,583.0,100000.0,,,,
60879B107,New Holding,MOMO INC,,,24297.0,650000.0,,
G0726L125,Not New,AVISTA HEALTHCARE PUB ACQ CO,13886.0,1390000.0,14781.0,1490000.0,895.0,100000.0
25754A201,New Holding,DOMINOS PIZZA INC,,,8175.0,35000.0,,
110122108,Not New,BRISTOL MYERS SQUIBB CO,11264.0,178083.0,11774.0,192140.0,510.0,14057.0
98954M200,Not New,ZILLOW GROUP INC,37704.0,700812.0,22914.0,559971.0,-14790.0,-140841.0
92211L105,Not New,VANTAGE ENERGY ACQUISITION,9790.0,1000000.0,9720.0,1000000.0,-70.0,0.0
002896207,Sold Out,ABERCROMBIE & FITCH CO,6536.0,375000.0,,,,
443510607,Not New,HUBBELL INC,2166.0,17790.0,2987.0,22067.0,821.0,4277.0
81369Y100,Sold Out,SELECT SECTOR SPDR TR,4237.0,70000.0,,,,
464288513,Sold Out,ISHARES TR,87260.0,1000000.0,,,,
13321L108,Sold Out,CAMECO CORP,738.0,80000.0,,,,
05463X106,Not New,AXOGEN INC,2738.0,75000.0,1415.0,50000.0,-1323.0,-25000.0
Y37828129,Not New,HUNTER MARITIME ACQUISITION,158.0,350000.0,105.0,350000.0,-53.0,0.0
001547108,Sold Out,AK STL HLDG CORP,283.0,50000.0,,,,
364760108,Sold Out,GAP INC DEL,8515.0,250000.0,,,,
25179M103,New Holding,DEVON ENERGY CORP NEW,,,23843.0,750000.0,,
929160109,Sold Out,VULCAN MATLS CO,30737.0,239442.0,,,,
38000Q102,New Holding,GLYCOMIMETICS INC,,,1988.0,122500.0,,
98919V105,Not New,ZAYO GROUP HOLDINGS INC,29036.0,850000.0,22080.0,600000.0,-6956.0,-250000.0
G7945M107,New Holding,SEAGATE TECHNOLOGY,,,15426.0,263600.0,,
00289Y107,Sold Out,ABEONA THERAPEUTICS INC,1585.0,100000.0,,,,
679295105,Not New,OKTA INC,11955.0,300000.0,17053.0,665865.0,5098.0,365865.0
929089100,Not New,VOYA FINANCIAL INC,46460.0,920000.0,88720.0,1793415.0,42260.0,873415.0
G7126L118,New Holding,PLATINUM EAGLE ACQUISITIN CO,,,500.0,400000.0,,
29269A102,New Holding,ENDOCYTE INC,,,455.0,50000.0,,
27616L110,Not New,EASTERLY ACQUISITION CORP,215.0,256000.0,152.0,256000.0,-63.0,0.0
69366J200,Not New,PTC THERAPEUTICS INC,4736.0,175000.0,834.0,50000.0,-3902.0,-125000.0
09857L108,New Holding,BOOKING HLDGS INC,,,22884.0,11000.0,,
168905107,Not New,CHILDRENS PL INC,10144.0,75000.0,14535.0,100000.0,4391.0,25000.0
168905107,Not New,CHILDRENS PL INC,10144.0,75000.0,21803.0,150000.0,11659.0,75000.0
805111101,Sold Out,SAVARA INC,705.0,47500.0,,,,
37954X113,Sold Out,GLOBAL PARTNER ACQUISITION C,648.0,600000.0,,,,
02133L117,New Holding,ALTA MESA RES INC,,,775.0,500000.0,,
629076100,New Holding,NEBULA ACQUISITION CORP,,,12053.0,1240000.0,,
G66964118,Not New,OCEAN RIG UDW INC,2523.0,100000.0,2693.0,100502.0,170.0,502.0
477143101,Sold Out,JETBLUE AIRWAYS CORP,1340.0,60000.0,,,,
90384S303,Not New,ULTA BEAUTY INC,15320.0,75000.0,16775.0,75000.0,1455.0,0.0
00751Y106,New Holding,ADVANCE AUTO PARTS INC,,,14819.0,125000.0,,
124857202,Sold Out,CBS CORP NEW,28025.0,475000.0,,,,
855244109,Sold Out,STARBUCKS CORP,22972.0,400000.0,,,,
12572Q105,Not New,CME GROUP INC,16988.0,105032.0,15340.0,105032.0,-1648.0,0.0
910047109,Sold Out,UNITED CONTL HLDGS INC,1685.0,25000.0,,,,
30040P103,Sold Out,EVERTEC INC,14254.0,1044262.0,,,,
76116A306,New Holding,RESOLUTE ENERGY CORP,,,3007.0,86790.0,,
971375118,Not New,WILLSCOT CORP,2505.0,1500000.0,2160.0,1500000.0,-345.0,0.0
466367109,Sold Out,JACK IN THE BOX INC,12264.0,125000.0,,,,
31421V115,Not New,FEDERAL STR ACQUISITION CORP,625.0,500000.0,525.0,500000.0,-100.0,0.0
036642106,Sold Out,ANTARES PHARMA INC,279.0,140000.0,,,,
369604103,Not New,GENERAL ELECTRIC CO,316.0,23433.0,545.0,31245.0,229.0,7812.0
26884L109,Not New,EQT CORP,33813.0,711696.0,3415.0,60000.0,-30398.0,-651696.0
053332102,Sold Out,AUTOZONE INC,32012.0,45000.0,,,,
36165L108,Not New,GDS HLDGS LTD,82178.0,2993740.0,44955.0,1995340.0,-37223.0,-998400.0
78462F103,Not New,SPDR S&P 500 ETF TR,171048.0,650000.0,907324.0,3400000.0,736276.0,2750000.0
78462F103,Not New,SPDR S&P 500 ETF TR,26315.0,100000.0,907324.0,3400000.0,881009.0,3300000.0
92337C104,Sold Out,VERASTEM INC,409.0,133331.0,,,,
464287234,Not New,ISHARES TR,644538.0,13350000.0,47120.0,1000000.0,-597418.0,-12350000.0
464287234,Not New,ISHARES TR,644538.0,13350000.0,46884.0,995000.0,-597654.0,-12355000.0
464287234,Not New,ISHARES TR,264258.0,5473449.0,47120.0,1000000.0,-217138.0,-4473449.0
464287234,Not New,ISHARES TR,264258.0,5473449.0,46884.0,995000.0,-217374.0,-4478449.0
37518N205,Sold Out,GIGCAPITAL INC,2500.0,250000.0,,,,
212015101,New Holding,CONTINENTAL RESOURCES INC,,,14738.0,250000.0,,
40416M105,Sold Out,HD SUPPLY HLDGS INC,17013.0,425000.0,,,,
773903109,Sold Out,ROCKWELL AUTOMATION INC,982.0,5000.0,,,,
913017109,Not New,UNITED TECHNOLOGIES CORP,12311.0,97848.0,1757.0,13772.0,-10554.0,-84076.0
G89827110,Not New,TPG PACE HLDGS CORP,477.0,300000.0,465.0,300000.0,-12.0,0.0
318672706,Not New,FIRST BANCORP P R,49830.0,8277395.0,22409.0,4393972.0,-27421.0,-3883423.0
G8250R129,Not New,SOCIAL CAP HEDOSOPHIA HLDGS,277.0,166666.0,292.0,166666.0,15.0,0.0
755111507,New Holding,RAYTHEON COMPANY,,,46940.0,217495.0,,
00507V109,Sold Out,ACTIVISION BLIZZARD INC,18996.0,300000.0,,,,
81369Y886,Sold Out,SELECT SECTOR SPDR TR,1923.0,36500.0,,,,
N47279109,Not New,INTERXION HOLDING NV,49688.0,800000.0,64823.0,1100000.0,15135.0,300000.0
G05384105,New Holding,ASPEN INSURANCE HOLDINGS LTD,,,12334.0,275000.0,,
G5876H105,New Holding,MARVELL TECHNOLOGY GROUP LTD,,,10500.0,500000.0,,
79466L302,Not New,SALESFORCE COM INC,20934.0,180000.0,30669.0,300000.0,9735.0,120000.0
78464A698,Not New,SPDR SERIES TRUST,40461.0,670000.0,39430.0,670000.0,-1031.0,0.0
78464A698,Not New,SPDR SERIES TRUST,40461.0,670000.0,22069.0,375000.0,-18392.0,-295000.0
928563402,Sold Out,VMWARE INC,25064.0,200000.0,,,,
872656103,Not New,TPG PACE ENERGY HLDGS CORP,28308.0,2800000.0,24350.0,2500000.0,-3958.0,-300000.0
87612E106,Sold Out,TARGET CORP,6525.0,100000.0,,,,
65158N102,Sold Out,NEWMARK GROUP INC,795.0,50000.0,,,,
26875P101,New Holding,EOG RES INC,,,10527.0,100000.0,,
82812A111,Sold Out,SILVER RUN ACQUISITION,1332.0,900000.0,,,,
963320106,Sold Out,WHIRLPOOL CORP,519.0,3075.0,,,,
44109J114,Not New,HOSTESS BRANDS INC,472.0,200000.0,466.0,200000.0,-6.0,0.0
92826C839,Not New,VISA INC,59810.0,500000.0,14253.0,125000.0,-45557.0,-375000.0
78516C106,Not New,SABAN CAP ACQUISITION CORP,14910.0,1500000.0,14865.0,1500000.0,-45.0,0.0
09609G100,Sold Out,BLUEBIRD BIO INC,3277.0,18400.0,,,,
243537107,Sold Out,DECKERS OUTDOOR CORP,8025.0,100000.0,,,,
032654105,New Holding,ANALOG DEVICES INC,,,31896.0,350000.0,,
874080104,Not New,TAL ED GROUP,38945.0,1050000.0,5942.0,200000.0,-33003.0,-850000.0
81369Y605,Sold Out,SELECT SECTOR SPDR TR,41865.0,1500000.0,,,,
81369Y605,Sold Out,SELECT SECTOR SPDR TR,24700.0,885000.0,,,,
61945C103,Sold Out,MOSAIC CO NEW,2566.0,100000.0,,,,
G18920127,Not New,CAPITOL INVT CORP IV,138.0,116666.0,128.0,116666.0,-10.0,0.0
G0684D107,Sold Out,ATHENE HLDG LTD,12928.0,250000.0,,,,
580135101,Sold Out,MCDONALDS CORP,25818.0,150000.0,,,,
103304101,Sold Out,BOYD GAMING CORP,3505.0,100000.0,,,,
889478103,New Holding,TOLL BROTHERS INC,,,4325.0,100000.0,,
339750101,Not New,FLOOR & DECOR HLDGS INC,13030.0,250000.0,10953.0,225000.0,-2077.0,-25000.0
235851102,Not New,DANAHER CORP,1423.0,14534.0,12668.0,136482.0,11245.0,121948.0
G3105C112,Not New,ELECTRUM SPL ACQUISITION COR,80.0,250000.0,101.0,250000.0,21.0,0.0
052769106,Not New,AUTODESK INC,3140.0,25000.0,1720.0,16407.0,-1420.0,-8593.0
44267D107,Sold Out,HOWARD HUGHES CORP,3284.0,25018.0,,,,
92927K102,Not New,WABCO HOLDINGS INC,1415.0,10569.0,2886.0,20110.0,1471.0,9541.0
053774105,New Holding,AVIS BUDGET GROUP,,,2342.0,50000.0,,
693506107,Not New,PPG INDUSTRIES INC,256.0,2293.0,688.0,5889.0,432.0,3596.0
26078J100,New Holding,DOWDUPONT INC,,,1593.0,25000.0,,
26078J100,New Holding,DOWDUPONT INC,,,1593.0,25000.0,,
516544103,New Holding,LANTHEUS HOLDINGS INC,,,795.0,50000.0,,
61166W101,Not New,MONSANTO CO,9919.0,85000.0,69951.0,599000.0,60032.0,514000.0
M84920103,Not New,STEADYMED LTD,731.0,225000.0,833.0,225000.0,102.0,0.0
811292101,New Holding,SCYNEXIS INC,,,369.0,275000.0,,
82900L110,Not New,SIMPLY GOOD FOODS CO,1050.0,299900.0,1164.0,299900.0,114.0,0.0
886547108,Sold Out,TIFFANY & CO NEW,10993.0,105750.0,,,,
G46408103,New Holding,HUDSON LTD,,,25058.0,1575000.0,,
01609W102,Not New,ALIBABA GROUP HLDG LTD,251174.0,1368500.0,195708.0,1135000.0,-55466.0,-233500.0
92189F403,Not New,VANECK VECTORS ETF TR,11370.0,500000.0,10605.0,500000.0,-765.0,0.0
92189F403,Not New,VANECK VECTORS ETF TR,11370.0,500000.0,10605.0,500000.0,-765.0,0.0
92189F403,Not New,VANECK VECTORS ETF TR,11370.0,500000.0,5303.0,250000.0,-6067.0,-250000.0
92189F403,Not New,VANECK VECTORS ETF TR,11370.0,500000.0,10605.0,500000.0,-765.0,0.0
92189F403,Not New,VANECK VECTORS ETF TR,11370.0,500000.0,10605.0,500000.0,-765.0,0.0
92189F403,Not New,VANECK VECTORS ETF TR,11370.0,500000.0,5303.0,250000.0,-6067.0,-250000.0
117043109,Sold Out,BRUNSWICK CORP,11044.0,200000.0,,,,
22822V101,Not New,CROWN CASTLE INTL CORP NEW,72343.0,660000.0,94359.0,850000.0,22016.0,190000.0
92763W103,Not New,VIPSHOP HLDGS LTD,29916.0,1800000.0,16408.0,1400000.0,-13508.0,-400000.0
281020107,Not New,EDISON INTL,2164.0,34000.0,2213.0,35000.0,49.0,1000.0
462726100,Sold Out,IROBOT CORP,13423.0,175000.0,,,,
420870107,Not New,HAYMAKER ACQUISITION CORP,2388.0,250000.0,2390.0,250000.0,2.0,0.0
741503403,Sold Out,PRICELINE GRP INC,14771.0,8500.0,,,,
78410G104,New Holding,SBA COMMUNICATIONS CORP,,,10255.0,60000.0,,
19625W104,New Holding,COLONY NORTHSTAR INC,,,843.0,150000.0,,
872590104,Not New,T MOBILE US INC,15260.0,250000.0,3334.0,52488.0,-11926.0,-197512.0
45252L103,Sold Out,IMMUNE DESIGN CORP,390.0,100000.0,,,,
126408103,New Holding,CSX CORP,,,11142.0,200000.0,,
126408103,New Holding,CSX CORP,,,2786.0,50000.0,,
22943F100,New Holding,CTRIP COM INTL LTD,,,8159.0,175000.0,,
127686103,Not New,CAESARS ENTERTAINMENT CORP,5063.0,450000.0,23719.0,1875000.0,18656.0,1425000.0
907818108,New Holding,UNION PACIFIC CORP,,,7394.0,55000.0,,
92211L113,Not New,VANTAGE ENERGY ACQUISITION,483.0,333333.0,400.0,333333.0,-83.0,0.0
651511107,Sold Out,NEWLINK GENETICS CORP,811.0,100000.0,,,,
36164Y101,Not New,GCP APPLIED TECHNOLOGIES,18500.0,636848.0,3444.0,107950.0,-15056.0,-528898.0
36164Y101,Not New,GCP APPLIED TECHNOLOGIES,1066.0,36700.0,3444.0,107950.0,2378.0,71250.0
23257D103,Not New,CYMABAY THERAPEUTICS INC,650.0,50000.0,460.0,50000.0,-190.0,0.0
550021109,Sold Out,LULULEMON ATHLETICA INC,38509.0,490000.0,,,,
00724F101,New Holding,ADOBE SYS INC,,,21608.0,100000.0,,
46429B671,Sold Out,ISHARES TR,6321.0,95000.0,,,,
G81276100,Sold Out,SIGNET JEWELERS LIMITED,932.0,16488.0,,,,
23331A109,New Holding,D R HORTON INC,,,4384.0,100000.0,,
78464A870,New Holding,SPDR SERIES TRUST,,,8773.0,100000.0,,
G16962105,Not New,BUNGE LTD,7182.0,97135.0,9767.0,145605.0,2585.0,48470.0
032511107,Sold Out,ANADARKO PETE CORP,87165.0,1625000.0,,,,
55608B105,New Holding,MACQUARIE INFRASTRUCTURE COR,,,4986.0,135000.0,,
G0751N103,Not New,ATLANTICA YIELD PLC,10769.0,550000.0,6912.0,325900.0,-3857.0,-224100.0
G68707101,New Holding,PAGSEGURO DIGITAL LTD,,,9580.0,250000.0,,
983134107,Not New,WYNN RESORTS LTD,20516.0,112500.0,8430.0,50000.0,-12086.0,-62500.0
02553E106,Sold Out,AMERICAN EAGLE OUTFITTERS,9400.0,500000.0,,,,
405024100,Sold Out,HAEMONETICS CORP,2904.0,50000.0,,,,
703481101,New Holding,PATTERSON UTI ENERGY INC,,,963.0,55000.0,,
G8062D110,Not New,SENTINEL ENERGY SVCS INC,158.0,166666.0,0.0,166666.0,-158.0,0.0
78464A730,Not New,SPDR SERIES TRUST,3522.0,100000.0,48334.0,1300000.0,44812.0,1200000.0
78464A730,Not New,SPDR SERIES TRUST,59874.0,1700000.0,48334.0,1300000.0,-11540.0,-400000.0
32008D106,Sold Out,FIRST DATA CORP NEW,4495.0,269026.0,,,,
36197T103,Not New,GW PHARMACEUTICALS PLC,1127.0,10000.0,2640.0,20000.0,1513.0,10000.0
G4182A102,Not New,GTY TECHNOLOGY HOLDINGS INC,25870.0,2600000.0,25818.0,2600000.0,-52.0,0.0
382867109,Not New,GORES HLDGS II INC,19000.0,1900000.0,18886.0,1900000.0,-114.0,0.0
595017104,New Holding,MICROCHIP TECHNOLOGY INC,,,24667.0,270000.0,,
233326107,Sold Out,DST SYS INC DEL,5400.0,87000.0,,,,
02376R102,Sold Out,AMERICAN AIRLS GROUP INC,1301.0,25000.0,,,,
524643111,Not New,LEGACY ACQUISITION CORP,175.0,500000.0,210.0,500000.0,35.0,0.0
72703H101,Not New,PLANET FITNESS INC,32105.0,850000.0,41556.0,1200000.0,9451.0,350000.0
92189F106,New Holding,VANECK VECTORS ETF TR,,,828.0,37661.0,,
74967X103,Sold Out,RH,15087.0,175000.0,,,,
524643103,Not New,LEGACY ACQUISITION CORP,4795.0,500000.0,4805.0,500000.0,10.0,0.0
464287739,Sold Out,ISHARES TR,16202.0,200000.0,,,,
37518N106,New Holding,GIGCAPITAL INC,,,2443.0,250000.0,,
48661U110,Not New,KAYNE ANDERSON ACQUISITION,475.0,500000.0,425.0,500000.0,-50.0,0.0
46434G780,Sold Out,ISHARES INC,5186.0,200000.0,,,,
751212101,Sold Out,RALPH LAUREN CORP,18146.0,175000.0,,,,
G81477104,Not New,SINA CORP,18247.0,175000.0,16802.0,167500.0,-1445.0,-7500.0
876568502,Sold Out,TATA MTRS LTD,1333.0,40311.0,,,,
023135106,Not New,AMAZON COM INC,152590.0,105428.0,105837.0,90500.0,-46753.0,-14928.0
101044105,Not New,BOSTON OMAHA CORP,1640.0,75000.0,1620.0,50000.0,-20.0,-25000.0
90238J103,New Holding,TYME TECHNOLOGIES INC,,,335.0,150000.0,,
98212B103,Sold Out,WPX ENERGY INC,4221.0,300000.0,,,,
056752108,New Holding,BAIDU INC,,,5580.0,25000.0,,
058498106,New Holding,BALL CORP,,,6552.0,165000.0,,
674215108,Not New,OASIS PETROLEUM INC,7493.0,925000.0,841.0,100000.0,-6652.0,-825000.0
98156Q108,Sold Out,WORLD WRESTLING ENTMT INC,1529.0,50000.0,,,,
73935A104,Not New,POWERSHARES QQQ TRUST,16013.0,100000.0,44392.0,285000.0,28379.0,185000.0
73935A104,Not New,POWERSHARES QQQ TRUST,24020.0,150000.0,44392.0,285000.0,20372.0,135000.0
670346105,Sold Out,NUCOR CORP,5370.0,84457.0,,,,
82812A103,Sold Out,SILVER RUN ACQUISITION,14865.0,1500000.0,,,,
14040H105,Not New,CAPITAL ONE FINL CORP,38328.0,400000.0,62238.0,625000.0,23910.0,225000.0
369550108,New Holding,GENERAL DYNAMICS CORP,,,45227.0,204740.0,,
G8062D102,Not New,SENTINEL ENERGY SVCS INC,4850.0,500000.0,5000.0,500000.0,150.0,0.0
693656100,Not New,PVH CORP,30286.0,200000.0,51454.0,375000.0,21168.0,175000.0
887317303,Not New,TIME WARNER INC,68571.0,725000.0,9147.0,100000.0,-59424.0,-625000.0
887317303,Not New,TIME WARNER INC,68571.0,725000.0,50309.0,550000.0,-18262.0,-175000.0
G4182A128,Not New,GTY TECHNOLOGY HOLDINGS INC,1159.0,942666.0,1273.0,942666.0,114.0,0.0
46146L101,New Holding,INVESTORS BANCORP INC,,,46678.0,3422117.0,,
G62848125,Not New,MOSAIC ACQUISITION CORP,477.0,366666.0,477.0,366666.0,0.0,0.0
20337X109,New Holding,COMMSCOPE HLDG CO INC,,,14789.0,370000.0,,
87165B103,Not New,SYNCHRONY FINANCIAL,8383.0,250000.0,50193.0,1300000.0,41810.0,1050000.0
896522109,New Holding,TRINITY INDUSTRIES INC,,,3752.0,115000.0,,
G18920101,Not New,CAPITOL INVT CORP IV,3392.0,350000.0,3388.0,350000.0,-4.0,0.0
53115L104,New Holding,LIBERTY OILFIELD SVCS INC,,,676.0,40000.0,,
88160R101,Sold Out,TESLA INC,998.0,3205.0,,,,
88160R101,Sold Out,TESLA INC,1868.0,6000.0,,,,
571903202,Not New,MARRIOTT INTL INC NEW,15298.0,112500.0,20360.0,150000.0,5062.0,37500.0
48661U102,Not New,KAYNE ANDERSON ACQUISITION,14685.0,1500000.0,14565.0,1500000.0,-120.0,0.0
733174700,Not New,POPULAR INC,35757.0,859125.0,29338.0,826649.0,-6419.0,-32476.0
382867117,Not New,GORES HLDGS II INC,1077.0,633333.0,1273.0,633333.0,196.0,0.0
37518N114,New Holding,GIGCAPITAL INC,,,95.0,250000.0,,
78486Q101,Not New,SVB FINANCIAL GROUP,48002.0,200000.0,70131.0,300000.0,22129.0,100000.0
G89827128,Not New,TPG PACE HLDGS CORP,8820.0,900000.0,8775.0,900000.0,-45.0,0.0
90184L102,New Holding,TWITTER INC,,,37524.0,1293489.0,,
031100100,Not New,AMETEK INC NEW,762.0,10036.0,3723.0,51375.0,2961.0,41339.0
38046YAB7,New Holding,GOLAR LNG LTD,,,6113.0,6000000.0,,
37518N122,New Holding,GIGCAPITAL INC,,,96.0,187500.0,,
526057104,New Holding,LENNAR CORP,,,5894.0,100000.0,,
882508104,New Holding,TEXAS INSTRUMENTS INC,,,15584.0,150000.0,,
617446448,Not New,MORGAN STANLEY,75328.0,1396000.0,49322.0,940000.0,-26006.0,-456000.0
51476W115,Not New,LANDCADIA HOLDINGS INC,900.0,1225000.0,858.0,1225000.0,-42.0,0.0
876030107,Not New,TAPESTRY INC,26831.0,510000.0,16586.0,375000.0,-10245.0,-135000.0
871639308,Not New,SYNERGY PHARMACEUTICALS INC,229.0,125000.0,502.0,225000.0,273.0,100000.0
