CUSIP,status,NAME OF ISSUER,(x$1000)_old,PRN AMT_old,(x$1000),PRN AMT,(x$1000)_change,PRN AMT_change
23291E117,Not New,DFB HEALTHCARE ACQUISTION CO,450.0,333333.0,413.0,333333.0,-37.0,0.0
535919401,Not New,LIONS GATE ENTMNT CORP,6475.0,700000.0,8575.0,700000.0,2100.0,0.0
16679L109,Not New,CHEWY INC,15977.0,650000.0,9625.0,275000.0,-6352.0,-375000.0
23291E109,Not New,DFB HEALTHCARE ACQUISTION CO,10200.0,1000000.0,10130.0,1000000.0,-70.0,0.0
72582K209,New Holding,PIVOTAL INVT CORP II,,,4072.0,400000.0,,
464287432,Sold Out,ISHARES TR,66405.0,500000.0,,,,
G04415108,Not New,ANDINA ACQUISITION CORP III,3996.0,400000.0,3964.0,400000.0,-32.0,0.0
48669A108,Sold Out,KEANE GROUP INC,504.0,75000.0,,,,
34986F111,Not New,FORUM MERGER II CORP,295.0,500000.0,320.0,500000.0,25.0,0.0
48251W104,Sold Out,KKR & CO INC,3285.0,130000.0,,,,
150870103,New Holding,CELANESE CORP DEL,,,3057.0,25000.0,,
51476X105,Not New,LANDCADIA HLDGS II INC,4910.0,500000.0,4875.0,500000.0,-35.0,0.0
87105M110,New Holding,SWITCHBACK ENERGY ACQUISITIO,,,59.0,62300.0,,
55024U109,New Holding,LUMENTUM HLDGS INC,,,1339.0,25000.0,,
88023U101,Not New,TEMPUR SEALY INTL INC,15955.0,206667.0,27514.0,375000.0,11559.0,168333.0
83304A106,Not New,SNAP INC,18565.0,1175000.0,7460.0,521649.0,-11105.0,-653351.0
G6485P124,Not New,NEW FRONTIER CORP,250.0,250000.0,175.0,250000.0,-75.0,0.0
004225108,Not New,ACADIA PHARMACEUTICALS INC,8697.0,241653.0,7039.0,263326.0,-1658.0,21673.0
13645T100,Sold Out,CANADIAN PAC RY LTD,6808.0,28940.0,,,,
229050307,Sold Out,CRYOPORT INC,440.0,24000.0,,,,
G78516203,New Holding,SC HEALTH CORP,,,5910.0,600000.0,,
L8681T102,Not New,SPOTIFY TECHNOLOGY S A,5130.0,45000.0,11698.0,80000.0,6568.0,35000.0
46428Q109,New Holding,ISHARES SILVER TRUST,,,4776.0,300000.0,,
665531109,Not New,NORTHERN OIL & GAS INC NEV,1666.0,850000.0,1810.0,937747.0,144.0,87747.0
380237107,Sold Out,GODADDY INC,6314.0,90000.0,,,,
G04415132,Not New,ANDINA ACQUISITION CORP III,124.0,400000.0,87.0,400000.0,-37.0,0.0
57665R106,Sold Out,MATCH GROUP INC,16818.0,250000.0,,,,
89154L118,Not New,TORTOISE ACQUISITION CORP,122.0,200000.0,140.0,200000.0,18.0,0.0
846784106,Not New,SPARTAN ENERGY ACQUISITON CO,4545.0,450000.0,7000.0,700000.0,2455.0,250000.0
61946M118,Not New,MOSAIC ACQUISITION CORP,422.0,366666.0,348.0,366666.0,-74.0,0.0
25280H100,Not New,DIAMONDPEAK HLDGS COR,8820.0,900000.0,8748.0,900000.0,-72.0,0.0
36255F102,Not New,GS ACQUISITION HLDGS CORP,15300.0,1500000.0,15150.0,1500000.0,-150.0,0.0
294600101,Not New,EQUITRANS MIDSTREAM CORPORAT,2328.0,160000.0,710.0,36000.0,-1618.0,-124000.0
629076118,Not New,NEBULA ACQUISITION CORP,413.0,413333.0,413.0,413333.0,0.0,0.0
892672106,Sold Out,TRADEWEB MKTS INC,14571.0,332600.0,,,,
03076C106,Not New,AMERIPRISE FINL INC,40453.0,275000.0,61693.0,425000.0,21240.0,150000.0
G22707114,Not New,COLLIER CREEK HOLDINGS,563.0,433333.0,585.0,433333.0,22.0,0.0
V0393H103,Not New,AZURE PWR GLOBAL LTD,1080.0,90000.0,950.0,90000.0,-130.0,0.0
666807102,Not New,NORTHROP GRUMMAN CORP,4872.0,13000.0,32473.0,100500.0,27601.0,87500.0
256746108,Not New,DOLLAR TREE INC,17124.0,150000.0,10739.0,100000.0,-6385.0,-50000.0
172967424,Sold Out,CITIGROUP INC,7703.0,110000.0,,,,
64110W102,New Holding,NETEASE INC,,,26618.0,100000.0,,
30212P303,Sold Out,EXPEDIA GROUP INC,13303.0,100000.0,,,,
122017106,Sold Out,BURLINGTON STORES INC,54615.0,320980.0,,,,
100557107,New Holding,BOSTON BEER INC,,,14563.0,40000.0,,
185899101,New Holding,CLEVELAND CLIFFS INC,,,1805.0,250000.0,,
30161N101,New Holding,EXELON CORP,,,3382.0,70000.0,,
848637104,Sold Out,SPLUNK INC,6288.0,50000.0,,,,
004285110,Not New,ACAMAR PARTNERS ACQSITION CO,247.0,333333.0,283.0,333333.0,36.0,0.0
31620M106,Not New,FIDELITY NATL INFORMATION SV,19914.0,150000.0,61340.0,500000.0,41426.0,350000.0
76131D103,New Holding,RESTAURANT BRANDS INTL INC,,,12450.0,175000.0,,
902494103,Not New,TYSON FOODS INC,9906.0,115000.0,5652.0,70000.0,-4254.0,-45000.0
609754114,Not New,MONOCLE ACQUISITION CORP,200.0,500000.0,175.0,500000.0,-25.0,0.0
64083J112,New Holding,NESCO HLDGS INC,,,100.0,116666.0,,
G0084W101,New Holding,ADIENT PLC,,,2296.0,100000.0,,
14575E105,Sold Out,CARS COM INC,986.0,50000.0,,,,
93368R101,New Holding,WANDA SPORTS GROUP CO LTD,,,5670.0,1400000.0,,
464287184,Not New,ISHARES TR,19900.0,500000.0,184339.0,4310000.0,164439.0,3810000.0
464287184,Not New,ISHARES TR,19900.0,500000.0,428.0,10000.0,-19472.0,-490000.0
68570P101,Sold Out,ORCHARD THERAPEUTICS PLC,280.0,20000.0,,,,
445658107,New Holding,HUNT J B TRANS SVCS INC,,,3873.0,35000.0,,
737010108,New Holding,PORTOLA PHARMACEUTICALS INC,,,5772.0,215209.0,,
548661107,Sold Out,LOWES COS INC,20182.0,200000.0,,,,
917047102,New Holding,URBAN OUTFITTERS INC,,,9129.0,325000.0,,
02156K103,Not New,ALTICE USA INC,12189.0,425000.0,26352.0,1082200.0,14163.0,657200.0
62857M105,Not New,MYOKARDIA INC,3358.0,64393.0,3023.0,60284.0,-335.0,-4109.0
681116109,Sold Out,OLLIES BARGAIN OUTLT HLDGS I,6533.0,75000.0,,,,
382872109,Not New,GORES METROPOULOS INC,11110.0,1100000.0,11077.0,1100000.0,-33.0,0.0
67066G104,New Holding,NVIDIA CORP,,,10444.0,60000.0,,
92511U102,Sold Out,VERRA MOBILITY CORP,1309.0,100000.0,,,,
03064D108,Not New,AMERICOLD RLTY TR,26322.0,710050.0,41013.0,1265050.0,14691.0,555000.0
594918104,Not New,MICROSOFT CORP,8342.0,60000.0,20094.0,150000.0,11752.0,90000.0
228368106,Sold Out,CROWN HOLDINGS INC,6110.0,100000.0,,,,
91336L107,New Holding,UNIVAR SOLUTIONS INC,,,4955.0,238700.0,,
91336L107,New Holding,UNIVAR SOLUTIONS INC,,,2076.0,100000.0,,
189464AC4,Not New,CLOVIS ONCOLOGY INC,642.0,1500000.0,998.0,1500000.0,356.0,0.0
G21810117,Not New,CLARIVATE ANALYTICS PLC,2945.0,500000.0,2375.0,500000.0,-570.0,0.0
499049104,Not New,KNIGHT SWIFT TRANSN HLDGS IN,7260.0,200000.0,3284.0,100000.0,-3976.0,-100000.0
838884203,Sold Out,SOUTH MTN MERGER CORP,5000.0,500000.0,,,,
92672L107,Not New,VIEWRAY INC,580.0,200000.0,1762.0,200000.0,1182.0,0.0
03272L108,Sold Out,ANAPLAN INC,13122.0,260000.0,,,,
42087L101,New Holding,HAYMAKER ACQUISITION CORP II,,,7425.0,750000.0,,
G67145113,New Holding,OAKTREE ACQUISITION CORP,,,175.0,166666.0,,
526057302,Not New,LENNAR CORP,7543.0,170000.0,6547.0,170000.0,-996.0,0.0
56585A102,Not New,MARATHON PETE CORP,9113.0,150000.0,19558.0,350000.0,10445.0,200000.0
253031108,New Holding,DICERNA PHARMACEUTICALS INC,,,2364.0,164596.0,,
74965L101,Sold Out,RLJ LODGING TR,1064.0,60000.0,,,,
02079K305,Not New,ALPHABET INC,25864.0,21180.0,10995.0,10154.0,-14869.0,-11026.0
G9456A100,Not New,GOLAR LNG LTD BERMUDA,6495.0,500000.0,8316.0,450000.0,1821.0,-50000.0
948596101,Not New,WEIBO CORP,3133.0,70000.0,8710.0,200000.0,5577.0,130000.0
G3165V109,Not New,ARYA SCIENCES ACQUISITION CO,3093.0,300000.0,3012.0,300000.0,-81.0,0.0
345370860,New Holding,FORD MTR CO DEL,,,1832.0,200000.0,,
824348106,New Holding,SHERWIN WILLIAMS CO,,,5224.0,9500.0,,
90138F102,Sold Out,TWILIO INC,6136.0,45000.0,,,,
95058W100,Sold Out,WENDYS CO,21538.0,1100000.0,,,,
212896104,New Holding,CONYERS PK II ACQUISITION CO,,,10125.0,1000000.0,,
647581107,Not New,NEW ORIENTAL ED & TECH GRP I,35997.0,325000.0,4829.0,50000.0,-31168.0,-275000.0
025816109,Sold Out,AMERICAN EXPRESS CO,12344.0,100000.0,,,,
98420N105,Not New,XENON PHARMACEUTICALS INC,451.0,50000.0,493.0,50000.0,42.0,0.0
G47791101,Sold Out,INGERSOLL-RAND PLC,10134.0,80000.0,,,,
G47791101,Sold Out,INGERSOLL-RAND PLC,5700.0,45000.0,,,,
G0750C108,Not New,AXALTA COATING SYS LTD,6633.0,220000.0,2382.0,80000.0,-4251.0,-140000.0
G0750C108,Not New,AXALTA COATING SYS LTD,6633.0,220000.0,2977.0,100000.0,-3656.0,-120000.0
G0750C108,Not New,AXALTA COATING SYS LTD,11156.0,370000.0,2382.0,80000.0,-8774.0,-290000.0
G0750C108,Not New,AXALTA COATING SYS LTD,11156.0,370000.0,2977.0,100000.0,-8179.0,-270000.0
532457108,Sold Out,LILLY ELI & CO,6999.0,63176.0,,,,
64110L106,Not New,NETFLIX INC,10705.0,40000.0,72362.0,197000.0,61657.0,157000.0
G3206V118,Not New,ESTRE AMBIENTAL INC,10.0,250000.0,10.0,250000.0,0.0,0.0
966387409,New Holding,WHITING PETE CORP NEW,,,522.0,65000.0,,
67103H107,Sold Out,O REILLY AUTOMOTIVE INC NEW,31392.0,85000.0,,,,
G11196105,Not New,BIOHAVEN PHARMACTL HLDG CO L,5035.0,120695.0,3065.0,70000.0,-1970.0,-50695.0
464287655,Sold Out,ISHARES TR,39419.0,253500.0,,,,
912008109,New Holding,US FOODS HLDG CORP,,,20550.0,500000.0,,
64083J104,New Holding,NESCO HLDGS INC,,,150.0,25000.0,,
00165R101,Not New,AMCI ACQUISITION CORP,1003.0,100000.0,1988.0,200000.0,985.0,100000.0
609754106,Not New,MONOCLE ACQUISITION CORP,5020.0,500000.0,4950.0,500000.0,-70.0,0.0
838884104,New Holding,SOUTH MTN MERGER CORP,,,4900.0,500000.0,,
17143G114,New Holding,CHURCHILL CAP CORP II,,,350.0,233333.0,,
464287242,New Holding,ISHARES TR,,,25496.0,200000.0,,
37045V100,Not New,GENERAL MTRS CO,5622.0,150000.0,7706.0,200000.0,2084.0,50000.0
37045V100,Not New,GENERAL MTRS CO,5622.0,150000.0,4431.0,115000.0,-1191.0,-35000.0
37045V100,Not New,GENERAL MTRS CO,3748.0,100000.0,7706.0,200000.0,3958.0,100000.0
37045V100,Not New,GENERAL MTRS CO,3748.0,100000.0,4431.0,115000.0,683.0,15000.0
265504100,Sold Out,DUNKIN BRANDS GROUP INC,9958.0,125000.0,,,,
29364G103,Sold Out,ENTERGY CORP NEW,2779.0,27000.0,,,,
78463V107,Sold Out,SPDR GOLD TRUST,33300.0,250000.0,,,,
78463V107,Sold Out,SPDR GOLD TRUST,5075.0,38100.0,,,,
92047W101,New Holding,VALVOLINE INC,,,3303.0,149923.0,,
98422L107,Not New,XERIS PHARMACEUTICALS INC,492.0,50000.0,1144.0,100000.0,652.0,50000.0
11777Q209,New Holding,B2GOLD CORP,,,3230.0,1000000.0,,
539830109,Sold Out,LOCKHEED MARTIN CORP,16359.0,45000.0,,,,
10319T119,Not New,BOXWOOD MERGER CORP,175.0,250000.0,155.0,250000.0,-20.0,0.0
51476X113,Not New,LANDCADIA HLDGS II INC,123.0,166666.0,142.0,166666.0,19.0,0.0
700517105,Sold Out,PARK HOTELS RESORTS INC,1378.0,50000.0,,,,
576323109,Sold Out,MASTEC INC,3865.0,75000.0,,,,
96208T104,Sold Out,WEX INC,41620.0,200000.0,,,,
249908AA2,Not New,ASSERTIO THERAPEUTICS INC,2980.0,4000000.0,2900.0,4000000.0,-80.0,0.0
285512109,Sold Out,ELECTRONIC ARTS INC,15189.0,150000.0,,,,
34986F103,Not New,FORUM MERGER II CORP,5050.0,500000.0,5030.0,500000.0,-20.0,0.0
887389104,Sold Out,TIMKEN CO,6161.0,120000.0,,,,
26614N102,Not New,DUPONT DE NEMOURS INC,13406.0,188000.0,9927.0,132230.0,-3479.0,-55770.0
G22707106,Not New,COLLIER CREEK HOLDINGS,13247.0,1300000.0,13000.0,1300000.0,-247.0,0.0
G8250R103,Not New,SOCIAL CAP HEDOSOPHIA HLDGS,8025.0,750000.0,5215.0,500000.0,-2810.0,-250000.0
38388F108,New Holding,GRACE W R & CO DEL NEW,,,2337.0,35000.0,,
60740F105,New Holding,MOBILE MINI INC,,,3686.0,100000.0,,
701877102,Not New,PARSLEY ENERGY INC,2520.0,150000.0,4753.0,250000.0,2233.0,100000.0
848577102,Sold Out,SPIRIT AIRLS INC,3818.0,80000.0,,,,
874039100,New Holding,TAIWAN SEMICONDUCTOR MFG LTD,,,8831.0,190000.0,,
620076307,New Holding,MOTOROLA SOLUTIONS INC,,,7668.0,45000.0,,
464286822,Not New,ISHARES INC,21360.0,500000.0,47718.0,1100000.0,26358.0,600000.0
22564L105,Not New,CRESCENT ACQUISITION CORP,4679.0,475000.0,4655.0,475000.0,-24.0,0.0
23284F105,Not New,CYTOMX THERAPEUTICS INC,738.0,100000.0,1403.0,125000.0,665.0,25000.0
30303M102,Not New,FACEBOOK INC,50753.0,285000.0,112905.0,585000.0,62152.0,300000.0
060505104,Not New,BANK AMER CORP,3938.0,135000.0,4640.0,160000.0,702.0,25000.0
03768F201,New Holding,APEX TECHNOLOGY ACQUISITN CO,,,5095.0,500000.0,,
395330103,Not New,GREENLANE HLDGS INC,2991.0,882353.0,8462.0,882353.0,5471.0,0.0
25754A201,Sold Out,DOMINOS PIZZA INC,11131.0,40000.0,,,,
17143G205,Sold Out,CHURCHILL CAP CORP II,7105.0,700000.0,,,,
38286G109,Not New,GORES HOLDINGS III INC,15165.0,1500000.0,15075.0,1500000.0,-90.0,0.0
110122108,Not New,BRISTOL MYERS SQUIBB CO,10133.0,199825.0,5121.0,112915.0,-5012.0,-86910.0
92189F676,Not New,VANECK VECTORS ETF TR,5957.0,50000.0,11018.0,100000.0,5061.0,50000.0
92189F676,Not New,VANECK VECTORS ETF TR,5957.0,50000.0,9916.0,90000.0,3959.0,40000.0
98954M200,Sold Out,ZILLOW GROUP INC,13190.0,284325.0,,,,
838884112,New Holding,SOUTH MTN MERGER CORP,,,213.0,250000.0,,
42087L119,New Holding,HAYMAKER ACQUISITION CORP II,,,375.0,250000.0,,
G2709G107,Sold Out,DELPHI TECHNOLOGIES PLC,4000.0,200000.0,,,,
31811A101,Not New,FINTECH ACQUISITION CORP III,5035.0,500000.0,4905.0,500000.0,-130.0,0.0
464288513,Sold Out,ISHARES TR,178719.0,2050000.0,,,,
464288513,Sold Out,ISHARES TR,20051.0,230000.0,,,,
80918TAB5,Sold Out,SCORPIO TANKERS INC,3011.0,3000000.0,,,,
13321L108,Not New,CAMECO CORP,4750.0,500000.0,4265.0,397515.0,-485.0,-102485.0
22788C105,Sold Out,CROWDSTRIKE HLDGS INC,5805.0,85000.0,,,,
302491303,Not New,F M C CORP,2186.0,24936.0,6050.0,72936.0,3864.0,48000.0
573284106,New Holding,MARTIN MARIETTA MATLS INC,,,3426.0,12500.0,,
91274U101,Not New,U S WELL SVCS INC,110.0,50340.0,243.0,50340.0,133.0,0.0
225447101,Not New,CREE INC,2450.0,50000.0,14045.0,250000.0,11595.0,200000.0
900435108,Sold Out,TURQUOISE HILL RESOURCES LTD,1240.0,1000000.0,,,,
277432100,Not New,EASTMAN CHEMICAL CO,1477.0,20000.0,5837.0,75000.0,4360.0,55000.0
42589C112,Not New,HENNESSY CAP ACQUSTION CORP,237.0,300000.0,180.0,300000.0,-57.0,0.0
25179M103,Sold Out,DEVON ENERGY CORP NEW,2282.0,80000.0,,,,
590479135,Not New,MESA AIR GROUP INC,1349.0,200000.0,3702.0,405000.0,2353.0,205000.0
749685103,New Holding,RPM INTL INC,,,6537.0,95000.0,,
603380106,Not New,MINERVA NEUROSCIENCES INC,737.0,95125.0,536.0,95125.0,-201.0,0.0
929160109,New Holding,VULCAN MATLS CO,,,3025.0,20000.0,,
911363109,Not New,UNITED RENTALS INC,7478.0,60000.0,11937.0,90000.0,4459.0,30000.0
911363109,Not New,UNITED RENTALS INC,7478.0,60000.0,3316.0,25000.0,-4162.0,-35000.0
911363109,Not New,UNITED RENTALS INC,1870.0,15000.0,11937.0,90000.0,10067.0,75000.0
911363109,Not New,UNITED RENTALS INC,1870.0,15000.0,3316.0,25000.0,1446.0,10000.0
33829M101,Not New,FIVE BELOW INC,15763.0,125000.0,9002.0,75000.0,-6761.0,-50000.0
38000Q102,Sold Out,GLYCOMIMETICS INC,596.0,50000.0,,,,
539183103,New Holding,LIVONGO HEALTH INC,,,262.0,15000.0,,
N53745100,New Holding,LYONDELLBASELL INDUSTRIES N,,,2953.0,33000.0,,
749641106,Not New,RMG ACQUISITION CORP,6895.0,700000.0,6839.0,700000.0,-56.0,0.0
81762P102,Not New,SERVICENOW INC,12693.0,50000.0,5164.0,18808.0,-7529.0,-31192.0
G06242104,New Holding,ATLASSIAN CORP PLC,,,6899.0,55000.0,,
89628U108,Not New,TRINE ACQUISITION CORP,4935.0,500000.0,4865.0,500000.0,-70.0,0.0
398438408,New Holding,GRIFOLS S A,,,4914.0,245198.0,,
05545E209,Not New,BHP GROUP PLC,10035.0,234244.0,13506.0,264244.0,3471.0,30000.0
69366J200,Not New,PTC THERAPEUTICS INC,8065.0,238455.0,8555.0,190118.0,490.0,-48337.0
09857L108,New Holding,BOOKING HLDGS INC,,,1963.0,1000.0,,
805111101,Not New,SAVARA INC,530.0,200000.0,474.0,200000.0,-56.0,0.0
02133L117,Sold Out,ALTA MESA RES INC,4.0,500000.0,,,,
723787107,Not New,PIONEER NAT RES CO,1509.0,12000.0,4154.0,27000.0,2645.0,15000.0
00165R119,Not New,AMCI ACQUISITION CORP,54.0,200000.0,66.0,200000.0,12.0,0.0
629076100,Not New,NEBULA ACQUISITION CORP,12623.0,1240000.0,12512.0,1240000.0,-111.0,0.0
48666K109,New Holding,KB HOME,,,8670.0,255000.0,,
00973Y108,Sold Out,AKERO THERAPEUTICS INC,192.0,10000.0,,,,
858119100,Not New,STEEL DYNAMICS INC,3725.0,125000.0,12986.0,430000.0,9261.0,305000.0
00751Y106,New Holding,ADVANCE AUTO PARTS INC,,,20675.0,125000.0,,
89628U116,Not New,TRINE ACQUISITION CORP,198.0,250000.0,190.0,250000.0,-8.0,0.0
124857202,Sold Out,CBS CORP NEW,9481.0,190000.0,,,,
03768E105,New Holding,APOLLO GLOBAL MGMT INC,,,42752.0,1130400.0,,
92243N111,Not New,VECTOIQ ACQUISITION CORP,245.0,500000.0,235.0,500000.0,-10.0,0.0
12572Q105,Not New,CME GROUP INC,22197.0,105032.0,20388.0,105032.0,-1809.0,0.0
846784122,Not New,SPARTAN ENERGY ACQUISITON CO,140.0,233333.0,208.0,233333.0,68.0,0.0
04269E107,New Holding,ARQULE INC,,,1076.0,150000.0,,
26884L109,Sold Out,EQT CORP,711.0,45000.0,,,,
80706P103,New Holding,SCHOLAR ROCK HLDG CORP,,,895.0,100000.0,,
36165L108,Not New,GDS HLDGS LTD,13026.0,325000.0,28178.0,750000.0,15152.0,425000.0
78462F103,Not New,SPDR S&P 500 ETF TR,118708.0,400000.0,14650.0,50000.0,-104058.0,-350000.0
78462F103,Not New,SPDR S&P 500 ETF TR,118708.0,400000.0,216820.0,740000.0,98112.0,340000.0
78462F103,Not New,SPDR S&P 500 ETF TR,29677.0,100000.0,14650.0,50000.0,-15027.0,-50000.0
78462F103,Not New,SPDR S&P 500 ETF TR,29677.0,100000.0,216820.0,740000.0,187143.0,640000.0
163851108,New Holding,CHEMOURS CO,,,1494.0,100000.0,,
464287234,Not New,ISHARES TR,20435.0,500000.0,136454.0,3180000.0,116019.0,2680000.0
464287234,Not New,ISHARES TR,20435.0,500000.0,40979.0,955000.0,20544.0,455000.0
464287234,Not New,ISHARES TR,8174.0,200000.0,136454.0,3180000.0,128280.0,2980000.0
464287234,Not New,ISHARES TR,8174.0,200000.0,40979.0,955000.0,32805.0,755000.0
98462Y100,Sold Out,YAMANA GOLD INC,5670.0,2250000.0,,,,
177376100,Sold Out,CITRIX SYS INC,25516.0,260000.0,,,,
30734W109,Not New,FAR PT ACQUISITION CORP,5110.0,500000.0,5095.0,500000.0,-15.0,0.0
05550J101,Not New,BJS WHSL CLUB HLDGS INC,14875.0,575000.0,21120.0,800000.0,6245.0,225000.0
282914100,New Holding,8X8 INC NEW,,,10671.0,515000.0,,
292505104,Sold Out,ENCANA CORP,770.0,150000.0,,,,
773903109,New Holding,ROCKWELL AUTOMATION INC,,,16480.0,100000.0,,
773903109,New Holding,ROCKWELL AUTOMATION INC,,,2472.0,15000.0,,
04335A105,Sold Out,ARVINAS INC,1319.0,60000.0,,,,
15189T107,Sold Out,CENTERPOINT ENERGY INC,5010.0,175000.0,,,,
10319T101,Not New,BOXWOOD MERGER CORP,2520.0,250000.0,2463.0,250000.0,-57.0,0.0
913017109,Sold Out,UNITED TECHNOLOGIES CORP,12044.0,92500.0,,,,
913017109,Sold Out,UNITED TECHNOLOGIES CORP,1953.0,15000.0,,,,
960413102,Sold Out,WESTLAKE CHEM CORP,4862.0,70000.0,,,,
G89827110,Not New,TPG PACE HLDGS CORP,474.0,300000.0,474.0,300000.0,0.0,0.0
86771W105,New Holding,SUNRUN INC,,,1253.0,75000.0,,
008474108,Not New,AGNICO EAGLE MINES LTD,3187.0,59442.0,10121.0,197522.0,6934.0,138080.0
G8250R129,Not New,SOCIAL CAP HEDOSOPHIA HLDGS,417.0,166666.0,223.0,166666.0,-194.0,0.0
146869102,Sold Out,CARVANA CO,14083.0,225000.0,,,,
755111507,New Holding,RAYTHEON CO,,,26486.0,135000.0,,
57636Q104,Not New,MASTERCARD INC,47525.0,175000.0,56874.0,215000.0,9349.0,40000.0
N47279109,Not New,INTERXION HOLDING N.V,60297.0,740200.0,15218.0,200000.0,-45079.0,-540200.0
462260100,Not New,IOVANCE BIOTHERAPEUTICS INC,2250.0,123599.0,1839.0,75000.0,-411.0,-48599.0
G5876H105,Sold Out,MARVELL TECHNOLOGY GROUP LTD,12890.0,540000.0,,,,
79466L302,Sold Out,SALESFORCE COM INC,12897.0,85000.0,,,,
651639106,New Holding,NEWMONT GOLDCORP CORPORATION,,,3223.0,85000.0,,
83200N103,Not New,SMARTSHEET INC,5765.0,160000.0,12342.0,255000.0,6577.0,95000.0
87612E106,Not New,TARGET CORP,18709.0,175000.0,15157.0,175000.0,-3552.0,0.0
004285102,Not New,ACAMAR PARTNERS ACQSITION CO,9960.0,1000000.0,9720.0,1000000.0,-240.0,0.0
253393102,New Holding,DICKS SPORTING GOODS INC,,,15304.0,375000.0,,
54951L109,Not New,LUCKIN COFFEE INC,11400.0,600000.0,7796.0,400000.0,-3604.0,-200000.0
067901108,Not New,BARRICK GOLD CORPORATION,14582.0,841454.0,6308.0,400000.0,-8274.0,-441454.0
86730L109,New Holding,SUNDIAL GROWERS INC,,,6145.0,1281595.0,,
574599106,Sold Out,MASCO CORP,3532.0,90000.0,,,,
001084102,Sold Out,AGCO CORP,3491.0,45000.0,,,,
30283W104,Sold Out,FTS INTERNATIONAL INC,916.0,164170.0,,,,
63934E108,Sold Out,NAVISTAR INTL CORP NEW,3273.0,95000.0,,,,
44109J114,Not New,HOSTESS BRANDS INC,342.0,200000.0,380.0,200000.0,38.0,0.0
V7780T103,Sold Out,ROYAL CARIBBEAN CRUISES LTD,21212.0,175000.0,,,,
585464100,Sold Out,MELCO RESORTS AND ENTMT LTD,15204.0,700000.0,,,,
05156X108,New Holding,AURORA CANNABIS INC,,,439.0,100000.0,,
291011104,New Holding,EMERSON ELEC CO,,,8023.0,120000.0,,
749641114,Not New,RMG ACQUISITION CORP,175.0,233333.0,219.0,233333.0,44.0,0.0
30217C208,New Holding,EXPERIENCE INVESTMENT CORP,,,5005.0,500000.0,,
552074700,New Holding,LYON WILLIAM HOMES,,,3563.0,175000.0,,
449253103,Sold Out,IAA INC,5125.0,132149.0,,,,
61945C103,New Holding,MOSAIC CO NEW,,,2050.0,100000.0,,
G18920127,Sold Out,CAPITOL INVT CORP IV,162.0,116666.0,,,,
580135101,Sold Out,MCDONALDS CORP,15575.0,75000.0,,,,
30734W117,Not New,FAR PT ACQUISITION CORP,200.0,166666.0,217.0,166666.0,17.0,0.0
450913108,Not New,IAMGOLD CORP,538.0,157800.0,6850.0,2026694.0,6312.0,1868894.0
918204108,Not New,V F CORP,10234.0,115000.0,26205.0,300000.0,15971.0,185000.0
22564L113,Not New,CRESCENT ACQUISITION CORP,178.0,237500.0,154.0,237500.0,-24.0,0.0
71654V408,Sold Out,PETROLEO BRASILEIRO SA PETRO,3893.0,250000.0,,,,
Y7542C130,Not New,SCORPIO TANKERS INC,2976.0,100000.0,5904.0,200000.0,2928.0,100000.0
697900108,Sold Out,PAN AMERICAN SILVER CORP,3873.0,300000.0,,,,
N90064101,New Holding,UNIQURE NV,,,2584.0,65654.0,,
743187106,Not New,PROGENICS PHARMACEUTICALS IN,632.0,125000.0,617.0,100000.0,-15.0,-25000.0
254687106,Sold Out,DISNEY WALT CO,26881.0,192500.0,,,,
464286400,Sold Out,ISHARES INC,21860.0,500000.0,,,,
172062101,Sold Out,CINCINNATI FINL CORP,20734.0,200000.0,,,,
31811A119,Not New,FINTECH ACQUISITION CORP III,305.0,250000.0,340.0,250000.0,35.0,0.0
35671D857,Not New,FREEPORT-MCMORAN INC,6699.0,700000.0,19331.0,1665000.0,12632.0,965000.0
753422104,New Holding,RAPID7 INC,,,3404.0,75000.0,,
01609W102,Not New,ALIBABA GROUP HLDG LTD,86542.0,517500.0,105906.0,625000.0,19364.0,107500.0
517834107,Sold Out,LAS VEGAS SANDS CORP,14773.0,250000.0,,,,
459506101,New Holding,INTERNATIONAL FLAVORS&FRAGRA,,,230.0,1875.0,,
447011107,Not New,HUNTSMAN CORP,11118.0,478000.0,1022.0,50000.0,-10096.0,-428000.0
447011107,Not New,HUNTSMAN CORP,6978.0,300000.0,1022.0,50000.0,-5956.0,-250000.0
91912E105,Not New,VALE S A,18975.0,1650000.0,10080.0,750000.0,-8895.0,-900000.0
418056107,Not New,HASBRO INC,14836.0,125000.0,15852.0,150000.0,1016.0,25000.0
880890108,Sold Out,TERNIUM SA,2117.0,94388.0,,,,
G04415124,Not New,ANDINA ACQUISITION CORP III,80.0,400000.0,84.0,400000.0,4.0,0.0
87615L115,Not New,TARGET HOSPITALITY CORP,420.0,400000.0,800.0,400000.0,380.0,0.0
201723103,Not New,COMMERCIAL METALS CO,5388.0,310000.0,1517.0,85000.0,-3871.0,-225000.0
023111206,Sold Out,AMARIN CORP PLC,3204.0,165249.0,,,,
92763M105,Sold Out,VIPER ENERGY PARTNERS LP,1541.0,50000.0,,,,
G3165V125,Not New,ARYA SCIENCES ACQUISITION CO,228.0,150000.0,233.0,150000.0,5.0,0.0
281020107,Not New,EDISON INTL,1886.0,25000.0,4382.0,65000.0,2496.0,40000.0
86745K104,New Holding,SUNNOVA ENERGY INTL INC,,,1236.0,115000.0,,
878742204,Sold Out,TECK RESOURCES LTD,5401.0,234206.0,,,,
680665205,Sold Out,OLIN CORP,2191.0,100000.0,,,,
49435R102,Not New,KIMBELL RTY PARTNERS LP,1471.0,100000.0,2414.0,149488.0,943.0,49488.0
212896112,New Holding,CONYERS PK II ACQUISITION CO,,,500.0,250000.0,,
N6596X109,Not New,NXP SEMICONDUCTORS N V,7093.0,65000.0,12201.0,125000.0,5108.0,60000.0
244199105,Sold Out,DEERE & CO,6628.0,40000.0,,,,
89154L100,Not New,TORTOISE ACQUISITION CORP,3952.0,400000.0,3940.0,400000.0,-12.0,0.0
907818108,Not New,UNION PACIFIC CORP,14173.0,87500.0,5919.0,35000.0,-8254.0,-52500.0
72583A101,Sold Out,PIVOTAL ACQUISITION CORP,3045.0,300000.0,,,,
46090E103,Not New,INVESCO QQQ TR,18881.0,100000.0,186740.0,1000000.0,167859.0,900000.0
46090E103,Not New,INVESCO QQQ TR,18881.0,100000.0,93370.0,500000.0,74489.0,400000.0
46090E103,Not New,INVESCO QQQ TR,52867.0,280000.0,186740.0,1000000.0,133873.0,720000.0
46090E103,Not New,INVESCO QQQ TR,52867.0,280000.0,93370.0,500000.0,40503.0,220000.0
874054109,Sold Out,TAKE-TWO INTERACTIVE SOFTWAR,9650.0,85000.0,,,,
92243N103,Not New,VECTOIQ ACQUISITION CORP,5105.0,500000.0,5065.0,500000.0,-40.0,0.0
550021109,New Holding,LULULEMON ATHLETICA INC,,,14440.0,75000.0,,
23257D103,Sold Out,CYMABAY THERAPEUTICS INC,179.0,25000.0,,,,
00724F101,Not New,ADOBE INC,15194.0,55000.0,29465.0,100000.0,14271.0,45000.0
90041T108,New Holding,TURNING POINT THERAPEUTICS I,,,376.0,10000.0,,
962879102,New Holding,WHEATON PRECIOUS METALS CORP,,,7085.0,270000.0,,
G16962105,Not New,BUNGE LTD,48976.0,865000.0,48189.0,865000.0,-787.0,0.0
87105M102,New Holding,SWITCHBACK ENERGY ACQUISITIO,,,1815.0,186900.0,,
29251M106,New Holding,ENANTA PHARMACEUTICALS INC,,,1107.0,18425.0,,
91913Y100,Not New,VALERO ENERGY CORP NEW,3410.0,40000.0,2568.0,30000.0,-842.0,-10000.0
70432V102,New Holding,PAYCOM SOFTWARE INC,,,7332.0,35000.0,,
55608B105,Not New,MACQUARIE INFRASTRUCTURE COR,1974.0,50000.0,3649.0,90000.0,1675.0,40000.0
38286G117,Not New,GORES HOLDINGS III INC,750.0,500000.0,725.0,500000.0,-25.0,0.0
G0751N103,Not New,ATLANTICA YIELD PLC,12045.0,500000.0,11335.0,500000.0,-710.0,0.0
78464A730,Not New,SPDR SERIES TRUST,27950.0,1250000.0,5450.0,200000.0,-22500.0,-1050000.0
61946M100,Not New,MOSAIC ACQUISITION CORP,11363.0,1100000.0,11220.0,1100000.0,-143.0,0.0
260557103,New Holding,DOW INC,,,9530.0,200000.0,,
260557103,New Holding,DOW INC,,,4765.0,100000.0,,
19626G108,Sold Out,COLONY CAP INC NEW,750.0,150000.0,,,,
36197T103,Not New,GW PHARMACEUTICALS PLC,1150.0,10000.0,1724.0,10000.0,574.0,0.0
382872117,Not New,GORES METROPOULOS INC,513.0,366666.0,462.0,366666.0,-51.0,0.0
82621J105,Sold Out,SIENTRA INC,185.0,30000.0,,,,
62944T105,New Holding,NVR INC,,,10409.0,2800.0,,
N22035104,Not New,CONSTELLIUM SE,3728.0,293278.0,2008.0,200000.0,-1720.0,-93278.0
70788V102,Sold Out,PENN VA CORP NEW,460.0,15000.0,,,,
74275G107,Not New,PRIORITY TECHNOLOGY HLDGS IN,1240.0,257159.0,2020.0,257300.0,780.0,141.0
962166104,Not New,WEYERHAEUSER CO,2770.0,100000.0,9878.0,375000.0,7108.0,275000.0
097023105,Not New,BOEING CO,19975.0,52500.0,7280.0,20000.0,-12695.0,-32500.0
819047101,Sold Out,SHAKE SHACK INC,1805.0,25000.0,,,,
85207U105,Sold Out,SPRINT CORPORATION,8870.0,1350000.0,,,,
74762E102,New Holding,QUANTA SVCS INC,,,3780.0,100000.0,,
81141R100,Not New,SEA LTD,4643.0,150000.0,26576.0,800000.0,21933.0,650000.0
G67145105,New Holding,OAKTREE ACQUISITION CORP,,,4935.0,500000.0,,
524643111,Not New,LEGACY ACQUISITION CORP,175.0,500000.0,160.0,500000.0,-15.0,0.0
339041105,Sold Out,FLEETCOR TECHNOLOGIES INC,4999.0,17800.0,,,,
G6485P108,Not New,NEW FRONTIER CORP,5090.0,500000.0,5035.0,500000.0,-55.0,0.0
72703H101,New Holding,PLANET FITNESS INC,,,14468.0,250000.0,,
92189F106,Not New,VANECK VECTORS ETF TR,2671.0,100000.0,12652.0,495000.0,9981.0,395000.0
92189F106,Not New,VANECK VECTORS ETF TR,23612.0,884000.0,12652.0,495000.0,-10960.0,-389000.0
496902404,Sold Out,KINROSS GOLD CORP,4074.0,1050000.0,,,,
G1890L107,Not New,CAPRI HOLDINGS LIMITED,11606.0,350000.0,6936.0,200000.0,-4670.0,-150000.0
971375126,New Holding,WILLSCOT CORP,,,1467.0,94164.0,,
524643103,Not New,LEGACY ACQUISITION CORP,5100.0,500000.0,5065.0,500000.0,-35.0,0.0
G78516401,New Holding,SC HEALTH CORP,,,360.0,300000.0,,
37518N106,Not New,GIGCAPITAL INC,520.0,50000.0,515.0,50000.0,-5.0,0.0
22266L106,Not New,COUPA SOFTWARE INC,33688.0,260000.0,31019.0,245000.0,-2669.0,-15000.0
81728P105,Not New,SENTINEL ENERGY SVCS INC,5135.0,500000.0,5075.0,500000.0,-60.0,0.0
G9329Z100,Sold Out,VENATOR MATLS PLC,265.0,50000.0,,,,
G9329Z100,Sold Out,VENATOR MATLS PLC,3333.0,630000.0,,,,
25258L109,New Holding,DIAMOND EAGLE ACQUISITION CO,,,9850.0,1000000.0,,
023135106,Not New,AMAZON COM INC,38190.0,22000.0,100362.0,53000.0,62172.0,31000.0
101044105,Not New,BOSTON OMAHA CORP,992.0,50000.0,1158.0,50000.0,166.0,0.0
30233G100,Sold Out,EYEPOINT PHARMACEUTICALS INC,525.0,320000.0,,,,
012653101,Not New,ALBEMARLE CORP,16685.0,240000.0,27460.0,390000.0,10775.0,150000.0
90238J103,Not New,TYME TECHNOLOGIES INC,179.0,150000.0,183.0,150000.0,4.0,0.0
98212B103,Not New,WPX ENERGY INC,2648.0,250000.0,5755.0,500000.0,3107.0,250000.0
032095101,New Holding,AMPHENOL CORP NEW,,,6755.0,70000.0,,
55087P104,New Holding,LYFT INC,,,18378.0,450000.0,,
565849106,Not New,MARATHON OIL CORP,1841.0,150000.0,5329.0,375000.0,3488.0,225000.0
00766T100,New Holding,AECOM,,,6573.0,175000.0,,
36255F110,Not New,GS ACQUISITION HLDGS CORP,750.0,500000.0,660.0,500000.0,-90.0,0.0
25280H118,Not New,DIAMONDPEAK HLDGS COR,255.0,300000.0,240.0,300000.0,-15.0,0.0
74736L109,Not New,Q2 HLDGS INC,21295.0,270000.0,24817.0,325000.0,3522.0,55000.0
20030N101,Not New,COMCAST CORP NEW,12172.0,270000.0,25368.0,600000.0,13196.0,330000.0
674215108,Sold Out,OASIS PETE INC NEW,2272.0,400000.0,,,,
98156Q108,New Holding,WORLD WRESTLING ENTMT INC,,,9961.0,140000.0,,
670346105,New Holding,NUCOR CORP,,,2036.0,40000.0,,
25258L117,New Holding,DIAMOND EAGLE ACQUISITION CO,,,333.0,333333.0,,
70450Y103,Not New,PAYPAL HLDGS INC,18128.0,175000.0,34807.0,304100.0,16679.0,129100.0
464287192,Sold Out,ISHARES TR,45166.0,240000.0,,,,
69318G106,Sold Out,PBF ENERGY INC,3130.0,100000.0,,,,
035128206,Not New,ANGLOGOLD ASHANTI LTD,3671.0,200956.0,4987.0,280000.0,1316.0,79044.0
45688C107,Sold Out,INGEVITY CORP,6531.0,62104.0,,,,
457669307,Not New,INSMED INC,1764.0,100000.0,2560.0,100000.0,796.0,0.0
14040H105,Sold Out,CAPITAL ONE FINL CORP,4537.0,50000.0,,,,
171798101,Not New,CIMAREX ENERGY CO,1256.0,26200.0,2373.0,40000.0,1117.0,13800.0
01741R102,Sold Out,ALLEGHENY TECHNOLOGIES INC,7056.0,280000.0,,,,
12528N115,Not New,CF FIN ACQUISITION CORP,225.0,375000.0,225.0,375000.0,0.0,0.0
382550101,New Holding,GOODYEAR TIRE & RUBR CO,,,1080.0,75000.0,,
G8136L122,New Holding,SILVER SPIKE ACQUISITION COR,,,3027.0,300000.0,,
17143G106,New Holding,CHURCHILL CAP CORP II,,,7014.0,700000.0,,
42589C104,Not New,HENNESSY CAP ACQUSTION CORP,4000.0,400000.0,3960.0,400000.0,-40.0,0.0
87615L107,Not New,TARGET HOSPITALITY CORP,7151.0,1050000.0,10010.0,1100000.0,2859.0,50000.0
87165B103,Not New,SYNCHRONY FINL,40908.0,1200000.0,62406.0,1800000.0,21498.0,600000.0
G18920101,Sold Out,CAPITOL INVT CORP IV,3581.0,350000.0,,,,
G9087Q102,Not New,TRONOX HOLDINGS PLC,830.0,100000.0,639.0,50000.0,-191.0,-50000.0
G9087Q102,Not New,TRONOX HOLDINGS PLC,830.0,100000.0,4665.0,365000.0,3835.0,265000.0
88160R101,New Holding,TESLA INC,,,7226.0,30000.0,,
08579X101,Not New,BERRY PETE CORP,1030.0,110000.0,636.0,60000.0,-394.0,-50000.0
137800207,Sold Out,CANNTRUST HLDGS INC,1079.0,215000.0,,,,
546347105,Not New,LOUISIANA PAC CORP,6145.0,250000.0,2622.0,100000.0,-3523.0,-150000.0
37518N114,Not New,GIGCAPITAL INC,223.0,250000.0,130.0,250000.0,-93.0,0.0
75419T103,Not New,RATTLER MIDSTREAM LP,1693.0,95000.0,2868.0,147900.0,1175.0,52900.0
78486Q101,Sold Out,SVB FINL GROUP,11230.0,50000.0,,,,
G89827128,Not New,TPG PACE HLDGS CORP,9252.0,900000.0,9360.0,900000.0,108.0,0.0
743315103,Not New,PROGRESSIVE CORP OHIO,5794.0,75000.0,73935.0,925000.0,68141.0,850000.0
64829B100,Not New,NEW RELIC INC,7374.0,120000.0,17302.0,200000.0,9928.0,80000.0
47215P106,Not New,JD COM INC,21158.0,750000.0,71182.0,2350000.0,50024.0,1600000.0
136375102,Sold Out,CANADIAN NATL RY CO,3300.0,35688.0,,,,
25258L208,Sold Out,DIAMOND EAGLE ACQUISITION CO,10060.0,1000000.0,,,,
42087L200,Sold Out,HAYMAKER ACQUISITION CORP II,7680.0,750000.0,,,,
156782104,New Holding,CERNER CORP,,,6817.0,100000.0,,
38046YAB7,New Holding,GOLAR LNG LTD,,,1748.0,2000000.0,,
37518N122,Not New,GIGCAPITAL INC,127.0,187500.0,56.0,187500.0,-71.0,0.0
12528N107,Not New,CF FIN ACQUISITION CORP,5070.0,500000.0,5015.0,500000.0,-55.0,0.0
20825C104,New Holding,CONOCOPHILLIPS,,,3989.0,70000.0,,
701094104,New Holding,PARKER HANNIFIN CORP,,,7224.0,40000.0,,
81728P113,Not New,SENTINEL ENERGY SVCS INC,75.0,166666.0,128.0,166666.0,53.0,0.0
559663117,Sold Out,MAGNOLIA OIL & GAS CORP,2227.0,666667.0,,,,
G5494J103,Not New,LINDE PLC,5908.0,30500.0,21084.0,105000.0,15176.0,74500.0
18453H106,New Holding,CLEAR CHANNEL OUTDOOR HLDGS,,,2520.0,1000000.0,,
