CUSIP,status,NAME OF ISSUER,(x$1000)_old,PRN AMT_old,(x$1000),PRN AMT,(x$1000)_change,PRN AMT_change
464287432,Sold Out,ISHARES LEHMAN 20+ YR TREAS,40744.0,400000.0,,,,
867224107,New Holding,SUNCOR ENERGY INC,,,4195.0,120000.0,,
42365Q103,New Holding,Hemisphere Media Group Inc,,,205.0,160000.0,,
84860W102,New Holding,Spirit Realty Capital Inc,,,549.0,50000.0,,
05965X109,Not New,Banco Santander Chile,2701.0,115250.0,2716.0,115250.0,15.0,0.0
031162100,New Holding,AMGEN INC,,,426.0,3450.0,,
150870103,New Holding,CELANESE CORP-SERIES A,,,250.0,4500.0,,
228227104,Not New,CROWN CASTLE INTL CORP,890.0,12061.0,496.0,6752.0,-394.0,-5309.0
428291108,Sold Out,HEXCEL CORP,3352.0,75000.0,,,,
485865109,New Holding,Kate Spade Co,,,9996.0,269500.0,,
60935Y208,Not New,MONEYGRAM INTERNATIONAL INC,1094.0,61975.0,1288.0,61975.0,194.0,0.0
92342Y109,Sold Out,VERIFONE HOLDINGS INC,2379.0,88700.0,,,,
48242W106,Not New,KBR INC,5336.0,200000.0,15945.0,500000.0,10609.0,300000.0
G2519Y108,Not New,CREDICORP LTD,5248.0,38050.0,5090.0,38350.0,-158.0,300.0
81663A105,New Holding,SemGroup Corp,,,8407.0,128000.0,,
125269100,Not New,CF INDUSTRIES HOLDINGS INC,4288.0,16450.0,7644.0,32800.0,3356.0,16350.0
432589109,Sold Out,Hillshire Brands Co,10450.0,312500.0,,,,
92240M108,New Holding,VECTOR GROUP LTD,,,1544.0,71703.0,,
375916103,Sold Out,GILDAN ACTIVEWEAR INC,2666.0,50000.0,,,,
205363104,New Holding,COMPUTER SCIENCES CORP,,,414.0,6810.0,,
372284208,Not New,Genie Energy Ltd,821.0,82335.0,1021.0,100000.0,200.0,17665.0
13645T100,Sold Out,CANADIAN PACIFIC RAILWAY LTD,10592.0,70000.0,,,,
892331307,Sold Out,TOYOTA MOTOR CORP,9754.0,80000.0,,,,
528872104,Sold Out,LEXICON PHARMACEUTICALS INC,270.0,150000.0,,,,
01973R101,New Holding,Allison Transmission Holdings.,,,2994.0,100000.0,,
343412102,Sold Out,FLUOR CORP,803.0,10000.0,,,,
53071M880,Not New,Liberty Ventures,10426.0,80000.0,7355.0,60000.0,-3071.0,-20000.0
53071M104,Not New,LIBERTY MEDIA-INTERACTIVE A,927.0,32106.0,538.0,18315.0,-389.0,-13791.0
579489105,New Holding,MCCLATCHY CO-CLASS A,,,1969.0,306638.0,,
760276105,Sold Out,REPUBLIC AIRWAYS HOLDINGS IN,802.0,75000.0,,,,
30231G102,New Holding,EXXON MOBIL CORP,,,436.0,4464.0,,
257559203,New Holding,DOMTAR CORP,,,2654.0,23647.0,,
50186V102,New Holding,LG.PHIIPS LCD CO,,,268.0,21459.0,,
53217V109,Sold Out,LIFE TECHNOLOGIES CORP,501.0,6612.0,,,,
37045V134,Sold Out,GENERAL MOTORS CORP,14493.0,2616007.0,,,,
460146103,Sold Out,INTERNATIONAL PAPER CO,2010.0,41000.0,,,,
931142103,Not New,WAL-MART STORES INC,421.0,5508.0,1967.0,25000.0,1546.0,19492.0
66704R100,Not New,NORTHSTAR REALTY FINANCE COR,19767.0,1224729.0,21789.0,1620000.0,2022.0,395271.0
03076C106,Not New,AMERIPRISE FINANCIAL INC,47206.0,428876.0,28763.0,250000.0,-18443.0,-178876.0
G29183103,New Holding,EATON CORP,,,444.0,5904.0,,
666807102,New Holding,NORTHROP GRUMMAN CORP,,,444.0,3602.0,,
172967424,Not New,CITIGROUP INC,4760.0,100000.0,5211.0,100000.0,451.0,0.0
172967424,Not New,CITIGROUP INC,4760.0,100000.0,68255.0,1309821.0,63495.0,1209821.0
172967424,Not New,CITIGROUP INC,112730.0,2368273.0,5211.0,100000.0,-107519.0,-2268273.0
172967424,Not New,CITIGROUP INC,112730.0,2368273.0,68255.0,1309821.0,-44475.0,-1058452.0
002255107,New Holding,AU OPTRONICS CORP-SPON ADR,,,251.0,72254.0,,
256746108,Sold Out,DOLLAR TREE STORES INC,17540.0,310875.0,,,,
718172109,Not New,PHILIP MORRIS INTERNAT,426.0,5202.0,2178.0,25000.0,1752.0,19798.0
254067101,Not New,DILLARDS INC-CL A,4620.0,50000.0,2090.0,21500.0,-2530.0,-28500.0
G0083B108,New Holding,Actavis plc,,,1030.0,5003.0,,
208242107,Not New,CONN'S INC,4701.0,121000.0,11903.0,151260.0,7202.0,30260.0
30212P303,Not New,EXPEDIA INC,6163.0,85000.0,9683.0,139000.0,3520.0,54000.0
16117M305,Not New,CHARTER COMMUNICATIONS-CL A,856.0,6948.0,518.0,3788.0,-338.0,-3160.0
09072Q114,Sold Out,BioAmber Inc,186.0,255000.0,,,,
G27823106,New Holding,Delphi Automotive PLC,,,1697.0,25000.0,,
92343E102,New Holding,VERISIGN INC,,,388.0,7206.0,,
52748T203,Sold Out,Levy Acquisition Corp,5005.0,500000.0,,,,
68389X105,New Holding,ORACLE CORP,,,455.0,11132.0,,
512815101,New Holding,LAMAR ADVERTISING CO-CL A,,,391.0,7657.0,,
G66721104,New Holding,Norwegian Cruise Line Holding,,,1977.0,61265.0,,
131347304,Sold Out,CALPINE CORP,7804.0,400000.0,,,,
81369Y704,Not New,INDUSTRIAL SELECT SECT SPDR,52330.0,1000000.0,10621.0,203228.0,-41709.0,-796772.0
81369Y704,Not New,INDUSTRIAL SELECT SECT SPDR,13722.0,262228.0,10621.0,203228.0,-3101.0,-59000.0
84649R200,Not New,SPANSION INC-A,2648.0,152020.0,2112.0,152020.0,-536.0,0.0
489398107,Not New,Kennedy-Wilson Holdings Inc,10692.0,475000.0,2225.0,100000.0,-8467.0,-375000.0
776696106,New Holding,ROPER INDUSTRIES INC,,,801.0,6000.0,,
531229102,Not New,Liberty Media Corp,443.0,3391.0,496.0,3391.0,53.0,0.0
84265V105,Sold Out,SOUTHERN COPPER CORP ..,646.0,22500.0,,,,
037833100,Not New,APPLE INC.,6255.0,11653.0,66308.0,118192.0,60053.0,106539.0
30281V108,Not New,FTD Cos Inc,489.0,15384.0,1629.0,50000.0,1140.0,34616.0
78442P106,New Holding,SLM CORP,,,2035.0,83120.0,,
912909108,Sold Out,USX-U S. STEEL GROUP,590.0,20000.0,,,,
86722A103,Not New,SunCoke Energy Inc,15166.0,664024.0,9124.0,400000.0,-6042.0,-264024.0
86722A103,Not New,SunCoke Energy Inc,15166.0,664024.0,2794.0,122500.0,-12372.0,-541524.0
675746309,Not New,OCWEN FINANCIAL CORP,384.0,9809.0,16635.0,300000.0,16251.0,290191.0
902494103,New Holding,TYSON FOODS INC-CL A,,,493.0,11196.0,,
L0175J104,Sold Out,Altisource Portfolio Solutions.,30140.0,190000.0,,,,
260543103,Not New,DOW CHEMICAL,431.0,8880.0,4440.0,100000.0,4009.0,91120.0
512807108,New Holding,LAM RESEARCH CORP,,,447.0,8126.0,,
827694209,Not New,Silver Eagle Acquisition Corp,12938.0,1250000.0,12500.0,1250000.0,-438.0,0.0
02076X102,Sold Out,ALPHA NATURAL RESOURCES INC,1000.0,140000.0,,,,
55262C100,Sold Out,MBIA INC,6547.0,548300.0,,,,
78464A714,Sold Out,SPDR SP RETAIL ETF,2203.0,25000.0,,,,
534187109,Not New,LINCOLN NATIONAL CORP,27869.0,550000.0,20648.0,400000.0,-7221.0,-150000.0
78454L100,New Holding,ST MARY LAND & EXPLORATION,,,1310.0,18373.0,,
554382101,New Holding,MACERICH CO/THE,,,9350.0,150000.0,,
68554V108,Not New,ORASURE TECHNOLOGIES INC,797.0,100000.0,944.0,150000.0,147.0,50000.0
47760A108,New Holding,Jive Software Inc,,,2403.0,300000.0,,
521865204,Sold Out,LEAR CORP,810.0,10000.0,,,,
91911K102,Not New,VALEANT PHARMACEUTICALS INTE,995.0,7544.0,552.0,4706.0,-443.0,-2838.0
464287184,Sold Out,FTSE China 25 Index,19175.0,500000.0,,,,
464287184,Sold Out,FTSE China 25 Index,12617.0,329000.0,,,,
464287184,Sold Out,FTSE China 25 Index,95875.0,2500000.0,,,,
445658107,New Holding,HUNT (JB) TRANSPRT SVCS INC,,,180.0,2500.0,,
G60754101,Not New,Michael Kors Holdings Ltd,8031.0,86100.0,11590.0,142750.0,3559.0,56650.0
G6648D109,Sold Out,Home Loan Servicing Solutions,1029.0,44794.0,,,,
548661107,Sold Out,LOWE'S COS INC,10096.0,203750.0,,,,
05329W102,Sold Out,AUTONATION INC,4224.0,85000.0,,,,
917047102,Not New,URBAN OUTFITTERS INC.,1824.0,50000.0,760.0,20484.0,-1064.0,-29516.0
55345K103,New Holding,MRC Global Inc,,,886.0,32873.0,,
471109108,New Holding,JARDEN CORP,,,23932.0,400000.0,,
44107P104,New Holding,HOST HOTELS & RESORTS INC,,,441.0,21798.0,,
845467109,New Holding,SOUTHWESTERN ENERGY CO,,,3451.0,75000.0,,
45817G102,Not New,INTELLI-CHECK-MOBILISA INC,184.0,200000.0,100.0,200000.0,-84.0,0.0
149123101,Not New,CATERPILLAR INC,2981.0,30000.0,19524.0,215000.0,16543.0,185000.0
24823QAC1,Sold Out,DENDREON CORP 2.875% 01/15/2016,1588.0,2500000.0,,,,
58933Y105,Sold Out,MERCK CO. INC,25025.0,500000.0,,,,
58933Y105,Sold Out,MERCK CO. INC,501.0,10000.0,,,,
73936Q843,New Holding,PowerShares CEF Income Composi,,,7422.0,300000.0,,
67066G104,New Holding,NVIDIA CORP,,,463.0,25856.0,,
02917T104,Sold Out,American Realty Capital Proper,3213.0,250000.0,,,,
854502101,New Holding,STANLEY WORKS/THE,,,8124.0,100000.0,,
554489104,New Holding,MACK-CALI REALTY CORP,,,4158.0,200000.0,,
554489104,New Holding,MACK-CALI REALTY CORP,,,1040.0,50000.0,,
36729W202,New Holding,GASTAR EXPLORATION LTD,,,1444.0,263954.0,,
836034108,Sold Out,SOUFUN HOLDINGS LTD-ADR,11620.0,141000.0,,,,
55616P104,New Holding,MACY'S INC.,,,464.0,7830.0,,
594918104,Not New,MICROSOFT CORP,1429.0,34874.0,5927.0,158434.0,4498.0,123560.0
H89128104,Not New,TYCO INTERNATIONAL LTD,8480.0,200000.0,16416.0,400000.0,7936.0,200000.0
959319104,New Holding,WESTERN REFINING INC,,,9650.0,250000.0,,
881609101,Not New,TESORO CORP,11153.0,220451.0,9407.0,160800.0,-1746.0,-59651.0
976657106,New Holding,WISCONSIN ENERGY CORP,,,884.0,18994.0,,
307000109,New Holding,FAMILY DOLLAR STORES,,,38867.0,670000.0,,
307000109,New Holding,FAMILY DOLLAR STORES,,,4061.0,70000.0,,
772739207,Not New,ROCK-TENN COMPANY -CL A,9364.0,88701.0,5461.0,52000.0,-3903.0,-36701.0
966244105,Not New,WhiteWave Foods Co,3568.0,125000.0,4588.0,200000.0,1020.0,75000.0
73755L107,Sold Out,POTASH CORP OF SASKATCHEWAN,3296.0,100000.0,,,,
949746101,Not New,WELLS FARGO COMPANY,100052.0,2011494.0,522.0,11494.0,-99530.0,-2000000.0
464288752,Sold Out,ISHARES DJ US HOME CONSTRUCT,21611.0,870000.0,,,,
21036P108,Not New,CONSTELLATION BRANDS INC-A,18987.0,223455.0,15132.0,215000.0,-3855.0,-8455.0
171871106,Sold Out,CINCINNATI BELL INC,1032.0,290000.0,,,,
G491BT108,New Holding,INVESCO PLC-SPONSORED ADR,,,453.0,12252.0,,
464287556,Not New,ISHARES NASDAQ BIOTECH INDX,3310.0,14000.0,19516.0,85996.0,16206.0,71996.0
92553P201,New Holding,VIACOM INC-CLASS B,,,426.0,5012.0,,
56585A102,New Holding,Marathon Petroleum Corp,,,418.0,4804.0,,
816851109,New Holding,SEMPRA ENERGY,,,424.0,4378.0,,
G5480U104,Not New,LIBERTY GLOBAL INC-A,1366.0,32825.0,526.0,5911.0,-840.0,-26914.0
30161Q104,New Holding,EXELIXIS INC,,,885.0,250000.0,,
49456B119,New Holding,KINDER MORGAN INC,,,8408.0,4750000.0,,
46120E602,Sold Out,INTUITIVE SURGICAL INC,5761.0,15000.0,,,,
05564E106,Sold Out,BRE PROPERTIES INC,2736.0,50000.0,,,,
345370860,Not New,FORD MOTOR CO,422.0,27030.0,1543.0,100000.0,1121.0,72970.0
824348106,New Holding,SHERWIN-WILLIAMS CO/THE,,,197.0,1000.0,,
247361702,Not New,DELTA AIR LINES INC,33245.0,959438.0,31391.0,1142724.0,-1854.0,183286.0
72348P104,Sold Out,Pinnacle Foods Inc,12357.0,450000.0,,,,
98401F105,New Holding,Xencor Inc,,,14.0,1192.0,,
90130A101,Not New,Twenty-First Century Fox Inc,15271.0,477657.0,62086.0,1765309.0,46815.0,1287652.0
918194101,New Holding,VCA Antech Inc,,,4835.0,150000.0,,
G47791101,Sold Out,INGERSOLL-RAND CO LTD-CL A,6776.0,110000.0,,,,
93317Q105,Sold Out,WALTER ENERGY INC,4989.0,300000.0,,,,
93317Q105,Sold Out,WALTER ENERGY INC,1039.0,62500.0,,,,
30219G108,Not New,EXPRESS SCRIPTS INC,952.0,12678.0,526.0,7495.0,-426.0,-5183.0
G7665A101,New Holding,ROWAN COMPANIES INC,,,1598.0,47438.0,,
03748R101,New Holding,APARTMENT INVT MGMT CO -A,,,434.0,14368.0,,
37733W105,New Holding,GLAXOSMITHKLINE PLC,,,4007.0,75000.0,,
073730103,Sold Out,Beam Inc,2722.0,40000.0,,,,
112463104,Sold Out,BROOKDALE SENIOR LIVING INC,3126.0,115000.0,,,,
67103H107,New Holding,O'REILLY AUTOMOTIVE INC,,,442.0,2982.0,,
74733T105,Not New,QLIK TECHNOLOGIES INC,2659.0,100000.0,6658.0,250000.0,3999.0,150000.0
Y62159101,Not New,Navios Maritime Acq Corp,2342.0,639922.0,1131.0,257000.0,-1211.0,-382922.0
464287655,Sold Out,RUSSELL 2000 INDEX,7495.0,65000.0,,,,
464287655,Sold Out,RUSSELL 2000 INDEX,17297.0,150000.0,,,,
844741108,Sold Out,SOUTHWEST AIRLINES CO,471.0,25000.0,,,,
33616C100,New Holding,FIRST REPUBLIC B,,,8099.0,150000.0,,
62855J104,Not New,MYRIAD GENETICS INC,3005.0,87902.0,3462.0,165000.0,457.0,77098.0
817565104,New Holding,SERVICE CORP INTERNATIONAL,,,6262.0,315000.0,,
00206R102,New Holding,ATT INC,,,7014.0,200000.0,,
00206R102,New Holding,ATT INC,,,869.0,24780.0,,
73179P106,New Holding,POLYONE CORPORATION,,,367.0,10000.0,,
144577103,Sold Out,CARRIZO OIL GAS INC,895.0,20000.0,,,,
81369Y506,Not New,AMEX ENERGY SELECT INDX,13359.0,150000.0,9894.0,111786.0,-3465.0,-38214.0
81369Y506,Not New,AMEX ENERGY SELECT INDX,2742.0,30786.0,9894.0,111786.0,7152.0,81000.0
780910105,New Holding,Royce Value Trust Inc,,,12222.0,776978.0,,
29364G103,Sold Out,ENTERGY CORP,6327.0,100000.0,,,,
37045V100,Not New,GENERAL MOTORS CORP,830.0,24127.0,12261.0,300000.0,11431.0,275873.0
37045V100,Not New,GENERAL MOTORS CORP,830.0,24127.0,197876.0,4841584.0,197046.0,4817457.0
78463V107,New Holding,STREETTRACKS GOLD TRUST,,,12361.0,100000.0,,
06742E711,New Holding,CBOE SPX VOLATILITY INDX,,,1791.0,42500.0,,
19247L106,New Holding,Cohen Steers Quality Income,,,4875.0,462962.0,,
539830109,New Holding,LOCKHEED MARTIN CORP,,,441.0,2704.0,,
883211104,Sold Out,Textura Corp,749.0,25000.0,,,,
146229109,Sold Out,CARTER'S INC,4110.0,57250.0,,,,
94973V107,New Holding,WELLPOINT HEALTH NETWORK,,,465.0,4674.0,,
731068102,Sold Out,POLARIS INDUSTRIES INC,1456.0,10000.0,,,,
95082P105,New Holding,WESCO INTERNATIONAL INC,,,250.0,3000.0,,
05968L102,New Holding,BANCOLOMBIA S.A.-SPONS ADR,,,2259.0,40000.0,,
G30401106,New Holding,ENDO PHARMACEUT HLDGS INC,,,385.0,5602.0,,
48238T109,Not New,KAR AUCTION SERVICES INC,29437.0,969925.0,36347.0,1230000.0,6910.0,260075.0
009363102,New Holding,AIRGAS INC,,,817.0,7670.0,,
887389104,Not New,TIMKEN CO,4585.0,78000.0,12198.0,221500.0,7613.0,143500.0
670704105,Sold Out,NUVASIVE INC,808.0,25000.0,,,,
78112T107,New Holding,RUBICON TECHNOLOGY INC,,,2258.0,200000.0,,
747525103,Not New,QUALCOMM INC,976.0,12377.0,2441.0,32875.0,1465.0,20498.0
64828T102,Not New,New Residential Investment Cor,23998.0,3709100.0,22712.0,3400000.0,-1286.0,-309100.0
38388F108,Not New,WR GRACE & CO,887.0,8947.0,539.0,5447.0,-348.0,-3500.0
744320102,Sold Out,PRUDENTIAL FINANCIAL INC,2306.0,25000.0,,,,
29082A107,New Holding,Embraer SA,,,2037.0,57400.0,,
69336V101,Not New,PGT INC,1928.0,167500.0,1265.0,125000.0,-663.0,-42500.0
19075F106,Sold Out,COBALT INTERNATIONAL ENERGY,4113.0,250000.0,,,,
19075F106,Sold Out,COBALT INTERNATIONAL ENERGY,5346.0,325000.0,,,,
620076307,New Holding,MOTOROLA SOLUTIO,,,407.0,6338.0,,
464286822,New Holding,I SHARES MSCI MEXICO INVESTABLE MARKET I,,,5116.0,80000.0,,
278642103,Not New,EBAY INC,3687.0,66753.0,16460.0,300000.0,12773.0,233247.0
278642103,Not New,EBAY INC,3687.0,66753.0,534.0,9733.0,-3153.0,-57020.0
382410405,Sold Out,GOODRICH PETROLEUM CORP,2638.0,155000.0,,,,
17275R102,Not New,CISCO SYSTEMS INC,414.0,18492.0,56075.0,2500000.0,55661.0,2481508.0
17275R102,Not New,CISCO SYSTEMS INC,414.0,18492.0,57757.0,2575000.0,57343.0,2556508.0
17275R102,Not New,CISCO SYSTEMS INC,414.0,18492.0,56075.0,2500000.0,55661.0,2481508.0
30303M102,Not New,Facebook Inc,61809.0,1026050.0,62785.0,1148877.0,976.0,122827.0
918866104,Sold Out,VALASSIS COMMUNICATIONS INC,3425.0,100000.0,,,,
060505104,Not New,BANK OF AMERICA CORP,10688.0,621398.0,23865.0,1532787.0,13177.0,911389.0
87162T206,Sold Out,SYNTA PHARMACEUTICALS CORP,603.0,115000.0,,,,
22160K105,Sold Out,COSTCO WHOLESALE CORP,1190.0,10000.0,,,,
86732Y109,Not New,SunEdison Inc,5652.0,300000.0,8574.0,657000.0,2922.0,357000.0
72766Q105,New Holding,Platform Specialty Products Co,,,4763.0,250000.0,,
57060U233,Not New,SEMICONDUCTOR TRUST,13683.0,300000.0,4243.0,100000.0,-9440.0,-200000.0
14056V204,Not New,Capitol Acquisition Corp II,9261.0,882000.0,9217.0,882000.0,-44.0,0.0
03762U105,Not New,APOLLO COMMERCIAL REAL ESTAT,3575.0,215000.0,3494.0,215000.0,-81.0,0.0
110122108,New Holding,BRISTOL-MYERS SQUIBB CO,,,18183.0,350000.0,,
25278X109,Not New,Diamondback Energy Inc,4039.0,60000.0,8197.0,155000.0,4158.0,95000.0
H6169Q108,New Holding,PENTAIR INC,,,435.0,5486.0,,
P31076105,Not New,COPA HOLDINGS SA-CLASS A,2592.0,17850.0,4107.0,25650.0,1515.0,7800.0
867914103,New Holding,SUNTRUST BANKS INC,,,431.0,10820.0,,
316645100,Sold Out,Fifth Pacific Co Inc,11973.0,373350.0,,,,
81369Y100,Not New,BASIC INDUSTRIES SPDR,3522.0,74482.0,9405.0,203482.0,5883.0,129000.0
148887102,New Holding,Catamaran Corp,,,8952.0,200000.0,,
436106108,Not New,HollyFrontier Corp,14274.0,300000.0,13491.0,271500.0,-783.0,-28500.0
63861C109,Not New,Nationstar Mortgage Holdings I,812.0,25000.0,14784.0,400000.0,13972.0,375000.0
921908844,Not New,Vanguard Dividend Appreciation,4728.0,62841.0,13531.0,179841.0,8803.0,117000.0
13321L108,Sold Out,CAMECO CORP,9450.0,455000.0,,,,
67020Y100,Not New,NUANCE COMMUNICATIONS INC,8585.0,500000.0,10640.0,700000.0,2055.0,200000.0
67020Y100,Not New,NUANCE COMMUNICATIONS INC,8585.0,500000.0,3040.0,200000.0,-5545.0,-300000.0
125581801,Not New,CIT GROUP INC,36765.0,750000.0,28672.0,550000.0,-8093.0,-200000.0
125581801,Not New,CIT GROUP INC,36765.0,750000.0,28932.0,555000.0,-7833.0,-195000.0
125581801,Not New,CIT GROUP INC,3677.0,75000.0,28672.0,550000.0,24995.0,475000.0
125581801,Not New,CIT GROUP INC,3677.0,75000.0,28932.0,555000.0,25255.0,480000.0
81724Q107,New Holding,SENOMYX INC,,,650.0,60938.0,,
05367G100,Not New,Avianca Holdings SA,4646.0,272500.0,8183.0,530000.0,3537.0,257500.0
636220303,New Holding,National General Holdings Corp,,,3500.0,250000.0,,
25470M109,Not New,DISH NETWORK CORP-A,991.0,15927.0,546.0,9429.0,-445.0,-6498.0
29355X107,Not New,ENPRO INDUSTRIES INC,13371.0,184000.0,6918.0,120000.0,-6453.0,-64000.0
364760108,Not New,GAP INC/THE,23727.0,592294.0,4889.0,125100.0,-18838.0,-467194.0
611740101,New Holding,MONSTER BEVERAGE CORP,,,412.0,5928.0,,
04247X102,Not New,ARMSTRONG WORLD INDUSTRIES,5325.0,100000.0,6732.0,116850.0,1407.0,16850.0
167250109,Sold Out,CHICAGO BRIDGE IRON-NY SHR,2079.0,25000.0,,,,
277432100,Sold Out,EASTMAN CHEMICAL COMPANY,6053.0,75000.0,,,,
458665304,Sold Out,INTERFACE INC,444.0,20000.0,,,,
718546104,Not New,Phillips 66,2995.0,38869.0,1134.0,14700.0,-1861.0,-24169.0
761713106,New Holding,REYNOLDS AMERICAN INC,,,451.0,8440.0,,
85172J101,New Holding,Springleaf Holdings LLC,,,3942.0,156749.0,,
Y7546A106,Not New,Scorpio Bulkers Inc,3645.0,360556.0,1041.0,103600.0,-2604.0,-256956.0
929160109,New Holding,VULCAN MATERIALS CO,,,5981.0,90000.0,,
911363109,Not New,UNITED RENTALS INC,10928.0,115102.0,4208.0,53983.0,-6720.0,-61119.0
G7945M107,New Holding,SEAGATE TECHNOLOGY,,,450.0,8006.0,,
N53745100,Not New,LYONDELLBASELL INDU-CL A,6176.0,69437.0,30710.0,382536.0,24534.0,313099.0
053611109,New Holding,AVERY DENNISON CORP,,,420.0,8298.0,,
151020104,Not New,CELGENE CORP,5949.0,42614.0,845.0,5000.0,-5104.0,-37614.0
670837103,New Holding,OGE ENERGY CORP,,,2757.0,75000.0,,
74838C106,Not New,QUIKSILVER INC,1577.0,210000.0,1754.0,200000.0,177.0,-10000.0
74838C106,Not New,QUIKSILVER INC,1577.0,210000.0,4166.0,475000.0,2589.0,265000.0
86272T106,Sold Out,STRATEGIC HOTELS RESORTS I,945.0,100000.0,,,,
70338P100,Not New,Pattern Energy Group Inc,7982.0,294215.0,7581.0,250100.0,-401.0,-44115.0
H27178104,Sold Out,FOSTER WHEELER LTD,6600.0,200000.0,,,,
H27178104,Sold Out,FOSTER WHEELER LTD,3735.0,113185.0,,,,
535782106,Not New,Linn Co LLC,5410.0,200000.0,9243.0,300000.0,3833.0,100000.0
535782106,Not New,Linn Co LLC,5410.0,200000.0,46520.0,1509888.0,41110.0,1309888.0
535782106,Not New,Linn Co LLC,40842.0,1509888.0,9243.0,300000.0,-31599.0,-1209888.0
535782106,Not New,Linn Co LLC,40842.0,1509888.0,46520.0,1509888.0,5678.0,0.0
464286848,Sold Out,ISHARES MSCI JAPAN INDEX FD,30022.0,2475000.0,,,,
43300A104,Sold Out,Hilton Worldwide Holdings Inc,1558.0,70000.0,,,,
62886E108,New Holding,NCR CORPORATION,,,9138.0,250000.0,,
62886E108,New Holding,NCR CORPORATION,,,3655.0,100000.0,,
42805T105,Not New,HERTZ GLOBAL HOLDINGS INC,30636.0,1150000.0,4865.0,170000.0,-25771.0,-980000.0
42805T105,Not New,HERTZ GLOBAL HOLDINGS INC,30636.0,1150000.0,105089.0,3671864.0,74453.0,2521864.0
42805T105,Not New,HERTZ GLOBAL HOLDINGS INC,141027.0,5293822.0,4865.0,170000.0,-136162.0,-5123822.0
42805T105,Not New,HERTZ GLOBAL HOLDINGS INC,141027.0,5293822.0,105089.0,3671864.0,-35938.0,-1621958.0
930059100,Sold Out,WADDELL & REED FINANCIAL-A,1628.0,25000.0,,,,
880770102,New Holding,TERADYNE INC,,,696.0,35000.0,,
883556102,Not New,THERMO FISHER SCIENTIFIC INC,600.0,4989.0,556.0,4989.0,-44.0,0.0
36467W109,New Holding,GAMESTOP CORP-CLASS A,,,493.0,11990.0,,
74834L100,New Holding,QUEST DIAGNOSTICS,,,452.0,7800.0,,
931422109,New Holding,WALGREEN,,,16161.0,244750.0,,
552848103,New Holding,MGIC INVESTMENT CORP,,,22578.0,2650000.0,,
714290103,Sold Out,Perrigo Co Plc,327.0,2131.0,,,,
425886207,New Holding,Hennessy Capital Acquisition C,,,4024.0,400000.0,,
477143101,New Holding,JETBLUE AIRWAYS CORP,,,8690.0,1000000.0,,
064058100,New Holding,BANK OF NEW YORK CO INC,,,26468.0,750000.0,,
064058100,New Holding,BANK OF NEW YORK CO INC,,,17645.0,500000.0,,
00751Y106,New Holding,ADVANCE AUTO PARTS INC,,,11357.0,89775.0,,
124857202,Not New,CBS CORP-CLASS B,94434.0,1528065.0,206109.0,3233595.0,111675.0,1705530.0
869233106,New Holding,Susser Holdings Corp,,,5310.0,85000.0,,
12572Q105,Not New,CHICAGO MERCANTILE EXCHANG-A,7772.0,105000.0,8238.0,105000.0,466.0,0.0
910047109,Sold Out,UNITED CONTINENT,946.0,25000.0,,,,
369604103,Not New,GENERAL ELECTRIC CO,1456.0,56240.0,5606.0,200000.0,4150.0,143760.0
369604103,Not New,GENERAL ELECTRIC CO,1456.0,56240.0,2803.0,100000.0,1347.0,43760.0
985817105,New Holding,Yelp Inc,,,3847.0,50000.0,,
053332102,New Holding,AUTOZONE INC,,,444.0,826.0,,
316773100,New Holding,FIFTH THIRD BANCORP,,,444.0,19352.0,,
969457100,Not New,WILLIAMS COS INC.,12174.0,300000.0,11571.0,300000.0,-603.0,0.0
969457100,Not New,WILLIAMS COS INC.,12174.0,300000.0,12535.0,325000.0,361.0,25000.0
78462F103,Not New,S&P 500 INDEX,4676.0,25000.0,1126487.0,6100000.0,1121811.0,6075000.0
78462F103,Not New,S&P 500 INDEX,4676.0,25000.0,159222.0,862200.0,154546.0,837200.0
78462F103,Not New,S&P 500 INDEX,4676.0,25000.0,9234.0,50000.0,4558.0,25000.0
78462F103,Not New,S&P 500 INDEX,116900.0,625000.0,1126487.0,6100000.0,1009587.0,5475000.0
78462F103,Not New,S&P 500 INDEX,116900.0,625000.0,159222.0,862200.0,42322.0,237200.0
78462F103,Not New,S&P 500 INDEX,116900.0,625000.0,9234.0,50000.0,-107666.0,-575000.0
78462F103,Not New,S&P 500 INDEX,81362.0,435000.0,1126487.0,6100000.0,1045125.0,5665000.0
78462F103,Not New,S&P 500 INDEX,81362.0,435000.0,159222.0,862200.0,77860.0,427200.0
78462F103,Not New,S&P 500 INDEX,81362.0,435000.0,9234.0,50000.0,-72128.0,-385000.0
80004C101,Sold Out,SANDISK CORP,4070.0,57700.0,,,,
059460303,New Holding,BANCO BRADESCO SA-PREF,,,2666.0,195000.0,,
464287234,Not New,ISHARES MSCI EMERGING MKT IN,40990.0,1000000.0,41770.0,1000000.0,780.0,0.0
464287234,Not New,ISHARES MSCI EMERGING MKT IN,40990.0,1000000.0,23664.0,566523.0,-17326.0,-433477.0
464287234,Not New,ISHARES MSCI EMERGING MKT IN,95815.0,2337523.0,41770.0,1000000.0,-54045.0,-1337523.0
464287234,Not New,ISHARES MSCI EMERGING MKT IN,95815.0,2337523.0,23664.0,566523.0,-72151.0,-1771000.0
92857W209,Sold Out,VODAFONE GROUP,525.0,13351.0,,,,
786514208,New Holding,SAFEWAY INC,,,7388.0,200000.0,,
786514208,New Holding,SAFEWAY INC,,,4185.0,113294.0,,
894650100,Sold Out,TREDEGAR CORP,1296.0,45000.0,,,,
40416M105,Not New,HD Supply Holdings Inc,3923.0,150000.0,3001.0,125000.0,-922.0,-25000.0
177376100,Sold Out,CITRIX SYSTEMS INC,9045.0,143000.0,,,,
59151K108,Not New,METHANEX CORP,6394.0,100000.0,10367.0,175000.0,3973.0,75000.0
709102107,New Holding,PENN REAL ESTATE INVEST TST,,,7220.0,400000.0,,
88732J207,Not New,TIME WARNER CABLE-A,23272.0,169649.0,8647.0,63815.0,-14625.0,-105834.0
88732J207,Not New,TIME WARNER CABLE-A,23272.0,169649.0,8130.0,60000.0,-15142.0,-109649.0
19122T109,New Holding,COCA-COLA ENTERPRISES,,,896.0,18770.0,,
317923100,Sold Out,FINISH LINE/THE - CL A,3465.0,123000.0,,,,
257651109,New Holding,DONALDSON CO INC,,,212.0,5000.0,,
039380100,Sold Out,ARCH COAL INC.,1424.0,320000.0,,,,
256677105,Not New,DOLLAR GENERAL CORP,41610.0,750000.0,34096.0,565250.0,-7514.0,-184750.0
Y0207T100,New Holding,ARDMORE SHIPPING CORP COM,,,7623.0,573130.0,,
913017109,Sold Out,UNITED TECHNOLOGIES CORP,2845.0,25000.0,,,,
960413102,New Holding,WESTLAKE CHEMICAL CORP,,,3501.0,52900.0,,
535919203,Sold Out,LIONS GATE ENTERTAINMENT COR,1583.0,50000.0,,,,
26483E100,New Holding,DUN & BRADSTREET CORP,,,410.0,4128.0,,
59156R108,Not New,METLIFE INC,516.0,9768.0,527.0,9768.0,11.0,0.0
57636Q104,Not New,MASTERCARD INC-CLASS A,865.0,11580.0,534.0,639.0,-331.0,-10941.0
81369Y886,Not New,UTLITIES SELECT SECTOR INDEX,41460.0,1000000.0,6873.0,181000.0,-34587.0,-819000.0
05874B107,Sold Out,BALLY TECHNOLOGIES INC,1569.0,20000.0,,,,
G4412G101,Not New,HERBALIFE LTD,1002.0,17500.0,3935.0,50000.0,2933.0,32500.0
G4412G101,Not New,HERBALIFE LTD,1002.0,17500.0,3109.0,39500.0,2107.0,22000.0
460690100,New Holding,INTERPUBLIC GROUP OF COS INC,,,417.0,24302.0,,
247916208,New Holding,DENBURY RESOURCES INC,,,413.0,25174.0,,
502424104,New Holding,L-3 COMMUNICATIONS HOLDINGS,,,436.0,3690.0,,
79466L302,Sold Out,SALESFORCE.COM INC,6623.0,120000.0,,,,
587118100,Sold Out,THE MEN'S WEARHOUSE INC,3831.0,75000.0,,,,
00912X302,Sold Out,AIR LEASE CORP,4662.0,150000.0,,,,
G81075106,New Holding,SHIP FINANCE INTL LTD,,,515.0,28653.0,,
00207R101,New Holding,ATMI INC,,,1701.0,50000.0,,
Y64354205,Not New,Ocean Rig UDW Inc,7765.0,436508.0,13668.0,710000.0,5903.0,273492.0
74966G200,Not New,ROI Acquisition Corp,5599.0,550000.0,5511.0,550000.0,-88.0,0.0
92839U206,Not New,VISTEON CORP.,17227.0,194787.0,14740.0,180000.0,-2487.0,-14787.0
G1151C101,New Holding,ACCENTURE LTD-CL A,,,407.0,5110.0,,
984332106,Not New,YAHOO INC,11108.0,309424.0,92515.0,2287706.0,81407.0,1978282.0
87612E106,New Holding,TARGET CORP,,,438.0,7246.0,,
406216101,Not New,HALLIBURTON CO,5889.0,100000.0,4568.0,90000.0,-1321.0,-10000.0
406216101,Not New,HALLIBURTON CO,6478.0,110000.0,4568.0,90000.0,-1910.0,-20000.0
26875P101,Not New,EOG RESOURCES INC.,7847.0,40000.0,19570.0,116600.0,11723.0,76600.0
067901108,New Holding,BARRICK GOLD CORP,,,1961.0,110000.0,,
85571W109,New Holding,Starwood Waypoint Residential,,,10077.0,350000.0,,
459200101,New Holding,INTERNATIONAL BUSINESS MACHINE US.,,,445.0,2310.0,,
574599106,New Holding,MASCO CORP,,,483.0,21742.0,,
963320106,Not New,WHIRLPOOL CORP,15966.0,106825.0,5616.0,35800.0,-10350.0,-71025.0
78464A888,Not New,SPDR SP HOMEBUILDERS ETF,8138.0,250000.0,2644.0,79400.0,-5494.0,-170600.0
78464A888,Not New,SPDR SP HOMEBUILDERS ETF,3255.0,100000.0,2644.0,79400.0,-611.0,-20600.0
92826C839,Not New,VISA INC-CLASS A SHRS,47330.0,219261.0,53991.0,242458.0,6661.0,23197.0
150185106,New Holding,CEDAR FAIR LP,,,975.0,19144.0,,
V7780T103,Sold Out,ROYAL CARIBBEAN CRUISES LTD,25683.0,541600.0,,,,
14149Y108,New Holding,CARDINAL HEALTH INC,,,425.0,6078.0,,
717081103,New Holding,PFIZER INC,,,19272.0,600000.0,,
717081103,New Holding,PFIZER INC,,,6439.0,200452.0,,
585464100,Not New,MELCO PBL ENTERTAINMENT-ADR,4644.0,120150.0,3653.0,93150.0,-991.0,-27000.0
871503108,New Holding,SYMANTEC CORP,,,9985.0,500000.0,,
871503108,New Holding,SYMANTEC CORP,,,386.0,19314.0,,
902973304,New Holding,U.S. BANCORP,,,437.0,10198.0,,
268648102,New Holding,EMC CORP/MASS,,,4112.0,150000.0,,
806857108,Not New,SCHLUMBERGER LTD,975.0,10000.0,2073.0,23000.0,1098.0,13000.0
243537107,Sold Out,DECKERS OUTDOOR CORP,422.0,5000.0,,,,
02153X108,Not New,Altisource Asset Management Co,15800.0,14702.0,30634.0,32940.0,14834.0,18238.0
032654105,New Holding,ANALOG DEVICES,,,448.0,8422.0,,
81369Y407,Not New,CONSUMER DISCRETIONARY SELT,2709.0,41864.0,8946.0,133864.0,6237.0,92000.0
370334104,New Holding,GENERAL MILLS INC,,,18432.0,355700.0,,
370334104,New Holding,GENERAL MILLS INC,,,440.0,8488.0,,
81369Y605,Not New,AMEX FINANCIAL SELEXT SPDR.,22340.0,1000000.0,32790.0,1500000.0,10450.0,500000.0
81369Y605,Not New,AMEX FINANCIAL SELEXT SPDR.,22340.0,1000000.0,15849.0,725000.0,-6491.0,-275000.0
81369Y605,Not New,AMEX FINANCIAL SELEXT SPDR.,39095.0,1750000.0,32790.0,1500000.0,-6305.0,-250000.0
81369Y605,Not New,AMEX FINANCIAL SELEXT SPDR.,39095.0,1750000.0,15849.0,725000.0,-23246.0,-1025000.0
81369Y605,Not New,AMEX FINANCIAL SELEXT SPDR.,6702.0,300000.0,32790.0,1500000.0,26088.0,1200000.0
81369Y605,Not New,AMEX FINANCIAL SELEXT SPDR.,6702.0,300000.0,15849.0,725000.0,9147.0,425000.0
03674U201,Not New,ANTHERA PHARMACE,670.0,200000.0,690.0,224800.0,20.0,24800.0
446150104,New Holding,HUNTINGTON BANCSHARES INC,,,446.0,44768.0,,
61945C103,New Holding,MOSAIC CO/THE,,,400.0,8000.0,,
55933J203,Not New,MAGNACHIP SEMICO,2520.0,180777.0,3451.0,176978.0,931.0,-3799.0
375558103,Not New,GILEAD SCIENCES INC,158697.0,2239590.0,22530.0,300000.0,-136167.0,-1939590.0
918204108,New Holding,VF CORP,,,309.0,5000.0,,
02503Y103,New Holding,AMERICAN CAPITAL STRATEGIES,,,4739.0,300000.0,,
02503Y103,New Holding,AMERICAN CAPITAL STRATEGIES,,,15005.0,950000.0,,
889478103,New Holding,TOLL BROTHERS INC,,,1795.0,50000.0,,
437076102,Sold Out,HOME DEPOT INC,8234.0,100000.0,,,,
437076102,Sold Out,HOME DEPOT INC,8296.0,100750.0,,,,
121220107,Sold Out,Burger King Worldwide Inc,8001.0,350000.0,,,,
452308109,New Holding,ILLINOIS TOOL WORKS,,,285.0,3500.0,,
235851102,Not New,DANAHER CORP,2422.0,32292.0,772.0,10000.0,-1650.0,-22292.0
608190104,Not New,MOHAWK INDUSTRIES INC,4079.0,30000.0,23080.0,155000.0,19001.0,125000.0
127097103,Not New,Cabot Oil Gas Corp,11661.0,344172.0,13411.0,346000.0,1750.0,1828.0
42809H107,Not New,AMERADA HESS CORP,16576.0,200000.0,16600.0,200000.0,24.0,0.0
42809H107,Not New,AMERADA HESS CORP,16576.0,200000.0,10488.0,126365.0,-6088.0,-73635.0
42809H107,Not New,AMERADA HESS CORP,8814.0,106341.0,16600.0,200000.0,7786.0,93659.0
42809H107,Not New,AMERADA HESS CORP,8814.0,106341.0,10488.0,126365.0,1674.0,20024.0
464287630,New Holding,ISHARES RUSSELL 2000 VALUE,,,3126.0,31000.0,,
743187106,Sold Out,PROGENICS PHARMACEUTICALS,506.0,95000.0,,,,
712704105,New Holding,PEOPLE'S UNITED FINANCIAL,,,425.0,28552.0,,
254687106,Sold Out,THE WALT DISNEY CO.,7640.0,100000.0,,,,
989701107,New Holding,ZIONS BANCORPORATION,,,18588.0,600000.0,,
464286400,Not New,ISHARES MSCI BRAZIL,60777.0,1350000.0,60318.0,1350000.0,-459.0,0.0
464286400,Not New,ISHARES MSCI BRAZIL,60777.0,1350000.0,32728.0,732500.0,-28049.0,-617500.0
464286400,Not New,ISHARES MSCI BRAZIL,24626.0,547000.0,60318.0,1350000.0,35692.0,803000.0
464286400,Not New,ISHARES MSCI BRAZIL,24626.0,547000.0,32728.0,732500.0,8102.0,185500.0
053774105,Not New,AVIS BUDGET GROUP INC,24934.0,512000.0,2021.0,50000.0,-22913.0,-462000.0
64031N108,New Holding,NELNET INC-CL A,,,968.0,23656.0,,
111320107,Sold Out,BROADCOM CORP-CL A,1482.0,50000.0,,,,
G96666105,New Holding,WILLIS GROUP HOLDINGS LTD,,,6796.0,154000.0,,
29101U209,Not New,Emerald Oil Inc,3360.0,500000.0,3830.0,500000.0,470.0,0.0
35671D857,Not New,FREEPORT-MCMORAN COPPER-B,2136.0,64582.0,550.0,14582.0,-1586.0,-50000.0
693506107,New Holding,PPG INDS INC,,,5030.0,26000.0,,
344849104,Sold Out,FOOT LOCKER INC,5105.0,123200.0,,,,
65339F101,Not New,NEXTERA ENERGY INC ..,9562.0,100000.0,17124.0,200000.0,7562.0,100000.0
65339F101,Not New,NEXTERA ENERGY INC ..,9562.0,100000.0,37758.0,441000.0,28196.0,341000.0
65339F101,Not New,NEXTERA ENERGY INC ..,16734.0,175000.0,17124.0,200000.0,390.0,25000.0
65339F101,Not New,NEXTERA ENERGY INC ..,16734.0,175000.0,37758.0,441000.0,21024.0,266000.0
156700106,Not New,CENTURYLINK INC,24630.0,750000.0,23888.0,750000.0,-742.0,0.0
G0176J109,Not New,Allegion PLC,3130.0,60000.0,2093.0,47368.0,-1037.0,-12632.0
64110D104,New Holding,NETWORK APPLIANCE INC,,,11070.0,300000.0,,
64110D104,New Holding,NETWORK APPLIANCE INC,,,351.0,9524.0,,
61166W101,Sold Out,MONSANTO CO,7226.0,62000.0,,,,
84763R101,Not New,SPECTRUM BRANDS,1763.0,22119.0,2011.0,28500.0,248.0,6381.0
886547108,New Holding,TIFFANY CO,,,3903.0,45300.0,,
89628E104,Sold Out,TRINA SOLAR LTD-SPON ADR,6905.0,505100.0,,,,
88706P205,Not New,TIM PART-PREF,11573.0,445800.0,8050.0,306802.0,-3523.0,-138998.0
91912E204,Not New,CIA VALE DO RIO DOCE-ADR,11890.0,955000.0,15691.0,1120000.0,3801.0,165000.0
517834107,Not New,LAS VEGAS SANDS CORP,11067.0,137000.0,10884.0,138000.0,-183.0,1000.0
78413F103,Sold Out,Sesa Sterlite Ltd,2040.0,155000.0,,,,
81369Y209,Not New,HEALTH CARE SELECT SECTOR,2925.0,50000.0,30304.0,546601.0,27379.0,496601.0
447011107,Not New,HUNTSMAN CORP,8608.0,352500.0,7380.0,300000.0,-1228.0,-52500.0
790148100,Sold Out,THE ST JOE COMPANY,2591.0,135000.0,,,,
92763W103,Not New,Vipshop Holdings Ltd,48523.0,325000.0,6276.0,75000.0,-42247.0,-250000.0
707882106,New Holding,PENN VIRGINIA CORP,,,1547.0,88461.0,,
018581108,New Holding,ALLIANCE DATA SYSTEMS CORP,,,1362.0,5000.0,,
281020107,New Holding,EDISON INTERNATIONAL,,,476.0,8404.0,,
37953N108,Not New,Global Defense National Secu,2783.0,275000.0,2764.0,275000.0,-19.0,0.0
74144T108,Sold Out,T ROWE PRICE GROUP INC,838.0,10000.0,,,,
099724106,Not New,BORGWARNER INC,2766.0,45000.0,1118.0,20000.0,-1648.0,-25000.0
31620R105,Not New,FIDELITY NATIONAL FINL-A,1572.0,50000.0,16063.0,495000.0,14491.0,445000.0
002824100,New Holding,ABBOTT LABORATORIES...,,,424.0,10998.0,,
485170302,Sold Out,Kansas City Southern,1238.0,10000.0,,,,
09739C102,Not New,BOINGO,19056.0,2810643.0,18016.0,2810643.0,-1040.0,0.0
G2554F113,New Holding,COVIDIEN LTD,,,444.0,6022.0,,
741503403,Not New,PRICELINE.COM INC,20614.0,17295.0,16245.0,13975.0,-4369.0,-3320.0
872590104,New Holding,T-MOBILE US INC,,,423.0,12816.0,,
244199105,Sold Out,DEERE CO,6850.0,75000.0,,,,
N6596X109,Sold Out,NXP SEMICONDUCTORS NV,4409.0,96000.0,,,,
88632Q103,Not New,TIBCO SOFTWARE INC,6096.0,300000.0,5620.0,250000.0,-476.0,-50000.0
88632Q103,Not New,TIBCO SOFTWARE INC,6096.0,300000.0,4946.0,220000.0,-1150.0,-80000.0
88632Q103,Not New,TIBCO SOFTWARE INC,2.0,100.0,5620.0,250000.0,5618.0,249900.0
88632Q103,Not New,TIBCO SOFTWARE INC,2.0,100.0,4946.0,220000.0,4944.0,219900.0
03524A108,Not New,ANHEUSER-BUSCH INBEV NV,18943.0,179900.0,21260.0,199700.0,2317.0,19800.0
22943F100,Not New,CTRIP.COM INTERNATIONAL-ADR,14168.0,281000.0,9036.0,182100.0,-5132.0,-98900.0
907818108,Not New,UNION PACIFIC,5031.0,26810.0,13944.0,83000.0,8913.0,56190.0
704549104,Sold Out,PEABODY ENERGY CORP,977.0,50000.0,,,,
761283100,Not New,Restoration Hardware Holdings,36940.0,501967.0,81870.0,1216500.0,44930.0,714533.0
497266106,New Holding,KIRBY CORP,,,1519.0,15000.0,,
26883D108,Sold Out,ENERGY PARTNERS LTD,1026.0,36000.0,,,,
12709P103,New Holding,CABOT MICROELECTRONICS CORP,,,1100.0,25000.0,,
76117W109,Not New,Resolute Forest Products,1862.0,92687.0,1485.0,92687.0,-377.0,0.0
231082108,Sold Out,CUMULUS MEDIA INC-CL A,773.0,100000.0,,,,
629377508,Sold Out,NRG ENERGY INC,12924.0,450000.0,,,,
629377508,Sold Out,NRG ENERGY INC,2154.0,75000.0,,,,
277461406,New Holding,Eastman Kodak Co,,,2004.0,60000.0,,
23331A109,Not New,DR HORTON INC,1939.0,89542.0,2232.0,100000.0,293.0,10458.0
45866F104,Not New,INTERCONTINENTALEXCHANGE INC,44576.0,225326.0,70850.0,315000.0,26274.0,89674.0
958102105,Not New,WESTERN DIGITAL CORP,7559.0,82328.0,3104.0,37000.0,-4455.0,-45328.0
74251V102,New Holding,PRINCIPAL FINANCIAL GROUP,,,434.0,9438.0,,
254709108,Not New,DISCOVER FINANCIAL SERVICES,106740.0,1834329.0,98155.0,1754329.0,-8585.0,-80000.0
057224107,Not New,BAKER HUGHES INC,3744.0,57575.0,3846.0,69600.0,102.0,12025.0
032511107,Not New,ANADARKO PETROLEUM CORP,8476.0,100000.0,11898.0,150000.0,3422.0,50000.0
032511107,Not New,ANADARKO PETROLEUM CORP,8476.0,100000.0,10389.0,130976.0,1913.0,30976.0
032511107,Not New,ANADARKO PETROLEUM CORP,18720.0,220858.0,11898.0,150000.0,-6822.0,-70858.0
032511107,Not New,ANADARKO PETROLEUM CORP,18720.0,220858.0,10389.0,130976.0,-8331.0,-89882.0
91913Y100,Not New,VALERO ENERGY CORP,885.0,16674.0,10080.0,200000.0,9195.0,183326.0
91913Y100,Not New,VALERO ENERGY CORP,5310.0,100000.0,10080.0,200000.0,4770.0,100000.0
55608B105,Not New,MACQUARIE INFRASTRUCTURE CO,544.0,9495.0,517.0,9495.0,-27.0,0.0
438516106,Not New,Honeywell International Inc,2501.0,26962.0,2284.0,25000.0,-217.0,-1962.0
084670702,Not New,BERKSHIRE HATHAWAY INC-CL B,952.0,7621.0,518.0,4371.0,-434.0,-3250.0
09247X101,Not New,BLACKROCK INC,3145.0,10000.0,6329.0,20000.0,3184.0,10000.0
790849103,New Holding,ST JUDE MEDICAL INC,,,436.0,6670.0,,
703481101,New Holding,PATTERSON-UTI ENERGY INC,,,3168.0,100000.0,,
88338T104,Sold Out,THERAVANCE INC,1783.0,50000.0,,,,
88031M109,Sold Out,TENARIS SA,4594.0,105150.0,,,,
92343V104,Not New,VERIZON COMMUNICATIONS,987.0,20744.0,14742.0,300000.0,13755.0,279256.0
78464A730,Not New,SPDR SP OIL GAS EXPLORATI,10775.0,150000.0,5140.0,75000.0,-5635.0,-75000.0
36197T103,New Holding,GW Pharmaceuticals PLC,,,2030.0,34200.0,,
026874784,Not New,AMERICAN INTERNATIONAL GROUP,1334.0,26676.0,4600.0,90117.0,3266.0,63441.0
29265N108,Sold Out,ENERGEN CORP,2476.0,35000.0,,,,
737446104,New Holding,Post Holdings Inc,,,6455.0,117106.0,,
300439106,New Holding,EveryWare Global Inc,,,251.0,55000.0,,
750236101,New Holding,RADIAN GROUP INC,,,5389.0,358564.0,,
83416T100,New Holding,Solarcity Corp,,,1503.0,24000.0,,
168615102,New Holding,CHICO'S FAS INC,,,6412.0,400000.0,,
Y2066G104,New Holding,DIANA SHIPPING INC,,,11056.0,435600.0,,
G65431101,Not New,NOBLE CORP,3274.0,100000.0,26229.0,700000.0,22955.0,600000.0
G65431101,Not New,NOBLE CORP,3274.0,100000.0,34847.0,930000.0,31573.0,830000.0
G65431101,Not New,NOBLE CORP,13915.0,425000.0,26229.0,700000.0,12314.0,275000.0
G65431101,Not New,NOBLE CORP,13915.0,425000.0,34847.0,930000.0,20932.0,505000.0
G65431101,Not New,NOBLE CORP,9822.0,300000.0,26229.0,700000.0,16407.0,400000.0
G65431101,Not New,NOBLE CORP,9822.0,300000.0,34847.0,930000.0,25025.0,630000.0
68243Q106,New Holding,1 800 FLOWERS .COM,,,490.0,87000.0,,
N22035104,New Holding,Constellium Holdco BV,,,11285.0,384500.0,,
H8817H100,Not New,TRANSOCEAN INC,391.0,9458.0,17297.0,350000.0,16906.0,340542.0
962166104,Sold Out,WEYERHAEUSER CO,6314.0,200000.0,,,,
097023105,Sold Out,BOEING CO,2730.0,20000.0,,,,
02153W100,Not New,Altisource Residential Corp,36294.0,1150000.0,18003.0,597920.0,-18291.0,-552080.0
205638109,Not New,COMPUWARE CORP,9731.0,926733.0,8968.0,800000.0,-763.0,-126733.0
34354P105,New Holding,FLOWSERVE CORP,,,443.0,5654.0,,
98419J107,New Holding,XOMA LTD,,,391.0,75000.0,,
427866108,New Holding,HERSHEY CO/THE,,,423.0,4050.0,,
02376R102,Not New,American Airlines Group Inc,399.0,10910.0,42294.0,1675000.0,41895.0,1664090.0
464286772,Sold Out,ISHARES MSCI SOUTH KOREA IND,5174.0,80000.0,,,,
464287168,Not New,ISHARES DJ SELECT DIVIDEND,5358.0,73086.0,9496.0,133086.0,4138.0,60000.0
46429B366,Sold Out,iShares Barclays CMBS Bond Fun,204.0,4000.0,,,,
339041105,Not New,FLEETCOR TECHNOL,494.0,4289.0,503.0,4289.0,9.0,0.0
857477103,Not New,STATE STREET CORP,34775.0,500000.0,36695.0,500000.0,1920.0,0.0
857477103,Not New,STATE STREET CORP,42152.0,606068.0,36695.0,500000.0,-5457.0,-106068.0
633707104,Not New,National Bank Holdings Corp,10631.0,529686.0,14560.0,680371.0,3929.0,150685.0
65105M108,Sold Out,NEWCASTLE INVESTMENT CORP,2449.0,426607.0,,,,
40414L109,Not New,HEALTH CARE PPTYS INVEST INC,3879.0,100000.0,10896.0,300000.0,7017.0,200000.0
75605Y106,Not New,Realogy Holdings Corp,5214.0,120000.0,11180.0,226000.0,5966.0,106000.0
45104G104,Sold Out,ICICI BANK LTD-SPON ADR,2528.0,68000.0,,,,
97717W851,Sold Out,WisdomTree Japan Hedged Equity,10676.0,210000.0,,,,
092113109,Not New,BLACK HILLS CORP,15277.0,265000.0,13128.0,250000.0,-2149.0,-15000.0
40412C101,Not New,HCA HOLDINGS INC.,440.0,8382.0,5964.0,125000.0,5524.0,116618.0
205768203,Sold Out,COMSTOCK RESOURCES INC,2067.0,113000.0,,,,
03073E105,New Holding,AMERISOURCEBERGEN CORP,,,402.0,6132.0,,
16411W108,Not New,Cheniere Energy Partners LP Ho,23353.0,1081650.0,32438.0,1730000.0,9085.0,648350.0
459902102,New Holding,INTL GAME TECHNOLOGY,,,397.0,28228.0,,
751212101,Sold Out,POLO RALPH LAUREN CORP...VR,4944.0,28000.0,,,,
086516101,Sold Out,BEST BUY CO INC,12443.0,312000.0,,,,
166764100,New Holding,CHEVRON CORP,,,6670.0,56092.0,,
023135106,Not New,AMAZON.COM INC,799.0,2375.0,523.0,1311.0,-276.0,-1064.0
G0129K104,Not New,AIRCASTLE LTD,1417.0,73100.0,1401.0,73100.0,-16.0,0.0
448640102,Not New,Hyde Park Acquisition Corp II,1231.0,117500.0,3894.0,367500.0,2663.0,250000.0
10157P203,New Holding,Boulevard Acquisition Corp,,,10050.0,1000000.0,,
242370203,New Holding,DEAN FOODS CO,,,3273.0,211695.0,,
565849106,Not New,MARATHON OIL CORP,8880.0,250000.0,7060.0,200000.0,-1820.0,-50000.0
628530107,New Holding,MYLAN LABORATORIES INC,,,6551.0,134160.0,,
98212B103,New Holding,WPX Energy Inc,,,1803.0,100000.0,,
056752108,Not New,BAIDU.COM - SPON ADR.,87003.0,571376.0,110093.0,618915.0,23090.0,47539.0
227046109,New Holding,CROCS INC,,,1552.0,99500.0,,
74733V100,Not New,QEP RESOURCES INC,3680.0,125000.0,6130.0,200000.0,2450.0,75000.0
88033G407,New Holding,TENET HEALTHCARE CORP,,,385.0,8988.0,,
20030N101,Not New,COMCAST CORP-CL A,7506.0,150000.0,534.0,10273.0,-6972.0,-139727.0
20030N101,Not New,COMCAST CORP-CL A,18922.0,378147.0,534.0,10273.0,-18388.0,-367874.0
136635109,New Holding,CANADIAN SOLAR INC,,,801.0,25000.0,,
674215108,Not New,OASIS PETROLEUM INC,12519.0,300000.0,7985.0,170000.0,-4534.0,-130000.0
402635304,Not New,GULFPORT ENERGY CORP,3559.0,50000.0,12689.0,201000.0,9130.0,151000.0
73935A104,Not New,NASDAQ 100 STOCK INDX,179724.0,2050000.0,87960.0,1000000.0,-91764.0,-1050000.0
73935A104,Not New,NASDAQ 100 STOCK INDX,179724.0,2050000.0,8796.0,100000.0,-170928.0,-1950000.0
38259P508,Not New,GOOGLE INC-CL A,18561.0,16654.0,2765.0,2467.0,-15796.0,-14187.0
69327R101,New Holding,PDC Energy Inc,,,3113.0,50000.0,,
464287192,New Holding,ISHARES DJ US TRANSPORT INDX,,,3385.0,25000.0,,
74347W361,New Holding,ProShares VIX Short-Term Futur,,,2529.0,90000.0,,
03762UAA3,New Holding,ARI 5 1/2 03/15/19,,,3049.0,3000000.0,,
693475105,New Holding,PNC FINANCIAL SERVICES GROUP,,,32625.0,375000.0,,
64118Q107,Sold Out,NETSUITE INC,4121.0,40000.0,,,,
464287598,New Holding,iShares Russell 1000 Value ETF,,,3667.0,38000.0,,
57060U191,New Holding,MARKET VECTORS OIL SERVICE ETF,,,2517.0,50000.0,,
04621X108,New Holding,ASSURANT INC,,,402.0,6190.0,,
14040H105,Not New,CAPITAL ONE FINANCIAL CORP,59849.0,775650.0,206847.0,2700000.0,146998.0,1924350.0
171798101,Not New,CIMAREX ENERGY CO,6194.0,52000.0,5665.0,54000.0,-529.0,2000.0
499064103,New Holding,KNIGHT TRANSPORTATION INC,,,289.0,12500.0,,
346233109,Not New,FORESTAR REAL ESTATE GROUP,3034.0,170426.0,3625.0,170426.0,591.0,0.0
595112103,Not New,MICRON TECHNOLOGY INC,4680.0,197801.0,14098.0,648183.0,9418.0,450382.0
959802109,Not New,WESTERN UNION CO,434.0,26508.0,3450.0,200000.0,3016.0,173492.0
693656100,Sold Out,PVH CORP,2945.0,21650.0,,,,
887317303,Not New,TIME WARNER INC,496.0,7596.0,530.0,7596.0,34.0,0.0
382550101,Not New,GOODYEAR TIRE RUBBER CO,20365.0,779367.0,11925.0,500000.0,-8440.0,-279367.0
46625H100,Not New,JPMORGAN CHASE CO,291294.0,4798129.0,18063.0,308879.0,-273231.0,-4489250.0
140781105,New Holding,CARBO CERAMICS INC,,,2070.0,15000.0,,
124830100,New Holding,CBL ASSOCIATES PROPERTIES,,,2663.0,150000.0,,
00444T100,New Holding,AcelRx Pharmaceuticals Inc,,,432.0,36000.0,,
478366107,New Holding,JOHNSON CONTROLS INC,,,4732.0,100000.0,,
524901105,New Holding,LEGG MASON INC,,,485.0,9882.0,,
482480100,New Holding,KLA-TENCOR CORPORATION,,,1383.0,20000.0,,
88160R101,Sold Out,TESLA MOTORS INC,1279.0,8500.0,,,,
655844108,Not New,NORFOLK SOUTHERN CORP,422.0,4344.0,2785.0,30000.0,2363.0,25656.0
606822104,Not New,MITSUBISHI UFJ FINL GRP-ADR,10886.0,1965000.0,13848.0,2073066.0,2962.0,108066.0
416515104,Not New,HARTFORD FINANCIAL SVCS GRP,10581.0,300000.0,143109.0,3950000.0,132528.0,3650000.0
416515104,Not New,HARTFORD FINANCIAL SVCS GRP,114628.0,3250000.0,143109.0,3950000.0,28481.0,700000.0
09072Q106,New Holding,BioAmber Inc,,,543.0,255000.0,,
25490A309,New Holding,DIRECTV GROUP INC/THE,,,445.0,5818.0,,
G0585R106,Not New,ASSURED GUARANTY LTD,123874.0,4892343.0,153829.0,6520936.0,29955.0,1628593.0
546347105,Not New,LOUISIANA-PACIFIC CORP,10122.0,600000.0,8394.0,453500.0,-1728.0,-146500.0
29444U502,Not New,EQUINIX INC,6081.0,32900.0,12470.0,70276.0,6389.0,37376.0
018804104,Not New,ALLIANT TECHSYSTEMS INC,1422.0,10000.0,1217.0,10000.0,-205.0,0.0
095229100,New Holding,BLUCORA INC,,,1070.0,54367.0,,
136375102,New Holding,CANADIAN NATL RAILWAY CO,,,281.0,5000.0,,
501242101,New Holding,KULICKE & SOFFA INDUSTRIES,,,1580.0,125260.0,,
00101J106,Not New,ADT Corp/The,11034.0,368400.0,10118.0,250000.0,-916.0,-118400.0
55003T107,Not New,LUMBER LIQUIDATORS HOLDINGS,19271.0,205450.0,1993.0,19375.0,-17278.0,-186075.0
26746E103,New Holding,DYAX CORP,,,674.0,75000.0,,
52748T104,New Holding,Levy Acquisition Corp,,,4845.0,500000.0,,
52748T104,New Holding,Levy Acquisition Corp,,,99.0,206762.0,,
20825C104,New Holding,CONOCOPHILLIPS,,,5276.0,75000.0,,
G67743107,New Holding,ORIENT EXPRESS HOTELS LTD -A,,,721.0,50000.0,,
45685E106,Sold Out,ING US Inc,61513.0,1750000.0,,,,
33733E302,Not New,First Trust Dow Jones Internet,3011.0,51000.0,17778.0,297000.0,14767.0,246000.0
701094104,New Holding,PARKER HANNIFIN CORP,,,239.0,2000.0,,
09228F103,Sold Out,Blackberry Ltd,2976.0,400000.0,,,,
G5480U120,New Holding,Liberty Global Inc,,,3437.0,84438.0,,
713448108,Not New,PEPSICO INC,4175.0,50000.0,58058.0,700000.0,53883.0,650000.0
90347A100,New Holding,Ubiquiti Networks Inc,,,1511.0,33256.0,,
617446448,New Holding,MORGAN STANLEY,,,24936.0,800000.0,,
505743104,New Holding,Ladder Capital Corp,,,4720.0,250000.0,,
