CUSIP,status,NAME OF ISSUER,(x$1000)_old,PRN AMT_old,(x$1000),PRN AMT,(x$1000)_change,PRN AMT_change
651290108,New Holding,NEWFIELD EXPLORATION CO,,,5474.0,200000.0,,
464287432,New Holding,ISHARES LEHMAN 20+ YR TREAS,,,10640.0,100000.0,,
25659P402,Sold Out,Dolan Co/The,162.0,99400.0,,,,
05965X109,New Holding,Banco Santander Chile,,,3030.0,115250.0,,
217204106,Sold Out,COPART INC,3080.0,100000.0,,,,
92833U202,Sold Out,VISIONCHINA MEDIA INC-ADR,98.0,49233.0,,,,
354613101,New Holding,FRANKLIN RESOURCES INC,,,5055.0,100000.0,,
880779103,Not New,TEREX CORP,3777.0,112400.0,2762.0,105000.0,-1015.0,-7400.0
880779103,Not New,TEREX CORP,8400.0,250000.0,2762.0,105000.0,-5638.0,-145000.0
60935Y208,Not New,MONEYGRAM INTERNATIONAL INC,1213.0,61975.0,1404.0,61975.0,191.0,0.0
G2519Y108,New Holding,CREDICORP LTD,,,3000.0,23350.0,,
125269100,New Holding,CF INDUSTRIES HOLDINGS INC,,,4217.0,20000.0,,
88023U101,New Holding,TEMPUR-PEDIC INTERNATIONAL,,,879.0,20000.0,,
12621E103,New Holding,CONSECO INC,,,2160.0,150000.0,,
432589109,Not New,Hillshire Brands Co,6148.0,200000.0,3308.0,100000.0,-2840.0,-100000.0
205887102,Sold Out,CONAGRA FOODS INC,5240.0,150000.0,,,,
205363104,New Holding,COMPutER SCIENCES CORP,,,776.0,15000.0,,
36191G107,Sold Out,GNC HOLDINGS INC,14545.0,329000.0,,,,
399473107,Not New,Groupon Inc,5437.0,485000.0,483.0,56500.0,-4954.0,-428500.0
552953101,Sold Out,MGM MIRAGE,3695.0,250000.0,,,,
665531109,Not New,NORTHERN OIL AND,4329.0,300000.0,4002.0,300000.0,-327.0,0.0
343412102,New Holding,FLUOR CORP,,,2129.0,30000.0,,
559222401,Not New,MAGNA INTERNATIONAL INC-CL A,826.0,10000.0,1424.0,20000.0,598.0,10000.0
53071M104,New Holding,LIBERTY MEDIA-INTERACTIVE A,,,496.0,21128.0,,
00817Y108,New Holding,AETNA INC,,,499.0,7793.0,,
760276105,Not New,REPUBLIC AIRWAYS HOLDINGS IN,893.0,75000.0,850.0,75000.0,-43.0,0.0
05367P100,New Holding,AVID TECHNOLOGY INC,,,1200.0,200000.0,,
30231G102,Sold Out,EXXON MOBIL CORP,9035.0,100000.0,,,,
216831107,Not New,COOPER TIRE & RUBBER,6160.0,200000.0,6634.0,200000.0,474.0,0.0
216831107,Not New,COOPER TIRE & RUBBER,14538.0,472029.0,6634.0,200000.0,-7904.0,-272029.0
257559203,New Holding,DOMTAR CORP,,,5957.0,75000.0,,
53217V109,Not New,LIFE TECHNOLOGIES CORP,506.0,6767.0,7400.0,100000.0,6894.0,93233.0
37045V134,New Holding,GENERAL MOTORS CORP,,,11808.0,2952000.0,,
460146103,Not New,INTERNATIONAL PAPER CO,11200.0,250000.0,17724.0,400000.0,6524.0,150000.0
25470F104,New Holding,DISCOVERY COMMUNICATIONS LLC,,,1688.0,20000.0,,
90130A200,New Holding,Twenty-First Century Fox Inc CL B,,,36936.0,1105881.0,,
368682100,New Holding,GENCORP INC,,,850.0,53000.0,,
66704R100,Not New,NORTHSTAR REALTY FINANCE COR,4640.0,500000.0,6370.0,700000.0,1730.0,200000.0
66704R100,Not New,NORTHSTAR REALTY FINANCE COR,4640.0,500000.0,10920.0,1200000.0,6280.0,700000.0
66704R100,Not New,NORTHSTAR REALTY FINANCE COR,12303.0,1325800.0,6370.0,700000.0,-5933.0,-625800.0
66704R100,Not New,NORTHSTAR REALTY FINANCE COR,12303.0,1325800.0,10920.0,1200000.0,-1383.0,-125800.0
03076C106,Not New,AMERIPRISE FINANCIAL INC,11385.0,125000.0,16176.0,200000.0,4791.0,75000.0
81369Y308,Sold Out,CNSMR STAPES SLCT SCTR SPDR FD,17852.0,450000.0,,,,
G29183103,Sold Out,EATON CORP,1316.0,20000.0,,,,
16411R208,Not New,CHENIERE ENERGY INC,4820.0,141189.0,12492.0,450000.0,7672.0,308811.0
172967424,Not New,CITIGROUP INC,5334.0,109956.0,11993.0,250000.0,6659.0,140044.0
172967424,Not New,CITIGROUP INC,5334.0,109956.0,163338.0,3405000.0,158004.0,3295044.0
256746108,New Holding,DOLLAR TREE STORES INC,,,28457.0,497850.0,,
718172109,New Holding,PHILIP MORRIS INTERNAT,,,6494.0,75000.0,,
254067101,Sold Out,DILLARDS INC-CL A,2869.0,35000.0,,,,
78464A771,Sold Out,KBW CAPITAL MARKETS ETF,3996.0,100000.0,,,,
208242107,Not New,CONN'S INC,2502.0,50000.0,4655.0,89925.0,2153.0,39925.0
208242107,Not New,CONN'S INC,9726.0,194413.0,4655.0,89925.0,-5071.0,-104488.0
30212P303,New Holding,EXPEDIA INC,,,3109.0,60000.0,,
16117M305,New Holding,CHARTER COMMUNICATIONS-CL A,,,525.0,3898.0,,
09072Q114,Not New,BioAmber Inc,204.0,255000.0,168.0,305000.0,-36.0,50000.0
171779309,Not New,CIENA CORP,2501.0,100000.0,972.0,50000.0,-1529.0,-50000.0
G27823106,Not New,Delphi Automotive PLC,8179.0,140000.0,2535.0,50000.0,-5644.0,-90000.0
68389X105,Sold Out,ORACLE CORP,6460.0,210359.0,,,,
G66721104,Sold Out,Norwegian Cruise Line Holding,4180.0,137900.0,,,,
81369Y704,Not New,INDUSTRIAL SELECT SECT SPDR,92740.0,2000000.0,4257.0,100000.0,-88483.0,-1900000.0
81369Y704,Not New,INDUSTRIAL SELECT SECT SPDR,4637.0,100000.0,4257.0,100000.0,-380.0,0.0
84649R200,Not New,SPANSION INC-A,1534.0,152020.0,1903.0,152020.0,369.0,0.0
518439104,New Holding,ESTEE LAUDER COMPANIES-CL A,,,7340.0,105000.0,,
531229102,New Holding,Liberty Media Corp,,,506.0,3442.0,,
00846U101,Sold Out,AGILENT TECHNOLOGIES INC,1069.0,25000.0,,,,
055622104,Not New,BP PLC,18914.0,450000.0,39653.0,950000.0,20739.0,500000.0
037833100,Not New,APPLE INC.,7651.0,16049.0,576.0,1453.0,-7075.0,-14596.0
78442P106,Sold Out,SLM CORP,3429.0,150000.0,,,,
63009F105,New Holding,Nanosphere Inc,,,150.0,75000.0,,
86722A103,Not New,SunCoke Energy Inc,10200.0,600000.0,2804.0,200000.0,-7396.0,-400000.0
86722A103,Not New,SunCoke Energy Inc,10200.0,600000.0,4206.0,300000.0,-5994.0,-300000.0
86722A103,Not New,SunCoke Energy Inc,2935.0,172621.0,2804.0,200000.0,-131.0,27379.0
86722A103,Not New,SunCoke Energy Inc,2935.0,172621.0,4206.0,300000.0,1271.0,127379.0
675746309,Not New,OCWEN FINANCIAL CORP,27885.0,500000.0,8244.0,200000.0,-19641.0,-300000.0
675746309,Not New,OCWEN FINANCIAL CORP,15337.0,275000.0,8244.0,200000.0,-7093.0,-75000.0
902494103,Sold Out,TYSON FOODS INC-CL A,5136.0,200000.0,,,,
L0175J104,Not New,Altisource Portfolio Solutions.,28002.0,200000.0,14154.0,150100.0,-13848.0,-49900.0
09062X103,Not New,BIOGEN IDEC INC.,2408.0,10000.0,1076.0,5000.0,-1332.0,-5000.0
827694209,New Holding,Silver Eagle Acquisition Corp,,,12688.0,1250000.0,,
676220106,Sold Out,OFFICE DEPOT INC,1548.0,400000.0,,,,
47102X105,Sold Out,JANUS CAPITAL GROUP INC,1277.0,150000.0,,,,
55262C100,Not New,MBIA INC,11332.0,1107756.0,13976.0,1050000.0,2644.0,-57756.0
756577102,New Holding,RED HAT INC,,,3461.0,75000.0,,
534187109,New Holding,LINCOLN NATIONAL CORP,,,7348.0,175000.0,,
78464A714,New Holding,SPDR S&P RETAIL ETF,,,10259.0,125000.0,,
68554V108,Not New,ORASURE TECHNOLOGIES INC,1503.0,250000.0,1940.0,500000.0,437.0,250000.0
205944101,Sold Out,CON-WAY INC,390.0,10000.0,,,,
23129U101,Sold Out,CURRENCYSHARES AUSTRALIAN DL,19690.0,215000.0,,,,
521865204,New Holding,LEAR CORP,,,2863.0,40000.0,,
405217100,New Holding,HAIN CELESTIAL GROUP INC,,,2314.0,30000.0,,
91911K102,New Holding,VALEANT PHARMACEUTICALS INTE,,,509.0,4880.0,,
464287184,Not New,FTSE China 25 Index,3708.0,100000.0,11870.0,365000.0,8162.0,265000.0
464287184,Not New,FTSE China 25 Index,37080.0,1000000.0,11870.0,365000.0,-25210.0,-635000.0
G60754101,Not New,Michael Kors Holdings Ltd,42737.0,573500.0,31453.0,507150.0,-11284.0,-66350.0
548661107,Not New,LOWE'S COS INC,33327.0,700000.0,14315.0,350000.0,-19012.0,-350000.0
548661107,Not New,LOWE'S COS INC,476.0,10000.0,14315.0,350000.0,13839.0,340000.0
917047102,New Holding,URBAN OUTFITTERS INC.,,,1839.0,50000.0,,
399909100,Sold Out,GRUPO FINANCIERO GALICIA-ADR,862.0,168050.0,,,,
65248E203,Sold Out,NEWS CORP-CL B,36295.0,1105881.0,,,,
013904305,New Holding,ALCATEL-LUCENT,,,1236.0,350000.0,,
45817G102,Not New,INTELLI-CHECK-MOBILISA INC,114.0,200000.0,60.0,200000.0,-54.0,0.0
58933Y105,Not New,MERCK & CO. INC,58465.0,1228000.0,96523.0,2078000.0,38058.0,850000.0
79970Y105,New Holding,SANCHEZ ENERGY CORP,,,3888.0,147209.0,,
92220P105,New Holding,VARIAN MEDICAL SYSTEMS INC,,,747.0,10000.0,,
02503X105,Sold Out,AMERICAN CAPITAL AGENCY CORP,2531.0,110000.0,,,,
903293405,New Holding,USG CORP,,,3736.0,130727.0,,
36191U106,Sold Out,GT Advanced Technologies Inc,191.0,46000.0,,,,
693320202,New Holding,PHH CORP,,,10683.0,450000.0,,
143658300,Sold Out,CARNIVAL CORP,857.0,25000.0,,,,
41754V103,Sold Out,HARVEST NATURAL RESOURCES IN,620.0,200000.0,,,,
55616P104,Not New,MACY'S INC.,2164.0,50000.0,2160.0,45000.0,-4.0,-5000.0
594918104,New Holding,MICROSOFT CORP,,,9984.0,300000.0,,
594918104,New Holding,MICROSOFT CORP,,,3845.0,115523.0,,
23135106,Sold Out,AMAZON.COM INC,2777.0,10000.0,,,,
H89128104,Not New,TYCO INTERNATIONAL LTD,13992.0,400000.0,16475.0,500000.0,2483.0,100000.0
30064K105,Sold Out,ExactTarget Inc,2462.0,73000.0,,,,
H5833N103,Not New,NOBLE CORP,11331.0,300000.0,17193.0,457500.0,5862.0,157500.0
H5833N103,Not New,NOBLE CORP,12275.0,325000.0,17193.0,457500.0,4918.0,132500.0
881609101,Not New,TESORO CORP,6597.0,150000.0,17527.0,335000.0,10930.0,185000.0
881609101,Not New,TESORO CORP,6597.0,150000.0,15696.0,300000.0,9099.0,150000.0
881609101,Not New,TESORO CORP,11875.0,270000.0,17527.0,335000.0,5652.0,65000.0
881609101,Not New,TESORO CORP,11875.0,270000.0,15696.0,300000.0,3821.0,30000.0
59001K100,New Holding,Meritor Inc,,,1572.0,200000.0,,
307000109,New Holding,FAMILY DOLLAR STORES,,,2161.0,30000.0,,
966244105,New Holding,WhiteWave Foods Co,,,5492.0,275000.0,,
772739207,Sold Out,ROCK-TENN COMPANY -CL A,999.0,10000.0,,,,
521863308,New Holding,LEAP WIRELESS INTL INC,,,3081.0,195000.0,,
521863308,New Holding,LEAP WIRELESS INTL INC,,,4740.0,300000.0,,
949746101,Not New,WELLS FARGO COMPANY,494.0,11953.0,15142.0,366899.0,14648.0,354946.0
464288752,Not New,ISHARES DJ US HOME CONSTRUCT,3351.0,150000.0,844.0,37700.0,-2507.0,-112300.0
464288752,Not New,ISHARES DJ US HOME CONSTRUCT,22340.0,1000000.0,844.0,37700.0,-21496.0,-962300.0
87161C105,Sold Out,SYNOVUS FINANCIAL CORP,22776.0,7800000.0,,,,
779287101,Sold Out,Rouse Properties Inc,2943.0,150000.0,,,,
852061100,Sold Out,SPRINT NEXTEL CORP,9617.0,1370000.0,,,,
21036P108,Not New,CONSTELLATION BRANDS INC-A,7462.0,130000.0,9121.0,175000.0,1659.0,45000.0
698354107,New Holding,Pandora Media Inc,,,5654.0,225000.0,,
388689101,New Holding,Graphic Packaging Holding Co,,,3852.0,450000.0,,
401617105,Sold Out,GUESS? INC,1241.0,40000.0,,,,
464287556,Sold Out,ISHARES NASDAQ BIOTECH INDX,9381.0,54000.0,,,,
740189105,New Holding,PRECISION CASTPARTS CORP,,,2272.0,10000.0,,
62541B101,Sold Out,MULTI-FINELINE ELECTRONIX IN,299.0,20179.0,,,,
281736108,New Holding,Edwards Group Ltd,,,493.0,50000.0,,
G5480U104,New Holding,LIBERTY GLOBAL INC-A,,,5671.0,71463.0,,
849415203,Sold Out,SPREADTRUM COMMUNICATI-ADR,5250.0,200000.0,,,,
98978V103,Not New,Zoetis Inc,496.0,15950.0,1545.0,50000.0,1049.0,34050.0
830566105,Sold Out,SKECHERS USA INC-CL A,1801.0,75000.0,,,,
49456B119,Not New,KINDER MORGAN INC,4970.0,1000000.0,2560.0,500000.0,-2410.0,-500000.0
45245E109,Sold Out,IMAX CORP,2735.0,110000.0,,,,
05564E106,Not New,BRE PROPERTIES INC,10152.0,200000.0,12505.0,250000.0,2353.0,50000.0
872540109,Sold Out,TJX COMPANIES INC,1252.0,25000.0,,,,
247361702,Not New,DELTA AIR LINES INC,545.0,23109.0,1871.0,100000.0,1326.0,76891.0
025816109,Sold Out,AMERICAN EXPRESS CO,2990.0,40000.0,,,,
988498101,Sold Out,YUM! BRANDS INC,28429.0,410000.0,,,,
85571B105,Sold Out,STARWOOD PROPERT,14231.0,575000.0,,,,
90130A101,New Holding,Twenty-First Century Fox Inc CL A,,,55813.0,1665555.0,,
93317Q105,Not New,WALTER ENERGY INC,2806.0,200000.0,1040.0,100000.0,-1766.0,-100000.0
30219G108,New Holding,EXPRESS SCRIPTS INC,,,494.0,7994.0,,
532457108,New Holding,ELI LILLY & CO,,,10066.0,200000.0,,
073730103,Not New,Beam Inc,5495.0,85000.0,1578.0,25000.0,-3917.0,-60000.0
112463104,Not New,BROOKDALE SENIOR LIVING INC,3942.0,149900.0,1322.0,50000.0,-2620.0,-99900.0
112463104,Not New,BROOKDALE SENIOR LIVING INC,3942.0,149900.0,1935.0,73200.0,-2007.0,-76700.0
655664100,Sold Out,NORDSTROM INC,599.0,10000.0,,,,
464287655,Not New,RUSSELL 2000 INDEX,186585.0,1750000.0,256260.0,2637500.0,69675.0,887500.0
464287655,Not New,RUSSELL 2000 INDEX,186585.0,1750000.0,10202.0,105000.0,-176383.0,-1645000.0
74733T105,Not New,QLIK TECHNOLOGIES INC,5135.0,150000.0,6361.0,225000.0,1226.0,75000.0
263534109,New Holding,DU PONT (E.I.) DE NEMOURS,,,20496.0,350000.0,,
009158106,New Holding,AIR PRODUCTS & CHEMICALS INC,,,4628.0,43427.0,,
784635104,New Holding,SPX CORP,,,846.0,10000.0,,
81369Y506,Sold Out,AMEX ENERGY SELECT INDX,35262.0,450000.0,,,,
37045V100,Not New,GENERAL MOTORS CORP,10791.0,300000.0,6662.0,200000.0,-4129.0,-100000.0
37045V100,Not New,GENERAL MOTORS CORP,10791.0,300000.0,18370.0,551500.0,7579.0,251500.0
37045V100,Not New,GENERAL MOTORS CORP,18516.0,514755.0,6662.0,200000.0,-11854.0,-314755.0
37045V100,Not New,GENERAL MOTORS CORP,18516.0,514755.0,18370.0,551500.0,-146.0,36745.0
G6359F103,Sold Out,NABORS INDUSTRIES LTD,13320.0,870000.0,,,,
580037109,New Holding,MCDERMOTT INTL INC,,,3715.0,500000.0,,
79377W108,New Holding,SAKS INC,,,3188.0,200000.0,,
89255N203,Not New,Trade Street Residential Inc,630.0,90530.0,1100.0,125000.0,470.0,34470.0
94973V107,Sold Out,WELLPOINT HEALTH NETWORK,1228.0,15000.0,,,,
731068102,New Holding,POLARIS INDUSTRIES INC,,,388.0,3000.0,,
754730109,Not New,RAYMOND JAMES FINANCIAL INC,1458.0,35000.0,5373.0,125000.0,3915.0,90000.0
34964C106,New Holding,Fortune Brands Home & Security,,,1429.0,34335.0,,
023139884,Sold Out,Ambac Financial Group Inc,7064.0,296414.0,,,,
48238T109,New Holding,KAR AUCTION SERVICES INC,,,30678.0,1087500.0,,
887389104,New Holding,TIMKEN CO,,,8154.0,135000.0,,
N97284108,New Holding,Yandex NV,,,728.0,20000.0,,
747525103,Not New,QUALCOMM INC,495.0,7347.0,7331.0,120000.0,6836.0,112653.0
38388F108,New Holding,WR GRACE & CO,,,4370.0,50000.0,,
744320102,Sold Out,PRUDENTIAL FINANCIAL INC,730.0,10000.0,,,,
69336V101,New Holding,PGT INC,,,1288.0,130000.0,,
19075F106,Not New,COBALT INTERNATIONAL ENERGY,6215.0,250000.0,11957.0,450000.0,5742.0,200000.0
620076307,Sold Out,MOTOROLA SOLUTIO,1155.0,20000.0,,,,
278642103,New Holding,EBAY INC,,,525.0,9405.0,,
17275R102,Not New,CISCO SYSTEMS INC,85686.0,3656932.0,4259.0,175000.0,-81427.0,-3481932.0
17275R102,Not New,CISCO SYSTEMS INC,117155.0,5000000.0,4259.0,175000.0,-112896.0,-4825000.0
30303M102,New Holding,Facebook Inc,,,89769.0,1787150.0,,
79546E104,Not New,SALLY BEAUTY HOLDINGS INC,497.0,19000.0,4665.0,150000.0,4168.0,131000.0
060505104,New Holding,BANK OF AMERICA NA,,,69000.0,5000000.0,,
060505104,New Holding,BANK OF AMERICA NA,,,59821.0,4334881.0,,
86732Y109,New Holding,SunEdison Inc,,,3985.0,500000.0,,
91324P102,Sold Out,UNITED HEALTHCARE CORP,1310.0,20000.0,,,,
09069N108,New Holding,BIOSCRIP INC,,,878.0,100000.0,,
966387102,Sold Out,WHITING PETROLEUM CORP,4609.0,100000.0,,,,
14056V204,Not New,Capitol Acquisition Corp II,9032.0,882000.0,8908.0,882000.0,-124.0,0.0
03762U105,New Holding,APOLLO COMMERCIAL REAL ESTAT,,,3283.0,215000.0,,
575385109,New Holding,Masonite International Corp,,,1012.0,20673.0,,
649445103,New Holding,New York Community Bancorp Inc,,,3778.0,250000.0,,
464286608,New Holding,iShares MSCI EMU ETF,,,5660.0,150000.0,,
25754A201,New Holding,Domino's Pizza Inc,,,680.0,10000.0,,
867914103,Not New,SUNTRUST BANKS INC,4053.0,125000.0,2368.0,75000.0,-1685.0,-50000.0
P31076105,New Holding,COPA HOLDINGS SA-CLASS A,,,4001.0,28850.0,,
002896207,Not New,ABERCROMBIE & FITCH CO-CL A,3537.0,100000.0,4525.0,100000.0,988.0,0.0
316645100,Not New,Fifth & Pacific Co Inc,11547.0,459500.0,9807.0,438975.0,-1740.0,-20525.0
148887102,New Holding,CATAMARAN CORP,,,4595.0,100000.0,,
436106108,Not New,HollyFrontier Corp,8422.0,200000.0,18182.0,425000.0,9760.0,225000.0
436106108,Not New,HollyFrontier Corp,8422.0,200000.0,14973.0,350000.0,6551.0,150000.0
436106108,Not New,HollyFrontier Corp,11370.0,270000.0,18182.0,425000.0,6812.0,155000.0
436106108,Not New,HollyFrontier Corp,11370.0,270000.0,14973.0,350000.0,3603.0,80000.0
63861C109,Not New,Nationstar Mortgage Holdings I,23898.0,425000.0,5616.0,150000.0,-18282.0,-275000.0
94106L109,Sold Out,Waste Management Inc .,12099.0,300000.0,,,,
67020Y100,Not New,NUANCE COMMUNICATIONS INC,6538.0,350000.0,7360.0,400000.0,822.0,50000.0
67020Y100,Not New,NUANCE COMMUNICATIONS INC,6538.0,350000.0,4600.0,250000.0,-1938.0,-100000.0
67020Y100,Not New,NUANCE COMMUNICATIONS INC,4816.0,257790.0,7360.0,400000.0,2544.0,142210.0
67020Y100,Not New,NUANCE COMMUNICATIONS INC,4816.0,257790.0,4600.0,250000.0,-216.0,-7790.0
125581801,Not New,CIT GROUP INC,9754.0,200000.0,4663.0,100000.0,-5091.0,-100000.0
125581801,Not New,CIT GROUP INC,9754.0,200000.0,32641.0,700000.0,22887.0,500000.0
125581801,Not New,CIT GROUP INC,34139.0,700000.0,4663.0,100000.0,-29476.0,-600000.0
125581801,Not New,CIT GROUP INC,34139.0,700000.0,32641.0,700000.0,-1498.0,0.0
654106103,Sold Out,NIKE INC -CL B,637.0,10000.0,,,,
001547108,New Holding,AK STEEL HOLDING CORP,,,750.0,200000.0,,
25470M109,New Holding,DISH NETWORK CORP-A,,,4501.0,100000.0,,
25470M109,New Holding,DISH NETWORK CORP-A,,,481.0,10693.0,,
65249B208,New Holding,NEWS CORP-CLASS B,,,4542.0,276470.0,,
29355X107,Not New,ENPRO INDUSTRIES INC,5720.0,95000.0,7614.0,150000.0,1894.0,55000.0
345838106,Sold Out,FOREST LABORATORIES INC,4100.0,100000.0,,,,
277432100,Sold Out,EASTMAN CHEMICAL COMPANY,7001.0,100000.0,,,,
167250109,New Holding,CHICAGO BRIDGE & IRON-NY SHR,,,1355.0,20000.0,,
904311107,New Holding,UNDER ARMOUR INC-CLASS A,,,795.0,10000.0,,
364760108,Sold Out,GAP INC/THE,2087.0,50000.0,,,,
206708109,Sold Out,CONCUR TECHNOLOGIES INC,407.0,5000.0,,,,
829226109,Sold Out,SINCLAIR BROADCAST GROUP-A,3054.0,104000.0,,,,
60871R209,Sold Out,MOLSON COORS BREWING CO -B,14119.0,295000.0,,,,
25179M103,New Holding,DEVON ENERGY CORPORATION.,,,1444.0,25000.0,,
911363109,Not New,UNITED RENTALS INC,514.0,8818.0,4991.0,100000.0,4477.0,91182.0
966244204,Sold Out,WhiteWave Foods Co,2584.0,170000.0,,,,
N53745100,Not New,LYB INTERNATIONAL FINANCE BV,512.0,6993.0,1325.0,20000.0,813.0,13007.0
151020104,New Holding,CELGENE CORP,,,3083.0,20000.0,,
74838C106,Not New,QUIKSILVER INC,1125.0,160000.0,2576.0,400000.0,1451.0,240000.0
74838C106,Not New,QUIKSILVER INC,2917.0,415000.0,2576.0,400000.0,-341.0,-15000.0
09061G101,New Holding,BIOMARIN PHARMACEUTICAL INC,,,4511.0,62500.0,,
365558105,Sold Out,GARDNER DENVER INC,7518.0,100000.0,,,,
966837106,Not New,Whole Foods Market Inc.,585.0,10000.0,2574.0,50000.0,1989.0,40000.0
535782106,Not New,Linn Co LLC,28610.0,980460.0,40524.0,1087300.0,11914.0,106840.0
464286848,Not New,ISHARES MSCI JAPAN INDEX FD,5955.0,500000.0,2805.0,250000.0,-3150.0,-250000.0
464286848,Not New,ISHARES MSCI JAPAN INDEX FD,1286.0,108000.0,2805.0,250000.0,1519.0,142000.0
18683K101,Sold Out,CLEVELAND-CLIFFS INC,813.0,50000.0,,,,
42805T105,Not New,HERTZ GLOBAL HOLDINGS INC,2216.0,100000.0,24800.0,1000000.0,22584.0,900000.0
42805T105,Not New,HERTZ GLOBAL HOLDINGS INC,2216.0,100000.0,48354.0,1949750.0,46138.0,1849750.0
42805T105,Not New,HERTZ GLOBAL HOLDINGS INC,33560.0,1514435.0,24800.0,1000000.0,-8760.0,-514435.0
42805T105,Not New,HERTZ GLOBAL HOLDINGS INC,33560.0,1514435.0,48354.0,1949750.0,14794.0,435315.0
930059100,New Holding,WADDELL & REED FINANCIAL-A,,,2059.0,40000.0,,
983919101,New Holding,XILINX INC,,,2811.0,60000.0,,
883556102,New Holding,THERMO FISHER SCIENTIFIC INC,,,503.0,5458.0,,
931422109,New Holding,WALGREEN,,,538.0,10000.0,,
881624209,Sold Out,TEVA PHARMACEUTICAL IND LTD,5880.0,150000.0,,,,
09739D100,New Holding,Boise Cascade LLC,,,4043.0,150000.0,,
05381L101,Sold Out,Aviv REIT Inc,1896.0,75000.0,,,,
47759T100,New Holding,JINKOSOLAR HOLDING CO-ADR,,,4510.0,200000.0,,
421933102,Sold Out,HEALTH MGMT ASSOCIATES INC-A,2358.0,150000.0,,,,
124857202,Not New,CBS CORP-CLASS B,54285.0,984141.0,24435.0,500000.0,-29850.0,-484141.0
868536103,Not New,SUPERVALU INC,6370.0,774000.0,2488.0,400000.0,-3882.0,-374000.0
869233106,New Holding,Susser Holdings Corp,,,8770.0,165000.0,,
855244109,Not New,STARBUCKS CORP,4233.0,55000.0,4586.0,70000.0,353.0,15000.0
12572Q105,Not New,CHICAGO MERCANTILE EXCHANG-A,7757.0,105000.0,7975.0,105000.0,218.0,0.0
478160104,New Holding,JOHNSON & JOHNSON,,,494.0,5694.0,,
Y0486S104,Sold Out,AVAGO TECHNOLOGIES LTD,748.0,20000.0,,,,
36159R103,Sold Out,Geo Group Inc/The,2492.0,73399.0,,,,
464287796,New Holding,iShares U.S. Energy ETF,,,1884.0,40000.0,,
09746Y105,New Holding,BOISE INC,,,1260.0,100000.0,,
13123X102,Sold Out,CALLON PETROLEUM CO,674.0,200000.0,,,,
316773100,Sold Out,FIFTH THIRD BANCORP,3610.0,200000.0,,,,
969457100,New Holding,WILLIAMS COS INC.,,,5454.0,150000.0,,
78462F103,Not New,S&P 500 INDEX,369820.0,2200000.0,400025.0,2500000.0,30205.0,300000.0
78462F103,Not New,S&P 500 INDEX,369820.0,2200000.0,34002.0,212500.0,-335818.0,-1987500.0
78462F103,Not New,S&P 500 INDEX,369820.0,2200000.0,9601.0,60000.0,-360219.0,-2140000.0
78462F103,Not New,S&P 500 INDEX,806880.0,4800000.0,400025.0,2500000.0,-406855.0,-2300000.0
78462F103,Not New,S&P 500 INDEX,806880.0,4800000.0,34002.0,212500.0,-772878.0,-4587500.0
78462F103,Not New,S&P 500 INDEX,806880.0,4800000.0,9601.0,60000.0,-797279.0,-4740000.0
78462F103,Not New,S&P 500 INDEX,26470.0,157467.0,400025.0,2500000.0,373555.0,2342533.0
78462F103,Not New,S&P 500 INDEX,26470.0,157467.0,34002.0,212500.0,7532.0,55033.0
78462F103,Not New,S&P 500 INDEX,26470.0,157467.0,9601.0,60000.0,-16869.0,-97467.0
055921100,Sold Out,BMC SOFTWARE INC,9026.0,200000.0,,,,
80004C101,New Holding,SANDISK CORP,,,507.0,8527.0,,
464287234,Not New,ISHARES MSCI EMERGING MKT IN,20385.0,500000.0,77140.0,2000000.0,56755.0,1500000.0
464287234,Not New,ISHARES MSCI EMERGING MKT IN,20385.0,500000.0,129210.0,3350000.0,108825.0,2850000.0
464287234,Not New,ISHARES MSCI EMERGING MKT IN,20385.0,500000.0,863.0,22363.0,-19522.0,-477637.0
464287234,Not New,ISHARES MSCI EMERGING MKT IN,10763.0,264000.0,77140.0,2000000.0,66377.0,1736000.0
464287234,Not New,ISHARES MSCI EMERGING MKT IN,10763.0,264000.0,129210.0,3350000.0,118447.0,3086000.0
464287234,Not New,ISHARES MSCI EMERGING MKT IN,10763.0,264000.0,863.0,22363.0,-9900.0,-241637.0
98462Y100,Sold Out,YAMANA GOLD INC,951.0,100000.0,,,,
92857W209,New Holding,VODAFONE GROUP,,,535.0,15208.0,,
786514208,Sold Out,SAFEWAY INC,1183.0,50000.0,,,,
637071101,New Holding,NATIONAL OILWELL VARCO INC,,,2734.0,35000.0,,
40416M105,New Holding,HD SUPPLY INC,,,2197.0,100000.0,,
88732J207,New Holding,TIME WARNER CABLE-A,,,14508.0,130000.0,,
256677105,Not New,DOLLAR GENERAL CORP,25880.0,458375.0,4501.0,89250.0,-21379.0,-369125.0
913017109,New Holding,UNITED TECHNOLOGIES CORP,,,8087.0,75000.0,,
00507K103,Sold Out,Actavis Inc,2524.0,20000.0,,,,
59156R108,New Holding,METLIFE INC,,,7043.0,150000.0,,
57636Q104,Not New,MASTERCARD INC-CLASS A,2530.0,3760.0,2873.0,5000.0,343.0,1240.0
81369Y803,New Holding,TECHNOLOGY SELECT SECT SPDR,,,4805.0,150000.0,,
891027104,New Holding,TORCHMARK CORP,,,1447.0,20000.0,,
79466L302,Not New,SALESFORCE.COM INC,2596.0,50000.0,4200.0,110000.0,1604.0,60000.0
78464A698,Sold Out,KBW REGIONAL BANKING ETF,18634.0,550000.0,,,,
78464A698,Sold Out,KBW REGIONAL BANKING ETF,8470.0,250000.0,,,,
759351604,Sold Out,REINSURANCE GROUP OF AMERICA,4147.0,60000.0,,,,
469814107,Sold Out,JACOBS ENGINEERING GROUP INC,1654.0,30000.0,,,,
Y64354205,Not New,Ocean Rig UDW Inc,2730.0,150000.0,2810.0,150000.0,80.0,0.0
Y64354205,Not New,Ocean Rig UDW Inc,2730.0,150000.0,2341.0,125000.0,-389.0,-25000.0
Y64354205,Not New,Ocean Rig UDW Inc,2730.0,150000.0,1873.0,100000.0,-857.0,-50000.0
Y64354205,Not New,Ocean Rig UDW Inc,11522.0,633051.0,2810.0,150000.0,-8712.0,-483051.0
Y64354205,Not New,Ocean Rig UDW Inc,11522.0,633051.0,2341.0,125000.0,-9181.0,-508051.0
Y64354205,Not New,Ocean Rig UDW Inc,11522.0,633051.0,1873.0,100000.0,-9649.0,-533051.0
92839U206,New Holding,VISTEON CORP.,,,2646.0,34986.0,,
984332106,New Holding,YAHOO INC,,,563.0,16965.0,,
87612E106,New Holding,TARGET CORP,,,2041.0,31900.0,,
406216101,New Holding,HALLIBURTON CO,,,8426.0,175000.0,,
253393102,Sold Out,DICK'S SPORTING GOODS INC,1502.0,30000.0,,,,
26875P101,New Holding,EOG RESOURCES INC.,,,5078.0,30000.0,,
067901108,New Holding,BARRICK GOLD CORP,,,931.0,50000.0,,
574599106,Not New,MASCO CORP,102.0,4800.0,94.0,4800.0,-8.0,0.0
574599106,Not New,MASCO CORP,102.0,4800.0,2.0,96.0,-100.0,-4704.0
574599106,Not New,MASCO CORP,102.0,4800.0,94.0,4800.0,-8.0,0.0
574599106,Not New,MASCO CORP,3194.0,150096.0,94.0,4800.0,-3100.0,-145296.0
574599106,Not New,MASCO CORP,3194.0,150096.0,2.0,96.0,-3192.0,-150000.0
574599106,Not New,MASCO CORP,3194.0,150096.0,94.0,4800.0,-3100.0,-145296.0
574599106,Not New,MASCO CORP,102.0,4800.0,94.0,4800.0,-8.0,0.0
574599106,Not New,MASCO CORP,102.0,4800.0,2.0,96.0,-100.0,-4704.0
574599106,Not New,MASCO CORP,102.0,4800.0,94.0,4800.0,-8.0,0.0
963320106,New Holding,WHIRLPOOL CORP,,,4994.0,34100.0,,
38500P208,New Holding,Grana y Montero SA,,,1497.0,75000.0,,
63934E108,Sold Out,NAVISTAR INTERNATIONAL,2776.0,100000.0,,,,
92826C839,Not New,VISA INC-CLASS A SHRS,517.0,2704.0,22844.0,125000.0,22327.0,122296.0
78464A888,Sold Out,SPDR S&P HOMEBUILDERS ETF,736.0,25000.0,,,,
V7780T103,New Holding,ROYAL CARIBBEAN CRUISES LTD,,,3828.0,100000.0,,
717081103,New Holding,PFIZER INC,,,508.0,17687.0,,
585464100,Not New,MELCO CROWN ENTMT LTD,1432.0,45000.0,22013.0,984500.0,20581.0,939500.0
585464100,Not New,MELCO CROWN ENTMT LTD,1432.0,45000.0,2236.0,100000.0,804.0,55000.0
585464100,Not New,MELCO CROWN ENTMT LTD,1432.0,45000.0,2795.0,125000.0,1363.0,80000.0
151290889,New Holding,CEMEX SAB-SPONS ADR PART CER,,,3695.0,330500.0,,
806857108,New Holding,SCHLUMBERGER BV,,,1767.0,20000.0,,
243537107,New Holding,DECKERS OUTDOOR CORP,,,1978.0,30000.0,,
02153X108,New Holding,Altisource Asset Management Co,,,18090.0,33940.0,,
81369Y407,New Holding,CONSUMER DISCRETIONARY SELT,,,12126.0,200000.0,,
81369Y605,Not New,AMEX FINANCIAL SELEXT SPDR.,14940.0,750000.0,57496.0,2950000.0,42556.0,2200000.0
81369Y605,Not New,AMEX FINANCIAL SELEXT SPDR.,14940.0,750000.0,79909.0,4100000.0,64969.0,3350000.0
40049J206,Not New,GRUPO TELEVISA SA-SER CPO,5127.0,183424.0,5164.0,207900.0,37.0,24476.0
61945C103,Not New,MOSAIC CO/THE,8604.0,200000.0,16143.0,300000.0,7539.0,100000.0
61945C103,Not New,MOSAIC CO/THE,8604.0,200000.0,2691.0,50000.0,-5913.0,-150000.0
87261Q103,New Holding,TMS INTERNATIO-A,,,476.0,27291.0,,
375558103,Sold Out,GILEAD SCIENCES INC,15381.0,300000.0,,,,
375558103,Sold Out,GILEAD SCIENCES INC,7691.0,150000.0,,,,
021441100,New Holding,ALTERA CORPORATION,,,743.0,20000.0,,
580135101,Sold Out,MCDONALD'S CORP,1980.0,20000.0,,,,
020002101,Not New,ALLSTATE CORP,5055.0,100000.0,5293.0,110000.0,238.0,10000.0
437076102,Not New,HOME DEPOT INC,7585.0,100000.0,22079.0,285000.0,14494.0,185000.0
45773H102,New Holding,Inovio Pharmaceuticals Inc,,,207.0,100000.0,,
42809H107,Not New,AMERADA HESS CORP,7734.0,100000.0,13298.0,200000.0,5564.0,100000.0
42809H107,Not New,AMERADA HESS CORP,7845.0,101431.0,13298.0,200000.0,5453.0,98569.0
743187106,New Holding,PROGENICS PHARMACEUTICALS,,,252.0,50000.0,,
712704105,Sold Out,PEOPLE'S UNITED FINANCIAL,2608.0,175000.0,,,,
879273209,Sold Out,TELECOM ARGENTINA SA-SP ADR,466.0,31300.0,,,,
254687106,New Holding,THE WALT DISNEY CO.,,,1290.0,20000.0,,
52602E102,Sold Out,LENDER PROCESSING SERVICES,4853.0,150000.0,,,,
111320107,New Holding,BROADCOM CORP-CL A,,,1301.0,50000.0,,
29101U209,New Holding,Emerald Oil Inc,,,1690.0,235000.0,,
35671D857,New Holding,FREEPORT-MCMORAN COPPER-B,,,505.0,15261.0,,
05961W105,Sold Out,BANCO MACRO SA,277.0,19300.0,,,,
156700106,Not New,CENTURYTEL INC.,15690.0,500000.0,21210.0,600000.0,5520.0,100000.0
64110D104,Not New,NETWORK APPLIANCE INC,8524.0,200000.0,3778.0,100000.0,-4746.0,-100000.0
563571108,Sold Out,MANITOWOC COMPANY INC,3940.0,220000.0,,,,
89628E104,Not New,TRINA SOLAR LTD-SPON ADR,4947.0,320000.0,2451.0,411278.0,-2496.0,91278.0
480838101,Sold Out,JOS A BANK CLOTHIERS INC,3099.0,75000.0,,,,
91912E204,New Holding,CIA VALE DO RIO DOCE,,,21031.0,1480000.0,,
517834107,Not New,LAS VEGAS SANDS CORP,24472.0,368450.0,23289.0,440000.0,-1183.0,71550.0
517834107,Not New,LAS VEGAS SANDS CORP,24472.0,368450.0,1323.0,25000.0,-23149.0,-343450.0
459506101,New Holding,INTL FLAVORS & FRAGRANCES,,,823.0,10000.0,,
447011107,New Holding,HUNTSMAN CORP,,,7214.0,350000.0,,
832248108,Sold Out,SMITHFIELD FOODS INC,6550.0,200000.0,,,,
832248108,Sold Out,SMITHFIELD FOODS INC,819.0,25000.0,,,,
790148100,Sold Out,THE ST JOE COMPANY,3158.0,150000.0,,,,
118255108,Sold Out,BUCKEYE TECHNOLOGIES INC,5556.0,150000.0,,,,
68401H104,Not New,OPTIMER PHARMACEUTICALS INC,2518.0,200000.0,1447.0,100000.0,-1071.0,-100000.0
023111206,Not New,AMARIN CORP -ADR,1896.0,300000.0,464.0,80000.0,-1432.0,-220000.0
023111206,Not New,AMARIN CORP -ADR,1896.0,300000.0,2900.0,500000.0,1004.0,200000.0
018581108,New Holding,ALLIANCE DATA SYSTEMS CORP,,,5287.0,25000.0,,
65248E104,Sold Out,News Corp CL A,27693.0,850000.0,,,,
099724106,Sold Out,BORGWARNER INC,3446.0,40000.0,,,,
767754104,New Holding,RITE AID CORP,,,857.0,180000.0,,
35804H106,New Holding,FRESH MARKET INC,,,2304.0,48700.0,,
485170302,New Holding,Kansas City Southern,,,1094.0,10000.0,,
09739C102,Not New,BOINGO,19675.0,2810643.0,17454.0,2810643.0,-2221.0,0.0
741503403,Not New,PRICELINE.COM INC,12147.0,12015.0,14715.0,17800.0,2568.0,5785.0
N6596X109,Not New,NXP SEMICONDUCTORS NV,8186.0,220000.0,8531.0,275000.0,345.0,55000.0
03674U102,Sold Out,ANTHERA PHARMACE,926.0,2000000.0,,,,
53224V100,Sold Out,LifeLock Inc,117.0,10000.0,,,,
03524A108,Not New,ANHEUSER-BUSCH INBEV NV,13888.0,140000.0,4062.0,45000.0,-9826.0,-95000.0
22943F100,New Holding,CTRIP.COM INTERNATIONAL-ADR,,,37934.0,650000.0,,
126408103,Sold Out,CSX CORP,5798.0,250000.0,,,,
37247D106,Sold Out,GENWORTH FINANCIAL INC-CL A,1712.0,150000.0,,,,
37247D106,Sold Out,GENWORTH FINANCIAL INC-CL A,3994.0,350000.0,,,,
761283100,Not New,Restoration Hardware Holdings,14258.0,225063.0,750.0,10000.0,-13508.0,-215063.0
98742U100,New Holding,YOUKU.COM IN-ADR,,,8220.0,300000.0,,
22282E102,Sold Out,COVANTA HOLDING CORP,4004.0,200000.0,,,,
497266106,Sold Out,KIRBY CORP,1591.0,20000.0,,,,
222816100,New Holding,COVANCE INC,,,865.0,10000.0,,
65249B109,New Holding,NEWS CORP-CL A,,,2409.0,150000.0,,
H0023R105,Not New,ACE LTD,3304.0,35315.0,4474.0,50000.0,1170.0,14685.0
550021109,Not New,LULULEMON ATHLETICA INC-W/I,27332.0,373750.0,22958.0,350500.0,-4374.0,-23250.0
76117W109,Not New,Resolute Forest Products,1261.0,95405.0,1127.0,85561.0,-134.0,-9844.0
629377508,New Holding,NRG ENERGY INC,,,2733.0,100000.0,,
629377508,New Holding,NRG ENERGY INC,,,2482.0,90800.0,,
984121103,Sold Out,XEROX CORP,907.0,100000.0,,,,
70931T103,Sold Out,PENNYMAC MORTGAGE INVESTMENT,2105.0,100000.0,,,,
436440101,New Holding,HOLOGIC INC,,,6195.0,300000.0,,
254709108,Not New,DISCOVER BANK,45486.0,900000.0,42400.0,890000.0,-3086.0,-10000.0
057224107,New Holding,BAKER HUGHES INC,,,1228.0,25000.0,,
032511107,Not New,ANADARKO PETROLEUM CORP,13949.0,150000.0,8593.0,100000.0,-5356.0,-50000.0
032511107,Not New,ANADARKO PETROLEUM CORP,13949.0,150000.0,15038.0,175000.0,1089.0,25000.0
032511107,Not New,ANADARKO PETROLEUM CORP,9799.0,105379.0,8593.0,100000.0,-1206.0,-5379.0
032511107,Not New,ANADARKO PETROLEUM CORP,9799.0,105379.0,15038.0,175000.0,5239.0,69621.0
91913Y100,New Holding,VALERO ENERGY CORP,,,1708.0,50000.0,,
438516106,Not New,Honeywell International Inc,1661.0,20000.0,3174.0,40000.0,1513.0,20000.0
284131208,New Holding,ELAN CORP PLC -SPONS ADR,,,6608.0,424117.0,,
88031M109,New Holding,TENARIS SA,,,4919.0,105150.0,,
78464A730,Not New,SPDR SP OIL GAS EXPLORATI,13178.0,200000.0,11636.0,200000.0,-1542.0,0.0
78464A730,Not New,SPDR SP OIL GAS EXPLORATI,13178.0,200000.0,23272.0,400000.0,10094.0,200000.0
026874784,New Holding,AMERICAN INTERNATIONAL GROUP,,,1716.0,35291.0,,
300439106,New Holding,EveryWare Global Inc,,,567.0,420000.0,,
12504L109,Sold Out,CBRE GROUP INC,26864.0,1150000.0,,,,
168615102,Sold Out,CHICO'S FAS INC,3412.0,200000.0,,,,
00922R105,Sold Out,Air Transport Services Group I,826.0,125000.0,,,,
085789105,Not New,BERRY PETROLEUM CO-CLASS A,42700.0,990041.0,34630.0,818300.0,-8070.0,-171741.0
H8817H100,Not New,TRANSOCEAN INC,17800.0,400000.0,17981.0,375000.0,181.0,-25000.0
962166104,New Holding,WEYERHAEUSER CO,,,4295.0,150000.0,,
097023105,Not New,BOEING CO,11750.0,100000.0,1024.0,10000.0,-10726.0,-90000.0
02153W100,Not New,Altisource Residential Corp,14363.0,625000.0,3755.0,225000.0,-10608.0,-400000.0
205638109,New Holding,COMPUWARE CORP,,,9986.0,892425.0,,
427866108,New Holding,HERSHEY CO/THE,,,925.0,10000.0,,
98416J118,Not New,XERIUM TECHNOLOGIES INC,580.0,50000.0,713.0,70000.0,133.0,20000.0
46429B366,Not New,iShares Barclays CMBS Bond Fun,206.0,4000.0,205.0,4000.0,-1.0,0.0
633707104,Not New,National Bank Holdings Corp,17011.0,828171.0,16315.0,828171.0,-696.0,0.0
65105M108,New Holding,NEWCASTLE INVESTMENT CORP,,,3927.0,698700.0,,
G94368100,Sold Out,WARNER CHILCOTT LTD CL-A,5973.0,300000.0,,,,
75605Y106,New Holding,Realogy Holdings Corp,,,12282.0,285484.0,,
464287739,Not New,ISHARES DJ US REAL ESTATE,1594.0,25000.0,24066.0,362500.0,22472.0,337500.0
97717W851,Not New,WisdomTree Japan Hedged Equity,8939.0,186500.0,20525.0,450000.0,11586.0,263500.0
97717W851,Not New,WisdomTree Japan Hedged Equity,8939.0,186500.0,12999.0,285000.0,4060.0,98500.0
092113109,Not New,BLACK HILLS CORP,2493.0,50000.0,4875.0,100000.0,2382.0,50000.0
092113109,Not New,BLACK HILLS CORP,2493.0,50000.0,3315.0,68000.0,822.0,18000.0
092113109,Not New,BLACK HILLS CORP,5734.0,115000.0,4875.0,100000.0,-859.0,-15000.0
092113109,Not New,BLACK HILLS CORP,5734.0,115000.0,3315.0,68000.0,-2419.0,-47000.0
40412C101,Sold Out,HCA HOLDINGS INC.,9015.0,250000.0,,,,
037604105,Sold Out,APOLLO GROUP INC-CL A,3544.0,200000.0,,,,
464286806,Not New,ISHARES MSCI GERMANY INDEX,8343.0,300000.0,14820.0,600000.0,6477.0,300000.0
751212101,New Holding,POLO RALPH LAUREN CORP...VR,,,3212.0,19500.0,,
G81477104,Not New,SINA CORP,20293.0,250000.0,13933.0,250000.0,-6360.0,0.0
086516101,Not New,BEST BUY CO INC,9281.0,247500.0,1503.0,55000.0,-7778.0,-192500.0
760759100,Sold Out,REPUBLIC SERVICES INC,10182.0,300000.0,,,,
023135106,New Holding,AMAZON.COM INC,,,3644.0,11657.0,,
448640102,Not New,Hyde Park Acquisition Corp II,3822.0,367500.0,3811.0,367500.0,-11.0,0.0
565849106,New Holding,MARATHON OIL CORP,,,8720.0,250000.0,,
628530107,Sold Out,MYLAN LABORATORIES INC,18618.0,600000.0,,,,
227046109,New Holding,CROCS INC,,,1040.0,76500.0,,
169656105,New Holding,CHIPOTLE MEXICAN GRILL-CL A,,,1286.0,3000.0,,
701354102,Not New,Parkervision Inc,419.0,125000.0,910.0,200000.0,491.0,75000.0
674215108,New Holding,OASIS PETROLEUM INC,,,2457.0,50000.0,,
402635304,New Holding,GULFPORT ENERGY CORP,,,6556.0,101900.0,,
73935A104,Sold Out,NASDAQ 100 STOCK INDX,178175.0,2500000.0,,,,
38259P508,Not New,GOOGLE INC-CL A,5753.0,6568.0,10564.0,12000.0,4811.0,5432.0
683399109,New Holding,ONYX PHARMACEUTICALS INC,,,12467.0,100000.0,,
57060U191,Sold Out,MARKET VECTORS OIL SERVICE ETF,21390.0,500000.0,,,,
14040H105,Not New,CAPITAL ONE FINANCIAL CORP,78535.0,1142493.0,38628.0,615000.0,-39907.0,-527493.0
582839106,Not New,MEAD JOHNSON NUTRITION CO-A,21535.0,290000.0,15054.0,190000.0,-6481.0,-100000.0
346233109,Not New,FORESTAR REAL ESTATE GROUP,3230.0,150000.0,3009.0,150000.0,-221.0,0.0
92343X100,Sold Out,VERINT SYSTEMS,12.0,326.0,,,,
693656100,Not New,PVH CORP,890.0,7500.0,2501.0,20000.0,1611.0,12500.0
984245100,Sold Out,YPF SA-ADR,723.0,48950.0,,,,
887317303,Not New,TIME WARNER INC,43435.0,660000.0,14455.0,250000.0,-28980.0,-410000.0
708160106,Not New,J.C. PENNEY CO INC,221.0,25000.0,427.0,25000.0,206.0,0.0
G3223R108,Sold Out,EVEREST RE GROUP LTD,2886.0,22500.0,,,,
04033A100,Not New,ARIAD PHARMACEUTICALS INC,920.0,50000.0,1312.0,75000.0,392.0,25000.0
46625H100,Not New,JPMORGAN CHASE BANK NA,34870.0,674608.0,189606.0,3591708.0,154736.0,2917100.0
412822108,Sold Out,HARLEY-DAVIDSON INC.,3080.0,56175.0,,,,
G98290102,New Holding,XL CAPITAL LTD-CLASS A,,,3082.0,100000.0,,
038222105,Sold Out,APPLIED MATERIALS INC,7460.0,500000.0,,,,
478366107,Not New,JOHNSON CONTROLS INC,8300.0,200000.0,10737.0,300000.0,2437.0,100000.0
31428X106,Not New,FEDEX CORP,1141.0,10000.0,9858.0,100000.0,8717.0,90000.0
524901105,New Holding,LEGG MASON INC,,,4180.0,125000.0,,
89469A104,New Holding,TREEHOUSE FOODS INC,,,5346.0,80000.0,,
40537Q209,New Holding,Halcon Resources Corp,,,1994.0,450000.0,,
606822104,Not New,MITSUBISHI UFJ FINL GRP-ADR,2968.0,463066.0,9227.0,1485772.0,6259.0,1022706.0
416515104,Not New,HARTFORD FINANCIAL SVCS GRP,7780.0,250000.0,241176.0,7800000.0,233396.0,7550000.0
416515104,Not New,HARTFORD FINANCIAL SVCS GRP,149376.0,4800000.0,241176.0,7800000.0,91800.0,3000000.0
24702R101,Not New,DELL INC.,10696.0,777800.0,10364.0,777800.0,-332.0,0.0
24702R101,Not New,DELL INC.,502.0,36522.0,10364.0,777800.0,9862.0,741278.0
09072Q106,Sold Out,BioAmber Inc,2057.0,302500.0,,,,
G8988C105,New Holding,TOWER GROUP INC,,,700.0,100000.0,,
G0585R106,Not New,ASSURED GUARANTY LTD,129525.0,6907977.0,140512.0,6369535.0,10987.0,-538442.0
256603101,New Holding,DOLE FOOD CO INC,,,1362.0,100000.0,,
29444U502,New Holding,EQUINIX INC,,,6428.0,35000.0,,
947684106,Sold Out,WEBSENSE INC,1570.0,63500.0,,,,
080555105,New Holding,BELO CORPORATION-A,,,924.0,67463.0,,
00101J106,Sold Out,ADT Corp/The,11955.0,300000.0,,,,
55003T107,New Holding,LUMBER LIQUIDATORS HOLDINGS,,,2608.0,24450.0,,
G67743107,Sold Out,ORIENT EXPRESS HOTELS LTD -A,1824.0,150000.0,,,,
882508104,Not New,TEXAS INSTRUMENTS INC,1410.0,35000.0,13069.0,375000.0,11659.0,340000.0
78388J106,New Holding,SBA COMMUNICATIONS CORP-CL A,,,4828.0,60000.0,,
09228F103,New Holding,Blackberry Ltd,,,2384.0,300000.0,,
09228F103,New Holding,Blackberry Ltd,,,9375.0,1180000.0,,
G5480U120,New Holding,LIBERTY GLOBAL INC-C,,,515.0,6821.0,,
713448108,New Holding,PEPSICO INC,,,43725.0,550000.0,,
