CUSIP,status,NAME OF ISSUER,(x$1000)_old,PRN AMT_old,(x$1000),PRN AMT,(x$1000)_change,PRN AMT_change
23291E117,New Holding,DFB HEALTHCARE ACQUISTION CO,,,433.0,333333.0,,
535919401,Not New,LIONS GATE ENTMNT CORP,12627.0,508747.0,15342.0,593948.0,2715.0,85201.0
23291E109,New Holding,DFB HEALTHCARE ACQUISITIONS,,,9650.0,1000000.0,,
31421V107,Not New,FEDERAL STR ACQUISITION CORP,9770.0,1000000.0,9690.0,1000000.0,-80.0,0.0
82481R106,New Holding,SHIRE PLC,,,4186.0,24800.0,,
464287432,Sold Out,ISHARES TR,36570.0,300000.0,,,,
464287432,Sold Out,ISHARES TR,1435.0,11771.0,,,,
450828108,New Holding,IBERIABANK CORP,,,4813.0,63497.0,,
87612G101,Not New,TARGA RES CORP,1980.0,40000.0,2200.0,50000.0,220.0,10000.0
014339105,Sold Out,ALDER BIOPHARMACEUTICALS INC,1270.0,100000.0,,,,
23291E208,Sold Out,DFB HEALTHCARE ACQUISTION CO,10050.0,1000000.0,,,,
60935Y208,Not New,MONEYGRAM INTL INC,1038.0,155167.0,1341.0,155537.0,303.0,370.0
26441C204,Not New,DUKE ENERGY CORP NEW,1186.0,15000.0,1549.0,20000.0,363.0,5000.0
05501U106,New Holding,AZUL S A,,,1636.0,100000.0,,
05501U106,New Holding,AZUL S A,,,1636.0,100000.0,,
125269100,Sold Out,CF INDS HLDGS INC,943.0,25000.0,,,,
205887102,New Holding,CONAGRA BRANDS INC,,,3573.0,100000.0,,
70959W103,Sold Out,PENSKE AUTOMOTIVE GROUP INC,4655.0,105000.0,,,,
13645T100,Not New,CANADIAN PAC RY LTD,6406.0,35000.0,685.0,3880.0,-5721.0,-31120.0
552953101,Not New,MGM RESORTS INTERNATIONAL,3629.0,125000.0,25390.0,725000.0,21761.0,600000.0
L8681T102,New Holding,SPOTIFY TECHNOLOGY S A,,,40378.0,240000.0,,
46428Q109,Not New,ISHARES SILVER TRUST,3030.0,200000.0,1057.0,68561.0,-1973.0,-131439.0
51476W107,Sold Out,LANDCADIA HOLDINGS INC,10040.0,1000000.0,,,,
892356106,New Holding,TRACTOR SUPPLY CO,,,7649.0,100000.0,,
021346101,Not New,ALTABA INC,35507.0,485000.0,35909.0,485000.0,402.0,0.0
91232N108,New Holding,UNITED STATES OIL FUND LP,,,9789.0,650000.0,,
25470F104,Sold Out,DISCOVERY COMMUNICATNS NEW,21430.0,1000000.0,,,,
629076118,Not New,NEBULA ACQUISITION CORP,620.0,413333.0,496.0,413333.0,-124.0,0.0
872656111,Not New,TPG PACE ENERGY HLDGS CORP,2292.0,833333.0,1542.0,833333.0,-750.0,0.0
03076C106,New Holding,AMERIPRISE FINL INC,,,27976.0,200000.0,,
913837100,New Holding,UNIVERSAL STAINLESS & ALLOY,,,2722.0,115000.0,,
G29183103,Sold Out,EATON CORP PLC,9589.0,120000.0,,,,
16411R208,New Holding,CHENIERE ENERGY INC,,,25293.0,387983.0,,
666807102,Sold Out,NORTHROP GRUMMAN CORP,46941.0,134454.0,,,,
172967424,Not New,CITIGROUP INC,5688.0,85000.0,5063.0,75000.0,-625.0,-10000.0
256746108,Sold Out,DOLLAR TREE INC,14235.0,150000.0,,,,
464287440,Sold Out,ISHARES TR,4287.0,41545.0,,,,
Y7542C106,New Holding,SCORPIO TANKERS INC,,,1763.0,627300.0,,
237194105,New Holding,DARDEN RESTAURANTS INC,,,14242.0,133027.0,,
N70544106,Not New,PLAYA HOTELS & RESORTS NV,1080.0,100000.0,1022.0,100000.0,-58.0,0.0
122017106,Sold Out,BURLINGTON STORES INC,26630.0,200000.0,,,,
185899101,Sold Out,CLEVELAND CLIFFS INC,174.0,25000.0,,,,
776696106,Sold Out,ROPER TECHNOLOGIES INC,1019.0,3632.0,,,,
38141G104,Sold Out,GOLDMAN SACHS GROUP INC,47526.0,188701.0,,,,
037833100,Sold Out,APPLE INC,49495.0,295000.0,,,,
76131D103,New Holding,RESTAURANT BRANDS INTL INC,,,15075.0,250000.0,,
512807108,Sold Out,LAM RESEARCH CORP,20316.0,100000.0,,,,
04685N103,Sold Out,ATHENEX INC,425.0,25000.0,,,,
29444U700,Sold Out,EQUINIX INC,20907.0,50000.0,,,,
420870115,Not New,HAYMAKER ACQUISITION CORP,111.0,125000.0,100.0,125000.0,-11.0,0.0
554382101,Not New,MACERICH CO,3923.0,69027.0,10753.0,191949.0,6830.0,122922.0
G0726L117,Not New,AVISTA HEALTHCARE PUB ACQ CO,685.0,1490000.0,492.0,1490000.0,-193.0,0.0
464287184,Not New,ISHARES TR,77346.0,1800000.0,77474.0,1640000.0,128.0,-160000.0
G60754101,Not New,MICHAEL KORS HLDGS LTD,23310.0,350000.0,18624.0,300000.0,-4686.0,-50000.0
548661107,New Holding,LOWES COS INC,,,9557.0,100000.0,,
87236Y108,New Holding,TD AMERITRADE HLDG CORP,,,8216.0,150000.0,,
189464100,Not New,CLOVIS ONCOLOGY INC,1137.0,25000.0,1320.0,25000.0,183.0,0.0
58933Y105,New Holding,MERCK & CO INC,,,3035.0,50000.0,,
67066G104,Not New,NVIDIA CORP,26059.0,110000.0,9264.0,40000.0,-16795.0,-70000.0
143658300,Not New,CARNIVAL CORP,10029.0,175000.0,31151.0,475000.0,21122.0,300000.0
594918104,Not New,MICROSOFT CORP,55715.0,565000.0,120476.0,1320000.0,64761.0,755000.0
228368106,New Holding,CROWN HOLDINGS INC,,,8952.0,200000.0,,
19459J104,Not New,COLLEGIUM PHARMACEUTICAL INC,596.0,25000.0,1278.0,50000.0,682.0,25000.0
189464AC4,New Holding,CLOVIS ONCOLOGY INC,,,1378.0,1500000.0,,
949746101,New Holding,WELLS FARGO CO NEW,,,48787.0,880000.0,,
21036P108,Not New,CONSTELLATION BRANDS INC,16415.0,75000.0,37037.0,162500.0,20622.0,87500.0
47009K107,New Holding,JAGGED PEAK ENERGY INC,,,977.0,75000.0,,
499049104,New Holding,KNIGHT SWIFT TRANSN HLDGS IN,,,2866.0,75000.0,,
92672L107,New Holding,VIEWRAY INC,,,519.0,75000.0,,
526057302,Not New,LENNAR CORP,6404.0,150000.0,3577.0,75000.0,-2827.0,-75000.0
Y37828111,Not New,HUNTER MARITIME ACQUISITION,6916.0,700000.0,6860.0,700000.0,-56.0,0.0
682189105,New Holding,ON SEMICONDUCTOR CORP,,,8894.0,400000.0,,
830566105,Sold Out,SKECHERS U S A INC,16528.0,425000.0,,,,
02079K305,New Holding,ALPHABET INC,,,53637.0,47500.0,,
345370860,Sold Out,FORD MOTOR CO,4432.0,400000.0,,,,
872540109,Sold Out,TJX COMPANIES INC,18351.0,225000.0,,,,
247361702,Not New,DELTA AIR LINES INC DEL,8174.0,165000.0,6577.0,120000.0,-1597.0,-45000.0
109194100,Sold Out,BRIGHT HORIZONS FAM SOL IN D,9972.0,100000.0,,,,
647581107,Sold Out,NEW ORIENTAL ED & TECH GRP I,10956.0,125000.0,,,,
90385D107,Sold Out,ULTIMATE SOFTWARE GROUP INC,9748.0,40000.0,,,,
98401F105,Sold Out,XENCOR INC,300.0,10000.0,,,,
90130A101,New Holding,TWENTY FIRST CENTY FOX INC,,,19876.0,400000.0,,
925652109,Sold Out,VICI PPTYS INC,1832.0,100000.0,,,,
G47791101,Sold Out,INGERSOLL-RAND PLC,3544.0,41444.0,,,,
69351T106,New Holding,PPL CORP,,,1428.0,50000.0,,
500255104,Sold Out,KOHLS CORP,14740.0,225000.0,,,,
G0750C108,Not New,AXALTA COATING SYS LTD,4078.0,134541.0,17118.0,567019.0,13040.0,432478.0
64110L106,Sold Out,NETFLIX INC,5907.0,20000.0,,,,
82568P304,Sold Out,SHUTTERFLY INC,10156.0,125000.0,,,,
G3206V118,Not New,ESTRE AMBIENTAL INC,100.0,250000.0,145.0,250000.0,45.0,0.0
966387409,New Holding,WHITING PETE CORP NEW,,,2372.0,45000.0,,
464287655,Sold Out,ISHARES TR,30366.0,200000.0,,,,
74005P104,Not New,PRAXAIR INC,26886.0,170000.0,15395.0,106685.0,-11491.0,-63315.0
74005P104,Not New,PRAXAIR INC,40589.0,256650.0,15395.0,106685.0,-25194.0,-149965.0
044186104,Sold Out,ASHLAND GLOBAL HLDGS INC,5012.0,71811.0,,,,
G1992S117,Sold Out,CISION LTD,468.0,200000.0,,,,
G7126L100,Not New,PLATINUM EAGLE ACQUISITIN CO,11760.0,1200000.0,11820.0,1200000.0,60.0,0.0
81727U105,New Holding,SENSEONICS HLDGS INC,,,719.0,175000.0,,
00206R102,New Holding,AT&T INC,,,6422.0,200000.0,,
00206R102,New Holding,AT&T INC,,,21193.0,660000.0,,
144577103,Sold Out,CARRIZO OIL & GAS INC,4375.0,273436.0,,,,
37045V100,Not New,GENERAL MTRS CO,3940.0,100000.0,6178.0,170000.0,2238.0,70000.0
37045V100,Not New,GENERAL MTRS CO,3940.0,100000.0,2544.0,70000.0,-1396.0,-30000.0
37045V100,Not New,GENERAL MTRS CO,15760.0,400000.0,6178.0,170000.0,-9582.0,-230000.0
37045V100,Not New,GENERAL MTRS CO,15760.0,400000.0,2544.0,70000.0,-13216.0,-330000.0
N20944109,Sold Out,CNH INDL N V,447.0,36055.0,,,,
78463V107,Sold Out,SPDR GOLD TRUST,23145.0,184000.0,,,,
539830109,Sold Out,LOCKHEED MARTIN CORP,47006.0,139100.0,,,,
78516C114,Not New,SABAN CAP ACQUISITION CORP,878.0,750000.0,975.0,750000.0,97.0,0.0
23130C108,Sold Out,CURRENCYSHARES EURO TR,23666.0,200000.0,,,,
249908AA2,Not New,DEPOMED INC,3265.0,4000000.0,3270.0,4000000.0,5.0,0.0
803607100,New Holding,SAREPTA THERAPEUTICS INC,,,1190.0,9000.0,,
285512109,Not New,ELECTRONIC ARTS INC,21153.0,150000.0,50921.0,420000.0,29768.0,270000.0
Y09827109,Sold Out,BROADCOM LTD,77765.0,330000.0,,,,
G62848109,Not New,MOSAIC ACQUISITION CORP,10648.0,1100000.0,10780.0,1100000.0,132.0,0.0
92686J106,New Holding,VIKING THERAPEUTICS INC,,,949.0,100000.0,,
46267X108,Sold Out,IQIYI INC,358.0,23000.0,,,,
N97284108,Not New,YANDEX N V,40747.0,1135000.0,34519.0,875000.0,-6228.0,-260000.0
025676206,New Holding,AMERICAN EQTY INVT LIFE HLD,,,1484.0,41209.0,,
38388F108,Not New,GRACE W R & CO DEL NEW,4472.0,61000.0,4257.0,69522.0,-215.0,8522.0
83001A102,New Holding,SIX FLAGS ENTMT CORP NEW,,,14010.0,200000.0,,
G8250R103,Not New,SOCIAL CAP HEDOSOPHIA HLDGS,5025.0,500000.0,5015.0,500000.0,-10.0,0.0
747525103,Sold Out,QUALCOMM INC,11082.0,200000.0,,,,
701877102,Not New,PARSLEY ENERGY INC,1211.0,40000.0,725.0,25000.0,-486.0,-15000.0
232806109,New Holding,CYPRESS SEMICONDUCTOR CORP,,,7401.0,475000.0,,
464286822,New Holding,ISHARES INC,,,4714.0,100000.0,,
12508E101,Sold Out,CDK GLOBAL INC,12760.0,201455.0,,,,
30303M102,Not New,FACEBOOK INC,78700.0,405000.0,3196.0,20000.0,-75504.0,-385000.0
30303M102,Not New,FACEBOOK INC,78700.0,405000.0,23170.0,145000.0,-55530.0,-260000.0
060505104,Not New,BANK AMER CORP,4088.0,145000.0,105715.0,3525000.0,101627.0,3380000.0
20605P101,Sold Out,CONCHO RES INC,752.0,5000.0,,,,
61174X109,New Holding,MONSTER BEVERAGE CORP NEW,,,10028.0,175000.0,,
60879B107,Not New,MOMO INC,41978.0,965000.0,24297.0,650000.0,-17681.0,-315000.0
G0726L125,Not New,AVISTA HEALTHCARE PUB ACQ CO,12939.0,1290000.0,13886.0,1390000.0,947.0,100000.0
690742101,New Holding,OWENS CORNING NEW,,,4753.0,75000.0,,
74704P108,New Holding,PUXIN LTD,,,2140.0,100000.0,,
649445103,New Holding,NEW YORK CMNTY BANCORP INC,,,1104.0,100000.0,,
25754A201,Sold Out,DOMINOS PIZZA INC,8175.0,35000.0,,,,
110122108,Sold Out,BRISTOL MYERS SQUIBB CO,11264.0,178083.0,,,,
197641103,New Holding,COLUMBIA FINL INC,,,1655.0,100000.0,,
98954M200,Not New,ZILLOW GROUP INC,41342.0,700000.0,37704.0,700812.0,-3638.0,812.0
92211L105,Not New,VANTAGE ENERGY ACQUISITION,9870.0,1000000.0,9790.0,1000000.0,-80.0,0.0
143130102,New Holding,CARMAX INC,,,27326.0,375000.0,,
443510607,Sold Out,HUBBELL INC,2166.0,17790.0,,,,
464288513,New Holding,ISHARES TR,,,63810.0,750000.0,,
80918TAB5,New Holding,SCORPIO TANKERS INC,,,3030.0,3000000.0,,
92243N202,New Holding,VECTOIQ ACQUISITION CORP,,,5040.0,500000.0,,
13321L108,New Holding,CAMECO CORP,,,4388.0,390000.0,,
05463X106,Not New,AXOGEN INC,1256.0,25000.0,2738.0,75000.0,1482.0,50000.0
Y37828129,Not New,HUNTER MARITIME ACQUISITION,151.0,350000.0,158.0,350000.0,7.0,0.0
364760108,New Holding,GAP INC DEL,,,24293.0,750000.0,,
25179M103,Not New,DEVON ENERGY CORP NEW,33278.0,757000.0,23843.0,750000.0,-9435.0,-7000.0
603380106,New Holding,MINERVA NEUROSCIENCES INC,,,1650.0,200000.0,,
911363109,New Holding,UNITED RENTALS INC,,,5905.0,40000.0,,
38000Q102,Not New,GLYCOMIMETICS INC,1613.0,100000.0,1988.0,122500.0,375.0,22500.0
98919V105,Not New,ZAYO GROUP HLDGS INC,29184.0,800000.0,29036.0,850000.0,-148.0,50000.0
G7945M107,Sold Out,SEAGATE TECHNOLOGY,15426.0,263600.0,,,,
N53745100,New Holding,LYONDELLBASELL INDUSTRIES N,,,1648.0,15000.0,,
679295105,Sold Out,OKTA INC,11955.0,300000.0,,,,
929089100,Not New,VOYA FINL INC,24675.0,525000.0,46460.0,920000.0,21785.0,395000.0
G7126L118,Not New,PLATINUM EAGLE ACQUISITIN CO,560.0,400000.0,500.0,400000.0,-60.0,0.0
29269A102,Sold Out,ENDOCYTE INC,455.0,50000.0,,,,
27616L110,Sold Out,EASTERLY ACQUISITION CORP,215.0,256000.0,,,,
34553D101,New Holding,FORESCOUT TECHNOLOGIES INC,,,17717.0,517122.0,,
69366J200,Not New,PTC THERAPEUTICS INC,3373.0,100000.0,4736.0,175000.0,1363.0,75000.0
09857L108,Sold Out,BOOKING HLDGS INC,22884.0,11000.0,,,,
168905107,Sold Out,CHILDRENS PL INC,10144.0,75000.0,,,,
02133L117,Not New,ALTA MESA RES INC,700.0,500000.0,775.0,500000.0,75.0,0.0
723787107,New Holding,PIONEER NAT RES CO,,,1325.0,7000.0,,
629076100,Not New,NEBULA ACQUISITION CORP,11966.0,1240000.0,12053.0,1240000.0,87.0,0.0
G66964118,Not New,OCEAN RIG UDW INC,2653.0,90000.0,2523.0,100000.0,-130.0,10000.0
90384S303,Not New,ULTA BEAUTY INC,5837.0,25000.0,15320.0,75000.0,9483.0,50000.0
00751Y106,Not New,ADVANCE AUTO PARTS INC,23748.0,175000.0,14819.0,125000.0,-8929.0,-50000.0
12572Q105,Not New,CME GROUP INC,32999.0,201312.0,16988.0,105032.0,-16011.0,-96280.0
37954Y871,New Holding,GLOBAL X FDS,,,3976.0,308905.0,,
76116A306,Not New,RESOLUTE ENERGY CORP,3578.0,114670.0,3007.0,86790.0,-571.0,-27880.0
98138H101,New Holding,WORKDAY INC,,,18774.0,155000.0,,
971375118,Not New,WILLSCOT CORP,3390.0,1500000.0,2505.0,1500000.0,-885.0,0.0
31421V115,Not New,FEDERAL STR ACQUISITION CORP,625.0,500000.0,625.0,500000.0,0.0,0.0
369604103,Sold Out,GENERAL ELECTRIC CO,316.0,23433.0,,,,
26884L109,Not New,EQT CORP,69361.0,1256987.0,33813.0,711696.0,-35548.0,-545291.0
36165L108,Not New,GDS HLDGS LTD,117836.0,2939290.0,82178.0,2993740.0,-35658.0,54450.0
78462F103,Not New,SPDR S&P 500 ETF TR,40692.0,150000.0,171048.0,650000.0,130356.0,500000.0
78462F103,Not New,SPDR S&P 500 ETF TR,40692.0,150000.0,26315.0,100000.0,-14377.0,-50000.0
78462F103,Not New,SPDR S&P 500 ETF TR,54256.0,200000.0,171048.0,650000.0,116792.0,450000.0
78462F103,Not New,SPDR S&P 500 ETF TR,54256.0,200000.0,26315.0,100000.0,-27941.0,-100000.0
78462F103,Not New,SPDR S&P 500 ETF TR,25772.0,95000.0,171048.0,650000.0,145276.0,555000.0
78462F103,Not New,SPDR S&P 500 ETF TR,25772.0,95000.0,26315.0,100000.0,543.0,5000.0
464287234,Not New,ISHARES TR,225316.0,5200000.0,644538.0,13350000.0,419222.0,8150000.0
464287234,Not New,ISHARES TR,225316.0,5200000.0,264258.0,5473449.0,38942.0,273449.0
817763105,New Holding,SESEN BIO INC,,,195.0,100000.0,,
212015101,Not New,CONTINENTAL RESOURCES INC,2267.0,35000.0,14738.0,250000.0,12471.0,215000.0
48576U106,New Holding,KARYOPHARM THERAPEUTICS INC,,,2549.0,150000.0,,
05550J101,New Holding,BJS WHSL CLUB HLDGS INC,,,1774.0,75000.0,,
257554105,New Holding,DOMO INC,,,23683.0,867500.0,,
37954Y848,New Holding,GLOBAL X FDS,,,6506.0,225276.0,,
913017109,Sold Out,UNITED TECHNOLOGIES CORP,12311.0,97848.0,,,,
G89827110,Not New,TPG PACE HLDGS CORP,507.0,300000.0,477.0,300000.0,-30.0,0.0
318672706,Not New,FIRST BANCORP P R,73516.0,9609915.0,49830.0,8277395.0,-23686.0,-1332520.0
G8250R129,Not New,SOCIAL CAP HEDOSOPHIA HLDGS,300.0,166666.0,277.0,166666.0,-23.0,0.0
11135F101,New Holding,BROADCOM INC,,,26690.0,110000.0,,
00507V109,New Holding,ACTIVISION BLIZZARD INC,,,22896.0,300000.0,,
755111507,Sold Out,RAYTHEON COMPANY,46940.0,217495.0,,,,
57636Q104,New Holding,MASTERCARD INCORPORATED,,,43234.0,220000.0,,
N47279109,Not New,INTERXION HOLDING N.V,31153.0,499090.0,49688.0,800000.0,18535.0,300910.0
57772K101,New Holding,MAXIM INTEGRATED PRODS INC,,,2933.0,50000.0,,
G4412G101,New Holding,HERBALIFE NUTRITION LTD,,,3492.0,65000.0,,
462260100,New Holding,IOVANCE BIOTHERAPEUTICS INC,,,640.0,50000.0,,
G05384105,Sold Out,ASPEN INSURANCE HOLDINGS LTD,12334.0,275000.0,,,,
G5876H105,Not New,MARVELL TECHNOLOGY GROUP LTD,9862.0,460000.0,10500.0,500000.0,638.0,40000.0
79466L302,Not New,SALESFORCE COM INC,17050.0,125000.0,20934.0,180000.0,3884.0,55000.0
78464A698,Not New,SPDR SERIES TRUST,6100.0,100000.0,40461.0,670000.0,34361.0,570000.0
872656103,Not New,TPG PACE ENERGY HLDGS CORP,25001.0,2300000.0,28308.0,2800000.0,3307.0,500000.0
68404V100,New Holding,OPTINOSE INC,,,839.0,30000.0,,
87612E106,New Holding,TARGET CORP,,,32351.0,425000.0,,
26875P101,Sold Out,EOG RES INC,10527.0,100000.0,,,,
574599106,New Holding,MASCO CORP,,,5613.0,150000.0,,
44109J114,Not New,HOSTESS BRANDS INC,340.0,200000.0,472.0,200000.0,132.0,0.0
92826C839,Not New,VISA INC,19868.0,150000.0,59810.0,500000.0,39942.0,350000.0
V7780T103,New Holding,ROYAL CARIBBEAN CRUISES LTD,,,10360.0,100000.0,,
30063PAA3,New Holding,EXACT SCIENCES CORP,,,1584.0,1500000.0,,
78516C106,Not New,SABAN CAP ACQUISITION CORP,15150.0,1500000.0,14910.0,1500000.0,-240.0,0.0
291011104,New Holding,EMERSON ELEC CO,,,4148.0,60000.0,,
232109108,New Holding,CUTERA INC,,,1209.0,30000.0,,
032654105,Not New,ANALOG DEVICES INC,19184.0,200000.0,31896.0,350000.0,12712.0,150000.0
874080104,Not New,TAL ED GROUP,20240.0,550000.0,38945.0,1050000.0,18705.0,500000.0
81369Y605,New Holding,SELECT SECTOR SPDR TR,,,241195.0,9070900.0,,
871639308,Sold Out,SYNERGY PHARMACEUTICALS INC,229.0,125000.0,,,,
G18920127,Not New,CAPITOL INVT CORP IV,163.0,116666.0,138.0,116666.0,-25.0,0.0
G6485P116,New Holding,NEW FRONTIER CORP,,,5025.0,500000.0,,
889478103,Sold Out,TOLL BROTHERS INC,4325.0,100000.0,,,,
339750101,Sold Out,FLOOR & DECOR HLDGS INC,13030.0,250000.0,,,,
235851102,Sold Out,DANAHER CORP,1423.0,14534.0,,,,
G3105C112,Sold Out,ELECTRUM SPL ACQUISITION COR,80.0,250000.0,,,,
42809H107,New Holding,HESS CORP,,,2943.0,44000.0,,
052769106,Sold Out,AUTODESK INC,3140.0,25000.0,,,,
45685L100,New Holding,INFRAREIT INC,,,355.0,16000.0,,
92927K102,Sold Out,WABCO HOLDINGS INC,1415.0,10569.0,,,,
053774105,Sold Out,AVIS BUDGET GROUP,2342.0,50000.0,,,,
344849104,New Holding,FOOT LOCKER INC,,,19744.0,375000.0,,
693506107,Sold Out,PPG INDUSTRIES INC,256.0,2293.0,,,,
26078J100,Not New,DOWDUPONT INC,8899.0,135000.0,1593.0,25000.0,-7306.0,-110000.0
26078J100,Not New,DOWDUPONT INC,8899.0,135000.0,1593.0,25000.0,-7306.0,-110000.0
516544103,Sold Out,LANTHEUS HOLDINGS INC,795.0,50000.0,,,,
61166W101,Sold Out,MONSANTO CO,9919.0,85000.0,,,,
M84920103,Not New,STEADYMED LTD,1013.0,225000.0,731.0,225000.0,-282.0,0.0
811292101,Not New,SCYNEXIS INC,369.0,225000.0,369.0,275000.0,0.0,50000.0
82900L110,Not New,SIMPLY GOOD FOODS CO,1254.0,299900.0,1050.0,299900.0,-204.0,0.0
G46408103,Not New,HUDSON LTD,17490.0,1000000.0,25058.0,1575000.0,7568.0,575000.0
30734W208,New Holding,FAR PT ACQUISITION CORP,,,5095.0,500000.0,,
01609W102,Not New,ALIBABA GROUP HLDG LTD,55659.0,300000.0,251174.0,1368500.0,195515.0,1068500.0
92189F403,Sold Out,VANECK VECTORS ETF TR,11370.0,500000.0,,,,
92189F403,Sold Out,VANECK VECTORS ETF TR,11370.0,500000.0,,,,
22822V101,Not New,CROWN CASTLE INTL CORP NEW,21564.0,200000.0,72343.0,660000.0,50779.0,460000.0
30050B101,New Holding,EVOLENT HEALTH INC,,,1053.0,50000.0,,
92763W103,Sold Out,VIPSHOP HLDGS LTD,29916.0,1800000.0,,,,
281020107,Not New,EDISON INTL,2151.0,34000.0,2164.0,34000.0,13.0,0.0
G59665102,New Holding,MEIRAGTX HOLDINGS PLC,,,1146.0,100000.0,,
420870107,Not New,HAYMAKER ACQUISITION CORP,2455.0,250000.0,2388.0,250000.0,-67.0,0.0
78410G104,Sold Out,SBA COMMUNICATIONS CORP,10255.0,60000.0,,,,
19625W104,Sold Out,COLONY NORTHSTAR INC,843.0,150000.0,,,,
244199105,New Holding,DEERE & CO,,,11184.0,80000.0,,
N6596X109,New Holding,NXP SEMICONDUCTORS N V,,,234499.0,2146050.0,,
N6596X109,New Holding,NXP SEMICONDUCTORS N V,,,38245.0,350000.0,,
872590104,Not New,T MOBILE US INC,26888.0,450000.0,15260.0,250000.0,-11628.0,-200000.0
22943F100,Not New,CTRIP COM INTL LTD,9526.0,200000.0,8159.0,175000.0,-1367.0,-25000.0
126408103,Sold Out,CSX CORP,11142.0,200000.0,,,,
126408103,Sold Out,CSX CORP,2786.0,50000.0,,,,
23334L102,New Holding,DSW INC,,,7746.0,300000.0,,
874054109,New Holding,TAKE-TWO INTERACTIVE SOFTWAR,,,10061.0,85000.0,,
127686103,Sold Out,CAESARS ENTERTAINMENT CORP,5063.0,450000.0,,,,
46090E103,New Holding,INVESCO QQQ TR,,,240310.0,1400000.0,,
907818108,Sold Out,UNION PACIFIC CORP,7394.0,55000.0,,,,
92211L113,Not New,VANTAGE ENERGY ACQUISITION,433.0,333333.0,483.0,333333.0,50.0,0.0
36164Y101,Not New,GCP APPLIED TECHNOLOGIES INC,7238.0,250000.0,18500.0,636848.0,11262.0,386848.0
36164Y101,Not New,GCP APPLIED TECHNOLOGIES INC,7238.0,250000.0,1066.0,36700.0,-6172.0,-213300.0
36164Y101,Not New,GCP APPLIED TECHNOLOGIES INC,80513.0,2781112.0,18500.0,636848.0,-62013.0,-2144264.0
36164Y101,Not New,GCP APPLIED TECHNOLOGIES INC,80513.0,2781112.0,1066.0,36700.0,-79447.0,-2744412.0
23257D103,Sold Out,CYMABAY THERAPEUTICS INC,650.0,50000.0,,,,
345605109,New Holding,FOREST CITY RLTY TR INC,,,5360.0,235000.0,,
00724F101,Not New,ADOBE SYS INC,19505.0,80000.0,21608.0,100000.0,2103.0,20000.0
23331A109,Sold Out,D R HORTON INC,4384.0,100000.0,,,,
78464A870,Sold Out,SPDR SERIES TRUST,8773.0,100000.0,,,,
G16962105,Not New,BUNGE LIMITED,5833.0,83674.0,7182.0,97135.0,1349.0,13461.0
032511107,New Holding,ANADARKO PETE CORP,,,2491.0,34000.0,,
55608B105,Not New,MACQUARIE INFRASTRUCTURE COR,8440.0,200000.0,4986.0,135000.0,-3454.0,-65000.0
438516106,New Holding,HONEYWELL INTL INC,,,2161.0,15000.0,,
G0751N103,Not New,ATLANTICA YIELD PLC,12195.0,604300.0,10769.0,550000.0,-1426.0,-54300.0
G68707101,Sold Out,PAGSEGURO DIGITAL LTD,9580.0,250000.0,,,,
983134107,Sold Out,WYNN RESORTS LTD,20516.0,112500.0,,,,
02553E106,New Holding,AMERICAN EAGLE OUTFITTERS NE,,,16856.0,725000.0,,
703481101,Not New,PATTERSON UTI ENERGY INC,4086.0,227000.0,963.0,55000.0,-3123.0,-172000.0
G8062D110,Not New,SENTINEL ENERGY SVCS INC,167.0,166666.0,158.0,166666.0,-9.0,0.0
78464A730,Not New,SPDR SERIES TRUST,8612.0,200000.0,3522.0,100000.0,-5090.0,-100000.0
78464A730,Not New,SPDR SERIES TRUST,8612.0,200000.0,59874.0,1700000.0,51262.0,1500000.0
32008D106,New Holding,FIRST DATA CORP NEW,,,31395.0,1500000.0,,
19626G108,New Holding,COLONY CAP INC NEW,,,936.0,150000.0,,
36197T103,Not New,GW PHARMACEUTICALS PLC,2791.0,20000.0,1127.0,10000.0,-1664.0,-10000.0
G4182A102,Not New,GTY TECHNOLOGY HOLDINGS INC,16096.0,1600000.0,25870.0,2600000.0,9774.0,1000000.0
382867109,Not New,GORES HLDGS II INC,15255.0,1500000.0,19000.0,1900000.0,3745.0,400000.0
595017104,Not New,MICROCHIP TECHNOLOGY INC,18654.0,205100.0,24667.0,270000.0,6013.0,64900.0
H8817H100,New Holding,TRANSOCEAN LTD,,,2110.0,157000.0,,
05990K106,New Holding,BANC OF CALIFORNIA INC,,,9775.0,500000.0,,
524643111,Not New,LEGACY ACQUISITION CORP,215.0,500000.0,175.0,500000.0,-40.0,0.0
06746L422,New Holding,BARCLAYS BK PLC,,,15725.0,425000.0,,
92189F106,Not New,VANECK VECTORS ETF TR,4462.0,200000.0,828.0,37661.0,-3634.0,-162339.0
72703H101,Sold Out,PLANET FITNESS INC,32105.0,850000.0,,,,
524643103,Not New,LEGACY ACQUISITION CORP,4810.0,500000.0,4795.0,500000.0,-15.0,0.0
37518N106,Not New,GIGCAPITAL INC,2465.0,250000.0,2443.0,250000.0,-22.0,0.0
48661U110,Not New,KAYNE ANDERSON ACQUISITION,600.0,500000.0,475.0,500000.0,-125.0,0.0
00810B105,New Holding,AERPIO PHARMACEUTICALS INC,,,415.0,100000.0,,
G81477104,Not New,SINA CORP,21173.0,250000.0,18247.0,175000.0,-2926.0,-75000.0
086516101,New Holding,BEST BUY INC,,,11187.0,150000.0,,
023135106,Not New,AMAZON COM INC,154682.0,91000.0,152590.0,105428.0,-2092.0,14428.0
67059N108,New Holding,NUTANIX INC,,,7736.0,150000.0,,
101044105,Not New,BOSTON OMAHA CORP,1580.0,75000.0,1640.0,75000.0,60.0,0.0
90238J103,Not New,TYME TECHNOLOGIES INC,474.0,150000.0,335.0,150000.0,-139.0,0.0
98212B103,New Holding,WPX ENERGY INC,,,2614.0,145000.0,,
565849106,New Holding,MARATHON OIL CORP,,,2962.0,142000.0,,
056752108,Sold Out,BAIDU INC,5580.0,25000.0,,,,
13057Q206,New Holding,CALIFORNIA RES CORP,,,2499.0,55000.0,,
058498106,Sold Out,BALL CORP,6552.0,165000.0,,,,
20030N101,New Holding,COMCAST CORP NEW,,,3281.0,100000.0,,
20030N101,New Holding,COMCAST CORP NEW,,,4922.0,150000.0,,
674215108,Not New,OASIS PETE INC NEW,3722.0,287000.0,7493.0,925000.0,3771.0,638000.0
73935A104,Sold Out,POWERSHARES QQQ TRUST,16013.0,100000.0,,,,
73935A104,Sold Out,POWERSHARES QQQ TRUST,24020.0,150000.0,,,,
14040H105,Sold Out,CAPITAL ONE FINL CORP,38328.0,400000.0,,,,
595112103,New Holding,MICRON TECHNOLOGY INC,,,9701.0,185000.0,,
369550108,Sold Out,GENERAL DYNAMICS CORP,45227.0,204740.0,,,,
89853L104,New Holding,T2 BIOSYSTEMS INC,,,271.0,35000.0,,
G8062D102,Not New,SENTINEL ENERGY SVCS INC,4925.0,500000.0,4850.0,500000.0,-75.0,0.0
693656100,Not New,PVH CORP,18715.0,125000.0,30286.0,200000.0,11571.0,75000.0
887317303,Sold Out,TIME WARNER INC,68571.0,725000.0,,,,
G4182A128,Not New,GTY TECHNOLOGY HOLDINGS INC,1178.0,942666.0,1159.0,942666.0,-19.0,0.0
46146L101,Not New,INVESTORS BANCORP INC NEW,3749.0,293083.0,46678.0,3422117.0,42929.0,3129034.0
74386T105,New Holding,PROVIDENT FINL SVCS INC,,,7293.0,264894.0,,
G62848125,Not New,MOSAIC ACQUISITION CORP,440.0,366666.0,477.0,366666.0,37.0,0.0
49446R109,New Holding,KIMCO RLTY CORP,,,1699.0,100000.0,,
20337X109,Sold Out,COMMSCOPE HLDG CO INC,14789.0,370000.0,,,,
87165B103,Sold Out,SYNCHRONY FINANCIAL,8383.0,250000.0,,,,
896522109,Not New,TRINITY INDS INC,4111.0,120000.0,3752.0,115000.0,-359.0,-5000.0
G18920101,Not New,CAPITOL INVT CORP IV,3455.0,350000.0,3392.0,350000.0,-63.0,0.0
53115L104,Sold Out,LIBERTY OILFIELD SVCS INC,676.0,40000.0,,,,
571903202,Sold Out,MARRIOTT INTL INC NEW,15298.0,112500.0,,,,
48661U102,Not New,KAYNE ANDERSON ACQUISITION,14850.0,1500000.0,14685.0,1500000.0,-165.0,0.0
733174700,Sold Out,POPULAR INC,35757.0,859125.0,,,,
382867117,Not New,GORES HLDGS II INC,987.0,533333.0,1077.0,633333.0,90.0,100000.0
37518N114,Not New,GIGCAPITAL INC,113.0,250000.0,95.0,250000.0,-18.0,0.0
78486Q101,Not New,SVB FINL GROUP,43314.0,150000.0,48002.0,200000.0,4688.0,50000.0
G89827128,Not New,TPG PACE HLDGS CORP,8937.0,900000.0,8820.0,900000.0,-117.0,0.0
400110102,New Holding,GRUBHUB INC,,,9966.0,95000.0,,
90184L102,Not New,TWITTER INC,4367.0,100000.0,37524.0,1293489.0,33157.0,1193489.0
031100100,Sold Out,AMETEK INC NEW,762.0,10036.0,,,,
136375102,New Holding,CANADIAN NATL RY CO,,,3270.0,40000.0,,
38046YAB7,Not New,GOLAR LNG LTD,6503.0,6000000.0,6113.0,6000000.0,-390.0,0.0
37518N122,Not New,GIGCAPITAL INC,84.0,187500.0,96.0,187500.0,12.0,0.0
20825C104,New Holding,CONOCOPHILLIPS,,,2994.0,43000.0,,
526057104,Sold Out,LENNAR CORP,5894.0,100000.0,,,,
882508104,Sold Out,TEXAS INSTRUMENTS INC,15584.0,150000.0,,,,
617446448,Sold Out,MORGAN STANLEY,75328.0,1396000.0,,,,
51476W115,Not New,LANDCADIA HLDGS INC,457.0,550000.0,900.0,1225000.0,443.0,675000.0
876030107,Sold Out,TAPESTRY INC,26831.0,510000.0,,,,
36255F201,New Holding,GS ACQUISITION HOLDINGS CORP,,,15375.0,1500000.0,,
505743104,New Holding,LADDER CAP CORP,,,3905.0,250000.0,,
