CUSIP,status,NAME OF ISSUER,(x$1000)_old,PRN AMT_old,(x$1000),PRN AMT,(x$1000)_change,PRN AMT_change
23291E117,Not New,DFB HEALTHCARE ACQUISTION CO,410.0,333333.0,510.0,333333.0,100.0,0.0
535919401,Not New,LIONS GATE ENTMNT CORP,789.0,49021.0,6074.0,249021.0,5285.0,200000.0
23291E109,Not New,DFB HEALTHCARE ACQUISTION CO,9810.0,1000000.0,9610.0,1000000.0,-200.0,0.0
31421V107,Not New,FEDERAL STR ACQUISITION CORP,5115.0,500000.0,5035.0,500000.0,-80.0,0.0
651290108,Not New,NEWFIELD EXPL CO,1173.0,80000.0,2162.0,75000.0,989.0,-5000.0
48669A108,New Holding,KEANE GROUP INC,,,409.0,50000.0,,
34986F111,Not New,FORUM MERGER II CORP,225.0,500000.0,290.0,500000.0,65.0,0.0
83416TAC4,Not New,SOLARCITY CORP,4688.0,5000000.0,5753.0,6500000.0,1065.0,1500000.0
150870103,Not New,CELANESE CORP DEL,4144.0,46065.0,2964.0,26000.0,-1180.0,-20065.0
372309104,New Holding,GENMARK DIAGNOSTICS INC,,,729.0,150000.0,,
60935Y208,Not New,MONEYGRAM INTL INC,159.0,79524.0,425.0,79524.0,266.0,0.0
26441C204,Sold Out,DUKE ENERGY CORP NEW,1040.0,13000.0,,,,
559663109,Not New,MAGNOLIA OIL & GAS CORP,14472.0,1291032.0,23478.0,1564131.0,9006.0,273099.0
125269100,Not New,CF INDS HLDGS INC,4351.0,100000.0,5444.0,100000.0,1093.0,0.0
88023U101,Sold Out,TEMPUR SEALY INTL INC,17193.0,325000.0,,,,
G6485P124,Not New,NEW FRONTIER CORP,225.0,250000.0,295.0,250000.0,70.0,0.0
13645T100,New Holding,CANADIAN PAC RY LTD,,,2664.0,15000.0,,
L8681T102,Not New,SPOTIFY TECHNOLOGY S A,4540.0,40000.0,49728.0,275000.0,45188.0,235000.0
46428Q109,Sold Out,ISHARES SILVER TRUST,5094.0,371000.0,,,,
66987E206,New Holding,NOVAGOLD RES INC,,,7195.0,1821416.0,,
64125C109,New Holding,NEUROCRINE BIOSCIENCES INC,,,3127.0,43791.0,,
846784106,New Holding,SPARTAN ENERGY ACQUISITON CO,,,6741.0,700000.0,,
61946M118,New Holding,MOSAIC ACQUISITION CORP,,,363.0,366666.0,,
343412102,Sold Out,FLUOR CORP NEW,2905.0,50000.0,,,,
021346101,Sold Out,ALTABA INC,10218.0,150000.0,,,,
30231G102,Sold Out,EXXON MOBIL CORP,3571.0,42000.0,,,,
516806106,Sold Out,LAREDO PETROLEUM INC,1130.0,138290.0,,,,
36255F102,Not New,GS ACQUISITION HLDGS CORP,14700.0,1500000.0,14625.0,1500000.0,-75.0,0.0
05577W200,Sold Out,BRP INC,703.0,15000.0,,,,
294600101,New Holding,EQUITRANS MIDSTREAM CORPORAT,,,2430.0,121383.0,,
629076118,Not New,NEBULA ACQUISITION CORP,558.0,413333.0,496.0,413333.0,-62.0,0.0
G22707114,New Holding,COLLIER CREEK HOLDINGS,,,520.0,433333.0,,
03076C106,Sold Out,AMERIPRISE FINL INC,55373.0,375000.0,,,,
V0393H103,New Holding,AZURE PWR GLOBAL LTD,,,905.0,100000.0,,
172967424,Not New,CITIGROUP INC,5727.0,110000.0,6457.0,90000.0,730.0,-20000.0
256746108,Sold Out,DOLLAR TREE INC,16310.0,200000.0,,,,
256746108,Sold Out,DOLLAR TREE INC,8155.0,100000.0,,,,
464286715,Sold Out,ISHARES INC,3177.0,133422.0,,,,
01438T106,Sold Out,ALDEYRA THERAPEUTICS INC,1035.0,75000.0,,,,
596278101,Sold Out,MIDDLEBY CORP,6733.0,52052.0,,,,
254067101,Sold Out,DILLARDS INC,13360.0,175000.0,,,,
Y7542C106,Not New,SCORPIO TANKERS INC,2864.0,1627300.0,1261.0,627300.0,-1603.0,-1000000.0
30212P303,Sold Out,EXPEDIA GROUP INC,6524.0,50000.0,,,,
3621LQ109,Sold Out,G1 THERAPEUTICS INC,1307.0,25000.0,,,,
122017106,New Holding,BURLINGTON STORES INC,,,16267.0,100000.0,,
N70544106,Sold Out,PLAYA HOTELS & RESORTS NV,963.0,100000.0,,,,
G66721104,Not New,NORWEGIAN CRUISE LINE HLDG L,7418.0,175000.0,17803.0,310000.0,10385.0,135000.0
037833100,Sold Out,APPLE INC,62801.0,278200.0,,,,
76131D103,New Holding,RESTAURANT BRANDS INTL INC,,,24843.0,475000.0,,
09062X103,New Holding,BIOGEN INC,,,10169.0,33792.0,,
420870115,Not New,HAYMAKER ACQUISITION CORP,104.0,125000.0,156.0,125000.0,52.0,0.0
02215L100,New Holding,ALTUS MIDSTREAM CO,,,3865.0,500000.0,,
G0726L117,Sold Out,AVISTA HEALTHCARE PUB ACQ CO,298.0,1490000.0,,,,
303075105,Sold Out,FACTSET RESH SYS INC,16778.0,75000.0,,,,
464287184,Not New,ISHARES TR,4885.0,125000.0,269766.0,6300000.0,264881.0,6175000.0
464287184,Not New,ISHARES TR,5862.0,150000.0,269766.0,6300000.0,263904.0,6150000.0
464287184,Not New,ISHARES TR,391.0,10000.0,269766.0,6300000.0,269375.0,6290000.0
G60754101,Sold Out,MICHAEL KORS HLDGS LTD,22282.0,325000.0,,,,
831865209,Sold Out,SMITH A O,817.0,15300.0,,,,
02156K103,Not New,ALTICE USA INC,5369.0,325000.0,9977.0,550000.0,4608.0,225000.0
38286G208,Sold Out,GORES HOLDINGS III INC,15330.0,1500000.0,,,,
654902204,Sold Out,NOKIA CORP,3906.0,700000.0,,,,
92511U102,New Holding,VERRA MOBILITY CORP,,,6832.0,700000.0,,
06652N107,Sold Out,BANK7 CORP,385.0,20000.0,,,,
21075N204,New Holding,CONTANGO OIL & GAS COMPANY,,,975.0,300000.0,,
594918104,Not New,MICROSOFT CORP,11173.0,110000.0,50323.0,440000.0,39150.0,330000.0
189464AC4,Not New,CLOVIS ONCOLOGY INC,1056.0,1500000.0,1175.0,1500000.0,119.0,0.0
949746101,Sold Out,WELLS FARGO CO NEW,26280.0,500000.0,,,,
21036P108,Sold Out,CONSTELLATION BRANDS INC,21562.0,100000.0,,,,
98936J101,Not New,ZENDESK INC,4670.0,80000.0,15975.0,225000.0,11305.0,145000.0
92672L107,Not New,VIEWRAY INC,1214.0,200000.0,1404.0,150000.0,190.0,-50000.0
526057302,Not New,LENNAR CORP,5326.0,170000.0,5775.0,150000.0,449.0,-20000.0
56585A102,Not New,MARATHON PETE CORP,2065.0,35000.0,1200.0,15000.0,-865.0,-20000.0
816851109,Not New,SEMPRA ENERGY,3246.0,30000.0,13423.0,118000.0,10177.0,88000.0
Y37828111,Sold Out,HUNTER MARITIME ACQUISITION,6965.0,700000.0,,,,
30161Q104,New Holding,EXELIXIS INC,,,3086.0,156905.0,,
722304102,New Holding,PINDUODUO INC,,,4488.0,200000.0,,
02079K305,Not New,ALPHABET INC,64370.0,61600.0,74235.0,61500.0,9865.0,-100.0
G9456A100,New Holding,GOLAR LNG LTD BERMUDA,,,1632.0,75000.0,,
G3165V109,New Holding,ARYA SCIENCES ACQUISITION CO,,,2940.0,300000.0,,
872540109,New Holding,TJX COS INC NEW,,,20133.0,450000.0,,
90385D107,New Holding,ULTIMATE SOFTWARE GROUP INC,,,4897.0,20000.0,,
90130A101,Sold Out,TWENTY FIRST CENTY FOX INC,8108.0,175000.0,,,,
90130A101,Sold Out,TWENTY FIRST CENTY FOX INC,8108.0,175000.0,,,,
08579W103,New Holding,BERRY GLOBAL GROUP INC,,,2377.0,50000.0,,
98420N105,Not New,XENON PHARMACEUTICALS INC,316.0,50000.0,198.0,15000.0,-118.0,-35000.0
04016X101,Sold Out,ARGENX SE,1517.0,20000.0,,,,
G0750C108,New Holding,AXALTA COATING SYS LTD,,,6001.0,256239.0,,
532457108,New Holding,LILLY ELI & CO,,,5365.0,46359.0,,
64110L106,Not New,NETFLIX INC,26003.0,97150.0,55184.0,147500.0,29181.0,50350.0
57164Y107,Sold Out,MARRIOTT VACATIONS WRLDWDE C,6705.0,60000.0,,,,
G3206V118,Not New,ESTRE AMBIENTAL INC,14.0,250000.0,75.0,250000.0,61.0,0.0
966387409,Sold Out,WHITING PETE CORP NEW,3607.0,68000.0,,,,
67103H107,Not New,O REILLY AUTOMOTIVE INC NEW,17217.0,50000.0,17366.0,50000.0,149.0,0.0
464287655,New Holding,ISHARES TR,,,61594.0,460000.0,,
464287655,New Holding,ISHARES TR,,,19837.0,148151.0,,
74005P104,Sold Out,PRAXAIR INC,50630.0,315000.0,,,,
74005P104,Sold Out,PRAXAIR INC,25241.0,157039.0,,,,
23703Q203,Not New,DAQO NEW ENERGY CORP,702.0,30000.0,522.0,20000.0,-180.0,-10000.0
G7126L100,Not New,PLATINUM EAGLE ACQUISITIN CO,12096.0,1200000.0,11784.0,1200000.0,-312.0,0.0
81727U105,Not New,SENSEONICS HOLDINGS INC,259.0,100000.0,477.0,100000.0,218.0,0.0
009158106,Not New,AIR PRODS & CHEMS INC,8268.0,51656.0,7138.0,42732.0,-1130.0,-8924.0
00206R102,Sold Out,AT&T INC,6716.0,200000.0,,,,
29364G103,Not New,ENTERGY CORP NEW,1894.0,22000.0,2191.0,27000.0,297.0,5000.0
37045V100,Not New,GENERAL MTRS CO,2509.0,75000.0,3367.0,100000.0,858.0,25000.0
464287200,New Holding,ISHARES TR,,,365492.0,1452614.0,,
24665A103,Not New,DELEK US HLDGS INC NEW,306.0,9400.0,399.0,9400.0,93.0,0.0
G9381B108,Sold Out,UROVANT SCIENCES LTD,360.0,30000.0,,,,
78516C114,Not New,SABAN CAP ACQUISITION CORP,450.0,750000.0,825.0,750000.0,375.0,0.0
249908AA2,New Holding,ASSERTIO THERAPEUTICS INC,,,2822.0,4000000.0,,
803607100,Not New,SAREPTA THERAPEUTICS INC,1370.0,12553.0,808.0,5000.0,-562.0,-7553.0
285512109,Sold Out,ELECTRONIC ARTS INC,10242.0,85000.0,,,,
76680R206,Not New,RINGCENTRAL INC,4122.0,50000.0,13492.0,145000.0,9370.0,95000.0
045396108,Not New,ASSEMBLY BIOSCIENCES INC,226.0,10000.0,371.0,10000.0,145.0,0.0
34986F103,Not New,FORUM MERGER II CORP,4825.0,500000.0,4775.0,500000.0,-50.0,0.0
G62848109,Sold Out,MOSAIC ACQUISITION CORP,10725.0,1100000.0,,,,
848574109,Sold Out,SPIRIT AEROSYSTEMS HLDGS INC,5959.0,65000.0,,,,
G22707106,New Holding,COLLIER CREEK HOLDINGS,,,12545.0,1300000.0,,
G8250R103,Not New,SOCIAL CAP HEDOSOPHIA HLDGS,5000.0,500000.0,4955.0,500000.0,-45.0,0.0
38388F108,Not New,GRACE W R & CO DEL NEW,8150.0,125561.0,4359.0,61000.0,-3791.0,-64561.0
778296103,New Holding,ROSS STORES INC,,,22880.0,275000.0,,
701877102,Not New,PARSLEY ENERGY INC,1838.0,115000.0,6874.0,235000.0,5036.0,120000.0
30303M102,Not New,FACEBOOK INC,5244.0,40000.0,9868.0,60000.0,4624.0,20000.0
23284F105,Not New,CYTOMX THERAPEUTICS INC,1888.0,125000.0,2313.0,125000.0,425.0,0.0
060505104,Not New,BANK AMER CORP,12566.0,510000.0,2946.0,100000.0,-9620.0,-410000.0
060505104,Not New,BANK AMER CORP,12566.0,510000.0,4272.0,145000.0,-8294.0,-365000.0
20605P101,Sold Out,CONCHO RES INC,4277.0,28000.0,,,,
61174X109,Sold Out,MONSTER BEVERAGE CORP NEW,10199.0,175000.0,,,,
60879B107,Sold Out,MOMO INC,10950.0,250000.0,,,,
452907108,New Holding,IMMUNOMEDICS INC,,,1841.0,129041.0,,
G0726L125,Sold Out,AVISTA HEALTHCARE PUB ACQ CO,13081.0,1290000.0,,,,
690742101,Not New,OWENS CORNING NEW,6157.0,140000.0,5427.0,100000.0,-730.0,-40000.0
690742101,Not New,OWENS CORNING NEW,6157.0,140000.0,3799.0,70000.0,-2358.0,-70000.0
816851505,Not New,SEMPRA ENERGY,2411.0,25000.0,12656.0,125000.0,10245.0,100000.0
649445103,Sold Out,NEW YORK CMNTY BANCORP INC,1037.0,100000.0,,,,
38286G109,New Holding,GORES HOLDINGS III INC,,,14580.0,1500000.0,,
110122108,New Holding,BRISTOL MYERS SQUIBB CO,,,15269.0,293745.0,,
46138K103,Sold Out,INVESCO CURRENCYSHARES EURO,33348.0,300000.0,,,,
197641103,Sold Out,COLUMBIA FINL INC,1670.0,100000.0,,,,
85208M102,New Holding,SPROUTS FMRS MKT INC,,,4584.0,195000.0,,
92211L105,Not New,VANTAGE ENERGY ACQUISITION,5025.0,500000.0,9940.0,1000000.0,4915.0,500000.0
143130102,Sold Out,CARMAX INC,18668.0,250000.0,,,,
80918TAB5,Not New,SCORPIO TANKERS INC,2388.0,3000000.0,2573.0,3000000.0,185.0,0.0
302491303,Not New,F M C CORP,7520.0,101682.0,2615.0,30000.0,-4905.0,-71682.0
654106103,New Holding,NIKE INC,,,14828.0,200000.0,,
05463X106,Sold Out,AXOGEN INC,921.0,25000.0,,,,
Y37828129,Not New,HUNTER MARITIME ACQUISITION,25.0,350000.0,105.0,350000.0,80.0,0.0
75615P103,Sold Out,REATA PHARMACEUTICALS INC,1226.0,15000.0,,,,
25179M103,Not New,DEVON ENERGY CORP NEW,3156.0,140000.0,25841.0,647000.0,22685.0,507000.0
777385105,Not New,ROSEHILL RES INC,112.0,50000.0,1525.0,250000.0,1413.0,200000.0
590479135,Not New,MESA AIR GROUP INC,3347.0,434137.0,6017.0,434137.0,2670.0,0.0
603380106,Not New,MINERVA NEUROSCIENCES INC,1011.0,150000.0,2292.0,182600.0,1281.0,32600.0
M46135105,Sold Out,FOAMIX PHARMACEUTICALS LTD,860.0,150000.0,,,,
911363109,Sold Out,UNITED RENTALS INC,2045.0,12500.0,,,,
911363109,Sold Out,UNITED RENTALS INC,4571.0,27943.0,,,,
33829M101,New Holding,FIVE BELOW INC,,,16371.0,160000.0,,
38000Q102,Not New,GLYCOMIMETICS INC,474.0,50000.0,720.0,50000.0,246.0,0.0
98919V105,Not New,ZAYO GROUP HLDGS INC,13704.0,600000.0,31248.0,900000.0,17544.0,300000.0
98919V105,Not New,ZAYO GROUP HLDGS INC,5710.0,250000.0,31248.0,900000.0,25538.0,650000.0
81762P102,Sold Out,SERVICENOW INC,4891.0,25000.0,,,,
670837103,Sold Out,OGE ENERGY CORP,1453.0,40000.0,,,,
929089100,Sold Out,VOYA FINL INC,47187.0,950000.0,,,,
17142R103,New Holding,CHURCHILL CAP CORP,,,9550.0,1000000.0,,
G7126L118,Not New,PLATINUM EAGLE ACQUISITIN CO,520.0,400000.0,540.0,400000.0,20.0,0.0
29269A102,Sold Out,ENDOCYTE INC,444.0,25000.0,,,,
094235108,New Holding,BLOOMIN BRANDS INC,,,2684.0,150000.0,,
34553D101,New Holding,FORESCOUT TECHNOLOGIES INC,,,5848.0,225000.0,,
05545E209,New Holding,BHP GROUP PLC,,,15186.0,362515.0,,
69366J200,Not New,PTC THERAPEUTICS INC,3089.0,90000.0,4700.0,100000.0,1611.0,10000.0
846784114,Sold Out,SPARTAN ENERGY ACQUISITON CO,7112.0,700000.0,,,,
168905107,Sold Out,CHILDRENS PL INC,15975.0,125000.0,,,,
805111101,Not New,SAVARA INC,757.0,100000.0,1116.0,100000.0,359.0,0.0
02133L117,Not New,ALTA MESA RES INC,42.0,500000.0,250.0,500000.0,208.0,0.0
269246401,Not New,E TRADE FINANCIAL CORP,10645.0,242592.0,19058.0,363775.0,8413.0,121183.0
723787107,New Holding,PIONEER NAT RES CO,,,1973.0,15000.0,,
629076100,Not New,NEBULA ACQUISITION CORP,12090.0,1240000.0,12078.0,1240000.0,-12.0,0.0
G66964118,Sold Out,OCEAN RIG UDW INC,3116.0,90000.0,,,,
90384S303,Not New,ULTA BEAUTY INC,17139.0,70000.0,14106.0,50000.0,-3033.0,-20000.0
00165R200,New Holding,AMCI ACQUISITION CORP,,,1990.0,200000.0,,
00751Y106,Not New,ADVANCE AUTO PARTS INC,7873.0,50000.0,21041.0,125000.0,13168.0,75000.0
858119100,New Holding,STEEL DYNAMICS INC,,,3050.0,101515.0,,
92243N111,Not New,VECTOIQ ACQUISITION CORP,250.0,500000.0,305.0,500000.0,55.0,0.0
12572Q105,Not New,CME GROUP INC,19759.0,105032.0,17877.0,105032.0,-1882.0,0.0
846784122,New Holding,SPARTAN ENERGY ACQUISITON CO,,,226.0,233333.0,,
98138H101,Sold Out,WORKDAY INC,10949.0,75000.0,,,,
31421V115,Not New,FEDERAL STR ACQUISITION CORP,340.0,500000.0,750.0,500000.0,410.0,0.0
26884L109,Not New,EQT CORP,3211.0,170000.0,36617.0,827871.0,33406.0,657871.0
36165L108,Not New,GDS HLDGS LTD,18472.0,800000.0,92641.0,2637096.0,74169.0,1837096.0
78462F103,Not New,SPDR S&P 500 ETF TR,174944.0,700000.0,603244.0,2075000.0,428300.0,1375000.0
78462F103,Not New,SPDR S&P 500 ETF TR,174944.0,700000.0,94484.0,325000.0,-80460.0,-375000.0
464288281,Not New,ISHARES TR,57151.0,550000.0,37748.0,350000.0,-19403.0,-200000.0
983793100,New Holding,XPO LOGISTICS INC,,,2852.0,50000.0,,
464287234,Not New,ISHARES TR,212682.0,5445000.0,226403.0,5275000.0,13721.0,-170000.0
464287234,Not New,ISHARES TR,212682.0,5445000.0,8584.0,200000.0,-204098.0,-5245000.0
464287234,Not New,ISHARES TR,212682.0,5445000.0,109317.0,2547000.0,-103365.0,-2898000.0
464287234,Not New,ISHARES TR,52731.0,1350000.0,226403.0,5275000.0,173672.0,3925000.0
464287234,Not New,ISHARES TR,52731.0,1350000.0,8584.0,200000.0,-44147.0,-1150000.0
464287234,Not New,ISHARES TR,52731.0,1350000.0,109317.0,2547000.0,56586.0,1197000.0
48576U106,Not New,KARYOPHARM THERAPEUTICS INC,937.0,100000.0,1703.0,100000.0,766.0,0.0
68621F110,New Holding,ORGANOGENESIS HLDGS INC,,,313.0,1490000.0,,
30734W109,Not New,FAR PT ACQUISITION CORP,4825.0,500000.0,4800.0,500000.0,-25.0,0.0
709102107,New Holding,PENNSYLVANIA RL ESTATE INVT,,,3629.0,610946.0,,
05550J101,Not New,BJS WHSL CLUB HLDGS INC,12605.0,568804.0,4017.0,150000.0,-8588.0,-418804.0
292505104,Not New,ENCANA CORP,5925.0,1025000.0,3278.0,250000.0,-2647.0,-775000.0
292505104,Not New,ENCANA CORP,3364.0,582000.0,3278.0,250000.0,-86.0,-332000.0
257554105,Not New,DOMO INC,2799.0,142612.0,8934.0,416495.0,6135.0,273883.0
256677105,Not New,DOLLAR GEN CORP NEW,10808.0,100000.0,16395.0,150000.0,5587.0,50000.0
37954Y848,New Holding,GLOBAL X FDS,,,9833.0,393000.0,,
15189T107,Not New,CENTERPOINT ENERGY INC,2258.0,80000.0,1383.0,50000.0,-875.0,-30000.0
913017109,Not New,UNITED TECHNOLOGIES CORP,58248.0,547029.0,7690.0,55000.0,-50558.0,-492029.0
G89827110,Not New,TPG PACE HLDGS CORP,312.0,300000.0,525.0,300000.0,213.0,0.0
318672706,Not New,FIRST BANCORP P R,61097.0,7104265.0,37598.0,4131661.0,-23499.0,-2972604.0
G8250R129,Not New,SOCIAL CAP HEDOSOPHIA HLDGS,117.0,166666.0,178.0,166666.0,61.0,0.0
146869102,Sold Out,CARVANA CO,2364.0,40000.0,,,,
57636Q104,Not New,MASTERCARD INCORPORATED,9433.0,50000.0,38957.0,175000.0,29524.0,125000.0
31811A309,New Holding,FINTECH ACQUISITION CORP III,,,5015.0,500000.0,,
N47279109,Not New,INTERXION HOLDING N.V,9749.0,180000.0,33589.0,499090.0,23840.0,319090.0
462260100,Not New,IOVANCE BIOTHERAPEUTICS INC,1328.0,150000.0,1406.0,125000.0,78.0,-25000.0
G5876H105,Sold Out,MARVELL TECHNOLOGY GROUP LTD,9650.0,500000.0,,,,
79466L302,Sold Out,SALESFORCE COM INC,11927.0,75000.0,,,,
68404V100,Sold Out,OPTINOSE INC,373.0,30000.0,,,,
26875P101,Sold Out,EOG RES INC,6761.0,53000.0,,,,
30283W104,New Holding,FTS INTERNATIONAL INC,,,711.0,100000.0,,
44109J114,Not New,HOSTESS BRANDS INC,174.0,200000.0,212.0,200000.0,38.0,0.0
92826C839,Not New,VISA INC,29687.0,225000.0,41275.0,275000.0,11588.0,50000.0
V7780T103,Not New,ROYAL CARIBBEAN CRUISES LTD,9779.0,100000.0,19491.0,150000.0,9712.0,50000.0
78516C106,Not New,SABAN CAPITAL ACQUISITION-A,15120.0,1500000.0,15195.0,1500000.0,75.0,0.0
243537107,New Holding,DECKERS OUTDOOR CORP,,,13115.0,102500.0,,
923454102,Sold Out,VERITIV CORP,2730.0,75000.0,,,,
61945C103,Not New,MOSAIC CO NEW,2921.0,100000.0,4872.0,150000.0,1951.0,50000.0
61945C103,Not New,MOSAIC CO NEW,2921.0,100000.0,1624.0,50000.0,-1297.0,-50000.0
G18920127,Not New,CAPITOL INVT CORP IV,117.0,116666.0,174.0,116666.0,57.0,0.0
105532105,Sold Out,BRASKEM S A,1444.0,50000.0,,,,
30734W117,Not New,FAR PT ACQUISITION CORP,217.0,166666.0,275.0,166666.0,58.0,0.0
337932107,Not New,FIRSTENERGY CORP,751.0,20000.0,1859.0,50000.0,1108.0,30000.0
743187106,Not New,PROGENICS PHARMACEUTICALS IN,420.0,100000.0,627.0,100000.0,207.0,0.0
94419L101,Sold Out,WAYFAIR INC,3692.0,25000.0,,,,
35671D857,Not New,FREEPORT-MCMORAN INC,17925.0,1738603.0,1392.0,100000.0,-16533.0,-1638603.0
35671D857,Not New,FREEPORT-MCMORAN INC,17925.0,1738603.0,3132.0,225000.0,-14793.0,-1513603.0
35671D857,Not New,FREEPORT-MCMORAN INC,2062.0,200000.0,1392.0,100000.0,-670.0,-100000.0
35671D857,Not New,FREEPORT-MCMORAN INC,2062.0,200000.0,3132.0,225000.0,1070.0,25000.0
693506107,New Holding,PPG INDS INC,,,2556.0,25000.0,,
811292101,Not New,SCYNEXIS INC,108.0,225000.0,270.0,225000.0,162.0,0.0
886547108,Not New,TIFFANY & CO NEW,2524.0,31350.0,9673.0,75000.0,7149.0,43650.0
82900L110,Sold Out,SIMPLY GOOD FOODS CO,2534.0,299900.0,,,,
G46408103,Sold Out,HUDSON LTD,1128.0,50000.0,,,,
01609W102,Sold Out,ALIBABA GROUP HLDG LTD,41967.0,254717.0,,,,
459506101,Sold Out,INTERNATIONAL FLAVORS&FRAGRA,4174.0,30000.0,,,,
67077M108,Not New,NUTRIEN LTD,3408.0,72500.0,9809.0,170000.0,6401.0,97500.0
G3165V125,New Holding,ARYA SCIENCES ACQUISITION CO,,,240.0,150000.0,,
281020107,Sold Out,EDISON INTL,2301.0,34000.0,,,,
420870107,Not New,HAYMAKER ACQUISITION CORP,2503.0,250000.0,2453.0,250000.0,-50.0,0.0
878742204,Not New,TECK RESOURCES LTD,1616.0,75000.0,3615.0,150000.0,1999.0,75000.0
680665205,Sold Out,OLIN CORP,6197.0,241313.0,,,,
49435R102,Not New,KIMBELL RTY PARTNERS LP,1263.0,93000.0,1962.0,100000.0,699.0,7000.0
G51502105,Sold Out,JOHNSON CTLS INTL PLC,4869.0,139100.0,,,,
244199105,New Holding,DEERE & CO,,,8204.0,55000.0,,
244199105,New Holding,DEERE & CO,,,3729.0,25000.0,,
872590104,Not New,T MOBILE US INC,4771.0,75000.0,21054.0,300000.0,16283.0,225000.0
23334L102,Sold Out,DSW INC,9317.0,275000.0,,,,
907818108,Not New,UNION PAC CORP,4838.0,35000.0,5699.0,35000.0,861.0,0.0
127686103,New Holding,CAESARS ENTMT CORP,,,1698.0,250000.0,,
46090E103,Not New,INVESCO QQQ TR,38565.0,250000.0,464475.0,2500000.0,425910.0,2250000.0
46090E103,Not New,INVESCO QQQ TR,38565.0,250000.0,52021.0,280000.0,13456.0,30000.0
501147102,New Holding,KRYSTAL BIOTECH INC,,,260.0,12500.0,,
92211L113,Not New,VANTAGE ENERGY ACQUISITION,157.0,333333.0,450.0,333333.0,293.0,0.0
12528N206,New Holding,CF FIN ACQUISITION CORP,,,5000.0,500000.0,,
17142R111,New Holding,CHURCHILL CAP CORP,,,435.0,500000.0,,
92243N103,Not New,VECTOIQ ACQUISITION CORP,4850.0,500000.0,4765.0,500000.0,-85.0,0.0
36164Y101,Not New,GCP APPLIED TECHNOLOGIES INC,68276.0,2781112.0,73839.0,2781112.0,5563.0,0.0
36315X101,Sold Out,GALAPAGOS NV,1686.0,15000.0,,,,
256163106,Sold Out,DOCUSIGN INC,10514.0,200000.0,,,,
00724F101,Not New,ADOBE INC,4525.0,20000.0,18897.0,70000.0,14372.0,50000.0
23331A109,New Holding,D R HORTON INC,,,4333.0,125000.0,,
78464A870,Sold Out,SPDR SERIES TRUST,12942.0,135000.0,,,,
G16962105,Sold Out,BUNGE LIMITED,1193.0,17365.0,,,,
10319T200,New Holding,BOXWOOD MERGER CORP,,,2483.0,250000.0,,
87336U105,Sold Out,TABLEAU SOFTWARE INC,8381.0,75000.0,,,,
032511107,Sold Out,ANADARKO PETE CORP,3236.0,48000.0,,,,
36555P107,Not New,GARDNER DENVER HLDGS INC,4090.0,200000.0,2126.0,75000.0,-1964.0,-125000.0
55608B105,Not New,MACQUARIE INFRASTRUCTURE COR,5484.0,150000.0,9226.0,200000.0,3742.0,50000.0
38286G117,New Holding,GORES HOLDINGS III INC,,,600.0,500000.0,,
G0751N103,Not New,ATLANTICA YIELD PLC,12040.0,614300.0,12436.0,604300.0,396.0,-10000.0
983134107,New Holding,WYNN RESORTS LTD,,,14837.0,150000.0,,
69404D108,Sold Out,PACIFIC BIOSCIENCES CALIF IN,676.0,125000.0,,,,
703481101,Not New,PATTERSON UTI ENERGY INC,725.0,70000.0,1198.0,70000.0,473.0,0.0
G8062D110,Sold Out,SENTINEL ENERGY SVCS INC,213.0,166666.0,,,,
78464A730,Not New,SPDR SERIES TRUST,18571.0,700000.0,11688.0,270000.0,-6883.0,-430000.0
78464A730,Not New,SPDR SERIES TRUST,18571.0,700000.0,19481.0,450000.0,910.0,-250000.0
61946M100,New Holding,MOSAIC ACQUISITION CORP,,,10835.0,1100000.0,,
96812T102,Sold Out,WILDHORSE RESOURCE DEV CORP,946.0,40000.0,,,,
32008D106,Sold Out,FIRST DATA CORP NEW,91151.0,3725000.0,,,,
19626G108,Not New,COLONY CAP INC NEW,702.0,150000.0,914.0,150000.0,212.0,0.0
36197T103,Not New,GW PHARMACEUTICALS PLC,1461.0,15000.0,3455.0,20000.0,1994.0,5000.0
G4182A102,Sold Out,GTY TECHNOLOGY HOLDINGS INC,16224.0,1600000.0,,,,
382867109,Sold Out,GORES HLDGS II INC,7965.0,750000.0,,,,
70788V102,Sold Out,PENN VA CORP NEW,1369.0,17000.0,,,,
74275G107,Not New,PRIORITY TECHNOLOGY HLDGS IN,2077.0,260000.0,2525.0,260000.0,448.0,0.0
097023105,New Holding,BOEING CO,,,4031.0,12500.0,,
767204100,Not New,RIO TINTO PLC,2666.0,55000.0,2551.0,50000.0,-115.0,-5000.0
524643111,Not New,LEGACY ACQUISITION CORP,166.0,500000.0,223.0,500000.0,57.0,0.0
06746L422,Sold Out,BARCLAYS BK PLC,28361.0,1063400.0,,,,
G6485P108,Not New,NEW FRONTIER CORP,4900.0,500000.0,4810.0,500000.0,-90.0,0.0
72703H101,New Holding,PLANET FITNESS INC,,,20108.0,375000.0,,
92189F106,Not New,VANECK VECTORS ETF TR,109236.0,5179503.0,3704.0,200000.0,-105532.0,-4979503.0
92189F106,Not New,VANECK VECTORS ETF TR,109236.0,5179503.0,5717.0,308703.0,-103519.0,-4870800.0
971375126,Sold Out,WILLSCOT CORP,2573.0,150000.0,,,,
524643103,Not New,LEGACY ACQUISITION CORP,4910.0,500000.0,4865.0,500000.0,-45.0,0.0
37518N106,Not New,GIGCAPITAL INC,2525.0,250000.0,2495.0,250000.0,-30.0,0.0
48661U110,Sold Out,KAYNE ANDERSON ACQUISITION,695.0,500000.0,,,,
00810B105,Not New,AERPIO PHARMACEUTICALS INC,170.0,100000.0,309.0,100000.0,139.0,0.0
090040106,Not New,BILIBILI INC,6978.0,478245.0,12806.0,950000.0,5828.0,471755.0
81728P105,New Holding,SENTINEL ENERGY SVCS INC,,,5010.0,500000.0,,
751212101,Sold Out,RALPH LAUREN CORP,17194.0,125000.0,,,,
G81477104,Sold Out,SINA CORP,12159.0,175000.0,,,,
023135106,Not New,AMAZON COM INC,79529.0,52950.0,156234.0,78000.0,76705.0,25050.0
67059N108,Sold Out,NUTANIX INC,4157.0,97300.0,,,,
101044105,Not New,BOSTON OMAHA CORP,1170.0,50000.0,1944.0,65000.0,774.0,15000.0
90238J103,Not New,TYME TECHNOLOGIES INC,554.0,150000.0,417.0,150000.0,-137.0,0.0
98212B103,New Holding,WPX ENERGY INC,,,1419.0,125000.0,,
565849106,Not New,MARATHON OIL CORP,1649.0,115000.0,6402.0,275000.0,4753.0,160000.0
227046109,Sold Out,CROCS INC,3575.0,167900.0,,,,
13057Q206,Not New,CALIFORNIA RES CORP,426.0,25000.0,1213.0,25000.0,787.0,0.0
36255F110,Not New,GS ACQUISITION HLDGS CORP,625.0,500000.0,825.0,500000.0,200.0,0.0
089302103,Sold Out,BIG LOTS INC,10448.0,250000.0,,,,
981558109,Not New,WORLDPAY INC,13375.0,175000.0,20254.0,200000.0,6879.0,25000.0
608550109,Sold Out,MOLECULAR TEMPLATES INC,270.0,50000.0,,,,
20030N101,New Holding,COMCAST CORP NEW,,,4086.0,120000.0,,
674215108,New Holding,OASIS PETE INC NEW,,,553.0,100000.0,,
670346105,Sold Out,NUCOR CORP,2998.0,47244.0,,,,
70450Y103,Sold Out,PAYPAL HLDGS INC,15372.0,175000.0,,,,
171798101,Not New,CIMAREX ENERGY CO,1418.0,23000.0,1208.0,13000.0,-210.0,-10000.0
G8062D102,Sold Out,SENTINEL ENERGY SVCS INC,4950.0,500000.0,,,,
693656100,Sold Out,PVH CORP,71839.0,497500.0,,,,
088606108,Not New,BHP GROUP LIMITED,2173.0,45000.0,4839.0,97086.0,2666.0,52086.0
46146L101,Not New,INVESTORS BANCORP INC NEW,2044.0,196511.0,4547.0,370576.0,2503.0,174065.0
17142R202,Sold Out,CHURCHILL CAP CORP,10150.0,1000000.0,,,,
74386T105,Not New,PROVIDENT FINL SVCS INC,6392.0,264894.0,6503.0,264894.0,111.0,0.0
30227M105,Not New,EXTRACTION OIL AND GAS INC,343.0,80000.0,452.0,40000.0,109.0,-40000.0
G62848125,Sold Out,MOSAIC ACQUISITION CORP,477.0,366666.0,,,,
98978L204,Not New,ZOGENIX INC,1094.0,30000.0,1488.0,30000.0,394.0,0.0
00444T100,New Holding,ACELRX PHARMACEUTICALS INC,,,578.0,250000.0,,
896522109,Not New,TRINITY INDS INC,3191.0,155000.0,2748.0,75000.0,-443.0,-80000.0
G18920101,Not New,CAPITOL INVT CORP IV,3497.0,350000.0,3469.0,350000.0,-28.0,0.0
08579X101,Not New,BERRY PETE CORP,219.0,25000.0,1057.0,60000.0,838.0,35000.0
655844108,Sold Out,NORFOLK SOUTHERN CORP,10830.0,60000.0,,,,
48661U102,Sold Out,KAYNE ANDERSON ACQUISITION,15240.0,1500000.0,,,,
382867117,Sold Out,GORES HLDGS II INC,1147.0,533333.0,,,,
37518N114,Not New,GIGCAPITAL INC,69.0,250000.0,133.0,250000.0,64.0,0.0
78486Q101,Sold Out,SVB FINL GROUP,69937.0,225000.0,,,,
G89827128,Not New,TPG PACE HLDGS CORP,9000.0,900000.0,9063.0,900000.0,63.0,0.0
743315103,New Holding,PROGRESSIVE CORP OHIO,,,6033.0,100000.0,,
400110102,Sold Out,GRUBHUB INC,3604.0,26000.0,,,,
47215P106,Sold Out,JD COM INC,13045.0,500000.0,,,,
38046YAB7,Not New,GOLAR LNG LTD,5599.0,6000000.0,6270.0,6000000.0,671.0,0.0
37518N122,Not New,GIGCAPITAL INC,45.0,187500.0,93.0,187500.0,48.0,0.0
20825C104,Sold Out,CONOCOPHILLIPS,3406.0,44000.0,,,,
526057104,Sold Out,LENNAR CORP,2335.0,50000.0,,,,
559663117,Not New,MAGNOLIA OIL & GAS CORP,2020.0,666667.0,3917.0,833333.0,1897.0,166666.0
81728P113,New Holding,SENTINEL ENERGY SVCS INC,,,138.0,166666.0,,
51476W115,Sold Out,LANDCADIA HLDGS INC,655.0,550000.0,,,,
876030107,Sold Out,TAPESTRY INC,11311.0,225000.0,,,,
505743104,Sold Out,LADDER CAP CORP,4235.0,250000.0,,,,
