CUSIP,status,NAME OF ISSUER,(x$1000)_old,PRN AMT_old,(x$1000),PRN AMT,(x$1000)_change,PRN AMT_change
92206C409,Sold Out,VANGUARD SCOTTSDALE FDS,267498.0,3381774.0,,,,
40131M109,New Holding,GUARDANT HEALTH INC,,,2028.0,25000.0,,
125269100,New Holding,CF INDS HLDGS INC,,,2944.0,104616.0,,
88023U101,New Holding,TEMPUR SEALY INTL INC,,,23838.0,331318.0,,
29273V100,Not New,ENERGY TRANSFER LP,68464.0,9615671.0,38050.0,8271741.0,-30414.0,-1343930.0
83304A106,Sold Out,SNAP INC,892.0,75001.0,,,,
70959W103,Not New,PENSKE AUTOMOTIVE GRP INC,2169.0,56031.0,1064.0,38000.0,-1105.0,-18031.0
G78516203,Not New,SC HEALTH CORP,6066.0,600000.0,6030.0,600000.0,-36.0,0.0
17144C203,Sold Out,CHURCHILL CAP CORP III,10000.0,1000000.0,,,,
G04415132,Not New,ANDINA ACQUISITION CORP III,92.0,400000.0,70.0,400000.0,-22.0,0.0
57665R106,New Holding,MATCH GROUP INC,,,22457.0,209779.0,,
82452J109,New Holding,SHIFT4 PMTS INC,,,9962.0,280623.0,,
23343Q118,New Holding,DFP HEALTHCARE ACQUISITNS CO,,,91.0,62500.0,,
629076118,Sold Out,NEBULA ACQUISITION CORP,11.0,13333.0,,,,
G8994E103,New Holding,TRANE TECHNOLOGIES PLC,,,4171.0,46872.0,,
81369Y308,New Holding,SELECT SECTOR SPDR TR,,,2005.0,34200.0,,
666807102,Sold Out,NORTHROP GRUMMAN CORP,13358.0,44150.0,,,,
464287440,New Holding,ISHARES TR,,,60935.0,500000.0,,
06684L103,New Holding,BAOZUN INC,,,11759.0,305832.0,,
256746108,Sold Out,DOLLAR TREE INC,36546.0,497423.0,,,,
382865202,Sold Out,GORES HLDGS IV INC,15105.0,1500000.0,,,,
011532108,New Holding,ALAMOS GOLD INC NEW,,,4234.0,451400.0,,
64110W102,New Holding,NETEASE INC,,,4733.0,11023.0,,
N96617118,Not New,WRIGHT MED GROUP N V,14277.0,480399.0,13775.0,480790.0,-502.0,391.0
233253202,Sold Out,DMY TECHNOLOGY GROUP INC,521.0,53000.0,,,,
98419M100,Sold Out,XYLEM INC,2422.0,37193.0,,,,
30212P303,New Holding,EXPEDIA GROUP INC,,,21120.0,256932.0,,
30212P303,New Holding,EXPEDIA GROUP INC,,,5433.0,66100.0,,
171779309,New Holding,CIENA CORP,,,8955.0,165349.0,,
122017106,Not New,BURLINGTON STORES INC,26902.0,136608.0,12677.0,80000.0,-14225.0,-56608.0
100557107,Not New,BOSTON BEER INC,25166.0,46894.0,15783.0,42939.0,-9383.0,-3955.0
14448C104,New Holding,CARRIER GLOBAL CORPORATION,,,8557.0,385124.0,,
82710M100,New Holding,SILK RD MED INC,,,1047.0,25000.0,,
776696106,Sold Out,ROPER TECHNOLOGIES INC,2136.0,6851.0,,,,
31620M106,Not New,FIDELITY NATL INFORMATION SV,27366.0,204089.0,15713.0,129175.0,-11653.0,-74914.0
G8251K115,New Holding,SOCIAL CAP HEDSPIA HLDG CO I,,,900.0,300000.0,,
037833100,New Holding,APPLE INC,,,12064.0,33070.0,,
035290105,Sold Out,ANIXTER INTL INC,8787.0,100000.0,,,,
76131D103,Sold Out,RESTAURANT BRANDS INTL INC,13136.0,328159.0,,,,
445658107,New Holding,HUNT J B TRANS SVCS INC,,,3774.0,31363.0,,
548661107,Not New,LOWES COS INC,7818.0,57863.0,6517.0,75731.0,-1301.0,17868.0
37186H100,New Holding,GENETRON HLDGS LTD,,,241.0,20000.0,,
911312106,Sold Out,UNITED PARCEL SERVICE INC,1868.0,20000.0,,,,
09627Y109,New Holding,BLUEPRINT MEDICINES CORP,,,1950.0,25000.0,,
681116109,New Holding,OLLIES BARGAIN OUTLET HLDGS,,,7466.0,76458.0,,
921937827,Sold Out,VANGUARD BD INDEX FDS,20134.0,244997.0,,,,
67066G104,Not New,NVIDIA CORP,32588.0,85779.0,10321.0,39153.0,-22267.0,-46626.0
854502101,New Holding,STANLEY BLACK & DECKER INC,,,5352.0,38400.0,,
594918104,Not New,MICROSOFT CORP,34372.0,168895.0,72089.0,457100.0,37717.0,288205.0
464287309,New Holding,ISHARES TR,,,3029.0,14600.0,,
443761200,New Holding,HUDSON EXECUTIVE INVT CORP,,,4080.0,400000.0,,
G79448109,Sold Out,SCVX CORP,1994.0,200000.0,,,,
53804F103,New Holding,LIVE OAK ACQUISITION CORP,,,3920.0,400000.0,,
499049104,Not New,KNIGHT SWIFT TRANSN HLDGS IN,6792.0,162831.0,3106.0,94697.0,-3686.0,-68134.0
526057302,Not New,LENNAR CORP,8554.0,185600.0,4916.0,170000.0,-3638.0,-15600.0
56585A102,New Holding,MARATHON PETE CORP,,,3217.0,86049.0,,
G3682E192,Sold Out,FRONTLINE LTD,8787.0,914332.0,,,,
49741E100,New Holding,KIRKLAND LAKE GOLD LTD,,,10629.0,257740.0,,
02079K305,Not New,ALPHABET INC,40093.0,28273.0,24668.0,21230.0,-15425.0,-7043.0
824348106,New Holding,SHERWIN WILLIAMS CO,,,6265.0,10842.0,,
872540109,Not New,TJX COS INC NEW,49282.0,974720.0,7411.0,155001.0,-41871.0,-819719.0
95058W100,New Holding,WENDYS CO,,,16381.0,752122.0,,
647581107,Sold Out,NEW ORIENTAL ED & TECH GRP I,7651.0,70681.0,,,,
988498101,New Holding,YUM BRANDS INC,,,24365.0,280346.0,,
G31655114,New Holding,ARYA SCIENCES ACQUISTION CO,,,580.0,50000.0,,
00401C108,New Holding,ACACIA COMMUNICATIONS INC,,,6901.0,102711.0,,
382865111,New Holding,GORES HLDGS IV INC,,,675.0,375000.0,,
500255104,New Holding,KOHLS CORP,,,14292.0,688122.0,,
23283R100,New Holding,CYRUSONE INC,,,51224.0,704110.0,,
88688TAB6,Sold Out,TILRAY INC,1774.0,5500000.0,,,,
64110L106,Not New,NETFLIX INC,75950.0,166908.0,77127.0,205398.0,1177.0,38490.0
464287655,Not New,ISHARES TR,64359.0,449500.0,10874.0,95000.0,-53485.0,-354500.0
67103H107,Not New,OREILLY AUTOMOTIVE INC,49922.0,118390.0,32487.0,107912.0,-17435.0,-10478.0
29355A107,New Holding,ENPHASE ENERGY INC,,,2435.0,51178.0,,
50127T109,New Holding,KURA ONCOLOGY INC,,,163.0,10000.0,,
464287242,Not New,ISHARES TR,129813.0,965150.0,19885.0,161000.0,-109928.0,-804150.0
37045V100,New Holding,GENERAL MTRS CO,,,13492.0,533286.0,,
265504100,Sold Out,DUNKIN BRANDS GROUP INC,14409.0,271363.0,,,,
91232N207,New Holding,UNITED STS OIL FD LP,,,9821.0,350000.0,,
74933V108,Sold Out,RA PHARMACEUTICALS INC,960.0,20000.0,,,,
G96629103,New Holding,WILLIS TOWERS WATSON PLC LTD,,,18710.0,95000.0,,
98422L107,Not New,XERIS PHARMACEUTICALS INC,466.0,175000.0,341.0,175000.0,-125.0,0.0
G79448208,New Holding,SCVX CORP,,,1992.0,200000.0,,
539830109,Sold Out,LOCKHEED MARTIN CORP,13098.0,38643.0,,,,
146229109,New Holding,CARTERS INC,,,12340.0,152916.0,,
576323109,New Holding,MASTEC INC,,,6401.0,142656.0,,
007903107,Sold Out,ADVANCED MICRO DEVICES INC,10879.0,239198.0,,,,
249908AA2,Sold Out,ASSERTIO THERAPEUTICS INC,2475.0,2500000.0,,,,
285512109,Sold Out,ELECTRONIC ARTS INC,21107.0,210716.0,,,,
76680R206,New Holding,RINGCENTRAL INC,,,53703.0,188425.0,,
G0450A105,New Holding,ARCH CAP GROUP LTD,,,10963.0,382669.0,,
92918V109,New Holding,VROOM INC,,,3991.0,76535.0,,
26614N102,New Holding,DUPONT DE NEMOURS INC,,,4174.0,78562.0,,
46267X108,New Holding,IQIYI INC,,,1187.0,51178.0,,
N97284108,Sold Out,YANDEX N V,15323.0,450000.0,,,,
747525103,Sold Out,QUALCOMM INC,3383.0,50000.0,,,,
778296103,Sold Out,ROSS STORES INC,46414.0,533681.0,,,,
701877102,Not New,PARSLEY ENERGY INC,12239.0,1146000.0,7965.0,1390000.0,-4274.0,244000.0
233253103,New Holding,DMY TECHNOLOGY GROUP INC,,,532.0,53000.0,,
232806109,Sold Out,CYPRESS SEMICONDUCTOR CORP,9328.0,400000.0,,,,
278642103,New Holding,EBAY INC.,,,21474.0,409424.0,,
23284F105,Not New,CYTOMX THERAPEUTICS INC,625.0,75000.0,767.0,100000.0,142.0,25000.0
30303M102,Not New,FACEBOOK INC,81092.0,357122.0,23579.0,141361.0,-57513.0,-215761.0
14316J108,New Holding,CARLYLE GROUP INC,,,8541.0,306137.0,,
090043100,New Holding,BILL COM HLDGS INC,,,16110.0,178579.0,,
395330103,Not New,GREENLANE HLDGS INC,1592.0,400000.0,916.0,532275.0,-676.0,132275.0
690742101,New Holding,OWENS CORNING NEW,,,5465.0,98002.0,,
34962V106,New Holding,FORTRESS VALUE ACQUISITION C,,,9970.0,1000000.0,,
23804L103,New Holding,DATADOG INC,,,11269.0,129602.0,,
212326300,New Holding,CONTRAFECT CORP,,,3195.0,500000.0,,
25278X109,Sold Out,DIAMONDBACK ENERGY INC,1048.0,40000.0,,,,
838884112,Not New,SOUTH MTN MERGER CORP,280.0,250000.0,235.0,250000.0,-45.0,0.0
23343Q209,Sold Out,DFP HEALTHCARE ACQUISITNS CO,2480.0,250000.0,,,,
06746P621,New Holding,BARCLAYS BK PLC,,,6243.0,183900.0,,
42087L119,Not New,HAYMAKER ACQUISITION CORP II,393.0,250000.0,295.0,250000.0,-98.0,0.0
464288513,New Holding,ISHARES TR,,,14528.0,178000.0,,
464288513,New Holding,ISHARES TR,,,130592.0,1600000.0,,
13321L108,Sold Out,CAMECO CORP,853.0,111607.0,,,,
22788C105,New Holding,CROWDSTRIKE HLDGS INC,,,45319.0,451880.0,,
N14506104,New Holding,ELASTIC N V,,,9656.0,104722.0,,
302491303,New Holding,F M C CORP,,,3427.0,34405.0,,
654106103,New Holding,NIKE INC,,,7497.0,76458.0,,
G8251K123,New Holding,SOCIAL CAP HEDSPIA HLDG CO I,,,451.0,37977.0,,
05278C107,New Holding,AUTOHOME INC,,,7697.0,101944.0,,
55336V100,New Holding,MPLX LP,,,20133.0,1165084.0,,
42589C112,Not New,HENNESSY CAP ACQUSTION CORP,330.0,300000.0,105.0,300000.0,-225.0,0.0
05600U106,New Holding,B RILEY PRIN MERGER CORP II,,,2146.0,200000.0,,
603380106,Not New,MINERVA NEUROSCIENCES INC,90.0,25000.0,452.0,75000.0,362.0,50000.0
929160109,Sold Out,VULCAN MATLS CO,7491.0,69316.0,,,,
33829M101,New Holding,FIVE BELOW INC,,,18528.0,173305.0,,
09257WAB6,New Holding,BLACKSTONE MTG TR INC,,,945.0,1000000.0,,
539183103,Sold Out,LIVONGO HEALTH INC,856.0,30000.0,,,,
69290Y109,Not New,PAE INC,4185.0,437736.0,2272.0,350000.0,-1913.0,-87736.0
194014106,New Holding,COLFAX CORP,,,2801.0,100412.0,,
382865103,New Holding,GORES HLDGS IV INC,,,15150.0,1500000.0,,
34553D101,Sold Out,FORESCOUT TECHNOLOGIES INC,2527.0,80000.0,,,,
45168D104,New Holding,IDEXX LABS INC,,,5383.0,16303.0,,
69366J200,Not New,PTC THERAPEUTICS INC,2030.0,40000.0,1784.0,40000.0,-246.0,0.0
09857L108,New Holding,BOOKING HLDGS INC,,,8116.0,5097.0,,
805111101,Not New,SAVARA INC,249.0,100000.0,212.0,100000.0,-37.0,0.0
94106B101,New Holding,WASTE CONNECTIONS INC,,,4317.0,46032.0,,
G9027T125,New Holding,TREBIA ACQUISITION CORP,,,10450.0,1000000.0,,
629076100,Sold Out,NEBULA ACQUISITION CORP,12586.0,1240000.0,,,,
G8250T125,New Holding,SOCIAL CAP HDOSPHIA HLDG CO,,,1207.0,333333.0,,
552848103,New Holding,MGIC INVT CORP WIS,,,19222.0,2347035.0,,
881624209,Sold Out,TEVA PHARMACEUTICAL INDS LTD,9878.0,1100000.0,,,,
064058100,Sold Out,BANK NEW YORK MELLON CORP,3368.0,100000.0,,,,
90384S303,Not New,ULTA BEAUTY INC,10369.0,50972.0,13860.0,78884.0,3491.0,27912.0
B38564108,Sold Out,EURONAV NV ANTWERPEN,5807.0,514801.0,,,,
858119100,Sold Out,STEEL DYNAMICS INC,2209.0,97998.0,,,,
00751Y106,New Holding,ADVANCE AUTO PARTS IN,,,14522.0,101944.0,,
09257WAC4,New Holding,BLACKSTONE MTG TR INC,,,4724.0,5135000.0,,
03768E105,New Holding,APOLLO GLOBAL MGMT INC,,,22923.0,459201.0,,
92243N111,Sold Out,VECTOIQ ACQUISITION CORP,776.0,398100.0,,,,
12572Q105,Not New,CME GROUP INC,7314.0,45000.0,7781.0,45000.0,467.0,0.0
233253111,New Holding,DMY TECHNOLOGY GROUP INC,,,41.0,26500.0,,
98138H101,Sold Out,WORKDAY INC,2604.0,20000.0,,,,
466367109,New Holding,JACK IN THE BOX INC,,,19373.0,261486.0,,
80706P103,Not New,SCHOLAR ROCK HLDG CORP,1821.0,100000.0,1211.0,100000.0,-610.0,0.0
053332102,Not New,AUTOZONE INC,58940.0,52246.0,32299.0,38178.0,-26641.0,-14068.0
36165L108,Not New,GDS HLDGS LTD,24387.0,306135.0,19523.0,336776.0,-4864.0,30641.0
G7709Q104,New Holding,ROYALTY PHARMA PLC,,,971.0,20000.0,,
78462F103,Not New,SPDR S&P 500 ETF TR,230191.0,746500.0,20233.0,78500.0,-209958.0,-668000.0
78462F103,Not New,SPDR S&P 500 ETF TR,230191.0,746500.0,15465.0,60000.0,-214726.0,-686500.0
34959J108,New Holding,FORTIVE CORP,,,19310.0,285401.0,,
464287234,New Holding,ISHARES TR,,,19995.0,500000.0,,
679580100,Not New,OLD DOMINION FREIGHT LINE IN,3525.0,20783.0,2815.0,21446.0,-710.0,663.0
G8250T109,New Holding,SOCIAL CAP HDOSPHIA HLDG CO,,,11669.0,993107.0,,
177376100,Sold Out,CITRIX SYS INC,7078.0,50000.0,,,,
05550J101,Sold Out,BJS WHSL CLUB HLDGS INC,8500.0,333717.0,,,,
526107107,New Holding,LENNOX INTL INC,,,3852.0,16534.0,,
773903109,Not New,ROCKWELL AUTOMATION INC,5231.0,24559.0,3018.0,20000.0,-2213.0,-4559.0
256677105,Sold Out,DOLLAR GEN CORP NEW,30950.0,204953.0,,,,
Y2065G121,Sold Out,DHT HOLDINGS INC,4942.0,644373.0,,,,
00507V109,Not New,ACTIVISION BLIZZARD INC,19344.0,254860.0,19939.0,335225.0,595.0,80365.0
81369Y803,New Holding,SELECT SECTOR SPDR TR,,,1003.0,9600.0,,
57636Q104,New Holding,MASTERCARD INCORPORATED,,,19594.0,66263.0,,
502431109,Sold Out,L3HARRIS TECHNOLOGIES INC,2161.0,12000.0,,,,
81369Y886,Sold Out,SELECT SECTOR SPDR TR,72587.0,1310000.0,,,,
462260100,Not New,IOVANCE BIOTHERAPEUTICS INC,1373.0,50000.0,748.0,25000.0,-625.0,-25000.0
37519D206,New Holding,GIGCAPITAL3 INC,,,5020.0,500000.0,,
464287176,New Holding,ISHARES TR,,,14957.0,121600.0,,
78464A698,New Holding,SPDR SER TR,,,66207.0,1724600.0,,
78464A698,New Holding,SPDR SER TR,,,3148.0,82000.0,,
651639106,Not New,NEWMONT CORP,10636.0,172275.0,7413.0,163705.0,-3223.0,-8570.0
759351604,New Holding,REINSURANCE GRP OF AMERICA I,,,10006.0,127557.0,,
03969F109,New Holding,ARCUS BIOSCIENCES INC,,,866.0,35000.0,,
87612E106,New Holding,TARGET CORP,,,18339.0,152916.0,,
68902V107,New Holding,OTIS WORLDWIDE CORP,,,2636.0,46358.0,,
253393102,New Holding,DICKS SPORTING GOODS INC,,,15142.0,366998.0,,
26875P101,Sold Out,EOG RES INC,1796.0,50000.0,,,,
067901108,Not New,BARRICK GOLD CORPORATION,8399.0,311758.0,11270.0,615158.0,2871.0,303400.0
54951L109,Sold Out,LUCKIN COFFEE INC,35257.0,1296708.0,,,,
N59465109,Sold Out,MYLAN NV SHS EURO,7679.0,515000.0,,,,
23343Q100,New Holding,DFP HEALTHCARE ACQUISITNS CO,,,2538.0,250000.0,,
17144C104,New Holding,CHURCHILL CAP CORP III,,,10790.0,1000000.0,,
M8001Q118,New Holding,POLYPID LTD,,,3699.0,205151.0,,
31189P102,Not New,FATE THERAPEUTICS INC,1716.0,50000.0,535.0,24100.0,-1181.0,-25900.0
44109J114,Not New,HOSTESS BRANDS INC,172.0,200000.0,114.0,200000.0,-58.0,0.0
585464100,New Holding,MELCO RESORTS AND ENTMNT LTD,,,16613.0,1070412.0,,
291011104,New Holding,EMERSON ELEC CO,,,3983.0,64217.0,,
458140100,Sold Out,INTEL CORP,12324.0,227709.0,,,,
09609G100,New Holding,BLUEBIRD BIO INC,,,610.0,10000.0,,
749641114,Not New,RMG ACQUISITION CORP,229.0,233333.0,145.0,233333.0,-84.0,0.0
81369Y605,New Holding,SELECT SECTOR SPDR TR,,,4628.0,200000.0,,
G10830100,Not New,BEYONDSPRING INC,671.0,44485.0,256.0,20000.0,-415.0,-24485.0
78709Y105,New Holding,SAIA INC,,,5396.0,48534.0,,
210373106,Not New,CONSTELLATION PHARMCETICLS I,1382.0,46000.0,943.0,30000.0,-439.0,-16000.0
268150109,New Holding,DYNATRACE INC,,,7832.0,192908.0,,
375558103,Sold Out,GILEAD SCIENCES INC,25418.0,340000.0,,,,
45687V106,New Holding,INGERSOLL RAND INC,,,7373.0,262202.0,,
450913108,New Holding,IAMGOLD CORP,,,5596.0,1416703.0,,
889478103,New Holding,TOLL BROTHERS INC,,,3146.0,96518.0,,
N72482123,Sold Out,QIAGEN NV,9360.0,225000.0,,,,
452308109,New Holding,ILLINOIS TOOL WKS INC,,,4165.0,23818.0,,
34431F203,New Holding,FOLEY TRASIMENE ACQUISTN COR,,,10670.0,1000000.0,,
697900108,New Holding,PAN AMERN SILVER CORP,,,5977.0,196675.0,,
336433107,New Holding,FIRST SOLAR INC,,,2894.0,58456.0,,
58733R102,Sold Out,MERCADOLIBRE INC,15146.0,31000.0,,,,
35671D857,Sold Out,FREEPORT-MCMORAN INC,3883.0,575276.0,,,,
693506107,New Holding,PPG INDS INC,,,2968.0,27980.0,,
17144C112,New Holding,CHURCHILL CAP CORP III,,,750.0,250000.0,,
74736K101,Sold Out,QORVO INC,4032.0,50000.0,,,,
886547108,Not New,TIFFANY & CO NEW,22182.0,181906.0,36651.0,283022.0,14469.0,101116.0
784730103,New Holding,SSR MNG INC,,,4853.0,227533.0,,
01609W102,Not New,ALIBABA GROUP HLDG LTD,159973.0,741647.0,9819.0,50487.0,-150154.0,-691160.0
91912E105,New Holding,VALE S A,,,8004.0,776291.0,,
418056107,Sold Out,HASBRO INC,18061.0,252429.0,,,,
G04415124,Not New,ANDINA ACQUISITION CORP III,172.0,400000.0,44.0,400000.0,-128.0,0.0
87615L115,Not New,TARGET HOSPITALITY CORP,40.0,400000.0,60.0,400000.0,20.0,0.0
201723103,Sold Out,COMMERCIAL METALS CO,2357.0,149241.0,,,,
464288646,Sold Out,ISHARES TR,49186.0,939390.0,,,,
G8807B106,Sold Out,THERAVANCE BIOPHARMA INC,924.0,40000.0,,,,
45332Y109,New Holding,INARI MED INC,,,484.0,10000.0,,
878742204,Sold Out,TECK RESOURCES LTD,2626.0,347358.0,,,,
485170302,New Holding,KANSAS CITY SOUTHERN,,,19787.0,132543.0,,
N6596X109,New Holding,NXP SEMICONDUCTORS N V,,,15714.0,137791.0,,
907818108,Not New,UNION PAC CORP,23813.0,140849.0,5642.0,40000.0,-18171.0,-100849.0
46090E103,Not New,INVESCO QQQ TR,49520.0,200000.0,268464.0,1410000.0,218944.0,1210000.0
M51363113,Sold Out,MELLANOX TECHNOLOGIES LTD,15772.0,130000.0,,,,
G0177J108,Sold Out,ALLERGAN PLC,37191.0,210000.0,,,,
192108504,New Holding,COEUR MNG INC,,,2172.0,427649.0,,
34407Y111,New Holding,FLYING EAGLE ACQUISITION COR,,,375.0,125000.0,,
256163106,Not New,DOCUSIGN INC,22183.0,128816.0,2772.0,30000.0,-19411.0,-98816.0
962879102,Sold Out,WHEATON PRECIOUS METALS CORP,6374.0,231523.0,,,,
78464A870,Sold Out,SPDR SER TR,17424.0,225000.0,,,,
66987V109,Sold Out,NOVARTIS A G,9070.0,110000.0,,,,
92537N116,New Holding,VERTIV HOLDINGS CO,,,1197.0,300000.0,,
G16962105,Not New,BUNGE LIMITED,117658.0,2860632.0,62826.0,1531228.0,-54832.0,-1329404.0
G16962105,Not New,BUNGE LIMITED,8226.0,200000.0,62826.0,1531228.0,54600.0,1331228.0
G50744120,New Holding,JAWS ACQUISITION CORP,,,10430.0,1000000.0,,
91913Y100,New Holding,VALERO ENERGY CORP,,,2683.0,45617.0,,
G1992Y122,New Holding,CC NEUBERGER PRINCIPAL HLDNG,,,121.0,83333.0,,
G8598Y125,New Holding,SUSTAINABLE OPPORTNTS ACQ CO,,,2525.0,250000.0,,
G0751N103,Not New,ATLANTICA SUSTAINABLE INFR P,7275.0,250000.0,7230.0,324216.0,-45.0,74216.0
G68707101,New Holding,PAGSEGURO DIGITAL LTD,,,16212.0,458748.0,,
02553E106,New Holding,AMERICAN EAGLE OUTFITTERS IN,,,13445.0,1233522.0,,
05600U114,New Holding,B RILEY PRIN MERGER CORP II,,,385.0,220000.0,,
46429B267,New Holding,ISHARES TR,,,5987.0,213900.0,,
70614W100,New Holding,PELOTON INTERACTIVE INC,,,25026.0,433209.0,,
260557103,New Holding,DOW INC,,,5405.0,132606.0,,
36118H204,New Holding,FUSION ACQUISITION CORP,,,1016.0,100000.0,,
62944T105,New Holding,NVR INC,,,5214.0,1600.0,,
780287108,Sold Out,ROYAL GOLD INC,3055.0,34833.0,,,,
G1992Y114,New Holding,CC NEUBERGER PRINCIPAL HLDNG,,,2518.0,250000.0,,
G79448117,New Holding,SCVX CORP,,,104.0,100000.0,,
293792107,Not New,ENTERPRISE PRODS PARTNERS L,39350.0,2165637.0,38164.0,2668845.0,-1186.0,503208.0
046513107,New Holding,ATARA BIOTHERAPEUTICS INC,,,364.0,25000.0,,
92189F106,Not New,VANECK VECTORS ETF TR,34443.0,939000.0,48384.0,2100000.0,13941.0,1161000.0
92189F106,Not New,VANECK VECTORS ETF TR,34443.0,939000.0,2304.0,100000.0,-32139.0,-839000.0
72703H101,Sold Out,PLANET FITNESS INC,14161.0,290774.0,,,,
74967X103,New Holding,RH,,,8881.0,35680.0,,
496902404,New Holding,KINROSS GOLD CORP,,,10319.0,1429192.0,,
834203200,New Holding,SOLENO THERAPEUTICS INC,,,167.0,75000.0,,
101137107,New Holding,BOSTON SCIENTIFIC CORP,,,5267.0,150000.0,,
75605Y106,Not New,REALOGY HLDGS CORP,5671.0,765339.0,1505.0,500000.0,-4166.0,-265339.0
G6095L109,New Holding,APTIV PLC,,,4783.0,61381.0,,
54142L109,Not New,LOGMEIN INC,5086.0,60000.0,4997.0,60000.0,-89.0,0.0
G78516401,Not New,SC HEALTH CORP,324.0,300000.0,287.0,300000.0,-37.0,0.0
22266L106,New Holding,COUPA SOFTWARE INC,,,8481.0,30614.0,,
34407Y202,Sold Out,FLYING EAGLE ACQUISITION COR,4985.0,500000.0,,,,
64828T201,New Holding,NEW RESIDENTIAL INVT CORP,,,25020.0,3367482.0,,
36258Q204,New Holding,GS ACQUISITION HLDGS CORP II,,,7357.0,700000.0,,
G8251K107,New Holding,SOCIAL CAP HEDSPIA HLDG CO I,,,10008.0,895150.0,,
34407Y103,New Holding,FLYING EAGLE ACQUISITION COR,,,5490.0,500000.0,,
00123Q104,New Holding,AGNC INVT CORP,,,1871.0,145000.0,,
023135106,Not New,AMAZON COM INC,169477.0,61431.0,73272.0,37581.0,-96205.0,-23850.0
21871D103,New Holding,CORELOGIC INC,,,3773.0,56125.0,,
86614U100,Sold Out,SUMMIT MATLS INC,1201.0,80064.0,,,,
101044105,New Holding,BOSTON OMAHA CORP,,,400.0,25000.0,,
44852D108,New Holding,HUYA INC,,,5234.0,280346.0,,
90238J103,Sold Out,TYME TECHNOLOGIES INC,165.0,150000.0,,,,
032095101,New Holding,AMPHENOL CORP NEW,,,13202.0,137792.0,,
393222104,New Holding,GREEN PLAINS INC,,,1062.0,103919.0,,
169656105,New Holding,CHIPOTLE MEXICAN GRILL INC,,,21457.0,20389.0,,
H1467J104,New Holding,CHUBB LIMITED,,,22612.0,178579.0,,
25258L117,Sold Out,DIAMOND EAGLE ACQUISITION CO,953.0,333333.0,,,,
70450Y103,Not New,PAYPAL HLDGS INC,39531.0,226891.0,5740.0,59953.0,-33791.0,-166938.0
035128206,Not New,ANGLOGOLD ASHANTI LIMITED,10985.0,372501.0,1670.0,100410.0,-9315.0,-272091.0
035710409,Sold Out,ANNALY CAPITAL MANAGEMENT IN,13943.0,2750000.0,,,,
559080106,Not New,MAGELLAN MIDSTREAM PRTNRS LP,8461.0,196000.0,23071.0,632250.0,14610.0,436250.0
693718108,New Holding,PACCAR INC,,,6553.0,87548.0,,
595112103,Not New,MICRON TECHNOLOGY INC,772.0,14992.0,1052.0,25000.0,280.0,10008.0
595112103,Not New,MICRON TECHNOLOGY INC,772.0,14992.0,1682.0,40000.0,910.0,25008.0
398905109,New Holding,GROUP 1 AUTOMOTIVE INC,,,1649.0,25000.0,,
171871502,Sold Out,CINCINNATI BELL INC NEW,2260.0,154400.0,,,,
34962V114,New Holding,FORTRESS VALUE ACQUISITION C,,,470.0,333333.0,,
46625H100,Sold Out,JPMORGAN CHASE & CO,75625.0,840000.0,,,,
42589C104,Not New,HENNESSY CAP ACQUSTION CORP,4300.0,400000.0,4044.0,400000.0,-256.0,0.0
432748101,New Holding,HILLTOP HOLDINGS INC,,,923.0,50000.0,,
53804F111,New Holding,LIVE OAK ACQUISITION CORP,,,150.0,200000.0,,
87615L107,Not New,TARGET HOSPITALITY CORP,1589.0,940000.0,1920.0,965000.0,331.0,25000.0
87615L107,Not New,TARGET HOSPITALITY CORP,1589.0,940000.0,627.0,693132.0,-962.0,-246868.0
G9087Q102,New Holding,TRONOX HOLDINGS PLC,,,3376.0,467635.0,,
31428X106,New Holding,FEDEX CORP,,,3506.0,25000.0,,
88160R101,New Holding,TESLA INC,,,5218.0,4832.0,,
524901105,Sold Out,LEGG MASON INC,9770.0,200000.0,,,,
05337M104,New Holding,AVADEL PHARMACEUTICALS PLC,,,808.0,100000.0,,
00738A106,New Holding,ADTRAN INC,,,2186.0,200000.0,,
546347105,New Holding,LOUISIANA PAC CORP,,,3119.0,121585.0,,
743315103,Sold Out,PROGRESSIVE CORP OHIO,9968.0,135000.0,,,,
031100100,New Holding,AMETEK INC,,,4655.0,52091.0,,
G7496G103,New Holding,RENAISSANCERE HOLDINGS LTD,,,34906.0,204090.0,,
136375102,New Holding,CANADIAN NATL RY CO,,,3905.0,44090.0,,
47215P106,Not New,JD.COM INC,85532.0,1421266.0,50891.0,1256560.0,-34641.0,-164706.0
501242101,New Holding,KULICKE & SOFFA INDS INC,,,5208.0,250000.0,,
38046YAB7,Not New,GOLAR LNG LTD,14711.0,19880000.0,8746.0,13600000.0,-5965.0,-6280000.0
68373J104,New Holding,OPEN LENDING CORP,,,43790.0,2900000.0,,
701094104,Not New,PARKER HANNIFIN CORP,6549.0,35735.0,6487.0,50000.0,-62.0,14265.0
878237106,Sold Out,TECH DATA CORP,8505.0,65000.0,,,,
617446448,Sold Out,MORGAN STANLEY,31110.0,915000.0,,,,
G5494J103,New Holding,LINDE PLC,,,5347.0,25207.0,,
18453H106,Sold Out,CLEAR CHANNEL OUTDOOR HLDGS,1157.0,1808299.0,,,,
981811102,New Holding,WORTHINGTON INDS INC,,,2718.0,72875.0,,
