CUSIP,status,NAME OF ISSUER,(x$1000)_old,PRN AMT_old,(x$1000),PRN AMT,(x$1000)_change,PRN AMT_change
651290108,Not New,NEWFIELD EXPLORATION CO,4560.0,123000.0,590.0,13366.0,-3970.0,-109634.0
82481R106,Not New,Shire PLC,11735.0,45300.0,1177.0,5000.0,-10558.0,-40300.0
05965X109,Sold Out,Banco Santander Chile,5151.0,194750.0,,,,
387328107,Not New,GRANITE CONSTRUCTION INC,1508.0,47400.0,2281.0,63413.0,773.0,16013.0
217204106,New Holding,COPART INC,,,7829.0,250000.0,,
12514G108,New Holding,CDW Corp/DE,,,3105.0,100000.0,,
27033X101,Sold Out,EarthLink Inc,1860.0,500000.0,,,,
031162100,Sold Out,AMGEN INC,408.0,3450.0,,,,
228227104,Not New,CROWN CASTLE INTL CORP,1969.0,24446.0,1502.0,20235.0,-467.0,-4211.0
428291108,Not New,HEXCEL CORP,873.0,22000.0,286.0,7000.0,-587.0,-15000.0
774415103,New Holding,ROCKWOOD HOLDINGS INC,,,7645.0,100000.0,,
774415103,New Holding,ROCKWOOD HOLDINGS INC,,,3823.0,50000.0,,
485865109,New Holding,Kate Spade Co,,,5246.0,200000.0,,
880779103,Not New,TEREX CORP,6354.0,200000.0,5137.0,125000.0,-1217.0,-75000.0
92823T108,Sold Out,VIRNETX HOLDING CORP,880.0,50000.0,,,,
G2519Y108,Not New,CREDICORP LTD,2815.0,18350.0,6910.0,44450.0,4095.0,26100.0
81663A105,Not New,SemGroup Corp,9410.0,113000.0,8910.0,113000.0,-500.0,0.0
125269100,Not New,CF INDUSTRIES HOLDINGS INC,2359.0,8450.0,4451.0,18507.0,2092.0,10057.0
887228104,Sold Out,Time Inc,3027.0,125000.0,,,,
432589109,Sold Out,Hillshire Brands Co,7787.0,125000.0,,,,
92240M108,Sold Out,VECTOR GROUP LTD,982.0,47506.0,,,,
66704R704,New Holding,NORTHSTAR REALTY FINANCE COR,,,70945.0,4014970.0,,
50540R409,Sold Out,LABORATORY CRP OF AMER HLDGS,402.0,3935.0,,,,
205363104,Not New,COMPUTER SCIENCES CORP,1773.0,29000.0,416.0,6597.0,-1357.0,-22403.0
G00349103,Not New,Abengoa Yield plc,2887.0,81154.0,1703.0,45000.0,-1184.0,-36154.0
36191G107,Sold Out,GNC HOLDINGS INC,1023.0,30000.0,,,,
34988V106,Sold Out,Fossil Group Inc,364.0,3483.0,,,,
03027X100,Sold Out,AMERICAN TOWER CORP-CL A,26994.0,300000.0,,,,
13645T100,Not New,CANADIAN PACIFIC RAILWAY LTD,1918.0,9247.0,588.0,3250.0,-1330.0,-5997.0
01973R101,Not New,Allison Transmission Holdings.,2849.0,100000.0,9330.0,300000.0,6481.0,200000.0
41146A106,New Holding,Harbinger Group Inc,,,2138.0,162971.0,,
559222401,Sold Out,MAGNA INTERNATIONAL INC-CL A,10775.0,100000.0,,,,
126650100,Sold Out,CVS CORP,400.0,5316.0,,,,
53071M880,Not New,Liberty Ventures,6453.0,170000.0,12546.0,170000.0,6093.0,0.0
53071M104,Not New,LIBERTY MEDIA-INTERACTIVE A,1170.0,41012.0,2477.0,84394.0,1307.0,43382.0
00817Y108,Sold Out,AETNA INC,432.0,5326.0,,,,
760276105,New Holding,REPUBLIC AIRWAYS HOLDINGS IN,,,931.0,83817.0,,
579489105,Sold Out,MCCLATCHY CO-CLASS A,2453.0,441987.0,,,,
30231G102,Not New,EXXON MOBIL CORP,14108.0,150000.0,1559.0,15489.0,-12549.0,-134511.0
30231G102,Not New,EXXON MOBIL CORP,14108.0,150000.0,20136.0,200000.0,6028.0,50000.0
66704R100,Sold Out,NORTHSTAR REALTY FINANCE COR,50133.0,2884545.0,,,,
03076C106,Not New,AMERIPRISE FINANCIAL INC,8637.0,70000.0,11227.0,93563.0,2590.0,23563.0
690768403,New Holding,OWENS-ILLINOIS INC,,,2605.0,100000.0,,
81369Y308,Not New,CNSMR STAPES SLCT SCTR SPDR FD,11503.0,255000.0,22310.0,500000.0,10807.0,245000.0
81369Y308,Not New,CNSMR STAPES SLCT SCTR SPDR FD,11503.0,255000.0,19498.0,437000.0,7995.0,182000.0
494368103,New Holding,KIMBERLY-CLARK CORP,,,10757.0,100000.0,,
G29183103,Not New,EATON CORP,1972.0,31119.0,1150.0,14904.0,-822.0,-16215.0
16411R208,Not New,CHENIERE ENERGY INC,1277.0,15951.0,1214.0,16932.0,-63.0,981.0
666807102,Sold Out,NORTHROP GRUMMAN CORP,390.0,3261.0,,,,
172967424,Not New,CITIGROUP INC,38865.0,750000.0,70650.0,1500000.0,31785.0,750000.0
172967424,Not New,CITIGROUP INC,38865.0,750000.0,988.0,20986.0,-37877.0,-729014.0
172967424,Not New,CITIGROUP INC,1218.0,23497.0,70650.0,1500000.0,69432.0,1476503.0
172967424,Not New,CITIGROUP INC,1218.0,23497.0,988.0,20986.0,-230.0,-2511.0
256746108,Sold Out,DOLLAR TREE STORES INC,414.0,7606.0,,,,
718172109,Sold Out,PHILIP MORRIS INTERNAT,438.0,5202.0,,,,
92210H105,Sold Out,Vantiv Inc,10254.0,305000.0,,,,
G0083B108,Not New,Actavis plc,6909.0,28636.0,10561.0,47348.0,3652.0,18712.0
046353108,Not New,ASTRAZENECA PLC-SPONS ADR,2143.0,30000.0,2972.0,40000.0,829.0,10000.0
Y7542C106,Sold Out,Scorpio Tankers Inc,1096.0,107782.0,,,,
30212P303,Sold Out,EXPEDIA INC,4292.0,54500.0,,,,
16117M305,Not New,CHARTER COMMUNICATIONS-CL A,1159.0,7656.0,1152.0,7276.0,-7.0,-380.0
09072Q114,Not New,BioAmber Inc,625.0,255000.0,652.0,255000.0,27.0,0.0
02209S103,Sold Out,ALTRIA GROUP INC,4613.0,110000.0,,,,
M9068E105,Not New,SODASTREAM INTER,885.0,30000.0,1536.0,45728.0,651.0,15728.0
92343E102,Sold Out,VERISIGN INC,384.0,7882.0,,,,
53219L109,Not New,LIFEPOINT HOSPITALS INC,3805.0,55000.0,4347.0,70000.0,542.0,15000.0
512815101,Not New,LAMAR ADVERTISING CO-CL A,1143.0,23211.0,1066.0,20121.0,-77.0,-3090.0
261608103,Not New,DRESSER-RAND GROUP INC,7403.0,90000.0,2867.0,45000.0,-4536.0,-45000.0
30161N101,Sold Out,EXELON CORP.,2042.0,55991.0,,,,
81369Y704,Not New,INDUSTRIAL SELECT SECT SPDR,6284.0,118228.0,45951.0,850000.0,39667.0,731772.0
81369Y704,Not New,INDUSTRIAL SELECT SECT SPDR,6284.0,118228.0,21636.0,400228.0,15352.0,282000.0
580645109,Sold Out,McGraw Hill Financial Inc,8303.0,100000.0,,,,
868157108,Sold Out,SUPERIOR ENERGY SERVICES INC,1626.0,45000.0,,,,
544147101,Sold Out,LORILLARD INC,2133.0,35000.0,,,,
544147101,Sold Out,LORILLARD INC,60.0,1000.0,,,,
27890G100,New Holding,Eclipse Resources Corp,,,2350.0,141400.0,,
776696106,Not New,ROPER INDUSTRIES INC,2531.0,17300.0,1095.0,7500.0,-1436.0,-9800.0
518439104,Sold Out,ESTEE LAUDER COMPANIES-CL A,3044.0,41000.0,,,,
531229102,Sold Out,Liberty Media Corp,2199.0,16091.0,,,,
005125109,Sold Out,ACXIOM CORP,3254.0,150000.0,,,,
98986T108,Sold Out,Zynga Inc,1386.0,432000.0,,,,
055622104,New Holding,BP PLC,,,8790.0,200000.0,,
055622104,New Holding,BP PLC,,,8790.0,200000.0,,
G7945E105,New Holding,SEADRILL LTD,,,2689.0,100500.0,,
84265V105,Sold Out,SOUTHERN COPPER CORP ..,1670.0,55000.0,,,,
037833100,Not New,APPLE INC.,23871.0,236931.0,105640.0,1136774.0,81769.0,899843.0
78442P106,Not New,SLM CORP,556.0,65000.0,674.0,81155.0,118.0,16155.0
86722A103,Not New,SunCoke Energy Inc,2245.0,100000.0,14293.0,664819.0,12048.0,564819.0
86722A103,Not New,SunCoke Energy Inc,2245.0,100000.0,4300.0,200000.0,2055.0,100000.0
86722A103,Not New,SunCoke Energy Inc,9541.0,425000.0,14293.0,664819.0,4752.0,239819.0
86722A103,Not New,SunCoke Energy Inc,9541.0,425000.0,4300.0,200000.0,-5241.0,-225000.0
902494103,Not New,Tyson Foods Inc,2362.0,60000.0,5992.0,159625.0,3630.0,99625.0
902494103,Not New,Tyson Foods Inc,2362.0,60000.0,3754.0,100000.0,1392.0,40000.0
512807108,Not New,LAM RESEARCH CORP,3735.0,50000.0,3379.0,50000.0,-356.0,0.0
260543103,Sold Out,DOW CHEMICAL,456.0,8880.0,,,,
09062X103,Sold Out,BIOGEN IDEC INC.,10247.0,32500.0,,,,
47102X105,Sold Out,JANUS CAPITAL GROUP INC,2059.0,165000.0,,,,
756577102,Sold Out,RED HAT INC,2763.0,50000.0,,,,
31620R402,New Holding,FNFV Group,,,1376.0,100000.0,,
68554V108,Sold Out,ORASURE TECHNOLOGIES INC,861.0,100000.0,,,,
405217100,Not New,HAIN CELESTIAL GROUP INC,1433.0,14000.0,3904.0,44000.0,2471.0,30000.0
91911K102,Not New,VALEANT PHARMACEUTICALS INTE,4007.0,30544.0,16070.0,127422.0,12063.0,96878.0
464287184,Not New,FTSE China 25 Index,61248.0,1600000.0,21853.0,590000.0,-39395.0,-1010000.0
464287184,Not New,FTSE China 25 Index,61248.0,1600000.0,5815.0,157000.0,-55433.0,-1443000.0
464287184,Not New,FTSE China 25 Index,11484.0,300000.0,21853.0,590000.0,10369.0,290000.0
464287184,Not New,FTSE China 25 Index,11484.0,300000.0,5815.0,157000.0,-5669.0,-143000.0
464287184,Not New,FTSE China 25 Index,184356.0,4816000.0,21853.0,590000.0,-162503.0,-4226000.0
464287184,Not New,FTSE China 25 Index,184356.0,4816000.0,5815.0,157000.0,-178541.0,-4659000.0
05334D107,Not New,AUXILIUM PHARMACEUTICALS INC,2985.0,100000.0,3009.0,150000.0,24.0,50000.0
G60754101,Not New,Michael Kors Holdings Ltd,42227.0,591500.0,8865.0,100000.0,-33362.0,-491500.0
G60754101,Not New,Michael Kors Holdings Ltd,10709.0,150000.0,8865.0,100000.0,-1844.0,-50000.0
05329W102,Not New,AUTONATION INC,700.0,13918.0,520.0,8718.0,-180.0,-5200.0
471109108,Not New,JARDEN CORP,6913.0,115000.0,7122.0,120000.0,209.0,5000.0
44107P104,Sold Out,HOST HOTELS & RESORTS INC,479.0,21798.0,,,,
45817G102,Sold Out,INTELLI-CHECK-MOBILISA INC,146.0,200000.0,,,,
79970Y105,Sold Out,SANCHEZ ENERGY CORP,3759.0,100000.0,,,,
530715AG6,New Holding,LIBERTY MEDIA CORP,,,9735.0,15000000.0,,
67066G104,Sold Out,NVIDIA CORP,408.0,22051.0,,,,
02917T104,Not New,American Realty Capital Proper,1088.0,90226.0,1006.0,80321.0,-82.0,-9905.0
554489104,Sold Out,MACK-CALI REALTY CORP,4296.0,200000.0,,,,
36729W202,New Holding,GASTAR EXPLORATION LTD,,,905.0,154203.0,,
90346E103,New Holding,US Silica Holdings Inc,,,7045.0,112700.0,,
836034108,New Holding,SOUFUN HOLDINGS LTD-ADR,,,13433.0,1350000.0,,
55616P104,Not New,MACY'S INC.,4164.0,71565.0,3540.0,61023.0,-624.0,-10542.0
594918104,Not New,MICROSOFT CORP,7573.0,163351.0,1497.0,35922.0,-6076.0,-127429.0
037411105,New Holding,APACHE CORP,,,2347.0,25000.0,,
H89128104,Sold Out,TYCO INTERNATIONAL LTD,13680.0,300000.0,,,,
959319104,Not New,WESTERN REFINING INC,11547.0,275000.0,11265.0,300000.0,-282.0,25000.0
Y1771G102,New Holding,COSTAMARE INC,,,5490.0,250000.0,,
881609101,Not New,TESORO CORP,713.0,11700.0,6165.0,105095.0,5452.0,93395.0
976657106,Sold Out,WISCONSIN ENERGY CORP,445.0,9492.0,,,,
902681105,Sold Out,UGI CORP,2100.0,41601.0,,,,
307000109,Not New,FAMILY DOLLAR STORES,6521.0,84425.0,524.0,7928.0,-5997.0,-76497.0
73755L107,New Holding,POTASH CORP OF SASKATCHEWAN,,,3525.0,102000.0,,
966244105,Not New,WhiteWave Foods Co/The,29219.0,804269.0,36636.0,1131800.0,7417.0,327531.0
772739207,Sold Out,ROCK-TENN COMPANY -CL A,9046.0,85678.0,,,,
21036P108,Not New,CONSTELLATION BRANDS INC-A,14589.0,167381.0,8152.0,92510.0,-6437.0,-74871.0
7591EP100,Not New,REGIONS FINANCIAL CORP,5020.0,500000.0,25488.0,2400000.0,20468.0,1900000.0
G491BT108,Sold Out,INVESCO PLC-SPONSORED ADR,462.0,12252.0,,,,
388689101,Not New,Graphic Packaging Holding Co,4940.0,397386.0,1170.0,100000.0,-3770.0,-297386.0
92553P201,Sold Out,VIACOM INC-CLASS B,408.0,4710.0,,,,
56585A102,Sold Out,Marathon Petroleum Corp,359.0,4601.0,,,,
816851109,Sold Out,SEMPRA ENERGY,458.0,4378.0,,,,
G5480U104,New Holding,LIBERTY GLOBAL INC-A,,,3105.0,73000.0,,
71714G102,New Holding,PharmAthene Inc,,,89.0,50000.0,,
G9456A100,New Holding,GOLAR LNG LTD,,,3098.0,46656.0,,
49456B119,Sold Out,KINDER MORGAN INC,1390.0,500000.0,,,,
855030102,Sold Out,STAPLES INC,2303.0,212500.0,,,,
345370860,Sold Out,FORD MOTOR CO,465.0,27030.0,,,,
824348106,Sold Out,SHERWIN-WILLIAMS CO/THE,206.0,1000.0,,,,
G4388N106,New Holding,HELEN OF TROY LTD,,,6565.0,125000.0,,
247361702,Not New,DELTA AIR LINES INC,1087.0,30068.0,13631.0,352044.0,12544.0,321976.0
72348P104,Not New,Pinnacle Foods Inc,8979.0,275000.0,515.0,15660.0,-8464.0,-259340.0
90130A101,Not New,Twenty-First Century Fox Inc,14010.0,408585.0,11635.0,331028.0,-2375.0,-77557.0
92939D104,New Holding,WL Ross Holding Corp,,,14835.0,1500000.0,,
08579W103,Not New,Berry Plastics Group Inc,5847.0,231668.0,6246.0,242100.0,399.0,10432.0
G47791101,Not New,INGERSOLL-RAND CO LTD-CL A,2395.0,42500.0,1559.0,24950.0,-836.0,-17550.0
G47791101,Not New,INGERSOLL-RAND CO LTD-CL A,1432.0,25413.0,1559.0,24950.0,127.0,-463.0
69351T106,New Holding,PPL CORPORATION,,,14778.0,450000.0,,
G7665A101,New Holding,ROWAN COMPANIES INC,,,7593.0,300000.0,,
03748R101,Sold Out,APARTMENT INVT MGMT CO -A,464.0,14368.0,,,,
37733W105,New Holding,GLAXOSMITHKLINE PLC,,,13791.0,300000.0,,
88104P104,New Holding,Terrapin 3 Acquisition Corp,,,6811.0,700000.0,,
88104P112,New Holding,Terrapin 3 Acquisition Corp,,,224.0,700000.0,,
L7257P106,Sold Out,Pacific Drilling SA,476.0,47619.0,,,,
443510201,Not New,HUBBELL INC -B,7799.0,64710.0,1231.0,10000.0,-6568.0,-54710.0
464287655,Not New,RUSSELL 2000 INDEX,98415.0,900000.0,59405.0,500000.0,-39010.0,-400000.0
464287655,Not New,RUSSELL 2000 INDEX,98415.0,900000.0,122968.0,1035000.0,24553.0,135000.0
464287655,Not New,RUSSELL 2000 INDEX,54675.0,500000.0,59405.0,500000.0,4730.0,0.0
464287655,Not New,RUSSELL 2000 INDEX,54675.0,500000.0,122968.0,1035000.0,68293.0,535000.0
74733T105,Not New,QLIK TECHNOLOGIES INC,6084.0,225000.0,4524.0,200000.0,-1560.0,-25000.0
Y62159101,Not New,Navios Maritime Acq Corp,2098.0,774024.0,2590.0,698269.0,492.0,-75755.0
203668108,Not New,COMMUNITY HEALTH SYSTEMS INC,9040.0,165000.0,7939.0,175000.0,-1101.0,10000.0
89151E109,New Holding,TOTAL SA,,,19335.0,300000.0,,
74835Y101,Sold Out,Questcor Pharmaceuticals Inc,5086.0,55000.0,,,,
263534109,Not New,DU PONT (E.I.) DE NEMOURS,215.0,3000.0,556.0,8500.0,341.0,5500.0
23703Q203,Not New,DAQO NEW ENERGY CORP-ADR,2577.0,60200.0,2130.0,66629.0,-447.0,6429.0
74734M109,Not New,QIHOO 360 TECHNO,21928.0,325000.0,26640.0,289450.0,4712.0,-35550.0
009158106,Not New,AIR PRODUCTS CHEMICALS INC,1908.0,14654.0,526.0,4089.0,-1382.0,-10565.0
73179P106,Not New,POLYONE CORPORATION,1452.0,40815.0,716.0,17000.0,-736.0,-23815.0
00206R102,Sold Out,ATT INC,834.0,23593.0,,,,
531465102,New Holding,Liberty TripAdvisor Holdings I,,,9153.0,270000.0,,
460254105,New Holding,INTL RECTIFIER CORP,,,11772.0,300000.0,,
81369Y506,Not New,AMEX ENERGY SELECT INDX,706.0,7786.0,21500.0,214786.0,20794.0,207000.0
37045V100,Not New,GENERAL MOTORS CORP,1108.0,34682.0,1055.0,29086.0,-53.0,-5596.0
10157P104,New Holding,Boulevard Acquisition Corp,,,9700.0,1000000.0,,
N00985106,Not New,AerCap Holdings NV,44987.0,1099931.0,20072.0,438255.0,-24915.0,-661676.0
06742E711,Sold Out,CBOE SPX VOLATILITY INDX,1215.0,42500.0,,,,
539830109,Sold Out,LOCKHEED MARTIN CORP,434.0,2704.0,,,,
94973V107,New Holding,WELLPOINT HEALTH NETWORK,,,14881.0,124400.0,,
224399105,New Holding,CRANE CO,,,487.0,7700.0,,
716768106,New Holding,PETSMART INC,,,754.0,10760.0,,
G30401106,Sold Out,ENDO PHARMACEUT HLDGS INC,1073.0,15334.0,,,,
48138L107,Not New,Jumei International Holding Lt,2487.0,105900.0,773.0,28450.0,-1714.0,-77450.0
023139884,New Holding,Ambac Financial Group Inc,,,1416.0,64065.0,,
48238T109,Not New,KAR AUCTION SERVICES INC,2863.0,100000.0,13544.0,425000.0,10681.0,325000.0
009363102,Not New,AIRGAS INC,792.0,7155.0,381.0,3500.0,-411.0,-3655.0
887389104,Sold Out,TIMKEN CO,6784.0,100000.0,,,,
670704105,New Holding,NUVASIVE INC,,,4533.0,130000.0,,
48562P103,New Holding,KAPSTONE PAPER A,,,5594.0,200000.0,,
48562P103,New Holding,KAPSTONE PAPER A,,,2517.0,90000.0,,
92939D112,New Holding,WL Ross Holding Corp,,,1394.0,1700000.0,,
747525103,Not New,QUALCOMM INC,3739.0,50000.0,435.0,5502.0,-3304.0,-44498.0
38388F108,Not New,WR GRACE & CO,2007.0,22065.0,1134.0,12000.0,-873.0,-10065.0
64828T102,Sold Out,New Residential Investment Cor,9450.0,1500000.0,,,,
29082A107,Not New,Embraer SA,6307.0,160815.0,5253.0,144200.0,-1054.0,-16615.0
H27013103,Sold Out,WEATHERFORD INTL,2760.0,120000.0,,,,
20441A102,New Holding,CIA SANEAMENTO BASICO DE-ADR,,,1401.0,172772.0,,
87509U106,New Holding,Taminco Acquisition Corp,,,1104.0,42282.0,,
609207105,Sold Out,Mondelez International Inc.,431.0,11471.0,,,,
464286822,Sold Out,I SHARES MSCI MEXICO INVESTABLE MARKET I,5424.0,80000.0,,,,
620076307,Sold Out,MOTOROLA SOLUTIO,411.0,6185.0,,,,
278642103,Not New,EBAY INC,1216.0,21471.0,6195.0,123763.0,4979.0,102292.0
91531F103,Sold Out,Unwired Planet Inc,557.0,250000.0,,,,
92849E101,Not New,VITAMIN SHOPPE INC,3107.0,70000.0,2151.0,50000.0,-956.0,-20000.0
17275R102,Sold Out,CISCO SYSTEMS INC,5867.0,236121.0,,,,
30303M102,Not New,Facebook Inc,53834.0,681092.0,63374.0,941812.0,9540.0,260720.0
060505104,Not New,BANK OF AMERICA CORP,1266.0,74257.0,1013.0,65932.0,-253.0,-8325.0
31620R303,New Holding,FIDELITY NATIONAL FINL-A,,,9709.0,350000.0,,
58605Q109,Not New,Memorial Resource Development,7375.0,272024.0,7308.0,300000.0,-67.0,27976.0
86732Y109,Not New,SunEdison Inc,7124.0,377334.0,11922.0,527549.0,4798.0,150215.0
57060U233,Sold Out,SEMICONDUCTOR TRUST,14847.0,300000.0,,,,
966387102,Not New,WHITING PETROLEUM CORP,29642.0,382236.0,1101.0,13727.0,-28541.0,-368509.0
87265H109,Not New,TRI Pointe Homes LLC,10352.0,800000.0,5109.0,325000.0,-5243.0,-475000.0
87265H109,Not New,TRI Pointe Homes LLC,10352.0,800000.0,1572.0,100000.0,-8780.0,-700000.0
14056V204,Sold Out,Capitol Acquisition Corp II,9221.0,882000.0,,,,
03762U105,Sold Out,APOLLO COMMERCIAL REAL ESTAT,725.0,43958.0,,,,
575385109,Sold Out,Masonite International Corp,2450.0,43551.0,,,,
116794108,Sold Out,BRUKER BIOSCIENCES CORP,4611.0,190000.0,,,,
690742101,New Holding,OWENS CORNING INC,,,2261.0,71220.0,,
278865100,Not New,ECOLAB INC,1114.0,9700.0,528.0,4750.0,-586.0,-4950.0
00287Y109,Not New,AbbVie Inc,4621.0,80000.0,10441.0,185000.0,5820.0,105000.0
29413U103,New Holding,Envision Healthcare Holdings I,,,24519.0,707000.0,,
25278X109,New Holding,Diamondback Energy Inc,,,19703.0,263485.0,,
12561W105,New Holding,CLECO CORPORATION,,,9211.0,191300.0,,
867914103,Sold Out,SUNTRUST BANKS INC,433.0,10820.0,,,,
81369Y100,Not New,BASIC INDUSTRIES SPDR,3942.0,79482.0,7023.0,141482.0,3081.0,62000.0
148887102,Sold Out,CATAMARAN CORP,6624.0,150000.0,,,,
436106108,New Holding,HollyFrontier Corp,,,13104.0,300000.0,,
74966G101,New Holding,ROI Acquisition Corp,,,5418.0,550000.0,,
74966G101,New Holding,ROI Acquisition Corp,,,160.0,550000.0,,
45817G201,New Holding,INTELLI-CHECK-MOBILISA INC,,,98.0,25000.0,,
67020Y100,Not New,NUANCE COMMUNICATIONS INC,15415.0,1000000.0,11262.0,600000.0,-4153.0,-400000.0
62936P103,Sold Out,NPS PHARMACEUTICALS INC,991.0,30000.0,,,,
62936P103,Sold Out,NPS PHARMACEUTICALS INC,826.0,25000.0,,,,
302491303,New Holding,FMC CORP,,,8458.0,147900.0,,
654106103,Not New,NIKE INC -CL B,32558.0,365000.0,7755.0,100000.0,-24803.0,-265000.0
654106103,Not New,NIKE INC -CL B,32558.0,365000.0,17448.0,225000.0,-15110.0,-140000.0
125581801,Not New,CIT GROUP INC,9192.0,200000.0,32032.0,700000.0,22840.0,500000.0
125581801,Not New,CIT GROUP INC,9192.0,200000.0,15302.0,334400.0,6110.0,134400.0
573284106,New Holding,MARTIN MARIETTA MATERIALS,,,751.0,5823.0,,
05367G100,Not New,Avianca Holdings SA,2829.0,206163.0,4373.0,272500.0,1544.0,66337.0
636220303,Not New,National General Holdings Corp,4223.0,250000.0,4350.0,250000.0,127.0,0.0
M20598104,Not New,Caesar Stone Sdot Yam Ltd,10336.0,200000.0,8589.0,175000.0,-1747.0,-25000.0
001547108,New Holding,AK STEEL HOLDING CORP,,,8811.0,1100000.0,,
25470M109,Not New,DISH NETWORK CORP-A,1186.0,18363.0,1103.0,16955.0,-83.0,-1408.0
97717P104,Sold Out,WisdomTree Investments Inc,2472.0,200000.0,,,,
29355X107,Not New,ENPRO INDUSTRIES INC,16181.0,267329.0,14978.0,204734.0,-1203.0,-62595.0
345838106,Sold Out,FOREST LABORATORIES INC,1565.0,15810.0,,,,
364760108,Sold Out,GAP INC/THE,436.0,10494.0,,,,
611740101,Not New,MONSTER BEVERAGE CORP,917.0,10000.0,2841.0,40000.0,1924.0,30000.0
04247X102,New Holding,ARMSTRONG WORLD INDUSTRIES,,,12600.0,225000.0,,
98956P102,New Holding,ZIMMER HOLDINGS INC,,,15585.0,155000.0,,
167250109,Sold Out,CHICAGO BRIDGE IRON-NY SHR,1705.0,25000.0,,,,
904311107,Sold Out,UNDER ARMOUR INC-CLASS A,2052.0,34500.0,,,,
14056V105,New Holding,Capitol Acquisition Corp II,,,8652.0,882000.0,,
14056V105,New Holding,Capitol Acquisition Corp II,,,141.0,441000.0,,
718546104,Sold Out,Phillips 66,2160.0,26859.0,,,,
60871R209,New Holding,MOLSON COORS BREWING CO -B,,,2792.0,37500.0,,
826917106,New Holding,SIGA Technologies Inc,,,87.0,60000.0,,
45068B109,Sold Out,ITT EDUCATIONAL SERVICES INC,1073.0,64331.0,,,,
25179M103,Sold Out,DEVON ENERGY CORPORATION.,4764.0,60000.0,,,,
761713106,Not New,REYNOLDS AMERICAN INC,2360.0,40000.0,3560.0,59000.0,1200.0,19000.0
761713106,Not New,REYNOLDS AMERICAN INC,2360.0,40000.0,6336.0,105000.0,3976.0,65000.0
896945201,Not New,TripAdvisor Inc,7771.0,85000.0,19015.0,175000.0,11244.0,90000.0
911363109,Sold Out,UNITED RENTALS INC,1119.0,10685.0,,,,
33829M101,Sold Out,Five Below Inc,1277.0,32000.0,,,,
G9108L108,Not New,TSAKOS ENERGY NA,925.0,144962.0,469.0,70224.0,-456.0,-74738.0
827694100,Not New,GLOBAL EAGLE ACQUISITION CORP,12425.0,1250000.0,12200.0,1250000.0,-225.0,0.0
425886116,New Holding,Hennessy Capital Acquisition C,,,300.0,400000.0,,
G7945M107,Sold Out,SEAGATE TECHNOLOGY,854.0,15033.0,,,,
N53745100,Not New,LYONDELLBASELL INDU-CL A,6691.0,61581.0,4932.0,50510.0,-1759.0,-11071.0
053611109,Sold Out,AVERY DENNISON CORP,400.0,7822.0,,,,
489170100,New Holding,KENNAMETAL INC,,,708.0,17130.0,,
151020104,New Holding,CELGENE CORP,,,5213.0,55000.0,,
929089100,Sold Out,VOYA FINL INC,26346.0,725000.0,,,,
70338P100,Sold Out,Pattern Energy Group Inc,9513.0,287320.0,,,,
625453105,New Holding,MULTIMEDIA GAMES INC,,,900.0,25000.0,,
780259206,New Holding,ROYAL DUTCH SHELL PLC-A SHS,,,7613.0,100000.0,,
535782106,Not New,Linn Co LLC,7179.0,247968.0,9830.0,314160.0,2651.0,66192.0
253868103,Not New,DIGITAL REALTY TRUST INC,34309.0,550000.0,27702.0,475000.0,-6607.0,-75000.0
43300A104,Sold Out,Hilton Worldwide Holdings Inc,31455.0,1350000.0,,,,
62886E108,Not New,NCR CORPORATION,11694.0,350000.0,3509.0,100000.0,-8185.0,-250000.0
62886E108,Not New,NCR CORPORATION,11694.0,350000.0,6060.0,172710.0,-5634.0,-177290.0
62886E108,Not New,NCR CORPORATION,2506.0,75000.0,3509.0,100000.0,1003.0,25000.0
62886E108,Not New,NCR CORPORATION,2506.0,75000.0,6060.0,172710.0,3554.0,97710.0
762760106,New Holding,Rice Energy Inc,,,2660.0,100000.0,,
42805T105,Not New,HERTZ GLOBAL HOLDINGS INC,1014.0,39930.0,1143.0,40810.0,129.0,880.0
52748T112,Not New,Levy Acquisition Corp,72.0,206762.0,95.0,206762.0,23.0,0.0
48666K109,Sold Out,KB HOME,4922.0,263525.0,,,,
931422109,Not New,WALGREEN,1165.0,19650.0,4026.0,54320.0,2861.0,34670.0
74834L100,Sold Out,QUEST DIAGNOSTICS,848.0,14460.0,,,,
552848103,Not New,MGIC INVESTMENT CORP,42955.0,5500000.0,12474.0,1350000.0,-30481.0,-4150000.0
425886108,New Holding,Hennessy Capital Acquisition C,,,3920.0,400000.0,,
09739D100,Sold Out,Boise Cascade LLC,2864.0,100000.0,,,,
827694118,Not New,Global Eagle Acquisition Corp,563.0,1250000.0,812.0,1250000.0,249.0,0.0
425886207,Sold Out,Hennessy Capital Acquisition C,4032.0,400000.0,,,,
477143101,Not New,JETBLUE AIRWAYS CORP,1062.0,100000.0,3255.0,300000.0,2193.0,200000.0
47759T100,New Holding,JINKOSOLAR HOLDING CO-ADR,,,12371.0,450000.0,,
90384S303,Sold Out,ULTA SALON COSMETICS FRAGR,1645.0,18000.0,,,,
90384S303,Sold Out,ULTA SALON COSMETICS FRAGR,1005.0,11000.0,,,,
124857202,Not New,CBS CORP-CLASS B,41853.0,782294.0,33703.0,542376.0,-8150.0,-239918.0
78440P108,New Holding,SK TELECOM,,,6220.0,205000.0,,
12572Q105,Not New,CHICAGO MERCANTILE EXCHANG-A,8395.0,105000.0,7449.0,105000.0,-946.0,0.0
910047109,Sold Out,UNITED CONTINENT,11294.0,275000.0,,,,
742718109,Sold Out,PROCTER & GAMBLE CO,51083.0,650000.0,,,,
88706M103,New Holding,TIM HORTONS INC,,,7881.0,100000.0,,
369604103,Not New,GENERAL ELECTRIC CO,38430.0,1500000.0,2397.0,91240.0,-36033.0,-1408760.0
369604103,Not New,GENERAL ELECTRIC CO,2178.0,85000.0,2397.0,91240.0,219.0,6240.0
867652406,Sold Out,SUNPOWER CORP-CLASS A,5122.0,125000.0,,,,
316773100,Sold Out,FIFTH THIRD BANCORP,370.0,17376.0,,,,
969457100,Not New,WILLIAMS COS INC.,23993.0,433483.0,26194.0,450000.0,2201.0,16517.0
78462F103,Not New,S&P 500 INDEX,68957.0,350000.0,106080.0,542000.0,37123.0,192000.0
78462F103,Not New,S&P 500 INDEX,68957.0,350000.0,102753.0,525000.0,33796.0,175000.0
78462F103,Not New,S&P 500 INDEX,68957.0,350000.0,176148.0,900000.0,107191.0,550000.0
78462F103,Not New,S&P 500 INDEX,88659.0,450000.0,106080.0,542000.0,17421.0,92000.0
78462F103,Not New,S&P 500 INDEX,88659.0,450000.0,102753.0,525000.0,14094.0,75000.0
78462F103,Not New,S&P 500 INDEX,88659.0,450000.0,176148.0,900000.0,87489.0,450000.0
80004C101,Not New,SANDISK CORP,8267.0,84398.0,5181.0,49621.0,-3086.0,-34777.0
464287234,Not New,ISHARES MSCI EMERGING MKT IN,108056.0,2600000.0,35318.0,817000.0,-72738.0,-1783000.0
059460303,Sold Out,BANCO BRADESCO SA-PREF,726.0,50000.0,,,,
58155Q103,New Holding,MCKESSON CORP,,,7787.0,40000.0,,
786514208,Sold Out,SAFEWAY INC,456.0,13294.0,,,,
212015101,New Holding,CONTINENTAL RESOURCES INC,,,6648.0,100000.0,,
92922P106,Sold Out,W&T OFFSHORE INC,1169.0,71428.0,,,,
40416M105,New Holding,HD Supply Holdings Inc,,,8178.0,300000.0,,
59151K108,Not New,METHANEX CORP,16700.0,250000.0,12356.0,200000.0,-4344.0,-50000.0
55826P100,Sold Out,MADISON SQUARE GAR INC-A,2100.0,33640.0,,,,
06652K103,Not New,BANKUNITED INC,1159.0,38000.0,6696.0,200000.0,5537.0,162000.0
19122T109,Not New,COCA-COLA ENTERPRISES,8872.0,200000.0,852.0,17834.0,-8020.0,-182166.0
88732J207,Not New,TIME WARNER CABLE-A,31719.0,221057.0,27444.0,186319.0,-4275.0,-34738.0
292505104,Sold Out,ENCANA CORP,2371.0,100000.0,,,,
257651109,Not New,DONALDSON CO INC,406.0,10000.0,211.0,5000.0,-195.0,-5000.0
00130H105,Sold Out,AES CORP,426.0,27379.0,,,,
526107107,New Holding,LENNOX INTERNATIONAL INC,,,3844.0,50000.0,,
526107107,New Holding,LENNOX INTERNATIONAL INC,,,2306.0,30000.0,,
98310W108,Sold Out,WYNDHAM WORLD WIDE,9465.0,125000.0,,,,
256677105,Not New,DOLLAR GENERAL CORP,9510.0,155617.0,8604.0,150000.0,-906.0,-5617.0
256677105,Not New,DOLLAR GENERAL CORP,9510.0,155617.0,44454.0,775000.0,34944.0,619383.0
Y0207T100,Not New,ARDMORE SHIPPING CORP,7511.0,689044.0,10076.0,728580.0,2565.0,39536.0
66705Y104,New Holding,NorthStar Asset Management Cor,,,11973.0,650000.0,,
15189T107,Sold Out,CENTERPOINT ENERGY INC,5108.0,200000.0,,,,
165167107,Sold Out,CHESAPEAKE ENERGY CORP,6216.0,200000.0,,,,
960413102,Not New,WESTLAKE CHEMICAL CORP,5555.0,64154.0,3497.0,41758.0,-2058.0,-22396.0
83190B101,New Holding,SMART & FINAL STORES INC,,,361.0,25000.0,,
26483E100,Sold Out,DUN & BRADSTREET CORP,433.0,3933.0,,,,
Y2065G121,New Holding,DHT Holdings Inc,,,1410.0,228973.0,,
81369Y803,Not New,TECHNOLOGY SELECT SECT SPDR,26381.0,661000.0,41993.0,1095000.0,15612.0,434000.0
57636Q104,New Holding,MASTERCARD INC-CLASS A,,,12240.0,165586.0,,
81369Y886,Not New,UTLITIES SELECT SECTOR INDEX,1515.0,36000.0,5665.0,128000.0,4150.0,92000.0
00404A109,Not New,Acadia Healthcare Co Inc,3880.0,80000.0,4550.0,100000.0,670.0,20000.0
92857W308,Not New,VODAFONE GROUP,9867.0,300000.0,6678.0,200000.0,-3189.0,-100000.0
460690100,Not New,INTERPUBLIC GROUP OF COS INC,2473.0,135000.0,932.0,47790.0,-1541.0,-87210.0
587118100,Not New,THE MEN'S WEARHOUSE INC,8264.0,175000.0,5022.0,90000.0,-3242.0,-85000.0
502424104,Sold Out,L-3 COMMUNICATIONS HOLDINGS,408.0,3387.0,,,,
891027104,Sold Out,TORCHMARK CORP,416.0,5086.0,,,,
78464A698,Sold Out,KBW REGIONAL BANKING ETF,20160.0,500000.0,,,,
Y64354205,Not New,Ocean Rig UDW Inc,5642.0,350000.0,5679.0,300000.0,37.0,-50000.0
92839U206,Not New,VISTEON CORP.,26728.0,274836.0,18642.0,192173.0,-8086.0,-82663.0
984332106,Not New,YAHOO INC,14263.0,350000.0,26667.0,759119.0,12404.0,409119.0
G1151C101,Sold Out,ACCENTURE LTD-CL A,413.0,5110.0,,,,
74966G200,Sold Out,ROI Acquisition Corp,5626.0,550000.0,,,,
92939D203,Sold Out,WL Ross Holding Corp,17510.0,1700000.0,,,,
87612E106,Sold Out,TARGET CORP,419.0,7246.0,,,,
406216101,Not New,HALLIBURTON CO,16826.0,260827.0,7101.0,100000.0,-9725.0,-160827.0
406216101,Not New,HALLIBURTON CO,16826.0,260827.0,12247.0,172479.0,-4579.0,-88348.0
406216101,Not New,HALLIBURTON CO,12902.0,200000.0,7101.0,100000.0,-5801.0,-100000.0
406216101,Not New,HALLIBURTON CO,12902.0,200000.0,12247.0,172479.0,-655.0,-27521.0
253393102,Sold Out,DICK'S SPORTING GOODS INC,4656.0,100000.0,,,,
26875P101,Not New,EOG RESOURCES INC.,4951.0,50000.0,5843.0,50000.0,892.0,0.0
459200101,Sold Out,INTERNATIONAL BUSINESS MACHINE US.,418.0,2310.0,,,,
574599106,Not New,MASCO CORP,4784.0,200000.0,4440.0,200000.0,-344.0,0.0
574599106,Not New,MASCO CORP,2177.0,91000.0,4440.0,200000.0,2263.0,109000.0
963320106,Sold Out,WHIRLPOOL CORP,10441.0,75000.0,,,,
902104108,New Holding,II-VI INC,,,872.0,74094.0,,
41135V103,Sold Out,Hanwha SolarOne Co Ltd,193.0,70002.0,,,,
717081103,Not New,PFIZER INC,17742.0,600000.0,6681.0,225118.0,-11061.0,-374882.0
717081103,Not New,PFIZER INC,17742.0,600000.0,32648.0,1100000.0,14906.0,500000.0
717081103,Not New,PFIZER INC,1479.0,50000.0,6681.0,225118.0,5202.0,175118.0
717081103,Not New,PFIZER INC,1479.0,50000.0,32648.0,1100000.0,31169.0,1050000.0
14149Y108,Sold Out,CARDINAL HEALTH INC,416.0,6078.0,,,,
585464100,New Holding,MELCO PBL ENTERTAINMENT-ADR,,,19718.0,750000.0,,
871503108,Sold Out,SYMANTEC CORP,442.0,19314.0,,,,
902973304,Sold Out,U.S. BANCORP,441.0,10198.0,,,,
268648102,New Holding,EMC CORP/MASS,,,5852.0,200000.0,,
268648102,New Holding,EMC CORP/MASS,,,9802.0,335000.0,,
806857108,Not New,SCHLUMBERGER LTD,2012.0,19782.0,23590.0,200000.0,21578.0,180218.0
806857108,Not New,SCHLUMBERGER LTD,10169.0,100000.0,23590.0,200000.0,13421.0,100000.0
02153X108,Sold Out,Altisource Asset Management Co,1735.0,2400.0,,,,
81369Y407,Not New,CONSUMER DISCRETIONARY SELT,10661.0,159864.0,20079.0,300864.0,9418.0,141000.0
032654105,Sold Out,ANALOG DEVICES,455.0,8422.0,,,,
370334104,Sold Out,GENERAL MILLS INC,853.0,16244.0,,,,
81369Y605,Not New,AMEX FINANCIAL SELEXT SPDR.,25024.0,1080000.0,28380.0,1248000.0,3356.0,168000.0
81369Y605,Not New,AMEX FINANCIAL SELEXT SPDR.,19393.0,837000.0,28380.0,1248000.0,8987.0,411000.0
04685W103,New Holding,ATHENAHEALTH INC,,,1975.0,15000.0,,
03674U201,Sold Out,ANTHERA PHARMACE,678.0,200000.0,,,,
446150104,Sold Out,HUNTINGTON BANCSHARES INC,427.0,44768.0,,,,
61945C103,Not New,MOSAIC CO/THE,936.0,21080.0,791.0,16000.0,-145.0,-5080.0
067383109,Sold Out,BARD (C.R.) INC,382.0,2675.0,,,,
05348P401,New Holding,AVANIR PHARMACEUTICALS INC-A,,,1192.0,100000.0,,
375558103,New Holding,GILEAD SCIENCES INC,,,1249.0,11734.0,,
580135101,New Holding,MCDONALD'S CORP,,,146956.0,1550000.0,,
580135101,New Holding,MCDONALD'S CORP,,,42665.0,450000.0,,
918204108,New Holding,VF CORP,,,13206.0,200000.0,,
020002101,Sold Out,ALLSTATE CORP,414.0,7045.0,,,,
02503Y103,Not New,AMERICAN CAPITAL STRATEGIES,11328.0,800000.0,9174.0,600000.0,-2154.0,-200000.0
71654V408,New Holding,PETROLEO BRASILEIRO S.A.-ADR,,,28380.0,2000000.0,,
87161C501,New Holding,SYNOVUS FINANCIAL CORP,,,7565.0,320000.0,,
889478103,New Holding,TOLL BROTHERS INC,,,911.0,29249.0,,
10157P112,New Holding,Boulevard Acquisition Corp,,,325.0,500000.0,,
235851102,Not New,DANAHER CORP,15196.0,200000.0,23619.0,300000.0,8423.0,100000.0
235851102,Not New,DANAHER CORP,15196.0,200000.0,3102.0,39405.0,-12094.0,-160595.0
235851102,Not New,DANAHER CORP,5578.0,73418.0,23619.0,300000.0,18041.0,226582.0
235851102,Not New,DANAHER CORP,5578.0,73418.0,3102.0,39405.0,-2476.0,-34013.0
608190104,New Holding,MOHAWK INDUSTRIES INC,,,38439.0,285115.0,,
42809H107,Not New,AMERADA HESS CORP,1131.0,11992.0,9001.0,91019.0,7870.0,79027.0
42809H107,Not New,AMERADA HESS CORP,9432.0,100000.0,9001.0,91019.0,-431.0,-8981.0
82706C108,Sold Out,SILICON MOTION TECHNOL-ADR,552.0,27056.0,,,,
03232P405,Sold Out,Amsurg Corp,5013.0,110000.0,,,,
052769106,Sold Out,AUTODESK INC,5603.0,99386.0,,,,
989701107,New Holding,ZIONS BANCORPORATION,,,8718.0,300000.0,,
464286400,Sold Out,ISHARES MSCI BRAZIL,64503.0,1350000.0,,,,
464286400,Sold Out,ISHARES MSCI BRAZIL,40278.0,843000.0,,,,
336433107,Sold Out,FIRST SOLAR INC,710.0,10000.0,,,,
053774105,Sold Out,AVIS BUDGET GROUP INC,29845.0,500000.0,,,,
64031N108,Sold Out,NELNET INC-CL A,1035.0,25000.0,,,,
111320107,Not New,BROADCOM CORP-CL A,6063.0,150000.0,3712.0,100000.0,-2351.0,-50000.0
178787107,New Holding,Civeo Corp,,,1742.0,150000.0,,
G96666105,Sold Out,WILLIS GROUP HOLDINGS LTD,6495.0,150000.0,,,,
29101U209,Sold Out,Emerald Oil Inc,1286.0,168178.0,,,,
45337C102,Sold Out,INCYTE CORP,5644.0,100000.0,,,,
35671D857,Sold Out,FREEPORT-MCMORAN COPPER-B,1825.0,50000.0,,,,
693506107,Not New,PPG INDS INC,6647.0,33786.0,4782.0,22757.0,-1865.0,-11029.0
G1154H107,New Holding,Belmond Ltd,,,2332.0,200000.0,,
65339F101,Not New,NEXTERA ENERGY INC ..,10796.0,115000.0,15372.0,150000.0,4576.0,35000.0
65339F101,Not New,NEXTERA ENERGY INC ..,10796.0,115000.0,25285.0,246737.0,14489.0,131737.0
65339F101,Not New,NEXTERA ENERGY INC ..,10796.0,115000.0,1172.0,35000.0,-9624.0,-80000.0
156700106,Not New,CENTURYLINK INC.,4089.0,100000.0,9050.0,250000.0,4961.0,150000.0
Y2106R110,Not New,Dorian LPG Ltd,1499.0,84100.0,1933.0,84100.0,434.0,0.0
344849104,Sold Out,FOOT LOCKER INC,1268.0,25000.0,,,,
G0176J109,Not New,Allegion PLC,687.0,14420.0,521.0,9200.0,-166.0,-5220.0
61166W101,New Holding,MONSANTO CO,,,2226.0,19786.0,,
64110D104,Sold Out,NETWORK APPLIANCE INC,388.0,10650.0,,,,
563571108,New Holding,MANITOWOC COMPANY INC,,,11725.0,500000.0,,
84763R101,Not New,SPECTRUM BRANDS,7120.0,78650.0,4175.0,48533.0,-2945.0,-30117.0
89628E104,Not New,TRINA SOLAR LTD-SPON ADR,11688.0,968353.0,7282.0,567620.0,-4406.0,-400733.0
576485205,Not New,Matador Resources Co,3163.0,122365.0,4312.0,147301.0,1149.0,24936.0
88706P205,Not New,TIM PARTICIPACOES SA-ADR,11525.0,439900.0,12360.0,425800.0,835.0,-14100.0
91912E204,Sold Out,CIA VALE DO RIO DOCE-ADR,6604.0,555000.0,,,,
01609W102,New Holding,Alibaba Group Holding Ltd,,,135052.0,1520000.0,,
517834107,New Holding,LAS VEGAS SANDS CORP,,,21774.0,350000.0,,
81369Y209,Not New,HEALTH CARE SELECT SECTOR,33175.0,519090.0,39605.0,651090.0,6430.0,132000.0
447011107,Not New,HUNTSMAN CORP,12995.0,500000.0,11240.0,400000.0,-1755.0,-100000.0
192422103,New Holding,COGNEX CORP,,,443.0,11000.0,,
92763W103,Sold Out,Vipshop Holdings Ltd,11264.0,60000.0,,,,
75525F104,New Holding,REACHLOCAL INC,,,722.0,200000.0,,
707882106,Sold Out,Penn Virginia Corp,1213.0,71581.0,,,,
826552101,New Holding,SIGMA-ALDRICH,,,1360.0,10000.0,,
410345102,New Holding,HANESBRANDS INC,,,21488.0,200000.0,,
697435105,Not New,Palo Alto Networks Inc,2943.0,30000.0,2515.0,30000.0,-428.0,0.0
281020107,Sold Out,EDISON INTERNATIONAL,413.0,7111.0,,,,
37953N108,Not New,Global Defense National Secu,2844.0,275000.0,2813.0,275000.0,-31.0,0.0
83175M205,Not New,Smith Nephew PLC,3368.0,40000.0,2678.0,30000.0,-690.0,-10000.0
543881106,Sold Out,LORAL SPACE & COMMUNICATIONS,2087.0,28713.0,,,,
31620R105,Sold Out,FIDELITY NATIONAL FINL-A,19656.0,600000.0,,,,
002824100,Sold Out,ABBOTT LABORATORIES...,8180.0,200000.0,,,,
002824100,Sold Out,ABBOTT LABORATORIES...,450.0,10998.0,,,,
09739C102,Not New,Boingo Wireless Inc,17024.0,2387643.0,17601.0,2577145.0,577.0,189502.0
741503403,Not New,PRICELINE.COM INC,1099.0,949.0,1030.0,857.0,-69.0,-92.0
98426T106,New Holding,YY Inc,,,24115.0,322000.0,,
G2554F113,Sold Out,COVIDIEN LTD,11364.0,126022.0,,,,
29384R105,Sold Out,ENTROPIC COMMUNICATIONS INC,333.0,100000.0,,,,
093671105,Sold Out,H&R BLOCK INC,556.0,16606.0,,,,
N6596X109,New Holding,NXP SEMICONDUCTORS NV,,,2699.0,39443.0,,
872590104,New Holding,T-MOBILE US INC,,,3609.0,125000.0,,
88632Q103,Not New,TIBCO SOFTWARE INC,3545.0,150000.0,4034.0,200000.0,489.0,50000.0
88632Q103,Not New,TIBCO SOFTWARE INC,2374.0,100450.0,4034.0,200000.0,1660.0,99550.0
22943F100,Sold Out,CTRIP.COM INTERNATIONAL-ADR,6596.0,103000.0,,,,
018490102,Not New,ALLERGAN INC,5679.0,31870.0,10153.0,60000.0,4474.0,28130.0
37247D106,New Holding,GENWORTH FINANCIAL INC-CL A,,,9170.0,700000.0,,
127686103,New Holding,Caesars Entertainment Corp/New,,,1887.0,150000.0,,
907818108,Not New,UNION PACIFIC,5835.0,53820.0,3097.0,31048.0,-2738.0,-22772.0
761283100,Not New,Restoration Hardware Holdings,45741.0,575000.0,3433.0,36900.0,-42308.0,-538100.0
16941M109,New Holding,CHINA MOBILE LTD,,,11750.0,200000.0,,
497266106,Not New,KIRBY CORP,2734.0,23200.0,1171.0,10000.0,-1563.0,-13200.0
65249B109,Sold Out,NEWS CORP-CLASS A,1044.0,58241.0,,,,
550021109,Sold Out,LULULEMON ATHLETICA INC-W/I,1012.0,25000.0,,,,
00724F101,Sold Out,ADOBE SYSTEMS INC,2135.0,29500.0,,,,
19624R106,Not New,COLONY FINANCIAL,11190.0,500000.0,3483.0,150000.0,-7707.0,-350000.0
19624R106,Not New,COLONY FINANCIAL,11190.0,500000.0,12190.0,525000.0,1000.0,25000.0
23331A109,New Holding,DR HORTON INC,,,1031.0,50257.0,,
66987V109,Sold Out,NOVARTIS AG-REG.,16295.0,180000.0,,,,
74251V102,Sold Out,PRINCIPAL FINANCIAL GROUP,476.0,9438.0,,,,
057224107,New Holding,BAKER HUGHES INC,,,3463.0,53232.0,,
057224107,New Holding,BAKER HUGHES INC,,,13012.0,200000.0,,
032511107,Not New,ANADARKO PETROLEUM CORP,21742.0,214337.0,13689.0,125047.0,-8053.0,-89290.0
032511107,Not New,ANADARKO PETROLEUM CORP,21742.0,214337.0,10947.0,100000.0,-10795.0,-114337.0
91913Y100,Sold Out,VALERO ENERGY CORP,417.0,8334.0,,,,
91913Y100,Sold Out,VALERO ENERGY CORP,5010.0,100000.0,,,,
91913Y100,Sold Out,VALERO ENERGY CORP,5010.0,100000.0,,,,
55608B105,New Holding,MACQUARIE INFRASTRUCTURE CO,,,1114.0,16708.0,,
438516106,Not New,Honeywell International Inc,4732.0,50811.0,3283.0,35329.0,-1449.0,-15482.0
084670702,Not New,BERKSHIRE HATHAWAY INC-CL B,1212.0,8771.0,993.0,7848.0,-219.0,-923.0
423452101,Not New,HELMERICH & PAYNE,4894.0,50000.0,5805.0,50000.0,911.0,0.0
466090206,New Holding,JA SOLAR HOLDINGS CO LTD-ADR,,,3700.0,400000.0,,
983134107,New Holding,WYNN RESORTS LTD,,,42093.0,225000.0,,
703481101,Not New,PATTERSON-UTI ENERGY INC,1627.0,50000.0,5241.0,150000.0,3614.0,100000.0
50076Q106,New Holding,Kraft Foods Group Inc,,,16920.0,300000.0,,
92343V104,Sold Out,VERIZON COMMUNICATIONS,1461.0,29875.0,,,,
78464A730,Not New,SPDR SP OIL GAS EXPLORATI,20649.0,300000.0,20570.0,250000.0,-79.0,-50000.0
21249J105,New Holding,CONVERSANT INC,,,3425.0,100000.0,,
36197T103,Not New,GW Pharmaceuticals PLC,1091.0,13500.0,4828.0,45000.0,3737.0,31500.0
026874784,Not New,AMERICAN INTERNATIONAL GROUP,6309.0,116790.0,1038.0,19021.0,-5271.0,-97769.0
29265N108,Sold Out,ENERGEN CORP,4444.0,50000.0,,,,
737446104,New Holding,Post Holdings Inc,,,9125.0,275000.0,,
15135B101,New Holding,CENTENE CORP,,,11166.0,135000.0,,
300439106,Not New,EveryWare Global Inc,145.0,55000.0,71.0,55000.0,-74.0,0.0
300439106,Not New,EveryWare Global Inc,36.0,420000.0,71.0,55000.0,35.0,-365000.0
750236101,Not New,RADIAN GROUP INC,21390.0,1500000.0,15550.0,1050000.0,-5840.0,-450000.0
750236101,Not New,RADIAN GROUP INC,21390.0,1500000.0,1777.0,120000.0,-19613.0,-1380000.0
12504L109,Not New,CB RICHARD ELLIS GROUP INC-A,3682.0,123795.0,530.0,16546.0,-3152.0,-107249.0
168615102,Not New,CHICO'S FAS INC,4431.0,300000.0,3392.0,200000.0,-1039.0,-100000.0
168615102,Not New,CHICO'S FAS INC,4431.0,300000.0,1696.0,100000.0,-2735.0,-200000.0
00922R105,New Holding,Air Transport Services Group I,,,728.0,100000.0,,
G65431101,Sold Out,NOBLE CORP,3356.0,100000.0,,,,
N22035104,New Holding,Constellium Holdco BV,,,947.0,38461.0,,
H8817H100,Not New,TRANSOCEAN INC,3386.0,105900.0,425.0,9458.0,-2961.0,-96442.0
02153W100,Not New,Altisource Residential Corp,7200.0,300000.0,36061.0,1385352.0,28861.0,1085352.0
205638109,Sold Out,COMPUWARE CORP,6643.0,665009.0,,,,
98419J107,Sold Out,XOMA LTD,344.0,75000.0,,,,
427866108,Sold Out,HERSHEY CO/THE,394.0,4050.0,,,,
02376R102,Not New,American Airlines Group Inc,8706.0,245372.0,1193.0,27774.0,-7513.0,-217598.0
G55598109,Not New,Lombard Medical Inc,346.0,45000.0,388.0,54000.0,42.0,9000.0
487836108,New Holding,KELLOGG CO,,,27720.0,450000.0,,
194162103,New Holding,COLGATE-PALMOLIVE CO,,,20218.0,310000.0,,
857477103,Sold Out,STATE STREET CORP,389.0,5796.0,,,,
40414L109,Sold Out,HEALTH CARE PPTYS INVEST INC,8276.0,200000.0,,,,
63938C108,Not New,Navient Corp,1151.0,65000.0,6750.0,381155.0,5599.0,316155.0
45104G104,Sold Out,ICICI BANK LTD-SPON ADR,17465.0,350000.0,,,,
092113109,Not New,BLACK HILLS CORP,16758.0,350000.0,13051.0,212600.0,-3707.0,-137400.0
092113109,Not New,BLACK HILLS CORP,16758.0,350000.0,6139.0,100000.0,-10619.0,-250000.0
092113109,Not New,BLACK HILLS CORP,12094.0,252600.0,13051.0,212600.0,957.0,-40000.0
092113109,Not New,BLACK HILLS CORP,12094.0,252600.0,6139.0,100000.0,-5955.0,-152600.0
40412C101,Not New,HCA HOLDINGS INC.,10404.0,147531.0,5318.0,94340.0,-5086.0,-53191.0
14170T101,Sold Out,CAREFUSION CORP,4864.0,109695.0,,,,
378973408,Not New,GLOBALSTAR INC,1098.0,300000.0,1275.0,300000.0,177.0,0.0
16411W108,Not New,Cheniere Energy Partners LP Ho,19018.0,777512.0,18630.0,750000.0,-388.0,-27512.0
459902102,Sold Out,INTL GAME TECHNOLOGY,1346.0,84634.0,,,,
751212101,Sold Out,POLO RALPH LAUREN CORP...VR,521.0,3243.0,,,,
30063P105,Sold Out,EXACT SCIENCES,1703.0,100000.0,,,,
166764100,Not New,CHEVRON CORP,11932.0,100000.0,893.0,6842.0,-11039.0,-93158.0
166764100,Not New,CHEVRON CORP,11932.0,100000.0,26110.0,200000.0,14178.0,100000.0
57061R551,New Holding,Market Vectors India Small-Cap,,,792.0,17952.0,,
023135106,Not New,AMAZON.COM INC,1162.0,3605.0,1068.0,3288.0,-94.0,-317.0
012653101,New Holding,ALBEMARLE CORP,,,5890.0,100000.0,,
012653101,New Holding,ALBEMARLE CORP,,,5301.0,90000.0,,
38259P706,Not New,GOOGLE INC-CL C,15069.0,26100.0,15014.0,26100.0,-55.0,0.0
45784P101,New Holding,INSULET CORP,,,4791.0,130000.0,,
98212B103,New Holding,WPX Energy Inc,,,4331.0,180000.0,,
10157P203,Sold Out,Boulevard Acquisition Corp,10100.0,1000000.0,,,,
628530107,Not New,MYLAN LABORATORIES INC,15922.0,350000.0,5156.0,100000.0,-10766.0,-250000.0
628530107,Not New,MYLAN LABORATORIES INC,19788.0,435000.0,5156.0,100000.0,-14632.0,-335000.0
242370203,Sold Out,DEAN FOODS CO,175.0,10000.0,,,,
242370203,Sold Out,DEAN FOODS CO,5283.0,300366.0,,,,
565849106,Sold Out,MARATHON OIL CORP,7984.0,200000.0,,,,
056752108,Not New,BAIDU.COM - SPON ADR.,116760.0,535034.0,159423.0,853398.0,42663.0,318364.0
169656105,Sold Out,CHIPOTLE MEXICAN GRILL-CL A,11850.0,20000.0,,,,
74733V100,Sold Out,QEP RESOURCES INC,547.0,15856.0,,,,
88033G407,Not New,TENET HEALTHCARE CORP,9648.0,162451.0,7268.0,154841.0,-2380.0,-7610.0
20030N101,Not New,COMCAST CORP-CL A,1185.0,22043.0,3989.0,74320.0,2804.0,52277.0
136635109,Sold Out,CANADIAN SOLAR INC,558.0,17857.0,,,,
701354102,Sold Out,Parkervision Inc,243.0,164552.0,,,,
674215108,Not New,OASIS PETROLEUM INC,8362.0,200000.0,5589.0,100000.0,-2773.0,-100000.0
674215108,Not New,OASIS PETROLEUM INC,4181.0,100000.0,5589.0,100000.0,1408.0,0.0
73935A104,New Holding,NASDAQ 100 STOCK INDX,,,25685.0,260000.0,,
761330109,Sold Out,Revance Therapeutics Inc,3400.0,100000.0,,,,
38259P508,Not New,GOOGLE INC-CL A,3213.0,5460.0,1092.0,1869.0,-2121.0,-3591.0
69327R101,Not New,PDC Energy Inc,5599.0,111333.0,3157.0,50000.0,-2442.0,-61333.0
03762UAA3,Sold Out,ARI 5 1/2 03/15/19,1056.0,1000000.0,,,,
N7902X106,New Holding,SENSATA TECHNOLOGIES HOLDING,,,2227.0,50000.0,,
57060U191,Not New,MARKET VECTORS OIL SERVICE ETF,12403.0,250000.0,25992.0,450000.0,13589.0,200000.0
04621X108,Sold Out,ASSURANT INC,398.0,6078.0,,,,
78464A797,Sold Out,KBW BANK ETF,35425.0,1060000.0,,,,
582839106,Sold Out,MEAD JOHNSON NUTRITION CO-A,4099.0,44000.0,,,,
211171103,Not New,Continental Building Products,986.0,67528.0,1486.0,96513.0,500.0,28985.0
171798101,Not New,CIMAREX ENERGY CO,13052.0,103151.0,7890.0,55000.0,-5162.0,-48151.0
499064103,Not New,KNIGHT TRANSPORTATION INC,712.0,26000.0,380.0,16000.0,-332.0,-10000.0
346233109,Not New,FORESTAR REAL ESTATE GROUP,3020.0,170426.0,3253.0,170426.0,233.0,0.0
595112103,Not New,MICRON TECHNOLOGY INC,11324.0,330520.0,7102.0,215559.0,-4222.0,-114961.0
87160A100,Sold Out,SYNGENTA AG-REG.,1122.0,15000.0,,,,
959802109,Sold Out,WESTERN UNION CO,459.0,26508.0,,,,
693656100,Not New,PVH CORP,788.0,6506.0,2796.0,23980.0,2008.0,17474.0
887317303,New Holding,TIME WARNER INC,,,2820.0,37500.0,,
382550101,Not New,GOODYEAR TIRE RUBBER CO,20891.0,925000.0,24828.0,893762.0,3937.0,-31238.0
913903100,Not New,UNIVERSAL HEALTH SERVICES-B,10973.0,105000.0,4788.0,50000.0,-6185.0,-55000.0
04033A100,Not New,ARIAD PHARMACEUTICALS INC,1620.0,300000.0,1911.0,300000.0,291.0,0.0
46625H100,Not New,JPMORGAN CHASE CO,1236.0,20513.0,1460.0,25354.0,224.0,4841.0
127055101,Not New,CABOT CORP,508.0,10000.0,289.0,5000.0,-219.0,-5000.0
464286673,Not New,iShares MSCI Singapore Index F,2481.0,186000.0,5435.0,402000.0,2954.0,216000.0
46612J507,New Holding,JDS UNIPHASE CORP,,,3840.0,300000.0,,
749941100,Not New,RF MICRO DEVICES INC,594.0,51465.0,2708.0,282454.0,2114.0,230989.0
00444T100,Sold Out,AcelRx Pharmaceuticals Inc,513.0,50000.0,,,,
68372A104,Sold Out,OPENTABLE INC,10360.0,100000.0,,,,
038222105,Not New,APPLIED MATERIALS INC,2161.0,100000.0,2255.0,100000.0,94.0,0.0
524901105,Sold Out,LEGG MASON INC,433.0,8457.0,,,,
482480100,Sold Out,KLA-TENCOR CORPORATION,3632.0,50000.0,,,,
655844108,Sold Out,NORFOLK SOUTHERN CORP,447.0,4344.0,,,,
416515104,Not New,HARTFORD FINANCIAL SVCS GRP,24958.0,670000.0,75201.0,2100000.0,50243.0,1430000.0
25490A309,Not New,DIRECTV GROUP INC/THE,1224.0,14148.0,17002.0,200000.0,15778.0,185852.0
25490A309,Not New,DIRECTV GROUP INC/THE,1224.0,14148.0,438.0,5157.0,-786.0,-8991.0
G0585R106,Not New,ASSURED GUARANTY LTD,41550.0,1875000.0,88601.0,3616401.0,47051.0,1741401.0
546347105,Sold Out,LOUISIANA-PACIFIC CORP,5257.0,350000.0,,,,
29444U502,Not New,EQUINIX INC,1140.0,5367.0,1124.0,5351.0,-16.0,-16.0
29266R108,Sold Out,ENERGIZER HOLDINGS INC,6101.0,50000.0,,,,
02005N100,Not New,Ally Financial Inc,15986.0,690829.0,1196.0,50000.0,-14790.0,-640829.0
78486Q101,New Holding,SVB FINANCIAL GROUP,,,35196.0,314000.0,,
464286145,New Holding,iShares MSCI Frontier 100 ETF,,,8949.0,236500.0,,
13342B105,Sold Out,CAMERON INTERNATIONAL CORP,422.0,6240.0,,,,
90184L102,New Holding,Twitter Inc,,,34817.0,675000.0,,
031100100,New Holding,AMETEK INC,,,1707.0,34000.0,,
095229100,Not New,BLUCORA INC,2674.0,175479.0,1562.0,82778.0,-1112.0,-92701.0
136375102,Not New,CANADIAN NATL RAILWAY CO,497.0,7000.0,227.0,3500.0,-270.0,-3500.0
501242101,Not New,KULICKE & SOFFA INDUSTRIES,2450.0,172162.0,2455.0,172162.0,5.0,0.0
00101J106,Sold Out,ADT Corp/The,434.0,12419.0,,,,
52748T104,Not New,Levy Acquisition Corp,4840.0,500000.0,4870.0,500000.0,30.0,0.0
20825C104,Not New,CONOCOPHILLIPS,15304.0,200000.0,17146.0,200000.0,1842.0,0.0
20825C104,Not New,CONOCOPHILLIPS,15304.0,200000.0,17146.0,200000.0,1842.0,0.0
526057104,New Holding,Lennar Corp,,,927.0,23864.0,,
701094104,New Holding,PARKER HANNIFIN CORP,,,799.0,7000.0,,
02319V103,Sold Out,AMBEV SA,3097.0,440000.0,,,,
G5480U120,Not New,Liberty Global Inc,6909.0,168443.0,7013.0,165761.0,104.0,-2682.0
713448108,Sold Out,PEPSICO INC,3126.0,35000.0,,,,
90347A100,Sold Out,Ubiquiti Networks Inc,3232.0,71526.0,,,,
617446448,Sold Out,MORGAN STANLEY,7274.0,225000.0,,,,
M6787E101,Sold Out,MAGICJACK VOCALTEC LTD,1153.0,76307.0,,,,
073302101,Not New,BE Aerospace Inc,15109.0,180000.0,9711.0,105000.0,-5398.0,-75000.0
868459108,Sold Out,Supernus Pharmaceuticals Inc,1095.0,100000.0,,,,
