CUSIP,status,NAME OF ISSUER,(x$1000)_old,PRN AMT_old,(x$1000),PRN AMT,(x$1000)_change,PRN AMT_change
G0750C108,Sold Out,AXALTA COATING SYS LTD,17816.0,668499.0,,,,
85590A401,New Holding,STARWOOD HOTELS&RESORTS WRLD,,,122946.0,1473648.0,,
85590A401,New Holding,STARWOOD HOTELS&RESORTS WRLD,,,9060.0,108593.0,,
16938C106,New Holding,CHINA BIOLOGIC PRODS INC,,,2770.0,24193.0,,
835699307,Sold Out,SONY CORP,5590.0,227153.0,,,,
443510201,Sold Out,HUBBELL INC,31949.0,316199.0,,,,
031162100,Sold Out,AMGEN INC,24869.0,153200.0,,,,
464287655,Sold Out,ISHARES TR,35915.0,318900.0,,,,
19075FAA4,Not New,COBALT INTL ENERGY INC,47887.0,95774000.0,1204.0,71659000.0,-46683.0,-24115000.0
36467J108,New Holding,GAMING & LEISURE PPTYS INC,,,2164.0,70000.0,,
88732J207,Not New,TIME WARNER CABLE INC,310577.0,1517823.0,210947.0,1136630.0,-99630.0,-381193.0
88732J207,Not New,TIME WARNER CABLE INC,310577.0,1517823.0,12367.0,66635.0,-298210.0,-1451188.0
88732J207,Not New,TIME WARNER CABLE INC,33652.0,164463.0,210947.0,1136630.0,177295.0,972167.0
88732J207,Not New,TIME WARNER CABLE INC,33652.0,164463.0,12367.0,66635.0,-21285.0,-97828.0
19122T109,Sold Out,COCA COLA ENTERPRISES INC NE,106538.0,2163640.0,,,,
19122T109,Sold Out,COCA COLA ENTERPRISES INC NE,6154.0,124972.0,,,,
45772F107,Sold Out,INPHI CORP,6755.0,250000.0,,,,
009158106,Not New,AIR PRODS & CHEMS INC,112410.0,780352.0,167983.0,1291087.0,55573.0,510735.0
009158106,Not New,AIR PRODS & CHEMS INC,112410.0,780352.0,17652.0,135668.0,-94758.0,-644684.0
009158106,Not New,AIR PRODS & CHEMS INC,16975.0,117843.0,167983.0,1291087.0,151008.0,1173244.0
009158106,Not New,AIR PRODS & CHEMS INC,16975.0,117843.0,17652.0,135668.0,677.0,17825.0
531465102,Sold Out,LIBERTY TRIPADVISOR HLDGS IN,28565.0,941497.0,,,,
29273V100,Not New,ENERGY TRANSFER EQUITY L P,4588.0,643506.0,108719.0,7912588.0,104131.0,7269082.0
29273V100,Not New,ENERGY TRANSFER EQUITY L P,4588.0,643506.0,6334.0,460970.0,1746.0,-182536.0
29273V100,Not New,ENERGY TRANSFER EQUITY L P,7007.0,982700.0,108719.0,7912588.0,101712.0,6929888.0
29273V100,Not New,ENERGY TRANSFER EQUITY L P,7007.0,982700.0,6334.0,460970.0,-673.0,-521730.0
78464A730,Sold Out,SPDR SERIES TRUST,127710.0,4226000.0,,,,
78464A730,Sold Out,SPDR SERIES TRUST,6691.0,221400.0,,,,
46122T102,Sold Out,INTREXON CORP,4674.0,155020.0,,,,
81369Y506,Sold Out,SELECT SECTOR SPDR TR,198748.0,3294900.0,,,,
81369Y506,Sold Out,SELECT SECTOR SPDR TR,11171.0,185200.0,,,,
552953101,Sold Out,MGM RESORTS INTERNATIONAL,23729.0,1044423.0,,,,
N47279109,Not New,INTERXION HOLDING N.V,45408.0,1313138.0,74622.0,2475011.0,29214.0,1161873.0
57772K101,Sold Out,MAXIM INTEGRATED PRODS INC,91537.0,2408875.0,,,,
57772K101,Sold Out,MAXIM INTEGRATED PRODS INC,5295.0,139341.0,,,,
202608105,Sold Out,COMMERCIAL VEH GROUP INC,1587.0,575000.0,,,,
00817Y108,Sold Out,AETNA INC NEW,54784.0,506700.0,,,,
00817Y108,Sold Out,AETNA INC NEW,3179.0,29400.0,,,,
00817Y108,Sold Out,AETNA INC NEW,101892.0,942400.0,,,,
00817Y108,Sold Out,AETNA INC NEW,5828.0,53900.0,,,,
M37605116,Not New,ELBIT IMAGING LTD,4604.0,5447850.0,3521.0,5447850.0,-1083.0,0.0
G5480U138,Not New,LIBERTY GLOBAL PLC,1392.0,39698.0,1642.0,39698.0,250.0,0.0
984332106,Not New,YAHOO INC,134927.0,3665502.0,141951.0,4267933.0,7024.0,602431.0
984332106,Not New,YAHOO INC,134927.0,3665502.0,8298.0,249490.0,-126629.0,-3416012.0
984332106,Not New,YAHOO INC,9329.0,253440.0,141951.0,4267933.0,132622.0,4014493.0
984332106,Not New,YAHOO INC,9329.0,253440.0,8298.0,249490.0,-1031.0,-3950.0
984332106,Not New,YAHOO INC,68772.0,1868300.0,141951.0,4267933.0,73179.0,2399633.0
984332106,Not New,YAHOO INC,68772.0,1868300.0,8298.0,249490.0,-60474.0,-1618810.0
984332106,Not New,YAHOO INC,4609.0,125200.0,141951.0,4267933.0,137342.0,4142733.0
984332106,Not New,YAHOO INC,4609.0,125200.0,8298.0,249490.0,3689.0,124290.0
267475101,Not New,DYCOM INDS INC,77114.0,1192429.0,140277.0,2005107.0,63163.0,812678.0
02376R102,Sold Out,AMERICAN AIRLS GROUP INC,91437.0,2159071.0,,,,
02376R102,Sold Out,AMERICAN AIRLS GROUP INC,3116.0,73566.0,,,,
009363102,New Holding,AIRGAS INC,,,26458.0,186796.0,,
009363102,New Holding,AIRGAS INC,,,24094.0,170105.0,,
Y09827109,New Holding,BROADCOM LTD,,,75504.0,488699.0,,
Y09827109,New Holding,BROADCOM LTD,,,4213.0,27266.0,,
339041105,Sold Out,FLEETCOR TECHNOLOGIES INC,32664.0,228529.0,,,,
464287739,New Holding,ISHARES TR,,,364525.0,4680600.0,,
464287739,New Holding,ISHARES TR,,,24501.0,314600.0,,
717081103,Sold Out,PFIZER INC,126812.0,3928503.0,,,,
717081103,Sold Out,PFIZER INC,6340.0,196402.0,,,,
378973408,Not New,GLOBALSTAR INC,25899.0,17618077.0,26488.0,18394170.0,589.0,776093.0
G5480U153,Sold Out,LIBERTY GLOBAL PLC,297.0,6910.0,,,,
268648102,Not New,E M C CORP MASS,260912.0,9790337.0,200570.0,7810345.0,-60342.0,-1979992.0
268648102,Not New,E M C CORP MASS,260912.0,9790337.0,16313.0,635259.0,-244599.0,-9155078.0
268648102,Not New,E M C CORP MASS,32598.0,1223189.0,200570.0,7810345.0,167972.0,6587156.0
268648102,Not New,E M C CORP MASS,32598.0,1223189.0,16313.0,635259.0,-16285.0,-587930.0
456837AF0,New Holding,ING GROEP N V,,,28537.0,31083000.0,,
278642103,Sold Out,EBAY INC,67156.0,2443800.0,,,,
278642103,Sold Out,EBAY INC,4114.0,149700.0,,,,
071813109,Sold Out,BAXTER INTL INC,282945.0,7416636.0,,,,
071813109,Sold Out,BAXTER INTL INC,17976.0,471186.0,,,,
071813109,Sold Out,BAXTER INTL INC,45048.0,1180800.0,,,,
458118106,Sold Out,INTEGRATED DEVICE TECHNOLOGY,8564.0,325000.0,,,,
81369Y605,Sold Out,SELECT SECTOR SPDR TR,402391.0,16885900.0,,,,
81369Y605,Sold Out,SELECT SECTOR SPDR TR,22953.0,963200.0,,,,
01449J105,New Holding,ALERE INC,,,67025.0,1324339.0,,
500754106,Not New,KRAFT HEINZ CO,166849.0,2123838.0,230472.0,3167562.0,63623.0,1043724.0
500754106,Not New,KRAFT HEINZ CO,166849.0,2123838.0,19549.0,268674.0,-147300.0,-1855164.0
500754106,Not New,KRAFT HEINZ CO,18835.0,239751.0,230472.0,3167562.0,211637.0,2927811.0
500754106,Not New,KRAFT HEINZ CO,18835.0,239751.0,19549.0,268674.0,714.0,28923.0
023135106,Sold Out,AMAZON COM INC,118345.0,175095.0,,,,
023135106,Sold Out,AMAZON COM INC,7025.0,10394.0,,,,
07177M103,Not New,BAXALTA INC,436764.0,10810978.0,154638.0,3962024.0,-282126.0,-6848954.0
07177M103,Not New,BAXALTA INC,436764.0,10810978.0,8526.0,218439.0,-428238.0,-10592539.0
07177M103,Not New,BAXALTA INC,436764.0,10810978.0,3513.0,90000.0,-433251.0,-10720978.0
07177M103,Not New,BAXALTA INC,31907.0,789789.0,154638.0,3962024.0,122731.0,3172235.0
07177M103,Not New,BAXALTA INC,31907.0,789789.0,8526.0,218439.0,-23381.0,-571350.0
07177M103,Not New,BAXALTA INC,31907.0,789789.0,3513.0,90000.0,-28394.0,-699789.0
28035Q102,Not New,EDGEWELL PERS CARE CO,49565.0,615490.0,40960.0,522649.0,-8605.0,-92841.0
037833100,New Holding,APPLE INC,,,28584.0,260900.0,,
88104M101,New Holding,TERRAFORM GLOBAL INC,,,16740.0,7033518.0,,
260543103,Sold Out,DOW CHEM CO,105536.0,2050041.0,,,,
260543103,Sold Out,DOW CHEM CO,6182.0,120077.0,,,,
260543103,Sold Out,DOW CHEM CO,18646.0,362200.0,,,,
676220106,Not New,OFFICE DEPOT INC,48595.0,6844315.0,16506.0,2926652.0,-32089.0,-3917663.0
676220106,Not New,OFFICE DEPOT INC,48595.0,6844315.0,2529.0,448400.0,-46066.0,-6395915.0
443510607,New Holding,HUBBELL INC,,,33495.0,316199.0,,
464288513,New Holding,ISHARES TR,,,142080.0,1739259.0,,
464288513,New Holding,ISHARES TR,,,11951.0,146296.0,,
171232101,Sold Out,CHUBB CORP,18727.0,160265.0,,,,
125581801,Not New,CIT GROUP INC,18127.0,584181.0,58735.0,1479473.0,40608.0,895292.0
125581801,Not New,CIT GROUP INC,18127.0,584181.0,3854.0,97067.0,-14273.0,-487114.0
125581801,Not New,CIT GROUP INC,1024.0,32987.0,58735.0,1479473.0,57711.0,1446486.0
125581801,Not New,CIT GROUP INC,1024.0,32987.0,3854.0,97067.0,2830.0,64080.0
91911K102,New Holding,VALEANT PHARMACEUTICALS INTL,,,24118.0,917038.0,,
91911K102,New Holding,VALEANT PHARMACEUTICALS INTL,,,1826.0,69418.0,,
111320107,Sold Out,BROADCOM CORP,259870.0,4494471.0,,,,
111320107,Sold Out,BROADCOM CORP,13629.0,235708.0,,,,
25470M109,Not New,DISH NETWORK CORP,77910.0,1684180.0,122133.0,2135947.0,44223.0,451767.0
25470M109,Not New,DISH NETWORK CORP,77910.0,1684180.0,9678.0,169257.0,-68232.0,-1514923.0
25470M109,Not New,DISH NETWORK CORP,5747.0,124237.0,122133.0,2135947.0,116386.0,2011710.0
25470M109,Not New,DISH NETWORK CORP,5747.0,124237.0,9678.0,169257.0,3931.0,45020.0
25470M109,Not New,DISH NETWORK CORP,77088.0,1666400.0,122133.0,2135947.0,45045.0,469547.0
25470M109,Not New,DISH NETWORK CORP,77088.0,1666400.0,9678.0,169257.0,-67410.0,-1497143.0
25470M109,Not New,DISH NETWORK CORP,3992.0,86300.0,122133.0,2135947.0,118141.0,2049647.0
25470M109,Not New,DISH NETWORK CORP,3992.0,86300.0,9678.0,169257.0,5686.0,82957.0
87160A100,Sold Out,SYNGENTA AG,1736.0,22048.0,,,,
582839106,Sold Out,MEAD JOHNSON NUTRITION CO,16706.0,211600.0,,,,
G1154H107,Sold Out,BELMOND LTD,6564.0,690900.0,,,,
032420101,New Holding,ANACOR PHARMACEUTICALS INC,,,24834.0,464618.0,,
887317303,Not New,TIME WARNER INC,7138.0,98389.0,28768.0,444850.0,21630.0,346461.0
02079K107,Sold Out,ALPHABET INC,143714.0,189377.0,,,,
02079K107,Sold Out,ALPHABET INC,8467.0,11157.0,,,,
55616P104,Sold Out,MACYS INC,30478.0,871300.0,,,,
55616P104,Sold Out,MACYS INC,1417.0,40500.0,,,,
G9108L108,Not New,TSAKOS ENERGY NAVIGATION LTD,2995.0,484684.0,3839.0,484684.0,844.0,0.0
456837AE3,New Holding,ING GROEP N V,,,8408.0,8975000.0,,
Y1771G102,Not New,COSTAMARE INC,10235.0,1150000.0,11983.0,1150000.0,1748.0,0.0
125509109,New Holding,CIGNA CORPORATION,,,43997.0,320587.0,,
125509109,New Holding,CIGNA CORPORATION,,,5330.0,38838.0,,
20337X109,Sold Out,COMMSCOPE HLDG CO INC,11977.0,462600.0,,,,
700215304,Sold Out,PARK CITY GROUP INC,1915.0,160754.0,,,,
87165B103,Sold Out,SYNCHRONY FINL,186337.0,6127481.0,,,,
87165B103,Sold Out,SYNCHRONY FINL,10611.0,348931.0,,,,
31428X106,Sold Out,FEDEX CORP,238205.0,1598800.0,,,,
31428X106,Sold Out,FEDEX CORP,15555.0,104400.0,,,,
655844108,Sold Out,NORFOLK SOUTHERN CORP,19968.0,236062.0,,,,
655844108,Sold Out,NORFOLK SOUTHERN CORP,1179.0,13938.0,,,,
427093307,Not New,HERCULES OFFSHORE INC,3319.0,1382753.0,3001.0,1382753.0,-318.0,0.0
69366J200,Sold Out,PTC THERAPEUTICS INC,15516.0,478876.0,,,,
03852U106,Sold Out,ARAMARK,39982.0,1239750.0,,,,
42805T105,Sold Out,HERTZ GLOBAL HOLDINGS INC,59743.0,4198415.0,,,,
85571Q102,Not New,STARZ,38072.0,1445947.0,44742.0,1335571.0,6670.0,-110376.0
740189105,Sold Out,PRECISION CASTPARTS CORP,21051.0,90734.0,,,,
444859102,Not New,HUMANA INC,113022.0,617774.0,107990.0,604951.0,-5032.0,-12823.0
444859102,Not New,HUMANA INC,113022.0,617774.0,6246.0,34987.0,-106776.0,-582787.0
444859102,Not New,HUMANA INC,10646.0,58192.0,107990.0,604951.0,97344.0,546759.0
444859102,Not New,HUMANA INC,10646.0,58192.0,6246.0,34987.0,-4400.0,-23205.0
G5480U104,Not New,LIBERTY GLOBAL PLC,27829.0,722841.0,33634.0,794001.0,5805.0,71160.0
881624209,Sold Out,TEVA PHARMACEUTICAL INDS LTD,55853.0,850893.0,,,,
881624209,Sold Out,TEVA PHARMACEUTICAL INDS LTD,3209.0,48889.0,,,,
N6596X109,Not New,NXP SEMICONDUCTORS N V,19384.0,239100.0,81047.0,961988.0,61663.0,722888.0
N6596X109,Not New,NXP SEMICONDUCTORS N V,19384.0,239100.0,4961.0,58885.0,-14423.0,-180215.0
N6596X109,Not New,NXP SEMICONDUCTORS N V,19384.0,239100.0,110797.0,1315100.0,91413.0,1076000.0
N6596X109,Not New,NXP SEMICONDUCTORS N V,19384.0,239100.0,7052.0,83700.0,-12332.0,-155400.0
872590104,Not New,T MOBILE US INC,85549.0,2233643.0,120557.0,3081728.0,35008.0,848085.0
872590104,Not New,T MOBILE US INC,85549.0,2233643.0,7103.0,181574.0,-78446.0,-2052069.0
872590104,Not New,T MOBILE US INC,6020.0,157168.0,120557.0,3081728.0,114537.0,2924560.0
872590104,Not New,T MOBILE US INC,6020.0,157168.0,7103.0,181574.0,1083.0,24406.0
126408103,Not New,CSX CORP,64171.0,2492091.0,69973.0,2696452.0,5802.0,204361.0
126408103,Not New,CSX CORP,64171.0,2492091.0,4563.0,175825.0,-59608.0,-2316266.0
126408103,Not New,CSX CORP,4916.0,190923.0,69973.0,2696452.0,65057.0,2505529.0
126408103,Not New,CSX CORP,4916.0,190923.0,4563.0,175825.0,-353.0,-15098.0
22943F100,New Holding,CTRIP COM INTL LTD,,,9571.0,216252.0,,
47215P106,Not New,JD COM INC,6321.0,238513.0,7616.0,236037.0,1295.0,-2476.0
89969Q104,New Holding,TUMI HLDGS INC,,,71905.0,2681040.0,,
518415104,Not New,LATTICE SEMICONDUCTOR CORP,4505.0,793157.0,7764.0,1200000.0,3259.0,406843.0
00101J106,New Holding,THE ADT CORPORATION,,,10185.0,246847.0,,
98978V103,New Holding,ZOETIS INC,,,46260.0,1043531.0,,
98978V103,New Holding,ZOETIS INC,,,3563.0,80369.0,,
03524A108,Sold Out,ANHEUSER BUSCH INBEV SA/NV,250.0,2000.0,,,,
907818108,Sold Out,UNION PAC CORP,67996.0,869520.0,,,,
907818108,Sold Out,UNION PAC CORP,4334.0,55420.0,,,,
907818108,Sold Out,UNION PAC CORP,32367.0,413900.0,,,,
907818108,Sold Out,UNION PAC CORP,2002.0,25600.0,,,,
G0177J108,Not New,ALLERGAN PLC,289900.0,1081595.0,245102.0,784325.0,-44798.0,-297270.0
G0177J108,Not New,ALLERGAN PLC,289900.0,1081595.0,14213.0,45480.0,-275687.0,-1036115.0
G0177J108,Not New,ALLERGAN PLC,289900.0,1081595.0,27563.0,88200.0,-262337.0,-993395.0
G0177J108,Not New,ALLERGAN PLC,15769.0,58832.0,245102.0,784325.0,229333.0,725493.0
G0177J108,Not New,ALLERGAN PLC,15769.0,58832.0,14213.0,45480.0,-1556.0,-13352.0
G0177J108,Not New,ALLERGAN PLC,15769.0,58832.0,27563.0,88200.0,11794.0,29368.0
G0177J108,Not New,ALLERGAN PLC,215014.0,802200.0,245102.0,784325.0,30088.0,-17875.0
G0177J108,Not New,ALLERGAN PLC,215014.0,802200.0,14213.0,45480.0,-200801.0,-756720.0
G0177J108,Not New,ALLERGAN PLC,215014.0,802200.0,27563.0,88200.0,-187451.0,-714000.0
G0177J108,Not New,ALLERGAN PLC,13616.0,50800.0,245102.0,784325.0,231486.0,733525.0
G0177J108,Not New,ALLERGAN PLC,13616.0,50800.0,14213.0,45480.0,597.0,-5320.0
G0177J108,Not New,ALLERGAN PLC,13616.0,50800.0,27563.0,88200.0,13947.0,37400.0
78636X105,Not New,SAEXPLORATION HLDGS INC,178.0,257301.0,522.0,257301.0,344.0,0.0
98742U100,Sold Out,YOUKU TUDOU INC,5144.0,189598.0,,,,
226718104,Not New,CRITEO S A,33856.0,817392.0,32369.0,817392.0,-1487.0,0.0
26746E103,Sold Out,DYAX CORP,53760.0,1429014.0,,,,
198280109,New Holding,COLUMBIA PIPELINE GROUP INC,,,52484.0,2091013.0,,
247361702,Sold Out,DELTA AIR LINES INC DEL,17801.0,351176.0,,,,
247361702,Sold Out,DELTA AIR LINES INC DEL,1112.0,21935.0,,,,
Y0486S104,Sold Out,AVAGO TECHNOLOGIES LTD,235491.0,1622400.0,,,,
Y0486S104,Sold Out,AVAGO TECHNOLOGIES LTD,14123.0,97300.0,,,,
910047109,Sold Out,UNITED CONTL HLDGS INC,35460.0,618853.0,,,,
910047109,Sold Out,UNITED CONTL HLDGS INC,2287.0,39909.0,,,,
465685105,Not New,ITC HLDGS CORP,158580.0,3639650.0,20138.0,513069.0,-138442.0,-3126581.0
36164Y101,New Holding,GCP APPLIED TECHNOLOGIES INC,,,35352.0,1772903.0,,
483007704,Sold Out,KAISER ALUMINUM CORP,442.0,5281.0,,,,
231082108,Not New,CUMULUS MEDIA INC,26.0,56187.0,19.0,56187.0,-7.0,0.0
