CUSIP,status,NAME OF ISSUER,(x$1000)_old,PRN AMT_old,(x$1000),PRN AMT,(x$1000)_change,PRN AMT_change
110122157,Not New,BRISTOL-MYERS SQUIBB CO,198.0,55365.0,210.0,55365.0,12.0,0.0
110122157,Not New,BRISTOL-MYERS SQUIBB CO,198.0,55365.0,8019.0,2110201.0,7821.0,2054836.0
110122157,Not New,BRISTOL-MYERS SQUIBB CO,6980.0,1949613.0,210.0,55365.0,-6770.0,-1894248.0
110122157,Not New,BRISTOL-MYERS SQUIBB CO,6980.0,1949613.0,8019.0,2110201.0,1039.0,160588.0
651639106,New Holding,NEWMONT CORP,,,602.0,9754.0,,
651639106,New Holding,NEWMONT CORP,,,14050.0,227570.0,,
82900L102,New Holding,SIMPLY GOOD FOODS CO,,,1749.0,94113.0,,
82900L102,New Holding,SIMPLY GOOD FOODS CO,,,41464.0,2231662.0,,
36165L108,Not New,GDS HLDGS LTD,22727.0,285295.0,13964.0,240888.0,-8763.0,-44407.0
33812L102,New Holding,FITBIT INC,,,359.0,55525.0,,
33812L102,New Holding,FITBIT INC,,,8340.0,1291005.0,,
28414H103,Sold Out,ELANCO ANIMAL HEALTH INC,468.0,20887.0,,,,
28414H103,Sold Out,ELANCO ANIMAL HEALTH INC,28440.0,1270227.0,,,,
76131D103,Sold Out,RESTAURANT BRANDS INTL INC,312.0,7785.0,,,,
76131D103,Sold Out,RESTAURANT BRANDS INTL INC,7258.0,181316.0,,,,
013091103,New Holding,ALBERTSONS COS INC,,,2957.0,187500.0,,
90353T100,Not New,UBER TECHNOLOGIES INC,1661.0,53431.0,1657.0,59338.0,-4.0,5907.0
90353T100,Not New,UBER TECHNOLOGIES INC,1661.0,53431.0,38099.0,1364561.0,36438.0,1311130.0
90353T100,Not New,UBER TECHNOLOGIES INC,38814.0,1248851.0,1657.0,59338.0,-37157.0,-1189513.0
90353T100,Not New,UBER TECHNOLOGIES INC,38814.0,1248851.0,38099.0,1364561.0,-715.0,115710.0
68902V107,New Holding,OTIS WORLDWIDE CORP,,,1157.0,20352.0,,
68902V107,New Holding,OTIS WORLDWIDE CORP,,,27203.0,478413.0,,
058498106,Not New,BALL CORP,876.0,12603.0,1164.0,18003.0,288.0,5400.0
058498106,Not New,BALL CORP,876.0,12603.0,26759.0,413848.0,25883.0,401245.0
058498106,Not New,BALL CORP,20323.0,292464.0,1164.0,18003.0,-19159.0,-274461.0
058498106,Not New,BALL CORP,20323.0,292464.0,26759.0,413848.0,6436.0,121384.0
29415F104,Sold Out,ENVISTA HOLDINGS CORPORATION,360.0,24113.0,,,,
29415F104,Sold Out,ENVISTA HOLDINGS CORPORATION,8358.0,559434.0,,,,
067901108,New Holding,BARRICK GOLD CORPORATION,,,354.0,13140.0,,
067901108,New Holding,BARRICK GOLD CORPORATION,,,8244.0,306021.0,,
98426TAF3,New Holding,YY INC,,,27563.0,25000000.0,,
05545E209,Not New,BHP GROUP PLC,1326.0,32228.0,682.0,22476.0,-644.0,-9752.0
05545E209,Not New,BHP GROUP PLC,1326.0,32228.0,67770.0,2233693.0,66444.0,2201465.0
05545E209,Not New,BHP GROUP PLC,66762.0,1622412.0,682.0,22476.0,-66080.0,-1599936.0
05545E209,Not New,BHP GROUP PLC,66762.0,1622412.0,67770.0,2233693.0,1008.0,611281.0
65342K105,Not New,NEXTDECADE CORP,125006.0,57873196.0,108802.0,57873196.0,-16204.0,0.0
464287655,New Holding,ISHARES TR,,,29223.0,204100.0,,
67103H107,Not New,OREILLY AUTOMOTIVE INC,842.0,1997.0,793.0,2634.0,-49.0,637.0
67103H107,Not New,OREILLY AUTOMOTIVE INC,842.0,1997.0,18282.0,60728.0,17440.0,58731.0
67103H107,Not New,OREILLY AUTOMOTIVE INC,19926.0,47254.0,793.0,2634.0,-19133.0,-44620.0
67103H107,Not New,OREILLY AUTOMOTIVE INC,19926.0,47254.0,18282.0,60728.0,-1644.0,13474.0
70450Y103,Not New,PAYPAL HLDGS INC,353.0,2028.0,731.0,7634.0,378.0,5606.0
70450Y103,Not New,PAYPAL HLDGS INC,353.0,2028.0,16887.0,176380.0,16534.0,174352.0
70450Y103,Not New,PAYPAL HLDGS INC,8331.0,47817.0,731.0,7634.0,-7600.0,-40183.0
70450Y103,Not New,PAYPAL HLDGS INC,8331.0,47817.0,16887.0,176380.0,8556.0,128563.0
101137107,Not New,BOSTON SCIENTIFIC CORP,1440.0,41001.0,1235.0,37857.0,-205.0,-3144.0
101137107,Not New,BOSTON SCIENTIFIC CORP,1440.0,41001.0,28750.0,881080.0,27310.0,840079.0
101137107,Not New,BOSTON SCIENTIFIC CORP,34068.0,970324.0,1235.0,37857.0,-32833.0,-932467.0
101137107,Not New,BOSTON SCIENTIFIC CORP,34068.0,970324.0,28750.0,881080.0,-5318.0,-89244.0
G21515104,Not New,CHINA BIOLOGIC PRODS HLDGS I,1141.0,11170.0,793.0,7350.0,-348.0,-3820.0
G21515104,Not New,CHINA BIOLOGIC PRODS HLDGS I,1141.0,11170.0,91106.0,844124.0,89965.0,832954.0
G21515104,Not New,CHINA BIOLOGIC PRODS HLDGS I,136587.0,1336727.0,793.0,7350.0,-135794.0,-1329377.0
G21515104,Not New,CHINA BIOLOGIC PRODS HLDGS I,136587.0,1336727.0,91106.0,844124.0,-45481.0,-492603.0
60879BAB3,New Holding,MOMO INC,,,5754.0,7400000.0,,
29404K106,Not New,ENVESTNET INC,667.0,9068.0,1017.0,18917.0,350.0,9849.0
29404K106,Not New,ENVESTNET INC,667.0,9068.0,23481.0,436621.0,22814.0,427553.0
29404K106,Not New,ENVESTNET INC,15732.0,213919.0,1017.0,18917.0,-14715.0,-195002.0
29404K106,Not New,ENVESTNET INC,15732.0,213919.0,23481.0,436621.0,7749.0,222702.0
044186104,Sold Out,ASHLAND GLOBAL HLDGS INC,369.0,7367.0,,,,
044186104,Sold Out,ASHLAND GLOBAL HLDGS INC,22735.0,454055.0,,,,
654106103,Sold Out,NIKE INC,424.0,5122.0,,,,
654106103,Sold Out,NIKE INC,9892.0,119550.0,,,,
46591M109,New Holding,JOYY INC,,,206.0,2321.0,,
46591M109,New Holding,JOYY INC,,,20196.0,228070.0,,
512816109,New Holding,LAMAR ADVERTISING CO NEW,,,653.0,9777.0,,
512816109,New Holding,LAMAR ADVERTISING CO NEW,,,15284.0,228937.0,,
45174J509,New Holding,IHEARTMEDIA INC,,,733.0,91678.0,,
150185106,New Holding,CEDAR FAIR L P,,,7521.0,273473.0,,
16119P108,Sold Out,CHARTER COMMUNICATIONS INC N,353.0,808.0,,,,
16119P108,Sold Out,CHARTER COMMUNICATIONS INC N,8159.0,18701.0,,,,
585464100,New Holding,MELCO RESORTS AND ENTMNT LTD,,,11631.0,749400.0,,
525327102,New Holding,LEIDOS HOLDINGS INC,,,974.0,10401.0,,
525327102,New Holding,LEIDOS HOLDINGS INC,,,23151.0,247153.0,,
G6461G106,Not New,NEW FRONTIER HEALTH CORP,23839.0,2879145.0,27154.0,3291355.0,3315.0,412210.0
83001A102,New Holding,SIX FLAGS ENTMT CORP NEW,,,6990.0,363879.0,,
400110102,New Holding,GRUBHUB INC,,,334.0,4746.0,,
400110102,New Holding,GRUBHUB INC,,,29532.0,420079.0,,
02156K103,Sold Out,ALTICE USA INC,395.0,17706.0,,,,
02156K103,Sold Out,ALTICE USA INC,8999.0,403727.0,,,,
29082A107,New Holding,EMBRAER S.A.,,,2760.0,461492.0,,
444859102,Not New,HUMANA INC,1375.0,3546.0,1457.0,4639.0,82.0,1093.0
444859102,Not New,HUMANA INC,1375.0,3546.0,33567.0,106896.0,32192.0,103350.0
444859102,Not New,HUMANA INC,32315.0,83339.0,1457.0,4639.0,-30858.0,-78700.0
444859102,Not New,HUMANA INC,32315.0,83339.0,33567.0,106896.0,1252.0,23557.0
755111507,Sold Out,RAYTHEON CO,191.0,1459.0,,,,
755111507,Sold Out,RAYTHEON CO,4443.0,33875.0,,,,
876664103,Sold Out,TAUBMAN CTRS INC,1477.0,35258.0,,,,
876664103,Sold Out,TAUBMAN CTRS INC,34267.0,818216.0,,,,
65339F101,Not New,NEXTERA ENERGY INC,1378.0,5736.0,865.0,3594.0,-513.0,-2142.0
65339F101,Not New,NEXTERA ENERGY INC,1378.0,5736.0,20059.0,83362.0,18681.0,77626.0
65339F101,Not New,NEXTERA ENERGY INC,32709.0,136190.0,865.0,3594.0,-31844.0,-132596.0
65339F101,Not New,NEXTERA ENERGY INC,32709.0,136190.0,20059.0,83362.0,-12650.0,-52828.0
670851500,Not New,OI SA,26369.0,25113025.0,1.0,3284.0,-26368.0,-25109741.0
670851500,Not New,OI SA,26369.0,25113025.0,22638.0,51578256.0,-3731.0,26465231.0
232806109,Sold Out,CYPRESS SEMICONDUCTOR CORP,1664.0,71364.0,,,,
232806109,Sold Out,CYPRESS SEMICONDUCTOR CORP,104735.0,4491224.0,,,,
47215P106,Not New,JD.COM INC,1399.0,23245.0,325.0,8033.0,-1074.0,-15212.0
47215P106,Not New,JD.COM INC,1399.0,23245.0,30705.0,758147.0,29306.0,734902.0
47215P106,Not New,JD.COM INC,51615.0,857671.0,325.0,8033.0,-51290.0,-849638.0
47215P106,Not New,JD.COM INC,51615.0,857671.0,30705.0,758147.0,-20910.0,-99524.0
071813109,Sold Out,BAXTER INTL INC,1472.0,18127.0,,,,
071813109,Sold Out,BAXTER INTL INC,33881.0,417302.0,,,,
948596101,New Holding,WEIBO CORP,,,6970.0,207444.0,,
464287242,Sold Out,ISHARES TR,21149.0,171233.0,,,,
G0177J108,Sold Out,ALLERGAN PLC,5579.0,31501.0,,,,
G0177J108,Sold Out,ALLERGAN PLC,193016.0,1089870.0,,,,
46266C105,Not New,IQVIA HLDGS INC,1291.0,9098.0,470.0,4361.0,-821.0,-4737.0
46266C105,Not New,IQVIA HLDGS INC,1291.0,9098.0,10797.0,100100.0,9506.0,91002.0
46266C105,Not New,IQVIA HLDGS INC,30298.0,213550.0,470.0,4361.0,-29828.0,-209189.0
46266C105,Not New,IQVIA HLDGS INC,30298.0,213550.0,10797.0,100100.0,-19501.0,-113450.0
737446104,Not New,POST HLDGS INC,512.0,5846.0,1399.0,16857.0,887.0,11011.0
737446104,Not New,POST HLDGS INC,512.0,5846.0,32408.0,390602.0,31896.0,384756.0
737446104,Not New,POST HLDGS INC,12132.0,138457.0,1399.0,16857.0,-10733.0,-121600.0
737446104,Not New,POST HLDGS INC,12132.0,138457.0,32408.0,390602.0,20276.0,252145.0
874080104,New Holding,TAL EDUCATION GROUP,,,19125.0,279682.0,,
886547108,Not New,TIFFANY & CO NEW,1732.0,14201.0,2334.0,18023.0,602.0,3822.0
886547108,Not New,TIFFANY & CO NEW,1732.0,14201.0,204660.0,1580383.0,202928.0,1566182.0
886547108,Not New,TIFFANY & CO NEW,106721.0,875189.0,2334.0,18023.0,-104387.0,-857166.0
886547108,Not New,TIFFANY & CO NEW,106721.0,875189.0,204660.0,1580383.0,97939.0,705194.0
872540109,Not New,TJX COS INC NEW,687.0,13578.0,495.0,10353.0,-192.0,-3225.0
872540109,Not New,TJX COS INC NEW,687.0,13578.0,11596.0,242536.0,10909.0,228958.0
872540109,Not New,TJX COS INC NEW,15987.0,316201.0,495.0,10353.0,-15492.0,-305848.0
872540109,Not New,TJX COS INC NEW,15987.0,316201.0,11596.0,242536.0,-4391.0,-73665.0
81369Y605,New Holding,SELECT SECTOR SPDR TR,,,28161.0,1217000.0,,
60937P106,New Holding,MONGODB INC,,,173.0,763.0,,
60937P106,New Holding,MONGODB INC,,,4097.0,18101.0,,
02079K107,Not New,ALPHABET INC,1320.0,934.0,545.0,469.0,-775.0,-465.0
02079K107,Not New,ALPHABET INC,1320.0,934.0,12608.0,10843.0,11288.0,9909.0
02079K107,Not New,ALPHABET INC,30907.0,21864.0,545.0,469.0,-30362.0,-21395.0
02079K107,Not New,ALPHABET INC,30907.0,21864.0,12608.0,10843.0,-18299.0,-11021.0
62914V106,New Holding,NIO INC,,,4237.0,548792.0,,
023135106,Not New,AMAZON COM INC,1468.0,532.0,1630.0,836.0,162.0,304.0
023135106,Not New,AMAZON COM INC,1468.0,532.0,37269.0,19115.0,35801.0,18583.0
023135106,Not New,AMAZON COM INC,34372.0,12459.0,1630.0,836.0,-32742.0,-11623.0
023135106,Not New,AMAZON COM INC,34372.0,12459.0,37269.0,19115.0,2897.0,6656.0
57636Q104,Not New,MASTERCARD INCORPORATED,1727.0,5839.0,1451.0,6007.0,-276.0,168.0
57636Q104,Not New,MASTERCARD INCORPORATED,1727.0,5839.0,32950.0,136406.0,31223.0,130567.0
57636Q104,Not New,MASTERCARD INCORPORATED,40165.0,135829.0,1451.0,6007.0,-38714.0,-129822.0
57636Q104,Not New,MASTERCARD INCORPORATED,40165.0,135829.0,32950.0,136406.0,-7215.0,577.0
00507V109,Sold Out,ACTIVISION BLIZZARD INC,478.0,8040.0,,,,
00507V109,Sold Out,ACTIVISION BLIZZARD INC,10869.0,182734.0,,,,
15912K100,Sold Out,CHANGE HEALTHCARE INC,697.0,69780.0,,,,
15912K100,Sold Out,CHANGE HEALTHCARE INC,15672.0,1568802.0,,,,
37940X102,Sold Out,GLOBAL PMTS INC,934.0,6474.0,,,,
37940X102,Sold Out,GLOBAL PMTS INC,21806.0,151186.0,,,,
74909E106,Sold Out,QUORUM HEALTH CORP,1346.0,2980000.0,,,,
191216100,New Holding,COCA COLA CO,,,751.0,16804.0,,
191216100,New Holding,COCA COLA CO,,,17553.0,392851.0,,
647581107,Not New,NEW ORIENTAL ED & TECHNOLOGY,10847.0,83294.0,16414.0,151644.0,5567.0,68350.0
49639K101,New Holding,KINGSOFT CLOUD HLDGS LTD,,,10666.0,338379.0,,
878237106,Sold Out,TECH DATA CORP,669.0,5116.0,,,,
878237106,Sold Out,TECH DATA CORP,15534.0,118718.0,,,,
594918104,Not New,MICROSOFT CORP,1017.0,4996.0,1585.0,10047.0,568.0,5051.0
594918104,Not New,MICROSOFT CORP,1017.0,4996.0,37896.0,240286.0,36879.0,235290.0
594918104,Not New,MICROSOFT CORP,23882.0,117350.0,1585.0,10047.0,-22297.0,-107303.0
594918104,Not New,MICROSOFT CORP,23882.0,117350.0,37896.0,240286.0,14014.0,122936.0
G96629103,New Holding,WILLIS TOWERS WATSON PLC LTD,,,20688.0,105040.0,,
808625107,Sold Out,SCIENCE APPLICATNS INTL CP N,1010.0,13538.0,,,,
808625107,Sold Out,SCIENCE APPLICATNS INTL CP N,23461.0,314361.0,,,,
147528103,New Holding,CASEYS GEN STORES INC,,,1332.0,8907.0,,
147528103,New Holding,CASEYS GEN STORES INC,,,31094.0,207956.0,,
79466L302,New Holding,SALESFORCE COM INC,,,1076.0,5744.0,,
79466L302,New Holding,SALESFORCE COM INC,,,25245.0,134762.0,,
89677Q107,Sold Out,TRIP COM GROUP LTD,3089.0,131735.0,,,,
091727107,Sold Out,BITAUTO HLDGS LTD,15373.0,1479600.0,,,,
31620M106,Not New,FIDELITY NATL INFORMATION SV,1773.0,13221.0,2010.0,16525.0,237.0,3304.0
31620M106,Not New,FIDELITY NATL INFORMATION SV,1773.0,13221.0,45475.0,373852.0,43702.0,360631.0
31620M106,Not New,FIDELITY NATL INFORMATION SV,41010.0,305839.0,2010.0,16525.0,-39000.0,-289314.0
31620M106,Not New,FIDELITY NATL INFORMATION SV,41010.0,305839.0,45475.0,373852.0,4465.0,68013.0
00724F101,Not New,ADOBE INC,943.0,2166.0,1277.0,4013.0,334.0,1847.0
00724F101,Not New,ADOBE INC,943.0,2166.0,29114.0,91485.0,28171.0,89319.0
00724F101,Not New,ADOBE INC,21873.0,50248.0,1277.0,4013.0,-20596.0,-46235.0
00724F101,Not New,ADOBE INC,21873.0,50248.0,29114.0,91485.0,7241.0,41237.0
