CUSIP,status,NAME OF ISSUER,(x$1000)_old,PRN AMT_old,(x$1000),PRN AMT,(x$1000)_change,PRN AMT_change
985817105,Sold Out,YELP INC,7057.0,164013.0,,,,
985817105,Sold Out,YELP INC,112614.0,2617100.0,,,,
86732YAD1,Not New,SUNEDISON INC,7155.0,10175000.0,33353.0,15075000.0,26198.0,4900000.0
969457100,Sold Out,WILLIAMS COS INC DEL,317106.0,5525461.0,,,,
969457100,Sold Out,WILLIAMS COS INC DEL,13480.0,234890.0,,,,
78462F103,Not New,SPDR S&P 500 ETF TR,624043.0,3256500.0,205850.0,1000000.0,-418193.0,-2256500.0
983793100,Not New,XPO LOGISTICS INC,52956.0,2222220.0,18230.0,378380.0,-34726.0,-1843840.0
85590A401,Not New,STARWOOD HOTELS&RESORTS WRLD,136152.0,2048014.0,273717.0,3375471.0,137565.0,1327457.0
85590A401,Not New,STARWOOD HOTELS&RESORTS WRLD,136152.0,2048014.0,11624.0,143344.0,-124528.0,-1904670.0
85590A401,Not New,STARWOOD HOTELS&RESORTS WRLD,8300.0,124843.0,273717.0,3375471.0,265417.0,3250628.0
85590A401,Not New,STARWOOD HOTELS&RESORTS WRLD,8300.0,124843.0,11624.0,143344.0,3324.0,18501.0
85590A401,Not New,STARWOOD HOTELS&RESORTS WRLD,57352.0,862700.0,273717.0,3375471.0,216365.0,2512771.0
85590A401,Not New,STARWOOD HOTELS&RESORTS WRLD,57352.0,862700.0,11624.0,143344.0,-45728.0,-719356.0
85590A401,Not New,STARWOOD HOTELS&RESORTS WRLD,2500.0,37600.0,273717.0,3375471.0,271217.0,3337871.0
85590A401,Not New,STARWOOD HOTELS&RESORTS WRLD,2500.0,37600.0,11624.0,143344.0,9124.0,105744.0
G0750C108,Sold Out,AXALTA COATING SYS LTD,22595.0,683029.0,,,,
464287234,New Holding,ISHARES TR,,,155026.0,4729300.0,,
464287234,New Holding,ISHARES TR,,,7821.0,238600.0,,
92936P100,New Holding,WMIH CORP,,,897.0,345000.0,,
835699307,New Holding,SONY CORP,,,5763.0,235233.0,,
443510201,Not New,HUBBELL INC,26861.0,316199.0,34238.0,316199.0,7377.0,0.0
031162100,New Holding,AMGEN INC,,,12089.0,87399.0,,
031162100,New Holding,AMGEN INC,,,10872.0,78600.0,,
464287655,Not New,ISHARES TR,167010.0,1529400.0,333776.0,2673200.0,166766.0,1143800.0
464287655,Not New,ISHARES TR,167010.0,1529400.0,587828.0,4707900.0,420818.0,3178500.0
464287655,Not New,ISHARES TR,167010.0,1529400.0,28318.0,226800.0,-138692.0,-1302600.0
19075FAA4,Not New,COBALT INTL ENERGY INC,53467.0,76909000.0,56913.0,76909000.0,3446.0,0.0
88732J207,New Holding,TIME WARNER CABLE INC,,,128159.0,714493.0,,
88732J207,New Holding,TIME WARNER CABLE INC,,,6993.0,38986.0,,
009158106,Not New,AIR PRODS & CHEMS INC,164998.0,1293292.0,178852.0,1307111.0,13854.0,13819.0
009158106,Not New,AIR PRODS & CHEMS INC,164998.0,1293292.0,19088.0,139504.0,-145910.0,-1153788.0
009158106,Not New,AIR PRODS & CHEMS INC,17233.0,135076.0,178852.0,1307111.0,161619.0,1172035.0
009158106,Not New,AIR PRODS & CHEMS INC,17233.0,135076.0,19088.0,139504.0,1855.0,4428.0
009158106,Not New,AIR PRODS & CHEMS INC,12758.0,100000.0,178852.0,1307111.0,166094.0,1207111.0
009158106,Not New,AIR PRODS & CHEMS INC,12758.0,100000.0,19088.0,139504.0,6330.0,39504.0
50076Q106,Sold Out,KRAFT FOODS GROUP INC,555591.0,6525613.0,,,,
50076Q106,Sold Out,KRAFT FOODS GROUP INC,26392.0,309981.0,,,,
531465102,Not New,LIBERTY TRIPADVISOR HLDGS IN,23717.0,1069761.0,39389.0,1222502.0,15672.0,152741.0
29273V100,Sold Out,ENERGY TRANSFER EQUITY L P,162346.0,2529933.0,,,,
29273V100,Sold Out,ENERGY TRANSFER EQUITY L P,2477.0,38600.0,,,,
278641103,Sold Out,EBAY INC,127278.0,5020100.0,,,,
278641103,Sold Out,EBAY INC,5563.0,219400.0,,,,
66704R704,Sold Out,NORTHSTAR RLTY FIN CORP,29383.0,1848009.0,,,,
46122T102,Not New,INTREXON CORP,10508.0,330425.0,31230.0,639969.0,20722.0,309544.0
46122T102,Not New,INTREXON CORP,6579.0,206900.0,31230.0,639969.0,24651.0,433069.0
552953101,Not New,MGM RESORTS INTERNATIONAL,20984.0,1137369.0,46346.0,2539515.0,25362.0,1402146.0
552953101,Not New,MGM RESORTS INTERNATIONAL,20984.0,1137369.0,5953.0,326211.0,-15031.0,-811158.0
552953101,Not New,MGM RESORTS INTERNATIONAL,20984.0,1137369.0,36500.0,2000000.0,15516.0,862631.0
552953101,Not New,MGM RESORTS INTERNATIONAL,9692.0,525300.0,46346.0,2539515.0,36654.0,2014215.0
552953101,Not New,MGM RESORTS INTERNATIONAL,9692.0,525300.0,5953.0,326211.0,-3739.0,-199089.0
552953101,Not New,MGM RESORTS INTERNATIONAL,9692.0,525300.0,36500.0,2000000.0,26808.0,1474700.0
552953101,Not New,MGM RESORTS INTERNATIONAL,4613.0,250000.0,46346.0,2539515.0,41733.0,2289515.0
552953101,Not New,MGM RESORTS INTERNATIONAL,4613.0,250000.0,5953.0,326211.0,1340.0,76211.0
552953101,Not New,MGM RESORTS INTERNATIONAL,4613.0,250000.0,36500.0,2000000.0,31887.0,1750000.0
760174102,Sold Out,RENTRAK CORP,13960.0,200000.0,,,,
N47279109,Not New,INTERXION HOLDING N.V,74107.0,2736606.0,64398.0,2329026.0,-9709.0,-407580.0
92857W308,Sold Out,VODAFONE GROUP PLC NEW,16364.0,448934.0,,,,
836034AB4,Not New,SOUFUN HLDGS LTD,5239.0,5500000.0,7076.0,7500000.0,1837.0,2000000.0
202608105,Not New,COMMERCIAL VEH GROUP INC,6965.0,1728354.0,14872.0,2062641.0,7907.0,334287.0
M37605116,Not New,ELBIT IMAGING LTD,6798.0,5447850.0,7108.0,5447850.0,310.0,0.0
G5480U138,New Holding,LIBERTY GLOBAL PLC,,,1337.0,39698.0,,
G5480U138,New Holding,LIBERTY GLOBAL PLC,,,89.0,2647.0,,
767204100,Sold Out,RIO TINTO PLC,96106.0,2332100.0,,,,
267475101,Not New,DYCOM INDS INC,187391.0,2589700.0,169227.0,2875566.0,-18164.0,285866.0
02376R102,Not New,AMERICAN AIRLS GROUP INC,53174.0,1369411.0,317054.0,7939246.0,263880.0,6569835.0
02376R102,Not New,AMERICAN AIRLS GROUP INC,53174.0,1369411.0,7527.0,188490.0,-45647.0,-1180921.0
02376R102,Not New,AMERICAN AIRLS GROUP INC,53174.0,1369411.0,20834.0,521700.0,-32340.0,-847711.0
02376R102,Not New,AMERICAN AIRLS GROUP INC,27022.0,695900.0,317054.0,7939246.0,290032.0,7243346.0
02376R102,Not New,AMERICAN AIRLS GROUP INC,27022.0,695900.0,7527.0,188490.0,-19495.0,-507410.0
02376R102,Not New,AMERICAN AIRLS GROUP INC,27022.0,695900.0,20834.0,521700.0,-6188.0,-174200.0
N59465109,Sold Out,MYLAN N V,164897.0,2429962.0,,,,
N59465109,Sold Out,MYLAN N V,8925.0,131518.0,,,,
86732YAC3,Not New,SUNEDISON INC,7716.0,10175000.0,33651.0,15075000.0,25935.0,4900000.0
071813141,Sold Out,BAXTER INTL INC,5601.0,147399.0,,,,
071813141,Sold Out,BAXTER INTL INC,228.0,5995.0,,,,
339041105,Not New,FLEETCOR TECHNOLOGIES INC,31419.0,228300.0,65149.0,417463.0,33730.0,189163.0
032359309,Sold Out,AMTRUST FINL SVCS INC,103164.0,1574783.0,,,,
81369Y308,New Holding,SELECT SECTOR SPDR TR,,,31065.0,658300.0,,
16411R208,Sold Out,CHENIERE ENERGY INC,198747.0,2869582.0,,,,
16411R208,Sold Out,CHENIERE ENERGY INC,8402.0,121313.0,,,,
G97822103,Not New,PERRIGO CO PLC,460329.0,2926996.0,590838.0,3196659.0,130509.0,269663.0
G97822103,Not New,PERRIGO CO PLC,460329.0,2926996.0,21760.0,117732.0,-438569.0,-2809264.0
G97822103,Not New,PERRIGO CO PLC,22494.0,143027.0,590838.0,3196659.0,568344.0,3053632.0
G97822103,Not New,PERRIGO CO PLC,22494.0,143027.0,21760.0,117732.0,-734.0,-25295.0
464287739,Sold Out,ISHARES TR,60983.0,855300.0,,,,
38388F108,Not New,GRACE W R & CO DEL NEW,33815.0,363410.0,216517.0,2158690.0,182702.0,1795280.0
747525103,Sold Out,QUALCOMM INC,103590.0,1654000.0,,,,
Y7542C106,Not New,SCORPIO TANKERS INC,29803.0,3250000.0,83064.0,8232284.0,53261.0,4982284.0
378973408,Not New,GLOBALSTAR INC,43103.0,27454077.0,64254.0,30452077.0,21151.0,2998000.0
16411W108,Not New,CHENIERE ENERGY PTNRS LP HLD,73273.0,3854450.0,90271.0,3854450.0,16998.0,0.0
G5480U153,New Holding,LIBERTY GLOBAL PLC,,,244.0,7122.0,,
232806109,Not New,CYPRESS SEMICONDUCTOR CORP,7668.0,900000.0,15288.0,1300000.0,7620.0,400000.0
G9019D104,New Holding,TRAVELPORT WORLDWIDE LTD,,,27233.0,2060002.0,,
278642103,New Holding,EBAY INC,,,68065.0,2785000.0,,
278642103,New Holding,EBAY INC,,,3791.0,155100.0,,
071813109,Not New,BAXTER INTL INC,322999.0,9832546.0,542483.0,7757510.0,219484.0,-2075036.0
071813109,Not New,BAXTER INTL INC,322999.0,9832546.0,22158.0,316865.0,-300841.0,-9515681.0
071813109,Not New,BAXTER INTL INC,17609.0,536044.0,542483.0,7757510.0,524874.0,7221466.0
071813109,Not New,BAXTER INTL INC,17609.0,536044.0,22158.0,316865.0,4549.0,-219179.0
071813109,Not New,BAXTER INTL INC,11498.0,350000.0,542483.0,7757510.0,530985.0,7407510.0
071813109,Not New,BAXTER INTL INC,11498.0,350000.0,22158.0,316865.0,10660.0,-33135.0
25389M877,Sold Out,DIGITALGLOBE INC,35557.0,1279495.0,,,,
458118106,Not New,INTEGRATED DEVICE TECHNOLOGY,14971.0,737500.0,33093.0,1525000.0,18122.0,787500.0
500754106,New Holding,KRAFT HEINZ CO,,,267397.0,3788562.0,,
500754106,New Holding,KRAFT HEINZ CO,,,19533.0,276756.0,,
871639308,Sold Out,SYNERGY PHARMACEUTICALS DEL,15356.0,1850075.0,,,,
G0177J116,Not New,ALLERGAN PLC,9435.0,10000.0,10457.0,10000.0,1022.0,0.0
43742E102,New Holding,HOMEINNS HOTEL GROUP,,,5466.0,190200.0,,
86732Y109,Sold Out,SUNEDISON INC,177745.0,5942661.0,,,,
57060U233,New Holding,MARKET VECTORS ETF TR,,,263885.0,5290400.0,,
57060U233,New Holding,MARKET VECTORS ETF TR,,,16600.0,332800.0,,
34960P101,Sold Out,FORTRESS TRANS INFRST INVS L,17369.0,958011.0,,,,
580135101,Sold Out,MCDONALDS CORP,27082.0,284862.0,,,,
580135101,Sold Out,MCDONALDS CORP,27085.0,284900.0,,,,
28035Q102,New Holding,EDGEWELL PERS CARE CO,,,100172.0,1227600.0,,
056752108,Sold Out,BAIDU INC,14741.0,74046.0,,,,
260543103,Sold Out,DOW CHEM CO,42949.0,839335.0,,,,
512807108,Sold Out,LAM RESEARCH CORP,18871.0,231976.0,,,,
70450Y103,New Holding,PAYPAL HLDGS INC,,,47418.0,1527650.0,,
70450Y103,New Holding,PAYPAL HLDGS INC,,,2413.0,77724.0,,
70450Y103,New Holding,PAYPAL HLDGS INC,,,53212.0,1714300.0,,
70450Y103,New Holding,PAYPAL HLDGS INC,,,2908.0,93700.0,,
111320107,Not New,BROADCOM CORP,275543.0,5357630.0,195994.0,3806444.0,-79549.0,-1551186.0
111320107,Not New,BROADCOM CORP,275543.0,5357630.0,7379.0,143319.0,-268164.0,-5214311.0
111320107,Not New,BROADCOM CORP,14728.0,286370.0,195994.0,3806444.0,181266.0,3520074.0
111320107,Not New,BROADCOM CORP,14728.0,286370.0,7379.0,143319.0,-7349.0,-143051.0
25470M109,Not New,DISH NETWORK CORP,143371.0,2457505.0,302161.0,4462583.0,158790.0,2005078.0
25470M109,Not New,DISH NETWORK CORP,143371.0,2457505.0,15810.0,233492.0,-127561.0,-2224013.0
25470M109,Not New,DISH NETWORK CORP,10173.0,174373.0,302161.0,4462583.0,291988.0,4288210.0
25470M109,Not New,DISH NETWORK CORP,10173.0,174373.0,15810.0,233492.0,5637.0,59119.0
25470M109,Not New,DISH NETWORK CORP,58340.0,1000000.0,302161.0,4462583.0,243821.0,3462583.0
25470M109,Not New,DISH NETWORK CORP,58340.0,1000000.0,15810.0,233492.0,-42530.0,-766508.0
25470M109,Not New,DISH NETWORK CORP,3553.0,60900.0,302161.0,4462583.0,298608.0,4401683.0
25470M109,Not New,DISH NETWORK CORP,3553.0,60900.0,15810.0,233492.0,12257.0,172592.0
582839106,Not New,MEAD JOHNSON NUTRITION CO,15460.0,219600.0,224607.0,2489551.0,209147.0,2269951.0
582839106,Not New,MEAD JOHNSON NUTRITION CO,15460.0,219600.0,19168.0,212453.0,3708.0,-7147.0
582839106,Not New,MEAD JOHNSON NUTRITION CO,15460.0,219600.0,20146.0,223300.0,4686.0,3700.0
G1154H107,Not New,BELMOND LTD,6985.0,690900.0,8629.0,690900.0,1644.0,0.0
60871R209,Not New,MOLSON COORS BREWING CO,136285.0,1641589.0,213994.0,3065376.0,77709.0,1423787.0
60871R209,Not New,MOLSON COORS BREWING CO,136285.0,1641589.0,10324.0,147880.0,-125961.0,-1493709.0
60871R209,Not New,MOLSON COORS BREWING CO,8466.0,101976.0,213994.0,3065376.0,205528.0,2963400.0
60871R209,Not New,MOLSON COORS BREWING CO,8466.0,101976.0,10324.0,147880.0,1858.0,45904.0
60871R209,Not New,MOLSON COORS BREWING CO,70957.0,854700.0,213994.0,3065376.0,143037.0,2210676.0
60871R209,Not New,MOLSON COORS BREWING CO,70957.0,854700.0,10324.0,147880.0,-60633.0,-706820.0
60871R209,Not New,MOLSON COORS BREWING CO,3769.0,45400.0,213994.0,3065376.0,210225.0,3019976.0
60871R209,Not New,MOLSON COORS BREWING CO,3769.0,45400.0,10324.0,147880.0,6555.0,102480.0
98973P101,Sold Out,ZIOPHARM ONCOLOGY INC,5144.0,428657.0,,,,
887317303,New Holding,TIME WARNER INC,,,35454.0,515700.0,,
85172J101,New Holding,SPRINGLEAF HLDGS INC,,,50724.0,1160209.0,,
836034108,Not New,SOUFUN HLDGS LTD,5264.0,797510.0,4613.0,548542.0,-651.0,-248968.0
911363109,Sold Out,UNITED RENTALS INC,68617.0,783115.0,,,,
55616P104,New Holding,MACYS INC,,,44869.0,874300.0,,
55616P104,New Holding,MACYS INC,,,2078.0,40500.0,,
G9108L108,New Holding,TSAKOS ENERGY NAVIGATION LTD,,,21352.0,2626357.0,,
91912E105,Sold Out,VALE S A,24345.0,4133300.0,,,,
91912E105,Sold Out,VALE S A,1000.0,169700.0,,,,
Y1771G102,Not New,COSTAMARE INC,19259.0,1569578.0,28833.0,1569578.0,9574.0,0.0
125509109,Sold Out,CIGNA CORPORATION,11492.0,70936.0,,,,
20337X109,Not New,COMMSCOPE HLDG CO INC,15015.0,500000.0,23645.0,775000.0,8630.0,275000.0
952355204,Not New,WEST CORP,7298.0,325786.0,21133.0,702096.0,13835.0,376310.0
700215304,Not New,PARK CITY GROUP INC,1699.0,160754.0,1528.0,123348.0,-171.0,-37406.0
966244105,Not New,WHITEWAVE FOODS CO,134457.0,3348858.0,138399.0,2831410.0,3942.0,-517448.0
966244105,Not New,WHITEWAVE FOODS CO,134457.0,3348858.0,34671.0,709300.0,-99786.0,-2639558.0
966244105,Not New,WHITEWAVE FOODS CO,47779.0,1190000.0,138399.0,2831410.0,90620.0,1641410.0
966244105,Not New,WHITEWAVE FOODS CO,47779.0,1190000.0,34671.0,709300.0,-13108.0,-480700.0
038222105,Sold Out,APPLIED MATLS INC,11724.0,610000.0,,,,
038222105,Sold Out,APPLIED MATLS INC,9610.0,500000.0,,,,
31428X106,New Holding,FEDEX CORP,,,29572.0,205390.0,,
31428X106,New Holding,FEDEX CORP,,,1647.0,11440.0,,
31428X106,New Holding,FEDEX CORP,,,303539.0,2108200.0,,
31428X106,New Holding,FEDEX CORP,,,16817.0,116800.0,,
05545E209,Sold Out,BHP BILLITON PLC,94928.0,2331800.0,,,,
69366J200,Not New,PTC THERAPEUTICS INC,12786.0,478876.0,21773.0,452387.0,8987.0,-26489.0
69366J200,Not New,PTC THERAPEUTICS INC,9468.0,354600.0,21773.0,452387.0,12305.0,97787.0
25490A309,Sold Out,DIRECTV,292461.0,3151857.0,,,,
25490A309,Sold Out,DIRECTV,17796.0,191789.0,,,,
03852U106,Not New,ARAMARK,118479.0,3997282.0,214871.0,6938051.0,96392.0,2940769.0
767754104,Sold Out,RITE AID CORP,16700.0,2000000.0,,,,
42805T105,Not New,HERTZ GLOBAL HOLDINGS INC,158883.0,9496905.0,192296.0,10612339.0,33413.0,1115434.0
42805T105,Not New,HERTZ GLOBAL HOLDINGS INC,158883.0,9496905.0,7190.0,396810.0,-151693.0,-9100095.0
832696405,Sold Out,SMUCKER J M CO,14765.0,136197.0,,,,
832696405,Sold Out,SMUCKER J M CO,1555.0,14344.0,,,,
87157D109,Sold Out,SYNAPTICS INC,10842.0,125000.0,,,,
Y8213L102,Not New,SUNEDISON SEMICONDUCTOR LTD,4901.0,465000.0,21957.0,1271370.0,17056.0,806370.0
G5480U104,Not New,LIBERTY GLOBAL PLC,34094.0,794001.0,53497.0,989409.0,19403.0,195408.0
G5480U104,Not New,LIBERTY GLOBAL PLC,34094.0,794001.0,2597.0,48024.0,-31497.0,-745977.0
G5480U104,Not New,LIBERTY GLOBAL PLC,2275.0,52975.0,53497.0,989409.0,51222.0,936434.0
G5480U104,Not New,LIBERTY GLOBAL PLC,2275.0,52975.0,2597.0,48024.0,322.0,-4951.0
444859102,Sold Out,HUMANA INC,252223.0,1318608.0,,,,
444859102,Sold Out,HUMANA INC,10242.0,53545.0,,,,
444859102,Sold Out,HUMANA INC,84163.0,440000.0,,,,
N6596X109,Not New,NXP SEMICONDUCTORS N V,201774.0,2317374.0,433707.0,4416566.0,231933.0,2099192.0
N6596X109,Not New,NXP SEMICONDUCTORS N V,201774.0,2317374.0,18199.0,185323.0,-183575.0,-2132051.0
N6596X109,Not New,NXP SEMICONDUCTORS N V,201774.0,2317374.0,23440.0,238700.0,-178334.0,-2078674.0
N6596X109,Not New,NXP SEMICONDUCTORS N V,201774.0,2317374.0,1110.0,11300.0,-200664.0,-2306074.0
N6596X109,Not New,NXP SEMICONDUCTORS N V,9001.0,103378.0,433707.0,4416566.0,424706.0,4313188.0
N6596X109,Not New,NXP SEMICONDUCTORS N V,9001.0,103378.0,18199.0,185323.0,9198.0,81945.0
N6596X109,Not New,NXP SEMICONDUCTORS N V,9001.0,103378.0,23440.0,238700.0,14439.0,135322.0
N6596X109,Not New,NXP SEMICONDUCTORS N V,9001.0,103378.0,1110.0,11300.0,-7891.0,-92078.0
N6596X109,Not New,NXP SEMICONDUCTORS N V,118946.0,1366100.0,433707.0,4416566.0,314761.0,3050466.0
N6596X109,Not New,NXP SEMICONDUCTORS N V,118946.0,1366100.0,18199.0,185323.0,-100747.0,-1180777.0
N6596X109,Not New,NXP SEMICONDUCTORS N V,118946.0,1366100.0,23440.0,238700.0,-95506.0,-1127400.0
N6596X109,Not New,NXP SEMICONDUCTORS N V,118946.0,1366100.0,1110.0,11300.0,-117836.0,-1354800.0
N6596X109,Not New,NXP SEMICONDUCTORS N V,6591.0,75700.0,433707.0,4416566.0,427116.0,4340866.0
N6596X109,Not New,NXP SEMICONDUCTORS N V,6591.0,75700.0,18199.0,185323.0,11608.0,109623.0
N6596X109,Not New,NXP SEMICONDUCTORS N V,6591.0,75700.0,23440.0,238700.0,16849.0,163000.0
N6596X109,Not New,NXP SEMICONDUCTORS N V,6591.0,75700.0,1110.0,11300.0,-5481.0,-64400.0
872590104,Sold Out,T MOBILE US INC,117698.0,3035801.0,,,,
872590104,Sold Out,T MOBILE US INC,4873.0,125698.0,,,,
126408103,Not New,CSX CORP,115257.0,4284639.0,19023.0,582637.0,-96234.0,-3702002.0
126408103,Not New,CSX CORP,115257.0,4284639.0,3276.0,100338.0,-111981.0,-4184301.0
126408103,Not New,CSX CORP,6370.0,236791.0,19023.0,582637.0,12653.0,345846.0
126408103,Not New,CSX CORP,6370.0,236791.0,3276.0,100338.0,-3094.0,-136453.0
98978V103,Not New,ZOETIS INC,142834.0,3468523.0,208011.0,4313799.0,65177.0,845276.0
98978V103,Not New,ZOETIS INC,142834.0,3468523.0,20817.0,431703.0,-122017.0,-3036820.0
98978V103,Not New,ZOETIS INC,17933.0,435470.0,208011.0,4313799.0,190078.0,3878329.0
98978V103,Not New,ZOETIS INC,17933.0,435470.0,20817.0,431703.0,2884.0,-3767.0
47215P106,New Holding,JD COM INC,,,3905.0,149831.0,,
03524A108,Not New,ANHEUSER BUSCH INBEV SA/NV,29036.0,273100.0,258739.0,2144188.0,229703.0,1871088.0
03524A108,Not New,ANHEUSER BUSCH INBEV SA/NV,29036.0,273100.0,16754.0,138843.0,-12282.0,-134257.0
907818108,New Holding,UNON PAC CORP,,,106244.0,1201714.0,,
907818108,New Holding,UNON PAC CORP,,,5849.0,66156.0,,
G0177J108,Not New,ALLERGAN PLC,296666.0,1091446.0,252247.0,831237.0,-44419.0,-260209.0
G0177J108,Not New,ALLERGAN PLC,296666.0,1091446.0,9202.0,30323.0,-287464.0,-1061123.0
G0177J108,Not New,ALLERGAN PLC,15482.0,56958.0,252247.0,831237.0,236765.0,774279.0
G0177J108,Not New,ALLERGAN PLC,15482.0,56958.0,9202.0,30323.0,-6280.0,-26635.0
G0177J108,Not New,ALLERGAN PLC,8154.0,30000.0,252247.0,831237.0,244093.0,801237.0
G0177J108,Not New,ALLERGAN PLC,8154.0,30000.0,9202.0,30323.0,1048.0,323.0
78636X105,Not New,SAEXPLORATION HLDGS INC,682.0,257301.0,875.0,257301.0,193.0,0.0
226718104,Not New,CRITEO S A,34927.0,930392.0,27858.0,584392.0,-7069.0,-346000.0
Y0486S104,Not New,AVAGO TECHNOLOGIES LTD,142961.0,1143600.0,153566.0,1155238.0,10605.0,11638.0
Y0486S104,Not New,AVAGO TECHNOLOGIES LTD,142961.0,1143600.0,5458.0,41061.0,-137503.0,-1102539.0
Y0486S104,Not New,AVAGO TECHNOLOGIES LTD,7813.0,62500.0,153566.0,1155238.0,145753.0,1092738.0
Y0486S104,Not New,AVAGO TECHNOLOGIES LTD,7813.0,62500.0,5458.0,41061.0,-2355.0,-21439.0
247361702,Not New,DELTA AIR LINES INC DEL,44547.0,992800.0,158684.0,3862800.0,114137.0,2870000.0
247361702,Not New,DELTA AIR LINES INC DEL,44547.0,992800.0,5735.0,139600.0,-38812.0,-853200.0
247361702,Not New,DELTA AIR LINES INC DEL,2122.0,47300.0,158684.0,3862800.0,156562.0,3815500.0
247361702,Not New,DELTA AIR LINES INC DEL,2122.0,47300.0,5735.0,139600.0,3613.0,92300.0
191216100,Sold Out,COCA COLA CO,39230.0,1000000.0,,,,
910047109,Sold Out,UNITED CONTL HLDGS INC,174048.0,3283300.0,,,,
910047109,Sold Out,UNITED CONTL HLDGS INC,3670.0,137100.0,,,,
G5480U120,Not New,LIBERTY GLOBAL PLC,5844.0,142477.0,14137.0,279228.0,8293.0,136751.0
G5480U120,Not New,LIBERTY GLOBAL PLC,5844.0,142477.0,6541.0,129201.0,697.0,-13276.0
988498101,Not New,YUM BRANDS INC,126871.0,1586875.0,154500.0,1715139.0,27629.0,128264.0
988498101,Not New,YUM BRANDS INC,126871.0,1586875.0,6108.0,67807.0,-120763.0,-1519068.0
988498101,Not New,YUM BRANDS INC,6943.0,86840.0,154500.0,1715139.0,147557.0,1628299.0
988498101,Not New,YUM BRANDS INC,6943.0,86840.0,6108.0,67807.0,-835.0,-19033.0
988498101,Not New,YUM BRANDS INC,107453.0,1344000.0,154500.0,1715139.0,47047.0,371139.0
988498101,Not New,YUM BRANDS INC,107453.0,1344000.0,6108.0,67807.0,-101345.0,-1276193.0
988498101,Not New,YUM BRANDS INC,5868.0,73400.0,154500.0,1715139.0,148632.0,1641739.0
988498101,Not New,YUM BRANDS INC,5868.0,73400.0,6108.0,67807.0,240.0,-5593.0
483007704,Not New,KAISER ALUMINUM CORP,424.0,5281.0,439.0,5281.0,15.0,0.0
231082108,Not New,CUMULUS MEDIA INC,40.0,56187.0,114.0,56187.0,74.0,0.0
073302101,Sold Out,B/E AEROSPACE INC,65189.0,1187408.0,,,,
073302101,Sold Out,B/E AEROSPACE INC,7482.0,136289.0,,,,
27875TAA9,Sold Out,ECHO GLOBAL LOGISTICS INC,1620.0,1500000.0,,,,
