CUSIP,status,NAME OF ISSUER,(x$1000)_old,PRN AMT_old,(x$1000),PRN AMT,(x$1000)_change,PRN AMT_change
110122157,Not New,BRISTOL-MYERS SQUIBB CO,210.0,55365.0,159.0,52825.0,-51.0,-2540.0
110122157,Not New,BRISTOL-MYERS SQUIBB CO,210.0,55365.0,6320.0,2099519.0,6110.0,2044154.0
110122157,Not New,BRISTOL-MYERS SQUIBB CO,8019.0,2110201.0,159.0,52825.0,-7860.0,-2057376.0
110122157,Not New,BRISTOL-MYERS SQUIBB CO,8019.0,2110201.0,6320.0,2099519.0,-1699.0,-10682.0
469814107,Sold Out,JACOBS ENGR GROUP INC,759.0,8448.0,,,,
469814107,Sold Out,JACOBS ENGR GROUP INC,18007.0,200460.0,,,,
N72482123,Sold Out,QIAGEN NV,221.0,6540.0,,,,
N72482123,Sold Out,QIAGEN NV,17771.0,525760.0,,,,
36165L108,Not New,GDS HLDGS LTD,13964.0,240888.0,13142.0,254784.0,-822.0,13896.0
76131D103,New Holding,RESTAURANT BRANDS INTL INC,,,312.0,7785.0,,
76131D103,New Holding,RESTAURANT BRANDS INTL INC,,,7258.0,181316.0,,
28414H103,New Holding,ELANCO ANIMAL HEALTH INC,,,468.0,20887.0,,
28414H103,New Holding,ELANCO ANIMAL HEALTH INC,,,28440.0,1270227.0,,
78462F103,Sold Out,SPDR S&P 500 ETF TR,229872.0,714200.0,,,,
34964C106,Sold Out,FORTUNE BRANDS HOME & SEC IN,910.0,13928.0,,,,
34964C106,Sold Out,FORTUNE BRANDS HOME & SEC IN,21595.0,330497.0,,,,
90353T100,New Holding,UBER TECHNOLOGIES INC,,,1657.0,59338.0,,
90353T100,New Holding,UBER TECHNOLOGIES INC,,,38099.0,1364561.0,,
12503M108,Sold Out,CBOE GLOBAL MARKETS INC,229.0,1907.0,,,,
12503M108,Sold Out,CBOE GLOBAL MARKETS INC,11780.0,98165.0,,,,
058498106,New Holding,BALL CORP,,,1164.0,18003.0,,
058498106,New Holding,BALL CORP,,,26759.0,413848.0,,
29415F104,Not New,ENVISTA HOLDINGS CORPORATION,360.0,24113.0,1293.0,43624.0,933.0,19511.0
29415F104,Not New,ENVISTA HOLDINGS CORPORATION,360.0,24113.0,31941.0,1077642.0,31581.0,1053529.0
29415F104,Not New,ENVISTA HOLDINGS CORPORATION,8358.0,559434.0,1293.0,43624.0,-7065.0,-515810.0
29415F104,Not New,ENVISTA HOLDINGS CORPORATION,8358.0,559434.0,31941.0,1077642.0,23583.0,518208.0
697435105,Sold Out,PALO ALTO NETWORKS INC,588.0,2543.0,,,,
697435105,Sold Out,PALO ALTO NETWORKS INC,13892.0,60074.0,,,,
05545E209,New Holding,BHP GROUP PLC,,,682.0,22476.0,,
05545E209,New Holding,BHP GROUP PLC,,,67770.0,2233693.0,,
65342K105,Not New,NEXTDECADE CORP,108802.0,57873196.0,353223.0,57873196.0,244421.0,0.0
67103H107,New Holding,O REILLY AUTOMOTIVE INC NEW,,,793.0,2634.0,,
67103H107,New Holding,O REILLY AUTOMOTIVE INC NEW,,,18282.0,60728.0,,
70450Y103,New Holding,PAYPAL HLDGS INC,,,731.0,7634.0,,
70450Y103,New Holding,PAYPAL HLDGS INC,,,16887.0,176380.0,,
101137107,New Holding,BOSTON SCIENTIFIC CORP,,,1235.0,37857.0,,
101137107,New Holding,BOSTON SCIENTIFIC CORP,,,28750.0,881080.0,,
G21515104,Not New,CHINA BIOLOGIC PRODS HLDGS I,793.0,7350.0,1033.0,8874.0,240.0,1524.0
G21515104,Not New,CHINA BIOLOGIC PRODS HLDGS I,793.0,7350.0,127237.0,1093289.0,126444.0,1085939.0
G21515104,Not New,CHINA BIOLOGIC PRODS HLDGS I,91106.0,844124.0,1033.0,8874.0,-90073.0,-835250.0
G21515104,Not New,CHINA BIOLOGIC PRODS HLDGS I,91106.0,844124.0,127237.0,1093289.0,36131.0,249165.0
46267X108,Sold Out,IQIYI INC,19631.0,929944.0,,,,
388689101,Sold Out,GRAPHIC PACKAGING HLDG CO,761.0,45730.0,,,,
388689101,Sold Out,GRAPHIC PACKAGING HLDG CO,18067.0,1085103.0,,,,
29404K106,Not New,ENVESTNET INC,1017.0,18917.0,904.0,12978.0,-113.0,-5939.0
29404K106,Not New,ENVESTNET INC,1017.0,18917.0,20107.0,288770.0,19090.0,269853.0
29404K106,Not New,ENVESTNET INC,23481.0,436621.0,904.0,12978.0,-22577.0,-423643.0
29404K106,Not New,ENVESTNET INC,23481.0,436621.0,20107.0,288770.0,-3374.0,-147851.0
044186104,Not New,ASHLAND GLOBAL HLDGS INC,369.0,7367.0,918.0,11997.0,549.0,4630.0
044186104,Not New,ASHLAND GLOBAL HLDGS INC,369.0,7367.0,57806.0,755343.0,57437.0,747976.0
044186104,Not New,ASHLAND GLOBAL HLDGS INC,22735.0,454055.0,918.0,11997.0,-21817.0,-442058.0
044186104,Not New,ASHLAND GLOBAL HLDGS INC,22735.0,454055.0,57806.0,755343.0,35071.0,301288.0
654106103,New Holding,NIKE INC,,,424.0,5122.0,,
654106103,New Holding,NIKE INC,,,9892.0,119550.0,,
45174J509,Sold Out,IHEARTMEDIA INC,618.0,36576.0,,,,
16119P108,New Holding,CHARTER COMMUNICATIONS INC N,,,353.0,808.0,,
16119P108,New Holding,CHARTER COMMUNICATIONS INC N,,,8159.0,18701.0,,
G6461G106,New Holding,NEW FRONTIER HEALTH CORP,,,27154.0,3291355.0,,
548661107,Sold Out,LOWES COS INC,940.0,7848.0,,,,
548661107,Sold Out,LOWES COS INC,22133.0,184812.0,,,,
02156K103,New Holding,ALTICE USA INC,,,395.0,17706.0,,
02156K103,New Holding,ALTICE USA INC,,,8999.0,403727.0,,
444859102,New Holding,HUMANA INC,,,1457.0,4639.0,,
444859102,New Holding,HUMANA INC,,,33567.0,106896.0,,
876664103,New Holding,TAUBMAN CTRS INC,,,1477.0,35258.0,,
876664103,New Holding,TAUBMAN CTRS INC,,,34267.0,818216.0,,
65339F101,New Holding,NEXTERA ENERGY INC,,,865.0,3594.0,,
65339F101,New Holding,NEXTERA ENERGY INC,,,20059.0,83362.0,,
232806109,New Holding,CYPRESS SEMICONDUCTOR CORP,,,1664.0,71364.0,,
232806109,New Holding,CYPRESS SEMICONDUCTOR CORP,,,104735.0,4491224.0,,
670851500,Not New,OI SA,1.0,3284.0,63.0,67866.0,62.0,64582.0
670851500,Not New,OI SA,1.0,3284.0,86586.0,92943006.0,86585.0,92939722.0
670851500,Not New,OI SA,22638.0,51578256.0,63.0,67866.0,-22575.0,-51510390.0
670851500,Not New,OI SA,22638.0,51578256.0,86586.0,92943006.0,63948.0,41364750.0
47215P106,Not New,JD COM INC,325.0,8033.0,220.0,6248.0,-105.0,-1785.0
47215P106,Not New,JD COM INC,325.0,8033.0,22035.0,625471.0,21710.0,617438.0
47215P106,Not New,JD COM INC,30705.0,758147.0,220.0,6248.0,-30485.0,-751899.0
47215P106,Not New,JD COM INC,30705.0,758147.0,22035.0,625471.0,-8670.0,-132676.0
071813109,New Holding,BAXTER INTL INC,,,1472.0,18127.0,,
071813109,New Holding,BAXTER INTL INC,,,33881.0,417302.0,,
229669106,Sold Out,CUBIC CORP,472.0,7419.0,,,,
229669106,Sold Out,CUBIC CORP,11832.0,186128.0,,,,
464287242,New Holding,ISHARES TR,,,21149.0,171233.0,,
G0177J108,Not New,ALLERGAN PLC,5579.0,31501.0,4295.0,22465.0,-1284.0,-9036.0
G0177J108,Not New,ALLERGAN PLC,5579.0,31501.0,102986.0,538712.0,97407.0,507211.0
G0177J108,Not New,ALLERGAN PLC,193016.0,1089870.0,4295.0,22465.0,-188721.0,-1067405.0
G0177J108,Not New,ALLERGAN PLC,193016.0,1089870.0,102986.0,538712.0,-90030.0,-551158.0
907818108,Sold Out,UNION PACIFIC CORP,1053.0,5822.0,,,,
907818108,Sold Out,UNION PACIFIC CORP,27950.0,154597.0,,,,
92220P105,Sold Out,VARIAN MED SYS INC,978.0,6888.0,,,,
92220P105,Sold Out,VARIAN MED SYS INC,60441.0,425608.0,,,,
46266C105,Not New,IQVIA HLDGS INC,470.0,4361.0,811.0,5250.0,341.0,889.0
46266C105,Not New,IQVIA HLDGS INC,470.0,4361.0,19247.0,124565.0,18777.0,120204.0
46266C105,Not New,IQVIA HLDGS INC,10797.0,100100.0,811.0,5250.0,-9986.0,-94850.0
46266C105,Not New,IQVIA HLDGS INC,10797.0,100100.0,19247.0,124565.0,8450.0,24465.0
737446104,Not New,POST HLDGS INC,1399.0,16857.0,1461.0,13391.0,62.0,-3466.0
737446104,Not New,POST HLDGS INC,1399.0,16857.0,34521.0,316416.0,33122.0,299559.0
737446104,Not New,POST HLDGS INC,32408.0,390602.0,1461.0,13391.0,-30947.0,-377211.0
737446104,Not New,POST HLDGS INC,32408.0,390602.0,34521.0,316416.0,2113.0,-74186.0
886547108,Not New,TIFFANY & CO NEW,2334.0,18023.0,1714.0,12827.0,-620.0,-5196.0
886547108,Not New,TIFFANY & CO NEW,2334.0,18023.0,112332.0,840492.0,109998.0,822469.0
886547108,Not New,TIFFANY & CO NEW,204660.0,1580383.0,1714.0,12827.0,-202946.0,-1567556.0
886547108,Not New,TIFFANY & CO NEW,204660.0,1580383.0,112332.0,840492.0,-92328.0,-739891.0
872540109,New Holding,TJX COS INC NEW,,,495.0,10353.0,,
872540109,New Holding,TJX COS INC NEW,,,11596.0,242536.0,,
15135B101,Sold Out,CENTENE CORP DEL,461.0,7329.0,,,,
15135B101,Sold Out,CENTENE CORP DEL,10733.0,170722.0,,,,
00507V109,New Holding,ACTIVISION BLIZZARD INC,,,478.0,8040.0,,
00507V109,New Holding,ACTIVISION BLIZZARD INC,,,10869.0,182734.0,,
02079K107,New Holding,ALPHABET INC,,,545.0,469.0,,
02079K107,New Holding,ALPHABET INC,,,12608.0,10843.0,,
023135106,New Holding,AMAZON COM INC,,,1630.0,836.0,,
023135106,New Holding,AMAZON COM INC,,,37269.0,19115.0,,
57636Q104,New Holding,MASTERCARD INC,,,1451.0,6007.0,,
57636Q104,New Holding,MASTERCARD INC,,,32950.0,136406.0,,
15912K100,Not New,CHANGE HEALTHCARE INC,697.0,69780.0,949.0,57882.0,252.0,-11898.0
15912K100,Not New,CHANGE HEALTHCARE INC,697.0,69780.0,21804.0,1330299.0,21107.0,1260519.0
15912K100,Not New,CHANGE HEALTHCARE INC,15672.0,1568802.0,949.0,57882.0,-14723.0,-1510920.0
15912K100,Not New,CHANGE HEALTHCARE INC,15672.0,1568802.0,21804.0,1330299.0,6132.0,-238503.0
37940X102,Not New,GLOBAL PMTS INC,934.0,6474.0,1117.0,6118.0,183.0,-356.0
37940X102,Not New,GLOBAL PMTS INC,934.0,6474.0,26062.0,142761.0,25128.0,136287.0
37940X102,Not New,GLOBAL PMTS INC,21806.0,151186.0,1117.0,6118.0,-20689.0,-145068.0
37940X102,Not New,GLOBAL PMTS INC,21806.0,151186.0,26062.0,142761.0,4256.0,-8425.0
74909E106,Not New,QUORUM HEALTH CORP,1346.0,2980000.0,2849.0,2980000.0,1503.0,0.0
755111507,New Holding,RAYTHEON CO,,,191.0,1459.0,,
755111507,New Holding,RAYTHEON CO,,,4443.0,33875.0,,
647581107,New Holding,NEW ORIENTAL ED & TECH GRP I,,,16414.0,151644.0,,
878237106,New Holding,TECH DATA CORP,,,669.0,5116.0,,
878237106,New Holding,TECH DATA CORP,,,15534.0,118718.0,,
025816109,Sold Out,AMERICAN EXPRESS CO,190.0,1523.0,,,,
025816109,Sold Out,AMERICAN EXPRESS CO,4053.0,32556.0,,,,
N47279109,Sold Out,INTERXION HOLDING N.V,564.0,6733.0,,,,
N47279109,Sold Out,INTERXION HOLDING N.V,36485.0,435328.0,,,,
594918104,New Holding,MICROSOFT CORP,,,1585.0,10047.0,,
594918104,New Holding,MICROSOFT CORP,,,37896.0,240286.0,,
808625107,Not New,SCIENCE APPLICATNS INTL CP N,1010.0,13538.0,1078.0,12384.0,68.0,-1154.0
808625107,Not New,SCIENCE APPLICATNS INTL CP N,1010.0,13538.0,25100.0,288441.0,24090.0,274903.0
808625107,Not New,SCIENCE APPLICATNS INTL CP N,23461.0,314361.0,1078.0,12384.0,-22383.0,-301977.0
808625107,Not New,SCIENCE APPLICATNS INTL CP N,23461.0,314361.0,25100.0,288441.0,1639.0,-25920.0
89677Q107,Not New,TRIP COM GROUP LTD,3089.0,131735.0,215.0,6419.0,-2874.0,-125316.0
89677Q107,Not New,TRIP COM GROUP LTD,3089.0,131735.0,22788.0,679435.0,19699.0,547700.0
091727107,Not New,BITAUTO HLDGS LTD,15373.0,1479600.0,6518.0,439222.0,-8855.0,-1040378.0
097023105,Sold Out,BOEING CO,2144.0,6580.0,,,,
097023105,Sold Out,BOEING CO,46943.0,144104.0,,,,
31620M106,Not New,FIDELITY NATL INFORMATION SV,2010.0,16525.0,872.0,6267.0,-1138.0,-10258.0
31620M106,Not New,FIDELITY NATL INFORMATION SV,2010.0,16525.0,20081.0,144375.0,18071.0,127850.0
31620M106,Not New,FIDELITY NATL INFORMATION SV,45475.0,373852.0,872.0,6267.0,-44603.0,-367585.0
31620M106,Not New,FIDELITY NATL INFORMATION SV,45475.0,373852.0,20081.0,144375.0,-25394.0,-229477.0
00724F101,Not New,ADOBE INC,1277.0,4013.0,848.0,2572.0,-429.0,-1441.0
00724F101,Not New,ADOBE INC,1277.0,4013.0,19680.0,59670.0,18403.0,55657.0
00724F101,Not New,ADOBE INC,29114.0,91485.0,848.0,2572.0,-28266.0,-88913.0
00724F101,Not New,ADOBE INC,29114.0,91485.0,19680.0,59670.0,-9434.0,-31815.0
