CUSIP,status,NAME OF ISSUER,(x$1000)_old,PRN AMT_old,(x$1000),PRN AMT,(x$1000)_change,PRN AMT_change
86732YAD1,Sold Out,SUNEDISON INC,7155.0,10175000.0,,,,
78462F103,Sold Out,SPDR S&P 500 ETF TR,624043.0,3256500.0,,,,
G0750C108,New Holding,AXALTA COATING SYS LTD,,,17816.0,668499.0,,
85590A401,Sold Out,STARWOOD HOTELS&RESORTS WRLD,136152.0,2048014.0,,,,
85590A401,Sold Out,STARWOOD HOTELS&RESORTS WRLD,8300.0,124843.0,,,,
85590A401,Sold Out,STARWOOD HOTELS&RESORTS WRLD,57352.0,862700.0,,,,
85590A401,Sold Out,STARWOOD HOTELS&RESORTS WRLD,2500.0,37600.0,,,,
983793100,Sold Out,XPO LOGISTICS INC,52956.0,2222220.0,,,,
464287234,Sold Out,ISHARES TR,155026.0,4729300.0,,,,
464287234,Sold Out,ISHARES TR,7821.0,238600.0,,,,
92936P100,Sold Out,WMIH CORP,897.0,345000.0,,,,
835699307,Not New,SONY CORP,5590.0,227153.0,5763.0,235233.0,173.0,8080.0
443510201,Not New,HUBBELL INC,31949.0,316199.0,26861.0,316199.0,-5088.0,0.0
031162100,Not New,AMGEN INC,24869.0,153200.0,12089.0,87399.0,-12780.0,-65801.0
031162100,Not New,AMGEN INC,24869.0,153200.0,10872.0,78600.0,-13997.0,-74600.0
464287655,Not New,ISHARES TR,35915.0,318900.0,167010.0,1529400.0,131095.0,1210500.0
19075FAA4,Not New,COBALT INTL ENERGY INC,1204.0,71659000.0,53467.0,76909000.0,52263.0,5250000.0
88732J207,Not New,TIME WARNER CABLE INC,210947.0,1136630.0,128159.0,714493.0,-82788.0,-422137.0
88732J207,Not New,TIME WARNER CABLE INC,210947.0,1136630.0,6993.0,38986.0,-203954.0,-1097644.0
88732J207,Not New,TIME WARNER CABLE INC,12367.0,66635.0,128159.0,714493.0,115792.0,647858.0
88732J207,Not New,TIME WARNER CABLE INC,12367.0,66635.0,6993.0,38986.0,-5374.0,-27649.0
19122T109,New Holding,COCA COLA ENTERPRISES INC NE,,,106538.0,2163640.0,,
19122T109,New Holding,COCA COLA ENTERPRISES INC NE,,,6154.0,124972.0,,
45772F107,New Holding,INPHI CORP,,,6755.0,250000.0,,
009158106,Not New,AIR PRODS & CHEMS INC,167983.0,1291087.0,164998.0,1293292.0,-2985.0,2205.0
009158106,Not New,AIR PRODS & CHEMS INC,167983.0,1291087.0,17233.0,135076.0,-150750.0,-1156011.0
009158106,Not New,AIR PRODS & CHEMS INC,167983.0,1291087.0,12758.0,100000.0,-155225.0,-1191087.0
009158106,Not New,AIR PRODS & CHEMS INC,17652.0,135668.0,164998.0,1293292.0,147346.0,1157624.0
009158106,Not New,AIR PRODS & CHEMS INC,17652.0,135668.0,17233.0,135076.0,-419.0,-592.0
009158106,Not New,AIR PRODS & CHEMS INC,17652.0,135668.0,12758.0,100000.0,-4894.0,-35668.0
531465102,Not New,LIBERTY TRIPADVISOR HLDGS IN,28565.0,941497.0,23717.0,1069761.0,-4848.0,128264.0
29273V100,New Holding,ENERGY TRANSFER EQUITY L P,,,108719.0,7912588.0,,
29273V100,New Holding,ENERGY TRANSFER EQUITY L P,,,6334.0,460970.0,,
78464A730,New Holding,SPDR SERIES TRUST,,,127710.0,4226000.0,,
78464A730,New Holding,SPDR SERIES TRUST,,,6691.0,221400.0,,
46122T102,Not New,INTREXON CORP,4674.0,155020.0,10508.0,330425.0,5834.0,175405.0
46122T102,Not New,INTREXON CORP,4674.0,155020.0,6579.0,206900.0,1905.0,51880.0
81369Y506,New Holding,SELECT SECTOR SPDR TR,,,198748.0,3294900.0,,
81369Y506,New Holding,SELECT SECTOR SPDR TR,,,11171.0,185200.0,,
552953101,Not New,MGM RESORTS INTERNATIONAL,23729.0,1044423.0,20984.0,1137369.0,-2745.0,92946.0
552953101,Not New,MGM RESORTS INTERNATIONAL,23729.0,1044423.0,9692.0,525300.0,-14037.0,-519123.0
552953101,Not New,MGM RESORTS INTERNATIONAL,23729.0,1044423.0,4613.0,250000.0,-19116.0,-794423.0
N47279109,Not New,INTERXION HOLDING N.V,74622.0,2475011.0,74107.0,2736606.0,-515.0,261595.0
57772K101,New Holding,MAXIM INTEGRATED PRODS INC,,,91537.0,2408875.0,,
57772K101,New Holding,MAXIM INTEGRATED PRODS INC,,,5295.0,139341.0,,
836034AB4,Sold Out,SOUFUN HLDGS LTD,5239.0,5500000.0,,,,
202608105,Not New,COMMERCIAL VEH GROUP INC,1587.0,575000.0,6965.0,1728354.0,5378.0,1153354.0
00817Y108,New Holding,AETNA INC NEW,,,54784.0,506700.0,,
00817Y108,New Holding,AETNA INC NEW,,,3179.0,29400.0,,
00817Y108,New Holding,AETNA INC NEW,,,101892.0,942400.0,,
00817Y108,New Holding,AETNA INC NEW,,,5828.0,53900.0,,
M37605116,Not New,ELBIT IMAGING LTD,3521.0,5447850.0,6798.0,5447850.0,3277.0,0.0
G5480U138,Not New,LIBERTY GLOBAL PLC,1642.0,39698.0,1337.0,39698.0,-305.0,0.0
G5480U138,Not New,LIBERTY GLOBAL PLC,1642.0,39698.0,89.0,2647.0,-1553.0,-37051.0
984332106,New Holding,YAHOO INC,,,141951.0,4267933.0,,
984332106,New Holding,YAHOO INC,,,8298.0,249490.0,,
267475101,Not New,DYCOM INDS INC,140277.0,2005107.0,187391.0,2589700.0,47114.0,584593.0
02376R102,Not New,AMERICAN AIRLS GROUP INC,91437.0,2159071.0,53174.0,1369411.0,-38263.0,-789660.0
02376R102,Not New,AMERICAN AIRLS GROUP INC,91437.0,2159071.0,27022.0,695900.0,-64415.0,-1463171.0
02376R102,Not New,AMERICAN AIRLS GROUP INC,3116.0,73566.0,53174.0,1369411.0,50058.0,1295845.0
02376R102,Not New,AMERICAN AIRLS GROUP INC,3116.0,73566.0,27022.0,695900.0,23906.0,622334.0
86732YAC3,Sold Out,SUNEDISON INC,7716.0,10175000.0,,,,
339041105,Not New,FLEETCOR TECHNOLOGIES INC,32664.0,228529.0,31419.0,228300.0,-1245.0,-229.0
81369Y308,Sold Out,SELECT SECTOR SPDR TR,31065.0,658300.0,,,,
G97822103,Sold Out,PERRIGO CO PLC,460329.0,2926996.0,,,,
G97822103,Sold Out,PERRIGO CO PLC,22494.0,143027.0,,,,
717081103,New Holding,PFIZER INC,,,126812.0,3928503.0,,
717081103,New Holding,PFIZER INC,,,6340.0,196402.0,,
38388F108,Sold Out,GRACE W R & CO DEL NEW,33815.0,363410.0,,,,
Y7542C106,Sold Out,SCORPIO TANKERS INC,29803.0,3250000.0,,,,
378973408,Not New,GLOBALSTAR INC,26488.0,18394170.0,43103.0,27454077.0,16615.0,9059907.0
G5480U153,Not New,LIBERTY GLOBAL PLC,297.0,6910.0,244.0,7122.0,-53.0,212.0
16411W108,Sold Out,CHENIERE ENERGY PTNRS LP HLD,73273.0,3854450.0,,,,
268648102,New Holding,E M C CORP MASS,,,200570.0,7810345.0,,
268648102,New Holding,E M C CORP MASS,,,16313.0,635259.0,,
232806109,Sold Out,CYPRESS SEMICONDUCTOR CORP,7668.0,900000.0,,,,
G9019D104,Sold Out,TRAVELPORT WORLDWIDE LTD,27233.0,2060002.0,,,,
278642103,Not New,EBAY INC,67156.0,2443800.0,68065.0,2785000.0,909.0,341200.0
278642103,Not New,EBAY INC,67156.0,2443800.0,3791.0,155100.0,-63365.0,-2288700.0
278642103,Not New,EBAY INC,4114.0,149700.0,68065.0,2785000.0,63951.0,2635300.0
278642103,Not New,EBAY INC,4114.0,149700.0,3791.0,155100.0,-323.0,5400.0
071813109,Not New,BAXTER INTL INC,282945.0,7416636.0,322999.0,9832546.0,40054.0,2415910.0
071813109,Not New,BAXTER INTL INC,282945.0,7416636.0,17609.0,536044.0,-265336.0,-6880592.0
071813109,Not New,BAXTER INTL INC,282945.0,7416636.0,11498.0,350000.0,-271447.0,-7066636.0
071813109,Not New,BAXTER INTL INC,17976.0,471186.0,322999.0,9832546.0,305023.0,9361360.0
071813109,Not New,BAXTER INTL INC,17976.0,471186.0,17609.0,536044.0,-367.0,64858.0
071813109,Not New,BAXTER INTL INC,17976.0,471186.0,11498.0,350000.0,-6478.0,-121186.0
071813109,Not New,BAXTER INTL INC,45048.0,1180800.0,322999.0,9832546.0,277951.0,8651746.0
071813109,Not New,BAXTER INTL INC,45048.0,1180800.0,17609.0,536044.0,-27439.0,-644756.0
071813109,Not New,BAXTER INTL INC,45048.0,1180800.0,11498.0,350000.0,-33550.0,-830800.0
458118106,Not New,INTEGRATED DEVICE TECHNOLOGY,8564.0,325000.0,14971.0,737500.0,6407.0,412500.0
81369Y605,New Holding,SELECT SECTOR SPDR TR,,,402391.0,16885900.0,,
81369Y605,New Holding,SELECT SECTOR SPDR TR,,,22953.0,963200.0,,
500754106,Not New,KRAFT HEINZ CO,230472.0,3167562.0,267397.0,3788562.0,36925.0,621000.0
500754106,Not New,KRAFT HEINZ CO,230472.0,3167562.0,19533.0,276756.0,-210939.0,-2890806.0
500754106,Not New,KRAFT HEINZ CO,19549.0,268674.0,267397.0,3788562.0,247848.0,3519888.0
500754106,Not New,KRAFT HEINZ CO,19549.0,268674.0,19533.0,276756.0,-16.0,8082.0
023135106,New Holding,AMAZON COM INC,,,118345.0,175095.0,,
023135106,New Holding,AMAZON COM INC,,,7025.0,10394.0,,
G0177J116,Sold Out,ALLERGAN PLC,9435.0,10000.0,,,,
43742E102,Sold Out,HOMEINNS HOTEL GROUP,5466.0,190200.0,,,,
57060U233,Sold Out,MARKET VECTORS ETF TR,263885.0,5290400.0,,,,
57060U233,Sold Out,MARKET VECTORS ETF TR,16600.0,332800.0,,,,
07177M103,New Holding,BAXALTA INC,,,154638.0,3962024.0,,
07177M103,New Holding,BAXALTA INC,,,8526.0,218439.0,,
07177M103,New Holding,BAXALTA INC,,,3513.0,90000.0,,
28035Q102,Not New,EDGEWELL PERS CARE CO,40960.0,522649.0,100172.0,1227600.0,59212.0,704951.0
260543103,New Holding,DOW CHEM CO,,,105536.0,2050041.0,,
260543103,New Holding,DOW CHEM CO,,,6182.0,120077.0,,
260543103,New Holding,DOW CHEM CO,,,18646.0,362200.0,,
676220106,New Holding,OFFICE DEPOT INC,,,16506.0,2926652.0,,
676220106,New Holding,OFFICE DEPOT INC,,,2529.0,448400.0,,
70450Y103,Sold Out,PAYPAL HLDGS INC,47418.0,1527650.0,,,,
70450Y103,Sold Out,PAYPAL HLDGS INC,2413.0,77724.0,,,,
70450Y103,Sold Out,PAYPAL HLDGS INC,53212.0,1714300.0,,,,
70450Y103,Sold Out,PAYPAL HLDGS INC,2908.0,93700.0,,,,
171232101,New Holding,CHUBB CORP,,,18727.0,160265.0,,
125581801,New Holding,CIT GROUP INC,,,58735.0,1479473.0,,
125581801,New Holding,CIT GROUP INC,,,3854.0,97067.0,,
111320107,Not New,BROADCOM CORP,259870.0,4494471.0,275543.0,5357630.0,15673.0,863159.0
111320107,Not New,BROADCOM CORP,259870.0,4494471.0,14728.0,286370.0,-245142.0,-4208101.0
111320107,Not New,BROADCOM CORP,13629.0,235708.0,275543.0,5357630.0,261914.0,5121922.0
111320107,Not New,BROADCOM CORP,13629.0,235708.0,14728.0,286370.0,1099.0,50662.0
25470M109,Not New,DISH NETWORK CORP,122133.0,2135947.0,143371.0,2457505.0,21238.0,321558.0
25470M109,Not New,DISH NETWORK CORP,122133.0,2135947.0,10173.0,174373.0,-111960.0,-1961574.0
25470M109,Not New,DISH NETWORK CORP,122133.0,2135947.0,58340.0,1000000.0,-63793.0,-1135947.0
25470M109,Not New,DISH NETWORK CORP,122133.0,2135947.0,3553.0,60900.0,-118580.0,-2075047.0
25470M109,Not New,DISH NETWORK CORP,9678.0,169257.0,143371.0,2457505.0,133693.0,2288248.0
25470M109,Not New,DISH NETWORK CORP,9678.0,169257.0,10173.0,174373.0,495.0,5116.0
25470M109,Not New,DISH NETWORK CORP,9678.0,169257.0,58340.0,1000000.0,48662.0,830743.0
25470M109,Not New,DISH NETWORK CORP,9678.0,169257.0,3553.0,60900.0,-6125.0,-108357.0
87160A100,New Holding,SYNGENTA AG,,,1736.0,22048.0,,
582839106,Not New,MEAD JOHNSON NUTRITION CO,16706.0,211600.0,15460.0,219600.0,-1246.0,8000.0
G1154H107,Not New,BELMOND LTD,6564.0,690900.0,6985.0,690900.0,421.0,0.0
60871R209,Sold Out,MOLSON COORS BREWING CO,136285.0,1641589.0,,,,
60871R209,Sold Out,MOLSON COORS BREWING CO,8466.0,101976.0,,,,
60871R209,Sold Out,MOLSON COORS BREWING CO,70957.0,854700.0,,,,
60871R209,Sold Out,MOLSON COORS BREWING CO,3769.0,45400.0,,,,
887317303,Not New,TIME WARNER INC,28768.0,444850.0,35454.0,515700.0,6686.0,70850.0
85172J101,Sold Out,SPRINGLEAF HLDGS INC,50724.0,1160209.0,,,,
02079K107,New Holding,ALPHABET INC,,,143714.0,189377.0,,
02079K107,New Holding,ALPHABET INC,,,8467.0,11157.0,,
836034108,Sold Out,SOUFUN HLDGS LTD,5264.0,797510.0,,,,
55616P104,Not New,MACYS INC,30478.0,871300.0,44869.0,874300.0,14391.0,3000.0
55616P104,Not New,MACYS INC,30478.0,871300.0,2078.0,40500.0,-28400.0,-830800.0
55616P104,Not New,MACYS INC,1417.0,40500.0,44869.0,874300.0,43452.0,833800.0
55616P104,Not New,MACYS INC,1417.0,40500.0,2078.0,40500.0,661.0,0.0
G9108L108,Not New,TSAKOS ENERGY NAVIGATION LTD,3839.0,484684.0,21352.0,2626357.0,17513.0,2141673.0
Y1771G102,Not New,COSTAMARE INC,11983.0,1150000.0,19259.0,1569578.0,7276.0,419578.0
20337X109,Not New,COMMSCOPE HLDG CO INC,11977.0,462600.0,15015.0,500000.0,3038.0,37400.0
952355204,Sold Out,WEST CORP,7298.0,325786.0,,,,
700215304,Not New,PARK CITY GROUP INC,1915.0,160754.0,1699.0,160754.0,-216.0,0.0
87165B103,New Holding,SYNCHRONY FINL,,,186337.0,6127481.0,,
87165B103,New Holding,SYNCHRONY FINL,,,10611.0,348931.0,,
966244105,Sold Out,WHITEWAVE FOODS CO,134457.0,3348858.0,,,,
966244105,Sold Out,WHITEWAVE FOODS CO,47779.0,1190000.0,,,,
31428X106,Not New,FEDEX CORP,238205.0,1598800.0,29572.0,205390.0,-208633.0,-1393410.0
31428X106,Not New,FEDEX CORP,238205.0,1598800.0,1647.0,11440.0,-236558.0,-1587360.0
31428X106,Not New,FEDEX CORP,238205.0,1598800.0,303539.0,2108200.0,65334.0,509400.0
31428X106,Not New,FEDEX CORP,238205.0,1598800.0,16817.0,116800.0,-221388.0,-1482000.0
31428X106,Not New,FEDEX CORP,15555.0,104400.0,29572.0,205390.0,14017.0,100990.0
31428X106,Not New,FEDEX CORP,15555.0,104400.0,1647.0,11440.0,-13908.0,-92960.0
31428X106,Not New,FEDEX CORP,15555.0,104400.0,303539.0,2108200.0,287984.0,2003800.0
31428X106,Not New,FEDEX CORP,15555.0,104400.0,16817.0,116800.0,1262.0,12400.0
655844108,New Holding,NORFOLK SOUTHERN CORP,,,19968.0,236062.0,,
655844108,New Holding,NORFOLK SOUTHERN CORP,,,1179.0,13938.0,,
427093307,New Holding,HERCULES OFFSHORE INC,,,3001.0,1382753.0,,
69366J200,Not New,PTC THERAPEUTICS INC,15516.0,478876.0,12786.0,478876.0,-2730.0,0.0
69366J200,Not New,PTC THERAPEUTICS INC,15516.0,478876.0,9468.0,354600.0,-6048.0,-124276.0
03852U106,Not New,ARAMARK,39982.0,1239750.0,118479.0,3997282.0,78497.0,2757532.0
42805T105,Not New,HERTZ GLOBAL HOLDINGS INC,59743.0,4198415.0,158883.0,9496905.0,99140.0,5298490.0
85571Q102,New Holding,STARZ,,,44742.0,1335571.0,,
740189105,New Holding,PRECISION CASTPARTS CORP,,,21051.0,90734.0,,
Y8213L102,Sold Out,SUNEDISON SEMICONDUCTOR LTD,4901.0,465000.0,,,,
444859102,New Holding,HUMANA INC,,,107990.0,604951.0,,
444859102,New Holding,HUMANA INC,,,6246.0,34987.0,,
G5480U104,Not New,LIBERTY GLOBAL PLC,33634.0,794001.0,34094.0,794001.0,460.0,0.0
G5480U104,Not New,LIBERTY GLOBAL PLC,33634.0,794001.0,2275.0,52975.0,-31359.0,-741026.0
881624209,New Holding,TEVA PHARMACEUTICAL INDS LTD,,,55853.0,850893.0,,
881624209,New Holding,TEVA PHARMACEUTICAL INDS LTD,,,3209.0,48889.0,,
N6596X109,Not New,NXP SEMICONDUCTORS N V,81047.0,961988.0,201774.0,2317374.0,120727.0,1355386.0
N6596X109,Not New,NXP SEMICONDUCTORS N V,81047.0,961988.0,9001.0,103378.0,-72046.0,-858610.0
N6596X109,Not New,NXP SEMICONDUCTORS N V,81047.0,961988.0,118946.0,1366100.0,37899.0,404112.0
N6596X109,Not New,NXP SEMICONDUCTORS N V,81047.0,961988.0,6591.0,75700.0,-74456.0,-886288.0
N6596X109,Not New,NXP SEMICONDUCTORS N V,4961.0,58885.0,201774.0,2317374.0,196813.0,2258489.0
N6596X109,Not New,NXP SEMICONDUCTORS N V,4961.0,58885.0,9001.0,103378.0,4040.0,44493.0
N6596X109,Not New,NXP SEMICONDUCTORS N V,4961.0,58885.0,118946.0,1366100.0,113985.0,1307215.0
N6596X109,Not New,NXP SEMICONDUCTORS N V,4961.0,58885.0,6591.0,75700.0,1630.0,16815.0
N6596X109,Not New,NXP SEMICONDUCTORS N V,110797.0,1315100.0,201774.0,2317374.0,90977.0,1002274.0
N6596X109,Not New,NXP SEMICONDUCTORS N V,110797.0,1315100.0,9001.0,103378.0,-101796.0,-1211722.0
N6596X109,Not New,NXP SEMICONDUCTORS N V,110797.0,1315100.0,118946.0,1366100.0,8149.0,51000.0
N6596X109,Not New,NXP SEMICONDUCTORS N V,110797.0,1315100.0,6591.0,75700.0,-104206.0,-1239400.0
N6596X109,Not New,NXP SEMICONDUCTORS N V,7052.0,83700.0,201774.0,2317374.0,194722.0,2233674.0
N6596X109,Not New,NXP SEMICONDUCTORS N V,7052.0,83700.0,9001.0,103378.0,1949.0,19678.0
N6596X109,Not New,NXP SEMICONDUCTORS N V,7052.0,83700.0,118946.0,1366100.0,111894.0,1282400.0
N6596X109,Not New,NXP SEMICONDUCTORS N V,7052.0,83700.0,6591.0,75700.0,-461.0,-8000.0
872590104,New Holding,T MOBILE US INC,,,120557.0,3081728.0,,
872590104,New Holding,T MOBILE US INC,,,7103.0,181574.0,,
03524A108,Not New,ANHEUSER BUSCH INBEV SA/NV,250.0,2000.0,29036.0,273100.0,28786.0,271100.0
126408103,Not New,CSX CORP,69973.0,2696452.0,115257.0,4284639.0,45284.0,1588187.0
126408103,Not New,CSX CORP,69973.0,2696452.0,6370.0,236791.0,-63603.0,-2459661.0
126408103,Not New,CSX CORP,4563.0,175825.0,115257.0,4284639.0,110694.0,4108814.0
126408103,Not New,CSX CORP,4563.0,175825.0,6370.0,236791.0,1807.0,60966.0
47215P106,Not New,JD COM INC,7616.0,236037.0,3905.0,149831.0,-3711.0,-86206.0
98978V103,Sold Out,ZOETIS INC,142834.0,3468523.0,,,,
98978V103,Sold Out,ZOETIS INC,17933.0,435470.0,,,,
518415104,New Holding,LATTICE SEMICONDUCTOR CORP,,,7764.0,1200000.0,,
907818108,Not New,UNION PAC CORP,67996.0,869520.0,106244.0,1201714.0,38248.0,332194.0
907818108,Not New,UNION PAC CORP,67996.0,869520.0,5849.0,66156.0,-62147.0,-803364.0
907818108,Not New,UNION PAC CORP,4334.0,55420.0,106244.0,1201714.0,101910.0,1146294.0
907818108,Not New,UNION PAC CORP,4334.0,55420.0,5849.0,66156.0,1515.0,10736.0
907818108,Not New,UNION PAC CORP,32367.0,413900.0,106244.0,1201714.0,73877.0,787814.0
907818108,Not New,UNION PAC CORP,32367.0,413900.0,5849.0,66156.0,-26518.0,-347744.0
907818108,Not New,UNION PAC CORP,2002.0,25600.0,106244.0,1201714.0,104242.0,1176114.0
907818108,Not New,UNION PAC CORP,2002.0,25600.0,5849.0,66156.0,3847.0,40556.0
G0177J108,Not New,ALLERGAN PLC,245102.0,784325.0,296666.0,1091446.0,51564.0,307121.0
G0177J108,Not New,ALLERGAN PLC,245102.0,784325.0,15482.0,56958.0,-229620.0,-727367.0
G0177J108,Not New,ALLERGAN PLC,245102.0,784325.0,8154.0,30000.0,-236948.0,-754325.0
G0177J108,Not New,ALLERGAN PLC,14213.0,45480.0,296666.0,1091446.0,282453.0,1045966.0
G0177J108,Not New,ALLERGAN PLC,14213.0,45480.0,15482.0,56958.0,1269.0,11478.0
G0177J108,Not New,ALLERGAN PLC,14213.0,45480.0,8154.0,30000.0,-6059.0,-15480.0
G0177J108,Not New,ALLERGAN PLC,27563.0,88200.0,296666.0,1091446.0,269103.0,1003246.0
G0177J108,Not New,ALLERGAN PLC,27563.0,88200.0,15482.0,56958.0,-12081.0,-31242.0
G0177J108,Not New,ALLERGAN PLC,27563.0,88200.0,8154.0,30000.0,-19409.0,-58200.0
78636X105,Not New,SAEXPLORATION HLDGS INC,522.0,257301.0,682.0,257301.0,160.0,0.0
98742U100,New Holding,YOUKU TUDOU INC,,,5144.0,189598.0,,
226718104,Not New,CRITEO S A,32369.0,817392.0,34927.0,930392.0,2558.0,113000.0
26746E103,New Holding,DYAX CORP,,,53760.0,1429014.0,,
247361702,Not New,DELTA AIR LINES INC DEL,17801.0,351176.0,44547.0,992800.0,26746.0,641624.0
247361702,Not New,DELTA AIR LINES INC DEL,17801.0,351176.0,2122.0,47300.0,-15679.0,-303876.0
247361702,Not New,DELTA AIR LINES INC DEL,1112.0,21935.0,44547.0,992800.0,43435.0,970865.0
247361702,Not New,DELTA AIR LINES INC DEL,1112.0,21935.0,2122.0,47300.0,1010.0,25365.0
Y0486S104,Not New,AVAGO TECHNOLOGIES LTD,235491.0,1622400.0,142961.0,1143600.0,-92530.0,-478800.0
Y0486S104,Not New,AVAGO TECHNOLOGIES LTD,235491.0,1622400.0,7813.0,62500.0,-227678.0,-1559900.0
Y0486S104,Not New,AVAGO TECHNOLOGIES LTD,14123.0,97300.0,142961.0,1143600.0,128838.0,1046300.0
Y0486S104,Not New,AVAGO TECHNOLOGIES LTD,14123.0,97300.0,7813.0,62500.0,-6310.0,-34800.0
910047109,New Holding,UNITED CONTL HLDGS INC,,,35460.0,618853.0,,
910047109,New Holding,UNITED CONTL HLDGS INC,,,2287.0,39909.0,,
465685105,New Holding,ITC HLDGS CORP,,,20138.0,513069.0,,
G5480U120,Sold Out,LIBERTY GLOBAL PLC,5844.0,142477.0,,,,
988498101,Sold Out,YUM BRANDS INC,126871.0,1586875.0,,,,
988498101,Sold Out,YUM BRANDS INC,6943.0,86840.0,,,,
988498101,Sold Out,YUM BRANDS INC,107453.0,1344000.0,,,,
988498101,Sold Out,YUM BRANDS INC,5868.0,73400.0,,,,
483007704,Not New,KAISER ALUMINUM CORP,442.0,5281.0,424.0,5281.0,-18.0,0.0
231082108,Not New,CUMULUS MEDIA INC,19.0,56187.0,40.0,56187.0,21.0,0.0
