CUSIP,status,NAME OF ISSUER,(x$1000)_old,PRN AMT_old,(x$1000),PRN AMT,(x$1000)_change,PRN AMT_change
26884L109,Not New,EQT Corp,17057.0,175900.0,25578.0,284900.0,8521.0,109000.0
867652406,Sold Out,Sunpower Corp,13191.0,442500.0,,,,
452327109,Not New,Illumina Inc.,37656.0,253300.0,56036.0,506700.0,18380.0,253400.0
110122108,Sold Out,Bristol-Myers Squibb Co,50716.0,954200.0,,,,
78462F103,Sold Out,SPDR S&P 500 ETF Trust,10046.0,54400.0,,,,
406216101,Sold Out,Halliburton Co,41955.0,826700.0,,,,
09062X103,Sold Out,Biogen Idec Inc.,25581.0,91500.0,,,,
80004C101,New Holding,SanDisk Corp,,,10620.0,130800.0,,
31428X106,Sold Out,Federal Express Corp.,51312.0,356900.0,,,,
057224107,Sold Out,Baker Hughes Inc.,14810.0,268000.0,,,,
81369Y100,New Holding,Mat'ls Select Sctr SPDR Tst,,,9882.0,209000.0,,
91913Y100,Sold Out,Valero Energy Corp,29177.0,578900.0,,,,
891894107,Sold Out,Towers Watson & Co.,11268.0,88300.0,,,,
031162100,Sold Out,Amgen Inc.,26352.0,231000.0,,,,
29264F205,Sold Out,Endo Health Sol'ns Inc.,35551.0,527000.0,,,,
38259P508,Not New,Google Inc.,289338.0,259610.0,261406.0,233250.0,-27932.0,-26360.0
13321L108,New Holding,Cameco Corp,,,32706.0,1428200.0,,
16411R208,Sold Out,Cheniere Energy Inc.,13074.0,303200.0,,,,
228227104,Sold Out,Crwn Castle Int'l Corp.,39667.0,540200.0,,,,
46429B408,New Holding,ISh MSCI Phillipines Inv Mkt Idx Fd,,,2979.0,87300.0,,
N7902X106,New Holding,Sensata Technologies Hldng NV,,,10579.0,248100.0,,
723787107,Sold Out,Pioneer Nat'l Res's Co,36409.0,197800.0,,,,
046353108,Not New,Astrazeneca PLC,23389.0,360500.0,21403.0,360500.0,-1986.0,0.0
229678107,Sold Out,Cubist Pharms Inc.,28443.0,413000.0,,,,
97717W851,Sold Out,WisdomTree Jpn Hdgd Eq Fnd,15430.0,303500.0,,,,
56585A102,Sold Out,Marathon Petroleum Corp,28978.0,315900.0,,,,
25470M109,Sold Out,DISH Network Corp,29829.0,515000.0,,,,
931422109,New Holding,Walgreen Co,,,81877.0,1240000.0,,
881624209,Not New,Teva Pharm Ind's Ltd,65574.0,1241000.0,49739.0,1241000.0,-15835.0,0.0
N6596X109,New Holding,NXP Semiconductors NV,,,10551.0,179400.0,,
806857108,Sold Out,Schlumberger Ltd.,89479.0,993000.0,,,,
477143101,Sold Out,JetBlue Airways Corp,8540.0,1000000.0,,,,
61166W101,New Holding,Monsanto Co,,,20194.0,177500.0,,
81369Y407,Sold Out,Cons Disc Sel Sctr SPDR Fnd,11415.0,170800.0,,,,
M51363113,Sold Out,Mellanox Tech's Ltd.,10052.0,251500.0,,,,
464286640,New Holding,ISh MSCI Chile Cap Inv Mkt Idx Fd,,,3052.0,67000.0,,
124857202,Sold Out,CBS Corp,30704.0,481700.0,,,,
464286103,New Holding,ISh MSCI Australia Idx Fd,,,10270.0,397000.0,,
013817101,Not New,Alcoa Inc.,64350.0,5000000.0,42520.0,4000000.0,-21830.0,-1000000.0
81369Y605,Not New,Fin'l Select Sector SPDR Fnd,9999.0,447600.0,15280.0,699000.0,5281.0,251400.0
81369Y803,Sold Out,Tech Car Select Sctr SPDR Fnd,10211.0,285700.0,,,,
023135106,Sold Out,Amazon.com Inc.,62889.0,157700.0,,,,
81369Y704,Sold Out,Ind'l Select Sctr SPDR Fnd,11649.0,222900.0,,,,
247361702,Sold Out,Delta Air Lines Inc.,85432.0,3110000.0,,,,
478160104,Sold Out,Johnson & Johnson,21524.0,235000.0,,,,
78388J106,Sold Out,SBA Comms Corp,35702.0,397400.0,,,,
95058W100,Sold Out,The Wendy's Co,17440.0,2000000.0,,,,
594918104,New Holding,Microsoft Corp,,,70675.0,1724200.0,,
98138H101,Not New,Workday Inc.,39962.0,437079.0,42037.0,505500.0,2075.0,68421.0
81369Y209,Not New,Hlth Care Select Sctr SPDR,11306.0,193300.0,10439.0,188300.0,-867.0,-5000.0
375558103,Sold Out,Gilead Sciences Inc.,45864.0,610700.0,,,,
097023105,Sold Out,Boeing Co,13540.0,99200.0,,,,
00724F101,Not New,Adobe Systems Inc,64208.0,976700.0,20167.0,336800.0,-44041.0,-639900.0
