CUSIP,status,NAME OF ISSUER,(x$1000)_old,PRN AMT_old,(x$1000),PRN AMT,(x$1000)_change,PRN AMT_change
679295105,New Holding,Okta Inc,,,11095.0,173900.0,,
81762P102,Not New,Servicenow Inc,14636.0,82200.0,38011.0,194300.0,23375.0,112100.0
G5960L103,Not New,Medtronic Plc,33883.0,372500.0,36643.0,372500.0,2760.0,0.0
H00263105,Not New,Ac Immune Sa,23545.0,2491517.0,19932.0,2491517.0,-3613.0,0.0
437076102,Sold Out,HOME DEPOT INC,25562.0,123400.0,,,,
452327109,New Holding,Illumina Inc,,,41840.0,139500.0,,
500255104,New Holding,Kohls Corp,,,9785.0,147500.0,,
46116X101,Sold Out,INTRA CELLULAR THERAPIES INC,6445.0,296986.0,,,,
285512109,Sold Out,ELECTRONIC ARTS INC,15781.0,130970.0,,,,
02376R102,New Holding,American Airls Group Inc,,,16855.0,524900.0,,
15135U109,Sold Out,CENOVUS ENERGY INC,9893.0,986300.0,,,,
464287234,New Holding,Ishares Tr,,,65609.0,1679700.0,,
64110L106,Not New,Netflix Inc,17668.0,66010.0,1945.0,5200.0,-15723.0,-60810.0
88160R101,New Holding,Tesla Inc,,,99773.0,299800.0,,
436440101,New Holding,Hologic Inc,,,13838.0,336700.0,,
067901108,New Holding,Barrick Gold Corp,,,2022.0,149300.0,,
052769106,Not New,Autodesk Inc,3433.0,26690.0,5386.0,34500.0,1953.0,7810.0
339041105,Sold Out,FLEETCOR TECHNOLOGIES INC,1025.0,4500.0,,,,
98936J101,Not New,Zendesk Inc,3362.0,57600.0,29464.0,414984.0,26102.0,357384.0
848637104,Sold Out,SPLUNK INC,5816.0,48100.0,,,,
002824100,Not New,Abbott Labs,93718.0,1295700.0,53707.0,732100.0,-40011.0,-563600.0
852857200,Sold Out,STAMPS COM INC,2925.0,12930.0,,,,
70450Y103,Not New,Paypal Hldgs Inc,34354.0,408535.0,63904.0,727500.0,29550.0,318965.0
172967424,Sold Out,CITIGROUP INC,47858.0,667100.0,,,,
N14506104,New Holding,Elastic N V,,,715.0,10000.0,,
485170302,Sold Out,KANSAS CITY SOUTHERN,4461.0,39380.0,,,,
464287556,Not New,Ishares Tr,33779.0,350300.0,125952.0,1032900.0,92173.0,682600.0
737010108,Sold Out,PORTOLA PHARMACEUTICALS INC,9259.0,347700.0,,,,
747525103,Sold Out,QUALCOMM INC,25016.0,347300.0,,,,
58733R102,New Holding,Mercadolibre Inc,,,21676.0,74016.0,,
22266L106,Not New,Coupa Software Inc,71095.0,1131000.0,11082.0,140100.0,-60013.0,-990900.0
872590104,Sold Out,T MOBILE US INC,25251.0,359800.0,,,,
015351109,Sold Out,ALEXION PHARMACEUTICALS INC,20573.0,148000.0,,,,
02079K305,Not New,Alphabet Inc,11807.0,11299.0,228742.0,189500.0,216935.0,178201.0
81369Y506,Sold Out,SELECT SECTOR SPDR TR,39604.0,522900.0,,,,
36197T103,Sold Out,GW PHARMACEUTICALS PLC,10727.0,62100.0,,,,
30303M102,Sold Out,FACEBOOK INC,3552.0,21600.0,,,,
46120E602,New Holding,Intuitive Surgical Inc,,,52825.0,110300.0,,
060505104,Sold Out,BANK AMER CORP,27.0,900.0,,,,
122017106,Sold Out,BURLINGTON STORES INC,14272.0,87600.0,,,,
43300A203,Sold Out,HILTON WORLDWIDE HLDGS INC,1987.0,24600.0,,,,
023135106,Not New,Amazon Com Inc,147836.0,98428.0,236945.0,118295.0,89109.0,19867.0
57636Q104,Sold Out,MASTERCARD INCORPORATED,3112.0,13980.0,,,,
92189F718,Sold Out,VANECK VECTORS ETF TR,39425.0,1565100.0,,,,
247361702,New Holding,Delta Air Lines Inc Del,,,31267.0,626600.0,,
01609W102,Not New,Alibaba Group Hldg Ltd,23905.0,174400.0,12914.0,78380.0,-10991.0,-96020.0
594918104,Not New,Microsoft Corp,469098.0,4618471.0,403189.0,3525300.0,-65909.0,-1093171.0
98138H101,Not New,Workday Inc,83896.0,525400.0,65472.0,448500.0,-18424.0,-76900.0
00846U101,New Holding,Agilent Technologies Inc,,,14929.0,221300.0,,
375558103,Not New,Gilead Sciences Inc,64010.0,1023345.0,113105.0,1464900.0,49095.0,441555.0
79466L302,Not New,Salesforce Com Inc,146912.0,1072585.0,246926.0,1552700.0,100014.0,480115.0
90130A101,Sold Out,TWENTY FIRST CENTY FOX INC,25843.0,557800.0,,,,
00724F101,Not New,Adobe Inc,68102.0,301015.0,72166.0,267330.0,4064.0,-33685.0
