CUSIP,status,NAME OF ISSUER,(x$1000)_old,PRN AMT_old,(x$1000),PRN AMT,(x$1000)_change,PRN AMT_change
26884L109,New Holding,EQT Corp,,,25578.0,284900.0,,
867652406,New Holding,Sunpower Corp,,,13191.0,442500.0,,
452327109,Not New,Illumina Inc.,56036.0,506700.0,40957.0,506700.0,-15079.0,0.0
110122108,New Holding,Bristol-Myers Squibb Co,,,50716.0,954200.0,,
78462F103,New Holding,SPDR S&P 500 ETF Trust,,,10046.0,54400.0,,
464288281,Sold Out,Ishares JPM USD Emg Bnd,14879.0,136500.0,,,,
406216101,Not New,Halliburton Co,41955.0,826700.0,30513.0,633700.0,-11442.0,-193000.0
09062X103,Not New,Biogen Idec Inc.,25581.0,91500.0,22030.0,91500.0,-3551.0,0.0
464286772,Sold Out,IShares MSCI Sth Kor Cap Idx Fnd,10183.0,165500.0,,,,
31428X106,New Holding,Federal Express Corp.,,,51312.0,356900.0,,
057224107,New Holding,Baker Hughes Inc.,,,14810.0,268000.0,,
81369Y100,Sold Out,Mat'ls Select Sctr SPDR Tst,5057.0,120400.0,,,,
91913Y100,New Holding,Valero Energy Corp,,,29177.0,578900.0,,
891894107,New Holding,Towers Watson & Co.,,,11268.0,88300.0,,
031162100,Not New,Amgen Inc.,26352.0,231000.0,25855.0,231000.0,-497.0,0.0
29264F205,Not New,Endo Health Sol'ns Inc.,35551.0,527000.0,23947.0,527000.0,-11604.0,0.0
38259P508,Not New,Google Inc.,261406.0,233250.0,195547.0,223250.0,-65859.0,-10000.0
16411R208,Not New,Cheniere Energy Inc.,13074.0,303200.0,10351.0,303200.0,-2723.0,0.0
228227104,New Holding,Crwn Castle Int'l Corp.,,,39667.0,540200.0,,
464287184,Sold Out,IShares FTSE China 25 Idx Fnd,9667.0,260700.0,,,,
723787107,Not New,Pioneer Nat'l Res's Co,36409.0,197800.0,26998.0,143000.0,-9411.0,-54800.0
046353108,New Holding,Astrazeneca PLC,,,21403.0,360500.0,,
229678107,Not New,Cubist Pharms Inc.,28443.0,413000.0,26246.0,413000.0,-2197.0,0.0
97717W851,Not New,WisdomTree Jpn Hdgd Eq Fnd,15430.0,303500.0,4889.0,102000.0,-10541.0,-201500.0
56585A102,New Holding,Marathon Petroleum Corp,,,28978.0,315900.0,,
25470M109,New Holding,DISH Network Corp,,,29829.0,515000.0,,
881624209,New Holding,Teva Pharm Ind's Ltd,,,49739.0,1241000.0,,
806857108,Not New,Schlumberger Ltd.,89479.0,993000.0,87741.0,993000.0,-1738.0,0.0
477143101,New Holding,JetBlue Airways Corp,,,8540.0,1000000.0,,
81369Y506,Sold Out,Engy Select Sctr SPDR Fnd,9689.0,116900.0,,,,
81369Y407,Not New,Cons Disc Sel Sctr SPDR Fnd,11415.0,170800.0,10356.0,170800.0,-1059.0,0.0
654902204,Sold Out,Nokia Oyj,6510.0,1000000.0,,,,
M51363113,New Holding,Mellanox Tech's Ltd.,,,10052.0,251500.0,,
124857202,Not New,CBS Corp,30704.0,481700.0,26571.0,481700.0,-4133.0,0.0
013817101,New Holding,Alcoa Inc.,,,42520.0,4000000.0,,
81369Y605,New Holding,Fin'l Select Sctr SPDR Fnd,,,15280.0,699000.0,,
81369Y803,New Holding,Tech Car Select Sctr SPDR Fnd,,,10211.0,285700.0,,
023135106,Not New,Amazon.com Inc.,62889.0,157700.0,49303.0,157700.0,-13586.0,0.0
81369Y704,Not New,Ind'l Select Sctr SPDR Fnd,11649.0,222900.0,10336.0,222900.0,-1313.0,0.0
247361702,Not New,Delta Air Lines Inc.,85432.0,3110000.0,73365.0,3110000.0,-12067.0,0.0
478160104,Not New,Johnson & Johnson,21524.0,235000.0,11183.0,129000.0,-10341.0,-106000.0
78388J106,New Holding,SBA Comms Corp,,,35702.0,397400.0,,
95058W100,Not New,The Wendy's Co,17440.0,2000000.0,16960.0,2000000.0,-480.0,0.0
G4412G101,Sold Out,Herbalife Ltd.,5514.0,79032.0,,,,
98138H101,Not New,Workday Inc.,42037.0,505500.0,40910.0,505500.0,-1127.0,0.0
81369Y209,New Holding,Hlth Car Select Sctr SPDR Fnd,,,10439.0,188300.0,,
375558103,Not New,Gilead Sciences Inc.,45864.0,610700.0,38395.0,610700.0,-7469.0,0.0
097023105,Not New,Boeing Co,13540.0,99200.0,11656.0,99200.0,-1884.0,0.0
00724F101,New Holding,Adobe Systems Inc,,,20167.0,336800.0,,
