CUSIP,status,NAME OF ISSUER,(x$1000)_old,PRN AMT_old,(x$1000),PRN AMT,(x$1000)_change,PRN AMT_change
H00263105,Not New,Ac Immune Sa,24699.0,2388700.0,30575.0,2388700.0,5876.0,0.0
912909108,Sold Out,United States Stl Corp New,24957.0,709200.0,,,,
46116X101,New Holding,Intra Cellular Therapies Inc,,,6252.0,296986.0,,
09062X103,Sold Out,Biogen Inc,34852.0,109400.0,,,,
127097103,Sold Out,Cabot Oil & Gas Corp,29750.0,1040200.0,,,,
64110L106,New Holding,Netflix Inc,,,56028.0,189700.0,,
26875P101,Sold Out,Eog Res Inc,56620.0,524700.0,,,,
640268108,Not New,Nektar Therapeutics,126694.0,1192300.0,109526.0,1834000.0,-17168.0,641700.0
949746101,Sold Out,Wells Fargo Co New,51570.0,850000.0,,,,
852857200,Not New,Stamps Com Inc,31766.0,158000.0,31584.0,168000.0,-182.0,10000.0
565849106,Sold Out,Marathon Oil Corp,20773.0,1227000.0,,,,
70450Y103,Sold Out,Paypal Hldgs Inc,34241.0,465100.0,,,,
N97284108,Not New,Yandex N V,11993.0,304000.0,9956.0,304000.0,-2037.0,0.0
G68707101,New Holding,Pagseguro Digital Ltd Com,,,1341.0,35000.0,,
85917A100,New Holding,Sterling Bancorp Del,,,9056.0,401600.0,,
292505104,Sold Out,Encana Corp,11283.0,846400.0,,,,
747525103,New Holding,Qualcomm Inc,,,22774.0,411000.0,,
56585A102,Sold Out,Marathon Pete Corp,21186.0,321100.0,,,,
595112103,New Holding,Micron Technology Inc,,,114056.0,2187500.0,,
458140100,New Holding,Intel Corp,,,128252.0,2462600.0,,
22943F100,Not New,Ctrip Com Intl Ltd,14252.0,305700.0,32144.0,728900.0,17892.0,423200.0
02079K305,Not New,Alphabet Inc,268775.0,259150.0,271092.0,257350.0,2317.0,-1800.0
47215P106,Not New,Jd Com Inc,72194.0,1783000.0,45487.0,1098200.0,-26707.0,-684800.0
30303M102,Sold Out,Facebook Inc,190965.0,1082200.0,,,,
25179M103,Sold Out,Devon Energy Corp New,41806.0,1009800.0,,,,
060505104,Sold Out,Bank Amer Corp,50701.0,1717500.0,,,,
874080104,New Holding,Tal Ed Group,,,25295.0,682000.0,,
03349M105,Sold Out,Andeavor,20776.0,181700.0,,,,
20605P101,Sold Out,Concho Res Inc,31005.0,206400.0,,,,
887317303,Sold Out,Time Warner Inc,25438.0,278100.0,,,,
54150E104,Sold Out,Loma Negra Corp,3456.0,150000.0,,,,
023135106,Not New,Amazon Com Inc,247282.0,170853.0,196474.0,168003.0,-50808.0,-2850.0
01609W102,New Holding,Alibaba Group Hldg Ltd,,,120659.0,657400.0,,
594918104,Not New,Microsoft Corp,221804.0,2430200.0,276106.0,3227800.0,54302.0,797600.0
98138H101,Not New,Workday Inc,72351.0,569200.0,84699.0,832500.0,12348.0,263300.0
40415F101,Sold Out,Hdfc Bank Ltd,13034.0,128200.0,,,,
037411105,Sold Out,Apache Corp,38125.0,903000.0,,,,
91912E105,Sold Out,Vale S A,20383.0,1666600.0,,,,
79466L302,Not New,Salesforce Com Inc,198326.0,1705300.0,175253.0,1714300.0,-23073.0,9000.0
92763W103,New Holding,Vipshop Hldgs Ltd,,,9520.0,572800.0,,
00724F101,New Holding,Adobe Sys Inc,,,26470.0,122500.0,,
