CUSIP,status,NAME OF ISSUER,(x$1000)_old,PRN AMT_old,(x$1000),PRN AMT,(x$1000)_change,PRN AMT_change
81762P102,New Holding,SERVICENOW INC,,,38011.0,194300.0,,
G5960L103,New Holding,MEDTRONIC PLC,,,36643.0,372500.0,,
H00263105,Not New,AC IMMUNE SA,19932.0,2491517.0,22263.0,2388700.0,2331.0,-102817.0
437076102,Not New,HOME DEPOT INC,25562.0,123400.0,24680.0,126500.0,-882.0,3100.0
46116X101,Not New,INTRA CELLULAR THERAPIES INC,6445.0,296986.0,5248.0,296986.0,-1197.0,0.0
285512109,Not New,ELECTRONIC ARTS INC,15781.0,130970.0,15174.0,107600.0,-607.0,-23370.0
15135U109,Not New,CENOVUS ENERGY INC,9893.0,986300.0,10238.0,986300.0,345.0,0.0
64110L106,Not New,NETFLIX INC,1945.0,5200.0,74254.0,189700.0,72309.0,184500.0
852234103,Sold Out,SQUARE INC,15225.0,247000.0,,,,
052769106,Not New,AUTODESK INC,5386.0,34500.0,33336.0,254300.0,27950.0,219800.0
339041105,New Holding,FLEETCOR TECHNOLOGIES INC,,,1025.0,4500.0,,
98936J101,New Holding,ZENDESK INC,,,29464.0,414984.0,,
848637104,Not New,SPLUNK INC,5816.0,48100.0,33955.0,342600.0,28139.0,294500.0
002824100,New Holding,ABBOTT LABS,,,53707.0,732100.0,,
852857200,Not New,STAMPS COM INC,2925.0,12930.0,39122.0,154600.0,36197.0,141670.0
70450Y103,New Holding,PAYPAL HLDGS INC,,,63904.0,727500.0,,
172967424,New Holding,CITIGROUP INC,,,47858.0,667100.0,,
G68707101,Sold Out,PAGSEGURO DIGITAL LTD COM,5966.0,215000.0,,,,
485170302,New Holding,KANSAS CITY SOUTHERN,,,4461.0,39380.0,,
464287556,Not New,ISHARES TR,125952.0,1032900.0,20339.0,183900.0,-105613.0,-849000.0
737010108,New Holding,PORTOLA PHARMACEUTICALS INC,,,9259.0,347700.0,,
747525103,New Holding,QUALCOMM INC,,,25016.0,347300.0,,
56585A102,Sold Out,MARATHON PETE CORP,34827.0,496400.0,,,,
58733R102,Sold Out,MERCADOLIBRE INC,5052.0,16900.0,,,,
22266L106,Not New,COUPA SOFTWARE INC,11082.0,140100.0,10263.0,164900.0,-819.0,24800.0
189464100,Sold Out,CLOVIS ONCOLOGY INC,21917.0,482000.0,,,,
872590104,New Holding,T MOBILE US INC,,,25251.0,359800.0,,
35671D857,Sold Out,FREEPORT-MCMORAN INC,14809.0,858000.0,,,,
015351109,New Holding,ALEXION PHARMACEUTICALS INC,,,20573.0,148000.0,,
22943F100,Sold Out,CTRIP COM INTL LTD,20057.0,421100.0,,,,
02079K305,Not New,ALPHABET INC,228742.0,189500.0,192414.0,170400.0,-36328.0,-19100.0
81369Y506,Not New,SELECT SECTOR SPDR TR,39604.0,522900.0,24726.0,325600.0,-14878.0,-197300.0
36197T103,New Holding,GW PHARMACEUTICALS PLC,,,10727.0,62100.0,,
30303M102,Not New,FACEBOOK INC,3552.0,21600.0,178386.0,918000.0,174834.0,896400.0
25179M103,Sold Out,DEVON ENERGY CORP NEW,32561.0,740700.0,,,,
060505104,New Holding,BANK AMER CORP,,,27.0,900.0,,
122017106,New Holding,BURLINGTON STORES INC,,,14272.0,87600.0,,
874080104,Sold Out,TAL ED GROUP,25098.0,682000.0,,,,
43300A203,New Holding,HILTON WORLDWIDE HLDGS INC,,,1987.0,24600.0,,
00507V109,Sold Out,ACTIVISION BLIZZARD INC,25735.0,337200.0,,,,
023135106,Not New,AMAZON COM INC,236945.0,118295.0,263899.0,155253.0,26954.0,36958.0
57636Q104,New Holding,MASTERCARD INCORPORATED,,,3112.0,13980.0,,
92189F718,Not New,VANECK VECTORS ETF TR,39425.0,1565100.0,44139.0,1680200.0,4714.0,115100.0
01609W102,Not New,ALIBABA GROUP HLDG LTD,12914.0,78380.0,149222.0,804300.0,136308.0,725920.0
594918104,Not New,MICROSOFT CORP,403189.0,3525300.0,294528.0,2986800.0,-108661.0,-538500.0
98138H101,Not New,WORKDAY INC,65472.0,448500.0,78789.0,650500.0,13317.0,202000.0
G6359F103,Sold Out,NABORS INDUSTRIES LTD,7538.0,1176000.0,,,,
375558103,Not New,GILEAD SCIENCES INC,113105.0,1464900.0,85383.0,1205300.0,-27722.0,-259600.0
79466L302,Not New,SALESFORCE COM INC,246926.0,1552700.0,232603.0,1705300.0,-14323.0,152600.0
90130A101,New Holding,TWENTY FIRST CENTY FOX INC,,,25843.0,557800.0,,
00724F101,Not New,ADOBE SYS INC,72166.0,267330.0,29867.0,122500.0,-42299.0,-144830.0
