CUSIP,status,NAME OF ISSUER,(x$1000)_old,PRN AMT_old,(x$1000),PRN AMT,(x$1000)_change,PRN AMT_change
46118H104,Not New,"INTRALINKS HOLDINGS, INC.",5984.0,738803.0,4738.0,532918.0,-1246.0,-205885.0
45672H104,New Holding,INFOBLOX INC. CMN,,,630.0,42741.0,,
45672H104,New Holding,CALL/BLOX @ 20 EXP 01/17/2015,,,64.0,1500.0,,
073271108,Not New,"BAZAARVOICE, INC.",12858.0,1739956.0,22549.0,2857953.0,9691.0,1117997.0
75606N109,Not New,"REALPAGE, INC.",59336.0,3828102.0,86056.0,3828102.0,26720.0,0.0
825211105,New Holding,"SHORETEL, INC. CMN",,,492.0,73926.0,,
57063L107,New Holding,MARKETO INC. CMN,,,835.0,25852.0,,
47760A108,New Holding,"JIVE SOFTWARE, INC. CMN",,,865.0,148443.0,,
76680R206,New Holding,"RINGCENTRAL, INC. CMN",,,797.0,62722.0,,
80908T101,New Holding,"SCIQUEST, INC. CMN",,,751.0,49954.0,,
300614500,New Holding,EXA CORPORATION CMN,,,940.0,83333.0,,
10921T101,Not New,"BRIGHTCOVE, INC.",8811.0,1579049.0,3774.0,358038.0,-5037.0,-1221011.0
