CUSIP,status,NAME OF ISSUER,(x$1000)_old,PRN AMT_old,(x$1000),PRN AMT,(x$1000)_change,PRN AMT_change
81762P102,New Holding,SERVICENOW INC,,,16025.0,65013.0,,
05351X101,Sold Out,AVAYA HLDGS CORP,7983.0,548300.0,,,,
981558109,Sold Out,WORLDPAY INC,16898.0,221087.0,,,,
74736L109,New Holding,Q2 HLDGS INC,,,13236.0,191099.0,,
538146101,Not New,LIVEPERSON INC,26005.0,896110.0,12452.0,660229.0,-13553.0,-235881.0
05338G106,Not New,AVALARA INC,44218.0,792584.0,7311.0,234700.0,-36907.0,-557884.0
852234103,New Holding,SQUARE INC,,,10532.0,140577.0,,
052769106,Sold Out,AUTODESK INC,22095.0,171796.0,,,,
443573100,Not New,HUBSPOT INC,19489.0,117254.0,16517.0,131366.0,-2972.0,14112.0
26210C104,Sold Out,DROPBOX INC,7795.0,381553.0,,,,
88025T102,New Holding,TENABLE HLDGS INC,,,23137.0,730804.0,,
N14506104,New Holding,ELASTIC N V,,,15974.0,200000.0,,
82509L107,New Holding,SHOPIFY INC,,,10764.0,52097.0,,
101388106,New Holding,BOTTOMLINE TECH DEL INC,,,40063.0,799826.0,,
54142L109,New Holding,LOGMEIN INC,,,4797.0,59889.0,,
816883102,Sold Out,SENDGRID INC,4112.0,95247.0,,,,
22266L106,New Holding,COUPA SOFTWARE INC,,,10170.0,111787.0,,
338307101,Not New,FIVE9 INC,15008.0,284081.0,4575.0,104632.0,-10433.0,-179449.0
72941B106,Not New,PLURALSIGHT INC,43157.0,1359702.0,15790.0,670477.0,-27367.0,-689225.0
02156B103,Not New,ALTERYX INC,16774.0,200000.0,4431.0,74515.0,-12343.0,-125485.0
64829B100,Not New,NEW RELIC INC,21573.0,218573.0,13553.0,167388.0,-8020.0,-51185.0
58471A105,New Holding,MEDIDATA SOLUTIONS INC,,,959.0,13100.0,,
53815P108,Not New,LIVERAMP HLDGS INC,41466.0,759872.0,23178.0,600005.0,-18288.0,-159867.0
67066G104,Not New,NVIDIA CORP,5486.0,30555.0,4882.0,36573.0,-604.0,6018.0
L8681T102,Not New,SPOTIFY TECHNOLOGY S A,10279.0,74054.0,6071.0,53493.0,-4208.0,-20561.0
023135106,Not New,AMAZON COM INC,28239.0,15858.0,17207.0,11456.0,-11032.0,-4402.0
90138F102,New Holding,TWILIO INC,,,11992.0,92835.0,,
37940X102,Sold Out,GLOBAL PMTS INC,525600.0,5096476.0,,,,
03835C108,Sold Out,APPTIO INC,35016.0,922451.0,,,,
45781U103,Not New,INSTRUCTURE INC,25030.0,531192.0,19925.0,531192.0,-5105.0,0.0
14081R103,Not New,CARBON BLACK INC,10652.0,763586.0,2840.0,211616.0,-7812.0,-551970.0
20564W105,Not New,COMSCORE INC,56153.0,2772996.0,40014.0,2772996.0,-16139.0,0.0
874224207,Not New,TALEND S A,63329.0,1252307.0,23196.0,625579.0,-40133.0,-626728.0
594918104,Sold Out,MICROSOFT CORP,11861.0,116772.0,,,,
