CUSIP,status,NAME OF ISSUER,(x$1000)_old,PRN AMT_old,(x$1000),PRN AMT,(x$1000)_change,PRN AMT_change
45672H104,Not New,CALL/BLOX @ 20 EXP 01/17/2015,3032.0,150000.0,630.0,42741.0,-2402.0,-107259.0
45672H104,Not New,CALL/BLOX @ 20 EXP 01/17/2015,3032.0,150000.0,64.0,1500.0,-2968.0,-148500.0
45672H104,Not New,INFOBLOX INC. CMN,10216.0,505483.0,630.0,42741.0,-9586.0,-462742.0
45672H104,Not New,INFOBLOX INC. CMN,10216.0,505483.0,64.0,1500.0,-10152.0,-503983.0
65440R101,New Holding,NIMBLE STORAGE,,,4737.0,172248.0,,
46118H104,Sold Out,"INTRALINKS HOLDINGS, INC.",5984.0,738803.0,,,,
75606N109,Not New,"REALPAGE, INC.",84065.0,3828102.0,59336.0,3828102.0,-24729.0,0.0
74736L109,New Holding,Q2 HOLDINGS INC,,,1153.0,61218.0,,
76680R206,Not New,"RINGCENTRAL, INC. CMN",4181.0,280253.0,797.0,62722.0,-3384.0,-217531.0
80908T101,Not New,"SCIQUEST, INC. CMN",3219.0,222738.0,751.0,49954.0,-2468.0,-172784.0
70432V102,New Holding,PAYCOM SOFTWARE,,,1118.0,42469.0,,
040413106,New Holding,"ARISTA NETWORKS, INC. CMN",,,4282.0,70477.0,,
073271108,Sold Out,"BAZAARVOICE, INC.",12858.0,1739956.0,,,,
825211105,Sold Out,"SHORETEL, INC. CMN",492.0,73926.0,,,,
47760A108,Not New,"JIVE SOFTWARE, INC. CMN",6032.0,1000263.0,865.0,148443.0,-5167.0,-851820.0
751198102,New Holding,Rally Software Development Corp,,,3064.0,269511.0,,
101388106,New Holding,BOTTOMLINE TECHNOLOGIES INC CMN,,,1281.0,50659.0,,
268648102,New Holding,EMC CORPORATION MASS CMN,,,4856.0,163280.0,,
57063L107,Not New,MARKETO INC. CMN,3019.0,92263.0,835.0,25852.0,-2184.0,-66411.0
91531F103,New Holding,UNWIRED PLANET INC COM STK,,,1045.0,1045001.0,,
45321L100,New Holding,IMPERVA INC CMN,,,5465.0,110561.0,,
300614500,Not New,EXA CORPORATION CMN,3481.0,295527.0,940.0,83333.0,-2541.0,-212194.0
922280102,New Holding,VARONIS SYSTEMS INC,,,1570.0,47826.0,,
743424103,New Holding,PROOFPOINT INC,,,3605.0,74743.0,,
01988P108,New Holding,ALLSCRIPTS HEALTHCARE SOL INC CMN,,,3768.0,295059.0,,
10921T101,Not New,"BRIGHTCOVE, INC.",12285.0,1579049.0,8811.0,1579049.0,-3474.0,0.0
