CUSIP,status,NAME OF ISSUER,(x$1000)_old,PRN AMT_old,(x$1000),PRN AMT,(x$1000)_change,PRN AMT_change
159864107,New Holding,CHARLES RIV LABS INTL INC,,,1401.0,17671.0,,
976391300,New Holding,WINTHROP RLTY TR,,,1546.0,94760.0,,
651290108,Not New,NEWFIELD EXPL CO,6027.0,171751.0,2487.0,91718.0,-3540.0,-80033.0
71943U104,Sold Out,PHYSICIANS RLTY TR,2158.0,130000.0,,,,
Q9235V101,Sold Out,TRONOX LTD,716.0,30000.0,,,,
867224107,Not New,SUNCOR ENERGY INC NEW,5353.0,183000.0,2352.0,74000.0,-3001.0,-109000.0
12646R105,Sold Out,CST BRANDS INC,1931.0,44283.0,,,,
84860W102,Not New,SPIRIT RLTY CAP INC NEW,2718.0,225000.0,4221.0,355000.0,1503.0,130000.0
87612G101,New Holding,TARGA RES CORP,,,763.0,7966.0,,
88146M101,Sold Out,TERRENO RLTY CORP,2228.0,108000.0,,,,
909214306,Sold Out,UNISYS CORP,1474.0,50000.0,,,,
031162100,Sold Out,AMGEN INC,630.0,3953.0,,,,
29250N105,Sold Out,ENBRIDGE INC,1075.0,20920.0,,,,
370023103,New Holding,GENERAL GROWTH PPTYS INC NEW,,,13593.0,460000.0,,
485865109,New Holding,KATE SPADE & CO,,,284.0,8516.0,,
774415103,Sold Out,ROCKWOOD HLDGS INC,19790.0,251148.0,,,,
880779103,Sold Out,TEREX CORP NEW,433.0,15526.0,,,,
20451N101,Not New,COMPASS MINERALS INTL INC,9618.0,103189.0,11938.0,137489.0,2320.0,34300.0
26441C204,Sold Out,DUKE ENERGY CORP NEW,474.0,5678.0,,,,
48242W106,New Holding,KBR INC,,,903.0,62380.0,,
90138A103,New Holding,21VIANET GROUP INC,,,513.0,29060.0,,
81663A105,Sold Out,SEMGROUP CORP,265.0,3873.0,,,,
13466Y105,New Holding,CAMPUS CREST CMNTYS INC,,,2864.0,400000.0,,
125269100,Not New,CF INDS HLDGS INC,2448.0,8628.0,5273.0,19348.0,2825.0,10720.0
88023U101,New Holding,TEMPUR SEALY INTL INC,,,1409.0,24406.0,,
66704R704,Not New,NORTHSTAR RLTY FIN CORP,10147.0,560000.0,3516.0,200000.0,-6631.0,-360000.0
50540R409,New Holding,LABORATORY CORP AMER HLDGS,,,1333.0,10569.0,,
53578A108,Sold Out,LINKEDIN CORP,1328.0,5780.0,,,,
31573A109,Sold Out,FIBRIA CELULOSE S A,1941.0,160000.0,,,,
171340102,New Holding,CHURCH & DWIGHT INC,,,1305.0,15280.0,,
34988V106,Sold Out,FOSSIL GROUP INC,466.0,4206.0,,,,
03027X100,New Holding,AMERICAN TOWER CORP NEW,,,2390.0,25386.0,,
13645T100,Not New,CANADIAN PAC RY LTD,9683.0,53000.0,4846.0,25149.0,-4837.0,-27851.0
399473107,Not New,GROUPON INC,8411.0,1166542.0,4549.0,550674.0,-3862.0,-615868.0
399473107,Not New,GROUPON INC,7210.0,1000000.0,4549.0,550674.0,-2661.0,-449326.0
552953101,New Holding,MGM RESORTS INTERNATIONAL,,,1262.0,60000.0,,
552953101,New Holding,MGM RESORTS INTERNATIONAL,,,210.0,10000.0,,
054303102,Sold Out,AVON PRODS INC,235.0,25000.0,,,,
01973R101,Not New,ALLISON TRANSMISSION HLDGS I,7003.0,219250.0,314.0,9250.0,-6689.0,-210000.0
665531109,Sold Out,NORTHERN OIL & GAS INC NEV,1087.0,192412.0,,,,
91704F104,New Holding,URBAN EDGE PPTYS,,,556.0,23460.0,,
559222401,Sold Out,MAGNA INTL INC,1630.0,15000.0,,,,
126650100,New Holding,CVS HEALTH CORP,,,293.0,2843.0,,
231269101,New Holding,CURIS INC,,,315.0,131109.0,,
76131V202,Sold Out,RETAIL PPTYS AMER INC,2837.0,170000.0,,,,
00817Y108,New Holding,AETNA INC NEW,,,268.0,2519.0,,
05367P100,New Holding,AVID TECHNOLOGY INC,,,1438.0,96541.0,,
529043101,New Holding,LEXINGTON REALTY TRUST,,,492.0,50000.0,,
88579Y101,Not New,3M CO,8820.0,53469.0,606.0,3685.0,-8214.0,-49784.0
007624208,New Holding,ADVAXIS INC,,,307.0,21268.0,,
257559203,New Holding,DOMTAR CORP,,,1156.0,25000.0,,
91232N108,Not New,UNITED STATES OIL FUND LP,10104.0,600000.0,1496.0,73500.0,-8608.0,-526500.0
91232N108,Not New,UNITED STATES OIL FUND LP,10104.0,600000.0,10180.0,500000.0,76.0,-100000.0
896239100,Sold Out,TRIMBLE NAVIGATION LTD,2123.0,80000.0,,,,
G65773106,New Holding,NORDIC AMERICAN TANKERS LIMI,,,202.0,17000.0,,
05534B760,New Holding,BCE INC,,,2879.0,67954.0,,
292104106,Not New,EMPIRE ST RLTY TR INC,7524.0,400000.0,9669.0,550000.0,2145.0,150000.0
23247G109,Not New,CVENT INC,730.0,26033.0,425.0,15266.0,-305.0,-10767.0
460146103,New Holding,INTL PAPER CO,,,507.0,9140.0,,
516806106,Not New,LAREDO PETROLEUM INC,1083.0,83032.0,709.0,68473.0,-374.0,-14559.0
652526203,New Holding,NEWTEK BUSINESS SVCS CORP,,,258.0,15616.0,,
74876Y101,New Holding,QUINTILES TRANSNATIO HLDGS I,,,1513.0,22589.0,,
704326107,Not New,PAYCHEX INC,2977.0,60000.0,2964.0,64193.0,-13.0,4193.0
929740108,Not New,WABTEC CORP,713.0,7500.0,774.0,8910.0,61.0,1410.0
626717102,Sold Out,MURPHY OIL CORP,692.0,13694.0,,,,
494368103,New Holding,KIMBERLY CLARK CORP,,,1882.0,17575.0,,
768573107,Not New,RIVERBED TECHNOLOGY INC,1917.0,91700.0,206.0,10084.0,-1711.0,-81616.0
451055AE7,Not New,ICONIX BRAND GROUP INC,2722.0,80837.0,15651.0,12000000.0,12929.0,11919163.0
G29183103,New Holding,EATON CORP PLC,,,534.0,7853.0,,
16411R208,Not New,CHENIERE ENERGY INC,4169.0,53860.0,387.0,5498.0,-3782.0,-48362.0
666807102,Not New,NORTHROP GRUMMAN CORP,8879.0,55161.0,1216.0,8251.0,-7663.0,-46910.0
172967424,New Holding,CITIGROUP INC,,,908.0,17622.0,,
371559105,Sold Out,GENESEE & WYO INC,5845.0,65000.0,,,,
48123VAC6,Not New,J2 GLOBAL INC,4037.0,61469.0,3250.0,2948000.0,-787.0,2886531.0
718172109,Sold Out,PHILIP MORRIS INTL INC,284.0,3491.0,,,,
596278101,Not New,MIDDLEBY CORP,2310.0,22500.0,743.0,7500.0,-1567.0,-15000.0
G0083B108,Not New,ACTAVIS PLC,12585.0,42285.0,2317.0,9000.0,-10268.0,-33285.0
229678107,Sold Out,CUBIST PHARMACEUTICALS INC,12660.0,125778.0,,,,
229678107,Sold Out,CUBIST PHARMACEUTICALS INC,231.0,2300.0,,,,
384109104,New Holding,GRACO INC,,,1082.0,15000.0,,
64110W102,Not New,NETEASE INC,737.0,7000.0,930.0,9380.0,193.0,2380.0
81369Y308,Sold Out,SELECT SECTOR SPDR TR,2052.0,42320.0,,,,
297178105,Sold Out,ESSEX PPTY TR INC,10070.0,48740.0,,,,
752344309,Not New,RANDGOLD RES LTD,3117.0,45000.0,1011.0,15000.0,-2106.0,-30000.0
98419M100,New Holding,XYLEM INC,,,2356.0,67273.0,,
30212P303,New Holding,EXPEDIA INC DEL,,,10156.0,107895.0,,
40650V100,New Holding,HALYARD HEALTH INC,,,781.0,15880.0,,
440452100,Not New,HORMEL FOODS CORP,2435.0,42840.0,294.0,5652.0,-2141.0,-37188.0
30249U101,Sold Out,FMC TECHNOLOGIES INC,4896.0,104531.0,,,,
16117M305,New Holding,CHARTER COMMUNICATIONS INC D,,,768.0,3978.0,,
31680Q104,New Holding,58 COM INC,,,740.0,14000.0,,
105368203,Sold Out,BRANDYWINE RLTY TR,3995.0,250000.0,,,,
57063L107,Sold Out,MARKETO INC,478.0,14624.0,,,,
02209S103,New Holding,ALTRIA GROUP INC,,,2032.0,40620.0,,
071813109,Not New,BAXTER INTL INC,353.0,5149.0,410.0,5596.0,57.0,447.0
171779309,Not New,CIENA CORP,2122.0,109914.0,9360.0,482219.0,7238.0,372305.0
171779309,Not New,CIENA CORP,2122.0,109914.0,11646.0,600000.0,9524.0,490086.0
G27823106,Sold Out,DELPHI AUTOMOTIVE PLC,4690.0,64500.0,,,,
237194105,New Holding,DARDEN RESTAURANTS INC,,,261.0,3765.0,,
53219L109,Sold Out,LIFEPOINT HOSPITALS INC,503.0,7000.0,,,,
261608103,Not New,DRESSER-RAND GROUP INC,5616.0,69889.0,3412.0,41710.0,-2204.0,-28179.0
261608103,Not New,DRESSER-RAND GROUP INC,5616.0,69889.0,417.0,5100.0,-5199.0,-64789.0
261608103,Not New,DRESSER-RAND GROUP INC,4845.0,60300.0,3412.0,41710.0,-1433.0,-18590.0
261608103,Not New,DRESSER-RAND GROUP INC,4845.0,60300.0,417.0,5100.0,-4428.0,-55200.0
045487105,New Holding,ASSOCIATED BANC CORP,,,1116.0,60000.0,,
19624RAB2,Sold Out,COLONY FINL INC,4251.0,2597000.0,,,,
30161N101,Not New,EXELON CORP,209.0,6210.0,1874.0,50527.0,1665.0,44317.0
131347304,New Holding,CALPINE CORP,,,306.0,13400.0,,
81369Y704,Sold Out,SELECT SECTOR SPDR TR,4908.0,86740.0,,,,
222795106,Not New,COUSINS PPTYS INC,5035.0,475000.0,8394.0,735000.0,3359.0,260000.0
84649R200,Sold Out,SPANSION INC,3291.0,96177.0,,,,
868157108,Sold Out,SUPERIOR ENERGY SVCS INC,1813.0,89959.0,,,,
544147101,New Holding,LORILLARD INC,,,2231.0,34141.0,,
67457L100,New Holding,OCATA THERAPEUTICS INC,,,156.0,25400.0,,
27890G100,Sold Out,ECLIPSE RES CORP,359.0,51066.0,,,,
518439104,Sold Out,LAUDER ESTEE COS INC,211.0,2772.0,,,,
81619Q105,Sold Out,SELECT MED HLDGS CORP,251.0,17400.0,,,,
874054AC3,Sold Out,TAKE-TWO INTERACTIVE SOFTWAR,2577.0,1700000.0,,,,
055622104,New Holding,BP PLC,,,391.0,10000.0,,
G7945E105,Sold Out,SEADRILL LIMITED,305.0,25554.0,,,,
897888AB9,Sold Out,TRULIA INC,7257.0,7000000.0,,,,
38141G104,New Holding,GOLDMAN SACHS GROUP INC,,,2632.0,14000.0,,
037833100,Not New,APPLE INC,1980.0,15911.0,506.0,4586.0,-1474.0,-11325.0
035290105,Sold Out,ANIXTER INTL INC,3538.0,40000.0,,,,
59408Q106,New Holding,MICHAELS COS INC,,,786.0,29064.0,,
912909108,Sold Out,UNITED STATES STL CORP NEW,267.0,10000.0,,,,
902494103,Not New,TYSON FOODS INC,1468.0,38316.0,204.0,5100.0,-1264.0,-33216.0
512807108,New Holding,LAM RESEARCH CORP,,,2824.0,40201.0,,
266605104,New Holding,DURECT CORP,,,144.0,75355.0,,
09062X103,Not New,BIOGEN INC,285.0,675.0,372.0,1095.0,87.0,420.0
N33462107,Not New,FRANKS INTL N V,3177.0,169914.0,1829.0,110000.0,-1348.0,-59914.0
904214103,New Holding,UMPQUA HLDGS CORP,,,1477.0,86000.0,,
05463D100,Not New,AXIALL CORP,1925.0,41000.0,1954.0,46000.0,29.0,5000.0
676220106,New Holding,OFFICE DEPOT INC,,,6345.0,689720.0,,
55262C100,New Holding,MBIA INC,,,517.0,55580.0,,
756577102,Not New,RED HAT INC,1727.0,22800.0,1576.0,22800.0,-151.0,0.0
534187109,Sold Out,LINCOLN NATL CORP IND,7828.0,135734.0,,,,
78454L100,New Holding,SM ENERGY CO,,,533.0,10311.0,,
369300108,New Holding,GENERAL CABLE CORP DEL NEW,,,463.0,26900.0,,
345550AR8,Sold Out,FOREST CITY ENTERPRISES INC,4280.0,4470000.0,,,,
554382101,Sold Out,MACERICH CO,6256.0,75000.0,,,,
002535300,New Holding,AARONS INC,,,1068.0,37726.0,,
31620R402,New Holding,FIDELITY NATIONAL FINANCIAL,,,744.0,52800.0,,
111621306,New Holding,BROCADE COMMUNICATIONS SYS I,,,379.0,31934.0,,
292554AF9,Not New,ENCORE CAP GROUP INC,6707.0,161261.0,8487.0,7373000.0,1780.0,7211739.0
024835100,Sold Out,AMERICAN CAMPUS CMNTYS INC,7755.0,187500.0,,,,
85571BAC9,Sold Out,STARWOOD PPTY TR INC,11217.0,7960000.0,,,,
648691103,New Holding,NEW SR INVT GROUP INC,,,2828.0,170051.0,,
06846N104,Not New,BARRETT BILL CORP,969.0,116777.0,204.0,17886.0,-765.0,-98891.0
464287184,Sold Out,ISHARES TR,1041.0,25000.0,,,,
05334D107,Sold Out,AUXILIUM PHARMACEUTICALS INC,6157.0,179062.0,,,,
548661107,Not New,LOWES COS INC,1047.0,14069.0,4816.0,70000.0,3769.0,55931.0
831865209,Sold Out,SMITH A O,3325.0,58940.0,,,,
05329W102,Sold Out,AUTONATION INC,1208.0,20000.0,,,,
29476L107,Not New,EQUITY RESIDENTIAL,545.0,7000.0,718.0,10000.0,173.0,3000.0
55345K103,Sold Out,MRC GLOBAL INC,758.0,50000.0,,,,
471109108,Sold Out,JARDEN CORP,872.0,18217.0,,,,
013904305,Not New,ALCATEL-LUCENT,12362.0,3314272.0,7810.0,2200000.0,-4552.0,-1114272.0
828336107,Sold Out,SILVER WHEATON CORP,915.0,45000.0,,,,
670872100,Not New,OM GROUP INC,901.0,30000.0,596.0,20000.0,-305.0,-10000.0
79970Y105,Sold Out,SANCHEZ ENERGY CORP,959.0,103204.0,,,,
92220P105,New Holding,VARIAN MED SYS INC,,,988.0,10497.0,,
404139107,New Holding,HC2 HLDGS INC,,,151.0,13795.0,,
530715AG6,Sold Out,LIBERTY MEDIA CORP,1948.0,3000000.0,,,,
879369AA4,Not New,TELEFLEX INC,6231.0,51567.0,5984.0,3162000.0,-247.0,3110433.0
903293405,New Holding,U S G CORP,,,1736.0,65000.0,,
903293405,New Holding,U S G CORP,,,6008.0,225000.0,,
02917T104,Sold Out,AMERICAN RLTY CAP PPTYS INC,136.0,15000.0,,,,
02917T104,Sold Out,AMERICAN RLTY CAP PPTYS INC,1629.0,180000.0,,,,
444097109,Sold Out,HUDSON PAC PPTYS INC,4359.0,145000.0,,,,
693320202,Sold Out,PHH CORP,1610.0,67215.0,,,,
143658300,Not New,CARNIVAL CORP,2090.0,43681.0,271.0,5988.0,-1819.0,-37693.0
88160RAA9,Not New,TESLA MTRS INC,10991.0,58222.0,12518.0,6750000.0,1527.0,6691778.0
49456B101,Sold Out,KINDER MORGAN INC DEL,3679.0,86948.0,,,,
53619R102,New Holding,LION BIOTECHNOLOGIES INC,,,277.0,22855.0,,
854502101,Sold Out,STANLEY BLACK & DECKER INC,674.0,7019.0,,,,
90346E103,Not New,U S SILICA HLDGS INC,1342.0,37690.0,2595.0,101000.0,1253.0,63310.0
00162Q866,Sold Out,ALPS ETF TR,1752.0,100000.0,,,,
836034108,New Holding,SOUFUN HLDGS LTD,,,1200.0,200000.0,,
698813102,New Holding,PAPA JOHNS INTL INC,,,216.0,3501.0,,
594918104,Sold Out,MICROSOFT CORP,202.0,4343.0,,,,
23283X206,New Holding,CYTOSORBENTS CORP,,,424.0,32131.0,,
037411105,Sold Out,APACHE CORP,294.0,4689.0,,,,
42726X102,New Holding,HERITAGE FINL GROUP INC,,,645.0,23704.0,,
62942X108,Sold Out,NRG YIELD INC,1886.0,40000.0,,,,
959319104,New Holding,WESTERN REFNG INC,,,325.0,6580.0,,
64051T100,New Holding,NEOPHOTONICS CORP,,,98.0,14490.0,,
024061103,Sold Out,AMERICAN AXLE & MFG HLDGS IN,1694.0,75000.0,,,,
71377G100,Not New,PERFORMANCE SPORTS GROUP LTD,859.0,44035.0,647.0,35980.0,-212.0,-8055.0
875465106,Sold Out,TANGER FACTORY OUTLET CTRS I,1597.0,43200.0,,,,
881609101,Not New,TESORO CORP,858.0,9395.0,2007.0,27000.0,1149.0,17605.0
125509109,New Holding,CIGNA CORPORATION,,,387.0,2990.0,,
984017103,New Holding,XENIA HOTELS & RESORTS INC,,,4797.0,210860.0,,
968223206,New Holding,WILEY JOHN & SONS INC,,,660.0,10799.0,,
165167BZ9,Sold Out,CHESAPEAKE ENERGY CORP,1464.0,1500000.0,,,,
307000109,Not New,FAMILY DLR STORES INC,22056.0,278349.0,19271.0,243296.0,-2785.0,-35053.0
966244105,New Holding,WHITEWAVE FOODS CO,,,2834.0,63913.0,,
440543106,Sold Out,HORNBECK OFFSHORE SVCS INC N,999.0,40000.0,,,,
02917TAB0,Sold Out,AMERICAN RLTY CAP PPTYS INC,2759.0,6512000.0,,,,
949746101,Sold Out,WELLS FARGO & CO NEW,9220.0,168184.0,,,,
464288752,Not New,ISHARES,1412.0,50000.0,3364.0,130000.0,1952.0,80000.0
464288752,Not New,ISHARES,1412.0,50000.0,647.0,25000.0,-765.0,-25000.0
464288752,Not New,ISHARES,1412.0,50000.0,3364.0,130000.0,1952.0,80000.0
464288752,Not New,ISHARES,1412.0,50000.0,647.0,25000.0,-765.0,-25000.0
761565100,Sold Out,REX ENERGY CORPORATION,277.0,54324.0,,,,
45845P108,New Holding,INTERCEPT PHARMACEUTICALS IN,,,282.0,1000.0,,
351858105,New Holding,FRANCO NEVADA CORP,,,3107.0,64000.0,,
98954A107,Sold Out,ZILLOW INC,233.0,2200.0,,,,
98936J101,Not New,ZENDESK INC,759.0,33467.0,792.0,32491.0,33.0,-976.0
G91442106,Sold Out,TYCO INTL PLC,7895.0,180000.0,,,,
69331C108,New Holding,PG&E CORP,,,1140.0,21488.0,,
203668116,Not New,COMMUNITY HEALTH SYS INC NEW,1.0,32432.0,1.0,32432.0,0.0,0.0
G491BT108,New Holding,INVESCO LTD,,,4305.0,108474.0,,
61748W108,Not New,MORGANS HOTEL GROUP CO,177.0,22815.0,179.0,22815.0,2.0,0.0
832696405,New Holding,SMUCKER J M CO,,,1569.0,13554.0,,
464287556,Sold Out,ISHARES TR,3034.0,10000.0,,,,
56585A102,Not New,MARATHON PETE CORP,6785.0,66269.0,3277.0,36301.0,-3508.0,-29968.0
816851109,Not New,SEMPRA ENERGY,3974.0,36451.0,215.0,1930.0,-3759.0,-34521.0
G5480U104,Not New,LIBERTY GLOBAL PLC,772.0,15000.0,10041.0,200000.0,9269.0,185000.0
G5480U104,Not New,LIBERTY GLOBAL PLC,9265.0,180000.0,10041.0,200000.0,776.0,20000.0
02665T306,Sold Out,AMERICAN HOMES 4 RENT,10787.0,633388.0,,,,
Y8977Y100,New Holding,TRANSOCEAN PARTNERS LLC,,,1162.0,94825.0,,
98978V103,New Holding,ZOETIS INC,,,231.0,5000.0,,
82705T102,Sold Out,SILICON IMAGE INC,653.0,118279.0,,,,
45321L100,New Holding,IMPERVA INC,,,299.0,7001.0,,
431475102,New Holding,HILL ROM HLDGS INC,,,3593.0,73323.0,,
678026105,Not New,OIL STS INTL INC,1864.0,46880.0,3622.0,74064.0,1758.0,27184.0
45245E109,New Holding,IMAX CORP,,,1656.0,49117.0,,
903914109,Not New,ULTRA PETROLEUM CORP,848.0,54250.0,217.0,16480.0,-631.0,-37770.0
594972408,Not New,MICROSTRATEGY INC,7676.0,45371.0,4445.0,27371.0,-3231.0,-18000.0
226718104,New Holding,CRITEO S A,,,10499.0,265786.0,,
872540109,New Holding,TJX COS INC NEW,,,548.0,7822.0,,
247361702,Not New,DELTA AIR LINES INC DEL,9217.0,205000.0,544.0,11063.0,-8673.0,-193937.0
025816109,Not New,AMERICAN EXPRESS CO,5195.0,66500.0,2349.0,25250.0,-2846.0,-41250.0
72348P104,New Holding,PINNACLE FOODS INC DEL,,,1157.0,28344.0,,
151290BC6,Sold Out,CEMEX SAB DE CV,46639.0,33451000.0,,,,
60671Q104,Sold Out,MITEL NETWORKS CORP,757.0,70840.0,,,,
651718504,Sold Out,NEWPARK RES INC,1586.0,166215.0,,,,
90130A101,Sold Out,TWENTY FIRST CENTY FOX INC,412.0,10731.0,,,,
918194101,Not New,VCA INC,1716.0,31297.0,624.0,12800.0,-1092.0,-18497.0
421924309,Sold Out,HEALTHSOUTH CORP,481.0,12500.0,,,,
08579W103,Not New,BERRY PLASTICS GROUP INC,2999.0,82860.0,2209.0,70000.0,-790.0,-12860.0
16939P106,New Holding,CHINA LIFE INS CO LTD,,,2841.0,43000.0,,
887399103,New Holding,TIMKENSTEEL CORP,,,336.0,12709.0,,
87164U102,New Holding,SYNTHETIC BIOLOGICS INC,,,53.0,24251.0,,
05561Q201,New Holding,BOK FINL CORP,,,1295.0,21156.0,,
189754104,New Holding,COACH INC,,,267.0,6456.0,,
G47791101,Sold Out,INGERSOLL-RAND PLC,7075.0,111612.0,,,,
74348TAL6,Sold Out,PROSPECT CAPITAL CORPORATION,510.0,500000.0,,,,
G7665A101,Sold Out,ROWAN COMPANIES PLC,2263.0,97036.0,,,,
G0750C108,New Holding,AXALTA COATING SYS LTD,,,2210.0,80000.0,,
85590A401,Sold Out,STARWOOD HOTELS&RESORTS WRLD,406.0,5013.0,,,,
23283R100,Sold Out,CYRUSONE INC,3995.0,145000.0,,,,
192446102,Not New,COGNIZANT TECHNOLOGY SOLUTIO,9083.0,145581.0,4977.0,94510.0,-4106.0,-51071.0
25659T107,New Holding,DOLBY LABORATORIES INC,,,205.0,5366.0,,
947890109,New Holding,WEBSTER FINL CORP CONN,,,1482.0,40000.0,,
112463104,Sold Out,BROOKDALE SR LIVING INC,990.0,27000.0,,,,
L7257P106,Not New,PACIFIC DRILLING SA LUXEMBOU,1316.0,338318.0,1299.0,280000.0,-17.0,-58318.0
31847R102,Sold Out,FIRST AMERN FINL CORP,2577.0,76025.0,,,,
87305RAD1,Not New,TTM TECHNOLOGIES INC,21777.0,2417016.0,15265.0,17744000.0,-6512.0,15326984.0
443510201,Not New,HUBBELL INC,3151.0,28749.0,4273.0,39999.0,1122.0,11250.0
464287655,Not New,ISHARES TR,3109.0,25000.0,185638.0,1551900.0,182529.0,1526900.0
464287655,Not New,ISHARES TR,3109.0,25000.0,55025.0,460000.0,51916.0,435000.0
36467J108,New Holding,GAMING & LEISURE PPTYS INC,,,339.0,9186.0,,
203668108,Sold Out,COMMUNITY HEALTH SYS INC NEW,922.0,17100.0,,,,
803062108,Sold Out,SAPIENT CORP,7925.0,318545.0,,,,
38147U107,New Holding,GOLDMAN SACHS BDC INC,,,492.0,23800.0,,
263534109,New Holding,DU PONT E I DE NEMOURS & CO,,,2349.0,32863.0,,
535678106,Sold Out,LINEAR TECHNOLOGY CORP,1675.0,36737.0,,,,
817565104,New Holding,SERVICE CORP INTL,,,543.0,20850.0,,
009158106,New Holding,AIR PRODS & CHEMS INC,,,4907.0,32439.0,,
501797104,Not New,L BRANDS INC,207.0,2199.0,375.0,4329.0,168.0,2130.0
144577103,Not New,CARRIZO OIL & GAS INC,2377.0,47876.0,2403.0,57756.0,26.0,9880.0
784635104,New Holding,SPX CORP,,,3396.0,40000.0,,
73179P106,Sold Out,POLYONE CORP,1024.0,27000.0,,,,
531465102,New Holding,LIBERTY TRIPADVISOR HLDGS IN,,,1032.0,32462.0,,
761152107,New Holding,RESMED INC,,,3059.0,42616.0,,
460254105,Sold Out,INTERNATIONAL RECTIFIER CORP,4530.0,113532.0,,,,
81369Y506,Not New,SELECT SECTOR SPDR TR,3491.0,45000.0,5051.0,63802.0,1560.0,18802.0
81369Y506,Not New,SELECT SECTOR SPDR TR,3491.0,45000.0,7916.0,100000.0,4425.0,55000.0
81369Y506,Not New,SELECT SECTOR SPDR TR,3491.0,45000.0,9499.0,120000.0,6008.0,75000.0
30225X103,Not New,EXTERRAN HLDGS INC,7000.0,208520.0,6842.0,210000.0,-158.0,1480.0
69888T207,New Holding,PAR PETE CORP,,,507.0,21843.0,,
58436Q203,New Holding,MEDGENICS INC,,,120.0,14901.0,,
37045V100,New Holding,GENERAL MTRS CO,,,8508.0,226889.0,,
279158109,Not New,ECOPETROL S A,1212.0,79659.0,1463.0,85435.0,251.0,5776.0
78463V107,New Holding,SPDR GOLD TRUST,,,1705.0,15000.0,,
78463V107,New Holding,SPDR GOLD TRUST,,,17049.0,150000.0,,
06742E711,Sold Out,BARCLAYS BK PLC,2836.0,90000.0,,,,
11777Q209,New Holding,B2GOLD CORP,,,2128.0,1400000.0,,
G6359F103,New Holding,NABORS INDUSTRIES LTD,,,3716.0,272220.0,,
112463AA2,New Holding,BROOKDALE SR LIVING INC,,,2575.0,68201.0,,
683715106,Not New,OPEN TEXT CORP,9345.0,176688.0,9360.0,160664.0,15.0,-16024.0
251893103,New Holding,DEVRY ED GROUP INC,,,1309.0,39236.0,,
74340W103,Sold Out,PROLOGIS INC,8606.0,200000.0,,,,
246647101,New Holding,DELEK US HLDGS INC,,,1397.0,35144.0,,
872590203,Sold Out,T MOBILE US INC,17571.0,331591.0,,,,
95082P105,Sold Out,WESCO INTL INC,3429.0,45000.0,,,,
716768106,Sold Out,PETSMART INC,10198.0,125447.0,,,,
716768106,Sold Out,PETSMART INC,1219.0,15000.0,,,,
28140H203,Not New,EDUCATION RLTY TR INC,6192.0,175000.0,15862.0,433512.0,9670.0,258512.0
284902103,Sold Out,ELDORADO GOLD CORP NEW,2120.0,348641.0,,,,
783549108,Sold Out,RYDER SYS INC,797.0,8585.0,,,,
364730101,New Holding,GANNETT INC,,,360.0,9701.0,,
007903107,New Holding,ADVANCED MICRO DEVICES INC,,,28.0,10360.0,,
G30401106,New Holding,ENDO INTL PLC,,,4880.0,54405.0,,
G30401106,New Holding,ENDO INTL PLC,,,4485.0,50000.0,,
34964C106,Not New,FORTUNE BRANDS HOME & SEC IN,2833.0,59672.0,3622.0,80000.0,789.0,20328.0
249908AA2,Sold Out,DEPOMED INC,8207.0,3000000.0,,,,
020520AB8,New Holding,ALON USA ENERGY INC,,,2634.0,158967.0,,
004397AD7,Not New,ACCURAY INC,9775.0,1051051.0,1541.0,1000000.0,-8234.0,-51051.0
053484101,Not New,AVALONBAY CMNTYS INC,2614.0,15000.0,6536.0,40000.0,3922.0,25000.0
008916108,Sold Out,AGRIUM INC,2842.0,30000.0,,,,
883203101,New Holding,TEXTRON INC,,,4965.0,112000.0,,
450911201,Not New,ITT CORP NEW,5188.0,130000.0,2832.0,70000.0,-2356.0,-60000.0
87074U101,Not New,SWIFT TRANSN CO,3753.0,144249.0,4295.0,150000.0,542.0,5751.0
343498101,New Holding,FLOWERS FOODS INC,,,3686.0,162087.0,,
48238T109,New Holding,KAR AUCTION SVCS INC,,,2427.0,63999.0,,
009363102,New Holding,AIRGAS INC,,,1495.0,14087.0,,
923725105,New Holding,VERMILION ENERGY INC,,,235.0,5588.0,,
896047503,New Holding,TRIBUNE MEDIA CO,,,2116.0,34790.0,,
887389104,New Holding,TIMKEN CO,,,2528.0,60000.0,,
Y2187A127,New Holding,EAGLE BULK SHIPPING INC,,,347.0,46954.0,,
741503AQ9,Not New,PRICELINE GRP INC,1849.0,1588.0,3322.0,1500000.0,1473.0,1498412.0
848574109,Sold Out,SPIRIT AEROSYSTEMS HLDGS INC,4304.0,100000.0,,,,
156504300,Not New,CENTURY CMNTYS INC,1941.0,100417.0,7628.0,441433.0,5687.0,341016.0
38388F108,New Holding,GRACE W R & CO DEL NEW,,,1977.0,20000.0,,
747525103,Not New,QUALCOMM INC,8080.0,116530.0,10168.0,136796.0,2088.0,20266.0
83001A102,New Holding,SIX FLAGS ENTMT CORP NEW,,,1253.0,25890.0,,
744320102,Sold Out,PRUDENTIAL FINL INC,6257.0,69164.0,,,,
29082A107,Sold Out,EMBRAER S A,5898.0,160000.0,,,,
701877102,New Holding,PARSLEY ENERGY INC,,,345.0,21561.0,,
609207105,Not New,MONDELEZ INTL INC,1760.0,48777.0,1159.0,31905.0,-601.0,-16872.0
232806109,New Holding,CYPRESS SEMICONDUCTOR CORP,,,398.0,28186.0,,
278642103,Not New,EBAY INC,348.0,6033.0,1857.0,33093.0,1509.0,27060.0
278642103,Not New,EBAY INC,2884.0,50000.0,1857.0,33093.0,-1027.0,-16907.0
500643200,New Holding,KORN FERRY INTL,,,993.0,30199.0,,
65341B106,Not New,NEXTERA ENERGY PARTNERS LP,480.0,10957.0,1485.0,44000.0,1005.0,33043.0
71646E100,New Holding,PETROCHINA CO LTD,,,1113.0,10005.0,,
83587F202,New Holding,SORRENTO THERAPEUTICS INC,,,441.0,38166.0,,
17275R102,New Holding,CISCO SYS INC,,,1440.0,52329.0,,
30303M102,Not New,FACEBOOK INC,6405.0,77901.0,8141.0,104339.0,1736.0,26438.0
76169B102,Not New,REXNORD CORP NEW,3470.0,130000.0,5078.0,180000.0,1608.0,50000.0
79546E104,New Holding,SALLY BEAUTY HLDGS INC,,,4026.0,117135.0,,
38046C109,New Holding,GOGO INC,,,1252.0,65670.0,,
758750103,Sold Out,REGAL BELOIT CORP,4888.0,65000.0,,,,
20605P101,Not New,CONCHO RES INC,6591.0,56859.0,4343.0,43535.0,-2248.0,-13324.0
046224101,New Holding,ASTEC INDS INC,,,643.0,15000.0,,
22160K105,Sold Out,COSTCO WHSL CORP NEW,337.0,2380.0,,,,
360271100,New Holding,FULTON FINL CORP PA,,,678.0,54920.0,,
58605Q109,Sold Out,MEMORIAL RESOURCE DEV CORP,1989.0,110339.0,,,,
142339100,Not New,CARLISLE COS INC,6484.0,70000.0,6768.0,75000.0,284.0,5000.0
86732Y109,Not New,SUNEDISON INC,4320.0,180000.0,488.0,25000.0,-3832.0,-155000.0
91324P102,Sold Out,UNITEDHEALTH GROUP INC,799.0,7904.0,,,,
57060U233,Sold Out,MARKET VECTORS ETF TR,2685.0,49152.0,,,,
45667G103,Not New,INFINERA CORPORATION,1180.0,60000.0,463.0,31462.0,-717.0,-28538.0
833635105,New Holding,SOCIEDAD QUIMICA MINERA DE C,,,183.0,10000.0,,
742962103,New Holding,PRIVATEBANCORP INC,,,1495.0,42500.0,,
966387102,New Holding,WHITING PETE CORP NEW,,,640.0,20708.0,,
966387102,New Holding,WHITING PETE CORP NEW,,,1545.0,50000.0,,
89353D107,Sold Out,TRANSCANADA CORP,1925.0,39200.0,,,,
777779307,Sold Out,ROSETTA RESOURCES INC,1948.0,87297.0,,,,
690742101,Sold Out,OWENS CORNING NEW,877.0,24500.0,,,,
690742101,Sold Out,OWENS CORNING NEW,1791.0,50000.0,,,,
72147K108,New Holding,PILGRIMS PRIDE CORP NEW,,,3189.0,141148.0,,
91388P105,Sold Out,UNIVERSAL TRUCKLOAD SVCS INC,274.0,9600.0,,,,
29413U103,New Holding,ENVISION HEALTHCARE HLDGS IN,,,3670.0,95691.0,,
25278X109,Not New,DIAMONDBACK ENERGY INC,4558.0,59322.0,4763.0,79680.0,205.0,20358.0
931427108,Sold Out,WALGREENS BOOTS ALLIANCE INC,428.0,5612.0,,,,
052800109,Sold Out,AUTOLIV INC,796.0,7500.0,,,,
896288107,Not New,TRINET GROUP INC,3097.0,87900.0,2659.0,85000.0,-438.0,-2900.0
148887102,New Holding,CATAMARAN CORP,,,13501.0,226748.0,,
436106108,Not New,HOLLYFRONTIER CORP,2288.0,56816.0,1069.0,28513.0,-1219.0,-28303.0
94106L109,New Holding,WASTE MGMT INC DEL,,,2987.0,55088.0,,
82968B103,New Holding,SIRIUS XM HLDGS INC,,,533.0,139409.0,,
13321L108,Not New,CAMECO CORP,202.0,14500.0,238.0,14500.0,36.0,0.0
13321L108,Not New,CAMECO CORP,202.0,14500.0,4923.0,300000.0,4721.0,285500.0
12541W209,Sold Out,C H ROBINSON WORLDWIDE INC,16048.0,214285.0,,,,
62936P103,Sold Out,NPS PHARMACEUTICALS INC,2756.0,77054.0,,,,
125581801,New Holding,CIT GROUP INC,,,1011.0,22406.0,,
654106103,New Holding,NIKE INC,,,491.0,4889.0,,
573284106,New Holding,MARTIN MARIETTA MATLS INC,,,2393.0,17120.0,,
88162F105,New Holding,TETRA TECHNOLOGIES INC DEL,,,3090.0,500050.0,,
89785L107,Not New,TRUECAR INC,1184.0,66356.0,259.0,11325.0,-925.0,-55031.0
001547108,Not New,AK STL HLDG CORP,251.0,56250.0,334.0,56250.0,83.0,0.0
001547108,Not New,AK STL HLDG CORP,671.0,150000.0,334.0,56250.0,-337.0,-93750.0
29355X107,Not New,ENPRO INDS INC,1649.0,25000.0,3138.0,50000.0,1489.0,25000.0
749660106,Not New,RPC INC,1404.0,109639.0,249.0,19099.0,-1155.0,-90540.0
277432100,Not New,EASTMAN CHEM CO,5449.0,78673.0,3683.0,48550.0,-1766.0,-30123.0
277432100,Not New,EASTMAN CHEM CO,5449.0,78673.0,3034.0,40000.0,-2415.0,-38673.0
23317H102,New Holding,DDR CORP,,,1397.0,75000.0,,
268785102,Not New,EP ENERGY CORP,834.0,79597.0,3149.0,301639.0,2315.0,222042.0
779376102,New Holding,ROVI CORP,,,370.0,20336.0,,
25179M103,Not New,DEVON ENERGY CORP NEW,8955.0,148475.0,5420.0,88548.0,-3535.0,-59927.0
04270V106,New Holding,ARRIS GROUP INC NEW,,,278.0,9614.0,,
761713106,Not New,REYNOLDS AMERICAN INC,2271.0,32953.0,1736.0,27007.0,-535.0,-5946.0
761713106,Not New,REYNOLDS AMERICAN INC,2825.0,41000.0,1736.0,27007.0,-1089.0,-13993.0
050095108,Not New,ATWOOD OCEANICS INC,965.0,34335.0,3607.0,127154.0,2642.0,92819.0
80004CAF8,New Holding,SANDISK CORP,,,2767.0,43500.0,,
896945201,Sold Out,TRIPADVISOR INC,924.0,12375.0,,,,
17243V102,New Holding,CINEMARK HOLDINGS INC,,,1612.0,35765.0,,
749685103,Not New,RPM INTL INC,3172.0,66104.0,2028.0,40000.0,-1144.0,-26104.0
422347104,Not New,HEARTLAND EXPRESS INC,5565.0,234231.0,1351.0,50000.0,-4214.0,-184231.0
042068106,New Holding,ARM HLDGS PLC,,,296.0,6000.0,,
929160109,Sold Out,VULCAN MATLS CO,3615.0,55000.0,,,,
674599105,Not New,OCCIDENTAL PETE CORP DEL,5336.0,73097.0,1209.0,14996.0,-4127.0,-58101.0
067806109,Not New,BARNES GROUP INC,4049.0,100000.0,4811.0,130000.0,762.0,30000.0
911363109,New Holding,UNITED RENTALS INC,,,274.0,3005.0,,
66987M604,New Holding,NOVATEL WIRELESS INC,,,356.0,73871.0,,
60855RAC4,Not New,MOLINA HEALTHCARE INC,14772.0,219523.0,26754.0,19750000.0,11982.0,19530477.0
98919V105,Sold Out,ZAYO GROUP HLDGS INC,3057.0,100000.0,,,,
053611109,Sold Out,AVERY DENNISON CORP,1038.0,20000.0,,,,
636180101,Sold Out,NATIONAL FUEL GAS CO N J,1951.0,28056.0,,,,
151020104,Not New,CELGENE CORP,284.0,2467.0,367.0,3278.0,83.0,811.0
919794107,New Holding,VALLEY NATL BANCORP,,,802.0,85000.0,,
577223100,New Holding,MATTSON TECHNOLOGY INC,,,717.0,181907.0,,
868358102,New Holding,SUPERIOR UNIFORM GP INC,,,453.0,23880.0,,
57061R544,Sold Out,MARKET VECTORS ETF TR,14009.0,585398.0,,,,
929089100,Sold Out,VOYA FINL INC,1744.0,41146.0,,,,
49926D109,New Holding,KNOWLES CORP,,,1096.0,56863.0,,
750438103,Sold Out,RADIOSHACK CORP,202.0,545000.0,,,,
33582V108,New Holding,FIRST NIAGARA FINL GP INC,,,1414.0,160000.0,,
464286848,New Holding,ISHARES,,,25060.0,2000000.0,,
11120U105,Not New,BRIXMOR PPTY GROUP INC,1991.0,75000.0,2484.0,100000.0,493.0,25000.0
31816Q101,Sold Out,FIREEYE INC,4738.0,150032.0,,,,
18683K101,Sold Out,CLIFFS NAT RES INC,1071.0,150000.0,,,,
929042109,Sold Out,VORNADO RLTY TR,19422.0,165000.0,,,,
762760106,Not New,RICE ENERGY INC,1020.0,46874.0,1132.0,53988.0,112.0,7114.0
88160RAC5,Not New,TESLA MTRS INC,3723.0,19724.0,15627.0,16900000.0,11904.0,16880276.0
76169C100,Not New,REXFORD INDL RLTY INC,2213.0,140000.0,3142.0,200000.0,929.0,60000.0
723787107,Not New,PIONEER NAT RES CO,6528.0,39922.0,10834.0,72782.0,4306.0,32860.0
044209104,Sold Out,ASHLAND INC NEW,605.0,5050.0,,,,
92343XAA8,Sold Out,VERINT SYS INC,2370.0,2189000.0,,,,
16411RAG4,New Holding,CHENIERE ENERGY INC,,,4475.0,57812.0,,
883556102,New Holding,THERMO FISHER SCIENTIFIC INC,,,390.0,2905.0,,
48666K109,New Holding,KB HOME,,,1250.0,80000.0,,
464287614,Sold Out,ISHARES TR,2868.0,30000.0,,,,
315405100,Not New,FERRO CORP,289.0,23000.0,2112.0,163000.0,1823.0,140000.0
552848103,Sold Out,MGIC INVT CORP WIS,1653.0,177390.0,,,,
74834L100,Sold Out,QUEST DIAGNOSTICS INC,793.0,11824.0,,,,
09739D100,New Holding,BOISE CASCADE CO DEL,,,2622.0,70000.0,,
589400100,New Holding,MERCURY GENL CORP NEW,,,256.0,4426.0,,
910187103,New Holding,UNITED DEV FDG IV,,,898.0,51232.0,,
26817R108,New Holding,DYNEGY INC NEW DEL,,,575.0,18300.0,,
064058100,Not New,BANK NEW YORK MELLON CORP,2182.0,54214.0,2281.0,56217.0,99.0,2003.0
858119100,Not New,STEEL DYNAMICS INC,2417.0,120250.0,795.0,40250.0,-1622.0,-80000.0
00751Y106,New Holding,ADVANCE AUTO PARTS INC,,,2611.0,17440.0,,
124857202,New Holding,CBS CORP NEW,,,2378.0,39226.0,,
743674103,Sold Out,PROTECTIVE LIFE CORP,7369.0,105805.0,,,,
950755108,Not New,WERNER ENTERPRISES INC,1571.0,50000.0,2181.0,70000.0,610.0,20000.0
855244109,Not New,STARBUCKS CORP,528.0,5572.0,793.0,9660.0,265.0,4088.0
12572Q105,Not New,CME GROUP INC,4262.0,45000.0,9362.0,105609.0,5100.0,60609.0
Y0486S104,New Holding,AVAGO TECHNOLOGIES LTD,,,3552.0,27972.0,,
65336K103,New Holding,NEXSTAR BROADCASTING GROUP I,,,892.0,15586.0,,
50047H201,New Holding,KONA GRILL INC,,,528.0,18584.0,,
910047109,Not New,UNITED CONTL HLDGS INC,6053.0,90000.0,368.0,5500.0,-5685.0,-84500.0
49803T300,Sold Out,KITE RLTY GROUP TR,2041.0,71000.0,,,,
471172106,New Holding,JASON INDS INC,,,140.0,19750.0,,
98138H101,Sold Out,WORKDAY INC,1081.0,13250.0,,,,
76689T104,Not New,RIO ALTO MNG LTD NEW,2964.0,1200000.0,632.0,256830.0,-2332.0,-943170.0
465562106,New Holding,ITAU UNIBANCO HLDG SA,,,2046.0,185000.0,,
13123X102,Not New,CALLON PETE CO DEL,367.0,49151.0,1801.0,330377.0,1434.0,281226.0
369604103,New Holding,GENERAL ELECTRIC CO,,,5024.0,202501.0,,
26884L109,Not New,EQT CORP,5628.0,67909.0,2034.0,26875.0,-3594.0,-41034.0
867652406,Sold Out,SUNPOWER CORP,646.0,25000.0,,,,
78462F103,Not New,SPDR S&P 500 ETF TR,41286.0,200000.0,171606.0,834904.0,130320.0,634904.0
78462F103,Not New,SPDR S&P 500 ETF TR,41286.0,200000.0,248703.0,1210000.0,207417.0,1010000.0
78462F103,Not New,SPDR S&P 500 ETF TR,41286.0,200000.0,518475.0,2522500.0,477189.0,2322500.0
78462F103,Not New,SPDR S&P 500 ETF TR,19611.0,95000.0,171606.0,834904.0,151995.0,739904.0
78462F103,Not New,SPDR S&P 500 ETF TR,19611.0,95000.0,248703.0,1210000.0,229092.0,1115000.0
78462F103,Not New,SPDR S&P 500 ETF TR,19611.0,95000.0,518475.0,2522500.0,498864.0,2427500.0
42330P107,New Holding,HELIX ENERGY SOLUTIONS GRP I,,,1224.0,81802.0,,
151290BB8,Sold Out,CEMEX SAB DE CV,5857.0,10000000.0,,,,
983793100,Sold Out,XPO LOGISTICS INC,741.0,18126.0,,,,
826565103,New Holding,SIGMA DESIGNS INC,,,448.0,55803.0,,
059460303,New Holding,BANCO BRADESCO S A,,,1893.0,204000.0,,
25746U109,Not New,DOMINION RES INC VA NEW,580.0,8177.0,1700.0,22103.0,1120.0,13926.0
G3727Q101,New Holding,FREESCALE SEMICONDUCTOR LTD,,,9271.0,227463.0,,
464287234,Not New,ISHARES TR,8829.0,220000.0,6738.0,171500.0,-2091.0,-48500.0
464287234,Not New,ISHARES TR,8829.0,220000.0,19645.0,500000.0,10816.0,280000.0
679580100,Sold Out,OLD DOMINION FGHT LINES INC,4658.0,60000.0,,,,
98462Y100,Sold Out,YAMANA GOLD INC,965.0,240000.0,,,,
212015101,Not New,CONTINENTAL RESOURCES INC,1253.0,28695.0,2748.0,71637.0,1495.0,42942.0
74039L103,New Holding,PREFERRED APT CMNTYS INC,,,435.0,40169.0,,
379302102,Sold Out,GLIMCHER RLTY TR,8873.0,645800.0,,,,
40416M105,Sold Out,HD SUPPLY HLDGS INC,7889.0,267500.0,,,,
177376100,Sold Out,CITRIX SYS INC,1021.0,16000.0,,,,
59151K108,New Holding,METHANEX CORP,,,4286.0,80000.0,,
55826P100,New Holding,MADISON SQUARE GARDEN CO,,,3386.0,40000.0,,
19122T109,New Holding,COCA COLA ENTERPRISES INC NE,,,446.0,10097.0,,
26153C103,New Holding,DREAMWORKS ANIMATION SKG INC,,,695.0,28720.0,,
53217R207,New Holding,LIFE TIME FITNESS INC,,,8805.0,124086.0,,
941848103,New Holding,WATERS CORP,,,508.0,4083.0,,
256677105,Not New,DOLLAR GEN CORP NEW,15812.0,209764.0,1414.0,20000.0,-14398.0,-189764.0
165167107,Not New,CHESAPEAKE ENERGY CORP,1012.0,71500.0,7212.0,368507.0,6200.0,297007.0
165167107,Not New,CHESAPEAKE ENERGY CORP,1012.0,71500.0,196.0,10000.0,-816.0,-61500.0
913017109,Not New,UNITED TECHNOLOGIES CORP,11698.0,99816.0,4087.0,35535.0,-7611.0,-64281.0
74978Q105,Not New,RSP PERMIAN INC,1786.0,70888.0,3115.0,123925.0,1329.0,53037.0
535919203,New Holding,LIONS GATE ENTMNT CORP,,,385.0,11337.0,,
960413102,New Holding,WESTLAKE CHEM CORP,,,719.0,10000.0,,
008474108,Sold Out,AGNICO EAGLE MINES LTD,871.0,35000.0,,,,
928645100,Sold Out,VOLCANO CORPORATION,3170.0,177310.0,,,,
948626106,New Holding,WEIGHT WATCHERS INTL INC NEW,,,243.0,34816.0,,
795435106,New Holding,SALIX PHARMACEUTICALS INC,,,10927.0,63231.0,,
84860WAB8,Sold Out,SPIRIT RLTY CAP INC NEW,21899.0,21885000.0,,,,
269796108,New Holding,EAGLE PHARMACEUTICALS INC,,,325.0,7755.0,,
26969P108,Sold Out,EAGLE MATERIALS INC,1521.0,20000.0,,,,
00507V109,New Holding,ACTIVISION BLIZZARD INC,,,341.0,15000.0,,
755111507,Sold Out,RAYTHEON CO,2983.0,27579.0,,,,
57636Q104,Not New,MASTERCARD INC,15351.0,177699.0,9587.0,111274.0,-5764.0,-66425.0
872625108,New Holding,TRC COS INC,,,177.0,21282.0,,
Y2745C102,Sold Out,GOLAR LNG PARTNERS LP,1246.0,40000.0,,,,
257867101,New Holding,DONNELLEY R R & SONS CO,,,263.0,13679.0,,
81369Y886,New Holding,SELECT SECTOR SPDR TR,,,4865.0,109487.0,,
00404A109,Sold Out,ACADIA HEALTHCARE COMPANY IN,545.0,8900.0,,,,
G4412G101,Not New,HERBALIFE LTD,886.0,20716.0,8525.0,226116.0,7639.0,205400.0
57772K101,Sold Out,MAXIM INTEGRATED PRODS INC,3066.0,96200.0,,,,
G5876H105,New Holding,MARVELL TECHNOLOGY GROUP LTD,,,2298.0,156294.0,,
144285103,New Holding,CARPENTER TECHNOLOGY CORP,,,1085.0,27916.0,,
502424104,Sold Out,L-3 COMMUNICATIONS HLDGS INC,7248.0,57428.0,,,,
79466L302,Not New,SALESFORCE COM INC,919.0,13756.0,7766.0,130933.0,6847.0,117177.0
891027104,Sold Out,TORCHMARK CORP,3065.0,56582.0,,,,
78464A698,Not New,SPDR SERIES TRUST,3062.0,75000.0,15986.0,392777.0,12924.0,317777.0
78464A698,Not New,SPDR SERIES TRUST,3062.0,75000.0,4070.0,100000.0,1008.0,25000.0
78464A698,Not New,SPDR SERIES TRUST,3062.0,75000.0,15986.0,392777.0,12924.0,317777.0
78464A698,Not New,SPDR SERIES TRUST,3062.0,75000.0,4070.0,100000.0,1008.0,25000.0
928563402,New Holding,VMWARE INC,,,15251.0,185961.0,,
65440R101,Sold Out,NIMBLE STORAGE INC,3136.0,114034.0,,,,
92839U206,Not New,VISTEON CORP,7461.0,77397.0,7747.0,72500.0,286.0,-4897.0
984332106,Not New,YAHOO INC,5994.0,134889.0,9832.0,194662.0,3838.0,59773.0
30162A108,New Holding,EXELIS INC,,,6604.0,271002.0,,
87612E106,Not New,TARGET CORP,3261.0,39732.0,668.0,8799.0,-2593.0,-30933.0
032359AC5,Not New,AMTRUST FINL SVCS INC,1650.0,28949.0,2156.0,1000000.0,506.0,971051.0
253393102,New Holding,DICKS SPORTING GOODS INC,,,282.0,4954.0,,
64049M209,New Holding,NEOGENOMICS INC,,,435.0,93149.0,,
26875P101,Sold Out,EOG RES INC,7592.0,82463.0,,,,
067901108,Sold Out,BARRICK GOLD CORP,1720.0,160000.0,,,,
774341101,Sold Out,ROCKWELL COLLINS INC,2225.0,26339.0,,,,
N59465109,New Holding,MYLAN N V,,,414.0,6971.0,,
69325Q105,New Holding,PC-TEL INC,,,142.0,17780.0,,
75972A301,Not New,RENEWABLE ENERGY GROUP INC,461.0,50000.0,194.0,20000.0,-267.0,-30000.0
216648402,New Holding,COOPER COS INC,,,696.0,3712.0,,
78464A888,Not New,SPDR SERIES TRUST,1474.0,40000.0,4094.0,120000.0,2620.0,80000.0
78464A888,Not New,SPDR SERIES TRUST,1474.0,40000.0,4094.0,120000.0,2620.0,80000.0
92826C839,New Holding,VISA INC,,,9020.0,137901.0,,
02917TAA2,Sold Out,AMERICAN RLTY CAP PPTYS INC,14.0,15000.0,,,,
N87237108,New Holding,TORNIER N V,,,622.0,23735.0,,
14149Y108,Sold Out,CARDINAL HEALTH INC,646.0,8003.0,,,,
127387AJ7,Not New,CADENCE DESIGN SYSTEM INC,9572.0,519083.0,10079.0,4000000.0,507.0,3480917.0
14862Q100,New Holding,CASTLIGHT HEALTH INC,,,2328.0,300000.0,,
00765F101,New Holding,ADVANTAGE OIL & GAS LTD,,,249.0,46414.0,,
471109AH1,Not New,JARDEN CORP,31145.0,588752.0,24417.0,15500000.0,-6728.0,14911248.0
88224Q107,New Holding,TEXAS CAPITAL BANCSHARES INC,,,2006.0,41230.0,,
22542D795,Sold Out,CREDIT SUISSE NASSAU BRH,564.0,18100.0,,,,
902973304,Sold Out,US BANCORP DEL,6293.0,140000.0,,,,
268648102,Not New,E M C CORP MASS,9045.0,353873.0,6418.0,215807.0,-2627.0,-138066.0
268648102,Not New,E M C CORP MASS,8946.0,350000.0,6418.0,215807.0,-2528.0,-134193.0
043176106,New Holding,ARUBA NETWORKS INC,,,5653.0,230825.0,,
232109108,New Holding,CUTERA INC,,,170.0,13179.0,,
806857108,Sold Out,SCHLUMBERGER LTD,5836.0,68334.0,,,,
922908553,New Holding,VANGUARD INDEX FDS,,,2108.0,25000.0,,
737464107,Not New,POST PPTYS INC,1423.0,25000.0,3526.0,60000.0,2103.0,35000.0
45784PAD3,New Holding,INSULET CORP,,,3989.0,119615.0,,
923454102,New Holding,VERITIV CORP,,,385.0,8720.0,,
81369Y407,Sold Out,SELECT SECTOR SPDR TR,17982.0,249226.0,,,,
12467B304,Sold Out,C&J ENERGY SVCS INC,661.0,50000.0,,,,
530715AL5,Sold Out,LIBERTY MEDIA CORP,2591.0,3000000.0,,,,
125896100,Not New,CMS ENERGY CORP,420.0,12031.0,460.0,13232.0,40.0,1201.0
23918K108,Sold Out,DAVITA HEALTHCARE PARTNERS I,2416.0,31897.0,,,,
G3922B107,New Holding,GENPACT LIMITED,,,239.0,10279.0,,
78709Y105,Sold Out,SAIA INC,360.0,6500.0,,,,
65473P105,Not New,NISOURCE INC,608.0,13758.0,788.0,18582.0,180.0,4824.0
55303J106,New Holding,MGP INGREDIENTS INC NEW,,,353.0,26211.0,,
61945C103,Not New,MOSAIC CO NEW,2606.0,56578.0,4527.0,99165.0,1921.0,42587.0
911268209,New Holding,UNITED ONLINE INC,,,520.0,32648.0,,
84760CAA5,Not New,SPECTRANETICS CORP,8927.0,256811.0,7424.0,8550000.0,-1503.0,8293189.0
448579102,New Holding,HYATT HOTELS CORP,,,434.0,7337.0,,
580135101,New Holding,MCDONALDS CORP,,,1986.0,20383.0,,
021441100,Sold Out,ALTERA CORP,540.0,14629.0,,,,
081437105,Not New,BEMIS INC,687.0,14845.0,2932.0,64845.0,2245.0,50000.0
05348P401,Sold Out,AVANIR PHARMACEUTICALS INC,1019.0,60114.0,,,,
31787A507,Sold Out,FINISAR CORP,1165.0,60000.0,,,,
918204108,New Holding,V F CORP,,,1481.0,19670.0,,
020002101,New Holding,ALLSTATE CORP,,,9716.0,136520.0,,
71654V408,Sold Out,PETROLEO BRASILEIRO SA PETRO,2190.0,300000.0,,,,
87161C501,New Holding,SYNOVUS FINL CORP,,,1513.0,54000.0,,
437076102,New Holding,HOME DEPOT INC,,,451.0,3968.0,,
57060U100,Sold Out,MARKET VECTORS ETF TR,1886.0,102600.0,,,,
81282V100,New Holding,SEAWORLD ENTMT INC,,,362.0,18760.0,,
19624RAA4,Sold Out,COLONY FINL INC,3244.0,1000000.0,,,,
235851102,New Holding,DANAHER CORP DEL,,,2291.0,26986.0,,
073685109,Not New,BEACON ROOFING SUPPLY INC,626.0,20000.0,320.0,11500.0,-306.0,-8500.0
126132109,Not New,CNOOC LTD,4717.0,33258.0,5011.0,36997.0,294.0,3739.0
608190104,Sold Out,MOHAWK INDS INC,777.0,5000.0,,,,
127097103,Sold Out,CABOT OIL & GAS CORP,3567.0,120472.0,,,,
115637209,Not New,BROWN FORMAN CORP,1760.0,19483.0,2491.0,28357.0,731.0,8874.0
87425E103,Not New,TALISMAN ENERGY INC,1610.0,209614.0,4975.0,635317.0,3365.0,425703.0
712704105,Sold Out,PEOPLES UNITED FINANCIAL INC,1647.0,108480.0,,,,
254687106,Not New,DISNEY WALT CO,731.0,6969.0,248.0,2632.0,-483.0,-4337.0
92927K102,Not New,WABCO HLDGS INC,907.0,7379.0,4715.0,45000.0,3808.0,37621.0
928703107,New Holding,VOLT INFORMATION SCIENCES IN,,,385.0,32768.0,,
464286400,Sold Out,ISHARES,15743.0,430500.0,,,,
74838JAA9,Not New,QUIDEL CORP,2146.0,79532.0,5656.0,5050000.0,3510.0,4970468.0
336433107,Sold Out,FIRST SOLAR INC,5258.0,117900.0,,,,
111320107,Sold Out,BROADCOM CORP,638.0,14731.0,,,,
58733R102,Sold Out,MERCADOLIBRE INC,1915.0,15000.0,,,,
206022105,New Holding,CONCERT PHARMACEUTICALS INC,,,341.0,22542.0,,
451055AF4,Not New,ICONIX BRAND GROUP INC,4172.0,123917.0,10522.0,8824000.0,6350.0,8700083.0
91529Y106,Not New,UNUM GROUP,4994.0,148054.0,1584.0,45421.0,-3410.0,-102633.0
018802108,Not New,ALLIANT ENERGY CORP,315.0,5000.0,332.0,5000.0,17.0,0.0
88104R100,Not New,TERRAFORM PWR INC,4385.0,120100.0,2162.0,70000.0,-2223.0,-50100.0
35671D857,Sold Out,FREEPORT-MCMORAN INC,2356.0,100862.0,,,,
03834A103,Not New,APPROACH RESOURCES INC,145.0,22058.0,322.0,50420.0,177.0,28362.0
693506107,Sold Out,PPG INDS INC,2111.0,9134.0,,,,
65339F101,Not New,NEXTERA ENERGY INC,3215.0,30902.0,2691.0,25317.0,-524.0,-5585.0
156700106,New Holding,CENTURYLINK INC,,,761.0,22032.0,,
89532E109,New Holding,TREVENA INC,,,308.0,47315.0,,
64110D104,New Holding,NETAPP INC,,,4166.0,117491.0,,
G0176J109,Sold Out,ALLEGION PUB LTD CO,5546.0,100000.0,,,,
886547108,Not New,TIFFANY & CO NEW,1613.0,18326.0,1381.0,12920.0,-232.0,-5406.0
148435100,New Holding,CASTLE BRANDS INC,,,39.0,28213.0,,
253651103,Not New,DIEBOLD INC,862.0,24320.0,3187.0,91998.0,2325.0,67678.0
29472R108,Not New,EQUITY LIFESTYLE PPTYS INC,2473.0,45000.0,8258.0,160200.0,5785.0,115200.0
76131N101,New Holding,RETAIL OPPORTUNITY INVTS COR,,,1922.0,105000.0,,
01609W102,New Holding,ALIBABA GROUP HLDG LTD,,,255.0,3059.0,,
459506101,Sold Out,INTERNATIONAL FLAVORS&FRAGRA,2778.0,27406.0,,,,
447011107,Not New,HUNTSMAN CORP,2217.0,100000.0,911.0,40000.0,-1306.0,-60000.0
91912E105,New Holding,VALE S A,,,198.0,35000.0,,
81369Y209,Sold Out,SELECT SECTOR SPDR TR,2897.0,42359.0,,,,
192422103,Sold Out,COGNEX CORP,2893.0,70000.0,,,,
852891100,Sold Out,STANCORP FINL GROUP INC,3133.0,44848.0,,,,
22822V101,Not New,CROWN CASTLE INTL CORP NEW,15166.0,183738.0,8233.0,104612.0,-6933.0,-79126.0
01988P108,New Holding,ALLSCRIPTS HEALTHCARE SOLUTN,,,772.0,64540.0,,
531229AB8,New Holding,LIBERTY MEDIA CORP DELAWARE,,,19265.0,499736.0,,
92763W103,New Holding,VIPSHOP HLDGS LTD,,,261.0,8858.0,,
78440X101,Sold Out,SL GREEN RLTY CORP,4166.0,35000.0,,,,
58501N101,New Holding,MEDIVATION INC,,,869.0,6736.0,,
55354G100,New Holding,MSCI INC,,,220.0,3581.0,,
74736A103,New Holding,QTS RLTY TR INC,,,3022.0,83000.0,,
707882106,Not New,PENN VA CORP,784.0,120931.0,881.0,131849.0,97.0,10918.0
44980X109,New Holding,IPG PHOTONICS CORP,,,348.0,3757.0,,
826552101,Not New,SIGMA ALDRICH CORP,18743.0,135574.0,15810.0,115177.0,-2933.0,-20397.0
928298108,New Holding,VISHAY INTERTECHNOLOGY INC,,,499.0,36080.0,,
714046109,New Holding,PERKINELMER INC,,,1476.0,28870.0,,
281020107,Sold Out,EDISON INTL,1476.0,22542.0,,,,
697435105,Sold Out,PALO ALTO NETWORKS INC,1159.0,9457.0,,,,
099724106,New Holding,BORGWARNER INC,,,870.0,14392.0,,
89600B201,Sold Out,TRIANGLE PETE CORP,812.0,169875.0,,,,
002824100,New Holding,ABBOTT LABS,,,429.0,9257.0,,
222660102,New Holding,COURIER CORP,,,707.0,28863.0,,
736508847,Not New,PORTLAND GEN ELEC CO,1289.0,34746.0,1314.0,34746.0,25.0,0.0
680665205,Sold Out,OLIN CORP,330.0,14500.0,,,,
44157R109,New Holding,HOUGHTON MIFFLIN HARCOURT CO,,,719.0,30605.0,,
512816109,New Holding,LAMAR ADVERTISING CO NEW,,,13037.0,219953.0,,
87157D109,New Holding,SYNAPTICS INC,,,574.0,7056.0,,
485170302,Sold Out,KANSAS CITY SOUTHERN,774.0,6346.0,,,,
G2554F113,Sold Out,COVIDIEN PLC,9185.0,89802.0,,,,
G2554F113,Sold Out,COVIDIEN PLC,1330.0,13000.0,,,,
G2554F113,Sold Out,COVIDIEN PLC,1749.0,17100.0,,,,
75025X100,New Holding,RADIANT LOGISTICS INC,,,65.0,12610.0,,
464330109,Sold Out,ISIS PHARMACEUTICALS INC,271.0,4387.0,,,,
464330109,Sold Out,ISIS PHARMACEUTICALS INC,3217.0,52100.0,,,,
745867101,Not New,PULTE GROUP INC,3154.0,141868.0,2146.0,100000.0,-1008.0,-41868.0
872590104,New Holding,T MOBILE US INC,,,1763.0,55622.0,,
126408103,Not New,CSX CORP,14398.0,434735.0,6831.0,188558.0,-7567.0,-246177.0
126408103,Not New,CSX CORP,3312.0,100000.0,6831.0,188558.0,3519.0,88558.0
22943F100,Sold Out,CTRIP COM INTL LTD,1059.0,23265.0,,,,
018490102,Sold Out,ALLERGAN INC,10459.0,49196.0,,,,
127686103,Not New,CAESARS ENTMT CORP,1450.0,137744.0,785.0,50000.0,-665.0,-87744.0
127686103,Not New,CAESARS ENTMT CORP,7449.0,707400.0,785.0,50000.0,-6664.0,-657400.0
127686103,Not New,CAESARS ENTMT CORP,10189.0,967600.0,785.0,50000.0,-9404.0,-917600.0
907818108,Not New,UNION PAC CORP,879.0,8113.0,3122.0,26209.0,2243.0,18096.0
292764107,Not New,ENERNOC INC,301.0,26447.0,409.0,26447.0,108.0,0.0
24802Y105,New Holding,DEMANDWARE INC,,,761.0,12500.0,,
56501R106,Sold Out,MANULIFE FINL CORP,2291.0,120000.0,,,,
191216100,New Holding,COCA COLA CO,,,1112.0,27415.0,,
189054109,Sold Out,CLOROX CO DEL,1291.0,12388.0,,,,
222816100,Sold Out,COVANCE INC,19610.0,188847.0,,,,
192108504,Sold Out,COEUR MNG INC,1242.0,242960.0,,,,
984332AF3,Sold Out,YAHOO INC,19858.0,16000000.0,,,,
14888U101,New Holding,CATALYST PHARM PARTNERS INC,,,516.0,119054.0,,
00724F101,Sold Out,ADOBE SYS INC,7499.0,103146.0,,,,
007974108,New Holding,ADVENT SOFTWARE INC,,,507.0,11500.0,,
G81276100,New Holding,SIGNET JEWELERS LIMITED,,,243.0,1750.0,,
H2906T109,New Holding,GARMIN LTD,,,3717.0,78221.0,,
004397105,New Holding,ACCURAY INC,,,943.0,101400.0,,
004397105,New Holding,ACCURAY INC,,,372.0,40000.0,,
165167BW6,Sold Out,CHESAPEAKE ENERGY CORP,1008.0,1000000.0,,,,
G16962105,New Holding,BUNGE LIMITED,,,3848.0,46716.0,,
958102105,Not New,WESTERN DIGITAL CORP,3681.0,40445.0,659.0,5956.0,-3022.0,-34489.0
436440101,New Holding,HOLOGIC INC,,,3152.0,95436.0,,
87336U105,Not New,TABLEAU SOFTWARE INC,1140.0,12323.0,1875.0,22119.0,735.0,9796.0
254709108,Sold Out,DISCOVER FINL SVCS,2508.0,38300.0,,,,
057224107,Not New,BAKER HUGHES INC,10609.0,166857.0,3243.0,57831.0,-7366.0,-109026.0
032511107,Sold Out,ANADARKO PETE CORP,984.0,11927.0,,,,
27579R104,New Holding,EAST WEST BANCORP INC,,,1497.0,37000.0,,
036752103,Sold Out,ANTHEM INC,382.0,3039.0,,,,
464289529,Sold Out,ISHARES,200.0,6700.0,,,,
91913Y100,Sold Out,VALERO ENERGY CORP NEW,2781.0,56184.0,,,,
91913Y100,Sold Out,VALERO ENERGY CORP NEW,4950.0,100000.0,,,,
133131102,Sold Out,CAMDEN PPTY TR,3655.0,49500.0,,,,
55608B105,Sold Out,MACQUARIE INFRASTR CO LLC,3910.0,55000.0,,,,
134429109,Sold Out,CAMPBELL SOUP CO,203.0,4604.0,,,,
438516106,Sold Out,HONEYWELL INTL INC,3004.0,30065.0,,,,
896082104,New Holding,TRIBUNE PUBG CO,,,1709.0,88092.0,,
423452101,Sold Out,HELMERICH & PAYNE INC,1548.0,22960.0,,,,
H84989104,Sold Out,TE CONNECTIVITY LTD,9900.0,156524.0,,,,
699374302,New Holding,PARATEK PHARMACEUTICALS INC,,,605.0,19361.0,,
02553E106,New Holding,AMERICAN EAGLE OUTFITTERS NE,,,427.0,25000.0,,
716933106,New Holding,PHARMACYCLICS INC,,,5279.0,20627.0,,
716933106,New Holding,PHARMACYCLICS INC,,,282.0,1100.0,,
790849103,Not New,ST JUDE MED INC,1602.0,24502.0,468.0,7195.0,-1134.0,-17307.0
749227609,Sold Out,RAIT FINANCIAL TRUST,113.0,14721.0,,,,
703481101,Not New,PATTERSON UTI ENERGY INC,4509.0,240180.0,4727.0,284914.0,218.0,44734.0
703481101,Not New,PATTERSON UTI ENERGY INC,4509.0,240180.0,3700.0,223000.0,-809.0,-17180.0
439038100,New Holding,HOOKER FURNITURE CORP,,,550.0,28897.0,,
98933Q108,New Holding,ZELTIQ AESTHETICS INC,,,666.0,21595.0,,
88031M109,Sold Out,TENARIS S A,604.0,20000.0,,,,
97382A101,Sold Out,WINDSTREAM HLDGS INC,208.0,25300.0,,,,
78464A730,Not New,SPDR SERIES TRUST,5166.0,100000.0,327.0,6822.0,-4839.0,-93178.0
78464A730,Not New,SPDR SERIES TRUST,5166.0,100000.0,4307.0,90000.0,-859.0,-10000.0
675232102,Not New,OCEANEERING INTL INC,4323.0,80160.0,4513.0,76744.0,190.0,-3416.0
026874784,Sold Out,AMERICAN INTL GROUP INC,8049.0,143700.0,,,,
G3157S106,Sold Out,ENSCO PLC,2383.0,79558.0,,,,
00184X105,New Holding,AOL INC,,,308.0,7774.0,,
29265N108,Not New,ENERGEN CORP,5589.0,84681.0,3190.0,50027.0,-2399.0,-34654.0
812350106,New Holding,SEARS HLDGS CORP,,,1160.0,28037.0,,
879369106,New Holding,TELEFLEX INC,,,1058.0,8760.0,,
87164P103,Not New,SYNERGY RES CORP,1966.0,165922.0,10067.0,802774.0,8101.0,636852.0
78112V102,Not New,RUBICON PROJ INC,3046.0,170000.0,2018.0,125000.0,-1028.0,-45000.0
01988PAD0,Sold Out,ALLSCRIPTS HEALTHCARE SOLUTN,8108.0,6151000.0,,,,
760174102,Not New,RENTRAK CORP,4000.0,72001.0,364.0,5001.0,-3636.0,-67000.0
881569AA5,Not New,TESARO INC,11090.0,193205.0,23150.0,18018000.0,12060.0,17824795.0
315616102,Sold Out,F5 NETWORKS INC,512.0,3928.0,,,,
283677854,New Holding,EL PASO ELEC CO,,,1213.0,31400.0,,
74973W107,New Holding,RTI INTL METALS INC,,,4558.0,126923.0,,
00164V103,New Holding,AMC NETWORKS INC,,,2652.0,34606.0,,
H8817H100,Sold Out,TRANSOCEAN LTD,4033.0,220000.0,,,,
H8817H100,Sold Out,TRANSOCEAN LTD,1833.0,100000.0,,,,
H8817H100,Sold Out,TRANSOCEAN LTD,7332.0,400000.0,,,,
758766109,New Holding,REGAL ENTMT GROUP,,,772.0,33810.0,,
070203104,New Holding,BASSETT FURNITURE INDS INC,,,741.0,25999.0,,
98884U108,New Holding,ZAGG INC,,,603.0,69581.0,,
25960P109,Sold Out,DOUGLAS EMMETT INC,4260.0,150000.0,,,,
34354P105,Sold Out,FLOWSERVE CORP,927.0,15490.0,,,,
85207U105,Sold Out,SPRINT CORP,830.0,200000.0,,,,
681936100,New Holding,OMEGA HEALTHCARE INVS INC,,,406.0,10000.0,,
101121101,Sold Out,BOSTON PROPERTIES INC,6435.0,50000.0,,,,
427866108,Sold Out,HERSHEY CO,471.0,4536.0,,,,
02376R102,Sold Out,AMERICAN AIRLS GROUP INC,1721.0,32095.0,,,,
02376R102,Sold Out,AMERICAN AIRLS GROUP INC,2682.0,50000.0,,,,
G5258J109,New Holding,KING DIGITAL ENTMT PLC,,,321.0,20000.0,,
04744L106,New Holding,ATHERSYS INC,,,198.0,68764.0,,
781220108,New Holding,RUCKUS WIRELESS INC,,,2574.0,200000.0,,
83088M102,New Holding,SKYWORKS SOLUTIONS INC,,,761.0,7742.0,,
101137107,New Holding,BOSTON SCIENTIFIC CORP,,,2833.0,159585.0,,
464287739,Not New,ISHARES TR,10708.0,135000.0,17555.0,228460.0,6847.0,93460.0
97717W851,Sold Out,WISDOMTREE TR,6562.0,133300.0,,,,
872275102,New Holding,TCF FINL CORP,,,700.0,44554.0,,
37253A103,New Holding,GENTHERM INC,,,493.0,9765.0,,
14170T101,Sold Out,CAREFUSION CORP,18484.0,311488.0,,,,
N72482107,Not New,QIAGEN NV,3950.0,156750.0,559.0,23820.0,-3391.0,-132930.0
03073E105,Sold Out,AMERISOURCEBERGEN CORP,314.0,3479.0,,,,
16411W108,New Holding,CHENIERE ENERGY PTNRS LP HLD,,,608.0,25351.0,,
74348TAM4,Not New,PROSPECT CAPITAL CORPORATION,600.0,71044.0,590.0,2425000.0,-10.0,2353956.0
G9019D104,Sold Out,TRAVELPORT WORLDWIDE LTD,630.0,35000.0,,,,
459902102,Not New,INTERNATIONAL GAME TECHNOLOG,1082.0,62175.0,2926.0,169638.0,1844.0,107463.0
751212101,Sold Out,RALPH LAUREN CORP,268.0,1446.0,,,,
68557K109,Sold Out,ORBITZ WORLDWIDE INC,2798.0,340000.0,,,,
441060100,New Holding,HOSPIRA INC,,,2406.0,27386.0,,
760759100,New Holding,REPUBLIC SVCS INC,,,1102.0,27163.0,,
443320106,Sold Out,HUB GROUP INC,762.0,20000.0,,,,
46429B598,Sold Out,ISHARES TR,3594.0,120000.0,,,,
45378A106,New Holding,INDEPENDENCE RLTY TR INC,,,468.0,49304.0,,
52603A109,Sold Out,LENDINGCLUB CORP,2024.0,80000.0,,,,
70159Q104,Sold Out,PARKWAY PPTYS INC,5057.0,275000.0,,,,
023135106,Sold Out,AMAZON COM INC,1715.0,5525.0,,,,
69924P102,New Holding,PARAMOUNT GOLD & SILVER CORP,,,244.0,241924.0,,
91307C102,New Holding,UNITED THERAPEUTICS CORP DEL,,,2489.0,14437.0,,
86614U100,New Holding,SUMMIT MATLS INC,,,3870.0,174710.0,,
012653101,Not New,ALBEMARLE CORP,6605.0,125000.0,2068.0,34390.0,-4537.0,-90610.0
81761R109,New Holding,SERVICEMASTER GLOBAL HLDGS I,,,763.0,22593.0,,
38259P706,Not New,GOOGLE INC,746.0,1362.0,395.0,750.0,-351.0,-612.0
55261F104,Sold Out,M & T BK CORP,4677.0,37230.0,,,,
98212B103,Not New,WPX ENERGY INC,3234.0,295872.0,928.0,79786.0,-2306.0,-216086.0
565849106,Sold Out,MARATHON OIL CORP,5488.0,193996.0,,,,
056752108,Not New,BAIDU INC,4529.0,21730.0,1834.0,8044.0,-2695.0,-13686.0
09627J102,New Holding,BLUEROCK RESIDENT GR REIT IN,,,149.0,11200.0,,
56418H100,New Holding,MANPOWERGROUP INC,,,2074.0,24073.0,,
452327109,Not New,ILLUMINA INC,3267.0,17600.0,3249.0,17600.0,-18.0,0.0
55303QAE0,New Holding,MGM RESORTS INTERNATIONAL,,,20377.0,968953.0,,
91688R108,New Holding,UR ENERGY INC,,,23.0,24500.0,,
74733V100,Sold Out,QEP RES INC,1902.0,94055.0,,,,
60979P105,New Holding,MONOGRAM RESIDENTIAL TR INC,,,1776.0,190581.0,,
457985AK5,New Holding,INTEGRA LIFESCIENCES HLDGS C,,,4654.0,75486.0,,
88033G407,Sold Out,TENET HEALTHCARE CORP,721.0,14228.0,,,,
629209305,Sold Out,NMI HLDGS INC,1569.0,171830.0,,,,
20030N101,Not New,COMCAST CORP NEW,4941.0,87500.0,229.0,3940.0,-4712.0,-83560.0
674215108,Not New,OASIS PETE INC NEW,173.0,12185.0,2575.0,155660.0,2402.0,143475.0
402635304,Not New,GULFPORT ENERGY CORP,8820.0,192109.0,3955.0,94746.0,-4865.0,-97363.0
233153204,Not New,DCT INDUSTRIAL TRUST INC,5199.0,150000.0,1961.0,55000.0,-3238.0,-95000.0
73935A104,Sold Out,POWERSHARES QQQ TRUST,2065.0,20000.0,,,,
670346105,Not New,NUCOR CORP,1203.0,25301.0,317.0,6471.0,-886.0,-18830.0
38259P508,Sold Out,GOOGLE INC,5307.0,10000.0,,,,
232820100,Sold Out,CYTEC INDS INC,2309.0,50000.0,,,,
69327R101,Not New,PDC ENERGY INC,4759.0,88061.0,4347.0,105324.0,-412.0,17263.0
09073M104,New Holding,BIO TECHNE CORP,,,2177.0,21709.0,,
693475105,Not New,PNC FINL SVCS GROUP INC,3412.0,36595.0,3780.0,41430.0,368.0,4835.0
03762UAA3,Sold Out,APOLLO COML REAL EST FIN INC,2387.0,2378000.0,,,,
69318G106,Sold Out,PBF ENERGY INC,1813.0,68042.0,,,,
68571X103,New Holding,ORCHID IS CAP INC,,,448.0,33818.0,,
035128206,Sold Out,ANGLOGOLD ASHANTI LTD,1418.0,163000.0,,,,
57060U191,Not New,MARKET VECTORS ETF TR,11799.0,350000.0,8980.0,250000.0,-2819.0,-100000.0
57060U191,Not New,MARKET VECTORS ETF TR,11799.0,350000.0,6106.0,170000.0,-5693.0,-180000.0
G48833100,Not New,WEATHERFORD INTL PLC,3887.0,316000.0,2765.0,241514.0,-1122.0,-74486.0
G48833100,Not New,WEATHERFORD INTL PLC,3887.0,316000.0,3618.0,316000.0,-269.0,0.0
464288851,Sold Out,ISHARES,2329.0,11227.0,,,,
457669307,New Holding,INSMED INC,,,416.0,20000.0,,
582839106,New Holding,MEAD JOHNSON NUTRITION CO,,,2909.0,28939.0,,
693718108,Not New,PACCAR INC,673.0,10661.0,3477.0,51120.0,2804.0,40459.0
171798101,Not New,CIMAREX ENERGY CO,1633.0,14190.0,307.0,2899.0,-1326.0,-11291.0
499064103,Not New,KNIGHT TRANSN INC,2419.0,75000.0,1010.0,30000.0,-1409.0,-45000.0
595112103,Sold Out,MICRON TECHNOLOGY INC,498.0,14217.0,,,,
369550108,Not New,GENERAL DYNAMICS CORP,16734.0,123289.0,2479.0,18010.0,-14255.0,-105279.0
693656100,Not New,PVH CORP,849.0,7968.0,469.0,3660.0,-380.0,-4308.0
03152W109,New Holding,AMICUS THERAPEUTICS INC,,,1783.0,163920.0,,
35906A108,Sold Out,FRONTIER COMMUNICATIONS CORP,232.0,34755.0,,,,
83415T101,Not New,SOLAZYME INC,802.0,280481.0,724.0,280481.0,-78.0,0.0
119848109,New Holding,BUFFALO WILD WINGS INC,,,235.0,1298.0,,
984245100,New Holding,YPF SOCIEDAD ANONIMA,,,3431.0,125000.0,,
887317303,New Holding,TIME WARNER INC,,,3791.0,44899.0,,
46146L101,New Holding,INVESTORS BANCORP INC NEW,,,1336.0,114000.0,,
708160106,Not New,PENNEY J C INC,122.0,14480.0,6480.0,1000000.0,6358.0,985520.0
053015103,Sold Out,AUTOMATIC DATA PROCESSING IN,2615.0,31367.0,,,,
382550101,Sold Out,GOODYEAR TIRE & RUBR CO,2571.0,90000.0,,,,
501044101,New Holding,KROGER CO,,,695.0,9066.0,,
810186106,New Holding,SCOTTS MIRACLE GRO CO,,,2015.0,30000.0,,
16115Q308,Sold Out,CHART INDS INC,396.0,11576.0,,,,
717098206,New Holding,PFSWEB INC,,,147.0,13332.0,,
73935X286,New Holding,POWERSHARES ETF TRUST,,,5153.0,104500.0,,
863667101,Sold Out,STRYKER CORP,273.0,2897.0,,,,
428236103,Not New,HEWLETT PACKARD CO,8913.0,286026.0,12156.0,302927.0,3243.0,16901.0
428236103,Not New,HEWLETT PACKARD CO,21812.0,700000.0,12156.0,302927.0,-9656.0,-397073.0
Y2573F102,Not New,FLEXTRONICS INTL LTD,4846.0,382294.0,6296.0,563105.0,1450.0,180811.0
913903100,Sold Out,UNIVERSAL HLTH SVCS INC,1736.0,15607.0,,,,
46625H100,New Holding,JPMORGAN CHASE & CO,,,12329.0,203522.0,,
412822108,New Holding,HARLEY DAVIDSON INC,,,2430.0,40000.0,,
20337X109,New Holding,COMMSCOPE HLDG CO INC,,,3173.0,111184.0,,
46612J507,New Holding,JDS UNIPHASE CORP,,,420.0,32000.0,,
749941100,Sold Out,RF MICRODEVICES INC,391.0,23551.0,,,,
02917R108,Sold Out,AMER RLTY CAP HEALTHCAR TR I,422.0,35483.0,,,,
038222105,New Holding,APPLIED MATLS INC,,,1974.0,87500.0,,
75972AAA1,Sold Out,RENEWABLE ENERGY GROUP INC,2534.0,2621000.0,,,,
34984V100,Sold Out,FORUM ENERGY TECHNOLOGIES IN,2280.0,110000.0,,,,
478366107,Not New,JOHNSON CTLS INC,1604.0,31797.0,8494.0,175706.0,6890.0,143909.0
31428X106,Not New,FEDEX CORP,357.0,2158.0,6946.0,40000.0,6589.0,37842.0
583334107,Not New,MEADWESTVACO CORP,1227.0,24600.0,444.0,10000.0,-783.0,-14600.0
82669G104,New Holding,SIGNATURE BK NEW YORK N Y,,,1516.0,11700.0,,
920355104,Sold Out,VALSPAR CORP,1730.0,20000.0,,,,
416515104,Not New,HARTFORD FINL SVCS GROUP INC,6477.0,154885.0,4343.0,104163.0,-2134.0,-50722.0
571903202,New Holding,MARRIOTT INTL INC NEW,,,240.0,2990.0,,
891894107,New Holding,TOWERS WATSON & CO,,,1613.0,12205.0,,
25490A309,Not New,DIRECTV,21112.0,248090.0,6708.0,77371.0,-14404.0,-170719.0
00738A106,Sold Out,ADTRAN INC,1308.0,60000.0,,,,
29266R108,Not New,ENERGIZER HLDGS INC,2574.0,18647.0,550.0,4275.0,-2024.0,-14372.0
02005N100,Not New,ALLY FINL INC,1239.0,59066.0,1284.0,54366.0,45.0,-4700.0
524660107,New Holding,LEGGETT & PLATT INC,,,2441.0,52966.0,,
87264S106,Not New,TRW AUTOMOTIVE HLDGS CORP,23673.0,225779.0,16869.0,164018.0,-6804.0,-61761.0
638901306,New Holding,NAVISTAR INTL CORP,,,435.0,14760.0,,
723484101,Not New,PINNACLE WEST CAP CORP,701.0,11000.0,410.0,6000.0,-291.0,-5000.0
00182CAA1,Sold Out,ANI PHARMACEUTICALS INC,1748.0,1660000.0,,,,
873868103,New Holding,TAHOE RES INC,,,1962.0,179040.0,,
13342B105,Not New,CAMERON INTERNATIONAL CORP,10430.0,231155.0,4319.0,86458.0,-6111.0,-144697.0
07317Q105,Sold Out,BAYTEX ENERGY CORP,356.0,21431.0,,,,
34959E109,Not New,FORTINET INC,524.0,15000.0,1296.0,42279.0,772.0,27279.0
90184L102,New Holding,TWITTER INC,,,4307.0,86000.0,,
28470R102,New Holding,ELDORADO RESORTS INC,,,91.0,18135.0,,
136375102,New Holding,CANADIAN NATL RY CO,,,6018.0,90000.0,,
393657101,Sold Out,GREENBRIER COS INC,457.0,8503.0,,,,
443628102,New Holding,HUDBAY MINERALS INC,,,991.0,121201.0,,
156782104,New Holding,CERNER CORP,,,231.0,3153.0,,
922475108,New Holding,VEEVA SYS INC,,,306.0,12000.0,,
22284P105,New Holding,COVENANT TRANSN GROUP INC,,,1137.0,34275.0,,
233331107,New Holding,DTE ENERGY CO,,,2467.0,30570.0,,
52748T104,New Holding,LEVY ACQUISITION CORP,,,1841.0,140000.0,,
20825C104,Sold Out,CONOCOPHILLIPS,1139.0,16492.0,,,,
526057104,New Holding,LENNAR CORP,,,211.0,4077.0,,
701094104,Sold Out,PARKER HANNIFIN CORP,2579.0,20000.0,,,,
67066GAC8,New Holding,NVIDIA CORP,,,16509.0,788970.0,,
882508104,Sold Out,TEXAS INSTRS INC,373.0,6978.0,,,,
878237106,New Holding,TECH DATA CORP,,,271.0,4690.0,,
09228F103,Not New,BLACKBERRY LTD,447.0,50000.0,549.0,50000.0,102.0,0.0
09228F103,Not New,BLACKBERRY LTD,1786.0,200000.0,549.0,50000.0,-1237.0,-150000.0
00165C104,New Holding,AMC ENTMT HLDGS INC,,,522.0,14711.0,,
713448108,New Holding,PEPSICO INC,,,2363.0,24711.0,,
770323103,New Holding,ROBERT HALF INTL INC,,,1606.0,26540.0,,
617446448,New Holding,MORGAN STANLEY,,,812.0,22749.0,,
482539103,New Holding,KLX INC,,,4937.0,128109.0,,
380956409,Sold Out,GOLDCORP INC NEW,2185.0,118000.0,,,,
04624N107,New Holding,ASTERIAS BIOTHERAPEUTICS INC,,,124.0,18410.0,,
073302101,New Holding,B/E AEROSPACE INC,,,11817.0,185750.0,,
