CUSIP,status,NAME OF ISSUER,(x$1000)_old,PRN AMT_old,(x$1000),PRN AMT,(x$1000)_change,PRN AMT_change
651290108,New Holding,NEWFIELD EXPL CO,,,2487.0,91718.0,,
71943U104,Not New,PHYSICIANS RLTY TR,2158.0,130000.0,4116.0,300000.0,1958.0,170000.0
464287432,Sold Out,ISHARES TR,5523.0,47500.0,,,,
82481R106,Sold Out,SHIRE PLC,3057.0,11800.0,,,,
82481R106,Sold Out,SHIRE PLC,3238.0,12500.0,,,,
Q9235V101,New Holding,TRONOX LTD,,,716.0,30000.0,,
867224107,New Holding,SUNCOR ENERGY INC NEW,,,2352.0,74000.0,,
12646R105,New Holding,CST BRANDS INC,,,1931.0,44283.0,,
84860W102,Not New,SPIRIT RLTY CAP INC NEW,4221.0,355000.0,8502.0,775000.0,4281.0,420000.0
88146M101,New Holding,TERRENO RLTY CORP,,,2228.0,108000.0,,
909214306,New Holding,UNISYS CORP,,,1474.0,50000.0,,
87612G101,Sold Out,TARGA RES CORP,231.0,1700.0,,,,
30161QAC8,Sold Out,EXELIXIS INC,2669.0,2091000.0,,,,
031162100,New Holding,AMGEN INC,,,630.0,3953.0,,
29250N105,New Holding,ENBRIDGE INC,,,1075.0,20920.0,,
774415103,Not New,ROCKWOOD HLDGS INC,19790.0,251148.0,4808.0,62891.0,-14982.0,-188257.0
880779103,New Holding,TEREX CORP NEW,,,433.0,15526.0,,
94770VAF9,Sold Out,WEBMD HEALTH CORP,6916.0,4000000.0,,,,
20451N101,Not New,COMPASS MINERALS INTL INC,11938.0,137489.0,2520.0,29900.0,-9418.0,-107589.0
26441C204,New Holding,DUKE ENERGY CORP NEW,,,474.0,5678.0,,
48242W106,Sold Out,KBR INC,1073.0,57000.0,,,,
81663A105,Not New,SEMGROUP CORP,265.0,3873.0,701.0,8413.0,436.0,4540.0
125269100,Not New,CF INDS HLDGS INC,5273.0,19348.0,1396.0,5000.0,-3877.0,-14348.0
205887102,Sold Out,CONAGRA FOODS INC,393.0,11891.0,,,,
66704R704,Not New,NORTHSTAR RLTY FIN CORP,3516.0,200000.0,1017.0,57570.0,-2499.0,-142430.0
53578A108,New Holding,LINKEDIN CORP,,,1328.0,5780.0,,
31573A109,New Holding,FIBRIA CELULOSE S A,,,1941.0,160000.0,,
34988V106,New Holding,FOSSIL GROUP INC,,,466.0,4206.0,,
13645T100,Not New,CANADIAN PAC RY LTD,4846.0,25149.0,2975.0,14341.0,-1871.0,-10808.0
399473107,New Holding,GROUPON INC,,,4549.0,550674.0,,
054303102,Not New,AVON PRODS INC,235.0,25000.0,1260.0,100000.0,1025.0,75000.0
01973R101,Not New,ALLISON TRANSMISSION HLDGS I,314.0,9250.0,6527.0,229100.0,6213.0,219850.0
665531109,Not New,NORTHERN OIL & GAS INC NEV,1087.0,192412.0,374.0,26293.0,-713.0,-166119.0
655663102,Sold Out,NORDSON CORP,596.0,7840.0,,,,
559222401,New Holding,MAGNA INTL INC,,,1630.0,15000.0,,
76131V202,Not New,RETAIL PPTYS AMER INC,2837.0,170000.0,4572.0,312500.0,1735.0,142500.0
88579Y101,New Holding,3M CO,,,606.0,3685.0,,
896239100,New Holding,TRIMBLE NAVIGATION LTD,,,2123.0,80000.0,,
91232N108,New Holding,UNITED STATES OIL FUND LP,,,1496.0,73500.0,,
91232N108,New Holding,UNITED STATES OIL FUND LP,,,10180.0,500000.0,,
292104106,New Holding,EMPIRE ST RLTY TR INC,,,9669.0,550000.0,,
516806106,New Holding,LAREDO PETROLEUM INC,,,709.0,68473.0,,
23247G109,New Holding,CVENT INC,,,425.0,15266.0,,
25470F104,Sold Out,DISCOVERY COMMUNICATNS NEW,5282.0,139739.0,,,,
704326107,Not New,PAYCHEX INC,2964.0,64193.0,1765.0,39943.0,-1199.0,-24250.0
929740108,Not New,WABTEC CORP,774.0,8910.0,3249.0,40090.0,2475.0,31180.0
626717102,Not New,MURPHY OIL CORP,692.0,13694.0,1030.0,18100.0,338.0,4406.0
768573107,Not New,RIVERBED TECHNOLOGY INC,206.0,10084.0,664.0,35804.0,458.0,25720.0
81369Y308,Not New,SELECT SECTOR SPDR TR,2052.0,42320.0,2852.0,63221.0,800.0,20901.0
451055AE7,Not New,ICONIX BRAND GROUP INC,15651.0,12000000.0,10598.0,10000000.0,-5053.0,-2000000.0
16411R208,New Holding,CHENIERE ENERGY INC,,,387.0,5498.0,,
371559105,Not New,GENESEE & WYO INC,5845.0,65000.0,2963.0,31086.0,-2882.0,-33914.0
666807102,New Holding,NORTHROP GRUMMAN CORP,,,1216.0,8251.0,,
172967424,Sold Out,CITIGROUP INC,5986.0,115516.0,,,,
172967424,Sold Out,CITIGROUP INC,1036.0,20000.0,,,,
48123VAC6,Not New,J2 GLOBAL INC,3250.0,2948000.0,16208.0,5740000.0,12958.0,2792000.0
718172109,New Holding,PHILIP MORRIS INTL INC,,,284.0,3491.0,,
256746108,Sold Out,DOLLAR TREE INC,2257.0,40247.0,,,,
596278101,Not New,MIDDLEBY CORP,743.0,7500.0,881.0,10000.0,138.0,2500.0
G0083B108,New Holding,ACTAVIS PLC,,,2317.0,9000.0,,
229678107,New Holding,CUBIST PHARMACEUTICALS INC,,,12660.0,125778.0,,
229678107,New Holding,CUBIST PHARMACEUTICALS INC,,,231.0,2300.0,,
64110W102,New Holding,NETEASE INC,,,930.0,9380.0,,
297178105,New Holding,ESSEX PPTY TR INC,,,10070.0,48740.0,,
752344309,New Holding,RANDGOLD RES LTD,,,1011.0,15000.0,,
874697105,Sold Out,TALLGRASS ENERGY PARTNERS LP,789.0,17418.0,,,,
440452100,New Holding,HORMEL FOODS CORP,,,294.0,5652.0,,
30249U101,New Holding,FMC TECHNOLOGIES INC,,,4896.0,104531.0,,
105368203,New Holding,BRANDYWINE RLTY TR,,,3995.0,250000.0,,
57063L107,Not New,MARKETO INC,478.0,14624.0,1395.0,43200.0,917.0,28576.0
94973VBG1,Sold Out,WELLPOINT INC,35267.0,21417000.0,,,,
071813109,Not New,BAXTER INTL INC,410.0,5596.0,274.0,3818.0,-136.0,-1778.0
171779309,New Holding,CIENA CORP,,,9360.0,482219.0,,
171779309,New Holding,CIENA CORP,,,11646.0,600000.0,,
G27823106,New Holding,DELPHI AUTOMOTIVE PLC,,,4690.0,64500.0,,
049164205,Sold Out,ATLAS AIR WORLDWIDE HLDGS IN,1321.0,40000.0,,,,
68389X105,Sold Out,ORACLE CORP,3380.0,88300.0,,,,
53219L109,New Holding,LIFEPOINT HOSPITALS INC,,,503.0,7000.0,,
261608103,Not New,DRESSER-RAND GROUP INC,3412.0,41710.0,1810.0,22005.0,-1602.0,-19705.0
261608103,Not New,DRESSER-RAND GROUP INC,417.0,5100.0,1810.0,22005.0,1393.0,16905.0
02076XAF9,Sold Out,ALPHA NATURAL RESOURCES INC,1959.0,500000.0,,,,
19624RAB2,Not New,COLONY FINL INC,4251.0,2597000.0,14277.0,12175000.0,10026.0,9578000.0
30161N101,Not New,EXELON CORP,1874.0,50527.0,669.0,19631.0,-1205.0,-30896.0
81369Y704,Not New,SELECT SECTOR SPDR TR,4908.0,86740.0,53150.0,1000000.0,48242.0,913260.0
222795106,Not New,COUSINS PPTYS INC,8394.0,735000.0,7051.0,590000.0,-1343.0,-145000.0
84649R200,Not New,SPANSION INC,3291.0,96177.0,1759.0,77190.0,-1532.0,-18987.0
868157108,New Holding,SUPERIOR ENERGY SVCS INC,,,1813.0,89959.0,,
27890G100,New Holding,ECLIPSE RES CORP,,,359.0,51066.0,,
776696106,Sold Out,ROPER INDS INC NEW,1606.0,10977.0,,,,
518439104,Not New,LAUDER ESTEE COS INC,211.0,2772.0,3465.0,46372.0,3254.0,43600.0
81619Q105,New Holding,SELECT MED HLDGS CORP,,,251.0,17400.0,,
874054AC3,New Holding,TAKE-TWO INTERACTIVE SOFTWAR,,,2577.0,1700000.0,,
G7945E105,New Holding,SEADRILL LIMITED,,,305.0,25554.0,,
897888AB9,New Holding,TRULIA INC,,,7257.0,7000000.0,,
38141G104,Sold Out,GOLDMAN SACHS GROUP INC,1377.0,7500.0,,,,
037833100,New Holding,APPLE INC,,,506.0,4586.0,,
035290105,New Holding,ANIXTER INTL INC,,,3538.0,40000.0,,
912909108,New Holding,UNITED STATES STL CORP NEW,,,267.0,10000.0,,
902494103,Not New,TYSON FOODS INC,204.0,5100.0,1772.0,45000.0,1568.0,39900.0
902494103,Not New,TYSON FOODS INC,204.0,5100.0,7898.0,200611.0,7694.0,195511.0
675746309,Sold Out,OCWEN FINL CORP,615.0,23500.0,,,,
81211K100,Sold Out,SEALED AIR CORP NEW,209.0,5989.0,,,,
512807108,Sold Out,LAM RESEARCH CORP,1072.0,14351.0,,,,
09062X103,Not New,BIOGEN IDEC INC,372.0,1095.0,223.0,674.0,-149.0,-421.0
N33462107,New Holding,FRANKS INTL N V,,,1829.0,110000.0,,
05463D100,New Holding,AXIALL CORP,,,1954.0,46000.0,,
866674104,Sold Out,SUN CMNTYS INC,6145.0,121679.0,,,,
756577102,Not New,RED HAT INC,1576.0,22800.0,2017.0,35915.0,441.0,13115.0
534187109,Not New,LINCOLN NATL CORP IND,7828.0,135734.0,3033.0,56611.0,-4795.0,-79123.0
345550AR8,Not New,FOREST CITY ENTERPRISES INC,4280.0,4470000.0,4134.0,1051000.0,-146.0,-3419000.0
554382101,New Holding,MACERICH CO,,,6256.0,75000.0,,
31620R402,Sold Out,FIDELITY NATIONAL FINANCIAL,405.0,29426.0,,,,
292554AF9,Not New,ENCORE CAP GROUP INC,8487.0,7373000.0,8436.0,7373000.0,-51.0,0.0
85571BAC9,New Holding,STARWOOD PPTY TR INC,,,11217.0,7960000.0,,
171232101,Sold Out,CHUBB CORP,911.0,10000.0,,,,
521865204,Sold Out,LEAR CORP,864.0,10000.0,,,,
06846N104,New Holding,BARRETT BILL CORP,,,204.0,17886.0,,
464287184,Not New,ISHARES TR,1041.0,25000.0,957.0,25000.0,-84.0,0.0
617468103,Sold Out,MORGAN STANLEY CHINA A SH FD,291.0,12000.0,,,,
05334D107,Not New,AUXILIUM PHARMACEUTICALS INC,6157.0,179062.0,243.0,8125.0,-5914.0,-170937.0
493267108,Sold Out,KEYCORP NEW,3868.0,290154.0,,,,
67059L102,Sold Out,NUSTAR GP HOLDINGS LLC,444.0,10196.0,,,,
681919106,Sold Out,OMNICOM GROUP INC,352.0,5115.0,,,,
548661107,New Holding,LOWES COS INC,,,4816.0,70000.0,,
831865209,Not New,SMITH A O,3325.0,58940.0,4019.0,85000.0,694.0,26060.0
05329W102,Not New,AUTONATION INC,1208.0,20000.0,2385.0,47414.0,1177.0,27414.0
29476L107,Not New,EQUITY RESIDENTIAL,718.0,10000.0,10161.0,165000.0,9443.0,155000.0
55345K103,New Holding,MRC GLOBAL INC,,,758.0,50000.0,,
471109108,New Holding,JARDEN CORP,,,872.0,18217.0,,
577081102,Sold Out,MATTEL INC,310.0,10119.0,,,,
013904305,Not New,ALCATEL-LUCENT,7810.0,2200000.0,2757.0,910000.0,-5053.0,-1290000.0
828336107,New Holding,SILVER WHEATON CORP,,,915.0,45000.0,,
670872100,New Holding,OM GROUP INC,,,596.0,20000.0,,
79970Y105,New Holding,SANCHEZ ENERGY CORP,,,959.0,103204.0,,
530715AG6,Not New,LIBERTY MEDIA CORP,1948.0,3000000.0,3014.0,4500000.0,1066.0,1500000.0
879369AA4,Not New,TELEFLEX INC,5984.0,3162000.0,10257.0,5662000.0,4273.0,2500000.0
67066G104,Sold Out,NVIDIA CORP,826.0,44760.0,,,,
02917T104,Not New,AMERICAN RLTY CAP PPTYS INC,136.0,15000.0,6030.0,500000.0,5894.0,485000.0
02917T104,Not New,AMERICAN RLTY CAP PPTYS INC,1629.0,180000.0,6030.0,500000.0,4401.0,320000.0
444097109,Not New,HUDSON PAC PPTYS INC,4359.0,145000.0,5918.0,240000.0,1559.0,95000.0
693320202,New Holding,PHH CORP,,,1610.0,67215.0,,
143658300,Not New,CARNIVAL CORP,271.0,5988.0,830.0,20664.0,559.0,14676.0
854502101,Not New,STANLEY BLACK & DECKER INC,674.0,7019.0,2383.0,26834.0,1709.0,19815.0
49456B101,New Holding,KINDER MORGAN INC DEL,,,3679.0,86948.0,,
88160RAA9,Not New,TESLA MTRS INC,12518.0,6750000.0,15043.0,6750000.0,2525.0,0.0
262037104,Sold Out,DRIL-QUIP INC,778.0,8700.0,,,,
90346E103,New Holding,U S SILICA HLDGS INC,,,2595.0,101000.0,,
00162Q866,New Holding,ALPS ETF TR,,,1752.0,100000.0,,
903236107,Sold Out,URS CORP NEW,5996.0,104072.0,,,,
59001A102,Sold Out,MERITAGE HOMES CORP,533.0,15000.0,,,,
594918104,New Holding,MICROSOFT CORP,,,202.0,4343.0,,
037411105,Not New,APACHE CORP,294.0,4689.0,327.0,3484.0,33.0,-1205.0
62942X108,New Holding,NRG YIELD INC,,,1886.0,40000.0,,
811543107,Sold Out,SEABOARD CORP,934.0,349.0,,,,
959319104,Sold Out,WESTERN REFNG INC,1331.0,31700.0,,,,
024061103,Not New,AMERICAN AXLE & MFG HLDGS IN,1694.0,75000.0,1258.0,75000.0,-436.0,0.0
71377G100,New Holding,PERFORMANCE SPORTS GROUP LTD,,,647.0,35980.0,,
875465106,New Holding,TANGER FACTORY OUTLET CTRS I,,,1597.0,43200.0,,
881609101,New Holding,TESORO CORP,,,2007.0,27000.0,,
902681105,Sold Out,UGI CORP NEW,467.0,13700.0,,,,
165167BZ9,Not New,CHESAPEAKE ENERGY CORP,1464.0,1500000.0,2094.0,2000000.0,630.0,500000.0
307000109,New Holding,FAMILY DLR STORES INC,,,19271.0,243296.0,,
966244105,Sold Out,WHITEWAVE FOODS CO,3476.0,95678.0,,,,
440543106,New Holding,HORNBECK OFFSHORE SVCS INC N,,,999.0,40000.0,,
02917TAB0,Not New,AMERICAN RLTY CAP PPTYS INC,2759.0,6512000.0,16230.0,15500000.0,13471.0,8988000.0
949746101,New Holding,WELLS FARGO & CO NEW,,,9220.0,168184.0,,
464288752,New Holding,ISHARES,,,3364.0,130000.0,,
464288752,New Holding,ISHARES,,,647.0,25000.0,,
761565100,Not New,REX ENERGY CORPORATION,277.0,54324.0,646.0,51000.0,369.0,-3324.0
03836W103,Sold Out,AQUA AMERICA INC,532.0,22600.0,,,,
21036P108,Sold Out,CONSTELLATION BRANDS INC,2424.0,27811.0,,,,
98954A107,New Holding,ZILLOW INC,,,233.0,2200.0,,
7591EP100,Sold Out,REGIONS FINL CORP NEW,3263.0,325000.0,,,,
7591EP100,Sold Out,REGIONS FINL CORP NEW,2008.0,200000.0,,,,
98936J101,New Holding,ZENDESK INC,,,792.0,32491.0,,
G91442106,New Holding,TYCO INTL PLC,,,7895.0,180000.0,,
203668116,Not New,COMMUNITY HEALTH SYS INC NEW,1.0,32432.0,1.0,32432.0,0.0,0.0
29275YAA0,Sold Out,ENERSYS,6101.0,3753000.0,,,,
61748W108,Not New,MORGANS HOTEL GROUP CO,179.0,22815.0,184.0,22815.0,5.0,0.0
533900106,Sold Out,LINCOLN ELEC HLDGS INC,1383.0,20000.0,,,,
464287556,New Holding,ISHARES TR,,,3034.0,10000.0,,
740189105,Sold Out,PRECISION CASTPARTS CORP,228.0,962.0,,,,
56585A102,Not New,MARATHON PETE CORP,3277.0,36301.0,635.0,7502.0,-2642.0,-28799.0
816851109,Not New,SEMPRA ENERGY,215.0,1930.0,2122.0,20140.0,1907.0,18210.0
G5480U104,New Holding,LIBERTY GLOBAL PLC,,,10041.0,200000.0,,
87311L104,Sold Out,TW TELECOM INC,932.0,22400.0,,,,
02665T306,Not New,AMERICAN HOMES 4 RENT,10787.0,633388.0,10698.0,633388.0,-89.0,0.0
82705T102,New Holding,SILICON IMAGE INC,,,653.0,118279.0,,
678026105,Not New,OIL STS INTL INC,3622.0,74064.0,353.0,5700.0,-3269.0,-68364.0
903914109,New Holding,ULTRA PETROLEUM CORP,,,217.0,16480.0,,
594972408,Not New,MICROSTRATEGY INC,4445.0,27371.0,2061.0,15749.0,-2384.0,-11622.0
826516106,Sold Out,SIERRA WIRELESS INC,588.0,22000.0,,,,
773111109,Sold Out,ROCKET FUEL INC,2370.0,150000.0,,,,
247361702,New Holding,DELTA AIR LINES INC DEL,,,544.0,11063.0,,
025816109,Not New,AMERICAN EXPRESS CO,2349.0,25250.0,6300.0,71970.0,3951.0,46720.0
151290BC6,Not New,CEMEX SAB DE CV,46639.0,33451000.0,47413.0,31201000.0,774.0,-2250000.0
02208RAE6,Sold Out,ALTRA INDL MOTION CORP,8511.0,6270000.0,,,,
28140H104,Sold Out,EDUCATION RLTY TR INC,5705.0,555000.0,,,,
60671Q104,New Holding,MITEL NETWORKS CORP,,,757.0,70840.0,,
651718504,Not New,NEWPARK RES INC,1586.0,166215.0,373.0,30000.0,-1213.0,-136215.0
90130A101,New Holding,TWENTY FIRST CENTY FOX INC,,,412.0,10731.0,,
918194101,New Holding,VCA INC,,,624.0,12800.0,,
421924309,New Holding,HEALTHSOUTH CORP,,,481.0,12500.0,,
08579W103,New Holding,BERRY PLASTICS GROUP INC,,,2209.0,70000.0,,
G47791101,New Holding,INGERSOLL-RAND PLC,,,7075.0,111612.0,,
69351T106,Sold Out,PPL CORP,1452.0,44206.0,,,,
80004CAD3,Sold Out,SANDISK CORP,38368.0,19866000.0,,,,
74348TAL6,Not New,PROSPECT CAPITAL CORPORATION,510.0,500000.0,1069.0,1000000.0,559.0,500000.0
G7665A101,New Holding,ROWAN COMPANIES PLC,,,2263.0,97036.0,,
552690109,Sold Out,MDU RES GROUP INC,533.0,19180.0,,,,
85590A401,New Holding,STARWOOD HOTELS&RESORTS WRLD,,,406.0,5013.0,,
23283R100,Not New,CYRUSONE INC,3995.0,145000.0,6972.0,290000.0,2977.0,145000.0
192446102,New Holding,COGNIZANT TECHNOLOGY SOLUTIO,,,4977.0,94510.0,,
260003108,Sold Out,DOVER CORP,1999.0,24880.0,,,,
64110L106,Sold Out,NETFLIX INC,2707.0,6000.0,,,,
112463104,New Holding,BROOKDALE SR LIVING INC,,,990.0,27000.0,,
L7257P106,New Holding,PACIFIC DRILLING SA LUXEMBOU,,,1299.0,280000.0,,
31847R102,New Holding,FIRST AMERN FINL CORP,,,2577.0,76025.0,,
87305RAD1,Not New,TTM TECHNOLOGIES INC,15265.0,17744000.0,15258.0,9536000.0,-7.0,-8208000.0
443510201,Not New,HUBBELL INC,4273.0,39999.0,3375.0,28000.0,-898.0,-11999.0
464287655,Not New,ISHARES TR,185638.0,1551900.0,163478.0,1495000.0,-22160.0,-56900.0
464287655,Not New,ISHARES TR,185638.0,1551900.0,13669.0,125000.0,-171969.0,-1426900.0
464287655,Not New,ISHARES TR,55025.0,460000.0,163478.0,1495000.0,108453.0,1035000.0
464287655,Not New,ISHARES TR,55025.0,460000.0,13669.0,125000.0,-41356.0,-335000.0
89417E109,Sold Out,TRAVELERS COMPANIES INC,1409.0,15000.0,,,,
203668108,New Holding,COMMUNITY HEALTH SYS INC NEW,,,922.0,17100.0,,
680223104,Sold Out,OLD REP INTL CORP,1318.0,92280.0,,,,
803062108,New Holding,SAPIENT CORP,,,7925.0,318545.0,,
535678106,Not New,LINEAR TECHNOLOGY CORP,1675.0,36737.0,841.0,18944.0,-834.0,-17793.0
84610H108,Sold Out,SOVRAN SELF STORAGE INC,6135.0,82500.0,,,,
009158106,Sold Out,AIR PRODS & CHEMS INC,10296.0,79093.0,,,,
501797104,New Holding,L BRANDS INC,,,375.0,4329.0,,
144577103,Not New,CARRIZO OIL & GAS INC,2403.0,57756.0,1797.0,33385.0,-606.0,-24371.0
73179P106,New Holding,POLYONE CORP,,,1024.0,27000.0,,
531465102,Sold Out,LIBERTY TRIPADVISOR HLDGS IN,2014.0,59415.0,,,,
05967A107,Sold Out,BANCO SANTANDER BRASIL S A,1635.0,250000.0,,,,
460254105,Not New,INTERNATIONAL RECTIFIER CORP,4530.0,113532.0,3328.0,84799.0,-1202.0,-28733.0
81369Y506,New Holding,SELECT SECTOR SPDR TR,,,5051.0,63802.0,,
81369Y506,New Holding,SELECT SECTOR SPDR TR,,,7916.0,100000.0,,
81369Y506,New Holding,SELECT SECTOR SPDR TR,,,9499.0,120000.0,,
30225X103,Not New,EXTERRAN HLDGS INC,6842.0,210000.0,4431.0,100000.0,-2411.0,-110000.0
30225X103,Not New,EXTERRAN HLDGS INC,6842.0,210000.0,4224.0,95325.0,-2618.0,-114675.0
294429105,Sold Out,EQUIFAX INC,230.0,3078.0,,,,
50015Q100,Sold Out,KODIAK OIL & GAS CORP,351.0,25900.0,,,,
37045V100,Sold Out,GENERAL MTRS CO,13242.0,414600.0,,,,
279158109,Not New,ECOPETROL S A,1463.0,85435.0,313.0,10000.0,-1150.0,-75435.0
78463V107,Sold Out,SPDR GOLD TRUST,16967.0,146000.0,,,,
06742E711,Not New,BARCLAYS BK PLC,2836.0,90000.0,3897.0,125000.0,1061.0,35000.0
06742E711,Not New,BARCLAYS BK PLC,2836.0,90000.0,4527.0,145200.0,1691.0,55200.0
06742E711,Not New,BARCLAYS BK PLC,2836.0,90000.0,3118.0,100000.0,282.0,10000.0
038336103,Sold Out,APTARGROUP INC,730.0,12020.0,,,,
11777Q209,Sold Out,B2GOLD CORP,1421.0,700000.0,,,,
683715106,New Holding,OPEN TEXT CORP,,,9360.0,160664.0,,
74340W103,New Holding,PROLOGIS INC,,,8606.0,200000.0,,
146229109,Sold Out,CARTER INC,3488.0,45000.0,,,,
246647101,Sold Out,DELEK US HLDGS INC,348.0,10500.0,,,,
872590203,New Holding,T MOBILE US INC,,,17571.0,331591.0,,
95082P105,Not New,WESCO INTL INC,3429.0,45000.0,3913.0,50000.0,484.0,5000.0
716768106,New Holding,PETSMART INC,,,10198.0,125447.0,,
716768106,New Holding,PETSMART INC,,,1219.0,15000.0,,
001546AP5,Sold Out,AK STL CORP,3277.0,1500000.0,,,,
28140H203,New Holding,EDUCATION RLTY TR INC,,,15862.0,433512.0,,
284902103,New Holding,ELDORADO GOLD CORP NEW,,,2120.0,348641.0,,
783549108,New Holding,RYDER SYS INC,,,797.0,8585.0,,
754730109,Sold Out,RAYMOND JAMES FINANCIAL INC,1340.0,25000.0,,,,
249908AA2,Not New,DEPOMED INC,8207.0,3000000.0,7970.0,7500000.0,-237.0,4500000.0
34964C106,New Holding,FORTUNE BRANDS HOME & SEC IN,,,3622.0,80000.0,,
053484101,Not New,AVALONBAY CMNTYS INC,6536.0,40000.0,4229.0,30000.0,-2307.0,-10000.0
004397AD7,Not New,ACCURAY INC,1541.0,1000000.0,1665.0,1000000.0,124.0,0.0
008916108,New Holding,AGRIUM INC,,,2842.0,30000.0,,
285512109,Sold Out,ELECTRONIC ARTS INC,3619.0,101637.0,,,,
450911201,Not New,ITT CORP NEW,2832.0,70000.0,5483.0,122000.0,2651.0,52000.0
87074U101,Not New,SWIFT TRANSN CO,4295.0,150000.0,420.0,20000.0,-3875.0,-130000.0
00971T101,Sold Out,AKAMAI TECHNOLOGIES INC,5083.0,84996.0,,,,
16945R104,Sold Out,CHINA UNICOM (HONG KONG) LTD,580.0,38600.0,,,,
748356102,Sold Out,QUESTAR CORP,600.0,26920.0,,,,
741503AQ9,New Holding,PRICELINE GRP INC,,,3322.0,1500000.0,,
48562P103,Sold Out,KAPSTONE PAPER & PACKAGING C,559.0,20000.0,,,,
848574109,New Holding,SPIRIT AEROSYSTEMS HLDGS INC,,,4304.0,100000.0,,
156504300,Not New,CENTURY CMNTYS INC,7628.0,441433.0,12274.0,707454.0,4646.0,266021.0
747525103,New Holding,QUALCOMM INC,,,10168.0,136796.0,,
38388F108,Sold Out,GRACE W R & CO DEL NEW,2812.0,30925.0,,,,
744320102,Not New,PRUDENTIAL FINL INC,6257.0,69164.0,5414.0,61565.0,-843.0,-7599.0
29082A107,New Holding,EMBRAER S A,,,5898.0,160000.0,,
609207105,Not New,MONDELEZ INTL INC,1159.0,31905.0,1116.0,32574.0,-43.0,669.0
874039100,Sold Out,TAIWAN SEMICONDUCTOR MFG LTD,2469.0,122360.0,,,,
88157K101,Sold Out,TESCO CORP,387.0,19500.0,,,,
278642103,New Holding,EBAY INC,,,1857.0,33093.0,,
382410405,Sold Out,GOODRICH PETE CORP,649.0,43786.0,,,,
65341B106,New Holding,NEXTERA ENERGY PARTNERS LP,,,1485.0,44000.0,,
84649PAL9,Sold Out,SPANSION LLC,18076.0,10268000.0,,,,
92849E101,Sold Out,VITAMIN SHOPPE INC,511.0,11503.0,,,,
30303M102,New Holding,FACEBOOK INC,,,8141.0,104339.0,,
76169B102,New Holding,REXNORD CORP NEW,,,5078.0,180000.0,,
758750103,New Holding,REGAL BELOIT CORP,,,4888.0,65000.0,,
20605P101,New Holding,CONCHO RES INC,,,4343.0,43535.0,,
31620R303,Sold Out,FIDELITY NATIONAL FINANCIAL,3698.0,133326.0,,,,
22160K105,New Holding,COSTCO WHSL CORP NEW,,,337.0,2380.0,,
58605Q109,New Holding,MEMORIAL RESOURCE DEV CORP,,,1989.0,110339.0,,
142339100,Not New,CARLISLE COS INC,6768.0,75000.0,4418.0,54960.0,-2350.0,-20040.0
86732Y109,New Holding,SUNEDISON INC,,,488.0,25000.0,,
G2554F953,Sold Out,COVIDIEN PLC,800.0,9251.0,,,,
G2554F953,Sold Out,COVIDIEN PLC,3452.0,39900.0,,,,
91324P102,New Holding,UNITEDHEALTH GROUP INC,,,799.0,7904.0,,
57060U233,New Holding,MARKET VECTORS ETF TR,,,2685.0,49152.0,,
233153105,Sold Out,DCT INDUSTRIAL TRUST INC,7698.0,1025000.0,,,,
665859104,Sold Out,NORTHERN TR CORP,680.0,10000.0,,,,
45667G103,New Holding,INFINERA CORPORATION,,,463.0,31462.0,,
87265H109,Sold Out,TRI POINTE HOMES INC,388.0,30000.0,,,,
966387102,Sold Out,WHITING PETE CORP NEW,717.0,9242.0,,,,
89353D107,Not New,TRANSCANADA CORP,1925.0,39200.0,402.0,7800.0,-1523.0,-31400.0
777779307,Not New,ROSETTA RESOURCES INC,1948.0,87297.0,1165.0,26154.0,-783.0,-61143.0
690742101,New Holding,OWENS CORNING NEW,,,877.0,24500.0,,
690742101,New Holding,OWENS CORNING NEW,,,1791.0,50000.0,,
91388P105,New Holding,UNIVERSAL TRUCKLOAD SVCS INC,,,274.0,9600.0,,
00287Y109,Sold Out,ABBVIE INC,670.0,11600.0,,,,
25278X109,Not New,DIAMONDBACK ENERGY INC,4763.0,79680.0,1616.0,21609.0,-3147.0,-58071.0
931427108,New Holding,WALGREENS BOOTS ALLIANCE INC,,,428.0,5612.0,,
252603105,Sold Out,DIAMOND FOODS INC,1001.0,35000.0,,,,
052800109,Not New,AUTOLIV INC,796.0,7500.0,919.0,10000.0,123.0,2500.0
002896207,Sold Out,ABERCROMBIE & FITCH CO,2214.0,60912.0,,,,
867914103,Sold Out,SUNTRUST BKS INC,9138.0,240271.0,,,,
896288107,New Holding,TRINET GROUP INC,,,2659.0,85000.0,,
436106108,New Holding,HOLLYFRONTIER CORP,,,1069.0,28513.0,,
12541W209,New Holding,C H ROBINSON WORLDWIDE INC,,,16048.0,214285.0,,
13321L108,Not New,CAMECO CORP,238.0,14500.0,353.0,20000.0,115.0,5500.0
13321L108,Not New,CAMECO CORP,238.0,14500.0,5298.0,300000.0,5060.0,285500.0
13321L108,Not New,CAMECO CORP,4923.0,300000.0,353.0,20000.0,-4570.0,-280000.0
13321L108,Not New,CAMECO CORP,4923.0,300000.0,5298.0,300000.0,375.0,0.0
62936P103,New Holding,NPS PHARMACEUTICALS INC,,,2756.0,77054.0,,
654106103,Sold Out,NIKE INC,1752.0,19643.0,,,,
573284106,Sold Out,MARTIN MARIETTA MATLS INC,2159.0,16741.0,,,,
37950E416,Sold Out,GLOBAL X FDS,7700.0,400000.0,,,,
89785L107,New Holding,TRUECAR INC,,,259.0,11325.0,,
001547108,Not New,AK STL HLDG CORP,334.0,56250.0,1442.0,180000.0,1108.0,123750.0
001547108,Not New,AK STL HLDG CORP,334.0,56250.0,1762.0,220000.0,1428.0,163750.0
97717P104,Sold Out,WISDOMTREE INVTS INC,2031.0,178500.0,,,,
29355X107,New Holding,ENPRO INDS INC,,,3138.0,50000.0,,
749660106,Not New,RPC INC,249.0,19099.0,727.0,33099.0,478.0,14000.0
075887109,Sold Out,BECTON DICKINSON & CO,651.0,5720.0,,,,
277432100,New Holding,EASTMAN CHEM CO,,,3683.0,48550.0,,
277432100,New Holding,EASTMAN CHEM CO,,,3034.0,40000.0,,
364760108,Sold Out,GAP INC DEL,1702.0,40829.0,,,,
206708109,Sold Out,CONCUR TECHNOLOGIES INC,4065.0,32054.0,,,,
60871R209,Sold Out,MOLSON COORS BREWING CO,2847.0,38249.0,,,,
268785102,New Holding,EP ENERGY CORP,,,3149.0,301639.0,,
25179M103,Not New,DEVON ENERGY CORP NEW,5420.0,88548.0,886.0,12993.0,-4534.0,-75555.0
761713106,Not New,REYNOLDS AMERICAN INC,1736.0,27007.0,1405.0,23807.0,-331.0,-3200.0
050095108,Not New,ATWOOD OCEANICS INC,3607.0,127154.0,1092.0,25000.0,-2515.0,-102154.0
896945201,Not New,TRIPADVISOR INC,924.0,12375.0,2090.0,22863.0,1166.0,10488.0
749685103,New Holding,RPM INTL INC,,,2028.0,40000.0,,
422347104,New Holding,HEARTLAND EXPRESS INC,,,1351.0,50000.0,,
929160109,Not New,VULCAN MATLS CO,3615.0,55000.0,5725.0,95053.0,2110.0,40053.0
020520102,Sold Out,ALON USA ENERGY INC,1221.0,85000.0,,,,
674599105,Not New,OCCIDENTAL PETE CORP DEL,1209.0,14996.0,1366.0,14212.0,157.0,-784.0
067806109,New Holding,BARNES GROUP INC,,,4811.0,130000.0,,
911363109,Sold Out,UNITED RENTALS INC,746.0,6713.0,,,,
60855RAC4,Not New,MOLINA HEALTHCARE INC,26754.0,19750000.0,12051.0,13819000.0,-14703.0,-5931000.0
98919V105,New Holding,ZAYO GROUP HLDGS INC,,,3057.0,100000.0,,
053611109,New Holding,AVERY DENNISON CORP,,,1038.0,20000.0,,
489170100,Sold Out,KENNAMETAL INC,1652.0,40000.0,,,,
636180101,New Holding,NATIONAL FUEL GAS CO N J,,,1951.0,28056.0,,
151020104,New Holding,CELGENE CORP,,,367.0,3278.0,,
57061R544,Not New,MARKET VECTORS ETF TR,14009.0,585398.0,1437.0,42743.0,-12572.0,-542655.0
929089100,Not New,VOYA FINL INC,1744.0,41146.0,5757.0,147241.0,4013.0,106095.0
09061G101,Sold Out,BIOMARIN PHARMACEUTICAL INC,2699.0,37400.0,,,,
404280406,Sold Out,HSBC HLDGS PLC,1018.0,20000.0,,,,
094235108,Sold Out,BLOOMIN BRANDS INC,2146.0,117000.0,,,,
750438103,Not New,RADIOSHACK CORP,202.0,545000.0,3970.0,4009600.0,3768.0,3464600.0
750438103,Not New,RADIOSHACK CORP,202.0,545000.0,1193.0,1205000.0,991.0,660000.0
11120U105,New Holding,BRIXMOR PPTY GROUP INC,,,2484.0,100000.0,,
31816Q101,Not New,FIREEYE INC,4738.0,150032.0,1905.0,62329.0,-2833.0,-87703.0
18683K101,New Holding,CLIFFS NAT RES INC,,,1071.0,150000.0,,
929042109,New Holding,VORNADO RLTY TR,,,19422.0,165000.0,,
62886E108,Sold Out,NCR CORP NEW,501.0,15000.0,,,,
762760106,Not New,RICE ENERGY INC,1132.0,53988.0,2302.0,86543.0,1170.0,32555.0
88160RAC5,Not New,TESLA MTRS INC,15627.0,16900000.0,30669.0,24495000.0,15042.0,7595000.0
76169C100,New Holding,REXFORD INDL RLTY INC,,,3142.0,200000.0,,
285512AA7,Sold Out,ELECTRONIC ARTS INC,10412.0,8000000.0,,,,
044209104,New Holding,ASHLAND INC NEW,,,605.0,5050.0,,
723787107,New Holding,PIONEER NAT RES CO,,,10834.0,72782.0,,
92343XAA8,New Holding,VERINT SYS INC,,,2370.0,2189000.0,,
464287614,New Holding,ISHARES TR,,,2868.0,30000.0,,
315405100,New Holding,FERRO CORP,,,2112.0,163000.0,,
552848103,New Holding,MGIC INVT CORP WIS,,,1653.0,177390.0,,
74834L100,New Holding,QUEST DIAGNOSTICS INC,,,793.0,11824.0,,
913456109,Sold Out,UNIVERSAL CORP VA,2419.0,54500.0,,,,
585055106,Sold Out,MEDTRONIC INC,250.0,4035.0,,,,
931422109,Sold Out,WALGREEN CO,508.0,8569.0,,,,
097793103,Sold Out,BONANZA CREEK ENERGY INC,741.0,13031.0,,,,
89969Q104,Sold Out,TUMI HLDGS INC,1628.0,80000.0,,,,
529771107,Sold Out,LEXMARK INTL NEW,4250.0,100000.0,,,,
064058100,Not New,BANK NEW YORK MELLON CORP,2281.0,56217.0,775.0,20000.0,-1506.0,-36217.0
858119100,New Holding,STEEL DYNAMICS INC,,,795.0,40250.0,,
743674103,Not New,PROTECTIVE LIFE CORP,7369.0,105805.0,2312.0,33315.0,-5057.0,-72490.0
950755108,New Holding,WERNER ENTERPRISES INC,,,2181.0,70000.0,,
855244109,New Holding,STARBUCKS CORP,,,793.0,9660.0,,
12572Q105,Not New,CME GROUP INC,9362.0,105609.0,3598.0,45000.0,-5764.0,-60609.0
67058H102,Sold Out,NUSTAR ENERGY LP,403.0,6118.0,,,,
910047109,New Holding,UNITED CONTL HLDGS INC,,,368.0,5500.0,,
49803T300,Not New,KITE RLTY GROUP TR,2041.0,71000.0,10302.0,425000.0,8261.0,354000.0
98138H101,New Holding,WORKDAY INC,,,1081.0,13250.0,,
76689T104,New Holding,RIO ALTO MNG LTD NEW,,,632.0,256830.0,,
465562106,Sold Out,ITAU UNIBANCO HLDG SA,1180.0,85000.0,,,,
13123X102,Not New,CALLON PETE CO DEL,1801.0,330377.0,1043.0,118400.0,-758.0,-211977.0
88706M103,Sold Out,TIM HORTONS INC,1935.0,24549.0,,,,
26884L109,Not New,EQT CORP,2034.0,26875.0,1110.0,12126.0,-924.0,-14749.0
867652406,New Holding,SUNPOWER CORP,,,646.0,25000.0,,
053332102,Sold Out,AUTOZONE INC,934.0,1833.0,,,,
316773100,Sold Out,FIFTH THIRD BANCORP,4324.0,216000.0,,,,
969457100,Sold Out,WILLIAMS COS INC DEL,6376.0,115200.0,,,,
78462F103,Not New,SPDR S&P 500 ETF TR,171606.0,834904.0,5083.0,25800.0,-166523.0,-809104.0
78462F103,Not New,SPDR S&P 500 ETF TR,171606.0,834904.0,583061.0,2959400.0,411455.0,2124496.0
78462F103,Not New,SPDR S&P 500 ETF TR,248703.0,1210000.0,5083.0,25800.0,-243620.0,-1184200.0
78462F103,Not New,SPDR S&P 500 ETF TR,248703.0,1210000.0,583061.0,2959400.0,334358.0,1749400.0
78462F103,Not New,SPDR S&P 500 ETF TR,518475.0,2522500.0,5083.0,25800.0,-513392.0,-2496700.0
78462F103,Not New,SPDR S&P 500 ETF TR,518475.0,2522500.0,583061.0,2959400.0,64586.0,436900.0
151290BB8,Not New,CEMEX SAB DE CV,5857.0,10000000.0,7274.0,5000000.0,1417.0,-5000000.0
983793100,New Holding,XPO LOGISTICS INC,,,741.0,18126.0,,
464287234,Not New,ISHARES TR,6738.0,171500.0,12468.0,300000.0,5730.0,128500.0
464287234,Not New,ISHARES TR,19645.0,500000.0,12468.0,300000.0,-7177.0,-200000.0
25746U109,Not New,DOMINION RES INC VA NEW,1700.0,22103.0,1419.0,20541.0,-281.0,-1562.0
98462Y100,New Holding,YAMANA GOLD INC,,,965.0,240000.0,,
679580100,Not New,OLD DOMINION FGHT LINES INC,4658.0,60000.0,2472.0,35000.0,-2186.0,-25000.0
78464A755,Sold Out,SPDR SERIES TRUST,773.0,21000.0,,,,
212015101,New Holding,CONTINENTAL RESOURCES INC,,,2748.0,71637.0,,
379302102,New Holding,GLIMCHER RLTY TR,,,8873.0,645800.0,,
939647103,Sold Out,WASHINGTON PRIME GROUP INC,4720.0,270000.0,,,,
40416M105,Not New,HD SUPPLY HLDGS INC,7889.0,267500.0,545.0,20000.0,-7344.0,-247500.0
57060U506,Sold Out,MARKET VECTORS ETF TR,3154.0,141000.0,,,,
177376100,Not New,CITRIX SYS INC,1021.0,16000.0,2135.0,29921.0,1114.0,13921.0
884768102,Sold Out,THOMPSON CREEK METALS CO INC,110.0,50000.0,,,,
709102107,Sold Out,PENNSYLVANIA RL ESTATE INVT,2891.0,145000.0,,,,
88732J207,Sold Out,TIME WARNER CABLE INC,4027.0,28065.0,,,,
19122T109,Sold Out,COCA COLA ENTERPRISES INC NE,4976.0,112169.0,,,,
292505104,Sold Out,ENCANA CORP,3876.0,182741.0,,,,
941848103,Sold Out,WATERS CORP,264.0,2666.0,,,,
526107107,Sold Out,LENNOX INTL INC,3844.0,50000.0,,,,
256677105,New Holding,DOLLAR GEN CORP NEW,,,1414.0,20000.0,,
165167107,New Holding,CHESAPEAKE ENERGY CORP,,,7212.0,368507.0,,
165167107,New Holding,CHESAPEAKE ENERGY CORP,,,196.0,10000.0,,
15189T107,Sold Out,CENTERPOINT ENERGY INC,731.0,29853.0,,,,
913017109,Not New,UNITED TECHNOLOGIES CORP,4087.0,35535.0,1277.0,12089.0,-2810.0,-23446.0
456788108,Sold Out,INFOSYS LTD,1815.0,30000.0,,,,
74978Q105,Not New,RSP PERMIAN INC,3115.0,123925.0,669.0,26178.0,-2446.0,-97747.0
008474108,Not New,AGNICO EAGLE MINES LTD,871.0,35000.0,3868.0,133227.0,2997.0,98227.0
928645100,New Holding,VOLCANO CORPORATION,,,3170.0,177310.0,,
795435106,Sold Out,SALIX PHARMACEUTICALS INC,505.0,3230.0,,,,
795435106,Sold Out,SALIX PHARMACEUTICALS INC,3125.0,20000.0,,,,
84860WAB8,Not New,SPIRIT RLTY CAP INC NEW,21899.0,21885000.0,18500.0,19795000.0,-3399.0,-2090000.0
26885B100,Sold Out,EQT MIDSTREAM PARTNERS LP,435.0,4849.0,,,,
26969P108,New Holding,EAGLE MATERIALS INC,,,1521.0,20000.0,,
755111507,New Holding,RAYTHEON CO,,,2983.0,27579.0,,
59156R108,Sold Out,METLIFE INC,3282.0,61099.0,,,,
57636Q104,Not New,MASTERCARD INC,9587.0,111274.0,3794.0,51321.0,-5793.0,-59953.0
Y2745C102,New Holding,GOLAR LNG PARTNERS LP,,,1246.0,40000.0,,
05874B107,Sold Out,BALLY TECHNOLOGIES INC,2026.0,25100.0,,,,
00404A109,New Holding,ACADIA HEALTHCARE COMPANY IN,,,545.0,8900.0,,
G4412G101,Not New,HERBALIFE LTD,8525.0,226116.0,2449.0,55966.0,-6076.0,-170150.0
57772K101,New Holding,MAXIM INTEGRATED PRODS INC,,,3066.0,96200.0,,
225401108,Sold Out,CREDIT SUISSE GROUP,2349.0,85000.0,,,,
30225N105,Sold Out,EXTERRAN PARTNERS LP,331.0,11300.0,,,,
92857W308,Sold Out,VODAFONE GROUP PLC NEW,987.0,30000.0,,,,
502424104,New Holding,L-3 COMMUNICATIONS HLDGS INC,,,7248.0,57428.0,,
79466L302,Not New,SALESFORCE COM INC,7766.0,130933.0,4512.0,78427.0,-3254.0,-52506.0
891027104,New Holding,TORCHMARK CORP,,,3065.0,56582.0,,
025537101,Sold Out,AMERICAN ELEC PWR INC,1249.0,23914.0,,,,
78464A698,Not New,SPDR SERIES TRUST,15986.0,392777.0,757.0,20000.0,-15229.0,-372777.0
78464A698,Not New,SPDR SERIES TRUST,15986.0,392777.0,5134.0,135606.0,-10852.0,-257171.0
78464A698,Not New,SPDR SERIES TRUST,4070.0,100000.0,757.0,20000.0,-3313.0,-80000.0
78464A698,Not New,SPDR SERIES TRUST,4070.0,100000.0,5134.0,135606.0,1064.0,35606.0
65440R101,New Holding,NIMBLE STORAGE INC,,,3136.0,114034.0,,
469814107,Sold Out,JACOBS ENGR GROUP INC DEL,225.0,4603.0,,,,
92839U206,Not New,VISTEON CORP,7747.0,72500.0,3404.0,35000.0,-4343.0,-37500.0
984332106,Not New,YAHOO INC,9832.0,194662.0,4136.0,101507.0,-5696.0,-93155.0
984332106,Not New,YAHOO INC,9832.0,194662.0,4075.0,100000.0,-5757.0,-94662.0
87612E106,New Holding,TARGET CORP,,,668.0,8799.0,,
406216101,Sold Out,HALLIBURTON CO,2938.0,45548.0,,,,
032359AC5,Not New,AMTRUST FINL SVCS INC,2156.0,1000000.0,1756.0,1000000.0,-400.0,0.0
26875P101,Not New,EOG RES INC,7592.0,82463.0,4524.0,45690.0,-3068.0,-36773.0
067901108,New Holding,BARRICK GOLD CORP,,,1720.0,160000.0,,
774341101,New Holding,ROCKWELL COLLINS INC,,,2225.0,26339.0,,
054937107,Sold Out,BB&T CORP,930.0,25000.0,,,,
75972A301,New Holding,RENEWABLE ENERGY GROUP INC,,,194.0,20000.0,,
459200101,Sold Out,INTERNATIONAL BUSINESS MACHS,3797.0,20000.0,,,,
78464A888,Not New,SPDR SERIES TRUST,4094.0,120000.0,1775.0,60000.0,-2319.0,-60000.0
02917TAA2,New Holding,AMERICAN RLTY CAP PPTYS INC,,,14.0,15000.0,,
14149Y108,Not New,CARDINAL HEALTH INC,646.0,8003.0,471.0,6284.0,-175.0,-1719.0
127387AJ7,Not New,CADENCE DESIGN SYSTEM INC,10079.0,4000000.0,9400.0,4000000.0,-679.0,0.0
717081103,Sold Out,PFIZER INC,739.0,25000.0,,,,
22542D795,New Holding,CREDIT SUISSE NASSAU BRH,,,564.0,18100.0,,
471109AH1,New Holding,JARDEN CORP,,,24417.0,15500000.0,,
00765F101,Sold Out,ADVANTAGE OIL & GAS LTD,509.0,100000.0,,,,
88224Q107,Sold Out,TEXAS CAPITAL BANCSHARES INC,865.0,15000.0,,,,
902973304,New Holding,US BANCORP DEL,,,6293.0,140000.0,,
268648102,Not New,E M C CORP MASS,6418.0,215807.0,5525.0,188837.0,-893.0,-26970.0
806857108,Not New,SCHLUMBERGER LTD,5836.0,68334.0,9342.0,91867.0,3506.0,23533.0
737464107,Not New,POST PPTYS INC,3526.0,60000.0,5904.0,115000.0,2378.0,55000.0
81369Y407,New Holding,SELECT SECTOR SPDR TR,,,17982.0,249226.0,,
749227AB0,Sold Out,RAIT FINANCIAL TRUST,4911.0,5000000.0,,,,
12467B304,Not New,C&J ENERGY SVCS INC,661.0,50000.0,336.0,11000.0,-325.0,-39000.0
530715AL5,Not New,LIBERTY MEDIA CORP,2591.0,3000000.0,3221.0,5000000.0,630.0,2000000.0
125896100,New Holding,CMS ENERGY CORP,,,460.0,13232.0,,
23918K108,New Holding,DAVITA HEALTHCARE PARTNERS I,,,2416.0,31897.0,,
81369Y605,Sold Out,SELECT SECTOR SPDR TR,4634.0,200000.0,,,,
78709Y105,Not New,SAIA INC,360.0,6500.0,213.0,4300.0,-147.0,-2200.0
65473P105,Not New,NISOURCE INC,788.0,18582.0,632.0,15420.0,-156.0,-3162.0
446150104,Sold Out,HUNTINGTON BANCSHARES INC,1016.0,104410.0,,,,
61945C103,New Holding,MOSAIC CO NEW,,,4527.0,99165.0,,
84760CAA5,New Holding,SPECTRANETICS CORP,,,7424.0,8550000.0,,
05348P401,New Holding,AVANIR PHARMACEUTICALS INC,,,1019.0,60114.0,,
021441100,New Holding,ALTERA CORP,,,540.0,14629.0,,
081437105,New Holding,BEMIS INC,,,2932.0,64845.0,,
31787A507,New Holding,FINISAR CORP,,,1165.0,60000.0,,
375558103,Sold Out,GILEAD SCIENCES INC,518.0,4866.0,,,,
020002101,Sold Out,ALLSTATE CORP,921.0,15000.0,,,,
71654V408,New Holding,PETROLEO BRASILEIRO SA PETRO,,,2190.0,300000.0,,
889478103,Sold Out,TOLL BROTHERS INC,601.0,19300.0,,,,
D18190898,Sold Out,DEUTSCHE BANK AG,1743.0,50000.0,,,,
D18190898,Sold Out,DEUTSCHE BANK AG,2824.0,81008.0,,,,
121220107,Sold Out,BURGER KING WORLDWIDE INC,371.0,12500.0,,,,
57060U100,New Holding,MARKET VECTORS ETF TR,,,1886.0,102600.0,,
19624RAA4,New Holding,COLONY FINL INC,,,3244.0,1000000.0,,
235851102,Sold Out,DANAHER CORP DEL,2134.0,28084.0,,,,
92924F106,Sold Out,WGL HLDGS INC,535.0,12700.0,,,,
073685109,Not New,BEACON ROOFING SUPPLY INC,320.0,11500.0,255.0,10000.0,-65.0,-1500.0
126132109,Not New,CNOOC LTD,5011.0,36997.0,945.0,5475.0,-4066.0,-31522.0
608190104,Not New,MOHAWK INDS INC,777.0,5000.0,3662.0,27159.0,2885.0,22159.0
127097103,New Holding,CABOT OIL & GAS CORP,,,3567.0,120472.0,,
697900108,Sold Out,PAN AMERICAN SILVER CORP,2500.0,227700.0,,,,
115637209,New Holding,BROWN FORMAN CORP,,,2491.0,28357.0,,
87425E103,Not New,TALISMAN ENERGY INC,4975.0,635317.0,776.0,89665.0,-4199.0,-545652.0
712704105,New Holding,PEOPLES UNITED FINANCIAL INC,,,1647.0,108480.0,,
254687106,New Holding,DISNEY WALT CO,,,248.0,2632.0,,
92927K102,New Holding,WABCO HLDGS INC,,,4715.0,45000.0,,
464286400,Not New,ISHARES,15743.0,430500.0,145840.0,3356500.0,130097.0,2926000.0
74838JAA9,New Holding,QUIDEL CORP,,,5656.0,5050000.0,,
336433107,Not New,FIRST SOLAR INC,5258.0,117900.0,2642.0,40151.0,-2616.0,-77749.0
111320107,Not New,BROADCOM CORP,638.0,14731.0,2032.0,50274.0,1394.0,35543.0
178787107,Sold Out,CIVEO CORP,290.0,25000.0,,,,
58733R102,New Holding,MERCADOLIBRE INC,,,1915.0,15000.0,,
451055AF4,Not New,ICONIX BRAND GROUP INC,10522.0,8824000.0,10304.0,7244000.0,-218.0,-1580000.0
231021106,Sold Out,CUMMINS INC,9777.0,74078.0,,,,
91529Y106,New Holding,UNUM GROUP,,,1584.0,45421.0,,
018802108,New Holding,ALLIANT ENERGY CORP,,,332.0,5000.0,,
88104R100,New Holding,TERRAFORM PWR INC,,,2162.0,70000.0,,
35671D857,New Holding,FREEPORT-MCMORAN INC,,,2356.0,100862.0,,
03834A103,New Holding,APPROACH RESOURCES INC,,,322.0,50420.0,,
693506107,New Holding,PPG INDS INC,,,2111.0,9134.0,,
65339F101,Not New,NEXTERA ENERGY INC,2691.0,25317.0,3101.0,33027.0,410.0,7710.0
344849104,Sold Out,FOOT LOCKER INC,1006.0,18070.0,,,,
48203R104,Sold Out,JUNIPER NETWORKS INC,2948.0,133073.0,,,,
G0176J109,Not New,ALLEGION PUB LTD CO,5546.0,100000.0,4097.0,86000.0,-1449.0,-14000.0
61166W101,Sold Out,MONSANTO CO NEW,3949.0,35101.0,,,,
64110D104,Sold Out,NETAPP INC,1506.0,35067.0,,,,
886547108,New Holding,TIFFANY & CO NEW,,,1381.0,12920.0,,
576485205,Sold Out,MATADOR RES CO,936.0,36198.0,,,,
595112AX1,Sold Out,MICRON TECHNOLOGY INC,38279.0,8915000.0,,,,
253651103,New Holding,DIEBOLD INC,,,3187.0,91998.0,,
29472R108,Not New,EQUITY LIFESTYLE PPTYS INC,8258.0,160200.0,3177.0,75000.0,-5081.0,-85200.0
83066R107,Sold Out,SKILLED HEALTHCARE GROUP INC,1056.0,160051.0,,,,
459506101,Not New,INTERNATIONAL FLAVORS&FRAGRA,2778.0,27406.0,1337.0,13945.0,-1441.0,-13461.0
447011107,Not New,HUNTSMAN CORP,911.0,40000.0,5099.0,196200.0,4188.0,156200.0
81369Y209,New Holding,SELECT SECTOR SPDR TR,,,2897.0,42359.0,,
852891100,New Holding,STANCORP FINL GROUP INC,,,3133.0,44848.0,,
192422103,New Holding,COGNEX CORP,,,2893.0,70000.0,,
117043109,Sold Out,BRUNSWICK CORP,2444.0,58000.0,,,,
22822V101,New Holding,CROWN CASTLE INTL CORP NEW,,,8233.0,104612.0,,
78440X101,New Holding,SL GREEN RLTY CORP,,,4166.0,35000.0,,
201723103,Sold Out,COMMERCIAL METALS CO,1618.0,94788.0,,,,
707882106,Not New,PENN VA CORP,881.0,131849.0,130.0,10196.0,-751.0,-121653.0
018581108,Sold Out,ALLIANCE DATA SYSTEMS CORP,232.0,934.0,,,,
826552101,Not New,SIGMA ALDRICH CORP,15810.0,115177.0,1032.0,7587.0,-14778.0,-107590.0
410345102,Sold Out,HANESBRANDS INC,1050.0,9770.0,,,,
697435105,New Holding,PALO ALTO NETWORKS INC,,,1159.0,9457.0,,
281020107,Not New,EDISON INTL,1476.0,22542.0,516.0,9224.0,-960.0,-13318.0
89600B201,New Holding,TRIANGLE PETE CORP,,,812.0,169875.0,,
736508847,Not New,PORTLAND GEN ELEC CO,1314.0,34746.0,1128.0,35116.0,-186.0,370.0
680665205,New Holding,OLIN CORP,,,330.0,14500.0,,
485170302,New Holding,KANSAS CITY SOUTHERN,,,774.0,6346.0,,
G2554F113,New Holding,COVIDIEN PLC,,,9185.0,89802.0,,
G2554F113,New Holding,COVIDIEN PLC,,,1330.0,13000.0,,
G2554F113,New Holding,COVIDIEN PLC,,,1749.0,17100.0,,
464330109,New Holding,ISIS PHARMACEUTICALS INC,,,271.0,4387.0,,
464330109,New Holding,ISIS PHARMACEUTICALS INC,,,3217.0,52100.0,,
745867101,New Holding,PULTE GROUP INC,,,2146.0,100000.0,,
06985P100,Sold Out,BASIC ENERGY SVCS INC NEW,1587.0,73170.0,,,,
872590104,Sold Out,T-MOBILE US INC,4790.0,165900.0,,,,
872590104,Sold Out,T-MOBILE US INC,2743.0,95000.0,,,,
872590104,Sold Out,T-MOBILE US INC,2743.0,95000.0,,,,
126408103,Not New,CSX CORP,6831.0,188558.0,3491.0,108889.0,-3340.0,-79669.0
22943F100,New Holding,CTRIP COM INTL LTD,,,1059.0,23265.0,,
018490102,Not New,ALLERGAN INC,10459.0,49196.0,1782.0,10000.0,-8677.0,-39196.0
37247D106,Sold Out,GENWORTH FINL INC,1955.0,149268.0,,,,
127686103,New Holding,CAESARS ENTMT CORP,,,785.0,50000.0,,
907818108,Not New,UNION PAC CORP,3122.0,26209.0,5958.0,54954.0,2836.0,28745.0
292764107,Not New,ENERNOC INC,409.0,26447.0,449.0,26447.0,40.0,0.0
704549104,Sold Out,PEABODY ENERGY CORP,953.0,77000.0,,,,
92240G101,Sold Out,VECTREN CORP,539.0,13500.0,,,,
56501R106,New Holding,MANULIFE FINL CORP,,,2291.0,120000.0,,
222816100,New Holding,COVANCE INC,,,19610.0,188847.0,,
189054109,New Holding,CLOROX CO DEL,,,1291.0,12388.0,,
192108504,New Holding,COEUR MNG INC,,,1242.0,242960.0,,
984332AF3,New Holding,YAHOO INC,,,19858.0,16000000.0,,
00724F101,Not New,ADOBE SYS INC,7499.0,103146.0,3310.0,47842.0,-4189.0,-55304.0
19624R106,Sold Out,COLONY FINL INC,671.0,30000.0,,,,
G81276100,Sold Out,SIGNET JEWELERS LIMITED,7969.0,69959.0,,,,
G81276100,Sold Out,SIGNET JEWELERS LIMITED,4272.0,37500.0,,,,
292480100,Sold Out,ENABLE MIDSTREAM PARTNERS LP,484.0,19639.0,,,,
165167BW6,Not New,CHESAPEAKE ENERGY CORP,1008.0,1000000.0,3147.0,3000000.0,2139.0,2000000.0
163731102,Sold Out,CHEMICAL FINL CORP,374.0,13923.0,,,,
515098101,Sold Out,LANDSTAR SYS INC,2566.0,35547.0,,,,
958102105,Not New,WESTERN DIGITAL CORP,659.0,5956.0,2831.0,29087.0,2172.0,23131.0
74251V102,Sold Out,PRINCIPAL FINL GROUP INC,1049.0,20000.0,,,,
464289529,New Holding,ISHARES,,,200.0,6700.0,,
254709108,Not New,DISCOVER FINL SVCS,2508.0,38300.0,5507.0,85526.0,2999.0,47226.0
87336U105,New Holding,TABLEAU SOFTWARE INC,,,1875.0,22119.0,,
036752103,New Holding,ANTHEM INC,,,382.0,3039.0,,
032511107,Not New,ANADARKO PETE CORP,984.0,11927.0,3454.0,34048.0,2470.0,22121.0
057224107,Not New,BAKER HUGHES INC,3243.0,57831.0,10346.0,159020.0,7103.0,101189.0
91913Y100,New Holding,VALERO ENERGY CORP NEW,,,2781.0,56184.0,,
91913Y100,New Holding,VALERO ENERGY CORP NEW,,,4950.0,100000.0,,
27579R104,Sold Out,EAST WEST BANCORP INC,1974.0,58061.0,,,,
60855RAD2,Sold Out,MOLINA HEALTHCARE INC,1002.0,1000000.0,,,,
133131102,New Holding,CAMDEN PPTY TR,,,3655.0,49500.0,,
55608B105,New Holding,MACQUARIE INFRASTR CO LLC,,,3910.0,55000.0,,
939653101,Sold Out,WASHINGTON REAL ESTATE INVT,2617.0,103100.0,,,,
134429109,New Holding,CAMPBELL SOUP CO,,,203.0,4604.0,,
438516106,Not New,HONEYWELL INTL INC,3004.0,30065.0,19138.0,205521.0,16134.0,175456.0
423452101,New Holding,HELMERICH & PAYNE INC,,,1548.0,22960.0,,
084670702,Sold Out,BERKSHIRE HATHAWAY INC DEL,3454.0,25000.0,,,,
H84989104,Not New,TE CONNECTIVITY LTD,9900.0,156524.0,4485.0,81111.0,-5415.0,-75413.0
09247X101,Sold Out,BLACKROCK INC,328.0,1000.0,,,,
790849103,Not New,ST JUDE MED INC,468.0,7195.0,450.0,7491.0,-18.0,296.0
749227609,New Holding,RAIT FINANCIAL TRUST,,,113.0,14721.0,,
703481101,Not New,PATTERSON UTI ENERGY INC,4727.0,284914.0,5688.0,174862.0,961.0,-110052.0
703481101,Not New,PATTERSON UTI ENERGY INC,3700.0,223000.0,5688.0,174862.0,1988.0,-48138.0
88031M109,New Holding,TENARIS S A,,,604.0,20000.0,,
97382A101,New Holding,WINDSTREAM HLDGS INC,,,208.0,25300.0,,
92343V104,Sold Out,VERIZON COMMUNICATIONS INC,3541.0,70830.0,,,,
78464A730,Not New,SPDR SERIES TRUST,327.0,6822.0,626.0,9100.0,299.0,2278.0
78464A730,Not New,SPDR SERIES TRUST,327.0,6822.0,3442.0,50000.0,3115.0,43178.0
78464A730,Not New,SPDR SERIES TRUST,4307.0,90000.0,626.0,9100.0,-3681.0,-80900.0
78464A730,Not New,SPDR SERIES TRUST,4307.0,90000.0,3442.0,50000.0,-865.0,-40000.0
84860WAA0,Sold Out,SPIRIT RLTY CAP INC NEW,3696.0,3637000.0,,,,
675232102,New Holding,OCEANEERING INTL INC,,,4513.0,76744.0,,
026874784,Not New,AMERICAN INTL GROUP INC,8049.0,143700.0,1080.0,20000.0,-6969.0,-123700.0
G3157S106,New Holding,ENSCO PLC,,,2383.0,79558.0,,
29265N108,New Holding,ENERGEN CORP,,,3190.0,50027.0,,
75281A109,Sold Out,RANGE RES CORP,661.0,9751.0,,,,
83416T100,Sold Out,SOLARCITY CORP,2759.0,46300.0,,,,
87164P103,Not New,SYNERGY RES CORP,10067.0,802774.0,604.0,49529.0,-9463.0,-753245.0
01988PAD0,New Holding,ALLSCRIPTS HEALTHCARE SOLUTN,,,8108.0,6151000.0,,
78112V102,New Holding,RUBICON PROJ INC,,,2018.0,125000.0,,
45666Q102,Sold Out,INFORMATICA CORP,3379.0,98697.0,,,,
881569AA5,Not New,TESARO INC,23150.0,18018000.0,15071.0,14500000.0,-8079.0,-3518000.0
315616102,New Holding,F5 NETWORKS INC,,,512.0,3928.0,,
89674K103,Sold Out,TRIQUINT SEMICONDUCTOR INC,7188.0,376938.0,,,,
74973W107,Sold Out,RTI INTL METALS INC,986.0,40000.0,,,,
205826209,Sold Out,COMTECH TELECOMMUNICATIONS C,645.0,17351.0,,,,
H8817H100,New Holding,TRANSOCEAN LTD,,,4033.0,220000.0,,
H8817H100,New Holding,TRANSOCEAN LTD,,,1833.0,100000.0,,
H8817H100,New Holding,TRANSOCEAN LTD,,,7332.0,400000.0,,
759509102,Sold Out,RELIANCE STEEL & ALUMINUM CO,2223.0,32500.0,,,,
500600101,Sold Out,KOPIN CORP,282.0,82925.0,,,,
205638109,Sold Out,COMPUWARE CORP,247.0,23300.0,,,,
25960P109,New Holding,DOUGLAS EMMETT INC,,,4260.0,150000.0,,
34354P105,Not New,FLOWSERVE CORP,927.0,15490.0,2608.0,36987.0,1681.0,21497.0
85207U105,Not New,SPRINT CORP,830.0,200000.0,1268.0,200000.0,438.0,0.0
681936100,Sold Out,OMEGA HEALTHCARE INVS INC,5529.0,161700.0,,,,
101121101,Not New,BOSTON PROPERTIES INC,6435.0,50000.0,14483.0,125112.0,8048.0,75112.0
293792107,Sold Out,ENTERPRISE PRODS PARTNERS L,526.0,13050.0,,,,
74348TAK8,Sold Out,PROSPECT CAPITAL CORPORATION,1052.0,1000000.0,,,,
427866108,New Holding,HERSHEY CO,,,471.0,4536.0,,
02376R102,Not New,AMERICAN AIRLS GROUP INC,1721.0,32095.0,2502.0,70531.0,781.0,38436.0
02376R102,Not New,AMERICAN AIRLS GROUP INC,2682.0,50000.0,2502.0,70531.0,-180.0,20531.0
902494301,Sold Out,TYSON FOODS INC,18585.0,369050.0,,,,
194162103,Sold Out,COLGATE PALMOLIVE CO,247.0,3784.0,,,,
857477103,Sold Out,STATE STR CORP,3601.0,48914.0,,,,
204166102,Sold Out,COMMVAULT SYSTEMS INC,3150.0,62500.0,,,,
570759100,Sold Out,MARKWEST ENERGY PARTNERS L P,359.0,4668.0,,,,
464287739,Not New,ISHARES TR,17555.0,228460.0,7114.0,102800.0,-10441.0,-125660.0
464287739,Not New,ISHARES TR,17555.0,228460.0,4909.0,70944.0,-12646.0,-157516.0
97717W851,New Holding,WISDOMTREE TR,,,6562.0,133300.0,,
092113109,Sold Out,BLACK HILLS CORP,261.0,5460.0,,,,
40412C101,Sold Out,HCA HOLDINGS INC,1705.0,24182.0,,,,
14170T101,New Holding,CAREFUSION CORP,,,18484.0,311488.0,,
984249607,Sold Out,YRC WORLDWIDE INC,1321.0,65000.0,,,,
N72482107,New Holding,QIAGEN NV,,,559.0,23820.0,,
03073E105,Not New,AMERISOURCEBERGEN CORP,314.0,3479.0,241.0,3113.0,-73.0,-366.0
58319PAC2,Sold Out,MEADOWBROOK INS GROUP INC,1527.0,1500000.0,,,,
861642106,Sold Out,STONE ENERGY CORP,508.0,16200.0,,,,
74348TAM4,Not New,PROSPECT CAPITAL CORPORATION,590.0,2425000.0,1048.0,1000000.0,458.0,-1425000.0
G9019D104,New Holding,TRAVELPORT WORLDWIDE LTD,,,630.0,35000.0,,
459902102,Not New,INTERNATIONAL GAME TECHNOLOG,2926.0,169638.0,199.0,11801.0,-2727.0,-157837.0
751212101,Not New,RALPH LAUREN CORP,268.0,1446.0,2916.0,17704.0,2648.0,16258.0
68557K109,New Holding,ORBITZ WORLDWIDE INC,,,2798.0,340000.0,,
404030108,Sold Out,H & E EQUIPMENT SERVICES INC,201.0,5000.0,,,,
46429B598,New Holding,ISHARES TR,,,3594.0,120000.0,,
760759100,Sold Out,REPUBLIC SVCS INC,210.0,5373.0,,,,
443320106,New Holding,HUB GROUP INC,,,762.0,20000.0,,
013817101,Sold Out,ALCOA INC,11335.0,704473.0,,,,
52603A109,New Holding,LENDINGCLUB CORP,,,2024.0,80000.0,,
70159Q104,Not New,PARKWAY PPTYS INC,5057.0,275000.0,6949.0,370000.0,1892.0,95000.0
023135106,Not New,AMAZON COM INC,1715.0,5525.0,1612.0,5000.0,-103.0,-525.0
579780206,Sold Out,MCCORMICK & CO INC,806.0,12046.0,,,,
012653101,New Holding,ALBEMARLE CORP,,,2068.0,34390.0,,
38259P706,New Holding,GOOGLE INC,,,395.0,750.0,,
55261F104,New Holding,M & T BK CORP,,,4677.0,37230.0,,
98212B103,Not New,WPX ENERGY INC,928.0,79786.0,2385.0,99137.0,1457.0,19351.0
565849106,Not New,MARATHON OIL CORP,5488.0,193996.0,2540.0,67565.0,-2948.0,-126431.0
056752108,New Holding,BAIDU INC,,,1834.0,8044.0,,
00766T100,Sold Out,AECOM TECHNOLOGY CORP DELAWA,2990.0,88578.0,,,,
452327109,Not New,ILLUMINA INC,3249.0,17600.0,1164.0,7100.0,-2085.0,-10500.0
644535106,Sold Out,NEW GOLD INC CDA,4545.0,900000.0,,,,
74733V100,Not New,QEP RES INC,1902.0,94055.0,1320.0,42874.0,-582.0,-51181.0
74733V100,Not New,QEP RES INC,1902.0,94055.0,853.0,27700.0,-1049.0,-66355.0
88033G407,New Holding,TENET HEALTHCARE CORP,,,721.0,14228.0,,
359694106,Sold Out,FULLER H B CO,1683.0,42400.0,,,,
359694106,Sold Out,FULLER H B CO,3561.0,89700.0,,,,
629209305,Not New,NMI HLDGS INC,1569.0,171830.0,6971.0,805863.0,5402.0,634033.0
20030N101,New Holding,COMCAST CORP NEW,,,229.0,3940.0,,
674215108,New Holding,OASIS PETE INC NEW,,,2575.0,155660.0,,
402635304,Not New,GULFPORT ENERGY CORP,3955.0,94746.0,1480.0,27707.0,-2475.0,-67039.0
233153204,New Holding,DCT INDUSTRIAL TRUST INC,,,1961.0,55000.0,,
73935A104,New Holding,POWERSHARES QQQ TRUST,,,2065.0,20000.0,,
670346105,New Holding,NUCOR CORP,,,317.0,6471.0,,
38259P508,Not New,GOOGLE INC,5307.0,10000.0,3756.0,6383.0,-1551.0,-3617.0
232820100,New Holding,CYTEC INDS INC,,,2309.0,50000.0,,
69327R101,Not New,PDC ENERGY INC,4347.0,105324.0,861.0,17121.0,-3486.0,-88203.0
03762UAA3,Not New,APOLLO COML REAL EST FIN INC,2387.0,2378000.0,3015.0,2878000.0,628.0,500000.0
693475105,New Holding,PNC FINL SVCS GROUP INC,,,3780.0,41430.0,,
69318G106,New Holding,PBF ENERGY INC,,,1813.0,68042.0,,
035128206,New Holding,ANGLOGOLD ASHANTI LTD,,,1418.0,163000.0,,
57060U191,New Holding,MARKET VECTORS ETF TR,,,8980.0,250000.0,,
57060U191,New Holding,MARKET VECTORS ETF TR,,,6106.0,170000.0,,
G48833100,New Holding,WEATHERFORD INTL PLC,,,2765.0,241514.0,,
G48833100,New Holding,WEATHERFORD INTL PLC,,,3618.0,316000.0,,
464288851,New Holding,ISHARES,,,2329.0,11227.0,,
693718108,New Holding,PACCAR INC,,,3477.0,51120.0,,
384802104,Sold Out,GRAINGER W W INC,2062.0,8195.0,,,,
595112103,New Holding,MICRON TECHNOLOGY INC,,,498.0,14217.0,,
171798101,Not New,CIMAREX ENERGY CO,307.0,2899.0,3285.0,25960.0,2978.0,23061.0
499064103,New Holding,KNIGHT TRANSN INC,,,1010.0,30000.0,,
369550108,New Holding,GENERAL DYNAMICS CORP,,,2479.0,18010.0,,
693656100,Not New,PVH CORP,469.0,3660.0,287.0,2370.0,-182.0,-1290.0
35906A108,Not New,FRONTIER COMMUNICATIONS CORP,232.0,34755.0,144.0,22051.0,-88.0,-12704.0
83415T101,Not New,SOLAZYME INC,724.0,280481.0,2092.0,280481.0,1368.0,0.0
708160106,Not New,PENNEY J C INC,6480.0,1000000.0,10040.0,1000000.0,3560.0,0.0
053015103,Not New,AUTOMATIC DATA PROCESSING IN,2615.0,31367.0,2068.0,24893.0,-547.0,-6474.0
382550101,New Holding,GOODYEAR TIRE & RUBR CO,,,2571.0,90000.0,,
313747206,Sold Out,FEDERAL REALTY INVT TR,1132.0,9560.0,,,,
870738101,Sold Out,SWIFT ENERGY CO,489.0,50902.0,,,,
16115Q308,New Holding,CHART INDS INC,,,396.0,11576.0,,
863667101,New Holding,STRYKER CORP,,,273.0,2897.0,,
913903100,New Holding,UNIVERSAL HLTH SVCS INC,,,1736.0,15607.0,,
428236103,Not New,HEWLETT PACKARD CO,12156.0,302927.0,4387.0,123689.0,-7769.0,-179238.0
Y2573F102,New Holding,FLEXTRONICS INTL LTD,,,6296.0,563105.0,,
46625H100,Sold Out,JPMORGAN CHASE & CO,8320.0,138122.0,,,,
412822108,Sold Out,HARLEY DAVIDSON INC,282.0,4853.0,,,,
G50871105,Sold Out,JAZZ PHARMACEUTICALS PLC,1004.0,6250.0,,,,
140781105,Sold Out,CARBO CERAMICS INC,320.0,5400.0,,,,
G98290102,Sold Out,XL GROUP PLC,7607.0,229330.0,,,,
749941100,New Holding,RF MICRODEVICES INC,,,391.0,23551.0,,
02917R108,New Holding,AMER RLTY CAP HEALTHCAR TR I,,,422.0,35483.0,,
75972AAA1,Not New,RENEWABLE ENERGY GROUP INC,2534.0,2621000.0,577.0,500000.0,-1957.0,-2121000.0
038222105,Sold Out,APPLIED MATLS INC,3664.0,169533.0,,,,
34984V100,Not New,FORUM ENERGY TECHNOLOGIES IN,2280.0,110000.0,1990.0,65000.0,-290.0,-45000.0
478366107,New Holding,JOHNSON CTLS INC,,,8494.0,175706.0,,
31428X106,Not New,FEDEX CORP,6946.0,40000.0,1461.0,9047.0,-5485.0,-30953.0
583334107,Not New,MEADWESTVACO CORP,444.0,10000.0,774.0,18902.0,330.0,8902.0
835495102,Sold Out,SONOCO PRODS CO,797.0,20280.0,,,,
920355104,Not New,VALSPAR CORP,1730.0,20000.0,3687.0,46680.0,1957.0,26680.0
655844108,Sold Out,NORFOLK SOUTHERN CORP,828.0,7419.0,,,,
416515104,Not New,HARTFORD FINL SVCS GROUP INC,4343.0,104163.0,1118.0,30000.0,-3225.0,-74163.0
416515104,Not New,HARTFORD FINL SVCS GROUP INC,4343.0,104163.0,5402.0,145032.0,1059.0,40869.0
25490A309,Not New,DIRECTV,6708.0,77371.0,6159.0,71188.0,-549.0,-6183.0
733174700,Sold Out,POPULAR INC,736.0,25000.0,,,,
G0585R106,Sold Out,ASSURED GUARANTY LTD,3053.0,137750.0,,,,
00738A106,New Holding,ADTRAN INC,,,1308.0,60000.0,,
073302101,Sold Out,B/E AEROSPACE INC,5467.0,65125.0,,,,
29266R108,Not New,ENERGIZER HLDGS INC,550.0,4275.0,2191.0,17780.0,1641.0,13505.0
02005N100,Not New,ALLY FINL INC,1284.0,54366.0,40495.0,1750000.0,39211.0,1695634.0
02005N100,Not New,ALLY FINL INC,1284.0,54366.0,49895.0,2156216.0,48611.0,2101850.0
87264S106,Not New,TRW AUTOMOTIVE HLDGS CORP,16869.0,164018.0,4091.0,40402.0,-12778.0,-123616.0
78486Q101,Sold Out,SVB FINL GROUP,2242.0,20000.0,,,,
723484101,Not New,PINNACLE WEST CAP CORP,410.0,6000.0,404.0,7397.0,-6.0,1397.0
00182CAA1,New Holding,ANI PHARMACEUTICALS INC,,,1748.0,1660000.0,,
008252108,Sold Out,AFFILIATED MANAGERS GROUP,3319.0,16564.0,,,,
13342B105,New Holding,CAMERON INTERNATIONAL CORP,,,4319.0,86458.0,,
07317Q105,Not New,BAYTEX ENERGY CORP,356.0,21431.0,348.0,9200.0,-8.0,-12231.0
34959E109,New Holding,FORTINET INC,,,1296.0,42279.0,,
90184L102,Sold Out,TWITTER INC,4856.0,94138.0,,,,
031100100,Sold Out,AMETEK INC NEW,626.0,12462.0,,,,
393657101,New Holding,GREENBRIER COS INC,,,457.0,8503.0,,
443628102,Sold Out,HUDBAY MINERALS INC,2140.0,249992.0,,,,
20825C104,Not New,CONOCOPHILLIPS,1139.0,16492.0,706.0,9223.0,-433.0,-7269.0
526057104,Sold Out,LENNAR CORP,1143.0,29444.0,,,,
701094104,New Holding,PARKER HANNIFIN CORP,,,2579.0,20000.0,,
882508104,Not New,TEXAS INSTRS INC,373.0,6978.0,2992.0,62745.0,2619.0,55767.0
64976L109,Sold Out,NEW YORK REIT INC,490.0,47700.0,,,,
18911Q102,Sold Out,CLOUD PEAK ENERGY INC,379.0,30000.0,,,,
09228F103,New Holding,BLACKBERRY LTD,,,549.0,50000.0,,
617446448,Sold Out,MORGAN STANLEY,1037.0,30000.0,,,,
M6787E101,Sold Out,MAGICJACK VOCALTEC LTD,2775.0,281755.0,,,,
380956409,Not New,GOLDCORP INC NEW,2185.0,118000.0,5484.0,238111.0,3299.0,120111.0
760174102,New Holding,RENTRAK CORP,,,364.0,5001.0,,
024835100,Not New,AMERICAN CAMPUS CMNTYS INC,7755.0,187500.0,8620.0,236500.0,865.0,49000.0
