CUSIP,status,NAME OF ISSUER,(x$1000)_old,PRN AMT_old,(x$1000),PRN AMT,(x$1000)_change,PRN AMT_change
81762P102,New Holding,SERVICENOW INC,,,117378.0,600000.0,,
985817105,New Holding,YELP INC,,,29520.0,600000.0,,
25754A201,New Holding,DOMINOS PIZZA INC,,,58960.0,200000.0,,
36165L108,Not New,GDS HLDGS LTD,3513.0,100000.0,32072.0,800000.0,28559.0,700000.0
452327109,Not New,ILLUMINA INC,110118.0,300000.0,124133.0,444458.0,14015.0,144458.0
78462F103,Sold Out,SPDR S&P 500 ETF TR,169550.0,625000.0,,,,
007903107,New Holding,ADVANCED MICRO DEVICES INC,,,18534.0,600000.0,,
29786A106,Not New,ETSY INC,46242.0,900000.0,33594.0,796249.0,-12648.0,-103751.0
28176E108,New Holding,EDWARDS LIFESCIENCES CORP,,,34820.0,200000.0,,
77543R102,Not New,ROKU INC,73030.0,1000000.0,27073.0,635207.0,-45957.0,-364793.0
983793100,New Holding,XPO LOGISTICS INC,,,47951.0,420000.0,,
05464C101,Sold Out,AXON ENTERPRISE INC,7582.0,120000.0,,,,
64110L106,Not New,NETFLIX INC,71085.0,190000.0,39143.0,100000.0,-31942.0,-90000.0
016255101,Not New,ALIGN TECHNOLOGY INC,60639.0,155000.0,25661.0,75000.0,-34978.0,-80000.0
252131107,New Holding,DEXCOM INC,,,32184.0,225000.0,,
30744W107,New Holding,FARFETCH LTD,,,3268.0,120000.0,,
852234103,Not New,SQUARE INC,99010.0,1000000.0,61640.0,1000000.0,-37370.0,0.0
052769106,New Holding,AUTODESK INC,,,34344.0,220000.0,,
70432V102,New Holding,PAYCOM SOFTWARE INC,,,7771.0,50000.0,,
72703H101,Not New,PLANET FITNESS INC,32418.0,600000.0,1592.0,36224.0,-30826.0,-563776.0
443573100,New Holding,HUBSPOT INC,,,13585.0,90000.0,,
22160N109,Not New,COSTAR GROUP INC,27355.0,65000.0,45389.0,110000.0,18034.0,45000.0
72582H107,Sold Out,PIVOTAL SOFTWARE INC,14562.0,600000.0,,,,
92826C839,Not New,VISA INC,33770.0,225000.0,46357.0,350000.0,12587.0,125000.0
78486Q101,Not New,SVB FINL GROUP,83924.0,270000.0,25988.0,90000.0,-57936.0,-180000.0
29414B104,New Holding,EPAM SYS INC,,,41310.0,300000.0,,
82509L107,New Holding,SHOPIFY INC,,,29603.0,180000.0,,
98585N106,New Holding,YEXT INC,,,23700.0,1000000.0,,
40171V100,Sold Out,GUIDEWIRE SOFTWARE INC,31073.0,350000.0,,,,
30303M102,Sold Out,FACEBOOK INC,116592.0,600000.0,,,,
400110102,Not New,GRUBHUB INC,58220.0,420000.0,35669.0,340000.0,-22551.0,-80000.0
94419L101,Not New,WAYFAIR INC,88602.0,600000.0,51839.0,436506.0,-36763.0,-163494.0
138035100,New Holding,CANOPY GROWTH CORP,,,21888.0,450000.0,,
875372203,New Holding,TANDEM DIABETES CARE INC,,,24419.0,570000.0,,
78464A730,Not New,SPDR SERIES TRUST,64935.0,1500000.0,51672.0,1200000.0,-13263.0,-300000.0
860897107,Not New,STITCH FIX INC,61278.0,1400000.0,27440.0,1000000.0,-33838.0,-400000.0
64829B100,Sold Out,NEW RELIC INC,4899.0,48700.0,,,,
126408103,Not New,CSX CORP,44430.0,600000.0,28701.0,450000.0,-15729.0,-150000.0
146869102,New Holding,CARVANA CO,,,11818.0,200000.0,,
30063P105,Not New,EXACT SCIENCES CORP,57217.0,725000.0,17937.0,300000.0,-39280.0,-425000.0
922475108,Not New,VEEVA SYS INC,29939.0,275000.0,30744.0,400000.0,805.0,125000.0
90384S303,New Holding,ULTA BEAUTY INC,,,108616.0,385000.0,,
003654100,New Holding,ABIOMED INC,,,67463.0,150000.0,,
46090E103,Not New,INVESCO QQQ TR,4500503.0,24223600.0,1390880.0,8103000.0,-3109623.0,-16120600.0
46120E602,New Holding,INTUITIVE SURGICAL INC,,,57400.0,100000.0,,
871607107,New Holding,SYNOPSYS INC,,,24653.0,250000.0,,
163092109,Not New,CHEGG INC,51174.0,1800000.0,50560.0,1819352.0,-614.0,19352.0
67066G104,New Holding,NVIDIA CORP,,,49179.0,175000.0,,
L8681T102,Not New,SPOTIFY TECHNOLOGY S A,39783.0,220000.0,73184.0,435000.0,33401.0,215000.0
824348106,New Holding,SHERWIN WILLIAMS CO,,,45521.0,100000.0,,
886547108,Not New,TIFFANY & CO NEW,33532.0,260000.0,121072.0,920000.0,87540.0,660000.0
090572207,Sold Out,BIO RAD LABS INC,23658.0,81993.0,,,,
819047101,Not New,SHAKE SHACK INC,12602.0,200000.0,31436.0,475000.0,18834.0,275000.0
023135106,Not New,AMAZON COM INC,90135.0,45000.0,118986.0,70000.0,28851.0,25000.0
141788109,New Holding,CARGURUS INC,,,33414.0,600000.0,,
67059N108,Sold Out,NUTANIX INC,10314.0,200000.0,,,,
01609W102,Sold Out,ALIBABA GROUP HLDG LTD,37106.0,200000.0,,,,
594918104,Not New,MICROSOFT CORP,68622.0,600000.0,83819.0,850000.0,15197.0,250000.0
45841N107,Sold Out,INTERACTIVE BROKERS GROUP IN,19323.0,300000.0,,,,
98138H101,New Holding,WORKDAY INC,,,102186.0,700000.0,,
550021109,Not New,LULULEMON ATHLETICA INC,81245.0,500000.0,43698.0,350000.0,-37547.0,-150000.0
79466L302,Not New,SALESFORCE COM INC,87467.0,550000.0,68200.0,500000.0,-19267.0,-50000.0
256163106,Not New,DOCUSIGN INC,15771.0,300000.0,13502.0,255000.0,-2269.0,-45000.0
00724F101,Not New,ADOBE SYS INC,13498.0,50000.0,51200.0,210000.0,37702.0,160000.0
