CUSIP,status,NAME OF ISSUER,(x$1000)_old,PRN AMT_old,(x$1000),PRN AMT,(x$1000)_change,PRN AMT_change
79466L302,Not New,SALESFORCE COM INC,34230.0,500000.0,10700.0,150000.0,-23530.0,-350000.0
79466L302,Not New,SALESFORCE COM INC,17116.0,250000.0,10700.0,150000.0,-6416.0,-100000.0
76131D103,Not New,RESTAURANT BRANDS INTL INC,57192.0,1200000.0,62412.0,1400000.0,5220.0,200000.0
78462F103,Not New,SPDR S&P 500 ETF TR,82930.0,371000.0,279460.0,1292000.0,196530.0,921000.0
464287432,Sold Out,ISHARES TR,113446.0,825000.0,,,,
235851102,Not New,DANAHER CORP DEL,31136.0,400000.0,70551.0,900000.0,39415.0,500000.0
81211K100,New Holding,SEALED AIR CORP NEW,,,49874.0,1100000.0,,
608190104,Not New,MOHAWK INDS INC,139776.0,700000.0,120204.0,600000.0,-19572.0,-100000.0
98954M200,New Holding,ZILLOW GROUP INC,,,3465.0,95000.0,,
20030N101,New Holding,COMCAST CORP NEW,,,138100.0,2000000.0,,
931142103,Sold Out,WAL-MART STORES INC,34618.0,480000.0,,,,
58155Q103,Sold Out,MCKESSON CORP,70035.0,420000.0,,,,
69840W108,Sold Out,PANERA BREAD CO,27261.0,140000.0,,,,
217204106,Sold Out,COPART INC,21478.0,401000.0,,,,
G0084W101,New Holding,ADIENT PLC,,,58600.0,1000000.0,,
339041105,Not New,FLEETCOR TECHNOLOGIES INC,70760.0,500000.0,86865.0,500000.0,16105.0,0.0
98936J101,New Holding,ZENDESK INC,,,4240.0,200000.0,,
78573M104,Sold Out,SABRE CORP,70450.0,2500000.0,,,,
43300A104,New Holding,HILTON WORLDWIDE HLDGS INC,,,20400.0,750000.0,,
74005P104,New Holding,PRAXAIR INC,,,128909.0,1100000.0,,
92826C839,Not New,VISA INC,54614.0,700000.0,165400.0,2000000.0,110786.0,1300000.0
044186104,Not New,ASHLAND GLOBAL HLDGS INC,60110.0,550000.0,86963.0,750000.0,26853.0,200000.0
82509L107,Not New,SHOPIFY INC,17148.0,400000.0,13091.0,305000.0,-4057.0,-95000.0
16119P108,Sold Out,CHARTER COMMUNICATIONS INC N,128236.0,475000.0,,,,
14149Y108,Sold Out,CARDINAL HEALTH INC,33411.0,430000.0,,,,
445658107,Sold Out,HUNT J B TRANS SVCS INC,73026.0,900000.0,,,,
741503403,Sold Out,PRICELINE GRP INC,51502.0,35000.0,,,,
75886F107,Sold Out,REGENERON PHARMACEUTICALS,16081.0,40000.0,,,,
03073E105,Not New,AMERISOURCEBERGEN CORP,297122.0,3800000.0,323120.0,4000000.0,25998.0,200000.0
872590104,New Holding,T MOBILE US INC,,,25880.0,450000.0,,
30212P303,New Holding,EXPEDIA INC DEL,,,33984.0,300000.0,,
609207105,New Holding,MONDELEZ INTL INC,,,53196.0,1200000.0,,
03524A108,Not New,ANHEUSER BUSCH INBEV SA/NV,42176.0,400000.0,105128.0,800000.0,62952.0,400000.0
02079K305,Not New,ALPHABET INC,142641.0,180000.0,168853.0,210000.0,26212.0,30000.0
278642103,New Holding,EBAY INC,,,44535.0,1500000.0,,
60871R209,Not New,MOLSON COORS BREWING CO,87579.0,900000.0,131760.0,1200000.0,44181.0,300000.0
61166W101,New Holding,MONSANTO CO NEW,,,52605.0,500000.0,,
30303M102,Not New,FACEBOOK INC,115050.0,1000000.0,218059.0,1700000.0,103009.0,700000.0
30303M102,Not New,FACEBOOK INC,63278.0,550000.0,218059.0,1700000.0,154781.0,1150000.0
03027X100,Sold Out,AMERICAN TOWER CORP NEW,113330.0,1000000.0,,,,
824348106,Not New,SHERWIN WILLIAMS CO,161244.0,600000.0,177062.0,640000.0,15818.0,40000.0
12504L109,New Holding,CBRE GROUP INC,,,44086.0,1400000.0,,
023135106,Not New,AMAZON COM INC,164971.0,220000.0,234447.0,280000.0,69476.0,60000.0
023135106,Not New,AMAZON COM INC,164971.0,220000.0,234447.0,280000.0,69476.0,60000.0
929160109,Sold Out,VULCAN MATLS CO,22746.0,200000.0,,,,
61174X109,Not New,MONSTER BEVERAGE CORP NEW,31038.0,700000.0,44043.0,300000.0,13005.0,-400000.0
46625H100,New Holding,JPMORGAN CHASE & CO,,,103548.0,1200000.0,,
03965L100,New Holding,ARCONIC INC,,,64890.0,3500000.0,,
09531U102,Not New,BLUE BUFFALO PET PRODS INC,79332.0,3300000.0,85536.0,3600000.0,6204.0,300000.0
G47567105,Not New,IHS MARKIT LTD,84984.0,2400000.0,112650.0,3000000.0,27666.0,600000.0
513272104,New Holding,LAMB WESTON HLDGS INC,,,20571.0,543500.0,,
00724F101,New Holding,ADOBE SYS INC,,,41180.0,400000.0,,
