CUSIP,status,NAME OF ISSUER,(x$1000)_old,PRN AMT_old,(x$1000),PRN AMT,(x$1000)_change,PRN AMT_change
056752108,Sold Out,BAIDU INC,37808.0,200000.0,,,,
056752108,Sold Out,BAIDU INC,37808.0,200000.0,,,,
461202103,Sold Out,INTUIT,9650.0,100000.0,,,,
29413U103,Not New,ENVISION HEALTHCARE HLDGS IN,65280.0,3200000.0,77910.0,3000000.0,12630.0,-200000.0
78462F103,Sold Out,SPDR S&P 500 ETF TR,203870.0,1000000.0,,,,
87612E106,Sold Out,TARGET CORP,32675.0,450000.0,,,,
169656105,New Holding,CHIPOTLE MEXICAN GRILL INC,,,122452.0,260000.0,,
451734107,Not New,IHS INC,161408.0,1300000.0,142116.0,1200000.0,-19292.0,-100000.0
608190104,Not New,MOHAWK INDS INC,133630.0,700000.0,113634.0,600000.0,-19996.0,-100000.0
20030N101,Not New,COMCAST CORP NEW,134376.0,2200000.0,84645.0,1500000.0,-49731.0,-700000.0
88160R101,Sold Out,TESLA MTRS INC,7200.0,30000.0,,,,
143130102,Sold Out,CARMAX INC,16191.0,300000.0,,,,
931142103,Sold Out,WAL-MART STORES INC,42910.0,700000.0,,,,
69840W108,Not New,PANERA BREAD CO,107536.0,525000.0,138294.0,710000.0,30758.0,185000.0
052769106,New Holding,AUTODESK INC,,,89685.0,1538064.0,,
339041105,Not New,FLEETCOR TECHNOLOGIES INC,163625.0,1100000.0,135784.0,950000.0,-27841.0,-150000.0
78573M104,New Holding,SABRE CORP,,,31812.0,1100000.0,,
70450Y103,Not New,PAYPAL HLDGS INC,127380.0,3300000.0,213580.0,5900000.0,86200.0,2600000.0
177376100,Sold Out,CITRIX SYS INC,7565.0,100000.0,,,,
91911K102,Sold Out,VALEANT PHARMACEUTICALS INTL,81320.0,800000.0,,,,
983134107,New Holding,WYNN RESORTS LTD,,,70073.0,750000.0,,
94419L101,Not New,WAYFAIR INC,15559.0,360000.0,42858.0,900000.0,27299.0,540000.0
03073E105,Not New,AMERISOURCEBERGEN CORP,501990.0,5800000.0,217791.0,2100000.0,-284199.0,-3700000.0
88023U101,Not New,TEMPUR SEALY INTL INC,91185.0,1500000.0,81029.0,1150000.0,-10156.0,-350000.0
90184L102,New Holding,TWITTER INC,,,6852.0,414000.0,,
98978V103,Sold Out,ZOETIS INC,119800.0,2500000.0,,,,
02079K305,Not New,ALPHABET INC,125879.0,165000.0,155602.0,200000.0,29723.0,35000.0
02079K305,Not New,ALPHABET INC,125879.0,165000.0,77801.0,100000.0,-48078.0,-65000.0
16117M305,New Holding,CHARTER COMMUNICATIONS INC D,,,85021.0,420000.0,,
47215P106,Sold Out,JD COM INC,90342.0,2800000.0,,,,
60871R209,Not New,MOLSON COORS BREWING CO,182742.0,1900000.0,187840.0,2000000.0,5098.0,100000.0
53578A108,Sold Out,LINKEDIN CORP,18006.0,80000.0,,,,
61166W101,Not New,MONSANTO CO NEW,39483.0,450000.0,118224.0,1200000.0,78741.0,750000.0
30303M102,Not New,FACEBOOK INC,159740.0,1400000.0,78495.0,750000.0,-81245.0,-650000.0
30303M102,Not New,FACEBOOK INC,159740.0,1400000.0,83728.0,800000.0,-76012.0,-600000.0
G0177J108,Not New,ALLERGAN PLC,134015.0,500000.0,156250.0,500000.0,22235.0,0.0
68389X105,New Holding,ORACLE CORP,,,15750.0,385000.0,,
824348106,New Holding,SHERWIN WILLIAMS CO,,,185036.0,650000.0,,
855244109,New Holding,STARBUCKS CORP,,,41790.0,700000.0,,
22160K105,Sold Out,COSTCO WHSL CORP NEW,37145.0,230000.0,,,,
500754106,Not New,KRAFT HEINZ CO,86416.0,1100000.0,145520.0,2000000.0,59104.0,900000.0
023135106,Not New,AMAZON COM INC,296820.0,500000.0,114901.0,170000.0,-181919.0,-330000.0
023135106,Not New,AMAZON COM INC,296820.0,500000.0,38864.0,57500.0,-257956.0,-442500.0
69370C100,Sold Out,PTC INC,38093.0,1100000.0,,,,
61174X109,Sold Out,MONSTER BEVERAGE CORP NEW,67032.0,450000.0,,,,
594918104,Not New,MICROSOFT CORP,110460.0,2000000.0,277400.0,5000000.0,166940.0,3000000.0
81369Y209,New Holding,SELECT SECTOR SPDR TR,,,189533.0,2796300.0,,
00846U101,Sold Out,AGILENT TECHNOLOGIES INC,20905.0,500000.0,,,,
742718109,Sold Out,PROCTER & GAMBLE CO,39705.0,500000.0,,,,
09531U102,Not New,BLUE BUFFALO PET PRODS INC,89810.0,3500000.0,45840.0,2450000.0,-43970.0,-1050000.0
52729N308,Not New,LEVEL 3 COMMUNICATIONS INC,126840.0,2400000.0,125028.0,2300000.0,-1812.0,-100000.0
