CUSIP,status,NAME OF ISSUER,(x$1000)_old,PRN AMT_old,(x$1000),PRN AMT,(x$1000)_change,PRN AMT_change
79466L302,New Holding,SALESFORCE COM INC,,,10700.0,150000.0,,
76131D103,Not New,RESTAURANT BRANDS INTL INC,62412.0,1400000.0,10400.0,250000.0,-52012.0,-1150000.0
78462F103,Not New,SPDR S&P 500 ETF TR,279460.0,1292000.0,544635.0,2600000.0,265175.0,1308000.0
78462F103,Not New,SPDR S&P 500 ETF TR,279460.0,1292000.0,185385.0,885000.0,-94075.0,-407000.0
464287432,New Holding,ISHARES TR,,,113446.0,825000.0,,
235851102,Not New,DANAHER CORP DEL,70551.0,900000.0,73225.0,725000.0,2674.0,-175000.0
78409V104,Sold Out,S&P GLOBAL INC,13408.0,125000.0,,,,
608190104,Not New,MOHAWK INDS INC,120204.0,600000.0,151808.0,800000.0,31604.0,200000.0
451734107,Sold Out,IHS INC,127171.0,1100000.0,,,,
966244105,Sold Out,WHITEWAVE FOODS CO,14082.0,300000.0,,,,
20030N101,Sold Out,COMCAST CORP NEW,176013.0,2700000.0,,,,
931142103,New Holding,WAL-MART STORES INC,,,34618.0,480000.0,,
58155Q103,Not New,MCKESSON CORP,70035.0,420000.0,111990.0,600000.0,41955.0,180000.0
69840W108,Not New,PANERA BREAD CO,27261.0,140000.0,50866.0,240000.0,23605.0,100000.0
73935A104,Sold Out,POWERSHARES QQQ TRUST,365636.0,3400000.0,,,,
217204106,New Holding,COPART INC,,,21478.0,401000.0,,
339041105,Not New,FLEETCOR TECHNOLOGIES INC,86865.0,500000.0,71565.0,500000.0,-15300.0,0.0
78573M104,Not New,SABRE CORP,70450.0,2500000.0,72333.0,2700000.0,1883.0,200000.0
92826C839,Not New,VISA INC,165400.0,2000000.0,103838.0,1400000.0,-61562.0,-600000.0
044186104,New Holding,ASHLAND GLOBAL HLDGS INC,,,86963.0,750000.0,,
82509L107,New Holding,SHOPIFY INC,,,13091.0,305000.0,,
044209104,Sold Out,ASHLAND INC NEW,57385.0,500000.0,,,,
16119P108,Not New,CHARTER COMMUNICATIONS INC N,128236.0,475000.0,114320.0,500000.0,-13916.0,25000.0
445658107,New Holding,HUNT J B TRANS SVCS INC,,,73026.0,900000.0,,
14149Y108,New Holding,CARDINAL HEALTH INC,,,33411.0,430000.0,,
741503403,New Holding,PRICELINE GRP INC,,,51502.0,35000.0,,
75886F107,New Holding,REGENERON PHARMACEUTICALS,,,16081.0,40000.0,,
03073E105,Not New,AMERISOURCEBERGEN CORP,323120.0,4000000.0,317280.0,4000000.0,-5840.0,0.0
03524A108,New Holding,ANHEUSER BUSCH INBEV SA/NV,,,105128.0,800000.0,,
02079K305,Not New,ALPHABET INC,168853.0,210000.0,77388.0,110000.0,-91465.0,-100000.0
681116109,Sold Out,OLLIES BARGAIN OUTLT HLDGS I,22401.0,900000.0,,,,
60871R209,Not New,MOLSON COORS BREWING CO,131760.0,1200000.0,164336.0,1625000.0,32576.0,425000.0
03027X100,Not New,AMERICAN TOWER CORP NEW,113330.0,1000000.0,136332.0,1200000.0,23002.0,200000.0
30303M102,Not New,FACEBOOK INC,218059.0,1700000.0,125708.0,1100000.0,-92351.0,-600000.0
887317303,Sold Out,TIME WARNER INC,73540.0,1000000.0,,,,
824348106,Not New,SHERWIN WILLIAMS CO,177062.0,640000.0,190886.0,650000.0,13824.0,10000.0
855244109,Sold Out,STARBUCKS CORP,98532.0,1725000.0,,,,
500754106,Sold Out,KRAFT HEINZ CO,97328.0,1100000.0,,,,
023135106,Not New,AMAZON COM INC,234447.0,280000.0,221842.0,310000.0,-12605.0,30000.0
78463V107,Sold Out,SPDR GOLD TRUST,73353.0,580000.0,,,,
929160109,New Holding,VULCAN MATLS CO,,,22746.0,200000.0,,
61174X109,New Holding,MONSTER BEVERAGE CORP NEW,,,44043.0,300000.0,,
988498101,Sold Out,YUM BRANDS INC,91212.0,1100000.0,,,,
09531U102,Not New,BLUE BUFFALO PET PRODS INC,85536.0,3600000.0,84024.0,3600000.0,-1512.0,0.0
G47567105,New Holding,IHS MARKIT LTD,,,112650.0,3000000.0,,
52729N308,Sold Out,LEVEL 3 COMMUNICATIONS INC,123576.0,2400000.0,,,,
