CUSIP,status,NAME OF ISSUER,(x$1000)_old,PRN AMT_old,(x$1000),PRN AMT,(x$1000)_change,PRN AMT_change
056752108,New Holding,BAIDU INC,,,201474.0,1466226.0,,
025816109,Not New,AMERICAN EXPRESS CO,298728.0,4029792.0,104616.0,1346069.0,-194112.0,-2683723.0
88732J207,Not New,TIME WARNER CABLE INC,2977504.0,16599787.0,2957584.0,16599787.0,-19920.0,0.0
20030N101,Not New,COMCAST CORP NEW,1187664.0,20880160.0,808652.0,13446161.0,-379012.0,-7433999.0
615369105,Not New,MOODYS CORP,382401.0,3894104.0,420407.0,3894104.0,38006.0,0.0
023139884,Not New,AMBAC FINL GROUP INC,28734.0,1985785.0,33043.0,1985785.0,4309.0,0.0
