CUSIP,status,NAME OF ISSUER,(x$1000)_old,PRN AMT_old,(x$1000),PRN AMT,(x$1000)_change,PRN AMT_change
85207U105,New Holding,SPRINT CORPORATION,,,54996.0,6380000.0,,
64110L106,New Holding,NETFLIX INC,,,95753.0,255000.0,,
88160R101,New Holding,TESLA INC,,,22008.0,42000.0,,
949746101,New Holding,WELLS FARGO CO NEW,,,20090.0,700000.0,,
18539C105,Sold Out,CLEARWAY ENERGY INC,2609.0,136462.0,,,,
69331C108,Not New,PG&E CORP,101947.0,11340000.0,189138.0,17400000.0,87191.0,6060000.0
16411R208,Sold Out,CHENIERE ENERGY INC,25039.0,410000.0,,,,
101137107,New Holding,BOSTON SCIENTIFIC CORP,,,3752.0,115000.0,,
L5140P101,Not New,INTELSAT S A,15524.0,10146300.0,20282.0,2885019.0,4758.0,-7261281.0
92840M102,Not New,VISTRA ENERGY CORP,19312.0,1210000.0,39522.0,1719100.0,20210.0,509100.0
958669103,New Holding,WESTERN MIDSTREAM PARTNERS L,,,1280.0,395101.0,,
747525103,New Holding,QUALCOMM INC,,,37681.0,557000.0,,
40412C101,New Holding,HCA HEALTHCARE INC,,,25607.0,285000.0,,
595112103,Not New,MICRON TECHNOLOGY INC,372652.0,8860000.0,435618.0,8100000.0,62966.0,-760000.0
444859102,Not New,HUMANA INC,18527.0,59000.0,27489.0,75000.0,8962.0,16000.0
29273V100,Not New,ENERGY TRANSFER LP,74928.0,16288665.0,144094.0,11231053.0,69166.0,-5057612.0
872590104,Not New,T MOBILE US INC,64603.0,770000.0,54894.0,700000.0,-9709.0,-70000.0
90184L102,New Holding,TWITTER INC,,,135817.0,5530000.0,,
127686103,Sold Out,CAESARS ENTMT CORP,136680.0,10050000.0,,,,
30303M102,Not New,FACEBOOK INC,402488.0,2413000.0,579831.0,2825000.0,177343.0,412000.0
G0177J108,Not New,ALLERGAN PLC,123085.0,695000.0,247565.0,1295000.0,124480.0,600000.0
45790VAB6,New Holding,INTELSAT S A,,,5502.0,25000000.0,,
127686AA1,Sold Out,CAESARS ENTMT CORP,38775.0,20000000.0,,,,
382550101,New Holding,GOODYEAR TIRE & RUBR CO,,,19602.0,3368000.0,,
02079K107,Not New,ALPHABET INC,419774.0,361000.0,588289.0,440000.0,168515.0,79000.0
11135F101,Not New,BROADCOM INC,55244.0,233000.0,86906.0,275000.0,31662.0,42000.0
023135106,Not New,AMAZON COM INC,487430.0,250000.0,538645.0,291500.0,51215.0,41500.0
11135F200,Sold Out,BROADCOM INC,2945.0,2500.0,,,,
18539C204,Sold Out,CLEARWAY ENERGY INC,8844.0,443295.0,,,,
91324P102,Not New,UNITEDHEALTH GROUP INC,62345.0,250000.0,88194.0,300000.0,25849.0,50000.0
00162Q866,Not New,ALPS ETF TR,20778.0,6040000.0,55675.0,6550000.0,34897.0,510000.0
81369Y886,New Holding,SELECT SECTOR SPDR TR,,,15044.0,271500.0,,
01609W102,Not New,ALIBABA GROUP HLDG LTD,440497.0,2265000.0,509040.0,2400000.0,68543.0,135000.0
46138G508,New Holding,INVESCO EXCHANGE-TRADED FD T,,,3069.0,150000.0,,
594918104,New Holding,MICROSOFT CORP,,,14194.0,90000.0,,
79466L302,Not New,SALESFORCE COM INC,67023.0,465500.0,81320.0,500000.0,14297.0,34500.0
00724F101,Not New,ADOBE INC,70968.0,223000.0,79154.0,240000.0,8186.0,17000.0
