CUSIP,status,NAME OF ISSUER,(x$1000)_old,PRN AMT_old,(x$1000),PRN AMT,(x$1000)_change,PRN AMT_change
68248T105,New Holding,OneConnect Finl Technology C,,,44578.0,4444444.0,,
90353T100,Not New,Uber Technologies Inc.,6609066.0,222228178.0,10306943.0,222228178.0,3697877.0,0.0
40131M109,Not New,Guardant Health Inc.,1793349.0,22950460.0,2404330.0,27850460.0,610981.0,4900000.0
83088V102,New Holding,Slack Technologies,,,392458.0,17458101.0,,
92764N102,New Holding,VIR Biotechnology Inc.,,,284405.0,22616666.0,,
