CUSIP,status,NAME OF ISSUER,(x$1000)_old,PRN AMT_old,(x$1000),PRN AMT,(x$1000)_change,PRN AMT_change
037833100,New Holding,APPLE INC,,,28614.0,127759.0,,
60770K107,New Holding,MODERNA INC,,,15577.0,978434.0,,
87808K106,New Holding,TCR2 THERAPEUTICS INC,,,4853.0,322903.0,,
03969F109,Not New,ARCUS BIOSCIENCES INC,6981.0,767128.0,3379.0,425000.0,-3602.0,-342128.0
44332N106,New Holding,HUAZHU GROUP LTD,,,20191.0,611490.0,,
36255F110,New Holding,GS ACQUISITION HLDGS CORP,,,453.0,333333.0,,
109199109,Not New,BRIGHT SCHOLAR ED HLDGS LTD,38543.0,3985797.0,36111.0,3985797.0,-2432.0,0.0
90353T100,New Holding,UBER TECHNOLOGIES INC,,,375589.0,12326519.0,,
03753U106,Not New,APELLIS PHARMACEUTICALS INC,112700.0,4678289.0,65370.0,2579708.0,-47330.0,-2098581.0
83192H106,New Holding,SMILEDIRECTCLUB INC,,,40572.0,2923086.0,,
98980L101,Sold Out,ZOOM VIDEO COMMUNICATIONS IN,19978.0,225000.0,,,,
81141R100,Not New,SEA LTD,370070.0,11957037.0,142846.0,4300000.0,-227224.0,-7657037.0
64110L106,New Holding,NETFLIX INC,,,69849.0,261002.0,,
016255101,New Holding,ALIGN TECHNOLOGY INC,,,283230.0,1565500.0,,
88160R101,Not New,TESLA INC,41285.0,171400.0,116329.0,520580.0,75044.0,349180.0
91818X108,New Holding,UXIN LTD,,,23126.0,9439181.0,,
88025U109,New Holding,10X GENOMICS INC,,,3780.0,75000.0,,
852234103,New Holding,SQUARE INC,,,26556.0,428675.0,,
64050Y100,New Holding,NEON THERAPEUTICS INC,,,103.0,60000.0,,
08862E109,Sold Out,BEYOND MEAT INC,2410.0,15000.0,,,,
449585108,New Holding,IGM BIOSCIENCES INC,,,6213.0,350000.0,,
G21515104,Not New,CHINA BIOLOGIC PRODS HLDGS I,314930.0,2751200.0,262189.0,2751200.0,-52741.0,0.0
38341P102,Not New,GOSSAMER BIO INC,99255.0,5911541.0,20794.0,937500.0,-78461.0,-4974041.0
46267X108,Not New,IQIYI INC,814826.0,50516188.0,299632.0,14510018.0,-515194.0,-36006170.0
83410S108,Not New,SOHU COM LTD,8149.0,802034.0,11228.0,802034.0,3079.0,0.0
30711Y102,Sold Out,FANG HLDGS LTD,932.0,1500000.0,,,,
15117P102,New Holding,CELLULAR BIOMEDICINE GROUP I,,,3495.0,235214.0,,
31572Q808,Not New,FIBROGEN INC,129552.0,3503287.0,123094.0,2724519.0,-6458.0,-778768.0
88034P109,Sold Out,TENCENT MUSIC ENTMT GROUP,22043.0,1470491.0,,,,
G5269C101,Not New,KINIKSA PHARMACEUTICALS LTD,15893.0,1867622.0,24858.0,1835888.0,8965.0,-31734.0
10806X102,Not New,BRIDGEBIO PHARMA INC,94225.0,4388690.0,63458.0,2352900.0,-30767.0,-2035790.0
585464100,Not New,MELCO RESORTS AND ENTMT LTD,85321.0,4395700.0,95475.0,4395700.0,10154.0,0.0
04335A105,Not New,ARVINAS INC,18432.0,855308.0,13744.0,625000.0,-4688.0,-230308.0
58733R102,New Holding,MERCADOLIBRE INC,,,17970.0,32600.0,,
30711Y201,New Holding,FANG HLDGS LTD,,,666.0,300000.0,,
090040106,Not New,BILIBILI INC,181200.0,12832876.0,131632.0,8090463.0,-49568.0,-4742413.0
83304A106,Not New,SNAP INC,70561.0,4465885.0,63862.0,4465885.0,-6699.0,0.0
00973Y108,Not New,AKERO THERAPEUTICS INC,17049.0,749424.0,8139.0,425000.0,-8910.0,-324424.0
722304102,Not New,PINDUODUO INC,359144.0,11146615.0,148494.0,7197978.0,-210650.0,-3948637.0
16954W101,Not New,CHINA INDEX HLDGS LTD,1170.0,300000.0,1065.0,300000.0,-105.0,0.0
609207105,Not New,MONDELEZ INTL INC,140876.0,2546564.0,137260.0,2546564.0,-3616.0,0.0
09627Y109,Not New,BLUEPRINT MEDICINES CORP,110096.0,1498516.0,141355.0,1498516.0,31259.0,0.0
47215P106,Not New,JD COM INC,454739.0,16119769.0,477082.0,15750469.0,22343.0,-369300.0
31680Q104,Not New,58 COM INC,2858.0,57964.0,146767.0,2360742.0,143909.0,2302778.0
62857M105,Not New,MYOKARDIA INC,50898.0,975987.0,48936.0,975987.0,-1962.0,0.0
22304C100,New Holding,COVETRUS INC,,,47063.0,3958198.0,,
3621LQ109,Not New,G1 THERAPEUTICS INC,21628.0,949431.0,29110.0,949431.0,7482.0,0.0
30303M102,Not New,FACEBOOK INC,228078.0,1280763.0,227663.0,1179600.0,-415.0,-101163.0
874080104,Not New,TAL EDUCATION GROUP,487151.0,14227551.0,434738.0,11410453.0,-52413.0,-2817098.0
98887Q104,New Holding,ZAI LAB LTD,,,25815.0,798001.0,,
62914V106,New Holding,NIO INC,,,20855.0,13368900.0,,
023135106,New Holding,AMAZON COM INC,,,84115.0,48456.0,,
210373106,New Holding,CONSTELLATION PHARMCETICLS I,,,1595.0,246883.0,,
16949A206,New Holding,CHINA JO-JO DRUGSTORES INC,,,5856.0,4840000.0,,
53567X101,Not New,LINE CORP,43407.0,1207763.0,33986.0,1207763.0,-9421.0,0.0
647581107,Not New,NEW ORIENTAL ED & TECH GRP I,305840.0,2761282.0,164431.0,1702534.0,-141409.0,-1058748.0
01609W102,Not New,ALIBABA GROUP HLDG LTD,364305.0,2178468.0,239235.0,1411830.0,-125070.0,-766638.0
G3075P101,Not New,ENSTAR GROUP LIMITED,331950.0,1747840.0,94719.0,543487.0,-237231.0,-1204353.0
60879B107,Not New,MOMO INC,42907.0,1385000.0,34679.0,968693.0,-8228.0,-416307.0
65343E108,Not New,NEXTCURE INC,32503.0,1053570.0,1124.0,75000.0,-31379.0,-978570.0
75901B107,Not New,REGENXBIO INC,16234.0,456000.0,10582.0,206000.0,-5652.0,-250000.0
43906K100,Not New,HOOKIPA PHARMA INC,7074.0,943254.0,1923.0,285714.0,-5151.0,-657540.0
28249H104,Not New,EIDOS THERAPEUTICS INC,6424.0,178600.0,5551.0,178600.0,-873.0,0.0
74704P108,Not New,PUXIN LTD,1005.0,126145.0,792.0,126145.0,-213.0,0.0
372303206,New Holding,GENMAB A S,,,30390.0,1500000.0,,
07725L102,Not New,BEIGENE LTD,670133.0,5472259.0,550084.0,4437953.0,-120049.0,-1034306.0
65487X102,New Holding,NOAH HLDGS LTD,,,14052.0,481220.0,,
608012100,Not New,MOGU INC,26273.0,10446970.0,14887.0,5223485.0,-11386.0,-5223485.0
