CUSIP,status,NAME OF ISSUER,(x$1000)_old,PRN AMT_old,(x$1000),PRN AMT,(x$1000)_change,PRN AMT_change
159864107,Not New,CHARLES RIV LABS INTL INC,46283.0,457572.0,41711.0,463712.0,-4572.0,6140.0
G87110105,Not New,TECHNIPFMC LTD COM,1336.0,49105.0,1599.0,49199.0,263.0,94.0
53223X107,Not New,LIFE STORAGE INC,61687.0,832479.0,69852.0,850609.0,8165.0,18130.0
80687P106,New Holding,SCHNEIDER ELECTRIC SE ADR,,,131689.0,8581898.0,,
82481R106,Not New,SHIRE PLC ADR,9222.0,55800.0,25172.0,144475.0,15950.0,88675.0
45826H109,Not New,INTEGER HLDGS CORP,54436.0,1258644.0,51807.0,1288719.0,-2629.0,30075.0
552676108,Not New,M D C HLDGS INC,3784.0,107099.0,2318.0,77146.0,-1466.0,-29953.0
606776201,New Holding,MITSUBISHI ELEC CORP ADR,,,109987.0,3824847.0,,
69366X100,Not New,PT BK RAKYAT ADR,41759.0,1824724.0,35532.0,1824621.0,-6227.0,-103.0
70706P104,Not New,PENGROWTH ENERGY CORP,9.0,11000.0,11.0,11000.0,2.0,0.0
746277409,Not New,PURISIMA FDS ALL PURPOSE FD,3473.0,378378.0,3473.0,378378.0,0.0,0.0
92206C409,Not New,VANGUARD FDS SHRT-TERM CORP,445.0,5560.0,368.0,4619.0,-77.0,-941.0
961214301,Not New,WESTPAC BKG CORP ADR,324.0,13863.0,308.0,11509.0,-16.0,-2354.0
031162100,Not New,AMGEN INC,21793.0,126537.0,20184.0,123020.0,-1609.0,-3517.0
007973100,Not New,ADVANCED ENERGY INDS,12026.0,185899.0,10833.0,158001.0,-1193.0,-27898.0
93148P102,Not New,WALKER& DUNLOP INC,4990.0,102196.0,2934.0,70386.0,-2056.0,-31810.0
19765Y688,Sold Out,COLUMBIA FDS SER TR I LGR CAP,265.0,16797.0,,,,
880779103,Not New,TEREX CORP NEW,14520.0,387199.0,12132.0,386362.0,-2388.0,-837.0
233203546,Sold Out,DFA INVT DIMENSIONS GROUP INC,463.0,31844.0,,,,
71714F104,Not New,PHARMERICA CORP,2664.0,101485.0,1655.0,70707.0,-1009.0,-30778.0
92342Y109,Not New,VERIFONE SYS INC,66774.0,3689161.0,60167.0,3212341.0,-6607.0,-476820.0
03485P300,Not New,ANGLO AMERN PLC ADR,75.0,11351.0,76.0,10000.0,1.0,-1351.0
55024U109,Not New,LUMENTUM HLDGS INC,7753.0,135898.0,7270.0,136268.0,-483.0,370.0
670100205,Not New,NOVO-NORDISK A S ADR,501427.0,11690997.0,355107.0,10359005.0,-146320.0,-1331992.0
G2519Y108,Not New,CREDICORP LTD,231397.0,1289913.0,210948.0,1291779.0,-20449.0,1866.0
125269100,Not New,CF INDS HLDGS INC,1883.0,67352.0,2022.0,68899.0,139.0,1547.0
88023U101,Sold Out,TEMPUR SEALY INTL INC,8501.0,182969.0,,,,
42970V109,New Holding,HIGH PLAINS GAS INC,,,0.0,10000.0,,
78470V108,Not New,SRC ENERGY INC COM,1867.0,277382.0,1758.0,208251.0,-109.0,-69131.0
78573J101,Not New,SABLE NAT RES INC,2.0,117581.0,1.0,117581.0,-1.0,0.0
92189F817,Not New,VANECK VECTORS ETF TR VIETNAM,1494.0,100100.0,1009.0,72000.0,-485.0,-28100.0
55305B101,Not New,M/I HOMES INC,3413.0,119535.0,2206.0,90043.0,-1207.0,-29492.0
939330106,New Holding,WASHINGTON MUT INVS FD INC COM,,,487.0,11492.0,,
892331307,Not New,TOYOTA MOTOR CORP ADR,3190.0,30379.0,3429.0,31571.0,239.0,1192.0
957090103,Not New,WESTAMERICA BANCORPORATION,892.0,15917.0,889.0,15917.0,-3.0,0.0
832682207,New Holding,SMTC CORP,,,13.0,10000.0,,
29413Q102,Not New,ENVISION SOLAR INTERNATIONAL,8.0,80100.0,11.0,75000.0,3.0,-5100.0
343412102,Not New,FLUOR CORP NEW,649.0,14169.0,714.0,13572.0,65.0,-597.0
126650100,Not New,CVS HEALTH CORPORATION COM,20894.0,259678.0,20660.0,263189.0,-234.0,3511.0
22542D100,Not New,FI ENHANCED EUROPE 50 ETN CS,260071.0,2135057.0,230092.0,2159458.0,-29979.0,24401.0
999DF84CT,Not New,100000TH INVESCO VAN KAMPEN,0.0,79946.0,0.0,79946.0,0.0,0.0
00753G103,Not New,ADVANCED INFO SVC PUB LTD ADR,255.0,48750.0,274.0,52856.0,19.0,4106.0
75970E107,Not New,RENASANT CORP,1701.0,38880.0,2114.0,53258.0,413.0,14378.0
V5633W109,New Holding,MAKEMYTRIP LTD,,,1504.0,44832.0,,
30231G102,Not New,EXXON MOBIL CORP,381912.0,4730728.0,385759.0,4703805.0,3847.0,-26923.0
23331S100,Not New,DHI GROUP INC,808.0,283669.0,851.0,215325.0,43.0,-68344.0
88579Y101,Not New,3M CO,28311.0,135983.0,11244.0,58769.0,-17067.0,-77214.0
743606105,Not New,PROSPERITY BANCSHARES INC,44307.0,689710.0,49392.0,708530.0,5085.0,18820.0
902677780,Not New,FI ENHANCED LRG CAP GROWTH UBS,1065290.0,5990159.0,988226.0,6066085.0,-77064.0,75926.0
25470F104,Not New,DISCOVERY COMM NEW COM SER A,14051.0,543961.0,16528.0,568152.0,2477.0,24191.0
471023853,Sold Out,JANUS INVT FD RESH FD CL T,383.0,8805.0,,,,
74876Y101,Not New,QUINTILES IMS HOLDINGS INC,18695.0,208885.0,9244.0,114787.0,-9451.0,-94098.0
999FDEC9T,Not New,FIIG EU EM D,81858.0,725946.0,75472.0,726946.0,-6386.0,1000.0
931142103,Not New,WAL-MART STORES INC COM,443006.0,5853675.0,382672.0,5308983.0,-60334.0,-544692.0
63910B102,Not New,NAUTILUS INC,2191.0,114402.0,1595.0,87424.0,-596.0,-26978.0
464288588,Not New,ISHARES TR MBS ETF,442571.0,4145473.0,410796.0,3855430.0,-31775.0,-290043.0
639050103,Not New,NATUS MEDICAL INC DEL,21944.0,588299.0,23459.0,597674.0,1515.0,9375.0
69368A108,Sold Out,PT KALBE FARMA TBK ADR,325.0,14059.0,,,,
494368103,Not New,KIMBERLY CLARK CORP,466.0,3611.0,347.0,2634.0,-119.0,-977.0
747619104,Not New,QUANEX BUILDING PRODUCTS CORP,2599.0,122887.0,1730.0,85454.0,-869.0,-37433.0
922908363,Not New,VANGUARD INDEX FDS S&P 500 ETF,20359.0,91682.0,14112.0,65229.0,-6247.0,-26453.0
27829F108,New Holding,EATON VANCE TAX MNGD GBL DV EQ,,,106.0,11505.0,,
666807102,Not New,NORTHROP GRUMMAN CORP,431.0,1678.0,468.0,1966.0,37.0,288.0
999BFCB6T,Not New,SOURCE MARKETS FINS S&P US SEL,638.0,3767.0,2129.0,13018.0,1491.0,9251.0
172967424,Not New,CITIGROUP INC,290170.0,4338665.0,502145.0,8394274.0,211975.0,4055609.0
464287440,Not New,ISHARES TR 7-10YR TR BD ETF,342.0,3211.0,320.0,3034.0,-22.0,-177.0
718172109,Not New,PHILIP MORRIS INTL INC,1695.0,14435.0,1537.0,13617.0,-158.0,-818.0
724078100,Not New,PIPER JAFFRAY COS,5538.0,92372.0,4476.0,70096.0,-1062.0,-22276.0
05379B107,Not New,AVISTA CORP,21197.0,499214.0,19806.0,507193.0,-1391.0,7979.0
58504H101,New Holding,MEDOVEX CORP,,,23.0,27500.0,,
046353108,Not New,ASTRAZENECA PLC ADR,377780.0,11081856.0,59823.0,1921092.0,-317957.0,-9160764.0
78464A771,Not New,SPDR SERIES TRUST S&P CAP MKT,1950.0,39644.0,2134.0,45659.0,184.0,6015.0
64110W102,Not New,NETEASE INC SPONSORED ADR ADR,252451.0,839739.0,98415.0,346530.0,-154036.0,-493209.0
9997D568T,New Holding,ESCROW LINNCO LLC ESCROW CUSI,,,0.0,17220.0,,
N96617118,Not New,WRIGHT MED GROUP N V,65707.0,2390206.0,75152.0,2414922.0,9445.0,24716.0
297178105,Not New,ESSEX PPTY TR INC,6603.0,25665.0,5928.0,25602.0,-675.0,-63.0
833551104,Not New,SNYDERS-LANCE INC,27158.0,784446.0,15041.0,373139.0,-12117.0,-411307.0
92204A504,Sold Out,VANGUARD WORLD FDS HEALTH CAR,337.0,2442.0,,,,
464287457,Not New,ISHARES TR 1-3 YR TR BD ETF,19126.0,226371.0,18505.0,218940.0,-621.0,-7431.0
99946ADBT,Not New,STATE BK INDIA REG S,4666.0,109778.0,4902.0,109778.0,236.0,0.0
559079207,Not New,MAGELLAN HEALTH INC,52827.0,724646.0,51221.0,741801.0,-1606.0,17155.0
31680Q104,New Holding,58 COM INC SPON ADR REP A ADR,,,1036.0,23479.0,,
02209S103,Not New,ALTRIA GROUP INC,5419.0,72772.0,5057.0,70810.0,-362.0,-1962.0
9997B00CT,Not New,FIIG EU EM - B USD,973.0,7473.0,695.0,5792.0,-278.0,-1681.0
92343E102,Not New,VERISIGN INC,240.0,2580.0,231.0,2657.0,-9.0,77.0
049164205,Not New,ATLAS AIR WORLDWIDE HLDGS,57933.0,1110897.0,64290.0,1159417.0,6357.0,48520.0
68389X105,Not New,ORACLE CORP,604418.0,12054600.0,523034.0,11724599.0,-81384.0,-330001.0
19765N245,Sold Out,COLUMBIA FDS SER TR 1 DIVD INC,393.0,19652.0,,,,
40434L105,Not New,HP INC COM,185.0,10574.0,268.0,14971.0,83.0,4397.0
100557107,Not New,BOSTON BEER INC,41964.0,317551.0,48092.0,332471.0,6128.0,14920.0
500754106,Not New,KRAFT HEINZ CO,276.0,3228.0,262.0,2889.0,-14.0,-339.0
30255G103,Not New,FCB FINL HLDGS INC CL A,3844.0,80498.0,3045.0,61451.0,-799.0,-19047.0
79780P104,Not New,SAN GOLD CORP,0.0,12800.0,0.0,12800.0,0.0,0.0
G3777B103,Not New,GEELY AUTOMOTIVE HLDGS LTD,101.0,46000.0,16.0,10000.0,-85.0,-36000.0
800013104,New Holding,SANDERSON FARMS INC,,,641.0,5539.0,,
81619Q105,Not New,SELECT MED HLDGS CORP,70174.0,4571603.0,62091.0,4651014.0,-8083.0,79411.0
000375204,Not New,ABB LTD ADR,206218.0,8281858.0,16368.0,699498.0,-189850.0,-7582360.0
055622104,Not New,BP PLC ADR,25503.0,736011.0,25379.0,735203.0,-124.0,-808.0
848637104,Not New,SPLUNK INC,1303.0,22905.0,1425.0,22871.0,122.0,-34.0
715684106,Not New,TELEKOMUNIKASI INDONESIA A ADR,305.0,9044.0,522.0,16731.0,217.0,7687.0
999D550BT,Not New,SOURCE MARKETS CNSMR DISC S &P,247.0,861.0,433.0,1540.0,186.0,679.0
38141G104,Not New,GOLDMAN SACHS GROUP INC,232634.0,1048372.0,433796.0,1888367.0,201162.0,839995.0
31620M106,Not New,FIDELITY NATL INFORMATION SVCS,17241.0,201888.0,16271.0,204356.0,-970.0,2468.0
037833100,Not New,APPLE INC,1520651.0,10558609.0,1671972.0,11638395.0,151321.0,1079786.0
885215558,New Holding,THORNBURG INVT TR INV INCM BLD,,,239.0,11458.0,,
10949Q204,Sold Out,BRILLIANCE CHINA AUTO HLDG ADR,267.0,3191.0,,,,
035290105,Not New,ANIXTER INTL INC,50641.0,647581.0,52631.0,663691.0,1990.0,16110.0
53220K504,Not New,LIGAND PHARMACEUTICALS INC,7320.0,60300.0,6392.0,60390.0,-928.0,90.0
Q9395F102,New Holding,VICINITY CENTRES,,,35.0,17461.0,,
112585104,Not New,BROOKFIELD ASSET MGMT INC,242.0,6163.0,215.0,5886.0,-27.0,-277.0
09062X103,Not New,BIOGEN INC,29613.0,109129.0,29916.0,109414.0,303.0,285.0
904214103,Not New,UMPQUA HLDGS CORP,72381.0,3942343.0,82492.0,4650040.0,10111.0,707697.0
47102X105,Sold Out,JANUS CAP GROUP INC,54082.0,4097127.0,,,,
06652V208,Not New,BANNER CORP,2478.0,43848.0,1895.0,34054.0,-583.0,-9794.0
786584102,Not New,SAFRAN S A ADR,4333.0,189364.0,3473.0,185465.0,-860.0,-3899.0
589889104,Not New,MERIT MED SYS INC,6086.0,159517.0,3504.0,121240.0,-2582.0,-38277.0
27826L454,Sold Out,EATON VANCE MUNS TR OR T/F MN,218.0,25321.0,,,,
43940T109,Not New,HOPE BANCORP INC COM,2746.0,147227.0,2165.0,112947.0,-581.0,-34280.0
879360105,Not New,TELEDYNE TECHNOLOGIES INC,42654.0,334151.0,38969.0,308156.0,-3685.0,-25995.0
31620R402,Not New,FNFV GROUP,606.0,38364.0,508.0,38364.0,-98.0,0.0
68554V108,Not New,ORASURE TECHNOLOGIES INC,11780.0,682480.0,6511.0,503594.0,-5269.0,-178886.0
90400P101,Not New,ULTRAPAR PARTICIPACOES S A ADR,6210.0,263928.0,6348.0,279283.0,138.0,15355.0
225313105,Not New,CREDIT AGRICOLE S A ADR ADR,145486.0,18112596.0,2544.0,374550.0,-142942.0,-17738046.0
538034109,Not New,LIVE NATION ENTERTAINMENT INC,14614.0,419331.0,12786.0,421017.0,-1828.0,1686.0
405217100,Not New,HAIN CELESTIAL GROUP INC,6493.0,167266.0,6222.0,167266.0,-271.0,0.0
681919106,Not New,OMNICOM GROUP INC,8885.0,107179.0,8635.0,100157.0,-250.0,-7022.0
502117203,Not New,L OREAL CO ADR,434274.0,10437457.0,384025.0,9965357.0,-50249.0,-472100.0
92206C870,Not New,VANGUARD FDS INT-TERM CORP,58379.0,666961.0,56054.0,648926.0,-2325.0,-18035.0
737010108,Not New,PORTOLA PHARMACEUTICALS INC,2620.0,46637.0,1828.0,46637.0,-792.0,0.0
548661107,Not New,LOWES COS INC,1692.0,21829.0,2408.0,29291.0,716.0,7462.0
73278L105,Not New,POOL CORPORATION,80191.0,682073.0,84066.0,704481.0,3875.0,22408.0
911312106,Not New,UNITED PARCEL SERVICE INC,1776.0,16058.0,31398.0,292614.0,29622.0,276556.0
464287762,New Holding,ISHARES TR US HLTHCARE ETF,,,955.0,5743.0,,
399909100,Not New,GRUPO FINANCIERO GALICIA S ADR,843.0,19764.0,341.0,9000.0,-502.0,-10764.0
294821608,Not New,ERICSSON ADR,1733.0,241768.0,1724.0,259595.0,-9.0,17827.0
149123101,Not New,CATERPILLAR INC DEL,665.0,6193.0,421.0,4534.0,-244.0,-1659.0
29089Q105,Not New,EMERGENT BIOSOLUTIONS INC,13474.0,397335.0,11994.0,413020.0,-1480.0,15685.0
58933Y105,Not New,MERCK& CO INC,455059.0,7100308.0,436073.0,6862961.0,-18986.0,-237347.0
948741103,Not New,WEINGARTEN RLTY INVS,3198.0,106248.0,3563.0,106723.0,365.0,475.0
04269X105,Not New,ARRAY BIOPHARMA INC,1123.0,134180.0,697.0,78014.0,-426.0,-56166.0
46434G772,Not New,ISHARES INC MSCI TAIWAN CAPPED,185898.0,5198501.0,183769.0,5530224.0,-2129.0,331723.0
631512100,Not New,NASPERS LTD ADR,204.0,10492.0,181.0,10492.0,-23.0,0.0
56063U521,New Holding,MAINSTAY FDS TR HI YLD MUNI I,,,221.0,17823.0,,
654902204,Not New,NOKIA CORP ADR,205.0,33235.0,65.0,12065.0,-140.0,-21170.0
71654V101,Not New,PETROLEO BRASILEIRO SA PET ADR,1230.0,164844.0,1514.0,164202.0,284.0,-642.0
79970Y105,Not New,SANCHEZ ENERGY CORP,1372.0,191108.0,1199.0,125714.0,-173.0,-65394.0
852066109,New Holding,SPROTT INC,,,42.0,24000.0,,
67066G104,Sold Out,NVIDIA CORP COM,219.0,2013.0,,,,
02079K107,Not New,ALPHABET INC CLASS C,226485.0,249232.0,337808.0,407213.0,111323.0,157981.0
143658300,New Holding,CARNIVAL CORP,,,670.0,10215.0,,
262037104,Not New,DRIL-QUIP INC,18186.0,372671.0,20563.0,376956.0,2377.0,4285.0
44930G107,Not New,ICU MED INC,10868.0,63000.0,4734.0,31000.0,-6134.0,-32000.0
554489104,Not New,MACK CALI RLTY CORP,9277.0,341830.0,9209.0,341830.0,-68.0,0.0
99916C3AT,Not New,FIIG EU EM SC ESG,220181.0,2011148.0,199987.0,2006495.0,-20194.0,-4653.0
303250104,Not New,FAIR ISAAC CORP,17913.0,128493.0,17045.0,132183.0,-868.0,3690.0
00162Q866,New Holding,ALPS ETF TR ALERIAN MLP,,,170.0,14226.0,,
59001A102,Not New,MERITAGE HOMES CORP,72582.0,1719947.0,62839.0,1707572.0,-9743.0,-12375.0
78355W205,Not New,RYDEX ETF TRUST GUGGENHM S &P 5,32863.0,192000.0,36572.0,218954.0,3709.0,26954.0
826197501,Not New,SIEMENS A G ADR,715203.0,10420749.0,530326.0,7723349.0,-184877.0,-2697400.0
594918104,Not New,MICROSOFT CORP,1103239.0,16005206.0,1228456.0,18652532.0,125217.0,2647326.0
88338H100,Not New,THERATECHNOLOGIES INC,248.0,37673.0,173.0,37673.0,-75.0,0.0
615369105,Not New,MOODYS CORP,263.0,2160.0,242.0,2160.0,-21.0,0.0
64051T100,Not New,NEOPHOTONICS CORP,2653.0,343595.0,2327.0,258254.0,-326.0,-85341.0
296387AHT,Not New,ESCROW ADELPHIA COMMUNICATIONS,0.0,49000.0,0.0,47000.0,0.0,-2000.0
72201R783,Not New,PIMCO ETF TR 0-5 HIGH YIELD,698.0,6887.0,666.0,6593.0,-32.0,-294.0
999C4400T,Not New,ESCROW MNLEHMAN BRTHRS HLDGRR,0.0,37000.0,0.0,37000.0,0.0,0.0
059692103,Not New,BANCORPSOUTH INC,60424.0,1981113.0,84592.0,2796415.0,24168.0,815302.0
06738E204,Not New,BARCLAYS PLC ADR,203198.0,19187695.0,189812.0,16887203.0,-13386.0,-2300492.0
62546J109,Sold Out,MULTI-STRATEGY GROWTH& IN FD,223.0,14333.0,,,,
703395103,New Holding,PATTERSON COMPANIES INC,,,4060.0,86482.0,,
949746101,Not New,WELLS FARGO CO NEW,38343.0,691992.0,1014189.0,18221151.0,975846.0,17529159.0
G38529106,Not New,GETGO INC,0.0,315000.0,0.0,315000.0,0.0,0.0
81721M109,Not New,SENIOR HSG PPTYS TR,2216.0,108400.0,2201.0,108700.0,-15.0,300.0
464289180,Not New,ISHARES MSCI EUROPE FN ETF,54857.0,2500340.0,9925.0,488451.0,-44932.0,-2011889.0
7591EP100,Not New,REGIONS FINL CORP NEW,5941.0,405789.0,12264.0,844077.0,6323.0,438288.0
921908885,New Holding,VANGUARD SPECIALIZED PORTFOLIO,,,349.0,3909.0,,
69331C108,Not New,PG&E CORP,231.0,3477.0,222.0,3351.0,-9.0,-126.0
98433V102,Not New,YAHOO JAPAN CORP ADR,256.0,29387.0,225.0,24432.0,-31.0,-4955.0
464288737,Not New,ISHARES TR GLB CNSM STP ETF,1103.0,10784.0,5692.0,57281.0,4589.0,46497.0
05964H105,Not New,BANCO SANTANDER SA ADR,522202.0,78057067.0,2355.0,388023.0,-519847.0,-77669044.0
533900106,Not New,LINCOLN ELEC HLDGS INC,98726.0,1072063.0,89188.0,1026798.0,-9538.0,-45265.0
99918308T,New Holding,SOURCE MARKETS PLC INDS S&P US,,,328.0,969.0,,
464287556,New Holding,ISHARES TR NASDQ BIOTEC ETF,,,667.0,2150.0,,
29250X10T,Not New,100000TH ENBRIDGE ENERGY MGMT,0.0,120197.0,0.0,117900.0,0.0,-2297.0
849109103,Not New,SPONGETECH DELIVERY SYS INC,0.0,620000.0,0.0,620000.0,0.0,0.0
56585A102,Not New,MARATHON PETE CORP,417.0,7975.0,386.0,7636.0,-31.0,-339.0
682189105,Not New,ON SEMICONDUCTOR CORP,2008.0,143002.0,2215.0,143002.0,207.0,0.0
74965L101,Not New,RLJ LODGING TR,58159.0,2926960.0,61133.0,2600287.0,2974.0,-326673.0
02079K305,Not New,ALPHABET INC CLASS A,949674.0,1021506.0,908302.0,1071363.0,-41372.0,49857.0
45321L100,Not New,IMPERVA INC,8300.0,173457.0,7120.0,173457.0,-1180.0,0.0
72341E304,Not New,PING AN INS GROUP CO CHINA ADR,284.0,21534.0,239.0,21392.0,-45.0,-142.0
464286426,Not New,ISHARES EM ASIA ETF,228.0,3510.0,211.0,3510.0,-17.0,0.0
431475102,Not New,HILL ROM HLDGS INC,121395.0,1524876.0,110818.0,1569661.0,-10577.0,44785.0
855030102,New Holding,STAPLES INC,,,109.0,10806.0,,
G02602103,Not New,AMDOCS LTD,14620.0,226808.0,13762.0,225640.0,-858.0,-1168.0
594972408,Not New,MICROSTRATEGY INC,8817.0,46000.0,8639.0,46000.0,-178.0,0.0
345370860,Not New,FORD MTR CO DEL,633.0,56585.0,527.0,45294.0,-106.0,-11291.0
G4388N106,Not New,HELEN OF TROY CORP LTD,75323.0,800459.0,77211.0,819649.0,1888.0,19190.0
256206103,New Holding,DODGE& COX FDS INTL STK FD,,,230.0,5267.0,,
059893107,Not New,BANGKOK BK PLC ADR,524.0,19258.0,560.0,21188.0,36.0,1930.0
025816109,Not New,AMERICAN EXPRESS CO,947477.0,11247348.0,860638.0,10879001.0,-86839.0,-368347.0
6819989IT,Sold Out,RSTK OLYMPUS PACIFIC MINERALS,0.0,100000.0,,,,
G72800108,Not New,PROTHENA CORP PLC,1181.0,21822.0,753.0,13503.0,-428.0,-8319.0
55027E102,Not New,LUMINEX CORP DEL COM,1419.0,67169.0,823.0,44779.0,-596.0,-22390.0
648018109,Sold Out,NEW PERSPECTIVE FD INC COM,310.0,8018.0,,,,
999F551FT,Not New,VANGUARD FUNDS PLC FTSE EMERGI,32537.0,594831.0,48724.0,915867.0,16187.0,321036.0
03662Q105,Not New,ANSYS INC,9680.0,79549.0,8166.0,76415.0,-1514.0,-3134.0
891092108,Not New,TORO CO,117392.0,1694209.0,108652.0,1739544.0,-8740.0,45335.0
918194101,Not New,VCA INC,293.0,3171.0,267.0,2921.0,-26.0,-250.0
99921F26T,Not New,CHINA HIGH PRECISION AUTOMATIO,0.0,3919000.0,0.0,3919000.0,0.0,0.0
87164U102,Not New,SYNTHETIC BIOLOGICS INC,76.0,133967.0,84.0,133967.0,8.0,0.0
G47791101,Not New,INGERSOLL-RAND PLC,1139.0,12460.0,213.0,2614.0,-926.0,-9846.0
30219G108,Not New,EXPRESS SCRIPTS HLDG CO,21647.0,339085.0,22807.0,346040.0,1160.0,6955.0
23283R100,Not New,CYRUSONE INC,2525.0,45297.0,1636.0,31780.0,-889.0,-13517.0
16208T102,Not New,CHATHAM LODGING TR,879.0,43767.0,625.0,31650.0,-254.0,-12117.0
37733W105,Not New,GLAXOSMITHKLINE PLC ADR,540483.0,12534385.0,504650.0,11969866.0,-35833.0,-564519.0
532457108,Not New,LILLY ELI& CO,246038.0,2989521.0,217127.0,2581462.0,-28911.0,-408059.0
192446102,Sold Out,COGNIZANT TECHNOLOGY SOLUTIONS,210.0,3521.0,,,,
624756102,Not New,MUELLER INDS INC,36469.0,1197669.0,41870.0,1223199.0,5401.0,25530.0
64110L106,Not New,NETFLIX INC,231.0,1545.0,347.0,2350.0,116.0,805.0
00756M404,Not New,ADVANCED SEMICONDUCTOR ENG ADR,197077.0,31232469.0,203274.0,31369497.0,6197.0,137028.0
947890109,Not New,WEBSTER FINL CORP CONN,95115.0,1821435.0,120150.0,2401083.0,25035.0,579648.0
31847R102,Not New,FIRST AMERN FINL CORP,66129.0,1479732.0,55312.0,1408151.0,-10817.0,-71581.0
999F9485T,Not New,ESCROW ILINC COMM INC,0.0,15000.0,0.0,15000.0,0.0,0.0
632525408,Not New,NATIONAL AUSTRALIA BK LTD ADR,910.0,80212.0,1001.0,78742.0,91.0,-1470.0
464287655,Not New,ISHARES TR RUSSELL 2000 ETF,336.0,2383.0,390.0,2836.0,54.0,453.0
860630102,Not New,STIFEL FINL CORP,94198.0,2048677.0,105135.0,2094744.0,10937.0,46067.0
15201P109,Not New,CENTERSTATE BANKS INC,3091.0,124332.0,2481.0,95773.0,-610.0,-28559.0
852857200,Not New,STAMPS COM INC,4968.0,32078.0,2951.0,24936.0,-2017.0,-7142.0
89417E109,Not New,TRAVELERS COMPANIES INC,286.0,2262.0,297.0,2461.0,11.0,199.0
680223104,Not New,OLD REP INTL CORP,7246.0,371044.0,7569.0,369604.0,323.0,-1440.0
33616C100,Not New,FIRST REP BK SAN FRANCISCO CAL,33603.0,335699.0,32617.0,347695.0,-986.0,11996.0
62855J104,Not New,MYRIAD GENETICS INC,1577.0,61011.0,1171.0,61011.0,-406.0,0.0
263534109,Not New,DU PONT E I DE NEMOURS& CO,400.0,4961.0,280.0,3488.0,-120.0,-1473.0
861652105,Not New,STONE MEDIA CORP,0.0,17000.0,0.0,17000.0,0.0,0.0
00206R102,Not New,AT&T INC,2105.0,55783.0,2087.0,50234.0,-18.0,-5549.0
78467J100,Not New,SS&C TECHNOLOGIES HLDGS INC,5465.0,142275.0,5037.0,142275.0,-428.0,0.0
761152107,Not New,RESMED INC,1631.0,20950.0,1508.0,20950.0,-123.0,0.0
81369Y506,New Holding,SELECT SECTOR SPDR TR ENERGY,,,2551.0,39288.0,,
294429105,Not New,EQUIFAX INC,23186.0,168722.0,23170.0,169448.0,-16.0,726.0
464287242,Not New,ISHARES TR IBOXX INV CP ETF,2534438.0,21030932.0,2325182.0,19719973.0,-209256.0,-1310959.0
025076407,Sold Out,AMERICAN CENTY CAP PORTFOLIOS,203.0,22212.0,,,,
464287200,New Holding,ISHARES S&P 500 ETF,,,645.0,2648.0,,
922042742,Not New,VANGUARD INTL EQUITY INDEX FD,550.0,8150.0,358.0,5482.0,-192.0,-2668.0
16938L106,Not New,CHINA GOLD CORP,0.0,20000.0,0.0,20000.0,0.0,0.0
30215C101,Not New,EXPERIAN PLC ADR,4666.0,228086.0,4516.0,221846.0,-150.0,-6240.0
999B39FCT,Not New,SOURCE MARKETS PLC TECH S&P US,804.0,6138.0,679.0,5448.0,-125.0,-690.0
99928D52T,Not New,FIIG EU US SCC - USD,19439.0,146721.0,18446.0,146721.0,-993.0,0.0
316845PDT,Not New,FIIG EU EM ESG,500693.0,4726639.0,425511.0,4363763.0,-75182.0,-362876.0
537008104,Not New,LITTELFUSE INC,94963.0,575531.0,93941.0,587461.0,-1022.0,11930.0
20440T201,Not New,COMPANHIA BRASILEIRA DE DI ADR,25123.0,1285083.0,24674.0,1285083.0,-449.0,0.0
539830109,Not New,LOCKHEED MARTIN CORP,1079.0,3885.0,1102.0,4117.0,23.0,232.0
004239109,Not New,ACADIA RLTY TR,27730.0,997473.0,30762.0,1023338.0,3032.0,25865.0
84470P109,Not New,SOUTHSIDE BANCSHARES INC,2894.0,82822.0,1923.0,57277.0,-971.0,-25545.0
625383104,Not New,MULTI COLOR CORP,3330.0,40806.0,2217.0,31226.0,-1113.0,-9580.0
464287275,New Holding,ISHARES TR GLOB TELECOM ETF,,,6052.0,103449.0,,
74340W103,Not New,PROLOGIS INC,8845.0,150832.0,7861.0,151521.0,-984.0,689.0
25158T608,New Holding,DEUTSCHE MUN TR MANAGED MUN BD,,,1208.0,132340.0,,
69367Q104,Not New,PT UNILEVER INDONESIA TBK ADR,340.0,4643.0,567.0,8713.0,227.0,4070.0
731068102,Not New,POLARIS INDS INC,15289.0,165766.0,19217.0,229316.0,3928.0,63550.0
9990D06DT,New Holding,DB X-TRACKERS UCITS VIETNAM,,,485.0,19993.0,,
28140H203,Not New,EDUCATION RLTY TR INC,30208.0,779555.0,32588.0,797756.0,2380.0,18201.0
110448107,Not New,BRITISH AMERN TOB PLC ADR,259.0,3783.0,293.0,4413.0,34.0,630.0
46018A100,Not New,INTERNATIONAL PWR GROUP LTD,0.0,39000.0,0.0,39000.0,0.0,0.0
G54050102,Not New,LAZARD LTD SHS A,72200.0,1558392.0,74057.0,1610274.0,1857.0,51882.0
754730109,Not New,RAYMOND JAMES FINANCIAL INC,114871.0,1431944.0,112063.0,1469487.0,-2808.0,37543.0
667655104,Not New,NORTHWEST NAT GAS CO,13717.0,229186.0,13653.0,231021.0,-64.0,1835.0
911163103,Not New,UNITED NAT FOODS INC,25791.0,702741.0,29161.0,674556.0,3370.0,-28185.0
860372101,Not New,STEWART INFORMATION SVCS CORP,1745.0,38443.0,1224.0,27694.0,-521.0,-10749.0
423012301,Not New,HEINEKEN N V SPONSORED ADR L1,22131.0,455869.0,5295.0,124084.0,-16836.0,-331785.0
Y09827109,New Holding,BROADCOM LTD SHS,,,250.0,1072.0,,
670704105,Not New,NUVASIVE INC,101644.0,1321423.0,101165.0,1354648.0,-479.0,33225.0
G97822103,Not New,PERRIGO CO PLC,35189.0,465952.0,31945.0,481172.0,-3244.0,15220.0
229663109,Sold Out,CUBESMART,426.0,16400.0,,,,
848574109,New Holding,SPIRIT AEROSYSTEMS HLDGS INC,,,855.0,14761.0,,
747525103,Not New,QUALCOMM INC,60377.0,1093398.0,575769.0,10041310.0,515392.0,8947912.0
G84720104,Not New,STERIS PLC SHS USD,121758.0,1493966.0,107511.0,1547816.0,-14247.0,53850.0
60740F105,Not New,MOBILE MINI INC,19911.0,667047.0,20798.0,681917.0,887.0,14870.0
778296103,Not New,ROSS STORES INC,8363.0,144860.0,9531.0,144693.0,1168.0,-167.0
609207105,Not New,MONDELEZ INTL INC,324.0,7492.0,299.0,6930.0,-25.0,-562.0
58506Q109,Not New,MEDPACE HLDGS INC COM,3024.0,104289.0,1062.0,35564.0,-1962.0,-68725.0
874039100,Not New,TAIWAN SEMICONDUCTOR MFG L ADR,1205116.0,34471281.0,925741.0,28189434.0,-279375.0,-6281847.0
99952ECCT,Not New,ESCROW LEHMAN BROS 5.75,0.0,50000.0,0.0,50000.0,0.0,0.0
90345Q9AT,Sold Out,RSTK US CHINA MINING GRP INC,0.0,12500.0,,,,
68213N109,Not New,OMNICELL INC,21214.0,492202.0,20013.0,492314.0,-1201.0,112.0
902788108,Not New,UMB FINL CORP,50869.0,679523.0,52443.0,696363.0,1574.0,16840.0
999254F4T,Sold Out,ISHARES CORE S&P 500 UCITS,217.0,966.0,,,,
07329M100,Not New,BBVA BANCO FRANCES S A ADR,387.0,20441.0,227.0,12300.0,-160.0,-8141.0
17275R102,Not New,CISCO SYS INC,503182.0,16076117.0,530454.0,15693906.0,27272.0,-382211.0
30303M102,Not New,FACEBOOK INC,43720.0,289572.0,40915.0,288029.0,-2805.0,-1543.0
502441306,Not New,LVMH MOET HENNESSY LOU VUI ADR,354219.0,7113339.0,298715.0,6783814.0,-55504.0,-329525.0
060505104,Not New,BANK AMER CORP,386446.0,15929357.0,853583.0,36184100.0,467137.0,20254743.0
58499396T,Not New,MEDSOURCE-DIRECT INC,0.0,2050000.0,0.0,2050000.0,0.0,0.0
758750103,Not New,REGAL BELOIT CORP,51245.0,628384.0,43796.0,578923.0,-7449.0,-49461.0
76680V108,Not New,RING ENERGY INC COM,2357.0,181286.0,1375.0,127051.0,-982.0,-54235.0
78455R205,Not New,SM INVTS CORP ADR,242.0,30365.0,210.0,30240.0,-32.0,-125.0
40053C105,Not New,GRUPO FINANCIERO SANTANDER ADR,198.0,20514.0,184.0,20411.0,-14.0,-103.0
92532F100,Not New,VERTEX PHARMACEUTICALS INC,766.0,5946.0,570.0,5213.0,-196.0,-733.0
N07059210,Not New,ASML HOLDING N V NYS,254196.0,1950698.0,77160.0,581027.0,-177036.0,-1369671.0
22160K105,Not New,COSTCO WHSL CORP NEW,16139.0,100913.0,754.0,4493.0,-15385.0,-96420.0
665859104,Not New,NORTHERN TR CORP,7083.0,72859.0,6336.0,73180.0,-747.0,321.0
91324P102,Not New,UNITEDHEALTH GROUP INC,1428.0,7699.0,1052.0,6414.0,-376.0,-1285.0
637870106,Not New,NATIONAL STORAGE AFFILIATES TR,2870.0,124171.0,1980.0,82845.0,-890.0,-41326.0
45667G103,Not New,INFINERA CORPORATION,52957.0,4963151.0,52424.0,5124531.0,-533.0,161380.0
87265H109,New Holding,TRI POINTE GROUPS INC COM,,,11238.0,852000.0,,
913543104,Not New,UNIVERSAL FST PRODS INC,18945.0,216988.0,19846.0,201404.0,901.0,-15584.0
391416104,Not New,GREAT WESTN BANCORP INC,5087.0,124663.0,3980.0,93855.0,-1107.0,-30808.0
97650W108,Not New,WINTRUST FINL CORP,94226.0,1232677.0,87453.0,1265237.0,-6773.0,32560.0
464287325,Not New,ISHARES TR GLOB HLTHCRE ETF,1492.0,13641.0,1260.0,12261.0,-232.0,-1380.0
690742101,Not New,OWENS CORNING NEW,23374.0,349290.0,21538.0,350958.0,-1836.0,1668.0
999ABBBDT,Not New,CIPLA GDR EACH REPR 1 ORD GDR,99239.0,11540759.0,141674.0,15486287.0,42435.0,3945528.0
464286608,Not New,ISHARES MSCI EURZONE ETF,24680.0,612018.0,15855.0,421666.0,-8825.0,-190352.0
28035Q102,Not New,EDGEWELL PERS CARE CO,7866.0,103467.0,5099.0,69722.0,-2767.0,-33745.0
06742C152,Not New,FI ENHANCED GLBL HIGH YLD BCS,1505711.0,9879996.0,1440578.0,9993600.0,-65133.0,113604.0
25754A201,Not New,DOMINOS PIZZA INC,248494.0,1174747.0,258572.0,1402994.0,10078.0,228247.0
73937B779,New Holding,POWERSHARES ETF TR II S&P500 L,,,220.0,4917.0,,
00287Y109,Not New,ABBVIE INC,49780.0,686519.0,44499.0,682915.0,-5281.0,-3604.0
110122108,Not New,BRISTOL MYERS SQUIBB CO,28252.0,507027.0,36231.0,666264.0,7979.0,159237.0
67070X101,New Holding,NUVEEN ENHANCED MUN CREDIT INC,,,154.0,10292.0,,
931427108,Not New,WALGREENS BOOTS ALLIANCE INC,559.0,7134.0,594.0,7155.0,35.0,21.0
553530106,Not New,MSC INDL DIRECT INC,53785.0,625694.0,66426.0,646422.0,12641.0,20728.0
867914103,Sold Out,SUNTRUST BKS INC,215.0,3896.0,,,,
94106L109,New Holding,WASTE MGMT INC DEL,,,206.0,2805.0,,
921908844,New Holding,VANGUARD SPECIALIZED PORTFOLIO,,,334.0,3601.0,,
464288513,Not New,ISHARES TR IBOXX HI YD ETF,263299.0,2978829.0,252200.0,2873092.0,-11099.0,-105737.0
82968B103,Not New,SIRIUS XM HLDGS INC,70.0,12715.0,71.0,13699.0,1.0,984.0
67020Y100,Not New,NUANCE COMMUNICATIONS INC,17826.0,1023922.0,17814.0,1029111.0,-12.0,5189.0
3622N9103,Not New,GS ENVIROSERVICES INC,0.0,567833.0,6.0,567833.0,6.0,0.0
654106103,Not New,NIKE INC,2276.0,38573.0,2123.0,38090.0,-153.0,-483.0
101388106,Not New,BOTTOMLINE TECH DEL INC,13703.0,533396.0,11765.0,497455.0,-1938.0,-35941.0
999E29B9T,Sold Out,ESCROW MAGNUM HUNTER RES ESCRO,0.0,10000.0,,,,
674375506,Sold Out,OBERWIES FDS INTL OPPTYS FD,249.0,11130.0,,,,
97717P104,New Holding,WISDOMTREE INVTS INC,,,11167.0,1097985.0,,
74443G104,Sold Out,PT MATAHARI DEPT STORE TBK ADR,112.0,11355.0,,,,
75886F107,Not New,REGENERON PHARMACEUTICALS,693.0,1411.0,312.0,806.0,-381.0,-605.0
075887109,Not New,BECTON DICKINSON& CO,387.0,1984.0,304.0,1659.0,-83.0,-325.0
277432100,Not New,EASTMAN CHEM CO,258.0,3077.0,262.0,3244.0,4.0,167.0
92204A702,Sold Out,VANGUARD WORLD FDS INF TECH ET,234.0,1724.0,,,,
98956P102,Not New,ZIMMER BIOMET HOLDINGS INC,16972.0,132184.0,16215.0,132791.0,-757.0,607.0
718546104,Not New,PHILLIPS 66,285.0,3451.0,429.0,5420.0,144.0,1969.0
806407102,Not New,SCHEIN HENRY INC,77503.0,423469.0,74156.0,436289.0,-3347.0,12820.0
48241A105,Not New,KB FINANCIAL GROUP INC ADR,10957.0,217019.0,8985.0,204347.0,-1972.0,-12672.0
69364M205,Sold Out,P T INDOCEMENT TUNGGAL PRA ADR,155.0,12470.0,,,,
464288240,New Holding,ISHARES TR MSCI ACWI EX US,,,433.0,9495.0,,
716382106,Not New,PETMED EXPRESS INC,4926.0,121321.0,1739.0,86359.0,-3187.0,-34962.0
761713106,Not New,REYNOLDS AMERICAN INC,578.0,8887.0,556.0,8816.0,-22.0,-71.0
37947A105,Sold Out,GLOBAL GREEN SOLUTIONS INC,0.0,51859.0,,,,
92937A102,Not New,WPP PLC NEW ADR,46790.0,443884.0,48537.0,443669.0,1747.0,-215.0
24610C857,New Holding,DELAWARE GROUP EQUITY FDS II V,,,211.0,10503.0,,
927320101,New Holding,VINCI S A ADR,,,158936.0,7458881.0,,
00769G543,Sold Out,ADVISORS INNER CIRCLE FD CAM I,227.0,9134.0,,,,
020520102,Not New,ALON USA ENERGY INC,2834.0,212800.0,2594.0,212800.0,-240.0,0.0
674599105,Not New,OCCIDENTAL PETE CORP DEL,387.0,6463.0,395.0,6241.0,8.0,-222.0
729132100,Not New,PLEXUS CORP,37459.0,712562.0,42535.0,735892.0,5076.0,23330.0
911363109,Not New,UNITED RENTALS INC,1036.0,9190.0,234.0,1872.0,-802.0,-7318.0
925550105,Not New,VIAVI SOLUTIONS INC,4870.0,462455.0,4977.0,464300.0,107.0,1845.0
12802P307,Not New,CAL-BAY INTL INC,0.0,50000.0,0.0,50000.0,0.0,0.0
035255108,Not New,ANIKA THERAPEUTICS INC,3992.0,80904.0,3047.0,70153.0,-945.0,-10751.0
311642102,Not New,FARO TECHNOLOGIES INC,2673.0,70703.0,1778.0,49736.0,-895.0,-20967.0
021515101,New Holding,ALTO GROUP HOLDINGS INC,,,0.0,43034.0,,
654744408,Sold Out,NISSAN MOTORS ADR,1677.0,87042.0,,,,
81762P102,Not New,SERVICENOW INC,2365.0,22313.0,1951.0,22307.0,-414.0,-6.0
151020104,Not New,CELGENE CORP,34276.0,263929.0,25119.0,201869.0,-9157.0,-62060.0
464287101,Not New,ISHARES TR S&P 100 ETF,319.0,2985.0,308.0,2942.0,-11.0,-43.0
G5960L103,Not New,MEDTRONIC PLC,16309.0,183765.0,573.0,7109.0,-15736.0,-176656.0
000361105,Not New,AAR CORP,37171.0,1069352.0,36513.0,1085722.0,-658.0,16370.0
M22465104,Not New,CHECK POINT SOFTWARE TECH LTD,4618.0,42340.0,4343.0,42300.0,-275.0,-40.0
921909305,Sold Out,VANGUARD STAR FD CONSERV GRW P,435.0,22968.0,,,,
93114W107,Not New,WAL MART DE MEXICO S A B D ADR,439.0,18880.0,354.0,15414.0,-85.0,-3466.0
404280406,Not New,HSBC HLDGS PLC ADR,627801.0,13533107.0,531346.0,13016816.0,-96455.0,-516291.0
49926D109,Not New,KNOWLES CORP,2586.0,152841.0,2254.0,118928.0,-332.0,-33913.0
780259206,Not New,ROYAL DUTCH SHELL PLC ADR,3902.0,73355.0,3428.0,65004.0,-474.0,-8351.0
780097689,New Holding,ROYAL BK SCOTLAND GROUP PL ADR,,,267.0,40922.0,,
921909818,New Holding,VANGUARD STAR FD TL INT STK ID,,,458.0,16429.0,,
966837106,Not New,WHOLE FOODS MKT INC,14158.0,336222.0,9910.0,333452.0,-4248.0,-2770.0
999B1FFDT,Not New,RSTK MIDSOUTH CAPITAL,0.0,25001.0,0.0,25001.0,0.0,0.0
69366J200,Not New,PTC THERAPEUTICS INC,1643.0,89642.0,882.0,89642.0,-761.0,0.0
315911701,New Holding,FIDELITY CONCORD STR TR 500 ID,,,303.0,3559.0,,
31816Q101,Not New,FIREEYE INC,31281.0,2056611.0,25988.0,2060889.0,-5293.0,4278.0
955306105,Not New,WEST PHARMACEUTICAL SVSC INC,103893.0,1099159.0,91747.0,1124209.0,-12146.0,25050.0
055183107,Not New,BAB INC,9.0,13332.0,10.0,13332.0,1.0,0.0
930059100,Not New,WADDELL& REED FINL INC,33841.0,1792407.0,31517.0,1853968.0,-2324.0,61561.0
880770102,Not New,TERADYNE INC,9105.0,303186.0,9423.0,303000.0,318.0,-186.0
269246401,Not New,E TRADE FINANCIAL CORP,40180.0,1056535.0,38184.0,1094407.0,-1996.0,37872.0
60467599T,Not New,ESCROW MIRANT CORP COM NEW,0.0,95602.0,0.0,89705.0,0.0,-5897.0
76169C100,Not New,REXFORD INDL RLTY INC,2749.0,100181.0,1611.0,71540.0,-1138.0,-28641.0
69912K99T,Not New,ESCROW PARAGON TRADE BRANDS,0.0,27600.0,0.0,27000.0,0.0,-600.0
803054204,Not New,SAP SE ADR,676407.0,6462281.0,610949.0,6223373.0,-65458.0,-238908.0
883556102,Not New,THERMO FISHER SCIENTIFIC INC,224.0,1284.0,400.0,2602.0,176.0,1318.0
46600W106,Not New,IXYS CORP,2797.0,170028.0,1722.0,118341.0,-1075.0,-51687.0
80105N105,Not New,SANOFI ADR,653419.0,13638458.0,570852.0,12615505.0,-82567.0,-1022953.0
128195104,Not New,CALATLANTIC GROUP INC,78234.0,2213126.0,82694.0,2208116.0,4460.0,-5010.0
G4474Y214,New Holding,JANUS HENDERSON GROUP PLC ORD,,,61529.0,1858308.0,,
922908710,Not New,VANGUARD INDEX FDS 500INDEX AD,400.0,1788.0,324.0,1486.0,-76.0,-302.0
237266101,Not New,DARLING INGREDIENTS INC,35709.0,2268691.0,29860.0,2056451.0,-5849.0,-212240.0
464287614,Not New,ISHARES TR RUS 1000 GRW ETF,751.0,6307.0,821.0,7215.0,70.0,908.0
48666K109,Not New,KB HOME,83589.0,3487246.0,70850.0,3563871.0,-12739.0,76625.0
353496847,New Holding,FRANKLIN CUSTODIAN FDS INC INC,,,178.0,76719.0,,
535223200,Not New,LINDE AG ADR,2104.0,111261.0,1889.0,113172.0,-215.0,1911.0
464287564,Sold Out,ISHARES TR COHEN&STEER REIT,365.0,3654.0,,,,
999AA057T,Not New,TATA GLOBAL BEVERA GDS-REP 1 O,53296.0,22858099.0,53679.0,23109998.0,383.0,251899.0
73936T557,New Holding,POWERSHARES ETF TR II FDM HG Y,,,197.0,10360.0,,
04530Y106,Not New,ASPEN PHARMACARE HLDGS LTD ADR,364.0,16593.0,340.0,16572.0,-24.0,-21.0
064058100,Not New,BANK NEW YORK MELLON CORP,421.0,8246.0,379.0,8033.0,-42.0,-213.0
921935201,New Holding,VANGUARD/WELLINGTON FD INC ADM,,,489.0,6920.0,,
40637H109,Not New,HALOZYME THERAPEUTICS INC,7872.0,614021.0,7990.0,616511.0,118.0,2490.0
072730302,Not New,BAYER A G ADR,637065.0,4934267.0,565428.0,4892720.0,-71637.0,-41547.0
861729101,Sold Out,STONE RIDGE TR II RNS RSK PR I,116.0,11203.0,,,,
855244109,Not New,STARBUCKS CORP,429.0,7362.0,830.0,14217.0,401.0,6855.0
969904101,Not New,WILLIAMS SONOMA INC,1398.0,28826.0,1546.0,28826.0,148.0,0.0
478160104,Not New,JOHNSON& JOHNSON,1521258.0,11499415.0,1381745.0,11093898.0,-139513.0,-405517.0
457985208,Not New,INTEGRA LIFESCIENCES HLDGS CP,55058.0,1010060.0,43449.0,1031310.0,-11609.0,21250.0
45662N103,Not New,INFINEON TECHNOLOGIES AG ADR,1594.0,75619.0,1545.0,75428.0,-49.0,-191.0
98138H101,Not New,WORKDAY INC,836.0,8620.0,714.0,8575.0,-122.0,-45.0
457187102,Not New,INGREDION INC,84844.0,711717.0,87991.0,730643.0,3147.0,18926.0
286600101,Not New,ELITE TECHNOLOGIES INC,0.0,10815.0,0.0,10815.0,0.0,0.0
316845PJT,Not New,FIIG EU EM,1252661.0,11088442.0,1124727.0,10813641.0,-127934.0,-274801.0
465562106,Not New,ITAU UNIBANCO HLDG SA SPON ADR,131371.0,11888801.0,135266.0,11206758.0,3895.0,-682043.0
742718109,Not New,PROCTER AND GAMBLE CO,752613.0,8635829.0,742679.0,8265762.0,-9934.0,-370067.0
74348A467,Sold Out,PROSHARES TR S&P 500 DV ARIST,205.0,3651.0,,,,
43858F109,Not New,HONG KONG EXCHANGES& CLEA ADR,207.0,8016.0,202.0,8016.0,-5.0,0.0
464287499,Not New,ISHARES TR RUS MID CAP ETF,299.0,1558.0,208.0,1113.0,-91.0,-445.0
126600105,Not New,CVB FINL CORP,3797.0,169292.0,2898.0,131186.0,-899.0,-38106.0
369604103,Not New,GENERAL ELECTRIC CO,573479.0,21232106.0,665224.0,22322947.0,91745.0,1090841.0
985817105,Not New,YELP INC,73828.0,2459293.0,10622.0,324351.0,-63206.0,-2134942.0
45780R101,Not New,INSTALLED BLDG PRODS INC,3791.0,71588.0,2744.0,52012.0,-1047.0,-19576.0
26884L109,Sold Out,EQT CORP,212.0,3474.0,,,,
464288257,Not New,ISHARES MSCI ACWI ETF,2990.0,45655.0,2787.0,44057.0,-203.0,-1598.0
78462F103,Not New,SPDR S&P 500 ETF TR TR UNIT,2738.0,11324.0,1094.0,4640.0,-1644.0,-6684.0
199908104,Not New,COMFORT SYS USA INC,3265.0,87997.0,2479.0,67630.0,-786.0,-20367.0
25470F302,Not New,DISCOVERY COMM NEW COM SER C,758.0,30087.0,861.0,30422.0,103.0,335.0
853373108,Not New,STANDARD ENERGY CORP,2.0,725920.0,6.0,725920.0,4.0,0.0
826565103,Not New,SIGMA DESIGNS INC,1549.0,264744.0,1218.0,194867.0,-331.0,-69877.0
059460303,New Holding,BANCO BRADESCO S A SP ADR ADR,,,114050.0,13417640.0,,
25746U109,New Holding,DOMINION ENERGY INC,,,210.0,2746.0,,
679580100,Not New,OLD DOMINION FGHT LINES INC,547.0,5747.0,503.0,5877.0,-44.0,130.0
4812A0458,New Holding,JPMORGAN TR I INTERMEDIATE I,,,368.0,33977.0,,
92936U109,Not New,W P CAREY INC,454.0,6873.0,309.0,4973.0,-145.0,-1900.0
204319107,Not New,COMPAGNIE FIN RICHEMONTAG ADR,159100.0,19286251.0,145581.0,18398919.0,-13519.0,-887332.0
92204A603,Not New,VANGUARD INDUSTRIALS ETF,10988.0,85571.0,6354.0,51351.0,-4634.0,-34220.0
025076100,Sold Out,AMERICAN CENTY CAP PORTFOLIOS,112.0,12238.0,,,,
282914100,Not New,8X8 INC NEW,3611.0,248147.0,2877.0,188626.0,-734.0,-59521.0
464287465,New Holding,ISHARES TR MSCI EAFE ETF,,,742.0,11387.0,,
95766J102,New Holding,WESTERN ASSET HIGH INCM FD II,,,103.0,14375.0,,
46333X108,Not New,IRONWOOD PHARMACEUTICALS INC,3830.0,202850.0,3461.0,202850.0,-369.0,0.0
773903109,Not New,ROCKWELL AUTOMATION INC,18157.0,112110.0,12815.0,82301.0,-5342.0,-29809.0
456788108,Not New,INFOSYS LTD ADR,353350.0,23525278.0,373825.0,23659840.0,20475.0,134562.0
913017109,Not New,UNITED TECHNOLOGIES CORP,447972.0,3668592.0,957757.0,8535397.0,509785.0,4866805.0
559534PAT,Not New,MAGNIT PJSC GDR,139839.0,4112900.0,159947.0,4187090.0,20108.0,74190.0
204280309,Not New,COMPAGNIE DE SAINT GOBAIN ADR,5661.0,530464.0,5345.0,519126.0,-316.0,-11338.0
717071104,Not New,PFENEX INC,343.0,85644.0,498.0,85644.0,155.0,0.0
045327103,Not New,ASPEN TECHNOLOGY INC,112987.0,2044636.0,123791.0,2101000.0,10804.0,56364.0
744573106,Sold Out,PUBLIC SVC ENTERPRISE GROUP,214.0,4825.0,,,,
269796108,Not New,EAGLE PHARMACEUTICALS INC,871.0,11045.0,637.0,7680.0,-234.0,-3365.0
06742C129,Not New,FI ENHANCED EUROPE 50 ETN BCS,436022.0,3699718.0,388736.0,3755903.0,-47286.0,56185.0
00507V109,Not New,ACTIVISION BLIZZARD INC,357.0,6199.0,288.0,5775.0,-69.0,-424.0
59156R108,New Holding,METLIFE INC,,,229.0,4175.0,,
57636Q104,Not New,MASTERCARD INCORPORATED,38132.0,313975.0,34877.0,310103.0,-3255.0,-3872.0
81369Y803,Not New,SELECT SECTOR SPDR TR TECHNOLO,757.0,13825.0,228.0,4268.0,-529.0,-9557.0
870123106,Not New,SWATCH GROUP AG ADR,857.0,46381.0,826.0,46079.0,-31.0,-302.0
06744M836,Not New,FI ENHANCED EUR 50 ETN B BCS,115018.0,811474.0,59109.0,475570.0,-55909.0,-335904.0
891160509,Not New,TORONTO DOMINION BK ONT,894.0,17753.0,871.0,17381.0,-23.0,-372.0
461308108,New Holding,INVESTMENT CO AMER CL A,,,244.0,6283.0,,
H42097107,Not New,UBS GROUP AG,682036.0,40167025.0,598568.0,37527776.0,-83468.0,-2639249.0
225401108,Not New,CREDIT SUISSE GROUP ADR,8621.0,590447.0,2270.0,152947.0,-6351.0,-437500.0
56062X500,New Holding,MAINSTAY FUNDS UNCONSTRAINED I,,,89.0,10062.0,,
268948106,Not New,EAGLE BANCORP INC MD,4680.0,73927.0,3707.0,62098.0,-973.0,-11829.0
460690100,Not New,INTERPUBLIC GROUP COS INC,247.0,10034.0,258.0,10516.0,11.0,482.0
92857W308,Not New,VODAFONE GROUP PLC NEW ADR,680976.0,23702619.0,328285.0,12420913.0,-352691.0,-11281706.0
353825102,New Holding,FRANKLIN MANAGED TR RISING DV,,,301.0,5335.0,,
79466L302,Not New,SALESFORCE COM INC,39992.0,461804.0,23539.0,285355.0,-16453.0,-176449.0
891027104,Not New,TORCHMARK CORP,14599.0,190832.0,14920.0,193665.0,321.0,2833.0
922908769,Sold Out,VANGUARD INDEX FDS TOTAL STK M,1222.0,10069.0,,,,
464287176,Not New,ISHARES TR TIPS BD ETF,801.0,7062.0,820.0,7148.0,19.0,86.0
99972987T,Not New,ESC LEHMAN BROS 7.875,0.0,25000.0,0.0,25000.0,0.0,0.0
928563402,Sold Out,VMWARE INC,338.0,3667.0,,,,
37637Q105,Not New,GLACIER BANCORP INC NEW,64284.0,1755911.0,69547.0,2049713.0,5263.0,293802.0
695127100,Not New,PACIRA PHARMACEUTICALS INC,298.0,6257.0,285.0,6257.0,-13.0,0.0
025076506,Sold Out,AMERICAN CENTY CAP PORTFOLIOS,165.0,18349.0,,,,
302130109,New Holding,EXPEDITORS INTL WASH INC,,,1269.0,22470.0,,
406216101,Not New,HALLIBURTON CO,230.0,5386.0,14927.0,303329.0,14697.0,297943.0
922908728,Not New,VANGUARD INDEX FDS TOT STKIDX,419.0,6924.0,289.0,4892.0,-130.0,-2032.0
09253U108,Sold Out,BLACKSTONE GROUP L P,361.0,12164.0,,,,
922038104,Sold Out,VANGUARD HORIZON FD INC STRATE,369.0,11077.0,,,,
371924101,Not New,GENOIL INC,42.0,470000.0,42.0,470000.0,0.0,0.0
30225T102,Not New,EXTRA SPACE STORAGE INC COM,25575.0,327885.0,25565.0,343667.0,-10.0,15782.0
69369J108,Sold Out,PT MEDIA NUSANTARA CITRA T ADR,145.0,10464.0,,,,
824596100,Not New,SHINHAN FINANCIAL GROUP CO ADR,2800.0,64385.0,2724.0,65179.0,-76.0,794.0
459200101,Not New,INTERNATIONAL BUSINESS MACHS,3389.0,22029.0,3513.0,20175.0,124.0,-1854.0
277923728,Sold Out,EATON VANCE MUT FDS TR GB MCRA,295.0,32385.0,,,,
771195104,Not New,ROCHE HLDG LTD ADR,378527.0,11875382.0,482523.0,15104940.0,103996.0,3229558.0
83364L109,Not New,SOCIETE GENERALE FRANCE SP ADR,169429.0,15766240.0,2496.0,245397.0,-166933.0,-15520843.0
315912808,New Holding,FIDELITY COMWLTH TR NDQ CP IDX,,,207.0,855.0,,
216648402,Not New,COOPER COS INC,29208.0,121995.0,20541.0,102760.0,-8667.0,-19235.0
92826C839,Not New,VISA INC,1464483.0,15616151.0,1347622.0,15163968.0,-116861.0,-452183.0
00847G705,Not New,AGENUS INC,529.0,135204.0,510.0,135204.0,-19.0,0.0
L44385109,Not New,GLOBANT S A COM,734.0,16900.0,393.0,10800.0,-341.0,-6100.0
29382R107,Not New,ENTRAVISION COMMUNICATIONS CP,2248.0,340570.0,1569.0,253007.0,-679.0,-87563.0
717081103,Not New,PFIZER INC,1143248.0,34035362.0,1120704.0,32759530.0,-22544.0,-1275832.0
353612401,New Holding,FRANKLIN INVS SECS TR EQTY INC,,,418.0,17594.0,,
83404D109,Not New,SOFTBANK GROUP CORP ADR ADR,731384.0,18067106.0,33414.0,947173.0,-697970.0,-17119933.0
88224Q107,Not New,TEXAS CAPITAL BANCSHARES INC,37950.0,490305.0,57568.0,689850.0,19618.0,199545.0
320817109,Not New,FIRST MERCHANTS CORP,2720.0,67760.0,2379.0,60514.0,-341.0,-7246.0
4380929AT,Not New,HON HAI PRECISION GDR GDR,32952.0,4279442.0,27814.0,4537344.0,-5138.0,257902.0
902973304,Not New,US BANCORP DEL,10583.0,203838.0,16302.0,316551.0,5719.0,112713.0
151290889,Not New,CEMEX SAB DE CV ADR,78990.0,8385379.0,73143.0,8064292.0,-5847.0,-321087.0
458140100,Not New,INTEL CORP,701500.0,20791355.0,727447.0,20167657.0,25947.0,-623698.0
806857108,Not New,SCHLUMBERGER LTD,4271.0,64862.0,326590.0,4181686.0,322319.0,4116824.0
25157M588,New Holding,DEUTSCHE INVT TR CROCI US FD A,,,147.0,13679.0,,
12673P105,Not New,CA INC,6731.0,195274.0,6130.0,193267.0,-601.0,-2007.0
055262505,Not New,BASF SE ADR,313080.0,3385115.0,324638.0,3266538.0,11558.0,-118577.0
81369Y407,Not New,SELECT SECTOR SPDR TR CONS DIS,1291.0,14407.0,17930.0,203861.0,16639.0,189454.0
16949N109,Not New,CHINA LODGING GROUP LTD ADR,5320.0,65937.0,4091.0,65937.0,-1229.0,0.0
370334104,Not New,GENERAL MLS INC,375.0,6767.0,410.0,6948.0,35.0,181.0
090572207,Not New,BIO RAD LABS INC,63274.0,279589.0,54690.0,274356.0,-8584.0,-5233.0
16359R103,Not New,CHEMED CORP NEW,102407.0,500692.0,93651.0,512624.0,-8756.0,11932.0
78468R408,Not New,SPDR BLOOMBERG BARCLAYS SHORT,414.0,14793.0,390.0,13933.0,-24.0,-860.0
81369Y605,Not New,SELECT SECTOR SPDR TR FINL,8869.0,359505.0,49774.0,2097516.0,40905.0,1738011.0
G3922B107,Not New,GENPACT LIMITED,14332.0,514995.0,12756.0,515182.0,-1576.0,187.0
903288348,Sold Out,USAA MUT FDS TR ULTR SHTM BOND,103.0,10291.0,,,,
552074700,Not New,LYON WILLIAM HOMES,2770.0,114741.0,1633.0,79179.0,-1137.0,-35562.0
40049J206,Not New,GRUPO TELEVISA SA ADR,256773.0,10536430.0,270576.0,10430858.0,13803.0,-105572.0
44915J100,Not New,HYPERMARCAS S A ADR,1126.0,134675.0,441.0,48300.0,-685.0,-86375.0
985636109,Not New,YELLOWCAKE MINING INC,0.0,10000.0,0.0,10000.0,0.0,0.0
14057J101,Not New,CAPITOL FED FINL INC,29701.0,2090134.0,30317.0,2072276.0,616.0,-17858.0
375558103,Not New,GILEAD SCIENCES INC,32570.0,460155.0,30675.0,451634.0,-1895.0,-8521.0
31787A507,Not New,FINISAR CORP,102159.0,3932232.0,109588.0,4008322.0,7429.0,76090.0
498456102,Not New,KLEANGAS ENERGY TECHNOLOGIES I,0.0,20400.0,0.0,20400.0,0.0,0.0
580135101,Not New,MCDONALDS CORP,1058.0,6906.0,756.0,5833.0,-302.0,-1073.0
M85548101,Not New,STRATASYS LTD,72228.0,3098571.0,62848.0,3067232.0,-9380.0,-31339.0
020002101,Not New,ALLSTATE CORP,229.0,2584.0,206.0,2523.0,-23.0,-61.0
71654V408,Not New,PETROLEO BRASILEIRO SA PET ADR,86125.0,10779106.0,104621.0,10796852.0,18496.0,17746.0
78464A474,Not New,SPDR BLOOMBERG BARC SHT ETF,45558.0,1486880.0,46816.0,1529420.0,1258.0,42540.0
339750101,New Holding,FLOOR& DECOR HLDGS INC,,,788.0,20066.0,,
889478103,Not New,TOLL BROTHERS INC,20899.0,528961.0,19061.0,527847.0,-1838.0,-1114.0
437076102,Not New,HOME DEPOT INC,817184.0,5327142.0,1270050.0,8649798.0,452866.0,3322656.0
452308109,Not New,ILLINOIS TOOL WKS INC,444.0,3096.0,327.0,2470.0,-117.0,-626.0
78468R721,Not New,SPDR SER TR NUVN BLOOMBERG MU,222537.0,4570489.0,221007.0,4612001.0,-1530.0,41512.0
235851102,Not New,DANAHER CORP DEL COM,458.0,5423.0,447.0,5224.0,-11.0,-199.0
464287861,Not New,ISHARES TR EUROPE ETF,5701.0,128634.0,4930.0,117802.0,-771.0,-10832.0
073685109,Not New,BEACON ROOFING SUPPLY INC,81999.0,1673450.0,83959.0,1707865.0,1960.0,34415.0
14915V106,Not New,CATHAY FINANCIAL-144A GDR,10721.0,650021.0,10423.0,650021.0,-298.0,0.0
353496300,Not New,FRANKLIN CUSTODIAN FDS INC INC,659.0,281802.0,316.0,133909.0,-343.0,-147893.0
608190104,Not New,MOHAWK INDS INC,325.0,1345.0,309.0,1345.0,-16.0,0.0
105262869,New Holding,BRANDES INVT TR INST CORPLSFI,,,101.0,10920.0,,
69344D408,New Holding,PLDT INC SPONSORED ADR ADR,,,201.0,5696.0,,
464287630,Not New,ISHARES TR RUS 2000 VAL ETF,1116.0,9386.0,1115.0,9438.0,-1.0,52.0
057657108,New Holding,BALATON PWR INC,,,0.0,20000.0,,
999CCEC0T,Not New,ESCROW CA STATEWIDE CMNTY DEV,0.0,10000.0,0.0,10000.0,0.0,0.0
743187106,Not New,PROGENICS PHARMACEUTICALS INC,1101.0,162122.0,922.0,97632.0,-179.0,-64490.0
03209R103,Not New,AMPHASTAR PHARMACEUTICALS INC,3492.0,195547.0,2190.0,151055.0,-1302.0,-44492.0
052769106,Not New,AUTODESK INC,25918.0,257068.0,22659.0,262046.0,-3259.0,4978.0
56108H105,Sold Out,MALAYAN BANKING BERHAD ADR,227.0,56283.0,,,,
254687106,Not New,DISNEY WALT CO,468801.0,4412242.0,1003124.0,8846672.0,534323.0,4434430.0
86172J109,Sold Out,STONE RIDGE TR III ALL ASSET V,138.0,12552.0,,,,
14964U108,Not New,CAVIUM INC,46100.0,741988.0,54077.0,754633.0,7977.0,12645.0
653656108,Not New,NICE LTD ADR,6600.0,83837.0,5714.0,84057.0,-886.0,220.0
466032109,Not New,J& J SNACK FOODS CORP,6109.0,46259.0,6705.0,49459.0,596.0,3200.0
69367X109,Sold Out,PT ASTRA INTL TBK ADR,209.0,16157.0,,,,
172062101,Not New,CINCINNATI FINL CORP,11666.0,161020.0,11857.0,164067.0,191.0,3047.0
756255204,Not New,RECKITT BENCKISER PLC ADR,58034.0,2869815.0,51517.0,2827245.0,-6517.0,-42570.0
231021106,Not New,CUMMINS INC,265.0,1635.0,241.0,1591.0,-24.0,-44.0
206022105,Not New,CONCERT PHARMACEUTICALS INC,1044.0,74839.0,757.0,44363.0,-287.0,-30476.0
45337C102,Not New,INCYTE CORP,1956.0,15532.0,2012.0,15050.0,56.0,-482.0
58733R102,Not New,MERCADOLIBRE INC,937.0,3734.0,499.0,2362.0,-438.0,-1372.0
91529Y106,Not New,UNUM GROUP,7884.0,169068.0,8225.0,175402.0,341.0,6334.0
451107106,Not New,IDACORP INC,31579.0,369993.0,31378.0,378226.0,-201.0,8233.0
9990783CT,New Holding,DB X-TRACKERS MSCI BANGLADESH,,,108.0,93261.0,,
35671D857,New Holding,FREEPORT-MCMORAN INC,,,122.0,10168.0,,
81768T108,Not New,SERVISFIRST BANCSHARES INC,5020.0,136074.0,3751.0,103117.0,-1269.0,-32957.0
05961W105,Not New,BANCO MACRO SA ADR,787.0,8542.0,390.0,4500.0,-397.0,-4042.0
223622606,Not New,COWEN INC,3500.0,215366.0,2438.0,163094.0,-1062.0,-52272.0
65339F101,New Holding,NEXTERA ENERGY INC,,,320.0,2284.0,,
233825207,Not New,DAIMLER AG UNSPONSOR ADR ADR,302004.0,4151831.0,293589.0,3960463.0,-8415.0,-191368.0
48203R104,Not New,JUNIPER NETWORKS INC,5839.0,209430.0,5868.0,210835.0,29.0,1405.0
61166W101,Not New,MONSANTO CO NEW,257.0,2173.0,213.0,1882.0,-44.0,-291.0
74736K101,Not New,QORVO INC COM,67370.0,1063967.0,74971.0,1093505.0,7601.0,29538.0
53680Q108,Not New,LITHIUM AMERS CORP NEW,41.0,62000.0,46.0,62000.0,5.0,0.0
74441M103,Sold Out,PT BK NEGARA INDONESIA PER ADR,407.0,33526.0,,,,
641069406,Not New,NESTLE S A ADR,758.0,8702.0,616.0,8020.0,-142.0,-682.0
906693106,Not New,UNION GROUP INC,0.0,59620.0,0.0,59620.0,0.0,0.0
01609W102,Not New,ALIBABA GROUP HLDG LTD ADR,1453929.0,10318873.0,593652.0,5505442.0,-860277.0,-4813431.0
55068R202,Not New,LUXOTTICA GROUP S P A ADR,47283.0,818491.0,46564.0,845843.0,-719.0,27352.0
90274D218,Not New,FI ENHANCED GLBL HIGH YLD UBS,774303.0,5173054.0,641338.0,4572168.0,-132965.0,-600886.0
40415F101,Not New,HDFC BANK LTD ADR,707803.0,8138474.0,614061.0,8163539.0,-93742.0,25065.0
81369Y209,Not New,SELECT SECTOR SPDR TR HEALTHCA,37110.0,468318.0,30756.0,413614.0,-6354.0,-54704.0
14148095T,Not New,CARDINAL CAP NET,0.0,25000.0,0.0,25000.0,0.0,0.0
160904207,Not New,CHAROEN POKPHAND FOODS PLC ADR,100.0,34413.0,111.0,34413.0,11.0,0.0
563122100,Not New,MANHATTAN SCIENTIFICS INC,1.0,40000.0,1.0,40000.0,0.0,0.0
922042858,Not New,VANGUARD FTSE EMERGING MKT ETF,6463.0,158293.0,218.0,5494.0,-6245.0,-152799.0
69367U105,Not New,PT BK MANDIRI PERSERO TBK ADR,1007.0,105214.0,1283.0,146142.0,276.0,40928.0
76122Q105,Not New,RESOURCES CONNECTION INC,2589.0,188942.0,2246.0,134079.0,-343.0,-54863.0
69369R100,Sold Out,PT XL AXIATA TBK ADR,57.0,12502.0,,,,
92763W103,Not New,VIPSHOP HLDGS LTD ADR,2540.0,240742.0,3211.0,240742.0,671.0,0.0
55405W104,Not New,MYR GROUP INC DEL,2916.0,94006.0,2997.0,73100.0,81.0,-20906.0
04316A108,Not New,ARTISAN PARTNERS ASSET MGMT IN,56087.0,1826953.0,50691.0,1836637.0,-5396.0,9684.0
44980X109,Not New,IPG PHOTONICS CORP,16400.0,113028.0,14092.0,116753.0,-2308.0,3725.0
G1991C105,Not New,CARDTRONICS PLC SHS CL A,5586.0,170000.0,7948.0,170000.0,2362.0,0.0
26613Q106,Not New,DUPONT FABROS TECHNOLOGY INC,72463.0,1184808.0,60890.0,1227873.0,-11573.0,43065.0
99912270T,New Holding,GRUPO CLARIN SA GDR EACH GDR,,,454.0,15950.0,,
928298108,Not New,VISHAY INTERTECHNOLOGY INC,80028.0,4820957.0,80908.0,4918407.0,880.0,97450.0
697435105,Not New,PALO ALTO NETWORKS INC,1030.0,7700.0,860.0,7634.0,-170.0,-66.0
714046109,Not New,PERKINELMER INC,39620.0,581447.0,34783.0,599091.0,-4837.0,17644.0
464288414,Not New,ISHARES NATIONAL MUNI BOND ETF,60009.0,544943.0,44373.0,407279.0,-15636.0,-137664.0
464288646,Not New,ISHARES TR 1-3 YR CR BD ETF,1998.0,18972.0,1940.0,18432.0,-58.0,-540.0
816850101,Not New,SEMTECH CORP,14562.0,407323.0,2703.0,79972.0,-11859.0,-327351.0
462726100,Not New,IROBOT CORP,2430.0,28883.0,1910.0,28883.0,-520.0,0.0
316827104,Not New,51JOB INC ADR,3160.0,70637.0,2590.0,70637.0,-570.0,0.0
012423109,Not New,ALBANY MOLECULAR RESH INC,4006.0,184589.0,2026.0,144417.0,-1980.0,-40172.0
48123V102,Not New,J2 GLOBAL INC,9967.0,117140.0,10644.0,126854.0,677.0,9714.0
74144T108,Not New,PRICE T ROWE GROUP INC,11228.0,151296.0,10816.0,158711.0,-412.0,7415.0
83175M205,Not New,SMITH& NEPHEW PLC ADR,77806.0,2232591.0,69756.0,2255298.0,-8050.0,22707.0
099724106,Not New,BORGWARNER INC,6868.0,162134.0,7203.0,172360.0,335.0,10226.0
G0457F107,New Holding,ARCOS DORADOS HOLDINGS INC,,,94.0,12663.0,,
002824100,Not New,ABBOTT LABS,16693.0,343410.0,740.0,16656.0,-15953.0,-326754.0
65535H208,Not New,NOMURA HLDGS INC SPONSORED ADR,19805.0,3278899.0,19445.0,3101323.0,-360.0,-177576.0
464288687,New Holding,ISHARES TR U.S. PFD STK ETF,,,225.0,5744.0,,
922018403,New Holding,VANGUARD/WINDSOR FD INC ADMIRA,,,378.0,5058.0,,
024071102,Sold Out,AMERICAN BALANCED FD CL A,219.0,8516.0,,,,
9998E18CT,Not New,HYUNDAI MOTOR CO GDR RP 1/2 OR,976.0,14009.0,1631.0,23146.0,655.0,9137.0
395259104,Not New,GREENHILL& CO INC,13840.0,688581.0,20084.0,685475.0,6244.0,-3106.0
422806109,Not New,HEICO CORP NEW,84086.0,1170462.0,84573.0,969871.0,487.0,-200591.0
456837103,Not New,ING GROEP N V ADR,626202.0,36009342.0,43295.0,2869131.0,-582907.0,-33140211.0
485170302,Not New,KANSAS CITY SOUTHERN,78958.0,754495.0,59876.0,698178.0,-19082.0,-56317.0
741503403,Not New,PRICELINE GRP INC,1861.0,995.0,1150.0,646.0,-711.0,-349.0
98426T106,Not New,YY INC ADS REPCOM CLA ADR,1979.0,34109.0,1573.0,34109.0,-406.0,0.0
42824C109,Sold Out,HEWLETT PACKARD ENTERPRISE CO,237.0,9993.0,,,,
244199105,Sold Out,DEERE& CO,206.0,1893.0,,,,
03524A108,Not New,ANHEUSER BUSCH INBEV SA/NV ADR,629886.0,5707561.0,620146.0,5650020.0,-9740.0,-57541.0
126408103,Not New,CSX CORP,618.0,11330.0,499.0,10717.0,-119.0,-613.0
22943F100,Not New,CTRIP COM INTL LTD ADR,545200.0,10122535.0,482640.0,9819740.0,-62560.0,-302795.0
237545108,Not New,DASSAULT SYS S A ADR,5331.0,59548.0,5095.0,58707.0,-236.0,-841.0
907818108,Not New,UNION PAC CORP,19011.0,174557.0,16094.0,151944.0,-2917.0,-22613.0
G0177J108,Not New,ALLERGAN PLC,1292.0,5314.0,1218.0,5099.0,-74.0,-215.0
16941M109,Not New,CHINA MOBILE LIMITED ADR,3205.0,60363.0,3340.0,60468.0,135.0,105.0
003021714,Not New,ABERDEEN FDS EMRGN MKT INSTL,199.0,13299.0,211.0,14992.0,12.0,1693.0
01879R106,New Holding,ALLIANCEBERNSTEIN GBL HGH INCM,,,133.0,10288.0,,
866082100,Not New,SUMMIT HOTEL PPTYS,1493.0,80059.0,993.0,62148.0,-500.0,-17911.0
428282107,Not New,HEXAWARE TECHNOLOGIES LTD GDR,2865.0,1528112.0,2534.0,1528112.0,-331.0,0.0
191216100,Not New,COCA COLA CO,27663.0,616787.0,458292.0,10798577.0,430629.0,10181790.0
189054109,Not New,CLOROX CO DEL,337.0,2529.0,316.0,2341.0,-21.0,-188.0
399874106,New Holding,GROWTH FD AMER INC CL A,,,433.0,9172.0,,
410120109,Not New,HANCOCK HLDG CO,10637.0,217088.0,20780.0,456200.0,10143.0,239112.0
67060U208,Not New,NUTRA PHARMA CORP,0.0,100063.0,0.0,100063.0,0.0,0.0
12709P103,Not New,CABOT MICROELECTRONICS CORP CO,4180.0,56613.0,3122.0,40755.0,-1058.0,-15858.0
453836108,Not New,INDEPENDENT BANK CORP MASS,4325.0,64894.0,3467.0,53340.0,-858.0,-11554.0
464287291,Not New,ISHARES TR GLOBAL TECH ETF,23112.0,176523.0,20613.0,165902.0,-2499.0,-10621.0
697660207,New Holding,PAMPA ENERGIA SPONS ADR LV ADR,,,559.0,9500.0,,
431466101,Not New,HILL INTERNATIONAL INC,132.0,25336.0,105.0,25336.0,-27.0,0.0
904784709,Not New,UNILEVER N V NYS,1799.0,32544.0,1348.0,27133.0,-451.0,-5411.0
99968989T,Not New,FIRST FINL HLDG CO REG S GDR,7851.0,585953.0,7138.0,585953.0,-713.0,0.0
9995910DT,Not New,SOURCE MARKETS HLTH CARE S &P U,813.0,2344.0,740.0,2386.0,-73.0,42.0
23331A109,Not New,D R HORTON INC,14274.0,412904.0,13787.0,413905.0,-487.0,1001.0
197236102,Not New,COLUMBIA BKG SYS INC,3769.0,94574.0,2608.0,66888.0,-1161.0,-27686.0
55306N104,Not New,MKS INSTRUMENT INC,49540.0,736109.0,50714.0,737664.0,1174.0,1555.0
G01767105,Not New,ALKERMES PLC,6389.0,110212.0,6459.0,110407.0,70.0,195.0
66987V109,Not New,NOVARTIS A G ADR,543050.0,6505935.0,454657.0,6121673.0,-88393.0,-384262.0
410495204,Not New,HANMI FINL CORP,2517.0,88484.0,1939.0,63061.0,-578.0,-25423.0
78463X681,Not New,SPDR INDEX SHS FDS INTL HLTH E,142788.0,2843824.0,1476.0,31472.0,-141312.0,-2812352.0
71715X104,Not New,PHARMACYTE BIOTECH INC,28.0,497604.0,49.0,497604.0,21.0,0.0
68375N103,Not New,OPKO HEALTH INC,252.0,38229.0,312.0,38979.0,60.0,750.0
90274D234,Not New,FI ENHANCED EUROPE 50 ETN UBS,509414.0,3262757.0,443506.0,3245562.0,-65908.0,-17195.0
15699658T,Not New,CERACON INC,0.0,23268.0,0.0,23268.0,0.0,0.0
87336U105,Not New,TABLEAU SOFTWARE INC,10472.0,170920.0,9191.0,185480.0,-1281.0,14560.0
27579R104,Not New,EAST WEST BANCORP INC,150075.0,2561885.0,140838.0,2728895.0,-9237.0,167010.0
91913Y100,Not New,VALERO ENERGY CORP NEW,7908.0,117222.0,7765.0,117135.0,-143.0,-87.0
43785V102,Not New,HOMESTREET INC,2395.0,86551.0,1878.0,67187.0,-517.0,-19364.0
80862K104,Not New,SCICLONE PHARMACEUTICALS INC,2490.0,226335.0,1525.0,155623.0,-965.0,-70712.0
59522J103,Not New,MID AMER APT CMNTYS INC,55294.0,524713.0,54687.0,537514.0,-607.0,12801.0
133131102,Not New,CAMDEN PPTY TR,2668.0,31204.0,2495.0,31012.0,-173.0,-192.0
70432V102,Not New,PAYCOM SOFTWARE INC,15467.0,226090.0,11822.0,205570.0,-3645.0,-20520.0
99978505T,Not New,FED BANK GDR,5797.0,3319011.0,4683.0,3319011.0,-1114.0,0.0
438516106,Not New,HONEYWELL INTL INC,19990.0,149974.0,44522.0,356550.0,24532.0,206576.0
842587107,Not New,SOUTHERN CO,244.0,5093.0,378.0,7592.0,134.0,2499.0
05565A202,Not New,BNP PARIBAS ADR,529535.0,14725049.0,35983.0,1077786.0,-493552.0,-13647263.0
084670702,Not New,BERKSHIRE HATHAWAY INC CL B,492020.0,2904998.0,953070.0,5717964.0,461050.0,2812966.0
423452101,Not New,HELMERICH& PAYNE INC,20009.0,368217.0,24776.0,372174.0,4767.0,3957.0
64115T104,Not New,NETSCOUT SYS INC,106676.0,3101060.0,120167.0,3166443.0,13491.0,65383.0
22542D423,Not New,FI ENHANCED LRG CAP GROWTH CS,1146520.0,6419199.0,983737.0,6024796.0,-162783.0,-394403.0
05508R106,Not New,B& G FOODS INC NEW,2468.0,69315.0,1976.0,49092.0,-492.0,-20223.0
256135203,Not New,DR REDDYS LABS LTD ADR,235960.0,5599434.0,222935.0,5552562.0,-13025.0,-46872.0
531172104,Not New,LIBERTY PPTY TR,3208.0,78795.0,3052.0,79180.0,-156.0,385.0
405024100,Not New,HAEMONETICS CORP,9539.0,241547.0,9817.0,241967.0,278.0,420.0
09247X101,Not New,BLACKROCK INC,46213.0,109403.0,41716.0,108774.0,-4497.0,-629.0
76123K404,New Holding,RESOURCE REAL ESTATE DIVERSIFI,,,113.0,10846.0,,
464288356,Not New,ISHARES CALIFORNIA MUNI BOND E,527.0,4477.0,521.0,4477.0,-6.0,0.0
999E5234T,New Holding,FIIG EU FM - USD,,,6312.0,61759.0,,
106776107,New Holding,BREITBURN ENERGY PARTNERS LP,,,1.0,38726.0,,
92343V104,Not New,VERIZON COMMUNICATIONS INC,20028.0,448446.0,21513.0,441284.0,1485.0,-7162.0
32051710T,Not New,100000TH FIRST HORIZON NTL CO,0.0,449493.0,0.0,449493.0,0.0,0.0
675232102,Not New,OCEANEERING INTL INC,15279.0,668962.0,18213.0,672567.0,2934.0,3605.0
346375108,Not New,FORMFACTOR INC,4879.0,393433.0,3395.0,286532.0,-1484.0,-106901.0
45253H101,Not New,IMMUNOGEN INC,1822.0,256206.0,982.0,253676.0,-840.0,-2530.0
316423102,Not New,FIDELITY TREND FD INC COM,412.0,4349.0,393.0,4349.0,-19.0,0.0
78112V102,Not New,RUBICON PROJ INC,842.0,163867.0,741.0,125727.0,-101.0,-38140.0
78464A763,Sold Out,SPDR SERIES TRUST S&P DIVID ET,216.0,2451.0,,,,
513847103,Not New,LANCASTER COLONY CORP,49402.0,402883.0,51984.0,403475.0,2582.0,592.0
66510M204,New Holding,NORTHERN DYNASTY MINERALS LTD,,,14.0,10000.0,,
315616102,Not New,F5 NETWORKS INC,989.0,7783.0,1110.0,7783.0,121.0,0.0
737630103,Not New,POTLATCH CORP NEW COM,6115.0,133814.0,6528.0,142854.0,413.0,9040.0
89355M105,Not New,TRANSCOASTAL CORP NEW,0.0,16333.0,0.0,16333.0,0.0,0.0
962166104,Not New,WEYERHAEUSER CO,9687.0,289178.0,9813.0,288775.0,126.0,-403.0
097023105,Not New,BOEING CO,57309.0,289803.0,52628.0,297568.0,-4681.0,7765.0
233326107,Not New,DST SYS INC DEL,83160.0,1347820.0,84204.0,687379.0,1044.0,-660441.0
589433101,Not New,MEREDITH CORP,55524.0,933956.0,61774.0,956256.0,6250.0,22300.0
092533108,Sold Out,BLACKROCK CAPITAL INVESTMENT C,205.0,27092.0,,,,
12637N204,Not New,CSL LTD ADR,5506.0,104013.0,4865.0,101770.0,-641.0,-2243.0
293792107,New Holding,ENTERPRISE PRODS PARTNERS L P,,,244.0,8999.0,,
46434G103,New Holding,ISHARES INC CORE MSCI EMKT,,,288.0,5759.0,,
9993B3BDT,Sold Out,RSTK HILL INTL INC,0.0,12000.0,,,,
05990K106,Not New,BANC OF CALIFORNIA INC,2243.0,104306.0,2471.0,119357.0,228.0,15051.0
45577X105,Sold Out,INDOFOOD SUKSES MAKMUR TBK ADR,209.0,6947.0,,,,
9992921AT,Not New,SK HYNIX INC 144A GDR,61584.0,1046378.0,47081.0,1041703.0,-14503.0,-4675.0
464287168,Sold Out,ISHARES TR SELECT DIVID ETF,521.0,5720.0,,,,
921921300,Sold Out,VANGUARD FENWAY FDS EQTY INCM,471.0,6640.0,,,,
194162103,Not New,COLGATE PALMOLIVE CO,17554.0,236799.0,1940.0,26509.0,-15614.0,-210290.0
891906109,Not New,TOTAL SYS SVCS INC,24295.0,417087.0,22469.0,420290.0,-1826.0,3203.0
004446100,Not New,ACETO CORP,2132.0,138018.0,1642.0,103850.0,-490.0,-34168.0
427825500,Not New,HERSHA HOSPITALITY TR,898.0,48491.0,565.0,30067.0,-333.0,-18424.0
455807107,Sold Out,INDUSTRIAL& COML BK CHINA ADR,141.0,10770.0,,,,
45104G104,Not New,ICICI BK LTD ADR,116902.0,13032554.0,99634.0,11585305.0,-17268.0,-1447249.0
54142L109,Not New,LOGMEIN INC,6711.0,64222.0,6258.0,64187.0,-453.0,-35.0
46434G822,New Holding,ISHARES INC MSCI JPN ETF NEW,,,37264.0,694579.0,,
922908629,Sold Out,VANGUARD INDEX FDS MID CAP ETF,210.0,1508.0,,,,
746764653,Not New,PUTNAM FDS TR GLOB FINL CL Y,314.0,25018.0,297.0,25018.0,-17.0,0.0
78464A417,Not New,SPDR BLOOMBERG BARCLAYS HGH YL,50371.0,1354067.0,36757.0,995314.0,-13614.0,-358753.0
316345305,New Holding,FIDELITY PURITAN TR LOW PRICE,,,261.0,4889.0,,
84473L105,Sold Out,SOUTH32 LTD COM ADR,833.0,79494.0,,,,
235825205,Not New,DANA INC,15734.0,704627.0,13628.0,705753.0,-2106.0,1126.0
03073E105,Not New,AMERISOURCEBERGEN CORP,6403.0,67736.0,6014.0,67959.0,-389.0,223.0
705573103,Not New,PEGASYSTEMS INC,93654.0,1605046.0,71769.0,1636686.0,-21885.0,31640.0
464286806,Not New,ISHARES MSCI GERMANY ETF,1242.0,41037.0,986.0,34283.0,-256.0,-6754.0
32008F606,New Holding,FIRST EAGLE FDS INC GLOBAL FD,,,324.0,5550.0,,
316345107,New Holding,FIDELITY PURITAN TR SH BEN INT,,,461.0,20664.0,,
876568502,Not New,TATA MTRS LTD ADR,194075.0,5879288.0,322986.0,9059921.0,128911.0,3180633.0
034393108,Not New,ANDREA ELECTRONICS CORP,1.0,10000.0,0.0,10000.0,-1.0,0.0
760759100,Not New,REPUBLIC SVCS INC,2137.0,33525.0,2083.0,33164.0,-54.0,-361.0
166764100,Not New,CHEVRON CORP NEW,396362.0,3799120.0,392048.0,3651370.0,-4314.0,-147750.0
443320106,Not New,HUB GROUP INC,59489.0,1551209.0,67552.0,1455865.0,8063.0,-95344.0
83408W103,Not New,SOHU COM INC COM,734.0,16291.0,641.0,16291.0,-93.0,0.0
922908736,New Holding,VANGUARD INDEX FDS GROWTH ETF,,,337.0,2651.0,,
999E5491T,Not New,ESCROW WONDER AUTO TECHNOLOGY,0.0,10370.0,0.0,10000.0,0.0,-370.0
9998CC9DT,Sold Out,ESCROW GOODRICH PETE CORP BOND,0.0,10000.0,,,,
023135106,Not New,AMAZON COM INC COM,1646096.0,1700511.0,1795028.0,2024756.0,148932.0,324245.0
21871D103,Not New,CORELOGIC INC,95744.0,2207100.0,91972.0,2258652.0,-3772.0,51552.0
598622108,Not New,MIGRATEC INC,0.0,33000.0,0.0,33000.0,0.0,0.0
91307C102,Not New,UNITED THERAPEUTICS CORP DEL,411.0,3169.0,423.0,3124.0,12.0,-45.0
999B19B2T,Not New,ESCROW AMR CORP,0.0,46063.0,0.0,45963.0,0.0,-100.0
865378103,Sold Out,SULPHCO INC,0.0,10000.0,,,,
999C7950T,Not New,ESCROW SMURFIT-STONE,0.0,16800.0,0.0,16800.0,0.0,0.0
999C465DT,Not New,ESCROW GLOBAL 1 INVT HLDGS,0.0,610050.0,0.0,600050.0,0.0,-10000.0
45784P101,Not New,INSULET CORP,870.0,16963.0,731.0,16963.0,-139.0,0.0
999E22D7T,Sold Out,AHLI UNITED BK,60.0,83044.0,,,,
55261F104,Not New,M& T BK CORP,1626.0,10040.0,5633.0,36406.0,4007.0,26366.0
775781206,Not New,ROLLS ROYCE HOLDINGS PLC ADR,3754.0,324344.0,3033.0,321735.0,-721.0,-2609.0
032095101,Not New,AMPHENOL CORP NEW,327.0,4428.0,303.0,4260.0,-24.0,-168.0
870886108,Not New,SWISS RE LTD ADR,224.0,9791.0,2996.0,133342.0,2772.0,123551.0
056752108,Not New,BAIDU INC ADR,313182.0,1750991.0,274037.0,1588436.0,-39145.0,-162555.0
40157Q109,Sold Out,GUDANG GARAM TBK PT ADR ADR,250.0,12714.0,,,,
921908877,Sold Out,VANGUARD SPECIALIZED PORTFOLIO,254.0,2164.0,,,,
637417106,Not New,NATIONAL RETAIL PPTYS INC,29806.0,762293.0,33951.0,778337.0,4145.0,16044.0
020409108,Not New,ALMOST FAMILY INC,3953.0,64123.0,2448.0,50361.0,-1505.0,-13762.0
229899109,Not New,CULLEN FROST BANKERS INC,9574.0,101946.0,19241.0,216269.0,9667.0,114323.0
69369T106,Sold Out,PT JASA MARGA PERSERO TBK ADR,88.0,12742.0,,,,
307305102,Not New,FANUC CORPORATION ADR,198770.0,10313456.0,83183.0,4061836.0,-115587.0,-6251620.0
60979P105,Not New,MONOGRAM RESIDENTIAL TR INC,676.0,69650.0,694.0,69650.0,18.0,0.0
20030N101,Not New,COMCAST CORP NEW CL A,526500.0,13527746.0,953459.0,25364691.0,426959.0,11836945.0
46115H107,Not New,INTESA SANPAOLO S P A ADR,376352.0,19811113.0,51115.0,3128521.0,-325237.0,-16682592.0
539439109,Not New,LLOYDS BANKING GROUP PLC ADR,411573.0,116593046.0,351348.0,103337539.0,-60225.0,-13255507.0
296036304,New Holding,ERSTE GROUP BK A G ADR,,,65412.0,3421400.0,,
78445W306,New Holding,SMC CORP JAPAN ADR,,,102658.0,6755251.0,,
73935A104,Not New,POWERSHARES QQQ TRUST UNIT SER,49191.0,357385.0,44311.0,334722.0,-4880.0,-22663.0
670346105,Not New,NUCOR CORP,5185.0,89599.0,5325.0,89171.0,140.0,-428.0
75102W108,Not New,RAKUTEN INC-ADR ADR,2242.0,190515.0,1870.0,186925.0,-372.0,-3590.0
70450Y103,Not New,PAYPAL HLDGS INC,28075.0,523106.0,20190.0,469322.0,-7885.0,-53784.0
693475105,Not New,PNC FINL SVCS GROUP INC,33325.0,266877.0,60872.0,506256.0,27547.0,239379.0
072743305,Not New,BAYERISCHE MOTOREN WERKE A ADR,136577.0,4408682.0,132889.0,4380543.0,-3688.0,-28139.0
999E9382T,Not New,FIIG EU EM - A USD,2431.0,17472.0,2016.0,15711.0,-415.0,-1761.0
464287598,Not New,ISHARES TR RUS 1000 VAL ETF,346.0,2973.0,341.0,2966.0,-5.0,-7.0
035710409,Sold Out,ANNALY CAP MGMT INC,115.0,10315.0,,,,
559080106,New Holding,MAGELLAN MIDSTREAM PRTNRS LP,,,273.0,3831.0,,
14040H105,Not New,CAPITAL ONE FINL CORP,108557.0,1313934.0,113696.0,1311977.0,5139.0,-1957.0
29875E100,Sold Out,EUROPACIFIC GROWTH FD SHS CL F,306.0,6219.0,,,,
171798101,Not New,CIMAREX ENERGY CO,283.0,3013.0,358.0,3000.0,75.0,-13.0
695263103,Not New,PACWEST BANCORP DEL,69043.0,1478444.0,107985.0,2027506.0,38942.0,549062.0
316200104,New Holding,FIDELITY MT VERNON STR TR GROW,,,561.0,3451.0,,
40052P107,Not New,GRUPO FINANCIERO BANORTE S ADR,239.0,7524.0,215.0,7500.0,-24.0,-24.0
369550108,Not New,GENERAL DYNAMICS CORP,2697.0,13615.0,2548.0,13613.0,-149.0,-2.0
743312100,Not New,PROGRESS SOFTWARE CORP,28151.0,911342.0,26509.0,912529.0,-1642.0,1187.0
92343X100,Not New,VERINT SYS INC,86571.0,2127041.0,89646.0,2066766.0,3075.0,-60275.0
922417100,Not New,VEECO INSTRS INC DEL,41209.0,1479678.0,45315.0,1518100.0,4106.0,38422.0
35906A108,New Holding,FRONTIER COMMUNICATIONS CORP,,,19.0,16802.0,,
207410101,Not New,CONMED CORP,30532.0,599363.0,26160.0,589051.0,-4372.0,-10312.0
23636T100,Not New,DANONE ADR,2208.0,147065.0,1967.0,144199.0,-241.0,-2866.0
316071109,New Holding,FIDELITY CONTRAFUND INC COM,,,1099.0,9622.0,,
9997818DT,Not New,BANK AUDI SAL GDR,260.0,43207.0,183.0,26600.0,-77.0,-16607.0
80007R105,Not New,SANDS CHINA LTD ADR,647.0,14134.0,653.0,14095.0,6.0,-39.0
887317303,Not New,TIME WARNER INC,1021.0,10166.0,1416.0,14492.0,395.0,4326.0
984245100,New Holding,YPF SOCIEDAD ANONIMA ADR,,,246.0,11233.0,,
D1668R123,New Holding,DAIMLER AG GRS,,,207.0,2854.0,,
22002T108,Not New,CORPORATE OFFICE PPTYS TR,22001.0,628050.0,21275.0,642735.0,-726.0,14685.0
25243Q205,Not New,DIAGEO P L C ADR,1770.0,14774.0,1614.0,13962.0,-156.0,-812.0
501044101,Not New,KROGER CO,5005.0,214609.0,6267.0,212498.0,1262.0,-2111.0
26874R108,Sold Out,ENI S P A ADR,341.0,10430.0,,,,
810186106,Not New,SCOTTS MIRACLE GRO CO,125712.0,1405234.0,135062.0,1446213.0,9350.0,40979.0
796050AAT,Not New,SAMSUNG ELECTRONIC GDR EACH RE,108030.0,104377.0,96487.0,105163.0,-11543.0,786.0
74112D101,Not New,PRESTIGE BRANDS HLDGS INC,78029.0,1477535.0,83338.0,1499958.0,5309.0,22423.0
86562M209,New Holding,SUMITOMO MITSUI FINL GROUP ADR,,,384943.0,48974918.0,,
94987W737,New Holding,WELLS FARGO ABSOLUTE RETURN FU,,,148.0,13281.0,,
G17580104,Not New,CALCITECH LTD,0.0,45000.0,0.0,45000.0,0.0,0.0
46625H100,Not New,JPMORGAN CHASE& CO,635880.0,6957114.0,1220026.0,13889188.0,584146.0,6932074.0
202712600,Not New,COMMONWEALTH BANK OF AUSTR ADR,2053.0,32314.0,2084.0,31800.0,31.0,-514.0
36870F107,New Holding,GENELINK INC,,,0.0,30000.0,,
412822108,Not New,HARLEY DAVIDSON INC,4666.0,86378.0,5860.0,96853.0,1194.0,10475.0
92932M101,Not New,WNS HOLDINGS LTD ADR,7249.0,210958.0,6036.0,210958.0,-1213.0,0.0
84951L106,New Holding,SPRING CREEK HEALTHCARE SYS IN,,,0.0,20000.0,,
297602104,Not New,ETHAN ALLEN INTERIORS INC,2628.0,81365.0,1772.0,57823.0,-856.0,-23542.0
464287507,New Holding,ISHARES S&P MID-CAP ETF,,,248.0,1424.0,,
154760409,Not New,CENTRAL PAC FINL CORP,3663.0,116381.0,2639.0,86410.0,-1024.0,-29971.0
064446RRT,Not New,BANK PEKAO SA GDR,1308.0,38855.0,1039.0,31230.0,-269.0,-7625.0
699462107,Not New,PAREXEL INTL CORP,183775.0,2114547.0,136337.0,2160308.0,-47438.0,45761.0
78464A383,Not New,SPDR BLOOMBERG BARCLAYS MTG BC,2583.0,98244.0,2594.0,98563.0,11.0,319.0
922042874,Not New,VANGUARD FTSE EUROPE ETF,41521.0,753015.0,31714.0,614963.0,-9807.0,-138052.0
G50871105,Not New,JAZZ PHARMACEUTICALS PLC,295.0,1896.0,275.0,1896.0,-20.0,0.0
896522109,New Holding,TRINITY INDS INC,,,205.0,7300.0,,
29272W109,Not New,ENERGIZER HLDGS INC NEW,6403.0,133333.0,4282.0,76808.0,-2121.0,-56525.0
038222105,Not New,APPLIED MATLS INC,239.0,5793.0,371.0,9540.0,132.0,3747.0
016255101,Not New,ALIGN TECHNOLOGY INC,14477.0,96438.0,11249.0,98065.0,-3228.0,1627.0
31428X106,New Holding,FEDEX CORP,,,233.0,1070.0,,
524901105,Not New,LEGG MASON INC,8173.0,214167.0,7356.0,203700.0,-817.0,-10467.0
655844108,Not New,NORFOLK SOUTHERN CORP,544.0,4471.0,514.0,4593.0,-30.0,122.0
606822104,Not New,MITSUBISHI UFJ FINL GROUP ADR,50774.0,7522105.0,45574.0,7188355.0,-5200.0,-333750.0
88160R101,Not New,TESLA INC,482.0,1334.0,442.0,1587.0,-40.0,253.0
416515104,Not New,HARTFORD FINL SVCS GROUP INC,561.0,10671.0,501.0,10426.0,-60.0,-245.0
571903202,Not New,MARRIOTT INTL INC NEW,10249.0,102170.0,8075.0,85742.0,-2174.0,-16428.0
89469A104,Not New,TREEHOUSE FOODS INC,60213.0,737094.0,56511.0,667509.0,-3702.0,-69585.0
94975H684,New Holding,WELLS FARGO FDS TR WF CA TX FR,,,176.0,14585.0,,
62472C102,Not New,MPHASE TECHNOLOGIES INC,0.0,126667.0,0.0,126667.0,0.0,0.0
78423H107,Not New,SGX RES INC,0.0,10000.0,0.0,10000.0,0.0,0.0
97651M109,Not New,WIPRO LTD ADR,20526.0,3947292.0,19356.0,1892096.0,-1170.0,-2055196.0
78486Q101,Not New,SVB FINL GROUP,253452.0,1441791.0,282169.0,1516305.0,28717.0,74514.0
88032Q109,Not New,TENCENT HLDGS LTD ADR ADR,591623.0,16541829.0,91125.0,3178524.0,-500498.0,-13363305.0
25157Y202,Not New,DEUTSCHE POST AG ADR,71301.0,1904764.0,65173.0,1897977.0,-6128.0,-6787.0
743315103,Not New,PROGRESSIVE CORP OHIO,5430.0,123162.0,5040.0,128631.0,-390.0,5469.0
277276101,Sold Out,EASTGROUP PPTY INC,662.0,9000.0,,,,
008252108,Not New,AFFILIATED MANAGERS GROUP,4553.0,27448.0,4475.0,27298.0,-78.0,-150.0
31617R605,New Holding,FIDELITY INSTL INVS TR FREEDOM,,,202.0,12676.0,,
34959E109,Not New,FORTINET INC,1177.0,31427.0,1196.0,31175.0,19.0,-252.0
464287333,Not New,ISHARES TR GLOBAL FINLS ETF,1243.0,19675.0,926.0,15201.0,-317.0,-4474.0
031100100,Sold Out,AMETEK INC NEW,434.0,8034.0,,,,
136375102,Not New,CANADIAN NATL RY CO,39890.0,492167.0,79392.0,1073876.0,39502.0,581709.0
47215P106,Not New,JD COM INC ADR,399661.0,10190230.0,299232.0,9618525.0,-100429.0,-571705.0
22284P105,Not New,COVENANT TRANSN GROUP INC,2143.0,122242.0,1715.0,91200.0,-428.0,-31042.0
871607107,Not New,SYNOPSYS INC,27583.0,378214.0,27319.0,378751.0,-264.0,537.0
084670108,Not New,BERKSHIRE HATHAWAY INC CL A,1528.0,6.0,1249.0,5.0,-279.0,-1.0
449172105,Not New,HYSTER YALE MATLS HANDLING INC,4371.0,62214.0,3517.0,62369.0,-854.0,155.0
20825C104,Not New,CONOCOPHILLIPS,260.0,5921.0,371.0,7433.0,111.0,1512.0
526057104,Not New,LENNAR CORP,216.0,4052.0,206.0,4025.0,-10.0,-27.0
02319V103,Not New,AMBEV SA ADR,128810.0,23462620.0,135011.0,23439336.0,6201.0,-23284.0
882508104,New Holding,TEXAS INSTRS INC,,,27614.0,358949.0,,
G5509L101,Not New,LIVANOVA PLC SHS,9977.0,163000.0,2549.0,52000.0,-7428.0,-111000.0
29977A105,Not New,EVERCORE PARTNERS INC,4572.0,64848.0,5507.0,70689.0,935.0,5841.0
464287226,Not New,ISHARES CORE US AGGREGATE BOND,2915.0,26618.0,1541.0,14205.0,-1374.0,-12413.0
05946K101,Not New,BANCO BILBAO VIZCAYA ARGEN ADR,305425.0,36534142.0,80.0,10468.0,-305345.0,-36523674.0
713448108,Not New,PEPSICO INC,666987.0,5775278.0,614970.0,5497671.0,-52017.0,-277607.0
921943858,Not New,VANGUARD FTSE DEVELOPED MKT,16903.0,409064.0,7217.0,183633.0,-9686.0,-225431.0
921913208,Sold Out,VANGUARD GROWTH& INCOME FD GR,471.0,6616.0,,,,
617446448,Not New,MORGAN STANLEY,97605.0,2190409.0,94469.0,2205157.0,-3136.0,14748.0
560599201,Sold Out,MAINGATE MLP FD CLASS I,108.0,10321.0,,,,
74006F105,Not New,PRAXSYN CORP,3.0,375000.0,3.0,375000.0,0.0,0.0
03076K108,Not New,AMERIS BANCORP,5259.0,109112.0,3811.0,82669.0,-1448.0,-26443.0
171778202,Not New,CIELO S A ADR,5976.0,801603.0,5729.0,640894.0,-247.0,-160709.0
69368G105,Sold Out,PT BK CENT ASIA TBK ADR,495.0,15937.0,,,,
72201R726,Sold Out,PIMCO ETF TR DIV INCM ACT ETF,251.0,5013.0,,,,
03071H100,Not New,AMERISAFE INC,2564.0,45018.0,2261.0,34836.0,-303.0,-10182.0
024835100,Not New,AMERICAN CAMPUS CMNTYS INC,893.0,18875.0,884.0,18575.0,-9.0,-300.0
02364W105,Not New,AMERICA MOVIL SAB DE CV ADR,240670.0,15117475.0,213180.0,15044446.0,-27490.0,-73029.0
