CUSIP,status,NAME OF ISSUER,(x$1000)_old,PRN AMT_old,(x$1000),PRN AMT,(x$1000)_change,PRN AMT_change
125523100,New Holding,CIGNA CORP NEW,,,771.0,4111.0,,
28176E108,Sold Out,EDWARDS LIFESCIENCES CORP,617.0,3269.0,,,,
552676108,Sold Out,M D C HLDGS INC,252.0,10843.0,,,,
G14838109,New Holding,MIMECAST LTD,,,273.0,6549.0,,
88146M101,Sold Out,TERRENO RLTY CORP,268.0,5181.0,,,,
624580106,New Holding,MOVADO GROUP INC,,,135.0,12442.0,,
83413U100,Sold Out,SOLAR CAP LTD,357.0,30696.0,,,,
87612G101,Sold Out,TARGA RES CORP,118.0,17066.0,,,,
871851101,New Holding,SYSTEMAX INC,,,368.0,17938.0,,
031162100,New Holding,AMGEN INC,,,455.0,1929.0,,
58513U101,Not New,MEET GROUP INC,823.0,131877.0,367.0,62474.0,-456.0,-69403.0
70438V106,Sold Out,PAYLOCITY HLDG CORP,327.0,3704.0,,,,
150870103,Not New,CELANESE CORP DEL,354.0,4104.0,555.0,7561.0,201.0,3457.0
22160N109,Sold Out,COSTAR GROUP INC,356.0,606.0,,,,
428291108,Sold Out,HEXCEL CORP NEW,572.0,15388.0,,,,
24703L202,New Holding,DELL TECHNOLOGIES INC,,,469.0,8541.0,,
358039105,New Holding,FRESHPET INC,,,305.0,3651.0,,
253798102,New Holding,DIGI INTL INC,,,190.0,16277.0,,
371901109,Sold Out,GENTEX CORP,805.0,36319.0,,,,
00972D105,New Holding,AKEBIA THERAPEUTICS INC,,,178.0,13126.0,,
90138A103,Sold Out,21VIANET GROUP INC,395.0,28504.0,,,,
125269100,Sold Out,CF INDS HLDGS INC,554.0,20380.0,,,,
83304A106,Sold Out,SNAP INC,373.0,31408.0,,,,
92240M108,Sold Out,VECTOR GROUP LTD,238.0,25266.0,,,,
171340102,Sold Out,CHURCH & DWIGHT INC,503.0,7845.0,,,,
004225108,New Holding,ACADIA PHARMACEUTICALS INC,,,289.0,5972.0,,
19249H103,Sold Out,COHERUS BIOSCIENCES INC,192.0,11857.0,,,,
44925C103,Not New,ICF INTL INC,677.0,10442.0,217.0,3164.0,-460.0,-7278.0
229050307,Sold Out,CRYOPORT INC,203.0,11919.0,,,,
552953101,Not New,MGM RESORTS INTERNATIONAL,267.0,15899.0,587.0,49765.0,320.0,33866.0
380237107,New Holding,GODADDY INC,,,375.0,5116.0,,
46428Q109,New Holding,ISHARES SILVER TR,,,17189.0,1010500.0,,
46428Q109,New Holding,ISHARES SILVER TR,,,28917.0,1700000.0,,
91704F104,New Holding,URBAN EDGE PPTYS,,,209.0,17601.0,,
904708104,Sold Out,UNIFIRST CORP MASS,202.0,1337.0,,,,
64125C109,New Holding,NEUROCRINE BIOSCIENCES INC,,,1160.0,9510.0,,
084680107,Not New,BERKSHIRE HILLS BANCORP INC,271.0,24553.0,370.0,24898.0,99.0,345.0
87266M107,Not New,TPG RE FIN TR INC,206.0,23994.0,235.0,42775.0,29.0,18781.0
873379101,New Holding,TABULA RASA HEALTHCARE INC,,,335.0,6120.0,,
126650100,Not New,CVS HEALTH CORP,419.0,6453.0,374.0,6310.0,-45.0,-143.0
374297109,Sold Out,GETTY RLTY CORP NEW,222.0,9336.0,,,,
76131V202,Not New,RETAIL PPTYS AMER INC,241.0,32906.0,147.0,28477.0,-94.0,-4429.0
95040Q104,Not New,WELLTOWER INC,250.0,4835.0,911.0,19902.0,661.0,15067.0
460146103,Sold Out,INTL PAPER CO,205.0,6588.0,,,,
34983P104,Sold Out,FORTY SEVEN INC,231.0,2424.0,,,,
600544100,New Holding,MILLER HERMAN INC,,,315.0,13337.0,,
931142103,Sold Out,WALMART INC,488.0,4291.0,,,,
87164F105,Sold Out,SYNDAX PHARMACEUTICALS INC,223.0,20326.0,,,,
871829107,Sold Out,SYSCO CORP,264.0,5775.0,,,,
74051N102,Not New,PREMIER INC,470.0,13703.0,328.0,10036.0,-142.0,-3667.0
172967424,Not New,CITIGROUP INC,316.0,6191.0,1818.0,43168.0,1502.0,36977.0
06684L103,New Holding,BAOZUN INC,,,207.0,5391.0,,
G25839104,Sold Out,COCA COLA EUROPEAN PARTNERS,551.0,14674.0,,,,
208242107,New Holding,CONNS INC,,,297.0,29413.0,,
64110W102,Sold Out,NETEASE INC,1116.0,3477.0,,,,
M7516K103,Not New,NOVA MEASURING INSTRUMENTS L,212.0,4396.0,297.0,9096.0,85.0,4700.0
828806109,Sold Out,SIMON PPTY GROUP INC NEW,721.0,13143.0,,,,
31680Q104,New Holding,58 COM INC,,,288.0,5345.0,,
3621LQ109,Sold Out,G1 THERAPEUTICS INC,148.0,13388.0,,,,
163075104,Not New,CHEETAH MOBILE INC,164.0,95403.0,89.0,42364.0,-75.0,-53039.0
87266J104,New Holding,TPI COMPOSITES INC,,,2970.0,127100.0,,
92343E102,New Holding,VERISIGN INC,,,1262.0,6102.0,,
68389X105,New Holding,ORACLE CORP,,,313.0,5664.0,,
237194105,Sold Out,DARDEN RESTAURANTS INC,346.0,6345.0,,,,
25525P107,New Holding,DIVERSIFIED HEALTHCARE TR,,,118.0,26557.0,,
42250P103,Sold Out,HEALTHPEAK PROPERTIES INC,551.0,23086.0,,,,
18914U100,New Holding,CLOUDERA INC,,,718.0,56445.0,,
74838J101,Not New,QUIDEL CORP,896.0,4005.0,625.0,6389.0,-271.0,2384.0
489398107,Sold Out,KENNEDY-WILSON HLDGS INC,212.0,15818.0,,,,
45781M101,Not New,INNOVIVA INC,553.0,39534.0,493.0,41944.0,-60.0,2410.0
98986T108,Not New,ZYNGA INC,9366.0,981748.0,133.0,19438.0,-9233.0,-962310.0
83418M103,Not New,SOLARIS OILFIELD INFRSTR INC,192.0,25839.0,148.0,28143.0,-44.0,2304.0
44331K103,New Holding,HUAMI CORP,,,186.0,15084.0,,
812578102,New Holding,SEATTLE GENETICS INC,,,736.0,4331.0,,
31620M106,New Holding,FIDELITY NATL INFORMATION SV,,,3392.0,25300.0,,
38141G104,Sold Out,GOLDMAN SACHS GROUP INC,594.0,3844.0,,,,
875372203,Sold Out,TANDEM DIABETES CARE INC,283.0,4395.0,,,,
037833100,Not New,APPLE INC,1824.0,5000.0,3942.0,15503.0,2118.0,10503.0
037833100,Not New,APPLE INC,4560.0,12500.0,3942.0,15503.0,-618.0,3003.0
037833100,Not New,APPLE INC,18680.0,51205.0,3942.0,15503.0,-14738.0,-35702.0
204429104,Sold Out,COMPANIA CERVECERIAS UNIDAS,228.0,17039.0,,,,
53220K504,Not New,LIGAND PHARMACEUTICALS INC,710.0,6347.0,238.0,3275.0,-472.0,-3072.0
302635206,New Holding,FS KKR CAPITAL CORP,,,196.0,13976.0,,
174610105,Sold Out,CITIZENS FINANCIAL GROUP INC,885.0,47066.0,,,,
75606N109,New Holding,REALPAGE INC,,,235.0,3610.0,,
512807108,Not New,LAM RESEARCH CORP,5220.0,16139.0,640.0,2665.0,-4580.0,-13474.0
00773U108,Sold Out,ADVERUM BIOTECHNOLOGIES INC,260.0,26570.0,,,,
81761L102,New Holding,SERVICE PPTYS TR,,,271.0,38262.0,,
09062X103,Not New,BIOGEN INC,356.0,1332.0,1669.0,5275.0,1313.0,3943.0
29444U700,Not New,EQUINIX INC,11472.0,16335.0,6433.0,10300.0,-5039.0,-6035.0
N33462107,New Holding,FRANKS INTL N V,,,219.0,98291.0,,
833034101,Sold Out,SNAP ON INC,302.0,2772.0,,,,
676220106,New Holding,OFFICE DEPOT INC,,,46.0,19401.0,,
534187109,Not New,LINCOLN NATL CORP IND,483.0,13134.0,477.0,18129.0,-6.0,4995.0
05338G106,New Holding,AVALARA INC,,,1078.0,8100.0,,
126501105,New Holding,CTS CORP,,,318.0,15888.0,,
554382101,New Holding,MACERICH CO,,,211.0,23509.0,,
589378108,Not New,MERCURY SYS INC,283.0,3604.0,306.0,4288.0,23.0,684.0
14575E105,New Holding,CARS COM INC,,,152.0,26358.0,,
14167L103,New Holding,CAREDX INC,,,317.0,8948.0,,
464287184,New Holding,ISHARES TR,,,3970.0,100000.0,,
464287184,New Holding,ISHARES TR,,,23026.0,580000.0,,
118440106,New Holding,BUCKLE INC,,,291.0,18533.0,,
493267108,Not New,KEYCORP,146.0,11982.0,717.0,69121.0,571.0,57139.0
858155203,Sold Out,STEELCASE INC,360.0,36503.0,,,,
40171V100,Sold Out,GUIDEWIRE SOFTWARE INC,561.0,7070.0,,,,
093712107,New Holding,BLOOM ENERGY CORP,,,3358.0,308631.0,,
29476L107,Not New,EQUITY RESIDENTIAL,509.0,8655.0,1091.0,17674.0,582.0,9019.0
87236Y108,Not New,TD AMERITRADE HLDG CORP,249.0,6836.0,209.0,6021.0,-40.0,-815.0
62857M105,Sold Out,MYOKARDIA INC,555.0,11845.0,,,,
29089Q105,New Holding,EMERGENT BIOSOLUTIONS INC,,,509.0,6434.0,,
09627Y109,Sold Out,BLUEPRINT MEDICINES CORP,255.0,4352.0,,,,
58933Y105,New Holding,MERCK & CO. INC,,,211.0,2724.0,,
948741103,Not New,WEINGARTEN RLTY INVS,226.0,11928.0,658.0,45619.0,432.0,33691.0
00090Q103,New Holding,ADT INC DEL,,,148.0,18525.0,,
60739U204,New Holding,MOBILEIRON INC,,,56.0,11308.0,,
67066G104,Not New,NVIDIA CORPORATION,14855.0,39102.0,15082.0,57216.0,227.0,18114.0
09239B109,New Holding,BLACKLINE INC,,,237.0,2855.0,,
143658300,Sold Out,CARNIVAL CORP,376.0,28543.0,,,,
62914V106,New Holding,NIO INC,,,198.0,25630.0,,
49456B101,Sold Out,KINDER MORGAN INC DEL,924.0,66358.0,,,,
48020Q107,Sold Out,JONES LANG LASALLE INC,269.0,2667.0,,,,
45073V108,Sold Out,ITT INC,328.0,7226.0,,,,
55616P104,New Holding,MACYS INC,,,132.0,19152.0,,
594918104,Sold Out,MICROSOFT CORP,82798.0,525000.0,,,,
037411105,Sold Out,APACHE CORP,93.0,22364.0,,,,
64051T100,New Holding,NEOPHOTONICS CORP,,,448.0,50503.0,,
875465106,New Holding,TANGER FACTORY OUTLET CTRS I,,,139.0,19454.0,,
025932104,New Holding,AMERICAN FINL GROUP INC OHIO,,,543.0,8549.0,,
984017103,New Holding,XENIA HOTELS & RESORTS INC,,,314.0,33688.0,,
12662P108,Sold Out,CVR ENERGY INC,250.0,15128.0,,,,
609839105,New Holding,MONOLITHIC PWR SYS INC,,,303.0,1279.0,,
G7T16G103,Not New,SAPIENS INTL CORP N V,871.0,31133.0,592.0,31133.0,-279.0,0.0
703395103,Sold Out,PATTERSON COS INC,298.0,19487.0,,,,
949746101,Not New,WELLS FARGO CO NEW,727.0,28380.0,1317.0,45904.0,590.0,17524.0
384313508,New Holding,GRAFTECH INTL LTD,,,634.0,79423.0,,
7591EP100,Not New,REGIONS FINANCIAL CORP NEW,174.0,15620.0,274.0,30553.0,100.0,14933.0
607525102,New Holding,MODEL N INC,,,284.0,8179.0,,
G491BT108,Sold Out,INVESCO LTD,358.0,39441.0,,,,
011642105,New Holding,ALARM COM HLDGS INC,,,394.0,6085.0,,
401617105,New Holding,GUESS INC,,,321.0,33238.0,,
040047607,Not New,ARENA PHARMACEUTICALS INC,292.0,4643.0,232.0,5525.0,-60.0,882.0
450056106,New Holding,IRHYTHM TECHNOLOGIES INC,,,238.0,2054.0,,
42806J106,New Holding,HERTZ GLOBAL HLDGS INC,,,83.0,58900.0,,
56585A102,Sold Out,MARATHON PETE CORP,281.0,11901.0,,,,
253031108,Not New,DICERNA PHARMACEUTICALS INC,628.0,24733.0,228.0,12422.0,-400.0,-12311.0
338307101,New Holding,FIVE9 INC,,,628.0,5672.0,,
05605H100,New Holding,BWX TECHNOLOGIES INC,,,419.0,7402.0,,
74965L101,Not New,RLJ LODGING TR,238.0,25258.0,171.0,22153.0,-67.0,-3105.0
30161Q104,New Holding,EXELIXIS INC,,,335.0,14107.0,,
722304102,Not New,PINDUODUO INC,1245.0,14500.0,636.0,17646.0,-609.0,3146.0
668771108,Not New,NORTONLIFELOCK INC,1158.0,58419.0,729.0,38940.0,-429.0,-19479.0
02079K305,Sold Out,ALPHABET INC,457.0,393.0,,,,
G02602103,Not New,AMDOCS LTD,302.0,4963.0,677.0,12321.0,375.0,7358.0
46120E602,New Holding,INTUITIVE SURGICAL INC,,,13171.0,23114.0,,
29452E101,New Holding,EQUITABLE HLDGS INC,,,213.0,11043.0,,
345370860,Sold Out,FORD MTR CO DEL,94.0,19449.0,,,,
69924R108,Not New,PARAMOUNT GROUP INC,199.0,25757.0,480.0,54549.0,281.0,28792.0
314211103,New Holding,FEDERATED HERMES INC,,,243.0,10258.0,,
88104R209,New Holding,TERRAFORM PWR INC,,,4910.0,266283.0,,
90138F102,Sold Out,TWILIO INC,511.0,5710.0,,,,
025816109,New Holding,AMERICAN EXPRESS CO,,,233.0,2451.0,,
647551100,Sold Out,NEW MTN FIN CORP,87.0,12766.0,,,,
98401F105,New Holding,XENCOR INC,,,295.0,9098.0,,
78573L106,Sold Out,SABRA HEALTH CARE REIT INC,528.0,48347.0,,,,
G3323L100,New Holding,FABRINET,,,585.0,9376.0,,
651718504,New Holding,NEWPARK RES INC,,,52.0,23504.0,,
461202103,Not New,INTUIT,445.0,1504.0,1254.0,5452.0,809.0,3948.0
00401C108,Not New,ACACIA COMMUNICATIONS INC,417.0,6200.0,391.0,5824.0,-26.0,-376.0
635309107,New Holding,NATIONAL CINEMEDIA INC,,,182.0,61223.0,,
05561Q201,Sold Out,BOK FINL CORP,225.0,5289.0,,,,
21870Q105,Sold Out,CORESITE RLTY CORP,876.0,7558.0,,,,
500255104,Sold Out,KOHLS CORP,456.0,31221.0,,,,
404609109,New Holding,HACKETT GROUP INC,,,229.0,16916.0,,
04016X101,Sold Out,ARGENX SE,255.0,1939.0,,,,
G04553106,Sold Out,ARCO PLATFORM LTD,233.0,5510.0,,,,
16208T102,New Holding,CHATHAM LODGING TR,,,224.0,36603.0,,
532457108,Not New,LILLY ELI & CO,378.0,2300.0,333.0,2400.0,-45.0,100.0
192446102,Sold Out,COGNIZANT TECHNOLOGY SOLUTIO,527.0,11334.0,,,,
974155103,New Holding,WINGSTOP INC,,,494.0,3554.0,,
64110L106,Not New,NETFLIX INC,4200.0,9231.0,753.0,2004.0,-3447.0,-7227.0
23283R100,Sold Out,CYRUSONE INC,310.0,5016.0,,,,
947890109,Sold Out,WEBSTER FINL CORP CONN,225.0,9831.0,,,,
31847R102,Not New,FIRST AMERN FINL CORP,233.0,4854.0,328.0,7731.0,95.0,2877.0
74971D101,New Holding,RPT REALTY,,,93.0,13389.0,,
67103H107,New Holding,OREILLY AUTOMOTIVE INC,,,287.0,681.0,,
852312305,New Holding,STAAR SURGICAL CO,,,1464.0,23796.0,,
852312305,New Holding,STAAR SURGICAL CO,,,2154.0,35000.0,,
852857200,Not New,STAMPS COM INC,503.0,2737.0,455.0,3500.0,-48.0,763.0
88025T102,New Holding,TENABLE HLDGS INC,,,340.0,11397.0,,
36467J108,Sold Out,GAMING & LEISURE PPTYS INC,644.0,23254.0,,,,
G8827U100,Sold Out,THIRD PT REINS LTD,499.0,67322.0,,,,
89417E109,Sold Out,TRAVELERS COMPANIES INC,533.0,5365.0,,,,
74874Q100,New Holding,QUINSTREET INC,,,141.0,13460.0,,
680223104,Not New,OLD REP INTL CORP,332.0,20326.0,928.0,60881.0,596.0,40555.0
29355A107,New Holding,ENPHASE ENERGY INC,,,5726.0,120373.0,,
044186104,Sold Out,ASHLAND GLOBAL HLDGS INC,202.0,4028.0,,,,
131193104,Sold Out,CALLAWAY GOLF CO,229.0,22374.0,,,,
62855J104,New Holding,MYRIAD GENETICS INC,,,124.0,10933.0,,
00206R102,Sold Out,AT&T INC,347.0,11913.0,,,,
761152107,Not New,RESMED INC,498.0,2596.0,952.0,6461.0,454.0,3865.0
35471R106,New Holding,FRANKLIN STR PPTYS CORP,,,75.0,14760.0,,
29530P102,Sold Out,ERIE INDTY CO,312.0,2106.0,,,,
05464T104,Sold Out,AXSOME THERAPEUTICS INC,558.0,9478.0,,,,
302941109,Sold Out,FTI CONSULTING INC,529.0,4418.0,,,,
29260V105,Not New,ENDAVA PLC,300.0,6207.0,218.0,6207.0,-82.0,0.0
265504100,Not New,DUNKIN BRANDS GROUP INC,256.0,3929.0,1009.0,19007.0,753.0,15078.0
464287242,New Holding,ISHARES TR,,,6962.0,51760.0,,
37045V100,Sold Out,GENERAL MTRS CO,600.0,28894.0,,,,
279158109,New Holding,ECOPETROL S A,,,257.0,23104.0,,
18539C204,New Holding,CLEARWAY ENERGY INC,,,5506.0,238750.0,,
78463V107,Not New,SPDR GOLD TR,6929.0,41400.0,296.0,2000.0,-6633.0,-39400.0
78463V107,Not New,SPDR GOLD TR,6929.0,41400.0,5922.0,40000.0,-1007.0,-1400.0
78463V107,Not New,SPDR GOLD TR,8369.0,50000.0,296.0,2000.0,-8073.0,-48000.0
78463V107,Not New,SPDR GOLD TR,8369.0,50000.0,5922.0,40000.0,-2447.0,-10000.0
78463V107,Not New,SPDR GOLD TR,418037.0,2497680.0,296.0,2000.0,-417741.0,-2495680.0
78463V107,Not New,SPDR GOLD TR,418037.0,2497680.0,5922.0,40000.0,-412115.0,-2457680.0
14161W105,Sold Out,CARDLYTICS INC,300.0,8574.0,,,,
N00985106,Not New,AERCAP HOLDINGS NV,229.0,7433.0,376.0,16503.0,147.0,9070.0
556269108,New Holding,MADDEN STEVEN LTD,,,535.0,21655.0,,
966084204,New Holding,WHITESTONE REIT,,,209.0,28738.0,,
038336103,Sold Out,APTARGROUP INC,824.0,8276.0,,,,
74933V108,Sold Out,RA PHARMACEUTICALS INC,434.0,9049.0,,,,
24665A103,Sold Out,DELEK US HLDGS INC NEW,410.0,26000.0,,,,
92047W101,Sold Out,VALVOLINE INC,1188.0,90720.0,,,,
864159108,New Holding,STURM RUGER & CO INC,,,377.0,4958.0,,
74340W103,Sold Out,PROLOGIS INC.,1792.0,22293.0,,,,
379890106,New Holding,GLU MOBILE INC,,,645.0,69553.0,,
126117100,Sold Out,CNA FINL CORP,389.0,12543.0,,,,
10921T101,New Holding,BRIGHTCOVE INC,,,318.0,40302.0,,
700517105,Not New,PARK HOTELS RESORTS INC,305.0,30830.0,368.0,46512.0,63.0,15682.0
224399105,New Holding,CRANE CO,,,311.0,5223.0,,
05968L102,New Holding,BANCOLOMBIA S A,,,223.0,8487.0,,
007903107,Not New,ADVANCED MICRO DEVICES INC,261.0,4954.0,1271.0,27941.0,1010.0,22987.0
754730109,Sold Out,RAYMOND JAMES FINANCIAL INC,378.0,5986.0,,,,
803607100,New Holding,SAREPTA THERAPEUTICS INC,,,484.0,3020.0,,
053484101,Not New,AVALONBAY CMNTYS INC,479.0,3099.0,1034.0,7025.0,555.0,3926.0
98379L100,New Holding,XPEL INC,,,349.0,22285.0,,
76680R206,Sold Out,RINGCENTRAL INC,611.0,2885.0,,,,
00971T101,Not New,AKAMAI TECHNOLOGIES INC,282.0,2634.0,956.0,10446.0,674.0,7812.0
023139884,New Holding,AMBAC FINL GROUP INC,,,241.0,16804.0,,
343498101,Sold Out,FLOWERS FOODS INC,225.0,10971.0,,,,
G0450A105,Sold Out,ARCH CAP GROUP LTD,258.0,9058.0,,,,
91822M106,Sold Out,VEON LTD,106.0,70469.0,,,,
91359V107,New Holding,UNIVERSAL INS HLDGS INC,,,228.0,12871.0,,
78573M104,Sold Out,SABRE CORP,119.0,20114.0,,,,
377322102,Sold Out,GLAUKOS CORP,230.0,7466.0,,,,
800422107,Not New,SANFILIPPO JOHN B & SON INC,338.0,3963.0,354.0,3963.0,16.0,0.0
09259E108,Not New,BLACKROCK TCP CAPITAL CORP,158.0,17294.0,137.0,21903.0,-21.0,4609.0
848574109,New Holding,SPIRIT AEROSYSTEMS HLDGS INC,,,250.0,10462.0,,
025676206,New Holding,AMERICAN EQTY INVT LIFE HLD,,,240.0,9716.0,,
16383L106,Sold Out,CHEMOCENTRYX INC,273.0,6783.0,,,,
747525103,New Holding,QUALCOMM INC,,,436.0,4783.0,,
83001A102,Sold Out,SIX FLAGS ENTMT CORP NEW,366.0,29159.0,,,,
744320102,Not New,PRUDENTIAL FINL INC,694.0,11400.0,1472.0,28227.0,778.0,16827.0
626755102,New Holding,MURPHY USA INC,,,273.0,2424.0,,
778296103,New Holding,ROSS STORES INC,,,473.0,5550.0,,
701877102,Not New,PARSLEY ENERGY INC,189.0,17699.0,1285.0,224338.0,1096.0,206639.0
58506Q109,New Holding,MEDPACE HLDGS INC,,,616.0,6618.0,,
620076307,Sold Out,MOTOROLA SOLUTIONS INC,970.0,7296.0,,,,
45781D101,Not New,INOVALON HLDGS INC,631.0,32746.0,205.0,12326.0,-426.0,-20420.0
N3167Y103,Not New,FERRARI N V,340.0,1991.0,607.0,3981.0,267.0,1990.0
23284F105,Sold Out,CYTOMX THERAPEUTICS INC,93.0,12143.0,,,,
747798106,New Holding,QUDIAN INC,,,88.0,51515.0,,
060505104,Not New,BK OF AMERICA CORP,293.0,12349.0,796.0,37481.0,503.0,25132.0
92532F100,Not New,VERTEX PHARMACEUTICALS INC,1029.0,3545.0,278.0,1170.0,-751.0,-2375.0
31620R303,Sold Out,FIDELITY NATIONAL FINANCIAL,708.0,28446.0,,,,
35905A109,New Holding,FRONTDOOR INC,,,305.0,6874.0,,
431284108,New Holding,HIGHWOODS PPTYS INC,,,263.0,7057.0,,
22160K105,Sold Out,COSTCO WHSL CORP NEW,699.0,2450.0,,,,
53261M104,New Holding,LIMELIGHT NETWORKS INC,,,356.0,48378.0,,
665859104,Not New,NORTHERN TR CORP,406.0,5116.0,664.0,8803.0,258.0,3687.0
206787103,New Holding,CONDUENT INC,,,83.0,34709.0,,
91324P102,New Holding,UNITEDHEALTH GROUP INC,,,390.0,1323.0,,
268158201,New Holding,DYNAVAX TECHNOLOGIES CORP,,,216.0,24348.0,,
391416104,New Holding,GREAT WESTN BANCORP INC,,,191.0,13873.0,,
97650W108,Sold Out,WINTRUST FINL CORP,377.0,11470.0,,,,
576853105,New Holding,MATRIX SVC CO,,,285.0,29305.0,,
26884U109,Not New,EPR PPTYS,204.0,6170.0,684.0,28237.0,480.0,22067.0
98980G102,Sold Out,ZSCALER INC,529.0,8686.0,,,,
00287Y109,New Holding,ABBVIE INC,,,540.0,5500.0,,
63009R109,Sold Out,NANOSTRING TECHNOLOGIES INC,235.0,9778.0,,,,
110122108,New Holding,BRISTOL-MYERS SQUIBB CO,,,648.0,11019.0,,
25278X109,Not New,DIAMONDBACK ENERGY INC,437.0,10446.0,1569.0,59904.0,1132.0,49458.0
931427108,Sold Out,WALGREENS BOOTS ALLIANCE INC,770.0,16820.0,,,,
30239F106,Not New,FBL FINL GROUP INC,319.0,8892.0,415.0,8892.0,96.0,0.0
69007J106,New Holding,OUTFRONT MEDIA INC,,,152.0,10745.0,,
06746P621,Not New,BARCLAYS BK PLC,1697.0,50000.0,463.0,10000.0,-1234.0,-40000.0
04280A100,Sold Out,ARROWHEAD PHARMACEUTICALS IN,703.0,24434.0,,,,
05945F103,Not New,BANCFIRST CORP,262.0,6464.0,216.0,6464.0,-46.0,0.0
436106108,Not New,HOLLYFRONTIER CORP,212.0,7252.0,439.0,17925.0,227.0,10673.0
233051879,Sold Out,DBX ETF TR,225.0,8700.0,,,,
464288513,Sold Out,ISHARES TR,1534.0,20000.0,,,,
464288513,Sold Out,ISHARES TR,19171.0,250000.0,,,,
16934Q208,New Holding,CHIMERA INVT CORP,,,308.0,32040.0,,
82968B103,Sold Out,SIRIUS XM HLDGS INC,136.0,27630.0,,,,
38173M102,Sold Out,GOLUB CAP BDC INC,204.0,16630.0,,,,
98986M103,New Holding,ZYNEX INC,,,405.0,16290.0,,
125581801,Sold Out,CIT GROUP INC,516.0,29886.0,,,,
75886F107,Not New,REGENERON PHARMACEUTICALS,312.0,500.0,965.0,1976.0,653.0,1476.0
25470M109,Sold Out,DISH NETWORK CORPORATION,318.0,15914.0,,,,
320209109,New Holding,FIRST FINL BANCORP OH,,,236.0,16956.0,,
749660106,New Holding,RPC INC,,,71.0,22900.0,,
364760108,Sold Out,GAP INC,94.0,13350.0,,,,
04247X102,New Holding,ARMSTRONG WORLD INDS INC,,,257.0,3301.0,,
02156B103,Sold Out,ALTERYX INC,234.0,2463.0,,,,
860897107,Sold Out,STITCH FIX INC,148.0,11675.0,,,,
862121100,Sold Out,STORE CAP CORP,556.0,30677.0,,,,
718546104,Sold Out,PHILLIPS 66,535.0,9973.0,,,,
806407102,Sold Out,HENRY SCHEIN INC,700.0,13853.0,,,,
871237103,New Holding,SYKES ENTERPRISES INC,,,376.0,13583.0,,
25179M103,Sold Out,DEVON ENERGY CORP NEW,161.0,23347.0,,,,
853666105,New Holding,STANDARD MTR PRODS INC,,,273.0,6636.0,,
716382106,New Holding,PETMED EXPRESS INC,,,633.0,17763.0,,
690732102,Sold Out,OWENS & MINOR INC NEW,139.0,15227.0,,,,
896945201,New Holding,TRIPADVISOR INC,,,392.0,20607.0,,
422347104,New Holding,HEARTLAND EXPRESS INC,,,284.0,13647.0,,
G9078F107,Not New,TRITON INTL LTD,537.0,17751.0,819.0,31644.0,282.0,13893.0
670002401,New Holding,NOVAVAX INC,,,245.0,2940.0,,
674599105,Sold Out,OCCIDENTAL PETE CORP,695.0,60000.0,,,,
925550105,Sold Out,VIAVI SOLUTIONS INC,280.0,25015.0,,,,
067806109,New Holding,BARNES GROUP INC,,,363.0,9172.0,,
87918A105,Not New,TELADOC HEALTH INC,535.0,2803.0,3189.0,20575.0,2654.0,17772.0
70806A106,New Holding,PENNANTPARK FLOATING RATE CA,,,137.0,16368.0,,
55272X102,Not New,MFA FINL INC,399.0,160105.0,145.0,93957.0,-254.0,-66148.0
679295105,Not New,OKTA INC,633.0,3163.0,1944.0,15904.0,1311.0,12741.0
81762P102,Sold Out,SERVICENOW INC,1137.0,3969.0,,,,
G06242104,Sold Out,ATLASSIAN CORP PLC,600.0,4368.0,,,,
78468R556,New Holding,SPDR SER TR,,,783.0,15000.0,,
78468R556,New Holding,SPDR SER TR,,,1305.0,25000.0,,
78468R556,New Holding,SPDR SER TR,,,2364.0,45300.0,,
M22465104,New Holding,CHECK POINT SOFTWARE TECH LT,,,794.0,7391.0,,
929089100,New Holding,VOYA FINANCIAL INC,,,497.0,10662.0,,
978097103,Sold Out,WOLVERINE WORLD WIDE INC,325.0,21357.0,,,,
615394202,New Holding,MOOG INC,,,382.0,7219.0,,
11120U105,New Holding,BRIXMOR PPTY GROUP INC,,,250.0,19490.0,,
09857L108,New Holding,BOOKING HOLDINGS INC,,,396.0,249.0,,
205768302,New Holding,COMSTOCK RES INC,,,81.0,18500.0,,
929042109,Not New,VORNADO RLTY TR,329.0,8608.0,496.0,13704.0,167.0,5096.0
20440T300,Sold Out,COMPANHIA BRASILEIRA DE DIST,204.0,16139.0,,,,
129500104,New Holding,CALERES INC,,,254.0,30450.0,,
723787107,Sold Out,PIONEER NAT RES CO,1868.0,26630.0,,,,
G4474Y214,Sold Out,JANUS HENDERSON GROUP PLC,774.0,50513.0,,,,
72919P202,New Holding,PLUG POWER INC,,,4951.0,603083.0,,
48666K109,Sold Out,KB HOME,186.0,10265.0,,,,
444859102,New Holding,HUMANA INC,,,290.0,748.0,,
552848103,New Holding,MGIC INVT CORP WIS,,,338.0,41246.0,,
75513E101,New Holding,RAYTHEON TECHNOLOGIES CORP,,,578.0,9373.0,,
739276103,Sold Out,POWER INTEGRATIONS INC,217.0,2457.0,,,,
40637H109,New Holding,HALOZYME THERAPEUTICS INC,,,1319.0,49216.0,,
54150E104,New Holding,LOMA NEGRA CORP,,,241.0,56609.0,,
12572Q105,Not New,CME GROUP INC,537.0,3301.0,1276.0,7377.0,739.0,4076.0
478160104,New Holding,JOHNSON & JOHNSON,,,297.0,2115.0,,
49803T300,New Holding,KITE RLTY GROUP TR,,,168.0,14568.0,,
98138H101,Sold Out,WORKDAY INC,267.0,2049.0,,,,
03784Y200,New Holding,APPLE HOSPITALITY REIT INC,,,225.0,23296.0,,
13123X102,New Holding,CALLON PETE CO DEL,,,34.0,29746.0,,
036642106,New Holding,ANTARES PHARMA INC,,,94.0,34165.0,,
26884L109,Not New,EQT CORP,12244.0,1028944.0,5941.0,840336.0,-6303.0,-188608.0
985817105,Sold Out,YELP INC,380.0,21056.0,,,,
867652406,New Holding,SUNPOWER CORP,,,5635.0,735619.0,,
36165L108,Sold Out,GDS HLDGS LTD,969.0,16713.0,,,,
18270P109,New Holding,CLARUS CORP NEW,,,247.0,21328.0,,
464288281,New Holding,ISHARES TR,,,16925.0,154960.0,,
58155Q103,New Holding,MCKESSON CORP,,,208.0,1359.0,,
212015101,Sold Out,CONTINENTAL RES INC,1249.0,163488.0,,,,
60877T100,Sold Out,MOMENTA PHARMACEUTICALS INC,562.0,20659.0,,,,
198287203,Not New,COLUMBIA PPTY TR INC,160.0,12150.0,214.0,17092.0,54.0,4942.0
G21515104,Not New,CHINA BIOLOGIC PRODS HLDGS I,701.0,6860.0,1020.0,9447.0,319.0,2587.0
177376100,New Holding,CITRIX SYS INC,,,410.0,2772.0,,
90328M107,New Holding,USANA HEALTH SCIENCES INC,,,275.0,3742.0,,
74347M108,New Holding,PROPETRO HLDG CORP,,,111.0,21539.0,,
85917A100,Not New,STERLING BANCORP DEL,368.0,31363.0,351.0,33620.0,-17.0,2257.0
06652K103,Sold Out,BANKUNITED INC,231.0,12336.0,,,,
45772F107,New Holding,INPHI CORP,,,492.0,4189.0,,
941848103,New Holding,WATERS CORP,,,248.0,1377.0,,
00130H105,New Holding,AES CORP,,,11204.0,773255.0,,
257651109,Sold Out,DONALDSON INC,280.0,7242.0,,,,
256677105,New Holding,DOLLAR GEN CORP NEW,,,677.0,3551.0,,
456788108,Sold Out,INFOSYS LTD,1057.0,128749.0,,,,
759910102,Not New,REPRO MED SYS INC,386.0,42939.0,257.0,34263.0,-129.0,-8676.0
03990B101,New Holding,ARES MANAGEMENT CORPORATION,,,257.0,6463.0,,
86771W105,New Holding,SUNRUN INC,,,6655.0,337450.0,,
318672706,New Holding,FIRST BANCORP P R,,,176.0,31415.0,,
023436108,Not New,AMEDISYS INC,497.0,2501.0,402.0,2188.0,-95.0,-313.0
93627C101,Sold Out,WARRIOR MET COAL INC,233.0,21914.0,,,,
269796108,Sold Out,EAGLE PHARMACEUTICALS INC,210.0,4571.0,,,,
27616P103,Sold Out,EASTERLY GOVT PPTYS INC,548.0,22225.0,,,,
00507V109,Not New,ACTIVISION BLIZZARD INC,3170.0,41761.0,461.0,7745.0,-2709.0,-34016.0
427096508,Not New,HERCULES CAPITAL INC,263.0,25094.0,424.0,55517.0,161.0,30423.0
59156R108,Not New,METLIFE INC,343.0,9381.0,1437.0,47023.0,1094.0,37642.0
57636Q104,Sold Out,MASTERCARD INC,457.0,1891.0,,,,
624758108,New Holding,MUELLER WTR PRODS INC,,,142.0,15007.0,,
200340107,Sold Out,COMERICA INC,1077.0,36694.0,,,,
989207105,New Holding,ZEBRA TECHNOLOGIES CORPORATI,,,10633.0,41542.0,,
144285103,Not New,CARPENTER TECHNOLOGY CORP,302.0,12458.0,408.0,20912.0,106.0,8454.0
56035L104,Sold Out,MAIN STR CAP CORP,684.0,33350.0,,,,
30041R108,Not New,EVERQUOTE INC,281.0,4838.0,436.0,16613.0,155.0,11775.0
928563402,New Holding,VMWARE INC,,,355.0,2292.0,,
759351604,Not New,REINSURANCE GRP OF AMERICA I,669.0,8530.0,584.0,6937.0,-85.0,-1593.0
218352102,Not New,CORCEPT THERAPEUTICS INC,895.0,53222.0,275.0,23120.0,-620.0,-30102.0
695127100,New Holding,PACIRA BIOSCIENCES,,,255.0,4866.0,,
G1151C101,Sold Out,ACCENTURE PLC IRELAND,380.0,2328.0,,,,
302130109,Sold Out,EXPEDITORS INTL WASH INC,393.0,5891.0,,,,
87612E106,Sold Out,TARGET CORP,745.0,8016.0,,,,
099502106,New Holding,BOOZ ALLEN HAMILTON HLDG COR,,,454.0,5840.0,,
65158N102,New Holding,NEWMARK GROUP INC,,,102.0,20992.0,,
564563104,New Holding,MANTECH INTL CORP,,,228.0,3324.0,,
96524V106,Not New,WHITEHORSE FIN INC,550.0,53380.0,543.0,76763.0,-7.0,23383.0
963320106,Sold Out,WHIRLPOOL CORP,445.0,5190.0,,,,
759916109,Sold Out,REPLIGEN CORP,588.0,6088.0,,,,
62914B100,New Holding,NIC INC,,,358.0,15597.0,,
92826C839,New Holding,VISA INC,,,210.0,1089.0,,
00847G705,New Holding,AGENUS INC,,,127.0,32321.0,,
023608102,New Holding,AMEREN CORP,,,9921.0,140999.0,,
L44385109,Sold Out,GLOBANT S A,428.0,4868.0,,,,
V7780T103,New Holding,ROYAL CARIBBEAN CRUISES LTD,,,303.0,6018.0,,
498904200,New Holding,KNOLL INC,,,201.0,16524.0,,
14149Y108,Sold Out,CARDINAL HEALTH INC,830.0,17303.0,,,,
88339J105,Sold Out,THE TRADE DESK INC,407.0,2111.0,,,,
83417Q105,New Holding,SOLARWINDS CORP,,,413.0,23380.0,,
92345Y106,Sold Out,VERISK ANALYTICS INC,316.0,2269.0,,,,
902973304,Sold Out,US BANCORP DEL,1611.0,46755.0,,,,
458140100,Not New,INTEL CORP,4104.0,68600.0,8265.0,152708.0,4161.0,84108.0
291011104,Sold Out,EMERSON ELEC CO,500.0,10484.0,,,,
829073105,Sold Out,SIMPSON MANUFACTURING CO INC,474.0,7643.0,,,,
370334104,Sold Out,GENERAL MLS INC,259.0,4903.0,,,,
874080104,Sold Out,TAL EDUCATION GROUP,274.0,5145.0,,,,
16359R103,Sold Out,CHEMED CORP NEW,352.0,812.0,,,,
50105F105,Sold Out,KRONOS WORLDWIDE INC,178.0,21141.0,,,,
125896100,New Holding,CMS ENERGY CORP,,,10485.0,179470.0,,
81369Y605,New Holding,SELECT SECTOR SPDR TR,,,4211.0,182000.0,,
81369Y605,New Holding,SELECT SECTOR SPDR TR,,,6942.0,300000.0,,
G3922B107,Sold Out,GENPACT LIMITED,265.0,9082.0,,,,
758849103,Sold Out,REGENCY CTRS CORP,410.0,10664.0,,,,
446150104,Not New,HUNTINGTON BANCSHARES INC,157.0,17430.0,370.0,45056.0,213.0,27626.0
87265K102,Sold Out,TPG SPECIALTY LENDING INC,231.0,16841.0,,,,
268150109,New Holding,DYNATRACE INC,,,2763.0,68055.0,,
M8737E108,Not New,TARO PHARMACEUTICAL INDS LTD,590.0,8871.0,543.0,8871.0,-47.0,0.0
375558103,New Holding,GILEAD SCIENCES INC,,,481.0,6247.0,,
83417M104,New Holding,SOLAREDGE TECHNOLOGIES INC,,,8275.0,59630.0,,
319829107,New Holding,FIRST COMWLTH FINL CORP PA,,,120.0,14506.0,,
020002101,Not New,ALLSTATE CORP,245.0,2523.0,258.0,2814.0,13.0,291.0
30712A103,Sold Out,FANHUA INC,263.0,13076.0,,,,
127097103,Not New,CABOT OIL & GAS CORP,17674.0,1028781.0,14737.0,857317.0,-2937.0,-171464.0
23282W605,Sold Out,CYTOKINETICS INC,155.0,13175.0,,,,
42809H107,New Holding,HESS CORP,,,52401.0,1011414.0,,
252131107,Sold Out,DEXCOM INC,540.0,2005.0,,,,
72651A207,Sold Out,PLAINS GP HLDGS L P,99.0,17586.0,,,,
052769106,New Holding,AUTODESK INC,,,413.0,1726.0,,
57060D108,New Holding,MARKETAXESS HLDGS INC,,,541.0,1080.0,,
084423102,Sold Out,BERKLEY W R CORP,1419.0,27209.0,,,,
336433107,New Holding,FIRST SOLAR INC,,,8841.0,178613.0,,
466032109,New Holding,J & J SNACK FOODS CORP,,,348.0,2734.0,,
03783C100,Not New,APPFOLIO INC,934.0,5738.0,771.0,6951.0,-163.0,1213.0
172062101,Sold Out,CINCINNATI FINL CORP,637.0,8444.0,,,,
49427F108,Sold Out,KILROY RLTY CORP,433.0,6794.0,,,,
31188V100,New Holding,FASTLY INC,,,371.0,4353.0,,
58733R102,Sold Out,MERCADOLIBRE INC,824.0,1686.0,,,,
45337C102,New Holding,INCYTE CORP,,,283.0,2724.0,,
91529Y106,New Holding,UNUM GROUP,,,705.0,42511.0,,
20440W105,New Holding,COMPANHIA SIDERURGICA NACION,,,74.0,37617.0,,
693506107,Sold Out,PPG INDS INC,618.0,7390.0,,,,
05961W105,Not New,BANCO MACRO SA,291.0,15688.0,385.0,22691.0,94.0,7003.0
74915M100,New Holding,QURATE RETAIL INC,,,481.0,50589.0,,
04010L103,Sold Out,ARES CAPITAL CORP,1536.0,142514.0,,,,
64110D104,Not New,NETAPP INC,580.0,13075.0,274.0,6565.0,-306.0,-6510.0
74736K101,New Holding,QORVO INC,,,3537.0,32000.0,,
76131N101,Sold Out,RETAIL OPPORTUNITY INVTS COR,146.0,17632.0,,,,
31810T101,New Holding,FINVOLUTION GROUP,,,45.0,25017.0,,
32051X108,Sold Out,FIRST HAWAIIAN INC,242.0,14622.0,,,,
922280102,Sold Out,VARONIS SYS INC,348.0,5467.0,,,,
01609W102,Not New,ALIBABA GROUP HLDG LTD,14555.0,67480.0,60820.0,312730.0,46265.0,245250.0
21833P103,Not New,CORBUS PHARMACEUTICALS HLDGS,521.0,62087.0,110.0,20965.0,-411.0,-41122.0
89686D105,New Holding,TRIVAGO N V,,,84.0,42629.0,,
517834107,Sold Out,LAS VEGAS SANDS CORP,249.0,5857.0,,,,
465741106,New Holding,ITRON INC,,,5439.0,82100.0,,
042315507,New Holding,ARMOUR RESIDENTIAL REIT INC,,,432.0,45983.0,,
98421M106,Not New,XEROX HOLDINGS CORP,472.0,30850.0,1336.0,70531.0,864.0,39681.0
418056107,Sold Out,HASBRO INC,328.0,4579.0,,,,
302445101,Not New,FLIR SYS INC,243.0,5994.0,323.0,10140.0,80.0,4146.0
92763W103,Not New,VIPSHOP HOLDINGS LIMITED,354.0,17804.0,291.0,18699.0,-63.0,895.0
78440X101,Sold Out,SL GREEN RLTY CORP,341.0,7918.0,,,,
928254101,New Holding,VIRTU FINL INC,,,204.0,8660.0,,
15911M107,Sold Out,CHANGYOU COM LTD,501.0,46855.0,,,,
78409V104,Not New,S&P GLOBAL INC,539.0,1637.0,260.0,1061.0,-279.0,-576.0
018581108,New Holding,ALLIANCE DATA SYSTEMS CORP,,,452.0,10007.0,,
697435105,New Holding,PALO ALTO NETWORKS INC,,,331.0,1440.0,,
816850101,New Holding,SEMTECH CORP,,,544.0,10426.0,,
74144T108,Sold Out,PRICE T ROWE GROUP INC,430.0,4403.0,,,,
G0457F107,New Holding,ARCOS DORADOS HOLDINGS INC,,,76.0,18322.0,,
917286205,New Holding,URSTADT BIDDLE PPTYS INC,,,363.0,30530.0,,
392709101,Sold Out,GREEN BRICK PARTNERS INC,157.0,19484.0,,,,
05988J103,Sold Out,BANDWIDTH INC,288.0,4273.0,,,,
68268W103,New Holding,ONEMAIN HLDGS INC,,,239.0,9738.0,,
512816109,Sold Out,LAMAR ADVERTISING CO NEW,315.0,6138.0,,,,
422806109,Sold Out,HEICO CORP NEW,346.0,4642.0,,,,
G51502105,Sold Out,JOHNSON CTLS INTL PLC,723.0,26820.0,,,,
808513105,Sold Out,SCHWAB CHARLES CORP,380.0,11307.0,,,,
42222N103,Sold Out,HEALTHSTREAM INC,353.0,14745.0,,,,
001055102,New Holding,AFLAC INC,,,442.0,12260.0,,
N22717107,Sold Out,CORE LABORATORIES N V,201.0,19397.0,,,,
74267C106,New Holding,PROASSURANCE CORP,,,279.0,19313.0,,
42824C109,Not New,HEWLETT PACKARD ENTERPRISE C,808.0,83008.0,511.0,52608.0,-297.0,-30400.0
109641100,Sold Out,BRINKER INTL INC,170.0,14123.0,,,,
244199105,Sold Out,DEERE & CO,31777.0,230000.0,,,,
745867101,Sold Out,PULTE GROUP INC,261.0,11695.0,,,,
825698103,New Holding,SHYFT GROUP INC,,,189.0,11206.0,,
126408103,Sold Out,CSX CORP,333.0,5809.0,,,,
343873105,New Holding,FLUSHING FINL CORP,,,343.0,29741.0,,
410867105,Not New,HANOVER INS GROUP INC,233.0,2295.0,456.0,5032.0,223.0,2737.0
320517105,Not New,FIRST HORIZON NATL CORP,179.0,17964.0,248.0,30738.0,69.0,12774.0
46090E103,New Holding,INVESCO QQQ TR,,,743.0,3000.0,,
46090E103,New Holding,INVESCO QQQ TR,,,990.0,4000.0,,
874054109,Not New,TAKE-TWO INTERACTIVE SOFTWAR,939.0,6731.0,772.0,6506.0,-167.0,-225.0
G0177J108,Sold Out,ALLERGAN PLC,916.0,5174.0,,,,
22282E102,Sold Out,COVANTA HLDG CORP,228.0,26717.0,,,,
189054109,Sold Out,CLOROX CO DEL,1203.0,6944.0,,,,
719405102,New Holding,PHOTRONICS INC,,,297.0,26716.0,,
65249B109,Sold Out,NEWS CORP NEW,192.0,21362.0,,,,
483007704,New Holding,KAISER ALUMINUM CORP,,,322.0,4372.0,,
22410J106,Sold Out,CRACKER BARREL OLD CTRY STOR,427.0,5130.0,,,,
808625107,New Holding,SCIENCE APPLICATIONS INTL CO,,,346.0,4453.0,,
252784301,Not New,DIAMONDROCK HOSPITALITY CO,124.0,22505.0,346.0,68051.0,222.0,45546.0
091727107,New Holding,BITAUTO HLDGS LTD,,,210.0,13233.0,,
256163106,Not New,DOCUSIGN INC,3414.0,19827.0,205.0,2219.0,-3209.0,-17608.0
14888U101,Not New,CATALYST PHARMACEUTICALS INC,488.0,105702.0,100.0,26080.0,-388.0,-79622.0
00724F101,Not New,ADOBE INC,708.0,1627.0,1274.0,4002.0,566.0,2375.0
23331A109,Sold Out,D R HORTON INC,659.0,19394.0,,,,
10922N103,New Holding,BRIGHTHOUSE FINL INC,,,389.0,13971.0,,
316500107,Not New,FIDUS INVT CORP,111.0,12222.0,81.0,12222.0,-30.0,0.0
45866F104,Not New,INTERCONTINENTAL EXCHANGE IN,321.0,3499.0,206.0,2545.0,-115.0,-954.0
410495204,New Holding,HANMI FINL CORP,,,102.0,10517.0,,
29786A106,Sold Out,ETSY INC,245.0,6381.0,,,,
515098101,New Holding,LANDSTAR SYS INC,,,284.0,2527.0,,
74251V102,Sold Out,PRINCIPAL FINL GROUP INC,378.0,12068.0,,,,
254709108,Sold Out,DISCOVER FINL SVCS,354.0,9934.0,,,,
036752103,New Holding,ANTHEM INC,,,295.0,1121.0,,
91913Y100,Sold Out,VALERO ENERGY CORP,664.0,14634.0,,,,
41068X100,New Holding,HANNON ARMSTRONG SUST INFR C,,,4787.0,168212.0,,
825690100,New Holding,SHUTTERSTOCK INC,,,518.0,14823.0,,
74758T303,Not New,QUALYS INC,557.0,5355.0,669.0,7688.0,112.0,2333.0
835699307,New Holding,SONY CORP,,,5336.0,77195.0,,
90187B408,New Holding,TWO HBRS INVT CORP,,,227.0,45057.0,,
55608B105,Sold Out,MACQUARIE INFRASTRUCTURE COR,272.0,10784.0,,,,
134429109,Not New,CAMPBELL SOUP CO,420.0,8460.0,228.0,4932.0,-192.0,-3528.0
438516106,Sold Out,HONEYWELL INTL INC,442.0,3300.0,,,,
74624M102,Sold Out,PURE STORAGE INC,161.0,13058.0,,,,
423452101,Not New,HELMERICH & PAYNE INC,249.0,12777.0,314.0,20069.0,65.0,7292.0
29975E109,New Holding,EVENTBRITE INC,,,284.0,33157.0,,
80283M101,Sold Out,SANTANDER CONSUMER USA HDG I,278.0,20011.0,,,,
H84989104,Sold Out,TE CONNECTIVITY LTD,1189.0,18873.0,,,,
84920Y106,New Holding,SPORTSMANS WHSE HLDGS INC,,,440.0,30911.0,,
G0751N103,New Holding,ATLANTICA SUSTAINABLE INFR P,,,5960.0,204825.0,,
405024100,Sold Out,HAEMONETICS CORP,204.0,2047.0,,,,
525327102,New Holding,LEIDOS HOLDINGS INC,,,543.0,5793.0,,
84860W300,Sold Out,SPIRIT RLTY CAP INC NEW,320.0,12251.0,,,,
85254J102,Sold Out,STAG INDL INC,322.0,14303.0,,,,
02043Q107,New Holding,ALNYLAM PHARMACEUTICALS INC,,,508.0,3431.0,,
89832Q109,Sold Out,TRUIST FINL CORP,219.0,7095.0,,,,
248019101,New Holding,DELUXE CORP,,,316.0,13429.0,,
00508Y102,New Holding,ACUITY BRANDS INC,,,262.0,2738.0,,
500688106,Sold Out,KOSMOS ENERGY LTD,186.0,208099.0,,,,
440407104,New Holding,HORIZON BANCORP INC,,,275.0,25683.0,,
026874784,Sold Out,AMERICAN INTL GROUP INC,324.0,13341.0,,,,
G6674U108,Sold Out,NOVOCURE LTD,747.0,11087.0,,,,
90353W103,New Holding,UBIQUITI INC,,,1067.0,6111.0,,
15135B101,New Holding,CENTENE CORP DEL,,,477.0,7503.0,,
708062104,New Holding,PENNANTPARK INVT CORP,,,332.0,94713.0,,
104674106,New Holding,BRADY CORP,,,311.0,6637.0,,
750236101,New Holding,RADIAN GROUP INC,,,445.0,28671.0,,
101119105,New Holding,BOSTON PRIVATE FINL HLDGS IN,,,132.0,19151.0,,
15136A102,New Holding,CENTENNIAL RESOURCE DEV INC,,,29.0,32140.0,,
205826209,New Holding,COMTECH TELECOMMUNICATIONS C,,,195.0,11517.0,,
231561101,New Holding,CURTISS WRIGHT CORP,,,692.0,7747.0,,
H8817H100,New Holding,TRANSOCEAN LTD,,,37.0,19954.0,,
G47567105,Sold Out,IHS MARKIT LTD,334.0,5570.0,,,,
962166104,Sold Out,WEYERHAEUSER CO,535.0,31574.0,,,,
819047101,Sold Out,SHAKE SHACK INC,203.0,5386.0,,,,
34354P105,Not New,FLOWSERVE CORP,253.0,8885.0,654.0,27385.0,401.0,18500.0
092533108,New Holding,BLACKROCK CAP INVT CORP,,,46.0,17073.0,,
101121101,Sold Out,BOSTON PROPERTIES INC,322.0,3491.0,,,,
77543R102,Sold Out,ROKU INC,979.0,11186.0,,,,
427866108,New Holding,HERSHEY CO,,,391.0,3019.0,,
632307104,New Holding,NATERA INC,,,345.0,6912.0,,
81141R100,Not New,SEA LTD,3242.0,30232.0,764.0,17249.0,-2478.0,-12983.0
293639100,New Holding,ENTERCOM COMMUNICATIONS CORP,,,39.0,28479.0,,
65481N100,New Holding,NIU TECHNOLOGIES,,,1034.0,64645.0,,
427825500,New Holding,HERSHA HOSPITALITY TR,,,104.0,18012.0,,
63938C108,New Holding,NAVIENT CORPORATION,,,587.0,83497.0,,
649604501,New Holding,NEW YORK MTG TR INC,,,127.0,48754.0,,
G6095L109,Not New,APTIV PLC,15341.0,196875.0,10174.0,206623.0,-5167.0,9748.0
446413106,New Holding,HUNTINGTON INGALLS INDS INC,,,390.0,2236.0,,
46434G822,New Holding,ISHARES INC,,,1373.0,25000.0,,
54142L109,New Holding,LOGMEIN INC,,,701.0,8265.0,,
40412C101,New Holding,HCA HEALTHCARE INC,,,225.0,2321.0,,
22266L106,Sold Out,COUPA SOFTWARE INC,788.0,5638.0,,,,
090040106,New Holding,BILIBILI INC,,,342.0,7376.0,,
64049K104,New Holding,NEOLEUKIN THERAPEUTICS INC,,,352.0,21193.0,,
03761U502,New Holding,APOLLO INVT CORP,,,147.0,15368.0,,
64828T201,New Holding,NEW RESIDENTIAL INVT CORP,,,275.0,36967.0,,
458334109,Not New,INTER PARFUMS INC,630.0,13078.0,203.0,4371.0,-427.0,-8707.0
91347P105,New Holding,UNIVERSAL DISPLAY CORP,,,214.0,1433.0,,
37959E102,Not New,GLOBE LIFE INC,517.0,6959.0,219.0,3047.0,-298.0,-3912.0
00123Q104,New Holding,AGNC INVT CORP,,,429.0,33223.0,,
023135106,Not New,AMAZON COM INC,6897.0,2500.0,8401.0,4309.0,1504.0,1809.0
023135106,Not New,AMAZON COM INC,35305.0,12797.0,8401.0,4309.0,-26904.0,-8488.0
023135106,Not New,AMAZON COM INC,55176.0,20000.0,8401.0,4309.0,-46775.0,-15691.0
56400P706,New Holding,MANNKIND CORP,,,217.0,124252.0,,
98400H102,New Holding,XBIOTECH INC,,,394.0,28765.0,,
87105L104,Not New,SWITCH INC,822.0,46130.0,1697.0,117595.0,875.0,71465.0
91307C102,New Holding,UNITED THERAPEUTICS CORP DEL,,,849.0,7013.0,,
012653101,Sold Out,ALBEMARLE CORP,286.0,5069.0,,,,
G2717B108,New Holding,CUSHMAN WAKEFIELD PLC,,,332.0,26671.0,,
636518102,Not New,NATIONAL INSTRS CORP,214.0,5532.0,960.0,29022.0,746.0,23490.0
98212B103,Not New,WPX ENERGY INC,186.0,29178.0,1211.0,396925.0,1025.0,367747.0
565849106,Not New,MARATHON OIL CORP,117.0,19145.0,1297.0,394253.0,1180.0,375108.0
56418H100,Sold Out,MANPOWERGROUP INC,231.0,4352.0,,,,
637417106,Sold Out,NATIONAL RETAIL PROPERTIES I,287.0,8909.0,,,,
169656105,Sold Out,CHIPOTLE MEXICAN GRILL INC,495.0,757.0,,,,
H1467J104,Sold Out,CHUBB LIMITED,1406.0,12584.0,,,,
682680103,Not New,ONEOK INC NEW,575.0,17301.0,1096.0,50254.0,521.0,32953.0
20030N101,Sold Out,COMCAST CORP NEW,467.0,13579.0,,,,
867892101,Sold Out,SUNSTONE HOTEL INVS INC NEW,101.0,11631.0,,,,
488152208,New Holding,KELLY SVCS INC,,,328.0,20756.0,,
852234103,Sold Out,SQUARE INC,483.0,9224.0,,,,
23355L106,New Holding,DXC TECHNOLOGY CO,,,377.0,22828.0,,
980745103,Sold Out,WOODWARD INC,340.0,5713.0,,,,
70450Y103,New Holding,PAYPAL HLDGS INC,,,12335.0,70800.0,,
693475105,Not New,PNC FINL SVCS GROUP INC,357.0,3390.0,946.0,9878.0,589.0,6488.0
302520101,New Holding,F N B CORP,,,229.0,30542.0,,
035710409,New Holding,ANNALY CAPITAL MANAGEMENT IN,,,286.0,43615.0,,
04621X108,New Holding,ASSURANT INC,,,268.0,2595.0,,
14040H105,Sold Out,CAPITAL ONE FINL CORP,1263.0,25058.0,,,,
595112103,Not New,MICRON TECHNOLOGY INC,3050.0,59200.0,7208.0,171380.0,4158.0,112180.0
171798101,Sold Out,CIMAREX ENERGY CO,1729.0,102740.0,,,,
695263103,Not New,PACWEST BANCORP DEL,312.0,15842.0,446.0,24896.0,134.0,9054.0
743312100,New Holding,PROGRESS SOFTWARE CORP,,,523.0,13485.0,,
606710200,Not New,MITEK SYS INC,225.0,23425.0,177.0,22466.0,-48.0,-959.0
693656100,Sold Out,PVH CORPORATION,292.0,7764.0,,,,
631103108,Sold Out,NASDAQ INC,1055.0,11115.0,,,,
69370C100,New Holding,PTC INC,,,2807.0,36085.0,,
501044101,Sold Out,KROGER CO,843.0,27978.0,,,,
74386T105,Not New,PROVIDENT FINL SVCS INC,371.0,25666.0,307.0,23837.0,-64.0,-1829.0
04208T108,New Holding,ARMADA HOFFLER PPTYS INC,,,112.0,11246.0,,
913903100,New Holding,UNIVERSAL HLTH SVCS INC,,,532.0,5732.0,,
46625H100,Not New,JPMORGAN CHASE & CO,205.0,2178.0,51529.0,572355.0,51324.0,570177.0
831754106,New Holding,SMITH & WESSON BRANDS INC,,,407.0,18932.0,,
412822108,Not New,HARLEY DAVIDSON INC,318.0,13388.0,919.0,48532.0,601.0,35144.0
29978A104,Sold Out,EVERBRIDGE INC,208.0,1951.0,,,,
69354M108,New Holding,PRA HEALTH SCIENCES INC,,,401.0,4119.0,,
03748R754,New Holding,APARTMENT INVT & MGMT CO,,,254.0,6741.0,,
49446R109,Sold Out,KIMCO RLTY CORP,377.0,38960.0,,,,
053807103,New Holding,AVNET INC,,,272.0,9746.0,,
40425J101,Not New,HMS HLDGS CORP,301.0,9289.0,235.0,9289.0,-66.0,0.0
05368M106,New Holding,AVID BIOSERVICES INC,,,182.0,27784.0,,
87165B103,Sold Out,SYNCHRONY FINL,487.0,30283.0,,,,
92536C103,Not New,VERU INC,346.0,103678.0,339.0,103678.0,-7.0,0.0
12503M108,Not New,CBOE GLOBAL MARKETS INC,531.0,5691.0,644.0,7215.0,113.0,1524.0
896522109,Sold Out,TRINITY INDS INC,218.0,13549.0,,,,
038222105,Sold Out,APPLIED MATLS INC,304.0,6641.0,,,,
518613203,New Holding,LAUREATE EDUCATION INC,,,167.0,16795.0,,
749119103,New Holding,QUOTIENT TECHNOLOGY INC,,,242.0,33038.0,,
482480100,New Holding,KLA CORP,,,506.0,2603.0,,
88160R101,Sold Out,TESLA INC,297.0,566.0,,,,
655844108,Sold Out,NORFOLK SOUTHERN CORP,560.0,3837.0,,,,
416515104,Not New,HARTFORD FINL SVCS GROUP INC,447.0,11602.0,1161.0,32940.0,714.0,21338.0
571903202,New Holding,MARRIOTT INTL INC NEW,,,246.0,2864.0,,
18539C105,Sold Out,CLEARWAY ENERGY INC,428.0,24923.0,,,,
50015M109,Sold Out,KODIAK SCIENCES INC,221.0,4637.0,,,,
G0585R106,Not New,ASSURED GUARANTY LTD,837.0,34286.0,678.0,26274.0,-159.0,-8012.0
02005N100,Sold Out,ALLY FINL INC,188.0,13035.0,,,,
88034P109,Sold Out,TENCENT MUSIC ENTMT GROUP,1308.0,130000.0,,,,
178587101,Sold Out,CITY OFFICE REIT INC,113.0,15616.0,,,,
19239V302,Sold Out,COGENT COMMUNICATIONS HLDGS,555.0,6771.0,,,,
293389102,New Holding,ENNIS INC,,,329.0,18152.0,,
34959E109,New Holding,FORTINET INC,,,512.0,3728.0,,
159179100,New Holding,CHANNELADVISOR CORP,,,232.0,14625.0,,
250565108,New Holding,DESIGNER BRANDS INC,,,187.0,27623.0,,
046433108,New Holding,ASTRONICS CORP,,,114.0,10761.0,,
501242101,New Holding,KULICKE & SOFFA INDS INC,,,236.0,11331.0,,
518415104,New Holding,LATTICE SEMICONDUCTOR CORP,,,272.0,9594.0,,
922475108,Not New,VEEVA SYS INC,306.0,1304.0,2384.0,15247.0,2078.0,13943.0
98974P100,New Holding,ZIX CORP,,,128.0,18530.0,,
156782104,Sold Out,CERNER CORP,1121.0,17797.0,,,,
47215P106,Sold Out,JD COM INC,14348.0,354270.0,,,,
172755100,New Holding,CIRRUS LOGIC INC,,,480.0,7773.0,,
20825C104,Not New,CONOCOPHILLIPS,264.0,6285.0,1147.0,37225.0,883.0,30940.0
882508104,Sold Out,TEXAS INSTRS INC,518.0,5185.0,,,,
172908105,Sold Out,CINTAS CORP,549.0,3171.0,,,,
617446448,Sold Out,MORGAN STANLEY,418.0,12289.0,,,,
876030107,Not New,TAPESTRY INC,351.0,26458.0,188.0,14514.0,-163.0,-11944.0
92276F100,Sold Out,VENTAS INC,524.0,19560.0,,,,
00081T108,New Holding,ACCO BRANDS CORP,,,75.0,10536.0,,
91879Q109,Sold Out,VAIL RESORTS INC,589.0,3986.0,,,,
505743104,New Holding,LADDER CAP CORP,,,271.0,33402.0,,
