CUSIP,status,NAME OF ISSUER,(x$1000)_old,PRN AMT_old,(x$1000),PRN AMT,(x$1000)_change,PRN AMT_change
278715206,New Holding,EBIX INC,,,365.0,5955.0,,
78463X202,New Holding,SPDR INDEX SHS FDS,,,7270.0,200000.0,,
78463X202,New Holding,SPDR INDEX SHS FDS,,,1817500.0,50000000.0,,
651290108,Sold Out,NEWFIELD EXPL CO,1519.0,37510.0,,,,
464287432,New Holding,ISHARES TR,,,5818.0,48200.0,,
464287432,New Holding,ISHARES TR,,,144852.0,1200000.0,,
552676108,New Holding,M D C HLDGS INC,,,454.0,15100.0,,
87612G101,Sold Out,TARGA RES CORP,1962.0,35000.0,,,,
83413U100,New Holding,SOLAR CAP LTD,,,606.0,26782.0,,
387328107,New Holding,GRANITE CONSTR INC,,,3764.0,75000.0,,
031162100,New Holding,AMGEN INC,,,410.0,2500.0,,
007973100,New Holding,ADVANCED ENERGY INDS,,,452.0,6600.0,,
880779103,New Holding,TEREX CORP NEW,,,2826.0,90000.0,,
485865109,Sold Out,KATE SPADE & CO,560.0,30000.0,,,,
125269100,Not New,CF INDS HLDGS INC,5870.0,200000.0,8027.0,255000.0,2157.0,55000.0
205887102,New Holding,CONAGRA BRANDS INC,,,2525.0,62600.0,,
92240M108,New Holding,VECTOR GROUP LTD,,,501.0,24100.0,,
70959W103,New Holding,PENSKE AUTOMOTIVE GRP INC,,,328.0,7000.0,,
205363104,New Holding,COMPUTER SCIENCES CORP,,,9662.0,140003.0,,
13645T100,Not New,CANADIAN PAC RY LTD,3673.0,25000.0,8566.0,60000.0,4893.0,35000.0
552953101,Not New,MGM RESORTS INTERNATIONAL,8615.0,314400.0,20902.0,725000.0,12287.0,410600.0
45774N108,New Holding,INNOPHOS HOLDINGS INC,,,400.0,7418.0,,
45867G101,New Holding,INTERDIGITAL INC,,,345.0,4000.0,,
80589M102,New Holding,SCANA CORP NEW,,,484.0,7400.0,,
655044105,Sold Out,NOBLE ENERGY INC,1663.0,43693.0,,,,
163072101,New Holding,CHEESECAKE FACTORY INC,,,3168.0,50000.0,,
896239100,New Holding,TRIMBLE INC,,,1601.0,50000.0,,
460146103,New Holding,INTL PAPER CO,,,3809.0,75000.0,,
80874P109,New Holding,SCIENTIFIC GAMES CORP,,,234.0,9900.0,,
931142103,Sold Out,WAL-MART STORES INC,10368.0,150000.0,,,,
626717102,Sold Out,MURPHY OIL CORP,1551.0,49814.0,,,,
M98068105,New Holding,WIX COM LTD,,,265.0,3900.0,,
494368103,New Holding,KIMBERLY CLARK CORP,,,6582.0,50000.0,,
81369Y308,Not New,SELECT SECTOR SPDR TR,3275.0,60000.0,20684.0,400000.0,17409.0,340000.0
90187B101,New Holding,TWO HBRS INVT CORP,,,560.0,58400.0,,
G29183103,Sold Out,EATON CORP PLC,7380.0,110000.0,,,,
371559105,Not New,GENESEE & WYO INC,7465.0,110000.0,5900.0,85000.0,-1565.0,-25000.0
172967424,Not New,CITIGROUP INC,8973.0,150000.0,8915.0,150000.0,-58.0,0.0
256746108,Not New,DOLLAR TREE INC,5100.0,65000.0,1544.0,20000.0,-3556.0,-45000.0
256746108,Not New,DOLLAR TREE INC,5100.0,65000.0,4245.0,55000.0,-855.0,-10000.0
64110W102,Not New,NETEASE INC,11076.0,39000.0,4328.0,20100.0,-6748.0,-18900.0
302635107,New Holding,FS INVT CORP,,,565.0,57615.0,,
828806109,New Holding,SIMON PPTY GROUP INC NEW,,,4301.0,25000.0,,
30212P303,Sold Out,EXPEDIA INC DEL,4531.0,40000.0,,,,
Y41053102,Not New,INTERNATIONAL SEAWAYS INC,40225.0,2103800.0,34740.0,2474349.0,-5485.0,370549.0
02209S103,New Holding,ALTRIA GROUP INC,,,593.0,8300.0,,
071813109,New Holding,BAXTER INTL INC,,,565.0,10900.0,,
M9068E105,New Holding,SODASTREAM INTERNATIONAL LTD,,,243.0,5011.0,,
500754106,Not New,KRAFT HEINZ CO,34054.0,375000.0,41477.0,475000.0,7423.0,100000.0
500754106,Not New,KRAFT HEINZ CO,34054.0,375000.0,187086.0,2142530.0,153032.0,1767530.0
500754106,Not New,KRAFT HEINZ CO,37235.0,410030.0,41477.0,475000.0,4242.0,64970.0
500754106,Not New,KRAFT HEINZ CO,37235.0,410030.0,187086.0,2142530.0,149851.0,1732500.0
G66721104,New Holding,NORWEGIAN CRUISE LINE HLDGS,,,5073.0,100000.0,,
81369Y704,Not New,SELECT SECTOR SPDR TR,45542.0,700000.0,2489.0,40000.0,-43053.0,-660000.0
81369Y704,Not New,SELECT SECTOR SPDR TR,52048.0,800000.0,2489.0,40000.0,-49559.0,-760000.0
868157108,Sold Out,SUPERIOR ENERGY SVCS INC,844.0,50000.0,,,,
27890G100,Sold Out,ECLIPSE RES CORP,534.0,200000.0,,,,
518439104,New Holding,LAUDER ESTEE COS INC,,,5935.0,70000.0,,
31620M106,New Holding,FIDELITY NATL INFORMATION SV,,,557.0,7000.0,,
38141G104,Not New,GOLDMAN SACHS GROUP INC,9579.0,41700.0,29931.0,125000.0,20352.0,83300.0
037833100,New Holding,APPLE INC,,,8074.0,56200.0,,
174610105,Not New,CITIZENS FINL GROUP INC,10365.0,300000.0,7126.0,200000.0,-3239.0,-100000.0
76131D103,Sold Out,RESTAURANT BRANDS INTL INC,1906.0,40000.0,,,,
912909108,Sold Out,UNITED STATES STL CORP NEW,13204.0,400000.0,,,,
912909108,Sold Out,UNITED STATES STL CORP NEW,65030.0,1970000.0,,,,
512807108,New Holding,LAM RESEARCH CORP,,,475.0,3700.0,,
09062X103,New Holding,BIOGEN INC,,,328.0,1200.0,,
96145D105,New Holding,WESTROCK CO,,,3122.0,60000.0,,
78464A714,Not New,SPDR SERIES TRUST,2112.0,50000.0,2204.0,50000.0,92.0,0.0
534187109,New Holding,LINCOLN NATL CORP IND,,,353.0,5400.0,,
78454L100,Sold Out,SM ENERGY CO,1471.0,42673.0,,,,
369300108,New Holding,GENERAL CABLE CORP DEL NEW,,,239.0,13300.0,,
521865204,New Holding,LEAR CORP,,,481.0,3400.0,,
405217100,Sold Out,HAIN CELESTIAL GROUP INC,1952.0,50000.0,,,,
46131B100,New Holding,INVESCO MORTGAGE CAPITAL INC,,,469.0,30400.0,,
464287184,New Holding,ISHARES TR,,,23094.0,600000.0,,
L72967109,New Holding,ORION ENGINEERED CARBONS S A,,,411.0,20042.0,,
548661107,Not New,LOWES COS INC,7810.0,95000.0,8534.0,120000.0,724.0,25000.0
399909100,Not New,GRUPO FINANCIERO GALICIA S A,3063.0,80910.0,1774.0,65910.0,-1289.0,-15000.0
577081102,Sold Out,MATTEL INC,4133.0,150000.0,,,,
577081102,Sold Out,MATTEL INC,5235.0,190000.0,,,,
845467109,Sold Out,SOUTHWESTERN ENERGY CO,1428.0,132000.0,,,,
149123101,New Holding,CATERPILLAR INC DEL,,,417.0,4500.0,,
58933Y105,New Holding,MERCK & CO INC,,,502.0,7900.0,,
04269X105,New Holding,ARRAY BIOPHARMA INC,,,142.0,15900.0,,
67066G104,New Holding,NVIDIA CORP,,,2778.0,25500.0,,
02079K107,Not New,ALPHABET INC,9540.0,11500.0,3087.0,4000.0,-6453.0,-7500.0
02079K107,Not New,ALPHABET INC,9955.0,12000.0,3087.0,4000.0,-6868.0,-8000.0
143658300,Not New,CARNIVAL CORP,3829.0,65000.0,3124.0,60000.0,-705.0,-5000.0
143658300,Not New,CARNIVAL CORP,4124.0,70000.0,3124.0,60000.0,-1000.0,-10000.0
303250104,New Holding,FAIR ISAAC CORP,,,463.0,3594.0,,
67069D108,New Holding,NUTRI SYS INC NEW,,,283.0,5100.0,,
45073V108,Not New,ITT INC,7384.0,180000.0,3857.0,100000.0,-3527.0,-80000.0
90346E103,Not New,U S SILICA HLDGS INC,283.0,5900.0,1134.0,20000.0,851.0,14100.0
698813102,New Holding,PAPA JOHNS INTL INC,,,412.0,5151.0,,
55616P104,Not New,MACYS INC,1778.0,60000.0,4834.0,135000.0,3056.0,75000.0
55616P104,Not New,MACYS INC,2223.0,75000.0,4834.0,135000.0,2611.0,60000.0
594918104,Not New,MICROSOFT CORP,38423.0,583400.0,40953.0,659050.0,2530.0,75650.0
037411105,Sold Out,APACHE CORP,1771.0,27905.0,,,,
91336L107,Sold Out,UNIVAR INC,4681.0,165000.0,,,,
688239201,New Holding,OSHKOSH CORP,,,7545.0,110000.0,,
38376A103,New Holding,GOVERNMENT PPTYS INCOME TR,,,379.0,18104.0,,
21036P108,New Holding,CONSTELLATION BRANDS INC,,,2431.0,15000.0,,
21036P108,New Holding,CONSTELLATION BRANDS INC,,,4052.0,25000.0,,
238337109,New Holding,DAVE & BUSTERS ENTMT INC,,,2749.0,45000.0,,
832696405,New Holding,SMUCKER J M CO,,,472.0,3600.0,,
05605H100,Sold Out,BWX TECHNOLOGIES INC,2382.0,60000.0,,,,
L00849106,Not New,ADECOAGRO S A,1720.0,150120.0,1558.0,150120.0,-162.0,0.0
98978V103,New Holding,ZOETIS INC,,,528.0,9900.0,,
58470H101,New Holding,MEDIFAST INC,,,472.0,10637.0,,
431475102,New Holding,HILL ROM HLDGS INC,,,409.0,5800.0,,
801056102,New Holding,SANMINA CORPORATION,,,406.0,10000.0,,
345370860,New Holding,FORD MTR CO DEL,,,446.0,38357.0,,
872540109,Not New,TJX COS INC NEW,3954.0,50000.0,4132.0,55000.0,178.0,5000.0
95058W100,New Holding,WENDYS CO,,,2722.0,200000.0,,
114340102,New Holding,BROOKS AUTOMATION INC,,,332.0,14800.0,,
247361702,New Holding,DELTA AIR LINES INC DEL,,,3217.0,70000.0,,
647551100,New Holding,NEW MTN FIN CORP,,,711.0,47703.0,,
988498101,Not New,YUM BRANDS INC,12780.0,200000.0,10766.0,170000.0,-2014.0,-30000.0
988498101,Not New,YUM BRANDS INC,12780.0,200000.0,12666.0,200000.0,-114.0,0.0
988498101,Not New,YUM BRANDS INC,13732.0,214900.0,10766.0,170000.0,-2966.0,-44900.0
988498101,Not New,YUM BRANDS INC,13732.0,214900.0,12666.0,200000.0,-1066.0,-14900.0
85571B105,New Holding,STARWOOD PPTY TR INC,,,625.0,27700.0,,
461202103,Not New,INTUIT,568.0,4900.0,974.0,8500.0,406.0,3600.0
189754104,Sold Out,COACH INC,4378.0,125000.0,,,,
30219G108,New Holding,EXPRESS SCRIPTS HLDG CO,,,468.0,7100.0,,
500255104,Sold Out,KOHLS CORP,2099.0,42500.0,,,,
260003108,Sold Out,DOVER CORP,8992.0,120000.0,,,,
64110L106,New Holding,NETFLIX INC,,,4434.0,30000.0,,
464287655,Not New,ISHARES TR,4124.0,30000.0,3371.0,25000.0,-753.0,-5000.0
464287655,Not New,ISHARES TR,4124.0,30000.0,5057.0,37500.0,933.0,7500.0
464287655,Not New,ISHARES TR,6874.0,50000.0,3371.0,25000.0,-3503.0,-25000.0
464287655,Not New,ISHARES TR,6874.0,50000.0,5057.0,37500.0,-1817.0,-12500.0
844741108,Sold Out,SOUTHWEST AIRLS CO,7974.0,160000.0,,,,
74005P104,Sold Out,PRAXAIR INC,7617.0,65000.0,,,,
044186104,Sold Out,ASHLAND GLOBAL HLDGS INC,6011.0,55000.0,,,,
33616C100,New Holding,FIRST REP BK SAN FRANCISCO C,,,13133.0,140000.0,,
263534109,New Holding,DU PONT E I DE NEMOURS & CO,,,4820.0,60000.0,,
817565104,New Holding,SERVICE CORP INTL,,,4490.0,145397.0,,
009158106,Not New,AIR PRODS & CHEMS INC,4735.0,35000.0,15820.0,110000.0,11085.0,75000.0
00206R102,New Holding,AT&T INC,,,619.0,14900.0,,
501797104,New Holding,L BRANDS INC,,,2355.0,50000.0,,
144577103,Sold Out,CARRIZO OIL & GAS INC,848.0,22693.0,,,,
761152107,New Holding,RESMED INC,,,489.0,6800.0,,
35471R106,New Holding,FRANKLIN STREET PPTYS CORP,,,252.0,20782.0,,
05967A107,New Holding,BANCO SANTANDER BRASIL S A,,,370.0,42003.0,,
81369Y506,Not New,SELECT SECTOR SPDR TR,2097.0,30000.0,3766.0,50000.0,1669.0,20000.0
81369Y506,Not New,SELECT SECTOR SPDR TR,2097.0,30000.0,5272.0,70000.0,3175.0,40000.0
265504100,Not New,DUNKIN BRANDS GROUP INC,1914.0,35000.0,1049.0,20000.0,-865.0,-15000.0
37045V100,Not New,GENERAL MTRS CO,463.0,13100.0,3658.0,105000.0,3195.0,91900.0
885160101,New Holding,THOR INDS INC,,,380.0,3958.0,,
03674X106,Sold Out,ANTERO RES CORP,904.0,38244.0,,,,
78463V107,Not New,SPDR GOLD TRUST,34280.0,288746.0,2121.0,19354.0,-32159.0,-269392.0
78463V107,Not New,SPDR GOLD TRUST,75648.0,637200.0,2121.0,19354.0,-73527.0,-617846.0
251893103,New Holding,DEVRY ED GROUP INC,,,313.0,8832.0,,
95082P105,Sold Out,WESCO INTL INC,4659.0,70000.0,,,,
284902103,Sold Out,ELDORADO GOLD CORP NEW,2576.0,800000.0,,,,
96208T104,New Holding,WEX INC,,,424.0,4100.0,,
007903107,Sold Out,ADVANCED MICRO DEVICES INC,4605.0,406100.0,,,,
883203101,Not New,TEXTRON INC,3331.0,70000.0,3885.0,80000.0,554.0,10000.0
87074U101,Not New,SWIFT TRANSN CO,7189.0,350000.0,5359.0,220000.0,-1830.0,-130000.0
87074U101,Not New,SWIFT TRANSN CO,7394.0,360000.0,5359.0,220000.0,-2035.0,-140000.0
Y09827109,Not New,BROADCOM LTD,9437.0,43100.0,1962.0,11100.0,-7475.0,-32000.0
887389104,Not New,TIMKEN CO,6328.0,140000.0,3176.0,80000.0,-3152.0,-60000.0
670704105,New Holding,NUVASIVE INC,,,500.0,6700.0,,
377322102,New Holding,GLAUKOS CORP,,,272.0,5300.0,,
219350105,New Holding,CORNING INC,,,446.0,16500.0,,
92189F791,Sold Out,VANECK VECTORS ETF TR,15775.0,500000.0,,,,
848574109,New Holding,SPIRIT AEROSYSTEMS HLDGS INC,,,504.0,8700.0,,
38388F108,Not New,GRACE W R & CO DEL NEW,9759.0,140000.0,4735.0,70000.0,-5024.0,-70000.0
747525103,New Holding,QUALCOMM INC,,,373.0,6500.0,,
744320102,New Holding,PRUDENTIAL FINL INC,,,448.0,4200.0,,
29082A107,Not New,EMBRAER S A,3533.0,160006.0,5379.0,279450.0,1846.0,119444.0
778296103,New Holding,ROSS STORES INC,,,3294.0,50000.0,,
701877102,Sold Out,PARSLEY ENERGY INC,1525.0,43270.0,,,,
609207105,New Holding,MONDELEZ INTL INC,,,4308.0,100000.0,,
609207105,New Holding,MONDELEZ INTL INC,,,5816.0,135000.0,,
464286822,New Holding,ISHARES,,,10234.0,200000.0,,
12508E101,New Holding,CDK GLOBAL INC,,,592.0,9100.0,,
278642103,New Holding,EBAY INC,,,410.0,12200.0,,
07329M100,Not New,BBVA BANCO FRANCES S A,610.0,33105.0,577.0,33105.0,-33.0,0.0
17275R102,New Holding,CISCO SYS INC,,,541.0,16000.0,,
060505104,Not New,BANK AMER CORP,13564.0,575000.0,15470.0,700000.0,1906.0,125000.0
20605P101,Sold Out,CONCHO RES INC,1679.0,12665.0,,,,
22160K105,New Holding,COSTCO WHSL CORP NEW,,,5641.0,35000.0,,
22160K105,New Holding,COSTCO WHSL CORP NEW,,,7334.0,45500.0,,
142339100,New Holding,CARLISLE COS INC,,,5321.0,50000.0,,
61174X109,Not New,MONSTER BEVERAGE CORP NEW,5771.0,125000.0,4434.0,100000.0,-1337.0,-25000.0
61174X109,Not New,MONSTER BEVERAGE CORP NEW,5771.0,125000.0,186849.0,4214000.0,181078.0,4089000.0
833635105,Not New,SOCIEDAD QUIMICA MINERA DE C,344.0,10000.0,753.0,26300.0,409.0,16300.0
966387102,Not New,WHITING PETE CORP NEW,14190.0,1500000.0,3287.0,273437.0,-10903.0,-1226563.0
26884U109,New Holding,EPR PPTYS,,,504.0,6839.0,,
86074Q102,Sold Out,STILLWATER MNG CO,3222.0,200000.0,,,,
25754A201,Sold Out,DOMINOS PIZZA INC,3981.0,25000.0,,,,
00287Y109,New Holding,ABBVIE INC,,,463.0,7100.0,,
46434G814,New Holding,ISHARES INC,,,7620.0,250000.0,,
25278X109,Sold Out,DIAMONDBACK ENERGY INC,2700.0,26721.0,,,,
001228105,New Holding,AG MTG INVT TR INC,,,474.0,26245.0,,
553530106,New Holding,MSC INDL DIRECT INC,,,4624.0,45000.0,,
81369Y100,New Holding,SELECT SECTOR SPDR TR,,,39308.0,750000.0,,
81369Y100,New Holding,SELECT SECTOR SPDR TR,,,39308.0,750000.0,,
16934Q208,New Holding,CHIMERA INVT CORP,,,559.0,27700.0,,
302491303,New Holding,F M C CORP,,,2088.0,30000.0,,
654106103,Not New,NIKE INC,557.0,10000.0,9149.0,180000.0,8592.0,170000.0
607409109,New Holding,MOBILE TELESYSTEMS PJSC,,,428.0,38800.0,,
573284106,New Holding,MARTIN MARIETTA MATLS INC,,,5456.0,25000.0,,
001547108,New Holding,AK STL HLDG CORP,,,4889.0,680000.0,,
075887109,New Holding,BECTON DICKINSON & CO,,,624.0,3400.0,,
98956P102,New Holding,ZIMMER BIOMET HLDGS INC,,,403.0,3300.0,,
904311107,Sold Out,UNDER ARMOUR INC,2905.0,100000.0,,,,
60871R209,Not New,MOLSON COORS BREWING CO,17745.0,185400.0,8271.0,85000.0,-9474.0,-100400.0
60871R209,Not New,MOLSON COORS BREWING CO,17745.0,185400.0,12650.0,130000.0,-5095.0,-55400.0
25179M103,Sold Out,DEVON ENERGY CORP NEW,1816.0,39774.0,,,,
853666105,New Holding,STANDARD MTR PRODS INC,,,559.0,11374.0,,
98421B100,New Holding,XPERI CORP,,,358.0,10544.0,,
929160109,New Holding,VULCAN MATLS CO,,,5422.0,45000.0,,
911363109,Not New,UNITED RENTALS INC,2773.0,22175.0,12670.0,120000.0,9897.0,97825.0
55272X102,New Holding,MFA FINL INC,,,587.0,72659.0,,
98919V105,New Holding,ZAYO GROUP HLDGS INC,,,503.0,15300.0,,
N53745100,New Holding,LYONDELLBASELL INDUSTRIES N,,,456.0,5000.0,,
053611109,Sold Out,AVERY DENNISON CORP,5618.0,80000.0,,,,
G5960L103,New Holding,MEDTRONIC PLC,,,556.0,6900.0,,
929089100,Sold Out,VOYA FINL INC,5883.0,150000.0,,,,
013872106,New Holding,ALCOA CORP,,,5160.0,150000.0,,
013872106,New Holding,ALCOA CORP,,,23736.0,690000.0,,
90385V107,New Holding,ULTRA CLEAN HLDGS INC,,,309.0,18287.0,,
966837106,Not New,WHOLE FOODS MKT INC,2972.0,100000.0,15995.0,520000.0,13023.0,420000.0
955306105,New Holding,WEST PHARMACEUTICAL SVSC INC,,,457.0,5600.0,,
62886E108,New Holding,NCR CORP NEW,,,347.0,7600.0,,
983919101,Sold Out,XILINX INC,3435.0,56900.0,,,,
723787107,Sold Out,PIONEER NAT RES CO,3447.0,19144.0,,,,
883556102,Sold Out,THERMO FISHER SCIENTIFIC INC,5644.0,40000.0,,,,
48666K109,New Holding,KB HOME,,,396.0,19900.0,,
74834L100,New Holding,QUEST DIAGNOSTICS INC,,,658.0,6700.0,,
881624209,New Holding,TEVA PHARMACEUTICAL INDS LTD,,,391.0,12200.0,,
477143101,Not New,JETBLUE AIRWAYS CORP,1031.0,50000.0,2690.0,120000.0,1659.0,70000.0
26817R108,New Holding,DYNEGY INC NEW DEL,,,204.0,26000.0,,
00751Y106,Sold Out,ADVANCE AUTO PARTS INC,4228.0,25000.0,,,,
00751Y106,Sold Out,ADVANCE AUTO PARTS INC,4228.0,25000.0,,,,
855244109,Not New,STARBUCKS CORP,2920.0,50000.0,9161.0,165000.0,6241.0,115000.0
855244109,Not New,STARBUCKS CORP,2920.0,50000.0,16656.0,300000.0,13736.0,250000.0
30555Q108,New Holding,FAIRMOUNT SANTROL HLDGS INC,,,1100.0,150000.0,,
742718109,New Holding,PROCTER AND GAMBLE CO,,,2031.0,22600.0,,
466367109,Not New,JACK IN THE BOX INC,1017.0,10000.0,4480.0,40133.0,3463.0,30133.0
13123X102,Sold Out,CALLON PETE CO DEL,985.0,64109.0,,,,
55303A105,Not New,MGM GROWTH PPTYS LLC,16243.0,600480.0,13933.0,550480.0,-2310.0,-50000.0
45780R101,New Holding,INSTALLED BLDG PRODS INC,,,297.0,5627.0,,
053332102,Sold Out,AUTOZONE INC,790.0,1000.0,,,,
50189K103,New Holding,LCI INDS,,,349.0,3500.0,,
969457100,Sold Out,WILLIAMS COS INC DEL,1557.0,50000.0,,,,
78462F103,Not New,SPDR S&P 500 ETF TR,92882.0,394000.0,11177.0,50000.0,-81705.0,-344000.0
78462F103,Not New,SPDR S&P 500 ETF TR,92882.0,394000.0,67059.0,300000.0,-25823.0,-94000.0
163851108,Not New,CHEMOURS CO,6353.0,165000.0,7842.0,355000.0,1489.0,190000.0
464287234,Not New,ISHARES TR,5069.0,128700.0,2580.0,73700.0,-2489.0,-55000.0
464287234,Not New,ISHARES TR,6912945.0,175500000.0,2580.0,73700.0,-6910365.0,-175426300.0
464287234,Not New,ISHARES TR,7897695.0,200500000.0,2580.0,73700.0,-7895115.0,-200426300.0
78464A755,Sold Out,SPDR SERIES TRUST,1521.0,50000.0,,,,
78464A755,Sold Out,SPDR SERIES TRUST,9074.0,298400.0,,,,
212015101,Sold Out,CONTINENTAL RESOURCES INC,2752.0,53404.0,,,,
40416M105,Not New,HD SUPPLY HLDGS INC,6991.0,170000.0,1275.0,30000.0,-5716.0,-140000.0
177376100,New Holding,CITRIX SYS INC,,,542.0,6500.0,,
292505104,Sold Out,ENCANA CORP,1871.0,159383.0,,,,
00130H105,New Holding,AES CORP,,,470.0,42046.0,,
98310W108,Sold Out,WYNDHAM WORLDWIDE CORP,3819.0,50000.0,,,,
773903109,New Holding,ROCKWELL AUTOMATION INC,,,4671.0,30000.0,,
165167107,Sold Out,CHESAPEAKE ENERGY CORP,46925.0,6684500.0,,,,
15189T107,New Holding,CENTERPOINT ENERGY INC,,,620.0,22500.0,,
256677105,Sold Out,DOLLAR GEN CORP NEW,3704.0,50000.0,,,,
74978Q105,Sold Out,RSP PERMIAN INC,1317.0,29520.0,,,,
960413102,Not New,WESTLAKE CHEM CORP,13871.0,210000.0,11478.0,205000.0,-2393.0,-5000.0
045327103,New Holding,ASPEN TECHNOLOGY INC,,,577.0,9800.0,,
744573106,New Holding,PUBLIC SVC ENTERPRISE GROUP,,,554.0,12500.0,,
Y2065G121,New Holding,DHT HOLDINGS INC,,,894.0,200000.0,,
26969P108,New Holding,EAGLE MATERIALS INC,,,408.0,4200.0,,
00507V109,New Holding,ACTIVISION BLIZZARD INC,,,149610.0,3000600.0,,
92189F718,New Holding,VANECK VECTORS ETF TR,,,11731.0,380750.0,,
257867200,New Holding,DONNELLEY R R & SONS CO,,,186.0,15400.0,,
703343103,New Holding,PATRICK INDS INC,,,333.0,4700.0,,
247916208,Sold Out,DENBURY RES INC,611.0,165989.0,,,,
928563402,New Holding,VMWARE INC,,,405.0,4400.0,,
L9340P101,New Holding,TRINSEO S A,,,349.0,5200.0,,
759351604,New Holding,REINSURANCE GROUP AMER INC,,,610.0,4800.0,,
651639106,Sold Out,NEWMONT MINING CORP,5111.0,150000.0,,,,
G25343107,New Holding,COSAN LTD,,,301.0,35300.0,,
78464A698,Sold Out,SPDR SERIES TRUST,5557.0,100000.0,,,,
984332106,Sold Out,YAHOO INC,3867.0,100000.0,,,,
87612E106,Sold Out,TARGET CORP,9751.0,135000.0,,,,
406216101,New Holding,HALLIBURTON CO,,,423.0,8603.0,,
253393102,New Holding,DICKS SPORTING GOODS INC,,,3893.0,80000.0,,
26875P101,Sold Out,EOG RES INC,6780.0,67063.0,,,,
067901108,Sold Out,BARRICK GOLD CORP,181213.0,11340000.0,,,,
774341101,Sold Out,ROCKWELL COLLINS INC,7421.0,80000.0,,,,
459200101,New Holding,INTERNATIONAL BUSINESS MACHS,,,592.0,3400.0,,
G36738105,New Holding,FRESH DEL MONTE PRODUCE INC,,,403.0,6800.0,,
963320106,New Holding,WHIRLPOOL CORP,,,411.0,2400.0,,
585464100,New Holding,MELCO CROWN ENTMT LTD,,,2318.0,125000.0,,
871503108,New Holding,SYMANTEC CORP,,,396.0,12900.0,,
363576109,New Holding,GALLAGHER ARTHUR J & CO,,,560.0,9900.0,,
458140100,New Holding,INTEL CORP,,,552.0,15300.0,,
806857108,New Holding,SCHLUMBERGER LTD,,,8201.0,105000.0,,
829073105,New Holding,SIMPSON MANUFACTURING CO INC,,,495.0,11477.0,,
153527205,New Holding,CENTRAL GARDEN & PET CO,,,306.0,8800.0,,
12673P105,New Holding,CA INC,,,593.0,18700.0,,
81369Y407,New Holding,SELECT SECTOR SPDR TR,,,6596.0,75000.0,,
16949N109,New Holding,CHINA LODGING GROUP LTD,,,321.0,5173.0,,
370334104,Not New,GENERAL MLS INC,484.0,8200.0,10810.0,175000.0,10326.0,166800.0
370334104,Not New,GENERAL MLS INC,5901.0,100000.0,10810.0,175000.0,4909.0,75000.0
81369Y605,Not New,SELECT SECTOR SPDR TR,4746.0,200000.0,213348.0,9176263.0,208602.0,8976263.0
87265K102,New Holding,TPG SPECIALTY LENDING INC,,,656.0,32169.0,,
G0684D107,Not New,ATHENE HLDG LTD,19996.0,400000.0,12957.0,270000.0,-7039.0,-130000.0
067383109,New Holding,BARD C R INC,,,646.0,2600.0,,
448579102,New Holding,HYATT HOTELS CORP,,,810.0,15000.0,,
580135101,New Holding,MCDONALDS CORP,,,14581.0,112500.0,,
580135101,New Holding,MCDONALDS CORP,,,19442.0,150000.0,,
103304101,Not New,BOYD GAMING CORP,3852.0,175000.0,4034.0,200000.0,182.0,25000.0
103304101,Not New,BOYD GAMING CORP,3852.0,175000.0,14535.0,720600.0,10683.0,545600.0
103304101,Not New,BOYD GAMING CORP,13329.0,605600.0,4034.0,200000.0,-9295.0,-405600.0
103304101,Not New,BOYD GAMING CORP,13329.0,605600.0,14535.0,720600.0,1206.0,115000.0
918204108,New Holding,V F CORP,,,5497.0,100000.0,,
D18190898,New Holding,DEUTSCHE BANK AG,,,22308.0,1300000.0,,
437076102,Sold Out,HOME DEPOT INC,3687.0,27500.0,,,,
235851102,New Holding,DANAHER CORP DEL,,,624.0,7300.0,,
608190104,Sold Out,MOHAWK INDS INC,12979.0,65000.0,,,,
12685J105,New Holding,CABLE ONE INC,,,500.0,800.0,,
127097103,Sold Out,CABOT OIL & GAS CORP,1721.0,73664.0,,,,
127097103,Sold Out,CABOT OIL & GAS CORP,21024.0,900000.0,,,,
42809H107,Sold Out,HESS CORP,2106.0,33815.0,,,,
87238Q103,New Holding,TCP CAP CORP,,,706.0,40509.0,,
98850P109,New Holding,YUM CHINA HLDGS INC,,,557.0,20475.0,,
45778Q107,New Holding,INSPERITY INC,,,319.0,3602.0,,
254687106,New Holding,DISNEY WALT CO,,,5953.0,52500.0,,
67018T105,New Holding,NU SKIN ENTERPRISES INC,,,350.0,6300.0,,
92927K102,New Holding,WABCO HLDGS INC,,,3523.0,30000.0,,
989701107,Sold Out,ZIONS BANCORPORATION,4304.0,100000.0,,,,
78648T100,New Holding,SAFETY INS GROUP INC,,,588.0,8384.0,,
35671D857,Sold Out,FREEPORT-MCMORAN INC,1979.0,150000.0,,,,
344849104,Not New,FOOT LOCKER INC,1496.0,20000.0,1418.0,20000.0,-78.0,0.0
05961W105,Not New,BANCO MACRO SA,2448.0,28235.0,1817.0,28235.0,-631.0,0.0
156700106,New Holding,CENTURYLINK INC,,,318.0,13500.0,,
G0176J109,Sold Out,ALLEGION PUB LTD CO,8000.0,125000.0,,,,
84763R101,New Holding,SPECTRUM BRANDS HLDGS INC,,,500.0,3600.0,,
87305R109,New Holding,TTM TECHNOLOGIES INC,,,281.0,17400.0,,
43300A203,Sold Out,HILTON WORLDWIDE HLDGS INC,2790.0,50000.0,,,,
576485205,Sold Out,MATADOR RES CO,611.0,23700.0,,,,
95709T100,New Holding,WESTAR ENERGY INC,,,722.0,13300.0,,
488360207,New Holding,KEMET CORP,,,263.0,21914.0,,
517834107,New Holding,LAS VEGAS SANDS CORP,,,5992.0,105000.0,,
517834107,New Holding,LAS VEGAS SANDS CORP,,,7134.0,125000.0,,
447011107,Not New,HUNTSMAN CORP,6380.0,260000.0,1908.0,100000.0,-4472.0,-160000.0
192422103,Not New,COGNEX CORP,2938.0,35000.0,6362.0,100000.0,3424.0,65000.0
880890108,New Holding,TERNIUM SA,,,326.0,12490.0,,
893641100,New Holding,TRANSDIGM GROUP INC,,,6605.0,30000.0,,
127387108,New Holding,CADENCE DESIGN SYSTEM INC,,,496.0,15800.0,,
15911M107,New Holding,CHANGYOU COM LTD,,,278.0,9898.0,,
67103X102,New Holding,OFG BANCORP,,,315.0,26681.0,,
48123V102,New Holding,J2 GLOBAL INC,,,478.0,5700.0,,
878742204,Not New,TECK RESOURCES LTD,6570.0,300000.0,8012.0,400000.0,1442.0,100000.0
878742204,Not New,TECK RESOURCES LTD,7008.0,320000.0,8012.0,400000.0,1004.0,80000.0
680665205,New Holding,OLIN CORP,,,5588.0,170000.0,,
254423106,New Holding,DINEEQUITY INC,,,430.0,7900.0,,
485170302,New Holding,KANSAS CITY SOUTHERN,,,6861.0,80000.0,,
G51502105,Not New,JOHNSON CTLS INTL PLC,7855.0,186500.0,10298.0,250000.0,2443.0,63500.0
741503403,Sold Out,PRICELINE GRP INC,1466.0,1000.0,,,,
74348T102,New Holding,PROSPECT CAPITAL CORPORATION,,,539.0,59628.0,,
19625W104,New Holding,COLONY NORTHSTAR INC,,,423.0,32800.0,,
745867101,New Holding,PULTE GROUP INC,,,2183.0,92700.0,,
42824C109,Sold Out,HEWLETT PACKARD ENTERPRISE C,1157.0,50000.0,,,,
109641100,New Holding,BRINKER INTL INC,,,440.0,10000.0,,
872590104,New Holding,T MOBILE US INC,,,3397.0,52600.0,,
244199105,Sold Out,DEERE & CO,10304.0,100000.0,,,,
03524A108,New Holding,ANHEUSER BUSCH INBEV SA/NV,,,3567.0,32500.0,,
874054109,Not New,TAKE-TWO INTERACTIVE SOFTWAR,6626.0,111800.0,7640.0,155000.0,1014.0,43200.0
06740Q252,New Holding,BARCLAYS BK PLC,,,4372.0,276900.0,,
06740Q252,New Holding,BARCLAYS BK PLC,,,1579000.0,100000000.0,,
06740Q252,New Holding,BARCLAYS BK PLC,,,5534395.0,350500000.0,,
22282E102,New Holding,COVANTA HLDG CORP,,,510.0,32485.0,,
04010E109,New Holding,ARGAN INC,,,311.0,4700.0,,
30224P200,New Holding,EXTENDED STAY AMER INC,,,435.0,27300.0,,
50420D108,New Holding,LA QUINTA HLDGS INC,,,4394.0,325000.0,,
191216100,New Holding,COCA COLA CO,,,1103.0,26000.0,,
191216100,New Holding,COCA COLA CO,,,8488.0,200000.0,,
879433829,New Holding,TELEPHONE & DATA SYS INC,,,384.0,14496.0,,
22410J106,New Holding,CRACKER BARREL OLD CTRY STOR,,,446.0,2800.0,,
808625107,New Holding,SCIENCE APPLICATNS INTL CP N,,,357.0,4800.0,,
550021109,Not New,LULULEMON ATHLETICA INC,3112.0,60000.0,1950.0,30000.0,-1162.0,-30000.0
697660207,Not New,PAMPA ENERGIA S A,2568.0,47370.0,1649.0,47370.0,-919.0,0.0
55306N104,New Holding,MKS INSTRUMENT INC,,,447.0,6500.0,,
70931T103,New Holding,PENNYMAC MTG INVT TR,,,526.0,29657.0,,
958102105,Not New,WESTERN DIGITAL CORP,6470.0,78400.0,4125.0,60700.0,-2345.0,-17700.0
254709108,Not New,DISCOVER FINL SVCS,417.0,6100.0,5407.0,75000.0,4990.0,68900.0
032511107,Sold Out,ANADARKO PETE CORP,1917.0,27495.0,,,,
91913Y100,Sold Out,VALERO ENERGY CORP NEW,3416.0,50000.0,,,,
133131102,New Holding,CAMDEN PPTY TR,,,451.0,5600.0,,
55608B105,New Holding,MACQUARIE INFRASTRUCTURE COR,,,512.0,6358.0,,
69036R863,Not New,OVERSEAS SHIPHOLDING GROUP I,2240.0,580284.0,4709.0,1229489.0,2469.0,649205.0
574795100,New Holding,MASIMO CORP,,,466.0,5000.0,,
707569109,Sold Out,PENN NATL GAMING INC,345.0,25000.0,,,,
450047204,Not New,IRSA INVERSIONES Y REP S A,595.0,24289.0,448.0,24289.0,-147.0,0.0
16119P108,Not New,CHARTER COMMUNICATIONS INC N,12651.0,38650.0,2966.0,10300.0,-9685.0,-28350.0
02553E106,Sold Out,AMERICAN EAGLE OUTFITTERS NE,455.0,30000.0,,,,
703481101,Sold Out,PATTERSON UTI ENERGY INC,2692.0,100000.0,,,,
98933Q108,New Holding,ZELTIQ AESTHETICS INC,,,272.0,4900.0,,
78464A730,Sold Out,SPDR SERIES TRUST,4142.0,100000.0,,,,
78464A730,Sold Out,SPDR SERIES TRUST,7249.0,175000.0,,,,
78464A730,Sold Out,SPDR SERIES TRUST,60163.0,1452500.0,,,,
00508Y102,New Holding,ACUITY BRANDS INC,,,8160.0,40000.0,,
026874784,New Holding,AMERICAN INTL GROUP INC,,,462.0,7400.0,,
09257W100,New Holding,BLACKSTONE MTG TR INC,,,610.0,19700.0,,
29265N108,Sold Out,ENERGEN CORP,801.0,13897.0,,,,
708062104,New Holding,PENNANTPARK INVT CORP,,,493.0,60518.0,,
87164P103,Sold Out,SYNERGY RES CORP,594.0,66659.0,,,,
315616102,New Holding,F5 NETWORKS INC,,,399.0,2800.0,,
595017104,New Holding,MICROCHIP TECHNOLOGY INC,,,516.0,7000.0,,
G65431101,Sold Out,NOBLE CORP PLC,1184.0,200000.0,,,,
H8817H100,Sold Out,TRANSOCEAN LTD,1474.0,100000.0,,,,
962166104,New Holding,WEYERHAEUSER CO,,,8495.0,250000.0,,
34354P105,Sold Out,FLOWSERVE CORP,2403.0,50000.0,,,,
74762E102,New Holding,QUANTA SVCS INC,,,505.0,13600.0,,
427866108,Not New,HERSHEY CO,7101.0,65000.0,18100.0,175000.0,10999.0,110000.0
98980A105,Sold Out,ZTO EXPRESS CAYMAN INC,1183.0,98000.0,,,,
88162G103,New Holding,TETRA TECH INC NEW,,,535.0,13100.0,,
651229106,Not New,NEWELL BRANDS INC,4717.0,100000.0,2233.0,50000.0,-2484.0,-50000.0
194162103,New Holding,COLGATE PALMOLIVE CO,,,8417.0,115000.0,,
92189F106,Not New,VANECK VECTORS ETF TR,5703.0,250000.0,2092.0,100000.0,-3611.0,-150000.0
92189F106,Not New,VANECK VECTORS ETF TR,5703.0,250000.0,10460.0,500000.0,4757.0,250000.0
92189F106,Not New,VANECK VECTORS ETF TR,17108.0,750000.0,2092.0,100000.0,-15016.0,-650000.0
92189F106,Not New,VANECK VECTORS ETF TR,17108.0,750000.0,10460.0,500000.0,-6648.0,-250000.0
92189F106,Not New,VANECK VECTORS ETF TR,21670.0,950000.0,2092.0,100000.0,-19578.0,-850000.0
92189F106,Not New,VANECK VECTORS ETF TR,21670.0,950000.0,10460.0,500000.0,-11210.0,-450000.0
101137107,New Holding,BOSTON SCIENTIFIC CORP,,,500.0,20100.0,,
63938C108,New Holding,NAVIENT CORPORATION,,,277.0,18800.0,,
44919P508,New Holding,IAC INTERACTIVECORP,,,435.0,5900.0,,
649604501,New Holding,NEW YORK MTG TR INC,,,434.0,70288.0,,
136385101,Sold Out,CANADIAN NAT RES LTD,1072.0,33616.0,,,,
54142L109,New Holding,LOGMEIN INC,,,293.0,3000.0,,
97717W851,Sold Out,WISDOMTREE TR,12385.0,250000.0,,,,
212485106,New Holding,CONVERGYS CORP,,,421.0,19900.0,,
64828T201,New Holding,NEW RESIDENTIAL INVT CORP,,,539.0,31744.0,,
94946T106,New Holding,WELLCARE HEALTH PLANS INC,,,477.0,3400.0,,
00123Q104,New Holding,AGNC INVT CORP,,,621.0,31200.0,,
023135106,Not New,AMAZON COM INC,2216.0,2500.0,8511.0,11350.0,6295.0,8850.0
91307C102,New Holding,UNITED THERAPEUTICS CORP DEL,,,298.0,2200.0,,
86614U100,Not New,SUMMIT MATLS INC,2471.0,100000.0,4305.0,180960.0,1834.0,80960.0
012653101,Sold Out,ALBEMARLE CORP,9469.0,110000.0,,,,
52471Y106,New Holding,LEGACY TEX FINL GROUP INC,,,298.0,7458.0,,
98212B103,Sold Out,WPX ENERGY INC,1937.0,132920.0,,,,
565849106,Sold Out,MARATHON OIL CORP,2033.0,117444.0,,,,
56418H100,New Holding,MANPOWERGROUP INC,,,380.0,3700.0,,
45780L104,New Holding,INOGEN INC,,,323.0,4162.0,,
55378A105,New Holding,MTGE INVT CORP,,,498.0,29716.0,,
74733V100,Sold Out,QEP RES INC,2268.0,123188.0,,,,
058498106,Not New,BALL CORP,4456.0,60000.0,9759.0,130000.0,5303.0,70000.0
20030N101,New Holding,COMCAST CORP NEW,,,14004.0,372500.0,,
674215108,Sold Out,OASIS PETE INC NEW,2328.0,153784.0,,,,
402635304,Sold Out,GULFPORT ENERGY CORP,835.0,38580.0,,,,
88870R102,New Holding,TIVITY HEALTH INC,,,221.0,7578.0,,
69327R101,Sold Out,PDC ENERGY INC,1344.0,18512.0,,,,
464287192,New Holding,ISHARES TR,,,2077.0,12668.0,,
12008R107,New Holding,BUILDERS FIRSTSOURCE INC,,,4470.0,300000.0,,
78464A797,New Holding,SPDR SERIES TRUST,,,5489.0,127700.0,,
141619106,New Holding,CARDIOVASCULAR SYS INC DEL,,,246.0,8691.0,,
14040H105,New Holding,CAPITAL ONE FINL CORP,,,407.0,4700.0,,
595112103,Not New,MICRON TECHNOLOGY INC,13656.0,472542.0,7507.0,342475.0,-6149.0,-130067.0
171798101,Sold Out,CIMAREX ENERGY CO,1626.0,11968.0,,,,
369550108,Sold Out,GENERAL DYNAMICS CORP,6906.0,40000.0,,,,
887317303,New Holding,TIME WARNER INC,,,498.0,5100.0,,
01741R102,New Holding,ALLEGHENY TECHNOLOGIES INC,,,4490.0,250000.0,,
01741R102,New Holding,ALLEGHENY TECHNOLOGIES INC,,,9878.0,550000.0,,
69370C100,New Holding,PTC INC,,,8129.0,154700.0,,
382550101,Sold Out,GOODYEAR TIRE & RUBR CO,3396.0,110000.0,,,,
501044101,Not New,KROGER CO,6340.0,215000.0,4831.0,140000.0,-1509.0,-75000.0
16115Q308,New Holding,CHART INDS INC,,,332.0,9500.0,,
863667101,New Holding,STRYKER CORP,,,606.0,4600.0,,
46625H100,Not New,JPMORGAN CHASE & CO,1757.0,20000.0,1294.0,15000.0,-463.0,-5000.0
412822108,Not New,HARLEY DAVIDSON INC,2118.0,35000.0,7584.0,130000.0,5466.0,95000.0
412822108,Not New,HARLEY DAVIDSON INC,2118.0,35000.0,11085.0,190000.0,8967.0,155000.0
81618T100,New Holding,SELECT INCOME REIT,,,500.0,19401.0,,
922042874,New Holding,VANGUARD INTL EQUITY INDEX F,,,25785.0,500000.0,,
922042874,New Holding,VANGUARD INTL EQUITY INDEX F,,,25785.0,500000.0,,
053807103,New Holding,AVNET INC,,,563.0,12300.0,,
87165B103,Sold Out,SYNCHRONY FINL,4534.0,125000.0,,,,
896522109,New Holding,TRINITY INDS INC,,,327.0,12300.0,,
29272W109,New Holding,ENERGIZER HLDGS INC NEW,,,413.0,7400.0,,
038222105,Not New,APPLIED MATLS INC,11304.0,290600.0,1807.0,56000.0,-9497.0,-234600.0
655844108,Sold Out,NORFOLK SOUTHERN CORP,2702.0,25000.0,,,,
69840W108,Sold Out,PANERA BREAD CO,10255.0,50000.0,,,,
416515104,New Holding,HARTFORD FINL SVCS GROUP INC,,,4807.0,100000.0,,
571903202,Not New,MARRIOTT INTL INC NEW,706.0,7500.0,3721.0,45000.0,3015.0,37500.0
G0585R106,New Holding,ASSURED GUARANTY LTD,,,427.0,11500.0,,
31660B101,Sold Out,FIESTA RESTAURANT GROUP INC,1045.0,35000.0,,,,
031100100,Sold Out,AMETEK INC NEW,6318.0,130000.0,,,,
095229100,New Holding,BLUCORA INC,,,240.0,13900.0,,
393657101,New Holding,GREENBRIER COS INC,,,312.0,7230.0,,
922475108,New Holding,VEEVA SYS INC,,,379.0,7400.0,,
871607107,New Holding,SYNOPSYS INC,,,548.0,7600.0,,
172755100,New Holding,CIRRUS LOGIC INC,,,285.0,4700.0,,
20825C104,Sold Out,CONOCOPHILLIPS,2035.0,40583.0,,,,
526057104,New Holding,LENNAR CORP,,,4607.0,90000.0,,
701094104,Not New,PARKER HANNIFIN CORP,10421.0,65000.0,4900.0,35000.0,-5521.0,-30000.0
713448108,New Holding,PEPSICO INC,,,649.0,5800.0,,
617446448,Not New,MORGAN STANLEY,12664.0,295600.0,55694.0,1318200.0,43030.0,1022600.0
