CUSIP,status,NAME OF ISSUER,(x$1000)_old,PRN AMT_old,(x$1000),PRN AMT,(x$1000)_change,PRN AMT_change
867652406,Not New,SUNPOWER CORP,1338.0,150000.0,1007.0,65000.0,-331.0,-85000.0
G81276100,Sold Out,SIGNET JEWELERS LIMITED,4121.0,50000.0,,,,
969457100,Not New,WILLIAMS COS INC DEL,5224.0,170000.0,3245.0,150000.0,-1979.0,-20000.0
78462F103,Not New,SPDR S&P 500 ETF TR,36275.0,167709.0,157106.0,750000.0,120831.0,582291.0
78462F103,Not New,SPDR S&P 500 ETF TR,36275.0,167709.0,203275.0,970400.0,167000.0,802691.0
78462F103,Not New,SPDR S&P 500 ETF TR,36275.0,167709.0,251370.0,1200000.0,215095.0,1032291.0
78462F103,Not New,SPDR S&P 500 ETF TR,63809.0,295000.0,157106.0,750000.0,93297.0,455000.0
78462F103,Not New,SPDR S&P 500 ETF TR,63809.0,295000.0,203275.0,970400.0,139466.0,675400.0
78462F103,Not New,SPDR S&P 500 ETF TR,63809.0,295000.0,251370.0,1200000.0,187561.0,905000.0
78462F103,Not New,SPDR S&P 500 ETF TR,324450.0,1500000.0,157106.0,750000.0,-167344.0,-750000.0
78462F103,Not New,SPDR S&P 500 ETF TR,324450.0,1500000.0,203275.0,970400.0,-121175.0,-529600.0
78462F103,Not New,SPDR S&P 500 ETF TR,324450.0,1500000.0,251370.0,1200000.0,-73080.0,-300000.0
34959J108,New Holding,FORTIVE CORP,,,8908.0,175000.0,,
G0750C108,New Holding,AXALTA COATING SYS LTD,,,4241.0,150000.0,,
Q9235V101,Sold Out,TRONOX LTD,2753.0,625000.0,,,,
532457108,Sold Out,LILLY ELI & CO,700.0,8890.0,,,,
464287234,Not New,ISHARES TR,13108.0,350000.0,7216.0,210000.0,-5892.0,-140000.0
464287234,Not New,ISHARES TR,13108.0,350000.0,103080.0,3000000.0,89972.0,2650000.0
464287234,Not New,ISHARES TR,22833.0,609700.0,7216.0,210000.0,-15617.0,-399700.0
464287234,Not New,ISHARES TR,22833.0,609700.0,103080.0,3000000.0,80247.0,2390300.0
464287234,Not New,ISHARES TR,35578.0,950000.0,7216.0,210000.0,-28362.0,-740000.0
464287234,Not New,ISHARES TR,35578.0,950000.0,103080.0,3000000.0,67502.0,2050000.0
64110L106,Sold Out,NETFLIX INC,2058.0,22500.0,,,,
64110L106,Sold Out,NETFLIX INC,6861.0,75000.0,,,,
87612G101,Not New,TARGA RES CORP,3438.0,70000.0,632.0,15000.0,-2806.0,-55000.0
87612G101,Not New,TARGA RES CORP,14733.0,300000.0,632.0,15000.0,-14101.0,-285000.0
71646J109,Not New,PETROBRAS ARGENTINA S A,68.0,10374.0,65.0,10374.0,-3.0,0.0
958102105,New Holding,WESTERN DIGITAL CORP,,,1497.0,25600.0,,
68557N103,Not New,ORBITAL ATK INC,6098.0,80000.0,17879.0,210000.0,11781.0,130000.0
057224107,Sold Out,BAKER HUGHES INC,2708.0,60000.0,,,,
91913Y100,Not New,VALERO ENERGY CORP NEW,1060.0,20000.0,2550.0,50000.0,1490.0,30000.0
387328107,Sold Out,GRANITE CONSTR INC,3143.0,69000.0,,,,
655664100,New Holding,NORDSTROM INC,,,5447.0,105000.0,,
69036R863,New Holding,OVERSEAS SHIPHOLDING GROUP I,,,13827.0,1308091.0,,
134429109,Sold Out,CAMPBELL SOUP CO,5655.0,85000.0,,,,
37950E259,Not New,GLOBAL X FDS,1163.0,48687.0,1532.0,68687.0,369.0,20000.0
150870103,New Holding,CELANESE CORP DEL,,,7322.0,110000.0,,
40416M105,New Holding,HD SUPPLY HLDGS INC,,,4797.0,150000.0,,
464287655,Not New,ISHARES TR,30568.0,246100.0,74737.0,650000.0,44169.0,403900.0
464287655,Not New,ISHARES TR,58379.0,470000.0,74737.0,650000.0,16358.0,180000.0
844741108,New Holding,SOUTHWEST AIRLS CO,,,3889.0,100000.0,,
74005P104,Not New,PRAXAIR INC,6042.0,50000.0,7867.0,70000.0,1825.0,20000.0
450047204,Not New,IRSA INVERSIONES Y REP S A,1388.0,73071.0,1144.0,68071.0,-244.0,-5000.0
044186104,New Holding,ASHLAND GLOBAL HLDGS INC,,,6957.0,60000.0,,
983134107,Not New,WYNN RESORTS LTD,6332.0,65000.0,2266.0,25000.0,-4066.0,-40000.0
817565104,New Holding,SERVICE CORP INTL,,,6635.0,250000.0,,
98310W108,Not New,WYNDHAM WORLDWIDE CORP,8416.0,125000.0,23150.0,325000.0,14734.0,200000.0
703481101,Not New,PATTERSON UTI ENERGY INC,1119.0,50000.0,2132.0,100000.0,1013.0,50000.0
81663A105,Not New,SEMGROUP CORP,3536.0,100000.0,1140.0,35000.0,-2396.0,-65000.0
00206R102,Sold Out,AT&T INC,2091.0,48400.0,,,,
165167107,New Holding,CHESAPEAKE ENERGY CORP,,,41912.0,6684500.0,,
256677105,Sold Out,DOLLAR GEN CORP NEW,846.0,9000.0,,,,
125269100,New Holding,CF INDS HLDGS INC,,,3653.0,150000.0,,
205887102,Sold Out,CONAGRA FOODS INC,15227.0,318488.0,,,,
913017109,Sold Out,UNITED TECHNOLOGIES CORP,9230.0,90000.0,,,,
960413102,Not New,WESTLAKE CHEM CORP,2675.0,50000.0,6867.0,160000.0,4192.0,110000.0
535919203,Sold Out,LIONS GATE ENTMNT CORP,3035.0,150000.0,,,,
78464A730,Sold Out,SPDR SERIES TRUST,6962.0,200000.0,,,,
81369Y506,New Holding,SELECT SECTOR SPDR TR,,,64997.0,920500.0,,
171340102,Sold Out,CHURCH & DWIGHT INC,5145.0,50000.0,,,,
026874784,Not New,AMERICAN INTL GROUP INC,3560.0,60000.0,5289.0,100000.0,1729.0,40000.0
265504100,Not New,DUNKIN BRANDS GROUP INC,2604.0,50000.0,6979.0,160000.0,4375.0,110000.0
13645T100,New Holding,CANADIAN PAC RY LTD,,,6108.0,40000.0,,
552953101,Not New,MGM RESORTS INTERNATIONAL,10412.0,400000.0,2263.0,100000.0,-8149.0,-300000.0
552953101,Not New,MGM RESORTS INTERNATIONAL,18872.0,725000.0,2263.0,100000.0,-16609.0,-625000.0
26969P108,Sold Out,EAGLE MATERIALS INC,13702.0,177600.0,,,,
N20944109,Sold Out,CNH INDL N V,2324.0,325000.0,,,,
83416T100,Sold Out,SOLARCITY CORP,718.0,30000.0,,,,
755111507,Not New,RAYTHEON CO,9529.0,70000.0,51008.0,375200.0,41479.0,305200.0
00507V109,Sold Out,ACTIVISION BLIZZARD INC,8057.0,203300.0,,,,
78463V107,Not New,SPDR GOLD TRUST,15515.0,123486.0,28778.0,227550.0,13263.0,104064.0
25272T104,Sold Out,DIAMOND RESORTS INTL INC,11984.0,400000.0,,,,
06742E711,Sold Out,BARCLAYS BK PLC,32454.0,2350000.0,,,,
81369Y886,Sold Out,SELECT SECTOR SPDR TR,2624.0,50000.0,,,,
81369Y886,Sold Out,SELECT SECTOR SPDR TR,3935.0,75000.0,,,,
92047W101,New Holding,VALVOLINE INC,,,470.0,20000.0,,
343412102,Sold Out,FLUOR CORP NEW,19471.0,395100.0,,,,
539830109,Not New,LOCKHEED MARTIN CORP,4794.0,20000.0,37672.0,151800.0,32878.0,131800.0
502424104,Sold Out,L-3 COMMUNICATIONS HLDGS INC,31905.0,217500.0,,,,
759509102,Sold Out,RELIANCE STEEL & ALUMINUM CO,10774.0,140100.0,,,,
962166104,New Holding,WEYERHAEUSER CO,,,6388.0,200000.0,,
819047101,Sold Out,SHAKE SHACK INC,1822.0,50000.0,,,,
655044105,New Holding,NOBLE ENERGY INC,,,3038.0,85000.0,,
767204100,Sold Out,RIO TINTO PLC,10476.0,334700.0,,,,
469814107,Sold Out,JACOBS ENGR GROUP INC DEL,13658.0,274200.0,,,,
984332106,New Holding,YAHOO INC,,,1078.0,25000.0,,
284902103,New Holding,ELDORADO GOLD CORP NEW,,,1179.0,300000.0,,
30231G102,Sold Out,EXXON MOBIL CORP,2344.0,25000.0,,,,
007903107,Not New,ADVANCED MICRO DEVICES INC,1036.0,149900.0,1028.0,200000.0,-8.0,50100.0
163072101,New Holding,CHEESECAKE FACTORY INC,,,4350.0,86886.0,,
91232N108,New Holding,UNITED STATES OIL FUND LP,,,10930.0,1000000.0,,
87612E106,Sold Out,TARGET CORP,2095.0,30000.0,,,,
406216101,Not New,HALLIBURTON CO,2244.0,50000.0,3623.0,80000.0,1379.0,30000.0
285512109,Not New,ELECTRONIC ARTS INC,8651.0,101300.0,4319.0,57007.0,-4332.0,-44293.0
427866108,New Holding,HERSHEY CO,,,12285.0,128500.0,,
427866108,New Holding,HERSHEY CO,,,16730.0,175000.0,,
460146103,New Holding,INTL PAPER CO,,,9596.0,200000.0,,
81369Y860,New Holding,SELECT SECTOR SPDR TR,,,57214.0,1745934.0,,
78377T107,Sold Out,RYMAN HOSPITALITY PPTYS INC,1266.0,25000.0,,,,
87074U101,New Holding,SWIFT TRANSN CO,,,2147.0,100000.0,,
811065101,Sold Out,SCRIPPS NETWORKS INTERACT IN,1009.0,16200.0,,,,
774341101,Sold Out,ROCKWELL COLLINS INC,5960.0,70000.0,,,,
067901108,Not New,BARRICK GOLD CORP,98169.0,5540000.0,324520.0,15200000.0,226351.0,9660000.0
067901108,Not New,BARRICK GOLD CORP,98169.0,5540000.0,162299.0,7601807.0,64130.0,2061807.0
46625H365,Not New,JPMORGAN CHASE & CO,1575.0,50000.0,6362.0,200000.0,4787.0,150000.0
931142103,New Holding,WAL-MART STORES INC,,,1082.0,15000.0,,
651229106,Not New,NEWELL BRANDS INC,8952.0,170000.0,4128.0,85000.0,-4824.0,-85000.0
Y09827109,Not New,BROADCOM LTD,1725.0,10000.0,8733.0,56200.0,7008.0,46200.0
194162103,New Holding,COLGATE PALMOLIVE CO,,,17794.0,240000.0,,
26138E109,New Holding,DR PEPPER SNAPPLE GROUP INC,,,3652.0,40000.0,,
963320106,Sold Out,WHIRLPOOL CORP,39744.0,238500.0,,,,
81369Y308,New Holding,SELECT SECTOR SPDR TR,,,2661.0,50000.0,,
92189F106,Not New,VANECK VECTORS ETF TR,9251.0,350000.0,9006.0,325000.0,-245.0,-25000.0
92189F106,Not New,VANECK VECTORS ETF TR,9251.0,350000.0,26962.0,973000.0,17711.0,623000.0
92189F106,Not New,VANECK VECTORS ETF TR,9251.0,350000.0,34638.0,1250000.0,25387.0,900000.0
666807102,Sold Out,NORTHROP GRUMMAN CORP,45234.0,203500.0,,,,
172967424,New Holding,CITIGROUP INC,,,4723.0,100000.0,,
256746108,New Holding,DOLLAR TREE INC,,,18943.0,240000.0,,
92189F791,New Holding,VANECK VECTORS ETF TR,,,22145.0,500000.0,,
718172109,Not New,PHILIP MORRIS INTL INC,5347.0,55000.0,5595.0,55000.0,248.0,0.0
446413106,Sold Out,HUNTINGTON INGALLS INDS INC,9981.0,59400.0,,,,
464287739,Sold Out,ISHARES TR,1648.0,20000.0,,,,
97717W851,New Holding,WISDOMTREE TR,,,3540.0,82500.0,,
64110W102,New Holding,NETEASE INC,,,903.0,3750.0,,
38388F108,Not New,GRACE W R & CO DEL NEW,4428.0,60000.0,13178.0,180000.0,8750.0,120000.0
Y7542C106,Not New,SCORPIO TANKERS INC,4167.0,900000.0,3675.0,875000.0,-492.0,-25000.0
806857108,New Holding,SCHLUMBERGER LTD,,,3932.0,50000.0,,
23129S106,Sold Out,CURRENCYSHS BRIT POUND STER,13015.0,100000.0,,,,
07329M100,Not New,BBVA BANCO FRANCES S A,2438.0,122583.0,2321.0,112483.0,-117.0,-10100.0
81369Y407,New Holding,SELECT SECTOR SPDR TR,,,12006.0,150000.0,,
30303M102,Sold Out,FACEBOOK INC,4571.0,40000.0,,,,
91347P105,New Holding,UNIVERSAL DISPLAY CORP,,,4185.0,75400.0,,
060505104,Not New,BANK AMER CORP,3913.0,250000.0,6635.0,500000.0,2722.0,250000.0
370334104,Sold Out,GENERAL MLS INC,1070.0,15000.0,,,,
046224101,Sold Out,ASTEC INDS INC,1617.0,28800.0,,,,
81369Y605,New Holding,SELECT SECTOR SPDR TR,,,242167.0,12547500.0,,
22160K105,Sold Out,COSTCO WHSL CORP NEW,11778.0,75000.0,,,,
500754106,Not New,KRAFT HEINZ CO,22378.0,250000.0,17696.0,200000.0,-4682.0,-50000.0
500754106,Not New,KRAFT HEINZ CO,22378.0,250000.0,320982.0,3627730.0,298604.0,3377730.0
500754106,Not New,KRAFT HEINZ CO,198491.0,2217530.0,17696.0,200000.0,-180795.0,-2017530.0
500754106,Not New,KRAFT HEINZ CO,198491.0,2217530.0,320982.0,3627730.0,122491.0,1410200.0
023135106,Not New,AMAZON COM INC,3768.0,4500.0,14056.0,19642.0,10288.0,15142.0
131347304,New Holding,CALPINE CORP,,,2212.0,175000.0,,
142339100,New Holding,CARLISLE COS INC,,,5129.0,50000.0,,
86614U100,Not New,SUMMIT MATLS INC,17808.0,960000.0,3640.0,177900.0,-14168.0,-782100.0
53567X101,New Holding,LINE CORP,,,1283.0,26500.0,,
868157108,Not New,SUPERIOR ENERGY SVCS INC,1432.0,80000.0,1381.0,75000.0,-51.0,-5000.0
61174X109,Not New,MONSTER BEVERAGE CORP NEW,14681.0,100000.0,220655.0,1373000.0,205974.0,1273000.0
61174X109,Not New,MONSTER BEVERAGE CORP NEW,216885.0,1477315.0,220655.0,1373000.0,3770.0,-104315.0
833635105,Not New,SOCIEDAD QUIMICA MINERA DE C,1802.0,67000.0,1656.0,67000.0,-146.0,0.0
966387102,Not New,WHITING PETE CORP NEW,1748.0,200000.0,1852.0,200000.0,104.0,0.0
27890G100,Sold Out,ECLIPSE RES CORP,1503.0,450000.0,,,,
776696106,Sold Out,ROPER TECHNOLOGIES INC,20467.0,120000.0,,,,
580135101,Sold Out,MCDONALDS CORP,4814.0,40000.0,,,,
103304101,New Holding,BOYD GAMING CORP,,,1484.0,75000.0,,
28035Q102,Sold Out,EDGEWELL PERS CARE CO,844.0,10000.0,,,,
25754A201,Sold Out,DOMINOS PIZZA INC,13795.0,105000.0,,,,
174610105,New Holding,CITIZENS FINL GROUP INC,,,3707.0,150000.0,,
437076102,Not New,HOME DEPOT INC,6434.0,50000.0,1277.0,10000.0,-5157.0,-40000.0
437076102,Not New,HOME DEPOT INC,20589.0,160000.0,1277.0,10000.0,-19312.0,-150000.0
76131D103,New Holding,RESTAURANT BRANDS INTL INC,,,2229.0,50000.0,,
00766T100,Sold Out,AECOM,10684.0,336300.0,,,,
912909108,Sold Out,UNITED STATES STL CORP NEW,32619.0,1934700.0,,,,
235851102,New Holding,DANAHER CORP DEL,,,9407.0,120000.0,,
608190104,Not New,MOHAWK INDS INC,7012.0,35000.0,5693.0,30000.0,-1319.0,-5000.0
073685109,Sold Out,BEACON ROOFING SUPPLY INC,7275.0,160000.0,,,,
058498106,Sold Out,BALL CORP,25302.0,350000.0,,,,
42809H107,New Holding,HESS CORP,,,2145.0,40000.0,,
20030N101,Sold Out,COMCAST CORP NEW,3260.0,50000.0,,,,
78464A714,New Holding,SPDR SERIES TRUST,,,8710.0,200000.0,,
73935A104,Not New,POWERSHARES QQQ TRUST,5936.0,50000.0,21508.0,200000.0,15572.0,150000.0
73935A104,Not New,POWERSHARES QQQ TRUST,5936.0,50000.0,80655.0,750000.0,74719.0,700000.0
73935A104,Not New,POWERSHARES QQQ TRUST,59360.0,500000.0,21508.0,200000.0,-37852.0,-300000.0
73935A104,Not New,POWERSHARES QQQ TRUST,59360.0,500000.0,80655.0,750000.0,21295.0,250000.0
436106108,New Holding,HOLLYFRONTIER CORP,,,1715.0,70000.0,,
94106L109,New Holding,WASTE MGMT INC DEL,,,3826.0,60000.0,,
670346105,Sold Out,NUCOR CORP,24888.0,503700.0,,,,
464288513,New Holding,ISHARES TR,,,4363.0,50000.0,,
464288513,New Holding,ISHARES TR,,,287958.0,3300000.0,,
464286400,New Holding,ISHARES,,,3057.0,90625.0,,
405217100,New Holding,HAIN CELESTIAL GROUP INC,,,3558.0,100000.0,,
405217100,New Holding,HAIN CELESTIAL GROUP INC,,,7116.0,200000.0,,
654106103,Not New,NIKE INC,7898.0,150000.0,5520.0,100000.0,-2378.0,-50000.0
336433107,Sold Out,FIRST SOLAR INC,727.0,15000.0,,,,
464287184,New Holding,ISHARES TR,,,5702.0,150000.0,,
573284106,Sold Out,MARTIN MARIETTA MATLS INC,35424.0,184500.0,,,,
G48833100,Not New,WEATHERFORD INTL PLC,1405.0,250000.0,1943.0,350000.0,538.0,100000.0
548661107,New Holding,LOWES COS INC,,,10832.0,150000.0,,
001547108,Sold Out,AK STL HLDG CORP,9952.0,2135640.0,,,,
171798101,New Holding,CIMAREX ENERGY CO,,,3359.0,25000.0,,
595112103,Not New,MICRON TECHNOLOGY INC,4057.0,228200.0,4246.0,308600.0,189.0,80400.0
399909100,Not New,GRUPO FINANCIERO GALICIA S A,8237.0,264765.0,7634.0,249965.0,-603.0,-14800.0
904311107,Sold Out,UNDER ARMOUR INC,4013.0,100000.0,,,,
369550108,Sold Out,GENERAL DYNAMICS CORP,37595.0,270000.0,,,,
05961W105,Not New,BANCO MACRO SA,8841.0,112987.0,7540.0,101587.0,-1301.0,-11400.0
693656100,New Holding,PVH CORP,,,12155.0,110000.0,,
60871R209,Not New,MOLSON COORS BREWING CO,13725.0,125000.0,25283.0,250000.0,11558.0,125000.0
60871R209,Not New,MOLSON COORS BREWING CO,13725.0,125000.0,54367.0,537600.0,40642.0,412600.0
60871R209,Not New,MOLSON COORS BREWING CO,23607.0,215000.0,25283.0,250000.0,1676.0,35000.0
60871R209,Not New,MOLSON COORS BREWING CO,23607.0,215000.0,54367.0,537600.0,30760.0,322600.0
G0176J109,Not New,ALLEGION PUB LTD CO,4824.0,70000.0,4860.0,70000.0,36.0,0.0
61166W101,Not New,MONSANTO CO NEW,20440.0,200000.0,14477.0,140000.0,-5963.0,-60000.0
088606108,Sold Out,BHP BILLITON LTD,10270.0,359600.0,,,,
119848109,Sold Out,BUFFALO WILD WINGS INC,17369.0,125000.0,,,,
119848109,Sold Out,BUFFALO WILD WINGS INC,21322.0,153451.0,,,,
761713106,Sold Out,REYNOLDS AMERICAN INC,1079.0,20000.0,,,,
67066G104,Not New,NVIDIA CORP,1103.0,16100.0,2351.0,50000.0,1248.0,33900.0
12650T104,Not New,CSRA INC,12105.0,450000.0,14058.0,600000.0,1953.0,150000.0
708160106,New Holding,PENNEY J C INC,,,1383.0,150000.0,,
382550101,Not New,GOODYEAR TIRE & RUBR CO,11305.0,350000.0,48654.0,1896100.0,37349.0,1546100.0
02079K107,Not New,ALPHABET INC,3886.0,5000.0,7959.0,11500.0,4073.0,6500.0
143658300,Not New,CARNIVAL CORP,2441.0,50000.0,5747.0,130000.0,3306.0,80000.0
143658300,Not New,CARNIVAL CORP,4882.0,100000.0,5747.0,130000.0,865.0,30000.0
501044101,Not New,KROGER CO,9646.0,325000.0,8278.0,225000.0,-1368.0,-100000.0
501044101,Not New,KROGER CO,9646.0,325000.0,9933.0,270000.0,287.0,-55000.0
501044101,Not New,KROGER CO,26712.0,900000.0,8278.0,225000.0,-18434.0,-675000.0
501044101,Not New,KROGER CO,26712.0,900000.0,9933.0,270000.0,-16779.0,-630000.0
90346E103,Sold Out,U S SILICA HLDGS INC,1724.0,50000.0,,,,
929160109,Sold Out,VULCAN MATLS CO,35855.0,297900.0,,,,
01609W102,New Holding,ALIBABA GROUP HLDG LTD,,,4507.0,42600.0,,
517834107,Sold Out,LAS VEGAS SANDS CORP,2827.0,65000.0,,,,
92189F403,New Holding,VANECK VECTORS ETF TR,,,4690.0,250000.0,,
55616P104,Not New,MACYS INC,5558.0,150000.0,6722.0,200000.0,1164.0,50000.0
55616P104,Not New,MACYS INC,5558.0,150000.0,10755.0,320000.0,5197.0,170000.0
55616P104,Not New,MACYS INC,7410.0,200000.0,6722.0,200000.0,-688.0,0.0
55616P104,Not New,MACYS INC,7410.0,200000.0,10755.0,320000.0,3345.0,120000.0
33829M101,New Holding,FIVE BELOW INC,,,2265.0,56225.0,,
594918104,Not New,MICROSOFT CORP,33638.0,584000.0,29883.0,584000.0,-3755.0,0.0
447011107,Not New,HUNTSMAN CORP,5288.0,325000.0,3699.0,275000.0,-1589.0,-50000.0
228368106,Sold Out,CROWN HOLDINGS INC,10134.0,200000.0,,,,
412822108,Not New,HARLEY DAVIDSON INC,1052.0,20000.0,6795.0,150000.0,5743.0,130000.0
412822108,Not New,HARLEY DAVIDSON INC,1052.0,20000.0,34057.0,751800.0,33005.0,731800.0
412822108,Not New,HARLEY DAVIDSON INC,2892.0,55000.0,6795.0,150000.0,3903.0,95000.0
412822108,Not New,HARLEY DAVIDSON INC,2892.0,55000.0,34057.0,751800.0,31165.0,696800.0
192422103,New Holding,COGNEX CORP,,,3700.0,70000.0,,
911363109,Sold Out,UNITED RENTALS INC,33476.0,498900.0,,,,
959319104,New Holding,WESTERN REFNG INC,,,1323.0,50000.0,,
09531U102,New Holding,BLUE BUFFALO PET PRODS INC,,,1901.0,80000.0,,
N53745100,New Holding,LYONDELLBASELL INDUSTRIES N,,,5646.0,70000.0,,
881609101,New Holding,TESORO CORP,,,6763.0,85000.0,,
201723103,Sold Out,COMMERCIAL METALS CO,6855.0,405600.0,,,,
966244105,Sold Out,WHITEWAVE FOODS CO,11313.0,241000.0,,,,
966244105,Sold Out,WHITEWAVE FOODS CO,14082.0,300000.0,,,,
038222105,Sold Out,APPLIED MATLS INC,12571.0,524450.0,,,,
094235108,Sold Out,BLOOMIN BRANDS INC,11133.0,623000.0,,,,
655844108,Not New,NORFOLK SOUTHERN CORP,3882.0,40000.0,31311.0,367800.0,27429.0,327800.0
69840W108,New Holding,PANERA BREAD CO,,,4868.0,25000.0,,
571903202,New Holding,MARRIOTT INTL INC NEW,,,7817.0,116100.0,,
21036P108,New Holding,CONSTELLATION BRANDS INC,,,3330.0,20000.0,,
878742204,Not New,TECK RESOURCES LTD,5409.0,300000.0,16713.0,1269000.0,11304.0,969000.0
43300A104,Not New,HILTON WORLDWIDE HLDGS INC,20064.0,875000.0,18024.0,800000.0,-2040.0,-75000.0
762760106,New Holding,RICE ENERGY INC,,,6528.0,250000.0,,
500472303,Sold Out,KONINKLIJKE PHILIPS N V,3118.0,125000.0,,,,
742718109,New Holding,PROCTER AND GAMBLE CO,,,2693.0,30000.0,,
485170302,Not New,KANSAS CITY SOUTHERN,4666.0,50000.0,11261.0,125000.0,6595.0,75000.0
723787107,New Holding,PIONEER NAT RES CO,,,3713.0,20000.0,,
G51502105,New Holding,JOHNSON CTLS INTL PLC,,,10469.0,225000.0,,
12626K203,Sold Out,CRH PLC,2857.0,96600.0,,,,
56585A102,Not New,MARATHON PETE CORP,1624.0,40000.0,1898.0,50000.0,274.0,10000.0
42824C109,New Holding,HEWLETT PACKARD ENTERPRISE C,,,4441.0,195200.0,,
L00849106,Not New,ADECOAGRO S A,7483.0,655823.0,6963.0,634723.0,-520.0,-21100.0
90184L102,New Holding,TWITTER INC,,,2536.0,110000.0,,
031100100,Sold Out,AMETEK INC NEW,6935.0,150000.0,,,,
126408103,Not New,CSX CORP,4575.0,150000.0,20593.0,789600.0,16018.0,639600.0
830566105,Sold Out,SKECHERS U S A INC,743.0,25000.0,,,,
47215P106,Sold Out,JD COM INC,9292.0,437700.0,,,,
477143101,Sold Out,JETBLUE AIRWAYS CORP,2981.0,180000.0,,,,
26817R108,Not New,DYNEGY INC NEW DEL,2974.0,240000.0,1034.0,60000.0,-1940.0,-180000.0
874054109,Not New,TAKE-TWO INTERACTIVE SOFTWAR,2254.0,50000.0,7584.0,200000.0,5330.0,150000.0
874054109,Not New,TAKE-TWO INTERACTIVE SOFTWAR,2254.0,50000.0,17064.0,450000.0,14810.0,400000.0
874054109,Not New,TAKE-TWO INTERACTIVE SOFTWAR,4387.0,97322.0,7584.0,200000.0,3197.0,102678.0
874054109,Not New,TAKE-TWO INTERACTIVE SOFTWAR,4387.0,97322.0,17064.0,450000.0,12677.0,352678.0
90384S303,New Holding,ULTA SALON COSMETCS & FRAG I,,,8329.0,35000.0,,
064058100,Sold Out,BANK NEW YORK MELLON CORP,4856.0,125000.0,,,,
761283100,New Holding,RESTORATION HARDWARE HLDGS I,,,3458.0,100000.0,,
858119100,Sold Out,STEEL DYNAMICS INC,17265.0,704700.0,,,,
00751Y106,Not New,ADVANCE AUTO PARTS INC,5965.0,40000.0,1616.0,10000.0,-4349.0,-30000.0
824348106,New Holding,SHERWIN WILLIAMS CO,,,10375.0,37500.0,,
872540109,Not New,TJX COS INC NEW,4861.0,65000.0,3862.0,50000.0,-999.0,-15000.0
855244109,Not New,STARBUCKS CORP,18678.0,345000.0,1428.0,25000.0,-17250.0,-320000.0
855244109,Not New,STARBUCKS CORP,35191.0,650000.0,1428.0,25000.0,-33763.0,-625000.0
72348P104,Sold Out,PINNACLE FOODS INC DEL,5786.0,125000.0,,,,
988498101,New Holding,YUM BRANDS INC,,,5449.0,60000.0,,
380956409,New Holding,GOLDCORP INC NEW,,,5782.0,350000.0,,
697660207,Not New,PAMPA ENERGIA S A,7920.0,244454.0,6102.0,223203.0,-1818.0,-21251.0
466367109,Sold Out,JACK IN THE BOX INC,2148.0,25000.0,,,,
55303A105,New Holding,MGM GROWTH PPTYS LLC,,,13439.0,515480.0,,
222070203,New Holding,COTY INC,,,7050.0,300000.0,,
222070203,New Holding,COTY INC,,,7638.0,325000.0,,
00724F101,Sold Out,ADOBE SYS INC,4607.0,48100.0,,,,
