CUSIP,status,NAME OF ISSUER,(x$1000)_old,PRN AMT_old,(x$1000),PRN AMT,(x$1000)_change,PRN AMT_change
G4705A100,Not New,ICON PLC,518,5300,518,5300,0,0
552676108,Not New,M D C HLDGS INC,491,13900,491,13900,0,0
031162100,Not New,AMGEN INC,482,2800,482,2800,0,0
007973100,Not New,ADVANCED ENERGY INDS,414,6400,414,6400,0,0
428291108,Not New,HEXCEL CORP NEW,3959,75000,3959,75000,0,0
880779103,Not New,TEREX CORP NEW,5625,150000,5625,150000,0,0
592688105,Not New,METTLER TOLEDO INTERNATIONAL,589,1000,589,1000,0,0
205887102,Not New,CONAGRA BRANDS INC,569,15900,569,15900,0,0
83304A106,Not New,SNAP INC,1333,75000,1333,75000,0,0
92240M108,Not New,VECTOR GROUP LTD,565,26500,565,26500,0,0
552953101,Not New,MGM RESORTS INTERNATIONAL,4068,130000,4068,130000,0,0
01973R101,Not New,ALLISON TRANSMISSION HLDGS I,540,14400,540,14400,0,0
559222401,Not New,MAGNA INTL INC,10424,225000,10424,225000,0,0
419879101,Not New,HAWAIIAN HOLDINGS INC,362,7700,362,7700,0,0
45867G101,Not New,INTERDIGITAL INC,362,4679,362,4679,0,0
76131V202,Not New,RETAIL PPTYS AMER INC,530,43400,530,43400,0,0
80589M102,Not New,SCANA CORP NEW,563,8400,563,8400,0,0
V5633W109,Not New,MAKEMYTRIP LIMITED MAURITIUS,278,8300,278,8300,0,0
30231G102,Not New,EXXON MOBIL CORP,122773,1520785,122773,1520785,0,0
460146103,Not New,INTL PAPER CO,1698,30000,1698,30000,0,0
516806106,Not New,LAREDO PETROLEUM INC,6819,648183,6819,648183,0,0
80874P109,Not New,SCIENTIFIC GAMES CORP,284,10900,284,10900,0,0
74876Y101,Not New,QUINTILES IMS HOLDINGS INC,528,5900,528,5900,0,0
M98068105,Not New,WIX COM LTD,271,3900,271,3900,0,0
03076C106,Not New,AMERIPRISE FINL INC,395,3100,395,3100,0,0
26138E109,Not New,DR PEPPER SNAPPLE GROUP INC,565,6200,565,6200,0,0
81369Y308,Not New,SELECT SECTOR SPDR TR,2747,50000,2747,50000,0,0
90187B101,Not New,TWO HBRS INVT CORP,647,65300,647,65300,0,0
G29183103,Not New,EATON CORP PLC,3892,50000,3892,50000,0,0
666807102,Not New,NORTHROP GRUMMAN CORP,5134,20000,5134,20000,0,0
371559105,Not New,GENESEE & WYO INC,1368,20000,1368,20000,0,0
172967424,Not New,CITIGROUP INC,7691,115000,7691,115000,0,0
256746108,Not New,DOLLAR TREE INC,3146,45000,3146,45000,0,0
718172109,Not New,PHILIP MORRIS INTL INC,4111,35000,4111,35000,0,0
92210H105,Not New,VANTIV INC,551,8700,551,8700,0,0
G25839104,Not New,COCA COLA EUROPEAN PARTNERS,569,14000,569,14000,0,0
64110W102,Not New,NETEASE INC,421,1400,421,1400,0,0
302635107,Not New,FS INVT CORP,586,64015,586,64015,0,0
N96617118,Not New,WRIGHT MED GROUP N V,396,14400,396,14400,0,0
98419M100,Not New,XYLEM INC,4434,80000,4434,80000,0,0
30212P303,Not New,EXPEDIA INC DEL,3724,25000,3724,25000,0,0
Y41053102,Not New,INTERNATIONAL SEAWAYS INC,25414,1172758,25414,1172758,0,0
02209S103,Not New,ALTRIA GROUP INC,685,9200,685,9200,0,0
02209S103,Not New,ALTRIA GROUP INC,685,9200,2979,40000,2294,30800
02209S103,Not New,ALTRIA GROUP INC,2979,40000,685,9200,-2294,-30800
02209S103,Not New,ALTRIA GROUP INC,2979,40000,2979,40000,0,0
071813109,Not New,BAXTER INTL INC,654,10800,654,10800,0,0
G27823106,Not New,DELPHI AUTOMOTIVE PLC,6574,75000,6574,75000,0,0
M9068E105,Not New,SODASTREAM INTERNATIONAL LTD,295,5511,295,5511,0,0
68389X105,Not New,ORACLE CORP,7857,156700,7857,156700,0,0
40434L105,Not New,HP INC,439,25100,439,25100,0,0
500754106,Not New,KRAFT HEINZ CO,31687,370000,31687,370000,0,0
500754106,Not New,KRAFT HEINZ CO,31687,370000,34079,397936,2392,27936
500754106,Not New,KRAFT HEINZ CO,34079,397936,31687,370000,-2392,-27936
500754106,Not New,KRAFT HEINZ CO,34079,397936,34079,397936,0,0
72348Y105,Not New,PINNACLE ENTMT INC NEW,2272,115000,2272,115000,0,0
868157108,Not New,SUPERIOR ENERGY SVCS INC,7194,689739,7194,689739,0,0
518439104,Not New,LAUDER ESTEE COS INC,3839,40000,3839,40000,0,0
98986T108,Not New,ZYNGA INC,1476,405400,1476,405400,0,0
812578102,Not New,SEATTLE GENETICS INC,269,5200,269,5200,0,0
31620M106,Not New,FIDELITY NATL INFORMATION SV,666,7800,666,7800,0,0
38141G104,Not New,GOLDMAN SACHS GROUP INC,444,2000,444,2000,0,0
037833100,Not New,APPLE INC,2880,20000,2880,20000,0,0
037833100,Not New,APPLE INC,2880,20000,5242,36400,2362,16400
037833100,Not New,APPLE INC,5242,36400,2880,20000,-2362,-16400
037833100,Not New,APPLE INC,5242,36400,5242,36400,0,0
78442P106,Not New,SLM CORP,337,29300,337,29300,0,0
174610105,Not New,CITIZENS FINL GROUP INC,460,12900,460,12900,0,0
76131D103,Not New,RESTAURANT BRANDS INTL INC,4065,65000,4065,65000,0,0
912909108,Not New,UNITED STATES STL CORP NEW,6642,300000,6642,300000,0,0
912909108,Not New,UNITED STATES STL CORP NEW,6642,300000,14391,650000,7749,350000
912909108,Not New,UNITED STATES STL CORP NEW,14391,650000,6642,300000,-7749,-350000
912909108,Not New,UNITED STATES STL CORP NEW,14391,650000,14391,650000,0,0
902494103,Not New,TYSON FOODS INC,432,6900,432,6900,0,0
260543103,Not New,DOW CHEM CO,7884,125000,7884,125000,0,0
512807108,Not New,LAM RESEARCH CORP,453,3200,453,3200,0,0
09062X103,Not New,BIOGEN INC,407,1500,407,1500,0,0
96145D105,Not New,WESTROCK CO,11270,198900,11270,198900,0,0
833034101,Not New,SNAP ON INC,490,3100,490,3100,0,0
534187109,Not New,LINCOLN NATL CORP IND,460,6800,460,6800,0,0
554382101,Not New,MACERICH CO,511,8800,511,8800,0,0
521865204,Not New,LEAR CORP,540,3800,540,3800,0,0
911312106,Not New,UNITED PARCEL SERVICE INC,9953,90000,9953,90000,0,0
399909100,Not New,GRUPO FINANCIERO GALICIA S A,1639,38430,1639,38430,0,0
577081102,Not New,MATTEL INC,405,18800,405,18800,0,0
44107P104,Not New,HOST HOTELS & RESORTS INC,4568,250000,4568,250000,0,0
58933Y105,Not New,MERCK & CO INC,577,9000,577,9000,0,0
92220P105,Not New,VARIAN MED SYS INC,599,5800,599,5800,0,0
02079K107,Not New,ALPHABET INC,9087,10000,9087,10000,0,0
02079K107,Not New,ALPHABET INC,9087,10000,12722,14000,3635,4000
02079K107,Not New,ALPHABET INC,12722,14000,9087,10000,-3635,-4000
02079K107,Not New,ALPHABET INC,12722,14000,12722,14000,0,0
143658300,Not New,CARNIVAL CORP,2623,40000,2623,40000,0,0
143658300,Not New,CARNIVAL CORP,2623,40000,11370,173400,8747,133400
143658300,Not New,CARNIVAL CORP,11370,173400,2623,40000,-8747,-133400
143658300,Not New,CARNIVAL CORP,11370,173400,11370,173400,0,0
44930G107,Not New,ICU MED INC,431,2500,431,2500,0,0
854502101,Not New,STANLEY BLACK & DECKER INC,2111,15000,2111,15000,0,0
67069D108,Not New,NUTRI SYS INC NEW,302,5800,302,5800,0,0
90346E103,Not New,U S SILICA HLDGS INC,15012,422979,15012,422979,0,0
698813102,Not New,PAPA JOHNS INTL INC,463,6451,463,6451,0,0
55616P104,Not New,MACYS INC,779,33500,779,33500,0,0
594918104,Not New,MICROSOFT CORP,7045,102200,7045,102200,0,0
615369105,Not New,MOODYS CORP,608,5000,608,5000,0,0
025932104,Not New,AMERICAN FINL GROUP INC OHIO,696,7000,696,7000,0,0
73755L107,Not New,POTASH CORP SASK INC,7335,450000,7335,450000,0,0
949746101,Not New,WELLS FARGO CO NEW,471,8500,471,8500,0,0
21036P108,Not New,CONSTELLATION BRANDS INC,581,3000,581,3000,0,0
45329R109,Not New,INC RESH HLDGS INC,298,5100,298,5100,0,0
388689101,Not New,GRAPHIC PACKAGING HLDG CO,565,41000,565,41000,0,0
238337109,Not New,DAVE & BUSTERS ENTMT INC,6984,105000,6984,105000,0,0
42806J106,Not New,HERTZ GLOBAL HLDGS INC,199,17300,199,17300,0,0
56585A102,Not New,MARATHON PETE CORP,450,8600,450,8600,0,0
G9618E107,Not New,WHITE MTNS INS GROUP LTD,749,862,749,862,0,0
30161Q104,Not New,EXELIXIS INC,227,9200,227,9200,0,0
02079K305,Not New,ALPHABET INC,1720,1850,1720,1850,0,0
431475102,Not New,HILL ROM HLDGS INC,525,6600,525,6600,0,0
948596101,Not New,WEIBO CORP,292,4400,292,4400,0,0
G02602103,Not New,AMDOCS LTD,748,11600,748,11600,0,0
345370860,Not New,FORD MTR CO DEL,532,47557,532,47557,0,0
95058W100,Not New,WENDYS CO,6204,400000,6204,400000,0,0
95058W100,Not New,WENDYS CO,6204,400000,12020,775000,5816,375000
95058W100,Not New,WENDYS CO,12020,775000,6204,400000,-5816,-375000
95058W100,Not New,WENDYS CO,12020,775000,12020,775000,0,0
114340102,Not New,BROOKS AUTOMATION INC,343,15800,343,15800,0,0
247361702,Not New,DELTA AIR LINES INC DEL,500,9300,500,9300,0,0
647551100,Not New,NEW MTN FIN CORP,694,47703,694,47703,0,0
988498101,Not New,YUM BRANDS INC,7376,100000,7376,100000,0,0
85571B105,Not New,STARWOOD PPTY TR INC,685,30600,685,30600,0,0
891092108,Not New,TORO CO,631,9100,631,9100,0,0
08579W103,Not New,BERRY GLOBAL GROUP INC,519,9100,519,9100,0,0
461202103,Not New,INTUIT,518,3900,518,3900,0,0
500255104,Not New,KOHLS CORP,309,8000,309,8000,0,0
03748R101,Not New,APARTMENT INVT & MGMT CO,507,11800,507,11800,0,0
64110L106,Not New,NETFLIX INC,359,2400,359,2400,0,0
156431108,Not New,CENTURY ALUM CO,779,50000,779,50000,0,0
464287655,Not New,ISHARES TR,14092,100000,14092,100000,0,0
464287655,Not New,ISHARES TR,14092,100000,81029,575000,66937,475000
464287655,Not New,ISHARES TR,81029,575000,14092,100000,-66937,-475000
464287655,Not New,ISHARES TR,81029,575000,81029,575000,0,0
844741108,Not New,SOUTHWEST AIRLS CO,416,6700,416,6700,0,0
680223104,Not New,OLD REP INTL CORP,557,28500,557,28500,0,0
817565104,Not New,SERVICE CORP INTL,682,20397,682,20397,0,0
009158106,Not New,AIR PRODS & CHEMS INC,3505,24500,3505,24500,0,0
00206R102,Not New,AT&T INC,619,16400,619,16400,0,0
501797104,Not New,L BRANDS INC,4042,75000,4042,75000,0,0
05967A107,Not New,BANCO SANTANDER BRASIL S A,354,47000,354,47000,0,0
209115104,Not New,CONSOLIDATED EDISON INC,655,8100,655,8100,0,0
265504100,Not New,DUNKIN BRANDS GROUP INC,551,10000,551,10000,0,0
37045V100,Not New,GENERAL MTRS CO,3126,89500,3126,89500,0,0
37045V100,Not New,GENERAL MTRS CO,3126,89500,8733,250000,5607,160500
37045V100,Not New,GENERAL MTRS CO,8733,250000,3126,89500,-5607,-160500
37045V100,Not New,GENERAL MTRS CO,8733,250000,8733,250000,0,0
78463V107,Not New,SPDR GOLD TRUST,70812,600000,70812,600000,0,0
78463V107,Not New,SPDR GOLD TRUST,70812,600000,70812,600000,0,0
78463V107,Not New,SPDR GOLD TRUST,70812,600000,70812,600000,0,0
78463V107,Not New,SPDR GOLD TRUST,70812,600000,70812,600000,0,0
G6359F103,Not New,NABORS INDUSTRIES LTD,10277,1262500,10277,1262500,0,0
95082P105,Not New,WESCO INTL INC,6303,110000,6303,110000,0,0
754730109,Not New,RAYMOND JAMES FINANCIAL INC,481,6000,481,6000,0,0
285512109,Not New,ELECTRONIC ARTS INC,9515,90000,9515,90000,0,0
883203101,Not New,TEXTRON INC,3297,70000,3297,70000,0,0
Y09827109,Not New,BROADCOM LTD,1631,7000,1631,7000,0,0
219350105,Not New,CORNING INC,613,20400,613,20400,0,0
48562P103,Not New,KAPSTONE PAPER & PACKAGING C,4126,200000,4126,200000,0,0
38388F108,Not New,GRACE W R & CO DEL NEW,7201,100000,7201,100000,0,0
744320102,Not New,PRUDENTIAL FINL INC,552,5100,552,5100,0,0
778296103,Not New,ROSS STORES INC,1720,29800,1720,29800,0,0
701877102,Not New,PARSLEY ENERGY INC,12994,468268,12994,468268,0,0
848577102,Not New,SPIRIT AIRLS INC,1550,30000,1550,30000,0,0
609207105,Not New,MONDELEZ INTL INC,13691,317000,13691,317000,0,0
609207105,Not New,MONDELEZ INTL INC,13691,317000,21595,500000,7904,183000
609207105,Not New,MONDELEZ INTL INC,21595,500000,13691,317000,-7904,-183000
609207105,Not New,MONDELEZ INTL INC,21595,500000,21595,500000,0,0
620076307,Not New,MOTOROLA SOLUTIONS INC,599,6900,599,6900,0,0
278642103,Not New,EBAY INC,471,13500,471,13500,0,0
N3167Y103,Not New,FERRARI N V,473,5500,473,5500,0,0
07329M100,Not New,BBVA BANCO FRANCES S A,286,15100,286,15100,0,0
17275R102,Not New,CISCO SYS INC,607,19400,607,19400,0,0
30303M102,Not New,FACEBOOK INC,4711,31200,4711,31200,0,0
695156109,Not New,PACKAGING CORP AMER,590,5300,590,5300,0,0
060505104,Not New,BANK AMER CORP,6524,268900,6524,268900,0,0
20605P101,Not New,CONCHO RES INC,13770,113305,13770,113305,0,0
22160K105,Not New,COSTCO WHSL CORP NEW,528,3300,528,3300,0,0
72766Q105,Not New,PLATFORM SPECIALTY PRODS COR,1268,100000,1268,100000,0,0
61174X109,Not New,MONSTER BEVERAGE CORP NEW,7452,150000,7452,150000,0,0
833635105,Not New,SOCIEDAD QUIMICA MINERA DE C,3355,101600,3355,101600,0,0
25754A201,Not New,DOMINOS PIZZA INC,487,2300,487,2300,0,0
110122108,Not New,BRISTOL MYERS SQUIBB CO,368,6600,368,6600,0,0
46434G814,Not New,ISHARES INC,7928,250000,7928,250000,0,0
25278X109,Not New,DIAMONDBACK ENERGY INC,13015,146547,13015,146547,0,0
001228105,Not New,AG MTG INVT TR INC,572,31245,572,31245,0,0
G9319H102,Not New,VALIDUS HOLDINGS LTD,667,12830,667,12830,0,0
553530106,Not New,MSC INDL DIRECT INC,4298,50000,4298,50000,0,0
P31076105,Not New,COPA HOLDINGS SA,398,3400,398,3400,0,0
002896207,Not New,ABERCROMBIE & FITCH CO,311,25000,311,25000,0,0
867914103,Not New,SUNTRUST BKS INC,522,9200,522,9200,0,0
81369Y100,Not New,SELECT SECTOR SPDR TR,13453,250000,13453,250000,0,0
81369Y100,Not New,SELECT SECTOR SPDR TR,13453,250000,13453,250000,0,0
81369Y100,Not New,SELECT SECTOR SPDR TR,13453,250000,13453,250000,0,0
81369Y100,Not New,SELECT SECTOR SPDR TR,13453,250000,13453,250000,0,0
94106L109,Not New,WASTE MGMT INC DEL,726,9900,726,9900,0,0
464288513,Not New,ISHARES TR,17678,200000,17678,200000,0,0
16934Q208,Not New,CHIMERA INVT CORP,574,30800,574,30800,0,0
654106103,Not New,NIKE INC,17700,300000,17700,300000,0,0
43283X105,Not New,HILTON GRAND VACATIONS INC,1442,40000,1442,40000,0,0
573284106,Not New,MARTIN MARIETTA MATLS INC,13355,60000,13355,60000,0,0
001547108,Not New,AK STL HLDG CORP,2300,350000,2300,350000,0,0
075887109,Not New,BECTON DICKINSON & CO,741,3800,741,3800,0,0
60871R209,Not New,MOLSON COORS BREWING CO,3117,36100,3117,36100,0,0
23317H102,Not New,DDR CORP,457,50400,457,50400,0,0
761713106,Not New,REYNOLDS AMERICAN INC,859,13200,859,13200,0,0
690732102,Not New,OWENS & MINOR INC NEW,596,18508,596,18508,0,0
929160109,Not New,VULCAN MATLS CO,15202,120000,15202,120000,0,0
911363109,Not New,UNITED RENTALS INC,11618,103075,11618,103075,0,0
G7945M107,Not New,SEAGATE TECHNOLOGY PLC,314,8100,314,8100,0,0
N53745100,Not New,LYONDELLBASELL INDUSTRIES N,549,6500,549,6500,0,0
151020104,Not New,CELGENE CORP,468,3600,468,3600,0,0
G5960L103,Not New,MEDTRONIC PLC,612,6900,612,6900,0,0
M22465104,Not New,CHECK POINT SOFTWARE TECH LT,589,5400,589,5400,0,0
013872106,Not New,ALCOA CORP,4081,125000,4081,125000,0,0
194014106,Not New,COLFAX CORP,1575,40000,1575,40000,0,0
90385V107,Not New,ULTRA CLEAN HLDGS INC,294,15687,294,15687,0,0
966837106,Not New,WHOLE FOODS MKT INC,211,5000,211,5000,0,0
45168D104,Not New,IDEXX LABS INC,420,2600,420,2600,0,0
11120U105,Not New,BRIXMOR PPTY GROUP INC,465,26000,465,26000,0,0
955306105,Not New,WEST PHARMACEUTICAL SVSC INC,473,5000,473,5000,0,0
880770102,Not New,TERADYNE INC,444,14800,444,14800,0,0
723787107,Not New,PIONEER NAT RES CO,13950,87417,13950,87417,0,0
883556102,Not New,THERMO FISHER SCIENTIFIC INC,576,3300,576,3300,0,0
36467W109,Not New,GAMESTOP CORP NEW,313,14500,313,14500,0,0
48666K109,Not New,KB HOME,463,19300,463,19300,0,0
74834L100,Not New,QUEST DIAGNOSTICS INC,667,6000,667,6000,0,0
881624209,Not New,TEVA PHARMACEUTICAL INDS LTD,432,13000,432,13000,0,0
477143101,Not New,JETBLUE AIRWAYS CORP,5555,243300,5555,243300,0,0
12572Q105,Not New,CME GROUP INC,539,4300,539,4300,0,0
969904101,Not New,WILLIAMS SONOMA INC,475,9800,475,9800,0,0
910047109,Not New,UNITED CONTL HLDGS INC,421,5600,421,5600,0,0
30555Q108,Not New,FAIRMOUNT SANTROL HLDGS INC,293,75000,293,75000,0,0
76116A306,Not New,RESOLUTE ENERGY CORP,5005,168109,5005,168109,0,0
742718109,Not New,PROCTER AND GAMBLE CO,732,8400,732,8400,0,0
466367109,Not New,JACK IN THE BOX INC,2463,25000,2463,25000,0,0
13123X102,Not New,CALLON PETE CO DEL,6220,586255,6220,586255,0,0
55303A105,Not New,MGM GROWTH PPTYS LLC,10111,346380,10111,346380,0,0
369604103,Not New,GENERAL ELECTRIC CO,20258,750000,20258,750000,0,0
053332102,Not New,AUTOZONE INC,570,1000,570,1000,0,0
78462F103,Not New,SPDR S&P 500 ETF TR,31434,130000,31434,130000,0,0
983793100,Not New,XPO LOGISTICS INC,317,4900,317,4900,0,0
163851108,Not New,CHEMOURS CO,3792,100000,3792,100000,0,0
464287234,Not New,ISHARES TR,26798,647445,26798,647445,0,0
464287234,Not New,ISHARES TR,26798,647445,6359574,153650000,6332776,153002555
464287234,Not New,ISHARES TR,26798,647445,6249890,151000000,6223092,150352555
464287234,Not New,ISHARES TR,213159,5150000,26798,647445,-186361,-4502555
464287234,Not New,ISHARES TR,213159,5150000,6359574,153650000,6146415,148500000
464287234,Not New,ISHARES TR,213159,5150000,6249890,151000000,6036731,145850000
464287234,Not New,ISHARES TR,103475,2500000,26798,647445,-76677,-1852555
464287234,Not New,ISHARES TR,103475,2500000,6359574,153650000,6256099,151150000
464287234,Not New,ISHARES TR,103475,2500000,6249890,151000000,6146415,148500000
177376100,Not New,CITRIX SYS INC,565,7100,565,7100,0,0
98310W108,Not New,WYNDHAM WORLDWIDE CORP,482,4800,482,4800,0,0
256677105,Not New,DOLLAR GEN CORP NEW,7209,100000,7209,100000,0,0
913017109,Not New,UNITED TECHNOLOGIES CORP,4884,40000,4884,40000,0,0
74978Q105,Not New,RSP PERMIAN INC,11955,370480,11955,370480,0,0
744573106,Not New,PUBLIC SVC ENTERPRISE GROUP,619,14400,619,14400,0,0
Y2065G121,Not New,DHT HOLDINGS INC,1038,250000,1038,250000,0,0
00507V109,Not New,ACTIVISION BLIZZARD INC,12435,216000,12435,216000,0,0
755111507,Not New,RAYTHEON CO,9479,58700,9479,58700,0,0
57636Q104,Not New,MASTERCARD INCORPORATED,644,5300,644,5300,0,0
81369Y803,Not New,SELECT SECTOR SPDR TR,10944,200000,10944,200000,0,0
81369Y803,Not New,SELECT SECTOR SPDR TR,10944,200000,10944,200000,0,0
81369Y803,Not New,SELECT SECTOR SPDR TR,10944,200000,10944,200000,0,0
81369Y803,Not New,SELECT SECTOR SPDR TR,10944,200000,10944,200000,0,0
984121608,Not New,XEROX CORP,419,14575,419,14575,0,0
257867200,Not New,DONNELLEY R R & SONS CO,196,15600,196,15600,0,0
928563402,Not New,VMWARE INC,472,5400,472,5400,0,0
L9340P101,Not New,TRINSEO S A,6527,95000,6527,95000,0,0
87612E106,Not New,TARGET CORP,418,8000,418,8000,0,0
87612E106,Not New,TARGET CORP,418,8000,10458,200000,10040,192000
87612E106,Not New,TARGET CORP,10458,200000,418,8000,-10040,-192000
87612E106,Not New,TARGET CORP,10458,200000,10458,200000,0,0
099502106,Not New,BOOZ ALLEN HAMILTON HLDG COR,413,12700,413,12700,0,0
406216101,Not New,HALLIBURTON CO,52795,1236138,52795,1236138,0,0
26875P101,Not New,EOG RES INC,14351,158544,14351,158544,0,0
459200101,Not New,INTERNATIONAL BUSINESS MACHS,646,4200,646,4200,0,0
216648402,Not New,COOPER COS INC,575,2400,575,2400,0,0
92826C839,Not New,VISA INC,666,7100,666,7100,0,0
023608102,Not New,AMEREN CORP,634,11600,634,11600,0,0
V7780T103,Not New,ROYAL CARIBBEAN CRUISES LTD,1529,14000,1529,14000,0,0
585464100,Not New,MELCO RESORT ENTERTAINMENT L,590,26300,590,26300,0,0
871503108,Not New,SYMANTEC CORP,480,17000,480,17000,0,0
363576109,Not New,GALLAGHER ARTHUR J & CO,630,11000,630,11000,0,0
458140100,Not New,INTEL CORP,570,16900,570,16900,0,0
G0692U109,Not New,AXIS CAPITAL HOLDINGS LTD,644,9965,644,9965,0,0
829073105,Not New,SIMPSON MANUFACTURING CO INC,567,12977,567,12977,0,0
81369Y407,Not New,SELECT SECTOR SPDR TR,8963,100000,8963,100000,0,0
81369Y407,Not New,SELECT SECTOR SPDR TR,8963,100000,26889,300000,17926,200000
81369Y407,Not New,SELECT SECTOR SPDR TR,26889,300000,8963,100000,-17926,-200000
81369Y407,Not New,SELECT SECTOR SPDR TR,26889,300000,26889,300000,0,0
370334104,Not New,GENERAL MLS INC,582,10500,582,10500,0,0
090572207,Not New,BIO RAD LABS INC,657,2903,657,2903,0,0
874080104,Not New,TAL ED GROUP,404,3300,404,3300,0,0
16359R103,Not New,CHEMED CORP NEW,559,2732,559,2732,0,0
81369Y605,Not New,SELECT SECTOR SPDR TR,11102,450000,11102,450000,0,0
81369Y605,Not New,SELECT SECTOR SPDR TR,11102,450000,18503,750000,7401,300000
81369Y605,Not New,SELECT SECTOR SPDR TR,11102,450000,18503,750000,7401,300000
81369Y605,Not New,SELECT SECTOR SPDR TR,18503,750000,11102,450000,-7401,-300000
81369Y605,Not New,SELECT SECTOR SPDR TR,18503,750000,18503,750000,0,0
81369Y605,Not New,SELECT SECTOR SPDR TR,18503,750000,18503,750000,0,0
81369Y605,Not New,SELECT SECTOR SPDR TR,18503,750000,11102,450000,-7401,-300000
81369Y605,Not New,SELECT SECTOR SPDR TR,18503,750000,18503,750000,0,0
81369Y605,Not New,SELECT SECTOR SPDR TR,18503,750000,18503,750000,0,0
00737L103,Not New,ADTALEM GLOBAL ED INC,369,9732,369,9732,0,0
87265K102,Not New,TPG SPECIALTY LENDING INC,718,35091,718,35091,0,0
G0684D107,Not New,ATHENE HLDG LTD,27286,550000,27286,550000,0,0
067383109,Not New,BARD C R INC,474,1500,474,1500,0,0
448579102,Not New,HYATT HOTELS CORP,1124,20000,1124,20000,0,0
580135101,Not New,MCDONALDS CORP,9955,65000,9955,65000,0,0
103304101,Not New,BOYD GAMING CORP,10575,426248,10575,426248,0,0
889478103,Not New,TOLL BROTHERS INC,4346,110000,4346,110000,0,0
437076102,Not New,HOME DEPOT INC,9864,64300,9864,64300,0,0
337932107,Not New,FIRSTENERGY CORP,516,17700,516,17700,0,0
452308109,Not New,ILLINOIS TOOL WKS INC,630,4400,630,4400,0,0
235851102,Not New,DANAHER CORP DEL,599,7100,599,7100,0,0
052769106,Not New,AUTODESK INC,373,3700,373,3700,0,0
87238Q103,Not New,TCP CAP CORP,754,44614,754,44614,0,0
98850P109,Not New,YUM CHINA HLDGS INC,2957,75000,2957,75000,0,0
254687106,Not New,DISNEY WALT CO,3889,36600,3889,36600,0,0
075896100,Not New,BED BATH & BEYOND INC,410,13500,410,13500,0,0
989701107,Not New,ZIONS BANCORPORATION,6587,150000,6587,150000,0,0
053774105,Not New,AVIS BUDGET GROUP,303,11100,303,11100,0,0
58733R102,Not New,MERCADOLIBRE INC,351,1400,351,1400,0,0
35671D857,Not New,FREEPORT-MCMORAN INC,7206,600000,7206,600000,0,0
05961W105,Not New,BANCO MACRO SA,4188,45431,4188,45431,0,0
156700106,Not New,CENTURYLINK INC,353,14800,353,14800,0,0
48203R104,Not New,JUNIPER NETWORKS INC,452,16200,452,16200,0,0
64110D104,Not New,NETAPP INC,417,10400,417,10400,0,0
886547108,Not New,TIFFANY & CO NEW,235,2500,235,2500,0,0
43300A203,Not New,HILTON WORLDWIDE HLDGS INC,5826,94200,5826,94200,0,0
576485205,Not New,MATADOR RES CO,6287,294210,6287,294210,0,0
01609W102,Not New,ALIBABA GROUP HLDG LTD,7578,53781,7578,53781,0,0
459506101,Not New,INTERNATIONAL FLAVORS&FRAGRA,4050,30000,4050,30000,0,0
447011107,Not New,HUNTSMAN CORP,11739,454311,11739,454311,0,0
92763W103,Not New,VIPSHOP HLDGS LTD,328,31100,328,31100,0,0
127387108,Not New,CADENCE DESIGN SYSTEM INC,532,15900,532,15900,0,0
55354G100,Not New,MSCI INC,577,5600,577,5600,0,0
78409V104,Not New,S&P GLOBAL INC,584,4000,584,4000,0,0
876108101,Not New,TARENA INTL INC,393,21920,393,21920,0,0
410345102,Not New,HANESBRANDS INC,2316,100000,2316,100000,0,0
928298108,Not New,VISHAY INTERTECHNOLOGY INC,1162,70000,1162,70000,0,0
281020107,Not New,EDISON INTL,680,8700,680,8700,0,0
48123V102,Not New,J2 GLOBAL INC,485,5700,485,5700,0,0
099724106,Not New,BORGWARNER INC,4236,100000,4236,100000,0,0
878742204,Not New,TECK RESOURCES LTD,4766,275000,4766,275000,0,0
680665205,Not New,OLIN CORP,16048,530000,16048,530000,0,0
254423106,Not New,DINEEQUITY INC,427,9700,427,9700,0,0
741503403,Not New,PRICELINE GRP INC,561,300,561,300,0,0
741503403,Not New,PRICELINE GRP INC,561,300,4676,2500,4115,2200
741503403,Not New,PRICELINE GRP INC,4676,2500,561,300,-4115,-2200
741503403,Not New,PRICELINE GRP INC,4676,2500,4676,2500,0,0
98426T106,Not New,YY INC,308,5300,308,5300,0,0
093671105,Not New,BLOCK H & R INC,386,12500,386,12500,0,0
42824C109,Not New,HEWLETT PACKARD ENTERPRISE C,528,31800,528,31800,0,0
109641100,Not New,BRINKER INTL INC,419,11000,419,11000,0,0
244199105,Not New,DEERE & CO,12977,105000,12977,105000,0,0
745867101,Not New,PULTE GROUP INC,3547,144600,3547,144600,0,0
872590104,Not New,T MOBILE US INC,515,8500,515,8500,0,0
03524A108,Not New,ANHEUSER BUSCH INBEV SA/NV,2207,20000,2207,20000,0,0
126408103,Not New,CSX CORP,3274,60000,3274,60000,0,0
127686103,Not New,CAESARS ENTMT CORP,3323,276890,3323,276890,0,0
874054109,Not New,TAKE-TWO INTERACTIVE SOFTWAR,8923,121600,8923,121600,0,0
06740Q252,Not New,BARCLAYS BK PLC,6380,500000,6380,500000,0,0
06740Q252,Not New,BARCLAYS BK PLC,6380,500000,15567,1220000,9187,720000
06740Q252,Not New,BARCLAYS BK PLC,15567,1220000,6380,500000,-9187,-720000
06740Q252,Not New,BARCLAYS BK PLC,15567,1220000,15567,1220000,0,0
907818108,Not New,UNION PAC CORP,555,5100,555,5100,0,0
30224P200,Not New,EXTENDED STAY AMER INC,530,27400,530,27400,0,0
50420D108,Not New,LA QUINTA HLDGS INC,2216,150000,2216,150000,0,0
191216100,Not New,COCA COLA CO,776,17300,776,17300,0,0
808625107,Not New,SCIENCE APPLICATNS INTL CP N,417,6000,417,6000,0,0
550021109,Not New,LULULEMON ATHLETICA INC,5967,100000,5967,100000,0,0
00724F101,Not New,ADOBE SYS INC,566,4000,566,4000,0,0
23331A109,Not New,D R HORTON INC,5877,170000,5877,170000,0,0
55306N104,Not New,MKS INSTRUMENT INC,411,6100,411,6100,0,0
70931T103,Not New,PENNYMAC MTG INVT TR,605,33057,605,33057,0,0
45866F104,Not New,INTERCONTINENTAL EXCHANGE IN,626,9500,626,9500,0,0
958102105,Not New,WESTERN DIGITAL CORP,1435,16200,1435,16200,0,0
74251V102,Not New,PRINCIPAL FINL GROUP INC,596,9300,596,9300,0,0
436440101,Not New,HOLOGIC INC,594,13100,594,13100,0,0
254709108,Not New,DISCOVER FINL SVCS,510,8200,510,8200,0,0
032511107,Not New,ANADARKO PETE CORP,13088,288670,13088,288670,0,0
55608B105,Not New,MACQUARIE INFRASTRUCTURE COR,616,7858,616,7858,0,0
69036R863,Not New,OVERSEAS SHIPHOLDING GROUP I,1544,580284,1544,580284,0,0
438516106,Not New,HONEYWELL INTL INC,7331,55000,7331,55000,0,0
574795100,Not New,MASIMO CORP,456,5000,456,5000,0,0
084670702,Not New,BERKSHIRE HATHAWAY INC DEL,677,4000,677,4000,0,0
423452101,Not New,HELMERICH & PAYNE INC,13896,255717,13896,255717,0,0
450047204,Not New,IRSA INVERSIONES Y REP S A,439,18220,439,18220,0,0
525327102,Not New,LEIDOS HLDGS INC,3877,75000,3877,75000,0,0
703481101,Not New,PATTERSON UTI ENERGY INC,13134,650535,13134,650535,0,0
92343V104,Not New,VERIZON COMMUNICATIONS INC,607,13600,607,13600,0,0
011659109,Not New,ALASKA AIR GROUP INC,8114,90400,8114,90400,0,0
026874784,Not New,AMERICAN INTL GROUP INC,513,8200,513,8200,0,0
09257W100,Not New,BLACKSTONE MTG TR INC,659,20848,659,20848,0,0
29265N108,Not New,ENERGEN CORP,13911,281769,13911,281769,0,0
62944T105,Not New,NVR INC,4821,2000,4821,2000,0,0
708062104,Not New,PENNANTPARK INVT CORP,527,71370,527,71370,0,0
737630103,Not New,POTLATCH CORP NEW,508,11114,508,11114,0,0
595017104,Not New,MICROCHIP TECHNOLOGY INC,525,6800,525,6800,0,0
759509102,Not New,RELIANCE STEEL & ALUMINUM CO,13834,190000,13834,190000,0,0
962166104,Not New,WEYERHAEUSER CO,533,15900,533,15900,0,0
097023105,Not New,BOEING CO,633,3200,633,3200,0,0
819047101,Not New,SHAKE SHACK INC,10464,300000,10464,300000,0,0
819047101,Not New,SHAKE SHACK INC,10464,300000,17440,500000,6976,200000
819047101,Not New,SHAKE SHACK INC,17440,500000,10464,300000,-6976,-200000
819047101,Not New,SHAKE SHACK INC,17440,500000,17440,500000,0,0
267475101,Not New,DYCOM INDS INC,6714,75000,6714,75000,0,0
427866108,Not New,HERSHEY CO,2147,20000,2147,20000,0,0
02376R102,Not New,AMERICAN AIRLS GROUP INC,392,7800,392,7800,0,0
487836108,Not New,KELLOGG CO,625,9000,625,9000,0,0
487836108,Not New,KELLOGG CO,625,9000,6946,100000,6321,91000
487836108,Not New,KELLOGG CO,6946,100000,625,9000,-6321,-91000
487836108,Not New,KELLOGG CO,6946,100000,6946,100000,0,0
194162103,Not New,COLGATE PALMOLIVE CO,3707,50000,3707,50000,0,0
194162103,Not New,COLGATE PALMOLIVE CO,3707,50000,9266,125000,5559,75000
194162103,Not New,COLGATE PALMOLIVE CO,9266,125000,3707,50000,-5559,-75000
194162103,Not New,COLGATE PALMOLIVE CO,9266,125000,9266,125000,0,0
857477103,Not New,STATE STR CORP,8973,100000,8973,100000,0,0
92189F106,Not New,VANECK VECTORS ETF TR,6841,309819,6841,309819,0,0
92189F106,Not New,VANECK VECTORS ETF TR,6841,309819,34224,1550000,27383,1240181
92189F106,Not New,VANECK VECTORS ETF TR,6841,309819,34224,1550000,27383,1240181
92189F106,Not New,VANECK VECTORS ETF TR,34224,1550000,6841,309819,-27383,-1240181
92189F106,Not New,VANECK VECTORS ETF TR,34224,1550000,34224,1550000,0,0
92189F106,Not New,VANECK VECTORS ETF TR,34224,1550000,34224,1550000,0,0
92189F106,Not New,VANECK VECTORS ETF TR,34224,1550000,6841,309819,-27383,-1240181
92189F106,Not New,VANECK VECTORS ETF TR,34224,1550000,34224,1550000,0,0
92189F106,Not New,VANECK VECTORS ETF TR,34224,1550000,34224,1550000,0,0
83088M102,Not New,SKYWORKS SOLUTIONS INC,393,4100,393,4100,0,0
40414L109,Not New,HCP INC,495,15500,495,15500,0,0
446413106,Not New,HUNTINGTON INGALLS INDS INC,8377,45000,8377,45000,0,0
54142L109,Not New,LOGMEIN INC,314,3000,314,3000,0,0
235825205,Not New,DANA INCORPORATED,2233,100000,2233,100000,0,0
45167R104,Not New,IDEX CORP,2142,18950,2142,18950,0,0
64828T201,Not New,NEW RESIDENTIAL INVT CORP,562,36100,562,36100,0,0
G81477104,Not New,SINA CORP,289,3400,289,3400,0,0
086516101,Not New,BEST BUY INC,287,5000,287,5000,0,0
760759100,Not New,REPUBLIC SVCS INC,727,11400,727,11400,0,0
91347P105,Not New,UNIVERSAL DISPLAY CORP,1639,15000,1639,15000,0,0
94946T106,Not New,WELLCARE HEALTH PLANS INC,521,2900,521,2900,0,0
00123Q104,Not New,AGNC INVT CORP,654,30700,654,30700,0,0
023135106,Not New,AMAZON COM INC,7115,7350,7115,7350,0,0
91307C102,Not New,UNITED THERAPEUTICS CORP DEL,363,2800,363,2800,0,0
012653101,Not New,ALBEMARLE CORP,5277,50000,5277,50000,0,0
98212B103,Not New,WPX ENERGY INC,11854,1227168,11854,1227168,0,0
032095101,Not New,AMPHENOL CORP NEW,775,10500,775,10500,0,0
45780L104,Not New,INOGEN INC,416,4362,416,4362,0,0
393222104,Not New,GREEN PLAINS INC,1541,75000,1541,75000,0,0
452327109,Not New,ILLUMINA INC,312,1800,312,1800,0,0
55378A105,Not New,MTGE INVT CORP,559,29716,559,29716,0,0
20030N101,Not New,COMCAST CORP NEW,595,15300,595,15300,0,0
852234103,Not New,SQUARE INC,378,16100,378,16100,0,0
73935A104,Not New,POWERSHARES QQQ TRUST,13764,100000,13764,100000,0,0
73935A104,Not New,POWERSHARES QQQ TRUST,13764,100000,38539,280000,24775,180000
73935A104,Not New,POWERSHARES QQQ TRUST,38539,280000,13764,100000,-24775,-180000
73935A104,Not New,POWERSHARES QQQ TRUST,38539,280000,38539,280000,0,0
98156Q108,Not New,WORLD WRESTLING ENTMT INC,2139,105000,2139,105000,0,0
23355L106,Not New,DXC TECHNOLOGY CO,6874,89600,6874,89600,0,0
670346105,Not New,NUCOR CORP,370,6400,370,6400,0,0
670346105,Not New,NUCOR CORP,370,6400,13744,237500,13374,231100
670346105,Not New,NUCOR CORP,370,6400,15914,275000,15544,268600
670346105,Not New,NUCOR CORP,13744,237500,370,6400,-13374,-231100
670346105,Not New,NUCOR CORP,13744,237500,13744,237500,0,0
670346105,Not New,NUCOR CORP,13744,237500,15914,275000,2170,37500
670346105,Not New,NUCOR CORP,15914,275000,370,6400,-15544,-268600
670346105,Not New,NUCOR CORP,15914,275000,13744,237500,-2170,-37500
670346105,Not New,NUCOR CORP,15914,275000,15914,275000,0,0
693475105,Not New,PNC FINL SVCS GROUP INC,574,4600,574,4600,0,0
464287598,Not New,ISHARES TR,6404,55000,6404,55000,0,0
464287598,Not New,ISHARES TR,6404,55000,11643,100000,5239,45000
464287598,Not New,ISHARES TR,11643,100000,6404,55000,-5239,-45000
464287598,Not New,ISHARES TR,11643,100000,11643,100000,0,0
04621X108,Not New,ASSURANT INC,498,4800,498,4800,0,0
14040H105,Not New,CAPITAL ONE FINL CORP,537,6500,537,6500,0,0
171798101,Not New,CIMAREX ENERGY CO,11625,123657,11625,123657,0,0
595112103,Not New,MICRON TECHNOLOGY INC,6442,215750,6442,215750,0,0
369550108,Not New,GENERAL DYNAMICS CORP,614,3100,614,3100,0,0
693656100,Not New,PVH CORP,7443,65000,7443,65000,0,0
631103108,Not New,NASDAQ INC,629,8800,629,8800,0,0
01741R102,Not New,ALLEGHENY TECHNOLOGIES INC,7059,415000,7059,415000,0,0
053015103,Not New,AUTOMATIC DATA PROCESSING IN,594,5800,594,5800,0,0
192479103,Not New,COHERENT INC,382,1700,382,1700,0,0
501044101,Not New,KROGER CO,2924,125400,2924,125400,0,0
G3223R108,Not New,EVEREST RE GROUP LTD,687,2700,687,2700,0,0
46625H100,Not New,JPMORGAN CHASE & CO,539,5900,539,5900,0,0
412822108,Not New,HARLEY DAVIDSON INC,540,10000,540,10000,0,0
69354M108,Not New,PRA HEALTH SCIENCES INC,473,6300,473,6300,0,0
49446R109,Not New,KIMCO RLTY CORP,501,27300,501,27300,0,0
922042874,Not New,VANGUARD INTL EQUITY INDEX F,27570,500000,27570,500000,0,0
922042874,Not New,VANGUARD INTL EQUITY INDEX F,27570,500000,27570,500000,0,0
922042874,Not New,VANGUARD INTL EQUITY INDEX F,27570,500000,27570,500000,0,0
922042874,Not New,VANGUARD INTL EQUITY INDEX F,27570,500000,27570,500000,0,0
896522109,Not New,TRINITY INDS INC,381,13600,381,13600,0,0
12503M108,Not New,CBOE HLDGS INC,585,6400,585,6400,0,0
038222105,Not New,APPLIED MATLS INC,6946,168155,6946,168155,0,0
466313103,Not New,JABIL INC,450,15400,450,15400,0,0
016255101,Not New,ALIGN TECHNOLOGY INC,435,2900,435,2900,0,0
31428X106,Not New,FEDEX CORP,11410,52500,11410,52500,0,0
482480100,Not New,KLA-TENCOR CORP,503,5500,503,5500,0,0
655844108,Not New,NORFOLK SOUTHERN CORP,499,4100,499,4100,0,0
416515104,Not New,HARTFORD FINL SVCS GROUP INC,8459,160900,8459,160900,0,0
571903202,Not New,MARRIOTT INTL INC NEW,7272,72500,7272,72500,0,0
12673A108,Not New,CYS INVTS INC,526,62537,526,62537,0,0
G0585R106,Not New,ASSURED GUARANTY LTD,551,13200,551,13200,0,0
02005N100,Not New,ALLY FINL INC,464,22200,464,22200,0,0
743315103,Not New,PROGRESSIVE CORP OHIO,613,13900,613,13900,0,0
400110102,Not New,GRUBHUB INC,2180,50000,2180,50000,0,0
90184L102,Not New,TWITTER INC,2681,150000,2681,150000,0,0
G7496G103,Not New,RENAISSANCERE HOLDINGS LTD,698,5019,698,5019,0,0
095229100,Not New,BLUCORA INC,350,16500,350,16500,0,0
393657101,Not New,GREENBRIER COS INC,330,7130,330,7130,0,0
156782104,Not New,CERNER CORP,432,6500,432,6500,0,0
922475108,Not New,VEEVA SYS INC,411,6700,411,6700,0,0
871607107,Not New,SYNOPSYS INC,554,7600,554,7600,0,0
701094104,Not New,PARKER HANNIFIN CORP,17324,108400,17324,108400,0,0
882508104,Not New,TEXAS INSTRS INC,562,7300,562,7300,0,0
29977A105,Not New,EVERCORE PARTNERS INC,451,6400,451,6400,0,0
713448108,Not New,PEPSICO INC,3927,34000,3927,34000,0,0
713448108,Not New,PEPSICO INC,3927,34000,8662,75000,4735,41000
713448108,Not New,PEPSICO INC,8662,75000,3927,34000,-4735,-41000
713448108,Not New,PEPSICO INC,8662,75000,8662,75000,0,0
617446448,Not New,MORGAN STANLEY,472,10600,472,10600,0,0
893870204,Not New,TRANSPORTADORA DE GAS SUR,364,21902,364,21902,0,0
