CUSIP,status,NAME OF ISSUER,(x$1000)_old,PRN AMT_old,(x$1000),PRN AMT,(x$1000)_change,PRN AMT_change
872438106,Not New,THL CREDIT INC,14069.0,1004953.0,12878.0,933170.0,-1191.0,-71783.0
867652406,Sold Out,SUNPOWER CORP,45058.0,1396729.0,,,,
70931T103,Not New,PENNYMAC MORTGAGE INVESTMENT,62709.0,2858201.0,59862.0,2504701.0,-2847.0,-353500.0
45866F104,Not New,INTERCONTINENTAL EXCHANGE IN,100602.0,532570.0,85101.0,430170.0,-15501.0,-102400.0
30219G108,Sold Out,EXPRESS SCRIPTS HOLDING CO,10610.0,141300.0,,,,
82735Q102,Sold Out,SILVER BAY REALTY TRUST CORP,76.0,4882.0,,,,
58155Q103,Not New,MCKESSON CORP,124719.0,669775.0,125538.0,710982.0,819.0,41207.0
049392103,Not New,ATLAS PIPELINE PARTNERS LP,116249.0,3379330.0,107809.0,3357502.0,-8440.0,-21828.0
032511107,Not New,ANADARKO PETROLEUM CORP,60641.0,553949.0,19524.0,230349.0,-41117.0,-323600.0
03761U106,Not New,APOLLO INVESTMENT CORP,1292.0,150000.0,1247.0,150000.0,-45.0,0.0
04523Y105,New Holding,ASPEN AEROGELS INC,,,1105.0,100000.0,,
637071101,Not New,NATIONAL OILWELL VARCO INC,18858.0,229000.0,14266.0,183200.0,-4592.0,-45800.0
36467J108,Not New,GAMING AND LEISURE PROPERTIE,158485.0,4665450.0,117117.0,3212209.0,-41368.0,-1453241.0
88732J207,Not New,TIME WARNER CABLE,79601.0,540400.0,73254.0,534000.0,-6347.0,-6400.0
256677105,Sold Out,DOLLAR GENERAL CORP,92657.0,1670100.0,,,,
G00349103,New Holding,ABENGOA YIELD PLC,,,15128.0,400000.0,,
026874784,Not New,AMERICAN INTERNATIONAL GROUP,297084.0,5443100.0,286712.0,5733100.0,-10372.0,290000.0
76120W302,Not New,RESOURCE CAPITAL CORP,5630.0,1000000.0,5570.0,1000000.0,-60.0,0.0
75281A109,New Holding,RANGE RESOURCES CORP,,,4741.0,54522.0,,
59156R108,New Holding,METLIFE INC,,,1633.0,29400.0,,
16934Q109,Not New,CHIMERA INVESTMENT CORP,209351.0,65627288.0,202490.0,66173233.0,-6861.0,545945.0
41146A106,Not New,HARBINGER GROUP INC,65053.0,5122247.0,65361.0,5344300.0,308.0,222053.0
41146A106,Not New,HARBINGER GROUP INC,65053.0,5122247.0,85610.0,7000000.0,20557.0,1877753.0
41146A106,Not New,HARBINGER GROUP INC,88900.0,7000000.0,65361.0,5344300.0,-23539.0,-1655700.0
41146A106,Not New,HARBINGER GROUP INC,88900.0,7000000.0,85610.0,7000000.0,-3290.0,0.0
247916208,Not New,DENBURY RESOURCES INC,111406.0,6035007.0,103651.0,6320207.0,-7755.0,285200.0
H8817H100,Not New,TRANSOCEAN LTD,92296.0,2049645.0,98494.0,2382545.0,6198.0,332900.0
20786U101,New Holding,CONNECTONE BANCORP INC,,,10480.0,545000.0,,
962166104,Not New,WEYERHAEUSER CO,52036.0,1572545.0,56187.0,1914368.0,4151.0,341823.0
29336U107,Not New,ENLINK MIDSTREAM PARTNERS LP,726.0,23100.0,703.0,23100.0,-23.0,0.0
85207U105,Not New,SPRINT CORP,339349.0,39782957.0,397334.0,43235421.0,57985.0,3452464.0
406216101,Not New,HALLIBURTON CO,157237.0,2214300.0,208741.0,3544600.0,51504.0,1330300.0
48238T109,Not New,KAR AUCTION SERVICES INC,59204.0,1857676.0,57616.0,1898392.0,-1588.0,40716.0
90187B101,Not New,TWO HARBORS INVESTMENT CORP,1048.0,100000.0,1025.0,100000.0,-23.0,0.0
69318Q104,New Holding,PBF LOGISTICS LP,,,1376.0,50000.0,,
65105M108,Not New,NEWCASTLE INVESTMENT CORP,55533.0,11593579.0,56612.0,12045019.0,1079.0,451440.0
101137107,Not New,BOSTON SCIENTIFIC CORP,83637.0,6549479.0,115367.0,8533099.0,31730.0,1983620.0
172967424,Not New,CITIGROUP INC,250777.0,5324350.0,255136.0,5360000.0,4359.0,35650.0
63938C108,New Holding,NAVIENT CORP,,,179504.0,10135751.0,,
75605Y106,Not New,REALOGY HOLDINGS CORP,58155.0,1542151.0,115588.0,2660256.0,57433.0,1118105.0
G0083B108,Not New,ACTAVIS PLC,138273.0,619919.0,54364.0,264093.0,-83909.0,-355826.0
16411Q101,New Holding,CHENIERE ENERGY PARTNERS LP,,,991.0,30000.0,,
747525103,Not New,QUALCOMM INC,100674.0,1271135.0,158791.0,2013587.0,58117.0,742452.0
40412C101,Not New,HCA HOLDINGS INC,143470.0,2544700.0,136684.0,2603500.0,-6786.0,58800.0
64828T102,Not New,NEW RESIDENTIAL INVESTMENT,70845.0,11245171.0,73525.0,11363944.0,2680.0,118773.0
19075F106,Sold Out,COBALT INTERNATIONAL ENERGY,25470.0,1390263.0,,,,
20030N200,Not New,COMCAST CORP,116327.0,2181272.0,24507.0,502600.0,-91820.0,-1678672.0
620076307,Not New,MOTOROLA SOLUTIONS INC,195648.0,2938976.0,201027.0,3126876.0,5379.0,187900.0
278642103,Not New,EBAY INC,159641.0,3189000.0,160533.0,2906100.0,892.0,-282900.0
70932B101,Not New,PENNYMAC FINANCIAL SERVICE,49999.0,3291600.0,54772.0,3291600.0,4773.0,0.0
86732Y109,Not New,SUNEDISON INC,166109.0,7349948.0,140721.0,7469248.0,-25388.0,119300.0
04930A104,Not New,ATLAS ENERGY LP,183983.0,4099440.0,165951.0,3855740.0,-18032.0,-243700.0
91324P102,Not New,UNITEDHEALTH GROUP INC,53358.0,652699.0,111698.0,1362333.0,58340.0,709634.0
72766Q105,Sold Out,PLATFORM SPECIALTY PRODUCTS,5080.0,266666.0,,,,
12768T103,Not New,CAESARS ACQUISITION CO,3745.0,302780.0,4303.0,302780.0,558.0,0.0
536020100,Not New,LINN ENERGY LLC,57928.0,1790667.0,71313.0,2518119.0,13385.0,727452.0
040413106,New Holding,ARISTA NETWORKS INC,,,3120.0,50000.0,,
98212B103,Not New,WPX ENERGY INC,89191.0,3730263.0,68782.0,3814861.0,-20409.0,84598.0
037833100,New Holding,APPLE INC,,,117528.0,1264690.0,,
761195205,Not New,RESOURCE AMERICA INC,3630.0,388240.0,3414.0,398349.0,-216.0,10109.0
78442P106,Not New,SLM CORP,85312.0,10266196.0,259025.0,10581096.0,173713.0,314900.0
81282V100,New Holding,SEAWORLD ENTERTAINMENT INC,,,30806.0,1087400.0,,
675746309,Not New,OCWEN FINANCIAL CORP,95867.0,2584007.0,8710.0,222300.0,-87157.0,-2361707.0
L0175J104,Not New,ALTISOURCE PORTFOLIO SOL,141224.0,1232539.0,130157.0,1069840.0,-11067.0,-162699.0
001228105,Not New,AG MORTGAGE INVESTMENT TRUST,3786.0,200000.0,3502.0,200000.0,-284.0,0.0
74733V100,New Holding,QEP RESOURCES INC,,,49353.0,1430528.0,,
127097103,New Holding,CABOT OIL & GAS CORP,,,18021.0,527866.0,,
04941A101,Not New,ATLAS RESOURCE PARTNERS LP,90317.0,4453494.0,89012.0,4260994.0,-1305.0,-192500.0
04941A101,Not New,ATLAS RESOURCE PARTNERS LP,90317.0,4453494.0,20247.0,969200.0,-70070.0,-3484294.0
04941A101,Not New,ATLAS RESOURCE PARTNERS LP,19655.0,969200.0,89012.0,4260994.0,69357.0,3291794.0
04941A101,Not New,ATLAS RESOURCE PARTNERS LP,19655.0,969200.0,20247.0,969200.0,592.0,0.0
82968B103,Not New,SIRIUS XM HOLDINGS INC,283772.0,82015028.0,275252.0,86016228.0,-8520.0,4001200.0
48248A306,Sold Out,KKR FINANCIAL HOLDINGS LLC,157461.0,13609426.0,,,,
25470M109,Not New,DISH NETWORK CORP,207161.0,3183179.0,194001.0,3118479.0,-13160.0,-64700.0
14040H105,Not New,CAPITAL ONE FINANCIAL CORP,41111.0,497714.0,125011.0,1620155.0,83900.0,1122441.0
277432100,Not New,EASTMAN CHEMICAL CO,140739.0,1611208.0,156204.0,1811898.0,15465.0,200690.0
35671D857,Not New,FREEPORT-MCMORAN INC,88352.0,2420600.0,98747.0,2986000.0,10395.0,565400.0
693656100,Not New,PVH CORP,88896.0,762401.0,67264.0,539101.0,-21632.0,-223300.0
74735M108,New Holding,QIWI PLC,,,2823.0,70000.0,,
80007P307,Not New,SANDRIDGE ENERGY INC,334532.0,46787740.0,293193.0,47751363.0,-41339.0,963623.0
40222T104,New Holding,GULF COAST ULTRA DEEP ROYALT,,,49474.0,16885215.0,,
60739U204,New Holding,MOBILEIRON INC,,,952.0,100000.0,,
49456B101,Not New,KINDER MORGAN INC,119457.0,3294459.0,108892.0,3351559.0,-10565.0,57100.0
151408101,Sold Out,CENTER BANCORP INC,10355.0,545000.0,,,,
48248M102,New Holding,KKR & CO LP,,,123601.0,5080173.0,,
64704V106,Not New,NEW MEDIA INVESTMENT GROUP,53883.0,3818754.0,58658.0,3905330.0,4775.0,86576.0
46625H100,Not New,JPMORGAN CHASE & CO,107870.0,1872100.0,101568.0,1673000.0,-6302.0,-199100.0
Y8564M105,Not New,TEEKAY LNG PARTNERS LP,923.0,20000.0,827.0,20000.0,-96.0,0.0
N53745100,Not New,LYONDELLBASELL INDU,99675.0,1020733.0,150827.0,1695833.0,51152.0,675100.0
G98290102,Not New,XL GROUP PLC,78552.0,2399992.0,97130.0,3108172.0,18578.0,708180.0
543881106,Not New,LORAL SPACE & COMMUNICATIONS,61611.0,847580.0,54240.0,766866.0,-7371.0,-80714.0
288522303,Not New,ELLINGTON FINANCIAL LLC,10728.0,447000.0,8874.0,372530.0,-1854.0,-74470.0
G0585R106,Not New,ASSURED GUARANTY LTD,47354.0,1932813.0,57044.0,2252913.0,9690.0,320100.0
269246401,Not New,E*TRADE FINANCIAL CORP,147202.0,6923894.0,135404.0,5882027.0,-11798.0,-1041867.0
883556102,Not New,THERMO FISHER SCIENTIFIC INC,106058.0,898800.0,101939.0,847800.0,-4119.0,-51000.0
13342B105,Not New,CAMERON INTERNATIONAL CORP,35754.0,528047.0,93291.0,1510300.0,57537.0,982253.0
Y8213L102,New Holding,SUNEDISON SEMICONDUCTOR LTD,,,3413.0,201600.0,,
G10082140,Sold Out,ENERGY XXI BERMUDA,33007.0,1400383.0,,,,
532771102,Not New,LIN MEDIA LLC,10284.0,377408.0,28393.0,1071448.0,18109.0,694040.0
00101J106,Sold Out,ADT CORP/THE,80483.0,2687244.0,,,,
127686103,Not New,CAESARS ENTERTAINMENT CORP,126398.0,6991033.0,135873.0,7147463.0,9475.0,156430.0
868536103,Not New,SUPERVALU INC,64138.0,7802645.0,17794.0,2601436.0,-46344.0,-5201209.0
910047109,Not New,UNITED CONTINENTAL HOLDINGS,71576.0,1742774.0,52940.0,1186200.0,-18636.0,-556574.0
G72800108,New Holding,PROTHENA CORP PLC,,,2255.0,100000.0,,
