CUSIP,status,NAME OF ISSUER,(x$1000)_old,PRN AMT_old,(x$1000),PRN AMT,(x$1000)_change,PRN AMT_change
872438106,Not New,THL CREDIT INC,18686.0,2814219.0,18264.0,2784100.0,-422.0,-30119.0
925652109,New Holding,VICI PROPERTIES INC,,,8816.0,400000.0,,
361438104,Not New,GAMCO INVESTORS INC,165.0,8600.0,176.0,8600.0,11.0,0.0
125523100,Not New,CIGNA CORP,85865.0,545000.0,87647.0,545000.0,1782.0,0.0
675746309,Not New,OCWEN FINANCIAL CORP,20131.0,9725057.0,16545.0,9090670.0,-3586.0,-634387.0
25278X109,New Holding,DIAMONDBACK ENERGY INC,,,21794.0,200000.0,,
L0175J104,New Holding,ALTISOURCE PORTFOLIO SOL,,,18628.0,947503.0,,
896522109,Not New,TRINITY INDUSTRIES INC,48993.0,2361092.0,41801.0,1923649.0,-7192.0,-437443.0
17142R103,Sold Out,CHURCHILL CAPITAL CORP,538.0,40000.0,,,,
038923108,Not New,ARBOR REALTY TRUST INC,29765.0,2455828.0,34587.0,2666703.0,4822.0,210875.0
42809H107,Not New,HESS CORP,25670.0,403800.0,22701.0,376900.0,-2969.0,-26900.0
89609W107,New Holding,TRIBUNE PUBLISHING CO,,,415.0,52011.0,,
74975N105,Not New,RTI SURGICAL HDS INC,1044.0,245532.0,1190.0,198000.0,146.0,-47532.0
37951D102,Sold Out,GLOBAL EAGLE ENTERTAINMENT I,2199.0,3100000.0,,,,
949746101,New Holding,WELLS FARGO & CO,,,18691.0,395000.0,,
543881106,Not New,LORAL SPACE & COMMUNICATIONS,9913.0,287243.0,25785.0,715268.0,15872.0,428025.0
90187B408,Not New,TWO HARBORS INVESTMENT CORP,475.0,37500.0,507.0,37500.0,32.0,0.0
70932M107,Not New,PENNYMAC FINANCIAL SERVICES,6197.0,279389.0,21693.0,975393.0,15496.0,696004.0
16934Q208,Not New,CHIMERA INVESTMENT CORP,90057.0,4772500.0,90374.0,4822500.0,317.0,50000.0
172967424,Not New,CITIGROUP INC,53615.0,765600.0,47636.0,765600.0,-5979.0,0.0
579489303,Not New,MCCLATCHY CO,1151.0,441050.0,1522.0,304417.0,371.0,-136633.0
22788C105,New Holding,CROWDSTRIKE HOLDINGS INC,,,4780.0,70000.0,,
63938C108,Not New,NAVIENT CORP,22024.0,1613488.0,5658.0,489064.0,-16366.0,-1124424.0
35904G107,Sold Out,FRONT YARD RESIDENTIAL CORP,1854.0,200000.0,,,,
28852N109,Not New,ELLINGTON FINANCIAL INC,15454.0,860000.0,20764.0,1160000.0,5310.0,300000.0
044186104,Not New,ASHLAND GLOBAL HOLDINGS INC,61302.0,766563.0,59892.0,766563.0,-1410.0,0.0
648691103,Not New,NEW SENIOR INVESTMENT GROUP,28581.0,4253161.0,23180.0,4253161.0,-5401.0,0.0
553829102,Not New,MVC CAPITAL INC,15326.0,1664077.0,15044.0,1658623.0,-282.0,-5454.0
883556102,Not New,THERMO FISHER SCIENTIFIC INC,32951.0,112200.0,30711.0,112200.0,-2240.0,0.0
00130H105,Not New,AES CORP,15.0,900.0,16.0,900.0,1.0,0.0
56585A102,Not New,MARATHON PETROLEUM CORP,18440.0,330000.0,29925.0,500000.0,11485.0,170000.0
302635107,Sold Out,FS KKR CAPITAL CORP,508.0,84000.0,,,,
559663109,Not New,MAGNOLIA OIL & GAS CORP,22146.0,1912476.0,20945.0,1745429.0,-1201.0,-167047.0
701877102,Not New,PARSLEY ENERGY INC,35904.0,1888694.0,36452.0,1888694.0,548.0,0.0
29273V100,Not New,ENERGY TRANSFER LP,44853.0,3185550.0,45504.0,2960550.0,651.0,-225000.0
38741L107,Not New,GRANITE POINT MORTGAGE TRUST,136.0,7107.0,132.0,7107.0,-4.0,0.0
30607B109,New Holding,FALCON MINERALS CORP,,,3385.0,403000.0,,
26078J100,Not New,DUPONT DE NEMOURS INC,27506.0,366400.0,58428.0,1096000.0,30922.0,729600.0
260557103,New Holding,DOW INC,,,18067.0,366389.0,,
02079K305,Not New,ALPHABET INC,118025.0,109000.0,128281.0,109000.0,10256.0,0.0
L1075J104,Sold Out,ALTISOURCE PORTFOLIO SOL,21372.0,902936.0,,,,
32008D106,Not New,FIRST DATA CORP,187316.0,6919681.0,181780.0,6919681.0,-5536.0,0.0
69888T207,Not New,PAR PACIFIC HOLDINGS INC,6978.0,340076.0,6057.0,340076.0,-921.0,0.0
64828T201,Not New,NEW RESIDENTIAL INVESTMENT,7695.0,500000.0,8455.0,500000.0,760.0,0.0
90171V204,Not New,TWIN RIVER WORLDWIDE HOLDING,35700.0,1200000.0,35940.0,1200000.0,240.0,0.0
15135B101,Not New,CENTENE CORP,18354.0,350000.0,14603.0,275000.0,-3751.0,-75000.0
143658300,New Holding,CARNIVAL CORP,,,18155.0,390000.0,,
46428Q109,Not New,ISHARES SILVER TRUST,2150.0,150000.0,709.0,50000.0,-1441.0,-100000.0
023135106,Not New,AMAZON.COM INC,14202.0,7500.0,13356.0,7500.0,-846.0,0.0
247361702,Sold Out,DELTA AIR LINES INC,6456.0,125000.0,,,,
62482R107,Not New,MR COOPER GROUP INC,7129.0,890000.0,7480.0,780000.0,351.0,-110000.0
91324P102,Not New,UNITEDHEALTH GROUP INC,34527.0,141500.0,21385.0,86489.0,-13142.0,-55011.0
910047109,Not New,UNITED AIRLINES HOLDINGS INC,101628.0,1160802.0,92609.0,1160802.0,-9019.0,0.0
22052L104,New Holding,CORTEVA INC,,,10834.0,366400.0,,
594918104,Not New,MICROSOFT CORP,32915.0,245705.0,28978.0,245705.0,-3937.0,0.0
64704V106,Not New,NEW MEDIA INVESTMENT GROUP,33384.0,3536400.0,26695.0,2542400.0,-6689.0,-994000.0
G6359F103,Not New,NABORS INDUSTRIES LTD,37555.0,12950000.0,32626.0,9484298.0,-4929.0,-3465702.0
G6518L108,Not New,NIELSEN HOLDINGS PLC,57115.0,2527200.0,62186.0,2627200.0,5071.0,100000.0
00164V103,Not New,AMC NETWORKS INC,43938.0,806356.0,45769.0,806356.0,1831.0,0.0
045528106,Not New,ASSOCIATED CAPITAL GROUP,322.0,8600.0,340.0,8600.0,18.0,0.0
04530L203,Not New,ASPEN GROUP INC,3800.0,1000000.0,5330.0,1000000.0,1530.0,0.0
126650100,Sold Out,CVS HEALTH CORP,26965.0,500000.0,,,,
629377508,Not New,NRG ENERGY INC,36244.0,1032000.0,43839.0,1032000.0,7595.0,0.0
98212B103,Not New,WPX ENERGY INC,54011.0,4692500.0,51522.0,3930000.0,-2489.0,-762500.0
00724F101,Not New,ADOBE INC,11197.0,38000.0,10127.0,38000.0,-1070.0,0.0
