CUSIP,status,NAME OF ISSUER,(x$1000)_old,PRN AMT_old,(x$1000),PRN AMT,(x$1000)_change,PRN AMT_change
369604103,Sold Out,GENERAL ELECTRIC CO,15624.0,1400000.0,,,,
459506309,New Holding,INTERNATIONAL FLAVORS&FRAGRA,,,1968.0,51562.0,,
78464A870,Sold Out,SPDR SERIES TRUST,28533.0,300000.0,,,,
78462F103,Sold Out,SPDR S&P 500 ETF TR,96558.0,300000.0,,,,
45773HAB8,New Holding,INOVIO PHARMACEUTICALS INC,,,9690.0,4750000.0,,
68375NAD5,Not New,OPKO HEALTH INC,23282.0,35275000.0,19160.0,24500000.0,-4122.0,-10775000.0
92337C104,Not New,VERASTEM INC,5143.0,1948122.0,32.0,24200.0,-5111.0,-1923922.0
68375N103,Not New,OPKO HEALTH INC,900.0,671347.0,2098.0,1426947.0,1198.0,755600.0
225447AB7,Not New,CREE INC,11669.0,12612000.0,10638.0,10000000.0,-1031.0,-2612000.0
595017AD6,New Holding,MICROCHIP TECHNOLOGY INC,,,12994.0,9131000.0,,
88322Q108,New Holding,TG THERAPEUTICS INC,,,1.0,127.0,,
G3206V118,Sold Out,ESTRE AMBIENTAL INC,9.0,3625000.0,,,,
92766K114,Sold Out,VIRGIN GALACTIC HOLDINGS INC,5324.0,1579588.0,,,,
630104AB3,Not New,NANTHEALTH INC,25950.0,30000000.0,24386.0,35600000.0,-1564.0,5600000.0
928542117,New Holding,VIVINT SMART HOME INC,,,768.0,550000.0,,
044186104,Sold Out,ASHLAND GLOBAL HLDGS INC,15306.0,200000.0,,,,
584688105,Sold Out,MEDICINES CO,6387.0,75200.0,,,,
65339F770,New Holding,NEXTERA ENERGY INC,,,27644.0,627000.0,,
G73268107,Not New,QUOTIENT LTD,16449.0,4164297.0,19717.0,2073267.0,3268.0,-2091030.0
00856G117,Not New,AGROFRESH SOLUTIONS,10857.0,3424981.0,20.0,3425000.0,-10837.0,19.0
19459JAA2,New Holding,COLLEGIUM PHARMACEUTICAL INC,,,5720.0,6500000.0,,
01988PAD0,New Holding,ALLSCRIPTS HEALTHCARE SOLUTN,,,500.0,545000.0,,
189464950,New Holding,CLOVIS ONCOLOGY INC,,,321.0,50400.0,,
09061GAF8,New Holding,BIOMARIN PHARMACEUTICAL INC,,,18095.0,17100000.0,,
670002AB0,Not New,NOVAVAX INC,19146.0,24468000.0,13008.0,32118000.0,-6138.0,7650000.0
78462F953,New Holding,SPDR S&P 500 ETF TR,,,25775.0,100000.0,,
29272W208,New Holding,ENERGIZER HLDGS INC NEW,,,7185.0,105814.0,,
45784PAH4,New Holding,INSULET CORP,,,8213.0,4500000.0,,
701081507,Sold Out,PARKER DRILLING CO,30176.0,1341195.0,,,,
00767EAC6,Not New,AEGERION PHARMACEUTICALS INC,24414.0,25038294.0,24156.0,24775610.0,-258.0,-262684.0
94419L951,New Holding,WAYFAIR INC,,,2672.0,50000.0,,
249908AA2,Sold Out,ASSERTIO THERAPEUTICS INC,9307.0,12635000.0,,,,
29786AAC0,New Holding,ETSY INC,,,25278.0,20000000.0,,
461203AJ0,Not New,INVACARE CORP,8366.0,10809000.0,16216.0,17550000.0,7850.0,6741000.0
76680R206,New Holding,RINGCENTRAL INC,,,2606.0,12300.0,,
76680RAD9,Not New,RINGCENTRAL INC,26051.0,10055000.0,35816.0,17055000.0,9765.0,7000000.0
989701115,Sold Out,ZIONS BANCORPORATION N A,28207.0,1441700.0,,,,
59064RAA7,New Holding,MESA LABS INC,,,17933.0,17850000.0,,
87157DAD1,Sold Out,SYNAPTICS INC,19483.0,17500000.0,,,,
44109J114,Not New,HOSTESS BRANDS INC,3468.0,6083415.0,15260.0,8339003.0,11792.0,2255588.0
67020YAG5,Sold Out,NUANCE COMMUNICATIONS INC,11604.0,10962000.0,,,,
705573103,New Holding,PEGASYSTEMS INC,,,4174.0,58600.0,,
94419LAD3,Not New,WAYFAIR INC,29034.0,42000000.0,32961.0,31750000.0,3927.0,-10250000.0
30063PAC9,New Holding,EXACT SCIENCES CORP,,,5147.0,6500000.0,,
749641114,Sold Out,RMG ACQUISITION CORP,181.0,297473.0,,,,
345370950,New Holding,FORD MTR CO DEL,,,338.0,70000.0,,
00163UAD8,New Holding,AMAG PHARMACEUTICALS INC,,,9829.0,12765000.0,,
682189AK1,New Holding,ON SEMICONDUCTOR CORP,,,19967.0,20000000.0,,
45790VAB6,Not New,INTELSAT S A,7256.0,34554000.0,20461.0,30554000.0,13205.0,-4000000.0
72919PAB9,Not New,PLUG POWER INC,5287.0,6000000.0,16563.0,11000000.0,11276.0,5000000.0
302301AF3,New Holding,EZCORP INC,,,5264.0,7125000.0,,
674599955,New Holding,OCCIDENTAL PETE CORP,,,1158.0,100000.0,,
80105N113,Sold Out,SANOFI,4623.0,3907852.0,,,,
21241B100,Not New,CONTURA ENERGY INC,3419.0,1454967.0,13485.0,1490000.0,10066.0,35033.0
127686AA1,Sold Out,CAESARS ENTMT CORP,19213.0,10000000.0,,,,
74365A309,New Holding,PROTALIX BIOTHERAPEUTICS INC,,,11348.0,4828974.0,,
039380407,New Holding,ARCH COAL INC,,,3428.0,118613.0,,
00430HAB8,Sold Out,ACCELERATE DIAGNOSTICS INC,4008.0,5200000.0,,,,
65339F796,New Holding,NEXTERA ENERGY INC,,,14724.0,311018.0,,
98954MAC5,New Holding,ZILLOW GROUP INC,,,4210.0,5000000.0,,
04545L107,New Holding,ASSERTIO THERAPEUTICS INC,,,1313.0,2020741.0,,
L7257P205,Not New,PACIFIC DRILLING SA LUXEMBOU,1290.0,3000000.0,12752.0,3125587.0,11462.0,125587.0
852234103,New Holding,SQUARE INC,,,2163.0,41300.0,,
64083J112,Not New,NESCO HLDGS INC,29.0,146826.0,177.0,402353.0,148.0,255527.0
88160RAD3,New Holding,TESLA INC,,,26585.0,15500000.0,,
189464AB6,New Holding,CLOVIS ONCOLOGY INC,,,897.0,1020000.0,,
81141RAB6,Not New,SEA LTD,40545.0,17500000.0,6414.0,3000000.0,-34131.0,-14500000.0
89643QAB4,Not New,TRINITY BIOTECH INVT LTD,21298.0,30425000.0,22971.0,30425000.0,1673.0,0.0
189464100,Sold Out,CLOVIS ONCOLOGY INC,1043.0,100000.0,,,,
189464100,Sold Out,CLOVIS ONCOLOGY INC,13848.0,1328200.0,,,,
674215AJ7,Not New,OASIS PETROLEUM INC,136.0,3391000.0,4246.0,5400000.0,4110.0,2009000.0
026874156,Sold Out,AMERICAN INTL GROUP INC,2261.0,220000.0,,,,
404139107,New Holding,HC2 HLDGS INC,,,0.0,2.0,,
92337CAA2,New Holding,VERASTEM INC,,,4755.0,6000000.0,,
854502846,Not New,STANLEY BLACK & DECKER INC,2273.0,32496.0,5969.0,55000.0,3696.0,22504.0
62914V106,Sold Out,NIO INC,3187.0,793000.0,,,,
393222AF1,New Holding,GREEN PLAINS INC,,,7274.0,11500000.0,,
699374AB0,Not New,PARATEK PHARMACEUTICALS INC,23790.0,36390000.0,27328.0,37825000.0,3538.0,1435000.0
09257WAB6,New Holding,BLACKSTONE MTG TR INC,,,6532.0,8401000.0,,
74736LAB5,New Holding,Q2 HLDGS INC,,,16208.0,13331000.0,,
302301AE6,New Holding,EZCORP INC,,,2599.0,3500000.0,,
682143AE2,Not New,OMEROS CORP,37441.0,42095000.0,37815.0,38800000.0,374.0,-3295000.0
87615L115,Sold Out,TARGET HOSPITALITY CORP,430.0,1000865.0,,,,
75321W111,Not New,RANPAK HLDGS CORP,602.0,626895.0,1242.0,1160780.0,640.0,533885.0
189464AC4,Not New,CLOVIS ONCOLOGY INC,11252.0,18066000.0,12121.0,19066000.0,869.0,1000000.0
25686H118,Not New,DOLPHIN ENTMT INC,7.0,110000.0,3.0,110000.0,-4.0,0.0
78636X873,Not New,SAEXPLORATION HLDGS INC,304.0,295478.0,1161.0,381765.0,857.0,86287.0
595017AF1,New Holding,MICROCHIP TECHNOLOGY INC,,,17090.0,16500000.0,,
62914VAB2,New Holding,NIO INC,,,6440.0,14000000.0,,
462222100,Sold Out,IONIS PHARMACEUTICALS INC,5803.0,96060.0,,,,
00922RAB1,New Holding,AIR TRANSPORT SERVICES GRP I,,,16589.0,19289000.0,,
92337CAB0,Sold Out,VERASTEM INC,15024.0,16829000.0,,,,
05988J103,New Holding,BANDWIDTH INC,,,2541.0,37766.0,,
207410AF8,New Holding,CONMED CORP,,,5610.0,6098000.0,,
G8232Y101,New Holding,SMART GLOBAL HLDGS INC,,,627.0,25800.0,,
U2481AAK4,Not New,DENBURY RES INC DEL,110.0,262000.0,184.0,262000.0,74.0,0.0
00165R119,Not New,AMCI ACQUISITION CORP,27.0,154669.0,155.0,500844.0,128.0,346175.0
761299AB2,Not New,RETROPHIN INC,20554.0,29000000.0,16374.0,20850000.0,-4180.0,-8150000.0
54951L959,New Holding,LUCKIN COFFEE INC,,,2787.0,102500.0,,
72919P202,New Holding,PLUG POWER INC,,,3672.0,1037197.0,,
745867101,Sold Out,PULTE GROUP INC,25220.0,650000.0,,,,
38046CAD1,New Holding,GOGO INC,,,744.0,1000000.0,,
233331842,Not New,DTE ENERGY CO,34093.0,905297.0,37278.0,726000.0,3185.0,-179297.0
461203AH4,Not New,INVACARE CORP,28220.0,33200000.0,33928.0,36400000.0,5708.0,3200000.0
816851406,New Holding,SEMPRA ENERGY,,,11696.0,126417.0,,
384278115,Not New,GRAF INDL CORP,127.0,1268362.0,595.0,1487200.0,468.0,218838.0
74365AAD3,Not New,PROTALIX BIOTHERAPEUTICS INC,12246.0,14407000.0,12813.0,14407000.0,567.0,0.0
165167CY1,Sold Out,CHESAPEAKE ENERGY CORP,2858.0,6000000.0,,,,
00770K202,Not New,AEMETIS INC,37.0,70768.0,0.0,70768.0,-37.0,0.0
36168Q120,New Holding,GFL ENVIRONMENTAL INC,,,13855.0,302567.0,,
87960WAA2,Not New,TELIGENT INC NEW,7298.0,21000000.0,9188.0,21000000.0,1890.0,0.0
55024UAB5,Not New,LUMENTUM HLDGS INC,74896.0,55065000.0,33392.0,22865000.0,-41504.0,-32200000.0
