CUSIP,status,NAME OF ISSUER,(x$1000)_old,PRN AMT_old,(x$1000),PRN AMT,(x$1000)_change,PRN AMT_change
459506309,Not New,INTERNATIONAL FLAVORS&FRAGRA,6280.0,141765.0,1968.0,51562.0,-4312.0,-90203.0
45773HAB8,Not New,INOVIO PHARMACEUTICALS INC,41312.0,16000000.0,9690.0,4750000.0,-31622.0,-11250000.0
68375NAD5,Not New,OPKO HEALTH INC,49265.0,47265000.0,23282.0,35275000.0,-25983.0,-11990000.0
92337C104,Sold Out,VERASTEM INC,5143.0,1948122.0,,,,
03938L903,New Holding,ARCELORMITTAL SA LUXEMBOURG,,,5365.0,500000.0,,
68375N103,Sold Out,OPKO HEALTH INC,900.0,671347.0,,,,
225447AB7,Sold Out,CREE INC,11669.0,12612000.0,,,,
34986F111,New Holding,FORUM MERGER II CORP,,,235.0,50000.0,,
44862P117,New Holding,HYCROFT MINING HOLDING CORP,,,651.0,520532.0,,
88322Q108,Not New,TG THERAPEUTICS INC,2.0,127.0,1.0,127.0,-1.0,0.0
595017AD6,Sold Out,MICROCHIP TECHNOLOGY INC,12994.0,9131000.0,,,,
02376RAF9,New Holding,AMERICAN AIRLS GROUP INC,,,65817.0,70000000.0,,
630104AB3,Not New,NANTHEALTH INC,29899.0,33500000.0,25950.0,30000000.0,-3949.0,-3500000.0
928542117,Not New,VIVINT SMART HOME INC,2288.0,400886.0,768.0,550000.0,-1520.0,149114.0
81727U105,New Holding,SENSEONICS HLDGS INC,,,390.0,1000000.0,,
65339F770,Sold Out,NEXTERA ENERGY INC,27644.0,627000.0,,,,
143658950,New Holding,CARNIVAL CORP,,,6568.0,400000.0,,
G73268107,Not New,QUOTIENT LTD,21250.0,2871600.0,16449.0,4164297.0,-4801.0,1292697.0
00856G117,Not New,AGROFRESH SOLUTIONS INC,47.0,2204451.0,10857.0,3424981.0,10810.0,1220530.0
19459JAA2,Not New,COLLEGIUM PHARMACEUTICAL INC,5750.0,6400000.0,5720.0,6500000.0,-30.0,100000.0
69553P100,New Holding,PAGERDUTY INC,,,1623.0,56700.0,,
45667GAC7,New Holding,INFINERA CORP,,,18620.0,22000000.0,,
45845PAB4,New Holding,INTERCEPT PHARMACEUTICALS IN,,,20241.0,27943000.0,,
01988PAD0,Sold Out,ALLSCRIPTS HEALTHCARE SOLUTN,500.0,545000.0,,,,
89154L118,New Holding,TORTOISE ACQUISITION CORP,,,540.0,50000.0,,
189464950,Sold Out,CLOVIS ONCOLOGY INC,321.0,50400.0,,,,
11040G103,New Holding,BRISTOW GROUP INC,,,2950.0,211748.0,,
09061GAF8,Sold Out,BIOMARIN PHARMACEUTICAL INC,18095.0,17100000.0,,,,
670002AB0,Not New,NOVAVAX INC,55010.0,57513000.0,19146.0,24468000.0,-35864.0,-33045000.0
025537101,New Holding,AMERICAN ELEC PWR CO INC,,,4570.0,57388.0,,
78462F953,Not New,SPDR S&P 500 ETF TR,154180.0,500000.0,25775.0,100000.0,-128405.0,-400000.0
92337C904,New Holding,VERASTEM INC,,,774.0,450000.0,,
29272W208,Sold Out,ENERGIZER HLDGS INC NEW,7185.0,105814.0,,,,
45784PAH4,Sold Out,INSULET CORP,8213.0,4500000.0,,,,
94419L951,Not New,WAYFAIR INC,9881.0,50000.0,2672.0,50000.0,-7209.0,0.0
00767EAC6,Sold Out,AEGERION PHARMACEUTICALS INC,24414.0,25038294.0,,,,
29786AAC0,Sold Out,ETSY INC,25278.0,20000000.0,,,,
461203AJ0,Not New,INVACARE CORP,9189.0,10809000.0,8366.0,10809000.0,-823.0,0.0
76680R206,Sold Out,RINGCENTRAL INC,2606.0,12300.0,,,,
76680RAD9,Sold Out,RINGCENTRAL INC,26051.0,10055000.0,,,,
59064RAA7,Not New,MESA LABS INC,19588.0,19850000.0,17933.0,17850000.0,-1655.0,-2000000.0
670704105,New Holding,NUVASIVE INC,,,1987.0,35700.0,,
44109J114,Not New,HOSTESS BRANDS INC,4015.0,4668389.0,3468.0,6083415.0,-547.0,1415026.0
22266L106,New Holding,COUPA SOFTWARE INC,,,11774.0,42500.0,,
94419LAD3,Not New,WAYFAIR INC,69810.0,39000000.0,29034.0,42000000.0,-40776.0,3000000.0
705573103,Sold Out,PEGASYSTEMS INC,4174.0,58600.0,,,,
04546C106,New Holding,ASSERTIO HOLDINGS INC,,,3707.0,4325182.0,,
30063PAC9,Sold Out,EXACT SCIENCES CORP,5147.0,6500000.0,,,,
345370950,Sold Out,FORD MTR CO DEL,338.0,70000.0,,,,
00163UAD8,Not New,AMAG PHARMACEUTICALS INC,32428.0,41045000.0,9829.0,12765000.0,-22599.0,-28280000.0
682189AK1,Sold Out,ON SEMICONDUCTOR CORP,19967.0,20000000.0,,,,
45790VAB6,Sold Out,INTELSAT S A,7256.0,34554000.0,,,,
872590112,New Holding,T-MOBILE US INC,,,1298.0,7723749.0,,
72919PAB9,Sold Out,PLUG POWER INC,5287.0,6000000.0,,,,
302301AF3,Not New,EZCORP INC,14136.0,15252000.0,5264.0,7125000.0,-8872.0,-8127000.0
674599955,Not New,OCCIDENTAL PETE CORP,915.0,50000.0,1158.0,100000.0,243.0,50000.0
21241B100,Not New,CONTURA ENERGY INC,4423.0,1454967.0,3419.0,1454967.0,-1004.0,0.0
848637104,New Holding,SPLUNK INC,,,9955.0,50100.0,,
03940R107,New Holding,ARCH RESOURCES INC,,,49.0,1731.0,,
98980G102,New Holding,ZSCALER INC,,,7916.0,72289.0,,
74365A309,Not New,PROTALIX BIOTHERAPEUTICS INC,9151.0,2414487.0,11348.0,4828974.0,2197.0,2414487.0
23804L103,New Holding,DATADOG INC,,,5643.0,64900.0,,
22564L113,New Holding,CRESCENT ACQUISITION CORP,,,107.0,71048.0,,
039380407,Sold Out,ARCH COAL INC,3428.0,118613.0,,,,
65339F796,Sold Out,NEXTERA ENERGY INC,14724.0,311018.0,,,,
98954MAC5,Sold Out,ZILLOW GROUP INC,4210.0,5000000.0,,,,
235851102,New Holding,DANAHER CORPORATION,,,2325.0,13150.0,,
04545L107,Sold Out,ASSERTIO THERAPEUTICS INC,1313.0,2020741.0,,,,
L7257P205,Sold Out,PACIFIC DRILLING SA LUXEMBOU,1290.0,3000000.0,,,,
03938L203,New Holding,ARCELORMITTAL SA LUXEMBOURG,,,3235.0,301500.0,,
852234103,Sold Out,SQUARE INC,2163.0,41300.0,,,,
64083J112,Not New,NESCO HLDGS INC,15.0,70210.0,29.0,146826.0,14.0,76616.0
88160RAD3,Sold Out,TESLA INC,26585.0,15500000.0,,,,
189464AB6,Not New,CLOVIS ONCOLOGY INC,1773.0,1992000.0,897.0,1020000.0,-876.0,-972000.0
81141RAB6,Sold Out,SEA LTD,40545.0,17500000.0,,,,
89643QAB4,Not New,TRINITY BIOTECH INVT LTD,25457.0,36425000.0,21298.0,30425000.0,-4159.0,-6000000.0
15912K209,New Holding,CHANGE HEALTHCARE INC,,,3296.0,75032.0,,
25746U133,New Holding,DOMINION ENERGY INC,,,8645.0,85310.0,,
674215AJ7,Sold Out,OASIS PETROLEUM INC,136.0,3391000.0,,,,
404139107,Not New,HC2 HLDGS INC,0.0,2.0,0.0,2.0,0.0,0.0
92337CAA2,Not New,VERASTEM INC,26740.0,28000000.0,4755.0,6000000.0,-21985.0,-22000000.0
01741R102,New Holding,ALLEGHENY TECHNOLOGIES INC,,,1330.0,130500.0,,
854502846,Sold Out,STANLEY BLACK & DECKER INC,2273.0,32496.0,,,,
62914V106,New Holding,NIO INC,,,984.0,127407.0,,
393222AF1,Not New,GREEN PLAINS INC,21420.0,26703000.0,7274.0,11500000.0,-14146.0,-15203000.0
699374AB0,Not New,PARATEK PHARMACEUTICALS INC,23376.0,29590000.0,23790.0,36390000.0,414.0,6800000.0
09257WAB6,Sold Out,BLACKSTONE MTG TR INC,6532.0,8401000.0,,,,
539183103,New Holding,LIVONGO HEALTH INC,,,3880.0,51600.0,,
302301AE6,Not New,EZCORP INC,11888.0,16375000.0,2599.0,3500000.0,-9289.0,-12875000.0
682143AE2,Not New,OMEROS CORP,50319.0,48095000.0,37441.0,42095000.0,-12878.0,-6000000.0
74736LAB5,Sold Out,Q2 HLDGS INC,16208.0,13331000.0,,,,
679295105,New Holding,OKTA INC,,,8550.0,42700.0,,
654110113,New Holding,NIKOLA CORP,,,3154.0,95000.0,,
75321W111,Sold Out,RANPAK HLDGS CORP,602.0,626895.0,,,,
189464AC4,Not New,CLOVIS ONCOLOGY INC,21651.0,35566000.0,11252.0,18066000.0,-10399.0,-17500000.0
25686H118,Not New,DOLPHIN ENTMT INC,7.0,110000.0,7.0,110000.0,0.0,0.0
78636X873,Sold Out,SAEXPLORATION HLDGS INC,304.0,295478.0,,,,
595017AF1,Sold Out,MICROCHIP TECHNOLOGY INC,17090.0,16500000.0,,,,
62914VAB2,Not New,NIO INC,10797.0,11500000.0,6440.0,14000000.0,-4357.0,2500000.0
697435105,New Holding,PALO ALTO NETWORKS INC,,,6385.0,27800.0,,
194014205,New Holding,COLFAX CORP,,,32761.0,268513.0,,
09857L108,New Holding,BOOKING HOLDINGS INC,,,5021.0,3153.0,,
98936J101,New Holding,ZENDESK INC,,,4637.0,52383.0,,
00922RAB1,Sold Out,AIR TRANSPORT SERVICES GRP I,16589.0,19289000.0,,,,
443573100,New Holding,HUBSPOT INC,,,2154.0,9600.0,,
05988J103,Sold Out,BANDWIDTH INC,2541.0,37766.0,,,,
207410AF8,Sold Out,CONMED CORP,5610.0,6098000.0,,,,
G8232Y101,Sold Out,SMART GLOBAL HLDGS INC,627.0,25800.0,,,,
U2481AAK4,Not New,DENBURY RES INC DEL,39.0,262000.0,110.0,262000.0,71.0,0.0
00165R119,Sold Out,AMCI ACQUISITION CORP,27.0,154669.0,,,,
761299AB2,Not New,RETROPHIN INC,30098.0,36775000.0,20554.0,29000000.0,-9544.0,-7775000.0
654110955,New Holding,NIKOLA CORP,,,2397.0,35500.0,,
54951L959,Sold Out,LUCKIN COFFEE INC,2787.0,102500.0,,,,
816851109,New Holding,SEMPRA ENERGY,,,5275.0,45000.0,,
72919P202,Sold Out,PLUG POWER INC,3672.0,1037197.0,,,,
38046CAD1,Sold Out,GOGO INC,744.0,1000000.0,,,,
233331842,Not New,DTE ENERGY CO,4083.0,96486.0,34093.0,905297.0,30010.0,808811.0
461203AH4,Not New,INVACARE CORP,33860.0,38700000.0,28220.0,33200000.0,-5640.0,-5500000.0
816851406,Not New,SEMPRA ENERGY,34892.0,357020.0,11696.0,126417.0,-23196.0,-230603.0
384278115,Not New,GRAF INDL CORP,114.0,50000.0,127.0,1268362.0,13.0,1218362.0
74365AAD3,Not New,PROTALIX BIOTHERAPEUTICS INC,15687.0,17527000.0,12246.0,14407000.0,-3441.0,-3120000.0
00770K202,Not New,AEMETIS INC,56.0,70768.0,37.0,70768.0,-19.0,0.0
36168Q120,Not New,GFL ENVIRONMENTAL INC,31443.0,645258.0,13855.0,302567.0,-17588.0,-342691.0
74736LAD1,New Holding,Q2 HLDGS INC,,,20634.0,18200000.0,,
87960WAA2,Not New,TELIGENT INC NEW,7298.0,21000000.0,7298.0,21000000.0,0.0,0.0
55024UAB5,Sold Out,LUMENTUM HLDGS INC,74896.0,55065000.0,,,,
