CUSIP,status,NAME OF ISSUER,(x$1000)_old,PRN AMT_old,(x$1000),PRN AMT,(x$1000)_change,PRN AMT_change
369300AL2,Not New,GENERAL CABLE CORP,9081.0,11395000.0,4108.0,5817000.0,-4973.0,-5578000.0
36268WAB6,Not New,GAIN CAPITAL HOLDINGS INC,6336.0,5828000.0,6418.0,6128000.0,82.0,300000.0
74348TAL6,Not New,PROSPECT CAPITAL CORP,5705.0,5570000.0,7037.0,7070000.0,1332.0,1500000.0
151290AV5,Sold Out,CEMEX SAB DE CV,9546.0,9235000.0,,,,
037612306,Not New,APOLLO GLOBAL MANAGEMENT - A,21600.0,1000000.0,23580.0,1000000.0,1980.0,0.0
059460303,New Holding,BANCO BRADESCO-ADR,,,2370.0,255360.0,,
032359AG6,New Holding,AMTRUST FINANCIAL SERVICES INC,,,39108.0,43000000.0,,
292475AF7,Sold Out,EMULEX CORPORATION,4606.0,5065000.0,,,,
67020YAF7,Not New,NUANCE COMMUNICATIONS,16754.0,16852000.0,16521.0,16602000.0,-233.0,-250000.0
05965X109,New Holding,BANCO SANTANDER-CHILE-ADR,,,8890.0,410075.0,,
01449JAA3,Not New,ALERE INC,34097.0,28613000.0,27840.0,26613000.0,-6257.0,-2000000.0
60855RAD2,Not New,MOLINA HEALTHCARE INC,29649.0,22900000.0,24880.0,22300000.0,-4769.0,-600000.0
98235TAC1,Sold Out,WRIGHT MEDICAL GROUP INC,62511.0,51357000.0,,,,
87305RAD1,Not New,TTM TECHNOLOGIES INC,45242.0,41196000.0,29091.0,30246000.0,-16151.0,-10950000.0
30161QAC8,New Holding,EXELIXIS INC,,,4640.0,6000000.0,,
81762PAB8,Sold Out,SERVICENOW INC,818.0,718000.0,,,,
436440AB7,Sold Out,HOLOGIC INC,29161.0,23184000.0,,,,
19075FAA4,Not New,COBALT INTL ENERGY INC,5822.0,8000000.0,2177.0,3500000.0,-3645.0,-4500000.0
76120WAA2,Not New,RESOURCE CAPITAL CORP,7952.0,8689000.0,8471.0,8689000.0,519.0,0.0
16115QAC4,Not New,CHART INDUSTRIES INC,30877.0,31856000.0,23873.0,24856000.0,-7004.0,-7000000.0
40416EAB9,New Holding,HCI GROUP INC,,,12432.0,12500000.0,,
896082104,Not New,TRIBUNE PUBLISHING CO,91013.0,4691371.0,107433.0,4691371.0,16420.0,0.0
94770VAF9,Not New,WEBMD HEALTH CORP,18584.0,18300000.0,18342.0,18300000.0,-242.0,0.0
758075AB1,Not New,REDWOOD TRUST INC,2870.0,2899000.0,6645.0,6737000.0,3775.0,3838000.0
87305RAC3,Not New,TTM TECHNOLOGIES,11485.0,11287000.0,11007.0,10999000.0,-478.0,-288000.0
595112AY9,Sold Out,MICRON TECHNOLOGY INC,87295.0,65901000.0,,,,
58471AAB1,Not New,MEDIDATA SOLUTIONS INC,59572.0,52721000.0,60266.0,54721000.0,694.0,2000000.0
Y11082107,Not New,CAPITAL PRODUCT PARTNERS LP,7600.0,800000.0,2200.0,275000.0,-5400.0,-525000.0
74973WAB3,Not New,RTI INTERNATIONAL METALS,78002.0,67602000.0,44291.0,45593000.0,-33711.0,-22009000.0
70932AAB9,Not New,PENNYMAC CORP,15957.0,16480000.0,15820.0,16526000.0,-137.0,46000.0
31787AAM3,New Holding,FINISAR CORP,,,26090.0,25500000.0,,
035710AB8,Sold Out,ANNALY CAPITAL MGMT,9251.0,9257000.0,,,,
45071RAB5,Not New,IXIA,13790.0,13699000.0,8716.0,8699000.0,-5074.0,-5000000.0
318672706,Not New,FIRST BANCORP PUERTO RICO,259431.0,41843581.0,245622.0,41843581.0,-13809.0,0.0
84860WAA0,Not New,SPIRIT REALTY CAPITAL INC,12307.0,12260000.0,12879.0,13260000.0,572.0,1000000.0
69888T207,Not New,PAR PETROLEUM CORP,4429.0,190862.0,3102.0,190862.0,-1327.0,0.0
136635AE9,New Holding,CANADIAN SOLAR INC,,,38763.0,37500000.0,,
026874784,Sold Out,AMERICAN INTERNATIONAL GROUP,2470.0,44100.0,,,,
84860WAB8,Sold Out,SPIRIT REALTY CAPITAL INC,573.0,590000.0,,,,
02076XAE2,Not New,ALPHA NATURAL RESOURCES,4536.0,11365000.0,5733.0,11365000.0,1197.0,0.0
060505682,Not New,BANK OF AMERICA CORP,5785.0,5000.0,5820.0,5000.0,35.0,0.0
98474TAB3,New Holding,YANDEX NV,,,6756.0,8156000.0,,
01988PAD0,Not New,ALLSCRIPTS HEALTHCARE SOLUTIONS,11561.0,11735000.0,65284.0,65735000.0,53723.0,54000000.0
46612JAF8,Sold Out,JDS UNIPHASE CORP,932.0,880000.0,,,,
Y2066G104,Not New,DIANA SHIPPING INC,2967.0,484800.0,3253.0,484800.0,286.0,0.0
87157BAA1,Not New,SYNCHRONOSS TECHNOLOGIES,59299.0,50993000.0,31236.0,29420000.0,-28063.0,-21573000.0
10552T107,Not New,BRF SA-ADR,51223.0,2589646.0,53535.0,2292713.0,2312.0,-296933.0
591176102,Not New,METALICO INC,1388.0,3766505.0,1881.0,5534605.0,493.0,1768100.0
471109AM0,New Holding,JARDEN CORP,,,90805.0,76236000.0,,
09061GAE1,Not New,BIOMARIN PHARMACEUTICAL,49182.0,33083000.0,42718.0,36083000.0,-6464.0,3000000.0
892231101,Not New,TOWNSQUARE MEDIA INC - CL A,20496.0,1595224.0,21057.0,1595224.0,561.0,0.0
09061GAF8,Not New,BIOMARIN PHARMACEUTICAL,35265.0,23188000.0,87691.0,71763000.0,52426.0,48575000.0
53071M880,New Holding,LIBERTY VENTURES - SER A,,,12947.0,308196.0,,
112463AA2,Not New,BROOKDALE SENIOR LIVING,84719.0,60727000.0,83468.0,61227000.0,-1251.0,500000.0
374297109,Not New,GETTY REALTY CORP,16243.0,892496.0,24225.0,1330319.0,7982.0,437823.0
55608BAA3,Not New,MACQUARIE INFRASTRUCTURE,24537.0,20640000.0,31334.0,27640000.0,6797.0,7000000.0
836034AB4,Not New,SOUFUN HOLDINGS LIMITED,11382.0,12650000.0,9384.0,10650000.0,-1998.0,-2000000.0
949746804,Not New,WELLS FARGO & COMPANY,11783.0,9658.0,9909.0,8158.0,-1874.0,-1500.0
05541TAD3,Not New,BGC PARTNERS INC,5462.0,5000000.0,14175.0,13145000.0,8713.0,8145000.0
22943FAD2,Not New,CTRIP.COM INTERNATIONAL LTD,4196.0,4000000.0,30528.0,31171000.0,26332.0,27171000.0
29089QAB1,New Holding,EMERGENT BIOSOLUTIONS,,,29531.0,25274000.0,,
249908AA2,Not New,DEPOMED INC,18680.0,14050000.0,44673.0,41000000.0,25993.0,26950000.0
05990K106,Not New,BANC OF CALIFORNIA INC,40487.0,3288947.0,37724.0,3288947.0,-2763.0,0.0
01167PAE1,Not New,ALASKA COMMUNICATIONS SYSTEMS GROUP INC,6439.0,6555000.0,5679.0,6055000.0,-760.0,-500000.0
36191JAB7,Not New,GSV CAPITAL CORP,9127.0,9649000.0,8837.0,9649000.0,-290.0,0.0
16945R104,Sold Out,CHINA UNICOM HONG KONG-ADR,2982.0,221700.0,,,,
26884U307,Not New,EPR PROPERTIES,1077.0,31650.0,1942.0,61650.0,865.0,30000.0
204409601,New Holding,CEMIG SA -SPONS ADR,,,28285.0,6915563.0,,
681904AQ1,Not New,OMNICARE INC,100820.0,82624000.0,99253.0,82624000.0,-1567.0,0.0
Y2187A127,Not New,EAGLE BULK SHIPPING INC,116242.0,15729717.0,209744.0,14297424.0,93502.0,-1432293.0
451055AE7,Not New,ICONIX BRAND GROUP INC,852.0,739000.0,878.0,739000.0,26.0,0.0
896047503,Not New,TRIBUNE MEDIA CO - A,1141129.0,18765484.0,1121613.0,18765484.0,-19516.0,0.0
85571BAA3,Sold Out,STARWOOD PROPERTY TRUST,277.0,260000.0,,,,
440543AN6,New Holding,HORNBECK OFFSHORE SERVICES,,,5342.0,6653000.0,,
165167CB1,Not New,CHESAPEAKE ENERGY CORP,2933.0,3200000.0,9736.0,10700000.0,6803.0,7500000.0
48123VAC6,Not New,J2 GLOBAL COMMUNICATIONS,70382.0,60809000.0,60352.0,54309000.0,-10030.0,-6500000.0
94770VAK8,Not New,WEBMD HEALTH CORP,34784.0,32425000.0,31061.0,30925000.0,-3723.0,-1500000.0
N97284108,Not New,YANDEX NV,993.0,65500.0,1176.0,65500.0,183.0,0.0
45104G104,Not New,ICICI BANK LTD-SPON ADR,52335.0,5051643.0,46560.0,4031168.0,-5775.0,-1020475.0
02917TAA2,Not New,AMERICAN REALTY CAP PROP,14698.0,15000000.0,11059.0,12000000.0,-3639.0,-3000000.0
42330PAG2,Not New,HELIX ENERGY SOLUTIONS,28242.0,28197000.0,9110.0,8197000.0,-19132.0,-20000000.0
96949L105,New Holding,WILLIAMS PARTNERS LP,,,5005.0,101695.0,,
719405AH5,Sold Out,PHOTRONICS INC,26340.0,25007000.0,,,,
422368AA8,Not New,HEARTWARE INTERNATIONAL,25337.0,22162000.0,22713.0,21162000.0,-2624.0,-1000000.0
156504300,Not New,CENTURY COMMUNITIES INC,23717.0,1226931.0,17677.0,1022980.0,-6040.0,-203951.0
743424AB9,Sold Out,PROOFPOINT INC,39189.0,28245000.0,,,,
912909AH1,New Holding,UNITED STATES STEEL CORP,,,36590.0,30000000.0,,
79466LAD6,Not New,SALESFORCE.COM INC,93720.0,77935000.0,90967.0,79935000.0,-2753.0,2000000.0
151290889,Not New,CEMEX SAB-SPONS ADR PART CER,55193.0,5828183.0,44643.0,4381037.0,-10550.0,-1447146.0
09257WAA8,Sold Out,BLACKSTONE MORTGAGE TR,635.0,598000.0,,,,
874039100,Not New,TAIWAN SEMICONDUCTOR-SP ADR,93044.0,3962687.0,109389.0,4887784.0,16345.0,925097.0
L0302D178,Not New,ARCELORMITTAL,4014.0,260700.0,6403.0,363100.0,2389.0,102400.0
45784PAD3,Not New,INSULET CORPORATION,38630.0,38213000.0,39864.0,33213000.0,1234.0,-5000000.0
460951AC0,Not New,INTEROIL CORP,3189.0,3150000.0,7156.0,7150000.0,3967.0,4000000.0
749227AB0,Not New,RAIT FINANCIAL TRUST,11607.0,13545000.0,12437.0,13895000.0,830.0,350000.0
82922RAD5,Not New,SINA CORP,12125.0,13350000.0,11526.0,12500000.0,-599.0,-850000.0
876568502,Not New,TATA MOTORS LTD-SPON ADR,38413.0,852489.0,52075.0,1231661.0,13662.0,379172.0
63934EAQ1,Sold Out,NAVISTAR INTL CORP,628.0,663000.0,,,,
854502804,Sold Out,STANLEY BLACK & DECKER INC,1338.0,11367.0,,,,
81170YAB5,Not New,SEACOR HOLDINGS INC,15761.0,18046000.0,35438.0,38546000.0,19677.0,20500000.0
19624RAB2,Sold Out,COLONY FINANCIAL INC,769.0,749000.0,,,,
88160RAB7,Sold Out,TESLA MOTORS INC,991.0,1071000.0,,,,
817337AB4,Not New,SEQUENOM INC,5289.0,5000000.0,1036.0,1000000.0,-4253.0,-4000000.0
095229AB6,Not New,BLUCORA INC,14549.0,15533000.0,6375.0,6733000.0,-8174.0,-8800000.0
40049J206,Not New,GRUPO TELEVISA SA-SPON ADR,43733.0,1324826.0,39534.0,1160710.0,-4199.0,-164116.0
19075FAB2,Not New,COBALT INTL ENERGY INC,57133.0,76500000.0,52610.0,78500000.0,-4523.0,2000000.0
783764AS2,New Holding,RYLAND GROUP,,,3895.0,4000000.0,,
04013VAB4,Not New,ARES COMMERCIAL REAL ESTATE,11287.0,11025000.0,11297.0,11025000.0,10.0,0.0
29274UAB7,Sold Out,ENERGY XXI LTD,992.0,3331000.0,,,,
14161HAG3,Not New,CARDTRONICS INC,53806.0,54388000.0,51990.0,52388000.0,-1816.0,-2000000.0
575385109,Not New,MASONITE INTERNATIONAL CORP,109959.0,1634852.0,149753.0,2436585.0,39794.0,801733.0
84760CAA5,Not New,SPECTRANETICS CORP,59461.0,45797000.0,59047.0,45797000.0,-414.0,0.0
N6596XAA7,Not New,NXP SEMICONDUCTOR NV,140216.0,117600000.0,94404.0,91900000.0,-45812.0,-25700000.0
G0083B116,New Holding,ACTAVIS PLC,,,66286.0,65500.0,,
056752108,Not New,BAIDU INC - SPON ADR,26641.0,127837.0,31558.0,138429.0,4917.0,10592.0
71654V408,Not New,PETROLEO BRASILEIRO-SPON ADR,44866.0,7465256.0,47807.0,6548845.0,2941.0,-916411.0
88830RAB7,Not New,TITAN MACHINERY INC,9646.0,13753000.0,6546.0,9034000.0,-3100.0,-4719000.0
45337CAM4,Sold Out,INCYTE CORP LTD,12546.0,8350000.0,,,,
46123DAB2,Not New,INVENSENSE INC,33268.0,34103000.0,33548.0,33653000.0,280.0,-450000.0
19624RAA4,Not New,COLONY FINANCIAL INC,35570.0,31373000.0,29801.0,27873000.0,-5769.0,-3500000.0
471109AL2,Not New,JARDEN CORP,27192.0,19100000.0,59173.0,44600000.0,31981.0,25500000.0
675746309,Sold Out,OCWEN FINANCIAL CORP,3578.0,237000.0,,,,
74340XAT8,Sold Out,PROLOGIS LP,776.0,691000.0,,,,
629209305,Not New,NMI HOLDINGS INC-CLASS A,27839.0,3716774.0,24552.0,2689080.0,-3287.0,-1027694.0
252603105,Not New,DIAMOND FOODS INC,143988.0,4420859.0,124801.0,4420859.0,-19187.0,0.0
92240MBC1,Not New,VECTOR GROUP LTD,7533.0,7000000.0,9078.0,8500000.0,1545.0,1500000.0
741503AS5,Not New,PRICELINE GROUP INC/THE,111536.0,97025000.0,83602.0,74025000.0,-27934.0,-23000000.0
74586W205,Sold Out,PULSE ELECTRONICS CORP,27119.0,11999585.0,,,,
879273209,Not New,TELECOM ARGENTINA SA-SP ADR,11805.0,519851.0,10060.0,519851.0,-1745.0,0.0
85571BAC9,Not New,STARWOOD PROPERTY TRUST,14619.0,14000000.0,13202.0,13000000.0,-1417.0,-1000000.0
03762UAA3,Not New,APOLLO COMMERCIAL REAL ESTATE FIN REIT,15150.0,15005000.0,16438.0,16505000.0,1288.0,1500000.0
035128206,Not New,ANGLOGOLD ASHANTI-SPON ADR,19421.0,2079297.0,16380.0,1882744.0,-3041.0,-196553.0
607409109,Not New,MOBILE TELESYSTEMS-SP ADR,31501.0,3118957.0,240.0,33500.0,-31261.0,-3085457.0
229678AH0,Sold Out,CUBIST PHARMACEUTICALS,1126.0,824000.0,,,,
053494AG5,Not New,AV HOMES INC,10219.0,10147000.0,10124.0,10147000.0,-95.0,0.0
670851302,Not New,OI SA-ADR,565.0,346452.0,1161.0,346452.0,596.0,0.0
346232AB7,New Holding,FORESTAR GROUP INC,,,14747.0,15472000.0,,
345550AP2,Sold Out,FOREST CITY ENTERPRISES,36865.0,32321000.0,,,,
86074QAL6,Sold Out,STILLWATER MINING COMPANY,557.0,449000.0,,,,
451055AF4,Not New,ICONIX BRAND GROUP INC,40241.0,33845000.0,9974.0,8395000.0,-30267.0,-25450000.0
04010LAG8,Not New,ARES CAPITAL CORP,10471.0,10000000.0,15882.0,15374000.0,5411.0,5374000.0
11777QAB6,Not New,B2GOLD CORP,15431.0,17566000.0,5313.0,5960000.0,-10118.0,-11606000.0
493723AA8,Not New,KEYW HOLDING CORP,24739.0,30345000.0,27834.0,30345000.0,3095.0,0.0
84763AAB4,New Holding,SPECTRUM PHARMACEUTICALS,,,1377.0,1500000.0,,
861642AN6,Not New,STONE ENERGY CORP,4309.0,4757000.0,65919.0,74956000.0,61610.0,70199000.0
862121100,Not New,STORE CAPITAL CORP,1918170.0,82148644.0,1775232.0,82148645.0,-142938.0,1.0
96950F104,Sold Out,WILLIAMS PARTNERS LP,5251.0,117333.0,,,,
71654V101,Not New,PETROLEO BRASIL-SP PREF ADR,3344.0,549100.0,3488.0,460200.0,144.0,-88900.0
89628E104,Not New,TRINA SOLAR LTD-SPON ADR,47235.0,3906963.0,34741.0,3751724.0,-12494.0,-155239.0
94733AAA2,Not New,WEB.COM GROUP INC,11275.0,12181000.0,4538.0,4938000.0,-6737.0,-7243000.0
80004CAF8,Sold Out,SANDISK CORP,48521.0,40328000.0,,,,
01449J204,Not New,ALERE INC,36653.0,107733.0,31730.0,100733.0,-4923.0,-7000.0
22822V200,Not New,CROWN CASTLE INTL CORP,38592.0,368145.0,57768.0,563145.0,19176.0,195000.0
46269C409,Not New,IRIDIUM COMMUNICATIONS INC,27590.0,77500.0,28357.0,77500.0,767.0,0.0
633643705,New Holding,NATIONAL BANK OF GREECE-ADR,,,2408.0,1881400.0,,
682189AH8,Not New,ON SEMICONDUCTOR CORP,48471.0,37584000.0,97767.0,81834000.0,49296.0,44250000.0
74348TAD4,Not New,PROSPECT CAPITAL CORP,3531.0,3421000.0,11544.0,11421000.0,8013.0,8000000.0
42210PAR3,Sold Out,HEADWATERS INC,10202.0,9646000.0,,,,
21075N204,Not New,CONTANGO OIL & GAS,28330.0,1287732.0,37653.0,1287732.0,9323.0,0.0
90349LAB0,New Holding,UTI WORLDWIDE INC,,,51197.0,46135000.0,,
01609W102,New Holding,ALIBABA GROUP HOLDING-SP ADR,,,28718.0,345000.0,,
48666KAS8,New Holding,KB HOME,,,5135.0,5363000.0,,
670851401,Not New,OI SA-ADR,1519.0,986395.0,3146.0,986395.0,1627.0,0.0
91912E204,Not New,VALE SA-SP PREF ADR,37209.0,7672044.0,48778.0,6718672.0,11569.0,-953372.0
42703MAB9,New Holding,HERBALIFE LTD,,,17317.0,20735000.0,,
60855RAC4,Sold Out,MOLINA HEALTHCARE INC,22855.0,16457000.0,,,,
531229AB8,Not New,LIBERTY MEDIA CORP,87676.0,87240000.0,84025.0,84740000.0,-3651.0,-2500000.0
73640QAB1,New Holding,PORTFOLIO RECOVERY ASSOCIATES,,,75564.0,69900000.0,,
880890108,Not New,TERNIUM SA-SPONSORED ADR,2190.0,121200.0,2138.0,121200.0,-52.0,0.0
64944P307,Not New,NY COMMUNITY CAP TRUST V,3145.0,61960.0,3088.0,61960.0,-57.0,0.0
83415UAB4,Sold Out,HANWHA SOLARONE CO LTD,29040.0,29330000.0,,,,
811904AM3,Not New,SEACOR HOLDINGS INC,70669.0,68170000.0,59195.0,55420000.0,-11474.0,-12750000.0
59001AAR3,New Holding,MERITAGE HOMES CORP,,,4932.0,4604000.0,,
15670RAC1,New Holding,CEPHEID INC,,,47725.0,43000000.0,,
69329YAF1,New Holding,PDL BIOPHARMA INC,,,9715.0,10138000.0,,
165167BZ9,Not New,CHESAPEAKE ENERGY CORP,6265.0,6500000.0,5849.0,6000000.0,-416.0,-500000.0
772739207,Not New,ROCK-TENN COMPANY -CL A,31800.0,493022.0,30663.0,502832.0,-1137.0,9810.0
02917TAB0,Not New,AMERICAN REALTY CAP PROP,15716.0,16000000.0,49772.0,53945000.0,34056.0,37945000.0
928298108,Not New,VISHAY INTERTECHNOLOGY INC,30058.0,2175000.0,30776.0,2175000.0,718.0,0.0
03761UAE6,Not New,APOLLO INVESTMENT CORP,5381.0,5225000.0,5699.0,5525000.0,318.0,300000.0
587200AK2,Not New,MENTOR GRAPHICS CORP,38241.0,30666000.0,40293.0,33166000.0,2052.0,2500000.0
N97284AA6,Sold Out,YANDEX NV,8688.0,10500000.0,,,,
928645AB6,Sold Out,VOLCANO CORP,7161.0,7189000.0,,,,
03232P504,Not New,AMSURG CORP,34586.0,278904.0,33438.0,295904.0,-1148.0,17000.0
436440AG6,Not New,HOLOGIC INC,9546.0,8098000.0,8420.0,7598000.0,-1126.0,-500000.0
436440AC5,Not New,HOLOGIC INC,125304.0,101654000.0,106238.0,95154000.0,-19066.0,-6500000.0
018606301,Not New,ALLIANCE HEALTHCARE SERVICES,105499.0,4756491.0,99839.0,4756491.0,-5660.0,0.0
02005N100,Not New,ALLY FINANCIAL INC,200642.0,9563530.0,220340.0,9328530.0,19698.0,-235000.0
00912XAK0,Not New,AIR LEASE CORP,7728.0,5341000.0,21756.0,15841000.0,14028.0,10500000.0
88160RAC5,Not New,TESLA MOTORS INC,7910.0,9370000.0,61470.0,67870000.0,53560.0,58500000.0
34385PAA6,New Holding,FLUIDIGM CORP,,,36426.0,34000000.0,,
269279402,Not New,EXCO RESOURCES INC,82669.0,45173682.0,98026.0,45173682.0,15357.0,0.0
371559204,Not New,GENESEE & WYOMING INC,22205.0,183300.0,35780.0,308300.0,13575.0,125000.0
92343XAA8,Not New,VERINT SYSTEMS INC,103762.0,89015000.0,93358.0,84015000.0,-10404.0,-5000000.0
16411RAG4,New Holding,CHENIERE ENERGY INC,,,25005.0,30000000.0,,
670704AC9,Not New,NUVASIVE INC,105928.0,84553000.0,105270.0,82053000.0,-658.0,-2500000.0
552848103,Not New,MGIC INVESTMENT CORP,96589.0,10030000.0,99773.0,10705200.0,3184.0,675200.0
38119TAE4,Not New,GOLDEN STAR RESOURCES,4239.0,8750000.0,3061.0,8750000.0,-1178.0,0.0
92531L108,New Holding,VERSO CORP,,,4642.0,2578897.0,,
220480AB3,New Holding,CORSICANTO LTD,,,4833.0,4500000.0,,
47215P106,Not New,JD.COM INC-ADR,42293.0,1439502.0,31506.0,1361550.0,-10787.0,-77952.0
26817R108,Not New,DYNEGY INC,333022.0,10595712.0,308044.0,10149712.0,-24978.0,-446000.0
Y8162K121,Not New,STAR BULK CARRIERS CORP,298221.0,82154649.0,336098.0,51234231.0,37877.0,-30920418.0
93317WAA0,Sold Out,WALTER INVESTMENT MGMT,3786.0,5000000.0,,,,
64118QAB3,Sold Out,NETSUITE INC,25256.0,22457000.0,,,,
92719A106,Not New,VIMPELCOM LTD-SPON ADR,8797.0,1678900.0,7010.0,1678900.0,-1787.0,0.0
31679BAC4,Not New,FIFTH STREET FINANCE,14291.0,13895000.0,14313.0,13895000.0,22.0,0.0
055639AC2,Sold Out,BPZ RESOURCES INC,6681.0,20800000.0,,,,
26884U208,Not New,EPR PROPERTIES,1720.0,71071.0,2833.0,121071.0,1113.0,50000.0
382410AG3,Not New,GOODRICH PETROLEUM CORP,1332.0,2500000.0,1858.0,3500000.0,526.0,1000000.0
67066GAC8,Not New,NVIDIA CORP,124106.0,105013000.0,112397.0,98363000.0,-11709.0,-6650000.0
867652AG4,Not New,SUNPOWER CORP,12094.0,8654000.0,9785.0,8000000.0,-2309.0,-654000.0
465562106,Not New,ITAU UNIBANCO H-SPON PRF ADR,49812.0,4503834.0,51869.0,3986869.0,2057.0,-516965.0
893870204,Sold Out,TRANSPORTADORA DE GAS DEL SUR SA,1916.0,547476.0,,,,
043632AA6,Sold Out,ASCENT CAPITAL GROUP INC,4531.0,5420000.0,,,,
629377508,Not New,NRG ENERGY INC,17960.0,713000.0,19215.0,713000.0,1255.0,0.0
02364W105,New Holding,AMERICA MOVIL-SPN ADR CL L,,,29497.0,1441686.0,,
