CUSIP,status,NAME OF ISSUER,(x$1000)_old,PRN AMT_old,(x$1000),PRN AMT,(x$1000)_change,PRN AMT_change
459506309,New Holding,INTERNATIONAL FLAVORS & FRAGRANCES INC,,,13601.0,250000.0,,
925652109,Not New,VICI PROPERTIES INC,77320.0,3576319.0,80081.0,3879862.0,2761.0,303543.0
40537Q605,New Holding,HALCON RESOURCES CORP,,,5677.0,1270000.0,,
635309107,Sold Out,NATIONAL CINEMEDIA INC,10918.0,1300000.0,,,,
78462F103,Not New,SPDR S&P500 ETF TRUST,1046592.0,3600000.0,571451.0,2106500.0,-475141.0,-1493500.0
78462F103,Not New,SPDR S&P500 ETF TRUST,1046592.0,3600000.0,54256.0,200000.0,-992336.0,-3400000.0
78462F103,Not New,SPDR S&P500 ETF TRUST,145360.0,500000.0,571451.0,2106500.0,426091.0,1606500.0
78462F103,Not New,SPDR S&P500 ETF TRUST,145360.0,500000.0,54256.0,200000.0,-91104.0,-300000.0
69354NAB2,Not New,PRA GROUP INC,9611.0,9365000.0,20221.0,18970000.0,10610.0,9605000.0
67020YAK6,New Holding,NUANCE COMMUNICATIONS INC,,,7285.0,7700000.0,,
75508B104,Sold Out,RAYONIER ADVANCED MATERIALS INC,17090.0,1000000.0,,,,
472145AB7,Not New,JAZZ INVESTMENTS I LTD,15414.0,14357000.0,13127.0,12034000.0,-2287.0,-2323000.0
65339F820,Not New,NEXTERA ENERGY INC,26700.0,468855.0,22292.0,390415.0,-4408.0,-78440.0
059460303,New Holding,BANCO BRADESCO-ADR,,,27871.0,3936583.0,,
893830BJ7,Not New,TRANSOCEAN INC,20217.0,13615000.0,26394.0,18500000.0,6177.0,4885000.0
80007P869,Not New,SANDRIDGE ENERGY INC,1467.0,135000.0,2395.0,135000.0,928.0,0.0
23335SAB2,Not New,DHT HOLDINGS INC,7458.0,7256000.0,8413.0,8221000.0,955.0,965000.0
Y8162K204,Not New,STAR BULK CARRIERS CORP,441559.0,30557767.0,392973.0,30557767.0,-48586.0,0.0
98954MAB7,Sold Out,ZILLOW GROUP INC,20843.0,16390000.0,,,,
34959J207,New Holding,FORTIVE CORP,,,32986.0,30577.0,,
531229AF9,Not New,LIBERTY MEDIA CORP-LIBERTY FORMULA ONE,24153.0,20625000.0,14651.0,12500000.0,-9502.0,-8125000.0
647551AB6,Not New,NEW MOUNTAIN FINANCE CORP,16474.0,16292000.0,13998.0,13739000.0,-2476.0,-2553000.0
92936P100,New Holding,WMIH CORP,,,32151.0,23130531.0,,
83416TAC4,Not New,SOLARCITY CORP,739.0,844000.0,12524.0,13424000.0,11785.0,12580000.0
88338TAB0,Not New,INNOVIVA INC,8942.0,8805000.0,5081.0,5217000.0,-3861.0,-3588000.0
097793400,Not New,BONANZA CREEK ENERGY INC,17010.0,571208.0,13574.0,358456.0,-3436.0,-212752.0
76120WAA2,Not New,EXANTAS CAPITAL CORP,38420.0,38093000.0,38880.0,38093000.0,460.0,0.0
40416EAB9,Not New,HCI GROUP INC,10082.0,10110000.0,11007.0,11038000.0,925.0,928000.0
903914208,Not New,ULTRA PETROLEUM CORP,766.0,683632.0,1637.0,708459.0,871.0,24827.0
758075AD7,Not New,REDWOOD TRUST INC,16888.0,17070000.0,9917.0,10000000.0,-6971.0,-7070000.0
077347201,Not New,BEL FUSE INC,1586.0,71613.0,436.0,20862.0,-1150.0,-50751.0
267475AB7,Sold Out,DYCOM INDUSTRIES INC,5764.0,4956000.0,,,,
595112AY9,Sold Out,MICRON TECHNOLOGY INC,9016.0,5000000.0,,,,
205768AN4,Sold Out,COMSTOCK RESOURCES INC,38834.0,39145029.0,,,,
04010LAM5,Not New,ARES CAPITAL CORP,21402.0,21319000.0,24041.0,23841000.0,2639.0,2522000.0
Y11082107,Not New,CAPITAL PRODUCT PARTNERS LP,2278.0,819228.0,2506.0,819228.0,228.0,0.0
05501U106,Not New,AZUL SA-ADR,33325.0,1873216.0,28708.0,1754774.0,-4617.0,-118442.0
456788108,Not New,INFOSYS LTD-SP ADR,47351.0,4655979.0,75250.0,3872844.0,27899.0,-783135.0
70932AAB9,Not New,PENNYMAC CORP,25606.0,25642000.0,25332.0,25209000.0,-274.0,-433000.0
37951DAB8,New Holding,GLOBAL EAGLE ENTERTAINMENT INC,,,2582.0,3375000.0,,
31787AAM3,Not New,FINISAR CORP,6596.0,6625000.0,9618.0,9705000.0,3022.0,3080000.0
67402D104,Not New,OAKTREE STRATEGIC INCOME CORP,3391.0,392000.0,3332.0,392000.0,-59.0,0.0
74139CAB8,New Holding,PRETIUM RESOURCES INC,,,1753.0,1990000.0,,
452327AF6,Not New,ILLUMINA INC,23292.0,16000000.0,34462.0,29145000.0,11170.0,13145000.0
98236JAB4,Not New,WRIGHT MEDICAL GROUP NV,17349.0,11990000.0,17368.0,13000000.0,19.0,1010000.0
670851500,New Holding,OI SA,,,5610.0,2054854.0,,
84860WAA0,Not New,SPIRIT REALTY CAPITAL INC,17155.0,17155000.0,26943.0,27038000.0,9788.0,9883000.0
55608BAB1,New Holding,MACQUARIE INFRASTRUCTURE CORP,,,4178.0,4636000.0,,
31787AAP6,Not New,FINISAR CORP,18660.0,20316000.0,4387.0,4821000.0,-14273.0,-15495000.0
42330PAH0,Not New,HELIX ENERGY SOLUTIONS GROUP INC,6899.0,6416000.0,8860.0,8467000.0,1961.0,2051000.0
695127AD2,New Holding,PACIRA PHARMACEUTICALS INC/DE,,,7949.0,7500000.0,,
136635AE9,Not New,CANADIAN SOLAR INC,3443.0,3475000.0,7111.0,7315000.0,3668.0,3840000.0
31816QAB7,New Holding,FIREEYE INC,,,6484.0,6773000.0,,
45845PAA6,Not New,INTERCEPT PHARMACEUTICALS INC,43995.0,43316000.0,30352.0,34470000.0,-13643.0,-8846000.0
947075AH0,Not New,WEATHERFORD INTERNATIONAL LTD,58420.0,61872000.0,73152.0,74145000.0,14732.0,12273000.0
060505682,Not New,BANK OF AMERICA CORP,9836.0,7600.0,10753.0,8600.0,917.0,1000.0
038923AB4,Sold Out,ARBOR REALTY TRUST INC,1475.0,1327000.0,,,,
90184LAB8,Not New,TWITTER INC,23593.0,24301000.0,27090.0,27867000.0,3497.0,3566000.0
45772FAB3,New Holding,INPHI CORP,,,17936.0,15500000.0,,
65339F846,Sold Out,NEXTERA ENERGY INC,14427.0,193500.0,,,,
98474TAB3,Not New,YANDEX NV,11469.0,11534000.0,12102.0,12190000.0,633.0,656000.0
01988PAD0,New Holding,ALLSCRIPTS HEALTHCARE SOLUTIONS INC,,,15824.0,15000000.0,,
665531109,Not New,NORTHERN OIL AND GAS INC,17559.0,4389667.0,18395.0,5839667.0,836.0,1450000.0
92840M300,Not New,VISTRA ENERGY CORP,5986.0,61700.0,20535.0,216950.0,14549.0,155250.0
922417AD2,Sold Out,VEECO INSTRUMENTS INC,3062.0,3460000.0,,,,
458660AD9,Not New,INTERDIGITAL INC/PA,12021.0,10230000.0,23962.0,19500000.0,11941.0,9270000.0
177376AD2,Not New,CITRIX SYSTEMS INC,21902.0,14237000.0,30752.0,21143000.0,8850.0,6906000.0
252131AF4,New Holding,DEXCOM INC,,,7370.0,4790000.0,,
41068XAB6,New Holding,HANNON ARMSTRONG SUSTAINABLE INFRASTRUCTURE CAPITAL INC,,,2283.0,2339000.0,,
670704AG0,Not New,NUVASIVE INC,26410.0,20805000.0,18461.0,17000000.0,-7949.0,-3805000.0
82823LAC0,Not New,SSR MINING INC,23035.0,23403000.0,24789.0,25057000.0,1754.0,1654000.0
94419LAB7,New Holding,WAYFAIR INC,,,8114.0,5365000.0,,
10552T107,Not New,BRF SA-ADR,28043.0,5117302.0,20291.0,4335648.0,-7752.0,-781654.0
902104AB4,New Holding,II-VI INC,,,21035.0,17865000.0,,
075887208,Not New,BECTON DICKINSON AND CO,42814.0,655020.0,47423.0,766720.0,4609.0,111700.0
472145AD3,New Holding,JAZZ INVESTMENTS I LTD,,,12437.0,12200000.0,,
76120WAC8,Not New,EXANTAS CAPITAL CORP,47355.0,47415000.0,48058.0,47995000.0,703.0,580000.0
09061GAF8,Not New,BIOMARIN PHARMACEUTICAL INC,16527.0,13720000.0,5947.0,5000000.0,-10580.0,-8720000.0
670002AB0,Not New,NOVAVAX INC,4627.0,7495000.0,4889.0,8155000.0,262.0,660000.0
892231101,Not New,TOWNSQUARE MEDIA INC,12489.0,1595224.0,10321.0,1595224.0,-2168.0,0.0
90187BAA9,Not New,TWO HARBORS INVESTMENT CORP,6249.0,6056000.0,9083.0,8650000.0,2834.0,2594000.0
55608BAA3,Not New,MACQUARIE INFRASTRUCTURE CORP,23446.0,23597000.0,20198.0,20300000.0,-3248.0,-3297000.0
09061GAE1,Sold Out,BIOMARIN PHARMACEUTICAL INC,10251.0,9650000.0,,,,
949746804,Not New,WELLS FARGO & CO,8124.0,6293.0,8405.0,6677.0,281.0,384.0
021346101,Not New,ALTABA INC,32961.0,483866.0,263555.0,3599988.0,230594.0,3116122.0
649604AD7,Not New,NEW YORK MORTGAGE TRUST INC,11181.0,11175000.0,11552.0,11617000.0,371.0,442000.0
44052TAB7,Not New,HORIZON PHARMA INVESTMENT LTD,41677.0,41281000.0,44449.0,46262000.0,2772.0,4981000.0
98212B202,Sold Out,WPX ENERGY INC,4528.0,60000.0,,,,
216831107,New Holding,COOPER TIRE & RUBBER CO,,,33960.0,1200000.0,,
87265KAB8,Not New,TPG SPECIALTY LENDING INC,9725.0,9655000.0,12298.0,12163000.0,2573.0,2508000.0
249908AA2,Sold Out,DEPOMED INC,15610.0,19020000.0,,,,
31154R109,New Holding,FARMLAND PARTNERS INC,,,2158.0,322142.0,,
86800U104,New Holding,SUPER MICRO COMPUTER INC,,,30915.0,1500000.0,,
867652AL3,Not New,SUNPOWER CORP,3155.0,3749000.0,4162.0,5003000.0,1007.0,1254000.0
91822M106,Not New,VEON LTD,4869.0,1678900.0,3996.0,1678900.0,-873.0,0.0
36191JAB7,Sold Out,GSV CAPITAL CORP,4105.0,4040000.0,,,,
03762UAB1,Not New,APOLLO COMMERCIAL REAL ESTATE FINANCE INC,32610.0,32406000.0,30716.0,30952000.0,-1894.0,-1454000.0
87157DAD1,Not New,SYNAPTICS INC,7605.0,7930000.0,5987.0,6030000.0,-1618.0,-1900000.0
896047503,Not New,TRIBUNE MEDIA CO,209171.0,5442870.0,290602.0,7593441.0,81431.0,2150571.0
447462AB8,Not New,HURON CONSULTING GROUP INC,26111.0,26753000.0,21970.0,23284000.0,-4141.0,-3469000.0
078314507,Not New,BELLATRIX EXPLORATION LTD,3499.0,3350000.0,3763.0,3750000.0,264.0,400000.0
48123VAC6,Not New,J2 GLOBAL INC,19976.0,15360000.0,23058.0,17000000.0,3082.0,1640000.0
483548AF0,Not New,KAMAN CORP,6919.0,5880000.0,14533.0,12000000.0,7614.0,6120000.0
63934EAS7,Not New,NAVISTAR INTERNATIONAL CORP,4541.0,4470000.0,5233.0,5065000.0,692.0,595000.0
45104G104,Not New,ICICI BANK LTD-SPON ADR,89437.0,10534345.0,78225.0,9741512.0,-11212.0,-792833.0
02917TAA2,Sold Out,VEREIT INC,24977.0,24943000.0,,,,
104647723,Sold Out,QIAGEN NV,8995.0,7000000.0,,,,
141337AB1,Sold Out,CARBONITE INC,4442.0,2985000.0,,,,
30063PAA3,Not New,EXACT SCIENCES CORP,32765.0,26463000.0,22487.0,21330000.0,-10278.0,-5133000.0
156504300,Not New,CENTURY COMMUNITIES INC,47749.0,1819003.0,57390.0,1819003.0,9641.0,0.0
95790DAA3,Not New,WESTERN ASSET MORTGAGE CAPITAL CORP,12419.0,12273000.0,11795.0,11658000.0,-624.0,-615000.0
966387AL6,Not New,WHITING PETROLEUM CORP,27016.0,28097000.0,25848.0,27010000.0,-1168.0,-1087000.0
87238QAD5,New Holding,BLACKROCK TCP CAPITAL CORP,,,1292.0,1290000.0,,
Y2187A143,Not New,EAGLE BULK SHIPPING INC,4414.0,785363.0,4272.0,785363.0,-142.0,0.0
67020YAN0,New Holding,NUANCE COMMUNICATIONS INC,,,24668.0,23850000.0,,
92531L207,Not New,VERSO CORP,32368.0,961319.0,51483.0,2365914.0,19115.0,1404595.0
077347300,Not New,BEL FUSE INC,4639.0,175060.0,3658.0,175060.0,-981.0,0.0
151290889,Not New,CEMEX SAB-SPONS ADR PART CER,33853.0,4808700.0,14230.0,2169140.0,-19623.0,-2639560.0
09061GAH4,Not New,BIOMARIN PHARMACEUTICAL INC,20150.0,18865000.0,30887.0,30500000.0,10737.0,11635000.0
874039100,Not New,TAIWAN SEMICONDUCTOR-SP ADR,160116.0,3625809.0,117025.0,3200886.0,-43091.0,-424923.0
749772AB5,Not New,REDWOOD TRUST INC,20743.0,20452000.0,23648.0,23289000.0,2905.0,2837000.0
63934EAQ1,Not New,NAVISTAR INTERNATIONAL CORP,12761.0,12755000.0,14438.0,14337000.0,1677.0,1582000.0
70338PAB6,Not New,PATTERN ENERGY GROUP INC,25158.0,25097000.0,23475.0,23475000.0,-1683.0,-1622000.0
46429B598,Not New,ISHARES MSCI INDIA ETF,1030.0,31700.0,1085.0,32600.0,55.0,900.0
81170YAB5,Not New,SEACOR HOLDINGS INC,23217.0,23824000.0,23318.0,23755000.0,101.0,-69000.0
231082801,New Holding,CUMULUS MEDIA INC,,,716.0,42075.0,,
60786LAB3,Not New,STEEL CONNECT INC,3660.0,3700000.0,3660.0,3700000.0,0.0,0.0
682189AK1,Sold Out,ON SEMICONDUCTOR CORP,22178.0,16825000.0,,,,
19624RAB2,Not New,COLONY CAPITAL INC,26984.0,28505000.0,19916.0,20855000.0,-7068.0,-7650000.0
110394AF0,Sold Out,BRISTOW GROUP INC,6466.0,5644000.0,,,,
36191GAB3,New Holding,GNC HOLDINGS INC,,,4496.0,5802000.0,,
14161HAG3,Not New,CARDTRONICS INC,23986.0,24789000.0,20589.0,22092000.0,-3397.0,-2697000.0
55933J203,Not New,MAGNACHIP SEMICONDUCTOR CORP,32175.0,3250000.0,33312.0,3250000.0,1137.0,0.0
92763WAA1,New Holding,VIPSHOP HOLDINGS LTD,,,10776.0,10961000.0,,
185899AA9,Not New,CLEVELAND-CLIFFS INC,3410.0,2075000.0,5317.0,4320000.0,1907.0,2245000.0
816851505,New Holding,SEMPRA ENERGY,,,16877.0,166700.0,,
33938JAB2,Sold Out,FLEXION THERAPEUTICS INC,8377.0,6845000.0,,,,
151290BR3,New Holding,CEMEX SAB DE CV,,,10951.0,10845000.0,,
811904AN1,Sold Out,SEACOR HOLDINGS INC,9896.0,9664000.0,,,,
88830RAB7,Not New,TITAN MACHINERY INC,7815.0,7871000.0,7728.0,7791000.0,-87.0,-80000.0
458118AC0,Sold Out,INTEGRATED DEVICE TECHNOLOGY INC,12706.0,11125000.0,,,,
984332AF3,Sold Out,ALTABA INC,20389.0,14921000.0,,,,
698354AB3,Not New,PANDORA MEDIA INC,24757.0,25245000.0,27778.0,28878000.0,3021.0,3633000.0
92189F676,Not New,VANECK VECTORS SEMICONDUCTOR ETF,74515.0,700000.0,71869.0,700000.0,-2646.0,0.0
126132109,Not New,CNOOC LTD-SPON ADR,54470.0,275740.0,45077.0,263239.0,-9393.0,-12501.0
629209305,Not New,NMI HOLDINGS INC,128697.0,5681992.0,92616.0,5681992.0,-36081.0,0.0
452327AH2,Sold Out,ILLUMINA INC,13879.0,10500000.0,,,,
049164BH8,Not New,ATLAS AIR WORLDWIDE HOLDINGS INC,8286.0,7155000.0,10644.0,8635000.0,2358.0,1480000.0
92849EAB7,New Holding,VITAMIN SHOPPE INC,,,9986.0,11495000.0,,
779376AD4,New Holding,ROVI CORP,,,7876.0,8255000.0,,
671044AD7,Not New,OSI SYSTEMS INC,17612.0,18380000.0,10212.0,10500000.0,-7400.0,-7880000.0
92240MBC1,New Holding,VECTOR GROUP LTD,,,2555.0,2445000.0,,
25470MAB5,Not New,DISH NETWORK CORP,65864.0,68875000.0,27190.0,28000000.0,-38674.0,-40875000.0
22943FAH3,Sold Out,CTRIP.COM INTERNATIONAL LTD,5728.0,5000000.0,,,,
N72482AA5,New Holding,QIAGEN NV,,,2897.0,2200000.0,,
63861C109,Sold Out,NATIONSTAR MORTGAGE HOLDINGS INC,31729.0,1810000.0,,,,
98850P109,New Holding,YUM CHINA HOLDINGS INC,,,21575.0,614500.0,,
292554AH5,Not New,ENCORE CAPITAL GROUP INC,10795.0,11536000.0,10433.0,11251000.0,-362.0,-285000.0
80918TAB5,Sold Out,SCORPIO TANKERS INC,4073.0,4000000.0,,,,
879273209,Not New,TELECOM ARGENTINA SA,12412.0,712500.0,4275.0,241000.0,-8137.0,-471500.0
67401P108,Not New,OAKTREE SPECIALTY LENDING CORP,1369.0,276000.0,1319.0,276000.0,-50.0,0.0
205768AM6,Sold Out,COMSTOCK RESOURCES INC,19240.0,19522878.0,,,,
035128206,Not New,ANGLOGOLD ASHANTI-SPON ADR,33527.0,3907565.0,30158.0,3673300.0,-3369.0,-234265.0
46333XAD0,Not New,IRONWOOD PHARMACEUTICALS INC,10706.0,8215000.0,13311.0,10000000.0,2605.0,1785000.0
607409109,Not New,MOBILE TELESYSTEMS PJSC,2547.0,298500.0,2636.0,298500.0,89.0,0.0
92840M102,Not New,VISTRA ENERGY CORP,888598.0,35715343.0,1054124.0,44553037.0,165526.0,8837694.0
29359WAB1,Not New,ENSCO JERSEY FINANCE LTD,43107.0,43185000.0,44554.0,47849000.0,1447.0,4664000.0
G6359F129,Sold Out,NABORS INDUSTRIES LTD,5072.0,110000.0,,,,
74838JAA9,Sold Out,QUIDEL CORP,6593.0,3083000.0,,,,
346232AB7,Not New,FORESTAR GROUP INC,16928.0,16928000.0,15869.0,15869000.0,-1059.0,-1059000.0
62957HAB1,Not New,NABORS INDUSTRIES INC,13776.0,17610000.0,11952.0,15145000.0,-1824.0,-2465000.0
286082AC6,Not New,ELECTRONICS FOR IMAGING INC,5662.0,5730000.0,2699.0,2725000.0,-2963.0,-3005000.0
171798101,Not New,CIMAREX ENERGY CO,13117.0,141130.0,14358.0,141130.0,1241.0,0.0
595112103,New Holding,MICRON TECHNOLOGY INC,,,58799.0,1300000.0,,
74348TAQ5,Not New,PROSPECT CAPITAL CORP,7205.0,7135000.0,2112.0,2110000.0,-5093.0,-5025000.0
925550AB1,New Holding,VIAVI SOLUTIONS INC,,,23813.0,22000000.0,,
05961W105,Sold Out,BANCO MACRO SA-ADR,1311.0,22306.0,,,,
22943FAM2,New Holding,CTRIP.COM INTERNATIONAL LTD,,,5800.0,5915000.0,,
674215AJ7,Not New,OASIS PETROLEUM INC,11119.0,8265000.0,20798.0,16000000.0,9679.0,7735000.0
826917106,Not New,SIGA TECHNOLOGIES INC,4155.0,602886.0,446.0,75000.0,-3709.0,-527886.0
69327RAD3,Sold Out,PDC ENERGY INC,13471.0,12835000.0,,,,
64157FAA1,Sold Out,NEVRO CORP,9818.0,9000000.0,,,,
71654V101,Not New,PETROLEO BRASIL-SP PREF ADR,85096.0,8135360.0,80630.0,9121028.0,-4466.0,985668.0
94733AAA2,Sold Out,WEB.COM GROUP INC,18180.0,18181000.0,,,,
092533AC2,Not New,BLACKROCK CAPITAL INVESTMENT CORP,6074.0,5950000.0,2208.0,2160000.0,-3866.0,-3790000.0
302301AB2,Not New,EZCORP INC,14258.0,14351000.0,11973.0,11785000.0,-2285.0,-2566000.0
427096AF9,Not New,HERCULES CAPITAL INC,20573.0,21177000.0,16255.0,16278000.0,-4318.0,-4899000.0
697435AB1,Sold Out,PALO ALTO NETWORKS INC,14586.0,7835000.0,,,,
393222AF1,Not New,GREEN PLAINS INC,10606.0,11058000.0,22637.0,22763000.0,12031.0,11705000.0
00484MAA4,Not New,ACORDA THERAPEUTICS INC,5094.0,6000000.0,14796.0,15230000.0,9702.0,9230000.0
30227M105,Not New,EXTRACTION OIL & GAS INC,1950.0,172787.0,2538.0,172787.0,588.0,0.0
64125CAD1,Not New,NEUROCRINE BIOSCIENCES INC,15184.0,8895000.0,17066.0,11805000.0,1882.0,2910000.0
29404KAA4,Not New,ENVESTNET INC,5626.0,5113000.0,10674.0,10113000.0,5048.0,5000000.0
36164V305,Not New,GCI LIBERTY INC,7650.0,150000.0,6762.0,150000.0,-888.0,0.0
38147UAB3,Not New,GOLDMAN SACHS BDC INC,17482.0,17259000.0,16823.0,16415000.0,-659.0,-844000.0
25746U836,New Holding,DOMINION ENERGY INC,,,4590.0,97000.0,,
87918AAB1,New Holding,TELADOC HEALTH INC,,,7826.0,3825000.0,,
09257WAB6,Not New,BLACKSTONE MORTGAGE TRUST INC,43017.0,42910000.0,33382.0,33879000.0,-9635.0,-9031000.0
78454LAM2,New Holding,SM ENERGY CO,,,10445.0,9500000.0,,
531229888,Not New,LIBERTY MEDIA CORP-LIBERTY BRAVES,15535.0,570102.0,14743.0,570102.0,-792.0,0.0
91912E105,Not New,VALE SA-SP ADR,49012.0,3302681.0,31819.0,2481959.0,-17193.0,-820722.0
232806AM1,Sold Out,CYPRESS SEMICONDUCTOR CORP,9238.0,6955000.0,,,,
81762PAC6,New Holding,SERVICENOW INC,,,21817.0,14585000.0,,
40416EAD5,Not New,HCI GROUP INC,3801.0,3810000.0,5486.0,5585000.0,1685.0,1775000.0
73640QAB1,Not New,PRA GROUP INC,24857.0,25708000.0,24727.0,25654000.0,-130.0,-54000.0
86183Q100,Not New,STONEMOR PARTNERS LP,22971.0,4477857.0,27001.0,4477857.0,4030.0,0.0
00BZ3CNK8,Sold Out,TORM PLC,375192.0,47600172.0,,,,
88163VAE9,Not New,TEVA PHARMACEUTICAL FINANCE CO LLC,15756.0,16755000.0,16379.0,17577000.0,623.0,822000.0
G89479102,New Holding,TORM PLC,,,285808.0,47600172.0,,
595017AF1,Sold Out,MICROCHIP TECHNOLOGY INC,25355.0,21725000.0,,,,
741503AX4,Not New,BOOKING HOLDINGS INC,36719.0,30884000.0,34687.0,28974000.0,-2032.0,-1910000.0
59804T407,Not New,MIDSTATES PETROLEUM CO INC,1696.0,190307.0,2590.0,190307.0,894.0,0.0
62952QAB6,New Holding,NXP SEMICONDUCTORS NV,,,6263.0,6000000.0,,
826919AB8,Sold Out,SILICON LABORATORIES INC,25459.0,20794000.0,,,,
00773VAB2,Sold Out,AEGEAN MARINE PETROLEUM NETWORK INC,5292.0,15121000.0,,,,
69331C108,Not New,PG&E CORP,55903.0,1215000.0,21280.0,500000.0,-34623.0,-715000.0
74736A301,New Holding,QTS REALTY TRUST INC,,,15630.0,148000.0,,
69366JAB7,Not New,PTC THERAPEUTICS INC,9454.0,8200000.0,3429.0,3445000.0,-6025.0,-4755000.0
443573AB6,Not New,HUBSPOT INC,8000.0,4860000.0,12211.0,8533000.0,4211.0,3673000.0
57682V205,Not New,MATLIN AND PARTNERS ACQUISITION CORP,16140.0,1500000.0,15750.0,1500000.0,-390.0,0.0
65366HAB9,Sold Out,NICE SYSTEMS INC,14982.0,11264000.0,,,,
02005N100,Not New,ALLY FINANCIAL INC,230443.0,8712400.0,228875.0,8712400.0,-1568.0,0.0
75606NAB5,Not New,REALPAGE INC,13241.0,8080000.0,13240.0,9310000.0,-1.0,1230000.0
743424AD5,Sold Out,PROOFPOINT INC,7519.0,5109000.0,,,,
88160RAC5,Sold Out,TESLA INC,35009.0,31000000.0,,,,
94419LAA9,Sold Out,WAYFAIR INC,18715.0,14500000.0,,,,
92343XAA8,Not New,VERINT SYSTEMS INC,22677.0,21911000.0,5920.0,6000000.0,-16757.0,-15911000.0
16411RAG4,Not New,CHENIERE ENERGY INC,11432.0,14163000.0,19017.0,23871000.0,7585.0,9708000.0
22943FAF7,Not New,CTRIP.COM INTERNATIONAL LTD,29804.0,30380000.0,40710.0,38610000.0,10906.0,8230000.0
761299AB2,New Holding,RETROPHIN INC,,,12352.0,12000000.0,,
838518116,New Holding,SOUTH JERSEY INDUSTRIES INC,,,16800.0,300000.0,,
00182CAA1,Sold Out,ANI PHARMACEUTICALS INC,7767.0,6857000.0,,,,
552848103,Not New,MGIC INVESTMENT CORP,21828.0,1640000.0,17581.0,1640000.0,-4247.0,0.0
85571BAB1,Not New,STARWOOD PROPERTY TRUST INC,6383.0,5750000.0,15653.0,14000000.0,9270.0,8250000.0
151290BT9,New Holding,CEMEX SAB DE CV,,,7447.0,7370000.0,,
N6596X109,New Holding,NXP SEMICONDUCTORS NV,,,14193.0,166000.0,,
G66964118,Sold Out,OCEAN RIG UDW INC,32428.0,1100000.0,,,,
40171VAA8,Not New,GUIDEWIRE SOFTWARE INC,22173.0,20655000.0,23466.0,23000000.0,1293.0,2345000.0
22943F100,Not New,CTRIP.COM INTERNATIONAL-ADR,22048.0,593153.0,25473.0,534800.0,3425.0,-58353.0
22822V309,New Holding,CROWN CASTLE INTERNATIONAL CORP,,,34752.0,32000.0,,
38741LAB3,Not New,GRANITE POINT MORTGAGE TRUST INC,7148.0,6895000.0,8180.0,8025000.0,1032.0,1130000.0
87238QAB9,Not New,BLACKROCK TCP CAPITAL CORP,11025.0,10891000.0,9926.0,9768000.0,-1099.0,-1123000.0
816851406,Not New,SEMPRA ENERGY,15363.0,152340.0,23222.0,225000.0,7859.0,72660.0
38046YAB7,Not New,GOLAR LNG LTD,50145.0,47838000.0,48313.0,44083000.0,-1832.0,-3755000.0
B38564108,Not New,EURONAV NV,79891.0,9182915.0,87389.0,9498769.0,7498.0,315854.0
948596101,New Holding,WEIBO CORP-SPON ADR,,,29735.0,406600.0,,
19625XAB8,Not New,INVITATION HOMES (IH MERGER SUB LLC),20494.0,18561000.0,6747.0,6031000.0,-13747.0,-12530000.0
8676EP108,Not New,SUNOPTA INC,59481.0,8092699.0,67979.0,8092699.0,8498.0,0.0
69329YAG9,Not New,PDL BIOPHARMA INC,4657.0,4695000.0,4670.0,5060000.0,13.0,365000.0
165167CY1,Not New,CHESAPEAKE ENERGY CORP,14650.0,14795000.0,21394.0,21000000.0,6744.0,6205000.0
465562106,Not New,ITAU UNIBANCO H-SPON PRF ADR,82756.0,7536959.0,94768.0,9129853.0,12012.0,1592894.0
854502887,New Holding,STANLEY BLACK & DECKER INC,,,13153.0,120000.0,,
697660207,New Holding,PAMPA ENERGIA SA,,,7452.0,240000.0,,
42809H404,Not New,HESS CORP,26761.0,336700.0,17543.0,232800.0,-9218.0,-103900.0
55024UAB5,New Holding,LUMENTUM HOLDINGS INC,,,19233.0,16000000.0,,
014339AA3,Not New,ALDER BIOPHARMACEUTICALS INC,9143.0,8525000.0,8331.0,8000000.0,-812.0,-525000.0
893870204,New Holding,TRANSPORTADORA DE GAS DEL SUR SA,,,4647.0,320000.0,,
G81075AF3,Not New,SHIP FINANCE INTERNATIONAL LTD,10298.0,10265000.0,13839.0,13420000.0,3541.0,3155000.0
27875TAA9,Not New,ECHO GLOBAL LOGISTICS INC,11382.0,10900000.0,4499.0,4330000.0,-6883.0,-6570000.0
29276K101,Not New,ENERGY XXI GULF COAST INC,32692.0,3910545.0,34570.0,3910545.0,1878.0,0.0
