CUSIP,status,NAME OF ISSUER,(x$1000)_old,PRN AMT_old,(x$1000),PRN AMT,(x$1000)_change,PRN AMT_change
369300AL2,Sold Out,GENERAL CABLE CORP,17251.0,16285000.0,,,,
925652109,New Holding,VICI PROPERTIES INC,,,124231.0,6781234.0,,
635309107,Not New,NATIONAL CINEMEDIA INC,14638.0,2820255.0,24867.0,3625000.0,10229.0,804745.0
78462F103,Not New,SPDR S&P500 ETF TRUST,62498.0,237500.0,44260.0,1000000.0,-18238.0,762500.0
03027X407,Sold Out,AMERICAN TOWER CORP,24797.0,197196.0,,,,
75508B104,Not New,RAYONIER ADVANCED MATERIALS INC,22544.0,1050000.0,31850.0,1557493.0,9306.0,507493.0
472145AB7,Not New,JAZZ INVESTMENTS I LTD,16291.0,15534000.0,5807.0,5775000.0,-10484.0,-9759000.0
65339F820,Not New,NEXTERA ENERGY INC,19629.0,340415.0,30556.0,543715.0,10927.0,203300.0
80007P869,Not New,SANDRIDGE ENERGY INC,1959.0,135000.0,2844.0,135000.0,885.0,0.0
23335SAB2,Not New,DHT HOLDINGS INC,8419.0,8686000.0,5779.0,5901000.0,-2640.0,-2785000.0
Y8162K204,Not New,STAR BULK CARRIERS CORP,378899.0,32579506.0,366845.0,32579506.0,-12054.0,0.0
98954MAB7,Not New,ZILLOW GROUP INC,25960.0,21390000.0,13271.0,12120000.0,-12689.0,-9270000.0
647551AB6,Not New,NEW MOUNTAIN FINANCE CORP,9505.0,9220000.0,11328.0,11005000.0,1823.0,1785000.0
83416TAC4,Not New,SOLARCITY CORP,6563.0,7174000.0,12703.0,13650000.0,6140.0,6476000.0
88338TAB0,Not New,INNOVIVA INC,23355.0,21717000.0,21812.0,21950000.0,-1543.0,233000.0
097793400,New Holding,BONANZA CREEK ENERGY INC,,,6642.0,239724.0,,
76120WAA2,Not New,RESOURCE CAPITAL CORP,37175.0,36558000.0,35495.0,34928000.0,-1680.0,-1630000.0
16115QAC4,Not New,CHART INDUSTRIES INC,4223.0,4139000.0,566.0,565000.0,-3657.0,-3574000.0
40416EAB9,Not New,HCI GROUP INC,8071.0,8050000.0,7633.0,7750000.0,-438.0,-300000.0
903914208,Not New,ULTRA PETROLEUM CORP,2954.0,708459.0,7140.0,788166.0,4186.0,79707.0
267475AB7,Not New,DYCOM INDUSTRIES INC,17436.0,13721000.0,40860.0,31221000.0,23424.0,17500000.0
595112AY9,Not New,MICRON TECHNOLOGY INC,17139.0,9552000.0,20807.0,14381000.0,3668.0,4829000.0
205768AN4,Not New,COMSTOCK RESOURCES INC,36893.0,39279264.0,36529.0,39279264.0,-364.0,0.0
04010LAM5,Not New,ARES CAPITAL CORP,5933.0,5839000.0,8687.0,8476000.0,2754.0,2637000.0
Y11082107,Not New,CAPITAL PRODUCT PARTNERS LP,2556.0,819228.0,2752.0,819228.0,196.0,0.0
05501U106,Not New,AZUL SA-ADR,37171.0,1069674.0,27841.0,1168341.0,-9330.0,98667.0
456788108,Not New,INFOSYS LTD-SP ADR,63309.0,3546753.0,46496.0,2866600.0,-16813.0,-680153.0
70932AAB9,Not New,PENNYMAC CORP,24793.0,24699000.0,28426.0,28732000.0,3633.0,4033000.0
74973WAB3,Sold Out,RTI INTERNATIONAL METALS INC,23876.0,20830000.0,,,,
31787AAM3,New Holding,FINISAR CORP,,,12470.0,12660000.0,,
584688AG0,New Holding,MEDICINES CO/THE,,,15089.0,15635000.0,,
67402D104,Not New,OAKTREE STRATEGIC INCOME CORP,3093.0,392000.0,484.0,57600.0,-2609.0,-334400.0
452327AF6,Not New,ILLUMINA INC,41919.0,37720000.0,53638.0,49210000.0,11719.0,11490000.0
318672706,Sold Out,FIRST BANCORP/PUERTO RICO,47607.0,9334725.0,,,,
84860WAA0,Not New,SPIRIT REALTY CAPITAL INC,20130.0,20192000.0,10276.0,10238000.0,-9854.0,-9954000.0
21925YAB9,New Holding,CORNERSTONE ONDEMAND INC,,,26356.0,26350000.0,,
42330PAH0,Not New,HELIX ENERGY SOLUTIONS GROUP INC,13880.0,14625000.0,10811.0,10825000.0,-3069.0,-3800000.0
09238EAB0,Sold Out,BLACKHAWK NETWORK HOLDINGS INC,5868.0,5750000.0,,,,
136635AE9,Not New,CANADIAN SOLAR INC,12577.0,12705000.0,12442.0,12705000.0,-135.0,0.0
31816QAB7,Not New,FIREEYE INC,20923.0,21946000.0,4031.0,4295000.0,-16892.0,-17651000.0
45845PAA6,Not New,INTERCEPT PHARMACEUTICALS INC,29477.0,36560000.0,22732.0,28415000.0,-6745.0,-8145000.0
947075AH0,Not New,WEATHERFORD INTERNATIONAL LTD,35507.0,39500000.0,26613.0,24500000.0,-8894.0,-15000000.0
060505682,Not New,BANK OF AMERICA CORP,5932.0,4600.0,13585.0,10300.0,7653.0,5700.0
038923AB4,Not New,ARBOR REALTY TRUST INC,10302.0,10125000.0,11673.0,11480000.0,1371.0,1355000.0
65339F846,Not New,NEXTERA ENERGY INC,8641.0,118500.0,12628.0,181500.0,3987.0,63000.0
90184LAB8,Not New,TWITTER INC,24724.0,25645000.0,25881.0,27030000.0,1157.0,1385000.0
98474TAB3,Not New,YANDEX NV,16559.0,16277000.0,13996.0,14138000.0,-2563.0,-2139000.0
01988PAD0,Not New,ALLSCRIPTS HEALTHCARE SOLUTIONS INC,16145.0,16033000.0,37809.0,35233000.0,21664.0,19200000.0
922417AD2,New Holding,VEECO INSTRUMENTS INC,,,8649.0,9475000.0,,
46612JAF8,Not New,VIAVI SOLUTIONS INC,11295.0,11000000.0,6355.0,6155000.0,-4940.0,-4845000.0
458660AD9,Not New,INTERDIGITAL INC/PA,5949.0,5120000.0,3585.0,3000000.0,-2364.0,-2120000.0
177376AD2,Not New,CITRIX SYSTEMS INC,41735.0,31643000.0,60431.0,46643000.0,18696.0,15000000.0
670704AG0,Sold Out,NUVASIVE INC,24138.0,20500000.0,,,,
82823LAC0,Not New,SSR MINING INC,25108.0,25252000.0,25952.0,26482000.0,844.0,1230000.0
41068XAB6,Sold Out,HANNON ARMSTRONG SUSTAINABLE INFRASTRUCTURE CAPITAL INC,17783.0,17245000.0,,,,
464337AJ3,Not New,IONIS PHARMACEUTICALS INC,4294.0,4335000.0,32129.0,30365000.0,27835.0,26030000.0
87157BAA1,New Holding,SYNCHRONOSS TECHNOLOGIES INC,,,4548.0,4800000.0,,
10552T107,Not New,BRF SA-ADR,24893.0,3597257.0,44790.0,3977774.0,19897.0,380517.0
075887208,Not New,BECTON DICKINSON AND CO,34282.0,586720.0,47432.0,819220.0,13150.0,232500.0
09061GAE1,Not New,BIOMARIN PHARMACEUTICAL INC,5069.0,4945000.0,9549.0,8786000.0,4480.0,3841000.0
76120WAC8,Not New,RESOURCE CAPITAL CORP,46550.0,47995000.0,55272.0,58335000.0,8722.0,10340000.0
892231101,Not New,TOWNSQUARE MEDIA INC,12649.0,1595224.0,12251.0,1595224.0,-398.0,0.0
670002AB0,New Holding,NOVAVAX INC,,,9520.0,13370000.0,,
112463AA2,Not New,BROOKDALE SENIOR LIVING INC,22212.0,22184000.0,20734.0,20722000.0,-1478.0,-1462000.0
90187BAA9,Not New,TWO HARBORS INVESTMENT CORP,9056.0,8650000.0,17542.0,16520000.0,8486.0,7870000.0
55608BAA3,New Holding,MACQUARIE INFRASTRUCTURE CORP,,,3474.0,3495000.0,,
09061GAF8,Sold Out,BIOMARIN PHARMACEUTICAL INC,30822.0,25915000.0,,,,
949746804,Not New,WELLS FARGO & CO,27319.0,21177.0,42020.0,32077.0,14701.0,10900.0
85571BAH8,Sold Out,STARWOOD PROPERTY TRUST INC,6030.0,5905000.0,,,,
393657AK7,New Holding,GREENBRIER COS INC/THE,,,24564.0,21407000.0,,
021346101,Not New,ALTABA INC,295213.0,3987215.0,74151.0,1061588.0,-221062.0,-2925627.0
036752202,Not New,ANTHEM INC,10740.0,200000.0,42836.0,764930.0,32096.0,564930.0
649604AD7,Not New,NEW YORK MORTGAGE TRUST INC,9086.0,8936000.0,17178.0,16780000.0,8092.0,7844000.0
538034AJ8,Sold Out,LIVE NATION ENTERTAINMENT INC,37898.0,29251000.0,,,,
44052TAB7,Not New,HORIZON PHARMA INVESTMENT LTD,34517.0,37487000.0,24396.0,26127000.0,-10121.0,-11360000.0
049164BJ4,Sold Out,ATLAS AIR WORLDWIDE HOLDINGS INC,2956.0,2500000.0,,,,
42809H404,New Holding,HESS CORP,,,10590.0,177800.0,,
98212B202,Not New,WPX ENERGY INC,13041.0,207700.0,14726.0,238100.0,1685.0,30400.0
87265KAB8,Not New,TPG SPECIALTY LENDING INC,12467.0,12163000.0,12565.0,12163000.0,98.0,0.0
42330PAJ6,New Holding,HELIX ENERGY SOLUTIONS GROUP INC,,,3039.0,3000000.0,,
249908AA2,Not New,DEPOMED INC,8357.0,10260000.0,4456.0,5255000.0,-3901.0,-5005000.0
01167PAE1,Not New,ALASKA COMMUNICATIONS SYSTEMS GROUP INC,1253.0,1227000.0,1254.0,1227000.0,1.0,0.0
867652AL3,Not New,SUNPOWER CORP,4419.0,5521000.0,12575.0,14697000.0,8156.0,9176000.0
36191JAB7,Not New,GSV CAPITAL CORP,4105.0,4040000.0,5003.0,4960000.0,898.0,920000.0
91822M106,Not New,VEON LTD,4432.0,1678900.0,6446.0,1678900.0,2014.0,0.0
03762UAB1,Not New,APOLLO COMMERCIAL REAL ESTATE FINANCE INC,29519.0,29492000.0,43626.0,42850000.0,14107.0,13358000.0
Y26889108,Not New,GENER8 MARITIME INC,73801.0,13062118.0,86471.0,13062118.0,12670.0,0.0
896047503,Not New,TRIBUNE MEDIA CO,282975.0,6985341.0,305146.0,7184998.0,22171.0,199657.0
447462AB8,Not New,HURON CONSULTING GROUP INC,24676.0,26112000.0,26348.0,28161000.0,1672.0,2049000.0
078314507,Not New,BELLATRIX EXPLORATION LTD,4072.0,3750000.0,6434.0,3750000.0,2362.0,0.0
48123VAC6,New Holding,J2 GLOBAL INC,,,9576.0,7500000.0,,
63934EAS7,Not New,NAVISTAR INTERNATIONAL CORP,9509.0,9220000.0,19530.0,17980000.0,10021.0,8760000.0
78464A888,Sold Out,SPDR S&P500 ETF TRUST,66715.0,250000.0,,,,
45104G104,Not New,ICICI BANK LTD-SPON ADR,79349.0,8966000.0,85666.0,8804316.0,6317.0,-161684.0
02917TAA2,Not New,VEREIT INC,24694.0,24663000.0,25391.0,25360000.0,697.0,697000.0
104647723,New Holding,QIAGEN NV,,,2360.0,2000000.0,,
42330PAG2,Sold Out,HELIX ENERGY SOLUTIONS GROUP INC,14130.0,14095000.0,,,,
30063PAA3,New Holding,EXACT SCIENCES CORP,,,3216.0,3600000.0,,
864909AB2,Sold Out,SUCAMPO PHARMACEUTICALS INC,7356.0,6045000.0,,,,
156504300,Not New,CENTURY COMMUNITIES INC,54479.0,1819003.0,56570.0,1819003.0,2091.0,0.0
95790DAA3,Not New,WESTERN ASSET MORTGAGE CAPITAL CORP,10916.0,10993000.0,11754.0,11873000.0,838.0,880000.0
966387AL6,Not New,WHITING PETROLEUM CORP,25299.0,26735000.0,12424.0,13432000.0,-12875.0,-13303000.0
Y2187A143,Not New,EAGLE BULK SHIPPING INC,3887.0,785363.0,3518.0,785363.0,-369.0,0.0
67020YAG5,Not New,NUANCE COMMUNICATIONS INC,22936.0,22395000.0,5692.0,5500000.0,-17244.0,-16895000.0
077347300,New Holding,BEL FUSE INC,,,2123.0,112327.0,,
151290889,Sold Out,CEMEX SA-SPONSORED ADR,29926.0,3990115.0,,,,
874039100,Not New,TAIWAN SEMICONDUCTOR-SP ADR,127142.0,2905441.0,141407.0,3566356.0,14265.0,660915.0
749772AB5,Not New,REDWOOD TRUST INC,24627.0,24382000.0,20441.0,20189000.0,-4186.0,-4193000.0
63934EAQ1,Not New,NAVISTAR INTERNATIONAL CORP,11503.0,11330000.0,8196.0,7915000.0,-3307.0,-3415000.0
70338PAB6,Not New,PATTERN ENERGY GROUP INC,9824.0,9910000.0,24123.0,23665000.0,14299.0,13755000.0
750469AA6,New Holding,RADIUS HEALTH INC,,,5166.0,5115000.0,,
46429B598,Not New,ISHARES MSCI INDIA ETF,938.0,27500.0,920.0,25500.0,-18.0,-2000.0
81170YAB5,Not New,SEACOR HOLDINGS INC,29045.0,29906000.0,32152.0,33867000.0,3107.0,3961000.0
60786LAB3,Not New,STEEL CONNECT INC,3594.0,3700000.0,9008.0,9020000.0,5414.0,5320000.0
00163UAD8,Not New,AMAG PHARMACEUTICALS INC,5509.0,5335000.0,8632.0,10030000.0,3123.0,4695000.0
682189AK1,Not New,ON SEMICONDUCTOR CORP,28394.0,19825000.0,42313.0,33025000.0,13919.0,13200000.0
110394AF0,Not New,BRISTOW GROUP INC,5696.0,5144000.0,4975.0,4500000.0,-721.0,-644000.0
19624RAB2,Sold Out,COLONY NORTHSTAR INC,16617.0,16638000.0,,,,
40049J206,Sold Out,TELEVISA,28555.0,1529453.0,,,,
14161HAG3,New Holding,CARDTRONICS INC,,,14159.0,15163000.0,,
55933J203,Not New,MAGNACHIP SEMICONDUCTOR CORP,28800.0,3000000.0,29850.0,3000000.0,1050.0,0.0
90184LAD4,New Holding,TWITTER INC,,,4515.0,4815000.0,,
92763WAA1,New Holding,VIPSHOP HOLDINGS LTD,,,10580.0,9810000.0,,
185899AA9,New Holding,CLEVELAND-CLIFFS INC,,,4673.0,4320000.0,,
151290BR3,Sold Out,CEMEX SAB DE CV,17118.0,16500000.0,,,,
71654V408,Not New,PETROLEO BRASILEIRO-SPON ADR,3308.0,233980.0,2532.0,246161.0,-776.0,12181.0
880770AG7,Not New,TERADYNE INC,4463.0,2922000.0,9345.0,6538000.0,4882.0,3616000.0
458118AC0,Not New,INTEGRATED DEVICE TECHNOLOGY INC,23851.0,21125000.0,31000.0,27725000.0,7149.0,6600000.0
88830RAB7,Not New,TITAN MACHINERY INC,12858.0,12937000.0,13278.0,13337000.0,420.0,400000.0
698354AB3,New Holding,PANDORA MEDIA INC,,,32315.0,35292000.0,,
92189F676,Not New,VANECK VECTORS SEMICONDUCTOR ETF,20856.0,200000.0,19269.0,197000.0,-1587.0,-3000.0
126132109,Not New,CNOOC LTD-SPON ADR,33555.0,226924.0,31722.0,220967.0,-1833.0,-5957.0
126349AF6,Not New,CSG SYSTEMS INTERNATIONAL INC,22527.0,20406000.0,15842.0,14501000.0,-6685.0,-5905000.0
531229AE2,New Holding,LIBERTY MEDIA CORP,,,5228.0,5000000.0,,
629209305,Not New,NMI HOLDINGS INC,94037.0,5681992.0,96593.0,5681992.0,2556.0,0.0
82568PAB2,Sold Out,SHUTTERFLY INC,3095.0,3095000.0,,,,
049164BH8,Not New,ATLAS AIR WORLDWIDE HOLDINGS INC,1871.0,1635000.0,4924.0,4275000.0,3053.0,2640000.0
901109AD0,Sold Out,TUTOR PERINI CORP,11767.0,10625000.0,,,,
92240MBC1,Not New,VECTOR GROUP LTD,12753.0,11570000.0,13818.0,11945000.0,1065.0,375000.0
00971TAG6,Not New,AKAMAI TECHNOLOGIES INC,56030.0,54532000.0,61888.0,61389000.0,5858.0,6857000.0
63861C109,Not New,NATIONSTAR MORTGAGE HOLDINGS INC,32495.0,1809291.0,35328.0,1909645.0,2833.0,100354.0
63861C109,Not New,NATIONSTAR MORTGAGE HOLDINGS INC,32495.0,1809291.0,4625.0,250000.0,-27870.0,-1559291.0
63861C109,Not New,NATIONSTAR MORTGAGE HOLDINGS INC,4490.0,250000.0,35328.0,1909645.0,30838.0,1659645.0
63861C109,Not New,NATIONSTAR MORTGAGE HOLDINGS INC,4490.0,250000.0,4625.0,250000.0,135.0,0.0
292554AH5,Not New,ENCORE CAPITAL GROUP INC,12789.0,12751000.0,9938.0,10141000.0,-2851.0,-2610000.0
67401P108,Not New,OAKTREE SPECIALTY LENDING CORP,1162.0,276000.0,1350.0,276000.0,188.0,0.0
292554AF9,Not New,ENCORE CAPITAL GROUP INC,20490.0,17864000.0,16015.0,14396000.0,-4475.0,-3468000.0
223622AB7,Not New,COWEN INC,12918.0,13020000.0,13296.0,13020000.0,378.0,0.0
205768AM6,Not New,COMSTOCK RESOURCES INC,19354.0,20719978.0,19165.0,20719978.0,-189.0,0.0
521865204,New Holding,LEAR CORP,,,2841.0,15312.0,,
035128206,Not New,ANGLOGOLD ASHANTI-SPON ADR,32123.0,3384965.0,34343.0,3370322.0,2220.0,-14643.0
607409109,Not New,MOBILE TELESYSTEMS PJSC,3400.0,298500.0,3041.0,298500.0,-359.0,0.0
74838JAA9,Not New,QUIDEL CORP,5349.0,3083000.0,13002.0,8593000.0,7653.0,5510000.0
758932107,Not New,REGIS CORP,4870.0,321890.0,4944.0,321890.0,74.0,0.0
29359WAB1,Not New,ENSCO JERSEY FINANCE LTD,4289.0,5336000.0,5395.0,6045000.0,1106.0,709000.0
92840M102,Not New,VISTRA ENERGY CORP,1008980.0,48438812.0,921133.0,50280227.0,-87847.0,1841415.0
46333XAD0,Sold Out,IRONWOOD PHARMACEUTICALS INC,9660.0,8310000.0,,,,
346232AB7,Not New,FORESTAR GROUP INC,11688.0,11688000.0,10187.0,10018000.0,-1501.0,-1670000.0
286082AC6,Sold Out,ELECTRONICS FOR IMAGING INC,5473.0,5661000.0,,,,
84763AAB4,Sold Out,SPECTRUM PHARMACEUTICALS INC,744.0,400000.0,,,,
493723AA8,New Holding,KEYW HOLDING CORP/THE,,,9914.0,10143000.0,,
74348TAQ5,Not New,PROSPECT CAPITAL CORP,5165.0,5145000.0,6346.0,6299000.0,1181.0,1154000.0
22943FAM2,Sold Out,CTRIP.COM INTERNATIONAL LTD,21160.0,20670000.0,,,,
674215AJ7,Sold Out,OASIS PETROLEUM INC,17353.0,16105000.0,,,,
69327RAD3,Not New,PDC ENERGY INC,23009.0,23575000.0,6983.0,7140000.0,-16026.0,-16435000.0
64157FAA1,New Holding,NEVRO CORP,,,26368.0,22830000.0,,
71654V101,Not New,PETROLEO BRASIL-SP PREF ADR,89500.0,6889922.0,57801.0,5880090.0,-31699.0,-1009832.0
94733AAA2,New Holding,WEB.COM GROUP INC,,,4551.0,4574000.0,,
092533AC2,Not New,BLACKROCK CAPITAL INVESTMENT CORP,2228.0,2160000.0,9386.0,9015000.0,7158.0,6855000.0
302301AB2,Not New,EZCORP INC,15332.0,14515000.0,18302.0,17705000.0,2970.0,3190000.0
57164YAA5,Sold Out,MARRIOTT VACATIONS WORLDWIDE CORP,24254.0,21620000.0,,,,
427096AF9,New Holding,HERCULES CAPITAL INC,,,9423.0,9290000.0,,
697435AB1,Not New,PALO ALTO NETWORKS INC,14623.0,8835000.0,26799.0,19535000.0,12176.0,10700000.0
393222AF1,Not New,GREEN PLAINS INC,21069.0,22086000.0,4822.0,5100000.0,-16247.0,-16986000.0
00484MAA4,Not New,ACORDA THERAPEUTICS INC,11866.0,12985000.0,11743.0,13785000.0,-123.0,800000.0
30227M105,Not New,EXTRACTION OIL & GAS INC,2324.0,202787.0,2901.0,202787.0,577.0,0.0
26817R405,Not New,DYNEGY INC,18812.0,216950.0,19202.0,242400.0,390.0,25450.0
01609W102,Not New,ALIBABA GROUP HOLDING-SP ADR,92932.0,506330.0,84702.0,491227.0,-8230.0,-15103.0
29404KAA4,Not New,ENVESTNET INC,24340.0,22113000.0,17713.0,17032000.0,-6627.0,-5081000.0
48666KAS8,Not New,KB HOME,14893.0,13100000.0,31879.0,25945000.0,16986.0,12845000.0
232806AM1,Not New,CYPRESS SEMICONDUCTOR CORP,5526.0,3955000.0,34605.0,26316000.0,29079.0,22361000.0
36164V305,New Holding,GCI LIBERTY INC,,,7929.0,150000.0,,
38147UAB3,Not New,GOLDMAN SACHS BDC INC,4197.0,4135000.0,4811.0,4635000.0,614.0,500000.0
42703MAB9,Not New,HERBALIFE LTD,32130.0,26468000.0,30411.0,30185000.0,-1719.0,3717000.0
09257WAB6,Not New,BLACKSTONE MORTGAGE TRUST INC,23108.0,23410000.0,43394.0,42570000.0,20286.0,19160000.0
91912E105,Not New,VALE SA,43664.0,3432680.0,115102.0,9411396.0,71438.0,5978716.0
531229888,Not New,LIBERTY MEDIA CORP-LIBERTY BRAVES,13010.0,570102.0,13636.0,613717.0,626.0,43615.0
25746U836,Sold Out,DOMINION ENERGY INC,19723.0,381800.0,,,,
29278N103,Sold Out,ENERGY TRANSFER PARTNERS LP,4784.0,267000.0,,,,
78454LAM2,Sold Out,SM ENERGY CO,4136.0,4208000.0,,,,
73640QAB1,Not New,PRA GROUP INC,25391.0,26277000.0,22824.0,23776000.0,-2567.0,-2501000.0
531229AB8,Sold Out,LIBERTY MEDIA CORP,14878.0,12874000.0,,,,
86183Q100,Not New,STONEMOR PARTNERS LP,26980.0,4344634.0,24600.0,3750000.0,-2380.0,-594634.0
007800AB1,Sold Out,AEROJET ROCKETDYNE HOLDINGS INC,6764.0,4895000.0,,,,
811904AM3,Sold Out,SEACOR HOLDINGS INC,392.0,385000.0,,,,
69329YAF1,Sold Out,PDL BIOPHARMA INC,7296.0,7287000.0,,,,
88163VAE9,Not New,TEVA PHARMACEUTICAL FINANCE CO LLC,13944.0,15820000.0,12624.0,14305000.0,-1320.0,-1515000.0
595017AF1,New Holding,MICROCHIP TECHNOLOGY INC,,,34103.0,28725000.0,,
75972AAA1,Sold Out,RENEWABLE ENERGY GROUP INC,1051.0,1009000.0,,,,
741503AX4,Not New,BOOKING HOLDINGS INC,36484.0,29174000.0,12505.0,10671000.0,-23979.0,-18503000.0
928298108,Not New,VISHAY INTERTECHNOLOGY INC,8463.0,455000.0,9441.0,455000.0,978.0,0.0
59804T407,Not New,MIDSTATES PETROLEUM CO INC,2537.0,190316.0,3384.0,204107.0,847.0,13791.0
826919AB8,New Holding,SILICON LABORATORIES INC,,,31662.0,27294000.0,,
00773VAB2,New Holding,AEGEAN MARINE PETROLEUM NETWORK INC,,,14029.0,22621000.0,,
69366JAB7,Not New,PTC THERAPEUTICS INC,8757.0,9400000.0,7417.0,9510000.0,-1340.0,110000.0
65366HAB9,New Holding,NICE SYSTEMS INC,,,24256.0,19518000.0,,
57682V205,Not New,MATLIN AND PARTNERS ACQUISITION CORP,15420.0,1500000.0,15120.0,1500000.0,-300.0,0.0
743424AD5,Not New,PROOFPOINT INC,11877.0,8109000.0,11723.0,9332000.0,-154.0,1223000.0
02005N100,Not New,ALLY FINANCIAL INC,236543.0,8712400.0,284601.0,9760000.0,48058.0,1047600.0
53071M856,Sold Out,LIBERTY VENTURES,8136.0,150000.0,,,,
94419LAA9,Sold Out,WAYFAIR INC,7323.0,7000000.0,,,,
34385PAA6,New Holding,FLUIDIGM CORP,,,2599.0,3045000.0,,
92343XAA8,Sold Out,VERINT SYSTEMS INC,14829.0,15190000.0,,,,
31660B101,Not New,FIESTA RESTAURANT GROUP INC,24512.0,1325000.0,18050.0,950000.0,-6462.0,-375000.0
16411RAG4,Not New,CHENIERE ENERGY INC,9273.0,11871000.0,12300.0,17219000.0,3027.0,5348000.0
00182CAA1,Not New,ANI PHARMACEUTICALS INC,12987.0,11857000.0,14666.0,12719000.0,1679.0,862000.0
22943FAF7,New Holding,CTRIP.COM INTERNATIONAL LTD,,,40303.0,37350000.0,,
45784PAF8,Not New,INSULET CORP,2595.0,1671000.0,20678.0,15800000.0,18083.0,14129000.0
45256BAE1,Not New,IMPAX LABORATORIES INC,11149.0,11200000.0,15356.0,15750000.0,4207.0,4550000.0
04269XAB1,Not New,ARRAY BIOPHARMA INC,9149.0,6860000.0,9005.0,8000000.0,-144.0,1140000.0
552848103,Not New,MGIC INVESTMENT CORP,2600.0,200000.0,7055.0,500000.0,4455.0,300000.0
85571BAB1,New Holding,STARWOOD PROPERTY TRUST INC,,,27032.0,25000000.0,,
G66964118,Not New,OCEAN RIG UDW INC,27753.0,1100000.0,21284.0,794183.0,-6469.0,-305817.0
40171VAA8,New Holding,GUIDEWIRE SOFTWARE INC,,,22110.0,22500000.0,,
22943F100,Not New,CTRIP.COM INTERNATIONAL-ADR,31720.0,680393.0,28806.0,653202.0,-2914.0,-27191.0
22822V309,Not New,CROWN CASTLE INTERNATIONAL CORP,31871.0,28509.0,47576.0,42009.0,15705.0,13500.0
26817R108,Not New,DYNEGY INC,64111.0,4741904.0,99828.0,8424322.0,35717.0,3682418.0
38741LAB3,Not New,GRANITE POINT MORTGAGE TRUST INC,6846.0,6955000.0,18054.0,18100000.0,11208.0,11145000.0
87238QAB9,Not New,TCP CAPITAL CORP,7237.0,7000000.0,7705.0,7356000.0,468.0,356000.0
816851406,New Holding,SEMPRA ENERGY,,,5630.0,55000.0,,
38046YAB7,New Holding,GOLAR LNG LTD,,,49199.0,48033000.0,,
092533AB4,Sold Out,BLACKROCK CAPITAL INVESTMENT CORP,4049.0,4000000.0,,,,
19625XAB8,New Holding,INVITATION HOMES (IH MERGER SUB LLC),,,26881.0,24006000.0,,
8676EP108,Not New,SUNOPTA INC,57458.0,8092699.0,62718.0,8092699.0,5260.0,0.0
128126AB5,Not New,CALAMP CORP,16996.0,15865000.0,16181.0,15230000.0,-815.0,-635000.0
02319V103,Not New,AMBEV SA-ADR,41030.0,5643716.0,35582.0,5508041.0,-5448.0,-135675.0
69329YAG9,Not New,PDL BIOPHARMA INC,6008.0,5870000.0,4834.0,5000000.0,-1174.0,-870000.0
45772FAC1,Sold Out,INPHI CORP,5973.0,6000000.0,,,,
465562106,Not New,ITAU UNIBANCO H-SPON PRF ADR,125129.0,8021072.0,120052.0,9234691.0,-5077.0,1213619.0
854502887,Not New,STANLEY BLACK & DECKER INC,11570.0,100417.0,27706.0,225715.0,16136.0,125298.0
984332AF3,Not New,ALTABA INC,27189.0,19421000.0,43788.0,32421000.0,16599.0,13000000.0
55024UAB5,New Holding,LUMENTUM HOLDINGS INC,,,6350.0,5000000.0,,
92531L207,Not New,VERSO CORP,45980.0,2730388.0,47972.0,2730388.0,1992.0,0.0
G81075AF3,Not New,SHIP FINANCE INTERNATIONAL LTD,16350.0,16195000.0,21765.0,20295000.0,5415.0,4100000.0
27875TAA9,Not New,ECHO GLOBAL LOGISTICS INC,10149.0,9955000.0,12590.0,12135000.0,2441.0,2180000.0
29276K101,Not New,ENERGY XXI GULF COAST INC,15017.0,3910545.0,22446.0,3910545.0,7429.0,0.0
