CUSIP,status,NAME OF ISSUER,(x$1000)_old,PRN AMT_old,(x$1000),PRN AMT,(x$1000)_change,PRN AMT_change
369300AL2,New Holding,GENERAL CABLE CORP,,,4108.0,5817000.0,,
36268WAB6,New Holding,GAIN CAPITAL HOLDINGS INC,,,6418.0,6128000.0,,
74348TAL6,Not New,PROSPECT CAPITAL CORP,7037.0,7070000.0,4893.0,4750000.0,-2144.0,-2320000.0
92934F203,Sold Out,WSP HOLDINGS LTD-ADR,423.0,1408800.0,,,,
151290AV5,Not New,CEMEX SAB DE CV,9546.0,9235000.0,24481.0,20395000.0,14935.0,11160000.0
037612306,Not New,APOLLO GLOBAL MANAGEMENT - A,23580.0,1000000.0,23840.0,1000000.0,260.0,0.0
292475AF7,New Holding,EMULEX CORPORATION,,,4606.0,5065000.0,,
67020YAF7,Not New,NUANCE COMMUNICATIONS,16521.0,16602000.0,9417.0,9500000.0,-7104.0,-7102000.0
98235TAC1,Not New,WRIGHT MEDICAL GROUP INC,62511.0,51357000.0,71863.0,53237000.0,9352.0,1880000.0
01449JAA3,Not New,ALERE INC,27840.0,26613000.0,32653.0,30735000.0,4813.0,4122000.0
60855RAD2,New Holding,MOLINA HEALTHCARE INC,,,24880.0,22300000.0,,
81762PAB8,New Holding,SERVICENOW INC,,,818.0,718000.0,,
87305RAD1,Not New,TTM TECHNOLOGIES INC,29091.0,30246000.0,29955.0,30858000.0,864.0,612000.0
87936R106,Sold Out,TELEFONICA BRASIL-ADR,32016.0,1626810.0,,,,
436440AB7,Not New,HOLOGIC INC,29161.0,23184000.0,25352.0,21179000.0,-3809.0,-2005000.0
19075FAA4,New Holding,COBALT INTL ENERGY INC,,,2177.0,3500000.0,,
76120WAA2,Not New,RESOURCE CAPITAL CORP,8471.0,8689000.0,8643.0,8689000.0,172.0,0.0
16115QAC4,New Holding,CHART INDUSTRIES INC,,,23873.0,24856000.0,,
896082104,Not New,TRIBUNE PUBLISHING CO,107433.0,4691371.0,94672.0,4691371.0,-12761.0,0.0
94770VAF9,Not New,WEBMD HEALTH CORP,18342.0,18300000.0,22321.0,22200000.0,3979.0,3900000.0
758075AB1,New Holding,REDWOOD TRUST INC,,,6645.0,6737000.0,,
87305RAC3,Not New,TTM TECHNOLOGIES,11007.0,10999000.0,8397.0,8299000.0,-2610.0,-2700000.0
595112AY9,Not New,MICRON TECHNOLOGY INC,87295.0,65901000.0,114687.0,86790000.0,27392.0,20889000.0
58471AAB1,Not New,MEDIDATA SOLUTIONS INC,60266.0,54721000.0,61532.0,56488000.0,1266.0,1767000.0
Y11082107,Not New,CAPITAL PRODUCT PARTNERS LP,2200.0,275000.0,2745.0,275000.0,545.0,0.0
74973WAB3,Not New,RTI INTERNATIONAL METALS,44291.0,45593000.0,42123.0,43805000.0,-2168.0,-1788000.0
70932AAB9,Not New,PENNYMAC CORP,15820.0,16526000.0,17331.0,17480000.0,1511.0,954000.0
035710AB8,Not New,ANNALY CAPITAL MGMT,9251.0,9257000.0,7049.0,7000000.0,-2202.0,-2257000.0
45071RAB5,New Holding,IXIA,,,8716.0,8699000.0,,
318672706,Not New,FIRST BANCORP PUERTO RICO,245622.0,41843581.0,198757.0,41843581.0,-46865.0,0.0
84860WAA0,Not New,SPIRIT REALTY CAPITAL INC,12879.0,13260000.0,6358.0,6510000.0,-6521.0,-6750000.0
86881L106,Sold Out,SURGICAL CARE AFFILIATES INC,29379.0,1099090.0,,,,
21925YAB9,Sold Out,CORNERSTONE ONDEMAND INC,33416.0,33219000.0,,,,
69888T207,Not New,PAR PETROLEUM CORP,3102.0,190862.0,3216.0,190862.0,114.0,0.0
026874784,Not New,AMERICAN INTERNATIONAL GROUP,2470.0,44100.0,29392.0,544100.0,26922.0,500000.0
84860WAB8,New Holding,SPIRIT REALTY CAPITAL INC,,,573.0,590000.0,,
02076XAE2,Not New,ALPHA NATURAL RESOURCES,5733.0,11365000.0,8159.0,11365000.0,2426.0,0.0
060505682,Not New,BANK OF AMERICA CORP,5820.0,5000.0,16510.0,14400.0,10690.0,9400.0
01988PAD0,Not New,ALLSCRIPTS HEALTHCARE SOLUTIONS,65284.0,65735000.0,75022.0,73785000.0,9738.0,8050000.0
46612JAF8,New Holding,JDS UNIPHASE CORP,,,932.0,880000.0,,
Y2066G104,Not New,DIANA SHIPPING INC,3253.0,484800.0,4334.0,484800.0,1081.0,0.0
87157BAA1,New Holding,SYNCHRONOSS TECHNOLOGIES,,,31236.0,29420000.0,,
10552T107,Not New,BRF SA-ADR,53535.0,2292713.0,33984.0,1428500.0,-19551.0,-864213.0
591176102,New Holding,METALICO INC,,,1881.0,5534605.0,,
670851203,Sold Out,OI SA-ADR,6905.0,9863971.0,,,,
09061GAE1,Not New,BIOMARIN PHARMACEUTICAL,42718.0,36083000.0,37002.0,34510000.0,-5716.0,-1573000.0
892231101,Not New,TOWNSQUARE MEDIA INC - CL A,21057.0,1595224.0,19174.0,1595224.0,-1883.0,0.0
09061GAF8,Not New,BIOMARIN PHARMACEUTICAL,87691.0,71763000.0,73802.0,66800000.0,-13889.0,-4963000.0
836034AB4,New Holding,SOUFUN HOLDINGS LIMITED,,,9384.0,10650000.0,,
112463AA2,Not New,BROOKDALE SENIOR LIVING,83468.0,61227000.0,80017.0,61350000.0,-3451.0,123000.0
374297109,Not New,GETTY REALTY CORP,24225.0,1330319.0,24178.0,1422221.0,-47.0,91902.0
55608BAA3,Not New,MACQUARIE INFRASTRUCTURE,31334.0,27640000.0,30008.0,26835000.0,-1326.0,-805000.0
580037109,Sold Out,MCDERMOTT INTL INC,12817.0,2240599.0,,,,
949746804,Not New,WELLS FARGO & COMPANY,9909.0,8158.0,18938.0,15750.0,9029.0,7592.0
05541TAD3,Not New,BGC PARTNERS INC,14175.0,13145000.0,15080.0,14145000.0,905.0,1000000.0
22943FAD2,New Holding,CTRIP.COM INTERNATIONAL LTD,,,30528.0,31171000.0,,
249908AA2,Not New,DEPOMED INC,44673.0,41000000.0,42135.0,39540000.0,-2538.0,-1460000.0
74348TAK8,Sold Out,PROSPECT CAPITAL CORP,7294.0,7082000.0,,,,
05990K106,New Holding,BANC OF CALIFORNIA INC,,,37724.0,3288947.0,,
01167PAE1,New Holding,ALASKA COMMUNICATIONS SYSTEMS GROUP INC,,,5679.0,6055000.0,,
36191JAB7,New Holding,GSV CAPITAL CORP,,,8837.0,9649000.0,,
16945R104,New Holding,CHINA UNICOM HONG KONG-ADR,,,2982.0,221700.0,,
26884U307,Not New,EPR PROPERTIES,1942.0,61650.0,1898.0,62250.0,-44.0,600.0
681904AQ1,Not New,OMNICARE INC,99253.0,82624000.0,87402.0,79145000.0,-11851.0,-3479000.0
85571BAA3,New Holding,STARWOOD PROPERTY TRUST,,,277.0,260000.0,,
Y2187A127,New Holding,EAGLE BULK SHIPPING INC,,,209744.0,14297424.0,,
451055AE7,New Holding,ICONIX BRAND GROUP INC,,,878.0,739000.0,,
896047503,New Holding,TRIBUNE MEDIA CO - A,,,1121613.0,18765484.0,,
512807AJ7,Sold Out,LAM RESEARCH CORP,64317.0,50260000.0,,,,
440543AN6,Sold Out,HORNBECK OFFSHORE SERVICES,56713.0,57810000.0,,,,
165167CB1,Not New,CHESAPEAKE ENERGY CORP,9736.0,10700000.0,13357.0,14000000.0,3621.0,3300000.0
48123VAC6,Not New,J2 GLOBAL COMMUNICATIONS,60352.0,54309000.0,33372.0,33115000.0,-26980.0,-21194000.0
94770VAK8,New Holding,WEBMD HEALTH CORP,,,31061.0,30925000.0,,
N97284108,Not New,YANDEX NV,1176.0,65500.0,26714.0,961100.0,25538.0,895600.0
45104G104,Not New,ICICI BANK LTD-SPON ADR,46560.0,4031168.0,25120.0,511615.0,-21440.0,-3519553.0
02917TAA2,Not New,AMERICAN REALTY CAP PROP,11059.0,12000000.0,8487.0,8500000.0,-2572.0,-3500000.0
42330PAG2,Not New,HELIX ENERGY SOLUTIONS,9110.0,8197000.0,15449.0,13087000.0,6339.0,4890000.0
719405AH5,Not New,PHOTRONICS INC,26340.0,25007000.0,26121.0,24717000.0,-219.0,-290000.0
422368AA8,Not New,HEARTWARE INTERNATIONAL,22713.0,21162000.0,23394.0,21166000.0,681.0,4000.0
156504300,New Holding,CENTURY COMMUNITIES INC,,,17677.0,1022980.0,,
743424AB9,New Holding,PROOFPOINT INC,,,39189.0,28245000.0,,
458140AD2,Sold Out,INTEL CORP,43193.0,33690000.0,,,,
79466LAD6,Not New,SALESFORCE.COM INC,90967.0,79935000.0,94385.0,84705000.0,3418.0,4770000.0
09257WAA8,New Holding,BLACKSTONE MORTGAGE TR,,,635.0,598000.0,,
151290889,Not New,CEMEX SAB-SPONS ADR PART CER,44643.0,4381037.0,51360.0,3938637.0,6717.0,-442400.0
268648102,Sold Out,EMC CORP/MA,17849.0,610000.0,,,,
874039100,Not New,TAIWAN SEMICONDUCTOR-SP ADR,109389.0,4887784.0,89104.0,4415484.0,-20285.0,-472300.0
L0302D178,Not New,ARCELORMITTAL,6403.0,363100.0,8128.0,380000.0,1725.0,16900.0
45784PAD3,Not New,INSULET CORPORATION,39864.0,33213000.0,10108.0,9436000.0,-29756.0,-23777000.0
460951AC0,New Holding,INTEROIL CORP,,,7156.0,7150000.0,,
63934EAQ1,New Holding,NAVISTAR INTL CORP,,,628.0,663000.0,,
749227AB0,Not New,RAIT FINANCIAL TRUST,12437.0,13895000.0,13239.0,14095000.0,802.0,200000.0
82922RAD5,New Holding,SINA CORP,,,11526.0,12500000.0,,
876568502,Not New,TATA MOTORS LTD-SPON ADR,52075.0,1231661.0,56380.0,1289861.0,4305.0,58200.0
854502804,New Holding,STANLEY BLACK & DECKER INC,,,1338.0,11367.0,,
81170YAB5,New Holding,SEACOR HOLDINGS INC,,,35438.0,38546000.0,,
19624RAB2,New Holding,COLONY FINANCIAL INC,,,769.0,749000.0,,
88160RAB7,New Holding,TESLA MOTORS INC,,,991.0,1071000.0,,
817337AB4,Not New,SEQUENOM INC,1036.0,1000000.0,2672.0,2800000.0,1636.0,1800000.0
095229AB6,New Holding,BLUCORA INC,,,6375.0,6733000.0,,
40049J206,Not New,GRUPO TELEVISA SA-SPON ADR,39534.0,1160710.0,35283.0,1041410.0,-4251.0,-119300.0
19075FAB2,Not New,COBALT INTL ENERGY INC,52610.0,78500000.0,98468.0,109000000.0,45858.0,30500000.0
04013VAB4,Not New,ARES COMMERCIAL REAL ESTATE,11297.0,11025000.0,11321.0,11025000.0,24.0,0.0
29274UAB7,New Holding,ENERGY XXI LTD,,,992.0,3331000.0,,
14161HAG3,New Holding,CARDTRONICS INC,,,51990.0,52388000.0,,
575385109,Not New,MASONITE INTERNATIONAL CORP,149753.0,2436585.0,164289.0,2966585.0,14536.0,530000.0
84760CAA5,Not New,SPECTRANETICS CORP,59047.0,45797000.0,50846.0,45015000.0,-8201.0,-782000.0
N6596XAA7,New Holding,NXP SEMICONDUCTOR NV,,,94404.0,91900000.0,,
056752108,New Holding,BAIDU INC - SPON ADR,,,31558.0,138429.0,,
45337CAM4,New Holding,INCYTE CORP LTD,,,12546.0,8350000.0,,
71654V408,Not New,PETROLEO BRASILEIRO-SPON ADR,47807.0,6548845.0,89482.0,6305991.0,41675.0,-242854.0
88830RAB7,Not New,TITAN MACHINERY INC,6546.0,9034000.0,4958.0,6429000.0,-1588.0,-2605000.0
46123DAB2,New Holding,INVENSENSE INC,,,33548.0,33653000.0,,
19624RAA4,Not New,COLONY FINANCIAL INC,29801.0,27873000.0,29386.0,28138000.0,-415.0,265000.0
471109AL2,New Holding,JARDEN CORP,,,59173.0,44600000.0,,
675746309,Not New,OCWEN FINANCIAL CORP,3578.0,237000.0,6205.0,237000.0,2627.0,0.0
74340XAT8,New Holding,PROLOGIS LP,,,776.0,691000.0,,
629209305,Not New,NMI HOLDINGS INC-CLASS A,24552.0,2689080.0,5193.0,600300.0,-19359.0,-2088780.0
252603105,Not New,DIAMOND FOODS INC,124801.0,4420859.0,126480.0,4420859.0,1679.0,0.0
92240MBC1,Not New,VECTOR GROUP LTD,9078.0,8500000.0,11191.0,10000000.0,2113.0,1500000.0
741503AS5,Not New,PRICELINE GROUP INC/THE,83602.0,74025000.0,82987.0,73755000.0,-615.0,-270000.0
74586W205,Not New,PULSE ELECTRONICS CORP,27119.0,11999585.0,27119.0,11999585.0,0.0,0.0
879273209,Not New,TELECOM ARGENTINA SA-SP ADR,10060.0,519851.0,10553.0,519851.0,493.0,0.0
85571BAC9,New Holding,STARWOOD PROPERTY TRUST,,,13202.0,13000000.0,,
03762UAA3,Not New,APOLLO COMMERCIAL REAL ESTATE FIN REIT,16438.0,16505000.0,18433.0,18475000.0,1995.0,1970000.0
859737AB4,Sold Out,STERLITE INDUSTRIES LTD,13298.0,13335000.0,,,,
035128206,Not New,ANGLOGOLD ASHANTI-SPON ADR,16380.0,1882744.0,20637.0,1719744.0,4257.0,-163000.0
607409109,Not New,MOBILE TELESYSTEMS-SP ADR,240.0,33500.0,20277.0,1357248.0,20037.0,1323748.0
229678AH0,Not New,CUBIST PHARMACEUTICALS,1126.0,824000.0,19801.0,17731000.0,18675.0,16907000.0
747301109,Sold Out,QUAD GRAPHICS INC,864.0,44931.0,,,,
053494AG5,Not New,AV HOMES INC,10124.0,10147000.0,12333.0,11717000.0,2209.0,1570000.0
670851302,New Holding,OI SA-ADR,,,1161.0,346452.0,,
345550AP2,Not New,FOREST CITY ENTERPRISES,36865.0,32321000.0,40279.0,36356000.0,3414.0,4035000.0
86074QAL6,New Holding,STILLWATER MINING COMPANY,,,557.0,449000.0,,
055639AB4,Sold Out,BPZ RESOURCES INC,2590.0,2590000.0,,,,
451055AF4,Not New,ICONIX BRAND GROUP INC,9974.0,8395000.0,20953.0,16395000.0,10979.0,8000000.0
04010LAG8,Not New,ARES CAPITAL CORP,15882.0,15374000.0,2250.0,2146000.0,-13632.0,-13228000.0
11777QAB6,New Holding,B2GOLD CORP,,,5313.0,5960000.0,,
493723AA8,Not New,KEYW HOLDING CORP,27834.0,30345000.0,27307.0,27820000.0,-527.0,-2525000.0
229678AF4,Sold Out,CUBIST PHARMACEUTICALS,44832.0,41100000.0,,,,
861642AN6,Not New,STONE ENERGY CORP,65919.0,74956000.0,76872.0,72280000.0,10953.0,-2676000.0
862121100,New Holding,STORE CAPITAL CORP,,,1775232.0,82148645.0,,
96950F104,Not New,WILLIAMS PARTNERS LP,5251.0,117333.0,11520.0,217146.0,6269.0,99813.0
64110D104,Sold Out,NETAPP INC,21050.0,490000.0,,,,
71654V101,New Holding,PETROLEO BRASIL-SP PREF ADR,,,3488.0,460200.0,,
80004CAF8,New Holding,SANDISK CORP,,,48521.0,40328000.0,,
89628E104,Not New,TRINA SOLAR LTD-SPON ADR,34741.0,3751724.0,37968.0,3145624.0,3227.0,-606100.0
94733AAA2,New Holding,WEB.COM GROUP INC,,,4538.0,4938000.0,,
01449J204,Not New,ALERE INC,31730.0,100733.0,27040.0,83368.0,-4690.0,-17365.0
22822V200,New Holding,CROWN CASTLE INTL CORP,,,57768.0,563145.0,,
46269C409,Not New,IRIDIUM COMMUNICATIONS INC,28357.0,77500.0,26045.0,76720.0,-2312.0,-780.0
682189AH8,Not New,ON SEMICONDUCTOR CORP,97767.0,81834000.0,89497.0,79204000.0,-8270.0,-2630000.0
74348TAD4,Not New,PROSPECT CAPITAL CORP,11544.0,11421000.0,8725.0,8421000.0,-2819.0,-3000000.0
42210PAR3,Not New,HEADWATERS INC,10202.0,9646000.0,8335.0,7646000.0,-1867.0,-2000000.0
21075N204,Not New,CONTANGO OIL & GAS,37653.0,1287732.0,42804.0,1287732.0,5151.0,0.0
91912E204,Not New,VALE SA-SP PREF ADR,48778.0,6718672.0,54743.0,5637772.0,5965.0,-1080900.0
670851401,New Holding,OI SA-ADR,,,3146.0,986395.0,,
60855RAC4,Not New,MOLINA HEALTHCARE INC,22855.0,16457000.0,44815.0,37870000.0,21960.0,21413000.0
531229AB8,New Holding,LIBERTY MEDIA CORP,,,84025.0,84740000.0,,
880890108,New Holding,TERNIUM SA-SPONSORED ADR,,,2138.0,121200.0,,
64944P307,Not New,NY COMMUNITY CAP TRUST V,3088.0,61960.0,11455.0,227585.0,8367.0,165625.0
83415UAB4,Not New,HANWHA SOLARONE CO LTD,29040.0,29330000.0,29394.0,30476000.0,354.0,1146000.0
811904AM3,Not New,SEACOR HOLDINGS INC,59195.0,55420000.0,63256.0,58420000.0,4061.0,3000000.0
43713WAB3,Sold Out,HOME INNS HTL MNGMT INC,12235.0,12630000.0,,,,
165167BZ9,New Holding,CHESAPEAKE ENERGY CORP,,,5849.0,6000000.0,,
772739207,Not New,ROCK-TENN COMPANY -CL A,30663.0,502832.0,28017.0,588832.0,-2646.0,86000.0
02917TAB0,Not New,AMERICAN REALTY CAP PROP,49772.0,53945000.0,69750.0,69165000.0,19978.0,15220000.0
928298108,Not New,VISHAY INTERTECHNOLOGY INC,30776.0,2175000.0,39298.0,2750000.0,8522.0,575000.0
03761UAE6,Not New,APOLLO INVESTMENT CORP,5699.0,5525000.0,10976.0,10525000.0,5277.0,5000000.0
587200AK2,Not New,MENTOR GRAPHICS CORP,40293.0,33166000.0,38141.0,32106000.0,-2152.0,-1060000.0
228227500,Sold Out,CROWN CASTLE INTL CORP,76782.0,730000.0,,,,
N97284AA6,New Holding,YANDEX NV,,,8688.0,10500000.0,,
928645AB6,New Holding,VOLCANO CORP,,,7161.0,7189000.0,,
03232P504,Not New,AMSURG CORP,33438.0,295904.0,31139.0,292600.0,-2299.0,-3304.0
436440AG6,Not New,HOLOGIC INC,8420.0,7598000.0,14321.0,13098000.0,5901.0,5500000.0
584688AC9,Sold Out,MEDICINES COMPANY,8618.0,8085000.0,,,,
436440AC5,Not New,HOLOGIC INC,106238.0,95154000.0,84663.0,79702000.0,-21575.0,-15452000.0
018606301,Not New,ALLIANCE HEALTHCARE SERVICES,99839.0,4756491.0,107544.0,4756491.0,7705.0,0.0
670851104,Sold Out,OI SA-ADR,2563.0,3464543.0,,,,
02005N100,Not New,ALLY FINANCIAL INC,220340.0,9328530.0,191045.0,8256030.0,-29295.0,-1072500.0
00912XAK0,Not New,AIR LEASE CORP,21756.0,15841000.0,22139.0,16223000.0,383.0,382000.0
88160RAC5,Not New,TESLA MOTORS INC,61470.0,67870000.0,65749.0,69000000.0,4279.0,1130000.0
269279402,Not New,EXCO RESOURCES INC,98026.0,45173682.0,150880.0,45173682.0,52854.0,0.0
371559204,Not New,GENESEE & WYOMING INC,35780.0,308300.0,37070.0,301100.0,1290.0,-7200.0
92343XAA8,Not New,VERINT SYSTEMS INC,93358.0,84015000.0,74494.0,68130000.0,-18864.0,-15885000.0
670704AC9,Not New,NUVASIVE INC,105270.0,82053000.0,93588.0,83710000.0,-11682.0,1657000.0
552848103,Not New,MGIC INVESTMENT CORP,99773.0,10705200.0,100951.0,12925800.0,1178.0,2220600.0
38119TAE4,Not New,GOLDEN STAR RESOURCES,3061.0,8750000.0,5902.0,8750000.0,2841.0,0.0
47215P106,Not New,JD.COM INC-ADR,31506.0,1361550.0,29155.0,1129150.0,-2351.0,-232400.0
26817R108,Not New,DYNEGY INC,308044.0,10149712.0,228825.0,7928800.0,-79219.0,-2220912.0
Y8162K121,Not New,STAR BULK CARRIERS CORP,336098.0,51234231.0,564602.0,51234231.0,228504.0,0.0
93317WAA0,Not New,WALTER INVESTMENT MGMT,3786.0,5000000.0,6564.0,7846000.0,2778.0,2846000.0
64118QAB3,Not New,NETSUITE INC,25256.0,22457000.0,21584.0,20741000.0,-3672.0,-1716000.0
92719A106,Not New,VIMPELCOM LTD-SPON ADR,7010.0,1678900.0,10181.0,1410000.0,3171.0,-268900.0
31679BAC4,Not New,FIFTH STREET FINANCE,14313.0,13895000.0,13657.0,13115000.0,-656.0,-780000.0
055639AC2,Not New,BPZ RESOURCES INC,6681.0,20800000.0,30657.0,30550000.0,23976.0,9750000.0
26884U208,Not New,EPR PROPERTIES,2833.0,121071.0,6086.0,276321.0,3253.0,155250.0
382410AG3,Not New,GOODRICH PETROLEUM CORP,1858.0,3500000.0,19743.0,18757000.0,17885.0,15257000.0
67066GAC8,New Holding,NVIDIA CORP,,,112397.0,98363000.0,,
000361AM7,Sold Out,AAR CORP,2009.0,2000000.0,,,,
867652AG4,New Holding,SUNPOWER CORP,,,9785.0,8000000.0,,
465562106,Not New,ITAU UNIBANCO H-SPON PRF ADR,51869.0,3986869.0,25756.0,1855600.0,-26113.0,-2131269.0
893870204,Not New,TRANSPORTADORA DE GAS DEL SUR SA,1916.0,547476.0,1817.0,547476.0,-99.0,0.0
043632AA6,Not New,ASCENT CAPITAL GROUP INC,4531.0,5420000.0,8490.0,9390000.0,3959.0,3970000.0
629377508,Not New,NRG ENERGY INC,19215.0,713000.0,40386.0,1325000.0,21171.0,612000.0
