CUSIP,status,NAME OF ISSUER,(x$1000)_old,PRN AMT_old,(x$1000),PRN AMT,(x$1000)_change,PRN AMT_change
925652109,Not New,VICI PROPERTIES INC,80081.0,3879862.0,124231.0,6781234.0,44150.0,2901372.0
635309107,Not New,NATIONAL CINEMEDIA INC,10918.0,1300000.0,14638.0,2820255.0,3720.0,1520255.0
78462F103,Not New,SPDR S&P500 ETF TRUST,571451.0,2106500.0,62498.0,237500.0,-508953.0,-1869000.0
78462F103,Not New,SPDR S&P500 ETF TRUST,54256.0,200000.0,62498.0,237500.0,8242.0,37500.0
69354NAB2,New Holding,PRA GROUP INC,,,20221.0,18970000.0,,
75508B104,Not New,RAYONIER ADVANCED MATERIALS INC,17090.0,1000000.0,22544.0,1050000.0,5454.0,50000.0
472145AB7,Not New,JAZZ INVESTMENTS I LTD,13127.0,12034000.0,16291.0,15534000.0,3164.0,3500000.0
65339F820,Not New,NEXTERA ENERGY INC,22292.0,390415.0,19629.0,340415.0,-2663.0,-50000.0
893830BJ7,New Holding,TRANSOCEAN INC,,,26394.0,18500000.0,,
80007P869,Not New,SANDRIDGE ENERGY INC,2395.0,135000.0,1959.0,135000.0,-436.0,0.0
23335SAB2,Not New,DHT HOLDINGS INC,8413.0,8221000.0,8419.0,8686000.0,6.0,465000.0
Y8162K204,Not New,STAR BULK CARRIERS CORP,392973.0,30557767.0,378899.0,32579506.0,-14074.0,2021739.0
98954MAB7,Not New,ZILLOW GROUP INC,20843.0,16390000.0,25960.0,21390000.0,5117.0,5000000.0
531229AF9,New Holding,LIBERTY MEDIA CORP-LIBERTY FORMULA ONE,,,14651.0,12500000.0,,
647551AB6,Not New,NEW MOUNTAIN FINANCE CORP,13998.0,13739000.0,9505.0,9220000.0,-4493.0,-4519000.0
83416TAC4,Not New,SOLARCITY CORP,12524.0,13424000.0,6563.0,7174000.0,-5961.0,-6250000.0
88338TAB0,Not New,INNOVIVA INC,5081.0,5217000.0,23355.0,21717000.0,18274.0,16500000.0
097793400,Not New,BONANZA CREEK ENERGY INC,13574.0,358456.0,6642.0,239724.0,-6932.0,-118732.0
76120WAA2,Not New,EXANTAS CAPITAL CORP,38880.0,38093000.0,37175.0,36558000.0,-1705.0,-1535000.0
40416EAB9,Not New,HCI GROUP INC,11007.0,11038000.0,8071.0,8050000.0,-2936.0,-2988000.0
903914208,Not New,ULTRA PETROLEUM CORP,1637.0,708459.0,2954.0,708459.0,1317.0,0.0
758075AD7,New Holding,REDWOOD TRUST INC,,,9917.0,10000000.0,,
16115QAC4,Sold Out,CHART INDUSTRIES INC,4223.0,4139000.0,,,,
077347201,New Holding,BEL FUSE INC,,,436.0,20862.0,,
267475AB7,Not New,DYCOM INDUSTRIES INC,5764.0,4956000.0,17436.0,13721000.0,11672.0,8765000.0
595112AY9,Not New,MICRON TECHNOLOGY INC,9016.0,5000000.0,17139.0,9552000.0,8123.0,4552000.0
205768AN4,Not New,COMSTOCK RESOURCES INC,38834.0,39145029.0,36893.0,39279264.0,-1941.0,134235.0
04010LAM5,Not New,ARES CAPITAL CORP,24041.0,23841000.0,5933.0,5839000.0,-18108.0,-18002000.0
Y11082107,Not New,CAPITAL PRODUCT PARTNERS LP,2506.0,819228.0,2556.0,819228.0,50.0,0.0
05501U106,Not New,AZUL SA-ADR,28708.0,1754774.0,37171.0,1069674.0,8463.0,-685100.0
456788108,Not New,INFOSYS LTD-SP ADR,75250.0,3872844.0,63309.0,3546753.0,-11941.0,-326091.0
70932AAB9,Not New,PENNYMAC CORP,25332.0,25209000.0,24793.0,24699000.0,-539.0,-510000.0
98236JAB4,New Holding,WRIGHT MEDICAL GROUP NV,,,17368.0,13000000.0,,
31787AAM3,Not New,FINISAR CORP,9618.0,9705000.0,12470.0,12660000.0,2852.0,2955000.0
67402D104,Not New,OAKTREE STRATEGIC INCOME CORP,3332.0,392000.0,3093.0,392000.0,-239.0,0.0
584688AG0,Sold Out,MEDICINES CO/THE,15089.0,15635000.0,,,,
452327AF6,Not New,ILLUMINA INC,34462.0,29145000.0,41919.0,37720000.0,7457.0,8575000.0
84860WAA0,Not New,SPIRIT REALTY CAPITAL INC,26943.0,27038000.0,20130.0,20192000.0,-6813.0,-6846000.0
31787AAP6,New Holding,FINISAR CORP,,,4387.0,4821000.0,,
42330PAH0,Not New,HELIX ENERGY SOLUTIONS GROUP INC,8860.0,8467000.0,13880.0,14625000.0,5020.0,6158000.0
21925YAB9,Sold Out,CORNERSTONE ONDEMAND INC,26356.0,26350000.0,,,,
136635AE9,Not New,CANADIAN SOLAR INC,7111.0,7315000.0,12577.0,12705000.0,5466.0,5390000.0
45845PAA6,Not New,INTERCEPT PHARMACEUTICALS INC,30352.0,34470000.0,29477.0,36560000.0,-875.0,2090000.0
31816QAB7,Sold Out,FIREEYE INC,20923.0,21946000.0,,,,
947075AH0,Not New,WEATHERFORD INTERNATIONAL LTD,73152.0,74145000.0,35507.0,39500000.0,-37645.0,-34645000.0
060505682,Not New,BANK OF AMERICA CORP,10753.0,8600.0,5932.0,4600.0,-4821.0,-4000.0
038923AB4,Not New,ARBOR REALTY TRUST INC,1475.0,1327000.0,10302.0,10125000.0,8827.0,8798000.0
65339F846,Not New,NEXTERA ENERGY INC,14427.0,193500.0,8641.0,118500.0,-5786.0,-75000.0
90184LAB8,Not New,TWITTER INC,27090.0,27867000.0,24724.0,25645000.0,-2366.0,-2222000.0
98474TAB3,Not New,YANDEX NV,12102.0,12190000.0,16559.0,16277000.0,4457.0,4087000.0
665531109,New Holding,NORTHERN OIL AND GAS INC,,,18395.0,5839667.0,,
922417AD2,Not New,VEECO INSTRUMENTS INC,3062.0,3460000.0,8649.0,9475000.0,5587.0,6015000.0
92840M300,New Holding,VISTRA ENERGY CORP,,,20535.0,216950.0,,
01988PAD0,Sold Out,ALLSCRIPTS HEALTHCARE SOLUTIONS INC,16145.0,16033000.0,,,,
458660AD9,Not New,INTERDIGITAL INC/PA,23962.0,19500000.0,5949.0,5120000.0,-18013.0,-14380000.0
46612JAF8,Sold Out,VIAVI SOLUTIONS INC,11295.0,11000000.0,,,,
177376AD2,Not New,CITRIX SYSTEMS INC,30752.0,21143000.0,41735.0,31643000.0,10983.0,10500000.0
670704AG0,New Holding,NUVASIVE INC,,,18461.0,17000000.0,,
82823LAC0,Not New,SSR MINING INC,24789.0,25057000.0,25108.0,25252000.0,319.0,195000.0
464337AJ3,Sold Out,IONIS PHARMACEUTICALS INC,4294.0,4335000.0,,,,
87157BAA1,Sold Out,SYNCHRONOSS TECHNOLOGIES INC,4548.0,4800000.0,,,,
10552T107,Not New,BRF SA-ADR,20291.0,4335648.0,24893.0,3597257.0,4602.0,-738391.0
075887208,Not New,BECTON DICKINSON AND CO,47423.0,766720.0,34282.0,586720.0,-13141.0,-180000.0
09061GAE1,Not New,BIOMARIN PHARMACEUTICAL INC,10251.0,9650000.0,5069.0,4945000.0,-5182.0,-4705000.0
76120WAC8,Not New,EXANTAS CAPITAL CORP,48058.0,47995000.0,46550.0,47995000.0,-1508.0,0.0
09061GAF8,New Holding,BIOMARIN PHARMACEUTICAL INC,,,5947.0,5000000.0,,
670002AB0,Not New,NOVAVAX INC,4889.0,8155000.0,9520.0,13370000.0,4631.0,5215000.0
892231101,Not New,TOWNSQUARE MEDIA INC,10321.0,1595224.0,12649.0,1595224.0,2328.0,0.0
90187BAA9,Not New,TWO HARBORS INVESTMENT CORP,9083.0,8650000.0,9056.0,8650000.0,-27.0,0.0
55608BAA3,Not New,MACQUARIE INFRASTRUCTURE CORP,20198.0,20300000.0,3474.0,3495000.0,-16724.0,-16805000.0
112463AA2,Sold Out,BROOKDALE SENIOR LIVING INC,22212.0,22184000.0,,,,
949746804,Not New,WELLS FARGO & CO,8405.0,6677.0,27319.0,21177.0,18914.0,14500.0
393657AK7,Sold Out,GREENBRIER COS INC/THE,24564.0,21407000.0,,,,
021346101,Not New,ALTABA INC,263555.0,3599988.0,295213.0,3987215.0,31658.0,387227.0
649604AD7,Not New,NEW YORK MORTGAGE TRUST INC,11552.0,11617000.0,9086.0,8936000.0,-2466.0,-2681000.0
036752202,Sold Out,ANTHEM INC,10740.0,200000.0,,,,
44052TAB7,Not New,HORIZON PHARMA INVESTMENT LTD,44449.0,46262000.0,34517.0,37487000.0,-9932.0,-8775000.0
42809H404,Not New,HESS CORP,17543.0,232800.0,10590.0,177800.0,-6953.0,-55000.0
98212B202,Not New,WPX ENERGY INC,4528.0,60000.0,13041.0,207700.0,8513.0,147700.0
87265KAB8,Not New,TPG SPECIALTY LENDING INC,12298.0,12163000.0,12467.0,12163000.0,169.0,0.0
42330PAJ6,Sold Out,HELIX ENERGY SOLUTIONS GROUP INC,3039.0,3000000.0,,,,
249908AA2,Not New,DEPOMED INC,15610.0,19020000.0,8357.0,10260000.0,-7253.0,-8760000.0
01167PAE1,Sold Out,ALASKA COMMUNICATIONS SYSTEMS GROUP INC,1253.0,1227000.0,,,,
867652AL3,Not New,SUNPOWER CORP,4162.0,5003000.0,4419.0,5521000.0,257.0,518000.0
36191JAB7,Not New,GSV CAPITAL CORP,4105.0,4040000.0,4105.0,4040000.0,0.0,0.0
91822M106,Not New,VEON LTD,3996.0,1678900.0,4432.0,1678900.0,436.0,0.0
03762UAB1,Not New,APOLLO COMMERCIAL REAL ESTATE FINANCE INC,30716.0,30952000.0,29519.0,29492000.0,-1197.0,-1460000.0
Y26889108,Sold Out,GENER8 MARITIME INC,73801.0,13062118.0,,,,
87157DAD1,New Holding,SYNAPTICS INC,,,5987.0,6030000.0,,
896047503,Not New,TRIBUNE MEDIA CO,290602.0,7593441.0,282975.0,6985341.0,-7627.0,-608100.0
447462AB8,Not New,HURON CONSULTING GROUP INC,21970.0,23284000.0,24676.0,26112000.0,2706.0,2828000.0
078314507,Not New,BELLATRIX EXPLORATION LTD,3763.0,3750000.0,4072.0,3750000.0,309.0,0.0
48123VAC6,Not New,J2 GLOBAL INC,23058.0,17000000.0,9576.0,7500000.0,-13482.0,-9500000.0
483548AF0,New Holding,KAMAN CORP,,,14533.0,12000000.0,,
63934EAS7,Not New,NAVISTAR INTERNATIONAL CORP,5233.0,5065000.0,9509.0,9220000.0,4276.0,4155000.0
45104G104,Not New,ICICI BANK LTD-SPON ADR,78225.0,9741512.0,79349.0,8966000.0,1124.0,-775512.0
02917TAA2,Not New,VEREIT INC,24977.0,24943000.0,24694.0,24663000.0,-283.0,-280000.0
104647723,Not New,QIAGEN NV,8995.0,7000000.0,2360.0,2000000.0,-6635.0,-5000000.0
141337AB1,New Holding,CARBONITE INC,,,4442.0,2985000.0,,
30063PAA3,Not New,EXACT SCIENCES CORP,22487.0,21330000.0,3216.0,3600000.0,-19271.0,-17730000.0
156504300,Not New,CENTURY COMMUNITIES INC,57390.0,1819003.0,54479.0,1819003.0,-2911.0,0.0
95790DAA3,Not New,WESTERN ASSET MORTGAGE CAPITAL CORP,11795.0,11658000.0,10916.0,10993000.0,-879.0,-665000.0
966387AL6,Not New,WHITING PETROLEUM CORP,25848.0,27010000.0,25299.0,26735000.0,-549.0,-275000.0
Y2187A143,Not New,EAGLE BULK SHIPPING INC,4272.0,785363.0,3887.0,785363.0,-385.0,0.0
67020YAG5,Sold Out,NUANCE COMMUNICATIONS INC,22936.0,22395000.0,,,,
92531L207,Not New,VERSO CORP,51483.0,2365914.0,45980.0,2730388.0,-5503.0,364474.0
077347300,Not New,BEL FUSE INC,3658.0,175060.0,2123.0,112327.0,-1535.0,-62733.0
151290889,New Holding,CEMEX SAB-SPONS ADR PART CER,,,14230.0,2169140.0,,
09061GAH4,New Holding,BIOMARIN PHARMACEUTICAL INC,,,30887.0,30500000.0,,
874039100,Not New,TAIWAN SEMICONDUCTOR-SP ADR,117025.0,3200886.0,127142.0,2905441.0,10117.0,-295445.0
749772AB5,Not New,REDWOOD TRUST INC,23648.0,23289000.0,24627.0,24382000.0,979.0,1093000.0
63934EAQ1,Not New,NAVISTAR INTERNATIONAL CORP,14438.0,14337000.0,11503.0,11330000.0,-2935.0,-3007000.0
70338PAB6,Not New,PATTERN ENERGY GROUP INC,23475.0,23475000.0,9824.0,9910000.0,-13651.0,-13565000.0
750469AA6,Sold Out,RADIUS HEALTH INC,5166.0,5115000.0,,,,
46429B598,Not New,ISHARES MSCI INDIA ETF,1085.0,32600.0,938.0,27500.0,-147.0,-5100.0
81170YAB5,Not New,SEACOR HOLDINGS INC,23318.0,23755000.0,29045.0,29906000.0,5727.0,6151000.0
60786LAB3,Not New,STEEL CONNECT INC,3660.0,3700000.0,3594.0,3700000.0,-66.0,0.0
682189AK1,Not New,ON SEMICONDUCTOR CORP,22178.0,16825000.0,28394.0,19825000.0,6216.0,3000000.0
00163UAD8,Sold Out,AMAG PHARMACEUTICALS INC,5509.0,5335000.0,,,,
110394AF0,Not New,BRISTOW GROUP INC,6466.0,5644000.0,5696.0,5144000.0,-770.0,-500000.0
19624RAB2,New Holding,COLONY CAPITAL INC,,,19916.0,20855000.0,,
14161HAG3,Not New,CARDTRONICS INC,20589.0,22092000.0,14159.0,15163000.0,-6430.0,-6929000.0
55933J203,Not New,MAGNACHIP SEMICONDUCTOR CORP,33312.0,3250000.0,28800.0,3000000.0,-4512.0,-250000.0
90184LAD4,Sold Out,TWITTER INC,4515.0,4815000.0,,,,
92763WAA1,Sold Out,VIPSHOP HOLDINGS LTD,10580.0,9810000.0,,,,
185899AA9,Not New,CLEVELAND-CLIFFS INC,5317.0,4320000.0,4673.0,4320000.0,-644.0,0.0
33938JAB2,New Holding,FLEXION THERAPEUTICS INC,,,8377.0,6845000.0,,
811904AN1,New Holding,SEACOR HOLDINGS INC,,,9896.0,9664000.0,,
88830RAB7,Not New,TITAN MACHINERY INC,7728.0,7791000.0,12858.0,12937000.0,5130.0,5146000.0
71654V408,Sold Out,PETROLEO BRASILEIRO-SPON ADR,3308.0,233980.0,,,,
458118AC0,Not New,INTEGRATED DEVICE TECHNOLOGY INC,12706.0,11125000.0,23851.0,21125000.0,11145.0,10000000.0
880770AG7,Sold Out,TERADYNE INC,4463.0,2922000.0,,,,
698354AB3,Not New,PANDORA MEDIA INC,27778.0,28878000.0,32315.0,35292000.0,4537.0,6414000.0
92189F676,Not New,VANECK VECTORS SEMICONDUCTOR ETF,71869.0,700000.0,20856.0,200000.0,-51013.0,-500000.0
126132109,Not New,CNOOC LTD-SPON ADR,45077.0,263239.0,33555.0,226924.0,-11522.0,-36315.0
126349AF6,Sold Out,CSG SYSTEMS INTERNATIONAL INC,22527.0,20406000.0,,,,
531229AE2,Sold Out,LIBERTY MEDIA CORP,5228.0,5000000.0,,,,
452327AH2,New Holding,ILLUMINA INC,,,13879.0,10500000.0,,
629209305,Not New,NMI HOLDINGS INC,92616.0,5681992.0,94037.0,5681992.0,1421.0,0.0
049164BH8,Not New,ATLAS AIR WORLDWIDE HOLDINGS INC,10644.0,8635000.0,1871.0,1635000.0,-8773.0,-7000000.0
671044AD7,New Holding,OSI SYSTEMS INC,,,10212.0,10500000.0,,
92240MBC1,Sold Out,VECTOR GROUP LTD,12753.0,11570000.0,,,,
22943FAH3,New Holding,CTRIP.COM INTERNATIONAL LTD,,,5728.0,5000000.0,,
25470MAB5,New Holding,DISH NETWORK CORP,,,27190.0,28000000.0,,
00971TAG6,Sold Out,AKAMAI TECHNOLOGIES INC,56030.0,54532000.0,,,,
63861C109,Not New,NATIONSTAR MORTGAGE HOLDINGS INC,31729.0,1810000.0,32495.0,1809291.0,766.0,-709.0
63861C109,Not New,NATIONSTAR MORTGAGE HOLDINGS INC,31729.0,1810000.0,4490.0,250000.0,-27239.0,-1560000.0
292554AH5,Not New,ENCORE CAPITAL GROUP INC,10433.0,11251000.0,12789.0,12751000.0,2356.0,1500000.0
80918TAB5,New Holding,SCORPIO TANKERS INC,,,4073.0,4000000.0,,
879273209,New Holding,TELECOM ARGENTINA SA,,,4275.0,241000.0,,
67401P108,Not New,OAKTREE SPECIALTY LENDING CORP,1319.0,276000.0,1162.0,276000.0,-157.0,0.0
292554AF9,Sold Out,ENCORE CAPITAL GROUP INC,20490.0,17864000.0,,,,
223622AB7,Sold Out,COWEN INC,12918.0,13020000.0,,,,
205768AM6,Not New,COMSTOCK RESOURCES INC,19240.0,19522878.0,19354.0,20719978.0,114.0,1197100.0
521865204,Sold Out,LEAR CORP,2841.0,15312.0,,,,
035128206,Not New,ANGLOGOLD ASHANTI-SPON ADR,30158.0,3673300.0,32123.0,3384965.0,1965.0,-288335.0
46333XAD0,New Holding,IRONWOOD PHARMACEUTICALS INC,,,13311.0,10000000.0,,
607409109,Not New,MOBILE TELESYSTEMS PJSC,2636.0,298500.0,3400.0,298500.0,764.0,0.0
G6359F129,New Holding,NABORS INDUSTRIES LTD,,,5072.0,110000.0,,
29359WAB1,Not New,ENSCO JERSEY FINANCE LTD,44554.0,47849000.0,4289.0,5336000.0,-40265.0,-42513000.0
74838JAA9,Not New,QUIDEL CORP,6593.0,3083000.0,5349.0,3083000.0,-1244.0,0.0
92840M102,Not New,VISTRA ENERGY CORP,1054124.0,44553037.0,1008980.0,48438812.0,-45144.0,3885775.0
346232AB7,Not New,FORESTAR GROUP INC,15869.0,15869000.0,11688.0,11688000.0,-4181.0,-4181000.0
62957HAB1,New Holding,NABORS INDUSTRIES INC,,,11952.0,15145000.0,,
758932107,Sold Out,REGIS CORP,4870.0,321890.0,,,,
286082AC6,New Holding,ELECTRONICS FOR IMAGING INC,,,2699.0,2725000.0,,
171798101,New Holding,CIMAREX ENERGY CO,,,14358.0,141130.0,,
493723AA8,Sold Out,KEYW HOLDING CORP/THE,9914.0,10143000.0,,,,
74348TAQ5,Not New,PROSPECT CAPITAL CORP,2112.0,2110000.0,5165.0,5145000.0,3053.0,3035000.0
05961W105,New Holding,BANCO MACRO SA-ADR,,,1311.0,22306.0,,
674215AJ7,New Holding,OASIS PETROLEUM INC,,,20798.0,16000000.0,,
69327RAD3,Not New,PDC ENERGY INC,13471.0,12835000.0,23009.0,23575000.0,9538.0,10740000.0
826917106,New Holding,SIGA TECHNOLOGIES INC,,,446.0,75000.0,,
64157FAA1,Not New,NEVRO CORP,9818.0,9000000.0,26368.0,22830000.0,16550.0,13830000.0
71654V101,Not New,PETROLEO BRASIL-SP PREF ADR,80630.0,9121028.0,89500.0,6889922.0,8870.0,-2231106.0
94733AAA2,Not New,WEB.COM GROUP INC,18180.0,18181000.0,4551.0,4574000.0,-13629.0,-13607000.0
48666KAS8,Sold Out,KB HOME,14893.0,13100000.0,,,,
092533AC2,Not New,BLACKROCK CAPITAL INVESTMENT CORP,2208.0,2160000.0,2228.0,2160000.0,20.0,0.0
302301AB2,Not New,EZCORP INC,11973.0,11785000.0,15332.0,14515000.0,3359.0,2730000.0
427096AF9,Not New,HERCULES CAPITAL INC,16255.0,16278000.0,9423.0,9290000.0,-6832.0,-6988000.0
697435AB1,Not New,PALO ALTO NETWORKS INC,14586.0,7835000.0,14623.0,8835000.0,37.0,1000000.0
393222AF1,Not New,GREEN PLAINS INC,22637.0,22763000.0,21069.0,22086000.0,-1568.0,-677000.0
00484MAA4,Not New,ACORDA THERAPEUTICS INC,14796.0,15230000.0,11866.0,12985000.0,-2930.0,-2245000.0
30227M105,Not New,EXTRACTION OIL & GAS INC,2538.0,172787.0,2324.0,202787.0,-214.0,30000.0
64125CAD1,New Holding,NEUROCRINE BIOSCIENCES INC,,,17066.0,11805000.0,,
29404KAA4,Not New,ENVESTNET INC,10674.0,10113000.0,24340.0,22113000.0,13666.0,12000000.0
01609W102,Sold Out,ALIBABA GROUP HOLDING-SP ADR,92932.0,506330.0,,,,
26817R405,Sold Out,DYNEGY INC,18812.0,216950.0,,,,
232806AM1,Not New,CYPRESS SEMICONDUCTOR CORP,9238.0,6955000.0,5526.0,3955000.0,-3712.0,-3000000.0
38147UAB3,Not New,GOLDMAN SACHS BDC INC,16823.0,16415000.0,4197.0,4135000.0,-12626.0,-12280000.0
36164V305,Not New,GCI LIBERTY INC,6762.0,150000.0,7929.0,150000.0,1167.0,0.0
42703MAB9,Sold Out,HERBALIFE LTD,32130.0,26468000.0,,,,
09257WAB6,Not New,BLACKSTONE MORTGAGE TRUST INC,33382.0,33879000.0,23108.0,23410000.0,-10274.0,-10469000.0
91912E105,Not New,VALE SA-SP ADR,31819.0,2481959.0,43664.0,3432680.0,11845.0,950721.0
531229888,Not New,LIBERTY MEDIA CORP-LIBERTY BRAVES,14743.0,570102.0,13010.0,570102.0,-1733.0,0.0
40416EAD5,New Holding,HCI GROUP INC,,,5486.0,5585000.0,,
73640QAB1,Not New,PRA GROUP INC,24727.0,25654000.0,25391.0,26277000.0,664.0,623000.0
86183Q100,Not New,STONEMOR PARTNERS LP,27001.0,4477857.0,26980.0,4344634.0,-21.0,-133223.0
00BZ3CNK8,New Holding,TORM PLC,,,375192.0,47600172.0,,
88163VAE9,Not New,TEVA PHARMACEUTICAL FINANCE CO LLC,16379.0,17577000.0,13944.0,15820000.0,-2435.0,-1757000.0
595017AF1,Not New,MICROCHIP TECHNOLOGY INC,25355.0,21725000.0,34103.0,28725000.0,8748.0,7000000.0
741503AX4,Not New,BOOKING HOLDINGS INC,34687.0,28974000.0,36484.0,29174000.0,1797.0,200000.0
928298108,Sold Out,VISHAY INTERTECHNOLOGY INC,8463.0,455000.0,,,,
59804T407,Not New,MIDSTATES PETROLEUM CO INC,2590.0,190307.0,2537.0,190316.0,-53.0,9.0
826919AB8,Not New,SILICON LABORATORIES INC,25459.0,20794000.0,31662.0,27294000.0,6203.0,6500000.0
55024UAB5,Sold Out,LUMENTUM HOLDINGS INC,6350.0,5000000.0,,,,
00773VAB2,Not New,AEGEAN MARINE PETROLEUM NETWORK INC,5292.0,15121000.0,14029.0,22621000.0,8737.0,7500000.0
69331C108,New Holding,PG&E CORP,,,21280.0,500000.0,,
69366JAB7,Not New,PTC THERAPEUTICS INC,3429.0,3445000.0,8757.0,9400000.0,5328.0,5955000.0
443573AB6,New Holding,HUBSPOT INC,,,12211.0,8533000.0,,
57682V205,Not New,MATLIN AND PARTNERS ACQUISITION CORP,15750.0,1500000.0,15420.0,1500000.0,-330.0,0.0
743424AD5,Not New,PROOFPOINT INC,7519.0,5109000.0,11877.0,8109000.0,4358.0,3000000.0
02005N100,Not New,ALLY FINANCIAL INC,228875.0,8712400.0,236543.0,8712400.0,7668.0,0.0
75606NAB5,New Holding,REALPAGE INC,,,13240.0,9310000.0,,
88160RAC5,New Holding,TESLA INC,,,35009.0,31000000.0,,
94419LAA9,New Holding,WAYFAIR INC,,,18715.0,14500000.0,,
34385PAA6,Sold Out,FLUIDIGM CORP,2599.0,3045000.0,,,,
92343XAA8,New Holding,VERINT SYSTEMS INC,,,5920.0,6000000.0,,
16411RAG4,Not New,CHENIERE ENERGY INC,19017.0,23871000.0,9273.0,11871000.0,-9744.0,-12000000.0
22943FAF7,Not New,CTRIP.COM INTERNATIONAL LTD,40710.0,38610000.0,40303.0,37350000.0,-407.0,-1260000.0
00182CAA1,Not New,ANI PHARMACEUTICALS INC,7767.0,6857000.0,12987.0,11857000.0,5220.0,5000000.0
31660B101,Sold Out,FIESTA RESTAURANT GROUP INC,24512.0,1325000.0,,,,
45784PAF8,Sold Out,INSULET CORP,2595.0,1671000.0,,,,
45256BAE1,Sold Out,IMPAX LABORATORIES INC,11149.0,11200000.0,,,,
04269XAB1,Sold Out,ARRAY BIOPHARMA INC,9149.0,6860000.0,,,,
552848103,Not New,MGIC INVESTMENT CORP,17581.0,1640000.0,2600.0,200000.0,-14981.0,-1440000.0
85571BAB1,Not New,STARWOOD PROPERTY TRUST INC,15653.0,14000000.0,27032.0,25000000.0,11379.0,11000000.0
G66964118,Not New,OCEAN RIG UDW INC,32428.0,1100000.0,27753.0,1100000.0,-4675.0,0.0
40171VAA8,Not New,GUIDEWIRE SOFTWARE INC,23466.0,23000000.0,22110.0,22500000.0,-1356.0,-500000.0
22943F100,Not New,CTRIP.COM INTERNATIONAL-ADR,25473.0,534800.0,31720.0,680393.0,6247.0,145593.0
22822V309,Sold Out,CROWN CASTLE INTERNATIONAL CORP,31871.0,28509.0,,,,
38741LAB3,Not New,GRANITE POINT MORTGAGE TRUST INC,8180.0,8025000.0,6846.0,6955000.0,-1334.0,-1070000.0
87238QAB9,Not New,TCP CAPITAL CORP,9926.0,9768000.0,7237.0,7000000.0,-2689.0,-2768000.0
26817R108,Sold Out,DYNEGY INC,64111.0,4741904.0,,,,
816851406,Not New,SEMPRA ENERGY,23222.0,225000.0,5630.0,55000.0,-17592.0,-170000.0
38046YAB7,Not New,GOLAR LNG LTD,48313.0,44083000.0,49199.0,48033000.0,886.0,3950000.0
B38564108,New Holding,EURONAV NV,,,87389.0,9498769.0,,
19625XAB8,Not New,INVITATION HOMES (IH MERGER SUB LLC),6747.0,6031000.0,26881.0,24006000.0,20134.0,17975000.0
8676EP108,Not New,SUNOPTA INC,67979.0,8092699.0,57458.0,8092699.0,-10521.0,0.0
128126AB5,Sold Out,CALAMP CORP,16996.0,15865000.0,,,,
02319V103,Sold Out,AMBEV SA-ADR,41030.0,5643716.0,,,,
69329YAG9,Not New,PDL BIOPHARMA INC,4670.0,5060000.0,6008.0,5870000.0,1338.0,810000.0
165167CY1,New Holding,CHESAPEAKE ENERGY CORP,,,21394.0,21000000.0,,
465562106,Not New,ITAU UNIBANCO H-SPON PRF ADR,94768.0,9129853.0,125129.0,8021072.0,30361.0,-1108781.0
854502887,Sold Out,STANLEY BLACK & DECKER INC,11570.0,100417.0,,,,
984332AF3,Not New,ALTABA INC,20389.0,14921000.0,27189.0,19421000.0,6800.0,4500000.0
65366HAB9,Not New,NICE SYSTEMS INC,14982.0,11264000.0,24256.0,19518000.0,9274.0,8254000.0
014339AA3,New Holding,ALDER BIOPHARMACEUTICALS INC,,,8331.0,8000000.0,,
G81075AF3,Not New,SHIP FINANCE INTERNATIONAL LTD,13839.0,13420000.0,16350.0,16195000.0,2511.0,2775000.0
27875TAA9,Not New,ECHO GLOBAL LOGISTICS INC,4499.0,4330000.0,10149.0,9955000.0,5650.0,5625000.0
29276K101,Not New,ENERGY XXI GULF COAST INC,34570.0,3910545.0,15017.0,3910545.0,-19553.0,0.0
