CUSIP,status,NAME OF ISSUER,(x$1000)_old,PRN AMT_old,(x$1000),PRN AMT,(x$1000)_change,PRN AMT_change
369300AL2,Not New,GENERAL CABLE CORP,17251.0,16285000.0,40706.0,45270000.0,23455.0,28985000.0
55292PAB1,Sold Out,M/I HOMES INC,6721.0,6641000.0,,,,
635309107,Not New,NATIONAL CINEMEDIA INC,24867.0,3625000.0,25301.0,3625000.0,434.0,0.0
78462F103,Not New,SPDR S&P HOMEBUILDERS ETF,44260.0,1000000.0,10803.0,43000.0,-33457.0,-957000.0
03027X407,Not New,AMERICAN TOWER CORP,24797.0,197196.0,25706.0,210561.0,909.0,13365.0
75508B104,New Holding,RAYONIER ADVANCED MATERIALS INC,,,31850.0,1557493.0,,
472145AB7,Not New,JAZZ INVESTMENTS I LTD,5807.0,5775000.0,25670.0,24268000.0,19863.0,18493000.0
65339F820,Not New,NEXTERA ENERGY INC,30556.0,543715.0,32093.0,580525.0,1537.0,36810.0
80007P869,Not New,SANDRIDGE ENERGY INC,2844.0,135000.0,2712.0,135000.0,-132.0,0.0
23335SAB2,Not New,DHT HOLDINGS INC,5779.0,5901000.0,6617.0,6660000.0,838.0,759000.0
Y8162K204,Not New,STAR BULK CARRIERS CORP,366845.0,32579506.0,316347.0,32579506.0,-50498.0,0.0
98954MAB7,New Holding,ZILLOW GROUP INC,,,13271.0,12120000.0,,
647551AB6,Not New,NEW MOUNTAIN FINANCE CORP,11328.0,11005000.0,9922.0,9500000.0,-1406.0,-1505000.0
83416TAC4,Not New,SOLARCITY CORP,12703.0,13650000.0,25327.0,26665000.0,12624.0,13015000.0
88338TAB0,Not New,INNOVIVA INC,21812.0,21950000.0,24630.0,25290000.0,2818.0,3340000.0
097793400,Sold Out,BONANZA CREEK ENERGY INC,17358.0,526173.0,,,,
76120WAA2,Not New,RESOURCE CAPITAL CORP,35495.0,34928000.0,36163.0,35278000.0,668.0,350000.0
16115QAC4,Not New,CHART INDUSTRIES INC,566.0,565000.0,18337.0,18354000.0,17771.0,17789000.0
40416EAB9,Not New,HCI GROUP INC,7633.0,7750000.0,8928.0,9000000.0,1295.0,1250000.0
903914208,Not New,ULTRA PETROLEUM CORP,7140.0,788166.0,6834.0,788166.0,-306.0,0.0
267475AB7,Not New,DYCOM INDUSTRIES INC,40860.0,31221000.0,4064.0,3554000.0,-36796.0,-27667000.0
595112AY9,Not New,MICRON TECHNOLOGY INC,20807.0,14381000.0,60728.0,43804000.0,39921.0,29423000.0
205768AN4,Not New,COMSTOCK RESOURCES INC,36529.0,39279264.0,28560.0,35498104.0,-7969.0,-3781160.0
04010LAM5,New Holding,ARES CAPITAL CORP,,,8687.0,8476000.0,,
Y11082107,Not New,CAPITAL PRODUCT PARTNERS LP,2752.0,819228.0,2868.0,819228.0,116.0,0.0
05501U106,Not New,AZUL SA,27841.0,1168341.0,31698.0,1154741.0,3857.0,-13600.0
456788108,Not New,INFOSYS TECHNOLOGIES-SP ADR,46496.0,2866600.0,463.0,31701.0,-46033.0,-2834899.0
70932AAB9,Not New,PENNYMAC CORP,28426.0,28732000.0,26290.0,26427000.0,-2136.0,-2305000.0
74973WAB3,Not New,RTI INTERNATIONAL METALS INC,23876.0,20830000.0,40364.0,36665000.0,16488.0,15835000.0
67402D104,New Holding,OAKTREE STRATEGIC INCOME CORP,,,484.0,57600.0,,
452327AF6,Not New,ILLUMINA INC,53638.0,49210000.0,42545.0,40125000.0,-11093.0,-9085000.0
318672706,Not New,FIRST BANCORP/PUERTO RICO,47607.0,9334725.0,51378.0,10034725.0,3771.0,700000.0
84860WAA0,New Holding,SPIRIT REALTY CAPITAL INC,,,10276.0,10238000.0,,
42330PAH0,Not New,HELIX ENERGY SOLUTIONS GROUP INC,10811.0,10825000.0,6843.0,6940000.0,-3968.0,-3885000.0
09238EAB0,Not New,BLACKHAWK NETWORK HOLDINGS INC,5868.0,5750000.0,52427.0,47000000.0,46559.0,41250000.0
136635AE9,Not New,CANADIAN SOLAR INC,12442.0,12705000.0,11429.0,11750000.0,-1013.0,-955000.0
31816QAB7,New Holding,FIREEYE INC,,,4031.0,4295000.0,,
45845PAA6,New Holding,INTERCEPT PHARMACEUTICALS INC,,,22732.0,28415000.0,,
947075AH0,Not New,WEATHERFORD INTERNATIONAL LTD,26613.0,24500000.0,30205.0,27500000.0,3592.0,3000000.0
060505682,Not New,BANK OF AMERICA CORP,13585.0,10300.0,7808.0,6000.0,-5777.0,-4300.0
038923AB4,New Holding,ARBOR REALTY TRUST INC,,,11673.0,11480000.0,,
65339F846,New Holding,NEXTERA ENERGY INC,,,12628.0,181500.0,,
90184LAB8,Not New,TWITTER INC,25881.0,27030000.0,23527.0,24830000.0,-2354.0,-2200000.0
98474TAB3,Not New,YANDEX NV,13996.0,14138000.0,7829.0,7827000.0,-6167.0,-6311000.0
01988PAD0,Not New,ALLSCRIPTS HEALTHCARE SOLUTIONS INC,37809.0,35233000.0,31494.0,29488000.0,-6315.0,-5745000.0
46612JAF8,Not New,VIAVI SOLUTIONS INC,6355.0,6155000.0,6929.0,6605000.0,574.0,450000.0
458660AD9,New Holding,INTERDIGITAL INC/PA,,,3585.0,3000000.0,,
177376AD2,Not New,CITRIX SYSTEMS INC,60431.0,46643000.0,12412.0,10662000.0,-48019.0,-35981000.0
670704AG0,New Holding,NUVASIVE INC,,,24138.0,20500000.0,,
41068XAB6,Not New,HANNON ARMSTRONG SUSTAINABLE INFRASTRUCTURE CAPITAL INC,17783.0,17245000.0,16218.0,15710000.0,-1565.0,-1535000.0
82823LAC0,Not New,SSR MINING INC,25952.0,26482000.0,28918.0,28597000.0,2966.0,2115000.0
464337AJ3,Not New,IONIS PHARMACEUTICALS INC,32129.0,30365000.0,28888.0,27195000.0,-3241.0,-3170000.0
472319AG7,Sold Out,JEFFERIES GROUP LLC,8330.0,8279000.0,,,,
10552T107,Not New,BRF - BRASIL FOODS SA,44790.0,3977774.0,44138.0,3062998.0,-652.0,-914776.0
075887208,Not New,BECTON DICKINSON AND CO,47432.0,819220.0,47882.0,866470.0,450.0,47250.0
09061GAE1,Not New,BIOMARIN PHARMACEUTICAL INC,9549.0,8786000.0,19906.0,17801000.0,10357.0,9015000.0
76120WAC8,Not New,RESOURCE CAPITAL CORP,55272.0,58335000.0,60560.0,58495000.0,5288.0,160000.0
09061GAF8,Not New,BIOMARIN PHARMACEUTICAL INC,30822.0,25915000.0,12142.0,10000000.0,-18680.0,-15915000.0
892231101,Not New,TOWNSQUARE MEDIA INC,12251.0,1595224.0,15953.0,1595224.0,3702.0,0.0
112463AA2,Not New,BROOKDALE SENIOR LIVING INC,20734.0,20722000.0,17903.0,17950000.0,-2831.0,-2772000.0
90187BAA9,Not New,TWO HARBORS INVESTMENT CORP,17542.0,16520000.0,12961.0,12130000.0,-4581.0,-4390000.0
85571BAH8,Not New,STARWOOD PROPERTY TRUST INC,6030.0,5905000.0,16727.0,16500000.0,10697.0,10595000.0
87244TAB5,Sold Out,TICC CAPITAL CORP,13116.0,13000000.0,,,,
949746804,Not New,WELLS FARGO & CO,42020.0,32077.0,40318.0,30659.0,-1702.0,-1418.0
021346101,Not New,ALTABA INC,74151.0,1061588.0,206112.0,3111588.0,131961.0,2050000.0
036752202,Not New,ANTHEM INC,42836.0,764930.0,31192.0,596530.0,-11644.0,-168400.0
538034AJ8,Not New,LIVE NATION ENTERTAINMENT INC,37898.0,29251000.0,46727.0,35207000.0,8829.0,5956000.0
649604AD7,Not New,NEW YORK MORTGAGE TRUST INC,17178.0,16780000.0,16420.0,16445000.0,-758.0,-335000.0
44052TAB7,Not New,HORIZON PHARMA INVESTMENT LTD,24396.0,26127000.0,6715.0,7397000.0,-17681.0,-18730000.0
049164BJ4,New Holding,ATLAS AIR WORLDWIDE HOLDINGS INC,,,2956.0,2500000.0,,
98212B202,Not New,WPX ENERGY INC,14726.0,238100.0,13339.0,250000.0,-1387.0,11900.0
316827AC8,Sold Out,51JOB INC,18445.0,12435000.0,,,,
87265KAB8,Not New,TPG SPECIALTY LENDING INC,12565.0,12163000.0,12086.0,11583000.0,-479.0,-580000.0
249908AA2,Not New,DEPOMED INC,4456.0,5255000.0,932.0,1255000.0,-3524.0,-4000000.0
01167PAE1,Not New,ALASKA COMMUNICATIONS SYSTEMS GROUP INC,1254.0,1227000.0,1270.0,1227000.0,16.0,0.0
867652AL3,Not New,SUNPOWER CORP,12575.0,14697000.0,15030.0,18077000.0,2455.0,3380000.0
36191JAB7,Not New,GSV CAPITAL CORP,5003.0,4960000.0,4929.0,4960000.0,-74.0,0.0
91822M106,Not New,VEON LTD,6446.0,1678900.0,7018.0,1678900.0,572.0,0.0
03762UAB1,Not New,APOLLO COMMERCIAL REAL ESTATE FINANCE INC,43626.0,42850000.0,18245.0,17970000.0,-25381.0,-24880000.0
Y26889108,Not New,GENER8 MARITIME INC,86471.0,13062118.0,58909.0,13062118.0,-27562.0,0.0
896047503,Not New,TRIBUNE MEDIA CO,305146.0,7184998.0,579599.0,14184998.0,274453.0,7000000.0
447462AB8,Not New,HURON CONSULTING GROUP INC,26348.0,28161000.0,20551.0,21973000.0,-5797.0,-6188000.0
078314507,Not New,BELLATRIX EXPLORATION LTD,6434.0,3750000.0,10674.0,3750000.0,4240.0,0.0
63934EAS7,Not New,NAVISTAR INTERNATIONAL CORP,19530.0,17980000.0,8433.0,7670000.0,-11097.0,-10310000.0
78464A888,Not New,SPDR S&P500 ETF TRUST,66715.0,250000.0,39820.0,1000000.0,-26895.0,750000.0
N97284108,Sold Out,YANDEX NV,2158.0,65500.0,,,,
45104G104,Not New,ICICI BANK LTD.,85666.0,8804316.0,65633.0,7667330.0,-20033.0,-1136986.0
02917TAA2,Not New,VEREIT INC,25391.0,25360000.0,17106.0,17000000.0,-8285.0,-8360000.0
42330PAG2,Not New,HELIX ENERGY SOLUTIONS GROUP INC,14130.0,14095000.0,13732.0,13835000.0,-398.0,-260000.0
864909AB2,New Holding,SUCAMPO PHARMACEUTICALS INC,,,7356.0,6045000.0,,
156504300,Not New,CENTURY COMMUNITIES INC,56570.0,1819003.0,36284.0,1469003.0,-20286.0,-350000.0
95790DAA3,Not New,WESTERN ASSET MORTGAGE CAPITAL CORP,11754.0,11873000.0,10364.0,10400000.0,-1390.0,-1473000.0
966387AL6,Not New,WHITING PETROLEUM CORP,12424.0,13432000.0,5717.0,6382000.0,-6707.0,-7050000.0
Y2187A143,Not New,EAGLE BULK SHIPPING INC,3518.0,785363.0,3558.0,785363.0,40.0,0.0
67020YAG5,Not New,NUANCE COMMUNICATIONS INC,5692.0,5500000.0,8603.0,8615000.0,2911.0,3115000.0
151290889,Not New,CEMEX SA-SPONSORED ADR,29926.0,3990115.0,15109.0,1663998.0,-14817.0,-2326117.0
151290889,Not New,CEMEX SA-SPONSORED ADR,29926.0,3990115.0,34419.0,3790648.0,4493.0,-199467.0
874039100,Not New,TAIWAN SEMI.,141407.0,3566356.0,151984.0,4047500.0,10577.0,481144.0
09061GAH4,Sold Out,BIOMARIN PHARMACEUTICAL INC,5042.0,4953000.0,,,,
49456B200,Sold Out,KINDER MORGAN INC/DE,12766.0,300000.0,,,,
758075AC9,Sold Out,REDWOOD TRUST INC,3986.0,4000000.0,,,,
749772AB5,Not New,REDWOOD TRUST INC,20441.0,20189000.0,20595.0,19811000.0,154.0,-378000.0
373737105,Sold Out,GERDAU SA -SPON ADR,17167.0,5005057.0,,,,
63934EAQ1,Not New,NAVISTAR INTERNATIONAL CORP,8196.0,7915000.0,5904.0,5650000.0,-2292.0,-2265000.0
70338PAB6,Not New,PATTERN ENERGY GROUP INC,24123.0,23665000.0,21020.0,20250000.0,-3103.0,-3415000.0
750469AA6,Sold Out,RADIUS HEALTH INC,5043.0,5000000.0,,,,
46429B598,Not New,ISHARES MSCI INDIA ETF,920.0,25500.0,730.0,22200.0,-190.0,-3300.0
60786LAB3,Not New,MODUSLINK GLOBAL SOLUTIONS INC,9008.0,9020000.0,13703.0,14120000.0,4695.0,5100000.0
81170YAB5,Not New,SEACOR HOLDINGS INC,32152.0,33867000.0,27202.0,30397000.0,-4950.0,-3470000.0
00163UAD8,Not New,AMAG PHARMACEUTICALS INC,8632.0,10030000.0,13660.0,14000000.0,5028.0,3970000.0
682189AK1,Not New,ON SEMICONDUCTOR CORP,42313.0,33025000.0,71170.0,59555000.0,28857.0,26530000.0
21075N204,Sold Out,CONTANGO OIL & GAS CO,6524.0,1296813.0,,,,
110394AF0,New Holding,BRISTOW GROUP INC,,,4975.0,4500000.0,,
19624RAB2,Not New,COLONY NORTHSTAR INC,16617.0,16638000.0,9650.0,9560000.0,-6967.0,-7078000.0
G0177J116,Sold Out,ALLERGAN PLC,18664.0,25296.0,,,,
40049J206,New Holding,TELEVISA,,,28555.0,1529453.0,,
783764AS2,Sold Out,CALATLANTIC GROUP INC,24835.0,25750000.0,,,,
55933J203,Not New,MAGNACHIP SEMICONDUCTOR CORP,29850.0,3000000.0,26559.0,2340000.0,-3291.0,-660000.0
14161HAG3,Sold Out,CARDTRONICS INC,2146.0,2335000.0,,,,
004446AD2,Sold Out,ACETO CORP,6599.0,7370000.0,,,,
151290BR3,Not New,CEMEX SAB DE CV,17118.0,16500000.0,94755.0,84165000.0,77637.0,67665000.0
71654V408,Not New,PETROBRAS,2532.0,246161.0,2471.0,246161.0,-61.0,0.0
880770AG7,New Holding,TERADYNE INC,,,9345.0,6538000.0,,
458118AC0,Not New,INTEGRATED DEVICE TECHNOLOGY INC,31000.0,27725000.0,32412.0,30280000.0,1412.0,2555000.0
88830RAB7,Not New,TITAN MACHINERY INC,13278.0,13337000.0,12153.0,12307000.0,-1125.0,-1030000.0
19624RAA4,Sold Out,COLONY NORTHSTAR INC,13108.0,12742000.0,,,,
92189F676,New Holding,VANECK VECTORS SEMICONDUCTOR ETF,,,19269.0,197000.0,,
126132109,Not New,CNOOC LIMITED,31722.0,220967.0,28932.0,223071.0,-2790.0,2104.0
126349AF6,Not New,CSG SYSTEMS INTERNATIONAL INC,15842.0,14501000.0,4497.0,4158000.0,-11345.0,-10343000.0
531229AE2,Sold Out,LIBERTY MEDIA CORP,37417.0,35118000.0,,,,
629209305,Not New,NMI HOLDINGS INC,96593.0,5681992.0,72124.0,5816443.0,-24469.0,134451.0
82568PAB2,New Holding,SHUTTERFLY INC,,,3095.0,3095000.0,,
049164BH8,Not New,ATLAS AIR WORLDWIDE HOLDINGS INC,4924.0,4275000.0,19176.0,16000000.0,14252.0,11725000.0
92849EAB7,Sold Out,VITAMIN SHOPPE INC,904.0,1218000.0,,,,
901109AD0,Not New,TUTOR PERINI CORP,11767.0,10625000.0,15335.0,13090000.0,3568.0,2465000.0
269279501,Sold Out,EXCO RESOURCES INC,2750.0,2051579.0,,,,
92240MBC1,Not New,VECTOR GROUP LTD,13818.0,11945000.0,14344.0,12515000.0,526.0,570000.0
00971TAG6,Not New,AKAMAI TECHNOLOGIES INC,61888.0,61389000.0,9411.0,9636000.0,-52477.0,-51753000.0
73935A104,Sold Out,POWERSHARES QQQ TRUST SERIES 1,5382.0,37000.0,,,,
63861C109,Not New,NATIONSTAR MORTGAGE HOLDINGS INC,35328.0,1909645.0,33599.0,1809291.0,-1729.0,-100354.0
63861C109,Not New,NATIONSTAR MORTGAGE HOLDINGS INC,4625.0,250000.0,33599.0,1809291.0,28974.0,1559291.0
292554AH5,Not New,ENCORE CAPITAL GROUP INC,9938.0,10141000.0,15919.0,15931000.0,5981.0,5790000.0
67401P108,New Holding,OAKTREE SPECIALTY LENDING CORP,,,1350.0,276000.0,,
292554AF9,Not New,ENCORE CAPITAL GROUP INC,16015.0,14396000.0,20948.0,18196000.0,4933.0,3800000.0
223622AB7,Not New,COWEN INC,13296.0,13020000.0,9668.0,9180000.0,-3628.0,-3840000.0
205768AM6,Not New,COMSTOCK RESOURCES INC,19165.0,20719978.0,16268.0,19947031.0,-2897.0,-772947.0
03762UAA3,Sold Out,APOLLO COMMERCIAL REAL ESTATE FINANCE INC,18882.0,17408000.0,,,,
85571BAC9,Sold Out,STARWOOD PROPERTY TRUST INC,12077.0,12040000.0,,,,
125581801,Sold Out,CIT GROUP INC,4905.0,100000.0,,,,
035128206,Not New,ANGLOGOLD ASHANTI LTD,34343.0,3370322.0,30072.0,3237041.0,-4271.0,-133281.0
46333XAD0,Not New,IRONWOOD PHARMACEUTICALS INC,9660.0,8310000.0,6997.0,5884000.0,-2663.0,-2426000.0
607409109,Not New,MOBILE TELESYSTEMS PJSC,3041.0,298500.0,3116.0,298500.0,75.0,0.0
74838JAA9,Not New,QUIDEL CORP,13002.0,8593000.0,15508.0,10182000.0,2506.0,1589000.0
29359WAB1,New Holding,ENSCO JERSEY FINANCE LTD,,,5395.0,6045000.0,,
758932107,Not New,REGIS CORP,4944.0,321890.0,4593.0,321890.0,-351.0,0.0
92840M102,Not New,VISTRA ENERGY CORP,921133.0,50280227.0,939740.0,50280227.0,18607.0,0.0
346232AB7,Not New,FORESTAR GROUP INC,10187.0,10018000.0,4466.0,4400000.0,-5721.0,-5618000.0
286082AC6,Not New,ELECTRONICS FOR IMAGING INC,5473.0,5661000.0,23263.0,22293000.0,17790.0,16632000.0
84763AAB4,Not New,SPECTRUM PHARMACEUTICALS INC,744.0,400000.0,5861.0,4269000.0,5117.0,3869000.0
74348TAQ5,Not New,PROSPECT CAPITAL CORP,6346.0,6299000.0,4059.0,4000000.0,-2287.0,-2299000.0
22943FAM2,Not New,CTRIP.COM INTERNATIONAL LTD,21160.0,20670000.0,49124.0,45525000.0,27964.0,24855000.0
674215AJ7,Not New,OASIS PETROLEUM INC,17353.0,16105000.0,10736.0,10000000.0,-6617.0,-6105000.0
69327RAD3,New Holding,PDC ENERGY INC,,,6983.0,7140000.0,,
98235TAE7,Sold Out,WRIGHT MEDICAL GROUP INC,13514.0,12450000.0,,,,
64157FAA1,Sold Out,NEVRO CORP,25483.0,21370000.0,,,,
71654V101,Not New,PETROBRAS,57801.0,5880090.0,56085.0,5805863.0,-1716.0,-74227.0
092533AC2,Not New,BLACKROCK CAPITAL INVESTMENT CORP,9386.0,9015000.0,14189.0,13540000.0,4803.0,4525000.0
302301AB2,Not New,EZCORP INC,18302.0,17705000.0,16613.0,16840000.0,-1689.0,-865000.0
57164YAA5,Not New,MARRIOTT VACATIONS WORLDWIDE CORP,24254.0,21620000.0,15846.0,15095000.0,-8408.0,-6525000.0
697435AB1,Not New,PALO ALTO NETWORKS INC,26799.0,19535000.0,28986.0,21000000.0,2187.0,1465000.0
393222AF1,Not New,GREEN PLAINS INC,4822.0,5100000.0,11099.0,10730000.0,6277.0,5630000.0
00484MAA4,Not New,ACORDA THERAPEUTICS INC,11743.0,13785000.0,14176.0,15690000.0,2433.0,1905000.0
30227M105,Not New,EXTRACTION OIL & GAS INC,2901.0,202787.0,3122.0,202787.0,221.0,0.0
26817R405,Not New,DYNEGY INC,19202.0,242400.0,13171.0,195500.0,-6031.0,-46900.0
01609W102,Not New,ALIBABA.COM,84702.0,491227.0,117848.0,682345.0,33146.0,191118.0
29404KAA4,Not New,ENVESTNET INC,17713.0,17032000.0,19214.0,18227000.0,1501.0,1195000.0
48666KAS8,Not New,KB HOME,31879.0,25945000.0,20804.0,19675000.0,-11075.0,-6270000.0
232806AM1,Not New,CYPRESS SEMICONDUCTOR CORP,34605.0,26316000.0,37943.0,28998000.0,3338.0,2682000.0
38147UAB3,New Holding,GOLDMAN SACHS BDC INC,,,4811.0,4635000.0,,
25746U836,Not New,DOMINION ENERGY INC,19723.0,381800.0,20503.0,404000.0,780.0,22200.0
42703MAB9,Not New,HERBALIFE LTD,30411.0,30185000.0,31901.0,31655000.0,1490.0,1470000.0
09257WAB6,Not New,BLACKSTONE MORTGAGE TRUST INC,43394.0,42570000.0,37846.0,37560000.0,-5548.0,-5010000.0
29278N103,Not New,ENERGY TRANSFER PARTNERS LP,4784.0,267000.0,4883.0,267000.0,99.0,0.0
531229888,Not New,LIBERTY MEDIA CORP-LIBERTY BRAVES,13636.0,613717.0,24463.0,968078.0,10827.0,354361.0
78454LAM2,New Holding,SM ENERGY CO,,,4136.0,4208000.0,,
91912E105,Not New,VALE SA,115102.0,9411396.0,13465.0,1337000.0,-101637.0,-8074396.0
91912E105,Not New,VALE SA,115102.0,9411396.0,77549.0,7700993.0,-37553.0,-1710403.0
531229AB8,Not New,LIBERTY MEDIA CORP,14878.0,12874000.0,16298.0,13513000.0,1420.0,639000.0
73640QAB1,Not New,PRA GROUP INC,22824.0,23776000.0,13516.0,14746000.0,-9308.0,-9030000.0
007800AB1,New Holding,AEROJET ROCKETDYNE HOLDINGS INC,,,6764.0,4895000.0,,
811904AM3,New Holding,SEACOR HOLDINGS INC,,,392.0,385000.0,,
86183Q100,Not New,STONEMOR PARTNERS LP,24600.0,3750000.0,9943.0,1525000.0,-14657.0,-2225000.0
69329YAF1,Not New,PDL BIOPHARMA INC,7296.0,7287000.0,4940.0,4940000.0,-2356.0,-2347000.0
88163VAE9,New Holding,TEVA PHARMACEUTICAL FINANCE CO LLC,,,12624.0,14305000.0,,
75972AAA1,Not New,RENEWABLE ENERGY GROUP INC,1051.0,1009000.0,1094.0,1009000.0,43.0,0.0
741503AX4,Not New,PRICELINE GROUP INC/THE,12505.0,10671000.0,50636.0,43849000.0,38131.0,33178000.0
928298108,Not New,VISHAY INTERTECHNOLOGY INC,9441.0,455000.0,16544.0,880000.0,7103.0,425000.0
38046CAB5,Sold Out,GOGO INC,10334.0,11320000.0,,,,
59804T407,Not New,MIDSTATES PETROLEUM CO INC,3384.0,204107.0,3172.0,204107.0,-212.0,0.0
53071M856,Not New,LIBERTY VENTURES,8136.0,150000.0,17265.0,300000.0,9129.0,150000.0
69366JAB7,Not New,PTC THERAPEUTICS INC,7417.0,9510000.0,8417.0,10355000.0,1000.0,845000.0
57682V205,Not New,MATLIN AND PARTNERS ACQUISITION CORP,15120.0,1500000.0,15225.0,1500000.0,105.0,0.0
743424AD5,Not New,PROOFPOINT INC,11723.0,9332000.0,16335.0,13000000.0,4612.0,3668000.0
02005N100,Not New,ALLY FINANCIAL INC,284601.0,9760000.0,240013.0,9893300.0,-44588.0,133300.0
94419LAA9,Not New,WAYFAIR INC,7323.0,7000000.0,19369.0,20000000.0,12046.0,13000000.0
G8232Y101,Sold Out,SMART GLOBAL HOLDINGS INC,12538.0,468185.0,,,,
88160RAC5,Sold Out,TESLA INC,63019.0,55865000.0,,,,
92343XAA8,Not New,VERINT SYSTEMS INC,14829.0,15190000.0,4811.0,4900000.0,-10018.0,-10290000.0
16411RAG4,Not New,CHENIERE ENERGY INC,12300.0,17219000.0,12358.0,17814000.0,58.0,595000.0
31660B101,Not New,FIESTA RESTAURANT GROUP INC,18050.0,950000.0,5258.0,276714.0,-12792.0,-673286.0
00182CAA1,New Holding,ANI PHARMACEUTICALS INC,,,14666.0,12719000.0,,
45784PAF8,New Holding,INSULET CORP,,,20678.0,15800000.0,,
45256BAE1,Not New,IMPAX LABORATORIES INC,15356.0,15750000.0,16179.0,17860000.0,823.0,2110000.0
04269XAB1,New Holding,ARRAY BIOPHARMA INC,,,9005.0,8000000.0,,
552848103,Not New,MGIC INVESTMENT CORP,7055.0,500000.0,15850.0,1265000.0,8795.0,765000.0
G66964118,Not New,OCEAN RIG UDW INC,21284.0,794183.0,18878.0,794183.0,-2406.0,0.0
22943F100,Not New,CTRIP.COM INTERNATIONAL LTD,28806.0,653202.0,15034.0,285066.0,-13772.0,-368136.0
22822V309,Not New,CROWN CASTLE INTERNATIONAL CORP,47576.0,42009.0,32041.0,30000.0,-15535.0,-12009.0
26817R108,Not New,DYNEGY INC,99828.0,8424322.0,82473.0,8424322.0,-17355.0,0.0
092533AB4,Not New,BLACKROCK CAPITAL INVESTMENT CORP,4049.0,4000000.0,4065.0,4000000.0,16.0,0.0
38741LAB3,New Holding,GRANITE POINT MORTGAGE TRUST INC,,,18054.0,18100000.0,,
87238QAB9,Not New,TCP CAPITAL CORP,7705.0,7356000.0,7793.0,7356000.0,88.0,0.0
530610AD6,Sold Out,LIBERTY INTERACTIVE LLC,37324.0,31320000.0,,,,
864909AA4,Sold Out,SUCAMPO PHARMACEUTICALS INC,6219.0,6000000.0,,,,
8676EP108,Not New,SUNOPTA INC,62718.0,8092699.0,38216.0,4392699.0,-24502.0,-3700000.0
128126AB5,Not New,CALAMP CORP,16181.0,15230000.0,17198.0,16000000.0,1017.0,770000.0
02319V103,Not New,COMPANIA DE BEBIDAS DAS AME (AMBEV),35582.0,5508041.0,36026.0,5466785.0,444.0,-41256.0
69329YAG9,Not New,PDL BIOPHARMA INC,4834.0,5000000.0,7135.0,6665000.0,2301.0,1665000.0
45772FAC1,New Holding,INPHI CORP,,,5973.0,6000000.0,,
442488BN1,Sold Out,K HOVNANIAN ENTERPRISES INC,4995.0,5000000.0,,,,
465562106,Not New,BANCO ITAU,120052.0,9234691.0,126590.0,9240139.0,6538.0,5448.0
854502887,Not New,STANLEY BLACK & DECKER INC,27706.0,225715.0,27871.0,243100.0,165.0,17385.0
984332AF3,Not New,ALTABA INC,43788.0,32421000.0,72801.0,55871000.0,29013.0,23450000.0
92531L207,Not New,VERSO CORP,47972.0,2730388.0,14869.0,2921971.0,-33103.0,191583.0
G81075AF3,Not New,SHIP FINANCE INTERNATIONAL LTD,21765.0,20295000.0,16789.0,16035000.0,-4976.0,-4260000.0
27875TAA9,Not New,ECHO GLOBAL LOGISTICS INC,12590.0,12135000.0,6246.0,6486000.0,-6344.0,-5649000.0
29276K101,Not New,ENERGY XXI GULF COAST INC,22446.0,3910545.0,40435.0,3910545.0,17989.0,0.0
