CUSIP,status,NAME OF ISSUER,(x$1000)_old,PRN AMT_old,(x$1000),PRN AMT,(x$1000)_change,PRN AMT_change
09739CAB8,Not New,BOINGO WIRELESS INC,3291.0,3746000.0,7703.0,8631000.0,4412.0,4885000.0
401617AD7,Not New,GUESS INC,5460.0,6740000.0,7355.0,10877000.0,1895.0,4137000.0
87724P106,Sold Out,TAYLOR MORRISON HOME CORP,124095.0,6433140.0,,,,
69354NAB2,Not New,PRA GROUP INC,2917.0,2649999.0,2073.0,2000000.0,-844.0,-649999.0
67020YAK6,Not New,NUANCE COMMUNICATIONS INC,2330.0,1600000.0,591.0,500000.0,-1739.0,-1100000.0
235851300,Sold Out,DANAHER CORP,574.0,461.0,,,,
472145AB7,Not New,JAZZ PHARMACEUTICALS PLC,13041.0,12848000.0,4451.0,4557000.0,-8590.0,-8291000.0
893830BJ7,Sold Out,TRANSOCEAN LTD,2202.0,5278000.0,,,,
059460303,Not New,BANCO BRADESCO SA,25183.0,7342002.0,28327.0,7435056.0,3144.0,93054.0
759916AB5,Not New,REPLIGEN CORP,3577.0,2506000.0,2901.0,2306000.0,-676.0,-200000.0
Y8162K204,Not New,STAR BULK CARRIERS CORP,268751.0,39006017.0,257439.0,39006017.0,-11312.0,0.0
225447AB7,Sold Out,CREE INC,4949.0,4200000.0,,,,
531229AF9,New Holding,LIBERTY MEDIA CORP-LIBERTY FORMULA ONE,,,3515.0,2951000.0,,
92886TAJ1,Not New,VONAGE HOLDINGS CORP,10810.0,11163000.0,11883.0,12673000.0,1073.0,1510000.0
097793400,Sold Out,BONANZA CREEK ENERGY INC,414.0,28000.0,,,,
29404KAB2,Sold Out,ENVESTNET INC,2717.0,2200000.0,,,,
682189AP0,Not New,ON SEMICONDUCTOR CORP,4630.0,3500000.0,4256.0,3500000.0,-374.0,0.0
64829BAB6,Not New,NEW RELIC INC,8463.0,8834000.0,11534.0,11907000.0,3071.0,3073000.0
077347201,Not New,BEL FUSE INC,838.0,71613.0,717.0,71613.0,-121.0,0.0
267475AB7,Not New,DYCOM INDUSTRIES INC,14131.0,14438000.0,12040.0,12708000.0,-2091.0,-1730000.0
45174J509,Sold Out,IHEARTMEDIA INC,5972.0,715247.0,,,,
34959JAK4,Not New,FORTIVE CORP,22777.0,22621000.0,19276.0,19527000.0,-3501.0,-3094000.0
Y0207T100,Not New,ARDMORE SHIPPING CORP,5696.0,1600000.0,4885.0,1125709.0,-811.0,-474291.0
05501U106,Not New,AZUL SA,22005.0,1672154.0,18938.0,1693938.0,-3067.0,21784.0
98422D105,New Holding,XPENG INC,,,5442.0,271170.0,,
98986TAB4,Not New,ZYNGA INC,2102.0,1655000.0,4741.0,3655000.0,2639.0,2000000.0
67402D104,Not New,OAKTREE STRATEGIC INCOME CORP,2551.0,392000.0,2485.0,392000.0,-66.0,0.0
256163AB2,Sold Out,DOCUSIGN INC,241.0,99000.0,,,,
00971TAL5,New Holding,AKAMAI TECHNOLOGIES INC,,,10219.0,8795000.0,,
75606NAC3,Sold Out,REALPAGE INC,3564.0,3300000.0,,,,
670851500,Not New,OI SA,3192.0,2201646.0,2311.0,2201646.0,-881.0,0.0
55608BAB1,Not New,MACQUARIE INFRASTRUCTURE CORP,9360.0,10300000.0,13147.0,15157000.0,3787.0,4857000.0
42330PAH0,Not New,HELIX ENERGY SOLUTIONS GROUP INC,9137.0,9634000.0,5828.0,6815000.0,-3309.0,-2819000.0
651718AE8,Not New,NEWPARK RESOURCES INC,2507.0,2843000.0,1308.0,1459000.0,-1199.0,-1384000.0
695127AD2,Sold Out,PACIRA BIOSCIENCES INC,2187.0,2000000.0,,,,
25470MAD1,Not New,DISH NETWORK CORP,12314.0,13627000.0,11895.0,13238000.0,-419.0,-389000.0
45845PAA6,Not New,INTERCEPT PHARMACEUTICALS INC,21933.0,27113000.0,20172.0,26629000.0,-1761.0,-484000.0
060505682,Not New,BANK OF AMERICA CORP,7006.0,4709.0,5111.0,3808.0,-1895.0,-901.0
278279104,Sold Out,EATON VANCE FLOATING-RATE INCOME TRUST,3396.0,297900.0,,,,
74624MAB8,Not New,PURE STORAGE INC,2009.0,2064000.0,6976.0,7078000.0,4967.0,5014000.0
750917AG1,Sold Out,RAMBUS INC,2148.0,2054000.0,,,,
922417AD2,Not New,VEECO INSTRUMENTS INC,5936.0,6342000.0,8259.0,9017000.0,2323.0,2675000.0
04010LAW3,Not New,ARES CAPITAL CORP,9229.0,8858000.0,4363.0,4458000.0,-4866.0,-4400000.0
01741RAG7,Not New,ALLEGHENY TECHNOLOGIES INC,1926.0,1869000.0,3999.0,3740000.0,2073.0,1871000.0
43940TAB5,Not New,HOPE BANCORP INC,10473.0,12725000.0,14695.0,17731000.0,4222.0,5006000.0
366505105,New Holding,GARRETT MOTION INC,,,12396.0,3593111.0,,
49639K101,Not New,KINGSOFT CORP LTD,21777.0,737476.0,17927.0,568756.0,-3850.0,-168720.0
784730AB9,Not New,SSR MINING INC,11321.0,8449000.0,12319.0,8849000.0,998.0,400000.0
902104AB4,Not New,II-VI INC,163.0,145000.0,3563.0,3000000.0,3400.0,2855000.0
46267XAD0,Not New,IQIYI INC,1812.0,1900000.0,5182.0,5200000.0,3370.0,3300000.0
76120WAC8,Not New,EXANTAS CAPITAL CORP,65861.0,72675000.0,58570.0,76314000.0,-7291.0,3639000.0
09061GAF8,New Holding,BIOMARIN PHARMACEUTICAL INC,,,13444.0,13428000.0,,
472145AD3,Not New,JAZZ PHARMACEUTICALS PLC,3064.0,3021000.0,4758.0,5183000.0,1694.0,2162000.0
892231101,Not New,TOWNSQUARE MEDIA INC,7433.0,1595224.0,7130.0,1595224.0,-303.0,0.0
90187BAA9,Not New,TWO HARBORS INVESTMENT CORP,6571.0,6555000.0,4046.0,4029000.0,-2525.0,-2526000.0
85571BAH8,Not New,STARWOOD PROPERTY TRUST INC,12442.0,12912000.0,1926.0,2006000.0,-10516.0,-10906000.0
393657AK7,Not New,GREENBRIER COS INC/THE,20227.0,22022000.0,11879.0,14369000.0,-8348.0,-7653000.0
649604AD7,Not New,NEW YORK MORTGAGE TRUST INC,1772.0,1823000.0,1658.0,1823000.0,-114.0,0.0
878155AE0,New Holding,TEAM INC,,,1902.0,2263000.0,,
049164BJ4,Sold Out,ATLAS AIR WORLDWIDE HOLDINGS INC,1038.0,1074000.0,,,,
91325V108,New Holding,UNITI GROUP INC,,,47140.0,4474624.0,,
461203AJ0,Not New,INVACARE CORP,4841.0,5618000.0,3160.0,3709000.0,-1681.0,-1909000.0
86800U104,Not New,SUPER MICRO COMPUTER INC,86714.0,3284636.0,93250.0,3284636.0,6536.0,0.0
867652AL3,Not New,SUNPOWER CORP,6853.0,7150000.0,2214.0,2726000.0,-4639.0,-4424000.0
91822M106,Not New,VEON LTD,2367.0,1878900.0,3382.0,1878900.0,1015.0,0.0
749119AB9,Not New,QUOTIENT TECHNOLOGY INC,7191.0,7489000.0,373.0,412000.0,-6818.0,-7077000.0
03762UAB1,Not New,APOLLO COMMERCIAL REAL ESTATE FINANCE INC,7253.0,7653000.0,4172.0,4761000.0,-3081.0,-2892000.0
87157DAD1,Not New,SYNAPTICS INC,5204.0,4199999.0,2242.0,2100000.0,-2962.0,-2099999.0
98426TAD8,Not New,JOYY INC,2163.0,2000000.0,2197.0,2000000.0,34.0,0.0
647551AC4,Not New,NEW MOUNTAIN FINANCE CORP,11668.0,11610000.0,7530.0,8001000.0,-4138.0,-3609000.0
948596AC5,Not New,WEIBO CORP,5303.0,5550000.0,7534.0,8059000.0,2231.0,2509000.0
42703MAD5,Not New,HERBALIFE NUTRITION LTD,15335.0,15307000.0,20181.0,20437000.0,4846.0,5130000.0
72941BAB2,Not New,PLURALSIGHT INC,9234.0,10399000.0,7995.0,9006000.0,-1239.0,-1393000.0
N72482AT4,Not New,Qiagen NV,9850.0,8000000.0,2818.0,2600000.0,-7032.0,-5400000.0
45104G104,Not New,ICICI BANK LTD,59476.0,6050513.0,48781.0,5251011.0,-10695.0,-799502.0
538034AQ2,New Holding,LIVE NATION ENTERTAINMENT INC,,,4699.0,4200000.0,,
703343AB9,Not New,PATRICK INDUSTRIES INC,8783.0,8839000.0,11086.0,11010000.0,2303.0,2171000.0
92837L109,Not New,VISTA OIL & GAS SAB DE CV,7049.0,3133000.0,9555.0,3133000.0,2506.0,0.0
G01125106,Not New,AFYA LTD,47711.0,1751540.0,41223.0,1758666.0,-6488.0,7126.0
156504300,Not New,CENTURY COMMUNITIES INC,13968.0,330000.0,41850.0,1365000.0,27882.0,1035000.0
Y20676105,Not New,DIAMOND S SHIPPING INC,151.0,22076.0,176.0,22076.0,25.0,0.0
48251KAB6,Not New,KKR REAL ESTATE FINANCE TRUST INC,13031.0,13255000.0,7602.0,7882000.0,-5429.0,-5373000.0
67020YAG5,Not New,NUANCE COMMUNICATIONS INC,2543.0,1543000.0,3043.0,2343000.0,500.0,800000.0
Y2187A143,Sold Out,EAGLE BULK SHIPPING INC,64701.0,29544139.0,,,,
98138HAF8,Not New,WORKDAY INC,3852.0,2500000.0,6897.0,5000000.0,3045.0,2500000.0
67059NAB4,Not New,NUTANIX INC,8952.0,9524000.0,7587.0,8545000.0,-1365.0,-979000.0
077347300,Not New,BEL FUSE INC,4941.0,462679.0,4964.0,462679.0,23.0,0.0
151290889,Not New,CEMEX SAB DE CV,90961.0,23937114.0,68941.0,23938116.0,-22020.0,1002.0
874039100,Not New,TAIWAN SEMICONDUCTOR MANUFACTURING CO LTD,205758.0,2538033.0,215923.0,3803479.0,10165.0,1265446.0
31816QAF8,New Holding,FIREEYE INC,,,259.0,278000.0,,
08180DAB2,Not New,BENEFITFOCUS INC,5512.0,6743000.0,5400.0,6821000.0,-112.0,78000.0
55826T102,Not New,MADISON SQUARE GARDEN ENTERTAINMENT CORP,2054.0,30000.0,2250.0,30000.0,196.0,0.0
83587F202,Sold Out,SORRENTO THERAPEUTICS INC,631.0,100500.0,,,,
750469AA6,Sold Out,RADIUS HEALTH INC,4099.0,5565000.0,,,,
46429B598,Not New,ISHARES MSCI INDIA ETF,4110.0,121400.0,4013.0,138300.0,-97.0,16900.0
81170YAB5,Sold Out,SEACOR HOLDINGS INC,1548.0,1563000.0,,,,
269442AB5,New Holding,EAGLE BULK SHIPPING INC,,,33427.0,45480000.0,,
00163UAD8,Not New,AMAG PHARMACEUTICALS INC,4843.0,5350000.0,5023.0,6407000.0,180.0,1057000.0
682189AK1,Not New,ON SEMICONDUCTOR CORP,1651.0,1376000.0,1606.0,1376000.0,-45.0,0.0
868459AD0,Not New,SUPERNUS PHARMACEUTICALS INC,7708.0,8324000.0,14613.0,16511000.0,6905.0,8187000.0
19624RAB2,Not New,COLONY CAPITAL INC,328.0,326000.0,12064.0,12626000.0,11736.0,12300000.0
57164YAB3,Not New,MARRIOTT VACATIONS WORLDWIDE CORP,16103.0,16300000.0,13842.0,14953000.0,-2261.0,-1347000.0
00851L103,Not New,AGORA INC,4126.0,96010.0,4357.0,98645.0,231.0,2635.0
64049MAA8,Not New,NEOGENOMICS INC,1254.0,1000000.0,1075.0,1000000.0,-179.0,0.0
40049J206,Not New,GRUPO TELEVISA SAB,13398.0,2168000.0,11203.0,2138000.0,-2195.0,-30000.0
62482R107,Not New,MR COOPER GROUP INC,38720.0,1734789.0,23978.0,1927544.0,-14742.0,192755.0
45667G103,Not New,INFINERA CORP,155080.0,25175384.0,149038.0,25175384.0,-6042.0,0.0
43010E404,Not New,HIGHLAND INCOME FUND,4037.0,470000.0,3783.0,470000.0,-254.0,0.0
128126AD1,Not New,CALAMP CORP,2763.0,3369000.0,1169.0,1497000.0,-1594.0,-1872000.0
833635105,Not New,SOCIEDAD QUIMICA Y MINERA DE CHILE SA,19331.0,596273.0,15746.0,604020.0,-3585.0,7747.0
14161HAG3,Not New,CARDTRONICS PLC,14716.0,14717000.0,7811.0,7880000.0,-6905.0,-6837000.0
55933J203,Not New,MAGNACHIP SEMICONDUCTOR CORP,40271.0,2939537.0,30277.0,2939537.0,-9994.0,0.0
105532105,Not New,BRASKEM SA,3881.0,519550.0,4494.0,519550.0,613.0,0.0
615111101,New Holding,MONTROSE ENVIRONMENTAL GROUP INC,,,102965.0,4322644.0,,
90184LAD4,Not New,TWITTER INC,14796.0,14851000.0,15505.0,15805000.0,709.0,954000.0
461203AF8,Sold Out,INVACARE CORP,2154.0,2272000.0,,,,
697435AD7,Sold Out,PALO ALTO NETWORKS INC,4712.0,4397999.0,,,,
185899AA9,New Holding,CLEVELAND-CLIFFS INC,,,1038.0,1000000.0,,
33938JAB2,Not New,FLEXION THERAPEUTICS INC,1955.0,2457000.0,7532.0,8987000.0,5577.0,6530000.0
60879BAB3,New Holding,MOMO INC,,,2597.0,3299000.0,,
056752108,Not New,BAIDU INC,53078.0,419297.0,50750.0,423307.0,-2328.0,4010.0
71654V408,Not New,PETROLEO BRASILEIRO SA,28891.0,4057859.0,33995.0,4110666.0,5104.0,52807.0
98954MAC5,Not New,ZILLOW GROUP INC,1875.0,1312000.0,7991.0,7673000.0,6116.0,6361000.0
19624RAA4,New Holding,COLONY CAPITAL INC,,,9685.0,9945000.0,,
126132109,New Holding,CNOOC LTD,,,30920.0,321925.0,,
629209305,Not New,NMI HOLDINGS INC,86597.0,4865000.0,70752.0,4400000.0,-15845.0,-465000.0
90184LAF9,Not New,TWITTER INC,8011.0,7165000.0,656.0,695000.0,-7355.0,-6470000.0
049164BH8,Not New,ATLAS AIR WORLDWIDE HOLDINGS INC,8909.0,8090000.0,12197.0,12778000.0,3288.0,4688000.0
901109AD0,Sold Out,TUTOR PERINI CORP,3898.0,4095000.0,,,,
46131H107,Not New,INVESCO SENIOR INCOME TRUST,3660.0,1000000.0,10273.0,2969177.0,6613.0,1969177.0
25470MAB5,Not New,DISH NETWORK CORP,35810.0,38904000.0,43209.0,46910000.0,7399.0,8006000.0
678026AH8,Sold Out,OIL STATES INTERNATIONAL INC,4129.0,8188000.0,,,,
292554AH5,Not New,ENCORE CAPITAL GROUP INC,12796.0,12733000.0,13193.0,13661000.0,397.0,928000.0
80918TAB5,New Holding,SCORPIO TANKERS INC,,,5802.0,6238000.0,,
879273209,Not New,TELECOM ARGENTINA SA,14783.0,2260500.0,20231.0,2260500.0,5448.0,0.0
67401P108,Not New,OAKTREE SPECIALTY LENDING CORP,1335.0,276000.0,1233.0,276000.0,-102.0,0.0
88160RAD3,Not New,TESLA INC,1393.0,213000.0,1369.0,413000.0,-24.0,200000.0
Y11082206,Not New,CAPITAL PRODUCT PARTNERS LP,212.0,32142.0,259.0,32142.0,47.0,0.0
521865204,New Holding,LEAR CORP,,,1472.0,13498.0,,
67073D102,Not New,NUVEEN CREDIT STRATEGIES INCOME FUND,16538.0,2798386.0,8064.0,1380972.0,-8474.0,-1417414.0
035128206,Not New,ANGLOGOLD ASHANTI LTD,75762.0,2871986.0,94730.0,3212281.0,18968.0,340295.0
92840M102,Not New,VISTRA ENERGY CORP,571044.0,30278055.0,563777.0,30278055.0,-7267.0,0.0
62957HAB1,Not New,NABORS INDUSTRIES LTD,12930.0,46598000.0,17263.0,46598000.0,4333.0,0.0
29476L107,New Holding,EQUITY RESIDENTIAL,,,14629.0,285000.0,,
58733R102,Not New,MERCADOLIBRE INC,28360.0,26200.0,32234.0,32700.0,3874.0,6500.0
37186H100,Not New,GENETRON HOLDINGS LTD,7713.0,646012.0,7887.0,653441.0,174.0,7429.0
171798101,Not New,CIMAREX ENERGY CO,10114.0,415735.0,11428.0,415735.0,1314.0,0.0
53220KAF5,Not New,LIGAND PHARMACEUTICALS INC,16940.0,18629000.0,17437.0,19826000.0,497.0,1197000.0
98139AAB1,New Holding,WORKIVA INC,,,3403.0,3400000.0,,
925550AB1,New Holding,VIAVI SOLUTIONS INC,,,750.0,664000.0,,
852234AD5,Sold Out,SQUARE INC,5959.0,4000000.0,,,,
69327RAD3,Not New,PDC ENERGY INC,2870.0,2995000.0,3498.0,3758000.0,628.0,763000.0
826917106,Not New,SIGA TECHNOLOGIES INC,1097.0,159782.0,944.0,159782.0,-153.0,0.0
722304AB8,New Holding,PINDUODUO INC,,,379.0,209000.0,,
163092AD1,Sold Out,CHEGG INC,3340.0,2354000.0,,,,
427096AF9,Not New,HERCULES CAPITAL INC,10989.0,10921000.0,10584.0,10836000.0,-405.0,-85000.0
393222AF1,Not New,GREEN PLAINS INC,9133.0,9384000.0,1583.0,1978000.0,-7550.0,-7406000.0
457669AA7,Not New,INSMED INC,10166.0,9325000.0,8132.0,8325000.0,-2034.0,-1000000.0
01609W102,Sold Out,ALIBABA GROUP HOLDING LTD,60945.0,282547.0,,,,
03212B103,Not New,AMPLIFY ENERGY CORP,349.0,410041.0,504.0,410041.0,155.0,0.0
36164V305,Not New,GCI LIBERTY INC,12294.0,150000.0,10668.0,150000.0,-1626.0,0.0
38147UAB3,Not New,GOLDMAN SACHS BDC INC,4543.0,4487000.0,8209.0,8251000.0,3666.0,3764000.0
452327AK5,Not New,ILLUMINA INC,2103.0,1970000.0,4898.0,4470000.0,2795.0,2500000.0
09257WAB6,Not New,BLACKSTONE MORTGAGE TRUST INC,10212.0,10569000.0,6955.0,7380000.0,-3257.0,-3189000.0
91912E105,New Holding,VALE SA,,,46059.0,4353472.0,,
302301AE6,Not New,EZCORP INC,8603.0,10899000.0,5584.0,7130000.0,-3019.0,-3769000.0
09239BAB5,New Holding,BLACKLINE INC,,,4141.0,3000000.0,,
40416EAD5,Not New,HCI GROUP INC,4084.0,4042000.0,4015.0,4042000.0,-69.0,0.0
27828Q105,Not New,EATON VANCE SENIOR FLOATING-RATE TRUST,2594.0,223098.0,2876.0,254100.0,282.0,31002.0
73640QAB1,Sold Out,PRA GROUP INC,11615.0,11654000.0,,,,
811904AM3,Not New,SEACOR HOLDINGS INC,1522.0,1700000.0,1485.0,1700000.0,-37.0,0.0
88163VAE9,Not New,TEVA PHARMACEUTICAL INDUSTRIES LTD,10942.0,11160000.0,15034.0,15366000.0,4092.0,4206000.0
Y2187A150,New Holding,EAGLE BULK SHIPPING INC,,,69091.0,4220591.0,,
844741BG2,Not New,SOUTHWEST AIRLINES CO,10233.0,7812000.0,3738.0,3100000.0,-6495.0,-4712000.0
G89479102,Not New,TORM PLC,361372.0,53346436.0,355596.0,51804925.0,-5776.0,-1541511.0
595017AF1,Not New,MICROCHIP TECHNOLOGY INC,462.0,300000.0,5333.0,3610000.0,4871.0,3310000.0
741503AX4,Not New,BOOKING HOLDINGS INC,1848.0,1733000.0,3653.0,3431000.0,1805.0,1698000.0
02917TAB0,Not New,VEREIT INC,8154.0,8140000.0,2064.0,2066000.0,-6090.0,-6074000.0
08579X101,Not New,BERRY PETROLEUM CORP,40935.0,12913313.0,62371.0,12913313.0,21436.0,0.0
00922RAB1,Not New,AIR TRANSPORT SERVICES GROUP INC,5069.0,4766000.0,5474.0,5753000.0,405.0,987000.0
69331C108,Not New,PG&E CORP,211275.0,22500000.0,199575.0,22500000.0,-11700.0,0.0
45686J104,Not New,INFRASTRUCTURE & ENERGY ALTERNATIVES LLC,279.0,46904.0,187.0,46904.0,-92.0,0.0
02005N100,Not New,ALLY FINANCIAL INC,358965.0,14318541.0,283936.0,14318541.0,-75029.0,0.0
07134L107,Not New,BATTALION OIL CORP,23778.0,3009912.0,28594.0,3009912.0,4816.0,0.0
207410AF8,New Holding,CONMED CORP,,,3373.0,3000000.0,,
92343XAA8,Not New,VERINT SYSTEMS INC,11418.0,11250000.0,11820.0,11909000.0,402.0,659000.0
761299AB2,Not New,RETROPHIN INC,9455.0,11060000.0,11836.0,14178000.0,2381.0,3118000.0
552848103,Not New,MGIC INVESTMENT CORP,26757.0,3020000.0,24733.0,3020000.0,-2024.0,0.0
09255X100,Not New,BLACKROCK FLOATING RATE INCOME STRATEGIES FUND INC,5846.0,508353.0,5895.0,527327.0,49.0,18974.0
40171VAA8,Not New,GUIDEWIRE SOFTWARE INC,3753.0,3258000.0,4857.0,4158000.0,1104.0,900000.0
848637AC8,Sold Out,SPLUNK INC,6345.0,4395000.0,,,,
928298AP3,Not New,VISHAY INTERTECHNOLOGY INC,4185.0,4314000.0,6968.0,7452000.0,2783.0,3138000.0
22822V309,Sold Out,CROWN CASTLE INTERNATIONAL CORP,484.0,326.0,,,,
28470R102,Sold Out,ELDORADO RESORTS INC,18027.0,450000.0,,,,
46132R104,Not New,INVESCO DYNAMIC CREDIT OPPORTUNITIES FUND,1724.0,187296.0,1655.0,185968.0,-69.0,-1328.0
46185LAB9,New Holding,INVITAE CORP,,,4948.0,3000000.0,,
38046YAB7,Not New,GOLAR LNG LTD,4984.0,6506000.0,2537.0,3423000.0,-2447.0,-3083000.0
127686103,Sold Out,CAESARS ENTERTAINMENT CORP,184982.0,15250000.0,,,,
19625XAB8,New Holding,INVITATION HOMES INC,,,3694.0,2850000.0,,
67072T108,Not New,NUVEEN FLOATING RATE INCOME FUND,3819.0,459633.0,7380.0,934302.0,3561.0,474669.0
8676EP108,Not New,SUNOPTA INC,60047.0,8092699.0,38035.0,8092699.0,-22012.0,0.0
30050BAB7,Not New,EVOLENT HEALTH INC,8039.0,8126000.0,3631.0,4147000.0,-4408.0,-3979000.0
54150E104,Not New,LOMA NEGRA CIA INDUSTRIAL ARGENTINA SA,1474.0,342000.0,1456.0,342000.0,-18.0,0.0
958102AP0,Not New,WESTERN DIGITAL CORP,14798.0,15506000.0,10640.0,11259000.0,-4158.0,-4247000.0
16949NAC3,Not New,HUAZHU GROUP LTD,1692.0,1500000.0,502.0,500000.0,-1190.0,-1000000.0
31816QAD3,Not New,FIREEYE INC,11270.0,11611000.0,14729.0,15543000.0,3459.0,3932000.0
30063PAB1,Not New,EXACT SCIENCES CORP,4819.0,4100000.0,4684.0,4500000.0,-135.0,400000.0
G5480U120,Not New,Liberty Global PLC,41070.0,2000000.0,43020.0,2000000.0,1950.0,0.0
05351XAB7,Not New,AVAYA HOLDINGS CORP,7108.0,7491000.0,7825.0,9456000.0,717.0,1965000.0
74736LAD1,Not New,Q2 HOLDINGS INC,1475.0,1200000.0,3421.0,3000000.0,1946.0,1800000.0
465562106,Not New,ITAU UNIBANCO HOLDING SA,78886.0,19820607.0,89162.0,19011118.0,10276.0,-809489.0
53069QAB5,New Holding,LIBERTY LATIN AMERICA LTD,,,3585.0,4359000.0,,
697660207,Not New,PAMPA ENERGIA SA,8770.0,849000.0,8906.0,849000.0,136.0,0.0
893870204,Not New,TRANSPORTADORA DE GAS DEL SUR SA,8298.0,1994729.0,11230.0,1994729.0,2932.0,0.0
18453H106,Sold Out,CLEAR CHANNEL OUTDOOR HOLDINGS INC,1749.0,1681898.0,,,,
G81075AF3,Not New,SFL CORP LTD,9152.0,9266000.0,8335.0,8742000.0,-817.0,-524000.0
90041LAE5,New Holding,TURNING POINT BRANDS INC,,,8733.0,9785000.0,,
02364W105,New Holding,AMERICA MOVIL SAB DE CV,,,34110.0,2731037.0,,
