CUSIP,status,NAME OF ISSUER,(x$1000)_old,PRN AMT_old,(x$1000),PRN AMT,(x$1000)_change,PRN AMT_change
206519100,Not New,CONCORDIA HEALTHCARE CORP,580.0,13600.0,1466.0,20300.0,886.0,6700.0
023135106,Sold Out,AMAZON COM INC,31906.0,73500.0,,,,
375558103,Not New,GILEAD SCIENCES INC,34593.0,352311.0,46763.0,399411.0,12170.0,47100.0
783513104,Not New,RYANAIR HLDGS PLC,7814.0,99792.0,7120.0,99792.0,-694.0,0.0
78464A888,Not New,SPDR SERIES TRUST,11809.0,345000.0,12634.0,345000.0,825.0,0.0
81211K100,Not New,SEALED AIR CORP NEW,561.0,11963.0,615.0,11963.0,54.0,0.0
023586100,New Holding,AMERCO,,,9771.0,24832.0,,
698354107,New Holding,PANDORA MEDIA INC,,,23645.0,1108000.0,,
81282V100,Not New,SEAWORLD ENTMT INC,24496.0,1375382.0,14021.0,760382.0,-10475.0,-615000.0
98310W108,New Holding,WYNDHAM WORLDWIDE CORP,,,1596.0,22200.0,,
67066G104,Sold Out,NVIDIA CORP,8969.0,446000.0,,,,
452327109,Not New,ILLUMINA INC,27867.0,158500.0,26181.0,119900.0,-1686.0,-38600.0
53803X105,New Holding,LIVE OAK BANCSHARES INC,,,3527.0,179567.0,,
N6596X109,Not New,NXP SEMICONDUCTORS N V,9177.0,105400.0,11097.0,113000.0,1920.0,7600.0
16411R208,Not New,CHENIERE ENERGY INC,12751.0,264000.0,18285.0,264000.0,5534.0,0.0
574599106,Not New,MASCO CORP,1576.0,62600.0,2776.0,104100.0,1200.0,41500.0
92343X100,Sold Out,VERINT SYS INC,1166.0,19200.0,,,,
464287457,Not New,ISHARES TR,1376.0,16187.0,1374.0,16187.0,-2.0,0.0
34959E109,Sold Out,FORTINET INC,1583.0,38300.0,,,,
172967424,Not New,CITIGROUP INC,33735.0,680000.0,26515.0,480000.0,-7220.0,-200000.0
269246401,Not New,E TRADE FINANCIAL CORP,2504.0,95100.0,3211.0,107200.0,707.0,12100.0
46609J106,New Holding,J ALEXANDERS HLDGS INC,,,692.0,69434.0,,
251893103,Not New,DEVRY ED GROUP INC,30013.0,1103005.0,25813.0,861000.0,-4200.0,-242005.0
902925106,Sold Out,USA TRUCK INC,2172.0,102319.0,,,,
44919P508,Not New,IAC INTERACTIVECORP,15162.0,232300.0,24663.0,309600.0,9501.0,77300.0
G5480U153,New Holding,LIBERTY GLOBAL PLC,,,2544.0,74300.0,,
20337X109,New Holding,COMMSCOPE HLDG CO INC,,,31231.0,1040000.0,,
31620R402,Not New,FIDELITY NATIONAL FINANCIAL,4712.0,402008.0,8874.0,577008.0,4162.0,175000.0
47215P106,Not New,JD COM INC,66432.0,2549195.0,106944.0,3136195.0,40512.0,587000.0
247361702,Not New,DELTA AIR LINES INC DEL,44882.0,1000275.0,41765.0,1016675.0,-3117.0,16400.0
294628102,Not New,EQUITY COMWLTH,2321.0,85200.0,2187.0,85200.0,-134.0,0.0
12508E101,Not New,CDK GLOBAL INC,2193.0,45891.0,1981.0,36691.0,-212.0,-9200.0
21240E105,New Holding,CONTROLADORA VUELA CIA DE AV,,,1518.0,101772.0,,
57636Q104,Not New,MASTERCARD INC,3156.0,35025.0,3274.0,35025.0,118.0,0.0
G0177J108,Not New,ALLERGAN PLC,16227.0,59700.0,13504.0,44500.0,-2723.0,-15200.0
535919203,New Holding,LIONS GATE ENTMNT CORP,,,2359.0,64100.0,,
38259P706,Not New,GOOGLE INC,40524.0,66605.0,21187.0,40705.0,-19337.0,-25900.0
55003T107,Sold Out,LUMBER LIQUIDATORS HLDGS INC,4929.0,238000.0,,,,
556099109,Not New,MACROGENICS INC,8638.0,403275.0,12654.0,333275.0,4016.0,-70000.0
09253U108,Not New,BLACKSTONE GROUP L P,43581.0,1376100.0,29406.0,719500.0,-14175.0,-656600.0
89055F103,New Holding,TOPBUILD CORP,,,2040.0,65866.0,,
74139C102,Not New,PRETIUM RES INC,4659.0,770000.0,4173.0,770000.0,-486.0,0.0
24802Y105,Sold Out,DEMANDWARE INC,1159.0,16300.0,,,,
835699307,Not New,SONY CORP,7909.0,322834.0,9165.0,322834.0,1256.0,0.0
780287108,Not New,ROYAL GOLD INC,3641.0,77500.0,4773.0,77500.0,1132.0,0.0
80283M101,Sold Out,SANTANDER CONSUMER USA HDG I,14958.0,585000.0,,,,
55608B105,Not New,MACQUARIE INFRASTRUCTURE COR,25310.0,339000.0,20162.0,244000.0,-5148.0,-95000.0
143658300,Not New,CARNIVAL CORP,365.0,7350.0,363.0,7350.0,-2.0,0.0
64110L106,Not New,NETFLIX INC,53138.0,514600.0,41847.0,63700.0,-11291.0,-450900.0
21925Y103,Sold Out,CORNERSTONE ONDEMAND INC,1211.0,34800.0,,,,
M4059L101,New Holding,ENZYMOTEC LTD,,,7284.0,804854.0,,
66705Y104,Not New,NORTHSTAR ASSET MGMT GROUP I,1977.0,137700.0,2831.0,153100.0,854.0,15400.0
400110102,Not New,GRUBHUB INC,20472.0,841100.0,1077.0,31600.0,-19395.0,-809500.0
38259P508,Not New,GOOGLE INC,1530.0,2396.0,8530.0,15796.0,7000.0,13400.0
30303M102,Not New,FACEBOOK INC,42873.0,476900.0,38174.0,445100.0,-4699.0,-31800.0
651639106,Not New,NEWMONT MINING CORP,2925.0,182000.0,4252.0,182000.0,1327.0,0.0
65481J109,New Holding,NIVALIS THERAPEUTICS INC,,,8442.0,650915.0,,
037833100,Not New,APPLE INC,40701.0,369000.0,38882.0,310000.0,-1819.0,-59000.0
44157R109,Not New,HOUGHTON MIFFLIN HARCOURT CO,1572.0,77400.0,1734.0,68800.0,162.0,-8600.0
