CUSIP,status,NAME OF ISSUER,(x$1000)_old,PRN AMT_old,(x$1000),PRN AMT,(x$1000)_change,PRN AMT_change
G66721104,Not New,NORWEGIAN CRUISE LINE HLDGS,11662.0,219000.0,13399.0,247900.0,1737.0,28900.0
81141R100,New Holding,SEA LTD,,,5092.0,382000.0,,
375558103,Not New,GILEAD SCIENCES INC,2759.0,38511.0,3120.0,38511.0,361.0,0.0
82900L102,New Holding,SIMPLY GOOD FOODS CO,,,357.0,25000.0,,
02083G100,Not New,ALPINE IMMUNE SCIENCES INC,1823.0,162728.0,1888.0,162728.0,65.0,0.0
844741108,New Holding,SOUTHWEST AIRLS CO,,,982.0,15000.0,,
101137107,Sold Out,BOSTON SCIENTIFIC CORP,31197.0,1069500.0,,,,
036752103,Not New,ANTHEM INC,21938.0,97500.0,19558.0,103000.0,-2380.0,5500.0
30219E103,Sold Out,EXPRESS INC,541.0,80000.0,,,,
55616P104,New Holding,MACYS INC,,,378.0,15000.0,,
194162103,New Holding,COLGATE PALMOLIVE CO,,,755.0,10000.0,,
253393102,New Holding,DICKS SPORTING GOODS INC,,,517.0,18000.0,,
02079K305,Not New,ALPHABET INC,2892.0,2745.0,2673.0,2745.0,-219.0,0.0
21240E105,Not New,CONTROLADORA VUELA CIA DE AV,20807.0,2594405.0,12483.0,1051614.0,-8324.0,-1542791.0
37045V100,New Holding,GENERAL MTRS CO,,,1230.0,30000.0,,
552953101,Not New,MGM RESORTS INTERNATIONAL,1736.0,52000.0,2216.0,68000.0,480.0,16000.0
G0772R208,Sold Out,BANK OF NT BUTTERFIELD&SON L,3030.0,82709.0,,,,
585464100,Not New,MELCO RESORT ENTERTAINMENT L,726.0,25000.0,603.0,25000.0,-123.0,0.0
17275R102,New Holding,CISCO SYS INC,,,21218.0,554000.0,,
548661107,New Holding,LOWES COS INC,,,1394.0,15000.0,,
698813102,New Holding,PAPA JOHNS INTL INC,,,842.0,15000.0,,
698813102,New Holding,PAPA JOHNS INTL INC,,,931.0,16600.0,,
01609W102,Not New,ALIBABA GROUP HLDG LTD,3914.0,22700.0,32746.0,189600.0,28832.0,166900.0
60879B107,Sold Out,MOMO INC,4012.0,128000.0,,,,
G6095L109,New Holding,APTIV PLC,,,1103.0,13000.0,,
G6095L109,New Holding,APTIV PLC,,,1747.0,20600.0,,
Y09827109,Sold Out,BROADCOM LTD,19500.0,80400.0,,,,
594918104,Not New,MICROSOFT CORP,32885.0,384440.0,32779.0,440040.0,-106.0,55600.0
89853L104,Not New,T2 BIOSYSTEMS INC,9566.0,2321800.0,8378.0,1994685.0,-1188.0,-327115.0
46266C105,New Holding,IQVIA HLDGS INC,,,25562.0,261100.0,,
693656100,Not New,PVH CORP,1098.0,8000.0,1387.0,11000.0,289.0,3000.0
00846U101,New Holding,AGILENT TECHNOLOGIES INC,,,19153.0,286000.0,,
45104G104,Sold Out,ICICI BK LTD,659.0,77000.0,,,,
45782N108,Sold Out,INSPIRED ENTMT INC,954.0,72000.0,,,,
28470R102,New Holding,ELDORADO RESORTS INC,,,497.0,15000.0,,
609207105,New Holding,MONDELEZ INTL INC,,,1284.0,30000.0,,
42806J106,New Holding,HERTZ GLOBAL HLDGS INC,,,553.0,25000.0,,
46625H100,Not New,JPMORGAN CHASE & CO,23088.0,215900.0,22884.0,239600.0,-204.0,23700.0
143658300,Not New,CARNIVAL CORP,488.0,7350.0,475.0,7350.0,-13.0,0.0
501797104,New Holding,L BRANDS INC,,,602.0,10000.0,,
30303M102,Not New,FACEBOOK INC,30088.0,170510.0,37491.0,219410.0,7403.0,48900.0
78462F103,New Holding,SPDR S&P 500 ETF TR,,,10674.0,40000.0,,
20030N101,New Holding,COMCAST CORP NEW,,,23930.0,597500.0,,
78464A714,New Holding,SPDR SERIES TRUST,,,9036.0,200000.0,,
70959W103,New Holding,PENSKE AUTOMOTIVE GRP INC,,,718.0,15000.0,,
928563402,New Holding,VMWARE INC,,,627.0,5000.0,,
02079K107,Not New,ALPHABET INC,28643.0,27373.0,33543.0,34973.0,4900.0,7600.0
872540109,New Holding,TJX COS INC NEW,,,2294.0,30000.0,,
67059N108,New Holding,NUTANIX INC,,,527.0,14945.0,,
67059N108,New Holding,NUTANIX INC,,,3528.0,100000.0,,
03524A108,Not New,ANHEUSER BUSCH INBEV SA/NV,1673.0,15000.0,2386.0,20000.0,713.0,5000.0
205887102,New Holding,CONAGRA BRANDS INC,,,1507.0,40000.0,,
464287457,Not New,ISHARES TR,1357.0,16187.0,1367.0,16187.0,10.0,0.0
410345102,New Holding,HANESBRANDS INC,,,2091.0,100000.0,,
70450Y103,New Holding,PAYPAL HLDGS INC,,,12494.0,169710.0,,
983134107,Not New,WYNN RESORTS LTD,2360.0,14000.0,2085.0,14000.0,-275.0,0.0
974155103,Not New,WINGSTOP INC,780.0,20000.0,665.0,20000.0,-115.0,0.0
060505104,Not New,BANK AMER CORP,25809.0,874300.0,23404.0,923600.0,-2405.0,49300.0
47215P106,Sold Out,JD COM INC,12155.0,318200.0,,,,
44109J106,Sold Out,HOSTESS BRANDS INC,546.0,40000.0,,,,
247361702,Not New,DELTA AIR LINES INC DEL,5789.0,103375.0,4985.0,103375.0,-804.0,0.0
364760108,New Holding,GAP INC DEL,,,852.0,25000.0,,
74876Y101,Sold Out,QUINTILES IMS HOLDINGS INC,28464.0,299400.0,,,,
683416101,Not New,OOMA INC,15171.0,1269522.0,12934.0,1226000.0,-2237.0,-43522.0
25754A201,New Holding,DOMINOS PIZZA INC,,,472.0,2500.0,,
783513203,Not New,RYANAIR HLDGS PLC,10137.0,97296.0,10257.0,97296.0,120.0,0.0
278642103,New Holding,EBAY INC,,,25784.0,683200.0,,
40416M105,New Holding,HD SUPPLY HLDGS INC,,,400.0,10000.0,,
V7780T103,Not New,ROYAL CARIBBEAN CRUISES LTD,22641.0,189810.0,31521.0,265910.0,8880.0,76100.0
78464A698,New Holding,SPDR SERIES TRUST,,,4414.0,75000.0,,
81211K100,Not New,SEALED AIR CORP NEW,590.0,11963.0,511.0,11963.0,-79.0,0.0
80874P109,Not New,SCIENTIFIC GAMES CORP,1642.0,32000.0,1376.0,30000.0,-266.0,-2000.0
151020104,Sold Out,CELGENE CORP,32013.0,219540.0,,,,
73935A104,New Holding,POWERSHARES QQQ TRUST,,,71650.0,460000.0,,
G2709G107,New Holding,DELPHI TECHNOLOGIES PLC,,,227.0,4333.0,,
086516101,New Holding,BEST BUY INC,,,685.0,10000.0,,
037612306,Not New,APOLLO GLOBAL MGMT LLC,22608.0,675481.0,22036.0,732081.0,-572.0,56600.0
02209S103,New Holding,ALTRIA GROUP INC,,,714.0,10000.0,,
02209S103,New Holding,ALTRIA GROUP INC,,,5356.0,75000.0,,
64110D104,New Holding,NETAPP INC,,,1383.0,25000.0,,
556099109,Not New,MACROGENICS INC,2431.0,127967.0,4429.0,239667.0,1998.0,111700.0
09253U108,Not New,BLACKSTONE GROUP L P,30406.0,949600.0,33473.0,1003100.0,3067.0,53500.0
90384S303,New Holding,ULTA BEAUTY INC,,,447.0,2000.0,,
02319V103,Not New,AMBEV SA,969.0,150000.0,330.0,50000.0,-639.0,-100000.0
00724F101,Not New,ADOBE SYS INC,33699.0,192300.0,33685.0,225800.0,-14.0,33500.0
00507V109,New Holding,ACTIVISION BLIZZARD INC,,,1583.0,25000.0,,
00507V109,New Holding,ACTIVISION BLIZZARD INC,,,1583.0,25000.0,,
830566105,New Holding,SKECHERS U S A INC,,,378.0,10000.0,,
465562106,Not New,ITAU UNIBANCO HLDG SA,390.0,30000.0,822.0,60000.0,432.0,30000.0
M4059L101,Sold Out,ENZYMOTEC LTD,7758.0,677548.0,,,,
