CUSIP,status,NAME OF ISSUER,(x$1000)_old,PRN AMT_old,(x$1000),PRN AMT,(x$1000)_change,PRN AMT_change
G66721104,Not New,NORWEGIAN CRUISE LINE HLDGS,23047.0,435100.0,11662.0,219000.0,-11385.0,-216100.0
81141R100,Not New,SEA LTD,4818.0,427500.0,5092.0,382000.0,274.0,-45500.0
375558103,Not New,GILEAD SCIENCES INC,2903.0,38511.0,2759.0,38511.0,-144.0,0.0
82900L102,Not New,SIMPLY GOOD FOODS CO,343.0,25000.0,357.0,25000.0,14.0,0.0
02083G100,Not New,ALPINE IMMUNE SCIENCES INC,1302.0,162728.0,1823.0,162728.0,521.0,0.0
81762P102,New Holding,SERVICENOW INC,,,22412.0,135460.0,,
844741108,Not New,SOUTHWEST AIRLS CO,573.0,10000.0,982.0,15000.0,409.0,5000.0
844741108,Not New,SOUTHWEST AIRLS CO,859.0,15000.0,982.0,15000.0,123.0,0.0
70432V102,New Holding,PAYCOM SOFTWARE INC,,,3069.0,28580.0,,
036752103,Not New,ANTHEM INC,9777.0,44500.0,21938.0,97500.0,12161.0,53000.0
55616P104,Sold Out,MACYS INC,378.0,15000.0,,,,
194162103,Not New,COLGATE PALMOLIVE CO,1075.0,15000.0,755.0,10000.0,-320.0,-5000.0
253393102,Not New,DICKS SPORTING GOODS INC,631.0,18000.0,517.0,18000.0,-114.0,0.0
02079K305,Not New,ALPHABET INC,2847.0,2745.0,2892.0,2745.0,45.0,0.0
21240E105,Not New,CONTROLADORA VUELA CIA DE AV,21144.0,2594405.0,20807.0,2594405.0,-337.0,0.0
37045V100,Not New,GENERAL MTRS CO,1454.0,40000.0,1230.0,30000.0,-224.0,-10000.0
90184L102,New Holding,TWITTER INC,,,3133.0,108000.0,,
92763W103,New Holding,VIPSHOP HLDGS LTD,,,3036.0,182700.0,,
552953101,Not New,MGM RESORTS INTERNATIONAL,1821.0,52000.0,1736.0,52000.0,-85.0,0.0
98138H101,New Holding,WORKDAY INC,,,20490.0,161200.0,,
585464100,Sold Out,MELCO RESORT ENTERTAINMENT L,726.0,25000.0,,,,
17275R102,Not New,CISCO SYS INC,25176.0,587000.0,21218.0,554000.0,-3958.0,-33000.0
17275R102,Not New,CISCO SYS INC,5576.0,130000.0,21218.0,554000.0,15642.0,424000.0
548661107,Sold Out,LOWES COS INC,1394.0,15000.0,,,,
09180C106,New Holding,BJS RESTAURANTS INC,,,305.0,6800.0,,
698813102,Not New,PAPA JOHNS INTL INC,2785.0,48600.0,842.0,15000.0,-1943.0,-33600.0
698813102,Not New,PAPA JOHNS INTL INC,2785.0,48600.0,931.0,16600.0,-1854.0,-32000.0
702149105,New Holding,PARTY CITY HOLDCO INC,,,18583.0,1191213.0,,
01609W102,Not New,ALIBABA GROUP HLDG LTD,4644.0,25300.0,3914.0,22700.0,-730.0,-2600.0
G6095L109,Not New,APTIV PLC,1699.0,20000.0,1103.0,13000.0,-596.0,-7000.0
G6095L109,Not New,APTIV PLC,1699.0,20000.0,1747.0,20600.0,48.0,600.0
G6095L109,Not New,APTIV PLC,1275.0,15000.0,1103.0,13000.0,-172.0,-2000.0
G6095L109,Not New,APTIV PLC,1275.0,15000.0,1747.0,20600.0,472.0,5600.0
G6095L109,Not New,APTIV PLC,850.0,10000.0,1103.0,13000.0,253.0,3000.0
G6095L109,Not New,APTIV PLC,850.0,10000.0,1747.0,20600.0,897.0,10600.0
24869P104,New Holding,DENNYS CORP,,,2963.0,192000.0,,
594918104,Not New,MICROSOFT CORP,32961.0,361140.0,32885.0,384440.0,-76.0,23300.0
099406100,New Holding,BOOT BARN HLDGS INC,,,14031.0,791355.0,,
89853L104,Not New,T2 BIOSYSTEMS INC,13094.0,2017572.0,9566.0,2321800.0,-3528.0,304228.0
36467W109,New Holding,GAMESTOP CORP NEW,,,316.0,25000.0,,
127686103,New Holding,CAESARS ENTMT CORP,,,675.0,60000.0,,
46266C105,Not New,IQVIA HLDGS INC,26755.0,272700.0,25562.0,261100.0,-1193.0,-11600.0
693656100,Not New,PVH CORP,1211.0,8000.0,1098.0,8000.0,-113.0,0.0
00846U101,Not New,AGILENT TECHNOLOGIES INC,19133.0,286000.0,19153.0,286000.0,20.0,0.0
983793100,New Holding,XPO LOGISTICS INC,,,1527.0,15000.0,,
28470R102,Not New,ELDORADO RESORTS INC,1056.0,32000.0,497.0,15000.0,-559.0,-17000.0
609207105,Not New,MONDELEZ INTL INC,1252.0,30000.0,1284.0,30000.0,32.0,0.0
647581107,New Holding,NEW ORIENTAL ED & TECH GRP I,,,3462.0,39500.0,,
359678109,New Holding,FULL HOUSE RESORTS INC,,,963.0,300000.0,,
74624M102,New Holding,PURE STORAGE INC,,,1999.0,100200.0,,
74624M102,New Holding,PURE STORAGE INC,,,798.0,40000.0,,
74624M102,New Holding,PURE STORAGE INC,,,499.0,25000.0,,
42806J106,Sold Out,HERTZ GLOBAL HLDGS INC,553.0,25000.0,,,,
46625H100,Not New,JPMORGAN CHASE & CO,32734.0,297660.0,23088.0,215900.0,-9646.0,-81760.0
143658300,Not New,CARNIVAL CORP,482.0,7350.0,488.0,7350.0,6.0,0.0
501797104,Not New,L BRANDS INC,306.0,8000.0,602.0,10000.0,296.0,2000.0
30303M102,Not New,FACEBOOK INC,31512.0,197210.0,30088.0,170510.0,-1424.0,-26700.0
78462F103,Sold Out,SPDR S&P 500 ETF TR,10674.0,40000.0,,,,
20030N101,Sold Out,COMCAST CORP NEW,23930.0,597500.0,,,,
78464A714,Sold Out,SPDR SERIES TRUST,9036.0,200000.0,,,,
023135106,New Holding,AMAZON COM INC,,,724.0,500.0,,
023135106,New Holding,AMAZON COM INC,,,2171.0,1500.0,,
70959W103,Sold Out,PENSKE AUTOMOTIVE GRP INC,718.0,15000.0,,,,
928563402,Sold Out,VMWARE INC,627.0,5000.0,,,,
02079K107,Not New,ALPHABET INC,29172.0,28273.0,28643.0,27373.0,-529.0,-900.0
872540109,Sold Out,TJX COS INC NEW,2294.0,30000.0,,,,
67059N108,Not New,NUTANIX INC,737.0,15000.0,527.0,14945.0,-210.0,-55.0
67059N108,Not New,NUTANIX INC,737.0,15000.0,3528.0,100000.0,2791.0,85000.0
67059N108,Not New,NUTANIX INC,1842.0,37500.0,527.0,14945.0,-1315.0,-22555.0
67059N108,Not New,NUTANIX INC,1842.0,37500.0,3528.0,100000.0,1686.0,62500.0
03524A108,Not New,ANHEUSER BUSCH INBEV SA/NV,2199.0,20000.0,1673.0,15000.0,-526.0,-5000.0
205887102,Sold Out,CONAGRA BRANDS INC,1507.0,40000.0,,,,
464287457,Not New,ISHARES TR,1353.0,16187.0,1357.0,16187.0,4.0,0.0
410345102,Not New,HANESBRANDS INC,921.0,50000.0,2091.0,100000.0,1170.0,50000.0
70450Y103,Not New,PAYPAL HLDGS INC,25174.0,331810.0,12494.0,169710.0,-12680.0,-162100.0
70450Y103,Not New,PAYPAL HLDGS INC,3035.0,40000.0,12494.0,169710.0,9459.0,129710.0
91324P102,New Holding,UNITEDHEALTH GROUP INC,,,23754.0,111000.0,,
94419L101,New Holding,WAYFAIR INC,,,1351.0,20000.0,,
983134107,Not New,WYNN RESORTS LTD,1824.0,10000.0,2360.0,14000.0,536.0,4000.0
974155103,Sold Out,WINGSTOP INC,780.0,20000.0,,,,
060505104,Not New,BANK AMER CORP,2999.0,100000.0,25809.0,874300.0,22810.0,774300.0
060505104,Not New,BANK AMER CORP,29375.0,979500.0,25809.0,874300.0,-3566.0,-105200.0
247361702,Not New,DELTA AIR LINES INC DEL,5666.0,103375.0,5789.0,103375.0,123.0,0.0
169656105,New Holding,CHIPOTLE MEXICAN GRILL INC,,,6462.0,20000.0,,
724479100,New Holding,PITNEY BOWES INC,,,272.0,25000.0,,
143130102,New Holding,CARMAX INC,,,619.0,10000.0,,
364760108,Sold Out,GAP INC DEL,852.0,25000.0,,,,
683416101,Not New,OOMA INC,13838.0,1269522.0,15171.0,1269522.0,1333.0,0.0
25754A201,Not New,DOMINOS PIZZA INC,1168.0,5000.0,472.0,2500.0,-696.0,-2500.0
25754A201,Not New,DOMINOS PIZZA INC,1168.0,5000.0,472.0,2500.0,-696.0,-2500.0
25754A201,Not New,DOMINOS PIZZA INC,1728.0,7400.0,472.0,2500.0,-1256.0,-4900.0
30212P303,New Holding,EXPEDIA GROUP INC,,,552.0,5000.0,,
783513203,Not New,RYANAIR HLDGS PLC,11953.0,97296.0,10137.0,97296.0,-1816.0,0.0
278642103,Not New,EBAY INC,28856.0,717100.0,25784.0,683200.0,-3072.0,-33900.0
278642103,Not New,EBAY INC,14084.0,350000.0,25784.0,683200.0,11700.0,333200.0
40416M105,Sold Out,HD SUPPLY HLDGS INC,400.0,10000.0,,,,
V7780T103,Not New,ROYAL CARIBBEAN CRUISES LTD,34381.0,292010.0,22641.0,189810.0,-11740.0,-102200.0
V7780T103,Not New,ROYAL CARIBBEAN CRUISES LTD,29164.0,247700.0,22641.0,189810.0,-6523.0,-57890.0
78464A698,Sold Out,SPDR SERIES TRUST,4414.0,75000.0,,,,
81211K100,Not New,SEALED AIR CORP NEW,512.0,11963.0,590.0,11963.0,78.0,0.0
80874P109,Not New,SCIENTIFIC GAMES CORP,1664.0,40000.0,1642.0,32000.0,-22.0,-8000.0
81369Y803,New Holding,SELECT SECTOR SPDR TR,,,2290.0,35000.0,,
73935A104,Not New,POWERSHARES QQQ TRUST,19472.0,121600.0,71650.0,460000.0,52178.0,338400.0
G2709G107,Sold Out,DELPHI TECHNOLOGIES PLC,227.0,4333.0,,,,
11120U105,New Holding,BRIXMOR PPTY GROUP INC,,,2288.0,150000.0,,
025816109,New Holding,AMERICAN EXPRESS CO,,,1996.0,21400.0,,
086516101,Sold Out,BEST BUY INC,685.0,10000.0,,,,
037612306,Not New,APOLLO GLOBAL MGMT LLC,17366.0,586281.0,22608.0,675481.0,5242.0,89200.0
02209S103,Not New,ALTRIA GROUP INC,623.0,10000.0,714.0,10000.0,91.0,0.0
02209S103,Not New,ALTRIA GROUP INC,623.0,10000.0,5356.0,75000.0,4733.0,65000.0
874080104,New Holding,TAL ED GROUP,,,1027.0,27700.0,,
64110D104,Not New,NETAPP INC,1542.0,25000.0,1383.0,25000.0,-159.0,0.0
64110D104,Not New,NETAPP INC,617.0,10000.0,1383.0,25000.0,766.0,15000.0
64110D104,Not New,NETAPP INC,1851.0,30000.0,1383.0,25000.0,-468.0,-5000.0
556099109,Sold Out,MACROGENICS INC,2431.0,127967.0,,,,
09253U108,Not New,BLACKSTONE GROUP L P,34564.0,1081800.0,30406.0,949600.0,-4158.0,-132200.0
90384S303,Not New,ULTA BEAUTY INC,1103.0,5400.0,447.0,2000.0,-656.0,-3400.0
02319V103,Not New,AMBEV SA,1091.0,150000.0,969.0,150000.0,-122.0,0.0
00724F101,Not New,ADOBE SYS INC,40403.0,186980.0,33699.0,192300.0,-6704.0,5320.0
381013101,New Holding,GOLDEN ENTMT INC,,,418.0,18000.0,,
00507V109,Not New,ACTIVISION BLIZZARD INC,1687.0,25000.0,1583.0,25000.0,-104.0,0.0
00507V109,Not New,ACTIVISION BLIZZARD INC,1687.0,25000.0,1583.0,25000.0,-104.0,0.0
830566105,Sold Out,SKECHERS U S A INC,378.0,10000.0,,,,
465562106,Sold Out,ITAU UNIBANCO HLDG SA,390.0,30000.0,,,,
