CUSIP,status,NAME OF ISSUER,(x$1000)_old,PRN AMT_old,(x$1000),PRN AMT,(x$1000)_change,PRN AMT_change
G27358103,Sold Out,DESPEGAR COM CORP,3095.0,249366.0,,,,
02079K107,Not New,ALPHABET INC,15958.0,13601.0,22160.0,21398.0,6202.0,7797.0
02083G100,Not New,ALPINE IMMUNE SCIENCES INC,945.0,137728.0,599.0,162728.0,-346.0,25000.0
594918104,Not New,MICROSOFT CORP,23947.0,203040.0,29612.0,291540.0,5665.0,88500.0
81211K100,Not New,SEALED AIR CORP NEW,551.0,11963.0,417.0,11963.0,-134.0,0.0
13462K109,New Holding,CAMPING WORLD HLDGS INC,,,7897.0,567737.0,,
89853L104,Sold Out,T2 BIOSYSTEMS INC,2470.0,820499.0,,,,
N6596X109,Sold Out,NXP SEMICONDUCTORS N V,15316.0,209000.0,,,,
46266C105,Not New,IQVIA HLDGS INC,949.0,6600.0,767.0,6600.0,-182.0,0.0
464287457,Not New,ISHARES TR,1362.0,16187.0,1354.0,16187.0,-8.0,0.0
037612306,Not New,APOLLO GLOBAL MGMT LLC,19478.0,689502.0,10476.0,426902.0,-9002.0,-262600.0
172967424,Sold Out,CITIGROUP INC,23427.0,450000.0,,,,
060505104,Not New,BANK AMER CORP,88288.0,3200000.0,15247.0,618800.0,-73041.0,-2581200.0
247361702,Not New,DELTA AIR LINES INC DEL,4714.0,91260.0,4554.0,91260.0,-160.0,0.0
02079K305,Not New,ALPHABET INC,3231.0,2745.0,2868.0,2745.0,-363.0,0.0
21240E105,Not New,CONTROLADORA VUELA CIA DE AV,18138.0,2128833.0,13880.0,2594405.0,-4258.0,465572.0
L8681T102,Not New,SPOTIFY TECHNOLOGY S A,1472.0,10602.0,1008.0,8879.0,-464.0,-1723.0
87336U105,Sold Out,TABLEAU SOFTWARE INC,17184.0,143200.0,,,,
46625H100,Not New,JPMORGAN CHASE & CO,76712.0,757800.0,113239.0,1160000.0,36527.0,402200.0
46625H100,Not New,JPMORGAN CHASE & CO,76712.0,757800.0,14555.0,149100.0,-62157.0,-608700.0
09253U108,Not New,BLACKSTONE GROUP L P,32226.0,921547.0,27990.0,938947.0,-4236.0,17400.0
683416101,Not New,OOMA INC,11495.0,868166.0,11110.0,800423.0,-385.0,-67743.0
00724F101,Not New,ADOBE INC,15670.0,58800.0,21312.0,94200.0,5642.0,35400.0
702149105,Sold Out,PARTY CITY HOLDCO INC,9840.0,986013.0,,,,
438083107,Sold Out,HOMOLOGY MEDICINES INC,531.0,23740.0,,,,
143658300,Not New,CARNIVAL CORP,373.0,7350.0,362.0,7350.0,-11.0,0.0
783513203,Not New,RYANAIR HLDGS PLC,7291.0,97296.0,6941.0,97296.0,-350.0,0.0
30303M102,Not New,FACEBOOK INC,19354.0,116110.0,3029.0,23110.0,-16325.0,-93000.0
V7780T103,Not New,ROYAL CARIBBEAN CRUISES LTD,2016.0,17590.0,12673.0,129590.0,10657.0,112000.0
01609W102,Not New,ALIBABA GROUP HLDG LTD,11677.0,64000.0,8772.0,64000.0,-2905.0,0.0
