CUSIP,status,NAME OF ISSUER,(x$1000)_old,PRN AMT_old,(x$1000),PRN AMT,(x$1000)_change,PRN AMT_change
81141R100,Not New,SEA LTD,1771.0,11500.0,1373.0,12800.0,-398.0,1300.0
22788C105,Not New,CROWDSTRIKE HLDGS INC,1565.0,11400.0,1083.0,10800.0,-482.0,-600.0
023135106,Not New,AMAZON COM INC,2613.0,830.0,1931.0,700.0,-682.0,-130.0
60879B107,Not New,MOMO INC,365.0,26500.0,463.0,26500.0,98.0,0.0
79466L302,Not New,SALESFORCE COM INC,13571.0,54000.0,8711.0,46500.0,-4860.0,-7500.0
82509L107,New Holding,SHOPIFY INC,,,614.0,600.0,,
848637104,Sold Out,SPLUNK INC,954.0,4800.0,,,,
02079K107,Not New,ALPHABET INC,19972.0,13590.0,19494.0,13790.0,-478.0,200.0
02083G100,Not New,ALPINE IMMUNE SCIENCES INC,1211.0,137728.0,1337.0,137728.0,126.0,0.0
594918104,Not New,MICROSOFT CORP,33779.0,160600.0,31544.0,155000.0,-2235.0,-5600.0
594918104,Not New,MICROSOFT CORP,33779.0,160600.0,28003.0,137600.0,-5776.0,-23000.0
00650F109,Not New,ADAPTIVE BIOTECHNOLOGIES COR,54242.0,1115411.0,53964.0,1115411.0,-278.0,0.0
852234103,New Holding,SQUARE INC,,,569.0,3500.0,,
018581108,New Holding,ALLIANCE DATA SYSTEMS CORP,,,462.0,11000.0,,
N14506104,Not New,ELASTIC N V,1446.0,13400.0,1226.0,13300.0,-220.0,-100.0
67066G104,Sold Out,NVIDIA CORPORATION,608.0,1600.0,,,,
747525103,Not New,QUALCOMM INC,19241.0,163500.0,15953.0,174900.0,-3288.0,11400.0
46591M109,Sold Out,JOYY INC,398.0,4500.0,,,,
N6596X109,Sold Out,NXP SEMICONDUCTORS N V,1528.0,13400.0,,,,
98936J101,Sold Out,ZENDESK INC,1514.0,17100.0,,,,
02005N100,Not New,ALLY FINL INC,2231.0,89000.0,1765.0,89000.0,-466.0,0.0
53619W101,New Holding,LINX SA,,,191.0,31000.0,,
03768E105,Not New,APOLLO GLOBAL MGMT INC,7008.0,156602.0,7818.0,156602.0,810.0,0.0
78442P106,Not New,SLM CORP,16663.0,2059655.0,14479.0,2059655.0,-2184.0,0.0
18915M107,New Holding,CLOUDFLARE INC,,,1642.0,40000.0,,
949746101,Not New,WELLS FARGO CO NEW,1293.0,55000.0,1408.0,55000.0,115.0,0.0
09260D107,Not New,BLACKSTONE GROUP INC,30876.0,591500.0,32495.0,573500.0,1619.0,-18000.0
87165B103,Not New,SYNCHRONY FINANCIAL,1955.0,74700.0,1655.0,74700.0,-300.0,0.0
227046109,Sold Out,CROCS INC,2158.0,58600.0,,,,
78489X103,Not New,SVMK INC,5281.0,238837.0,5622.0,238837.0,341.0,0.0
72341T103,Not New,PING IDENTITY HLDG CORP,1495.0,47900.0,1207.0,37600.0,-288.0,-10300.0
G85158106,New Holding,STONECO LTD,,,513.0,9700.0,,
907818108,New Holding,UNION PAC CORP,,,1516.0,7700.0,,
595112103,Not New,MICRON TECHNOLOGY INC,21348.0,454600.0,23560.0,457300.0,2212.0,2700.0
21240E105,Not New,CONTROLADORA VUELA COMP DE A,7139.0,990161.0,5862.0,1110161.0,-1277.0,120000.0
L8681T102,Not New,SPOTIFY TECHNOLOGY S A,2154.0,8879.0,2292.0,8879.0,138.0,0.0
28470R102,Sold Out,ELDORADO RESORTS INC,1226.0,30600.0,,,,
N00985106,Not New,AERCAP HOLDINGS NV,35468.0,1408034.0,35082.0,1139034.0,-386.0,-269000.0
45772F107,Sold Out,INPHI CORP,529.0,4500.0,,,,
G0772R208,Not New,BANK OF NT BUTTERFIELD&SON L,642.0,28800.0,702.0,28800.0,60.0,0.0
88339J105,New Holding,THE TRADE DESK INC,,,778.0,1500.0,,
90353T100,Not New,UBER TECHNOLOGIES INC,1485.0,40700.0,1075.0,34600.0,-410.0,-6100.0
98138H101,New Holding,WORKDAY INC,,,2539.0,11800.0,,
76680R206,Sold Out,RINGCENTRAL INC,1112.0,3900.0,,,,
683416101,Not New,OOMA INC,9668.0,740854.0,14516.0,880854.0,4848.0,140000.0
55024U109,Sold Out,LUMENTUM HLDGS INC,529.0,6500.0,,,,
30212P303,New Holding,EXPEDIA GROUP INC,,,1485.0,16200.0,,
830566105,Sold Out,SKECHERS U S A INC,763.0,24300.0,,,,
783513203,Not New,RYANAIR HOLDINGS PLC,6698.0,81927.0,5435.0,81927.0,-1263.0,0.0
30303M102,Not New,FACEBOOK INC,37897.0,144700.0,29678.0,130700.0,-8219.0,-14000.0
60937P106,New Holding,MONGODB INC,,,625.0,2700.0,,
55087P104,Not New,LYFT INC,1212.0,44000.0,1452.0,44000.0,240.0,0.0
