CUSIP,status,NAME OF ISSUER,(x$1000)_old,PRN AMT_old,(x$1000),PRN AMT,(x$1000)_change,PRN AMT_change
G66721104,Not New,NORWEGIAN CRUISE LINE HLDGS,12074.0,222400.0,507.0,10000.0,-11567.0,-212400.0
723484101,Sold Out,PINNACLE WEST CAP CORP,3335.0,40000.0,,,,
375558103,Not New,GILEAD SCIENCES INC,2726.0,38511.0,2616.0,38511.0,-110.0,0.0
Y09827109,New Holding,BROADCOM LTD,,,20741.0,89000.0,,
02079K107,Not New,ALPHABET INC,27201.0,29933.0,32637.0,39343.0,5436.0,9410.0
594918104,Not New,MICROSOFT CORP,25217.0,365840.0,29097.0,441800.0,3880.0,75960.0
81211K100,Not New,SEALED AIR CORP NEW,535.0,11963.0,521.0,11963.0,-14.0,0.0
89853L104,Not New,T2 BIOSYSTEMS INC,5576.0,1737085.0,7175.0,1364085.0,1599.0,-373000.0
80874P109,Sold Out,SCIENTIFIC GAMES CORP,237.0,10000.0,,,,
698354107,Sold Out,PANDORA MEDIA INC,17389.0,1472400.0,,,,
337932107,Sold Out,FIRSTENERGY CORP,1909.0,60000.0,,,,
151020104,Not New,CELGENE CORP,36784.0,283240.0,35629.0,286340.0,-1155.0,3100.0
052769106,Sold Out,AUTODESK INC,21868.0,252900.0,,,,
747525103,Sold Out,QUALCOMM INC,9920.0,173000.0,,,,
V7780T103,Not New,ROYAL CARIBBEAN CRUISES LTD,22087.0,202210.0,24455.0,249260.0,2368.0,47050.0
693656100,New Holding,PVH CORP,,,1260.0,11000.0,,
03524A108,Not New,ANHEUSER BUSCH INBEV SA/NV,2207.0,20000.0,1646.0,15000.0,-561.0,-5000.0
881624209,Not New,TEVA PHARMACEUTICAL INDS LTD,23075.0,694600.0,17893.0,557600.0,-5182.0,-137000.0
101137107,Not New,BOSTON SCIENTIFIC CORP,29647.0,1069500.0,22383.0,900000.0,-7264.0,-169500.0
464287457,Not New,ISHARES TR,1368.0,16187.0,1368.0,16187.0,0.0,0.0
741503403,Not New,PRICELINE GRP INC,21605.0,11550.0,19402.0,10900.0,-2203.0,-650.0
254423106,Sold Out,DINEEQUITY INC,5888.0,108200.0,,,,
81369Y886,Sold Out,SELECT SECTOR SPDR TR,12828.0,250000.0,,,,
81369Y886,Sold Out,SELECT SECTOR SPDR TR,5131.0,100000.0,,,,
037612306,New Holding,APOLLO GLOBAL MGMT LLC,,,19364.0,732081.0,,
983134107,Not New,WYNN RESORTS LTD,1609.0,12000.0,1719.0,15000.0,110.0,3000.0
45104G104,Not New,ICICI BK LTD,628.0,70000.0,430.0,50000.0,-198.0,-20000.0
063904106,Sold Out,BANK OF THE OZARKS INC,10402.0,200000.0,,,,
974155103,Not New,WINGSTOP INC,618.0,20000.0,3252.0,115000.0,2634.0,95000.0
060505104,Not New,BANK AMER CORP,16456.0,678300.0,16803.0,712300.0,347.0,34000.0
874054109,Sold Out,TAKE-TWO INTERACTIVE SOFTWAR,17597.0,296900.0,,,,
20337X109,Sold Out,COMMSCOPE HLDG CO INC,27121.0,650234.0,,,,
44109J106,Not New,HOSTESS BRANDS INC,1449.0,90000.0,952.0,60000.0,-497.0,-30000.0
842587107,Sold Out,SOUTHERN CO,4480.0,90000.0,,,,
247361702,Not New,DELTA AIR LINES INC DEL,5555.0,103375.0,4751.0,103375.0,-804.0,0.0
45782N108,Not New,INSPIRED ENTMT INC,936.0,72000.0,657.0,62000.0,-279.0,-10000.0
02079K305,Not New,ALPHABET INC,2552.0,2745.0,2031.0,2396.0,-521.0,-349.0
21240E105,Not New,CONTROLADORA VUELA CIA DE AV,14384.0,988614.0,8753.0,627895.0,-5631.0,-360719.0
209115104,Sold Out,CONSOLIDATED EDISON INC,6989.0,90000.0,,,,
209115104,Sold Out,CONSOLIDATED EDISON INC,777.0,10000.0,,,,
26441C204,Sold Out,DUKE ENERGY CORP NEW,5741.0,70000.0,,,,
26441C204,Sold Out,DUKE ENERGY CORP NEW,820.0,10000.0,,,,
64110W102,Sold Out,NETEASE INC,14994.0,52797.0,,,,
25746U109,Sold Out,DOMINION RES INC VA NEW,993.0,12800.0,,,,
654106103,New Holding,NIKE INC,,,20060.0,340000.0,,
15189T107,Sold Out,CENTERPOINT ENERGY INC,551.0,20000.0,,,,
G0772R208,Not New,BANK OF NT BUTTERFIELD&SON L,2820.0,82709.0,2639.0,82709.0,-181.0,0.0
556099109,Not New,MACROGENICS INC,4197.0,239667.0,4458.0,239667.0,261.0,0.0
46625H100,Not New,JPMORGAN CHASE & CO,15977.0,174800.0,15354.0,174800.0,-623.0,0.0
552953101,Not New,MGM RESORTS INTERNATIONAL,2128.0,68000.0,1863.0,68000.0,-265.0,0.0
74876Y101,New Holding,QUINTILES IMS HOLDINGS INC,,,24093.0,269200.0,,
09253U108,Not New,BLACKSTONE GROUP L P,31352.0,940100.0,19483.0,656000.0,-11869.0,-284100.0
31660B101,Sold Out,FIESTA RESTAURANT GROUP INC,2750.0,113636.0,,,,
02319V103,Not New,AMBEV SA,549.0,100000.0,576.0,100000.0,27.0,0.0
683416101,New Holding,OOMA INC,,,9808.0,1226000.0,,
00724F101,Not New,ADOBE SYS INC,26322.0,186100.0,28629.0,220000.0,2307.0,33900.0
143658300,Not New,CARNIVAL CORP,482.0,7350.0,433.0,7350.0,-49.0,0.0
783513203,Not New,RYANAIR HLDGS PLC,10470.0,97296.0,8986.0,108296.0,-1484.0,11000.0
465562106,Not New,ITAU UNIBANCO HLDG SA,442.0,40000.0,362.0,30000.0,-80.0,-10000.0
M4059L101,Not New,ENZYMOTEC LTD,5488.0,677548.0,5962.0,677548.0,474.0,0.0
30303M102,Not New,FACEBOOK INC,27072.0,179310.0,33159.0,233435.0,6087.0,54125.0
65481J109,Not New,NIVALIS THERAPEUTICS INC,1569.0,650915.0,1901.0,650915.0,332.0,0.0
01609W102,New Holding,ALIBABA GROUP HLDG LTD,,,30153.0,214000.0,,
