CUSIP,status,NAME OF ISSUER,(x$1000)_old,PRN AMT_old,(x$1000),PRN AMT,(x$1000)_change,PRN AMT_change
53071M880,Sold Out,LIBERTY INTERACTIVE CORP,3040.0,77700.0,,,,
852857200,Sold Out,STAMPS COM INC,21256.0,200000.0,,,,
375558103,Not New,GILEAD SCIENCES INC,3213.0,38511.0,3538.0,38511.0,325.0,0.0
02079K107,Not New,ALPHABET INC,27060.0,39098.0,27108.0,36389.0,48.0,-2709.0
G4617B105,Not New,HORIZON PHARMA PLC,14734.0,894577.0,14391.0,868477.0,-343.0,-26100.0
594918104,New Holding,MICROSOFT CORP,,,20622.0,403000.0,,
023586100,Not New,AMERCO,14968.0,39962.0,18245.0,51062.0,3277.0,11100.0
81211K100,Not New,SEALED AIR CORP NEW,550.0,11963.0,574.0,11963.0,24.0,0.0
698354107,New Holding,PANDORA MEDIA INC,,,18191.0,1461100.0,,
82481R106,New Holding,SHIRE PLC,,,22192.0,120554.0,,
89853L104,Not New,T2 BIOSYSTEMS INC,9824.0,1245138.0,5445.0,552255.0,-4379.0,-692883.0
151020104,Not New,CELGENE CORP,37395.0,379140.0,22905.0,228840.0,-14490.0,-150300.0
044209104,Sold Out,ASHLAND INC NEW,4387.0,39900.0,,,,
848574109,Sold Out,SPIRIT AEROSYSTEMS HLDGS INC,15427.0,340099.0,,,,
V7780T103,Not New,ROYAL CARIBBEAN CRUISES LTD,16015.0,238500.0,24177.0,294300.0,8162.0,55800.0
881624209,Sold Out,TEVA PHARMACEUTICAL INDS LTD,19060.0,356200.0,,,,
03524A108,New Holding,ANHEUSER BUSCH INBEV SA/NV,,,1240.0,9419.0,,
860372101,Sold Out,STEWART INFORMATION SVCS COR,3396.0,93600.0,,,,
464287457,Not New,ISHARES TR,1381.0,16187.0,1376.0,16187.0,-5.0,0.0
36164Y101,Not New,GCP APPLIED TECHNOLOGIES INC,375.0,14400.0,287.0,14400.0,-88.0,0.0
172967424,Sold Out,CITIGROUP INC,12650.0,303000.0,,,,
983793100,Sold Out,XPO LOGISTICS INC,12608.0,410693.0,,,,
983134107,New Holding,WYNN RESORTS LTD,,,1351.0,14900.0,,
55303A105,New Holding,MGM GROWTH PPTYS LLC,,,1531.0,57400.0,,
G5480U153,Sold Out,LIBERTY GLOBAL PLC,2095.0,55315.0,,,,
501797104,New Holding,L BRANDS INC,,,1343.0,20000.0,,
20337X109,Not New,COMMSCOPE HLDG CO INC,24828.0,800134.0,17281.0,618934.0,-7547.0,-181200.0
247361702,Not New,DELTA AIR LINES INC DEL,21052.0,577875.0,24913.0,511775.0,3861.0,-66100.0
294628102,Sold Out,EQUITY COMWLTH,4052.0,143600.0,,,,
02079K305,Not New,ALPHABET INC,1686.0,2396.0,1828.0,2396.0,142.0,0.0
21240E105,Not New,CONTROLADORA VUELA CIA DE AV,3959.0,211843.0,2144.0,101772.0,-1815.0,-110071.0
69343T107,Sold Out,PJT PARTNERS INC,3761.0,156365.0,,,,
31428X106,Sold Out,FEDEX CORP,20275.0,124600.0,,,,
57636Q104,Sold Out,MASTERCARD INC,3310.0,35025.0,,,,
31620R303,Sold Out,FIDELITY NATIONAL FINANCIAL,2600.0,76700.0,,,,
48238T109,Sold Out,KAR AUCTION SVCS INC,3890.0,102000.0,,,,
552953101,New Holding,MGM RESORTS INTERNATIONAL,,,1539.0,68000.0,,
556099109,Not New,MACROGENICS INC,8452.0,313140.0,10784.0,575129.0,2332.0,261989.0
09253U108,Not New,BLACKSTONE GROUP L P,15919.0,648700.0,20291.0,723400.0,4372.0,74700.0
02319V103,New Holding,AMBEV SA,,,887.0,150000.0,,
381013101,New Holding,GOLDEN ENTMT INC,,,679.0,58104.0,,
143658300,Not New,CARNIVAL CORP,325.0,7350.0,388.0,7350.0,63.0,0.0
G4863A108,New Holding,INTERNATIONAL GAME TECHNOLOG,,,937.0,50000.0,,
465562106,New Holding,ITAU UNIBANCO HLDG SA,,,755.0,80000.0,,
783513203,Not New,RYANAIR HLDGS PLC,6766.0,97296.0,8350.0,97296.0,1584.0,0.0
M4059L101,Not New,ENZYMOTEC LTD,4827.0,577407.0,10323.0,1143145.0,5496.0,565738.0
64110L106,Sold Out,NETFLIX INC,24617.0,240800.0,,,,
30303M102,Not New,FACEBOOK INC,21313.0,186500.0,24189.0,212000.0,2876.0,25500.0
65481J109,Not New,NIVALIS THERAPEUTICS INC,2994.0,650915.0,2714.0,650915.0,-280.0,0.0
38388F108,Not New,GRACE W R & CO DEL NEW,1054.0,14400.0,1025.0,14400.0,-29.0,0.0
