CUSIP,status,NAME OF ISSUER,(x$1000)_old,PRN AMT_old,(x$1000),PRN AMT,(x$1000)_change,PRN AMT_change
90184LAB8,New Holding,TWITTER INC,,,23953.0,26000000.0,,
232806109,Sold Out,CYPRESS SEMICONDUCTOR CORP,1876.0,216666.0,,,,
375558103,Sold Out,GILEAD SCIENCES INC,331.0,3600.0,,,,
011659109,New Holding,ALASKA AIR GROUP INC,,,752.0,12900.0,,
28035Q102,Not New,EDGEWELL PERS CARE CO,13694.0,162228.0,13064.0,162228.0,-630.0,0.0
G5480U138,Not New,LIBERTY GLOBAL PLC,4465.0,138400.0,1648.0,47000.0,-2817.0,-91400.0
67066G104,New Holding,NVIDIA CORP,,,7678.0,163322.0,,
31816QAB7,New Holding,FIREEYE INC,,,166237.0,182302000.0,,
88023U101,New Holding,TEMPUR SEALY INTL INC,,,293.0,5300.0,,
779376AD4,Not New,ROVI CORP,93632.0,98560000.0,61112.0,63700000.0,-32520.0,-34860000.0
98310W108,Sold Out,WYNDHAM WORLDWIDE CORP,871.0,11400.0,,,,
300645108,Not New,EXAR CORP,22823.0,2835194.0,8255.0,1435586.0,-14568.0,-1399608.0
562750109,Sold Out,MANHATTAN ASSOCS INC,341.0,6000.0,,,,
15135B101,Not New,CENTENE CORP DEL,2769.0,38795.0,3368.0,54697.0,599.0,15902.0
15135B101,Not New,CENTENE CORP DEL,2769.0,38795.0,4895.0,79500.0,2126.0,40705.0
15135B101,Not New,CENTENE CORP DEL,2769.0,38795.0,4310.0,70000.0,1541.0,31205.0
844741108,Sold Out,SOUTHWEST AIRLS CO,11760.0,262506.0,,,,
762760106,Sold Out,RICE ENERGY INC,10379.0,743500.0,,,,
74373B109,Sold Out,PROTEOSTASIS THERAPEUTICS ORD (NMS),102.0,10549.0,,,,
036752103,Not New,ANTHEM INC,20699.0,157600.0,6141.0,44182.0,-14558.0,-113418.0
57886P103,Sold Out,MAZOR ROBOTICS LTD,5910.0,475065.0,,,,
31816QAD3,New Holding,FIREEYE INC,,,14190.0,16000000.0,,
61166W101,New Holding,MONSANTO CO NEW,,,2378.0,23000.0,,
61166W101,New Holding,MONSANTO CO NEW,,,3102.0,30000.0,,
82669G104,New Holding,SIGNATURE BK NEW YORK N Y,,,337.0,2700.0,,
81768T108,Sold Out,SERVISFIRST BANCSHARES INC,351.0,7900.0,,,,
23332B106,Not New,DSP GROUP INC,158.0,14872.0,1520.0,166666.0,1362.0,151794.0
16119P108,New Holding,CHARTER COMMUNICATIONS INC N,,,6317.0,27627.0,,
300614500,Not New,EXA CORP,20664.0,1430000.0,18519.0,1430000.0,-2145.0,0.0
57776J100,Not New,MAXLINEAR INC,3761.0,209184.0,17385.0,939748.0,13624.0,730564.0
66987MAE9,New Holding,NOVATEL WIRELESS INC,,,28783.0,41155000.0,,
194162103,Sold Out,COLGATE PALMOLIVE CO,1074.0,15200.0,,,,
767754104,Sold Out,RITE AID CORP,4075.0,500000.0,,,,
07177M103,Sold Out,BAXALTA INC,35838.0,887071.0,,,,
02079K305,Sold Out,ALPHABET INC,5063.0,6637.0,,,,
29413U103,Sold Out,ENVISION HEALTHCARE HLDGS IN,853.0,41800.0,,,,
20341J104,New Holding,COMMUNICATIONS SALES&LEAS IN,,,21123.0,730898.0,,
L00849106,Not New,ADECOAGRO S A,130731.0,11917157.0,161304.0,13965681.0,30573.0,2048524.0
G0177J108,Not New,ALLERGAN PLC,18657.0,80735.0,38403.0,143277.0,19746.0,62542.0
M2682V108,New Holding,CYBERARK SOFTWARE LTD,,,9588.0,197334.0,,
37045V100,New Holding,GENERAL MTRS CO,,,1765.0,62373.0,,
963320106,Not New,WHIRLPOOL CORP,3333.0,20000.0,3607.0,20000.0,274.0,0.0
92763W103,New Holding,VIPSHOP HLDGS LTD,,,3528.0,315837.0,,
12572Q105,Not New,CME GROUP INC,2922.0,30000.0,2882.0,30000.0,-40.0,0.0
61174X109,New Holding,MONSTER BEVERAGE CORP NEW,,,2604.0,16200.0,,
464286400,Sold Out,ISHARES,8416.0,320000.0,,,,
517834107,Sold Out,LAS VEGAS SANDS CORP,553.0,10700.0,,,,
654106103,Sold Out,NIKE INC,332.0,5400.0,,,,
552953101,New Holding,MGM RESORTS INTERNATIONAL,,,23886.0,1055500.0,,
67555NAB3,Not New,OCLARO INC,61996.0,23500000.0,68150.0,23500000.0,6154.0,0.0
892000100,Not New,TOWERSTREAM CORP,73.0,431800.0,52.0,431800.0,-21.0,0.0
64125C109,Sold Out,NEUROCRINE BIOSCIENCES INC,372.0,9400.0,,,,
G30401106,Sold Out,ENDO INTL PLC,2905.0,103200.0,,,,
53578A108,New Holding,LINKEDIN CORP,,,4944.0,26126.0,,
G50871105,New Holding,JAZZ PHARMACEUTICALS PLC,,,1102.0,7800.0,,
761565100,Not New,REX ENERGY CORPORATION,109.0,165000.0,127.0,165000.0,18.0,0.0
233153204,Sold Out,DCT INDUSTRIAL TRUST INC,3047.0,77200.0,,,,
548661107,Not New,LOWES COS INC,5834.0,73695.0,5582.0,73695.0,-252.0,0.0
670837103,Sold Out,OGE ENERGY CORP,17732.0,619336.0,,,,
931427108,Not New,WALGREENS BOOTS ALLIANCE INC,2128.0,25558.0,2153.0,25558.0,25.0,0.0
918204108,Sold Out,V F CORP,635.0,9800.0,,,,
09073M104,Sold Out,BIO TECHNE CORP,1701.0,18000.0,,,,
67020YAF7,Not New,NUANCE COMMUNICATIONS INC,187621.0,185534000.0,180060.0,179276000.0,-7561.0,-6258000.0
G4863A108,Sold Out,INTERNATIONAL GAME TECHNOLOG,599.0,32800.0,,,,
81763U100,New Holding,SERVICESOURCE INTL INC,,,187.0,46460.0,,
14964U108,New Holding,CAVIUM INC,,,2941.0,76180.0,,
N6596X109,New Holding,NXP SEMICONDUCTORS N V,,,3795.0,48446.0,,
81369Y704,Sold Out,SELECT SECTOR SPDR TR,166410.0,3000000.0,,,,
531229AB8,Sold Out,LIBERTY MEDIA CORP DELAWARE,6658.0,6700000.0,,,,
87157D109,Not New,SYNAPTICS INC,10571.0,196666.0,1329.0,16666.0,-9242.0,-180000.0
53578AAB4,New Holding,LINKEDIN CORP,,,37691.0,38000000.0,,
265504100,Sold Out,DUNKIN BRANDS GROUP INC,307.0,6500.0,,,,
91843L103,Sold Out,VWR CORP,5412.0,200000.0,,,,
81619Q105,Sold Out,SELECT MED HLDGS CORP,3632.0,307500.0,,,,
36467J108,Not New,GAMING & LEISURE PPTYS INC,62115.0,1801471.0,55843.0,1806038.0,-6272.0,4567.0
460690100,Sold Out,INTERPUBLIC GROUP COS INC,248.0,10800.0,,,,
G60754101,Sold Out,MICHAEL KORS HLDGS LTD,524.0,9200.0,,,,
44980X109,New Holding,IPG PHOTONICS CORP,,,344.0,4300.0,,
Y09827109,Sold Out,BROADCOM LTD,24989.0,161743.0,,,,
13100M509,New Holding,CALIX INC,,,303.0,43872.0,,
405217100,New Holding,HAIN CELESTIAL GROUP INC,,,2179.0,43800.0,,
78440X101,Sold Out,SL GREEN RLTY CORP,242.0,2500.0,,,,
698354107,New Holding,PANDORA MEDIA INC,,,635.0,51000.0,,
222070203,Sold Out,COTY INC,526.0,18900.0,,,,
G0177J116,Sold Out,ALLERGAN PLC,46920.0,51000.0,,,,
747525103,Sold Out,QUALCOMM INC,14863.0,290641.0,,,,
127686103,Not New,CAESARS ENTMT CORP,25388.0,3301393.0,34125.0,5018427.0,8737.0,1717034.0
00817Y108,Not New,AETNA INC NEW,3432.0,28104.0,19770.0,175965.0,16338.0,147861.0
58501N101,New Holding,MEDIVATION INC,,,772.0,12800.0,,
46123D205,Not New,INVENSENSE INC,2248.0,366666.0,3467.0,412777.0,1219.0,46111.0
21925YAB9,Not New,CORNERSTONE ONDEMAND INC,2064.0,2000000.0,50663.0,50950000.0,48599.0,48950000.0
Y2685T115,Not New,GENCO SHIPPING & TRADING LTD,426.0,747838.0,479.0,747838.0,53.0,0.0
912008109,New Holding,US FOODS HLDG CORP,,,3030.0,125000.0,,
40054A108,New Holding,GRUPO SUPERVIELLE S A,,,17523.0,1370089.0,,
30219G108,Sold Out,EXPRESS SCRIPTS HLDG CO,206.0,3000.0,,,,
34959E109,Sold Out,FORTINET INC,204.0,6666.0,,,,
00846U101,Sold Out,AGILENT TECHNOLOGIES INC,1706.0,42800.0,,,,
N53745100,Sold Out,LYONDELLBASELL INDUSTRIES N,248.0,2900.0,,,,
36241U106,Not New,GSI TECHNOLOGY,713.0,171081.0,2307.0,562726.0,1594.0,391645.0
254687106,New Holding,DISNEY WALT CO,,,675.0,6900.0,,
72147K108,New Holding,PILGRIMS PRIDE CORP NEW,,,476.0,18700.0,,
790849103,New Holding,ST JUDE MED INC,,,3031.0,38860.0,,
887317303,Not New,TIME WARNER INC,5148.0,70000.0,39213.0,540500.0,34065.0,470500.0
887317303,Not New,TIME WARNER INC,19782.0,269000.0,39213.0,540500.0,19431.0,271500.0
37518Q109,New Holding,GIGPEAK INC,,,3770.0,1923366.0,,
98978V103,Not New,ZOETIS INC,59748.0,1258919.0,102709.0,2316921.0,42961.0,1058002.0
45104G104,Sold Out,ICICI BK LTD,10039.0,1402157.0,,,,
G2110R114,Not New,CHIPMOS TECH BERMUDA LTD,24864.0,1372921.0,23861.0,1372921.0,-1003.0,0.0
G5480U153,Sold Out,LIBERTY GLOBAL PLC,21630.0,571007.0,,,,
00289Y115,Not New,ABEONA THERAPEUTICS INC,238.0,250000.0,213.0,250000.0,-25.0,0.0
46123DAB2,Not New,INVENSENSE INC,104265.0,111290000.0,102526.0,111290000.0,-1739.0,0.0
83190B101,Sold Out,SMART & FINAL STORES INC,9411.0,580906.0,,,,
88033G407,Sold Out,TENET HEALTHCARE CORP,917.0,31700.0,,,,
907818108,Sold Out,UNION PAC CORP,5042.0,63387.0,,,,
20854P109,Not New,CONSOL ENERGY INC,8045.0,500000.0,5645.0,500000.0,-2400.0,0.0
92839U206,New Holding,VISTEON CORP,,,875.0,13300.0,,
277461141,Not New,EASTMAN KODAK CO,34.0,8383.0,15.0,8383.0,-19.0,0.0
171484108,Not New,CHURCHILL DOWNS INC,48949.0,387381.0,57286.0,387381.0,8337.0,0.0
45845P108,New Holding,INTERCEPT PHARMACEUTICALS IN,,,1156.0,8100.0,,
812578102,New Holding,SEATTLE GENETICS INC,,,594.0,14700.0,,
863667101,Sold Out,STRYKER CORP,2178.0,20300.0,,,,
535919203,Not New,LIONS GATE ENTMNT CORP,3827.0,189187.0,11641.0,532786.0,7814.0,343599.0
86732Y109,Sold Out,SUNEDISON INC,98.0,181678.0,,,,
609207105,Not New,MONDELEZ INTL INC,21514.0,472731.0,31002.0,772731.0,9488.0,300000.0
888706AF5,New Holding,TIVO INC,,,60849.0,62012000.0,,
N3167Y103,Sold Out,FERRARI N V,35445.0,850000.0,,,,
855030102,Sold Out,STAPLES INC,435.0,39433.0,,,,
538146101,Sold Out,LIVEPERSON INC,2730.0,466666.0,,,,
984332106,Sold Out,YAHOO INC,5224.0,141924.0,,,,
836034108,Sold Out,SOUFUN HLDGS LTD,131.0,21800.0,,,,
37517Y103,Sold Out,GIGOPTIX INC,1221.0,452163.0,,,,
747277101,Not New,QLOGIC CORP,5847.0,396666.0,19724.0,1467566.0,13877.0,1070900.0
171779AE1,Not New,CIENA CORP,203729.0,205139000.0,144083.0,146092000.0,-59646.0,-59047000.0
74346Y103,Not New,PROS HOLDINGS INC,988.0,56666.0,2066.0,175265.0,1078.0,118599.0
268648102,Not New,E M C CORP MASS,20746.0,763569.0,20434.0,766761.0,-312.0,3192.0
054937107,Sold Out,BB&T CORP,3144.0,94500.0,,,,
94770V102,Sold Out,WEBMD HEALTH CORP,4159.0,66400.0,,,,
125581801,Not New,CIT GROUP INC (NYQ),37956.0,1189474.0,43461.0,1400628.0,5505.0,211154.0
277461406,Not New,EASTMAN KODAK CO,388.0,24123.0,262.0,24123.0,-126.0,0.0
N72482107,Sold Out,QIAGEN NV,1751.0,78400.0,,,,
33812L102,Sold Out,FITBIT INC,606.0,40000.0,,,,
806857108,Sold Out,SCHLUMBERGER LTD,23767.0,322261.0,,,,
73172K104,Not New,POLYCOM INC,89230.0,7931566.0,91058.0,8166666.0,1828.0,235100.0
697660207,Not New,PAMPA ENERGIA S A,3390.0,123977.0,1981.0,92400.0,-1409.0,-31577.0
30226D106,Sold Out,EXTREME NETWORKS INC,829.0,266666.0,,,,
75605Y106,Not New,REALOGY HLDGS CORP,9432.0,325000.0,11736.0,325000.0,2304.0,0.0
464287655,Not New,ISHARES TR,208441.0,1813000.0,182335.0,1648300.0,-26106.0,-164700.0
500754106,Not New,KRAFT HEINZ CO,33988.0,384133.0,39683.0,505133.0,5695.0,121000.0
30303M102,Sold Out,FACEBOOK INC,50512.0,442696.0,,,,
444859102,Not New,HUMANA INC,6805.0,37833.0,14410.0,78763.0,7605.0,40930.0
12768T103,Not New,CAESARS ACQUISITION CO,73043.0,6510083.0,39995.0,6535083.0,-33048.0,25000.0
78462F103,Not New,SPDR S&P 500 ETF TR,6474.0,30900.0,10627.0,51700.0,4153.0,20800.0
78462F103,Not New,SPDR S&P 500 ETF TR,6474.0,30900.0,431327.0,2098300.0,424853.0,2067400.0
78462F103,Not New,SPDR S&P 500 ETF TR,838958.0,4004000.0,10627.0,51700.0,-828331.0,-3952300.0
78462F103,Not New,SPDR S&P 500 ETF TR,838958.0,4004000.0,431327.0,2098300.0,-407631.0,-1905700.0
92532F100,New Holding,VERTEX PHARMACEUTICALS INC,,,542.0,6300.0,,
156782104,New Holding,CERNER CORP,,,633.0,10800.0,,
88160RAC5,Not New,TESLA MTRS INC,1654.0,2000000.0,2155.0,2500000.0,501.0,500000.0
20030N101,New Holding,COMCAST CORP NEW,,,10561.0,162000.0,,
57772K101,Sold Out,MAXIM INTEGRATED PRODS INC,17182.0,467143.0,,,,
57772K101,Sold Out,MAXIM INTEGRATED PRODS INC,16551.0,450000.0,,,,
33582V108,New Holding,FIRST NIAGARA FINL GP INC,,,158.0,16200.0,,
427093307,Sold Out,HERCULES OFFSHORE INC,3371.0,1404596.0,,,,
378973408,Not New,GLOBALSTAR INC,605.0,500000.0,735.0,500000.0,130.0,0.0
817565104,New Holding,SERVICE CORP INTL,,,633.0,23400.0,,
023135106,Not New,AMAZON COM INC,8972.0,12537.0,24422.0,41140.0,15450.0,28603.0
023135106,Not New,AMAZON COM INC,8972.0,12537.0,17809.0,30000.0,8837.0,17463.0
739276103,New Holding,POWER INTEGRATIONS INC,,,6643.0,132671.0,,
655664100,Sold Out,NORDSTROM INC,543.0,9500.0,,,,
16117M305,Sold Out,CHARTER COMMUNICATIONS INC D,5584.0,27586.0,,,,
45337C102,New Holding,INCYTE CORP,,,600.0,7500.0,,
928563402,New Holding,VMWARE INC,,,5886.0,102870.0,,
83088M102,New Holding,SKYWORKS SOLUTIONS INC,,,753.0,11900.0,,
125509109,Sold Out,CIGNA CORPORATION,3568.0,26000.0,,,,
03822W406,Sold Out,APPLIED MICRO CIRCUITS CORP,431.0,66666.0,,,,
779376102,New Holding,ROVI CORP,,,63603.0,4066666.0,,
071813109,Not New,BAXTER INTL INC,12857.0,284327.0,18412.0,448200.0,5555.0,163873.0
073271108,New Holding,BAZAARVOICE INC,,,1230.0,306666.0,,
48138L107,Sold Out,JUMEI INTL HLDG LTD,15378.0,2362234.0,,,,
92553P201,New Holding,VIACOM INC NEW,,,299.0,7200.0,,
92763AAB7,Not New,VIOLIN MEMORY INC,11366.0,25650000.0,8849.0,25650000.0,-2517.0,0.0
03524A108,New Holding,ANHEUSER BUSCH INBEV SA/NV,,,2090.0,15873.0,,
742718109,Not New,PROCTER & GAMBLE CO,1279.0,15100.0,1054.0,12800.0,-225.0,-2300.0
018772301,Not New,ALLIANCE ONE INTL INC,556.0,36099.0,634.0,36099.0,78.0,0.0
74346YAB9,New Holding,PROS HOLDINGS INC,,,75930.0,84602000.0,,
V5633W109,Not New,MAKEMYTRIP LIMITED MAURITIUS,7939.0,534258.0,9665.0,534258.0,1726.0,0.0
009728106,New Holding,AKORN INC,,,1094.0,38400.0,,
09072Q114,Not New,BIOAMBER INC,70.0,194000.0,351.0,194000.0,281.0,0.0
70450Y103,Not New,PAYPAL HLDGS INC,29844.0,817413.0,52975.0,1372413.0,23131.0,555000.0
608190104,Sold Out,MOHAWK INDS INC,248.0,1300.0,,,,
848577102,New Holding,SPIRIT AIRLS INC,,,3877.0,86400.0,,
94419L101,Not New,WAYFAIR INC,13753.0,352632.0,15647.0,362041.0,1894.0,9409.0
94419L101,Not New,WAYFAIR INC,14625.0,375000.0,15647.0,362041.0,1022.0,-12959.0
M15342104,New Holding,AUDIOCODES LTD,,,1161.0,277188.0,,
941053100,Sold Out,WASTE CONNECTIONS INC,329.0,5100.0,,,,
983134107,Sold Out,WYNN RESORTS LTD,336.0,3600.0,,,,
053774105,New Holding,AVIS BUDGET GROUP,,,348.0,10800.0,,
060505104,New Holding,BANK AMER CORP,,,4671.0,351975.0,,
16938C106,Not New,CHINA BIOLOGIC PRODS INC,25166.0,236700.0,17138.0,149700.0,-8028.0,-87000.0
74733T105,Sold Out,QLIK TECHNOLOGIES INC,4820.0,166666.0,,,,
111621AQ1,Not New,BROCADE COMMUNICATIONS SYS I,36679.0,37190000.0,8961.0,9000000.0,-27718.0,-28190000.0
47215P106,Not New,JD COM INC,18011.0,848378.0,34356.0,1296467.0,16345.0,448089.0
247361702,New Holding,DELTA AIR LINES INC DEL,,,288.0,7900.0,,
109641100,New Holding,BRINKER INTL INC,,,319.0,7000.0,,
81369Y506,Sold Out,SELECT SECTOR SPDR TR,285.0,4600.0,,,,
464288513,New Holding,ISHARES TR,,,69446.0,820000.0,,
855244109,Sold Out,STARBUCKS CORP,340.0,5700.0,,,,
31680Q104,Not New,58 COM INC,8606.0,187526.0,10553.0,189626.0,1947.0,2100.0
427866108,New Holding,HERSHEY CO,,,1498.0,13200.0,,
143130102,New Holding,CARMAX INC,,,304.0,6200.0,,
02376R102,Not New,AMERICAN AIRLS GROUP INC,8380.0,296018.0,37457.0,913374.0,29077.0,617356.0
02376R102,Not New,AMERICAN AIRLS GROUP INC,8380.0,296018.0,6836.0,166700.0,-1544.0,-129318.0
02376R102,Not New,AMERICAN AIRLS GROUP INC,4719.0,166700.0,37457.0,913374.0,32738.0,746674.0
02376R102,Not New,AMERICAN AIRLS GROUP INC,4719.0,166700.0,6836.0,166700.0,2117.0,0.0
G5876H105,Sold Out,MARVELL TECHNOLOGY GROUP LTD,2749.0,266666.0,,,,
G97822103,Not New,PERRIGO CO PLC,979.0,10800.0,819.0,6400.0,-160.0,-4400.0
682680103,Sold Out,ONEOK INC NEW,10683.0,357755.0,,,,
364760108,Sold Out,GAP INC DEL,517.0,17600.0,,,,
46122T102,Sold Out,INTREXON CORP,1935.0,57100.0,,,,
067901108,Not New,BARRICK GOLD CORP,22867.0,1071074.0,263714.0,19419309.0,240847.0,18348235.0
22164K101,New Holding,COTIVITI HLDGS INC,,,3381.0,160000.0,,
M0854Q105,Not New,ALLOT COMMUNICATIONS LTD,6861.0,1394483.0,766.0,146500.0,-6095.0,-1247983.0
78463V107,Not New,SPDR GOLD TRUST,30365.0,240000.0,123480.0,1050000.0,93115.0,810000.0
543881106,Not New,LORAL SPACE & COMMUNICATNS I,330.0,9369.0,12254.0,348826.0,11924.0,339457.0
71714F104,Sold Out,PHARMERICA CORP,2214.0,100129.0,,,,
22160N109,Sold Out,COSTAR GROUP INC,226.0,1200.0,,,,
92763A101,Not New,VIOLIN MEMORY INC,383.0,416666.0,218.0,416666.0,-165.0,0.0
747906204,Not New,QUANTUM CORP,5320.0,12666666.0,1017.0,1666666.0,-4303.0,-11000000.0
278642103,Not New,EBAY INC,40846.0,1744830.0,88397.0,3704830.0,47551.0,1960000.0
22822V101,Sold Out,CROWN CASTLE INTL CORP NEW,30666.0,354519.0,,,,
59408Q106,Sold Out,MICHAELS COS INC,607.0,21700.0,,,,
670346105,New Holding,NUCOR CORP,,,11230.0,227291.0,,
879369106,Sold Out,TELEFLEX INC,911.0,5800.0,,,,
V7780T103,Sold Out,ROYAL CARIBBEAN CRUISES LTD,608.0,7400.0,,,,
037833100,Sold Out,APPLE INC,338.0,3100.0,,,,
911363109,Sold Out,UNITED RENTALS INC,330.0,5300.0,,,,
902252105,Sold Out,TYLER TECHNOLOGIES INC,257.0,2000.0,,,,
038222105,New Holding,APPLIED MATLS INC,,,8955.0,373596.0,,
530307305,New Holding,LIBERTY BROADBAND CORP,,,533523.0,8892050.0,,
72651A108,Sold Out,PLAINS GP HLDGS L P,423.0,48700.0,,,,
388689101,Sold Out,GRAPHIC PACKAGING HLDG CO,330.0,25700.0,,,,
88732J207,Sold Out,TIME WARNER CABLE INC,66269.0,323865.0,,,,
G9019D104,Not New,TRAVELPORT WORLDWIDE LTD,30936.0,2400000.0,32784.0,2400000.0,1848.0,0.0
02314M108,Sold Out,AMAYA ORD (TOR),3526.0,263167.0,,,,
464287556,Sold Out,ISHARES TR,17631.0,67600.0,,,,
620076307,Sold Out,MOTOROLA SOLUTIONS INC,1469.0,19409.0,,,,
00508Y102,Sold Out,ACUITY BRANDS INC,262.0,1200.0,,,,
023586100,Sold Out,AMERCO,322.0,900.0,,,,
656568AE2,Not New,NORTEL NETWORKS CORP NEW,86485.0,99123000.0,102905.0,120123000.0,16420.0,21000000.0
670002104,Sold Out,NOVAVAX INC,156.0,30300.0,,,,
60871R209,Sold Out,MOLSON COORS BREWING CO,1935.0,20121.0,,,,
910047109,Sold Out,UNITED CONTL HLDGS INC,1694.0,28306.0,,,,
64118QAB3,Not New,NETSUITE INC,3938.0,4000000.0,4797.0,5000000.0,859.0,1000000.0
550021109,Sold Out,LULULEMON ATHLETICA INC,569.0,8400.0,,,,
15130J109,Sold Out,CEMPRA INC,3186.0,181825.0,,,,
828336107,Sold Out,SILVER WHEATON CORP,16580.0,1000000.0,,,,
032359309,Sold Out,AMTRUST FINL SVCS INC,223.0,8600.0,,,,
L9340P101,Sold Out,TRINSEO S A,16568.0,450100.0,,,,
45071R109,New Holding,IXIA,,,7043.0,717238.0,,
01449J105,Sold Out,ALERE INC,2166.0,42800.0,,,,
147528103,Sold Out,CASEYS GEN STORES INC,249.0,2200.0,,,,
78388J106,Sold Out,SBA COMMUNICATIONS CORP,14400.0,143753.0,,,,
G3198U102,Not New,ESSENT GROUP LTD,32307.0,1481278.0,30811.0,1481278.0,-1496.0,0.0
85590A401,Sold Out,STARWOOD HOTELS&RESORTS WRLD,19338.0,231787.0,,,,
917047102,Sold Out,URBAN OUTFITTERS INC,529.0,16000.0,,,,
00289Y107,Not New,ABEONA THERAPEUTICS INC,3451.0,1462122.0,3743.0,1462122.0,292.0,0.0
046433108,Sold Out,ASTRONICS CORP,1422.0,37281.0,,,,
G5480U120,New Holding,LIBERTY GLOBAL PLC,,,9549.0,333300.0,,
G3164Q101,New Holding,C&J ENERGY SVCS LTD,,,1205.0,2000000.0,,
81761R109,New Holding,SERVICEMASTER GLOBAL HLDGS I,,,2388.0,60000.0,,
87165B103,Sold Out,SYNCHRONY FINL,10330.0,360434.0,,,,
091727107,Not New,BITAUTO HLDGS LTD,2184.0,80995.0,9199.0,371087.0,7015.0,290092.0
59522J103,New Holding,MID-AMER APT CMNTYS INC,,,383.0,3600.0,,
697435105,Sold Out,PALO ALTO NETWORKS INC,228.0,1400.0,,,,
063904106,Sold Out,BANK OF THE OZARKS INC,332.0,7900.0,,,,
26817R116,Sold Out,DYNEGY INC NEW DEL,523.0,1270300.0,,,,
72348P104,New Holding,PINNACLE FOODS INC DEL,,,1347.0,29100.0,,
26884L109,Sold Out,EQT CORP,16913.0,251460.0,,,,
582839106,Not New,MEAD JOHNSON NUTRITION CO,16335.0,180000.0,15295.0,180000.0,-1040.0,0.0
676220106,Sold Out,OFFICE DEPOT INC,4465.0,628919.0,,,,
46612JAF8,Not New,JDS UNIPHASE CORP,245610.0,250782000.0,205577.0,210175000.0,-40033.0,-40607000.0
126650100,Not New,CVS HEALTH CORP,3942.0,41175.0,2854.0,27511.0,-1088.0,-13664.0
925550105,Not New,VIAVI SOLUTIONS INC,2431.0,366666.0,68371.0,9966666.0,65940.0,9600000.0
596278101,Sold Out,MIDDLEBY CORP,331.0,3100.0,,,,
607525102,Not New,MODEL N INC,28504.0,2135148.0,16476.0,1529766.0,-12028.0,-605382.0
828806109,Sold Out,SIMON PPTY GROUP INC NEW,10135.0,48797.0,,,,
15189T107,Sold Out,CENTERPOINT ENERGY INC,8376.0,400378.0,,,,
G5960L103,Sold Out,MEDTRONIC PLC,833.0,11100.0,,,,
277461133,Not New,EASTMAN KODAK CO,29.0,8383.0,22.0,8383.0,-7.0,0.0
485865109,Sold Out,KATE SPADE & CO,572.0,22400.0,,,,
556099109,Sold Out,MACROGENICS INC,365.0,19488.0,,,,
492914106,Not New,KEY ENERGY SVCS INC,116.0,500000.0,185.0,500000.0,69.0,0.0
577081102,New Holding,MATTEL INC,,,316.0,10100.0,,
826565103,New Holding,SIGMA DESIGNS INC,,,4216.0,655629.0,,
032420101,Sold Out,ANACOR PHARMACEUTICALS INC,224.0,4200.0,,,,
13342B105,Sold Out,CAMERON INTERNATIONAL CORP,6175.0,92091.0,,,,
002824100,Not New,ABBOTT LABS,12940.0,329181.0,17534.0,419181.0,4594.0,90000.0
00507V109,New Holding,ACTIVISION BLIZZARD INC,,,15019.0,378981.0,,
05329W102,New Holding,AUTONATION INC,,,620.0,13200.0,,
29444U700,Sold Out,EQUINIX INC,68197.0,206215.0,,,,
21925Y103,Sold Out,CORNERSTONE ONDEMAND INC,1202.0,36666.0,,,,
344849104,New Holding,FOOT LOCKER INC,,,373.0,6800.0,,
64110L106,Sold Out,NETFLIX INC,7333.0,71732.0,,,,
G0176J109,Not New,ALLEGION PUB LTD CO,734.0,10574.0,11275.0,176974.0,10541.0,166400.0
80862K104,Sold Out,SCICLONE PHARMACEUTICALS INC,353.0,32100.0,,,,
518415104,Sold Out,LATTICE SEMICONDUCTOR CORP,2331.0,410473.0,,,,
80004C101,Sold Out,SANDISK CORP,13322.0,175104.0,,,,
872590104,Sold Out,T MOBILE US INC,20571.0,537113.0,,,,
87162H103,New Holding,SYNTEL INC,,,367.0,8100.0,,
25470M109,Not New,DISH NETWORK CORP,38016.0,725489.0,21208.0,458458.0,-16808.0,-267031.0
