CUSIP,status,NAME OF ISSUER,(x$1000)_old,PRN AMT_old,(x$1000),PRN AMT,(x$1000)_change,PRN AMT_change
925652109,Not New,VICI PPTYS INC,429715.0,19639618.0,392482.0,20898926.0,-37233.0,1259308.0
G3402M102,Not New,FGL HLDGS,4887.0,620938.0,4135.0,620938.0,-752.0,0.0
79466L302,Not New,SALESFORCE COM INC,49887.0,315000.0,28079.0,205000.0,-21808.0,-110000.0
03076C106,Not New,AMERIPRISE FINL INC,2104.0,16426.0,1714.0,16426.0,-390.0,0.0
85207U105,Sold Out,SPRINT CORP,19957.0,3429100.0,,,,
M15332121,New Holding,ATTUNITY LTD,,,2580.0,110000.0,,
G16962105,Not New,BUNGE LIMITED,13268.0,250000.0,16032.0,300000.0,2764.0,50000.0
81762P102,Sold Out,SERVICENOW INC,14244.0,80000.0,,,,
461202103,New Holding,INTUIT,,,26141.0,100000.0,,
535919401,Not New,LIONS GATE ENTMNT CORP,16422.0,1050000.0,24150.0,1500000.0,7728.0,450000.0
110122108,New Holding,BRISTOL MYERS SQUIBB CO,,,0.0,10.0,,
110122108,New Holding,BRISTOL MYERS SQUIBB CO,,,11975.0,251000.0,,
110122108,New Holding,BRISTOL MYERS SQUIBB CO,,,596.0,12500.0,,
779376AD4,Not New,ROVI CORP,110114.0,113222000.0,107985.0,113222000.0,-2129.0,0.0
00206R102,Sold Out,AT&T INC,20970.0,734775.0,,,,
05541T101,New Holding,BGC PARTNERS INC,,,7845.0,1477409.0,,
718172109,Sold Out,PHILIP MORRIS INTL INC,39388.0,590000.0,,,,
15135B101,New Holding,CENTENE CORP DEL,,,2655.0,50000.0,,
172967424,Not New,CITIGROUP INC,11378.0,182867.0,9520.0,182867.0,-1858.0,0.0
63934EAS7,Sold Out,NAVISTAR INTL CORP NEW,6800.0,6800000.0,,,,
458118AC0,Not New,INTEGRATED DEVICE TECHNOLOGY,11786.0,7500000.0,11637.0,7500000.0,-149.0,0.0
92927K102,New Holding,WABCO HLDGS INC,,,7053.0,53500.0,,
87612G101,Sold Out,TARGA RES CORP,1801.0,50000.0,,,,
92532W103,New Holding,VERSUM MATLS INC,,,4327.0,86000.0,,
922417AD2,Not New,VEECO INSTRS INC DEL,33461.0,39000000.0,29607.0,39000000.0,-3854.0,0.0
194162103,Sold Out,COLGATE PALMOLIVE CO,7440.0,125000.0,,,,
L5140P101,Not New,INTELSAT S A,13728.0,876622.0,11738.0,548747.0,-1990.0,-327875.0
531229AE2,Not New,LIBERTY MEDIA CORP DELAWARE,4486.0,8700000.0,23162.0,48700000.0,18676.0,40000000.0
15677J108,New Holding,CERIDIAN HCM HLDG INC,,,84645.0,1650000.0,,
925550AB1,Sold Out,VIAVI SOLUTIONS INC,9893.0,10000000.0,,,,
02079K305,Sold Out,ALPHABET INC,26124.0,25000.0,,,,
867224107,Not New,SUNCOR ENERGY INC NEW,3243.0,100000.0,6293.0,225000.0,3050.0,125000.0
001055102,Not New,AFLAC INC,4371.0,87419.0,3983.0,87419.0,-388.0,0.0
12572Q105,Not New,CME GROUP INC,7587.0,46102.0,8673.0,46102.0,1086.0,0.0
49435R102,Not New,KIMBELL RTY PARTNERS LP,6395.0,350000.0,3138.0,231075.0,-3257.0,-118925.0
55354G100,Not New,MSCI INC,1869.0,9401.0,1386.0,9401.0,-483.0,0.0
98138H101,New Holding,WORKDAY INC,,,19285.0,100000.0,,
718546104,Sold Out,PHILLIPS 66,5169.0,60000.0,,,,
81369Y605,Not New,SELECT SECTOR SPDR TR,23562.0,916467.0,48254.0,2025759.0,24692.0,1109292.0
232806AM1,Not New,CYPRESS SEMICONDUCTOR CORP,35842.0,28000000.0,23672.0,20000000.0,-12170.0,-8000000.0
87236Y108,Not New,TD AMERITRADE HLDG CORP,1016.0,20327.0,995.0,20327.0,-21.0,0.0
020002101,Not New,ALLSTATE CORP,4162.0,44195.0,3652.0,44195.0,-510.0,0.0
90385D107,New Holding,ULTIMATE SOFTWARE GROUP INC,,,6478.0,19622.0,,
682189AK1,Not New,ON SEMICONDUCTOR CORP,39628.0,32000000.0,27625.0,25000000.0,-12003.0,-7000000.0
N6596X109,Sold Out,NXP SEMICONDUCTORS N V,1466.0,20000.0,,,,
464287622,Not New,ISHARES TR,64921.0,412693.0,39600.0,285531.0,-25321.0,-127162.0
63938C108,New Holding,NAVIENT CORPORATION,,,2314.0,200000.0,,
61179L100,New Holding,MONTAGE RES CORP,,,918.0,61031.0,,
298736109,New Holding,EURONET WORLDWIDE INC,,,2153.0,15100.0,,
98954MAC5,Not New,ZILLOW GROUP INC,4579.0,5000000.0,15552.0,18000000.0,10973.0,13000000.0
74736LAB5,New Holding,Q2 HLDGS INC,,,12860.0,9800000.0,,
28849P100,New Holding,ELLIE MAE INC,,,5280.0,53500.0,,
594918104,New Holding,MICROSOFT CORP,,,4714.0,39966.0,,
G0551A103,Not New,ARRIS INTERNATIONAL PLC,9963.0,315186.0,2415.0,79000.0,-7548.0,-236186.0
29272W109,Not New,ENERGIZER HLDGS INC NEW,36169.0,805000.0,23252.0,515000.0,-12917.0,-290000.0
026874784,Not New,AMERICAN INTL GROUP INC,3103.0,72063.0,2840.0,72063.0,-263.0,0.0
222070203,Not New,COTY INC,11500.0,1000000.0,7380.0,1125000.0,-4120.0,125000.0
902104108,Not New,II VI INC,523.0,14042.0,780.0,24023.0,257.0,9981.0
92763M105,Not New,VIPER ENERGY PARTNERS LP,31502.0,950000.0,7542.0,289644.0,-23960.0,-660356.0
698354107,Sold Out,PANDORA MEDIA INC,9333.0,1153685.0,,,,
698354107,Sold Out,PANDORA MEDIA INC,7926.0,979700.0,,,,
127686103,Not New,CAESARS ENTMT CORP,215700.0,24821642.0,225161.0,33160623.0,9461.0,8338981.0
97650W108,Sold Out,WINTRUST FINL CORP,2766.0,41600.0,,,,
958254104,Sold Out,WESTERN GAS PARTNERS LP,2618.0,62000.0,,,,
78464A730,Not New,SPDR SERIES TRUST,5746.0,186916.0,4959.0,186916.0,-787.0,0.0
78464A730,Not New,SPDR SERIES TRUST,5746.0,186916.0,13265.0,500000.0,7519.0,313084.0
78464A730,Not New,SPDR SERIES TRUST,30740.0,1000000.0,4959.0,186916.0,-25781.0,-813084.0
78464A730,Not New,SPDR SERIES TRUST,30740.0,1000000.0,13265.0,500000.0,-17475.0,-500000.0
27579R104,Not New,EAST WEST BANCORP INC,4854.0,101196.0,4405.0,101196.0,-449.0,0.0
02156K103,New Holding,ALTICE USA INC,,,35442.0,1650000.0,,
94946T106,New Holding,WELLCARE HEALTH PLANS INC,,,6429.0,23835.0,,
49271V100,New Holding,KEURIG DR PEPPER INC,,,13985.0,500000.0,,
39572G100,Sold Out,GREENSKY INC,2179.0,227653.0,,,,
254687106,Not New,DISNEY WALT CO,19985.0,180000.0,19518.0,178001.0,-467.0,-1999.0
032511107,New Holding,ANADARKO PETE CORP,,,2274.0,50000.0,,
7591EP100,Sold Out,REGIONS FINL CORP NEW,2395.0,178989.0,,,,
22266L106,Not New,COUPA SOFTWARE INC,55043.0,605000.0,38345.0,610000.0,-16698.0,5000.0
316773100,Not New,FIFTH THIRD BANCORP,788.0,31228.0,735.0,31228.0,-53.0,0.0
44919P508,Not New,IAC INTERACTIVECORP,21011.0,100000.0,11898.0,65000.0,-9113.0,-35000.0
08579X101,Not New,BERRY PETE CORP,4616.0,400000.0,959.0,109600.0,-3657.0,-290400.0
902973304,Not New,US BANCORP DEL,5735.0,119003.0,5438.0,119003.0,-297.0,0.0
257554105,Sold Out,DOMO INC,776.0,39533.0,,,,
98212B103,Sold Out,WPX ENERGY INC,7945.0,700000.0,,,,
94419LAB7,Sold Out,WAYFAIR INC,12409.0,11500000.0,,,,
50212V100,Not New,LPL FINL HLDGS INC,39838.0,571971.0,34936.0,571971.0,-4902.0,0.0
609207105,Not New,MONDELEZ INTL INC,60094.0,1203800.0,52191.0,1303800.0,-7903.0,100000.0
398438408,New Holding,GRIFOLS S A,,,42752.0,2125925.0,,
G491BT108,Not New,INVESCO LTD,1172.0,60695.0,1016.0,60695.0,-156.0,0.0
629377508,Not New,NRG ENERGY INC,12744.0,300000.0,22770.0,575000.0,10026.0,275000.0
665859104,Not New,NORTHERN TR CORP,2390.0,26433.0,2210.0,26433.0,-180.0,0.0
46625H100,Not New,JPMORGAN CHASE & CO,21485.0,212244.0,20719.0,212244.0,-766.0,0.0
M51363113,New Holding,MELLANOX TECHNOLOGIES LTD,,,9824.0,83000.0,,
H1467J104,Not New,CHUBB LIMITED,5646.0,40306.0,5207.0,40306.0,-439.0,0.0
90138F102,New Holding,TWILIO INC,,,16148.0,125000.0,,
054937107,Not New,BB&T CORP,4219.0,90674.0,3928.0,90674.0,-291.0,0.0
125581801,New Holding,CIT GROUP INC,,,4442.0,92593.0,,
436106108,Sold Out,HOLLYFRONTIER CORP,2556.0,50000.0,,,,
493267108,Not New,KEYCORP NEW,1756.0,111467.0,1647.0,111467.0,-109.0,0.0
806857108,Not New,SCHLUMBERGER LTD,2179.0,50000.0,1804.0,50000.0,-375.0,0.0
127686AA1,Not New,CAESARS ENTMT CORP,28078.0,19719943.0,38208.0,30719943.0,10130.0,11000000.0
200340107,Not New,COMERICA INC,956.0,13041.0,18496.0,269265.0,17540.0,256224.0
81762PAC6,Not New,SERVICENOW INC,33390.0,18000000.0,9788.0,7000000.0,-23602.0,-11000000.0
500754106,Sold Out,KRAFT HEINZ CO,12912.0,300000.0,,,,
55087P104,New Holding,LYFT INC,,,15658.0,200000.0,,
59156R108,Not New,METLIFE INC,2842.0,66772.0,2742.0,66772.0,-100.0,0.0
23331A109,New Holding,D R HORTON INC,,,39992.0,966454.0,,
78462F103,Not New,SPDR S&P 500 ETF TR,28593.0,101220.0,7858.0,31444.0,-20735.0,-69776.0
78462F103,Not New,SPDR S&P 500 ETF TR,28593.0,101220.0,81224.0,325000.0,52631.0,223780.0
78462F103,Not New,SPDR S&P 500 ETF TR,312140.0,1105000.0,7858.0,31444.0,-304282.0,-1073556.0
78462F103,Not New,SPDR S&P 500 ETF TR,312140.0,1105000.0,81224.0,325000.0,-230916.0,-780000.0
78486Q101,Not New,SVB FINL GROUP,981.0,4412.0,16200.0,85297.0,15219.0,80885.0
69404D108,Sold Out,PACIFIC BIOSCIENCES CALIF IN,999.0,135000.0,,,,
88160RAC5,Not New,TESLA INC,38602.0,37500000.0,22516.0,20000000.0,-16086.0,-17500000.0
36164V305,Not New,GCI LIBERTY INC,63673.0,1145000.0,37456.0,910000.0,-26217.0,-235000.0
20030N101,New Holding,COMCAST CORP NEW,,,43978.0,1100000.0,,
45667GAC7,Sold Out,INFINERA CORPORATION,24779.0,34000000.0,,,,
30607B208,Not New,FALCON MINERALS CORP,525.0,632000.0,120.0,200000.0,-405.0,-432000.0
25470MAB5,Not New,DISH NETWORK CORP,14484.0,17000000.0,14580.0,18000000.0,96.0,1000000.0
55261F104,Not New,M & T BK CORP,16839.0,107242.0,742.0,5185.0,-16097.0,-102057.0
538034109,Sold Out,LIVE NATION ENTERTAINMENT IN,6755.0,137160.0,,,,
22943FAM2,New Holding,CTRIP COM INTL LTD,,,20340.0,20000000.0,,
023135106,Sold Out,AMAZON COM INC,24032.0,16000.0,,,,
29786A106,New Holding,ETSY INC,,,9565.0,142300.0,,
82509L107,Sold Out,SHOPIFY INC,3461.0,25000.0,,,,
45866F104,Not New,INTERCONTINENTAL EXCHANGE IN,4750.0,62386.0,4700.0,62386.0,-50.0,0.0
502413107,New Holding,L3 TECHNOLOGIES INC,,,4127.0,20000.0,,
92553P201,New Holding,VIACOM INC NEW,,,23860.0,850000.0,,
03524A108,Not New,ANHEUSER BUSCH INBEV SA/NV,1679.0,20000.0,9872.0,150000.0,8193.0,130000.0
205887102,Not New,CONAGRA BRANDS INC,51319.0,1850000.0,24030.0,1125000.0,-27289.0,-725000.0
744320102,Not New,PRUDENTIAL FINL INC,4451.0,48445.0,3951.0,48445.0,-500.0,0.0
857477103,Not New,STATE STR CORP,1136.0,17264.0,1089.0,17264.0,-47.0,0.0
91913Y100,New Holding,VALERO ENERGY CORP NEW,,,42415.0,500000.0,,
247916208,Not New,DENBURY RES INC,5125.0,2500000.0,1710.0,1000000.0,-3415.0,-1500000.0
26885B100,Not New,EQM MIDSTREAM PARTNERS LP,2539.0,55000.0,2379.0,55000.0,-160.0,0.0
826919AB8,Not New,SILICON LABORATORIES INC,19495.0,17900000.0,15247.0,14400000.0,-4248.0,-3500000.0
91324P102,Not New,UNITEDHEALTH GROUP INC,8654.0,35000.0,21175.0,85000.0,12521.0,50000.0
G0408V102,Not New,AON PLC,4255.0,24925.0,3623.0,24925.0,-632.0,0.0
060505104,Not New,BANK AMER CORP,17767.0,643968.0,15867.0,643968.0,-1900.0,0.0
039483102,Not New,ARCHER DANIELS MIDLAND CO,30191.0,700000.0,13315.0,325000.0,-16876.0,-375000.0
44109J106,New Holding,HOSTESS BRANDS INC,,,2500.0,200000.0,,
32008D106,New Holding,FIRST DATA CORP NEW,,,32058.0,1220340.0,,
571748102,Not New,MARSH & MCLENNAN COS INC,4797.0,51090.0,4074.0,51090.0,-723.0,0.0
958669103,New Holding,WESTERN MIDSTREAM PARTNERS L,,,2965.0,94550.0,,
81369Y506,Not New,SELECT SECTOR SPDR TR,5751.0,86972.0,4988.0,86972.0,-763.0,0.0
559663109,Not New,MAGNOLIA OIL & GAS CORP,1965.0,163750.0,2242.0,200000.0,277.0,36250.0
56585A102,Not New,MARATHON PETE CORP,5985.0,100000.0,5016.0,85000.0,-969.0,-15000.0
89417E109,Not New,TRAVELERS COMPANIES INC,5544.0,40423.0,4841.0,40423.0,-703.0,0.0
021346101,Not New,ALTABA INC,173966.0,2347087.0,148131.0,2556619.0,-25835.0,209532.0
38141G104,Not New,GOLDMAN SACHS GROUP INC,4355.0,22682.0,3789.0,22682.0,-566.0,0.0
427866108,Sold Out,HERSHEY CO,23580.0,220000.0,,,,
78409V104,Not New,S&P GLOBAL INC,6025.0,28616.0,4863.0,28616.0,-1162.0,0.0
G5876H105,Not New,MARVELL TECHNOLOGY GROUP LTD,27846.0,1400000.0,2774.0,171332.0,-25072.0,-1228668.0
682680103,Sold Out,ONEOK INC NEW,10790.0,200000.0,,,,
46090E103,Sold Out,INVESCO QQQ TR,52896.0,342900.0,,,,
76680R206,Not New,RINGCENTRAL INC,28567.0,265000.0,28030.0,340000.0,-537.0,75000.0
09247X101,Not New,BLACKROCK INC,1573.0,3680.0,1446.0,3680.0,-127.0,0.0
45782BAA2,Not New,INSEEGO CORP,38239.0,30769000.0,34397.0,30769000.0,-3842.0,0.0
82968B103,Not New,SIRIUS XM HLDGS INC,23891.0,4213600.0,11188.0,1959400.0,-12703.0,-2254200.0
M0854Q105,Sold Out,ALLOT COMMUNICATIONS LTD,19841.0,3268623.0,,,,
695263103,Sold Out,PACWEST BANCORP DEL,1401.0,42100.0,,,,
722304102,New Holding,PINDUODUO INC,,,3720.0,150000.0,,
98156Q108,Not New,WORLD WRESTLING ENTMT INC,28204.0,325000.0,6222.0,83277.0,-21982.0,-241723.0
446150104,Not New,HUNTINGTON BANCSHARES INC,1726.0,136085.0,1622.0,136085.0,-104.0,0.0
989701107,Not New,ZIONS BANCORPORATION N A,2576.0,56730.0,10997.0,269934.0,8421.0,213204.0
579780206,Not New,MCCORMICK & CO INC,38411.0,255000.0,29937.0,215000.0,-8474.0,-40000.0
631103108,Not New,NASDAQ INC,2640.0,30177.0,2462.0,30177.0,-178.0,0.0
88870P106,Not New,TIVO CORP,14618.0,1568485.0,14759.0,1568485.0,141.0,0.0
92343V104,Sold Out,VERIZON COMMUNICATIONS INC,34424.0,612315.0,,,,
530307305,Not New,LIBERTY BROADBAND CORP,668861.0,7290838.0,525159.0,7290838.0,-143702.0,0.0
867914103,Not New,SUNTRUST BKS INC,1564.0,26395.0,1331.0,26395.0,-233.0,0.0
045487105,Sold Out,ASSOCIATED BANC CORP,2203.0,111308.0,,,,
22943FAF7,Not New,CTRIP COM INTL LTD,4587.0,4500000.0,18109.0,19500000.0,13522.0,15000000.0
293792107,Not New,ENTERPRISE PRODS PARTNERS L,5529.0,190000.0,4672.0,190000.0,-857.0,0.0
559080106,Not New,MAGELLAN MIDSTREAM PRTNRS LP,4953.0,81700.0,4662.0,81700.0,-291.0,0.0
74144T108,Not New,PRICE T ROWE GROUP INC,2378.0,23756.0,2193.0,23756.0,-185.0,0.0
80874P109,Sold Out,SCIENTIFIC GAMES CORP,3408.0,190600.0,,,,
151020104,New Holding,CELGENE CORP,,,38410.0,407140.0,,
151020104,New Holding,CELGENE CORP,,,4340.0,46000.0,,
064058100,Not New,BANK NEW YORK MELLON CORP,3421.0,67845.0,3193.0,67845.0,-228.0,0.0
881624209,Sold Out,TEVA PHARMACEUTICAL INDS LTD,3855.0,250000.0,,,,
29273V100,Not New,ENERGY TRANSFER LP,4941.0,321500.0,4247.0,321500.0,-694.0,0.0
292505104,Sold Out,ENCANA CORP,11560.0,2000000.0,,,,
254709108,Not New,DISCOVER FINL SVCS,1857.0,26098.0,1539.0,26098.0,-318.0,0.0
981558109,New Holding,WORLDPAY INC,,,14165.0,124801.0,,
670851500,Not New,OI S A,7846.0,4173192.0,2989.0,1868346.0,-4857.0,-2304846.0
902104AB4,New Holding,II VI INC,,,16254.0,15500000.0,,
025816109,Not New,AMERICAN EXPRESS CO,6129.0,56077.0,5345.0,56077.0,-784.0,0.0
354613101,Not New,FRANKLIN RES INC,2569.0,77531.0,2300.0,77531.0,-269.0,0.0
949746101,Not New,WELLS FARGO CO NEW,13802.0,285630.0,13162.0,285630.0,-640.0,0.0
151290BR3,Sold Out,CEMEX SAB DE CV,15155.0,15500000.0,,,,
87165B103,Not New,SYNCHRONY FINL,15911.0,498772.0,1144.0,48772.0,-14767.0,-450000.0
269246401,Not New,E TRADE FINANCIAL CORP,21223.0,457091.0,17863.0,407091.0,-3360.0,-50000.0
947075AH0,Not New,WEATHERFORD INTL LTD,8125.0,10000000.0,6369.0,10000000.0,-1756.0,0.0
896047503,Not New,TRIBUNE MEDIA CO,14140.0,306459.0,6875.0,151500.0,-7265.0,-154959.0
136385101,Not New,CANADIAN NAT RES LTD,13750.0,500000.0,4826.0,200000.0,-8924.0,-300000.0
98138HAF8,Not New,WORKDAY INC,5668.0,4000000.0,12267.0,10000000.0,6599.0,6000000.0
756577102,Not New,RED HAT INC,59412.0,325191.0,24797.0,141183.0,-34615.0,-184008.0
98954MAB7,Not New,ZILLOW GROUP INC,1025.0,1000000.0,20023.0,20500000.0,18998.0,19500000.0
743315103,Not New,PROGRESSIVE CORP OHIO,4695.0,65130.0,3929.0,65130.0,-766.0,0.0
617446448,Not New,MORGAN STANLEY,21879.0,518462.0,10541.0,265860.0,-11338.0,-252602.0
14040H105,Not New,CAPITAL ONE FINL CORP,3175.0,38861.0,2938.0,38861.0,-237.0,0.0
78467J100,Sold Out,SS&C TECHNOLOGIES HLDGS INC,8808.0,195266.0,,,,
87157DAD1,New Holding,SYNAPTICS INC,,,4441.0,4800000.0,,
750917AG1,Not New,RAMBUS INC DEL,19231.0,20500000.0,17881.0,20500000.0,-1350.0,0.0
151290BT9,Sold Out,CEMEX SAB DE CV,3766.0,3850000.0,,,,
125269100,Sold Out,CF INDS HLDGS INC,14576.0,335000.0,,,,
00724F101,New Holding,ADOBE INC,,,33311.0,125000.0,,
80283M101,New Holding,SANTANDER CONSUMER USA HDG I,,,10565.0,500000.0,,
64110L106,New Holding,NETFLIX INC,,,17828.0,50000.0,,
896522109,Sold Out,TRINITY INDS INC,1903.0,92430.0,,,,
174610105,Not New,CITIZENS FINL GROUP INC,1941.0,59730.0,1776.0,59730.0,-165.0,0.0
808513105,Not New,THE CHARLES SCHWAB CORPORATI,2284.0,53404.0,2218.0,53404.0,-66.0,0.0
30607B109,Not New,FALCON MINERALS CORP,10371.0,1173243.0,5423.0,638039.0,-4948.0,-535204.0
872590104,Not New,T MOBILE US INC,42721.0,618247.0,34986.0,550000.0,-7735.0,-68247.0
693475105,Not New,PNC FINL SVCS GROUP INC,5631.0,45904.0,5367.0,45904.0,-264.0,0.0
