CUSIP,status,NAME OF ISSUER,(x$1000)_old,PRN AMT_old,(x$1000),PRN AMT,(x$1000)_change,PRN AMT_change
15117B103,Not New,CELLDEX THERAPEUTICS INC NEW,251.0,70800.0,286.0,70800.0,35.0,0.0
457669307,Not New,INSMED INC,2715.0,205200.0,2980.0,205200.0,265.0,0.0
766559603,Not New,RIGEL PHARMACEUTICALS INC,923.0,387697.0,2954.0,805000.0,2031.0,417303.0
21870Q105,New Holding,CORESITE RLTY CORP,,,10175.0,128200.0,,
548862101,Not New,LOXO ONCOLOGY INC,26612.0,828641.0,19293.0,736941.0,-7319.0,-91700.0
G84720104,Not New,STERIS PLC,21127.0,313500.0,22793.0,311800.0,1666.0,-1700.0
G5480U138,Not New,LIBERTY GLOBAL PLC,110.0,4990.0,138.0,4990.0,28.0,0.0
717081103,Not New,PFIZER INC,11439.0,352200.0,8535.0,252000.0,-2904.0,-100200.0
465685105,Sold Out,ITC HOLDINGS CORP,3955.0,85100.0,,,,
91911K102,Not New,VALEANT PHARMACEUTICALS INTL,281463.0,19384500.0,463283.0,18871000.0,181820.0,-513500.0
457153104,Sold Out,INGRAM MICRO INC-CL A,5174.0,145086.0,,,,
101137107,Not New,BOSTON SCIENTIFIC CORP,6229.0,288000.0,9758.0,410000.0,3529.0,122000.0
N59465109,Not New,MYLAN N V,785985.0,20602500.0,831461.0,21811661.0,45476.0,1209161.0
N59465109,Not New,MYLAN N V,785985.0,20602500.0,35848.0,940400.0,-750137.0,-19662100.0
N59465109,Not New,MYLAN N V,34495.0,904200.0,831461.0,21811661.0,796966.0,20907461.0
N59465109,Not New,MYLAN N V,34495.0,904200.0,35848.0,940400.0,1353.0,36200.0
571903202,Sold Out,MARRIOTT INTERNATIONAL -CL A,11446.0,170000.0,,,,
02503Y103,Not New,AMERICAN CAP LTD,15516.0,865868.0,73241.0,4331200.0,57725.0,3465332.0
004449104,New Holding,ACHAOGEN INC,,,944.0,72500.0,,
G0177J108,Not New,ALLERGAN PLC,746530.0,3554734.0,896167.0,3891134.0,149637.0,336400.0
G0177J108,Not New,ALLERGAN PLC,746530.0,3554734.0,49448.0,214700.0,-697082.0,-3340034.0
G0177J108,Not New,ALLERGAN PLC,45089.0,214700.0,896167.0,3891134.0,851078.0,3676434.0
G0177J108,Not New,ALLERGAN PLC,45089.0,214700.0,49448.0,214700.0,4359.0,0.0
02043Q107,Not New,ALNYLAM PHARMACEUTICALS INC,723.0,19300.0,1308.0,19300.0,585.0,0.0
478160104,Sold Out,JOHNSON & JOHNSON,4135.0,35000.0,,,,
40412C101,Not New,HCA HOLDINGS INC,8261.0,111600.0,12290.0,162500.0,4029.0,50900.0
G30401106,Not New,ENDO INTL PLC,129123.0,7839900.0,160271.0,7953900.0,31148.0,114000.0
98138H101,New Holding,WORKDAY INC,,,11493.0,173900.0,,
008474108,Not New,AGNICO EAGLE MINES LTD,45385.0,1080600.0,68299.0,1260600.0,22914.0,180000.0
69036R863,Not New,OVERSEAS SHIPHOLDING GROUP I,274.0,71602.0,477.0,45139.0,203.0,-26463.0
921659108,Sold Out,VANDA PHARMACEUTICALS INC,36192.0,2175000.0,,,,
752344309,Not New,RANDGOLD RES LTD,38170.0,500000.0,50035.0,500000.0,11865.0,0.0
N6596X109,New Holding,NXP SEMICONDUCTORS N V,,,36558.0,373000.0,,
31430F101,Not New,FELCOR LODGING TR INC,4005.0,500000.0,3215.0,500000.0,-790.0,0.0
58733R102,Not New,MERCADOLIBRE INC,5996.0,38400.0,3866.0,20900.0,-2130.0,-17500.0
45672H104,Sold Out,INFOBLOX INC,6065.0,230000.0,,,,
88883P101,Sold Out,TOBIRA THERAPEUTICS INC,42522.0,1070000.0,,,,
80007PBC2,New Holding,SANDRIDGE ENERGY INC,,,9972.0,7906627.0,,
19075FAB2,Not New,COBALT INTL ENERGY INC,61384.0,219229000.0,83307.0,219229000.0,21923.0,0.0
026874784,Not New,AMERICAN INTL GROUP INC,314099.0,4809355.0,537626.0,9060100.0,223527.0,4250745.0
698354107,New Holding,PANDORA MEDIA INC,,,12910.0,990000.0,,
92923C807,Not New,WCI CMNTYS INC,1642.0,70000.0,1660.0,70000.0,18.0,0.0
19075F106,Not New,COBALT INTL ENERGY INC,37956.0,31111327.0,38711.0,31218927.0,755.0,107600.0
127686103,Not New,CAESARS ENTMT CORP,122552.0,14417900.0,107413.0,14417900.0,-15139.0,0.0
871639308,Not New,SYNERGY PHARMACEUTICALS DEL,146700.0,24088655.0,133500.0,24228655.0,-13200.0,140000.0
611742107,Sold Out,MONSTER WORLDWIDE INC,7220.0,2000000.0,,,,
532457108,Sold Out,ELI LILLY & CO,3676.0,45800.0,,,,
790849103,Sold Out,ST JUDE MEDICAL INC,7537.0,94500.0,,,,
37733W105,New Holding,GLAXOSMITHKLINE PLC,,,11399.0,296000.0,,
66987E206,Not New,NOVAGOLD RES INC,101559.0,22271796.0,143377.0,25602996.0,41818.0,3331200.0
887317303,New Holding,TIME WARNER INC,,,275680.0,2855900.0,,
060505146,Not New,BANK OF AMERICA CORPORATION,62322.0,6263526.0,59621.0,12905026.0,-2701.0,6641500.0
552074700,Not New,LYON WILLIAM HOMES,63230.0,3322666.0,61635.0,3322666.0,-1595.0,0.0
64126X201,New Holding,NEUSTAR INC,,,6680.0,200000.0,,
268158201,Not New,DYNAVAX TECHNOLOGIES CORP,687.0,174000.0,1825.0,174000.0,1138.0,0.0
398438408,Sold Out,GRIFOLS SA-ADR,39583.0,2478600.0,,,,
80007P869,New Holding,SANDRIDGE ENERGY INC,,,5771.0,245046.0,,
24703L103,Not New,DELL TECHNOLOGIES INC,59923.0,1090104.0,52427.0,1096804.0,-7496.0,6700.0
75605Y106,Not New,REALOGY HLDGS CORP,123118.0,4785000.0,123740.0,4785000.0,622.0,0.0
30303M102,Not New,FACEBOOK INC,20824.0,181000.0,27283.0,212700.0,6459.0,31700.0
89621C105,Not New,TRILOGY METALS INC NEW,5884.0,11603178.0,6358.0,11612278.0,474.0,9100.0
252131107,Not New,DEXCOM INC,17504.0,293200.0,3813.0,43500.0,-13691.0,-249700.0
12768T103,Not New,CAESARS ACQUISITION CO,177093.0,13117998.0,162926.0,13117998.0,-14167.0,0.0
444859102,Sold Out,HUMANA INC,14063.0,79500.0,,,,
G5785G107,Not New,MALLINCKRODT PUB LTD CO,397408.0,7976872.0,556459.0,7974472.0,159051.0,-2400.0
09058V103,Not New,BIOCRYST PHARMACEUTICALS,333.0,52600.0,1601.0,363100.0,1268.0,310500.0
09058V103,Not New,BIOCRYST PHARMACEUTICALS,2216.0,350000.0,1601.0,363100.0,-615.0,13100.0
82509L107,Not New,SHOPIFY INC,1745.0,40700.0,3185.0,74200.0,1440.0,33500.0
29786A106,Not New,ETSY INC,14943.0,1268500.0,17936.0,1256000.0,2993.0,-12500.0
66987G102,New Holding,NOVADAQ TECHNOLOGIES INC,,,25.0,500000.0,,
80105N105,Not New,SANOFI,10231.0,253000.0,15925.0,417000.0,5694.0,164000.0
928563402,Not New,VMWARE INC,78116.0,992200.0,140393.0,1914015.0,62277.0,921815.0
02079K107,New Holding,ALPHABET INC,,,16748.0,21700.0,,
874224207,Sold Out,TALEND SA - ADR,2637.0,100800.0,,,,
74587V107,Not New,PUMA BIOTECHNOLOGY INC,482.0,15690.0,5666.0,84500.0,5184.0,68810.0
95058W100,New Holding,WENDYS CO,,,16900.0,1250000.0,,
015351109,Not New,ALEXION PHARMACEUTICALS INC,18761.0,153341.0,27902.0,227700.0,9141.0,74359.0
015351109,Not New,ALEXION PHARMACEUTICALS INC,18720.0,153000.0,27902.0,227700.0,9182.0,74700.0
015351109,Not New,ALEXION PHARMACEUTICALS INC,24470.0,200000.0,27902.0,227700.0,3432.0,27700.0
58155Q103,Sold Out,MCKESSON CORP,11172.0,67000.0,,,,
674215108,Not New,OASIS PETE INC NEW,78536.0,5187300.0,59737.0,5208100.0,-18799.0,20800.0
871628103,Not New,SYNTHESIS ENERGY SYS INC,10000.0,10000000.0,12100.0,10000000.0,2100.0,0.0
009728106,Not New,AKORN INC,189626.0,8686500.0,244642.0,8974400.0,55016.0,287900.0
46120E602,New Holding,INTUITIVE SURGICAL INC,,,6405.0,10100.0,,
413086109,New Holding,HARMAN INTL INDS INC,,,94908.0,853800.0,,
09062X103,Not New,BIOGEN INC,14803.0,52200.0,96413.0,308000.0,81610.0,255800.0
78463V107,Not New,SPDR GOLD TRUST,477869.0,4359722.0,599933.0,4775012.0,122064.0,415290.0
30212P303,Sold Out,EXPEDIA INC,7388.0,63300.0,,,,
12503M108,Not New,CBOE HLDGS INC,2838.0,38412.0,2491.0,38412.0,-347.0,0.0
143436400,Sold Out,CARMIKE CINEMAS INC,3923.0,120000.0,,,,
278642103,Not New,EBAY INC,18485.0,622600.0,20664.0,628100.0,2179.0,5500.0
46050R102,Not New,INTERNATIONAL TOWER HILL MIN,12857.0,23058000.0,20517.0,23058000.0,7660.0,0.0
46050R102,Not New,INTERNATIONAL TOWER HILL MIN,18082.0,32429842.0,20517.0,23058000.0,2435.0,-9371842.0
30224P200,Not New,EXTENDED STAY AMER INC,455411.0,28628258.0,535031.0,37678258.0,79620.0,9050000.0
014339105,Not New,ALDER BIOPHARMACEUTICALS INC,1539.0,74000.0,2425.0,74000.0,886.0,0.0
82481R106,Not New,SHIRE PLC,716635.0,4206100.0,904900.0,4667800.0,188265.0,461700.0
82481R106,Not New,SHIRE PLC,716635.0,4206100.0,11632.0,60000.0,-705003.0,-4146100.0
82481R106,Not New,SHIRE PLC,27261.0,160000.0,904900.0,4667800.0,877639.0,4507800.0
82481R106,Not New,SHIRE PLC,27261.0,160000.0,11632.0,60000.0,-15629.0,-100000.0
38268T103,New Holding,GOPRO INC,,,3484.0,400000.0,,
881624209,Not New,TEVA PHARMACEUTICAL INDS LTD,577310.0,15925800.0,739698.0,16076900.0,162388.0,151100.0
88706P205,Not New,TIM PARTICIPACOES S A,66967.0,5675200.0,70001.0,5719000.0,3034.0,43800.0
966244105,New Holding,WHITEWAVE FOODS CO,,,37608.0,676400.0,,
450913108,Not New,IAMGOLD CORP,14876.0,3863912.0,15649.0,3863912.0,773.0,0.0
Y41053102,New Holding,INTERNATIONAL SEAWAYS INC,,,51683.0,3681122.0,,
19075FAA4,Not New,COBALT INTL ENERGY INC,17765.0,45260000.0,24552.0,48260000.0,6787.0,3000000.0
887228104,New Holding,TIME INC NEW,,,17711.0,992200.0,,
874054109,Not New,TAKE-TWO INTERACTIVE SOFTWAR,47708.0,967900.0,43917.0,974200.0,-3791.0,6300.0
060505153,Not New,BANK OF AMERICA CORPORATION,8571.0,8928344.0,894.0,8944186.0,-7677.0,15842.0
42824C109,Not New,HEWLETT PACKARD ENTERPRISE C,68874.0,2976400.0,135661.0,5963100.0,66787.0,2986700.0
582839106,Not New,MEAD JOHNSON NUTRITION CO,2179.0,30800.0,6202.0,78500.0,4023.0,47700.0
676220106,Not New,OFFICE DEPOT INC,68983.0,15261657.0,54873.0,15370657.0,-14110.0,109000.0
126650100,Sold Out,CVS HEALTH CORP,10875.0,122200.0,,,,
761299106,New Holding,RETROPHIN INC,,,1041.0,55000.0,,
256677105,New Holding,DOLLAR GEN CORP NEW,,,2192.0,29600.0,,
31428X106,Not New,FEDEX CORP,2048.0,11000.0,18656.0,106800.0,16608.0,95800.0
761713106,New Holding,REYNOLDS AMERICAN INC,,,5940.0,106000.0,,
073302101,New Holding,B/E AEROSPACE INC,,,79240.0,1316500.0,,
038505400,Not New,ARADIGM CORP,308.0,192727.0,1011.0,146918.0,703.0,-45809.0
M6240T109,Not New,KAMADA LTD,3983.0,730800.0,3749.0,730800.0,-234.0,0.0
203668108,Not New,COMMUNITY HEALTH SYS INC NEW,8944.0,1600000.0,14714.0,1275000.0,5770.0,-325000.0
G5509L101,Not New,LIVANOVA PLC,13941.0,310000.0,16656.0,277100.0,2715.0,-32900.0
29664W105,Not New,ESPERION THERAPEUTICS INC NE,1277.0,102000.0,1413.0,102000.0,136.0,0.0
00507V109,Not New,ACTIVISION BLIZZARD INC,34954.0,968000.0,43157.0,974200.0,8203.0,6200.0
M4059L101,Not New,ENZYMOTEC LTD,27549.0,4205980.0,29442.0,4205980.0,1893.0,0.0
035128206,Not New,ANGLOGOLD ASHANTI LTD,134343.0,12782400.0,203496.0,12782400.0,69153.0,0.0
872590104,Sold Out,T-MOBILE US INC,44571.0,954000.0,,,,
