CUSIP,status,NAME OF ISSUER,(x$1000)_old,PRN AMT_old,(x$1000),PRN AMT,(x$1000)_change,PRN AMT_change
766559603,Not New,RIGEL PHARMACEUTICALS INC,1807,662056,1807,662056,0,0
G84720104,Not New,STERIS PLC,10717,131500,10717,131500,0,0
21870Q105,Not New,CORESITE RLTY CORP,5073,49000,5073,49000,0,0
548862101,Not New,LOXO ONCOLOGY INC,55082,686893,55082,686893,0,0
G4617B105,Not New,HORIZON PHARMA PLC,58584,4935500,58584,4935500,0,0
45826J105,Not New,INTELLIA THERAPEUTICS INC,778,48600,778,48600,0,0
91911K102,Not New,VALEANT PHARMACEUTICALS INTL,377372,21813400,377372,21813400,0,0
46071F103,Not New,INTERSECT ENT INC,15596,558000,15596,558000,0,0
N59465109,Not New,MYLAN N V,618542,15933600,618542,15933600,0,0
N59465109,Not New,MYLAN N V,618542,15933600,7764,200000,-610778,-15733600
N59465109,Not New,MYLAN N V,7764,200000,618542,15933600,610778,15733600
N59465109,Not New,MYLAN N V,7764,200000,7764,200000,0,0
61166W101,Not New,MONSANTO CO NEW,18843,159200,18843,159200,0,0
447011107,Not New,HUNTSMAN CORP,336,13000,336,13000,0,0
60935Y208,Not New,MONEYGRAM INTL INC,7520,435932,7520,435932,0,0
G0177J108,Not New,ALLERGAN PLC,657211,2703570,657211,2703570,0,0
40412C101,Not New,HCA HEALTHCARE INC,7848,90000,7848,90000,0,0
40637H109,Not New,HALOZYME THERAPEUTICS INC,1424,111100,1424,111100,0,0
451731103,Not New,IGNYTA INC,1273,123000,1273,123000,0,0
G30401106,Not New,ENDO INTL PLC,80139,7174490,80139,7174490,0,0
98138H101,Not New,WORKDAY INC,3744,38600,3744,38600,0,0
008474108,Not New,AGNICO EAGLE MINES LTD,34183,757600,34183,757600,0,0
45784P101,Not New,INSULET CORP,1283,25000,1283,25000,0,0
752344309,Not New,RANDGOLD RES LTD,38188,431700,38188,431700,0,0
N6596X109,Not New,NXP SEMICONDUCTORS N V,131413,1200664,131413,1200664,0,0
58733R102,Not New,MERCADOLIBRE INC,5018,20000,5018,20000,0,0
012423109,Not New,ALBANY MOLECULAR RESH INC,6818,314200,6818,314200,0,0
112463104,Not New,BROOKDALE SR LIVING INC,73350,4986400,73350,4986400,0,0
91843L103,Not New,VWR CORP,88308,2675200,88308,2675200,0,0
19075FAB2,Not New,COBALT INTL ENERGY INC,43846,219229000,43846,219229000,0,0
026874784,Not New,AMERICAN INTL GROUP INC,258881,4140763,258881,4140763,0,0
127686103,Not New,CAESARS ENTMT CORP,173015,14417900,173015,14417900,0,0
871639308,Not New,SYNERGY PHARMACEUTICALS DEL,107195,24088655,107195,24088655,0,0
48273J107,Not New,K2M GROUP HLDGS INC,2670,109600,2670,109600,0,0
37733W105,Not New,GLAXOSMITHKLINE PLC,12483,289500,12483,289500,0,0
66987E206,Not New,NOVAGOLD RES INC,100288,21992896,100288,21992896,0,0
887317303,Not New,TIME WARNER INC,299870,2986455,299870,2986455,0,0
98400J108,Not New,XCERRA CORP,24655,2523571,24655,2523571,0,0
060505146,Not New,BANK AMER CORP,75413,6263526,75413,6263526,0,0
G06242104,Not New,ATLASSIAN CORP PLC,13998,397900,13998,397900,0,0
552074700,Not New,LYON WILLIAM HOMES,80209,3322666,80209,3322666,0,0
42806J106,Not New,HERTZ GLOBAL HLDGS INC,29325,2550000,29325,2550000,0,0
398438408,Not New,GRIFOLS S A,4157,196753,4157,196753,0,0
268158201,Not New,DYNAVAX TECHNOLOGIES CORP,5352,554600,5352,554600,0,0
92840M102,Not New,VISTRA ENERGY CORP,193598,11530556,193598,11530556,0,0
80007P869,Not New,SANDRIDGE ENERGY INC,11471,666535,11471,666535,0,0
19075F304,Not New,COBALT INTL ENERGY INC,5060,2048595,5060,2048595,0,0
94770V102,Not New,WEBMD HEALTH CORP,3794,64688,3794,64688,0,0
679295105,Not New,OKTA INC,171,7500,171,7500,0,0
067383109,Not New,BARD C R INC,13315,42122,13315,42122,0,0
75605Y106,Not New,REALOGY HLDGS CORP,129800,4000000,129800,4000000,0,0
30303M102,Not New,FACEBOOK INC,21817,144500,21817,144500,0,0
H17182108,Not New,CRISPR THERAPEUTICS AG,457,28500,457,28500,0,0
252131107,Not New,DEXCOM INC,13416,183400,13416,183400,0,0
12768T103,Not New,CAESARS ACQUISITION CO,249898,13117998,249898,13117998,0,0
89621C105,Not New,TRILOGY METALS INC NEW,7338,11566126,7338,11566126,0,0
83304A106,Not New,SNAP INC,10307,580000,10307,580000,0,0
87901J105,Not New,TEGNA INC,11215,778300,11215,778300,0,0
G5785G107,Not New,MALLINCKRODT PUB LTD CO,308802,6891372,308802,6891372,0,0
09058V103,Not New,BIOCRYST PHARMACEUTICALS,1943,349500,1943,349500,0,0
023135106,Not New,AMAZON COM INC,7550,7800,7550,7800,0,0
80105N105,Not New,SANOFI,2491,52000,2491,52000,0,0
84760C107,Not New,SPECTRANETICS CORP,9120,237500,9120,237500,0,0
02079K107,Not New,ALPHABET INC,3635,4000,3635,4000,0,0
25985T102,Not New,DOVA PHARMACEUTICALS INC,13856,621632,1393,62500,-12463,-559132
74587V107,Not New,PUMA BIOTECHNOLOGY INC,2404,27500,2404,27500,0,0
015351109,Not New,ALEXION PHARMACEUTICALS INC,12556,103200,12556,103200,0,0
015351109,Not New,ALEXION PHARMACEUTICALS INC,12556,103200,24334,200000,11778,96800
015351109,Not New,ALEXION PHARMACEUTICALS INC,24334,200000,12556,103200,-11778,-96800
015351109,Not New,ALEXION PHARMACEUTICALS INC,24334,200000,24334,200000,0,0
674215108,Not New,OASIS PETE INC NEW,39186,4867847,39186,4867847,0,0
871628103,Not New,SYNTHESIS ENERGY SYS INC,6700,10000000,6700,10000000,0,0
22943F100,Not New,CTRIP COM INTL LTD,9329,173200,9329,173200,0,0
46120E602,Not New,INTUITIVE SURGICAL INC,9541,10200,9541,10200,0,0
811916105,Not New,SEABRIDGE GOLD INC,7560,700000,7560,700000,0,0
021346101,Not New,ALTABA INC,145734,2675000,145734,2675000,0,0
29363K105,Not New,ENTELLUS MED INC,1701,102702,1701,102702,0,0
98954M200,Not New,ZILLOW GROUP INC,7842,160000,7842,160000,0,0
78463V107,Not New,SPDR GOLD TRUST,514534,4359722,514534,4359722,0,0
25470M109,Not New,DISH NETWORK CORP,250965,3998800,250965,3998800,0,0
64829B100,Not New,NEW RELIC INC,15195,353300,15195,353300,0,0
037833100,Not New,APPLE INC,1771,12300,1771,12300,0,0
46050R102,Not New,INTERNATIONAL TOWER HILL MIN,26634,55487842,26634,55487842,0,0
30224P200,Not New,EXTENDED STAY AMER INC,34938,1804652,34938,1804652,0,0
82481R106,Not New,SHIRE PLC,575404,3481600,575404,3481600,0,0
82481R106,Not New,SHIRE PLC,575404,3481600,9090,55000,-566314,-3426600
82481R106,Not New,SHIRE PLC,575404,3481600,11569,70000,-563835,-3411600
82481R106,Not New,SHIRE PLC,9090,55000,575404,3481600,566314,3426600
82481R106,Not New,SHIRE PLC,9090,55000,9090,55000,0,0
82481R106,Not New,SHIRE PLC,9090,55000,11569,70000,2479,15000
82481R106,Not New,SHIRE PLC,11569,70000,575404,3481600,563835,3411600
82481R106,Not New,SHIRE PLC,11569,70000,9090,55000,-2479,-15000
82481R106,Not New,SHIRE PLC,11569,70000,11569,70000,0,0
03965L100,Not New,ARCONIC INC,20328,897500,20328,897500,0,0
881624209,Not New,TEVA PHARMACEUTICAL INDS LTD,224036,6744000,224036,6744000,0,0
88706P205,Not New,TIM PARTICIPACOES S A,82149,5550600,82149,5550600,0,0
82621J105,Not New,SIENTRA INC,776,79800,776,79800,0,0
450913108,Not New,IAMGOLD CORP,19938,3863912,19938,3863912,0,0
Y41053102,Not New,INTERNATIONAL SEAWAYS INC,74908,3456773,74908,3456773,0,0
81761R109,Not New,SERVICEMASTER GLOBAL HLDGS I,6819,174000,6819,174000,0,0
45253H101,Not New,IMMUNOGEN INC,1630,229222,1630,229222,0,0
697435105,Not New,PALO ALTO NETWORKS INC,10718,80100,10718,80100,0,0
887228104,Not New,TIME INC NEW,12731,887200,12731,887200,0,0
060505153,Not New,BANK AMER CORP,7053,8928344,7053,8928344,0,0
676220106,Not New,OFFICE DEPOT INC,71086,12603900,71086,12603900,0,0
28106W103,Not New,EDITAS MEDICINE INC,839,50000,839,50000,0,0
31428X106,Not New,FEDEX CORP,16387,75400,16387,75400,0,0
761713106,Not New,REYNOLDS AMERICAN INC,15401,236787,15401,236787,0,0
038505400,Not New,ARADIGM CORP,252,192727,252,192727,0,0
N51488117,Not New,MOBILEYE N V AMSTELVEEN,17121,272629,17121,272629,0,0
M6240T109,Not New,KAMADA LTD,4745,790800,4745,790800,0,0
875372104,Not New,TANDEM DIABETES CARE INC,400,500000,400,500000,0,0
203668108,Not New,COMMUNITY HEALTH SYS INC NEW,3386,340000,3386,340000,0,0
29664W105,Not New,ESPERION THERAPEUTICS INC NE,9742,210500,9742,210500,0,0
M4059L101,Not New,ENZYMOTEC LTD,34068,4205980,34068,4205980,0,0
09627Y109,Not New,BLUEPRINT MEDICINES CORP,3334,65800,3334,65800,0,0
035128206,Not New,ANGLOGOLD ASHANTI LTD,124245,12782400,124245,12782400,0,0
89532E109,Not New,TREVENA INC,938,407626,938,407626,0,0
872590104,Not New,T MOBILE US INC,366793,6050700,366793,6050700,0,0
625207105,Not New,MULESOFT INC,1072,43000,1072,43000,0,0
