CUSIP,status,NAME OF ISSUER,(x$1000)_old,PRN AMT_old,(x$1000),PRN AMT,(x$1000)_change,PRN AMT_change
92826C839,Sold Out,VISA INC,173670.0,2100000.0,,,,
893641100,Not New,TRANSDIGM GROUP INC,62240.0,250000.0,326995.0,1131000.0,264755.0,881000.0
Y09827109,New Holding,BROADCOM LTD,,,53031.0,300000.0,,
82481R106,Sold Out,SHIRE PLC,174474.0,900000.0,,,,
031100100,Sold Out,AMETEK INC NEW,59725.0,1250000.0,,,,
988498101,Sold Out,YUM BRANDS INC,45405.0,500000.0,,,,
60871R209,Not New,MOLSON COORS BREWING CO,165427.0,1700000.0,186660.0,1700000.0,21233.0,0.0
071813109,Not New,BAXTER INTL INC,2301324.0,51901767.0,2470524.0,51901767.0,169200.0,0.0
969457100,Sold Out,WILLIAMS COS INC DEL,122920.0,4000000.0,,,,
205887102,Not New,CONAGRA BRANDS INC,118650.0,3000000.0,200218.0,4250000.0,81568.0,1250000.0
03524A108,Sold Out,ANHEUSER BUSCH INBEV SA/NV,210256.0,1600000.0,,,,
260543103,Not New,DOW CHEM CO,972740.0,17000000.0,1036600.0,20000000.0,63860.0,3000000.0
40054A108,Not New,GRUPO SUPERVIELLE S A,36004.0,2740000.0,66645.0,4500000.0,30641.0,1760000.0
824348106,Not New,SHERWIN WILLIAMS CO,268740.0,1000000.0,242078.0,875000.0,-26662.0,-125000.0
762760106,New Holding,RICE ENERGY INC,,,56578.0,2650000.0,,
845467109,New Holding,SOUTHWESTERN ENERGY CO,,,54100.0,5000000.0,,
21036P108,Not New,CONSTELLATION BRANDS INC,459930.0,3000000.0,366278.0,2200000.0,-93652.0,-800000.0
98919V105,New Holding,ZAYO GROUP HLDGS INC,,,230020.0,7000000.0,,
036752103,New Holding,ANTHEM INC,,,143770.0,1000000.0,,
790849103,Sold Out,ST JUDE MED INC,207376.0,2600000.0,,,,
172967226,Sold Out,CITIGROUP INC,1044.0,20000000.0,,,,
608190104,Not New,MOHAWK INDS INC,239616.0,1200000.0,180306.0,900000.0,-59310.0,-300000.0
61166W101,Not New,MONSANTO CO NEW,115731.0,1100000.0,378140.0,3700000.0,262409.0,2600000.0
887317303,New Holding,TIME WARNER INC,,,289590.0,3000000.0,,
835898107,Not New,SOTHEBYS,265532.0,6661604.0,253274.0,6661604.0,-12258.0,0.0
03765N108,Sold Out,APIGEE CORP,55098.0,3166551.0,,,,
060505104,New Holding,BANK AMER CORP,,,386750.0,17500000.0,,
16119P108,Not New,CHARTER COMMUNICATIONS INC N,244732.0,850000.0,269970.0,1000000.0,25238.0,150000.0
438516106,New Holding,HONEYWELL INTL INC,,,159294.0,1375000.0,,
48283N106,Not New,KADMON HLDGS INC,42130.0,7919650.0,56679.0,7919650.0,14549.0,0.0
907818108,Not New,UNION PAC CORP,119232.0,1150000.0,121912.0,1250000.0,2680.0,100000.0
02079K305,Not New,ALPHABET INC,336791.0,425000.0,442233.0,550000.0,105442.0,125000.0
392709101,Not New,GREEN BRICK PARTNERS INC,81234.0,8083022.0,66766.0,8083022.0,-14468.0,0.0
G0177J108,Sold Out,ALLERGAN PLC,871723.0,3785000.0,,,,
38141G104,New Holding,GOLDMAN SACHS GROUP INC,,,95780.0,400000.0,,
40416M105,New Holding,HD SUPPLY HLDGS INC,,,95648.0,2250000.0,,
78409V104,Not New,S&P GLOBAL INC,172064.0,1600000.0,253120.0,2000000.0,81056.0,400000.0
235851102,Not New,DANAHER CORP DEL,252980.0,3250000.0,352755.0,4500000.0,99775.0,1250000.0
G6564A105,Not New,NOMAD HLDGS LTD,114362.0,11950000.0,149523.0,12650000.0,35161.0,700000.0
369550108,Not New,GENERAL DYNAMICS CORP,224458.0,1300000.0,209466.0,1350000.0,-14992.0,50000.0
46625H100,New Holding,JPMORGAN CHASE & CO,,,453022.0,5250000.0,,
H1467J104,Not New,CHUBB LIMITED,158544.0,1200000.0,226170.0,1800000.0,67626.0,600000.0
24703L103,Not New,DELL TECHNOLOGIES INC,142922.0,2600000.0,109940.0,2300000.0,-32982.0,-300000.0
G5480U104,Sold Out,LIBERTY GLOBAL PLC,102540.0,3000000.0,,,,
30303M102,Not New,FACEBOOK INC,402675.0,3500000.0,699072.0,5450000.0,296397.0,1950000.0
742962103,New Holding,PRIVATEBANCORP INC,,,162570.0,3000000.0,,
444859102,Not New,HUMANA INC,489672.0,2400000.0,247646.0,1400000.0,-242026.0,-1000000.0
29355A107,Not New,ENPHASE ENERGY INC,6311.0,6248987.0,7374.0,6248987.0,1063.0,0.0
01609W102,Sold Out,ALIBABA GROUP HLDG LTD,275054.0,2600000.0,,,,
037833100,Not New,APPLE INC,214267.0,1850000.0,282625.0,2500000.0,68358.0,650000.0
