CUSIP,status,NAME OF ISSUER,(x$1000)_old,PRN AMT_old,(x$1000),PRN AMT,(x$1000)_change,PRN AMT_change
018490102,New Holding,ALLERGAN INC,,,85036.0,400000.0,,
Y0486S104,Sold Out,AVAGO TECHNOLOGIES LTD,143550.0,1650000.0,,,,
984245100,Sold Out,YPF SOCIEDAD ANONIMA,138712.0,3750000.0,,,,
82481R106,Not New,SHIRE PLC,106270.0,500000.0,194288.0,750000.0,88018.0,250000.0
026874784,New Holding,AMERICAN INTL GROUP INC,,,196035.0,3500000.0,,
701094104,Sold Out,PARKER HANNIFIN CORP,147059.0,1288300.0,,,,
60871R209,Sold Out,MOLSON COORS BREWING CO,37220.0,500000.0,,,,
969457100,Not New,WILLIAMS COS INC DEL,179760.0,4000000.0,83025.0,1500000.0,-96735.0,-2500000.0
42805T105,New Holding,HERTZ GLOBAL HOLDINGS INC,,,105995.0,4250000.0,,
03524A108,Not New,ANHEUSER BUSCH INBEV SA/NV,252720.0,2250000.0,221700.0,2000000.0,-31020.0,-250000.0
574599106,Not New,MASCO CORP,252000.0,10000000.0,193752.0,8100000.0,-58248.0,-1900000.0
16411R208,Sold Out,CHENIERE ENERGY INC,64024.0,800000.0,,,,
02005N100,Not New,ALLY FINL INC,708600.0,30000000.0,969913.0,41915000.0,261313.0,11915000.0
260543103,Not New,DOW CHEM CO,1003420.0,22000000.0,380190.0,7250000.0,-623230.0,-14750000.0
260543103,Not New,DOW CHEM CO,1003420.0,22000000.0,1153680.0,22000000.0,150260.0,0.0
60786M105,Not New,MOELIS & CO,5783.0,170523.0,11310.0,341044.0,5527.0,170521.0
21036P108,Not New,CONSTELLATION BRANDS INC,196340.0,2000000.0,183036.0,2100000.0,-13304.0,100000.0
G5480U120,Not New,LIBERTY GLOBAL PLC,280198.0,5800000.0,217380.0,5300000.0,-62818.0,-500000.0
29266R108,Not New,ENERGIZER HLDGS INC,128560.0,1000000.0,123210.0,1000000.0,-5350.0,0.0
032511107,Not New,ANADARKO PETE CORP,82500.0,1000000.0,202880.0,2000000.0,120380.0,1000000.0
172967226,New Holding,CITIGROUP INC,,,17400.0,20000000.0,,
172967424,New Holding,CITIGROUP INC,,,270550.0,5000000.0,,
608190104,New Holding,MOHAWK INDS INC,,,100984.0,650000.0,,
19075FAA4,New Holding,COBALT INTL ENERGY INC,,,19360.0,32000000.0,,
N7902X106,Not New,SENSATA TECHNOLOGIES HLDG NV,209640.0,4000000.0,222650.0,5000000.0,13010.0,1000000.0
835898107,Not New,SOTHEBYS,287147.0,6650000.0,237538.0,6650000.0,-49609.0,0.0
44919P508,Not New,IAC INTERACTIVECORP,144376.0,2375000.0,131800.0,2000000.0,-12576.0,-375000.0
26884L109,Sold Out,EQT CORP,137310.0,1500000.0,,,,
26884L109,Sold Out,EQT CORP,1648.0,18000.0,,,,
247361702,New Holding,DELTA AIR LINES INC DEL,,,189382.0,3850000.0,,
256677105,Not New,DOLLAR GEN CORP NEW,282800.0,4000000.0,244440.0,4000000.0,-38360.0,0.0
392709101,New Holding,GREEN BRICK PARTNERS INC,,,42985.0,5242124.0,,
31428X106,Sold Out,FEDEX CORP,121088.0,750000.0,,,,
09064Y117,Sold Out,BIOFUEL ENERGY CORP,3004.0,1043126.0,,,,
86732Y109,Not New,SUNEDISON INC,219488.0,11250000.0,113280.0,6000000.0,-106208.0,-5250000.0
19122T109,Sold Out,COCA COLA ENTERPRISES INC NE,188530.0,4250000.0,,,,
02376R102,Not New,AMERICAN AIRLS GROUP INC,201112.0,3750000.0,97570.0,2750000.0,-103542.0,-1000000.0
031162100,Not New,AMGEN INC,1700421.0,10675000.0,186110.0,1325000.0,-1514311.0,-9350000.0
46122T102,Not New,INTREXON CORP,79837.0,2900000.0,53882.0,2900000.0,-25955.0,0.0
075896100,Sold Out,BED BATH & BEYOND INC,197490.0,3000000.0,,,,
776696106,Not New,ROPER INDS INC NEW,203255.0,1300000.0,190177.0,1300000.0,-13078.0,0.0
78462F103,New Holding,SPDR S&P 500 ETF TR,,,102770.0,500000.0,,
125269100,Not New,CF INDS HLDGS INC,177151.0,650000.0,212207.0,760000.0,35056.0,110000.0
268648102,New Holding,E M C CORP MASS,,,208180.0,7000000.0,,
339041105,Not New,FLEETCOR TECHNOLOGIES INC,81790.0,550000.0,21318.0,150000.0,-60472.0,-400000.0
718546104,New Holding,PHILLIPS 66,,,358500.0,5000000.0,,
762819100,New Holding,RICE MIDSTREAM PARTNERS LP,,,3350.0,200000.0,,
093671105,Sold Out,BLOCK H & R INC,137932.0,4448000.0,,,,
228368106,Sold Out,CROWN HOLDINGS INC,62328.0,1400000.0,,,,
30255G103,New Holding,FCB FINL HLDGS INC,,,24546.0,996165.0,,
278642103,Not New,EBAY INC,561200.0,10000000.0,254835.0,4500000.0,-306365.0,-5500000.0
09064Y307,Sold Out,BIOFUEL ENERGY CORP,6655.0,1043126.0,,,,
G0083B108,Not New,ACTAVIS PLC,888064.0,3450000.0,693680.0,2875000.0,-194384.0,-575000.0
29355A107,Not New,ENPHASE ENERGY INC,89298.0,6248987.0,93672.0,6248987.0,4374.0,0.0
01609W102,Not New,ALIBABA GROUP HLDG LTD,1039400.0,10000000.0,639720.0,7200000.0,-399680.0,-2800000.0
