CUSIP,status,NAME OF ISSUER,(x$1000)_old,PRN AMT_old,(x$1000),PRN AMT,(x$1000)_change,PRN AMT_change
460146103,Not New,INTL PAPER CO,137640.0,3000000.0,147090.0,3000000.0,9450.0,0.0
460146103,Not New,INTL PAPER CO,137640.0,3000000.0,196120.0,4000000.0,58480.0,1000000.0
460146103,Not New,INTL PAPER CO,137640.0,3000000.0,147090.0,3000000.0,9450.0,0.0
460146103,Not New,INTL PAPER CO,137640.0,3000000.0,196120.0,4000000.0,58480.0,1000000.0
88732J207,New Holding,TIME WARNER CABLE INC,,,52128.0,380000.0,,
872590104,Not New,T-MOBILE US INC,313785.0,9500000.0,256505.0,7625000.0,-57280.0,-1875000.0
Y0486S104,New Holding,AVAGO TECHNOLOGIES LTD,,,128820.0,2000000.0,,
38259P508,Not New,GOOGLE INC,234047.0,210000.0,179314.0,160000.0,-54733.0,-50000.0
375558103,Sold Out,GILEAD SCIENCES INC,112650.0,1500000.0,,,,
984245100,New Holding,YPF SOCIEDAD ANONIMA,,,82574.0,2650000.0,,
654902204,Not New,NOKIA CORP,33030.0,4500000.0,36495.0,4500000.0,3465.0,0.0
026874784,Not New,AMERICAN INTL GROUP INC,300060.0,6000000.0,382875.0,7500000.0,82815.0,1500000.0
026874784,Not New,AMERICAN INTL GROUP INC,300060.0,6000000.0,255250.0,5000000.0,-44810.0,-1000000.0
026874784,Not New,AMERICAN INTL GROUP INC,50010.0,1000000.0,382875.0,7500000.0,332865.0,6500000.0
026874784,Not New,AMERICAN INTL GROUP INC,50010.0,1000000.0,255250.0,5000000.0,205240.0,4000000.0
044209104,New Holding,ASHLAND INC NEW,,,74610.0,750000.0,,
31620R105,Sold Out,FIDELITY NATIONAL FINANCIAL,89238.0,2750000.0,,,,
969457100,Not New,WILLIAMS COS INC DEL,202900.0,5000000.0,163922.0,4250000.0,-38978.0,-750000.0
42805T105,Not New,HERTZ GLOBAL HOLDINGS INC,159840.0,6000000.0,171720.0,6000000.0,11880.0,0.0
91911K102,New Holding,VALEANT PHARMACEUTICALS INTL,,,32958.0,250000.0,,
66704R100,Sold Out,NORTHSTAR RLTY FIN CORP,26900.0,2000000.0,,,,
03524A108,New Holding,ANHEUSER BUSCH INBEV SA/NV,,,142155.0,1350000.0,,
16411R208,Not New,CHENIERE ENERGY INC,166050.0,3000000.0,137984.0,3200000.0,-28066.0,200000.0
574599106,New Holding,MASCO CORP,,,105498.0,4750000.0,,
260543103,Not New,DOW CHEM CO,351063.0,7225000.0,1021.0,23000.0,-350042.0,-7202000.0
260543103,Not New,DOW CHEM CO,351063.0,7225000.0,342990.0,7725000.0,-8073.0,500000.0
127097103,Not New,CABOT OIL & GAS CORP,152460.0,4500000.0,116280.0,3000000.0,-36180.0,-1500000.0
88706P205,New Holding,TIM PARTICIPACOES S A,,,41536.0,1600000.0,,
21036P108,Not New,CONSTELLATION BRANDS INC,165692.0,1950000.0,140760.0,2000000.0,-24932.0,50000.0
G5480U120,Not New,LIBERTY GLOBAL PLC,219834.0,5400000.0,75888.0,900000.0,-143946.0,-4500000.0
032511107,Not New,ANADARKO PETE CORP,144092.0,1700000.0,166969.0,2105000.0,22877.0,405000.0
172967424,New Holding,CITIGROUP INC,,,95200.0,2000000.0,,
09228F103,Sold Out,BLACKBERRY LTD,74400.0,10000000.0,,,,
232820100,Sold Out,CYTEC INDS INC,46580.0,500000.0,,,,
N7902X106,New Holding,SENSATA TECHNOLOGIES HLDG BV,,,78884.0,1850000.0,,
G81276100,New Holding,SIGNET JEWELERS LIMITED,,,84688.0,800000.0,,
835898107,Not New,SOTHEBYS,289608.0,6650000.0,337820.0,6350000.0,48212.0,-300000.0
26884L109,Not New,EQT CORP,87273.0,900000.0,94269.0,1050000.0,6996.0,150000.0
056752108,Not New,BAIDU INC,53294.0,350000.0,106728.0,600000.0,53434.0,250000.0
256677105,Not New,DOLLAR GEN CORP NEW,166440.0,3000000.0,135720.0,2250000.0,-30720.0,-750000.0
256677105,Not New,DOLLAR GEN CORP NEW,166440.0,3000000.0,120640.0,2000000.0,-45800.0,-1000000.0
56585A102,Sold Out,MARATHON PETE CORP,91730.0,1000000.0,,,,
31428X106,Not New,FEDEX CORP,265120.0,2000000.0,359425.0,2500000.0,94305.0,500000.0
19329V105,Sold Out,COLE REAL ESTATE INVTS INC,45630.0,3250000.0,,,,
609207105,New Holding,MONDELEZ INTL INC,,,51825.0,1500000.0,,
37045V100,Sold Out,GENERAL MTRS CO,3290.0,80500.0,,,,
073302101,Sold Out,B/E AEROSPACE INC,117490.0,1350000.0,,,,
19122T109,Not New,COCA COLA ENTERPRISES INC NE,138504.0,2900000.0,136803.0,3100000.0,-1701.0,200000.0
02376R102,New Holding,AMERICAN AIRLS GROUP INC,,,98820.0,2700001.0,,
N63218106,Sold Out,NIELSEN HOLDINGS N V,78013.0,1700000.0,,,,
984332106,Sold Out,YAHOO INC,323520.0,8000000.0,,,,
46122T102,Not New,INTREXON CORP,78870.0,3000000.0,58602.0,2539200.0,-20268.0,-460800.0
675746309,New Holding,OCWEN FINL CORP,,,39180.0,1000000.0,,
776696106,New Holding,ROPER INDS INC NEW,,,153536.0,1150000.0,,
125269100,New Holding,CF INDS HLDGS INC,,,251909.0,966500.0,,
177376100,New Holding,CITRIX SYS INC,,,146472.0,2550000.0,,
093671105,New Holding,BLOCK H & R INC,,,105665.0,3500000.0,,
228368106,Not New,CROWN HOLDINGS INC,134220.0,3000000.0,133710.0,3000000.0,-510.0,0.0
16411W108,Sold Out,CHENIERE ENERGY PTNRS LP HLD,28125.0,1500000.0,,,,
62886E108,New Holding,NCR CORP NEW,,,54825.0,1500000.0,,
002824100,Sold Out,ABBOTT LABS,124572.0,3250000.0,,,,
00507V109,Sold Out,ACTIVISION BLIZZARD INC,71320.0,4000000.0,,,,
G5480U104,Sold Out,LIBERTY GLOBAL PLC,160200.0,1800000.0,,,,
09064Y307,Not New,BIOFUEL ENERGY CORP,7615.0,1043123.0,1784.0,1043123.0,-5831.0,0.0
G0083B108,Not New,ACTAVIS PLC,514625.0,2500000.0,2520.0,15000.0,-512105.0,-2485000.0
N6596X109,Sold Out,NXP SEMICONDUCTORS N V,45930.0,1000000.0,,,,
81369Y704,New Holding,SELECT SECTOR SPDR TR,,,261650.0,5000000.0,,
29355A107,Not New,ENPHASE ENERGY INC,54825.0,7448987.0,47227.0,7448987.0,-7598.0,0.0
037833100,Sold Out,APPLE INC,56102.0,100000.0,,,,
92343V104,New Holding,VERIZON COMMUNICATIONS INC,,,166495.0,3500000.0,,
