CUSIP,status,NAME OF ISSUER,(x$1000)_old,PRN AMT_old,(x$1000),PRN AMT,(x$1000)_change,PRN AMT_change
38046C109,Not New,GOGO INC,937.0,101400.0,320.0,101400.0,-617.0,0.0
38046C109,Not New,GOGO INC,937.0,101400.0,320.0,101400.0,-617.0,0.0
38046C109,Not New,GOGO INC,924.0,100000.0,320.0,101400.0,-604.0,1400.0
38046C109,Not New,GOGO INC,924.0,100000.0,320.0,101400.0,-604.0,1400.0
38046C109,Not New,GOGO INC,937.0,101400.0,320.0,101400.0,-617.0,0.0
38046C109,Not New,GOGO INC,937.0,101400.0,320.0,101400.0,-617.0,0.0
35952H601,Sold Out,FUELCELL ENERGY INC,382.0,169000.0,,,,
35952H601,Sold Out,FUELCELL ENERGY INC,382.0,169000.0,,,,
36258Q204,Sold Out,GS ACQUISITION HLDGS CORP II,13138.0,1250000.0,,,,
G66721104,Not New,NORWEGIAN CRUISE LINE HLDG L,4936.0,288500.0,4740.0,288500.0,-196.0,0.0
G66721104,Not New,NORWEGIAN CRUISE LINE HLDG L,4936.0,288500.0,4740.0,288500.0,-196.0,0.0
G66721104,Not New,NORWEGIAN CRUISE LINE HLDG L,4936.0,288500.0,4740.0,288500.0,-196.0,0.0
G66721104,Not New,NORWEGIAN CRUISE LINE HLDG L,4936.0,288500.0,4740.0,288500.0,-196.0,0.0
G66721104,Not New,NORWEGIAN CRUISE LINE HLDG L,4474.0,261473.0,4740.0,288500.0,266.0,27027.0
G66721104,Not New,NORWEGIAN CRUISE LINE HLDG L,4474.0,261473.0,4740.0,288500.0,266.0,27027.0
G66721104,Not New,NORWEGIAN CRUISE LINE HLDG L,6642.0,388200.0,4740.0,288500.0,-1902.0,-99700.0
G66721104,Not New,NORWEGIAN CRUISE LINE HLDG L,6642.0,388200.0,4740.0,288500.0,-1902.0,-99700.0
81141R100,Not New,SEA LTD,40867.0,265300.0,28451.0,265300.0,-12416.0,0.0
39986L109,New Holding,GROWGENERATION CORP,,,1608.0,100600.0,,
39986L109,New Holding,GROWGENERATION CORP,,,1608.0,100600.0,,
79466L302,Not New,SALESFORCE COM INC,177426.0,705975.0,154702.0,825825.0,-22724.0,119850.0
77311W101,New Holding,ROCKET COS INC,,,4016.0,201500.0,,
77311W101,New Holding,ROCKET COS INC,,,4016.0,201500.0,,
77311W101,New Holding,ROCKET COS INC,,,15944.0,800000.0,,
766559603,New Holding,RIGEL PHARMACEUTICALS INC,,,25.0,10600.0,,
766559603,New Holding,RIGEL PHARMACEUTICALS INC,,,25.0,10600.0,,
G7483N111,New Holding,REINVENT TECHNOLOGY PARTNERS,,,11490.0,1000000.0,,
G9879L121,New Holding,YUCAIPA ACQUISITION CORP,,,4590.0,450000.0,,
443573100,Sold Out,HUBSPOT INC,1615.0,7200.0,,,,
650194103,New Holding,NEWAGE INC,,,311.0,179800.0,,
650194103,New Holding,NEWAGE INC,,,328.0,189800.0,,
860897107,Not New,STITCH FIX INC,5882.0,216800.0,5407.0,216800.0,-475.0,0.0
860897107,Not New,STITCH FIX INC,5882.0,216800.0,5532.0,221800.0,-350.0,5000.0
860897107,Not New,STITCH FIX INC,6017.0,221800.0,5407.0,216800.0,-610.0,-5000.0
860897107,Not New,STITCH FIX INC,6017.0,221800.0,5532.0,221800.0,-485.0,0.0
382865111,Sold Out,GORES HLDGS IV INC,60.0,33750.0,,,,
020772109,Sold Out,ALPHA PRO TECH LTD,1478.0,83500.0,,,,
020772109,Sold Out,ALPHA PRO TECH LTD,1478.0,83500.0,,,,
472145AB7,Sold Out,JAZZ INVESTMENTS I LTD,8356.0,8500000.0,,,,
45773H201,Not New,INOVIO PHARMACEUTICALS INC,2781.0,239700.0,8309.0,308300.0,5528.0,68600.0
45773H201,Not New,INOVIO PHARMACEUTICALS INC,2781.0,239700.0,2695.0,100000.0,-86.0,-139700.0
45773H201,Not New,INOVIO PHARMACEUTICALS INC,2781.0,239700.0,11341.0,420800.0,8560.0,181100.0
45773H201,Not New,INOVIO PHARMACEUTICALS INC,1785.0,153900.0,8309.0,308300.0,6524.0,154400.0
45773H201,Not New,INOVIO PHARMACEUTICALS INC,1785.0,153900.0,2695.0,100000.0,910.0,-53900.0
45773H201,Not New,INOVIO PHARMACEUTICALS INC,1785.0,153900.0,11341.0,420800.0,9556.0,266900.0
G1739V118,New Holding,BROADSTONE ACQUISITION CORP,,,14457.0,1450000.0,,
04316G204,New Holding,ARTIUS ACQUISITION INC,,,0.0,1.0,,
Y95308105,Sold Out,WAVE LIFE SCIENCES LTD,1251.0,120200.0,,,,
025537101,Not New,AMERICAN ELEC PWR CO INC,7847.0,96017.0,9927.0,124654.0,2080.0,28637.0
87403A107,Sold Out,TAILORED BRANDS INC,325.0,346500.0,,,,
87403A107,Sold Out,TAILORED BRANDS INC,30.0,32300.0,,,,
55616P104,Not New,MACYS INC,8017.0,1406500.0,8303.0,1206900.0,286.0,-199600.0
55616P104,Not New,MACYS INC,8017.0,1406500.0,8476.0,1232000.0,459.0,-174500.0
55616P104,Not New,MACYS INC,8017.0,1406500.0,8938.0,1299200.0,921.0,-107300.0
55616P104,Not New,MACYS INC,8017.0,1406500.0,8303.0,1206900.0,286.0,-199600.0
55616P104,Not New,MACYS INC,8017.0,1406500.0,8476.0,1232000.0,459.0,-174500.0
55616P104,Not New,MACYS INC,8017.0,1406500.0,8938.0,1299200.0,921.0,-107300.0
185899AA9,Not New,CLEVELAND-CLIFFS INC NEW,21051.0,20275000.0,19905.0,21775000.0,-1146.0,1500000.0
004285102,New Holding,ACAMAR PARTNERS ACQSITION CO,,,2238.0,219000.0,,
382864205,New Holding,GORES HLDGS V INC,,,15525.0,1500000.0,,
761283AC4,Sold Out,RESTORATION HARDWARE HLDGS I,15592.0,8000000.0,,,,
443761200,Sold Out,HUDSON EXECUTIVE INVT CORP,18348.0,1790000.0,,,,
16119P108,Not New,CHARTER COMMUNICATIONS INC N,83819.0,134252.0,63102.0,123719.0,-20717.0,-10533.0
163092AB5,Not New,CHEGG INC,30198.0,11348000.0,28518.0,11348000.0,-1680.0,0.0
934550203,Not New,WARNER MUSIC GROUP CORP,109210.0,3799914.0,42041.0,1425132.0,-67169.0,-2374782.0
36118H204,Sold Out,FUSION ACQUISITION CORP,14224.0,1400000.0,,,,
04316G105,New Holding,ARTIUS ACQUISITION INC,,,6655.0,669501.0,,
244413118,New Holding,DEERFIELD HEALTHCARE TECH AC,,,40.0,20000.0,,
060505682,Not New,BK OF AMERICA CORP,17771.0,11906.0,16049.0,11906.0,-1722.0,0.0
00090Q103,New Holding,ADT INC DEL,,,11692.0,1431063.0,,
654110105,New Holding,NIKOLA CORP,,,2484.0,121300.0,,
654110105,New Holding,NIKOLA CORP,,,4329.0,211400.0,,
654110105,New Holding,NIKOLA CORP,,,6234.0,304400.0,,
707569AU3,Not New,PENN NATL GAMING INC,48324.0,15000000.0,18415.0,12278000.0,-29909.0,-2722000.0
428304109,Not New,HEXO CORP,14.0,21900.0,16.0,21900.0,2.0,0.0
428304109,Not New,HEXO CORP,14.0,21900.0,16.0,21900.0,2.0,0.0
428304109,Not New,HEXO CORP,14.0,21900.0,16.0,21900.0,2.0,0.0
428304109,Not New,HEXO CORP,14.0,21900.0,16.0,21900.0,2.0,0.0
02079K305,Not New,ALPHABET INC,119408.0,81474.0,113434.0,79993.0,-5974.0,-1481.0
98980G102,Sold Out,ZSCALER INC,5650.0,51600.0,,,,
00430H102,Not New,ACCELERATE DIAGNOSTICS INC,96.0,9000.0,136.0,9000.0,40.0,0.0
00430H102,Not New,ACCELERATE DIAGNOSTICS INC,96.0,9000.0,136.0,9000.0,40.0,0.0
00430H102,Not New,ACCELERATE DIAGNOSTICS INC,96.0,9000.0,136.0,9000.0,40.0,0.0
00430H102,Not New,ACCELERATE DIAGNOSTICS INC,96.0,9000.0,136.0,9000.0,40.0,0.0
30048L104,New Holding,EVOFEM BIOSCIENCES INC,,,77.0,32500.0,,
30048L104,New Holding,EVOFEM BIOSCIENCES INC,,,77.0,32500.0,,
08862E109,Not New,BEYOND MEAT INC,6559.0,39500.0,5292.0,39500.0,-1267.0,0.0
08862E109,Not New,BEYOND MEAT INC,6559.0,39500.0,5292.0,39500.0,-1267.0,0.0
08862E109,Not New,BEYOND MEAT INC,6559.0,39500.0,5292.0,39500.0,-1267.0,0.0
08862E109,Not New,BEYOND MEAT INC,6559.0,39500.0,5292.0,39500.0,-1267.0,0.0
G3166W106,New Holding,ARYA SCIENCES ACQUISITION CO,,,1352.0,125000.0,,
212896104,New Holding,CONYERS PK II ACQUISITION CO,,,10161.0,1000100.0,,
874039100,New Holding,TAIWAN SEMICONDUCTOR MFG LTD,,,137527.0,1696394.0,,
138035100,Not New,CANOPY GROWTH CORP,5496.0,383800.0,6202.0,383800.0,706.0,0.0
138035100,Not New,CANOPY GROWTH CORP,5496.0,383800.0,6490.0,401600.0,994.0,17800.0
138035100,Not New,CANOPY GROWTH CORP,5751.0,401600.0,6202.0,383800.0,451.0,-17800.0
138035100,Not New,CANOPY GROWTH CORP,5751.0,401600.0,6490.0,401600.0,739.0,0.0
G9442R100,New Holding,VECTOR ACQUISITION CORP,,,17745.0,1750000.0,,
007903BD8,Sold Out,ADVANCED MICRO DEVICES INC,362060.0,55122000.0,,,,
654106103,Not New,NIKE INC,123943.0,987281.0,96982.0,989109.0,-26961.0,1828.0
45174J509,Not New,IHEARTMEDIA INC,11225.0,1382416.0,11543.0,1382416.0,318.0,0.0
45174J509,Not New,IHEARTMEDIA INC,11225.0,1382416.0,10861.0,1300717.0,-364.0,-81699.0
45174J509,Not New,IHEARTMEDIA INC,10562.0,1300717.0,11543.0,1382416.0,981.0,81699.0
45174J509,Not New,IHEARTMEDIA INC,10562.0,1300717.0,10861.0,1300717.0,299.0,0.0
30734W117,Sold Out,FAR PT ACQUISITION CORP,131.0,250100.0,,,,
53567X101,Sold Out,LINE CORP,496.0,9900.0,,,,
654110113,Sold Out,NIKOLA CORP,1335.0,40000.0,,,,
06684L103,Not New,BAOZUN INC,1036.0,31900.0,1227.0,31900.0,191.0,0.0
06684L103,Not New,BAOZUN INC,1036.0,31900.0,1230.0,32000.0,194.0,100.0
06684L103,Not New,BAOZUN INC,1036.0,31900.0,4116.0,107053.0,3080.0,75153.0
06684L103,Not New,BAOZUN INC,1036.0,31900.0,4333.0,112700.0,3297.0,80800.0
06684L103,Not New,BAOZUN INC,1036.0,31900.0,10228.0,266000.0,9192.0,234100.0
06684L103,Not New,BAOZUN INC,1040.0,32000.0,1227.0,31900.0,187.0,-100.0
06684L103,Not New,BAOZUN INC,1040.0,32000.0,1230.0,32000.0,190.0,0.0
06684L103,Not New,BAOZUN INC,1040.0,32000.0,4116.0,107053.0,3076.0,75053.0
06684L103,Not New,BAOZUN INC,1040.0,32000.0,4333.0,112700.0,3293.0,80700.0
06684L103,Not New,BAOZUN INC,1040.0,32000.0,10228.0,266000.0,9188.0,234000.0
06684L103,Not New,BAOZUN INC,8075.0,248553.0,1227.0,31900.0,-6848.0,-216653.0
06684L103,Not New,BAOZUN INC,8075.0,248553.0,1230.0,32000.0,-6845.0,-216553.0
06684L103,Not New,BAOZUN INC,8075.0,248553.0,4116.0,107053.0,-3959.0,-141500.0
06684L103,Not New,BAOZUN INC,8075.0,248553.0,4333.0,112700.0,-3742.0,-135853.0
06684L103,Not New,BAOZUN INC,8075.0,248553.0,10228.0,266000.0,2153.0,17447.0
06684L103,Not New,BAOZUN INC,8642.0,266000.0,1227.0,31900.0,-7415.0,-234100.0
06684L103,Not New,BAOZUN INC,8642.0,266000.0,1230.0,32000.0,-7412.0,-234000.0
06684L103,Not New,BAOZUN INC,8642.0,266000.0,4116.0,107053.0,-4526.0,-158947.0
06684L103,Not New,BAOZUN INC,8642.0,266000.0,4333.0,112700.0,-4309.0,-153300.0
06684L103,Not New,BAOZUN INC,8642.0,266000.0,10228.0,266000.0,1586.0,0.0
75886F107,Sold Out,REGENERON PHARMACEUTICALS,6132.0,9833.0,,,,
554382101,Not New,MACERICH CO,1827.0,269000.0,2413.0,269000.0,586.0,0.0
554382101,Not New,MACERICH CO,1827.0,269000.0,2413.0,269000.0,586.0,0.0
554382101,Not New,MACERICH CO,1827.0,269000.0,2413.0,269000.0,586.0,0.0
554382101,Not New,MACERICH CO,1827.0,269000.0,2413.0,269000.0,586.0,0.0
88160RAG6,Not New,TESLA INC,407684.0,58950000.0,166784.0,47500000.0,-240900.0,-11450000.0
235851300,Not New,DANAHER CORPORATION,91747.0,62000.0,41324.0,33000.0,-50423.0,-29000.0
482497104,New Holding,KE HLDGS INC,,,30650.0,500000.0,,
531229854,Not New,LIBERTY MEDIA CORP DEL,269538.0,7431442.0,181880.0,5735728.0,-87658.0,-1695714.0
075887109,New Holding,BECTON DICKINSON & CO,,,10834.0,46561.0,,
98156QAB4,Not New,WORLD WRESTLING ENTMT INC,17729.0,10000000.0,18655.0,10000000.0,926.0,0.0
238337109,Not New,DAVE & BUSTERS ENTMT INC,1981.0,130700.0,1221.0,91600.0,-760.0,-39100.0
238337109,Not New,DAVE & BUSTERS ENTMT INC,1981.0,130700.0,1221.0,91600.0,-760.0,-39100.0
238337109,Not New,DAVE & BUSTERS ENTMT INC,1981.0,130700.0,1221.0,91600.0,-760.0,-39100.0
238337109,Not New,DAVE & BUSTERS ENTMT INC,1981.0,130700.0,1221.0,91600.0,-760.0,-39100.0
443761101,New Holding,HUDSON EXECUTIVE INVT CORP,,,4493.0,457087.0,,
G9402V109,Sold Out,VALARIS PLC,157.0,240700.0,,,,
G9402V109,Sold Out,VALARIS PLC,157.0,240700.0,,,,
85914M107,New Holding,STEPSTONE GROUP INC,,,1996.0,75000.0,,
682189AK1,Not New,ON SEMICONDUCTOR CORP,61949.0,51801000.0,44481.0,38000000.0,-17468.0,-13801000.0
206787103,Sold Out,CONDUENT INC,1140.0,477104.0,,,,
702149105,Not New,PARTY CITY HOLDCO INC,144.0,55400.0,83.0,55400.0,-61.0,0.0
702149105,Not New,PARTY CITY HOLDCO INC,144.0,55400.0,83.0,55400.0,-61.0,0.0
702149105,Not New,PARTY CITY HOLDCO INC,144.0,55400.0,83.0,55400.0,-61.0,0.0
702149105,Not New,PARTY CITY HOLDCO INC,144.0,55400.0,83.0,55400.0,-61.0,0.0
G00748122,New Holding,ACON S2 ACQUISITION CORP,,,8016.0,800000.0,,
01609W102,Not New,ALIBABA GROUP HLDG LTD,499947.0,1700617.0,256250.0,1187992.0,-243697.0,-512625.0
01609W102,Not New,ALIBABA GROUP HLDG LTD,499947.0,1700617.0,670698.0,3109400.0,170751.0,1408783.0
01609W102,Not New,ALIBABA GROUP HLDG LTD,334196.0,1136800.0,256250.0,1187992.0,-77946.0,51192.0
01609W102,Not New,ALIBABA GROUP HLDG LTD,334196.0,1136800.0,670698.0,3109400.0,336502.0,1972600.0
344328208,New Holding,FOLEY TRASIMENE ACQUISITION,,,7616.0,746651.0,,
543195119,New Holding,LONGVIEW ACQUISITION CORP,,,82.0,83333.0,,
298736109,Sold Out,EURONET WORLDWIDE INC,3114.0,32500.0,,,,
74017N105,Not New,PRECIGEN INC,270.0,77258.0,386.0,77258.0,116.0,0.0
23804L103,Sold Out,DATADOG INC,4513.0,51900.0,,,,
60879B107,Not New,MOMO INC,795.0,57800.0,16279.0,931300.0,15484.0,873500.0
60879B107,Not New,MOMO INC,8687.0,631300.0,16279.0,931300.0,7592.0,300000.0
483119103,Sold Out,KALA PHARMACEUTICALS INC,141.0,13400.0,,,,
483119103,Sold Out,KALA PHARMACEUTICALS INC,147.0,14000.0,,,,
01741R102,Sold Out,ALLEGHENY TECHNOLOGIES INC,1330.0,130500.0,,,,
G6095L109,Sold Out,APTIV PLC,4044.0,51895.0,,,,
594918104,Not New,MICROSOFT CORP,134015.0,637164.0,50503.0,248160.0,-83512.0,-389004.0
848637AC8,Not New,SPLUNK INC,19499.0,14000000.0,5604.0,3893000.0,-13895.0,-10107000.0
36467W109,Not New,GAMESTOP CORP NEW,1598.0,156700.0,1017.0,234400.0,-581.0,77700.0
36467W109,Not New,GAMESTOP CORP NEW,1598.0,156700.0,1018.0,234500.0,-580.0,77800.0
36467W109,Not New,GAMESTOP CORP NEW,2040.0,200000.0,1017.0,234400.0,-1023.0,34400.0
36467W109,Not New,GAMESTOP CORP NEW,2040.0,200000.0,1018.0,234500.0,-1022.0,34500.0
36467W109,Not New,GAMESTOP CORP NEW,3638.0,356700.0,1017.0,234400.0,-2621.0,-122300.0
36467W109,Not New,GAMESTOP CORP NEW,3638.0,356700.0,1018.0,234500.0,-2620.0,-122200.0
848574109,Not New,SPIRIT AEROSYSTEMS HLDGS INC,98380.0,5202528.0,124840.0,5214706.0,26460.0,12178.0
452327109,Not New,ILLUMINA INC,2799.0,9056.0,1494.0,4035.0,-1305.0,-5021.0
452327109,Not New,ILLUMINA INC,2799.0,9056.0,7407.0,20000.0,4608.0,10944.0
452327109,Not New,ILLUMINA INC,6182.0,20000.0,1494.0,4035.0,-4688.0,-15965.0
452327109,Not New,ILLUMINA INC,6182.0,20000.0,7407.0,20000.0,1225.0,0.0
46591M109,Not New,JOYY INC,73284.0,908436.0,71228.0,804380.0,-2056.0,-104056.0
46591M109,Not New,JOYY INC,73284.0,908436.0,38909.0,439400.0,-34375.0,-469036.0
46591M109,Not New,JOYY INC,35446.0,439400.0,71228.0,804380.0,35782.0,364980.0
46591M109,Not New,JOYY INC,35446.0,439400.0,38909.0,439400.0,3463.0,0.0
767754872,Not New,RITE AID CORP,2898.0,305400.0,2127.0,124700.0,-771.0,-180700.0
767754872,Not New,RITE AID CORP,2898.0,305400.0,2127.0,124700.0,-771.0,-180700.0
767754872,Not New,RITE AID CORP,2898.0,305400.0,2127.0,124700.0,-771.0,-180700.0
767754872,Not New,RITE AID CORP,2898.0,305400.0,2127.0,124700.0,-771.0,-180700.0
87918A105,New Holding,TELADOC HEALTH INC,,,4078.0,18600.0,,
98980F104,Not New,ZOOMINFO TECHNOLOGIES INC,4544.0,105700.0,5394.0,105700.0,850.0,0.0
98980F104,Not New,ZOOMINFO TECHNOLOGIES INC,4544.0,105700.0,5394.0,105700.0,850.0,0.0
98980F104,Not New,ZOOMINFO TECHNOLOGIES INC,4544.0,105700.0,5394.0,105700.0,850.0,0.0
98980F104,Not New,ZOOMINFO TECHNOLOGIES INC,4544.0,105700.0,5394.0,105700.0,850.0,0.0
50202M102,New Holding,LI AUTO INC,,,7826.0,450000.0,,
46185L103,Not New,INVITAE CORP,10543.0,243200.0,7367.0,243200.0,-3176.0,0.0
46185L103,Not New,INVITAE CORP,10543.0,243200.0,7367.0,243200.0,-3176.0,0.0
46185L103,Not New,INVITAE CORP,10543.0,243200.0,7367.0,243200.0,-3176.0,0.0
46185L103,Not New,INVITAE CORP,10543.0,243200.0,7367.0,243200.0,-3176.0,0.0
101137206,Sold Out,BOSTON SCIENTIFIC CORP,7879.0,75165.0,,,,
04965B100,New Holding,ATOMERA INC,,,668.0,63900.0,,
04965B100,New Holding,ATOMERA INC,,,668.0,63900.0,,
43300A203,Not New,HILTON WORLDWIDE HLDGS INC,118353.0,1387168.0,116152.0,1581380.0,-2201.0,194212.0
52567D107,New Holding,LEMONADE INC,,,9944.0,200000.0,,
34962V106,Not New,FORTRESS VALUE ACQUISITION C,2133.0,157039.0,2991.0,300000.0,858.0,142961.0
252131AH0,Not New,DEXCOM INC,63445.0,25000000.0,62175.0,25000000.0,-1270.0,0.0
02156K103,Not New,ALTICE USA INC,15962.0,613932.0,7070.0,313685.0,-8892.0,-300247.0
382865202,Sold Out,GORES HLDGS IV INC,6.0,600.0,,,,
168905107,Not New,CHILDRENS PL INC,3144.0,110900.0,4150.0,110900.0,1006.0,0.0
168905107,Not New,CHILDRENS PL INC,3144.0,110900.0,4150.0,110900.0,1006.0,0.0
168905107,Not New,CHILDRENS PL INC,3144.0,110900.0,4150.0,110900.0,1006.0,0.0
168905107,Not New,CHILDRENS PL INC,3144.0,110900.0,4150.0,110900.0,1006.0,0.0
274681105,New Holding,EAST RES ACQUISITION CO,,,4768.0,490000.0,,
336433107,New Holding,FIRST SOLAR INC,,,4965.0,75000.0,,
26873Y112,New Holding,E MERGE TECHNOLOGY ACQUISITI,,,316.0,333333.0,,
651448201,New Holding,NEWHOLD INVESTMENT CORP,,,755.0,75000.0,,
244413100,New Holding,DEERFIELD HEALTHCARE TECH AC,,,1050.0,100000.0,,
30606L207,New Holding,FALCON CAPITAL ACQUISITN COR,,,6038.0,586830.0,,
629377CG5,Not New,NRG ENERGY INC,17529.0,16839000.0,14598.0,14339000.0,-2931.0,-2500000.0
29786AAC0,Sold Out,ETSY INC,44057.0,15000000.0,,,,
03044L105,New Holding,AMERICAN WELL CORP,,,3557.0,120000.0,,
844741BG2,Not New,SOUTHWEST AIRLS CO,23574.0,18067000.0,70836.0,59000000.0,47262.0,40933000.0
03272L108,Not New,ANAPLAN INC,194835.0,3113367.0,141255.0,3117518.0,-53580.0,4151.0
670704AG0,Not New,NUVASIVE INC,48922.0,47450000.0,41122.0,37500000.0,-7800.0,-9950000.0
55825T103,Sold Out,MADISON SQUARE GRDN SPRT COR,51675.0,351794.0,,,,
907818108,New Holding,UNION PAC CORP,,,107455.0,545815.0,,
17144C112,Not New,CHURCHILL CAP CORP III,341.0,168345.0,138.0,46629.0,-203.0,-121716.0
382865103,Not New,GORES HLDGS IV INC,361.0,35000.0,1369.0,135000.0,1008.0,100000.0
741503AX4,Not New,PRICELINE GRP INC,15235.0,14300000.0,29730.0,28000000.0,14495.0,13700000.0
88160RAD3,Not New,TESLA INC,323665.0,49500000.0,164322.0,49500000.0,-159343.0,0.0
88688T100,Sold Out,TILRAY INC,103.0,14500.0,,,,
650111107,Not New,NEW YORK TIMES CO,143904.0,3363022.0,141584.0,3368647.0,-2320.0,5625.0
36118H113,New Holding,FUSION ACQUISITION CORP,,,348.0,323950.0,,
57636Q104,Not New,MASTERCARD INCORPORATED,145397.0,429952.0,105357.0,356296.0,-40040.0,-73656.0
163092AD1,Not New,CHEGG INC,20495.0,13500000.0,7796.0,5500000.0,-12699.0,-8000000.0
88160R101,Not New,TESLA INC,6509798.0,15174000.0,3277007.0,3034800.0,-3232791.0,-12139200.0
163572209,Not New,CHEMBIO DIAGNOSTICS INC,167.0,34400.0,110.0,33900.0,-57.0,-500.0
163572209,Not New,CHEMBIO DIAGNOSTICS INC,167.0,34400.0,110.0,33900.0,-57.0,-500.0
163572209,Not New,CHEMBIO DIAGNOSTICS INC,167.0,34400.0,110.0,33900.0,-57.0,-500.0
163572209,Not New,CHEMBIO DIAGNOSTICS INC,167.0,34400.0,110.0,33900.0,-57.0,-500.0
435063201,New Holding,HOLICITY INC,,,11385.0,1100000.0,,
42806J106,Not New,HERTZ GLOBAL HLDGS INC,258.0,232000.0,1210.0,857900.0,952.0,625900.0
42806J106,Not New,HERTZ GLOBAL HLDGS INC,258.0,232000.0,307.0,217800.0,49.0,-14200.0
42806J106,Not New,HERTZ GLOBAL HLDGS INC,242.0,217800.0,1210.0,857900.0,968.0,640100.0
42806J106,Not New,HERTZ GLOBAL HLDGS INC,242.0,217800.0,307.0,217800.0,65.0,0.0
462726100,Not New,IROBOT CORP,13465.0,177400.0,12786.0,152400.0,-679.0,-25000.0
462726100,Not New,IROBOT CORP,13465.0,177400.0,2098.0,25000.0,-11367.0,-152400.0
462726100,Not New,IROBOT CORP,13465.0,177400.0,14884.0,177400.0,1419.0,0.0
462726100,Not New,IROBOT CORP,13465.0,177400.0,12786.0,152400.0,-679.0,-25000.0
462726100,Not New,IROBOT CORP,13465.0,177400.0,2098.0,25000.0,-11367.0,-152400.0
462726100,Not New,IROBOT CORP,13465.0,177400.0,14884.0,177400.0,1419.0,0.0
483709101,New Holding,KANDI TECHNOLOGIES GROUP INC,,,310.0,50000.0,,
92840M102,Not New,VISTRA CORP,5887.0,318833.0,5812.0,318833.0,-75.0,0.0
92840M102,Not New,VISTRA CORP,5887.0,318833.0,59746.0,3297484.0,53859.0,2978651.0
92840M102,Not New,VISTRA CORP,60517.0,3297484.0,5812.0,318833.0,-54705.0,-2978651.0
92840M102,Not New,VISTRA CORP,60517.0,3297484.0,59746.0,3297484.0,-771.0,0.0
984249607,Not New,YRC WORLDWIDE INC,277.0,70700.0,131.0,70700.0,-146.0,0.0
984249607,Not New,YRC WORLDWIDE INC,277.0,70700.0,131.0,70700.0,-146.0,0.0
984249607,Not New,YRC WORLDWIDE INC,277.0,70700.0,131.0,70700.0,-146.0,0.0
984249607,Not New,YRC WORLDWIDE INC,277.0,70700.0,131.0,70700.0,-146.0,0.0
635017106,Sold Out,NATIONAL BEVERAGE CORP,1318.0,21600.0,,,,
635017106,Sold Out,NATIONAL BEVERAGE CORP,1318.0,21600.0,,,,
90353T100,Not New,UBER TECHNOLOGIES INC,68647.0,1881764.0,101421.0,3263220.0,32774.0,1381456.0
90353T100,Not New,UBER TECHNOLOGIES INC,68647.0,1881764.0,88326.0,2841900.0,19679.0,960136.0
92537N116,New Holding,VERTIV HOLDINGS CO,,,498.0,78013.0,,
700517105,Not New,PARK HOTELS RESORTS INC,21747.0,2176854.0,9930.0,1004016.0,-11817.0,-1172838.0
189464100,Not New,CLOVIS ONCOLOGY INC,1629.0,279400.0,334.0,49500.0,-1295.0,-229900.0
189464100,Not New,CLOVIS ONCOLOGY INC,1629.0,279400.0,334.0,49500.0,-1295.0,-229900.0
189464100,Not New,CLOVIS ONCOLOGY INC,1629.0,279400.0,334.0,49500.0,-1295.0,-229900.0
189464100,Not New,CLOVIS ONCOLOGY INC,1629.0,279400.0,334.0,49500.0,-1295.0,-229900.0
443761119,New Holding,HUDSON EXECUTIVE INVT CORP,,,977.0,856950.0,,
090040106,Not New,BILIBILI INC,49292.0,1184900.0,54885.0,1184900.0,5593.0,0.0
277461406,New Holding,EASTMAN KODAK CO,,,2089.0,236800.0,,
277461406,New Holding,EASTMAN KODAK CO,,,2089.0,236800.0,,
816851406,Not New,SEMPRA ENERGY,46057.0,466610.0,45726.0,466610.0,-331.0,0.0
349642207,New Holding,FORTRESS VALUE ACQUISITION I,,,5150.0,500000.0,,
25746U133,Not New,DOMINION ENERGY INC,37698.0,369648.0,13237.0,130000.0,-24461.0,-239648.0
00165C104,Sold Out,AMC ENTMT HLDGS INC,64.0,15000.0,,,,
22717L101,Not New,CRONOS GROUP INC,2958.0,590500.0,3549.0,590500.0,591.0,0.0
22717L101,Not New,CRONOS GROUP INC,2958.0,590500.0,3665.0,609800.0,707.0,19300.0
22717L101,Not New,CRONOS GROUP INC,3055.0,609800.0,3549.0,590500.0,494.0,-19300.0
22717L101,Not New,CRONOS GROUP INC,3055.0,609800.0,3665.0,609800.0,610.0,0.0
92243A200,New Holding,VAXART INC,,,891.0,134000.0,,
92243A200,New Holding,VAXART INC,,,865.0,130000.0,,
92243A200,New Holding,VAXART INC,,,891.0,134000.0,,
26142R104,Sold Out,DRAFTKINGS INC,2820.0,84800.0,,,,
26142R104,Sold Out,DRAFTKINGS INC,2824.0,84900.0,,,,
143658300,Not New,CARNIVAL CORP,2597.0,171100.0,13118.0,798900.0,10521.0,627800.0
143658300,Not New,CARNIVAL CORP,2597.0,171100.0,12478.0,759900.0,9881.0,588800.0
143658300,Not New,CARNIVAL CORP,2597.0,171100.0,2809.0,171100.0,212.0,0.0
464337AJ3,Sold Out,ISIS PHARMACEUTICALS INC DEL,6886.0,6250000.0,,,,
697660207,Not New,PAMPA ENERGIA S A,2805.0,271509.0,2848.0,271509.0,43.0,0.0
697660207,Not New,PAMPA ENERGIA S A,2805.0,271509.0,15378.0,1465973.0,12573.0,1194464.0
697660207,Not New,PAMPA ENERGIA S A,15144.0,1465973.0,2848.0,271509.0,-12296.0,-1194464.0
697660207,Not New,PAMPA ENERGIA S A,15144.0,1465973.0,15378.0,1465973.0,234.0,0.0
511795106,Not New,LAKELAND INDS INC,1414.0,71400.0,1604.0,71500.0,190.0,100.0
511795106,Not New,LAKELAND INDS INC,1414.0,71400.0,1604.0,71500.0,190.0,100.0
511795106,Not New,LAKELAND INDS INC,1414.0,71400.0,1604.0,71500.0,190.0,100.0
511795106,Not New,LAKELAND INDS INC,1414.0,71400.0,1604.0,71500.0,190.0,100.0
45782B104,Not New,INSEEGO CORP,1814.0,175800.0,3779.0,325800.0,1965.0,150000.0
45782B104,Not New,INSEEGO CORP,1814.0,175800.0,3779.0,325800.0,1965.0,150000.0
45782B104,Not New,INSEEGO CORP,2064.0,200000.0,3779.0,325800.0,1715.0,125800.0
45782B104,Not New,INSEEGO CORP,2064.0,200000.0,3779.0,325800.0,1715.0,125800.0
45782B104,Not New,INSEEGO CORP,3362.0,325800.0,3779.0,325800.0,417.0,0.0
45782B104,Not New,INSEEGO CORP,3362.0,325800.0,3779.0,325800.0,417.0,0.0
G50744104,New Holding,JAWS ACQUISITION CORP,,,4164.0,400000.0,,
G9441E126,New Holding,VPC IMPACT ACQUISITION HLDNG,,,15000.0,1500000.0,,
984017103,New Holding,XENIA HOTELS & RESORTS INC,,,5165.0,588239.0,,
30303M102,Not New,FACEBOOK INC,211840.0,808858.0,285027.0,1255240.0,73187.0,446382.0
30303M102,Not New,FACEBOOK INC,211840.0,808858.0,180680.0,795700.0,-31160.0,-13158.0
78377T107,New Holding,RYMAN HOSPITALITY PPTYS INC,,,11879.0,322790.0,,
88160RAC5,Not New,TESLA INC,888557.0,149396000.0,536585.0,178644000.0,-351972.0,29248000.0
94419LAD3,Not New,WAYFAIR INC,59086.0,23000000.0,40349.0,22500000.0,-18737.0,-500000.0
34431F203,Sold Out,FOLEY TRASIMENE ACQUISTN COR,1825.0,171050.0,,,,
584021109,New Holding,MEDALLIA INC,,,2577.0,94000.0,,
G5785G107,Not New,MALLINCKRODT PUB LTD CO,158.0,162200.0,435.0,162200.0,277.0,0.0
G5785G107,Not New,MALLINCKRODT PUB LTD CO,158.0,162200.0,435.0,162200.0,277.0,0.0
G5785G107,Not New,MALLINCKRODT PUB LTD CO,158.0,162200.0,435.0,162200.0,277.0,0.0
G5785G107,Not New,MALLINCKRODT PUB LTD CO,158.0,162200.0,435.0,162200.0,277.0,0.0
34407Y111,Sold Out,FLYING EAGLE ACQUISITION COR,42.0,13863.0,,,,
17143G106,New Holding,CHURCHILL CAP CORP II,,,4288.0,406432.0,,
023135106,Not New,AMAZON COM INC,242408.0,76986.0,334402.0,121212.0,91994.0,44226.0
16949NAC3,Not New,CHINA LODGING GROUP LTD,8489.0,7504000.0,2514.0,2500000.0,-5975.0,-5004000.0
655664100,New Holding,NORDSTROM INC,,,3922.0,329000.0,,
655664100,New Holding,NORDSTROM INC,,,3922.0,329000.0,,
74967XAA1,Not New,RH,41937.0,20477000.0,39971.0,28500000.0,-1966.0,8023000.0
03765K104,Not New,APHRIA INC,117.0,26300.0,113.0,26300.0,-4.0,0.0
03765K104,Not New,APHRIA INC,117.0,26300.0,112.0,26000.0,-5.0,-300.0
03765K104,Not New,APHRIA INC,115.0,26000.0,113.0,26300.0,-2.0,300.0
03765K104,Not New,APHRIA INC,115.0,26000.0,112.0,26000.0,-3.0,0.0
757468103,Not New,REDHILL BIOPHARMA LTD,1375.0,134500.0,176.0,26300.0,-1199.0,-108200.0
757468103,Not New,REDHILL BIOPHARMA LTD,1375.0,134500.0,176.0,26300.0,-1199.0,-108200.0
757468103,Not New,REDHILL BIOPHARMA LTD,1375.0,134500.0,176.0,26300.0,-1199.0,-108200.0
757468103,Not New,REDHILL BIOPHARMA LTD,1375.0,134500.0,176.0,26300.0,-1199.0,-108200.0
910873405,Sold Out,UNITED MICROELECTRONICS CORP,18648.0,7063778.0,,,,
00900T107,New Holding,AIMMUNE THERAPEUTICS INC,,,4992.0,144900.0,,
00900T107,New Holding,AIMMUNE THERAPEUTICS INC,,,6074.0,176300.0,,
45031UCB5,Not New,ISTAR INC,26007.0,24500000.0,26338.0,24500000.0,331.0,0.0
05465P101,Sold Out,AXONICS MODULATION TECHNOLOG,281.0,8000.0,,,,
05465P101,Sold Out,AXONICS MODULATION TECHNOLOG,281.0,8000.0,,,,
362019200,New Holding,GO ACQUISITION CORP,,,10417.0,1033388.0,,
874224207,Not New,TALEND S A,603.0,15416.0,527.0,15416.0,-76.0,0.0
92538T203,New Holding,VESPER HEALTHCARE ACQSTN COR,,,8208.0,800000.0,,
34962V205,Sold Out,FORTRESS VALUE ACQUISITION C,3086.0,299634.0,,,,
26873Y104,New Holding,E MERGE TECHNOLOGY ACQUISITI,,,9785.0,999999.0,,
185064102,Not New,CLEARSIGN TECHNOLOGIES CORP,183.0,80900.0,168.0,80900.0,-15.0,0.0
185064102,Not New,CLEARSIGN TECHNOLOGIES CORP,183.0,80900.0,168.0,80900.0,-15.0,0.0
185064102,Not New,CLEARSIGN TECHNOLOGIES CORP,183.0,80900.0,168.0,80900.0,-15.0,0.0
185064102,Not New,CLEARSIGN TECHNOLOGIES CORP,183.0,80900.0,168.0,80900.0,-15.0,0.0
36258Q105,New Holding,GS ACQUISITION HLDGS CORP II,,,10760.0,1000000.0,,
03782L101,Sold Out,APPIAN CORP,4018.0,78400.0,,,,
03782L101,Sold Out,APPIAN CORP,4018.0,78400.0,,,,
03524A108,Not New,ANHEUSER BUSCH INBEV SA/NV,162433.0,3014710.0,57387.0,1164035.0,-105046.0,-1850675.0
03524A108,Not New,ANHEUSER BUSCH INBEV SA/NV,162433.0,3014710.0,168128.0,3410300.0,5695.0,395590.0
98936J101,Sold Out,ZENDESK INC,2293.0,25900.0,,,,
093712107,Not New,BLOOM ENERGY CORP,469.0,26100.0,284.0,26100.0,-185.0,0.0
093712107,Not New,BLOOM ENERGY CORP,469.0,26100.0,284.0,26100.0,-185.0,0.0
093712107,Not New,BLOOM ENERGY CORP,469.0,26100.0,284.0,26100.0,-185.0,0.0
093712107,Not New,BLOOM ENERGY CORP,469.0,26100.0,284.0,26100.0,-185.0,0.0
38045R206,New Holding,GOL LINHAS AEREAS INTELIGENT,,,226.0,37000.0,,
36165LAB4,Not New,GDS HLDGS LTD,46291.0,27400000.0,44381.0,27400000.0,-1910.0,0.0
83587F202,Not New,SORRENTO THERAPEUTICS INC,1541.0,138200.0,664.0,105700.0,-877.0,-32500.0
83587F202,Not New,SORRENTO THERAPEUTICS INC,1541.0,138200.0,664.0,105700.0,-877.0,-32500.0
83587F202,Not New,SORRENTO THERAPEUTICS INC,1541.0,138200.0,664.0,105700.0,-877.0,-32500.0
83587F202,Not New,SORRENTO THERAPEUTICS INC,1541.0,138200.0,664.0,105700.0,-877.0,-32500.0
30063PAC9,Sold Out,EXACT SCIENCES CORP,7198.0,7500000.0,,,,
674215AJ7,Sold Out,OASIS PETROLEUM INC,640.0,4000000.0,,,,
G9027T125,Sold Out,TREBIA ACQUISITION CORP,12958.0,1240000.0,,,,
595017AD6,Sold Out,MICROCHIP TECHNOLOGY INC.,87271.0,38980000.0,,,,
76156B107,Not New,REVOLVE GROUP INC,1030.0,62700.0,932.0,62700.0,-98.0,0.0
76156B107,Not New,REVOLVE GROUP INC,1030.0,62700.0,932.0,62700.0,-98.0,0.0
76156B107,Not New,REVOLVE GROUP INC,1030.0,62700.0,932.0,62700.0,-98.0,0.0
76156B107,Not New,REVOLVE GROUP INC,1030.0,62700.0,932.0,62700.0,-98.0,0.0
91324P102,New Holding,UNITEDHEALTH GROUP INC,,,169780.0,544567.0,,
848577102,Not New,SPIRIT AIRLS INC,4027.0,250100.0,4322.0,242800.0,295.0,-7300.0
848577102,Not New,SPIRIT AIRLS INC,4027.0,250100.0,3715.0,208700.0,-312.0,-41400.0
848577102,Not New,SPIRIT AIRLS INC,4027.0,250100.0,4452.0,250100.0,425.0,0.0
848577102,Not New,SPIRIT AIRLS INC,4027.0,250100.0,4322.0,242800.0,295.0,-7300.0
848577102,Not New,SPIRIT AIRLS INC,4027.0,250100.0,3715.0,208700.0,-312.0,-41400.0
848577102,Not New,SPIRIT AIRLS INC,4027.0,250100.0,4452.0,250100.0,425.0,0.0
983134107,Sold Out,WYNN RESORTS LTD,25534.0,342779.0,,,,
007903107,New Holding,ADVANCED MICRO DEVICES INC,,,62867.0,766760.0,,
833445109,New Holding,SNOWFLAKE INC,,,61853.0,246427.0,,
053774105,Not New,AVIS BUDGET GROUP,7483.0,284300.0,6508.0,284300.0,-975.0,0.0
053774105,Not New,AVIS BUDGET GROUP,7483.0,284300.0,6508.0,284300.0,-975.0,0.0
053774105,Not New,AVIS BUDGET GROUP,7483.0,284300.0,6508.0,284300.0,-975.0,0.0
053774105,Not New,AVIS BUDGET GROUP,7483.0,284300.0,6508.0,284300.0,-975.0,0.0
22266LAC0,Not New,COUPA SOFTWARE INC,163745.0,90000000.0,157501.0,86730000.0,-6244.0,-3270000.0
090040AB2,Not New,BILIBILI INC,31853.0,18000000.0,34496.0,18000000.0,2643.0,0.0
46267XAD0,Not New,IQIYI INC,1763.0,1850000.0,4470.0,4500000.0,2707.0,2650000.0
159864107,Not New,CHARLES RIV LABS INTL INC,23305.0,102915.0,21285.0,122081.0,-2020.0,19166.0
159864107,Not New,CHARLES RIV LABS INTL INC,23305.0,102915.0,50709.0,290845.0,27404.0,187930.0
159864107,Not New,CHARLES RIV LABS INTL INC,55523.0,245188.0,21285.0,122081.0,-34238.0,-123107.0
159864107,Not New,CHARLES RIV LABS INTL INC,55523.0,245188.0,50709.0,290845.0,-4814.0,45657.0
36118H105,New Holding,FUSION ACQUISITION CORP,,,1229.0,124999.0,,
543195101,New Holding,LONGVIEW ACQUISITION CORP,,,1473.0,149999.0,,
18978W208,New Holding,CM LIFE SCIENCES INC,,,5986.0,571756.0,,
36257Y109,Not New,GSX TECHEDU INC,4127.0,45800.0,20133.0,335600.0,16006.0,289800.0
36257Y109,Not New,GSX TECHEDU INC,4127.0,45800.0,20253.0,337600.0,16126.0,291800.0
36257Y109,Not New,GSX TECHEDU INC,6470.0,71800.0,20133.0,335600.0,13663.0,263800.0
36257Y109,Not New,GSX TECHEDU INC,6470.0,71800.0,20253.0,337600.0,13783.0,265800.0
36257Y109,Not New,GSX TECHEDU INC,10777.0,119600.0,20133.0,335600.0,9356.0,216000.0
36257Y109,Not New,GSX TECHEDU INC,10777.0,119600.0,20253.0,337600.0,9476.0,218000.0
872590112,Sold Out,T-MOBILE US INC,87.0,549857.0,,,,
36258Q113,New Holding,GS ACQUISITION HLDGS CORP II,,,412.0,192000.0,,
126408103,New Holding,CSX CORP,,,105122.0,1353443.0,,
852234AD5,Not New,SQUARE INC,6641.0,3076000.0,2234.0,1500000.0,-4407.0,-1576000.0
G46049121,New Holding,HORIZON ACQUISITION CORP,,,5203.0,500000.0,,
264120106,New Holding,DUCK CREEK TECHNOLOGIES INC,,,4543.0,100000.0,,
02376R102,Not New,AMERICAN AIRLS GROUP INC,2449.0,199300.0,1307.0,100000.0,-1142.0,-99300.0
02376R102,Not New,AMERICAN AIRLS GROUP INC,2449.0,199300.0,1307.0,100000.0,-1142.0,-99300.0
02376R102,Not New,AMERICAN AIRLS GROUP INC,2449.0,199300.0,1344.0,102800.0,-1105.0,-96500.0
02376R102,Not New,AMERICAN AIRLS GROUP INC,2449.0,199300.0,1307.0,100000.0,-1142.0,-99300.0
02376R102,Not New,AMERICAN AIRLS GROUP INC,2449.0,199300.0,1307.0,100000.0,-1142.0,-99300.0
02376R102,Not New,AMERICAN AIRLS GROUP INC,2449.0,199300.0,1344.0,102800.0,-1105.0,-96500.0
N97284108,Not New,YANDEX N V,51424.0,788100.0,39421.0,788100.0,-12003.0,0.0
02376RAF9,Sold Out,AMERICAN AIRLS GROUP INC,2352.0,2500000.0,,,,
75513E101,Not New,RAYTHEON TECHNOLOGIES CORP,176496.0,3067360.0,248538.0,4033392.0,72042.0,966032.0
10501E201,Not New,BRAINSTORM CELL THERAPEUTICS,217.0,12800.0,143.0,12800.0,-74.0,0.0
10501E201,Not New,BRAINSTORM CELL THERAPEUTICS,217.0,12800.0,143.0,12800.0,-74.0,0.0
10501E201,Not New,BRAINSTORM CELL THERAPEUTICS,217.0,12800.0,143.0,12800.0,-74.0,0.0
10501E201,Not New,BRAINSTORM CELL THERAPEUTICS,217.0,12800.0,143.0,12800.0,-74.0,0.0
05545E209,Not New,BHP GROUP PLC,20721.0,485724.0,19988.0,485724.0,-733.0,0.0
34962V114,Not New,FORTRESS VALUE ACQUISITION C,128.0,38857.0,141.0,100000.0,13.0,61143.0
76680R206,New Holding,RINGCENTRAL INC,,,3131.0,11400.0,,
254067101,Not New,DILLARDS INC,3075.0,84200.0,1457.0,56500.0,-1618.0,-27700.0
254067101,Not New,DILLARDS INC,3075.0,84200.0,1457.0,56500.0,-1618.0,-27700.0
254067101,Not New,DILLARDS INC,3075.0,84200.0,1457.0,56500.0,-1618.0,-27700.0
254067101,Not New,DILLARDS INC,3075.0,84200.0,1457.0,56500.0,-1618.0,-27700.0
04316G113,New Holding,ARTIUS ACQUISITION INC,,,359.0,223167.0,,
40171VAA8,Not New,GUIDEWIRE SOFTWARE INC,11424.0,10000000.0,9901.0,8500000.0,-1523.0,-1500000.0
05278C107,Not New,AUTOHOME INC,136459.0,1421453.0,107500.0,1423842.0,-28959.0,2389.0
543881106,Not New,LORAL SPACE & COMMUNICATNS I,4184.0,228639.0,4463.0,228639.0,279.0,0.0
543881106,Not New,LORAL SPACE & COMMUNICATNS I,4184.0,228639.0,10554.0,540659.0,6370.0,312020.0
543881106,Not New,LORAL SPACE & COMMUNICATNS I,9894.0,540659.0,4463.0,228639.0,-5431.0,-312020.0
543881106,Not New,LORAL SPACE & COMMUNICATNS I,9894.0,540659.0,10554.0,540659.0,660.0,0.0
94419LAF8,New Holding,WAYFAIR INC,,,92177.0,44500000.0,,
65339F796,Not New,NEXTERA ENERGY INC,20704.0,380000.0,35355.0,725000.0,14651.0,345000.0
31810N302,New Holding,FINTECH ACQUISITION CORP IV,,,6096.0,600000.0,,
64157V108,Sold Out,NEW AGE BEVERAGES CORP,275.0,179800.0,,,,
64157V108,Sold Out,NEW AGE BEVERAGES CORP,290.0,189800.0,,,,
49639K101,New Holding,KINGSOFT CLOUD HLDGS LTD,,,2584.0,87499.0,,
723787107,New Holding,PIONEER NAT RES CO,,,2642.0,30730.0,,
539183103,Sold Out,LIVONGO HEALTH INC,2985.0,39700.0,,,,
171439102,New Holding,CHURCHILL CAPITAL CORP IV,,,58646.0,5996568.0,,
36165L108,Not New,GDS HLDGS LTD,53435.0,653000.0,52018.0,653000.0,-1417.0,0.0
69553P100,Sold Out,PAGERDUTY INC,1623.0,56700.0,,,,
682189105,Not New,ON SEMICONDUCTOR CORP,22.0,1000.0,20.0,1000.0,-2.0,0.0
G7552B121,New Holding,RIBBIT LEAP LTD,,,6825.0,525000.0,,
98986X109,Not New,ZYNERBA PHARMACEUTICALS INC,272.0,82100.0,277.0,82100.0,5.0,0.0
98986X109,Not New,ZYNERBA PHARMACEUTICALS INC,272.0,82100.0,277.0,82100.0,5.0,0.0
98986X109,Not New,ZYNERBA PHARMACEUTICALS INC,272.0,82100.0,277.0,82100.0,5.0,0.0
98986X109,Not New,ZYNERBA PHARMACEUTICALS INC,272.0,82100.0,277.0,82100.0,5.0,0.0
98138J206,Sold Out,WORKHORSE GROUP INC,4299.0,247200.0,,,,
87305RAD1,Sold Out,TTM TECHNOLOGIES INC,8807.0,7000000.0,,,,
30052C107,Not New,EVOLUS INC,365.0,93300.0,187.0,35200.0,-178.0,-58100.0
30052C107,Not New,EVOLUS INC,365.0,93300.0,187.0,35200.0,-178.0,-58100.0
30052C107,Not New,EVOLUS INC,365.0,93300.0,187.0,35200.0,-178.0,-58100.0
30052C107,Not New,EVOLUS INC,365.0,93300.0,187.0,35200.0,-178.0,-58100.0
00123Q104,Not New,AGNC INVT CORP,11640.0,836782.0,22464.0,1741411.0,10824.0,904629.0
00123Q104,Not New,AGNC INVT CORP,11640.0,836782.0,76866.0,5958589.0,65226.0,5121807.0
00123Q104,Not New,AGNC INVT CORP,39827.0,2863218.0,22464.0,1741411.0,-17363.0,-1121807.0
00123Q104,Not New,AGNC INVT CORP,39827.0,2863218.0,76866.0,5958589.0,37039.0,3095371.0
G7417R121,New Holding,REDBALL ACQUISITION CORP,,,6871.0,650000.0,,
274681113,New Holding,EAST RES ACQUISITION CO,,,498.0,745000.0,,
47074L105,New Holding,JAMF HLDG CORP,,,9403.0,250000.0,,
910047109,Not New,UNITED AIRLS HLDGS INC,7301.0,210100.0,7275.0,210200.0,-26.0,100.0
910047109,Not New,UNITED AIRLS HLDGS INC,7301.0,210100.0,7275.0,210200.0,-26.0,100.0
910047109,Not New,UNITED AIRLS HLDGS INC,7304.0,210200.0,7275.0,210200.0,-29.0,0.0
910047109,Not New,UNITED AIRLS HLDGS INC,7304.0,210200.0,7275.0,210200.0,-29.0,0.0
949746804,New Holding,WELLS FARGO CO NEW,,,11409.0,8500.0,,
55024UAB5,New Holding,LUMENTUM HLDGS INC,,,14617.0,10450000.0,,
14070Y101,New Holding,CAPSTAR SPL PURP ACQUISITION,,,983.0,100000.0,,
98426TAD8,Not New,YY INC,24705.0,22725000.0,24891.0,22725000.0,186.0,0.0
92766K106,Not New,VIRGIN GALACTIC HOLDINGS INC,7790.0,405100.0,9980.0,610800.0,2190.0,205700.0
92766K106,Not New,VIRGIN GALACTIC HOLDINGS INC,7790.0,405100.0,6536.0,400000.0,-1254.0,-5100.0
92766K106,Not New,VIRGIN GALACTIC HOLDINGS INC,7790.0,405100.0,9980.0,610800.0,2190.0,205700.0
92766K106,Not New,VIRGIN GALACTIC HOLDINGS INC,3846.0,200000.0,9980.0,610800.0,6134.0,410800.0
92766K106,Not New,VIRGIN GALACTIC HOLDINGS INC,3846.0,200000.0,6536.0,400000.0,2690.0,200000.0
92766K106,Not New,VIRGIN GALACTIC HOLDINGS INC,3846.0,200000.0,9980.0,610800.0,6134.0,410800.0
92766K106,Not New,VIRGIN GALACTIC HOLDINGS INC,7790.0,405100.0,9980.0,610800.0,2190.0,205700.0
92766K106,Not New,VIRGIN GALACTIC HOLDINGS INC,7790.0,405100.0,6536.0,400000.0,-1254.0,-5100.0
92766K106,Not New,VIRGIN GALACTIC HOLDINGS INC,7790.0,405100.0,9980.0,610800.0,2190.0,205700.0
G52753129,New Holding,KISMET ACQUISITION ONE CORP,,,3502.0,350000.0,,
98936JAB7,Not New,ZENDESK INC,8139.0,4750000.0,3370.0,2250000.0,-4769.0,-2500000.0
G0232J101,New Holding,ALUSSA ENERGY ACQUISITION CO,,,501.0,50500.0,,
03236M200,Sold Out,AMYRIS INC,64.0,15000.0,,,,
03236M200,Sold Out,AMYRIS INC,64.0,15000.0,,,,
163072101,Not New,CHEESECAKE FACTORY INC,4508.0,162500.0,3702.0,161500.0,-806.0,-1000.0
163072101,Not New,CHEESECAKE FACTORY INC,4508.0,162500.0,3702.0,161500.0,-806.0,-1000.0
163072101,Not New,CHEESECAKE FACTORY INC,4508.0,162500.0,3702.0,161500.0,-806.0,-1000.0
163072101,Not New,CHEESECAKE FACTORY INC,4508.0,162500.0,3702.0,161500.0,-806.0,-1000.0
135086106,Not New,CANADA GOOSE HLDGS INC,4996.0,155300.0,3598.0,155300.0,-1398.0,0.0
135086106,Not New,CANADA GOOSE HLDGS INC,4996.0,155300.0,3598.0,155300.0,-1398.0,0.0
135086106,Not New,CANADA GOOSE HLDGS INC,4996.0,155300.0,3598.0,155300.0,-1398.0,0.0
135086106,Not New,CANADA GOOSE HLDGS INC,4996.0,155300.0,3598.0,155300.0,-1398.0,0.0
26873Y203,New Holding,E MERGE TECHNOLOGY ACQUISITI,,,0.0,1.0,,
09061GAF8,Not New,BIOMARIN PHARMACEUTICAL INC,15000.0,15000000.0,15846.0,12000000.0,846.0,-3000000.0
30734W109,Sold Out,FAR PT ACQUISITION CORP,14042.0,1371325.0,,,,
02209S103,Sold Out,ALTRIA GROUP INC,72883.0,1856895.0,,,,
384278115,Sold Out,GRAF INDL CORP,82.0,36023.0,,,,
349885103,New Holding,FORUM MERGER III CORP,,,6461.0,649998.0,,
14070Y119,New Holding,CAPSTAR SPL PURP ACQUISITION,,,119.0,150000.0,,
85236Q109,New Holding,STABLE RD ACQUISITION CORP,,,1122.0,111300.0,,
233277201,New Holding,DMY TECHNOLOGY GROUP INC II,,,8184.0,800000.0,,
349885111,New Holding,FORUM MERGER III CORP,,,406.0,216666.0,,
98138HAF8,Not New,WORKDAY INC,58881.0,38211000.0,40316.0,29211000.0,-18565.0,-9000000.0
198287203,New Holding,COLUMBIA PPTY TR INC,,,0.0,1.0,,
198287203,New Holding,COLUMBIA PPTY TR INC,,,4974.0,455945.0,,
65339F739,New Holding,NEXTERA ENERGY INC,,,35534.0,748477.0,,
09857L108,Not New,BOOKING HOLDINGS INC,134882.0,78847.0,103865.0,65228.0,-31017.0,-13619.0
09857L108,Not New,BOOKING HOLDINGS INC,134882.0,78847.0,181049.0,113700.0,46167.0,34853.0
679295AD7,New Holding,OKTA INC,,,9916.0,7500000.0,,
743424AF0,New Holding,PROOFPOINT INC,,,5000.0,5000000.0,,
05478C105,Not New,AZEK CO INC,4925.0,141487.0,6372.0,200000.0,1447.0,58513.0
867892101,New Holding,SUNSTONE HOTEL INVS INC NEW,,,4790.0,603279.0,,
G7307X121,New Holding,QELL ACQUISITION CORP,,,10160.0,1000000.0,,
912909108,Not New,UNITED STATES STL CORP NEW,2869.0,390900.0,7154.0,990900.0,4285.0,600000.0
912909108,Not New,UNITED STATES STL CORP NEW,2869.0,390900.0,7154.0,990900.0,4285.0,600000.0
912909108,Not New,UNITED STATES STL CORP NEW,4404.0,600000.0,7154.0,990900.0,2750.0,390900.0
912909108,Not New,UNITED STATES STL CORP NEW,4404.0,600000.0,7154.0,990900.0,2750.0,390900.0
912909108,Not New,UNITED STATES STL CORP NEW,7273.0,990900.0,7154.0,990900.0,-119.0,0.0
912909108,Not New,UNITED STATES STL CORP NEW,7273.0,990900.0,7154.0,990900.0,-119.0,0.0
90117G204,New Holding,TWC TECH HLDGS II CORP,,,18201.0,1798500.0,,
46267X108,Not New,IQIYI INC,1307.0,57900.0,67325.0,2903200.0,66018.0,2845300.0
46267X108,Not New,IQIYI INC,65554.0,2903200.0,67325.0,2903200.0,1771.0,0.0
29272C103,Not New,ENERGOUS CORP,102.0,34700.0,98.0,34700.0,-4.0,0.0
29272C103,Not New,ENERGOUS CORP,102.0,34700.0,98.0,34700.0,-4.0,0.0
29272C103,Not New,ENERGOUS CORP,102.0,34700.0,98.0,34700.0,-4.0,0.0
29272C103,Not New,ENERGOUS CORP,102.0,34700.0,98.0,34700.0,-4.0,0.0
075896100,Not New,BED BATH & BEYOND INC,7038.0,469800.0,7100.0,669800.0,62.0,200000.0
075896100,Not New,BED BATH & BEYOND INC,7038.0,469800.0,7100.0,669800.0,62.0,200000.0
075896100,Not New,BED BATH & BEYOND INC,2996.0,200000.0,7100.0,669800.0,4104.0,469800.0
075896100,Not New,BED BATH & BEYOND INC,2996.0,200000.0,7100.0,669800.0,4104.0,469800.0
075896100,Not New,BED BATH & BEYOND INC,10086.0,673300.0,7100.0,669800.0,-2986.0,-3500.0
075896100,Not New,BED BATH & BEYOND INC,10086.0,673300.0,7100.0,669800.0,-2986.0,-3500.0
87157DAD1,Not New,SYNAPTICS INC,52162.0,42000000.0,37134.0,34750000.0,-15028.0,-7250000.0
92940WAB5,Not New,WIX COM LTD,6093.0,3240000.0,7431.0,3998000.0,1338.0,758000.0
06684LAB9,Not New,BAOZUN INC,6985.0,7447000.0,10105.0,10447000.0,3120.0,3000000.0
233253111,Not New,DMY TECHNOLOGY GROUP INC,519.0,170000.0,538.0,359931.0,19.0,189931.0
34959JAK4,Not New,FORTIVE CORP,15045.0,15000000.0,22043.0,22500000.0,6998.0,7500000.0
848637AD6,Not New,SPLUNK INC,54215.0,37500000.0,70448.0,48000000.0,16233.0,10500000.0
256163AB2,Not New,DOCUSIGN INC,81651.0,27000000.0,76280.0,31306000.0,-5371.0,4306000.0
29664W105,Not New,ESPERION THERAPEUTICS INC NE,6668.0,179400.0,6840.0,133300.0,172.0,-46100.0
29664W105,Not New,ESPERION THERAPEUTICS INC NE,6668.0,179400.0,6840.0,133300.0,172.0,-46100.0
29664W105,Not New,ESPERION THERAPEUTICS INC NE,6668.0,179400.0,6840.0,133300.0,172.0,-46100.0
29664W105,Not New,ESPERION THERAPEUTICS INC NE,6668.0,179400.0,6840.0,133300.0,172.0,-46100.0
05156X884,Not New,AURORA CANNABIS INC,347.0,74600.0,922.0,74200.0,575.0,-400.0
05156X884,Not New,AURORA CANNABIS INC,347.0,74600.0,993.0,79952.0,646.0,5352.0
05156X884,Not New,AURORA CANNABIS INC,374.0,80352.0,922.0,74200.0,548.0,-6152.0
05156X884,Not New,AURORA CANNABIS INC,374.0,80352.0,993.0,79952.0,619.0,-400.0
14817C107,New Holding,CASSAVA SCIENCES INC,,,349.0,30300.0,,
14817C107,New Holding,CASSAVA SCIENCES INC,,,349.0,30300.0,,
311875207,New Holding,FAST ACQUISITION CORP,,,7478.0,750000.0,,
64110L106,Sold Out,NETFLIX INC,138115.0,303523.0,,,,
60879BAB3,Not New,MOMO INC,5106.0,6500000.0,6941.0,9000000.0,1835.0,2500000.0
92220P105,New Holding,VARIAN MED SYS INC,,,57580.0,334769.0,,
400110102,Not New,GRUBHUB INC,7551.0,104400.0,7339.0,104400.0,-212.0,0.0
400110102,Not New,GRUBHUB INC,7551.0,104400.0,7339.0,104400.0,-212.0,0.0
400110102,Not New,GRUBHUB INC,7551.0,104400.0,7339.0,104400.0,-212.0,0.0
400110102,Not New,GRUBHUB INC,7551.0,104400.0,7339.0,104400.0,-212.0,0.0
799793203,New Holding,SANDBRIDGE ACQUISITION CORP,,,4991.0,500000.0,,
171439110,New Holding,CHURCHILL CAPITAL CORP IV,,,1758.0,1200000.0,,
595017AH7,Not New,MICROCHIP TECHNOLOGY INC.,11267.0,7500000.0,18285.0,12500000.0,7018.0,5000000.0
543195200,Sold Out,LONGVIEW ACQUISITION CORP,2525.0,250000.0,,,,
872590104,Sold Out,T-MOBILE US INC,92691.0,889979.0,,,,
75955K102,Not New,REMARK HLDGS INC,490.0,419000.0,989.0,419000.0,499.0,0.0
75955K102,Not New,REMARK HLDGS INC,490.0,419000.0,989.0,419000.0,499.0,0.0
75955K102,Not New,REMARK HLDGS INC,490.0,419000.0,989.0,419000.0,499.0,0.0
75955K102,Not New,REMARK HLDGS INC,490.0,419000.0,989.0,419000.0,499.0,0.0
