CUSIP,status,NAME OF ISSUER,(x$1000)_old,PRN AMT_old,(x$1000),PRN AMT,(x$1000)_change,PRN AMT_change
20855T100,Not New,CONSOL COAL RES LP,53196.0,2963538.0,48892.0,3248638.0,-4304.0,285100.0
20855T100,Not New,CONSOL COAL RES LP,53196.0,2963538.0,10825.0,719300.0,-42371.0,-2244238.0
20855T100,Not New,CONSOL COAL RES LP,53196.0,2963538.0,22884.0,1520500.0,-30312.0,-1443038.0
20855T100,Not New,CONSOL COAL RES LP,12911.0,719300.0,48892.0,3248638.0,35981.0,2529338.0
20855T100,Not New,CONSOL COAL RES LP,12911.0,719300.0,10825.0,719300.0,-2086.0,0.0
20855T100,Not New,CONSOL COAL RES LP,12911.0,719300.0,22884.0,1520500.0,9973.0,801200.0
20855T100,Not New,CONSOL COAL RES LP,32411.0,1805600.0,48892.0,3248638.0,16481.0,1443038.0
20855T100,Not New,CONSOL COAL RES LP,32411.0,1805600.0,10825.0,719300.0,-21586.0,-1086300.0
20855T100,Not New,CONSOL COAL RES LP,32411.0,1805600.0,22884.0,1520500.0,-9527.0,-285100.0
30162V102,Not New,EXELA TECHNOLOGIES INC,31033.0,4352522.0,21791.0,4587622.0,-9242.0,235100.0
30162V102,Not New,EXELA TECHNOLOGIES INC,31033.0,4352522.0,6556.0,1380200.0,-24477.0,-2972322.0
30162V102,Not New,EXELA TECHNOLOGIES INC,31033.0,4352522.0,11480.0,2416807.0,-19553.0,-1935715.0
30162V102,Not New,EXELA TECHNOLOGIES INC,9841.0,1380200.0,21791.0,4587622.0,11950.0,3207422.0
30162V102,Not New,EXELA TECHNOLOGIES INC,9841.0,1380200.0,6556.0,1380200.0,-3285.0,0.0
30162V102,Not New,EXELA TECHNOLOGIES INC,9841.0,1380200.0,11480.0,2416807.0,1639.0,1036607.0
30162V102,Not New,EXELA TECHNOLOGIES INC,18908.0,2651907.0,21791.0,4587622.0,2883.0,1935715.0
30162V102,Not New,EXELA TECHNOLOGIES INC,18908.0,2651907.0,6556.0,1380200.0,-12352.0,-1271707.0
30162V102,Not New,EXELA TECHNOLOGIES INC,18908.0,2651907.0,11480.0,2416807.0,-7428.0,-235100.0
G60754101,New Holding,MICHAEL KORS HLDGS LTD,,,1522.0,22200.0,,
G60754101,New Holding,MICHAEL KORS HLDGS LTD,,,939.0,13700.0,,
G60754101,New Holding,MICHAEL KORS HLDGS LTD,,,912.0,13300.0,,
872540109,Sold Out,TJX COS INC NEW,1961.0,20600.0,,,,
872540109,Sold Out,TJX COS INC NEW,1152.0,12100.0,,,,
872540109,Sold Out,TJX COS INC NEW,1171.0,12300.0,,,,
88023U101,Not New,TEMPUR SEALY INTL INC,20012.0,378300.0,19331.0,402300.0,-681.0,24000.0
88023U101,Not New,TEMPUR SEALY INTL INC,20012.0,378300.0,8313.0,173000.0,-11699.0,-205300.0
88023U101,Not New,TEMPUR SEALY INTL INC,20012.0,378300.0,9918.0,206400.0,-10094.0,-171900.0
88023U101,Not New,TEMPUR SEALY INTL INC,9152.0,173000.0,19331.0,402300.0,10179.0,229300.0
88023U101,Not New,TEMPUR SEALY INTL INC,9152.0,173000.0,8313.0,173000.0,-839.0,0.0
88023U101,Not New,TEMPUR SEALY INTL INC,9152.0,173000.0,9918.0,206400.0,766.0,33400.0
88023U101,Not New,TEMPUR SEALY INTL INC,12188.0,230400.0,19331.0,402300.0,7143.0,171900.0
88023U101,Not New,TEMPUR SEALY INTL INC,12188.0,230400.0,8313.0,173000.0,-3875.0,-57400.0
88023U101,Not New,TEMPUR SEALY INTL INC,12188.0,230400.0,9918.0,206400.0,-2270.0,-24000.0
892356106,New Holding,TRACTOR SUPPLY CO,,,1827.0,20100.0,,
892356106,New Holding,TRACTOR SUPPLY CO,,,1127.0,12400.0,,
892356106,New Holding,TRACTOR SUPPLY CO,,,1091.0,12000.0,,
824348106,New Holding,SHERWIN WILLIAMS CO,,,1662.0,3650.0,,
824348106,New Holding,SHERWIN WILLIAMS CO,,,1029.0,2260.0,,
824348106,New Holding,SHERWIN WILLIAMS CO,,,997.0,2190.0,,
02156K103,New Holding,ALTICE USA INC,,,25745.0,1419219.0,,
02156K103,New Holding,ALTICE USA INC,,,11608.0,639900.0,,
02156K103,New Holding,ALTICE USA INC,,,15308.0,843900.0,,
086516101,Sold Out,BEST BUY INC,1760.0,23600.0,,,,
086516101,Sold Out,BEST BUY INC,1037.0,13900.0,,,,
086516101,Sold Out,BEST BUY INC,1052.0,14100.0,,,,
G7998G106,New Holding,SEADRILL LTD,,,12613.0,509009.0,,
G7998G106,New Holding,SEADRILL LTD,,,5826.0,235091.0,,
G7998G106,New Holding,SEADRILL LTD,,,7501.0,302700.0,,
N59465109,Sold Out,MYLAN N V,127150.0,3518252.0,,,,
N59465109,Sold Out,MYLAN N V,54454.0,1506748.0,,,,
N59465109,Sold Out,MYLAN N V,64076.0,1773000.0,,,,
N59465109,Sold Out,MYLAN N V,2205.0,61000.0,,,,
18885T306,Sold Out,CLIPPER RLTY INC,3698.0,432972.0,,,,
18885T306,Sold Out,CLIPPER RLTY INC,813.0,95200.0,,,,
18885T306,Sold Out,CLIPPER RLTY INC,1730.0,202600.0,,,,
44919P508,Not New,IAC INTERACTIVECORP,46638.0,215200.0,26808.0,175800.0,-19830.0,-39400.0
44919P508,Not New,IAC INTERACTIVECORP,46638.0,215200.0,9431.0,61847.0,-37207.0,-153353.0
44919P508,Not New,IAC INTERACTIVECORP,46638.0,215200.0,13495.0,88500.0,-33143.0,-126700.0
44919P508,Not New,IAC INTERACTIVECORP,19841.0,91550.0,26808.0,175800.0,6967.0,84250.0
44919P508,Not New,IAC INTERACTIVECORP,19841.0,91550.0,9431.0,61847.0,-10410.0,-29703.0
44919P508,Not New,IAC INTERACTIVECORP,19841.0,91550.0,13495.0,88500.0,-6346.0,-3050.0
44919P508,Not New,IAC INTERACTIVECORP,27827.0,128400.0,26808.0,175800.0,-1019.0,47400.0
44919P508,Not New,IAC INTERACTIVECORP,27827.0,128400.0,9431.0,61847.0,-18396.0,-66553.0
44919P508,Not New,IAC INTERACTIVECORP,27827.0,128400.0,13495.0,88500.0,-14332.0,-39900.0
10922N103,Not New,BRIGHTHOUSE FINL INC,251236.0,5678937.0,232736.0,5808237.0,-18500.0,129300.0
10922N103,Not New,BRIGHTHOUSE FINL INC,251236.0,5678937.0,96199.0,2400763.0,-155037.0,-3278174.0
10922N103,Not New,BRIGHTHOUSE FINL INC,251236.0,5678937.0,133473.0,3331000.0,-117763.0,-2347937.0
10922N103,Not New,BRIGHTHOUSE FINL INC,251236.0,5678937.0,1603.0,40000.0,-249633.0,-5638937.0
10922N103,Not New,BRIGHTHOUSE FINL INC,106210.0,2400763.0,232736.0,5808237.0,126526.0,3407474.0
10922N103,Not New,BRIGHTHOUSE FINL INC,106210.0,2400763.0,96199.0,2400763.0,-10011.0,0.0
10922N103,Not New,BRIGHTHOUSE FINL INC,106210.0,2400763.0,133473.0,3331000.0,27263.0,930237.0
10922N103,Not New,BRIGHTHOUSE FINL INC,106210.0,2400763.0,1603.0,40000.0,-104607.0,-2360763.0
10922N103,Not New,BRIGHTHOUSE FINL INC,153084.0,3460300.0,232736.0,5808237.0,79652.0,2347937.0
10922N103,Not New,BRIGHTHOUSE FINL INC,153084.0,3460300.0,96199.0,2400763.0,-56885.0,-1059537.0
10922N103,Not New,BRIGHTHOUSE FINL INC,153084.0,3460300.0,133473.0,3331000.0,-19611.0,-129300.0
10922N103,Not New,BRIGHTHOUSE FINL INC,153084.0,3460300.0,1603.0,40000.0,-151481.0,-3420300.0
10922N103,Not New,BRIGHTHOUSE FINL INC,1770.0,40000.0,232736.0,5808237.0,230966.0,5768237.0
10922N103,Not New,BRIGHTHOUSE FINL INC,1770.0,40000.0,96199.0,2400763.0,94429.0,2360763.0
10922N103,Not New,BRIGHTHOUSE FINL INC,1770.0,40000.0,133473.0,3331000.0,131703.0,3291000.0
10922N103,Not New,BRIGHTHOUSE FINL INC,1770.0,40000.0,1603.0,40000.0,-167.0,0.0
929089100,Not New,VOYA FINL INC,49820.0,1003012.0,64246.0,1366927.0,14426.0,363915.0
929089100,Not New,VOYA FINL INC,49820.0,1003012.0,31720.0,674900.0,-18100.0,-328112.0
929089100,Not New,VOYA FINL INC,49820.0,1003012.0,40535.0,862441.0,-9285.0,-140571.0
929089100,Not New,VOYA FINL INC,22302.0,449000.0,64246.0,1366927.0,41944.0,917927.0
929089100,Not New,VOYA FINL INC,22302.0,449000.0,31720.0,674900.0,9418.0,225900.0
929089100,Not New,VOYA FINL INC,22302.0,449000.0,40535.0,862441.0,18233.0,413441.0
929089100,Not New,VOYA FINL INC,29655.0,597041.0,64246.0,1366927.0,34591.0,769886.0
929089100,Not New,VOYA FINL INC,29655.0,597041.0,31720.0,674900.0,2065.0,77859.0
929089100,Not New,VOYA FINL INC,29655.0,597041.0,40535.0,862441.0,10880.0,265400.0
595112103,Sold Out,MICRON TECHNOLOGY INC,11537.0,220000.0,,,,
595112103,Sold Out,MICRON TECHNOLOGY INC,2910.0,55500.0,,,,
256677105,Sold Out,DOLLAR GEN CORP NEW,1962.0,19900.0,,,,
256677105,Sold Out,DOLLAR GEN CORP NEW,1163.0,11800.0,,,,
256677105,Sold Out,DOLLAR GEN CORP NEW,1163.0,11800.0,,,,
392709101,Not New,GREEN BRICK PARTNERS INC,129611.0,12832821.0,168480.0,17191821.0,38869.0,4359000.0
392709101,Not New,GREEN BRICK PARTNERS INC,129611.0,12832821.0,33975.0,3466793.0,-95636.0,-9366028.0
392709101,Not New,GREEN BRICK PARTNERS INC,129611.0,12832821.0,33909.0,3460054.0,-95702.0,-9372767.0
392709101,Not New,GREEN BRICK PARTNERS INC,35015.0,3466793.0,168480.0,17191821.0,133465.0,13725028.0
392709101,Not New,GREEN BRICK PARTNERS INC,35015.0,3466793.0,33975.0,3466793.0,-1040.0,0.0
392709101,Not New,GREEN BRICK PARTNERS INC,35015.0,3466793.0,33909.0,3460054.0,-1106.0,-6739.0
392709101,Not New,GREEN BRICK PARTNERS INC,78972.0,7819054.0,168480.0,17191821.0,89508.0,9372767.0
392709101,Not New,GREEN BRICK PARTNERS INC,78972.0,7819054.0,33975.0,3466793.0,-44997.0,-4352261.0
392709101,Not New,GREEN BRICK PARTNERS INC,78972.0,7819054.0,33909.0,3460054.0,-45063.0,-4359000.0
053332102,Sold Out,AUTOZONE INC,1812.0,2700.0,,,,
053332102,Sold Out,AUTOZONE INC,1073.0,1600.0,,,,
053332102,Sold Out,AUTOZONE INC,1141.0,1700.0,,,,
N00985106,Not New,AERCAP HOLDINGS NV,105701.0,1837643.0,112737.0,2081943.0,7036.0,244300.0
N00985106,Not New,AERCAP HOLDINGS NV,105701.0,1837643.0,47949.0,885492.0,-57752.0,-952151.0
N00985106,Not New,AERCAP HOLDINGS NV,105701.0,1837643.0,56746.0,1047943.0,-48955.0,-789700.0
N00985106,Not New,AERCAP HOLDINGS NV,105701.0,1837643.0,2493.0,46030.0,-103208.0,-1791613.0
N00985106,Not New,AERCAP HOLDINGS NV,48057.0,835492.0,112737.0,2081943.0,64680.0,1246451.0
N00985106,Not New,AERCAP HOLDINGS NV,48057.0,835492.0,47949.0,885492.0,-108.0,50000.0
N00985106,Not New,AERCAP HOLDINGS NV,48057.0,835492.0,56746.0,1047943.0,8689.0,212451.0
N00985106,Not New,AERCAP HOLDINGS NV,48057.0,835492.0,2493.0,46030.0,-45564.0,-789462.0
N00985106,Not New,AERCAP HOLDINGS NV,64224.0,1116543.0,112737.0,2081943.0,48513.0,965400.0
N00985106,Not New,AERCAP HOLDINGS NV,64224.0,1116543.0,47949.0,885492.0,-16275.0,-231051.0
N00985106,Not New,AERCAP HOLDINGS NV,64224.0,1116543.0,56746.0,1047943.0,-7478.0,-68600.0
N00985106,Not New,AERCAP HOLDINGS NV,64224.0,1116543.0,2493.0,46030.0,-61731.0,-1070513.0
37045V100,Not New,GENERAL MTRS CO,244395.0,7258526.0,423205.0,10741241.0,178810.0,3482715.0
37045V100,Not New,GENERAL MTRS CO,244395.0,7258526.0,184483.0,4682300.0,-59912.0,-2576226.0
37045V100,Not New,GENERAL MTRS CO,244395.0,7258526.0,223110.0,5662702.0,-21285.0,-1595824.0
37045V100,Not New,GENERAL MTRS CO,244395.0,7258526.0,2939.0,74600.0,-241456.0,-7183926.0
37045V100,Not New,GENERAL MTRS CO,109411.0,3249515.0,423205.0,10741241.0,313794.0,7491726.0
37045V100,Not New,GENERAL MTRS CO,109411.0,3249515.0,184483.0,4682300.0,75072.0,1432785.0
37045V100,Not New,GENERAL MTRS CO,109411.0,3249515.0,223110.0,5662702.0,113699.0,2413187.0
37045V100,Not New,GENERAL MTRS CO,109411.0,3249515.0,2939.0,74600.0,-106472.0,-3174915.0
37045V100,Not New,GENERAL MTRS CO,145448.0,4319802.0,423205.0,10741241.0,277757.0,6421439.0
37045V100,Not New,GENERAL MTRS CO,145448.0,4319802.0,184483.0,4682300.0,39035.0,362498.0
37045V100,Not New,GENERAL MTRS CO,145448.0,4319802.0,223110.0,5662702.0,77662.0,1342900.0
37045V100,Not New,GENERAL MTRS CO,145448.0,4319802.0,2939.0,74600.0,-142509.0,-4245202.0
37045V100,Not New,GENERAL MTRS CO,1791.0,53200.0,423205.0,10741241.0,421414.0,10688041.0
37045V100,Not New,GENERAL MTRS CO,1791.0,53200.0,184483.0,4682300.0,182692.0,4629100.0
37045V100,Not New,GENERAL MTRS CO,1791.0,53200.0,223110.0,5662702.0,221319.0,5609502.0
37045V100,Not New,GENERAL MTRS CO,1791.0,53200.0,2939.0,74600.0,1148.0,21400.0
021346101,Not New,ALTABA INC,47885.0,702958.0,66556.0,909106.0,18671.0,206148.0
021346101,Not New,ALTABA INC,47885.0,702958.0,28698.0,392000.0,-19187.0,-310958.0
021346101,Not New,ALTABA INC,47885.0,702958.0,33910.0,463194.0,-13975.0,-239764.0
021346101,Not New,ALTABA INC,22119.0,324700.0,66556.0,909106.0,44437.0,584406.0
021346101,Not New,ALTABA INC,22119.0,324700.0,28698.0,392000.0,6579.0,67300.0
021346101,Not New,ALTABA INC,22119.0,324700.0,33910.0,463194.0,11791.0,138494.0
021346101,Not New,ALTABA INC,30309.0,444940.0,66556.0,909106.0,36247.0,464166.0
021346101,Not New,ALTABA INC,30309.0,444940.0,28698.0,392000.0,-1611.0,-52940.0
021346101,Not New,ALTABA INC,30309.0,444940.0,33910.0,463194.0,3601.0,18254.0
90184L102,Sold Out,TWITTER INC,32783.0,750700.0,,,,
90184L102,Sold Out,TWITTER INC,17734.0,406100.0,,,,
90184L102,Sold Out,TWITTER INC,19512.0,446800.0,,,,
256746108,Sold Out,DOLLAR TREE INC,1836.0,21600.0,,,,
256746108,Sold Out,DOLLAR TREE INC,1071.0,12600.0,,,,
256746108,Sold Out,DOLLAR TREE INC,1088.0,12800.0,,,,
G3157S106,Not New,ENSCO PLC,81682.0,9678000.0,74735.0,10294100.0,-6947.0,616100.0
G3157S106,Not New,ENSCO PLC,81682.0,9678000.0,32128.0,4425300.0,-49554.0,-5252700.0
G3157S106,Not New,ENSCO PLC,81682.0,9678000.0,38337.0,5280600.0,-43345.0,-4397400.0
G3157S106,Not New,ENSCO PLC,37350.0,4425300.0,74735.0,10294100.0,37385.0,5868800.0
G3157S106,Not New,ENSCO PLC,37350.0,4425300.0,32128.0,4425300.0,-5222.0,0.0
G3157S106,Not New,ENSCO PLC,37350.0,4425300.0,38337.0,5280600.0,987.0,855300.0
G3157S106,Not New,ENSCO PLC,49768.0,5896700.0,74735.0,10294100.0,24967.0,4397400.0
G3157S106,Not New,ENSCO PLC,49768.0,5896700.0,32128.0,4425300.0,-17640.0,-1471400.0
G3157S106,Not New,ENSCO PLC,49768.0,5896700.0,38337.0,5280600.0,-11431.0,-616100.0
G97822103,Not New,PERRIGO CO PLC,7609.0,107473.0,64111.0,879320.0,56502.0,771847.0
G97822103,Not New,PERRIGO CO PLC,7609.0,107473.0,30535.0,418800.0,22926.0,311327.0
G97822103,Not New,PERRIGO CO PLC,7609.0,107473.0,40450.0,554800.0,32841.0,447327.0
G97822103,Not New,PERRIGO CO PLC,3436.0,48528.0,64111.0,879320.0,60675.0,830792.0
G97822103,Not New,PERRIGO CO PLC,3436.0,48528.0,30535.0,418800.0,27099.0,370272.0
G97822103,Not New,PERRIGO CO PLC,3436.0,48528.0,40450.0,554800.0,37014.0,506272.0
G97822103,Not New,PERRIGO CO PLC,4531.0,64000.0,64111.0,879320.0,59580.0,815320.0
G97822103,Not New,PERRIGO CO PLC,4531.0,64000.0,30535.0,418800.0,26004.0,354800.0
G97822103,Not New,PERRIGO CO PLC,4531.0,64000.0,40450.0,554800.0,35919.0,490800.0
23334L102,Sold Out,DSW INC,2760.0,106900.0,,,,
23334L102,Sold Out,DSW INC,1229.0,47600.0,,,,
23334L102,Sold Out,DSW INC,1371.0,53100.0,,,,
12653C108,Not New,CNX RESOURCES CORPORATION,15501.0,1083229.0,54359.0,3057329.0,38858.0,1974100.0
12653C108,Not New,CNX RESOURCES CORPORATION,15501.0,1083229.0,41400.0,2328465.0,25899.0,1245236.0
12653C108,Not New,CNX RESOURCES CORPORATION,15501.0,1083229.0,39088.0,2198406.0,23587.0,1115177.0
12653C108,Not New,CNX RESOURCES CORPORATION,15501.0,1083229.0,725.0,40800.0,-14776.0,-1042429.0
12653C108,Not New,CNX RESOURCES CORPORATION,15799.0,1104065.0,54359.0,3057329.0,38560.0,1953264.0
12653C108,Not New,CNX RESOURCES CORPORATION,15799.0,1104065.0,41400.0,2328465.0,25601.0,1224400.0
12653C108,Not New,CNX RESOURCES CORPORATION,15799.0,1104065.0,39088.0,2198406.0,23289.0,1094341.0
12653C108,Not New,CNX RESOURCES CORPORATION,15799.0,1104065.0,725.0,40800.0,-15074.0,-1063265.0
12653C108,Not New,CNX RESOURCES CORPORATION,18397.0,1285606.0,54359.0,3057329.0,35962.0,1771723.0
12653C108,Not New,CNX RESOURCES CORPORATION,18397.0,1285606.0,41400.0,2328465.0,23003.0,1042859.0
12653C108,Not New,CNX RESOURCES CORPORATION,18397.0,1285606.0,39088.0,2198406.0,20691.0,912800.0
12653C108,Not New,CNX RESOURCES CORPORATION,18397.0,1285606.0,725.0,40800.0,-17672.0,-1244806.0
12653C108,Not New,CNX RESOURCES CORPORATION,388.0,27100.0,54359.0,3057329.0,53971.0,3030229.0
12653C108,Not New,CNX RESOURCES CORPORATION,388.0,27100.0,41400.0,2328465.0,41012.0,2301365.0
12653C108,Not New,CNX RESOURCES CORPORATION,388.0,27100.0,39088.0,2198406.0,38700.0,2171306.0
12653C108,Not New,CNX RESOURCES CORPORATION,388.0,27100.0,725.0,40800.0,337.0,13700.0
364760108,Sold Out,GAP INC DEL,1989.0,61400.0,,,,
364760108,Sold Out,GAP INC DEL,1166.0,36000.0,,,,
364760108,Sold Out,GAP INC DEL,1185.0,36600.0,,,,
G9329Z100,Sold Out,VENATOR MATLS PLC,1153.0,70494.0,,,,
G9329Z100,Sold Out,VENATOR MATLS PLC,381.0,23300.0,,,,
G9329Z100,Sold Out,VENATOR MATLS PLC,614.0,37500.0,,,,
G0084W101,Not New,ADIENT PLC,21848.0,555800.0,12814.0,260500.0,-9034.0,-295300.0
G0084W101,Not New,ADIENT PLC,21848.0,555800.0,7972.0,162075.0,-13876.0,-393725.0
G0084W101,Not New,ADIENT PLC,21848.0,555800.0,8092.0,164500.0,-13756.0,-391300.0
G0084W101,Not New,ADIENT PLC,9870.0,251079.0,12814.0,260500.0,2944.0,9421.0
G0084W101,Not New,ADIENT PLC,9870.0,251079.0,7972.0,162075.0,-1898.0,-89004.0
G0084W101,Not New,ADIENT PLC,9870.0,251079.0,8092.0,164500.0,-1778.0,-86579.0
G0084W101,Not New,ADIENT PLC,13067.0,332400.0,12814.0,260500.0,-253.0,-71900.0
G0084W101,Not New,ADIENT PLC,13067.0,332400.0,7972.0,162075.0,-5095.0,-170325.0
G0084W101,Not New,ADIENT PLC,13067.0,332400.0,8092.0,164500.0,-4975.0,-167900.0
584688105,Not New,MEDICINES CO,13615.0,455200.0,19396.0,528500.0,5781.0,73300.0
584688105,Not New,MEDICINES CO,13615.0,455200.0,8001.0,218000.0,-5614.0,-237200.0
584688105,Not New,MEDICINES CO,13615.0,455200.0,9303.0,253500.0,-4312.0,-201700.0
584688105,Not New,MEDICINES CO,6496.0,217200.0,19396.0,528500.0,12900.0,311300.0
584688105,Not New,MEDICINES CO,6496.0,217200.0,8001.0,218000.0,1505.0,800.0
584688105,Not New,MEDICINES CO,6496.0,217200.0,9303.0,253500.0,2807.0,36300.0
584688105,Not New,MEDICINES CO,8267.0,276400.0,19396.0,528500.0,11129.0,252100.0
584688105,Not New,MEDICINES CO,8267.0,276400.0,8001.0,218000.0,-266.0,-58400.0
584688105,Not New,MEDICINES CO,8267.0,276400.0,9303.0,253500.0,1036.0,-22900.0
206787103,Sold Out,CONDUENT INC,14971.0,823947.0,,,,
206787103,Sold Out,CONDUENT INC,5371.0,295600.0,,,,
206787103,Sold Out,CONDUENT INC,7630.0,419900.0,,,,
037833100,Sold Out,APPLE INC,12029.0,64984.0,,,,
037833100,Sold Out,APPLE INC,7048.0,38076.0,,,,
037833100,Sold Out,APPLE INC,7160.0,38680.0,,,,
037833100,Sold Out,APPLE INC,67.0,360.0,,,,
