CUSIP,status,NAME OF ISSUER,(x$1000)_old,PRN AMT_old,(x$1000),PRN AMT,(x$1000)_change,PRN AMT_change
20855T100,Not New,CONSOL COAL RES LP,4100.0,719300.0,6761.0,719300.0,2661.0,0.0
20855T100,Not New,CONSOL COAL RES LP,4100.0,719300.0,16973.0,1805600.0,12873.0,1086300.0
20855T100,Not New,CONSOL COAL RES LP,4100.0,719300.0,27857.0,2963538.0,23757.0,2244238.0
20855T100,Not New,CONSOL COAL RES LP,10292.0,1805600.0,6761.0,719300.0,-3531.0,-1086300.0
20855T100,Not New,CONSOL COAL RES LP,10292.0,1805600.0,16973.0,1805600.0,6681.0,0.0
20855T100,Not New,CONSOL COAL RES LP,10292.0,1805600.0,27857.0,2963538.0,17565.0,1157938.0
20855T100,Not New,CONSOL COAL RES LP,16892.0,2963538.0,6761.0,719300.0,-10131.0,-2244238.0
20855T100,Not New,CONSOL COAL RES LP,16892.0,2963538.0,16973.0,1805600.0,81.0,-1157938.0
20855T100,Not New,CONSOL COAL RES LP,16892.0,2963538.0,27857.0,2963538.0,10965.0,0.0
30162V102,Not New,EXELA TECHNOLOGIES INC,484.0,2359607.0,563.0,1380200.0,79.0,-979407.0
30162V102,Not New,EXELA TECHNOLOGIES INC,484.0,2359607.0,1027.0,2518107.0,543.0,158500.0
30162V102,Not New,EXELA TECHNOLOGIES INC,484.0,2359607.0,1682.0,4124621.0,1198.0,1765014.0
30162V102,Not New,EXELA TECHNOLOGIES INC,792.0,3865516.0,563.0,1380200.0,-229.0,-2485316.0
30162V102,Not New,EXELA TECHNOLOGIES INC,792.0,3865516.0,1027.0,2518107.0,235.0,-1347409.0
30162V102,Not New,EXELA TECHNOLOGIES INC,792.0,3865516.0,1682.0,4124621.0,890.0,259105.0
30162V102,Not New,EXELA TECHNOLOGIES INC,265.0,1293600.0,563.0,1380200.0,298.0,86600.0
30162V102,Not New,EXELA TECHNOLOGIES INC,265.0,1293600.0,1027.0,2518107.0,762.0,1224507.0
30162V102,Not New,EXELA TECHNOLOGIES INC,265.0,1293600.0,1682.0,4124621.0,1417.0,2831021.0
64132K102,Not New,NEUBASE THERAPEUTICS INC,4138.0,581131.0,4184.0,581131.0,46.0,0.0
64132K102,Not New,NEUBASE THERAPEUTICS INC,4138.0,581131.0,6893.0,957331.0,2755.0,376200.0
64132K102,Not New,NEUBASE THERAPEUTICS INC,6816.0,957331.0,4184.0,581131.0,-2632.0,-376200.0
64132K102,Not New,NEUBASE THERAPEUTICS INC,6816.0,957331.0,6893.0,957331.0,77.0,0.0
704326107,New Holding,PAYCHEX INC,,,1743.0,27700.0,,
704326107,New Holding,PAYCHEX INC,,,3781.0,60100.0,,
704326107,New Holding,PAYCHEX INC,,,6116.0,97200.0,,
Y8564M105,Not New,TEEKAY LNG PARTNERS L P,318.0,32500.0,739.0,47500.0,421.0,15000.0
Y8564M105,Not New,TEEKAY LNG PARTNERS L P,318.0,32500.0,4750.0,305300.0,4432.0,272800.0
Y8564M105,Not New,TEEKAY LNG PARTNERS L P,318.0,32500.0,7725.0,496474.0,7407.0,463974.0
Y8564M105,Not New,TEEKAY LNG PARTNERS L P,2042.0,208600.0,739.0,47500.0,-1303.0,-161100.0
Y8564M105,Not New,TEEKAY LNG PARTNERS L P,2042.0,208600.0,4750.0,305300.0,2708.0,96700.0
Y8564M105,Not New,TEEKAY LNG PARTNERS L P,2042.0,208600.0,7725.0,496474.0,5683.0,287874.0
Y8564M105,Not New,TEEKAY LNG PARTNERS L P,3320.0,339101.0,739.0,47500.0,-2581.0,-291601.0
Y8564M105,Not New,TEEKAY LNG PARTNERS L P,3320.0,339101.0,4750.0,305300.0,1430.0,-33801.0
Y8564M105,Not New,TEEKAY LNG PARTNERS L P,3320.0,339101.0,7725.0,496474.0,4405.0,157373.0
80874P109,Sold Out,SCIENTIFIC GAMES CORP,311.0,11600.0,,,,
80874P109,Sold Out,SCIENTIFIC GAMES CORP,11285.0,421408.0,,,,
80874P109,Sold Out,SCIENTIFIC GAMES CORP,18581.0,693834.0,,,,
88023U101,Sold Out,TEMPUR SEALY INTL INC,14594.0,167628.0,,,,
88023U101,Sold Out,TEMPUR SEALY INTL INC,8695.0,99872.0,,,,
23355L106,Sold Out,DXC TECHNOLOGY CO,11416.0,303700.0,,,,
23355L106,Sold Out,DXC TECHNOLOGY CO,19145.0,509300.0,,,,
15135B101,New Holding,CENTENE CORP DEL,,,3951.0,66500.0,,
15135B101,New Holding,CENTENE CORP DEL,,,6387.0,107500.0,,
15135B101,New Holding,CENTENE CORP DEL,,,1824.0,30700.0,,
02156K103,Not New,ALTICE USA INC,12968.0,581800.0,22268.0,814500.0,9300.0,232700.0
02156K103,Not New,ALTICE USA INC,12968.0,581800.0,36724.0,1343240.0,23756.0,761440.0
02156K103,Not New,ALTICE USA INC,1460.0,65500.0,22268.0,814500.0,20808.0,749000.0
02156K103,Not New,ALTICE USA INC,1460.0,65500.0,36724.0,1343240.0,35264.0,1277740.0
02156K103,Not New,ALTICE USA INC,1558.0,69900.0,22268.0,814500.0,20710.0,744600.0
02156K103,Not New,ALTICE USA INC,1558.0,69900.0,36724.0,1343240.0,35166.0,1273340.0
02156K103,Not New,ALTICE USA INC,20243.0,908180.0,22268.0,814500.0,2025.0,-93680.0
02156K103,Not New,ALTICE USA INC,20243.0,908180.0,36724.0,1343240.0,16481.0,435060.0
025816109,New Holding,AMERICAN EXPRESS CO,,,5727.0,66900.0,,
025816109,New Holding,AMERICAN EXPRESS CO,,,1618.0,18900.0,,
025816109,New Holding,AMERICAN EXPRESS CO,,,3544.0,41400.0,,
254687106,New Holding,DISNEY WALT CO,,,1575.0,16300.0,,
254687106,New Holding,DISNEY WALT CO,,,3410.0,35300.0,,
254687106,New Holding,DISNEY WALT CO,,,5516.0,57100.0,,
15912K100,New Holding,CHANGE HEALTHCARE INC,,,2942.0,294500.0,,
15912K100,New Holding,CHANGE HEALTHCARE INC,,,30873.0,3090405.0,,
15912K100,New Holding,CHANGE HEALTHCARE INC,,,19072.0,1909100.0,,
402635304,New Holding,GULFPORT ENERGY CORP,,,189.0,424400.0,,
402635304,New Holding,GULFPORT ENERGY CORP,,,123.0,275600.0,,
278768106,Sold Out,ECHOSTAR CORP,10966.0,253200.0,,,,
278768106,Sold Out,ECHOSTAR CORP,18355.0,423800.0,,,,
02209S103,New Holding,ALTRIA GROUP INC,,,1771.0,45800.0,,
02209S103,New Holding,ALTRIA GROUP INC,,,3836.0,99200.0,,
02209S103,New Holding,ALTRIA GROUP INC,,,6203.0,160400.0,,
10922N103,Not New,BRIGHTHOUSE FINL INC,16016.0,662637.0,1503.0,38300.0,-14513.0,-624337.0
10922N103,Not New,BRIGHTHOUSE FINL INC,16016.0,662637.0,66054.0,1683759.0,50038.0,1021122.0
10922N103,Not New,BRIGHTHOUSE FINL INC,16016.0,662637.0,43941.0,1120078.0,27925.0,457441.0
10922N103,Not New,BRIGHTHOUSE FINL INC,16016.0,662637.0,28711.0,731863.0,12695.0,69226.0
10922N103,Not New,BRIGHTHOUSE FINL INC,30202.0,1249578.0,1503.0,38300.0,-28699.0,-1211278.0
10922N103,Not New,BRIGHTHOUSE FINL INC,30202.0,1249578.0,66054.0,1683759.0,35852.0,434181.0
10922N103,Not New,BRIGHTHOUSE FINL INC,30202.0,1249578.0,43941.0,1120078.0,13739.0,-129500.0
10922N103,Not New,BRIGHTHOUSE FINL INC,30202.0,1249578.0,28711.0,731863.0,-1491.0,-517715.0
10922N103,Not New,BRIGHTHOUSE FINL INC,3809.0,157600.0,1503.0,38300.0,-2306.0,-119300.0
10922N103,Not New,BRIGHTHOUSE FINL INC,3809.0,157600.0,66054.0,1683759.0,62245.0,1526159.0
10922N103,Not New,BRIGHTHOUSE FINL INC,3809.0,157600.0,43941.0,1120078.0,40132.0,962478.0
10922N103,Not New,BRIGHTHOUSE FINL INC,3809.0,157600.0,28711.0,731863.0,24902.0,574263.0
10922N103,Not New,BRIGHTHOUSE FINL INC,37959.0,1570517.0,1503.0,38300.0,-36456.0,-1532217.0
10922N103,Not New,BRIGHTHOUSE FINL INC,37959.0,1570517.0,66054.0,1683759.0,28095.0,113242.0
10922N103,Not New,BRIGHTHOUSE FINL INC,37959.0,1570517.0,43941.0,1120078.0,5982.0,-450439.0
10922N103,Not New,BRIGHTHOUSE FINL INC,37959.0,1570517.0,28711.0,731863.0,-9248.0,-838654.0
163851108,Not New,CHEMOURS CO,10027.0,1130401.0,34946.0,1931800.0,24919.0,801399.0
163851108,Not New,CHEMOURS CO,10027.0,1130401.0,56783.0,3138942.0,46756.0,2008541.0
163851108,Not New,CHEMOURS CO,10027.0,1130401.0,31477.0,1740001.0,21450.0,609600.0
163851108,Not New,CHEMOURS CO,12908.0,1455200.0,34946.0,1931800.0,22038.0,476600.0
163851108,Not New,CHEMOURS CO,12908.0,1455200.0,56783.0,3138942.0,43875.0,1683742.0
163851108,Not New,CHEMOURS CO,12908.0,1455200.0,31477.0,1740001.0,18569.0,284801.0
163851108,Not New,CHEMOURS CO,450.0,50700.0,34946.0,1931800.0,34496.0,1881100.0
163851108,Not New,CHEMOURS CO,450.0,50700.0,56783.0,3138942.0,56333.0,3088242.0
163851108,Not New,CHEMOURS CO,450.0,50700.0,31477.0,1740001.0,31027.0,1689301.0
163851108,Not New,CHEMOURS CO,19933.0,2247248.0,34946.0,1931800.0,15013.0,-315448.0
163851108,Not New,CHEMOURS CO,19933.0,2247248.0,56783.0,3138942.0,36850.0,891694.0
163851108,Not New,CHEMOURS CO,19933.0,2247248.0,31477.0,1740001.0,11544.0,-507247.0
20854L108,Sold Out,CONSOL ENERGY INC NEW,5396.0,371862.0,,,,
20854L108,Sold Out,CONSOL ENERGY INC NEW,58.0,4017.0,,,,
20854L108,Sold Out,CONSOL ENERGY INC NEW,3398.0,234174.0,,,,
392709101,Not New,GREEN BRICK PARTNERS INC,27908.0,3466793.0,89763.0,7819054.0,61855.0,4352261.0
392709101,Not New,GREEN BRICK PARTNERS INC,27908.0,3466793.0,147321.0,12832821.0,119413.0,9366028.0
392709101,Not New,GREEN BRICK PARTNERS INC,27908.0,3466793.0,39799.0,3466793.0,11891.0,0.0
392709101,Not New,GREEN BRICK PARTNERS INC,62943.0,7819054.0,89763.0,7819054.0,26820.0,0.0
392709101,Not New,GREEN BRICK PARTNERS INC,62943.0,7819054.0,147321.0,12832821.0,84378.0,5013767.0
392709101,Not New,GREEN BRICK PARTNERS INC,62943.0,7819054.0,39799.0,3466793.0,-23144.0,-4352261.0
392709101,Not New,GREEN BRICK PARTNERS INC,103304.0,12832821.0,89763.0,7819054.0,-13541.0,-5013767.0
392709101,Not New,GREEN BRICK PARTNERS INC,103304.0,12832821.0,147321.0,12832821.0,44017.0,0.0
392709101,Not New,GREEN BRICK PARTNERS INC,103304.0,12832821.0,39799.0,3466793.0,-63505.0,-9366028.0
N00985106,Not New,AERCAP HOLDINGS NV,3653.0,160300.0,5268.0,85700.0,1615.0,-74600.0
N00985106,Not New,AERCAP HOLDINGS NV,3653.0,160300.0,70939.0,1154043.0,67286.0,993743.0
N00985106,Not New,AERCAP HOLDINGS NV,3653.0,160300.0,1537.0,25000.0,-2116.0,-135300.0
N00985106,Not New,AERCAP HOLDINGS NV,3653.0,160300.0,119008.0,1936026.0,115355.0,1775726.0
N00985106,Not New,AERCAP HOLDINGS NV,26934.0,1181843.0,5268.0,85700.0,-21666.0,-1096143.0
N00985106,Not New,AERCAP HOLDINGS NV,26934.0,1181843.0,70939.0,1154043.0,44005.0,-27800.0
N00985106,Not New,AERCAP HOLDINGS NV,26934.0,1181843.0,1537.0,25000.0,-25397.0,-1156843.0
N00985106,Not New,AERCAP HOLDINGS NV,26934.0,1181843.0,119008.0,1936026.0,92074.0,754183.0
N00985106,Not New,AERCAP HOLDINGS NV,570.0,25000.0,5268.0,85700.0,4698.0,60700.0
N00985106,Not New,AERCAP HOLDINGS NV,570.0,25000.0,70939.0,1154043.0,70369.0,1129043.0
N00985106,Not New,AERCAP HOLDINGS NV,570.0,25000.0,1537.0,25000.0,967.0,0.0
N00985106,Not New,AERCAP HOLDINGS NV,570.0,25000.0,119008.0,1936026.0,118438.0,1911026.0
N00985106,Not New,AERCAP HOLDINGS NV,43391.0,1903948.0,5268.0,85700.0,-38123.0,-1818248.0
N00985106,Not New,AERCAP HOLDINGS NV,43391.0,1903948.0,70939.0,1154043.0,27548.0,-749905.0
N00985106,Not New,AERCAP HOLDINGS NV,43391.0,1903948.0,1537.0,25000.0,-41854.0,-1878948.0
N00985106,Not New,AERCAP HOLDINGS NV,43391.0,1903948.0,119008.0,1936026.0,75617.0,32078.0
37045V100,Sold Out,GENERAL MTRS CO,17788.0,486000.0,,,,
37045V100,Sold Out,GENERAL MTRS CO,79543.0,2173302.0,,,,
37045V100,Sold Out,GENERAL MTRS CO,1581.0,43200.0,,,,
37045V100,Sold Out,GENERAL MTRS CO,126351.0,3452200.0,,,,
38141G104,New Holding,GOLDMAN SACHS GROUP INC,,,3463.0,22400.0,,
38141G104,New Holding,GOLDMAN SACHS GROUP INC,,,5612.0,36300.0,,
38141G104,New Holding,GOLDMAN SACHS GROUP INC,,,1608.0,10400.0,,
88160R101,New Holding,TESLA INC,,,5712.0,10900.0,,
235851102,New Holding,DANAHER CORPORATION,,,3460.0,25000.0,,
235851102,New Holding,DANAHER CORPORATION,,,5578.0,40300.0,,
235851102,New Holding,DANAHER CORPORATION,,,1592.0,11500.0,,
12653C108,Not New,CNX RESOURCES CORPORATION,15351.0,2885606.0,19628.0,2217806.0,4277.0,-667800.0
12653C108,Not New,CNX RESOURCES CORPORATION,15351.0,2885606.0,155.0,17500.0,-15196.0,-2868106.0
12653C108,Not New,CNX RESOURCES CORPORATION,15351.0,2885606.0,32276.0,3646955.0,16925.0,761349.0
12653C108,Not New,CNX RESOURCES CORPORATION,93.0,17500.0,19628.0,2217806.0,19535.0,2200306.0
12653C108,Not New,CNX RESOURCES CORPORATION,93.0,17500.0,155.0,17500.0,62.0,0.0
12653C108,Not New,CNX RESOURCES CORPORATION,93.0,17500.0,32276.0,3646955.0,32183.0,3629455.0
12653C108,Not New,CNX RESOURCES CORPORATION,23682.0,4451462.0,19628.0,2217806.0,-4054.0,-2233656.0
12653C108,Not New,CNX RESOURCES CORPORATION,23682.0,4451462.0,155.0,17500.0,-23527.0,-4433962.0
12653C108,Not New,CNX RESOURCES CORPORATION,23682.0,4451462.0,32276.0,3646955.0,8594.0,-804507.0
12653C108,Not New,CNX RESOURCES CORPORATION,183.0,34355.0,19628.0,2217806.0,19445.0,2183451.0
12653C108,Not New,CNX RESOURCES CORPORATION,183.0,34355.0,155.0,17500.0,-28.0,-16855.0
12653C108,Not New,CNX RESOURCES CORPORATION,183.0,34355.0,32276.0,3646955.0,32093.0,3612600.0
228368106,New Holding,CROWN HLDGS INC,,,4022.0,69300.0,,
228368106,New Holding,CROWN HLDGS INC,,,6512.0,112200.0,,
228368106,New Holding,CROWN HLDGS INC,,,1857.0,32000.0,,
G0084W101,Not New,ADIENT PLC,5673.0,625500.0,17999.0,847000.0,12326.0,221500.0
G0084W101,Not New,ADIENT PLC,5673.0,625500.0,28594.0,1345587.0,22921.0,720087.0
G0084W101,Not New,ADIENT PLC,5673.0,625500.0,6843.0,322000.0,1170.0,-303500.0
G0084W101,Not New,ADIENT PLC,8739.0,963506.0,17999.0,847000.0,9260.0,-116506.0
G0084W101,Not New,ADIENT PLC,8739.0,963506.0,28594.0,1345587.0,19855.0,382081.0
G0084W101,Not New,ADIENT PLC,8739.0,963506.0,6843.0,322000.0,-1896.0,-641506.0
G0084W101,Not New,ADIENT PLC,2407.0,265400.0,17999.0,847000.0,15592.0,581600.0
G0084W101,Not New,ADIENT PLC,2407.0,265400.0,28594.0,1345587.0,26187.0,1080187.0
G0084W101,Not New,ADIENT PLC,2407.0,265400.0,6843.0,322000.0,4436.0,56600.0
584688105,Sold Out,MEDICINES CO,11824.0,139200.0,,,,
584688105,Sold Out,MEDICINES CO,7704.0,90700.0,,,,
084670702,New Holding,BERKSHIRE HATHAWAY INC DEL,,,5521.0,30200.0,,
084670702,New Holding,BERKSHIRE HATHAWAY INC DEL,,,1572.0,8600.0,,
084670702,New Holding,BERKSHIRE HATHAWAY INC DEL,,,3419.0,18700.0,,
