CUSIP,status,NAME OF ISSUER,(x$1000)_old,PRN AMT_old,(x$1000),PRN AMT,(x$1000)_change,PRN AMT_change
22304C100,Sold Out,COVETRUS INC,5149.0,632521.0,,,,
81141R100,Not New,SEA LTD,185244.0,1727380.0,58660.0,1323864.0,-126584.0,-403516.0
79466L302,Not New,SALESFORCE COM INC,401910.0,2145463.0,504927.0,3506928.0,103017.0,1361465.0
372303206,Not New,GENMAB A/S,19490.0,575086.0,17820.0,840985.0,-1670.0,265899.0
00650F109,Not New,ADAPTIVE BIOTECHNOLOGIES COR,1620426.0,33493708.0,930455.0,33493708.0,-689971.0,0.0
04621X108,Not New,ASSURANT INC,291926.0,2826277.0,223627.0,2148405.0,-68299.0,-677872.0
29415F104,New Holding,ENVISTA HOLDINGS CORPORATION,,,95418.0,4524346.0,,
81762P102,Sold Out,SERVICENOW INC,191577.0,668493.0,,,,
60855R100,Not New,MOLINA HEALTHCARE INC,180413.0,1013668.0,190739.0,1365252.0,10326.0,351584.0
15135B101,Not New,CENTENE CORP DEL,1023573.0,16106578.0,964257.0,16230552.0,-59316.0,123974.0
101137107,Not New,BOSTON SCIENTIFIC CORP,648035.0,18457273.0,1038163.0,31816197.0,390128.0,13358924.0
824348106,New Holding,SHERWIN WILLIAMS CO,,,229889.0,397835.0,,
036752103,Sold Out,ANTHEM INC,411086.0,1810632.0,,,,
83192H106,Sold Out,SMILEDIRECTCLUB INC,10666.0,2283972.0,,,,
98943L107,New Holding,ZENTALIS PHARMACEUTICALS INC,,,213366.0,4443284.0,,
00187Y100,New Holding,API GROUP CORP,,,405000.0,33333333.0,,
02079K305,Sold Out,ALPHABET INC,363898.0,313179.0,,,,
12572Q105,Not New,CME GROUP INC,78455.0,482679.0,294288.0,1701973.0,215833.0,1219294.0
517834107,Not New,LAS VEGAS SANDS CORP,506648.0,11125343.0,131418.0,3094371.0,-375230.0,-8030972.0
45687V106,Not New,INGERSOLL RAND INC,286724.0,10196427.0,297903.0,12012233.0,11179.0,1815806.0
98138H101,Not New,WORKDAY INC,279332.0,1490882.0,320599.0,2461978.0,41267.0,971096.0
531229854,Not New,LIBERTY MEDIA CORP DEL,60994.0,1923501.0,52377.0,1923501.0,-8617.0,0.0
548661107,Not New,LOWES COS INC,231104.0,1710360.0,470706.0,5470144.0,239602.0,3759784.0
363576109,Sold Out,GALLAGHER ARTHUR J & CO,94450.0,1158751.0,,,,
020002101,New Holding,ALLSTATE CORP,,,171631.0,1769570.0,,
01609W102,New Holding,ALIBABA GROUP HLDG LTD,,,150027.0,695536.0,,
58733R102,Not New,MERCADOLIBRE INC,68357.0,69344.0,190197.0,389285.0,121840.0,319941.0
872590104,Not New,T-MOBILE US INC,395723.0,3799550.0,105201.0,1253880.0,-290522.0,-2545670.0
29261A100,Not New,ENCOMPASS HEALTH CORP,165825.0,2677612.0,92597.0,1446151.0,-73228.0,-1231461.0
594918104,Not New,MICROSOFT CORP,755159.0,3710674.0,772832.0,4900338.0,17673.0,1189664.0
693656100,New Holding,PVH CORPORATION,,,73179.0,1522984.0,,
G7709Q104,New Holding,ROYALTY PHARMA PLC,,,122103.0,2514985.0,,
43300A203,New Holding,HILTON WORLDWIDE HLDGS INC,,,534162.0,7272455.0,,
67103H107,Sold Out,O REILLY AUTOMOTIVE INC NEW,201505.0,669339.0,,,,
00846U101,Sold Out,AGILENT TECHNOLOGIES INC,199782.0,2789478.0,,,,
15912K100,Not New,CHANGE HEALTHCARE INC,48462.0,4326999.0,127645.0,12777239.0,79183.0,8450240.0
655844108,Sold Out,NORFOLK SOUTHERN CORP,258102.0,1767825.0,,,,
016255101,New Holding,ALIGN TECHNOLOGY INC,,,148017.0,539343.0,,
926613100,Not New,VIELA BIO INC,45443.0,1049000.0,47500.0,1250000.0,2057.0,201000.0
03272L108,Not New,ANAPLAN INC,260389.0,5746829.0,3532.0,116722.0,-256857.0,-5630107.0
G3223R108,New Holding,EVEREST RE GROUP LTD,,,86238.0,418223.0,,
G5494J103,New Holding,LINDE PLC,,,170472.0,803694.0,,
46625H100,Not New,JPMORGAN CHASE & CO,603064.0,6411486.0,367801.0,4085317.0,-235263.0,-2326169.0
H1467J104,Not New,CHUBB LIMITED,278821.0,2202033.0,102592.0,918541.0,-176229.0,-1283492.0
90353T100,Not New,UBER TECHNOLOGIES INC,511914.0,16470839.0,732236.0,26226216.0,220322.0,9755377.0
125523100,Not New,CIGNA CORP NEW,553501.0,2949644.0,451447.0,2547958.0,-102054.0,-401686.0
05352A100,Not New,AVANTOR INC,93081.0,5475379.0,125535.0,10050838.0,32454.0,4575459.0
30303M102,Sold Out,FACEBOOK INC,335122.0,2009125.0,,,,
20030N101,Not New,COMCAST CORP NEW,1111853.0,28523676.0,615498.0,17902783.0,-496355.0,-10620893.0
023135106,Not New,AMAZON COM INC,1690842.0,612886.0,1715935.0,880093.0,25093.0,267207.0
872540109,New Holding,TJX COS INC NEW,,,76850.0,1519986.0,,
00851L103,New Holding,AGORA INC,,,17668.0,400000.0,,
60877T100,New Holding,MOMENTA PHARMACEUTICALS INC,,,31481.0,946220.0,,
237194105,New Holding,DARDEN RESTAURANTS INC,,,226676.0,2991636.0,,
032654105,New Holding,ANALOG DEVICES INC,,,240367.0,1959943.0,,
10806X102,Not New,BRIDGEBIO PHARMA INC,868111.0,26620991.0,772009.0,26620991.0,-96102.0,0.0
G0408V102,Sold Out,AON PLC,378027.0,2290520.0,,,,
110122157,Not New,BRISTOL-MYERS SQUIBB CO,67906.0,18968019.0,74629.0,19639201.0,6723.0,671182.0
47215P106,Not New,JD.COM INC,497476.0,8266459.0,763768.0,18858480.0,266292.0,10592021.0
G46188101,Not New,HORIZON THERAPEUTICS PUB LTD,81781.0,1471419.0,58981.0,1991270.0,-22800.0,519851.0
595112103,Not New,MICRON TECHNOLOGY INC,174794.0,3392745.0,282293.0,6711669.0,107499.0,3318924.0
31620M106,Not New,FIDELITY NATL INFORMATION SV,900283.0,6714021.0,462177.0,3799548.0,-438106.0,-2914473.0
126408103,Sold Out,CSX CORP,48372.0,844182.0,,,,
615369105,New Holding,MOODYS CORP,,,268507.0,977348.0,,
40131M109,Not New,GUARDANT HEALTH INC,248921.0,3068173.0,264372.0,3798450.0,15451.0,730277.0
67020Y100,New Holding,NUANCE COMMUNICATIONS INC,,,323893.0,12799556.0,,
G0403H108,New Holding,AON PLC,,,569331.0,2956029.0,,
92826C839,Not New,VISA INC,31852.0,164889.0,69299.0,430109.0,37447.0,265220.0
34959J108,Not New,FORTIVE CORP,592705.0,8760046.0,519708.0,9416697.0,-72997.0,656651.0
883556102,New Holding,THERMO FISHER SCIENTIFIC INC,,,628350.0,1734144.0,,
60770K107,Sold Out,MODERNA INC,29797.0,994886.0,,,,
025816109,Not New,AMERICAN EXPRESS CO,999362.0,10497498.0,332020.0,3878280.0,-667342.0,-6619218.0
216648402,Not New,COOPER COS INC,98004.0,345523.0,120464.0,436986.0,22460.0,91463.0
N90064101,New Holding,UNIQURE NV,,,2812.0,62396.0,,
135086106,Sold Out,CANADA GOOSE HOLDINGS INC,27716.0,1393448.0,,,,
30063P105,Not New,EXACT SCIENCES CORP,189750.0,2182534.0,140799.0,2427570.0,-48951.0,245036.0
28106W103,Not New,EDITAS MEDICINE INC,12217.0,413000.0,10157.0,512179.0,-2060.0,99179.0
09857L108,Not New,BOOKING HOLDINGS INC,322842.0,202747.0,251500.0,186944.0,-71342.0,-15803.0
743315103,Sold Out,PROGRESSIVE CORP OHIO,154239.0,2088830.0,,,,
595017104,Sold Out,MICROCHIP TECHNOLOGY INC,27679.0,408240.0,,,,
235851102,New Holding,DANAHER CORPORATION,,,159842.0,903929.0,,
002120202,Not New,ATYR PHARMA INC,2608.0,587444.0,1645.0,587444.0,-963.0,0.0
148806102,Not New,CATALENT INC,109488.0,1493703.0,100675.0,1937928.0,-8813.0,444225.0
64110L106,Not New,NETFLIX INC,162244.0,356549.0,998547.0,2659247.0,836303.0,2302698.0
92220P105,Not New,VARIAN MED SYS INC,44821.0,365827.0,89018.0,867110.0,44197.0,501283.0
09061G101,Sold Out,BIOMARIN PHARMACEUTICAL INC,122831.0,1453625.0,,,,
09627Y109,Not New,BLUEPRINT MEDICINES CORP,127118.0,1629716.0,93595.0,1600467.0,-33523.0,-29249.0
872590112,New Holding,T-MOBILE US INC,,,302.0,1799550.0,,
701094104,New Holding,PARKER HANNIFIN CORP,,,264421.0,1442793.0,,
