CUSIP,status,NAME OF ISSUER,(x$1000)_old,PRN AMT_old,(x$1000),PRN AMT,(x$1000)_change,PRN AMT_change
747798106,New Holding,QUDIAN INC,,,16930.0,1350114.0,,
79466L302,Not New,SALESFORCE COM INC,233805.0,2287053.0,335838.0,3594930.0,102033.0,1307877.0
893641100,New Holding,TRANSDIGM GROUP INC,,,157994.0,575317.0,,
25278X109,New Holding,DIAMONDBACK ENERGY INC,,,78139.0,618923.0,,
60855R100,Not New,MOLINA HEALTHCARE INC,128272.0,1672822.0,133890.0,1947207.0,5618.0,274385.0
762760106,Sold Out,RICE ENERGY INC,210354.0,7268612.0,,,,
891160509,Not New,TORONTO DOMINION BK ONT,521360.0,8898168.0,542804.0,9641054.0,21444.0,742886.0
036752103,Not New,ANTHEM INC,570980.0,2537576.0,165853.0,873464.0,-405127.0,-1664112.0
13089P101,Not New,CALITHERA BIOSCIENCES INC,13725.0,1643681.0,41336.0,2624533.0,27611.0,980852.0
002120103,Not New,ATYR PHARMA INC,4845.0,1384300.0,8978.0,1777784.0,4133.0,393484.0
02079K305,Not New,ALPHABET INC,1045620.0,992614.0,1436456.0,1475225.0,390836.0,482611.0
670704105,Not New,NUVASIVE INC,104773.0,1791291.0,121832.0,2196752.0,17059.0,405461.0
651229106,Sold Out,NEWELL BRANDS INC,114441.0,2682011.0,,,,
84652J103,Sold Out,SPARK THERAPEUTICS INC,21678.0,243140.0,,,,
47738D101,New Holding,JIANPU TECHNOLOGY INC,,,16963.0,2617818.0,,
526057302,New Holding,LENNAR CORP,,,6200.0,119978.0,,
339041105,Sold Out,FLEETCOR TECHNOLOGIES INC,156959.0,1014142.0,,,,
G50871105,Not New,JAZZ PHARMACEUTICALS PLC,121365.0,901337.0,175129.0,1197466.0,53764.0,296129.0
531229854,Not New,LIBERTY MEDIA CORP DELAWARE,410359.0,12012852.0,457080.0,12000000.0,46721.0,-12852.0
548661107,New Holding,LOWES COS INC,,,47815.0,514470.0,,
931427108,Sold Out,WALGREENS BOOTS ALLIANCE INC,37452.0,485000.0,,,,
05366U100,Not New,AVEXIS INC,52938.0,478338.0,57202.0,591360.0,4264.0,113022.0
693718108,New Holding,PACCAR INC,,,80152.0,1127627.0,,
74978Q105,New Holding,RSP PERMIAN INC,,,46798.0,1150398.0,,
Y09827109,Not New,BROADCOM LTD,633730.0,2466836.0,522899.0,2155930.0,-110831.0,-310906.0
594918104,Not New,MICROSOFT CORP,757412.0,8854482.0,751421.0,10087538.0,-5991.0,1233056.0
747525103,New Holding,QUALCOMM INC,,,38725.0,604892.0,,
032511107,Sold Out,ANADARKO PETE CORP,151812.0,3107713.0,,,,
294429105,Not New,EQUIFAX INC,275550.0,2336753.0,57002.0,537806.0,-218548.0,-1798947.0
887317303,New Holding,TIME WARNER INC,,,420390.0,4595932.0,,
016255101,Not New,ALIGN TECHNOLOGY INC,120545.0,542532.0,108403.0,581967.0,-12142.0,39435.0
40415F101,Not New,HDFC BANK LTD,67187.0,660838.0,55459.0,575483.0,-11728.0,-85355.0
907818108,New Holding,UNION PAC CORP,,,39095.0,291533.0,,
57636Q104,Sold Out,MASTERCARD INCORPORATED,303623.0,2150301.0,,,,
H1467J104,Sold Out,CHUBB LIMITED,9012.0,63218.0,,,,
90130A101,Sold Out,TWENTY FIRST CENTY FOX INC,270220.0,10243384.0,,,,
526057104,Not New,LENNAR CORP,473397.0,7485715.0,502188.0,9511145.0,28791.0,2025430.0
913017109,Not New,UNITED TECHNOLOGIES CORP,760721.0,5963163.0,485076.0,4178808.0,-275645.0,-1784355.0
30303M102,Not New,FACEBOOK INC,681165.0,3860165.0,751772.0,4399672.0,70607.0,539507.0
23331A109,Sold Out,D R HORTON INC,61082.0,1529716.0,,,,
023135106,Not New,AMAZON COM INC,606043.0,518220.0,384297.0,399747.0,-221746.0,-118473.0
244199105,Sold Out,DEERE & CO,385740.0,3071419.0,,,,
24906P109,Not New,DENTSPLY SIRONA INC,355331.0,5397707.0,212536.0,3553517.0,-142795.0,-1844190.0
018581108,New Holding,ALLIANCE DATA SYSTEMS CORP,,,3621.0,14286.0,,
701877102,Not New,PARSLEY ENERGY INC,534183.0,18144801.0,208055.0,7898810.0,-326128.0,-10245991.0
G51502105,Sold Out,JOHNSON CTLS INTL PLC,40442.0,1003761.0,,,,
03524A108,Not New,ANHEUSER BUSCH INBEV SA/NV,318636.0,2856181.0,187197.0,1569126.0,-131439.0,-1287055.0
127097103,Sold Out,CABOT OIL & GAS CORP,108741.0,4065094.0,,,,
608190104,Not New,MOHAWK INDS INC,33980.0,123161.0,37366.0,150969.0,3386.0,27808.0
91324P102,Not New,UNITEDHEALTH GROUP INC,328231.0,1488844.0,412131.0,2104322.0,83900.0,615478.0
060505104,Sold Out,BANK AMER CORP,185851.0,7334276.0,,,,
24344T101,Not New,DECIPHERA PHARMACEUTICALS IN,54286.0,2394625.0,47314.0,2491542.0,-6972.0,96917.0
47215P106,Sold Out,JD COM INC,134577.0,3522966.0,,,,
571748102,New Holding,MARSH & MCLENNAN COS INC,,,39335.0,483287.0,,
89417E109,New Holding,TRAVELERS COMPANIES INC,,,67245.0,495762.0,,
25754A201,Not New,DOMINOS PIZZA INC,388968.0,2058468.0,71238.0,358790.0,-317730.0,-1699678.0
012653101,Sold Out,ALBEMARLE CORP,73075.0,536095.0,,,,
723787107,New Holding,PIONEER NAT RES CO,,,18005.0,104166.0,,
92343V104,Sold Out,VERIZON COMMUNICATIONS INC,183661.0,3711065.0,,,,
92826C839,Not New,VISA INC,869258.0,7623731.0,1075596.0,10220406.0,206338.0,2596675.0
883556102,New Holding,THERMO FISHER SCIENTIFIC INC,,,154660.0,814517.0,,
82481R106,Sold Out,SHIRE PLC,79738.0,520685.0,,,,
052769106,Not New,AUTODESK INC,429177.0,4094027.0,272721.0,2429369.0,-156456.0,-1664658.0
292505104,Not New,ENCANA CORP,1244820.0,93384875.0,1100074.0,93384875.0,-144746.0,0.0
00289Y107,Not New,ABEONA THERAPEUTICS INC,64046.0,4040727.0,38170.0,2238720.0,-25876.0,-1802007.0
949746101,Not New,WELLS FARGO CO NEW,323857.0,5338016.0,104669.0,1897895.0,-219188.0,-3440121.0
13645T100,Not New,CANADIAN PAC RY LTD,442955.0,2423698.0,576293.0,3429705.0,133338.0,1006007.0
26884L109,Not New,EQT CORP,131066.0,2302644.0,162260.0,2487125.0,31194.0,184481.0
28106W103,Not New,EDITAS MEDICINE INC,52530.0,1709401.0,41043.0,1709401.0,-11487.0,0.0
64110W102,New Holding,NETEASE INC,,,339240.0,983105.0,,
743315103,New Holding,PROGRESSIVE CORP OHIO,,,55771.0,990261.0,,
36197T103,Not New,GW PHARMACEUTICALS PLC,27969.0,211869.0,71434.0,703856.0,43465.0,491987.0
754730109,Not New,RAYMOND JAMES FINANCIAL INC,425072.0,4760050.0,269918.0,3200735.0,-155154.0,-1559315.0
534187109,Not New,LINCOLN NATL CORP IND,167801.0,2182923.0,73157.0,995600.0,-94644.0,-1187323.0
45329R109,New Holding,INC RESH HLDGS INC,,,67951.0,1558512.0,,
64110L106,Not New,NETFLIX INC,716206.0,3731016.0,711136.0,3921345.0,-5070.0,190329.0
913903100,Not New,UNIVERSAL HLTH SVCS INC,76393.0,673955.0,132450.0,1193887.0,56057.0,519932.0
701094104,Sold Out,PARKER HANNIFIN CORP,15967.0,91228.0,,,,
