CUSIP,status,NAME OF ISSUER,(x$1000)_old,PRN AMT_old,(x$1000),PRN AMT,(x$1000)_change,PRN AMT_change
N71542109,Not New,PROQR THRAPEUTICS N V,9924.0,595307.0,8936.0,408408.0,-988.0,-186899.0
Y0486S104,New Holding,AVAGO TECHNOLOGIES LTD,,,633945.0,4769014.0,,
893641100,New Holding,TRANSDIGM GROUP INC,,,102938.0,458176.0,,
03076C106,New Holding,AMERIPRISE FINL INC,,,201730.0,1614743.0,,
91911K102,Not New,VALEANT PHARMACEUTICALS INTL,1025608.0,4616738.0,806068.0,4058343.0,-219540.0,-558395.0
036752103,New Holding,ANTHEM INC,,,312966.0,1906701.0,,
172967424,Not New,CITIGROUP INC,162256.0,2937290.0,466367.0,9052145.0,304111.0,6114855.0
966387102,New Holding,WHITING PETE CORP NEW,,,290755.0,8653431.0,,
29413U103,Not New,ENVISION HEALTHCARE HLDGS IN,485749.0,12303668.0,262757.0,6851544.0,-222992.0,-5452124.0
G0177J108,New Holding,ALLERGAN PLC,,,2064752.0,6804034.0,,
40412C101,Sold Out,HCA HOLDINGS INC,76480.0,1016617.0,,,,
931427108,Not New,WALGREENS BOOTS ALLIANCE INC,2079345.0,24625113.0,1236557.0,14602703.0,-842788.0,-10022410.0
020002101,New Holding,ALLSTATE CORP,,,92977.0,1433280.0,,
49803L109,New Holding,KITE PHARMA INC,,,41297.0,677334.0,,
N6596X109,Not New,NXP SEMICONDUCTORS N V,139253.0,1418054.0,441807.0,4402222.0,302554.0,2984168.0
524901105,Not New,LEGG MASON INC,131353.0,2549058.0,142260.0,2577175.0,10907.0,28117.0
01609W102,Not New,ALIBABA GROUP HLDG LTD,497049.0,6041685.0,578074.0,6944666.0,81025.0,902981.0
058498106,New Holding,BALL CORP,,,128570.0,1832789.0,,
23918K108,Not New,DAVITA HEALTHCARE PARTNERS I,394851.0,4968551.0,517171.0,6362827.0,122320.0,1394276.0
026874784,Not New,AMERICAN INTL GROUP INC,81281.0,1314809.0,462538.0,8442018.0,381257.0,7127209.0
452327109,Not New,ILLUMINA INC,1085021.0,4968956.0,1579183.0,8506696.0,494162.0,3537740.0
00817Y108,New Holding,AETNA INC NEW,,,394820.0,3097599.0,,
532457108,Sold Out,LILLY ELI & CO,101616.0,1398711.0,,,,
16411R208,Not New,CHENIERE ENERGY INC,784327.0,11324392.0,1195641.0,15447556.0,411314.0,4123164.0
43300A104,Sold Out,HILTON WORLDWIDE HLDGS INC,203024.0,6854286.0,,,,
N53745100,Not New,LYONDELLBASELL INDUSTRIES N,1110395.0,10726384.0,677458.0,7715926.0,-432937.0,-3010458.0
983793100,Sold Out,XPO LOGISTICS INC,39665.0,872332.0,,,,
74906P104,Not New,QUNAR CAYMAN IS LTD,108496.0,2531989.0,41685.0,1010537.0,-66811.0,-1521452.0
57636Q104,Not New,MASTERCARD INC,768284.0,8218696.0,713983.0,8264648.0,-54301.0,45952.0
609207105,Sold Out,MONDELEZ INTL INC,865066.0,23969688.0,,,,
256746108,Sold Out,DOLLAR TREE INC,97249.0,1198457.0,,,,
111320107,Sold Out,BROADCOM CORP,131969.0,3048145.0,,,,
90130A101,New Holding,TWENTY FIRST CENTY FOX INC,,,263399.0,8093383.0,,
485170302,Not New,KANSAS CITY SOUTHERN,438092.0,4803641.0,696511.0,6823185.0,258419.0,2019544.0
38259P508,Not New,GOOGLE INC,1477632.0,2736152.0,908848.0,1638449.0,-568784.0,-1097703.0
59156R108,Not New,METLIFE INC,659582.0,11780357.0,336838.0,6663463.0,-322744.0,-5116894.0
444859102,Not New,HUMANA INC,613404.0,3206839.0,245709.0,1380231.0,-367695.0,-1826608.0
92532F100,Not New,VERTEX PHARMACEUTICALS INC,222904.0,1805186.0,208825.0,1770150.0,-14079.0,-35036.0
G5785G107,Not New,MALLINCKRODT PUB LTD CO,637533.0,5415671.0,448003.0,3537330.0,-189530.0,-1878341.0
416515104,Sold Out,HARTFORD FINL SVCS GROUP INC,118279.0,2828276.0,,,,
756207106,Not New,RECEPTOS INC,219869.0,1156900.0,156823.0,951078.0,-63046.0,-205822.0
023135106,New Holding,AMAZON COM INC,,,990837.0,2282561.0,,
244199105,New Holding,DEERE & CO,,,25231.0,259975.0,,
125509109,New Holding,CIGNA CORPORATION,,,472200.0,2914815.0,,
74734M109,Sold Out,QIHOO 360 TECHNOLOGY CO LTD,21453.0,419000.0,,,,
015351109,New Holding,ALEXION PHARMACEUTICALS INC,,,36471.0,201756.0,,
58155Q103,New Holding,MCKESSON CORP,,,140634.0,625568.0,,
G29183103,Sold Out,EATON CORP PLC,127607.0,1878235.0,,,,
608190104,Not New,MOHAWK INDS INC,822991.0,4311113.0,815639.0,4391058.0,-7352.0,79945.0
94419L101,Sold Out,WAYFAIR INC,36440.0,1134506.0,,,,
053774105,Not New,AVIS BUDGET GROUP,190442.0,4320377.0,166850.0,2827251.0,-23592.0,-1493126.0
22943F100,Not New,CTRIP COM INTL LTD,418619.0,5764514.0,247546.0,4222894.0,-171073.0,-1541620.0
G0408V102,Not New,AON PLC,190682.0,1912946.0,82064.0,853761.0,-108618.0,-1059185.0
009158106,Not New,AIR PRODS & CHEMS INC,808080.0,5905719.0,1187331.0,7848566.0,379251.0,1942847.0
595112103,Sold Out,MICRON TECHNOLOGY INC,844993.0,31146060.0,,,,
09062X103,New Holding,BIOGEN INC,,,207401.0,513444.0,,
38259P706,Not New,GOOGLE INC,597311.0,1147549.0,460970.0,841187.0,-136341.0,-306362.0
22822V101,Not New,CROWN CASTLE INTL CORP NEW,444087.0,5530352.0,375835.0,4553370.0,-68252.0,-976982.0
723787107,Not New,PIONEER NAT RES CO,886403.0,6391252.0,949863.0,5809207.0,63460.0,-582045.0
883556102,Not New,THERMO FISHER SCIENTIFIC INC,26929.0,207527.0,474467.0,3531837.0,447538.0,3324310.0
81211K100,Not New,SEALED AIR CORP NEW,658590.0,12818029.0,659491.0,14475213.0,901.0,1657184.0
064058100,Not New,BANK NEW YORK MELLON CORP,353106.0,8413291.0,447127.0,11111499.0,94021.0,2698208.0
881624209,Sold Out,TEVA PHARMACEUTICAL INDS LTD,14242.0,228600.0,,,,
85590A401,Sold Out,STARWOOD HOTELS&RESORTS WRLD,260847.0,3123917.0,,,,
025816109,Sold Out,AMERICAN EXPRESS CO,232254.0,2973038.0,,,,
216648402,New Holding,COOPER COS INC,,,48686.0,273563.0,,
13645T100,Not New,CANADIAN PAC RY LTD,845405.0,5276195.0,1130400.0,6187194.0,284995.0,910999.0
50076Q106,Sold Out,KRAFT FOODS GROUP INC,119400.0,1370602.0,,,,
H8817H100,Sold Out,TRANSOCEAN LTD,47949.0,3268500.0,,,,
056752108,Not New,BAIDU INC,255908.0,1285451.0,507228.0,2433916.0,251320.0,1148465.0
136375102,Sold Out,CANADIAN NATL RY CO,420058.0,6281715.0,,,,
14040H105,Not New,CAPITAL ONE FINL CORP,102273.0,1162593.0,139249.0,1766676.0,36976.0,604083.0
02319V103,Sold Out,AMBEV SA,193423.0,33580314.0,,,,
29664W105,Not New,ESPERION THERAPEUTICS INC NE,114064.0,1395107.0,12679.0,136919.0,-101385.0,-1258188.0
G0083B108,Sold Out,ACTAVIS PLC,1817130.0,6105536.0,,,,
913903100,New Holding,UNIVERSAL HLTH SVCS INC,,,173468.0,1220743.0,,
872590104,Sold Out,T MOBILE US INC,253358.0,7994880.0,,,,
