CUSIP,status,NAME OF ISSUER,(x$1000)_old,PRN AMT_old,(x$1000),PRN AMT,(x$1000)_change,PRN AMT_change
22357R103,New Holding,COVISINT CORP,,,2597.0,980043.0,,
018490102,Not New,ALLERGAN INC,19330.0,90925.0,23072.0,129482.0,3742.0,38557.0
112463104,New Holding,BROOKDALE SR LIVING INC,,,68414.0,1865671.0,,
74733V100,Not New,QEP RES INC,17440.0,862517.0,26548.0,862517.0,9108.0,0.0
87425E103,New Holding,TALISMAN ENERGY INC,,,16221.0,2071630.0,,
G9019D104,Sold Out,TRAVELPORT WORLDWIDE LTD,823.0,50000.0,,,,
044102101,Not New,ASHFORD HOSPITALITY PRIME IN,11875.0,692045.0,10540.0,692045.0,-1335.0,0.0
82481R106,Sold Out,SHIRE PLC,34366.0,132663.0,,,,
044209104,Not New,ASHLAND INC NEW,18458.0,154124.0,12921.0,124124.0,-5537.0,-30000.0
05348P401,New Holding,AVANIR PHARMACEUTICALS INC,,,12691.0,748730.0,,
87311L104,Sold Out,TW TELECOM INC,33806.0,812450.0,,,,
05334D107,New Holding,AUXILIUM PHARMACEUTICALS INC,,,22883.0,665500.0,,
02005N100,Sold Out,ALLY FINL INC,3702.0,160000.0,,,,
743674103,New Holding,PROTECTIVE LIFE CORP,,,15650.0,224702.0,,
25490A309,Not New,DIRECTV,47737.0,550600.0,47638.0,550600.0,-99.0,0.0
59001K100,Not New,MERITOR INC,43719.0,2885723.0,36736.0,3385765.0,-6983.0,500042.0
87264S106,Not New,TRW AUTOMOTIVE HLDGS CORP,26549.0,258134.0,23109.0,228234.0,-3440.0,-29900.0
229678107,New Holding,CUBIST PHARMACEUTICALS INC,,,23298.0,231475.0,,
81663A105,Not New,SEMIGROUP CORP,30483.0,445718.0,37115.0,445718.0,6632.0,0.0
88632Q103,Sold Out,TIBCO SOFTWARE INC,19967.0,845000.0,,,,
096761101,Not New,BOB EVANS FARMS INC,82951.0,1620779.0,639.0,13500.0,-82312.0,-1607279.0
096761101,Not New,BOB EVANS FARMS INC,82951.0,1620779.0,72366.0,1528635.0,-10585.0,-92144.0
096761101,Not New,BOB EVANS FARMS INC,12866.0,251400.0,639.0,13500.0,-12227.0,-237900.0
096761101,Not New,BOB EVANS FARMS INC,12866.0,251400.0,72366.0,1528635.0,59500.0,1277235.0
768573107,New Holding,RIVERBED TECHNOLOGY INC,,,25836.0,1265844.0,,
887399103,Not New,TIMKENSTEEL CORP,14589.0,393973.0,12947.0,278487.0,-1642.0,-115486.0
02554F300,Not New,AMERICAN EAGLE ENERGY CORP,929.0,1491961.0,6072.0,1491961.0,5143.0,0.0
587118100,Not New,MENS WEARHOUSE INC,15079.0,341540.0,16128.0,341540.0,1049.0,0.0
82735Q102,Sold Out,SILVER BAY RLTY TR CORP,2263.0,139604.0,,,,
G9456A100,Not New,GOLAR LNG LTD BERMUDA,13208.0,362171.0,21364.0,321741.0,8156.0,-40430.0
92839U206,Not New,VISTEON CORP,50670.0,474171.0,34096.0,350601.0,-16574.0,-123570.0
868536103,Not New,SUPERVALU INC,31693.0,3267320.0,29210.0,3267320.0,-2483.0,0.0
86732Y109,Not New,SUNEDISON INC,22782.0,1167705.0,22046.0,1167705.0,-736.0,0.0
37045V100,Not New,GENERAL MTRS CO,93413.0,2675800.0,680.0,21300.0,-92733.0,-2654500.0
37045V100,Not New,GENERAL MTRS CO,93413.0,2675800.0,15558.0,487110.0,-77855.0,-2188690.0
307000109,Not New,FAMILY DLR STORES INC,38183.0,482049.0,49283.0,638049.0,11100.0,156000.0
89353D107,Sold Out,TRANSCANADA CORP,36749.0,713508.0,,,,
02376R102,New Holding,AMERICAN AIRLS GROUP INC,,,536.0,10000.0,,
206708109,Sold Out,CONCUR TECHNOLOGIES INC,19987.0,157600.0,,,,
984332106,Not New,YAHOO INC,32866.0,650690.0,7213.0,177000.0,-25653.0,-473690.0
093671105,Not New,BLOCK H & R INC,29747.0,883233.0,27389.0,883233.0,-2358.0,0.0
037411105,Not New,APACHE CORP,602.0,9600.0,901.0,9600.0,299.0,0.0
231082108,Not New,CUMULUS MEDIA INC,18109.0,4281118.0,11460.0,2843565.0,-6649.0,-1437553.0
826552101,Not New,SIGMA ALDRICH CORP,22719.0,165503.0,16798.0,123503.0,-5921.0,-42000.0
436440101,Sold Out,HOLOGIC INC,17841.0,733309.0,,,,
46612J507,Not New,JDS UNIPHASE CORP,26773.0,1951390.0,41404.0,3234694.0,14631.0,1283304.0
205638109,Sold Out,COMPUWARE CORP,74139.0,6987616.0,,,,
261608103,Not New,DRESSER-RAND GROUP INC,19228.0,235060.0,17224.0,209380.0,-2004.0,-25680.0
464287655,New Holding,ISHARES TR,,,66987.0,560000.0,,
443683107,Not New,HUDSON CITY BANCORP,3791.0,374564.0,3641.0,374564.0,-150.0,0.0
78462F103,Sold Out,SPDR S&P 500 ETF TR,70455.0,357600.0,,,,
