CUSIP,status,NAME OF ISSUER,(x$1000)_old,PRN AMT_old,(x$1000),PRN AMT,(x$1000)_change,PRN AMT_change
112463104,Sold Out,BROOKDALE SENIOR LIVING INC,51088.0,2225093.0,,,,
G9019D104,Not New,TRAVELPORT WORLDWIDE LTD,8000.0,620176.0,6629.0,501466.0,-1371.0,-118710.0
404132102,Sold Out,HCC INSURANCE HOLDINGS INC,14347.0,185193.0,,,,
246647101,Sold Out,DELEK US HOLDINGS INC,10708.0,386570.0,,,,
83421A104,Not New,SOLERA HOLDINGS INC,7020.0,128040.0,12484.0,231180.0,5464.0,103140.0
852891100,Not New,STANCORP FINANCIAL GROUP,671.0,5890.0,673.0,5890.0,2.0,0.0
747525953,Sold Out,QUALCOMM INC,5185.0,96500.0,,,,
043436104,New Holding,ASBURY AUTOMOTIVE GROUP,,,7762.0,115100.0,,
021441100,Sold Out,ALTERA CORP,16798.0,335414.0,,,,
747525103,Sold Out,QUALCOMM INC,18619.0,346520.0,,,,
78462F953,Not New,SPDR S&P COMM INC,42507.0,208500.0,124176.0,648000.0,81669.0,439500.0
58441K100,New Holding,MEDIA GENERAL INC,,,4884.0,302410.0,,
345550107,New Holding,FOREST CITY ENTERPRISES INC,,,9760.0,445030.0,,
02005N100,Not New,ALLY FINANCIAL INC,8296.0,445050.0,12110.0,594200.0,3814.0,149150.0
97382A200,Sold Out,WINDSTREAM CORP,14839.0,2416805.0,,,,
670872100,Sold Out,OM GROUP INC,1755.0,53350.0,,,,
501570105,Sold Out,Kythera Biopharmaceuticals,3007.0,40100.0,,,,
009728106,Not New,AKORN INC,18310.0,490744.0,14005.0,491320.0,-4305.0,576.0
98742U100,New Holding,YOUKU TUDOU INC,,,13087.0,482390.0,,
095180105,New Holding,BLOUNT INTERNATIONAL INC,,,4537.0,462500.0,,
242309102,Sold Out,DEALERTRACK TECHNOLOGIES INC,21001.0,332510.0,,,,
232820100,Sold Out,CYTEC INDS INC,5809.0,78654.0,,,,
G52237107,Sold Out,AVOLON HLDGS LTD,14971.0,491816.0,,,,
12686C109,Not New,CABLEVISION SYS CORP,14789.0,463600.0,10244.0,315500.0,-4545.0,-148100.0
096761101,Not New,BOB EVANS FARMS,54600.0,1405405.0,70255.0,1620641.0,15655.0,215236.0
096761101,Not New,BOB EVANS FARMS,54600.0,1405405.0,10803.0,249200.0,-43797.0,-1156205.0
925550105,Not New,VIAVI SOLUTIONS INC,21769.0,3574470.0,27227.0,5070264.0,5458.0,1495794.0
45812P107,Sold Out,INTEGRATED SILICON SOLUTION,2466.0,114756.0,,,,
740189105,Not New,PRECISION CASTPARTS CORP,24235.0,104458.0,4290.0,18677.0,-19945.0,-85781.0
86732Y109,Sold Out,SUNEDISON INC,9353.0,1302715.0,,,,
049513104,New Holding,ATMEL CORP,,,2645.0,307232.0,,
111320107,Not New,BROADCOM CORP,19231.0,332600.0,5228.0,101650.0,-14003.0,-230950.0
001204106,Sold Out,AGL RES INC,415.0,6800.0,,,,
984332106,Not New,YAHOO INC,12923.0,388556.0,15492.0,535874.0,2569.0,147318.0
178566105,Sold Out,CITY NATL CORP,3016.0,34253.0,,,,
G6852T105,Sold Out,PARTNERRE LTD,3166.0,22800.0,,,,
81369Y605,New Holding,SELECT SECTOR SPDR TR,,,6744.0,283000.0,,
125581801,New Holding,CIT GROUP INC,,,7720.0,194450.0,,
13342B105,Not New,CAMERON INTERNATIONAL CORP,3432.0,54300.0,3330.0,54300.0,-102.0,0.0
925550905,Sold Out,VIAVI SOLUTIONS INC,28160.0,5243900.0,,,,
009363102,New Holding,AIRGAS INC,,,21159.0,152970.0,,
826552101,Sold Out,SIGMA-ALDRICH,2487.0,17900.0,,,,
69344F106,New Holding,PMC - SIERRA INC,,,10452.0,899519.0,,
92854Q106,Not New,VIVINT SOLAR INC,412.0,43075.0,7614.0,726500.0,7202.0,683425.0
464287655,Sold Out,ISHARES TR,56478.0,517200.0,,,,
297602104,Not New,ETHAN ALLEN INTERIORS,37664.0,1353864.0,36181.0,1369956.0,-1483.0,16092.0
444859102,Sold Out,HUMANA INC,299.0,1670.0,,,,
