CUSIP,status,NAME OF ISSUER,(x$1000)_old,PRN AMT_old,(x$1000),PRN AMT,(x$1000)_change,PRN AMT_change
74733V100,Not New,QEP RES INC,6545.0,213555.0,12849.0,464035.0,6304.0,250480.0
887389104,Not New,TIMKEN CO,21379.0,388221.0,23295.0,385675.0,1916.0,-2546.0
683399109,Sold Out,ONYX PHARMACEUTICALS INC,21110.0,169287.0,,,,
462846106,Not New,IRON MTN INC,7854.0,258777.0,5860.0,216877.0,-1994.0,-41900.0
044209104,Not New,ASHLAND INC NEW,7694.0,79290.0,13475.0,145705.0,5781.0,66415.0
42805T105,Not New,HERTZ GLOBAL HOLDINGS INC,25112.0,877431.0,13312.0,600741.0,-11800.0,-276690.0
628464109,New Holding,MYERS INDS INC,,,16736.0,792434.0,,
432589109,Sold Out,HILLSHIRE BRANDS CO,6092.0,198180.0,,,,
02917T104,New Holding,AMERICAN RLTY CAP PPTYS INC,,,3213.0,250000.0,,
02917T104,New Holding,AMERICAN RLTY CAP PPTYS INC,,,3213.0,250000.0,,
881609101,Sold Out,TESORO CORP,15801.0,359280.0,,,,
42809H107,New Holding,HESS CORP,,,13703.0,165100.0,,
786514208,Sold Out,SAFEWAY INC,6825.0,213345.0,,,,
59001K100,New Holding,MERITOR INC,,,14575.0,1397388.0,,
192108116,Not New,COEUR MNG INC,14.0,10888.0,25.0,10888.0,11.0,0.0
637071101,New Holding,NATIONAL OILWELL VARCO INC,,,409.0,5149.0,,
406216101,New Holding,HALLIBURTON CO,,,818.0,16122.0,,
217204106,Sold Out,COPART INC,11234.0,353377.0,,,,
608554200,Sold Out,MOLEX INC,1469.0,38380.0,,,,
608554200,Sold Out,MOLEX INC,249.0,6500.0,,,,
284131208,Sold Out,ELAN PLC,20395.0,1309050.0,,,,
53217V109,Not New,LIFE TECHNOLOGIES CORP,36333.0,479325.0,33361.0,445825.0,-2972.0,-33500.0
096761101,Not New,BOB EVANS FARMS INC,321.0,13500.0,773.0,13500.0,452.0,0.0
096761101,Not New,BOB EVANS FARMS INC,321.0,13500.0,46619.0,814019.0,46298.0,800519.0
096761101,Not New,BOB EVANS FARMS INC,58155.0,1149535.0,773.0,13500.0,-57382.0,-1136035.0
096761101,Not New,BOB EVANS FARMS INC,58155.0,1149535.0,46619.0,814019.0,-11536.0,-335516.0
29444U502,Not New,EQUINIX INC,32423.0,182716.0,16342.0,88985.0,-16081.0,-93731.0
79377W108,Sold Out,SAKS INC,3188.0,200000.0,,,,
92839U206,Not New,VISTEON CORP,35225.0,430156.0,30055.0,397346.0,-5170.0,-32810.0
512815101,Not New,LAMAR ADVERTISING CO,23076.0,441650.0,19407.0,412650.0,-3669.0,-29000.0
37045V100,New Holding,GENERAL MTRS CO,,,24296.0,594475.0,,
629491101,Sold Out,NYSE EURONEXT,26208.0,624290.0,,,,
02376R102,New Holding,AMERICAN AIRLS GROUP INC,,,4613.0,182698.0,,
02376R102,New Holding,AMERICAN AIRLS GROUP INC,,,10100.0,400000.0,,
847560109,Sold Out,SPECTRA ENERGY CORP,68780.0,2009360.0,,,,
04624B103,Sold Out,ASTEX PHARMACEUTICALS INC,17892.0,2107445.0,,,,
678026105,Not New,OIL STS INTL INC,19177.0,188525.0,21888.0,211557.0,2711.0,23032.0
718546104,Not New,PHILLIPS 66,16173.0,209685.0,22311.0,385865.0,6138.0,176180.0
443683107,New Holding,HUDSON CITY BANCORP,,,9757.0,1034700.0,,
608554101,Sold Out,MOLEX INC,2400.0,62300.0,,,,
486587108,Sold Out,KAYDON CORP,12077.0,340000.0,,,,
806857108,New Holding,SCHLUMBERGER LTD,,,2497.0,27714.0,,
205638109,Not New,COMPUWARE CORP,54025.0,4819356.0,46200.0,4128726.0,-7825.0,-690630.0
H5833N103,Sold Out,NOBLE CORPORATION BAAR,19521.0,516830.0,,,,
52602E102,Not New,LENDER PROCESSING SVCS INC,18670.0,499457.0,15492.0,465657.0,-3178.0,-33800.0
774415103,Sold Out,ROCKWOOD HLDGS INC,2425.0,36244.0,,,,
08579W103,Not New,BERRY PLASTICS GROUP INC,24365.0,1024163.0,19341.0,968520.0,-5024.0,-55643.0
911363109,New Holding,UNITED RENTALS INC,,,6864.0,88055.0,,
