CUSIP,status,NAME OF ISSUER,(x$1000)_old,PRN AMT_old,(x$1000),PRN AMT,(x$1000)_change,PRN AMT_change
92923C807,Sold Out,WCI CMNTYS INC,2228.0,95026.0,,,,
52729N308,Not New,LEVEL 3 COMMUNICATIONS INC,10277.0,179600.0,10122.0,179600.0,-155.0,0.0
58441K100,Sold Out,MEDIA GEN INC NEW,19393.0,1029910.0,,,,
205887102,Not New,CONAGRA BRANDS INC,11017.0,273100.0,10801.0,273100.0,-216.0,0.0
02005N100,Not New,ALLY FINL INC,11259.0,553800.0,10533.0,553800.0,-726.0,0.0
918194101,New Holding,VCA INC,,,11273.0,123200.0,,
92924F106,New Holding,WGL HLDGS INC,,,16646.0,201700.0,,
05491G109,Sold Out,BATS GLOBAL MKTS INC,22814.0,680800.0,,,,
096761101,Not New,BOB EVANS FARMS INC,62872.0,969200.0,7540.0,141700.0,-55332.0,-827500.0
096761101,Not New,BOB EVANS FARMS INC,62872.0,969200.0,67239.0,1263661.0,4367.0,294461.0
582839106,New Holding,MEAD JOHNSON NUTRITION CO,,,11251.0,126300.0,,
969490101,New Holding,WILLIAMS CLAYTON ENERGY INC,,,21859.0,165500.0,,
925550105,Not New,VIAVI SOLUTIONS INC,7077.0,660181.0,20727.0,2533874.0,13650.0,1873693.0
60935Y208,New Holding,MONEYGRAM INTL INC,,,20287.0,1206870.0,,
464288513,New Holding,ISHARES TR,,,6145.0,70000.0,,
464288513,New Holding,ISHARES TR,,,21945.0,250000.0,,
413086109,Sold Out,HARMAN INTL INDS INC,11516.0,103600.0,,,,
073302101,New Holding,B/E AEROSPACE INC,,,20361.0,317600.0,,
513272104,Not New,LAMB WESTON HLDGS INC,3829.0,91033.0,3446.0,91033.0,-383.0,0.0
984332106,Not New,YAHOO INC,50214.0,1081956.0,41839.0,1081956.0,-8375.0,0.0
111621306,Not New,BROCADE COMMUNICATIONS SYS I,25502.0,2043433.0,15972.0,1278800.0,-9530.0,-764633.0
81369Y605,Not New,SELECT SECTOR SPDR TR,5537.0,233350.0,5425.0,233350.0,-112.0,0.0
125581801,Not New,CIT GROUP INC,14452.0,336643.0,14368.0,336643.0,-84.0,0.0
464287655,Not New,ISHARES TR,9624.0,70000.0,7012.0,52000.0,-2612.0,-18000.0
N6596X109,Not New,NXP SEMICONDUCTORS N V,26765.0,258600.0,19965.0,203700.0,-6800.0,-54900.0
78462F103,Not New,SPDR S&P 500 ETF TR,23574.0,100000.0,46941.0,210000.0,23367.0,110000.0
78462F103,Not New,SPDR S&P 500 ETF TR,23574.0,100000.0,27941.0,125000.0,4367.0,25000.0
78462F103,Not New,SPDR S&P 500 ETF TR,23574.0,100000.0,46941.0,210000.0,23367.0,110000.0
78462F103,Not New,SPDR S&P 500 ETF TR,23574.0,100000.0,27941.0,125000.0,4367.0,25000.0
65440R101,New Holding,NIMBLE STORAGE INC,,,6514.0,521100.0,,
