CUSIP,status,NAME OF ISSUER,(x$1000)_old,PRN AMT_old,(x$1000),PRN AMT,(x$1000)_change,PRN AMT_change
38046C109,New Holding,GOGO INC,,,883.0,416539.0,,
59001KAF7,New Holding,MERITOR INC,,,2579.0,3000000.0,,
87901J105,New Holding,TEGNA INC,,,1.0,100.0,,
87901J105,New Holding,TEGNA INC,,,1086.0,100000.0,,
25470MAB5,Not New,DISH NETWORK CORPORATION,6345.0,8000000.0,4841.0,5000000.0,-1504.0,-3000000.0
88870P106,Not New,TIVO CORP,7788.0,1100000.0,5088.0,600000.0,-2700.0,-500000.0
88870P106,Not New,TIVO CORP,7788.0,1100000.0,848.0,100000.0,-6940.0,-1000000.0
88870P106,Not New,TIVO CORP,119.0,16800.0,5088.0,600000.0,4969.0,583200.0
88870P106,Not New,TIVO CORP,119.0,16800.0,848.0,100000.0,729.0,83200.0
232806109,Not New,CYPRESS SEMICONDUCTOR CORP,25879.0,1109754.0,28229.0,1210000.0,2350.0,100246.0
232806109,Not New,CYPRESS SEMICONDUCTOR CORP,25879.0,1109754.0,6999.0,300000.0,-18880.0,-809754.0
232806109,Not New,CYPRESS SEMICONDUCTOR CORP,4664.0,200000.0,28229.0,1210000.0,23565.0,1010000.0
232806109,Not New,CYPRESS SEMICONDUCTOR CORP,4664.0,200000.0,6999.0,300000.0,2335.0,100000.0
023135106,Not New,AMAZON COM INC,8509.0,4364.0,7140.0,3864.0,-1369.0,-500.0
680665205,Not New,OLIN CORP,2509.0,215000.0,949.0,55000.0,-1560.0,-160000.0
92826C839,Not New,VISA INC,2723.0,16900.0,1710.0,9100.0,-1013.0,-7800.0
57778K105,Not New,MAXAR TECHNOLOGIES INC,3540.0,331478.0,1977.0,126137.0,-1563.0,-205341.0
85207U105,New Holding,SPRINT CORPORATION,,,2155.0,250000.0,,
02079K107,Not New,ALPHABET INC,5656.0,4864.0,5835.0,4364.0,179.0,-500.0
594918104,Not New,MICROSOFT CORP,9020.0,57193.0,8073.0,51193.0,-947.0,-6000.0
874696107,Not New,TALLGRASS ENERGY LP,13991.0,850000.0,18802.0,850000.0,4811.0,0.0
874696107,Not New,TALLGRASS ENERGY LP,288.0,17500.0,18802.0,850000.0,18514.0,832500.0
04269E107,Sold Out,ARQULE INC,5988.0,300000.0,,,,
024061103,Not New,AMERICAN AXLE & MFG HLDGS IN,1228.0,340291.0,1399.0,130000.0,171.0,-210291.0
G2709G107,New Holding,DELPHI TECHNOLOGIES PL,,,1610.0,200000.0,,
G2709G107,New Holding,DELPHI TECHNOLOGIES PL,,,403.0,50000.0,,
127686103,Not New,CAESARS ENTMT CORP,20003.0,2958954.0,22539.0,1657300.0,2536.0,-1301654.0
N96617118,Not New,WRIGHT MED GROUP N V,9587.0,334615.0,10674.0,350200.0,1087.0,15585.0
98919V105,Sold Out,ZAYO GROUP HLDGS INC,21690.0,625983.0,,,,
94946T106,Sold Out,WELLCARE HEALTH PLANS INC,44578.0,135000.0,,,,
531229409,Not New,LIBERTY MEDIA CORP DEL,735.0,23200.0,1121.0,23200.0,386.0,0.0
911684108,Not New,UNITED STATES CELLULAR CORP,586.0,20000.0,362.0,10000.0,-224.0,-10000.0
464287655,Sold Out,ISHARES TR,107686.0,650000.0,,,,
254687106,Not New,DISNEY WALT CO,4878.0,50500.0,5858.0,40500.0,980.0,-10000.0
254687106,Not New,DISNEY WALT CO,2898.0,30000.0,5858.0,40500.0,2960.0,10500.0
911363109,New Holding,UNITED RENTALS INC,,,514.0,5000.0,,
G5784H106,Not New,MANCHESTER UTD PLC NEW,3344.0,222171.0,2113.0,106015.0,-1231.0,-116156.0
70450Y103,Not New,PAYPAL HLDGS INC,2575.0,26900.0,1547.0,14300.0,-1028.0,-12600.0
269246401,New Holding,E TRADE FINANCIAL CORP,,,8580.0,250000.0,,
92927K102,Not New,WABCO HLDGS INC,33762.0,250000.0,31436.0,232000.0,-2326.0,-18000.0
531172104,Sold Out,LIBERTY PPTY TR,18015.0,300000.0,,,,
695127100,Sold Out,PACIRA BIOSCIENCES,6342.0,140000.0,,,,
92537N108,New Holding,VERTIV HOLDINGS CO,,,1903.0,220000.0,,
N47279109,Sold Out,INTERXION HOLDING N.V,6286.0,75000.0,,,,
98311A105,Not New,WYNDHAM HOTELS & RESORTS INC,1557.0,49400.0,3103.0,49400.0,1546.0,0.0
247361702,New Holding,DELTA AIR LINES INC DEL,,,1284.0,45000.0,,
247361702,New Holding,DELTA AIR LINES INC DEL,,,1284.0,45000.0,,
31620M106,Not New,FIDELITY NATL INFORMATION SV,2677.0,22008.0,1434.0,10308.0,-1243.0,-11700.0
57636Q104,Not New,MASTERCARD INC,2657.0,11000.0,1911.0,6400.0,-746.0,-4600.0
74933V108,New Holding,RA PHARMACEUTICALS INC,,,9602.0,200000.0,,
G0177J108,Not New,ALLERGAN PLC,41618.0,235000.0,42057.0,220000.0,439.0,-15000.0
G0177J108,Not New,ALLERGAN PLC,41618.0,235000.0,15485.0,81000.0,-26133.0,-154000.0
N3167Y103,New Holding,FERRARI N V,,,2289.0,15000.0,,
74167P108,New Holding,PRIMO WATER CORPORATION,,,635.0,70081.0,,
G1992S109,Sold Out,CISION LTD,2885.0,289344.0,,,,
02376R102,Sold Out,AMERICAN AIRLS GROUP INC,2475.0,86300.0,,,,
235851102,Not New,DANAHER CORPORATION,22436.0,162100.0,8810.0,57400.0,-13626.0,-104700.0
78462F103,New Holding,SPDR S&P 500 ETF TR,,,12856.0,49879.0,,
05352A100,New Holding,AVANTOR INC,,,1499.0,120000.0,,
46138G508,Sold Out,INVESCO EXCHNG TRADED FD TR,9130.0,400100.0,,,,
M51363113,Sold Out,MELLANOX TECHNOLOGIES LTD,7617.0,65000.0,,,,
50077C106,Not New,KRATON CORPORATION,3028.0,373826.0,1015.0,40100.0,-2013.0,-333726.0
17144C203,New Holding,CHURCHILL CAP CORP III,,,1000.0,100000.0,,
235825205,New Holding,DANA INCORPORATED,,,976.0,125000.0,,
464287234,Sold Out,ISHARES TR,22435.0,500000.0,,,,
886547108,Not New,TIFFANY & CO NEW,46232.0,357000.0,20315.0,152000.0,-25917.0,-205000.0
886547108,Not New,TIFFANY & CO NEW,104.0,800.0,20315.0,152000.0,20211.0,151200.0
87236Y108,New Holding,TD AMERITRADE HLDG CORP,,,13864.0,400000.0,,
92857W308,Not New,VODAFONE GROUP PLC NEW,2410.0,175000.0,1160.0,60000.0,-1250.0,-115000.0
33812L102,Sold Out,FITBIT INC,3285.0,500000.0,,,,
00790X101,Not New,ADVANCED DISP SVCS INC DEL,42640.0,1300000.0,23009.0,700000.0,-19631.0,-600000.0
584688105,Sold Out,MEDICINES CO,19879.0,234037.0,,,,
584688105,Sold Out,MEDICINES CO,10618.0,125000.0,,,,
05070R104,Sold Out,AUDENTES THERAPEUTICS INC,17952.0,300000.0,,,,
05070R104,Sold Out,AUDENTES THERAPEUTICS INC,11968.0,200000.0,,,,
876664103,New Holding,TAUBMAN CTRS INC,,,17799.0,425000.0,,
54142L109,New Holding,LOGMEIN INC,,,8328.0,100000.0,,
30303M102,Not New,FACEBOOK INC,4989.0,29910.0,5482.0,26710.0,493.0,-3200.0
084670702,New Holding,BERKSHIRE HATHAWAY INC DEL,,,10732.0,58700.0,,
524901105,New Holding,LEGG MASON INC,,,8549.0,175000.0,,
037833100,Not New,APPLE INC,7753.0,30487.0,8013.0,27287.0,260.0,-3200.0
