CUSIP,status,NAME OF ISSUER,(x$1000)_old,PRN AMT_old,(x$1000),PRN AMT,(x$1000)_change,PRN AMT_change
74733V100,Not New,QEP RES INC,12849.0,464035.0,13316.0,479345.0,467.0,15310.0
270321102,Sold Out,EARTHLINK INC,21992.0,3541437.0,,,,
549764108,Sold Out,LUFKIN INDS INC,3185.0,36000.0,,,,
683399109,New Holding,ONYX PHARMACEUTICALS INC,,,21110.0,169287.0,,
887389104,Not New,TIMKEN CO,23295.0,385675.0,22648.0,402410.0,-647.0,16735.0
03875Q108,Sold Out,ARBITRON INC,19409.0,417842.0,,,,
462846106,Not New,IRON MTN INC,5860.0,216877.0,6032.0,226672.0,172.0,9795.0
044209104,New Holding,ASHLAND INC NEW,,,13475.0,145705.0,,
73930R102,Sold Out,POWER ONE INC NEW,14784.0,2339219.0,,,,
42805T105,Not New,HERTZ GLOBAL HOLDINGS INC,13312.0,600741.0,19387.0,781741.0,6075.0,181000.0
080555105,Sold Out,BELO CORP,19693.0,1411675.0,,,,
432589109,New Holding,HILLSHIRE BRANDS CO,,,6092.0,198180.0,,
628464109,Sold Out,MYERS INDS INC,12184.0,811722.0,,,,
18538Q105,Sold Out,CLEARWIRE CORP NEW,9246.0,1851100.0,,,,
881609101,Not New,TESORO CORP,15801.0,359280.0,18798.0,359280.0,2997.0,0.0
786514208,New Holding,SAFEWAY INC,,,6825.0,213345.0,,
192108116,Not New,COEUR MNG INC,25.0,10888.0,17.0,10888.0,-8.0,0.0
21036P108,Sold Out,CONSTELLATION BRANDS INC,14544.0,279055.0,,,,
055921100,Sold Out,BMC SOFTWARE INC,8514.0,188660.0,,,,
217204106,Not New,COPART INC,11234.0,353377.0,10884.0,353377.0,-350.0,0.0
608554200,New Holding,MOLEX INC,,,1469.0,38380.0,,
608554200,New Holding,MOLEX INC,,,249.0,6500.0,,
Q9235V101,Sold Out,TRONOX LTD,2961.0,146965.0,,,,
53217V109,Not New,LIFE TECHNOLOGIES CORP,33361.0,445825.0,24153.0,326390.0,-9208.0,-119435.0
096761101,Not New,BOB EVANS FARMS INC,773.0,13500.0,23671.0,503860.0,22898.0,490360.0
096761101,Not New,BOB EVANS FARMS INC,46619.0,814019.0,23671.0,503860.0,-22948.0,-310159.0
29444U502,New Holding,EQUINIX INC,,,16342.0,88985.0,,
203233101,Sold Out,COMMONWEALTH REIT,15692.0,678700.0,,,,
79377W108,New Holding,SAKS INC,,,3188.0,200000.0,,
92839U206,Not New,VISTEON CORP,30055.0,397346.0,1795.0,28436.0,-28260.0,-368910.0
512815101,Not New,LAMAR ADVERTISING CO,19407.0,412650.0,12580.0,289940.0,-6827.0,-122710.0
629491101,Not New,NYSE EURONEXT,26208.0,624290.0,27862.0,673000.0,1654.0,48710.0
847560109,Not New,SPECTRA ENERGY CORP,68780.0,2009360.0,69243.0,2009360.0,463.0,0.0
48238T109,Sold Out,KAR AUCTION SVCS INC,27012.0,1181107.0,,,,
04624B103,New Holding,ASTEX PHARMACEUTICALS INC,,,17892.0,2107445.0,,
678026105,New Holding,OIL STS INTL INC,,,21888.0,211557.0,,
718546104,Not New,PHILLIPS 66,22311.0,385865.0,23563.0,399990.0,1252.0,14125.0
30064K105,Sold Out,EXACTTARGET INC,13642.0,404560.0,,,,
08579W103,Not New,BERRY PLASTICS GROUP INC,19341.0,968520.0,21375.0,968520.0,2034.0,0.0
608554101,New Holding,MOLEX INC,,,2400.0,62300.0,,
24702R101,Sold Out,DELL INC,6289.0,472000.0,,,,
486587108,New Holding,KAYDON CORP,,,12077.0,340000.0,,
140288101,Sold Out,CAPLEASE INC,162.0,19198.0,,,,
205638109,Not New,COMPUWARE CORP,46200.0,4128726.0,50100.0,4845265.0,3900.0,716539.0
H5833N103,Not New,NOBLE CORPORATION BAAR,19521.0,516830.0,20499.0,545480.0,978.0,28650.0
03070Q101,Sold Out,AMERISTAR CASINOS INC,13603.0,517420.0,,,,
52602E102,New Holding,LENDER PROCESSING SVCS INC,,,15492.0,465657.0,,
774415103,Not New,ROCKWOOD HLDGS INC,2425.0,36244.0,19206.0,299946.0,16781.0,263702.0
284131208,Not New,ELAN PLC,20395.0,1309050.0,10124.0,715960.0,-10271.0,-593090.0
