CUSIP,status,NAME OF ISSUER,(x$1000)_old,PRN AMT_old,(x$1000),PRN AMT,(x$1000)_change,PRN AMT_change
00430U103,New Holding,ACCELRYS INC,,,8706.0,698713.0,,
74733V100,Not New,QEP RES INC,19306.0,655775.0,6545.0,213555.0,-12761.0,-442220.0
044102101,New Holding,ASHFORD HOSPITALITY PRIME IN,,,12909.0,853763.0,,
812350106,New Holding,SEARS HLDGS CORP,,,9325.0,195238.0,,
887389104,Not New,TIMKEN CO,14058.0,239170.0,21379.0,388221.0,7321.0,149051.0
073730103,New Holding,BEAM INC,,,34722.0,416835.0,,
462846106,Not New,IRON MTN INC,11685.0,423831.0,7854.0,258777.0,-3831.0,-165054.0
52602E102,Sold Out,LENDER PROCESSING SVCS INC,18670.0,499457.0,,,,
044209104,Not New,ASHLAND INC NEW,7888.0,79290.0,7694.0,79290.0,-194.0,0.0
31620R105,New Holding,FIDELITY NATIONAL FINANCIAL,,,14387.0,457593.0,,
42805T105,Not New,HERTZ GLOBAL HOLDINGS INC,23375.0,877431.0,25112.0,877431.0,1737.0,0.0
628464109,Not New,MYERS INDS INC,8459.0,424668.0,16736.0,792434.0,8277.0,367766.0
02917T104,Not New,AMERICAN RLTY CAP PPTYS INC,158.0,11260.0,3213.0,250000.0,3055.0,238740.0
02917T104,Not New,AMERICAN RLTY CAP PPTYS INC,158.0,11260.0,3213.0,250000.0,3055.0,238740.0
42809H107,Sold Out,HESS CORP,13703.0,165100.0,,,,
59001K100,Not New,MERITOR INC,31867.0,2601422.0,14575.0,1397388.0,-17292.0,-1204034.0
192108116,Not New,COEUR MNG INC,16.0,10888.0,14.0,10888.0,-2.0,0.0
637071101,Not New,NATIONAL OILWELL VARCO INC,401.0,5149.0,409.0,5149.0,8.0,0.0
406216101,Not New,HALLIBURTON CO,949.0,16122.0,818.0,16122.0,-131.0,0.0
53217V109,Sold Out,LIFE TECHNOLOGIES CORP,36333.0,479325.0,,,,
096761101,Not New,BOB EVANS FARMS INC,675.0,13500.0,321.0,13500.0,-354.0,0.0
096761101,Not New,BOB EVANS FARMS INC,675.0,13500.0,58155.0,1149535.0,57480.0,1136035.0
096761101,Not New,BOB EVANS FARMS INC,71350.0,1426135.0,321.0,13500.0,-71029.0,-1412635.0
096761101,Not New,BOB EVANS FARMS INC,71350.0,1426135.0,58155.0,1149535.0,-13195.0,-276600.0
29444U502,Not New,EQUINIX INC,33773.0,182716.0,32423.0,182716.0,-1350.0,0.0
587118100,New Holding,MENS WEARHOUSE INC,,,18519.0,378095.0,,
002535300,New Holding,AARONS INC,,,15188.0,502233.0,,
92839U206,Not New,VISTEON CORP,38043.0,430156.0,35225.0,430156.0,-2818.0,0.0
512815101,Sold Out,LAMAR ADVERTISING CO,23076.0,441650.0,,,,
37045V100,Not New,GENERAL MTRS CO,20462.0,594475.0,24296.0,594475.0,3834.0,0.0
02376R102,Sold Out,AMERICAN AIRLS GROUP INC,4613.0,182698.0,,,,
02376R102,Sold Out,AMERICAN AIRLS GROUP INC,10100.0,400000.0,,,,
678026105,Not New,OIL STS INTL INC,25082.0,254383.0,19177.0,188525.0,-5905.0,-65858.0
718546104,Sold Out,PHILLIPS 66,16173.0,209685.0,,,,
806857108,Not New,SCHLUMBERGER LTD,2702.0,27714.0,2497.0,27714.0,-205.0,0.0
436440101,New Holding,HOLOGIC INC,,,21107.0,981710.0,,
205638109,Not New,COMPUWARE CORP,74163.0,7063101.0,54025.0,4819356.0,-20138.0,-2243745.0
443683107,Not New,HUDSON CITY BANCORP,10171.0,1034700.0,9757.0,1034700.0,-414.0,0.0
78462F103,New Holding,SPDR S&P 500 ETF TR,,,66875.0,357600.0,,
08579W103,Not New,BERRY PLASTICS GROUP INC,18959.0,818973.0,24365.0,1024163.0,5406.0,205190.0
911363109,Sold Out,UNITED RENTALS INC,6864.0,88055.0,,,,
