CUSIP,status,NAME OF ISSUER,(x$1000)_old,PRN AMT_old,(x$1000),PRN AMT,(x$1000)_change,PRN AMT_change
88870P106,Not New,TIVO CORP,3970.0,318900.0,4289.0,318900.0,319.0,0.0
023135106,Not New,AMAZON COM INC,9342.0,4664.0,7928.0,4664.0,-1414.0,0.0
92826C839,New Holding,VISA INC,,,1111.0,7400.0,,
G98294104,Sold Out,XL GROUP LTD,38936.0,695900.0,,,,
67555N206,Sold Out,OCLARO INC,8856.0,991665.0,,,,
02079K107,Not New,ALPHABET INC,6163.0,5164.0,5761.0,5164.0,-402.0,0.0
594918104,Not New,MICROSOFT CORP,7010.0,61293.0,6044.0,61293.0,-966.0,0.0
N6596X109,Sold Out,NXP SEMICONDUCTORS N V,52912.0,484230.0,,,,
127686103,New Holding,CAESARS ENTMT CORP,,,1025.0,100000.0,,
00817Y108,New Holding,AETNA INC NEW,,,75399.0,371700.0,,
482539103,Not New,KLX INC,51618.0,822200.0,41436.0,576300.0,-10182.0,-245900.0
00206R102,Sold Out,AT&T INC,12025.0,374500.0,,,,
464287440,Sold Out,ISHARES TR,20502.0,200000.0,,,,
30219G108,New Holding,EXPRESS SCRIPTS HLDG CO,,,25216.0,265400.0,,
02005N100,Sold Out,ALLY FINL INC,6662.0,253600.0,,,,
48253L106,New Holding,KLX ENERGY SERVICS HOLDNGS I,,,10527.0,328880.0,,
981558109,New Holding,WORLDPAY INC,,,1124.0,11100.0,,
98919V105,Not New,ZAYO GROUP HLDGS INC,8197.0,236100.0,6008.0,164700.0,-2189.0,-71400.0
98919V105,Not New,ZAYO GROUP HLDGS INC,2083.0,60000.0,6008.0,164700.0,3925.0,104700.0
02156K103,Not New,ALTICE USA INC,2516.0,138700.0,2366.0,138700.0,-150.0,0.0
531229409,New Holding,LIBERTY MEDIA CORP DELAWARE,,,1008.0,23200.0,,
345605109,New Holding,FOREST CITY RLTY TR INC,,,16765.0,668200.0,,
212485106,New Holding,CONVERGYS CORP,,,6625.0,279070.0,,
009728106,Sold Out,AKORN INC,3766.0,227000.0,,,,
12673P105,New Holding,CA INC,,,53163.0,1204137.0,,
12673P105,New Holding,CA INC,,,578.0,13100.0,,
70450Y103,New Holding,PAYPAL HLDGS INC,,,1045.0,11900.0,,
05379B107,Not New,AVISTA CORP,14980.0,296290.0,40794.0,774670.0,25814.0,478380.0
695127100,Not New,PACIRA PHARMACEUTICALS INC,9491.0,193100.0,6189.0,193100.0,-3302.0,0.0
695127100,Not New,PACIRA PHARMACEUTICALS INC,9491.0,193100.0,4647.0,145000.0,-4844.0,-48100.0
695127100,Not New,PACIRA PHARMACEUTICALS INC,2458.0,50000.0,6189.0,193100.0,3731.0,143100.0
695127100,Not New,PACIRA PHARMACEUTICALS INC,2458.0,50000.0,4647.0,145000.0,2189.0,95000.0
28140H203,Sold Out,EDUCATION RLTY TR INC,18963.0,456943.0,,,,
72348P104,Not New,PINNACLE FOODS INC DEL,56262.0,868100.0,15946.0,245100.0,-40316.0,-623000.0
92342Y109,Sold Out,VERIFONE SYS INC,37343.0,1636414.0,,,,
98311A105,New Holding,WYNDHAM HOTELS & RESORTS INC,,,3145.0,56600.0,,
48562P103,Not New,KAPSTONE PAPER & PACKAGING C,41067.0,1211046.0,40984.0,1187946.0,-83.0,-23100.0
126408103,Not New,CSX CORP,4347.0,58700.0,3144.0,49300.0,-1203.0,-9400.0
464288513,Not New,ISHARES TR,43220.0,500000.0,51048.0,600000.0,7828.0,100000.0
57636Q104,New Holding,MASTERCARD INCORPORATED,,,1113.0,5000.0,,
60935Y208,Sold Out,MONEYGRAM INTL INC,564.0,84280.0,,,,
517942108,Sold Out,LASALLE HOTEL PPTYS,835.0,24400.0,,,,
M75253100,Not New,ORBOTECH LTD,31960.0,537684.0,41739.0,675384.0,9779.0,137700.0
552953101,Not New,MGM RESORTS INTERNATIONAL,2512.0,90000.0,2322.0,80000.0,-190.0,-10000.0
46090E103,Not New,INVESCO QQQ TR,18579.0,100000.0,13560.0,79000.0,-5019.0,-21000.0
22164K101,Sold Out,COTIVITI HLDGS INC,15843.0,359000.0,,,,
385002308,Not New,GRAMERCY PPTY TR,45552.0,1660050.0,23373.0,855517.0,-22179.0,-804533.0
774341101,Not New,ROCKWELL COLLINS INC,54428.0,387470.0,65154.0,483770.0,10726.0,96300.0
464287234,Sold Out,ISHARES TR,8666.0,200000.0,,,,
G9319H102,Sold Out,VALIDUS HOLDINGS LTD,32583.0,482000.0,,,,
26483E100,New Holding,DUN & BRADSTREET CORP DEL NE,,,33860.0,237600.0,,
90130A101,New Holding,TWENTY FIRST CENTY FOX INC,,,50254.0,1084700.0,,
29414D100,Not New,ENVISION HEALTHCARE CORP,51739.0,1131404.0,22225.0,505004.0,-29514.0,-626400.0
29414D100,Not New,ENVISION HEALTHCARE CORP,51739.0,1131404.0,10906.0,247800.0,-40833.0,-883604.0
03349M105,Sold Out,ANDEAVOR,26079.0,198800.0,,,,
44967H101,Sold Out,ILG INC,20716.0,627200.0,,,,
464287655,Sold Out,ISHARES TR,24566.0,150000.0,,,,
30303M102,Not New,FACEBOOK INC,5363.0,32610.0,6337.0,32610.0,974.0,0.0
872590104,Not New,T MOBILE US INC,11374.0,162066.0,12072.0,202038.0,698.0,39972.0
78462F103,Not New,SPDR S&P 500 ETF TR,481142.0,1655000.0,918961.0,3387500.0,437819.0,1732500.0
78462F103,Not New,SPDR S&P 500 ETF TR,481142.0,1655000.0,27128.0,100000.0,-454014.0,-1555000.0
78462F103,Not New,SPDR S&P 500 ETF TR,43608.0,150000.0,918961.0,3387500.0,875353.0,3237500.0
78462F103,Not New,SPDR S&P 500 ETF TR,43608.0,150000.0,27128.0,100000.0,-16480.0,-50000.0
037833100,Not New,APPLE INC,7334.0,32487.0,6014.0,32487.0,-1320.0,0.0
