CUSIP,status,NAME OF ISSUER,(x$1000)_old,PRN AMT_old,(x$1000),PRN AMT,(x$1000)_change,PRN AMT_change
530307305,New Holding,LIBERTY BROADBAND CORP,,,552531.0,9208849.0,,
88732J207,Sold Out,TIME WARNER CABLE INC,448297.0,2190875.0,,,,
388689101,New Holding,GRAPHIC PACKAGING HLDG CO,,,129683.0,10341584.0,,
858912108,Sold Out,STERICYCLE INC,305997.0,2424893.0,,,,
413875105,New Holding,HARRIS CORP DEL,,,183568.0,2200000.0,,
53071M880,Sold Out,LIBERTY INTERACTIVE CORP,159093.0,4066798.0,,,,
893641100,Sold Out,TRANSDIGM GROUP INC,80610.0,365845.0,,,,
91843L103,Sold Out,VWR CORP,4059.0,150000.0,,,,
36467J108,Sold Out,GAMING & LEISURE PPTYS INC,3092.0,100000.0,,,,
Y09827109,Sold Out,BROADCOM LTD,5408.0,35000.0,,,,
02079K107,Not New,ALPHABET INC,355519.0,513681.0,472266.0,633956.0,116747.0,120275.0
594918104,Not New,MICROSOFT CORP,352987.0,6898327.0,476361.0,8625033.0,123374.0,1726706.0
018581108,New Holding,ALLIANCE DATA SYSTEMS CORP,,,132327.0,675412.0,,
044209104,New Holding,ASHLAND INC NEW,,,90694.0,790222.0,,
717081103,Sold Out,PFIZER INC,398963.0,13460304.0,,,,
N6596X109,Sold Out,NXP SEMICONDUCTORS N V,4864.0,60000.0,,,,
205887102,Not New,CONAGRA FOODS INC,862318.0,18036352.0,961041.0,21538351.0,98723.0,3501999.0
205887102,Not New,CONAGRA FOODS INC,862318.0,18036352.0,267720.0,6000000.0,-594598.0,-12036352.0
205887102,Not New,CONAGRA FOODS INC,286860.0,6000000.0,961041.0,21538351.0,674181.0,15538351.0
205887102,Not New,CONAGRA FOODS INC,286860.0,6000000.0,267720.0,6000000.0,-19140.0,0.0
205363104,Not New,COMPUTER SCIENCES CORP,153250.0,3086597.0,158949.0,4621966.0,5699.0,1535369.0
912008109,New Holding,US FOODS HLDG CORP,,,11514.0,475000.0,,
55616P104,New Holding,MACYS INC,,,3361.0,100000.0,,
87165B103,New Holding,SYNCHRONY FINL,,,111023.0,4391714.0,,
887228104,New Holding,TIME INC NEW,,,82299.0,4999929.0,,
G6331W109,New Holding,MULTI PACKAGING SOLUTIONS IN,,,3338.0,250000.0,,
87612G101,Sold Out,TARGA RES CORP,1493.0,50000.0,,,,
72348P104,New Holding,PINNACLE FOODS INC DEL,,,181739.0,3926091.0,,
72348P104,New Holding,PINNACLE FOODS INC DEL,,,83188.0,1797100.0,,
060505104,Sold Out,BANK AMER CORP,10140.0,750000.0,,,,
862121100,Sold Out,STORE CAP CORP,3882.0,150000.0,,,,
42824C109,New Holding,HEWLETT PACKARD ENTERPRISE C,,,74125.0,4057209.0,,
G91442106,New Holding,TYCO INTL PLC,,,83285.0,1955047.0,,
G25839104,New Holding,COCA COLA EUROPEAN PARTNERS,,,292113.0,8184741.0,,
068323104,Sold Out,BARRACUDA NETWORKS INC,1540.0,100000.0,,,,
25272T104,Sold Out,DIAMOND RESORTS INTL INC,1823.0,75000.0,,,,
56585A102,New Holding,MARATHON PETE CORP,,,103275.0,2720637.0,,
56585A102,New Holding,MARATHON PETE CORP,,,7592.0,200000.0,,
46428Q109,Sold Out,ISHARES SILVER TRUST,3670.0,250000.0,,,,
20341J104,New Holding,COMMUNICATIONS SALES&LEAS IN,,,8670.0,300000.0,,
G0177J108,Sold Out,ALLERGAN PLC,119781.0,446893.0,,,,
N3167Y103,New Holding,FERRARI N V,,,67534.0,1650478.0,,
535919203,Sold Out,LIONS GATE ENTMNT CORP,31809.0,1455795.0,,,,
40416M105,Not New,HD SUPPLY HLDGS INC,104198.0,2992470.0,96256.0,2910688.0,-7942.0,-81782.0
G97822103,New Holding,PERRIGO CO PLC,,,43619.0,481077.0,,
904311107,New Holding,UNDER ARMOUR INC,,,9384.0,257815.0,,
12650T104,Not New,CSRA INC,133713.0,5706898.0,84378.0,3136733.0,-49335.0,-2570165.0
81369Y605,New Holding,SELECT SECTOR SPDR TR,,,22855.0,1000000.0,,
464287234,Sold Out,ISHARES TR,6850.0,200000.0,,,,
78463V107,Sold Out,SPDR GOLD TRUST,5882.0,50000.0,,,,
30212P303,New Holding,EXPEDIA INC DEL,,,219959.0,2069225.0,,
931427108,Not New,WALGREENS BOOTS ALLIANCE INC,381302.0,4579100.0,891183.0,10579100.0,509881.0,6000000.0
05329W102,New Holding,AUTONATION INC,,,143052.0,3044957.0,,
87817A107,Not New,TEAM HEALTH HOLDINGS INC,239561.0,5890368.0,246276.0,5890368.0,6715.0,0.0
G96629103,New Holding,WILLIS TOWERS WATSON PUB LTD,,,163898.0,1318458.0,,
464287598,New Holding,ISHARES TR,,,5162.0,50000.0,,
78462F103,Not New,SPDR S&P 500 ETF TR,73316.0,350000.0,15414.0,75000.0,-57902.0,-275000.0
08579W103,New Holding,BERRY PLASTICS GROUP INC,,,97491.0,2509430.0,,
