CUSIP,status,NAME OF ISSUER,(x$1000)_old,PRN AMT_old,(x$1000),PRN AMT,(x$1000)_change,PRN AMT_change
205887102,Not New,CONAGRA BRANDS INC,387754.0,10858403.0,381890.0,10858403.0,-5864.0,0.0
G0750C108,Sold Out,AXALTA COATING SYS LTD,42968.0,1905471.0,,,,
131193104,Not New,CALLAWAY GOLF CO,56333.0,2943183.0,99120.0,5660780.0,42787.0,2717597.0
094235108,Not New,BLOOMIN BRANDS INC,87039.0,5700000.0,78383.0,7353036.0,-8656.0,1653036.0
109696104,New Holding,BRINKS CO,,,20679.0,503259.0,,
29261A100,New Holding,ENCOMPASS HEALTH CORP,,,113164.0,1741513.0,,
886547108,Not New,TIFFANY & CO NEW,4263.0,36800.0,4487.0,36800.0,224.0,0.0
715347100,Not New,PERSPECTA INC,248958.0,12799872.0,217532.0,9364257.0,-31426.0,-3435615.0
431571108,Sold Out,HILLENBRAND INC,89769.0,3316175.0,,,,
40416M105,Not New,HD SUPPLY HLDGS INC,47072.0,1141404.0,47136.0,1360359.0,64.0,218955.0
64829B100,New Holding,NEW RELIC INC,,,30790.0,546309.0,,
78462F103,Not New,SPDR S&P 500 ETF TR,121782.0,363647.0,104148.0,337747.0,-17634.0,-25900.0
