CUSIP,status,NAME OF ISSUER,(x$1000)_old,PRN AMT_old,(x$1000),PRN AMT,(x$1000)_change,PRN AMT_change
038222105,Sold Out,APPLIED MATLS INC,15792.0,700000.0,,,,
038222105,Sold Out,APPLIED MATLS INC,6768.0,300000.0,,,,
88732J207,New Holding,TIME WARNER CABLE INC,,,419434.0,2354120.0,,
57060U233,Sold Out,MARKET VECTORS ETF TR,454920.0,8226400.0,,,,
78464A714,Sold Out,SPDR SERIES TRUST,202080.0,2000000.0,,,,
112463104,Not New,BROOKDALE SR LIVING INC,311660.0,8981545.0,329834.0,8735006.0,18174.0,-246539.0
53071M880,Not New,LIBERTY INTERACTIVE CORP,317309.0,8080186.0,334420.0,7960479.0,17111.0,-119707.0
03852U106,Sold Out,ARAMARK,6326.0,200000.0,,,,
369604103,New Holding,GENERAL ELECTRIC CO,,,13285.0,500000.0,,
874696107,New Holding,TALL GRASS ENERGY GP LP,,,23309.0,725000.0,,
988498101,Sold Out,YUM BRANDS INC,31488.0,400000.0,,,,
044209104,Not New,ASHLAND INC NEW,24380.0,200000.0,665829.0,5229983.0,641449.0,5029983.0
89400J107,New Holding,TRANSUNION,,,1255.0,50000.0,,
747525103,Not New,QUALCOMM INC,1804975.0,28819654.0,1978824.0,28537985.0,173849.0,-281669.0
969457100,New Holding,WILLIAMS COS INC DEL,,,241633.0,4210376.0,,
42805T105,Not New,HERTZ GLOBAL HOLDINGS INC,759938.0,41939202.0,905822.0,41781473.0,145884.0,-157729.0
91336L107,New Holding,UNIVAR INC,,,2565.0,98525.0,,
49456B119,Not New,KINDER MORGAN INC DEL,7169.0,2655370.0,20560.0,5014700.0,13391.0,2359330.0
91911K102,Not New,VALEANT PHARMACEUTICALS INTL,298286.0,1342723.0,312122.0,1571454.0,13836.0,228731.0
205887102,New Holding,CONAGRA FOODS INC,,,504416.0,11537414.0,,
205887102,New Holding,CONAGRA FOODS INC,,,832079.0,19032000.0,,
205363104,Not New,COMPUTER SCIENCES CORP,527616.0,8038030.0,487503.0,7467874.0,-40113.0,-570156.0
85590A401,Not New,STARWOOD HOTELS&RESORTS WRLD,8109.0,100000.0,201640.0,2414856.0,193531.0,2314856.0
85590A401,Not New,STARWOOD HOTELS&RESORTS WRLD,8109.0,100000.0,179375.0,2148200.0,171266.0,2048200.0
478366107,New Holding,JOHNSON CTLS INC,,,497063.0,10035600.0,,
43300A104,Sold Out,HILTON WORLDWIDE HLDGS INC,10708.0,361500.0,,,,
73935A104,Sold Out,POWERSHARES QQQ TRUST,792000.0,7500000.0,,,,
57060U100,Sold Out,MARKET VECTORS ETF TR,124222.0,6810438.0,,,,
B38564124,Sold Out,EURONAV NV ANTWERPEN,2111.0,175000.0,,,,
501889208,Sold Out,LKQ CORP,7668.0,300000.0,,,,
911363109,Not New,UNITED RENTALS INC,480170.0,5480138.0,510477.0,5599789.0,30307.0,119651.0
G29183103,New Holding,EATON CORP PLC,,,37120.0,550000.0,,
85571Q102,Not New,STARZ,339598.0,7593875.0,257955.0,7496500.0,-81643.0,-97375.0
81369Y407,Not New,SELECT SECTOR SPDR TR,688320.0,9000000.0,1111413.0,14750000.0,423093.0,5750000.0
887317303,Not New,TIME WARNER INC,407807.0,4665455.0,105869.0,1253779.0,-301938.0,-3411676.0
72348P104,Not New,PINNACLE FOODS INC DEL,374073.0,8214171.0,201497.0,4937439.0,-172576.0,-3276732.0
580135101,Sold Out,MCDONALDS CORP,12180.0,125000.0,,,,
464287739,Sold Out,ISHARES TR,182436.0,2300000.0,,,,
G9456A100,Not New,GOLAR LNG LTD BERMUDA,123224.0,2633001.0,99840.0,3000000.0,-23384.0,366999.0
750086100,Not New,RACKSPACE HOSTING INC,409090.0,11000000.0,309401.0,5997300.0,-99689.0,-5002700.0
740189105,New Holding,PRECISION CASTPARTS CORP,,,493956.0,2471385.0,,
868536103,Sold Out,SUPERVALU INC,143786.0,12363374.0,,,,
126408103,New Holding,CSX CORP,,,6530.0,200000.0,,
863667101,Sold Out,STRYKER CORP,4613.0,50000.0,,,,
N00985106,Not New,AERCAP HOLDINGS NV,481285.0,10510710.0,420795.0,9640197.0,-60490.0,-870513.0
G0177J108,New Holding,ALLERGAN PLC,,,491115.0,1618385.0,,
535919203,Not New,LIONS GATE ENTMNT CORP,370874.0,10010090.0,203317.0,5994026.0,-167557.0,-4016064.0
609207105,New Holding,MONDELEZ INTL INC,,,10285.0,250000.0,,
N51488117,New Holding,MOBILEYE N V AMSTELVEEN,,,52812.0,993275.0,,
86614U100,Sold Out,SUMMIT MATLS INC,4430.0,200000.0,,,,
464287713,Sold Out,ISHARES TR,13599.0,450000.0,,,,
09214X100,New Holding,BLACK KNIGHT FINL SVCS INC,,,12348.0,400000.0,,
81369Y209,Sold Out,SELECT SECTOR SPDR TR,286375.0,3950000.0,,,,
Y26889108,New Holding,GENER8 MARITIME INC,,,4771.0,350000.0,,
62886E108,Not New,NCR CORP NEW,231888.0,7703934.0,437104.0,14812047.0,205216.0,7108113.0
45685L100,Sold Out,INFRAREIT INC,7459.0,260900.0,,,,
931427108,Not New,WALGREENS BOOTS ALLIANCE INC,1161050.0,13750000.0,1164350.0,13750000.0,3300.0,0.0
464286806,Sold Out,ISHARES,7460.0,250000.0,,,,
278642103,Not New,EBAY INC,692760.0,11500000.0,1153600.0,20000000.0,460840.0,8500000.0
174610105,Sold Out,CITIZENS FINL GROUP INC,3620.0,150000.0,,,,
G0083B108,Sold Out,ACTAVIS PLC,482696.0,1621852.0,,,,
40416M105,Not New,HD SUPPLY HLDGS INC,422160.0,12000000.0,474935.0,15244270.0,52775.0,3244270.0
81369Y704,Sold Out,SELECT SECTOR SPDR TR,19520.0,350000.0,,,,
81369Y704,Sold Out,SELECT SECTOR SPDR TR,13943.0,250000.0,,,,
78462F103,Not New,SPDR S&P 500 ETF TR,2903049.0,14100000.0,227073.0,1100000.0,-2675976.0,-13000000.0
78462F103,Not New,SPDR S&P 500 ETF TR,2903049.0,14100000.0,2301695.0,11150000.0,-601354.0,-2950000.0
037833100,New Holding,APPLE INC,,,31358.0,250000.0,,
