CUSIP,status,NAME OF ISSUER,(x$1000)_old,PRN AMT_old,(x$1000),PRN AMT,(x$1000)_change,PRN AMT_change
N22035104,Not New,CONSTELLIUM NV,173827.0,5421922.0,155628.0,5302487.0,-18199.0,-119435.0
038222105,Sold Out,APPLIED MATLS INC,55072.0,2697621.0,,,,
038222105,Sold Out,APPLIED MATLS INC,10210.0,500000.0,,,,
464286871,Sold Out,ISHARES,5817.0,294100.0,,,,
G5785G107,Not New,MALLINCKRODT PUB LTD CO,458171.0,5725711.0,207204.0,3267691.0,-250967.0,-2458020.0
74733V100,Not New,QEP RES INC,528071.0,15306401.0,471286.0,16008346.0,-56785.0,701945.0
53071M880,Not New,LIBERTY INTERACTIVE CORP,30938.0,419212.0,217101.0,1665780.0,186163.0,1246568.0
16117M305,New Holding,CHARTER COMMUNICATIONS INC D,,,265022.0,1673329.0,,
620076307,New Holding,MOTOROLA SOLUTIONS INC,,,125729.0,1888677.0,,
620076307,New Holding,MOTOROLA SOLUTIONS INC,,,307873.0,4624800.0,,
78464A888,New Holding,SPDR SERIES TRUST,,,4913.0,150000.0,,
026874784,Not New,AMERICAN INTL GROUP INC,598579.0,10966994.0,322645.0,6451602.0,-275934.0,-4515392.0
044209104,Not New,ASHLAND INC NEW,655238.0,6025730.0,596606.0,5997242.0,-58632.0,-28488.0
717081103,New Holding,PFIZER INC,,,7420.0,250000.0,,
690070107,Sold Out,OUTERWALL INC,124848.0,1722041.0,,,,
42805T105,Not New,HERTZ GLOBAL HOLDINGS INC,166015.0,5922764.0,3330.0,125000.0,-162685.0,-5797764.0
268785102,Sold Out,EP ENERGY CORP,19570.0,1000000.0,,,,
49456B119,Not New,KINDER MORGAN INC DEL,61807.0,22232582.0,47074.0,26746343.0,-14733.0,4513761.0
881624209,Sold Out,TEVA PHARMACEUTICAL INDS LTD,107431.0,2033131.0,,,,
91911K102,Sold Out,VALEANT PHARMACEUTICALS INTL,8635.0,65500.0,,,,
29273V100,Not New,ENERGY TRANSFER EQUITY L P,11033.0,187190.0,7773.0,166275.0,-3260.0,-20915.0
931422109,Not New,WALGREEN CO,823305.0,11106226.0,801969.0,12145520.0,-21336.0,1039294.0
931422109,Not New,WALGREEN CO,71165.0,960000.0,801969.0,12145520.0,730804.0,11185520.0
N53745100,Sold Out,LYONDELLBASELL INDUSTRIES,88940.0,1000000.0,,,,
21036P108,Sold Out,CONSTELLATION BRANDS INC,63728.0,750000.0,,,,
G6359F103,New Holding,NABORS INDUSTRIES LTD,,,5874.0,200000.0,,
124857103,New Holding,CBS CORP NEW,,,12428.0,200000.0,,
178787107,New Holding,CIVEO CORP,,,306411.0,12241760.0,,
53071M104,Not New,LIBERTY INTERACTIVE CORP,71643.0,2440166.0,110654.0,3832848.0,39011.0,1392682.0
402635304,Not New,GULFPORT ENERGY CORP,62718.0,998700.0,71180.0,1000000.0,8462.0,1300.0
87612E106,New Holding,TARGET CORP,,,939.0,16200.0,,
29444U502,Not New,EQUINIX INC,754411.0,3590893.0,592843.0,3207332.0,-161568.0,-383561.0
02503Y103,Not New,AMERICAN CAP LTD,186918.0,12224861.0,1060.0,67098.0,-185858.0,-12157763.0
203233101,New Holding,COMMONWEALTH REIT,,,144033.0,5472374.0,,
20337X109,New Holding,COMMSCOPE HLDG CO INC,,,3470.0,150000.0,,
302491303,New Holding,F M C CORP,,,355511.0,4993835.0,,
302491303,New Holding,F M C CORP,,,102207.0,1435700.0,,
774415103,New Holding,ROCKWOOD HLDGS INC,,,3800.0,50000.0,,
774415103,New Holding,ROCKWOOD HLDGS INC,,,15198.0,200000.0,,
G6613P202,Sold Out,NORTH ATLANTIC DRILLING LTD,2652.0,300000.0,,,,
G9456A100,Sold Out,GOLAR LNG LTD BERMUDA,134542.0,3227195.0,,,,
01973R101,New Holding,ALLISON TRANSMISSION HLDGS I,,,3172.0,102000.0,,
81369Y506,New Holding,SELECT SECTOR SPDR TR,,,900900.0,9000000.0,,
81369Y506,New Holding,SELECT SECTOR SPDR TR,,,500500.0,5000000.0,,
81369Y506,New Holding,SELECT SECTOR SPDR TR,,,500500.0,5000000.0,,
868536103,Not New,SUPERVALU INC,248531.0,30234893.0,169220.0,24739739.0,-79311.0,-5495154.0
00287Y109,New Holding,ABBVIE INC,,,4233.0,75000.0,,
92839U206,Sold Out,VISTEON CORP,1946.0,22000.0,,,,
37045V126,Sold Out,GENERAL MTRS CO,2896.0,166319.0,,,,
Y8564W103,Not New,TEEKAY CORPORATION,82757.0,1329435.0,76396.0,1358392.0,-6361.0,28957.0
N00985106,Not New,AERCAP HOLDINGS NV,502107.0,10963029.0,415850.0,9856610.0,-86257.0,-1106419.0
716768106,New Holding,PETSMART INC,,,295115.0,4935034.0,,
716768106,New Holding,PETSMART INC,,,273507.0,4573700.0,,
86732Y109,Not New,SUNEDISON INC,235428.0,10417150.0,73512.0,3901903.0,-161916.0,-6515247.0
G00349103,New Holding,ABENGOA YIELD PLC,,,11346.0,300000.0,,
37045V100,Sold Out,GENERAL MTRS CO,243.0,7067.0,,,,
651290108,Sold Out,NEWFIELD EXPL CO,55807.0,1779552.0,,,,
364730101,New Holding,GANNETT INC,,,6262.0,200000.0,,
678026105,Not New,OIL STS INTL INC,167184.0,2608589.0,603519.0,6120880.0,436335.0,3512291.0
G30401106,Not New,ENDO INTL PLC,223995.0,3199017.0,175965.0,2563215.0,-48030.0,-635802.0
78462F103,Not New,SPDR S&P 500 ETF TR,1467900.0,7500000.0,93505.0,500000.0,-1374395.0,-7000000.0
78462F103,Not New,SPDR S&P 500 ETF TR,58716.0,300000.0,93505.0,500000.0,34789.0,200000.0
78462F103,Not New,SPDR S&P 500 ETF TR,391440.0,2000000.0,93505.0,500000.0,-297935.0,-1500000.0
78462F103,Not New,SPDR S&P 500 ETF TR,391440.0,2000000.0,93505.0,500000.0,-297935.0,-1500000.0
Y8213L102,New Holding,SUNEDISON SEMICONDUCTOR LTD,,,1292.0,76297.0,,
48203R104,Sold Out,JUNIPER NETWORKS INC,225417.0,8750653.0,,,,
531229102,Not New,LIBERTY MEDIA CORP DELAWARE,44421.0,325000.0,293580.0,2245695.0,249159.0,1920695.0
78463V107,Not New,SPDR GOLD TRUST,461.0,3600.0,1248.0,10100.0,787.0,6500.0
78463V107,Not New,SPDR GOLD TRUST,461.0,3600.0,28393.0,229700.0,27932.0,226100.0
78463V107,Not New,SPDR GOLD TRUST,29411.0,229700.0,1248.0,10100.0,-28163.0,-219600.0
78463V107,Not New,SPDR GOLD TRUST,29411.0,229700.0,28393.0,229700.0,-1018.0,0.0
82968B103,Sold Out,SIRIUS XM HLDGS INC,231264.0,72270016.0,,,,
13342B105,Not New,CAMERON INTERNATIONAL CORP,529738.0,7823625.0,480953.0,7786189.0,-48785.0,-37436.0
80283M101,Sold Out,SANTANDER CONSUMER USA HDG I,3612.0,150000.0,,,,
037411105,New Holding,APACHE CORP,,,456342.0,4535300.0,,
037411105,New Holding,APACHE CORP,,,473236.0,4703200.0,,
037411105,New Holding,APACHE CORP,,,76622.0,761500.0,,
49926D109,Sold Out,KNOWLES CORP,67108.0,2125702.0,,,,
124857202,New Holding,CBS CORP NEW,,,256461.0,4127149.0,,
37045V118,Sold Out,GENERAL MTRS CO,4131.0,166319.0,,,,
278642103,Not New,EBAY INC,50060.0,1000000.0,212690.0,3850292.0,162630.0,2850292.0
903236107,Not New,URS CORP NEW,309287.0,6745623.0,317449.0,6745623.0,8162.0,0.0
G0083B108,Not New,ACTAVIS PLC,592048.0,2654328.0,185654.0,901888.0,-406394.0,-1752440.0
40416M105,Not New,HD SUPPLY HLDGS INC,256470.0,9033804.0,18138.0,693600.0,-238332.0,-8340204.0
81282V100,New Holding,SEAWORLD ENTMT INC,,,2125.0,75000.0,,
527288104,Not New,LEUCADIA NATL CORP,189127.0,7213076.0,216652.0,7737574.0,27525.0,524498.0
399473107,Not New,GROUPON INC,311060.0,46987935.0,319707.0,40778922.0,8647.0,-6209013.0
