CUSIP,status,NAME OF ISSUER,(x$1000)_old,PRN AMT_old,(x$1000),PRN AMT,(x$1000)_change,PRN AMT_change
205887102,New Holding,CONAGRA BRANDS INC,,,381890.0,10858403.0,,
131193104,New Holding,CALLAWAY GOLF CO,,,99120.0,5660780.0,,
094235108,New Holding,BLOOMIN BRANDS INC,,,78383.0,7353036.0,,
886547108,New Holding,TIFFANY & CO NEW,,,4487.0,36800.0,,
715347100,New Holding,PERSPECTA INC,,,217532.0,9364257.0,,
40416M105,New Holding,HD SUPPLY HLDGS INC,,,47136.0,1360359.0,,
431571108,New Holding,HILLENBRAND INC,,,89769.0,3316175.0,,
G0750C108,New Holding,AXALTA COATING SYS LTD,,,42968.0,1905471.0,,
78462F103,New Holding,SPDR S&P 500 ETF TR,,,104148.0,337747.0,,
715347100,Sold Out,PERSPECTA INC,77518.0,4249873.0,,,,
