CUSIP,status,NAME OF ISSUER,(x$1000)_old,PRN AMT_old,(x$1000),PRN AMT,(x$1000)_change,PRN AMT_change
530307305,Not New,LIBERTY BROADBAND CORP,453993.0,6351335.0,552531.0,9208849.0,98538.0,2857514.0
388689101,Not New,GRAPHIC PACKAGING HLDG CO,143818.0,10280060.0,129683.0,10341584.0,-14135.0,61524.0
413875105,Not New,HARRIS CORP DEL,221696.0,2420000.0,183568.0,2200000.0,-38128.0,-220000.0
81619Q105,New Holding,SELECT MED HLDGS CORP,,,25603.0,1896554.0,,
92047W101,New Holding,VALVOLINE INC,,,24657.0,1049700.0,,
45337C102,New Holding,INCYTE CORP,,,5505.0,58385.0,,
02079K107,Not New,ALPHABET INC,152367.0,196023.0,355519.0,513681.0,203152.0,317658.0
594918104,Sold Out,MICROSOFT CORP,352987.0,6898327.0,,,,
018581108,Sold Out,ALLIANCE DATA SYSTEMS CORP,132327.0,675412.0,,,,
044209104,Sold Out,ASHLAND INC NEW,90694.0,790222.0,,,,
464287598,Sold Out,ISHARES TR,5162.0,50000.0,,,,
92553P201,New Holding,VIACOM INC NEW,,,105338.0,2764768.0,,
G51502105,New Holding,JOHNSON CTLS INTL PLC,,,260488.0,5598283.0,,
205887102,Not New,CONAGRA FOODS INC,837915.0,17786352.0,862318.0,18036352.0,24403.0,250000.0
205887102,Not New,CONAGRA FOODS INC,837915.0,17786352.0,286860.0,6000000.0,-551055.0,-11786352.0
205887102,Not New,CONAGRA FOODS INC,282660.0,6000000.0,862318.0,18036352.0,579658.0,12036352.0
205887102,Not New,CONAGRA FOODS INC,282660.0,6000000.0,286860.0,6000000.0,4200.0,0.0
205363104,Not New,COMPUTER SCIENCES CORP,246053.0,4712751.0,153250.0,3086597.0,-92803.0,-1626154.0
N6865W105,New Holding,PATHEON N V,,,7208.0,243271.0,,
74587V107,New Holding,PUMA BIOTECHNOLOGY INC,,,5101.0,76074.0,,
912008109,Not New,US FOODS HLDG CORP,3601.0,152500.0,11514.0,475000.0,7913.0,322500.0
741503403,New Holding,PRICELINE GRP INC,,,155108.0,105409.0,,
750469207,New Holding,RADIUS HEALTH INC,,,4998.0,92394.0,,
55616P104,Sold Out,MACYS INC,3361.0,100000.0,,,,
87165B103,Sold Out,SYNCHRONY FINL,111023.0,4391714.0,,,,
61166W101,New Holding,MONSANTO CO NEW,,,20440.0,200000.0,,
887228104,Not New,TIME INC NEW,72399.0,4999929.0,82299.0,4999929.0,9900.0,0.0
G6331W109,Sold Out,MULTI PACKAGING SOLUTIONS IN,3338.0,250000.0,,,,
49456B101,New Holding,KINDER MORGAN INC DEL,,,4626.0,200000.0,,
00782L107,New Holding,ADVANCEPIERRE FOODS HLDGS IN,,,2064.0,74900.0,,
72348P104,Sold Out,PINNACLE FOODS INC DEL,181739.0,3926091.0,,,,
72348P104,Sold Out,PINNACLE FOODS INC DEL,83188.0,1797100.0,,,,
42824C109,Not New,HEWLETT PACKARD ENTERPRISE C,155207.0,6822274.0,74125.0,4057209.0,-81082.0,-2765065.0
90400D108,New Holding,ULTRAGENYX PHARMACEUTICAL IN,,,5684.0,80125.0,,
G91442106,Sold Out,TYCO INTL PLC,83285.0,1955047.0,,,,
G25839104,Not New,COCA COLA EUROPEAN PARTNERS,205462.0,5149436.0,292113.0,8184741.0,86651.0,3035305.0
81369Y506,New Holding,SELECT SECTOR SPDR TR,,,10097.0,143000.0,,
56585A102,Not New,MARATHON PETE CORP,177873.0,4382177.0,103275.0,2720637.0,-74598.0,-1661540.0
56585A102,Not New,MARATHON PETE CORP,177873.0,4382177.0,7592.0,200000.0,-170281.0,-4182177.0
56585A102,Not New,MARATHON PETE CORP,8118.0,200000.0,103275.0,2720637.0,95157.0,2520637.0
56585A102,Not New,MARATHON PETE CORP,8118.0,200000.0,7592.0,200000.0,-526.0,0.0
670704105,New Holding,NUVASIVE INC,,,5382.0,80744.0,,
20341J104,Sold Out,COMMUNICATIONS SALES&LEAS IN,8670.0,300000.0,,,,
36197T103,New Holding,GW PHARMACEUTICALS PLC,,,5522.0,41600.0,,
N3167Y103,Sold Out,FERRARI N V,67534.0,1650478.0,,,,
609207105,New Holding,MONDELEZ INTL INC,,,145310.0,3310023.0,,
78667J108,New Holding,SAGE THERAPEUTICS INC,,,5117.0,111127.0,,
90184L102,New Holding,TWITTER INC,,,67902.0,2945866.0,,
90184L102,New Holding,TWITTER INC,,,2305.0,100000.0,,
G97822103,Sold Out,PERRIGO CO PLC,43619.0,481077.0,,,,
984332106,New Holding,YAHOO INC,,,8580.0,199070.0,,
485865109,New Holding,KATE SPADE & CO,,,18275.0,1066833.0,,
004225108,New Holding,ACADIA PHARMACEUTICALS INC,,,4748.0,149252.0,,
64125C109,New Holding,NEUROCRINE BIOSCIENCES INC,,,4872.0,96210.0,,
904311107,Sold Out,UNDER ARMOUR INC,9384.0,257815.0,,,,
12650T104,Not New,CSRA INC,129796.0,4825117.0,133713.0,5706898.0,3917.0,881781.0
81369Y605,Not New,SELECT SECTOR SPDR TR,9650.0,500000.0,22855.0,1000000.0,13205.0,500000.0
30212P303,Sold Out,EXPEDIA INC DEL,219959.0,2069225.0,,,,
24703L103,New Holding,DELL TECHNOLOGIES INC,,,144540.0,3023842.0,,
83416T100,New Holding,SOLARCITY CORP,,,1956.0,100000.0,,
05329W102,Sold Out,AUTONATION INC,143052.0,3044957.0,,,,
931427108,Sold Out,WALGREENS BOOTS ALLIANCE INC,381302.0,4579100.0,,,,
87817A107,Not New,TEAM HEALTH HOLDINGS INC,191790.0,5890368.0,239561.0,5890368.0,47771.0,0.0
G96629103,Not New,WILLIS TOWERS WATSON PUB LTD,280315.0,2111279.0,163898.0,1318458.0,-116417.0,-792821.0
09061G101,New Holding,BIOMARIN PHARMACEUTICAL INC,,,4893.0,52890.0,,
913903100,New Holding,UNIVERSAL HLTH SVCS INC,,,156939.0,1273646.0,,
40416M105,Not New,HD SUPPLY HLDGS INC,266480.0,8332699.0,104198.0,2992470.0,-162282.0,-5340229.0
24983L104,New Holding,DERMIRA INC,,,5055.0,149457.0,,
78462F103,Not New,SPDR S&P 500 ETF TR,9409.0,43500.0,73316.0,350000.0,63907.0,306500.0
78462F103,Not New,SPDR S&P 500 ETF TR,643493.0,2975000.0,73316.0,350000.0,-570177.0,-2625000.0
08579W103,Sold Out,BERRY PLASTICS GROUP INC,97491.0,2509430.0,,,,
