CUSIP,status,NAME OF ISSUER,(x$1000)_old,PRN AMT_old,(x$1000),PRN AMT,(x$1000)_change,PRN AMT_change
530307305,Not New,LIBERTY BROADBAND CORP,155760.0,2751951.0,119538.0,2399400.0,-36222.0,-352551.0
09057G602,Sold Out,BIO-REFERENCE LABS INC,23134.0,720000.0,,,,
76131D103,Not New,RESTAURANT BRANDS INTL INC,90072.0,2345012.0,91549.0,2345012.0,1477.0,0.0
896288107,New Holding,TRINET GROUP INC,,,81684.0,2318590.0,,
897888103,Sold Out,TRULIA INC,65998.0,1433808.0,,,,
60879B107,Not New,MOMO INC,23108.0,2180000.0,21000.0,1750000.0,-2108.0,-430000.0
53071M880,Not New,LIBERTY INTERACTIVE CORP,222233.0,5290000.0,199539.0,5290000.0,-22694.0,0.0
893641100,Not New,TRANSDIGM GROUP INC,561807.0,2568615.0,499438.0,2543612.0,-62369.0,-25003.0
16117M305,Not New,CHARTER COMMUNICATIONS INC D,230292.0,1192541.0,320591.0,1924086.0,90299.0,731545.0
682163100,Not New,ON DECK CAP INC,145837.0,6850000.0,142431.0,6350000.0,-3406.0,-500000.0
92826C839,Not New,VISA INC,54819.0,838089.0,45224.0,172479.0,-9595.0,-665610.0
922475108,Not New,VEEVA SYS INC,1915.0,75000.0,1981.0,75000.0,66.0,0.0
36467W109,Not New,GAMESTOP CORP NEW,75920.0,2000000.0,67600.0,2000000.0,-8320.0,0.0
62855J104,Not New,MYRIAD GENETICS INC,10305.0,291097.0,64714.0,1900000.0,54409.0,1608903.0
98600P201,Not New,YODLEE INC,4711.0,350000.0,4270.0,350000.0,-441.0,0.0
531229AB8,Sold Out,LIBERTY MEDIA CORP DELAWARE,31984.0,32500000.0,,,,
42805T105,Not New,HERTZ GLOBAL HOLDINGS INC,308013.0,14207250.0,355644.0,14260000.0,47631.0,52750.0
38268T103,Sold Out,GOPRO INC,113543.0,1795992.0,,,,
83415T101,Sold Out,SOLAZYME INC,1290.0,500000.0,,,,
800013104,Not New,SANDERSON FARMS INC,73676.0,925000.0,94528.0,1125000.0,20852.0,200000.0
92230Y104,New Holding,VASCO DATA SEC INTL INC,,,40926.0,1900000.0,,
530307115,Sold Out,LIBERTY BROADBAND CORP,2090.0,220001.0,,,,
741503403,New Holding,PRICELINE GRP INC,,,482909.0,414817.0,,
88554D205,Not New,3-D SYS CORP DEL,19194.0,700000.0,66939.0,2036483.0,47745.0,1336483.0
52603A109,Not New,LENDINGCLUB CORP,5404.0,275000.0,6958.0,275000.0,1554.0,0.0
G5480U120,Not New,LIBERTY GLOBAL PLC,462652.0,9288326.0,432553.0,8953698.0,-30099.0,-334628.0
31816Q101,Not New,FIREEYE INC,7850.0,200000.0,6316.0,200000.0,-1534.0,0.0
V5633W109,Not New,MAKEMYTRIP LIMITED MAURITIUS,41820.0,1904391.0,93764.0,3607688.0,51944.0,1703297.0
72147K108,Not New,PILGRIMS PRIDE CORP NEW,45180.0,2000000.0,65580.0,2000000.0,20400.0,0.0
G87210103,Not New,UTI WORLDWIDE INC,63087.0,5129000.0,61907.0,5129000.0,-1180.0,0.0
14862Q100,Sold Out,CASTLIGHT HEALTH INC,1346.0,115000.0,,,,
091727107,Not New,BITAUTO HLDGS LTD,301360.0,5922953.0,462242.0,6565000.0,160882.0,642047.0
89628E104,Sold Out,TRINA SOLAR LIMITED,23613.0,2550000.0,,,,
M85548101,Sold Out,STRATASYS LTD,49866.0,600000.0,,,,
053774105,Not New,AVIS BUDGET GROUP,286238.0,4850254.0,337938.0,5094800.0,51700.0,244546.0
45173K101,Not New,IDREAMSKY TECHNOLOGY LIMITED,709.0,100000.0,1708.0,100000.0,999.0,0.0
22943F100,New Holding,CTRIP COM INTL LTD,,,19345.0,330000.0,,
897888AB9,Not New,TRULIA INC,2868.0,2000000.0,2885.0,2000000.0,17.0,0.0
47215P106,Not New,JD COM INC,614669.0,20921329.0,118370.0,5115392.0,-496299.0,-15805937.0
440894103,Not New,HORTONWORKS INC,6208.0,260400.0,3510.0,130000.0,-2698.0,-130400.0
98973P101,New Holding,ZIOPHARM ONCOLOGY INC,,,2154.0,200000.0,,
74906P104,Not New,QUNAR CAYMAN IS LTD,6188.0,150000.0,4265.0,150000.0,-1923.0,0.0
57636Q104,Not New,MASTERCARD INC,614327.0,7111093.0,621563.0,7214060.0,7236.0,102967.0
G5258J109,Sold Out,KING DIGITAL ENTMT PLC,76792.0,4999500.0,,,,
826516106,Sold Out,SIERRA WIRELESS INC,23695.0,500000.0,,,,
31680Q104,Not New,58 COM INC,129556.0,2450000.0,101798.0,2450000.0,-27758.0,0.0
194014106,Not New,COLFAX CORP,243820.0,5108326.0,212211.0,4115000.0,-31609.0,-993326.0
90184L102,Not New,TWITTER INC,25040.0,500000.0,17935.0,500000.0,-7105.0,0.0
92763W103,Not New,VIPSHOP HLDGS LTD,469572.0,15950149.0,337065.0,17250000.0,-132507.0,1299851.0
N51488117,Sold Out,MOBILEYE N V AMSTELVEEN,40560.0,1000000.0,,,,
98954M101,New Holding,ZILLOW GROUP INC,,,359344.0,3582691.0,,
87336U105,Not New,TABLEAU SOFTWARE INC,156110.0,1687316.0,152992.0,1805000.0,-3118.0,117684.0
46122T102,New Holding,INTREXON CORP,,,13611.0,300000.0,,
485865109,New Holding,KATE SPADE & CO,,,119408.0,3576165.0,,
575385109,Not New,MASONITE INTL CORP NEW,68942.0,1025000.0,62997.0,1025000.0,-5945.0,0.0
836034108,Sold Out,SOUFUN HLDGS LTD,41138.0,5566700.0,,,,
459200101,New Holding,INTERNATIONAL BUSINESS MACHS,,,22763.0,141823.0,,
05278C107,Not New,AUTOHOME INC,384078.0,8735000.0,317605.0,8735000.0,-66473.0,0.0
339041105,Not New,FLEETCOR TECHNOLOGIES INC,497025.0,3293300.0,438781.0,2950583.0,-58244.0,-342717.0
98954L103,Not New,ZHAOPIN LTD,20081.0,1275000.0,19355.0,1275000.0,-726.0,0.0
90130A101,Not New,TWENTY FIRST CENTY FOX INC,568689.0,16805219.0,645404.0,16805219.0,76715.0,0.0
68620A104,Sold Out,ORGANOVO HLDGS INC,3625.0,500000.0,,,,
64110L106,Not New,NETFLIX INC,64952.0,155877.0,44409.0,130000.0,-20543.0,-25877.0
400110102,Sold Out,GRUBHUB INC,45037.0,1240000.0,,,,
761283100,Not New,RESTORATION HARDWARE HLDGS I,316754.0,3193410.0,306599.0,3193410.0,-10155.0,0.0
98954A107,Sold Out,ZILLOW INC,311961.0,2946081.0,,,,
316827104,Not New,51JOB INC,36318.0,1125623.0,33606.0,937400.0,-2712.0,-188223.0
64829B100,Not New,NEW RELIC INC,868.0,25000.0,871.0,25000.0,3.0,0.0
01609W102,Not New,ALIBABA GROUP HLDG LTD,556869.0,6689926.0,604483.0,5815690.0,47614.0,-874236.0
65440R101,Not New,NIMBLE STORAGE INC,5578.0,250000.0,6875.0,250000.0,1297.0,0.0
