CUSIP,status,NAME OF ISSUER,(x$1000)_old,PRN AMT_old,(x$1000),PRN AMT,(x$1000)_change,PRN AMT_change
09057G602,Not New,BIO-REFERENCE LABS INC,23134.0,720000.0,20203.0,720000.0,-2931.0,0.0
530307305,New Holding,LIBERTY BROADBAND CORP,,,119538.0,2399400.0,,
76131D103,New Holding,RESTAURANT BRANDS INTL INC,,,91549.0,2345012.0,,
897888103,Not New,TRULIA INC,65998.0,1433808.0,70113.0,1433808.0,4115.0,0.0
60879B107,New Holding,MOMO INC,,,21000.0,1750000.0,,
53071M880,New Holding,LIBERTY INTERACTIVE CORP,,,199539.0,5290000.0,,
893641100,Not New,TRANSDIGM GROUP INC,499438.0,2543612.0,469800.0,2548688.0,-29638.0,5076.0
16117M305,Not New,CHARTER COMMUNICATIONS INC D,320591.0,1924086.0,304745.0,2013248.0,-15846.0,89162.0
682163100,New Holding,ON DECK CAP INC,,,142431.0,6350000.0,,
92826C839,Not New,VISA INC,45224.0,172479.0,60699.0,284479.0,15475.0,112000.0
98986T108,Sold Out,ZYNGA INC,15228.0,5640000.0,,,,
78464A888,Sold Out,SPDR SERIES TRUST,695365.0,23500000.0,,,,
922475108,Not New,VEEVA SYS INC,1981.0,75000.0,2113.0,75000.0,132.0,0.0
36467W109,New Holding,GAMESTOP CORP NEW,,,67600.0,2000000.0,,
62855J104,Not New,MYRIAD GENETICS INC,64714.0,1900000.0,73283.0,1900000.0,8569.0,0.0
98600P201,New Holding,YODLEE INC,,,4270.0,350000.0,,
90138A103,Sold Out,21VIANET GROUP INC,36000.0,2000000.0,,,,
42805T105,Not New,HERTZ GLOBAL HOLDINGS INC,355644.0,14260000.0,402459.0,15851100.0,46815.0,1591100.0
38268T103,Not New,GOPRO INC,113543.0,1795992.0,49029.0,523250.0,-64514.0,-1272742.0
83415T101,New Holding,SOLAZYME INC,,,1290.0,500000.0,,
379890106,Sold Out,GLU MOBILE INC,10469.0,2025000.0,,,,
800013104,New Holding,SANDERSON FARMS INC,,,94528.0,1125000.0,,
530307115,New Holding,LIBERTY BROADBAND CORP,,,2090.0,220001.0,,
741503403,Sold Out,PRICELINE GRP INC,15683.0,13536.0,,,,
88554D205,Not New,3-D SYS CORP DEL,66939.0,2036483.0,87476.0,1886483.0,20537.0,-150000.0
52603A109,New Holding,LENDINGCLUB CORP,,,6958.0,275000.0,,
G5480U120,Not New,LIBERTY GLOBAL PLC,432553.0,8953698.0,367236.0,8953698.0,-65317.0,0.0
31816Q101,Not New,FIREEYE INC,6316.0,200000.0,6112.0,200000.0,-204.0,0.0
V5633W109,Not New,MAKEMYTRIP LIMITED MAURITIUS,93764.0,3607688.0,189917.0,6824168.0,96153.0,3216480.0
72147K108,New Holding,PILGRIMS PRIDE CORP NEW,,,65580.0,2000000.0,,
G87210103,Not New,UTI WORLDWIDE INC,61907.0,5129000.0,54521.0,5129000.0,-7386.0,0.0
16948F107,Sold Out,CHINA XD PLASTICS CO LTD,957.0,175000.0,,,,
45824V209,Sold Out,INSYS THERAPEUTICS INC NEW,11634.0,300000.0,,,,
14862Q100,Not New,CASTLIGHT HEALTH INC,1346.0,115000.0,1488.0,115000.0,142.0,0.0
091727107,Not New,BITAUTO HLDGS LTD,462242.0,6565000.0,512070.0,6565000.0,49828.0,0.0
89628E104,Not New,TRINA SOLAR LIMITED,23613.0,2550000.0,30779.0,2550000.0,7166.0,0.0
761152107,Sold Out,RESMED INC,49270.0,1000000.0,,,,
M85548101,New Holding,STRATASYS LTD,,,49866.0,600000.0,,
121220107,Sold Out,BURGER KING WORLDWIDE INC,220967.0,7450000.0,,,,
053774105,Not New,AVIS BUDGET GROUP,337938.0,5094800.0,185517.0,3379800.0,-152421.0,-1715000.0
45173K101,Not New,IDREAMSKY TECHNOLOGY LIMITED,1708.0,100000.0,1701.0,100000.0,-7.0,0.0
897888AB9,New Holding,TRULIA INC,,,2885.0,2000000.0,,
47215P106,New Holding,JD COM INC,,,118370.0,5115392.0,,
440894103,New Holding,HORTONWORKS INC,,,3510.0,130000.0,,
246911101,Sold Out,DELIA'S INC NEW,910.0,3400000.0,,,,
74906P104,Not New,QUNAR CAYMAN IS LTD,4265.0,150000.0,4148.0,150000.0,-117.0,0.0
G5258J109,Not New,KING DIGITAL ENTMT PLC,76792.0,4999500.0,60198.0,4740000.0,-16594.0,-259500.0
57636Q104,Not New,MASTERCARD INC,621563.0,7214060.0,560792.0,7586471.0,-60771.0,372411.0
826516106,New Holding,SIERRA WIRELESS INC,,,23695.0,500000.0,,
31680Q104,New Holding,58 COM INC,,,101798.0,2450000.0,,
194014106,Not New,COLFAX CORP,212211.0,4115000.0,227880.0,4000000.0,15669.0,-115000.0
90184L102,Not New,TWITTER INC,17935.0,500000.0,25790.0,500000.0,7855.0,0.0
92763W103,Not New,VIPSHOP HLDGS LTD,337065.0,17250000.0,324152.0,1715000.0,-12913.0,-15535000.0
N51488117,Not New,MOBILEYE N V AMSTELVEEN,40560.0,1000000.0,53590.0,1000000.0,13030.0,0.0
87336U105,Not New,TABLEAU SOFTWARE INC,152992.0,1805000.0,104627.0,1440148.0,-48365.0,-364852.0
575385109,Not New,MASONITE INTL CORP NEW,62997.0,1025000.0,53996.0,975000.0,-9001.0,-50000.0
836034108,Not New,SOUFUN HLDGS LTD,41138.0,5566700.0,139300.0,14000000.0,98162.0,8433300.0
98954L103,Not New,ZHAOPIN LTD,19355.0,1275000.0,16191.0,1248370.0,-3164.0,-26630.0
05278C107,Not New,AUTOHOME INC,317605.0,8735000.0,282937.0,6735000.0,-34668.0,-2000000.0
339041105,Not New,FLEETCOR TECHNOLOGIES INC,438781.0,2950583.0,414363.0,2915583.0,-24418.0,-35000.0
90130A101,Not New,TWENTY FIRST CENTY FOX INC,645404.0,16805219.0,576251.0,16805219.0,-69153.0,0.0
68620A104,New Holding,ORGANOVO HLDGS INC,,,3625.0,500000.0,,
64110L106,New Holding,NETFLIX INC,,,44409.0,130000.0,,
124857202,Sold Out,CBS CORP NEW,85414.0,1596526.0,,,,
65440R101,Not New,NIMBLE STORAGE INC,6875.0,250000.0,6493.0,250000.0,-382.0,0.0
400110102,New Holding,GRUBHUB INC,,,45037.0,1240000.0,,
761283100,Not New,RESTORATION HARDWARE HLDGS I,306599.0,3193410.0,254036.0,3193410.0,-52563.0,0.0
98954A107,Not New,ZILLOW INC,311961.0,2946081.0,363754.0,3136081.0,51793.0,190000.0
316827104,New Holding,51JOB INC,,,33606.0,937400.0,,
64829B100,New Holding,NEW RELIC INC,,,871.0,25000.0,,
01609W102,New Holding,ALIBABA GROUP HLDG LTD,,,604483.0,5815690.0,,
003654100,Sold Out,ABIOMED INC,41963.0,1690000.0,,,,
531229AB8,New Holding,LIBERTY MEDIA CORP DELAWARE,,,31984.0,32500000.0,,
