CUSIP,status,NAME OF ISSUER,(x$1000)_old,PRN AMT_old,(x$1000),PRN AMT,(x$1000)_change,PRN AMT_change
25470MAB5,Not New,DISH NETWORK CORP,539351.0,565000000.0,478800.0,500000000.0,-60551.0,-65000000.0
G0684D107,Not New,ATHENE HLDG LTD,100335.0,1942212.0,85147.0,1942212.0,-15188.0,0.0
925652109,Not New,VICI PPTYS INC,28937.0,1338433.0,27499.0,1332314.0,-1438.0,-6119.0
681936100,Not New,OMEGA HEALTHCARE INVS INC,6554.0,200000.0,6200.0,200000.0,-354.0,0.0
204409601,Sold Out,COMPANHIA ENERGETICA DE MINA,1380.0,749900.0,,,,
969457100,Not New,WILLIAMS COS INC DEL,406491.0,14950000.0,328031.0,12100000.0,-78460.0,-2850000.0
N6596X109,New Holding,NXP SEMICONDUCTORS N V,,,44460.0,520000.0,,
00206R102,Sold Out,AT&T INC,32913.0,1025000.0,,,,
02005N100,Not New,ALLY FINL INC,92575.0,3500000.0,91945.0,3500000.0,-630.0,0.0
709102107,Not New,PENNSYLVANIA RL ESTATE INVT,9460.0,1000000.0,10990.0,1000000.0,1530.0,0.0
98919V105,Not New,ZAYO GROUP HLDGS INC,22568.0,650000.0,23712.0,650000.0,1144.0,0.0
670851500,New Holding,OI S A,,,14874.0,5448288.0,,
G7998G106,New Holding,SEADRILL LTD,,,164965.0,6657192.0,,
G7665A101,New Holding,ROWAN COMPANIES PLC,,,45192.0,2400000.0,,
009728106,Sold Out,AKORN INC,21567.0,1300000.0,,,,
87165B103,New Holding,SYNCHRONY FINL,,,83916.0,2700000.0,,
76133Q102,New Holding,RETAIL VALUE INC,,,10134.0,310000.0,,
80589M102,Not New,SCANA CORP NEW,44633.0,1147675.0,18297.0,475000.0,-26336.0,-672675.0
G0177J108,Not New,ALLERGAN PLC,216195.0,1135000.0,180891.0,1085000.0,-35304.0,-50000.0
12541W209,Not New,C H ROBINSON WORLDWIDE INC,146880.0,1500000.0,125490.0,1500000.0,-21390.0,0.0
427866108,Not New,HERSHEY CO,76500.0,750000.0,69795.0,750000.0,-6705.0,0.0
G66964118,Sold Out,OCEAN RIG UDW INC,28656.0,972061.0,,,,
23317H854,Not New,DDR CORP,14060.0,1050000.0,18795.0,1050000.0,4735.0,0.0
268785102,Not New,EP ENERGY CORP,9360.0,4000000.0,12000.0,4000000.0,2640.0,0.0
25470M109,Not New,DISH NETWORK CORP,486551.0,13606000.0,103519.0,3080000.0,-383032.0,-10526000.0
