CUSIP,status,NAME OF ISSUER,(x$1000)_old,PRN AMT_old,(x$1000),PRN AMT,(x$1000)_change,PRN AMT_change
02076X102,Not New,ALPHA NATURAL RESOURCES INC,4470.0,750000.0,3930.0,750000.0,-540.0,0.0
552848AD5,Not New,MGIC INVT CORP WIS,72053.0,66500000.0,67960.0,66500000.0,-4093.0,0.0
81211K100,Not New,SEALED AIR CORP NEW,40785.0,1500000.0,35925.0,1500000.0,-4860.0,0.0
984245100,New Holding,YPF SOCIEDAD ANONIMA,,,29203.0,1450700.0,,
026874784,Not New,AMERICAN INTL GROUP INC,121575.0,2500000.0,89400.0,2000000.0,-32175.0,-500000.0
25179M103,Not New,DEVON ENERGY CORP NEW,57760.0,1000000.0,51880.0,1000000.0,-5880.0,0.0
49456B119,Not New,KINDER MORGAN INC DEL,22185.0,4500000.0,46572.0,9096154.0,24387.0,4596154.0
91912E105,New Holding,VALE S A,,,23415.0,1500000.0,,
26817R108,Not New,DYNEGY INC NEW DEL,38640.0,2000000.0,45100.0,2000000.0,6460.0,0.0
172967424,Not New,CITIGROUP INC,36383.0,750000.0,23985.0,500000.0,-12398.0,-250000.0
060505104,New Holding,BANK OF AMERICA CORPORATION,,,27600.0,2000000.0,,
039380100,Not New,ARCH COAL INC,3083.0,750000.0,2835.0,750000.0,-248.0,0.0
247361702,Not New,DELTA AIR LINES INC DEL,11795.0,500000.0,28065.0,1500000.0,16270.0,1000000.0
868536103,Not New,SUPERVALU INC,9259.0,1125000.0,9330.0,1500000.0,71.0,375000.0
37045V126,Not New,GENERAL MTRS CO,19653.0,1046767.0,17115.0,1046767.0,-2538.0,0.0
37045V100,Sold Out,GENERAL MTRS CO,1714.0,51444.0,,,,
552953101,Not New,MGM RESORTS INTERNATIONAL,40880.0,2000000.0,29560.0,2000000.0,-11320.0,0.0
938824117,Not New,WASHINGTON FED INC,5286.0,891411.0,3913.0,891411.0,-1373.0,0.0
37045V118,Sold Out,GENERAL MTRS CO,1122.0,46767.0,,,,
Y62159101,New Holding,NAVIOS MARITIME ACQUIS CORP,,,7360.0,2000000.0,,
552848AE3,Not New,MGIC INVT CORP WIS,39229.0,31000000.0,35157.0,31000000.0,-4072.0,0.0
