CUSIP,status,NAME OF ISSUER,(x$1000)_old,PRN AMT_old,(x$1000),PRN AMT,(x$1000)_change,PRN AMT_change
938824117,Not New,WASHINGTON FED INC,3913,891411,3913,891411,0,0
02076X102,Not New,ALPHA NATURAL RESOURCES INC,3930,750000,3930,750000,0,0
49456B119,Not New,KINDER MORGAN INC DEL,46572,9096154,46572,9096154,0,0
247361702,Not New,DELTA AIR LINES INC DEL,28065,1500000,28065,1500000,0,0
26817R108,Not New,DYNEGY INC NEW DEL,45100,2000000,45100,2000000,0,0
552848AD5,Not New,MGIC INVT CORP WIS,67960,66500000,67960,66500000,0,0
868536103,Not New,SUPERVALU INC,9330,1500000,9330,1500000,0,0
37045V126,Not New,GENERAL MTRS CO,17115,1046767,17115,1046767,0,0
552953101,Not New,MGM RESORTS INTERNATIONAL,29560,2000000,29560,2000000,0,0
172967424,Not New,CITIGROUP INC,23985,500000,23985,500000,0,0
81211K100,Not New,SEALED AIR CORP NEW,35925,1500000,35925,1500000,0,0
37045V100,Not New,GENERAL MTRS CO,1714,51444,1714,51444,0,0
37045V118,Not New,GENERAL MTRS CO,1122,46767,1122,46767,0,0
552848AE3,Not New,MGIC INVT CORP WIS,35157,31000000,35157,31000000,0,0
026874784,Not New,AMERICAN INTL GROUP INC,89400,2000000,89400,2000000,0,0
25179M103,Not New,DEVON ENERGY CORP NEW,51880,1000000,51880,1000000,0,0
039380100,Not New,ARCH COAL INC,2835,750000,2835,750000,0,0
