CUSIP,status,NAME OF ISSUER,(x$1000)_old,PRN AMT_old,(x$1000),PRN AMT,(x$1000)_change,PRN AMT_change
25470MAB5,Not New,DISH NETWORK CORP,533287.0,582000000.0,558843.0,575000000.0,25556.0,-7000000.0
G0684D107,Not New,ATHENE HLDG LTD,81689.0,1942212.0,83632.0,1942212.0,1943.0,0.0
925652109,Not New,VICI PPTYS INC,82219.0,3630000.0,75597.0,3430000.0,-6622.0,-200000.0
69331C108,Not New,PG&E CORP,64000.0,6400000.0,114600.0,5000000.0,50600.0,-1400000.0
G3166L100,Sold Out,ENSCO ROWAN PLC,17007.0,1993750.0,,,,
29359WAB1,Not New,ENSCO JERSEY FIN LTD,3994.0,6000000.0,4719.0,6000000.0,725.0,0.0
969457100,Sold Out,WILLIAMS COS INC DEL,112160.0,4000000.0,,,,
23355L106,Sold Out,DXC TECHNOLOGY CO,19303.0,350000.0,,,,
86881A100,New Holding,SURGERY PARTNERS INC,,,890.0,120474.0,,
670851500,Sold Out,OI S A,8413.0,4185820.0,,,,
G7998G106,Not New,SEADRILL LTD,13980.0,6657192.0,27694.0,6657192.0,13714.0,0.0
35137L105,Not New,FOX CORP,22863.0,725000.0,26564.0,725000.0,3701.0,0.0
47215P106,Sold Out,JD COM INC,17417.0,575000.0,,,,
G0177J108,Sold Out,ALLERGAN PLC,66972.0,400000.0,,,,
G9402V109,New Holding,VALARIS PLC,,,9590.0,1993750.0,,
723787107,Not New,PIONEER NAT RES CO,27921.0,222000.0,34157.0,222000.0,6236.0,0.0
75605Y106,New Holding,REALOGY HLDGS CORP,,,3340.0,500000.0,,
501797104,Not New,L BRANDS INC,12734.0,650000.0,16965.0,650000.0,4231.0,0.0
08579W103,Sold Out,BERRY GLOBAL GROUP INC,30502.0,580000.0,,,,
25470M109,Not New,DISH NETWORK CORP,441680.0,12963900.0,505284.0,13155000.0,63604.0,191100.0
