CUSIP,status,NAME OF ISSUER,(x$1000)_old,PRN AMT_old,(x$1000),PRN AMT,(x$1000)_change,PRN AMT_change
23282W605,Sold Out,CYTOKINETICS INC,6650.0,700000.0,,,,
018490102,New Holding,ALLERGAN INC,,,8461.0,50000.0,,
45166R204,Sold Out,IDENIX PHARMACEUTICALS INC,1809.0,300000.0,,,,
457669307,Not New,INSMED INC,35964.0,1800000.0,6474.0,340000.0,-29490.0,-1460000.0
766559603,Sold Out,RIGEL PHARMACEUTICALS INC,194.0,50000.0,,,,
75874Q107,New Holding,REGADO BIOSCIENCES INC,,,5839.0,860000.0,,
375558103,Sold Out,GILEAD SCIENCES INC,3543.0,50000.0,,,,
750491102,New Holding,RADNET INC,,,152.0,22975.0,,
34385P108,Sold Out,FLUIDIGM CORP DEL,135.0,3070.0,,,,
00444T100,Not New,ACELRX PHARMACEUTICALS INC,67384.0,6574060.0,78954.0,6574060.0,11570.0,0.0
686164104,New Holding,OREXIGEN THERAPEUTICS INC,,,1384.0,224000.0,,
60855R100,New Holding,MOLINA HEALTHCARE INC,,,106.0,2380.0,,
03674U201,Sold Out,ANTHERA PHARMACEUTICALS INC,1603.0,478456.0,,,,
85858C107,Sold Out,STEMLINE THERAPEUTICS INC,1.0,38.0,,,,
020409108,New Holding,ALMOST FAMILY INC,,,104.0,4708.0,,
15135B101,Not New,CENTENE CORP DEL,4537.0,60000.0,162.0,2610.0,-4375.0,-57390.0
552768103,Not New,MGC DIAGNOSTICS CORP,2652.0,316459.0,2310.0,206957.0,-342.0,-109502.0
585055106,New Holding,MEDTRONIC INC,,,8289.0,130000.0,,
16934W106,Not New,CHIMERIX INC,3241.0,148000.0,3199.0,140000.0,-42.0,-8000.0
14862Q100,Sold Out,CASTLIGHT HEALTH INC,180.0,8500.0,,,,
140475104,Sold Out,CAPITAL SR LIVING CORP,5263.0,202500.0,,,,
516012101,Sold Out,LANNET INC,241.0,6744.0,,,,
09609G100,Sold Out,BLUEBIRD BIO INC,455.0,20000.0,,,,
683745103,Not New,OPHTHOTECH CORP,15717.0,371469.0,8935.0,250000.0,-6782.0,-121469.0
803607100,Not New,SAREPTA THERAPEUTICS INC,76217.0,2558478.0,8413.0,350000.0,-67804.0,-2208478.0
803607100,Not New,SAREPTA THERAPEUTICS INC,76217.0,2558478.0,69182.0,2878979.0,-7035.0,320501.0
767754104,Sold Out,RITE AID CORP,94.0,14924.0,,,,
004449104,Not New,ACHAOGEN INC,838.0,60000.0,928.0,60000.0,90.0,0.0
651511107,Not New,NEWLINK GENETICS CORP,1328.0,50000.0,1420.0,50000.0,92.0,0.0
00287Y109,Sold Out,ABBVIE INC,3444.0,67000.0,,,,
88338N107,Sold Out,THERAPEUTICSMD INC,44.0,7000.0,,,,
759531106,Not New,RELYPSA INC,14509.0,596605.0,5402.0,181200.0,-9107.0,-415405.0
02043Q107,Sold Out,ALNYLAM PHARMACEUTICALS INC,3357.0,50000.0,,,,
40412C101,Not New,HCA HOLDINGS INC,11152.0,197806.0,7875.0,150000.0,-3277.0,-47806.0
800677106,Not New,SANGAMO BIOSCIENCES INC,12216.0,800000.0,14464.0,800000.0,2248.0,0.0
37246C307,Not New,GENVEC INC,2107.0,820000.0,2173.0,820000.0,66.0,0.0
64125C109,Not New,NEUROCRINE BIOSCIENCES INC,68262.0,4599867.0,74372.0,4619367.0,6110.0,19500.0
004225108,Not New,ACADIA PHARMACEUTICALS INC,14751.0,653000.0,16204.0,666000.0,1453.0,13000.0
G30401106,Sold Out,ENDO INTL PLC,78.0,1138.0,,,,
15870P109,Sold Out,CHAMPIONS ONCOLOGY,1609.0,1625299.0,,,,
87911B209,Sold Out,TEKMIRA PHARMACEUTICALS CORP,2149.0,100000.0,,,,
040047102,New Holding,ARENA PHARMACEUTICALS INC,,,176.0,30000.0,,
48576U106,New Holding,KARYOPHARM THERAPEUTICS INC,,,2125.0,45643.0,,
89365K305,Not New,TRANSGENOMIC INC,687.0,183957.0,842.0,183957.0,155.0,0.0
681904108,Sold Out,OMNICARE INC,103.0,1732.0,,,,
64077P108,Not New,NEPTUNE TECHNOLOGIES BIORESO,18493.0,6700444.0,16550.0,6700444.0,-1943.0,0.0
98401F105,Not New,XENCOR INC,20226.0,1740621.0,17462.0,1488672.0,-2764.0,-251949.0
03842B101,Not New,AQUINOX PHARMACEUTICALS INC,1218.0,130000.0,1655.0,130000.0,437.0,0.0
019621200,Sold Out,ALLIQUA,6472.0,784594.0,,,,
M47238106,Not New,GALMED PHARMACEUTICALS LTD,731.0,75000.0,860.0,75000.0,129.0,0.0
23918K108,Sold Out,DAVITA HEALTHCARE PARTNERS I,164.0,2382.0,,,,
00434H108,New Holding,ACCELERON PHARMA INC,,,10191.0,300000.0,,
69329Y104,New Holding,PDL BIOPHARMA INC,,,99.0,10183.0,,
83175M205,New Holding,SMITH & NEPHEW PLC,,,2050.0,22963.0,,
628530107,Not New,MYLAN INC,14566.0,282500.0,11353.0,232500.0,-3213.0,-50000.0
M87245102,Not New,SYNERON MEDICAL LTD,1187.0,115000.0,1587.0,127500.0,400.0,12500.0
452327109,Sold Out,ILLUMINA INC,372.0,2500.0,,,,
58501N101,Sold Out,MEDIVATION INC,2053.0,31900.0,,,,
00817Y108,New Holding,AETNA INC NEW,,,10646.0,131308.0,,
98235T107,Sold Out,WRIGHT MED GROUP INC,311.0,10000.0,,,,
917277204,Not New,UROPLASTY INC,1791.0,668287.0,1880.0,517791.0,89.0,-150496.0
682324108,Not New,ONCOTHYREON INC,949.0,292779.0,1624.0,543000.0,675.0,250221.0
94946T106,New Holding,WELLCARE HEALTH PLANS INC,,,97.0,1302.0,,
379577208,Sold Out,GLOBUS MED INC,4520.0,170000.0,,,,
03232P405,New Holding,AMSURG CORP,,,90.0,1980.0,,
44934S206,Not New,ICAD INC,962.0,150000.0,1603.0,175000.0,641.0,25000.0
20009T121,Sold Out,COMBIMATRIX CORPORATION,9.0,5000.0,,,,
589499102,New Holding,MERGE HEALTHCARE INC,,,99.0,43478.0,,
45845P108,New Holding,INTERCEPT INC,,,4733.0,20000.0,,
090931106,New Holding,BIOSPECIFICS TECHNOLOGIES CO,,,100.0,3700.0,,
M25722105,Sold Out,COMPUGEN LTD,1787.0,170000.0,,,,
042564203,Sold Out,ARNO THERAPEUTICS,4517.0,2034721.0,,,,
09060J106,Not New,BIODELIVERY SCIENCES INTL IN,8449.0,700000.0,1604.0,190000.0,-6845.0,-510000.0
759916109,Sold Out,REPLIGEN CORP,579.0,45000.0,,,,
189464100,Not New,CLOVIS ONCOLOGY INC,452.0,10917.0,11929.0,172217.0,11477.0,161300.0
928551100,Sold Out,VIVUS INC,594.0,100000.0,,,,
067383109,New Holding,BARD C R INC,,,97.0,676.0,,
427746102,Not New,HERON THERAPEUTICS INC,17738.0,1439770.0,24515.0,1762426.0,6777.0,322656.0
427746102,Not New,HERON THERAPEUTICS INC,2400.0,194785.0,24515.0,1762426.0,22115.0,1567641.0
92529L102,Not New,VERSARTIS INC,8855.0,315796.0,15063.0,501266.0,6208.0,185470.0
444859102,Not New,HUMANA INC,103.0,803.0,141.0,1250.0,38.0,447.0
92532F100,Not New,VERTEX PHARMACEUTICALS INC,2840.0,30000.0,21216.0,300000.0,18376.0,270000.0
92532F100,Not New,VERTEX PHARMACEUTICALS INC,2840.0,30000.0,41140.0,581728.0,38300.0,551728.0
92532F100,Not New,VERTEX PHARMACEUTICALS INC,44513.0,470142.0,21216.0,300000.0,-23297.0,-170142.0
92532F100,Not New,VERTEX PHARMACEUTICALS INC,44513.0,470142.0,41140.0,581728.0,-3373.0,111586.0
M8737E108,Not New,TARO PHARMACEUTICAL INDS LTD,130.0,924.0,10768.0,97011.0,10638.0,96087.0
M8737E108,Not New,TARO PHARMACEUTICAL INDS LTD,19560.0,139474.0,10768.0,97011.0,-8792.0,-42463.0
M8737E108,Not New,TARO PHARMACEUTICAL INDS LTD,22570.0,160935.0,10768.0,97011.0,-11802.0,-63924.0
04744L106,Not New,ATHERSYS INC,1077.0,601852.0,2273.0,701582.0,1196.0,99730.0
756207106,Not New,RECEPTOS INC,8733.0,205000.0,1468.0,35000.0,-7265.0,-170000.0
84760C107,Not New,SPECTRANETICS CORP,5568.0,243354.0,10080.0,332554.0,4512.0,89200.0
74835Y101,Not New,QUESTCOR PHARMACEUTICALS INC,36996.0,400000.0,1857.0,28600.0,-35139.0,-371400.0
45337C102,Not New,INCYTE CORP,1129.0,20000.0,9837.0,183800.0,8708.0,163800.0
125509109,Sold Out,CIGNA CORPORATION,106.0,1269.0,,,,
58471A105,Sold Out,MEDIDATA SOLUTIONS INC,152.0,2802.0,,,,
00847G705,Sold Out,AGENUS INC,634.0,200000.0,,,,
559079207,New Holding,MAGELLAN HEALTH INC,,,102.0,1642.0,,
37247A102,New Holding,GENTIVA HEALTH SERVICES INC,,,106.0,7052.0,,
584045108,New Holding,MEDASSETS INC,,,101.0,4429.0,,
74587V107,Sold Out,PUMA BIOTECHNOLOGY,76.0,735.0,,,,
58155Q103,New Holding,MCKESSON CORP,,,99.0,530.0,,
89366M201,New Holding,TRANSENTERIX INC,,,6552.0,1300000.0,,
00430K105,Not New,ACASTI PHARMA INC,2437.0,2566785.0,3299.0,2869447.0,862.0,302662.0
29428V104,Not New,EPIZYME INC,1326.0,42602.0,1198.0,52602.0,-128.0,10000.0
29358P101,New Holding,ENSIGN GROUP INC,,,109.0,3509.0,,
3674U201,New Holding,ANTHERA PHARMACEUTICALS INC,,,1622.0,478456.0,,
695127100,Sold Out,PACIRA PHARMACEUTICALS,139.0,2000.0,,,,
16938C106,New Holding,CHINA BIOLOGIC PRODS INC,,,107.0,2400.0,,
15870p109,New Holding,CHAMPIONS ONCOLOGY,,,1625.0,1625744.0,,
45884X103,Not New,INTERMUNE INC,9272.0,210000.0,3347.0,100000.0,-5925.0,-110000.0
45884X103,Not New,INTERMUNE INC,9272.0,210000.0,8702.0,260000.0,-570.0,50000.0
159864107,New Holding,CHARLES RIV LABS INTL INC,,,100.0,1860.0,,
G73268107,New Holding,QUOTIENT LTD,,,2499.0,300000.0,,
92337C104,Sold Out,VERASTEM INC,2391.0,220000.0,,,,
92857F107,Sold Out,VOCERA COMMUNICATIONS INC,163.0,10000.0,,,,
090694100,Not New,BIOTA PHARMACEUTIALS INC,722.0,253400.0,2536.0,415000.0,1814.0,161600.0
03152W109,Not New,AMICUS THERAPEUTICS INC,41214.0,12339444.0,2000.0,966300.0,-39214.0,-11373144.0
04963C209,Sold Out,ATRICURE INC,1881.0,100000.0,,,,
98411C100,Sold Out,XENOPORT INC,258.0,50000.0,,,,
74876Y101,New Holding,QUINTILES TRANSNATIO HLDGS I,,,100.0,1875.0,,
30161Q104,Not New,EXELIXIS INC,1356.0,400000.0,1416.0,400000.0,60.0,0.0
09071M106,Not New,BIOLINERX LTD,345.0,165698.0,399.0,179041.0,54.0,13343.0
00767E102,New Holding,AEGERION PHARMACEUTICALS ORD,,,3209.0,100000.0,,
294100102,Sold Out,ENZO BIOCHEM INC,1581.0,380000.0,,,,
71714F104,New Holding,PHARMERICA CORP,,,98.0,3441.0,,
042797209,Not New,ARROWHEAD RESH CORP,6045.0,422406.0,5210.0,317300.0,-835.0,-105106.0
30064E109,New Holding,EXACTECH INC,,,113.0,4464.0,,
69366J200,Not New,PTC THERAPEUTICS INC,17559.0,671736.0,17558.0,671736.0,-1.0,0.0
53619R102,Not New,LION BIOTECHNOLOGIES,19273.0,3011549.0,28320.0,3000000.0,9047.0,-11549.0
42222G108,Not New,HEALTH NET INC,250.0,6025.0,179.0,5275.0,-71.0,-750.0
85857R204,Not New,STEMCELLS INC,551.0,271600.0,364.0,271600.0,-187.0,0.0
42564203,New Holding,ARNO THERAPEUTICS,,,3621.0,2034721.0,,
29269A102,Sold Out,ENDOCYTE INC,10357.0,435000.0,,,,
266605104,Not New,DURECT CORP,1651.0,907064.0,1206.0,907064.0,-445.0,0.0
58436Q203,Not New,MEDGENICS INC,428.0,55073.0,428.0,61263.0,0.0,6190.0
82481R106,Not New,SHIRE PLC,21194.0,90000.0,4456.0,30000.0,-16738.0,-60000.0
151020104,Not New,CELGENE CORP,43580.0,507488.0,28786.0,206200.0,-14794.0,-301288.0
G4705A100,New Holding,ICON PLC,,,115.0,2440.0,,
896749108,New Holding,TRIPLE-S MGMT CORP,,,105.0,5880.0,,
45256B101,Sold Out,IMPAX LABORATORIES INC,158.0,5962.0,,,,
931422109,Not New,WALGREEN CO,3707.0,50000.0,20101.0,304419.0,16394.0,254419.0
931422109,Not New,WALGREEN CO,20905.0,282000.0,20101.0,304419.0,-804.0,22419.0
01449J105,Sold Out,ALERE INC,127.0,3700.0,,,,
G72800108,Not New,PROTHENA CORP PLC,10895.0,483162.0,13409.0,350000.0,2514.0,-133162.0
69562K100,Sold Out,PAIN THERAPEUTICS,194.0,35506.0,,,,
00771V108,Not New,ALLIQUA,4196.0,1121951.0,4482.0,211518.0,286.0,-910433.0
00182C103,Sold Out,ANI PHARMACEUTICALS INC,1411.0,45000.0,,,,
14888U101,New Holding,CATALYST PHARM PARTNERS INC,,,3795.0,1500000.0,,
26746E103,Not New,DYAX CORP,26022.0,2710598.0,23013.0,2562674.0,-3009.0,-147924.0
44047T109,Sold Out,HORIZON PHARMA INC,138.0,9120.0,,,,
45824V209,Sold Out,INSYS THERAPEUTICS INC NEW,255.0,6153.0,,,,
98956P102,New Holding,ZIMMER HLDGS INC,,,25186.0,242500.0,,
30063P105,Not New,EXACT SCIENCES CORP,15348.0,901250.0,25862.0,1825150.0,10514.0,923900.0
30063P105,Not New,EXACT SCIENCES CORP,15348.0,901250.0,12753.0,900000.0,-2595.0,-1250.0
86881L106,Sold Out,SURGICAL CARE AFFILIATES INC,230.0,7472.0,,,,
33830X104,Not New,FIVE PRIME THERAPEUTICS INC,2333.0,150000.0,2949.0,150000.0,616.0,0.0
761299106,Not New,RETROPHIN INC,14960.0,1274292.0,22138.0,1044292.0,7178.0,-230000.0
53220K504,New Holding,LIGAND PHARMACEUTICALS INC,,,1734.0,27843.0,,
G2554F113,Not New,COVIDIEN PLC,2255.0,25000.0,19365.0,262900.0,17110.0,237900.0
249827502,Not New,DERMA SCIENCES INC,4698.0,406437.0,6756.0,532800.0,2058.0,126363.0
871546206,New Holding,SYMMETRY MED INC,,,99.0,11148.0,,
881569107,Not New,TESARO INC,19816.0,636956.0,36262.0,1230070.0,16446.0,593114.0
881569107,Not New,TESARO INC,3111.0,100000.0,36262.0,1230070.0,33151.0,1130070.0
163428105,Sold Out,CHELSEA THERAPEUTICS INTL LT,7185.0,1301639.0,,,,
691828404,Not New,OXIGENE INC,982.0,379200.0,1865.0,500000.0,883.0,120800.0
00448Q201,New Holding,ACHILLION PHARMACEUTICALS IN,,,2120.0,280000.0,,
556099109,Not New,MACROGENICS INC,9383.0,431803.0,12494.0,448945.0,3111.0,17142.0
86782U106,New Holding,SUNSHINE HEART INC,,,140.0,25000.0,,
875372104,Sold Out,TANDEM DIABETES CARE INC,2339.0,105900.0,,,,
03820J100,New Holding,APPLIED GENETIC TECHNOL CORP,,,3395.0,146978.0,,
032420101,Not New,ANACOR PHARMACEUTICALS INC,9375.0,528776.0,12947.0,647015.0,3572.0,118239.0
338488109,Not New,FLAMEL TECHNOLOGIES SA,12000.0,800000.0,10720.0,800000.0,-1280.0,0.0
98933Q108,Not New,ZELTIQ AESTHETICS INC,3065.0,201628.0,11503.0,586013.0,8438.0,384385.0
M4059L101,Sold Out,ENZYMOTEC LTD,4717.0,214219.0,,,,
G0083B108,Sold Out,ACTAVIS PLC,195.0,945.0,,,,
913903100,New Holding,UNIVERSAL HLTH SVCS INC,,,214.0,2236.0,,
89532E109,Not New,TREVENA INC,4351.0,770000.0,6052.0,770000.0,1701.0,0.0
492515101,Sold Out,KERYX BIOPHARMACEUTICALS INC,4686.0,275000.0,,,,
003654100,Sold Out,ABIOMED INC,130.0,5000.0,,,,
