CUSIP,status,NAME OF ISSUER,(x$1000)_old,PRN AMT_old,(x$1000),PRN AMT,(x$1000)_change,PRN AMT_change
868358102,Not New,SUPERIOR UNIFORM GP INC,4023.0,203275.0,4023.0,203275.0,0.0,0.0
g1151c101,Not New,ACCENTURE PLC IRELAND,4557.0,37299.0,4557.0,37299.0,0.0,0.0
09256u105,Not New,BLACKSTONE GSO FLTING RTE FU,4730.0,280694.0,4730.0,280694.0,0.0,0.0
09257p105,Not New,BLACKROCK MUN 2030 TAR TERM,4341.0,178953.0,4341.0,178953.0,0.0,0.0
131193104,Not New,CALLAWAY GOLF CO,13893.0,1196602.0,13893.0,1196602.0,0.0,0.0
29363j108,Not New,ENTEGRA FINL CORP,4839.0,263250.0,4839.0,263250.0,0.0,0.0
03076c106,Not New,AMERIPRISE FINL INC,3776.0,37845.0,3776.0,37845.0,0.0,0.0
140501107,Not New,CAPITAL SOUTHWEST CORP,23670.0,1610202.0,23670.0,1610202.0,0.0,0.0
63910b102,Not New,NAUTILUS INC,17999.0,792201.0,17999.0,792201.0,0.0,0.0
464287309,Not New,ISHARES TR,13490.0,110884.0,13490.0,110884.0,0.0,0.0
46625h100,Not New,JPMORGAN CHASE & CO,5752.0,86372.0,5752.0,86372.0,0.0,0.0
51476k103,Not New,LANDAUER INC,11751.0,264192.0,11751.0,264192.0,0.0,0.0
65105m603,Not New,NEWCASTLE INVT CORP NEW,16715.0,3689949.0,16715.0,3689949.0,0.0,0.0
910304104,Not New,UNITED FINL BANCORP INC NEW,5892.0,425734.0,5892.0,425734.0,0.0,0.0
006739106,Not New,ADDUS HOMECARE CORP,2739.0,104700.0,2739.0,104700.0,0.0,0.0
74051n102,Not New,PREMIER INC,2421.0,74852.0,2421.0,74852.0,0.0,0.0
66987v109,Not New,NOVARTIS A G,2531.0,32056.0,2531.0,32056.0,0.0,0.0
036752103,Not New,ANTHEM INC,3763.0,30026.0,3763.0,30026.0,0.0,0.0
27828g107,Not New,EATON VANCE TAX ADVT DIV INC,3671.0,182165.0,3671.0,182165.0,0.0,0.0
19248a109,Not New,COHEN & STEERS INFRASTRUCTUR,5330.0,247431.0,5330.0,247431.0,0.0,0.0
64190a103,Not New,NEUBERGER BERMAN RE ES SEC F,8468.0,1488240.0,8468.0,1488240.0,0.0,0.0
300614500,Not New,EXA CORP,1761.0,109750.0,1761.0,109750.0,0.0,0.0
233326107,Not New,DST SYS INC DEL,3562.0,30208.0,3562.0,30208.0,0.0,0.0
461212102,Not New,INVENTURE FOODS INC,2669.0,283931.0,2669.0,283931.0,0.0,0.0
478160104,Not New,JOHNSON & JOHNSON,4667.0,39503.0,4667.0,39503.0,0.0,0.0
961765104,Not New,WESTWOOD HLDGS GROUP INC,8275.0,155810.0,8275.0,155810.0,0.0,0.0
218683100,Not New,CORE MOLDING TECHNOLOGIES IN,1707.0,101000.0,1707.0,101000.0,0.0,0.0
g491bt108,Not New,INVESCO LTD,3681.0,117707.0,3681.0,117707.0,0.0,0.0
794093104,Not New,SALEM MEDIA GROUP INC,1205.0,205000.0,1205.0,205000.0,0.0,0.0
05544A109,Not New,BG STAFFING INC,1533.0,99000.0,1533.0,99000.0,0.0,0.0
093671105,Not New,BLOCK H & R INC,2375.0,102577.0,2375.0,102577.0,0.0,0.0
52603b107,Not New,LENDINGTREE INC NEW,3280.0,33846.0,3280.0,33846.0,0.0,0.0
172908105,Not New,CINTAS CORP,4645.0,41248.0,4645.0,41248.0,0.0,0.0
345370860,Not New,FORD MTR CO DEL,2859.0,236867.0,2859.0,236867.0,0.0,0.0
902673102,Not New,UFP TECHNOLOGIES INC,4741.0,178900.0,4741.0,178900.0,0.0,0.0
717098206,Not New,PFSWEB INC,1750.0,196000.0,1750.0,196000.0,0.0,0.0
90337l108,Not New,U S PHYSICAL THERAPY INC,5068.0,80826.0,5068.0,80826.0,0.0,0.0
09257r101,Not New,BLACKSTONE GSO STRATEGIC CR,7679.0,514649.0,7679.0,514649.0,0.0,0.0
18383m605,Not New,CLAYMORE EXCHANGE TRD FD TR,2523.0,58836.0,2523.0,58836.0,0.0,0.0
61022p100,Not New,MONOTYPE IMAGING HOLDINGS IN,7422.0,335671.0,7422.0,335671.0,0.0,0.0
88368q103,Not New,THESTREET INC,1976.0,1796766.0,1976.0,1796766.0,0.0,0.0
156700106,Not New,CENTURYLINK INC,5740.0,209251.0,5740.0,209251.0,0.0,0.0
56117j100,Not New,MALIBU BOATS INC,8957.0,601120.0,8957.0,601120.0,0.0,0.0
69007j106,Not New,OUTFRONT MEDIA INC,3580.0,151380.0,3580.0,151380.0,0.0,0.0
67103b100,Not New,OFS CAP CORP,1244.0,95500.0,1244.0,95500.0,0.0,0.0
78081t104,Not New,ROYCE GLOBAL VALUE TR INC,1214.0,149399.0,1214.0,149399.0,0.0,0.0
553829102,Not New,MVC CAPITAL INC,1825.0,220172.0,1825.0,220172.0,0.0,0.0
78469c103,Not New,SP PLUS CORP,6112.0,239022.0,6112.0,239022.0,0.0,0.0
126402106,Not New,CSW INDUSTRIALS INC,5584.0,172402.0,5584.0,172402.0,0.0,0.0
466032109,Not New,J & J SNACK FOODS CORP,4116.0,34555.0,4116.0,34555.0,0.0,0.0
746853100,Not New,PUTNAM PREMIER INCOME TR,7561.0,1546269.0,7561.0,1546269.0,0.0,0.0
27616p103,Not New,EASTERLY GOVT PPTYS INC,2350.0,123156.0,2350.0,123156.0,0.0,0.0
557437100,Not New,MADISON CVRED CALL & EQ STR,10877.0,1398091.0,10877.0,1398091.0,0.0,0.0
594918104,Not New,MICROSOFT CORP,5932.0,102981.0,5932.0,102981.0,0.0,0.0
78355w304,Not New,RYDEX ETF TRUST,11188.0,211620.0,11188.0,211620.0,0.0,0.0
12811v105,Not New,CALAMOS DYNAMIC CONV & INCOM,10008.0,538931.0,10008.0,538931.0,0.0,0.0
868607102,Not New,SUPREME INDS INC,6898.0,357400.0,6898.0,357400.0,0.0,0.0
05580m108,Not New,B RILEY FINL INC,5082.0,380411.0,5082.0,380411.0,0.0,0.0
30049A107,Not New,EVOLUTION PETROLEUM CORP,1570.0,250000.0,1570.0,250000.0,0.0,0.0
861780104,Not New,STONECASTLE FINL CORP,11177.0,598640.0,11177.0,598640.0,0.0,0.0
811054402,Not New,SCRIPPS E W CO OHIO,8911.0,560462.0,8911.0,560462.0,0.0,0.0
048269203,Not New,ATLANTIC CAP BANCSHARES INC,1967.0,131335.0,1967.0,131335.0,0.0,0.0
125141101,Not New,CECO ENVIRONMENTAL CORP,9342.0,828158.0,9342.0,828158.0,0.0,0.0
67053a102,Not New,NUMEREX CORP PA,1494.0,192000.0,1494.0,192000.0,0.0,0.0
439038100,Not New,HOOKER FURNITURE CORP,3016.0,123145.0,3016.0,123145.0,0.0,0.0
556269108,Not New,MADDEN STEVEN LTD,4997.0,144577.0,4997.0,144577.0,0.0,0.0
87538X105,Not New,TANDY LEATHER FACTORY INC,1316.0,172496.0,1316.0,172496.0,0.0,0.0
011311107,Not New,ALAMO GROUP INC,5470.0,83021.0,5470.0,83021.0,0.0,0.0
253827109,Not New,DIGIRAD CORP,6208.0,1217269.0,6208.0,1217269.0,0.0,0.0
31572q808,Not New,FIBROGEN INC,780.0,37698.0,780.0,37698.0,0.0,0.0
45675y104,Not New,INFORMATION SERVICES GROUP I,2982.0,747300.0,2982.0,747300.0,0.0,0.0
87162h103,Not New,SYNTEL INC,2767.0,66022.0,2767.0,66022.0,0.0,0.0
440452100,Not New,HORMEL FOODS CORP,4288.0,113050.0,4288.0,113050.0,0.0,0.0
09257w100,Not New,BLACKSTONE MTG TR INC,6272.0,212966.0,6272.0,212966.0,0.0,0.0
632347100,Not New,NATHANS FAMOUS INC NEW,1666.0,31700.0,1666.0,31700.0,0.0,0.0
87612e106,Not New,TARGET CORP,4165.0,60643.0,4165.0,60643.0,0.0,0.0
74731q103,Not New,PZENA INVESTMENT MGMT INC,11386.0,1478759.0,11386.0,1478759.0,0.0,0.0
45073v108,Not New,ITT INC,1726.0,48145.0,1726.0,48145.0,0.0,0.0
64129h104,Not New,NEUBERGER BERMAN MLP INCOME,4772.0,514191.0,4772.0,514191.0,0.0,0.0
766582100,Not New,RIGNET INC,3234.0,213909.0,3234.0,213909.0,0.0,0.0
89785x101,Not New,TRUEBLUE INC,7818.0,345017.0,7818.0,345017.0,0.0,0.0
25960r105,Not New,DOUGLAS DYNAMICS INC,16045.0,502354.0,16045.0,502354.0,0.0,0.0
097023105,Not New,BOEING CO,4195.0,31841.0,4195.0,31841.0,0.0,0.0
23335Q100,Not New,DLH HLDGS CORP,1268.0,270272.0,1268.0,270272.0,0.0,0.0
71361f100,Not New,PERCEPTRON INC,2191.0,326000.0,2191.0,326000.0,0.0,0.0
913017109,Not New,UNITED TECHNOLOGIES CORP,2529.0,24896.0,2529.0,24896.0,0.0,0.0
g3075p101,Not New,ENSTAR GROUP LIMITED,5849.0,35561.0,5849.0,35561.0,0.0,0.0
339382103,Not New,FLEXSTEEL INDS INC,698.0,13500.0,698.0,13500.0,0.0,0.0
353469109,Not New,FRANKLIN COVEY CO,7809.0,438485.0,7809.0,438485.0,0.0,0.0
893529107,Not New,TRANSCAT INC,2301.0,210390.0,2301.0,210390.0,0.0,0.0
244199105,Not New,DEERE & CO,2916.0,34165.0,2916.0,34165.0,0.0,0.0
070203104,Not New,BASSETT FURNITURE INDS INC,674.0,29000.0,674.0,29000.0,0.0,0.0
319390100,Not New,FIRST BUS FINL SVCS INC WIS,9543.0,406080.0,9543.0,406080.0,0.0,0.0
903293405,Not New,U S G CORP,2726.0,105465.0,2726.0,105465.0,0.0,0.0
780915104,Not New,ROYCE MICRO-CAP TR INC,4473.0,572760.0,4473.0,572760.0,0.0,0.0
20084V108,Not New,COMMERCEHUB INC,1580.0,100000.0,1580.0,100000.0,0.0,0.0
84863t106,Not New,SPOK HLDGS INC,16747.0,939775.0,16747.0,939775.0,0.0,0.0
742718109,Not New,PROCTER AND GAMBLE CO,4627.0,51551.0,4627.0,51551.0,0.0,0.0
464287457,Not New,ISHARES TR,14152.0,166414.0,14152.0,166414.0,0.0,0.0
59064r109,Not New,MESA LABS INC,2426.0,21210.0,2426.0,21210.0,0.0,0.0
24802n208,Not New,DEMAND MEDIA INC,3304.0,580600.0,3304.0,580600.0,0.0,0.0
253798102,Not New,DIGI INTL INC,12146.0,1065435.0,12146.0,1065435.0,0.0,0.0
648691103,Not New,NEW SR INVT GROUP INC,8799.0,762518.0,8799.0,762518.0,0.0,0.0
141337105,Not New,CARBONITE INC,4316.0,280985.0,4316.0,280985.0,0.0,0.0
42726M106,Not New,HERITAGE CRYSTAL CLEAN INC,1693.0,127456.0,1693.0,127456.0,0.0,0.0
78467j100,Not New,SS&C TECHNOLOGIES HLDGS INC,2824.0,87851.0,2824.0,87851.0,0.0,0.0
09257a108,Not New,BLACKROCK RES & COMM STRAT T,2671.0,327770.0,2671.0,327770.0,0.0,0.0
309627107,Not New,FARMERS NATL BANC CORP,1434.0,133000.0,1434.0,133000.0,0.0,0.0
40624q203,Not New,HALLMARK FINL SVCS INC EC,1683.0,163575.0,1683.0,163575.0,0.0,0.0
756764106,Not New,RED LION HOTELS CORP,3107.0,372600.0,3107.0,372600.0,0.0,0.0
392709101,Not New,GREEN BRICK PARTNERS INC,9809.0,1187549.0,9809.0,1187549.0,0.0,0.0
75936p105,Not New,REIS INC,5739.0,280515.0,5739.0,280515.0,0.0,0.0
464287408,Not New,ISHARES TR,4222.0,44456.0,4222.0,44456.0,0.0,0.0
494274103,Not New,KIMBALL INTL INC,5753.0,444600.0,5753.0,444600.0,0.0,0.0
829214105,Not New,SIMULATIONS PLUS INC,3904.0,442684.0,3904.0,442684.0,0.0,0.0
04638f108,New Holding,ASTRONOVA INC,,,1480.0,100000.0,,
607494101,Not New,MOCON INC,2905.0,185060.0,2905.0,185060.0,0.0,0.0
88579y101,New Holding,3M CO,,,2848.0,16162.0,,
440327104,Not New,HORACE MANN EDUCATORS CORP N,6576.0,179419.0,6576.0,179419.0,0.0,0.0
278865100,Not New,ECOLAB INC,791.0,6500.0,791.0,6500.0,0.0,0.0
46434v738,Not New,ISHARES TR,3563.0,86115.0,3563.0,86115.0,0.0,0.0
31931U102,Not New,FIRST BANK WILLIAMSTOWN NJ,2256.0,269249.0,2256.0,269249.0,0.0,0.0
70806a106,Not New,PENNANTPARK FLOATING RATE CA,12258.0,926552.0,12258.0,926552.0,0.0,0.0
83413u100,Not New,SOLAR CAP LTD,6379.0,310880.0,6379.0,310880.0,0.0,0.0
00191g103,Not New,ARC DOCUMENT SOLUTIONS INC,3873.0,1035575.0,3873.0,1035575.0,0.0,0.0
01374t102,Not New,ALCENTRA CAP CORP,2974.0,228967.0,2974.0,228967.0,0.0,0.0
892918103,Not New,TRANSACT TECHNOLOGIES INC,1429.0,191000.0,1429.0,191000.0,0.0,0.0
66706l101,Not New,NORTHSTAR REALTY EUROPE CORP,4232.0,386470.0,4232.0,386470.0,0.0,0.0
16934q208,Not New,CHIMERA INVT CORP,7185.0,450466.0,7185.0,450466.0,0.0,0.0
25065k104,Not New,DESTINATION XL GROUP INC,8041.0,1856972.0,8041.0,1856972.0,0.0,0.0
191216100,Not New,COCA COLA CO,2370.0,56000.0,2370.0,56000.0,0.0,0.0
05453N100,Not New,AWARE INC MASS,3774.0,712000.0,3774.0,712000.0,0.0,0.0
41753f109,Not New,HARVEST CAP CR CORP,2583.0,212280.0,2583.0,212280.0,0.0,0.0
001282102,Not New,A H BELO CORP,7480.0,1017620.0,7480.0,1017620.0,0.0,0.0
94106l109,Not New,WASTE MGMT INC DEL,5052.0,79240.0,5052.0,79240.0,0.0,0.0
46116v105,Not New,INTL FCSTONE INC,17157.0,441621.0,17157.0,441621.0,0.0,0.0
670735109,Not New,NUVEEN MTG OPPORTUNITY TERM,9708.0,401469.0,9708.0,401469.0,0.0,0.0
670671106,Not New,NUVEEN INTER DURATION MN TMF,3056.0,220521.0,3056.0,220521.0,0.0,0.0
30231g102,Not New,EXXON MOBIL CORP,4347.0,49806.0,4347.0,49806.0,0.0,0.0
92343v104,Not New,VERIZON COMMUNICATIONS INC,5419.0,104251.0,5419.0,104251.0,0.0,0.0
05573h108,Not New,BSB BANCORP INC MD,3899.0,166399.0,3899.0,166399.0,0.0,0.0
023586100,Not New,AMERCO,8282.0,25543.0,8282.0,25543.0,0.0,0.0
62886e108,Not New,NCR CORP NEW,2597.0,80672.0,2597.0,80672.0,0.0,0.0
758075402,Not New,REDWOOD TR INC,4790.0,338281.0,4790.0,338281.0,0.0,0.0
87874r100,Not New,TECHTARGET INC,7782.0,965544.0,7782.0,965544.0,0.0,0.0
536797103,Not New,LITHIA MTRS INC,8902.0,93200.0,8902.0,93200.0,0.0,0.0
760759100,Not New,REPUBLIC SVCS INC,4123.0,81718.0,4123.0,81718.0,0.0,0.0
404609109,Not New,HACKETT GROUP INC,9674.0,585579.0,9674.0,585579.0,0.0,0.0
63886q109,Not New,NATURAL GAS SERVICES GROUP,8291.0,337168.0,8291.0,337168.0,0.0,0.0
128246105,Not New,CALAVO GROWERS INC,3362.0,51386.0,3362.0,51386.0,0.0,0.0
337738108,Not New,FISERV INC,4761.0,47861.0,4761.0,47861.0,0.0,0.0
00847j105,Not New,AGILYSYS INC,4636.0,416880.0,4636.0,416880.0,0.0,0.0
828359109,Not New,SILVERCREST ASSET MGMT GROUP,5541.0,466800.0,5541.0,466800.0,0.0,0.0
16444h102,Not New,CHEROKEE INC DEL NEW,3263.0,316805.0,3263.0,316805.0,0.0,0.0
67000b104,Not New,NOVANTA INC,5298.0,305374.0,5298.0,305374.0,0.0,0.0
092533108,Not New,BLACKROCK CAPITAL INVESTMENT,7384.0,891794.0,7384.0,891794.0,0.0,0.0
780910105,Not New,ROYCE VALUE TR INC,5722.0,451963.0,5722.0,451963.0,0.0,0.0
315405100,Not New,FERRO CORP,7415.0,536895.0,7415.0,536895.0,0.0,0.0
55276f107,Not New,MCBC HLDGS INC,2149.0,188550.0,2149.0,188550.0,0.0,0.0
126650100,Not New,CVS HEALTH CORP,4940.0,55513.0,4940.0,55513.0,0.0,0.0
698477106,Not New,PANHANDLE OIL AND GAS INC,1810.0,103229.0,1810.0,103229.0,0.0,0.0
719405102,Not New,PHOTRONICS INC,4891.0,474423.0,4891.0,474423.0,0.0,0.0
335834107,Not New,FIRST NORTHWEST BANCORP,3811.0,282520.0,3811.0,282520.0,0.0,0.0
21870U502,Not New,CORENERGY INFRASTRUCTURE TR,12147.0,414154.0,12147.0,414154.0,0.0,0.0
954235107,Not New,WEST MARINE INC,2815.0,340400.0,2815.0,340400.0,0.0,0.0
230215105,Not New,CULP INC,2167.0,72800.0,2167.0,72800.0,0.0,0.0
520776105,Not New,LAWSON PRODS INC,1631.0,92000.0,1631.0,92000.0,0.0,0.0
37253a103,Not New,GENTHERM INC,4499.0,143204.0,4499.0,143204.0,0.0,0.0
038923108,Not New,ARBOR RLTY TR INC,10285.0,1386077.0,10285.0,1386077.0,0.0,0.0
46434g103,Not New,ISHARES INC,1087.0,23830.0,1087.0,23830.0,0.0,0.0
25158y102,Not New,DEUTSCHE HIGH INCOME OPPORT,5814.0,410873.0,5814.0,410873.0,0.0,0.0
117043109,Not New,BRUNSWICK CORP,4089.0,83830.0,4089.0,83830.0,0.0,0.0
248019101,Not New,DELUXE CORP,7310.0,109402.0,7310.0,109402.0,0.0,0.0
084670702,Not New,BERKSHIRE HATHAWAY INC DEL,5162.0,35730.0,5162.0,35730.0,0.0,0.0
55608b105,Not New,MACQUARIE INFRASTRUCTURE COR,8162.0,98058.0,8162.0,98058.0,0.0,0.0
