CUSIP,status,NAME OF ISSUER,(x$1000)_old,PRN AMT_old,(x$1000),PRN AMT,(x$1000)_change,PRN AMT_change
20030N101,New Holding,Comcast Corp New,,,279058.0,7159000.0,,
95058W100,Sold Out,Wendys Co.,580015.0,26630629.0,,,,
G6700G107,Sold Out,nVent Electric Plc,232092.0,12391442.0,,,,
742718109,Sold Out,Procter and Gamble Co.,1294447.0,10825852.0,,,,
609207105,Sold Out,Mondelez Intl Inc.,810355.0,15848921.0,,,,
369604103,Sold Out,General Electric Co.,405240.0,59332322.0,,,,
871829107,Sold Out,Sysco Corp.,1332602.0,24379843.0,,,,
064058100,Sold Out,Bank New York Mellon Corp.,169414.0,4383286.0,,,,
