CUSIP,status,NAME OF ISSUER,(x$1000)_old,PRN AMT_old,(x$1000),PRN AMT,(x$1000)_change,PRN AMT_change
G50871105,Not New,JAZZ PHARMACEUTICALS PLC,309.0,1990.0,289.0,1992.0,-20.0,2.0
00847L100,Not New,AGILE THERAPEUTICS INC,6088.0,1623567.0,5204.0,1623567.0,-884.0,0.0
G0084W101,Not New,ADIENT PLC,310.0,4737.0,344.0,4737.0,34.0,0.0
366554103,Not New,GARRISON CAP INC,567.0,68702.0,646.0,66073.0,79.0,-2629.0
87817A107,Not New,TEAM HEALTH HOLDINGS INC,336.0,7713.0,336.0,7713.0,0.0,0.0
171757107,Sold Out,CIDARA THERAPEUTICS INC,162.0,20802.0,,,,
00461U105,Not New,ACLARIS THERAPEUTICS INC,275.0,10138.0,395.0,13263.0,120.0,3125.0
12574Q103,Not New,CM FIN INC,551.0,55102.0,540.0,53204.0,-11.0,-1898.0
699374302,New Holding,PARATEK PHARMACEUTICALS INC,,,300.0,12456.0,,
084670702,Not New,BERKSHIRE HATHAWAY INC DEL,1515.0,8945.0,1491.0,8945.0,-24.0,0.0
78462F103,New Holding,SPDR S&P 500 ETF TR,,,15278.0,63183.0,,
G85347105,Not New,STRONGBRIDGE BIOPHARMA PLC,38574.0,5394994.0,25626.0,5394994.0,-12948.0,0.0
