CUSIP,status,NAME OF ISSUER,(x$1000)_old,PRN AMT_old,(x$1000),PRN AMT,(x$1000)_change,PRN AMT_change
G50871105,Not New,JAZZ PHARMACEUTICALS PLC,306.0,1997.0,309.0,1990.0,3.0,-7.0
483119103,New Holding,KALA PHARMACEUTICALS INC,,,12430.0,544220.0,,
00847L100,Not New,AGILE THERAPEUTICS INC,8117.0,1820012.0,6088.0,1623567.0,-2029.0,-196445.0
G0084W101,Not New,ADIENT PLC,398.0,4737.0,310.0,4737.0,-88.0,0.0
366554103,Not New,GARRISON CAP INC,7166.0,850000.0,567.0,68702.0,-6599.0,-781298.0
56854Q101,New Holding,MARINUS PHARMACEUTICALS INC,,,95.0,16198.0,,
87817A107,Not New,TEAM HEALTH HOLDINGS INC,335.0,7709.0,336.0,7713.0,1.0,4.0
46590V100,New Holding,JBG SMITH PPTYS,,,1236.0,36129.0,,
00461U105,Not New,ACLARIS THERAPEUTICS INC,263.0,10176.0,275.0,10138.0,12.0,-38.0
M53644106,New Holding,INTEC PHARMA LTD JERUSALEM,,,681.0,76139.0,,
12574Q103,Not New,CM FIN INC,574.0,61429.0,551.0,55102.0,-23.0,-6327.0
40052B207,New Holding,GTX INC DEL,,,531.0,62869.0,,
699374302,Sold Out,PARATEK PHARMACEUTICALS INC,300.0,12456.0,,,,
084670702,Not New,BERKSHIRE HATHAWAY INC DEL,1640.0,8945.0,1515.0,8945.0,-125.0,0.0
608550109,New Holding,MOLECULAR TEMPLATES INC,,,7066.0,1013787.0,,
78462F103,Not New,SPDR S&P 500 ETF TR,19358.0,77052.0,15278.0,63183.0,-4080.0,-13869.0
G85347105,Not New,STRONGBRIDGE BIOPHARMA PLC,38053.0,5514994.0,38574.0,5394994.0,521.0,-120000.0
