CUSIP,status,NAME OF ISSUER,(x$1000)_old,PRN AMT_old,(x$1000),PRN AMT,(x$1000)_change,PRN AMT_change
00847L100,Not New,AGILE THERAPEUTICS INC,151.0,17559.0,248.0,26736.0,97.0,9177.0
75874Q107,Sold Out,REGADO BIOSCIENCES INC,14.0,11327.0,,,,
58503T106,Not New,MEDLEY MGMT INC,333.0,28165.0,305.0,27760.0,-28.0,-405.0
09257D102,Sold Out,BLACKSTONE GSO LNG SHRT CR I,224.0,13909.0,,,,
00444T100,Sold Out,ACELRX PHARMACEUTICALS INC,84.0,21870.0,,,,
87244T109,Not New,TICC CAPITAL CORP,209.0,31142.0,164.0,23742.0,-45.0,-7400.0
15089R102,Not New,CELATOR PHARMACEUTICALS INC,5032.0,2246469.0,5549.0,2246469.0,517.0,0.0
57060U100,New Holding,MARKET VECTORS ETF TR,,,1301.0,73274.0,,
78464A870,Sold Out,SPDR SERIES TRUST,571.0,2532.0,,,,
N7902X106,Not New,SENSATA TECHNOLOGIES HLDG NV,572.0,10853.0,611.0,10634.0,39.0,-219.0
87162T206,Not New,SYNTA PHARMACEUTICALS CORP,82646.0,37061186.0,71893.0,37058136.0,-10753.0,-3050.0
87162T206,Not New,SYNTA PHARMACEUTICALS CORP,116.0,52000.0,71893.0,37058136.0,71777.0,37006136.0
58503F106,Not New,MEDLEY CAP CORP,286.0,32058.0,292.0,31961.0,6.0,-97.0
31679P109,New Holding,FIFTH STR ASSET MGMT INC,,,273.0,26562.0,,
02503Y103,Not New,AMERICAN CAP LTD,1036.0,76434.0,962.0,65055.0,-74.0,-11379.0
297425100,Not New,ESTERLINE TECHNOLOGIES CORP,628.0,6590.0,813.0,7107.0,185.0,517.0
72369J102,Not New,PIONEER FLOATING RATE TR,417.0,36637.0,382.0,32874.0,-35.0,-3763.0
759531106,Sold Out,RELYPSA INC,405.0,11210.0,,,,
67067Y104,Not New,NUVEEN SR INCOME FD,199.0,31142.0,198.0,29777.0,-1.0,-1365.0
09255X100,Not New,BLACKROCK FLOAT RATE OME STR,149.0,10991.0,152.0,10958.0,3.0,-33.0
27826S103,Not New,EATON VANCE SR INCOME TR,307.0,49460.0,297.0,45659.0,-10.0,-3801.0
74348T102,Sold Out,PROSPECT CAPITAL CORPORATION,309.0,36527.0,,,,
867328601,New Holding,SUNESIS PHARMACEUTICALS INC,,,144.0,47814.0,,
29664W105,Sold Out,ESPERION THERAPEUTICS INC NE,340.0,3671.0,,,,
46187J205,New Holding,INVUITY INC,,,479.0,33905.0,,
084670702,New Holding,BERKSHIRE HATHAWAY INC DEL,,,206.0,1511.0,,
