CUSIP,status,NAME OF ISSUER,(x$1000)_old,PRN AMT_old,(x$1000),PRN AMT,(x$1000)_change,PRN AMT_change
12648L601,Not New,CTI BIOPHARMA CORP,719.0,619460.0,567.0,616695.0,-152.0,-2765.0
483119103,Not New,KALA PHARMACEUTICALS INC,6519.0,620289.0,16141.0,1836313.0,9622.0,1216024.0
46583P102,New Holding,IVERIC BIO INC,,,636.0,124771.0,,
302635107,Sold Out,FS KKR CAPITAL CORP,511.0,170332.0,,,,
608550109,Not New,MOLECULAR TEMPLATES INC,29069.0,2107991.0,28015.0,2107991.0,-1054.0,0.0
50127T109,Not New,KURA ONCOLOGY INC,333.0,20406.0,222.0,22302.0,-111.0,1896.0
G85347105,Not New,STRONGBRIDGE BIOPHARMA PLC,24994.0,6612065.0,12497.0,6612065.0,-12497.0,0.0
80405P107,Not New,SATSUMA PHARMACEUTICALS INC,1961.0,68172.0,13048.0,606320.0,11087.0,538148.0
14147L108,New Holding,CARDIFF ONCOLOGY INC,,,577.0,115224.0,,
00654J107,Not New,ADDEX THERAPEUTICS LTD,152.0,17418.0,115.0,17418.0,-37.0,0.0
82640U404,Not New,SIERRA ONCOLOGY INC,7792.0,643959.0,6324.0,643959.0,-1468.0,0.0
131476103,Sold Out,CALUMET SPECIALTY PRODS PTNR,138.0,131204.0,,,,
55279B202,Not New,MEI PHARMA INC,1221.0,295560.0,1426.0,885560.0,205.0,590000.0
38000Q102,Sold Out,GLYCOMIMETICS INC,34.0,15103.0,,,,
225655109,Sold Out,CRESCENT CAP BDC INC,332.0,34405.0,,,,
28249U105,Not New,EIGER BIOPHARMACEUTICALS INC,787.0,81983.0,555.0,81617.0,-232.0,-366.0
867328700,Sold Out,SUNESIS PHARMACEUTICALS INC,3375.0,8134926.0,,,,
78463V107,New Holding,SPDR GOLD TR,,,2665.0,15923.0,,
811292101,Not New,SCYNEXIS INC,5967.0,7946111.0,6198.0,7936111.0,231.0,-10000.0
366554103,Not New,GARRISON CAP INC,3935.0,1164061.0,1979.0,1164061.0,-1956.0,0.0
