CUSIP,status,NAME OF ISSUER,(x$1000)_old,PRN AMT_old,(x$1000),PRN AMT,(x$1000)_change,PRN AMT_change
171439201,New Holding,CHURCHILL CAPITAL CORP IV,,,626.0,62500.0,,
12648L601,Not New,CTI BIOPHARMA CORP,9274.0,4313617.0,719.0,619460.0,-8555.0,-3694157.0
483119103,Not New,KALA PHARMACEUTICALS INC,5788.0,771790.0,6519.0,620289.0,731.0,-151501.0
46583P102,Not New,IVERIC BIO INC,1087.0,192738.0,636.0,124771.0,-451.0,-67967.0
608550109,Not New,MOLECULAR TEMPLATES INC,23183.0,2122991.0,29069.0,2107991.0,5886.0,-15000.0
50127T109,Sold Out,KURA ONCOLOGY INC,333.0,20406.0,,,,
80405P107,Sold Out,SATSUMA PHARMACEUTICALS INC,1961.0,68172.0,,,,
G85347105,Not New,STRONGBRIDGE BIOPHARMA PLC,16988.0,8089442.0,24994.0,6612065.0,8006.0,-1477377.0
14147L108,Not New,CARDIFF ONCOLOGY INC,26183.0,1845164.0,577.0,115224.0,-25606.0,-1729940.0
00654J107,Not New,ADDEX THERAPEUTICS LTD,213.0,17398.0,152.0,17418.0,-61.0,20.0
82640U404,Not New,SIERRA ONCOLOGY INC,6871.0,643959.0,7792.0,643959.0,921.0,0.0
71531R117,New Holding,PERSHING SQUARE TONTINE HLDG,,,54.0,7485.0,,
811292200,New Holding,SCYNEXIS INC,,,3680.0,834370.0,,
55279B202,Not New,MEI PHARMA INC,548.0,175560.0,1221.0,295560.0,673.0,120000.0
28249U105,Not New,EIGER BIOPHARMACEUTICALS INC,919.0,112872.0,787.0,81983.0,-132.0,-30889.0
78463V107,Not New,SPDR GOLD TR,4491.0,25358.0,2665.0,15923.0,-1826.0,-9435.0
71531R109,New Holding,PERSHING SQUARE TONTINE HLDG,,,1529.0,67369.0,,
29668H708,New Holding,ESSA PHARMA INC,,,183.0,26590.0,,
811292101,Sold Out,SCYNEXIS INC,5967.0,7946111.0,,,,
366554103,Not New,GARRISON CAP INC,4447.0,1164061.0,3935.0,1164061.0,-512.0,0.0
