CUSIP,status,NAME OF ISSUER,(x$1000)_old,PRN AMT_old,(x$1000),PRN AMT,(x$1000)_change,PRN AMT_change
558868105,New Holding,MADRIGAL PHARMACEUTICALS INC,,,6425.0,506738.0,,
558868105,New Holding,MADRIGAL PHARMACEUTICALS INC,,,26.0,2057.0,,
260003108,Not New,DOVER CORP,237.0,3224.0,223.0,3224.0,-14.0,0.0
15089R102,Sold Out,CELATOR PHARMACEUTICALS INC,67370.0,2232272.0,,,,
126402106,Not New,CSW INDUSTRIALS INC,364.0,11253.0,367.0,11253.0,3.0,0.0
00847L100,Not New,AGILE THERAPEUTICS INC,12385.0,1774319.0,12028.0,1580491.0,-357.0,-193828.0
171757107,Not New,CIDARA THERAPEUTICS INC,211.0,18425.0,194.0,18807.0,-17.0,382.0
366554103,Not New,GARRISON CAP INC,162.0,15995.0,152.0,15104.0,-10.0,-891.0
02504D108,Not New,AMERICAN CAP SR FLOATING LTD,180.0,16339.0,157.0,15255.0,-23.0,-1084.0
12574Q103,Not New,CM FIN INC,149.0,16409.0,295.0,33247.0,146.0,16838.0
699374302,Not New,PARATEK PHARMACEUTICALS INC,246.0,18909.0,263.0,18909.0,17.0,0.0
084670702,Not New,BERKSHIRE HATHAWAY INC DEL,1292.0,8945.0,1295.0,8945.0,3.0,0.0
858568108,Not New,STELLUS CAP INVT CORP,262.0,24103.0,304.0,29728.0,42.0,5625.0
87162T206,Sold Out,SYNTA PHARMACEUTICALS CORP,5665.0,21770662.0,,,,
87162T206,Sold Out,SYNTA PHARMACEUTICALS CORP,19.0,72000.0,,,,
58503F106,Not New,MEDLEY CAP CORP,209.0,27357.0,167.0,24913.0,-42.0,-2444.0
G85347105,Not New,STRONGBRIDGE BIOPHARMA PLC,184.0,35245.0,143.0,35977.0,-41.0,732.0
