CUSIP,status,NAME OF ISSUER,(x$1000)_old,PRN AMT_old,(x$1000),PRN AMT,(x$1000)_change,PRN AMT_change
69290Y109,New Holding,PAE INC,,,2272.0,350000.0,,
232806109,New Holding,CYPRESS SEMICONDUCTOR CORP,,,9328.0,400000.0,,
76131D103,Not New,RESTAURANT BRANDS INTL INC,13136.0,328159.0,10747.0,168529.0,-2389.0,-159630.0
87615L107,Not New,TARGET HOSPITALITY CORP,1920.0,965000.0,4825.0,965000.0,2905.0,0.0
87615L107,Not New,TELLURIAN INC NEW,627.0,693132.0,4825.0,965000.0,4198.0,271868.0
457669307,Sold Out,INSMED INC,1791.0,75000.0,,,,
79466L302,Sold Out,SALESFORCE COM INC,14304.0,87950.0,,,,
375558103,New Holding,GILEAD SCIENCES INC,,,25418.0,340000.0,,
03076C106,Sold Out,AMERIPRISE FINL INC,20823.0,125000.0,,,,
887389104,Sold Out,TIMKEN CO,14205.0,252263.0,,,,
G16962105,Not New,BUNGE LIMITED,62826.0,1531228.0,81666.0,1419040.0,18840.0,-112188.0
464288646,New Holding,ISHARES TR,,,49186.0,939390.0,,
929160109,New Holding,VULCAN MATLS CO,,,7491.0,69316.0,,
67066G104,Not New,NVIDIA CORP,10321.0,39153.0,8236.0,35000.0,-2085.0,-4153.0
81762P102,Sold Out,SERVICENOW INC,15861.0,56180.0,,,,
25278X109,New Holding,DIAMONDBACK ENERGY INC,,,1048.0,40000.0,,
110122108,Sold Out,BRISTOL MYERS SQUIBB CO,10278.0,160116.0,,,,
43010E404,Sold Out,HIGHLAND INCOME FUND,835.0,67169.0,,,,
25258L117,Not New,DIAMOND EAGLE ACQUISITION CO,953.0,333333.0,800.0,333333.0,-153.0,0.0
05550J101,New Holding,BJS WHSL CLUB HLDGS INC,,,8500.0,333717.0,,
G10830100,New Holding,BEYONDSPRING INC,,,256.0,20000.0,,
78464A870,New Holding,SPDR SER TR,,,17424.0,225000.0,,
03768E105,Sold Out,APOLLO GLOBAL MGMT INC,3578.0,75000.0,,,,
824348106,Sold Out,SHERWIN WILLIAMS CO,13421.0,23000.0,,,,
70432V102,Sold Out,PAYCOM SOFTWARE INC,3177.0,12000.0,,,,
902494103,Sold Out,TYSON FOODS INC,15240.0,167404.0,,,,
74736K101,Not New,QORVO INC,4032.0,50000.0,1988.0,17100.0,-2044.0,-32900.0
N59465109,New Holding,MYLAN NV SHS EURO,,,7679.0,515000.0,,
38059T106,Sold Out,GOLD FIELDS LTD NEW,6600.0,1000000.0,,,,
753422104,Sold Out,RAPID7 INC,6442.0,115000.0,,,,
892672106,Sold Out,TRADEWEB MKTS INC,6953.0,150000.0,,,,
666807102,New Holding,NORTHROP GRUMMAN CORP,,,13358.0,44150.0,,
82489T104,Sold Out,SHOCKWAVE MED INC,1098.0,25000.0,,,,
854502101,Sold Out,STANLEY BLACK & DECKER INC,5960.0,35959.0,,,,
302491303,Sold Out,F M C CORP,3986.0,39936.0,,,,
268150109,Sold Out,DYNATRACE INC,5060.0,200000.0,,,,
G79448109,New Holding,SCVX CORP,,,1994.0,200000.0,,
253393102,Sold Out,DICKS SPORTING GOODS INC,19796.0,400000.0,,,,
02079K305,Not New,ALPHABET INC,24668.0,21230.0,59214.0,44210.0,34546.0,22980.0
72703H101,New Holding,PLANET FITNESS INC,,,14161.0,290774.0,,
46428Q109,Sold Out,ISHARES SILVER TRUST,5004.0,300000.0,,,,
382865202,New Holding,GORES HLDGS IV INC,,,15105.0,1500000.0,,
66987V109,New Holding,NOVARTIS A G,,,9070.0,110000.0,,
G0177J108,Not New,ALLERGAN PLC,37191.0,210000.0,38234.0,200000.0,1043.0,-10000.0
G04415124,Not New,ANDINA ACQUISITION CORP III,44.0,400000.0,80.0,400000.0,36.0,0.0
122017106,New Holding,BURLINGTON STORES INC,,,12677.0,80000.0,,
45781U103,Sold Out,INSTRUCTURE INC,1479.0,30684.0,,,,
12572Q105,Not New,CME GROUP INC,7781.0,45000.0,9032.0,45000.0,1251.0,0.0
86614U100,New Holding,SUMMIT MATLS INC,,,1201.0,80064.0,,
23343Q209,New Holding,DFP HEALTHCARE ACQUISITNS CO,,,2480.0,250000.0,,
773903109,New Holding,ROCKWELL AUTOMATION INC,,,3018.0,20000.0,,
526057302,Not New,LENNAR CORP,4916.0,170000.0,7599.0,170000.0,2683.0,0.0
48666K109,Sold Out,KB HOME,1714.0,50000.0,,,,
233253202,New Holding,DMY TECHNOLOGY GROUP INC,,,521.0,53000.0,,
776696106,New Holding,ROPER TECHNOLOGIES INC,,,2136.0,6851.0,,
34553D101,New Holding,FORESCOUT TECHNOLOGIES INC,,,2527.0,80000.0,,
98138H101,New Holding,WORKDAY INC,,,2604.0,20000.0,,
004225108,Sold Out,ACADIA PHARMACEUTICALS INC,8556.0,200000.0,,,,
03064D108,Sold Out,AMERICOLD RLTY TR,20125.0,574017.0,,,,
243537107,Sold Out,DECKERS OUTDOOR CORP,12665.0,75000.0,,,,
74347W130,Sold Out,PROSHARES TR II,16308.0,250000.0,,,,
N01045108,Sold Out,AFFIMED N V,137.0,50000.0,,,,
886547108,Not New,TIFFANY & CO NEW,36651.0,283022.0,26730.0,200000.0,-9921.0,-83022.0
464287234,Sold Out,ISHARES TR,22435.0,500000.0,,,,
464287234,Sold Out,ISHARES TR,25118.0,559800.0,,,,
23284F105,Not New,CYTOMX THERAPEUTICS INC,767.0,100000.0,831.0,100000.0,64.0,0.0
31189P102,New Holding,FATE THERAPEUTICS INC,,,535.0,24100.0,,
548661107,Not New,LOWES COS INC,6517.0,75731.0,24053.0,200847.0,17536.0,125116.0
87236Y108,Sold Out,TD AMERITRADE HLDG CORP,5964.0,120000.0,,,,
G1890L107,Sold Out,CAPRI HOLDINGS LIMITED,13353.0,350000.0,,,,
98262P101,Sold Out,WW INTL INC,16239.0,425000.0,,,,
98262P101,Sold Out,WW INTL INC,4776.0,125000.0,,,,
089302103,Sold Out,BIG LOTS INC,9334.0,325000.0,,,,
02156B103,Sold Out,ALTERYX INC,10507.0,105000.0,,,,
05070R104,Sold Out,AUDENTES THERAPEUTICS INC,8976.0,150000.0,,,,
05070R104,Sold Out,AUDENTES THERAPEUTICS INC,8976.0,150000.0,,,,
N6596X109,Sold Out,NXP SEMICONDUCTORS N V,11453.0,90000.0,,,,
524901105,New Holding,LEGG MASON INC,,,9770.0,200000.0,,
01609W102,Not New,ALIBABA GROUP HLDG LTD,9819.0,50487.0,123175.0,580741.0,113356.0,530254.0
98422L107,Not New,XERIS PHARMACEUTICALS INC,341.0,175000.0,353.0,50000.0,12.0,-125000.0
58733R102,New Holding,MERCADOLIBRE INC,,,15146.0,31000.0,,
603380106,Not New,MINERVA NEUROSCIENCES INC,452.0,75000.0,533.0,75000.0,81.0,0.0
265504100,New Holding,DUNKIN BRANDS GROUP INC,,,14409.0,271363.0,,
594918104,Not New,MICROSOFT CORP,72089.0,457100.0,19713.0,125000.0,-52376.0,-332100.0
539830109,New Holding,LOCKHEED MARTIN CORP,,,13098.0,38643.0,,
92189F106,New Holding,VANECK VECTORS ETF TR,,,48384.0,2100000.0,,
92189F106,New Holding,VANECK VECTORS ETF TR,,,2304.0,100000.0,,
G3682E192,New Holding,FRONTLINE LTD,,,8787.0,914332.0,,
747525103,New Holding,QUALCOMM INC,,,3383.0,50000.0,,
878742204,Not New,TECK RESOURCES LTD,2626.0,347358.0,21473.0,1236188.0,18847.0,888830.0
91336L107,Sold Out,UNIVAR SOLUTIONS INC,5477.0,225944.0,,,,
42087L119,Not New,HAYMAKER ACQUISITION CORP II,295.0,250000.0,360.0,250000.0,65.0,0.0
249908AA2,Not New,ASSERTIO THERAPEUTICS INC,2475.0,2500000.0,2960.0,4000000.0,485.0,1500000.0
532457108,Sold Out,LILLY ELI & CO,10930.0,83162.0,,,,
78464A730,Sold Out,SPDR SERIES TRUST,7110.0,300000.0,,,,
688239201,Sold Out,OSHKOSH CORP,4019.0,42463.0,,,,
67103H107,New Holding,O REILLY AUTOMOTIVE INC NEW,,,32487.0,107912.0,,
G6700G107,Sold Out,NVENT ELECTRIC PLC,7078.0,276706.0,,,,
88688TAB6,Not New,TILRAY INC,1774.0,5500000.0,2935.0,5500000.0,1161.0,0.0
912008109,Sold Out,US FOODS HLDG CORP,10473.0,250000.0,,,,
94946T106,Sold Out,WELLCARE HEALTH PLANS INC,3302.0,10000.0,,,,
98919V105,Sold Out,ZAYO GROUP HLDGS INC,11781.0,340000.0,,,,
285512109,Not New,ELECTRONIC ARTS INC,21107.0,210716.0,16127.0,150000.0,-4980.0,-60716.0
N72482123,New Holding,QIAGEN NV,,,9360.0,225000.0,,
749641114,Not New,RMG ACQUISITION CORP,145.0,233333.0,135.0,233333.0,-10.0,0.0
889478103,Sold Out,TOLL BROTHERS INC,8462.0,214180.0,,,,
464286772,Sold Out,ISHARES INC,4975.0,80000.0,,,,
72147K108,Sold Out,PILGRIMS PRIDE CORP NEW,3999.0,122249.0,,,,
254687106,Sold Out,DISNEY WALT CO,48451.0,335000.0,,,,
44109J114,Not New,HOSTESS BRANDS INC,114.0,200000.0,394.0,200000.0,280.0,0.0
22266L106,Sold Out,COUPA SOFTWARE INC,54844.0,375000.0,,,,
G9087Q102,Sold Out,TRONOX HOLDINGS PLC,4574.0,400562.0,,,,
29251M106,Sold Out,ENANTA PHARMACEUTICALS INC,4423.0,71586.0,,,,
858119100,Not New,STEEL DYNAMICS INC,2209.0,97998.0,6297.0,185000.0,4088.0,87002.0
907818108,Not New,UNION PAC CORP,5642.0,40000.0,8136.0,45000.0,2494.0,5000.0
55825T103,Sold Out,MADISON SQUARE GARDEN CO NEW,2501.0,8500.0,,,,
90238J103,Not New,TYME TECHNOLOGIES INC,165.0,150000.0,210.0,150000.0,45.0,0.0
163851108,Sold Out,CHEMOURS CO,6332.0,350000.0,,,,
101388106,Sold Out,BOTTOMLINE TECH DEL INC,5682.0,106000.0,,,,
878237106,Not New,TECH DATA CORP,8505.0,65000.0,4733.0,32962.0,-3772.0,-32038.0
N20944109,Sold Out,CNH INDL N V,2338.0,212502.0,,,,
00162Q866,Sold Out,ALPS ETF TR,66088.0,7775000.0,,,,
57636Q104,Sold Out,MASTERCARD INC,48521.0,162500.0,,,,
958102105,Sold Out,WESTERN DIGITAL CORP,3174.0,50000.0,,,,
33829M101,Sold Out,FIVE BELOW INC,11507.0,90000.0,,,,
647581107,Not New,NEW ORIENTAL ED & TECH GRP I,7651.0,70681.0,36375.0,300000.0,28724.0,229319.0
546347105,Sold Out,LOUISIANA PAC CORP,9915.0,334164.0,,,,
256746108,New Holding,DOLLAR TREE INC,,,36546.0,497423.0,,
86771W105,Sold Out,SUNRUN INC,483.0,35000.0,,,,
398438408,Sold Out,GRIFOLS S A,3386.0,145396.0,,,,
G5494J103,Sold Out,LINDE PLC,6493.0,30500.0,,,,
46625H100,New Holding,JPMORGAN CHASE & CO,,,75625.0,840000.0,,
M51363113,New Holding,MELLANOX TECHNOLOGIES LTD,,,15772.0,130000.0,,
68248T105,Sold Out,ONECONNECT FINL TECHNOLOGY C,2006.0,200000.0,,,,
90353T100,Sold Out,UBER TECHNOLOGIES INC,11896.0,400000.0,,,,
177376100,New Holding,CITRIX SYS INC,,,7078.0,50000.0,,
16679L109,Sold Out,CHEWY INC,18125.0,625000.0,,,,
502431109,Not New,L3HARRIS TECHNOLOGIES INC,2161.0,12000.0,11378.0,57500.0,9217.0,45500.0
98420N105,Sold Out,XENON PHARMACEUTICALS INC,656.0,50000.0,,,,
838884112,Not New,SOUTH MTN MERGER CORP,235.0,250000.0,213.0,250000.0,-22.0,0.0
23703Q203,Sold Out,DAQO NEW ENERGY CORP,768.0,15000.0,,,,
55608B105,Sold Out,MACQUARIE INFRASTRUCTURE COR,2785.0,65000.0,,,,
256163106,New Holding,DOCUSIGN INC,,,2772.0,30000.0,,
679580100,New Holding,OLD DOMINION FREIGHT LINE IN,,,2815.0,21446.0,,
427746102,Sold Out,HERON THERAPEUTICS INC,5935.0,252564.0,,,,
395330103,Not New,GREENLANE HLDGS INC,916.0,532275.0,2872.0,882352.0,1956.0,350077.0
75605Y106,Not New,REALOGY HLDGS CORP,1505.0,500000.0,18876.0,1950000.0,17371.0,1450000.0
54142L109,Not New,LOGMEIN INC,4997.0,60000.0,3001.0,35000.0,-1996.0,-25000.0
30303M102,Not New,FACEBOOK INC,23579.0,141361.0,65680.0,320000.0,42101.0,178639.0
464287655,Not New,ISHARES TR,10874.0,95000.0,12425.0,75000.0,1551.0,-20000.0
G8807B106,Not New,THERAVANCE BIOPHARMA INC,924.0,40000.0,1295.0,50000.0,371.0,10000.0
78462F103,Not New,SPDR S&P 500 ETF TR,20233.0,78500.0,160930.0,500000.0,140697.0,421500.0
78462F103,Not New,SPDR S&P 500 ETF TR,15465.0,60000.0,160930.0,500000.0,145465.0,440000.0
92243N111,Not New,VECTOIQ ACQUISITION CORP,776.0,398100.0,250.0,500000.0,-526.0,101900.0
78486Q101,Sold Out,SVB FINL GROUP,20083.0,80000.0,,,,
83304A106,Not New,SNAP INC,892.0,75001.0,21229.0,1300000.0,20337.0,1224999.0
260557103,Sold Out,DOW INC,7498.0,137000.0,,,,
737010108,Sold Out,PORTOLA PHARMACEUTICALS INC,1885.0,78947.0,,,,
913017109,Sold Out,UNITED TECHNOLOGIES CORP,9847.0,65750.0,,,,
023135106,Not New,AMAZON COM INC,73272.0,37581.0,118447.0,64100.0,45175.0,26519.0
880890108,Sold Out,TERNIUM SA,990.0,45000.0,,,,
499049104,Not New,KNIGHT SWIFT TRANSN HLDGS IN,3106.0,94697.0,2688.0,75000.0,-418.0,-19697.0
70959W103,Not New,PENSKE AUTOMOTIVE GRP INC,1064.0,38000.0,3264.0,65000.0,2200.0,27000.0
244199105,Sold Out,DEERE & CO,7797.0,45000.0,,,,
26614N102,Sold Out,DUPONT DE NEMOURS INC,6420.0,100000.0,,,,
26614N102,Sold Out,DUPONT DE NEMOURS INC,3210.0,50000.0,,,,
035290105,New Holding,ANIXTER INTL INC,,,8787.0,100000.0,,
872540109,New Holding,TJX COS INC NEW,,,7411.0,155001.0,,
98419M100,New Holding,XYLEM INC,,,2422.0,37193.0,,
87615L115,Not New,TARGET HOSPITALITY CORP,60.0,400000.0,208.0,400000.0,148.0,0.0
988498101,Sold Out,YUM BRANDS INC,12591.0,125000.0,,,,
458140100,New Holding,INTEL CORP,,,12324.0,227709.0,,
805111101,Not New,SAVARA IN,212.0,100000.0,448.0,100000.0,236.0,0.0
60877T100,Sold Out,MOMENTA PHARMACEUTICALS INC,1558.0,78952.0,,,,
701877102,New Holding,PARSLEY ENERGY INC,,,7965.0,1390000.0,,
98936J101,Sold Out,ZENDESK INC,9579.0,125000.0,,,,
95058W100,Sold Out,WENDYS CO,13881.0,625000.0,,,,
857477103,Sold Out,STATE STR CORP,49438.0,625000.0,,,,
N96617118,Not New,WRIGHT MED GROUP N V,13775.0,480790.0,9144.0,300000.0,-4631.0,-180790.0
92206C409,New Holding,VANGUARD SCOTTSDALE FDS,,,267498.0,3381774.0,,
G47791101,Sold Out,INGERSOLL-RAND PLC,5317.0,40000.0,,,,
032654105,Sold Out,ANALOG DEVICES INC,11884.0,100000.0,,,,
42589C112,Not New,HENNESSY CAP ACQUSTION CORP,105.0,300000.0,240.0,300000.0,135.0,0.0
80706P103,Not New,SCHOLAR ROCK HLDG CORP,1211.0,100000.0,1779.0,135000.0,568.0,35000.0
283677854,Sold Out,EL PASO ELEC CO,3467.0,51061.0,,,,
91913Y100,Sold Out,VALERO ENERGY CORP NEW,6956.0,74276.0,,,,
70450Y103,Not New,PAYPAL HLDGS INC,5740.0,59953.0,67606.0,625000.0,61866.0,565047.0
464287184,Sold Out,ISHARES TR,43630.0,1000000.0,,,,
464287184,Sold Out,ISHARES TR,50175.0,1150000.0,,,,
47759T100,Sold Out,JINKOSOLAR HLDG CO LTD,675.0,30000.0,,,,
35671D857,Not New,FREEPORT-MCMORAN INC,3883.0,575276.0,14770.0,1125755.0,10887.0,550479.0
090043100,Sold Out,BILL COM HLDGS INC,6395.0,168068.0,,,,
74736L109,Sold Out,Q2 HLDGS INC,8108.0,100000.0,,,,
007903107,New Holding,ADVANCED MICRO DEVICES INC,,,10879.0,239198.0,,
983134107,Sold Out,WYNN RESORTS LTD,15623.0,112500.0,,,,
060505104,Sold Out,BANK AMER CORP,4226.0,120000.0,,,,
778296103,New Holding,ROSS STORES INC,,,46414.0,533681.0,,
039483102,Sold Out,ARCHER DANIELS MIDLAND CO,17593.0,379572.0,,,,
G0751N103,Not New,ATLANTICA YIELD PLC,7230.0,324216.0,13195.0,500000.0,5965.0,175784.0
47215P106,Not New,JD COM INC,50891.0,1256560.0,89660.0,2545000.0,38769.0,1288440.0
032095101,Sold Out,AMPHENOL CORP NEW,2165.0,20000.0,,,,
929089100,Sold Out,VOYA FINL INC,18294.0,300000.0,,,,
247361702,Sold Out,DELTA AIR LINES INC DEL,5223.0,89311.0,,,,
595112103,Not New,MICRON TECHNOLOGY INC,1052.0,25000.0,2151.0,40000.0,1099.0,15000.0
595112103,Not New,MICRON TECHNOLOGY INC,1052.0,25000.0,6185.0,115000.0,5133.0,90000.0
595112103,Not New,MICRON TECHNOLOGY INC,1682.0,40000.0,2151.0,40000.0,469.0,0.0
595112103,Not New,MICRON TECHNOLOGY INC,1682.0,40000.0,6185.0,115000.0,4503.0,75000.0
01973R101,Sold Out,ALLISON TRANSMISSION HLDGS I,1990.0,41178.0,,,,
31620M106,Not New,FIDELITY NATL INFORMATION SV,15713.0,129175.0,20864.0,150000.0,5151.0,20825.0
053332102,New Holding,AUTOZONE INC,,,32299.0,38178.0,,
54951L109,New Holding,LUCKIN COFFEE INC,,,35257.0,1296708.0,,
169656105,Sold Out,CHIPOTLE MEXICAN GRILL INC,25113.0,30000.0,,,,
09062X103,Sold Out,BIOGEN INC,2945.0,9924.0,,,,
G9456A100,Sold Out,GOLAR LNG LTD BERMUDA,7110.0,500000.0,,,,
464288513,Sold Out,ISHARES TR,89699.0,1020000.0,,,,
783549108,Sold Out,RYDER SYS INC,4124.0,75932.0,,,,
93627C101,Sold Out,WARRIOR MET COAL INC,2641.0,125000.0,,,,
G0750C108,Sold Out,AXALTA COATING SYS LTD,3040.0,100000.0,,,,
N97284108,New Holding,YANDEX N V,,,15323.0,450000.0,,
464287242,New Holding,ISHARES TR,,,19885.0,161000.0,,
18453H106,Not New,CLEAR CHANNEL OUTDOOR HLDGS,1157.0,1808299.0,4347.0,1520000.0,3190.0,-288299.0
067901108,Not New,BARRICK GOLD CORPORATION,11270.0,615158.0,25059.0,1347992.0,13789.0,732834.0
46090E103,New Holding,INVESCO QQQ TR,,,268464.0,1410000.0,,
05545E209,Sold Out,BHP GROUP PLC,11012.0,234244.0,,,,
171871502,New Holding,CINCINNATI BELL INC NEW,,,2260.0,154400.0,,
17144C203,New Holding,CHURCHILL CAP CORP III,,,10000.0,1000000.0,,
629076118,Not New,NEBULA ACQUISITION CORP,11.0,13333.0,517.0,413333.0,506.0,400000.0
228368106,Sold Out,CROWN HOLDINGS INC,5131.0,70730.0,,,,
65343E108,Sold Out,NEXTCURE INC,544.0,9656.0,,,,
30212P303,Sold Out,EXPEDIA GROUP INC,18925.0,175000.0,,,,
035710409,New Holding,ANNALY CAPITAL MANAGEMENT IN,,,13943.0,2750000.0,,
584688105,Sold Out,MEDICINES CO,8494.0,100000.0,,,,
584688105,Sold Out,MEDICINES CO,8494.0,100000.0,,,,
92672L107,Sold Out,VIEWRAY INC,485.0,115000.0,,,,
69366J200,Not New,PTC THERAPEUTICS INC,1784.0,40000.0,10116.0,210611.0,8332.0,170611.0
Y2065G121,New Holding,DHT HOLDINGS INC,,,4942.0,644373.0,,
539183103,Not New,LIVONGO HEALTH INC,856.0,30000.0,1253.0,50000.0,397.0,20000.0
418056107,New Holding,HASBRO INC,,,18061.0,252429.0,,
13321L108,New Holding,CAMECO CORP,,,853.0,111607.0,,
36165L108,Not New,GDS HLDGS LTD,19523.0,336776.0,23727.0,460000.0,4204.0,123224.0
651639106,Not New,NEWMONT CORP,7413.0,163705.0,12299.0,283059.0,4886.0,119354.0
780287108,New Holding,ROYAL GOLD INC,,,3055.0,34833.0,,
037833100,Sold Out,APPLE INC,11746.0,40000.0,,,,
11777Q209,Sold Out,B2GOLD CORP,1003.0,250000.0,,,,
013872106,Sold Out,ALCOA CORP,6075.0,282425.0,,,,
100557107,Not New,BOSTON BEER INC,15783.0,42939.0,20026.0,53000.0,4243.0,10061.0
038222105,Sold Out,APPLIED MATLS INC,5494.0,90000.0,,,,
29355A107,Sold Out,ENPHASE ENERGY INC,3266.0,125000.0,,,,
960413102,Sold Out,WESTLAKE CHEM CORP,2041.0,29088.0,,,,
38388F108,Sold Out,GRACE W R & CO DEL NEW,2794.0,40000.0,,,,
G3206V118,Sold Out,ESTRE AMBIENTAL INC,1.0,250000.0,,,,
92826C839,Sold Out,VISA INC,23488.0,125000.0,,,,
G78516203,Not New,SC HEALTH CORP,6030.0,600000.0,5964.0,600000.0,-66.0,0.0
34959J108,Sold Out,FORTIVE CORP,20092.0,263017.0,,,,
293792107,New Holding,ENTERPRISE PRODS PARTNERS L,,,38164.0,2668845.0,,
559080106,New Holding,MAGELLAN MIDSTREAM PRTNRS LP,,,23071.0,632250.0,,
34983P104,Sold Out,FORTY SEVEN INC,984.0,25000.0,,,,
38046YAB7,Not New,GOLAR LNG LTD,8746.0,13600000.0,1801.0,2000000.0,-6945.0,-11600000.0
36255F110,Sold Out,GS ACQUISITION HLDGS CORP,691.0,300000.0,,,,
G04415132,Not New,ANDINA ACQUISITION CORP III,70.0,400000.0,120.0,400000.0,50.0,0.0
86730L109,Sold Out,SUNDIAL GROWERS INC,2894.0,961432.0,,,,
064058100,Not New,BANK NEW YORK MELLON CORP,3368.0,100000.0,36489.0,725000.0,33121.0,625000.0
550021109,Sold Out,LULULEMON ATHLETICA INC,11584.0,50000.0,,,,
881624209,New Holding,TEVA PHARMACEUTICAL INDS LTD,,,9878.0,1100000.0,,
311900104,Sold Out,FASTENAL CO,6096.0,164978.0,,,,
95082P105,Sold Out,WESCO INTL INC,2970.0,50000.0,,,,
29273V100,New Holding,ENERGY TRANSFER LP,,,38050.0,8271741.0,,
917047102,Sold Out,URBAN OUTFITTERS INC,6943.0,250000.0,,,,
92766K106,Sold Out,VIRGIN GALACTIC HOLDINGS INC,13167.0,1140000.0,,,,
81369Y886,New Holding,SELECT SECTOR SPDR TR,,,72587.0,1310000.0,,
681116109,Sold Out,OLLIES BARGAIN OUTLT HLDGS I,6531.0,100000.0,,,,
201723103,New Holding,COMMERCIAL METALS CO,,,2357.0,149241.0,,
25258L109,Sold Out,DIAMOND EAGLE ACQUISITION CO,2675.0,250000.0,,,,
N90064101,Sold Out,UNIQURE NV,5011.0,69930.0,,,,
B38564108,New Holding,EURONAV NV ANTWERPEN,,,5807.0,514801.0,,
00766T100,Sold Out,AECOM,19117.0,443238.0,,,,
269246401,Sold Out,E TRADE FINANCIAL CORP,5671.0,125000.0,,,,
462260100,Not New,IOVANCE BIOTHERAPEUTICS INC,748.0,25000.0,3766.0,136040.0,3018.0,111040.0
87165B103,Sold Out,SYNCHRONY FINL,34210.0,950000.0,,,,
57665R106,Sold Out,MATCH GROUP INC,14369.0,175000.0,,,,
693506107,Sold Out,PPG INDS INC,6323.0,47368.0,,,,
256677105,New Holding,DOLLAR GEN CORP NEW,,,30950.0,204953.0,,
09857L108,Sold Out,BOOKING HLDGS INC,25672.0,12500.0,,,,
743315103,Not New,PROGRESSIVE CORP OHIO,9968.0,135000.0,30766.0,425000.0,20798.0,290000.0
G11196105,Sold Out,BIOHAVEN PHARMACTL HLDG CO L,4402.0,80856.0,,,,
64110W102,Sold Out,NETEASE INC,15332.0,50000.0,,,,
617446448,New Holding,MORGAN STANLEY,,,31110.0,915000.0,,
74933V108,Not New,RA PHARMACEUTICALS INC,960.0,20000.0,939.0,20000.0,-21.0,0.0
825724206,Sold Out,SIBANYE STILLWATER,3476.0,350000.0,,,,
194014106,Sold Out,COLFAX CORP,4997.0,137345.0,,,,
595017104,Sold Out,MICROCHIP TECHNOLOGY INC,14137.0,135000.0,,,,
912909108,Sold Out,UNITED STATES STL CORP NEW,2282.0,200000.0,,,,
210373106,Not New,CONSTELLATION PHARMCETICLS I,943.0,30000.0,1178.0,25000.0,235.0,-5000.0
629076100,Not New,NEBULA ACQUISITION CORP,12586.0,1240000.0,13070.0,1240000.0,484.0,0.0
G78516401,Not New,SC HEALTH COR,287.0,300000.0,288.0,300000.0,1.0,0.0
74762E102,Sold Out,QUANTA SVCS INC,7666.0,188316.0,,,,
90384S303,New Holding,ULTA BEAUTY INC,,,13860.0,78884.0,,
125269100,Sold Out,CF INDS HLDGS INC,5023.0,105219.0,,,,
962879102,Not New,WHEATON PRECIOUS METALS CORP,6374.0,231523.0,7874.0,264658.0,1500.0,33135.0
04351P101,Sold Out,ASCENDIS PHARMA A S,5166.0,37133.0,,,,
74139C102,Sold Out,PRETIUM RES INC,2504.0,225000.0,,,,
00724F101,Sold Out,ADOBE INC,8880.0,26925.0,,,,
00507V109,Not New,ACTIVISION BLIZZARD INC,19939.0,335225.0,16341.0,275000.0,-3598.0,-60225.0
64110L106,Not New,NETFLIX INC,77127.0,205398.0,12943.0,40000.0,-64184.0,-165398.0
64110L106,Not New,NETFLIX INC,77127.0,205398.0,32357.0,100000.0,-44770.0,-105398.0
42589C104,Not New,HENNESSY CAP ACQUSTION CORP,4044.0,400000.0,4064.0,400000.0,20.0,0.0
26875P101,New Holding,EOG RES INC,,,1796.0,50000.0,,
921937827,New Holding,VANGUARD BD INDEX FDS,,,20134.0,244997.0,,
34407Y202,New Holding,FLYING EAGLE ACQUISITION COR,,,4985.0,500000.0,,
92854Q106,Sold Out,VIVINT SOLAR INC,363.0,50000.0,,,,
035128206,New Holding,ANGLOGOLD ASHANTI LTD,,,1670.0,100410.0,,
G21810117,Sold Out,CLARIVATE ANALYTICS PLC,3125.0,500000.0,,,,
701094104,New Holding,PARKER HANNIFIN CORP,,,6487.0,50000.0,,
911312106,New Holding,UNITED PARCEL SERVICE INC,,,1868.0,20000.0,,
526107107,Sold Out,LENNOX INTL INC,3926.0,16092.0,,,,
