CUSIP,status,NAME OF ISSUER,(x$1000)_old,PRN AMT_old,(x$1000),PRN AMT,(x$1000)_change,PRN AMT_change
V0393H103,Not New,AZURE PWR GLOBAL LTD,950.0,90000.0,1127.0,99998.0,177.0,9998.0
G66721104,Sold Out,NORWEGIAN CRUISE LINE HLDG L,15114.0,275000.0,,,,
816851505,Sold Out,SEMPRA ENERGY,2654.0,25000.0,,,,
03076C106,Not New,AMERIPRISE FINL INC,61693.0,425000.0,41633.0,325000.0,-20060.0,-100000.0
G16962105,Not New,BUNGE LIMITED,48189.0,865000.0,35292.0,665000.0,-12897.0,-200000.0
67066G104,Sold Out,NVIDIA CORP,4489.0,25000.0,,,,
G18920127,Not New,CAPITOL INVT CORP IV,162.0,116666.0,161.0,116666.0,-1.0,0.0
36164Y101,Sold Out,GCP APPLIED TECHNOLOGIES INC,61730.0,2085486.0,,,,
803607100,Sold Out,SAREPTA THERAPEUTICS INC,924.0,7750.0,,,,
122017106,Not New,BURLINGTON STORES INC,54615.0,320980.0,35253.0,225000.0,-19362.0,-95980.0
464286400,Not New,ISHARES INC,21860.0,500000.0,20495.0,500000.0,-1365.0,0.0
86614U100,Sold Out,SUMMIT MATLS INC,3174.0,200000.0,,,,
06684L103,Sold Out,BAOZUN INC,14539.0,350000.0,,,,
004225108,Not New,ACADIA PHARMACEUTICALS INC,7039.0,263326.0,8255.0,307450.0,1216.0,44124.0
03064D108,New Holding,AMERICOLD RLTY TR,,,41013.0,1265050.0,,
585464100,New Holding,MELCO RESORTS AND ENTMT LTD,,,15204.0,700000.0,,
548661107,New Holding,LOWES COS INC,,,20182.0,200000.0,,
G1890L107,New Holding,CAPRI HOLDINGS LIMITED,,,6936.0,200000.0,,
G22707114,Not New,COLLIER CREEK HOLDINGS,585.0,433333.0,503.0,433333.0,-82.0,0.0
N6596X109,New Holding,NXP SEMICONDUCTORS N V,,,12201.0,125000.0,,
01741R102,New Holding,ALLEGHENY TECHNOLOGIES INC,,,7056.0,280000.0,,
69318G106,New Holding,PBF ENERGY INC,,,3130.0,100000.0,,
848637104,Not New,SPLUNK INC,6288.0,50000.0,11837.0,95000.0,5549.0,45000.0
81728P105,Not New,SENTINEL ENERGY SVCS INC,5075.0,500000.0,5040.0,500000.0,-35.0,0.0
25179M103,New Holding,DEVON ENERGY CORP NEW,,,2282.0,80000.0,,
42589C203,Sold Out,HENNESSY CAP ACQUSTION CORP,4032.0,400000.0,,,,
67103H107,New Holding,O REILLY AUTOMOTIVE INC NEW,,,31392.0,85000.0,,
G6700G107,Sold Out,NVENT ELECTRIC PLC,5396.0,200000.0,,,,
98919V105,Sold Out,ZAYO GROUP HLDGS INC,31262.0,1100000.0,,,,
285512109,Not New,ELECTRONIC ARTS INC,15189.0,150000.0,45734.0,450000.0,30545.0,300000.0
749641114,New Holding,RMG ACQUISITION CORP,,,219.0,233333.0,,
185899101,Sold Out,CLEVELAND CLIFFS INC,8991.0,900000.0,,,,
172062101,New Holding,CINCINNATI FINL CORP,,,20734.0,200000.0,,
590479135,Not New,MESA AIR GROUP INC,3702.0,405000.0,3586.0,430000.0,-116.0,25000.0
29364G103,Not New,ENTERGY CORP NEW,2779.0,27000.0,1626.0,17000.0,-1153.0,-10000.0
80918TAB5,Not New,SCORPIO TANKERS INC,3011.0,3000000.0,2640.0,3000000.0,-371.0,0.0
03272L108,New Holding,ANAPLAN INC,,,13122.0,260000.0,,
22564L204,Sold Out,CRESCENT ACQUISITION CORP,4750.0,475000.0,,,,
452907108,Sold Out,IMMUNOMEDICS INC,7046.0,366793.0,,,,
08579X101,Not New,BERRY PETE CORP,636.0,60000.0,519.0,45000.0,-117.0,-15000.0
907818108,Not New,UNION PACIFIC CORP,5919.0,35000.0,10032.0,60000.0,4113.0,25000.0
90238J103,Not New,TYME TECHNOLOGIES INC,183.0,150000.0,264.0,150000.0,81.0,0.0
816851109,Sold Out,SEMPRA ENERGY,1888.0,15000.0,,,,
464287192,New Holding,ISHARES TR,,,45166.0,240000.0,,
57636Q104,Not New,MASTERCARD INC,56874.0,215000.0,11773.0,50000.0,-45101.0,-165000.0
256746108,Not New,DOLLAR TREE INC,10739.0,100000.0,15756.0,150000.0,5017.0,50000.0
G5494J103,New Holding,LINDE PLC,,,21084.0,105000.0,,
00751Y106,Sold Out,ADVANCE AUTO PARTS INC,17053.0,100000.0,,,,
177376100,New Holding,CITRIX SYS INC,,,25516.0,260000.0,,
318672706,Sold Out,FIRST BANCORP P R,86332.0,7533365.0,,,,
16679L109,New Holding,CHEWY INC,,,9625.0,275000.0,,
25280H209,Sold Out,DIAMONDPEAK HLDGS COR,9018.0,900000.0,,,,
G22707106,Not New,COLLIER CREEK HOLDINGS,13000.0,1300000.0,12948.0,1300000.0,-52.0,0.0
806857108,Sold Out,SCHLUMBERGER LTD,2396.0,55000.0,,,,
846784106,Not New,SPARTAN ENERGY ACQUISITON CO,7000.0,700000.0,6880.0,700000.0,-120.0,0.0
38286G109,Not New,GORES HOLDINGS III INC,15075.0,1500000.0,14850.0,1500000.0,-225.0,0.0
913017109,Not New,UNITED TECHNOLOGIES CORP,12044.0,92500.0,13533.0,105000.0,1489.0,12500.0
913017109,Not New,UNITED TECHNOLOGIES CORP,1953.0,15000.0,13533.0,105000.0,11580.0,90000.0
83304A106,Not New,SNAP INC,7460.0,521649.0,17632.0,1600000.0,10172.0,1078351.0
34986F111,Not New,FORUM MERGER II CORP,320.0,500000.0,260.0,500000.0,-60.0,0.0
680665205,Not New,OLIN CORP,2191.0,100000.0,6942.0,300000.0,4751.0,200000.0
382872117,Not New,GORES METROPOULOS INC,462.0,366666.0,513.0,366666.0,51.0,0.0
872540109,Sold Out,TJX COS INC NEW,10642.0,200000.0,,,,
12528N107,Not New,CF FIN ACQUISITION CORP,5015.0,500000.0,4950.0,500000.0,-65.0,0.0
458140100,Sold Out,INTEL CORP,23360.0,435000.0,,,,
68570P101,New Holding,ORCHARD THERAPEUTICS PLC,,,280.0,20000.0,,
91912E105,New Holding,VALE S A,,,10080.0,750000.0,,
89154L209,Sold Out,TORTOISE ACQUISITION CORP,3996.0,400000.0,,,,
G04415108,Not New,ANDINA ACQUISITION CORP III,3964.0,400000.0,3900.0,400000.0,-64.0,0.0
91232N108,Sold Out,UNITED STATES OIL FUND LP,2250.0,180000.0,,,,
G0751N103,Not New,ATLANTICA YIELD PLC,11335.0,500000.0,11676.0,600000.0,341.0,100000.0
524643103,Not New,LEGACY ACQUISITION CORP,5065.0,500000.0,5020.0,500000.0,-45.0,0.0
G9456A100,Not New,GOLAR LNG LTD BERMUDA,8316.0,450000.0,6137.0,291000.0,-2179.0,-159000.0
63934E108,New Holding,NAVISTAR INTL CORP NEW,,,3273.0,95000.0,,
G0750C108,Not New,AXALTA COATING SYS LTD,2382.0,80000.0,17785.0,705457.0,15403.0,625457.0
G0750C108,Not New,AXALTA COATING SYS LTD,2977.0,100000.0,17785.0,705457.0,14808.0,605457.0
004285110,New Holding,ACAMAR PARTNERS ACQSITION CO,,,283.0,333333.0,,
46090E103,Not New,INVESCO QQQ TR,186740.0,1000000.0,18685.0,104000.0,-168055.0,-896000.0
46090E103,Not New,INVESCO QQQ TR,93370.0,500000.0,18685.0,104000.0,-74685.0,-396000.0
833635105,Sold Out,SOCIEDAD QUIMICA MINERA DE C,4997.0,130000.0,,,,
17143G205,New Holding,CHURCHILL CAP CORP II,,,7105.0,700000.0,,
37518N114,Not New,GIGCAPITAL INC,130.0,250000.0,163.0,250000.0,33.0,0.0
723787107,Not New,PIONEER NAT RES CO,4154.0,27000.0,3807.0,25000.0,-347.0,-2000.0
42087L200,New Holding,HAYMAKER ACQUISITION CORP II,,,7680.0,750000.0,,
13321L108,Not New,CAMECO CORP,4265.0,397515.0,3537.0,300000.0,-728.0,-97515.0
36165L108,Not New,GDS HLDGS LTD,28178.0,750000.0,53535.0,1500000.0,25357.0,750000.0
64829B100,New Holding,NEW RELIC INC,,,17302.0,200000.0,,
89628U116,New Holding,TRINE ACQUISITION CORP,,,190.0,250000.0,,
36255F110,Not New,GS ACQUISITION HLDGS CORP,660.0,500000.0,780.0,500000.0,120.0,0.0
171779309,Sold Out,CIENA CORP,6908.0,185000.0,,,,
749641106,New Holding,RMG ACQUISITION CORP,,,6839.0,700000.0,,
981558109,Sold Out,WORLDPAY INC,8513.0,75000.0,,,,
681116109,New Holding,OLLIES BARGAIN OUTLT HLDGS I,,,6533.0,75000.0,,
201723103,Not New,COMMERCIAL METALS CO,1517.0,85000.0,5124.0,300000.0,3607.0,215000.0
00165R119,Not New,AMCI ACQUISITION CORP,66.0,200000.0,56.0,200000.0,-10.0,0.0
G6485P108,Not New,NEW FRONTIER CORP,5035.0,500000.0,4945.0,500000.0,-90.0,0.0
13645T100,New Holding,CANADIAN PAC RY LTD,,,6808.0,28940.0,,
559663117,Not New,MAGNOLIA OIL & GAS CORP,2227.0,666667.0,2260.0,666667.0,33.0,0.0
462260100,Not New,IOVANCE BIOTHERAPEUTICS INC,1839.0,75000.0,1427.0,150000.0,-412.0,75000.0
92211L113,Sold Out,VANTAGE ENERGY ACQUISITION,77.0,333333.0,,,,
464286822,Not New,ISHARES INC,47718.0,1100000.0,21795.0,500000.0,-25923.0,-600000.0
30734W109,Not New,FAR PT ACQUISITION CORP,5095.0,500000.0,4975.0,500000.0,-120.0,0.0
874054109,New Holding,TAKE-TWO INTERACTIVE SOFTWAR,,,9650.0,85000.0,,
755111507,Sold Out,RAYTHEON CO,3642.0,20000.0,,,,
743315103,Not New,PROGRESSIVE CORP OHIO,73935.0,925000.0,10814.0,150000.0,-63121.0,-775000.0
294600101,Not New,EQUITRANS MIDSTREAM CORPORAT,710.0,36000.0,2644.0,121383.0,1934.0,85383.0
42589C104,New Holding,HENNESSY CAP ACQUSTION CORP,,,3960.0,400000.0,,
G21810117,New Holding,CLARIVATE ANALYTICS PLC,,,2375.0,500000.0,,
89628U108,New Holding,TRINE ACQUISITION CORP,,,4865.0,500000.0,,
87615L107,Not New,TARGET HOSPITALITY CORP,10010.0,1100000.0,9500.0,1000000.0,-510.0,-100000.0
457669307,New Holding,INSMED INC,,,2560.0,100000.0,,
85207U105,New Holding,SPRINT CORPORATION,,,8870.0,1350000.0,,
846784122,Not New,SPARTAN ENERGY ACQUISITON CO,208.0,233333.0,257.0,233333.0,49.0,0.0
81762P102,New Holding,SERVICENOW INC,,,5164.0,18808.0,,
89154L100,New Holding,TORTOISE ACQUISITION CORP,,,3940.0,400000.0,,
88023U101,New Holding,TEMPUR SEALY INTL INC,,,27514.0,375000.0,,
110122108,Not New,BRISTOL MYERS SQUIBB CO,5121.0,112915.0,7884.0,165252.0,2763.0,52337.0
78464A870,Sold Out,SPDR SERIES TRUST,18108.0,200000.0,,,,
172967424,Not New,CITIGROUP INC,7703.0,110000.0,6844.0,110000.0,-859.0,0.0
17142R111,Sold Out,CHURCHILL CAP CORP,1640.0,500000.0,,,,
02079K305,Not New,ALPHABET INC,10995.0,10154.0,17653.0,15000.0,6658.0,4846.0
04335A105,New Holding,ARVINAS INC,,,1319.0,60000.0,,
12572Q105,Not New,CME GROUP INC,20388.0,105032.0,17286.0,105032.0,-3102.0,0.0
517834107,New Holding,LAS VEGAS SANDS CORP,,,14773.0,250000.0,,
G3157S106,Sold Out,ENSCO PLC,1376.0,350000.0,,,,
48666K109,Sold Out,KB HOME,4834.0,200000.0,,,,
49435R102,Not New,KIMBELL RTY PARTNERS LP,2414.0,149488.0,1644.0,90000.0,-770.0,-59488.0
526057302,Not New,LENNAR CORP,6547.0,170000.0,7282.0,186150.0,735.0,16150.0
64125C109,Sold Out,NEUROCRINE BIOSCIENCES INC,4776.0,54213.0,,,,
962166104,New Holding,WEYERHAEUSER CO,,,9878.0,375000.0,,
918204108,New Holding,V F CORP,,,26205.0,300000.0,,
733174700,Sold Out,POPULAR INC,16728.0,320881.0,,,,
48576U106,Sold Out,KARYOPHARM THERAPEUTICS INC,584.0,100000.0,,,,
10319T101,Not New,BOXWOOD MERGER CORP,2463.0,250000.0,2430.0,250000.0,-33.0,0.0
17142R103,Sold Out,CHURCHILL CAP CORP,2016.0,150000.0,,,,
265504100,New Holding,DUNKIN BRANDS GROUP INC,,,9958.0,125000.0,,
23291E117,Not New,DFB HEALTHCARE ACQUISTION CO,413.0,333333.0,383.0,333333.0,-30.0,0.0
594918104,New Holding,MICROSOFT CORP,,,20094.0,150000.0,,
92763M105,Not New,VIPER ENERGY PARTNERS LP,1541.0,50000.0,1326.0,40000.0,-215.0,-10000.0
98978L204,Sold Out,ZOGENIX INC,1650.0,30000.0,,,,
78464A730,New Holding,SPDR SERIES TRUST,,,5450.0,200000.0,,
N53745100,Sold Out,LYONDELLBASELL INDUSTRIES N,10090.0,120000.0,,,,
254687106,New Holding,DISNEY WALT CO,,,26881.0,192500.0,,
98212B103,Not New,WPX ENERGY INC,5755.0,500000.0,3015.0,230000.0,-2740.0,-270000.0
156431108,Sold Out,CENTURY ALUM CO,3108.0,350000.0,,,,
74965L101,New Holding,RLJ LODGING TR,,,1064.0,60000.0,,
M51363113,Sold Out,MELLANOX TECHNOLOGIES LTD,4971.0,42000.0,,,,
526057104,Sold Out,LENNAR CORP,17427.0,355000.0,,,,
097023105,Not New,BOEING CO,7280.0,20000.0,9536.0,25000.0,2256.0,5000.0
097023105,Not New,BOEING CO,7280.0,20000.0,54543.0,143000.0,47263.0,123000.0
464287655,Not New,ISHARES TR,39419.0,253500.0,49754.0,325000.0,10335.0,71500.0
30303M102,Not New,FACEBOOK INC,112905.0,585000.0,74177.0,445000.0,-38728.0,-140000.0
380237107,Not New,GODADDY INC,6314.0,90000.0,6767.0,90000.0,453.0,0.0
737010108,Sold Out,PORTOLA PHARMACEUTICALS INC,5222.0,150488.0,,,,
25280H118,New Holding,DIAMONDPEAK HLDGS COR,,,240.0,300000.0,,
805111101,Not New,SAVARA INC,474.0,200000.0,737.0,100000.0,263.0,-100000.0
701877102,Not New,PARSLEY ENERGY INC,4753.0,250000.0,3571.0,185000.0,-1182.0,-65000.0
30283W104,Not New,FTS INTERNATIONAL INC,916.0,164170.0,1000.0,100000.0,84.0,-64170.0
464287440,Sold Out,ISHARES TR,2347.0,22000.0,,,,
674215108,Not New,OASIS PETE INC NEW,2272.0,400000.0,2235.0,370000.0,-37.0,-30000.0
42589C112,New Holding,HENNESSY CAP ACQUSTION CORP,,,180.0,300000.0,,
848577102,New Holding,SPIRIT AIRLS INC,,,3818.0,80000.0,,
87161C501,Sold Out,SYNOVUS FINL CORP,27488.0,800000.0,,,,
35671D857,Not New,FREEPORT-MCMORAN INC,19331.0,1665000.0,24169.0,1875000.0,4838.0,210000.0
22943F100,Sold Out,CTRIP COM INTL LTD,18568.0,425000.0,,,,
060505104,Not New,BANK AMER CORP,4640.0,160000.0,24831.0,900000.0,20191.0,740000.0
060505104,Not New,BANK AMER CORP,4640.0,160000.0,4414.0,160000.0,-226.0,0.0
580135101,New Holding,MCDONALDS CORP,,,15575.0,75000.0,,
G3165V109,Not New,ARYA SCIENCES ACQUISITION CO,3012.0,300000.0,2943.0,300000.0,-69.0,0.0
31620M106,New Holding,FIDELITY NATL INFORMATION SV,,,61340.0,500000.0,,
56585A102,Not New,MARATHON PETE CORP,19558.0,350000.0,14603.0,244000.0,-4955.0,-106000.0
559663109,Sold Out,MAGNOLIA OIL & GAS CORP,1088.0,90644.0,,,,
03874P101,Sold Out,ARATANA THERAPEUTICS INC,1080.0,300000.0,,,,
05545E209,Not New,BHP GROUP PLC,13506.0,264244.0,17502.0,362515.0,3996.0,98271.0
629076118,Not New,NEBULA ACQUISITION CORP,413.0,413333.0,310.0,413333.0,-103.0,0.0
51476X105,New Holding,LANDCADIA HLDGS II INC,,,4875.0,500000.0,,
012653101,Not New,ALBEMARLE CORP,27460.0,390000.0,20085.0,245000.0,-7375.0,-145000.0
61945C103,Sold Out,MOSAIC CO NEW,4097.0,150000.0,,,,
78516C106,Sold Out,SABAN CAP ACQUISITION CORP,15420.0,1500000.0,,,,
92672L107,Not New,VIEWRAY INC,1762.0,200000.0,1478.0,200000.0,-284.0,0.0
N22035104,New Holding,CONSTELLIUM NV,,,2008.0,200000.0,,
83200N103,Not New,SMARTSHEET INC-CLASS A,12342.0,255000.0,12237.0,300000.0,-105.0,45000.0
00508Y102,Sold Out,ACUITY BRANDS INC,5040.0,42000.0,,,,
450913108,New Holding,IAMGOLD CORP,,,6850.0,2026694.0,,
59045L106,Sold Out,MERSANA THERAPEUTICS INC,105.0,20000.0,,,,
149123101,Sold Out,CATERPILLAR INC DEL,38073.0,281000.0,,,,
26884L109,Not New,EQT CORP,711.0,45000.0,3526.0,170000.0,2815.0,125000.0
N47279109,New Holding,INTERXION HOLDING N.V,,,15218.0,200000.0,,
30744W107,Sold Out,FARFETCH LTD,2018.0,75000.0,,,,
G11196105,New Holding,BIOHAVEN PHARMACTL HLDG CO L,,,3065.0,70000.0,,
22564L105,New Holding,CRESCENT ACQUISITION CORP,,,4655.0,475000.0,,
277432100,New Holding,EASTMAN CHEMICAL CO,,,5837.0,75000.0,,
464287432,New Holding,ISHARES TR,,,66405.0,500000.0,,
71654V408,New Holding,PETROLEO BRASILEIRO SA PETRO,,,3893.0,250000.0,,
573284106,Sold Out,MARTIN MARIETTA MATLS INC,5150.0,25600.0,,,,
64110L106,Not New,NETFLIX INC,72362.0,197000.0,48136.0,135000.0,-24226.0,-62000.0
23257D103,Not New,CYMABAY THERAPEUTICS INC,179.0,25000.0,332.0,25000.0,153.0,0.0
872590104,Sold Out,T MOBILE US INC,10365.0,150000.0,,,,
880890108,New Holding,TERNIUM SA,,,2117.0,94388.0,,
20605P101,Sold Out,CONCHO RES INC,1332.0,12000.0,,,,
76131D103,Sold Out,RESTAURANT BRANDS INTL INC,19533.0,300000.0,,,,
609754106,Not New,MONOCLE ACQUISITION CORP,4950.0,500000.0,4900.0,500000.0,-50.0,0.0
79466L302,Not New,SALESFORCE COM INC,12897.0,85000.0,23756.0,150000.0,10859.0,65000.0
000375204,Sold Out,ABB LTD,1887.0,100000.0,,,,
887389104,New Holding,TIMKEN CO,,,6161.0,120000.0,,
38286G117,Not New,GORES HOLDINGS III INC,725.0,500000.0,750.0,500000.0,25.0,0.0
929160109,Sold Out,VULCAN MATLS CO,5150.0,43500.0,,,,
535919401,Not New,LIONS GATE ENTMNT CORP,8575.0,700000.0,767.0,49021.0,-7808.0,-650979.0
Y7542C130,Not New,SCORPIO TANKERS INC,5904.0,200000.0,3968.0,200000.0,-1936.0,0.0
05550J101,New Holding,BJS WHSL CLUB HLDGS INC,,,21120.0,800000.0,,
Y95308105,Sold Out,WAVE LIFE SCIENCES LTD,1422.0,36600.0,,,,
743187106,Not New,PROGENICS PHARMACEUTICALS IN,617.0,100000.0,464.0,100000.0,-153.0,0.0
004285102,New Holding,ACAMAR PARTNERS ACQSITION CO,,,9720.0,1000000.0,,
302491303,New Holding,F M C CORP,,,6050.0,72936.0,,
G18920101,Not New,CAPITOL INVT CORP IV,3581.0,350000.0,3563.0,350000.0,-18.0,0.0
72703H101,Sold Out,PLANET FITNESS INC,18081.0,263106.0,,,,
447011107,Not New,HUNTSMAN CORP,1022.0,50000.0,4048.0,180000.0,3026.0,130000.0
60935Y208,Sold Out,MONEYGRAM INTL INC,162.0,79524.0,,,,
90184L102,Sold Out,TWITTER INC,27126.0,825000.0,,,,
496902404,New Holding,KINROSS GOLD CORP,,,4074.0,1050000.0,,
665531109,Not New,NORTHERN OIL & GAS INC NEV,1810.0,937747.0,1123.0,410000.0,-687.0,-527747.0
23291E109,Not New,DFB HEALTHCARE ACQUISTION CO,10130.0,1000000.0,9990.0,1000000.0,-140.0,0.0
008474108,New Holding,AGNICO EAGLE MINES LTD,,,10121.0,197522.0,,
339041105,New Holding,FLEETCOR TECHNOLOGIES INC,,,4999.0,17800.0,,
00165R101,Not New,AMCI ACQUISITION CORP,1988.0,200000.0,1968.0,200000.0,-20.0,0.0
01609W102,Not New,ALIBABA GROUP HLDG LTD,105906.0,625000.0,142311.0,780000.0,36405.0,155000.0
98422L107,Not New,XERIS PHARMACEUTICALS INC,1144.0,100000.0,1004.0,100000.0,-140.0,0.0
603380106,Not New,MINERVA NEUROSCIENCES INC,536.0,95125.0,1179.0,150000.0,643.0,54875.0
539830109,New Holding,LOCKHEED MARTIN CORP,,,16359.0,45000.0,,
92189F106,Not New,VANECK VECTORS ETF TR,12652.0,495000.0,20402.0,910000.0,7750.0,415000.0
51476X113,New Holding,LANDCADIA HLDGS II INC,,,142.0,166666.0,,
878742204,Not New,TECK RESOURCES LTD,5401.0,234206.0,31513.0,1359508.0,26112.0,1125302.0
92243N103,Not New,VECTOIQ ACQUISITION CORP,5065.0,500000.0,5000.0,500000.0,-65.0,0.0
249908AA2,Not New,ASSERTIO THERAPEUTICS INC,2900.0,4000000.0,3080.0,4000000.0,180.0,0.0
532457108,Not New,LILLY ELI & CO,6999.0,63176.0,10498.0,80905.0,3499.0,17729.0
16411R208,Sold Out,CHENIERE ENERGY INC,25635.0,375000.0,,,,
02156K103,Not New,ALTICE USA INC,26352.0,1082200.0,24165.0,1125000.0,-2187.0,42800.0
032511107,Sold Out,ANADARKO PETE CORP,5003.0,110000.0,,,,
22266L106,New Holding,COUPA SOFTWARE INC,,,31019.0,245000.0,,
61946M100,Not New,MOSAIC ACQUISITION CORP,11220.0,1100000.0,11088.0,1100000.0,-132.0,0.0
146869102,New Holding,CARVANA CO,,,14083.0,225000.0,,
838884203,New Holding,SOUTH MTN MERGER CORP,,,5000.0,500000.0,,
900435108,New Holding,TURQUOISE HILL RESOURCES LTD,,,1240.0,1000000.0,,
03753U106,Sold Out,APELLIS PHARMACEUTICALS INC,985.0,50527.0,,,,
L8681T102,Not New,SPOTIFY TECHNOLOGY S A,11698.0,80000.0,25678.0,185000.0,13980.0,105000.0
958102105,Sold Out,WESTERN DIGITAL CORP,3004.0,62500.0,,,,
33829M101,New Holding,FIVE BELOW INC,,,9002.0,75000.0,,
647581107,Not New,NEW ORIENTAL ED & TECH GRP I,4829.0,50000.0,22523.0,250000.0,17694.0,200000.0
25258L208,New Holding,DIAMOND EAGLE ACQUISITION CO,,,10060.0,1000000.0,,
81728P113,Not New,SENTINEL ENERGY SVCS INC,128.0,166666.0,110.0,166666.0,-18.0,0.0
90138F102,Not New,TWILIO INC,6136.0,45000.0,12918.0,100000.0,6782.0,55000.0
98420N105,Not New,XENON PHARMACEUTICALS INC,493.0,50000.0,508.0,50000.0,15.0,0.0
55608B105,New Holding,MACQUARIE INFRASTRUCTURE COR,,,3649.0,90000.0,,
124857202,New Holding,CBS CORP NEW,,,9481.0,190000.0,,
395330103,New Holding,GREENLANE HLDGS INC,,,8462.0,882353.0,,
92243N111,Not New,VECTOIQ ACQUISITION CORP,235.0,500000.0,225.0,500000.0,-10.0,0.0
501797104,Sold Out,L BRANDS INC,4827.0,175000.0,,,,
98462Y100,New Holding,YAMANA GOLD INC,,,5670.0,2250000.0,,
55087P104,Sold Out,LYFT INC,3915.0,50000.0,,,,
02553E106,Sold Out,AMERICAN EAGLE OUTFITTERS IN,13856.0,625000.0,,,,
92189F676,New Holding,VANECK VECTORS ETF TR,,,11018.0,100000.0,,
92189F676,New Holding,VANECK VECTORS ETF TR,,,9916.0,90000.0,,
87615L115,Not New,TARGET HOSPITALITY CORP,800.0,400000.0,620.0,400000.0,-180.0,0.0
89154L118,New Holding,TORTOISE ACQUISITION CORP,,,140.0,200000.0,,
87484T108,Sold Out,TALOS ENERGY INC,1195.0,45000.0,,,,
449253103,New Holding,IAA INC,,,5125.0,132149.0,,
G47791101,Not New,INGERSOLL-RAND PLC,10134.0,80000.0,8096.0,75000.0,-2038.0,-5000.0
G47791101,Not New,INGERSOLL-RAND PLC,5700.0,45000.0,8096.0,75000.0,2396.0,30000.0
G8250R129,Not New,SOCIAL CAP HEDOSOPHIA HLDGS,223.0,166666.0,133.0,166666.0,-90.0,0.0
283677854,Sold Out,EL PASO ELEC CO,588.0,10000.0,,,,
565849106,Not New,MARATHON OIL CORP,5329.0,375000.0,1671.0,100000.0,-3658.0,-275000.0
91913Y100,New Holding,VALERO ENERGY CORP NEW,,,2568.0,30000.0,,
70450Y103,Not New,PAYPAL HLDGS INC,34807.0,304100.0,7767.0,74800.0,-27040.0,-229300.0
74736L109,New Holding,Q2 HLDGS INC,,,24817.0,325000.0,,
983134107,Sold Out,WYNN RESORTS LTD,17898.0,150000.0,,,,
137800207,New Holding,CANNTRUST HLDGS INC,,,1079.0,215000.0,,
92211L105,Sold Out,VANTAGE ENERGY ACQUISITION,5110.0,500000.0,,,,
74275G107,Not New,PRIORITY TECHNOLOGY HLDGS IN,2020.0,257300.0,1778.0,257300.0,-242.0,0.0
61946M118,Not New,MOSAIC ACQUISITION CORP,348.0,366666.0,298.0,366666.0,-50.0,0.0
47215P106,Not New,JD COM INC,71182.0,2350000.0,41456.0,1375000.0,-29726.0,-975000.0
02133L117,Not New,ALTA MESA RES INC,4.0,500000.0,19.0,500000.0,15.0,0.0
464288513,New Holding,ISHARES TR,,,178719.0,2050000.0,,
464288513,New Holding,ISHARES TR,,,20051.0,230000.0,,
02376R102,Sold Out,AMERICAN AIRLS GROUP INC,1588.0,50000.0,,,,
N97284108,Sold Out,YANDEX N V,11161.0,325000.0,,,,
067901108,Not New,BARRICK GOLD CORPORATION,6308.0,400000.0,16452.0,1200000.0,10144.0,800000.0
609754114,Not New,MONOCLE ACQUISITION CORP,175.0,500000.0,160.0,500000.0,-15.0,0.0
30161Q104,Sold Out,EXELIXIS INC,4203.0,176585.0,,,,
690742101,Sold Out,OWENS CORNING NEW,7068.0,150000.0,,,,
98954M200,Not New,ZILLOW GROUP INC,13190.0,284325.0,13896.0,400000.0,706.0,115675.0
228368106,New Holding,CROWN HOLDINGS INC,,,6110.0,100000.0,,
78463V107,New Holding,SPDR GOLD TRUST,,,33300.0,250000.0,,
78463V107,New Holding,SPDR GOLD TRUST,,,5075.0,38100.0,,
30212P303,New Holding,EXPEDIA GROUP INC,,,13303.0,100000.0,,
92511U102,Not New,VERRA MOBILITY CORP,1309.0,100000.0,2380.0,200000.0,1071.0,100000.0
72583A101,New Holding,PIVOTAL ACQUISITION CORP,,,3045.0,300000.0,,
524643111,Not New,LEGACY ACQUISITION CORP,160.0,500000.0,150.0,500000.0,-10.0,0.0
418056107,New Holding,HASBRO INC,,,15852.0,150000.0,,
150870103,Sold Out,CELANESE CORP DEL,7451.0,75557.0,,,,
70788V102,New Holding,PENN VA CORP NEW,,,460.0,15000.0,,
960413102,New Holding,WESTLAKE CHEM CORP,,,4862.0,70000.0,,
92826C839,Sold Out,VISA INC,15619.0,100000.0,,,,
62857M105,Not New,MYOKARDIA INC,3023.0,60284.0,998.0,19200.0,-2025.0,-41084.0
G8250R103,Not New,SOCIAL CAP HEDOSOPHIA HLDGS,5215.0,500000.0,5095.0,500000.0,-120.0,0.0
82621J105,New Holding,SIENTRA INC,,,185.0,30000.0,,
292505104,Not New,ENCANA CORP,770.0,150000.0,5792.0,800000.0,5022.0,650000.0
292505104,Not New,ENCANA CORP,770.0,150000.0,1701.0,235000.0,931.0,85000.0
025816109,New Holding,AMERICAN EXPRESS CO,,,12344.0,100000.0,,
N90064101,Sold Out,UNIQURE NV,1029.0,17256.0,,,,
87165B103,Not New,SYNCHRONY FINL,62406.0,1800000.0,55825.0,1750000.0,-6581.0,-50000.0
78516C114,Sold Out,SABAN CAP ACQUISITION CORP,2.0,750000.0,,,,
57665R106,New Holding,MATCH GROUP INC,,,16818.0,250000.0,,
37518N122,Not New,GIGCAPITAL INC,56.0,187500.0,53.0,187500.0,-3.0,0.0
629076100,Not New,NEBULA ACQUISITION CORP,12512.0,1240000.0,12388.0,1240000.0,-124.0,0.0
G9329Z100,New Holding,VENATOR MATLS PLC,,,265.0,50000.0,,
G9329Z100,New Holding,VENATOR MATLS PLC,,,3333.0,630000.0,,
90384S303,Sold Out,ULTA BEAUTY INC,24411.0,70000.0,,,,
962879102,Sold Out,WHEATON PRECIOUS METALS CORP,1667.0,70000.0,,,,
751212101,Sold Out,RALPH LAUREN CORP,5187.0,40000.0,,,,
81141R100,New Holding,SEA LTD,,,26576.0,800000.0,,
896818101,Sold Out,TRIUMPH GROUP INC NEW,953.0,50000.0,,,,
31811A119,Not New,FINTECH ACQUISITION CORP III,340.0,250000.0,228.0,250000.0,-112.0,0.0
00444T100,Sold Out,ACELRX PHARMACEUTICALS INC,870.0,250000.0,,,,
75419T103,New Holding,RATTLER MIDSTREAM LP,,,2868.0,147900.0,,
902494103,Not New,TYSON FOODS INC,5652.0,70000.0,7637.0,110000.0,1985.0,40000.0
576323109,New Holding,MASTEC INC,,,3865.0,75000.0,,
48669A108,Not New,KEANE GROUP INC,504.0,75000.0,1198.0,110000.0,694.0,35000.0
892672106,New Holding,TRADEWEB MKTS INC,,,14571.0,332600.0,,
666807102,New Holding,NORTHROP GRUMMAN CORP,,,32473.0,100500.0,,
87612E106,Not New,TARGET CORP,15157.0,175000.0,24078.0,300000.0,8921.0,125000.0
004285201,Sold Out,ACAMAR PARTNERS ACQSITION CO,10000.0,1000000.0,,,,
382872109,Not New,GORES METROPOULOS INC,11077.0,1100000.0,10791.0,1100000.0,-286.0,0.0
G04415124,Not New,ANDINA ACQUISITION CORP III,84.0,400000.0,80.0,400000.0,-4.0,0.0
37045V100,Not New,GENERAL MTRS CO,7706.0,200000.0,3710.0,100000.0,-3996.0,-100000.0
37045V100,Not New,GENERAL MTRS CO,4431.0,115000.0,3710.0,100000.0,-721.0,-15000.0
30734W117,Not New,FAR PT ACQUISITION CORP,217.0,166666.0,225.0,166666.0,8.0,0.0
34553D101,Sold Out,FORESCOUT TECHNOLOGIES INC,12154.0,290000.0,,,,
00973Y108,New Holding,AKERO THERAPEUTICS INC,,,192.0,10000.0,,
105532105,Sold Out,BRASKEM S A,9837.0,381000.0,,,,
105532105,Sold Out,BRASKEM S A,5164.0,200000.0,,,,
464287234,Not New,ISHARES TR,136454.0,3180000.0,64380.0,1500000.0,-72074.0,-1680000.0
464287234,Not New,ISHARES TR,136454.0,3180000.0,62964.0,1467000.0,-73490.0,-1713000.0
464287234,Not New,ISHARES TR,40979.0,955000.0,64380.0,1500000.0,23401.0,545000.0
464287234,Not New,ISHARES TR,40979.0,955000.0,62964.0,1467000.0,21985.0,512000.0
23284F105,Not New,CYTOMX THERAPEUTICS INC,1403.0,125000.0,1344.0,125000.0,-59.0,0.0
37518N106,Not New,GIGCAPITAL INC,515.0,50000.0,2550.0,250000.0,2035.0,200000.0
G6485P124,Not New,NEW FRONTIER CORP,175.0,250000.0,177.0,250000.0,2.0,0.0
12528N115,Not New,CF FIN ACQUISITION CORP,225.0,375000.0,161.0,375000.0,-64.0,0.0
37954Y848,Sold Out,GLOBAL X FDS,10375.0,393000.0,,,,
574599106,Not New,MASCO CORP,3532.0,90000.0,4717.0,120000.0,1185.0,30000.0
168905107,Sold Out,CHILDRENS PL INC,7296.0,75000.0,,,,
023111206,New Holding,AMARIN CORP PLC,,,3204.0,165249.0,,
44109J114,Not New,HOSTESS BRANDS INC,380.0,200000.0,260.0,200000.0,-120.0,0.0
655844108,Sold Out,NORFOLK SOUTHERN CORP,4672.0,25000.0,,,,
66987E206,Sold Out,NOVAGOLD RES INC,21059.0,5050176.0,,,,
G9087Q102,Not New,TRONOX HOLDINGS PLC,639.0,50000.0,3288.0,250000.0,2649.0,200000.0
G9087Q102,Not New,TRONOX HOLDINGS PLC,639.0,50000.0,8548.0,650000.0,7909.0,600000.0
G9087Q102,Not New,TRONOX HOLDINGS PLC,4665.0,365000.0,3288.0,250000.0,-1377.0,-115000.0
G9087Q102,Not New,TRONOX HOLDINGS PLC,4665.0,365000.0,8548.0,650000.0,3883.0,285000.0
30233G100,Not New,EYEPOINT PHARMACEUTICALS INC,525.0,320000.0,573.0,320000.0,48.0,0.0
G89827128,Not New,TPG PACE HLDGS CORP,9360.0,900000.0,9216.0,900000.0,-144.0,0.0
G7945M107,Sold Out,SEAGATE TECHNOLOGY PLC,2395.0,50000.0,,,,
858119100,Not New,STEEL DYNAMICS INC,12986.0,430000.0,4409.0,125000.0,-8577.0,-305000.0
257554105,Sold Out,DOMO INC,10486.0,260000.0,,,,
96208T104,New Holding,WEX INC,,,41620.0,200000.0,,
31811A101,Not New,FINTECH ACQUISITION CORP III,4905.0,500000.0,4875.0,500000.0,-30.0,0.0
546347105,New Holding,LOUISIANA PAC CORP,,,2622.0,100000.0,,
87336U105,Sold Out,TABLEAU SOFTWARE INC,7000.0,55000.0,,,,
34986F103,Not New,FORUM MERGER II CORP,5030.0,500000.0,4960.0,500000.0,-70.0,0.0
045396108,Sold Out,ASSEMBLY BIOSCIENCES INC,197.0,10000.0,,,,
700517105,New Holding,PARK HOTELS RESORTS INC,,,1378.0,50000.0,,
948596101,New Holding,WEIBO CORP,,,8710.0,200000.0,,
G89827110,Not New,TPG PACE HLDGS CORP,474.0,300000.0,429.0,300000.0,-45.0,0.0
78486Q101,Not New,SVB FINL GROUP,11230.0,50000.0,42248.0,190000.0,31018.0,140000.0
78462F103,Not New,SPDR S&P 500 ETF TR,14650.0,50000.0,70620.0,250000.0,55970.0,200000.0
78462F103,Not New,SPDR S&P 500 ETF TR,216820.0,740000.0,70620.0,250000.0,-146200.0,-490000.0
225447101,Not New,CREE INC,14045.0,250000.0,14305.0,250000.0,260.0,0.0
20030N101,Not New,COMCAST CORP NEW,25368.0,600000.0,31984.0,800000.0,6616.0,200000.0
G3165V125,Not New,ARYA SCIENCES ACQUISITION CO,233.0,150000.0,195.0,150000.0,-38.0,0.0
023135106,Not New,AMAZON COM INC,100362.0,53000.0,41509.0,23310.0,-58853.0,-29690.0
499049104,New Holding,KNIGHT SWIFT TRANSN HLDGS IN,,,3284.0,100000.0,,
244199105,New Holding,DEERE & CO,,,6628.0,40000.0,,
26614N102,New Holding,DUPONT DE NEMOURS INC,,,9927.0,132230.0,,
14575E105,Not New,CARS COM INC,986.0,50000.0,1140.0,50000.0,154.0,0.0
67059N108,Sold Out,NUTANIX INC,8303.0,220000.0,,,,
19626G108,Not New,COLONY CAP INC NEW,750.0,150000.0,798.0,150000.0,48.0,0.0
98936J101,Sold Out,ZENDESK INC,10523.0,123800.0,,,,
95058W100,Not New,WENDYS CO,21538.0,1100000.0,13418.0,750000.0,-8120.0,-350000.0
10319T119,Not New,BOXWOOD MERGER CORP,155.0,250000.0,75.0,250000.0,-80.0,0.0
Y37828129,Sold Out,HUNTER MARITIME ACQUISITION,116.0,250000.0,,,,
464287184,Not New,ISHARES TR,184339.0,4310000.0,153617.0,3470000.0,-30722.0,-840000.0
464287184,Not New,ISHARES TR,428.0,10000.0,153617.0,3470000.0,153189.0,3460000.0
45688C107,New Holding,INGEVITY CORP,,,6531.0,62104.0,,
89628U207,Sold Out,TRINE ACQUISITION CORP,5010.0,500000.0,,,,
04650Y100,Sold Out,AT HOME GROUP INC,7144.0,400000.0,,,,
464288752,Sold Out,ISHARES TR,21144.0,600000.0,,,,
54951L109,New Holding,LUCKIN COFFEE INC,,,7796.0,400000.0,,
189464AC4,Not New,CLOVIS ONCOLOGY INC,998.0,1500000.0,1172.0,1500000.0,174.0,0.0
101044105,Not New,BOSTON OMAHA CORP,1158.0,50000.0,1247.0,50000.0,89.0,0.0
G5876H105,New Holding,MARVELL TECHNOLOGY GROUP LTD,,,12890.0,540000.0,,
25754A201,Not New,DOMINOS PIZZA INC,11131.0,40000.0,14196.0,55000.0,3065.0,15000.0
229050307,New Holding,CRYOPORT INC,,,440.0,24000.0,,
777385105,Sold Out,ROSEHILL RES INC,136.0,40000.0,,,,
53635D202,Sold Out,LIQUIDIA TECHNOLOGIES INC,1138.0,100000.0,,,,
69366J200,Not New,PTC THERAPEUTICS INC,8555.0,190118.0,3764.0,100000.0,-4791.0,-90118.0
819047101,New Holding,SHAKE SHACK INC,,,1805.0,25000.0,,
V7780T103,Not New,ROYAL CARIBBEAN CRUISES LTD,21212.0,175000.0,11462.0,100000.0,-9750.0,-75000.0
911363109,New Holding,UNITED RENTALS INC,,,11937.0,90000.0,,
911363109,New Holding,UNITED RENTALS INC,,,3316.0,25000.0,,
22788C105,New Holding,CROWDSTRIKE HLDGS INC,,,5805.0,85000.0,,
281020107,New Holding,EDISON INTL,,,4382.0,65000.0,,
G3206V118,Not New,ESTRE AMBIENTAL INC,10.0,250000.0,29.0,250000.0,19.0,0.0
413875105,Sold Out,HARRIS CORP DEL,4951.0,31000.0,,,,
22564L113,New Holding,CRESCENT ACQUISITION CORP,,,154.0,237500.0,,
48251W104,Not New,KKR & CO INC,3285.0,130000.0,2701.0,115000.0,-584.0,-15000.0
G04415132,Not New,ANDINA ACQUISITION CORP III,87.0,400000.0,140.0,400000.0,53.0,0.0
G2709G107,New Holding,DELPHI TECHNOLOGIES PLC,,,4000.0,200000.0,,
086516101,Sold Out,BEST BUY INC,15989.0,225000.0,,,,
G87110105,Sold Out,TECHNIPFMC PLC,7056.0,300000.0,,,,
749641205,Sold Out,RMG ACQUISITION CORP,7021.0,700000.0,,,,
36255F102,Not New,GS ACQUISITION HLDGS CORP,15150.0,1500000.0,15030.0,1500000.0,-120.0,0.0
001084102,New Holding,AGCO CORP,,,3491.0,45000.0,,
136375102,New Holding,CANADIAN NATL RY CO,,,3300.0,35688.0,,
25280H100,New Holding,DIAMONDPEAK HLDGS COR,,,8748.0,900000.0,,
36197T103,Not New,GW PHARMACEUTICALS PLC,1724.0,10000.0,1686.0,10000.0,-38.0,0.0
14040H105,Not New,CAPITAL ONE FINL CORP,4537.0,50000.0,4085.0,50000.0,-452.0,0.0
171798101,New Holding,CIMAREX ENERGY CO,,,2373.0,40000.0,,
15189T107,Not New,CENTERPOINT ENERGY INC,5010.0,175000.0,1535.0,50000.0,-3475.0,-125000.0
38000Q102,Not New,GLYCOMIMETICS INC,596.0,50000.0,623.0,50000.0,27.0,0.0
91274U101,New Holding,U S WELL SVCS INC,,,243.0,50340.0,,
233051879,Sold Out,DBX ETF TR,43095.0,1500000.0,,,,
125269100,Sold Out,CF INDS HLDGS INC,4088.0,100000.0,,,,
00724F101,Not New,ADOBE INC,29465.0,100000.0,37309.0,140000.0,7844.0,40000.0
697900108,New Holding,PAN AMERICAN SILVER CORP,,,3873.0,300000.0,,
035128206,Not New,ANGLOGOLD ASHANTI LTD,4987.0,280000.0,3930.0,300000.0,-1057.0,20000.0
