CUSIP,status,NAME OF ISSUER,(x$1000)_old,PRN AMT_old,(x$1000),PRN AMT,(x$1000)_change,PRN AMT_change
03076C106,Not New,AMERIPRISE FINANCIAL INC,19176.0,145000.0,8637.0,70000.0,-10539.0,-75000.0
87265H109,Not New,TRI Pointe Homes LLC,763.0,50000.0,10352.0,800000.0,9589.0,750000.0
74005P104,New Holding,PRAXAIR INC,,,907.0,7000.0,,
25278X109,Sold Out,Diamondback Energy Inc,19703.0,263485.0,,,,
29355X107,Not New,ENPRO INDUSTRIES INC,9728.0,155000.0,16181.0,267329.0,6453.0,112329.0
G2519Y108,Sold Out,CREDICORP LTD,2815.0,18350.0,,,,
345550107,New Holding,FOREST CITY ENTERPRISES-CL A,,,7695.0,361250.0,,
425886108,Not New,Hennessy Capital Acquisition C,3940.0,400000.0,3920.0,400000.0,-20.0,0.0
387328107,Not New,GRANITE CONSTRUCTION INC,9630.0,253297.0,1508.0,47400.0,-8122.0,-205897.0
88632Q103,Sold Out,TIBCO SOFTWARE INC,3545.0,150000.0,,,,
88632Q103,Sold Out,TIBCO SOFTWARE INC,2374.0,100450.0,,,,
767754104,New Holding,RITE AID CORP,,,8648.0,1150000.0,,
966387102,Sold Out,WHITING PETROLEUM CORP,29642.0,382236.0,,,,
670704105,Sold Out,NUVASIVE INC,4533.0,130000.0,,,,
69351T106,Sold Out,PPL CORPORATION,14778.0,450000.0,,,,
92763W103,New Holding,Vipshop Holdings Ltd,,,19540.0,1000000.0,,
464286400,New Holding,ISHARES MSCI BRAZIL,,,122510.0,3350000.0,,
00191R117,New Holding,AR Capital Acquisition Corp,,,176.0,735000.0,,
48238T109,Sold Out,KAR AUCTION SERVICES INC,2863.0,100000.0,,,,
00404A109,Sold Out,Acadia Healthcare Co Inc,3880.0,80000.0,,,,
585464100,Sold Out,MELCO PBL ENTERTAINMENT-ADR,19718.0,750000.0,,,,
87509U106,Sold Out,Taminco Acquisition Corp,1104.0,42282.0,,,,
795435106,New Holding,SALIX PHARMACEUTICALS LTD,,,1149.0,10000.0,,
45784P101,Sold Out,INSULET CORP,4791.0,130000.0,,,,
099724106,New Holding,BORGWARNER INC,,,2923.0,53187.0,,
98426T106,Not New,YY Inc,2634.0,42258.0,24115.0,322000.0,21481.0,279742.0
29082A107,Not New,Embraer SA,10266.0,278500.0,6307.0,160815.0,-3959.0,-117685.0
N6596X109,Sold Out,NXP SEMICONDUCTORS NV,2699.0,39443.0,,,,
703481101,Sold Out,PATTERSON-UTI ENERGY INC,1627.0,50000.0,,,,
156700106,Sold Out,CENTURYLINK INC.,4089.0,100000.0,,,,
460690100,Sold Out,INTERPUBLIC GROUP OF COS INC,2473.0,135000.0,,,,
405217100,Sold Out,HAIN CELESTIAL GROUP INC,1433.0,14000.0,,,,
902104108,Sold Out,II-VI INC,872.0,74094.0,,,,
75525F104,Sold Out,REACHLOCAL INC,722.0,200000.0,,,,
74966G101,Not New,ROI Acquisition Corp,5407.0,550000.0,5418.0,550000.0,11.0,0.0
74966G101,Not New,ROI Acquisition Corp,5407.0,550000.0,160.0,550000.0,-5247.0,0.0
576485205,Sold Out,Matador Resources Co,3163.0,122365.0,,,,
907818108,Not New,UNION PACIFIC,4095.0,34376.0,5835.0,53820.0,1740.0,19444.0
83190B101,Sold Out,SMART & FINAL STORES INC,361.0,25000.0,,,,
346233109,Not New,FORESTAR REAL ESTATE GROUP,677.0,43937.0,3020.0,170426.0,2343.0,126489.0
57636Q104,Not New,MASTERCARD INC-CLASS A,6342.0,73604.0,12240.0,165586.0,5898.0,91982.0
50420D108,New Holding,La Quinta Holdings Inc,,,12133.0,550000.0,,
111320107,Not New,BROADCOM CORP-CL A,2816.0,65000.0,6063.0,150000.0,3247.0,85000.0
256746108,New Holding,DOLLAR TREE STORES INC,,,11879.0,168777.0,,
90130A101,Not New,Twenty-First Century Fox Inc,28947.0,753720.0,14010.0,408585.0,-14937.0,-345135.0
23703Q203,Sold Out,DAQO NEW ENERGY CORP-ADR,2577.0,60200.0,,,,
806857108,Sold Out,SCHLUMBERGER LTD,2012.0,19782.0,,,,
806857108,Sold Out,SCHLUMBERGER LTD,10169.0,100000.0,,,,
04033A100,Not New,ARIAD PHARMACEUTICALS INC,2061.0,300000.0,1620.0,300000.0,-441.0,0.0
761283100,Not New,Restoration Hardware Holdings,31203.0,325000.0,45741.0,575000.0,14538.0,250000.0
75605Y106,New Holding,Realogy Holdings Corp,,,32255.0,725000.0,,
913017109,New Holding,UNITED TECHNOLOGIES CORP,,,23000.0,200000.0,,
68557K109,New Holding,ORBITZ WORLDWIDE INC,,,708.0,85968.0,,
02153W100,Sold Out,Altisource Residential Corp,7200.0,300000.0,,,,
03027X100,New Holding,AMERICAN TOWER CORP-CL A,,,36179.0,366000.0,,
458140100,New Holding,INTEL CORP.,,,10887.0,300000.0,,
05348P401,Not New,AVANIR PHARMACEUTICALS INC-A,2543.0,150000.0,1192.0,100000.0,-1351.0,-50000.0
05348P401,Not New,AVANIR PHARMACEUTICALS INC-A,2543.0,150000.0,1192.0,100000.0,-1351.0,-50000.0
G65773106,New Holding,NORDIC AMER TANKER SHIPPING,,,600.0,59568.0,,
09072Q114,Not New,BioAmber Inc,403.0,255000.0,625.0,255000.0,222.0,0.0
410345102,Not New,HANESBRANDS INC,8372.0,75000.0,21488.0,200000.0,13116.0,125000.0
41146A106,Not New,Harbinger Group Inc,508.0,35843.0,2138.0,162971.0,1630.0,127128.0
G0585R106,Not New,ASSURED GUARANTY LTD,71569.0,2753709.0,41550.0,1875000.0,-30019.0,-878709.0
464286673,Not New,iShares MSCI Singapore Index F,3532.0,270000.0,2481.0,186000.0,-1051.0,-84000.0
47759T100,Sold Out,JINKOSOLAR HOLDING CO-ADR,12371.0,450000.0,,,,
G4388N106,Sold Out,HELEN OF TROY LTD,6565.0,125000.0,,,,
749941100,Sold Out,RF MICRO DEVICES INC,594.0,51465.0,,,,
009158106,Not New,AIR PRODUCTS CHEMICALS INC,3436.0,23824.0,1908.0,14654.0,-1528.0,-9170.0
023139884,Sold Out,Ambac Financial Group Inc,1416.0,64065.0,,,,
G9456A100,Sold Out,GOLAR LNG LTD,3098.0,46656.0,,,,
01973R101,Sold Out,Allison Transmission Holdings.,2849.0,100000.0,,,,
10157P104,Not New,Boulevard Acquisition Corp,9640.0,1000000.0,9700.0,1000000.0,60.0,0.0
38259P706,Not New,GOOGLE INC-CL C,13739.0,26100.0,15069.0,26100.0,1330.0,0.0
737446104,Sold Out,Post Holdings Inc,9125.0,275000.0,,,,
254067101,New Holding,DILLARDS INC-CL A,,,6259.0,50000.0,,
G5480U104,Sold Out,LIBERTY GLOBAL INC-A,3105.0,73000.0,,,,
009363102,Not New,AIRGAS INC,346.0,3000.0,792.0,7155.0,446.0,4155.0
127055101,Sold Out,CABOT CORP,508.0,10000.0,,,,
278642103,Not New,EBAY INC,1990.0,35458.0,1216.0,21471.0,-774.0,-13987.0
84763R101,Not New,SPECTRUM BRANDS,7172.0,74959.0,7120.0,78650.0,-52.0,3691.0
880779103,Sold Out,TEREX CORP,6354.0,200000.0,,,,
388689101,Sold Out,Graphic Packaging Holding Co,4940.0,397386.0,,,,
464286608,New Holding,iShares MSCI EMU ETF,,,18165.0,500000.0,,
052769106,New Holding,AUTODESK INC,,,1211.0,20171.0,,
81369Y803,Sold Out,TECHNOLOGY SELECT SECT SPDR,26381.0,661000.0,,,,
42805T105,Not New,HERTZ GLOBAL HOLDINGS INC,2342.0,93916.0,1014.0,39930.0,-1328.0,-53986.0
73935A104,Sold Out,NASDAQ 100 STOCK INDX,25685.0,260000.0,,,,
16208T102,New Holding,Chatham Lodging Trust,,,5794.0,200000.0,,
13645T100,Not New,CANADIAN PACIFIC RAILWAY LTD,1826.0,9478.0,1918.0,9247.0,92.0,-231.0
98956P102,Sold Out,ZIMMER HOLDINGS INC,15585.0,155000.0,,,,
72348P104,Not New,Pinnacle Foods Inc,5295.0,150000.0,8979.0,275000.0,3684.0,125000.0
00922R105,Not New,Air Transport Services Group I,856.0,100000.0,728.0,100000.0,-128.0,0.0
423452101,Sold Out,HELMERICH & PAYNE,4894.0,50000.0,,,,
256677105,Not New,DOLLAR GENERAL CORP,3401.0,48107.0,9510.0,155617.0,6109.0,107510.0
437076102,New Holding,HOME DEPOT INC,,,2624.0,25000.0,,
N00985106,Not New,AerCap Holdings NV,38599.0,994300.0,44987.0,1099931.0,6388.0,105631.0
761713106,Sold Out,REYNOLDS AMERICAN INC,2360.0,40000.0,,,,
485865109,Not New,Kate Spade Co,13284.0,415000.0,5246.0,200000.0,-8038.0,-215000.0
780259206,Not New,ROYAL DUTCH SHELL PLC,6695.0,100000.0,7613.0,100000.0,918.0,0.0
203668108,Sold Out,COMMUNITY HEALTH SYSTEMS INC,9040.0,165000.0,,,,
62886E108,Sold Out,NCR CORPORATION,11694.0,350000.0,,,,
62886E108,Sold Out,NCR CORPORATION,2506.0,75000.0,,,,
26875P101,Sold Out,EOG RESOURCES INC.,4951.0,50000.0,,,,
G0176J109,Not New,Allegion PLC,1381.0,24900.0,687.0,14420.0,-694.0,-10480.0
09061G101,New Holding,BIOMARIN PHARMACEUTICAL INC,,,5071.0,56100.0,,
80004C101,Not New,SANDISK CORP,7176.0,73235.0,8267.0,84398.0,1091.0,11163.0
425886116,Not New,Hennessy Capital Acquisition C,160.0,400000.0,300.0,400000.0,140.0,0.0
826917106,Not New,SIGA Technologies Inc,86.0,60000.0,87.0,60000.0,1.0,0.0
257651109,Not New,DONALDSON CO INC,313.0,8100.0,406.0,10000.0,93.0,1900.0
969457100,Not New,WILLIAMS COS INC.,3100.0,68971.0,23993.0,433483.0,20893.0,364512.0
211171103,Not New,Continental Building Products,350.0,19737.0,986.0,67528.0,636.0,47791.0
12561W105,Sold Out,CLECO CORPORATION,9211.0,191300.0,,,,
15135B101,Not New,CENTENE CORP,6231.0,60000.0,11166.0,135000.0,4935.0,75000.0
762760106,Sold Out,Rice Energy Inc,2660.0,100000.0,,,,
92939D112,Not New,WL Ross Holding Corp,2006.0,1700000.0,1394.0,1700000.0,-612.0,0.0
172967424,Not New,CITIGROUP INC,2063.0,38132.0,38865.0,750000.0,36802.0,711868.0
172967424,Not New,CITIGROUP INC,2063.0,38132.0,1218.0,23497.0,-845.0,-14635.0
55616P104,Not New,MACY'S INC.,513.0,7806.0,4164.0,71565.0,3651.0,63759.0
217204106,Sold Out,COPART INC,7829.0,250000.0,,,,
500472303,New Holding,PHILIPS ELECTRONICS NV.,,,432.0,14888.0,,
611740101,Sold Out,MONSTER BEVERAGE CORP,917.0,10000.0,,,,
02503Y103,Not New,AMERICAN CAPITAL STRATEGIES,8036.0,550000.0,11328.0,800000.0,3292.0,250000.0
36729W202,Sold Out,GASTAR EXPLORATION LTD,905.0,154203.0,,,,
716768106,Not New,PETSMART INC,1450.0,17842.0,754.0,10760.0,-696.0,-7082.0
66704R704,Not New,NORTHSTAR REALTY FINANCE COR,38003.0,2161720.0,70945.0,4014970.0,32942.0,1853250.0
12572Q105,Not New,CHICAGO MERCANTILE EXCHANG-A,9311.0,105032.0,8395.0,105000.0,-916.0,-32.0
517834107,Sold Out,LAS VEGAS SANDS CORP,21774.0,350000.0,,,,
776696106,Not New,ROPER INDUSTRIES INC,1321.0,8450.0,2531.0,17300.0,1210.0,8850.0
17275R102,New Holding,CISCO SYSTEMS INC,,,2782.0,100000.0,,
918204108,Sold Out,VF CORP,13206.0,200000.0,,,,
460254105,Sold Out,INTL RECTIFIER CORP,11772.0,300000.0,,,,
45817G201,Sold Out,INTELLI-CHECK-MOBILISA INC,98.0,25000.0,,,,
19624R106,Not New,COLONY FINANCIAL,7146.0,300000.0,11190.0,500000.0,4044.0,200000.0
81369Y100,Sold Out,BASIC INDUSTRIES SPDR,3942.0,79482.0,,,,
168615102,Sold Out,CHICO'S FAS INC,4431.0,300000.0,,,,
53219L109,Sold Out,LIFEPOINT HOSPITALS INC,3805.0,55000.0,,,,
224399105,Sold Out,CRANE CO,487.0,7700.0,,,,
G60754101,Not New,Michael Kors Holdings Ltd,6459.0,86000.0,42227.0,591500.0,35768.0,505500.0
G60754101,Not New,Michael Kors Holdings Ltd,6459.0,86000.0,10709.0,150000.0,4250.0,64000.0
G60754101,Not New,Michael Kors Holdings Ltd,18775.0,250000.0,42227.0,591500.0,23452.0,341500.0
G60754101,Not New,Michael Kors Holdings Ltd,18775.0,250000.0,10709.0,150000.0,-8066.0,-100000.0
594918104,Not New,MICROSOFT CORP,11843.0,254953.0,7573.0,163351.0,-4270.0,-91602.0
G0129K104,New Holding,AIRCASTLE LTD,,,1069.0,50000.0,,
026874784,Not New,AMERICAN INTERNATIONAL GROUP,10475.0,187023.0,6309.0,116790.0,-4166.0,-70233.0
628530107,Not New,MYLAN LABORATORIES INC,11274.0,200000.0,15922.0,350000.0,4648.0,150000.0
628530107,Not New,MYLAN LABORATORIES INC,11274.0,200000.0,19788.0,435000.0,8514.0,235000.0
628530107,Not New,MYLAN LABORATORIES INC,2040.0,36196.0,15922.0,350000.0,13882.0,313804.0
628530107,Not New,MYLAN LABORATORIES INC,2040.0,36196.0,19788.0,435000.0,17748.0,398804.0
06652K103,Sold Out,BANKUNITED INC,1159.0,38000.0,,,,
87074U101,New Holding,SWIFT TRANSPORTATION CO INC,,,1145.0,40000.0,,
78464A730,Not New,SPDR SP OIL GAS EXPLORATI,5983.0,125000.0,20649.0,300000.0,14666.0,175000.0
42809H107,Sold Out,AMERADA HESS CORP,1131.0,11992.0,,,,
42809H107,Sold Out,AMERADA HESS CORP,9432.0,100000.0,,,,
N53745100,Not New,LYONDELLBASELL INDU-CL A,12089.0,152276.0,6691.0,61581.0,-5398.0,-90695.0
G7665A101,Sold Out,ROWAN COMPANIES INC,7593.0,300000.0,,,,
81369Y407,Sold Out,CONSUMER DISCRETIONARY SELT,10661.0,159864.0,,,,
81663A105,Sold Out,SemGroup Corp,9410.0,113000.0,,,,
887317303,Not New,TIME WARNER INC,2076.0,24307.0,2820.0,37500.0,744.0,13193.0
98212B103,Sold Out,WPX Energy Inc,4331.0,180000.0,,,,
92839U206,Not New,VISTEON CORP.,8549.0,80000.0,26728.0,274836.0,18179.0,194836.0
92839U206,Not New,VISTEON CORP.,53026.0,496215.0,26728.0,274836.0,-26298.0,-221379.0
382550101,Not New,GOODYEAR TIRE RUBBER CO,17053.0,596869.0,20891.0,925000.0,3838.0,328131.0
466090206,Sold Out,JA SOLAR HOLDINGS CO LTD-ADR,3700.0,400000.0,,,,
88160R101,New Holding,TESLA MOTORS INC,,,369.0,1659.0,,
428291108,Sold Out,HEXCEL CORP,873.0,22000.0,,,,
836034108,Sold Out,SOUFUN HOLDINGS LTD-ADR,13433.0,1350000.0,,,,
518439104,New Holding,ESTEE LAUDER COMPANIES-CL A,,,10287.0,135000.0,,
253868103,Sold Out,DIGITAL REALTY TRUST INC,34309.0,550000.0,,,,
625453105,Sold Out,MULTIMEDIA GAMES INC,900.0,25000.0,,,,
037411105,Sold Out,APACHE CORP,2347.0,25000.0,,,,
M20598104,Not New,Caesar Stone Sdot Yam Ltd,4786.0,80000.0,10336.0,200000.0,5550.0,120000.0
526057104,Not New,Lennar Corp,575.0,12824.0,927.0,23864.0,352.0,11040.0
85711T305,New Holding,State National Cos Inc,,,20965.0,1750000.0,,
464287655,Not New,RUSSELL 2000 INDEX,89753.0,750000.0,98415.0,900000.0,8662.0,150000.0
464287655,Not New,RUSSELL 2000 INDEX,89753.0,750000.0,54675.0,500000.0,-35078.0,-250000.0
30303M102,Not New,Facebook Inc,26504.0,339710.0,53834.0,681092.0,27330.0,341382.0
Y62159101,Not New,Navios Maritime Acq Corp,4012.0,1105226.0,2098.0,774024.0,-1914.0,-331202.0
23331A109,Not New,DR HORTON INC,959.0,37926.0,1031.0,50257.0,72.0,12331.0
416515104,Sold Out,HARTFORD FINANCIAL SVCS GRP,24958.0,670000.0,,,,
G9108L108,Not New,TSAKOS ENERGY NA,1118.0,160132.0,925.0,144962.0,-193.0,-15170.0
48138L107,Sold Out,Jumei International Holding Lt,2487.0,105900.0,,,,
482539103,New Holding,KLX Inc,,,1341.0,32500.0,,
674215108,Sold Out,OASIS PETROLEUM INC,8362.0,200000.0,,,,
674215108,Sold Out,OASIS PETROLEUM INC,4181.0,100000.0,,,,
095229100,Sold Out,BLUCORA INC,2674.0,175479.0,,,,
87161C501,Not New,SYNOVUS FINANCIAL CORP,8127.0,300000.0,7565.0,320000.0,-562.0,20000.0
166764100,Sold Out,CHEVRON CORP,11932.0,100000.0,,,,
060505104,Not New,BANK OF AMERICA CORP,2073.0,115875.0,1266.0,74257.0,-807.0,-41618.0
580135101,Not New,MCDONALD'S CORP,32964.0,351800.0,146956.0,1550000.0,113992.0,1198200.0
580135101,Not New,MCDONALD'S CORP,32964.0,351800.0,42665.0,450000.0,9701.0,98200.0
580135101,Not New,MCDONALD'S CORP,23425.0,250000.0,146956.0,1550000.0,123531.0,1300000.0
580135101,Not New,MCDONALD'S CORP,23425.0,250000.0,42665.0,450000.0,19240.0,200000.0
71714G102,Not New,PharmAthene Inc,91.0,50000.0,89.0,50000.0,-2.0,0.0
74733T105,Not New,QLIK TECHNOLOGIES INC,4170.0,135000.0,6084.0,225000.0,1914.0,90000.0
247361702,Not New,DELTA AIR LINES INC,5820.0,118318.0,1087.0,30068.0,-4733.0,-88250.0
595112103,Not New,MICRON TECHNOLOGY INC,12768.0,364690.0,11324.0,330520.0,-1444.0,-34170.0
81369Y506,Not New,AMEX ENERGY SELECT INDX,71244.0,900000.0,706.0,7786.0,-70538.0,-892214.0
81369Y506,Not New,AMEX ENERGY SELECT INDX,15832.0,200000.0,706.0,7786.0,-15126.0,-192214.0
37247D106,Not New,GENWORTH FINANCIAL INC-CL A,10625.0,1250000.0,9170.0,700000.0,-1455.0,-550000.0
012653101,Sold Out,ALBEMARLE CORP,5890.0,100000.0,,,,
012653101,Sold Out,ALBEMARLE CORP,5301.0,90000.0,,,,
61945C103,Not New,MOSAIC CO/THE,1233.0,27000.0,936.0,21080.0,-297.0,-5920.0
046353108,Sold Out,ASTRAZENECA PLC-SPONS ADR,2143.0,30000.0,,,,
989701107,Sold Out,ZIONS BANCORPORATION,8718.0,300000.0,,,,
774415103,Sold Out,ROCKWOOD HOLDINGS INC,7645.0,100000.0,,,,
774415103,Sold Out,ROCKWOOD HOLDINGS INC,3823.0,50000.0,,,,
037833100,Not New,APPLE INC.,10753.0,97419.0,23871.0,236931.0,13118.0,139512.0
38388F108,Not New,WR GRACE & CO,1002.0,10500.0,2007.0,22065.0,1005.0,11565.0
N22035104,Sold Out,Constellium Holdco BV,947.0,38461.0,,,,
78464A698,New Holding,KBW REGIONAL BANKING ETF,,,12210.0,300000.0,,
151020104,Sold Out,CELGENE CORP,5213.0,55000.0,,,,
910047109,New Holding,UNITED CONTINENT,,,2869.0,42887.0,,
550021109,New Holding,LULULEMON ATHLETICA INC-W/I,,,37519.0,672500.0,,
05334D107,Sold Out,AUXILIUM PHARMACEUTICALS INC,2985.0,100000.0,,,,
25490A309,Not New,DIRECTV GROUP INC/THE,2084.0,24036.0,1224.0,14148.0,-860.0,-9888.0
254709108,New Holding,DISCOVER FINANCIAL SERVICES,,,33400.0,510000.0,,
G5480U120,Not New,Liberty Global Inc,4482.0,92781.0,6909.0,168443.0,2427.0,75662.0
949746101,New Holding,WELLS FARGO COMPANY,,,16446.0,300000.0,,
52748T112,Not New,Levy Acquisition Corp,77.0,206762.0,72.0,206762.0,-5.0,0.0
697435105,Sold Out,Palo Alto Networks Inc,2943.0,30000.0,,,,
512815101,Sold Out,LAMAR ADVERTISING CO-CL A,1143.0,23211.0,,,,
617446448,New Holding,MORGAN STANLEY,,,3880.0,100000.0,,
471109108,Not New,JARDEN CORP,3863.0,80675.0,6913.0,115000.0,3050.0,34325.0
50540R409,New Holding,LABORATORY CRP OF AMER HLDGS,,,5395.0,50000.0,,
71654V408,Sold Out,PETROLEO BRASILEIRO S.A.-ADR,28380.0,2000000.0,,,,
573284106,Sold Out,MARTIN MARIETTA MATERIALS,751.0,5823.0,,,,
81369Y209,Not New,HEALTH CARE SELECT SECTOR,3077.0,45000.0,33175.0,519090.0,30098.0,474090.0
81369Y209,Not New,HEALTH CARE SELECT SECTOR,17505.0,256000.0,33175.0,519090.0,15670.0,263090.0
12514G108,Sold Out,CDW Corp/DE,3105.0,100000.0,,,,
59151K108,Sold Out,METHANEX CORP,16700.0,250000.0,,,,
64110L106,New Holding,Netflix Inc,,,1708.0,5000.0,,
808513105,New Holding,SCHWAB (CHARLES) CORP,,,6038.0,200000.0,,
G0083B108,Not New,Actavis plc,1973.0,7666.0,6909.0,28636.0,4936.0,20970.0
46612J507,Sold Out,JDS UNIPHASE CORP,3840.0,300000.0,,,,
872590104,Sold Out,T-MOBILE US INC,3609.0,125000.0,,,,
512807108,Sold Out,LAM RESEARCH CORP,3735.0,50000.0,,,,
86722A103,Not New,SunCoke Energy Inc,3868.0,200000.0,2245.0,100000.0,-1623.0,-100000.0
86722A103,Not New,SunCoke Energy Inc,3868.0,200000.0,9541.0,425000.0,5673.0,225000.0
86722A103,Not New,SunCoke Energy Inc,6886.0,356065.0,2245.0,100000.0,-4641.0,-256065.0
86722A103,Not New,SunCoke Energy Inc,6886.0,356065.0,9541.0,425000.0,2655.0,68935.0
10157P112,Not New,Boulevard Acquisition Corp,266.0,500000.0,325.0,500000.0,59.0,0.0
827694118,Sold Out,Global Eagle Acquisition Corp,563.0,1250000.0,,,,
79466L302,New Holding,SALESFORCE.COM INC,,,11862.0,200000.0,,
375558103,Not New,GILEAD SCIENCES INC,4713.0,50000.0,1249.0,11734.0,-3464.0,-38266.0
90346E103,Sold Out,US Silica Holdings Inc,7045.0,112700.0,,,,
690070107,New Holding,Outerwall Inc,,,3009.0,40000.0,,
92849E101,Not New,VITAMIN SHOPPE INC,2217.0,45642.0,3107.0,70000.0,890.0,24358.0
91911K102,Not New,VALEANT PHARMACEUTICALS INTE,2044.0,14286.0,4007.0,30544.0,1963.0,16258.0
04685W103,Sold Out,ATHENAHEALTH INC,1975.0,15000.0,,,,
827694100,Sold Out,GLOBAL EAGLE ACQUISITION CORP,12425.0,1250000.0,,,,
20441A102,Not New,CIA SANEAMENTO BASICO DE-ADR,1087.0,172772.0,1401.0,172772.0,314.0,0.0
20825C104,Not New,CONOCOPHILLIPS,13812.0,200000.0,15304.0,200000.0,1492.0,0.0
20825C104,Not New,CONOCOPHILLIPS,12776.0,185000.0,15304.0,200000.0,2528.0,15000.0
G55598109,Not New,Lombard Medical Inc,293.0,45000.0,346.0,45000.0,53.0,0.0
178787107,Not New,Civeo Corp,727.0,177000.0,1742.0,150000.0,1015.0,-27000.0
61166W101,Not New,MONSANTO CO,3392.0,28389.0,2226.0,19786.0,-1166.0,-8603.0
194162103,Sold Out,COLGATE-PALMOLIVE CO,20218.0,310000.0,,,,
302491303,Not New,FMC CORP,5703.0,100000.0,8458.0,147900.0,2755.0,47900.0
94973V107,Sold Out,WELLPOINT HEALTH NETWORK,14881.0,124400.0,,,,
447011107,Sold Out,HUNTSMAN CORP,12995.0,500000.0,,,,
90184L102,Not New,Twitter Inc,3587.0,100000.0,34817.0,675000.0,31230.0,575000.0
552953101,New Holding,MGM MIRAGE,,,16035.0,750000.0,,
81369Y605,Not New,AMEX FINANCIAL SELEXT SPDR.,98920.0,4000000.0,25024.0,1080000.0,-73896.0,-2920000.0
81369Y605,Not New,AMEX FINANCIAL SELEXT SPDR.,98920.0,4000000.0,19393.0,837000.0,-79527.0,-3163000.0
464286145,Sold Out,iShares MSCI Frontier 100 ETF,8949.0,236500.0,,,,
681904108,New Holding,OMNICARE INC,,,12033.0,165000.0,,
092113109,Not New,BLACK HILLS CORP,15912.0,300000.0,16758.0,350000.0,846.0,50000.0
092113109,Not New,BLACK HILLS CORP,15912.0,300000.0,12094.0,252600.0,-3818.0,-47400.0
092113109,Not New,BLACK HILLS CORP,8752.0,165000.0,16758.0,350000.0,8006.0,185000.0
092113109,Not New,BLACK HILLS CORP,8752.0,165000.0,12094.0,252600.0,3342.0,87600.0
00971T101,New Holding,AKAMAI TECHNOLOGIES,,,5037.0,80000.0,,
01609W102,Not New,Alibaba Group Holding Ltd,14380.0,138345.0,135052.0,1520000.0,120672.0,1381655.0
750236101,Not New,RADIAN GROUP INC,9092.0,543750.0,21390.0,1500000.0,12298.0,956250.0
872590203,New Holding,T-MOBILE US INC,,,2094.0,40000.0,,
477143101,Sold Out,JETBLUE AIRWAYS CORP,1062.0,100000.0,,,,
747525103,Not New,QUALCOMM INC,11893.0,160000.0,3739.0,50000.0,-8154.0,-110000.0
531465102,Sold Out,Liberty TripAdvisor Holdings I,9153.0,270000.0,,,,
127686103,Sold Out,Caesars Entertainment Corp/New,1887.0,150000.0,,,,
73755L107,Sold Out,POTASH CORP OF SASKATCHEWAN,3525.0,102000.0,,,,
693656100,Not New,PVH CORP,1389.0,10834.0,788.0,6506.0,-601.0,-4328.0
02917T104,Not New,American Realty Capital Proper,1177.0,130000.0,1088.0,90226.0,-89.0,-39774.0
16411R208,Not New,CHENIERE ENERGY INC,2150.0,30544.0,1277.0,15951.0,-873.0,-14593.0
881609101,Not New,TESORO CORP,1378.0,18535.0,713.0,11700.0,-665.0,-6835.0
205363104,Sold Out,COMPUTER SCIENCES CORP,1773.0,29000.0,,,,
497266106,Not New,KIRBY CORP,2220.0,27500.0,2734.0,23200.0,514.0,-4300.0
889478103,Not New,TOLL BROTHERS INC,1828.0,53330.0,911.0,29249.0,-917.0,-24081.0
032511107,Not New,ANADARKO PETROLEUM CORP,1238.0,15000.0,21742.0,214337.0,20504.0,199337.0
032511107,Not New,ANADARKO PETROLEUM CORP,7462.0,90445.0,21742.0,214337.0,14280.0,123892.0
53071M104,Not New,Liberty Interactive Corp,2087.0,70947.0,1170.0,41012.0,-917.0,-29935.0
7591EP100,Sold Out,REGIONS FINANCIAL CORP,5020.0,500000.0,,,,
45104G104,New Holding,ICICI BANK LTD-SPON ADR,,,13283.0,1150000.0,,
14056V105,Not New,Capitol Acquisition Corp II,8714.0,882000.0,8652.0,882000.0,-62.0,0.0
14056V105,Not New,Capitol Acquisition Corp II,8714.0,882000.0,141.0,441000.0,-8573.0,-441000.0
489170100,Sold Out,KENNAMETAL INC,708.0,17130.0,,,,
31620R402,Sold Out,FNFV Group,1376.0,100000.0,,,,
88033G407,Not New,TENET HEALTHCARE CORP,1115.0,21999.0,9648.0,162451.0,8533.0,140452.0
212015101,Sold Out,CONTINENTAL RESOURCES INC,6648.0,100000.0,,,,
86732Y109,Not New,SunEdison Inc,3259.0,167018.0,7124.0,377334.0,3865.0,210316.0
31620R303,Sold Out,FIDELITY NATIONAL FINL-A,9709.0,350000.0,,,,
00191R109,New Holding,AR Capital Acquisition Corp,,,14259.0,1470000.0,,
500255104,New Holding,KOHLS CORP,,,15260.0,250000.0,,
52748T104,Not New,Levy Acquisition Corp,4865.0,500000.0,4840.0,500000.0,-25.0,0.0
436106108,Sold Out,HollyFrontier Corp,13104.0,300000.0,,,,
501242101,Sold Out,KULICKE & SOFFA INDUSTRIES,2450.0,172162.0,,,,
55608B105,Not New,MACQUARIE INFRASTRUCTURE CO,2144.0,30161.0,1114.0,16708.0,-1030.0,-13453.0
124857202,Not New,CBS CORP-CLASS B,24903.0,450000.0,41853.0,782294.0,16950.0,332294.0
92857W308,Sold Out,VODAFONE GROUP,9867.0,300000.0,,,,
14056V113,New Holding,Capitol Acquisition Corp II,,,238.0,441000.0,,
12504L109,Not New,CB RICHARD ELLIS GROUP INC-A,17296.0,505000.0,3682.0,123795.0,-13614.0,-381205.0
38259P508,Not New,GOOGLE INC-CL A,4092.0,7711.0,3213.0,5460.0,-879.0,-2251.0
337930705,New Holding,FLAGSTAR BANCORP INC,,,6058.0,5200.0,,
192422103,Not New,COGNEX CORP,413.0,10000.0,443.0,11000.0,30.0,1000.0
G5785G107,New Holding,Mallinckrodt PLC,,,1422.0,14363.0,,
378973408,Sold Out,GLOBALSTAR INC,1098.0,300000.0,,,,
53071M880,Sold Out,Liberty Ventures,6453.0,170000.0,,,,
37953N108,Not New,Global Defense National Secu,2838.0,275000.0,2844.0,275000.0,6.0,0.0
N20947102,New Holding,Cnova NV,,,12261.0,1550000.0,,
74734M109,Not New,QIHOO 360 TECHNO,7158.0,125000.0,21928.0,325000.0,14770.0,200000.0
02005N100,Not New,Ally Financial Inc,30476.0,1290253.0,15986.0,690829.0,-14490.0,-599424.0
78442P106,Sold Out,SLM CORP,556.0,65000.0,,,,
G47791101,Not New,INGERSOLL-RAND CO LTD-CL A,1089.0,17172.0,2395.0,42500.0,1306.0,25328.0
G47791101,Not New,INGERSOLL-RAND CO LTD-CL A,1089.0,17172.0,1432.0,25413.0,343.0,8241.0
91913Y100,New Holding,VALERO ENERGY CORP,,,4950.0,100000.0,,
608190104,Not New,MOHAWK INDUSTRIES INC,23265.0,149750.0,38439.0,285115.0,15174.0,135365.0
983134107,Sold Out,WYNN RESORTS LTD,42093.0,225000.0,,,,
N7902X106,Sold Out,SENSATA TECHNOLOGIES HOLDING,2227.0,50000.0,,,,
47215P106,New Holding,JD.com Inc,,,4628.0,200000.0,,
126408103,New Holding,CSX CORP,,,3623.0,100000.0,,
307000109,Not New,FAMILY DOLLAR STORES,1274.0,16081.0,6521.0,84425.0,5247.0,68344.0
02376R102,Not New,American Airlines Group Inc,8301.0,154791.0,8706.0,245372.0,405.0,90581.0
G97822103,New Holding,Perrigo Co Plc,,,10030.0,60000.0,,
690742101,Sold Out,OWENS CORNING INC,2261.0,71220.0,,,,
690768403,Not New,OWENS-ILLINOIS INC,5398.0,200000.0,2605.0,100000.0,-2793.0,-100000.0
16411W108,Not New,Cheniere Energy Partners LP Ho,28208.0,1252000.0,19018.0,777512.0,-9190.0,-474488.0
67020Y100,Not New,NUANCE COMMUNICATIONS INC,2141.0,150000.0,15415.0,1000000.0,13274.0,850000.0
92343V104,New Holding,VERIZON COMMUNICATIONS,,,1983.0,42381.0,,
88732J207,Not New,TIME WARNER CABLE-A,16580.0,109035.0,31719.0,221057.0,15139.0,112022.0
960413102,Not New,WESTLAKE CHEMICAL CORP,1724.0,28216.0,5555.0,64154.0,3831.0,35938.0
92826C839,New Holding,VISA INC-CLASS A SHRS,,,21689.0,82720.0,,
959319104,Not New,WESTERN REFINING INC,4723.0,125000.0,11547.0,275000.0,6824.0,150000.0
82481R106,Not New,Shire PLC,12602.0,59292.0,11735.0,45300.0,-867.0,-13992.0
300439106,Not New,EveryWare Global Inc,40.0,55000.0,145.0,55000.0,105.0,0.0
300439106,Not New,EveryWare Global Inc,40.0,55000.0,36.0,420000.0,-4.0,365000.0
881624209,New Holding,TEVA PHARMACEUTICAL IND LTD,,,10352.0,180000.0,,
G3198U102,New Holding,Essent Group Ltd,,,9894.0,384812.0,,
92939D104,Not New,WL Ross Holding Corp,15390.0,1500000.0,14835.0,1500000.0,-555.0,0.0
443510201,Not New,HUBBELL INC -B,6533.0,61150.0,7799.0,64710.0,1266.0,3560.0
406216101,Sold Out,HALLIBURTON CO,16826.0,260827.0,,,,
406216101,Sold Out,HALLIBURTON CO,12902.0,200000.0,,,,
89628E104,Sold Out,TRINA SOLAR LTD-SPON ADR,11688.0,968353.0,,,,
582839106,New Holding,MEAD JOHNSON NUTRITION CO-A,,,1508.0,15000.0,,
29444U502,Not New,EQUINIX INC,2018.0,8902.0,1140.0,5367.0,-878.0,-3535.0
693506107,Not New,PPG INDS INC,751.0,3250.0,6647.0,33786.0,5896.0,30536.0
228227104,Sold Out,CROWN CASTLE INTL CORP,1969.0,24446.0,,,,
02319V103,New Holding,AMBEV SA,,,1244.0,200000.0,,
78440P108,Sold Out,SK TELECOM,6220.0,205000.0,,,,
05329W102,Not New,AUTONATION INC,1359.0,22490.0,700.0,13918.0,-659.0,-8572.0
826552101,Sold Out,SIGMA-ALDRICH,1360.0,10000.0,,,,
913903100,Sold Out,UNIVERSAL HEALTH SERVICES-B,10973.0,105000.0,,,,
084670702,Not New,BERKSHIRE HATHAWAY INC-CL B,2023.0,13473.0,1212.0,8771.0,-811.0,-4702.0
701094104,Sold Out,PARKER HANNIFIN CORP,799.0,7000.0,,,,
018490102,Not New,ALLERGAN INC,3481.0,16374.0,5679.0,31870.0,2198.0,15496.0
89151E109,Sold Out,TOTAL SA,19335.0,300000.0,,,,
58605Q109,Not New,Memorial Resource Development,4508.0,250000.0,7375.0,272024.0,2867.0,22024.0
717081103,Not New,PFIZER INC,18690.0,600000.0,17742.0,600000.0,-948.0,0.0
717081103,Not New,PFIZER INC,18690.0,600000.0,1479.0,50000.0,-17211.0,-550000.0
717081103,Not New,PFIZER INC,17133.0,550000.0,17742.0,600000.0,609.0,50000.0
717081103,Not New,PFIZER INC,17133.0,550000.0,1479.0,50000.0,-15654.0,-500000.0
65339F101,Sold Out,NEXTERA ENERGY INC ..,10796.0,115000.0,,,,
81369Y308,Not New,CNSMR STAPES SLCT SCTR SPDR FD,12316.0,254000.0,11503.0,255000.0,-813.0,1000.0
27890G100,Sold Out,Eclipse Resources Corp,2350.0,141400.0,,,,
88104P104,Not New,Terrapin 3 Acquisition Corp,6790.0,700000.0,6811.0,700000.0,21.0,0.0
902494103,Not New,Tyson Foods Inc,4610.0,115000.0,2362.0,60000.0,-2248.0,-55000.0
Y64354205,Not New,Ocean Rig UDW Inc,4640.0,500000.0,5642.0,350000.0,1002.0,-150000.0
Y64354205,Not New,Ocean Rig UDW Inc,1160.0,125000.0,5642.0,350000.0,4482.0,225000.0
231021106,New Holding,CUMMINS INC,,,1081.0,7500.0,,
88104P112,Not New,Terrapin 3 Acquisition Corp,175.0,700000.0,224.0,700000.0,49.0,0.0
438516106,Not New,Honeywell International Inc,3987.0,39902.0,4732.0,50811.0,745.0,10909.0
30231G102,Sold Out,EXXON MOBIL CORP,14108.0,150000.0,,,,
34988V106,New Holding,Fossil Group Inc,,,1257.0,11349.0,,
48562P103,Sold Out,KAPSTONE PAPER A,5594.0,200000.0,,,,
48562P103,Sold Out,KAPSTONE PAPER A,2517.0,90000.0,,,,
00287Y109,Not New,AbbVie Inc,1966.0,30044.0,4621.0,80000.0,2655.0,49956.0
29413U103,Not New,Envision Healthcare Holdings I,1388.0,40000.0,24519.0,707000.0,23131.0,667000.0
651290108,Not New,NEWFIELD EXPLORATION CO,958.0,35311.0,4560.0,123000.0,3602.0,87689.0
73179P106,Sold Out,POLYONE CORPORATION,1452.0,40815.0,,,,
37045V100,Not New,GENERAL MOTORS CORP,7468.0,213928.0,1108.0,34682.0,-6360.0,-179246.0
57060U191,Sold Out,MARKET VECTORS OIL SERVICE ETF,12403.0,250000.0,,,,
40412C101,Not New,HCA HOLDINGS INC.,2022.0,27556.0,10404.0,147531.0,8382.0,119975.0
654106103,Not New,NIKE INC -CL B,1923.0,20000.0,32558.0,365000.0,30635.0,345000.0
535782106,Sold Out,Linn Co LLC,7179.0,247968.0,,,,
464287234,Sold Out,ISHARES MSCI EMERGING MKT IN,108056.0,2600000.0,,,,
66705Y104,Not New,NorthStar Asset Management Cor,13542.0,600000.0,11973.0,650000.0,-1569.0,50000.0
871829107,New Holding,SYSCO CORP,,,3969.0,100000.0,,
494368103,Sold Out,KIMBERLY-CLARK CORP,10757.0,100000.0,,,,
63938C108,Sold Out,Navient Corp,1151.0,65000.0,,,,
81282V100,New Holding,SeaWorld Entertainment Inc,,,1869.0,104411.0,,
81369Y704,Sold Out,INDUSTRIAL SELECT SECT SPDR,6284.0,118228.0,,,,
Y0207T100,Not New,ARDMORE SHIPPING CORP,2604.0,217521.0,7511.0,689044.0,4907.0,471523.0
369604103,Not New,GENERAL ELECTRIC CO,37905.0,1500000.0,38430.0,1500000.0,525.0,0.0
369604103,Not New,GENERAL ELECTRIC CO,37905.0,1500000.0,2178.0,85000.0,-35727.0,-1415000.0
698354107,New Holding,Pandora Media Inc,,,1159.0,65000.0,,
83175M205,Sold Out,Smith Nephew PLC,3368.0,40000.0,,,,
G1154H107,Not New,Belmond Ltd,2783.0,225000.0,2332.0,200000.0,-451.0,-25000.0
04247X102,Not New,ARMSTRONG WORLD INDUSTRIES,10885.0,212923.0,12600.0,225000.0,1715.0,12077.0
574599106,Sold Out,MASCO CORP,4784.0,200000.0,,,,
574599106,Sold Out,MASCO CORP,2177.0,91000.0,,,,
741503403,Not New,PRICELINE.COM INC,2121.0,1860.0,1099.0,949.0,-1022.0,-911.0
37733W105,Not New,GLAXOSMITHKLINE PLC,21370.0,500000.0,13791.0,300000.0,-7579.0,-200000.0
G48833100,New Holding,WEATHERFORD INTL,,,2977.0,260000.0,,
69327R101,Not New,PDC Energy Inc,3302.0,80000.0,5599.0,111333.0,2297.0,31333.0
636220303,Not New,National General Holdings Corp,4653.0,250000.0,4223.0,250000.0,-430.0,0.0
587118100,Not New,THE MEN'S WEARHOUSE INC,2870.0,65000.0,8264.0,175000.0,5394.0,110000.0
74966G119,New Holding,ROI Acquisition Corp,,,144.0,550000.0,,
609207105,New Holding,Mondelez International Inc.,,,5630.0,155000.0,,
G00349103,Not New,Abengoa Yield plc,4207.0,153990.0,2887.0,81154.0,-1320.0,-72836.0
984332106,Not New,YAHOO INC,6061.0,120000.0,14263.0,350000.0,8202.0,230000.0
984332106,Not New,YAHOO INC,2016.0,39904.0,14263.0,350000.0,12247.0,310096.0
896945201,Sold Out,TripAdvisor Inc,7771.0,85000.0,,,,
46625H100,Not New,JPMORGAN CHASE CO,2094.0,33462.0,1236.0,20513.0,-858.0,-12949.0
268648102,Not New,EMC CORP/MASS,5948.0,200000.0,5852.0,200000.0,-96.0,0.0
268648102,Not New,EMC CORP/MASS,5948.0,200000.0,9802.0,335000.0,3854.0,135000.0
125581801,Sold Out,CIT GROUP INC,9192.0,200000.0,,,,
261608103,Not New,DRESSER-RAND GROUP INC,1636.0,20000.0,7403.0,90000.0,5767.0,70000.0
444859102,New Holding,HUMANA INC,,,7182.0,50000.0,,
78462F103,Not New,S&P 500 INDEX,82200.0,400000.0,68957.0,350000.0,-13243.0,-50000.0
78462F103,Not New,S&P 500 INDEX,82200.0,400000.0,88659.0,450000.0,6459.0,50000.0
399473107,New Holding,Groupon Inc,,,15281.0,1850000.0,,
08579W103,Sold Out,Berry Plastics Group Inc,5847.0,231668.0,,,,
78486Q101,Sold Out,SVB FINANCIAL GROUP,35196.0,314000.0,,,,
20030N101,Not New,COMCAST CORP-CL A,2097.0,36143.0,1185.0,22043.0,-912.0,-14100.0
78464A714,New Holding,SPDR SP RETAIL ETF,,,24003.0,250000.0,,
78464A714,New Holding,SPDR SP RETAIL ETF,,,105131.0,1095000.0,,
023135106,Sold Out,AMAZON.COM INC,1162.0,3605.0,,,,
88706M103,Sold Out,TIM HORTONS INC,7881.0,100000.0,,,,
16117M305,Not New,CHARTER COMMUNICATIONS-CL A,2054.0,12327.0,1159.0,7656.0,-895.0,-4671.0
055622104,Sold Out,BP PLC,8790.0,200000.0,,,,
055622104,Sold Out,BP PLC,8790.0,200000.0,,,,
246647101,New Holding,DELEK US HOLDINGS INC,,,955.0,35000.0,,
031100100,Not New,AMETEK INC,526.0,10000.0,1707.0,34000.0,1181.0,24000.0
Y2106R110,Not New,Dorian LPG Ltd,1168.0,84100.0,1499.0,84100.0,331.0,0.0
58155Q103,Sold Out,MCKESSON CORP,7787.0,40000.0,,,,
21249J105,Sold Out,CONVERSANT INC,3425.0,100000.0,,,,
G29183103,Not New,EATON CORP,2293.0,33743.0,1972.0,31119.0,-321.0,-2624.0
464287184,Not New,FTSE China 25 Index,124860.0,3000000.0,61248.0,1600000.0,-63612.0,-1400000.0
464287184,Not New,FTSE China 25 Index,124860.0,3000000.0,11484.0,300000.0,-113376.0,-2700000.0
464287184,Not New,FTSE China 25 Index,124860.0,3000000.0,184356.0,4816000.0,59496.0,1816000.0
464287184,Not New,FTSE China 25 Index,10405.0,250000.0,61248.0,1600000.0,50843.0,1350000.0
464287184,Not New,FTSE China 25 Index,10405.0,250000.0,11484.0,300000.0,1079.0,50000.0
464287184,Not New,FTSE China 25 Index,10405.0,250000.0,184356.0,4816000.0,173951.0,4566000.0
464287184,Not New,FTSE China 25 Index,49944.0,1200000.0,61248.0,1600000.0,11304.0,400000.0
464287184,Not New,FTSE China 25 Index,49944.0,1200000.0,11484.0,300000.0,-38460.0,-900000.0
464287184,Not New,FTSE China 25 Index,49944.0,1200000.0,184356.0,4816000.0,134412.0,3616000.0
05367G100,Sold Out,Avianca Holdings SA,2829.0,206163.0,,,,
Y1771G102,Not New,COSTAMARE INC,4403.0,250000.0,5490.0,250000.0,1087.0,0.0
03152W109,New Holding,Amicus Therapeutics Inc,,,1872.0,225000.0,,
167250109,New Holding,CHICAGO BRIDGE IRON-NY SHR,,,2099.0,50000.0,,
23334L102,New Holding,DSW INC-CLASS A,,,38233.0,1025000.0,,
278865100,Not New,ECOLAB INC,627.0,6000.0,1114.0,9700.0,487.0,3700.0
713448108,New Holding,PEPSICO INC,,,3898.0,41225.0,,
552848103,Not New,MGIC INVESTMENT CORP,32154.0,3450000.0,42955.0,5500000.0,10801.0,2050000.0
Y2065G121,Not New,DHT Holdings Inc,2052.0,280705.0,1410.0,228973.0,-642.0,-51732.0
40416M105,Not New,HD Supply Holdings Inc,18431.0,625000.0,8178.0,300000.0,-10253.0,-325000.0
57061R551,Sold Out,Market Vectors India Small-Cap,792.0,17952.0,,,,
V7780T103,New Holding,ROYAL CARIBBEAN CRUISES LTD,,,8243.0,100000.0,,
499064103,Sold Out,KNIGHT TRANSPORTATION INC,712.0,26000.0,,,,
038222105,Not New,APPLIED MATERIALS INC,2492.0,100000.0,2161.0,100000.0,-331.0,0.0
G7945E105,Not New,SEADRILL LTD,1748.0,146430.0,2689.0,100500.0,941.0,-45930.0
60871R209,Not New,MOLSON COORS BREWING CO -B,5775.0,77500.0,2792.0,37500.0,-2983.0,-40000.0
563571108,Sold Out,MANITOWOC COMPANY INC,11725.0,500000.0,,,,
530715AG6,Not New,LIBERTY MEDIA CORP,11903.0,18500000.0,9735.0,15000000.0,-2168.0,-3500000.0
88706P205,Not New,TIM PARTICIPACOES SA-ADR,3665.0,165000.0,11525.0,439900.0,7860.0,274900.0
966244105,Not New,WhiteWave Foods Co/The,17320.0,495000.0,29219.0,804269.0,11899.0,309269.0
931422109,Sold Out,WALGREEN,1165.0,19650.0,,,,
21036P108,Not New,CONSTELLATION BRANDS INC-A,10262.0,104534.0,14589.0,167381.0,4327.0,62847.0
81369Y886,Not New,UTLITIES SELECT SECTOR INDEX,3872.0,82000.0,1515.0,36000.0,-2357.0,-46000.0
057224107,Not New,BAKER HUGHES INC,3401.0,60662.0,3463.0,53232.0,62.0,-7430.0
057224107,Not New,BAKER HUGHES INC,3401.0,60662.0,13012.0,200000.0,9611.0,139338.0
263534109,Sold Out,DU PONT (E.I.) DE NEMOURS,215.0,3000.0,,,,
50076Q106,Not New,Kraft Foods Group Inc,3446.0,55000.0,16920.0,300000.0,13474.0,245000.0
H8817H100,Sold Out,TRANSOCEAN INC,3386.0,105900.0,,,,
056752108,Not New,BAIDU.COM - SPON ADR.,103996.0,456185.0,116760.0,535034.0,12764.0,78849.0
136375102,Not New,CANADIAN NATL RAILWAY CO,2062.0,29918.0,497.0,7000.0,-1565.0,-22918.0
464287739,New Holding,ISHARES DJ US REAL ESTATE,,,7684.0,100000.0,,
198287203,New Holding,Columbia Property Trust Inc,,,4436.0,175000.0,,
16941M109,Sold Out,CHINA MOBILE LTD,11750.0,200000.0,,,,
36197T103,Sold Out,GW Pharmaceuticals PLC,1091.0,13500.0,,,,
14040H105,New Holding,CAPITAL ONE FINANCIAL CORP,,,57372.0,695000.0,,
073302101,Not New,BE Aerospace Inc,3771.0,65000.0,15109.0,180000.0,11338.0,115000.0
171798101,Sold Out,CIMAREX ENERGY CO,13052.0,103151.0,,,,
19122T109,Not New,COCA-COLA ENTERPRISES,4422.0,100000.0,8872.0,200000.0,4450.0,100000.0
19122T109,Not New,COCA-COLA ENTERPRISES,7739.0,175000.0,8872.0,200000.0,1133.0,25000.0
235851102,Not New,DANAHER CORP,17142.0,200000.0,15196.0,200000.0,-1946.0,0.0
235851102,Not New,DANAHER CORP,17142.0,200000.0,5578.0,73418.0,-11564.0,-126582.0
235851102,Not New,DANAHER CORP,3053.0,35623.0,15196.0,200000.0,12143.0,164377.0
235851102,Not New,DANAHER CORP,3053.0,35623.0,5578.0,73418.0,2525.0,37795.0
760276105,Not New,REPUBLIC AIRWAYS HOLDINGS IN,714.0,48956.0,931.0,83817.0,217.0,34861.0
125269100,Not New,CF INDUSTRIES HOLDINGS INC,2191.0,8039.0,2359.0,8450.0,168.0,411.0
M9068E105,Sold Out,SODASTREAM INTER,885.0,30000.0,,,,
487836108,Sold Out,KELLOGG CO,27720.0,450000.0,,,,
001547108,Sold Out,AK STEEL HOLDING CORP,8811.0,1100000.0,,,,
344849104,New Holding,FOOT LOCKER INC,,,5056.0,90000.0,,
09739C102,Not New,Boingo Wireless Inc,11970.0,1560643.0,17024.0,2387643.0,5054.0,827000.0
013817101,New Holding,Alcoa Inc,,,425.0,26899.0,,
25470M109,Not New,DISH NETWORK CORP-A,2091.0,28686.0,1186.0,18363.0,-905.0,-10323.0
526107107,Sold Out,LENNOX INTERNATIONAL INC,3844.0,50000.0,,,,
526107107,Sold Out,LENNOX INTERNATIONAL INC,2306.0,30000.0,,,,
