CUSIP,status,NAME OF ISSUER,(x$1000)_old,PRN AMT_old,(x$1000),PRN AMT,(x$1000)_change,PRN AMT_change
03076C106,New Holding,AMERIPRISE FINANCIAL INC,,,16641.0,150000.0,,
G40357108,Not New,GP INVESTMENTS ACQUISITION COR,46.0,100000.0,67.0,100000.0,21.0,0.0
Y7546A122,New Holding,SCORPIO BULKERS INC,,,1358.0,268900.0,,
67066G104,Sold Out,NVIDIA CORP,383.0,5586.0,,,,
803607100,Sold Out,SAREPTA THERAPEUTICS INC,4299.0,70000.0,,,,
001055102,Sold Out,AFLAC INC,210.0,2923.0,,,,
122017106,New Holding,BURLINGTON STORES INC,,,10594.0,125000.0,,
464286400,Sold Out,iShares MSCI Brazil Capped ETF,58690.0,1740000.0,,,,
464286400,Sold Out,iShares MSCI Brazil Capped ETF,287042.0,8510000.0,,,,
40637H109,Not New,HALOZYME THERAPEUTICS INC,494.0,50000.0,453.0,37500.0,-41.0,-12500.0
00191R117,Sold Out,AR CAPITAL ACQUISITION CORP,44.0,735000.0,,,,
N01045108,Not New,AFFIMED NV,135.0,75000.0,209.0,75000.0,74.0,0.0
69840W108,New Holding,PANERA BREAD COMPANY-CLASS A,,,14356.0,70000.0,,
886547108,Sold Out,TIFFANY & CO,8352.0,115000.0,,,,
238337109,New Holding,DAVE & BUSTERS ENTMT INC,,,8445.0,150000.0,,
548661107,Sold Out,LOWE'S COS INC,256.0,3549.0,,,,
98426T106,Sold Out,YY INC-ADR,9324.0,175000.0,,,,
28176E108,Sold Out,EDWARDS LIFESCIENCES CORP,430.0,3570.0,,,,
G3105C112,Not New,ELECTRUM SPECIAL ACQUISITION,238.0,850000.0,208.0,850000.0,-30.0,0.0
N6596X109,Not New,NXP SEMICONDUCTORS NV,12741.0,130000.0,17852.0,175000.0,5111.0,45000.0
N6596X109,Not New,NXP SEMICONDUCTORS NV,29403.0,300000.0,17852.0,175000.0,-11551.0,-125000.0
G98338109,New Holding,YATRA ONLINE INC,,,460.0,50000.0,,
053015103,Sold Out,AUTOMATIC DATA PROCESSING,224.0,2544.0,,,,
69318G106,Sold Out,PBF ENERGY INC-CLASS A,1132.0,50000.0,,,,
96812T102,New Holding,WILDHORSE RESOURCE DEVELOPME,,,730.0,50000.0,,
67103H107,Not New,O'REILLY AUTOMOTIVE INC,13986.0,50236.0,452.0,1612.0,-13534.0,-48624.0
98919V105,Not New,ZAYO GROUP HOLDINGS INC,14787.0,450000.0,13370.0,450000.0,-1417.0,0.0
756109104,Sold Out,REALTY INCOME CORP,545.0,8140.0,,,,
285512109,Not New,ELECTRONIC ARTS INC,5167.0,65608.0,21602.0,252947.0,16435.0,187339.0
172062101,Sold Out,CINCINNATI FINANCIAL CORP,852.0,11296.0,,,,
14055M106,Not New,CAPITOL ACQUISITION CORP III,14627.0,1470000.0,14435.0,1470000.0,-192.0,0.0
907818108,Sold Out,UNION PACIFIC CORP,3121.0,32000.0,,,,
863667101,Sold Out,STRYKER CORP,561.0,4820.0,,,,
57636Q104,Sold Out,MASTERCARD INC - A,24952.0,245184.0,,,,
00751Y106,Not New,ADVANCE AUTO PARTS INC,10993.0,65000.0,7456.0,50000.0,-3537.0,-15000.0
90130A101,New Holding,TWENTY-FIRST CENTURY FOX-A,,,14721.0,525016.0,,
04033A100,Sold Out,ARIAD PHARMACEUTICALS INC,685.0,50000.0,,,,
913017109,Not New,UNITED TECHNOLOGIES CORP,3421.0,31208.0,2103.0,20696.0,-1318.0,-10512.0
98389B100,Sold Out,XCEL ENERGY INC,247.0,6014.0,,,,
88579Y101,Sold Out,3M CO,212.0,1201.0,,,,
G28195124,Not New,DOUBLE EAGLE ACQUISITION COR,19900.0,2000000.0,19800.0,2000000.0,-100.0,0.0
928563402,Sold Out,VMWARE INC-CLASS A,1980.0,27000.0,,,,
03027X100,Sold Out,AMERICAN TOWER CORP,19905.0,175637.0,,,,
G6865N103,Not New,PACE HOLDINGS CORP,17204.0,1700000.0,16745.0,1700000.0,-459.0,0.0
09072Q114,Not New,BIOAMBER INC,179.0,255000.0,122.0,255000.0,-57.0,0.0
410345102,Sold Out,HANESBRANDS INC,6944.0,275000.0,,,,
464286673,Sold Out,ISHARES MSCI SINGAPORE ETF,532.0,49000.0,,,,
501044101,Not New,KROGER CO,6089.0,176438.0,309.0,10418.0,-5780.0,-166020.0
929089100,New Holding,VOYA FINANCIAL INC,,,18630.0,475000.0,,
44109J106,New Holding,HOSTESS BRANDS INC,,,2600.0,200000.0,,
G9456A100,Not New,GOLAR LNG LTD,7456.0,325000.0,358.0,16904.0,-7098.0,-308096.0
63934E108,Sold Out,NAVISTAR INTERNATIONAL CORP,1373.0,60000.0,,,,
27616L110,Not New,EASTERLY ACQUISITION CORP,95.0,256000.0,154.0,256000.0,59.0,0.0
89417E109,Sold Out,TRAVELERS COS INC/THE,212.0,1849.0,,,,
391164100,Sold Out,GREAT PLAINS ENERGY INC,15965.0,585000.0,,,,
737446104,Sold Out,POST HOLDINGS INC,25080.0,325000.0,,,,
09247X101,Sold Out,BLACKROCK INC,16311.0,45000.0,,,,
44267D107,Not New,HOWARD HUGHES CORP/THE,5193.0,45509.0,4862.0,42459.0,-331.0,-3050.0
10157Q110,Not New,BOULEVARD ACQUISITION,375.0,750000.0,428.0,750000.0,53.0,0.0
22822V101,Sold Out,CROWN CASTLE INTL CORP,239.0,2539.0,,,,
278642103,New Holding,EBAY INC,,,20783.0,700000.0,,
76169B102,New Holding,REXNORD CORP,,,1959.0,100000.0,,
631103108,Sold Out,NASDAQ INC,509.0,7536.0,,,,
36165L108,New Holding,GDS HOLDINGS LTD,,,7011.0,815270.0,,
G0726L117,New Holding,AVISTA HEALTHCARE PUBLIC-A,,,0.0,1490000.0,,
103304101,New Holding,BOYD GAMING CORP,,,9581.0,475000.0,,
76970B101,Sold Out,RMR REAL ESTATE INCOME FUND,1188.0,54600.0,,,,
81369Y803,Not New,SELECT SECTOR SPDR TR,269.0,5571.0,314.0,6571.0,45.0,1000.0
73935A104,New Holding,POWERSHARES QQQ TRUST,,,80566.0,680000.0,,
760759100,Sold Out,REPUBLIC SERVICES INC,773.0,15320.0,,,,
51476W107,Not New,LANDCADIA HOLDINGS INC,11981.0,1225000.0,11895.0,1225000.0,-86.0,0.0
92189F791,New Holding,VANECK VECTORS ETF TR,,,98436.0,3120000.0,,
14055M114,Not New,CAPITOL ACQUISITION CORP III,625.0,735000.0,515.0,735000.0,-110.0,0.0
13645T100,Not New,CANADIAN PACIFIC RAILWAY LTD,3481.0,24385.0,4220.0,27637.0,739.0,3252.0
G81276100,Not New,SIGNET JEWELERS LTD,4105.0,43549.0,5178.0,69474.0,1073.0,25925.0
72348P104,Not New,PINNACLE FOODS INC,17371.0,325000.0,12543.0,250000.0,-4828.0,-75000.0
80589M102,Sold Out,SCANA CORP,360.0,4968.0,,,,
42824C109,Not New,HEWLETT PACKARD ENTERPRIS,13884.0,600000.0,9100.0,400000.0,-4784.0,-200000.0
126650100,New Holding,CVS HEALTH CORP,,,9864.0,125008.0,,
755111507,Sold Out,RAYTHEON COMPANY,589.0,4327.0,,,,
842587107,Sold Out,SOUTHERN CO/THE,245.0,4771.0,,,,
256677105,Not New,DOLLAR GENERAL CORP,402.0,5429.0,2049.0,29276.0,1647.0,23847.0
743315103,Sold Out,PROGRESSIVE CORP,400.0,12684.0,,,,
437076102,Sold Out,HOME DEPOT INC,19846.0,154229.0,,,,
N00985106,Not New,AERCAP HOLDINGS NV,16228.0,390002.0,24172.0,628018.0,7944.0,238016.0
761713106,Sold Out,REYNOLDS AMERICAN INC,651.0,13802.0,,,,
N51488117,Not New,MOBILEYE N V AMSTELVEEN,2173.0,57000.0,2129.0,50000.0,-44.0,-7000.0
G3105C104,Not New,ELECTRUM SPECIAL ACQUISITION,4950.0,500000.0,4915.0,500000.0,-35.0,0.0
485865109,Not New,KATE SPADE & CO,4668.0,250000.0,7709.0,450000.0,3041.0,200000.0
29444U700,Sold Out,EQUINIX INC,9479.0,26313.0,,,,
00507V109,Not New,ACTIVISION BLIZZARD INC,10879.0,301283.0,28032.0,632779.0,17153.0,331496.0
G0176J109,Sold Out,ALLEGION PLC,2619.0,38000.0,,,,
G47567105,Not New,IHS MARKIT LTD,5312.0,150000.0,13143.0,350000.0,7831.0,200000.0
94106L109,Sold Out,WASTE MANAGEMENT INC,754.0,11823.0,,,,
85207U105,Not New,SPRINT CORP,3789.0,450000.0,4939.0,745000.0,1150.0,295000.0
81762P102,Sold Out,SERVICENOW INC,3958.0,50000.0,,,,
370334104,Sold Out,GENERAL MILLS INC,594.0,9305.0,,,,
718172109,Sold Out,PHILIP MORRIS INTERNATIONAL,2785.0,28642.0,,,,
78464A870,Not New,SPDR SERIES TRUST,3255.0,55000.0,6629.0,100000.0,3374.0,45000.0
172967424,Not New,CITIGROUP INC,17975.0,302461.0,47230.0,1000000.0,29255.0,697539.0
55616P104,Sold Out,MACY'S INC,4525.0,122128.0,,,,
189054109,Sold Out,CLOROX COMPANY,903.0,7217.0,,,,
02079K305,Not New,ALPHABET INC-CL A,40440.0,51032.0,59958.0,74569.0,19518.0,23537.0
651229106,Sold Out,NEWELL BRANDS INC,22665.0,430411.0,,,,
12572Q105,Not New,CME GROUP INC,12122.0,105085.0,10978.0,105032.0,-1144.0,-53.0
776696106,Not New,ROPER TECHNOLOGIES INC,2503.0,13669.0,2098.0,11500.0,-405.0,-2169.0
075887109,Sold Out,BECTON DICKINSON AND CO,464.0,2579.0,,,,
172908105,Sold Out,CINTAS CORP,435.0,3860.0,,,,
G6865N111,Not New,PACE HOLDINGS CORP,1020.0,1700000.0,714.0,1700000.0,-306.0,0.0
020002101,Sold Out,ALLSTATE CORP,18545.0,268068.0,,,,
81369Y100,New Holding,SELECT SECTOR SPDR TR,,,204.0,4100.0,,
026874784,New Holding,AMERICAN INTERNATIONAL GROUP,,,13064.0,200024.0,,
78464A730,New Holding,SPDR SERIES TRUST,,,12426.0,300000.0,,
57060D108,Sold Out,MARKETAXESS HOLDINGS INC,5796.0,35000.0,,,,
81369Y407,Not New,SELECT SECTOR SPDR TR,12351.0,151730.0,12393.0,154830.0,42.0,3100.0
887317303,Not New,TIME WARNER INC,21719.0,225000.0,15922.0,200000.0,-5797.0,-25000.0
294429105,Sold Out,EQUIFAX INC,642.0,4769.0,,,,
88160R101,New Holding,TESLA MOTORS INC,,,573.0,2682.0,,
46429B671,Sold Out,iShares MSCI China ETF,14550.0,300000.0,,,,
067383109,Sold Out,CR BARD INC,544.0,2426.0,,,,
464287655,New Holding,ISHARES TR,,,35061.0,260000.0,,
464287655,New Holding,ISHARES TR,,,87653.0,650000.0,,
30303M102,Not New,FACEBOOK INC-A,49415.0,429508.0,102649.0,800258.0,53234.0,370750.0
G04897107,Sold Out,ATLANTIC ALLIANCE PARTNERSHI,2625.0,250000.0,,,,
891906109,Sold Out,TOTAL SYSTEM SERVICES INC,453.0,9599.0,,,,
165167107,Not New,CHESAPEAKE ENERGY CORP,73.0,10347.0,1794.0,286173.0,1721.0,275826.0
91324P102,Sold Out,UNITEDHEALTH GROUP INC,420.0,3003.0,,,,
848577102,New Holding,SPIRIT AIRLINES INC,,,10126.0,175000.0,,
22943F100,New Holding,CTRIP COM INTL LTD,,,4000.0,100000.0,,
060505104,Not New,BANK OF AMERICA CORP,44200.0,2000000.0,2348.0,150000.0,-41852.0,-1850000.0
060505104,Not New,BANK OF AMERICA CORP,44200.0,2000000.0,8693.0,555443.0,-35507.0,-1444557.0
580135101,Sold Out,MCDONALD'S CORP,481.0,4166.0,,,,
595112103,Not New,MICRON TECHNOLOGY INC,10960.0,500000.0,3556.0,200000.0,-7404.0,-300000.0
31620M106,Not New,FIDELITY NATIONAL INFO SERV,49239.0,650959.0,50446.0,654889.0,1207.0,3930.0
81369Y506,Not New,SELECT SECTOR SPDR TR,294.0,3900.0,3531.0,50000.0,3237.0,46100.0
81369Y506,Not New,SELECT SECTOR SPDR TR,294.0,3900.0,22948.0,325000.0,22654.0,321100.0
80105N113,Sold Out,SANOFI CVR,199.0,745100.0,,,,
855244109,Sold Out,STARBUCKS CORP,10895.0,201231.0,,,,
143130102,New Holding,CARMAX INC,,,4829.0,75000.0,,
G20307107,Not New,CF CORP,8483.0,850000.0,8330.0,850000.0,-153.0,0.0
46432F396,Not New,ISHARES TR,4335.0,57149.0,2466.0,31878.0,-1869.0,-25271.0
134429109,Sold Out,CAMPBELL SOUP CO,361.0,6591.0,,,,
78516C106,New Holding,SABAN CAPITAL ACQUISITION CORP,,,15000.0,1500000.0,,
19247X100,Sold Out,COHEN & STEERS REIT & PR,2122.0,105300.0,,,,
G0684D107,New Holding,ATHENE HLDG LTD,,,17036.0,355000.0,,
37954X105,Not New,GLOBAL PARTNER ACQUISTION CO,5964.0,600000.0,5928.0,600000.0,-36.0,0.0
78464A698,New Holding,SPDR SERIES TRUST,,,8336.0,150000.0,,
78464A748,New Holding,SPDR SERIES TRUST,,,6370.0,285000.0,,
78388J106,Sold Out,SBA COMMUNICATIONS CORP-CL A,9534.0,85000.0,,,,
26138E109,Sold Out,DR PEPPER SNAPPLE GROUP INC,781.0,8553.0,,,,
949746101,Sold Out,WELLS FARGO & CO,22140.0,500000.0,,,,
697435105,Sold Out,PALO ALTO NETWORKS INC,11950.0,75000.0,,,,
N47279109,Not New,INTERXION HOLDING NV,26310.0,750200.0,27506.0,759411.0,1196.0,9211.0
23130C108,Sold Out,CURRENCYSHARES EURO TRUST,27338.0,250000.0,,,,
192446102,New Holding,COGNIZANT TECH SOLUTIONS-A,,,10085.0,180000.0,,
64110L106,New Holding,NETFLIX INC,,,3714.0,30000.0,,
400110102,New Holding,GRUBHUB INC,,,32918.0,875000.0,,
872590104,Not New,T-MOBILE US INC,3738.0,65000.0,16352.0,350000.0,12614.0,285000.0
911312106,Sold Out,UNITED PARCEL SERVICE-CL B,213.0,1946.0,,,,
65473P105,Sold Out,NISOURCE INC,604.0,25068.0,,,,
79466L302,New Holding,SALESFORCE.COM INC,,,10269.0,150000.0,,
21870Q105,Not New,CORESITE REALTY CORP,17882.0,225300.0,15571.0,210300.0,-2311.0,-15000.0
67071B108,Sold Out,NUVEEN REAL EST INC FD,503.0,42300.0,,,,
535919401,New Holding,LIONS GATE ENTMNT,,,4708.0,175000.0,,
749685103,New Holding,RPM INTERNATIONAL INC,,,2692.0,50000.0,,
Y37828103,New Holding,HUNTER MARITIME ACQUISITION,,,7105.0,700000.0,,
37890U108,New Holding,GLOBAL BLOOD THERAPEUTICS IN,,,1084.0,75000.0,,
61166W101,Not New,MONSANTO CO,10521.0,100000.0,15023.0,147000.0,4502.0,47000.0
61166W101,Not New,MONSANTO CO,10521.0,100000.0,25550.0,250000.0,15029.0,150000.0
61166W101,Not New,MONSANTO CO,10539.0,100170.0,15023.0,147000.0,4484.0,46830.0
61166W101,Not New,MONSANTO CO,10539.0,100170.0,25550.0,250000.0,15011.0,149830.0
55303A105,Not New,MGM GROWTH PROPERTIES LLC-A,5062.0,200000.0,9450.0,362500.0,4388.0,162500.0
46131B100,Sold Out,INVESCO MORTGAGE CAPITAL,1828.0,120000.0,,,,
194162103,Sold Out,COLGATE-PALMOLIVE CO,18747.0,252866.0,,,,
253393102,Sold Out,DICK'S SPORTING GOODS INC,11514.0,203000.0,,,,
G0177J108,Not New,ALLERGAN PLC,2520.0,12000.0,2764.0,12000.0,244.0,0.0
G28195116,Not New,DOUBLE EAGLE ACQUISITION COR,940.0,2000000.0,800.0,2000000.0,-140.0,0.0
90184L102,Not New,TWITTER INC,1630.0,100000.0,2305.0,100000.0,675.0,0.0
90184L102,Not New,TWITTER INC,1630.0,100000.0,4610.0,200000.0,2980.0,100000.0
90184L102,Not New,TWITTER INC,1630.0,100000.0,4610.0,200000.0,2980.0,100000.0
478160104,Sold Out,JOHNSON & JOHNSON,340.0,2875.0,,,,
552953101,New Holding,MGM RESORTS INTERNATIONAL,,,2883.0,100000.0,,
M74231107,New Holding,NEURODERM LTD,,,1110.0,50000.0,,
205768AM6,New Holding,COMSTOCK RES INC,,,2588.0,3000000.0,,
81369Y605,New Holding,SELECT SECTOR SPDR TR,,,94302.0,4056000.0,,
81369Y605,New Holding,SELECT SECTOR SPDR TR,,,690525.0,29700000.0,,
66704R803,Sold Out,NORTHSTAR REALTY FINANCE,12182.0,925000.0,,,,
693718108,New Holding,PACCAR INC,,,3195.0,50000.0,,
01609W102,Not New,ALIBABA GROUP HLDG LTD,9659.0,110000.0,59295.0,560500.0,49636.0,450500.0
876568502,Not New,TATA MOTORS LTD,249.0,7250.0,7286.0,182242.0,7037.0,174992.0
539830109,Sold Out,LOCKHEED MARTIN CORP,775.0,3232.0,,,,
92189F106,New Holding,VANECK VECTORS ETF TR,,,4184.0,200000.0,,
747525103,New Holding,QUALCOMM INC,,,9780.0,150007.0,,
00817Y108,Sold Out,AETNA INC,285.0,2471.0,,,,
693656100,Sold Out,PVH CORP,13813.0,125000.0,,,,
N31738102,Sold Out,FIAT CHRYSLER AUTOMOBILES NV,227.0,35402.0,,,,
34959E109,New Holding,FORTINET INC,,,5873.0,195000.0,,
12504G100,Sold Out,CBRE CLARION GL R/E INCOME F,2268.0,270000.0,,,,
032511107,Not New,ANADARKO PETROLEUM CORP,21410.0,307035.0,54287.0,856798.0,32877.0,549763.0
958102105,Sold Out,WESTERN DIGITAL CORP,2924.0,50000.0,,,,
16411RAG4,Not New,CHENIERE ENERGY INC,3668.0,6000000.0,3796.0,6000000.0,128.0,0.0
535919203,Sold Out,LIONS GATE ENTERTAINMENT COR,9495.0,475000.0,,,,
82811P101,Sold Out,SILVER RUN ACQUISITION COR-A,12222.0,776000.0,,,,
00191R109,Sold Out,AR CAPITAL ACQUISITION CORP,12537.0,1256195.0,,,,
500255104,Sold Out,KOHLS CORP,4375.0,100000.0,,,,
G27823106,New Holding,DELPHI AUTOMOTIVE PLC,,,5051.0,75000.0,,
24703L103,Sold Out,DELL TECHNOLOGIES INC-CL V,8365.0,175000.0,,,,
124857202,New Holding,CBS CORP NEW,,,15905.0,250007.0,,
82811P119,Sold Out,SILVER RUN ACQUISITION COR-A,1080.0,200000.0,,,,
125896100,Sold Out,CMS ENERGY CORP,596.0,14191.0,,,,
G0408V102,Sold Out,AON PLC,214.0,1898.0,,,,
90187B101,Sold Out,TWO HARBORS INVESTMENT CORP,1578.0,185000.0,,,,
47215P106,New Holding,JD.COM INC,,,13992.0,550000.0,,
571748102,Sold Out,MARSH & MCLENNAN COS,310.0,4614.0,,,,
053332102,Not New,AUTOZONE INC,12243.0,15501.0,455.0,592.0,-11788.0,-14909.0
126408103,Not New,CSX CORP,4958.0,138000.0,3203.0,105000.0,-1755.0,-33000.0
464288513,Not New,ISHARES TR,64913.0,750000.0,43630.0,500000.0,-21283.0,-250000.0
02376R102,Not New,AMERICAN AIRLINES GROUP INC,10505.0,225000.0,9153.0,250000.0,-1352.0,25000.0
690768403,Sold Out,OWENS-ILLINOIS INC,9245.0,502712.0,,,,
98954M200,Not New,ZILLOW GROUP INC,262.0,7182.0,212.0,6108.0,-50.0,-1074.0
30555Q108,Sold Out,FAIRMOUNT SANTROL HOLDINGS I,848.0,100000.0,,,,
78463V107,Sold Out,SPDR GOLD TRUST,31410.0,250000.0,,,,
30212P303,New Holding,EXPEDIA INC,,,4531.0,40000.0,,
035710409,Sold Out,ANNALY CAPITAL MANAGEMENT IN,1313.0,125000.0,,,,
D18190898,New Holding,DEUTSCHE BANK AG,,,10860.0,600000.0,,
92343V104,Sold Out,VERIZON COMMUNICATIONS INC,206.0,3959.0,,,,
960413102,Not New,WESTLAKE CHEMICAL CORP,2332.0,41659.0,1389.0,25965.0,-943.0,-15694.0
867914103,Sold Out,SUNTRUST BANKS INC,3285.0,75000.0,,,,
92826C839,Sold Out,VISA INC-CLASS A SHARES,26002.0,314411.0,,,,
464287465,Sold Out,ISHARES MSCI EAFE ETF,44348.0,750000.0,,,,
62857M105,Sold Out,MYOKARDIA INC,817.0,50000.0,,,,
00289Y107,New Holding,ABEONA THERAPEUTICS INC,,,728.0,150000.0,,
36162J106,New Holding,GEO GROUP INC/THE,,,1797.0,50000.0,,
87165B103,New Holding,SYNCHRONY FINANCIAL,,,30830.0,850011.0,,
78516C114,New Holding,SABAN CAPITAL ACQUISITION CORP,,,712.0,750000.0,,
443510607,Not New,HUBBELL INC,6041.0,51766.0,6262.0,58119.0,221.0,6353.0
69329YAG9,New Holding,PDL BIOPHARMA INC,,,1231.0,1500000.0,,
693506107,Not New,PPG INDUSTRIES INC,2511.0,26500.0,6771.0,65505.0,4260.0,39005.0
693506107,Not New,PPG INDUSTRIES INC,8489.0,89583.0,6771.0,65505.0,-1718.0,-24078.0
209115104,Sold Out,CONSOLIDATED EDISON INC,237.0,3144.0,,,,
19459J104,New Holding,COLLEGIUM PHARMACEUTICAL INC,,,1946.0,125000.0,,
65249B109,Sold Out,NEWS CORP - CLASS A,174.0,12431.0,,,,
90384S303,Not New,ULTA SALON COSMETCS & FRAG I,17846.0,70000.0,8329.0,35000.0,-9517.0,-35000.0
51476W115,Not New,LANDCADIA HOLDINGS INC,809.0,1225000.0,674.0,1225000.0,-135.0,0.0
74460D109,Sold Out,PUBLIC STORAGE,527.0,2363.0,,,,
084670702,Sold Out,BERKSHIRE HATHAWAY INC-CL B,212.0,1466.0,,,,
131193104,Sold Out,CALLAWAY GOLF COMPANY,3483.0,300000.0,,,,
74874U119,Not New,QUINPARIO ACQUISITION CORP 2,343.0,1715000.0,257.0,1715000.0,-86.0,0.0
00206R102,Sold Out,AT&T INC,400.0,9860.0,,,,
65339F101,Sold Out,NEXTERA ENERGY INC,474.0,3872.0,,,,
81369Y308,Not New,SELECT SECTOR SPDR TR,31026.0,600000.0,479.0,9000.0,-30547.0,-591000.0
88104P104,Sold Out,TERRAPIN 3 ACQUISITION COR-A,6909.0,700000.0,,,,
902494103,Sold Out,TYSON FOODS INC-CL A,540.0,7237.0,,,,
05455L110,New Holding,AXAR ACQUISITION CORP,,,55.0,735000.0,,
63934EAS7,Sold Out,NAVISTAR INTL CORP,1419.0,1500000.0,,,,
G0726L125,New Holding,AVISTA HEALTHCARE PUBLIC-A,,,14975.0,1490000.0,,
571903202,New Holding,MARRIOTT INTERNATIONAL -CL A,,,14469.0,175000.0,,
63934EAQ1,Sold Out,NAVISTAR INTL CORP,476.0,500000.0,,,,
666807102,Sold Out,NORTHROP GRUMMAN CORP,908.0,4246.0,,,,
88104P112,Sold Out,TERRAPIN 3 ACQUISITION COR-A,127.0,700000.0,,,,
16119P108,Sold Out,CHARTER COMMUNICATIONS INC-A,10799.0,40000.0,,,,
212894109,Not New,CONYERS PARK ACQUISITION COR,15300.0,1500000.0,15000.0,1500000.0,-300.0,0.0
382866101,Sold Out,GORES HOLDINGS INC-A,6480.0,600000.0,,,,
21871N101,New Holding,CORECIVIC INC,,,1468.0,60000.0,,
654106103,Sold Out,NIKE INC -CL B,2605.0,49485.0,,,,
61174X109,Not New,MONSTER BEVERAGE CORP,9977.0,225000.0,288.0,1961.0,-9689.0,-223039.0
464287234,Not New,ISHARES TR,105030.0,3000000.0,131981.0,3524200.0,26951.0,524200.0
66705Y104,Sold Out,NORTHSTAR ASSET MANAGEMENT,5495.0,425000.0,,,,
494368103,Sold Out,KIMBERLY-CLARK CORP,596.0,4727.0,,,,
871829107,Sold Out,SYSCO CORP,885.0,18054.0,,,,
63938C108,Sold Out,NAVIENT CORP,150.0,10375.0,,,,
G4182A102,New Holding,GTY TECHNOLOGY HOLDINGS IN-A,,,31108.0,2828000.0,,
058498106,Sold Out,BALL CORP,2704.0,33000.0,,,,
212894117,Not New,CONYERS PARK ACQUISITION COR,1250.0,499900.0,575.0,500000.0,-675.0,100.0
Y09827109,Not New,BROADCOM LTD,23911.0,135265.0,20113.0,116581.0,-3798.0,-18684.0
741503403,Sold Out,PRICELINE GROUP INC/THE,21337.0,14500.0,,,,
44109J114,New Holding,HOSTESS BRANDS INC,,,346.0,200000.0,,
655844108,New Holding,NORFOLK SOUTHERN CORP,,,5944.0,55000.0,,
74874U101,Not New,QUINPARIO ACQUISITION CORP 2,17064.0,1715000.0,16996.0,1715000.0,-68.0,0.0
N20944109,Not New,CNH INDUSTRIAL NV,1646.0,189410.0,815.0,112824.0,-831.0,-76586.0
440452100,Sold Out,HORMEL FOODS CORP,451.0,11878.0,,,,
G4182A128,New Holding,GTY TECHNOLOGY HOLDINGS IN-A,,,0.0,942666.0,,
535919500,New Holding,LIONS GATE ENTMNT,,,3475.0,141586.0,,
984332106,Sold Out,YAHOO! INC,6465.0,150000.0,,,,
189464100,Sold Out,CLOVIS ONCOLOGY INC,3425.0,95000.0,,,,
948596101,Sold Out,WEIBO CORP-SPON ADR,10905.0,217500.0,,,,
382866119,Sold Out,GORES HOLDINGS INC-A,240.0,200000.0,,,,
78486Q101,Not New,SVB FINANCIAL GROUP,11158.0,65000.0,16581.0,150000.0,5423.0,85000.0
78462F103,Not New,SPDR S&P 500 ETF TR,16318.0,73000.0,54075.0,250000.0,37757.0,177000.0
78462F103,Not New,SPDR S&P 500 ETF TR,16318.0,73000.0,436926.0,2020000.0,420608.0,1947000.0
78462F103,Not New,SPDR S&P 500 ETF TR,239848.0,1073000.0,54075.0,250000.0,-185773.0,-823000.0
78462F103,Not New,SPDR S&P 500 ETF TR,239848.0,1073000.0,436926.0,2020000.0,197078.0,947000.0
023135106,Sold Out,AMAZON.COM INC,82019.0,97955.0,,,,
031100100,Not New,AMETEK INC,2181.0,44877.0,1938.0,40551.0,-243.0,-4326.0
98936J101,Not New,ZENDESK INC,17702.0,835000.0,6142.0,200000.0,-11560.0,-635000.0
742718109,Sold Out,PROCTER & GAMBLE CO/THE,214.0,2386.0,,,,
45378A106,Sold Out,INDEPENDENCE REALTY TRUST IN,2255.0,250000.0,,,,
37954X113,Not New,GLOBAL PARTNER ACQUISTION CO,186.0,600000.0,162.0,600000.0,-24.0,0.0
464287184,Not New,ISHARES TR,43388.0,1250000.0,3345.0,88000.0,-40043.0,-1162000.0
778296103,Sold Out,ROSS STORES INC,10996.0,171014.0,,,,
G25839104,Not New,COCA-COLA EUROPEAN PARTNERS,2355.0,75000.0,4025.0,100865.0,1670.0,25865.0
32008D106,Not New,FIRST DATA CORP,13835.0,975000.0,7896.0,600000.0,-5939.0,-375000.0
G20307115,Not New,CF CORP,531.0,425000.0,387.0,425000.0,-144.0,0.0
38141G104,New Holding,GOLDMAN SACHS GROUP INC,,,11973.0,50000.0,,
92939U106,Sold Out,WEC ENERGY GROUP INC,211.0,3530.0,,,,
15136A110,New Holding,CENTENNIAL RESOURCE DEV INC,,,292.0,35000.0,,
713448108,Sold Out,PEPSICO INC,213.0,1954.0,,,,
G81477104,Sold Out,SINA CORP,11075.0,150000.0,,,,
69366J200,Not New,PTC THERAPEUTICS INC,546.0,50000.0,1401.0,100000.0,855.0,50000.0
191216100,Sold Out,COCA-COLA CO/THE,235.0,5544.0,,,,
78464A888,Not New,SPDR SERIES TRUST,3083.0,91088.0,769.0,22657.0,-2314.0,-68431.0
579780206,Sold Out,MCCORMICK & CO-NON VTG SHRS,703.0,7036.0,,,,
78516C205,Sold Out,SABAN CAPITAL ACQUISITION CO,15120.0,1500000.0,,,,
682189105,New Holding,ON SEMICONDUCTOR CORP,,,5065.0,396943.0,,
64190A103,Sold Out,NEUBERGER BERMAN REAL ESTATE,1071.0,188181.0,,,,
G7945E105,New Holding,SEADRILL LTD,,,1194.0,350000.0,,
540424108,Not New,LOEWS CORP,219.0,4687.0,295.0,7171.0,76.0,2484.0
33733E302,Not New,FIRST TR EXCHANGE TRADED FD,391.0,4900.0,530.0,6500.0,139.0,1600.0
60871R209,Sold Out,MOLSON COORS BREWING CO -B,222.0,2025.0,,,,
00771V108,Sold Out,AERIE PHARMACEUTICALS INC,1510.0,40000.0,,,,
21036P108,Not New,CONSTELLATION BRANDS INC-A,11557.0,75384.0,44841.0,269334.0,33284.0,193950.0
81369Y886,New Holding,SELECT SECTOR SPDR TR,,,53242.0,1096200.0,,
337738108,Sold Out,FISERV INC,744.0,7477.0,,,,
02209S103,Sold Out,ALTRIA GROUP INC,907.0,14345.0,,,,
G40357124,Not New,GP INVESTMENTS ACQUISITION COR,7277.0,735000.0,7203.0,735000.0,-74.0,0.0
464287739,New Holding,ISHARES TR,,,7694.0,100000.0,,
40434L105,Sold Out,HP INC,176.0,11337.0,,,,
10157Q102,Not New,BOULEVARD ACQUISITION,14880.0,1500000.0,14625.0,1500000.0,-255.0,0.0
36197T103,New Holding,GW PHARMACEUTICALS PLC,,,1118.0,10000.0,,
235851102,Not New,DANAHER CORP,10333.0,132745.0,3040.0,38781.0,-7293.0,-93964.0
487836108,Sold Out,KELLOGG CO,217.0,2801.0,,,,
344849104,Not New,FOOT LOCKER INC,12406.0,175000.0,16930.0,250000.0,4524.0,75000.0
27616L102,Not New,EASTERLY ACQUISITION CORP,8688.0,882000.0,8767.0,882000.0,79.0,0.0
