CUSIP,status,NAME OF ISSUER,(x$1000)_old,PRN AMT_old,(x$1000),PRN AMT,(x$1000)_change,PRN AMT_change
G66721104,New Holding,Norwegian Cruise Line Holding,,,8294.0,150000.0,,
74733V100,New Holding,QEP RESOURCES INC,,,2681.0,190000.0,,
G16962105,Not New,BUNGE LIMITED,32557.0,574503.0,6828.0,100000.0,-25729.0,-474503.0
G40357108,Not New,GP Investments Acquisition Cor,98.0,367500.0,147.0,367500.0,49.0,0.0
74005P104,Not New,PRAXAIR INC,6558.0,57300.0,1377.0,13450.0,-5181.0,-43850.0
345550107,Sold Out,FOREST CITY ENTERPRISES-CL A,6579.0,300000.0,,,,
57060U100,New Holding,MARKET VECTORS GOLD MINERS - ETF,,,5534.0,277000.0,,
57060U100,New Holding,MARKET VECTORS GOLD MINERS - ETF,,,85914.0,4300000.0,,
14055M205,Sold Out,Capitol Acquisition Corp III,14627.0,1470000.0,,,,
122017106,New Holding,Burlington Stores Inc,,,15466.0,275000.0,,
464286400,New Holding,MSCI BR 25-50 NR USD,,,10520.0,400000.0,,
00191R117,Not New,AR Capital Acquisition Corp,74.0,735000.0,132.0,735000.0,58.0,0.0
48238T109,Sold Out,KAR AUCTION SERVICES INC,10183.0,275000.0,,,,
00404A109,Sold Out,Acadia Healthcare Co Inc,8744.0,140000.0,,,,
86614U100,Sold Out,Summit Materials Inc,1723.0,85988.0,,,,
004225108,Sold Out,ACADIA PHARMACEUTICALS INC,3565.0,100000.0,,,,
G30401106,Sold Out,ENDO PHARMACEUT HLDGS INC,1270.0,20751.0,,,,
G50871105,Sold Out,JAZZ PHARMACEUTICALS INC,4920.0,35000.0,,,,
N01045108,New Holding,Affimed Therapeutics BV,,,281.0,75000.0,,
670837103,Sold Out,OGE ENERGY CORP,2629.0,100000.0,,,,
548661107,Sold Out,LOWE'S COS INC,22432.0,295000.0,,,,
28176E108,Sold Out,EDWARDS LIFESCIENCES CORP,9478.0,120000.0,,,,
G3105C112,Not New,Electrum Special Acquisition C,170.0,850000.0,188.0,850000.0,18.0,0.0
N6596X109,Not New,NXP SEMICONDUCTORS NV,12500.0,154193.0,32577.0,386671.0,20077.0,232478.0
36467W109,Sold Out,GAMESTOP CORP-CLASS A,3365.0,120000.0,,,,
25179M103,Not New,DEVON ENERGY CORPORATION.,6147.0,224000.0,7200.0,225000.0,1053.0,1000.0
285512109,Not New,Electronic Arts Inc..,9917.0,150000.0,15462.0,225000.0,5545.0,75000.0
14055M106,New Holding,Capitol Acquisition Corp III,,,14406.0,1470000.0,,
00101J106,New Holding,ADT Corp/The,,,689.0,16700.0,,
57636Q104,Sold Out,MASTERCARD INC-CLASS A,16697.0,171494.0,,,,
256746108,Not New,DOLLAR TREE STORES INC,16492.0,200000.0,3439.0,44538.0,-13053.0,-155462.0
111320107,Sold Out,BROADCOM CORP-CL A,3419.0,59129.0,,,,
268158201,Sold Out,Dynavax Technologies Corp,3745.0,155000.0,,,,
00751Y106,Sold Out,ADVANCE AUTO PARTS INC,11288.0,75000.0,,,,
761283100,Not New,Restoration Hardware Holdings,1048.0,25000.0,37098.0,466930.0,36050.0,441930.0
500754106,Sold Out,Kraft Heinz Co/The,1276.0,17537.0,,,,
913017109,Not New,UNITED TECHNOLOGIES CORP,2144.0,21414.0,2577.0,26827.0,433.0,5413.0
75605Y106,Sold Out,Realogy Holdings Corp,22438.0,611900.0,,,,
G28195124,Not New,DOUBLE EAGLE ACQUISITION CORP,19440.0,2000000.0,19120.0,2000000.0,-320.0,0.0
680665205,Sold Out,OLIN CORP,4315.0,250000.0,,,,
835451105,Not New,SONIC CORP,8790.0,250000.0,6462.0,200000.0,-2328.0,-50000.0
018581108,New Holding,ALLIANCE DATA SYSTEMS CORP,,,9900.0,45000.0,,
03027X100,Not New,AMERICAN TOWER CORP-CL A,17915.0,175000.0,16966.0,175000.0,-949.0,0.0
458140100,Sold Out,INTEL CORP.,2928.0,85000.0,,,,
488445107,Not New,KemPharm Inc,595.0,41000.0,993.0,50000.0,398.0,9000.0
G6865N103,Not New,Pace Holdings Corp,16065.0,1700000.0,16320.0,1700000.0,255.0,0.0
015351109,Sold Out,ALEXION PHARMACEUTICALS INC,5723.0,30000.0,,,,
09072Q114,Not New,BioAmber Inc,462.0,255000.0,360.0,255000.0,-102.0,0.0
410345102,Not New,HANESBRANDS INC,9211.0,325000.0,14715.0,500000.0,5504.0,175000.0
464286673,New Holding,iShares MSCI Singapore Index F,,,3464.0,319000.0,,
009158106,Sold Out,AIR PRODUCTS CHEMICALS INC,3341.0,25677.0,,,,
G9456A100,Not New,GOLAR LNG LTD,2246.0,125000.0,2369.0,150000.0,123.0,25000.0
27616L110,Not New,Easterly Acquisition Corp,154.0,441000.0,221.0,441000.0,67.0,0.0
64828T201,Sold Out,New Residential Investment Cor,4256.0,350000.0,,,,
G0750C108,Sold Out,Axalta Coating Systems Ltd,2665.0,100000.0,,,,
737446104,Not New,Post Holdings Inc,15473.0,225000.0,34558.0,560100.0,19085.0,335100.0
44267D107,Not New,HOWARD HUGHES CORP/THE,3585.0,33854.0,3107.0,27461.0,-478.0,-6393.0
10157Q110,Not New,Boulevard Acquisition Corp,240.0,750000.0,562.0,750000.0,322.0,0.0
22822V101,Sold Out,CROWN CASTLE INTL CORP,10806.0,125000.0,,,,
84763R101,Sold Out,SPECTRUM BRANDS,7635.0,75000.0,,,,
723787107,Not New,PIONEER NATURAL RESOURCES CO,1407.0,10000.0,3423.0,27302.0,2016.0,17302.0
03852U106,Sold Out,ARAMARK Holdings Corp,26042.0,807500.0,,,,
464287556,Sold Out,ISHARES NASDAQ BIOTECH INDX,12330.0,36421.0,,,,
76970B101,Not New,RMR Real Estate Income Fund,1304.0,67367.0,1234.0,64022.0,-70.0,-3345.0
171779309,New Holding,CIENA CORP,,,2378.0,125000.0,,
052769106,Sold Out,AUTODESK INC,1279.0,20998.0,,,,
81369Y803,Not New,Technology Select Sector,13308.0,300000.0,5807.0,135571.0,-7501.0,-164429.0
81369Y803,Not New,Technology Select Sector,8454.0,190571.0,5807.0,135571.0,-2647.0,-55000.0
73935A104,Not New,NASDAQ 100 STOCK INDX,174720.0,1600000.0,201348.0,1800000.0,26628.0,200000.0
14055M114,New Holding,Capitol Acquisition Corp III,,,221.0,735000.0,,
13645T100,Not New,CANADIAN PACIFIC RAILWAY LTD,20233.0,152483.0,15311.0,119991.0,-4922.0,-32492.0
269246401,Not New,E*TRADE FINANCIAL CORP,6123.0,250000.0,15561.0,525000.0,9438.0,275000.0
464286822,New Holding,I SHARES MSCI MEXICO INVESTABLE MARKET I,,,9935.0,185000.0,,
G81276100,Not New,SIGNET JEWELERS LTD,15504.0,125000.0,13087.0,105805.0,-2417.0,-19195.0
98956P102,Sold Out,Zimmer Biomet Holdings Inc,11285.0,110000.0,,,,
42824C109,New Holding,Hewlett Packard Enterprise Co,,,4675.0,263700.0,,
H0023R105,Sold Out,ACE LTD,36808.0,315000.0,,,,
755111507,Sold Out,RAYTHEON COMPANY,3113.0,25000.0,,,,
825724206,New Holding,Sibanye Gold Ltd,,,869.0,57300.0,,
437076102,New Holding,HOME DEPOT INC,,,23350.0,175000.0,,
N00985106,Not New,AerCap Holdings NV,33240.0,857598.0,39093.0,905772.0,5853.0,48174.0
761713106,Sold Out,REYNOLDS AMERICAN INC,23075.0,500000.0,,,,
031162100,Sold Out,AMGEN INC,20291.0,125000.0,,,,
30161N101,Not New,EXELON CORP.,5745.0,160206.0,9025.0,325000.0,3280.0,164794.0
G5960L103,Not New,MEDTRONIC INC,3750.0,50000.0,28845.0,375000.0,25095.0,325000.0
G3105C104,Not New,Electrum Special Acquisition C,4825.0,500000.0,4820.0,500000.0,-5.0,0.0
485865109,New Holding,Kate Spade Co,,,3828.0,150000.0,,
577081102,Not New,MATTEL INC,1903.0,56609.0,8830.0,325000.0,6927.0,268391.0
29444U700,Not New,EQUINIX INC,9921.0,30000.0,47596.0,157395.0,37675.0,127395.0
00507V109,New Holding,ACTIVISION INC.,,,24196.0,715000.0,,
876664103,Sold Out,TAUBMAN CENTERS INC,19180.0,250000.0,,,,
09061G101,Sold Out,BIOMARIN PHARMACEUTICAL INC,12781.0,122000.0,,,,
110122108,Sold Out,BRISTOL-MYERS SQUIBB CO,17885.0,260000.0,,,,
969457100,Sold Out,WILLIAMS COS INC.,3262.0,126915.0,,,,
478366107,New Holding,JOHNSON CONTROLS INC,,,1949.0,50000.0,,
92939D112,Not New,WL Ross Holding Corp,490.0,1000000.0,561.0,1700000.0,71.0,700000.0
172967424,Sold Out,CITIGROUP INC,78983.0,1526238.0,,,,
55616P104,Sold Out,MACY'S INC.,3498.0,100000.0,,,,
559222401,Sold Out,MAGNA INTL INC,8112.0,200000.0,,,,
38059T106,New Holding,GOLD FIELDS LTD,,,887.0,225000.0,,
284902103,New Holding,ELDORADO GOLD CORPORATION,,,711.0,225000.0,,
02079K305,Not New,ALPHABET INC-CL A,126641.0,166000.0,71395.0,91766.0,-55246.0,-74234.0
L00849106,New Holding,Adecoagro SA,,,2021.0,175000.0,,
651229106,New Holding,NEWELL RUBBERMAID INC,,,21038.0,475000.0,,
008252108,Not New,AFFILIATED MANAGERS GROUP,12992.0,80000.0,16775.0,105000.0,3783.0,25000.0
12572Q105,Not New,CHICAGO MERCANTILE EXCHANG-A,10088.0,105032.0,9516.0,105032.0,-572.0,0.0
64125C109,Sold Out,NEUROCRINE BIOSCIENCES INC,7354.0,130000.0,,,,
776696106,New Holding,ROPER INDUSTRIES INC,,,1014.0,5549.0,,
17275R102,New Holding,CISCO SYSTEMS INC,,,7118.0,250000.0,,
020002101,New Holding,ALLSTATE CORP,,,13474.0,200000.0,,
G6865N111,Not New,Pace Holdings Corp,622.0,1700000.0,850.0,1700000.0,228.0,0.0
81369Y100,Not New,Materials Select Sector,3764.0,84000.0,391.0,9000.0,-3373.0,-75000.0
57061R544,New Holding,MV Jr Gold Miners Pr Idx,,,8355.0,300000.0,,
57061R544,New Holding,MV Jr Gold Miners Pr Idx,,,5570.0,200000.0,,
91843L103,New Holding,VWR Corp,,,2706.0,100000.0,,
265504100,New Holding,Dunkin' Brands Group Inc,,,12972.0,275000.0,,
36467J108,New Holding,Gaming and Leisure Properties,,,7730.0,250000.0,,
594918104,Sold Out,MICROSOFT CORP,39560.0,713051.0,,,,
026874784,Not New,AMERICAN INTERNATIONAL GROUP,13513.0,250000.0,2132.0,34408.0,-11381.0,-215592.0
78464A730,Sold Out,SPDR SP OIL GAS EXPLORATI,4533.0,150000.0,,,,
78464A730,Sold Out,SPDR SP OIL GAS EXPLORATI,77061.0,2550000.0,,,,
81369Y407,Not New,CONSUMER DISCRETIONARY SELT,6615.0,83687.0,4743.0,60687.0,-1872.0,-23000.0
887317303,Not New,TIME WARNER INC,7255.0,100000.0,3557.0,55000.0,-3698.0,-45000.0
464286830,New Holding,ISHARES MSCI MALAYSIA,,,891.0,100000.0,,
380956409,New Holding,GOLDCORP INC,,,2516.0,155000.0,,
92839U206,Sold Out,VISTEON CORP.,2107.0,18398.0,,,,
922908553,Not New,VANGUARD REIT ET,6648.0,79333.0,2339.0,29333.0,-4309.0,-50000.0
88160R101,Not New,TESLA MOTORS INC,208.0,904.0,5.0,22.0,-203.0,-882.0
526057104,Not New,Lennar Corp,1103.0,22817.0,773.0,15814.0,-330.0,-7003.0
30303M102,Not New,Facebook Inc,13692.0,120000.0,96832.0,925209.0,83140.0,805209.0
23331A109,Not New,DR HORTON INC,1143.0,37825.0,785.0,24503.0,-358.0,-13322.0
92532F100,Sold Out,VERTEX PHARMACEUTICALS INC,6292.0,50000.0,,,,
16939P106,New Holding,CHINA LIFE INSURANCE CO-H,,,12290.0,1000000.0,,
31787A507,New Holding,FINISAR CORPORATION,,,4104.0,225000.0,,
125509109,Sold Out,CIGNA CORP,2116.0,14463.0,,,,
G04897107,Not New,Atlantic Alliance Partnership,2608.0,250000.0,2525.0,250000.0,-83.0,0.0
695156109,Not New,PACKAGING CORP OF AMERICA,18120.0,300000.0,3153.0,50000.0,-14967.0,-250000.0
695156109,Not New,PACKAGING CORP OF AMERICA,18120.0,300000.0,12610.0,200000.0,-5510.0,-100000.0
071813109,Sold Out,BAXTER INTERNATIONAL INC,23653.0,620000.0,,,,
701877102,Sold Out,Parsley Energy Inc.,7380.0,400000.0,,,,
22943F100,Not New,CTRIP.COM INTERNATIONAL-ADR,43154.0,975000.0,88027.0,1900000.0,44873.0,925000.0
060505104,Sold Out,BANK OF AMERICA CORP,4208.0,250000.0,,,,
060505104,Sold Out,BANK OF AMERICA CORP,93366.0,5547609.0,,,,
580135101,Sold Out,MCDONALD'S CORP,39916.0,337869.0,,,,
74733T105,Not New,QLIK TECHNOLOGIES INC,4310.0,149045.0,5066.0,160000.0,756.0,10955.0
032095101,New Holding,AMPHENOL CORP-CL A,,,5493.0,95000.0,,
247361702,Sold Out,DELTA AIR LINES INC,2062.0,40687.0,,,,
31620M106,New Holding,FIDELITY NATIONAL INFORMATIO,,,52231.0,825000.0,,
81369Y506,Sold Out,AMEX ENERGY SELECT INDX,4844.0,80000.0,,,,
81369Y506,Sold Out,AMEX ENERGY SELECT INDX,24220.0,400000.0,,,,
80105N113,Not New,SANOFI-AVENTIS,85.0,745100.0,84.0,745100.0,-1.0,0.0
31680Q104,New Holding,58.Com Inc,,,4174.0,75000.0,,
61945C103,Not New,MOSAIC CO/THE,2789.0,103300.0,1476.0,53500.0,-1313.0,-49800.0
19247X100,Not New,Cohen Steers REIT and Prefer,2460.0,130000.0,1989.0,107850.0,-471.0,-22150.0
651639106,New Holding,NEWMONT MINING CORP,,,13371.0,503048.0,,
037833100,Not New,APPLE INC.,19618.0,180000.0,2062.0,19593.0,-17556.0,-160407.0
37954X105,Not New,Global Partner Acquisition Cor,5892.0,600000.0,5940.0,600000.0,48.0,0.0
L9340P101,New Holding,Trinseo SA,,,4962.0,134800.0,,
550021109,Sold Out,LULULEMON ATHLETICA INC-W/I,7871.0,150000.0,,,,
78388J106,Not New,SBA COMMUNICATIONS CORP-CL A,15026.0,150000.0,12652.0,120415.0,-2374.0,-29585.0
N3167J106,Sold Out,FERRARI N V,2400.0,50000.0,,,,
G5480U120,Sold Out,Liberty Global Inc,2264.0,55528.0,,,,
36191G107,Sold Out,GNC HOLDINGS INC,15510.0,500000.0,,,,
697435105,New Holding,Palo Alto Networks Inc,,,1631.0,10000.0,,
146229109,Not New,CARTER'S INC,10538.0,100000.0,16965.0,190554.0,6427.0,90554.0
N47279109,New Holding,INTERXION HOLDIN,,,15561.0,450000.0,,
617446448,Sold Out,MORGAN STANLEY,38172.0,1200000.0,,,,
98954M101,Not New,Zillow Group Inc,52.0,2042.0,53.0,2042.0,1.0,0.0
81369Y209,Not New,Health Care Select Sect,1695.0,25000.0,2522.0,35000.0,827.0,10000.0
81369Y209,Not New,Health Care Select Sect,1695.0,25000.0,6412.0,89000.0,4717.0,64000.0
64110L106,Sold Out,Netflix Inc,2062.0,18031.0,,,,
64110L106,Sold Out,Netflix Inc,11438.0,100000.0,,,,
21925Y103,New Holding,CORNERSTONE ONDE,,,4752.0,145000.0,,
808513105,Sold Out,SCHWAB (CHARLES) CORP,17453.0,530000.0,,,,
24983L104,Sold Out,Dermira Inc,2596.0,75000.0,,,,
872590104,Not New,T-Mobile US Inc,6703.0,175000.0,10758.0,275000.0,4055.0,100000.0
512807108,Not New,LAM RESEARCH CORP,5369.0,65000.0,6354.0,80000.0,985.0,15000.0
22542D795,Sold Out,VelocityShares Daily Inverse V,1290.0,50000.0,,,,
76131D103,New Holding,Restaurant Brands Internationa,,,364.0,9385.0,,
893641100,Sold Out,TRANSDIGM GROUP INC,2133.0,9339.0,,,,
21870Q105,Not New,CORESITE REALTY CORP,8401.0,120000.0,18576.0,327500.0,10175.0,207500.0
375558103,Sold Out,GILEAD SCIENCES INC,2074.0,20493.0,,,,
67071B108,Not New,Nuveen Real Estate Income Fund,567.0,52293.0,555.0,52293.0,-12.0,0.0
28035Q102,Sold Out,Edgewell Personal Care Co.,11756.0,150000.0,,,,
03236MAC5,Not New,AMYRIS INC,1375.0,2000000.0,1433.0,2000000.0,58.0,0.0
N59465109,Sold Out,MYLAN LABORATORIES INC,2091.0,38678.0,,,,
61166W101,Not New,MONSANTO CO,7607.0,86702.0,1664.0,16893.0,-5943.0,-69809.0
37890U108,Sold Out,Global Blood Therapeutics Inc,1293.0,40000.0,,,,
07177M103,Sold Out,Baxalta Inc,2927.0,75000.0,,,,
06742E711,Not New,CBOE SPX VOLATILITY INDX,3522.0,200000.0,14098.0,700000.0,10576.0,500000.0
G0177J108,Sold Out,ALLERGAN INC,2130.0,6816.0,,,,
G28195116,Not New,Double Eagle Acquisition Corp,960.0,2000000.0,1140.0,2000000.0,180.0,0.0
496902404,New Holding,KINROSS GOLD CORP,,,8976.0,2640000.0,,
552953101,Not New,MGM MIRAGE,15199.0,708922.0,2140.0,94193.0,-13059.0,-614729.0
552953101,Not New,MGM MIRAGE,10720.0,500000.0,2140.0,94193.0,-8580.0,-405807.0
23306J101,Sold Out,DBV Technologies SA,3631.0,100000.0,,,,
008474108,New Holding,AGNICO-EAGLE MINES USD,,,4701.0,130000.0,,
81369Y605,Not New,AMEX FINANCIAL SELEXT SPDR.,22510.0,1000000.0,2965.0,124691.0,-19545.0,-875309.0
81369Y605,Not New,Financial Select Sector,1508.0,67000.0,2965.0,124691.0,1457.0,57691.0
66704R803,Not New,NORTHSTAR REALTY FINANCE COR,10102.0,770000.0,10218.0,600000.0,116.0,-170000.0
674599105,New Holding,OCCIDENTAL PETROLEUM CORP,,,6159.0,90000.0,,
752344309,New Holding,RANDGOLD RESOURCES LTD,,,3242.0,35700.0,,
524901105,Not New,LEGG MASON INC,10404.0,300000.0,1285.0,32752.0,-9119.0,-267248.0
01609W102,Not New,Alibaba Group Holding Ltd,33193.0,420000.0,66235.0,815000.0,33042.0,395000.0
775711104,New Holding,ROLLINS INC,,,1898.0,70000.0,,
81619Q105,Sold Out,SELECT MEDICAL HOLDINGS CORP,5729.0,481000.0,,,,
539830109,Sold Out,LOCKHEED MARTIN CORP,2910.0,13400.0,,,,
747525103,Sold Out,QUALCOMM INC,5998.0,120000.0,,,,
747525103,Sold Out,QUALCOMM INC,9297.0,186000.0,,,,
871639308,Sold Out,SYNERGY PHARMACEUTICALS INC,3771.0,665000.0,,,,
532457108,New Holding,ELI LILLY CO,,,3601.0,50000.0,,
16411R208,Sold Out,CHENIERE ENERGY INC,2025.0,54363.0,,,,
N31738102,New Holding,Fiat Chrysler Automobiles NV,,,807.0,100140.0,,
12504G100,Not New,CBRE Clarion Global Real Estat,2577.0,330000.0,2521.0,330000.0,-56.0,0.0
889478103,Not New,TOLL BROTHERS INC,937.0,31764.0,725.0,21767.0,-212.0,-9997.0
032511107,New Holding,ANADARKO PETROLEUM CORP,,,1397.0,30000.0,,
53071M104,Sold Out,Liberty Interactive Corp,5464.0,200000.0,,,,
45104G104,New Holding,ICICI BANK LTD-SPON ADR,,,9308.0,1300000.0,,
189754104,Sold Out,COACH INC,8183.0,250000.0,,,,
88033G407,Sold Out,TENET HEALTHCARE CORP,1217.0,40156.0,,,,
16411RAG4,Not New,CHENIERE ENERGY INC,3116.0,6000000.0,3164.0,6000000.0,48.0,0.0
00191R109,Not New,AR Capital Acquisition Corp,12374.0,1256195.0,14303.0,1470000.0,1929.0,213805.0
G27823106,Sold Out,Delphi Automotive PLC,20575.0,240000.0,,,,
G7496G103,Sold Out,RENAISSANCERE HOLDINGS LTD,3396.0,30000.0,,,,
55608B105,Sold Out,MACQUARIE INFRASTRUCTURE CO,2182.0,30057.0,,,,
124857202,Not New,CBS CORP-CLASS B,5509.0,100000.0,7070.0,150000.0,1561.0,50000.0
679580100,Sold Out,OLD DOMINION FREIGHT LINE,933.0,15800.0,,,,
57772K101,New Holding,MAXIM INTEGRATED PRODUCTS,,,3678.0,100000.0,,
98462Y100,New Holding,YAMANA GOLD INC,,,2934.0,965000.0,,
156782104,Sold Out,CERNER CORP,9627.0,160000.0,,,,
G5785G107,Sold Out,Mallinckrodt PLC,1269.0,16998.0,,,,
903293405,Sold Out,USG CORP,3644.0,150000.0,,,,
655044105,New Holding,NOBLE ENERGY INC,,,7036.0,224000.0,,
G47791101,Not New,INGERSOLL-RAND CO LTD-CL A,20369.0,328474.0,19153.0,346418.0,-1216.0,17944.0
608190104,Sold Out,MOHAWK INDUSTRIES INC,1287.0,6797.0,,,,
70450Y103,Sold Out,PayPal Holdings Inc,2070.0,57171.0,,,,
644535106,New Holding,NEW GOLD INC,,,811.0,217500.0,,
47215P106,Not New,JD.com Inc,5698.0,215000.0,9199.0,285095.0,3501.0,70095.0
126408103,Not New,CSX CORP,3219.0,125000.0,2151.0,82880.0,-1068.0,-42120.0
169656105,New Holding,CHIPOTLE MEXICAN GRILL-CL A,,,2355.0,5000.0,,
464288513,New Holding,Liquid High Yield,,,20423.0,250000.0,,
02376R102,Sold Out,American Airlines Group Inc,2057.0,48563.0,,,,
G97822103,Sold Out,Perrigo Co Plc,2078.0,14364.0,,,,
364760108,Not New,GAP INC/THE,5880.0,200000.0,2915.0,118000.0,-2965.0,-82000.0
464287242,New Holding,ISHARES IBOXX INV GR CORP BD,,,13070.0,110000.0,,
067901108,New Holding,BARRICK GOLD CORP,,,25802.0,1900000.0,,
690742101,Sold Out,OWENS CORNING INC,8137.0,173014.0,,,,
690768403,Not New,OWENS-ILLINOIS INC,8942.0,560245.0,8682.0,498396.0,-260.0,-61849.0
98954M200,Not New,Zillow Inc,237.0,9991.0,325.0,13821.0,88.0,3830.0
011532108,New Holding,Alamos Gold Inc,,,434.0,82000.0,,
78463V107,New Holding,SPDR GOLD TRUST,,,54096.0,460000.0,,
78463V107,New Holding,SPDR GOLD TRUST,,,8820.0,75000.0,,
16411W108,Not New,Cheniere Energy Partners LP Ho,21782.0,1206088.0,22214.0,1276688.0,432.0,70600.0
30212P303,Sold Out,EXPEDIA INC,1278.0,10284.0,,,,
960413102,Not New,WESTLAKE CHEMICAL CORP,17668.0,381600.0,18556.0,341600.0,888.0,-40000.0
88732J207,Sold Out,TIME WARNER CABLE-A,3443.0,18549.0,,,,
92826C839,Not New,VISA INC-CLASS A SHRS,11472.0,150000.0,16833.0,217058.0,5361.0,67058.0
464288281,New Holding,iShares JPMorgan USD Emerging,,,6897.0,62500.0,,
656568AE2,New Holding,NORTEL NETWORKS 2.125% 04/15/2014,,,3430.0,4000000.0,,
881624209,Sold Out,TEVA PHARMACEUTICAL IND LTD,2100.0,31994.0,,,,
881624209,Sold Out,TEVA PHARMACEUTICAL IND LTD,6564.0,100000.0,,,,
85590A401,Sold Out,STARWOOD HOTELS RESORTS,1288.0,18588.0,,,,
G3198U102,Sold Out,Essent Group Ltd,1095.0,50000.0,,,,
92939D104,Not New,WL Ross Holding Corp,14042.0,1400000.0,14940.0,1500000.0,898.0,100000.0
204448104,New Holding,CIA DE MINAS BUENAVENTUR-ADR,,,474.0,64400.0,,
374396208,Sold Out,GEVO INC,31.0,50000.0,,,,
87165B103,Sold Out,Synchrony Financial,29650.0,975000.0,,,,
443510607,Not New,Hubbell Inc,23671.0,223459.0,20606.0,203943.0,-3065.0,-19516.0
582839106,Sold Out,MEAD JOHNSON NUTRITION CO-A,2369.0,30000.0,,,,
90400D108,Sold Out,Ultragenyx Pharmaceutical Inc,3590.0,32000.0,,,,
297425100,New Holding,ESTERLINE TECHNOLOGIES CORP,,,5068.0,79100.0,,
693506107,Not New,PPG INDS INC,17891.0,160471.0,19208.0,194370.0,1317.0,33899.0
750086100,Sold Out,RACKSPACE HOSTING INC,6330.0,250000.0,,,,
90384S303,New Holding,ULTA SALON COSMETICS FRAGR,,,4844.0,25000.0,,
05329W102,Sold Out,AUTONATION INC,17600.0,295000.0,,,,
174610105,Sold Out,Citizens Financial Group Inc,27500.0,1050000.0,,,,
084670702,Sold Out,BERKSHIRE HATHAWAY INC-CL B,2090.0,15825.0,,,,
701094104,New Holding,PARKER HANNIFIN CORP,,,1909.0,17184.0,,
245496112,Not New,DEL TACO RESTAURANTS INC,245.0,100000.0,290.0,100000.0,45.0,0.0
04621X108,New Holding,ASSURANT INC,,,11573.0,150000.0,,
717081103,New Holding,PFIZER INC,,,5928.0,200000.0,,
74874U119,Not New,Quinpario Acquisition Corp 2,326.0,1715000.0,352.0,1715000.0,26.0,0.0
81369Y308,Not New,Cons Staples Select Sect,31353.0,591000.0,20751.0,411000.0,-10602.0,-180000.0
88104P104,Not New,Terrapin 3 Acquisition Corp,6944.0,700000.0,6902.0,700000.0,-42.0,0.0
92927K102,New Holding,WABCO HOLDINGS INC,,,13130.0,122800.0,,
231021106,Sold Out,CUMMINS INC,18476.0,209929.0,,,,
88104P112,Not New,Terrapin 3 Acquisition Corp,210.0,700000.0,210.0,700000.0,0.0,0.0
666807102,Sold Out,NORTHROP GRUMMAN CORP,8704.0,46100.0,,,,
382866101,Not New,Gores Holdings Inc,16575.0,1700000.0,17000.0,1700000.0,425.0,0.0
438516106,Sold Out,Honeywell International Inc,18055.0,174330.0,,,,
30231G102,New Holding,EXXON MOBIL CORP,,,258.0,3091.0,,
46428Q109,New Holding,ISHARES SILVER TRUST ISHARES,,,3670.0,250000.0,,
00287Y109,Sold Out,AbbVie Inc,2147.0,36243.0,,,,
651290108,Not New,NEWFIELD EXPLORATION CO,6983.0,210000.0,3256.0,100000.0,-3727.0,-110000.0
37045V100,Sold Out,GENERAL MOTORS CORP,2081.0,61178.0,,,,
40412C101,Sold Out,HCA HOLDINGS INC.,8792.0,130000.0,,,,
61174X109,Not New,MONSTER BEVERAGE CORP,6669.0,50000.0,8938.0,60000.0,2269.0,10000.0
61174X109,Not New,MONSTER BEVERAGE CORP,6669.0,50000.0,14896.0,100000.0,8227.0,50000.0
773903109,New Holding,ROCKWELL AUTOMATION INC,,,6427.0,56500.0,,
464287234,New Holding,MSCI Daily TR Net Emerging Mar,,,8563.0,250000.0,,
464287234,New Holding,MSCI Daily TR Net Emerging Mar,,,77063.0,2250000.0,,
55024U109,New Holding,Lumentum Holdings Inc,,,8496.0,315000.0,,
931427108,Sold Out,WALGREENS BOOTS ALLIANCE INC,2091.0,24554.0,,,,
66705Y104,Sold Out,NorthStar Asset Management Cor,2428.0,200000.0,,,,
81369Y704,Not New,Industrial Select Sector,7797.0,140571.0,1356.0,25571.0,-6441.0,-115000.0
058498106,Sold Out,BALL CORP,9091.0,125000.0,,,,
369604103,Sold Out,GENERAL ELECTRIC CO,2140.0,68685.0,,,,
574599106,Sold Out,MASCO CORP,5660.0,200000.0,,,,
78464A797,New Holding,SP Bank Select Indust TR,,,2126.0,70000.0,,
741503403,Sold Out,PRICELINE.COM INC,2120.0,1663.0,,,,
336433107,New Holding,FIRST SOLAR INC,,,2280.0,33300.0,,
655844108,Sold Out,NORFOLK SOUTHERN CORP,379.0,4481.0,,,,
74874U101,Not New,Quinpario Acquisition Corp 2,16738.0,1715000.0,16636.0,1715000.0,-102.0,0.0
98978V103,New Holding,Zoetis Inc,,,612.0,13808.0,,
92342Y109,New Holding,VERIFONE HOLDINGS INC,,,1412.0,50000.0,,
N20944109,Not New,CNH Industrial NV,959.0,141927.0,812.0,118669.0,-147.0,-23258.0
609207105,Sold Out,Mondelez International Inc.,12331.0,275000.0,,,,
629377508,Sold Out,NRG ENERGY INC,5885.0,500000.0,,,,
896945201,Not New,TripAdvisor Inc,4655.0,70000.0,5541.0,65000.0,886.0,-5000.0
984332106,Sold Out,YAHOO INC,8314.0,249965.0,,,,
46625H100,Sold Out,JPMORGAN CHASE CO,51623.0,781813.0,,,,
125581801,Sold Out,CIT GROUP INC,30768.0,775000.0,,,,
23283R100,Not New,CyrusOne Inc,13695.0,300000.0,11235.0,300000.0,-2460.0,0.0
200340107,New Holding,COMERICA INC,,,947.0,25000.0,,
427746102,Sold Out,Heron Therapeutics Inc,1736.0,65000.0,,,,
382866119,Not New,Gores Holdings Inc,425.0,1700000.0,680.0,1700000.0,255.0,0.0
82811P200,New Holding,Silver Run Acquisition Corp,,,18630.0,1800000.0,,
78462F103,Not New,S&P 500 INDEX,14389.0,70000.0,40778.0,200000.0,26389.0,130000.0
78486Q101,New Holding,SVB FINANCIAL GROUP,,,9695.0,95000.0,,
444859102,Sold Out,HUMANA INC,2120.0,11874.0,,,,
20030N101,New Holding,COMCAST CORP-CL A,,,8551.0,140000.0,,
412822108,New Holding,HARLEY-DAVIDSON INC.,,,8983.0,175000.0,,
78464A714,Not New,S&P RETAIL SELECT INDUST,17318.0,375000.0,8648.0,200000.0,-8670.0,-175000.0
452308109,Not New,ILLINOIS TOOL WORKS,15475.0,151060.0,9731.0,105000.0,-5744.0,-46060.0
023135106,Not New,AMAZON.COM INC,46601.0,78500.0,103882.0,153697.0,57281.0,75197.0
16117M305,Sold Out,CHARTER COMMUNICATIONS-CL A,2137.0,11673.0,,,,
45866F104,Sold Out,INTERCONTINENTALEXCHANGE INC,33314.0,130000.0,,,,
031100100,Not New,AMETEK INC,21291.0,426000.0,7331.0,136800.0,-13960.0,-289200.0
98936J101,Not New,Zendesk Inc,4186.0,200000.0,6400.0,242059.0,2214.0,42059.0
260543103,Sold Out,DOW CHEMICAL,2574.0,50000.0,,,,
032654105,New Holding,ANALOG DEVICES,,,12607.0,213000.0,,
G29183103,Not New,EATON CORP,6597.0,105454.0,1169.0,22472.0,-5428.0,-82982.0
37954X113,Not New,Global Partner Acquisition Cor,150.0,600000.0,172.0,600000.0,22.0,0.0
464287184,Not New,FTSE China 25 Index,16885.0,500000.0,353.0,10000.0,-16532.0,-490000.0
464287184,Not New,FTSE China 25 Index,50655.0,1500000.0,353.0,10000.0,-50302.0,-1490000.0
46120E602,Sold Out,INTUITIVE SURGICAL INC,9831.0,18000.0,,,,
32008D106,Sold Out,FIRST DATA CORP,8811.0,550000.0,,,,
03152W109,Sold Out,Amicus Therapeutics Inc,1213.0,125000.0,,,,
38141G104,Sold Out,GOLDMAN SACHS GROUP INC.,32441.0,180000.0,,,,
278865100,Not New,ECOLAB INC,14196.0,127300.0,3971.0,34718.0,-10225.0,-92582.0
68389X105,New Holding,ORACLE CORP,,,2864.0,70000.0,,
459200101,New Holding,INTERNATIONAL BUSINESS MACHINE US.,,,1469.0,9700.0,,
78464A888,New Holding,S&P HOMEBUILDING SEL IND,,,50760.0,1500000.0,,
V7780T103,Sold Out,ROYAL CARIBBEAN CRUISES LTD,11133.0,110000.0,,,,
911363109,Sold Out,UNITED RENTALS INC,110.0,1513.0,,,,
64190A103,Not New,Neuberger Berman Real Estate S,1181.0,232090.0,1163.0,232090.0,-18.0,0.0
413875105,Sold Out,HARRIS CORP,8690.0,100000.0,,,,
540424108,New Holding,LOEWS CORP,,,1781.0,46560.0,,
33733E302,Not New,DJ INTERNET COMP INDEX,4302.0,63000.0,11042.0,148000.0,6740.0,85000.0
976391300,Not New,WINTHROP REALTY TRUST,3191.0,243037.0,3152.0,243037.0,-39.0,0.0
60871R209,Sold Out,MOLSON COORS BREWING CO -B,10691.0,113834.0,,,,
530715AG6,Sold Out,LIBERTY MEDIA CORP,8229.0,14500000.0,,,,
966244105,Sold Out,WhiteWave Foods Co/The,16537.0,425000.0,,,,
46116X101,Sold Out,Intra-Cellular Therapies Inc,2421.0,45000.0,,,,
21036P108,Not New,CONSTELLATION BRANDS INC-A,24930.0,165000.0,36874.0,258877.0,11944.0,93877.0
81369Y886,Not New,Utilities Select Sector,32600.0,657000.0,23804.0,550000.0,-8796.0,-107000.0
521865204,Sold Out,LEAR CORP,7984.0,65000.0,,,,
G40357124,Not New,GP Investments Acquisition Cor,7019.0,735000.0,7063.0,735000.0,44.0,0.0
056752108,Not New,BAIDU.COM - SPON ADR.,14316.0,75000.0,2058.0,10889.0,-12258.0,-64111.0
10157Q102,Not New,Boulevard Acquisition Corp,14520.0,1500000.0,14850.0,1500000.0,330.0,0.0
36197T103,Sold Out,GW Pharmaceuticals PLC,2812.0,40500.0,,,,
14040H105,New Holding,CAPITAL ONE FINANCIAL CORP,,,8664.0,125000.0,,
595017104,New Holding,MICROCHIP TECHNOLOGY INC,,,9640.0,200000.0,,
235851102,Not New,DANAHER CORP,6963.0,73407.0,3611.0,38883.0,-3352.0,-34524.0
G6564A105,New Holding,Nomad Foods Ltd,,,901.0,100000.0,,
369550108,Sold Out,GENERAL DYNAMICS CORP,2733.0,19900.0,,,,
125269100,Sold Out,CF INDUSTRIES HOLDINGS INC,4081.0,100000.0,,,,
125269100,Sold Out,CF INDUSTRIES HOLDINGS INC,8067.0,197670.0,,,,
27616L102,Not New,Easterly Acquisition Corp,8547.0,882000.0,8732.0,882000.0,185.0,0.0
035128206,New Holding,ANGLOGOLD ASHANTI LTD,,,2875.0,210000.0,,
535219117,Not New,Lindblad Expeditions Holdings,1120.0,441000.0,1345.0,441000.0,225.0,0.0
