CUSIP,status,NAME OF ISSUER,(x$1000)_old,PRN AMT_old,(x$1000),PRN AMT,(x$1000)_change,PRN AMT_change
44930G107,Sold Out,ICU MED INC,3502.0,22934.0,,,,
267475101,Not New,DYCOM INDS INC,55702.0,622227.0,61877.0,665701.0,6175.0,43474.0
G16962105,New Holding,BUNGE LIMITED,,,3785.0,50738.0,,
G16962105,New Holding,BUNGE LIMITED,,,132918.0,1781738.0,,
60855R100,New Holding,MOLINA HEALTHCARE INC,,,1050.0,15184.0,,
60855R100,New Holding,MOLINA HEALTHCARE INC,,,18239.0,263640.0,,
110122108,Sold Out,BRISTOL MYERS SQUIBB CO,36957.0,679600.0,,,,
110122108,Sold Out,BRISTOL MYERS SQUIBB CO,2300.0,42300.0,,,,
226718104,Sold Out,CRITEO S A,2928.0,58569.0,,,,
36164Y101,Not New,GCP APPLIED TECHNOLOGIES INC,513.0,16833.0,25287.0,774483.0,24774.0,757650.0
36164Y101,Not New,GCP APPLIED TECHNOLOGIES INC,41828.0,1371401.0,25287.0,774483.0,-16541.0,-596918.0
61166W101,Not New,MONSANTO CO NEW,14254.0,120428.0,452431.0,3996736.0,438177.0,3876308.0
61166W101,Not New,MONSANTO CO NEW,14254.0,120428.0,10231.0,90380.0,-4023.0,-30048.0
61166W101,Not New,MONSANTO CO NEW,488887.0,4130505.0,452431.0,3996736.0,-36456.0,-133769.0
61166W101,Not New,MONSANTO CO NEW,488887.0,4130505.0,10231.0,90380.0,-478656.0,-4040125.0
37890U108,Sold Out,GLOBAL BLOOD THERAPEUTICS IN,4238.0,115000.0,,,,
903914208,New Holding,ULTRA PETROLEUM CORP,,,18814.0,1733974.0,,
16119P108,Sold Out,CHARTER COMMUNICATIONS INC N,14053.0,42932.0,,,,
16119P108,Sold Out,CHARTER COMMUNICATIONS INC N,1011.0,3088.0,,,,
302491303,Not New,F M C CORP,6927.0,94830.0,160492.0,2306257.0,153565.0,2211427.0
302491303,Not New,F M C CORP,6927.0,94830.0,7332.0,105367.0,405.0,10537.0
302491303,Not New,F M C CORP,140711.0,1926235.0,160492.0,2306257.0,19781.0,380022.0
302491303,Not New,F M C CORP,140711.0,1926235.0,7332.0,105367.0,-133379.0,-1820868.0
36729W202,Not New,GASTAR EXPL INC NEW,5047.0,5450000.0,8393.0,5450000.0,3346.0,0.0
42210P102,Sold Out,HEADWATERS INC,4592.0,195570.0,,,,
42210P102,Sold Out,HEADWATERS INC,932.0,39714.0,,,,
004225108,New Holding,ACADIA PHARMACEUTICALS INC,,,3347.0,120004.0,,
585464100,Not New,MELCO RESORT ENTERTAINMENT L,7301.0,325229.0,17150.0,925000.0,9849.0,599771.0
339041105,New Holding,FLEETCOR TECHNOLOGIES INC,,,19629.0,136113.0,,
69840W108,New Holding,PANERA BREAD CO,,,2113.0,6716.0,,
69840W108,New Holding,PANERA BREAD CO,,,32824.0,104321.0,,
53071M856,Sold Out,LIBERTY INTERACTIVE CORP,5513.0,123935.0,,,,
305560302,Not New,FAIRPOINT COMMUNICATIONS INC,3678.0,235000.0,3030.0,182501.0,-648.0,-52499.0
N6596X109,Not New,NXP SEMICONDUCTORS N V,15983.0,146031.0,315117.0,3044606.0,299134.0,2898575.0
N6596X109,Not New,NXP SEMICONDUCTORS N V,15983.0,146031.0,15114.0,146031.0,-869.0,0.0
N6596X109,Not New,NXP SEMICONDUCTORS N V,572560.0,5231251.0,315117.0,3044606.0,-257443.0,-2186645.0
N6596X109,Not New,NXP SEMICONDUCTORS N V,572560.0,5231251.0,15114.0,146031.0,-557446.0,-5085220.0
81369Y704,New Holding,SELECT SECTOR SPDR TR,,,25214.0,370200.0,,
966837106,New Holding,WHOLE FOODS MKT INC,,,3412.0,81025.0,,
966837106,New Holding,WHOLE FOODS MKT INC,,,56248.0,1335729.0,,
703481101,Not New,PATTERSON UTI ENERGY INC,16227.0,803713.0,4378.0,180380.0,-11849.0,-623333.0
Y09827109,Not New,BROADCOM LTD,5495.0,23577.0,83649.0,382030.0,78154.0,358453.0
Y09827109,Not New,BROADCOM LTD,5495.0,23577.0,5162.0,23577.0,-333.0,0.0
Y09827109,Not New,BROADCOM LTD,5495.0,23577.0,2474.0,11300.0,-3021.0,-12277.0
Y09827109,Not New,BROADCOM LTD,83986.0,360377.0,83649.0,382030.0,-337.0,21653.0
Y09827109,Not New,BROADCOM LTD,83986.0,360377.0,5162.0,23577.0,-78824.0,-336800.0
Y09827109,Not New,BROADCOM LTD,83986.0,360377.0,2474.0,11300.0,-81512.0,-349077.0
Y09827109,Not New,BROADCOM LTD,11280.0,48400.0,83649.0,382030.0,72369.0,333630.0
Y09827109,Not New,BROADCOM LTD,11280.0,48400.0,5162.0,23577.0,-6118.0,-24823.0
Y09827109,Not New,BROADCOM LTD,11280.0,48400.0,2474.0,11300.0,-8806.0,-37100.0
G0551A103,Sold Out,ARRIS INTL INC,6007.0,227103.0,,,,
698354107,Sold Out,PANDORA MEDIA INC,20025.0,1695623.0,,,,
222070203,Not New,COTY INC,1802.0,96063.0,102252.0,5639942.0,100450.0,5543879.0
222070203,Not New,COTY INC,1802.0,96063.0,1935.0,106737.0,133.0,10674.0
222070203,Not New,COTY INC,90469.0,4822441.0,102252.0,5639942.0,11783.0,817501.0
222070203,Not New,COTY INC,90469.0,4822441.0,1935.0,106737.0,-88534.0,-4715704.0
878742204,Not New,TECK RESOURCES LTD,12863.0,742246.0,37584.0,1716180.0,24721.0,973934.0
878742204,Not New,TECK RESOURCES LTD,12863.0,742246.0,2282.0,104182.0,-10581.0,-638064.0
878742204,Not New,TECK RESOURCES LTD,12863.0,742246.0,8760.0,400000.0,-4103.0,-342246.0
19075F106,Sold Out,COBALT INTL ENERGY INC,533.0,1000000.0,,,,
044186104,Not New,ASHLAND GLOBAL HLDGS INC,1883.0,28568.0,118631.0,958167.0,116748.0,929599.0
044186104,Not New,ASHLAND GLOBAL HLDGS INC,1883.0,28568.0,3537.0,28568.0,1654.0,0.0
044186104,Not New,ASHLAND GLOBAL HLDGS INC,59297.0,899660.0,118631.0,958167.0,59334.0,58507.0
044186104,Not New,ASHLAND GLOBAL HLDGS INC,59297.0,899660.0,3537.0,28568.0,-55760.0,-871092.0
78410G104,Not New,SBA COMMUNICATIONS CORP NEW,5237.0,38819.0,8048.0,66864.0,2811.0,28045.0
887317303,Not New,TIME WARNER INC,18475.0,183992.0,180614.0,1848469.0,162139.0,1664477.0
887317303,Not New,TIME WARNER INC,18475.0,183992.0,10134.0,103715.0,-8341.0,-80277.0
887317303,Not New,TIME WARNER INC,306014.0,3047641.0,180614.0,1848469.0,-125400.0,-1199172.0
887317303,Not New,TIME WARNER INC,306014.0,3047641.0,10134.0,103715.0,-295880.0,-2943926.0
82706C108,Not New,SILICON MOTION TECHNOLOGY CO,8476.0,175731.0,10831.0,231679.0,2355.0,55948.0
958102105,Not New,WESTERN DIGITAL CORP,12435.0,140347.0,8723.0,105690.0,-3712.0,-34657.0
958102105,Not New,WESTERN DIGITAL CORP,8833.0,99700.0,8723.0,105690.0,-110.0,5990.0
552074700,Not New,LYON WILLIAM HOMES,4828.0,200000.0,4124.0,200000.0,-704.0,0.0
80007P869,Not New,SANDRIDGE ENERGY INC,17038.0,990000.0,18305.0,990000.0,1267.0,0.0
896945201,Not New,TRIPADVISOR INC,11387.0,298092.0,18640.0,431874.0,7253.0,133782.0
111621306,Not New,BROCADE COMMUNICATIONS SYS I,9904.0,785396.0,63817.0,5113569.0,53913.0,4328173.0
111621306,Not New,BROCADE COMMUNICATIONS SYS I,9904.0,785396.0,9668.0,774680.0,-236.0,-10716.0
111621306,Not New,BROCADE COMMUNICATIONS SYS I,63861.0,5064351.0,63817.0,5113569.0,-44.0,49218.0
111621306,Not New,BROCADE COMMUNICATIONS SYS I,63861.0,5064351.0,9668.0,774680.0,-54193.0,-4289671.0
984332106,Sold Out,YAHOO INC,113100.0,2436975.0,,,,
984332106,Sold Out,YAHOO INC,7373.0,158863.0,,,,
292766102,Not New,ENERPLUS CORP,17661.0,2177131.0,19013.0,2364280.0,1352.0,187149.0
24703L103,Not New,DELL TECHNOLOGIES INC,9183.0,150268.0,66094.0,1031432.0,56911.0,881164.0
24703L103,Not New,DELL TECHNOLOGIES INC,9183.0,150268.0,8526.0,133054.0,-657.0,-17214.0
24703L103,Not New,DELL TECHNOLOGIES INC,62106.0,1016304.0,66094.0,1031432.0,3988.0,15128.0
24703L103,Not New,DELL TECHNOLOGIES INC,62106.0,1016304.0,8526.0,133054.0,-53580.0,-883250.0
067383109,New Holding,BARD C R INC,,,9280.0,29358.0,,
067383109,New Holding,BARD C R INC,,,113398.0,358728.0,,
464287655,New Holding,ISHARES TR,,,49547.0,351600.0,,
34958B106,Not New,FORTRESS INVESTMENT GROUP LL,9878.0,1236289.0,45426.0,5713967.0,35548.0,4477678.0
34958B106,Not New,FORTRESS INVESTMENT GROUP LL,9878.0,1236289.0,8293.0,1043108.0,-1585.0,-193181.0
34958B106,Not New,FORTRESS INVESTMENT GROUP LL,44416.0,5558955.0,45426.0,5713967.0,1010.0,155012.0
34958B106,Not New,FORTRESS INVESTMENT GROUP LL,44416.0,5558955.0,8293.0,1043108.0,-36123.0,-4515847.0
444859102,Not New,HUMANA INC,7134.0,29648.0,34982.0,169698.0,27848.0,140050.0
444859102,Not New,HUMANA INC,7134.0,29648.0,2001.0,9705.0,-5133.0,-19943.0
444859102,Not New,HUMANA INC,87698.0,364467.0,34982.0,169698.0,-52716.0,-194769.0
444859102,Not New,HUMANA INC,87698.0,364467.0,2001.0,9705.0,-85697.0,-354762.0
378973408,Not New,GLOBALSTAR INC,1100.0,516250.0,27925.0,17453186.0,26825.0,16936936.0
378973408,Not New,GLOBALSTAR INC,23361.0,10967613.0,27925.0,17453186.0,4564.0,6485573.0
655664100,New Holding,NORDSTROM INC,,,4207.0,87955.0,,
655664100,New Holding,NORDSTROM INC,,,71416.0,1493128.0,,
24906P109,New Holding,DENTSPLY SIRONA INC,,,1024.0,15789.0,,
24906P109,New Holding,DENTSPLY SIRONA INC,,,16929.0,261093.0,,
456837AF0,Not New,ING GROEP N V,39150.0,37286000.0,37146.0,37286000.0,-2004.0,0.0
G9108L108,Not New,TSAKOS ENERGY NAVIGATION LTD,2326.0,484684.0,2322.0,484684.0,-4.0,0.0
52729N308,Not New,LEVEL 3 COMMUNICATIONS INC,9628.0,162365.0,180091.0,3147346.0,170463.0,2984981.0
52729N308,Not New,LEVEL 3 COMMUNICATIONS INC,9628.0,162365.0,13036.0,227826.0,3408.0,65461.0
52729N308,Not New,LEVEL 3 COMMUNICATIONS INC,248327.0,4187639.0,180091.0,3147346.0,-68236.0,-1040293.0
52729N308,Not New,LEVEL 3 COMMUNICATIONS INC,248327.0,4187639.0,13036.0,227826.0,-235291.0,-3959813.0
456837AE3,Not New,ING GROEP N V,13009.0,12715000.0,24672.0,24765000.0,11663.0,12050000.0
16938C106,Not New,CHINA BIOLOGIC PRODS INC,9074.0,80229.0,9667.0,96544.0,593.0,16315.0
704551100,New Holding,PEABODY ENERGY CORP NEW,,,5863.0,239799.0,,
G25839104,Not New,COCA COLA EUROPEAN PARTNERS,56792.0,1396403.0,57560.0,1527193.0,768.0,130790.0
Y1771G102,Not New,COSTAMARE INC,8407.0,1150000.0,7659.0,1150000.0,-748.0,0.0
12674R100,Not New,C&J ENERGY SVCS INC NEW,10281.0,300000.0,17025.0,500000.0,6744.0,200000.0
56585A102,Sold Out,MARATHON PETE CORP,18591.0,367845.0,,,,
56585A102,Sold Out,MARATHON PETE CORP,1286.0,25444.0,,,,
126408103,Sold Out,CSX CORP,7755.0,166602.0,,,,
021346101,New Holding,ALTABA INC,,,8586.0,157601.0,,
021346101,New Holding,ALTABA INC,,,237116.0,4352347.0,,
M37605124,Not New,ELBIT IMAGING LTD,5117.0,1802428.0,5965.0,1802428.0,848.0,0.0
G5480U104,New Holding,LIBERTY GLOBAL PLC,,,3212.0,100003.0,,
G5480U104,New Holding,LIBERTY GLOBAL PLC,,,133197.0,4146871.0,,
584688105,Sold Out,MEDICINES CO,3668.0,75000.0,,,,
37518B102,New Holding,GIGAMON INC,,,6579.0,167202.0,,
49309J103,Sold Out,KEY ENERGY SVCS INC DEL,1161.0,50000.0,,,,
N22035104,Not New,CONSTELLIUM NV,8280.0,1200000.0,7800.0,1200000.0,-480.0,0.0
G0684D107,New Holding,ATHENE HLDG LTD,,,2048.0,41278.0,,
G0684D107,New Holding,ATHENE HLDG LTD,,,39979.0,805871.0,,
82481R106,Not New,SHIRE PLC,90188.0,545699.0,97876.0,561766.0,7688.0,16067.0
82481R106,Not New,SHIRE PLC,90188.0,545699.0,2886.0,16566.0,-87302.0,-529133.0
73935A104,Not New,POWERSHARES QQQ TRUST,32166.0,233700.0,43301.0,327100.0,11135.0,93400.0
01449J105,Not New,ALERE INC,10102.0,201285.0,12245.0,308204.0,2143.0,106919.0
01449J105,Not New,ALERE INC,78007.0,1554226.0,12245.0,308204.0,-65762.0,-1246022.0
966244105,Sold Out,WHITEWAVE FOODS CO,306466.0,5457996.0,,,,
966244105,Sold Out,WHITEWAVE FOODS CO,7722.0,137532.0,,,,
767204100,Sold Out,RIO TINTO PLC,21087.0,518373.0,,,,
767204100,Sold Out,RIO TINTO PLC,1100.0,27037.0,,,,
00762W107,New Holding,ADVISORY BRD CO,,,673.0,13066.0,,
00762W107,New Holding,ADVISORY BRD CO,,,11519.0,223667.0,,
09075E100,Sold Out,BIOVERATIV INC,20419.0,374930.0,,,,
896047503,Not New,TRIBUNE MEDIA CO,4007.0,98280.0,17736.0,475871.0,13729.0,377591.0
896047503,Not New,TRIBUNE MEDIA CO,4007.0,98280.0,987.0,26471.0,-3020.0,-71809.0
896047503,Not New,TRIBUNE MEDIA CO,59161.0,1451099.0,17736.0,475871.0,-41425.0,-975228.0
896047503,Not New,TRIBUNE MEDIA CO,59161.0,1451099.0,987.0,26471.0,-58174.0,-1424628.0
887228104,Sold Out,TIME INC NEW,10643.0,550000.0,,,,
98980A105,New Holding,ZTO EXPRESS CAYMAN INC,,,7516.0,538426.0,,
42824C109,Sold Out,HEWLETT PACKARD ENTERPRISE C,21840.0,921502.0,,,,
42824C109,Sold Out,HEWLETT PACKARD ENTERPRISE C,1061.0,44764.0,,,,
582839106,Sold Out,MEAD JOHNSON NUTRITION CO,301293.0,3382274.0,,,,
582839106,Sold Out,MEAD JOHNSON NUTRITION CO,8395.0,94239.0,,,,
28106W103,Not New,EDITAS MEDICINE INC,2591.0,154407.0,3348.0,150000.0,757.0,-4407.0
925550105,Not New,VIAVI SOLUTIONS INC,8628.0,819346.0,7294.0,680368.0,-1334.0,-138978.0
761713106,Not New,REYNOLDS AMERICAN INC,9555.0,146908.0,375173.0,5953237.0,365618.0,5806329.0
761713106,Not New,REYNOLDS AMERICAN INC,9555.0,146908.0,13325.0,211440.0,3770.0,64532.0
761713106,Not New,REYNOLDS AMERICAN INC,382049.0,5874062.0,375173.0,5953237.0,-6876.0,79175.0
761713106,Not New,REYNOLDS AMERICAN INC,382049.0,5874062.0,13325.0,211440.0,-368724.0,-5662622.0
N51488117,New Holding,MOBILEYE N V AMSTELVEEN,,,4163.0,66289.0,,
45329R109,Sold Out,INC RESH HLDGS INC,5041.0,109945.0,,,,
001547108,Not New,AK STL HLDG CORP,7580.0,1153796.0,18187.0,2529538.0,10607.0,1375742.0
21925Y103,Sold Out,CORNERSTONE ONDEMAND INC,4575.0,117632.0,,,,
92220P105,New Holding,VARIAN MED SYS INC,,,1473.0,14278.0,,
92220P105,New Holding,VARIAN MED SYS INC,,,56727.0,549737.0,,
09061G101,Not New,BIOMARIN PHARMACEUTICAL INC,54586.0,601040.0,53167.0,605679.0,-1419.0,4639.0
40537Q605,Sold Out,HALCON RES CORP,4620.0,600000.0,,,,
872590104,Not New,T MOBILE US INC,2763.0,45581.0,51375.0,795400.0,48612.0,749819.0
872590104,Not New,T MOBILE US INC,2763.0,45581.0,3217.0,49800.0,454.0,4219.0
872590104,Not New,T MOBILE US INC,65975.0,1088337.0,51375.0,795400.0,-14600.0,-292937.0
872590104,Not New,T MOBILE US INC,65975.0,1088337.0,3217.0,49800.0,-62758.0,-1038537.0
751212101,Not New,RALPH LAUREN CORP,14170.0,192000.0,20843.0,255362.0,6673.0,63362.0
25470M109,Not New,DISH NETWORK CORP,5767.0,91893.0,99164.0,1561881.0,93397.0,1469988.0
25470M109,Not New,DISH NETWORK CORP,5767.0,91893.0,6845.0,107817.0,1078.0,15924.0
25470M109,Not New,DISH NETWORK CORP,81035.0,1291188.0,99164.0,1561881.0,18129.0,270693.0
25470M109,Not New,DISH NETWORK CORP,81035.0,1291188.0,6845.0,107817.0,-74190.0,-1183371.0
