CUSIP,status,NAME OF ISSUER,(x$1000)_old,PRN AMT_old,(x$1000),PRN AMT,(x$1000)_change,PRN AMT_change
209034107,Not New,CONSOLIDATED COMM HLDGS INC,9512.0,780301.0,10592.0,555134.0,1080.0,-225167.0
267475101,Not New,DYCOM INDS INC,51919.0,465937.0,53352.0,621237.0,1433.0,155300.0
G16962105,Not New,BUNGE LIMITED,2855.0,42554.0,3695.0,53192.0,840.0,10638.0
G16962105,Not New,BUNGE LIMITED,2855.0,42554.0,134877.0,1941790.0,132022.0,1899236.0
G16962105,Not New,BUNGE LIMITED,112339.0,1674697.0,3695.0,53192.0,-108644.0,-1621505.0
G16962105,Not New,BUNGE LIMITED,112339.0,1674697.0,134877.0,1941790.0,22538.0,267093.0
15135B101,New Holding,CENTENE CORP DEL,,,868.0,8601.0,,
15135B101,New Holding,CENTENE CORP DEL,,,12561.0,124510.0,,
36164Y101,Not New,GCP APPLIED TECHNOLOGIES INC,1088.0,34117.0,1047.0,34117.0,-41.0,0.0
36164Y101,Not New,GCP APPLIED TECHNOLOGIES INC,1088.0,34117.0,53363.0,1738218.0,52275.0,1704101.0
36164Y101,Not New,GCP APPLIED TECHNOLOGIES INC,51245.0,1606423.0,1047.0,34117.0,-50198.0,-1572306.0
36164Y101,Not New,GCP APPLIED TECHNOLOGIES INC,51245.0,1606423.0,53363.0,1738218.0,2118.0,131795.0
G3206V100,New Holding,ESTRE AMBIENTAL INC,,,10368.0,1200000.0,,
61166W101,Not New,MONSANTO CO NEW,16019.0,137174.0,14430.0,120428.0,-1589.0,-16746.0
61166W101,Not New,MONSANTO CO NEW,16019.0,137174.0,618011.0,5157827.0,601992.0,5020653.0
61166W101,Not New,MONSANTO CO NEW,691611.0,5922340.0,14430.0,120428.0,-677181.0,-5801912.0
61166W101,Not New,MONSANTO CO NEW,691611.0,5922340.0,618011.0,5157827.0,-73600.0,-764513.0
903914208,Not New,ULTRA PETROLEUM CORP,1256.0,138686.0,1202.0,138686.0,-54.0,0.0
87612E106,New Holding,TARGET CORP,,,8156.0,125000.0,,
10922N103,Sold Out,BRIGHTHOUSE FINL INC,633.0,10406.0,,,,
10922N103,Sold Out,BRIGHTHOUSE FINL INC,11527.0,189594.0,,,,
302491303,Not New,F M C CORP,3453.0,36474.0,4119.0,46119.0,666.0,9645.0
302491303,Not New,F M C CORP,3453.0,36474.0,79701.0,892405.0,76248.0,855931.0
302491303,Not New,F M C CORP,64861.0,685204.0,4119.0,46119.0,-60742.0,-639085.0
302491303,Not New,F M C CORP,64861.0,685204.0,79701.0,892405.0,14840.0,207201.0
36729W202,Not New,GASTAR EXPL INC NEW,8984.0,8556000.0,7526.0,8556000.0,-1458.0,0.0
15911M107,New Holding,CHANGYOU COM LTD,,,19546.0,536539.0,,
90184L102,New Holding,TWITTER INC,,,6271.0,261180.0,,
585464100,Sold Out,MELCO RESORT ENTERTAINMENT L,5773.0,239362.0,,,,
075887109,New Holding,BECTON DICKINSON & CO,,,3191.0,14905.0,,
075887109,New Holding,BECTON DICKINSON & CO,,,3438.0,16061.0,,
886547108,Sold Out,TIFFANY & CO NEW,901.0,9821.0,,,,
886547108,Sold Out,TIFFANY & CO NEW,14749.0,160702.0,,,,
44967H101,New Holding,ILG INC,,,1968.0,69093.0,,
44967H101,New Holding,ILG INC,,,27648.0,970803.0,,
N6596X109,Not New,NXP SEMICONDUCTORS N V,17099.0,146031.0,16515.0,146031.0,-584.0,0.0
N6596X109,Not New,NXP SEMICONDUCTORS N V,17099.0,146031.0,680245.0,6015075.0,663146.0,5869044.0
N6596X109,Not New,NXP SEMICONDUCTORS N V,593608.0,5069676.0,16515.0,146031.0,-577093.0,-4923645.0
N6596X109,Not New,NXP SEMICONDUCTORS N V,593608.0,5069676.0,680245.0,6015075.0,86637.0,945399.0
156700106,Sold Out,CENTURYLINK INC,8437.0,446421.0,,,,
053015103,Sold Out,AUTOMATIC DATA PROCESSING IN,506.0,4627.0,,,,
053015103,Sold Out,AUTOMATIC DATA PROCESSING IN,7376.0,67471.0,,,,
Y09827109,Not New,BROADCOM LTD,4001.0,15575.0,5718.0,23577.0,1717.0,8002.0
Y09827109,Not New,BROADCOM LTD,4001.0,15575.0,95803.0,394997.0,91802.0,379422.0
Y09827109,Not New,BROADCOM LTD,4001.0,15575.0,12006.0,49500.0,8005.0,33925.0
Y09827109,Not New,BROADCOM LTD,56931.0,221606.0,5718.0,23577.0,-51213.0,-198029.0
Y09827109,Not New,BROADCOM LTD,56931.0,221606.0,95803.0,394997.0,38872.0,173391.0
Y09827109,Not New,BROADCOM LTD,56931.0,221606.0,12006.0,49500.0,-44925.0,-172106.0
Y09827109,Not New,BROADCOM LTD,11329.0,44100.0,5718.0,23577.0,-5611.0,-20523.0
Y09827109,Not New,BROADCOM LTD,11329.0,44100.0,95803.0,394997.0,84474.0,350897.0
Y09827109,Not New,BROADCOM LTD,11329.0,44100.0,12006.0,49500.0,677.0,5400.0
222070203,Not New,COTY INC,1529.0,76850.0,1588.0,96063.0,59.0,19213.0
222070203,Not New,COTY INC,1529.0,76850.0,47844.0,2894347.0,46315.0,2817497.0
222070203,Not New,COTY INC,63042.0,3169515.0,1588.0,96063.0,-61454.0,-3073452.0
222070203,Not New,COTY INC,63042.0,3169515.0,47844.0,2894347.0,-15198.0,-275168.0
747525103,New Holding,QUALCOMM INC,,,7282.0,113747.0,,
747525103,New Holding,QUALCOMM INC,,,104394.0,1630640.0,,
878742204,Not New,TECK RESOURCES LTD,11926.0,455716.0,11932.0,565772.0,6.0,110056.0
127686103,New Holding,CAESARS ENTMT CORP,,,22387.0,1769694.0,,
00817Y108,New Holding,AETNA INC NEW,,,11404.0,63219.0,,
00817Y108,New Holding,AETNA INC NEW,,,175783.0,974460.0,,
00817Y108,New Holding,AETNA INC NEW,,,20258.0,112300.0,,
76547T106,Sold Out,RICHMONT MINES INC,4209.0,451446.0,,,,
76547T106,Sold Out,RICHMONT MINES INC,7802.0,836899.0,,,,
892356106,New Holding,TRACTOR SUPPLY CO,,,7475.0,100000.0,,
67103H107,New Holding,O REILLY AUTOMOTIVE INC NEW,,,18041.0,75000.0,,
912008109,New Holding,US FOODS HLDG CORP,,,2186.0,68468.0,,
912008109,New Holding,US FOODS HLDG CORP,,,31766.0,994874.0,,
044186104,Not New,ASHLAND GLOBAL HLDGS INC,1917.0,26923.0,1868.0,28568.0,-49.0,1645.0
044186104,Not New,ASHLAND GLOBAL HLDGS INC,1917.0,26923.0,57920.0,885764.0,56003.0,858841.0
044186104,Not New,ASHLAND GLOBAL HLDGS INC,70327.0,987743.0,1868.0,28568.0,-68459.0,-959175.0
044186104,Not New,ASHLAND GLOBAL HLDGS INC,70327.0,987743.0,57920.0,885764.0,-12407.0,-101979.0
78410G104,Sold Out,SBA COMMUNICATIONS CORP NEW,5425.0,37662.0,,,,
74838J101,Not New,QUIDEL CORP,5218.0,120371.0,3514.0,80128.0,-1704.0,-40243.0
G7665A101,Sold Out,ROWAN COMPANIES PLC,26.0,2000.0,,,,
G7665A101,Sold Out,ROWAN COMPANIES PLC,932.0,72510.0,,,,
887317303,Not New,TIME WARNER INC,5772.0,63102.0,18850.0,183992.0,13078.0,120890.0
887317303,Not New,TIME WARNER INC,5772.0,63102.0,351037.0,3426422.0,345265.0,3363320.0
887317303,Not New,TIME WARNER INC,128170.0,1401223.0,18850.0,183992.0,-109320.0,-1217231.0
887317303,Not New,TIME WARNER INC,128170.0,1401223.0,351037.0,3426422.0,222867.0,2025199.0
82706C108,Sold Out,SILICON MOTION TECHNOLOGY CO,6187.0,128824.0,,,,
68557N103,Sold Out,ORBITAL ATK INC,5058.0,37982.0,,,,
91347P105,Sold Out,UNIVERSAL DISPLAY CORP,3206.0,24880.0,,,,
64115T104,New Holding,NETSCOUT SYS INC,,,3394.0,111455.0,,
958102105,Sold Out,WESTERN DIGITAL CORP,18024.0,208610.0,,,,
74965L101,Not New,RLJ LODGING TR,976.0,44429.0,543.0,24702.0,-433.0,-19727.0
74965L101,Not New,RLJ LODGING TR,976.0,44429.0,7858.0,357195.0,6882.0,312766.0
74965L101,Not New,RLJ LODGING TR,13036.0,593339.0,543.0,24702.0,-12493.0,-568637.0
74965L101,Not New,RLJ LODGING TR,13036.0,593339.0,7858.0,357195.0,-5178.0,-236144.0
552074700,Not New,LYON WILLIAM HOMES,5816.0,200000.0,4598.0,200000.0,-1218.0,0.0
G21515104,Not New,CHINA BIOLOGIC PRODS HLDGS I,12670.0,160847.0,2796.0,30298.0,-9874.0,-130549.0
80007P869,Sold Out,SANDRIDGE ENERGY INC,20452.0,1018000.0,,,,
111621306,Sold Out,BROCADE COMMUNICATIONS SYS I,9385.0,785396.0,,,,
111621306,Sold Out,BROCADE COMMUNICATIONS SYS I,60001.0,5020967.0,,,,
03073E105,Sold Out,AMERISOURCEBERGEN CORP,1417.0,17120.0,,,,
03073E105,Sold Out,AMERISOURCEBERGEN CORP,20084.0,242710.0,,,,
292766102,New Holding,ENERPLUS CORP,,,3479.0,355566.0,,
00165C104,Sold Out,AMC ENTMT HLDGS INC,6248.0,425000.0,,,,
90130A101,New Holding,TWENTY FIRST CENTY FOX INC,,,7624.0,220806.0,,
90130A101,New Holding,TWENTY FIRST CENTY FOX INC,,,113499.0,3286981.0,,
65342K105,Not New,NEXTDECADE CORP,318999.0,57681503.0,275844.0,53123469.0,-43155.0,-4558034.0
24703L103,Not New,DELL TECHNOLOGIES INC,12214.0,150268.0,11602.0,150268.0,-612.0,0.0
24703L103,Not New,DELL TECHNOLOGIES INC,12214.0,150268.0,78669.0,1018891.0,66455.0,868623.0
24703L103,Not New,DELL TECHNOLOGIES INC,72386.0,890577.0,11602.0,150268.0,-60784.0,-740309.0
24703L103,Not New,DELL TECHNOLOGIES INC,72386.0,890577.0,78669.0,1018891.0,6283.0,128314.0
36174X101,New Holding,GGP INC,,,1444.0,61732.0,,
36174X101,New Holding,GGP INC,,,18660.0,797783.0,,
067383109,Sold Out,BARD C R INC,9409.0,29358.0,,,,
067383109,Sold Out,BARD C R INC,128166.0,399894.0,,,,
500754106,Sold Out,KRAFT HEINZ CO,1898.0,24473.0,,,,
500754106,Sold Out,KRAFT HEINZ CO,31304.0,403660.0,,,,
34958B106,Sold Out,FORTRESS INVESTMENT GROUP LL,5016.0,629305.0,,,,
34958B106,Sold Out,FORTRESS INVESTMENT GROUP LL,41480.0,5204496.0,,,,
444859102,Not New,HUMANA INC,2053.0,8274.0,2069.0,8494.0,16.0,220.0
444859102,Not New,HUMANA INC,2053.0,8274.0,23424.0,96146.0,21371.0,87872.0
444859102,Not New,HUMANA INC,31253.0,125986.0,2069.0,8494.0,-29184.0,-117492.0
444859102,Not New,HUMANA INC,31253.0,125986.0,23424.0,96146.0,-7829.0,-29840.0
380237107,New Holding,GODADDY INC,,,8966.0,178328.0,,
378973408,Not New,GLOBALSTAR INC,475.0,362968.0,846.0,519068.0,371.0,156100.0
378973408,Not New,GLOBALSTAR INC,475.0,362968.0,18244.0,11192844.0,17769.0,10829876.0
378973408,Not New,GLOBALSTAR INC,20939.0,15983892.0,846.0,519068.0,-20093.0,-15464824.0
378973408,Not New,GLOBALSTAR INC,20939.0,15983892.0,18244.0,11192844.0,-2695.0,-4791048.0
30162V102,Not New,EXELA TECHNOLOGIES INC,14530.0,2821428.0,13825.0,2821428.0,-705.0,0.0
655664100,Sold Out,NORDSTROM INC,14690.0,311549.0,,,,
G9108L108,Not New,TSAKOS ENERGY NAVIGATION LTD,1895.0,484684.0,2176.0,484684.0,281.0,0.0
52729N308,Sold Out,LEVEL 3 COMMUNICATIONS INC,8652.0,162365.0,,,,
52729N308,Sold Out,LEVEL 3 COMMUNICATIONS INC,217244.0,4076642.0,,,,
04014Y101,New Holding,ARES MGMT L P,,,957.0,47859.0,,
86881A100,New Holding,SURGERY PARTNERS INC,,,2281.0,188519.0,,
22943F100,Sold Out,CTRIP COM INTL LTD,7539.0,142950.0,,,,
G25839104,New Holding,COCA COLA EUROPEAN PARTNERS,,,44728.0,1122414.0,,
Y1771G102,Not New,COSTAMARE INC,6636.0,1150000.0,7107.0,1150000.0,471.0,0.0
595112103,New Holding,MICRON TECHNOLOGY INC,,,7685.0,186888.0,,
M37605124,Not New,ELBIT IMAGING LTD,5045.0,1802428.0,4953.0,1802428.0,-92.0,0.0
021346101,Not New,ALTABA INC,11801.0,168942.0,11191.0,168942.0,-610.0,0.0
021346101,Not New,ALTABA INC,11801.0,168942.0,375169.0,5663785.0,363368.0,5494843.0
021346101,Not New,ALTABA INC,367071.0,5255137.0,11191.0,168942.0,-355880.0,-5086195.0
021346101,Not New,ALTABA INC,367071.0,5255137.0,375169.0,5663785.0,8098.0,408648.0
74909E106,Not New,QUORUM HEALTH CORP,7537.0,1207931.0,4962.0,957931.0,-2575.0,-250000.0
081437105,Sold Out,BEMIS INC,2210.0,48490.0,,,,
081437105,Sold Out,BEMIS INC,40472.0,888133.0,,,,
774341101,Not New,ROCKWELL COLLINS INC,9963.0,73464.0,9536.0,72954.0,-427.0,-510.0
774341101,Not New,ROCKWELL COLLINS INC,9963.0,73464.0,90021.0,688710.0,80058.0,615246.0
774341101,Not New,ROCKWELL COLLINS INC,80595.0,594273.0,9536.0,72954.0,-71059.0,-521319.0
774341101,Not New,ROCKWELL COLLINS INC,80595.0,594273.0,90021.0,688710.0,9426.0,94437.0
N22035104,Not New,CONSTELLIUM NV,35999.0,3228624.0,30123.0,2938817.0,-5876.0,-289807.0
G0684D107,Sold Out,ATHENE HLDG LTD,1468.0,27272.0,,,,
G0684D107,Sold Out,ATHENE HLDG LTD,27821.0,516731.0,,,,
489398107,New Holding,KENNEDY-WILSON HLDGS INC,,,453.0,26124.0,,
489398107,New Holding,KENNEDY-WILSON HLDGS INC,,,5749.0,331338.0,,
82481R106,Not New,SHIRE PLC,72086.0,464709.0,79357.0,518196.0,7271.0,53487.0
811065101,Not New,SCRIPPS NETWORKS INTERACT IN,2012.0,23571.0,2025.0,23571.0,13.0,0.0
811065101,Not New,SCRIPPS NETWORKS INTERACT IN,2012.0,23571.0,28149.0,327733.0,26137.0,304162.0
811065101,Not New,SCRIPPS NETWORKS INTERACT IN,24636.0,288551.0,2025.0,23571.0,-22611.0,-264980.0
811065101,Not New,SCRIPPS NETWORKS INTERACT IN,24636.0,288551.0,28149.0,327733.0,3513.0,39182.0
881624209,New Holding,TEVA PHARMACEUTICAL INDS LTD,,,3345.0,176500.0,,
881624209,New Holding,TEVA PHARMACEUTICAL INDS LTD,,,53378.0,2816800.0,,
01449J105,Sold Out,ALERE INC,9890.0,193968.0,,,,
01449J105,Sold Out,ALERE INC,88571.0,1737035.0,,,,
345605109,Not New,FOREST CITY RLTY TR INC,1939.0,80456.0,1071.0,41974.0,-868.0,-38482.0
345605109,Not New,FOREST CITY RLTY TR INC,1939.0,80456.0,19461.0,762886.0,17522.0,682430.0
345605109,Not New,FOREST CITY RLTY TR INC,30467.0,1264172.0,1071.0,41974.0,-29396.0,-1222198.0
345605109,Not New,FOREST CITY RLTY TR INC,30467.0,1264172.0,19461.0,762886.0,-11006.0,-501286.0
00762W107,Sold Out,ADVISORY BRD CO,5034.0,93881.0,,,,
00762W107,Sold Out,ADVISORY BRD CO,1768.0,32975.0,,,,
896047503,Not New,TRIBUNE MEDIA CO,4848.0,114157.0,9015.0,220637.0,4167.0,106480.0
896047503,Not New,TRIBUNE MEDIA CO,4848.0,114157.0,89501.0,2190425.0,84653.0,2076268.0
896047503,Not New,TRIBUNE MEDIA CO,51083.0,1202813.0,9015.0,220637.0,-42068.0,-982176.0
896047503,Not New,TRIBUNE MEDIA CO,51083.0,1202813.0,89501.0,2190425.0,38418.0,987612.0
98980A105,Not New,ZTO EXPRESS CAYMAN INC,910.0,57401.0,10804.0,769550.0,9894.0,712149.0
98980A105,Not New,ZTO EXPRESS CAYMAN INC,32728.0,2064829.0,10804.0,769550.0,-21924.0,-1295279.0
72348P104,Not New,PINNACLE FOODS INC DEL,1552.0,26095.0,1177.0,20595.0,-375.0,-5500.0
72348P104,Not New,PINNACLE FOODS INC DEL,1552.0,26095.0,21636.0,378446.0,20084.0,352351.0
72348P104,Not New,PINNACLE FOODS INC DEL,24052.0,404440.0,1177.0,20595.0,-22875.0,-383845.0
72348P104,Not New,PINNACLE FOODS INC DEL,24052.0,404440.0,21636.0,378446.0,-2416.0,-25994.0
925550105,Not New,VIAVI SOLUTIONS INC,6624.0,757893.0,6332.0,669346.0,-292.0,-88547.0
37244C101,New Holding,GENOMIC HEALTH INC,,,423.0,12370.0,,
437076102,New Holding,HOME DEPOT INC,,,14215.0,75000.0,,
369300108,Sold Out,GENERAL CABLE CORP DEL NEW,16039.0,850851.0,,,,
758766109,Sold Out,REGAL ENTMT GROUP,3518.0,219890.0,,,,
09253U108,New Holding,BLACKSTONE GROUP L P,,,666.0,20812.0,,
09253U108,New Holding,BLACKSTONE GROUP L P,,,10256.0,320312.0,,
45329R109,New Holding,INC RESH HLDGS INC,,,3985.0,91392.0,,
48248M102,New Holding,KKR & CO L P DEL,,,671.0,31858.0,,
48248M102,New Holding,KKR & CO L P DEL,,,10326.0,490309.0,,
001547108,Not New,AK STL HLDG CORP,8579.0,1515787.0,7345.0,1314008.0,-1234.0,-201779.0
872590104,Sold Out,T MOBILE US INC,3756.0,60913.0,,,,
872590104,Sold Out,T MOBILE US INC,101573.0,1647300.0,,,,
25470M109,Not New,DISH NETWORK CORP,2471.0,51751.0,4983.0,91893.0,2512.0,40142.0
25470M109,Not New,DISH NETWORK CORP,2471.0,51751.0,71180.0,1312555.0,68709.0,1260804.0
25470M109,Not New,DISH NETWORK CORP,36396.0,762224.0,4983.0,91893.0,-31413.0,-670331.0
25470M109,Not New,DISH NETWORK CORP,36396.0,762224.0,71180.0,1312555.0,34784.0,550331.0
