CUSIP,status,NAME OF ISSUER,(x$1000)_old,PRN AMT_old,(x$1000),PRN AMT,(x$1000)_change,PRN AMT_change
20030N101,Not New,Comcast Corp New,76610.0,1968400.0,25802.0,686400.0,-50808.0,-1282000.0
013872106,Sold Out,Alcoa Corp,47146.0,1370511.0,,,,
69370C100,Not New,Ptc Inc,24782.0,449600.0,43601.0,829700.0,18819.0,380100.0
023135106,Not New,Amazon Com Inc,116163.0,120003.0,63033.0,71100.0,-53130.0,-48903.0
79466L302,Not New,Salesforce Com Inc,93667.0,1081600.0,79595.0,964900.0,-14072.0,-116700.0
92826C839,New Holding,Visa Inc,,,20294.0,216400.0,,
464287556,New Holding,Ishares Tr,,,25563.0,82400.0,,
H00263105,Not New,Ac Immune Sa,21021.0,2388700.0,24747.0,2388700.0,3726.0,0.0
98850P109,New Holding,Yum China Hldgs Inc,,,23548.0,597200.0,,
594918104,Not New,Microsoft Corp,181431.0,2632100.0,106970.0,1624200.0,-74461.0,-1007900.0
85207U105,Sold Out,Sprint Corp,14439.0,1663500.0,,,,
81762P102,New Holding,Servicenow Inc,,,45368.0,428000.0,,
929160109,Sold Out,Vulcan Matls Co,14699.0,122000.0,,,,
151020104,Sold Out,Celgene Corp,10253.0,82400.0,,,,
052769106,Not New,Autodesk Inc,35065.0,347800.0,13692.0,158349.0,-21373.0,-189451.0
910047109,Not New,United Contl Hldgs Inc,18323.0,243500.0,9296.0,131600.0,-9027.0,-111900.0
969457100,Sold Out,Williams Cos Inc Del,9685.0,327300.0,,,,
73755L107,Not New,Potash Corp Sask Inc,34124.0,2093500.0,35757.0,2093500.0,1633.0,0.0
16411R208,Sold Out,Cheniere Energy Inc,21089.0,446145.0,,,,
127097103,Sold Out,Cabot Oil & Gas Corp,22848.0,955588.0,,,,
N53745100,Sold Out,Lyondellbasell Industries N,105625.0,1158300.0,,,,
741503403,Not New,Priceline Grp Inc,117712.0,62930.0,72445.0,40700.0,-45267.0,-22230.0
762760106,Sold Out,Rice Energy Inc,7737.0,326455.0,,,,
285512109,Not New,Electronic Arts Inc,75474.0,713900.0,51358.0,573700.0,-24116.0,-140200.0
78410G104,New Holding,Sba Communications Corp New,,,15109.0,112000.0,,
406216101,Sold Out,Halliburton Co,14842.0,301600.0,,,,
70450Y103,Not New,Paypal Hldgs Inc,49655.0,925200.0,24689.0,573900.0,-24966.0,-351300.0
045327103,Sold Out,Aspen Technology Inc,12367.0,209900.0,,,,
670346105,Sold Out,Nucor Corp,9376.0,157000.0,,,,
22943F100,Not New,Ctrip Com Intl Ltd,76061.0,1412200.0,44835.0,912200.0,-31226.0,-500000.0
060505104,Sold Out,Bank Amer Corp,49782.0,2110300.0,,,,
26884L109,Sold Out,Eqt Corp,8688.0,142200.0,,,,
40415F101,New Holding,Hdfc Bank Ltd,,,11150.0,128200.0,,
871503108,Sold Out,Symantec Corp,16920.0,551500.0,,,,
47215P106,Not New,Jd Com Inc,53292.0,1358800.0,19848.0,638000.0,-33444.0,-720800.0
247361702,New Holding,Delta Air Lines Inc Del,,,21012.0,391000.0,,
02079K305,Not New,Alphabet Inc,162369.0,174650.0,85119.0,100400.0,-77250.0,-74250.0
64110W102,Not New,Netease Inc,25764.0,85700.0,14796.0,52100.0,-10968.0,-33600.0
57636Q104,New Holding,Mastercard Incorporated,,,20064.0,165200.0,,
90184L102,Sold Out,Twitter Inc,9045.0,605000.0,,,,
74624M102,Sold Out,Pure Storage Inc,9104.0,926133.0,,,,
517834107,Not New,Las Vegas Sands Corp,39260.0,614500.0,15791.0,276700.0,-23469.0,-337800.0
02376R102,Not New,American Airls Group Inc,20128.0,400000.0,8591.0,203100.0,-11537.0,-196900.0
640268108,Not New,Nektar Therapeutics,22797.0,1166100.0,15622.0,665600.0,-7175.0,-500500.0
773903109,Sold Out,Rockwell Automation Inc,15415.0,99000.0,,,,
067901108,Sold Out,Barrick Gold Corp,54122.0,2850000.0,,,,
98138H101,Not New,Workday Inc,24279.0,250300.0,19429.0,233300.0,-4850.0,-17000.0
008474108,Sold Out,Agnico Eagle Mines Ltd,37470.0,882900.0,,,,
464287234,Sold Out,Ishares Tr,98436.0,2499000.0,,,,
30212P303,Not New,Expedia Inc Del,48243.0,323884.0,25713.0,203800.0,-22530.0,-120084.0
00507V109,Not New,Activision Blizzard Inc,41111.0,714100.0,26790.0,537300.0,-14321.0,-176800.0
64110L106,Sold Out,Netflix Inc,10435.0,70600.0,,,,
22822V101,New Holding,Crown Castle Intl Corp New,,,14827.0,148000.0,,
723787107,Sold Out,Pioneer Nat Res Co,23949.0,128600.0,,,,
30303M102,Not New,Facebook Inc,163602.0,1083600.0,57658.0,405900.0,-105944.0,-677700.0
872590104,Sold Out,T Mobile Us Inc,15676.0,242700.0,,,,
58933Y105,New Holding,Merck & Co Inc,,,48420.0,755500.0,,
01609W102,New Holding,Alibaba Group Hldg Ltd,,,100067.0,710200.0,,
