CUSIP,status,NAME OF ISSUER,(x$1000)_old,PRN AMT_old,(x$1000),PRN AMT,(x$1000)_change,PRN AMT_change
58733R102,Not New,Mercadolibre Inc,93081.0,183328.0,21676.0,74016.0,-71405.0,-109312.0
81141R100,New Holding,Sea Ltd,,,499.0,21200.0,,
023135106,Not New,Amazon Com Inc,202498.0,113715.0,147836.0,98428.0,-54662.0,-15287.0
14081R103,New Holding,Carbon Black Inc,,,1472.0,105525.0,,
75606N109,New Holding,Realpage Inc,,,3562.0,58690.0,,
92826C839,New Holding,Visa Inc,,,54807.0,350900.0,,
79466L302,Sold Out,Salesforce Com Inc,146912.0,1072585.0,,,,
848637104,New Holding,Splunk Inc,,,14398.0,115500.0,,
45337C102,New Holding,Incyte Corp,,,17404.0,202400.0,,
H00263105,Not New,Ac Immune Sa,6691.0,1324935.0,23545.0,2491517.0,16854.0,1166582.0
464287556,Not New,Ishares Tr,88456.0,791200.0,33779.0,350300.0,-54677.0,-440900.0
594918104,Not New,Microsoft Corp,609874.0,5171051.0,469098.0,4618471.0,-140776.0,-552580.0
78781P105,New Holding,Sailpoint Technlgies Hldgs I,,,973.0,33870.0,,
85207U105,New Holding,Sprint Corporation,,,8758.0,1550000.0,,
369604103,New Holding,General Electric Co,,,62348.0,6241000.0,,
654902204,New Holding,Nokia Corp,,,4181.0,731000.0,,
81762P102,Not New,Servicenow Inc,33403.0,135515.0,14636.0,82200.0,-18767.0,-53315.0
375558103,Sold Out,Gilead Sciences Inc,64010.0,1023345.0,,,,
N14506104,Sold Out,Elastic N V,715.0,10000.0,,,,
052769106,Not New,Autodesk Inc,4877.0,31300.0,3433.0,26690.0,-1444.0,-4610.0
452327109,Not New,Illumina Inc,53377.0,171800.0,41840.0,139500.0,-11537.0,-32300.0
644393100,New Holding,New Fortress Energy Llc Cl A Shs Rp,,,14016.0,1200000.0,,
747525103,New Holding,Qualcomm Inc,,,54070.0,948100.0,,
98936J101,Sold Out,Zendesk Inc,3362.0,57600.0,,,,
16411R208,New Holding,Cheniere Energy Inc,,,41782.0,611200.0,,
127097103,New Holding,Cabot Oil & Gas Corp,,,10323.0,395500.0,,
845467109,New Holding,Southwestern Energy Co,,,10589.0,2257700.0,,
981558109,New Holding,Worldpay Inc,,,1149.0,10120.0,,
00846U101,Not New,Agilent Technologies Inc,38486.0,478800.0,14929.0,221300.0,-23557.0,-257500.0
032654105,New Holding,Analog Devices Inc,,,23436.0,222625.0,,
22266L106,Not New,Coupa Software Inc,73029.0,802690.0,71095.0,1131000.0,-1934.0,328310.0
70450Y103,Not New,Paypal Hldgs Inc,83876.0,807745.0,34354.0,408535.0,-49522.0,-399210.0
135086106,New Holding,Canada Goose Holdings Inc,,,459.0,9550.0,,
46120E602,Not New,Intuitive Surgical Inc,74803.0,131100.0,52825.0,110300.0,-21978.0,-20800.0
247361702,Sold Out,Delta Air Lines Inc Del,31267.0,626600.0,,,,
595112103,New Holding,Micron Technology Inc,,,19851.0,480300.0,,
02079K305,Not New,Alphabet Inc,85994.0,73069.0,11807.0,11299.0,-74187.0,-61770.0
31620M106,New Holding,Fidelity Natl Information Sv,,,44091.0,389845.0,,
101388106,New Holding,Bottomline Tech Del Inc,,,511.0,10200.0,,
56585A102,New Holding,Marathon Pete Corp,,,32379.0,541000.0,,
57636Q104,New Holding,Mastercard Inc,,,56108.0,238300.0,,
G06242104,New Holding,Atlassian Corp Plc,,,5253.0,46770.0,,
437076102,New Holding,Home Depot Inc,,,74319.0,387300.0,,
L8681T102,New Holding,Spotify Technology S A,,,22139.0,159505.0,,
983919101,New Holding,Xilinx Inc,,,28401.0,224000.0,,
88160R101,Sold Out,Tesla Inc,99773.0,299800.0,,,,
02376R102,Sold Out,American Airls Group Inc,16855.0,524900.0,,,,
500255104,Sold Out,Kohls Corp,9785.0,147500.0,,,,
737446104,New Holding,Post Hldgs Inc,,,22318.0,204000.0,,
75281A109,New Holding,Range Res Corp,,,9492.0,844500.0,,
87336U105,New Holding,Tableau Software Inc,,,23344.0,183405.0,,
G5960L103,Sold Out,Medtronic Plc,33883.0,372500.0,,,,
067901108,Sold Out,Barrick Gold Corp,2022.0,149300.0,,,,
90138F102,New Holding,Twilio Inc,,,4067.0,31480.0,,
98138H101,Not New,Workday Inc,101169.0,524600.0,83896.0,525400.0,-17273.0,800.0
339041105,New Holding,Fleetcor Technologies Inc,,,3601.0,14605.0,,
464287234,Not New,Ishares Tr,301929.0,7034700.0,65609.0,1679700.0,-236320.0,-5355000.0
00724F101,Not New,Adobe Inc,170610.0,640211.0,68102.0,301015.0,-102508.0,-339196.0
679295105,Not New,Okta Inc,2135.0,25807.0,11095.0,173900.0,8960.0,148093.0
002824100,Not New,Abbott Labs,115130.0,1440200.0,93718.0,1295700.0,-21412.0,-144500.0
00507V109,New Holding,Activision Blizzard Inc,,,49680.0,1091152.0,,
64110L106,Not New,Netflix Inc,192498.0,539875.0,17668.0,66010.0,-174830.0,-473865.0
256163106,New Holding,Docusign Inc,,,17180.0,331410.0,,
26969P108,New Holding,Eagle Materials Inc,,,2588.0,30700.0,,
436440101,Not New,Hologic Inc,16296.0,336700.0,13838.0,336700.0,-2458.0,0.0
30303M102,New Holding,Facebook Inc,,,10279.0,61665.0,,
872590104,New Holding,T Mobile Us Inc,,,132377.0,1915725.0,,
58933Y105,New Holding,Merck & Co Inc,,,22148.0,266300.0,,
01609W102,Not New,Alibaba Group Hldg Ltd,169457.0,928785.0,23905.0,174400.0,-145552.0,-754385.0
83304A106,New Holding,Snap Inc,,,13667.0,1240200.0,,
G47567105,New Holding,Ihs Markit Ltd,,,13296.0,244500.0,,
