CUSIP,status,NAME OF ISSUER,(x$1000)_old,PRN AMT_old,(x$1000),PRN AMT,(x$1000)_change,PRN AMT_change
867914103,Sold Out,SunTrust Banks Inc,19664.0,457100.0,,,,
023135106,New Holding,Amazon.com Inc,,,49807.0,97300.0,,
78463V907,Not New,SPDR Gold Trust,307757.0,2880000.0,323626.0,2880000.0,15869.0,0.0
594918104,Not New,Microsoft Corp,61477.0,1389000.0,61726.0,1398100.0,249.0,9100.0
01609W102,Sold Out,Alibaba Group Hldg Ltd,18025.0,219100.0,,,,
026874784,Sold Out,Am Int'l Grp Inc,15474.0,250300.0,,,,
452327109,Not New,Illumina Inc,27393.0,155800.0,45091.0,206500.0,17698.0,50700.0
655044105,Sold Out,Noble Energy Inc,13453.0,315200.0,,,,
260543103,Not New,Dow Chemical Co,9998.0,235800.0,59526.0,1163300.0,49528.0,927500.0
N53745100,Sold Out,LyondellBasell Ind's NV,74219.0,716950.0,,,,
741503403,New Holding,Priceline Group Inc,,,19295.0,15600.0,,
406216101,Sold Out,Halliburton Co,66629.0,1547000.0,,,,
949746101,Not New,Wells Fargo & Co,61050.0,1188900.0,94449.0,1679400.0,33399.0,490500.0
172967424,Sold Out,Citigroup Inc,64907.0,1175000.0,,,,
70450Y103,New Holding,PayPal Holdings Inc,,,17544.0,565200.0,,
35671D857,Sold Out,Freeport-McMoRan Inc,66045.0,3547000.0,,,,
22943F100,Not New,Ctrip.com Int'l Ltd,30364.0,480600.0,14626.0,201400.0,-15738.0,-279200.0
40415F101,Not New,HDFC Bank Ltd,61310.0,1003600.0,60748.0,1003600.0,-562.0,0.0
47215P106,Not New,JD.Com Inc,28103.0,1078400.0,20221.0,593000.0,-7882.0,-485400.0
277432100,Sold Out,Eastman Chemical Co,15219.0,186000.0,,,,
904311107,New Holding,"Under Armour, Inc",,,25143.0,259800.0,,
46625H100,Sold Out,JP Morgan Chase & Co,52670.0,777300.0,,,,
98138H101,Not New,Workday Inc,30187.0,438379.0,25261.0,330679.0,-4926.0,-107700.0
054937107,Sold Out,BB&T Corp,19575.0,485600.0,,,,
192446102,Sold Out,Cognizant Tech Sol's Corp,14466.0,236800.0,,,,
30212P303,New Holding,Expedia Inc,,,20370.0,173100.0,,
143658300,New Holding,Carnival Corp,,,19303.0,388400.0,,
26875P101,Not New,EOG Resources Inc,10046.0,138000.0,27219.0,310900.0,17173.0,172900.0
013817101,Sold Out,Alcoa Inc,40698.0,3650000.0,,,,
278642103,Sold Out,EBay Inc,19698.0,327000.0,,,,
723787107,Not New,Pioneer Nat'l Res's Co,10060.0,82700.0,15922.0,114800.0,5862.0,32100.0
30303M102,Not New,Facebook Inc,367988.0,4093300.0,160612.0,1872700.0,-207376.0,-2220600.0
651639106,Sold Out,Newmont Mining Corp,29898.0,1279900.0,,,,
V7780T103,New Holding,Royal Carib'n Cruises Ltd,,,19021.0,213500.0,,
00971T101,Sold Out,Akamai Tech Inc,24807.0,355300.0,,,,
693475105,Sold Out,"PNC Fin'l Services Group, Inc",19570.0,204600.0,,,,
