CUSIP,status,NAME OF ISSUER,(x$1000)_old,PRN AMT_old,(x$1000),PRN AMT,(x$1000)_change,PRN AMT_change
038222105,New Holding,Applied Matls Inc,,,23442.0,777500.0,,
088606108,New Holding,Bhp Billiton Ltd,,,11261.0,325000.0,,
023135106,Not New,Amazon Com Inc,29976.0,35800.0,25333.0,35400.0,-4643.0,-400.0
79466L302,Sold Out,Salesforce.com Inc.,15008.0,189000.0,,,,
244199105,Sold Out,Deere & Co,29215.0,360500.0,,,,
464287556,New Holding,Ishares Tr,,,19580.0,67800.0,,
H00263105,New Holding,Ac Immune Sa,,,24705.0,1500000.0,,
Y09827109,New Holding,Broadcom Ltd,,,34832.0,201900.0,,
594918104,New Holding,Microsoft Corp,,,15247.0,264700.0,,
97717W422,New Holding,Wisdomtree Tr,,,20600.0,952800.0,,
67066G104,Not New,Nvidia Corp,15335.0,223800.0,15043.0,320000.0,-292.0,96200.0
458140100,New Holding,Intel Corp,,,20657.0,547200.0,,
969457100,Not New,Williams Cos Inc Del,8555.0,278400.0,6022.0,278400.0,-2533.0,0.0
73755L107,Sold Out,Potash Corp of Sask Inc.,19358.0,1192000.0,,,,
966244105,Sold Out,WhiteWave Foods Co,17086.0,364000.0,,,,
741503403,New Holding,Priceline Grp Inc,,,20277.0,13780.0,,
00846U101,Not New,Agilent Technologies Inc,10374.0,220300.0,9773.0,220300.0,-601.0,0.0
G47791101,Sold Out,Ingersoll-Rand Plc,15188.0,238500.0,,,,
406216101,Sold Out,Halliburton Co,98624.0,2177600.0,,,,
670346105,Not New,Nucor Corp,9939.0,201000.0,9931.0,201000.0,-8.0,0.0
98978V103,Not New,Zoetis Inc,24856.0,477900.0,22681.0,477900.0,-2175.0,0.0
35671D857,Not New,Freeport-Mcmoran Inc,52964.0,4877000.0,38664.0,3470700.0,-14300.0,-1406300.0
22943F100,Sold Out,Ctrip.com Int'l Ltd.,16851.0,409000.0,,,,
060505104,New Holding,Bank Amer Corp,,,24722.0,1579700.0,,
40415F101,Not New,Hdfc Bank Ltd,27218.0,378600.0,15393.0,232000.0,-11825.0,-146600.0
582839106,Sold Out,Mead Johnson Nut'n Co,10010.0,110300.0,,,,
755111507,Sold Out,Raytheon Co,10482.0,77100.0,,,,
595112103,New Holding,Micron Technology Inc,,,16486.0,927200.0,,
008916108,Not New,Agrium Inc,3535.0,38974.0,19938.0,220500.0,16403.0,181526.0
02079K305,New Holding,Alphabet Inc,,,20102.0,25000.0,,
00287Y109,Not New,Abbvie Inc,83563.0,1324920.0,82026.0,1324920.0,-1537.0,0.0
74624M102,Not New,Pure Storage Inc,26891.0,1984600.0,21632.0,1984600.0,-5259.0,0.0
277432100,Sold Out,Eastman Chem Co,8902.0,131100.0,,,,
640268108,New Holding,Nektar Therapeutics,,,9829.0,572100.0,,
737446104,Not New,Post Hldgs Inc,22472.0,291200.0,24079.0,291200.0,1607.0,0.0
773903109,Not New,Rockwell Automation Inc,15916.0,130100.0,14938.0,130100.0,-978.0,0.0
369550108,Not New,General Dynamics Corp,16276.0,104900.0,14606.0,104900.0,-1670.0,0.0
067901108,Not New,Barrick Gold Corp,32474.0,1832600.0,39126.0,1832600.0,6652.0,0.0
98138H101,New Holding,Workday Inc,,,21978.0,239700.0,,
125269100,Sold Out,CF Ind's Hldgs Inc.,22432.0,930800.0,,,,
008474108,Not New,Agnico Eagle Mines Ltd,28759.0,530800.0,23267.0,434900.0,-5492.0,-95900.0
464287234,Not New,Ishares Tr,169821.0,4534600.0,71929.0,2093400.0,-97892.0,-2441200.0
002824100,Not New,Abbott Labs,45166.0,1068000.0,15150.0,385400.0,-30016.0,-682600.0
00507V109,New Holding,Activision Blizzard Inc,,,33167.0,748700.0,,
48205A109,New Holding,Juno Therapeutics Inc,,,14795.0,493000.0,,
26875P101,New Holding,Eog Res Inc,,,26141.0,270300.0,,
013817101,Sold Out,Alcoa Inc.,31432.0,3390700.0,,,,
723787107,New Holding,Pioneer Nat Res Co,,,10099.0,54400.0,,
30303M102,Not New,Facebook Inc,24101.0,187894.0,106554.0,932394.0,82453.0,744500.0
58933Y105,New Holding,Merck & Co Inc,,,42676.0,683800.0,,
01609W102,New Holding,Alibaba Group Hldg Ltd,,,49785.0,470600.0,,
512807108,New Holding,Lam Research Corp,,,16006.0,169000.0,,
693475105,New Holding,Pnc Finl Svcs Group Inc,,,6261.0,69500.0,,
