CUSIP,status,NAME OF ISSUER,(x$1000)_old,PRN AMT_old,(x$1000),PRN AMT,(x$1000)_change,PRN AMT_change
02553E106,New Holding,Am Eagle Outfitters Inc,,,14767.0,1017000.0,,
01741R102,Sold Out,Allegheny Tech Inc.,23001.0,510000.0,,,,
655664100,New Holding,Nordstrom Inc,,,9791.0,143200.0,,
22160K105,New Holding,Costco Wholesale Corp,,,19813.0,158100.0,,
375558103,New Holding,Gilead Sciences Inc,,,23153.0,217500.0,,
984245100,New Holding,YPF S.A.,,,11056.0,298900.0,,
151020104,Not New,Celgene Corp,53134.0,560600.0,23703.0,276000.0,-29431.0,-284600.0
444859102,Sold Out,Humana Inc.,10716.0,83900.0,,,,
452327109,Not New,Illumina Inc.,67224.0,410100.0,73219.0,410100.0,5995.0,0.0
25179M103,Sold Out,Devon Energy Corp,16476.0,207500.0,,,,
81369Y803,Sold Out,Tech Select Sctr SPDR Fnd,15125.0,394400.0,,,,
867652406,Sold Out,Sunpower Corp,10278.0,250800.0,,,,
881624209,Sold Out,Teva Pharm Ind's Ltd,65053.0,1241000.0,,,,
N6596X109,Sold Out,NXP Semiconductors NV,21469.0,324400.0,,,,
931422109,Not New,Walgreen Co,38407.0,648000.0,91921.0,1240000.0,53514.0,592000.0
57060U100,Not New,Mkt Vctrs Gld Miners ETF,33020.0,1546600.0,103023.0,3895000.0,70003.0,2348400.0
80004C101,Sold Out,SanDisk Corp,34525.0,330600.0,,,,
78467X109,New Holding,SPDR D.J. Ind'l Avg ETF Tst,,,9915.0,58300.0,,
406216101,Sold Out,Halliburton Co,26181.0,368700.0,,,,
55616P104,New Holding,"Macy's, Inc",,,14336.0,246400.0,,
91913Y100,Sold Out,Valero Energy Corporation,9945.0,198500.0,,,,
13645T100,Sold Out,Canadian Pac Railway Ltd.,16665.0,92000.0,,,,
464287184,Sold Out,IShares FTSE China 25 Idx Fnd,10412.0,281100.0,,,,
87612E106,New Holding,Target Corp,,,19575.0,312300.0,,
26884L109,Sold Out,EQT Corp,18804.0,175900.0,,,,
302130109,Sold Out,Expeditors Int'l of Wash Inc.,9715.0,220000.0,,,,
40415F101,New Holding,HDFC Bank Ltd,,,14253.0,306000.0,,
92532F100,New Holding,Vertex Pharms Inc,,,16465.0,146600.0,,
056752108,Sold Out,Baidu.com Inc.,23538.0,126000.0,,,,
58933Y105,New Holding,Merck & Co,,,19539.0,329600.0,,
651511107,New Holding,NewLink Genetics Corp,,,3909.0,182500.0,,
56585A102,Sold Out,Marathon Pete Corp,9634.0,123400.0,,,,
09062X103,Not New,Biogen Idec Inc,34338.0,103800.0,32729.0,103800.0,-1609.0,0.0
437076102,New Holding,Home Depot Inc,,,20403.0,222400.0,,
38259P706,Sold Out,Google Inc,74159.0,128910.0,,,,
969904101,New Holding,Williams-Sonoma Inc,,,14479.0,217500.0,,
40412C101,Sold Out,HCA Hldgs Inc.,10972.0,194600.0,,,,
81369Y704,Sold Out,Ind'l Select Sctr SPDR,9909.0,183300.0,,,,
500255104,New Holding,Kohl's Corp,,,19768.0,323900.0,,
031162100,New Holding,Amgen Inc,,,22319.0,158900.0,,
02376R102,Sold Out,American Air Group Inc.,10340.0,240700.0,,,,
75281A109,Sold Out,Range Res's Corp,31598.0,363400.0,,,,
71654V408,Sold Out,Petroleo Brasileiro SA,25120.0,1717000.0,,,,
M51363113,New Holding,Mellanox Tech's Ltd,,,17468.0,389300.0,,
98138H101,Not New,Workday Inc,18371.0,222679.0,20010.0,222679.0,1639.0,0.0
78462F103,Sold Out,SPDR S&P 500 ETF Trust,10001.0,51100.0,,,,
718546104,Sold Out,Phillips 66,24386.0,303200.0,,,,
580037109,Not New,McDermott Int'l Inc,26055.0,4555000.0,26697.0,3300000.0,642.0,-1255000.0
343412102,Sold Out,Fluor Corp,14826.0,192800.0,,,,
81369Y209,Not New,Hlth Care Slct Sctr SPDR,11012.0,172300.0,10481.0,172300.0,-531.0,0.0
81369Y605,Not New,Fin'l Slct Sctr SPDR Fnd,9933.0,428700.0,10040.0,441500.0,107.0,12800.0
548661107,New Holding,Lowe's Co's Inc,,,19628.0,370900.0,,
674599105,Sold Out,Occidental Pete Corp,10612.0,103400.0,,,,
04033A100,New Holding,ARIAD Pharms Inc,,,8883.0,1645000.0,,
046353108,Sold Out,Astrazeneca PLC,15523.0,208900.0,,,,
344849104,New Holding,Foot Locker Inc,,,9761.0,175400.0,,
26875P101,Sold Out,EOG Resources Inc.,33679.0,288200.0,,,,
30303M102,Sold Out,Facebook Inc,63825.0,948500.0,,,,
526057104,Sold Out,Lennar Corp,15549.0,370400.0,,,,
013817101,Not New,Alcoa Inc,64650.0,4018000.0,85528.0,5744000.0,20878.0,1726000.0
49803L109,New Holding,Kite Pharma Inc,,,1140.0,40000.0,,
808513105,New Holding,Charles Schwab Corp,,,14275.0,485700.0,,
38259P508,Not New,Google Inc,98153.0,166810.0,151786.0,259610.0,53633.0,92800.0
501797104,New Holding,L Brands Inc,,,10134.0,151300.0,,
723787107,Sold Out,Pioneer Nat'l Res's Co,22935.0,99800.0,,,,
23331A109,Sold Out,D.R. Horton Inc.,12153.0,494429.0,,,,
13321L108,Not New,Cameco Corp,25222.0,1428200.0,28007.0,1428200.0,2785.0,0.0
01609W102,New Holding,Alibaba Group Hldng Ltd,,,889.0,10000.0,,
81369Y100,Sold Out,Mat's Select Sctr SPDR Trust,10057.0,202600.0,,,,
25470M109,Sold Out,DISH Network Corp,26976.0,414500.0,,,,
