CUSIP,status,NAME OF ISSUER,(x$1000)_old,PRN AMT_old,(x$1000),PRN AMT,(x$1000)_change,PRN AMT_change
01741R102,New Holding,Allegheny Tech Inc.,,,23001.0,510000.0,,
464286103,Sold Out,ISh MSCI Australia Idx Fd,10270.0,397000.0,,,,
594918104,Sold Out,Microsoft Corp,70675.0,1724200.0,,,,
151020104,New Holding,Celgene Corp,,,23703.0,276000.0,,
444859102,New Holding,Humana Inc.,,,10716.0,83900.0,,
452327109,Not New,Illumina Inc.,73219.0,410100.0,37656.0,253300.0,-35563.0,-156800.0
25179M103,New Holding,Devon Energy Corp,,,16476.0,207500.0,,
81369Y803,New Holding,Tech Select Sctr SPDR Fnd,,,15125.0,394400.0,,
867652406,New Holding,Sunpower Corp,,,10278.0,250800.0,,
881624209,Not New,Teva Pharm Ind's Ltd,65053.0,1241000.0,65574.0,1241000.0,521.0,0.0
N6596X109,Not New,NXP Semiconductors NV,21469.0,324400.0,10551.0,179400.0,-10918.0,-145000.0
931422109,Not New,Walgreen Co,91921.0,1240000.0,81877.0,1240000.0,-10044.0,0.0
57060U100,New Holding,Mkt Vectors Gld Miners ETF,,,103023.0,3895000.0,,
406216101,New Holding,Halliburton Co,,,26181.0,368700.0,,
91913Y100,New Holding,Valero Energy Corporation,,,9945.0,198500.0,,
13645T100,New Holding,Canadian Pac Railway Ltd.,,,16665.0,92000.0,,
464287184,New Holding,IShares FTSE China 25 Idx Fnd,,,10412.0,281100.0,,
61166W101,Sold Out,Monsanto Co,20194.0,177500.0,,,,
N7902X106,Sold Out,Sensata Technologies Hldng NV,10579.0,248100.0,,,,
26884L109,Not New,EQT Corp,18804.0,175900.0,17057.0,175900.0,-1747.0,0.0
302130109,New Holding,Expeditors Int'l of Wash Inc.,,,9715.0,220000.0,,
056752108,New Holding,Baidu.com Inc.,,,23538.0,126000.0,,
56585A102,New Holding,Marathon Pete Corp,,,9634.0,123400.0,,
09062X103,New Holding,Biogen Idec Inc.,,,32729.0,103800.0,,
38259P706,New Holding,Google Inc,,,74159.0,128910.0,,
40412C101,New Holding,HCA Hldgs Inc.,,,10972.0,194600.0,,
81369Y704,New Holding,Ind'l Select Sctr SPDR,,,9909.0,183300.0,,
02376R102,New Holding,American Air Group Inc.,,,10340.0,240700.0,,
464286640,Sold Out,ISh MSCI Chile Cap Inv Mkt Idx Fd,3052.0,67000.0,,,,
75281A109,New Holding,Range Res's Corp,,,31598.0,363400.0,,
71654V408,New Holding,Petroleo Brasileiro SA,,,25120.0,1717000.0,,
78462F103,New Holding,SPDR S&P 500 ETF Trust,,,10001.0,51100.0,,
98138H101,Not New,Workday Inc.,20010.0,222679.0,39962.0,437079.0,19952.0,214400.0
718546104,New Holding,Phillips 66,,,24386.0,303200.0,,
580037109,New Holding,McDermott Int'l Inc.,,,26697.0,3300000.0,,
343412102,New Holding,Fluor Corp,,,14826.0,192800.0,,
81369Y209,Not New,Hlth Care Select Sctr SPDR,10481.0,172300.0,11306.0,193300.0,825.0,21000.0
81369Y605,Not New,Fin'l Select Sctr SPDR Fnd,10040.0,441500.0,9999.0,447600.0,-41.0,6100.0
00724F101,Sold Out,Adobe Systems Inc,64208.0,976700.0,,,,
674599105,New Holding,Occidental Pete Corp,,,10612.0,103400.0,,
46429B408,Sold Out,ISh MSCI Phillipines Inv Mkt Idx Fd,2979.0,87300.0,,,,
046353108,Not New,Astrazeneca PLC,15523.0,208900.0,23389.0,360500.0,7866.0,151600.0
26875P101,New Holding,EOG Resources Inc.,,,33679.0,288200.0,,
526057104,New Holding,Lennar Corp,,,15549.0,370400.0,,
013817101,Not New,Alcoa Inc.,85528.0,5744000.0,64350.0,5000000.0,-21178.0,-744000.0
723787107,New Holding,Pioneer Nat'l Res's Co,,,22935.0,99800.0,,
38259P508,Not New,Google Inc,151786.0,259610.0,289338.0,259610.0,137552.0,0.0
30303M102,New Holding,Facebook Inc,,,63825.0,948500.0,,
80004C101,Not New,SanDisk Corp,34525.0,330600.0,10620.0,130800.0,-23905.0,-199800.0
23331A109,New Holding,D.R. Horton Inc.,,,12153.0,494429.0,,
13321L108,Not New,Cameco Corp,28007.0,1428200.0,32706.0,1428200.0,4699.0,0.0
81369Y100,Not New,Mat's Select Sctr SPDR Trust,10057.0,202600.0,9882.0,209000.0,-175.0,6400.0
25470M109,New Holding,DISH Network Corp,,,26976.0,414500.0,,
