CUSIP,status,NAME OF ISSUER,(x$1000)_old,PRN AMT_old,(x$1000),PRN AMT,(x$1000)_change,PRN AMT_change
69370C100,Not New,PTC INC,9852.0,162121.0,11801.0,209685.0,1949.0,47564.0
13123E500,Not New,CALLIDUS SOFTWARE INC,16064.0,560688.0,13417.0,544301.0,-2647.0,-16387.0
023135106,Not New,AMAZON COM INC,10398.0,8891.0,8547.0,8891.0,-1851.0,0.0
G27358103,Not New,DESPEGAR COM CORP,2748.0,100000.0,3200.0,100000.0,452.0,0.0
705573103,Not New,PEGASYSTEMS INC,12444.0,263934.0,11560.0,200514.0,-884.0,-63420.0
443573100,Not New,HUBSPOT INC,13105.0,148245.0,10673.0,126983.0,-2432.0,-21262.0
594918104,Not New,MICROSOFT CORP,12222.0,142884.0,10643.0,142884.0,-1579.0,0.0
874224207,Not New,TALEND S A,11013.0,293836.0,6016.0,146956.0,-4997.0,-146880.0
052769106,New Holding,AUTODESK INC,,,7928.0,75626.0,,
23355L106,Not New,DXC TECHNOLOGY CO,23772.0,250492.0,17562.0,204493.0,-6210.0,-45999.0
04685W103,Not New,ATHENAHEALTH INC,6218.0,46741.0,13076.0,105148.0,6858.0,58407.0
37940X102,Not New,GLOBAL PMTS INC,613045.0,6115768.0,581181.0,6115768.0,-31864.0,0.0
92343X100,Sold Out,VERINT SYS INC,13119.0,313476.0,,,,
11133B409,Sold Out,BROADSOFT INC,10134.0,201476.0,,,,
518613203,Sold Out,LAUREATE EDUCATION INC,10259.0,705105.0,,,,
00762W107,Sold Out,ADVISORY BRD CO,9891.0,184441.0,,,,
743424103,Not New,PROOFPOINT INC,8409.0,94686.0,5873.0,67338.0,-2536.0,-27348.0
05988J103,New Holding,BANDWIDTH INC,,,6936.0,300000.0,,
10316T104,Not New,BOX INC,14222.0,673377.0,12853.0,665244.0,-1369.0,-8133.0
204166102,Sold Out,COMMVAULT SYSTEMS INC,18157.0,298633.0,,,,
101388106,Not New,BOTTOMLINE TECH DEL INC,18998.0,547802.0,17437.0,547802.0,-1561.0,0.0
34553D101,New Holding,FORESCOUT TECHNOLOGIES INC,,,957.0,30000.0,,
12650T104,Sold Out,CSRA INC,16022.0,496489.0,,,,
03835C108,New Holding,APPTIO INC,,,16517.0,702244.0,,
92210H105,New Holding,VANTIV INC,,,6210.0,84433.0,,
90385D107,New Holding,ULTIMATE SOFTWARE GROUP INC,,,10036.0,45990.0,,
87105L104,New Holding,SWITCH INC,,,15916.0,875000.0,,
09238E104,Sold Out,BLACKHAWK NETWORK HLDGS INC,19352.0,441833.0,,,,
45781U103,Not New,INSTRUCTURE INC,23715.0,716476.0,24656.0,743761.0,941.0,27285.0
816883102,New Holding,SENDGRID INC,,,10988.0,458390.0,,
44157R109,Not New,HOUGHTON MIFFLIN HARCOURT CO,7832.0,842161.0,20915.0,1735657.0,13083.0,893496.0
