CUSIP,status,NAME OF ISSUER,(x$1000)_old,PRN AMT_old,(x$1000),PRN AMT,(x$1000)_change,PRN AMT_change
01988P108,Not New,ALLSCRIPTS HEALTHCARE SOLUTN,4068.0,328082.0,3098.0,226477.0,-970.0,-101605.0
007786106,Not New,AEROHIVE NETWORKS INC,7747.0,1295472.0,10089.0,1445472.0,2342.0,150000.0
75606N109,Not New,REALPAGE INC,24832.0,2095781.0,52182.0,2736328.0,27350.0,640547.0
45672H104,Not New,INFOBLOX INC,5950.0,372311.0,7952.0,303387.0,2002.0,-68924.0
79466L302,Not New,SALESFORCE COM INC,5233.0,75372.0,3841.0,55161.0,-1392.0,-20211.0
594918104,Sold Out,MICROSOFT CORP,2685.0,60814.0,,,,
45841V109,Sold Out,INTERACTIVE INTELLIGENCE GRO,5051.0,113579.0,,,,
461202103,New Holding,INTUIT,,,4356.0,49077.0,,
690070107,New Holding,OUTERWALL INC,,,653.0,11468.0,,
87918A105,New Holding,TELADOC INC,,,3009.0,134975.0,,
70432V102,Sold Out,PAYCOM SOFTWARE INC,2549.0,74639.0,,,,
10921T101,Not New,BRIGHTCOVE INC,7769.0,1579049.0,10832.0,1579049.0,3063.0,0.0
743424103,Not New,PROOFPOINT INC,7482.0,124036.0,5714.0,89747.0,-1768.0,-34289.0
74736L109,Not New,Q2 HLDGS INC,4825.0,195186.0,4150.0,146896.0,-675.0,-48290.0
753422104,New Holding,RAPID7 INC,,,5133.0,225647.0,,
781220108,Not New,RUCKUS WIRELESS INC,5718.0,481276.0,2441.0,236112.0,-3277.0,-245164.0
300614500,Not New,EXA CORP,3439.0,332959.0,3712.0,332959.0,273.0,0.0
10316T104,New Holding,BOX INC,,,315.0,25000.0,,
204166102,Not New,COMMVAULT SYSTEMS INC,4589.0,135126.0,5731.0,135126.0,1142.0,0.0
74113L102,Not New,PRESS GANEY HLDGS INC,2670.0,90247.0,4282.0,149372.0,1612.0,59125.0
607525102,Not New,MODEL N INC,4600.0,459572.0,5936.0,498427.0,1336.0,38855.0
380237107,New Holding,GODADDY INC,,,4891.0,193994.0,,
91531F103,Sold Out,UNWIRED PLANET INC,912.0,1470956.0,,,,
90184L102,Sold Out,TWITTER INC,3662.0,101116.0,,,,
45336E109,Not New,INCONTACT INC,5385.0,717107.0,2876.0,291394.0,-2509.0,-425713.0
338307101,Sold Out,FIVE9 INC,2671.0,510789.0,,,,
45321L100,Not New,IMPERVA INC,9339.0,142623.0,8036.0,118705.0,-1303.0,-23918.0
76680R206,Not New,RINGCENTRAL INC,9524.0,524718.0,11458.0,619693.0,1934.0,94975.0
00724F101,New Holding,ADOBE SYS INC,,,4282.0,52079.0,,
24802Y105,New Holding,DEMANDWARE INC,,,1343.0,25987.0,,
33812L102,New Holding,FITBIT INC,,,2638.0,70000.0,,
57063L107,Not New,MARKETO INC,5081.0,178771.0,4124.0,146954.0,-957.0,-31817.0
80908T101,Sold Out,SCIQUEST INC,3229.0,218000.0,,,,
00971T101,New Holding,AKAMAI TECHNOLOGIES INC,,,5485.0,79426.0,,
040413106,Not New,ARISTA NETWORKS INC,7660.0,125176.0,6425.0,78599.0,-1235.0,-46577.0
65440R101,Not New,NIMBLE STORAGE INC,3618.0,150000.0,4545.0,161969.0,927.0,11969.0
65440R101,Not New,NIMBLE STORAGE INC,5364.0,222396.0,4545.0,161969.0,-819.0,-60427.0
