CUSIP,status,NAME OF ISSUER,(x$1000)_old,PRN AMT_old,(x$1000),PRN AMT,(x$1000)_change,PRN AMT_change
816883102,Not New,SENDGRID INC,9571.0,340109.0,10988.0,458390.0,1417.0,118281.0
69370C100,Not New,PTC INC,1820.0,23327.0,9852.0,162121.0,8032.0,138794.0
13123E500,Sold Out,CALLIDUS SOFTWARE INC,16064.0,560688.0,,,,
023135106,Not New,AMAZON COM INC,18565.0,12827.0,10398.0,8891.0,-8167.0,-3936.0
G27358103,Sold Out,DESPEGAR COM CORP,2748.0,100000.0,,,,
26210C104,New Holding,DROPBOX INC,,,12908.0,413056.0,,
443573100,Not New,HUBSPOT INC,15678.0,144769.0,13105.0,148245.0,-2573.0,3476.0
705573103,Not New,PEGASYSTEMS INC,5124.0,84485.0,12444.0,263934.0,7320.0,179449.0
594918104,Not New,MICROSOFT CORP,25569.0,280147.0,12222.0,142884.0,-13347.0,-137263.0
874224207,Not New,TALEND S A,32500.0,675405.0,11013.0,293836.0,-21487.0,-381569.0
052769106,Not New,AUTODESK INC,28155.0,224201.0,7928.0,75626.0,-20227.0,-148575.0
23355L106,Not New,DXC TECHNOLOGY CO,27791.0,276444.0,23772.0,250492.0,-4019.0,-25952.0
04685W103,Not New,ATHENAHEALTH INC,6140.0,42928.0,6218.0,46741.0,78.0,3813.0
37940X102,Not New,GLOBAL PMTS INC,568359.0,5096474.0,613045.0,6115768.0,44686.0,1019294.0
981558109,New Holding,WORLDPAY INC,,,29937.0,364025.0,,
743424103,Not New,PROOFPOINT INC,13993.0,123123.0,8409.0,94686.0,-5584.0,-28437.0
74736L109,New Holding,Q2 HLDGS INC,,,4621.0,101439.0,,
05988J103,Not New,BANDWIDTH INC,3120.0,95525.0,6936.0,300000.0,3816.0,204475.0
10316T104,Not New,BOX INC,2436.0,118557.0,14222.0,673377.0,11786.0,554820.0
005125109,New Holding,ACXIOM CORP,,,12212.0,537739.0,,
05351X101,New Holding,AVAYA HLDGS CORP,,,7605.0,339517.0,,
98980G102,New Holding,ZSCALER INC,,,2246.0,80000.0,,
101388106,Not New,BOTTOMLINE TECH DEL INC,20773.0,536081.0,18998.0,547802.0,-1775.0,11721.0
90184L102,New Holding,TWITTER INC,,,3721.0,128268.0,,
34553D101,Sold Out,FORESCOUT TECHNOLOGIES INC,957.0,30000.0,,,,
03835C108,Not New,APPTIO INC,27225.0,960659.0,16517.0,702244.0,-10708.0,-258415.0
29444U700,New Holding,EQUINIX INC,,,5384.0,12877.0,,
92210H105,Sold Out,VANTIV INC,6210.0,84433.0,,,,
90385D107,Sold Out,ULTIMATE SOFTWARE GROUP INC,10036.0,45990.0,,,,
278642103,New Holding,EBAY INC,,,3574.0,88810.0,,
87105L104,Not New,SWITCH INC,8530.0,536157.0,15916.0,875000.0,7386.0,338843.0
45781U103,Not New,INSTRUCTURE INC,25622.0,607876.0,23715.0,716476.0,-1907.0,108600.0
040413106,New Holding,ARISTA NETWORKS INC,,,11535.0,45182.0,,
44157R109,Not New,HOUGHTON MIFFLIN HARCOURT CO,3014.0,433678.0,7832.0,842161.0,4818.0,408483.0
