CUSIP,status,NAME OF ISSUER,(x$1000)_old,PRN AMT_old,(x$1000),PRN AMT,(x$1000)_change,PRN AMT_change
69370C100,Not New,PTC INC,12122.0,219921.0,13717.0,261028.0,1595.0,41107.0
13123E500,New Holding,CALLIDUS SOFTWARE INC,,,5991.0,247572.0,,
023135106,Not New,AMAZON COM INC,5174.0,5345.0,4739.0,5345.0,-435.0,0.0
848637104,Sold Out,SPLUNK INC,7244.0,116300.0,,,,
705573103,Not New,PEGASYSTEMS INC,10987.0,188302.0,13268.0,302571.0,2281.0,114269.0
443573100,Not New,HUBSPOT INC,5452.0,82913.0,9806.0,161953.0,4354.0,79040.0
825211105,Sold Out,SHORETEL INC,2337.0,380000.0,,,,
594918104,Not New,MICROSOFT CORP,9849.0,142884.0,11685.0,177428.0,1836.0,34544.0
81762P102,Sold Out,SERVICENOW INC,6013.0,68743.0,,,,
23355L106,New Holding,DXC TECHNOLOGY CO,,,8250.0,107536.0,,
04685W103,New Holding,ATHENAHEALTH INC,,,10977.0,78097.0,,
92343X100,Not New,VERINT SYS INC,18601.0,457028.0,15743.0,362941.0,-2858.0,-94087.0
11133B409,New Holding,BROADSOFT INC,,,8982.0,208647.0,,
518613203,New Holding,LAUREATE EDUCATION INC,,,8156.0,465236.0,,
00762W107,Not New,ADVISORY BRD CO,9499.0,184441.0,8632.0,184441.0,-867.0,0.0
743424103,Not New,PROOFPOINT INC,5194.0,59815.0,4141.0,55688.0,-1053.0,-4127.0
74736L109,Not New,Q2 HLDGS INC,3179.0,86044.0,2999.0,86044.0,-180.0,0.0
10316T104,New Holding,BOX INC,,,5464.0,299562.0,,
204166102,Not New,COMMVAULT SYSTEMS INC,16173.0,286500.0,12731.0,250614.0,-3442.0,-35886.0
92342Y109,Not New,VERIFONE SYS INC,8943.0,494100.0,8082.0,431503.0,-861.0,-62597.0
92342Y109,Not New,VERIFONE SYS INC,8943.0,494100.0,9254.0,494100.0,311.0,0.0
101388106,Not New,BOTTOMLINE TECH DEL INC,14073.0,547802.0,11633.0,491892.0,-2440.0,-55910.0
M2682V108,Not New,CYBERARK SOFTWARE LTD,11598.0,232200.0,1272.0,25000.0,-10326.0,-207200.0
M2682V108,Not New,CYBERARK SOFTWARE LTD,11598.0,232200.0,6104.0,120000.0,-5494.0,-112200.0
M2682V108,Not New,CYBERARK SOFTWARE LTD,11598.0,232200.0,7122.0,140000.0,-4476.0,-92200.0
M2682V108,Not New,CYBERARK SOFTWARE LTD,1249.0,25000.0,1272.0,25000.0,23.0,0.0
M2682V108,Not New,CYBERARK SOFTWARE LTD,1249.0,25000.0,6104.0,120000.0,4855.0,95000.0
M2682V108,Not New,CYBERARK SOFTWARE LTD,1249.0,25000.0,7122.0,140000.0,5873.0,115000.0
12650T104,Not New,CSRA INC,19452.0,612672.0,17306.0,590857.0,-2146.0,-21815.0
653656108,Sold Out,NICE LTD,1700.0,25000.0,,,,
64829B100,Sold Out,NEW RELIC INC,2224.0,60000.0,,,,
09238E104,Not New,BLACKHAWK NETWORK HLDGS INC,17913.0,410842.0,13630.0,335721.0,-4283.0,-75121.0
45781U103,Not New,INSTRUCTURE INC,24408.0,827378.0,18699.0,799117.0,-5709.0,-28261.0
44157R109,Not New,HOUGHTON MIFFLIN HARCOURT CO,21818.0,1773798.0,9268.0,913150.0,-12550.0,-860648.0
