CUSIP,status,NAME OF ISSUER,(x$1000)_old,PRN AMT_old,(x$1000),PRN AMT,(x$1000)_change,PRN AMT_change
03076C106,Sold Out,AMERIPRISE FINL INC,739.0,4439.0,,,,
12558Y205,Not New,CHP MERGER CORP,11883.0,1201500.0,12204.0,1200000.0,321.0,-1500.0
88642R109,New Holding,TIDEWATER INC NEW,,,518.0,73100.0,,
10922N103,Sold Out,BRIGHTHOUSE FINL INC,237.0,6034.0,,,,
925550AB1,Sold Out,VIAVI SOLUTIONS INC,26738.0,20677000.0,,,,
20854L108,Not New,CNX RESOURCES CORPORATION,37.0,10000.0,218.0,15000.0,181.0,5000.0
20854L108,Not New,CNX RESOURCES CORPORATION,820.0,222200.0,218.0,15000.0,-602.0,-207200.0
670704105,New Holding,NUVASIVE INC,,,2584.0,51000.0,,
413216300,Sold Out,HARMONY GOLD MNG LTD,438.0,120550.0,,,,
87105M110,New Holding,SWITCHBACK ENERGY ACQUISTN C,,,62.0,100000.0,,
122017106,Sold Out,BURLINGTON STORES INC,303.0,1328.0,,,,
513272104,Not New,LAMB WESTON HLDGS INC,1307.0,22898.0,2017.0,23448.0,710.0,550.0
G75130107,Not New,REPLAY ACQUISITION CORP,4945.0,500000.0,5015.0,500000.0,70.0,0.0
464286400,Sold Out,ISHARES INC,593.0,12500.0,,,,
06684L103,Not New,BAOZUN INC,645.0,23100.0,765.0,23100.0,120.0,0.0
759351604,Sold Out,REINSURANCE GRP OF AMERICA I,232.0,1420.0,,,,
00922RAB1,Not New,AIR TRANSPORT SERVICES GRP I,2338.0,2713000.0,14347.0,14665000.0,12009.0,11952000.0
718546104,New Holding,PHILLIPS 66,,,1341.0,25000.0,,
89615T114,Not New,TRIDENT ACQUISITIONS CORP,14.0,151000.0,15.0,151000.0,1.0,0.0
G2692M111,Sold Out,DD3 ACQUISITION CORP,192.0,436100.0,,,,
31811A309,Not New,FINTECH ACQUISITION CORP III,10230.0,1000000.0,10800.0,1000000.0,570.0,0.0
G22707114,Not New,COLLIER CREEK HOLDINGS,796.0,589438.0,680.0,489438.0,-116.0,-100000.0
842587602,Not New,SOUTHERN CO,9697.0,218404.0,9906.0,183783.0,209.0,-34621.0
206787103,Sold Out,CONDUENT INC,101.0,16364.0,,,,
34959J207,Not New,FORTIVE CORP,2821.0,3919.0,23196.0,23846.0,20375.0,19927.0
12662P108,Sold Out,CVR ENERGY INC,203.0,5021.0,,,,
G98338109,Not New,YATRA ONLINE INC,2970.0,2883857.0,6159.0,1955121.0,3189.0,-928736.0
816300107,Sold Out,SELECTIVE INS GROUP INC,203.0,3110.0,,,,
848637104,Sold Out,SPLUNK INC,807.0,5385.0,,,,
23918K108,Sold Out,DAVITA INC,791.0,10547.0,,,,
02128L114,New Holding,ALTA EQUIPMENT GROUP INC,,,45.0,49958.0,,
36467W109,Sold Out,GAMESTOP CORP NEW,119.0,19561.0,,,,
58953M114,New Holding,MERIDA MERGER CORP I,,,210.0,420693.0,,
25179M103,Sold Out,DEVON ENERGY CORP NEW,605.0,23284.0,,,,
36255F201,Sold Out,GS ACQUISITION HLDGS CORP,11338.0,960812.0,,,,
366651107,Sold Out,GARTNER INC,270.0,1754.0,,,,
67103H107,Sold Out,O REILLY AUTOMOTIVE INC NEW,235.0,536.0,,,,
G7998G106,New Holding,SEADRILL LTD,,,4.0,10000.0,,
G6461G114,Not New,NEW FRONTIER HEALTH CORP,1974.0,2089122.0,2851.0,1863153.0,877.0,-225969.0
44919P508,Sold Out,IAC INTERACTIVECORP,1151.0,4619.0,,,,
907818108,Sold Out,UNION PACIFIC CORP,1488.0,8228.0,,,,
375036118,Not New,GIGCAPITAL2 INC,286.0,925000.0,296.0,925000.0,10.0,0.0
88633A115,Sold Out,TIBERIUS ACQUISITION CORP,3292.0,2887483.0,,,,
131476103,New Holding,CALUMET SPECIALTY PRODS PTNR,,,11.0,10000.0,,
131476103,New Holding,CALUMET SPECIALTY PRODS PTNR,,,12.0,11100.0,,
57636Q104,Sold Out,MASTERCARD INC,653.0,2188.0,,,,
049430101,New Holding,ATLAS TECHNICAL CONSULTANTS,,,502.0,58497.0,,
00751Y106,Sold Out,ADVANCE AUTO PARTS INC,395.0,2466.0,,,,
177376100,Sold Out,CITRIX SYS INC,231.0,2085.0,,,,
816851406,Not New,SEMPRA ENERGY,2402.0,25960.0,282.0,2346.0,-2120.0,-23614.0
G22707106,Not New,COLLIER CREEK HOLDINGS,1023.0,100000.0,1028.0,100000.0,5.0,0.0
52539T115,Not New,LEISURE ACQUISITION CORP,387.0,2276640.0,1980.0,1917217.0,1593.0,-359423.0
38286G109,Sold Out,GORES HOLDINGS III INC,8341.0,806709.0,,,,
00430HAB8,Not New,ACCELERATE DIAGNOSTICS INC,820.0,1500000.0,1162.0,1500000.0,342.0,0.0
207410AF8,New Holding,CONMED CORP,,,11326.0,12108000.0,,
83304A106,Not New,SNAP INC,398.0,33450.0,264.0,16150.0,-134.0,-17300.0
78468R556,New Holding,SPDR SER TR,,,494.0,15000.0,,
30162V102,Not New,EXELA TECHNOLOGIES INC,12.0,60876.0,61.0,148822.0,49.0,87946.0
34986F111,Not New,FORUM MERGER II CORP,1507.0,5581129.0,2398.0,5212949.0,891.0,-368180.0
67020YAN0,Not New,NUANCE COMMUNICATIONS INC,3120.0,2875000.0,37481.0,33680000.0,34361.0,30805000.0
382872117,Not New,GORES METROPOULOS INC,124.0,95313.0,143.0,95313.0,19.0,0.0
02079K107,Sold Out,ALPHABET INC,7114.0,5321.0,,,,
852234103,Sold Out,SQUARE INC,776.0,12400.0,,,,
44107P104,Sold Out,HOST HOTELS & RESORTS INC,229.0,12336.0,,,,
458140100,Sold Out,INTEL CORP,1474.0,24623.0,,,,
457867117,Not New,INSURANCE ACQUISITION CORP,453.0,464268.0,179.0,150371.0,-274.0,-313897.0
G75130115,Not New,REPLAY ACQUISITION CORP,1282.0,2172074.0,1661.0,1977824.0,379.0,-194250.0
00436Q114,Not New,ACCEL ENTERTAINMENT INC,903.0,602019.0,1776.0,602019.0,873.0,0.0
744320102,Sold Out,PRUDENTIAL FINL INC,432.0,4612.0,,,,
044103109,Sold Out,ASHFORD HOSPITALITY TR INC,28.0,10000.0,,,,
007903107,Sold Out,ADVANCED MICRO DEVICES INC,2297.0,50098.0,,,,
91232N108,Sold Out,UNITED STATES OIL FUND LP,448.0,35000.0,,,,
524643103,Not New,LEGACY ACQUISITION CORP,2722.0,262442.0,2745.0,267250.0,23.0,4808.0
48242A120,Not New,KBL MERGER CORP IV,22.0,144668.0,22.0,144668.0,0.0,0.0
01973R101,Sold Out,ALLISON TRANSMISSION HLDGS I,231.0,4779.0,,,,
78409V104,Sold Out,S&P GLOBAL INC,236.0,865.0,,,,
737446104,Sold Out,POST HLDGS INC,233.0,2133.0,,,,
004285110,Not New,ACAMAR PARTNERS ACQSITION CO,80.0,166666.0,125.0,166666.0,45.0,0.0
46090E103,Sold Out,INVESCO QQQ TR,850.0,4000.0,,,,
17143G114,New Holding,CHURCHILL CAP CORP II,,,1311.0,794668.0,,
17143G205,Not New,CHURCHILL CAP CORP II,23265.0,2250000.0,24252.0,2250000.0,987.0,0.0
615369105,Sold Out,MOODYS CORP,236.0,994.0,,,,
G5480U104,Sold Out,LIBERTY GLOBAL PLC,433.0,19039.0,,,,
G8708A108,Not New,TENZING ACQUISITION CORP,74.0,820600.0,151.0,604500.0,77.0,-216100.0
42087L200,Not New,HAYMAKER ACQUISITION CORP II,10100.0,1000000.0,10500.0,1000000.0,400.0,0.0
780287108,Sold Out,ROYAL GOLD INC,477.0,3900.0,,,,
89628U116,Not New,TRINE ACQUISITION CORP,47.0,78200.0,238.0,250000.0,191.0,171800.0
98986T108,New Holding,ZYNGA INC,,,269.0,39300.0,,
36255F110,Sold Out,GS ACQUISITION HLDGS CORP,3101.0,1345207.0,,,,
03965L100,Sold Out,ARCONIC INC,222.0,7206.0,,,,
92189F791,New Holding,VANECK VECTORS ETF TR,,,1124.0,40000.0,,
05352A209,Not New,AVANTOR INC,483.0,11144.0,3282.0,52093.0,2799.0,40949.0
844895102,Sold Out,SOUTHWEST GAS HOLDINGS INC,255.0,3358.0,,,,
30734W109,Not New,FAR PT ACQUISITION CORP,22698.0,2242843.0,17801.0,1723229.0,-4897.0,-519614.0
30063P105,Sold Out,EXACT SCIENCES CORP,1048.0,11328.0,,,,
524643202,Sold Out,LEGACY ACQUISITION CORP,2621.0,245192.0,,,,
G2692M129,Sold Out,DD3 ACQUISITION CORP,3024.0,280000.0,,,,
09857L108,Sold Out,BOOKING HLDGS INC,304.0,148.0,,,,
G67145121,Not New,OAKTREE ACQUISITION CORP,2498.0,250000.0,2550.0,250000.0,52.0,0.0
G21513125,New Holding,CITIC CAPITAL ACQUISITION CO,,,5916.0,600000.0,,
531229870,Not New,LIBERTY MEDIA CORP DEL,923.0,35748.0,4858.0,110961.0,3935.0,75213.0
031162100,Sold Out,AMGEN INC,395.0,1639.0,,,,
64110D104,Sold Out,NETAPP INC,819.0,13149.0,,,,
30734W208,Not New,FAR PT ACQUISITION CORP,22644.0,2230859.0,24040.0,2225959.0,1396.0,-4900.0
50201G205,Not New,LGL SYS ACQUISITION CORP,8560.0,850000.0,8670.0,850000.0,110.0,0.0
00507V109,Sold Out,ACTIVISION BLIZZARD INC,212.0,3571.0,,,,
09061G101,Not New,BIOMARIN PHARMACEUTICAL INC,652.0,7715.0,483.0,5715.0,-169.0,-2000.0
74251V102,Sold Out,PRINCIPAL FINL GROUP INC,234.0,4251.0,,,,
29336T100,Sold Out,ENLINK MIDSTREAM LLC,220.0,35900.0,,,,
85207U105,Sold Out,SPRINT CORPORATION,203.0,39054.0,,,,
846784122,Not New,SPARTAN ENERGY ACQUISITION C,1578.0,3156439.0,1591.0,2893439.0,13.0,-263000.0
172967424,Sold Out,CITIGROUP INC,4029.0,50436.0,,,,
55616P104,Sold Out,MACYS INC,186.0,10956.0,,,,
037347101,Sold Out,ANWORTH MORTGAGE ASSET CP,46.0,12943.0,,,,
185899AA9,Not New,CLEVELAND CLIFFS INC,6502.0,9351000.0,11488.0,9551000.0,4986.0,200000.0
19459JAA2,New Holding,COLLEGIUM PHARMACEUTICAL INC,,,2368.0,2570000.0,,
38059T106,Sold Out,GOLD FIELDS LTD NEW,453.0,68600.0,,,,
668771108,Sold Out,NORTONLIFELOCK INC,2567.0,100586.0,,,,
75321W111,Sold Out,RANPAK HLDGS CORP,1019.0,893684.0,,,,
854502101,New Holding,STANLEY BLACK & DECKER INC,,,804.0,8036.0,,
233331842,Not New,DTE ENERGY CO,9962.0,264529.0,18421.0,359362.0,8459.0,94833.0
04010L103,Sold Out,ARES CAP CORP,354.0,18997.0,,,,
L5140P101,Sold Out,INTELSAT S A,77.0,11000.0,,,,
189054109,Sold Out,CLOROX CO DEL,236.0,1537.0,,,,
G79448109,New Holding,SCVX CORP,,,4985.0,500000.0,,
G22707122,Not New,COLLIER CREEK HOLDINGS,7892.0,773000.0,8310.0,773000.0,418.0,0.0
L0164E116,Not New,AKAZOO SA,659.0,2015949.0,1000.0,2000949.0,341.0,-15000.0
78468R622,Not New,SPDR SER TR,255201.0,2693701.0,35283.0,322106.0,-219918.0,-2371595.0
12572Q105,Not New,CME GROUP INC,4971.0,28750.0,9032.0,45000.0,4061.0,16250.0
09090D111,Not New,BIOMX INC,48.0,80605.0,38.0,80605.0,-10.0,0.0
64083J112,New Holding,NESCO HLDGS INC,,,52.0,288922.0,,
235851300,New Holding,DANAHER CORPORATION,,,285.0,276.0,,
17275R102,Sold Out,CISCO SYS INC,532.0,11101.0,,,,
345370860,Sold Out,FORD MTR CO DEL,234.0,25170.0,,,,
10319T101,Sold Out,BOXWOOD MERGER CORP,5540.0,545270.0,,,,
020002101,Sold Out,ALLSTATE CORP,479.0,4258.0,,,,
65339F770,New Holding,NEXTERA ENERGY INC,,,24583.0,557571.0,,
594918104,Sold Out,MICROSOFT CORP,3343.0,21200.0,,,,
594918104,Sold Out,MICROSOFT CORP,3343.0,21200.0,,,,
N14506104,Sold Out,ELASTIC N V,202.0,3146.0,,,,
42087L119,Not New,HAYMAKER ACQUISITION CORP II,315.0,300000.0,423.0,300000.0,108.0,0.0
229663109,Sold Out,CUBESMART,218.0,6920.0,,,,
G67145113,New Holding,OAKTREE ACQUISITION CORP,,,183.0,175871.0,,
78464A730,Sold Out,SPDR SERIES TRUST,2160.0,91122.0,,,,
78464A730,Sold Out,SPDR SERIES TRUST,2370.0,100000.0,,,,
49338L103,Sold Out,KEYSIGHT TECHNOLOGIES INC,286.0,2784.0,,,,
824689AG8,Not New,SHIP FIN INTL LTD,1463.0,1600000.0,1804.0,1600000.0,341.0,0.0
12558Y114,New Holding,CHP MERGER CORP,,,680.0,1258611.0,,
445658107,Sold Out,HUNT J B TRANS SVCS INC,1131.0,9686.0,,,,
72582K209,Sold Out,PIVOTAL INVT CORP II,4080.0,400000.0,,,,
316773100,Sold Out,FIFTH THIRD BANCORP,516.0,16778.0,,,,
74624M102,Sold Out,PURE STORAGE INC,311.0,18200.0,,,,
88160R101,Sold Out,TESLA INC,7711.0,18434.0,,,,
428291108,Sold Out,HEXCEL CORP NEW,204.0,2779.0,,,,
538146101,Sold Out,LIVEPERSON INC,241.0,6510.0,,,,
92840M102,Sold Out,VISTRA ENERGY CORP,204.0,8891.0,,,,
68839R401,Not New,OSPREY TECHNLGY AQUISTION CO,24184.0,2477900.0,25196.0,2475000.0,1012.0,-2900.0
097023105,Sold Out,BOEING CO,204.0,625.0,,,,
384802104,Sold Out,GRAINGER W W INC,532.0,1571.0,,,,
464287655,Not New,ISHARES TR,17169.0,150000.0,828.0,5000.0,-16341.0,-145000.0
531229AF9,Not New,LIBERTY MEDIA CORP DEL,948.0,1000000.0,6035.0,4529000.0,5087.0,3529000.0
252131107,Sold Out,DEXCOM INC,980.0,4480.0,,,,
629076209,Not New,NEBULA ACQUISITION CORP,6457.0,606000.0,6551.0,606000.0,94.0,0.0
089482129,Not New,BIG ROCK PARTNERS ACQUISI CO,20.0,150000.0,39.0,150000.0,19.0,0.0
G5463L113,Not New,LEO HOLDINGS CORP,2174.0,3397255.0,1635.0,2465238.0,-539.0,-932017.0
37950E366,Sold Out,GLOBAL X FDS,3105.0,306535.0,,,,
075887208,Not New,BECTON DICKINSON & CO,4763.0,91115.0,14256.0,217780.0,9493.0,126665.0
701877102,New Holding,PARSLEY ENERGY INC,,,335.0,58500.0,,
30283W104,New Holding,FTS INTERNATIONAL INC,,,17.0,75000.0,,
38045R206,Sold Out,GOL LINHAS AEREAS INTLG S A,2460.0,136124.0,,,,
42589C112,Sold Out,HENNESSY CAP ACQUSTION CORP,272.0,339476.0,,,,
166764100,Not New,CHEVRON CORP NEW,1884.0,26000.0,3133.0,26000.0,1249.0,0.0
060505104,Sold Out,BANK AMER CORP,8837.0,250896.0,,,,
704551100,Not New,PEABODY ENERGY CORP NEW,253.0,87300.0,456.0,50000.0,203.0,-37300.0
580135101,Sold Out,MCDONALDS CORP,289.0,1462.0,,,,
595112103,Sold Out,MICRON TECHNOLOGY INC,546.0,10152.0,,,,
81369Y506,Sold Out,SELECT SECTOR SPDR TR,272.0,4528.0,,,,
39813G109,New Holding,GRID DYNAMICS HLDGS INC,,,16567.0,2070869.0,,
37247D106,Sold Out,GENWORTH FINL INC,55.0,12500.0,,,,
143130102,Sold Out,CARMAX INC,203.0,2312.0,,,,
525327102,Sold Out,LEIDOS HLDGS INC,321.0,3282.0,,,,
01749N111,Not New,ALLEGRO MERGER CORP,80.0,1591665.0,167.0,930140.0,87.0,-661525.0
40171VAA8,New Holding,GUIDEWIRE SOFTWARE INC,,,1971.0,2000000.0,,
629076118,Not New,NEBULA ACQUISITION CORP,2595.0,2569105.0,714.0,570900.0,-1881.0,-1998205.0
90070A103,Sold Out,TUSCAN HLDGS CORP II,247.0,25000.0,,,,
538034AQ2,Sold Out,LIVE NATION ENTERTAINMENT IN,9451.0,7693000.0,,,,
G5463L105,Not New,LEO HOLDINGS CORP,11989.0,1163946.0,4405.0,425987.0,-7584.0,-737959.0
318085206,Not New,FINSERV ACQUISITION CORP,2016.0,200000.0,2046.0,200000.0,30.0,0.0
71375UAB7,Not New,PERFICIENT INC,7253.0,7577000.0,6585.0,4858000.0,-668.0,-2719000.0
G6455A115,New Holding,NETFIN ACQUISITION CORP,,,1440.0,3692483.0,,
92766K114,Sold Out,VIRGIN GALACTIC HOLDINGS INC,37.0,11068.0,,,,
989701107,Sold Out,ZIONS BANCORPORATION N A,303.0,5832.0,,,,
H42097107,New Holding,UBS GROUP AG,,,2778.0,300000.0,,
037833100,Sold Out,APPLE INC,8985.0,30597.0,,,,
14149Y108,Sold Out,CARDINAL HEALTH INC,374.0,7397.0,,,,
11777Q209,Sold Out,B2GOLD CORP,60.0,15000.0,,,,
G0684D107,Sold Out,ATHENE HLDG LTD,236.0,5026.0,,,,
78464A698,Sold Out,SPDR SERIES TRUST,786.0,13500.0,,,,
459506309,Not New,INTERNATIONAL FLAVORS&FRAGRA,2105.0,55136.0,14533.0,302709.0,12428.0,247573.0
25470F302,Sold Out,DISCOVERY INC,273.0,8957.0,,,,
70957E113,New Holding,PENSARE ACQUISITION CORP,,,425.0,8506786.0,,
450913108,Sold Out,IAMGOLD CORP,282.0,75700.0,,,,
254709108,Sold Out,DISCOVER FINL SVCS,246.0,2906.0,,,,
68839R120,Not New,OSPREY TECHNLGY AQUISTION CO,1049.0,1248630.0,765.0,850000.0,-284.0,-398630.0
171340102,Sold Out,CHURCH & DWIGHT INC,845.0,12013.0,,,,
216648402,Sold Out,COOPER COS INC,328.0,1020.0,,,,
949746101,Sold Out,WELLS FARGO CO NEW,6797.0,126342.0,,,,
149123101,Sold Out,CATERPILLAR INC DEL,837.0,5669.0,,,,
81761R109,Sold Out,SERVICEMASTER GLOBAL HLDGS I,261.0,6745.0,,,,
83406B119,New Holding,SOFTWARE ACQUISITION GROUP I,,,138.0,250000.0,,
05988J103,New Holding,BANDWIDTH INC,,,2116.0,31442.0,,
03748R754,Sold Out,APARTMENT INVT & MGMT CO,220.0,4256.0,,,,
48205G205,Not New,JUNIPER INDL HLDGS INC,10176.0,1001600.0,10216.0,1001600.0,40.0,0.0
03762UAB1,Sold Out,APOLLO COML REAL EST FIN INC,354.0,351000.0,,,,
617446448,Sold Out,MORGAN STANLEY,1108.0,21676.0,,,,
01749N129,Not New,ALLEGRO MERGER CORP,157.0,1741384.0,509.0,1595707.0,352.0,-145677.0
941848103,Sold Out,WATERS CORP,453.0,1938.0,,,,
71654V408,Sold Out,PETROLEO BRASILEIRO SA PETRO,1036.0,65000.0,,,,
88339J105,Sold Out,THE TRADE DESK INC,206.0,792.0,,,,
22822V309,Sold Out,CROWN CASTLE INTL CORP NEW,2758.0,2152.0,,,,
34407Y202,New Holding,FLYING EAGLE ACQUISITION COR,,,19940.0,2000000.0,,
808513105,Sold Out,THE CHARLES SCHWAB CORPORATI,590.0,12401.0,,,,
671044AD7,Sold Out,OSI SYSTEMS INC,5080.0,4629000.0,,,,
58933Y105,Sold Out,MERCK & CO INC,225.0,2472.0,,,,
911312106,Sold Out,UNITED PARCEL SERVICE INC,658.0,5623.0,,,,
45773HAB8,New Holding,INOVIO PHARMACEUTICALS INC,,,741.0,500000.0,,
38286G117,Sold Out,GORES HOLDINGS III INC,1859.0,1199098.0,,,,
31946M103,Sold Out,FIRST CTZNS BANCSHARES INC N,202.0,379.0,,,,
90346E103,Sold Out,U S SILICA HLDGS INC,64.0,10360.0,,,,
422806109,Sold Out,HEICO CORP NEW,539.0,4718.0,,,,
461202103,Sold Out,INTUIT,296.0,1131.0,,,,
524660107,Sold Out,LEGGETT & PLATT INC,659.0,12970.0,,,,
42227L201,Not New,HEALTHCARE MERGER CORP,12360.0,1200000.0,12420.0,1200000.0,60.0,0.0
25258L117,New Holding,DIAMOND EAGLE ACQUISITION CO,,,164.0,57175.0,,
N59465109,Sold Out,MYLAN N V,974.0,48469.0,,,,
382788115,Not New,GORDON POINTE ACQUISITION CO,932.0,5175265.0,1576.0,4378765.0,644.0,-796500.0
70957E105,Sold Out,PENSARE ACQUISITION CORP,213599.0,20080928.0,,,,
15911M107,Sold Out,CHANGYOU COM LTD,25748.0,2630000.0,,,,
90184L102,Sold Out,TWITTER INC,224.0,7004.0,,,,
95040Q104,New Holding,WELLTOWER INC,,,3223.0,70400.0,,
95040Q104,New Holding,WELLTOWER INC,,,4029.0,88000.0,,
496902404,Sold Out,KINROSS GOLD CORP,557.0,117500.0,,,,
91529Y106,Sold Out,UNUM GROUP,259.0,8872.0,,,,
665531109,New Holding,NORTHERN OIL & GAS INC NEV,,,40.0,60000.0,,
58518F117,Not New,MEGALITH FINL ACQUISITION CO,721.0,3279352.0,754.0,2355752.0,33.0,-923600.0
88160RAG6,Sold Out,TESLA INC,15848.0,10437000.0,,,,
008474108,Sold Out,AGNICO EAGLE MINES LTD,598.0,9700.0,,,,
81369Y605,New Holding,SELECT SECTOR SPDR TR,,,499.0,23957.0,,
87236Y108,Sold Out,TD AMERITRADE HLDG CORP,234.0,4701.0,,,,
366505105,Sold Out,GARRETT MOTION INC,375.0,37499.0,,,,
00971T101,Sold Out,AKAMAI TECHNOLOGIES INC,283.0,3275.0,,,,
775711104,Sold Out,ROLLINS INC,203.0,6112.0,,,,
539830109,Sold Out,LOCKHEED MARTIN CORP,236.0,606.0,,,,
225310101,Sold Out,CREDIT ACCEP CORP MICH,644.0,1455.0,,,,
G4603R130,Not New,HL ACQUISITIONS CORP,53.0,666699.0,169.0,666699.0,116.0,0.0
51476X113,Not New,LANDCADIA HLDGS II INC,120.0,300000.0,216.0,300000.0,96.0,0.0
92189F106,Not New,VANECK VECTORS ETF TR,230.0,10000.0,293.0,10000.0,63.0,0.0
747525103,Sold Out,QUALCOMM INC,235.0,2662.0,,,,
92243N103,New Holding,VECTOIQ ACQUISITION CORP,,,8193.0,769977.0,,
249908AA2,Sold Out,ASSERTIO THERAPEUTICS INC,2236.0,3000000.0,,,,
16411R208,Sold Out,CHENIERE ENERGY INC,209.0,3417.0,,,,
624745113,Not New,MUDRICK CAP ACQUISITION CORP,2029.0,5797580.0,2051.0,4185782.0,22.0,-1611798.0
52539T206,Not New,LEISURE ACQUISITION CORP,497.0,50000.0,544.0,50000.0,47.0,0.0
64822P106,Not New,NEW PROVIDENCE ACQUISITION,977.0,100000.0,987.0,100000.0,10.0,0.0
N31738102,Sold Out,FIAT CHRYSLER AUTOMOBILES N,250.0,17016.0,,,,
7591EP100,Sold Out,REGIONS FINL CORP NEW,397.0,23125.0,,,,
55272XAA0,Not New,MFA FINL INC,3665.0,6121000.0,7946.0,7596000.0,4281.0,1475000.0
22266L106,Not New,COUPA SOFTWARE INC,601.0,4300.0,2245.0,15349.0,1644.0,11049.0
838884203,Not New,SOUTH MTN MERGER CORP,22164.0,2227500.0,23188.0,2227500.0,1024.0,0.0
70957E121,New Holding,PENSARE ACQUISITION CORP,,,1673.0,11948639.0,,
G3165V117,Not New,ARYA SCIENCES ACQUISITION CO,6655.0,605000.0,6912.0,601000.0,257.0,-4000.0
958102105,Sold Out,WESTERN DIGITAL CORP,226.0,3554.0,,,,
00162Q866,Sold Out,ALPS ETF TR,2550.0,300000.0,,,,
G88950137,Sold Out,TKK SYMPHONY ACQUISITION COR,799.0,3194069.0,,,,
25258L208,Sold Out,DIAMOND EAGLE ACQUISITION CO,5489.0,466877.0,,,,
P1666E105,New Holding,BETTERWARE DE MEXCO S A DE C,,,467.0,50000.0,,
436106108,Sold Out,HOLLYFRONTIER CORP,237.0,4674.0,,,,
90070A111,Not New,TUSCAN HLDGS CORP II,78.0,312500.0,141.0,312500.0,63.0,0.0
92243N111,Not New,VECTOIQ ACQUISITION CORP,13737.0,7044654.0,2798.0,4741555.0,-10939.0,-2303099.0
98462Y100,Sold Out,YAMANA GOLD INC,95.0,24100.0,,,,
45667GAC7,Not New,INFINERA CORP,2417.0,3005000.0,9847.0,9430000.0,7430.0,6425000.0
156782104,Sold Out,CERNER CORP,310.0,4218.0,,,,
30607B208,Not New,FALCON MINERALS CORP,571.0,3806877.0,1142.0,3806877.0,571.0,0.0
65366HAB9,Not New,NICE SYS INC,42684.0,24039000.0,44130.0,23039000.0,1446.0,-1000000.0
29786A106,Sold Out,ETSY INC,302.0,6828.0,,,,
22282E102,New Holding,COVANTA HLDG CORP,,,428.0,50000.0,,
89154L118,Not New,TORTOISE ACQUISITION CORP,173.0,620007.0,290.0,620007.0,117.0,0.0
62914VAB2,New Holding,NIO INC,,,1811.0,3500000.0,,
G51502105,Sold Out,JOHNSON CTLS INTL PLC,936.0,23004.0,,,,
237194105,Sold Out,DARDEN RESTAURANTS INC,203.0,1858.0,,,,
857477103,Sold Out,STATE STR CORP,885.0,11188.0,,,,
28414H202,New Holding,ELANCO ANIMAL HEALTH INC,,,355.0,8620.0,,
11135B118,Not New,BROADMARK RLTY CAP INC,3909.0,17769417.0,6005.0,15803875.0,2096.0,-1965542.0
03768F201,Not New,APEX TECHNOLOGY ACQUISITION,8120.0,800000.0,8376.0,800000.0,256.0,0.0
G1611B107,Not New,BROOGE HLDGS LTD,10272.0,838524.0,14533.0,1645842.0,4261.0,807318.0
806407102,Sold Out,HENRY SCHEIN INC,1192.0,17866.0,,,,
74736L109,Sold Out,Q2 HLDGS INC,234.0,2889.0,,,,
983134107,Sold Out,WYNN RESORTS LTD,1127.0,8112.0,,,,
74275G107,Not New,PRIORITY TECHNOLOGY HLDGS IN,757.0,390084.0,956.0,390084.0,199.0,0.0
971375126,Not New,WILLSCOT CORP,410.0,40454.0,748.0,40454.0,338.0,0.0
464288513,Not New,ISHARES TR,17341.0,225000.0,79806.0,907500.0,62465.0,682500.0
025932104,Sold Out,AMERICAN FINL GROUP INC OHIO,233.0,2128.0,,,,
126408103,Sold Out,CSX CORP,1062.0,14677.0,,,,
G39973113,New Holding,GLRY STR NW MDIA GRUP HLDG L,,,418.0,5235390.0,,
464287242,Not New,ISHARES TR,37053.0,300000.0,32730.0,255780.0,-4323.0,-44220.0
609754114,Not New,MONOCLE ACQUISITION CORP,1434.0,4779350.0,3394.0,4525200.0,1960.0,-254150.0
65339F796,Not New,NEXTERA ENERGY INC,12188.0,257451.0,2875.0,56064.0,-9313.0,-201387.0
17144C203,New Holding,CHURCHILL CAP CORP III,,,48930.0,4893040.0,,
011532108,Sold Out,ALAMOS GOLD INC NEW,209.0,34800.0,,,,
78463V107,New Holding,SPDR GOLD TRUST,,,9253.0,62500.0,,
524643111,Not New,LEGACY ACQUISITION CORP,2186.0,8743165.0,3636.0,6762896.0,1450.0,-1980269.0
418056107,Sold Out,HASBRO INC,989.0,9368.0,,,,
17243V102,New Holding,CINEMARK HOLDINGS INC,,,204.0,20000.0,,
464288281,Not New,ISHARES TR,86287.0,892500.0,6874.0,60000.0,-79413.0,-832500.0
464288281,Not New,ISHARES TR,86287.0,892500.0,11456.0,100000.0,-74831.0,-792500.0
464288281,Not New,ISHARES TR,12626.0,130600.0,6874.0,60000.0,-5752.0,-70600.0
464288281,Not New,ISHARES TR,12626.0,130600.0,11456.0,100000.0,-1170.0,-30600.0
29670G201,New Holding,ESSENTIAL UTILS INC,,,717.0,13389.0,,
854502846,Sold Out,STANLEY BLACK & DECKER INC,1917.0,17592.0,,,,
758075402,New Holding,REDWOOD TR INC,,,138.0,27300.0,,
810186106,Sold Out,SCOTTS MIRACLE GRO CO,230.0,2166.0,,,,
50200K116,Not New,LF CAP ACQUISITION CORP,1154.0,4437104.0,1665.0,3700220.0,511.0,-736884.0
025816109,Sold Out,AMERICAN EXPRESS CO,250.0,2008.0,,,,
25258L109,Sold Out,DIAMOND EAGLE ACQUISITION CO,3578.0,334385.0,,,,
87165B103,Sold Out,SYNCHRONY FINL,237.0,6582.0,,,,
46571Y107,New Holding,I3 VERTICALS INC,,,656.0,34340.0,,
57665R106,Sold Out,MATCH GROUP INC,235.0,2861.0,,,,
98138HAF8,Sold Out,WORKDAY INC,19.0,15000.0,,,,
64083J104,Not New,NESCO HLDGS INC,497.0,151399.0,809.0,196761.0,312.0,45362.0
629076100,Not New,NEBULA ACQUISITION CORP,20132.0,1983400.0,1054.0,100000.0,-19078.0,-1883400.0
00971TAJ0,New Holding,AKAMAI TECHNOLOGIES INC,,,1936.0,1743000.0,,
11135B100,Not New,BROADMARK RLTY CAP INC,6044.0,803770.0,6415.0,503168.0,371.0,-300602.0
03762UAC9,Sold Out,APOLLO COML REAL EST FIN INC,6057.0,5972000.0,,,,
48205G114,New Holding,JUNIPER INDL HLDGS INC,,,118.0,210500.0,,
74139C102,Sold Out,PRETIUM RES INC,237.0,21300.0,,,,
46122TAA0,Not New,INTREXON CORP,1242.0,2320000.0,1428.0,2320000.0,186.0,0.0
278715206,New Holding,EBIX INC,,,1646.0,108400.0,,
72919PAB9,Not New,PLUG POWER INC,3178.0,2000000.0,2721.0,2000000.0,-457.0,0.0
87105M201,Sold Out,SWITCHBACK ENERGY ACQUISITIO,3009.0,300000.0,,,,
174610105,Sold Out,CITIZENS FINL GROUP INC,454.0,11176.0,,,,
751212101,Sold Out,RALPH LAUREN CORP,230.0,1959.0,,,,
523768109,New Holding,LEE ENTERPRISES INC,,,86.0,87477.0,,
523768109,New Holding,LEE ENTERPRISES INC,,,88.0,89600.0,,
04621X108,Sold Out,ASSURANT INC,380.0,2901.0,,,,
15912K209,Sold Out,CHANGE HEALTHCARE INC,4496.0,74942.0,,,,
422806208,Sold Out,HEICO CORP NEW,203.0,2265.0,,,,
81369Y308,Not New,SELECT SECTOR SPDR TR,12664.0,232500.0,15115.0,240000.0,2451.0,7500.0
81369Y308,Not New,SELECT SECTOR SPDR TR,12664.0,232500.0,2519.0,40000.0,-10145.0,-192500.0
03768E105,Sold Out,APOLLO GLOBAL MGMT INC,233.0,4885.0,,,,
G8136L114,Not New,SILVER SPIKE ACQUISITION COR,98.0,250000.0,100.0,250000.0,2.0,0.0
48242A112,Not New,KBL MERGER CORP IV,30.0,434668.0,35.0,434668.0,5.0,0.0
45841N107,Sold Out,INTERACTIVE BROKERS GROUP IN,236.0,5072.0,,,,
025537101,New Holding,AMERICAN ELEC PWR CO INC,,,1964.0,24560.0,,
194014205,Not New,COLFAX CORP,3944.0,42942.0,306.0,1942.0,-3638.0,-41000.0
83192H106,Sold Out,SMILEDIRECTCLUB INC,267.0,30586.0,,,,
231021106,Sold Out,CUMMINS INC,551.0,3078.0,,,,
15189T503,Not New,CENTERPOINT ENERGY INC,4527.0,157178.0,8177.0,167769.0,3650.0,10591.0
16119P108,Sold Out,CHARTER COMMUNICATIONS INC N,1359.0,2801.0,,,,
G65431101,Sold Out,NOBLE CORP PLC,54.0,44321.0,,,,
46428Q109,Sold Out,ISHARES SILVER TRUST,834.0,50000.0,,,,
00287Y109,Sold Out,ABBVIE INC,1518.0,17148.0,,,,
08862E109,Sold Out,BEYOND MEAT INC,204.0,2704.0,,,,
37045V100,Sold Out,GENERAL MTRS CO,233.0,6372.0,,,,
654106103,Sold Out,NIKE INC,319.0,3148.0,,,,
30734W117,Not New,FAR PT ACQUISITION CORP,1666.0,3084571.0,2363.0,1832102.0,697.0,-1252469.0
83406B200,New Holding,SOFTWARE ACQUISITION GROUP I,,,2360.0,250000.0,,
G88950129,Sold Out,TKK SYMPHONY ACQUISITION COR,314.0,5235390.0,,,,
233253202,New Holding,DMY TECHNOLOGY GROUP INC,,,6881.0,700000.0,,
243537107,Sold Out,DECKERS OUTDOOR CORP,229.0,1359.0,,,,
464287234,Not New,ISHARES TR,768.0,22500.0,65062.0,1450000.0,64294.0,1427500.0
02156B103,Sold Out,ALTERYX INC,421.0,4203.0,,,,
12528N115,Not New,CF FIN ACQUISITION CORP,640.0,1280355.0,1138.0,1264355.0,498.0,-16000.0
058498106,Sold Out,BALL CORP,629.0,9726.0,,,,
298736109,Sold Out,EURONET WORLDWIDE INC,1497.0,9500.0,,,,
68373P118,Not New,OPES ACQUISITION CORP,12.0,166468.0,30.0,165468.0,18.0,-1000.0
592688105,Sold Out,METTLER TOLEDO INTERNATIONAL,235.0,296.0,,,,
16166A111,Sold Out,CHASERG TECHNLGY ACQUISITN C,4347.0,1975794.0,,,,
G5510C124,Not New,LIV CAP ACQUISITION CORP,1715.0,175000.0,1761.0,175000.0,46.0,0.0
05464T104,Sold Out,AXSOME THERAPEUTICS INC,437.0,4227.0,,,,
876030107,Sold Out,TAPESTRY INC,237.0,8787.0,,,,
848574109,Sold Out,SPIRIT AEROSYSTEMS HLDGS INC,204.0,2805.0,,,,
452327109,Sold Out,ILLUMINA INC,531.0,1600.0,,,,
78410G104,Sold Out,SBA COMMUNICATIONS CORP NEW,379.0,1572.0,,,,
382872208,Not New,GORES METROPOULOS INC,7233.0,700100.0,7434.0,700000.0,201.0,-100.0
G7945M107,Sold Out,SEAGATE TECHNOLOGY PLC,280.0,4704.0,,,,
670704AG0,Sold Out,NUVASIVE INC,7149.0,5346000.0,,,,
91734M111,Not New,US ECOLOGY INC,142.0,32327.0,709.0,61127.0,567.0,28800.0
46625H100,Sold Out,JPMORGAN CHASE & CO,5053.0,36251.0,,,,
11135F101,Sold Out,BROADCOM INC,1514.0,4792.0,,,,
58039P107,Sold Out,MCEWEN MNG INC,888.0,699400.0,,,,
679295105,New Holding,OKTA INC,,,746.0,6100.0,,
M98068105,Not New,WIX COM LTD,252.0,2500.0,906.0,7400.0,654.0,4900.0
25746U133,Not New,DOMINION ENERGY INC,3953.0,42963.0,2551.0,23841.0,-1402.0,-19122.0
256163106,Not New,DOCUSIGN INC,1885.0,20400.0,1393.0,18800.0,-492.0,-1600.0
200340107,Sold Out,COMERICA INC,281.0,3921.0,,,,
302301AF3,Sold Out,EZCORP INC,1897.0,2000000.0,,,,
59156R108,Sold Out,METLIFE INC,1055.0,20695.0,,,,
444859102,Sold Out,HUMANA INC,882.0,2406.0,,,,
78462F103,Not New,SPDR S&P 500 ETF TR,32219.0,125000.0,3090.0,9600.0,-29129.0,-115400.0
78462F103,Not New,SPDR S&P 500 ETF TR,32219.0,125000.0,101708.0,316000.0,69489.0,191000.0
78462F103,Not New,SPDR S&P 500 ETF TR,215221.0,835000.0,3090.0,9600.0,-212131.0,-825400.0
78462F103,Not New,SPDR S&P 500 ETF TR,215221.0,835000.0,101708.0,316000.0,-113513.0,-519000.0
78462F103,Not New,SPDR S&P 500 ETF TR,5618.0,21795.0,3090.0,9600.0,-2528.0,-12195.0
78462F103,Not New,SPDR S&P 500 ETF TR,5618.0,21795.0,101708.0,316000.0,96090.0,294205.0
78486Q101,Sold Out,SVB FINL GROUP,318.0,1268.0,,,,
225447101,Not New,CREE INC,236.0,6645.0,335.0,7249.0,99.0,604.0
03768F110,Not New,APEX TECHNOLOGY ACQUISITION,537.0,597100.0,460.0,400000.0,-77.0,-197100.0
45790VAB6,Sold Out,INTELSAT S A,340.0,500000.0,,,,
452308109,Sold Out,ILLINOIS TOOL WKS INC,251.0,1400.0,,,,
30034W106,Sold Out,EVERGY INC,545.0,8374.0,,,,
67059N108,New Holding,NUTANIX INC,,,170.0,10780.0,,
42703MAD5,Not New,HERBALIFE LTD,1606.0,2000000.0,2673.0,2573000.0,1067.0,573000.0
742718109,Sold Out,PROCTER & GAMBLE CO,1301.0,10418.0,,,,
10319T119,Sold Out,BOXWOOD MERGER CORP,3587.0,5786117.0,,,,
30063PAC9,New Holding,EXACT SCIENCES CORP,,,20764.0,26350000.0,,
58155Q103,Sold Out,MCKESSON CORP,489.0,3536.0,,,,
00484M106,New Holding,ACORDA THERAPEUTICS INC,,,10.0,10425.0,,
G29183103,Sold Out,EATON CORP PLC,624.0,6591.0,,,,
045327103,Sold Out,ASPEN TECHNOLOGY INC,286.0,2363.0,,,,
29530P102,Sold Out,ERIE INDTY CO,203.0,1220.0,,,,
466313103,New Holding,JABIL INC,,,1839.0,74800.0,,
278865100,Sold Out,ECOLAB INC,352.0,1826.0,,,,
464287630,New Holding,ISHARES TR,,,284.0,3467.0,,
76680R206,New Holding,RINGCENTRAL INC,,,1695.0,8000.0,,
713448108,Sold Out,PEPSICO INC,234.0,1713.0,,,,
589378108,Sold Out,MERCURY SYS INC,266.0,3842.0,,,,
G1611B115,Not New,BROOGE HLDGS LTD,7448.0,9309740.0,5829.0,7877873.0,-1619.0,-1431867.0
552848103,Sold Out,MGIC INVT CORP WIS,233.0,16464.0,,,,
39813G117,New Holding,GRID DYNAMICS HLDGS INC,,,5139.0,2704887.0,,
64822P114,Not New,NEW PROVIDENCE ACQUISITION,364.0,713000.0,639.0,710000.0,275.0,-3000.0
90069K104,Not New,TUSCAN HOLDINGS CORP,7577.0,760000.0,7570.0,760000.0,-7.0,0.0
90069K112,Not New,TUSCAN HOLDINGS CORP,2022.0,5183340.0,2675.0,4533690.0,653.0,-649650.0
682189105,Not New,ON SEMICONDUCTOR CORP,1001.0,80500.0,1173.0,48100.0,172.0,-32400.0
G4603R122,Not New,HL ACQUISITIONS CORP,45.0,894579.0,313.0,894579.0,268.0,0.0
038222105,Sold Out,APPLIED MATLS INC,333.0,5456.0,,,,
723484101,Sold Out,PINNACLE WEST CAP CORP,226.0,2508.0,,,,
85236Q208,Not New,STABLE RD ACQUISITION CORP,7035.0,700000.0,7203.0,700000.0,168.0,0.0
025537127,Sold Out,AMERICAN ELEC PWR CO INC,10271.0,189739.0,,,,
22564L113,Not New,CRESCENT ACQUISITION CORP,2838.0,3339071.0,2568.0,3209739.0,-270.0,-129332.0
553573106,Sold Out,MSG NETWORK INC,178.0,10236.0,,,,
92556H107,New Holding,VIACOMCBS INC,,,1178.0,66080.0,,
064058100,Sold Out,BANK NEW YORK MELLON CORP,636.0,12629.0,,,,
87900YAE3,New Holding,TEEKAY CORPORATION,,,1407.0,1711000.0,,
37940X102,Sold Out,GLOBAL PMTS INC,5388.0,29513.0,,,,
G0232J127,Sold Out,ALUSSA ENERGY ACQUISITION CO,2016.0,200000.0,,,,
81369Y886,Not New,SELECT SECTOR SPDR TR,1108.0,20000.0,433.0,6706.0,-675.0,-13294.0
086516101,New Holding,BEST BUY INC,,,7695.0,135000.0,,
36255F102,Sold Out,GS ACQUISITION HLDGS CORP,15745.0,1427461.0,,,,
36251A115,Not New,GX ACQUISITION CORP,138.0,250000.0,200.0,250000.0,62.0,0.0
049430119,New Holding,ATLAS TECHNICAL CONSULTANTS,,,5333.0,7407121.0,,
14040H105,Sold Out,CAPITAL ONE FINL CORP,232.0,2256.0,,,,
G78516401,Not New,SC HEALTH CORP,239.0,250000.0,240.0,250000.0,1.0,0.0
404139107,New Holding,HC2 HLDGS INC,,,31.0,20000.0,,
697900108,Sold Out,PAN AMERICAN SILVER CORP,358.0,15100.0,,,,
035128206,Sold Out,ANGLOGOLD ASHANTI LTD,1075.0,48100.0,,,,
693475105,Sold Out,PNC FINL SVCS GROUP INC,755.0,4731.0,,,,
