CUSIP,status,NAME OF ISSUER,(x$1000)_old,PRN AMT_old,(x$1000),PRN AMT,(x$1000)_change,PRN AMT_change
03076C106,Not New,AMERIPRISE FINL INC,587.0,6248.0,5076.0,47694.0,4489.0,41446.0
87265H109,Sold Out,TRI POINTE GROUP INC,2500.0,197295.0,,,,
84860WAB8,Not New,SPIRIT RLTY CAP INC NEW,4755.0,4700000.0,4744.0,6200000.0,-11.0,1500000.0
25278X109,Sold Out,DIAMONDBACK ENERGY INC,243.0,3627.0,,,,
422347104,Sold Out,HEARTLAND EXPRESS INC,347.0,20373.0,,,,
64976L109,Not New,NEW YORK REIT INC,2699.0,267200.0,7518.0,653709.0,4819.0,386509.0
74164M108,Sold Out,PRIMERICA INC,402.0,8522.0,,,,
767754104,Not New,RITE AID CORP,1120.0,137400.0,3082.0,393117.0,1962.0,255717.0
670704105,Sold Out,NUVASIVE INC,371.0,6857.0,,,,
34984V100,Sold Out,FORUM ENERGY TECHNOLOGIES IN,2943.0,236200.0,,,,
92719A106,Sold Out,VIMPELCOM LTD,663.0,202086.0,,,,
587200106,Not New,MENTOR GRAPHICS CORP,242.0,11888.0,380.0,20646.0,138.0,8758.0
48238T109,Not New,KAR AUCTION SVCS INC,5896.0,154600.0,713.0,19258.0,-5183.0,-135342.0
72346Q104,Sold Out,PINNACLE FINL PARTNERS INC,1232.0,23978.0,,,,
904214103,Not New,UMPQUA HLDGS CORP,2809.0,177120.0,1542.0,96987.0,-1267.0,-80133.0
G50871105,Sold Out,JAZZ PHARMACEUTICALS PLC,2647.0,18835.0,,,,
099724106,New Holding,BORGWARNER INC,,,6122.0,159419.0,,
84860W102,Not New,SPIRIT RLTY CAP INC NEW,1253.0,111400.0,3095.0,308900.0,1842.0,197500.0
126402106,New Holding,CSW INDUSTRIALS INC,,,630.0,20002.0,,
25179M103,Sold Out,DEVON ENERGY CORP NEW,794.0,24821.0,,,,
30219G108,New Holding,EXPRESS SCRIPTS HLDG CO,,,1503.0,21883.0,,
67103H107,Sold Out,O REILLY AUTOMOTIVE INC NEW,2649.0,10453.0,,,,
00756M404,New Holding,ADVANCED SEMICONDUCTOR ENGR,,,393.0,67100.0,,
27033X101,Sold Out,EARTHLINK HLDGS CORP,478.0,64370.0,,,,
556269108,New Holding,MADDEN STEVEN LTD,,,4708.0,127100.0,,
88650V208,New Holding,TIER REIT INC,,,824.0,61303.0,,
29364G103,New Holding,ENTERGY CORP NEW,,,982.0,12386.0,,
031652100,Sold Out,AMKOR TECHNOLOGY INC,66.0,10800.0,,,,
44919P508,Not New,IAC INTERACTIVECORP,1704.0,36200.0,229.0,3811.0,-1475.0,-32389.0
863667101,New Holding,STRYKER CORP,,,1495.0,13932.0,,
M87915274,New Holding,TOWER SEMICONDUCTOR LTD,,,206.0,17000.0,,
G491BT108,Sold Out,INVESCO LTD,4575.0,136643.0,,,,
90130A101,New Holding,TWENTY FIRST CENTY FOX INC,,,1910.0,68522.0,,
806857108,Sold Out,SCHLUMBERGER LTD,5124.0,73462.0,,,,
09739D100,New Holding,BOISE CASCADE CO DEL,,,2772.0,133800.0,,
858375108,Sold Out,STEIN MART INC,73.0,10837.0,,,,
75605Y106,Sold Out,REALOGY HLDGS CORP,269.0,7346.0,,,,
957090103,Sold Out,WESTAMERICA BANCORPORATION,1123.0,24013.0,,,,
88579Y101,Sold Out,3M CO,1317.0,8745.0,,,,
22160K105,Sold Out,COSTCO WHSL CORP NEW,2263.0,14015.0,,,,
223622101,Sold Out,COWEN GROUP INC NEW,42.0,10840.0,,,,
852234103,New Holding,SQUARE INC,,,299.0,19596.0,,
015351109,Sold Out,ALEXION PHARMACEUTICALS INC,582.0,3053.0,,,,
45825N107,Sold Out,INTELIQUENT INC,247.0,13888.0,,,,
009728106,Sold Out,AKORN INC,371.0,9956.0,,,,
410345102,Sold Out,HANESBRANDS INC,10413.0,353817.0,,,,
76009N100,Sold Out,RENT A CTR INC NEW,304.0,20309.0,,,,
Y7542C106,Sold Out,SCORPIO TANKERS INC,145.0,18029.0,,,,
452327AD1,Sold Out,ILLUMINA INC,5130.0,2233000.0,,,,
009158106,Not New,AIR PRODS & CHEMS INC,1183.0,8210.0,554.0,4255.0,-629.0,-3955.0
675232102,Not New,OCEANEERING INTL INC,977.0,29382.0,1382.0,36825.0,405.0,7443.0
501044101,Sold Out,KROGER CO,1064.0,25433.0,,,,
929089100,Sold Out,VOYA FINL INC,1654.0,44808.0,,,,
029899101,New Holding,AMERICAN STS WTR CO,,,349.0,8857.0,,
78469X107,Sold Out,SPX FLOW INC,636.0,22791.0,,,,
984332AF3,New Holding,YAHOO INC,,,5516.0,5564000.0,,
116794108,Not New,BRUKER CORP,840.0,30000.0,8571.0,353152.0,7731.0,323152.0
871607107,New Holding,SYNOPSYS INC,,,216.0,4462.0,,
75281A109,Sold Out,RANGE RES CORP,2256.0,91667.0,,,,
049164BH8,Not New,ATLAS AIR WORLDWIDE HLDGS IN,4442.0,5186000.0,869.0,9346000.0,-3573.0,4160000.0
580037109,Sold Out,MCDERMOTT INTL INC,43.0,12769.0,,,,
615369105,Sold Out,MOODYS CORP,840.0,8369.0,,,,
502424104,Not New,L-3 COMMUNICATIONS HLDGS INC,3115.0,26288.0,636.0,5320.0,-2479.0,-20968.0
009363102,Sold Out,AIRGAS INC,520.0,3756.0,,,,
22822V101,New Holding,CROWN CASTLE INTL CORP NEW,,,4239.0,49000.0,,
774341101,Sold Out,ROCKWELL COLLINS INC,1387.0,15030.0,,,,
143873107,New Holding,CAROLINA FINL CORP NEW,,,200.0,10780.0,,
126576206,New Holding,CUI GLOBAL INC,,,137.0,16949.0,,
98986T108,New Holding,ZYNGA INC,,,50.0,22001.0,,
680223104,Not New,OLD REP INTL CORP,1474.0,80653.0,886.0,47551.0,-588.0,-33102.0
171779309,Not New,CIENA CORP,1006.0,52900.0,2029.0,98063.0,1023.0,45163.0
171779309,Not New,CIENA CORP,190.0,10000.0,2029.0,98063.0,1839.0,88063.0
464288539,Sold Out,ISHARES TR,2500.0,261541.0,,,,
379378102,New Holding,GLOBAL NET LEASE INC,,,1037.0,121109.0,,
319829107,Sold Out,FIRST COMWLTH FINL CORP PA,1014.0,111804.0,,,,
256677105,Not New,DOLLAR GEN CORP NEW,699.0,8164.0,268.0,3730.0,-431.0,-4434.0
64110W102,Not New,NETEASE INC,2559.0,17822.0,591.0,3262.0,-1968.0,-14560.0
437076102,Not New,HOME DEPOT INC,4964.0,37200.0,2536.0,19174.0,-2428.0,-18026.0
031162100,Sold Out,AMGEN INC,1070.0,6594.0,,,,
754730109,New Holding,RAYMOND JAMES FINANCIAL INC,,,300.0,6302.0,,
45321L100,New Holding,IMPERVA INC,,,315.0,6239.0,,
968223206,Sold Out,WILEY JOHN & SONS INC,3014.0,66940.0,,,,
780259206,New Holding,ROYAL DUTCH SHELL PLC,,,2907.0,60000.0,,
780259206,New Holding,ROYAL DUTCH SHELL PLC,,,7268.0,150000.0,,
780259206,New Holding,ROYAL DUTCH SHELL PLC,,,7268.0,150000.0,,
203668108,Not New,COMMUNITY HEALTH SYS INC NEW,432.0,23344.0,1695.0,63884.0,1263.0,40540.0
09531U102,New Holding,BLUE BUFFALO PET PRODS INC,,,5076.0,197817.0,,
577081102,New Holding,MATTEL INC,,,4988.0,148358.0,,
320867104,Sold Out,FIRST MIDWEST BANCORP DEL,1174.0,63699.0,,,,
617700109,New Holding,MORNINGSTAR INC,,,421.0,4769.0,,
46146L101,Not New,INVESTORS BANCORP INC NEW,6091.0,523323.0,2539.0,204120.0,-3552.0,-319203.0
872275102,Sold Out,TCF FINL CORP,2470.0,174946.0,,,,
85207U105,Not New,SPRINT CORP,3036.0,872485.0,73.0,20125.0,-2963.0,-852360.0
98310W108,Not New,WYNDHAM WORLDWIDE CORP,1727.0,22595.0,1723.0,23710.0,-4.0,1115.0
60855R100,Sold Out,MOLINA HEALTHCARE INC,652.0,10848.0,,,,
370334104,New Holding,GENERAL MLS INC,,,1014.0,16004.0,,
156492100,New Holding,CENTURY CASINOS INC,,,128.0,20715.0,,
844741108,New Holding,SOUTHWEST AIRLS CO,,,1241.0,27711.0,,
478366107,Sold Out,JOHNSON CTLS INC,283.0,7157.0,,,,
827048109,New Holding,SILGAN HOLDINGS INC,,,803.0,15100.0,,
833551104,Sold Out,SNYDERS-LANCE INC,582.0,16969.0,,,,
008252108,Not New,AFFILIATED MANAGERS GROUP,8111.0,49944.0,437.0,2738.0,-7674.0,-47206.0
16359R103,New Holding,CHEMED CORP NEW,,,233.0,1720.0,,
G3157S106,New Holding,ENSCO PLC,,,323.0,31173.0,,
74348T102,New Holding,PROSPECT CAPITAL CORPORATION,,,109.0,15000.0,,
962166104,Sold Out,WEYERHAEUSER CO,3190.0,106413.0,,,,
17275R102,Sold Out,CISCO SYS INC,4545.0,167380.0,,,,
81369Y100,Not New,SELECT SECTOR SPDR TR,4262.0,95104.0,4941.0,113794.0,679.0,18690.0
G7S00T104,Sold Out,PENTAIR PLC,971.0,19597.0,,,,
374689107,Sold Out,GIBRALTAR INDS INC,377.0,14814.0,,,,
112463104,Not New,BROOKDALE SR LIVING INC,650.0,40952.0,406.0,22011.0,-244.0,-18941.0
053484101,Not New,AVALONBAY CMNTYS INC,2320.0,12200.0,6290.0,34162.0,3970.0,21962.0
464286848,New Holding,ISHARES,,,531.0,46500.0,,
G60754101,Not New,MICHAEL KORS HLDGS LTD,1292.0,22678.0,737.0,18408.0,-555.0,-4270.0
49803T300,Not New,KITE RLTY GROUP TR,1478.0,53343.0,1923.0,74143.0,445.0,20800.0
75972AAA1,Not New,RENEWABLE ENERGY GROUP INC,4466.0,5134000.0,70.0,1172000.0,-4396.0,-3962000.0
026874784,Not New,AMERICAN INTL GROUP INC,10305.0,190666.0,4941.0,79729.0,-5364.0,-110937.0
78440X101,Not New,SL GREEN RLTY CORP,2952.0,30467.0,5371.0,47540.0,2419.0,17073.0
06652K103,Sold Out,BANKUNITED INC,262.0,7269.0,,,,
42809H107,Not New,HESS CORP,636.0,12071.0,4352.0,89764.0,3716.0,77693.0
197236102,Sold Out,COLUMBIA BKG SYS INC,1198.0,36865.0,,,,
254687106,Not New,DISNEY WALT CO,4269.0,42983.0,2405.0,22884.0,-1864.0,-20099.0
254687106,Not New,DISNEY WALT CO,1490.0,15000.0,2405.0,22884.0,915.0,7884.0
84470P109,Sold Out,SOUTHSIDE BANCSHARES INC,396.0,16488.0,,,,
552690109,Sold Out,MDU RES GROUP INC,2285.0,124738.0,,,,
947890109,Sold Out,WEBSTER FINL CORP CONN,2595.0,69789.0,,,,
253868103,New Holding,DIGITAL RLTY TR INC,,,1327.0,15000.0,,
518439104,Not New,LAUDER ESTEE COS INC,4216.0,44700.0,699.0,7938.0,-3517.0,-36762.0
835495102,Sold Out,SONOCO PRODS CO,1206.0,29500.0,,,,
037411105,Not New,APACHE CORP,3823.0,78332.0,4868.0,109477.0,1045.0,31145.0
067383109,New Holding,BARD C R INC,,,646.0,3187.0,,
73172K104,New Holding,POLYCOM INC,,,259.0,23200.0,,
23331A109,Not New,D R HORTON INC,1097.0,36300.0,461.0,14383.0,-636.0,-21917.0
G01767105,Sold Out,ALKERMES PLC,1284.0,16179.0,,,,
33582V108,Sold Out,FIRST NIAGARA FINL GP INC,636.0,58586.0,,,,
129603106,New Holding,CALGON CARBON CORP,,,157.0,11217.0,,
416515104,Not New,HARTFORD FINL SVCS GROUP INC,530.0,11510.0,899.0,20680.0,369.0,9170.0
552676108,Sold Out,M D C HLDGS INC,2396.0,93844.0,,,,
701877102,Sold Out,PARSLEY ENERGY INC,201.0,10891.0,,,,
461203101,New Holding,INVACARE CORP,,,169.0,12800.0,,
06652V208,Sold Out,BANNER CORP,533.0,11632.0,,,,
391416104,Sold Out,GREAT WESTN BANCORP INC,480.0,16538.0,,,,
166764100,Not New,CHEVRON CORP NEW,501.0,5249.0,6028.0,67003.0,5527.0,61754.0
166764100,Not New,CHEVRON CORP NEW,477.0,5000.0,6028.0,67003.0,5551.0,62003.0
166764100,Not New,CHEVRON CORP NEW,477.0,5000.0,6028.0,67003.0,5551.0,62003.0
580135101,Not New,MCDONALDS CORP,2970.0,23628.0,1898.0,16063.0,-1072.0,-7565.0
81369Y506,Sold Out,SELECT SECTOR SPDR TR,6635.0,110000.0,,,,
56585A102,Not New,MARATHON PETE CORP,2400.0,64558.0,10630.0,205049.0,8230.0,140491.0
229899109,Not New,CULLEN FROST BANKERS INC,266.0,4834.0,1150.0,19160.0,884.0,14326.0
084423102,Sold Out,BERKLEY W R CORP,433.0,7906.0,,,,
525327102,Sold Out,LEIDOS HLDGS INC,374.0,6639.0,,,,
21870UAA4,Sold Out,CORENERGY INFRASTRUCTURE TR,1484.0,3300000.0,,,,
26969P108,New Holding,EAGLE MATERIALS INC,,,5363.0,76500.0,,
651639106,Sold Out,NEWMONT MINING CORP,2401.0,133481.0,,,,
35906A207,Not New,FRONTIER COMMUNICATIONS CORP,9655.0,92477.0,2766.0,30207.0,-6889.0,-62270.0
11777Q209,Not New,B2GOLD CORP,82.0,49400.0,121.0,118500.0,39.0,69100.0
883556102,Sold Out,THERMO FISHER SCIENTIFIC INC,946.0,6667.0,,,,
620076307,Sold Out,MOTOROLA SOLUTIONS INC,395.0,5772.0,,,,
550021109,New Holding,LULULEMON ATHLETICA INC,,,1237.0,18270.0,,
78388J106,Not New,SBA COMMUNICATIONS CORP,3247.0,32411.0,529.0,5034.0,-2718.0,-27377.0
712704105,New Holding,PEOPLES UNITED FINANCIAL INC,,,609.0,38213.0,,
745867101,Sold Out,PULTE GROUP INC,216.0,12095.0,,,,
245496104,New Holding,DEL TACO RESTAURANTS INC,,,372.0,35990.0,,
402635304,Not New,GULFPORT ENERGY CORP,1457.0,51415.0,2419.0,98470.0,962.0,47055.0
26884L109,Sold Out,EQT CORP,2055.0,39414.0,,,,
G4412G101,Not New,HERBALIFE LTD,1114.0,18093.0,512.0,9550.0,-602.0,-8543.0
617446448,Not New,MORGAN STANLEY,5535.0,221300.0,6550.0,205918.0,1015.0,-15382.0
471109108,Not New,JARDEN CORP,2240.0,38000.0,1567.0,27439.0,-673.0,-10561.0
037598109,Sold Out,APOGEE ENTERPRISES INC,2520.0,57918.0,,,,
98933Q108,Sold Out,ZELTIQ AESTHETICS INC,411.0,14399.0,,,,
400110102,New Holding,GRUBHUB INC,,,251.0,10000.0,,
748356102,Sold Out,QUESTAR CORP,3342.0,171586.0,,,,
92849E101,Sold Out,VITAMIN SHOPPE INC,438.0,13400.0,,,,
04685W103,New Holding,ATHENAHEALTH INC,,,819.0,5900.0,,
749685103,New Holding,RPM INTL INC,,,1349.0,28500.0,,
682143102,Sold Out,OMEROS CORP,335.0,21273.0,,,,
N59465109,New Holding,MYLAN N V,,,260.0,5600.0,,
N59465109,New Holding,MYLAN N V,,,1738.0,37500.0,,
G5315B107,Sold Out,KOSMOS ENERGY LTD,854.0,164248.0,,,,
302130109,Sold Out,EXPEDITORS INTL WASH INC,2348.0,52060.0,,,,
302491303,Not New,F M C CORP,4176.0,103445.0,1149.0,29357.0,-3027.0,-74088.0
302491303,Not New,F M C CORP,2019.0,50000.0,1149.0,29357.0,-870.0,-20643.0
867224107,Not New,SUNCOR ENERGY INC NEW,7320.0,263230.0,359.0,13900.0,-6961.0,-249330.0
42210P102,New Holding,HEADWATERS INC,,,231.0,11649.0,,
554382101,New Holding,MACERICH CO,,,552.0,6969.0,,
98138H101,Not New,WORKDAY INC,1383.0,18000.0,493.0,6188.0,-890.0,-11812.0
674599105,Not New,OCCIDENTAL PETE CORP DEL,851.0,12436.0,1260.0,18636.0,409.0,6200.0
693718108,Sold Out,PACCAR INC,1606.0,33882.0,,,,
898349105,New Holding,TRUSTCO BK CORP N Y,,,68.0,11168.0,,
14964U108,Sold Out,CAVIUM INC,574.0,8742.0,,,,
73278L105,Sold Out,POOL CORPORATION,954.0,11807.0,,,,
01609W102,New Holding,ALIBABA GROUP HLDG LTD,,,8278.0,104742.0,,
343498101,New Holding,FLOWERS FOODS INC,,,1241.0,67233.0,,
87157D109,New Holding,SYNAPTICS INC,,,546.0,6841.0,,
984121103,Sold Out,XEROX CORP,220.0,20724.0,,,,
25389M877,New Holding,DIGITALGLOBE INC,,,213.0,12289.0,,
477143101,Not New,JETBLUE AIRWAYS CORP,2112.0,100000.0,1310.0,57817.0,-802.0,-42183.0
25659T107,Sold Out,DOLBY LABORATORIES INC,234.0,6963.0,,,,
747525103,Not New,QUALCOMM INC,1427.0,27900.0,2265.0,45309.0,838.0,17409.0
97650W108,Sold Out,WINTRUST FINL CORP,2040.0,42035.0,,,,
N31738102,Sold Out,FIAT CHRYSLER AUTOMOBILES N,3356.0,239915.0,,,,
790849103,New Holding,ST JUDE MED INC,,,359.0,6532.0,,
86732YAH2,New Holding,SUNEDISON INC,,,72.0,2000000.0,,
699462107,Sold Out,PAREXEL INTL CORP,1502.0,22051.0,,,,
127387108,New Holding,CADENCE DESIGN SYSTEM INC,,,720.0,30540.0,,
31620R303,New Holding,FIDELITY NATIONAL FINANCIAL,,,3965.0,116947.0,,
595017AB0,Not New,MICROCHIP TECHNOLOGY INC,8463.0,4245000.0,3835.0,6445000.0,-4628.0,2200000.0
436106108,Sold Out,HOLLYFRONTIER CORP,2784.0,69784.0,,,,
679580100,Sold Out,OLD DOMINION FGHT LINES INC,1193.0,20193.0,,,,
262037104,Not New,DRIL-QUIP INC,1009.0,16668.0,1171.0,19768.0,162.0,3100.0
54142L109,New Holding,LOGMEIN INC,,,289.0,5724.0,,
57772K101,New Holding,MAXIM INTEGRATED PRODS INC,,,360.0,9800.0,,
02553E106,New Holding,AMERICAN EAGLE OUTFITTERS NE,,,369.0,22140.0,,
G5785G107,Sold Out,MALLINCKRODT PUB LTD CO,304.0,4078.0,,,,
654902204,Not New,NOKIA CORP,561.0,95000.0,2951.0,420365.0,2390.0,325365.0
45841V109,New Holding,INTERACTIVE INTELLIGENCE GRO,,,218.0,5997.0,,
58471A105,Sold Out,MEDIDATA SOLUTIONS INC,439.0,8907.0,,,,
459506101,Not New,INTERNATIONAL FLAVORS&FRAGRA,1499.0,13177.0,393.0,3288.0,-1106.0,-9889.0
655044105,Sold Out,NOBLE ENERGY INC,218.0,6633.0,,,,
866674104,Not New,SUN CMNTYS INC,999.0,13946.0,4526.0,66046.0,3527.0,52100.0
02005N100,Sold Out,ALLY FINL INC,4287.0,229967.0,,,,
857477103,Sold Out,STATE STR CORP,209.0,3148.0,,,,
254423106,Sold Out,DINEEQUITY INC,268.0,3164.0,,,,
90187B101,New Holding,TWO HBRS INVT CORP,,,333.0,41926.0,,
40418F108,Sold Out,HFF INC,501.0,16112.0,,,,
74348TAM4,Not New,PROSPECT CAPITAL CORPORATION,456.0,486000.0,321.0,576000.0,-135.0,90000.0
571748102,Sold Out,MARSH & MCLENNAN COS INC,339.0,6110.0,,,,
169656105,New Holding,CHIPOTLE MEXICAN GRILL INC,,,1366.0,2900.0,,
032511404,Sold Out,ANADARKO PETE CORP,1044.0,30740.0,,,,
02376R102,Sold Out,AMERICAN AIRLS GROUP INC,1706.0,40284.0,,,,
578877102,New Holding,MBT FINL CORP,,,140.0,17444.0,,
067901108,Sold Out,BARRICK GOLD CORP,1388.0,188100.0,,,,
132011107,Sold Out,CAMBREX CORP,201.0,4260.0,,,,
531229102,New Holding,LIBERTY MEDIA CORP DELAWARE,,,923.0,23900.0,,
40416EAB9,Sold Out,HCI GROUP INC,487.0,5327.0,,,,
92240G101,Sold Out,VECTREN CORP,2493.0,58759.0,,,,
513847103,Not New,LANCASTER COLONY CORP,1294.0,11701.0,3474.0,30088.0,2180.0,18387.0
513847103,Not New,LANCASTER COLONY CORP,1294.0,11701.0,5773.0,50000.0,4479.0,38299.0
38068T105,New Holding,GOLD RESOURCE CORP,,,25.0,10772.0,,
67020Y100,New Holding,NUANCE COMMUNICATIONS INC,,,639.0,34200.0,,
67020Y100,New Holding,NUANCE COMMUNICATIONS INC,,,650.0,34800.0,,
67103X102,Sold Out,OFG BANCORP,528.0,72082.0,,,,
30224P200,Not New,EXTENDED STAY AMER INC,1532.0,94000.0,2756.0,173355.0,1224.0,79355.0
00508X203,Not New,ACTUANT CORP,391.0,15838.0,1605.0,66973.0,1214.0,51135.0
758075402,New Holding,REDWOOD TR INC,,,138.0,10521.0,,
05561Q201,Sold Out,BOK FINL CORP,853.0,14269.0,,,,
032359309,New Holding,AMTRUST FINL SVCS INC,,,592.0,22874.0,,
302445101,Sold Out,FLIR SYS INC,279.0,9933.0,,,,
87165B103,Not New,SYNCHRONY FINL,3908.0,136374.0,19753.0,649572.0,15845.0,513198.0
89628E104,New Holding,TRINA SOLAR LIMITED,,,255.0,25645.0,,
Q9235V101,Sold Out,TRONOX LTD,159.0,40625.0,,,,
45780L104,Sold Out,INOGEN INC,250.0,6225.0,,,,
582839106,Sold Out,MEAD JOHNSON NUTRITION CO,551.0,6980.0,,,,
693506107,Not New,PPG INDS INC,3702.0,33204.0,4722.0,47785.0,1020.0,14581.0
638901306,Sold Out,NAVISTAR INTL CORP,67.0,23398.0,,,,
912909108,Not New,UNITED STATES STL CORP NEW,485.0,30193.0,958.0,120000.0,473.0,89807.0
912909108,Not New,UNITED STATES STL CORP NEW,803.0,50000.0,958.0,120000.0,155.0,70000.0
65249B109,Not New,NEWS CORP NEW,1872.0,146616.0,142.0,10596.0,-1730.0,-136020.0
30227H106,Sold Out,EXTERRAN CORP,1088.0,67799.0,,,,
002824100,New Holding,ABBOTT LABS,,,822.0,19656.0,,
05329W102,Sold Out,AUTONATION INC,208.0,3484.0,,,,
751212101,Sold Out,RALPH LAUREN CORP,582.0,5224.0,,,,
23317H102,Sold Out,DDR CORP,1585.0,94100.0,,,,
028591105,New Holding,AMERICAN NATL INS CO,,,3133.0,27124.0,,
651587107,Sold Out,NEWMARKET CORP,2073.0,5446.0,,,,
92927K102,Sold Out,WABCO HLDGS INC,918.0,8974.0,,,,
438516106,Not New,HONEYWELL INTL INC,4465.0,39844.0,3926.0,37908.0,-539.0,-1936.0
30231G102,Sold Out,EXXON MOBIL CORP,2158.0,27679.0,,,,
34988V106,Sold Out,FOSSIL GROUP INC,1097.0,29994.0,,,,
05566U108,Sold Out,BOFI HLDG INC,265.0,12575.0,,,,
48562P103,New Holding,KAPSTONE PAPER & PACKAGING C,,,3356.0,242284.0,,
651290108,Not New,NEWFIELD EXPL CO,2937.0,88343.0,4777.0,146710.0,1840.0,58367.0
75524W108,New Holding,RE MAX HLDGS INC,,,257.0,7494.0,,
37045V100,Sold Out,GENERAL MTRS CO,933.0,27441.0,,,,
46284V101,New Holding,IRON MTN INC NEW,,,1144.0,33735.0,,
482480100,Sold Out,KLA-TENCOR CORP,420.0,6061.0,,,,
75886F107,New Holding,REGENERON PHARMACEUTICALS,,,1088.0,3019.0,,
494368103,Not New,KIMBERLY CLARK CORP,403.0,2995.0,4996.0,39242.0,4593.0,36247.0
871829107,Sold Out,SYSCO CORP,3026.0,73800.0,,,,
286082102,New Holding,ELECTRONICS FOR IMAGING INC,,,265.0,6247.0,,
943315101,Sold Out,WAUSAU PAPER CORP,216.0,21081.0,,,,
60879B107,New Holding,MOMO INC,,,478.0,42500.0,,
92923C807,Sold Out,WCI CMNTYS INC,1177.0,52844.0,,,,
G0177J116,Not New,ALLERGAN PLC,14330.0,15591.0,13791.0,13402.0,-539.0,-2189.0
879433829,New Holding,TELEPHONE & DATA SYS INC,,,539.0,17921.0,,
452327109,Not New,ILLUMINA INC,320.0,1974.0,225.0,1173.0,-95.0,-801.0
606710200,New Holding,MITEK SYS INC,,,94.0,14438.0,,
892356106,New Holding,TRACTOR SUPPLY CO,,,4865.0,53777.0,,
688239201,Not New,OSHKOSH CORP,245.0,5991.0,615.0,15745.0,370.0,9754.0
741503403,Not New,PRICELINE GRP INC,268.0,208.0,2846.0,2232.0,2578.0,2024.0
88104R100,New Holding,TERRAFORM PWR INC,,,254.0,29319.0,,
88104R100,New Holding,TERRAFORM PWR INC,,,87.0,10000.0,,
858119100,Not New,STEEL DYNAMICS INC,4624.0,205400.0,3875.0,216854.0,-749.0,11454.0
736508847,Not New,PORTLAND GEN ELEC CO,515.0,13046.0,474.0,13046.0,-41.0,0.0
512816109,Sold Out,LAMAR ADVERTISING CO NEW,2624.0,43755.0,,,,
896945201,Sold Out,TRIPADVISOR INC,798.0,9361.0,,,,
09060J106,Sold Out,BIODELIVERY SCIENCES INTL IN,347.0,72454.0,,,,
902788108,Sold Out,UMB FINL CORP,1912.0,41068.0,,,,
268648102,Sold Out,E M C CORP MASS,202.0,7849.0,,,,
720190206,Not New,PIEDMONT OFFICE REALTY TR IN,418.0,20573.0,216.0,11421.0,-202.0,-9152.0
444859102,Not New,HUMANA INC,1922.0,10503.0,1571.0,8800.0,-351.0,-1703.0
431475102,Not New,HILL ROM HLDGS INC,1019.0,20268.0,213.0,4429.0,-806.0,-15839.0
22025Y407,Sold Out,CORRECTIONS CORP AMER NEW,356.0,13456.0,,,,
45866F104,Sold Out,INTERCONTINENTAL EXCHANGE IN,8259.0,32228.0,,,,
004397AD7,Sold Out,ACCURAY INC,7348.0,5800000.0,,,,
260543103,Not New,DOW CHEM CO,3852.0,75738.0,4123.0,80094.0,271.0,4356.0
260543103,Not New,DOW CHEM CO,509.0,10000.0,4123.0,80094.0,3614.0,70094.0
260543103,Not New,DOW CHEM CO,509.0,10000.0,4123.0,80094.0,3614.0,70094.0
G29183103,New Holding,EATON CORP PLC,,,6825.0,109090.0,,
65336K103,New Holding,NEXSTAR BROADCASTING GROUP I,,,496.0,11205.0,,
46120E602,Sold Out,INTUITIVE SURGICAL INC,1279.0,2341.0,,,,
04878Q863,Sold Out,ATLANTIC PWR CORP,35.0,17719.0,,,,
020520102,Sold Out,ALON USA ENERGY INC,263.0,17736.0,,,,
98139A105,Sold Out,WORKIVA INC,527.0,30003.0,,,,
38141G104,Not New,GOLDMAN SACHS GROUP INC,2285.0,14558.0,1049.0,5820.0,-1236.0,-8738.0
701081101,Sold Out,PARKER DRILLING CO,20.0,11174.0,,,,
46122T102,New Holding,INTREXON CORP,,,340.0,10028.0,,
68389X105,Not New,ORACLE CORP,3952.0,96600.0,6096.0,166882.0,2144.0,70282.0
459200101,Not New,INTERNATIONAL BUSINESS MACHS,212.0,1401.0,1812.0,13166.0,1600.0,11765.0
713448108,Not New,PEPSICO INC,6194.0,60439.0,5593.0,55972.0,-601.0,-4467.0
191216100,Not New,COCA COLA CO,1749.0,37699.0,969.0,22550.0,-780.0,-15149.0
191216100,Not New,COCA COLA CO,3479.0,75000.0,969.0,22550.0,-2510.0,-52450.0
579780206,New Holding,MCCORMICK & CO INC,,,1088.0,10933.0,,
499064103,Sold Out,KNIGHT TRANSN INC,221.0,9114.0,,,,
530307305,New Holding,LIBERTY BROADBAND CORP,,,2724.0,47000.0,,
281020107,Not New,EDISON INTL,398.0,5533.0,472.0,7964.0,74.0,2431.0
34354P105,Sold Out,FLOWSERVE CORP,262.0,6231.0,,,,
60871R209,Sold Out,MOLSON COORS BREWING CO,419.0,4466.0,,,,
563571108,New Holding,MANITOWOC INC,,,207.0,47873.0,,
749660106,Not New,RPC INC,436.0,30777.0,491.0,41100.0,55.0,10323.0
708160106,Sold Out,PENNEY J C INC,69.0,10404.0,,,,
147528103,New Holding,CASEYS GEN STORES INC,,,1381.0,12183.0,,
78709Y105,Sold Out,SAIA INC,255.0,11463.0,,,,
81369Y886,New Holding,SELECT SECTOR SPDR TR,,,19114.0,385204.0,,
81369Y886,New Holding,SELECT SECTOR SPDR TR,,,4962.0,100000.0,,
057224107,Not New,BAKER HUGHES INC,302.0,6900.0,383.0,8307.0,81.0,1407.0
G0457F107,Sold Out,ARCOS DORADOS HOLDINGS INC,100.0,32000.0,,,,
337738108,Not New,FISERV INC,673.0,6565.0,746.0,8154.0,73.0,1589.0
521865204,New Holding,LEAR CORP,,,232.0,2090.0,,
286082AC6,Sold Out,ELECTRONICS FOR IMAGING INC,799.0,901000.0,,,,
001084102,New Holding,AGCO CORP,,,268.0,5396.0,,
056752108,New Holding,BAIDU INC,,,6524.0,34176.0,,
458118AB2,New Holding,INTEGRATED DEVICE TECHNOLOGY,,,3894.0,4160000.0,,
828806109,Not New,SIMON PPTY GROUP INC NEW,2347.0,11300.0,3018.0,15524.0,671.0,4224.0
171798101,Not New,CIMAREX ENERGY CO,4171.0,42882.0,6036.0,67534.0,1865.0,24652.0
777780107,New Holding,ROSETTA STONE INC,,,118.0,17568.0,,
419596101,New Holding,HAVERTY FURNITURE INC,,,258.0,12174.0,,
928377100,Not New,VISTA OUTDOOR INC,2050.0,39492.0,906.0,20362.0,-1144.0,-19130.0
26885G109,Sold Out,ERA GROUP INC,133.0,11884.0,,,,
526107107,Sold Out,LENNOX INTL INC,303.0,2425.0,,,,
073295107,Sold Out,BBCN BANCORP INC,740.0,42994.0,,,,
139794101,Sold Out,CAPITAL BK FINL CORP,389.0,12152.0,,,,
45778Q107,Sold Out,INSPERITY INC,362.0,7527.0,,,,
770323103,Sold Out,ROBERT HALF INTL INC,412.0,8744.0,,,,
25271C102,Not New,DIAMOND OFFSHORE DRILLING IN,291.0,13402.0,919.0,43543.0,628.0,30141.0
96008P104,New Holding,WESTFIELD FINANCIAL INC NEW,,,88.0,10442.0,,
419870100,Not New,HAWAIIAN ELEC INDUSTRIES,2223.0,68626.0,497.0,17176.0,-1726.0,-51450.0
743424103,New Holding,PROOFPOINT INC,,,453.0,8427.0,,
931142103,Not New,WAL-MART STORES INC,4370.0,63800.0,4221.0,68862.0,-149.0,5062.0
97186T108,Sold Out,WILSHIRE BANCORP INC,1406.0,121708.0,,,,
216831107,Sold Out,COOPER TIRE & RUBR CO,284.0,7492.0,,,,
929236107,New Holding,WD-40 CO,,,348.0,3225.0,,
00404A109,New Holding,ACADIA HEALTHCARE COMPANY IN,,,603.0,10943.0,,
636518102,Not New,NATIONAL INSTRS CORP,283.0,9395.0,344.0,11981.0,61.0,2586.0
718546104,Sold Out,PHILLIPS 66,1460.0,17843.0,,,,
093671105,New Holding,BLOCK H & R INC,,,691.0,26146.0,,
N6596X109,Not New,NXP SEMICONDUCTORS N V,243.0,3001.0,308.0,3656.0,65.0,655.0
268785102,Sold Out,EP ENERGY CORP,92.0,21100.0,,,,
527288104,New Holding,LEUCADIA NATL CORP,,,309.0,19091.0,,
501889208,New Holding,LKQ CORP,,,418.0,13076.0,,
703481101,Not New,PATTERSON UTI ENERGY INC,1718.0,97485.0,1130.0,74953.0,-588.0,-22532.0
845467208,Not New,SOUTHWESTERN ENERGY CO,552.0,28154.0,2373.0,127934.0,1821.0,99780.0
69318G106,Not New,PBF ENERGY INC,2825.0,85098.0,1339.0,36371.0,-1486.0,-48727.0
405217100,Sold Out,HAIN CELESTIAL GROUP INC,1779.0,44037.0,,,,
57060U506,Sold Out,MARKET VECTORS ETF TR,2930.0,200000.0,,,,
043436104,Sold Out,ASBURY AUTOMOTIVE GROUP INC,1042.0,15451.0,,,,
87162W100,Sold Out,SYNNEX CORP,431.0,4789.0,,,,
27579R104,New Holding,EAST WEST BANCORP INC,,,306.0,9430.0,,
G6359F103,Not New,NABORS INDUSTRIES LTD,964.0,104744.0,138.0,16218.0,-826.0,-88526.0
464286772,Sold Out,ISHARES,28809.0,580000.0,,,,
059460303,New Holding,BANCO BRADESCO S A,,,6291.0,844445.0,,
199908104,Sold Out,COMFORT SYS USA INC,391.0,13773.0,,,,
907818108,Sold Out,UNION PAC CORP,1447.0,18498.0,,,,
257559203,Not New,DOMTAR CORP,3380.0,83467.0,6684.0,180884.0,3304.0,97417.0
868536103,Sold Out,SUPERVALU INC,223.0,32866.0,,,,
64115T104,Sold Out,NETSCOUT SYS INC,387.0,12599.0,,,,
812578102,Sold Out,SEATTLE GENETICS INC,573.0,12777.0,,,,
12541W209,Sold Out,C H ROBINSON WORLDWIDE INC,560.0,9037.0,,,,
855030102,Not New,STAPLES INC,827.0,74963.0,2002.0,211386.0,1175.0,136423.0
03674X106,Not New,ANTERO RES CORP,1966.0,79052.0,1467.0,67305.0,-499.0,-11747.0
02665T306,Not New,AMERICAN HOMES 4 RENT,10071.0,633388.0,10738.0,644522.0,667.0,11134.0
34964C106,New Holding,FORTUNE BRANDS HOME & SEC IN,,,305.0,5450.0,,
58502B106,New Holding,MEDNAX INC,,,1050.0,16250.0,,
680665205,Not New,OLIN CORP,3107.0,178900.0,5589.0,323840.0,2482.0,144940.0
655664100,Sold Out,NORDSTROM INC,343.0,6892.0,,,,
44107P104,Sold Out,HOST HOTELS & RESORTS INC,159.0,10367.0,,,,
458140100,Not New,INTEL CORP,485.0,15000.0,4621.0,134122.0,4136.0,119122.0
078314101,Sold Out,BELLATRIX EXPLORATION LTD,42.0,35000.0,,,,
58441K100,New Holding,MEDIA GEN INC NEW,,,572.0,35097.0,,
06985P100,Sold Out,BASIC ENERGY SVCS INC NEW,58.0,21500.0,,,,
384109104,Sold Out,GRACO INC,4828.0,66988.0,,,,
G33856108,Not New,FERROGLOBE PLC,112.0,12751.0,760.0,70682.0,648.0,57931.0
577933104,Sold Out,MAXIMUS INC,2333.0,41484.0,,,,
443628102,Sold Out,HUDBAY MINERALS INC,130.0,34100.0,,,,
G4388N106,Not New,HELEN OF TROY CORP LTD,292.0,2813.0,2036.0,21597.0,1744.0,18784.0
252784301,Sold Out,DIAMONDROCK HOSPITALITY CO,158.0,16368.0,,,,
G9456A100,Sold Out,GOLAR LNG LTD BERMUDA,197.0,12493.0,,,,
413086109,Sold Out,HARMAN INTL INDS INC,685.0,7269.0,,,,
724078100,New Holding,PIPER JAFFRAY COS,,,203.0,4100.0,,
09247X101,Sold Out,BLACKROCK INC,705.0,2069.0,,,,
254067101,Sold Out,DILLARDS INC,812.0,12353.0,,,,
440694305,Sold Out,HORSEHEAD HLDG CORP,27.0,13000.0,,,,
G5480U104,New Holding,LIBERTY GLOBAL PLC,,,3902.0,101340.0,,
G5480U104,New Holding,LIBERTY GLOBAL PLC,,,19250.0,500000.0,,
081437105,Sold Out,BEMIS INC,894.0,20000.0,,,,
278642103,Not New,EBAY INC,1527.0,64000.0,941.0,34239.0,-586.0,-29761.0
723787107,Not New,PIONEER NAT RES CO,2117.0,15044.0,7284.0,58097.0,5167.0,43053.0
883203101,Sold Out,TEXTRON INC,1960.0,46648.0,,,,
13321L108,Not New,CAMECO CORP,222.0,17296.0,435.0,35304.0,213.0,18008.0
880779103,New Holding,TEREX CORP NEW,,,408.0,16387.0,,
03852U106,New Holding,ARAMARK,,,838.0,25300.0,,
464287556,New Holding,ISHARES TR,,,782.0,3000.0,,
73935A104,Sold Out,POWERSHARES QQQ TRUST,39152.0,350000.0,,,,
535219109,New Holding,LINDBLAD EXPEDITIONS HLDGS I,,,280.0,28122.0,,
13645T100,New Holding,CANADIAN PAC RY LTD,,,3158.0,23800.0,,
063904106,New Holding,BANK OF THE OZARKS INC,,,1288.0,30684.0,,
80589M102,Sold Out,SCANA CORP NEW,606.0,10017.0,,,,
875465106,Sold Out,TANGER FACTORY OUTLET CTRS I,3849.0,117701.0,,,,
755111507,Not New,RAYTHEON CO,7094.0,57845.0,900.0,7224.0,-6194.0,-50621.0
743315103,Not New,PROGRESSIVE CORP OHIO,5764.0,164032.0,258.0,8113.0,-5506.0,-155919.0
171871106,Sold Out,CINCINNATI BELL INC NEW,101.0,27942.0,,,,
761713106,Not New,REYNOLDS AMERICAN INC,252.0,5016.0,8273.0,179259.0,8021.0,174243.0
694552100,New Holding,PACIFIC MERCANTILE BANCORP,,,87.0,12423.0,,
72766Q105,New Holding,PLATFORM SPECIALTY PRODS COR,,,430.0,50000.0,,
12650T104,New Holding,CSRA INC,,,215.0,7975.0,,
26875P101,Sold Out,EOG RES INC,866.0,12229.0,,,,
09061G101,Sold Out,BIOMARIN PHARMACEUTICAL INC,233.0,2228.0,,,,
22576C101,Sold Out,CRESCENT PT ENERGY CORP,219.0,18799.0,,,,
80004C101,Sold Out,SANDISK CORP,485.0,6385.0,,,,
101121101,Not New,BOSTON PROPERTIES INC,2300.0,18100.0,6315.0,49513.0,4015.0,31413.0
94106L109,Sold Out,WASTE MGMT INC DEL,3190.0,59775.0,,,,
232806109,Sold Out,CYPRESS SEMICONDUCTOR CORP,100.0,10200.0,,,,
257651109,Sold Out,DONALDSON INC,10638.0,371196.0,,,,
110122108,Sold Out,BRISTOL MYERS SQUIBB CO,317.0,4613.0,,,,
718172109,New Holding,PHILIP MORRIS INTL INC,,,791.0,8062.0,,
868459108,Sold Out,SUPERNUS PHARMACEUTICALS INC,187.0,13925.0,,,,
74348TAQ5,Sold Out,PROSPECT CAPITAL CORPORATION,952.0,3940000.0,,,,
115637209,Sold Out,BROWN FORMAN CORP,846.0,8526.0,,,,
189054109,Sold Out,CLOROX CO DEL,1220.0,9616.0,,,,
184499101,Sold Out,CLEAN ENERGY FUELS CORP,165.0,45784.0,,,,
963320106,Not New,WHIRLPOOL CORP,697.0,3864.0,281.0,1913.0,-416.0,-1951.0
983919101,New Holding,XILINX INC,,,656.0,13837.0,,
64125C109,New Holding,NEUROCRINE BIOSCIENCES INC,,,911.0,23035.0,,
337915102,Sold Out,FIRSTMERIT CORP,1564.0,83873.0,,,,
444097109,Not New,HUDSON PAC PPTYS INC,2214.0,76570.0,6973.0,247787.0,4759.0,171217.0
781270103,Sold Out,RUDOLPH TECHNOLOGIES INC,366.0,25721.0,,,,
733174700,Sold Out,POPULAR INC,868.0,30637.0,,,,
831865209,New Holding,SMITH A O,,,839.0,10998.0,,
089302103,Sold Out,BIG LOTS INC,295.0,7653.0,,,,
168615102,Not New,CHICOS FAS INC,192.0,14465.0,148.0,13837.0,-44.0,-628.0
44157R109,New Holding,HOUGHTON MIFFLIN HARCOURT CO,,,401.0,20130.0,,
53219L109,Not New,LIFEPOINT HEALTH INC,514.0,7422.0,305.0,4153.0,-209.0,-3269.0
466032109,New Holding,J & J SNACK FOODS CORP,,,262.0,2416.0,,
29272W109,New Holding,ENERGIZER HLDGS INC NEW,,,2836.0,70000.0,,
062540109,Sold Out,BANK HAWAII CORP,2781.0,44207.0,,,,
78464A730,New Holding,SPDR SERIES TRUST,,,3035.0,100000.0,,
N53745100,Sold Out,LYONDELLBASELL INDUSTRIES N,5758.0,66263.0,,,,
292554AF9,Sold Out,ENCORE CAP GROUP INC,1908.0,3000000.0,,,,
720186105,New Holding,PIEDMONT NAT GAS INC,,,908.0,15183.0,,
316773100,Sold Out,FIFTH THIRD BANCORP,220.0,10949.0,,,,
825107105,New Holding,SHORE BANCSHARES INC,,,227.0,18915.0,,
49271M100,Sold Out,KEURIG GREEN MTN INC,651.0,7230.0,,,,
17163B102,Not New,CIBER INC,86.0,40900.0,62.0,17699.0,-24.0,-23201.0
74965L101,New Holding,RLJ LODGING TR,,,215.0,9385.0,,
88160R101,New Holding,TESLA MTRS INC,,,1953.0,8500.0,,
32055Y201,Sold Out,FIRST INTST BANCSYSTEM INC,390.0,13408.0,,,,
111621306,Not New,BROCADE COMMUNICATIONS SYS I,317.0,30000.0,252.0,27434.0,-65.0,-2566.0
836034108,New Holding,SOUFUN HLDGS LTD,,,1548.0,258444.0,,
N72482107,Not New,QIAGEN NV,1844.0,82531.0,489.0,17703.0,-1355.0,-64828.0
526057104,New Holding,LENNAR CORP,,,652.0,13482.0,,
62913F508,New Holding,NII HLDGS INC,,,323.0,58424.0,,
464287655,Not New,ISHARES TR,6638.0,60000.0,171949.0,1526804.0,165311.0,1466804.0
380237107,Not New,GODADDY INC,1094.0,33839.0,1886.0,58835.0,792.0,24996.0
22410J106,Sold Out,CRACKER BARREL OLD CTRY STOR,1606.0,12663.0,,,,
149568107,Sold Out,CAVCO INDS INC DEL,382.0,4589.0,,,,
817565104,New Holding,SERVICE CORP INTL,,,562.0,22769.0,,
125509109,Not New,CIGNA CORPORATION,1242.0,9047.0,1651.0,11281.0,409.0,2234.0
988498101,Sold Out,YUM BRANDS INC,1090.0,14923.0,,,,
073271108,Sold Out,BAZAARVOICE INC,54.0,12223.0,,,,
07317Q105,Sold Out,BAYTEX ENERGY CORP,89.0,27500.0,,,,
761152107,Not New,RESMED INC,446.0,7708.0,966.0,17983.0,520.0,10275.0
91324P102,Sold Out,UNITEDHEALTH GROUP INC,529.0,4500.0,,,,
060505104,Not New,BANK AMER CORP,2326.0,172021.0,457.0,27138.0,-1869.0,-144883.0
096761101,New Holding,BOB EVANS FARMS INC,,,2129.0,45592.0,,
032095101,New Holding,AMPHENOL CORP NEW,,,613.0,10594.0,,
247361702,Sold Out,DELTA AIR LINES INC DEL,2775.0,54738.0,,,,
620071100,Sold Out,MOTORCAR PTS AMER INC,321.0,9484.0,,,,
861642106,Sold Out,STONE ENERGY CORP,57.0,13400.0,,,,
05545E209,Not New,BHP BILLITON PLC,7946.0,349587.0,4155.0,183444.0,-3791.0,-166143.0
84860WAA0,Sold Out,SPIRIT RLTY CAP INC NEW,956.0,1250000.0,,,,
012653101,Sold Out,ALBEMARLE CORP,2317.0,41370.0,,,,
16934Q208,New Holding,CHIMERA INVT CORP,,,424.0,31188.0,,
879369106,Not New,TELEFLEX INC,942.0,6002.0,226.0,1720.0,-716.0,-4282.0
436893200,Sold Out,HOME BANCSHARES INC,801.0,19763.0,,,,
14149Y108,Not New,CARDINAL HEALTH INC,861.0,10502.0,239.0,2677.0,-622.0,-7825.0
78464A698,New Holding,SPDR SERIES TRUST,,,2344.0,62267.0,,
L9340P101,Sold Out,TRINSEO S A,2059.0,73000.0,,,,
450913108,New Holding,IAMGOLD CORP,,,57.0,25800.0,,
594960304,New Holding,MICROVISION INC DEL,,,37.0,19852.0,,
171340102,New Holding,CHURCH & DWIGHT INC,,,1322.0,14346.0,,
146229109,Not New,CARTER INC,5347.0,50742.0,650.0,7296.0,-4697.0,-43446.0
42703MAB9,Sold Out,HERBALIFE LTD,1057.0,1700000.0,,,,
277432100,Sold Out,EASTMAN CHEM CO,3311.0,49045.0,,,,
464287432,Sold Out,ISHARES TR,5864.0,48629.0,,,,
50540R409,Sold Out,LABORATORY CORP AMER HLDGS,672.0,5434.0,,,,
G9319H102,New Holding,VALIDUS HOLDINGS LTD,,,746.0,15811.0,,
81369Y209,Not New,SELECT SECTOR SPDR TR,5619.0,82904.0,25977.0,360648.0,20358.0,277744.0
81369Y209,Not New,SELECT SECTOR SPDR TR,5619.0,82904.0,540.0,7500.0,-5079.0,-75404.0
254543101,New Holding,DIODES INC,,,201.0,10000.0,,
59151K108,Not New,METHANEX CORP,1341.0,41765.0,271.0,8200.0,-1070.0,-33565.0
117043109,Sold Out,BRUNSWICK CORP,378.0,7488.0,,,,
67020YAG5,New Holding,NUANCE COMMUNICATIONS INC,,,1862.0,1811000.0,,
58933Y105,Sold Out,MERCK & CO INC NEW,622.0,11784.0,,,,
65473P105,Not New,NISOURCE INC,1762.0,74807.0,291.0,14901.0,-1471.0,-59906.0
79466L302,Not New,SALESFORCE COM INC,481.0,6520.0,1565.0,19966.0,1084.0,13446.0
375558103,New Holding,GILEAD SCIENCES INC,,,1336.0,14542.0,,
249030107,Sold Out,DENTSPLY INTL INC NEW,790.0,12989.0,,,,
46131B100,New Holding,INVESCO MORTGAGE CAPITAL INC,,,178.0,14623.0,,
N22717107,Sold Out,CORE LABORATORIES N V,388.0,3564.0,,,,
06742E711,New Holding,BARCLAYS BK PLC,,,4405.0,250000.0,,
090572207,New Holding,BIO RAD LABS INC,,,1256.0,9190.0,,
278265103,Sold Out,EATON VANCE CORP,2495.0,76945.0,,,,
496902404,Not New,KINROSS GOLD CORP,47.0,13800.0,126.0,69300.0,79.0,55500.0
552953101,Not New,MGM RESORTS INTERNATIONAL,2281.0,106400.0,1301.0,57249.0,-980.0,-49151.0
552953101,Not New,MGM RESORTS INTERNATIONAL,4824.0,225000.0,1301.0,57249.0,-3523.0,-167751.0
91529Y106,New Holding,UNUM GROUP,,,1671.0,54038.0,,
89055F103,Not New,TOPBUILD CORP,262.0,8801.0,1069.0,34745.0,807.0,25944.0
008474108,New Holding,AGNICO EAGLE MINES LTD,,,712.0,19700.0,,
008474108,New Holding,AGNICO EAGLE MINES LTD,,,3978.0,110000.0,,
343412102,Not New,FLUOR CORP NEW,3116.0,58023.0,252.0,5343.0,-2864.0,-52680.0
184496107,Sold Out,CLEAN HARBORS INC,207.0,4972.0,,,,
481165108,Not New,JOY GLOBAL INC,3122.0,194300.0,162.0,12813.0,-2960.0,-181487.0
589400100,Sold Out,MERCURY GENL CORP NEW,1478.0,31731.0,,,,
233331107,New Holding,DTE ENERGY CO,,,300.0,3305.0,,
524901105,Sold Out,LEGG MASON INC,3466.0,88351.0,,,,
750236101,Not New,RADIAN GROUP INC,188.0,15166.0,995.0,74295.0,807.0,59129.0
012423109,Sold Out,ALBANY MOLECULAR RESH INC,220.0,11061.0,,,,
459044103,Sold Out,INTERNATIONAL BANCSHARES COR,1053.0,40985.0,,,,
371901109,Sold Out,GENTEX CORP,540.0,33725.0,,,,
55262C100,Not New,MBIA INC,250.0,28224.0,202.0,31181.0,-48.0,2957.0
760416107,New Holding,REPUBLIC FIRST BANCORP INC,,,57.0,13548.0,,
249908AA2,Not New,DEPOMED INC,18770.0,20041000.0,2959.0,11440000.0,-15811.0,-8601000.0
12685J105,New Holding,CABLE ONE INC,,,1304.0,2983.0,,
205363104,New Holding,COMPUTER SCIENCES CORP,,,352.0,10233.0,,
43300A104,New Holding,HILTON WORLDWIDE HLDGS INC,,,2266.0,100631.0,,
032511107,Not New,ANADARKO PETE CORP,8687.0,186547.0,2829.0,58243.0,-5858.0,-128304.0
032511107,Not New,ANADARKO PETE CORP,8687.0,186547.0,9716.0,200000.0,1029.0,13453.0
53071M104,Not New,LIBERTY INTERACTIVE CORP,608.0,24077.0,516.0,18899.0,-92.0,-5178.0
024835100,Not New,AMERICAN CAMPUS CMNTYS INC,1340.0,28455.0,7993.0,193355.0,6653.0,164900.0
204166102,Sold Out,COMMVAULT SYSTEMS INC,284.0,7222.0,,,,
163851108,New Holding,CHEMOURS CO,,,811.0,115812.0,,
88033G407,New Holding,TENET HEALTHCARE CORP,,,483.0,16682.0,,
878237106,Sold Out,TECH DATA CORP,232.0,3488.0,,,,
552074700,Sold Out,LYON WILLIAM HOMES,454.0,27517.0,,,,
978097103,Sold Out,WOLVERINE WORLD WIDE INC,323.0,19310.0,,,,
501242101,Sold Out,KULICKE & SOFFA INDS INC,151.0,12897.0,,,,
018802108,Not New,ALLIANT ENERGY CORP,409.0,5500.0,343.0,5500.0,-66.0,0.0
05463X106,New Holding,AXOGEN INC,,,77.0,14390.0,,
501797104,New Holding,L BRANDS INC,,,349.0,3975.0,,
65249B208,Not New,NEWS CORP NEW,544.0,41065.0,709.0,50778.0,165.0,9713.0
14149F109,Sold Out,CARDINAL FINL CORP,651.0,28603.0,,,,
156782104,Sold Out,CERNER CORP,572.0,9499.0,,,,
749607107,Sold Out,RLI CORP,2901.0,46985.0,,,,
205887102,New Holding,CONAGRA FOODS INC,,,1058.0,23706.0,,
35906A108,Not New,FRONTIER COMMUNICATIONS CORP,3586.0,641539.0,101.0,21656.0,-3485.0,-619883.0
35906A108,Not New,FRONTIER COMMUNICATIONS CORP,559.0,100000.0,101.0,21656.0,-458.0,-78344.0
78442P106,Not New,SLM CORP,268.0,42178.0,321.0,49173.0,53.0,6995.0
G47791101,Sold Out,INGERSOLL-RAND PLC,6061.0,109626.0,,,,
918194101,Not New,VCA INC,1270.0,22015.0,220.0,3993.0,-1050.0,-18022.0
06846N104,Sold Out,BARRETT BILL CORP,53.0,13506.0,,,,
91913Y100,Not New,VALERO ENERGY CORP NEW,513.0,8000.0,7117.0,100653.0,6604.0,92653.0
531172104,Sold Out,LIBERTY PPTY TR,303.0,9750.0,,,,
36237H101,Sold Out,G-III APPAREL GROUP LTD,580.0,13109.0,,,,
G0408V102,Sold Out,AON PLC,602.0,6531.0,,,,
47215P106,New Holding,JD COM INC,,,2662.0,100467.0,,
053332102,Sold Out,AUTOZONE INC,1451.0,1956.0,,,,
360271100,Sold Out,FULTON FINL CORP PA,1530.0,117572.0,,,,
12503M108,Not New,CBOE HLDGS INC,2939.0,44989.0,4995.0,76959.0,2056.0,31970.0
418056107,New Holding,HASBRO INC,,,2252.0,28118.0,,
045487105,Not New,ASSOCIATED BANC CORP,4624.0,257775.0,3818.0,203646.0,-806.0,-54129.0
231561101,New Holding,CURTISS WRIGHT CORP,,,418.0,5527.0,,
92826C839,Not New,VISA INC,571.0,7469.0,4735.0,61057.0,4164.0,53588.0
57164Y107,New Holding,MARRIOTT VACATIONS WRLDWDE C,,,239.0,3539.0,,
868157108,New Holding,SUPERIOR ENERGY SVCS INC,,,413.0,30848.0,,
82481R106,New Holding,SHIRE PLC,,,2235.0,13000.0,,
670002104,New Holding,NOVAVAX INC,,,132.0,25508.0,,
150602209,Sold Out,CEDAR REALTY TRUST INC,2201.0,310924.0,,,,
881624209,New Holding,TEVA PHARMACEUTICAL INDS LTD,,,610.0,11401.0,,
457187102,New Holding,INGREDION INC,,,1984.0,18578.0,,
902681105,Not New,UGI CORP NEW,639.0,15859.0,530.0,15713.0,-109.0,-146.0
67069D108,Sold Out,NUTRI SYS INC NEW,234.0,10821.0,,,,
235825205,Sold Out,DANA HLDG CORP,196.0,14209.0,,,,
G5509L101,Sold Out,LIVANOVA PLC,513.0,8634.0,,,,
03937C105,Not New,ARCBEST CORP,743.0,34400.0,508.0,23746.0,-235.0,-10654.0
G0450A105,New Holding,ARCH CAP GROUP LTD,,,2145.0,30162.0,,
22002T108,Sold Out,CORPORATE OFFICE PPTYS TR,718.0,32896.0,,,,
02503X105,Sold Out,AMERICAN CAPITAL AGENCY CORP,368.0,21245.0,,,,
42225P501,Sold Out,HEALTHCARE TR AMER INC,315.0,11663.0,,,,
042735100,Sold Out,ARROW ELECTRS INC,1892.0,34913.0,,,,
91307C102,Sold Out,UNITED THERAPEUTICS CORP DEL,1543.0,9855.0,,,,
109043109,Sold Out,BRIGGS & STRATTON CORP,208.0,12024.0,,,,
562750109,New Holding,MANHATTAN ASSOCS INC,,,1796.0,31579.0,,
268948106,Sold Out,EAGLE BANCORP INC MD,211.0,4171.0,,,,
42983D104,New Holding,HIGHER ONE HLDGS INC,,,140.0,35883.0,,
750459109,New Holding,RADISYS CORP,,,70.0,17844.0,,
40412C101,New Holding,HCA HOLDINGS INC,,,949.0,12161.0,,
61174X109,Sold Out,MONSTER BEVERAGE CORP NEW,4265.0,28634.0,,,,
866082100,New Holding,SUMMIT HOTEL PPTYS,,,270.0,22518.0,,
938824109,Sold Out,WASHINGTON FED INC,1276.0,53540.0,,,,
63938C108,Sold Out,NAVIENT CORP,465.0,40637.0,,,,
M22465104,Sold Out,CHECK POINT SOFTWARE TECH LT,276.0,3389.0,,,,
19075FAB2,New Holding,COBALT INTL ENERGY INC,,,2200.0,5346000.0,,
369604103,Not New,GENERAL ELECTRIC CO,1590.0,50000.0,440.0,14128.0,-1150.0,-35872.0
369604103,Not New,GENERAL ELECTRIC CO,2384.0,75000.0,440.0,14128.0,-1944.0,-60872.0
92230Y104,Sold Out,VASCO DATA SEC INTL INC,184.0,10999.0,,,,
393657101,Sold Out,GREENBRIER COS INC,218.0,6682.0,,,,
04270V106,Sold Out,ARRIS GROUP INC NEW,6004.0,196415.0,,,,
655844108,Not New,NORFOLK SOUTHERN CORP,8891.0,106800.0,550.0,6503.0,-8341.0,-100297.0
655844108,Not New,NORFOLK SOUTHERN CORP,8891.0,106800.0,4230.0,50000.0,-4661.0,-56800.0
G7945M107,Sold Out,SEAGATE TECHNOLOGY PLC,502.0,13699.0,,,,
92342Y109,Sold Out,VERIFONE SYS INC,414.0,14770.0,,,,
587118100,Sold Out,MENS WEARHOUSE INC,162.0,11046.0,,,,
178587101,New Holding,CITY OFFICE REIT INC,,,309.0,27125.0,,
69343T107,New Holding,PJT PARTNERS INC,,,435.0,18073.0,,
N20944109,New Holding,CNH INDL N V,,,1740.0,257425.0,,
45167R104,Sold Out,IDEX CORP,690.0,9010.0,,,,
46121Y102,Sold Out,INTREPID POTASH INC,85.0,28733.0,,,,
141624106,Sold Out,CARE CAP PPTYS INC,557.0,18215.0,,,,
948596101,Sold Out,WEIBO CORP,497.0,25499.0,,,,
59156R108,Sold Out,METLIFE INC,590.0,12246.0,,,,
08579W103,Not New,BERRY PLASTICS GROUP INC,1190.0,32918.0,2127.0,58800.0,937.0,25882.0
88160RAC5,Not New,TESLA MTRS INC,13736.0,16000000.0,3401.0,5100000.0,-10335.0,-10900000.0
20030N101,Not New,COMCAST CORP NEW,9461.0,154900.0,1119.0,19836.0,-8342.0,-135064.0
452308109,Sold Out,ILLINOIS TOOL WKS INC,2853.0,30787.0,,,,
16117M305,New Holding,CHARTER COMMUNICATIONS INC D,,,2814.0,13900.0,,
03662Q105,New Holding,ANSYS INC,,,211.0,2363.0,,
282914100,New Holding,8X8 INC NEW,,,139.0,13815.0,,
90328S500,New Holding,USA TECHNOLOGIES INC,,,88.0,20259.0,,
032654105,Sold Out,ANALOG DEVICES INC,1373.0,24822.0,,,,
05463D100,Not New,AXIALL CORP,1303.0,59682.0,7570.0,491555.0,6267.0,431873.0
05534B760,New Holding,BCE INC,,,956.0,21000.0,,
81721M109,Sold Out,SENIOR HSG PPTYS TR,212.0,14280.0,,,,
039483102,Not New,ARCHER DANIELS MIDLAND CO,2098.0,57778.0,2699.0,73569.0,601.0,15791.0
12508E101,New Holding,CDK GLOBAL INC,,,501.0,10770.0,,
85208M102,Not New,SPROUTS FMRS MKT INC,2203.0,75878.0,8254.0,310412.0,6051.0,234534.0
76680R206,New Holding,RINGCENTRAL INC,,,189.0,12025.0,,
552848103,Not New,MGIC INVT CORP WIS,108.0,14140.0,214.0,24287.0,106.0,10147.0
25754A201,Not New,DOMINOS PIZZA INC,1284.0,9739.0,2949.0,26510.0,1665.0,16771.0
59408Q106,New Holding,MICHAELS COS INC,,,2361.0,84401.0,,
40416M105,Sold Out,HD SUPPLY HLDGS INC,216.0,7208.0,,,,
48203R104,New Holding,JUNIPER NETWORKS INC,,,490.0,19200.0,,
285229100,New Holding,ELECTRO SCIENTIFIC INDS,,,233.0,32549.0,,
65440R101,Sold Out,NIMBLE STORAGE INC,234.0,25462.0,,,,
682189105,Not New,ON SEMICONDUCTOR CORP,172.0,17919.0,366.0,37385.0,194.0,19466.0
443320106,Sold Out,HUB GROUP INC,249.0,7553.0,,,,
87482X101,Sold Out,TALMER BANCORP INC,912.0,50332.0,,,,
723484101,Not New,PINNACLE WEST CAP CORP,353.0,4700.0,347.0,5379.0,-6.0,679.0
87724P106,Sold Out,TAYLOR MORRISON HOME CORP,1075.0,67172.0,,,,
922475108,Sold Out,VEEVA SYS INC,8751.0,303332.0,,,,
888706108,Sold Out,TIVO INC,139.0,16100.0,,,,
064058100,Not New,BANK NEW YORK MELLON CORP,2129.0,57800.0,7815.0,189589.0,5686.0,131789.0
811065101,Not New,SCRIPPS NETWORKS INTERACT IN,1346.0,20552.0,480.0,8692.0,-866.0,-11860.0
966244105,Sold Out,WHITEWAVE FOODS CO,871.0,22392.0,,,,
46116X101,Sold Out,INTRA CELLULAR THERAPIES INC,207.0,3854.0,,,,
263534109,Sold Out,DU PONT E I DE NEMOURS & CO,6893.0,103506.0,,,,
00164V103,New Holding,AMC NETWORKS INC,,,325.0,5000.0,,
H8817H100,Not New,TRANSOCEAN LTD,2680.0,293261.0,130.0,10495.0,-2550.0,-282766.0
464287739,Sold Out,ISHARES TR,20100.0,267711.0,,,,
464287739,Sold Out,ISHARES TR,3446.0,45900.0,,,,
136375102,Sold Out,CANADIAN NATL RY CO,335.0,6000.0,,,,
223622AB7,Sold Out,COWEN GROUP INC NEW,1214.0,1690000.0,,,,
16941M109,New Holding,CHINA MOBILE LIMITED,,,2828.0,51000.0,,
596278101,New Holding,MIDDLEBY CORP,,,5339.0,50007.0,,
31428X106,Not New,FEDEX CORP,1294.0,7952.0,366.0,2455.0,-928.0,-5497.0
703395103,Not New,PATTERSON COMPANIES INC,1002.0,21542.0,238.0,5262.0,-764.0,-16280.0
595017104,Sold Out,MICROCHIP TECHNOLOGY INC,463.0,9949.0,,,,
85571B105,New Holding,STARWOOD PPTY TR INC,,,260.0,13759.0,,
655663102,Not New,NORDSON CORP,4840.0,63652.0,3422.0,53339.0,-1418.0,-10313.0
929740108,Sold Out,WABTEC CORP,1341.0,18849.0,,,,
00724F101,Not New,ADOBE SYS INC,804.0,8567.0,1551.0,16515.0,747.0,7948.0
76131V202,Sold Out,RETAIL PPTYS AMER INC,222.0,15031.0,,,,
80283M101,Not New,SANTANDER CONSUMER USA HDG I,264.0,25153.0,390.0,24581.0,126.0,-572.0
344849104,Not New,FOOT LOCKER INC,776.0,12036.0,1124.0,17275.0,348.0,5239.0
695263103,Not New,PACWEST BANCORP DEL,2482.0,66810.0,1254.0,29094.0,-1228.0,-37716.0
25470M109,Sold Out,DISH NETWORK CORP,589.0,10295.0,,,,
03957W106,Sold Out,ARCHROCK INC,224.0,29791.0,,,,
920355104,New Holding,VALSPAR CORP,,,345.0,3220.0,,
912318201,New Holding,UNITED STATES NATL GAS FUND,,,566.0,85000.0,,
01988PAD0,Not New,ALLSCRIPTS HEALTHCARE SOLUTN,10655.0,10416000.0,1790.0,2000000.0,-8865.0,-8416000.0
670008AD3,Sold Out,NOVELLUS SYS INC,2310.0,6158000.0,,,,
909214306,Sold Out,UNISYS CORP,111.0,10054.0,,,,
966387102,New Holding,WHITING PETE CORP NEW,,,158.0,19800.0,,
002535300,Sold Out,AARONS INC,2157.0,96321.0,,,,
001055102,Not New,AFLAC INC,252.0,3994.0,554.0,9248.0,302.0,5254.0
92763W103,New Holding,VIPSHOP HLDGS LTD,,,1343.0,104235.0,,
233153204,Not New,DCT INDUSTRIAL TRUST INC,3667.0,92897.0,3632.0,97181.0,-35.0,4284.0
023608102,Sold Out,AMEREN CORP,207.0,4787.0,,,,
349853101,Sold Out,FORWARD AIR CORP,230.0,5358.0,,,,
698813102,Sold Out,PAPA JOHNS INTL INC,329.0,5888.0,,,,
97717W851,Not New,WISDOMTREE TR,3934.0,90000.0,2754.0,55000.0,-1180.0,-35000.0
12662P108,Not New,CVR ENERGY INC,2322.0,88947.0,873.0,22188.0,-1449.0,-66759.0
000360206,New Holding,AAON INC,,,200.0,7151.0,,
053015103,Sold Out,AUTOMATIC DATA PROCESSING IN,910.0,10743.0,,,,
637138108,Not New,NATIONAL PENN BANCSHARES INC,213.0,20000.0,912.0,73965.0,699.0,53965.0
460690100,Not New,INTERPUBLIC GROUP COS INC,5323.0,231950.0,4488.0,192789.0,-835.0,-39161.0
44980X109,Sold Out,IPG PHOTONICS CORP,1082.0,12140.0,,,,
042068106,New Holding,ARM HLDGS PLC,,,590.0,13500.0,,
29265N108,Sold Out,ENERGEN CORP,341.0,8324.0,,,,
92343E102,Sold Out,VERISIGN INC,1542.0,5975.0,,,,
98919V105,New Holding,ZAYO GROUP HLDGS INC,,,2199.0,90700.0,,
92276F100,Sold Out,VENTAS INC,1790.0,31718.0,,,,
285512109,Not New,ELECTRONIC ARTS INC,961.0,14532.0,3209.0,46699.0,2248.0,32167.0
203607106,Sold Out,COMMUNITY BK SYS INC,1186.0,29687.0,,,,
128030202,Sold Out,CAL MAINE FOODS INC,667.0,14400.0,,,,
89628EAE4,Not New,TRINA SOLAR LIMITED,900.0,1000000.0,551.0,1000000.0,-349.0,0.0
57636Q104,Not New,MASTERCARD INC,8626.0,91279.0,4937.0,50713.0,-3689.0,-40566.0
256746108,Not New,DOLLAR TREE INC,4032.0,48892.0,575.0,7450.0,-3457.0,-41442.0
398438408,Not New,GRIFOLS S A,10386.0,671338.0,5429.0,167574.0,-4957.0,-503764.0
00751Y106,Sold Out,ADVANCE AUTO PARTS INC,863.0,5735.0,,,,
017175100,Sold Out,ALLEGHANY CORP DEL,492.0,1030.0,,,,
318672706,Sold Out,FIRST BANCORP P R,361.0,110998.0,,,,
82966C103,Sold Out,SIRONA DENTAL SYSTEMS INC,1455.0,13277.0,,,,
143658300,Not New,CARNIVAL CORP,3747.0,71006.0,3019.0,55424.0,-728.0,-15582.0
143658300,Not New,CARNIVAL CORP,396.0,7500.0,3019.0,55424.0,2623.0,47924.0
500754106,New Holding,KRAFT HEINZ CO,,,4532.0,57683.0,,
913017109,Not New,UNITED TECHNOLOGIES CORP,6541.0,65341.0,6341.0,66002.0,-200.0,661.0
680033107,Sold Out,OLD NATL BANCORP IND,952.0,70206.0,,,,
83088M102,New Holding,SKYWORKS SOLUTIONS INC,,,1675.0,21500.0,,
05275N205,New Holding,AUTOBYTEL INC,,,216.0,12466.0,,
872540109,Sold Out,TJX COS INC NEW,492.0,6936.0,,,,
845467109,Not New,SOUTHWESTERN ENERGY CO,161.0,20000.0,1230.0,172979.0,1069.0,152979.0
833034101,New Holding,SNAP ON INC,,,3140.0,20000.0,,
398905109,Sold Out,GROUP 1 AUTOMOTIVE INC,269.0,3555.0,,,,
94188P101,New Holding,WATERSTONE FINL INC MD,,,169.0,12381.0,,
91232N108,Not New,UNITED STATES OIL FUND LP,2820.0,290699.0,5500.0,500000.0,2680.0,209301.0
91232N108,Not New,UNITED STATES OIL FUND LP,97.0,10000.0,5500.0,500000.0,5403.0,490000.0
111621AQ1,New Holding,BROCADE COMMUNICATIONS SYS I,,,6348.0,6390000.0,,
G0750C108,New Holding,AXALTA COATING SYS LTD,,,3248.0,111233.0,,
44267D107,Sold Out,HOWARD HUGHES CORP,216.0,1909.0,,,,
Y2573F102,Sold Out,FLEXTRONICS INTL LTD,3461.0,308760.0,,,,
103304101,Sold Out,BOYD GAMING CORP,254.0,12762.0,,,,
12008R107,Not New,BUILDERS FIRSTSOURCE INC,1507.0,133700.0,161.0,14518.0,-1346.0,-119182.0
12008R107,Not New,BUILDERS FIRSTSOURCE INC,564.0,50000.0,161.0,14518.0,-403.0,-35482.0
74144T108,New Holding,PRICE T ROWE GROUP INC,,,638.0,8681.0,,
42805T105,Not New,HERTZ GLOBAL HOLDINGS INC,121.0,11497.0,327.0,22994.0,206.0,11497.0
898402102,Sold Out,TRUSTMARK CORP,815.0,35369.0,,,,
81752R100,New Holding,SERITAGE GROWTH PPTYS,,,772.0,15449.0,,
354613101,Sold Out,FRANKLIN RES INC,1179.0,32012.0,,,,
98956P102,Not New,ZIMMER BIOMET HLDGS INC,1034.0,9696.0,683.0,6654.0,-351.0,-3042.0
G81276100,Not New,SIGNET JEWELERS LIMITED,269.0,2170.0,926.0,7485.0,657.0,5315.0
30063P105,Sold Out,EXACT SCIENCES CORP,119.0,12865.0,,,,
72348P104,New Holding,PINNACLE FOODS INC DEL,,,498.0,11135.0,,
00922R105,Sold Out,AIR TRANSPORT SERVICES GRP I,403.0,40000.0,,,,
423452101,Sold Out,HELMERICH & PAYNE INC,401.0,7493.0,,,,
42824C109,New Holding,HEWLETT PACKARD ENTERPRISE C,,,847.0,47751.0,,
200525103,Sold Out,COMMERCE BANCSHARES INC,1854.0,43571.0,,,,
60855RAC4,Not New,MOLINA HEALTHCARE INC,16651.0,10100000.0,14061.0,9534000.0,-2590.0,-566000.0
64110D104,Sold Out,NETAPP INC,344.0,12978.0,,,,
067774109,Sold Out,BARNES & NOBLE INC,115.0,13166.0,,,,
55264U108,Sold Out,MB FINANCIAL INC NEW,1889.0,58370.0,,,,
465685105,New Holding,ITC HLDGS CORP,,,3006.0,68988.0,,
142339100,Not New,CARLISLE COS INC,5927.0,59563.0,7238.0,81613.0,1311.0,22050.0
15135B101,Sold Out,CENTENE CORP DEL,679.0,10322.0,,,,
74834L100,Sold Out,QUEST DIAGNOSTICS INC,634.0,8911.0,,,,
589433101,Sold Out,MEREDITH CORP,326.0,7533.0,,,,
38059T106,Sold Out,GOLD FIELDS LTD NEW,2078.0,750000.0,,,,
82669G104,Not New,SIGNATURE BK NEW YORK N Y,3247.0,23856.0,1877.0,12241.0,-1370.0,-11615.0
284902103,Sold Out,ELDORADO GOLD CORP NEW,82.0,27538.0,,,,
885160101,Not New,THOR INDS INC,251.0,3938.0,2036.0,36263.0,1785.0,32325.0
154760409,Sold Out,CENTRAL PAC FINL CORP,1165.0,52906.0,,,,
12572Q105,Not New,CME GROUP INC,4336.0,45142.0,4201.0,46369.0,-135.0,1227.0
776696106,Sold Out,ROPER TECHNOLOGIES INC,451.0,2376.0,,,,
55354G100,Sold Out,MSCI INC,546.0,7576.0,,,,
53578A108,New Holding,LINKEDIN CORP,,,234.0,2044.0,,
172908105,Not New,CINTAS CORP,350.0,3895.0,1382.0,15175.0,1032.0,11280.0
345370860,Not New,FORD MTR CO DEL,2700.0,200000.0,152.0,10763.0,-2548.0,-189237.0
882508104,Sold Out,TEXAS INSTRS INC,3517.0,64175.0,,,,
466367109,Sold Out,JACK IN THE BOX INC,5307.0,69183.0,,,,
48123VAC6,Not New,J2 GLOBAL INC,11967.0,11000000.0,2967.0,2500000.0,-9000.0,-8500000.0
919794107,Not New,VALLEY NATL BANCORP,3459.0,362548.0,3172.0,322032.0,-287.0,-40516.0
265504100,New Holding,DUNKIN BRANDS GROUP INC,,,455.0,9644.0,,
91843L103,Sold Out,VWR CORP,7824.0,276368.0,,,,
594918104,Not New,MICROSOFT CORP,4882.0,88400.0,4437.0,79973.0,-445.0,-8427.0
594918104,Not New,MICROSOFT CORP,4142.0,75000.0,4437.0,79973.0,295.0,4973.0
633707104,Sold Out,NATIONAL BK HLDGS CORP,1522.0,71219.0,,,,
868607102,New Holding,SUPREME INDS INC,,,94.0,10687.0,,
58501N101,Sold Out,MEDIVATION INC,556.0,11512.0,,,,
611742107,New Holding,MONSTER WORLDWIDE INC,,,291.0,89292.0,,
49338L103,Sold Out,KEYSIGHT TECHNOLOGIES INC,339.0,11960.0,,,,
G7665A101,Not New,ROWAN COMPANIES PLC,1740.0,108054.0,1222.0,72100.0,-518.0,-35954.0
81369Y407,New Holding,SELECT SECTOR SPDR TR,,,3892.0,49207.0,,
887317303,Sold Out,TIME WARNER INC,1029.0,15917.0,,,,
75689M101,Sold Out,RED ROBIN GOURMET BURGERS IN,228.0,3686.0,,,,
410867105,Sold Out,HANOVER INS GROUP INC,357.0,4388.0,,,,
05605H100,Sold Out,BWX TECHNOLOGIES INC,504.0,15866.0,,,,
902973304,Sold Out,US BANCORP DEL,1019.0,23875.0,,,,
66706L101,Sold Out,NORTHSTAR REALTY EUROPE CORP,216.0,18310.0,,,,
92839U206,New Holding,VISTEON CORP,,,2173.0,27300.0,,
91732J102,New Holding,US ECOLOGY INC,,,211.0,4770.0,,
32115D106,Sold Out,FIRST NBC BK HLDG CO,724.0,19364.0,,,,
554225102,New Holding,MACATAWA BK CORP,,,63.0,10139.0,,
493267108,Sold Out,KEYCORP NEW,210.0,15928.0,,,,
097023105,Not New,BOEING CO,1804.0,14209.0,331.0,2288.0,-1473.0,-11921.0
384802104,Sold Out,GRAINGER W W INC,841.0,4149.0,,,,
30303M102,Not New,FACEBOOK INC,3600.0,31550.0,7267.0,69436.0,3667.0,37886.0
30303M102,Not New,FACEBOOK INC,3600.0,31550.0,523.0,5000.0,-3077.0,-26550.0
16939P106,Not New,CHINA LIFE INS CO LTD,2476.0,201488.0,3142.0,196488.0,666.0,-5000.0
U72603118,New Holding,PLANET PAYMENT INC,,,107.0,30330.0,,
45337C102,New Holding,INCYTE CORP,,,1065.0,14692.0,,
695156109,Sold Out,PACKAGING CORP AMER,207.0,3287.0,,,,
165167107,Sold Out,CHESAPEAKE ENERGY CORP,990.0,220000.0,,,,
96145D105,Not New,WESTROCK CO,976.0,25000.0,240.0,5251.0,-736.0,-19749.0
94419L101,New Holding,WAYFAIR INC,,,289.0,6697.0,,
87161C501,Not New,SYNOVUS FINL CORP,4708.0,162846.0,1998.0,61700.0,-2710.0,-101146.0
22943F100,New Holding,CTRIP COM INTL LTD,,,2606.0,58871.0,,
29414B104,Not New,EPAM SYS INC,303.0,4055.0,305.0,3880.0,2.0,-175.0
595112103,Sold Out,MICRON TECHNOLOGY INC,217.0,15343.0,,,,
109641100,Sold Out,BRINKER INTL INC,1421.0,29633.0,,,,
790148100,Sold Out,ST JOE CO,266.0,14374.0,,,,
855244109,Sold Out,STARBUCKS CORP,2764.0,46038.0,,,,
31680Q104,New Holding,58 COM INC,,,1070.0,19236.0,,
682680103,Sold Out,ONEOK INC NEW,202.0,8199.0,,,,
462222100,Sold Out,IONIS PHARMACEUTICALS INC,906.0,14633.0,,,,
38388F108,Not New,GRACE W R & CO DEL NEW,3388.0,47600.0,5807.0,58306.0,2419.0,10706.0
037833100,Not New,APPLE INC,2801.0,25700.0,5645.0,53632.0,2844.0,27932.0
N22035104,Not New,CONSTELLIUM NV,619.0,119200.0,1253.0,162700.0,634.0,43500.0
315616102,Not New,F5 NETWORKS INC,312.0,2952.0,409.0,4220.0,97.0,1268.0
74736A103,New Holding,QTS RLTY TR INC,,,2843.0,60000.0,,
124830100,Sold Out,CBL & ASSOC PPTYS INC,302.0,24378.0,,,,
87305RAD1,Not New,TTM TECHNOLOGIES INC,10015.0,11259000.0,203.0,8886000.0,-9812.0,-2373000.0
01449J105,New Holding,ALERE INC,,,1604.0,31696.0,,
254709108,Not New,DISCOVER FINL SVCS,686.0,13467.0,1291.0,24084.0,605.0,10617.0
26138E109,Sold Out,DR PEPPER SNAPPLE GROUP INC,2104.0,22574.0,,,,
57060U761,Not New,MARKET VECTORS ETF TR,236.0,16850.0,498.0,33700.0,262.0,16850.0
149123101,Sold Out,CATERPILLAR INC DEL,3775.0,55546.0,,,,
78573M104,Sold Out,SABRE CORP,354.0,12668.0,,,,
87160A100,Not New,SYNGENTA AG,1559.0,18825.0,787.0,10000.0,-772.0,-8825.0
87160A100,Not New,SYNGENTA AG,1559.0,18825.0,3149.0,40000.0,1590.0,21175.0
909907107,Sold Out,UNITED BANKSHARES INC WEST V,2770.0,74874.0,,,,
629209305,Not New,NMI HLDGS INC,868.0,171830.0,1163.0,171830.0,295.0,0.0
573284106,New Holding,MARTIN MARIETTA MATLS INC,,,2456.0,15400.0,,
62886E908,Sold Out,NCR CORP NEW,377.0,15402.0,,,,
464592104,Sold Out,ISLE OF CAPRI CASINOS INC,391.0,28076.0,,,,
032420101,New Holding,ANACOR PHARMACEUTICALS INC,,,267.0,4989.0,,
49427F108,Not New,KILROY RLTY CORP,1547.0,25000.0,403.0,6371.0,-1144.0,-18629.0
92220P105,Sold Out,VARIAN MED SYS INC,1280.0,15846.0,,,,
872590104,New Holding,T MOBILE US INC,,,4615.0,120484.0,,
252603105,Sold Out,DIAMOND FOODS INC,324.0,8414.0,,,,
49446R109,New Holding,KIMCO RLTY CORP,,,391.0,13577.0,,
69331C108,Not New,PG&E CORP,291.0,4880.0,240.0,4505.0,-51.0,-375.0
094235108,New Holding,BLOOMIN BRANDS INC,,,181.0,10715.0,,
887389104,New Holding,TIMKEN CO,,,935.0,27926.0,,
887389104,New Holding,TIMKEN CO,,,3349.0,100000.0,,
45168D104,New Holding,IDEXX LABS INC,,,1573.0,20080.0,,
28035Q102,Sold Out,EDGEWELL PERS CARE CO,469.0,5985.0,,,,
31946M103,Sold Out,FIRST CTZNS BANCSHARES INC N,857.0,3320.0,,,,
929160109,Sold Out,VULCAN MATLS CO,5841.0,61500.0,,,,
461202103,Not New,INTUIT,935.0,8994.0,3543.0,36718.0,2608.0,27724.0
56418H100,Not New,MANPOWERGROUP INC,3876.0,47600.0,3910.0,46388.0,34.0,-1212.0
758849103,New Holding,REGENCY CTRS CORP,,,464.0,6200.0,,
524660107,New Holding,LEGGETT & PLATT INC,,,2499.0,51629.0,,
732872106,Sold Out,POPEYES LA KITCHEN INC,269.0,4600.0,,,,
29250N105,Not New,ENBRIDGE INC,644.0,16546.0,480.0,14450.0,-164.0,-2096.0
74736K101,Sold Out,QORVO INC,328.0,6436.0,,,,
119848109,Sold Out,BUFFALO WILD WINGS INC,4146.0,25972.0,,,,
61166W101,Sold Out,MONSANTO CO NEW,889.0,9024.0,,,,
88165N105,Sold Out,TETRAPHASE PHARMACEUTICALS I,270.0,26881.0,,,,
44970B109,New Holding,IMS HEALTH HLDGS INC,,,221.0,8330.0,,
151290889,Not New,CEMEX SAB DE CV,1456.0,200000.0,561.0,100800.0,-895.0,-99200.0
90184L102,Not New,TWITTER INC,508.0,30700.0,243.0,10520.0,-265.0,-20180.0
001204106,New Holding,AGL RES INC,,,1492.0,22900.0,,
436440AB7,Sold Out,HOLOGIC INC,4200.0,2500000.0,,,,
81369Y605,Sold Out,SELECT SECTOR SPDR TR,2803.0,117630.0,,,,
81369Y605,Sold Out,SELECT SECTOR SPDR TR,4766.0,200000.0,,,,
371559105,Not New,GENESEE & WYO INC,4231.0,67474.0,9139.0,170210.0,4908.0,102736.0
703343103,Sold Out,PATRICK INDS INC,322.0,7408.0,,,,
729251108,Sold Out,PLUM CREEK TIMBER CO INC,485.0,10158.0,,,,
80007P307,Sold Out,SANDRIDGE ENERGY INC,63.0,316900.0,,,,
092113109,Sold Out,BLACK HILLS CORP,7868.0,169454.0,,,,
531229AB8,Sold Out,LIBERTY MEDIA CORP DELAWARE,1501.0,1814000.0,,,,
225310101,New Holding,CREDIT ACCEP CORP MICH,,,1806.0,9950.0,,
874080AB0,Sold Out,TAL ED GROUP,93.0,3500000.0,,,,
371532102,Sold Out,GENESCO INC,1597.0,28108.0,,,,
693656100,Sold Out,PVH CORP,1026.0,13931.0,,,,
16411R208,Sold Out,CHENIERE ENERGY INC,520.0,13949.0,,,,
889478103,New Holding,TOLL BROTHERS INC,,,449.0,15209.0,,
882681109,Sold Out,TEXAS ROADHOUSE INC,5618.0,157048.0,,,,
958102105,Not New,WESTERN DIGITAL CORP,373.0,7895.0,1296.0,21575.0,923.0,13680.0
81170YAB5,New Holding,SEACOR HOLDINGS INC,,,210.0,272000.0,,
G27823106,Sold Out,DELPHI AUTOMOTIVE PLC,9783.0,114109.0,,,,
580645109,Not New,MCGRAW HILL FINL INC,505.0,5097.0,493.0,5003.0,-12.0,-94.0
464337AJ3,Not New,ISIS PHARMACEUTICALS INC DEL,4020.0,4400000.0,1854.0,5500000.0,-2166.0,1100000.0
55608B105,Sold Out,MACQUARIE INFRASTRUCTURE COR,269.0,3704.0,,,,
535678106,New Holding,LINEAR TECHNOLOGY CORP,,,826.0,18545.0,,
404303109,Sold Out,HSN INC,1747.0,34486.0,,,,
192422103,Not New,COGNEX CORP,438.0,11256.0,473.0,13997.0,35.0,2741.0
48242W106,Not New,KBR INC,243.0,15687.0,275.0,16228.0,32.0,541.0
76658B100,New Holding,RIGHTSIDE GROUP LTD,,,87.0,10855.0,,
53071M880,Not New,LIBERTY INTERACTIVE CORP,3830.0,97900.0,2256.0,50000.0,-1574.0,-47900.0
70959W103,Not New,PENSKE AUTOMOTIVE GRP INC,646.0,17051.0,711.0,16802.0,65.0,-249.0
249908104,New Holding,DEPOMED INC,,,279.0,20000.0,,
237194105,New Holding,DARDEN RESTAURANTS INC,,,611.0,9214.0,,
565849106,Not New,MARATHON OIL CORP,3291.0,295400.0,401.0,31831.0,-2890.0,-263569.0
317923100,Sold Out,FINISH LINE INC,246.0,13619.0,,,,
603158106,Sold Out,MINERALS TECHNOLOGIES INC,431.0,9409.0,,,,
84610H108,Not New,SOVRAN SELF STORAGE INC,3787.0,32111.0,4734.0,44111.0,947.0,12000.0
359694106,Sold Out,FULLER H B CO,564.0,15458.0,,,,
71742Q106,Sold Out,PHIBRO ANIMAL HEALTH CORP,361.0,11984.0,,,,
052800109,Sold Out,AUTOLIV INC,222.0,1782.0,,,,
126408103,Not New,CSX CORP,1288.0,50000.0,404.0,15555.0,-884.0,-34445.0
126408103,Not New,CSX CORP,1288.0,50000.0,2595.0,100000.0,1307.0,50000.0
464288513,Not New,ISHARES TR,14933.0,182800.0,72200.0,896000.0,57267.0,713200.0
724479100,Sold Out,PITNEY BOWES INC,324.0,15689.0,,,,
22539T621,New Holding,CREDIT SUISSE AG NASSAU BRH,,,11910.0,500000.0,,
G97822103,Sold Out,PERRIGO CO PLC,261.0,1804.0,,,,
45772F107,New Holding,INPHI CORP,,,345.0,10339.0,,
464287242,Sold Out,ISHARES TR,57005.0,500000.0,,,,
584688AE5,New Holding,MEDICINES CO,,,2273.0,2000000.0,,
78463V107,Not New,SPDR GOLD TRUST,2360.0,20063.0,352.0,3470.0,-2008.0,-16593.0
78463V107,Not New,SPDR GOLD TRUST,2360.0,20063.0,5073.0,50000.0,2713.0,29937.0
29270J100,New Holding,ENERGY RECOVERY INC,,,360.0,34771.0,,
13057Q107,Sold Out,CALIFORNIA RES CORP,159.0,68252.0,,,,
67018T105,Sold Out,NU SKIN ENTERPRISES INC,1863.0,49171.0,,,,
742962103,Not New,PRIVATEBANCORP INC,4635.0,120080.0,3861.0,94128.0,-774.0,-25952.0
981475106,Sold Out,WORLD FUEL SVCS CORP,610.0,15863.0,,,,
150870103,Not New,CELANESE CORP DEL,1138.0,17381.0,5991.0,88982.0,4853.0,71601.0
92343V104,New Holding,VERIZON COMMUNICATIONS INC,,,2693.0,49801.0,,
17243V102,Not New,CINEMARK HOLDINGS INC,471.0,13143.0,1199.0,35877.0,728.0,22734.0
302301AB2,Sold Out,EZCORP INC,259.0,835000.0,,,,
297178105,Not New,ESSEX PPTY TR INC,4043.0,17290.0,8379.0,35000.0,4336.0,17710.0
22163N106,New Holding,COTT CORP QUE,,,2084.0,150000.0,,
45031U101,New Holding,ISTAR INC,,,120.0,12376.0,,
55305B101,Sold Out,M/I HOMES INC,677.0,30905.0,,,,
577767106,New Holding,MAXWELL TECHNOLOGIES INC,,,131.0,22045.0,,
536797103,New Holding,LITHIA MTRS INC,,,1215.0,13915.0,,
292505104,Not New,ENCANA CORP,5045.0,828486.0,5597.0,1099658.0,552.0,271172.0
810186106,Sold Out,SCOTTS MIRACLE GRO CO,307.0,4755.0,,,,
345605109,New Holding,FOREST CITY RLTY TR INC,,,418.0,19804.0,,
025816109,Not New,AMERICAN EXPRESS CO,4175.0,67994.0,1687.0,24256.0,-2488.0,-43738.0
406216101,New Holding,HALLIBURTON CO,,,4192.0,117365.0,,
67011P100,Sold Out,NOW INC,459.0,29000.0,,,,
803054204,Sold Out,SAP SE,1766.0,22331.0,,,,
297425100,Sold Out,ESTERLINE TECHNOLOGIES CORP,312.0,3857.0,,,,
362393100,Sold Out,GTT COMMUNICATIONS INC,244.0,14324.0,,,,
21870U502,New Holding,CORENERGY INFRASTRUCTURE TR,,,249.0,12400.0,,
397624107,Sold Out,GREIF INC,211.0,6861.0,,,,
174610105,Sold Out,CITIZENS FINL GROUP INC,3605.0,137636.0,,,,
518415104,Sold Out,LATTICE SEMICONDUCTOR CORP,78.0,12039.0,,,,
74460D109,Sold Out,PUBLIC STORAGE,707.0,2853.0,,,,
37637Q105,Sold Out,GLACIER BANCORP INC NEW,1741.0,65637.0,,,,
701094104,Not New,PARKER HANNIFIN CORP,1711.0,15400.0,257.0,2653.0,-1454.0,-12747.0
011659109,Not New,ALASKA AIR GROUP INC,1657.0,20200.0,278.0,3452.0,-1379.0,-16748.0
83421A104,Sold Out,SOLERA HOLDINGS INC,338.0,6172.0,,,,
58605Q109,Sold Out,MEMORIAL RESOURCE DEV CORP,1330.0,82338.0,,,,
374163103,New Holding,GERON CORP,,,43.0,14676.0,,
101119105,Sold Out,BOSTON PRIVATE FINL HLDGS IN,991.0,87430.0,,,,
50187A107,Sold Out,LHC GROUP INC,270.0,5969.0,,,,
79970Y105,Sold Out,SANCHEZ ENERGY CORP,212.0,49161.0,,,,
29266S106,Sold Out,ENDOLOGIX INC,115.0,11600.0,,,,
27890G100,Sold Out,ECLIPSE RES CORP,33.0,18000.0,,,,
46071F103,Sold Out,INTERSECT ENT INC,222.0,9864.0,,,,
571903202,Sold Out,MARRIOTT INTL INC NEW,992.0,14790.0,,,,
231021106,New Holding,CUMMINS INC,,,572.0,5206.0,,
87305R109,Not New,TTM TECHNOLOGIES INC,175.0,26300.0,81.0,12500.0,-94.0,-13800.0
45781D101,New Holding,INOVALON HLDGS INC,,,246.0,13302.0,,
40414L109,New Holding,HCP INC,,,5151.0,158092.0,,
654106103,Not New,NIKE INC,233.0,3798.0,1535.0,24560.0,1302.0,20762.0
773903109,Not New,ROCKWELL AUTOMATION INC,2867.0,25200.0,271.0,2639.0,-2596.0,-22561.0
773903109,Not New,ROCKWELL AUTOMATION INC,3413.0,30000.0,271.0,2639.0,-3142.0,-27361.0
464287234,Not New,ISHARES TR,61838.0,1805500.0,64380.0,2000000.0,2542.0,194500.0
717098206,Sold Out,PFSWEB INC,191.0,14862.0,,,,
26613Q106,New Holding,DUPONT FABROS TECHNOLOGY INC,,,227.0,5600.0,,
058498106,New Holding,BALL CORP,,,4557.0,63926.0,,
985817105,New Holding,YELP INC,,,237.0,11900.0,,
24869P104,Sold Out,DENNYS CORP,120.0,12200.0,,,,
64111Q104,Sold Out,NETGEAR INC,335.0,7986.0,,,,
83175M205,New Holding,SMITH & NEPHEW PLC,,,33320.0,1000000.0,,
36268Q103,New Holding,GAIAM INC,,,100.0,15618.0,,
04247X102,Not New,ARMSTRONG WORLD INDS INC NEW,2277.0,47068.0,439.0,9589.0,-1838.0,-37479.0
00846U101,Not New,AGILENT TECHNOLOGIES INC,975.0,24459.0,261.0,6233.0,-714.0,-18226.0
G48833100,Not New,WEATHERFORD INTL PLC,1790.0,230079.0,395.0,47071.0,-1395.0,-183008.0
681919106,Sold Out,OMNICOM GROUP INC,497.0,6574.0,,,,
68557N103,Sold Out,ORBITAL ATK INC,242.0,2713.0,,,,
45845P108,Sold Out,INTERCEPT PHARMACEUTICALS IN,518.0,3469.0,,,,
546347105,New Holding,LOUISIANA PAC CORP,,,2257.0,131832.0,,
399473107,Not New,GROUPON INC,651.0,163112.0,127.0,41269.0,-524.0,-121843.0
412822108,Not New,HARLEY DAVIDSON INC,1540.0,30000.0,1206.0,26570.0,-334.0,-3430.0
731068102,Sold Out,POLARIS INDS INC,1782.0,20732.0,,,,
031100100,Not New,AMETEK INC NEW,6113.0,122315.0,1394.0,26009.0,-4719.0,-96306.0
03836W103,Not New,AQUA AMERICA INC,553.0,17394.0,339.0,11364.0,-214.0,-6030.0
78454L100,Not New,SM ENERGY CO,1234.0,65865.0,1966.0,100000.0,732.0,34135.0
79466LAD6,Not New,SALESFORCE COM INC,5386.0,4355000.0,2124.0,1800000.0,-3262.0,-2555000.0
84760CAA5,Not New,SPECTRANETICS CORP,1384.0,1739000.0,721.0,1500000.0,-663.0,-239000.0
58155Q103,Sold Out,MCKESSON CORP,618.0,3135.0,,,,
428567101,Sold Out,HIBBETT SPORTS INC,243.0,8042.0,,,,
03152W109,Sold Out,AMICUS THERAPEUTICS INC,164.0,16912.0,,,,
G5876H105,New Holding,MARVELL TECHNOLOGY GROUP LTD,,,217.0,21010.0,,
23334L102,Sold Out,DSW INC,563.0,23601.0,,,,
78464A888,Not New,SPDR SERIES TRUST,3384.0,100000.0,220.0,6431.0,-3164.0,-93569.0
370023103,Not New,GENERAL GROWTH PPTYS INC NEW,2945.0,99074.0,6104.0,224340.0,3159.0,125266.0
846819100,New Holding,SPARTAN MTRS INC,,,85.0,21550.0,,
040413106,Sold Out,ARISTA NETWORKS INC,1040.0,13361.0,,,,
911363109,Not New,UNITED RENTALS INC,2920.0,46954.0,440.0,6060.0,-2480.0,-40894.0
902252105,Not New,TYLER TECHNOLOGIES INC,1136.0,8833.0,246.0,1412.0,-890.0,-7421.0
038222105,Sold Out,APPLIED MATLS INC,4475.0,239676.0,,,,
44052TAB7,New Holding,HORIZON PHARMA INVT LTD,,,5224.0,6106000.0,,
450828108,Sold Out,IBERIABANK CORP,1846.0,33528.0,,,,
530715AG6,New Holding,LIBERTY MEDIA CORP,,,679.0,1124536.0,,
086516101,Not New,BEST BUY INC,405.0,12486.0,922.0,30263.0,517.0,17777.0
78464A755,Not New,SPDR SERIES TRUST,1023.0,50000.0,312.0,20900.0,-711.0,-29100.0
02209S103,Sold Out,ALTRIA GROUP INC,1737.0,29843.0,,,,
92936P100,New Holding,WMIH CORP,,,298.0,127520.0,,
073302101,Not New,B/E AEROSPACE INC,1420.0,30800.0,271.0,6400.0,-1149.0,-24400.0
880349105,Sold Out,TENNECO INC,3958.0,86221.0,,,,
758766109,Not New,REGAL ENTMT GROUP,1460.0,69055.0,882.0,46753.0,-578.0,-22302.0
74165N105,New Holding,PRIMO WTR CORP,,,200.0,19788.0,,
880770102,New Holding,TERADYNE INC,,,681.0,31525.0,,
760276105,Sold Out,REPUBLIC AWYS HLDGS INC,56.0,14263.0,,,,
125269100,Sold Out,CF INDS HLDGS INC,2463.0,60357.0,,,,
01748X102,Sold Out,ALLEGIANT TRAVEL CO,216.0,1288.0,,,,
487836108,Not New,KELLOGG CO,370.0,4835.0,5313.0,73511.0,4943.0,68676.0
013817101,New Holding,ALCOA INC,,,1437.0,150000.0,,
G81075AE6,Not New,SHIP FINANCE INTERNATIONAL L,3407.0,3500000.0,4464.0,4520000.0,1057.0,1020000.0
03076K108,Sold Out,AMERIS BANCORP,1264.0,37192.0,,,,
03748R101,New Holding,APARTMENT INVT & MGMT CO,,,2308.0,55200.0,,
G16962105,Not New,BUNGE LIMITED,4704.0,83014.0,1207.0,17672.0,-3497.0,-65342.0
74005P104,Sold Out,PRAXAIR INC,676.0,6600.0,,,,
044209104,Sold Out,ASHLAND INC NEW,5865.0,57105.0,,,,
62944T105,Sold Out,NVR INC,325.0,198.0,,,,
11133T103,New Holding,BROADRIDGE FINL SOLUTIONS IN,,,1314.0,22153.0,,
83001A102,Sold Out,SIX FLAGS ENTMT CORP NEW,1125.0,20478.0,,,,
40171V100,New Holding,GUIDEWIRE SOFTWARE INC,,,297.0,5457.0,,
57060U100,Sold Out,MARKET VECTORS ETF TR,2744.0,200000.0,,,,
70432V102,Sold Out,PAYCOM SOFTWARE INC,1096.0,29127.0,,,,
458118106,New Holding,INTEGRATED DEVICE TECHNOLOGY,,,602.0,29470.0,,
221015100,New Holding,CORVUS PHARMACEUTICALS INC,,,145.0,10000.0,,
20337X109,Not New,COMMSCOPE HLDG CO INC,311.0,11146.0,741.0,28612.0,430.0,17466.0
G6518L108,New Holding,NIELSEN HLDGS PLC,,,612.0,11623.0,,
Y8564W103,Sold Out,TEEKAY CORPORATION,159.0,16088.0,,,,
02043Q107,Sold Out,ALNYLAM PHARMACEUTICALS INC,420.0,4460.0,,,,
393222104,Sold Out,GREEN PLAINS INC,344.0,15010.0,,,,
886547108,Sold Out,TIFFANY & CO NEW,1051.0,13782.0,,,,
548661107,Sold Out,LOWES COS INC,5812.0,76437.0,,,,
092113125,New Holding,BLACK HILLS CORP,,,4792.0,70136.0,,
98426T106,New Holding,YY INC,,,852.0,13838.0,,
H2906T109,Sold Out,GARMIN LTD,2573.0,69215.0,,,,
31430F101,New Holding,FELCOR LODGING TR INC,,,87.0,10700.0,,
29089QAB1,Sold Out,EMERGENT BIOSOLUTIONS INC,6234.0,5045000.0,,,,
23918K108,New Holding,DAVITA HEALTHCARE PARTNERS I,,,950.0,12952.0,,
269796108,Sold Out,EAGLE PHARMACEUTICALS INC,362.0,4087.0,,,,
864909106,Sold Out,SUCAMPO PHARMACEUTICALS INC,185.0,10713.0,,,,
222070203,Not New,COTY INC,995.0,35751.0,391.0,15261.0,-604.0,-20490.0
36467W109,Sold Out,GAMESTOP CORP NEW,726.0,25903.0,,,,
879360105,Sold Out,TELEDYNE TECHNOLOGIES INC,1046.0,11795.0,,,,
90984P303,Sold Out,UNITED CMNTY BKS BLAIRSVLE G,1026.0,52658.0,,,,
950755108,Sold Out,WERNER ENTERPRISES INC,423.0,18066.0,,,,
816851109,Not New,SEMPRA ENERGY,1161.0,11160.0,1155.0,12285.0,-6.0,1125.0
74906P104,New Holding,QUNAR CAYMAN IS LTD,,,698.0,17573.0,,
N3167Y103,New Holding,FERRARI N V,,,209.0,5000.0,,
03073E105,Not New,AMERISOURCEBERGEN CORP,1289.0,14895.0,1766.0,17028.0,477.0,2133.0
177376100,Sold Out,CITRIX SYS INC,564.0,7459.0,,,,
313747206,New Holding,FEDERAL REALTY INVT TR,,,9493.0,60831.0,,
04744L106,New Holding,ATHERSYS INC,,,74.0,32719.0,,
13123E500,New Holding,CALLIDUS SOFTWARE INC,,,230.0,13770.0,,
80105N105,New Holding,SANOFI,,,602.0,15000.0,,
835451105,Sold Out,SONIC CORP,439.0,13580.0,,,,
928563402,Not New,VMWARE INC,711.0,13600.0,203.0,3584.0,-508.0,-10016.0
018581108,New Holding,ALLIANCE DATA SYSTEMS CORP,,,2312.0,10510.0,,
52729N308,Not New,LEVEL 3 COMMUNICATIONS INC,593.0,11213.0,215.0,3953.0,-378.0,-7260.0
G65773106,Sold Out,NORDIC AMERICAN TANKERS LIMI,209.0,13438.0,,,,
159864107,Sold Out,CHARLES RIV LABS INTL INC,4176.0,51949.0,,,,
01973R101,New Holding,ALLISON TRANSMISSION HLDGS I,,,6289.0,233100.0,,
30249U101,Not New,FMC TECHNOLOGIES INC,920.0,33629.0,2551.0,87920.0,1631.0,54291.0
29275Y102,Sold Out,ENERSYS,210.0,3752.0,,,,
89417E109,Sold Out,TRAVELERS COMPANIES INC,758.0,6718.0,,,,
646025106,Not New,NEW JERSEY RES,2791.0,76624.0,10973.0,332917.0,8182.0,256293.0
13123X102,Sold Out,CALLON PETE CO DEL,198.0,23782.0,,,,
784635104,Sold Out,SPX CORP,196.0,21000.0,,,,
001546AP5,New Holding,AK STL CORP,,,4520.0,5000000.0,,
84763R101,Not New,SPECTRUM BRANDS HLDGS INC,3745.0,34269.0,5107.0,50163.0,1362.0,15894.0
76169B102,Not New,REXNORD CORP NEW,1602.0,79225.0,1085.0,59900.0,-517.0,-19325.0
631103108,Sold Out,NASDAQ INC,292.0,5018.0,,,,
12547R105,Sold Out,CIFC CORP,126.0,22633.0,,,,
388689101,Not New,GRAPHIC PACKAGING HLDG CO,1481.0,115258.0,867.0,67598.0,-614.0,-47660.0
388689101,Not New,GRAPHIC PACKAGING HLDG CO,696.0,54200.0,867.0,67598.0,171.0,13398.0
92552V100,New Holding,VIASAT INC,,,294.0,4000.0,,
144577103,Not New,CARRIZO OIL & GAS INC,2919.0,94400.0,3825.0,129306.0,906.0,34906.0
023586100,New Holding,AMERCO,,,2195.0,6142.0,,
052769106,Sold Out,AUTODESK INC,574.0,9414.0,,,,
201723103,Sold Out,COMMERCIAL METALS CO,182.0,13312.0,,,,
291011104,New Holding,EMERSON ELEC CO,,,1196.0,22000.0,,
291011104,New Holding,EMERSON ELEC CO,,,2719.0,50000.0,,
00766T100,Sold Out,AECOM,268.0,8913.0,,,,
09228F103,Not New,BLACKBERRY LTD,566.0,70000.0,464.0,50000.0,-102.0,-20000.0
09228F103,Not New,BLACKBERRY LTD,566.0,70000.0,928.0,100000.0,362.0,30000.0
835898107,New Holding,SOTHEBYS,,,272.0,10176.0,,
191098102,Sold Out,COCA COLA BOTTLING CO CONS,690.0,3782.0,,,,
G02602103,New Holding,AMDOCS LTD,,,514.0,8500.0,,
H0023R105,Sold Out,ACE LTD,5788.0,49533.0,,,,
126650100,Not New,CVS HEALTH CORP,1757.0,16938.0,372.0,3808.0,-1385.0,-13130.0
55903Q104,New Holding,MAG SILVER CORP,,,151.0,16046.0,,
N00985106,Sold Out,AERCAP HOLDINGS NV,404.0,9364.0,,,,
485865109,New Holding,KATE SPADE & CO,,,1620.0,63462.0,,
74762E102,Sold Out,QUANTA SVCS INC,560.0,27653.0,,,,
741503AQ9,New Holding,PRICELINE GRP INC,,,9016.0,6300000.0,,
292104106,Sold Out,EMPIRE ST RLTY TR INC,232.0,12843.0,,,,
00507V109,New Holding,ACTIVISION BLIZZARD INC,,,927.0,27400.0,,
88338T104,Sold Out,THERAVANCE INC,236.0,22416.0,,,,
55405Y100,New Holding,MA COM TECHNOLOGY SOLUTIONS,,,335.0,7658.0,,
81762P102,Not New,SERVICENOW INC,428.0,7000.0,216.0,2497.0,-212.0,-4503.0
88023U101,Sold Out,TEMPUR SEALY INTL INC,3612.0,51257.0,,,,
69036R301,New Holding,OVERSEAS SHIPHOLDING GROUP I,,,627.0,333377.0,,
762760106,New Holding,RICE ENERGY INC,,,5272.0,377624.0,,
172967424,Sold Out,CITIGROUP INC,4136.0,79920.0,,,,
217204106,Sold Out,COPART INC,33811.0,889517.0,,,,
217204106,Sold Out,COPART INC,20906.0,550000.0,,,,
149150104,Sold Out,CATHAY GEN BANCORP,2786.0,88935.0,,,,
854502101,Sold Out,STANLEY BLACK & DECKER INC,1651.0,15465.0,,,,
02079K305,Not New,ALPHABET INC,4887.0,6406.0,7200.0,9255.0,2313.0,2849.0
L00849106,New Holding,ADECOAGRO S A,,,231.0,20000.0,,
651229106,Not New,NEWELL RUBBERMAID INC,2904.0,65562.0,1561.0,35410.0,-1343.0,-30152.0
784117103,New Holding,SEI INVESTMENTS CO,,,606.0,14087.0,,
143905AM9,Not New,CARRIAGE SVCS INC,5470.0,4937000.0,919.0,9864000.0,-4551.0,4927000.0
075887109,Sold Out,BECTON DICKINSON & CO,792.0,5140.0,,,,
918204108,Not New,V F CORP,1515.0,23400.0,6302.0,101242.0,4787.0,77842.0
410120109,Sold Out,HANCOCK HLDG CO,2323.0,92304.0,,,,
09073M104,New Holding,BIO TECHNE CORP,,,1200.0,12696.0,,
020002101,Not New,ALLSTATE CORP,8093.0,120125.0,3044.0,49026.0,-5049.0,-71099.0
57061R544,New Holding,MARKET VECTORS ETF TR,,,644.0,23124.0,,
74978Q105,Sold Out,RSP PERMIAN INC,522.0,21397.0,,,,
89628EAC8,Not New,TRINA SOLAR LIMITED,878.0,950000.0,1625.0,2950000.0,747.0,2000000.0
69370C100,Sold Out,PTC INC,507.0,14650.0,,,,
19075F106,New Holding,COBALT INTL ENERGY INC,,,50.0,16701.0,,
19075F106,New Holding,COBALT INTL ENERGY INC,,,119.0,40000.0,,
42235N108,Not New,HEARTLAND PMT SYS INC,464.0,4800.0,1042.0,10986.0,578.0,6186.0
320209109,Sold Out,FIRST FINL BANCORP OH,719.0,39776.0,,,,
128195104,New Holding,CALATLANTIC GROUP INC,,,1721.0,51500.0,,
98212B103,Sold Out,WPX ENERGY INC,733.0,127666.0,,,,
156431108,Not New,CENTURY ALUM CO,705.0,100000.0,484.0,109403.0,-221.0,9403.0
245077102,Sold Out,DEL FRISCOS RESTAURANT GROUP,1147.0,71591.0,,,,
446413106,Sold Out,HUNTINGTON INGALLS INDS INC,561.0,4422.0,,,,
904311107,Not New,UNDER ARMOUR INC,1281.0,15100.0,1166.0,14463.0,-115.0,-637.0
33812L102,New Holding,FITBIT INC,,,721.0,47589.0,,
485170302,Not New,KANSAS CITY SOUTHERN,2564.0,30000.0,5644.0,75584.0,3080.0,45584.0
92532F100,Sold Out,VERTEX PHARMACEUTICALS INC,485.0,3851.0,,,,
03822W406,Sold Out,APPLIED MICRO CIRCUITS CORP,96.0,15013.0,,,,
32026V104,New Holding,FIRST FNDTN INC,,,258.0,11502.0,,
071813109,New Holding,BAXTER INTL INC,,,1167.0,28410.0,,
674215108,Sold Out,OASIS PETE INC NEW,166.0,22548.0,,,,
219350105,Sold Out,CORNING INC,1701.0,93029.0,,,,
32020R109,Sold Out,FIRST FINL BANKSHARES,880.0,29171.0,,,,
095229100,New Holding,BLUCORA INC,,,120.0,23214.0,,
941053100,New Holding,WASTE CONNECTIONS INC,,,3300.0,51096.0,,
35671D857,Sold Out,FREEPORT-MCMORAN INC,126.0,18548.0,,,,
74733T105,Sold Out,QLIK TECHNOLOGIES INC,377.0,11896.0,,,,
002567105,Sold Out,ABAXIS INC,285.0,5117.0,,,,
452907AK4,New Holding,IMMUNOMEDICS INC,,,5063.0,7353000.0,,
156504300,Sold Out,CENTURY CMNTYS INC,7818.0,441433.0,,,,
31620M106,Sold Out,FIDELITY NATL INFORMATION SV,329.0,5424.0,,,,
45336E109,New Holding,INCONTACT INC,,,412.0,46400.0,,
90214J101,New Holding,2U INC,,,242.0,10696.0,,
134429109,New Holding,CAMPBELL SOUP CO,,,2419.0,37921.0,,
109194100,New Holding,BRIGHT HORIZONS FAM SOL IN D,,,297.0,4585.0,,
351858105,New Holding,FRANCO NEVADA CORP,,,1964.0,32000.0,,
873868103,New Holding,TAHOE RES INC,,,257.0,25577.0,,
25470F302,Not New,DISCOVERY COMMUNICATNS NEW,1122.0,41574.0,545.0,21608.0,-577.0,-19966.0
00508Y102,New Holding,ACUITY BRANDS INC,,,2629.0,12050.0,,
704326107,New Holding,PAYCHEX INC,,,432.0,8000.0,,
910047109,Sold Out,UNITED CONTL HLDGS INC,6242.0,108932.0,,,,
42330P107,Not New,HELIX ENERGY SOLUTIONS GRP I,474.0,84708.0,163.0,31067.0,-311.0,-53641.0
828336107,New Holding,SILVER WHEATON CORP,,,829.0,50000.0,,
216648402,Not New,COOPER COS INC,332.0,2157.0,1561.0,11635.0,1229.0,9478.0
949746101,Sold Out,WELLS FARGO & CO NEW,13288.0,244439.0,,,,
151290BR3,Sold Out,CEMEX SAB DE CV,3120.0,4000000.0,,,,
36191G107,Sold Out,GNC HLDGS INC,310.0,10000.0,,,,
88224Q107,Not New,TEXAS CAPITAL BANCSHARES INC,1278.0,33300.0,919.0,18599.0,-359.0,-14701.0
676220106,Not New,OFFICE DEPOT INC,963.0,135613.0,338.0,60000.0,-625.0,-75613.0
676220106,Not New,OFFICE DEPOT INC,710.0,100000.0,338.0,60000.0,-372.0,-40000.0
260003108,Sold Out,DOVER CORP,1028.0,16760.0,,,,
294628102,Not New,EQUITY COMWLTH,8749.0,310013.0,6972.0,251434.0,-1777.0,-58579.0
192446102,New Holding,COGNIZANT TECHNOLOGY SOLUTIO,,,267.0,4258.0,,
26483E100,Sold Out,DUN & BRADSTREET CORP DEL NE,275.0,2645.0,,,,
830566105,Sold Out,SKECHERS U S A INC,341.0,11281.0,,,,
64110L106,Not New,NETFLIX INC,1842.0,18020.0,212.0,1852.0,-1630.0,-16168.0
808513105,Sold Out,SCHWAB CHARLES CORP NEW,5712.0,173446.0,,,,
22542D795,Not New,CREDIT SUISSE NASSAU BRH,6211.0,240000.0,258.0,10000.0,-5953.0,-230000.0
302520101,Sold Out,FNB CORP PA,2865.0,214788.0,,,,
126132109,Not New,CNOOC LTD,3158.0,26975.0,2816.0,26975.0,-342.0,0.0
030371108,Not New,AMERICAN VANGUARD CORP,1209.0,76610.0,432.0,30823.0,-777.0,-45787.0
79546E104,Not New,SALLY BEAUTY HLDGS INC,6130.0,189315.0,6368.0,228332.0,238.0,39017.0
92924F106,Not New,WGL HLDGS INC,1037.0,14335.0,476.0,7555.0,-561.0,-6780.0
23331S100,Sold Out,DHI GROUP INC,171.0,18619.0,,,,
88830M102,Sold Out,TITAN INTL INC ILL,79.0,19971.0,,,,
899896104,Sold Out,TUPPERWARE BRANDS CORP,671.0,12052.0,,,,
07177M103,New Holding,BAXALTA INC,,,3354.0,83022.0,,
253393102,Sold Out,DICKS SPORTING GOODS INC,1372.0,38806.0,,,,
20369C106,New Holding,COMMUNITY HEALTHCARE TR INC,,,208.0,11238.0,,
497498105,Sold Out,KIRKLANDS INC,156.0,10731.0,,,,
95040Q104,Sold Out,WELLTOWER INC,7465.0,109730.0,,,,
665531109,Sold Out,NORTHERN OIL & GAS INC NEV,427.0,110751.0,,,,
410495204,Sold Out,HANMI FINL CORP,490.0,20648.0,,,,
751452202,Sold Out,RAMCO-GERSHENSON PPTYS TR,4433.0,266900.0,,,,
48205A109,Sold Out,JUNO THERAPEUTICS INC,463.0,10523.0,,,,
01988P108,Sold Out,ALLSCRIPTS HEALTHCARE SOLUTN,4992.0,324548.0,,,,
28849P100,Sold Out,ELLIE MAE INC,584.0,9700.0,,,,
539830109,Sold Out,LOCKHEED MARTIN CORP,8975.0,41329.0,,,,
92240M108,Sold Out,VECTOR GROUP LTD,230.0,9754.0,,,,
881609101,Not New,TESORO CORP,7638.0,88805.0,773.0,7337.0,-6865.0,-81468.0
34959E109,New Holding,FORTINET INC,,,386.0,12600.0,,
073685109,New Holding,BEACON ROOFING SUPPLY INC,,,6078.0,148200.0,,
7591EP100,Sold Out,REGIONS FINL CORP NEW,308.0,32084.0,,,,
016255101,Sold Out,ALIGN TECHNOLOGY INC,1181.0,17937.0,,,,
G91442106,New Holding,TYCO INTL PLC,,,6865.0,187000.0,,
212015101,Not New,CONTINENTAL RESOURCES INC,9151.0,301416.0,6411.0,279003.0,-2740.0,-22413.0
86732Y109,Not New,SUNEDISON INC,16.0,29635.0,215.0,42146.0,199.0,12511.0
86732Y109,Not New,SUNEDISON INC,16.0,29635.0,284.0,55800.0,268.0,26165.0
86732Y109,Not New,SUNEDISON INC,16.0,30000.0,215.0,42146.0,199.0,12146.0
86732Y109,Not New,SUNEDISON INC,16.0,30000.0,284.0,55800.0,268.0,25800.0
647581107,Not New,NEW ORIENTAL ED & TECH GRP I,1052.0,30400.0,314.0,10000.0,-738.0,-20400.0
828730200,Sold Out,SIMMONS 1ST NATL CORP,857.0,16685.0,,,,
68375N103,Not New,OPKO HEALTH INC,214.0,20577.0,801.0,79671.0,587.0,59094.0
636180101,Sold Out,NATIONAL FUEL GAS CO N J,1005.0,23516.0,,,,
G7496G103,Sold Out,RENAISSANCERE HOLDINGS LTD,10845.0,95814.0,,,,
714046109,Sold Out,PERKINELMER INC,4762.0,88887.0,,,,
124857202,Not New,CBS CORP NEW,4098.0,74394.0,4103.0,87066.0,5.0,12672.0
432748101,Sold Out,HILLTOP HOLDINGS INC,1243.0,64653.0,,,,
35804H106,Sold Out,FRESH MKT INC,590.0,25202.0,,,,
00847X104,Sold Out,AGIOS PHARMACEUTICALS INC,609.0,9376.0,,,,
105368203,New Holding,BRANDYWINE RLTY TR,,,1315.0,93700.0,,
903293405,New Holding,U S G CORP,,,1819.0,73332.0,,
750469207,Sold Out,RADIUS HEALTH INC,404.0,6572.0,,,,
608190104,Not New,MOHAWK INDS INC,1093.0,5725.0,4393.0,23198.0,3300.0,17473.0
70450Y103,Sold Out,PAYPAL HLDGS INC,340.0,9398.0,,,,
983134107,Sold Out,WYNN RESORTS LTD,992.0,14340.0,,,,
471109AH1,Sold Out,JARDEN CORP,2482.0,7521000.0,,,,
09062X103,Sold Out,BIOGEN INC,805.0,2629.0,,,,
30161Q104,Sold Out,EXELIXIS INC,384.0,68109.0,,,,
690742101,Not New,OWENS CORNING NEW,1535.0,32464.0,9022.0,191829.0,7487.0,159365.0
690768403,Not New,OWENS ILL INC,3232.0,202500.0,190.0,10900.0,-3042.0,-191600.0
30555Q108,Sold Out,FAIRMOUNT SANTROL HLDGS INC,59.0,25000.0,,,,
011532108,Sold Out,ALAMOS GOLD INC NEW,99.0,30000.0,,,,
30212P303,New Holding,EXPEDIA INC DEL,,,1283.0,11901.0,,
00484MAA4,New Holding,ACORDA THERAPEUTICS INC,,,4504.0,5032000.0,,
960413102,New Holding,WESTLAKE CHEM CORP,,,569.0,12300.0,,
464287465,New Holding,ISHARES TR,,,5716.0,100000.0,,
81211K100,Sold Out,SEALED AIR CORP NEW,787.0,17646.0,,,,
361448103,Sold Out,GATX CORP,216.0,5076.0,,,,
443510607,Sold Out,HUBBELL INC,525.0,5200.0,,,,
83416B109,Sold Out,SOLARWINDS INC,1329.0,22557.0,,,,
00856G109,New Holding,AGROFRESH SOLUTIONS,,,141.0,21960.0,,
23204G100,Sold Out,CUSTOMERS BANCORP INC,870.0,31966.0,,,,
76973Q105,Sold Out,ROADRUNNER TRNSN SVCS HLDG I,119.0,12620.0,,,,
756577102,Not New,RED HAT INC,788.0,10572.0,4108.0,49611.0,3320.0,39039.0
26441C204,New Holding,DUKE ENERGY CORP NEW,,,997.0,12361.0,,
457985AK5,Sold Out,INTEGRA LIFESCIENCES HLDGS C,3970.0,3094000.0,,,,
192005106,New Holding,CODEXIS INC,,,67.0,21577.0,,
056525108,New Holding,BADGER METER INC,,,219.0,3291.0,,
92886T201,New Holding,VONAGE HLDGS CORP,,,178.0,38863.0,,
38046C109,Sold Out,GOGO INC,211.0,11863.0,,,,
292764107,Sold Out,ENERNOC INC,102.0,26447.0,,,,
04621X108,Sold Out,ASSURANT INC,388.0,4816.0,,,,
00206R102,New Holding,AT&T INC,,,3518.0,89805.0,,
65339F101,Not New,NEXTERA ENERGY INC,391.0,3300.0,6234.0,60009.0,5843.0,56709.0
45841N107,Sold Out,INTERACTIVE BROKERS GROUP IN,709.0,16250.0,,,,
372460105,New Holding,GENUINE PARTS CO,,,782.0,7874.0,,
90328M107,Sold Out,USANA HEALTH SCIENCES INC,855.0,6689.0,,,,
666807102,Not New,NORTHROP GRUMMAN CORP,6748.0,34100.0,594.0,3144.0,-6154.0,-30956.0
87612E106,Not New,TARGET CORP,1428.0,17357.0,1213.0,16704.0,-215.0,-653.0
G65431101,New Holding,NOBLE CORP PLC,,,181.0,17532.0,,
46428Q109,New Holding,ISHARES SILVER TRUST,,,2202.0,150000.0,,
00287Y109,New Holding,ABBVIE INC,,,871.0,15249.0,,
22284P105,Sold Out,COVENANT TRANSN GROUP INC,4369.0,231287.0,,,,
059692103,Sold Out,BANCORPSOUTH INC,2753.0,114771.0,,,,
243537107,Sold Out,DECKERS OUTDOOR CORP,226.0,4780.0,,,,
169905106,New Holding,CHOICE HOTELS INTL INC,,,941.0,17414.0,,
81369Y704,Not New,SELECT SECTOR SPDR TR,1056.0,19034.0,6291.0,118678.0,5235.0,99644.0
81369Y704,Not New,SELECT SECTOR SPDR TR,1664.0,30000.0,6291.0,118678.0,4627.0,88678.0
98417P105,Sold Out,XINYUAN REAL ESTATE CO LTD,106.0,28701.0,,,,
628778102,Sold Out,NBT BANCORP INC,411.0,14737.0,,,,
168905107,New Holding,CHILDRENS PL INC,,,718.0,8600.0,,
98978V103,Sold Out,ZOETIS INC,806.0,16812.0,,,,
69327R101,Sold Out,PDC ENERGY INC,1649.0,30891.0,,,,
150838100,Sold Out,CELADON GROUP INC,101.0,10245.0,,,,
50212V100,Sold Out,LPL FINL HLDGS INC,251.0,5886.0,,,,
609207105,Not New,MONDELEZ INTL INC,824.0,20531.0,4584.0,102240.0,3760.0,81709.0
03938L104,New Holding,ARCELORMITTAL SA LUXEMBOURG,,,2038.0,445000.0,,
46625H100,Not New,JPMORGAN CHASE & CO,7300.0,123265.0,12186.0,184545.0,4886.0,61280.0
78462F103,Not New,SPDR S&P 500 ETF TR,1233.0,6000.0,81038.0,397500.0,79805.0,391500.0
78462F103,Not New,SPDR S&P 500 ETF TR,1233.0,6000.0,15290.0,75000.0,14057.0,69000.0
78462F103,Not New,SPDR S&P 500 ETF TR,1233.0,6000.0,181138.0,888500.0,179905.0,882500.0
78462F103,Not New,SPDR S&P 500 ETF TR,16442.0,80000.0,81038.0,397500.0,64596.0,317500.0
78462F103,Not New,SPDR S&P 500 ETF TR,16442.0,80000.0,15290.0,75000.0,-1152.0,-5000.0
78462F103,Not New,SPDR S&P 500 ETF TR,16442.0,80000.0,181138.0,888500.0,164696.0,808500.0
78462F103,Not New,SPDR S&P 500 ETF TR,30828.0,150000.0,81038.0,397500.0,50210.0,247500.0
78462F103,Not New,SPDR S&P 500 ETF TR,30828.0,150000.0,15290.0,75000.0,-15538.0,-75000.0
78462F103,Not New,SPDR S&P 500 ETF TR,30828.0,150000.0,181138.0,888500.0,150310.0,738500.0
88162F105,Sold Out,TETRA TECHNOLOGIES INC DEL,374.0,49782.0,,,,
538034109,Sold Out,LIVE NATION ENTERTAINMENT IN,204.0,8316.0,,,,
45667G103,Sold Out,INFINERA CORPORATION,537.0,29648.0,,,,
294821608,New Holding,ERICSSON,,,100.0,10000.0,,
126804301,New Holding,CABELAS INC,,,471.0,9681.0,,
023135106,Not New,AMAZON COM INC,6941.0,11693.0,7356.0,10883.0,415.0,-810.0
244199105,Sold Out,DEERE & CO,1183.0,15505.0,,,,
055622104,Not New,BP PLC,1009.0,33423.0,3565.0,114051.0,2556.0,80628.0
95058W100,Not New,WENDYS CO,582.0,53427.0,1972.0,183124.0,1390.0,129697.0
032359AC5,Sold Out,AMTRUST FINL SVCS INC,2045.0,850000.0,,,,
29357K103,Sold Out,ENOVA INTL INC,165.0,24998.0,,,,
29358P101,Sold Out,ENSIGN GROUP INC,349.0,15428.0,,,,
045327103,New Holding,ASPEN TECHNOLOGY INC,,,248.0,6866.0,,
253798102,Sold Out,DIGI INTL INC,210.0,18491.0,,,,
464287184,Sold Out,ISHARES TR,2647.0,75000.0,,,,
92343EAD4,Not New,VERISIGN INC,11979.0,4630000.0,3261.0,14917000.0,-8718.0,10287000.0
862121100,New Holding,STORE CAP CORP,,,2164.0,83600.0,,
778296103,New Holding,ROSS STORES INC,,,279.0,4813.0,,
52471Y106,Sold Out,LEGACY TEX FINL GROUP INC,739.0,29550.0,,,,
87164P103,Not New,SYNERGY RES CORP,291.0,37459.0,235.0,27605.0,-56.0,-9854.0
G5258J109,Sold Out,KING DIGITAL ENTMT PLC,711.0,39744.0,,,,
856190103,Sold Out,STATE BK FINL CORP,392.0,18658.0,,,,
278865100,New Holding,ECOLAB INC,,,309.0,2768.0,,
22160N109,New Holding,COSTAR GROUP INC,,,625.0,3322.0,,
369300AL2,Not New,GENERAL CABLE CORP DEL NEW,1813.0,3238000.0,227.0,563000.0,-1586.0,-2675000.0
398433102,Sold Out,GRIFFON CORP,243.0,13668.0,,,,
57060U233,Not New,MARKET VECTORS ETF TR,1069.0,19417.0,1032.0,19369.0,-37.0,-48.0
413875105,Sold Out,HARRIS CORP DEL,892.0,10260.0,,,,
891092108,Sold Out,TORO CO,333.0,4562.0,,,,
453836108,Sold Out,INDEPENDENT BANK CORP MASS,853.0,18346.0,,,,
15135U109,New Holding,CENOVUS ENERGY INC,,,819.0,63001.0,,
540424108,Sold Out,LOEWS CORP,350.0,9121.0,,,,
95082P105,Sold Out,WESCO INTL INC,206.0,4706.0,,,,
025676206,Not New,AMERICAN EQTY INVT LIFE HLD,2266.0,134891.0,327.0,13621.0,-1939.0,-121270.0
126600105,Sold Out,CVB FINL CORP,976.0,57656.0,,,,
H84989104,Sold Out,TE CONNECTIVITY LTD,1306.0,20221.0,,,,
21036P108,Sold Out,CONSTELLATION BRANDS INC,5824.0,40884.0,,,,
874080104,New Holding,TAL ED GROUP,,,951.0,19141.0,,
879369AA4,Sold Out,TELEFLEX INC,139.0,6231000.0,,,,
45675Y104,New Holding,INFORMATION SERVICES GROUP I,,,83.0,21110.0,,
141665109,New Holding,CAREER EDUCATION CORP,,,192.0,42276.0,,
14040H105,Not New,CAPITAL ONE FINL CORP,4525.0,65283.0,667.0,9243.0,-3858.0,-56040.0
29476L107,Not New,EQUITY RESIDENTIAL,1639.0,21843.0,5236.0,64179.0,3597.0,42336.0
83013P105,Sold Out,SIZMEK INC,90.0,24578.0,,,,
369550108,Not New,GENERAL DYNAMICS CORP,4186.0,31863.0,3346.0,24358.0,-840.0,-7505.0
148806102,Sold Out,CATALENT INC,345.0,13801.0,,,,
001547108,Sold Out,AK STL HLDG CORP,83.0,37266.0,,,,
743606105,Sold Out,PROSPERITY BANCSHARES INC,1230.0,25695.0,,,,
74051N102,Sold Out,PREMIER INC,5334.0,151247.0,,,,
693475105,Not New,PNC FINL SVCS GROUP INC,4238.0,50108.0,817.0,8568.0,-3421.0,-41540.0
