CUSIP,status,NAME OF ISSUER,(x$1000)_old,PRN AMT_old,(x$1000),PRN AMT,(x$1000)_change,PRN AMT_change
98585N106,Sold Out,YEXT INC,23700.0,1000000.0,,,,
985817105,Sold Out,YELP INC,29520.0,600000.0,,,,
023135106,Not New,AMAZON COM INC,7510.0,5000.0,90135.0,45000.0,82625.0,40000.0
79466L302,Not New,SALESFORCE COM INC,17121.0,125000.0,87467.0,550000.0,70346.0,425000.0
29786A106,Not New,ETSY INC,14271.0,300000.0,46242.0,900000.0,31971.0,600000.0
82509L107,Sold Out,SHOPIFY INC,29603.0,180000.0,,,,
92826C839,Sold Out,VISA INC,33770.0,225000.0,,,,
883556102,New Holding,THERMO FISHER SCIENTIFIC INC,,,22379.0,100000.0,,
443573100,Sold Out,HUBSPOT INC,13585.0,90000.0,,,,
594918104,Not New,MICROSOFT CORP,10157.0,100000.0,68622.0,600000.0,58465.0,500000.0
852234103,Not New,SQUARE INC,10938.0,195000.0,99010.0,1000000.0,88072.0,805000.0
922475108,Sold Out,VEEVA SYS INC,29939.0,275000.0,,,,
81762P102,Not New,SERVICENOW INC,35610.0,200000.0,117378.0,600000.0,81768.0,400000.0
860897107,Sold Out,STITCH FIX INC,61278.0,1400000.0,,,,
67066G104,Sold Out,NVIDIA CORP,49179.0,175000.0,,,,
052769106,Sold Out,AUTODESK INC,34344.0,220000.0,,,,
452327109,Not New,ILLUMINA INC,45889.0,153000.0,110118.0,300000.0,64229.0,147000.0
550021109,Sold Out,LULULEMON ATHLETICA INC,81245.0,500000.0,,,,
78486Q101,Sold Out,SVB FINL GROUP,83924.0,270000.0,,,,
78464A730,Sold Out,SPDR SERIES TRUST,64935.0,1500000.0,,,,
824348106,Sold Out,SHERWIN WILLIAMS CO,45521.0,100000.0,,,,
70432V102,Sold Out,PAYCOM SOFTWARE INC,7771.0,50000.0,,,,
254687106,New Holding,DISNEY WALT CO,,,5483.0,50000.0,,
70450Y103,New Holding,PAYPAL HLDGS INC,,,6727.0,80000.0,,
77543R102,Sold Out,ROKU INC,73030.0,1000000.0,,,,
94419L101,Sold Out,WAYFAIR INC,88602.0,600000.0,,,,
983793100,Sold Out,XPO LOGISTICS INC,47951.0,420000.0,,,,
007903107,Sold Out,ADVANCED MICRO DEVICES INC,18534.0,600000.0,,,,
146869102,Sold Out,CARVANA CO,11818.0,200000.0,,,,
44919P508,New Holding,IAC INTERACTIVECORP,,,36608.0,200000.0,,
016255101,Sold Out,ALIGN TECHNOLOGY INC,60639.0,155000.0,,,,
46120E602,Not New,INTUITIVE SURGICAL INC,23946.0,50000.0,57400.0,100000.0,33454.0,50000.0
30063P105,Sold Out,EXACT SCIENCES CORP,57217.0,725000.0,,,,
29414B104,Sold Out,EPAM SYS INC,41310.0,300000.0,,,,
30744W107,Sold Out,FARFETCH LTD,3268.0,120000.0,,,,
72703H101,Sold Out,PLANET FITNESS INC,32418.0,600000.0,,,,
126408103,Sold Out,CSX CORP,44430.0,600000.0,,,,
L8681T102,Sold Out,SPOTIFY TECHNOLOGY S A,39783.0,220000.0,,,,
57636Q104,New Holding,MASTERCARD INCORPORATED,,,33014.0,175000.0,,
138035100,Sold Out,CANOPY GROWTH CORP,21888.0,450000.0,,,,
871607107,Not New,SYNOPSYS INC,8003.0,95000.0,24653.0,250000.0,16650.0,155000.0
141788109,Sold Out,CARGURUS INC,33414.0,600000.0,,,,
46090E103,Sold Out,INVESCO QQQ TR,4500503.0,24223600.0,,,,
98138H101,Not New,WORKDAY INC,23473.0,147000.0,102186.0,700000.0,78713.0,553000.0
90384S303,Sold Out,ULTA BEAUTY INC,108616.0,385000.0,,,,
875372203,Sold Out,TANDEM DIABETES CARE INC,24419.0,570000.0,,,,
679295105,New Holding,OKTA INC,,,6380.0,100000.0,,
00724F101,Sold Out,ADOBE SYS INC,13498.0,50000.0,,,,
25754A201,Sold Out,DOMINOS PIZZA INC,58960.0,200000.0,,,,
886547108,Sold Out,TIFFANY & CO NEW,33532.0,260000.0,,,,
22160N109,Sold Out,COSTAR GROUP INC,27355.0,65000.0,,,,
64110L106,Sold Out,NETFLIX INC,71085.0,190000.0,,,,
256163106,Sold Out,DOCUSIGN INC,15771.0,300000.0,,,,
163092109,Not New,CHEGG INC,28420.0,1000000.0,51174.0,1800000.0,22754.0,800000.0
400110102,Sold Out,GRUBHUB INC,58220.0,420000.0,,,,
28176E108,Sold Out,EDWARDS LIFESCIENCES CORP,34820.0,200000.0,,,,
819047101,Sold Out,SHAKE SHACK INC,12602.0,200000.0,,,,
252131107,Sold Out,DEXCOM INC,32184.0,225000.0,,,,
78462F103,New Holding,SPDR S&P 500 ETF TR,,,1847526.0,7392470.0,,
78462F103,New Holding,SPDR S&P 500 ETF TR,,,3162238.0,12653000.0,,
36165L108,Sold Out,GDS HLDGS LTD,3513.0,100000.0,,,,
003654100,Sold Out,ABIOMED INC,67463.0,150000.0,,,,
92343V104,New Holding,VERIZON COMMUNICATIONS INC,,,16866.0,300000.0,,
