CUSIP,status,NAME OF ISSUER,(x$1000)_old,PRN AMT_old,(x$1000),PRN AMT,(x$1000)_change,PRN AMT_change
88732J207,New Holding,TIME WARNER CABLE INC,,,178170.0,1000000.0,,
100557107,Sold Out,BOSTON BEER INC,20055.0,75000.0,,,,
206519100,New Holding,CONCORDIA HEALTHCARE CORP,,,65029.0,900000.0,,
65473P105,Not New,NISOURCE INC,109416.0,2400000.0,57408.0,1300000.0,-52008.0,-1100000.0
023135106,Not New,AMAZON COM INC,130227.0,300000.0,145119.0,390000.0,14892.0,90000.0
023135106,Not New,AMAZON COM INC,59036.0,136000.0,145119.0,390000.0,86083.0,254000.0
03852U106,Sold Out,ARAMARK,50608.0,1600000.0,,,,
16117M305,Sold Out,CHARTER COMMUNICATIONS INC D,48278.0,250000.0,,,,
198280109,New Holding,COLUMBIA PIPELINE GROUP INC,,,25920.0,900000.0,,
594918104,New Holding,MICROSOFT CORP,,,44150.0,1000000.0,,
88023U101,New Holding,TEMPUR SEALY INTL INC,,,42835.0,650000.0,,
52729N308,Not New,LEVEL 3 COMMUNICATIONS INC,105340.0,2000000.0,86144.0,1600000.0,-19196.0,-400000.0
48138L107,Sold Out,JUMEI INTL HLDG LTD,4746.0,300000.0,,,,
91911K102,Not New,VALEANT PHARMACEUTICALS INTL,77753.0,350000.0,109241.0,550000.0,31488.0,200000.0
92553P201,New Holding,VIACOM INC NEW,,,3491.0,54000.0,,
451734107,Not New,IHS INC,167219.0,1300000.0,137650.0,1210000.0,-29569.0,-90000.0
025816109,New Holding,AMERICAN EXPRESS CO,,,69948.0,900000.0,,
94419L101,Not New,WAYFAIR INC,6022.0,160000.0,20878.0,650000.0,14856.0,490000.0
98978V103,Not New,ZOETIS INC,43398.0,900000.0,28700.0,620000.0,-14698.0,-280000.0
N7902X106,Not New,SENSATA TECHNOLOGIES HLDG NV,42192.0,800000.0,63195.0,1100000.0,21003.0,300000.0
146229109,Sold Out,CARTER INC,60025.0,649130.0,,,,
50076Q106,Not New,KRAFT FOODS GROUP INC,256271.0,3010000.0,15798.0,181348.0,-240473.0,-2828652.0
016255101,New Holding,ALIGN TECHNOLOGY INC,,,75252.0,1200000.0,,
580135101,Sold Out,MCDONALDS CORP,87696.0,900000.0,,,,
582839106,Sold Out,MEAD JOHNSON NUTRITION CO,105557.0,1050000.0,,,,
47215P106,Not New,JD COM INC,102300.0,3000000.0,24973.0,850000.0,-77327.0,-2150000.0
47215P106,Not New,JD COM INC,17050.0,500000.0,24973.0,850000.0,7923.0,350000.0
056752108,Sold Out,BAIDU INC,45848.0,220000.0,,,,
44970B109,Not New,IMS HEALTH HLDGS INC,122600.0,4000000.0,120462.0,4450000.0,-2138.0,450000.0
740189105,New Holding,PRECISION CASTPARTS CORP,,,159896.0,800000.0,,
12508E101,Sold Out,CDK GLOBAL INC,28056.0,600000.0,,,,
29413U103,Not New,ENVISION HEALTHCARE HLDGS IN,102648.0,2600000.0,88205.0,2300000.0,-14443.0,-300000.0
535919203,New Holding,LIONS GATE ENTMNT CORP,,,25935.0,700000.0,,
478160104,Not New,JOHNSON & JOHNSON,29238.0,300000.0,26156.0,260000.0,-3082.0,-40000.0
256746108,Not New,DOLLAR TREE INC,94788.0,1200000.0,20286.0,250000.0,-74502.0,-950000.0
384637104,Sold Out,GRAHAM HLDGS CO,36737.0,35000.0,,,,
98138H101,Sold Out,WORKDAY INC,23635.0,280000.0,,,,
76680R206,New Holding,RINGCENTRAL INC,,,18490.0,1000000.0,,
573284106,New Holding,MARTIN MARIETTA MATLS INC,,,28302.0,200000.0,,
69840W108,New Holding,PANERA BREAD CO,,,61170.0,350000.0,,
29444U700,Sold Out,EQUINIX INC,98961.0,425000.0,,,,
702149105,New Holding,PARTY CITY HOLDCO INC,,,30405.0,1500000.0,,
966837106,Sold Out,WHOLE FOODS MKT INC,51559.0,990000.0,,,,
009363102,Sold Out,AIRGAS INC,15917.0,150000.0,,,,
384802104,Sold Out,GRAINGER W W INC,16507.0,70000.0,,,,
38259P508,Sold Out,GOOGLE INC,49923.0,90000.0,,,,
30303M102,Not New,FACEBOOK INC,72900.0,850000.0,90437.0,1100000.0,17537.0,250000.0
084670702,Sold Out,BERKSHIRE HATHAWAY INC DEL,1443.0,10000.0,,,,
78462F103,Sold Out,SPDR S&P 500 ETF TR,95267.0,461500.0,,,,
