CUSIP,status,NAME OF ISSUER,(x$1000)_old,PRN AMT_old,(x$1000),PRN AMT,(x$1000)_change,PRN AMT_change
20030N101,Not New,COMCAST CORP NEW,2470647.0,35780552.0,1929970.0,29092107.0,-540677.0,-6688445.0
023139884,Not New,AMBAC FINL GROUP INC,44680.0,1985785.0,36519.0,1985785.0,-8161.0,0.0
G0751N103,Sold Out,ATLANTICA YIELD PLC,35034.0,1842903.0,,,,
615369105,Not New,MOODYS CORP,983.0,10428.0,11070.0,102239.0,10087.0,91811.0
984332106,Not New,YAHOO INC,3334293.0,86224273.0,3716266.0,86224273.0,381973.0,0.0
16119P108,Not New,CHARTER COMMUNICATIONS INC N,3650605.0,12679234.0,3232362.0,11973043.0,-418243.0,-706191.0
