CUSIP,status,NAME OF ISSUER,(x$1000)_old,PRN AMT_old,(x$1000),PRN AMT,(x$1000)_change,PRN AMT_change
G66721104,Not New,NORWEGIAN CRUISE LINE HLDG L,2020.0,47666.0,2900.0,50500.0,880.0,2834.0
74733V100,New Holding,QEP RES INC,,,223.0,39603.0,,
03076C106,Not New,AMERIPRISE FINL INC,2938.0,28143.0,2909.0,19700.0,-29.0,-8443.0
87265H109,New Holding,TRI POINTE GROUP INC,,,206.0,18877.0,,
34385P108,Not New,FLUIDIGM CORP DEL,8238.0,955700.0,3186.0,425400.0,-5052.0,-530300.0
62855J104,New Holding,MYRIAD GENETICS INC,,,584.0,20100.0,,
825690100,New Holding,SHUTTERSTOCK INC,,,347.0,9655.0,,
21924B302,Sold Out,CORNERSTONE STRATEGIC VALUE,705.0,50366.0,,,,
036752103,Not New,ANTHEM INC,3309.0,12600.0,3426.0,12500.0,117.0,-100.0
87403A107,Not New,TAILORED BRANDS INC,349.0,25571.0,481.0,19100.0,132.0,-6471.0
77543R102,New Holding,ROKU INC,,,472.0,15400.0,,
74164M108,Not New,PRIMERICA INC,312.0,3194.0,1205.0,10000.0,893.0,6806.0
70509V100,New Holding,PEBBLEBROOK HOTEL TR,,,4190.0,148016.0,,
767754104,New Holding,RITE AID CORP,,,70.0,99000.0,,
002896207,Not New,ABERCROMBIE & FITCH CO,2184.0,108900.0,1810.0,85700.0,-374.0,-23200.0
670704105,New Holding,NUVASIVE INC,,,1444.0,29140.0,,
88830R101,New Holding,TITAN MACHY INC,,,600.0,45590.0,,
48238T109,New Holding,KAR AUCTION SVCS INC,,,286.0,6000.0,,
72346Q104,New Holding,PINNACLE FINL PARTNERS INC,,,394.0,8566.0,,
06684L103,New Holding,BAOZUN INC,,,1087.0,37200.0,,
904214103,New Holding,UMPQUA HLDGS CORP,,,432.0,27127.0,,
238337109,New Holding,DAVE & BUSTERS ENTMT INC,,,272.0,6097.0,,
31811A309,New Holding,FINTECH ACQUISITION CORP III,,,2500.0,250000.0,,
98401F105,Sold Out,XENCOR INC,3776.0,96900.0,,,,
848637104,Sold Out,SPLUNK INC,278.0,2300.0,,,,
099406100,New Holding,BOOT BARN HLDGS INC,,,3083.0,181007.0,,
89400J107,Sold Out,TRANSUNION,265.0,3600.0,,,,
25179M103,Not New,DEVON ENERGY CORP NEW,1131.0,50171.0,347.0,8700.0,-784.0,-41471.0
379890106,Sold Out,GLU MOBILE INC,233.0,31200.0,,,,
30219G108,Sold Out,EXPRESS SCRIPTS HLDG CO,456.0,4800.0,,,,
67103H107,New Holding,O REILLY AUTOMOTIVE INC NEW,,,2821.0,8195.0,,
G6700G107,Not New,NVENT ELECTRIC PLC,3350.0,149131.0,12306.0,453096.0,8956.0,303965.0
379577208,Sold Out,GLOBUS MED INC,1799.0,31700.0,,,,
637071101,Not New,NATIONAL OILWELL VARCO INC,1462.0,56880.0,3261.0,75700.0,1799.0,18820.0
88650V208,Not New,TIER REIT INC,557.0,26961.0,260.0,10800.0,-297.0,-16161.0
031652100,New Holding,AMKOR TECHNOLOGY INC,,,171.0,26130.0,,
29364G103,Not New,ENTERGY CORP NEW,13470.0,156500.0,3513.0,43300.0,-9957.0,-113200.0
44919P508,Sold Out,IAC INTERACTIVECORP,238.0,1100.0,,,,
12739A100,Sold Out,CADENCE BANCORPORATION,1201.0,46000.0,,,,
25960P109,Sold Out,DOUGLAS EMMETT INC,494.0,13100.0,,,,
31572Q808,New Holding,FIBROGEN INC,,,3299.0,71300.0,,
863667101,Not New,STRYKER CORP,7423.0,47347.0,2665.0,15000.0,-4758.0,-32347.0
86771W105,New Holding,SUNRUN INC,,,230.0,21100.0,,
G491BT108,New Holding,INVESCO LTD,,,442.0,26412.0,,
759916109,New Holding,REPLIGEN CORP,,,891.0,16896.0,,
90130A101,Sold Out,TWENTY FIRST CENTY FOX INC,922.0,19898.0,,,,
806857108,Not New,SCHLUMBERGER LTD,1852.0,51331.0,2041.0,33500.0,189.0,-17831.0
75605Y106,New Holding,REALOGY HLDGS CORP,,,1306.0,89018.0,,
22160K105,Not New,COSTCO WHSL CORP NEW,4671.0,22930.0,9472.0,40330.0,4801.0,17400.0
852234103,Not New,SQUARE INC,849.0,15134.0,2059.0,20800.0,1210.0,5666.0
375916103,New Holding,GILDAN ACTIVEWEAR INC,,,6233.0,205300.0,,
015351109,Not New,ALEXION PHARMACEUTICALS INC,2071.0,21274.0,5727.0,41200.0,3656.0,19926.0
009728106,New Holding,AKORN INC,,,3067.0,904600.0,,
76009N100,New Holding,RENT A CTR INC NEW,,,214.0,13200.0,,
05338G106,Sold Out,AVALARA INC,555.0,15900.0,,,,
009158106,Sold Out,AIR PRODS & CHEMS INC,2539.0,15200.0,,,,
675232102,New Holding,OCEANEERING INTL INC,,,151.0,12400.0,,
929089100,Not New,VOYA FINL INC,4862.0,121117.0,4058.0,81700.0,-804.0,-39417.0
116794108,Not New,BRUKER CORP,220.0,7400.0,373.0,11154.0,153.0,3754.0
635309107,New Holding,NATIONAL CINEMEDIA INC,,,157.0,24281.0,,
871607107,Not New,SYNOPSYS INC,4066.0,48275.0,5826.0,59076.0,1760.0,10801.0
00461U105,Sold Out,ACLARIS THERAPEUTICS INC,944.0,65000.0,,,,
75281A109,New Holding,RANGE RES CORP,,,564.0,58929.0,,
989817101,New Holding,ZUMIEZ INC,,,227.0,11804.0,,
22822V101,Not New,CROWN CASTLE INTL CORP NEW,1840.0,16943.0,5789.0,52000.0,3949.0,35057.0
64829B100,Sold Out,NEW RELIC INC,812.0,8621.0,,,,
780287108,New Holding,ROYAL GOLD INC,,,346.0,4036.0,,
70975L107,Not New,PENUMBRA INC,5988.0,49000.0,1497.0,10000.0,-4491.0,-39000.0
G0692U109,Not New,AXIS CAPITAL HOLDINGS LTD,2427.0,47000.0,641.0,11100.0,-1786.0,-35900.0
959802109,New Holding,WESTERN UN CO,,,729.0,42733.0,,
98986T108,New Holding,ZYNGA INC,,,558.0,142000.0,,
680223104,New Holding,OLD REP INTL CORP,,,384.0,18670.0,,
171779309,Not New,CIENA CORP,702.0,20700.0,594.0,19000.0,-108.0,-1700.0
14057J101,New Holding,CAPITOL FED FINL INC,,,185.0,14500.0,,
81369Y803,New Holding,SELECT SECTOR SPDR TR,,,5585.0,90111.0,,
871503108,New Holding,SYMANTEC CORP,,,1169.0,61877.0,,
00191U102,Not New,ASGN INC,736.0,13500.0,832.0,10535.0,96.0,-2965.0
031162100,Not New,AMGEN INC,2382.0,12234.0,411.0,1981.0,-1971.0,-10253.0
294600101,New Holding,EQUITRANS MIDSTREAM CORPORAT,,,570.0,28500.0,,
754730109,Sold Out,RAYMOND JAMES FINANCIAL INC,267.0,2900.0,,,,
968223206,Not New,WILEY JOHN & SONS INC,1264.0,26919.0,2091.0,34500.0,827.0,7581.0
529043101,New Holding,LEXINGTON REALTY TRUST,,,288.0,35099.0,,
780259206,Not New,ROYAL DUTCH SHELL PLC,11695.0,200700.0,361.0,5300.0,-11334.0,-195400.0
617700109,Sold Out,MORNINGSTAR INC,279.0,2213.0,,,,
46146L101,New Holding,INVESTORS BANCORP INC NEW,,,980.0,94222.0,,
042315507,Not New,ARMOUR RESIDENTIAL REIT INC,2765.0,134900.0,3996.0,178000.0,1231.0,43100.0
872275102,Not New,TCF FINL CORP,653.0,33465.0,548.0,23000.0,-105.0,-10465.0
56501R106,New Holding,MANULIFE FINL CORP,,,377.0,26600.0,,
860897107,New Holding,STITCH FIX INC,,,1185.0,69308.0,,
87874R100,New Holding,TECHTARGET INC,,,458.0,37517.0,,
98310W108,New Holding,WYNDHAM DESTINATIONS INC,,,902.0,25170.0,,
60855R100,Sold Out,MOLINA HEALTHCARE INC,1933.0,13000.0,,,,
50127T109,Sold Out,KURA ONCOLOGY INC,4660.0,266300.0,,,,
87266M107,New Holding,TPG RE FIN TR INC,,,245.0,13371.0,,
844741108,Sold Out,SOUTHWEST AIRLS CO,6851.0,109700.0,,,,
92343X100,New Holding,VERINT SYS INC,,,899.0,21246.0,,
M81873107,Not New,RADWARE LTD,609.0,26808.0,752.0,28400.0,143.0,1592.0
559222401,New Holding,MAGNA INTL INC,,,518.0,11400.0,,
930059100,New Holding,WADDELL & REED FINL INC,,,362.0,20000.0,,
04335A105,Sold Out,ARVINAS INC,337.0,20000.0,,,,
517834107,Not New,LAS VEGAS SANDS CORP,3402.0,65361.0,908.0,15300.0,-2494.0,-50061.0
16359R103,New Holding,CHEMED CORP NEW,,,888.0,3133.0,,
008252108,Sold Out,AFFILIATED MANAGERS GROUP,2297.0,16800.0,,,,
49435R102,Not New,KIMBELL RTY PARTNERS LP,1141.0,84011.0,3928.0,200200.0,2787.0,116189.0
962166104,Not New,WEYERHAEUSER CO,1431.0,65447.0,713.0,22100.0,-718.0,-43347.0
911163103,Not New,UNITED NAT FOODS INC,1628.0,375000.0,495.0,200000.0,-1133.0,-175000.0
030420103,New Holding,AMERICAN WTR WKS CO INC NEW,,,1312.0,14455.0,,
17275R102,Not New,CISCO SYS INC,5850.0,135011.0,4082.0,83898.0,-1768.0,-51113.0
09180C106,New Holding,BJS RESTAURANTS INC,,,1998.0,39500.0,,
81369Y100,Not New,SELECT SECTOR SPDR TR,3543.0,70138.0,326.0,5635.0,-3217.0,-64503.0
G7S00T104,New Holding,PENTAIR PLC,,,343.0,9081.0,,
816883102,New Holding,SENDGRID INC,,,220.0,5100.0,,
G60754101,Not New,MICHAEL KORS HLDGS LTD,4728.0,124700.0,6198.0,90400.0,1470.0,-34300.0
78440X101,Not New,SL GREEN RLTY CORP,1057.0,13369.0,380.0,3900.0,-677.0,-9469.0
026874784,Not New,AMERICAN INTL GROUP INC,2187.0,55500.0,335.0,6300.0,-1852.0,-49200.0
04685N103,Not New,ATHENEX INC,1340.0,105600.0,382.0,24600.0,-958.0,-81000.0
744573106,Not New,PUBLIC SVC ENTERPRISE GROUP,315.0,6036.0,639.0,12100.0,324.0,6064.0
G5005R107,New Holding,JAMES RIV GROUP LTD,,,435.0,11900.0,,
98978L204,Not New,ZOGENIX INC,4648.0,127500.0,7896.0,159200.0,3248.0,31700.0
91336L107,Not New,UNIVAR INC,2521.0,142100.0,4093.0,133500.0,1572.0,-8600.0
42809H107,Not New,HESS CORP,6164.0,152200.0,1854.0,25900.0,-4310.0,-126300.0
49271V100,Not New,KEURIG DR PEPPER INC,42960.0,1675514.0,24254.0,1046803.0,-18706.0,-628711.0
254687106,New Holding,DISNEY WALT CO,,,252.0,2300.0,,
45867G101,Not New,INTERDIGITAL INC,754.0,11356.0,272.0,3400.0,-482.0,-7956.0
81663A105,New Holding,SEMGROUP CORP,,,344.0,24968.0,,
566324109,Not New,MARCUS & MILLICHAP INC,230.0,6700.0,260.0,7500.0,30.0,800.0
552690109,Not New,MDU RES GROUP INC,514.0,21582.0,494.0,19228.0,-20.0,-2354.0
947890109,Not New,WEBSTER FINL CORP CONN,3553.0,72105.0,4422.0,75000.0,869.0,2895.0
428291108,Not New,HEXCEL CORP NEW,2276.0,39696.0,2675.0,39900.0,399.0,204.0
80007P869,New Holding,SANDRIDGE ENERGY INC,,,370.0,48549.0,,
518439104,Not New,LAUDER ESTEE COS INC,5454.0,41920.0,4679.0,32200.0,-775.0,-9720.0
M51363113,Not New,MELLANOX TECHNOLOGIES LTD,6023.0,65200.0,536.0,7300.0,-5487.0,-57900.0
253868103,Sold Out,DIGITAL RLTY TR INC,6113.0,54100.0,,,,
835495102,New Holding,SONOCO PRODS CO,,,344.0,6478.0,,
037411105,New Holding,APACHE CORP,,,344.0,13100.0,,
76117W109,New Holding,RESOLUTE FST PRODS INC,,,146.0,18419.0,,
218730109,Not New,CORINDUS VASCULAR ROBOTICS I,1344.0,1600000.0,1420.0,1000000.0,76.0,-600000.0
23331A109,New Holding,D R HORTON INC,,,1119.0,32300.0,,
252131107,Not New,DEXCOM INC,4864.0,40600.0,5278.0,36900.0,414.0,-3700.0
G01767105,New Holding,ALKERMES PLC,,,534.0,18100.0,,
416515104,Not New,HARTFORD FINL SVCS GROUP INC,689.0,15500.0,1214.0,24300.0,525.0,8800.0
G5463L113,Not New,LEO HOLDINGS CORP,268.0,250000.0,313.0,250000.0,45.0,0.0
891906109,Not New,TOTAL SYS SVCS INC,4918.0,60500.0,4848.0,49100.0,-70.0,-11400.0
867652406,New Holding,SUNPOWER CORP,,,62.0,12500.0,,
56035L104,Sold Out,MAIN STREET CAPITAL CORP,374.0,9700.0,,,,
166764100,Sold Out,CHEVRON CORP NEW,1453.0,11884.0,,,,
704551100,Sold Out,PEABODY ENERGY CORP NEW,356.0,10000.0,,,,
81369Y506,Not New,SELECT SECTOR SPDR TR,14446.0,251890.0,917.0,12105.0,-13529.0,-239785.0
56585A102,Sold Out,MARATHON PETE CORP,1351.0,16900.0,,,,
229899109,Sold Out,CULLEN FROST BANKERS INC,2862.0,27400.0,,,,
69336V101,Sold Out,PGT INNOVATIONS INC,2229.0,103200.0,,,,
88025T102,New Holding,TENABLE HLDGS INC,,,423.0,19052.0,,
G5463L105,Sold Out,LEO HOLDINGS CORP,4875.0,500000.0,,,,
26969P108,Not New,EAGLE MATERIALS INC,265.0,4338.0,665.0,7800.0,400.0,3462.0
651639106,Sold Out,NEWMONT MINING CORP,384.0,12700.0,,,,
886885102,New Holding,TILLYS INC,,,1811.0,166812.0,,
G0684D107,Not New,ATHENE HLDG LTD,2402.0,60300.0,3632.0,70300.0,1230.0,10000.0
883556102,Not New,THERMO FISHER SCIENTIFIC INC,5553.0,24815.0,1074.0,4400.0,-4479.0,-20415.0
98850P109,New Holding,YUM CHINA HLDGS INC,,,1208.0,36018.0,,
620076307,Sold Out,MOTOROLA SOLUTIONS INC,1952.0,15000.0,,,,
550021109,Sold Out,LULULEMON ATHLETICA INC,2941.0,18100.0,,,,
712704105,Not New,PEOPLES UNITED FINANCIAL INC,566.0,39233.0,567.0,33100.0,1.0,-6133.0
747619104,New Holding,QUANEX BUILDING PRODUCTS COR,,,244.0,17929.0,,
G68707101,Sold Out,PAGSEGURO DIGITAL LTD,374.0,13500.0,,,,
136385101,Not New,CANADIAN NAT RES LTD,384.0,15900.0,330.0,10100.0,-54.0,-5800.0
761299106,Not New,RETROPHIN INC,1840.0,81300.0,2902.0,101000.0,1062.0,19700.0
257867200,New Holding,DONNELLEY R R & SONS CO,,,101.0,25417.0,,
G11196105,Not New,BIOHAVEN PHARMACTL HLDG CO L,7123.0,192600.0,3616.0,96300.0,-3507.0,-96300.0
904311206,Not New,UNDER ARMOUR INC,2304.0,142500.0,695.0,35700.0,-1609.0,-106800.0
617446448,New Holding,MORGAN STANLEY,,,1110.0,27999.0,,
G4412G101,Sold Out,HERBALIFE NUTRITION LTD,5804.0,106400.0,,,,
78467J100,Not New,SS&C TECHNOLOGIES HLDGS INC,257.0,5700.0,7303.0,128505.0,7046.0,122805.0
P31076105,Sold Out,COPA HOLDINGS SA,2488.0,31172.0,,,,
76243J105,Sold Out,RHYTHM PHARMACEUTICALS INC,1374.0,47100.0,,,,
12514G108,New Holding,CDW CORP,,,2428.0,29956.0,,
372309104,Not New,GENMARK DIAGNOSTICS INC,729.0,150000.0,2763.0,376000.0,2034.0,226000.0
880890108,New Holding,TERNIUM SA,,,297.0,10957.0,,
76131D103,New Holding,RESTAURANT BRANDS INTL INC,,,3050.0,58309.0,,
64051T100,New Holding,NEOPHOTONICS CORP,,,105.0,16211.0,,
422806109,Sold Out,HEICO CORP NEW,1670.0,18028.0,,,,
G25343107,New Holding,COSAN LTD,,,4333.0,826433.0,,
92849E101,New Holding,VITAMIN SHOPPE INC,,,62.0,13000.0,,
04685W103,New Holding,ATHENAHEALTH INC,,,1108.0,8400.0,,
553530106,Not New,MSC INDL DIRECT INC,660.0,8575.0,441.0,5000.0,-219.0,-3575.0
749685103,Not New,RPM INTL INC,1079.0,18371.0,591.0,9100.0,-488.0,-9271.0
20441A102,Not New,COMPANHIA DE SANEAMENTO BASI,119.0,14697.0,103.0,17400.0,-16.0,2703.0
20825C104,Not New,CONOCOPHILLIPS,14490.0,232400.0,774.0,10000.0,-13716.0,-222400.0
N07059210,New Holding,ASML HOLDING N V,,,280.0,1800.0,,
N59465109,Not New,MYLAN N V,5831.0,212835.0,3751.0,102500.0,-2080.0,-110335.0
M85548101,New Holding,STRATASYS LTD,,,383.0,21248.0,,
16115Q308,Not New,CHART INDS INC,6920.0,106400.0,368.0,4700.0,-6552.0,-101700.0
26078J100,Not New,DOWDUPONT INC,203.0,3800.0,8285.0,128823.0,8082.0,125023.0
302491303,New Holding,F M C CORP,,,673.0,9100.0,,
36555P107,New Holding,GARDNER DENVER HLDGS INC,,,5699.0,278687.0,,
72703H101,Not New,PLANET FITNESS INC,511.0,9541.0,6002.0,111100.0,5491.0,101559.0
867224107,Not New,SUNCOR ENERGY INC NEW,1363.0,48724.0,271.0,7000.0,-1092.0,-41724.0
478160104,Not New,JOHNSON & JOHNSON,5759.0,44630.0,1382.0,10000.0,-4377.0,-34630.0
72814N104,Sold Out,PLAYAGS INC,5125.0,173900.0,,,,
674599105,New Holding,OCCIDENTAL PETE CORP DEL,,,438.0,7138.0,,
00912X302,Sold Out,AIR LEASE CORP,528.0,11500.0,,,,
366505105,Sold Out,GARRETT MOTION INC,1388.0,75000.0,,,,
693718108,Sold Out,PACCAR INC,893.0,13100.0,,,,
90385D107,Sold Out,ULTIMATE SOFTWARE GROUP INC,464.0,1440.0,,,,
01609W102,Not New,ALIBABA GROUP HLDG LTD,1892.0,13800.0,791.0,4800.0,-1101.0,-9000.0
13100M509,New Holding,CALIX INC,,,132.0,13500.0,,
477143101,New Holding,JETBLUE AIRWAYS CORP,,,2432.0,151455.0,,
21924U300,Sold Out,CORNERSTONE TOTAL RTRN FD IN,699.0,50368.0,,,,
25659T107,New Holding,DOLBY LABORATORIES INC,,,414.0,6700.0,,
747525103,Not New,QUALCOMM INC,2901.0,50979.0,2065.0,28670.0,-836.0,-22309.0
024061103,Sold Out,AMERICAN AXLE & MFG HLDGS IN,2846.0,163200.0,,,,
97650W108,New Holding,WINTRUST FINL CORP,,,276.0,4153.0,,
900435108,New Holding,TURQUOISE HILL RES LTD,,,123.0,74752.0,,
127387108,Not New,CADENCE DESIGN SYSTEM INC,1780.0,40947.0,1709.0,37690.0,-71.0,-3257.0
163572209,New Holding,CHEMBIO DIAGNOSTICS INC,,,142.0,25000.0,,
500255104,New Holding,KOHLS CORP,,,365.0,5500.0,,
984249607,New Holding,YRC WORLDWIDE INC,,,161.0,51162.0,,
436106108,Sold Out,HOLLYFRONTIER CORP,608.0,8700.0,,,,
679580100,Sold Out,OLD DOMINION FGHT LINES INC,1629.0,10100.0,,,,
262037104,New Holding,DRIL-QUIP INC,,,247.0,8226.0,,
54142L109,Not New,LOGMEIN INC,1309.0,16046.0,9260.0,103926.0,7951.0,87880.0
57772K101,Sold Out,MAXIM INTEGRATED PRODS INC,1207.0,21400.0,,,,
39945C109,Not New,GROUPE CGI INC,747.0,12200.0,1006.0,15600.0,259.0,3400.0
05684B107,New Holding,BAIN CAP SPECIALTY FIN INC,,,1547.0,92252.0,,
G5785G107,New Holding,MALLINCKRODT PUB LTD CO,,,337.0,21300.0,,
984121608,Not New,XEROX CORP,2527.0,127872.0,661.0,24500.0,-1866.0,-103372.0
74766D100,New Holding,QUANTENNA COMMUNICATIONS INC,,,227.0,15793.0,,
22282E102,New Holding,COVANTA HLDG CORP,,,525.0,39121.0,,
459506101,Sold Out,INTERNATIONAL FLAVORS&FRAGRA,16304.0,117190.0,,,,
655044105,New Holding,NOBLE ENERGY INC,,,490.0,26136.0,,
125896100,New Holding,CMS ENERGY CORP,,,390.0,7864.0,,
857477103,Not New,STATE STR CORP,974.0,15452.0,544.0,6487.0,-430.0,-8965.0
866674104,New Holding,SUN CMNTYS INC,,,286.0,2814.0,,
254423106,New Holding,DINE BRANDS GLOBAL INC,,,1103.0,16383.0,,
806407102,New Holding,SCHEIN HENRY INC,,,338.0,4307.0,,
74347M108,New Holding,PROPETRO HLDG CORP,,,691.0,56053.0,,
025932104,Not New,AMERICAN FINL GROUP INC OHIO,878.0,9700.0,1987.0,17900.0,1109.0,8200.0
02376R102,Not New,AMERICAN AIRLS GROUP INC,5921.0,184403.0,10874.0,263100.0,4953.0,78697.0
067901108,New Holding,BARRICK GOLD CORP,,,5193.0,383500.0,,
02208R106,Sold Out,ALTRA INDL MOTION CORP,3511.0,85000.0,,,,
955306105,New Holding,WEST PHARMACEUTICAL SVSC INC,,,1024.0,10444.0,,
67020Y100,New Holding,NUANCE COMMUNICATIONS INC,,,3685.0,278545.0,,
30224P200,New Holding,EXTENDED STAY AMER INC,,,197.0,12700.0,,
05561Q201,Sold Out,BOK FINL CORP,1887.0,19400.0,,,,
23355L106,Not New,DXC TECHNOLOGY CO,2888.0,54300.0,3199.0,34200.0,311.0,-20100.0
04269X105,Not New,ARRAY BIOPHARMA INC,6282.0,440800.0,8082.0,531700.0,1800.0,90900.0
302445101,Sold Out,FLIR SYS INC,1379.0,22445.0,,,,
87165B103,Not New,SYNCHRONY FINL,9272.0,395242.0,401.0,12900.0,-8871.0,-382342.0
49456B101,Sold Out,KINDER MORGAN INC DEL,356.0,20100.0,,,,
45780L104,New Holding,INOGEN INC,,,224.0,1806.0,,
81255T108,New Holding,SEASPINE HLDGS CORP,,,2280.0,125000.0,,
912909108,Not New,UNITED STATES STL CORP NEW,1463.0,80200.0,363.0,11900.0,-1100.0,-68300.0
19459J104,Not New,COLLEGIUM PHARMACEUTICAL INC,2246.0,130800.0,3033.0,205800.0,787.0,75000.0
65249B109,Not New,NEWS CORP NEW,1096.0,96600.0,4676.0,354500.0,3580.0,257900.0
002824100,Not New,ABBOTT LABS,6741.0,93200.0,3668.0,50000.0,-3073.0,-43200.0
68752L100,Not New,ORTHOPEDIATRICS CORP,4147.0,118900.0,2748.0,75000.0,-1399.0,-43900.0
248019101,Not New,DELUXE CORP,773.0,20099.0,262.0,4600.0,-511.0,-15499.0
751212101,New Holding,RALPH LAUREN CORP,,,1552.0,15000.0,,
131193104,Not New,CALLAWAY GOLF CO,469.0,30600.0,867.0,35700.0,398.0,5100.0
896818101,New Holding,TRIUMPH GROUP INC NEW,,,129.0,11192.0,,
81725T100,Not New,SENSIENT TECHNOLOGIES CORP,300.0,5379.0,1821.0,23800.0,1521.0,18421.0
039380407,New Holding,ARCH COAL INC,,,297.0,3573.0,,
74373B109,New Holding,PROTEOSTASIS THERAPEUTICS IN,,,461.0,222850.0,,
88870R102,Not New,TIVITY HEALTH INC,4070.0,164029.0,653.0,20300.0,-3417.0,-143729.0
16119P108,New Holding,CHARTER COMMUNICATIONS INC N,,,807.0,2832.0,,
438516106,Not New,HONEYWELL INTL INC,2931.0,22182.0,383.0,2300.0,-2548.0,-19882.0
30231G102,New Holding,EXXON MOBIL CORP,,,573.0,8397.0,,
651290108,New Holding,NEWFIELD EXPL CO,,,424.0,28900.0,,
37045V100,New Holding,GENERAL MTRS CO,,,2755.0,231900.0,,
482480100,Not New,KLA-TENCOR CORP,734.0,8200.0,1933.0,19000.0,1199.0,10800.0
75886F107,Not New,REGENERON PHARMACEUTICALS,8084.0,21644.0,1010.0,2500.0,-7074.0,-19144.0
575385109,New Holding,MASONITE INTL CORP NEW,,,283.0,6311.0,,
29084Q100,Not New,EMCOR GROUP INC,1203.0,20154.0,421.0,5600.0,-782.0,-14554.0
363576109,Sold Out,GALLAGHER ARTHUR J & CO,261.0,3500.0,,,,
G0084W101,Not New,ADIENT PLC,678.0,45000.0,3023.0,76900.0,2345.0,31900.0
G0084W101,Not New,ADIENT PLC,678.0,45000.0,25.0,200000.0,-653.0,155000.0
871829107,Sold Out,SYSCO CORP,1905.0,26000.0,,,,
81282V100,Not New,SEAWORLD ENTMT INC,2703.0,122394.0,2502.0,79600.0,-201.0,-42794.0
460146103,Not New,INTL PAPER CO,331.0,8200.0,256.0,5200.0,-75.0,-3000.0
60879B107,Sold Out,MOMO INC,2869.0,65500.0,,,,
3621LQ109,Sold Out,G1 THERAPEUTICS INC,429.0,8205.0,,,,
879433829,New Holding,TELEPHONE & DATA SYS INC,,,925.0,28432.0,,
74967X103,Not New,RH,8361.0,69777.0,10205.0,77900.0,1844.0,8123.0
574599106,New Holding,MASCO CORP,,,4474.0,153000.0,,
688239201,Not New,OSHKOSH CORP,1781.0,29056.0,606.0,8500.0,-1175.0,-20556.0
37733W105,Sold Out,GLAXOSMITHKLINE PLC,490.0,12200.0,,,,
90184D100,New Holding,TWIST BIOSCIENCE CORP,,,2330.0,100900.0,,
55825T103,Not New,MADISON SQUARE GARDEN CO NEW,11778.0,44000.0,914.0,2900.0,-10864.0,-41100.0
858119100,New Holding,STEEL DYNAMICS INC,,,2064.0,68711.0,,
736508847,New Holding,PORTLAND GEN ELEC CO,,,286.0,6244.0,,
896945201,New Holding,TRIPADVISOR INC,,,5322.0,98685.0,,
902788108,New Holding,UMB FINL CORP,,,373.0,6121.0,,
700517105,New Holding,PARK HOTELS RESORTS INC,,,1409.0,54223.0,,
395259104,New Holding,GREENHILL & CO INC,,,237.0,9720.0,,
720190206,New Holding,PIEDMONT OFFICE REALTY TR IN,,,825.0,48400.0,,
256163106,Sold Out,DOCUSIGN INC,1856.0,35300.0,,,,
81369Y852,New Holding,SELECT SECTOR SPDR TR,,,4501.0,109025.0,,
225447101,Sold Out,CREE INC,1136.0,30000.0,,,,
47233W109,Not New,JEFFERIES FINL GROUP INC,301.0,17323.0,1079.0,49100.0,778.0,31777.0
86183P102,New Holding,STONERIDGE INC,,,409.0,16609.0,,
431475102,New Holding,HILL ROM HLDGS INC,,,351.0,3963.0,,
45866F104,New Holding,INTERCONTINENTAL EXCHANGE IN,,,3812.0,50600.0,,
502413107,Sold Out,L3 TECHNOLOGIES INC,12906.0,60700.0,,,,
71377A103,Not New,PERFORMANCE FOOD GROUP CO,3694.0,114462.0,3579.0,107500.0,-115.0,-6962.0
N96617118,Sold Out,WRIGHT MED GROUP N V,8097.0,279000.0,,,,
G29183103,Sold Out,EATON CORP PLC,1466.0,16900.0,,,,
65336K103,Sold Out,NEXSTAR MEDIA GROUP INC,863.0,10600.0,,,,
46120E602,Not New,INTUITIVE SURGICAL INC,3064.0,6397.0,10045.0,17500.0,6981.0,11103.0
00401C108,New Holding,ACACIA COMMUNICATIONS INC,,,467.0,12300.0,,
466313103,New Holding,JABIL INC,,,1209.0,48761.0,,
368736104,Sold Out,GENERAC HLDGS INC,282.0,5000.0,,,,
021346101,Not New,ALTABA INC,11715.0,202200.0,4174.0,61272.0,-7541.0,-140928.0
38141G104,Not New,GOLDMAN SACHS GROUP INC,2671.0,15990.0,785.0,3500.0,-1886.0,-12490.0
46122T102,New Holding,INTREXON CORP,,,204.0,31160.0,,
68389X105,New Holding,ORACLE CORP,,,942.0,20865.0,,
713448108,Sold Out,PEPSICO INC,1632.0,14600.0,,,,
64157V108,Sold Out,NEW AGE BEVERAGES CORP,184.0,34300.0,,,,
229050307,Sold Out,CRYOPORT INC,1986.0,155062.0,,,,
69354M108,Not New,PRA HEALTH SCIENCES INC,866.0,9410.0,309.0,2800.0,-557.0,-6610.0
69366J200,Not New,PTC THERAPEUTICS INC,1078.0,31400.0,6801.0,144700.0,5723.0,113300.0
191216100,New Holding,COCA COLA CO,,,8.0,50000.0,,
553573106,New Holding,MSG NETWORK INC,,,797.0,33800.0,,
12621E103,New Holding,CNO FINL GROUP INC,,,425.0,28592.0,,
60871R209,New Holding,MOLSON COORS BREWING CO,,,6558.0,116762.0,,
G8060N102,New Holding,SENSATA TECHNOLOGIES HLDNG P,,,626.0,13966.0,,
775109200,Sold Out,ROGERS COMMUNICATIONS INC,1450.0,28200.0,,,,
989207105,Not New,ZEBRA TECHNOLOGIES CORP,3891.0,24433.0,823.0,4655.0,-3068.0,-19778.0
708160106,Not New,PENNEY J C INC,98.0,93764.0,6642.0,4001300.0,6544.0,3907536.0
147528103,New Holding,CASEYS GEN STORES INC,,,1415.0,11039.0,,
37940X102,New Holding,GLOBAL PMTS INC,,,3609.0,35000.0,,
84790A105,New Holding,SPECTRUM BRANDS HLDGS INC NE,,,529.0,12518.0,,
74971D101,New Holding,RPT REALTY,,,154.0,12920.0,,
81369Y886,Not New,SELECT SECTOR SPDR TR,17793.0,336225.0,697.0,13231.0,-17096.0,-322994.0
337738108,New Holding,FISERV INC,,,2605.0,35444.0,,
B38564108,New Holding,EURONAV NV ANTWERPEN,,,132.0,19000.0,,
521865204,Not New,LEAR CORP,1707.0,13900.0,406.0,2800.0,-1301.0,-11100.0
98974P100,New Holding,ZIX CORP,,,162.0,28214.0,,
001084102,New Holding,AGCO CORP,,,384.0,6906.0,,
056752108,New Holding,BAIDU INC,,,1903.0,12000.0,,
36197T103,Not New,GW PHARMACEUTICALS PLC,7372.0,75700.0,13940.0,80700.0,6568.0,5000.0
828806109,Sold Out,SIMON PPTY GROUP INC NEW,813.0,4600.0,,,,
171798101,New Holding,CIMAREX ENERGY CO,,,695.0,11272.0,,
00972L107,New Holding,AKCEA THERAPEUTICS INC,,,1411.0,46800.0,,
04016X101,Not New,ARGENX SE,2709.0,28200.0,713.0,9400.0,-1996.0,-18800.0
381013101,Not New,GOLDEN ENTMT INC,463.0,28900.0,249.0,10400.0,-214.0,-18500.0
697900108,New Holding,PAN AMERICAN SILVER CORP,,,300.0,20533.0,,
09739C102,New Holding,BOINGO WIRELESS INC,,,443.0,21526.0,,
526107107,Not New,LENNOX INTL INC,12241.0,55926.0,1812.0,8300.0,-10429.0,-47626.0
G84720104,New Holding,STERIS PLC,,,208.0,1946.0,,
980745103,Not New,WOODWARD INC,6612.0,89000.0,10666.0,131900.0,4054.0,42900.0
19239V302,Not New,COGENT COMMUNICATIONS HLDGS,609.0,13469.0,290.0,5200.0,-319.0,-8269.0
770323103,Sold Out,ROBERT HALF INTL INC,310.0,4400.0,,,,
G18920127,Not New,CAPITOL INVT CORP IV,200.0,200000.0,296.0,200000.0,96.0,0.0
981811102,New Holding,WORTHINGTON INDS INC,,,350.0,10063.0,,
743424103,Not New,PROOFPOINT INC,1029.0,12278.0,413.0,3885.0,-616.0,-8393.0
500643200,Not New,KORN FERRY INTL,214.0,5400.0,212.0,4300.0,-2.0,-1100.0
803607100,Sold Out,SAREPTA THERAPEUTICS INC,11112.0,68800.0,,,,
931142103,New Holding,WALMART INC,,,14457.0,155200.0,,
10922N103,Not New,BRIGHTHOUSE FINL INC,1356.0,44500.0,297.0,6700.0,-1059.0,-37800.0
78667J108,Sold Out,SAGE THERAPEUTICS INC,1257.0,8900.0,,,,
004225108,Not New,ACADIA PHARMACEUTICALS INC,1326.0,82000.0,2136.0,102900.0,810.0,20900.0
636518102,New Holding,NATIONAL INSTRS CORP,,,2505.0,55195.0,,
718546104,Sold Out,PHILLIPS 66,3652.0,32400.0,,,,
469814107,Sold Out,JACOBS ENGR GROUP INC DEL,666.0,8700.0,,,,
H50430232,Not New,LOGITECH INTL S A,460.0,14700.0,228.0,5100.0,-232.0,-9600.0
206787103,Not New,CONDUENT INC,2485.0,233729.0,484.0,21500.0,-2001.0,-212229.0
N6596X109,Not New,NXP SEMICONDUCTORS N V,5691.0,77652.0,3831.0,44800.0,-1860.0,-32852.0
501889208,New Holding,LKQ CORP,,,3514.0,148100.0,,
604871103,Not New,MISONIX INC,2962.0,185000.0,3124.0,168880.0,162.0,-16120.0
703481101,New Holding,PATTERSON UTI ENERGY INC,,,833.0,80468.0,,
69318G106,New Holding,PBF ENERGY INC,,,262.0,8024.0,,
56854Q101,Sold Out,MARINUS PHARMACEUTICALS INC,401.0,40100.0,,,,
89610F101,Not New,TRICIDA INC,364.0,15424.0,348.0,11400.0,-16.0,-4024.0
043436104,New Holding,ASBURY AUTOMOTIVE GROUP INC,,,422.0,6329.0,,
87162W100,Sold Out,SYNNEX CORP,212.0,2500.0,,,,
G31249108,Sold Out,ESTABLISHMENT LABS HLDGS INC,1687.0,70000.0,,,,
27579R104,New Holding,EAST WEST BANCORP INC,,,618.0,14200.0,,
G6359F103,Not New,NABORS INDUSTRIES LTD,118.0,58890.0,76.0,12400.0,-42.0,-46490.0
590479135,Not New,MESA AIR GROUP INC,392.0,50900.0,663.0,47800.0,271.0,-3100.0
199908104,New Holding,COMFORT SYS USA INC,,,301.0,6900.0,,
907818108,Not New,UNION PAC CORP,17532.0,126835.0,2304.0,14145.0,-15228.0,-112690.0
257559203,Not New,DOMTAR CORP,773.0,21998.0,4794.0,91900.0,4021.0,69902.0
171484108,Not New,CHURCHILL DOWNS INC,9514.0,39000.0,15546.0,55980.0,6032.0,16980.0
64115T104,New Holding,NETSCOUT SYS INC,,,343.0,14529.0,,
12541W209,Not New,C H ROBINSON WORLDWIDE INC,688.0,8177.0,487.0,4977.0,-201.0,-3200.0
750917106,Not New,RAMBUS INC DEL,160.0,20797.0,183.0,16800.0,23.0,-3997.0
401617105,New Holding,GUESS INC,,,201.0,9698.0,,
898202106,Sold Out,TRUPANION INC,1429.0,40000.0,,,,
405024100,Not New,HAEMONETICS CORP,9385.0,93800.0,515.0,4500.0,-8870.0,-89300.0
41043F208,Not New,HANGER INC,4486.0,236700.0,3637.0,174600.0,-849.0,-62100.0
98389B100,New Holding,XCEL ENERGY INC,,,1179.0,23938.0,,
58502B106,New Holding,MEDNAX INC,,,1498.0,45394.0,,
680665205,Not New,OLIN CORP,269.0,13397.0,1035.0,40300.0,766.0,26903.0
458140100,New Holding,INTEL CORP,,,2063.0,43959.0,,
15117K103,New Holding,CELLECTIS S A,,,239.0,14400.0,,
302941109,Not New,FTI CONSULTING INC,1526.0,22900.0,454.0,6200.0,-1072.0,-16700.0
252784301,New Holding,DIAMONDROCK HOSPITALITY CO,,,265.0,29100.0,,
G4388N106,New Holding,HELEN OF TROY CORP LTD,,,367.0,2800.0,,
488360207,Sold Out,KEMET CORP,204.0,11000.0,,,,
78409V104,Not New,S&P GLOBAL INC,5048.0,29700.0,3282.0,16800.0,-1766.0,-12900.0
852312305,Not New,STAAR SURGICAL CO,12156.0,380946.0,16449.0,342700.0,4293.0,-38246.0
46090E103,Sold Out,INVESCO QQQ TR,424.0,225000.0,,,,
09247X101,Not New,BLACKROCK INC,5036.0,12820.0,1508.0,3200.0,-3528.0,-9620.0
254067101,Not New,DILLARDS INC,1978.0,32800.0,1260.0,16500.0,-718.0,-16300.0
G5480U104,New Holding,LIBERTY GLOBAL PLC,,,369.0,17300.0,,
278642103,Not New,EBAY INC,2199.0,78333.0,407.0,12348.0,-1792.0,-65985.0
723787107,Not New,PIONEER NAT RES CO,2236.0,17000.0,1132.0,6500.0,-1104.0,-10500.0
883203101,Not New,TEXTRON INC,3700.0,80446.0,350.0,4900.0,-3350.0,-75546.0
13321L108,New Holding,CAMECO CORP,,,601.0,52900.0,,
884903105,Sold Out,THOMSON REUTERS CORP,1417.0,31026.0,,,,
626755102,New Holding,MURPHY USA INC,,,1831.0,23900.0,,
G9019D104,Sold Out,TRAVELPORT WORLDWIDE LTD,385.0,22800.0,,,,
03852U106,Not New,ARAMARK,8007.0,276400.0,6276.0,145900.0,-1731.0,-130500.0
34959J108,Not New,FORTIVE CORP,2953.0,43644.0,33581.0,398819.0,30628.0,355175.0
36255F110,Not New,GS ACQUISITION HLDGS CORP,429.0,342700.0,583.0,342700.0,154.0,0.0
630077105,New Holding,NANOMETRICS INC,,,502.0,18382.0,,
303250104,Not New,FAIR ISAAC CORP,6994.0,37400.0,640.0,2800.0,-6354.0,-34600.0
69007J106,New Holding,OUTFRONT MEDIA INC,,,237.0,13100.0,,
844895102,New Holding,SOUTHWEST GAS HOLDINGS INC,,,1947.0,25446.0,,
13645T100,Not New,CANADIAN PAC RY LTD,3464.0,19500.0,2310.0,10900.0,-1154.0,-8600.0
269246401,Not New,E TRADE FINANCIAL CORP,6967.0,158767.0,728.0,13905.0,-6239.0,-144862.0
462260100,New Holding,IOVANCE BIOTHERAPEUTICS INC,,,8304.0,938300.0,,
80589M102,New Holding,SCANA CORP NEW,,,497.0,10400.0,,
755111507,New Holding,RAYTHEON CO,,,1862.0,12138.0,,
743315103,New Holding,PROGRESSIVE CORP OHIO,,,593.0,9824.0,,
74735M108,New Holding,QIWI PLC,,,178.0,12568.0,,
50105F105,Sold Out,KRONOS WORLDWIDE INC,350.0,21500.0,,,,
09523Q101,Not New,BLUE APRON HLDGS INC,4.0,175000.0,387.0,225300.0,383.0,50300.0
09523Q101,Not New,BLUE APRON HLDGS INC,4.0,175000.0,18.0,175000.0,14.0,0.0
30161N101,Not New,EXELON CORP,239.0,5300.0,764.0,17500.0,525.0,12200.0
G5960L103,New Holding,MEDTRONIC PLC,,,4548.0,50000.0,,
62886E108,Sold Out,NCR CORP NEW,404.0,14200.0,,,,
829226109,Not New,SINCLAIR BROADCAST GROUP INC,696.0,26426.0,584.0,20600.0,-112.0,-5826.0
09061G101,Sold Out,BIOMARIN PHARMACEUTICAL INC,1639.0,16900.0,,,,
24665A103,Sold Out,DELEK US HLDGS INC NEW,484.0,11400.0,,,,
458665304,Sold Out,INTERFACE INC,409.0,17500.0,,,,
101121101,Sold Out,BOSTON PROPERTIES INC,591.0,4800.0,,,,
94106L109,Sold Out,WASTE MGMT INC DEL,289.0,3200.0,,,,
232806109,New Holding,CYPRESS SEMICONDUCTOR CORP,,,679.0,53386.0,,
82900L102,Not New,SIMPLY GOOD FOODS CO,5084.0,268994.0,6576.0,338100.0,1492.0,69106.0
92214X106,New Holding,VAREX IMAGING CORP,,,221.0,9319.0,,
74727D306,New Holding,QAD INC,,,276.0,7028.0,,
110122108,Sold Out,BRISTOL MYERS SQUIBB CO,1763.0,28400.0,,,,
969457100,New Holding,WILLIAMS COS INC DEL,,,19887.0,901900.0,,
718172109,New Holding,PHILIP MORRIS INTL INC,,,4020.0,60228.0,,
64704V106,Sold Out,NEW MEDIA INVT GROUP INC,679.0,43300.0,,,,
115637209,Not New,BROWN FORMAN CORP,13634.0,286556.0,494.0,9764.0,-13140.0,-276792.0
92532W103,New Holding,VERSUM MATLS INC,,,842.0,30393.0,,
G22707122,New Holding,COLLIER CREEK HOLDINGS,,,11044.0,1100000.0,,
829073105,Not New,SIMPSON MANUFACTURING CO INC,568.0,10479.0,333.0,4600.0,-235.0,-5879.0
92335C106,New Holding,VERA BRADLEY INC,,,283.0,33100.0,,
983919101,Not New,XILINX INC,373.0,4385.0,1072.0,13375.0,699.0,8990.0
64125C109,Not New,NEUROCRINE BIOSCIENCES INC,7412.0,103789.0,6148.0,50000.0,-1264.0,-53789.0
48576U106,Not New,KARYOPHARM THERAPEUTICS INC,1151.0,122800.0,7121.0,418100.0,5970.0,295300.0
831865209,Not New,SMITH A O,6797.0,159200.0,2172.0,40691.0,-4625.0,-118509.0
089302103,Not New,BIG LOTS INC,1397.0,48300.0,1776.0,42500.0,379.0,-5800.0
868873100,New Holding,SURMODICS INC,,,230.0,4856.0,,
68752M108,Not New,ORTHOFIX MED INC,951.0,18121.0,1156.0,20000.0,205.0,1879.0
36467J108,Not New,GAMING & LEISURE PPTYS INC,10769.0,333300.0,3035.0,86100.0,-7734.0,-247200.0
29272W109,Sold Out,ENERGIZER HLDGS INC NEW,792.0,13507.0,,,,
N53745100,Not New,LYONDELLBASELL INDUSTRIES N,1391.0,16721.0,7740.0,75500.0,6349.0,58779.0
445658107,Not New,HUNT J B TRANS SVCS INC,915.0,9838.0,668.0,5617.0,-247.0,-4221.0
92828Q109,Sold Out,VIRTUS INVT PARTNERS INC,250.0,2200.0,,,,
316773100,Not New,FIFTH THIRD BANCORP,1362.0,57900.0,1566.0,56100.0,204.0,-1800.0
81617J301,New Holding,SELECT ENERGY SVCS INC,,,403.0,63744.0,,
650111107,New Holding,NEW YORK TIMES CO,,,298.0,13400.0,,
05961W105,Sold Out,BANCO MACRO SA,306.0,7400.0,,,,
74965L101,New Holding,RLJ LODGING TR,,,662.0,40402.0,,
74624M102,Not New,PURE STORAGE INC,162.0,10064.0,1193.0,45984.0,1031.0,35920.0
88160R101,New Holding,TESLA INC,,,513.0,1541.0,,
526057104,Not New,LENNAR CORP,784.0,20029.0,1312.0,28100.0,528.0,8071.0
380237107,Sold Out,GODADDY INC,200.0,2400.0,,,,
817565104,New Holding,SERVICE CORP INTL,,,715.0,17767.0,,
988498101,Not New,YUM BRANDS INC,5123.0,55737.0,9546.0,105000.0,4423.0,49263.0
38045R206,New Holding,GOL LINHAS AEREAS INTLG S A,,,3636.0,268400.0,,
67077M108,New Holding,NUTRIEN LTD,,,2031.0,43200.0,,
761152107,Not New,RESMED INC,205.0,1796.0,1257.0,10900.0,1052.0,9104.0
91324P102,Not New,UNITEDHEALTH GROUP INC,6951.0,27900.0,1466.0,5511.0,-5485.0,-22389.0
099502106,Not New,BOOZ ALLEN HAMILTON HLDG COR,498.0,11033.0,494.0,9948.0,-4.0,-1085.0
533900106,Not New,LINCOLN ELEC HLDGS INC,3442.0,43650.0,937.0,10029.0,-2505.0,-33621.0
060505104,New Holding,BANK AMER CORP,,,5656.0,229529.0,,
670100205,Sold Out,NOVO-NORDISK A S,1474.0,31260.0,,,,
032095101,Sold Out,AMPHENOL CORP NEW,602.0,6400.0,,,,
92337C104,New Holding,VERASTEM INC,,,381.0,113423.0,,
302301106,Not New,EZCORP INC,700.0,90500.0,548.0,51200.0,-152.0,-39300.0
427866108,Sold Out,HERSHEY CO,612.0,6000.0,,,,
143130102,New Holding,CARMAX INC,,,787.0,12547.0,,
942749102,Not New,WATTS WATER TECHNOLOGIES INC,989.0,15319.0,855.0,10300.0,-134.0,-5019.0
14067E506,Sold Out,CAPSTEAD MTG CORP,156.0,19700.0,,,,
92672L107,Not New,VIEWRAY INC,2570.0,423405.0,1867.0,199400.0,-703.0,-224005.0
06759L103,New Holding,BARINGS BDC INC,,,105.0,11600.0,,
879369106,New Holding,TELEFLEX INC,,,446.0,1726.0,,
297602104,New Holding,ETHAN ALLEN INTERIORS INC,,,227.0,12900.0,,
14149Y108,New Holding,CARDINAL HEALTH INC,,,3998.0,89639.0,,
896288107,Not New,TRINET GROUP INC,205.0,4900.0,242.0,4300.0,37.0,-600.0
75606N109,New Holding,REALPAGE INC,,,308.0,6400.0,,
24703L202,New Holding,DELL TECHNOLOGIES INC,,,9695.0,198387.0,,
L9340P101,New Holding,TRINSEO S A,,,622.0,13570.0,,
90187B408,Not New,TWO HBRS INVT CORP,191.0,14900.0,246.0,16500.0,55.0,1600.0
709102107,New Holding,PENNSYLVANIA RL ESTATE INVT,,,258.0,43455.0,,
767204100,Sold Out,RIO TINTO PLC,663.0,13000.0,,,,
171340102,New Holding,CHURCH & DWIGHT INC,,,1841.0,28000.0,,
896239100,New Holding,TRIMBLE INC,,,384.0,11665.0,,
45253H101,New Holding,IMMUNOGEN INC,,,76.0,15800.0,,
960908309,New Holding,WESTPORT FUEL SYSTEMS INC,,,33.0,24698.0,,
210373106,Sold Out,CONSTELLATION PHARMCETICLS I,225.0,33500.0,,,,
50540R409,New Holding,LABORATORY CORP AMER HLDGS,,,2256.0,17856.0,,
846511103,New Holding,SPARK ENERGY INC,,,85.0,11405.0,,
71654V408,Sold Out,PETROLEO BRASILEIRO SA PETRO,241.0,20000.0,,,,
075896100,Sold Out,BED BATH & BEYOND INC,239.0,15900.0,,,,
64049M209,Sold Out,NEOGENOMICS INC,921.0,60000.0,,,,
90539J109,New Holding,UNION BANKSHARES CORP NEW,,,381.0,13496.0,,
351793104,Sold Out,FRANCESCAS HLDGS CORP,776.0,209400.0,,,,
81369Y209,Sold Out,SELECT SECTOR SPDR TR,3842.0,40379.0,,,,
29977A105,New Holding,EVERCORE INC,,,2131.0,29778.0,,
14161W105,Not New,CARDLYTICS INC,846.0,78100.0,1500.0,59900.0,654.0,-18200.0
96758W101,New Holding,WIDEOPENWEST INC,,,129.0,18152.0,,
21925Y103,New Holding,CORNERSTONE ONDEMAND INC,,,588.0,11659.0,,
896522109,Not New,TRINITY INDS INC,1102.0,53546.0,1517.0,41400.0,415.0,-12146.0
23257D103,Not New,CYMABAY THERAPEUTICS INC,175.0,22200.0,156.0,14000.0,-19.0,-8200.0
82568P304,Not New,SHUTTERFLY INC,696.0,17300.0,409.0,6200.0,-287.0,-11100.0
58933Y105,Not New,MERCK & CO INC,10888.0,142500.0,20201.0,284759.0,9313.0,142259.0
512807108,Not New,LAM RESEARCH CORP,3206.0,23546.0,1714.0,11300.0,-1492.0,-12246.0
911312106,Sold Out,UNITED PARCEL SERVICE INC,654.0,5600.0,,,,
925652109,Not New,VICI PPTYS INC,1117.0,59500.0,1181.0,54600.0,64.0,-4900.0
375558103,Not New,GILEAD SCIENCES INC,2684.0,42906.0,733.0,9500.0,-1951.0,-33406.0
53815P108,New Holding,LIVERAMP HLDGS INC,,,589.0,15270.0,,
14862Q100,New Holding,CASTLIGHT HEALTH INC,,,54.0,25000.0,,
46131B100,Sold Out,INVESCO MORTGAGE CAPITAL INC,881.0,55700.0,,,,
25243Q205,New Holding,DIAGEO P L C,,,12401.0,87450.0,,
G0177J108,Not New,ALLERGAN PLC,8447.0,63200.0,6731.0,35339.0,-1716.0,-27861.0
090572207,Not New,BIO RAD LABS INC,2044.0,8798.0,1877.0,6000.0,-167.0,-2798.0
278265103,Sold Out,EATON VANCE CORP,1388.0,26400.0,,,,
552953101,New Holding,MGM RESORTS INTERNATIONAL,,,811.0,33422.0,,
88162G103,New Holding,TETRA TECH INC NEW,,,490.0,9472.0,,
89055F103,Not New,TOPBUILD CORP,2097.0,46600.0,1353.0,23800.0,-744.0,-22800.0
343412102,New Holding,FLUOR CORP NEW,,,499.0,15500.0,,
61022P100,New Holding,MONOTYPE IMAGING HOLDINGS IN,,,161.0,10372.0,,
184496107,New Holding,CLEAN HARBORS INC,,,1194.0,24200.0,,
589400100,New Holding,MERCURY GENL CORP NEW,,,333.0,6444.0,,
750236101,Not New,RADIAN GROUP INC,483.0,29543.0,856.0,41400.0,373.0,11857.0
G89827102,Not New,TPG PACE HLDGS CORP,3165.0,300000.0,15945.0,1500000.0,12780.0,1200000.0
89853L104,Not New,T2 BIOSYSTEMS INC,321.0,106600.0,2404.0,322700.0,2083.0,216100.0
371901109,New Holding,GENTEX CORP,,,375.0,18578.0,,
55262C100,New Holding,MBIA INC,,,177.0,19800.0,,
878742204,Not New,TECK RESOURCES LTD,1245.0,57802.0,369.0,15300.0,-876.0,-42502.0
02156K103,Not New,ALTICE USA INC,4703.0,284700.0,2286.0,126023.0,-2417.0,-158677.0
032511107,Not New,ANADARKO PETE CORP,2547.0,58090.0,472.0,7000.0,-2075.0,-51090.0
88033G407,New Holding,TENET HEALTHCARE CORP,,,224.0,13069.0,,
115236101,Sold Out,BROWN & BROWN INC,754.0,25500.0,,,,
G3165V117,New Holding,ARYA SCIENCES ACQUISITION CO,,,6892.0,666500.0,,
L8681T102,Sold Out,SPOTIFY TECHNOLOGY S A,470.0,2600.0,,,,
878237106,New Holding,TECH DATA CORP,,,1698.0,20759.0,,
33829M101,Not New,FIVE BELOW INC,1341.0,13110.0,2484.0,19100.0,1143.0,5990.0
864159108,New Holding,STURM RUGER & CO INC,,,430.0,8087.0,,
75700L108,New Holding,RED ROCK RESORTS INC,,,2058.0,101335.0,,
98420N105,Not New,XENON PHARMACEUTICALS INC,3092.0,490058.0,7424.0,562413.0,4332.0,72355.0
125523100,New Holding,CIGNA CORP NEW,,,4786.0,25200.0,,
G96629103,Not New,WILLIS TOWERS WATSON PUB LTD,699.0,4600.0,4468.0,31700.0,3769.0,27100.0
018802108,New Holding,ALLIANT ENERGY CORP,,,4276.0,101211.0,,
32054K103,New Holding,FIRST INDUSTRIAL REALTY TRUS,,,337.0,11686.0,,
501797104,Not New,L BRANDS INC,7182.0,279800.0,2634.0,86900.0,-4548.0,-192900.0
65249B208,New Holding,NEWS CORP NEW,,,194.0,16811.0,,
12504L109,Sold Out,CBRE GROUP INC,833.0,18900.0,,,,
87901J105,New Holding,TEGNA INC,,,129.0,11913.0,,
09058V103,Not New,BIOCRYST PHARMACEUTICALS,89.0,11000.0,418.0,54800.0,329.0,43800.0
10948C107,Not New,BRIGHTVIEW HLDGS INC,341.0,33390.0,715.0,44600.0,374.0,11210.0
29786A106,New Holding,ETSY INC,,,5567.0,117030.0,,
30041R108,Sold Out,EVERQUOTE INC,3189.0,214577.0,,,,
09062W204,Not New,BIOLIFE SOLUTIONS INC,4051.0,336700.0,6449.0,368500.0,2398.0,31800.0
476405105,New Holding,JERNIGAN CAP INC,,,1197.0,60400.0,,
G51502105,Sold Out,JOHNSON CTLS INTL PLC,1370.0,39142.0,,,,
205887102,Not New,CONAGRA BRANDS INC,347.0,16267.0,914.0,26900.0,567.0,10633.0
86881A100,Not New,SURGERY PARTNERS INC,994.0,101477.0,1175.0,71200.0,181.0,-30277.0
78442P106,Not New,SLM CORP,173.0,20816.0,207.0,18600.0,34.0,-2216.0
G47791101,Not New,INGERSOLL-RAND PLC,5256.0,57615.0,5535.0,54100.0,279.0,-3515.0
36237H101,New Holding,G-III APPAREL GROUP LTD,,,218.0,7800.0,,
G0408V102,New Holding,AON PLC,,,2345.0,16131.0,,
74275G107,Not New,PRIORITY TECHNOLOGY HLDGS IN,520.0,65000.0,631.0,65000.0,111.0,0.0
47215P106,New Holding,JD COM INC,,,1076.0,51400.0,,
98311A105,New Holding,WYNDHAM HOTELS & RESORTS INC,,,771.0,16986.0,,
053332102,New Holding,AUTOZONE INC,,,1263.0,1507.0,,
242370203,New Holding,DEAN FOODS CO NEW,,,58.0,15200.0,,
364760108,New Holding,GAP INC DEL,,,675.0,26200.0,,
942622200,Not New,WATSCO INC,514.0,3690.0,1140.0,6400.0,626.0,2710.0
228368106,Not New,CROWN HOLDINGS INC,7529.0,181100.0,4954.0,103200.0,-2575.0,-77900.0
40131M109,New Holding,GUARDANT HEALTH INC,,,3597.0,95700.0,,
360271100,Sold Out,FULTON FINL CORP PA,535.0,32100.0,,,,
12503M108,Not New,CBOE GLOBAL MARKETS INC,3916.0,40032.0,2265.0,23600.0,-1651.0,-16432.0
418056107,Sold Out,HASBRO INC,7358.0,70000.0,,,,
03843E104,Sold Out,AQUESTIVE THERAPEUTICS INC,196.0,11192.0,,,,
045487105,Not New,ASSOCIATED BANC CORP,618.0,31245.0,806.0,31000.0,188.0,-245.0
231561101,New Holding,CURTISS WRIGHT CORP,,,439.0,4300.0,,
92826C839,Not New,VISA INC,8063.0,61115.0,5907.0,39356.0,-2156.0,-21759.0
868157108,New Holding,SUPERIOR ENERGY SVCS INC,,,39.0,11747.0,,
82481R106,New Holding,SHIRE PLC,,,31849.0,183006.0,,
670002104,New Holding,NOVAVAX INC,,,847.0,460500.0,,
881624209,Not New,TEVA PHARMACEUTICAL INDS LTD,5985.0,388175.0,4523.0,210000.0,-1462.0,-178175.0
457187102,New Holding,INGREDION INC,,,475.0,5200.0,,
11282X103,New Holding,BROOKFIELD PROPERTY REIT INC,,,1118.0,69428.0,,
600544100,New Holding,MILLER HERMAN INC,,,572.0,18901.0,,
678026105,New Holding,OIL STS INTL INC,,,784.0,54859.0,,
90384S303,Sold Out,ULTA BEAUTY INC,5078.0,18000.0,,,,
235825205,Not New,DANA INCORPORATED,4031.0,295769.0,3610.0,193400.0,-421.0,-102369.0
03349M105,Sold Out,ANDEAVOR,276.0,1800.0,,,,
42225P501,Sold Out,HEALTHCARE TR AMER INC,232.0,8700.0,,,,
717081103,New Holding,PFIZER INC,,,14166.0,324537.0,,
35905A109,New Holding,FRONTDOOR INC,,,264.0,9900.0,,
05541T101,Not New,BGC PARTNERS INC,735.0,142151.0,847.0,71700.0,112.0,-70451.0
422806208,New Holding,HEICO CORP NEW,,,208.0,3300.0,,
101137107,Not New,BOSTON SCIENTIFIC CORP,8260.0,233700.0,13483.0,350200.0,5223.0,116500.0
902494103,Not New,TYSON FOODS INC,5357.0,100300.0,2149.0,36100.0,-3208.0,-64200.0
576323109,Not New,MASTEC INC,1291.0,31832.0,2072.0,46400.0,781.0,14568.0
025537101,New Holding,AMERICAN ELEC PWR INC,,,262.0,3500.0,,
816850101,Not New,SEMTECH CORP,3356.0,73182.0,411.0,7400.0,-2945.0,-65782.0
84857L101,Not New,SPIRE INC,533.0,7200.0,2589.0,35200.0,2056.0,28000.0
563571405,New Holding,MANITOWOC CO INC,,,652.0,44200.0,,
G1992S109,Sold Out,CISION LTD,3017.0,179600.0,,,,
73179P106,Sold Out,POLYONE CORP,311.0,7100.0,,,,
53223X107,New Holding,LIFE STORAGE INC,,,259.0,2788.0,,
61174X109,Sold Out,MONSTER BEVERAGE CORP NEW,490.0,8400.0,,,,
12653C108,Sold Out,CNX RESOURCES CORPORATION,537.0,37561.0,,,,
72651A207,Not New,PLAINS GP HLDGS L P,24406.0,1214253.0,429.0,17500.0,-23977.0,-1196753.0
31189P102,Sold Out,FATE THERAPEUTICS INC,1891.0,116100.0,,,,
866082100,Sold Out,SUMMIT HOTEL PPTYS INC,463.0,34200.0,,,,
553498106,Not New,MSA SAFETY INC,537.0,5700.0,510.0,4800.0,-27.0,-900.0
938824109,Sold Out,WASHINGTON FED INC,486.0,15200.0,,,,
63938C108,Not New,NAVIENT CORPORATION,1927.0,218744.0,1158.0,85900.0,-769.0,-132844.0
21676P103,Not New,COOPER STD HLDGS INC,630.0,10143.0,7526.0,62725.0,6896.0,52582.0
298736109,New Holding,EURONET WORLDWIDE INC,,,625.0,6100.0,,
M22465104,Not New,CHECK POINT SOFTWARE TECH LT,411.0,4000.0,881.0,7486.0,470.0,3486.0
13765N107,Sold Out,CANNAE HLDGS INC,394.0,18800.0,,,,
369604103,New Holding,GENERAL ELECTRIC CO,,,3723.0,891600.0,,
830830105,Not New,SKYLINE CHAMPION CORPORATION,640.0,43596.0,7450.0,260754.0,6810.0,217158.0
337932107,Not New,FIRSTENERGY CORP,15201.0,404818.0,1802.0,48472.0,-13399.0,-356346.0
78410G104,New Holding,SBA COMMUNICATIONS CORP NEW,,,2522.0,15576.0,,
023111206,Sold Out,AMARIN CORP PLC,1569.0,96400.0,,,,
655844108,Not New,NORFOLK SOUTHERN CORP,12764.0,85355.0,14025.0,77700.0,1261.0,-7655.0
69343T107,New Holding,PJT PARTNERS INC,,,267.0,6890.0,,
90130A200,Sold Out,TWENTY FIRST CENTY FOX INC,266.0,5800.0,,,,
28470R102,Not New,ELDORADO RESORTS INC,3378.0,93290.0,6396.0,131600.0,3018.0,38310.0
96208T104,Not New,WEX INC,461.0,3288.0,7790.0,38800.0,7329.0,35512.0
826516106,New Holding,SIERRA WIRELESS INC,,,191.0,14230.0,,
45167R104,Not New,IDEX CORP,429.0,3400.0,2033.0,13494.0,1604.0,10094.0
00130H105,New Holding,AES CORP,,,3566.0,246584.0,,
46121Y102,New Holding,INTREPID POTASH INC,,,2112.0,812500.0,,
045396108,Not New,ASSEMBLY BIOSCIENCES INC,697.0,30800.0,1620.0,43600.0,923.0,12800.0
11135F101,New Holding,BROADCOM INC,,,1544.0,6074.0,,
M46135105,Not New,FOAMIX PHARMACEUTICALS LTD,201.0,56000.0,461.0,80500.0,260.0,24500.0
436440101,New Holding,HOLOGIC INC,,,2051.0,49897.0,,
G89827110,New Holding,TPG PACE HLDGS CORP,,,400.0,400000.0,,
20030N101,Not New,COMCAST CORP NEW,1325.0,38900.0,603.0,17025.0,-722.0,-21875.0
26210C104,New Holding,DROPBOX INC,,,8378.0,410057.0,,
03662Q105,New Holding,ANSYS INC,,,285.0,1993.0,,
90328S500,New Holding,USA TECHNOLOGIES INC,,,122.0,31404.0,,
92553P201,Not New,VIACOM INC NEW,721.0,28045.0,540.0,16000.0,-181.0,-12045.0
039483102,Not New,ARCHER DANIELS MIDLAND CO,449.0,10956.0,5535.0,110100.0,5086.0,99144.0
38526M106,New Holding,GRAND CANYON ED INC,,,433.0,4500.0,,
32008D106,Not New,FIRST DATA CORP NEW,5604.0,331400.0,8645.0,353300.0,3041.0,21900.0
04650Y100,Sold Out,AT HOME GROUP INC,10254.0,325200.0,,,,
12674R100,New Holding,C&J ENERGY SVCS INC NEW,,,155.0,11500.0,,
811916105,New Holding,SEABRIDGE GOLD INC,,,209.0,15773.0,,
12508E101,Sold Out,CDK GLOBAL INC,788.0,12600.0,,,,
85208M102,Sold Out,SPROUTS FMRS MKT INC,752.0,27430.0,,,,
141788109,New Holding,CARGURUS INC,,,624.0,18504.0,,
76680R206,New Holding,RINGCENTRAL INC,,,1054.0,12789.0,,
25754A201,Sold Out,DOMINOS PIZZA INC,5012.0,17000.0,,,,
722304102,New Holding,PINDUODUO INC,,,216.0,9619.0,,
667340103,Sold Out,NORTHWEST BANCSHARES INC MD,1124.0,64900.0,,,,
59408Q106,Not New,MICHAELS COS INC,314.0,23254.0,1420.0,87500.0,1106.0,64246.0
40416M105,Not New,HD SUPPLY HLDGS INC,3564.0,95000.0,12085.0,282420.0,8521.0,187420.0
443320106,New Holding,HUB GROUP INC,,,237.0,6400.0,,
682189105,New Holding,ON SEMICONDUCTOR CORP,,,332.0,20124.0,,
928298108,New Holding,VISHAY INTERTECHNOLOGY INC,,,649.0,36008.0,,
723484101,New Holding,PINNACLE WEST CAP CORP,,,1779.0,20881.0,,
40049J206,New Holding,GRUPO TELEVISA SA,,,463.0,36796.0,,
87724P106,New Holding,TAYLOR MORRISON HOME CORP,,,321.0,20159.0,,
349553107,New Holding,FORTIS INC,,,437.0,13100.0,,
G87110105,New Holding,TECHNIPFMC PLC,,,300.0,15300.0,,
714254109,Not New,PERMROCK ROYALTY TRUST,744.0,125609.0,2166.0,176852.0,1422.0,51243.0
464287739,New Holding,ISHARES TR,,,21748.0,290208.0,,
136375102,New Holding,CANADIAN NATL RY CO,,,800.0,10800.0,,
31428X106,New Holding,FEDEX CORP,,,3176.0,119100.0,,
703395103,New Holding,PATTERSON COMPANIES INC,,,483.0,24535.0,,
15189T107,Not New,CENTERPOINT ENERGY INC,13977.0,495100.0,5530.0,200000.0,-8447.0,-295100.0
52603B107,New Holding,LENDINGTREE INC NEW,,,942.0,4289.0,,
G6564A105,Not New,NOMAD FOODS LTD,7239.0,433000.0,2595.0,128100.0,-4644.0,-304900.0
M9068E105,Sold Out,SODASTREAM INTERNATIONAL LTD,501.0,3500.0,,,,
00724F101,Not New,ADOBE INC,1809.0,8000.0,6679.0,24741.0,4870.0,16741.0
76131V202,New Holding,RETAIL PPTYS AMER INC,,,377.0,34726.0,,
344849104,Not New,FOOT LOCKER INC,18790.0,353197.0,535.0,10500.0,-18255.0,-342697.0
826919102,New Holding,SILICON LABORATORIES INC,,,717.0,9095.0,,
03957W106,New Holding,ARCHROCK INC,,,263.0,35100.0,,
67066G104,Not New,NVIDIA CORP,9305.0,69700.0,11677.0,41552.0,2372.0,-28148.0
87265K102,Not New,TPG SPECIALTY LENDING INC,672.0,37154.0,540.0,26500.0,-132.0,-10654.0
824348106,Not New,SHERWIN WILLIAMS CO,2693.0,6844.0,774.0,1700.0,-1919.0,-5144.0
05501U106,Not New,AZUL S A,302.0,10900.0,247.0,13900.0,-55.0,3000.0
74933X104,Sold Out,RA MED SYS INC,655.0,36000.0,,,,
002535300,New Holding,AARONS INC,,,988.0,23500.0,,
929042109,Sold Out,VORNADO RLTY TR,292.0,4000.0,,,,
054561105,Not New,AXA EQUITABLE HLDGS INC,13039.0,784100.0,981.0,45751.0,-12058.0,-738349.0
706327103,New Holding,PEMBINA PIPELINE CORP,,,262.0,8833.0,,
513272104,New Holding,LAMB WESTON HLDGS INC,,,2516.0,34200.0,,
92763W103,New Holding,VIPSHOP HLDGS LTD,,,57.0,10483.0,,
000361105,Sold Out,AAR CORP,728.0,15200.0,,,,
40637H109,New Holding,HALOZYME THERAPEUTICS INC,,,336.0,23000.0,,
759351604,Not New,REINSURANCE GROUP AMER INC,2322.0,16558.0,1026.0,7100.0,-1296.0,-9458.0
03064D108,Sold Out,AMERICOLD RLTY TR,4358.0,174200.0,,,,
G30401106,Sold Out,ENDO INTL PLC,2590.0,153900.0,,,,
83125X103,New Holding,SLEEP NUMBER CORP,,,425.0,13393.0,,
567908108,New Holding,MARINEMAX INC,,,219.0,11939.0,,
74340W103,New Holding,PROLOGIS INC,,,613.0,10436.0,,
023608102,Sold Out,AMEREN CORP,2781.0,44000.0,,,,
G4863A108,Not New,INTERNATIONAL GAME TECHNOLOG,13771.0,1339186.0,16333.0,827000.0,2562.0,-512186.0
G4863A108,Not New,INTERNATIONAL GAME TECHNOLOG,13771.0,1339186.0,139.0,75000.0,-13632.0,-1264186.0
698813102,Not New,PAPA JOHNS INTL INC,7157.0,179773.0,3200.0,62400.0,-3957.0,-117373.0
28176E108,New Holding,EDWARDS LIFESCIENCES CORP,,,1148.0,7500.0,,
053015103,New Holding,AUTOMATIC DATA PROCESSING IN,,,2765.0,21084.0,,
460690100,Sold Out,INTERPUBLIC GROUP COS INC,702.0,30700.0,,,,
336901103,New Holding,1ST SOURCE CORP,,,227.0,5624.0,,
92343E102,Not New,VERISIGN INC,932.0,6284.0,3912.0,24429.0,2980.0,18145.0
416906105,Not New,HARVARD BIOSCIENCE INC,716.0,225000.0,1841.0,350600.0,1125.0,125600.0
98919V105,Sold Out,ZAYO GROUP HLDGS INC,431.0,12400.0,,,,
92276F100,Sold Out,VENTAS INC,305.0,5600.0,,,,
285512109,Not New,ELECTRONIC ARTS INC,10732.0,136000.0,8987.0,74588.0,-1745.0,-61412.0
92922P106,New Holding,W & T OFFSHORE INC,,,181.0,43851.0,,
G9618E107,Not New,WHITE MTNS INS GROUP LTD,2144.0,2500.0,2433.0,2600.0,289.0,100.0
203607106,New Holding,COMMUNITY BK SYS INC,,,258.0,4425.0,,
128030202,Sold Out,CAL MAINE FOODS INC,309.0,6400.0,,,,
452907108,New Holding,IMMUNOMEDICS INC,,,5214.0,365357.0,,
57636Q104,New Holding,MASTERCARD INCORPORATED,,,660.0,3500.0,,
256746108,Not New,DOLLAR TREE INC,14803.0,163900.0,128.0,80000.0,-14675.0,-83900.0
398438408,Not New,GRIFOLS S A,1838.0,100100.0,3419.0,160000.0,1581.0,59900.0
00751Y106,Not New,ADVANCE AUTO PARTS INC,4998.0,31744.0,1953.0,11600.0,-3045.0,-20144.0
586858102,Sold Out,MENLO THERAPEUTICS INC,493.0,50000.0,,,,
017175100,Not New,ALLEGHANY CORP DEL,2119.0,3400.0,3066.0,4698.0,947.0,1298.0
493723100,New Holding,KEYW HLDG CORP,,,74.0,11117.0,,
143658300,Sold Out,CARNIVAL CORP,1996.0,31300.0,,,,
65487K100,Not New,NLIGHT INC,677.0,38062.0,5172.0,232900.0,4495.0,194838.0
63935N107,New Holding,NAVIGANT CONSULTING INC,,,492.0,20434.0,,
500754106,Sold Out,KRAFT HEINZ CO,1102.0,20000.0,,,,
913017109,New Holding,UNITED TECHNOLOGIES CORP,,,10793.0,101360.0,,
17142R202,Sold Out,CHURCHILL CAP CORP,20260.0,2000000.0,,,,
680033107,New Holding,OLD NATL BANCORP IND,,,154.0,10031.0,,
872540109,Not New,TJX COS INC NEW,17482.0,390740.0,14697.0,131200.0,-2785.0,-259540.0
00790R104,New Holding,ADVANCED DRAIN SYS INC DEL,,,228.0,9436.0,,
845467109,New Holding,SOUTHWESTERN ENERGY CO,,,288.0,84505.0,,
838518108,New Holding,SOUTH JERSEY INDS INC,,,219.0,7869.0,,
292671708,New Holding,ENERGY FUELS INC,,,92.0,32300.0,,
398905109,New Holding,GROUP 1 AUTOMOTIVE INC,,,3010.0,57100.0,,
71639T106,Not New,PETIQ INC,4627.0,197119.0,5805.0,147700.0,1178.0,-49419.0
63934E108,New Holding,NAVISTAR INTL CORP NEW,,,1880.0,72460.0,,
84265V105,New Holding,SOUTHERN COPPER CORP,,,1212.0,39375.0,,
G0750C108,Not New,AXALTA COATING SYS LTD,6656.0,284200.0,671.0,23000.0,-5985.0,-261200.0
Y2573F102,New Holding,FLEX LTD,,,374.0,49200.0,,
127055101,New Holding,CABOT CORP,,,229.0,5325.0,,
18914U100,New Holding,CLOUDERA INC,,,678.0,61300.0,,
29269A102,Sold Out,ENDOCYTE INC,14601.0,822100.0,,,,
10211F100,Sold Out,BOVIE MEDICAL CORP,710.0,100000.0,,,,
74915M100,New Holding,QURATE RETAIL INC,,,1076.0,55127.0,,
981558109,New Holding,WORLDPAY INC,,,260.0,3400.0,,
98956P102,New Holding,ZIMMER BIOMET HLDGS INC,,,4896.0,47206.0,,
30063P105,Sold Out,EXACT SCIENCES CORP,1508.0,19100.0,,,,
423452101,Not New,HELMERICH & PAYNE INC,978.0,20400.0,695.0,10100.0,-283.0,-10300.0
42824C109,Not New,HEWLETT PACKARD ENTERPRISE C,1949.0,147537.0,305.0,18700.0,-1644.0,-128837.0
842587107,Not New,SOUTHERN CO,849.0,19334.0,4922.0,112900.0,4073.0,93566.0
825724206,New Holding,SIBANYE STILLWATER,,,142.0,50016.0,,
68235P108,New Holding,ONE GAS INC,,,396.0,4969.0,,
64110D104,Sold Out,NETAPP INC,1692.0,19700.0,,,,
049560105,New Holding,ATMOS ENERGY CORP,,,297.0,3200.0,,
067774109,New Holding,BARNES & NOBLE INC,,,182.0,25664.0,,
69323K100,New Holding,PCM INC,,,322.0,18273.0,,
92854Q106,New Holding,VIVINT SOLAR INC,,,988.0,259301.0,,
91822M106,New Holding,VEON LTD,,,85.0,36556.0,,
G54050102,Sold Out,LAZARD LTD,847.0,17600.0,,,,
142339100,Not New,CARLISLE COS INC,6032.0,60000.0,3742.0,30727.0,-2290.0,-29273.0
15135B101,Not New,CENTENE CORP DEL,14263.0,123700.0,8137.0,56200.0,-6126.0,-67500.0
00737L103,New Holding,ADTALEM GLOBAL ED INC,,,867.0,18320.0,,
74834L100,Sold Out,QUEST DIAGNOSTICS INC,378.0,3500.0,,,,
82669G104,Not New,SIGNATURE BK NEW YORK N Y,9982.0,97100.0,1596.0,13900.0,-8386.0,-83200.0
04010L103,Not New,ARES CAP CORP,174.0,11200.0,1853.0,107800.0,1679.0,96600.0
012348108,New Holding,ALBANY INTL CORP,,,367.0,5881.0,,
816212104,Sold Out,SELECTA BIOSCIENCES INC,933.0,60000.0,,,,
885160101,Sold Out,THOR INDS INC,234.0,2800.0,,,,
12572Q105,Not New,CME GROUP INC,11287.0,60000.0,10212.0,60000.0,-1075.0,0.0
776696106,Sold Out,ROPER TECHNOLOGIES INC,1481.0,5000.0,,,,
55354G100,Sold Out,MSCI INC,1011.0,5700.0,,,,
172908105,New Holding,CINTAS CORP,,,1769.0,10533.0,,
882508104,Sold Out,TEXAS INSTRS INC,966.0,9000.0,,,,
466367109,Not New,JACK IN THE BOX INC,2088.0,26900.0,4518.0,53900.0,2430.0,27000.0
702149105,Not New,PARTY CITY HOLDCO INC,194.0,19400.0,2467.0,182100.0,2273.0,162700.0
919794107,New Holding,VALLEY NATL BANCORP,,,283.0,31943.0,,
265504100,New Holding,DUNKIN BRANDS GROUP INC,,,7930.0,123678.0,,
29261A100,Not New,ENCOMPASS HEALTH CORP,1215.0,19700.0,889.0,11400.0,-326.0,-8300.0
594918104,New Holding,MICROSOFT CORP,,,1441.0,14185.0,,
633707104,New Holding,NATIONAL BK HLDGS CORP,,,351.0,11382.0,,
G0129K104,New Holding,AIRCASTLE LTD,,,207.0,12007.0,,
49338L103,Not New,KEYSIGHT TECHNOLOGIES INC,3135.0,50500.0,988.0,14900.0,-2147.0,-35600.0
55345K103,Sold Out,MRC GLOBAL INC,383.0,20400.0,,,,
G81075106,Not New,SHIP FINANCE INTERNATIONAL L,1325.0,125800.0,1307.0,94000.0,-18.0,-31800.0
483548103,Not New,KAMAN CORP,208.0,3700.0,374.0,5600.0,166.0,1900.0
78489X103,Sold Out,SVMK INC,3607.0,225000.0,,,,
75689M101,Sold Out,RED ROBIN GOURMET BURGERS IN,51.0,30000.0,,,,
410867105,Not New,HANOVER INS GROUP INC,327.0,2800.0,3170.0,25700.0,2843.0,22900.0
902973304,New Holding,US BANCORP DEL,,,439.0,9615.0,,
832696405,New Holding,SMUCKER J M CO,,,437.0,4674.0,,
382550101,Not New,GOODYEAR TIRE & RUBR CO,3700.0,181300.0,6977.0,298300.0,3277.0,117000.0
30050B101,Not New,EVOLENT HEALTH INC,1397.0,70000.0,1420.0,50000.0,23.0,-20000.0
054937107,New Holding,BB&T CORP,,,1936.0,44700.0,,
493267108,Sold Out,KEYCORP NEW,2659.0,133700.0,,,,
097023105,Not New,BOEING CO,247.0,100000.0,10172.0,27353.0,9925.0,-72647.0
097023105,Not New,BOEING CO,247.0,100000.0,32.0,20000.0,-215.0,-80000.0
30303M102,Not New,FACEBOOK INC,2609.0,19900.0,263.0,1600.0,-2346.0,-18300.0
H17182108,Sold Out,CRISPR THERAPEUTICS AG,607.0,13700.0,,,,
03168L105,Sold Out,AMNEAL PHARMACEUTICALS INC,4187.0,188700.0,,,,
767744105,New Holding,RITCHIE BROS AUCTIONEERS,,,264.0,8061.0,,
45337C102,Not New,INCYTE CORP,5761.0,90600.0,2881.0,41700.0,-2880.0,-48900.0
904708104,Sold Out,UNIFIRST CORP MASS,295.0,1700.0,,,,
24906P109,Sold Out,DENTSPLY SIRONA INC,555.0,14700.0,,,,
695156109,New Holding,PACKAGING CORP AMER,,,594.0,7122.0,,
874224207,Not New,TALEND S A,1524.0,41100.0,509.0,7300.0,-1015.0,-33800.0
172755100,New Holding,CIRRUS LOGIC INC,,,591.0,17798.0,,
427825500,New Holding,HERSHA HOSPITALITY TR,,,244.0,13900.0,,
09215C105,Not New,BLACK KNIGHT INC,888.0,19700.0,3421.0,65857.0,2533.0,46157.0
848577102,Not New,SPIRIT AIRLS INC,23405.0,404100.0,3941.0,83900.0,-19464.0,-320200.0
104674106,Not New,BRADY CORP,875.0,20138.0,1483.0,33900.0,608.0,13762.0
87161C501,Not New,SYNOVUS FINL CORP,3234.0,101093.0,380.0,8300.0,-2854.0,-92793.0
94419L101,New Holding,WAYFAIR INC,,,531.0,5898.0,,
22943F100,Sold Out,CTRIP COM INTL LTD,1238.0,33300.0,,,,
595112103,New Holding,MICRON TECHNOLOGY INC,,,3842.0,121068.0,,
109641100,Not New,BRINKER INTL INC,4215.0,95848.0,12702.0,271800.0,8487.0,175952.0
G3922B107,New Holding,GENPACT LIMITED,,,872.0,32300.0,,
855244109,Not New,STARBUCKS CORP,8546.0,132706.0,330.0,5800.0,-8216.0,-126906.0
09259E108,New Holding,BLACKROCK TCP CAP CORP,,,257.0,19740.0,,
682680103,New Holding,ONEOK INC NEW,,,521.0,9656.0,,
85917A100,New Holding,STERLING BANCORP DEL,,,4043.0,244900.0,,
989701107,New Holding,ZIONS BANCORPORATION N A,,,1308.0,32113.0,,
037833100,Not New,APPLE INC,4482.0,28417.0,1068.0,4729.0,-3414.0,-23688.0
38388F108,Not New,GRACE W R & CO DEL NEW,2032.0,31300.0,4552.0,63700.0,2520.0,32400.0
N22035104,Not New,CONSTELLIUM NV,3574.0,511300.0,6090.0,493100.0,2516.0,-18200.0
N22035104,Not New,CONSTELLIUM NV,3574.0,511300.0,206.0,250000.0,-3368.0,-261300.0
67075N108,Not New,NUVECTRA CORP,2759.0,168882.0,8021.0,364900.0,5262.0,196018.0
019770106,New Holding,ALLOGENE THERAPEUTICS INC,,,269.0,10000.0,,
254709108,New Holding,DISCOVER FINL SVCS,,,2715.0,46040.0,,
11120U105,New Holding,BRIXMOR PPTY GROUP INC,,,154.0,10500.0,,
858155203,New Holding,STEELCASE INC,,,158.0,10700.0,,
149123101,Not New,CATERPILLAR INC DEL,419.0,3300.0,2455.0,16100.0,2036.0,12800.0
78573M104,New Holding,SABRE CORP,,,329.0,15208.0,,
83545G102,New Holding,SONIC AUTOMOTIVE INC,,,223.0,16209.0,,
59522J103,Sold Out,MID AMER APT CMNTYS INC,331.0,3300.0,,,,
896047503,Sold Out,TRIBUNE MEDIA CO,2233.0,58100.0,,,,
909907107,New Holding,UNITED BANKSHARES INC WEST V,,,255.0,8211.0,,
10316T104,New Holding,BOX INC,,,411.0,24400.0,,
30744W107,Sold Out,FARFETCH LTD,817.0,30000.0,,,,
867892101,New Holding,SUNSTONE HOTEL INVS INC NEW,,,253.0,19477.0,,
194014106,Not New,COLFAX CORP,5244.0,250900.0,1695.0,47000.0,-3549.0,-203900.0
629209305,New Holding,NMI HLDGS INC,,,240.0,13449.0,,
36473H104,New Holding,GANNETT CO INC,,,116.0,13600.0,,
537008104,Sold Out,LITTELFUSE INC,316.0,1595.0,,,,
624758108,New Holding,MUELLER WTR PRODS INC,,,107.0,11700.0,,
49427F108,New Holding,KILROY RLTY CORP,,,578.0,9198.0,,
92220P105,New Holding,VARIAN MED SYS INC,,,1548.0,13665.0,,
872590104,New Holding,T MOBILE US INC,,,1132.0,17800.0,,
69331C108,Sold Out,PG&E CORP,4712.0,102400.0,,,,
094235108,Not New,BLOOMIN BRANDS INC,737.0,41200.0,2816.0,142300.0,2079.0,101100.0
450056106,New Holding,IRHYTHM TECHNOLOGIES INC,,,250.0,3600.0,,
548862101,Not New,LOXO ONCOLOGY INC,2003.0,14300.0,1708.0,10000.0,-295.0,-4300.0
887389104,Sold Out,TIMKEN CO,2517.0,50500.0,,,,
28035Q102,Sold Out,EDGEWELL PERS CARE CO,365.0,7900.0,,,,
45168D104,Sold Out,IDEXX LABS INC,8040.0,32200.0,,,,
929160109,Not New,VULCAN MATLS CO,682.0,6900.0,1301.0,11700.0,619.0,4800.0
461202103,Sold Out,INTUIT,1253.0,5510.0,,,,
56418H100,Not New,MANPOWERGROUP INC,1142.0,17624.0,1186.0,13800.0,44.0,-3824.0
524660107,Sold Out,LEGGETT & PLATT INC,355.0,8100.0,,,,
30219E103,New Holding,EXPRESS INC,,,248.0,48600.0,,
743187106,New Holding,PROGENICS PHARMACEUTICALS IN,,,159.0,37918.0,,
194162103,Not New,COLGATE PALMOLIVE CO,12585.0,211433.0,449.0,6700.0,-12136.0,-204733.0
109696104,New Holding,BRINKS CO,,,447.0,6912.0,,
92936U109,Sold Out,W P CAREY INC,225.0,3500.0,,,,
90184L102,Not New,TWITTER INC,1424.0,49530.0,250.0,8800.0,-1174.0,-40730.0
45073V108,Sold Out,ITT INC,11704.0,191034.0,,,,
46062X204,Not New,INTERPACE DIAGNOSTICS GROUP,640.0,800000.0,1540.0,1000000.0,900.0,200000.0
703343103,New Holding,PATRICK INDS INC,,,203.0,6849.0,,
053611109,Sold Out,AVERY DENNISON CORP,1616.0,14913.0,,,,
00971T101,New Holding,AKAMAI TECHNOLOGIES INC,,,2890.0,47310.0,,
092113109,New Holding,BLACK HILLS CORP,,,1279.0,20374.0,,
775711104,Not New,ROLLINS INC,2439.0,67564.0,1156.0,19054.0,-1283.0,-48510.0
632307104,New Holding,NATERA INC,,,162.0,11600.0,,
81619Q105,Not New,SELECT MED HLDGS CORP,2202.0,143436.0,3465.0,188300.0,1263.0,44864.0
371532102,Not New,GENESCO INC,474.0,10700.0,254.0,5400.0,-220.0,-5300.0
88076W103,Not New,TERADATA CORP DEL,588.0,15318.0,324.0,8600.0,-264.0,-6718.0
127686103,Not New,CAESARS ENTMT CORP,370.0,54521.0,5216.0,508900.0,4846.0,454379.0
87918A105,New Holding,TELADOC HEALTH INC,,,5596.0,112900.0,,
693656100,Not New,PVH CORP,3441.0,37024.0,7292.0,50500.0,3851.0,13476.0
16411R208,New Holding,CHENIERE ENERGY INC,,,23040.0,389263.0,,
912008109,New Holding,US FOODS HLDG CORP,,,1088.0,34400.0,,
691497309,New Holding,OXFORD INDS INC,,,383.0,5400.0,,
889478103,Sold Out,TOLL BROTHERS INC,852.0,25800.0,,,,
731094108,Not New,POLARITYTE INC,1543.0,114400.0,7444.0,389700.0,5901.0,275300.0
28414H103,New Holding,ELANCO ANIMAL HEALTH INC,,,35.0,50000.0,,
92857W308,Not New,VODAFONE GROUP PLC NEW,3564.0,184843.0,742.0,34200.0,-2822.0,-150643.0
30040P103,Sold Out,EVERTEC INC,229.0,9500.0,,,,
55608B105,Sold Out,MACQUARIE INFRASTRUCTURE COR,466.0,10100.0,,,,
192422103,Sold Out,COGNEX CORP,1396.0,25000.0,,,,
48242W106,Not New,KBR INC,2419.0,159400.0,2741.0,129700.0,322.0,-29700.0
92189F676,Sold Out,VANECK VECTORS ETF TR,3789.0,35590.0,,,,
98419M100,Sold Out,XYLEM INC,427.0,5342.0,,,,
05465P101,New Holding,AXONICS MODULATION TECH INC,,,435.0,28800.0,,
198516106,Not New,COLUMBIA SPORTSWEAR CO,2965.0,35261.0,382.0,4100.0,-2583.0,-31161.0
60877T100,New Holding,MOMENTA PHARMACEUTICALS INC,,,2543.0,230346.0,,
237194105,Not New,DARDEN RESTAURANTS INC,8577.0,85888.0,5793.0,52100.0,-2784.0,-33788.0
72581M305,New Holding,PIXELWORKS INC,,,38.0,12956.0,,
565849106,Not New,MARATHON OIL CORP,322.0,22418.0,950.0,40800.0,628.0,18382.0
N33462107,New Holding,FRANKS INTL N V,,,476.0,91200.0,,
141337105,Sold Out,CARBONITE INC,223.0,6250.0,,,,
359694106,Sold Out,FULLER H B CO,667.0,12900.0,,,,
920253101,Not New,VALMONT INDS INC,1564.0,14090.0,1842.0,13300.0,278.0,-790.0
126408103,Not New,CSX CORP,4702.0,75680.0,15842.0,213943.0,11140.0,138263.0
040047607,Sold Out,ARENA PHARMACEUTICALS INC,2991.0,65000.0,,,,
724479100,New Holding,PITNEY BOWES INC,,,77.0,13004.0,,
98954M200,Not New,ZILLOW GROUP INC,898.0,28448.0,332.0,7500.0,-566.0,-20948.0
67018T105,Sold Out,NU SKIN ENTERPRISES INC,387.0,4700.0,,,,
981475106,New Holding,WORLD FUEL SVCS CORP,,,265.0,12400.0,,
92343V104,Sold Out,VERIZON COMMUNICATIONS INC,1850.0,34654.0,,,,
82982L103,Not New,SITEONE LANDSCAPE SUPPLY INC,425.0,7692.0,7323.0,97200.0,6898.0,89508.0
867914103,New Holding,SUNTRUST BKS INC,,,566.0,11220.0,,
22163N106,Not New,COTT CORP QUE,7135.0,511800.0,6775.0,419500.0,-360.0,-92300.0
45031U101,New Holding,ISTAR INC,,,575.0,62704.0,,
208242107,New Holding,CONNS INC,,,374.0,19800.0,,
G8250R103,Not New,SOCIAL CAP HEDOSOPHIA HLDGS,4000.0,399999.0,3964.0,399999.0,-36.0,0.0
536797103,Not New,LITHIA MTRS INC,1893.0,24791.0,2426.0,29700.0,533.0,4909.0
05350V106,Sold Out,AVANOS MED INC,7131.0,104100.0,,,,
292505104,New Holding,ENCANA CORP,,,1409.0,243800.0,,
00289Y107,New Holding,ABEONA THERAPEUTICS INC,,,1522.0,213100.0,,
025816109,Not New,AMERICAN EXPRESS CO,3155.0,33100.0,1139.0,10700.0,-2016.0,-22400.0
57665R106,Not New,MATCH GROUP INC,278.0,6500.0,554.0,9559.0,276.0,3059.0
515098101,Sold Out,LANDSTAR SYS INC,939.0,7697.0,,,,
40425J101,New Holding,HMS HLDGS CORP,,,461.0,16379.0,,
74139C102,New Holding,PRETIUM RES INC,,,333.0,39447.0,,
06652N107,Sold Out,BANK7 CORP,1290.0,67000.0,,,,
174610105,Not New,CITIZENS FINL GROUP INC,3528.0,118676.0,2048.0,53100.0,-1480.0,-65576.0
21871D103,New Holding,CORELOGIC INC,,,461.0,13800.0,,
084670702,Sold Out,BERKSHIRE HATHAWAY INC DEL,214.0,1000.0,,,,
37637Q105,New Holding,GLACIER BANCORP INC NEW,,,397.0,10011.0,,
701094104,New Holding,PARKER HANNIFIN CORP,,,331.0,2217.0,,
957638109,Not New,WESTERN ALLIANCE BANCORP,2303.0,58320.0,2532.0,44500.0,229.0,-13820.0
923725105,New Holding,VERMILION ENERGY INC,,,480.0,22779.0,,
766559603,New Holding,RIGEL PHARMACEUTICALS INC,,,76.0,32867.0,,
30214U102,New Holding,EXPONENT INC,,,320.0,6303.0,,
011659109,New Holding,ALASKA AIR GROUP INC,,,9000.0,147900.0,,
101119105,Sold Out,BOSTON PRIVATE FINL HLDGS IN,280.0,20500.0,,,,
81369Y308,New Holding,SELECT SECTOR SPDR TR,,,17854.0,351598.0,,
531229409,Sold Out,LIBERTY MEDIA CORP DELAWARE,947.0,21800.0,,,,
231021106,Sold Out,CUMMINS INC,1037.0,7100.0,,,,
M2682V108,Not New,CYBERARK SOFTWARE LTD,786.0,10600.0,816.0,10218.0,30.0,-382.0
654106103,New Holding,NIKE INC,,,8326.0,112300.0,,
30734W117,Not New,FAR PT ACQUISITION CORP,953.0,733333.0,1210.0,733333.0,257.0,0.0
165240102,New Holding,CHESAPEAKE LODGING TR,,,265.0,10900.0,,
773903109,Not New,ROCKWELL AUTOMATION INC,4035.0,26814.0,1688.0,9000.0,-2347.0,-17814.0
185575107,New Holding,CLEMENTIA PHARMACEUTICALS IN,,,2470.0,210000.0,,
08160H101,New Holding,BENCHMARK ELECTRS INC,,,264.0,12500.0,,
83570H108,New Holding,SONOS INC,,,365.0,37203.0,,
38286G208,Not New,GORES HOLDINGS III INC,5071.0,504600.0,5152.0,504600.0,81.0,0.0
28249H104,Sold Out,EIDOS THERAPEUTICS INC,100.0,10000.0,,,,
058498106,New Holding,BALL CORP,,,5762.0,125306.0,,
985817105,Sold Out,YELP INC,7424.0,150900.0,,,,
574795100,New Holding,MASIMO CORP,,,4419.0,41163.0,,
04247X102,Sold Out,ARMSTRONG WORLD INDS INC NEW,383.0,5500.0,,,,
26884U109,New Holding,EPR PPTYS,,,205.0,3200.0,,
98887Q104,Not New,ZAI LAB LTD,1943.0,83684.0,3304.0,169600.0,1361.0,85916.0
00846U101,Not New,AGILENT TECHNOLOGIES INC,1666.0,24700.0,2116.0,30000.0,450.0,5300.0
N72482123,Not New,QIAGEN NV,407.0,11826.0,223.0,5900.0,-184.0,-5926.0
75901B107,Sold Out,REGENXBIO INC,1941.0,25700.0,,,,
G48833100,New Holding,WEATHERFORD INTL PLC,,,35.0,62329.0,,
55277P104,New Holding,MGE ENERGY INC,,,217.0,3612.0,,
720795103,Not New,PIERIS PHARMACEUTICALS INC,399.0,150000.0,2240.0,400000.0,1841.0,250000.0
546347105,Not New,LOUISIANA PAC CORP,402.0,18110.0,744.0,28100.0,342.0,9990.0
629377508,Sold Out,NRG ENERGY INC,5536.0,148000.0,,,,
87336U105,Not New,TABLEAU SOFTWARE INC,8436.0,70300.0,756.0,6763.0,-7680.0,-63537.0
384637104,Not New,GRAHAM HLDGS CO,769.0,1200.0,695.0,1200.0,-74.0,0.0
875372203,Not New,TANDEM DIABETES CARE INC,8808.0,231987.0,35526.0,829264.0,26718.0,597277.0
200340107,New Holding,COMERICA INC,,,370.0,5385.0,,
31421V115,Not New,FEDERAL STR ACQUISITION CORP,375.0,500000.0,725.0,500000.0,350.0,0.0
784305104,New Holding,SJW GROUP,,,13328.0,239612.0,,
78486Q101,Not New,SVB FINL GROUP,6974.0,36718.0,3077.0,9900.0,-3897.0,-26818.0
68268W103,Not New,ONEMAIN HLDGS INC,541.0,22295.0,958.0,28500.0,417.0,6205.0
731068102,New Holding,POLARIS INDS INC,,,1135.0,14809.0,,
031100100,Not New,AMETEK INC NEW,1226.0,18107.0,404.0,5100.0,-822.0,-13007.0
302635107,New Holding,FS KKR CAPITAL CORP,,,68.0,13200.0,,
78454L100,Sold Out,SM ENERGY CO,325.0,10300.0,,,,
98936J101,Not New,ZENDESK INC,5518.0,94523.0,267.0,3754.0,-5251.0,-90769.0
59001K100,Sold Out,MERITOR INC,232.0,12000.0,,,,
58155Q103,Not New,MCKESSON CORP,2207.0,19979.0,1711.0,12900.0,-496.0,-7079.0
42226A107,Not New,HEALTHEQUITY INC,2595.0,43500.0,1794.0,19000.0,-801.0,-24500.0
87971M103,Not New,TELUS CORP,203.0,6130.0,829.0,22500.0,626.0,16370.0
03152W109,New Holding,AMICUS THERAPEUTICS INC,,,680.0,71000.0,,
G5876H105,New Holding,MARVELL TECHNOLOGY GROUP LTD,,,203.0,12500.0,,
89679E300,New Holding,TRIUMPH BANCORP INC,,,300.0,10099.0,,
23334L102,Sold Out,DSW INC,2494.0,73600.0,,,,
68213N109,New Holding,OMNICELL INC,,,683.0,11161.0,,
03761U502,New Holding,APOLLO INVT CORP,,,1249.0,100700.0,,
V7780T103,Not New,ROYAL CARIBBEAN CRUISES LTD,12498.0,127800.0,20905.0,160879.0,8407.0,33079.0
911363109,Not New,UNITED RENTALS INC,22969.0,224021.0,6528.0,39900.0,-16441.0,-184121.0
902252105,New Holding,TYLER TECHNOLOGIES INC,,,408.0,2198.0,,
038222105,Not New,APPLIED MATLS INC,2740.0,83700.0,704.0,18200.0,-2036.0,-65500.0
014339105,Not New,ALDER BIOPHARMACEUTICALS INC,3810.0,371700.0,5889.0,353700.0,2079.0,-18000.0
80874P109,New Holding,SCIENTIFIC GAMES CORP,,,1372.0,76700.0,,
450828108,Not New,IBERIABANK CORP,1279.0,19900.0,724.0,8900.0,-555.0,-11000.0
589889104,Not New,MERIT MED SYS INC,1837.0,32912.0,2016.0,32800.0,179.0,-112.0
628852204,Not New,NCI BUILDING SYS INC,89.0,12250.0,217.0,14300.0,128.0,2050.0
88706P205,New Holding,TIM PARTICIPACOES S A,,,440.0,28690.0,,
02209S103,Sold Out,ALTRIA GROUP INC,489.0,8100.0,,,,
02209S103,Sold Out,ALTRIA GROUP INC,75.0,25000.0,,,,
558868105,Not New,MADRIGAL PHARMACEUTICALS INC,3483.0,30900.0,12827.0,59900.0,9344.0,29000.0
719405102,New Holding,PHOTRONICS INC,,,312.0,32208.0,,
880349105,New Holding,TENNECO INC,,,280.0,10212.0,,
881569107,Not New,TESARO INC,339.0,4558.0,4416.0,113200.0,4077.0,108642.0
74165N105,New Holding,PRIMO WTR CORP,,,154.0,10938.0,,
880770102,Not New,TERADYNE INC,3289.0,104803.0,1254.0,33900.0,-2035.0,-70903.0
125269100,New Holding,CF INDS HLDGS INC,,,487.0,11199.0,,
303075105,New Holding,FACTSET RESH SYS INC,,,2241.0,11200.0,,
01748X102,New Holding,ALLEGIANT TRAVEL CO,,,1614.0,16101.0,,
03076K108,Not New,AMERIS BANCORP,250.0,7900.0,2818.0,61667.0,2568.0,53767.0
03748R101,New Holding,APARTMENT INVT & MGMT CO,,,408.0,9300.0,,
00183L102,New Holding,ANGI HOMESERVICES INC,,,1946.0,121046.0,,
G16962105,Not New,BUNGE LIMITED,847.0,15845.0,2638.0,38400.0,1791.0,22555.0
31421V107,Not New,FEDERAL STR ACQUISITION CORP,6138.0,600000.0,10110.0,1000000.0,3972.0,400000.0
62944T105,New Holding,NVR INC,,,3105.0,1274.0,,
11133T103,New Holding,BROADRIDGE FINL SOLUTIONS IN,,,1136.0,11800.0,,
29355X107,New Holding,ENPRO INDS INC,,,379.0,6319.0,,
83001A102,New Holding,SIX FLAGS ENTMT CORP NEW,,,605.0,10878.0,,
40171V100,Sold Out,GUIDEWIRE SOFTWARE INC,1030.0,10200.0,,,,
70432V102,New Holding,PAYCOM SOFTWARE INC,,,1292.0,10549.0,,
458118106,Sold Out,INTEGRATED DEVICE TECHNOLOGY,597.0,12700.0,,,,
021369103,New Holding,ALTAIR ENGR INC,,,299.0,10857.0,,
02043Q107,Not New,ALNYLAM PHARMACEUTICALS INC,1094.0,15000.0,5820.0,66500.0,4726.0,51500.0
393222104,New Holding,GREEN PLAINS INC,,,159.0,12100.0,,
548661107,Not New,LOWES COS INC,951.0,10295.0,18474.0,160900.0,17523.0,150605.0
45784P101,Sold Out,INSULET CORP,3190.0,30100.0,,,,
49926D109,Not New,KNOWLES CORP,330.0,24800.0,404.0,24300.0,74.0,-500.0
32051X108,Not New,FIRST HAWAIIAN INC,628.0,27900.0,549.0,20200.0,-79.0,-7700.0
34959J207,Sold Out,FORTIVE CORP,46.0,1850000.0,,,,
H2906T109,Not New,GARMIN LTD,1223.0,19301.0,1625.0,23200.0,402.0,3899.0
824889109,New Holding,SHOE CARNIVAL INC,,,463.0,13811.0,,
13057Q206,Not New,CALIFORNIA RES CORP,363.0,21300.0,286.0,5900.0,-77.0,-15400.0
01741R102,Sold Out,ALLEGHENY TECHNOLOGIES INC,229.0,150000.0,,,,
G6095L109,Not New,APTIV PLC,1238.0,20100.0,503.0,6000.0,-735.0,-14100.0
36467W109,New Holding,GAMESTOP CORP NEW,,,5716.0,452927.0,,
222070203,Sold Out,COTY INC,1174.0,93500.0,,,,
879360105,New Holding,TELEDYNE TECHNOLOGIES INC,,,1857.0,8965.0,,
40054A108,New Holding,GRUPO SUPERVIELLE S A,,,597.0,68785.0,,
31816Q101,New Holding,FIREEYE INC,,,1772.0,109339.0,,
690370101,Not New,OVERSTOCK COM INC DEL,1696.0,124900.0,7066.0,255100.0,5370.0,130200.0
950755108,New Holding,WERNER ENTERPRISES INC,,,825.0,27938.0,,
83190B101,New Holding,SMART & FINAL STORES INC,,,147.0,31068.0,,
816851109,Not New,SEMPRA ENERGY,945.0,8730.0,1652.0,14520.0,707.0,5790.0
N3167Y103,Not New,FERRARI N V,668.0,6721.0,8283.0,60500.0,7615.0,53779.0
03073E105,New Holding,AMERISOURCEBERGEN CORP,,,1787.0,24013.0,,
177376100,Not New,CITRIX SYS INC,2131.0,20800.0,9505.0,85500.0,7374.0,64700.0
127190304,Not New,CACI INTL INC,533.0,3700.0,620.0,3366.0,87.0,-334.0
715347100,Not New,PERSPECTA INC,182.0,10568.0,231.0,9000.0,49.0,-1568.0
60468T105,Not New,MIRATI THERAPEUTICS INC,3856.0,90900.0,2567.0,54500.0,-1289.0,-36400.0
46145F105,Sold Out,INVESTMENT TECHNOLOGY GRP NE,254.0,11700.0,,,,
55261F104,Not New,M & T BK CORP,4999.0,34929.0,3340.0,20300.0,-1659.0,-14629.0
02079K107,Sold Out,ALPHABET INC,1074.0,900.0,,,,
018581108,Not New,ALLIANCE DATA SYSTEMS CORP,5044.0,33612.0,874.0,3700.0,-4170.0,-29912.0
74587V107,Not New,PUMA BIOTECHNOLOGY INC,827.0,40654.0,243.0,5300.0,-584.0,-35354.0
91912E105,Sold Out,VALE S A,5419.0,365200.0,,,,
94106B101,Not New,WASTE CONNECTIONS INC,602.0,8100.0,1141.0,14300.0,539.0,6200.0
159864107,Not New,CHARLES RIV LABS INTL INC,3707.0,32743.0,2859.0,21252.0,-848.0,-11491.0
01973R101,Not New,ALLISON TRANSMISSION HLDGS I,250.0,5700.0,1251.0,24051.0,1001.0,18351.0
89417E109,New Holding,TRAVELERS COMPANIES INC,,,983.0,8204.0,,
699374302,Sold Out,PARATEK PHARMACEUTICALS INC,825.0,85000.0,,,,
784635104,Not New,SPX CORP,727.0,25927.0,333.0,10000.0,-394.0,-15927.0
631103108,New Holding,NASDAQ INC,,,575.0,7044.0,,
76169B102,Not New,REXNORD CORP NEW,362.0,15771.0,7204.0,233896.0,6842.0,218125.0
388689101,New Holding,GRAPHIC PACKAGING HLDG CO,,,3778.0,355111.0,,
92552V100,New Holding,VIASAT INC,,,595.0,10095.0,,
03965L100,Not New,ARCONIC INC,8901.0,527900.0,1165.0,52900.0,-7736.0,-475000.0
03965L100,Not New,ARCONIC INC,8901.0,527900.0,366.0,262500.0,-8535.0,-265400.0
052769106,Not New,AUTODESK INC,220.0,1707.0,1702.0,10900.0,1482.0,9193.0
760759100,Not New,REPUBLIC SVCS INC,234.0,3244.0,225.0,3100.0,-9.0,-144.0
60786M105,Sold Out,MOELIS & CO,1085.0,19800.0,,,,
917047102,Not New,URBAN OUTFITTERS INC,2447.0,73698.0,372.0,9100.0,-2075.0,-64598.0
681116109,Not New,OLLIES BARGAIN OUTLT HLDGS I,1922.0,28901.0,4132.0,43000.0,2210.0,14099.0
291011104,New Holding,EMERSON ELEC CO,,,6608.0,110583.0,,
00766T100,New Holding,AECOM,,,862.0,32535.0,,
09228F103,New Holding,BLACKBERRY LTD,,,2723.0,382900.0,,
30734W109,Not New,FAR PT ACQUISITION CORP,11580.0,1199999.0,21191.0,2199999.0,9611.0,1000000.0
835898107,New Holding,SOTHEBYS,,,527.0,13243.0,,
G02602103,Sold Out,AMDOCS LTD,6455.0,97832.0,,,,
874054109,Not New,TAKE-TWO INTERACTIVE SOFTWAR,16933.0,164497.0,22548.0,163400.0,5615.0,-1097.0
31847R102,Sold Out,FIRST AMERN FINL CORP,2708.0,52500.0,,,,
126650100,New Holding,CVS HEALTH CORP,,,7247.0,110594.0,,
707569109,Not New,PENN NATL GAMING INC,819.0,43468.0,8418.0,255700.0,7599.0,212232.0
09857L108,New Holding,BOOKING HLDGS INC,,,1607.0,933.0,,
N00985106,Not New,AERCAP HOLDINGS NV,499.0,12600.0,569.0,9900.0,70.0,-2700.0
74762E102,Not New,QUANTA SVCS INC,676.0,22462.0,2053.0,61500.0,1377.0,39038.0
00507V109,Not New,ACTIVISION BLIZZARD INC,3042.0,65300.0,10356.0,124497.0,7314.0,59197.0
00507V109,Not New,ACTIVISION BLIZZARD INC,3042.0,65300.0,481.0,50000.0,-2561.0,-15300.0
G0176J109,Not New,ALLEGION PUB LTD CO,3084.0,38700.0,328.0,3618.0,-2756.0,-35082.0
053807103,Not New,AVNET INC,4257.0,117930.0,3322.0,74200.0,-935.0,-43730.0
G47567105,Not New,IHS MARKIT LTD,451.0,9400.0,3962.0,73423.0,3511.0,64023.0
209034107,New Holding,CONSOLIDATED COMM HLDGS INC,,,117.0,11800.0,,
84833T103,Sold Out,SPERO THERAPEUTICS INC,526.0,50000.0,,,,
67576A100,New Holding,OCULAR THERAPEUTIX INC,,,60.0,15146.0,,
81762P102,Sold Out,SERVICENOW INC,8102.0,41414.0,,,,
88023U101,Not New,TEMPUR SEALY INTL INC,2104.0,50810.0,3830.0,72400.0,1726.0,21590.0
929566107,New Holding,WABASH NATL CORP,,,295.0,22603.0,,
172967424,Not New,CITIGROUP INC,4791.0,92028.0,7066.0,98500.0,2275.0,6472.0
17142R111,New Holding,CHURCHILL CAP CORP,,,870.0,1000000.0,,
217204106,Sold Out,COPART INC,547.0,10630.0,,,,
808625107,Not New,SCIENCE APPLICATNS INTL CP N,984.0,15442.0,1193.0,14800.0,209.0,-642.0
149150104,Sold Out,CATHAY GEN BANCORP,704.0,17000.0,,,,
81374A105,New Holding,SECUREWORKS CORP,,,193.0,11431.0,,
854502101,New Holding,STANLEY BLACK & DECKER INC,,,16100.0,134462.0,,
023436108,New Holding,AMEDISYS INC,,,403.0,3440.0,,
453038408,New Holding,IMPERIAL OIL LTD,,,617.0,24365.0,,
00090Q103,Sold Out,ADT INC,341.0,36295.0,,,,
02079K305,Not New,ALPHABET INC,1515.0,1450.0,2546.0,2109.0,1031.0,659.0
55272X102,New Holding,MFA FINL INC,,,563.0,84213.0,,
651229106,New Holding,NEWELL BRANDS INC,,,213.0,11473.0,,
784117103,Not New,SEI INVESTMENTS CO,2112.0,45714.0,690.0,11300.0,-1422.0,-34414.0
90338N202,Sold Out,US XPRESS ENTERPRISES INC,4060.0,294221.0,,,,
918204108,Not New,V F CORP,547.0,7669.0,645.0,6900.0,98.0,-769.0
410120109,Sold Out,HANCOCK WHITNEY CORPORATION,884.0,18600.0,,,,
09073M104,Not New,BIO TECHNE CORP,921.0,6359.0,637.0,3122.0,-284.0,-3237.0
020002101,Not New,ALLSTATE CORP,293.0,3551.0,1796.0,18200.0,1503.0,14649.0
05070R104,New Holding,AUDENTES THERAPEUTICS INC,,,1081.0,50700.0,,
98585N106,New Holding,YEXT INC,,,271.0,18300.0,,
17142R103,New Holding,CHURCHILL CAP CORP,,,19100.0,2000000.0,,
69370C100,New Holding,PTC INC,,,274.0,3300.0,,
608550109,Not New,MOLECULAR TEMPLATES INC,606.0,150000.0,838.0,155300.0,232.0,5300.0
46185L103,New Holding,INVITAE CORP,,,1071.0,96883.0,,
983793100,Not New,XPO LOGISTICS INC,4743.0,179912.0,8369.0,73300.0,3626.0,-106612.0
005125109,Sold Out,ACXIOM HOLDINGS INC,30.0,20000.0,,,,
156431108,Sold Out,CENTURY ALUM CO,4008.0,334800.0,,,,
245077102,New Holding,DEL FRISCOS RESTAURANT GROUP,,,509.0,71300.0,,
92840M102,New Holding,VISTRA ENERGY CORP,,,18845.0,823274.0,,
665859104,Not New,NORTHERN TR CORP,4224.0,50526.0,3595.0,35200.0,-629.0,-15326.0
904311107,New Holding,UNDER ARMOUR INC,,,678.0,38323.0,,
949090104,Sold Out,WELBILT INC,5458.0,261385.0,,,,
33812L102,New Holding,FITBIT INC,,,128.0,25900.0,,
649445103,New Holding,NEW YORK CMNTY BANCORP INC,,,174.0,18500.0,,
78377T107,Not New,RYMAN HOSPITALITY PPTYS INC,700.0,10499.0,1792.0,20800.0,1092.0,10301.0
92532F100,Not New,VERTEX PHARMACEUTICALS INC,7688.0,46391.0,4587.0,23800.0,-3101.0,-22591.0
737010108,Not New,PORTOLA PHARMACEUTICALS INC,2135.0,109400.0,1537.0,57700.0,-598.0,-51700.0
071813109,Not New,BAXTER INTL INC,4029.0,61200.0,9251.0,120000.0,5222.0,58800.0
92346J108,Not New,VERICEL CORP,4089.0,235000.0,5259.0,371600.0,1170.0,136600.0
219350105,New Holding,CORNING INC,,,1373.0,45449.0,,
32020R109,New Holding,FIRST FINL BANKSHARES,,,237.0,4107.0,,
35671D857,Sold Out,FREEPORT-MCMORAN INC,205.0,14700.0,,,,
92645B103,Sold Out,VICTORY CAP HLDGS INC,883.0,92580.0,,,,
31620M106,Not New,FIDELITY NATL INFORMATION SV,1238.0,12070.0,1538.0,14100.0,300.0,2030.0
90214J101,New Holding,2U INC,,,438.0,8810.0,,
80689H102,Not New,SCHNEIDER NATIONAL INC,471.0,25207.0,328.0,13116.0,-143.0,-12091.0
61945C103,New Holding,MOSAIC CO NEW,,,11203.0,383500.0,,
670346105,Not New,NUCOR CORP,4972.0,95960.0,273.0,4300.0,-4699.0,-91660.0
109194100,New Holding,BRIGHT HORIZONS FAM SOL IN D,,,323.0,2900.0,,
704326107,New Holding,PAYCHEX INC,,,8622.0,132340.0,,
151020104,Not New,CELGENE CORP,11735.0,183100.0,1557.0,17400.0,-10178.0,-165700.0
910047109,Not New,UNITED CONTL HLDGS INC,1636.0,19538.0,5255.0,59000.0,3619.0,39462.0
42330P107,New Holding,HELIX ENERGY SOLUTIONS GRP I,,,88.0,16300.0,,
609839105,New Holding,MONOLITHIC PWR SYS INC,,,845.0,7270.0,,
949746101,Sold Out,WELLS FARGO CO NEW,9786.0,186190.0,,,,
81761R109,Not New,SERVICEMASTER GLOBAL HLDGS I,2092.0,56934.0,10459.0,168600.0,8367.0,111666.0
431571108,New Holding,HILLENBRAND INC,,,334.0,8800.0,,
697435105,Not New,PALO ALTO NETWORKS INC,5462.0,29000.0,1261.0,5600.0,-4201.0,-23400.0
676220106,New Holding,OFFICE DEPOT INC,,,515.0,199692.0,,
260003108,Not New,DOVER CORP,19149.0,269900.0,779.0,8800.0,-18370.0,-261100.0
294628102,Not New,EQUITY COMWLTH,4096.0,136500.0,1899.0,59200.0,-2197.0,-77300.0
37244C101,New Holding,GENOMIC HEALTH INC,,,1037.0,16100.0,,
531229607,Sold Out,LIBERTY MEDIA CORP DELAWARE,1030.0,23700.0,,,,
33616C100,Sold Out,FIRST REP BK SAN FRANCISCO C,4800.0,50000.0,,,,
192446102,Sold Out,COGNIZANT TECHNOLOGY SOLUTIO,278.0,3600.0,,,,
26483E100,Sold Out,DUN & BRADSTREET CORP DEL NE,556.0,3900.0,,,,
830566105,New Holding,SKECHERS U S A INC,,,278.0,12158.0,,
64110L106,Sold Out,NETFLIX INC,4895.0,13084.0,,,,
535555106,Not New,LINDSAY CORP,491.0,5100.0,411.0,4100.0,-80.0,-1000.0
84763A108,Sold Out,SPECTRUM PHARMACEUTICALS INC,249.0,14800.0,,,,
808513105,Not New,SCHWAB CHARLES CORP NEW,303.0,7300.0,374.0,7600.0,71.0,300.0
82028K200,Sold Out,SHAW COMMUNICATIONS INC,234.0,12000.0,,,,
218681104,New Holding,CORE MARK HOLDING CO INC,,,270.0,11600.0,,
637870106,Sold Out,NATIONAL STORAGE AFFILIATES,2791.0,109700.0,,,,
05550J101,Sold Out,BJS WHSL CLUB HLDGS INC,11850.0,442500.0,,,,
Y95308105,Not New,WAVE LIFE SCIENCES LTD,841.0,20000.0,1000.0,20000.0,159.0,0.0
79546E104,New Holding,SALLY BEAUTY HLDGS INC,,,1006.0,59010.0,,
729132100,New Holding,PLEXUS CORP,,,678.0,13281.0,,
37890U108,Sold Out,GLOBAL BLOOD THERAPEUTICS IN,433.0,11400.0,,,,
743312100,New Holding,PROGRESS SOFTWARE CORP,,,220.0,6200.0,,
899896104,New Holding,TUPPERWARE BRANDS CORP,,,594.0,18834.0,,
377322102,Sold Out,GLAUKOS CORP,6983.0,107600.0,,,,
007800105,Sold Out,AEROJET ROCKETDYNE HLDGS INC,224.0,6600.0,,,,
G18920101,Not New,CAPITOL INVT CORP IV,5997.0,600000.0,5949.0,600000.0,-48.0,0.0
28849P100,Sold Out,ELLIE MAE INC,294.0,3100.0,,,,
539830109,New Holding,LOCKHEED MARTIN CORP,,,471.0,1800.0,,
92240M108,New Holding,VECTOR GROUP LTD,,,172.0,17659.0,,
462684101,Sold Out,IRIDEX CORP,794.0,125000.0,,,,
00817Y108,Sold Out,AETNA INC NEW,2170.0,10700.0,,,,
626717102,Not New,MURPHY OIL CORP,282.0,12068.0,226.0,6800.0,-56.0,-5268.0
044186104,Not New,ASHLAND GLOBAL HLDGS INC,1909.0,26900.0,797.0,9500.0,-1112.0,-17400.0
7591EP100,New Holding,REGIONS FINL CORP NEW,,,4319.0,322836.0,,
489170100,Sold Out,KENNAMETAL INC,2047.0,47000.0,,,,
30225T102,Not New,EXTRA SPACE STORAGE INC,344.0,3800.0,225.0,2600.0,-119.0,-1200.0
77313F106,Not New,ROCKET PHARMACEUTICALS INC,1514.0,102200.0,616.0,25000.0,-898.0,-77200.0
124857202,New Holding,CBS CORP NEW,,,1001.0,22900.0,,
984017103,Not New,XENIA HOTELS & RESORTS INC,1248.0,72551.0,896.0,37800.0,-352.0,-34751.0
868168105,New Holding,SUPERIOR INDS INTL INC,,,158.0,32976.0,,
91359V107,New Holding,UNIVERSAL INS HLDGS INC,,,483.0,12736.0,,
727493108,Not New,PLANTRONICS INC NEW,1371.0,41400.0,1646.0,27300.0,275.0,-14100.0
105368203,Sold Out,BRANDYWINE RLTY TR,195.0,12400.0,,,,
859241101,New Holding,STERLING CONSTRUCTION CO INC,,,204.0,18722.0,,
093712107,New Holding,BLOOM ENERGY CORP,,,381.0,38200.0,,
G8250R129,Not New,SOCIAL CAP HEDOSOPHIA HLDGS,312.0,433333.0,464.0,433333.0,152.0,0.0
750469207,Sold Out,RADIUS HEALTH INC,216.0,12100.0,,,,
608190104,Sold Out,MOHAWK INDS INC,1122.0,6400.0,,,,
74736L109,New Holding,Q2 HLDGS INC,,,380.0,7672.0,,
983134107,Not New,WYNN RESORTS LTD,3545.0,35832.0,21430.0,168661.0,17885.0,132829.0
695127100,New Holding,PACIRA PHARMACEUTICALS INC,,,4259.0,99011.0,,
974155103,Not New,WINGSTOP INC,441.0,6869.0,580.0,8500.0,139.0,1631.0
74164F103,New Holding,PRIMORIS SVCS CORP,,,326.0,17046.0,,
09062X103,Sold Out,BIOGEN INC,248.0,702.0,,,,
N97284108,New Holding,YANDEX N V,,,593.0,21700.0,,
30161Q104,Not New,EXELIXIS INC,984.0,50000.0,5358.0,302400.0,4374.0,252400.0
30161Q104,Not New,EXELIXIS INC,984.0,50000.0,253.0,100000.0,-731.0,50000.0
097488100,Sold Out,BOJANGLES INC,2041.0,130000.0,,,,
690768403,Sold Out,OWENS ILL INC,331.0,17600.0,,,,
580037703,Sold Out,MCDERMOTT INTL INC,5982.0,324600.0,,,,
69360J107,New Holding,PS BUSINESS PKS INC CALIF,,,311.0,2377.0,,
30212P303,Sold Out,EXPEDIA GROUP INC,966.0,7400.0,,,,
74112D101,New Holding,PRESTIGE CONSMR HEALTHCARE I,,,343.0,11086.0,,
87936R106,New Holding,TELEFONICA BRASIL SA,,,291.0,24407.0,,
960413102,Sold Out,WESTLAKE CHEM CORP,2186.0,26300.0,,,,
00123Q104,Not New,AGNC INVT CORP,349.0,19900.0,1487.0,79800.0,1138.0,59900.0
82621J105,Sold Out,SIENTRA INC,7546.0,316000.0,,,,
800363103,Not New,SANDY SPRING BANCORP INC,335.0,10699.0,255.0,6500.0,-80.0,-4199.0
G3198U102,Sold Out,ESSENT GROUP LTD,1880.0,42500.0,,,,
443510607,Not New,HUBBELL INC,1202.0,12100.0,1219.0,9125.0,17.0,-2975.0
15870P307,Not New,CHAMPIONS ONCOLOGY INC,1088.0,139300.0,2184.0,125000.0,1096.0,-14300.0
90400D108,Not New,ULTRAGENYX PHARMACEUTICAL IN,1460.0,33607.0,2763.0,36200.0,1303.0,2593.0
039653100,New Holding,ARCOSA INC,,,1243.0,44863.0,,
756577102,Sold Out,RED HAT INC,1103.0,8100.0,,,,
53220K504,Not New,LIGAND PHARMACEUTICALS INC,1357.0,10000.0,823.0,3000.0,-534.0,-7000.0
192005106,New Holding,CODEXIS INC,,,207.0,12400.0,,
534187109,New Holding,LINCOLN NATL CORP IND,,,787.0,15331.0,,
87166B102,Not New,SYNEOS HEALTH INC,3262.0,82897.0,5830.0,113100.0,2568.0,30203.0
024013104,New Holding,AMERICAN ASSETS TR INC,,,281.0,6993.0,,
55303J106,Sold Out,MGP INGREDIENTS INC NEW,332.0,4209.0,,,,
974637100,New Holding,WINNEBAGO INDS INC,,,1315.0,54307.0,,
92886T201,New Holding,VONAGE HLDGS CORP,,,362.0,41490.0,,
457730109,New Holding,INSPIRE MED SYS INC,,,7001.0,165700.0,,
04621X108,Not New,ASSURANT INC,5018.0,56100.0,421.0,3900.0,-4597.0,-52200.0
00206R102,Not New,AT&T INC,291.0,10197.0,1625.0,48394.0,1334.0,38197.0
65339F101,Not New,NEXTERA ENERGY INC,730.0,4200.0,6503.0,38800.0,5773.0,34600.0
407497106,Sold Out,HAMILTON LANE INC,2838.0,64088.0,,,,
372460105,Sold Out,GENUINE PARTS CO,1482.0,14900.0,,,,
90328M107,Not New,USANA HEALTH SCIENCES INC,524.0,4448.0,386.0,3200.0,-138.0,-1248.0
253031108,Not New,DICERNA PHARMACEUTICALS INC,918.0,85900.0,4247.0,278300.0,3329.0,192400.0
666807102,New Holding,NORTHROP GRUMMAN CORP,,,1200.0,4900.0,,
87612G101,New Holding,TARGA RES CORP,,,10856.0,301412.0,,
87612E106,Not New,TARGET CORP,376.0,5696.0,8503.0,96400.0,8127.0,90704.0
42805E306,Not New,HESKA CORP,594.0,6900.0,2175.0,19200.0,1581.0,12300.0
759509102,Not New,RELIANCE STEEL & ALUMINUM CO,1357.0,19074.0,742.0,8700.0,-615.0,-10374.0
64157F103,Sold Out,NEVRO CORP,348.0,6100.0,,,,
74758T303,Sold Out,QUALYS INC,327.0,3666.0,,,,
243537107,Sold Out,DECKERS OUTDOOR CORP,581.0,4900.0,,,,
29975E109,Sold Out,EVENTBRITE INC,380.0,10000.0,,,,
05368M106,Not New,AVID BIOSERVICES INC,2750.0,670700.0,4745.0,691700.0,1995.0,21000.0
698354107,Not New,PANDORA MEDIA INC,255.0,31500.0,379.0,39881.0,124.0,8381.0
876030107,Not New,TAPESTRY INC,835.0,24732.0,4368.0,86900.0,3533.0,62168.0
30040W108,Not New,EVERSOURCE ENERGY,2888.0,44397.0,1474.0,24000.0,-1414.0,-20397.0
811054402,New Holding,SCRIPPS E W CO OHIO,,,291.0,18467.0,,
891027104,New Holding,TORCHMARK CORP,,,1779.0,23876.0,,
90347A100,New Holding,UBIQUITI NETWORKS INC,,,1194.0,12008.0,,
168905107,New Holding,CHILDRENS PL INC,,,1281.0,14211.0,,
98978V103,New Holding,ZOETIS INC,,,517.0,6051.0,,
G89827128,New Holding,TPG PACE HLDGS CORP,,,12000.0,1200000.0,,
88688T100,Not New,TILRAY INC,204.0,2900.0,445.0,3100.0,241.0,200.0
50212V100,Not New,LPL FINL HLDGS INC,2596.0,42500.0,1271.0,19700.0,-1325.0,-22800.0
609207105,Not New,MONDELEZ INTL INC,12144.0,303364.0,9799.0,228100.0,-2345.0,-75264.0
635017106,New Holding,NATIONAL BEVERAGE CORP,,,225.0,3130.0,,
15957P105,Sold Out,CHARAH SOLUTIONS INC,1264.0,160000.0,,,,
46625H100,Sold Out,JPMORGAN CHASE & CO,3711.0,32889.0,,,,
125581801,New Holding,CIT GROUP INC,,,630.0,16474.0,,
679295105,Sold Out,OKTA INC,1115.0,15849.0,,,,
754907103,New Holding,RAYONIER INC,,,527.0,19042.0,,
78462F103,Not New,SPDR S&P 500 ETF TR,105693.0,422908.0,96749.0,332791.0,-8944.0,-90117.0
36164V305,New Holding,GCI LIBERTY INC,,,767.0,18637.0,,
294821608,Not New,ERICSSON,117.0,13200.0,226.0,25700.0,109.0,12500.0
023135106,Not New,AMAZON COM INC,2553.0,1700.0,11141.0,5562.0,8588.0,3862.0
30034W106,Not New,EVERGY INC,231.0,4061.0,1175.0,21400.0,944.0,17339.0
65343C102,New Holding,NEXTGEN HEALTHCARE INC,,,366.0,24076.0,,
682163100,New Holding,ON DECK CAP INC,,,182.0,30778.0,,
244199105,Not New,DEERE & CO,7728.0,51800.0,13755.0,91500.0,6027.0,39700.0
077454106,New Holding,BELDEN INC,,,246.0,5900.0,,
640491106,New Holding,NEOGEN CORP,,,358.0,6286.0,,
95058W100,New Holding,WENDYS CO,,,860.0,55121.0,,
742718109,Sold Out,PROCTER AND GAMBLE CO,721.0,8658.0,,,,
88554D205,Sold Out,3-D SYS CORP DEL,457.0,24200.0,,,,
045327103,New Holding,ASPEN TECHNOLOGY INC,,,2384.0,29000.0,,
19046P209,Sold Out,COASTAL FINL CORP WA,1164.0,68470.0,,,,
648691103,New Holding,NEW SR INVT GROUP INC,,,58.0,14157.0,,
032724106,Not New,ANAPTYSBIO INC,3808.0,59700.0,3961.0,39700.0,153.0,-20000.0
415864107,New Holding,HARSCO CORP,,,324.0,16313.0,,
862121100,New Holding,STORE CAP CORP,,,241.0,8508.0,,
G25839104,Not New,COCA COLA EUROPEAN PARTNERS,348.0,7600.0,573.0,12600.0,225.0,5000.0
817763105,Not New,SESEN BIO INC,1350.0,950354.0,1673.0,778100.0,323.0,-172254.0
85254J102,New Holding,STAG INDL INC,,,466.0,18730.0,,
G81477104,New Holding,SINA CORP,,,504.0,9398.0,,
78463M107,New Holding,SPS COMM INC,,,511.0,6213.0,,
668074305,Not New,NORTHWESTERN CORP,1297.0,21826.0,1349.0,23000.0,52.0,1174.0
22160N109,Sold Out,COSTAR GROUP INC,897.0,2132.0,,,,
29362U104,Sold Out,ENTEGRIS INC,1411.0,48751.0,,,,
413875105,Not New,HARRIS CORP DEL,11379.0,84506.0,855.0,5050.0,-10524.0,-79456.0
69924R108,New Holding,PARAMOUNT GROUP INC,,,139.0,11100.0,,
540424108,Sold Out,LOEWS CORP,8333.0,165900.0,,,,
95082P105,New Holding,WESCO INTL INC,,,417.0,8692.0,,
384313508,Sold Out,GRAFTECH INTL LTD,343.0,17600.0,,,,
H84989104,Not New,TE CONNECTIVITY LTD,766.0,10133.0,756.0,8600.0,-10.0,-1533.0
21036P108,Not New,CONSTELLATION BRANDS INC,12100.0,80237.0,30400.0,140987.0,18300.0,60750.0
874080104,Sold Out,TAL ED GROUP,288.0,11200.0,,,,
198287203,New Holding,COLUMBIA PPTY TR INC,,,1359.0,70202.0,,
40434L105,Not New,HP INC,12409.0,606500.0,11579.0,449300.0,-830.0,-157200.0
14040H105,Not New,CAPITAL ONE FINL CORP,460.0,6092.0,2620.0,27600.0,2160.0,21508.0
29476L107,Sold Out,EQUITY RESIDENTIAL,424.0,6400.0,,,,
25746U109,Sold Out,DOMINION ENERGY INC,1497.0,21300.0,,,,
235851102,Sold Out,DANAHER CORP DEL,3608.0,33200.0,,,,
369550108,New Holding,GENERAL DYNAMICS CORP,,,1064.0,6768.0,,
693475105,Not New,PNC FINL SVCS GROUP INC,5043.0,43140.0,1253.0,9200.0,-3790.0,-33940.0
