CUSIP,status,NAME OF ISSUER,(x$1000)_old,PRN AMT_old,(x$1000),PRN AMT,(x$1000)_change,PRN AMT_change
G66721104,Not New,NORWEGIAN CRUISE LINE HLDGS,2168.0,54418.0,1006.0,18199.0,-1162.0,-36219.0
74733V100,Not New,QEP RES INC,1788.0,101402.0,400.0,28375.0,-1388.0,-73027.0
03076C106,New Holding,AMERIPRISE FINL INC,,,404.0,4499.0,,
G16962105,New Holding,BUNGE LIMITED,,,665.0,11247.0,,
044209104,Not New,ASHLAND INC NEW,499.0,4350.0,406.0,3693.0,-93.0,-657.0
25278X109,Not New,DIAMONDBACK ENERGY INC,789.0,8653.0,804.0,10415.0,15.0,1762.0
226718104,New Holding,CRITEO S A,,,683.0,14892.0,,
G58249106,New Holding,MARKIT LTD,,,444.0,13607.0,,
824348106,New Holding,SHERWIN WILLIAMS CO,,,907.0,3087.0,,
57060U100,Sold Out,MARKET VECTORS ETF TR,234.0,11700.0,,,,
458118106,New Holding,INTEGRATED DEVICE TECHNOLOGY,,,468.0,23242.0,,
87403A107,New Holding,TAILORED BRANDS INC,,,402.0,31754.0,,
683745103,Not New,OPHTHOTECH CORP,267.0,5237.0,721.0,17055.0,454.0,11818.0
803607100,New Holding,SAREPTA THERAPEUTICS INC,,,670.0,35117.0,,
966387102,New Holding,WHITING PETE CORP NEW,,,233.0,25124.0,,
20337X109,New Holding,COMMSCOPE HLDG CO INC,,,11230.0,361887.0,,
002896207,Sold Out,ABERCROMBIE & FITCH CO,621.0,19691.0,,,,
140755109,Sold Out,CARA THERAPEUTICS INC,62.0,10000.0,,,,
929042109,New Holding,VORNADO RLTY TR,,,990.0,9886.0,,
759531106,New Holding,RELYPSA INC,,,626.0,33842.0,,
001055102,Not New,AFLAC INC,224.0,3110.0,322.0,5095.0,98.0,1985.0
69351T106,New Holding,PPL CORP,,,3168.0,83918.0,,
78667J108,Not New,SAGE THERAPEUTICS INC,301.0,10000.0,366.0,11419.0,65.0,1419.0
969904101,Not New,WILLIAMS SONOMA INC,2450.0,47003.0,981.0,17914.0,-1469.0,-29089.0
48238T109,New Holding,KAR AUCTION SVCS INC,,,549.0,13150.0,,
00404A109,New Holding,ACADIA HEALTHCARE COMPANY IN,,,243.0,4380.0,,
004225108,Not New,ACADIA PHARMACEUTICALS INC,1330.0,40968.0,1057.0,37796.0,-273.0,-3172.0
G30401106,Not New,ENDO INTL PLC,158.0,10145.0,490.0,17394.0,332.0,7249.0
636518102,New Holding,NATIONAL INSTRS CORP,,,442.0,16104.0,,
74340W103,New Holding,PROLOGIS INC,,,1737.0,35415.0,,
548661107,New Holding,LOWES COS INC,,,1970.0,24880.0,,
92765X208,Sold Out,VIRGIN AMER INC,587.0,15226.0,,,,
49803L109,New Holding,KITE PHARMA INC,,,571.0,11413.0,,
28176E108,Not New,EDWARDS LIFESCIENCES CORP,1099.0,11015.0,242.0,2739.0,-857.0,-8276.0
N6596X109,Not New,NXP SEMICONDUCTORS N V,3038.0,38791.0,277.0,3413.0,-2761.0,-35378.0
501889208,New Holding,LKQ CORP,,,898.0,28301.0,,
12662P108,New Holding,CVR ENERGY INC,,,181.0,11717.0,,
966837106,New Holding,WHOLE FOODS MKT INC,,,4357.0,136099.0,,
31430F101,New Holding,FELCOR LODGING TR INC,,,358.0,57465.0,,
897238309,Sold Out,TROVAGENE INC,81.0,17350.0,,,,
13057Q206,New Holding,CALIFORNIA RES CORP,,,315.0,25844.0,,
053015103,Not New,AUTOMATIC DATA PROCESSING IN,593.0,6457.0,615.0,6855.0,22.0,398.0
69318G106,Sold Out,PBF ENERGY INC,291.0,8773.0,,,,
852857200,Sold Out,STAMPS COM INC,319.0,2998.0,,,,
23918K108,New Holding,DAVITA HEALTHCARE PARTNERS I,,,238.0,3075.0,,
269796108,New Holding,EAGLE PHARMACEUTICALS INC,,,510.0,13135.0,,
460690100,New Holding,INTERPUBLIC GROUP COS INC,,,430.0,18615.0,,
483007704,Not New,KAISER ALUMINUM CORP,320.0,3547.0,314.0,3715.0,-6.0,168.0
042068106,New Holding,ARM HLDGS PLC,,,965.0,21208.0,,
25179M103,Not New,DEVON ENERGY CORP NEW,680.0,18746.0,2904.0,105839.0,2224.0,87093.0
30219G108,Sold Out,EXPRESS SCRIPTS HLDG CO,1224.0,17817.0,,,,
27579R104,Not New,EAST WEST BANCORP INC,717.0,20980.0,929.0,28596.0,212.0,7616.0
366651107,Not New,GARTNER INC,908.0,9315.0,354.0,3962.0,-554.0,-5353.0
98919V105,Not New,ZAYO GROUP HLDGS INC,7854.0,281206.0,217.0,8937.0,-7637.0,-272269.0
31816Q101,New Holding,FIREEYE INC,,,791.0,48043.0,,
48273J107,New Holding,K2M GROUP HLDGS INC,,,156.0,10030.0,,
G6359F103,New Holding,NABORS INDUSTRIES LTD,,,283.0,28086.0,,
576485205,New Holding,MATADOR RES CO,,,400.0,20186.0,,
44919P508,New Holding,IAC INTERACTIVECORP,,,368.0,6529.0,,
203607106,Sold Out,COMMUNITY BK SYS INC,346.0,9053.0,,,,
29251M106,Not New,ENANTA PHARMACEUTICALS INC,331.0,15015.0,356.0,12108.0,25.0,-2907.0
452907108,New Holding,IMMUNOMEDICS INC,,,123.0,53012.0,,
907818108,New Holding,UNION PAC CORP,,,1963.0,22499.0,,
38376A103,Sold Out,GOVERNMENT PPTYS INCOME TR,238.0,13314.0,,,,
31572Q808,New Holding,FIBROGEN INC,,,660.0,40236.0,,
57636Q104,New Holding,MASTERCARD INC,,,4037.0,45843.0,,
12541W209,Sold Out,C H ROBINSON WORLDWIDE INC,450.0,6061.0,,,,
256746108,New Holding,DOLLAR TREE INC,,,800.0,8489.0,,
83578Q209,New Holding,SOPHIRIS BIO INC,,,45.0,20883.0,,
G491BT108,Not New,INVESCO LTD,497.0,19478.0,478.0,15520.0,-19.0,-3958.0
00751Y106,New Holding,ADVANCE AUTO PARTS INC,,,829.0,5127.0,,
03073E105,Not New,AMERISOURCEBERGEN CORP,224.0,2828.0,509.0,5885.0,285.0,3057.0
177376100,New Holding,CITRIX SYS INC,,,1140.0,14238.0,,
90130A101,New Holding,TWENTY FIRST CENTY FOX INC,,,902.0,33326.0,,
806857108,Not New,SCHLUMBERGER LTD,555.0,7022.0,2745.0,37209.0,2190.0,30187.0
04033A100,Sold Out,ARIAD PHARMACEUTICALS INC,64.0,10000.0,,,,
92210H105,Sold Out,VANTIV INC,286.0,5301.0,,,,
761283100,Sold Out,RESTORATION HARDWARE HLDGS I,1018.0,24296.0,,,,
500754106,Sold Out,KRAFT HEINZ CO,1061.0,13500.0,,,,
913017109,Not New,UNITED TECHNOLOGIES CORP,433.0,4224.0,1142.0,11405.0,709.0,7181.0
34964C106,Sold Out,FORTUNE BRANDS HOME & SEC IN,1738.0,31005.0,,,,
88579Y101,New Holding,3M CO,,,1246.0,7119.0,,
55261F104,Sold Out,M & T BK CORP,503.0,4535.0,,,,
02153W100,Not New,ALTISOURCE RESIDENTIAL CORP,156.0,17000.0,236.0,19652.0,80.0,2652.0
02079K107,New Holding,ALPHABET INC,,,763.0,1103.0,,
852234103,New Holding,SQUARE INC,,,3441.0,380220.0,,
872540109,New Holding,TJX COS INC NEW,,,742.0,9602.0,,
018581108,New Holding,ALLIANCE DATA SYSTEMS CORP,,,1272.0,6493.0,,
458140100,New Holding,INTEL CORP,,,1091.0,33293.0,,
03027X100,Sold Out,AMERICAN TOWER CORP NEW,205.0,1999.0,,,,
52729N308,New Holding,LEVEL 3 COMMUNICATIONS INC,,,1372.0,26635.0,,
015351109,Not New,ALEXION PHARMACEUTICALS INC,5460.0,46768.0,418.0,3000.0,-5042.0,-43768.0
91912E105,New Holding,VALE S A,,,223.0,44000.0,,
833034101,New Holding,SNAP ON INC,,,297.0,1878.0,,
410345102,Sold Out,HANESBRANDS INC,401.0,14161.0,,,,
054303102,New Holding,AVON PRODS INC,,,170.0,44900.0,,
929089100,New Holding,VOYA FINL INC,,,2956.0,119408.0,,
74347W353,New Holding,PROSHARES TR II,,,460.0,9639.0,,
01973R101,Not New,ALLISON TRANSMISSION HLDGS I,298.0,10528.0,405.0,15028.0,107.0,4500.0
22542D548,Sold Out,CREDIT SUISSE NASSAU BRH,877.0,5500.0,,,,
30249U101,Sold Out,FMC TECHNOLOGIES INC,275.0,10052.0,,,,
29275Y102,New Holding,ENERSYS,,,322.0,5429.0,,
116794108,New Holding,BRUKER CORP,,,200.0,8781.0,,
871607107,Sold Out,SYNOPSYS INC,392.0,8091.0,,,,
78409V104,New Holding,S&P GLOBAL INC,,,767.0,7146.0,,
737446104,New Holding,POST HLDGS INC,,,1342.0,16229.0,,
09247X101,Sold Out,BLACKROCK INC,842.0,2473.0,,,,
13123X102,Not New,CALLON PETE CO DEL,180.0,16071.0,595.0,67195.0,415.0,51124.0
22822V101,Sold Out,CROWN CASTLE INTL CORP NEW,356.0,4119.0,,,,
883203101,Sold Out,TEXTRON INC,267.0,7316.0,,,,
723787107,New Holding,PIONEER NAT RES CO,,,1489.0,9846.0,,
631103108,Not New,NASDAQ INC,266.0,4116.0,581.0,8750.0,315.0,4634.0
76169B102,Not New,REXNORD CORP NEW,228.0,11612.0,222.0,10980.0,-6.0,-632.0
314211103,Not New,FEDERATED INVS INC PA,402.0,13962.0,419.0,14524.0,17.0,562.0
419879101,New Holding,HAWAIIAN HOLDINGS INC,,,1616.0,42590.0,,
G9019D104,New Holding,TRAVELPORT WORLDWIDE LTD,,,222.0,17253.0,,
03852U106,New Holding,ARAMARK,,,1631.0,48804.0,,
103304101,New Holding,BOYD GAMING CORP,,,456.0,24792.0,,
293792107,New Holding,ENTERPRISE PRODS PARTNERS L,,,449.0,15358.0,,
464287556,Sold Out,ISHARES TR,4277.0,16400.0,,,,
144577103,Sold Out,CARRIZO OIL & GAS INC,837.0,27072.0,,,,
171779309,New Holding,CIENA CORP,,,6602.0,352099.0,,
14057J101,Not New,CAPITOL FED FINL INC,667.0,47827.0,408.0,30739.0,-259.0,-17088.0
73935A104,Sold Out,POWERSHARES QQQ TRUST,3789.0,34700.0,,,,
15130J109,New Holding,CEMPRA INC,,,165.0,10002.0,,
898402102,New Holding,TRUSTMARK CORP,,,445.0,17891.0,,
60786M105,Sold Out,MOELIS & CO,577.0,20422.0,,,,
917047102,New Holding,URBAN OUTFITTERS INC,,,489.0,17772.0,,
13645T100,New Holding,CANADIAN PAC RY LTD,,,2561.0,19879.0,,
379378102,New Holding,GLOBAL NET LEASE INC,,,123.0,15517.0,,
269246401,Sold Out,E TRADE FINANCIAL CORP,452.0,18440.0,,,,
G81276100,Sold Out,SIGNET JEWELERS LIMITED,1324.0,10674.0,,,,
063904106,Sold Out,BANK OF THE OZARKS INC,950.0,22646.0,,,,
G02602103,New Holding,AMDOCS LTD,,,1900.0,32918.0,,
72348P104,New Holding,PINNACLE FOODS INC DEL,,,1320.0,28529.0,,
871503108,Sold Out,SYMANTEC CORP,658.0,35782.0,,,,
46186M209,Sold Out,INVIVO THERAPEUTICS HLDGS CO,70.0,10000.0,,,,
126650100,New Holding,CVS HEALTH CORP,,,1816.0,18973.0,,
28106W103,Not New,EDITAS MEDICINE INC,349.0,14312.0,336.0,9726.0,-13.0,-4586.0
755111507,Not New,RAYTHEON CO,251.0,1851.0,1434.0,11697.0,1183.0,9846.0
256677105,New Holding,DOLLAR GEN CORP NEW,,,321.0,3410.0,,
707569109,New Holding,PENN NATL GAMING INC,,,417.0,29906.0,,
743315103,New Holding,PROGRESSIVE CORP OHIO,,,263.0,7840.0,,
437076102,Not New,HOME DEPOT INC,398.0,3117.0,432.0,3235.0,34.0,118.0
761713106,Sold Out,REYNOLDS AMERICAN INC,402.0,7991.0,,,,
N51488117,Sold Out,MOBILEYE N V AMSTELVEEN,250.0,6717.0,,,,
G5960L103,Sold Out,MEDTRONIC PLC,1524.0,20323.0,,,,
163731102,Sold Out,CHEMICAL FINL CORP,288.0,8058.0,,,,
529043101,Sold Out,LEXINGTON REALTY TRUST,131.0,15256.0,,,,
203668108,New Holding,COMMUNITY HEALTH SYS INC NEW,,,239.0,19800.0,,
577081102,New Holding,MATTEL INC,,,854.0,27313.0,,
45329R109,New Holding,INC RESH HLDGS INC,,,282.0,7374.0,,
00507V109,New Holding,ACTIVISION BLIZZARD INC,,,826.0,20833.0,,
G0176J109,Not New,ALLEGION PUB LTD CO,450.0,6473.0,326.0,5110.0,-124.0,-1363.0
876664103,New Holding,TAUBMAN CTRS INC,,,205.0,2763.0,,
09061G101,New Holding,BIOMARIN PHARMACEUTICAL INC,,,3004.0,38607.0,,
053807103,Sold Out,AVNET INC,262.0,5907.0,,,,
43289P106,Sold Out,HIMAX TECHNOLOGIES INC,370.0,32900.0,,,,
458665304,New Holding,INTERFACE INC,,,215.0,14081.0,,
74251V102,New Holding,PRINCIPAL FINL GROUP INC,,,244.0,5954.0,,
94106L109,New Holding,WASTE MGMT INC DEL,,,321.0,4840.0,,
G54050102,New Holding,LAZARD LTD,,,862.0,28966.0,,
67576A100,New Holding,OCULAR THERAPEUTIX INC,,,97.0,19670.0,,
60671Q104,New Holding,MITEL NETWORKS CORP,,,317.0,50261.0,,
81762P102,New Holding,SERVICENOW INC,,,1252.0,18853.0,,
110122108,Sold Out,BRISTOL MYERS SQUIBB CO,767.0,12000.0,,,,
370334104,New Holding,GENERAL MLS INC,,,307.0,4300.0,,
12561W105,Sold Out,CLECO CORP NEW,271.0,4903.0,,,,
718172109,New Holding,PHILIP MORRIS INTL INC,,,543.0,5341.0,,
142339100,Not New,CARLISLE COS INC,3070.0,29052.0,208.0,2090.0,-2862.0,-26962.0
G1151C101,New Holding,ACCENTURE PLC IRELAND,,,2375.0,20960.0,,
844741108,Sold Out,SOUTHWEST AIRLS CO,1158.0,25855.0,,,,
762760106,Not New,RICE ENERGY INC,609.0,27628.0,509.0,36467.0,-100.0,8839.0
55616P104,Not New,MACYS INC,1422.0,42319.0,270.0,6117.0,-1152.0,-36202.0
559222401,Sold Out,MAGNA INTL INC,890.0,20711.0,,,,
38059T106,New Holding,GOLD FIELDS LTD NEW,,,126.0,25759.0,,
500472303,New Holding,KONINKLIJKE PHILIPS N V,,,213.0,8559.0,,
82669G104,Not New,SIGNATURE BK NEW YORK N Y,896.0,7178.0,661.0,4858.0,-235.0,-2320.0
854502101,Not New,STANLEY BLACK & DECKER INC,1367.0,12292.0,425.0,4037.0,-942.0,-8255.0
363256108,Sold Out,GALENA BIOPHARMA INC,14.0,10000.0,,,,
04010L103,Sold Out,ARES CAP CORP,154.0,10379.0,,,,
233326107,Not New,DST SYS INC DEL,342.0,2939.0,509.0,4515.0,167.0,1576.0
02079K305,Not New,ALPHABET INC,482.0,685.0,1396.0,1830.0,914.0,1145.0
816212104,New Holding,SELECTA BIOSCIENCES INC,,,656.0,46869.0,,
66987V109,Sold Out,NOVARTIS A G,350.0,4833.0,,,,
651229106,New Holding,NEWELL BRANDS INC,,,949.0,19539.0,,
963320106,New Holding,WHIRLPOOL CORP,,,443.0,2659.0,,
983919101,Not New,XILINX INC,443.0,9617.0,369.0,7773.0,-74.0,-1844.0
008252108,Not New,AFFILIATED MANAGERS GROUP,3666.0,26043.0,757.0,4661.0,-2909.0,-21382.0
12572Q105,New Holding,CME GROUP INC,,,1873.0,19227.0,,
48666K109,New Holding,KB HOME,,,1377.0,90538.0,,
517834107,Sold Out,LAS VEGAS SANDS CORP,346.0,6692.0,,,,
25490K570,New Holding,DIREXION SHS ETF TR,,,3040.0,24107.0,,
64125C109,New Holding,NEUROCRINE BIOSCIENCES INC,,,3939.0,86663.0,,
776696106,Sold Out,ROPER TECHNOLOGIES INC,577.0,3156.0,,,,
53578A108,Sold Out,LINKEDIN CORP,628.0,5489.0,,,,
03820C105,New Holding,APPLIED INDL TECHNOLOGIES IN,,,523.0,11587.0,,
918204108,Sold Out,V F CORP,511.0,7893.0,,,,
172908105,New Holding,CINTAS CORP,,,600.0,6111.0,,
831865209,Sold Out,SMITH A O,1055.0,13829.0,,,,
089302103,Not New,BIG LOTS INC,1243.0,24795.0,480.0,10596.0,-763.0,-14199.0
466367109,New Holding,JACK IN THE BOX INC,,,335.0,3904.0,,
09238E104,Sold Out,BLACKHAWK NETWORK HLDGS INC,293.0,8541.0,,,,
168615102,Sold Out,CHICOS FAS INC,365.0,27543.0,,,,
G7S00T104,Not New,PENTAIR PLC,205.0,3524.0,267.0,4918.0,62.0,1394.0
69370C100,New Holding,PTC INC,,,392.0,10447.0,,
91843L103,New Holding,VWR CORP,,,225.0,7776.0,,
919794107,Sold Out,VALLEY NATL BANCORP,232.0,24300.0,,,,
053484101,New Holding,AVALONBAY CMNTYS INC,,,1335.0,7399.0,,
594918104,New Holding,MICROSOFT CORP,,,1269.0,24800.0,,
G0551A103,New Holding,ARRIS INTL INC,,,1449.0,69107.0,,
78440X101,Sold Out,SL GREEN RLTY CORP,263.0,2710.0,,,,
062540109,Sold Out,BANK HAWAII CORP,629.0,9215.0,,,,
58501N101,Not New,MEDIVATION INC,603.0,10000.0,768.0,16711.0,165.0,6711.0
42809H107,New Holding,HESS CORP,,,2570.0,42756.0,,
N53745100,Sold Out,LYONDELLBASELL INDUSTRIES N,384.0,4483.0,,,,
902653104,New Holding,UDR INC,,,544.0,14750.0,,
72765Q601,New Holding,PLATINUM GROUP METALS LTD,,,70.0,20515.0,,
650111107,Sold Out,NEW YORK TIMES CO,144.0,11594.0,,,,
12709P103,New Holding,CABOT MICROELECTRONICS CORP,,,233.0,5500.0,,
88160R101,Sold Out,TESLA MTRS INC,1504.0,6547.0,,,,
747277101,New Holding,QLOGIC CORP,,,278.0,18859.0,,
277276101,Not New,EASTGROUP PPTY INC,308.0,4457.0,383.0,6340.0,75.0,1883.0
493267108,Not New,KEYCORP NEW,2393.0,216620.0,424.0,38435.0,-1969.0,-178185.0
33812L102,Sold Out,FITBIT INC,1648.0,108740.0,,,,
485170302,Not New,KANSAS CITY SOUTHERN,1409.0,15643.0,1871.0,21897.0,462.0,6254.0
464287655,Sold Out,ISHARES TR,1162.0,10500.0,,,,
30303M102,Not New,FACEBOOK INC,1288.0,11270.0,1132.0,9920.0,-156.0,-1350.0
78377T107,New Holding,RYMAN HOSPITALITY PPTYS INC,,,406.0,8004.0,,
038336103,New Holding,APTARGROUP INC,,,231.0,2919.0,,
92532F100,Sold Out,VERTEX PHARMACEUTICALS INC,1153.0,14509.0,,,,
737010108,New Holding,PORTOLA PHARMACEUTICALS INC,,,285.0,12043.0,,
088606108,New Holding,BHP BILLITON LTD,,,598.0,20921.0,,
552676108,New Holding,M D C HLDGS INC,,,240.0,9873.0,,
45337C102,Sold Out,INCYTE CORP,1327.0,18313.0,,,,
257287102,Sold Out,DOMINION DIAMOND CORP,131.0,11820.0,,,,
988498101,New Holding,YUM BRANDS INC,,,482.0,5819.0,,
779376102,Sold Out,ROVI CORP,235.0,11452.0,,,,
071813109,Sold Out,BAXTER INTL INC,439.0,10692.0,,,,
701877102,New Holding,PARSLEY ENERGY INC,,,473.0,17478.0,,
427825500,New Holding,HERSHA HOSPITALITY TR,,,635.0,37013.0,,
674215108,Not New,OASIS PETE INC NEW,323.0,34623.0,1217.0,167217.0,894.0,132594.0
761152107,Sold Out,RESMED INC,746.0,12910.0,,,,
166764100,New Holding,CHEVRON CORP NEW,,,4098.0,39091.0,,
35671D857,New Holding,FREEPORT-MCMORAN INC,,,535.0,47985.0,,
25490K554,New Holding,DIREXION SHS ETF TR,,,1491.0,7486.0,,
096761101,New Holding,BOB EVANS FARMS INC,,,304.0,8007.0,,
670100205,Sold Out,NOVO-NORDISK A S,346.0,6380.0,,,,
74733T105,New Holding,QLIK TECHNOLOGIES INC,,,4328.0,146301.0,,
032095101,New Holding,AMPHENOL CORP NEW,,,280.0,4878.0,,
247361702,New Holding,DELTA AIR LINES INC DEL,,,630.0,17282.0,,
31620M106,Not New,FIDELITY NATL INFORMATION SV,937.0,12709.0,1314.0,20762.0,377.0,8053.0
56585A102,Sold Out,MARATHON PETE CORP,372.0,10000.0,,,,
74347W312,New Holding,PROSHARES TR II,,,983.0,104249.0,,
855244109,New Holding,STARBUCKS CORP,,,843.0,14753.0,,
143130102,New Holding,CARMAX INC,,,509.0,10375.0,,
682680103,New Holding,ONEOK INC NEW,,,709.0,14932.0,,
012653101,New Holding,ALBEMARLE CORP,,,651.0,8203.0,,
046353108,Sold Out,ASTRAZENECA PLC,699.0,24844.0,,,,
26969P108,Sold Out,EAGLE MATERIALS INC,602.0,8587.0,,,,
446150104,New Holding,HUNTINGTON BANCSHARES INC,,,1255.0,140398.0,,
989701107,New Holding,ZIONS BANCORPORATION,,,795.0,31650.0,,
462222100,Sold Out,IONIS PHARMACEUTICALS INC,354.0,8731.0,,,,
H42097107,New Holding,UBS GROUP AG,,,174.0,13423.0,,
651639106,Sold Out,NEWMONT MINING CORP,310.0,11672.0,,,,
037833100,Not New,APPLE INC,1617.0,16921.0,2957.0,27125.0,1340.0,10204.0
72651A108,Sold Out,PLAINS GP HLDGS L P,396.0,45624.0,,,,
74736A103,Sold Out,QTS RLTY TR INC,7287.0,153800.0,,,,
620076307,New Holding,MOTOROLA SOLUTIONS INC,,,285.0,4317.0,,
151020104,Not New,CELGENE CORP,1992.0,20197.0,2534.0,25313.0,542.0,5116.0
910047109,New Holding,UNITED CONTL HLDGS INC,,,2796.0,68133.0,,
550021109,New Holding,LULULEMON ATHLETICA INC,,,315.0,4262.0,,
828336107,Not New,SILVER WHEATON CORP,310.0,13182.0,281.0,16965.0,-29.0,3783.0
597742105,New Holding,MIDLAND STS BANCORP INC ILL,,,2169.0,100000.0,,
01449J105,New Holding,ALERE INC,,,866.0,20777.0,,
48020Q107,New Holding,JONES LANG LASALLE INC,,,703.0,7222.0,,
78388J106,New Holding,SBA COMMUNICATIONS CORP,,,10847.0,100489.0,,
11120U105,New Holding,BRIXMOR PPTY GROUP INC,,,3969.0,150000.0,,
767204100,New Holding,RIO TINTO PLC,,,732.0,23401.0,,
G5480U120,New Holding,LIBERTY GLOBAL PLC,,,1350.0,47116.0,,
216648402,New Holding,COOPER COS INC,,,281.0,1638.0,,
745867101,New Holding,PULTE GROUP INC,,,425.0,21810.0,,
26138E109,Not New,DR PEPPER SNAPPLE GROUP INC,712.0,7367.0,1470.0,16443.0,758.0,9076.0
858155203,New Holding,STEELCASE INC,,,178.0,13175.0,,
949746101,Sold Out,WELLS FARGO & CO NEW,3112.0,64347.0,,,,
G0750W104,New Holding,AXOVANT SCIENCES LTD,,,314.0,24488.0,,
149123101,Not New,CATERPILLAR INC DEL,864.0,11402.0,1370.0,17909.0,506.0,6507.0
402635304,Not New,GULFPORT ENERGY CORP,1185.0,37887.0,492.0,17359.0,-693.0,-20528.0
78573M104,New Holding,SABRE CORP,,,1259.0,47007.0,,
36191G107,Sold Out,GNC HLDGS INC,658.0,20716.0,,,,
697435105,New Holding,PALO ALTO NETWORKS INC,,,1861.0,15173.0,,
26884L109,Sold Out,EQT CORP,962.0,14305.0,,,,
69014Q101,Not New,OVASCIENCE INC,52.0,10000.0,95.0,10000.0,43.0,0.0
N47279109,New Holding,INTERXION HOLDING N.V,,,8422.0,228357.0,,
136385101,Not New,CANADIAN NAT RES LTD,373.0,12088.0,1898.0,70286.0,1525.0,58198.0
830879102,Sold Out,SKYWEST INC,219.0,10956.0,,,,
904311206,New Holding,UNDER ARMOUR INC,,,1679.0,46123.0,,
G4412G101,Sold Out,HERBALIFE LTD,252.0,4093.0,,,,
194014106,New Holding,COLFAX CORP,,,1058.0,39988.0,,
78467J100,Sold Out,SS&C TECHNOLOGIES HLDGS INC,345.0,5445.0,,,,
74022D308,New Holding,PRECISION DRILLING CORP,,,58.0,10929.0,,
00448Q201,Sold Out,ACHILLION PHARMACEUTICALS IN,101.0,13039.0,,,,
G9319H102,New Holding,VALIDUS HOLDINGS LTD,,,441.0,9081.0,,
192446102,New Holding,COGNIZANT TECHNOLOGY SOLUTIO,,,1286.0,22472.0,,
537008104,New Holding,LITTELFUSE INC,,,436.0,3686.0,,
29977A105,Sold Out,EVERCORE PARTNERS INC,324.0,6268.0,,,,
372427104,Sold Out,GENOCEA BIOSCIENCES INC,565.0,73000.0,,,,
032420101,Sold Out,ANACOR PHARMACEUTICALS INC,342.0,6394.0,,,,
98933Q108,Sold Out,ZELTIQ AESTHETICS INC,301.0,11054.0,,,,
21925Y103,New Holding,CORNERSTONE ONDEMAND INC,,,363.0,9541.0,,
808513105,New Holding,SCHWAB CHARLES CORP NEW,,,1432.0,56568.0,,
58933Y105,New Holding,MERCK & CO INC,,,1363.0,23657.0,,
205826209,New Holding,COMTECH TELECOMMUNICATIONS C,,,1524.0,118726.0,,
64051T100,New Holding,NEOPHOTONICS CORP,,,672.0,70554.0,,
79466L302,New Holding,SALESFORCE COM INC,,,2442.0,30751.0,,
893641100,New Holding,TRANSDIGM GROUP INC,,,756.0,2870.0,,
375558103,Not New,GILEAD SCIENCES INC,1180.0,14145.0,552.0,6008.0,-628.0,-8137.0
G4617B105,Not New,HORIZON PHARMA PLC,189.0,11473.0,1282.0,77375.0,1093.0,65902.0
929160109,Sold Out,VULCAN MATLS CO,599.0,5675.0,,,,
758849103,Sold Out,REGENCY CTRS CORP,2994.0,40000.0,,,,
207410101,New Holding,CONMED CORP,,,848.0,17770.0,,
45826J105,New Holding,INTELLIA THERAPEUTICS INC,,,223.0,10443.0,,
91911K102,Not New,VALEANT PHARMACEUTICALS INTL,2884.0,143200.0,1728.0,65708.0,-1156.0,-77492.0
89469A104,New Holding,TREEHOUSE FOODS INC,,,265.0,2575.0,,
749685103,Not New,RPM INTL INC,453.0,9069.0,795.0,16799.0,342.0,7730.0
92849E101,New Holding,VITAMIN SHOPPE INC,,,237.0,7745.0,,
524660107,Sold Out,LEGGETT & PLATT INC,327.0,6747.0,,,,
20825C104,Not New,CONOCOPHILLIPS,2441.0,55983.0,3872.0,96137.0,1431.0,40154.0
79546E104,New Holding,SALLY BEAUTY HLDGS INC,,,324.0,11019.0,,
30219E103,New Holding,EXPRESS INC,,,924.0,63694.0,,
119848109,New Holding,BUFFALO WILD WINGS INC,,,3769.0,27128.0,,
37890U108,New Holding,GLOBAL BLOOD THERAPEUTICS IN,,,1293.0,77912.0,,
61166W101,Sold Out,MONSANTO CO NEW,602.0,6863.0,,,,
194162103,New Holding,COLGATE PALMOLIVE CO,,,412.0,5627.0,,
N22717107,Sold Out,CORE LABORATORIES N V,233.0,2072.0,,,,
07177M103,Sold Out,BAXALTA INC,7090.0,175500.0,,,,
253393102,New Holding,DICKS SPORTING GOODS INC,,,482.0,10684.0,,
447011107,New Holding,HUNTSMAN CORP,,,310.0,23042.0,,
20341J104,New Holding,COMMUNICATIONS SALES&LEAS IN,,,14331.0,495901.0,,
06742E711,New Holding,BARCLAYS BK PLC,,,1785.0,129201.0,,
867224107,Not New,SUNCOR ENERGY INC NEW,721.0,26003.0,1768.0,63558.0,1047.0,37555.0
G0177J108,Not New,ALLERGAN PLC,930.0,4025.0,2987.0,11146.0,2057.0,7121.0
090572207,Sold Out,BIO RAD LABS INC,309.0,2259.0,,,,
552953101,Not New,MGM RESORTS INTERNATIONAL,1922.0,84934.0,715.0,33327.0,-1207.0,-51607.0
91529Y106,New Holding,UNUM GROUP,,,851.0,26765.0,,
751452202,Not New,RAMCO-GERSHENSON PPTYS TR,427.0,21755.0,280.0,15537.0,-147.0,-6218.0
339041105,New Holding,FLEETCOR TECHNOLOGIES INC,,,1060.0,7403.0,,
87236Y108,Sold Out,TD AMERITRADE HLDG CORP,356.0,11292.0,,,,
674599105,Sold Out,OCCIDENTAL PETE CORP DEL,355.0,5184.0,,,,
48205A109,New Holding,JUNO THERAPEUTICS INC,,,385.0,10039.0,,
752344309,New Holding,RANDGOLD RES LTD,,,246.0,2200.0,,
481165108,Not New,JOY GLOBAL INC,235.0,11124.0,324.0,20182.0,89.0,9058.0
90385D107,New Holding,ULTIMATE SOFTWARE GROUP INC,,,467.0,2222.0,,
14964U108,New Holding,CAVIUM INC,,,215.0,5569.0,,
48244B100,Not New,KCG HLDGS INC,359.0,26940.0,241.0,20185.0,-118.0,-6755.0
524901105,Not New,LEGG MASON INC,995.0,33758.0,529.0,15245.0,-466.0,-18513.0
01609W102,Sold Out,ALIBABA GROUP HLDG LTD,835.0,10569.0,,,,
05337G107,Sold Out,AVALANCHE BIOTECHNOLOGIES IN,52.0,10000.0,,,,
01988P108,New Holding,ALLSCRIPTS HEALTHCARE SOLUTN,,,225.0,17703.0,,
747582104,New Holding,QUALITY SYS INC,,,323.0,27141.0,,
539830109,Not New,LOCKHEED MARTIN CORP,211.0,852.0,375.0,1693.0,164.0,841.0
92240M108,New Holding,VECTOR GROUP LTD,,,426.0,18998.0,,
92189F106,New Holding,VANECK VECTORS ETF TR,,,1722.0,62154.0,,
878742204,New Holding,TECK RESOURCES LTD,,,199.0,15100.0,,
024061103,Sold Out,AMERICAN AXLE & MFG HLDGS IN,289.0,18802.0,,,,
73755L107,New Holding,POTASH CORP SASK INC,,,254.0,15652.0,,
871639308,Not New,SYNERGY PHARMACEUTICALS DEL,83.0,21787.0,45.0,16379.0,-38.0,-5408.0
693656100,Not New,PVH CORP,3578.0,37982.0,468.0,4720.0,-3110.0,-33262.0
97650W108,New Holding,WINTRUST FINL CORP,,,1147.0,22487.0,,
881609101,Not New,TESORO CORP,707.0,9429.0,2190.0,25455.0,1483.0,16026.0
912008109,New Holding,US FOODS HLDG CORP,,,623.0,25690.0,,
497266106,Not New,KIRBY CORP,505.0,8101.0,401.0,6657.0,-104.0,-1444.0
34959E109,New Holding,FORTINET INC,,,7392.0,233998.0,,
073685109,Not New,BEACON ROOFING SUPPLY INC,856.0,18827.0,299.0,7279.0,-557.0,-11548.0
531229300,Sold Out,LIBERTY MEDIA CORP DELAWARE,210.0,5526.0,,,,
889478103,New Holding,TOLL BROTHERS INC,,,749.0,27829.0,,
032511107,Not New,ANADARKO PETE CORP,514.0,9642.0,1768.0,37966.0,1254.0,28324.0
7591EP100,Not New,REGIONS FINL CORP NEW,1854.0,217873.0,350.0,44631.0,-1504.0,-173242.0
882681109,Sold Out,TEXAS ROADHOUSE INC,436.0,10000.0,,,,
204166102,New Holding,COMMVAULT SYSTEMS INC,,,476.0,11028.0,,
G91442106,New Holding,TYCO INTL PLC,,,907.0,21302.0,,
189754104,Not New,COACH INC,1554.0,38147.0,1043.0,26017.0,-511.0,-12130.0
115236101,Sold Out,BROWN & BROWN INC,377.0,10531.0,,,,
212015101,Sold Out,CONTINENTAL RESOURCES INC,1517.0,49998.0,,,,
500255104,Not New,KOHLS CORP,565.0,14880.0,1169.0,25078.0,604.0,10198.0
G27823106,New Holding,DELPHI AUTOMOTIVE PLC,,,524.0,8377.0,,
90138F102,New Holding,TWILIO INC,,,617.0,16900.0,,
580645109,Sold Out,MCGRAW HILL FINL INC,228.0,2303.0,,,,
68375N103,Sold Out,OPKO HEALTH INC,141.0,13609.0,,,,
G7496G103,New Holding,RENAISSANCERE HOLDINGS LTD,,,378.0,3220.0,,
436106108,Sold Out,HOLLYFRONTIER CORP,413.0,11700.0,,,,
57772K101,New Holding,MAXIM INTEGRATED PRODS INC,,,389.0,10884.0,,
69404D108,Not New,PACIFIC BIOSCIENCES CALIF IN,295.0,41859.0,85.0,10000.0,-210.0,-31859.0
02553E106,New Holding,AMERICAN EAGLE OUTFITTERS NE,,,290.0,18187.0,,
G5785G107,New Holding,MALLINCKRODT PUB LTD CO,,,455.0,7479.0,,
00847X104,Sold Out,AGIOS PHARMACEUTICALS INC,318.0,7841.0,,,,
105368203,Sold Out,BRANDYWINE RLTY TR,157.0,11175.0,,,,
98419M100,Sold Out,XYLEM INC,369.0,9029.0,,,,
655044105,Sold Out,NOBLE ENERGY INC,1719.0,54726.0,,,,
857477103,New Holding,STATE STR CORP,,,1288.0,23890.0,,
254423106,New Holding,DINEEQUITY INC,,,403.0,4759.0,,
35906A108,New Holding,FRONTIER COMMUNICATIONS CORP,,,1159.0,234614.0,,
G47791101,Not New,INGERSOLL-RAND PLC,5897.0,92602.0,1260.0,20324.0,-4637.0,-72278.0
720279108,New Holding,PIER 1 IMPORTS INC,,,170.0,33030.0,,
78442P106,Not New,SLM CORP,63.0,10193.0,163.0,25706.0,100.0,15513.0
750469207,Sold Out,RADIUS HEALTH INC,492.0,15645.0,,,,
565849106,Not New,MARATHON OIL CORP,979.0,65214.0,2752.0,247072.0,1773.0,181858.0
91913Y100,Not New,VALERO ENERGY CORP NEW,852.0,16716.0,1038.0,16180.0,186.0,-536.0
317923100,New Holding,FINISH LINE INC,,,237.0,11755.0,,
608190104,New Holding,MOHAWK INDS INC,,,1184.0,6238.0,,
70450Y103,Sold Out,PAYPAL HLDGS INC,784.0,20317.0,,,,
695127100,New Holding,PACIRA PHARMACEUTICALS INC,,,1364.0,40447.0,,
G0408V102,New Holding,AON PLC,,,1538.0,14084.0,,
44842L103,Not New,HUTCHISON CHINA MEDITECH LTD,631.0,48000.0,724.0,54882.0,93.0,6882.0
G73268107,Sold Out,QUOTIENT LTD,172.0,19500.0,,,,
359694106,Not New,FULLER H B CO,249.0,5667.0,438.0,10319.0,189.0,4652.0
571748102,Sold Out,MARSH & MCLENNAN COS INC,260.0,4276.0,,,,
126408103,Not New,CSX CORP,374.0,14343.0,207.0,8036.0,-167.0,-6307.0
169656105,Sold Out,CHIPOTLE MEXICAN GRILL INC,471.0,1000.0,,,,
09062X103,Not New,BIOGEN INC,2398.0,9915.0,390.0,1500.0,-2008.0,-8415.0
724479100,Sold Out,PITNEY BOWES INC,237.0,11019.0,,,,
02376R102,Not New,AMERICAN AIRLS GROUP INC,2724.0,96210.0,640.0,15600.0,-2084.0,-80610.0
G97822103,New Holding,PERRIGO CO PLC,,,1569.0,17307.0,,
364760108,Sold Out,GAP INC DEL,308.0,10473.0,,,,
18683K101,New Holding,CLIFFS NAT RES INC,,,501.0,88394.0,,
690742101,Sold Out,OWENS CORNING NEW,366.0,7732.0,,,,
82968B103,New Holding,SIRIUS XM HLDGS INC,,,91.0,22963.0,,
228368106,New Holding,CROWN HOLDINGS INC,,,773.0,15258.0,,
78463V107,Not New,SPDR GOLD TRUST,810.0,6400.0,4532.0,38520.0,3722.0,32120.0
418056107,Not New,HASBRO INC,827.0,9841.0,411.0,5127.0,-416.0,-4714.0
67020Y100,Sold Out,NUANCE COMMUNICATIONS INC,310.0,16598.0,,,,
150870103,New Holding,CELANESE CORP DEL,,,773.0,11803.0,,
045487105,Sold Out,ASSOCIATED BANC CORP,183.0,10201.0,,,,
92826C839,New Holding,VISA INC,,,3938.0,53098.0,,
868157108,New Holding,SUPERIOR ENERGY SVCS INC,,,378.0,20524.0,,
00508X203,New Holding,ACTUANT CORP,,,277.0,12269.0,,
82481R106,Sold Out,SHIRE PLC,344.0,2000.0,,,,
881624209,Sold Out,TEVA PHARMACEUTICAL INDS LTD,2241.0,41876.0,,,,
292505104,Not New,ENCANA CORP,642.0,82368.0,1306.0,214392.0,664.0,132024.0
810186106,Not New,SCOTTS MIRACLE GRO CO,411.0,5887.0,279.0,3833.0,-132.0,-2054.0
204448104,Sold Out,COMPANIA DE MINAS BUENAVENTU,115.0,15700.0,,,,
406216101,Sold Out,HALLIBURTON CO,403.0,11273.0,,,,
87165B103,New Holding,SYNCHRONY FINL,,,508.0,20082.0,,
879382208,New Holding,TELEFONICA S A,,,159.0,16745.0,,
443510607,Not New,HUBBELL INC,689.0,6527.0,342.0,3225.0,-347.0,-3302.0
49456B101,New Holding,KINDER MORGAN INC DEL,,,821.0,43879.0,,
902681105,Sold Out,UGI CORP NEW,217.0,5393.0,,,,
582839106,Sold Out,MEAD JOHNSON NUTRITION CO,476.0,5600.0,,,,
33830X104,Sold Out,FIVE PRIME THERAPEUTICS INC,411.0,10111.0,,,,
756577102,New Holding,RED HAT INC,,,2103.0,28971.0,,
912909108,Not New,UNITED STATES STL CORP NEW,689.0,40896.0,184.0,11502.0,-505.0,-29394.0
369300108,New Holding,GENERAL CABLE CORP DEL NEW,,,197.0,15492.0,,
90384S303,New Holding,ULTA SALON COSMETCS & FRAG I,,,231.0,947.0,,
002824100,New Holding,ABBOTT LABS,,,389.0,9902.0,,
05329W102,Sold Out,AUTONATION INC,1139.0,24401.0,,,,
G0450A105,New Holding,ARCH CAP GROUP LTD,,,1036.0,14394.0,,
174610105,New Holding,CITIZENS FINL GROUP INC,,,2498.0,125011.0,,
20451N101,New Holding,COMPASS MINERALS INTL INC,,,309.0,4173.0,,
518415104,New Holding,LATTICE SEMICONDUCTOR CORP,,,257.0,48045.0,,
21871D103,Sold Out,CORELOGIC INC,294.0,8461.0,,,,
22002T108,Sold Out,CORPORATE OFFICE PPTYS TR,246.0,9377.0,,,,
701094104,Sold Out,PARKER HANNIFIN CORP,1284.0,11557.0,,,,
92886T201,New Holding,VONAGE HLDGS CORP,,,2135.0,350000.0,,
131193104,New Holding,CALLAWAY GOLF CO,,,266.0,26095.0,,
37253A103,Sold Out,GENTHERM INC,213.0,5115.0,,,,
89620X506,Not New,TRILLIUM THERAPEUTICS INC,180.0,20000.0,100.0,10841.0,-80.0,-9159.0
89151E109,Sold Out,TOTAL S A,205.0,4511.0,,,,
717081103,Not New,PFIZER INC,406.0,11547.0,948.0,32000.0,542.0,20453.0
00206R102,New Holding,AT&T INC,,,602.0,13932.0,,
29266S106,New Holding,ENDOLOGIX INC,,,129.0,10340.0,,
861642304,New Holding,STONE ENERGY CORP,,,633.0,52500.0,,
92927K102,Not New,WABCO HLDGS INC,400.0,4370.0,204.0,1905.0,-196.0,-2465.0
571903202,Not New,MARRIOTT INTL INC NEW,467.0,7021.0,2771.0,38916.0,2304.0,31895.0
140475104,Sold Out,CAPITAL SR LIVING CORP,210.0,11299.0,,,,
09609G100,Not New,BLUEBIRD BIO INC,1247.0,28812.0,370.0,8695.0,-877.0,-20117.0
666807102,New Holding,NORTHROP GRUMMAN CORP,,,743.0,3340.0,,
87612G101,New Holding,TARGA RES CORP,,,293.0,6949.0,,
16119P108,New Holding,CHARTER COMMUNICATIONS INC N,,,12690.0,55501.0,,
438516106,Not New,HONEYWELL INTL INC,457.0,3927.0,1605.0,14321.0,1148.0,10394.0
G65431101,New Holding,NOBLE CORP PLC,,,329.0,39963.0,,
46428Q109,New Holding,ISHARES SILVER TRUST,,,1262.0,70616.0,,
40412C101,New Holding,HCA HOLDINGS INC,,,255.0,3306.0,,
654106103,Sold Out,NIKE INC,585.0,9511.0,,,,
64157F103,Sold Out,NEVRO CORP,380.0,6742.0,,,,
29084Q100,Not New,EMCOR GROUP INC,552.0,11212.0,358.0,7370.0,-194.0,-3842.0
55024U109,New Holding,LUMENTUM HLDGS INC,,,3036.0,125459.0,,
363576109,Sold Out,GALLAGHER ARTHUR J & CO,405.0,9115.0,,,,
931427108,Sold Out,WALGREENS BOOTS ALLIANCE INC,1341.0,15917.0,,,,
55306N104,Sold Out,MKS INSTRUMENT INC,327.0,8698.0,,,,
81282V100,New Holding,SEAWORLD ENTMT INC,,,395.0,27619.0,,
M22465104,New Holding,CHECK POINT SOFTWARE TECH LT,,,1827.0,22935.0,,
98417P105,Sold Out,XINYUAN REAL ESTATE CO LTD,150.0,33900.0,,,,
Y09827109,Not New,BROADCOM LTD,2010.0,12929.0,1330.0,8610.0,-680.0,-4319.0
67555N206,New Holding,OCLARO INC,,,982.0,201290.0,,
369604103,New Holding,GENERAL ELECTRIC CO,,,814.0,25858.0,,
698354107,New Holding,PANDORA MEDIA INC,,,180.0,14492.0,,
04351G101,New Holding,ASCENA RETAIL GROUP INC,,,127.0,18098.0,,
452327109,New Holding,ILLUMINA INC,,,1119.0,7976.0,,
04247X102,Sold Out,ARMSTRONG WORLD INDS INC NEW,260.0,5377.0,,,,
891027104,Sold Out,TORCHMARK CORP,215.0,3970.0,,,,
11133B409,New Holding,BROADSOFT INC,,,1031.0,25131.0,,
741503403,Sold Out,PRICELINE GRP INC,1013.0,786.0,,,,
00846U101,Sold Out,AGILENT TECHNOLOGIES INC,536.0,13452.0,,,,
168905107,New Holding,CHILDRENS PL INC,,,201.0,2506.0,,
37733W105,New Holding,GLAXOSMITHKLINE PLC,,,270.0,6225.0,,
L0175J104,Sold Out,ALTISOURCE PORTFOLIO SOLNS S,457.0,18938.0,,,,
G48833100,New Holding,WEATHERFORD INTL PLC,,,102.0,18344.0,,
69327R101,Not New,PDC ENERGY INC,259.0,4497.0,449.0,7546.0,190.0,3049.0
92342Y109,New Holding,VERIFONE SYS INC,,,335.0,18067.0,,
858119100,New Holding,STEEL DYNAMICS INC,,,841.0,34297.0,,
90130A200,New Holding,TWENTY FIRST CENTY FOX INC,,,752.0,27593.0,,
440452100,Sold Out,HORMEL FOODS CORP,371.0,8580.0,,,,
609207105,Not New,MONDELEZ INTL INC,1152.0,25326.0,978.0,24376.0,-174.0,-950.0
984332106,Sold Out,YAHOO INC,952.0,25875.0,,,,
189464100,Not New,CLOVIS ONCOLOGY INC,336.0,24440.0,233.0,12096.0,-103.0,-12344.0
395259104,New Holding,GREENHILL & CO INC,,,396.0,24594.0,,
720190206,Sold Out,PIEDMONT OFFICE REALTY TR IN,260.0,12823.0,,,,
436440101,Sold Out,HOLOGIC INC,689.0,19974.0,,,,
82823L106,Sold Out,SILVER STD RES INC,58.0,10441.0,,,,
59156R108,Sold Out,METLIFE INC,264.0,6000.0,,,,
444859102,New Holding,HUMANA INC,,,1079.0,6000.0,,
78462F103,Sold Out,SPDR S&P 500 ETF TR,9803.0,47700.0,,,,
08579W103,New Holding,BERRY PLASTICS GROUP INC,,,214.0,5506.0,,
88162F105,New Holding,TETRA TECHNOLOGIES INC DEL,,,155.0,24327.0,,
78486Q101,Sold Out,SVB FINL GROUP,773.0,7578.0,,,,
452308109,Sold Out,ILLINOIS TOOL WKS INC,900.0,8789.0,,,,
023135106,Not New,AMAZON COM INC,1559.0,2179.0,2096.0,3531.0,537.0,1352.0
M96883109,New Holding,VASCULAR BIOGENICS LTD,,,134.0,29000.0,,
731068102,Sold Out,POLARIS INDS INC,607.0,6161.0,,,,
320517105,Not New,FIRST HORIZON NATL CORP,1098.0,79707.0,833.0,63588.0,-265.0,-16119.0
055622104,Sold Out,BP PLC,208.0,6878.0,,,,
57686G105,Sold Out,MATSON INC,365.0,9075.0,,,,
031100100,Not New,AMETEK INC NEW,583.0,12616.0,857.0,17155.0,274.0,4539.0
71377A103,New Holding,PERFORMANCE FOOD GROUP CO,,,271.0,10051.0,,
260543103,New Holding,DOW CHEM CO,,,261.0,5240.0,,
742718109,New Holding,PROCTER & GAMBLE CO,,,353.0,4172.0,,
59001K100,New Holding,MERITOR INC,,,144.0,19995.0,,
58155Q103,Sold Out,MCKESSON CORP,1024.0,6509.0,,,,
00484M106,Not New,ACORDA THERAPEUTICS INC,868.0,34051.0,291.0,10971.0,-577.0,-23080.0
G29183103,Sold Out,EATON CORP PLC,1266.0,20241.0,,,,
045327103,New Holding,ASPEN TECHNOLOGY INC,,,537.0,13328.0,,
862121100,Sold Out,STORE CAP CORP,12644.0,488518.0,,,,
039483102,New Holding,ARCHER DANIELS MIDLAND CO,,,395.0,9213.0,,
020520102,New Holding,ALON USA ENERGY INC,,,131.0,20246.0,,
G25839104,New Holding,COCA COLA EUROPEAN PARTNERS,,,1057.0,29622.0,,
456837103,New Holding,ING GROEP N V,,,264.0,25604.0,,
87164P103,New Holding,SYNERGY RES CORP,,,798.0,119734.0,,
03152W109,Sold Out,AMICUS THERAPEUTICS INC,93.0,11022.0,,,,
38141G104,Not New,GOLDMAN SACHS GROUP INC,350.0,2356.0,665.0,4236.0,315.0,1880.0
G5876H105,New Holding,MARVELL TECHNOLOGY GROUP LTD,,,896.0,93952.0,,
68389X105,Not New,ORACLE CORP,5123.0,125166.0,1346.0,32904.0,-3777.0,-92262.0
713448108,New Holding,PEPSICO INC,,,1333.0,12585.0,,
25754A201,Sold Out,DOMINOS PIZZA INC,820.0,6219.0,,,,
667340103,Sold Out,NORTHWEST BANCSHARES INC MD,311.0,23025.0,,,,
59408Q106,Not New,MICHAELS COS INC,509.0,17912.0,1083.0,38729.0,574.0,20817.0
69366J200,Sold Out,PTC THERAPEUTICS INC,72.0,11211.0,,,,
40416M105,New Holding,HD SUPPLY HLDGS INC,,,216.0,6191.0,,
V7780T103,New Holding,ROYAL CARIBBEAN CRUISES LTD,,,1846.0,27482.0,,
65440R101,New Holding,NIMBLE STORAGE INC,,,1000.0,125653.0,,
682189105,New Holding,ON SEMICONDUCTOR CORP,,,91.0,10324.0,,
038222105,New Holding,APPLIED MATLS INC,,,2314.0,96486.0,,
014339105,New Holding,ALDER BIOPHARMACEUTICALS INC,,,230.0,9215.0,,
198280109,New Holding,COLUMBIA PIPELINE GROUP INC,,,332.0,13039.0,,
15135U109,New Holding,CENOVUS ENERGY INC,,,334.0,24148.0,,
540424108,Sold Out,LOEWS CORP,411.0,10748.0,,,,
888706108,Sold Out,TIVO INC,314.0,33050.0,,,,
064058100,Sold Out,BANK NEW YORK MELLON CORP,1758.0,47732.0,,,,
95082P105,Sold Out,WESCO INTL INC,661.0,12092.0,,,,
46116X101,New Holding,INTRA CELLULAR THERAPIES INC,,,460.0,11871.0,,
147528103,Sold Out,CASEYS GEN STORES INC,468.0,4131.0,,,,
00771V108,New Holding,AERIE PHARMACEUTICALS INC,,,211.0,11990.0,,
086516101,New Holding,BEST BUY INC,,,2452.0,80144.0,,
057224107,New Holding,BAKER HUGHES INC,,,580.0,12836.0,,
78464A755,New Holding,SPDR SERIES TRUST,,,220.0,9000.0,,
521865204,New Holding,LEAR CORP,,,1742.0,17118.0,,
163072101,Sold Out,CHEESECAKE FACTORY INC,539.0,10148.0,,,,
198287203,New Holding,COLUMBIA PPTY TR INC,,,209.0,9792.0,,
31428X106,Not New,FEDEX CORP,1287.0,8479.0,1734.0,10659.0,447.0,2180.0
14040H105,Sold Out,CAPITAL ONE FINL CORP,245.0,3534.0,,,,
073302101,Not New,B/E AEROSPACE INC,554.0,11988.0,259.0,5619.0,-295.0,-6369.0
171798101,New Holding,CIMAREX ENERGY CO,,,1445.0,12108.0,,
881569107,New Holding,TESARO INC,,,2511.0,29878.0,,
369550108,Sold Out,GENERAL DYNAMICS CORP,654.0,4982.0,,,,
929740108,Sold Out,WABTEC CORP,414.0,5218.0,,,,
00724F101,Sold Out,ADOBE SYS INC,660.0,7037.0,,,,
80283M101,Not New,SANTANDER CONSUMER USA HDG I,156.0,15132.0,368.0,35075.0,212.0,19943.0
487836108,New Holding,KELLOGG CO,,,483.0,5912.0,,
697900108,New Holding,PAN AMERICAN SILVER CORP,,,177.0,10749.0,,
344849104,Sold Out,FOOT LOCKER INC,1553.0,24077.0,,,,
743606105,Sold Out,PROSPERITY BANCSHARES INC,681.0,14674.0,,,,
693475105,Not New,PNC FINL SVCS GROUP INC,2318.0,28481.0,270.0,3191.0,-2048.0,-25290.0
25470M109,New Holding,DISH NETWORK CORP,,,447.0,8544.0,,
526107107,New Holding,LENNOX INTL INC,,,282.0,1981.0,,
