CUSIP,status,NAME OF ISSUER,(x$1000)_old,PRN AMT_old,(x$1000),PRN AMT,(x$1000)_change,PRN AMT_change
G66721104,Sold Out,NORWEGIAN CRUISE LINE HLDGS,2168.0,54418.0,,,,
74733V100,Not New,QEP RES INC,517.0,26467.0,1788.0,101402.0,1271.0,74935.0
443573100,New Holding,HUBSPOT INC,,,742.0,12868.0,,
03076C106,Not New,AMERIPRISE FINL INC,212.0,2124.0,404.0,4499.0,192.0,2375.0
G16962105,Sold Out,BUNGE LIMITED,665.0,11247.0,,,,
67066G104,New Holding,NVIDIA CORP,,,1514.0,22105.0,,
044209104,Sold Out,ASHLAND INC NEW,499.0,4350.0,,,,
25278X109,Not New,DIAMONDBACK ENERGY INC,889.0,9214.0,789.0,8653.0,-100.0,-561.0
226718104,Not New,CRITEO S A,1473.0,41947.0,683.0,14892.0,-790.0,-27055.0
G58249106,Sold Out,MARKIT LTD,444.0,13607.0,,,,
824348106,Sold Out,SHERWIN WILLIAMS CO,907.0,3087.0,,,,
458118106,Not New,INTEGRATED DEVICE TECHNOLOGY,446.0,19306.0,468.0,23242.0,22.0,3936.0
87403A107,Sold Out,TAILORED BRANDS INC,402.0,31754.0,,,,
683745103,Not New,OPHTHOTECH CORP,472.0,10248.0,267.0,5237.0,-205.0,-5011.0
803607100,Not New,SAREPTA THERAPEUTICS INC,3319.0,54038.0,670.0,35117.0,-2649.0,-18921.0
909214306,New Holding,UNISYS CORP,,,443.0,45413.0,,
931142103,New Holding,WAL-MART STORES INC,,,536.0,7429.0,,
966387102,Sold Out,WHITING PETE CORP NEW,233.0,25124.0,,,,
20337X109,Not New,COMMSCOPE HLDG CO INC,9671.0,321172.0,11230.0,361887.0,1559.0,40715.0
G037AX101,New Holding,AMBARELLA INC,,,331.0,4500.0,,
002896207,New Holding,ABERCROMBIE & FITCH CO,,,769.0,48449.0,,
929042109,Sold Out,VORNADO RLTY TR,990.0,9886.0,,,,
759531106,Sold Out,RELYPSA INC,626.0,33842.0,,,,
02043Q107,New Holding,ALNYLAM PHARMACEUTICALS INC,,,1737.0,25618.0,,
001055102,Sold Out,AFLAC INC,224.0,3110.0,,,,
69351T106,Sold Out,PPL CORP,3168.0,83918.0,,,,
78667J108,Not New,SAGE THERAPEUTICS INC,1408.0,30567.0,301.0,10000.0,-1107.0,-20567.0
969904101,Sold Out,WILLIAMS SONOMA INC,2450.0,47003.0,,,,
587200106,New Holding,MENTOR GRAPHICS CORP,,,635.0,23986.0,,
48238T109,Not New,KAR AUCTION SVCS INC,5710.0,132303.0,549.0,13150.0,-5161.0,-119153.0
00404A109,Not New,ACADIA HEALTHCARE COMPANY IN,217.0,4380.0,243.0,4380.0,26.0,0.0
G0772R208,New Holding,BANK OF NT BUTTERFIELD&SON L,,,8308.0,335525.0,,
004225108,Not New,ACADIA PHARMACEUTICALS INC,1169.0,36758.0,1330.0,40968.0,161.0,4210.0
G30401106,Sold Out,ENDO INTL PLC,158.0,10145.0,,,,
636518102,Sold Out,NATIONAL INSTRS CORP,442.0,16104.0,,,,
69840W108,New Holding,PANERA BREAD CO,,,616.0,3164.0,,
74340W103,Sold Out,PROLOGIS INC,1737.0,35415.0,,,,
548661107,Not New,LOWES COS INC,3327.0,46068.0,1970.0,24880.0,-1357.0,-21188.0
349853101,New Holding,FORWARD AIR CORP,,,207.0,4776.0,,
49803L109,Sold Out,KITE PHARMA INC,571.0,11413.0,,,,
28176E108,Sold Out,EDWARDS LIFESCIENCES CORP,1099.0,11015.0,,,,
N6596X109,Not New,NXP SEMICONDUCTORS N V,8162.0,80004.0,3038.0,38791.0,-5124.0,-41213.0
H2906T109,New Holding,GARMIN LTD,,,619.0,12863.0,,
501889208,Not New,LKQ CORP,1848.0,52101.0,898.0,28301.0,-950.0,-23800.0
966837106,Not New,WHOLE FOODS MKT INC,1564.0,55141.0,4357.0,136099.0,2793.0,80958.0
12662P108,Sold Out,CVR ENERGY INC,181.0,11717.0,,,,
31430F101,Not New,FELCOR LODGING TR INC,135.0,21028.0,358.0,57465.0,223.0,36437.0
13057Q206,Sold Out,CALIFORNIA RES CORP,315.0,25844.0,,,,
053015103,Not New,AUTOMATIC DATA PROCESSING IN,426.0,4829.0,593.0,6457.0,167.0,1628.0
232577205,New Holding,CYNOSURE INC,,,1669.0,32758.0,,
23918K108,Not New,DAVITA INC,858.0,12997.0,238.0,3075.0,-620.0,-9922.0
460690100,Not New,INTERPUBLIC GROUP COS INC,794.0,35524.0,430.0,18615.0,-364.0,-16909.0
269796108,Sold Out,EAGLE PHARMACEUTICALS INC,510.0,13135.0,,,,
483007704,Sold Out,KAISER ALUMINUM CORP,320.0,3547.0,,,,
902104108,New Holding,II VI INC,,,243.0,10000.0,,
222070203,New Holding,COTY INC,,,804.0,34223.0,,
042068106,Sold Out,ARM HLDGS PLC,965.0,21208.0,,,,
89400J107,New Holding,TRANSUNION,,,430.0,12437.0,,
25179M103,Not New,DEVON ENERGY CORP NEW,927.0,21012.0,680.0,18746.0,-247.0,-2266.0
27579R104,Not New,EAST WEST BANCORP INC,218.0,5934.0,717.0,20980.0,499.0,15046.0
366651107,Sold Out,GARTNER INC,908.0,9315.0,,,,
98919V105,Not New,ZAYO GROUP HLDGS INC,5646.0,190043.0,7854.0,281206.0,2208.0,91163.0
285512109,New Holding,ELECTRONIC ARTS INC,,,1209.0,14161.0,,
31816Q101,Not New,FIREEYE INC,1074.0,72900.0,791.0,48043.0,-283.0,-24857.0
48273J107,Not New,K2M GROUP HLDGS INC,198.0,11112.0,156.0,10030.0,-42.0,-1082.0
G6359F103,Not New,NABORS INDUSTRIES LTD,238.0,19585.0,283.0,28086.0,45.0,8501.0
576485205,Sold Out,MATADOR RES CO,400.0,20186.0,,,,
G5480U153,New Holding,LIBERTY GLOBAL PLC,,,773.0,27566.0,,
44919P508,Sold Out,IAC INTERACTIVECORP,368.0,6529.0,,,,
29251M106,Not New,ENANTA PHARMACEUTICALS INC,303.0,11376.0,331.0,15015.0,28.0,3639.0
452907108,Not New,IMMUNOMEDICS INC,67.0,20590.0,123.0,53012.0,56.0,32422.0
907818108,Not New,UNION PAC CORP,899.0,9219.0,1963.0,22499.0,1064.0,13280.0
31572Q808,Sold Out,FIBROGEN INC,660.0,40236.0,,,,
57636Q104,Not New,MASTERCARD INCORPORATED,1039.0,10206.0,4037.0,45843.0,2998.0,35637.0
256746108,Not New,DOLLAR TREE INC,1450.0,18370.0,800.0,8489.0,-650.0,-9881.0
83578Q209,Sold Out,SOPHIRIS BIO INC,45.0,20883.0,,,,
G491BT108,Not New,INVESCO LTD,222.0,7127.0,497.0,19478.0,275.0,12351.0
268158201,New Holding,DYNAVAX TECHNOLOGIES CORP,,,179.0,17070.0,,
00751Y106,Not New,ADVANCE AUTO PARTS INC,1344.0,9010.0,829.0,5127.0,-515.0,-3883.0
448579102,New Holding,HYATT HOTELS CORP,,,829.0,16853.0,,
58409L306,New Holding,MEDEQUITIES RLTY TR INC,,,3322.0,282690.0,,
03073E105,Sold Out,AMERISOURCEBERGEN CORP,224.0,2828.0,,,,
177376100,Sold Out,CITRIX SYS INC,1140.0,14238.0,,,,
90130A101,Not New,TWENTY FIRST CENTY FOX INC,3740.0,154382.0,902.0,33326.0,-2838.0,-121056.0
806857108,Not New,SCHLUMBERGER LTD,1515.0,19266.0,555.0,7022.0,-960.0,-12244.0
04033A100,New Holding,ARIAD PHARMACEUTICALS INC,,,156.0,11365.0,,
913017109,Not New,UNITED TECHNOLOGIES CORP,1827.0,17983.0,433.0,4224.0,-1394.0,-13759.0
88579Y101,Sold Out,3M CO,1246.0,7119.0,,,,
13123E500,New Holding,CALLIDUS SOFTWARE INC,,,2525.0,137617.0,,
655664100,New Holding,NORDSTROM INC,,,2508.0,48355.0,,
02153W100,Not New,ALTISOURCE RESIDENTIAL CORP,185.0,17000.0,156.0,17000.0,-29.0,0.0
92047W101,New Holding,VALVOLINE INC,,,8222.0,350000.0,,
22160K105,New Holding,COSTCO WHSL CORP NEW,,,2717.0,17815.0,,
83088M102,New Holding,SKYWORKS SOLUTIONS INC,,,3158.0,41483.0,,
02079K107,Not New,ALPHABET INC,390.0,502.0,763.0,1103.0,373.0,601.0
872540109,Not New,TJX COS INC NEW,1029.0,13751.0,742.0,9602.0,-287.0,-4149.0
852234103,Sold Out,SQUARE INC,3441.0,380220.0,,,,
018581108,Sold Out,ALLIANCE DATA SYSTEMS CORP,1272.0,6493.0,,,,
03027X100,New Holding,AMERICAN TOWER CORP NEW,,,1700.0,15000.0,,
458140100,Not New,INTEL CORP,1759.0,46587.0,1091.0,33293.0,-668.0,-13294.0
00847G705,New Holding,AGENUS INC,,,128.0,17833.0,,
52729N308,Not New,LEVEL 3 COMMUNICATIONS INC,1230.0,26518.0,1372.0,26635.0,142.0,117.0
74587V107,New Holding,PUMA BIOTECHNOLOGY INC,,,1247.0,18596.0,,
015351109,Sold Out,ALEXION PHARMACEUTICALS INC,5460.0,46768.0,,,,
91912E105,Sold Out,VALE S A,223.0,44000.0,,,,
30257X104,New Holding,FB FINL CORP,,,2119.0,105000.0,,
833034101,Sold Out,SNAP ON INC,297.0,1878.0,,,,
009728106,New Holding,AKORN INC,,,669.0,24557.0,,
007903107,New Holding,ADVANCED MICRO DEVICES INC,,,1221.0,176574.0,,
054303102,Not New,AVON PRODS INC,79.0,13961.0,170.0,44900.0,91.0,30939.0
501044101,New Holding,KROGER CO,,,1035.0,34888.0,,
929089100,Sold Out,VOYA FINL INC,2956.0,119408.0,,,,
22542D548,New Holding,CREDIT SUISSE NASSAU BRH,,,538.0,8000.0,,
01973R101,Sold Out,ALLISON TRANSMISSION HLDGS I,298.0,10528.0,,,,
74347W353,Sold Out,PROSHARES TR II,460.0,9639.0,,,,
29275Y102,Sold Out,ENERSYS,322.0,5429.0,,,,
116794108,Sold Out,BRUKER CORP,200.0,8781.0,,,,
871607107,New Holding,SYNOPSYS INC,,,722.0,12170.0,,
78409V104,Sold Out,S&P GLOBAL INC,767.0,7146.0,,,,
737446104,Not New,POST HLDGS INC,5646.0,73166.0,1342.0,16229.0,-4304.0,-56937.0
22164K101,New Holding,COTIVITI HLDGS INC,,,502.0,14966.0,,
09247X101,New Holding,BLACKROCK INC,,,1030.0,2842.0,,
13123X102,Not New,CALLON PETE CO DEL,331.0,21054.0,180.0,16071.0,-151.0,-4983.0
71714F104,New Holding,PHARMERICA CORP,,,737.0,26277.0,,
G5480U104,New Holding,LIBERTY GLOBAL PLC,,,1171.0,34250.0,,
723787107,Sold Out,PIONEER NAT RES CO,1489.0,9846.0,,,,
631103108,Sold Out,NASDAQ INC,266.0,4116.0,,,,
76169B102,Sold Out,REXNORD CORP NEW,228.0,11612.0,,,,
314211103,Not New,FEDERATED INVS INC PA,1447.0,48840.0,402.0,13962.0,-1045.0,-34878.0
419879101,Sold Out,HAWAIIAN HOLDINGS INC,1616.0,42590.0,,,,
G9019D104,Sold Out,TRAVELPORT WORLDWIDE LTD,222.0,17253.0,,,,
03852U106,Sold Out,ARAMARK,1631.0,48804.0,,,,
103304101,Not New,BOYD GAMING CORP,5190.0,262404.0,456.0,24792.0,-4734.0,-237612.0
34959J108,New Holding,FORTIVE CORP,,,277.0,5446.0,,
293792107,Sold Out,ENTERPRISE PRODS PARTNERS L,449.0,15358.0,,,,
464287556,New Holding,ISHARES TR,,,1389.0,4800.0,,
98986T108,New Holding,ZYNGA INC,,,115.0,39395.0,,
68906L105,New Holding,OTONOMY INC,,,364.0,20000.0,,
680223104,New Holding,OLD REP INTL CORP,,,181.0,10259.0,,
171779309,Not New,CIENA CORP,5934.0,272190.0,6602.0,352099.0,668.0,79909.0
14057J101,Not New,CAPITOL FED FINL INC,1253.0,89067.0,667.0,47827.0,-586.0,-41240.0
73935A104,New Holding,POWERSHARES QQQ TRUST,,,522.0,4400.0,,
15130J109,Sold Out,CEMPRA INC,165.0,10002.0,,,,
898402102,Sold Out,TRUSTMARK CORP,445.0,17891.0,,,,
917047102,Sold Out,URBAN OUTFITTERS INC,489.0,17772.0,,,,
269246401,New Holding,E TRADE FINANCIAL CORP,,,245.0,8384.0,,
13645T100,Sold Out,CANADIAN PAC RY LTD,2561.0,19879.0,,,,
379378102,Sold Out,GLOBAL NET LEASE INC,123.0,15517.0,,,,
09228F103,New Holding,BLACKBERRY LTD,,,200.0,25000.0,,
30063P105,New Holding,EXACT SCIENCES CORP,,,1286.0,69234.0,,
G02602103,Not New,AMDOCS LTD,1061.0,18332.0,1900.0,32918.0,839.0,14586.0
72348P104,Not New,PINNACLE FOODS INC DEL,4001.0,79753.0,1320.0,28529.0,-2681.0,-51224.0
42824C109,New Holding,HEWLETT PACKARD ENTERPRISE C,,,1661.0,72972.0,,
31847R102,New Holding,FIRST AMERN FINL CORP,,,434.0,11062.0,,
126650100,Not New,CVS HEALTH CORP,401.0,4502.0,1816.0,18973.0,1415.0,14471.0
28106W103,Not New,EDITAS MEDICINE INC,189.0,13982.0,349.0,14312.0,160.0,330.0
755111507,Not New,RAYTHEON CO,1265.0,9296.0,251.0,1851.0,-1014.0,-7445.0
707569109,Not New,PENN NATL GAMING INC,1507.0,111096.0,417.0,29906.0,-1090.0,-81190.0
256677105,Sold Out,DOLLAR GEN CORP NEW,321.0,3410.0,,,,
743315103,Not New,PROGRESSIVE CORP OHIO,1056.0,33516.0,263.0,7840.0,-793.0,-25676.0
437076102,Sold Out,HOME DEPOT INC,398.0,3117.0,,,,
031162100,New Holding,AMGEN INC,,,1254.0,7521.0,,
64110D104,New Holding,NETAPP INC,,,215.0,6000.0,,
203668108,Not New,COMMUNITY HEALTH SYS INC NEW,263.0,22751.0,239.0,19800.0,-24.0,-2951.0
09531U102,New Holding,BLUE BUFFALO PET PRODS INC,,,5488.0,230984.0,,
577081102,Not New,MATTEL INC,3480.0,114930.0,854.0,27313.0,-2626.0,-87617.0
29664W105,New Holding,ESPERION THERAPEUTICS INC NE,,,278.0,20062.0,,
00507V109,Sold Out,ACTIVISION BLIZZARD INC,826.0,20833.0,,,,
45329R109,Sold Out,INC RESH HLDGS INC,282.0,7374.0,,,,
G0176J109,Sold Out,ALLEGION PUB LTD CO,450.0,6473.0,,,,
876664103,Sold Out,TAUBMAN CTRS INC,205.0,2763.0,,,,
09061G101,Sold Out,BIOMARIN PHARMACEUTICAL INC,3004.0,38607.0,,,,
458665304,Sold Out,INTERFACE INC,215.0,14081.0,,,,
74251V102,Sold Out,PRINCIPAL FINL GROUP INC,244.0,5954.0,,,,
G47567105,New Holding,IHS MARKIT LTD,,,2046.0,54490.0,,
23282W605,New Holding,CYTOKINETICS INC,,,184.0,20000.0,,
94106L109,Sold Out,WASTE MGMT INC DEL,321.0,4840.0,,,,
232806109,New Holding,CYPRESS SEMICONDUCTOR CORP,,,1495.0,122985.0,,
267475101,New Holding,DYCOM INDS INC,,,6230.0,76182.0,,
H00263105,New Holding,AC IMMUNE SA,,,243.0,14779.0,,
G54050102,Sold Out,LAZARD LTD,862.0,28966.0,,,,
67576A100,Not New,OCULAR THERAPEUTIX INC,143.0,20903.0,97.0,19670.0,-46.0,-1233.0
60671Q104,Not New,MITEL NETWORKS CORP,925.0,125710.0,317.0,50261.0,-608.0,-75449.0
81762P102,Not New,SERVICENOW INC,407.0,5133.0,1252.0,18853.0,845.0,13720.0
98310W108,New Holding,WYNDHAM WORLDWIDE CORP,,,208.0,3092.0,,
88023U101,New Holding,TEMPUR SEALY INTL INC,,,1567.0,27613.0,,
00739L101,New Holding,ADURO BIOTECH INC,,,228.0,18373.0,,
110122108,New Holding,BRISTOL MYERS SQUIBB CO,,,2954.0,54797.0,,
370334104,Not New,GENERAL MLS INC,2697.0,42226.0,307.0,4300.0,-2390.0,-37926.0
60855R100,New Holding,MOLINA HEALTHCARE INC,,,668.0,11457.0,,
718172109,Not New,PHILIP MORRIS INTL INC,1361.0,14001.0,543.0,5341.0,-818.0,-8660.0
142339100,Not New,CARLISLE COS INC,1301.0,12681.0,3070.0,29052.0,1769.0,16371.0
G1151C101,Sold Out,ACCENTURE PLC IRELAND,2375.0,20960.0,,,,
844741108,New Holding,SOUTHWEST AIRLS CO,,,653.0,16798.0,,
762760106,Not New,RICE ENERGY INC,942.0,36102.0,609.0,27628.0,-333.0,-8474.0
55616P104,Not New,MACYS INC,6670.0,180023.0,1422.0,42319.0,-5248.0,-137704.0
38059T106,Sold Out,GOLD FIELDS LTD NEW,126.0,25759.0,,,,
82669G104,Not New,SIGNATURE BK NEW YORK N Y,593.0,5006.0,896.0,7178.0,303.0,2172.0
500472303,Sold Out,KONINKLIJKE PHILIPS N V,213.0,8559.0,,,,
854502101,Not New,STANLEY BLACK & DECKER INC,501.0,4070.0,1367.0,12292.0,866.0,8222.0
233326107,Not New,DST SYS INC DEL,218.0,1848.0,342.0,2939.0,124.0,1091.0
284902103,New Holding,ELDORADO GOLD CORP NEW,,,152.0,38576.0,,
928254101,New Holding,VIRTU FINL INC,,,167.0,11180.0,,
02079K305,Not New,ALPHABET INC,4658.0,5793.0,482.0,685.0,-4176.0,-5108.0
816212104,Sold Out,SELECTA BIOSCIENCES INC,656.0,46869.0,,,,
66987V109,New Holding,NOVARTIS A G,,,1691.0,21405.0,,
651229106,Not New,NEWELL BRANDS INC,3742.0,71059.0,949.0,19539.0,-2793.0,-51520.0
983919101,Not New,XILINX INC,2700.0,49685.0,443.0,9617.0,-2257.0,-40068.0
963320106,Sold Out,WHIRLPOOL CORP,443.0,2659.0,,,,
008252108,Not New,AFFILIATED MANAGERS GROUP,578.0,3998.0,3666.0,26043.0,3088.0,22045.0
12572Q105,Not New,CME GROUP INC,1076.0,10296.0,1873.0,19227.0,797.0,8931.0
G3157S106,New Holding,ENSCO PLC,,,111.0,13014.0,,
48666K109,Sold Out,KB HOME,1377.0,90538.0,,,,
25490K570,Sold Out,DIREXION SHS ETF TR,3040.0,24107.0,,,,
64125C109,Not New,NEUROCRINE BIOSCIENCES INC,274.0,5419.0,3939.0,86663.0,3665.0,81244.0
03820C105,Sold Out,APPLIED INDL TECHNOLOGIES IN,523.0,11587.0,,,,
17275R102,New Holding,CISCO SYS INC,,,3172.0,100000.0,,
09180C106,New Holding,BJS RESTAURANTS INC,,,306.0,8623.0,,
172908105,Not New,CINTAS CORP,1376.0,12223.0,600.0,6111.0,-776.0,-6112.0
05366U100,New Holding,AVEXIS INC,,,200.0,4840.0,,
466367109,Not New,JACK IN THE BOX INC,2296.0,23931.0,335.0,3904.0,-1961.0,-20027.0
089302103,Sold Out,BIG LOTS INC,1243.0,24795.0,,,,
G7S00T104,Sold Out,PENTAIR PLC,205.0,3524.0,,,,
44157R109,New Holding,HOUGHTON MIFFLIN HARCOURT CO,,,813.0,60672.0,,
74978Q105,New Holding,RSP PERMIAN INC,,,620.0,15991.0,,
69370C100,Not New,PTC INC,723.0,16330.0,392.0,10447.0,-331.0,-5883.0
91843L103,Sold Out,VWR CORP,225.0,7776.0,,,,
053484101,Sold Out,AVALONBAY CMNTYS INC,1335.0,7399.0,,,,
G60754101,New Holding,MICHAEL KORS HLDGS LTD,,,2181.0,46614.0,,
594918104,Not New,MICROSOFT CORP,841.0,14599.0,1269.0,24800.0,428.0,10201.0
G0551A103,Not New,ARRIS INTL INC,1335.0,47149.0,1449.0,69107.0,114.0,21958.0
026874784,New Holding,AMERICAN INTL GROUP INC,,,215.0,3622.0,,
98978L204,New Holding,ZOGENIX INC,,,130.0,11406.0,,
58501N101,Sold Out,MEDIVATION INC,603.0,10000.0,,,,
42809H107,Sold Out,HESS CORP,2570.0,42756.0,,,,
N53745100,New Holding,LYONDELLBASELL INDUSTRIES N,,,2410.0,29868.0,,
902653104,Sold Out,UDR INC,544.0,14750.0,,,,
72765Q601,Sold Out,PLATINUM GROUP METALS LTD,70.0,20515.0,,,,
294429105,New Holding,EQUIFAX INC,,,404.0,3003.0,,
316773100,New Holding,FIFTH THIRD BANCORP,,,623.0,30476.0,,
82735Q102,New Holding,SILVER BAY RLTY TR CORP,,,182.0,10351.0,,
650111107,New Holding,NEW YORK TIMES CO,,,247.0,20672.0,,
12709P103,Sold Out,CABOT MICROELECTRONICS CORP,233.0,5500.0,,,,
382550101,New Holding,GOODYEAR TIRE & RUBR CO,,,1079.0,33396.0,,
N72482107,New Holding,QIAGEN NV,,,1455.0,52992.0,,
747277101,Sold Out,QLOGIC CORP,278.0,18859.0,,,,
277276101,Sold Out,EASTGROUP PPTY INC,308.0,4457.0,,,,
292766102,New Holding,ENERPLUS CORP,,,183.0,28467.0,,
493267108,Not New,KEYCORP NEW,213.0,17472.0,2393.0,216620.0,2180.0,199148.0
526057104,New Holding,LENNAR CORP,,,1015.0,23962.0,,
62913F508,New Holding,NII HLDGS INC,,,183.0,55000.0,,
485170302,Not New,KANSAS CITY SOUTHERN,400.0,4291.0,1409.0,15643.0,1009.0,11352.0
30303M102,Not New,FACEBOOK INC,881.0,6869.0,1288.0,11270.0,407.0,4401.0
78377T107,Not New,RYMAN HOSPITALITY PPTYS INC,3034.0,63008.0,406.0,8004.0,-2628.0,-55004.0
23331A109,New Holding,D R HORTON INC,,,1015.0,33605.0,,
038336103,Sold Out,APTARGROUP INC,231.0,2919.0,,,,
22410J106,New Holding,CRACKER BARREL OLD CTRY STOR,,,379.0,2866.0,,
737010108,Sold Out,PORTOLA PHARMACEUTICALS INC,285.0,12043.0,,,,
088606108,Not New,BHP BILLITON LTD,252.0,7278.0,598.0,20921.0,346.0,13643.0
31787A507,New Holding,FINISAR CORP,,,4265.0,143129.0,,
82509L107,New Holding,SHOPIFY INC,,,1291.0,30074.0,,
552676108,Sold Out,M D C HLDGS INC,240.0,9873.0,,,,
45337C102,New Holding,INCYTE CORP,,,1076.0,11409.0,,
988498101,Not New,YUM BRANDS INC,2394.0,26360.0,482.0,5819.0,-1912.0,-20541.0
874224207,New Holding,TALEND S A,,,216.0,8280.0,,
701877102,Sold Out,PARSLEY ENERGY INC,473.0,17478.0,,,,
172755100,New Holding,CIRRUS LOGIC INC,,,526.0,9888.0,,
427825500,Not New,HERSHA HOSPITALITY TR,402.0,22310.0,635.0,37013.0,233.0,14703.0
674215108,Not New,OASIS PETE INC NEW,486.0,42359.0,323.0,34623.0,-163.0,-7736.0
607409109,New Holding,MOBILE TELESYSTEMS PJSC,,,1145.0,150000.0,,
848577102,New Holding,SPIRIT AIRLS INC,,,5734.0,134830.0,,
166764100,Not New,CHEVRON CORP NEW,618.0,6003.0,4098.0,39091.0,3480.0,33088.0
35671D857,Sold Out,FREEPORT-MCMORAN INC,535.0,47985.0,,,,
25490K554,Sold Out,DIREXION SHS ETF TR,1491.0,7486.0,,,,
22943F100,New Holding,CTRIP COM INTL LTD,,,704.0,15102.0,,
526107107,Sold Out,LENNOX INTL INC,282.0,1981.0,,,,
670100205,New Holding,NOVO-NORDISK A S,,,2419.0,58161.0,,
096761101,Sold Out,BOB EVANS FARMS INC,304.0,8007.0,,,,
74733T105,Sold Out,QLIK TECHNOLOGIES INC,4328.0,146301.0,,,,
032095101,Sold Out,AMPHENOL CORP NEW,280.0,4878.0,,,,
247361702,Sold Out,DELTA AIR LINES INC DEL,630.0,17282.0,,,,
31620M106,Not New,FIDELITY NATL INFORMATION SV,1069.0,13881.0,937.0,12709.0,-132.0,-1172.0
81369Y506,New Holding,SELECT SECTOR SPDR TR,,,233.0,3300.0,,
74347W312,Sold Out,PROSHARES TR II,983.0,104249.0,,,,
855244109,Sold Out,STARBUCKS CORP,843.0,14753.0,,,,
143130102,Not New,CARMAX INC,2002.0,37516.0,509.0,10375.0,-1493.0,-27141.0
682680103,Sold Out,ONEOK INC NEW,709.0,14932.0,,,,
06740Q252,New Holding,BARCLAYS BK PLC,,,754.0,22150.0,,
012653101,Sold Out,ALBEMARLE CORP,651.0,8203.0,,,,
446150104,Sold Out,HUNTINGTON BANCSHARES INC,1255.0,140398.0,,,,
989701107,Sold Out,ZIONS BANCORPORATION,795.0,31650.0,,,,
879369106,New Holding,TELEFLEX INC,,,1263.0,7516.0,,
H42097107,Sold Out,UBS GROUP AG,174.0,13423.0,,,,
436893200,New Holding,HOME BANCSHARES INC,,,1561.0,75000.0,,
88870P106,New Holding,TIVO CORP,,,1786.0,91682.0,,
037833100,Not New,APPLE INC,7119.0,62976.0,1617.0,16921.0,-5502.0,-46055.0
75606N109,New Holding,REALPAGE INC,,,773.0,30083.0,,
620076307,Sold Out,MOTOROLA SOLUTIONS INC,285.0,4317.0,,,,
151020104,Not New,CELGENE CORP,2127.0,20341.0,1992.0,20197.0,-135.0,-144.0
910047109,Sold Out,UNITED CONTL HLDGS INC,2796.0,68133.0,,,,
550021109,Not New,LULULEMON ATHLETICA INC,306.0,5025.0,315.0,4262.0,9.0,-763.0
828336107,Sold Out,SILVER WHEATON CORP,310.0,13182.0,,,,
597742105,Sold Out,MIDLAND STS BANCORP INC ILL,2169.0,100000.0,,,,
01449J105,Sold Out,ALERE INC,866.0,20777.0,,,,
78388J106,Not New,SBA COMMUNICATIONS CORP,7877.0,70229.0,10847.0,100489.0,2970.0,30260.0
48020Q107,Sold Out,JONES LANG LASALLE INC,703.0,7222.0,,,,
254709108,New Holding,DISCOVER FINL SVCS,,,1428.0,25260.0,,
11120U105,Sold Out,BRIXMOR PPTY GROUP INC,3969.0,150000.0,,,,
767204100,Not New,RIO TINTO PLC,365.0,10940.0,732.0,23401.0,367.0,12461.0
G5480U120,Sold Out,LIBERTY GLOBAL PLC,1350.0,47116.0,,,,
216648402,Sold Out,COOPER COS INC,281.0,1638.0,,,,
745867101,Sold Out,PULTE GROUP INC,425.0,21810.0,,,,
26138E109,Sold Out,DR PEPPER SNAPPLE GROUP INC,712.0,7367.0,,,,
858155203,Sold Out,STEELCASE INC,178.0,13175.0,,,,
949746101,New Holding,WELLS FARGO & CO NEW,,,5856.0,132243.0,,
949746101,New Holding,WELLS FARGO & CO NEW,,,189.0,225000.0,,
G0750W104,Sold Out,AXOVANT SCIENCES LTD,314.0,24488.0,,,,
149123101,Sold Out,CATERPILLAR INC DEL,864.0,11402.0,,,,
402635304,Sold Out,GULFPORT ENERGY CORP,1185.0,37887.0,,,,
78573M104,Sold Out,SABRE CORP,1259.0,47007.0,,,,
697435105,Sold Out,PALO ALTO NETWORKS INC,1861.0,15173.0,,,,
26884L109,New Holding,EQT CORP,,,381.0,5245.0,,
69014Q101,Not New,OVASCIENCE INC,72.0,10000.0,52.0,10000.0,-20.0,0.0
N47279109,Not New,INTERXION HOLDING N.V,7822.0,215943.0,8422.0,228357.0,600.0,12414.0
136385101,Not New,CANADIAN NAT RES LTD,505.0,15761.0,373.0,12088.0,-132.0,-3673.0
260003108,New Holding,DOVER CORP,,,1307.0,17755.0,,
761299106,New Holding,RETROPHIN INC,,,909.0,40593.0,,
904311206,Sold Out,UNDER ARMOUR INC,1679.0,46123.0,,,,
194014106,Sold Out,COLFAX CORP,1058.0,39988.0,,,,
74022D308,Sold Out,PRECISION DRILLING CORP,58.0,10929.0,,,,
09253U108,New Holding,BLACKSTONE GROUP L P,,,424.0,16613.0,,
G9319H102,Sold Out,VALIDUS HOLDINGS LTD,441.0,9081.0,,,,
192446102,Sold Out,COGNIZANT TECHNOLOGY SOLUTIO,1286.0,22472.0,,,,
537008104,Sold Out,LITTELFUSE INC,436.0,3686.0,,,,
64110L106,New Holding,NETFLIX INC,,,8192.0,83118.0,,
21925Y103,Not New,CORNERSTONE ONDEMAND INC,700.0,15233.0,363.0,9541.0,-337.0,-5692.0
98933Q108,New Holding,ZELTIQ AESTHETICS INC,,,508.0,12953.0,,
808513105,Not New,SCHWAB CHARLES CORP NEW,326.0,10334.0,1432.0,56568.0,1106.0,46234.0
82568P304,New Holding,SHUTTERFLY INC,,,954.0,21373.0,,
872590104,New Holding,T MOBILE US INC,,,731.0,15640.0,,
58933Y105,Sold Out,MERCK & CO INC,1363.0,23657.0,,,,
512807108,New Holding,LAM RESEARCH CORP,,,553.0,5840.0,,
205826209,Sold Out,COMTECH TELECOMMUNICATIONS C,1524.0,118726.0,,,,
552697104,New Holding,MDC PARTNERS INC,,,479.0,44753.0,,
64051T100,Not New,NEOPHOTONICS CORP,1961.0,120027.0,672.0,70554.0,-1289.0,-49473.0
79466L302,Sold Out,SALESFORCE COM INC,2442.0,30751.0,,,,
893641100,Sold Out,TRANSDIGM GROUP INC,756.0,2870.0,,,,
375558103,Not New,GILEAD SCIENCES INC,1494.0,18875.0,1180.0,14145.0,-314.0,-4730.0
G4617B105,Not New,HORIZON PHARMA PLC,600.0,33109.0,189.0,11473.0,-411.0,-21636.0
524660107,New Holding,LEGGETT & PLATT INC,,,894.0,19614.0,,
207410101,Sold Out,CONMED CORP,848.0,17770.0,,,,
91911K102,Not New,VALEANT PHARMACEUTICALS INTL,1936.0,78843.0,2884.0,143200.0,948.0,64357.0
45826J105,Sold Out,INTELLIA THERAPEUTICS INC,223.0,10443.0,,,,
749685103,Sold Out,RPM INTL INC,453.0,9069.0,,,,
89469A104,Sold Out,TREEHOUSE FOODS INC,265.0,2575.0,,,,
92849E101,Sold Out,VITAMIN SHOPPE INC,237.0,7745.0,,,,
G3323L100,New Holding,FABRINET,,,896.0,20099.0,,
20825C104,Sold Out,CONOCOPHILLIPS,2441.0,55983.0,,,,
79546E104,Sold Out,SALLY BEAUTY HLDGS INC,324.0,11019.0,,,,
30219E103,Not New,EXPRESS INC,1675.0,142109.0,924.0,63694.0,-751.0,-78415.0
743187106,New Holding,PROGENICS PHARMACEUTICALS IN,,,97.0,15374.0,,
119848109,Not New,BUFFALO WILD WINGS INC,985.0,7000.0,3769.0,27128.0,2784.0,20128.0
37890U108,Sold Out,GLOBAL BLOOD THERAPEUTICS IN,1293.0,77912.0,,,,
194162103,Sold Out,COLGATE PALMOLIVE CO,412.0,5627.0,,,,
253393102,Not New,DICKS SPORTING GOODS INC,1293.0,22791.0,482.0,10684.0,-811.0,-12107.0
447011107,Sold Out,HUNTSMAN CORP,310.0,23042.0,,,,
20341J104,Not New,COMMUNICATIONS SALES&LEAS IN,7854.0,250045.0,14331.0,495901.0,6477.0,245856.0
88338N107,New Holding,THERAPEUTICSMD INC,,,457.0,67038.0,,
06742E711,Sold Out,BARCLAYS BK PLC,1785.0,129201.0,,,,
G0177J108,Not New,ALLERGAN PLC,729.0,3165.0,930.0,4025.0,201.0,860.0
867224107,Sold Out,SUNCOR ENERGY INC NEW,721.0,26003.0,,,,
552953101,Not New,MGM RESORTS INTERNATIONAL,285.0,10958.0,1922.0,84934.0,1637.0,73976.0
91529Y106,Sold Out,UNUM GROUP,851.0,26765.0,,,,
751452202,Sold Out,RAMCO-GERSHENSON PPTYS TR,427.0,21755.0,,,,
339041105,Not New,FLEETCOR TECHNOLOGIES INC,317.0,1823.0,1060.0,7403.0,743.0,5580.0
674599105,New Holding,OCCIDENTAL PETE CORP DEL,,,255.0,3500.0,,
921659108,New Holding,VANDA PHARMACEUTICALS INC,,,719.0,43169.0,,
48205A109,Sold Out,JUNO THERAPEUTICS INC,385.0,10039.0,,,,
752344309,Sold Out,RANDGOLD RES LTD,246.0,2200.0,,,,
481165108,Sold Out,JOY GLOBAL INC,235.0,11124.0,,,,
90385D107,Not New,ULTIMATE SOFTWARE GROUP INC,1039.0,5084.0,467.0,2222.0,-572.0,-2862.0
205306103,New Holding,COMPUTER PROGRAMS & SYS INC,,,296.0,11338.0,,
14964U108,Sold Out,CAVIUM INC,215.0,5569.0,,,,
48244B100,Sold Out,KCG HLDGS INC,359.0,26940.0,,,,
524901105,Not New,LEGG MASON INC,402.0,12006.0,995.0,33758.0,593.0,21752.0
36315X101,New Holding,GALAPAGOS NV,,,608.0,9398.0,,
984121103,New Holding,XEROX CORP,,,818.0,80738.0,,
603380106,New Holding,MINERVA NEUROSCIENCES INC,,,289.0,20481.0,,
01988P108,Sold Out,ALLSCRIPTS HEALTHCARE SOLUTN,225.0,17703.0,,,,
45672H104,New Holding,INFOBLOX INC,,,264.0,10000.0,,
747582104,Sold Out,QUALITY SYS INC,323.0,27141.0,,,,
58463J304,New Holding,MEDICAL PPTYS TRUST INC,,,739.0,50000.0,,
539830109,Sold Out,LOCKHEED MARTIN CORP,211.0,852.0,,,,
13100M509,New Holding,CALIX INC,,,184.0,25000.0,,
92240M108,Sold Out,VECTOR GROUP LTD,426.0,18998.0,,,,
477143101,New Holding,JETBLUE AIRWAYS CORP,,,2487.0,144250.0,,
92189F106,Sold Out,VANECK VECTORS ETF TR,1722.0,62154.0,,,,
747525103,New Holding,QUALCOMM INC,,,295.0,4312.0,,
878742204,Sold Out,TECK RESOURCES LTD,199.0,15100.0,,,,
73755L107,Sold Out,POTASH CORP SASK INC,254.0,15652.0,,,,
871639308,Sold Out,SYNERGY PHARMACEUTICALS DEL,83.0,21787.0,,,,
693656100,Not New,PVH CORP,3370.0,30488.0,3578.0,37982.0,208.0,7494.0
97650W108,Sold Out,WINTRUST FINL CORP,1147.0,22487.0,,,,
16411R208,New Holding,CHENIERE ENERGY INC,,,200.0,4579.0,,
881609101,Sold Out,TESORO CORP,707.0,9429.0,,,,
912008109,Sold Out,US FOODS HLDG CORP,623.0,25690.0,,,,
497266106,Sold Out,KIRBY CORP,505.0,8101.0,,,,
34959E109,Not New,FORTINET INC,670.0,18140.0,7392.0,233998.0,6722.0,215858.0
073685109,Not New,BEACON ROOFING SUPPLY INC,2520.0,59891.0,856.0,18827.0,-1664.0,-41064.0
889478103,Not New,TOLL BROTHERS INC,235.0,7875.0,749.0,27829.0,514.0,19954.0
032511107,Not New,ANADARKO PETE CORP,1714.0,27047.0,514.0,9642.0,-1200.0,-17405.0
7591EP100,Not New,REGIONS FINL CORP NEW,478.0,48454.0,1854.0,217873.0,1376.0,169419.0
882681109,New Holding,TEXAS ROADHOUSE INC,,,587.0,15038.0,,
016255101,New Holding,ALIGN TECHNOLOGY INC,,,939.0,10007.0,,
204166102,Not New,COMMVAULT SYSTEMS INC,1150.0,21638.0,476.0,11028.0,-674.0,-10610.0
G91442106,Sold Out,TYCO INTL PLC,907.0,21302.0,,,,
189754104,Not New,COACH INC,953.0,26063.0,1554.0,38147.0,601.0,12084.0
88033G407,New Holding,TENET HEALTHCARE CORP,,,916.0,40462.0,,
212015101,New Holding,CONTINENTAL RESOURCES INC,,,599.0,11530.0,,
500255104,Sold Out,KOHLS CORP,565.0,14880.0,,,,
G27823106,Sold Out,DELPHI AUTOMOTIVE PLC,524.0,8377.0,,,,
90138F102,Sold Out,TWILIO INC,617.0,16900.0,,,,
92857W308,New Holding,VODAFONE GROUP PLC NEW,,,1528.0,52432.0,,
24703L103,New Holding,DELL TECHNOLOGIES INC,,,11617.0,243030.0,,
G7496G103,Sold Out,RENAISSANCERE HOLDINGS LTD,378.0,3220.0,,,,
124857202,New Holding,CBS CORP NEW,,,3284.0,60000.0,,
57772K101,Sold Out,MAXIM INTEGRATED PRODS INC,389.0,10884.0,,,,
69404D108,Sold Out,PACIFIC BIOSCIENCES CALIF IN,295.0,41859.0,,,,
02553E106,Sold Out,AMERICAN EAGLE OUTFITTERS NE,290.0,18187.0,,,,
G5785G107,Sold Out,MALLINCKRODT PUB LTD CO,455.0,7479.0,,,,
873379101,New Holding,TABULA RASA HEALTHCARE INC,,,143.0,10000.0,,
00847X104,New Holding,AGIOS PHARMACEUTICALS INC,,,581.0,11000.0,,
249908104,New Holding,DEPOMED INC,,,395.0,15800.0,,
G51502105,New Holding,JOHNSON CTLS INTL PLC,,,847.0,18203.0,,
857477103,Not New,STATE STR CORP,1507.0,21651.0,1288.0,23890.0,-219.0,2239.0
254423106,Sold Out,DINEEQUITY INC,403.0,4759.0,,,,
35906A108,Sold Out,FRONTIER COMMUNICATIONS CORP,1159.0,234614.0,,,,
G47791101,Sold Out,INGERSOLL-RAND PLC,5897.0,92602.0,,,,
720279108,Sold Out,PIER 1 IMPORTS INC,170.0,33030.0,,,,
750469207,New Holding,RADIUS HEALTH INC,,,1569.0,29000.0,,
78442P106,Sold Out,SLM CORP,63.0,10193.0,,,,
565849106,Not New,MARATHON OIL CORP,2039.0,128936.0,979.0,65214.0,-1060.0,-63722.0
06846N104,New Holding,BARRETT BILL CORP,,,556.0,99997.0,,
91913Y100,Sold Out,VALERO ENERGY CORP NEW,852.0,16716.0,,,,
608190104,Not New,MOHAWK INDS INC,1245.0,6213.0,1184.0,6238.0,-61.0,25.0
317923100,Sold Out,FINISH LINE INC,237.0,11755.0,,,,
695127100,Sold Out,PACIRA PHARMACEUTICALS INC,1364.0,40447.0,,,,
G0408V102,Sold Out,AON PLC,1538.0,14084.0,,,,
44842L103,Sold Out,HUTCHISON CHINA MEDITECH LTD,631.0,48000.0,,,,
21833P103,New Holding,CORBUS PHARMACEUTICALS HLDGS,,,133.0,19467.0,,
571748102,New Holding,MARSH & MCLENNAN COS INC,,,1897.0,28207.0,,
359694106,Sold Out,FULLER H B CO,249.0,5667.0,,,,
169656105,New Holding,CHIPOTLE MEXICAN GRILL INC,,,1387.0,3275.0,,
126408103,Not New,CSX CORP,476.0,15611.0,374.0,14343.0,-102.0,-1268.0
09062X103,Not New,BIOGEN INC,5388.0,17215.0,2398.0,9915.0,-2990.0,-7300.0
02376R102,Sold Out,AMERICAN AIRLS GROUP INC,2724.0,96210.0,,,,
G97822103,Sold Out,PERRIGO CO PLC,1569.0,17307.0,,,,
18683K101,Sold Out,CLIFFS NAT RES INC,501.0,88394.0,,,,
82968B103,Sold Out,SIRIUS XM HLDGS INC,91.0,22963.0,,,,
228368106,Sold Out,CROWN HOLDINGS INC,773.0,15258.0,,,,
78463V107,Sold Out,SPDR GOLD TRUST,810.0,6400.0,,,,
30212P303,New Holding,EXPEDIA INC DEL,,,1753.0,15015.0,,
360271100,New Holding,FULTON FINL CORP PA,,,618.0,42623.0,,
12503M108,New Holding,CBOE HLDGS INC,,,1267.0,19545.0,,
955306105,New Holding,WEST PHARMACEUTICAL SVSC INC,,,1469.0,19710.0,,
67018T105,New Holding,NU SKIN ENTERPRISES INC,,,815.0,12580.0,,
418056107,Not New,HASBRO INC,1047.0,13201.0,827.0,9841.0,-220.0,-3360.0
150870103,Sold Out,CELANESE CORP DEL,773.0,11803.0,,,,
960413102,New Holding,WESTLAKE CHEM CORP,,,271.0,5050.0,,
92826C839,Not New,VISA INC,3761.0,45481.0,3938.0,53098.0,177.0,7617.0
17243V102,New Holding,CINEMARK HOLDINGS INC,,,2980.0,77858.0,,
30224P200,New Holding,EXTENDED STAY AMER INC,,,2428.0,170933.0,,
297178105,New Holding,ESSEX PPTY TR INC,,,741.0,3328.0,,
868157108,Not New,SUPERIOR ENERGY SVCS INC,377.0,21068.0,378.0,20524.0,1.0,-544.0
00508X203,Sold Out,ACTUANT CORP,277.0,12269.0,,,,
82481R106,New Holding,SHIRE PLC,,,1200.0,6189.0,,
881624209,New Holding,TEVA PHARMACEUTICAL INDS LTD,,,1098.0,23862.0,,
292505104,Not New,ENCANA CORP,855.0,81696.0,642.0,82368.0,-213.0,672.0
810186106,Sold Out,SCOTTS MIRACLE GRO CO,411.0,5887.0,,,,
04269X105,New Holding,ARRAY BIOPHARMA INC,,,819.0,121309.0,,
025816109,New Holding,AMERICAN EXPRESS CO,,,868.0,13554.0,,
87165B103,Not New,SYNCHRONY FINL,1294.0,46209.0,508.0,20082.0,-786.0,-26127.0
879382208,Sold Out,TELEFONICA S A,159.0,16745.0,,,,
443510607,Sold Out,HUBBELL INC,689.0,6527.0,,,,
49456B101,Sold Out,KINDER MORGAN INC DEL,821.0,43879.0,,,,
756577102,Sold Out,RED HAT INC,2103.0,28971.0,,,,
912909108,Sold Out,UNITED STATES STL CORP NEW,689.0,40896.0,,,,
693320202,New Holding,PHH CORP,,,884.0,61165.0,,
369300108,Sold Out,GENERAL CABLE CORP DEL NEW,197.0,15492.0,,,,
678026105,New Holding,OIL STS INTL INC,,,510.0,16184.0,,
90384S303,Sold Out,ULTA SALON COSMETCS & FRAG I,231.0,947.0,,,,
03820J100,New Holding,APPLIED GENETIC TECHNOL CORP,,,140.0,14335.0,,
235825205,New Holding,DANA INCORPORATED,,,410.0,26334.0,,
002824100,Not New,ABBOTT LABS,1702.0,40241.0,389.0,9902.0,-1313.0,-30339.0
05329W102,New Holding,AUTONATION INC,,,1154.0,23694.0,,
G0450A105,Sold Out,ARCH CAP GROUP LTD,1036.0,14394.0,,,,
174610105,Sold Out,CITIZENS FINL GROUP INC,2498.0,125011.0,,,,
20451N101,Sold Out,COMPASS MINERALS INTL INC,309.0,4173.0,,,,
518415104,Sold Out,LATTICE SEMICONDUCTOR CORP,257.0,48045.0,,,,
084670702,New Holding,BERKSHIRE HATHAWAY INC DEL,,,344.0,2378.0,,
92886T201,Not New,VONAGE HLDGS CORP,2082.0,315005.0,2135.0,350000.0,53.0,34995.0
131193104,Sold Out,CALLAWAY GOLF CO,266.0,26095.0,,,,
89620X506,Not New,TRILLIUM THERAPEUTICS INC,296.0,20000.0,180.0,20000.0,-116.0,0.0
011659109,New Holding,ALASKA AIR GROUP INC,,,1065.0,16161.0,,
717081103,Sold Out,PFIZER INC,406.0,11547.0,,,,
00206R102,Sold Out,AT&T INC,602.0,13932.0,,,,
860630102,New Holding,STIFEL FINL CORP,,,584.0,15197.0,,
29266S106,Sold Out,ENDOLOGIX INC,129.0,10340.0,,,,
101137107,New Holding,BOSTON SCIENTIFIC CORP,,,1349.0,56698.0,,
861642304,Sold Out,STONE ENERGY CORP,633.0,52500.0,,,,
92927K102,Sold Out,WABCO HLDGS INC,400.0,4370.0,,,,
571903202,Not New,MARRIOTT INTL INC NEW,1107.0,16438.0,467.0,7021.0,-640.0,-9417.0
09609G100,Sold Out,BLUEBIRD BIO INC,1247.0,28812.0,,,,
666807102,Sold Out,NORTHROP GRUMMAN CORP,743.0,3340.0,,,,
87612G101,Sold Out,TARGA RES CORP,293.0,6949.0,,,,
16119P108,Sold Out,CHARTER COMMUNICATIONS INC N,12690.0,55501.0,,,,
438516106,Sold Out,HONEYWELL INTL INC,457.0,3927.0,,,,
92189F718,New Holding,VANECK VECTORS ETF TR,,,230.0,7875.0,,
G65431101,Not New,NOBLE CORP PLC,164.0,25933.0,329.0,39963.0,165.0,14030.0
46428Q109,Sold Out,ISHARES SILVER TRUST,1262.0,70616.0,,,,
00287Y109,New Holding,ABBVIE INC,,,776.0,12300.0,,
M2682V108,New Holding,CYBERARK SOFTWARE LTD,,,2361.0,47623.0,,
40412C101,Sold Out,HCA HOLDINGS INC,255.0,3306.0,,,,
61174X109,New Holding,MONSTER BEVERAGE CORP NEW,,,2960.0,20160.0,,
64157F103,New Holding,NEVRO CORP,,,233.0,2228.0,,
243537107,New Holding,DECKERS OUTDOOR CORP,,,895.0,15031.0,,
29084Q100,Sold Out,EMCOR GROUP INC,552.0,11212.0,,,,
55024U109,Not New,LUMENTUM HLDGS INC,2377.0,56904.0,3036.0,125459.0,659.0,68555.0
440543106,New Holding,HORNBECK OFFSHORE SVCS INC N,,,61.0,11034.0,,
81282V100,Sold Out,SEAWORLD ENTMT INC,395.0,27619.0,,,,
M22465104,Sold Out,CHECK POINT SOFTWARE TECH LT,1827.0,22935.0,,,,
985817105,New Holding,YELP INC,,,263.0,6300.0,,
Y09827109,Not New,BROADCOM LTD,1329.0,7700.0,2010.0,12929.0,681.0,5229.0
67555N206,Not New,OCLARO INC,4295.0,502316.0,982.0,201290.0,-3313.0,-301026.0
369604103,Sold Out,GENERAL ELECTRIC CO,814.0,25858.0,,,,
698354107,Not New,PANDORA MEDIA INC,680.0,47519.0,180.0,14492.0,-500.0,-33027.0
04351G101,Not New,ASCENA RETAIL GROUP INC,196.0,35056.0,127.0,18098.0,-69.0,-16958.0
452327109,Sold Out,ILLUMINA INC,1119.0,7976.0,,,,
688239201,New Holding,OSHKOSH CORP,,,566.0,10107.0,,
11133B409,Not New,BROADSOFT INC,1913.0,41101.0,1031.0,25131.0,-882.0,-15970.0
741503403,New Holding,PRICELINE GRP INC,,,779.0,530.0,,
168905107,Sold Out,CHILDRENS PL INC,201.0,2506.0,,,,
37733W105,Not New,GLAXOSMITHKLINE PLC,294.0,6817.0,270.0,6225.0,-24.0,-592.0
G48833100,Not New,WEATHERFORD INTL PLC,978.0,174019.0,102.0,18344.0,-876.0,-155675.0
69327R101,Not New,PDC ENERGY INC,1202.0,17914.0,259.0,4497.0,-943.0,-13417.0
001744101,New Holding,AMN HEALTHCARE SERVICES INC,,,650.0,20408.0,,
G7945M107,New Holding,SEAGATE TECHNOLOGY PLC,,,380.0,9857.0,,
14875P107,New Holding,CATABASIS PHARMACEUTICALS IN,,,123.0,20000.0,,
92342Y109,Sold Out,VERIFONE SYS INC,335.0,18067.0,,,,
55825T103,New Holding,MADISON SQUARE GARDEN CO NEW,,,3583.0,21148.0,,
858119100,Sold Out,STEEL DYNAMICS INC,841.0,34297.0,,,,
90130A200,Sold Out,TWENTY FIRST CENTY FOX INC,752.0,27593.0,,,,
45167R104,New Holding,IDEX CORP,,,371.0,3962.0,,
609207105,Sold Out,MONDELEZ INTL INC,1152.0,25326.0,,,,
46625H100,New Holding,JPMORGAN CHASE & CO,,,260.0,3900.0,,
189464100,Not New,CLOVIS ONCOLOGY INC,5275.0,146322.0,336.0,24440.0,-4939.0,-121882.0
395259104,Sold Out,GREENHILL & CO INC,396.0,24594.0,,,,
23283R100,New Holding,CYRUSONE INC,,,13992.0,294137.0,,
444859102,Not New,HUMANA INC,682.0,3854.0,1079.0,6000.0,397.0,2146.0
78462F103,New Holding,SPDR S&P 500 ETF TR,,,368.0,1700.0,,
08579W103,Not New,BERRY PLASTICS GROUP INC,594.0,13537.0,214.0,5506.0,-380.0,-8031.0
78486Q101,New Holding,SVB FINL GROUP,,,998.0,9026.0,,
88162F105,Sold Out,TETRA TECHNOLOGIES INC DEL,155.0,24327.0,,,,
20030N101,New Holding,COMCAST CORP NEW,,,1099.0,16559.0,,
25459W888,New Holding,DIREXION SHS ETF TR,,,453.0,13613.0,,
452308109,New Holding,ILLINOIS TOOL WKS INC,,,2278.0,19005.0,,
126804301,New Holding,CABELAS INC,,,468.0,8505.0,,
023135106,Not New,AMAZON COM INC,15732.0,18789.0,1559.0,2179.0,-14173.0,-16610.0
M96883109,Sold Out,VASCULAR BIOGENICS LTD,134.0,29000.0,,,,
320517105,Sold Out,FIRST HORIZON NATL CORP,1098.0,79707.0,,,,
244199105,New Holding,DEERE & CO,,,734.0,8604.0,,
45866F104,New Holding,INTERCONTINENTAL EXCHANGE IN,,,435.0,1616.0,,
57686G105,New Holding,MATSON INC,,,1093.0,27401.0,,
031100100,Not New,AMETEK INC NEW,1097.0,22974.0,583.0,12616.0,-514.0,-10358.0
67059N108,New Holding,NUTANIX INC,,,3308.0,89400.0,,
78454L100,New Holding,SM ENERGY CO,,,1535.0,39794.0,,
71377A103,Sold Out,PERFORMANCE FOOD GROUP CO,271.0,10051.0,,,,
260543103,Sold Out,DOW CHEM CO,261.0,5240.0,,,,
N96617118,New Holding,WRIGHT MED GROUP N V,,,210.0,8569.0,,
742718109,Not New,PROCTER AND GAMBLE CO,1585.0,17661.0,353.0,4172.0,-1232.0,-13489.0
59001K100,Sold Out,MERITOR INC,144.0,19995.0,,,,
58155Q103,New Holding,MCKESSON CORP,,,889.0,5329.0,,
45378A106,New Holding,INDEPENDENCE RLTY TR INC,,,9000.0,1000000.0,,
00484M106,Not New,ACORDA THERAPEUTICS INC,613.0,29364.0,868.0,34051.0,255.0,4687.0
045327103,Sold Out,ASPEN TECHNOLOGY INC,537.0,13328.0,,,,
053774105,New Holding,AVIS BUDGET GROUP,,,339.0,9904.0,,
039483102,Sold Out,ARCHER DANIELS MIDLAND CO,395.0,9213.0,,,,
00401C108,New Holding,ACACIA COMMUNICATIONS INC,,,843.0,8163.0,,
020520102,Not New,ALON USA ENERGY INC,90.0,11152.0,131.0,20246.0,41.0,9094.0
32008D106,New Holding,FIRST DATA CORP NEW,,,181.0,13787.0,,
G25839104,Sold Out,COCA COLA EUROPEAN PARTNERS,1057.0,29622.0,,,,
456837103,Sold Out,ING GROEP N V,264.0,25604.0,,,,
87164P103,Sold Out,SYNERGY RES CORP,798.0,119734.0,,,,
03152W109,New Holding,AMICUS THERAPEUTICS INC,,,183.0,24754.0,,
38141G104,Not New,GOLDMAN SACHS GROUP INC,993.0,6155.0,350.0,2356.0,-643.0,-3799.0
G5876H105,Not New,MARVELL TECHNOLOGY GROUP LTD,2068.0,155781.0,896.0,93952.0,-1172.0,-61829.0
640268108,New Holding,NEKTAR THERAPEUTICS,,,375.0,21803.0,,
68389X105,Not New,ORACLE CORP,2923.0,74426.0,5123.0,125166.0,2200.0,50740.0
713448108,Sold Out,PEPSICO INC,1333.0,12585.0,,,,
552848103,New Holding,MGIC INVT CORP WIS,,,227.0,28406.0,,
59408Q106,Not New,MICHAELS COS INC,268.0,11109.0,509.0,17912.0,241.0,6803.0
69366J200,New Holding,PTC THERAPEUTICS INC,,,765.0,54605.0,,
40416M105,Sold Out,HD SUPPLY HLDGS INC,216.0,6191.0,,,,
370023103,New Holding,GENERAL GROWTH PPTYS INC NEW,,,237.0,8577.0,,
45245E109,New Holding,IMAX CORP,,,200.0,6893.0,,
V7780T103,Sold Out,ROYAL CARIBBEAN CRUISES LTD,1846.0,27482.0,,,,
65440R101,Not New,NIMBLE STORAGE INC,1104.0,125002.0,1000.0,125653.0,-104.0,651.0
682189105,Not New,ON SEMICONDUCTOR CORP,299.0,24219.0,91.0,10324.0,-208.0,-13895.0
038222105,Not New,APPLIED MATLS INC,333.0,11058.0,2314.0,96486.0,1981.0,85428.0
014339105,Not New,ALDER BIOPHARMACEUTICALS INC,305.0,9321.0,230.0,9215.0,-75.0,-106.0
553573106,New Holding,MSG NETWORK INC,,,3373.0,181247.0,,
198280109,Sold Out,COLUMBIA PIPELINE GROUP INC,332.0,13039.0,,,,
15135U109,Sold Out,CENOVUS ENERGY INC,334.0,24148.0,,,,
60871R209,New Holding,MOLSON COORS BREWING CO,,,10790.0,98270.0,,
064058100,New Holding,BANK NEW YORK MELLON CORP,,,1682.0,42175.0,,
95082P105,New Holding,WESCO INTL INC,,,1554.0,25268.0,,
46116X101,Sold Out,INTRA CELLULAR THERAPIES INC,460.0,11871.0,,,,
00771V108,Not New,AERIE PHARMACEUTICALS INC,877.0,23231.0,211.0,11990.0,-666.0,-11241.0
086516101,Not New,BEST BUY INC,3225.0,84482.0,2452.0,80144.0,-773.0,-4338.0
057224107,Sold Out,BAKER HUGHES INC,580.0,12836.0,,,,
78464A755,Sold Out,SPDR SERIES TRUST,220.0,9000.0,,,,
337738108,New Holding,FISERV INC,,,1262.0,12684.0,,
521865204,Not New,LEAR CORP,2114.0,17435.0,1742.0,17118.0,-372.0,-317.0
056752108,New Holding,BAIDU INC,,,1696.0,9313.0,,
136375102,New Holding,CANADIAN NATL RY CO,,,459.0,7020.0,,
925550105,New Holding,VIAVI SOLUTIONS INC,,,91.0,12407.0,,
198287203,Not New,COLUMBIA PPTY TR INC,906.0,40457.0,209.0,9792.0,-697.0,-30665.0
31428X106,Sold Out,FEDEX CORP,1287.0,8479.0,,,,
36197T103,New Holding,GW PHARMACEUTICALS PLC,,,997.0,7504.0,,
073302101,Sold Out,B/E AEROSPACE INC,554.0,11988.0,,,,
171798101,Not New,CIMAREX ENERGY CO,1240.0,9226.0,1445.0,12108.0,205.0,2882.0
881569107,Not New,TESARO INC,708.0,7061.0,2511.0,29878.0,1803.0,22817.0
880770102,New Holding,TERADYNE INC,,,1016.0,47062.0,,
369550108,New Holding,GENERAL DYNAMICS CORP,,,318.0,2047.0,,
929740108,New Holding,WABTEC CORP,,,3016.0,36936.0,,
H01531104,New Holding,ALLIED WRLD ASSUR COM HLDG A,,,1146.0,28352.0,,
00724F101,New Holding,ADOBE SYS INC,,,5092.0,46913.0,,
01748X102,New Holding,ALLEGIANT TRAVEL CO,,,210.0,1590.0,,
80283M101,Not New,SANTANDER CONSUMER USA HDG I,164.0,13472.0,156.0,15132.0,-8.0,1660.0
487836108,Not New,KELLOGG CO,1059.0,13665.0,483.0,5912.0,-576.0,-7753.0
697900108,Sold Out,PAN AMERICAN SILVER CORP,177.0,10749.0,,,,
26874R108,New Holding,ENI S P A,,,350.0,12134.0,,
25470M109,Not New,DISH NETWORK CORP,626.0,11417.0,447.0,8544.0,-179.0,-2873.0
693475105,Not New,PNC FINL SVCS GROUP INC,209.0,2327.0,2318.0,28481.0,2109.0,26154.0
