CUSIP,status,NAME OF ISSUER,(x$1000)_old,PRN AMT_old,(x$1000),PRN AMT,(x$1000)_change,PRN AMT_change
G66721104,Not New,NORWEGIAN CRUISE LINE HLDG L,2748.0,50000.0,2020.0,47666.0,-728.0,-2334.0
74733V100,Sold Out,QEP RES INC,223.0,39603.0,,,,
03076C106,Not New,AMERIPRISE FINL INC,6086.0,47501.0,2938.0,28143.0,-3148.0,-19358.0
87265H109,Sold Out,TRI POINTE GROUP INC,206.0,18877.0,,,,
34385P108,Not New,FLUIDIGM CORP DEL,15319.0,1152600.0,8238.0,955700.0,-7081.0,-196900.0
228903100,New Holding,CRYOLIFE INC,,,7086.0,242900.0,,
62855J104,Not New,MYRIAD GENETICS INC,3435.0,103454.0,584.0,20100.0,-2851.0,-83354.0
422347104,New Holding,HEARTLAND EXPRESS INC,,,202.0,10512.0,,
825690100,Sold Out,SHUTTERSTOCK INC,347.0,9655.0,,,,
036752103,Not New,ANTHEM INC,12512.0,43600.0,3309.0,12600.0,-9203.0,-31000.0
87403A107,Sold Out,TAILORED BRANDS INC,349.0,25571.0,,,,
77543R102,Sold Out,ROKU INC,472.0,15400.0,,,,
74164M108,Sold Out,PRIMERICA INC,312.0,3194.0,,,,
39304D102,New Holding,GREEN DOT CORP,,,1043.0,17186.0,,
70509V100,Sold Out,PEBBLEBROOK HOTEL TR,4190.0,148016.0,,,,
767754104,Sold Out,RITE AID CORP,70.0,99000.0,,,,
002896207,Sold Out,ABERCROMBIE & FITCH CO,2184.0,108900.0,,,,
34984V100,New Holding,FORUM ENERGY TECHNOLOGIES IN,,,168.0,32802.0,,
670704105,Sold Out,NUVASIVE INC,1444.0,29140.0,,,,
88830R101,Sold Out,TITAN MACHY INC,600.0,45590.0,,,,
48238T109,Not New,KAR AUCTION SVCS INC,25.0,1100000.0,286.0,6000.0,261.0,-1094000.0
48238T109,Not New,KAR AUCTION SVCS INC,62.0,1200.0,286.0,6000.0,224.0,4800.0
72346Q104,Sold Out,PINNACLE FINL PARTNERS INC,394.0,8566.0,,,,
06684L103,Sold Out,BAOZUN INC,1087.0,37200.0,,,,
904214103,Not New,UMPQUA HLDGS CORP,1071.0,64900.0,432.0,27127.0,-639.0,-37773.0
238337109,Sold Out,DAVE & BUSTERS ENTMT INC,272.0,6097.0,,,,
31811A309,Sold Out,FINTECH ACQUISITION CORP III,2500.0,250000.0,,,,
848637104,New Holding,SPLUNK INC,,,598.0,4800.0,,
099406100,Sold Out,BOOT BARN HLDGS INC,3083.0,181007.0,,,,
89400J107,New Holding,TRANSUNION,,,267.0,4000.0,,
25179M103,Not New,DEVON ENERGY CORP NEW,1117.0,35424.0,1131.0,50171.0,14.0,14747.0
67103H107,Not New,O REILLY AUTOMOTIVE INC NEW,704.0,1813.0,2821.0,8195.0,2117.0,6382.0
G6700G107,Not New,NVENT ELECTRIC PLC,16666.0,617665.0,3350.0,149131.0,-13316.0,-468534.0
637071101,Not New,NATIONAL OILWELL VARCO INC,551.0,20700.0,1462.0,56880.0,911.0,36180.0
74838J101,New Holding,QUIDEL CORP,,,281.0,4300.0,,
88650V208,Sold Out,TIER REIT INC,557.0,26961.0,,,,
031652100,Not New,AMKOR TECHNOLOGY INC,307.0,35912.0,171.0,26130.0,-136.0,-9782.0
29364G103,Not New,ENTERGY CORP NEW,1396.0,14600.0,13470.0,156500.0,12074.0,141900.0
44919P508,New Holding,IAC INTERACTIVECORP,,,1093.0,5200.0,,
G3223R108,New Holding,EVEREST RE GROUP LTD,,,2074.0,9600.0,,
12739A100,New Holding,CADENCE BANCORPORATION,,,373.0,20100.0,,
91347P105,New Holding,UNIVERSAL DISPLAY CORP,,,1011.0,6612.0,,
31572Q808,Sold Out,FIBROGEN INC,3299.0,71300.0,,,,
863667101,Not New,STRYKER CORP,4654.0,23564.0,7423.0,47347.0,2769.0,23783.0
86771W105,Not New,SUNRUN INC,1401.0,99600.0,230.0,21100.0,-1171.0,-78500.0
G491BT108,Sold Out,INVESCO LTD,442.0,26412.0,,,,
759916109,Sold Out,REPLIGEN CORP,891.0,16896.0,,,,
806857108,Sold Out,SCHLUMBERGER LTD,1852.0,51331.0,,,,
75605Y106,Sold Out,REALOGY HLDGS CORP,1306.0,89018.0,,,,
88579Y101,New Holding,3M CO,,,1066.0,5130.0,,
036642106,New Holding,ANTARES PHARMA INC,,,71.0,23600.0,,
22160K105,Sold Out,COSTCO WHSL CORP NEW,4671.0,22930.0,,,,
852234103,Sold Out,SQUARE INC,849.0,15134.0,,,,
375916103,Sold Out,GILDAN ACTIVEWEAR INC,6233.0,205300.0,,,,
015351109,Not New,ALEXION PHARMACEUTICALS INC,267.0,1975.0,2071.0,21274.0,1804.0,19299.0
009728106,Not New,AKORN INC,1294.0,367500.0,3067.0,904600.0,1773.0,537100.0
410345102,New Holding,HANESBRANDS INC,,,14359.0,803100.0,,
76009N100,Sold Out,RENT A CTR INC NEW,214.0,13200.0,,,,
675232102,Sold Out,OCEANEERING INTL INC,151.0,12400.0,,,,
03209R103,New Holding,AMPHASTAR PHARMACEUTICALS IN,,,888.0,43500.0,,
929089100,Not New,VOYA FINL INC,7611.0,152332.0,4862.0,121117.0,-2749.0,-31215.0
78469X107,New Holding,SPX FLOW INC,,,207.0,6500.0,,
116794108,Not New,BRUKER CORP,559.0,14530.0,220.0,7400.0,-339.0,-7130.0
635309107,Sold Out,NATIONAL CINEMEDIA INC,157.0,24281.0,,,,
871607107,Sold Out,SYNOPSYS INC,4066.0,48275.0,,,,
75281A109,Not New,RANGE RES CORP,294.0,26200.0,564.0,58929.0,270.0,32729.0
989817101,Sold Out,ZUMIEZ INC,227.0,11804.0,,,,
22822V101,Sold Out,CROWN CASTLE INTL CORP NEW,1840.0,16943.0,,,,
758932107,New Holding,REGIS CORP MINN,,,332.0,16853.0,,
780287108,Sold Out,ROYAL GOLD INC,346.0,4036.0,,,,
70975L107,Not New,PENUMBRA INC,2981.0,20280.0,5988.0,49000.0,3007.0,28720.0
G0692U109,Not New,AXIS CAPITAL HOLDINGS LTD,904.0,16500.0,2427.0,47000.0,1523.0,30500.0
959802109,Not New,WESTERN UN CO,641.0,34678.0,729.0,42733.0,88.0,8055.0
98986T108,Not New,ZYNGA INC,17546.0,3292003.0,558.0,142000.0,-16988.0,-3150003.0
680223104,Not New,OLD REP INTL CORP,864.0,41300.0,384.0,18670.0,-480.0,-22630.0
171779309,Not New,CIENA CORP,664.0,17800.0,702.0,20700.0,38.0,2900.0
14057J101,Sold Out,CAPITOL FED FINL INC,185.0,14500.0,,,,
81369Y803,Sold Out,SELECT SECTOR SPDR TR,5585.0,90111.0,,,,
046433108,New Holding,ASTRONICS CORP,,,907.0,27723.0,,
861012102,New Holding,STMICROELECTRONICS N V,,,205.0,13800.0,,
871503108,Not New,SYMANTEC CORP,1136.0,49400.0,1169.0,61877.0,33.0,12477.0
00191U102,Not New,ASGN INC,266.0,4200.0,736.0,13500.0,470.0,9300.0
256677105,New Holding,DOLLAR GEN CORP NEW,,,310.0,2600.0,,
437076102,New Holding,HOME DEPOT INC,,,4797.0,25000.0,,
031162100,Not New,AMGEN INC,1444.0,7601.0,2382.0,12234.0,938.0,4633.0
754730109,New Holding,RAYMOND JAMES FINANCIAL INC,,,1340.0,16665.0,,
294600101,Sold Out,EQUITRANS MIDSTREAM CORPORAT,570.0,28500.0,,,,
968223206,Not New,WILEY JOHN & SONS INC,487.0,11000.0,1264.0,26919.0,777.0,15919.0
529043101,Sold Out,LEXINGTON REALTY TRUST,288.0,35099.0,,,,
780259206,Not New,ROYAL DUTCH SHELL PLC,11097.0,177300.0,11695.0,200700.0,598.0,23400.0
577081102,New Holding,MATTEL INC,,,814.0,62600.0,,
46146L101,Sold Out,INVESTORS BANCORP INC NEW,980.0,94222.0,,,,
042315507,Sold Out,ARMOUR RESIDENTIAL REIT INC,2765.0,134900.0,,,,
872275102,Sold Out,TCF FINL CORP,653.0,33465.0,,,,
87615L107,New Holding,TARGET HOSPITALITY CORP,,,8656.0,911175.0,,
56501R106,Sold Out,MANULIFE FINL CORP,377.0,26600.0,,,,
860897107,Not New,STITCH FIX INC,1095.0,38800.0,1185.0,69308.0,90.0,30508.0
98310W108,Not New,WYNDHAM DESTINATIONS INC,280.0,6900.0,902.0,25170.0,622.0,18270.0
87874R100,Sold Out,TECHTARGET INC,458.0,37517.0,,,,
87266M107,Sold Out,TPG RE FIN TR INC,245.0,13371.0,,,,
844741108,New Holding,SOUTHWEST AIRLS CO,,,442.0,8509.0,,
92343X100,Sold Out,VERINT SYS INC,899.0,21246.0,,,,
28618M106,New Holding,ELEMENT SOLUTIONS INC,,,263.0,26100.0,,
M81873107,Not New,RADWARE LTD,703.0,26900.0,609.0,26808.0,-94.0,-92.0
559222401,Sold Out,MAGNA INTL INC,518.0,11400.0,,,,
930059100,Sold Out,WADDELL & REED FINL INC,362.0,20000.0,,,,
517834107,Not New,LAS VEGAS SANDS CORP,10100.0,165700.0,3402.0,65361.0,-6698.0,-100339.0
16359R103,Not New,CHEMED CORP NEW,1312.0,4100.0,888.0,3133.0,-424.0,-967.0
49435R102,Not New,KIMBELL RTY PARTNERS LP,1063.0,58200.0,1141.0,84011.0,78.0,25811.0
50186V102,New Holding,LG DISPLAY CO LTD,,,96.0,11100.0,,
962166104,Sold Out,WEYERHAEUSER CO,1431.0,65447.0,,,,
911163103,Not New,UNITED NAT FOODS INC,6.0,375000.0,1628.0,375000.0,1622.0,0.0
030420103,Sold Out,AMERICAN WTR WKS CO INC NEW,1312.0,14455.0,,,,
17275R102,Not New,CISCO SYS INC,1956.0,36229.0,5850.0,135011.0,3894.0,98782.0
09180C106,Sold Out,BJS RESTAURANTS INC,1998.0,39500.0,,,,
81369Y100,Sold Out,SELECT SECTOR SPDR TR,3543.0,70138.0,,,,
G7S00T104,Not New,PENTAIR PLC,3264.0,73331.0,343.0,9081.0,-2921.0,-64250.0
816883102,Sold Out,SENDGRID INC,220.0,5100.0,,,,
112463104,New Holding,BROOKDALE SR LIVING INC,,,145.0,21959.0,,
G60754101,Sold Out,MICHAEL KORS HLDGS LTD,4728.0,124700.0,,,,
78440X101,Not New,SL GREEN RLTY CORP,919.0,10214.0,1057.0,13369.0,138.0,3155.0
026874784,Not New,AMERICAN INTL GROUP INC,3052.0,70871.0,2187.0,55500.0,-865.0,-15371.0
04685N103,Not New,ATHENEX INC,3351.0,273500.0,1340.0,105600.0,-2011.0,-167900.0
744573106,Not New,PUBLIC SVC ENTERPRISE GRP IN,1984.0,33397.0,315.0,6036.0,-1669.0,-27361.0
98978L204,Not New,ZOGENIX INC,8251.0,150000.0,4648.0,127500.0,-3603.0,-22500.0
G5005R107,Sold Out,JAMES RIV GROUP LTD,435.0,11900.0,,,,
91336L107,Not New,UNIVAR INC,17148.0,773800.0,2521.0,142100.0,-14627.0,-631700.0
06652K103,New Holding,BANKUNITED INC,,,241.0,7215.0,,
42809H107,Sold Out,HESS CORP,6164.0,152200.0,,,,
49271V100,Not New,KEURIG DR PEPPER INC,32897.0,1176155.0,42960.0,1675514.0,10063.0,499359.0
254687106,Not New,DISNEY WALT CO,6307.0,56800.0,252.0,2300.0,-6055.0,-54500.0
45867G101,Not New,INTERDIGITAL INC,590.0,8955.0,754.0,11356.0,164.0,2401.0
81663A105,Sold Out,SEMGROUP CORP,344.0,24968.0,,,,
566324109,Sold Out,MARCUS & MILLICHAP INC,230.0,6700.0,,,,
552690109,Not New,MDU RES GROUP INC,1017.0,39400.0,514.0,21582.0,-503.0,-17818.0
947890109,Sold Out,WEBSTER FINL CORP CONN,3553.0,72105.0,,,,
428291108,Not New,HEXCEL CORP NEW,915.0,13222.0,2276.0,39696.0,1361.0,26474.0
80007P869,Sold Out,SANDRIDGE ENERGY INC,370.0,48549.0,,,,
518439104,Not New,LAUDER ESTEE COS INC,3592.0,21700.0,5454.0,41920.0,1862.0,20220.0
M51363113,Not New,MELLANOX TECHNOLOGIES LTD,1349.0,11400.0,6023.0,65200.0,4674.0,53800.0
835495102,Sold Out,SONOCO PRODS CO,344.0,6478.0,,,,
037411105,Sold Out,APACHE CORP,344.0,13100.0,,,,
76117W109,Sold Out,RESOLUTE FST PRODS INC,146.0,18419.0,,,,
218730109,Not New,CORINDUS VASCULAR ROBOTICS I,3132.0,1800000.0,1344.0,1600000.0,-1788.0,-200000.0
23331A109,Not New,D R HORTON INC,5546.0,134000.0,1119.0,32300.0,-4427.0,-101700.0
252131107,Not New,DEXCOM INC,8980.0,75400.0,4864.0,40600.0,-4116.0,-34800.0
G01767105,Not New,ALKERMES PLC,521.0,14279.0,534.0,18100.0,13.0,3821.0
416515104,Not New,HARTFORD FINL SVCS GROUP INC,553.0,11100.0,689.0,15500.0,136.0,4400.0
891906109,Not New,TOTAL SYS SVCS INC,8793.0,92547.0,4918.0,60500.0,-3875.0,-32047.0
G5463L113,Sold Out,LEO HOLDINGS CORP,268.0,250000.0,,,,
867652406,Sold Out,SUNPOWER CORP,62.0,12500.0,,,,
461203101,New Holding,INVACARE CORP,,,1031.0,123118.0,,
505336107,New Holding,LA Z BOY INC,,,372.0,11300.0,,
166764100,New Holding,CHEVRON CORP NEW,,,5678.0,46100.0,,
580135101,New Holding,MCDONALDS CORP,,,2933.0,15446.0,,
704551100,New Holding,PEABODY ENERGY CORP NEW,,,394.0,13877.0,,
81369Y506,Not New,SELECT SECTOR SPDR TR,2508.0,37929.0,14446.0,251890.0,11938.0,213961.0
56585A102,New Holding,MARATHON PETE CORP,,,2396.0,40037.0,,
084423102,New Holding,BERKLEY W R CORP,,,2093.0,24700.0,,
229899109,New Holding,CULLEN FROST BANKERS INC,,,276.0,2843.0,,
88025T102,Sold Out,TENABLE HLDGS INC,423.0,19052.0,,,,
780259107,New Holding,ROYAL DUTCH SHELL PLC,,,230.0,3600.0,,
046353108,New Holding,ASTRAZENECA PLC,,,1577.0,39000.0,,
26969P108,Not New,EAGLE MATERIALS INC,1285.0,15244.0,265.0,4338.0,-1020.0,-10906.0
886885102,Sold Out,TILLYS INC,1811.0,166812.0,,,,
G0684D107,Not New,ATHENE HLDG LTD,413.0,10100.0,2402.0,60300.0,1989.0,50200.0
883556102,Not New,THERMO FISHER SCIENTIFIC INC,14288.0,52200.0,5553.0,24815.0,-8735.0,-27385.0
98850P109,Not New,YUM CHINA HLDGS INC,306.0,6814.0,1208.0,36018.0,902.0,29204.0
620076307,New Holding,MOTOROLA SOLUTIONS INC,,,2892.0,20600.0,,
68555P100,New Holding,ORBCOMM INC,,,188.0,27800.0,,
550021109,New Holding,LULULEMON ATHLETICA INC,,,2917.0,17800.0,,
712704105,Sold Out,PEOPLES UNITED FINANCIAL INC,566.0,39233.0,,,,
747619104,Sold Out,QUANEX BUILDING PRODUCTS COR,244.0,17929.0,,,,
G68707101,New Holding,PAGSEGURO DIGITAL LTD,,,776.0,26000.0,,
G59665102,New Holding,MEIRAGTX HOLDINGS PLC,,,3222.0,187000.0,,
136385101,Not New,CANADIAN NAT RES LTD,23601.0,859575.0,384.0,15900.0,-23217.0,-843675.0
761299106,Not New,RETROPHIN INC,691.0,30500.0,1840.0,81300.0,1149.0,50800.0
257867200,Sold Out,DONNELLEY R R & SONS CO,101.0,25417.0,,,,
G11196105,Not New,BIOHAVEN PHARMACTL HLDG CO L,546.0,10600.0,7123.0,192600.0,6577.0,182000.0
904311206,Not New,UNDER ARMOUR INC,2475.0,131200.0,2304.0,142500.0,-171.0,11300.0
G4412G101,New Holding,HERBALIFE NUTRITION LTD,,,1192.0,22500.0,,
617446448,Not New,MORGAN STANLEY,2887.0,68400.0,1110.0,27999.0,-1777.0,-40401.0
78467J100,Not New,SS&C TECHNOLOGIES HLDGS INC,1575.0,24723.0,257.0,5700.0,-1318.0,-19023.0
12514G108,Not New,CDW CORP,1755.0,18212.0,2428.0,29956.0,673.0,11744.0
372309104,Not New,GENMARK DIAGNOSTICS INC,1187.0,167400.0,729.0,150000.0,-458.0,-17400.0
400110102,New Holding,GRUBHUB INC,,,723.0,10400.0,,
880890108,Sold Out,TERNIUM SA,297.0,10957.0,,,,
86722A103,New Holding,SUNCOKE ENERGY INC,,,154.0,18100.0,,
76131D103,Not New,RESTAURANT BRANDS INTL INC,707.0,10862.0,3050.0,58309.0,2343.0,47447.0
64051T100,Sold Out,NEOPHOTONICS CORP,105.0,16211.0,,,,
G25343107,Sold Out,COSAN LTD,4333.0,826433.0,,,,
92849E101,Sold Out,VITAMIN SHOPPE INC,62.0,13000.0,,,,
04685W103,Sold Out,ATHENAHEALTH INC,1108.0,8400.0,,,,
749685103,Not New,RPM INTL INC,254.0,4377.0,1079.0,18371.0,825.0,13994.0
553530106,Sold Out,MSC INDL DIRECT INC,660.0,8575.0,,,,
20441A102,Sold Out,COMPANHIA DE SANEAMENTO BASI,119.0,14697.0,,,,
20825C104,Not New,CONOCOPHILLIPS,41320.0,619106.0,14490.0,232400.0,-26830.0,-386706.0
N07059210,Sold Out,ASML HOLDING N V,280.0,1800.0,,,,
615394202,New Holding,MOOG INC,,,782.0,9000.0,,
N59465109,Not New,MYLAN N V,5144.0,181500.0,5831.0,212835.0,687.0,31335.0
M85548101,Not New,STRATASYS LTD,2227.0,93500.0,383.0,21248.0,-1844.0,-72252.0
16115Q308,Sold Out,CHART INDS INC,6920.0,106400.0,,,,
26078J100,Not New,DOWDUPONT INC,4095.0,76828.0,203.0,3800.0,-3892.0,-73028.0
302491303,Sold Out,F M C CORP,673.0,9100.0,,,,
36555P107,Sold Out,GARDNER DENVER HLDGS INC,5699.0,278687.0,,,,
72703H101,Not New,PLANET FITNESS INC,529.0,7700.0,511.0,9541.0,-18.0,1841.0
867224107,Not New,SUNCOR ENERGY INC NEW,1893.0,58356.0,1363.0,48724.0,-530.0,-9632.0
478160104,Sold Out,JOHNSON & JOHNSON,5759.0,44630.0,,,,
72814N104,New Holding,PLAYAGS INC,,,3003.0,125500.0,,
98138H101,New Holding,WORKDAY INC,,,2618.0,13577.0,,
339041105,New Holding,FLEETCOR TECHNOLOGIES INC,,,2908.0,11797.0,,
674599105,Not New,OCCIDENTAL PETE CORP,1827.0,27600.0,438.0,7138.0,-1389.0,-20462.0
00912X302,New Holding,AIR LEASE CORP,,,426.0,12400.0,,
366505105,New Holding,GARRETT MOTION INC,,,165.0,11171.0,,
90385D107,New Holding,ULTIMATE SOFTWARE GROUP INC,,,429.0,1300.0,,
01609W102,Not New,ALIBABA GROUP HLDG LTD,19615.0,107508.0,1892.0,13800.0,-17723.0,-93708.0
13100M509,Sold Out,CALIX INC,132.0,13500.0,,,,
477143101,Sold Out,JETBLUE AIRWAYS CORP,2432.0,151455.0,,,,
25659T107,Not New,DOLBY LABORATORIES INC,731.0,11600.0,414.0,6700.0,-317.0,-4900.0
576690101,New Holding,MATERION CORP,,,246.0,4300.0,,
747525103,Sold Out,QUALCOMM INC,2901.0,50979.0,,,,
46266C105,New Holding,IQVIA HLDGS INC,,,1626.0,11300.0,,
97650W108,Not New,WINTRUST FINL CORP,747.0,11100.0,276.0,4153.0,-471.0,-6947.0
N31738102,New Holding,FIAT CHRYSLER AUTOMOBILES N,,,3825.0,256924.0,,
59870L106,New Holding,MILACRON HLDGS CORP,,,138.0,12200.0,,
900435108,Sold Out,TURQUOISE HILL RES LTD,123.0,74752.0,,,,
127387108,Not New,CADENCE DESIGN SYSTEM INC,1372.0,21600.0,1780.0,40947.0,408.0,19347.0
163572209,Sold Out,CHEMBIO DIAGNOSTICS INC,142.0,25000.0,,,,
500255104,Not New,KOHLS CORP,8568.0,124600.0,365.0,5500.0,-8203.0,-119100.0
984249607,Sold Out,YRC WORLDWIDE INC,161.0,51162.0,,,,
436106108,New Holding,HOLLYFRONTIER CORP,,,2305.0,46787.0,,
679580100,New Holding,OLD DOMINION FREIGHT LINE IN,,,1025.0,7100.0,,
262037104,Not New,DRIL QUIP INC,211.0,4600.0,247.0,8226.0,36.0,3626.0
54142L109,Not New,LOGMEIN INC,489.0,6100.0,1309.0,16046.0,820.0,9946.0
57772K101,New Holding,MAXIM INTEGRATED PRODS INC,,,1721.0,32370.0,,
39945C109,Sold Out,GROUPE CGI INC,747.0,12200.0,,,,
05684B107,Sold Out,BAIN CAP SPECIALTY FIN INC,1547.0,92252.0,,,,
984121608,Not New,XEROX CORP,1137.0,35531.0,2527.0,127872.0,1390.0,92341.0
G5785G107,Sold Out,MALLINCKRODT PUB LTD CO,337.0,21300.0,,,,
74766D100,Sold Out,QUANTENNA COMMUNICATIONS INC,227.0,15793.0,,,,
22282E102,Sold Out,COVANTA HLDG CORP,525.0,39121.0,,,,
655044105,Sold Out,NOBLE ENERGY INC,490.0,26136.0,,,,
02005N100,New Holding,ALLY FINL INC,,,2041.0,74215.0,,
125896100,Not New,CMS ENERGY CORP,808.0,14542.0,390.0,7864.0,-418.0,-6678.0
857477103,Not New,STATE STR CORP,355.0,5400.0,974.0,15452.0,619.0,10052.0
866674104,Sold Out,SUN CMNTYS INC,286.0,2814.0,,,,
254423106,Not New,DINE BRANDS GLOBAL INC,4437.0,48600.0,1103.0,16383.0,-3334.0,-32217.0
806407102,Sold Out,SCHEIN HENRY INC,338.0,4307.0,,,,
74347M108,Sold Out,PROPETRO HLDG CORP,691.0,56053.0,,,,
025932104,Not New,AMERICAN FINL GROUP INC OHIO,520.0,5400.0,878.0,9700.0,358.0,4300.0
169656105,New Holding,CHIPOTLE MEXICAN GRILL INC,,,7600.0,10700.0,,
02376R102,Not New,AMERICAN AIRLS GROUP INC,8111.0,255400.0,5921.0,184403.0,-2190.0,-70997.0
02208R106,New Holding,ALTRA INDL MOTION CORP,,,3915.0,126100.0,,
067901108,Not New,BARRICK GOLD CORPORATION,1412.0,102958.0,5193.0,383500.0,3781.0,280542.0
82968B103,New Holding,SIRIUS XM HLDGS INC,,,1670.0,294500.0,,
955306105,Sold Out,WEST PHARMACEUTICAL SVSC INC,1024.0,10444.0,,,,
513847103,New Holding,LANCASTER COLONY CORP,,,496.0,3164.0,,
67020Y100,Sold Out,NUANCE COMMUNICATIONS INC,3685.0,278545.0,,,,
30224P200,Sold Out,EXTENDED STAY AMER INC,197.0,12700.0,,,,
00508X203,New Holding,ACTUANT CORP,,,295.0,12100.0,,
758075402,New Holding,REDWOOD TR INC,,,171.0,10600.0,,
23355L106,Not New,DXC TECHNOLOGY CO,1464.0,22769.0,2888.0,54300.0,1424.0,31531.0
48123V102,New Holding,J2 GLOBAL INC,,,517.0,5975.0,,
04269X105,Not New,ARRAY BIOPHARMA INC,16728.0,686100.0,6282.0,440800.0,-10446.0,-245300.0
465741106,New Holding,ITRON INC,,,252.0,5400.0,,
302445101,New Holding,FLIR SYS INC,,,2058.0,43246.0,,
87165B103,Not New,SYNCHRONY FINL,3282.0,102900.0,9272.0,395242.0,5990.0,292342.0
45780L104,Not New,INOGEN INC,3996.0,41900.0,224.0,1806.0,-3772.0,-40094.0
693506107,New Holding,PPG INDS INC,,,774.0,6863.0,,
81255T108,Not New,SEASPINE HLDGS CORP,1962.0,130100.0,2280.0,125000.0,318.0,-5100.0
912909108,Not New,UNITED STATES STL CORP NEW,216.0,11100.0,1463.0,80200.0,1247.0,69100.0
19459J104,Sold Out,COLLEGIUM PHARMACEUTICAL INC,2246.0,130800.0,,,,
65249B109,Sold Out,NEWS CORP NEW,1096.0,96600.0,,,,
002824100,Not New,ABBOTT LABS,7099.0,88800.0,6741.0,93200.0,-358.0,4400.0
68752L100,Not New,ORTHOPEDIATRICS CORP,4657.0,105300.0,4147.0,118900.0,-510.0,13600.0
248019101,Not New,DELUXE CORP,276.0,6289.0,773.0,20099.0,497.0,13810.0
751212101,Not New,RALPH LAUREN CORP,1612.0,12441.0,1552.0,15000.0,-60.0,2559.0
131193104,Sold Out,CALLAWAY GOLF CO,469.0,30600.0,,,,
896818101,Sold Out,TRIUMPH GROUP INC NEW,129.0,11192.0,,,,
78781P105,New Holding,SAILPOINT TECHNLGIES HLDGS I,,,294.0,10232.0,,
89151E109,New Holding,TOTAL S A,,,22260.0,400000.0,,
81725T100,Sold Out,SENSIENT TECHNOLOGIES CORP,300.0,5379.0,,,,
441593100,New Holding,HOULIHAN LOKEY INC,,,312.0,6799.0,,
19249H103,New Holding,COHERUS BIOSCIENCES INC,,,3501.0,256700.0,,
860630102,New Holding,STIFEL FINL CORP,,,485.0,9200.0,,
039380407,Sold Out,ARCH COAL INC,297.0,3573.0,,,,
74373B109,Sold Out,PROTEOSTASIS THERAPEUTICS IN,461.0,222850.0,,,,
88870R102,Not New,TIVITY HEALTH INC,3256.0,185400.0,4070.0,164029.0,814.0,-21371.0
651587107,New Holding,NEWMARKET CORP,,,216.0,500.0,,
16119P108,Not New,CHARTER COMMUNICATIONS INC N,1505.0,4337.0,807.0,2832.0,-698.0,-1505.0
438516106,Not New,HONEYWELL INTL INC,2030.0,12774.0,2931.0,22182.0,901.0,9408.0
30231G102,Sold Out,EXXON MOBIL CORP,573.0,8397.0,,,,
651290108,Sold Out,NEWFIELD EXPL CO,424.0,28900.0,,,,
37045V100,Not New,GENERAL MTRS CO,8231.0,221862.0,2755.0,231900.0,-5476.0,10038.0
482480100,Sold Out,KLA-TENCOR CORP,734.0,8200.0,,,,
75886F107,Not New,REGENERON PHARMACEUTICALS,5133.0,12500.0,8084.0,21644.0,2951.0,9144.0
575385109,Sold Out,MASONITE INTL CORP NEW,283.0,6311.0,,,,
29084Q100,Not New,EMCOR GROUP INC,561.0,7680.0,1203.0,20154.0,642.0,12474.0
363576109,New Holding,GALLAGHER ARTHUR J & CO,,,2561.0,32787.0,,
G0084W101,Not New,ADIENT PLC,161.0,12400.0,678.0,45000.0,517.0,32600.0
871829107,New Holding,SYSCO CORP,,,2988.0,44759.0,,
81282V100,Sold Out,SEAWORLD ENTMT INC,2703.0,122394.0,,,,
460146103,Sold Out,INTL PAPER CO,331.0,8200.0,,,,
372279109,New Holding,GENFIT S A,,,449.0,18700.0,,
04351G101,New Holding,ASCENA RETAIL GROUP INC,,,23.0,21500.0,,
879433829,Not New,TELEPHONE & DATA SYS INC,203.0,6600.0,925.0,28432.0,722.0,21832.0
452327109,New Holding,ILLUMINA INC,,,204.0,657.0,,
74967X103,Sold Out,RH,8361.0,69777.0,,,,
574599106,Not New,MASCO CORP,5822.0,148088.0,4474.0,153000.0,-1348.0,4912.0
688239201,Not New,OSHKOSH CORP,1076.0,14315.0,1781.0,29056.0,705.0,14741.0
37733W105,New Holding,GLAXOSMITHKLINE PLC,,,288.0,6900.0,,
90184D100,Not New,TWIST BIOSCIENCE CORP,1725.0,74400.0,2330.0,100900.0,605.0,26500.0
55825T103,Not New,MADISON SQUARE GARDEN CO NEW,6420.0,21900.0,11778.0,44000.0,5358.0,22100.0
858119100,Not New,STEEL DYNAMICS INC,473.0,13400.0,2064.0,68711.0,1591.0,55311.0
736508847,Sold Out,PORTLAND GEN ELEC CO,286.0,6244.0,,,,
896945201,Sold Out,TRIPADVISOR INC,5322.0,98685.0,,,,
902788108,Sold Out,UMB FINL CORP,373.0,6121.0,,,,
700517105,Sold Out,PARK HOTELS RESORTS INC,1409.0,54223.0,,,,
395259104,Sold Out,GREENHILL & CO INC,237.0,9720.0,,,,
720190206,Sold Out,PIEDMONT OFFICE REALTY TR IN,825.0,48400.0,,,,
30226D106,New Holding,EXTREME NETWORKS INC,,,239.0,31900.0,,
81369Y852,Not New,SELECT SECTOR SPDR TR,11464.0,245106.0,4501.0,109025.0,-6963.0,-136081.0
444859102,New Holding,HUMANA INC,,,357.0,1342.0,,
47233W109,Not New,JEFFERIES FINL GROUP INC,2110.0,112287.0,301.0,17323.0,-1809.0,-94964.0
86183P102,Sold Out,STONERIDGE INC,409.0,16609.0,,,,
431475102,Not New,HILL ROM HLDGS INC,254.0,2398.0,351.0,3963.0,97.0,1565.0
45866F104,Not New,INTERCONTINENTAL EXCHANGE IN,251.0,3300.0,3812.0,50600.0,3561.0,47300.0
502413107,New Holding,L3 TECHNOLOGIES INC,,,825.0,4000.0,,
71377A103,Not New,PERFORMANCE FOOD GROUP CO,4115.0,103800.0,3694.0,114462.0,-421.0,10662.0
G29183103,New Holding,EATON CORP PLC,,,2325.0,28862.0,,
46120E602,Sold Out,INTUITIVE SURGICAL INC,3064.0,6397.0,,,,
00401C108,Not New,ACACIA COMMUNICATIONS INC,1313.0,22900.0,467.0,12300.0,-846.0,-10600.0
466313103,Not New,JABIL INC,275.0,10336.0,1209.0,48761.0,934.0,38425.0
368736104,New Holding,GENERAC HLDGS INC,,,420.0,8200.0,,
021346101,Not New,ALTABA INC,14824.0,200000.0,11715.0,202200.0,-3109.0,2200.0
38141G104,Not New,GOLDMAN SACHS GROUP INC,4589.0,23900.0,2671.0,15990.0,-1918.0,-7910.0
127203107,New Holding,CACTUS INC,,,1452.0,40790.0,,
46122T102,Sold Out,INTREXON CORP,204.0,31160.0,,,,
68389X105,Not New,ORACLE CORP,1145.0,21314.0,942.0,20865.0,-203.0,-449.0
459200101,New Holding,INTERNATIONAL BUSINESS MACHS,,,1012.0,7170.0,,
713448108,New Holding,PEPSICO INC,,,11489.0,93756.0,,
69354M108,Not New,PRA HEALTH SCIENCES INC,520.0,4710.0,866.0,9410.0,346.0,4700.0
69366J200,Sold Out,PTC THERAPEUTICS INC,1078.0,31400.0,,,,
191216100,Not New,COCA COLA CO,1434.0,30600.0,8.0,50000.0,-1426.0,19400.0
281020107,New Holding,EDISON INTL,,,2211.0,35700.0,,
553573106,Sold Out,MSG NETWORK INC,797.0,33800.0,,,,
34354P105,New Holding,FLOWSERVE CORP,,,1490.0,33000.0,,
12621E103,Sold Out,CNO FINL GROUP INC,425.0,28592.0,,,,
60871R209,Sold Out,MOLSON COORS BREWING CO,6558.0,116762.0,,,,
G8060N102,Sold Out,SENSATA TECHNOLOGIES HLDNG P,626.0,13966.0,,,,
G4705A100,New Holding,ICON PLC,,,246.0,1800.0,,
989207105,Sold Out,ZEBRA TECHNOLOGIES CORP,3891.0,24433.0,,,,
708160106,Not New,PENNEY J C CORP INC,803.0,538600.0,98.0,93764.0,-705.0,-444836.0
147528103,Sold Out,CASEYS GEN STORES INC,1415.0,11039.0,,,,
37940X102,Sold Out,GLOBAL PMTS INC,3609.0,35000.0,,,,
84790A105,Sold Out,SPECTRUM BRANDS HLDGS INC NE,529.0,12518.0,,,,
74971D101,Sold Out,RPT REALTY,154.0,12920.0,,,,
81369Y886,Not New,SELECT SECTOR SPDR TR,7271.0,124993.0,17793.0,336225.0,10522.0,211232.0
337738108,Not New,FISERV INC,1505.0,17039.0,2605.0,35444.0,1100.0,18405.0
521865204,Not New,LEAR CORP,885.0,6522.0,1707.0,13900.0,822.0,7378.0
B38564108,Sold Out,EURONAV NV ANTWERPEN,132.0,19000.0,,,,
98974P100,Sold Out,ZIX CORP,162.0,28214.0,,,,
001084102,Sold Out,AGCO CORP,384.0,6906.0,,,,
056752108,Not New,BAIDU INC,758.0,4600.0,1903.0,12000.0,1145.0,7400.0
925550105,New Holding,VIAVI SOLUTIONS INC,,,300.0,24300.0,,
36197T103,Not New,GW PHARMACEUTICALS PLC,14127.0,83800.0,7372.0,75700.0,-6755.0,-8100.0
828806109,New Holding,SIMON PPTY GROUP INC NEW,,,437.0,2400.0,,
171798101,Sold Out,CIMAREX ENERGY CO,695.0,11272.0,,,,
900450206,New Holding,TURTLE BEACH CORP,,,438.0,38500.0,,
00972L107,Not New,AKCEA THERAPEUTICS INC,1096.0,38700.0,1411.0,46800.0,315.0,8100.0
04016X101,Sold Out,ARGENX SE,2709.0,28200.0,,,,
04351P101,New Holding,ASCENDIS PHARMA A S,,,21705.0,184400.0,,
381013101,Sold Out,GOLDEN ENTMT INC,463.0,28900.0,,,,
697900108,Sold Out,PAN AMERICAN SILVER CORP,300.0,20533.0,,,,
09739C102,Sold Out,BOINGO WIRELESS INC,443.0,21526.0,,,,
526107107,Sold Out,LENNOX INTL INC,12241.0,55926.0,,,,
G84720104,Sold Out,STERIS PLC,208.0,1946.0,,,,
45778Q107,New Holding,INSPERITY INC,,,1224.0,9900.0,,
980745103,Not New,WOODWARD INC,1784.0,18800.0,6612.0,89000.0,4828.0,70200.0
19239V302,Sold Out,COGENT COMMUNICATIONS HLDGS,609.0,13469.0,,,,
770323103,New Holding,ROBERT HALF INTL INC,,,994.0,15262.0,,
G18920127,Sold Out,CAPITOL INVT CORP IV,200.0,200000.0,,,,
981811102,Sold Out,WORTHINGTON INDS INC,350.0,10063.0,,,,
689648103,New Holding,OTTER TAIL CORP,,,1091.0,21900.0,,
743424103,Not New,PROOFPOINT INC,1226.0,10100.0,1029.0,12278.0,-197.0,2178.0
500643200,Not New,KORN FERRY,201.0,4500.0,214.0,5400.0,13.0,900.0
931142103,Not New,WALMART INC,2356.0,24164.0,14457.0,155200.0,12101.0,131036.0
10922N103,Not New,BRIGHTHOUSE FINL INC,612.0,16861.0,1356.0,44500.0,744.0,27639.0
69351T106,New Holding,PPL CORP,,,679.0,21381.0,,
004225108,Not New,ACADIA PHARMACEUTICALS INC,2551.0,95000.0,1326.0,82000.0,-1225.0,-13000.0
585464100,New Holding,MELCO RESORTS AND ENTMT LTD,,,2053.0,90899.0,,
636518102,Not New,NATIONAL INSTRS CORP,1686.0,38000.0,2505.0,55195.0,819.0,17195.0
718546104,New Holding,PHILLIPS 66,,,2265.0,23800.0,,
469814107,New Holding,JACOBS ENGR GROUP INC,,,352.0,4673.0,,
H50430232,Sold Out,LOGITECH INTL S A,460.0,14700.0,,,,
206787103,Not New,CONDUENT INC,287.0,20800.0,2485.0,233729.0,2198.0,212929.0
N6596X109,Not New,NXP SEMICONDUCTORS N V,3173.0,35900.0,5691.0,77652.0,2518.0,41752.0
501889208,Not New,LKQ CORP,11026.0,388500.0,3514.0,148100.0,-7512.0,-240400.0
604871103,Not New,MISONIX INC,3558.0,185000.0,2962.0,185000.0,-596.0,0.0
703481101,Not New,PATTERSON UTI ENERGY INC,572.0,40800.0,833.0,80468.0,261.0,39668.0
852857200,New Holding,STAMPS COM INC,,,1783.0,21900.0,,
69318G106,Not New,PBF ENERGY INC,523.0,16782.0,262.0,8024.0,-261.0,-8758.0
89610F101,Sold Out,TRICIDA INC,364.0,15424.0,,,,
043436104,Not New,ASBURY AUTOMOTIVE GROUP INC,1173.0,16900.0,422.0,6329.0,-751.0,-10571.0
27579R104,Not New,EAST WEST BANCORP INC,1233.0,25700.0,618.0,14200.0,-615.0,-11500.0
G6359F103,Sold Out,NABORS INDUSTRIES LTD,118.0,58890.0,,,,
185899101,New Holding,CLEVELAND CLIFFS INC,,,605.0,60600.0,,
590479135,Not New,MESA AIR GROUP INC,319.0,38300.0,392.0,50900.0,73.0,12600.0
353514102,New Holding,FRANKLIN ELEC INC,,,282.0,5528.0,,
199908104,Sold Out,COMFORT SYS USA INC,301.0,6900.0,,,,
907818108,Not New,UNION PACIFIC CORP,14996.0,89691.0,17532.0,126835.0,2536.0,37144.0
257559203,Not New,DOMTAR CORP,636.0,12820.0,773.0,21998.0,137.0,9178.0
171484108,Not New,CHURCHILL DOWNS INC,14613.0,161900.0,9514.0,39000.0,-5099.0,-122900.0
64115T104,Sold Out,NETSCOUT SYS INC,343.0,14529.0,,,,
812578102,New Holding,SEATTLE GENETICS INC,,,3347.0,45696.0,,
12541W209,Sold Out,C H ROBINSON WORLDWIDE INC,688.0,8177.0,,,,
750917106,Sold Out,RAMBUS INC DEL,160.0,20797.0,,,,
G5494J103,New Holding,LINDE PLC,,,3850.0,22000.0,,
03674X106,New Holding,ANTERO RES CORP,,,466.0,52759.0,,
401617105,Sold Out,GUESS INC,201.0,9698.0,,,,
405024100,Not New,HAEMONETICS CORP,8567.0,97926.0,9385.0,93800.0,818.0,-4126.0
41043F208,Not New,HANGER INC,4090.0,214700.0,4486.0,236700.0,396.0,22000.0
98389B100,Not New,XCEL ENERGY INC,2625.0,46700.0,1179.0,23938.0,-1446.0,-22762.0
58502B106,Not New,MEDNAX INC,1665.0,61270.0,1498.0,45394.0,-167.0,-15876.0
680665205,Not New,OLIN CORP,460.0,19900.0,269.0,13397.0,-191.0,-6503.0
458140100,Not New,INTEL CORP,2858.0,53219.0,2063.0,43959.0,-795.0,-9260.0
384109104,New Holding,GRACO INC,,,213.0,4304.0,,
15117K103,Sold Out,CELLECTIS S A,239.0,14400.0,,,,
302941109,Sold Out,FTI CONSULTING INC,1526.0,22900.0,,,,
443628102,New Holding,HUDBAY MINERALS INC,,,107.0,14900.0,,
252784301,Not New,DIAMONDROCK HOSPITALITY CO,121.0,11179.0,265.0,29100.0,144.0,17921.0
G4388N106,Not New,HELEN OF TROY CORP LTD,1218.0,10505.0,367.0,2800.0,-851.0,-7705.0
007903107,New Holding,ADVANCED MICRO DEVICES INC,,,281.0,11000.0,,
G9456A100,New Holding,GOLAR LNG LTD BERMUDA,,,211.0,10000.0,,
78409V104,Not New,S&P GLOBAL INC,3868.0,18369.0,5048.0,29700.0,1180.0,11331.0
852312305,Not New,STAAR SURGICAL CO,12689.0,371100.0,12156.0,380946.0,-533.0,9846.0
46090E103,New Holding,INVESCO QQQ TR,,,2.0,100000.0,,
09247X101,Not New,BLACKROCK INC,3975.0,9300.0,5036.0,12820.0,1061.0,3520.0
254067101,Sold Out,DILLARDS INC,1978.0,32800.0,,,,
G5480U104,Sold Out,LIBERTY GLOBAL PLC,369.0,17300.0,,,,
278642103,Not New,EBAY INC,2369.0,63798.0,2199.0,78333.0,-170.0,14535.0
883203101,Not New,TEXTRON INC,694.0,13700.0,3700.0,80446.0,3006.0,66746.0
723787107,Sold Out,PIONEER NAT RES CO,2236.0,17000.0,,,,
13321L108,Not New,CAMECO CORP,436.0,37020.0,601.0,52900.0,165.0,15880.0
880779103,New Holding,TEREX CORP NEW,,,543.0,16886.0,,
626755102,Not New,MURPHY USA INC,2020.0,23600.0,1831.0,23900.0,-189.0,300.0
03852U106,Not New,ARAMARK,272.0,9200.0,8007.0,276400.0,7735.0,267200.0
03852U106,Not New,ARAMARK,0.0,100000.0,8007.0,276400.0,8007.0,176400.0
34959J108,Sold Out,FORTIVE CORP,2953.0,43644.0,,,,
36255F110,Sold Out,GS ACQUISITION HLDGS CORP,429.0,342700.0,,,,
630077105,Sold Out,NANOMETRICS INC,502.0,18382.0,,,,
303250104,Not New,FAIR ISAAC CORP,1521.0,5600.0,6994.0,37400.0,5473.0,31800.0
69007J106,Sold Out,OUTFRONT MEDIA INC,237.0,13100.0,,,,
42704L104,New Holding,HERC HLDGS INC,,,4272.0,109600.0,,
844895102,Not New,SOUTHWEST GAS HOLDINGS INC,1539.0,18700.0,1947.0,25446.0,408.0,6746.0
13645T100,Not New,CANADIAN PAC RY LTD,488.0,2371.0,3464.0,19500.0,2976.0,17129.0
269246401,Not New,E TRADE FINANCIAL CORP,5787.0,124642.0,6967.0,158767.0,1180.0,34125.0
462260100,Not New,IOVANCE BIOTHERAPEUTICS INC,1793.0,188430.0,8304.0,938300.0,6511.0,749870.0
47580P103,New Holding,JELD-WEN HLDG INC,,,1148.0,65000.0,,
80589M102,Sold Out,SCANA CORP NEW,497.0,10400.0,,,,
755111507,Not New,RAYTHEON CO,419.0,2300.0,1862.0,12138.0,1443.0,9838.0
743315103,Sold Out,PROGRESSIVE CORP OHIO,593.0,9824.0,,,,
74735M108,Sold Out,QIWI PLC,178.0,12568.0,,,,
09523Q101,Sold Out,BLUE APRON HLDGS INC,4.0,175000.0,,,,
30161N101,Not New,EXELON CORP,2073.0,41373.0,239.0,5300.0,-1834.0,-36073.0
G5960L103,Not New,MEDTRONIC PLC,7478.0,82100.0,4548.0,50000.0,-2930.0,-32100.0
62886E108,New Holding,NCR CORP NEW,,,1504.0,55100.0,,
829226109,Sold Out,SINCLAIR BROADCAST GROUP INC,696.0,26426.0,,,,
94106L109,New Holding,WASTE MGMT INC DEL,,,1797.0,17294.0,,
232806109,Not New,CYPRESS SEMICONDUCTOR CORP,1351.0,90539.0,679.0,53386.0,-672.0,-37153.0
82900L102,Sold Out,SIMPLY GOOD FOODS CO,5084.0,268994.0,,,,
92214X106,Sold Out,VAREX IMAGING CORP,221.0,9319.0,,,,
74727D306,Sold Out,QAD INC,276.0,7028.0,,,,
110122108,New Holding,BRISTOL MYERS SQUIBB CO,,,12500.0,262000.0,,
110122108,New Holding,BRISTOL MYERS SQUIBB CO,,,0.0,50000.0,,
969457100,Not New,WILLIAMS COS INC DEL,20107.0,700100.0,19887.0,901900.0,-220.0,201800.0
718172109,Not New,PHILIP MORRIS INTL INC,1626.0,18400.0,4020.0,60228.0,2394.0,41828.0
G1151C101,New Holding,ACCENTURE PLC IRELAND,,,510.0,2900.0,,
64704V106,New Holding,NEW MEDIA INVT GROUP INC,,,199.0,19000.0,,
115637209,Not New,BROWN FORMAN CORP,343.0,6500.0,13634.0,286556.0,13291.0,280056.0
92532W103,Not New,VERSUM MATLS INC,362.0,7200.0,842.0,30393.0,480.0,23193.0
189054109,New Holding,CLOROX CO DEL,,,678.0,4225.0,,
G22707122,Sold Out,COLLIER CREEK HOLDINGS,11044.0,1100000.0,,,,
829073105,Sold Out,SIMPSON MANUFACTURING CO INC,568.0,10479.0,,,,
92335C106,Sold Out,VERA BRADLEY INC,283.0,33100.0,,,,
983919101,Not New,XILINX INC,1901.0,14992.0,373.0,4385.0,-1528.0,-10607.0
64125C109,Not New,NEUROCRINE BIOSCIENCES INC,4784.0,54300.0,7412.0,103789.0,2628.0,49489.0
733174700,New Holding,POPULAR INC,,,433.0,8300.0,,
48576U106,Not New,KARYOPHARM THERAPEUTICS INC,612.0,104800.0,1151.0,122800.0,539.0,18000.0
831865209,Not New,SMITH A O CORP,401.0,7535.0,6797.0,159200.0,6396.0,151665.0
089302103,Sold Out,BIG LOTS INC,1397.0,48300.0,,,,
868873100,Sold Out,SURMODICS INC,230.0,4856.0,,,,
68752M108,Not New,ORTHOFIX MED INC,987.0,17500.0,951.0,18121.0,-36.0,621.0
44157R109,New Holding,HOUGHTON MIFFLIN HARCOURT CO,,,115.0,15702.0,,
36467J108,Not New,GAMING & LEISURE PPTYS INC,4347.0,112700.0,10769.0,333300.0,6422.0,220600.0
466032109,New Holding,J & J SNACK FOODS CORP,,,223.0,1400.0,,
N53745100,Not New,LYONDELLBASELL INDUSTRIES N,8133.0,96741.0,1391.0,16721.0,-6742.0,-80020.0
N53745100,Not New,LYONDELLBASELL INDUSTRIES N,2.0,65000.0,1391.0,16721.0,1389.0,-48279.0
294429105,New Holding,EQUIFAX INC,,,462.0,3900.0,,
445658107,Sold Out,HUNT J B TRANS SVCS INC,915.0,9838.0,,,,
92828Q109,New Holding,VIRTUS INVT PARTNERS INC,,,224.0,2300.0,,
316773100,Not New,FIFTH THIRD BANCORP,6805.0,269800.0,1362.0,57900.0,-5443.0,-211900.0
43283X105,New Holding,HILTON GRAND VACATIONS INC,,,324.0,10500.0,,
81617J301,Sold Out,SELECT ENERGY SVCS INC,403.0,63744.0,,,,
650111107,Not New,NEW YORK TIMES CO,575.0,17500.0,298.0,13400.0,-277.0,-4100.0
74965L101,Not New,RLJ LODGING TR,373.0,21200.0,662.0,40402.0,289.0,19202.0
74624M102,Not New,PURE STORAGE INC,402.0,18457.0,162.0,10064.0,-240.0,-8393.0
88160R101,Sold Out,TESLA INC,513.0,1541.0,,,,
29978A104,New Holding,EVERBRIDGE INC,,,203.0,2700.0,,
292766102,New Holding,ENERPLUS CORP,,,101.0,12148.0,,
526057104,Not New,LENNAR CORP,9032.0,183992.0,784.0,20029.0,-8248.0,-163963.0
60937P106,New Holding,MONGODB INC,,,510.0,3465.0,,
380237107,New Holding,GODADDY INC,,,4083.0,54300.0,,
817565104,Sold Out,SERVICE CORP INTL,715.0,17767.0,,,,
705573103,New Holding,PEGASYSTEMS INC,,,1019.0,15674.0,,
264411505,New Holding,DUKE REALTY CORP,,,312.0,10200.0,,
988498101,Not New,YUM BRANDS INC,711.0,7121.0,5123.0,55737.0,4412.0,48616.0
141619106,New Holding,CARDIOVASCULAR SYS INC DEL,,,232.0,6000.0,,
38045R206,Not New,GOL LINHAS AEREAS INTLG S A,3136.0,240250.0,3636.0,268400.0,500.0,28150.0
67077M108,Not New,NUTRIEN LTD,311.0,5900.0,2031.0,43200.0,1720.0,37300.0
761152107,Not New,RESMED INC,666.0,6400.0,205.0,1796.0,-461.0,-4604.0
91324P102,Not New,UNITEDHEALTH GROUP INC,4846.0,19600.0,6951.0,27900.0,2105.0,8300.0
099502106,Not New,BOOZ ALLEN HAMILTON HLDG COR,337.0,5794.0,498.0,11033.0,161.0,5239.0
533900106,Not New,LINCOLN ELEC HLDGS INC,224.0,2668.0,3442.0,43650.0,3218.0,40982.0
060505104,Not New,BANK AMER CORP,1819.0,65920.0,5656.0,229529.0,3837.0,163609.0
032095101,New Holding,AMPHENOL CORP NEW,,,538.0,5699.0,,
247361702,New Holding,DELTA AIR LINES INC DEL,,,1059.0,20500.0,,
92337C104,Sold Out,VERASTEM INC,381.0,113423.0,,,,
302301106,Not New,EZCORP INC,145.0,15665.0,700.0,90500.0,555.0,74835.0
143130102,Sold Out,CARMAX INC,787.0,12547.0,,,,
942749102,Not New,WATTS WATER TECHNOLOGIES INC,792.0,9800.0,989.0,15319.0,197.0,5519.0
14067E506,New Holding,CAPSTEAD MTG CORP,,,218.0,25335.0,,
92672L107,Not New,VIEWRAY INC,505.0,68300.0,2570.0,423405.0,2065.0,355105.0
06759L103,Sold Out,BARINGS BDC INC,105.0,11600.0,,,,
879369106,Sold Out,TELEFLEX INC,446.0,1726.0,,,,
297602104,Sold Out,ETHAN ALLEN INTERIORS INC,227.0,12900.0,,,,
14149Y108,Sold Out,CARDINAL HEALTH INC,3998.0,89639.0,,,,
896288107,Not New,TRINET GROUP INC,777.0,13000.0,205.0,4900.0,-572.0,-8100.0
75606N109,Not New,REALPAGE INC,3961.0,65261.0,308.0,6400.0,-3653.0,-58861.0
801056102,New Holding,SANMINA CORPORATION,,,236.0,8200.0,,
24703L202,Sold Out,DELL TECHNOLOGIES INC,9695.0,198387.0,,,,
L9340P101,Sold Out,TRINSEO S A,622.0,13570.0,,,,
90187B408,Sold Out,TWO HBRS INVT CORP,191.0,14900.0,,,,
709102107,Sold Out,PENNSYLVANIA RL ESTATE INVT,258.0,43455.0,,,,
767204100,New Holding,RIO TINTO PLC,,,265.0,4500.0,,
171340102,Sold Out,CHURCH & DWIGHT INC,1841.0,28000.0,,,,
135086106,New Holding,CANADA GOOSE HOLDINGS INC,,,845.0,17600.0,,
05379B107,New Holding,AVISTA CORP,,,1860.0,45800.0,,
896239100,Sold Out,TRIMBLE INC,384.0,11665.0,,,,
45253H101,Not New,IMMUNOGEN INC,59.0,21800.0,76.0,15800.0,17.0,-6000.0
146229109,New Holding,CARTERS INC,,,276.0,2737.0,,
960908309,Sold Out,WESTPORT FUEL SYSTEMS INC,33.0,24698.0,,,,
277432100,New Holding,EASTMAN CHEMICAL CO,,,1215.0,16000.0,,
50540R409,Not New,LABORATORY CORP AMER HLDGS,750.0,4900.0,2256.0,17856.0,1506.0,12956.0
846511103,Sold Out,SPARK ENERGY INC,85.0,11405.0,,,,
075896100,New Holding,BED BATH & BEYOND INC,,,9408.0,553700.0,,
075896100,New Holding,BED BATH & BEYOND INC,,,6.0,420000.0,,
90539J109,Sold Out,UNION BANKSHARES CORP NEW,381.0,13496.0,,,,
81369Y209,New Holding,SELECT SECTOR SPDR TR,,,7439.0,81081.0,,
29977A105,Not New,EVERCORE INC,451.0,4952.0,2131.0,29778.0,1680.0,24826.0
254543101,New Holding,DIODES INC,,,381.0,11000.0,,
14161W105,Not New,CARDLYTICS INC,885.0,53500.0,846.0,78100.0,-39.0,24600.0
96758W101,Sold Out,WIDEOPENWEST INC,129.0,18152.0,,,,
05591B109,New Holding,BMC STK HLDGS INC,,,233.0,13200.0,,
21925Y103,Sold Out,CORNERSTONE ONDEMAND INC,588.0,11659.0,,,,
896522109,Not New,TRINITY INDS INC,490.0,22564.0,1102.0,53546.0,612.0,30982.0
23257D103,Not New,CYMABAY THERAPEUTICS INC,4029.0,303400.0,175.0,22200.0,-3854.0,-281200.0
82568P304,Not New,SHUTTERFLY INC,739.0,18200.0,696.0,17300.0,-43.0,-900.0
58933Y105,Not New,MERCK & CO INC,14672.0,176400.0,10888.0,142500.0,-3784.0,-33900.0
512807108,Not New,LAM RESEARCH CORP,409.0,2283.0,3206.0,23546.0,2797.0,21263.0
925652109,Not New,VICI PPTYS INC,8925.0,407900.0,1117.0,59500.0,-7808.0,-348400.0
79466L302,New Holding,SALESFORCE COM INC,,,7824.0,49400.0,,
375558103,Not New,GILEAD SCIENCES INC,7126.0,109609.0,2684.0,42906.0,-4442.0,-66703.0
25470F104,New Holding,DISCOVERY INC,,,676.0,25000.0,,
53815P108,Not New,LIVERAMP HLDGS INC,923.0,16918.0,589.0,15270.0,-334.0,-1648.0
14862Q100,Sold Out,CASTLIGHT HEALTH INC,54.0,25000.0,,,,
25243Q205,Not New,DIAGEO P L C,491.0,3000.0,12401.0,87450.0,11910.0,84450.0
G0177J108,Not New,ALLERGAN PLC,4831.0,33000.0,8447.0,63200.0,3616.0,30200.0
090572207,Not New,BIO RAD LABS INC,5258.0,17200.0,2044.0,8798.0,-3214.0,-8402.0
278265103,New Holding,EATON VANCE CORP,,,353.0,8753.0,,
552953101,Sold Out,MGM RESORTS INTERNATIONAL,811.0,33422.0,,,,
91529Y106,New Holding,UNUM GROUP,,,1229.0,36317.0,,
88162G103,Sold Out,TETRA TECH INC NEW,490.0,9472.0,,,,
89055F103,Sold Out,TOPBUILD CORP,2097.0,46600.0,,,,
343412102,Not New,FLUOR CORP NEW,327.0,8900.0,499.0,15500.0,172.0,6600.0
61022P100,Sold Out,MONOTYPE IMAGING HOLDINGS IN,161.0,10372.0,,,,
184496107,Not New,CLEAN HARBORS INC,801.0,11200.0,1194.0,24200.0,393.0,13000.0
589400100,Not New,MERCURY GENL CORP NEW,385.0,7697.0,333.0,6444.0,-52.0,-1253.0
233331107,New Holding,DTE ENERGY CO,,,429.0,3438.0,,
524901105,New Holding,LEGG MASON INC,,,1076.0,39300.0,,
750236101,Not New,RADIAN GROUP INC,2039.0,98300.0,483.0,29543.0,-1556.0,-68757.0
G89827102,Not New,TPG PACE HLDGS CORP,3228.0,300000.0,3165.0,300000.0,-63.0,0.0
89853L104,Sold Out,T2 BIOSYSTEMS INC,321.0,106600.0,,,,
371901109,Not New,GENTEX CORP,324.0,15656.0,375.0,18578.0,51.0,2922.0
55262C100,Not New,MBIA INC,99.0,10400.0,177.0,19800.0,78.0,9400.0
878742204,Sold Out,TECK RESOURCES LTD,1245.0,57802.0,,,,
02156K103,Not New,ALTICE USA INC,1806.0,84100.0,4703.0,284700.0,2897.0,200600.0
032511107,Sold Out,ANADARKO PETE CORP,2547.0,58090.0,,,,
024835100,New Holding,AMERICAN CAMPUS CMNTYS INC,,,262.0,5500.0,,
204166102,New Holding,COMMVAULT SYSTEMS INC,,,1019.0,15751.0,,
163851108,New Holding,CHEMOURS CO,,,654.0,17610.0,,
88033G407,Sold Out,TENET HEALTHCARE CORP,224.0,13069.0,,,,
G3165V117,Not New,ARYA SCIENCES ACQUISITION CO,6898.0,666500.0,6892.0,666500.0,-6.0,0.0
878237106,Not New,TECH DATA CORP,259.0,2529.0,1698.0,20759.0,1439.0,18230.0
33829M101,Not New,FIVE BELOW INC,3280.0,26400.0,1341.0,13110.0,-1939.0,-13290.0
552074700,New Holding,LYON WILLIAM HOMES,,,6041.0,393000.0,,
978097103,New Holding,WOLVERINE WORLD WIDE INC,,,212.0,5913.0,,
90138F102,New Holding,TWILIO INC,,,1343.0,10400.0,,
864159108,Sold Out,STURM RUGER & CO INC,430.0,8087.0,,,,
75700L108,Not New,RED ROCK RESORTS INC,2872.0,111100.0,2058.0,101335.0,-814.0,-9765.0
98420N105,Not New,XENON PHARMACEUTICALS INC,5080.0,500000.0,3092.0,490058.0,-1988.0,-9942.0
204429104,New Holding,COMPANIA CERVECERIAS UNIDAS,,,213.0,7200.0,,
451107106,New Holding,IDACORP INC,,,259.0,2600.0,,
125523100,Not New,CIGNA CORP NEW,1801.0,11200.0,4786.0,25200.0,2985.0,14000.0
G96629103,Not New,WILLIS TOWERS WATSON PUB LTD,3952.0,22500.0,699.0,4600.0,-3253.0,-17900.0
018802108,Sold Out,ALLIANT ENERGY CORP,4276.0,101211.0,,,,
32054K103,Sold Out,FIRST INDUSTRIAL REALTY TRUS,337.0,11686.0,,,,
12504L109,New Holding,CBRE GROUP INC,,,2808.0,56763.0,,
05463X106,New Holding,AXOGEN INC,,,4410.0,209400.0,,
501797104,Not New,L BRANDS INC,2596.0,94103.0,7182.0,279800.0,4586.0,185697.0
65249B208,Not New,NEWS CORP NEW,177.0,14200.0,194.0,16811.0,17.0,2611.0
156782104,New Holding,CERNER CORP,,,425.0,7430.0,,
87901J105,Not New,TEGNA INC,169.0,12000.0,129.0,11913.0,-40.0,-87.0
09058V103,Sold Out,BIOCRYST PHARMACEUTICALS,89.0,11000.0,,,,
10948C107,Sold Out,BRIGHTVIEW HLDGS INC,341.0,33390.0,,,,
29786A106,Not New,ETSY INC,22529.0,335158.0,5567.0,117030.0,-16962.0,-218128.0
09062W204,Not New,BIOLIFE SOLUTIONS INC,4923.0,275200.0,4051.0,336700.0,-872.0,61500.0
476405105,Not New,JERNIGAN CAP INC,1182.0,56200.0,1197.0,60400.0,15.0,4200.0
G51502105,New Holding,JOHNSON CTLS INTL PLC,,,923.0,24971.0,,
205887102,Not New,CONAGRA BRANDS INC,43456.0,1566582.0,347.0,16267.0,-43109.0,-1550315.0
205887102,Not New,CONAGRA BRANDS INC,6.0,200000.0,347.0,16267.0,341.0,-183733.0
127097103,New Holding,CABOT OIL & GAS CORP,,,662.0,25369.0,,
86881A100,Sold Out,SURGERY PARTNERS INC,994.0,101477.0,,,,
78442P106,Not New,SLM CORP,3603.0,363600.0,173.0,20816.0,-3430.0,-342784.0
G47791101,Not New,INGERSOLL-RAND PLC,3134.0,29035.0,5256.0,57615.0,2122.0,28580.0
531172104,New Holding,LIBERTY PPTY TR,,,213.0,4400.0,,
36237H101,Sold Out,G-III APPAREL GROUP LTD,218.0,7800.0,,,,
G0408V102,Not New,AON PLC,2714.0,15900.0,2345.0,16131.0,-369.0,231.0
74275G107,Not New,PRIORITY TECHNOLOGY HLDGS IN,431.0,65000.0,520.0,65000.0,89.0,0.0
47215P106,Sold Out,JD COM INC,1076.0,51400.0,,,,
98311A105,Sold Out,WYNDHAM HOTELS & RESORTS INC,771.0,16986.0,,,,
62914V106,New Holding,NIO INC,,,476.0,93400.0,,
053332102,Not New,AUTOZONE INC,2365.0,2309.0,1263.0,1507.0,-1102.0,-802.0
Y2066G104,New Holding,DIANA SHIPPING INC,,,141.0,50000.0,,
242370203,Sold Out,DEAN FOODS CO NEW,58.0,15200.0,,,,
364760108,Not New,GAP INC,1.0,150000.0,675.0,26200.0,674.0,-123800.0
364760108,Not New,GAP INC,3867.0,147700.0,675.0,26200.0,-3192.0,-121500.0
942622200,Sold Out,WATSCO INC,514.0,3690.0,,,,
228368106,Not New,CROWN HOLDINGS INC,10380.0,190200.0,7529.0,181100.0,-2851.0,-9100.0
228368106,Not New,CROWN HOLDINGS INC,3.0,250000.0,7529.0,181100.0,7526.0,-68900.0
40131M109,Sold Out,GUARDANT HEALTH INC,3597.0,95700.0,,,,
12503M108,Not New,CBOE GLOBAL MARKETS INC,3198.0,33500.0,3916.0,40032.0,718.0,6532.0
418056107,New Holding,HASBRO INC,,,1.0,50000.0,,
110448107,New Holding,BRITISH AMERN TOB PLC,,,352.0,8439.0,,
231561101,Not New,CURTISS WRIGHT CORP,785.0,6927.0,439.0,4300.0,-346.0,-2627.0
92686J106,New Holding,VIKING THERAPEUTICS INC,,,6504.0,654300.0,,
92826C839,Not New,VISA INC,718.0,4600.0,8063.0,61115.0,7345.0,56515.0
045487105,Sold Out,ASSOCIATED BANC CORP,618.0,31245.0,,,,
868157108,Sold Out,SUPERIOR ENERGY SVCS INC,39.0,11747.0,,,,
82481R106,Sold Out,SHIRE PLC,31849.0,183006.0,,,,
670002104,Not New,NOVAVAX INC,11.0,19700.0,847.0,460500.0,836.0,440800.0
118230101,New Holding,BUCKEYE PARTNERS L P,,,13608.0,400000.0,,
881624209,Not New,TEVA PHARMACEUTICAL INDS LTD,392.0,25000.0,5985.0,388175.0,5593.0,363175.0
457187102,Not New,INGREDION INC,708.0,7477.0,475.0,5200.0,-233.0,-2277.0
902681105,New Holding,UGI CORP NEW,,,449.0,8100.0,,
11282X103,Not New,BROOKFIELD PROPERTY REIT INC,2506.0,122283.0,1118.0,69428.0,-1388.0,-52855.0
11282X103,Not New,BROOKFIELD PROPERTY REIT INC,2.0,100000.0,1118.0,69428.0,1116.0,-30572.0
600544100,Not New,MILLER HERMAN INC,317.0,9000.0,572.0,18901.0,255.0,9901.0
678026105,Not New,OIL STS INTL INC,472.0,27800.0,784.0,54859.0,312.0,27059.0
235825205,Not New,DANA INCORPORATED,1389.0,78300.0,4031.0,295769.0,2642.0,217469.0
81141R100,New Holding,SEA LTD,,,752.0,32000.0,,
042735100,New Holding,ARROW ELECTRS INC,,,1332.0,17289.0,,
717081103,Not New,PFIZER INC,11997.0,282489.0,14166.0,324537.0,2169.0,42048.0
35905A109,Not New,FRONTDOOR INC,1997.0,58000.0,264.0,9900.0,-1733.0,-48100.0
05541T101,Sold Out,BGC PARTNERS INC,735.0,142151.0,,,,
85858C107,New Holding,STEMLINE THERAPEUTICS INC,,,10050.0,782100.0,,
562750109,New Holding,MANHATTAN ASSOCS INC,,,372.0,6754.0,,
422806208,Sold Out,HEICO CORP NEW,208.0,3300.0,,,,
101137107,Not New,BOSTON SCIENTIFIC CORP,9595.0,250000.0,8260.0,233700.0,-1335.0,-16300.0
902494103,Not New,TYSON FOODS INC,8591.0,123750.0,5357.0,100300.0,-3234.0,-23450.0
576323109,Not New,MASTEC INC,4372.0,90898.0,1291.0,31832.0,-3081.0,-59066.0
025537101,Not New,AMERICAN ELEC PWR CO INC,3790.0,45251.0,262.0,3500.0,-3528.0,-41751.0
816850101,Not New,SEMTECH CORP,224.0,4400.0,3356.0,73182.0,3132.0,68782.0
84857L101,Sold Out,SPIRE INC,533.0,7200.0,,,,
563571405,Sold Out,MANITOWOC CO INC,652.0,44200.0,,,,
73179P106,New Holding,POLYONE CORP,,,600.0,20451.0,,
53223X107,Not New,LIFE STORAGE INC,262.0,2700.0,259.0,2788.0,-3.0,88.0
61174X109,New Holding,MONSTER BEVERAGE CORP NEW,,,299.0,5487.0,,
61174X109,New Holding,MONSTER BEVERAGE CORP NEW,,,0.0,40000.0,,
72651A207,Not New,PLAINS GP HLDGS L P,19985.0,802000.0,24406.0,1214253.0,4421.0,412253.0
553498106,Not New,MSA SAFETY INC,476.0,4600.0,537.0,5700.0,61.0,1100.0
63938C108,Not New,NAVIENT CORPORATION,361.0,31199.0,1927.0,218744.0,1566.0,187545.0
21676P103,Not New,COOPER STD HLDGS INC,272.0,5800.0,630.0,10143.0,358.0,4343.0
298736109,Not New,EURONET WORLDWIDE INC,941.0,6600.0,625.0,6100.0,-316.0,-500.0
M22465104,Sold Out,CHECK POINT SOFTWARE TECH LT,411.0,4000.0,,,,
369604103,Not New,GENERAL ELECTRIC CO,500.0,50000.0,3723.0,891600.0,3223.0,841600.0
830830105,Not New,SKYLINE CHAMPION CORPORATION,3748.0,197300.0,640.0,43596.0,-3108.0,-153704.0
337932107,Not New,FIRSTENERGY CORP,12292.0,295400.0,15201.0,404818.0,2909.0,109418.0
78410G104,Sold Out,SBA COMMUNICATIONS CORP NEW,2522.0,15576.0,,,,
655844108,Not New,NORFOLK SOUTHERN CORP,29976.0,160387.0,12764.0,85355.0,-17212.0,-75032.0
781846209,New Holding,RUSH ENTERPRISES INC,,,3480.0,83230.0,,
69343T107,Sold Out,PJT PARTNERS INC,267.0,6890.0,,,,
28470R102,Not New,ELDORADO RESORTS INC,20833.0,446200.0,3378.0,93290.0,-17455.0,-352910.0
N20944109,New Holding,CNH INDL N V,,,153.0,15000.0,,
96208T104,Not New,WEX INC,211.0,1100.0,461.0,3288.0,250.0,2188.0
826516106,Sold Out,SIERRA WIRELESS INC,191.0,14230.0,,,,
45167R104,Sold Out,IDEX CORP,429.0,3400.0,,,,
00130H105,Not New,AES CORP,287.0,15851.0,3566.0,246584.0,3279.0,230733.0
46121Y102,Not New,INTREPID POTASH INC,1343.0,354600.0,2112.0,812500.0,769.0,457900.0
46121Y102,Not New,INTREPID POTASH INC,1.0,400000.0,2112.0,812500.0,2111.0,412500.0
11135F101,Not New,BROADCOM INC,3157.0,10500.0,1544.0,6074.0,-1613.0,-4426.0
045396108,Sold Out,ASSEMBLY BIOSCIENCES INC,697.0,30800.0,,,,
M46135105,Sold Out,FOAMIX PHARMACEUTICALS LTD,201.0,56000.0,,,,
436440101,Sold Out,HOLOGIC INC,2051.0,49897.0,,,,
G89827110,Sold Out,TPG PACE HLDGS CORP,400.0,400000.0,,,,
59156R108,New Holding,METLIFE INC,,,1292.0,30361.0,,
08579W103,New Holding,BERRY GLOBAL GROUP INC,,,862.0,16000.0,,
20030N101,Sold Out,COMCAST CORP NEW,1325.0,38900.0,,,,
499049104,New Holding,KNIGHT SWIFT TRANSN HLDGS IN,,,3611.0,110500.0,,
26210C104,Not New,DROPBOX INC,4223.0,193759.0,8378.0,410057.0,4155.0,216298.0
03662Q105,Not New,ANSYS INC,3317.0,18150.0,285.0,1993.0,-3032.0,-16157.0
90328S500,Sold Out,USA TECHNOLOGIES INC,122.0,31404.0,,,,
92553P201,Sold Out,VIACOM INC NEW,721.0,28045.0,,,,
032654105,New Holding,ANALOG DEVICES INC,,,1358.0,12900.0,,
053774105,New Holding,AVIS BUDGET GROUP INC,,,463.0,13300.0,,
039483102,Sold Out,ARCHER DANIELS MIDLAND CO,449.0,10956.0,,,,
38526M106,Not New,GRAND CANYON ED INC,985.0,8596.0,433.0,4500.0,-552.0,-4096.0
32008D106,Not New,FIRST DATA CORP NEW,696.0,26500.0,5604.0,331400.0,4908.0,304900.0
12674R100,Not New,C&J ENERGY SVCS INC NEW,404.0,26046.0,155.0,11500.0,-249.0,-14546.0
12508E101,New Holding,CDK GLOBAL INC,,,1512.0,25704.0,,
811916105,Sold Out,SEABRIDGE GOLD INC,209.0,15773.0,,,,
85208M102,New Holding,SPROUTS FMRS MKT INC,,,964.0,44775.0,,
141788109,Not New,CARGURUS INC,204.0,5100.0,624.0,18504.0,420.0,13404.0
92939U106,New Holding,WEC ENERGY GROUP INC,,,1262.0,15964.0,,
76680R206,Not New,RINGCENTRAL INC,1175.0,10900.0,1054.0,12789.0,-121.0,1889.0
552848103,New Holding,MGIC INVT CORP WIS,,,264.0,19986.0,,
25754A201,New Holding,DOMINOS PIZZA INC,,,413.0,1600.0,,
722304102,Not New,PINDUODUO INC,539.0,21752.0,216.0,9619.0,-323.0,-12133.0
59408Q106,Not New,MICHAELS COS INC,4070.0,356400.0,314.0,23254.0,-3756.0,-333146.0
40416M105,Not New,HD SUPPLY HLDGS INC,7695.0,177500.0,3564.0,95000.0,-4131.0,-82500.0
48203R104,New Holding,JUNIPER NETWORKS INC,,,930.0,35128.0,,
928298108,Not New,VISHAY INTERTECHNOLOGY INC,651.0,35200.0,649.0,36008.0,-2.0,808.0
443320106,Not New,HUB GROUP INC,10372.0,253900.0,237.0,6400.0,-10135.0,-247500.0
682189105,Not New,ON SEMICONDUCTOR CORP,1315.0,63926.0,332.0,20124.0,-983.0,-43802.0
723484101,Not New,PINNACLE WEST CAP CORP,4814.0,50366.0,1779.0,20881.0,-3035.0,-29485.0
69349H107,New Holding,PNM RES INC,,,3806.0,80400.0,,
40049J206,Not New,GRUPO TELEVISA SA,163.0,14700.0,463.0,36796.0,300.0,22096.0
87724P106,Sold Out,TAYLOR MORRISON HOME CORP,321.0,20159.0,,,,
349553107,Sold Out,FORTIS INC,437.0,13100.0,,,,
064058100,New Holding,BANK NEW YORK MELLON CORP,,,1842.0,36530.0,,
G87110105,Sold Out,TECHNIPFMC PLC,300.0,15300.0,,,,
163072101,New Holding,CHEESECAKE FACTORY INC,,,2818.0,57600.0,,
858586100,New Holding,STEPAN CO,,,210.0,2400.0,,
20717E101,New Holding,CONFORMIS INC,,,812.0,282000.0,,
714254109,Not New,PERMROCK ROYALTY TRUST,963.0,115609.0,744.0,125609.0,-219.0,10000.0
464287739,Not New,ISHARES TR,14643.0,168234.0,21748.0,290208.0,7105.0,121974.0
136375102,Sold Out,CANADIAN NATL RY CO,800.0,10800.0,,,,
596278101,New Holding,MIDDLEBY CORP,,,390.0,3000.0,,
31428X106,Not New,FEDEX CORP,1.0,35000.0,3176.0,119100.0,3175.0,84100.0
31428X106,Not New,FEDEX CORP,0.0,0.0,3176.0,119100.0,3176.0,119100.0
703395103,Sold Out,PATTERSON COMPANIES INC,483.0,24535.0,,,,
595017104,New Holding,MICROCHIP TECHNOLOGY INC,,,1900.0,22900.0,,
15189T107,Not New,CENTERPOINT ENERGY INC,366.0,11928.0,13977.0,495100.0,13611.0,483172.0
52603B107,Sold Out,LENDINGTREE INC NEW,942.0,4289.0,,,,
G6564A105,Not New,NOMAD FOODS LTD,9285.0,454000.0,7239.0,433000.0,-2046.0,-21000.0
00724F101,Not New,ADOBE INC,879.0,3300.0,1809.0,8000.0,930.0,4700.0
76131V202,Sold Out,RETAIL PPTYS AMER INC,377.0,34726.0,,,,
80283M101,New Holding,SANTANDER CONSUMER USA HDG I,,,921.0,43600.0,,
344849104,Not New,FOOT LOCKER INC,17810.0,293881.0,18790.0,353197.0,980.0,59316.0
826919102,Sold Out,SILICON LABORATORIES INC,717.0,9095.0,,,,
695263103,New Holding,PACWEST BANCORP DEL,,,229.0,6077.0,,
749119103,New Holding,QUOTIENT TECHNOLOGY INC,,,147.0,14843.0,,
03957W106,Not New,ARCHROCK INC,145.0,14800.0,263.0,35100.0,118.0,20300.0
45826H109,New Holding,INTEGER HLDGS CORP,,,415.0,5500.0,,
67066G104,Not New,NVIDIA CORP,9948.0,55400.0,9305.0,69700.0,-643.0,14300.0
87265K102,Not New,TPG SPECIALTY LENDING INC,594.0,29700.0,672.0,37154.0,78.0,7454.0
824348106,Sold Out,SHERWIN WILLIAMS CO,2693.0,6844.0,,,,
05501U106,Not New,AZUL S A,266.0,9100.0,302.0,10900.0,36.0,1800.0
909214306,New Holding,UNISYS CORP,,,241.0,20700.0,,
74933X104,New Holding,RA MED SYS INC,,,238.0,70000.0,,
002535300,Not New,AARONS INC,417.0,7928.0,988.0,23500.0,571.0,15572.0
428304109,New Holding,HEXO CORP,,,4191.0,634300.0,,
929042109,New Holding,VORNADO RLTY TR,,,1139.0,16900.0,,
054561105,Not New,AXA EQUITABLE HLDGS INC,10039.0,498485.0,13039.0,784100.0,3000.0,285615.0
706327103,Not New,PEMBINA PIPELINE CORP,342.0,9300.0,262.0,8833.0,-80.0,-467.0
001055102,New Holding,AFLAC INC,,,963.0,19263.0,,
122017106,New Holding,BURLINGTON STORES INC,,,5468.0,34900.0,,
000361105,New Holding,AAR CORP,,,1684.0,51800.0,,
513272104,Sold Out,LAMB WESTON HLDGS INC,2516.0,34200.0,,,,
92763W103,Sold Out,VIPSHOP HLDGS LTD,57.0,10483.0,,,,
05351W103,New Holding,AVANGRID INC,,,528.0,10496.0,,
40637H109,Not New,HALOZYME THERAPEUTICS INC,2844.0,176576.0,336.0,23000.0,-2508.0,-153576.0
759351604,Sold Out,REINSURANCE GROUP AMER INC,2322.0,16558.0,,,,
83125X103,Sold Out,SLEEP NUMBER CORP,425.0,13393.0,,,,
567908108,Not New,MARINEMAX INC,222.0,11600.0,219.0,11939.0,-3.0,339.0
74340W103,Not New,PROLOGIS INC,1403.0,19500.0,613.0,10436.0,-790.0,-9064.0
G1890L107,New Holding,CAPRI HOLDINGS LIMITED,,,10816.0,236400.0,,
G4863A108,Not New,INTERNATIONAL GAME TECHNOLOG,1358.0,104600.0,13771.0,1339186.0,12413.0,1234586.0
698813102,Not New,PAPA JOHNS INTL INC,15466.0,292100.0,7157.0,179773.0,-8309.0,-112327.0
28176E108,Not New,EDWARDS LIFESCIENCES CORP,774.0,4045.0,1148.0,7500.0,374.0,3455.0
067806109,New Holding,BARNES GROUP INC,,,468.0,9100.0,,
053015103,Not New,AUTOMATIC DATA PROCESSING IN,6248.0,39117.0,2765.0,21084.0,-3483.0,-18033.0
460690100,New Holding,INTERPUBLIC GROUP COS INC,,,1962.0,93400.0,,
902104108,New Holding,II VI INC,,,242.0,6500.0,,
336901103,Sold Out,1ST SOURCE CORP,227.0,5624.0,,,,
92343E102,Not New,VERISIGN INC,2881.0,15869.0,932.0,6284.0,-1949.0,-9585.0
416906105,Not New,HARVARD BIOSCIENCE INC,1509.0,350000.0,716.0,225000.0,-793.0,-125000.0
92276F100,New Holding,VENTAS INC,,,498.0,7800.0,,
285512109,Not New,ELECTRONIC ARTS INC,20244.0,199200.0,10732.0,136000.0,-9512.0,-63200.0
G9618E107,Not New,WHITE MTNS INS GROUP LTD,2407.0,2600.0,2144.0,2500.0,-263.0,-100.0
92922P106,Sold Out,W & T OFFSHORE INC,181.0,43851.0,,,,
203607106,Sold Out,COMMUNITY BK SYS INC,258.0,4425.0,,,,
452907108,Not New,IMMUNOMEDICS INC,1790.0,93200.0,5214.0,365357.0,3424.0,272157.0
57636Q104,Not New,MASTERCARD INC,385.0,1635.0,660.0,3500.0,275.0,1865.0
256746108,Not New,DOLLAR TREE INC,10769.0,102527.0,14803.0,163900.0,4034.0,61373.0
398438408,Not New,GRIFOLS S A,2626.0,130600.0,1838.0,100100.0,-788.0,-30500.0
00751Y106,Not New,ADVANCE AUTO PARTS INC,10878.0,63784.0,4998.0,31744.0,-5880.0,-32040.0
017175100,Not New,ALLEGHANY CORP DEL,2143.0,3500.0,2119.0,3400.0,-24.0,-100.0
H1467J104,New Holding,CHUBB LIMITED,,,905.0,6462.0,,
493723100,Sold Out,KEYW HLDG CORP,74.0,11117.0,,,,
835699307,New Holding,SONY CORP,,,883.0,20900.0,,
143658300,New Holding,CARNIVAL CORP,,,269.0,5300.0,,
65487K100,Sold Out,NLIGHT INC,677.0,38062.0,,,,
63935N107,Not New,NAVIGANT CONSULTING INC,421.0,21640.0,492.0,20434.0,71.0,-1206.0
913017109,Sold Out,UNITED TECHNOLOGIES CORP,10793.0,101360.0,,,,
680033107,Sold Out,OLD NATL BANCORP IND,154.0,10031.0,,,,
83088M102,New Holding,SKYWORKS SOLUTIONS INC,,,4497.0,54516.0,,
872540109,Not New,TJX COS INC NEW,11800.0,221753.0,17482.0,390740.0,5682.0,168987.0
00790R104,Not New,ADVANCED DRAIN SYS INC DEL,2041.0,79200.0,228.0,9436.0,-1813.0,-69764.0
845467109,Not New,SOUTHWESTERN ENERGY CO,358.0,76330.0,288.0,84505.0,-70.0,8175.0
838518108,Sold Out,SOUTH JERSEY INDS INC,219.0,7869.0,,,,
292671708,Sold Out,ENERGY FUELS INC,92.0,32300.0,,,,
398905109,Not New,GROUP 1 AUTOMOTIVE INC,2009.0,31041.0,3010.0,57100.0,1001.0,26059.0
227046109,New Holding,CROCS INC,,,227.0,8818.0,,
71639T106,Sold Out,PETIQ INC,4627.0,197119.0,,,,
63934E108,Not New,NAVISTAR INTL CORP NEW,978.0,30300.0,1880.0,72460.0,902.0,42160.0
84265V105,Sold Out,SOUTHERN COPPER CORP,1212.0,39375.0,,,,
G0750C108,Not New,AXALTA COATING SYS LTD,1162.0,46100.0,6656.0,284200.0,5494.0,238100.0
12532H104,New Holding,CGI INC,,,627.0,9120.0,,
Y2573F102,Sold Out,FLEX LTD,374.0,49200.0,,,,
127055101,Sold Out,CABOT CORP,229.0,5325.0,,,,
18914U100,Sold Out,CLOUDERA INC,678.0,61300.0,,,,
74144T108,New Holding,PRICE T ROWE GROUP INC,,,898.0,8967.0,,
74915M100,Not New,QURATE RETAIL INC,1582.0,99000.0,1076.0,55127.0,-506.0,-43873.0
29273V100,New Holding,ENERGY TRANSFER LP,,,27667.0,1800000.0,,
981558109,Not New,WORLDPAY INC,3609.0,31800.0,260.0,3400.0,-3349.0,-28400.0
354613101,New Holding,FRANKLIN RES INC,,,884.0,26670.0,,
98956P102,Not New,ZIMMER BIOMET HLDGS INC,4355.0,34100.0,4896.0,47206.0,541.0,13106.0
G81276100,New Holding,SIGNET JEWELERS LIMITED,,,820.0,30200.0,,
423452101,Sold Out,HELMERICH & PAYNE INC,978.0,20400.0,,,,
42824C109,Not New,HEWLETT PACKARD ENTERPRISE C,1995.0,129323.0,1949.0,147537.0,-46.0,18214.0
842587107,Not New,SOUTHERN CO,2300.0,44500.0,849.0,19334.0,-1451.0,-25166.0
825724206,Not New,SIBANYE STILLWATER,62.0,14956.0,142.0,50016.0,80.0,35060.0
68235P108,Sold Out,ONE GAS INC,396.0,4969.0,,,,
64110D104,New Holding,NETAPP INC,,,709.0,10223.0,,
049560105,Not New,ATMOS ENERGY CORP,700.0,6800.0,297.0,3200.0,-403.0,-3600.0
29444U700,New Holding,EQUINIX INC,,,2855.0,6300.0,,
92854Q106,Not New,VIVINT SOLAR INC,163.0,32800.0,988.0,259301.0,825.0,226501.0
067774109,Sold Out,BARNES & NOBLE INC,182.0,25664.0,,,,
69323K100,Sold Out,PCM INC,322.0,18273.0,,,,
91822M106,Not New,VEON LTD,53.0,25083.0,85.0,36556.0,32.0,11473.0
G54050102,New Holding,LAZARD LTD,,,425.0,11748.0,,
211171103,New Holding,CONTINENTAL BLDG PRODS INC,,,243.0,9800.0,,
142339100,Not New,CARLISLE COS INC,3766.0,30712.0,6032.0,60000.0,2266.0,29288.0
15135B101,Not New,CENTENE CORP DEL,14035.0,264300.0,14263.0,123700.0,228.0,-140600.0
00737L103,Not New,ADTALEM GLOBAL ED INC,230.0,4976.0,867.0,18320.0,637.0,13344.0
55616P104,New Holding,MACYS INC,,,1.0,100000.0,,
65158N102,New Holding,NEWMARK GROUP INC,,,88.0,10468.0,,
82669G104,Not New,SIGNATURE BK NEW YORK N Y,615.0,4800.0,9982.0,97100.0,9367.0,92300.0
04010L103,Not New,ARES CAP CORP,541.0,31600.0,174.0,11200.0,-367.0,-20400.0
15677J108,New Holding,CERIDIAN HCM HLDG INC,,,2218.0,43220.0,,
012348108,Sold Out,ALBANY INTL CORP,367.0,5881.0,,,,
66987V109,New Holding,NOVARTIS A G,,,3433.0,35706.0,,
12572Q105,Not New,CME GROUP INC,33015.0,200600.0,11287.0,60000.0,-21728.0,-140600.0
55354G100,New Holding,MSCI INC,,,1095.0,5507.0,,
172908105,Not New,CINTAS CORP,1778.0,8800.0,1769.0,10533.0,-9.0,1733.0
44332N106,New Holding,HUAZHU GROUP LTD,,,6163.0,146242.0,,
882508104,New Holding,TEXAS INSTRS INC,,,2935.0,27667.0,,
466367109,Not New,JACK IN THE BOX INC,5374.0,66300.0,2088.0,26900.0,-3286.0,-39400.0
702149105,Not New,PARTY CITY HOLDCO INC,264.0,33200.0,194.0,19400.0,-70.0,-13800.0
919794107,Sold Out,VALLEY NATL BANCORP,283.0,31943.0,,,,
265504100,Not New,DUNKIN BRANDS GROUP INC,6016.0,80100.0,7930.0,123678.0,1914.0,43578.0
224399105,New Holding,CRANE CO,,,506.0,5988.0,,
29261A100,Not New,ENCOMPASS HEALTH CORP,666.0,11400.0,1215.0,19700.0,549.0,8300.0
594918104,Not New,MICROSOFT CORP,5961.0,50542.0,1441.0,14185.0,-4520.0,-36357.0
633707104,Sold Out,NATIONAL BK HLDGS CORP,351.0,11382.0,,,,
G0129K104,Sold Out,AIRCASTLE LTD,207.0,12007.0,,,,
49338L103,Sold Out,KEYSIGHT TECHNOLOGIES INC,3135.0,50500.0,,,,
G81075106,Sold Out,SHIP FINANCE INTERNATIONAL L,1325.0,125800.0,,,,
483548103,Not New,KAMAN CORP,275.0,4700.0,208.0,3700.0,-67.0,-1000.0
410867105,Not New,HANOVER INS GROUP INC,753.0,6602.0,327.0,2800.0,-426.0,-3802.0
05605H100,New Holding,BWX TECHNOLOGIES INC,,,203.0,4100.0,,
902973304,Not New,US BANCORP DEL,2221.0,46100.0,439.0,9615.0,-1782.0,-36485.0
832696405,Not New,SMUCKER J M CO,598.0,5136.0,437.0,4674.0,-161.0,-462.0
382550101,Sold Out,GOODYEAR TIRE & RUBR CO,3700.0,181300.0,,,,
30050B101,Sold Out,EVOLENT HEALTH INC,1397.0,70000.0,,,,
054937107,Sold Out,BB&T CORP,1936.0,44700.0,,,,
097023105,Not New,BOEING CO,16287.0,42700.0,247.0,100000.0,-16040.0,57300.0
384802104,New Holding,GRAINGER W W INC,,,2076.0,6900.0,,
30303M102,Not New,FACEBOOK INC,333.0,2000.0,2609.0,19900.0,2276.0,17900.0
04013V108,New Holding,ARES COML REAL ESTATE CORP,,,186.0,12200.0,,
767744105,Not New,RITCHIE BROS AUCTIONEERS,1295.0,38102.0,264.0,8061.0,-1031.0,-30041.0
45337C102,Not New,INCYTE CORP,861.0,10013.0,5761.0,90600.0,4900.0,80587.0
904708104,New Holding,UNIFIRST CORP MASS,,,384.0,2500.0,,
695156109,Sold Out,PACKAGING CORP AMER,594.0,7122.0,,,,
874224207,Sold Out,TALEND S A,1524.0,41100.0,,,,
172755100,Sold Out,CIRRUS LOGIC INC,591.0,17798.0,,,,
71375U101,New Holding,PERFICIENT INC,,,208.0,7600.0,,
427825500,Not New,HERSHA HOSPITALITY TR,668.0,39000.0,244.0,13900.0,-424.0,-25100.0
09215C105,Sold Out,BLACK KNIGHT INC,888.0,19700.0,,,,
848577102,Not New,SPIRIT AIRLS INC,523.0,9900.0,23405.0,404100.0,22882.0,394200.0
87161C501,Not New,SYNOVUS FINL CORP,3833.0,111570.0,3234.0,101093.0,-599.0,-10477.0
94419L101,Not New,WAYFAIR INC,1247.0,8400.0,531.0,5898.0,-716.0,-2502.0
104674106,Sold Out,BRADY CORP,875.0,20138.0,,,,
35137L105,New Holding,FOX CORP,,,3069.0,83600.0,,
595112103,Not New,MICRON TECHNOLOGY INC,1289.0,31200.0,3842.0,121068.0,2553.0,89868.0
109641100,Not New,BRINKER INTL INC,7642.0,172200.0,4215.0,95848.0,-3427.0,-76352.0
G3922B107,Not New,GENPACT LIMITED,969.0,27571.0,872.0,32300.0,-97.0,4729.0
855244109,Sold Out,STARBUCKS CORP,8546.0,132706.0,,,,
09259E108,Sold Out,BLACKROCK TCP CAP CORP,257.0,19740.0,,,,
682680103,Sold Out,ONEOK INC NEW,521.0,9656.0,,,,
85917A100,Not New,STERLING BANCORP DEL,2142.0,114963.0,4043.0,244900.0,1901.0,129937.0
98156Q108,New Holding,WORLD WRESTLING ENTMT INC,,,3350.0,38600.0,,
989701107,Not New,ZIONS BANCORPORATION N A,594.0,13079.0,1308.0,32113.0,714.0,19034.0
H42097107,New Holding,UBS GROUP AG,,,143.0,11800.0,,
037833100,Not New,APPLE INC,6971.0,36700.0,4482.0,28417.0,-2489.0,-8283.0
38388F108,Not New,GRACE W R & CO DEL NEW,2279.0,29200.0,2032.0,31300.0,-247.0,2100.0
N22035104,Not New,CONSTELLIUM NV,8008.0,1003563.0,3574.0,511300.0,-4434.0,-492263.0
67075N108,Not New,NUVECTRA CORP,796.0,72300.0,2759.0,168882.0,1963.0,96582.0
315616102,New Holding,F5 NETWORKS INC,,,363.0,2314.0,,
019770106,Sold Out,ALLOGENE THERAPEUTICS INC,269.0,10000.0,,,,
254709108,Not New,DISCOVER FINL SVCS,821.0,11537.0,2715.0,46040.0,1894.0,34503.0
11120U105,Sold Out,BRIXMOR PPTY GROUP INC,154.0,10500.0,,,,
858155203,Not New,STEELCASE INC,433.0,29800.0,158.0,10700.0,-275.0,-19100.0
030975106,New Holding,AMERIGAS PARTNERS L P,,,19953.0,646332.0,,
149123101,Not New,CATERPILLAR INC DEL,10270.0,75805.0,419.0,3300.0,-9851.0,-72505.0
78573M104,Not New,SABRE CORP,440.0,20600.0,329.0,15208.0,-111.0,-5392.0
83545G102,Sold Out,SONIC AUTOMOTIVE INC,223.0,16209.0,,,,
909907107,Sold Out,UNITED BANKSHARES INC WEST V,255.0,8211.0,,,,
10316T104,Not New,BOX INC,2332.0,120800.0,411.0,24400.0,-1921.0,-96400.0
N47279109,New Holding,INTERXION HOLDING N.V,,,493.0,7400.0,,
867892101,Not New,SUNSTONE HOTEL INVS INC NEW,234.0,16200.0,253.0,19477.0,19.0,3277.0
194014106,Not New,COLFAX CORP,6711.0,226100.0,5244.0,250900.0,-1467.0,24800.0
194014106,Not New,COLFAX CORP,7.0,800000.0,5244.0,250900.0,5237.0,-549100.0
941848103,New Holding,WATERS CORP,,,1252.0,4973.0,,
941848103,New Holding,WATERS CORP,,,0.0,20000.0,,
629209305,Sold Out,NMI HLDGS INC,240.0,13449.0,,,,
573284106,New Holding,MARTIN MARIETTA MATLS INC,,,322.0,1600.0,,
36473H104,Sold Out,GANNETT CO INC,116.0,13600.0,,,,
35906A306,New Holding,FRONTIER COMMUNICATIONS CORP,,,28.0,13700.0,,
624758108,Sold Out,MUELLER WTR PRODS INC,107.0,11700.0,,,,
49427F108,Sold Out,KILROY RLTY CORP,578.0,9198.0,,,,
92220P105,Sold Out,VARIAN MED SYS INC,1548.0,13665.0,,,,
457985208,New Holding,INTEGRA LIFESCIENCES HLDGS C,,,461.0,8280.0,,
10482B101,New Holding,BRAEMAR HOTELS & RESORTS INC,,,154.0,12600.0,,
872590104,Not New,T MOBILE US INC,1044.0,15100.0,1132.0,17800.0,88.0,2700.0
094235108,Not New,BLOOMIN BRANDS INC,1902.0,93000.0,737.0,41200.0,-1165.0,-51800.0
450056106,Not New,IRHYTHM TECHNOLOGIES INC,225.0,3000.0,250.0,3600.0,25.0,600.0
548862101,Sold Out,LOXO ONCOLOGY INC,2003.0,14300.0,,,,
887389104,New Holding,TIMKEN CO,,,2059.0,47200.0,,
45168D104,New Holding,IDEXX LABS INC,,,291.0,1300.0,,
929160109,Not New,VULCAN MATLS CO,22661.0,191400.0,682.0,6900.0,-21979.0,-184500.0
461202103,New Holding,INTUIT,,,262.0,1000.0,,
56418H100,Sold Out,MANPOWERGROUP INC,1142.0,17624.0,,,,
524660107,New Holding,LEGGETT & PLATT INC,,,486.0,11500.0,,
74736K101,New Holding,QORVO INC,,,330.0,4606.0,,
30219E103,Sold Out,EXPRESS INC,248.0,48600.0,,,,
743187106,Sold Out,PROGENICS PHARMACEUTICALS IN,159.0,37918.0,,,,
76118Y104,New Holding,RESIDEO TECHNOLOGIES INC,,,934.0,48463.0,,
194162103,Not New,COLGATE PALMOLIVE CO,5532.0,80700.0,12585.0,211433.0,7053.0,130733.0
109696104,Not New,BRINKS CO,234.0,3093.0,447.0,6912.0,213.0,3819.0
90184L102,Sold Out,TWITTER INC,1424.0,49530.0,,,,
45073V108,New Holding,ITT INC,,,4240.0,73100.0,,
81369Y605,New Holding,SELECT SECTOR SPDR TR,,,643.0,25000.0,,
46062X204,Not New,INTERPACE DIAGNOSTICS GROUP,320.0,400000.0,640.0,800000.0,320.0,400000.0
371559105,New Holding,GENESEE & WYO INC,,,1.0,35000.0,,
371559105,New Holding,GENESEE & WYO INC,,,264.0,3035.0,,
703343103,Sold Out,PATRICK INDS INC,203.0,6849.0,,,,
053611109,New Holding,AVERY DENNISON CORP,,,599.0,5302.0,,
00971T101,Not New,AKAMAI TECHNOLOGIES INC,4962.0,69200.0,2890.0,47310.0,-2072.0,-21890.0
092113109,Not New,BLACK HILLS CORP,1675.0,22600.0,1279.0,20374.0,-396.0,-2226.0
153527205,New Holding,CENTRAL GARDEN & PET CO,,,288.0,12400.0,,
775711104,Not New,ROLLINS INC,362.0,8700.0,2439.0,67564.0,2077.0,58864.0
632307104,Sold Out,NATERA INC,162.0,11600.0,,,,
81619Q105,Not New,SELECT MED HLDGS CORP,1273.0,90400.0,2202.0,143436.0,929.0,53036.0
371532102,Sold Out,GENESCO INC,474.0,10700.0,,,,
88076W103,Sold Out,TERADATA CORP DEL,588.0,15318.0,,,,
531465102,New Holding,LIBERTY TRIPADVISOR HLDGS IN,,,290.0,20400.0,,
127686103,Not New,CAESARS ENTMT CORP,5763.0,663100.0,370.0,54521.0,-5393.0,-608579.0
87918A105,Sold Out,TELADOC HEALTH INC,5596.0,112900.0,,,,
693656100,Not New,PVH CORP,7756.0,63600.0,3441.0,37024.0,-4315.0,-26576.0
16411R208,Not New,CHENIERE ENERGY INC,22299.0,326200.0,23040.0,389263.0,741.0,63063.0
43300A203,New Holding,HILTON WORLDWIDE HLDGS INC,,,750.0,9026.0,,
912008109,Not New,US FOODS HLDG CORP,1030.0,29500.0,1088.0,34400.0,58.0,4900.0
691497309,Sold Out,OXFORD INDS INC,383.0,5400.0,,,,
889478103,New Holding,TOLL BROTHERS INC,,,3924.0,108400.0,,
882681109,New Holding,TEXAS ROADHOUSE INC,,,431.0,6928.0,,
731094108,Not New,POLARITYTE INC,163.0,15200.0,1543.0,114400.0,1380.0,99200.0
958102105,New Holding,WESTERN DIGITAL CORP,,,1110.0,23100.0,,
65540B105,New Holding,NOODLES & CO,,,322.0,47400.0,,
28414H103,Not New,ELANCO ANIMAL HEALTH INC,93.0,2900.0,35.0,50000.0,-58.0,47100.0
28414H103,Not New,ELANCO ANIMAL HEALTH INC,0.0,50000.0,35.0,50000.0,35.0,0.0
92857W308,Sold Out,VODAFONE GROUP PLC NEW,3564.0,184843.0,,,,
30040P103,New Holding,EVERTEC INC,,,934.0,33600.0,,
192422103,New Holding,COGNEX CORP,,,483.0,9500.0,,
48242W106,Not New,KBR INC,954.0,50000.0,2419.0,159400.0,1465.0,109400.0
05465P101,Not New,AXONICS MODULATION TECH INC,596.0,24900.0,435.0,28800.0,-161.0,3900.0
198516106,Not New,COLUMBIA SPORTSWEAR CO,1884.0,18092.0,2965.0,35261.0,1081.0,17169.0
60877T100,Not New,MOMENTA PHARMACEUTICALS INC,292.0,20100.0,2543.0,230346.0,2251.0,210246.0
237194105,Not New,DARDEN RESTAURANTS INC,2016.0,16600.0,8577.0,85888.0,6561.0,69288.0
72581M305,Sold Out,PIXELWORKS INC,38.0,12956.0,,,,
565849106,Not New,MARATHON OIL CORP,647.0,38700.0,322.0,22418.0,-325.0,-16282.0
N33462107,Not New,FRANKS INTL N V,307.0,49308.0,476.0,91200.0,169.0,41892.0
920253101,Not New,VALMONT INDS INC,1861.0,14300.0,1564.0,14090.0,-297.0,-210.0
126408103,Not New,CSX CORP,1982.0,26487.0,4702.0,75680.0,2720.0,49193.0
724479100,Not New,PITNEY BOWES INC,251.0,36609.0,77.0,13004.0,-174.0,-23605.0
98954M200,Not New,ZILLOW GROUP INC,1374.0,39532.0,898.0,28448.0,-476.0,-11084.0
67018T105,New Holding,NU SKIN ENTERPRISES INC,,,341.0,7124.0,,
981475106,Sold Out,WORLD FUEL SVCS CORP,265.0,12400.0,,,,
150870103,New Holding,CELANESE CORP DEL,,,945.0,9591.0,,
92343V104,New Holding,VERIZON COMMUNICATIONS INC,,,863.0,14600.0,,
82982L103,Sold Out,SITEONE LANDSCAPE SUPPLY INC,425.0,7692.0,,,,
867914103,Not New,SUNTRUST BKS INC,693.0,11700.0,566.0,11220.0,-127.0,-480.0
297178105,New Holding,ESSEX PPTY TR INC,,,376.0,1300.0,,
22163N106,Not New,COTT CORP QUE,8763.0,599661.0,7135.0,511800.0,-1628.0,-87861.0
45031U101,Not New,ISTAR INC,832.0,98800.0,575.0,62704.0,-257.0,-36096.0
208242107,Not New,CONNS INC,743.0,32500.0,374.0,19800.0,-369.0,-12700.0
G8250R103,Sold Out,SOCIAL CAP HEDOSOPHIA HLDGS,4000.0,399999.0,,,,
536797103,Not New,LITHIA MTRS INC,654.0,7047.0,1893.0,24791.0,1239.0,17744.0
292505104,Not New,ENCANA CORP,2227.0,307600.0,1409.0,243800.0,-818.0,-63800.0
00289Y107,Not New,ABEONA THERAPEUTICS INC,1612.0,218900.0,1522.0,213100.0,-90.0,-5800.0
025816109,Not New,AMERICAN EXPRESS CO,3934.0,35991.0,3155.0,33100.0,-779.0,-2891.0
67011P100,New Holding,NOW INC,,,140.0,10000.0,,
57665R106,Not New,MATCH GROUP INC,588.0,10400.0,278.0,6500.0,-310.0,-3900.0
515098101,New Holding,LANDSTAR SYS INC,,,8579.0,78422.0,,
40425J101,Not New,HMS HLDGS CORP,485.0,16400.0,461.0,16379.0,-24.0,-21.0
74139C102,Sold Out,PRETIUM RES INC,333.0,39447.0,,,,
174610105,Not New,CITIZENS FINL GROUP INC,3036.0,93410.0,3528.0,118676.0,492.0,25266.0
09627Y109,New Holding,BLUEPRINT MEDICINES CORP,,,9766.0,122000.0,,
20451N101,New Holding,COMPASS MINERALS INTL INC,,,451.0,8310.0,,
21871D103,Not New,CORELOGIC INC,1811.0,48600.0,461.0,13800.0,-1350.0,-34800.0
084670702,New Holding,BERKSHIRE HATHAWAY INC DEL,,,1286.0,6400.0,,
518415104,New Holding,LATTICE SEMICONDUCTOR CORP,,,390.0,32700.0,,
701094104,Not New,PARKER HANNIFIN CORP,777.0,4528.0,331.0,2217.0,-446.0,-2311.0
74460D109,New Holding,PUBLIC STORAGE,,,1981.0,9100.0,,
87105L104,New Holding,SWITCH INC,,,231.0,22364.0,,
913903100,New Holding,UNIVERSAL HLTH SVCS INC,,,269.0,2011.0,,
957638109,Not New,WESTERN ALLIANCE BANCORP,583.0,14200.0,2303.0,58320.0,1720.0,44120.0
37637Q105,Sold Out,GLACIER BANCORP INC NEW,397.0,10011.0,,,,
923725105,Sold Out,VERMILION ENERGY INC,480.0,22779.0,,,,
766559603,Sold Out,RIGEL PHARMACEUTICALS INC,76.0,32867.0,,,,
30214U102,Sold Out,EXPONENT INC,320.0,6303.0,,,,
011659109,Not New,ALASKA AIR GROUP INC,2228.0,39700.0,9000.0,147900.0,6772.0,108200.0
81369Y308,Not New,SELECT SECTOR SPDR TR,4555.0,81181.0,17854.0,351598.0,13299.0,270417.0
231021106,New Holding,CUMMINS INC,,,13107.0,83024.0,,
M2682V108,Not New,CYBERARK SOFTWARE LTD,244.0,2049.0,786.0,10600.0,542.0,8551.0
84652J103,New Holding,SPARK THERAPEUTICS INC,,,558.0,4900.0,,
40414L109,New Holding,HCP INC,,,739.0,23600.0,,
654106103,Not New,NIKE INC,6754.0,80200.0,8326.0,112300.0,1572.0,32100.0
30734W117,Sold Out,FAR PT ACQUISITION CORP,953.0,733333.0,,,,
165240102,Not New,CHESAPEAKE LODGING TR,322.0,11567.0,265.0,10900.0,-57.0,-667.0
773903109,Sold Out,ROCKWELL AUTOMATION INC,4035.0,26814.0,,,,
292554102,New Holding,ENCORE CAP GROUP INC,,,1411.0,51800.0,,
185575107,Sold Out,CLEMENTIA PHARMACEUTICALS IN,2470.0,210000.0,,,,
08160H101,Not New,BENCHMARK ELECTRS INC,335.0,12735.0,264.0,12500.0,-71.0,-235.0
75524B104,New Holding,RBC BEARINGS INC,,,262.0,2060.0,,
83570H108,Not New,SONOS INC,414.0,40200.0,365.0,37203.0,-49.0,-2997.0
38286G208,Not New,GORES HOLDINGS III INC,5198.0,504600.0,5071.0,504600.0,-127.0,0.0
55306N104,New Holding,MKS INSTRUMENT INC,,,1129.0,12138.0,,
02156B103,New Holding,ALTERYX INC,,,3850.0,45900.0,,
28249H104,New Holding,EIDOS THERAPEUTICS INC,,,4345.0,185300.0,,
058498106,Not New,BALL CORP,6157.0,106400.0,5762.0,125306.0,-395.0,18906.0
985817105,New Holding,YELP INC,,,1380.0,40000.0,,
83175M205,New Holding,SMITH & NEPHEW PLC,,,321.0,8000.0,,
141633107,New Holding,CARE COM INC,,,373.0,18900.0,,
574795100,Not New,MASIMO CORP,6209.0,44900.0,4419.0,41163.0,-1790.0,-3737.0
98887Q104,Not New,ZAI LAB LTD,1271.0,43100.0,1943.0,83684.0,672.0,40584.0
26884U109,Sold Out,EPR PPTYS,205.0,3200.0,,,,
00846U101,Not New,AGILENT TECHNOLOGIES INC,5562.0,69193.0,1666.0,24700.0,-3896.0,-44493.0
N72482123,Sold Out,QIAGEN NV,407.0,11826.0,,,,
75901B107,New Holding,REGENXBIO INC,,,5107.0,89100.0,,
G48833100,Sold Out,WEATHERFORD INTL PLC,35.0,62329.0,,,,
55277P104,Sold Out,MGE ENERGY INC,217.0,3612.0,,,,
720795103,Not New,PIERIS PHARMACEUTICALS INC,503.0,150000.0,399.0,150000.0,-104.0,0.0
440452100,New Holding,HORMEL FOODS CORP,,,407.0,9095.0,,
546347105,Not New,LOUISIANA PAC CORP,4072.0,166999.0,402.0,18110.0,-3670.0,-148889.0
629377508,New Holding,NRG ENERGY INC,,,634.0,14915.0,,
87336U105,Not New,TABLEAU SOFTWARE INC,254.0,2000.0,8436.0,70300.0,8182.0,68300.0
384637104,Not New,GRAHAM HLDGS CO,820.0,1200.0,769.0,1200.0,-51.0,0.0
875372203,Not New,TANDEM DIABETES CARE INC,18453.0,290600.0,8808.0,231987.0,-9645.0,-58613.0
200340107,Sold Out,COMERICA INC,370.0,5385.0,,,,
31421V115,Sold Out,FEDERAL STR ACQUISITION CORP,375.0,500000.0,,,,
784305104,Not New,SJW GROUP,3711.0,60100.0,13328.0,239612.0,9617.0,179512.0
59001A102,New Holding,MERITAGE HOMES CORP,,,357.0,7978.0,,
78486Q101,Not New,SVB FINL GROUP,356.0,1605.0,6974.0,36718.0,6618.0,35113.0
68268W103,Not New,ONEMAIN HLDGS INC,842.0,26500.0,541.0,22295.0,-301.0,-4205.0
731068102,Sold Out,POLARIS INDS INC,1135.0,14809.0,,,,
031100100,Not New,AMETEK INC NEW,2004.0,24152.0,1226.0,18107.0,-778.0,-6045.0
302635107,Sold Out,FS KKR CAPITAL CORP,68.0,13200.0,,,,
98936J101,Not New,ZENDESK INC,1956.0,23000.0,5518.0,94523.0,3562.0,71523.0
58155Q103,Not New,MCKESSON CORP,466.0,3984.0,2207.0,19979.0,1741.0,15995.0
42226A107,Sold Out,HEALTHEQUITY INC,2595.0,43500.0,,,,
29428V104,New Holding,EPIZYME INC,,,5161.0,416600.0,,
87971M103,Sold Out,TELUS CORP,203.0,6130.0,,,,
03152W109,Not New,AMICUS THERAPEUTICS INC,250.0,18400.0,680.0,71000.0,430.0,52600.0
G5876H105,Not New,MARVELL TECHNOLOGY GROUP LTD,223.0,11200.0,203.0,12500.0,-20.0,1300.0
89679E300,Sold Out,TRIUMPH BANCORP INC,300.0,10099.0,,,,
68213N109,Not New,OMNICELL INC,412.0,5100.0,683.0,11161.0,271.0,6061.0
03761U502,Not New,APOLLO INVT CORP,662.0,43700.0,1249.0,100700.0,587.0,57000.0
576810105,New Holding,MATINAS BIOPHARMA HLDGS INC,,,107.0,98300.0,,
V7780T103,Not New,ROYAL CARIBBEAN CRUISES LTD,12012.0,104800.0,12498.0,127800.0,486.0,23000.0
040413106,New Holding,ARISTA NETWORKS INC,,,755.0,2400.0,,
911363109,Not New,UNITED RENTALS INC,634.0,5551.0,22969.0,224021.0,22335.0,218470.0
902252105,Not New,TYLER TECHNOLOGIES INC,716.0,3502.0,408.0,2198.0,-308.0,-1304.0
038222105,Not New,APPLIED MATLS INC,1146.0,28887.0,2740.0,83700.0,1594.0,54813.0
014339105,Not New,ALDER BIOPHARMACEUTICALS INC,3456.0,253200.0,3810.0,371700.0,354.0,118500.0
80874P109,Not New,SCIENTIFIC GAMES CORP,5221.0,255700.0,1372.0,76700.0,-3849.0,-179000.0
450828108,Not New,IBERIABANK CORP,335.0,4673.0,1279.0,19900.0,944.0,15227.0
589889104,Not New,MERIT MED SYS INC,1342.0,21700.0,1837.0,32912.0,495.0,11212.0
628852204,Sold Out,NCI BUILDING SYS INC,89.0,12250.0,,,,
88706P205,Sold Out,TIM PARTICIPACOES S A,440.0,28690.0,,,,
086516101,New Holding,BEST BUY INC,,,28200.0,396851.0,,
02209S103,New Holding,ALTRIA GROUP INC,,,1843.0,32089.0,,
02209S103,New Holding,ALTRIA GROUP INC,,,0.0,30000.0,,
02364W105,New Holding,AMERICA MOVIL SAB DE CV,,,150.0,10500.0,,
558868105,Not New,MADRIGAL PHARMACEUTICALS INC,338.0,2700.0,3483.0,30900.0,3145.0,28200.0
719405102,Sold Out,PHOTRONICS INC,312.0,32208.0,,,,
880349105,Sold Out,TENNECO INC,280.0,10212.0,,,,
881569107,Sold Out,TESARO INC,339.0,4558.0,,,,
880770102,Not New,TERADYNE INC,1894.0,47526.0,3289.0,104803.0,1395.0,57277.0
74165N105,Sold Out,PRIMO WTR CORP,154.0,10938.0,,,,
125269100,Not New,CF INDS HLDGS INC,1273.0,31152.0,487.0,11199.0,-786.0,-19953.0
303075105,Sold Out,FACTSET RESH SYS INC,2241.0,11200.0,,,,
01748X102,Not New,ALLEGIANT TRAVEL CO,5774.0,44600.0,1614.0,16101.0,-4160.0,-28499.0
035128206,New Holding,ANGLOGOLD ASHANTI LTD,,,471.0,35940.0,,
03076K108,Not New,AMERIS BANCORP,591.0,17200.0,250.0,7900.0,-341.0,-9300.0
03748R101,Sold Out,APARTMENT INVT & MGMT CO,408.0,9300.0,,,,
00183L102,Not New,ANGI HOMESERVICES INC,372.0,24100.0,1946.0,121046.0,1574.0,96946.0
G16962105,Not New,BUNGE LIMITED,1080.0,20358.0,847.0,15845.0,-233.0,-4513.0
31421V107,Sold Out,FEDERAL STR ACQUISITION CORP,6138.0,600000.0,,,,
62944T105,Not New,NVR INC,830.0,300.0,3105.0,1274.0,2275.0,974.0
11133T103,Not New,BROADRIDGE FINL SOLUTIONS IN,5174.0,49900.0,1136.0,11800.0,-4038.0,-38100.0
29355X107,Not New,ENPRO INDS INC,232.0,3600.0,379.0,6319.0,147.0,2719.0
83001A102,Not New,SIX FLAGS ENTMT CORP NEW,336.0,6800.0,605.0,10878.0,269.0,4078.0
40171V100,New Holding,GUIDEWIRE SOFTWARE INC,,,2682.0,27600.0,,
70432V102,Sold Out,PAYCOM SOFTWARE INC,1292.0,10549.0,,,,
021369103,Sold Out,ALTAIR ENGR INC,299.0,10857.0,,,,
G6518L108,New Holding,NIELSEN HLDGS PLC,,,1447.0,61100.0,,
02043Q107,Not New,ALNYLAM PHARMACEUTICALS INC,5860.0,62700.0,1094.0,15000.0,-4766.0,-47700.0
393222104,Not New,GREEN PLAINS INC,203.0,12200.0,159.0,12100.0,-44.0,-100.0
28225C806,New Holding,EGAIN CORP,,,127.0,12100.0,,
548661107,Sold Out,LOWES COS INC,951.0,10295.0,,,,
45784P101,New Holding,INSULET CORP,,,397.0,4172.0,,
49926D109,Sold Out,KNOWLES CORP,330.0,24800.0,,,,
32051X108,Not New,FIRST HAWAIIAN INC,466.0,17898.0,628.0,27900.0,162.0,10002.0
H2906T109,Not New,GARMIN LTD,639.0,7400.0,1223.0,19301.0,584.0,11901.0
824889109,Sold Out,SHOE CARNIVAL INC,463.0,13811.0,,,,
13057Q206,Sold Out,CALIFORNIA RES CORP,363.0,21300.0,,,,
01741R102,New Holding,ALLEGHENY TECHNOLOGIES INC,,,506.0,19800.0,,
G6095L109,Not New,APTIV PLC,358.0,4506.0,1238.0,20100.0,880.0,15594.0
23918K108,New Holding,DAVITA INC,,,492.0,9066.0,,
222070203,New Holding,COTY INC,,,15.0,400000.0,,
222070203,New Holding,COTY INC,,,1718.0,149400.0,,
222070203,New Holding,COTY INC,,,3.0,2505000.0,,
36467W109,Sold Out,GAMESTOP CORP NEW,5716.0,452927.0,,,,
879360105,Not New,TELEDYNE TECHNOLOGIES INC,1612.0,6800.0,1857.0,8965.0,245.0,2165.0
40054A108,Sold Out,GRUPO SUPERVIELLE S A,597.0,68785.0,,,,
31816Q101,Sold Out,FIREEYE INC,1772.0,109339.0,,,,
172062101,New Holding,CINCINNATI FINL CORP,,,209.0,2437.0,,
690370101,Not New,OVERSTOCK COM INC DEL,6028.0,362700.0,1696.0,124900.0,-4332.0,-237800.0
000899104,New Holding,ADMA BIOLOGICS INC,,,853.0,225000.0,,
950755108,Not New,WERNER ENTERPRISES INC,1004.0,29400.0,825.0,27938.0,-179.0,-1462.0
83190B101,Sold Out,SMART & FINAL STORES INC,147.0,31068.0,,,,
816851109,Not New,SEMPRA ENERGY,755.0,6000.0,945.0,8730.0,190.0,2730.0
05156X108,New Holding,AURORA CANNABIS INC,,,183.0,20200.0,,
89531P105,New Holding,TREX CO INC,,,400.0,6500.0,,
N3167Y103,Not New,FERRARI N V,923.0,6900.0,668.0,6721.0,-255.0,-179.0
03073E105,Not New,AMERISOURCEBERGEN CORP,8516.0,107100.0,1787.0,24013.0,-6729.0,-83087.0
177376100,Not New,CITRIX SYS INC,1974.0,19811.0,2131.0,20800.0,157.0,989.0
21872L104,New Holding,COREPOINT LODGING INC,,,1701.0,152300.0,,
127190304,Not New,CACI INTL INC,2287.0,12564.0,533.0,3700.0,-1754.0,-8864.0
715347100,Sold Out,PERSPECTA INC,182.0,10568.0,,,,
60468T105,Not New,MIRATI THERAPEUTICS INC,11817.0,161200.0,3856.0,90900.0,-7961.0,-70300.0
55261F104,Not New,M & T BK CORP,1193.0,7600.0,4999.0,34929.0,3806.0,27329.0
018581108,Not New,ALLIANCE DATA SYSTEMS CORP,682.0,3899.0,5044.0,33612.0,4362.0,29713.0
717224109,New Holding,PHASEBIO PHARMACEUTICALS INC,,,600.0,63000.0,,
74587V107,Not New,PUMA BIOTECHNOLOGY INC,388.0,10000.0,827.0,40654.0,439.0,30654.0
94106B101,Not New,WASTE CONNECTIONS INC,1641.0,18536.0,602.0,8100.0,-1039.0,-10436.0
159864107,Not New,CHARLES RIV LABS INTL INC,5637.0,38808.0,3707.0,32743.0,-1930.0,-6065.0
01973R101,Not New,ALLISON TRANSMISSION HLDGS I,1575.0,35084.0,250.0,5700.0,-1325.0,-29384.0
29275Y102,New Holding,ENERSYS,,,583.0,8946.0,,
89417E109,Not New,TRAVELERS COMPANIES INC,644.0,4693.0,983.0,8204.0,339.0,3511.0
784635104,Not New,SPX CORP,1148.0,33000.0,727.0,25927.0,-421.0,-7073.0
76169B102,Not New,REXNORD CORP NEW,1647.0,65500.0,362.0,15771.0,-1285.0,-49729.0
631103108,Sold Out,NASDAQ INC,575.0,7044.0,,,,
421906108,New Holding,HEALTHCARE SVCS GRP INC,,,406.0,12300.0,,
388689101,Not New,GRAPHIC PACKAGING HLDG CO,7140.0,565283.0,3778.0,355111.0,-3362.0,-210172.0
133131102,New Holding,CAMDEN PPTY TR,,,244.0,2400.0,,
92552V100,Sold Out,VIASAT INC,595.0,10095.0,,,,
03965L100,Not New,ARCONIC INC,482.0,25200.0,8901.0,527900.0,8419.0,502700.0
052769106,Not New,AUTODESK INC,9461.0,60718.0,220.0,1707.0,-9241.0,-59011.0
760759100,Not New,REPUBLIC SVCS INC,766.0,9535.0,234.0,3244.0,-532.0,-6291.0
930427109,New Holding,WAGEWORKS INC,,,842.0,22300.0,,
917047102,Not New,URBAN OUTFITTERS INC,1.0,100000.0,2447.0,73698.0,2446.0,-26302.0
917047102,Not New,URBAN OUTFITTERS INC,758.0,25600.0,2447.0,73698.0,1689.0,48098.0
681116109,Not New,OLLIES BARGAIN OUTLT HLDGS I,1434.0,16800.0,1922.0,28901.0,488.0,12101.0
291011104,Not New,EMERSON ELEC CO,2262.0,33032.0,6608.0,110583.0,4346.0,77551.0
00766T100,Sold Out,AECOM,862.0,32535.0,,,,
09228F103,Not New,BLACKBERRY LTD,539.0,53488.0,2723.0,382900.0,2184.0,329412.0
835898107,Not New,SOTHEBYS,2084.0,55221.0,527.0,13243.0,-1557.0,-41978.0
30734W109,Sold Out,FAR PT ACQUISITION CORP,11580.0,1199999.0,,,,
G02602103,New Holding,AMDOCS LTD,,,790.0,14600.0,,
874054109,Not New,TAKE-TWO INTERACTIVE SOFTWAR,5125.0,54300.0,16933.0,164497.0,11808.0,110197.0
31847R102,New Holding,FIRST AMERN FINL CORP,,,2457.0,47700.0,,
126650100,Not New,CVS HEALTH CORP,15533.0,288022.0,7247.0,110594.0,-8286.0,-177428.0
707569109,Sold Out,PENN NATL GAMING INC,819.0,43468.0,,,,
09857L108,Not New,BOOKING HLDGS INC,3343.0,1916.0,1607.0,933.0,-1736.0,-983.0
N00985106,Sold Out,AERCAP HOLDINGS NV,499.0,12600.0,,,,
74762E102,Not New,QUANTA SVCS INC,8501.0,225239.0,676.0,22462.0,-7825.0,-202777.0
74762E102,Not New,QUANTA SVCS INC,1.0,250000.0,676.0,22462.0,675.0,-227538.0
00507V109,Not New,ACTIVISION BLIZZARD INC,2081.0,45700.0,3042.0,65300.0,961.0,19600.0
G0176J109,Sold Out,ALLEGION PUB LTD CO,3084.0,38700.0,,,,
053807103,Not New,AVNET INC,342.0,7880.0,4257.0,117930.0,3915.0,110050.0
G47567105,Not New,IHS MARKIT LTD,4742.0,87200.0,451.0,9400.0,-4291.0,-77800.0
209034107,Sold Out,CONSOLIDATED COMM HLDGS INC,117.0,11800.0,,,,
206022105,New Holding,CONCERT PHARMACEUTICALS INC,,,754.0,62400.0,,
67576A100,Sold Out,OCULAR THERAPEUTIX INC,60.0,15146.0,,,,
81762P102,New Holding,SERVICENOW INC,,,2000.0,8113.0,,
88023U101,Not New,TEMPUR SEALY INTL INC,213.0,3700.0,2104.0,50810.0,1891.0,47110.0
929566107,Sold Out,WABASH NATL CORP,295.0,22603.0,,,,
172967424,Not New,CITIGROUP INC,2724.0,43777.0,4791.0,92028.0,2067.0,48251.0
17142R111,Not New,CHURCHILL CAP CORP,1685.0,500000.0,870.0,1000000.0,-815.0,500000.0
217204106,New Holding,COPART INC,,,389.0,6421.0,,
808625107,Not New,SCIENCE APPLICATNS INTL CP N,14597.0,189700.0,984.0,15442.0,-13613.0,-174258.0
500472303,New Holding,KONINKLIJKE PHILIPS N V,,,813.0,19900.0,,
81374A105,Sold Out,SECUREWORKS CORP,193.0,11431.0,,,,
854502101,Sold Out,STANLEY BLACK & DECKER INC,16100.0,134462.0,,,,
L5140P101,New Holding,INTELSAT S A,,,831.0,53100.0,,
023436108,Not New,AMEDISYS INC,1023.0,8300.0,403.0,3440.0,-620.0,-4860.0
453038408,Not New,IMPERIAL OIL LTD,201.0,7354.0,617.0,24365.0,416.0,17011.0
62914B100,New Holding,NIC INC,,,289.0,16900.0,,
02079K305,Not New,ALPHABET INC,3766.0,3200.0,1515.0,1450.0,-2251.0,-1750.0
55272X102,Sold Out,MFA FINL INC,563.0,84213.0,,,,
651229106,Not New,NEWELL BRANDS INC,919.0,59865.0,213.0,11473.0,-706.0,-48392.0
784117103,Not New,SEI INVESTMENTS CO,962.0,18404.0,2112.0,45714.0,1150.0,27310.0
410120109,New Holding,HANCOCK WHITNEY CORPORATION,,,691.0,17107.0,,
918204108,Not New,V F CORP,1151.0,13244.0,547.0,7669.0,-604.0,-5575.0
09073M104,Not New,BIO TECHNE CORP,867.0,4366.0,921.0,6359.0,54.0,1993.0
020002101,Not New,ALLSTATE CORP,4366.0,46345.0,293.0,3551.0,-4073.0,-42794.0
05070R104,Not New,AUDENTES THERAPEUTICS INC,753.0,19300.0,1081.0,50700.0,328.0,31400.0
G14838109,New Holding,MIMECAST LTD,,,369.0,7800.0,,
17142R103,Not New,CHURCHILL CAP CORP,4704.0,350000.0,19100.0,2000000.0,14396.0,1650000.0
69370C100,Sold Out,PTC INC,274.0,3300.0,,,,
98585N106,Sold Out,YEXT INC,271.0,18300.0,,,,
090672106,New Holding,BIOTELEMETRY INC,,,213.0,3400.0,,
608550109,Not New,MOLECULAR TEMPLATES INC,581.0,100000.0,606.0,150000.0,25.0,50000.0
46185L103,Sold Out,INVITAE CORP,1071.0,96883.0,,,,
902653104,New Holding,UDR INC,,,305.0,6700.0,,
983793100,Sold Out,XPO LOGISTICS INC,4743.0,179912.0,,,,
G2717B108,New Holding,CUSHMAN WAKEFIELD PLC,,,2926.0,164365.0,,
156431108,New Holding,CENTURY ALUM CO,,,3781.0,425690.0,,
245077102,Not New,DEL FRISCOS RESTAURANT GROUP,278.0,43400.0,509.0,71300.0,231.0,27900.0
446413106,New Holding,HUNTINGTON INGALLS INDS INC,,,959.0,4629.0,,
92840M102,Not New,VISTRA ENERGY CORP,36501.0,1402300.0,18845.0,823274.0,-17656.0,-579026.0
665859104,Not New,NORTHERN TR CORP,846.0,9353.0,4224.0,50526.0,3378.0,41173.0
904311107,Not New,UNDER ARMOUR INC,3310.0,156600.0,678.0,38323.0,-2632.0,-118277.0
949090104,New Holding,WELBILT INC,,,242.0,14759.0,,
33812L102,Sold Out,FITBIT INC,128.0,25900.0,,,,
649445103,Not New,NEW YORK CMNTY BANCORP INC,651.0,56300.0,174.0,18500.0,-477.0,-37800.0
78377T107,Sold Out,RYMAN HOSPITALITY PPTYS INC,700.0,10499.0,,,,
92532F100,Not New,VERTEX PHARMACEUTICALS INC,3569.0,19400.0,7688.0,46391.0,4119.0,26991.0
63009R109,New Holding,NANOSTRING TECHNOLOGIES INC,,,4163.0,174000.0,,
737010108,Not New,PORTOLA PHARMACEUTICALS INC,8442.0,243290.0,2135.0,109400.0,-6307.0,-133890.0
21240D107,New Holding,CONTROL4 CORP,,,243.0,14400.0,,
071813109,Not New,BAXTER INTL INC,2092.0,25723.0,4029.0,61200.0,1937.0,35477.0
92346J108,Not New,VERICEL CORP,7586.0,433200.0,4089.0,235000.0,-3497.0,-198200.0
219350105,Not New,CORNING INC,4525.0,136709.0,1373.0,45449.0,-3152.0,-91260.0
32020R109,Not New,FIRST FINL BANKSHARES,602.0,10420.0,237.0,4107.0,-365.0,-6313.0
35671D857,New Holding,FREEPORT-MCMORAN INC,,,4516.0,350400.0,,
783549108,New Holding,RYDER SYS INC,,,403.0,6499.0,,
31620M106,Not New,FIDELITY NATL INFORMATION SV,700.0,6188.0,1238.0,12070.0,538.0,5882.0
90214J101,Not New,2U INC,7914.0,111700.0,438.0,8810.0,-7476.0,-102890.0
80689H102,Sold Out,SCHNEIDER NATIONAL INC,471.0,25207.0,,,,
61945C103,Not New,MOSAIC CO NEW,6631.0,242800.0,11203.0,383500.0,4572.0,140700.0
670346105,Not New,NUCOR CORP,744.0,12745.0,4972.0,95960.0,4228.0,83215.0
109194100,Not New,BRIGHT HORIZONS FAM SOL IN D,203.0,1600.0,323.0,2900.0,120.0,1300.0
570535104,New Holding,MARKEL CORP,,,498.0,500.0,,
00508Y102,New Holding,ACUITY BRANDS INC,,,204.0,1700.0,,
704326107,Sold Out,PAYCHEX INC,8622.0,132340.0,,,,
151020104,Not New,CELGENE CORP,1811.0,19200.0,11735.0,183100.0,9924.0,163900.0
910047109,Not New,UNITED CONTL HLDGS INC,270.0,3390.0,1636.0,19538.0,1366.0,16148.0
42330P107,Sold Out,HELIX ENERGY SOLUTIONS GRP I,88.0,16300.0,,,,
609839105,Not New,MONOLITHIC PWR SYS INC,468.0,3457.0,845.0,7270.0,377.0,3813.0
48020Q107,New Holding,JONES LANG LASALLE INC,,,771.0,5000.0,,
949746101,New Holding,WELLS FARGO CO NEW,,,1849.0,38270.0,,
81761R109,Not New,SERVICEMASTER GLOBAL HLDGS I,500.0,10700.0,2092.0,56934.0,1592.0,46234.0
431571108,Sold Out,HILLENBRAND INC,334.0,8800.0,,,,
697435105,Not New,PALO ALTO NETWORKS INC,3327.0,13700.0,5462.0,29000.0,2135.0,15300.0
676220106,Not New,OFFICE DEPOT INC,37.0,10100.0,515.0,199692.0,478.0,189592.0
260003108,Not New,DOVER CORP,575.0,6132.0,19149.0,269900.0,18574.0,263768.0
294628102,Not New,EQUITY COMWLTH,3259.0,99700.0,4096.0,136500.0,837.0,36800.0
03748R754,New Holding,APARTMENT INVT & MGMT CO,,,466.0,9278.0,,
37244C101,Not New,GENOMIC HEALTH INC,890.0,12700.0,1037.0,16100.0,147.0,3400.0
192446102,New Holding,COGNIZANT TECHNOLOGY SOLUTIO,,,2274.0,31400.0,,
483497103,New Holding,KALVISTA PHARMACEUTICALS INC,,,315.0,11000.0,,
830566105,Not New,SKECHERS U S A INC,222.0,6600.0,278.0,12158.0,56.0,5558.0
64110L106,New Holding,NETFLIX INC,,,4635.0,13000.0,,
535555106,Not New,LINDSAY CORP,397.0,4100.0,491.0,5100.0,94.0,1000.0
808513105,Not New,THE CHARLES SCHWAB CORPORATI,301.0,7042.0,303.0,7300.0,2.0,258.0
218681104,Sold Out,CORE MARK HOLDING CO INC,270.0,11600.0,,,,
05550J101,New Holding,BJS WHSL CLUB HLDGS INC,,,3970.0,144900.0,,
G3323L100,New Holding,FABRINET,,,230.0,4400.0,,
Y95308105,Not New,WAVE LIFE SCIENCES LTD,2603.0,67000.0,841.0,20000.0,-1762.0,-47000.0
79546E104,Not New,SALLY BEAUTY HLDGS INC,520.0,28200.0,1006.0,59010.0,486.0,30810.0
729132100,Sold Out,PLEXUS CORP,678.0,13281.0,,,,
37890U108,New Holding,GLOBAL BLOOD THERAPEUTICS IN,,,3863.0,73000.0,,
743312100,Sold Out,PROGRESS SOFTWARE CORP,220.0,6200.0,,,,
899896104,Not New,TUPPERWARE BRANDS CORP,562.0,21957.0,594.0,18834.0,32.0,-3123.0
G18920101,Sold Out,CAPITOL INVT CORP IV,5997.0,600000.0,,,,
447011107,New Holding,HUNTSMAN CORP,,,383.0,17000.0,,
95040Q104,New Holding,WELLTOWER INC,,,605.0,7800.0,,
01988P108,New Holding,ALLSCRIPTS HEALTHCARE SOLUTN,,,202.0,21200.0,,
539830109,Not New,LOCKHEED MARTIN CORP,570.0,1900.0,471.0,1800.0,-99.0,-100.0
92240M108,Sold Out,VECTOR GROUP LTD,172.0,17659.0,,,,
532457108,New Holding,LILLY ELI & CO,,,1878.0,14471.0,,
626717102,Not New,MURPHY OIL CORP,205.0,7000.0,282.0,12068.0,77.0,5068.0
044186104,Not New,ASHLAND GLOBAL HLDGS INC,2438.0,31200.0,1909.0,26900.0,-529.0,-4300.0
7591EP100,Not New,REGIONS FINL CORP NEW,2549.0,180100.0,4319.0,322836.0,1770.0,142736.0
30225T102,Sold Out,EXTRA SPACE STORAGE INC,344.0,3800.0,,,,
714046109,New Holding,PERKINELMER INC,,,5887.0,61100.0,,
77313F106,Not New,ROCKET PHARMACEUTICALS INC,432.0,24600.0,1514.0,102200.0,1082.0,77600.0
124857202,Sold Out,CBS CORP NEW,1001.0,22900.0,,,,
432748101,New Holding,HILLTOP HOLDINGS INC,,,310.0,17000.0,,
06417N103,New Holding,BANK OZK,,,220.0,7599.0,,
984017103,Sold Out,XENIA HOTELS & RESORTS INC,1248.0,72551.0,,,,
55087P104,New Holding,LYFT INC,,,9473.0,121000.0,,
873379101,New Holding,TABULA RASA HEALTHCARE INC,,,212.0,3752.0,,
868168105,Sold Out,SUPERIOR INDS INTL INC,158.0,32976.0,,,,
91359V107,Sold Out,UNIVERSAL INS HLDGS INC,483.0,12736.0,,,,
727493108,Not New,PLANTRONICS INC NEW,208.0,4500.0,1371.0,41400.0,1163.0,36900.0
500688106,New Holding,KOSMOS ENERGY LTD,,,100.0,16000.0,,
859241101,Sold Out,STERLING CONSTRUCTION CO INC,204.0,18722.0,,,,
093712107,Not New,BLOOM ENERGY CORP,178.0,13800.0,381.0,38200.0,203.0,24400.0
46620W102,New Holding,J JILL INC,,,957.0,174300.0,,
G8250R129,Sold Out,SOCIAL CAP HEDOSOPHIA HLDGS,312.0,433333.0,,,,
74736L109,Sold Out,Q2 HLDGS INC,380.0,7672.0,,,,
983134107,Sold Out,WYNN RESORTS LTD,3545.0,35832.0,,,,
695127100,Not New,PACIRA PHARMACEUTICALS INC,2261.0,59400.0,4259.0,99011.0,1998.0,39611.0
974155103,Not New,WINGSTOP INC,7116.0,93600.0,441.0,6869.0,-6675.0,-86731.0
74164F103,Sold Out,PRIMORIS SVCS CORP,326.0,17046.0,,,,
09062X103,New Holding,BIOGEN INC,,,835.0,3534.0,,
N97284108,Sold Out,YANDEX N V,593.0,21700.0,,,,
30161Q104,Not New,EXELIXIS INC,713.0,29928.0,984.0,50000.0,271.0,20072.0
690768403,New Holding,OWENS ILL INC,,,588.0,31009.0,,
30212P303,New Holding,EXPEDIA GROUP INC,,,222.0,1867.0,,
69360J107,Sold Out,PS BUSINESS PKS INC CALIF,311.0,2377.0,,,,
74112D101,Sold Out,PRESTIGE CONSMR HEALTHCARE I,343.0,11086.0,,,,
87936R106,Sold Out,TELEFONICA BRASIL SA,291.0,24407.0,,,,
05355N109,New Holding,AVEDRO INC,,,1698.0,138380.0,,
81211K100,New Holding,SEALED AIR CORP NEW,,,221.0,4800.0,,
00123Q104,Sold Out,AGNC INVT CORP,349.0,19900.0,,,,
G3198U102,New Holding,ESSENT GROUP LTD,,,916.0,21087.0,,
800363103,Sold Out,SANDY SPRING BANCORP INC,335.0,10699.0,,,,
443510607,Not New,HUBBELL INC,3563.0,30200.0,1202.0,12100.0,-2361.0,-18100.0
15870P307,Not New,CHAMPIONS ONCOLOGY INC,1243.0,126900.0,1088.0,139300.0,-155.0,12400.0
90400D108,Not New,ULTRAGENYX PHARMACEUTICAL IN,1227.0,17700.0,1460.0,33607.0,233.0,15907.0
039653100,Sold Out,ARCOSA INC,1243.0,44863.0,,,,
53220K504,Sold Out,LIGAND PHARMACEUTICALS INC,1357.0,10000.0,,,,
192005106,Sold Out,CODEXIS INC,207.0,12400.0,,,,
056525108,New Holding,BADGER METER INC,,,267.0,4800.0,,
534187109,Not New,LINCOLN NATL CORP IND,2604.0,44362.0,787.0,15331.0,-1817.0,-29031.0
87166B102,Sold Out,SYNEOS HEALTH INC,3262.0,82897.0,,,,
024013104,Sold Out,AMERICAN ASSETS TR INC,281.0,6993.0,,,,
974637100,Sold Out,WINNEBAGO INDS INC,1315.0,54307.0,,,,
92886T201,Not New,VONAGE HLDGS CORP,4466.0,444800.0,362.0,41490.0,-4104.0,-403310.0
457730109,Not New,INSPIRE MED SYS INC,5490.0,96700.0,7001.0,165700.0,1511.0,69000.0
68235C107,New Holding,ONCOCYTE CORPORATION,,,3431.0,868793.0,,
04621X108,Not New,ASSURANT INC,5258.0,55400.0,5018.0,56100.0,-240.0,700.0
00206R102,Sold Out,AT&T INC,291.0,10197.0,,,,
65339F101,Not New,NEXTERA ENERGY INC,2165.0,11200.0,730.0,4200.0,-1435.0,-7000.0
90328M107,Not New,USANA HEALTH SCIENCES INC,453.0,5400.0,524.0,4448.0,71.0,-952.0
253031108,Sold Out,DICERNA PHARMACEUTICALS INC,918.0,85900.0,,,,
666807102,Not New,NORTHROP GRUMMAN CORP,3822.0,14179.0,1200.0,4900.0,-2622.0,-9279.0
87612G101,Sold Out,TARGA RES CORP,10856.0,301412.0,,,,
87612E106,Not New,TARGET CORP,31045.0,386800.0,376.0,5696.0,-30669.0,-381104.0
G65431101,New Holding,NOBLE CORP PLC,,,44.0,15600.0,,
00287Y109,New Holding,ABBVIE INC,,,1134.0,14076.0,,
42805E306,Not New,HESKA CORP,653.0,7666.0,594.0,6900.0,-59.0,-766.0
34553D101,New Holding,FORESCOUT TECHNOLOGIES INC,,,402.0,9600.0,,
759509102,Not New,RELIANCE STEEL & ALUMINUM CO,433.0,4802.0,1357.0,19074.0,924.0,14272.0
258278100,New Holding,DORMAN PRODUCTS INC,,,254.0,2880.0,,
05368M106,Not New,AVID BIOSERVICES INC,1880.0,442600.0,2750.0,670700.0,870.0,228100.0
05464T104,New Holding,AXSOME THERAPEUTICS INC,,,1771.0,124500.0,,
698354107,Sold Out,PANDORA MEDIA INC,255.0,31500.0,,,,
876030107,Sold Out,TAPESTRY INC,835.0,24732.0,,,,
30040W108,Sold Out,EVERSOURCE ENERGY,2888.0,44397.0,,,,
874060205,New Holding,TAKEDA PHARMACEUTICAL CO LTD,,,1118.0,54900.0,,
811054402,Sold Out,SCRIPPS E W CO OHIO,291.0,18467.0,,,,
891027104,Sold Out,TORCHMARK CORP,1779.0,23876.0,,,,
90347A100,Sold Out,UBIQUITI NETWORKS INC,1194.0,12008.0,,,,
168905107,Sold Out,CHILDRENS PL INC,1281.0,14211.0,,,,
98978V103,Sold Out,ZOETIS INC,517.0,6051.0,,,,
69327R101,New Holding,PDC ENERGY INC,,,533.0,13100.0,,
44934S206,New Holding,ICAD INC,,,1422.0,275000.0,,
G89827128,Not New,TPG PACE HLDGS CORP,13063.0,1279400.0,12000.0,1200000.0,-1063.0,-79400.0
88688T100,Sold Out,TILRAY INC,204.0,2900.0,,,,
50212V100,Sold Out,LPL FINL HLDGS INC,2596.0,42500.0,,,,
609207105,Not New,MONDELEZ INTL INC,15291.0,306300.0,12144.0,303364.0,-3147.0,-2936.0
635017106,Sold Out,NATIONAL BEVERAGE CORP,225.0,3130.0,,,,
46625H100,New Holding,JPMORGAN CHASE & CO,,,6849.0,67659.0,,
125581801,Not New,CIT GROUP INC,393.0,8193.0,630.0,16474.0,237.0,8281.0
754907103,Sold Out,RAYONIER INC,527.0,19042.0,,,,
78462F103,Not New,SPDR S&P 500 ETF TR,3898.0,13800.0,105693.0,422908.0,101795.0,409108.0
78462F103,Not New,SPDR S&P 500 ETF TR,1.0,100000.0,105693.0,422908.0,105692.0,322908.0
538034109,New Holding,LIVE NATION ENTERTAINMENT IN,,,356.0,5600.0,,
36164V305,Sold Out,GCI LIBERTY INC,767.0,18637.0,,,,
294821608,Sold Out,ERICSSON,117.0,13200.0,,,,
023135106,Not New,AMAZON COM INC,9972.0,5600.0,2553.0,1700.0,-7419.0,-3900.0
30034W106,Not New,EVERGY INC,1625.0,28000.0,231.0,4061.0,-1394.0,-23939.0
65343C102,Sold Out,NEXTGEN HEALTHCARE INC,366.0,24076.0,,,,
682163100,Sold Out,ON DECK CAP INC,182.0,30778.0,,,,
244199105,Not New,DEERE & CO,218.0,1365.0,7728.0,51800.0,7510.0,50435.0
077454106,Not New,BELDEN INC,618.0,11502.0,246.0,5900.0,-372.0,-5602.0
95058W100,Not New,WENDYS CO,1797.0,100389.0,860.0,55121.0,-937.0,-45268.0
640491106,Sold Out,NEOGEN CORP,358.0,6286.0,,,,
88554D205,New Holding,3-D SYS CORP DEL,,,1331.0,123700.0,,
74366E102,New Holding,PROTAGONIST THERAPEUTICS INC,,,301.0,24000.0,,
045327103,Not New,ASPEN TECHNOLOGY INC,2008.0,19262.0,2384.0,29000.0,376.0,9738.0
45688C107,New Holding,INGEVITY CORP,,,516.0,4879.0,,
648691103,Sold Out,NEW SR INVT GROUP INC,58.0,14157.0,,,,
89785L107,New Holding,TRUECAR INC,,,140.0,21100.0,,
032724106,Not New,ANAPTYSBIO INC,6691.0,91600.0,3808.0,59700.0,-2883.0,-31900.0
415864107,Not New,HARSCO CORP,383.0,19000.0,324.0,16313.0,-59.0,-2687.0
862121100,Sold Out,STORE CAP CORP,241.0,8508.0,,,,
G25839104,Sold Out,COCA COLA EUROPEAN PARTNERS,348.0,7600.0,,,,
817763105,Sold Out,SESEN BIO INC,1350.0,950354.0,,,,
85254J102,Sold Out,STAG INDL INC,466.0,18730.0,,,,
G81477104,Sold Out,SINA CORP,504.0,9398.0,,,,
78463M107,Not New,SPS COMMERCE INC,392.0,3700.0,511.0,6213.0,119.0,2513.0
668074305,Sold Out,NORTHWESTERN CORP,1297.0,21826.0,,,,
013872106,New Holding,ALCOA CORP,,,1828.0,64900.0,,
29362U104,New Holding,ENTEGRIS INC,,,257.0,7193.0,,
413875105,Not New,HARRIS CORP DEL,12090.0,75700.0,11379.0,84506.0,-711.0,8806.0
69924R108,Not New,PARAMOUNT GROUP INC,207.0,14562.0,139.0,11100.0,-68.0,-3462.0
15135U109,New Holding,CENOVUS ENERGY INC,,,30381.0,3500000.0,,
540424108,New Holding,LOEWS CORP,,,901.0,18800.0,,
95082P105,Sold Out,WESCO INTL INC,417.0,8692.0,,,,
800013104,New Holding,SANDERSON FARMS INC,,,792.0,6009.0,,
H84989104,Not New,TE CONNECTIVITY LTD,311.0,3846.0,766.0,10133.0,455.0,6287.0
21036P108,Sold Out,CONSTELLATION BRANDS INC,12100.0,80237.0,,,,
14713L102,New Holding,CASA SYS INC,,,147.0,17700.0,,
40434L105,Not New,HP INC,9303.0,478798.0,12409.0,606500.0,3106.0,127702.0
198287203,Sold Out,COLUMBIA PPTY TR INC,1359.0,70202.0,,,,
74933V108,New Holding,RA PHARMACEUTICALS INC,,,4802.0,214400.0,,
14040H105,Not New,CAPITAL ONE FINL CORP,2068.0,25318.0,460.0,6092.0,-1608.0,-19226.0
25746U109,New Holding,DOMINION ENERGY INC,,,1066.0,13900.0,,
235851102,New Holding,DANAHER CORPORATION,,,1175.0,8900.0,,
369550108,Not New,GENERAL DYNAMICS CORP,2009.0,11865.0,1064.0,6768.0,-945.0,-5097.0
148806102,New Holding,CATALENT INC,,,304.0,7488.0,,
693475105,Not New,PNC FINL SVCS GROUP INC,2910.0,23727.0,5043.0,43140.0,2133.0,19413.0
