CUSIP,status,NAME OF ISSUER,(x$1000)_old,PRN AMT_old,(x$1000),PRN AMT,(x$1000)_change,PRN AMT_change
90353T100,Not New,Uber Technologies Inc.,6906852,222228178,6204611,222228178,-702241,0
83088V102,Not New,Slack Technologies Inc.,59666,1919153,466038,17363549,406372,15444396
40131M109,Not New,Guardant Health Inc.,1138900,14037960,1597352,22950460,458452,8912500
88025U109,Not New,10X Genomics Inc.,146460,1639901,239074,3836232,92614,2196331
92764N102,Not New,VIR Biotechnology Inc.,926605,22616666,775073,22616666,-151532,0
