CUSIP,status,NAME OF ISSUER,(x$1000)_old,PRN AMT_old,(x$1000),PRN AMT,(x$1000)_change,PRN AMT_change
43906K100,New Holding,HOOKIPA PHARMA INC,,,1923.0,285714.0,,
03969F109,Not New,ARCUS BIOSCIENCES INC,3379.0,425000.0,5308.0,425000.0,1929.0,0.0
81141R100,Not New,SEA LTD,142846.0,4300000.0,101136.0,4300000.0,-41710.0,0.0
60879B107,New Holding,MOMO INC,,,34679.0,968693.0,,
98980L101,New Holding,ZOOM VIDEO COMMUNICATIONS IN,,,19978.0,225000.0,,
3621LQ109,Not New,G1 THERAPEUTICS INC,29110.0,949431.0,15761.0,949431.0,-13349.0,0.0
62857M105,Not New,MYOKARDIA INC,48936.0,975987.0,50742.0,975987.0,1806.0,0.0
G5269C101,Not New,KINIKSA PHARMACEUTICALS LTD,24858.0,1835888.0,33156.0,1835888.0,8298.0,0.0
30711Y102,Not New,FANG HLDGS LTD,932.0,1500000.0,2025.0,1500000.0,1093.0,0.0
74704P108,Not New,PUXIN LTD,792.0,126145.0,874.0,126145.0,82.0,0.0
10806X102,New Holding,BRIDGEBIO PHARMA INC,,,63458.0,2352900.0,,
75901B107,New Holding,REGENXBIO INC,,,10582.0,206000.0,,
83410S108,Not New,SOHU COM LTD,11228.0,802034.0,13298.0,802034.0,2070.0,0.0
874080104,Not New,TAL EDUCATION GROUP,434738.0,11410453.0,411689.0,11410453.0,-23049.0,0.0
88034P109,Not New,TENCENT MUSIC ENTMT GROUP,22043.0,1470491.0,26616.0,1470491.0,4573.0,0.0
47215P106,Not New,JD COM INC,477082.0,15750469.0,453493.0,15041243.0,-23589.0,-709226.0
03753U106,Not New,APELLIS PHARMACEUTICALS INC,65370.0,2579708.0,50304.0,2579708.0,-15066.0,0.0
31572Q808,Not New,FIBROGEN INC,123094.0,2724519.0,108879.0,2003287.0,-14215.0,-721232.0
04335A105,Not New,ARVINAS INC,13744.0,625000.0,9225.0,625000.0,-4519.0,0.0
08862E109,New Holding,BEYOND MEAT INC,,,2410.0,15000.0,,
16954W101,New Holding,CHINA INDEX HLDGS LTD,,,1065.0,300000.0,,
G21515104,Not New,CHINA BIOLOGIC PRODS HLDGS I,262189.0,2751200.0,251047.0,2751200.0,-11142.0,0.0
31680Q104,New Holding,58 COM INC,,,146767.0,2360742.0,,
G3075P101,Not New,ENSTAR GROUP LIMITED,94719.0,543487.0,94567.0,543487.0,-152.0,0.0
609207105,Not New,MONDELEZ INTL INC,137260.0,2546564.0,150482.0,3014473.0,13222.0,467909.0
647581107,Not New,NEW ORIENTAL ED & TECH GRP I,164431.0,1702534.0,252.0,2800.0,-164179.0,-1699734.0
88160R101,New Holding,TESLA INC,,,116329.0,520580.0,,
53567X101,Not New,LINE CORP,33986.0,1207763.0,42525.0,1207763.0,8539.0,0.0
46267X108,Not New,IQIYI INC,299632.0,14510018.0,300375.0,12557488.0,743.0,-1952530.0
07725L102,Not New,BEIGENE LTD,550084.0,4437953.0,585810.0,4437953.0,35726.0,0.0
585464100,Not New,MELCO RESORT AND ENTMT LTD,95475.0,4395700.0,99299.0,4395700.0,3824.0,0.0
00973Y108,New Holding,AKERO THERAPEUTICS INC,,,8139.0,425000.0,,
090040106,Not New,BILIBILI INC,131632.0,8090463.0,65420.0,3452231.0,-66212.0,-4638232.0
608012100,New Holding,MOGU INC,,,14887.0,5223485.0,,
65343E108,New Holding,NEXTCURE INC,,,1124.0,75000.0,,
109199109,Not New,BRIGHT SCHOLAR ED HLDGS LTD,36111.0,3985797.0,41213.0,3985797.0,5102.0,0.0
722304102,Not New,PINDUODUO INC,148494.0,7197978.0,77676.0,3132096.0,-70818.0,-4065882.0
38341P102,Not New,GOSSAMER BIO INC,20794.0,937500.0,20316.0,937500.0,-478.0,0.0
09627Y109,Not New,BLUEPRINT MEDICINES CORP,141355.0,1498516.0,119956.0,1498516.0,-21399.0,0.0
30303M102,Not New,FACEBOOK INC,227663.0,1179600.0,196628.0,1179600.0,-31035.0,0.0
28249H104,Not New,EIDOS THERAPEUTICS INC,5551.0,178600.0,4188.0,178600.0,-1363.0,0.0
01609W102,Not New,ALIBABA GROUP HLDG LTD,239235.0,1411830.0,257588.0,1411830.0,18353.0,0.0
83304A106,New Holding,SNAP INC,,,63862.0,4465885.0,,
