CUSIP,status,NAME OF ISSUER,(x$1000)_old,PRN AMT_old,(x$1000),PRN AMT,(x$1000)_change,PRN AMT_change
45826H109,Not New,INTEGER HLDGS CORP,30030.0,1384517.0,43405.0,1329820.0,13375.0,-54697.0
44930G107,Not New,ICU MED INC,3918.0,31000.0,3588.0,31000.0,-330.0,0.0
47102X105,Not New,JANUS CAP GROUP INC,60769.0,4337537.0,60024.0,4182839.0,-745.0,-154698.0
03076K108,Not New,AMERIS BANCORP,3066.0,87724.0,3452.0,114733.0,386.0,27009.0
G84720104,Not New,STERIS PLC SHS USD,119834.0,1639312.0,112099.0,1622504.0,-7735.0,-16808.0
87265H109,New Holding,TRI POINTE GROUPS INC COM,,,272.0,20675.0,,
14915V106,Not New,CATHAY FINANCIAL-144A GDR,8834.0,689256.0,7302.0,689256.0,-1532.0,0.0
62855J104,Not New,MYRIAD GENETICS INC,1901.0,92381.0,2957.0,92236.0,1056.0,-145.0
29413Q102,Not New,ENVISION SOLAR INTERNATIONAL,12.0,75000.0,11.0,75000.0,-1.0,0.0
746277409,Not New,PURISIMA FDS ALL PURPOSE FD,3473.0,378378.0,3473.0,378378.0,0.0,0.0
G2519Y108,Not New,CREDICORP LTD,196067.0,1288050.0,203003.0,1288171.0,6936.0,121.0
422347104,Not New,HEARTLAND EXPRESS INC,42470.0,2249482.0,40248.0,2235992.0,-2222.0,-13490.0
4812C0498,New Holding,JPMORGAN TR II EQTY INCOME SL,,,179.0,12422.0,,
70432V102,Not New,PAYCOM SOFTWARE INC,5236.0,104458.0,3556.0,77223.0,-1680.0,-27235.0
90400P101,Not New,ULTRAPAR PARTICIPACOES S A ADR,4093.0,186990.0,5124.0,238662.0,1031.0,51672.0
931142103,Not New,WAL-MART STORES INC COM,364287.0,5051125.0,365175.0,4930805.0,888.0,-120320.0
97186T108,Sold Out,WILSHIRE BANCORP INC,2628.0,240478.0,,,,
999E9382T,New Holding,FIIG EU EM - A USD,,,598.0,4880.0,,
78464A474,Not New,SPDR SERIES TRUST BARC SHT ETF,584598.0,18998952.0,565385.0,18368596.0,-19213.0,-630356.0
464287333,Not New,ISHARES TR GLOBAL FINLS ETF,776.0,15201.0,728.0,15201.0,-48.0,0.0
670704105,Not New,NUVASIVE INC,94830.0,1422585.0,86990.0,1412861.0,-7840.0,-9724.0
000361105,Not New,AAR CORP,35006.0,1117699.0,25533.0,1063863.0,-9473.0,-53836.0
92763W103,New Holding,VIPSHOP HLDGS LTD ADR,,,3532.0,240742.0,,
969904101,Not New,WILLIAMS SONOMA INC,1927.0,37726.0,2074.0,37571.0,147.0,-155.0
40637H109,Not New,HALOZYME THERAPEUTICS INC,8758.0,725011.0,6583.0,725011.0,-2175.0,0.0
517942108,New Holding,LASALLE HOTEL PPTYS,,,259.0,10850.0,,
587200106,Not New,MENTOR GRAPHICS CORP,47791.0,1807511.0,38994.0,1806122.0,-8797.0,-1389.0
904214103,Not New,UMPQUA HLDGS CORP,73369.0,4875041.0,75452.0,4799721.0,2083.0,-75320.0
498456102,Not New,KLEANGAS ENERGY TECHNOLOGIES I,0.0,20400.0,0.0,20400.0,0.0,0.0
718546104,Not New,PHILLIPS 66,564.0,7003.0,561.0,7461.0,-3.0,458.0
G50871105,Not New,JAZZ PHARMACEUTICALS PLC,244.0,2006.0,261.0,1859.0,17.0,-147.0
74340W103,Not New,PROLOGIS INC,9219.0,172193.0,9743.0,195212.0,524.0,23019.0
548661107,Not New,LOWES COS INC,1890.0,26168.0,1981.0,23920.0,91.0,-2248.0
29250X10T,Not New,100000TH ENBRIDGE ENERGY MGMT,0.0,223840.0,0.0,218269.0,0.0,-5571.0
45784P101,Not New,INSULET CORP,694.0,16963.0,545.0,16963.0,-149.0,0.0
49926D109,Not New,KNOWLES CORP,1690.0,120275.0,2260.0,155728.0,570.0,35453.0
099724106,Not New,BORGWARNER INC,7115.0,202253.0,6538.0,210848.0,-577.0,8595.0
653656108,Not New,NICE LTD ADR,5612.0,83837.0,5450.0,83837.0,-162.0,0.0
98426T106,New Holding,YY INC ADS REPCOM CLA ADR,,,2056.0,38582.0,,
464287598,New Holding,ISHARES TR RUS 1000 VAL ETF,,,254.0,2403.0,,
N6596X109,Not New,NXP SEMICONDUCTORS N V,175433.0,1719763.0,63614.0,796773.0,-111819.0,-922990.0
966837106,Not New,WHOLE FOODS MKT INC,10620.0,374606.0,582.0,17310.0,-10038.0,-357296.0
32051710T,Not New,100000TH FIRST HORIZON NTL CO,0.0,37565.0,0.0,37565.0,0.0,0.0
852857200,Not New,STAMPS COM INC,2957.0,31288.0,3264.0,41176.0,307.0,9888.0
053015103,Sold Out,AUTOMATIC DATA PROCESSING INC,209.0,2195.0,,,,
232577205,Not New,CYNOSURE INC,3732.0,73253.0,4971.0,96170.0,1239.0,22917.0
269796108,Not New,EAGLE PHARMACEUTICALS INC,669.0,9550.0,555.0,12461.0,-114.0,2911.0
460690100,Not New,INTERPUBLIC GROUP COS INC,230.0,10304.0,238.0,9915.0,8.0,-389.0
848637104,Not New,SPLUNK INC,1342.0,22871.0,1299.0,22648.0,-43.0,-223.0
004239109,Not New,ACADIA RLTY TR,38562.0,1064074.0,38621.0,1048332.0,59.0,-15742.0
05508R106,Not New,B& G FOODS INC NEW,3004.0,61077.0,3821.0,79901.0,817.0,18824.0
44980X109,Not New,IPG PHOTONICS CORP,10876.0,132067.0,10105.0,126482.0,-771.0,-5585.0
405217100,Not New,HAIN CELESTIAL GROUP INC,7284.0,204716.0,10689.0,204295.0,3405.0,-421.0
042068106,Sold Out,ARM HLDGS PLC ADR,59406.0,1282521.0,,,,
879360105,Not New,TELEDYNE TECHNOLOGIES INC,35340.0,327437.0,32678.0,319437.0,-2662.0,-8000.0
29089Q105,Not New,EMERGENT BIOSOLUTIONS INC,14311.0,453870.0,14253.0,467770.0,-58.0,13900.0
900148701,Not New,TURKIYE GARANTI BANKASI A ADR,1640.0,618864.0,1749.0,634804.0,109.0,15940.0
171778202,Not New,CIELO S A ADR,3914.0,389147.0,4416.0,409222.0,502.0,20075.0
379890106,Not New,GLU MOBILE INC,670.0,299317.0,1005.0,413527.0,335.0,114210.0
30219G108,Not New,EXPRESS SCRIPTS HLDG CO,24499.0,347357.0,27437.0,352068.0,2938.0,4711.0
27579R104,Not New,EAST WEST BANCORP INC,106813.0,2909655.0,99063.0,2896566.0,-7750.0,-13089.0
67103H107,New Holding,O REILLY AUTOMOTIVE INC NEW,,,898.0,3207.0,,
92343E102,Sold Out,VERISIGN INC,215.0,2527.0,,,,
20564W105,Not New,COMSCORE INC,1347.0,43927.0,1516.0,56140.0,169.0,12213.0
464286772,Not New,ISHARES MSCI STH KOR ETF,603.0,10371.0,546.0,10371.0,-57.0,0.0
00756M404,Not New,ADVANCED SEMICONDUCTOR ENG ADR,170497.0,28848911.0,159273.0,28801597.0,-11224.0,-47314.0
715684106,Not New,TELEKOMUNIKASI INDONESIA A ADR,604.0,9135.0,1710.0,27335.0,1106.0,18200.0
172062101,Not New,CINCINNATI FINL CORP,13735.0,182112.0,16478.0,216358.0,2743.0,34246.0
464287861,New Holding,ISHARES TR EUROPE ETF,,,5140.0,130527.0,,
950755108,Not New,WERNER ENTERPRISES INC,2124.0,91276.0,2826.0,118689.0,702.0,27413.0
969490101,Not New,WILLIAMS CLAYTON ENERGY INC,3022.0,35364.0,1343.0,48981.0,-1679.0,13617.0
199908104,Not New,COMFORT SYS USA INC,2656.0,90622.0,3976.0,118750.0,1320.0,28128.0
907818108,Not New,UNION PAC CORP,12486.0,128017.0,11570.0,126604.0,-916.0,-1413.0
449172105,Not New,HYSTER YALE MATLS HANDLING INC,4219.0,70169.0,4330.0,70169.0,111.0,0.0
64115T104,Not New,NETSCOUT SYS INC,98876.0,3380380.0,78332.0,3347533.0,-20544.0,-32847.0
57636Q104,Not New,MASTERCARD INCORPORATED,30116.0,295924.0,21339.0,240434.0,-8777.0,-55490.0
316145887,New Holding,FIDELITY FINL TR STRAT DIV &INC,,,255.0,17122.0,,
Q8255K128,Not New,SAMSON OIL& GAL NL,0.0,53333.0,0.0,53333.0,0.0,0.0
03073E105,Not New,AMERISOURCEBERGEN CORP,6834.0,84606.0,8079.0,98314.0,1245.0,13708.0
G38529106,Not New,GETGO INC,0.0,315000.0,0.0,315000.0,0.0,0.0
99978505T,New Holding,FED BANK GDR,,,3590.0,3319011.0,,
03485P300,Not New,ANGLO AMERN PLC ADR,63.0,10050.0,56.0,10664.0,-7.0,614.0
806857108,Not New,SCHLUMBERGER LTD,318460.0,4049599.0,328713.0,4213182.0,10253.0,163583.0
464288356,Not New,ISHARES CALIFORNIA MUNI BOND E,540.0,4477.0,546.0,4477.0,6.0,0.0
405024100,Not New,HAEMONETICS CORP,9694.0,267712.0,7832.0,257467.0,-1862.0,-10245.0
500754106,Not New,KRAFT HEINZ CO,265.0,2958.0,267.0,2976.0,2.0,18.0
913017109,Not New,UNITED TECHNOLOGIES CORP,845009.0,8317013.0,869316.0,8362020.0,24307.0,45007.0
957090103,Not New,WESTAMERICA BANCORPORATION,810.0,15917.0,902.0,18517.0,92.0,2600.0
99968989T,Not New,FIRST FINL HLDG CO REG S GDR,6200.0,582528.0,5880.0,557444.0,-320.0,-25084.0
55261F104,Not New,M& T BK CORP,5178.0,44598.0,5876.0,50426.0,698.0,5828.0
88579Y101,Not New,3M CO,17735.0,100635.0,19263.0,108213.0,1528.0,7578.0
80105N105,Not New,SANOFI ADR,475206.0,12443197.0,564894.0,13638183.0,89688.0,1194986.0
624756102,Not New,MUELLER INDS INC,41551.0,1281660.0,42480.0,1272615.0,929.0,-9045.0
22160K105,Not New,COSTCO WHSL CORP NEW,500.0,3276.0,568.0,3406.0,68.0,130.0
223622101,Not New,COWEN GROUP INC NEW,2466.0,679227.0,2874.0,873660.0,408.0,194433.0
62472C102,Not New,MPHASE TECHNOLOGIES INC,0.0,126667.0,0.0,126667.0,0.0,0.0
004446100,Not New,ACETO CORP,2319.0,122091.0,4126.0,167853.0,1807.0,45762.0
02079K107,Not New,ALPHABET INC CLASS C,341499.0,439345.0,325592.0,455315.0,-15907.0,15970.0
91349P103,Not New,UNIVERSAL EXPRESS INC,0.0,10000.0,0.0,10000.0,0.0,0.0
78423H107,New Holding,SGX RES INC,,,0.0,10000.0,,
458140100,Not New,INTEL CORP,748823.0,19836361.0,682680.0,19856887.0,-66143.0,20526.0
00847G705,Not New,AGENUS INC,449.0,62549.0,439.0,93132.0,-10.0,30583.0
74006F105,Not New,PRAXSYN CORP,1.0,375000.0,2.0,375000.0,1.0,0.0
92206C409,Not New,VANGUARD FDS SHRT-TERM CORP,3746.0,46507.0,3626.0,44856.0,-120.0,-1651.0
99938984T,Sold Out,ESCROW LEHMAN BROS HLDG INC ES,0.0,25000.0,,,,
69366X100,Not New,PT BK RAKYAT ADR,35238.0,1884822.0,32707.0,1888222.0,-2531.0,3400.0
311642102,Not New,FARO TECHNOLOGIES INC,1768.0,49169.0,2226.0,65884.0,458.0,16715.0
99972987T,Not New,ESC LEHMAN BROS 7.875,0.0,25000.0,0.0,25000.0,0.0,0.0
G4388N106,Not New,HELEN OF TROY CORP LTD,45363.0,526432.0,33565.0,333977.0,-11798.0,-192455.0
28140H203,Not New,EDUCATION RLTY TR INC,35877.0,831630.0,38309.0,819805.0,2432.0,-11825.0
632525408,Not New,NATIONAL AUSTRALIA BK LTD ADR,1075.0,100845.0,968.0,102719.0,-107.0,1874.0
316390434,Sold Out,FIDELITY SELECT PORTFOLIOS ADV,483.0,4894.0,,,,
159864107,Not New,CHARLES RIV LABS INTL INC,42392.0,508660.0,44155.0,516128.0,1763.0,7468.0
675232102,Not New,OCEANEERING INTL INC,19222.0,698733.0,20332.0,690623.0,1110.0,-8110.0
501044101,Not New,KROGER CO,7562.0,254772.0,13918.0,370764.0,6356.0,115992.0
922042874,Not New,VANGUARD FTSE EUROPE ETF,24015.0,492810.0,26578.0,573538.0,2563.0,80728.0
03209R103,Not New,AMPHASTAR PHARMACEUTICALS INC,3750.0,197658.0,4241.0,250331.0,491.0,52673.0
00753G103,Not New,ADVANCED INFO SVC PUB LTD ADR,350.0,75749.0,365.0,75749.0,15.0,0.0
853373108,Not New,STANDARD ENERGY CORP,0.0,725920.0,0.0,725920.0,0.0,0.0
30249U101,Not New,FMC TECHNOLOGIES INC,1858.0,62631.0,1855.0,70784.0,-3.0,8153.0
89417E109,Not New,TRAVELERS COMPANIES INC,273.0,2379.0,316.0,2671.0,43.0,292.0
464287325,Not New,ISHARES TR GLOB HLTHCRE ETF,1805.0,17922.0,1817.0,17624.0,12.0,-298.0
724078100,Not New,PIPER JAFFRAY COS,4179.0,86521.0,4415.0,109851.0,236.0,23330.0
455807107,Not New,INDUSTRIAL& COML BK CHINA ADR,161.0,12907.0,158.0,14488.0,-3.0,1581.0
871607107,Not New,SYNOPSYS INC,25452.0,428852.0,23431.0,428594.0,-2021.0,-258.0
87164U102,Not New,SYNTHETIC BIOLOGICS INC,86.0,50000.0,46.0,25000.0,-40.0,-25000.0
22542D423,Not New,FI ENHANCED LRG CAP GROWTH CS,747737.0,5429004.0,686208.0,5175020.0,-61529.0,-253984.0
29382R107,Not New,ENTRAVISION COMMUNICATIONS CP,2388.0,312935.0,2948.0,417026.0,560.0,104091.0
01880B884,New Holding,ALLIANZ FDS MULTI-STRATEGY TR,,,270.0,17717.0,,
09247X101,Not New,BLACKROCK INC,26119.0,72061.0,24437.0,70321.0,-1682.0,-1740.0
40157Q109,Not New,GUDANG GARAM TBK PT ADR ADR,242.0,12714.0,279.0,12714.0,37.0,0.0
71714F104,Not New,PHARMERICA CORP,2516.0,89621.0,2958.0,114152.0,442.0,24531.0
9997B00CT,New Holding,FIIG EU EM - B USD,,,487.0,4252.0,,
74443G104,Not New,PT MATAHARI DEPT STORE TBK ADR,161.0,11355.0,180.0,11355.0,19.0,0.0
615369105,Not New,MOODYS CORP,253.0,2335.0,221.0,2260.0,-32.0,-75.0
904784709,Not New,UNILEVER N V NYS,1008.0,21866.0,250.0,5397.0,-758.0,-16469.0
892331307,Not New,TOYOTA MOTOR CORP ADR,6347.0,54683.0,6421.0,60773.0,74.0,6090.0
23304Y100,Not New,DBS GROUP HLDGS LTD ADR,42440.0,939984.0,44095.0,942264.0,1655.0,2280.0
55068R202,Not New,LUXOTTICA GROUP S P A ADR,42982.0,898824.0,41918.0,879336.0,-1064.0,-19488.0
72201R783,Not New,PIMCO ETF TR 0-5 HIGH YIELD,580.0,5832.0,607.0,6188.0,27.0,356.0
880779103,Not New,TEREX CORP NEW,11221.0,441605.0,8830.0,426562.0,-2391.0,-15043.0
78573J101,Not New,SABLE NAT RES INC,4.0,117581.0,4.0,117581.0,0.0,0.0
100557107,Not New,BOSTON BEER INC,54110.0,348515.0,59024.0,345673.0,4914.0,-2842.0
464286608,Not New,ISHARES MSCI EURZONE ETF,12235.0,354735.0,10953.0,341750.0,-1282.0,-12985.0
20440T201,Not New,COMPANHIA BRASILEIRA DE DI ADR,21063.0,1285083.0,19161.0,1285083.0,-1902.0,0.0
293792107,Sold Out,ENTERPRISE PRODS PARTNERS L P,264.0,9061.0,,,,
464287556,New Holding,ISHARES TR NASDQ BIOTEC ETF,,,410.0,1417.0,,
133131102,Not New,CAMDEN PPTY TR,2557.0,30537.0,2397.0,26547.0,-160.0,-3990.0
74144T108,Not New,PRICE T ROWE GROUP INC,12942.0,194623.0,15321.0,208897.0,2379.0,14274.0
606822104,Not New,MITSUBISHI UFJ FINL GROUP ADR,42833.0,8481838.0,37759.0,8504308.0,-5074.0,22470.0
461308108,New Holding,INVESTMENT CO AMER CL A,,,359.0,9800.0,,
680223104,Not New,OLD REP INTL CORP,7295.0,414044.0,5746.0,295144.0,-1549.0,-118900.0
999B19B2T,Not New,ESCROW AMR CORP,0.0,99510.0,0.0,99510.0,0.0,0.0
423012301,Sold Out,HEINEKEN N V SPONSORED ADR L1,242.0,5252.0,,,,
052769106,Not New,AUTODESK INC,21472.0,296865.0,19135.0,344833.0,-2337.0,47968.0
14057J101,Not New,CAPITOL FED FINL INC,31460.0,2235967.0,31740.0,2262291.0,280.0,26324.0
73935A104,Not New,POWERSHARES QQQ TRUST UNIT SER,33795.0,284661.0,30283.0,272991.0,-3512.0,-11670.0
760759100,Not New,REPUBLIC SVCS INC,1766.0,35000.0,2122.0,40335.0,356.0,5335.0
303250104,Not New,FAIR ISAAC CORP,18390.0,147608.0,17588.0,152742.0,-802.0,5134.0
999C465DT,Not New,ESCROW GLOBAL 1 INVT HLDGS,0.0,600050.0,0.0,600050.0,0.0,0.0
316345305,New Holding,FIDELITY PURITAN TR LOW PRICE,,,425.0,8723.0,,
22542D100,Not New,FI ENHANCED EUROPE 50 ETN CS,203379.0,2192296.0,257633.0,2923324.0,54254.0,731028.0
92937A102,Not New,WPP PLC NEW ADR,59450.0,505010.0,55047.0,507669.0,-4403.0,2659.0
399909100,New Holding,GRUPO FINANCIERO GALICIA S ADR,,,230.0,7400.0,,
16208T102,Not New,CHATHAM LODGING TR,750.0,38974.0,1239.0,54276.0,489.0,15302.0
286600101,Not New,ELITE TECHNOLOGIES INC,0.0,10815.0,0.0,10815.0,0.0,0.0
269246401,Not New,E TRADE FINANCIAL CORP,36760.0,1262365.0,26284.0,1111849.0,-10476.0,-150516.0
98956P102,Not New,ZIMMER BIOMET HOLDINGS INC,20013.0,153924.0,21708.0,173552.0,1695.0,19628.0
835898107,Not New,SOTHEBYS,32534.0,855711.0,23071.0,843868.0,-9463.0,-11843.0
G02602103,Not New,AMDOCS LTD,15357.0,265456.0,17393.0,298498.0,2036.0,33042.0
423452101,Not New,HELMERICH& PAYNE INC,26715.0,396949.0,26504.0,400544.0,-211.0,3595.0
92206C870,Not New,VANGUARD FDS INT-TERM CORP,26349.0,294143.0,27122.0,302225.0,773.0,8082.0
42824C109,Not New,HEWLETT PACKARD ENTERPRISE CO,224.0,9835.0,217.0,11213.0,-7.0,1378.0
99928D52T,Not New,FIIG EU US SCC - USD,15965.0,146720.0,15310.0,146720.0,-655.0,0.0
999F551FT,Not New,VANGUARD FUNDS PLC FTSE EMERGI,38002.0,756267.0,30634.0,641021.0,-7368.0,-115246.0
31847R102,Not New,FIRST AMERN FINL CORP,57719.0,1469419.0,61901.0,1497714.0,4182.0,28295.0
126650100,Not New,CVS HEALTH CORPORATION COM,11813.0,132741.0,12568.0,129783.0,755.0,-2958.0
842587107,Not New,SOUTHERN CO,494.0,9632.0,441.0,8197.0,-53.0,-1435.0
743315103,Not New,PROGRESSIVE CORP OHIO,4727.0,150075.0,5720.0,170702.0,993.0,20627.0
23335C101,Not New,DTS INC,2577.0,60569.0,2329.0,84735.0,-248.0,24166.0
437076102,Not New,HOME DEPOT INC,1091273.0,8480515.0,1141127.0,8443411.0,49854.0,-37104.0
464287614,New Holding,ISHARES TR RUS 1000 GRW ETF,,,415.0,3983.0,,
761713106,Not New,REYNOLDS AMERICAN INC,454.0,9621.0,520.0,9783.0,66.0,162.0
307305102,Not New,FANUC CORPORATION ADR,72199.0,2578931.0,65252.0,2486080.0,-6947.0,-92851.0
665162582,New Holding,NORTHERN FDS EMRGN MKT EQ IDX,,,105.0,10227.0,,
428282107,New Holding,HEXAWARE TECHNOLOGIES LTD GDR,,,2165.0,1528112.0,,
031162100,Not New,AMGEN INC,17147.0,102794.0,16270.0,101573.0,-877.0,-1221.0
G5960L103,Not New,MEDTRONIC PLC,428.0,4949.0,417.0,4716.0,-11.0,-233.0
754730109,Not New,RAYMOND JAMES FINANCIAL INC,93369.0,1604010.0,79652.0,1586375.0,-13717.0,-17635.0
95766A101,New Holding,WESTERN ASSET EMRG MKT DEBT FD,,,246.0,15147.0,,
485865109,Not New,KATE SPADE& CO,38292.0,2235361.0,46695.0,2189172.0,8403.0,-46189.0
45321L100,Not New,IMPERVA INC,8230.0,153236.0,5942.0,123429.0,-2288.0,-29807.0
559534PAT,Not New,MAGNIT PJSC GDR,172228.0,4131161.0,146375.0,4194135.0,-25853.0,62974.0
68827R108,Not New,OSIRIS THERAPEUTICS INC NEW,175.0,35270.0,178.0,35270.0,3.0,0.0
780259206,Not New,ROYAL DUTCH SHELL PLC ADR,5419.0,108232.0,6536.0,119090.0,1117.0,10858.0
826565103,Not New,SIGMA DESIGNS INC,1942.0,249267.0,2255.0,322171.0,313.0,72904.0
29444U700,Not New,EQUINIX INC,224.0,623.0,234.0,603.0,10.0,-20.0
00507V109,Not New,ACTIVISION BLIZZARD INC,279.0,6287.0,244.0,5775.0,-35.0,-512.0
3622N9103,Not New,GS ENVIROSERVICES INC,11.0,567833.0,9.0,567833.0,-2.0,0.0
771195104,Not New,ROCHE HLDG LTD ADR,470083.0,15126928.0,492712.0,15142209.0,22629.0,15281.0
30255G103,Not New,FCB FINL HLDGS INC CL A,3045.0,79229.0,3601.0,103481.0,556.0,24252.0
913543104,Not New,UNIVERSAL FST PRODS INC,23746.0,241096.0,21846.0,218154.0,-1900.0,-22942.0
20716N102,Not New,CONGAREE BANCSHARES INC,100.0,12500.0,100.0,12500.0,0.0,0.0
746277102,Sold Out,PURISIMA FDS TOTAL RETURN,348.0,22805.0,,,,
464289180,Not New,ISHARES MSCI EUROPE FN ETF,8493.0,494903.0,804.0,52561.0,-7689.0,-442342.0
206022105,Not New,CONCERT PHARMACEUTICALS INC,366.0,36163.0,669.0,55934.0,303.0,19771.0
718252604,Sold Out,PHILIPPINE LONG DISTANCE T ADR,251.0,5696.0,,,,
G54050102,Not New,LAZARD LTD SHS A,66086.0,1817547.0,57750.0,1859896.0,-8336.0,42349.0
80007R105,Not New,SANDS CHINA LTD ADR,4617.0,106417.0,3580.0,108927.0,-1037.0,2510.0
464288646,Not New,ISHARES TR 1-3 YR CR BD ETF,2809.0,26556.0,2846.0,26861.0,37.0,305.0
81762P102,Not New,SERVICENOW INC,1558.0,19688.0,1348.0,19572.0,-210.0,-116.0
464287176,Not New,ISHARES TR TIPS BD ETF,860.0,7382.0,855.0,7306.0,-5.0,-76.0
88023U101,Not New,TEMPUR SEALY INTL INC,12352.0,217694.0,12395.0,217694.0,43.0,0.0
110122108,Not New,BRISTOL MYERS SQUIBB CO,35066.0,650332.0,48861.0,648107.0,13795.0,-2225.0
370334104,Not New,GENERAL MLS INC,444.0,6947.0,494.0,6881.0,50.0,-66.0
38013E203,Not New,GNCC CAP INC,0.0,100000.0,0.0,100000.0,0.0,0.0
718172109,Not New,PHILIP MORRIS INTL INC,1268.0,13043.0,1350.0,13059.0,82.0,16.0
020409108,Not New,ALMOST FAMILY INC,2395.0,65132.0,3582.0,81269.0,1187.0,16137.0
320817109,Not New,FIRST MERCHANTS CORP,2355.0,88039.0,2745.0,110651.0,390.0,22612.0
92343X100,Not New,VERINT SYS INC,80418.0,2137075.0,68110.0,2050886.0,-12308.0,-86189.0
589433101,Not New,MEREDITH CORP,50155.0,964711.0,52563.0,957780.0,2408.0,-6931.0
172967424,Not New,CITIGROUP INC,387804.0,8210969.0,509827.0,12055501.0,122023.0,3844532.0
07329M100,Not New,BBVA BANCO FRANCES S A ADR,245.0,12300.0,251.0,12300.0,6.0,0.0
94984B561,Sold Out,WELLS FARGO INDEX FUND,281.0,4366.0,,,,
624580106,Not New,MOVADO GROUP INC,708.0,32980.0,751.0,32980.0,43.0,0.0
930059100,Not New,WADDELL& REED FINL INC,35225.0,1939684.0,32582.0,1910954.0,-2643.0,-28730.0
346375108,Not New,FORMFACTOR INC,2839.0,261647.0,3374.0,347069.0,535.0,85422.0
363256108,Not New,GALENA BIOPHARMA INC,4.0,11329.0,5.0,11329.0,1.0,0.0
189054109,Not New,CLOROX CO DEL,380.0,3034.0,411.0,2982.0,31.0,-52.0
233326107,Not New,DST SYS INC DEL,40977.0,347502.0,16891.0,140166.0,-24086.0,-207336.0
56062X500,New Holding,MAINSTAY FUNDS UNCONSTRAINED I,,,98.0,11118.0,,
737630103,Not New,POTLATCH CORP NEW COM,6321.0,162529.0,5890.0,162529.0,-431.0,0.0
9997818DT,Not New,BANK AUDI SAL GDR,165.0,26600.0,165.0,26600.0,0.0,0.0
02079K305,Not New,ALPHABET INC CLASS A,812135.0,1010042.0,723796.0,995319.0,-88339.0,-14723.0
71654V101,Not New,PETROLEO BRASILEIRO SA PET ADR,1365.0,164202.0,1021.0,164202.0,-344.0,0.0
316845PDT,Not New,FIIG EU EM ESG,371645.0,4002207.0,347875.0,3995346.0,-23770.0,-6861.0
66987V109,Not New,NOVARTIS A G ADR,478904.0,6065150.0,523791.0,6363641.0,44887.0,298491.0
69369T106,Not New,PT JASA MARGA PERSERO TBK ADR,161.0,22795.0,187.0,22795.0,26.0,0.0
833551104,Not New,SNYDERS-LANCE INC,13655.0,406649.0,13291.0,378439.0,-364.0,-28210.0
651229106,Sold Out,NEWELL BRANDS INC,2207.0,45431.0,,,,
154760409,Not New,CENTRAL PAC FINL CORP,2543.0,100967.0,3220.0,133901.0,677.0,32934.0
008252108,Not New,AFFILIATED MANAGERS GROUP,4911.0,33938.0,5484.0,39182.0,573.0,5244.0
16359R103,Not New,CHEMED CORP NEW,77488.0,549286.0,75838.0,549908.0,-1650.0,622.0
48666K109,Not New,KB HOME,60961.0,3781669.0,59823.0,3708830.0,-1138.0,-72839.0
737464107,New Holding,POST PPTYS INC,,,1131.0,17100.0,,
92189F817,Not New,VANECK VECTORS ETF TR VIETNAM,1040.0,68900.0,978.0,66000.0,-62.0,-2900.0
962166104,Not New,WEYERHAEUSER CO,10785.0,337654.0,12243.0,391894.0,1458.0,54240.0
911163103,Not New,UNITED NAT FOODS INC,29678.0,741199.0,36258.0,741170.0,6580.0,-29.0
17275R102,Not New,CISCO SYS INC,492574.0,15528824.0,456675.0,15517314.0,-35899.0,-11510.0
075887109,Not New,BECTON DICKINSON& CO,251.0,1394.0,246.0,1395.0,-5.0,1.0
410120109,Not New,HANCOCK HLDG CO,16742.0,516249.0,13933.0,522612.0,-2809.0,6363.0
345370860,Not New,FORD MTR CO DEL,10419.0,863225.0,11375.0,857222.0,956.0,-6003.0
316200104,New Holding,FIDELITY MT VERNON STR TR GROW,,,222.0,1564.0,,
464288240,Not New,ISHARES TR MSCI ACWI EX US,256.0,6175.0,211.0,5375.0,-45.0,-800.0
04316A108,Not New,ARTISAN PARTNERS ASSET MGMT IN,51151.0,1880562.0,51360.0,1856838.0,209.0,-23724.0
128119880,New Holding,CALAMOS INV TR NEW STRAT INC I,,,323.0,24894.0,,
99921F26T,Not New,CHINA HIGH PRECISION AUTOMATIO,0.0,3924871.0,0.0,3924871.0,0.0,0.0
72341E304,Not New,PING AN INS GROUP CO CHINA ADR,38458.0,3709950.0,32460.0,3725200.0,-5998.0,15250.0
69367X109,Not New,PT ASTRA INTL TBK ADR,204.0,16157.0,179.0,16157.0,-25.0,0.0
83084V106,Not New,SKY PLC ADR,6385.0,137454.0,5298.0,116924.0,-1087.0,-20530.0
654744408,Not New,NISSAN MOTORS ADR,2054.0,105814.0,2078.0,110272.0,24.0,4458.0
072743305,Not New,BAYERISCHE MOTOREN WERKE A ADR,129982.0,4668240.0,32864.0,1279826.0,-97118.0,-3388414.0
256135203,Not New,DR REDDYS LABS LTD ADR,264451.0,5696909.0,284611.0,5227024.0,20160.0,-469885.0
466032109,Not New,J& J SNACK FOODS CORP,6499.0,54559.0,7282.0,60359.0,783.0,5800.0
594918104,Not New,MICROSOFT CORP,1058375.0,18374574.0,962437.0,18300756.0,-95938.0,-73818.0
29272W109,Not New,ENERGIZER HLDGS INC NEW,3749.0,75038.0,3438.0,67170.0,-311.0,-7868.0
464286731,Not New,ISHARES MSCI TAIWAN ETF,162999.0,10382081.0,150919.0,10531681.0,-12080.0,149600.0
69364M205,Not New,P T INDOCEMENT TUNGGAL PRA ADR,160.0,12037.0,157.0,12037.0,-3.0,0.0
58501N101,Sold Out,MEDIVATION INC,410.0,6591.0,,,,
87074U101,Not New,SWIFT TRANSN CO,39596.0,1844230.0,30704.0,1822200.0,-8892.0,-22030.0
197236102,Not New,COLUMBIA BKG SYS INC,2850.0,87094.0,3270.0,114927.0,420.0,27833.0
204280309,Not New,COMPAGNIE DE SAINT GOBAIN ADR,7736.0,894731.0,5931.0,765255.0,-1805.0,-129476.0
69368A108,Not New,PT KALBE FARMA TBK ADR,423.0,16077.0,394.0,16077.0,-29.0,0.0
254687106,Not New,DISNEY WALT CO,809954.0,8722317.0,867232.0,8674051.0,57278.0,-48266.0
81369Y407,Not New,SELECT SECTOR SPDR TR CONS DIS,13707.0,171248.0,13409.0,165356.0,-298.0,-5892.0
294429105,Not New,EQUIFAX INC,24925.0,185206.0,25535.0,192793.0,610.0,7587.0
887317303,Not New,TIME WARNER INC,1168.0,14671.0,1319.0,16823.0,151.0,2152.0
L44385109,Not New,GLOBANT S A COM,383.0,9100.0,285.0,7100.0,-98.0,-2000.0
128195104,Not New,CALATLANTIC GROUP INC,77820.0,2327163.0,91216.0,2272453.0,13396.0,-54710.0
648018109,Not New,NEW PERSPECTIVE FD INC COM,376.0,10049.0,259.0,7183.0,-117.0,-2866.0
40415F101,Not New,HDFC BANK LTD ADR,586599.0,8159674.0,559110.0,8218584.0,-27489.0,58910.0
84470P109,Not New,SOUTHSIDE BANCSHARES INC,2602.0,80851.0,3398.0,106774.0,796.0,25923.0
902973304,Not New,US BANCORP DEL,34987.0,815730.0,23094.0,573053.0,-11893.0,-242677.0
922908553,Sold Out,VANGUARD INDEX FDS REIT ETF,256.0,2829.0,,,,
947890109,Not New,WEBSTER FINL CORP CONN,97097.0,2554522.0,87204.0,2534251.0,-9893.0,-20271.0
05961W105,Not New,BANCO MACRO SA ADR,352.0,4500.0,341.0,4500.0,-11.0,0.0
74149P788,New Holding,PRICE T ROWE RETIREMENT FDS 20,,,251.0,15583.0,,
74965L101,Not New,RLJ LODGING TR,54970.0,2613882.0,56995.0,2536485.0,2025.0,-77397.0
32115D106,Not New,FIRST NBC BK HLDG CO,460.0,48692.0,1239.0,66918.0,779.0,18226.0
G1991C105,Not New,CARDTRONICS PLC SHS CL A,4415.0,99000.0,4001.0,99000.0,-414.0,0.0
90267L508,Sold Out,FI ENHANCED BIG CAP GROWTH UBS,28051.0,448458.0,,,,
462726100,Not New,IROBOT CORP,912.0,20733.0,739.0,20733.0,-173.0,0.0
847560109,Sold Out,SPECTRA ENERGY CORP,207.0,5668.0,,,,
665859104,Not New,NORTHERN TR CORP,6098.0,89690.0,6714.0,103248.0,616.0,13558.0
111621306,Not New,BROCADE COMMUNICATIONS SYS INC,4360.0,472345.0,5393.0,567721.0,1033.0,95376.0
352519888,Not New,FRANKLIN CALIF TAX FREE TR INS,238.0,19150.0,241.0,19150.0,3.0,0.0
464286806,Not New,ISHARES MSCI GERMANY ETF,663.0,25220.0,581.0,24194.0,-82.0,-1026.0
639050103,Not New,NATUS MEDICAL INC DEL,24038.0,611816.0,23851.0,589798.0,-187.0,-22018.0
097023105,Not New,BOEING CO,38307.0,290778.0,28422.0,215250.0,-9885.0,-75528.0
485170302,Not New,KANSAS CITY SOUTHERN,63865.0,684367.0,62133.0,687393.0,-1732.0,3026.0
30303M102,Not New,FACEBOOK INC,30541.0,238099.0,28143.0,238764.0,-2398.0,665.0
316845PJT,Not New,FIIG EU EM,1094689.0,11066404.0,947425.0,10266848.0,-147264.0,-799556.0
23331A109,Not New,D R HORTON INC,14083.0,466328.0,18052.0,533127.0,3969.0,66799.0
637417106,Not New,NATIONAL RETAIL PPTYS INC,44039.0,866056.0,47163.0,904018.0,3124.0,37962.0
92532F100,Not New,VERTEX PHARMACEUTICALS INC,451.0,5168.0,461.0,5112.0,10.0,-56.0
084670108,Not New,BERKSHIRE HATHAWAY INC CL A,1081.0,5.0,1079.0,5.0,-2.0,0.0
46333X108,Not New,IRONWOOD PHARMACEUTICALS INC,3850.0,242450.0,3205.0,242450.0,-645.0,0.0
737010108,Not New,PORTOLA PHARMACEUTICALS INC,1879.0,82737.0,1971.0,82737.0,92.0,0.0
G01767105,Not New,ALKERMES PLC,6095.0,129607.0,6055.0,123094.0,-40.0,-6513.0
416515104,Not New,HARTFORD FINL SVCS GROUP INC,448.0,10466.0,457.0,10435.0,9.0,-31.0
05565A202,Not New,BNP PARIBAS ADR,2628.0,102173.0,2337.0,105086.0,-291.0,2913.0
31787A507,Not New,FINISAR CORP,124643.0,4182661.0,75278.0,4122559.0,-49365.0,-60102.0
552676108,Not New,M D C HLDGS INC,2598.0,100689.0,3526.0,134433.0,928.0,33744.0
705573103,Not New,PEGASYSTEMS INC,48326.0,1638711.0,44937.0,1612385.0,-3389.0,-26326.0
45337C102,Not New,INCYTE CORP,1407.0,14917.0,1260.0,14818.0,-147.0,-99.0
78468R408,Not New,SPDR SER TR SHT TRM HGH YLD,406.0,14666.0,362.0,13282.0,-44.0,-1384.0
353496300,Not New,FRANKLIN CUSTODIAN FDS INC INC,32.0,14238.0,163.0,73952.0,131.0,59714.0
891906109,Not New,TOTAL SYS SVCS INC,22485.0,476892.0,28774.0,530112.0,6289.0,53220.0
78468R721,Not New,SPDR SER TR NUVN BRCLY MUNI,241841.0,4829094.0,250718.0,4952943.0,8877.0,123849.0
03524A108,Not New,ANHEUSER BUSCH INBEV SA/NV ADR,713612.0,5430421.0,687231.0,5393010.0,-26381.0,-37411.0
464287440,Not New,ISHARES TR 7-10 Y TR BD ETF,346.0,3095.0,350.0,3095.0,4.0,0.0
06652V208,Not New,BANNER CORP,2015.0,46064.0,2618.0,60875.0,603.0,14811.0
427825500,Not New,HERSHA HOSPITALITY TR,646.0,35864.0,981.0,52945.0,335.0,17081.0
31617R605,New Holding,FIDELITY INSTL INVS TR FREEDOM,,,160.0,10477.0,,
391416104,Not New,GREAT WESTN BANCORP INC,3668.0,110094.0,4589.0,139616.0,921.0,29522.0
761152107,Not New,RESMED INC,1357.0,20950.0,1347.0,20950.0,-10.0,0.0
91324P102,Not New,UNITEDHEALTH GROUP INC,529.0,3782.0,419.0,2986.0,-110.0,-796.0
15699658T,Not New,CERACON INC,0.0,23268.0,0.0,23268.0,0.0,0.0
166764100,Not New,CHEVRON CORP NEW,371399.0,3608619.0,385695.0,3659696.0,14296.0,51077.0
12637N204,Not New,CSL LTD ADR,6902.0,168591.0,7284.0,172480.0,382.0,3889.0
533900106,Not New,LINCOLN ELEC HLDGS INC,65603.0,1047641.0,64347.0,1078206.0,-1256.0,30565.0
22943F100,Not New,CTRIP COM INTL LTD ADR,460018.0,9877999.0,410066.0,9814889.0,-49952.0,-63110.0
060505104,Not New,BANK AMER CORP,559554.0,35754237.0,571513.0,43263628.0,11959.0,7509391.0
580135101,Not New,MCDONALDS CORP,889.0,7704.0,881.0,7220.0,-8.0,-484.0
670100205,Not New,NOVO-NORDISK A S ADR,453775.0,10910669.0,606917.0,10963094.0,153142.0,52425.0
92204A603,Not New,VANGUARD INDUSTRIALS ETF,4767.0,42987.0,4536.0,41492.0,-231.0,-1495.0
032095101,Not New,AMPHENOL CORP NEW,277.0,4260.0,245.0,4260.0,-32.0,0.0
353496805,Not New,FRANKLIN CUSTODIAN FDS INC INC,30.0,13250.0,103.0,45798.0,73.0,32548.0
464288588,Not New,ISHARES TR MBS ETF,402416.0,3655336.0,385966.0,3509419.0,-16450.0,-145917.0
31620M106,Not New,FIDELITY NATL INFORMATION SVCS,18293.0,237482.0,19903.0,261845.0,1610.0,24363.0
56585A102,Not New,MARATHON PETE CORP,353.0,8706.0,300.0,8236.0,-53.0,-470.0
999F289CT,Not New,TURKIYE GARANTI BANKASI ADS (R,6123.0,2311452.0,6642.0,2414852.0,519.0,103400.0
16949N109,New Holding,CHINA LODGING GROUP LTD ADR,,,2973.0,65937.0,,
229899109,Not New,CULLEN FROST BANKERS INC,17826.0,247793.0,16262.0,252202.0,-1564.0,4409.0
758750103,Not New,REGAL BELOIT CORP,34700.0,583288.0,32656.0,558504.0,-2044.0,-24784.0
855244109,Not New,STARBUCKS CORP,553.0,10217.0,556.0,9865.0,3.0,-352.0
G3922B107,Not New,GENPACT LIMITED,14081.0,587922.0,18196.0,674942.0,4115.0,87020.0
06742C129,Not New,FI ENHANCED EUROPE 50 ETN BCS,355989.0,3957628.0,590539.0,6965217.0,234550.0,3007589.0
698070109,Not New,PAN WORLD MINERALS INTL INC,0.0,85000.0,0.0,85000.0,0.0,0.0
046353108,Not New,ASTRAZENECA PLC ADR,64983.0,1977585.0,10159.0,338979.0,-54824.0,-1638606.0
52468C109,New Holding,LEGG MASON PARTNERS EQUITY TR,,,254.0,1283.0,,
670346105,Not New,NUCOR CORP,4934.0,99775.0,6307.0,115818.0,1373.0,16043.0
297602104,Not New,ETHAN ALLEN INTERIORS INC,2625.0,83940.0,3728.0,109192.0,1103.0,25252.0
H42097107,Not New,UBS GROUP AG NYS,477056.0,35026108.0,392913.0,31407907.0,-84143.0,-3618201.0
19765H248,Sold Out,COLUMBIA FDS SER TR LRG CP GWT,192.0,18010.0,,,,
037833100,Not New,APPLE INC,1285640.0,11372309.0,1097323.0,11314940.0,-188317.0,-57369.0
9993B3BDT,Not New,RSTK HILL INTL INC,0.0,12000.0,0.0,12000.0,0.0,0.0
315616102,Not New,F5 NETWORKS INC,995.0,7986.0,898.0,7685.0,-97.0,-301.0
69344D408,New Holding,PLDT INC SPONSORED ADR ADR,,,203.0,5696.0,,
69367Q104,Not New,PT UNILEVER INDONESIA TBK ADR,634.0,9292.0,638.0,9292.0,4.0,0.0
399874106,New Holding,GROWTH FD AMER INC CL A,,,220.0,4997.0,,
883556102,New Holding,THERMO FISHER SCIENTIFIC INC,,,236.0,1482.0,,
25470F302,Not New,DISCOVERY COMM NEW COM SER C,1460.0,55492.0,1524.0,62862.0,64.0,7370.0
60467599T,Not New,ESCROW MIRANT CORP COM NEW,0.0,99355.0,0.0,99355.0,0.0,0.0
151020104,Not New,CELGENE CORP,20882.0,199770.0,21109.0,204128.0,227.0,4358.0
999FDEC9T,Not New,FIIG EU EM D,72116.0,726685.0,52982.0,572282.0,-19134.0,-154403.0
922908363,Not New,VANGUARD INDEX FDS S&P 500 ETF,1286.0,6474.0,396.0,2020.0,-890.0,-4454.0
464288737,Not New,ISHARES TR GLB CNSM STP ETF,4792.0,48254.0,4686.0,46406.0,-106.0,-1848.0
93148P102,Not New,WALKER& DUNLOP INC,2588.0,102448.0,2951.0,126122.0,363.0,23674.0
99916C3AT,New Holding,FIIG EU EM SC ESG,,,195340.0,2000000.0,,
G72800108,Not New,PROTHENA CORP PLC,831.0,13856.0,845.0,19040.0,14.0,5184.0
999ABBBDT,Not New,CIPLA GDR,135985.0,15605560.0,112759.0,14506589.0,-23226.0,-1098971.0
6819989IT,Not New,RSTK OLYMPUS PACIFIC MINERALS,0.0,100000.0,0.0,100000.0,0.0,0.0
216648402,Not New,COOPER COS INC,20610.0,114974.0,19469.0,106914.0,-1141.0,-8060.0
747619104,Not New,QUANEX BUILDING PRODUCTS CORP,2178.0,126193.0,3199.0,157421.0,1021.0,31228.0
949746101,Not New,WELLS FARGO& CO NEW,805446.0,18189837.0,911373.0,18955345.0,105927.0,765508.0
149123101,Not New,CATERPILLAR INC DEL,427.0,4808.0,360.0,4632.0,-67.0,-176.0
66978M100,Not New,NOVA BIOGENETICS INC,0.0,17575.0,0.0,17575.0,0.0,0.0
05379B107,Not New,AVISTA CORP,31086.0,743856.0,33203.0,750689.0,2117.0,6833.0
59522J103,Not New,MID-AMER APT CMNTYS INC,54403.0,578816.0,61411.0,569253.0,7008.0,-9563.0
45253H101,Not New,IMMUNOGEN INC,680.0,253701.0,751.0,253701.0,71.0,0.0
697435105,New Holding,PALO ALTO NETWORKS INC,,,690.0,4331.0,,
88224Q107,Not New,TEXAS CAPITAL BANCSHARES INC,39775.0,724241.0,33550.0,710212.0,-6225.0,-14029.0
26884L109,Not New,EQT CORP,236.0,3248.0,251.0,3258.0,15.0,10.0
464287226,Sold Out,ISHARES CORE US AGGREGATE BOND,490.0,4338.0,,,,
40431A102,New Holding,HSBC BK USA NA VAR INTL CD 17,,,98.0,10000.0,,
74440J101,Not New,PSIVIDA CORP,36.0,12057.0,39.0,12057.0,3.0,0.0
62827M797,New Holding,MUTUAL FD SER TR CTHDG FU STR,,,303.0,24855.0,,
617446448,Not New,MORGAN STANLEY,75342.0,2350035.0,8215.0,310475.0,-67127.0,-2039560.0
78467J100,Not New,SS&C TECHNOLOGIES HLDGS INC,4467.0,138950.0,598.0,20050.0,-3869.0,-118900.0
277432100,Not New,EASTMAN CHEM CO,241.0,3564.0,252.0,3646.0,11.0,82.0
808509830,New Holding,SCHWAB CAP TR INTL INDEX SLC,,,193.0,10750.0,,
71654V408,Not New,PETROLEO BRASILEIRO SA PET ADR,99403.0,10654144.0,83940.0,10803076.0,-15463.0,148932.0
33616C100,Not New,FIRST REP BK SAN FRANCISCO CAL,30060.0,389837.0,28473.0,404497.0,-1587.0,14660.0
14148095T,Not New,CARDINAL CAP NET,0.0,25000.0,0.0,25000.0,0.0,0.0
537008104,Not New,LITTELFUSE INC,55114.0,427873.0,42737.0,361838.0,-12377.0,-66035.0
81369Y209,Not New,SELECT SECTOR SPDR TR HEALTHCA,24605.0,341214.0,24059.0,327373.0,-546.0,-13841.0
05566T101,Not New,BNC BANCORP,854.0,35114.0,1127.0,48829.0,273.0,13715.0
10949Q204,Not New,BRILLIANCE CHINA AUTO HLDG ADR,384.0,6851.0,376.0,6851.0,-8.0,0.0
64110L106,New Holding,NETFLIX INC,,,229.0,2323.0,,
80862K104,Not New,SCICLONE PHARMACEUTICALS INC,2284.0,222827.0,3987.0,298014.0,1703.0,75187.0
922908728,Not New,VANGUARD INDEX FDS TOT STKIDX,516.0,9515.0,278.0,5231.0,-238.0,-4284.0
007973100,Not New,ADVANCED ENERGY INDS,5826.0,123109.0,3513.0,90519.0,-2313.0,-32590.0
457985208,Not New,INTEGRA LIFESCIENCES HLDGS CP,43455.0,526405.0,40521.0,503365.0,-2934.0,-23040.0
58933Y105,Not New,MERCK& CO INC,425483.0,6817544.0,401100.0,6759345.0,-24383.0,-58199.0
90345Q9AT,Not New,RSTK US CHINA MINING GRP INC,0.0,12500.0,0.0,12500.0,0.0,0.0
911312106,Not New,UNITED PARCEL SERVICE INC,31331.0,286489.0,30957.0,281401.0,-374.0,-5088.0
46113M108,Sold Out,INTERVAL LEISURE GROUP INC,452.0,26996.0,,,,
64051T100,Not New,NEOPHOTONICS CORP,3446.0,210890.0,2854.0,284879.0,-592.0,73989.0
69331C108,Not New,PG&E CORP,209.0,3410.0,217.0,3351.0,8.0,-59.0
000375204,Not New,ABB LTD ADR,15851.0,704153.0,7071.0,365231.0,-8780.0,-338922.0
79466L302,Not New,SALESFORCE COM INC,684.0,9592.0,959.0,11749.0,275.0,2157.0
202712600,Not New,COMMONWEALTH BANK OF AUSTR ADR,2749.0,49615.0,2843.0,50880.0,94.0,1265.0
375558103,Not New,GILEAD SCIENCES INC,35171.0,444529.0,38510.0,446493.0,3339.0,1964.0
28035Q102,Not New,EDGEWELL PERS CARE CO,6648.0,83597.0,6770.0,77780.0,122.0,-5817.0
808524201,New Holding,SCHWAB STRATEGIC TR US LRG CAP,,,211.0,4096.0,,
422806109,Not New,HEICO CORP NEW,70625.0,1020590.0,65450.0,983768.0,-5175.0,-36822.0
9990F24BT,Sold Out,HERMES MICROVISION GDS EAC GDR,4024.0,100150.0,,,,
637870106,Not New,NATIONAL STORAGE AFFILIATES TR,2307.0,110185.0,3172.0,142123.0,865.0,31938.0
25470F104,Not New,DISCOVERY COMM NEW COM SER A,16339.0,606930.0,11410.0,451867.0,-4929.0,-155063.0
207410101,Not New,CONMED CORP,25372.0,633349.0,21774.0,441386.0,-3598.0,-191963.0
553530106,Not New,MSC INDL DIRECT INC,49855.0,679132.0,48564.0,668288.0,-1291.0,-10844.0
89469A104,Not New,TREEHOUSE FOODS INC,61958.0,710609.0,71722.0,687318.0,9764.0,-23291.0
42551N104,Not New,HENGAN INTL GROUP CO LTD ADR,251.0,6044.0,258.0,6044.0,7.0,0.0
78112V102,Not New,RUBICON PROJ INC,1097.0,132532.0,2374.0,169441.0,1277.0,36909.0
20825C104,Not New,CONOCOPHILLIPS,345.0,7946.0,339.0,7982.0,-6.0,36.0
913356101,Not New,UNIVERCELL HLDGS INC,0.0,10000.0,0.0,10000.0,0.0,0.0
891160509,Not New,TORONTO DOMINION BK ONT,1804.0,40635.0,1774.0,41900.0,-30.0,1265.0
N07059210,Not New,ASML HOLDING N V NYS,69238.0,631844.0,63325.0,634769.0,-5913.0,2925.0
729132100,Not New,PLEXUS CORP,37369.0,798814.0,35190.0,795984.0,-2179.0,-2830.0
74736K101,Not New,QORVO INC COM,63576.0,1140584.0,63877.0,1106477.0,301.0,-34107.0
456788108,Not New,INFOSYS LTD ADR,383334.0,24292422.0,429095.0,23667653.0,45761.0,-624769.0
23331S100,Not New,DHI GROUP INC,1819.0,230489.0,1989.0,302312.0,170.0,71823.0
743187106,Not New,PROGENICS PHARMACEUTICALS INC,682.0,107663.0,754.0,140361.0,72.0,32698.0
61166W101,Not New,MONSANTO CO NEW,292.0,2856.0,242.0,2360.0,-50.0,-496.0
M85548101,Not New,STRATASYS LTD,76986.0,3195757.0,70138.0,3111734.0,-6848.0,-84023.0
743312100,Not New,PROGRESS SOFTWARE CORP,24570.0,903311.0,24565.0,846210.0,-5.0,-57101.0
625383104,Not New,MULTI COLOR CORP,2423.0,36710.0,3168.0,48979.0,745.0,12269.0
091936526,New Holding,BLACKROCK FDS GL LS EQ INSTL,,,117.0,11085.0,,
64118Q107,Sold Out,NETSUITE INC,897.0,11826.0,,,,
194162103,Not New,COLGATE PALMOLIVE CO,1827.0,24639.0,1767.0,23721.0,-60.0,-918.0
45780R101,Not New,INSTALLED BLDG PRODS INC,2718.0,75775.0,3783.0,100963.0,1065.0,25188.0
25243Q205,Not New,DIAGEO P L C ADR,2878.0,24800.0,2987.0,26330.0,109.0,1530.0
151290889,Not New,CEMEX SAB DE CV ADR,56951.0,7172703.0,47038.0,7181335.0,-9913.0,8632.0
92936U109,Not New,W P CAREY INC,331.0,5123.0,347.0,4973.0,16.0,-150.0
867224107,Not New,SUNCOR ENERGY INC NEW,316.0,11383.0,293.0,10564.0,-23.0,-819.0
G0177J108,Not New,ALLERGAN PLC,927.0,4024.0,856.0,3594.0,-71.0,-430.0
58499396T,Not New,MEDSOURCE-DIRECT INC,0.0,2050000.0,0.0,2050000.0,0.0,0.0
02630B604,New Holding,AMERICAN FDS TAX EXEMPT SER 11,,,208.0,11506.0,,
371924101,Not New,GENOIL INC,20.0,470000.0,24.0,470000.0,4.0,0.0
478160104,Not New,JOHNSON& JOHNSON,1281193.0,10845620.0,1333194.0,10845150.0,52001.0,-470.0
090572207,Not New,BIO RAD LABS INC,47573.0,290416.0,40525.0,281583.0,-7048.0,-8833.0
594972408,Not New,MICROSTRATEGY INC,7702.0,46000.0,8305.0,46000.0,603.0,0.0
91529Y106,Not New,UNUM GROUP,7300.0,206740.0,7748.0,247549.0,448.0,40809.0
410495204,Not New,HANMI FINL CORP,2299.0,87298.0,2672.0,112826.0,373.0,25528.0
343412102,Not New,FLUOR CORP NEW,714.0,13905.0,835.0,16050.0,121.0,2145.0
81369Y605,Not New,SELECT SECTOR SPDR TR FINL,34190.0,1771482.0,32181.0,1396149.0,-2009.0,-375333.0
674599105,Not New,OCCIDENTAL PETE CORP DEL,466.0,6389.0,495.0,6492.0,29.0,103.0
92204A702,Sold Out,VANGUARD WORLD FDS INF TECH ET,433.0,3940.0,,,,
539439109,Not New,LLOYDS BANKING GROUP PLC ADR,308264.0,107409120.0,239897.0,83587690.0,-68367.0,-23821430.0
73278L105,Not New,POOL CORPORATION,61729.0,653079.0,62012.0,641419.0,283.0,-11660.0
14964U108,Not New,CAVIUM INC,7837.0,134650.0,4019.0,98928.0,-3818.0,-35722.0
524901105,Not New,LEGG MASON INC,7680.0,229399.0,4451.0,147199.0,-3229.0,-82200.0
01609W102,Not New,ALIBABA GROUP HLDG LTD ADR,346846.0,3278629.0,262465.0,3222011.0,-84381.0,-56618.0
502117203,Not New,L OREAL CO ADR,370411.0,9803866.0,376565.0,9790570.0,6154.0,-13296.0
667655104,Not New,NORTHWEST NAT GAS CO,14269.0,237383.0,15032.0,231582.0,763.0,-5801.0
876568502,Not New,TATA MTRS LTD ADR,365283.0,9136638.0,331471.0,9138984.0,-33812.0,2346.0
98433V102,Not New,YAHOO JAPAN CORP ADR,194.0,24432.0,241.0,26974.0,47.0,2542.0
58733R102,Not New,MERCADOLIBRE INC,466.0,2517.0,472.0,3167.0,6.0,650.0
746764653,Not New,PUTNAM FDS TR GLOB FINL CL Y,267.0,25018.0,246.0,25018.0,-21.0,0.0
012423109,Not New,ALBANY MOLECULAR RESH INC,2605.0,157794.0,2926.0,203450.0,321.0,45656.0
81619Q105,Not New,SELECT MED HLDGS CORP,65758.0,4870939.0,54100.0,4834631.0,-11658.0,-36308.0
539830109,Not New,LOCKHEED MARTIN CORP,784.0,3270.0,826.0,3245.0,42.0,-25.0
371901109,Sold Out,GENTEX CORP,175.0,11200.0,,,,
40053C105,Not New,GRUPO FINANCIERO SANTANDER ADR,221.0,25079.0,234.0,25079.0,13.0,0.0
747525103,Not New,QUALCOMM INC,663850.0,9691241.0,524147.0,9685805.0,-139703.0,-5436.0
97650W108,Not New,WINTRUST FINL CORP,73774.0,1327587.0,67649.0,1313318.0,-6125.0,-14269.0
G17580104,Not New,CALCITECH LTD,0.0,45000.0,0.0,45000.0,0.0,0.0
532457108,Not New,LILLY ELI& CO,168258.0,2096406.0,157086.0,1984912.0,-11172.0,-111494.0
78464A383,Not New,SPDR SERIES TRUST BRC MTG BCKD,1071.0,39408.0,1149.0,42225.0,78.0,2817.0
89355M105,Not New,TRANSCOASTAL CORP NEW,0.0,16333.0,0.0,16333.0,0.0,0.0
34959E109,Not New,FORTINET INC,1152.0,31197.0,1048.0,31175.0,-104.0,-22.0
073685109,Not New,BEACON ROOFING SUPPLY INC,72429.0,1721625.0,82742.0,1712739.0,10313.0,-8886.0
889478103,Not New,TOLL BROTHERS INC,18302.0,612914.0,16250.0,581604.0,-2052.0,-31310.0
790849103,Sold Out,ST JUDE MED INC,19144.0,237317.0,,,,
032511107,Not New,ANADARKO PETE CORP,383.0,6042.0,380.0,6804.0,-3.0,762.0
7591EP100,Not New,REGIONS FINL CORP NEW,9618.0,974512.0,10465.0,1221157.0,847.0,246645.0
68554V108,Not New,ORASURE TECHNOLOGIES INC,4971.0,623658.0,5409.0,824592.0,438.0,200934.0
45104G104,Not New,ICICI BK LTD ADR,86849.0,11626413.0,94501.0,12467177.0,7652.0,840764.0
024835100,Not New,AMERICAN CAMPUS CMNTYS INC,1003.0,19725.0,1195.0,22725.0,192.0,3000.0
225401108,Not New,CREDIT SUISSE GROUP ADR,17506.0,1332255.0,111031.0,10318911.0,93525.0,8986656.0
016255101,Not New,ALIGN TECHNOLOGY INC,10261.0,109455.0,9693.0,116266.0,-568.0,6811.0
78464A417,Not New,SPDR SERIES TRUST BRC HGH YLD,38264.0,1042048.0,15550.0,430284.0,-22714.0,-611764.0
826197501,Not New,SIEMENS A G ADR,450863.0,3850253.0,400255.0,3919471.0,-50608.0,69218.0
31620R402,Not New,FNFV GROUP,479.0,38364.0,447.0,38364.0,-32.0,0.0
93114W107,Not New,WAL MART DE MEXICO S A B D ADR,405.0,18471.0,396.0,16403.0,-9.0,-2068.0
30225T102,Not New,EXTRA SPACE STORAGE INC COM,32203.0,405524.0,42313.0,451726.0,10110.0,46202.0
699462107,Not New,PAREXEL INTL CORP,160570.0,2312019.0,154616.0,2337002.0,-5954.0,24983.0
552074700,Not New,LYON WILLIAM HOMES,2087.0,112493.0,2545.0,146677.0,458.0,34184.0
716382106,Not New,PETMED EXPRESS INC,2341.0,115453.0,2856.0,148049.0,515.0,32596.0
64126X201,Not New,NEUSTAR INC,7839.0,294822.0,6181.0,257528.0,-1658.0,-37294.0
74441M103,Not New,PT BK NEGARA INDONESIA PER ADR,356.0,33526.0,339.0,33526.0,-17.0,0.0
68375N103,Not New,OPKO HEALTH INC,405.0,38229.0,371.0,37826.0,-34.0,-403.0
69912K99T,Not New,ESCROW PARAGON TRADE BRANDS,0.0,27000.0,0.0,27000.0,0.0,0.0
25157Y202,Not New,DEUTSCHE POST AG ADR,64543.0,2064461.0,57763.0,2060840.0,-6780.0,-3621.0
714046109,Not New,PERKINELMER INC,39148.0,697696.0,37005.0,685785.0,-2143.0,-11911.0
451107106,Not New,IDACORP INC,42395.0,541587.0,43685.0,537327.0,1290.0,-4260.0
679580100,Not New,OLD DOMINION FGHT LINES INC,482.0,7020.0,444.0,7053.0,-38.0,33.0
262037104,Not New,DRIL-QUIP INC,21440.0,384650.0,21342.0,377326.0,-98.0,-7324.0
43940T109,New Holding,HOPE BANCORP INC COM,,,2376.0,136811.0,,
54142L109,Not New,LOGMEIN INC,4703.0,52033.0,3267.0,52033.0,-1436.0,0.0
921935102,New Holding,VANGUARD/WELLINGTON FD INC COM,,,220.0,5659.0,,
316827104,New Holding,51JOB INC ADR,,,2358.0,70637.0,,
999C7950T,Not New,ESCROW SMURFIT-STONE,0.0,16800.0,0.0,16800.0,0.0,0.0
999FD795T,Not New,RSTR TELIPHONE CORP,0.0,62890.0,0.0,62890.0,0.0,0.0
464287101,New Holding,ISHARES TR S&P 100 ETF,,,282.0,2942.0,,
78355W205,Not New,RYDEX ETF TRUST GUGGENHM S &P 5,28207.0,184635.0,26525.0,175932.0,-1682.0,-8703.0
362397101,Not New,GABELLI EQUITY TR INC,88.0,15543.0,85.0,15140.0,-3.0,-403.0
233825108,Not New,DAIMLER AG ADR,313513.0,4448671.0,358183.0,5872269.0,44670.0,1423598.0
43785V102,Not New,HOMESTREET INC,2204.0,87940.0,2337.0,114888.0,133.0,26948.0
654902204,Not New,NOKIA CORP ADR,64.0,10999.0,67.0,11974.0,3.0,975.0
948741103,Not New,WEINGARTEN RLTY INVS,4973.0,127573.0,4100.0,97173.0,-873.0,-30400.0
67060U208,Not New,NUTRA PHARMA CORP,1.0,100063.0,1.0,100063.0,0.0,0.0
563122100,Not New,MANHATTAN SCIENTIFICS INC,2.0,40000.0,2.0,40000.0,0.0,0.0
296387AHT,Not New,ESCROW ADELPHIA COMMUNICATIONS,0.0,48000.0,0.0,48000.0,0.0,0.0
464287457,Not New,ISHARES TR 1-3 YR TR BD ETF,21593.0,253915.0,19940.0,234117.0,-1653.0,-19798.0
918194101,New Holding,VCA INC,,,204.0,2921.0,,
12673P105,Not New,CA INC,7550.0,228223.0,9415.0,276674.0,1865.0,48451.0
531172104,Not New,LIBERTY PPTY TR,4001.0,99163.0,4350.0,107828.0,349.0,8665.0
608190104,Not New,MOHAWK INDS INC,274.0,1370.0,249.0,1272.0,-25.0,-98.0
641069406,Not New,NESTLE S A ADR,863.0,10934.0,854.0,10757.0,-9.0,-177.0
70450Y103,Not New,PAYPAL HLDGS INC,11969.0,292143.0,11082.0,290498.0,-887.0,-1645.0
806407102,Not New,SCHEIN HENRY INC,78141.0,479454.0,90307.0,496793.0,12166.0,17339.0
91913Y100,Not New,VALERO ENERGY CORP NEW,7513.0,141750.0,8068.0,166386.0,555.0,24636.0
695127100,Not New,PACIRA PHARMACEUTICALS INC,215.0,6282.0,226.0,6197.0,11.0,-85.0
90187B101,New Holding,TWO HBRS INVT CORP,,,88.0,10368.0,,
75102W108,Not New,RAKUTEN INC-ADR ADR,4522.0,349278.0,3869.0,359323.0,-653.0,10045.0
47215P106,Not New,JD COM INC ADR,250589.0,9604780.0,176706.0,8120703.0,-73883.0,-1484077.0
571748102,Sold Out,MARSH& MCLENNAN COS INC,247.0,3671.0,,,,
84610H108,Sold Out,SOVRAN SELF STORAGE INC,92614.0,866201.0,,,,
37989699T,Not New,HOMELAND PROD INC RSTD,0.0,10000.0,0.0,10000.0,0.0,0.0
126408103,Not New,CSX CORP,303.0,9942.0,275.0,10304.0,-28.0,362.0
464288513,Not New,ISHARES TR IBOXX HI YD ETF,229435.0,2629324.0,239378.0,2795170.0,9943.0,165846.0
09062X103,Not New,BIOGEN INC,31528.0,100718.0,25739.0,101919.0,-5789.0,1201.0
464288257,Not New,ISHARES MSCI ACWI ETF,1733.0,29325.0,1311.0,23026.0,-422.0,-6299.0
316390772,New Holding,FIDELITY SELECT PORTFOLIOS BIO,,,299.0,1557.0,,
G97822103,Not New,PERRIGO CO PLC,48909.0,529719.0,31845.0,339967.0,-17064.0,-189752.0
464287242,Not New,ISHARES TR IBOXX INV CP ETF,1766980.0,14344697.0,1728094.0,13927259.0,-38886.0,-417438.0
74876Y101,Not New,QUINTILES IMS HOLDINGS INC,10261.0,126587.0,6244.0,88164.0,-4017.0,-38423.0
464287507,New Holding,ISHARES S&P MID-CAP ETF,,,336.0,2170.0,,
690742101,Not New,OWENS CORNING NEW,20670.0,387142.0,20251.0,374744.0,-419.0,-12398.0
82968B103,Not New,SIRIUS XM HLDGS INC,49.0,11756.0,48.0,11655.0,-1.0,-101.0
78463V107,Not New,SPDR GOLD TRUST GOLD SHS,237.0,1883.0,209.0,1619.0,-28.0,-264.0
89355J581,New Holding,TRANSAMERICA FDS TA ENH MUNI I,,,156.0,13223.0,,
999E5491T,Not New,ESCROW WONDER AUTO TECHNOLOGY,0.0,10000.0,0.0,10000.0,0.0,0.0
74112D101,Not New,PRESTIGE BRANDS HLDGS INC,73335.0,1519258.0,82424.0,1469502.0,9089.0,-49756.0
955306105,Not New,WEST PHARMACEUTICAL SVSC INC,91073.0,1222462.0,96063.0,1235850.0,4990.0,13388.0
513847103,Not New,LANCASTER COLONY CORP,53903.0,408081.0,51565.0,403956.0,-2338.0,-4125.0
742962103,Sold Out,PRIVATEBANCORP INC,61277.0,1405758.0,,,,
88032Q109,Not New,TENCENT HLDGS LTD ADR,94168.0,3428926.0,79467.0,3424975.0,-14701.0,-3951.0
059893107,Not New,BANGKOK BK PLC ADR,645.0,27513.0,676.0,28785.0,31.0,1272.0
67020Y100,Not New,NUANCE COMMUNICATIONS INC,12786.0,881786.0,13306.0,837386.0,520.0,-44400.0
92343V104,Not New,VERIZON COMMUNICATIONS INC,1475.0,28380.0,1777.0,31770.0,302.0,3390.0
60740F105,Not New,MOBILE MINI INC,19869.0,657904.0,22394.0,614204.0,2525.0,-43700.0
464287291,Not New,ISHARES TR GLOBAL TECH ETF,15412.0,139206.0,13362.0,133878.0,-2050.0,-5328.0
69369J108,Not New,PT MEDIA NUSANTARA CITRA T ADR,162.0,10464.0,180.0,10464.0,18.0,0.0
110448107,Not New,BRITISH AMERN TOB PLC ADR,329.0,2574.0,212.0,1654.0,-117.0,-920.0
92826C839,Not New,VISA INC,1221065.0,14764995.0,1134329.0,14823960.0,-86736.0,58965.0
297178105,Not New,ESSEX PPTY TR INC,6249.0,28058.0,7640.0,33027.0,1391.0,4969.0
55305B101,Not New,M/I HOMES INC,2853.0,121026.0,3205.0,159541.0,352.0,38515.0
786584102,Not New,SAFRAN S A ADR,5730.0,318689.0,5658.0,332675.0,-72.0,13986.0
71715X104,Not New,PHARMACYTE BIOTECH INC,15.0,429604.0,24.0,429604.0,9.0,0.0
82481R106,Not New,SHIRE PLC ADR,32213.0,166168.0,8215.0,44092.0,-23998.0,-122076.0
906693106,Not New,UNION GROUP INC,0.0,59620.0,0.0,59620.0,0.0,0.0
464287168,New Holding,ISHARES TR SELECT DIVID ETF,,,225.0,2623.0,,
85590A401,Sold Out,STARWOOD HOTELS&RESORTS WRLDWD,3943.0,51277.0,,,,
457187102,Not New,INGREDION INC,101932.0,766058.0,101083.0,764509.0,-849.0,-1549.0
48123V102,Not New,J2 GLOBAL INC,9926.0,149024.0,9174.0,140924.0,-752.0,-8100.0
04269X105,Not New,ARRAY BIOPHARMA INC,917.0,135895.0,507.0,135695.0,-410.0,-200.0
810186106,Not New,SCOTTS MIRACLE GRO CO,128285.0,1540586.0,110451.0,1484559.0,-17834.0,-56027.0
025816109,Not New,AMERICAN EXPRESS CO,674526.0,10532878.0,729394.0,11734142.0,54868.0,1201264.0
406216101,Not New,HALLIBURTON CO,15098.0,336399.0,1692.0,38036.0,-13406.0,-298363.0
035255108,Not New,ANIKA THERAPEUTICS INC,4484.0,93715.0,3047.0,57719.0,-1437.0,-35996.0
53224V100,Not New,LIFELOCK INC,5519.0,326207.0,5216.0,326207.0,-303.0,0.0
921943858,Not New,VANGUARD FTSE DEVELOPED MKT,2730.0,72983.0,2455.0,69046.0,-275.0,-3937.0
803054204,Not New,SAP SE ADR,563964.0,6169607.0,480860.0,6163293.0,-83104.0,-6314.0
515098101,Not New,LANDSTAR SYS INC,21777.0,319867.0,22159.0,314760.0,382.0,-5107.0
90274D234,Not New,FI ENHANCED EUROPE 50 ETN UBS,395324.0,3258256.0,54362.0,469855.0,-340962.0,-2788401.0
006855100,Not New,ADEPTUS HEALTH INC,1290.0,29957.0,2095.0,38061.0,805.0,8104.0
53680Q108,Not New,LITHIUM AMERS CORP NEW,43.0,62000.0,48.0,62000.0,5.0,0.0
03071H100,Not New,AMERISAFE INC,2744.0,46677.0,3593.0,58060.0,849.0,11383.0
535223200,Not New,LINDE AG ADR,2153.0,126635.0,2974.0,216112.0,821.0,89477.0
693506107,Not New,PPG INDS INC,221.0,2135.0,211.0,1979.0,-10.0,-156.0
81255T108,Sold Out,SEASPINE HLDGS CORP,1801.0,166421.0,,,,
9995910DT,Not New,SOURCE MARKETS HLTH CARE S &P U,738.0,2363.0,756.0,2371.0,18.0,8.0
26441C204,Not New,DUKE ENERGY CORP NEW,228.0,2849.0,429.0,4989.0,201.0,2140.0
53220K504,Not New,LIGAND PHARMACEUTICALS INC,7388.0,72390.0,9176.0,72390.0,1788.0,0.0
316071109,New Holding,FIDELITY CONTRAFUND INC COM,,,587.0,5751.0,,
870123106,Not New,SWATCH GROUP AG ADR,653.0,46079.0,660.0,46079.0,7.0,0.0
30215C101,Not New,EXPERIAN PLC ADR,7319.0,364916.0,7204.0,373467.0,-115.0,8551.0
02319V103,Not New,AMBEV SA ADR,145063.0,23819841.0,138474.0,23751960.0,-6589.0,-67881.0
235825205,Not New,DANA INC,12316.0,789984.0,8317.0,763069.0,-3999.0,-26915.0
84473L105,Not New,SOUTH32 LTD COM ADR,1514.0,162318.0,1163.0,167285.0,-351.0,4967.0
526250105,Not New,LENOVO GROUP LTD ADR,1596.0,120392.0,13119.0,1125842.0,11523.0,1005450.0
002824100,Not New,ABBOTT LABS,526.0,12435.0,522.0,12387.0,-4.0,-48.0
G5509L101,Not New,LIVANOVA PLC SHS,3126.0,52000.0,2681.0,52000.0,-445.0,0.0
922417100,Not New,VEECO INSTRS INC DEL,35818.0,1824643.0,30082.0,1802418.0,-5736.0,-22225.0
74460D109,Sold Out,PUBLIC STORAGE,213.0,832.0,,,,
21871D103,Not New,CORELOGIC INC,72476.0,1847922.0,56182.0,1395138.0,-16294.0,-452784.0
22002T108,Not New,CORPORATE OFFICE PPTYS TR,19112.0,674159.0,19438.0,656697.0,326.0,-17462.0
084670702,Not New,BERKSHIRE HATHAWAY INC CL B,811024.0,5613785.0,807101.0,5607595.0,-3923.0,-6190.0
37637Q105,Not New,GLACIER BANCORP INC NEW,61080.0,2141642.0,56948.0,2121764.0,-4132.0,-19878.0
405305103,Not New,HAITONG SECS CO LTD ADR,276.0,16319.0,220.0,13296.0,-56.0,-3023.0
75970E107,Not New,RENASANT CORP,2403.0,71451.0,3194.0,95582.0,791.0,24131.0
921908885,New Holding,VANGUARD SPECIALIZED PORTFOLIO,,,219.0,2491.0,,
796050AAT,Not New,SAMSUNG ELECTRONIC GDR EACH RE,88358.0,122295.0,71619.0,111123.0,-16739.0,-11172.0
91307C102,Not New,UNITED THERAPEUTICS CORP DEL,369.0,3124.0,341.0,3092.0,-28.0,-32.0
717081103,Not New,PFIZER INC,1078298.0,31836368.0,1146842.0,31724530.0,68544.0,-111838.0
999F9485T,Not New,ESCROW ILINC COMM INC,0.0,15000.0,0.0,15000.0,0.0,0.0
00206R102,Not New,AT&T INC,2227.0,54833.0,2119.0,49843.0,-108.0,-4990.0
65339F101,New Holding,NEXTERA ENERGY INC,,,202.0,1649.0,,
860630102,Not New,STIFEL FINL CORP,85512.0,2223992.0,67364.0,2157032.0,-18148.0,-66960.0
92932M101,New Holding,WNS HOLDINGS LTD ADR,,,4908.0,163868.0,,
06738E204,Not New,BARCLAYS PLC ADR,125303.0,14419166.0,178285.0,23244449.0,52982.0,8825283.0
77954Q106,New Holding,ROWE T PRICE BLUE CHIP GROWTH,,,349.0,4757.0,,
23636T100,Not New,DANONE ADR,3741.0,252010.0,3798.0,267126.0,57.0,15116.0
268948106,Not New,EAGLE BANCORP INC MD,2490.0,50469.0,3323.0,67787.0,833.0,17318.0
9998E18CT,Not New,HYUNDAI MOTOR CO GDR RP 1/2 OR,1423.0,23146.0,1317.0,23146.0,-106.0,0.0
15201P109,Not New,CENTERSTATE BANKS INC,1533.0,86459.0,1897.0,117589.0,364.0,31130.0
46600W106,Not New,IXYS CORP,1466.0,121651.0,1842.0,168727.0,376.0,47076.0
598622108,Not New,MIGRATEC INC,0.0,33000.0,0.0,33000.0,0.0,0.0
816850101,Not New,SEMTECH CORP,2745.0,98987.0,3216.0,132055.0,471.0,33068.0
372460105,Sold Out,GENUINE PARTS CO,212.0,2012.0,,,,
571903202,Not New,MARRIOTT INTL INC NEW,3025.0,44926.0,265.0,3777.0,-2760.0,-41149.0
231021106,New Holding,CUMMINS INC,,,204.0,1590.0,,
204319107,Not New,COMPAGNIE FIN RICHEMONTAG ADR,119035.0,19491910.0,28868.0,5036048.0,-90167.0,-14455862.0
516012101,New Holding,LANNET INC,,,203.0,7650.0,,
666807102,Not New,NORTHROP GRUMMAN CORP,400.0,1870.0,365.0,1646.0,-35.0,-224.0
81768T108,Not New,SERVISFIRST BANCSHARES INC,3205.0,61741.0,3902.0,78509.0,697.0,16768.0
870886108,Not New,SWISS RE LTD ADR,7518.0,332576.0,6991.0,332003.0,-527.0,-573.0
87612E106,New Holding,TARGET CORP,,,279.0,4061.0,,
316423102,Not New,FIDELITY TREND FD INC COM,362.0,4099.0,348.0,4099.0,-14.0,0.0
97651M109,Not New,WIPRO LTD ADR,18005.0,1854321.0,23012.0,1854321.0,5007.0,0.0
438516106,Not New,HONEYWELL INTL INC,45270.0,388282.0,48334.0,407644.0,3064.0,19362.0
46018A100,Not New,INTERNATIONAL PWR GROUP LTD,0.0,39000.0,0.0,39000.0,0.0,0.0
30231G102,Not New,EXXON MOBIL CORP,402454.0,4611072.0,425267.0,4529413.0,22813.0,-81659.0
00287Y109,Not New,ABBVIE INC,43143.0,684042.0,44620.0,693394.0,1477.0,9352.0
861652105,Not New,STONE MEDIA CORP,0.0,17000.0,0.0,17000.0,0.0,0.0
874039100,Not New,TAIWAN SEMICONDUCTOR MFG L ADR,881761.0,28825155.0,795370.0,29241549.0,-86391.0,416394.0
999B1FFDT,Not New,RSTK MIDSOUTH CAPITAL,0.0,25001.0,0.0,25001.0,0.0,0.0
53223X107,New Holding,LIFE STORAGE INC,,,79989.0,899361.0,,
37045V100,Not New,GENERAL MTRS CO,581.0,18290.0,472.0,15677.0,-109.0,-2613.0
055183107,Not New,BAB INC,10.0,13332.0,9.0,13332.0,-1.0,0.0
70706P104,Not New,PENGROWTH ENERGY CORP,17.0,11000.0,19.0,11000.0,2.0,0.0
9992921AT,Not New,SK HYNIX INC 144A GDR,36909.0,1011778.0,26292.0,945703.0,-10617.0,-66075.0
654106103,Not New,NIKE INC,2227.0,42300.0,2383.0,41936.0,156.0,-364.0
22284P105,Not New,COVENANT TRANSN GROUP INC,2315.0,119741.0,2924.0,149408.0,609.0,29667.0
059692103,Not New,BANCORPSOUTH INC,68545.0,2954533.0,65701.0,2908409.0,-2844.0,-46124.0
773903109,Not New,ROCKWELL AUTOMATION INC,11843.0,96807.0,13310.0,113266.0,1467.0,16459.0
75886F107,Not New,REGENERON PHARMACEUTICALS,249.0,620.0,230.0,613.0,-19.0,-7.0
05990K106,Not New,BANC OF CALIFORNIA INC,2936.0,168168.0,4215.0,224800.0,1279.0,56632.0
55024U109,Not New,LUMENTUM HLDGS INC,2817.0,67437.0,2070.0,83637.0,-747.0,16200.0
931427108,Not New,WALGREENS BOOTS ALLIANCE INC,542.0,6726.0,529.0,6449.0,-13.0,-277.0
866082100,Not New,SUMMIT HOTEL PPTYS,1045.0,79402.0,1338.0,95743.0,293.0,16341.0
112585104,Not New,BROOKFIELD ASSET MGMT INC,220.0,6243.0,207.0,6067.0,-13.0,-176.0
999DF84CT,Not New,100000TH INVESCO VAN KAMPEN,0.0,79946.0,0.0,79946.0,0.0,0.0
01878T202,New Holding,AB CAP FD INC SL USLSPTF ADV,,,151.0,12913.0,,
06742C152,Not New,FI ENHANCED GLBL HIGH YLD BCS,1375463.0,10412287.0,1361541.0,10658687.0,-13922.0,246400.0
55306N104,Not New,MKS INSTRUMENT INC,35845.0,720796.0,31383.0,699271.0,-4462.0,-21525.0
494368103,Not New,KIMBERLY CLARK CORP,464.0,3676.0,517.0,3800.0,53.0,124.0
26613Q106,Not New,DUPONT FABROS TECHNOLOGY INC,54223.0,1314499.0,62499.0,1305602.0,8276.0,-8897.0
775781206,Not New,ROLLS ROYCE HOLDINGS PLC ADR,5136.0,549087.0,5304.0,563997.0,168.0,14910.0
502441306,Not New,LVMH MOET HENNESSY LOU VUI ADR,224646.0,6584278.0,284600.0,9369133.0,59954.0,2784855.0
M22465104,Not New,CHECK POINT SOFTWARE TECH LTD,3283.0,42300.0,3596.0,43600.0,313.0,1300.0
985817105,Not New,YELP INC,15452.0,370551.0,11670.0,391351.0,-3782.0,20800.0
76169C100,Not New,REXFORD INDL RLTY INC,2029.0,88623.0,2550.0,117680.0,521.0,29057.0
369604103,Not New,GENERAL ELECTRIC CO,931722.0,31455841.0,1008656.0,31314984.0,76934.0,-140857.0
83175M205,Not New,SMITH& NEPHEW PLC ADR,81266.0,2479137.0,83015.0,2420956.0,1749.0,-58181.0
45577X105,New Holding,INDOFOOD SUKSES MAKMUR TBK ADR,,,232.0,6947.0,,
891027104,Not New,TORCHMARK CORP,14158.0,221606.0,14741.0,239851.0,583.0,18245.0
16938L106,Not New,CHINA GOLD CORP,0.0,20000.0,0.0,20000.0,0.0,0.0
741503403,Not New,PRICELINE GRP INC,1079.0,733.0,871.0,645.0,-208.0,-88.0
37733W105,Not New,GLAXOSMITHKLINE PLC ADR,511572.0,11861172.0,510528.0,11730875.0,-1044.0,-130297.0
655844108,Not New,NORFOLK SOUTHERN CORP,436.0,4490.0,385.0,4428.0,-51.0,-62.0
681919106,Not New,OMNICOM GROUP INC,8208.0,96562.0,9817.0,116923.0,1609.0,20361.0
780087102,Sold Out,ROYAL BK CDA MONTREAL QUE,420.0,7059.0,,,,
12802P307,Not New,CAL-BAY INTL INC,0.0,50000.0,0.0,50000.0,0.0,0.0
055262505,Not New,BASF SE ADR,278905.0,3260816.0,247004.0,3249750.0,-31901.0,-11066.0
101388106,Not New,BOTTOMLINE TECH DEL INC,11426.0,490159.0,7094.0,323359.0,-4332.0,-166800.0
554489104,Not New,MACK CALI RLTY CORP,9500.0,349005.0,9441.0,336955.0,-59.0,-12050.0
609207105,Not New,MONDELEZ INTL INC,445.0,10126.0,461.0,10050.0,16.0,-76.0
74838G107,Not New,QUICKSILVER INTL INC,0.0,54625.0,0.0,54625.0,0.0,0.0
808509855,New Holding,SCHWAB CAP TR S&P 500IDX SEL,,,559.0,16434.0,,
999BFCB6T,Not New,SOURCE MARKETS FINS S&P US SEL,1714.0,13026.0,895.0,7058.0,-819.0,-5968.0
G3777B103,Not New,GEELY AUTOMOTIVE HLDGS LTD,9.0,10000.0,6.0,10000.0,-3.0,0.0
237545108,Not New,DASSAULT SYS S A ADR,7717.0,88914.0,7006.0,90845.0,-711.0,1931.0
87336U105,Not New,TABLEAU SOFTWARE INC,7755.0,140310.0,7694.0,152605.0,-61.0,12295.0
46625H100,Not New,JPMORGAN CHASE& CO,925220.0,13894275.0,871560.0,13996473.0,-53660.0,102198.0
902677780,Not New,FI ENHANCED LRG CAP GROWTH UBS,872467.0,6364657.0,814362.0,6166605.0,-58105.0,-198052.0
902788108,Not New,UMB FINL CORP,44068.0,741259.0,39980.0,737502.0,-4088.0,-3757.0
268648102,Sold Out,E M C CORP MASS,884.0,32145.0,,,,
064446RRT,Not New,BANK PEKAO SA GDR,709.0,21905.0,722.0,21905.0,13.0,0.0
072730302,Not New,BAYER A G ADR,495173.0,4927034.0,502941.0,4909612.0,7768.0,-17422.0
395259104,Not New,GREENHILL& CO INC,15448.0,655399.0,11135.0,632644.0,-4313.0,-22755.0
23283R100,Not New,CYRUSONE INC,2166.0,45533.0,3391.0,61700.0,1225.0,16167.0
436440101,Sold Out,HOLOGIC INC,1339.0,37600.0,,,,
754907103,Sold Out,RAYONIER INC,258.0,9750.0,,,,
59001A102,Not New,MERITAGE HOMES CORP,62732.0,1807853.0,69943.0,1781541.0,7211.0,-26312.0
78486Q101,Not New,SVB FINL GROUP,180194.0,1630128.0,157268.0,1636848.0,-22926.0,6720.0
78462F103,Not New,SPDR S&P 500 ETF TR TR UNIT,632.0,2921.0,957.0,4486.0,325.0,1565.0
99946ADBT,Not New,STATE BK INDIA REG S,4089.0,109778.0,3612.0,109778.0,-477.0,0.0
20030N101,Not New,COMCAST CORP NEW CL A,826757.0,12462427.0,841518.0,12483578.0,14761.0,21151.0
412822108,Not New,HARLEY DAVIDSON INC,5696.0,108314.0,5542.0,113920.0,-154.0,5606.0
452308109,Not New,ILLINOIS TOOL WKS INC,328.0,2737.0,349.0,3197.0,21.0,460.0
294821608,Not New,ERICSSON ADR,3041.0,421833.0,3332.0,432781.0,291.0,10948.0
126804301,Not New,CABELAS INC,56704.0,1032287.0,53520.0,1009248.0,-3184.0,-23039.0
023135106,Not New,AMAZON COM INC COM,1655648.0,1977341.0,1495945.0,1984591.0,-159703.0,7250.0
431475102,Not New,HILL ROM HLDGS INC,100860.0,1627296.0,80466.0,1576535.0,-20394.0,-50761.0
731068102,Not New,POLARIS INDS INC,15930.0,205709.0,18922.0,219431.0,2992.0,13722.0
824596100,Not New,SHINHAN FINANCIAL GROUP CO ADR,2605.0,71491.0,2362.0,72300.0,-243.0,809.0
999AA057T,Not New,TATA GLOBAL BEVERA GDS-REP 1 O,48421.0,23088743.0,45761.0,23088743.0,-2660.0,0.0
985636109,Not New,YELLOWCAKE MINING INC,0.0,10000.0,0.0,10000.0,0.0,0.0
055622104,Not New,BP PLC ADR,25795.0,733656.0,36062.0,998677.0,10267.0,265021.0
03662Q105,Not New,ANSYS INC,6445.0,69595.0,5128.0,56181.0,-1317.0,-13414.0
30241L109,Sold Out,FEI CO,50274.0,470779.0,,,,
035290105,Not New,ANIXTER INTL INC,45084.0,698976.0,38132.0,689419.0,-6952.0,-9557.0
282914100,Not New,8X8 INC NEW,2307.0,149502.0,2866.0,192361.0,559.0,42859.0
559079207,Not New,MAGELLAN HEALTH INC,41938.0,780537.0,52081.0,771108.0,10143.0,-9429.0
168919108,Not New,CHINA CONSTR BK CORP ADR,167.0,11270.0,173.0,12897.0,6.0,1627.0
76122Q105,Not New,RESOURCES CONNECTION INC,2516.0,168397.0,3459.0,226997.0,943.0,58600.0
N96617118,Not New,WRIGHT MED GROUP N V,63620.0,2593555.0,49489.0,2445110.0,-14131.0,-148445.0
742718109,Not New,PROCTER AND GAMBLE CO,727288.0,8103484.0,694053.0,8093915.0,-33235.0,-9569.0
860372101,Not New,STEWART INFORMATION SVCS CORP,1435.0,32286.0,1920.0,44188.0,485.0,11902.0
48241A105,Not New,KB FINANCIAL GROUP INC ADR,7253.0,212027.0,8011.0,285081.0,758.0,73054.0
045327103,Not New,ASPEN TECHNOLOGY INC,105205.0,2248456.0,95078.0,2269174.0,-10127.0,20718.0
81721M109,Not New,SENIOR HSG PPTYS TR,3120.0,137400.0,2037.0,93700.0,-1083.0,-43700.0
922908306,New Holding,VANGUARD INDEX FDS TOTAL STK M,,,222.0,4097.0,,
22539T563,Not New,FI ENHANCED BIG CAP GROWTH CS,720.0,11468.0,26491.0,432934.0,25771.0,421466.0
78455R205,Not New,SM INVTS CORP ADR,299.0,43106.0,304.0,28738.0,5.0,-14368.0
778296103,Not New,ROSS STORES INC,10837.0,168533.0,11314.0,194859.0,477.0,26326.0
78463X681,Sold Out,SPDR INDEX SHS FDS INTL HLTH E,236.0,4798.0,,,,
020520102,Not New,ALON USA ENERGY INC,1715.0,212800.0,1025.0,165400.0,-690.0,-47400.0
456837103,Not New,ING GROEP N V ADR,7521.0,609497.0,4163.0,404209.0,-3358.0,-205288.0
04530Y106,Not New,ASPEN PHARMACARE HLDGS LTD ADR,464.0,20589.0,549.0,20589.0,85.0,0.0
049164205,Not New,ATLAS AIR WORLDWIDE HLDGS,52413.0,1224021.0,50001.0,1205124.0,-2412.0,-18897.0
43858F109,Not New,HONG KONG EXCHANGES& CLEA ADR,34762.0,1322940.0,31420.0,1316875.0,-3342.0,-6065.0
38141G104,Not New,GOLDMAN SACHS GROUP INC,318000.0,1971845.0,37839.0,248631.0,-280161.0,-1723214.0
999E22D7T,Not New,AHLI UNITED BK,48.0,75495.0,48.0,75495.0,0.0,0.0
90274D218,Not New,FI ENHANCED GLBL HIGH YLD UBS,152530.0,1199042.0,101191.0,821352.0,-51339.0,-377690.0
68389X105,Not New,ORACLE CORP,452666.0,11524071.0,466465.0,11438563.0,13799.0,-85508.0
464287630,New Holding,ISHARES TR RUS 2000 VAL ETF,,,1043.0,9956.0,,
83408W103,New Holding,SOHU COM INC COM,,,1579.0,35690.0,,
459200101,Not New,INTERNATIONAL BUSINESS MACHS,3381.0,21282.0,3218.0,20714.0,-163.0,-568.0
713448108,Not New,PEPSICO INC,589311.0,5417951.0,590915.0,5425720.0,1604.0,7769.0
404280406,Not New,HSBC HLDGS PLC ADR,481429.0,12800548.0,409043.0,13160956.0,-72386.0,360408.0
25754A201,Not New,DOMINOS PIZZA INC,224778.0,1480266.0,200643.0,1475313.0,-24135.0,-4953.0
68213N109,Not New,OMNICELL INC,19819.0,517464.0,19452.0,536152.0,-367.0,18688.0
756255204,Not New,RECKITT BENCKISER PLC ADR,56173.0,2976117.0,61247.0,3064812.0,5074.0,88695.0
69354M108,Sold Out,PRA HEALTH SCIENCES INC,225.0,5244.0,,,,
69366J200,Not New,PTC THERAPEUTICS INC,1256.0,89642.0,670.0,89642.0,-586.0,0.0
191216100,Not New,COCA COLA CO,446955.0,10561309.0,479345.0,10518879.0,32390.0,-42430.0
45662N103,Not New,INFINEON TECHNOLOGIES AG ADR,1346.0,75428.0,1109.0,75428.0,-237.0,0.0
961214301,Not New,WESTPAC BKG CORP ADR,430.0,18929.0,369.0,16719.0,-61.0,-2210.0
Y2065G121,Not New,DHT HOLDINGS INC,587.0,140032.0,877.0,183185.0,290.0,43153.0
48203R104,Not New,JUNIPER NETWORKS INC,5950.0,247310.0,6367.0,278525.0,417.0,31215.0
443320106,Not New,HUB GROUP INC,62506.0,1533513.0,61268.0,1516898.0,-1238.0,-16615.0
682189105,Not New,ON SEMICONDUCTOR CORP,1551.0,125902.0,875.0,95400.0,-676.0,-30502.0
928298108,Not New,VISHAY INTERTECHNOLOGY INC,70749.0,5021225.0,57094.0,4706854.0,-13655.0,-314371.0
46118H104,Not New,INTRALINKS HLDGS INC,1870.0,185864.0,1639.0,243211.0,-231.0,57347.0
69368G105,Not New,PT BK CENT ASIA TBK ADR,523.0,17403.0,387.0,15034.0,-136.0,-2369.0
40049J206,Not New,GRUPO TELEVISA SA ADR,162443.0,6323185.0,116346.0,4469670.0,-46097.0,-1853515.0
891092108,Not New,TORO CO,85030.0,1815332.0,80337.0,889670.0,-4693.0,-925662.0
453836108,Not New,INDEPENDENT BANK CORP MASS,2484.0,45919.0,2857.0,61699.0,373.0,15780.0
4380929AT,Not New,HON HAI PRECISION GDR GDR,22813.0,4535300.0,20710.0,4052822.0,-2103.0,-482478.0
589889104,Not New,MERIT MED SYS INC,3531.0,145380.0,3842.0,185797.0,311.0,40417.0
064058100,Not New,BANK NEW YORK MELLON CORP,387.0,9715.0,360.0,9335.0,-27.0,-380.0
999FB721T,Not New,FIIG EU EM PERF,1048.0,10368.0,1093.0,11575.0,45.0,1207.0
126600105,Not New,CVB FINL CORP,2897.0,164524.0,3595.0,216589.0,698.0,52065.0
69369R100,Not New,PT XL AXIATA TBK ADR,64.0,15549.0,85.0,15549.0,21.0,0.0
25155L293,Not New,FI ENHANCED GLBL HIGH YLD DB,329245.0,2489004.0,334168.0,2594475.0,4923.0,105471.0
05964H105,Not New,BANCO SANTANDER SA ADR,2844.0,644900.0,2740.0,691874.0,-104.0,46974.0
263534109,Not New,DU PONT E I DE NEMOURS& CO,216.0,3219.0,330.0,5129.0,114.0,1910.0
02209S103,Not New,ALTRIA GROUP INC,4816.0,76162.0,5545.0,79364.0,729.0,3202.0
02364W105,Not New,AMERICA MOVIL SAB DE CV ADR,146996.0,12849325.0,140179.0,11405935.0,-6817.0,-1443390.0
78464A771,New Holding,SPDR SERIES TRUST S&P CAP MKT,,,3946.0,97420.0,,
717071104,Not New,PFENEX INC,483.0,53968.0,478.0,53968.0,-5.0,0.0
63910B102,Not New,NAUTILUS INC,2690.0,118385.0,2745.0,144998.0,55.0,26613.0
237266101,Not New,DARLING INGREDIENTS INC,28478.0,2107937.0,31496.0,2095569.0,3018.0,-12368.0
999B39FCT,Not New,SOURCE MARKETS PLC TECH S&P US,619.0,5461.0,574.0,5461.0,-45.0,0.0
056752108,Not New,BAIDU INC ADR,221487.0,1216494.0,198300.0,1187214.0,-23187.0,-29280.0
136375102,Not New,CANADIAN NATL RY CO,81707.0,1249350.0,60465.0,1015706.0,-21242.0,-233644.0
925550105,Not New,VIAVI SOLUTIONS INC,5716.0,773413.0,4522.0,657313.0,-1194.0,-116100.0
40434L105,Not New,HP INC,246.0,15844.0,190.0,14435.0,-56.0,-1409.0
16941M109,Not New,CHINA MOBILE LIMITED ADR,3813.0,61978.0,3583.0,62343.0,-230.0,365.0
69367U105,Not New,PT BK MANDIRI PERSERO TBK ADR,2207.0,257171.0,1939.0,262003.0,-268.0,4832.0
464288414,Not New,ISHARES NATIONAL MUNI BOND ETF,20588.0,182599.0,7694.0,67603.0,-12894.0,-114996.0
849109103,Not New,SPONGETECH DELIVERY SYS INC,0.0,628000.0,0.0,628000.0,0.0,0.0
14040H105,Not New,CAPITAL ONE FINL CORP,99373.0,1383441.0,12950.0,195440.0,-86423.0,-1188001.0
431466101,Not New,HILL INTERNATIONAL INC,117.0,25336.0,114.0,25336.0,-3.0,0.0
073302101,Not New,B/E AEROSPACE INC,5818.0,112617.0,5413.0,118235.0,-405.0,5618.0
171798101,Not New,CIMAREX ENERGY CO,403.0,3000.0,353.0,3000.0,-50.0,0.0
235851102,Not New,DANAHER CORP DEL COM,452.0,5760.0,456.0,5697.0,4.0,-63.0
880770102,Not New,TERADYNE INC,7989.0,370197.0,7600.0,370187.0,-389.0,-10.0
369550108,Not New,GENERAL DYNAMICS CORP,2116.0,13640.0,1903.0,13481.0,-213.0,-159.0
55405W104,Not New,MYR GROUP INC DEL,2715.0,90210.0,3048.0,120217.0,333.0,30007.0
125269100,Not New,CF INDS HLDGS INC,2004.0,82282.0,2338.0,94777.0,334.0,12495.0
56108H105,Not New,MALAYAN BANKING BERHAD ADR,258.0,71228.0,292.0,71228.0,34.0,0.0
743606105,Not New,PROSPERITY BANCSHARES INC,41341.0,753154.0,38197.0,762411.0,-3144.0,9257.0
26874R108,New Holding,ENI S P A ADR,,,562.0,19476.0,,
160904207,Not New,CHAROEN POKPHAND FOODS PLC ADR,154.0,42001.0,134.0,42001.0,-20.0,0.0
46115H107,Not New,INTESA SANPAOLO S P A ADR,34309.0,2577593.0,30829.0,2584232.0,-3480.0,6639.0
999D550BT,Not New,SOURCE MARKETS CNSMR DISC S &P,386.0,1522.0,390.0,1522.0,4.0,0.0
695263103,Not New,PACWEST BANCORP DEL,91781.0,2138929.0,85671.0,2139625.0,-6110.0,696.0
693475105,Not New,PNC FINL SVCS GROUP INC,49528.0,549765.0,6069.0,74868.0,-43459.0,-474897.0
