CUSIP,status,NAME OF ISSUER,(x$1000)_old,PRN AMT_old,(x$1000),PRN AMT,(x$1000)_change,PRN AMT_change
45826H109,Not New,INTEGER HLDGS CORP,52679.0,721134.0,47655.0,758118.0,-5024.0,36984.0
44930G107,Not New,ICU MED INC,7188.0,39000.0,7869.0,39000.0,681.0,0.0
03076K108,Not New,AMERIS BANCORP,1456.0,61737.0,1752.0,73717.0,296.0,11980.0
42751Q105,Not New,HERMES INTL SCA ADR,1526.0,18269.0,1488.0,21567.0,-38.0,3298.0
443573100,Not New,HUBSPOT INC,31573.0,140732.0,19145.0,143745.0,-12428.0,3013.0
87265H109,Not New,TRI POINTE GROUPS INC COM,13659.0,929838.0,6347.0,723760.0,-7312.0,-206078.0
62855J104,Not New,MYRIAD GENETICS INC,700.0,61706.0,882.0,61669.0,182.0,-37.0
67066G104,Not New,NVIDIA CORP COM,402638.0,1059824.0,282997.0,1073586.0,-119641.0,13762.0
05971J102,Not New,BANCORPSOUTH BK TUPELO MISS,20393.0,896786.0,16753.0,885483.0,-3640.0,-11303.0
25278X109,Not New,DIAMONDBACK ENERGY INC,6761.0,161680.0,4590.0,175185.0,-2171.0,13505.0
464287788,New Holding,ISHARES US FINANCIALS ETF,,,23879.0,216801.0,,
500767306,Not New,KRANESHARES CHINA INTERNET ETF,2239.0,36147.0,2769.0,61167.0,530.0,25020.0
58506Q109,Not New,MEDPACE HLDGS INC COM,33416.0,359234.0,27748.0,378136.0,-5668.0,18902.0
9997D568T,Not New,ESCROW LINNCO LLC ESCROW CUSI,0.0,180969.0,0.0,177819.0,0.0,-3150.0
G2519Y108,Not New,CREDICORP LTD,83643.0,625745.0,140373.0,981151.0,56730.0,355406.0
422347104,Sold Out,HEARTLAND EXPRESS INC,1393.0,75000.0,,,,
70432V102,Not New,PAYCOM SOFTWARE INC,74726.0,241261.0,51586.0,255365.0,-23140.0,14104.0
981811102,Not New,WORTHINGTON INDS INC,1593.0,42701.0,1223.0,46589.0,-370.0,3888.0
14448C104,New Holding,CARRIER GLOBAL CORPORATION,,,94311.0,4244437.0,,
72201R775,Sold Out,PIMCO ETF TR TTL RTN ACTV ETF,227.0,2139.0,,,,
464287523,Not New,ISHARES TR PHLX SEMICND ETF,1470.0,5428.0,1157.0,5637.0,-313.0,209.0
743424103,Not New,PROOFPOINT INC,13846.0,124608.0,13413.0,130741.0,-433.0,6133.0
500643200,Not New,KORN FERRY COM NEW,1203.0,39151.0,1195.0,49137.0,-8.0,9986.0
05153V105,Not New,AURASOURCE INC,2.0,50000.0,3.0,50000.0,1.0,0.0
02607T109,Not New,AMERICAN FIN TR INC,121.0,15255.0,107.0,17173.0,-14.0,1918.0
46434G822,Not New,ISHARES MSCI JAPAN ETF,43756.0,796722.0,48517.0,982315.0,4761.0,185593.0
75525E107,Not New,REACH MESSAGING HLDGS INC,0.0,14000.0,0.0,14000.0,0.0,0.0
803607100,Not New,SAREPTA THERAPEUTICS INC,5818.0,36283.0,3997.0,40859.0,-1821.0,4576.0
88338H100,Not New,THERATECHNOLOGIES INC,136.0,67583.0,118.0,73583.0,-18.0,6000.0
931142103,Not New,WALMART INC,1322749.0,11043157.0,1221139.0,10747572.0,-101610.0,-295585.0
92206C771,Not New,VANGUARD SCOTTSDALE FDS MORTG-,93092.0,1712195.0,94630.0,1736323.0,1538.0,24128.0
78464A474,Not New,SPDR PORTFOLIO SHORT TERM CORP,610962.0,19494638.0,595909.0,19699477.0,-15053.0,204839.0
225313105,Not New,CREDIT AGRICOLE S A ADR ADR,95226.0,20119519.0,73670.0,20071924.0,-21556.0,-47595.0
464287333,Not New,ISHARES TR GLOBAL FINLS ETF,763.0,14626.0,1060.0,22460.0,297.0,7834.0
670704105,Not New,NUVASIVE INC,54360.0,976641.0,51529.0,1017154.0,-2831.0,40513.0
45246K203,Sold Out,IMAGINON INC,0.0,15000.0,,,,
000361105,Not New,AAR CORP,14871.0,719465.0,13225.0,744654.0,-1646.0,25189.0
917302200,Not New,USINAS SIDERURGICAS DE MIN ADR,2585.0,1938834.0,1828.0,1938834.0,-757.0,0.0
92763W103,Not New,VIPSHOP HLDGS LTD ADR,3504.0,176008.0,2278.0,146231.0,-1226.0,-29777.0
40637H109,Not New,HALOZYME THERAPEUTICS INC,28329.0,1056671.0,19693.0,1094671.0,-8636.0,38000.0
46137V233,Not New,INVESCO S&P 500 TOP 50 ETF,107668.0,452576.0,51478.0,263290.0,-56190.0,-189286.0
00404A109,Not New,ACADIA HEALTHCARE COMPANY INC,346.0,13758.0,251.0,13699.0,-95.0,-59.0
06684L103,Not New,BAOZUN INC SPONSORED ADR ADR,2251.0,58542.0,1617.0,57887.0,-634.0,-655.0
393222104,Sold Out,GREEN PLAINS INC,63.0,13000.0,,,,
904214103,Not New,UMPQUA HLDGS CORP,30446.0,2861508.0,31575.0,2896821.0,1129.0,35313.0
464288638,Not New,ISHARES INTERMEDIATE-TERM CORP,706.0,11695.0,481.0,8753.0,-225.0,-2942.0
498456102,Not New,KLEANGAS ENERGY TECHNOLOGIES I,0.0,20400.0,0.0,20400.0,0.0,0.0
718546104,Not New,PHILLIPS 66,449.0,6244.0,438.0,8170.0,-11.0,1926.0
74340W103,Not New,PROLOGIS INC COM,7052.0,75559.0,3683.0,45820.0,-3369.0,-29739.0
548661107,Not New,LOWES COS INC,9959.0,73704.0,6217.0,72243.0,-3742.0,-1461.0
45784P101,Not New,INSULET CORP,52805.0,271828.0,45031.0,271798.0,-7774.0,-30.0
49926D109,Not New,KNOWLES CORP,45518.0,2982832.0,28531.0,2132366.0,-16987.0,-850466.0
653656108,Not New,NICE LTD ADR,31106.0,164374.0,11762.0,81928.0,-19344.0,-82446.0
46434V621,New Holding,ISHARES TR CORE DIV GRWTH,,,206.0,5474.0,,
698813102,Not New,PAPA JOHNS INTL INC,913.0,11503.0,828.0,15523.0,-85.0,4020.0
78464A375,Not New,SPDR PORTFOLIO INTERMEDIATE TE,3377.0,92457.0,3127.0,91935.0,-250.0,-522.0
80585Y308,New Holding,SBERBANK RUSSIA SPONSORED ADR,,,980.0,86038.0,,
28176E108,Not New,EDWARDS LIFESCIENCES CORP,344680.0,4987418.0,255524.0,1354703.0,-89156.0,-3632715.0
464287598,Not New,ISHARES TR RUS 1000 VAL ETF,222.0,1974.0,410.0,4131.0,188.0,2157.0
N6596X109,Not New,NXP SEMICONDUCTORS N V,139088.0,1219645.0,72732.0,877024.0,-66356.0,-342621.0
87946F100,New Holding,TELEPERFORMANCE SA ADR,,,697.0,5495.0,,
703481101,Not New,PATTERSON UTI ENERGY INC,176.0,50717.0,119.0,50672.0,-57.0,-45.0
32051710T,Not New,100000TH FIRST HORIZON NTL CO,0.0,37565.0,0.0,37565.0,0.0,0.0
94986RH46,New Holding,WELLS FARGO& CO,,,15.0,15000.0,,
01741R102,Not New,ALLEGHENY TECHNOLOGIES INC,27644.0,2712901.0,9985.0,1174669.0,-17659.0,-1538232.0
067806109,Not New,BARNES GROUP INC,9059.0,229000.0,5982.0,143000.0,-3077.0,-86000.0
053015103,Not New,AUTOMATIC DATA PROCESSING INC,376.0,2527.0,348.0,2548.0,-28.0,21.0
852857200,Not New,STAMPS COM INC,125899.0,685386.0,124371.0,956110.0,-1528.0,270724.0
848637104,Not New,SPLUNK INC,3312.0,16667.0,202.0,1601.0,-3110.0,-15066.0
269796108,Not New,EAGLE PHARMACEUTICALS INC,688.0,14336.0,659.0,14336.0,-29.0,0.0
23918K108,Sold Out,DAVITA INC COM,226.0,2977.0,,,,
460690100,Sold Out,INTERPUBLIC GROUP COS INC,163.0,10059.0,,,,
44980X109,Not New,IPG PHOTONICS CORP,28169.0,175630.0,19779.0,179350.0,-8390.0,3720.0
483007704,Not New,KAISER ALUMINUM CORP,10788.0,146530.0,8976.0,129555.0,-1812.0,-16975.0
296036304,Sold Out,ERSTE GROUP BK A G ADR,6253.0,674981.0,,,,
808524409,Not New,SCHWAB STRATEGIC TR US LCAP VA,245.0,4880.0,261.0,5888.0,16.0,1008.0
879360105,Not New,TELEDYNE TECHNOLOGIES INC,68844.0,221400.0,79107.0,266112.0,10263.0,44712.0
29089Q105,Not New,EMERGENT BIOSOLUTIONS INC,44287.0,560023.0,33904.0,585958.0,-10383.0,25935.0
25179M103,Not New,DEVON ENERGY CORP NEW,31916.0,2814464.0,18925.0,2738760.0,-12991.0,-75704.0
46591M109,Not New,JOYY INC ADS REPSTG COM A,6830.0,77133.0,1437.0,26972.0,-5393.0,-50161.0
9999BDB0T,Not New,ESCROW GENERAL MOTORS CORP,0.0,27000.0,0.0,27000.0,0.0,0.0
488401100,Sold Out,KEMPER CORP DEL,378.0,5076.0,,,,
92343E102,Not New,VERISIGN INC,598.0,2889.0,474.0,2631.0,-124.0,-258.0
27579R104,Not New,EAST WEST BANCORP INC,50042.0,1380856.0,36912.0,1434050.0,-13130.0,53194.0
808524870,New Holding,SCHWAB STRATEGIC TR US TIPS ET,,,298.0,4963.0,,
31816Q101,Not New,FIREEYE INC,16348.0,1342714.0,15014.0,1419061.0,-1334.0,76347.0
637071101,Not New,NATIONAL OILWELL VARCO INC,8924.0,728474.0,7143.0,726672.0,-1781.0,-1802.0
185899101,Not New,CLEVELAND CLIFFS INC,70748.0,12816751.0,36060.0,9129022.0,-34688.0,-3687729.0
423443100,Sold Out,HELMER DIRECTIONAL DRILLING CO,0.0,10000.0,,,,
172062101,Not New,CINCINNATI FINL CORP,608.0,9498.0,732.0,9704.0,124.0,206.0
464286426,New Holding,ISHARES EM ASIA ETF,,,214.0,3212.0,,
55477Q100,New Holding,MACLOS CAP INC,,,0.0,100000.0,,
059460303,Not New,BANCO BRADESCO SA SP ADR ADR,109074.0,28628346.0,172018.0,42369087.0,62944.0,13740741.0
682151303,Not New,OMRON CORP SPONSORED ADR ADR,89994.0,1344732.0,67350.0,1291438.0,-22644.0,-53294.0
576485205,New Holding,MATADOR RES CO,,,844.0,99302.0,,
464287861,Not New,ISHARES TR EUROPE ETF,2738.0,67761.0,2559.0,72437.0,-179.0,4676.0
29251M106,Not New,ENANTA PHARMACEUTICALS INC,458.0,9129.0,623.0,12121.0,165.0,2992.0
83171N108,Not New,SMARTCOOL SYS INC,1.0,119000.0,2.0,119000.0,1.0,0.0
199908104,Not New,COMFORT SYS USA INC,2019.0,49548.0,2105.0,57585.0,86.0,8037.0
907818108,Not New,UNION PAC CORP,681161.0,4028867.0,528397.0,3746433.0,-152764.0,-282434.0
9994AAD6T,Not New,ESCROW QUICKSILVER RESOURCES I,0.0,50000.0,0.0,50000.0,0.0,0.0
15872M104,New Holding,CHAMPIONX CORPORATION,,,1349.0,138171.0,,
64115T104,Not New,NETSCOUT SYS INC,52260.0,2044594.0,43333.0,1830697.0,-8927.0,-213897.0
863667101,Not New,STRYKER CORPORATION,428676.0,2379024.0,216698.0,1301567.0,-211978.0,-1077457.0
57636Q104,Not New,MASTERCARD INC,1151770.0,3895062.0,859955.0,3560005.0,-291815.0,-335057.0
812578102,Not New,SEATTLE GENETICS INC,319.0,1875.0,332.0,2875.0,13.0,1000.0
78464A664,Sold Out,SPDR BLOOMBERG BRCLYS LG TRS E,607.0,12841.0,,,,
30231H100,New Holding,EYECITY COM INC,,,0.0,100000.0,,
268158201,Not New,DYNAVAX TECHNOLOGIES CORP,470.0,52955.0,187.0,52955.0,-283.0,0.0
297284200,Not New,ESSILORLUXOTTICA UNSPONSOR ADR,41268.0,643194.0,34587.0,641459.0,-6681.0,-1735.0
H1467J104,New Holding,CHUBB LIMITED,,,269.0,2127.0,,
004498101,Not New,ACI WORLDWIDE INC,7503.0,278000.0,6714.0,278000.0,-789.0,0.0
03073E105,Not New,AMERISOURCEBERGEN CORP,1255.0,12450.0,1270.0,14355.0,15.0,1905.0
G38529106,Not New,GETGO INC,0.0,315000.0,0.0,315000.0,0.0,0.0
99978505T,Not New,FED BANK GDR,2087.0,3092364.0,1684.0,3092364.0,-403.0,0.0
Y15002101,Not New,CHINA OILFIELD SERVICES LTD,33.0,39320.0,28.0,39320.0,-5.0,0.0
03485P300,Not New,ANGLO AMERICAN PLC ADR ADR,6166.0,533904.0,4803.0,546920.0,-1363.0,13016.0
840441109,New Holding,SOUTH ST CORP,,,688.0,14440.0,,
806857108,Not New,SCHLUMBERGER LTD,244648.0,13303305.0,172033.0,12752615.0,-72615.0,-550690.0
Y07832143,Not New,BENGUET CORP BC SHS,2.0,90000.0,2.0,90000.0,0.0,0.0
464288356,Not New,ISHARES CALIFORNIA MUNI BOND E,816.0,13124.0,734.0,12124.0,-82.0,-1000.0
405024100,Not New,HAEMONETICS CORP,15129.0,168921.0,17625.0,176847.0,2496.0,7926.0
Y7121Z146,New Holding,PT HM SAMPOERNA TBK,,,2.0,17045.0,,
913017109,Sold Out,UNITED TECHNOLOGIES CORP,453864.0,4811452.0,,,,
03662P107,New Holding,ANTA SPORTS PRODS LTD ADR,,,752.0,3409.0,,
78468R556,Not New,SPDR S&P OIL& GAS E&P ETF,3198.0,61281.0,1001.0,30413.0,-2197.0,-30868.0
88579Y101,Not New,3M CO,690916.0,4429230.0,6466.0,47369.0,-684450.0,-4381861.0
98389B100,New Holding,XCEL ENERGY INC,,,205.0,3281.0,,
362273302,Not New,FI ENHANCED LRG CAP GROWTH GS,13845.0,89305.0,911667.0,9175475.0,897822.0,9086170.0
80105N105,Not New,SANOFI ADR,926846.0,18155655.0,772184.0,17662027.0,-154662.0,-493628.0
22160K105,Not New,COSTCO WHSL CORP NEW,995407.0,3282895.0,877071.0,3076039.0,-118336.0,-206856.0
928563402,Not New,VMWARE INC,3715.0,23987.0,2694.0,22245.0,-1021.0,-1742.0
91349P103,Sold Out,UNIVERSAL EXPRESS INC,0.0,10000.0,,,,
02079K107,Not New,ALPHABET INC CLASS C,274096.0,193897.0,230546.0,198266.0,-43550.0,4369.0
852234103,Not New,SQUARE INC,137523.0,1310492.0,66681.0,1273025.0,-70842.0,-37467.0
872540109,New Holding,TJX COS INC NEW,,,245.0,4854.0,,
315912808,Not New,FIDELITY COMWLTH TR NDQ CP IDX,617.0,1578.0,420.0,1406.0,-197.0,-172.0
16941R108,Sold Out,CHINA PETE& CHEM CORP ADR,549.0,11263.0,,,,
03027X100,New Holding,AMERICAN TOWER CORP NEW,,,455454.0,1761637.0,,
458140100,Not New,INTEL CORP,1715051.0,28665401.0,1504643.0,27801984.0,-210408.0,-863417.0
78464A409,New Holding,SPDR SER TR PRTFLO S&P500 GW,,,205.0,4573.0,,
45781Q102,New Holding,INNOVEST GLOBAL INC,,,4.0,35000.0,,
922042742,Not New,VANGUARD TOTAL WORLD STOCK ETF,3382.0,45211.0,2575.0,41005.0,-807.0,-4206.0
46435G334,Not New,ISHARES MSCI UNITED KINGDOM,235.0,9108.0,203.0,8517.0,-32.0,-591.0
015351109,Not New,ALEXION PHARMACEUTICALS INC,2553.0,22748.0,2678.0,29822.0,125.0,7074.0
845467109,Not New,SOUTHWESTERN ENERGY CO,10942.0,4274150.0,7225.0,4275150.0,-3717.0,1000.0
90278Q108,New Holding,UFP INDUSTRIES INC,,,7454.0,150551.0,,
91912E105,Not New,VALE S A ADR,427734.0,41487299.0,226200.0,27285861.0,-201534.0,-14201438.0
92206C409,New Holding,VANGUARD FDS SHRT-TERM CORP,,,264.0,3199.0,,
69366X100,Not New,PT BK RAKYAT ADR,18962.0,1787979.0,20613.0,2226488.0,1651.0,438509.0
833034101,New Holding,SNAP ON INC,,,2490.0,17975.0,,
922908769,New Holding,VANGUARD INDEX FDS TOTAL STK M,,,662.0,4229.0,,
78445W306,Not New,SMC CORP JAPAN ADR,229289.0,8965872.0,184851.0,8723741.0,-44438.0,-242131.0
99929324T,New Holding,1/100 BERKSHIRE HTWY CLA100 SH,,,535.0,2.0,,
296072BHT,Not New,RSTK ESHIRT NET,0.0,12500.0,0.0,12500.0,0.0,0.0
311642102,Not New,FARO TECHNOLOGIES INC,2327.0,43409.0,2188.0,49160.0,-139.0,5751.0
G4388N106,Not New,HELEN OF TROY CORP LTD,97530.0,517238.0,77354.0,537071.0,-20176.0,19833.0
007903107,Not New,ADVANCED MICRO DEVICES INC,447091.0,8498210.0,324394.0,7132669.0,-122697.0,-1365541.0
159864107,Not New,CHARLES RIV LABS INTL INC,47354.0,271604.0,37069.0,293711.0,-10285.0,22107.0
675232102,Not New,OCEANEERING INTL INC,16249.0,2542887.0,7727.0,2628370.0,-8522.0,85483.0
06747MY59,Not New,BARCLAYS BANK PLC AUTOCLL SR,91.0,100000.0,71.0,100000.0,-20.0,0.0
402580104,Not New,GULF UNITED ENERGY INC,0.0,36000.0,0.0,36000.0,0.0,0.0
501044101,Not New,KROGER CO,1571.0,46413.0,1162.0,38587.0,-409.0,-7826.0
922042874,Not New,VANGUARD FTSE EUROPE ETF,104383.0,2073965.0,81360.0,1879850.0,-23023.0,-194115.0
853373108,Not New,STANDARD ENERGY CORP,4.0,595920.0,4.0,595920.0,0.0,0.0
008073108,Not New,AEROVIRONMENT INC,18919.0,237589.0,15467.0,253724.0,-3452.0,16135.0
9999CDBCT,New Holding,ESCROW LEHMAN BROTHERS HOLDING,,,0.0,30000.0,,
059578104,Not New,BANCO DO BRASIL S A SPONSO ADR,291.0,49484.0,337.0,62939.0,46.0,13455.0
116794108,Not New,BRUKER CORP,539.0,13255.0,700.0,19527.0,161.0,6272.0
464287325,Not New,ISHARES GLOBAL HEALTH CARE ETF,4252.0,61814.0,6524.0,107055.0,2272.0,45241.0
724078100,Not New,PIPER SANDLER COMPANIES,6595.0,111484.0,3859.0,76307.0,-2736.0,-35177.0
78409V104,Not New,S&P GLOBAL INC,289.0,878.0,239.0,976.0,-50.0,98.0
84265V105,Not New,SOUTHERN COPPER CORP COM,177975.0,4475097.0,95855.0,3403932.0,-82120.0,-1071165.0
737446104,Not New,POST HLDGS INC,677.0,7729.0,643.0,7749.0,-34.0,20.0
75281A109,Not New,RANGE RES CORP,17029.0,3024625.0,7136.0,3129944.0,-9893.0,105319.0
871607107,Not New,SYNOPSYS INC,5680.0,29130.0,4213.0,32711.0,-1467.0,3581.0
46090E103,Not New,INVESCO QQQ TRUST SERIES 1,346653.0,1400050.0,213506.0,1121355.0,-133147.0,-278695.0
22542D423,Not New,FI ENHANCED LRG CAP GROWTH CS,54224.0,151874.0,1174977.0,5168082.0,1120753.0,5016208.0
09247X101,Not New,BLACKROCK INC,64632.0,118789.0,51889.0,117936.0,-12743.0,-853.0
58463A105,Sold Out,MEDICAL MARIJUANA INC,0.0,16500.0,,,,
37954Y715,Not New,GLOBAL X FDS RBTCS ARTFL INTE,8018.0,335911.0,6518.0,359313.0,-1500.0,23402.0
358039105,Not New,FRESHPET INC COM,15947.0,190615.0,12499.0,195692.0,-3448.0,5077.0
83404D109,Not New,SOFTBANK GROUP CORP ADR ADR,12141.0,480673.0,81246.0,4630896.0,69105.0,4150223.0
750723108,Not New,RAIA DROGASIL SA SPONSORED ADR,2862.0,140735.0,2969.0,152015.0,107.0,11280.0
892331307,Not New,TOYOTA MOTOR CORP ADR,482631.0,3841687.0,207.0,1722.0,-482424.0,-3839965.0
904784709,Not New,UNILEVER N V ADR,10237.0,192180.0,41179.0,844005.0,30942.0,651825.0
22822V101,New Holding,CROWN CASTLE INTL CORP NEW,,,305725.0,1826862.0,,
278642103,Not New,EBAY INC.,276.0,5262.0,890.0,29610.0,614.0,24348.0
723787107,Not New,PIONEER NAT RES CO,12173.0,124597.0,9072.0,129319.0,-3101.0,4722.0
72201R783,Not New,PIMCO ETF TR 0-5 HIGH YIELD,573.0,6283.0,530.0,6181.0,-43.0,-102.0
880779103,Not New,TEREX CORP NEW,49874.0,2657139.0,28305.0,1971114.0,-21569.0,-686025.0
78573J101,Not New,SABLE NAT RES INC,0.0,117581.0,0.0,117581.0,0.0,0.0
100557107,Not New,BOSTON BEER INC,79523.0,148184.0,76938.0,209320.0,-2585.0,61136.0
464286608,Not New,ISHARES MSCI EUROZONE ETF,57755.0,1583206.0,43735.0,1433461.0,-14020.0,-149745.0
12008R107,Not New,BUILDERS FIRSTSOURCE INC,3791.0,183141.0,1775.0,145122.0,-2016.0,-38019.0
293792107,New Holding,ENTERPRISE PRODS PARTNERS L P,,,309.0,16987.0,,
464287556,Not New,ISHARES NASDAQ BIOTECH ETF,241.0,1765.0,237.0,2200.0,-4.0,435.0
133131102,Not New,CAMDEN PPTY TR SH BEN INT,525.0,5751.0,587.0,7410.0,62.0,1659.0
74144T108,Not New,PRICE T ROWE GROUP INC,2923.0,23670.0,2200.0,22532.0,-723.0,-1138.0
48132CR62,Sold Out,JPMORGAN CHASE FINL CO LLC,8.0,10000.0,,,,
606822104,Not New,MITSUBISHI UFJ FINL GROUP ADR,89.0,22742.0,991.0,270723.0,902.0,247981.0
922042858,Not New,VANGUARD FTSE EMERGING MKT ETF,16616.0,419498.0,12696.0,378430.0,-3920.0,-41068.0
423012301,Not New,HEINEKEN N V SPONSORED ADR L1,15567.0,337808.0,15625.0,373949.0,58.0,36141.0
999B19B2T,Not New,ESCROW AMR CORP,0.0,105471.0,0.0,95971.0,0.0,-9500.0
052769106,Not New,AUTODESK INC,127830.0,534429.0,82844.0,530711.0,-44986.0,-3718.0
81369Y803,Not New,SPDR TECHNOLOGY SELECT SECTOR,2243.0,21463.0,1623.0,20188.0,-620.0,-1275.0
464288620,Not New,ISHARES BROAD USD INVESTMENT G,220.0,3640.0,218.0,3894.0,-2.0,254.0
303250104,Not New,FAIR ISAAC CORP,60851.0,145562.0,47413.0,154092.0,-13438.0,8530.0
760759100,Not New,REPUBLIC SVCS INC,2260.0,27547.0,2155.0,28713.0,-105.0,1166.0
784051104,Not New,SDC INTL INC,0.0,10400.0,0.0,10400.0,0.0,0.0
83186E101,Not New,SMART CANNABIS CORP,0.0,10000.0,0.0,10000.0,0.0,0.0
29273V100,Sold Out,ENERGY TRANSFER LP,150.0,32547.0,,,,
94858P209,Sold Out,WEG SA BRAZIL ADR,91.0,14200.0,,,,
464288810,Not New,ISHARES TR U.S. MED DVC ETF,25828.0,97548.0,3880.0,17218.0,-21948.0,-80330.0
046433108,Not New,ASTRONICS CORP,312.0,29578.0,272.0,29578.0,-40.0,0.0
16208T102,Not New,CHATHAM LODGING TR,114.0,18554.0,110.0,18554.0,-4.0,0.0
291011104,New Holding,EMERSON ELEC CO,,,802.0,12935.0,,
269246401,Sold Out,E TRADE FINANCIAL CORP,3714.0,108219.0,,,,
98956P102,Not New,ZIMMER BIOMET HOLDINGS INC,1838.0,15398.0,1493.0,14769.0,-345.0,-629.0
021515101,Not New,ALTO GROUP HOLDINGS INC,0.0,43034.0,0.0,43034.0,0.0,0.0
140543109,Sold Out,CAPITAL WORLD GROWTH INCOME FD,414.0,10008.0,,,,
30063P105,Not New,EXACT SCIENCES CORP,1392.0,16015.0,947.0,16333.0,-445.0,318.0
G02602103,Not New,AMDOCS LTD,2152.0,35355.0,1902.0,34599.0,-250.0,-756.0
423452101,Not New,HELMERICH& PAYNE INC,22171.0,1136378.0,18257.0,1166574.0,-3914.0,30196.0
92206C870,Not New,VANGUARD FDS INT-TERM CORP,2996674.0,31497520.0,2434903.0,27958469.0,-561771.0,-3539051.0
H01301128,Not New,ALCON INC,42259.0,737255.0,41395.0,814533.0,-864.0,77278.0
999F551FT,Not New,VANGUARD FUNDS PLC FTSE EMERGI,2812.0,51953.0,25690.0,551878.0,22878.0,499925.0
31847R102,Not New,FIRST AMERN FINL CORP,49111.0,1022720.0,45473.0,1072225.0,-3638.0,49505.0
126650100,Not New,CVS HEALTH CORPORATION COM,2970.0,45713.0,349.0,5885.0,-2621.0,-39828.0
842587107,Not New,SOUTHERN CO,3117.0,60110.0,581.0,10736.0,-2536.0,-49374.0
256677105,New Holding,DOLLAR GEN CORP NEW,,,235.0,1234.0,,
09857L108,Not New,BOOKING HLDGS INC COM,5425.0,3407.0,4614.0,3430.0,-811.0,23.0
64110W102,Not New,NETEASE INC SPONSORED ADR ADR,187313.0,436241.0,143506.0,447115.0,-43807.0,10874.0
743315103,Not New,PROGRESSIVE CORP OHIO,2554.0,31884.0,3011.0,40774.0,457.0,8890.0
37827X100,Not New,GLENCORE PLC ADR ADR,444.0,105014.0,319.0,103950.0,-125.0,-1064.0
437076102,Not New,HOME DEPOT INC,1601145.0,6391543.0,1159042.0,6207713.0,-442103.0,-183830.0
464287614,Not New,ISHARES RUSSELL 1000 GROWTH,1341.0,6986.0,1075.0,7133.0,-266.0,147.0
55027E102,Not New,LUMINEX CORP DEL COM,1741.0,53505.0,1614.0,58613.0,-127.0,5108.0
307305102,Not New,FANUC CORPORATION ADR,281967.0,15794425.0,194918.0,14358500.0,-87049.0,-1435925.0
031162100,Not New,AMGEN INC,16119.0,68342.0,13783.0,67984.0,-2336.0,-358.0
61760QFD1,New Holding,MORGAN STANLEY,,,10.0,10000.0,,
754730109,Not New,RAYMOND JAMES FINANCIAL INC,66768.0,970039.0,63042.0,997501.0,-3726.0,27462.0
86562M209,Not New,SUMITOMO MITSUI FINL GROUP ADR,1302.0,231703.0,8331.0,1739278.0,7029.0,1507575.0
G5960L103,Not New,MEDTRONIC PLC,144547.0,1576303.0,97557.0,1081799.0,-46990.0,-494504.0
00208E208,Not New,ATI AIRTEST TECHNOLOGIES INC,3.0,199000.0,4.0,199000.0,1.0,0.0
889110102,Not New,TOKYO ELECTRON LTD ADR ADR,249639.0,4074484.0,168718.0,3579253.0,-80921.0,-495231.0
780259206,Not New,ROYAL DUTCH SHELL PLC ADR,498578.0,15251703.0,519744.0,14896649.0,21166.0,-355054.0
97717P104,Not New,WISDOMTREE INVTS INC,2763.0,796353.0,1854.0,795553.0,-909.0,-800.0
35952V303,New Holding,FS KKR CAP CORP II,,,347.0,26890.0,,
00507V109,Not New,ACTIVISION BLIZZARD INC,512.0,6750.0,383.0,6444.0,-129.0,-306.0
771195104,Not New,ROCHE HLDG LTD ADR,544.0,12566.0,634.0,15634.0,90.0,3068.0
46435U853,New Holding,ISHARES TR BROAD USD HIGH,,,31617.0,827236.0,,
26875P101,Not New,EOG RES INC COM,14123.0,278786.0,9795.0,272682.0,-4328.0,-6104.0
913543104,Sold Out,UNIVERSAL FST PRODS INC,5244.0,141012.0,,,,
617700109,Not New,MORNINGSTAR INC,3674.0,26065.0,2912.0,25050.0,-762.0,-1015.0
24665A103,Not New,DELEK US HLDGS INC NEW,12940.0,743234.0,11870.0,753176.0,-1070.0,9942.0
669958100,Sold Out,NORWOOD RESOURCES COM,0.0,10000.0,,,,
94106L109,New Holding,WASTE MGMT INC DEL,,,235.0,2221.0,,
999CCEC0T,Not New,ESCROW CA STATEWIDE CMNTY DEV,0.0,10000.0,0.0,10000.0,0.0,0.0
223622606,Not New,COWEN INC,3011.0,185727.0,1946.0,201422.0,-1065.0,15695.0
464289180,Not New,ISHARES MSCI EUROPE FN ETF,51241.0,3600896.0,60176.0,4802585.0,8935.0,1201689.0
46269C102,New Holding,IRIDIUM COMMUNICATIONS INC,,,3096.0,121680.0,,
G54050102,Not New,LAZARD LTD SHS A,42331.0,1478555.0,28082.0,1191944.0,-14249.0,-286611.0
9995C1C8T,Not New,ESCROW LEHMAN BROTHERS HOLDING,0.0,85000.0,0.0,55000.0,0.0,-30000.0
G8473T100,Not New,STERIS PLC,102388.0,667284.0,113609.0,811664.0,11221.0,144380.0
56501R106,New Holding,MANULIFE FINL CORP,,,187.0,13706.0,,
464288646,Not New,ISHARES SHORT-TERM CORPORATE B,950.0,17373.0,953.0,18198.0,3.0,825.0
81762P102,Not New,SERVICENOW INC,102257.0,252450.0,69235.0,241590.0,-33022.0,-10860.0
464287176,Not New,ISHARES TR TIPS BD ETF,794.0,6456.0,754.0,6398.0,-40.0,-58.0
110122108,Not New,BRISTOL-MYERS SQUIBB CO,10130.0,172283.0,11119.0,199474.0,989.0,27191.0
370334104,Not New,GENERAL MLS INC,4024.0,65265.0,3338.0,63259.0,-686.0,-2006.0
718172109,Not New,PHILIP MORRIS INTL INC,908.0,12962.0,1130.0,15487.0,222.0,2525.0
443251103,Not New,HOYA CORP ADR,3480.0,36594.0,1923.0,22566.0,-1557.0,-14028.0
320817109,Not New,FIRST MERCHANTS CORP,1798.0,65220.0,1183.0,44676.0,-615.0,-20544.0
985087105,Not New,YASKAWA ELEC CORP ADR,77029.0,1115471.0,70662.0,1281647.0,-6367.0,166176.0
G1151C101,Not New,ACCENTURE PLC IRELAND,266.0,1239.0,346.0,2120.0,80.0,881.0
92343X100,Not New,VERINT SYS INC,61852.0,1369017.0,61295.0,1425469.0,-557.0,56452.0
78464A870,New Holding,SPDR SER TR S&P BIOTECH,,,288.0,2573.0,,
98158H106,Not New,WORLD MOTO INC,0.0,20000.0,0.0,20000.0,0.0,0.0
464288323,New Holding,ISHARES NEW YORK MUNI BOND ETF,,,358.0,6221.0,,
172967424,Not New,CITIGROUP INC,489.0,9574.0,729.0,17302.0,240.0,7728.0
09260D107,Sold Out,BLACKSTONE GROUP INC,523.0,11474.0,,,,
930059100,Not New,WADDELL& REED FINL INC,20773.0,1339302.0,13873.0,1219078.0,-6900.0,-120224.0
03755L104,Sold Out,APERGY CORP,487.0,84664.0,,,,
346375108,Not New,FORMFACTOR INC,5841.0,199150.0,4825.0,240177.0,-1016.0,41027.0
189054109,Not New,CLOROX CO DEL,2101.0,9575.0,1675.0,9669.0,-426.0,94.0
06048WC40,New Holding,BANK OF AMERICA CORP,,,12.0,12000.0,,
737630103,Not New,POTLATCHDELTIC CORPORATION COM,6059.0,159328.0,4980.0,158644.0,-1079.0,-684.0
99949560T,New Holding,SPDR MSCI WORLD TECH UCITS ETF,,,236.0,3054.0,,
829073105,Not New,SIMPSON MANUFACTURING CO INC,15551.0,184346.0,9165.0,147875.0,-6386.0,-36471.0
02079K305,Not New,ALPHABET INC CLASS A,2172652.0,1532140.0,1736478.0,1494451.0,-436174.0,-37689.0
71654V101,Not New,PETROLEO BRASILEIRO SA PET ADR,1309.0,164202.0,921.0,170782.0,-388.0,6580.0
808524706,New Holding,SCHWAB STRATEGIC TR EMRG MKTEQ,,,355.0,14599.0,,
66987V109,Not New,NOVARTIS A G SPONSORED ADR ADR,771023.0,8827829.0,703700.0,8534868.0,-67323.0,-292961.0
78468R622,Not New,SPDR SERIES TRUST BLOOMBERG BR,51439.0,508493.0,48568.0,512640.0,-2871.0,4147.0
78463X202,Not New,SPDR EURO STOXX 50 ETF,1435.0,40380.0,1121.0,38000.0,-314.0,-2380.0
154760409,Not New,CENTRAL PAC FINL CORP,880.0,54890.0,1025.0,64495.0,145.0,9605.0
008252108,Not New,AFFILIATED MANAGERS GROUP INC,467.0,6258.0,328.0,5551.0,-139.0,-707.0
16359R103,Not New,CHEMED CORP NEW,81976.0,181737.0,126494.0,291998.0,44518.0,110261.0
48666K109,Not New,KB HOME,84834.0,2765114.0,45006.0,2486526.0,-39828.0,-278588.0
53956W300,Not New,LOCALIZA RENT A CAR ADR,4445.0,594658.0,2299.0,453908.0,-2146.0,-140750.0
784117103,Not New,SEI INVTS CO,712.0,12950.0,371.0,8001.0,-341.0,-4949.0
45687V106,Not New,INGERSOLL RAND INC,526.0,18719.0,316.0,12739.0,-210.0,-5980.0
526057302,Not New,LENNAR CORP CL B,863.0,18724.0,757.0,26184.0,-106.0,7460.0
64125C109,Not New,NEUROCRINE BIOSCIENCES INC,7714.0,63227.0,5588.0,64567.0,-2126.0,1340.0
776696106,Not New,ROPER INDS INC NEW,3261.0,8400.0,2281.0,7316.0,-980.0,-1084.0
55354G100,Not New,MSCI INC,68754.0,205960.0,60882.0,210694.0,-7872.0,4734.0
67092P854,Not New,NUSHARES ETF TR ESG HI TLD CRP,418.0,17725.0,395.0,17725.0,-23.0,0.0
46435G193,Not New,ISHARES TR ESG USD CORPT,6236.0,225768.0,5027.0,195512.0,-1209.0,-30256.0
05946K101,Not New,BANCO BILBAO VIZCAYA ARGEN ADR,137260.0,40370476.0,117570.0,38421423.0,-19690.0,-1949053.0
962166104,Not New,WEYERHAEUSER CO MTN BE,1321.0,58797.0,716.0,42218.0,-605.0,-16579.0
17275R102,Not New,CISCO SYS INC,953377.0,20441192.0,824311.0,20969492.0,-129066.0,528300.0
345370860,Not New,FORD MTR CO DEL,472.0,77661.0,452.0,93483.0,-20.0,15822.0
44332N106,Not New,HUAZHU GROUP LTDSPONSORED ADR,6451.0,184056.0,5469.0,190366.0,-982.0,6310.0
882508104,Not New,TEXAS INSTRS INC,52740.0,415372.0,40050.0,400783.0,-12690.0,-14589.0
74979J100,Sold Out,RYU APPAREL INC,0.0,20000.0,,,,
04316A108,Not New,ARTISAN PARTNERS ASSET MGMT IN,47529.0,1462445.0,30136.0,1402314.0,-17393.0,-60131.0
020002101,Not New,ALLSTATE CORP,258.0,2657.0,290.0,3162.0,32.0,505.0
72341E304,Not New,PING AN INS GROUP CO CHINA ADR,936.0,46782.0,658.0,33508.0,-278.0,-13274.0
464286343,Not New,ISHARES INC GLB ENR PROD ETF,169.0,13818.0,239.0,22894.0,70.0,9076.0
011642105,Not New,ALARM COM HLDGS INC,13222.0,204016.0,8138.0,209137.0,-5084.0,5121.0
06746Q249,Not New,FI ENHANCED GLBL HIGH YLD BCSB,6173.0,76339.0,628210.0,9680548.0,622037.0,9604209.0
83364L109,Not New,SOCIETE GENERALE FRANCE SP ADR,2043.0,614444.0,4443.0,1319160.0,2400.0,704716.0
265504100,Not New,DUNKIN BRANDS GROUP INC,1111.0,17025.0,997.0,18782.0,-114.0,1757.0
192479103,Not New,COHERENT INC,50279.0,383871.0,42463.0,399049.0,-7816.0,15178.0
76026T205,Not New,REPSOL S A ADR,1015.0,116060.0,1098.0,120059.0,83.0,3999.0
29260D105,Not New,ENDEAVOR IP INC,0.0,442000.0,0.0,442000.0,0.0,0.0
466032109,Not New,J& J SNACK FOODS CORP,1113.0,8754.0,1060.0,8758.0,-53.0,4.0
594918104,Not New,MICROSOFT CORP,4447325.0,21853102.0,3383880.0,21456344.0,-1063445.0,-396758.0
808524102,New Holding,SCHWAB STRATEGIC TR US BRD MKT,,,872.0,11870.0,,
9995FC1CT,Not New,ESCROW WALKER INNOVATION,0.0,17000.0,0.0,17000.0,0.0,0.0
927320101,Not New,VINCI S A ADR,224946.0,9769778.0,199636.0,9652122.0,-25310.0,-117656.0
744573106,Not New,PUBLIC SVC ENTERPRISE GRP INC,225.0,4578.0,214.0,4772.0,-11.0,194.0
78468R663,New Holding,SPDR SER TR SPDR BLOOMBERG,,,718.0,7846.0,,
12591J207,Not New,CSPC PHARMACEUTICAL GROUP ADR,898.0,121033.0,478.0,59722.0,-420.0,-61311.0
62942M201,New Holding,NTT DOCOMO INC ADR,,,331.0,12394.0,,
65343M100,Not New,NEXTSOURCE MATLS INC CDA,0.0,14200.0,0.0,14200.0,0.0,0.0
197236102,Not New,COLUMBIA BKG SYS INC,1251.0,44141.0,1481.0,55248.0,230.0,11107.0
204280309,Not New,COMPAGNIE DE SAINT GOBAIN ADR,2594.0,360342.0,1786.0,367252.0,-808.0,6910.0
42809H107,Not New,HESS CORP,142521.0,2750837.0,84821.0,2547170.0,-57700.0,-203667.0
00215W100,Not New,ASE TECHNOLOGY HOLDING CO ADR,129258.0,28470945.0,115687.0,30932312.0,-13571.0,2461367.0
254687106,Not New,DISNEY WALT CO,1013239.0,9086531.0,435141.0,4504570.0,-578098.0,-4581961.0
46434G848,Not New,ISHARES GLOBAL METALS& MINING,17003.0,693149.0,13977.0,724204.0,-3026.0,31055.0
114340102,Not New,BROOKS AUTOMATION INC NEW,47525.0,1074247.0,34706.0,1137898.0,-12819.0,63651.0
78489X103,New Holding,SVMK INC,,,2018.0,85743.0,,
81369Y407,Not New,SPDR CONS DISC SELECT SECTOR,47919.0,375214.0,16554.0,168775.0,-31365.0,-206439.0
L44385109,Not New,GLOBANT S A COM,177346.0,1183491.0,44229.0,503286.0,-133117.0,-680205.0
316092204,Sold Out,FIDELITY COVINGTON TR MSCI CON,215.0,5705.0,,,,
40415F101,Not New,HDFC BANK LTD ADR,278367.0,6123334.0,261043.0,6787397.0,-17324.0,664063.0
84470P109,Not New,SOUTHSIDE BANCSHARES INC,853.0,30771.0,1106.0,36391.0,253.0,5620.0
15101T102,Not New,CELEXX CORP,0.0,16000.0,0.0,16000.0,0.0,0.0
902973304,Not New,US BANCORP DEL,4145.0,112569.0,3006.0,87256.0,-1139.0,-25313.0
12709P103,Not New,CABOT MICROELECTRONICS CORP CO,4278.0,30660.0,4131.0,36192.0,-147.0,5532.0
947890109,Not New,WEBSTER FINL CORP CONN,25887.0,904818.0,12602.0,550293.0,-13285.0,-354525.0
156431108,Not New,CENTURY ALUM CO,8872.0,1244354.0,4630.0,1278976.0,-4242.0,34622.0
74965L101,Not New,RLJ LODGING TR,18917.0,2003942.0,16002.0,2072829.0,-2915.0,68887.0
98912M201,Not New,ZAP,0.0,10001.0,0.0,10001.0,0.0,0.0
05156V102,Sold Out,AURINIA PHARMACEUTICALS INC,185.0,12750.0,,,,
88160R101,Not New,TESLA INC,653.0,605.0,400.0,764.0,-253.0,159.0
428291108,Not New,HEXCEL CORP NEW,3499.0,77372.0,2448.0,65835.0,-1051.0,-11537.0
538146101,New Holding,LIVEPERSON INC,,,2080.0,50201.0,,
32055Y201,New Holding,FIRST INTST BANCSYSTEM INC,,,2602.0,84050.0,,
665859104,Not New,NORTHERN TR CORP,1615.0,20356.0,1449.0,19204.0,-166.0,-1152.0
06746Q256,Sold Out,FI ENHANCED EUR 50 ETN C BCS,288.0,5093.0,,,,
464286806,Not New,ISHARES INC MSCI GERMANY ETF,723.0,26655.0,356.0,16580.0,-367.0,-10075.0
037411105,Not New,APACHE CORP,521.0,38564.0,1749.0,418413.0,1228.0,379849.0
639050103,Not New,NATUS MED INC DEL,9833.0,450634.0,10423.0,450634.0,590.0,0.0
526057104,Not New,LENNAR CORP CL A,79154.0,1284556.0,50763.0,1328868.0,-28391.0,44312.0
097023105,Not New,BOEING CO,36174.0,197349.0,31074.0,208355.0,-5100.0,11006.0
485170302,Not New,KANSAS CITY SOUTHERN,75442.0,505339.0,67305.0,529209.0,-8137.0,23870.0
464287655,Not New,ISHARES TR RUSSELL 2000 ETF,407.0,2843.0,429.0,3752.0,22.0,909.0
30303M102,Not New,FACEBOOK INC,939998.0,4139683.0,642580.0,3852395.0,-297418.0,-287288.0
038336103,Not New,APTARGROUP INC,1867.0,16671.0,1647.0,16542.0,-220.0,-129.0
23331A109,Not New,D R HORTON INC,17675.0,318749.0,9266.0,272521.0,-8409.0,-46228.0
252131107,New Holding,DEXCOM INC,,,8738.0,21554.0,,
46435G425,New Holding,ISHARES ESG MSCI USA ETF,,,364.0,5201.0,,
696077403,New Holding,PALATIN TECHNOLOGIES INC,,,7.0,13827.0,,
260557103,New Holding,DOW INC,,,201.0,4932.0,,
084670108,Not New,BERKSHIRE HATHAWAY INC CL A,802.0,3.0,1088.0,4.0,286.0,1.0
149568107,Not New,CAVCO INDS INC DEL,12967.0,67239.0,7192.0,49621.0,-5775.0,-17618.0
46333X108,Not New,IRONWOOD PHARMACEUTICALS INC,914.0,88521.0,893.0,88468.0,-21.0,-53.0
92532F100,Not New,VERTEX PHARMACEUTICALS INC,6771.0,23323.0,5652.0,23751.0,-1119.0,428.0
088606108,Not New,BHP GROUP LTD SPONSORED AD ADR,374990.0,7540512.0,269199.0,7337119.0,-105791.0,-203393.0
05565A202,Not New,BNP PARIBAS ADR,422672.0,21279351.0,318261.0,21087056.0,-104411.0,-192295.0
G01767105,Not New,ALKERMES PLC,1687.0,86917.0,1253.0,86917.0,-434.0,0.0
82509L107,Not New,SHOPIFY INC,469.0,494.0,352.0,845.0,-117.0,351.0
552676108,Not New,M D C HLDGS INC,6097.0,170781.0,3569.0,153839.0,-2528.0,-16942.0
37959E102,Not New,GLOBE LIFE INC,800.0,10782.0,769.0,10687.0,-31.0,-95.0
705573103,Not New,PEGASYSTEMS INC,82572.0,816169.0,68210.0,957597.0,-14362.0,141428.0
45337C102,Not New,INCYTE CORP,4278.0,41146.0,3014.0,41155.0,-1264.0,9.0
78468R408,Not New,SPDR BLOOMBERG BARCLAYS SHORT,229.0,9077.0,229.0,9716.0,0.0,639.0
9993658CT,Not New,ISHARES USD CORP BOND UCITS ET,269.0,2100.0,250.0,2100.0,-19.0,0.0
78468R721,Not New,SPDR SER TR NUVN BLOOMBERG MU,215157.0,4164870.0,212704.0,4254073.0,-2453.0,89203.0
11777V208,Not New,B2W COMP DIG SPON GDR REG GDR,15564.0,394188.0,1720.0,93199.0,-13844.0,-300989.0
06048WZL7,New Holding,BANK OF AMERICA CORP,,,10.0,10000.0,,
701877102,Not New,PARSLEY ENERGY INC,866.0,81087.0,463.0,80833.0,-403.0,-254.0
03524A108,Not New,ANHEUSER BUSCH INBEV SA/NV ADR,381753.0,7743465.0,311029.0,7049621.0,-70724.0,-693844.0
999127B6T,Not New,ESC MICHIGAN ST STRATEGIC,0.0,10000.0,0.0,10000.0,0.0,0.0
464287440,Sold Out,ISHARES TR 7 10YR TR BD ETF,230.0,1896.0,,,,
922908512,New Holding,VANGUARD INDEX FDS MCAP VL IDX,,,410.0,4281.0,,
06652V208,Not New,BANNER CORP,918.0,24150.0,928.0,28096.0,10.0,3946.0
427825500,Not New,HERSHA HOSPITALITY TR,143.0,24784.0,82.0,22766.0,-61.0,-2018.0
761152107,New Holding,RESMED INC,,,6892.0,35895.0,,
91324P102,Not New,UNITEDHEALTH GROUP INC,692268.0,2347070.0,1420.0,5693.0,-690848.0,-2341377.0
15699658T,Not New,CERACON INC,0.0,23268.0,0.0,23268.0,0.0,0.0
464288695,Sold Out,ISHARES TR GLOBAL MATER ETF,241.0,4858.0,,,,
166764100,Not New,CHEVRON CORP NEW,470686.0,5274972.0,369314.0,5096800.0,-101372.0,-178172.0
35671D857,Not New,FREEPORT-MCMORAN INC,458030.0,39587723.0,258339.0,38272436.0,-199691.0,-1315287.0
12637N204,Not New,CSL LTD ADR,33216.0,336199.0,4694.0,51696.0,-28522.0,-284503.0
41164A103,Not New,HARD TO TREAT DISEASES INC,0.0,110000.0,0.0,110000.0,0.0,0.0
87161C501,Not New,SYNOVUS FINL CORP,824.0,40136.0,853.0,48561.0,29.0,8425.0
533900106,Not New,LINCOLN ELEC HLDGS INC,66879.0,793912.0,47687.0,691122.0,-19192.0,-102790.0
J44131167,Sold Out,MITSUBISHI MOTORS CORP,27.0,10000.0,,,,
060505104,Not New,BK OF AMERICA CORP,4537.0,191034.0,4599.0,216610.0,62.0,25576.0
606776201,Not New,MITSUBISHI ELEC CORP ADR,125752.0,4846992.0,118858.0,4805744.0,-6894.0,-41248.0
580135101,Not New,MCDONALDS CORP,1592.0,8629.0,1771.0,10712.0,179.0,2083.0
670100205,Not New,NOVO-NORDISK A S ADR,1013816.0,15482832.0,922568.0,15325055.0,-91248.0,-157777.0
29414B104,Not New,EPAM SYS INC,781.0,3098.0,470.0,2532.0,-311.0,-566.0
92204A603,Not New,VANGUARD INDUSTRIALS ETF,672.0,5175.0,881.0,7984.0,209.0,2809.0
032095101,Not New,AMPHENOL CORP NEW,425.0,4435.0,357.0,4903.0,-68.0,468.0
464288588,Not New,ISHARES TR MBS ETF,841491.0,7601543.0,780989.0,7071609.0,-60502.0,-529934.0
464287804,Not New,ISHARES S&P SMALL-CAP ETF,485.0,7104.0,333.0,5927.0,-152.0,-1177.0
31620M106,Not New,FIDELITY NATL INFORMATION SVCS,3355.0,25020.0,3455.0,28401.0,100.0,3381.0
56585A102,Not New,MARATHON PETE CORP,288.0,7706.0,245.0,10383.0,-43.0,2677.0
81369Y506,Not New,SPDR ENERGY SELECT SECTOR,1162.0,30693.0,1525.0,52486.0,363.0,21793.0
37947N107,Not New,GLOBAL 1 INVT HLDGS CORP,0.0,617850.0,0.0,617850.0,0.0,0.0
37247D106,Not New,GENWORTH FINL INC,40.0,17270.0,71.0,21270.0,31.0,4000.0
758750103,Not New,REGAL BELOIT CORP,51720.0,592306.0,37126.0,589776.0,-14594.0,-2530.0
855244109,Not New,STARBUCKS CORP,572974.0,7786036.0,214440.0,3261937.0,-358534.0,-4524099.0
G3922B107,Not New,GENPACT LIMITED,3009.0,82388.0,2100.0,71922.0,-909.0,-10466.0
31680Q104,Sold Out,58 COM INC SPON ADR REP A ADR,9609.0,197221.0,,,,
26884H207,Not New,ER URGENT CARE HLDGS INC,0.0,508538.0,0.0,508538.0,0.0,0.0
05545E209,Not New,BHP GROUP PLC SPONSORED AD ADR,263986.0,6415204.0,184010.0,6064931.0,-79976.0,-350273.0
048539100,Sold Out,ATLANTIC ENERGY SOLUTIONS INC,0.0,10000.0,,,,
780259107,Not New,ROYAL DUTCH SHELL PLC ADR,2242.0,73624.0,2326.0,71212.0,84.0,-2412.0
46432F396,New Holding,ISHARES TR USA MOMENTUM FCT,,,228.0,1740.0,,
046353108,Not New,ASTRAZENECA PLC ADR,895266.0,16926945.0,739417.0,16556574.0,-155849.0,-370371.0
879369106,Not New,TELEFLEX INCORPORATED,2181.0,5992.0,1703.0,5814.0,-478.0,-178.0
9991CDA7T,Not New,ESCROW OHIO ST POLLUTION,0.0,10000.0,0.0,10000.0,0.0,0.0
670346105,Not New,NUCOR CORP,8018.0,193615.0,6622.0,183844.0,-1396.0,-9771.0
H42097107,Not New,UBS GROUP AG,2455.0,212714.0,12846.0,1387251.0,10391.0,1174537.0
04537N103,Not New,ASPIRE INTERNATIONAL INC,0.0,10000.0,0.0,10000.0,0.0,0.0
037833100,Not New,APPLE INC,5220974.0,14311880.0,3564196.0,14016263.0,-1656778.0,-295617.0
808524300,Not New,SCHWAB STRATEGIC TR US LCAP GR,292.0,2871.0,237.0,2977.0,-55.0,106.0
88156J105,New Holding,TERUMO CORP ADR,,,528.0,13952.0,,
69367Q104,Not New,PT UNILEVER INDONESIA TBK ADR,361.0,32656.0,217.0,24360.0,-144.0,-8296.0
883556102,Not New,THERMO FISHER SCIENTIFIC INC,554271.0,1529698.0,267853.0,944476.0,-286418.0,-585222.0
74736A103,Not New,QTS RLTY TR INC,1407.0,21958.0,1280.0,22057.0,-127.0,99.0
704326107,Sold Out,PAYCHEX INC,229.0,3642.0,,,,
922908363,Not New,VANGUARD S&P 500 ETF,208032.0,733979.0,140826.0,594652.0,-67206.0,-139327.0
464288737,Not New,ISHARES GLOBAL CONS STAPLES,3894.0,75266.0,1863.0,38977.0,-2031.0,-36289.0
731916102,New Holding,POLYMET MINING CORP,,,9.0,20935.0,,
46138E354,Sold Out,INVESCO EXCHNG TRADED FD TR II,223.0,4747.0,,,,
433578507,Not New,HITACHI LTD ADR,67749.0,1073921.0,73325.0,1259281.0,5576.0,185360.0
767204100,Not New,RIO TINTO PLC ADR,647614.0,11527480.0,507549.0,11140243.0,-140065.0,-387237.0
82937X103,Sold Out,SINO BIOPHARMACEUTICAL LTD ADR,569.0,21581.0,,,,
216648402,Not New,COOPER COS INC,3337.0,11764.0,3121.0,11322.0,-216.0,-442.0
171340102,Not New,CHURCH& DWIGHT INC,1058.0,13686.0,875.0,13639.0,-183.0,-47.0
747619104,Not New,QUANEX BUILDING PRODUCTS CORP,1009.0,72727.0,857.0,84989.0,-152.0,12262.0
949746101,Not New,WELLS FARGO CO NEW,719.0,28078.0,2918.0,101681.0,2199.0,73603.0
149123101,Not New,CATERPILLAR INC DEL,733625.0,5799409.0,650885.0,5609147.0,-82740.0,-190262.0
46138E800,Not New,INVESCO EXCHNG TRADED FD TR II,1658.0,26120.0,1452.0,30328.0,-206.0,4208.0
59522J103,Not New,MID AMER APT CMNTYS INC,35787.0,312087.0,38373.0,372446.0,2586.0,60359.0
45253H101,Not New,IMMUNOGEN INC,186.0,40463.0,141.0,41486.0,-45.0,1023.0
70451A104,Sold Out,PaySign Inc. Class B,161.0,31285.0,,,,
70438V106,Not New,PAYLOCITY HLDG CORP,21116.0,144736.0,11930.0,135076.0,-9186.0,-9660.0
464287226,Not New,ISHARES CORE US AGGREGATE BOND,28048.0,237269.0,24449.0,211921.0,-3599.0,-25348.0
88224Q107,Not New,TEXAS CAPITAL BANCSHARES INC,6738.0,218277.0,4838.0,218235.0,-1900.0,-42.0
48283N106,Sold Out,KADMON HLDGS INC,53.0,12583.0,,,,
761299106,Not New,RETROPHIN INC,832.0,40756.0,678.0,46490.0,-154.0,5734.0
960908309,Not New,WESTPORT FUEL SYSTEMS INC,21.0,16739.0,19.0,19939.0,-2.0,3200.0
617446448,Not New,MORGAN STANLEY,408724.0,8462204.0,18868.0,554949.0,-389856.0,-7907255.0
50540R409,Not New,LABORATORY CORP AMER HLDGS,1047.0,6301.0,772.0,6111.0,-275.0,-190.0
464287432,Sold Out,ISHARES TR 20 YR TR BD ETF,209.0,1269.0,,,,
71654V408,Not New,PETROLEO BRASILEIRO SA PET ADR,337972.0,40867255.0,208409.0,37892571.0,-129563.0,-2974684.0
33616C100,Not New,FIRST REP BK SAN FRANCISCO CAL,15776.0,148848.0,12683.0,154139.0,-3093.0,5291.0
14148095T,Not New,CARDINAL CAP NET,0.0,25000.0,0.0,25000.0,0.0,0.0
66765N105,Not New,NORTHWEST NAT HLDG CO,9676.0,173435.0,10959.0,177476.0,1283.0,4041.0
58533E103,New Holding,MEITUAN DIANPING UNSPONS A ADR,,,713.0,15979.0,,
537008104,Not New,LITTELFUSE INC,61551.0,360728.0,49830.0,373481.0,-11721.0,12753.0
29977A105,Not New,EVERCORE INC,746.0,12662.0,582.0,12632.0,-164.0,-30.0
683715106,New Holding,OPEN TEXT CORP,,,723.0,17016.0,,
254543101,Not New,DIODES INC,12400.0,244583.0,9820.0,241666.0,-2580.0,-2917.0
81369Y209,Not New,SPDR HEALTH CARE SELECT SECTOR,40851.0,408224.0,66905.0,755302.0,26054.0,347078.0
54211N101,New Holding,LONDON STK EXCHANGE GROUP ADR,,,1416.0,54833.0,,
192446102,Sold Out,COGNIZANT TECHNOLOGY SOLUTIONS,394.0,8489.0,,,,
64110L106,Not New,NETFLIX INC COM,1549980.0,3406249.0,1218443.0,3244854.0,-331537.0,-161395.0
84763A108,Not New,SPECTRUM PHARMACEUTICALS INC,291.0,85954.0,305.0,131004.0,14.0,45050.0
65290C105,Not New,NEXTIER OILFIELD SOLUTIONS INC,7229.0,2950730.0,3521.0,3009809.0,-3708.0,59079.0
007973100,Not New,ADVANCED ENERGY INDS,11470.0,169205.0,8682.0,179042.0,-2788.0,9837.0
457985208,Not New,INTEGRA LIFESCIENCES HLDGS CP,31926.0,679430.0,31804.0,711982.0,-122.0,32552.0
872590104,New Holding,T-MOBILE US INC,,,353.0,3385.0,,
58933Y105,Not New,MERCK& CO. INC,703926.0,9102878.0,685344.0,8907511.0,-18582.0,-195367.0
71712B105,Sold Out,PHARM CONTROL LTD,0.0,43000.0,,,,
99979B9AT,New Holding,RSTK UNION GROUP INC,,,0.0,59620.0,,
512807108,Not New,LAM RESEARCH CORP,269684.0,833746.0,130109.0,542121.0,-139575.0,-291625.0
911312106,Not New,UNITED PARCEL SERVICE INC,5899.0,53058.0,4806.0,51447.0,-1093.0,-1611.0
438128308,New Holding,HONDA MOTOR LTD ADR,,,159809.0,6252317.0,,
64051T100,Not New,NEOPHOTONICS CORP,1681.0,189266.0,1617.0,223056.0,-64.0,33790.0
000375204,Not New,ABB LTD ADR,317972.0,14094504.0,230910.0,13378322.0,-87062.0,-716182.0
79466L302,Not New,SALESFORCE COM INC,2155485.0,11506350.0,1565566.0,10873498.0,-589919.0,-632852.0
21870Q105,Not New,CORESITE RLTY CORP,27676.0,228612.0,27264.0,235241.0,-412.0,6629.0
606827202,Sold Out,MITSUI& CO LTD ADR,1017.0,3651.0,,,,
977874205,Not New,WOLTERS KLUWER N V ADR,1015.0,12998.0,926.0,13144.0,-89.0,146.0
375558103,Not New,GILEAD SCIENCES INC,268.0,3484.0,364.0,4874.0,96.0,1390.0
45168D104,New Holding,IDEXX LABS INC,,,5917.0,17921.0,,
422806109,Not New,HEICO CORP NEW,81264.0,815498.0,84769.0,1136162.0,3505.0,320664.0
461202103,Not New,INTUIT,544.0,1838.0,685.0,2978.0,141.0,1140.0
637870106,Not New,NATIONAL STORAGE AFFILIATES TR,254.0,8878.0,263.0,8878.0,9.0,0.0
25470F104,Not New,DISCOVERY INC COM SER A,1414.0,67017.0,1251.0,64362.0,-163.0,-2655.0
207410101,Not New,CONMED CORP,23037.0,320006.0,17980.0,313952.0,-5057.0,-6054.0
126132109,Not New,CNOOC LIMITED ADR,277.0,2456.0,817.0,7895.0,540.0,5439.0
89469A104,Not New,TREEHOUSE FOODS INC,313.0,7151.0,319.0,7222.0,6.0,71.0
42551N104,Not New,HENGAN INTL GROUP CO LTD UNSPO,581.0,14828.0,419.0,11135.0,-162.0,-3693.0
157085101,Sold Out,CERUS CORP,82.0,17604.0,,,,
86745T105,Sold Out,SUNNY OPTICAL TECH GRP CO ADR,292.0,2176.0,,,,
29250N105,New Holding,ENBRIDGE INC,,,229.0,7518.0,,
40056EE20,Sold Out,GS FIN CORP,63.0,65000.0,,,,
20825C104,Not New,CONOCOPHILLIPS,201813.0,4802772.0,140771.0,4570484.0,-61042.0,-232288.0
N07059210,Not New,ASML HOLDING N V NYS,1304972.0,3545831.0,903594.0,3453577.0,-401378.0,-92254.0
891160509,Sold Out,TORONTO DOMINION BK ONT,209.0,4930.0,,,,
729132100,Not New,PLEXUS CORP,40474.0,573605.0,31557.0,578382.0,-8917.0,4777.0
74736K101,Not New,QORVO INC COM,91698.0,829621.0,78116.0,968820.0,-13582.0,139199.0
456788108,Not New,INFOSYS LTD ADR,276032.0,28574752.0,258987.0,31545274.0,-17045.0,2970522.0
M3760D101,Not New,ELBIT SYS LTD,5241.0,38241.0,4883.0,38242.0,-358.0,1.0
464287341,Not New,ISHARES GLOBAL ENERGY ETF,58758.0,3007075.0,36102.0,2137465.0,-22656.0,-869610.0
615394202,Not New,MOOG INC,11577.0,218523.0,11023.0,218144.0,-554.0,-379.0
9995ED22T,Not New,ESCROW LEHMAN BROS HLDG,0.0,28000.0,0.0,28000.0,0.0,0.0
743187106,Sold Out,PROGENICS PHARMACEUTICALS INC,399.0,105125.0,,,,
M85548101,Not New,STRATASYS LTD,34088.0,2149291.0,35555.0,2229123.0,1467.0,79832.0
743312100,Not New,PROGRESS SOFTWARE CORP,26253.0,677504.0,22768.0,711506.0,-3485.0,34002.0
72201R817,Not New,PIMCO ETF TR INV GRD CRP BD,377.0,3301.0,349.0,3301.0,-28.0,0.0
828234203,Not New,SILVER STAR ENERGY INC,0.0,25750.0,0.0,25750.0,0.0,0.0
302130109,Not New,EXPEDITORS INTL WASH INC,1544.0,20305.0,1555.0,23308.0,11.0,3003.0
922908736,Not New,VANGUARD INDEX FDS GROWTH ETF,1952.0,9659.0,3853.0,24589.0,1901.0,14930.0
76118Y104,Sold Out,RESIDEO TECHNOLOGIES INC COM,52.0,10717.0,,,,
16115Q308,Not New,CHART INDS INC,51900.0,1070314.0,23756.0,819738.0,-28144.0,-250576.0
194162103,Not New,COLGATE PALMOLIVE CO,354.0,4836.0,723.0,10891.0,369.0,6055.0
N22717107,Not New,CORE LABORATORIES N V,18453.0,908137.0,9625.0,930831.0,-8828.0,22694.0
45780R101,Not New,INSTALLED BLDG PRODS INC,2773.0,40310.0,1882.0,47200.0,-891.0,6890.0
25243Q205,Not New,DIAGEO P L C ADR,33924.0,252428.0,31430.0,247248.0,-2494.0,-5180.0
92936U109,Not New,WP CAREY INC,385.0,5685.0,310.0,5332.0,-75.0,-353.0
151290889,Sold Out,CEMEX SAB DE CV ADR,4796.0,2262363.0,,,,
867224107,Sold Out,SUNCOR ENERGY INC NEW,187.0,11855.0,,,,
G0177J108,Sold Out,ALLERGAN PLC,345.0,1949.0,,,,
478160104,Not New,JOHNSON& JOHNSON,98682.0,701710.0,194617.0,1484154.0,95935.0,782444.0
371924101,Not New,GENOIL INC,8.0,448496.0,4.0,448496.0,-4.0,0.0
86211A101,Sold Out,STORAGE COMPUTER CORP,0.0,125400.0,,,,
090572207,Not New,BIO RAD LABS INC,88389.0,195771.0,74019.0,211144.0,-14370.0,15373.0
594972408,Not New,MICROSTRATEGY INC,3312.0,28000.0,3307.0,28000.0,-5.0,0.0
88162G103,Not New,TETRA TECH INC NEW,1259.0,15907.0,1120.0,15864.0,-139.0,-43.0
02263T104,Not New,AMADEUS IT GROUP S A ADR,958.0,18393.0,876.0,18489.0,-82.0,96.0
98138H101,Not New,WORKDAY INC,679.0,3622.0,484.0,3716.0,-195.0,94.0
40433UVU7,New Holding,HSBC USA INC NEW,,,10.0,10000.0,,
81369Y605,Not New,SPDR FINANCIALS SELECT SECTOR,1538.0,66479.0,2057.0,98778.0,519.0,32299.0
674599105,Not New,OCCIDENTAL PETE CORP,11973.0,654260.0,7941.0,685712.0,-4032.0,31452.0
92204A702,Not New,VANGUARD WORLD FDS INF TECH ET,672.0,2411.0,581.0,2744.0,-91.0,333.0
999950DDT,Not New,ESCROW EXCO RESOURCES INC,0.0,40000.0,0.0,40000.0,0.0,0.0
539439109,Not New,LLOYDS BANKING GROUP PLC ADR,28.0,18781.0,60.0,39641.0,32.0,20860.0
73278L105,Not New,POOL CORPORATION,82537.0,303589.0,74854.0,380414.0,-7683.0,76825.0
464288836,Not New,ISHARES TR U.S. PHARMA ETF,863.0,5607.0,1625.0,12078.0,762.0,6471.0
46434V407,Not New,ISHARES TR 0-5YR HI YL CP,457.0,10654.0,440.0,10766.0,-17.0,112.0
494386204,Not New,KIMBERLY CLRK DE MEX SAB D ADR,314.0,40514.0,229.0,29757.0,-85.0,-10757.0
68902V107,New Holding,OTIS WORLDWIDE CORP,,,121840.0,2142813.0,,
01609W102,Not New,ALIBABA GROUP HLDG LTD ADR,2922654.0,13549626.0,2579651.0,13264349.0,-343003.0,-285277.0
502117203,Not New,L OREAL CO ADR,928409.0,14466383.0,732352.0,13969085.0,-196057.0,-497298.0
87157D109,Not New,SYNAPTICS INC,79185.0,1317111.0,93322.0,1612619.0,14137.0,295508.0
01988P108,Not New,ALLSCRIPTS HEALTHCARE SOLUTNS,43587.0,6438309.0,37521.0,5329691.0,-6066.0,-1108618.0
451944102,New Holding,ICON INTL HLDGS INC,,,0.0,20000.0,,
58733R102,Not New,MERCADOLIBRE INC COM,221623.0,224822.0,103849.0,212553.0,-117774.0,-12269.0
449395102,Not New,IDM INTL LTD ADR,0.0,12400.0,0.0,12400.0,0.0,0.0
K72807132,Sold Out,NOVO NORDISK A S,205.0,3500.0,,,,
539830109,Not New,LOCKHEED MARTIN CORP,886.0,2428.0,831.0,2450.0,-55.0,22.0
576690101,Not New,MATERION CORP,10795.0,175565.0,6408.0,183035.0,-4387.0,7470.0
747525103,Not New,QUALCOMM INC,28899.0,316836.0,21629.0,319725.0,-7270.0,2889.0
46266C105,Not New,IQVIA HLDGS INC,2219.0,15643.0,1697.0,15733.0,-522.0,90.0
97650W108,Not New,WINTRUST FINL CORP,29611.0,678836.0,14243.0,433434.0,-15368.0,-245402.0
532457108,Not New,LILLY ELI& CO,738642.0,4498977.0,601275.0,4334447.0,-137367.0,-164530.0
78464A383,Not New,SPDR SERIES TRUST PORTFLIO MOR,734.0,27411.0,663.0,24833.0,-71.0,-2578.0
89355M105,Sold Out,TRANSCOASTAL CORP NEW,0.0,16333.0,,,,
34959E109,New Holding,FORTINET INC,,,295.0,2147.0,,
073685109,Not New,BEACON ROOFING SUPPLY INC,29608.0,1122788.0,19150.0,1157786.0,-10458.0,34998.0
889478103,Not New,TOLL BROTHERS INC,4692.0,143965.0,1595.0,82841.0,-3097.0,-61124.0
759530108,New Holding,RELX PLC SPONSORED ADR ADR,,,14122.0,599418.0,,
9995B12BT,New Holding,HALYK SAVINGS BANK EA REPR GDR,,,283.0,22788.0,,
68268M105,New Holding,ONELIFE TECHNOLOGIES CORP,,,0.0,16000.0,,
68554V108,Not New,ORASURE TECHNOLOGIES INC,2895.0,248940.0,3100.0,288070.0,205.0,39130.0
024835100,Not New,AMERICAN CAMPUS CMNTYS INC,442.0,12647.0,317.0,11419.0,-125.0,-1228.0
016255101,Not New,ALIGN TECHNOLOGY INC,103154.0,375870.0,67748.0,389466.0,-35406.0,13596.0
826197501,Not New,SIEMENS A G ADR,788045.0,13395108.0,548699.0,12909979.0,-239346.0,-485129.0
99921EC2T,Not New,NOVATEK OAO GDR EACH REPR GDR,7083.0,49812.0,2029.0,17600.0,-5054.0,-32212.0
97654L108,Sold Out,WIRECARD AG ADR,1172.0,20866.0,,,,
00950R100,Not New,AIRPORTS OF THAILAND PUB C ADR,496.0,25291.0,296.0,19116.0,-200.0,-6175.0
647581107,New Holding,NEW ORIENTAL ED& TECH GRP ADR,,,884.0,6791.0,,
716382106,Not New,PETMED EXPRESS INC,3624.0,101690.0,3425.0,118992.0,-199.0,17302.0
316092600,Not New,FIDELITY MSCI HLTH CARE I,409.0,8218.0,423.0,9833.0,14.0,1615.0
737010108,Sold Out,PORTOLA PHARMACEUTICALS INC,330.0,46245.0,,,,
828730200,New Holding,SIMMONS 1ST NATL CORP,,,2310.0,135000.0,,
46432F842,Not New,ISHARES TR CORE MSCI EAFE,330.0,5775.0,461.0,9249.0,131.0,3474.0
74441M103,Sold Out,PT BK NEGARA INDONESIA PER ADR,158.0,26984.0,,,,
779562107,Sold Out,ROWE PRICE NEW HORIZONS FD INC,368.0,7062.0,,,,
84857J106,Not New,SPIRAL TOYS INC,0.0,12000.0,0.0,12000.0,0.0,0.0
17290L106,Not New,CITIC SECS CO LTD UNSP ADR ADR,431.0,22794.0,306.0,16703.0,-125.0,-6091.0
25157Y202,Not New,DEUTSCHE POST AG ADR,2722.0,74442.0,2031.0,74722.0,-691.0,280.0
501242101,Not New,KULICKE& SOFFA INDS INC,9030.0,433499.0,9738.0,466591.0,708.0,33092.0
69912K99T,Not New,ESCROW PARAGON TRADE BRANDS,0.0,27000.0,0.0,27000.0,0.0,0.0
714046109,Not New,PERKINELMER INC,6575.0,67026.0,4936.0,65573.0,-1639.0,-1453.0
451107106,Not New,IDACORP INC,24782.0,283642.0,25702.0,292763.0,920.0,9121.0
46429B697,Not New,ISHARES TR MSCI MIN VOL ETF,227.0,3736.0,217.0,4026.0,-10.0,290.0
679580100,Not New,OLD DOMINION FREIGHT LINE INC,600.0,3539.0,971.0,7398.0,371.0,3859.0
92826J107,Not New,VIRTUAL ED LINK INC,0.0,400000.0,0.0,400000.0,0.0,0.0
61769H3H6,Sold Out,MORGAN STANLEY FIN LLC,23.0,90000.0,,,,
262037104,Not New,DRIL QUIP INC,41808.0,1403438.0,44752.0,1467283.0,2944.0,63845.0
316827104,Not New,51JOB INC ADR,5892.0,82073.0,4497.0,73255.0,-1395.0,-8818.0
808524797,New Holding,SCHWAB STRATEGIC TR US DIVIDEN,,,1078.0,20837.0,,
92189F676,Not New,VANECK VECTORS ETF TR SEMICOND,1211.0,7928.0,1010.0,8620.0,-201.0,692.0
9996A6F2T,Not New,KRANESHARES CHNA INTERNT UCITS,28817.0,745727.0,19529.0,688990.0,-9288.0,-56737.0
464287101,Not New,ISHARES TR S&P 100 ETF,839.0,5894.0,321.0,2705.0,-518.0,-3189.0
43785V102,Not New,HOMESTREET INC,693.0,28140.0,626.0,28140.0,-67.0,0.0
836301200,New Holding,SOUTH AMERN GOLD CORP COM NEW,,,0.0,21000.0,,
74752K100,Not New,QUALICORP S A SPON ADR ADR,2661.0,501249.0,1698.0,368251.0,-963.0,-132998.0
654902204,Not New,NOKIA CORP ADR,50.0,11458.0,33.0,10500.0,-17.0,-958.0
98419M100,Not New,XYLEM INC,1310.0,20170.0,1287.0,19753.0,-23.0,-417.0
99919747T,Not New,ESCROW LEHMAN BROS HLDGS 04.00,0.0,10000.0,0.0,10000.0,0.0,0.0
464288760,Not New,ISHARES US AEROSPACE& DEF ETF,423.0,2569.0,725.0,5040.0,302.0,2471.0
827906207,Not New,SILVERADO GOLD MINES LTD,0.0,20000.0,0.0,20000.0,0.0,0.0
60877T100,Not New,MOMENTA PHARMACEUTICALS INC,1793.0,53892.0,1819.0,66859.0,26.0,12967.0
464287515,Not New,ISHARES TR EXPANDED TECH,2039.0,7172.0,4217.0,20054.0,2178.0,12882.0
67060U208,Not New,NUTRA PHARMA CORP,0.0,100063.0,0.0,100063.0,0.0,0.0
563122100,Not New,MANHATTAN SCIENTIFICS INC,0.0,40000.0,0.0,40000.0,0.0,0.0
50125N104,Not New,KUMBA IRON ORE LTD ADR,1428.0,160783.0,355.0,67840.0,-1073.0,-92943.0
00191J107,Not New,APT MOTO VOX GROUP INC,0.0,550000.0,0.0,550000.0,0.0,0.0
464287457,Not New,ISHARES TR 1 3 YR TR BD ETF,22134.0,255557.0,22480.0,259372.0,346.0,3815.0
83587V108,Not New,SORRENTO TECH INC,0.0,10365.0,0.0,10365.0,0.0,0.0
565849106,Not New,MARATHON OIL CORP,41387.0,6762563.0,20754.0,6308254.0,-20633.0,-454309.0
641069406,Not New,NESTLE S A ADR,432725.0,3914724.0,388021.0,3775056.0,-44704.0,-139668.0
70450Y103,Not New,PAYPAL HLDGS INC,1697814.0,9744668.0,670500.0,7003347.0,-1027314.0,-2741321.0
91913Y100,Not New,VALERO ENERGY CORP NEW COM,1780.0,30258.0,1300.0,28662.0,-480.0,-1596.0
464287127,New Holding,ISHARES TR MRNGSTR LG-CP ET,,,234.0,1343.0,,
806407102,Not New,HENRY SCHEIN INC,363.0,6210.0,311.0,6147.0,-52.0,-63.0
87974R208,Not New,TEMENOS GROUP AG ADR,3391.0,21837.0,1792.0,13662.0,-1599.0,-8175.0
983134107,Not New,WYNN RESORTS LTD,472.0,6340.0,382.0,6340.0,-90.0,0.0
695127100,Not New,PACIRA BIOSCIENCES INC,1183.0,22552.0,876.0,26117.0,-307.0,3565.0
74347M108,Not New,PROPETRO HLDG CORP,9007.0,1752416.0,4381.0,1752416.0,-4626.0,0.0
47215P106,Not New,JD.COM INC ADR,466025.0,7743858.0,331223.0,8178337.0,-134802.0,434479.0
571748102,Not New,MARSH& MCLENNAN COS INC,249.0,2322.0,246.0,2843.0,-3.0,521.0
G8994E103,Not New,TRANE TECHNOLOGIES PLC,1017.0,11433.0,934.0,11305.0,-83.0,-128.0
126408103,Not New,CSX CORP,307803.0,4413577.0,236779.0,4132269.0,-71024.0,-281308.0
464288513,Not New,ISHARES TR IBOXX HI YD ETF,230426.0,2823154.0,219099.0,2842856.0,-11327.0,19702.0
09062X103,Not New,BIOGEN INC,24857.0,92905.0,29621.0,93625.0,4764.0,720.0
464288257,Not New,ISHARES MSCI ACWI ETF,6799.0,92232.0,5771.0,92232.0,-1028.0,0.0
64107S106,Not New,NET WORLD MARKETING INC,0.0,20000.0,0.0,20000.0,0.0,0.0
808524607,New Holding,SCHWAB STRATEGIC TR US SML CAP,,,335.0,5120.0,,
802899203,Not New,SANTO MNG CORP,0.0,110000.0,0.0,110000.0,0.0,0.0
N97284108,Not New,YANDEX N V,294414.0,5885935.0,63882.0,1876119.0,-230532.0,-4009816.0
464287242,Not New,ISHARES TR IBOXX INV CP ETF,1979883.0,14720318.0,1839339.0,14892227.0,-140544.0,171909.0
75513E101,New Holding,RAYTHEON TECHNOLOGIES CORP,,,321142.0,5211652.0,,
74365P108,Not New,PROSUS N V SPONSORED ADR,644.0,34625.0,638.0,46024.0,-6.0,11399.0
464287507,Sold Out,ISHARES S&P MID-CAP ETF,508.0,3532.0,,,,
64128F109,New Holding,NEVADA COPPER CORP CDA,,,3.0,24000.0,,
690742101,Not New,OWENS CORNING NEW,10419.0,186859.0,1194.0,30774.0,-9225.0,-156085.0
464286749,Not New,ISHARES MSCI SWITZERLAND ETF,968.0,24837.0,824.0,23308.0,-144.0,-1529.0
82968B103,Not New,SIRIUS XM HLDGS INC,71.0,12154.0,50.0,10125.0,-21.0,-2029.0
78463V107,Not New,SPDR GOLD TR GOLD SHS,343.0,2048.0,416.0,2813.0,73.0,765.0
580037703,Not New,MCDERMOTT INTL INC COM,1.0,14213.0,1.0,12138.0,0.0,-2075.0
30212P303,New Holding,EXPEDIA GROUP INC,,,418.0,5089.0,,
999E5491T,Not New,ESCROW WONDER AUTO TECHNOLOGY,0.0,10370.0,0.0,10370.0,0.0,0.0
74112D101,Not New,PRESTIGE CONSUMER HEALTHCARE I,29847.0,794655.0,29935.0,816121.0,88.0,21466.0
035710409,Not New,ANNALY CAPITAL MANAGEMENT INC,172.0,26216.0,106.0,20819.0,-66.0,-5397.0
464288885,New Holding,ISHARES TR EAFE GRWTH ETF,,,208.0,2497.0,,
70343P103,Not New,PATTEN ENERGY SOLUTIONS GROUP,0.0,14997.0,0.0,14997.0,0.0,0.0
955306105,Not New,WEST PHARMACEUTICAL SVSC INC,97143.0,427624.0,98774.0,648761.0,1631.0,221137.0
513847103,Not New,LANCASTER COLONY CORP,46969.0,303047.0,41034.0,283700.0,-5935.0,-19347.0
88032Q109,Not New,TENCENT HLDGS LTD ADR ADR,2099890.0,32641606.0,1541414.0,31423824.0,-558476.0,-1217782.0
67020Y100,Not New,NUANCE COMMUNICATIONS INC,2736.0,108134.0,1711.0,101979.0,-1025.0,-6155.0
92343V104,Not New,VERIZON COMMUNICATIONS INC,2210.0,40093.0,2250.0,41876.0,40.0,1783.0
60740F105,Not New,MOBILE MINI INC,10022.0,339730.0,7625.0,290683.0,-2397.0,-49047.0
464287291,Not New,ISHARES GLOBAL TECH ETF,153550.0,651907.0,108929.0,597329.0,-44621.0,-54578.0
H57312649,Not New,NESTLE S A,410.0,3711.0,344.0,3318.0,-66.0,-393.0
351676101,Not New,FOY JOHNSON INC,0.0,50000.0,0.0,50000.0,0.0,0.0
045487105,New Holding,ASSOCIATED BANC CORP,,,2640.0,193000.0,,
110448107,Not New,BRITISH AMERN TOB PLC ADR,470.0,12103.0,513.0,15004.0,43.0,2901.0
231561101,Not New,CURTISS WRIGHT CORP,11062.0,123902.0,11551.0,124998.0,489.0,1096.0
92826C839,Not New,VISA INC,4052559.0,20979235.0,3273812.0,20319088.0,-778747.0,-660147.0
423703206,Sold Out,HEMP INC,0.0,18102.0,,,,
297178105,Not New,ESSEX PPTY TR INC,965.0,4213.0,886.0,4021.0,-79.0,-192.0
464287465,Not New,ISHARES TR MSCI EAFE ETF,533.0,8754.0,753.0,14093.0,220.0,5339.0
55305B101,Not New,M/I HOMES INC,2177.0,63199.0,1273.0,77038.0,-904.0,13839.0
786584102,Not New,SAFRAN ADR,2637.0,105249.0,2328.0,105889.0,-309.0,640.0
373737105,Not New,GERDAU SA ADR,38459.0,12992875.0,12654.0,6625040.0,-25805.0,-6367835.0
71715X104,Not New,PHARMACYTE BIOTECH INC,11.0,424853.0,12.0,412853.0,1.0,-12000.0
906693106,Sold Out,UNION GROUP INC,0.0,59620.0,,,,
46429B267,New Holding,ISHARES TR US TREAS BD ETF,,,380.0,13591.0,,
147448104,Not New,CASELLA WASTE SYS INC,863.0,16551.0,774.0,19808.0,-89.0,3257.0
719005100,Sold Out,PHOENIX ASSOCIATES LAND SYNDIC,0.0,1082700.0,,,,
92189H607,New Holding,VANECK VECTORS ETF TR OIL SVCS,,,2985.0,24490.0,,
48123V102,Not New,J2 GLOBAL INC,15694.0,248282.0,19313.0,258029.0,3619.0,9747.0
810186106,Not New,SCOTTS MIRACLE GRO CO,118471.0,881023.0,108303.0,1057651.0,-10168.0,176628.0
025816109,Not New,AMERICAN EXPRESS CO,1390707.0,14608262.0,1201888.0,14039112.0,-188819.0,-569150.0
631512209,Not New,NASPERS LTD SPONSORED ADR ADR,3548.0,97440.0,1996.0,69811.0,-1552.0,-27629.0
406216101,Not New,HALLIBURTON CO,46808.0,3606154.0,23434.0,3421087.0,-23374.0,-185067.0
009279100,Not New,AIRBUS GROUP ADR ADR,27769.0,1556920.0,18805.0,1155261.0,-8964.0,-401659.0
035255108,Not New,ANIKA THERAPEUTICS INC,1364.0,36152.0,1179.0,40796.0,-185.0,4644.0
921943858,Not New,VANGUARD FTSE DEVELOPED MKT,104126.0,2684359.0,89181.0,2674882.0,-14945.0,-9477.0
01609Y108,New Holding,ALIBABA HEALTH INFO UNSPON ADR,,,631.0,10820.0,,
803054204,Not New,SAP SE ADR,1111368.0,7938340.0,853987.0,7728385.0,-257381.0,-209955.0
64359T109,Not New,NEW COLOMBIA RES INC,0.0,120000.0,0.0,120000.0,0.0,0.0
999A198BT,Not New,ESCROW LEHMAN BROTHERS HOLDING,0.0,20000.0,0.0,20000.0,0.0,0.0
90274D234,Not New,FI ENHANCED EUROPE 50 ETN UBS,543.0,4388.0,804.0,8349.0,261.0,3961.0
03071H100,Not New,AMERISAFE INC,1544.0,25252.0,1961.0,30421.0,417.0,5169.0
670002401,New Holding,NOVAVAX INC,,,600.0,7197.0,,
9995910DT,Not New,INVESCO S&P US HC UCITS ETF,2003.0,4413.0,2334.0,5722.0,331.0,1309.0
26441C204,Not New,DUKE ENERGY CORP NEW,365.0,4572.0,558.0,6902.0,193.0,2330.0
53220K504,Not New,LIGAND PHARMACEUTICALS INC,8326.0,74438.0,5697.0,78346.0,-2629.0,3908.0
282579309,Not New,EISAI LTD ADR,1064.0,13433.0,1002.0,13640.0,-62.0,207.0
46435G243,Not New,ISHARES TR ESG 1 5 YR USD,3216.0,123635.0,2679.0,107485.0,-537.0,-16150.0
19459J104,Not New,COLLEGIUM PHARMACEUTICAL INC,483.0,27606.0,584.0,35744.0,101.0,8138.0
921946406,Sold Out,VANGUARD WHITEHALL FDS HIGH DI,264.0,3731.0,,,,
30215C101,Not New,EXPERIAN PLC ADR,47561.0,1365455.0,3302.0,118292.0,-44259.0,-1247163.0
46267X108,New Holding,IQIYI INC ADR,,,645.0,27816.0,,
89677Q107,Not New,TRIP COM GROUP LTD ADR,274887.0,10605191.0,254681.0,10860613.0,-20206.0,255422.0
88823T106,Not New,TIREX CORP,0.0,24900.0,0.0,24900.0,0.0,0.0
678026105,Sold Out,OIL STS INTL INC,109.0,53867.0,,,,
92204A108,New Holding,VANGUARD WORLD FDS CONSUM DIS,,,329.0,1647.0,,
501556203,Not New,KYOCERA CORP ADS ADR,2121.0,39013.0,2389.0,40250.0,268.0,1237.0
99927D29T,Not New,ESCROW ALPHA NATURAL RESOURCES,0.0,26000.0,0.0,26000.0,0.0,0.0
002824100,Not New,ABBOTT LABS,631264.0,6904344.0,281226.0,3563878.0,-350038.0,-3340466.0
G5509L101,Not New,LIVANOVA PLC SHS,5831.0,121148.0,5563.0,122949.0,-268.0,1801.0
233051663,Sold Out,DBX ETF TR XTRACK JAPAN JPX,555.0,23160.0,,,,
921937827,Not New,VANGUARD BD INDEX FDS SHORT TR,227.0,2728.0,471.0,5732.0,244.0,3004.0
06048WFK1,New Holding,BANK OF AMERICA CORP,,,13.0,13000.0,,
922417100,Not New,VEECO INSTRS INC DEL,15134.0,1121840.0,11040.0,1153592.0,-4094.0,31752.0
21871D103,Not New,CORELOGIC INC,99094.0,1474167.0,46695.0,1528982.0,-52399.0,54815.0
22002T108,Not New,CORPORATE OFFICE PPTYS TR,12102.0,477594.0,11512.0,520220.0,-590.0,42626.0
00548A106,Not New,ADAMAS PHARMACEUTICALS INC,151.0,58963.0,170.0,58963.0,19.0,0.0
084670702,Not New,BERKSHIRE HATHAWAY INC CL B,12114.0,67860.0,14206.0,77699.0,2092.0,9839.0
37637Q105,Not New,GLACIER BANCORP INC NEW,20568.0,582815.0,20399.0,599884.0,-169.0,17069.0
974637100,New Holding,WINNEBAGO INDS INC,,,70315.0,1055468.0,,
131193104,New Holding,CALLAWAY GOLF CO,,,41038.0,2343691.0,,
54146M202,Not New,LOJAS RENNER SA SPONSORED ADR,18571.0,2419265.0,11197.0,1727945.0,-7374.0,-691320.0
75970E107,Not New,RENASANT CORP,366.0,14718.0,321.0,14718.0,-45.0,0.0
718291107,Sold Out,PHILIPPINES ROYAL OIL& ALTE,0.0,21400.0,,,,
464288745,Not New,ISHARES TR GLB CNS DISC ETF,261.0,2192.0,452.0,4779.0,191.0,2587.0
796050AAT,Not New,SAMSUNG ELECTRONIC GDR EACH RE,54097.0,49045.0,51029.0,51389.0,-3068.0,2344.0
89151E109,Not New,TOTAL SE-SPON ADR ADR,793011.0,20619119.0,748342.0,20095125.0,-44669.0,-523994.0
464287309,Sold Out,ISHARES TR S&P 500 GRWT ETF,245.0,1483.0,,,,
464286764,Not New,ISHARES INC MSCI SPAIN ETF,2992.0,133213.0,1343.0,66109.0,-1649.0,-67104.0
455793109,Not New,INDUSTRIA DE DISENO TEXTIL ADR,152.0,11451.0,148.0,11407.0,-4.0,-44.0
717081103,Not New,PFIZER INC,80193.0,2452376.0,177828.0,5448157.0,97635.0,2995781.0
50187A107,Not New,LHC GROUP INC,3943.0,22617.0,3834.0,27344.0,-109.0,4727.0
999F9485T,Not New,ESCROW ILINC COMM INC,0.0,15000.0,0.0,15000.0,0.0,0.0
00206R102,Not New,AT&T INC,2208.0,73048.0,3031.0,103963.0,823.0,30915.0
65339F101,Not New,NEXTERA ENERGY INC,705677.0,2938239.0,445.0,1847.0,-705232.0,-2936392.0
860630102,Not New,STIFEL FINL CORP,58218.0,1227448.0,49610.0,1201800.0,-8608.0,-25648.0
92932M101,Not New,WNS HLDGS LTD ADR,11160.0,202990.0,8722.0,202936.0,-2438.0,-54.0
999127BDT,Not New,KRANESHARES CHNA INTERNT UCITS,4859.0,125735.0,3359.0,118643.0,-1500.0,-7092.0
99935A1FT,Not New,ESCROW JAMES RIVER COAL CO,0.0,75000.0,0.0,75000.0,0.0,0.0
77954Q106,Not New,ROWE T PRICE BLUE CHIP GROWTH,333.0,2414.0,469.0,4341.0,136.0,1927.0
23636T100,Not New,DANONE ADR,1407.0,101769.0,1319.0,102476.0,-88.0,707.0
04911A107,New Holding,Atlantic Union Bankshares Corp,,,2548.0,110000.0,,
101137107,Not New,BOSTON SCIENTIFIC CORP,95198.0,2711424.0,69247.0,2122187.0,-25951.0,-589237.0
268948106,Not New,EAGLE BANCORP INC MD,458.0,13982.0,422.0,13982.0,-36.0,0.0
808524839,New Holding,SCHWAB STRATEGIC TR US AGGREGA,,,226.0,4026.0,,
81369Y308,Not New,SPDR CONS STAPLES SELECT SCTR,461.0,7861.0,1035.0,19000.0,574.0,11139.0
902494103,Not New,TYSON FOODS INC,1375.0,23021.0,1329.0,22972.0,-46.0,-49.0
99952ECCT,Not New,ESCROW LEHMAN BROS 5.75,0.0,30000.0,0.0,80000.0,0.0,50000.0
372460105,Not New,GENUINE PARTS CO,234.0,2691.0,216.0,3202.0,-18.0,511.0
69343P105,Not New,PJSC LUKOIL SPONSORED ADR ADR,142692.0,1925827.0,13341.0,221075.0,-129351.0,-1704752.0
816850101,Not New,SEMTECH CORP,68685.0,1315301.0,52051.0,1388027.0,-16634.0,72726.0
99990D56T,Not New,ESCROW LEHMAN BROS HLDGS INC,0.0,17314.0,0.0,17275.0,0.0,-39.0
025537101,Sold Out,AMERICAN ELEC PWR CO INC,406.0,5082.0,,,,
15201P109,Sold Out,CENTERSTATE BANK CORPORATION,822.0,47704.0,,,,
571903202,Not New,MARRIOTT INTL INC NEW,1484.0,17315.0,1269.0,16969.0,-215.0,-346.0
231021106,Not New,CUMMINS INC,12737.0,73513.0,9914.0,73262.0,-2823.0,-251.0
204319107,Not New,COMPAGNIE FIN RICHEMONTAG ADR,153022.0,23989891.0,128233.0,23383171.0,-24789.0,-606720.0
666807102,Not New,NORTHROP GRUMMAN CORP,263.0,855.0,305.0,1009.0,42.0,154.0
81768T108,Not New,SERVISFIRST BANCSHARES INC,2438.0,68186.0,2381.0,81198.0,-57.0,13012.0
870886108,New Holding,SWISS RE LTD ADR,,,408.0,21173.0,,
16119P108,Not New,CHARTER COMMUNICATIONS INC NEW,324.0,636.0,265.0,608.0,-59.0,-28.0
87612E106,Not New,TARGET CORP,416.0,3468.0,243.0,2613.0,-173.0,-855.0
17325E291,Sold Out,CITIGROUP GLOBAL MKTS HLDGS IN,5.0,29411.0,,,,
97651M109,Not New,WIPRO LTD ADR,15915.0,4808014.0,13718.0,4425222.0,-2197.0,-382792.0
438516106,Not New,HONEYWELL INTL INC,23360.0,161562.0,24352.0,182020.0,992.0,20458.0
46018A100,Not New,INTERNATIONAL PWR GROUP LTD,0.0,39000.0,0.0,39000.0,0.0,0.0
30231G102,Not New,EXXON MOBIL CORP,320552.0,7167970.0,257111.0,6771437.0,-63441.0,-396533.0
92189F718,Sold Out,VANECK VECTORS ETF TR OIL SVCS,945.0,235189.0,,,,
00287Y109,Not New,ABBVIE INC,3085.0,31421.0,2170.0,28484.0,-915.0,-2937.0
861652105,Not New,STONE MEDIA CORP,0.0,17000.0,0.0,17000.0,0.0,0.0
874039100,Not New,TAIWAN SEMICONDUCTOR MFG L ADR,1674700.0,29499743.0,1418133.0,29674267.0,-256567.0,174524.0
53223X107,Not New,LIFE STORAGE INC,6815.0,71772.0,7038.0,74441.0,223.0,2669.0
9992921AT,Not New,SK HYNIX INC GDR,24569.0,346215.0,26823.0,392461.0,2254.0,46246.0
37045V100,Sold Out,GENERAL MTRS CO,230.0,11048.0,,,,
654106103,Not New,NIKE INC,632970.0,6455579.0,487567.0,5892758.0,-145403.0,-562821.0
773903109,Not New,ROCKWELL AUTOMATION INC,29448.0,138252.0,22474.0,148924.0,-6974.0,10672.0
482480100,New Holding,KLA CORPORATION,,,276.0,1420.0,,
922908611,New Holding,VANGUARD INDEX FDS SM CP VAL E,,,408.0,3820.0,,
75886F107,Not New,REGENERON PHARMACEUTICALS,3206.0,5141.0,2511.0,5143.0,-695.0,2.0
55024U109,Not New,LUMENTUM HLDGS INC,78665.0,966043.0,75194.0,1020275.0,-3471.0,54232.0
931427108,Sold Out,WALGREENS BOOTS ALLIANCE INC,953.0,20835.0,,,,
866082100,Not New,SUMMIT HOTEL PPTYS INC,353.0,59541.0,251.0,59541.0,-102.0,0.0
112585104,Not New,BROOKFIELD ASSET MGMT INC,328.0,9964.0,301.0,6791.0,-27.0,-3173.0
999DF84CT,Sold Out,100000TH INVESCO VAN KAMPEN,0.0,79946.0,,,,
55306N104,Not New,MKS INSTRS INC,65503.0,578442.0,50915.0,625105.0,-14588.0,46663.0
02156B103,Not New,ALTERYX INC,21734.0,132298.0,11492.0,120757.0,-10242.0,-11541.0
87164U201,New Holding,SYNTHETIC BIOLOGICS INC COM NE,,,31.0,60328.0,,
494368103,Not New,KIMBERLY CLARK CORP,4488.0,31748.0,3819.0,29868.0,-669.0,-1880.0
871829107,New Holding,SYSCO CORP,,,343.0,6272.0,,
775781206,Sold Out,ROLLS ROYCE HOLDINGS PLC ADR,436.0,103189.0,,,,
81369Y704,Not New,SPDR INDUSTRIALS SELECT SECTOR,39132.0,569602.0,15544.0,263412.0,-23588.0,-306190.0
502441306,Not New,LVMH MOET HENNESSY LOU VUI ADR,965649.0,11008522.0,793213.0,10679717.0,-172436.0,-328805.0
25459R103,Not New,DISABILITY ACCESS CORP NEV,0.0,220000.0,0.0,220000.0,0.0,0.0
985817105,Not New,YELP INC,78263.0,3383629.0,47735.0,2647531.0,-30528.0,-736098.0
M22465104,Not New,CHECK POINT SOFTWARE TECH LTD,3024.0,28149.0,2776.0,27615.0,-248.0,-534.0
76169C100,Not New,REXFORD INDL RLTY INC,3149.0,76007.0,3435.0,83766.0,286.0,7759.0
FHB90320T,Not New,100000TH MARRIOT INTL INC,0.0,113038.0,0.0,113038.0,0.0,0.0
369604103,Not New,GENERAL ELECTRIC CO,1570.0,229832.0,8171.0,1029110.0,6601.0,799278.0
83175M205,Not New,SMITH& NEPHEW GROUP PLC ADR,466.0,12219.0,462.0,12874.0,-4.0,655.0
848574109,Not New,SPIRIT AEROSYSTEMS HLDGS INC,2982.0,124541.0,2734.0,114266.0,-248.0,-10275.0
30040W108,New Holding,EVERSOURCE ENERGY,,,918.0,11021.0,,
00846U101,Sold Out,AGILENT TECHNOLOGIES INC,210.0,2927.0,,,,
251542106,Not New,DEUTSCHE BOERSE ADR,3380.0,186857.0,1037.0,75635.0,-2343.0,-111222.0
279158109,Not New,ECOPETROL S A ADR,13705.0,1231394.0,16455.0,1730272.0,2750.0,498878.0
37733W105,Not New,GLAXOSMITHKLINE PLC ADR,647671.0,15878173.0,588809.0,15539965.0,-58862.0,-338208.0
336433107,Not New,FIRST SOLAR INC,1159.0,23412.0,844.0,23416.0,-315.0,4.0
655844108,Not New,NORFOLK SOUTHERN CORP,96704.0,550799.0,67951.0,465417.0,-28753.0,-85382.0
464287200,Not New,ISHARES S&P 500 ETF,1217.0,3929.0,662.0,2562.0,-555.0,-1367.0
80687P106,Not New,SCHNEIDER ELECTRIC SE ADR,240079.0,10808780.0,180447.0,10464117.0,-59632.0,-344663.0
69327R101,Not New,PDC ENERGY INC,7828.0,629278.0,4115.0,662632.0,-3713.0,33354.0
98978V103,Not New,ZOETIS INC,251.0,1828.0,217.0,1845.0,-34.0,17.0
89832Q109,New Holding,TRUIST FINANCIAL CORPORATIONCO,,,258.0,6877.0,,
858119100,Not New,STEEL DYNAMICS INC,749.0,28706.0,608.0,26990.0,-141.0,-1716.0
055262505,Not New,BASF SE ADR,2137.0,152590.0,8403.0,709992.0,6266.0,557402.0
922907746,Not New,VANGUARD MUN BD FD INC TAX EXE,549.0,10145.0,424.0,8013.0,-125.0,-2132.0
101388106,Not New,BOTTOMLINE TECH DEL INC,6740.0,132748.0,5560.0,151705.0,-1180.0,18957.0
45845P108,Not New,INTERCEPT PHARMACEUTICALS INC,3215.0,67111.0,4235.0,67258.0,1020.0,147.0
440452100,Not New,HORMEL FOODS CORP,2010.0,41638.0,1731.0,37124.0,-279.0,-4514.0
G06242104,New Holding,ATLASSIAN CORP PLC CL A,,,84433.0,468369.0,,
492089107,Not New,KERING S A ADR,1487.0,27341.0,1415.0,27092.0,-72.0,-249.0
554489104,Not New,MACK CALI RLTY CORP,3634.0,237684.0,3622.0,237812.0,-12.0,128.0
609207105,Not New,MONDELEZ INTL INC,519.0,10150.0,521.0,10405.0,2.0,255.0
G3777B103,Not New,GEELY AUTOMOTIVE HLDGS LTD,25.0,16000.0,23.0,16000.0,-2.0,0.0
237545108,Not New,DASSAULT SYS S A ADR,3825.0,22171.0,3305.0,22315.0,-520.0,144.0
46434V738,Not New,ISHARES TR CORE MSCI EURO,1258.0,29415.0,1642.0,44293.0,384.0,14878.0
337344105,New Holding,FIRST TR NAS100 EQ WEIGHTED IX,,,252.0,3149.0,,
882610108,New Holding,TEXAS PAC LD RTY TR,,,260.0,438.0,,
775133101,Not New,ROGERS CORP,21612.0,173450.0,16895.0,178932.0,-4717.0,5482.0
46625H100,Not New,JPMORGAN CHASE& CO,595671.0,6332878.0,543755.0,6039705.0,-51916.0,-293173.0
902677780,Not New,FI ENHANCED LRG CAP GROWTH UBS,67306.0,187402.0,886263.0,3827365.0,818957.0,3639963.0
189464100,Not New,CLOVIS ONCOLOGY INC,316.0,46878.0,298.0,46811.0,-18.0,-67.0
11135F101,Not New,BROADCOM INC COM,589.0,1865.0,473.0,1995.0,-116.0,130.0
902788108,Not New,UMB FINL CORP,14306.0,277526.0,13378.0,288451.0,-928.0,10925.0
92256R207,Not New,VELATEL GLOBAL COMMUNICATIONS,0.0,10000.0,0.0,10000.0,0.0,0.0
395259104,Not New,GREENHILL& CO INC,4780.0,478447.0,4708.0,478447.0,-72.0,0.0
922908744,Sold Out,VANGUARD INDEX FDS VALUE ETF,308.0,3454.0,,,,
679295105,New Holding,OKTA INC,,,287.0,1435.0,,
502431109,Not New,L3HARRIS TECHNOLOGIES INC,626.0,3687.0,646.0,3587.0,20.0,-100.0
M98068105,New Holding,WIX COM LTD,,,541.0,2111.0,,
23283R100,Not New,CYRUSONE INC,30792.0,423263.0,27251.0,441317.0,-3541.0,18054.0
85207H104,Sold Out,SPROTT PHYSICAL GOLD TRUST UNI,199.0,15135.0,,,,
948596101,Sold Out,WEIBO CORP ADR,115550.0,3489895.0,,,,
427746102,Not New,HERON THERAPEUTICS INC,845.0,57463.0,771.0,65699.0,-74.0,8236.0
436440101,Not New,HOLOGIC INC,881.0,15449.0,549.0,15628.0,-332.0,179.0
59001A102,Not New,MERITAGE HOMES CORP,107205.0,1408368.0,43393.0,1188513.0,-63812.0,-219855.0
78486Q101,Not New,SVB FINANCIAL GROUP,162163.0,752390.0,118016.0,781152.0,-44147.0,28762.0
78462F103,Not New,SPDR S&P 500 ETF TR TR UNIT,1668.0,5410.0,2129.0,8260.0,461.0,2850.0
82771R105,Not New,SILVER FALCON MNG INC,0.0,21900.0,0.0,21900.0,0.0,0.0
538034109,Not New,LIVE NATION ENTERTAINMENT INC,1079.0,24334.0,1106.0,24327.0,27.0,-7.0
20030N101,Not New,COMCAST CORP NEW CL A,7874.0,201988.0,7344.0,213602.0,-530.0,11614.0
949902209,Not New,WELLSTAR INTL INC,0.0,10000.0,0.0,10000.0,0.0,0.0
452308109,Not New,ILLINOIS TOOL WKS INC,361.0,2065.0,2287.0,16093.0,1926.0,14028.0
023135106,Not New,AMAZON COM INC COM,4552963.0,1650329.0,3157210.0,1619314.0,-1395753.0,-31015.0
431475102,Not New,HILL ROM HLDGS INC,81817.0,745286.0,86872.0,863540.0,5055.0,118254.0
731068102,New Holding,POLARIS INC COM,,,37933.0,409864.0,,
30034W106,Sold Out,EVERGY INC,242.0,4392.0,,,,
244199105,Not New,DEERE& CO,11845.0,75373.0,9900.0,71659.0,-1945.0,-3714.0
055622104,Not New,BP PLC SPONSORED ADR ADR,232618.0,9975049.0,230009.0,9430482.0,-2609.0,-544567.0
26614N102,Not New,DUPONT DE NEMOURS INC,280.0,5267.0,216.0,6322.0,-64.0,1055.0
03662Q105,Not New,ANSYS INC,1330.0,4559.0,1330.0,5722.0,0.0,1163.0
516544103,Not New,LANTHEUS HLDGS INC,1067.0,74610.0,816.0,63950.0,-251.0,-10660.0
45074N105,Not New,IZON NETWORK INC,1.0,62500.0,1.0,62500.0,0.0,0.0
G4474Y214,Not New,JANUS HENDERSON GROUP PLC ORD,26407.0,1247978.0,19822.0,1293876.0,-6585.0,45898.0
282914100,Not New,8X8 INC NEW,3228.0,201773.0,3184.0,229751.0,-44.0,27978.0
40417A100,Not New,H ENTERTAINMENT INC,0.0,11500.0,0.0,11500.0,0.0,0.0
76122Q105,Not New,RESOURCES CONNECTION INC,1229.0,102712.0,1277.0,116406.0,48.0,13694.0
98936J101,Not New,ZENDESK INC,18273.0,206399.0,12190.0,190445.0,-6083.0,-15954.0
889109104,New Holding,TOKYO ELEC PWR CO HLDGS IN ADR,,,121.0,39500.0,,
742718109,Not New,PROCTER& GAMBLE CO,78946.0,660251.0,164850.0,1498636.0,85904.0,838385.0
860372101,Not New,STEWART INFORMATION SVCS CORP,1898.0,58394.0,1557.0,58394.0,-341.0,0.0
928519107,Sold Out,VIVA WORLD TRADE INC,0.0,10000.0,,,,
99947758T,New Holding,OIL CO LUKOIL PJSC,,,4443.0,59834.0,,
V5633W109,Not New,MAKEMYTRIP LTD,2378.0,155217.0,1854.0,155067.0,-524.0,-150.0
G29183103,New Holding,EATON CORP PLC,,,249.0,2847.0,,
045327103,Not New,ASPEN TECHNOLOGY INC,103479.0,998734.0,115295.0,1212738.0,11816.0,214004.0
46138G706,New Holding,INVESCO EXCHNG TRADED FD TR II,,,222.0,6140.0,,
03476L102,Not New,ANGIOSOMA INC,0.0,10000.0,0.0,10000.0,0.0,0.0
46120E602,Not New,INTUITIVE SURGICAL INC,642393.0,1127342.0,350079.0,706931.0,-292314.0,-420411.0
778296103,Not New,ROSS STORES INC,2567.0,30110.0,2559.0,29420.0,-8.0,-690.0
46432F339,New Holding,ISHARES TR USA QUALITY FCTR,,,268.0,2789.0,,
456837103,Not New,ING GROEP N.V. ADR,342966.0,49705214.0,260561.0,50594355.0,-82405.0,889141.0
049164205,Not New,ATLAS AIR WORLDWIDE HLDGS,20205.0,469556.0,12457.0,485274.0,-7748.0,15718.0
626425102,Not New,MURATA MFG CO LTD ADR,163963.0,11202721.0,133337.0,10522283.0,-30626.0,-680438.0
464287408,Sold Out,ISHARES TR S&P 500 VAL ETF,260.0,2705.0,,,,
38141G104,Not New,GOLDMAN SACHS GROUP INC,432333.0,2187696.0,36741.0,237666.0,-395592.0,-1950030.0
464288661,New Holding,ISHARES TR 3 7 YR TR BD ETF,,,321.0,2402.0,,
G5876H105,Not New,MARVELL TECHNOLOGY GROUP LTD,60569.0,1727585.0,52402.0,2315606.0,-8167.0,588021.0
127203107,Not New,CACTUS INC,3281.0,159026.0,2262.0,194986.0,-1019.0,35960.0
90274D218,Not New,FI ENHANCED GLBL HIGH YLD UBS,7682.0,54239.0,1077703.0,9364815.0,1070021.0,9310576.0
69418Y106,New Holding,PACIFIC E-LINK CORP,,,0.0,150000.0,,
68389X105,Not New,ORACLE CORP,721850.0,13060435.0,638394.0,13209055.0,-83456.0,148620.0
29446M102,Not New,EQUINOR ASA SPONSORED ADR ADR,31256.0,2158581.0,26073.0,2140641.0,-5183.0,-17940.0
459200101,Not New,INTERNATIONAL BUSINESS MACHS,2104.0,17422.0,2057.0,18546.0,-47.0,1124.0
713448108,Not New,PEPSICO INC COM,9470.0,71598.0,9832.0,81864.0,362.0,10266.0
404280406,Not New,HSBC HLDGS PLC ADR,1854.0,79465.0,14818.0,529032.0,12964.0,449567.0
G81477104,Not New,SINA CORP,1070.0,29796.0,949.0,29796.0,-121.0,0.0
25754A201,Not New,DOMINOS PIZZA INC,179295.0,485315.0,222270.0,685870.0,42975.0,200555.0
722304102,Not New,PINDUODUO INC-ADR ADR,354879.0,4134195.0,148510.0,4121835.0,-206369.0,-12360.0
68213N109,Not New,OMNICELL INC,15857.0,224546.0,14821.0,225999.0,-1036.0,1453.0
69354M108,Not New,PRA HEALTH SCIENCES INC,17894.0,183926.0,13609.0,163887.0,-4285.0,-20039.0
756255204,Not New,RECKITT BENCKISER GRP PLC ADR,26966.0,1468236.0,21745.0,1425728.0,-5221.0,-42508.0
75629J101,Not New,RECRUIT HOLDINGS CO LTD ADR,4529.0,663460.0,2220.0,428669.0,-2309.0,-234791.0
69366J200,Not New,PTC THERAPEUTICS INC,9327.0,183815.0,8498.0,190486.0,-829.0,6671.0
191216100,Not New,COCA COLA CO,1894.0,42397.0,1648.0,37238.0,-246.0,-5159.0
46434G772,New Holding,ISHARES MSCI TAIWAN ETF,,,217.0,5407.0,,
48203R104,Not New,JUNIPER NETWORKS INC,1422.0,62197.0,1192.0,62297.0,-230.0,100.0
144285103,Not New,CARPENTER TECHNOLOGY CORP,10197.0,419966.0,5342.0,273966.0,-4855.0,-146000.0
911363109,Not New,UNITED RENTALS INC,5968.0,40045.0,3859.0,37503.0,-2109.0,-2542.0
443320106,Not New,HUB GROUP INC,50597.0,1057189.0,50312.0,1106489.0,-285.0,49300.0
013872106,Not New,ALCOA UPSTREAM CORP COM,37857.0,3368031.0,130.0,21142.0,-37727.0,-3346889.0
038222105,Not New,APPLIED MATLS INC,116791.0,1932020.0,74732.0,1630993.0,-42059.0,-301027.0
682189105,Not New,ON SEMICONDUCTOR CORP,22104.0,1115246.0,14307.0,1150063.0,-7797.0,34817.0
69368G105,Not New,PT BK CENT ASIA TBK ADR,732.0,14696.0,646.0,15248.0,-86.0,552.0
928298108,Not New,VISHAY INTERTECHNOLOGY INC,68682.0,4497840.0,59935.0,4159270.0,-8747.0,-338570.0
58489M109,Sold Out,MEDINAH MINERALS INC,0.0,15993.0,,,,
46434G103,Not New,ISHARES CORE MSCI EM ETF,523.0,10989.0,475.0,11740.0,-48.0,751.0
78464A631,New Holding,SPDR SER TR AEROSPACE DEF,,,339.0,3870.0,,
87724P106,Not New,TAYLOR MORRISON HOME CORP,2910.0,150842.0,1748.0,158937.0,-1162.0,8095.0
30255M100,New Holding,FBEC WORLDWIDE INC,,,0.0,20000.0,,
891092108,Not New,TORO CO,76964.0,1160147.0,79077.0,1214881.0,2113.0,54734.0
464288729,Not New,ISHARES TR GLOB INDSTRL ETF,4267.0,51151.0,3643.0,51263.0,-624.0,112.0
453836108,Not New,INDEPENDENT BANK CORP MASS,6818.0,101631.0,5975.0,92830.0,-843.0,-8801.0
982549206,Not New,WRIT MEDIA GROUP INC,0.0,16000.0,0.0,16000.0,0.0,0.0
33733E302,Sold Out,FIRST TR EXCHANGE-TRADED FD DJ,202.0,1634.0,,,,
589889104,Not New,MERIT MED SYS INC,17843.0,390869.0,13047.0,417490.0,-4796.0,26621.0
68215V109,Sold Out,OMNICITY CORP,0.0,90000.0,,,,
G4705A100,Not New,ICON PLC,1526.0,9061.0,1241.0,9128.0,-285.0,67.0
98260N108,Sold Out,WUXI BIOLOGICS CAYMAN INC ADR,488.0,18826.0,,,,
126600105,Not New,CVB FINL CORP,1195.0,63751.0,1444.0,72015.0,249.0,8264.0
44914U106,Not New,HYPERA SA ADR,7398.0,1219556.0,5450.0,1074586.0,-1948.0,-144970.0
37940X102,Not New,GLOBAL PMTS INC,5868.0,34597.0,5241.0,36341.0,-627.0,1744.0
130266109,Not New,CALIFORNIA GRAPES INTL INC,0.0,50000.0,0.0,50000.0,0.0,0.0
05964H105,Not New,BANCO SANTANDER SA ADR,286045.0,118690726.0,268461.0,114238524.0,-17584.0,-4452202.0
78464A755,Not New,SPDR SER TR S&P METALS MNG,653.0,30794.0,755.0,46799.0,102.0,16005.0
808524805,New Holding,SCHWAB STRATEGIC TR INTL EQTY,,,631.0,21220.0,,
G87110105,Not New,TECHNIPFMC LTD COM,5787.0,846026.0,5126.0,760465.0,-661.0,-85561.0
233051432,Not New,DBX ETF TR USD HY CORP,240935.0,5153689.0,222261.0,5043352.0,-18674.0,-110337.0
02209S103,Not New,ALTRIA GROUP INC,1763.0,44915.0,2335.0,60373.0,572.0,15458.0
02364W105,Sold Out,AMERICA MOVIL SAB DE CV ADR,62817.0,5332479.0,,,,
69832A205,Not New,PANASONIC CORP ADR ADR,52402.0,6016821.0,45633.0,5971275.0,-6769.0,-45546.0
999B39FCT,Not New,INVESCO S&P US TECH UCITS ETF,4206.0,16394.0,3848.0,18837.0,-358.0,2443.0
237266101,Not New,DARLING INGREDIENTS INC,44290.0,1798930.0,34976.0,1824497.0,-9314.0,25567.0
316092808,Not New,FIDELITY COVINGTON TR MSCI INF,328.0,3991.0,250.0,3980.0,-78.0,-11.0
464285105,New Holding,ISHARES GOLD TRUST ISHARES,,,420.0,24737.0,,
056752108,Not New,BAIDU INC SPON ADR ADR,2076.0,17313.0,129312.0,1282987.0,127236.0,1265674.0
00950T106,Sold Out,AIRTRONA INTL INC,0.0,10000.0,,,,
925550105,Not New,VIAVI SOLUTIONS INC,16835.0,1321415.0,15089.0,1346014.0,-1746.0,24599.0
69367U105,Not New,PT BK MANDIRI PERSERO TBK ADR,90.0,12921.0,724.0,126193.0,634.0,113272.0
464288414,Not New,ISHARES NATIONAL MUNI BOND ETF,322572.0,2795247.0,288327.0,2551344.0,-34245.0,-243903.0
849109103,Not New,SPONGETECH DELIVERY SYS INC,0.0,20000.0,0.0,20000.0,0.0,0.0
999D5458T,Not New,ESCROW WASHINGTON MUTUAL INC,0.0,27880.0,0.0,26714.0,0.0,-1166.0
14040H105,Not New,CAPITAL ONE FINL CORP,69547.0,1111156.0,58239.0,1155075.0,-11308.0,43919.0
25746U109,New Holding,DOMINION ENERGY INC,,,219.0,2696.0,,
235851102,Not New,DANAHER CORP DEL COM,495361.0,2801341.0,259988.0,1878392.0,-235373.0,-922949.0
683344105,Not New,ONTO INNOVATION INC,40942.0,1202764.0,26215.0,883553.0,-14727.0,-319211.0
880770102,Not New,TERADYNE INC,15843.0,187466.0,12596.0,232527.0,-3247.0,45061.0
369550108,Not New,GENERAL DYNAMICS CORP,1655.0,11074.0,1427.0,10785.0,-228.0,-289.0
55405W104,Not New,MYR GROUP INC DEL,1698.0,53199.0,1679.0,64111.0,-19.0,10912.0
929740108,Not New,WABTEC,470.0,8155.0,404.0,8400.0,-66.0,245.0
125269100,Not New,CF INDS HLDGS INC,677.0,24058.0,613.0,22553.0,-64.0,-1505.0
303075105,Not New,FACTSET RESH SYS INC COM,990.0,3014.0,750.0,2879.0,-240.0,-135.0
00724F101,Not New,ADOBE INC,2326501.0,5344469.0,1633171.0,5131883.0,-693330.0,-212586.0
49567R102,New Holding,KINGDEE INTL SOFTWARE GROU ADR,,,784.0,3370.0,,
487836108,Not New,KELLOGG CO,704.0,10657.0,751.0,12527.0,47.0,1870.0
465562106,Not New,ITAU UNIBANCO HLDG SA SPON ADR,133112.0,28381984.0,199019.0,44324927.0,65907.0,15942943.0
26874R108,Not New,ENI S P A ADR,25143.0,1304756.0,26415.0,1332759.0,1272.0,28003.0
33736G106,New Holding,FIRST TR EXCHANGE TRADED FD II,,,152.0,10580.0,,
743606105,Not New,PROSPERITY BANCSHARES INC,18387.0,309658.0,15722.0,325840.0,-2665.0,16182.0
46115H107,Not New,INTESA SANPAOLO S P A ADR,309436.0,26953405.0,269575.0,27510711.0,-39861.0,557306.0
695263103,Not New,PACWEST BANCORP DEL,23241.0,1179164.0,12253.0,683778.0,-10988.0,-495386.0
909747107,New Holding,UNITED CANNABIS CORP,,,0.0,19000.0,,
693475105,Not New,PNC FINL SVCS GROUP INC,913.0,8677.0,844.0,8817.0,-69.0,140.0
