CUSIP,status,NAME OF ISSUER,(x$1000)_old,PRN AMT_old,(x$1000),PRN AMT,(x$1000)_change,PRN AMT_change
45826H109,Not New,INTEGER HLDGS CORP,51807.0,1288719.0,39911.0,1355202.0,-11896.0,66483.0
44930G107,Not New,ICU MED INC,4734.0,31000.0,4568.0,31000.0,-166.0,0.0
47102X105,Not New,JANUS CAP GROUP INC,54082.0,4097127.0,55614.0,4190945.0,1532.0,93818.0
03076K108,Not New,AMERIS BANCORP,3811.0,82669.0,2097.0,48091.0,-1714.0,-34578.0
G84720104,Not New,STERIS PLC SHS USD,107511.0,1547816.0,106838.0,1585374.0,-673.0,37558.0
14915V106,Not New,CATHAY FINANCIAL-144A GDR,10423.0,650021.0,10237.0,689256.0,-186.0,39235.0
861729101,New Holding,STONE RIDGE TR II RNS RSK PR I,,,116.0,11203.0,,
62855J104,Not New,MYRIAD GENETICS INC,1171.0,61011.0,996.0,59731.0,-175.0,-1280.0
67066G104,Not New,NVIDIA CORP COM,219.0,2013.0,240.0,2249.0,21.0,236.0
29413Q102,Not New,ENVISION SOLAR INTERNATIONAL,11.0,75000.0,11.0,75000.0,0.0,0.0
58506Q109,New Holding,MEDPACE HLDGS INC COM,,,1062.0,35564.0,,
746277409,Not New,PURISIMA FDS ALL PURPOSE FD,3473.0,378378.0,3473.0,378378.0,0.0,0.0
G2519Y108,Not New,CREDICORP LTD,210948.0,1291779.0,202296.0,1281492.0,-8652.0,-10287.0
422347104,Sold Out,HEARTLAND EXPRESS INC,45441.0,2231867.0,,,,
316390889,Sold Out,FIDELITY SELECT PORTFOLIOS CHE,221.0,1500.0,,,,
70432V102,Not New,PAYCOM SOFTWARE INC,11822.0,205570.0,6124.0,134631.0,-5698.0,-70939.0
464287499,New Holding,ISHARES TR RUS MID CAP ETF,,,208.0,1113.0,,
90400P101,Not New,ULTRAPAR PARTICIPACOES S A ADR,6348.0,279283.0,5229.0,252117.0,-1119.0,-27166.0
88338H100,New Holding,THERATECHNOLOGIES INC,,,173.0,37673.0,,
931142103,Not New,WAL-MART STORES INC COM,382672.0,5308983.0,355519.0,5143509.0,-27153.0,-165474.0
999E9382T,Not New,FIIG EU EM - A USD,2016.0,15711.0,1059.0,9291.0,-957.0,-6420.0
78464A474,Not New,SPDR BLOOMBERG BARC SHT ETF,46816.0,1529420.0,590788.0,19351069.0,543972.0,17821649.0
225313105,New Holding,CREDIT AGRICOLE S A ADR ADR,,,2544.0,374550.0,,
464287333,Not New,ISHARES TR GLOBAL FINLS ETF,926.0,15201.0,878.0,15201.0,-48.0,0.0
40052P107,New Holding,GRUPO FINANCIERO BANORTE S ADR,,,215.0,7500.0,,
670704105,Not New,NUVASIVE INC,101165.0,1354648.0,94187.0,1398259.0,-6978.0,43611.0
000361105,Not New,AAR CORP,36513.0,1085722.0,36033.0,1090264.0,-480.0,4542.0
92763W103,Not New,VIPSHOP HLDGS LTD ADR,3211.0,240742.0,2660.0,241642.0,-551.0,900.0
969904101,Not New,WILLIAMS SONOMA INC,1546.0,28826.0,1834.0,37895.0,288.0,9069.0
40637H109,Not New,HALOZYME THERAPEUTICS INC,7990.0,616511.0,6549.0,662811.0,-1441.0,46300.0
517942108,Sold Out,LASALLE HOTEL PPTYS,331.0,10850.0,,,,
587200106,Sold Out,MENTOR GRAPHICS CORP,63339.0,1716970.0,,,,
471023853,New Holding,JANUS INVT FD RESH FD CL T,,,383.0,8805.0,,
498456102,Not New,KLEANGAS ENERGY TECHNOLOGIES I,0.0,20400.0,0.0,20400.0,0.0,0.0
904214103,Not New,UMPQUA HLDGS CORP,82492.0,4650040.0,90319.0,4809314.0,7827.0,159274.0
718546104,Not New,PHILLIPS 66,429.0,5420.0,762.0,8818.0,333.0,3398.0
G50871105,Not New,JAZZ PHARMACEUTICALS PLC,275.0,1896.0,207.0,1896.0,-68.0,0.0
74340W103,Not New,PROLOGIS INC,7861.0,151521.0,8905.0,168693.0,1044.0,17172.0
548661107,Not New,LOWES COS INC,2408.0,29291.0,2057.0,28923.0,-351.0,-368.0
29250X10T,Not New,100000TH ENBRIDGE ENERGY MGMT,0.0,117900.0,0.0,229046.0,0.0,111146.0
45784P101,Not New,INSULET CORP,731.0,16963.0,639.0,16963.0,-92.0,0.0
49926D109,Not New,KNOWLES CORP,2254.0,118928.0,1164.0,69640.0,-1090.0,-49288.0
099724106,Not New,BORGWARNER INC,7203.0,172360.0,7360.0,186617.0,157.0,14257.0
19765N245,New Holding,COLUMBIA FDS SER TR 1 DIVD INC,,,393.0,19652.0,,
653656108,Not New,NICE LTD ADR,5714.0,84057.0,5765.0,83837.0,51.0,-220.0
98426T106,Not New,YY INC ADS REPCOM CLA ADR,1573.0,34109.0,1521.0,38582.0,-52.0,4473.0
464287598,Not New,ISHARES TR RUS 1000 VAL ETF,341.0,2966.0,336.0,2996.0,-5.0,30.0
97717W851,Sold Out,WISDOMTREE TR JAPN HEDGE EQT,256.0,5168.0,,,,
N6596X109,Sold Out,NXP SEMICONDUCTORS N V,120513.0,1229604.0,,,,
966837106,Not New,WHOLE FOODS MKT INC,9910.0,333452.0,10945.0,355826.0,1035.0,22374.0
32051710T,Not New,100000TH FIRST HORIZON NTL CO,0.0,449493.0,0.0,449493.0,0.0,0.0
852857200,Not New,STAMPS COM INC,2951.0,24936.0,1882.0,16414.0,-1069.0,-8522.0
053015103,Sold Out,AUTOMATIC DATA PROCESSING INC,339.0,3302.0,,,,
848637104,Not New,SPLUNK INC,1425.0,22871.0,1170.0,22871.0,-255.0,0.0
269796108,Not New,EAGLE PHARMACEUTICALS INC,637.0,7680.0,459.0,5780.0,-178.0,-1900.0
460690100,Not New,INTERPUBLIC GROUP COS INC,258.0,10516.0,234.0,10005.0,-24.0,-511.0
232577205,Sold Out,CYNOSURE INC,1762.0,38635.0,,,,
004239109,Not New,ACADIA RLTY TR,30762.0,1023338.0,33784.0,1033784.0,3022.0,10446.0
05508R106,Not New,B& G FOODS INC NEW,1976.0,49092.0,1494.0,34115.0,-482.0,-14977.0
44980X109,Not New,IPG PHOTONICS CORP,14092.0,116753.0,11357.0,115053.0,-2735.0,-1700.0
405217100,Not New,HAIN CELESTIAL GROUP INC,6222.0,167266.0,7149.0,183166.0,927.0,15900.0
879360105,Not New,TELEDYNE TECHNOLOGIES INC,38969.0,308156.0,39596.0,321916.0,627.0,13760.0
29089Q105,Not New,EMERGENT BIOSOLUTIONS INC,11994.0,413020.0,13736.0,418270.0,1742.0,5250.0
900148701,Sold Out,TURKIYE GARANTI BANKASI A ADR,50.0,22936.0,,,,
171778202,Not New,CIELO S A ADR,5729.0,640894.0,5321.0,620896.0,-408.0,-19998.0
379890106,Sold Out,GLU MOBILE INC,439.0,226417.0,,,,
30219G108,Not New,EXPRESS SCRIPTS HLDG CO,22807.0,346040.0,24292.0,353137.0,1485.0,7097.0
27579R104,Not New,EAST WEST BANCORP INC,140838.0,2728895.0,144173.0,2836367.0,3335.0,107472.0
92343E102,New Holding,VERISIGN INC,,,231.0,2657.0,,
20564W105,Sold Out,COMSCORE INC,745.0,23579.0,,,,
31816Q101,New Holding,FIREEYE INC,,,25988.0,2060889.0,,
464286772,Sold Out,ISHARES MSCI STH KOR ETF,423.0,7949.0,,,,
00756M404,Not New,ADVANCED SEMICONDUCTOR ENG ADR,203274.0,31369497.0,157802.0,31309935.0,-45472.0,-59562.0
715684106,Not New,TELEKOMUNIKASI INDONESIA A ADR,522.0,16731.0,531.0,18202.0,9.0,1471.0
172062101,Not New,CINCINNATI FINL CORP,11857.0,164067.0,13204.0,174304.0,1347.0,10237.0
464286426,New Holding,ISHARES EM ASIA ETF,,,211.0,3510.0,,
464287861,Not New,ISHARES TR EUROPE ETF,4930.0,117802.0,4921.0,126800.0,-9.0,8998.0
950755108,Sold Out,WERNER ENTERPRISES INC,1257.0,46624.0,,,,
969490101,Sold Out,WILLIAMS CLAYTON ENERGY INC,2540.0,21299.0,,,,
199908104,Not New,COMFORT SYS USA INC,2479.0,67630.0,1464.0,43964.0,-1015.0,-23666.0
907818108,Not New,UNION PAC CORP,16094.0,151944.0,15994.0,154262.0,-100.0,2318.0
449172105,Not New,HYSTER YALE MATLS HANDLING INC,3517.0,62369.0,4487.0,70369.0,970.0,8000.0
20369D104,Sold Out,COMMUNITY 1ST BANCORP,71.0,15000.0,,,,
64115T104,Not New,NETSCOUT SYS INC,120167.0,3166443.0,104422.0,3314992.0,-15745.0,148549.0
57636Q104,Not New,MASTERCARD INCORPORATED,34877.0,310103.0,31584.0,305894.0,-3293.0,-4209.0
03073E105,Not New,AMERISOURCEBERGEN CORP,6014.0,67959.0,6377.0,81554.0,363.0,13595.0
G38529106,Not New,GETGO INC,0.0,315000.0,0.0,315000.0,0.0,0.0
99978505T,Not New,FED BANK GDR,4683.0,3319011.0,3265.0,3319011.0,-1418.0,0.0
03485P300,Not New,ANGLO AMERN PLC ADR,76.0,10000.0,72.0,10000.0,-4.0,0.0
806857108,Not New,SCHLUMBERGER LTD,326590.0,4181686.0,346969.0,4133047.0,20379.0,-48639.0
464288356,Not New,ISHARES CALIFORNIA MUNI BOND E,521.0,4477.0,517.0,4477.0,-4.0,0.0
22544R305,Sold Out,CREDIT SUISSE COMMODITY RETURN,58.0,11437.0,,,,
405024100,Not New,HAEMONETICS CORP,9817.0,241967.0,10760.0,267667.0,943.0,25700.0
500754106,Not New,KRAFT HEINZ CO,262.0,2889.0,252.0,2881.0,-10.0,-8.0
913017109,Not New,UNITED TECHNOLOGIES CORP,957757.0,8535397.0,923970.0,8428845.0,-33787.0,-106552.0
957090103,Not New,WESTAMERICA BANCORPORATION,889.0,15917.0,1002.0,15917.0,113.0,0.0
99968989T,Not New,FIRST FINL HLDG CO REG S GDR,7138.0,585953.0,6175.0,582528.0,-963.0,-3425.0
140193103,Sold Out,CAPITAL INCOME BLDR FD SH BEN,257.0,4455.0,,,,
02640K107,Sold Out,AMERICAN GRAPHITE TECHNOLOGIES,0.0,18000.0,,,,
55261F104,Not New,M& T BK CORP,5633.0,36406.0,6768.0,43265.0,1135.0,6859.0
88579Y101,Not New,3M CO,11244.0,58769.0,17447.0,97705.0,6203.0,38936.0
80105N105,Not New,SANOFI ADR,570852.0,12615505.0,505178.0,12492035.0,-65674.0,-123470.0
624756102,Not New,MUELLER INDS INC,41870.0,1223199.0,50134.0,1254605.0,8264.0,31406.0
22160K105,Not New,COSTCO WHSL CORP NEW,754.0,4493.0,757.0,4727.0,3.0,234.0
928563402,New Holding,VMWARE INC,,,338.0,3667.0,,
62472C102,Not New,MPHASE TECHNOLOGIES INC,0.0,126667.0,0.0,126667.0,0.0,0.0
004446100,Not New,ACETO CORP,1642.0,103850.0,1540.0,70105.0,-102.0,-33745.0
02079K107,Not New,ALPHABET INC CLASS C,337808.0,407213.0,325828.0,422156.0,-11980.0,14943.0
92204A504,New Holding,VANGUARD WORLD FDS HEALTH CAR,,,337.0,2442.0,,
315912808,Sold Out,FIDELITY COMWLTH TR NDQ CP IDX,213.0,1007.0,,,,
78423H107,Not New,SGX RES INC,0.0,10000.0,0.0,10000.0,0.0,0.0
458140100,Not New,INTEL CORP,727447.0,20167657.0,723969.0,19960539.0,-3478.0,-207118.0
00847G705,Not New,AGENUS INC,510.0,135204.0,258.0,62549.0,-252.0,-72655.0
922038104,New Holding,VANGUARD HORIZON FD INC STRATE,,,369.0,11077.0,,
922042742,New Holding,VANGUARD INTL EQUITY INDEX FD,,,358.0,5482.0,,
46435G334,Sold Out,ISHARES TR MSCI UK ETF NEW,204.0,6643.0,,,,
744320102,Sold Out,PRUDENTIAL FINL INC,228.0,2187.0,,,,
74006F105,Not New,PRAXSYN CORP,3.0,375000.0,3.0,375000.0,0.0,0.0
922908769,Not New,VANGUARD INDEX FDS TOTAL STK M,1222.0,10069.0,205.0,1781.0,-1017.0,-8288.0
92206C409,Not New,VANGUARD FDS SHRT-TERM CORP,368.0,4619.0,4683.0,58996.0,4315.0,54377.0
69366X100,Not New,PT BK RAKYAT ADR,35532.0,1824621.0,31716.0,1829959.0,-3816.0,5338.0
921908877,New Holding,VANGUARD SPECIALIZED PORTFOLIO,,,254.0,2164.0,,
205750102,Sold Out,COMSTOCK MNG INC,4.0,15525.0,,,,
311642102,Not New,FARO TECHNOLOGIES INC,1778.0,49736.0,1323.0,36738.0,-455.0,-12998.0
99972987T,Not New,ESC LEHMAN BROS 7.875,0.0,25000.0,0.0,25000.0,0.0,0.0
G4388N106,Not New,HELEN OF TROY CORP LTD,77211.0,819649.0,68495.0,811068.0,-8716.0,-8581.0
28140H203,Not New,EDUCATION RLTY TR INC,32588.0,797756.0,34315.0,811222.0,1727.0,13466.0
632525408,Not New,NATIONAL AUSTRALIA BK LTD ADR,1001.0,78742.0,1120.0,100845.0,119.0,22103.0
159864107,Not New,CHARLES RIV LABS INTL INC,41711.0,463712.0,37341.0,490104.0,-4370.0,26392.0
675232102,Not New,OCEANEERING INTL INC,18213.0,672567.0,19335.0,685398.0,1122.0,12831.0
501044101,Not New,KROGER CO,6267.0,212498.0,8624.0,249909.0,2357.0,37411.0
922042874,Not New,VANGUARD FTSE EUROPE ETF,31714.0,614963.0,26695.0,556849.0,-5019.0,-58114.0
03209R103,Not New,AMPHASTAR PHARMACEUTICALS INC,2190.0,151055.0,1830.0,99324.0,-360.0,-51731.0
00753G103,Not New,ADVANCED INFO SVC PUB LTD ADR,274.0,52856.0,303.0,73774.0,29.0,20918.0
853373108,Not New,STANDARD ENERGY CORP,6.0,725920.0,0.0,725920.0,-6.0,0.0
30249U101,Sold Out,FMC TECHNOLOGIES INC,2133.0,60045.0,,,,
86172J109,New Holding,STONE RIDGE TR III ALL ASSET V,,,138.0,12552.0,,
89417E109,Not New,TRAVELERS COMPANIES INC,297.0,2461.0,316.0,2584.0,19.0,123.0
464287325,Not New,ISHARES TR GLOB HLTHCRE ETF,1260.0,12261.0,5204.0,54887.0,3944.0,42626.0
724078100,Not New,PIPER JAFFRAY COS,4476.0,70096.0,3407.0,46998.0,-1069.0,-23098.0
455807107,Not New,INDUSTRIAL& COML BK CHINA ADR,141.0,10770.0,155.0,12907.0,14.0,2137.0
871607107,Not New,SYNOPSYS INC,27319.0,378751.0,25148.0,427251.0,-2171.0,48500.0
87164U102,Not New,SYNTHETIC BIOLOGICS INC,84.0,133967.0,102.0,133967.0,18.0,0.0
22542D423,Not New,FI ENHANCED LRG CAP GROWTH CS,983737.0,6024796.0,792933.0,5710768.0,-190804.0,-314028.0
29382R107,Not New,ENTRAVISION COMMUNICATIONS CP,1569.0,253007.0,1299.0,185572.0,-270.0,-67435.0
09247X101,Not New,BLACKROCK INC,41716.0,108774.0,28727.0,75491.0,-12989.0,-33283.0
40157Q109,Not New,GUDANG GARAM TBK PT ADR ADR,250.0,12714.0,241.0,12714.0,-9.0,0.0
9997B00CT,Not New,FIIG EU EM - B USD,695.0,5792.0,618.0,5792.0,-77.0,0.0
71714F104,Not New,PHARMERICA CORP,1655.0,70707.0,1341.0,53312.0,-314.0,-17395.0
74443G104,Not New,PT MATAHARI DEPT STORE TBK ADR,112.0,11355.0,127.0,11355.0,15.0,0.0
615369105,Not New,MOODYS CORP,242.0,2160.0,213.0,2260.0,-29.0,100.0
83404D109,New Holding,SOFTBANK GROUP CORP ADR ADR,,,33414.0,947173.0,,
904784709,Not New,UNILEVER N V NYS,1348.0,27133.0,970.0,23627.0,-378.0,-3506.0
892331307,Not New,TOYOTA MOTOR CORP ADR,3429.0,31571.0,4900.0,41810.0,1471.0,10239.0
23304Y100,Sold Out,DBS GROUP HLDGS LTD ADR,44201.0,920652.0,,,,
55068R202,Not New,LUXOTTICA GROUP S P A ADR,46564.0,845843.0,46596.0,867705.0,32.0,21862.0
72201R783,Not New,PIMCO ETF TR 0-5 HIGH YIELD,666.0,6593.0,606.0,6072.0,-60.0,-521.0
880779103,Not New,TEREX CORP NEW,12132.0,386362.0,13216.0,419167.0,1084.0,32805.0
78573J101,Not New,SABLE NAT RES INC,1.0,117581.0,1.0,117581.0,0.0,0.0
100557107,Not New,BOSTON BEER INC,48092.0,332471.0,57457.0,338282.0,9365.0,5811.0
464286608,Not New,ISHARES MSCI EURZONE ETF,15855.0,421666.0,13530.0,391052.0,-2325.0,-30614.0
20440T201,Not New,COMPANHIA BRASILEIRA DE DI ADR,24674.0,1285083.0,21268.0,1285083.0,-3406.0,0.0
025076100,New Holding,AMERICAN CENTY CAP PORTFOLIOS,,,112.0,12238.0,,
293792107,Sold Out,ENTERPRISE PRODS PARTNERS L P,236.0,8727.0,,,,
464287556,Sold Out,ISHARES TR NASDQ BIOTEC ETF,214.0,808.0,,,,
133131102,Not New,CAMDEN PPTY TR,2495.0,31012.0,3164.0,37637.0,669.0,6625.0
74144T108,Not New,PRICE T ROWE GROUP INC,10816.0,158711.0,13991.0,185897.0,3175.0,27186.0
606822104,Not New,MITSUBISHI UFJ FINL GROUP ADR,45574.0,7188355.0,50982.0,8276321.0,5408.0,1087966.0
922042858,New Holding,VANGUARD FTSE EMERGING MKT ETF,,,218.0,5494.0,,
461308108,Sold Out,INVESTMENT CO AMER CL A,628.0,17345.0,,,,
680223104,Not New,OLD REP INTL CORP,7569.0,369604.0,8372.0,440644.0,803.0,71040.0
423012301,Not New,HEINEKEN N V SPONSORED ADR L1,5295.0,124084.0,4602.0,122448.0,-693.0,-1636.0
999B19B2T,Not New,ESCROW AMR CORP,0.0,45963.0,0.0,45913.0,0.0,-50.0
052769106,Not New,AUTODESK INC,22659.0,262046.0,21185.0,286246.0,-1474.0,24200.0
14057J101,Not New,CAPITOL FED FINL INC,30317.0,2072276.0,34380.0,2088689.0,4063.0,16413.0
73935A104,Not New,POWERSHARES QQQ TRUST UNIT SER,44311.0,334722.0,36774.0,310381.0,-7537.0,-24341.0
760759100,Not New,REPUBLIC SVCS INC,2083.0,33164.0,2001.0,35075.0,-82.0,1911.0
303250104,Not New,FAIR ISAAC CORP,17045.0,132183.0,16793.0,140858.0,-252.0,8675.0
81369Y803,New Holding,SELECT SECTOR SPDR TR TECHNOLO,,,228.0,4268.0,,
999C465DT,Not New,ESCROW GLOBAL 1 INVT HLDGS,0.0,600050.0,0.0,600050.0,0.0,0.0
22542D100,Not New,FI ENHANCED EUROPE 50 ETN CS,230092.0,2159458.0,199270.0,2190504.0,-30822.0,31046.0
92937A102,Not New,WPP PLC NEW ADR,48537.0,443669.0,52583.0,475178.0,4046.0,31509.0
399909100,Not New,GRUPO FINANCIERO GALICIA S ADR,341.0,9000.0,221.0,8200.0,-120.0,-800.0
16208T102,Not New,CHATHAM LODGING TR,625.0,31650.0,475.0,23129.0,-150.0,-8521.0
286600101,Not New,ELITE TECHNOLOGIES INC,0.0,10815.0,0.0,10815.0,0.0,0.0
291011104,Sold Out,EMERSON ELEC CO,238.0,4278.0,,,,
269246401,Not New,E TRADE FINANCIAL CORP,38184.0,1094407.0,42785.0,1234762.0,4601.0,140355.0
631512100,New Holding,NASPERS LTD ADR,,,181.0,10492.0,,
98956P102,Not New,ZIMMER BIOMET HOLDINGS INC,16215.0,132791.0,15197.0,147258.0,-1018.0,14467.0
140543109,Sold Out,CAPITAL WORLD GROWTH& INCOME,422.0,9636.0,,,,
835898107,Sold Out,SOTHEBYS,22140.0,555456.0,,,,
G02602103,Not New,AMDOCS LTD,13762.0,225640.0,14814.0,254323.0,1052.0,28683.0
423452101,Not New,HELMERICH& PAYNE INC,24776.0,372174.0,30185.0,389983.0,5409.0,17809.0
29875E100,New Holding,EUROPACIFIC GROWTH FD SHS CL F,,,306.0,6219.0,,
92206C870,Not New,VANGUARD FDS INT-TERM CORP,56054.0,648926.0,36830.0,429756.0,-19224.0,-219170.0
42824C109,Not New,HEWLETT PACKARD ENTERPRISE CO,237.0,9993.0,231.0,9993.0,-6.0,0.0
99928D52T,Not New,FIIG EU US SCC - USD,18446.0,146721.0,17385.0,146721.0,-1061.0,0.0
999F551FT,Not New,VANGUARD FUNDS PLC FTSE EMERGI,48724.0,915867.0,32442.0,673767.0,-16282.0,-242100.0
31847R102,Not New,FIRST AMERN FINL CORP,55312.0,1408151.0,52985.0,1446490.0,-2327.0,38339.0
126650100,Not New,CVS HEALTH CORPORATION COM,20660.0,263189.0,10646.0,134917.0,-10014.0,-128272.0
842587107,Not New,SOUTHERN CO,378.0,7592.0,392.0,7975.0,14.0,383.0
755111507,Sold Out,RAYTHEON CO,260.0,1834.0,,,,
64110W102,New Holding,NETEASE INC SPONSORED ADR ADR,,,98415.0,346530.0,,
743315103,Not New,PROGRESSIVE CORP OHIO,5040.0,128631.0,5179.0,145885.0,139.0,17254.0
437076102,Not New,HOME DEPOT INC,1270050.0,8649798.0,1145252.0,8541556.0,-124798.0,-108242.0
464287614,Not New,ISHARES TR RUS 1000 GRW ETF,821.0,7215.0,577.0,5498.0,-244.0,-1717.0
55027E102,New Holding,LUMINEX CORP DEL COM,,,823.0,44779.0,,
307305102,Not New,FANUC CORPORATION ADR,83183.0,4061836.0,70531.0,4151588.0,-12652.0,89752.0
761713106,Not New,REYNOLDS AMERICAN INC,556.0,8816.0,501.0,8947.0,-55.0,131.0
428282107,Not New,HEXAWARE TECHNOLOGIES LTD GDR,2534.0,1528112.0,2329.0,1528112.0,-205.0,0.0
031162100,Not New,AMGEN INC,20184.0,123020.0,18004.0,123139.0,-2180.0,119.0
G5960L103,Not New,MEDTRONIC PLC,573.0,7109.0,434.0,6096.0,-139.0,-1013.0
754730109,Not New,RAYMOND JAMES FINANCIAL INC,112063.0,1469487.0,108815.0,1570886.0,-3248.0,101399.0
485865109,Sold Out,KATE SPADE& CO,41155.0,2204346.0,,,,
45321L100,Not New,IMPERVA INC,7120.0,173457.0,5239.0,136429.0,-1881.0,-37028.0
559534PAT,Not New,MAGNIT PJSC GDR,159947.0,4187090.0,183570.0,4157860.0,23623.0,-29230.0
780259206,Not New,ROYAL DUTCH SHELL PLC ADR,3428.0,65004.0,4211.0,77429.0,783.0,12425.0
68827R108,Sold Out,OSIRIS THERAPEUTICS INC NEW,173.0,35270.0,,,,
826565103,Not New,SIGMA DESIGNS INC,1218.0,194867.0,851.0,141865.0,-367.0,-53002.0
00507V109,Not New,ACTIVISION BLIZZARD INC,288.0,5775.0,227.0,6287.0,-61.0,512.0
3622N9103,Not New,GS ENVIROSERVICES INC,6.0,567833.0,6.0,567833.0,0.0,0.0
771195104,Not New,ROCHE HLDG LTD ADR,482523.0,15104940.0,427578.0,14946458.0,-54945.0,-158482.0
30255G103,Not New,FCB FINL HLDGS INC CL A,3045.0,61451.0,1939.0,40642.0,-1106.0,-20809.0
913543104,Not New,UNIVERSAL FST PRODS INC,19846.0,201404.0,21053.0,206041.0,1207.0,4637.0
94106L109,Sold Out,WASTE MGMT INC DEL,215.0,3032.0,,,,
999CCEC0T,New Holding,ESCROW CA STATEWIDE CMNTY DEV,,,0.0,10000.0,,
223622606,Not New,COWEN GROUP INC NEW CL A NEW,2438.0,163094.0,1393.0,89876.0,-1045.0,-73218.0
464289180,Not New,ISHARES MSCI EUROPE FN ETF,9925.0,488451.0,9413.0,496441.0,-512.0,7990.0
024071102,New Holding,AMERICAN BALANCED FD CL A,,,219.0,8516.0,,
206022105,Not New,CONCERT PHARMACEUTICALS INC,757.0,44363.0,372.0,36163.0,-385.0,-8200.0
G54050102,Not New,LAZARD LTD SHS A,74057.0,1610274.0,70524.0,1716334.0,-3533.0,106060.0
80007R105,Not New,SANDS CHINA LTD ADR,653.0,14095.0,3248.0,74721.0,2595.0,60626.0
464288646,Not New,ISHARES TR 1-3 YR CR BD ETF,1940.0,18432.0,2409.0,22954.0,469.0,4522.0
81762P102,Not New,SERVICENOW INC,1951.0,22307.0,1464.0,19688.0,-487.0,-2619.0
464287176,Not New,ISHARES TR TIPS BD ETF,820.0,7148.0,810.0,7160.0,-10.0,12.0
464287564,New Holding,ISHARES TR COHEN&STEER REIT,,,365.0,3654.0,,
88023U101,Not New,TEMPUR SEALY INTL INC,8501.0,182969.0,14140.0,207094.0,5639.0,24125.0
110122108,Not New,BRISTOL MYERS SQUIBB CO,36231.0,666264.0,38204.0,653730.0,1973.0,-12534.0
370334104,Not New,GENERAL MLS INC,410.0,6948.0,485.0,7845.0,75.0,897.0
74766A106,Sold Out,QUANTUM MATLS CORP,4.0,40000.0,,,,
718172109,Not New,PHILIP MORRIS INTL INC,1537.0,13617.0,1258.0,13754.0,-279.0,137.0
020409108,Not New,ALMOST FAMILY INC,2448.0,50361.0,1431.0,32451.0,-1017.0,-17910.0
320817109,Not New,FIRST MERCHANTS CORP,2379.0,60514.0,1566.0,41590.0,-813.0,-18924.0
92343X100,Not New,VERINT SYS INC,89646.0,2066766.0,74074.0,2101381.0,-15572.0,34615.0
589433101,Not New,MEREDITH CORP,61774.0,956256.0,55173.0,932765.0,-6601.0,-23491.0
172967424,Not New,CITIGROUP INC,502145.0,8394274.0,492714.0,8290661.0,-9431.0,-103613.0
07329M100,Not New,BBVA BANCO FRANCES S A ADR,227.0,12300.0,214.0,12300.0,-13.0,0.0
930059100,Not New,WADDELL& REED FINL INC,31517.0,1853968.0,36630.0,1877514.0,5113.0,23546.0
346375108,Not New,FORMFACTOR INC,3395.0,286532.0,2130.0,190196.0,-1265.0,-96336.0
189054109,Not New,CLOROX CO DEL,316.0,2341.0,303.0,2527.0,-13.0,186.0
233326107,Not New,DST SYS INC DEL,84204.0,687379.0,74626.0,696461.0,-9578.0,9082.0
737630103,Not New,POTLATCH CORP NEW COM,6528.0,142854.0,6090.0,146229.0,-438.0,3375.0
9997818DT,Not New,BANK AUDI SAL GDR,183.0,26600.0,173.0,26600.0,-10.0,0.0
02079K305,Not New,ALPHABET INC CLASS A,908302.0,1071363.0,827132.0,1043765.0,-81170.0,-27598.0
71654V101,Not New,PETROLEO BRASILEIRO SA PET ADR,1514.0,164202.0,1447.0,164202.0,-67.0,0.0
316845PDT,Not New,FIIG EU EM ESG,425511.0,4363763.0,350515.0,4053131.0,-74996.0,-310632.0
66987V109,Not New,NOVARTIS A G ADR,454657.0,6121673.0,442494.0,6074870.0,-12163.0,-46803.0
69369T106,Not New,PT JASA MARGA PERSERO TBK ADR,88.0,12742.0,146.0,22795.0,58.0,10053.0
833551104,Not New,SNYDERS-LANCE INC,15041.0,373139.0,14923.0,389239.0,-118.0,16100.0
154760409,Not New,CENTRAL PAC FINL CORP,2639.0,86410.0,1563.0,49747.0,-1076.0,-36663.0
008252108,Not New,AFFILIATED MANAGERS GROUP,4475.0,27298.0,4417.0,30398.0,-58.0,3100.0
16359R103,Not New,CHEMED CORP NEW,93651.0,512624.0,86713.0,540570.0,-6938.0,27946.0
48666K109,Not New,KB HOME,70850.0,3563871.0,58180.0,3679932.0,-12670.0,116061.0
92189F817,Not New,VANECK VECTORS ETF TR VIETNAM,1009.0,72000.0,939.0,72000.0,-70.0,0.0
962166104,Not New,WEYERHAEUSER CO,9813.0,288775.0,9541.0,317076.0,-272.0,28301.0
05946K101,Not New,BANCO BILBAO VIZCAYA ARGEN ADR,80.0,10468.0,71.0,10468.0,-9.0,0.0
911163103,Not New,UNITED NAT FOODS INC,29161.0,674556.0,34216.0,717011.0,5055.0,42455.0
277923728,New Holding,EATON VANCE MUT FDS TR GB MCRA,,,295.0,32385.0,,
17275R102,Not New,CISCO SYS INC,530454.0,15693906.0,471004.0,15585850.0,-59450.0,-108056.0
075887109,Not New,BECTON DICKINSON& CO,304.0,1659.0,291.0,1760.0,-13.0,101.0
410120109,Not New,HANCOCK HLDG CO,20780.0,456200.0,21602.0,501215.0,822.0,45015.0
921909818,Sold Out,VANGUARD STAR FD TL INT STK ID,301.0,12201.0,,,,
345370860,Not New,FORD MTR CO DEL,527.0,45294.0,10809.0,891065.0,10282.0,845771.0
99921F26T,Not New,CHINA HIGH PRECISION AUTOMATIO,0.0,3919000.0,0.0,3924871.0,0.0,5871.0
025076506,New Holding,AMERICAN CENTY CAP PORTFOLIOS,,,165.0,18349.0,,
04316A108,Not New,ARTISAN PARTNERS ASSET MGMT IN,50691.0,1836637.0,54155.0,1820328.0,3464.0,-16309.0
020002101,Not New,ALLSTATE CORP,206.0,2523.0,260.0,3504.0,54.0,981.0
316200104,Sold Out,FIDELITY MT VERNON STR TR GROW,339.0,2481.0,,,,
72341E304,Not New,PING AN INS GROUP CO CHINA ADR,239.0,21392.0,34351.0,3432084.0,34112.0,3410692.0
69367X109,Not New,PT ASTRA INTL TBK ADR,209.0,16157.0,198.0,16157.0,-11.0,0.0
83084V106,Sold Out,SKY PLC ADR,4563.0,93163.0,,,,
654744408,Not New,NISSAN MOTORS ADR,1677.0,87042.0,2083.0,103342.0,406.0,16300.0
83364L109,New Holding,SOCIETE GENERALE FRANCE SP ADR,,,2496.0,245397.0,,
072743305,Not New,BAYERISCHE MOTOREN WERKE A ADR,132889.0,4380543.0,141581.0,4548937.0,8692.0,168394.0
256135203,Not New,DR REDDYS LABS LTD ADR,222935.0,5552562.0,254560.0,5621898.0,31625.0,69336.0
466032109,Not New,J& J SNACK FOODS CORP,6705.0,49459.0,6599.0,49459.0,-106.0,0.0
594918104,Not New,MICROSOFT CORP,1228456.0,18652532.0,1146686.0,18453273.0,-81770.0,-199259.0
29272W109,Not New,ENERGIZER HLDGS INC NEW,4282.0,76808.0,3873.0,86808.0,-409.0,10000.0
31617R704,Sold Out,FIDELITY INSTL INVS TR FREEDOM,225.0,14260.0,,,,
744573106,New Holding,PUBLIC SVC ENTERPRISE GROUP,,,214.0,4825.0,,
69364M205,Not New,P T INDOCEMENT TUNGGAL PRA ADR,155.0,12470.0,143.0,12470.0,-12.0,0.0
229663109,Not New,CUBESMART,426.0,16400.0,439.0,16400.0,13.0,0.0
921909305,New Holding,VANGUARD STAR FD CONSERV GRW P,,,435.0,22968.0,,
87074U101,Sold Out,SWIFT TRANSN CO,43754.0,1796128.0,,,,
197236102,Not New,COLUMBIA BKG SYS INC,2608.0,66888.0,2106.0,47135.0,-502.0,-19753.0
204280309,Not New,COMPAGNIE DE SAINT GOBAIN ADR,5345.0,519126.0,5936.0,635873.0,591.0,116747.0
921935201,Sold Out,VANGUARD/WELLINGTON FD INC ADM,243.0,3603.0,,,,
69368A108,Not New,PT KALBE FARMA TBK ADR,325.0,14059.0,357.0,15870.0,32.0,1811.0
254687106,Not New,DISNEY WALT CO,1003124.0,8846672.0,911390.0,8744864.0,-91734.0,-101808.0
81369Y407,Not New,SELECT SECTOR SPDR TR CONS DIS,17930.0,203861.0,15674.0,192558.0,-2256.0,-11303.0
294429105,Not New,EQUIFAX INC,23170.0,169448.0,22123.0,187118.0,-1047.0,17670.0
887317303,Not New,TIME WARNER INC,1416.0,14492.0,1429.0,14803.0,13.0,311.0
L44385109,Not New,GLOBANT S A COM,393.0,10800.0,330.0,9900.0,-63.0,-900.0
128195104,Not New,CALATLANTIC GROUP INC,82694.0,2208116.0,77527.0,2279542.0,-5167.0,71426.0
60979P105,Not New,MONOGRAM RESIDENTIAL TR INC,694.0,69650.0,586.0,54125.0,-108.0,-15525.0
648018109,Not New,NEW PERSPECTIVE FD INC COM,310.0,8018.0,306.0,8665.0,-4.0,647.0
40415F101,Not New,HDFC BANK LTD ADR,614061.0,8163539.0,491662.0,8102530.0,-122399.0,-61009.0
84470P109,Not New,SOUTHSIDE BANCSHARES INC,1923.0,57277.0,1514.0,40196.0,-409.0,-17081.0
902973304,Not New,US BANCORP DEL,16302.0,316551.0,41999.0,817570.0,25697.0,501019.0
12709P103,New Holding,CABOT MICROELECTRONICS CORP CO,,,3122.0,40755.0,,
05961W105,Not New,BANCO MACRO SA ADR,390.0,4500.0,290.0,4500.0,-100.0,0.0
947890109,Not New,WEBSTER FINL CORP CONN,120150.0,2401083.0,133429.0,2458159.0,13279.0,57076.0
74965L101,Not New,RLJ LODGING TR,61133.0,2600287.0,66074.0,2698018.0,4941.0,97731.0
78470V108,New Holding,SRC ENERGY INC,,,1758.0,208251.0,,
G1991C105,Not New,CARDTRONICS PLC SHS CL A,7948.0,170000.0,9277.0,170000.0,1329.0,0.0
88160R101,New Holding,TESLA INC,,,442.0,1587.0,,
32115D106,Sold Out,FIRST NBC BK HLDG CO,355.0,48692.0,,,,
462726100,Not New,IROBOT CORP,1910.0,28883.0,1212.0,20733.0,-698.0,-8150.0
665859104,Not New,NORTHERN TR CORP,6336.0,73180.0,7722.0,86717.0,1386.0,13537.0
12802T101,Sold Out,CAL DIVE INTL INC DEL,0.0,18455.0,,,,
277276101,New Holding,EASTGROUP PPTY INC,,,662.0,9000.0,,
464286806,Not New,ISHARES MSCI GERMANY ETF,986.0,34283.0,4525.0,170865.0,3539.0,136582.0
922908710,New Holding,VANGUARD INDEX FDS 500INDEX AD,,,324.0,1486.0,,
639050103,Not New,NATUS MEDICAL INC DEL,23459.0,597674.0,21230.0,610049.0,-2229.0,12375.0
526057104,New Holding,LENNAR CORP,,,206.0,4025.0,,
097023105,Not New,BOEING CO,52628.0,297568.0,45754.0,293895.0,-6874.0,-3673.0
485170302,Not New,KANSAS CITY SOUTHERN,59876.0,698178.0,59722.0,703859.0,-154.0,5681.0
464287655,New Holding,ISHARES TR RUSSELL 2000 ETF,,,390.0,2836.0,,
30303M102,Not New,FACEBOOK INC,40915.0,288029.0,29411.0,255638.0,-11504.0,-32391.0
316845PJT,Not New,FIIG EU EM,1124727.0,10813641.0,955065.0,10353007.0,-169662.0,-460634.0
23331A109,Not New,D R HORTON INC,13787.0,413905.0,12083.0,442105.0,-1704.0,28200.0
637417106,Not New,NATIONAL RETAIL PPTYS INC,33951.0,778337.0,36384.0,823161.0,2433.0,44824.0
92532F100,Not New,VERTEX PHARMACEUTICALS INC,570.0,5213.0,381.0,5168.0,-189.0,-45.0
72201R726,New Holding,PIMCO ETF TR DIV INCM ACT ETF,,,251.0,5013.0,,
084670108,Not New,BERKSHIRE HATHAWAY INC CL A,1249.0,5.0,1221.0,5.0,-28.0,0.0
46333X108,Not New,IRONWOOD PHARMACEUTICALS INC,3461.0,202850.0,3102.0,202850.0,-359.0,0.0
737010108,Not New,PORTOLA PHARMACEUTICALS INC,1828.0,46637.0,1047.0,46637.0,-781.0,0.0
G01767105,Not New,ALKERMES PLC,6459.0,110407.0,6581.0,118407.0,122.0,8000.0
416515104,Not New,HARTFORD FINL SVCS GROUP INC,501.0,10426.0,521.0,10926.0,20.0,500.0
05565A202,Not New,BNP PARIBAS ADR,35983.0,1077786.0,2312.0,72399.0,-33671.0,-1005387.0
31787A507,Not New,FINISAR CORP,109588.0,4008322.0,125741.0,4153969.0,16153.0,145647.0
552676108,Not New,M D C HLDGS INC,2318.0,77146.0,1484.0,57850.0,-834.0,-19296.0
705573103,Not New,PEGASYSTEMS INC,71769.0,1636686.0,59741.0,1659461.0,-12028.0,22775.0
45337C102,Not New,INCYTE CORP,2012.0,15050.0,1496.0,14917.0,-516.0,-133.0
78468R408,Not New,SPDR BLOOMBERG BARCLAYS SHORT,390.0,13933.0,398.0,14378.0,8.0,445.0
353496300,Not New,FRANKLIN CUSTODIAN FDS INC INC,316.0,133909.0,245.0,106229.0,-71.0,-27680.0
891906109,Not New,TOTAL SYS SVCS INC,22469.0,420290.0,22507.0,459039.0,38.0,38749.0
741479109,Sold Out,PRICE T ROWE GROWTH STK FD INC,337.0,6325.0,,,,
78468R721,Not New,SPDR SER TR NUVN BLOOMBERG MU,221007.0,4612001.0,222029.0,4680205.0,1022.0,68204.0
03524A108,Not New,ANHEUSER BUSCH INBEV SA/NV ADR,620146.0,5650020.0,591953.0,5614125.0,-28193.0,-35895.0
464287440,Not New,ISHARES TR 7-10YR TR BD ETF,320.0,3034.0,320.0,3055.0,0.0,21.0
06652V208,Not New,BANNER CORP,1895.0,34054.0,1308.0,23444.0,-587.0,-10610.0
427825500,Not New,HERSHA HOSPITALITY TR,565.0,30067.0,466.0,21656.0,-99.0,-8411.0
391416104,Not New,GREAT WESTN BANCORP INC,3980.0,93855.0,2720.0,62398.0,-1260.0,-31457.0
761152107,Not New,RESMED INC,1508.0,20950.0,1300.0,20950.0,-208.0,0.0
91324P102,Not New,UNITEDHEALTH GROUP INC,1052.0,6414.0,1213.0,7576.0,161.0,1162.0
15699658T,Not New,CERACON INC,0.0,23268.0,0.0,23268.0,0.0,0.0
166764100,Not New,CHEVRON CORP NEW,392048.0,3651370.0,425538.0,3615449.0,33490.0,-35921.0
12637N204,Not New,CSL LTD ADR,4865.0,101770.0,4449.0,122378.0,-416.0,20608.0
533900106,Not New,LINCOLN ELEC HLDGS INC,89188.0,1026798.0,77645.0,1012711.0,-11543.0,-14087.0
22943F100,Not New,CTRIP COM INTL LTD ADR,482640.0,9819740.0,387964.0,9699094.0,-94676.0,-120646.0
060505104,Not New,BANK AMER CORP,853583.0,36184100.0,799356.0,36169952.0,-54227.0,-14148.0
580135101,Not New,MCDONALDS CORP,756.0,5833.0,929.0,7633.0,173.0,1800.0
670100205,Not New,NOVO-NORDISK A S ADR,355107.0,10359005.0,380888.0,10621538.0,25781.0,262533.0
92204A603,Not New,VANGUARD INDUSTRIALS ETF,6354.0,51351.0,5670.0,47546.0,-684.0,-3805.0
032095101,Not New,AMPHENOL CORP NEW,303.0,4260.0,298.0,4429.0,-5.0,169.0
464288588,Not New,ISHARES TR MBS ETF,410796.0,3855430.0,395956.0,3723488.0,-14840.0,-131942.0
353496805,Sold Out,FRANKLIN CUSTODIAN FDS INC INC,31.0,13410.0,,,,
31620M106,Not New,FIDELITY NATL INFORMATION SVCS,16271.0,204356.0,17276.0,228402.0,1005.0,24046.0
56585A102,Not New,MARATHON PETE CORP,386.0,7636.0,428.0,8500.0,42.0,864.0
999F289CT,Sold Out,TURKIYE GARANTI BANKASI ADS (R,1280.0,592642.0,,,,
16949N109,Not New,CHINA LODGING GROUP LTD ADR,4091.0,65937.0,3418.0,65937.0,-673.0,0.0
229899109,Not New,CULLEN FROST BANKERS INC,19241.0,216269.0,21156.0,239780.0,1915.0,23511.0
758750103,Not New,REGAL BELOIT CORP,43796.0,578923.0,39950.0,576893.0,-3846.0,-2030.0
855244109,Not New,STARBUCKS CORP,830.0,14217.0,675.0,12165.0,-155.0,-2052.0
G3922B107,Not New,GENPACT LIMITED,12756.0,515182.0,13719.0,563622.0,963.0,48440.0
741480107,Sold Out,PRICE T ROWE HEALTH SCIENCES C,395.0,6688.0,,,,
06742C129,Not New,FI ENHANCED EUROPE 50 ETN BCS,388736.0,3755903.0,337624.0,3851072.0,-51112.0,95169.0
046353108,Not New,ASTRAZENECA PLC ADR,59823.0,1921092.0,53301.0,1950999.0,-6522.0,29907.0
670346105,Not New,NUCOR CORP,5325.0,89171.0,5884.0,98851.0,559.0,9680.0
297602104,Not New,ETHAN ALLEN INTERIORS INC,1772.0,57823.0,1493.0,40517.0,-279.0,-17306.0
H42097107,Not New,UBS GROUP AG NYS,598568.0,37527776.0,574022.0,36631899.0,-24546.0,-895877.0
037833100,Not New,APPLE INC,1671972.0,11638395.0,1331702.0,11498027.0,-340270.0,-140368.0
9993B3BDT,Not New,RSTK HILL INTL INC,0.0,12000.0,0.0,12000.0,0.0,0.0
315616102,Not New,F5 NETWORKS INC,1110.0,7783.0,1126.0,7783.0,16.0,0.0
69367Q104,Not New,PT UNILEVER INDONESIA TBK ADR,567.0,8713.0,533.0,9252.0,-34.0,539.0
399874106,Sold Out,GROWTH FD AMER INC CL A,311.0,7398.0,,,,
883556102,Not New,THERMO FISHER SCIENTIFIC INC,400.0,2602.0,241.0,1707.0,-159.0,-895.0
25470F302,Not New,DISCOVERY COMM NEW COM SER C,861.0,30422.0,1393.0,52022.0,532.0,21600.0
411511306,Sold Out,HARBOR FD INTL FD INSTL,270.0,4619.0,,,,
60467599T,Not New,ESCROW MIRANT CORP COM NEW,0.0,89705.0,0.0,89684.0,0.0,-21.0
151020104,Not New,CELGENE CORP,25119.0,201869.0,23554.0,203488.0,-1565.0,1619.0
999FDEC9T,Not New,FIIG EU EM D,75472.0,726946.0,67286.0,726946.0,-8186.0,0.0
92204A207,Sold Out,VANGUARD WORLD FDS CONSUM STP,241.0,1798.0,,,,
922908363,Not New,VANGUARD INDEX FDS S&P 500 ETF,14112.0,65229.0,5244.0,25539.0,-8868.0,-39690.0
464288737,Not New,ISHARES TR GLB CNSM STP ETF,5692.0,57281.0,5029.0,54613.0,-663.0,-2668.0
93148P102,Not New,WALKER& DUNLOP INC,2934.0,70386.0,1511.0,48421.0,-1423.0,-21965.0
99916C3AT,Not New,FIIG EU EM SC ESG,199987.0,2006495.0,176884.0,2001400.0,-23103.0,-5095.0
G72800108,Not New,PROTHENA CORP PLC,753.0,13503.0,527.0,10718.0,-226.0,-2785.0
999ABBBDT,Not New,CIPLA GDR EACH REPR 1 ORD GDR,141674.0,15486287.0,130553.0,15595837.0,-11121.0,109550.0
97717X701,Sold Out,WISDOMTREE TR EUROPE HEDGED EQ,304.0,5300.0,,,,
6819989IT,Not New,RSTK OLYMPUS PACIFIC MINERALS,0.0,100000.0,0.0,100000.0,0.0,0.0
216648402,Not New,COOPER COS INC,20541.0,102760.0,20179.0,115353.0,-362.0,12593.0
747619104,Not New,QUANEX BUILDING PRODUCTS CORP,1730.0,85454.0,1309.0,64464.0,-421.0,-20990.0
913356101,Sold Out,UNIVERCELL HLDGS INC,0.0,10000.0,,,,
949746101,Not New,WELLS FARGO& CO NEW,1014189.0,18221151.0,1012056.0,18364285.0,-2133.0,143134.0
149123101,Not New,CATERPILLAR INC DEL,421.0,4534.0,337.0,3636.0,-84.0,-898.0
66978M100,Sold Out,NOVA BIOGENETICS INC,0.0,17575.0,,,,
999254F4T,Not New,ISHARES CORE S&P 500 UCITS,217.0,966.0,204.0,957.0,-13.0,-9.0
05379B107,Not New,AVISTA CORP,19806.0,507193.0,20712.0,517941.0,906.0,10748.0
59522J103,Not New,MID AMER APT CMNTYS INC,54687.0,537514.0,54193.0,553438.0,-494.0,15924.0
092533108,New Holding,BLACKROCK CAPITAL INVESTMENT C,,,205.0,27092.0,,
45253H101,Not New,IMMUNOGEN INC,982.0,253676.0,507.0,248576.0,-475.0,-5100.0
697435105,Not New,PALO ALTO NETWORKS INC,860.0,7634.0,934.0,7469.0,74.0,-165.0
88224Q107,Not New,TEXAS CAPITAL BANCSHARES INC,57568.0,689850.0,55305.0,705425.0,-2263.0,15575.0
26884L109,Not New,EQT CORP,212.0,3474.0,212.0,3248.0,0.0,-226.0
464287226,Not New,ISHARES CORE US AGGREGATE BOND,1541.0,14205.0,739.0,6838.0,-802.0,-7367.0
233825207,New Holding,DAIMLER AG UNSPONSOR ADR ADR,,,293589.0,3960463.0,,
74440J101,Sold Out,PSIVIDA CORP,21.0,12057.0,,,,
617446448,Not New,MORGAN STANLEY,94469.0,2205157.0,97519.0,2308151.0,3050.0,102994.0
78467J100,Not New,SS&C TECHNOLOGIES HLDGS INC,5037.0,142275.0,4452.0,155675.0,-585.0,13400.0
277432100,Not New,EASTMAN CHEM CO,262.0,3244.0,268.0,3565.0,6.0,321.0
808509830,Sold Out,SCHWAB CAP TR INTL INDEX SLC,190.0,11095.0,,,,
71654V408,Not New,PETROLEO BRASILEIRO SA PET ADR,104621.0,10796852.0,108093.0,10691675.0,3472.0,-105177.0
33616C100,Not New,FIRST REP BK SAN FRANCISCO CAL,32617.0,347695.0,34861.0,378345.0,2244.0,30650.0
66537X332,Sold Out,NORTHERN LTS FD TR TOEWS TACTC,268.0,24410.0,,,,
09253U108,New Holding,BLACKSTONE GROUP L P,,,361.0,12164.0,,
14148095T,Not New,CARDINAL CAP NET,0.0,25000.0,0.0,25000.0,0.0,0.0
192446102,Not New,COGNIZANT TECHNOLOGY SOLUTIONS,210.0,3521.0,202.0,3598.0,-8.0,77.0
29977A105,New Holding,EVERCORE PARTNERS INC,,,5507.0,70689.0,,
537008104,Not New,LITTELFUSE INC,93941.0,587461.0,72649.0,478680.0,-21292.0,-108781.0
81369Y209,Not New,SELECT SECTOR SPDR TR HEALTHCA,30756.0,413614.0,27102.0,393127.0,-3654.0,-20487.0
05566T101,Sold Out,BNC BANCORP,759.0,23780.0,,,,
999C4400T,Not New,ESCROW MNLEHMAN BRTHRS HLDGRR,0.0,37000.0,0.0,37000.0,0.0,0.0
10949Q204,Not New,BRILLIANCE CHINA AUTO HLDG ADR,267.0,3191.0,467.0,6774.0,200.0,3583.0
64110L106,New Holding,NETFLIX INC,,,347.0,2350.0,,
80862K104,Not New,SCICLONE PHARMACEUTICALS INC,1525.0,155623.0,1255.0,116217.0,-270.0,-39406.0
922908728,Not New,VANGUARD INDEX FDS TOT STKIDX,289.0,4892.0,2102.0,37482.0,1813.0,32590.0
06744M836,Not New,FI ENHANCED EUR 50 ETN B BCS,59109.0,475570.0,18656.0,174286.0,-40453.0,-301284.0
007973100,Not New,ADVANCED ENERGY INDS,10833.0,158001.0,5212.0,95188.0,-5621.0,-62813.0
457985208,Not New,INTEGRA LIFESCIENCES HLDGS CP,43449.0,1031310.0,44725.0,521330.0,1276.0,-509980.0
58933Y105,Not New,MERCK& CO INC,436073.0,6862961.0,400449.0,6802264.0,-35624.0,-60697.0
90345Q9AT,Not New,RSTK US CHINA MINING GRP INC,0.0,12500.0,0.0,12500.0,0.0,0.0
911312106,Not New,UNITED PARCEL SERVICE INC,31398.0,292614.0,33561.0,292752.0,2163.0,138.0
903288348,New Holding,USAA MUT FDS TR ULTR SHTM BOND,,,103.0,10291.0,,
64051T100,Not New,NEOPHOTONICS CORP,2327.0,258254.0,1836.0,169856.0,-491.0,-88398.0
69331C108,Not New,PG&E CORP,222.0,3351.0,204.0,3351.0,-18.0,0.0
000375204,Not New,ABB LTD ADR,16368.0,699498.0,14815.0,703150.0,-1553.0,3652.0
79466L302,Not New,SALESFORCE COM INC,23539.0,285355.0,817.0,11927.0,-22722.0,-273428.0
202712600,Not New,COMMONWEALTH BANK OF AUSTR ADR,2084.0,31800.0,2238.0,37497.0,154.0,5697.0
375558103,Not New,GILEAD SCIENCES INC,30675.0,451634.0,32618.0,455496.0,1943.0,3862.0
28035Q102,Not New,EDGEWELL PERS CARE CO,5099.0,69722.0,6038.0,82722.0,939.0,13000.0
422806109,Not New,HEICO CORP NEW,84573.0,969871.0,76192.0,987584.0,-8381.0,17713.0
637870106,Not New,NATIONAL STORAGE AFFILIATES TR,1980.0,82845.0,1267.0,57426.0,-713.0,-25419.0
25470F104,Not New,DISCOVERY COMM NEW COM SER A,16528.0,568152.0,16152.0,589292.0,-376.0,21140.0
207410101,Not New,CONMED CORP,26160.0,589051.0,27932.0,632386.0,1772.0,43335.0
313400301,Sold Out,FEDERAL HOME LN MTG CORP,94.0,25000.0,,,,
553530106,Not New,MSC INDL DIRECT INC,66426.0,646422.0,60640.0,656344.0,-5786.0,9922.0
89469A104,Not New,TREEHOUSE FOODS INC,56511.0,667509.0,49387.0,684124.0,-7124.0,16615.0
78112V102,Not New,RUBICON PROJ INC,741.0,125727.0,662.0,89213.0,-79.0,-36514.0
19765Y688,New Holding,COLUMBIA FDS SER TR I LGR CAP,,,265.0,16797.0,,
20825C104,Not New,CONOCOPHILLIPS,371.0,7433.0,1074.0,21414.0,703.0,13981.0
233203546,New Holding,DFA INVT DIMENSIONS GROUP INC,,,463.0,31844.0,,
891160509,Not New,TORONTO DOMINION BK ONT,871.0,17381.0,871.0,17653.0,0.0,272.0
N07059210,Not New,ASML HOLDING N V NYS,77160.0,581027.0,67070.0,597775.0,-10090.0,16748.0
729132100,Not New,PLEXUS CORP,42535.0,735892.0,42476.0,786009.0,-59.0,50117.0
74736K101,Not New,QORVO INC COM,74971.0,1093505.0,60924.0,1155397.0,-14047.0,61892.0
456788108,Not New,INFOSYS LTD ADR,373825.0,23659840.0,350769.0,23652674.0,-23056.0,-7166.0
23331S100,Not New,DHI GROUP INC,851.0,215325.0,978.0,156517.0,127.0,-58808.0
743187106,Not New,PROGENICS PHARMACEUTICALS INC,922.0,97632.0,683.0,79028.0,-239.0,-18604.0
61166W101,New Holding,MONSANTO CO NEW,,,213.0,1882.0,,
M85548101,Not New,STRATASYS LTD,62848.0,3067232.0,51146.0,3092262.0,-11702.0,25030.0
743312100,Not New,PROGRESS SOFTWARE CORP,26509.0,912529.0,28724.0,899586.0,2215.0,-12943.0
625383104,Not New,MULTI COLOR CORP,2217.0,31226.0,1560.0,20104.0,-657.0,-11122.0
194162103,Not New,COLGATE PALMOLIVE CO,1940.0,26509.0,1760.0,26889.0,-180.0,380.0
45780R101,Not New,INSTALLED BLDG PRODS INC,2744.0,52012.0,1486.0,35982.0,-1258.0,-16030.0
25243Q205,Not New,DIAGEO P L C ADR,1614.0,13962.0,1703.0,16383.0,89.0,2421.0
151290889,Not New,CEMEX SAB DE CV ADR,73143.0,8064292.0,65124.0,8110094.0,-8019.0,45802.0
865378103,New Holding,SULPHCO INC,,,0.0,10000.0,,
92936U109,Not New,W P CAREY INC,309.0,4973.0,312.0,5273.0,3.0,300.0
867224107,Sold Out,SUNCOR ENERGY INC NEW,347.0,10605.0,,,,
G0177J108,Not New,ALLERGAN PLC,1218.0,5099.0,850.0,4048.0,-368.0,-1051.0
58499396T,Not New,MEDSOURCE-DIRECT INC,0.0,2050000.0,0.0,2050000.0,0.0,0.0
478160104,Not New,JOHNSON& JOHNSON,1381745.0,11093898.0,1262371.0,10957134.0,-119374.0,-136764.0
371924101,Not New,GENOIL INC,42.0,470000.0,31.0,470000.0,-11.0,0.0
316390301,Sold Out,FIDELITY SELECT PORTFOLIOS HEA,207.0,1122.0,,,,
090572207,Not New,BIO RAD LABS INC,54690.0,274356.0,51699.0,283625.0,-2991.0,9269.0
594972408,Not New,MICROSTRATEGY INC,8639.0,46000.0,9080.0,46000.0,441.0,0.0
91529Y106,Not New,UNUM GROUP,8225.0,175402.0,8462.0,192628.0,237.0,17226.0
98138H101,Not New,WORKDAY INC,714.0,8575.0,567.0,8575.0,-147.0,0.0
410495204,Not New,HANMI FINL CORP,1939.0,63061.0,1537.0,44052.0,-402.0,-19009.0
343412102,Not New,FLUOR CORP NEW,714.0,13572.0,738.0,14055.0,24.0,483.0
81369Y605,Not New,SELECT SECTOR SPDR TR FINL,49774.0,2097516.0,45393.0,1952376.0,-4381.0,-145140.0
674599105,Not New,OCCIDENTAL PETE CORP DEL,395.0,6241.0,466.0,6537.0,71.0,296.0
92204A702,Not New,VANGUARD WORLD FDS INF TECH ET,234.0,1724.0,256.0,2111.0,22.0,387.0
539439109,Not New,LLOYDS BANKING GROUP PLC ADR,351348.0,103337539.0,326314.0,105262445.0,-25034.0,1924906.0
73278L105,Not New,POOL CORPORATION,84066.0,704481.0,71987.0,689931.0,-12079.0,-14550.0
14964U108,Not New,CAVIUM INC,54077.0,754633.0,6901.0,110523.0,-47176.0,-644110.0
524901105,Not New,LEGG MASON INC,7356.0,203700.0,7289.0,243699.0,-67.0,39999.0
01609W102,Not New,ALIBABA GROUP HLDG LTD ADR,593652.0,5505442.0,286731.0,3265358.0,-306921.0,-2240084.0
502117203,Not New,L OREAL CO ADR,384025.0,9965357.0,360590.0,9857897.0,-23435.0,-107460.0
667655104,Not New,NORTHWEST NAT GAS CO,13653.0,231021.0,14021.0,234458.0,368.0,3437.0
876568502,Not New,TATA MTRS LTD ADR,322986.0,9059921.0,309482.0,8999182.0,-13504.0,-60739.0
98433V102,Not New,YAHOO JAPAN CORP ADR,225.0,24432.0,188.0,24432.0,-37.0,0.0
58733R102,Not New,MERCADOLIBRE INC,499.0,2362.0,393.0,2517.0,-106.0,155.0
746764653,Not New,PUTNAM FDS TR GLOB FINL CL Y,297.0,25018.0,286.0,25018.0,-11.0,0.0
012423109,Not New,ALBANY MOLECULAR RESH INC,2026.0,144417.0,1512.0,80589.0,-514.0,-63828.0
81619Q105,Not New,SELECT MED HLDGS CORP,62091.0,4651014.0,63102.0,4762390.0,1011.0,111376.0
003021714,New Holding,ABERDEEN FDS EMRGN MKT INSTL,,,211.0,14992.0,,
539830109,Not New,LOCKHEED MARTIN CORP,1102.0,4117.0,908.0,3631.0,-194.0,-486.0
674375506,New Holding,OBERWIES FDS INTL OPPTYS FD,,,249.0,11130.0,,
40053C105,Not New,GRUPO FINANCIERO SANTANDER ADR,184.0,20411.0,169.0,23475.0,-15.0,3064.0
747525103,Not New,QUALCOMM INC,575769.0,10041310.0,631680.0,9688348.0,55911.0,-352962.0
97650W108,Not New,WINTRUST FINL CORP,87453.0,1265237.0,94440.0,1301361.0,6987.0,36124.0
G17580104,Not New,CALCITECH LTD,0.0,45000.0,0.0,45000.0,0.0,0.0
532457108,Not New,LILLY ELI& CO,217127.0,2581462.0,170251.0,2314764.0,-46876.0,-266698.0
78464A383,Not New,SPDR BLOOMBERG BARCLAYS MTG BC,2594.0,98563.0,2589.0,98504.0,-5.0,-59.0
89355M105,Not New,TRANSCOASTAL CORP NEW,0.0,16333.0,0.0,16333.0,0.0,0.0
34959E109,Not New,FORTINET INC,1196.0,31175.0,939.0,31175.0,-257.0,0.0
073685109,Not New,BEACON ROOFING SUPPLY INC,83959.0,1707865.0,77159.0,1674831.0,-6800.0,-33034.0
889478103,Not New,TOLL BROTHERS INC,19061.0,527847.0,18844.0,607877.0,-217.0,80030.0
7591EP100,Not New,REGIONS FINL CORP NEW,12264.0,844077.0,13357.0,930185.0,1093.0,86108.0
032511107,Sold Out,ANADARKO PETE CORP,399.0,5717.0,,,,
65535H208,New Holding,NOMURA HLDGS INC SPONSORED ADR,,,19445.0,3101323.0,,
68554V108,Not New,ORASURE TECHNOLOGIES INC,6511.0,503594.0,2976.0,338964.0,-3535.0,-164630.0
45104G104,Not New,ICICI BK LTD ADR,99634.0,11585305.0,86720.0,11578118.0,-12914.0,-7187.0
024835100,Not New,AMERICAN CAMPUS CMNTYS INC,884.0,18575.0,982.0,19725.0,98.0,1150.0
225401108,Not New,CREDIT SUISSE GROUP ADR,2270.0,152947.0,1884.0,131658.0,-386.0,-21289.0
016255101,Not New,ALIGN TECHNOLOGY INC,11249.0,98065.0,9829.0,102242.0,-1420.0,4177.0
78464A417,Not New,SPDR BLOOMBERG BARCLAYS HGH YL,36757.0,995314.0,36882.0,1011854.0,125.0,16540.0
826197501,Not New,SIEMENS A G ADR,530326.0,7723349.0,472819.0,3837967.0,-57507.0,-3885382.0
31620R402,Not New,FNFV GROUP,508.0,38364.0,529.0,38597.0,21.0,233.0
93114W107,Not New,WAL MART DE MEXICO S A B D ADR,354.0,15414.0,306.0,17012.0,-48.0,1598.0
30225T102,Not New,EXTRA SPACE STORAGE INC COM,25565.0,343667.0,28375.0,367361.0,2810.0,23694.0
699462107,Not New,PAREXEL INTL CORP,136337.0,2160308.0,147505.0,2244444.0,11168.0,84136.0
552074700,Not New,LYON WILLIAM HOMES,1633.0,79179.0,1128.0,59279.0,-505.0,-19900.0
716382106,Not New,PETMED EXPRESS INC,1739.0,86359.0,1388.0,60164.0,-351.0,-26195.0
64126X201,Sold Out,NEUSTAR INC,11248.0,336780.0,,,,
74441M103,Not New,PT BK NEGARA INDONESIA PER ADR,407.0,33526.0,344.0,33526.0,-63.0,0.0
68375N103,Not New,OPKO HEALTH INC,312.0,38979.0,365.0,39229.0,53.0,250.0
69912K99T,Not New,ESCROW PARAGON TRADE BRANDS,0.0,27000.0,0.0,27000.0,0.0,0.0
25157Y202,Not New,DEUTSCHE POST AG ADR,65173.0,1897977.0,65912.0,2000648.0,739.0,102671.0
714046109,Not New,PERKINELMER INC,34783.0,599091.0,34781.0,666941.0,-2.0,67850.0
92857W308,New Holding,VODAFONE GROUP PLC NEW ADR,,,328285.0,12420913.0,,
451107106,Not New,IDACORP INC,31378.0,378226.0,31701.0,393562.0,323.0,15336.0
679580100,Not New,OLD DOMINION FGHT LINES INC,503.0,5877.0,493.0,5747.0,-10.0,-130.0
00769G543,New Holding,ADVISORS INNER CIRCLE FD CAM I,,,227.0,9134.0,,
262037104,Not New,DRIL-QUIP INC,20563.0,376956.0,22855.0,380602.0,2292.0,3646.0
43940T109,Not New,HOPE BANCORP INC COM,2165.0,112947.0,1605.0,73312.0,-560.0,-39635.0
54142L109,Not New,LOGMEIN INC,6258.0,64187.0,5026.0,52057.0,-1232.0,-12130.0
316827104,Not New,51JOB INC ADR,2590.0,70637.0,2388.0,70637.0,-202.0,0.0
9998CC9DT,New Holding,ESCROW GOODRICH PETE CORP BOND,,,0.0,10000.0,,
999C7950T,Not New,ESCROW SMURFIT-STONE,0.0,16800.0,0.0,16800.0,0.0,0.0
453320103,Sold Out,INCOME FD AMER INC CL A,621.0,28672.0,,,,
464287101,Not New,ISHARES TR S&P 100 ETF,308.0,2942.0,312.0,3142.0,4.0,200.0
78355W205,Not New,RYDEX ETF TRUST GUGGENHM S &P 5,36572.0,218954.0,31878.0,202348.0,-4694.0,-16606.0
233825108,Sold Out,DAIMLER AG ADR,332809.0,4461723.0,,,,
43785V102,Not New,HOMESTREET INC,1878.0,67187.0,1354.0,42841.0,-524.0,-24346.0
921921300,New Holding,VANGUARD FENWAY FDS EQTY INCM,,,471.0,6640.0,,
74348A467,New Holding,PROSHARES TR S&P 500 DV ARIST,,,205.0,3651.0,,
654902204,Not New,NOKIA CORP ADR,65.0,12065.0,100.0,20726.0,35.0,8661.0
948741103,Not New,WEINGARTEN RLTY INVS,3563.0,106723.0,4521.0,126323.0,958.0,19600.0
67060U208,Not New,NUTRA PHARMA CORP,0.0,100063.0,1.0,100063.0,1.0,0.0
563122100,Not New,MANHATTAN SCIENTIFICS INC,1.0,40000.0,2.0,40000.0,1.0,0.0
296387AHT,Not New,ESCROW ADELPHIA COMMUNICATIONS,0.0,47000.0,0.0,48000.0,0.0,1000.0
464287457,Not New,ISHARES TR 1-3 YR TR BD ETF,18505.0,218940.0,21922.0,259586.0,3417.0,40646.0
G47791101,Not New,INGERSOLL-RAND PLC,213.0,2614.0,217.0,2898.0,4.0,284.0
918194101,Not New,VCA INC,267.0,2921.0,201.0,2921.0,-66.0,0.0
12673P105,Not New,CA INC,6130.0,193267.0,6695.0,210741.0,565.0,17474.0
531172104,Not New,LIBERTY PPTY TR,3052.0,79180.0,3850.0,97461.0,798.0,18281.0
608190104,Not New,MOHAWK INDS INC,309.0,1345.0,269.0,1345.0,-40.0,0.0
641069406,Not New,NESTLE S A ADR,616.0,8020.0,596.0,8298.0,-20.0,278.0
70450Y103,Not New,PAYPAL HLDGS INC,20190.0,469322.0,11721.0,296958.0,-8469.0,-172364.0
806407102,Not New,SCHEIN HENRY INC,74156.0,436289.0,70105.0,462101.0,-4051.0,25812.0
91913Y100,Not New,VALERO ENERGY CORP NEW,7765.0,117135.0,9018.0,131999.0,1253.0,14864.0
695127100,New Holding,PACIRA PHARMACEUTICALS INC,,,285.0,6257.0,,
75102W108,Not New,RAKUTEN INC-ADR ADR,1870.0,186925.0,2641.0,268955.0,771.0,82030.0
47215P106,Not New,JD COM INC ADR,299232.0,9618525.0,241442.0,9490632.0,-57790.0,-127893.0
37989699T,Sold Out,HOMELAND PROD INC RSTD,0.0,10000.0,,,,
126408103,Not New,CSX CORP,499.0,10717.0,363.0,10113.0,-136.0,-604.0
464288513,Not New,ISHARES TR IBOXX HI YD ETF,252200.0,2873092.0,236190.0,2728940.0,-16010.0,-144152.0
09062X103,Not New,BIOGEN INC,29916.0,109414.0,28893.0,101887.0,-1023.0,-7527.0
464288257,Not New,ISHARES MSCI ACWI ETF,2787.0,44057.0,2127.0,35954.0,-660.0,-8103.0
G97822103,Not New,PERRIGO CO PLC,31945.0,481172.0,42840.0,514718.0,10895.0,33546.0
464287242,Not New,ISHARES TR IBOXX INV CP ETF,2325182.0,19719973.0,1705533.0,14554812.0,-619649.0,-5165161.0
74876Y101,Not New,QUINTILES IMS HOLDINGS INC,9244.0,114787.0,10213.0,134287.0,969.0,19500.0
690742101,Not New,OWENS CORNING NEW,21538.0,350958.0,19861.0,385198.0,-1677.0,34240.0
82968B103,Not New,SIRIUS XM HLDGS INC,71.0,13699.0,52.0,11677.0,-19.0,-2022.0
77956H658,Sold Out,ROWE T PRICE INTL FDS INC EMKT,123.0,12082.0,,,,
78463V107,Sold Out,SPDR GOLD TRUST GOLD SHS,237.0,2164.0,,,,
44915J100,New Holding,HYPERMARCAS S A ADR,,,441.0,48300.0,,
999E5491T,Not New,ESCROW WONDER AUTO TECHNOLOGY,0.0,10000.0,0.0,10000.0,0.0,0.0
74112D101,Not New,PRESTIGE BRANDS HLDGS INC,83338.0,1499958.0,78630.0,1509216.0,-4708.0,9258.0
035710409,Not New,ANNALY CAP MGMT INC,115.0,10315.0,102.0,10230.0,-13.0,-85.0
560599201,New Holding,MAINGATE MLP FD CLASS I,,,108.0,10321.0,,
955306105,Not New,WEST PHARMACEUTICAL SVSC INC,91747.0,1124209.0,99305.0,1170631.0,7558.0,46422.0
513847103,Not New,LANCASTER COLONY CORP,51984.0,403475.0,56515.0,399711.0,4531.0,-3764.0
88032Q109,Not New,TENCENT HLDGS LTD ADR ADR,91125.0,3178524.0,79615.0,3253919.0,-11510.0,75395.0
059893107,Not New,BANGKOK BK PLC ADR,560.0,21188.0,640.0,28751.0,80.0,7563.0
67020Y100,Not New,NUANCE COMMUNICATIONS INC,17814.0,1029111.0,12659.0,849564.0,-5155.0,-179547.0
92343V104,Not New,VERIZON COMMUNICATIONS INC,21513.0,441284.0,1280.0,23977.0,-20233.0,-417307.0
60740F105,Not New,MOBILE MINI INC,20798.0,681917.0,18970.0,627104.0,-1828.0,-54813.0
464287291,Not New,ISHARES TR GLOBAL TECH ETF,20613.0,165902.0,16793.0,152826.0,-3820.0,-13076.0
867914103,Not New,SUNTRUST BKS INC,215.0,3896.0,235.0,4277.0,20.0,381.0
69369J108,Not New,PT MEDIA NUSANTARA CITRA T ADR,145.0,10464.0,136.0,10464.0,-9.0,0.0
110448107,Not New,BRITISH AMERN TOB PLC ADR,293.0,4413.0,214.0,1899.0,-79.0,-2514.0
92826C839,Not New,VISA INC,1347622.0,15163968.0,1167003.0,14957743.0,-180619.0,-206225.0
297178105,Not New,ESSEX PPTY TR INC,5928.0,25602.0,6414.0,27586.0,486.0,1984.0
55305B101,Not New,M/I HOMES INC,2206.0,90043.0,1471.0,58427.0,-735.0,-31616.0
786584102,Not New,SAFRAN S A ADR,3473.0,185465.0,4129.0,228849.0,656.0,43384.0
71715X104,Not New,PHARMACYTE BIOTECH INC,49.0,497604.0,74.0,497604.0,25.0,0.0
82481R106,Not New,SHIRE PLC ADR,25172.0,144475.0,25774.0,151274.0,602.0,6799.0
906693106,Not New,UNION GROUP INC,0.0,59620.0,0.0,59620.0,0.0,0.0
320795107,Sold Out,FIRST MARINER BANCORP,0.0,37900.0,,,,
464287168,New Holding,ISHARES TR SELECT DIVID ETF,,,521.0,5720.0,,
457187102,Not New,INGREDION INC,87991.0,730643.0,92892.0,743377.0,4901.0,12734.0
48123V102,Not New,J2 GLOBAL INC,10644.0,126854.0,10382.0,126914.0,-262.0,60.0
04269X105,Not New,ARRAY BIOPHARMA INC,697.0,78014.0,577.0,65693.0,-120.0,-12321.0
810186106,Not New,SCOTTS MIRACLE GRO CO,135062.0,1446213.0,142649.0,1492927.0,7587.0,46714.0
025816109,Not New,AMERICAN EXPRESS CO,860638.0,10879001.0,787490.0,10630270.0,-73148.0,-248731.0
406216101,Not New,HALLIBURTON CO,14927.0,303329.0,17610.0,325576.0,2683.0,22247.0
035255108,Not New,ANIKA THERAPEUTICS INC,3047.0,70153.0,2900.0,59234.0,-147.0,-10919.0
921943858,Not New,VANGUARD FTSE DEVELOPED MKT,7217.0,183633.0,3847.0,105295.0,-3370.0,-78338.0
53224V100,Sold Out,LIFELOCK INC,7803.0,326207.0,,,,
803054204,Not New,SAP SE ADR,610949.0,6223373.0,533850.0,6176675.0,-77099.0,-46698.0
515098101,Sold Out,LANDSTAR SYS INC,27023.0,316797.0,,,,
37947A105,New Holding,GLOBAL GREEN SOLUTIONS INC,,,0.0,51859.0,,
90274D234,Not New,FI ENHANCED EUROPE 50 ETN UBS,443506.0,3245562.0,387121.0,3279297.0,-56385.0,33735.0
006855100,Sold Out,ADEPTUS HEALTH INC,229.0,29951.0,,,,
53680Q108,Not New,LITHIUM AMERS CORP NEW,46.0,62000.0,37.0,62000.0,-9.0,0.0
03071H100,Not New,AMERISAFE INC,2261.0,34836.0,1406.0,22546.0,-855.0,-12290.0
535223200,Not New,LINDE AG ADR,1889.0,113172.0,1935.0,117523.0,46.0,4351.0
9995910DT,Not New,SOURCE MARKETS HLTH CARE S &P U,740.0,2386.0,714.0,2367.0,-26.0,-19.0
26441C204,Sold Out,DUKE ENERGY CORP NEW,404.0,5200.0,,,,
53220K504,Not New,LIGAND PHARMACEUTICALS INC,6392.0,60390.0,6654.0,65490.0,262.0,5100.0
316071109,Sold Out,FIDELITY CONTRAFUND INC COM,220.0,2236.0,,,,
870123106,Not New,SWATCH GROUP AG ADR,826.0,46079.0,718.0,46079.0,-108.0,0.0
316390863,Sold Out,FIDELITY SELECT PORTFOLIOS SEL,318.0,3332.0,,,,
30215C101,Not New,EXPERIAN PLC ADR,4516.0,221846.0,4885.0,251192.0,369.0,29346.0
02319V103,Not New,AMBEV SA ADR,135011.0,23439336.0,113852.0,23187772.0,-21159.0,-251564.0
235825205,Not New,DANA INC,13628.0,705753.0,14366.0,756898.0,738.0,51145.0
84473L105,Not New,SOUTH32 LTD COM ADR,833.0,79494.0,1061.0,107220.0,228.0,27726.0
G5509L101,Not New,LIVANOVA PLC SHS,2549.0,52000.0,2338.0,52000.0,-211.0,0.0
002824100,Not New,ABBOTT LABS,740.0,16656.0,568.0,14794.0,-172.0,-1862.0
526250105,Sold Out,LENOVO GROUP LTD ADR,246.0,20264.0,,,,
922417100,Not New,VEECO INSTRS INC DEL,45315.0,1518100.0,45782.0,1570581.0,467.0,52481.0
21871D103,Not New,CORELOGIC INC,91972.0,2258652.0,81876.0,2223068.0,-10096.0,-35584.0
22002T108,Not New,CORPORATE OFFICE PPTYS TR,21275.0,642735.0,20647.0,661344.0,-628.0,18609.0
084670702,Not New,BERKSHIRE HATHAWAY INC CL B,953070.0,5717964.0,919349.0,5640868.0,-33721.0,-77096.0
37637Q105,Not New,GLACIER BANCORP INC NEW,69547.0,2049713.0,75677.0,2088802.0,6130.0,39089.0
02507F738,Sold Out,AMERICAN CENTY ASSET ALL PTF O,237.0,16732.0,,,,
405305103,Sold Out,HAITONG SECS CO LTD ADR,243.0,14158.0,,,,
75970E107,Not New,RENASANT CORP,2114.0,53258.0,1442.0,34165.0,-672.0,-19093.0
796050AAT,Not New,SAMSUNG ELECTRONIC GDR EACH RE,96487.0,105163.0,85455.0,114398.0,-11032.0,9235.0
91307C102,Not New,UNITED THERAPEUTICS CORP DEL,423.0,3124.0,448.0,3124.0,25.0,0.0
717081103,Not New,PFIZER INC,1120704.0,32759530.0,1046010.0,32204753.0,-74694.0,-554777.0
79970Y105,New Holding,SANCHEZ ENERGY CORP,,,1199.0,125714.0,,
999F9485T,Not New,ESCROW ILINC COMM INC,0.0,15000.0,0.0,15000.0,0.0,0.0
00206R102,Not New,AT&T INC,2087.0,50234.0,2255.0,53018.0,168.0,2784.0
92932M101,Not New,WNS HOLDINGS LTD ADR,6036.0,210958.0,7174.0,260393.0,1138.0,49435.0
860630102,Not New,STIFEL FINL CORP,105135.0,2094744.0,109583.0,2193861.0,4448.0,99117.0
65339F101,Sold Out,NEXTERA ENERGY INC,230.0,1925.0,,,,
06738E204,Not New,BARCLAYS PLC ADR,189812.0,16887203.0,171705.0,15609546.0,-18107.0,-1277657.0
23636T100,Not New,DANONE ADR,1967.0,144199.0,2214.0,174350.0,247.0,30151.0
268948106,Not New,EAGLE BANCORP INC MD,3707.0,62098.0,2794.0,45839.0,-913.0,-16259.0
9998E18CT,Not New,HYUNDAI MOTOR CO GDR RP 1/2 OR,1631.0,23146.0,1399.0,23146.0,-232.0,0.0
99952ECCT,Not New,ESCROW LEHMAN BROS 5.75,0.0,50000.0,0.0,50000.0,0.0,0.0
15201P109,Not New,CENTERSTATE BANKS INC,2481.0,95773.0,1363.0,54136.0,-1118.0,-41637.0
46600W106,Not New,IXYS CORP,1722.0,118341.0,1067.0,89689.0,-655.0,-28652.0
598622108,Not New,MIGRATEC INC,0.0,33000.0,0.0,33000.0,0.0,0.0
816850101,Not New,SEMTECH CORP,2703.0,79972.0,1467.0,46493.0,-1236.0,-33479.0
571903202,Not New,MARRIOTT INTL INC NEW,8075.0,85742.0,7665.0,92712.0,-410.0,6970.0
231021106,Not New,CUMMINS INC,241.0,1591.0,217.0,1591.0,-24.0,0.0
204319107,Not New,COMPAGNIE FIN RICHEMONTAG ADR,145581.0,18398919.0,125908.0,18972018.0,-19673.0,573099.0
666807102,Not New,NORTHROP GRUMMAN CORP,468.0,1966.0,446.0,1918.0,-22.0,-48.0
81768T108,Not New,SERVISFIRST BANCSHARES INC,3751.0,103117.0,2752.0,73516.0,-999.0,-29601.0
870886108,Not New,SWISS RE LTD ADR,2996.0,133342.0,5464.0,230194.0,2468.0,96852.0
87612E106,Sold Out,TARGET CORP,204.0,2817.0,,,,
316423102,Not New,FIDELITY TREND FD INC COM,393.0,4349.0,361.0,4291.0,-32.0,-58.0
97651M109,Not New,WIPRO LTD ADR,19356.0,1892096.0,18315.0,1892096.0,-1041.0,0.0
438516106,Not New,HONEYWELL INTL INC,44522.0,356550.0,43834.0,378371.0,-688.0,21821.0
46018A100,Not New,INTERNATIONAL PWR GROUP LTD,0.0,39000.0,0.0,39000.0,0.0,0.0
30231G102,Not New,EXXON MOBIL CORP,385759.0,4703805.0,420274.0,4656260.0,34515.0,-47545.0
00287Y109,Not New,ABBVIE INC,44499.0,682915.0,43619.0,696569.0,-880.0,13654.0
861652105,Not New,STONE MEDIA CORP,0.0,17000.0,0.0,17000.0,0.0,0.0
874039100,Not New,TAIWAN SEMICONDUCTOR MFG L ADR,925741.0,28189434.0,805151.0,28005239.0,-120590.0,-184195.0
999B1FFDT,Not New,RSTK MIDSOUTH CAPITAL,0.0,25001.0,0.0,25001.0,0.0,0.0
53223X107,Not New,LIFE STORAGE INC,69852.0,850609.0,75827.0,889357.0,5975.0,38748.0
70706P104,Not New,PENGROWTH ENERGY CORP,11.0,11000.0,16.0,11000.0,5.0,0.0
055183107,Not New,BAB INC,10.0,13332.0,11.0,13332.0,1.0,0.0
9992921AT,Not New,SK HYNIX INC 144A GDR,47081.0,1041703.0,38566.0,1041703.0,-8515.0,0.0
37045V100,Sold Out,GENERAL MTRS CO,707.0,20279.0,,,,
654106103,Not New,NIKE INC,2123.0,38090.0,2111.0,41528.0,-12.0,3438.0
22284P105,Not New,COVENANT TRANSN GROUP INC,1715.0,91200.0,1209.0,62512.0,-506.0,-28688.0
059692103,Not New,BANCORPSOUTH INC,84592.0,2796415.0,88991.0,2866067.0,4399.0,69652.0
773903109,Not New,ROCKWELL AUTOMATION INC,12815.0,82301.0,12367.0,92017.0,-448.0,9716.0
75886F107,Not New,REGENERON PHARMACEUTICALS,312.0,806.0,262.0,715.0,-50.0,-91.0
05990K106,Not New,BANC OF CALIFORNIA INC,2471.0,119357.0,1436.0,82758.0,-1035.0,-36599.0
999E29B9T,New Holding,ESCROW MAGNUM HUNTER RES ESCRO,,,0.0,10000.0,,
55024U109,Not New,LUMENTUM HLDGS INC,7270.0,136268.0,2606.0,67437.0,-4664.0,-68831.0
931427108,Not New,WALGREENS BOOTS ALLIANCE INC,594.0,7155.0,646.0,7811.0,52.0,656.0
866082100,Not New,SUMMIT HOTEL PPTYS,993.0,62148.0,710.0,44277.0,-283.0,-17871.0
112585104,New Holding,BROOKFIELD ASSET MGMT INC,,,215.0,5886.0,,
999DF84CT,Not New,100000TH INVESCO VAN KAMPEN,0.0,79946.0,0.0,79946.0,0.0,0.0
55306N104,Not New,MKS INSTRUMENT INC,50714.0,737664.0,42869.0,721696.0,-7845.0,-15968.0
06742C152,Not New,FI ENHANCED GLBL HIGH YLD BCS,1440578.0,9993600.0,1325176.0,10224802.0,-115402.0,231202.0
494368103,Not New,KIMBERLY CLARK CORP,347.0,2634.0,591.0,5179.0,244.0,2545.0
26613Q106,Not New,DUPONT FABROS TECHNOLOGY INC,60890.0,1227873.0,56008.0,1274938.0,-4882.0,47065.0
775781206,Not New,ROLLS ROYCE HOLDINGS PLC ADR,3033.0,321735.0,3251.0,393911.0,218.0,72176.0
502441306,Not New,LVMH MOET HENNESSY LOU VUI ADR,298715.0,6783814.0,254169.0,6642104.0,-44546.0,-141710.0
M22465104,Not New,CHECK POINT SOFTWARE TECH LTD,4343.0,42300.0,3573.0,42300.0,-770.0,0.0
985817105,Not New,YELP INC,10622.0,324351.0,13272.0,348076.0,2650.0,23725.0
76169C100,Not New,REXFORD INDL RLTY INC,1611.0,71540.0,1223.0,52734.0,-388.0,-18806.0
00170J748,Sold Out,AMG FDS I MANAGERS CENTR S,116.0,10629.0,,,,
369604103,Not New,GENERAL ELECTRIC CO,665224.0,22322947.0,1002715.0,31731490.0,337491.0,9408543.0
83175M205,Not New,SMITH& NEPHEW PLC ADR,69756.0,2255298.0,72321.0,2404292.0,2565.0,148994.0
45577X105,Not New,INDOFOOD SUKSES MAKMUR TBK ADR,209.0,6947.0,204.0,6947.0,-5.0,0.0
891027104,Not New,TORCHMARK CORP,14920.0,193665.0,15650.0,212173.0,730.0,18508.0
16938L106,Not New,CHINA GOLD CORP,0.0,20000.0,0.0,20000.0,0.0,0.0
741503403,Not New,PRICELINE GRP INC,1150.0,646.0,1051.0,717.0,-99.0,71.0
37733W105,Not New,GLAXOSMITHKLINE PLC ADR,504650.0,11969866.0,454784.0,11809500.0,-49866.0,-160366.0
655844108,Not New,NORFOLK SOUTHERN CORP,514.0,4593.0,521.0,4824.0,7.0,231.0
681919106,Not New,OMNICOM GROUP INC,8635.0,100157.0,9571.0,112454.0,936.0,12297.0
034393108,Not New,ANDREA ELECTRONICS CORP,0.0,10000.0,1.0,10000.0,1.0,0.0
12802P307,Not New,CAL-BAY INTL INC,0.0,50000.0,0.0,50000.0,0.0,0.0
92342Y109,New Holding,VERIFONE SYS INC,,,60167.0,3212341.0,,
055262505,Not New,BASF SE ADR,324638.0,3266538.0,302385.0,3246377.0,-22253.0,-20161.0
922908629,New Holding,VANGUARD INDEX FDS MID CAP ETF,,,210.0,1508.0,,
101388106,Not New,BOTTOMLINE TECH DEL INC,11765.0,497455.0,9760.0,390071.0,-2005.0,-107384.0
554489104,Not New,MACK CALI RLTY CORP,9209.0,341830.0,10128.0,349005.0,919.0,7175.0
609207105,Not New,MONDELEZ INTL INC,299.0,6930.0,339.0,7640.0,40.0,710.0
74838G107,Sold Out,QUICKSILVER INTL INC,0.0,54625.0,,,,
G3777B103,Not New,GEELY AUTOMOTIVE HLDGS LTD,16.0,10000.0,9.0,10000.0,-7.0,0.0
999BFCB6T,Not New,SOURCE MARKETS FINS S&P US SEL,2129.0,13018.0,2061.0,12972.0,-68.0,-46.0
27826L454,New Holding,EATON VANCE MUNS TR OR T/F MN,,,218.0,25321.0,,
237545108,Not New,DASSAULT SYS S A ADR,5095.0,58707.0,5148.0,67428.0,53.0,8721.0
808509855,Sold Out,SCHWAB CAP TR S&P 500IDX SEL,602.0,17493.0,,,,
87336U105,Not New,TABLEAU SOFTWARE INC,9191.0,185480.0,7412.0,175860.0,-1779.0,-9620.0
46625H100,Not New,JPMORGAN CHASE& CO,1220026.0,13889188.0,1203386.0,13945830.0,-16640.0,56642.0
902677780,Not New,FI ENHANCED LRG CAP GROWTH UBS,988226.0,6066085.0,858146.0,6194883.0,-130080.0,128798.0
902788108,Not New,UMB FINL CORP,52443.0,696363.0,55461.0,719147.0,3018.0,22784.0
064446RRT,Not New,BANK PEKAO SA GDR,1039.0,31230.0,658.0,21905.0,-381.0,-9325.0
072730302,Not New,BAYER A G ADR,565428.0,4892720.0,508114.0,4859655.0,-57314.0,-33065.0
395259104,Not New,GREENHILL& CO INC,20084.0,685475.0,18141.0,654922.0,-1943.0,-30553.0
23283R100,Not New,CYRUSONE INC,1636.0,31780.0,1062.0,23734.0,-574.0,-8046.0
59001A102,Not New,MERITAGE HOMES CORP,62839.0,1707572.0,61073.0,1754982.0,-1766.0,47410.0
78486Q101,Not New,SVB FINL GROUP,282169.0,1516305.0,273252.0,1591823.0,-8917.0,75518.0
78462F103,Not New,SPDR S&P 500 ETF TR TR UNIT,1094.0,4640.0,1196.0,5351.0,102.0,711.0
99946ADBT,Not New,STATE BK INDIA REG S,4902.0,109778.0,4034.0,109778.0,-868.0,0.0
538034109,New Holding,LIVE NATION ENTERTAINMENT INC,,,12786.0,421017.0,,
20030N101,Not New,COMCAST CORP NEW CL A,953459.0,25364691.0,864891.0,12525574.0,-88568.0,-12839117.0
412822108,Not New,HARLEY DAVIDSON INC,5860.0,96853.0,6206.0,106380.0,346.0,9527.0
45667G103,New Holding,INFINERA CORPORATION,,,52424.0,5124531.0,,
452308109,Not New,ILLINOIS TOOL WKS INC,327.0,2470.0,370.0,3024.0,43.0,554.0
294821608,Not New,ERICSSON ADR,1724.0,259595.0,1743.0,298920.0,19.0,39325.0
824596100,Not New,SHINHAN FINANCIAL GROUP CO ADR,2724.0,65179.0,2683.0,71290.0,-41.0,6111.0
023135106,Not New,AMAZON COM INC COM,1795028.0,2024756.0,1501783.0,2002724.0,-293245.0,-22032.0
431475102,Not New,HILL ROM HLDGS INC,110818.0,1569661.0,89665.0,1597159.0,-21153.0,27498.0
731068102,Not New,POLARIS INDS INC,19217.0,229316.0,20487.0,248658.0,1270.0,19342.0
999AA057T,Not New,TATA GLOBAL BEVERA GDS-REP 1 O,53679.0,23109998.0,41638.0,23190643.0,-12041.0,80645.0
62546J109,New Holding,MULTI-STRATEGY GROWTH& IN FD,,,223.0,14333.0,,
244199105,New Holding,DEERE& CO,,,206.0,1893.0,,
025076407,New Holding,AMERICAN CENTY CAP PORTFOLIOS,,,203.0,22212.0,,
055622104,Not New,BP PLC ADR,25379.0,735203.0,27470.0,734879.0,2091.0,-324.0
03662Q105,Not New,ANSYS INC,8166.0,76415.0,6452.0,69762.0,-1714.0,-6653.0
985636109,Not New,YELLOWCAKE MINING INC,0.0,10000.0,0.0,10000.0,0.0,0.0
035290105,Not New,ANIXTER INTL INC,52631.0,663691.0,55492.0,684669.0,2861.0,20978.0
031100100,Not New,AMETEK INC NEW,434.0,8034.0,393.0,8077.0,-41.0,43.0
282914100,Not New,8X8 INC NEW,2877.0,188626.0,1541.0,107736.0,-1336.0,-80890.0
559079207,Not New,MAGELLAN HEALTH INC,51221.0,741801.0,57001.0,757482.0,5780.0,15681.0
168919108,Sold Out,CHINA CONSTR BK CORP ADR,176.0,11398.0,,,,
76122Q105,Not New,RESOURCES CONNECTION INC,2246.0,134079.0,1810.0,94005.0,-436.0,-40074.0
260543103,Sold Out,DOW CHEM CO,250.0,4376.0,,,,
N96617118,Not New,WRIGHT MED GROUP N V,75152.0,2414922.0,57536.0,2503745.0,-17616.0,88823.0
742718109,Not New,PROCTER AND GAMBLE CO,742679.0,8265762.0,682753.0,8120281.0,-59926.0,-145481.0
860372101,Not New,STEWART INFORMATION SVCS CORP,1224.0,27694.0,1004.0,21783.0,-220.0,-5911.0
48241A105,Not New,KB FINANCIAL GROUP INC ADR,8985.0,204347.0,7475.0,211805.0,-1510.0,7458.0
045327103,Not New,ASPEN TECHNOLOGY INC,123791.0,2101000.0,119957.0,2193806.0,-3834.0,92806.0
81721M109,Not New,SENIOR HSG PPTYS TR,2201.0,108700.0,2601.0,137400.0,400.0,28700.0
78455R205,Not New,SM INVTS CORP ADR,210.0,30240.0,278.0,42150.0,68.0,11910.0
778296103,Not New,ROSS STORES INC,9531.0,144693.0,10801.0,164649.0,1270.0,19956.0
78463X681,Not New,SPDR INDEX SHS FDS INTL HLTH E,1476.0,31472.0,4093.0,94088.0,2617.0,62616.0
315911800,Sold Out,FIDELITY CONCORD STR TR TTL MK,382.0,5917.0,,,,
020520102,Not New,ALON USA ENERGY INC,2594.0,212800.0,2422.0,212800.0,-172.0,0.0
456837103,Not New,ING GROEP N V ADR,43295.0,2869131.0,6263.0,444178.0,-37032.0,-2424953.0
04530Y106,Not New,ASPEN PHARMACARE HLDGS LTD ADR,340.0,16572.0,398.0,19207.0,58.0,2635.0
049164205,Not New,ATLAS AIR WORLDWIDE HLDGS,64290.0,1159417.0,61372.0,1176838.0,-2918.0,17421.0
79780P104,New Holding,SAN GOLD CORP,,,0.0,12800.0,,
43858F109,Not New,HONG KONG EXCHANGES& CLEA ADR,202.0,8016.0,30385.0,1285915.0,30183.0,1277899.0
38141G104,Not New,GOLDMAN SACHS GROUP INC,433796.0,1888367.0,464111.0,1938236.0,30315.0,49869.0
921913208,New Holding,VANGUARD GROWTH& INCOME FD GR,,,471.0,6616.0,,
999E22D7T,Not New,AHLI UNITED BK,60.0,83044.0,48.0,75495.0,-12.0,-7549.0
90274D218,Not New,FI ENHANCED GLBL HIGH YLD UBS,641338.0,4572168.0,514671.0,4118682.0,-126667.0,-453486.0
68389X105,Not New,ORACLE CORP,523034.0,11724599.0,447083.0,11627644.0,-75951.0,-96955.0
464287630,Not New,ISHARES TR RUS 2000 VAL ETF,1115.0,9438.0,1148.0,9654.0,33.0,216.0
83408W103,Not New,SOHU COM INC COM,641.0,16291.0,706.0,20837.0,65.0,4546.0
459200101,Not New,INTERNATIONAL BUSINESS MACHS,3513.0,20175.0,3453.0,20802.0,-60.0,627.0
713448108,Not New,PEPSICO INC,614970.0,5497671.0,569974.0,5447517.0,-44996.0,-50154.0
404280406,Not New,HSBC HLDGS PLC ADR,531346.0,13016816.0,517062.0,12868635.0,-14284.0,-148181.0
25754A201,Not New,DOMINOS PIZZA INC,258572.0,1402994.0,229676.0,1442326.0,-28896.0,39332.0
78464A763,New Holding,SPDR SERIES TRUST S&P DIVID ET,,,216.0,2451.0,,
68213N109,Not New,OMNICELL INC,20013.0,492314.0,17191.0,507114.0,-2822.0,14800.0
756255204,Not New,RECKITT BENCKISER PLC ADR,51517.0,2827245.0,48585.0,2855035.0,-2932.0,27790.0
69354M108,Sold Out,PRA HEALTH SCIENCES INC,445.0,8075.0,,,,
69366J200,Not New,PTC THERAPEUTICS INC,882.0,89642.0,958.0,87842.0,76.0,-1800.0
191216100,Not New,COCA COLA CO,458292.0,10798577.0,439484.0,10600183.0,-18808.0,-198394.0
45662N103,Not New,INFINEON TECHNOLOGIES AG ADR,1545.0,75428.0,1314.0,75428.0,-231.0,0.0
46434G772,Not New,ISHARES INC MSCI TAIWAN CAPPED,183769.0,5530224.0,152421.0,5189671.0,-31348.0,-340553.0
961214301,Not New,WESTPAC BKG CORP ADR,308.0,11509.0,269.0,11465.0,-39.0,-44.0
Y2065G121,Sold Out,DHT HOLDINGS INC,403.0,97246.0,,,,
48203R104,Not New,JUNIPER NETWORKS INC,5868.0,210835.0,6831.0,241730.0,963.0,30895.0
911363109,New Holding,UNITED RENTALS INC,,,234.0,1872.0,,
443320106,Not New,HUB GROUP INC,67552.0,1455865.0,64751.0,1480016.0,-2801.0,24151.0
038222105,New Holding,APPLIED MATLS INC,,,371.0,9540.0,,
682189105,Not New,ON SEMICONDUCTOR CORP,2215.0,143002.0,1608.0,126052.0,-607.0,-16950.0
69368G105,Not New,PT BK CENT ASIA TBK ADR,495.0,15937.0,446.0,15509.0,-49.0,-428.0
928298108,Not New,VISHAY INTERTECHNOLOGY INC,80908.0,4918407.0,82680.0,5103712.0,1772.0,185305.0
46118H104,Sold Out,INTRALINKS HLDGS INC,1441.0,106548.0,,,,
40049J206,Not New,GRUPO TELEVISA SA ADR,270576.0,10430858.0,216084.0,10343900.0,-54492.0,-86958.0
891092108,Not New,TORO CO,108652.0,1739544.0,99597.0,1780109.0,-9055.0,40565.0
453836108,Not New,INDEPENDENT BANK CORP MASS,3467.0,53340.0,2987.0,42392.0,-480.0,-10948.0
4380929AT,Not New,HON HAI PRECISION GDR GDR,27814.0,4537344.0,23464.0,4618908.0,-4350.0,81564.0
589889104,Not New,MERIT MED SYS INC,3504.0,121240.0,2123.0,80121.0,-1381.0,-41119.0
064058100,Not New,BANK NEW YORK MELLON CORP,379.0,8033.0,411.0,8676.0,32.0,643.0
126600105,Not New,CVB FINL CORP,2898.0,131186.0,1977.0,86201.0,-921.0,-44985.0
69369R100,Not New,PT XL AXIATA TBK ADR,57.0,12502.0,53.0,15549.0,-4.0,3047.0
25155L293,Sold Out,FI ENHANCED GLBL HIGH YLD DB,557.0,4285.0,,,,
21036P108,Sold Out,CONSTELLATION BRANDS INC,207.0,1347.0,,,,
05964H105,Not New,BANCO SANTANDER SA ADR,2355.0,388023.0,2551.0,492422.0,196.0,104399.0
263534109,Not New,DU PONT E I DE NEMOURS& CO,280.0,3488.0,302.0,4109.0,22.0,621.0
G87110105,New Holding,TECHNIPFMC LTD COM,,,1599.0,49199.0,,
02209S103,Not New,ALTRIA GROUP INC,5057.0,70810.0,4765.0,70464.0,-292.0,-346.0
02364W105,Not New,AMERICA MOVIL SAB DE CV ADR,213180.0,15044446.0,183130.0,14568835.0,-30050.0,-475611.0
78464A771,Not New,SPDR SERIES TRUST S&P CAP MKT,2134.0,45659.0,2398.0,53439.0,264.0,7780.0
717071104,Not New,PFENEX INC,498.0,85644.0,365.0,40196.0,-133.0,-45448.0
63910B102,Not New,NAUTILUS INC,1595.0,87424.0,1113.0,60169.0,-482.0,-27255.0
237266101,Not New,DARLING INGREDIENTS INC,29860.0,2056451.0,26792.0,2075252.0,-3068.0,18801.0
999B39FCT,Not New,SOURCE MARKETS PLC TECH S&P US,679.0,5448.0,638.0,5489.0,-41.0,41.0
056752108,Not New,BAIDU INC ADR,274037.0,1588436.0,195323.0,1188024.0,-78714.0,-400412.0
136375102,Not New,CANADIAN NATL RY CO,79392.0,1073876.0,80419.0,1193166.0,1027.0,119290.0
925550105,Not New,VIAVI SOLUTIONS INC,4977.0,464300.0,3716.0,454225.0,-1261.0,-10075.0
40434L105,Not New,HP INC COM,268.0,14971.0,275.0,18519.0,7.0,3548.0
16941M109,Not New,CHINA MOBILE LIMITED ADR,3340.0,60468.0,3244.0,61876.0,-96.0,1408.0
69367U105,Not New,PT BK MANDIRI PERSERO TBK ADR,1283.0,146142.0,1339.0,155841.0,56.0,9699.0
464288414,Not New,ISHARES NATIONAL MUNI BOND ETF,44373.0,407279.0,31024.0,286785.0,-13349.0,-120494.0
76680V108,New Holding,RING ENERGY INC COM,,,1375.0,127051.0,,
849109103,Not New,SPONGETECH DELIVERY SYS INC,0.0,620000.0,0.0,628000.0,0.0,8000.0
31428X106,Sold Out,FEDEX CORP,214.0,1148.0,,,,
14040H105,Not New,CAPITAL ONE FINL CORP,113696.0,1311977.0,117232.0,1343791.0,3536.0,31814.0
431466101,Not New,HILL INTERNATIONAL INC,105.0,25336.0,110.0,25336.0,5.0,0.0
073302101,Sold Out,B/E AEROSPACE INC,6687.0,111092.0,,,,
171798101,Not New,CIMAREX ENERGY CO,358.0,3000.0,408.0,3000.0,50.0,0.0
235851102,Not New,DANAHER CORP DEL COM,447.0,5224.0,399.0,5127.0,-48.0,-97.0
880770102,Not New,TERADYNE INC,9423.0,303000.0,9403.0,370187.0,-20.0,67187.0
369550108,Not New,GENERAL DYNAMICS CORP,2548.0,13613.0,2301.0,13328.0,-247.0,-285.0
55405W104,Not New,MYR GROUP INC DEL,2997.0,73100.0,1809.0,48006.0,-1188.0,-25094.0
125269100,Not New,CF INDS HLDGS INC,2022.0,68899.0,2538.0,80619.0,516.0,11720.0
56108H105,Not New,MALAYAN BANKING BERHAD ADR,227.0,56283.0,237.0,64910.0,10.0,8627.0
465562106,New Holding,ITAU UNIBANCO HLDG SA SPON ADR,,,135266.0,11206758.0,,
26874R108,Not New,ENI S P A ADR,341.0,10430.0,360.0,11172.0,19.0,742.0
160904207,Not New,CHAROEN POKPHAND FOODS PLC ADR,111.0,34413.0,125.0,37875.0,14.0,3462.0
743606105,Not New,PROSPERITY BANCSHARES INC,49392.0,708530.0,52349.0,729302.0,2957.0,20772.0
46115H107,Not New,INTESA SANPAOLO S P A ADR,51115.0,3128521.0,38601.0,2514233.0,-12514.0,-614288.0
999D550BT,Not New,SOURCE MARKETS CNSMR DISC S &P,433.0,1540.0,400.0,1527.0,-33.0,-13.0
695263103,Not New,PACWEST BANCORP DEL,107985.0,2027506.0,113101.0,2077542.0,5116.0,50036.0
693475105,Not New,PNC FINL SVCS GROUP INC,60872.0,506256.0,61689.0,527436.0,817.0,21180.0
