CUSIP,status,NAME OF ISSUER,(x$1000)_old,PRN AMT_old,(x$1000),PRN AMT,(x$1000)_change,PRN AMT_change
849415203,New Holding,SPREADTRUM COMMUNICATIONS IN,,,356.0,11700.0,,
G66721104,New Holding,NORWEGIAN CRUISE LINE HLDGS,,,9255.0,300000.0,,
79466L302,New Holding,SALESFORCE COM INC,,,9084.0,175000.0,,
375558103,Not New,GILEAD SCIENCES INC,15718.0,250000.0,6409.0,125000.0,-9309.0,-125000.0
85207U105,New Holding,SPRINT CORP,,,18657.0,3000000.0,,
887389104,Sold Out,TIMKEN CO,14202.0,252354.0,,,,
74005P104,Sold Out,PRAXAIR INC,17274.0,150000.0,,,,
464286509,New Holding,ISHARES,,,994.0,35100.0,,
464286764,New Holding,ISHARES,,,337.0,9700.0,,
126132109,New Holding,CNOOC LTD,,,404.0,2000.0,,
824348106,Sold Out,SHERWIN WILLIAMS CO,6425.0,36381.0,,,,
45841N107,Not New,INTERACTIVE BROKERS GROUP IN,2749.0,146450.0,1833.0,114798.0,-916.0,-31652.0
172967424,Not New,CITIGROUP INC,4851.0,100000.0,10553.0,220000.0,5702.0,120000.0
55616P104,Not New,MACYS INC,17308.0,400000.0,5782.0,120467.0,-11526.0,-279533.0
783764103,New Holding,RYLAND GROUP INC,,,2570.0,63400.0,,
119848109,Sold Out,BUFFALO WILD WINGS INC,5266.0,53601.0,,,,
61166W101,Not New,MONSANTO CO NEW,26093.0,250000.0,24700.0,250000.0,-1393.0,0.0
231021106,New Holding,CUMMINS INC,,,4838.0,36412.0,,
571903202,Sold Out,MARRIOTT INTL INC NEW,2384.0,59062.0,,,,
12686C109,New Holding,CABLEVISION SYS CORP,,,3435.0,204000.0,,
97186T108,Not New,WILSHIRE BANCORP INC,2216.0,271200.0,1795.0,271200.0,-421.0,0.0
04010L103,New Holding,ARES CAP CORP,,,657.0,38000.0,,
97651M109,New Holding,WIPRO LTD,,,259.0,25200.0,,
L5140P101,Sold Out,INTELSAT S A,10000.0,500000.0,,,,
151290889,Sold Out,CEMEX SAB DE CV,12138.0,1147260.0,,,,
92719A106,New Holding,VIMPELCOM LTD,,,249.0,21200.0,,
859319303,Not New,STERLING FINL CORP WASH,3368.0,117572.0,3963.0,166672.0,595.0,49100.0
37045V100,Not New,GENERAL MTRS CO,52157.0,1450000.0,21652.0,650000.0,-30505.0,-800000.0
78463X202,New Holding,SPDR INDEX SHS FDS,,,941.0,24500.0,,
40412C101,New Holding,HCA HOLDINGS INC,,,8550.0,200000.0,,
963320106,Not New,WHIRLPOOL CORP,732.0,5000.0,572.0,5000.0,-160.0,0.0
963320106,Not New,WHIRLPOOL CORP,732.0,5000.0,8005.0,70000.0,7273.0,65000.0
464286400,New Holding,ISHARES,,,1020.0,21300.0,,
517834107,Sold Out,LAS VEGAS SANDS CORP,6616.0,125000.0,,,,
059692103,Not New,BANCORPSOUTH INC,695.0,34848.0,3203.0,180951.0,2508.0,146103.0
48666K109,New Holding,KB HOME,,,2150.0,119300.0,,
911312106,Sold Out,UNITED PARCEL SERVICE INC,5621.0,65000.0,,,,
962166104,New Holding,WEYERHAEUSER CO,,,12815.0,447600.0,,
759509102,Sold Out,RELIANCE STEEL & ALUMINUM CO,6835.0,104252.0,,,,
53578A108,Not New,LINKEDIN CORP,8366.0,34000.0,7667.0,43000.0,-699.0,9000.0
81369Y605,Sold Out,SELECT SECTOR SPDR TR,81079.0,4169633.0,,,,
17275R102,New Holding,CISCO SYS INC,,,9372.0,400000.0,,
464287234,Sold Out,ISHARES TR,20093.0,521900.0,,,,
464287234,Sold Out,ISHARES TR,38500.0,1000000.0,,,,
345370860,Not New,FORD MTR CO DEL,16870.0,1000000.0,7735.0,500000.0,-9135.0,-500000.0
345370860,Not New,FORD MTR CO DEL,16870.0,1000000.0,46410.0,3000000.0,29540.0,2000000.0
653656108,Not New,NICE SYS LTD,236.0,5700.0,258.0,7000.0,22.0,1300.0
733174700,Not New,POPULAR INC,1764.0,67200.0,2041.0,67200.0,277.0,0.0
922042775,New Holding,VANGUARD INTL EQUITY INDEX F,,,384.0,7900.0,,
020002101,Not New,ALLSTATE CORP,2528.0,50000.0,9624.0,200000.0,7096.0,150000.0
693718108,Sold Out,PACCAR INC,5058.0,94260.0,,,,
29082A107,Sold Out,EMBRAER S A,1184.0,32100.0,,,,
81369Y704,New Holding,SELECT SECTOR SPDR TR,,,20808.0,448400.0,,
876568502,New Holding,TATA MTRS LTD,,,343.0,12900.0,,
91912E204,New Holding,VALE S A,,,176.0,12400.0,,
156700106,New Holding,CENTURYLINK INC,,,12552.0,400000.0,,
984121103,New Holding,XEROX CORP,,,15435.0,1500000.0,,
858912108,Not New,STERICYCLE INC,8655.0,75000.0,7730.0,70000.0,-925.0,-5000.0
750236101,New Holding,RADIAN GROUP INC,,,14630.0,1050229.0,,
464286848,New Holding,ISHARES,,,259.0,21700.0,,
464286103,New Holding,ISHARES,,,387.0,15300.0,,
G60754101,Not New,MICHAEL KORS HLDGS LTD,16697.0,224064.0,8768.0,141373.0,-7929.0,-82691.0
026874784,Not New,AMERICAN INTL GROUP INC,65147.0,1339645.0,23870.0,534000.0,-41277.0,-805645.0
464286731,New Holding,ISHARES,,,340.0,24400.0,,
92923C807,New Holding,WCI CMNTYS INC,,,3488.0,202100.0,,
57060U506,New Holding,MARKET VECTORS ETF TR,,,414.0,14700.0,,
628530107,New Holding,MYLAN INC,,,7634.0,200000.0,,
892356106,Not New,TRACTOR SUPPLY CO,5374.0,80000.0,14963.0,127292.0,9589.0,47292.0
16411R208,Sold Out,CHENIERE ENERGY INC,1666.0,60000.0,,,,
881609101,New Holding,TESORO CORP,,,3958.0,90000.0,,
881609101,New Holding,TESORO CORP,,,22870.0,520000.0,,
78464A797,Sold Out,SPDR SERIES TRUST,14239.0,495777.0,,,,
N53745100,New Holding,LYONDELLBASELL INDUSTRIES N,,,29292.0,400000.0,,
00846U101,New Holding,AGILENT TECHNOLOGIES INC,,,30750.0,600000.0,,
464288182,New Holding,ISHARES,,,408.0,7000.0,,
254687106,Not New,DISNEY WALT CO,22572.0,350000.0,9363.0,148260.0,-13209.0,-201740.0
889478103,Not New,TOLL BROTHERS INC,10589.0,326515.0,3425.0,104965.0,-7164.0,-221550.0
464286772,Not New,ISHARES,240.0,3900.0,7980.0,150000.0,7740.0,146100.0
032511107,Not New,ANADARKO PETE CORP,46495.0,500000.0,42965.0,500000.0,-3530.0,0.0
7591EP100,Not New,REGIONS FINL CORP NEW,2778.0,300000.0,953.0,100000.0,-1825.0,-200000.0
98742U100,New Holding,YOUKU TUDOU INC,,,400.0,14600.0,,
81663A105,Sold Out,SEMGROUP CORP,2693.0,50000.0,,,,
887317303,New Holding,TIME WARNER INC,,,18098.0,275000.0,,
464287861,New Holding,ISHARES,,,397.0,9000.0,,
464286830,New Holding,ISHARES,,,438.0,29100.0,,
464286699,New Holding,ISHARES,,,904.0,46100.0,,
907818108,Not New,UNION PAC CORP,7503.0,48300.0,16892.0,109492.0,9389.0,61192.0
902973304,Sold Out,US BANCORP DEL,5423.0,150000.0,,,,
205944101,Sold Out,CON-WAY INC,6066.0,155698.0,,,,
45167R104,New Holding,IDEX CORP,,,1566.0,24000.0,,
32115D106,Not New,FIRST NBC BK HLDG CO,2072.0,85000.0,2074.0,85000.0,2.0,0.0
647581107,Not New,NEW ORIENTAL ED & TECH GRP I,461.0,18500.0,735.0,33200.0,274.0,14700.0
466090206,Sold Out,JA SOLAR HOLDINGS CO LTD,72.0,10000.0,,,,
16945R104,New Holding,CHINA UNICOM (HONG KONG) LTD,,,301.0,19500.0,,
546347105,Sold Out,LOUISIANA PAC CORP,5532.0,374061.0,,,,
00751Y106,New Holding,ADVANCE AUTO PARTS INC,,,16536.0,200000.0,,
20441W203,New Holding,COMPANHIA DE BEBIDAS DAS AME,,,322.0,8400.0,,
580645109,Sold Out,MCGRAW HILL FINL INC,2660.0,50000.0,,,,
98584B103,Sold Out,YINGLI GREEN ENERGY HLDG CO,205.0,63300.0,,,,
493723100,New Holding,KEYW HLDG CORP,,,1419.0,105527.0,,
90130A101,New Holding,TWENTY FIRST CENTY FOX INC,,,7872.0,234905.0,,
464286806,New Holding,ISHARES,,,517.0,18600.0,,
649445103,Not New,NEW YORK CMNTY BANCORP INC,1080.0,71500.0,1001.0,71500.0,-79.0,0.0
526057104,New Holding,LENNAR CORP,,,13779.0,389250.0,,
679580100,Not New,OLD DOMINION FGHT LINES INC,2537.0,55175.0,19359.0,465131.0,16822.0,409956.0
464288687,Sold Out,ISHARES TR,15712.0,400000.0,,,,
485170302,Sold Out,KANSAS CITY SOUTHERN,6723.0,63449.0,,,,
75605Y106,Not New,REALOGY HLDGS CORP,5399.0,125509.0,6769.0,140909.0,1370.0,15400.0
464287655,Not New,ISHARES,447762.0,4200000.0,145500.0,1500000.0,-302262.0,-2700000.0
30303M102,New Holding,FACEBOOK INC,,,12809.0,255000.0,,
913017109,New Holding,UNITED TECHNOLOGIES CORP,,,12938.0,120000.0,,
23331A109,New Holding,D R HORTON INC,,,12128.0,624189.0,,
316827104,Sold Out,51JOB INC,473.0,7000.0,,,,
38259P508,Sold Out,GOOGLE INC,10072.0,11441.0,,,,
225447101,Sold Out,CREE INC,638.0,10000.0,,,,
384802104,Sold Out,GRAINGER W W INC,6961.0,27604.0,,,,
78462F103,Sold Out,SPDR S&P 500 ETF TR,9946.0,62000.0,,,,
78462F103,Sold Out,SPDR S&P 500 ETF TR,336882.0,2100000.0,,,,
20030N101,Not New,COMCAST CORP NEW,9023.0,200000.0,18788.0,450000.0,9765.0,250000.0
464286871,New Holding,ISHARES,,,359.0,17900.0,,
33582V108,Sold Out,FIRST NIAGARA FINL GP INC,1549.0,153848.0,,,,
088606108,New Holding,BHP BILLITON LTD,,,266.0,4000.0,,
416515104,Not New,HARTFORD FINL SVCS GROUP INC,33810.0,1086427.0,33046.0,1068764.0,-764.0,-17663.0
464286624,New Holding,ISHARES,,,239.0,3200.0,,
910873405,Sold Out,UNITED MICROELECTRONICS CORP,244.0,104600.0,,,,
53071M880,Sold Out,LIBERTY INTERACTIVE CORP,11238.0,132197.0,,,,
655664100,Sold Out,NORDSTROM INC,3192.0,53250.0,,,,
90341W108,Sold Out,U S AIRWAYS GROUP INC,7120.0,433595.0,,,,
302104104,Sold Out,EXONE CO,926.0,15000.0,,,,
22160K105,New Holding,COSTCO WHSL CORP NEW,,,23034.0,200000.0,,
344419106,New Holding,FOMENTO ECONOMICO MEXICANO S,,,350.0,3600.0,,
10552T107,New Holding,BRF SA,,,621.0,25300.0,,
872540109,New Holding,TJX COS INC NEW,,,7824.0,138750.0,,
984245100,Sold Out,YPF SOCIEDAD ANONIMA,393.0,26600.0,,,,
891906109,New Holding,TOTAL SYS SVCS INC,,,5866.0,199400.0,,
464286665,New Holding,ISHARES,,,391.0,8200.0,,
071813109,New Holding,BAXTER INTL INC,,,26276.0,400000.0,,
97717W315,New Holding,WISDOMTREE TR,,,372.0,7200.0,,
744320102,Not New,PRUDENTIAL FINL INC,7798.0,100000.0,5842.0,80000.0,-1956.0,-20000.0
260543103,Sold Out,DOW CHEM CO,6507.0,202273.0,,,,
91912E105,New Holding,VALE S A,,,384.0,24600.0,,
720279108,New Holding,PIER 1 IMPORTS INC,,,4880.0,250000.0,,
G47791101,Sold Out,INGERSOLL-RAND PLC,7090.0,127702.0,,,,
88554D205,Not New,3-D SYS CORP DEL,1350.0,25000.0,4522.0,103000.0,3172.0,78000.0
833034101,New Holding,SNAP ON INC,,,13532.0,136000.0,,
G29183103,Sold Out,EATON CORP PLC,7416.0,112694.0,,,,
63607P208,Sold Out,NATIONAL FINL PARTNERS CORP,5695.0,225000.0,,,,
464286780,New Holding,ISHARES,,,266.0,4200.0,,
464287184,New Holding,ISHARES,,,4049.0,109200.0,,
464286673,New Holding,ISHARES,,,386.0,28900.0,,
607409109,New Holding,MOBILE TELESYSTEMS OJSC,,,712.0,32000.0,,
983134107,New Holding,WYNN RESORTS LTD,,,2496.0,15796.0,,
47759T100,Sold Out,JINKOSOLAR HLDG CO LTD,131.0,14500.0,,,,
806407102,Sold Out,SCHEIN HENRY INC,1344.0,14033.0,,,,
22943F100,Sold Out,CTRIP COM INTL LTD,581.0,17800.0,,,,
060505104,Sold Out,BANK OF AMERICA CORPORATION,9002.0,700000.0,,,,
827084864,Sold Out,SILICONWARE PRECISION INDS L,323.0,51487.0,,,,
90187B101,Sold Out,TWO HBRS INVT CORP,2104.0,205300.0,,,,
131347304,New Holding,CALPINE CORP,,,5796.0,298285.0,,
74733T105,Sold Out,QLIK TECHNOLOGIES INC,5937.0,210000.0,,,,
922042874,New Holding,VANGUARD INTL EQUITY INDEX F,,,768.0,14100.0,,
464288588,Sold Out,ISHARES TR,42092.0,50000.0,,,,
464288588,Sold Out,ISHARES TR,5262.0,400000.0,,,,
247361702,Sold Out,DELTA AIR LINES INC DEL,7168.0,383106.0,,,,
63934E108,Not New,NAVISTAR INTL CORP NEW,13498.0,370000.0,5741.0,206816.0,-7757.0,-163184.0
783549108,Sold Out,RYDER SYS INC,3647.0,60000.0,,,,
31620M106,New Holding,FIDELITY NATL INFORMATION SV,,,5862.0,126236.0,,
464288513,Not New,ISHARES,19855.0,216807.0,28173.0,310000.0,8318.0,93193.0
464288257,New Holding,ISHARES,,,383.0,7100.0,,
464286855,New Holding,ISHARES,,,284.0,20100.0,,
790148100,Not New,ST JOE CO,8684.0,442600.0,9317.0,442600.0,633.0,0.0
855244109,Sold Out,STARBUCKS CORP,655.0,10000.0,,,,
84265V105,New Holding,SOUTHERN COPPER CORP,,,297.0,10900.0,,
46429B606,New Holding,ISHARES,,,722.0,25200.0,,
067901108,Not New,BARRICK GOLD CORP,1862.0,100000.0,1181.0,75000.0,-681.0,-25000.0
067901108,Not New,BARRICK GOLD CORP,1862.0,100000.0,19675.0,1250000.0,17813.0,1150000.0
067901108,Not New,BARRICK GOLD CORP,23275.0,1250000.0,1181.0,75000.0,-22094.0,-1175000.0
067901108,Not New,BARRICK GOLD CORP,23275.0,1250000.0,19675.0,1250000.0,-3600.0,0.0
83408W103,New Holding,SOHU COM INC,,,520.0,6600.0,,
464286707,New Holding,ISHARES,,,344.0,12800.0,,
09257W100,Not New,BLACKSTONE MTG TR INC,1260.0,50000.0,1235.0,50000.0,-25.0,0.0
552848103,New Holding,MGIC INVT CORP WIS,,,14560.0,2000000.0,,
44267D107,Sold Out,HOWARD HUGHES CORP,14908.0,133000.0,,,,
942622200,Sold Out,WATSCO INC,6728.0,80132.0,,,,
Y2573F102,Sold Out,FLEXTRONICS INTL LTD,831.0,107300.0,,,,
30212P303,New Holding,EXPEDIA INC DEL,,,10362.0,200000.0,,
012653101,Sold Out,ALBEMARLE CORP,6970.0,111890.0,,,,
464286533,New Holding,ISHARES,,,440.0,7500.0,,
87936R106,New Holding,TELEFONICA BRASIL SA,,,2226.0,99200.0,,
26969P108,Sold Out,EAGLE MATERIALS INC,6611.0,99763.0,,,,
278642103,Sold Out,EBAY INC,1888.0,36500.0,,,,
78464A888,Not New,SPDR SERIES TRUST,22949.0,750000.0,20138.0,684500.0,-2811.0,-65500.0
40416M105,New Holding,HD SUPPLY HLDGS INC,,,35976.0,1637500.0,,
35138V102,New Holding,FOX FACTORY HLDG CORP,,,1927.0,100000.0,,
V7780T103,New Holding,ROYAL CARIBBEAN CRUISES LTD,,,11484.0,300000.0,,
87161C105,Not New,SYNOVUS FINL CORP,5396.0,1635100.0,32268.0,11050633.0,26872.0,9415533.0
73937B746,Sold Out,POWERSHARES ETF TR II,2996.0,95000.0,,,,
911363109,Sold Out,UNITED RENTALS INC,37773.0,756819.0,,,,
867914103,Sold Out,SUNTRUST BKS INC,1579.0,50000.0,,,,
464286608,New Holding,ISHARES,,,494.0,13100.0,,
20440T201,New Holding,COMPANHIA BRASILEIRA DE DIST,,,262.0,5700.0,,
40049J206,New Holding,GRUPO TELEVISA SA,,,400.0,14300.0,,
464288281,Not New,ISHARES,27551.0,252700.0,10953.0,100000.0,-16598.0,-152700.0
464287465,New Holding,ISHARES,,,345.0,5400.0,,
922042858,New Holding,VANGUARD INTL EQUITY INDEX F,,,377.0,9400.0,,
00508Y102,Sold Out,ACUITY BRANDS INC,13267.0,175677.0,,,,
34354P105,Sold Out,FLOWSERVE CORP,7035.0,130248.0,,,,
701094104,Sold Out,PARKER HANNIFIN CORP,7223.0,75710.0,,,,
910047109,Sold Out,UNITED CONTL HLDGS INC,6430.0,205489.0,,,,
81369Y803,New Holding,SELECT SECTOR SPDR TR,,,16020.0,500000.0,,
81369Y803,New Holding,SELECT SECTOR SPDR TR,,,19808.0,618238.0,,
93317W102,New Holding,WALTER INVT MGMT CORP,,,2096.0,53000.0,,
881624209,Sold Out,TEVA PHARMACEUTICAL INDS LTD,2442.0,62300.0,,,,
126600105,Not New,CVB FINL CORP,2477.0,183200.0,2154.0,183200.0,-323.0,0.0
931422109,New Holding,WALGREEN CO,,,43040.0,800000.0,,
254709108,Sold Out,DISCOVER FINL SVCS,1191.0,25000.0,,,,
58319P108,New Holding,MEADOWBROOK INS GROUP INC,,,325.0,50000.0,,
81369Y886,New Holding,SELECT SECTOR SPDR TR,,,9854.0,263700.0,,
745867101,New Holding,PULTE GROUP INC,,,6547.0,396800.0,,
216648402,Sold Out,COOPER COS INC,7081.0,59479.0,,,,
216648402,Sold Out,COOPER COS INC,15477.0,130000.0,,,,
263534109,Sold Out,DU PONT E I DE NEMOURS & CO,17325.0,330000.0,,,,
743713109,Sold Out,PROTO LABS INC,650.0,10000.0,,,,
337738108,New Holding,FISERV INC,,,9953.0,98500.0,,
222816100,Sold Out,COVANCE INC,1142.0,15000.0,,,,
835898107,Sold Out,SOTHEBYS,7059.0,186205.0,,,,
146229109,Not New,CARTER INC,6180.0,81438.0,7777.0,105000.0,1597.0,23562.0
G02602103,Sold Out,AMDOCS LTD,1506.0,40600.0,,,,
74838C106,Sold Out,QUIKSILVER INC,3220.0,500000.0,,,,
05967A107,New Holding,BANCO SANTANDER BRASIL S A,,,4170.0,600000.0,,
79377W108,Not New,SAKS INC,31086.0,1950207.0,90028.0,6600275.0,58942.0,4650068.0
126650100,Sold Out,CVS CAREMARK CORPORATION,2573.0,45000.0,,,,
126650100,Sold Out,CVS CAREMARK CORPORATION,11436.0,200000.0,,,,
16941M109,New Holding,CHINA MOBILE LIMITED,,,553.0,9800.0,,
64110W102,New Holding,NETEASE INC,,,581.0,8000.0,,
617446448,Not New,MORGAN STANLEY,95031.0,3526204.0,127891.0,5235004.0,32860.0,1708800.0
437076102,Not New,HOME DEPOT INC,12515.0,165000.0,4648.0,60000.0,-7867.0,-105000.0
437076102,Not New,HOME DEPOT INC,22755.0,300000.0,4648.0,60000.0,-18107.0,-240000.0
N00985106,Not New,AERCAP HOLDINGS NV,6792.0,349039.0,6094.0,349039.0,-698.0,0.0
14040H105,Sold Out,CAPITAL ONE FINL CORP,1570.0,25000.0,,,,
G4412G101,Sold Out,HERBALIFE LTD,22570.0,500000.0,,,,
194014106,Sold Out,COLFAX CORP,4148.0,79600.0,,,,
073302101,Not New,B/E AEROSPACE INC,10704.0,145000.0,11965.0,189676.0,1261.0,44676.0
85571B105,Sold Out,STARWOOD PPTY TR INC,1856.0,75000.0,,,,
471109108,Not New,JARDEN CORP,4840.0,100000.0,9625.0,220000.0,4785.0,120000.0
573284106,Sold Out,MARTIN MARIETTA MATLS INC,6396.0,64990.0,,,,
537008104,Not New,LITTELFUSE INC,6791.0,86818.0,3210.0,43018.0,-3581.0,-43800.0
464288273,New Holding,ISHARES,,,325.0,6700.0,,
393122106,Sold Out,GREEN MTN COFFEE ROASTERS IN,5265.0,70000.0,,,,
15670R107,New Holding,CEPHEID,,,4685.0,120000.0,,
62886E108,New Holding,NCR CORP NEW,,,7526.0,190000.0,,
803866300,New Holding,SASOL LTD,,,239.0,5000.0,,
00507V109,Not New,ACTIVISION BLIZZARD INC,15012.0,900000.0,7130.0,500000.0,-7882.0,-400000.0
88031M109,New Holding,TENARIS S A,,,332.0,7100.0,,
55826P100,Sold Out,MADISON SQUARE GARDEN CO,4444.0,75000.0,,,,
035128206,New Holding,ANGLOGOLD ASHANTI LTD,,,9296.0,700000.0,,
58933Y105,Sold Out,MERCK & CO INC NEW,232.0,5000.0,,,,
25470M109,Not New,DISH NETWORK CORP,45010.0,1000000.0,31465.0,740000.0,-13545.0,-260000.0
