CUSIP,status,NAME OF ISSUER,(x$1000)_old,PRN AMT_old,(x$1000),PRN AMT,(x$1000)_change,PRN AMT_change
45778Q107,Sold Out,INSPERITY INC,228.0,1865.0,,,,
19239V302,Not New,COGENT COMMUNICATIONS HLDGS,242.0,4388.0,285.0,4804.0,43.0,416.0
44106M102,Sold Out,HOSPITALITY PPTYS TR,205.0,8214.0,,,,
00183L102,Not New,ANGI HOMESERVICES INC,159.0,22508.0,295.0,22711.0,136.0,203.0
87265H109,New Holding,TRI POINTE GROUP INC,,,1388.0,92308.0,,
Y7546A122,New Holding,SCORPIO BULKERS INC,,,128.0,21068.0,,
62944T105,New Holding,NVR INC,,,985.0,265.0,,
607828100,New Holding,MODINE MFG CO,,,228.0,20058.0,,
83001A102,New Holding,SIX FLAGS ENTMT CORP NEW,,,264.0,5192.0,,
422347104,Sold Out,HEARTLAND EXPRESS INC,624.0,34544.0,,,,
419870100,Not New,HAWAIIAN ELEC INDUSTRIES,700.0,15349.0,204.0,4694.0,-496.0,-10655.0
70432V102,Sold Out,PAYCOM SOFTWARE INC,577.0,2557.0,,,,
981811102,Not New,WORTHINGTON INDS INC,231.0,6406.0,406.0,10094.0,175.0,3688.0
036752103,New Holding,ANTHEM INC,,,702.0,2923.0,,
92337F107,Sold Out,VERACYTE INC,482.0,16923.0,,,,
29274F104,New Holding,ENEL AMERICAS S A,,,720.0,78987.0,,
74164M108,Sold Out,PRIMERICA INC,735.0,6114.0,,,,
002535300,New Holding,AARONS INC,,,294.0,4582.0,,
002896207,Sold Out,ABERCROMBIE & FITCH CO,456.0,28398.0,,,,
910340108,Not New,UNITED FIRE GROUP INC,254.0,5401.0,331.0,6832.0,77.0,1431.0
001055102,Sold Out,AFLAC INC,8363.0,152584.0,,,,
000361105,Sold Out,AAR CORP,248.0,6749.0,,,,
92763W103,New Holding,VIPSHOP HLDGS LTD,,,140.0,15691.0,,
464286400,Sold Out,ISHARES INC,984.0,22500.0,,,,
513272104,Sold Out,LAMB WESTON HLDGS INC,502.0,7923.0,,,,
929236107,Sold Out,WD-40 CO,410.0,2577.0,,,,
393222104,New Holding,GREEN PLAINS INC,,,225.0,21239.0,,
759351604,Not New,REINSURANCE GRP OF AMERICA I,481.0,3009.0,915.0,5867.0,434.0,2858.0
904214103,New Holding,UMPQUA HLDGS CORP,,,233.0,14163.0,,
585464100,New Holding,MELCO RESORTS AND ENTMT LTD,,,580.0,29881.0,,
636518102,New Holding,NATIONAL INSTRS CORP,,,235.0,5598.0,,
718546104,Not New,PHILLIPS 66,829.0,8100.0,851.0,9100.0,22.0,1000.0
G50871105,New Holding,JAZZ PHARMACEUTICALS PLC,,,420.0,3274.0,,
68404L102,New Holding,OPTION CARE HEALTH INC,,,99.0,30930.0,,
653656108,New Holding,NICE LTD,,,216.0,1499.0,,
67401P108,Sold Out,OAKTREE SPECIALTY LENDING CO,339.0,62499.0,,,,
H2906T109,Sold Out,GARMIN LTD,728.0,9119.0,,,,
02318Y108,Sold Out,AMBER RD INC,286.0,21916.0,,,,
703481101,New Holding,PATTERSON UTI ENERGY INC,,,277.0,32448.0,,
824889109,Sold Out,SHOE CARNIVAL INC,242.0,8754.0,,,,
156700106,Sold Out,CENTURYLINK INC,149.0,12634.0,,,,
067806109,Sold Out,BARNES GROUP INC,661.0,11734.0,,,,
783859101,Not New,S & T BANCORP INC,381.0,10422.0,391.0,10422.0,10.0,0.0
053015103,Not New,AUTOMATIC DATA PROCESSING IN,820.0,5080.0,1118.0,6759.0,298.0,1679.0
69318G106,Not New,PBF ENERGY INC,1454.0,53472.0,1531.0,48933.0,77.0,-4539.0
126402106,Sold Out,CSW INDUSTRIALS INC,255.0,3738.0,,,,
25179M103,New Holding,DEVON ENERGY CORP NEW,,,511.0,21248.0,,
488401100,Sold Out,KEMPER CORP DEL,631.0,7282.0,,,,
747301109,Sold Out,QUAD / GRAPHICS INC,176.0,22238.0,,,,
92343E102,Sold Out,VERISIGN INC,970.0,4636.0,,,,
67103H107,Sold Out,O REILLY AUTOMOTIVE INC NEW,333.0,901.0,,,,
911684108,New Holding,UNITED STATES CELLULAR CORP,,,260.0,6912.0,,
72147K108,New Holding,PILGRIMS PRIDE CORP NEW,,,495.0,15458.0,,
G39108108,Sold Out,GATES INDUSTRIAL CORPRATIN P,202.0,17673.0,,,,
031652100,New Holding,AMKOR TECHNOLOGY INC,,,511.0,56145.0,,
907818108,Not New,UNION PACIFIC CORP,476.0,2940.0,690.0,4079.0,214.0,1139.0
863667101,New Holding,STRYKER CORP,,,5690.0,26307.0,,
57636Q104,Not New,MASTERCARD INC,1356.0,5000.0,6280.0,23749.0,4924.0,18749.0
G491BT108,New Holding,INVESCO LTD,,,332.0,19575.0,,
448579102,New Holding,HYATT HOTELS CORP,,,885.0,12011.0,,
03073E105,New Holding,AMERISOURCEBERGEN CORP,,,362.0,4391.0,,
177376100,Sold Out,CITRIX SYS INC,402.0,4100.0,,,,
143658300,Not New,CARNIVAL CORP,927.0,21205.0,1120.0,24051.0,193.0,2846.0
401617105,Sold Out,GUESS INC,379.0,23472.0,,,,
405024100,Sold Out,HAEMONETICS CORP,297.0,2467.0,,,,
75605Y106,Sold Out,REALOGY HLDGS CORP,97.0,13333.0,,,,
488152208,New Holding,KELLY SVCS INC,,,274.0,11295.0,,
88579Y101,New Holding,3M CO,,,372.0,2261.0,,
55261F104,New Holding,M & T BK CORP,,,723.0,4574.0,,
001228105,Sold Out,AG MTG INVT TR INC,718.0,45190.0,,,,
655664100,Sold Out,NORDSTROM INC,354.0,11106.0,,,,
92047W101,New Holding,VALVOLINE INC,,,388.0,17607.0,,
928563402,Not New,VMWARE INC,692.0,4610.0,1020.0,6100.0,328.0,1490.0
44107P104,Sold Out,HOST HOTELS & RESORTS INC,463.0,25433.0,,,,
03027X100,Sold Out,AMERICAN TOWER CORP NEW,1198.0,5863.0,,,,
744320102,Not New,PRUDENTIAL FINL INC,518.0,5757.0,403.0,3993.0,-115.0,-1764.0
577933104,Sold Out,MAXIMUS INC,435.0,6000.0,,,,
63633D104,Not New,NATIONAL HEALTH INVS INC,436.0,5292.0,554.0,7099.0,118.0,1807.0
398905109,New Holding,GROUP 1 AUTOMOTIVE INC,,,484.0,5248.0,,
76009N100,New Holding,RENT A CTR INC NEW,,,366.0,14200.0,,
671044105,Sold Out,OSI SYSTEMS INC,281.0,2493.0,,,,
G0585R106,Not New,ASSURED GUARANTY LTD,592.0,13322.0,1077.0,25601.0,485.0,12279.0
G4388N106,Sold Out,HELEN OF TROY CORP LTD,329.0,2518.0,,,,
047649108,Not New,ATKORE INTL GROUP INC,638.0,21025.0,671.0,25924.0,33.0,4899.0
501044101,Sold Out,KROGER CO,389.0,17913.0,,,,
G0751N103,New Holding,ATLANTICA YIELD PLC,,,1050.0,43603.0,,
929089100,Not New,VOYA FINL INC,360.0,6615.0,342.0,6188.0,-18.0,-427.0
01973R101,Not New,ALLISON TRANSMISSION HLDGS I,637.0,13544.0,600.0,12951.0,-37.0,-593.0
89417E109,New Holding,TRAVELERS COMPANIES INC,,,346.0,2324.0,,
635309107,New Holding,NATIONAL CINEMEDIA INC,,,195.0,23738.0,,
871607107,Sold Out,SYNOPSYS INC,656.0,5097.0,,,,
46090E103,New Holding,INVESCO QQQ TR,,,9441.0,50000.0,,
278642103,Not New,EBAY INC,351.0,9000.0,8098.0,205000.0,7747.0,196000.0
883203101,Sold Out,TEXTRON INC,236.0,4459.0,,,,
67000B104,Sold Out,NOVANTA INC,328.0,3479.0,,,,
959802109,Sold Out,WESTERN UN CO,447.0,22461.0,,,,
34959J108,New Holding,FORTIVE CORP,,,843.0,12303.0,,
98986T108,Not New,ZYNGA INC,4433.0,761686.0,4775.0,778970.0,342.0,17284.0
18270P109,Sold Out,CLARUS CORP NEW,192.0,13323.0,,,,
03965L100,Not New,ARCONIC INC,266.0,10228.0,8596.0,332907.0,8330.0,322679.0
760759100,New Holding,REPUBLIC SVCS INC,,,357.0,4121.0,,
303250104,Sold Out,FAIR ISAAC CORP,771.0,2455.0,,,,
74915M100,Not New,QURATE RETAIL INC,426.0,41339.0,282.0,22796.0,-144.0,-18543.0
981558109,Sold Out,WORLDPAY INC,425.0,3426.0,,,,
046433108,Sold Out,ASTRONICS CORP,665.0,16522.0,,,,
354613101,New Holding,FRANKLIN RES INC,,,232.0,8048.0,,
269246401,Not New,E TRADE FINANCIAL CORP,414.0,9474.0,249.0,5587.0,-165.0,-3887.0
191098102,Not New,COCA COLA CONSOLIDATED INC,247.0,814.0,244.0,814.0,-3.0,0.0
30063P105,Sold Out,EXACT SCIENCES CORP,269.0,2281.0,,,,
423452101,Not New,HELMERICH & PAYNE INC,678.0,16924.0,343.0,6774.0,-335.0,-10150.0
42824C109,Not New,HEWLETT PACKARD ENTERPRISE C,330.0,21775.0,1329.0,88913.0,999.0,67138.0
31847R102,Not New,FIRST AMERN FINL CORP,312.0,5293.0,533.0,9924.0,221.0,4631.0
755111507,Sold Out,RAYTHEON CO,711.0,4089.0,,,,
292218104,Not New,EMPLOYERS HOLDINGS INC,255.0,5854.0,667.0,15775.0,412.0,9921.0
256677105,Sold Out,DOLLAR GEN CORP NEW,8365.0,61900.0,,,,
64110W102,Not New,NETEASE INC,469.0,1762.0,559.0,2187.0,90.0,425.0
743315103,Not New,PROGRESSIVE CORP OHIO,375.0,4862.0,750.0,9386.0,375.0,4524.0
50105F105,Not New,KRONOS WORLDWIDE INC,359.0,28991.0,169.0,11011.0,-190.0,-17980.0
74735M108,Not New,QIWI PLC,328.0,14946.0,265.0,13528.0,-63.0,-1418.0
754730109,Sold Out,RAYMOND JAMES FINANCIAL INC,433.0,5118.0,,,,
529043101,Not New,LEXINGTON REALTY TRUST,325.0,31702.0,475.0,50438.0,150.0,18736.0
038923108,Sold Out,ARBOR RLTY TR INC,298.0,24550.0,,,,
00507V109,New Holding,ACTIVISION BLIZZARD INC,,,13982.0,264204.0,,
26875P101,New Holding,EOG RES INC,,,239.0,3240.0,,
876664103,Sold Out,TAUBMAN CTRS INC,1068.0,26117.0,,,,
053807103,New Holding,AVNET INC,,,364.0,8188.0,,
74251V102,New Holding,PRINCIPAL FINL GROUP INC,,,285.0,4991.0,,
91822M106,Not New,VEON LTD,222.0,92694.0,267.0,95313.0,45.0,2619.0
209034107,Sold Out,CONSOLIDATED COMM HLDGS INC,125.0,25449.0,,,,
G8473T100,Sold Out,STERIS PLC,589.0,3959.0,,,,
82312B106,New Holding,SHENANDOAH TELECOMMUNICATION,,,200.0,6300.0,,
370334104,New Holding,GENERAL MLS INC,,,4998.0,91500.0,,
142339100,Sold Out,CARLISLE COS INC,965.0,6874.0,,,,
36268W100,New Holding,GAIN CAP HLDGS INC,,,76.0,14415.0,,
92343X100,Sold Out,VERINT SYS INC,380.0,7064.0,,,,
00737L103,New Holding,ADTALEM GLOBAL ED INC,,,751.0,19712.0,,
649604501,Sold Out,NEW YORK MTG TR INC,89.0,14296.0,,,,
172967424,Sold Out,CITIGROUP INC,12084.0,172559.0,,,,
55616P104,New Holding,MACYS INC,,,305.0,19608.0,,
037347101,Not New,ANWORTH MORTGAGE ASSET CP,230.0,69785.0,264.0,69785.0,34.0,0.0
82669G104,New Holding,SIGNATURE BK NEW YORK N Y,,,275.0,2305.0,,
930059100,Sold Out,WADDELL & REED FINL INC,256.0,15343.0,,,,
04010L103,Sold Out,ARES CAP CORP,267.0,14864.0,,,,
62914B100,Sold Out,NIC INC,211.0,13150.0,,,,
29404K106,Sold Out,ENVESTNET INC,428.0,6253.0,,,,
78463X202,Sold Out,SPDR INDEX SHS FDS,958.0,25000.0,,,,
983919101,New Holding,XILINX INC,,,389.0,4055.0,,
12572Q105,Not New,CME GROUP INC,2388.0,11301.0,3882.0,20000.0,1494.0,8699.0
16359R103,New Holding,CHEMED CORP NEW,,,331.0,792.0,,
48666K109,New Holding,KB HOME,,,998.0,29340.0,,
776696106,Sold Out,ROPER TECHNOLOGIES INC,554.0,1512.0,,,,
55354G100,Not New,MSCI INC,249.0,1145.0,1237.0,5182.0,988.0,4037.0
17275R102,Not New,CISCO SYS INC,321.0,6544.0,235.0,4300.0,-86.0,-2244.0
410120109,New Holding,HANCOCK WHITNEY CORPORATION,,,280.0,7321.0,,
444097109,New Holding,HUDSON PAC PPTYS INC,,,576.0,17220.0,,
09073M104,Sold Out,BIO TECHNE CORP,453.0,2173.0,,,,
882508104,New Holding,TEXAS INSTRS INC,,,323.0,2497.0,,
966387409,New Holding,WHITING PETE CORP NEW,,,99.0,12354.0,,
020002101,New Holding,ALLSTATE CORP,,,811.0,7460.0,,
089302103,Not New,BIG LOTS INC,401.0,16387.0,736.0,25718.0,335.0,9331.0
466367109,Sold Out,JACK IN THE BOX INC,326.0,4010.0,,,,
168615102,Sold Out,CHICOS FAS INC,85.0,25097.0,,,,
G7S00T104,Sold Out,PENTAIR PLC,301.0,8092.0,,,,
46429B958,Sold Out,ISHARES TR,530.0,15000.0,,,,
265504100,New Holding,DUNKIN BRANDS GROUP INC,,,489.0,6165.0,,
224399105,Sold Out,CRANE CO,589.0,7056.0,,,,
36467J108,Not New,GAMING & LEISURE PPTYS INC,252.0,6593.0,606.0,15535.0,354.0,8942.0
594918104,Sold Out,MICROSOFT CORP,224.0,1676.0,,,,
026874784,Sold Out,AMERICAN INTL GROUP INC,7944.0,149100.0,,,,
229663109,New Holding,CUBESMART,,,312.0,8942.0,,
06652K103,Sold Out,BANKUNITED INC,6748.0,200000.0,,,,
254687106,Sold Out,DISNEY WALT CO,1396.0,10000.0,,,,
45867G101,Not New,INTERDIGITAL INC,774.0,14842.0,207.0,3212.0,-567.0,-11630.0
500631106,New Holding,KOREA ELECTRIC PWR,,,148.0,13651.0,,
L44385109,Not New,GLOBANT S A,256.0,2793.0,548.0,5428.0,292.0,2635.0
294429105,Sold Out,EQUIFAX INC,8493.0,62800.0,,,,
410867105,New Holding,HANOVER INS GROUP INC,,,631.0,4652.0,,
88034P109,Not New,TENCENT MUSIC ENTMT GROUP,1660.0,130000.0,1949.0,130000.0,289.0,0.0
98212B103,Not New,WPX ENERGY INC,3187.0,300900.0,2313.0,200900.0,-874.0,-100000.0
902973304,Sold Out,US BANCORP DEL,379.0,7246.0,,,,
04208T108,New Holding,ARMADA HOFFLER PPTYS INC,,,270.0,14912.0,,
947890109,New Holding,WEBSTER FINL CORP CONN,,,476.0,10165.0,,
446413106,Not New,HUNTINGTON INGALLS INDS INC,554.0,2615.0,364.0,1618.0,-190.0,-997.0
382550101,New Holding,GOODYEAR TIRE & RUBR CO,,,496.0,34461.0,,
92840M102,New Holding,VISTRA ENERGY CORP,,,439.0,16437.0,,
M51363113,New Holding,MELLANOX TECHNOLOGIES LTD,,,273.0,2489.0,,
00770C101,Sold Out,ADVANCED EMISSIONS SOLUTS IN,178.0,14049.0,,,,
518439104,Sold Out,LAUDER ESTEE COS INC,8075.0,44100.0,,,,
277276101,Sold Out,EASTGROUP PPTY INC,223.0,1919.0,,,,
835495102,New Holding,SONOCO PRODS CO,,,485.0,8324.0,,
464287655,Not New,ISHARES TR,3784.0,25000.0,3110.0,20000.0,-674.0,-5000.0
78377T107,New Holding,RYMAN HOSPITALITY PPTYS INC,,,419.0,5116.0,,
23331A109,New Holding,D R HORTON INC,,,408.0,7738.0,,
04013V108,Sold Out,ARES COML REAL ESTATE CORP,259.0,17401.0,,,,
817565104,Sold Out,SERVICE CORP INTL,586.0,12532.0,,,,
00773T101,Sold Out,ADVANSIX INC,404.0,16532.0,,,,
552676108,New Holding,M D C HLDGS INC,,,1054.0,24445.0,,
891906109,Sold Out,TOTAL SYS SVCS INC,784.0,6104.0,,,,
988498101,Not New,YUM BRANDS INC,1720.0,15163.0,9544.0,86242.0,7824.0,71079.0
38045R206,Not New,GOL LINHAS AEREAS INTLG S A,268.0,17325.0,772.0,45759.0,504.0,28434.0
761152107,New Holding,RESMED INC,,,574.0,4248.0,,
91324P102,New Holding,UNITEDHEALTH GROUP INC,,,1161.0,5342.0,,
09215C105,Sold Out,BLACK KNIGHT INC,315.0,5229.0,,,,
099502106,Not New,BOOZ ALLEN HAMILTON HLDG COR,382.0,5382.0,1266.0,19117.0,884.0,13735.0
166764100,New Holding,CHEVRON CORP NEW,,,447.0,3765.0,,
87161C501,Sold Out,SYNOVUS FINL CORP,7889.0,225000.0,,,,
533900106,Sold Out,LINCOLN ELEC HLDGS INC,458.0,5563.0,,,,
060505104,Not New,BANK AMER CORP,345.0,11829.0,503.0,17357.0,158.0,5528.0
704551100,Not New,PEABODY ENERGY CORP NEW,155.0,10535.0,253.0,10535.0,98.0,0.0
29414B104,Sold Out,EPAM SYS INC,230.0,1326.0,,,,
247361702,New Holding,DELTA AIR LINES INC DEL,,,405.0,7088.0,,
595112103,New Holding,MICRON TECHNOLOGY INC,,,2143.0,50000.0,,
109641100,Sold Out,BRINKER INTL INC,205.0,5212.0,,,,
31620M106,Sold Out,FIDELITY NATL INFORMATION SV,3642.0,29686.0,,,,
56585A102,Not New,MARATHON PETE CORP,904.0,14880.0,1111.0,19880.0,207.0,5000.0
302301106,Sold Out,EZCORP INC,202.0,21377.0,,,,
783549108,Sold Out,RYDER SYS INC,257.0,4413.0,,,,
81369Y506,Sold Out,SELECT SECTOR SPDR TR,3186.0,50000.0,,,,
81369Y506,Sold Out,SELECT SECTOR SPDR TR,3186.0,50000.0,,,,
229899109,Not New,CULLEN FROST BANKERS INC,855.0,9660.0,226.0,2408.0,-629.0,-7252.0
G3922B107,New Holding,GENPACT LIMITED,,,404.0,10426.0,,
855244109,Not New,STARBUCKS CORP,666.0,7527.0,9315.0,111116.0,8649.0,103589.0
09259E108,Not New,BLACKROCK TCP CAP CORP,152.0,11182.0,629.0,44109.0,477.0,32927.0
93627C101,Not New,WARRIOR MET COAL INC,422.0,21673.0,1191.0,45666.0,769.0,23993.0
525327102,Sold Out,LEIDOS HLDGS INC,1573.0,19704.0,,,,
03783C100,Sold Out,APPFOLIO INC,995.0,9733.0,,,,
14067E506,New Holding,CAPSTEAD MTG CORP,,,387.0,52717.0,,
80689H102,Sold Out,SCHNEIDER NATIONAL INC,249.0,13659.0,,,,
012653101,Sold Out,ALBEMARLE CORP,286.0,4058.0,,,,
16934Q208,Sold Out,CHIMERA INVT CORP,928.0,49177.0,,,,
989701107,New Holding,ZIONS BANCORPORATION N A,,,312.0,7011.0,,
879369106,Sold Out,TELEFLEX INC,8375.0,25300.0,,,,
50187T106,New Holding,LGI HOMES INC,,,794.0,9535.0,,
651639106,New Holding,NEWMONT GOLDCORP CORPORATION,,,4740.0,125000.0,,
457030104,New Holding,INGLES MKTS INC,,,360.0,9310.0,,
670346105,New Holding,NUCOR CORP,,,683.0,13416.0,,
037833100,New Holding,APPLE INC,,,6731.0,30051.0,,
84860W300,Sold Out,SPIRIT RLTY CAP INC NEW,277.0,6494.0,,,,
78464A698,New Holding,SPDR SERIES TRUST,,,1320.0,25000.0,,
109194100,Sold Out,BRIGHT HORIZONS FAM SOL IN D,256.0,1699.0,,,,
49714P108,Sold Out,KINSALE CAP GROUP INC,241.0,2638.0,,,,
883556102,Sold Out,THERMO FISHER SCIENTIFIC INC,362.0,1232.0,,,,
620076307,New Holding,MOTOROLA SOLUTIONS INC,,,442.0,2595.0,,
704326107,Sold Out,PAYCHEX INC,1713.0,20813.0,,,,
L9340P101,Sold Out,TRINSEO S A,574.0,13552.0,,,,
254709108,Sold Out,DISCOVER FINL SVCS,352.0,4537.0,,,,
745867101,Sold Out,PULTE GROUP INC,7807.0,246900.0,,,,
216648402,Sold Out,COOPER COS INC,598.0,1778.0,,,,
171340102,Sold Out,CHURCH & DWIGHT INC,361.0,4944.0,,,,
98421B100,New Holding,XPERI CORP,,,430.0,20789.0,,
402635304,New Holding,GULFPORT ENERGY CORP,,,207.0,76535.0,,
81761R109,Not New,SERVICEMASTER GLOBAL HLDGS I,909.0,16258.0,721.0,13830.0,-188.0,-2428.0
74267C106,Sold Out,PROASSURANCE CORP,222.0,6160.0,,,,
431571108,Not New,HILLENBRAND INC,203.0,6587.0,291.0,7357.0,88.0,770.0
70438V106,Sold Out,PAYLOCITY HLDG CORP,312.0,3323.0,,,,
676220106,Not New,OFFICE DEPOT INC,292.0,166611.0,343.0,166611.0,51.0,0.0
260003108,Sold Out,DOVER CORP,412.0,4116.0,,,,
294628102,New Holding,EQUITY COMWLTH,,,249.0,8093.0,,
830879102,Not New,SKYWEST INC,223.0,3877.0,407.0,6712.0,184.0,2835.0
03748R754,New Holding,APARTMENT INVT & MGMT CO,,,424.0,8130.0,,
617446448,Not New,MORGAN STANLEY,765.0,17936.0,723.0,16508.0,-42.0,-1428.0
867892101,Not New,SUNSTONE HOTEL INVS INC NEW,232.0,16891.0,307.0,22377.0,75.0,5486.0
941848103,Sold Out,WATERS CORP,368.0,1712.0,,,,
629209305,Not New,NMI HLDGS INC,435.0,16566.0,393.0,13840.0,-42.0,-2726.0
36473H104,Sold Out,GANNETT CO INC,115.0,14108.0,,,,
192446102,New Holding,COGNIZANT TECHNOLOGY SOLUTIO,,,276.0,4581.0,,
29977A105,New Holding,EVERCORE INC,,,473.0,5900.0,,
96758W101,Sold Out,WIDEOPENWEST INC,144.0,19829.0,,,,
12514G108,Not New,CDW CORP,300.0,2433.0,257.0,2316.0,-43.0,-117.0
49427F108,New Holding,KILROY RLTY CORP,,,259.0,3326.0,,
896522109,Not New,TRINITY INDS INC,244.0,12510.0,1292.0,62245.0,1048.0,49735.0
92220P105,New Holding,VARIAN MED SYS INC,,,227.0,1909.0,,
808513105,Sold Out,THE CHARLES SCHWAB CORPORATI,241.0,5999.0,,,,
880890108,Sold Out,TERNIUM SA,1456.0,64896.0,,,,
512807108,New Holding,LAM RESEARCH CORP,,,1511.0,6539.0,,
20605P101,New Holding,CONCHO RES INC,,,284.0,4176.0,,
86722A103,Sold Out,SUNCOKE ENERGY INC,214.0,24127.0,,,,
708062104,Not New,PENNANTPARK INVT CORP,239.0,38040.0,384.0,60833.0,145.0,22793.0
30068N105,Sold Out,EXANTAS CAP CORP,630.0,55936.0,,,,
893641100,Not New,TRANSDIGM GROUP INC,544.0,1045.0,629.0,1300.0,85.0,255.0
427096508,New Holding,HERCULES CAPITAL INC,,,162.0,12119.0,,
45168D104,Sold Out,IDEXX LABS INC,9305.0,33794.0,,,,
422806109,Sold Out,HEICO CORP NEW,313.0,2347.0,,,,
75508B104,Sold Out,RAYONIER ADVANCED MATLS INC,74.0,11346.0,,,,
G25343107,Not New,COSAN LTD,871.0,58487.0,971.0,72668.0,100.0,14181.0
929160109,Not New,VULCAN MATLS CO,6907.0,45668.0,9359.0,68161.0,2452.0,22493.0
461202103,Sold Out,INTUIT,364.0,1394.0,,,,
56418H100,New Holding,MANPOWERGROUP INC,,,642.0,7617.0,,
Y7542C130,New Holding,SCORPIO TANKERS INC,,,985.0,33100.0,,
553530106,New Holding,MSC INDL DIRECT INC,,,555.0,7651.0,,
456788108,New Holding,INFOSYS LTD,,,625.0,55645.0,,
615394202,Not New,MOOG INC,742.0,9144.0,519.0,5550.0,-223.0,-3594.0
55303A105,New Holding,MGM GROWTH PPTYS LLC,,,280.0,9307.0,,
743312100,Sold Out,PROGRESS SOFTWARE CORP,588.0,13491.0,,,,
46131B100,Not New,INVESCO MORTGAGE CAPITAL INC,245.0,16034.0,679.0,42118.0,434.0,26084.0
899896104,Not New,TUPPERWARE BRANDS CORP,575.0,36236.0,697.0,36639.0,122.0,403.0
302491303,Sold Out,F M C CORP,298.0,3592.0,,,,
15911M107,New Holding,CHANGYOU COM LTD,,,262.0,27571.0,,
45780R101,New Holding,INSTALLED BLDG PRODS INC,,,204.0,3562.0,,
72703H101,Sold Out,PLANET FITNESS INC,472.0,6516.0,,,,
447011107,Sold Out,HUNTSMAN CORP,357.0,17471.0,,,,
867224107,Not New,SUNCOR ENERGY INC NEW,1611.0,51000.0,2845.0,91300.0,1234.0,40300.0
478160104,New Holding,JOHNSON & JOHNSON,,,805.0,6224.0,,
91529Y106,Not New,UNUM GROUP,1042.0,35416.0,655.0,19556.0,-387.0,-15860.0
426281101,Sold Out,HENRY JACK & ASSOC INC,582.0,4348.0,,,,
554382101,Sold Out,MACERICH CO,562.0,16789.0,,,,
89055F103,New Holding,TOPBUILD CORP,,,204.0,2113.0,,
339041105,Not New,FLEETCOR TECHNOLOGIES INC,792.0,2762.0,1701.0,6058.0,909.0,3296.0
343412102,New Holding,FLUOR CORP NEW,,,310.0,16189.0,,
81369Y605,Sold Out,SELECT SECTOR SPDR TR,11040.0,400000.0,,,,
136635109,Not New,CANADIAN SOLAR INC,431.0,22839.0,398.0,18224.0,-33.0,-4615.0
87236Y108,Not New,TD AMERITRADE HLDG CORP,401.0,8578.0,764.0,15313.0,363.0,6735.0
674599105,Not New,OCCIDENTAL PETE CORP,411.0,9234.0,461.0,9171.0,50.0,-63.0
693718108,Sold Out,PACCAR INC,506.0,7055.0,,,,
233331107,Sold Out,DTE ENERGY CO,790.0,6178.0,,,,
00971T101,New Holding,AKAMAI TECHNOLOGIES INC,,,276.0,3022.0,,
775711104,Sold Out,ROLLINS INC,589.0,16436.0,,,,
343498101,New Holding,FLOWERS FOODS INC,,,201.0,8699.0,,
68243Q106,New Holding,FLWS/1-800 FLOWERS,,,432.0,29197.0,,
750236101,Not New,RADIAN GROUP INC,858.0,37566.0,526.0,23026.0,-332.0,-14540.0
458334109,Not New,INTER PARFUMS INC,388.0,5539.0,368.0,5539.0,-20.0,0.0
58463J304,Not New,MEDICAL PPTYS TRUST INC,450.0,23008.0,497.0,28527.0,47.0,5519.0
14174T107,Sold Out,CARETRUST REIT INC,293.0,12315.0,,,,
539830109,Sold Out,LOCKHEED MARTIN CORP,9236.0,25414.0,,,,
225310101,Sold Out,CREDIT ACCEP CORP MICH,482.0,996.0,,,,
G3682E192,New Holding,FRONTLINE LTD,,,367.0,40384.0,,
55262C100,Sold Out,MBIA INC,380.0,40706.0,,,,
46266C105,Sold Out,IQVIA HLDGS INC,9547.0,59382.0,,,,
693656100,Sold Out,PVH CORP,283.0,2992.0,,,,
532457108,Not New,LILLY ELI & CO,647.0,5786.0,409.0,3690.0,-238.0,-2096.0
16411R208,New Holding,CHENIERE ENERGY INC,,,36524.0,579200.0,,
626717102,Sold Out,MURPHY OIL CORP,315.0,12781.0,,,,
43300A203,New Holding,HILTON WORLDWIDE HLDGS INC,,,526.0,5649.0,,
912008109,New Holding,US FOODS HLDG CORP,,,249.0,6064.0,,
02156K103,Not New,ALTICE USA INC,1992.0,69450.0,31075.0,1276168.0,29083.0,1206718.0
125141101,Sold Out,CECO ENVIRONMENTAL CORP,113.0,11831.0,,,,
889478103,New Holding,TOLL BROTHERS INC,,,636.0,15540.0,,
7591EP100,Sold Out,REGIONS FINL CORP NEW,10451.0,700000.0,,,,
489170100,Not New,KENNAMETAL INC,375.0,12208.0,242.0,6540.0,-133.0,-5668.0
35086T109,Sold Out,FOUR CORNERS PPTY TR INC,945.0,34583.0,,,,
163851108,Not New,CHEMOURS CO,401.0,26854.0,768.0,32013.0,367.0,5159.0
115236101,Sold Out,BROWN & BROWN INC,1265.0,37760.0,,,,
212015101,Not New,CONTINENTAL RESOURCES INC,286.0,9283.0,1810.0,43000.0,1524.0,33717.0
212015101,Not New,CONTINENTAL RESOURCES INC,286.0,9283.0,17678.0,420000.0,17392.0,410717.0
30225T102,New Holding,EXTRA SPACE STORAGE INC,,,487.0,4171.0,,
127387108,Sold Out,CADENCE DESIGN SYSTEM INC,8531.0,120477.0,,,,
552074700,New Holding,LYON WILLIAM HOMES,,,340.0,16723.0,,
126117100,Not New,CNA FINL CORP,972.0,19742.0,501.0,10649.0,-471.0,-9093.0
500255104,Not New,KOHLS CORP,291.0,5856.0,790.0,16624.0,499.0,10768.0
978097103,Not New,WOLVERINE WORLD WIDE INC,407.0,14410.0,880.0,31956.0,473.0,17546.0
74346Y103,Sold Out,PROS HOLDINGS INC,335.0,5292.0,,,,
847215100,Not New,SPARTANNASH CO,135.0,11413.0,302.0,25857.0,167.0,14444.0
636180101,Sold Out,NATIONAL FUEL GAS CO N J,945.0,17927.0,,,,
436106108,Not New,HOLLYFRONTIER CORP,890.0,16600.0,1377.0,29750.0,487.0,13150.0
501242101,New Holding,KULICKE & SOFFA INDS INC,,,242.0,10294.0,,
30040P103,Not New,EVERTEC INC,263.0,8438.0,480.0,14691.0,217.0,6253.0
714046109,New Holding,PERKINELMER INC,,,227.0,2667.0,,
41068X100,Sold Out,HANNON ARMSTRONG SUST INFR C,970.0,34426.0,,,,
55608B105,Sold Out,MACQUARIE INFRASTRUCTURE COR,293.0,7241.0,,,,
G7496G103,Sold Out,RENAISSANCERE HOLDINGS LTD,3561.0,20000.0,,,,
12504L109,New Holding,CBRE GROUP INC,,,421.0,7949.0,,
501797104,New Holding,L BRANDS INC,,,279.0,14249.0,,
54142L109,New Holding,LOGMEIN INC,,,213.0,3000.0,,
02553E106,Not New,AMERICAN EAGLE OUTFITTERS IN,352.0,21901.0,804.0,47621.0,452.0,25720.0
70959W103,Not New,PENSKE AUTOMOTIVE GRP INC,370.0,7830.0,308.0,6506.0,-62.0,-1324.0
105368203,New Holding,BRANDYWINE RLTY TR,,,239.0,15961.0,,
198516106,New Holding,COLUMBIA SPORTSWEAR CO,,,508.0,5246.0,,
361008105,Sold Out,FUNKO INC,276.0,11399.0,,,,
237194105,New Holding,DARDEN RESTAURANTS INC,,,228.0,1942.0,,
02005N100,Not New,ALLY FINL INC,5023.0,151481.0,1323.0,42691.0,-3700.0,-108790.0
127097103,Sold Out,CABOT OIL & GAS CORP,227.0,9899.0,,,,
857477103,Sold Out,STATE STR CORP,281.0,5013.0,,,,
565849106,Not New,MARATHON OIL CORP,461.0,37563.0,181.0,12751.0,-280.0,-24812.0
91913Y100,Not New,VALERO ENERGY CORP NEW,1316.0,15441.0,1037.0,12110.0,-279.0,-3331.0
70450Y103,Not New,PAYPAL HLDGS INC,256.0,2472.0,745.0,6510.0,489.0,4038.0
806407102,New Holding,HENRY SCHEIN INC,,,476.0,7497.0,,
74347M108,New Holding,PROPETRO HLDG CORP,,,145.0,15934.0,,
097793400,New Holding,BONANZA CREEK ENERGY INC,,,338.0,15114.0,,
974155103,Not New,WINGSTOP INC,644.0,7384.0,210.0,2215.0,-434.0,-5169.0
G0408V102,Sold Out,AON PLC,461.0,2391.0,,,,
71742Q106,Sold Out,PHIBRO ANIMAL HEALTH CORP,250.0,7869.0,,,,
571748102,Sold Out,MARSH & MCLENNAN COS INC,344.0,3447.0,,,,
62914V106,Not New,NIO INC,1310.0,840000.0,2142.0,840000.0,832.0,0.0
29472R108,Not New,EQUITY LIFESTYLE PPTYS INC,291.0,2176.0,239.0,1967.0,-52.0,-209.0
G97822103,Sold Out,PERRIGO CO PLC,362.0,7601.0,,,,
364760108,Not New,GAP INC,469.0,27396.0,1091.0,60735.0,622.0,33339.0
93964W108,Sold Out,WASHINGTON PRIME GROUP NEW,244.0,63854.0,,,,
78463V107,Not New,SPDR GOLD TRUST,13887.0,100000.0,15238.0,114400.0,1351.0,14400.0
78463V107,Not New,SPDR GOLD TRUST,13887.0,100000.0,6660.0,50000.0,-7227.0,-50000.0
018522300,Sold Out,ALLETE INC,250.0,2999.0,,,,
360271100,New Holding,FULTON FINL CORP PA,,,334.0,20654.0,,
12503M108,Not New,CBOE GLOBAL MARKETS INC,438.0,3810.0,876.0,8457.0,438.0,4647.0
67018T105,New Holding,NU SKIN ENTERPRISES INC,,,349.0,8205.0,,
513847103,Not New,LANCASTER COLONY CORP,289.0,2081.0,423.0,2846.0,134.0,765.0
29355A107,Not New,ENPHASE ENERGY INC,333.0,14994.0,451.0,24743.0,118.0,9749.0
30239F106,Not New,FBL FINL GROUP INC,545.0,9159.0,631.0,9890.0,86.0,731.0
231561101,Not New,CURTISS WRIGHT CORP,439.0,3396.0,446.0,3512.0,7.0,116.0
17243V102,Sold Out,CINEMARK HOLDINGS INC,699.0,19368.0,,,,
92826C839,Sold Out,VISA INC,1110.0,6397.0,,,,
30224P200,New Holding,EXTENDED STAY AMER INC,,,189.0,12933.0,,
489398107,Not New,KENNEDY-WILSON HLDGS INC,647.0,29504.0,644.0,31374.0,-3.0,1870.0
55305B101,New Holding,M/I HOMES INC,,,1490.0,39583.0,,
81211K100,New Holding,SEALED AIR CORP NEW,,,239.0,5756.0,,
05561Q201,Sold Out,BOK FINL CORP,362.0,4790.0,,,,
536797103,New Holding,LITHIA MTRS INC,,,239.0,1809.0,,
23355L106,Not New,DXC TECHNOLOGY CO,459.0,15548.0,456.0,8271.0,-3.0,-7277.0
38173M102,New Holding,GOLUB CAP BDC INC,,,202.0,10735.0,,
G3198U102,Not New,ESSENT GROUP LTD,702.0,14728.0,596.0,12690.0,-106.0,-2038.0
457187102,Not New,INGREDION INC,793.0,9705.0,732.0,8869.0,-61.0,-836.0
G37585109,Not New,GASLOG LTD,172.0,13365.0,192.0,13365.0,20.0,0.0
025816109,New Holding,AMERICAN EXPRESS CO,,,259.0,2197.0,,
406216101,New Holding,HALLIBURTON CO,,,585.0,31047.0,,
87165B103,Not New,SYNCHRONY FINL,407.0,11933.0,16312.0,470915.0,15905.0,458982.0
48268K101,Not New,KT CORP,473.0,41803.0,173.0,13957.0,-300.0,-27846.0
57665R106,New Holding,MATCH GROUP INC,,,548.0,7667.0,,
98421M106,New Holding,XEROX HOLDINGS CORP,,,471.0,15756.0,,
002444107,Not New,AVX CORP NEW,165.0,10865.0,313.0,18849.0,148.0,7984.0
21870U502,Not New,CORENERGY INFRASTRUCTURE TR,1036.0,21933.0,496.0,12508.0,-540.0,-9425.0
30227H106,New Holding,EXTERRAN CORP,,,188.0,14397.0,,
534187109,Not New,LINCOLN NATL CORP IND,856.0,14289.0,701.0,10886.0,-155.0,-3403.0
235825205,Not New,DANA INCORPORATED,338.0,23379.0,264.0,13191.0,-74.0,-10188.0
397624107,Sold Out,GREIF INC,626.0,19263.0,,,,
002824100,Not New,ABBOTT LABS,367.0,4401.0,531.0,6315.0,164.0,1914.0
03062T105,Sold Out,AMERICAS CAR MART INC,256.0,2974.0,,,,
174610105,Sold Out,CITIZENS FINL GROUP INC,5378.0,152081.0,,,,
518415104,New Holding,LATTICE SEMICONDUCTOR CORP,,,327.0,17883.0,,
248019101,New Holding,DELUXE CORP,,,362.0,7359.0,,
751212101,Not New,RALPH LAUREN CORP,367.0,3845.0,308.0,2717.0,-59.0,-1128.0
81141R100,New Holding,SEA LTD,,,219.0,7071.0,,
516806106,New Holding,LAREDO PETROLEUM INC,,,88.0,36577.0,,
69181V107,Not New,OXFORD SQUARE CAP CORP,75.0,12225.0,177.0,27645.0,102.0,15420.0
91307C102,New Holding,UNITED THERAPEUTICS CORP DEL,,,530.0,6640.0,,
441593100,New Holding,HOULIHAN LOKEY INC,,,444.0,9844.0,,
717081103,New Holding,PFIZER INC,,,473.0,13174.0,,
902494103,New Holding,TYSON FOODS INC,,,292.0,3395.0,,
576323109,New Holding,MASTEC INC,,,283.0,4363.0,,
48669A108,New Holding,KEANE GROUP INC,,,222.0,36685.0,,
571903202,New Holding,MARRIOTT INTL INC NEW,,,581.0,4673.0,,
231021106,Sold Out,CUMMINS INC,280.0,1635.0,,,,
516012101,New Holding,LANNET INC,,,250.0,22307.0,,
666807102,New Holding,NORTHROP GRUMMAN CORP,,,5734.0,15300.0,,
30231G102,New Holding,EXXON MOBIL CORP,,,706.0,9992.0,,
00287Y109,Sold Out,ABBVIE INC,1164.0,16010.0,,,,
45781D101,New Holding,INOVALON HLDGS INC,,,253.0,15462.0,,
874039100,New Holding,TAIWAN SEMICONDUCTOR MFG LTD,,,14088.0,303100.0,,
37045V100,New Holding,GENERAL MTRS CO,,,3007.0,80220.0,,
40412C101,New Holding,HCA HEALTHCARE INC,,,634.0,5264.0,,
46284V101,Sold Out,IRON MTN INC NEW,361.0,11531.0,,,,
07556Q881,New Holding,BEAZER HOMES USA INC,,,672.0,45124.0,,
61174X109,Sold Out,MONSTER BEVERAGE CORP NEW,269.0,4210.0,,,,
773903109,Sold Out,ROCKWELL AUTOMATION INC,403.0,2460.0,,,,
482480100,New Holding,KLA CORPORATION,,,625.0,3922.0,,
12653C108,Not New,CNX RESOURCES CORPORATION,450.0,62046.0,354.0,48433.0,-96.0,-13613.0
464287234,Sold Out,ISHARES TR,10728.0,250000.0,,,,
169905106,New Holding,CHOICE HOTELS INTL INC,,,377.0,4246.0,,
363576109,Sold Out,GALLAGHER ARTHUR J & CO,1694.0,19343.0,,,,
931427108,Sold Out,WALGREENS BOOTS ALLIANCE INC,424.0,7757.0,,,,
02156B103,Sold Out,ALTERYX INC,521.0,4771.0,,,,
298736109,Sold Out,EURONET WORLDWIDE INC,848.0,5041.0,,,,
28238P109,Sold Out,EHEALTH INC,396.0,4604.0,,,,
24869P104,New Holding,DENNYS CORP,,,343.0,15073.0,,
64111Q104,Not New,NETGEAR INC,209.0,6481.0,215.0,8504.0,6.0,2023.0
69329Y104,Not New,PDL BIOPHARMA INC,164.0,76020.0,261.0,83060.0,97.0,7040.0
848574109,Not New,SPIRIT AEROSYSTEMS HLDGS INC,406.0,4936.0,792.0,9747.0,386.0,4811.0
879433829,New Holding,TELEPHONE & DATA SYS INC,,,318.0,12315.0,,
04247X102,Sold Out,ARMSTRONG WORLD INDS INC NEW,788.0,8110.0,,,,
74967X103,New Holding,RH,,,347.0,2030.0,,
26884U109,Not New,EPR PPTYS,230.0,2992.0,1006.0,13484.0,776.0,10492.0
892356106,New Holding,TRACTOR SUPPLY CO,,,604.0,6674.0,,
688239201,New Holding,OSHKOSH CORP,,,409.0,5400.0,,
00846U101,Not New,AGILENT TECHNOLOGIES INC,253.0,3303.0,743.0,9946.0,490.0,6643.0
N72482123,New Holding,QIAGEN NV,,,369.0,11186.0,,
78410G104,New Holding,SBA COMMUNICATIONS CORP NEW,,,221.0,916.0,,
90347A100,Sold Out,UBIQUITI NETWORKS INC,483.0,3673.0,,,,
279158109,New Holding,ECOPETROL S A,,,359.0,21106.0,,
901109108,New Holding,TUTOR PERINI CORP,,,189.0,13164.0,,
655844108,Sold Out,NORFOLK SOUTHERN CORP,1337.0,6709.0,,,,
681919106,Sold Out,OMNICOM GROUP INC,1577.0,19232.0,,,,
781846209,Not New,RUSH ENTERPRISES INC,209.0,5421.0,601.0,16460.0,392.0,11039.0
636220303,New Holding,NATIONAL GEN HLDGS CORP,,,516.0,22446.0,,
858119100,New Holding,STEEL DYNAMICS INC,,,215.0,7219.0,,
50212V100,Not New,LPL FINL HLDGS INC,308.0,3760.0,913.0,11188.0,605.0,7428.0
96208T104,Not New,WEX INC,353.0,1749.0,716.0,3438.0,363.0,1689.0
512816109,Sold Out,LAMAR ADVERTISING CO NEW,489.0,6054.0,,,,
629377508,Not New,NRG ENERGY INC,501.0,12662.0,666.0,18977.0,165.0,6315.0
46121Y102,Sold Out,INTREPID POTASH INC,52.0,15526.0,,,,
46625H100,Sold Out,JPMORGAN CHASE & CO,611.0,5469.0,,,,
11135F101,Not New,BROADCOM INC,266.0,963.0,2015.0,7000.0,1749.0,6037.0
700517105,Not New,PARK HOTELS RESORTS INC,387.0,15493.0,1098.0,39837.0,711.0,24344.0
395259104,New Holding,GREENHILL & CO INC,,,141.0,10725.0,,
125581801,New Holding,CIT GROUP INC,,,814.0,17955.0,,
502431109,New Holding,L3HARRIS TECHNOLOGIES INC,,,226.0,1085.0,,
00165C104,Sold Out,AMC ENTMT HLDGS INC,249.0,26691.0,,,,
200340107,Not New,COMERICA INC,991.0,15018.0,630.0,8667.0,-361.0,-6351.0
436440101,Sold Out,HOLOGIC INC,283.0,5883.0,,,,
59001A102,New Holding,MERITAGE HOMES CORP,,,803.0,11408.0,,
59156R108,New Holding,METLIFE INC,,,945.0,20029.0,,
444859102,New Holding,HUMANA INC,,,407.0,1590.0,,
78462F103,Not New,SPDR S&P 500 ETF TR,177061.0,596628.0,252066.0,860000.0,75005.0,263372.0
M8737E108,Not New,TARO PHARMACEUTICAL INDS LTD,669.0,8865.0,230.0,2696.0,-439.0,-6169.0
399473107,Sold Out,GROUPON INC,215.0,60018.0,,,,
20030N101,Not New,COMCAST CORP NEW,2641.0,58850.0,3187.0,75388.0,546.0,16538.0
68268W103,New Holding,ONEMAIN HLDGS INC,,,431.0,11755.0,,
47233W109,Not New,JEFFERIES FINL GROUP INC,677.0,36783.0,636.0,33065.0,-41.0,-3718.0
320517105,Sold Out,FIRST HORIZON NATL CORP,4479.0,300000.0,,,,
516544103,Sold Out,LANTHEUS HLDGS INC,288.0,10177.0,,,,
055622104,Sold Out,BP PLC,12433.0,298142.0,,,,
26614N102,New Holding,DUPONT DE NEMOURS INC,,,212.0,2968.0,,
502413107,Sold Out,L3 TECHNOLOGIES INC,7977.0,32556.0,,,,
74102M103,Sold Out,PRESIDIO INC,175.0,12782.0,,,,
984245100,Sold Out,YPF SOCIEDAD ANONIMA,218.0,11975.0,,,,
302635107,Not New,FS KKR CAPITAL CORP,794.0,136180.0,241.0,40473.0,-553.0,-95707.0
925815102,Sold Out,VICOR CORP,231.0,7436.0,,,,
78454L100,New Holding,SM ENERGY CO,,,115.0,11963.0,,
92553P201,New Holding,VIACOM INC NEW,,,378.0,15731.0,,
Y2106R110,New Holding,DORIAN LPG LTD,,,763.0,73678.0,,
59001K100,Sold Out,MERITOR INC,740.0,30532.0,,,,
45378A106,Not New,INDEPENDENCE RLTY TR INC,479.0,33476.0,295.0,25497.0,-184.0,-7979.0
045327103,Not New,ASPEN TECHNOLOGY INC,380.0,3085.0,1107.0,8909.0,727.0,5824.0
M15342104,Not New,AUDIOCODES LTD,213.0,11253.0,181.0,11705.0,-32.0,452.0
464287184,Not New,ISHARES TR,358.0,9000.0,855.0,20000.0,497.0,11000.0
464287184,Not New,ISHARES TR,358.0,9000.0,2139.0,50000.0,1781.0,41000.0
464287184,Not New,ISHARES TR,358.0,9000.0,855.0,20000.0,497.0,11000.0
464287184,Not New,ISHARES TR,358.0,9000.0,2139.0,50000.0,1781.0,41000.0
464287184,Not New,ISHARES TR,1592.0,40000.0,855.0,20000.0,-737.0,-20000.0
464287184,Not New,ISHARES TR,1592.0,40000.0,2139.0,50000.0,547.0,10000.0
45688C107,Sold Out,INGEVITY CORP,378.0,3598.0,,,,
862121100,Sold Out,STORE CAP CORP,395.0,11893.0,,,,
29530P102,New Holding,ERIE INDTY CO,,,342.0,1850.0,,
12508E101,Not New,CDK GLOBAL INC,260.0,5413.0,617.0,12474.0,357.0,7061.0
47973J102,New Holding,JOINT CORP,,,309.0,16584.0,,
368736104,Sold Out,GENERAC HLDGS INC,560.0,8062.0,,,,
98139A105,Sold Out,WORKIVA INC,604.0,10413.0,,,,
00081T108,Sold Out,ACCO BRANDS CORP,197.0,25105.0,,,,
829214105,Not New,SIMULATIONS PLUS INC,863.0,24916.0,455.0,15925.0,-408.0,-8991.0
640268108,New Holding,NEKTAR THERAPEUTICS,,,184.0,10099.0,,
68389X105,Not New,ORACLE CORP,714.0,13033.0,1429.0,25136.0,715.0,12103.0
589378108,Not New,MERCURY SYS INC,202.0,2489.0,481.0,6837.0,279.0,4348.0
552848103,Not New,MGIC INVT CORP WIS,877.0,69713.0,587.0,44627.0,-290.0,-25086.0
05968L102,New Holding,BANCOLOMBIA S A,,,347.0,7011.0,,
667340103,New Holding,NORTHWEST BANCSHARES INC MD,,,390.0,23809.0,,
68213N109,Sold Out,OMNICELL INC,349.0,4061.0,,,,
59408Q106,Not New,MICHAELS COS INC,151.0,15401.0,505.0,57993.0,354.0,42592.0
Y2065G121,New Holding,DHT HOLDINGS INC,,,395.0,64246.0,,
51817R106,New Holding,LATAM AIRLS GROUP S A,,,154.0,13832.0,,
40416M105,Not New,HD SUPPLY HLDGS INC,234.0,5969.0,249.0,6170.0,15.0,201.0
35138V102,Sold Out,FOX FACTORY HLDG CORP,241.0,2921.0,,,,
V7780T103,Sold Out,ROYAL CARIBBEAN CRUISES LTD,308.0,2540.0,,,,
013872106,Sold Out,ALCOA CORP,708.0,30250.0,,,,
06746P621,Sold Out,BARCLAYS BK PLC,3949.0,151900.0,,,,
281020107,New Holding,EDISON INTL,,,4940.0,65500.0,,
69924R108,New Holding,PARAMOUNT GROUP INC,,,160.0,11993.0,,
87724P106,New Holding,TAYLOR MORRISON HOME CORP,,,685.0,26408.0,,
413875105,Sold Out,HARRIS CORP DEL,8676.0,45874.0,,,,
891092108,Sold Out,TORO CO,615.0,9190.0,,,,
18539C105,Sold Out,CLEARWAY ENERGY INC,172.0,10635.0,,,,
871851101,Not New,SYSTEMAX INC,276.0,12535.0,318.0,14322.0,42.0,1787.0
12621E103,Not New,CNO FINL GROUP INC,578.0,36524.0,217.0,12995.0,-361.0,-23529.0
540424108,New Holding,LOEWS CORP,,,272.0,5285.0,,
83417M104,Not New,SOLAREDGE TECHNOLOGIES INC,512.0,6119.0,273.0,4371.0,-239.0,-1748.0
064058100,Not New,BANK NEW YORK MELLON CORP,247.0,5508.0,658.0,14901.0,411.0,9393.0
749660106,Not New,RPC INC,431.0,76740.0,224.0,31010.0,-207.0,-45730.0
95082P105,New Holding,WESCO INTL INC,,,305.0,6386.0,,
G4705A100,Sold Out,ICON PLC,289.0,1880.0,,,,
025676206,Not New,AMERICAN EQTY INVT LIFE HLD,745.0,30800.0,732.0,26962.0,-13.0,-3838.0
384313508,Sold Out,GRAFTECH INTL LTD,494.0,43051.0,,,,
800013104,Sold Out,SANDERSON FARMS INC,346.0,2532.0,,,,
H84989104,New Holding,TE CONNECTIVITY LTD,,,398.0,4268.0,,
G6674U108,Sold Out,NOVOCURE LTD,320.0,5064.0,,,,
086516101,New Holding,BEST BUY INC,,,283.0,4095.0,,
G0457F107,Not New,ARCOS DORADOS HOLDINGS INC,375.0,55855.0,289.0,39712.0,-86.0,-16143.0
337738108,New Holding,FISERV INC,,,469.0,4524.0,,
521865204,New Holding,LEAR CORP,,,531.0,4508.0,,
02209S103,New Holding,ALTRIA GROUP INC,,,343.0,8381.0,,
92345Y106,Sold Out,VERISK ANALYTICS INC,399.0,2726.0,,,,
G7T16G103,Not New,SAPIENS INTL CORP N V,821.0,41827.0,703.0,42309.0,-118.0,482.0
034164103,New Holding,ANDERSONS INC,,,474.0,21144.0,,
237266101,New Holding,DARLING INGREDIENTS INC,,,221.0,11528.0,,
879181105,Sold Out,TELARIA INC,132.0,17539.0,,,,
198287203,New Holding,COLUMBIA PPTY TR INC,,,421.0,19885.0,,
40434L105,Not New,HP INC,650.0,34368.0,353.0,16956.0,-297.0,-17412.0
719405102,Not New,PHOTRONICS INC,356.0,32746.0,124.0,15179.0,-232.0,-17567.0
703395103,New Holding,PATTERSON COMPANIES INC,,,353.0,20125.0,,
828806109,Sold Out,SIMON PPTY GROUP INC NEW,1128.0,7063.0,,,,
171798101,New Holding,CIMAREX ENERGY CO,,,284.0,5933.0,,
369550108,New Holding,GENERAL DYNAMICS CORP,,,293.0,1615.0,,
303075105,Sold Out,FACTSET RESH SYS INC,451.0,1575.0,,,,
647551100,Not New,NEW MTN FIN CORP,282.0,20675.0,376.0,26905.0,94.0,6230.0
80283M101,Not New,SANTANDER CONSUMER USA HDG I,8316.0,325987.0,12284.0,512708.0,3968.0,186721.0
344849104,Sold Out,FOOT LOCKER INC,563.0,13440.0,,,,
743606105,Sold Out,PROSPERITY BANCSHARES INC,625.0,9454.0,,,,
419596101,Not New,HAVERTY FURNITURE INC,482.0,23802.0,689.0,40432.0,207.0,16630.0
695263103,New Holding,PACWEST BANCORP DEL,,,332.0,9143.0,,
693475105,Sold Out,PNC FINL SVCS GROUP INC,6853.0,50000.0,,,,
25470M109,Sold Out,DISH NETWORK CORP,7881.0,205180.0,,,,
526107107,Not New,LENNOX INTL INC,385.0,1583.0,710.0,2588.0,325.0,1005.0
