CUSIP,status,NAME OF ISSUER,(x$1000)_old,PRN AMT_old,(x$1000),PRN AMT,(x$1000)_change,PRN AMT_change
03957W106,Sold Out,ARCHROCK INC,292.0,29851.0,,,,
45778Q107,Not New,INSPERITY INC,228.0,1865.0,813.0,6574.0,585.0,4709.0
19239V302,New Holding,COGENT COMMUNICATIONS HLDGS,,,285.0,4804.0,,
44106M102,Not New,HOSPITALITY PPTYS TR,205.0,8214.0,501.0,19030.0,296.0,10816.0
00183L102,New Holding,ANGI HOMESERVICES INC,,,295.0,22711.0,,
34385P108,Sold Out,FLUIDIGM CORP DEL,371.0,27920.0,,,,
58506Q109,Sold Out,MEDPACE HLDGS INC,278.0,4714.0,,,,
83001A102,Sold Out,SIX FLAGS ENTMT CORP NEW,261.0,5286.0,,,,
422347104,New Holding,HEARTLAND EXPRESS INC,,,624.0,34544.0,,
419870100,New Holding,HAWAIIAN ELEC INDUSTRIES,,,204.0,4694.0,,
70432V102,Not New,PAYCOM SOFTWARE INC,577.0,2557.0,677.0,3578.0,100.0,1021.0
981811102,Not New,WORTHINGTON INDS INC,406.0,10094.0,529.0,14169.0,123.0,4075.0
92337F107,Not New,VERACYTE INC,482.0,16923.0,536.0,21432.0,54.0,4509.0
036752103,Sold Out,ANTHEM INC,532.0,1853.0,,,,
74164M108,New Holding,PRIMERICA INC,,,735.0,6114.0,,
931142103,Sold Out,WALMART INC,660.0,6767.0,,,,
157210105,Sold Out,CEVA INC,219.0,8133.0,,,,
002896207,New Holding,ABERCROMBIE & FITCH CO,,,456.0,28398.0,,
910340108,Not New,UNITED FIRE GROUP INC,331.0,6832.0,299.0,6832.0,-32.0,0.0
054561105,Sold Out,AXA EQUITABLE HLDGS INC,20140.0,1000000.0,,,,
001055102,New Holding,AFLAC INC,,,8363.0,152584.0,,
000361105,Not New,AAR CORP,248.0,6749.0,352.0,10816.0,104.0,4067.0
513272104,Not New,LAMB WESTON HLDGS INC,502.0,7923.0,317.0,4232.0,-185.0,-3691.0
464286400,New Holding,ISHARES INC,,,984.0,22500.0,,
929236107,New Holding,WD-40 CO,,,410.0,2577.0,,
759351604,New Holding,REINSURANCE GRP OF AMERICA I,,,915.0,5867.0,,
718546104,Not New,PHILLIPS 66,851.0,9100.0,1419.0,14910.0,568.0,5810.0
023608102,Sold Out,AMEREN CORP,8575.0,116584.0,,,,
67401P108,Not New,OAKTREE SPECIALTY LENDING CO,339.0,62499.0,181.0,34866.0,-158.0,-27633.0
653656108,Sold Out,NICE LTD,597.0,4869.0,,,,
H2906T109,New Holding,GARMIN LTD,,,728.0,9119.0,,
02318Y108,New Holding,AMBER RD INC,,,286.0,21916.0,,
824889109,New Holding,SHOE CARNIVAL INC,,,242.0,8754.0,,
156700106,Not New,CENTURYLINK INC,149.0,12634.0,693.0,57793.0,544.0,45159.0
87968A104,Sold Out,TELLURIAN INC NEW,1467.0,131000.0,,,,
067806109,Not New,BARNES GROUP INC,661.0,11734.0,757.0,14725.0,96.0,2991.0
783859101,New Holding,S & T BANCORP INC,,,391.0,10422.0,,
053015103,New Holding,AUTOMATIC DATA PROCESSING IN,,,1118.0,6759.0,,
126402106,New Holding,CSW INDUSTRIALS INC,,,255.0,3738.0,,
69318G106,Not New,PBF ENERGY INC,1531.0,48933.0,1184.0,38000.0,-347.0,-10933.0
460690100,Sold Out,INTERPUBLIC GROUP COS INC,203.0,9654.0,,,,
36467W109,Sold Out,GAMESTOP CORP NEW,147.0,14491.0,,,,
488401100,New Holding,KEMPER CORP DEL,,,631.0,7282.0,,
25179M103,Sold Out,DEVON ENERGY CORP NEW,231.0,7333.0,,,,
379890106,Sold Out,GLU MOBILE INC,402.0,36703.0,,,,
747301109,Not New,QUAD / GRAPHICS INC,176.0,22238.0,186.0,15619.0,10.0,-6619.0
92343E102,Not New,VERISIGN INC,970.0,4636.0,701.0,3863.0,-269.0,-773.0
67103H107,New Holding,O REILLY AUTOMOTIVE INC NEW,,,333.0,901.0,,
27579R104,Sold Out,EAST WEST BANCORP INC,209.0,4366.0,,,,
59064R109,Sold Out,MESA LABS INC,204.0,884.0,,,,
92276F100,Sold Out,VENTAS INC,430.0,6732.0,,,,
285512109,Sold Out,ELECTRONIC ARTS INC,2673.0,26299.0,,,,
G39108108,New Holding,GATES INDUSTRIAL CORPRATIN P,,,202.0,17673.0,,
29364G103,Sold Out,ENTERGY CORP NEW,8788.0,91891.0,,,,
907818108,Not New,UNION PACIFIC CORP,690.0,4079.0,273.0,1632.0,-417.0,-2447.0
57636Q104,New Holding,MASTERCARD INC,,,6280.0,23749.0,,
177376100,Not New,CITRIX SYS INC,402.0,4100.0,969.0,9726.0,567.0,5626.0
124805102,Sold Out,CBIZ INC,225.0,11108.0,,,,
143658300,Not New,CARNIVAL CORP,1120.0,24051.0,1008.0,19876.0,-112.0,-4175.0
401617105,Not New,GUESS INC,379.0,23472.0,298.0,15208.0,-81.0,-8264.0
405024100,New Holding,HAEMONETICS CORP,,,297.0,2467.0,,
75605Y106,New Holding,REALOGY HLDGS CORP,,,97.0,13333.0,,
680665205,Sold Out,OLIN CORP,233.0,10056.0,,,,
001228105,Not New,AG MTG INVT TR INC,718.0,45190.0,422.0,25057.0,-296.0,-20133.0
655664100,New Holding,NORDSTROM INC,,,354.0,11106.0,,
928563402,Not New,VMWARE INC,1020.0,6100.0,277.0,1534.0,-743.0,-4566.0
02079K107,Sold Out,ALPHABET INC,2464.0,2100.0,,,,
44107P104,New Holding,HOST HOTELS & RESORTS INC,,,463.0,25433.0,,
03027X100,Not New,AMERICAN TOWER CORP NEW,1198.0,5863.0,280.0,1420.0,-918.0,-4443.0
744320102,New Holding,PRUDENTIAL FINL INC,,,403.0,3993.0,,
46435G334,Sold Out,ISHARES TR,2971.0,90000.0,,,,
46435G334,Sold Out,ISHARES TR,16505.0,500000.0,,,,
577933104,New Holding,MAXIMUS INC,,,435.0,6000.0,,
63633D104,Not New,NATIONAL HEALTH INVS INC,554.0,7099.0,558.0,7099.0,4.0,0.0
227046109,Sold Out,CROCS INC,219.0,8523.0,,,,
76009N100,Sold Out,RENT A CTR INC NEW,618.0,29594.0,,,,
671044105,New Holding,OSI SYSTEMS INC,,,281.0,2493.0,,
G0585R106,Not New,ASSURED GUARANTY LTD,1077.0,25601.0,267.0,5999.0,-810.0,-19602.0
G4388N106,Not New,HELEN OF TROY CORP LTD,329.0,2518.0,296.0,2552.0,-33.0,34.0
047649108,New Holding,ATKORE INTL GROUP INC,,,671.0,25924.0,,
007903107,Sold Out,ADVANCED MICRO DEVICES INC,2330.0,91300.0,,,,
501044101,Not New,KROGER CO,389.0,17913.0,380.0,15464.0,-9.0,-2449.0
929089100,Not New,VOYA FINL INC,342.0,6188.0,9992.0,200000.0,9650.0,193812.0
01973R101,New Holding,ALLISON TRANSMISSION HLDGS I,,,600.0,12951.0,,
64828T201,Sold Out,NEW RESIDENTIAL INVT CORP,286.0,16891.0,,,,
29275Y102,Sold Out,ENERSYS,380.0,5824.0,,,,
871607107,Not New,SYNOPSYS INC,656.0,5097.0,306.0,2659.0,-350.0,-2438.0
46090E103,Sold Out,INVESCO QQQ TR,3683.0,20500.0,,,,
46090E103,Sold Out,INVESCO QQQ TR,8983.0,50000.0,,,,
91544A109,Sold Out,UPLAND SOFTWARE INC,903.0,21317.0,,,,
09247X101,Sold Out,BLACKROCK INC,12821.0,30000.0,,,,
358039105,Sold Out,FRESHPET INC,381.0,9000.0,,,,
90041L105,Sold Out,TURNING PT BRANDS INC,466.0,10109.0,,,,
278642103,New Holding,EBAY INC,,,8098.0,205000.0,,
883203101,Not New,TEXTRON INC,236.0,4459.0,591.0,11673.0,355.0,7214.0
880779103,Sold Out,TEREX CORP NEW,238.0,7407.0,,,,
67000B104,New Holding,NOVANTA INC,,,328.0,3479.0,,
959802109,New Holding,WESTERN UN CO,,,447.0,22461.0,,
98986T108,Not New,ZYNGA INC,4775.0,778970.0,6770.0,1270221.0,1995.0,491251.0
18270P109,New Holding,CLARUS CORP NEW,,,192.0,13323.0,,
03965L100,New Holding,ARCONIC INC,,,8596.0,332907.0,,
303250104,Not New,FAIR ISAAC CORP,771.0,2455.0,512.0,1884.0,-259.0,-571.0
74915M100,Not New,QURATE RETAIL INC,282.0,22796.0,167.0,10463.0,-115.0,-12333.0
535219109,Sold Out,LINDBLAD EXPEDITIONS HLDGS I,400.0,26257.0,,,,
981558109,New Holding,WORLDPAY INC,,,425.0,3426.0,,
046433108,New Holding,ASTRONICS CORP,,,665.0,16522.0,,
269246401,New Holding,E TRADE FINANCIAL CORP,,,249.0,5587.0,,
191098102,New Holding,COCA COLA CONSOLIDATED INC,,,244.0,814.0,,
30063P105,New Holding,EXACT SCIENCES CORP,,,269.0,2281.0,,
G02602103,Sold Out,AMDOCS LTD,552.0,10199.0,,,,
423452101,New Holding,HELMERICH & PAYNE INC,,,343.0,6774.0,,
42824C109,Not New,HEWLETT PACKARD ENTERPRISE C,1329.0,88913.0,220.0,14268.0,-1109.0,-74645.0
31847R102,New Holding,FIRST AMERN FINL CORP,,,533.0,9924.0,,
755111507,New Holding,RAYTHEON CO,,,711.0,4089.0,,
256677105,New Holding,DOLLAR GEN CORP NEW,,,8365.0,61900.0,,
292218104,New Holding,EMPLOYERS HOLDINGS INC,,,667.0,15775.0,,
64110W102,New Holding,NETEASE INC,,,559.0,2187.0,,
743315103,New Holding,PROGRESSIVE CORP OHIO,,,750.0,9386.0,,
N00985106,Sold Out,AERCAP HOLDINGS NV,435.0,9347.0,,,,
50105F105,Not New,KRONOS WORLDWIDE INC,169.0,11011.0,220.0,15656.0,51.0,4645.0
74735M108,New Holding,QIWI PLC,,,265.0,13528.0,,
G5960L103,Sold Out,MEDTRONIC PLC,984.0,10809.0,,,,
754730109,New Holding,RAYMOND JAMES FINANCIAL INC,,,433.0,5118.0,,
968223206,Sold Out,WILEY JOHN & SONS INC,540.0,12204.0,,,,
529043101,Not New,LEXINGTON REALTY TRUST,475.0,50438.0,235.0,25911.0,-240.0,-24527.0
038923108,New Holding,ARBOR RLTY TR INC,,,298.0,24550.0,,
163092109,Sold Out,CHEGG INC,376.0,9861.0,,,,
876664103,New Holding,TAUBMAN CTRS INC,,,1068.0,26117.0,,
92854Q106,Sold Out,VIVINT SOLAR INC,74.0,14808.0,,,,
G47567105,Sold Out,IHS MARKIT LTD,371.0,6820.0,,,,
209034107,New Holding,CONSOLIDATED COMM HLDGS INC,,,125.0,25449.0,,
91822M106,New Holding,VEON LTD,,,267.0,95313.0,,
95790D105,Sold Out,WESTERN ASSET MTG CAP CORP,311.0,30353.0,,,,
85207U105,Sold Out,SPRINT CORPORATION,167.0,29486.0,,,,
97717W422,Sold Out,WISDOMTREE TR,10532.0,400000.0,,,,
97717W422,Sold Out,WISDOMTREE TR,10532.0,400000.0,,,,
97717W422,Sold Out,WISDOMTREE TR,13165.0,500000.0,,,,
97717W422,Sold Out,WISDOMTREE TR,13165.0,500000.0,,,,
G8473T100,Not New,STERIS PLC,589.0,3959.0,1113.0,8695.0,524.0,4736.0
81762P102,Sold Out,SERVICENOW INC,5103.0,20700.0,,,,
370334104,Sold Out,GENERAL MLS INC,8540.0,165016.0,,,,
142339100,Not New,CARLISLE COS INC,965.0,6874.0,322.0,2622.0,-643.0,-4252.0
92343X100,Not New,VERINT SYS INC,380.0,7064.0,316.0,5278.0,-64.0,-1786.0
649604501,Not New,NEW YORK MTG TR INC,89.0,14296.0,65.0,10635.0,-24.0,-3661.0
172967424,Not New,CITIGROUP INC,12084.0,172559.0,1894.0,30444.0,-10190.0,-142115.0
783754104,Sold Out,RYERSON HLDG CORP,178.0,20741.0,,,,
037347101,Not New,ANWORTH MORTGAGE ASSET CP,264.0,69785.0,282.0,69785.0,18.0,0.0
930059100,New Holding,WADDELL & REED FINL INC,,,256.0,15343.0,,
81374A105,Sold Out,SECUREWORKS CORP,273.0,14815.0,,,,
04010L103,Not New,ARES CAP CORP,267.0,14864.0,647.0,37722.0,380.0,22858.0
023436108,Sold Out,AMEDISYS INC,387.0,3143.0,,,,
62914B100,Not New,NIC INC,211.0,13150.0,218.0,12776.0,7.0,-374.0
02079K305,Sold Out,ALPHABET INC,3825.0,3250.0,,,,
29404K106,Not New,ENVESTNET INC,428.0,6253.0,380.0,5812.0,-48.0,-441.0
78463X202,New Holding,SPDR INDEX SHS FDS,,,958.0,25000.0,,
12572Q105,New Holding,CME GROUP INC,,,3882.0,20000.0,,
16359R103,Sold Out,CHEMED CORP NEW,471.0,1470.0,,,,
63845R107,Sold Out,NATIONAL VISION HLDGS INC,393.0,12495.0,,,,
776696106,New Holding,ROPER TECHNOLOGIES INC,,,554.0,1512.0,,
55354G100,Not New,MSCI INC,1237.0,5182.0,223.0,1121.0,-1014.0,-4061.0
030420103,Sold Out,AMERICAN WTR WKS CO INC NEW,8742.0,83849.0,,,,
17275R102,New Holding,CISCO SYS INC,,,235.0,4300.0,,
075887109,Sold Out,BECTON DICKINSON & CO,362.0,1450.0,,,,
09073M104,Not New,BIO TECHNE CORP,453.0,2173.0,431.0,2173.0,-22.0,0.0
089302103,New Holding,BIG LOTS INC,,,736.0,25718.0,,
466367109,Not New,JACK IN THE BOX INC,326.0,4010.0,471.0,5811.0,145.0,1801.0
702149105,Sold Out,PARTY CITY HOLDCO INC,316.0,39825.0,,,,
168615102,New Holding,CHICOS FAS INC,,,85.0,25097.0,,
G7S00T104,New Holding,PENTAIR PLC,,,301.0,8092.0,,
46429B958,Not New,ISHARES TR,530.0,15000.0,60.0,200000.0,-470.0,185000.0
G14838109,Sold Out,MIMECAST LTD,253.0,5349.0,,,,
265504100,Sold Out,DUNKIN BRANDS GROUP INC,290.0,3856.0,,,,
224399105,New Holding,CRANE CO,,,589.0,7056.0,,
29261A100,Sold Out,ENCOMPASS HEALTH CORP,852.0,14586.0,,,,
36467J108,Not New,GAMING & LEISURE PPTYS INC,606.0,15535.0,1828.0,47407.0,1222.0,31872.0
594918104,Not New,MICROSOFT CORP,224.0,1676.0,4069.0,34500.0,3845.0,32824.0
78440X101,Sold Out,SL GREEN RLTY CORP,305.0,3391.0,,,,
026874784,New Holding,AMERICAN INTL GROUP INC,,,7944.0,149100.0,,
06652K103,Not New,BANKUNITED INC,6748.0,200000.0,6680.0,200000.0,-68.0,0.0
254687106,New Holding,DISNEY WALT CO,,,1396.0,10000.0,,
45867G101,New Holding,INTERDIGITAL INC,,,207.0,3212.0,,
294429105,New Holding,EQUIFAX INC,,,8493.0,62800.0,,
L44385109,Not New,GLOBANT S A,548.0,5428.0,388.0,5428.0,-160.0,0.0
500631106,Sold Out,KOREA ELECTRIC PWR,248.0,19068.0,,,,
88034P109,Not New,TENCENT MUSIC ENTMT GROUP,1949.0,130000.0,2896.0,160000.0,947.0,30000.0
98212B103,New Holding,WPX ENERGY INC,,,2313.0,200900.0,,
902973304,Not New,US BANCORP DEL,379.0,7246.0,1085.0,22515.0,706.0,15269.0
552690109,Sold Out,MDU RES GROUP INC,599.0,23180.0,,,,
947890109,Sold Out,WEBSTER FINL CORP CONN,567.0,11185.0,,,,
446413106,New Holding,HUNTINGTON INGALLS INDS INC,,,364.0,1618.0,,
80007P869,Sold Out,SANDRIDGE ENERGY INC,321.0,39966.0,,,,
518439104,New Holding,LAUDER ESTEE COS INC,,,8075.0,44100.0,,
00770C101,Not New,ADVANCED EMISSIONS SOLUTS IN,178.0,14049.0,284.0,24531.0,106.0,10482.0
74039L103,Sold Out,PREFERRED APT CMNTYS INC,256.0,17270.0,,,,
054937107,Sold Out,BB&T CORP,485.0,10425.0,,,,
277276101,New Holding,EASTGROUP PPTY INC,,,223.0,1919.0,,
29978A104,Sold Out,EVERBRIDGE INC,262.0,3487.0,,,,
526057104,Sold Out,LENNAR CORP,10800.0,220000.0,,,,
097023105,Sold Out,BOEING CO,658.0,1724.0,,,,
60937P106,Sold Out,MONGODB INC,282.0,1920.0,,,,
464287655,New Holding,ISHARES TR,,,3110.0,20000.0,,
04013V108,Not New,ARES COML REAL ESTATE CORP,259.0,17401.0,359.0,23641.0,100.0,6240.0
23331A109,Sold Out,D R HORTON INC,3104.0,75000.0,,,,
63009R109,Sold Out,NANOSTRING TECHNOLOGIES INC,254.0,10622.0,,,,
817565104,Not New,SERVICE CORP INTL,586.0,12532.0,412.0,10258.0,-174.0,-2274.0
00773T101,New Holding,ADVANSIX INC,,,404.0,16532.0,,
45337C102,Sold Out,INCYTE CORP,8574.0,99713.0,,,,
891906109,Not New,TOTAL SYS SVCS INC,784.0,6104.0,742.0,7809.0,-42.0,1705.0
988498101,Not New,YUM BRANDS INC,9544.0,86242.0,1107.0,11091.0,-8437.0,-75151.0
071813109,Sold Out,BAXTER INTL INC,265.0,3265.0,,,,
141619106,Sold Out,CARDIOVASCULAR SYS INC DEL,366.0,9462.0,,,,
38045R206,New Holding,GOL LINHAS AEREAS INTLG S A,,,772.0,45759.0,,
219350105,Sold Out,CORNING INC,333.0,10071.0,,,,
32020R109,Sold Out,FIRST FINL BANKSHARES,260.0,4492.0,,,,
09215C105,New Holding,BLACK KNIGHT INC,,,315.0,5229.0,,
91324P102,Sold Out,UNITEDHEALTH GROUP INC,1014.0,4100.0,,,,
099502106,Not New,BOOZ ALLEN HAMILTON HLDG COR,1266.0,19117.0,479.0,8233.0,-787.0,-10884.0
87161C501,Not New,SYNOVUS FINL CORP,7889.0,225000.0,4295.0,125000.0,-3594.0,-100000.0
533900106,New Holding,LINCOLN ELEC HLDGS INC,,,458.0,5563.0,,
526107107,New Holding,LENNOX INTL INC,,,710.0,2588.0,,
060505104,Not New,BANK AMER CORP,503.0,17357.0,284.0,10288.0,-219.0,-7069.0
704551100,New Holding,PEABODY ENERGY CORP NEW,,,253.0,10535.0,,
690732102,Sold Out,OWENS & MINOR INC NEW,47.0,11521.0,,,,
29414B104,New Holding,EPAM SYS INC,,,230.0,1326.0,,
35137L105,Sold Out,FOX CORP,4556.0,124100.0,,,,
783549108,New Holding,RYDER SYS INC,,,257.0,4413.0,,
109641100,New Holding,BRINKER INTL INC,,,205.0,5212.0,,
31620M106,Not New,FIDELITY NATL INFORMATION SV,3642.0,29686.0,916.0,8096.0,-2726.0,-21590.0
302301106,Not New,EZCORP INC,202.0,21377.0,211.0,22683.0,9.0,1306.0
56585A102,Not New,MARATHON PETE CORP,1111.0,19880.0,1197.0,20000.0,86.0,120.0
81369Y506,New Holding,SELECT SECTOR SPDR TR,,,3186.0,50000.0,,
81369Y506,New Holding,SELECT SECTOR SPDR TR,,,3186.0,50000.0,,
229899109,New Holding,CULLEN FROST BANKERS INC,,,226.0,2408.0,,
855244109,Not New,STARBUCKS CORP,9315.0,111116.0,8186.0,110110.0,-1129.0,-1006.0
09259E108,Not New,BLACKROCK TCP CAP CORP,629.0,44109.0,641.0,45231.0,12.0,1122.0
93627C101,Not New,WARRIOR MET COAL INC,1191.0,45666.0,365.0,12016.0,-826.0,-33650.0
525327102,New Holding,LEIDOS HLDGS INC,,,1573.0,19704.0,,
682680103,Sold Out,ONEOK INC NEW,209.0,2992.0,,,,
03783C100,Not New,APPFOLIO INC,995.0,9733.0,585.0,7366.0,-410.0,-2367.0
14067E506,Sold Out,CAPSTEAD MTG CORP,386.0,44934.0,,,,
80689H102,New Holding,SCHNEIDER NATIONAL INC,,,249.0,13659.0,,
012653101,Not New,ALBEMARLE CORP,286.0,4058.0,842.0,10267.0,556.0,6209.0
98156Q108,Sold Out,WORLD WRESTLING ENTMT INC,1879.0,21649.0,,,,
16934Q208,Not New,CHIMERA INVT CORP,928.0,49177.0,878.0,46853.0,-50.0,-2324.0
879369106,New Holding,TELEFLEX INC,,,8375.0,25300.0,,
297602104,Sold Out,ETHAN ALLEN INTERIORS INC,283.0,14800.0,,,,
92242T101,Sold Out,VECTRUS INC,208.0,7840.0,,,,
84860W300,New Holding,SPIRIT RLTY CAP INC NEW,,,277.0,6494.0,,
G0684D107,Sold Out,ATHENE HLDG LTD,10200.0,250000.0,,,,
896288107,Sold Out,TRINET GROUP INC,405.0,6778.0,,,,
109194100,Not New,BRIGHT HORIZONS FAM SOL IN D,256.0,1699.0,216.0,1699.0,-40.0,0.0
46266A109,Sold Out,IRADIMED CORP,244.0,8690.0,,,,
49714P108,New Holding,KINSALE CAP GROUP INC,,,241.0,2638.0,,
883556102,Not New,THERMO FISHER SCIENTIFIC INC,362.0,1232.0,204.0,746.0,-158.0,-486.0
124830100,Sold Out,CBL & ASSOC PPTYS INC,227.0,146285.0,,,,
704326107,New Holding,PAYCHEX INC,,,1713.0,20813.0,,
L9340P101,Not New,TRINSEO S A,574.0,13552.0,291.0,6424.0,-283.0,-7128.0
38268T103,Sold Out,GOPRO INC,194.0,29788.0,,,,
90187B408,Sold Out,TWO HBRS INVT CORP,260.0,19225.0,,,,
G72800108,Sold Out,PROTHENA CORP PLC,165.0,13610.0,,,,
254709108,New Holding,DISCOVER FINL SVCS,,,352.0,4537.0,,
745867101,New Holding,PULTE GROUP INC,,,7807.0,246900.0,,
216648402,Not New,COOPER COS INC,598.0,1778.0,744.0,2511.0,146.0,733.0
171340102,New Holding,CHURCH & DWIGHT INC,,,361.0,4944.0,,
949746101,Sold Out,WELLS FARGO CO NEW,9664.0,200000.0,,,,
74267C106,Not New,PROASSURANCE CORP,222.0,6160.0,202.0,5834.0,-20.0,-326.0
81761R109,New Holding,SERVICEMASTER GLOBAL HLDGS I,,,721.0,13830.0,,
431571108,New Holding,HILLENBRAND INC,,,291.0,7357.0,,
05379B107,Sold Out,AVISTA CORP,809.0,19913.0,,,,
092533108,Sold Out,BLACKROCK CAPITAL INVESTMENT,227.0,37896.0,,,,
70438V106,Not New,PAYLOCITY HLDG CORP,312.0,3323.0,276.0,3090.0,-36.0,-233.0
676220106,New Holding,OFFICE DEPOT INC,,,343.0,166611.0,,
260003108,New Holding,DOVER CORP,,,412.0,4116.0,,
830879102,New Holding,SKYWEST INC,,,407.0,6712.0,,
G11196105,Sold Out,BIOHAVEN PHARMACTL HLDG CO L,289.0,5621.0,,,,
617446448,Not New,MORGAN STANLEY,723.0,16508.0,1266.0,30000.0,543.0,13492.0
37244C101,Sold Out,GENOMIC HEALTH INC,303.0,4323.0,,,,
G4412G101,Sold Out,HERBALIFE NUTRITION LTD,698.0,13172.0,,,,
867892101,New Holding,SUNSTONE HOTEL INVS INC NEW,,,307.0,22377.0,,
941848103,Not New,WATERS CORP,368.0,1712.0,748.0,2972.0,380.0,1260.0
629209305,New Holding,NMI HLDGS INC,,,393.0,13840.0,,
78467J100,Sold Out,SS&C TECHNOLOGIES HLDGS INC,412.0,6470.0,,,,
64049M209,Sold Out,NEOGENOMICS INC,686.0,33516.0,,,,
36473H104,New Holding,GANNETT CO INC,,,115.0,14108.0,,
96758W101,New Holding,WIDEOPENWEST INC,,,144.0,19829.0,,
12514G108,New Holding,CDW CORP,,,257.0,2316.0,,
624758108,Sold Out,MUELLER WTR PRODS INC,160.0,15904.0,,,,
64110L106,Sold Out,NETFLIX INC,8736.0,24500.0,,,,
896522109,Not New,TRINITY INDS INC,1292.0,62245.0,626.0,28807.0,-666.0,-33438.0
808513105,New Holding,THE CHARLES SCHWAB CORPORATI,,,241.0,5999.0,,
880890108,Not New,TERNIUM SA,1456.0,64896.0,446.0,16395.0,-1010.0,-48501.0
58933Y105,Sold Out,MERCK & CO INC,225.0,2707.0,,,,
86722A103,Not New,SUNCOKE ENERGY INC,214.0,24127.0,369.0,43405.0,155.0,19278.0
708062104,Not New,PENNANTPARK INVT CORP,384.0,60833.0,257.0,37132.0,-127.0,-23701.0
30068N105,Not New,EXANTAS CAP CORP,630.0,55936.0,517.0,48633.0,-113.0,-7303.0
79466L302,Sold Out,SALESFORCE COM INC,12165.0,76816.0,,,,
893641100,Not New,TRANSDIGM GROUP INC,629.0,1300.0,567.0,1248.0,-62.0,-52.0
375558103,Sold Out,GILEAD SCIENCES INC,209.0,3219.0,,,,
427096508,Sold Out,HERCULES CAPITAL INC,296.0,23390.0,,,,
45168D104,Not New,IDEXX LABS INC,9305.0,33794.0,585.0,2616.0,-8720.0,-31178.0
G4617B105,Sold Out,HORIZON PHARMA PLC,231.0,8742.0,,,,
422806109,New Holding,HEICO CORP NEW,,,313.0,2347.0,,
75508B104,New Holding,RAYONIER ADVANCED MATLS INC,,,74.0,11346.0,,
G25343107,Not New,COSAN LTD,971.0,72668.0,195.0,16845.0,-776.0,-55823.0
929160109,Not New,VULCAN MATLS CO,9359.0,68161.0,8070.0,68161.0,-1289.0,0.0
461202103,Not New,INTUIT,364.0,1394.0,382.0,1463.0,18.0,69.0
78112V102,Sold Out,RUBICON PROJ INC,362.0,59447.0,,,,
615394202,New Holding,MOOG INC,,,519.0,5550.0,,
753422104,Sold Out,RAPID7 INC,462.0,9123.0,,,,
743312100,New Holding,PROGRESS SOFTWARE CORP,,,588.0,13491.0,,
55303A105,Sold Out,MGM GROWTH PPTYS LLC,519.0,16080.0,,,,
46131B100,Not New,INVESCO MORTGAGE CAPITAL INC,679.0,42118.0,796.0,50358.0,117.0,8240.0
899896104,New Holding,TUPPERWARE BRANDS CORP,,,697.0,36639.0,,
302491303,New Holding,F M C CORP,,,298.0,3592.0,,
26078J100,Sold Out,DOWDUPONT INC,560.0,10502.0,,,,
15911M107,Sold Out,CHANGYOU COM LTD,285.0,16668.0,,,,
72703H101,New Holding,PLANET FITNESS INC,,,472.0,6516.0,,
447011107,New Holding,HUNTSMAN CORP,,,357.0,17471.0,,
867224107,New Holding,SUNCOR ENERGY INC NEW,,,2845.0,91300.0,,
552953101,Sold Out,MGM RESORTS INTERNATIONAL,270.0,10532.0,,,,
91529Y106,New Holding,UNUM GROUP,,,655.0,19556.0,,
426281101,New Holding,HENRY JACK & ASSOC INC,,,582.0,4348.0,,
554382101,New Holding,MACERICH CO,,,562.0,16789.0,,
88162G103,Sold Out,TETRA TECH INC NEW,292.0,4899.0,,,,
339041105,New Holding,FLEETCOR TECHNOLOGIES INC,,,1701.0,6058.0,,
81369Y605,Not New,SELECT SECTOR SPDR TR,11040.0,400000.0,5142.0,200000.0,-5898.0,-200000.0
136635109,New Holding,CANADIAN SOLAR INC,,,398.0,18224.0,,
87236Y108,Not New,TD AMERITRADE HLDG CORP,764.0,15313.0,281.0,5613.0,-483.0,-9700.0
674599105,New Holding,OCCIDENTAL PETE CORP,,,461.0,9171.0,,
61022P100,Sold Out,MONOTYPE IMAGING HOLDINGS IN,366.0,18381.0,,,,
913483103,Sold Out,UNIVERSAL ELECTRS INC,274.0,7384.0,,,,
693718108,New Holding,PACCAR INC,,,506.0,7055.0,,
233331107,New Holding,DTE ENERGY CO,,,790.0,6178.0,,
01609W102,Sold Out,ALIBABA GROUP HLDG LTD,120873.0,662500.0,,,,
775711104,New Holding,ROLLINS INC,,,589.0,16436.0,,
750236101,New Holding,RADIAN GROUP INC,,,526.0,23026.0,,
458334109,New Holding,INTER PARFUMS INC,,,368.0,5539.0,,
58463J304,Not New,MEDICAL PPTYS TRUST INC,497.0,28527.0,843.0,45566.0,346.0,17039.0
14174T107,Not New,CARETRUST REIT INC,293.0,12315.0,305.0,13017.0,12.0,702.0
539830109,New Holding,LOCKHEED MARTIN CORP,,,9236.0,25414.0,,
225310101,Not New,CREDIT ACCEP CORP MICH,482.0,996.0,202.0,447.0,-280.0,-549.0
92240M108,Sold Out,VECTOR GROUP LTD,169.0,15697.0,,,,
55262C100,New Holding,MBIA INC,,,380.0,40706.0,,
46266C105,Not New,IQVIA HLDGS INC,9547.0,59382.0,1056.0,7343.0,-8491.0,-52039.0
693656100,New Holding,PVH CORP,,,283.0,2992.0,,
532457108,New Holding,LILLY ELI & CO,,,409.0,3690.0,,
16411R208,Sold Out,CHENIERE ENERGY INC,1059.0,15500.0,,,,
626717102,New Holding,MURPHY OIL CORP,,,315.0,12781.0,,
02156K103,Not New,ALTICE USA INC,31075.0,1276168.0,13420.0,624744.0,-17655.0,-651424.0
125141101,New Holding,CECO ENVIRONMENTAL CORP,,,113.0,11831.0,,
34959E109,Sold Out,FORTINET INC,343.0,4081.0,,,,
889478103,Sold Out,TOLL BROTHERS INC,1810.0,50000.0,,,,
7591EP100,Not New,REGIONS FINL CORP NEW,10451.0,700000.0,4953.0,350000.0,-5498.0,-350000.0
22266L106,Sold Out,COUPA SOFTWARE INC,221.0,2428.0,,,,
489170100,New Holding,KENNAMETAL INC,,,242.0,6540.0,,
35086T109,New Holding,FOUR CORNERS PPTY TR INC,,,945.0,34583.0,,
204166102,Sold Out,COMMVAULT SYSTEMS INC,627.0,9691.0,,,,
115236101,Not New,BROWN & BROWN INC,1265.0,37760.0,304.0,10307.0,-961.0,-27453.0
163851108,New Holding,CHEMOURS CO,,,768.0,32013.0,,
212015101,New Holding,CONTINENTAL RESOURCES INC,,,1810.0,43000.0,,
212015101,New Holding,CONTINENTAL RESOURCES INC,,,17678.0,420000.0,,
127387108,Not New,CADENCE DESIGN SYSTEM INC,8531.0,120477.0,543.0,8547.0,-7988.0,-111930.0
126117100,Not New,CNA FINL CORP,501.0,10649.0,462.0,10649.0,-39.0,0.0
500255104,New Holding,KOHLS CORP,,,790.0,16624.0,,
978097103,New Holding,WOLVERINE WORLD WIDE INC,,,880.0,31956.0,,
74346Y103,Not New,PROS HOLDINGS INC,335.0,5292.0,508.0,12028.0,173.0,6736.0
847215100,New Holding,SPARTANNASH CO,,,302.0,25857.0,,
636180101,New Holding,NATIONAL FUEL GAS CO N J,,,945.0,17927.0,,
41068X100,Not New,HANNON ARMSTRONG SUST INFR C,970.0,34426.0,446.0,17400.0,-524.0,-17026.0
436106108,Not New,HOLLYFRONTIER CORP,1377.0,29750.0,1153.0,23400.0,-224.0,-6350.0
30040P103,Not New,EVERTEC INC,480.0,14691.0,650.0,23390.0,170.0,8699.0
55608B105,Not New,MACQUARIE INFRASTRUCTURE COR,293.0,7241.0,445.0,10785.0,152.0,3544.0
G7496G103,Not New,RENAISSANCERE HOLDINGS LTD,3561.0,20000.0,5740.0,40000.0,2179.0,20000.0
58513U101,Sold Out,MEET GROUP INC,183.0,36409.0,,,,
02553E106,New Holding,AMERICAN EAGLE OUTFITTERS IN,,,804.0,47621.0,,
G5785G107,Sold Out,MALLINCKRODT PUB LTD CO,206.0,9491.0,,,,
70959W103,New Holding,PENSKE AUTOMOTIVE GRP INC,,,308.0,6506.0,,
361008105,New Holding,FUNKO INC,,,276.0,11399.0,,
02005N100,New Holding,ALLY FINL INC,,,1323.0,42691.0,,
127097103,New Holding,CABOT OIL & GAS CORP,,,227.0,9899.0,,
857477103,New Holding,STATE STR CORP,,,281.0,5013.0,,
565849106,New Holding,MARATHON OIL CORP,,,181.0,12751.0,,
91913Y100,Not New,VALERO ENERGY CORP NEW,1037.0,12110.0,1188.0,14000.0,151.0,1890.0
70450Y103,Not New,PAYPAL HLDGS INC,745.0,6510.0,4091.0,39400.0,3346.0,32890.0
74736L109,Sold Out,Q2 HLDGS INC,359.0,5190.0,,,,
30034T103,Sold Out,EVERI HLDGS INC,352.0,33430.0,,,,
G0408V102,Not New,AON PLC,461.0,2391.0,920.0,5392.0,459.0,3001.0
974155103,Not New,WINGSTOP INC,210.0,2215.0,455.0,5987.0,245.0,3772.0
71742Q106,Not New,PHIBRO ANIMAL HEALTH CORP,250.0,7869.0,260.0,7869.0,10.0,0.0
571748102,Not New,MARSH & MCLENNAN COS INC,344.0,3447.0,315.0,3358.0,-29.0,-89.0
62914V106,New Holding,NIO INC,,,2142.0,840000.0,,
025932104,Sold Out,AMERICAN FINL GROUP INC OHIO,550.0,5719.0,,,,
65341D102,Sold Out,NEXPOINT RESIDENTIAL TR INC,376.0,9820.0,,,,
29472R108,New Holding,EQUITY LIFESTYLE PPTYS INC,,,239.0,1967.0,,
G97822103,New Holding,PERRIGO CO PLC,,,362.0,7601.0,,
364760108,New Holding,GAP INC,,,1091.0,60735.0,,
93964W108,Not New,WASHINGTON PRIME GROUP NEW,244.0,63854.0,441.0,78071.0,197.0,14217.0
78463V107,Not New,SPDR GOLD TRUST,15238.0,114400.0,3050.0,25000.0,-12188.0,-89400.0
78463V107,Not New,SPDR GOLD TRUST,6660.0,50000.0,3050.0,25000.0,-3610.0,-25000.0
018522300,New Holding,ALLETE INC,,,250.0,2999.0,,
88146M101,Sold Out,TERRENO RLTY CORP,362.0,8611.0,,,,
30212P303,Sold Out,EXPEDIA GROUP INC,790.0,6640.0,,,,
12503M108,New Holding,CBOE GLOBAL MARKETS INC,,,876.0,8457.0,,
67018T105,Sold Out,NU SKIN ENTERPRISES INC,521.0,10889.0,,,,
513847103,Not New,LANCASTER COLONY CORP,423.0,2846.0,360.0,2299.0,-63.0,-547.0
159179100,Sold Out,CHANNELADVISOR CORP,188.0,15455.0,,,,
29355A107,New Holding,ENPHASE ENERGY INC,,,451.0,24743.0,,
30239F106,Not New,FBL FINL GROUP INC,631.0,9890.0,343.0,5466.0,-288.0,-4424.0
867914103,Sold Out,SUNTRUST BKS INC,535.0,9034.0,,,,
231561101,New Holding,CURTISS WRIGHT CORP,,,446.0,3512.0,,
17243V102,New Holding,CINEMARK HOLDINGS INC,,,699.0,19368.0,,
92826C839,New Holding,VISA INC,,,1110.0,6397.0,,
489398107,New Holding,KENNEDY-WILSON HLDGS INC,,,644.0,31374.0,,
45031U101,Sold Out,ISTAR INC,457.0,54274.0,,,,
05561Q201,New Holding,BOK FINL CORP,,,362.0,4790.0,,
23355L106,New Holding,DXC TECHNOLOGY CO,,,456.0,8271.0,,
G3198U102,New Holding,ESSENT GROUP LTD,,,596.0,12690.0,,
457187102,New Holding,INGREDION INC,,,732.0,8869.0,,
48123V102,Sold Out,J2 GLOBAL INC,376.0,4338.0,,,,
G37585109,New Holding,GASLOG LTD,,,192.0,13365.0,,
302445101,Sold Out,FLIR SYS INC,372.0,7810.0,,,,
36162J106,Sold Out,GEO GROUP INC NEW,1009.0,52565.0,,,,
87165B103,Not New,SYNCHRONY FINL,16312.0,470915.0,9570.0,300000.0,-6742.0,-170915.0
48268K101,New Holding,KT CORP,,,173.0,13957.0,,
98980A105,Sold Out,ZTO EXPRESS CAYMAN INC,330.0,18045.0,,,,
902681105,Sold Out,UGI CORP NEW,483.0,8711.0,,,,
002444107,New Holding,AVX CORP NEW,,,313.0,18849.0,,
40425J101,Sold Out,HMS HLDGS CORP,318.0,10756.0,,,,
21870U502,Not New,CORENERGY INFRASTRUCTURE TR,496.0,12508.0,338.0,9188.0,-158.0,-3320.0
534187109,Not New,LINCOLN NATL CORP IND,701.0,10886.0,10271.0,175000.0,9570.0,164114.0
235825205,New Holding,DANA INCORPORATED,,,264.0,13191.0,,
397624107,Not New,GREIF INC,626.0,19263.0,302.0,7311.0,-324.0,-11952.0
002824100,Not New,ABBOTT LABS,531.0,6315.0,262.0,3273.0,-269.0,-3042.0
03062T105,New Holding,AMERICAS CAR MART INC,,,256.0,2974.0,,
174610105,Not New,CITIZENS FINL GROUP INC,5378.0,152081.0,9958.0,306401.0,4580.0,154320.0
751212101,New Holding,RALPH LAUREN CORP,,,308.0,2717.0,,
69181V107,Not New,OXFORD SQUARE CAP CORP,177.0,27645.0,115.0,17625.0,-62.0,-10020.0
05541T101,Sold Out,BGC PARTNERS INC,66.0,12511.0,,,,
909218109,Sold Out,UNIT CORP,258.0,18137.0,,,,
101137107,Sold Out,BOSTON SCIENTIFIC CORP,838.0,21840.0,,,,
372460105,Sold Out,GENUINE PARTS CO,8042.0,71781.0,,,,
90328M107,Sold Out,USANA HEALTH SCIENCES INC,289.0,3443.0,,,,
231021106,New Holding,CUMMINS INC,,,280.0,1635.0,,
00287Y109,New Holding,ABBVIE INC,,,1164.0,16010.0,,
222795106,Sold Out,COUSINS PPTYS INC,329.0,34050.0,,,,
73179P106,Sold Out,POLYONE CORP,759.0,25870.0,,,,
46284V101,Not New,IRON MTN INC NEW,361.0,11531.0,505.0,14242.0,144.0,2711.0
338307101,Sold Out,FIVE9 INC,501.0,9476.0,,,,
40412C101,Sold Out,HCA HEALTHCARE INC,334.0,2564.0,,,,
61174X109,Not New,MONSTER BEVERAGE CORP NEW,269.0,4210.0,301.0,5516.0,32.0,1306.0
165240102,Sold Out,CHESAPEAKE LODGING TR,488.0,17552.0,,,,
773903109,New Holding,ROCKWELL AUTOMATION INC,,,403.0,2460.0,,
192108504,Sold Out,COEUR MNG INC,157.0,38532.0,,,,
12653C108,Not New,CNX RESOURCES CORPORATION,354.0,48433.0,232.0,21592.0,-122.0,-26841.0
654106103,Sold Out,NIKE INC,331.0,3936.0,,,,
75886F107,Sold Out,REGENERON PHARMACEUTICALS,233.0,567.0,,,,
243537107,Sold Out,DECKERS OUTDOOR CORP,416.0,2830.0,,,,
464287234,Not New,ISHARES TR,10728.0,250000.0,430.0,10000.0,-10298.0,-240000.0
363576109,Not New,GALLAGHER ARTHUR J & CO,1694.0,19343.0,676.0,8654.0,-1018.0,-10689.0
931427108,New Holding,WALGREENS BOOTS ALLIANCE INC,,,424.0,7757.0,,
02156B103,New Holding,ALTERYX INC,,,521.0,4771.0,,
63938C108,Sold Out,NAVIENT CORPORATION,193.0,16687.0,,,,
298736109,New Holding,EURONET WORLDWIDE INC,,,848.0,5041.0,,
460146103,Sold Out,INTL PAPER CO,339.0,7328.0,,,,
76169C100,Sold Out,REXFORD INDL RLTY INC,904.0,25230.0,,,,
28238P109,Not New,EHEALTH INC,396.0,4604.0,534.0,8566.0,138.0,3962.0
64111Q104,New Holding,NETGEAR INC,,,215.0,8504.0,,
87357P100,Sold Out,TACTILE SYS TECHNOLOGY INC,236.0,4471.0,,,,
69329Y104,Not New,PDL BIOPHARMA INC,261.0,83060.0,768.0,206473.0,507.0,123413.0
876030107,Sold Out,TAPESTRY INC,338.0,10390.0,,,,
848574109,New Holding,SPIRIT AEROSYSTEMS HLDGS INC,,,792.0,9747.0,,
04247X102,New Holding,ARMSTRONG WORLD INDS INC NEW,,,788.0,8110.0,,
574795100,Sold Out,MASIMO CORP,642.0,4642.0,,,,
26884U109,Not New,EPR PPTYS,1006.0,13484.0,750.0,9759.0,-256.0,-3725.0
891027104,Sold Out,TORCHMARK CORP,247.0,3012.0,,,,
00846U101,Not New,AGILENT TECHNOLOGIES INC,743.0,9946.0,222.0,2761.0,-521.0,-7185.0
90347A100,Not New,UBIQUITI NETWORKS INC,483.0,3673.0,452.0,3017.0,-31.0,-656.0
655844108,New Holding,NORFOLK SOUTHERN CORP,,,1337.0,6709.0,,
98978V103,Sold Out,ZOETIS INC,431.0,4277.0,,,,
681919106,New Holding,OMNICOM GROUP INC,,,1577.0,19232.0,,
781846209,New Holding,RUSH ENTERPRISES INC,,,601.0,16460.0,,
50212V100,New Holding,LPL FINL HLDGS INC,,,913.0,11188.0,,
96208T104,New Holding,WEX INC,,,716.0,3438.0,,
G06242104,Sold Out,ATLASSIAN CORP PLC,521.0,4637.0,,,,
512816109,Not New,LAMAR ADVERTISING CO NEW,489.0,6054.0,489.0,6170.0,0.0,116.0
635017106,Sold Out,NATIONAL BEVERAGE CORP,502.0,8690.0,,,,
629377508,New Holding,NRG ENERGY INC,,,666.0,18977.0,,
46121Y102,New Holding,INTREPID POTASH INC,,,52.0,15526.0,,
87336U105,Sold Out,TABLEAU SOFTWARE INC,442.0,3472.0,,,,
46625H100,Not New,JPMORGAN CHASE & CO,611.0,5469.0,380.0,3749.0,-231.0,-1720.0
11135F101,Not New,BROADCOM INC,2015.0,7000.0,14194.0,47200.0,12179.0,40200.0
700517105,Not New,PARK HOTELS RESORTS INC,1098.0,39837.0,1227.0,39480.0,129.0,-357.0
679295105,Sold Out,OKTA INC,258.0,3121.0,,,,
00165C104,New Holding,AMC ENTMT HLDGS INC,,,249.0,26691.0,,
200340107,Not New,COMERICA INC,630.0,8667.0,387.0,5278.0,-243.0,-3389.0
436440101,New Holding,HOLOGIC INC,,,283.0,5883.0,,
M8737E108,Not New,TARO PHARMACEUTICAL INDS LTD,230.0,2696.0,291.0,2696.0,61.0,0.0
78462F103,New Holding,SPDR S&P 500 ETF TR,,,252066.0,860000.0,,
399473107,New Holding,GROUPON INC,,,215.0,60018.0,,
225447101,Sold Out,CREE INC,3101.0,54200.0,,,,
444859102,Sold Out,HUMANA INC,818.0,3077.0,,,,
20030N101,Not New,COMCAST CORP NEW,3187.0,75388.0,7996.0,200000.0,4809.0,124612.0
47233W109,Not New,JEFFERIES FINL GROUP INC,636.0,33065.0,367.0,19511.0,-269.0,-13554.0
320517105,Not New,FIRST HORIZON NATL CORP,4479.0,300000.0,4194.0,300000.0,-285.0,0.0
516544103,Not New,LANTHEUS HLDGS INC,288.0,10177.0,286.0,11678.0,-2.0,1501.0
055622104,Not New,BP PLC,12433.0,298142.0,13035.0,298142.0,602.0,0.0
502413107,New Holding,L3 TECHNOLOGIES INC,,,7977.0,32556.0,,
74102M103,Not New,PRESIDIO INC,175.0,12782.0,275.0,18561.0,100.0,5779.0
03662Q105,Sold Out,ANSYS INC,345.0,1889.0,,,,
984245100,Not New,YPF SOCIEDAD ANONIMA,218.0,11975.0,206.0,14711.0,-12.0,2736.0
302635107,Not New,FS KKR CAPITAL CORP,241.0,40473.0,636.0,104706.0,395.0,64233.0
925815102,Not New,VICOR CORP,231.0,7436.0,1529.0,49300.0,1298.0,41864.0
129500104,Sold Out,CALERES INC,251.0,10152.0,,,,
70931T103,Sold Out,PENNYMAC MTG INVT TR,500.0,24129.0,,,,
742718109,Sold Out,PROCTER AND GAMBLE CO,8808.0,84648.0,,,,
59001K100,New Holding,MERITOR INC,,,740.0,30532.0,,
45378A106,Not New,INDEPENDENCE RLTY TR INC,295.0,25497.0,315.0,29202.0,20.0,3705.0
045327103,Not New,ASPEN TECHNOLOGY INC,1107.0,8909.0,1031.0,9890.0,-76.0,981.0
M15342104,Not New,AUDIOCODES LTD,181.0,11705.0,185.0,13387.0,4.0,1682.0
45688C107,New Holding,INGEVITY CORP,,,378.0,3598.0,,
464287184,New Holding,ISHARES TR,,,855.0,20000.0,,
464287184,New Holding,ISHARES TR,,,2139.0,50000.0,,
648691103,Sold Out,NEW SR INVT GROUP INC,84.0,15398.0,,,,
81721M109,Sold Out,SENIOR HSG PPTYS TR,449.0,38115.0,,,,
862121100,New Holding,STORE CAP CORP,,,395.0,11893.0,,
12508E101,Not New,CDK GLOBAL INC,617.0,12474.0,501.0,8516.0,-116.0,-3958.0
368736104,New Holding,GENERAC HLDGS INC,,,560.0,8062.0,,
98139A105,Not New,WORKIVA INC,604.0,10413.0,433.0,8538.0,-171.0,-1875.0
00081T108,Not New,ACCO BRANDS CORP,197.0,25105.0,205.0,23994.0,8.0,-1111.0
38141G104,Sold Out,GOLDMAN SACHS GROUP INC,1536.0,8000.0,,,,
829214105,New Holding,SIMULATIONS PLUS INC,,,455.0,15925.0,,
23334L102,Sold Out,DSW INC,397.0,17855.0,,,,
85254J102,Sold Out,STAG INDL INC,311.0,10487.0,,,,
68389X105,Not New,ORACLE CORP,1429.0,25136.0,878.0,16346.0,-551.0,-8790.0
76680R206,Sold Out,RINGCENTRAL INC,290.0,2694.0,,,,
589378108,New Holding,MERCURY SYS INC,,,481.0,6837.0,,
552848103,New Holding,MGIC INVT CORP WIS,,,587.0,44627.0,,
25754A201,Sold Out,DOMINOS PIZZA INC,280.0,1083.0,,,,
68213N109,Not New,OMNICELL INC,349.0,4061.0,328.0,4061.0,-21.0,0.0
03761U502,Sold Out,APOLLO INVT CORP,305.0,20168.0,,,,
69354M108,Sold Out,PRA HEALTH SCIENCES INC,566.0,5133.0,,,,
59408Q106,Not New,MICHAELS COS INC,505.0,57993.0,241.0,21061.0,-264.0,-36932.0
40416M105,New Holding,HD SUPPLY HLDGS INC,,,249.0,6170.0,,
35138V102,New Holding,FOX FACTORY HLDG CORP,,,241.0,2921.0,,
V7780T103,New Holding,ROYAL CARIBBEAN CRUISES LTD,,,308.0,2540.0,,
040413106,Sold Out,ARISTA NETWORKS INC,849.0,2700.0,,,,
144285103,Sold Out,CARPENTER TECHNOLOGY CORP,287.0,6258.0,,,,
013872106,New Holding,ALCOA CORP,,,708.0,30250.0,,
06746P621,New Holding,BARCLAYS BK PLC,,,3949.0,151900.0,,
413875105,New Holding,HARRIS CORP DEL,,,8676.0,45874.0,,
891092108,New Holding,TORO CO,,,615.0,9190.0,,
18539C105,Not New,CLEARWAY ENERGY INC,172.0,10635.0,566.0,38947.0,394.0,28312.0
871851101,Not New,SYSTEMAX INC,318.0,14322.0,324.0,14322.0,6.0,0.0
12621E103,New Holding,CNO FINL GROUP INC,,,217.0,12995.0,,
922475108,Sold Out,VEEVA SYS INC,299.0,2358.0,,,,
589889104,Sold Out,MERIT MED SYS INC,231.0,3743.0,,,,
83417M104,New Holding,SOLAREDGE TECHNOLOGIES INC,,,273.0,4371.0,,
064058100,Not New,BANK NEW YORK MELLON CORP,658.0,14901.0,370.0,7334.0,-288.0,-7567.0
G4705A100,Not New,ICON PLC,289.0,1880.0,499.0,3656.0,210.0,1776.0
749660106,New Holding,RPC INC,,,224.0,31010.0,,
989207105,Sold Out,ZEBRA TECHNOLOGIES CORP,3269.0,15600.0,,,,
025676206,New Holding,AMERICAN EQTY INVT LIFE HLD,,,732.0,26962.0,,
384313508,New Holding,GRAFTECH INTL LTD,,,494.0,43051.0,,
800013104,New Holding,SANDERSON FARMS INC,,,346.0,2532.0,,
G6674U108,Not New,NOVOCURE LTD,320.0,5064.0,279.0,5800.0,-41.0,736.0
81369Y886,Sold Out,SELECT SECTOR SPDR TR,2327.0,40000.0,,,,
G0457F107,New Holding,ARCOS DORADOS HOLDINGS INC,,,289.0,39712.0,,
98974P100,Sold Out,ZIX CORP,163.0,23636.0,,,,
92345Y106,New Holding,VERISK ANALYTICS INC,,,399.0,2726.0,,
G7T16G103,Not New,SAPIENS INTL CORP N V,703.0,42309.0,382.0,25020.0,-321.0,-17289.0
879181105,New Holding,TELARIA INC,,,132.0,17539.0,,
40434L105,Not New,HP INC,353.0,16956.0,426.0,21941.0,73.0,4985.0
719405102,New Holding,PHOTRONICS INC,,,124.0,15179.0,,
141665109,Sold Out,CAREER EDUCATION CORP,344.0,20838.0,,,,
828806109,New Holding,SIMON PPTY GROUP INC NEW,,,1128.0,7063.0,,
G6564A105,Sold Out,NOMAD FOODS LTD,628.0,30704.0,,,,
369550108,Sold Out,GENERAL DYNAMICS CORP,201.0,1190.0,,,,
303075105,New Holding,FACTSET RESH SYS INC,,,451.0,1575.0,,
647551100,New Holding,NEW MTN FIN CORP,,,376.0,26905.0,,
00724F101,Sold Out,ADOBE INC,298.0,1120.0,,,,
80283M101,Not New,SANTANDER CONSUMER USA HDG I,12284.0,512708.0,10565.0,500000.0,-1719.0,-12708.0
344849104,New Holding,FOOT LOCKER INC,,,563.0,13440.0,,
743606105,New Holding,PROSPERITY BANCSHARES INC,,,625.0,9454.0,,
419596101,New Holding,HAVERTY FURNITURE INC,,,689.0,40432.0,,
695263103,Sold Out,PACWEST BANCORP DEL,209.0,5550.0,,,,
25470M109,New Holding,DISH NETWORK CORP,,,7881.0,205180.0,,
693475105,New Holding,PNC FINL SVCS GROUP INC,,,6853.0,50000.0,,
