CUSIP,status,NAME OF ISSUER,(x$1000)_old,PRN AMT_old,(x$1000),PRN AMT,(x$1000)_change,PRN AMT_change
38046C109,Sold Out,GOGO INC,2962.0,166400.0,,,,
G66721104,Not New,NORWEGIAN CRUISE LINE HLDGS,9123.0,165000.0,14629.0,249637.0,5506.0,84637.0
094235108,Not New,BLOOMIN BRANDS INC,6748.0,400000.0,8320.0,492591.0,1572.0,92591.0
G5480U138,Sold Out,LIBERTY GLOBAL PLC,984.0,23788.0,,,,
67066G104,Sold Out,NVIDIA CORP,2142.0,65000.0,,,,
844741108,New Holding,SOUTHWEST AIRLS CO,,,1792.0,40000.0,,
57060U100,Not New,MARKET VECTORS ETF TR,15976.0,800000.0,7491.0,546000.0,-8485.0,-254000.0
69036R301,New Holding,OVERSEAS SHIPHOLDING GROUP I,,,22511.0,11973758.0,,
762760106,New Holding,RICE ENERGY INC,,,1047.0,75000.0,,
824348106,New Holding,SHERWIN WILLIAMS CO,,,4270.0,15000.0,,
N07059210,Not New,ASML HOLDING N V,13051.0,130000.0,11540.0,130000.0,-1511.0,0.0
172967424,Not New,CITIGROUP INC,2104.0,50400.0,2888.0,55800.0,784.0,5400.0
07329M100,New Holding,BBVA BANCO FRANCES S A,,,2446.0,122483.0,,
55616P104,Sold Out,MACYS INC,1749.0,50000.0,,,,
119848109,Not New,BUFFALO WILD WINGS INC,11109.0,75000.0,5189.0,32500.0,-5920.0,-42500.0
92927K102,New Holding,WABCO HLDGS INC,,,2673.0,25000.0,,
743424103,Sold Out,PROOFPOINT INC,5851.0,90000.0,,,,
666807102,New Holding,NORTHROP GRUMMAN CORP,,,3018.0,15250.0,,
87612E106,New Holding,TARGET CORP,,,2057.0,25000.0,,
854502101,New Holding,STANLEY BLACK & DECKER INC,,,4208.0,40000.0,,
899896104,New Holding,TUPPERWARE BRANDS CORP,,,1450.0,25000.0,,
37950E259,New Holding,GLOBAL X FDS,,,1327.0,68687.0,,
438516106,New Holding,HONEYWELL INTL INC,,,2241.0,20000.0,,
G037AX101,Sold Out,AMBARELLA INC,2369.0,42500.0,,,,
02079K305,Not New,ALPHABET INC,10223.0,13400.0,18983.0,24400.0,8760.0,11000.0
L00849106,New Holding,ADECOAGRO S A,,,4242.0,367305.0,,
06742E711,Not New,BARCLAYS BK PLC,5022.0,285000.0,6030.0,300000.0,1008.0,15000.0
06742E711,Not New,BARCLAYS BK PLC,5022.0,285000.0,13003.0,646900.0,7981.0,361900.0
M2682V108,New Holding,CYBERARK SOFTWARE LTD,,,12192.0,286000.0,,
122017106,New Holding,BURLINGTON STORES INC,,,8436.0,150000.0,,
963320106,New Holding,WHIRLPOOL CORP,,,2254.0,12500.0,,
654106103,Sold Out,NIKE INC,4688.0,75000.0,,,,
61174X109,Not New,MONSTER BEVERAGE CORP NEW,132180.0,991000.0,94723.0,635893.0,-37457.0,-355107.0
464287234,New Holding,ISHARES TR,,,25688.0,750000.0,,
464287234,New Holding,ISHARES TR,,,25688.0,750000.0,,
464287234,New Holding,ISHARES TR,,,25848.0,754700.0,,
69840W108,Sold Out,PANERA BREAD CO,4870.0,25000.0,,,,
886547108,Sold Out,TIFFANY & CO NEW,18310.0,240000.0,,,,
548661107,Not New,LOWES COS INC,758.0,10000.0,10265.0,135000.0,9507.0,125000.0
020002101,New Holding,ALLSTATE CORP,,,1011.0,15000.0,,
466367109,Sold Out,JACK IN THE BOX INC,4986.0,65000.0,,,,
058498106,New Holding,BALL CORP,,,4634.0,65000.0,,
G14838109,Sold Out,MIMECAST LTD,553.0,57600.0,,,,
69318G106,New Holding,PBF ENERGY INC,,,996.0,30000.0,,
36467J108,New Holding,GAMING & LEISURE PPTYS INC,,,773.0,25000.0,,
594918104,Sold Out,MICROSOFT CORP,2497.0,45000.0,,,,
026874784,Sold Out,AMERICAN INTL GROUP INC,1239.0,20000.0,,,,
747525103,Sold Out,QUALCOMM INC,17995.0,360000.0,,,,
25179M103,New Holding,DEVON ENERGY CORP NEW,,,2332.0,85000.0,,
532457108,Not New,LILLY ELI & CO,898.0,12471.0,1993.0,23653.0,1095.0,11182.0
78464A730,New Holding,SPDR SERIES TRUST,,,3035.0,100000.0,,
881609101,New Holding,TESORO CORP,,,1290.0,15000.0,,
285512109,Sold Out,ELECTRONIC ARTS INC,2969.0,43200.0,,,,
032511107,New Holding,ANADARKO PETE CORP,,,2561.0,55000.0,,
380956409,New Holding,GOLDCORP INC NEW,,,10582.0,652000.0,,
G91442106,New Holding,TYCO INTL PLC,,,2570.0,70000.0,,
68557N103,New Holding,ORBITAL ATK INC,,,2174.0,25000.0,,
05961W105,New Holding,BANCO MACRO SA,,,7258.0,112586.0,,
535919203,Not New,LIONS GATE ENTMNT CORP,3278.0,150000.0,25401.0,784211.0,22123.0,634211.0
535919203,Not New,LIONS GATE ENTMNT CORP,6555.0,300000.0,25401.0,784211.0,18846.0,484211.0
609207105,New Holding,MONDELEZ INTL INC,,,8626.0,215000.0,,
500255104,Sold Out,KOHLS CORP,4763.0,100000.0,,,,
00751Y106,Sold Out,ADVANCE AUTO PARTS INC,5644.0,37500.0,,,,
46625H100,Sold Out,JPMORGAN CHASE & CO,3962.0,60000.0,,,,
450047204,New Holding,IRSA INVERSIONES Y REP S A,,,865.0,57833.0,,
436106108,New Holding,HOLLYFRONTIER CORP,,,1060.0,30000.0,,
33812L102,Sold Out,FITBIT INC,12428.0,420000.0,,,,
143658300,Sold Out,CARNIVAL CORP,10896.0,200000.0,,,,
697660207,New Holding,PAMPA ENERGIA S A,,,4012.0,187149.0,,
761283100,New Holding,RESTORATION HARDWARE HLDGS I,,,838.0,20000.0,,
500754106,Not New,KRAFT HEINZ CO,15712.0,200000.0,42201.0,580000.0,26489.0,380000.0
500754106,Not New,KRAFT HEINZ CO,15712.0,200000.0,14552.0,200000.0,-1160.0,0.0
500754106,Not New,KRAFT HEINZ CO,251117.0,3196500.0,42201.0,580000.0,-208916.0,-2616500.0
500754106,Not New,KRAFT HEINZ CO,251117.0,3196500.0,14552.0,200000.0,-236565.0,-2996500.0
464287655,Not New,ISHARES TR,11063.0,100000.0,78834.0,700000.0,67771.0,600000.0
30303M102,Not New,FACEBOOK INC,3994.0,35000.0,16746.0,160000.0,12752.0,125000.0
913017109,New Holding,UNITED TECHNOLOGIES CORP,,,5005.0,50000.0,,
45667G103,New Holding,INFINERA CORPORATION,,,11644.0,725000.0,,
416515104,Not New,HARTFORD FINL SVCS GROUP INC,2304.0,50000.0,9127.0,210000.0,6823.0,160000.0
023135106,New Holding,AMAZON COM INC,,,3859.0,6500.0,,
680665205,New Holding,OLIN CORP,,,1911.0,110000.0,,
82509L107,Sold Out,SHOPIFY INC,4128.0,160000.0,,,,
45866F104,Sold Out,INTERCONTINENTAL EXCHANGE IN,7047.0,27500.0,,,,
02079K107,Not New,ALPHABET INC,10429.0,14000.0,7209.0,9500.0,-3220.0,-4500.0
984245100,New Holding,YPF SOCIEDAD ANONIMA,,,4774.0,267000.0,,
031100100,New Holding,AMETEK INC NEW,,,4998.0,100000.0,,
98936J101,New Holding,ZENDESK INC,,,1047.0,50000.0,,
G33856108,New Holding,FERROGLOBE PLC,,,441.0,50000.0,,
845467109,New Holding,SOUTHWESTERN ENERGY CO,,,1614.0,200000.0,,
85571Q102,Sold Out,STARZ,15243.0,455000.0,,,,
608190104,New Holding,MOHAWK INDS INC,,,3818.0,20000.0,,
464287184,New Holding,ISHARES TR,,,6348.0,188000.0,,
Y7542C106,New Holding,SCORPIO TANKERS INC,,,2332.0,400000.0,,
35671D857,New Holding,FREEPORT-MCMORAN INC,,,25095.0,2427000.0,,
983134107,New Holding,WYNN RESORTS LTD,,,3270.0,35000.0,,
N7902X106,New Holding,SENSATA TECHNOLOGIES HLDG NV,,,3884.0,100000.0,,
060505104,Not New,BANK AMER CORP,6160.0,455650.0,11047.0,656400.0,4887.0,200750.0
580135101,Not New,MCDONALDS CORP,5656.0,45000.0,2363.0,20000.0,-3293.0,-25000.0
01973R101,New Holding,ALLISON TRANSMISSION HLDGS I,,,1889.0,70000.0,,
81369Y506,New Holding,SELECT SECTOR SPDR TR,,,3095.0,50000.0,,
56585A102,New Holding,MARATHON PETE CORP,,,2789.0,75000.0,,
855244109,Sold Out,STARBUCKS CORP,8404.0,140000.0,,,,
38141G104,New Holding,GOLDMAN SACHS GROUP INC,,,11221.0,71480.0,,
278865100,New Holding,ECOLAB INC,,,3903.0,35000.0,,
682680103,New Holding,ONEOK INC NEW,,,1194.0,40000.0,,
067901108,New Holding,BARRICK GOLD CORP,,,206416.0,15200000.0,,
067901108,New Holding,BARRICK GOLD CORP,,,157077.0,11566800.0,,
690768403,New Holding,OWENS ILL INC,,,1516.0,95000.0,,
713448108,New Holding,PEPSICO INC,,,10248.0,100000.0,,
82968B103,Sold Out,SIRIUS XM HLDGS INC,1018.0,250000.0,,,,
228368106,New Holding,CROWN HOLDINGS INC,,,4711.0,95000.0,,
191216100,New Holding,COCA COLA CO,,,80394.0,1733000.0,,
883203101,New Holding,TEXTRON INC,,,4375.0,120000.0,,
670346105,New Holding,NUCOR CORP,,,5752.0,121600.0,,
V7780T103,New Holding,ROYAL CARIBBEAN CRUISES LTD,,,1643.0,20000.0,,
71646J109,New Holding,PETROBRAS ARGENTINA S A,,,136.0,20749.0,,
38388F108,New Holding,GRACE W R & CO DEL NEW,,,4271.0,60000.0,,
65440R101,Sold Out,NIMBLE STORAGE INC,1150.0,125000.0,,,,
92826C839,New Holding,VISA INC,,,3824.0,50000.0,,
60871R209,Not New,MOLSON COORS BREWING CO,11542.0,120000.0,12679.0,135000.0,1137.0,15000.0
064058100,New Holding,BANK NEW YORK MELLON CORP,,,4604.0,125000.0,,
966244105,New Holding,WHITEWAVE FOODS CO,,,2032.0,50000.0,,
292505104,New Holding,ENCANA CORP,,,1035.0,170000.0,,
26817R108,New Holding,DYNEGY INC NEW DEL,,,1437.0,100000.0,,
81369Y886,New Holding,SELECT SECTOR SPDR TR,,,4962.0,100000.0,,
21036P108,Sold Out,CONSTELLATION BRANDS INC,2493.0,17500.0,,,,
399909100,New Holding,GRUPO FINANCIERO GALICIA S A,,,7601.0,268580.0,,
354613101,New Holding,FRANKLIN RES INC,,,2148.0,55000.0,,
B38564108,New Holding,EURONAV NV ANTWERPEN,,,1024.0,100000.0,,
87165B103,Not New,SYNCHRONY FINL,2866.0,100000.0,6082.0,200000.0,3216.0,100000.0
G81276100,Not New,SIGNET JEWELERS LIMITED,10853.0,87500.0,9586.0,77500.0,-1267.0,-10000.0
874054109,Not New,TAKE-TWO INTERACTIVE SOFTWAR,5651.0,150000.0,24175.0,693900.0,18524.0,543900.0
874054109,Not New,TAKE-TWO INTERACTIVE SOFTWAR,9983.0,265000.0,24175.0,693900.0,14192.0,428900.0
755111507,New Holding,RAYTHEON CO,,,2453.0,20000.0,,
256677105,Not New,DOLLAR GEN CORP NEW,6206.0,72500.0,3594.0,50000.0,-2612.0,-22500.0
617446448,Not New,MORGAN STANLEY,1956.0,78200.0,2847.0,89500.0,891.0,11300.0
437076102,New Holding,HOME DEPOT INC,,,2335.0,17500.0,,
87651B104,Sold Out,TASER INTL INC,6484.0,375000.0,,,,
235851102,New Holding,DANAHER CORP DEL,,,1423.0,15000.0,,
33616C100,Sold Out,FIRST REP BK SAN FRANCISCO C,1652.0,25000.0,,,,
12650T104,New Holding,CSRA INC,,,3766.0,140000.0,,
00507V109,Sold Out,ACTIVISION BLIZZARD INC,2710.0,70000.0,,,,
G0176J109,New Holding,ALLEGION PUB LTD CO,,,2548.0,40000.0,,
174610105,Not New,CITIZENS FINL GROUP INC,4190.0,200000.0,4583.0,175000.0,393.0,-25000.0
808513105,New Holding,SCHWAB CHARLES CORP NEW,,,9807.0,350000.0,,
