CUSIP,status,NAME OF ISSUER,(x$1000)_old,PRN AMT_old,(x$1000),PRN AMT,(x$1000)_change,PRN AMT_change
94106L109,Sold Out,WASTE MGMT INC DEL,3826.0,60000.0,,,,
76131D103,Not New,RESTAURANT BRANDS INTL INC,1906.0,40000.0,2229.0,50000.0,323.0,10000.0
74733V100,New Holding,QEP RES INC,,,2268.0,123188.0,,
887389104,New Holding,TIMKEN CO,,,3176.0,80000.0,,
90346E103,New Holding,U S SILICA HLDGS INC,,,1134.0,20000.0,,
74005P104,Not New,PRAXAIR INC,7617.0,65000.0,6042.0,50000.0,-1575.0,-15000.0
98310W108,Not New,WYNDHAM WORLDWIDE CORP,3819.0,50000.0,8416.0,125000.0,4597.0,75000.0
461202103,New Holding,INTUIT,,,974.0,8500.0,,
67066G104,Sold Out,NVIDIA CORP,1103.0,16100.0,,,,
25278X109,New Holding,DIAMONDBACK ENERGY INC,,,2700.0,26721.0,,
370334104,New Holding,GENERAL MLS INC,,,10810.0,175000.0,,
969457100,Not New,WILLIAMS COS INC DEL,1557.0,50000.0,5224.0,170000.0,3667.0,120000.0
718172109,Sold Out,PHILIP MORRIS INTL INC,5347.0,55000.0,,,,
142339100,Sold Out,CARLISLE COS INC,5129.0,50000.0,,,,
844741108,Not New,SOUTHWEST AIRLS CO,7974.0,160000.0,3889.0,100000.0,-4085.0,-60000.0
27890G100,New Holding,ECLIPSE RES CORP,,,534.0,200000.0,,
81369Y308,Not New,SELECT SECTOR SPDR TR,20684.0,400000.0,2661.0,50000.0,-18023.0,-350000.0
824348106,Sold Out,SHERWIN WILLIAMS CO,10375.0,37500.0,,,,
762760106,Sold Out,RICE ENERGY INC,6528.0,250000.0,,,,
20825C104,New Holding,CONOCOPHILLIPS,,,2035.0,40583.0,,
172967424,Not New,CITIGROUP INC,8915.0,150000.0,4723.0,100000.0,-4192.0,-50000.0
07329M100,Not New,BBVA BANCO FRANCES S A,577.0,33105.0,2438.0,122583.0,1861.0,89478.0
55616P104,Not New,MACYS INC,4834.0,135000.0,5558.0,150000.0,724.0,15000.0
55616P104,Not New,MACYS INC,4834.0,135000.0,7410.0,200000.0,2576.0,65000.0
571903202,Not New,MARRIOTT INTL INC NEW,3721.0,45000.0,7817.0,116100.0,4096.0,71100.0
61166W101,Sold Out,MONSANTO CO NEW,20440.0,200000.0,,,,
55303A105,Not New,MGM GROWTH PPTYS LLC,13933.0,550480.0,13439.0,515480.0,-494.0,-35000.0
87612G101,Not New,TARGA RES CORP,1962.0,35000.0,3438.0,70000.0,1476.0,35000.0
87612G101,Not New,TARGA RES CORP,1962.0,35000.0,14733.0,300000.0,12771.0,265000.0
87612E106,New Holding,TARGET CORP,,,9751.0,135000.0,,
16119P108,New Holding,CHARTER COMMUNICATIONS INC N,,,2966.0,10300.0,,
931142103,Not New,WAL-MART STORES INC,10368.0,150000.0,1082.0,15000.0,-9286.0,-135000.0
194162103,Sold Out,COLGATE PALMOLIVE CO,17794.0,240000.0,,,,
966387102,Not New,WHITING PETE CORP NEW,3287.0,273437.0,1748.0,200000.0,-1539.0,-73437.0
37950E259,Sold Out,GLOBAL X FDS,1163.0,48687.0,,,,
284902103,Not New,ELDORADO GOLD CORP NEW,2576.0,800000.0,1179.0,300000.0,-1397.0,-500000.0
G65431101,New Holding,NOBLE CORP PLC,,,1184.0,200000.0,,
447011107,Not New,HUNTSMAN CORP,1908.0,100000.0,5288.0,325000.0,3380.0,225000.0
L00849106,Not New,ADECOAGRO S A,1558.0,150120.0,7483.0,655823.0,5925.0,505703.0
651290108,New Holding,NEWFIELD EXPL CO,,,1519.0,37510.0,,
651229106,Not New,NEWELL BRANDS INC,2233.0,50000.0,8952.0,170000.0,6719.0,120000.0
37045V100,New Holding,GENERAL MTRS CO,,,3658.0,105000.0,,
90184L102,Sold Out,TWITTER INC,2536.0,110000.0,,,,
983919101,New Holding,XILINX INC,,,3435.0,56900.0,,
654106103,Not New,NIKE INC,9149.0,180000.0,7898.0,150000.0,-1251.0,-30000.0
61174X109,Not New,MONSTER BEVERAGE CORP NEW,4434.0,100000.0,14681.0,100000.0,10247.0,0.0
61174X109,Not New,MONSTER BEVERAGE CORP NEW,4434.0,100000.0,216885.0,1477315.0,212451.0,1377315.0
61174X109,Not New,MONSTER BEVERAGE CORP NEW,186849.0,4214000.0,14681.0,100000.0,-172168.0,-4114000.0
61174X109,Not New,MONSTER BEVERAGE CORP NEW,186849.0,4214000.0,216885.0,1477315.0,30036.0,-2736685.0
86614U100,Not New,SUMMIT MATLS INC,4305.0,180960.0,17808.0,960000.0,13503.0,779040.0
464286400,Sold Out,ISHARES,3057.0,90625.0,,,,
53567X101,Sold Out,LINE CORP,1283.0,26500.0,,,,
552953101,Not New,MGM RESORTS INTERNATIONAL,20902.0,725000.0,10412.0,400000.0,-10490.0,-325000.0
552953101,Not New,MGM RESORTS INTERNATIONAL,20902.0,725000.0,18872.0,725000.0,-2030.0,0.0
45073V108,New Holding,ITT INC,,,3857.0,100000.0,,
962166104,Sold Out,WEYERHAEUSER CO,6388.0,200000.0,,,,
81369Y860,Sold Out,SELECT SECTOR SPDR TR,57214.0,1745934.0,,,,
69036R863,Not New,OVERSEAS SHIPHOLDING GROUP I,4709.0,1229489.0,13827.0,1308091.0,9118.0,78602.0
81369Y605,Not New,SELECT SECTOR SPDR TR,213348.0,9176263.0,242167.0,12547500.0,28819.0,3371237.0
464287234,Not New,ISHARES TR,2580.0,73700.0,13108.0,350000.0,10528.0,276300.0
464287234,Not New,ISHARES TR,2580.0,73700.0,22833.0,609700.0,20253.0,536000.0
464287234,Not New,ISHARES TR,2580.0,73700.0,35578.0,950000.0,32998.0,876300.0
69840W108,Not New,PANERA BREAD CO,10255.0,50000.0,4868.0,25000.0,-5387.0,-25000.0
548661107,Not New,LOWES COS INC,8534.0,120000.0,10832.0,150000.0,2298.0,30000.0
371559105,New Holding,GENESEE & WYO INC,,,5900.0,85000.0,,
466367109,New Holding,JACK IN THE BOX INC,,,4480.0,40133.0,,
053611109,New Holding,AVERY DENNISON CORP,,,5618.0,80000.0,,
29082A107,New Holding,EMBRAER S A,,,5379.0,279450.0,,
97717W851,Not New,WISDOMTREE TR,12385.0,250000.0,3540.0,82500.0,-8845.0,-167500.0
81369Y704,New Holding,SELECT SECTOR SPDR TR,,,2489.0,40000.0,,
966837106,New Holding,WHOLE FOODS MKT INC,,,15995.0,520000.0,,
058498106,New Holding,BALL CORP,,,9759.0,130000.0,,
703481101,Not New,PATTERSON UTI ENERGY INC,2692.0,100000.0,1119.0,50000.0,-1573.0,-50000.0
01609W102,Sold Out,ALIBABA GROUP HLDG LTD,4507.0,42600.0,,,,
74978Q105,New Holding,RSP PERMIAN INC,,,1317.0,29520.0,,
460146103,Sold Out,INTL PAPER CO,9596.0,200000.0,,,,
265504100,Not New,DUNKIN BRANDS GROUP INC,1049.0,20000.0,2604.0,50000.0,1555.0,30000.0
Y09827109,Not New,BROADCOM LTD,1962.0,11100.0,1725.0,10000.0,-237.0,-1100.0
594918104,Not New,MICROSOFT CORP,40953.0,659050.0,33638.0,584000.0,-7315.0,-75050.0
539830109,Sold Out,LOCKHEED MARTIN CORP,4794.0,20000.0,,,,
405217100,Not New,HAIN CELESTIAL GROUP INC,1952.0,50000.0,3558.0,100000.0,1606.0,50000.0
405217100,Not New,HAIN CELESTIAL GROUP INC,1952.0,50000.0,7116.0,200000.0,5164.0,150000.0
026874784,Sold Out,AMERICAN INTL GROUP INC,3560.0,60000.0,,,,
477143101,New Holding,JETBLUE AIRWAYS CORP,,,2690.0,120000.0,,
29265N108,New Holding,ENERGEN CORP,,,801.0,13897.0,,
92189F106,Not New,VANECK VECTORS ETF TR,2092.0,100000.0,9251.0,350000.0,7159.0,250000.0
92189F106,Not New,VANECK VECTORS ETF TR,10460.0,500000.0,9251.0,350000.0,-1209.0,-150000.0
222070203,Sold Out,COTY INC,7050.0,300000.0,,,,
222070203,Sold Out,COTY INC,7638.0,325000.0,,,,
878742204,Not New,TECK RESOURCES LTD,8012.0,400000.0,5409.0,300000.0,-2603.0,-100000.0
25179M103,New Holding,DEVON ENERGY CORP NEW,,,1816.0,39774.0,,
91336L107,New Holding,UNIVAR INC,,,4681.0,165000.0,,
693656100,Sold Out,PVH CORP,12155.0,110000.0,,,,
87074U101,Not New,SWIFT TRANSN CO,5359.0,220000.0,2147.0,100000.0,-3212.0,-120000.0
78464A730,New Holding,SPDR SERIES TRUST,,,4142.0,100000.0,,
78464A730,New Holding,SPDR SERIES TRUST,,,7249.0,175000.0,,
78464A730,New Holding,SPDR SERIES TRUST,,,60163.0,1452500.0,,
626717102,New Holding,MURPHY OIL CORP,,,1551.0,49814.0,,
43300A104,Sold Out,HILTON WORLDWIDE HLDGS INC,20064.0,875000.0,,,,
42809H107,Not New,HESS CORP,2106.0,33815.0,2145.0,40000.0,39.0,6185.0
43300A203,New Holding,HILTON WORLDWIDE HLDGS INC,,,2790.0,50000.0,,
N53745100,Sold Out,LYONDELLBASELL INDUSTRIES N,5646.0,70000.0,,,,
881609101,Sold Out,TESORO CORP,6763.0,85000.0,,,,
044186104,Not New,ASHLAND GLOBAL HLDGS INC,6011.0,55000.0,6957.0,60000.0,946.0,5000.0
741503403,New Holding,PRICELINE GRP INC,,,1466.0,1000.0,,
285512109,Sold Out,ELECTRONIC ARTS INC,8651.0,101300.0,,,,
032511107,New Holding,ANADARKO PETE CORP,,,1917.0,27495.0,,
655844108,Not New,NORFOLK SOUTHERN CORP,2702.0,25000.0,3882.0,40000.0,1180.0,15000.0
81369Y407,Sold Out,SELECT SECTOR SPDR TR,12006.0,150000.0,,,,
81663A105,Sold Out,SEMGROUP CORP,3536.0,100000.0,,,,
69327R101,New Holding,PDC ENERGY INC,,,1344.0,18512.0,,
92189F403,Sold Out,VANECK VECTORS ETF TR,4690.0,250000.0,,,,
G48833100,Sold Out,WEATHERFORD INTL PLC,1405.0,250000.0,,,,
576485205,New Holding,MATADOR RES CO,,,611.0,23700.0,,
05605H100,New Holding,BWX TECHNOLOGIES INC,,,2382.0,60000.0,,
98212B103,New Holding,WPX ENERGY INC,,,1937.0,132920.0,,
380956409,Sold Out,GOLDCORP INC NEW,5782.0,350000.0,,,,
68557N103,Sold Out,ORBITAL ATK INC,6098.0,80000.0,,,,
163851108,New Holding,CHEMOURS CO,,,7842.0,355000.0,,
189754104,New Holding,COACH INC,,,4378.0,125000.0,,
91347P105,Sold Out,UNIVERSAL DISPLAY CORP,4185.0,75400.0,,,,
212015101,New Holding,CONTINENTAL RESOURCES INC,,,2752.0,53404.0,,
958102105,Not New,WESTERN DIGITAL CORP,4125.0,60700.0,1497.0,25600.0,-2628.0,-35100.0
05961W105,Not New,BANCO MACRO SA,1817.0,28235.0,8841.0,112987.0,7024.0,84752.0
33829M101,Sold Out,FIVE BELOW INC,2265.0,56225.0,,,,
382550101,Not New,GOODYEAR TIRE & RUBR CO,3396.0,110000.0,11305.0,350000.0,7909.0,240000.0
256746108,Not New,DOLLAR TREE INC,1544.0,20000.0,18943.0,240000.0,17399.0,220000.0
256746108,Not New,DOLLAR TREE INC,4245.0,55000.0,18943.0,240000.0,14698.0,185000.0
500255104,New Holding,KOHLS CORP,,,2099.0,42500.0,,
00751Y106,Not New,ADVANCE AUTO PARTS INC,4228.0,25000.0,5965.0,40000.0,1737.0,15000.0
00751Y106,Not New,ADVANCE AUTO PARTS INC,4228.0,25000.0,5965.0,40000.0,1737.0,15000.0
984332106,Not New,YAHOO INC,3867.0,100000.0,1078.0,25000.0,-2789.0,-75000.0
31660B101,New Holding,FIESTA RESTAURANT GROUP INC,,,1045.0,35000.0,,
03674X106,New Holding,ANTERO RES CORP,,,904.0,38244.0,,
46625H100,New Holding,JPMORGAN CHASE & CO,,,1294.0,15000.0,,
904311107,New Holding,UNDER ARMOUR INC,,,2905.0,100000.0,,
450047204,Not New,IRSA INVERSIONES Y REP S A,448.0,24289.0,1388.0,73071.0,940.0,48782.0
436106108,Sold Out,HOLLYFRONTIER CORP,1715.0,70000.0,,,,
037411105,New Holding,APACHE CORP,,,1771.0,27905.0,,
46625H365,Sold Out,JPMORGAN CHASE & CO,1575.0,50000.0,,,,
806857108,Sold Out,SCHLUMBERGER LTD,3932.0,50000.0,,,,
143658300,Not New,CARNIVAL CORP,3124.0,60000.0,2441.0,50000.0,-683.0,-10000.0
143658300,Not New,CARNIVAL CORP,3124.0,60000.0,4882.0,100000.0,1758.0,40000.0
697660207,Not New,PAMPA ENERGIA S A,1649.0,47370.0,7920.0,244454.0,6271.0,197084.0
485170302,Sold Out,KANSAS CITY SOUTHERN,4666.0,50000.0,,,,
761283100,Sold Out,RESTORATION HARDWARE HLDGS I,3458.0,100000.0,,,,
464287655,Not New,ISHARES TR,3371.0,25000.0,30568.0,246100.0,27197.0,221100.0
464287655,Not New,ISHARES TR,3371.0,25000.0,58379.0,470000.0,55008.0,445000.0
464287655,Not New,ISHARES TR,5057.0,37500.0,30568.0,246100.0,25511.0,208600.0
464287655,Not New,ISHARES TR,5057.0,37500.0,58379.0,470000.0,53322.0,432500.0
500754106,Not New,KRAFT HEINZ CO,41477.0,475000.0,22378.0,250000.0,-19099.0,-225000.0
500754106,Not New,KRAFT HEINZ CO,41477.0,475000.0,198491.0,2217530.0,157014.0,1742530.0
500754106,Not New,KRAFT HEINZ CO,187086.0,2142530.0,22378.0,250000.0,-164708.0,-1892530.0
500754106,Not New,KRAFT HEINZ CO,187086.0,2142530.0,198491.0,2217530.0,11405.0,75000.0
78462F103,Not New,SPDR S&P 500 ETF TR,11177.0,50000.0,36275.0,167709.0,25098.0,117709.0
78462F103,Not New,SPDR S&P 500 ETF TR,11177.0,50000.0,63809.0,295000.0,52632.0,245000.0
78462F103,Not New,SPDR S&P 500 ETF TR,11177.0,50000.0,324450.0,1500000.0,313273.0,1450000.0
78462F103,Not New,SPDR S&P 500 ETF TR,67059.0,300000.0,36275.0,167709.0,-30784.0,-132291.0
78462F103,Not New,SPDR S&P 500 ETF TR,67059.0,300000.0,63809.0,295000.0,-3250.0,-5000.0
78462F103,Not New,SPDR S&P 500 ETF TR,67059.0,300000.0,324450.0,1500000.0,257391.0,1200000.0
192422103,Not New,COGNEX CORP,6362.0,100000.0,3700.0,70000.0,-2662.0,-30000.0
412822108,Not New,HARLEY DAVIDSON INC,7584.0,130000.0,1052.0,20000.0,-6532.0,-110000.0
412822108,Not New,HARLEY DAVIDSON INC,7584.0,130000.0,2892.0,55000.0,-4692.0,-75000.0
412822108,Not New,HARLEY DAVIDSON INC,11085.0,190000.0,1052.0,20000.0,-10033.0,-170000.0
412822108,Not New,HARLEY DAVIDSON INC,11085.0,190000.0,2892.0,55000.0,-8193.0,-135000.0
02553E106,New Holding,AMERICAN EAGLE OUTFITTERS NE,,,455.0,30000.0,,
78464A714,Not New,SPDR SERIES TRUST,2204.0,50000.0,8710.0,200000.0,6506.0,150000.0
817565104,Sold Out,SERVICE CORP INTL,6635.0,250000.0,,,,
023135106,Not New,AMAZON COM INC,8511.0,11350.0,3768.0,4500.0,-4743.0,-6850.0
655664100,Sold Out,NORDSTROM INC,5447.0,105000.0,,,,
244199105,New Holding,DEERE & CO,,,10304.0,100000.0,,
92047W101,Sold Out,VALVOLINE INC,470.0,20000.0,,,,
02079K107,Not New,ALPHABET INC,3087.0,4000.0,3886.0,5000.0,799.0,1000.0
872540109,Not New,TJX COS INC NEW,4132.0,55000.0,4861.0,65000.0,729.0,10000.0
031100100,New Holding,AMETEK INC NEW,,,6318.0,130000.0,,
988498101,Not New,YUM BRANDS INC,10766.0,170000.0,5449.0,60000.0,-5317.0,-110000.0
988498101,Not New,YUM BRANDS INC,12666.0,200000.0,5449.0,60000.0,-7217.0,-140000.0
78454L100,New Holding,SM ENERGY CO,,,1471.0,42673.0,,
701877102,New Holding,PARSLEY ENERGY INC,,,1525.0,43270.0,,
867652406,Sold Out,SUNPOWER CORP,1338.0,150000.0,,,,
G51502105,Not New,JOHNSON CTLS INTL PLC,10298.0,250000.0,10469.0,225000.0,171.0,-25000.0
655044105,Not New,NOBLE ENERGY INC,1663.0,43693.0,3038.0,85000.0,1375.0,41307.0
165167107,Not New,CHESAPEAKE ENERGY CORP,46925.0,6684500.0,41912.0,6684500.0,-5013.0,0.0
127097103,New Holding,CABOT OIL & GAS CORP,,,1721.0,73664.0,,
127097103,New Holding,CABOT OIL & GAS CORP,,,21024.0,900000.0,,
742718109,Sold Out,PROCTER AND GAMBLE CO,2693.0,30000.0,,,,
845467109,New Holding,SOUTHWESTERN ENERGY CO,,,1428.0,132000.0,,
674215108,New Holding,OASIS PETE INC NEW,,,2328.0,153784.0,,
565849106,New Holding,MARATHON OIL CORP,,,2033.0,117444.0,,
G29183103,New Holding,EATON CORP PLC,,,7380.0,110000.0,,
91913Y100,Not New,VALERO ENERGY CORP NEW,3416.0,50000.0,1060.0,20000.0,-2356.0,-30000.0
247916208,New Holding,DENBURY RES INC,,,611.0,165989.0,,
608190104,Not New,MOHAWK INDS INC,12979.0,65000.0,7012.0,35000.0,-5967.0,-30000.0
464287184,Sold Out,ISHARES TR,5702.0,150000.0,,,,
Y7542C106,Sold Out,SCORPIO TANKERS INC,4167.0,900000.0,,,,
35671D857,New Holding,FREEPORT-MCMORAN INC,,,1979.0,150000.0,,
983134107,Sold Out,WYNN RESORTS LTD,6332.0,65000.0,,,,
007903107,Not New,ADVANCED MICRO DEVICES INC,4605.0,406100.0,1036.0,149900.0,-3569.0,-256200.0
060505104,Not New,BANK AMER CORP,15470.0,700000.0,3913.0,250000.0,-11557.0,-450000.0
009158106,New Holding,AIR PRODS & CHEMS INC,,,15820.0,110000.0,,
86074Q102,New Holding,STILLWATER MNG CO,,,3222.0,200000.0,,
131347304,Sold Out,CALPINE CORP,2212.0,175000.0,,,,
501044101,Not New,KROGER CO,4831.0,140000.0,9646.0,325000.0,4815.0,185000.0
501044101,Not New,KROGER CO,4831.0,140000.0,26712.0,900000.0,21881.0,760000.0
91232N108,Sold Out,UNITED STATES OIL FUND LP,10930.0,1000000.0,,,,
929089100,New Holding,VOYA FINL INC,,,5883.0,150000.0,,
595112103,Not New,MICRON TECHNOLOGY INC,7507.0,342475.0,4057.0,228200.0,-3450.0,-114275.0
81369Y506,Not New,SELECT SECTOR SPDR TR,3766.0,50000.0,64997.0,920500.0,61231.0,870500.0
81369Y506,Not New,SELECT SECTOR SPDR TR,5272.0,70000.0,64997.0,920500.0,59725.0,850500.0
053332102,New Holding,AUTOZONE INC,,,790.0,1000.0,,
87164P103,New Holding,SYNERGY RES CORP,,,594.0,66659.0,,
126408103,Sold Out,CSX CORP,4575.0,150000.0,,,,
464288513,Sold Out,ISHARES TR,4363.0,50000.0,,,,
464288513,Sold Out,ISHARES TR,287958.0,3300000.0,,,,
56585A102,Sold Out,MARATHON PETE CORP,1624.0,40000.0,,,,
855244109,Not New,STARBUCKS CORP,9161.0,165000.0,18678.0,345000.0,9517.0,180000.0
855244109,Not New,STARBUCKS CORP,9161.0,165000.0,35191.0,650000.0,26030.0,485000.0
855244109,Not New,STARBUCKS CORP,16656.0,300000.0,18678.0,345000.0,2022.0,45000.0
855244109,Not New,STARBUCKS CORP,16656.0,300000.0,35191.0,650000.0,18535.0,350000.0
38141G104,New Holding,GOLDMAN SACHS GROUP INC,,,29931.0,125000.0,,
427866108,Not New,HERSHEY CO,18100.0,175000.0,12285.0,128500.0,-5815.0,-46500.0
427866108,Not New,HERSHEY CO,18100.0,175000.0,16730.0,175000.0,-1370.0,0.0
G0750C108,Sold Out,AXALTA COATING SYS LTD,4241.0,150000.0,,,,
067901108,Not New,BARRICK GOLD CORP,181213.0,11340000.0,98169.0,5540000.0,-83044.0,-5800000.0
833635105,Not New,SOCIEDAD QUIMICA MINERA DE C,753.0,26300.0,1802.0,67000.0,1049.0,40700.0
13123X102,New Holding,CALLON PETE CO DEL,,,985.0,64109.0,,
78463V107,Not New,SPDR GOLD TRUST,2121.0,19354.0,15515.0,123486.0,13394.0,104132.0
25754A201,New Holding,DOMINOS PIZZA INC,,,3981.0,25000.0,,
30212P303,New Holding,EXPEDIA INC DEL,,,4531.0,40000.0,,
012653101,New Holding,ALBEMARLE CORP,,,9469.0,110000.0,,
883203101,New Holding,TEXTRON INC,,,3885.0,80000.0,,
723787107,Not New,PIONEER NAT RES CO,3447.0,19144.0,3713.0,20000.0,266.0,856.0
989701107,New Holding,ZIONS BANCORPORATION,,,4304.0,100000.0,,
40416M105,Not New,HD SUPPLY HLDGS INC,1275.0,30000.0,4797.0,150000.0,3522.0,120000.0
651639106,New Holding,NEWMONT MINING CORP,,,5111.0,150000.0,,
774341101,New Holding,ROCKWELL COLLINS INC,,,7421.0,80000.0,,
38388F108,Not New,GRACE W R & CO DEL NEW,4735.0,70000.0,4428.0,60000.0,-307.0,-10000.0
911363109,New Holding,UNITED RENTALS INC,,,12670.0,120000.0,,
150870103,Sold Out,CELANESE CORP DEL,7322.0,110000.0,,,,
71646J109,Sold Out,PETROBRAS ARGENTINA S A,68.0,10374.0,,,,
038222105,New Holding,APPLIED MATLS INC,,,1807.0,56000.0,,
960413102,Not New,WESTLAKE CHEM CORP,11478.0,205000.0,2675.0,50000.0,-8803.0,-155000.0
G0684D107,New Holding,ATHENE HLDG LTD,,,12957.0,270000.0,,
959319104,Sold Out,WESTERN REFNG INC,1323.0,50000.0,,,,
78464A698,New Holding,SPDR SERIES TRUST,,,5557.0,100000.0,,
103304101,Not New,BOYD GAMING CORP,4034.0,200000.0,1484.0,75000.0,-2550.0,-125000.0
103304101,Not New,BOYD GAMING CORP,14535.0,720600.0,1484.0,75000.0,-13051.0,-645600.0
34959J108,Sold Out,FORTIVE CORP,8908.0,175000.0,,,,
868157108,Not New,SUPERIOR ENERGY SVCS INC,844.0,50000.0,1432.0,80000.0,588.0,30000.0
883556102,New Holding,THERMO FISHER SCIENTIFIC INC,,,5644.0,40000.0,,
144577103,New Holding,CARRIZO OIL & GAS INC,,,848.0,22693.0,,
34354P105,New Holding,FLOWSERVE CORP,,,2403.0,50000.0,,
60871R209,Not New,MOLSON COORS BREWING CO,8271.0,85000.0,13725.0,125000.0,5454.0,40000.0
60871R209,Not New,MOLSON COORS BREWING CO,8271.0,85000.0,23607.0,215000.0,15336.0,130000.0
60871R209,Not New,MOLSON COORS BREWING CO,12650.0,130000.0,13725.0,125000.0,1075.0,-5000.0
60871R209,Not New,MOLSON COORS BREWING CO,12650.0,130000.0,23607.0,215000.0,10957.0,85000.0
550021109,New Holding,LULULEMON ATHLETICA INC,,,1950.0,30000.0,,
73935A104,Sold Out,POWERSHARES QQQ TRUST,5936.0,50000.0,,,,
73935A104,Sold Out,POWERSHARES QQQ TRUST,59360.0,500000.0,,,,
95082P105,New Holding,WESCO INTL INC,,,4659.0,70000.0,,
708160106,Sold Out,PENNEY J C INC,1383.0,150000.0,,,,
292505104,New Holding,ENCANA CORP,,,1871.0,159383.0,,
92189F791,Not New,VANECK VECTORS ETF TR,15775.0,500000.0,22145.0,500000.0,6370.0,0.0
254709108,New Holding,DISCOVER FINL SVCS,,,5407.0,75000.0,,
Y41053102,New Holding,INTERNATIONAL SEAWAYS INC,,,34740.0,2474349.0,,
26817R108,Sold Out,DYNEGY INC NEW DEL,2974.0,240000.0,,,,
21036P108,Sold Out,CONSTELLATION BRANDS INC,3330.0,20000.0,,,,
399909100,Not New,GRUPO FINANCIERO GALICIA S A,1774.0,65910.0,8237.0,264765.0,6463.0,198855.0
78464A755,New Holding,SPDR SERIES TRUST,,,1521.0,50000.0,,
78464A755,New Holding,SPDR SERIES TRUST,,,9074.0,298400.0,,
26138E109,Sold Out,DR PEPPER SNAPPLE GROUP INC,3652.0,40000.0,,,,
406216101,Sold Out,HALLIBURTON CO,2244.0,50000.0,,,,
402635304,New Holding,GULFPORT ENERGY CORP,,,835.0,38580.0,,
87165B103,New Holding,SYNCHRONY FINL,,,4534.0,125000.0,,
13645T100,Not New,CANADIAN PAC RY LTD,8566.0,60000.0,6108.0,40000.0,-2458.0,-20000.0
163072101,Sold Out,CHEESECAKE FACTORY INC,4350.0,86886.0,,,,
98980A105,New Holding,ZTO EXPRESS CAYMAN INC,,,1183.0,98000.0,,
874054109,Not New,TAKE-TWO INTERACTIVE SOFTWAR,7640.0,155000.0,2254.0,50000.0,-5386.0,-105000.0
874054109,Not New,TAKE-TWO INTERACTIVE SOFTWAR,7640.0,155000.0,4387.0,97322.0,-3253.0,-57678.0
42824C109,Not New,HEWLETT PACKARD ENTERPRISE C,1157.0,50000.0,4441.0,195200.0,3284.0,145200.0
H8817H100,New Holding,TRANSOCEAN LTD,,,1474.0,100000.0,,
136385101,New Holding,CANADIAN NAT RES LTD,,,1072.0,33616.0,,
260003108,New Holding,DOVER CORP,,,8992.0,120000.0,,
755111507,Sold Out,RAYTHEON CO,9529.0,70000.0,,,,
256677105,New Holding,DOLLAR GEN CORP NEW,,,3704.0,50000.0,,
707569109,New Holding,PENN NATL GAMING INC,,,345.0,25000.0,,
64110W102,Not New,NETEASE INC,4328.0,20100.0,903.0,3750.0,-3425.0,-16350.0
617446448,New Holding,MORGAN STANLEY,,,55694.0,1318200.0,,
437076102,Not New,HOME DEPOT INC,3687.0,27500.0,6434.0,50000.0,2747.0,22500.0
437076102,Not New,HOME DEPOT INC,3687.0,27500.0,20589.0,160000.0,16902.0,132500.0
171798101,Not New,CIMAREX ENERGY CO,1626.0,11968.0,3359.0,25000.0,1733.0,13032.0
912909108,New Holding,UNITED STATES STL CORP NEW,,,13204.0,400000.0,,
912909108,New Holding,UNITED STATES STL CORP NEW,,,65030.0,1970000.0,,
235851102,Sold Out,DANAHER CORP DEL,9407.0,120000.0,,,,
369550108,New Holding,GENERAL DYNAMICS CORP,,,6906.0,40000.0,,
485865109,New Holding,KATE SPADE & CO,,,560.0,30000.0,,
90384S303,Sold Out,ULTA SALON COSMETCS & FRAG I,8329.0,35000.0,,,,
125269100,Not New,CF INDS HLDGS INC,8027.0,255000.0,3653.0,150000.0,-4374.0,-105000.0
12650T104,Sold Out,CSRA INC,12105.0,450000.0,,,,
577081102,New Holding,MATTEL INC,,,4133.0,150000.0,,
577081102,New Holding,MATTEL INC,,,5235.0,190000.0,,
09531U102,Sold Out,BLUE BUFFALO PET PRODS INC,1901.0,80000.0,,,,
26875P101,New Holding,EOG RES INC,,,6780.0,67063.0,,
344849104,New Holding,FOOT LOCKER INC,,,1418.0,20000.0,,
G0176J109,Not New,ALLEGION PUB LTD CO,8000.0,125000.0,4824.0,70000.0,-3176.0,-55000.0
174610105,Not New,CITIZENS FINL GROUP INC,7126.0,200000.0,3707.0,150000.0,-3419.0,-50000.0
701094104,New Holding,PARKER HANNIFIN CORP,,,4900.0,35000.0,,
20605P101,New Holding,CONCHO RES INC,,,1679.0,12665.0,,
