CUSIP,status,NAME OF ISSUER,(x$1000)_old,PRN AMT_old,(x$1000),PRN AMT,(x$1000)_change,PRN AMT_change
85207U105,Not New,SPRINT CORP,436008.0,40558858.0,219493.0,35293890.0,-216515.0,-5264968.0
464286509,Sold Out,ISHARES,1699.0,60000.0,,,,
969457100,Not New,WILLIAMS COS INC,21214.0,550000.0,43724.0,1202538.0,22510.0,652538.0
101137107,Not New,BOSTON SCIENTIFIC CORP,102568.0,8533099.0,158107.0,13467416.0,55539.0,4934317.0
172967424,Not New,CITIGROUP INC,204495.0,3924300.0,185905.0,3832300.0,-18590.0,-92000.0
22765U102,Not New,CROSSTEX ENERGY LP,638.0,23100.0,460.0,23100.0,-178.0,0.0
37045V100,New Holding,GENERAL MOTORS CO,,,42766.0,1046400.0,,
40412C101,Not New,HCA HOLDINGS INC,120802.0,2532000.0,81888.0,1915500.0,-38914.0,-616500.0
049513104,Sold Out,ATMEL CORP,67318.0,9048095.0,,,,
629491101,Sold Out,NYSE EURONEXT,173117.0,4123799.0,,,,
48238T109,New Holding,KAR AUCTION SERVICES INC,,,34641.0,1172300.0,,
535782106,Sold Out,LINNCO LLC,17481.0,472453.0,,,,
364730101,New Holding,GANNETT CO,,,6219.0,210231.0,,
675746309,Sold Out,OCWEN FINANCIAL CORP,16302.0,292300.0,,,,
962166104,New Holding,WEYERHAEUSER CO,,,75648.0,2396203.0,,
82967N108,Sold Out,SIRIUS XM RADIO INC,278585.0,71893003.0,,,,
81369Y605,Sold Out,SELECT SECTOR SPDR,1493.0,75000.0,,,,
04930A104,Not New,ATLAS ENERGY LP,157976.0,3371947.0,219130.0,4011167.0,61154.0,639220.0
80007P307,Not New,SANDRIDGE ENERGY INC,246033.0,40532663.0,200741.0,34256163.0,-45292.0,-6276500.0
81369Y100,Sold Out,SELECT SECTOR SPDR,1512.0,36000.0,,,,
97717W851,Sold Out,WISDOMTREE TR,1678.0,35000.0,,,,
76120W302,Not New,RESOURCE CAPITAL CORP,5930.0,1000000.0,5940.0,1000000.0,10.0,0.0
36467J108,New Holding,GAMING AND LEISURE PROPERTIE,,,112879.0,2221587.0,,
Y8564M105,Not New,TEEKAY LNG PARTNERS LP,854.0,20000.0,882.0,20000.0,28.0,0.0
026874784,Not New,AMERICAN INTERNATIONAL GROUP,298443.0,5846100.0,282375.0,5806600.0,-16068.0,-39500.0
747525103,Not New,QUALCOMM INC,194527.0,2619887.0,190253.0,2826100.0,-4274.0,206213.0
19075F106,New Holding,COBALT INTERNATIONAL ENERGY,,,13209.0,803000.0,,
127686103,Not New,CAESARS ENTERTAINMENT CORP,113840.0,5285071.0,61194.0,3109447.0,-52646.0,-2175624.0
693656100,Not New,PVH CORP,64882.0,477000.0,88661.0,747000.0,23779.0,270000.0
30219G108,Not New,EXPRESS SCRIPTS HOLDING CO,12159.0,173100.0,117593.0,1902798.0,105434.0,1729698.0
N53745100,Not New,LYONDELLBASELL INDU,152294.0,1897033.0,138634.0,1893133.0,-13660.0,-3900.0
L0175J104,Not New,ALTISOURCE PORTFOLIO SOL,146743.0,925063.0,142317.0,1016478.0,-4426.0,91415.0
04941A101,Not New,ATLAS RESOURCE PARTNERS LP,87060.0,4250994.0,81119.0,3873883.0,-5941.0,-377111.0
04941A101,Not New,ATLAS RESOURCE PARTNERS LP,87060.0,4250994.0,20295.0,969200.0,-66765.0,-3281794.0
04941A101,Not New,ATLAS RESOURCE PARTNERS LP,19849.0,969200.0,81119.0,3873883.0,61270.0,2904683.0
04941A101,Not New,ATLAS RESOURCE PARTNERS LP,19849.0,969200.0,20295.0,969200.0,446.0,0.0
64828T102,Not New,NEW RESIDENTIAL INVESTMENT,51810.0,7755999.0,37850.0,5717478.0,-13960.0,-2038521.0
82735Q102,Not New,SILVER BAY REALTY TRUST CORP,78.0,4882.0,76.0,4882.0,-2.0,0.0
98212B103,Not New,WPX ENERGY INC,45416.0,2228482.0,40706.0,2113524.0,-4710.0,-114958.0
868536103,Not New,SUPERVALU INC,26706.0,3663319.0,41570.0,5051019.0,14864.0,1387700.0
86732Y109,New Holding,SUNEDISON INC,,,105746.0,8103148.0,,
65105M108,Not New,NEWCASTLE INVESTMENT CORP,68706.0,11969619.0,35690.0,6350619.0,-33016.0,-5619000.0
46625H100,Not New,JPMORGAN CHASE & CO,4059.0,69400.0,2476.0,47900.0,-1583.0,-21500.0
526057104,Not New,LENNAR CORP,16813.0,425000.0,43687.0,1234100.0,26874.0,809100.0
73172K104,Sold Out,POLYCOM INC,102916.0,9424548.0,,,,
75605Y106,Not New,REALOGY HOLDINGS CORP,92367.0,1867140.0,67430.0,1567420.0,-24937.0,-299720.0
59156R108,Not New,METLIFE INC,7166.0,132900.0,138549.0,2950985.0,131383.0,2818085.0
12768T103,New Holding,CAESARS ACQUISITION CO,,,39623.0,3285473.0,,
151408101,Not New,CENTER BANCORP INC,10224.0,545000.0,7761.0,545000.0,-2463.0,0.0
001228105,Not New,AG MORTGAGE INVESTMENT TRUST,3128.0,200000.0,3324.0,200000.0,196.0,0.0
45866F104,New Holding,INTERCONTINENTALEXCHANGE GRO,,,96214.0,427770.0,,
70932B101,Not New,PENNYMAC FINANCIAL SERVICE,48431.0,2759600.0,51853.0,2759600.0,3422.0,0.0
70931T103,Not New,PENNYMAC MORTGAGE INVESTMENT,57508.0,2504701.0,49333.0,2175170.0,-8175.0,-329531.0
58155Q103,Not New,MCKESSON CORP,111928.0,693482.0,88704.0,691382.0,-23224.0,-2100.0
78442P106,Not New,SLM CORP,278594.0,10600994.0,321639.0,12917228.0,43045.0,2316234.0
247916208,Not New,DENBURY RESOURCES INC,77512.0,4717727.0,90535.0,4917727.0,13023.0,200000.0
41146A106,Not New,HARBINGER GROUP INC,59250.0,5000000.0,51850.0,5000000.0,-7400.0,0.0
41146A106,Not New,HARBINGER GROUP INC,59250.0,5000000.0,13688.0,1500000.0,-45562.0,-3500000.0
41146A106,Not New,HARBINGER GROUP INC,17775.0,1500000.0,51850.0,5000000.0,34075.0,3500000.0
41146A106,Not New,HARBINGER GROUP INC,17775.0,1500000.0,13688.0,1500000.0,-4087.0,0.0
G0585R106,New Holding,ASSURED GUARANTY LTD,,,45081.0,1911013.0,,
91324P102,Not New,UNITEDHEALTH GROUP INC,101808.0,1352033.0,87717.0,1224933.0,-14091.0,-127100.0
35671D857,Not New,FREEPORT-MCMORAN COPPER,109476.0,2900800.0,94354.0,2852300.0,-15122.0,-48500.0
90187B101,Not New,TWO HARBORS INVESTMENT CORP,928.0,100000.0,971.0,100000.0,43.0,0.0
48248A306,Not New,KKR FINANCIAL HOLDINGS LLC,183558.0,15058073.0,155580.0,15061010.0,-27978.0,2937.0
049392103,Not New,ATLAS PIPELINE PARTNERS LP,116639.0,3327802.0,166978.0,4303569.0,50339.0,975767.0
G10082140,Not New,ENERGY XXI BERMUDA,46566.0,1720860.0,72048.0,2384912.0,25482.0,664052.0
G67743107,Sold Out,ORIENT EXPRESS HOTELS LTD,15641.0,1205022.0,,,,
82968B103,New Holding,SIRIUS XM HOLDINGS INC,,,273941.0,78493003.0,,
543881106,Not New,LORAL SPACE & COMMUNICATIONS,61121.0,754766.0,51120.0,754766.0,-10001.0,0.0
761195205,Not New,RESOURCE AMERICA INC,4377.0,467600.0,9570.0,1191733.0,5193.0,724133.0
288522303,New Holding,ELLINGTON FINANCIAL LLC,,,8445.0,372530.0,,
278642103,New Holding,EBAY INC,,,46920.0,854800.0,,
883556102,Not New,THERMO FISHER SCIENTIFIC INC,91864.0,825000.0,56706.0,615370.0,-35158.0,-209630.0
620076307,Not New,MOTOROLA SOLUTIONS INC,222973.0,3303301.0,217432.0,3661701.0,-5541.0,358400.0
536020100,Not New,LINN ENERGY LLC,78589.0,2552419.0,76764.0,2961583.0,-1825.0,409164.0
910047109,New Holding,UNITED CONTINENTAL HOLDINGS,,,44552.0,1177700.0,,
872438106,Not New,THL CREDIT INC,15388.0,933170.0,23121.0,1481384.0,7733.0,548214.0
G98290102,Not New,XL GROUP PLC,102202.0,3209872.0,112494.0,3650037.0,10292.0,440165.0
532771102,Not New,LIN MEDIA LLC,17226.0,600000.0,12174.0,600000.0,-5052.0,0.0
406216101,Not New,HALLIBURTON CO,179777.0,3542400.0,175382.0,3642400.0,-4395.0,100000.0
269246401,Not New,E*TRADE FINANCIAL CORP,134181.0,6832027.0,126733.0,7680786.0,-7448.0,848759.0
464286822,New Holding,ISHARES MSCI MEXICO CAPPED,,,5100.0,75000.0,,
49456B101,Not New,KINDER MORGAN INC,130383.0,3621759.0,134161.0,3771759.0,3778.0,150000.0
03761U106,Not New,APOLLO INVESTMENT CORP,1271.0,150000.0,1223.0,150000.0,-48.0,0.0
H8817H100,Not New,TRANSOCEAN LTD,142455.0,2882545.0,155018.0,3483545.0,12563.0,601000.0
20030N200,Not New,COMCAST CORP,59522.0,1193300.0,51730.0,1193300.0,-7792.0,0.0
707569109,Sold Out,PENN NATIONAL GAMING INC,86222.0,1557487.0,,,,
14040H105,Not New,CAPITAL ONE FINANCIAL CORP,123254.0,1608855.0,118020.0,1716900.0,-5234.0,108045.0
277432100,Not New,EASTMAN CHEMICAL CO,167112.0,2070781.0,143685.0,1844481.0,-23427.0,-226300.0
16934Q109,Not New,CHIMERA INVESTMENT CORP,192589.0,62125420.0,187971.0,61832671.0,-4618.0,-292749.0
G9319H102,Sold Out,VALIDUS HOLDINGS LTD,58426.0,1579928.0,,,,
13342B105,New Holding,CAMERON INTERNATIONAL CORP,,,84830.0,1425000.0,,
48248M102,Not New,KKR & CO LP,39931.0,1640540.0,63668.0,3093665.0,23737.0,1453125.0
872590104,New Holding,T-MOBILE US INC,,,102270.0,3040145.0,,
58933Y105,Sold Out,MERCK & CO. INC.,9674.0,203200.0,,,,
25470M109,Not New,DISH NETWORK CORP,227340.0,3925070.0,158029.0,3510970.0,-69311.0,-414100.0
