CUSIP,status,NAME OF ISSUER,(x$1000)_old,PRN AMT_old,(x$1000),PRN AMT,(x$1000)_change,PRN AMT_change
G66721104,Sold Out,NORWEGIAN CRUISE LINE HLDG L,6847.0,119224.0,,,,
03076C106,Sold Out,AMERIPRISE FINL INC,10336.0,70000.0,,,,
G16962105,Not New,BUNGE LIMITED,15070.0,282000.0,15803.0,230000.0,733.0,-52000.0
G16962105,Not New,BUNGE LIMITED,15070.0,282000.0,7558.0,110000.0,-7512.0,-172000.0
G16962105,Not New,BUNGE LIMITED,10688.0,200000.0,15803.0,230000.0,5115.0,30000.0
G16962105,Not New,BUNGE LIMITED,10688.0,200000.0,7558.0,110000.0,-3130.0,-90000.0
74005P104,Sold Out,PRAXAIR INC,10086.0,62750.0,,,,
31421V107,Sold Out,FEDERAL STR ACQUISITION CORP,20180.0,2000000.0,,,,
62944T105,New Holding,NVR INC,,,9936.0,4077.0,,
67066G104,Not New,NVIDIA CORP,6676.0,50000.0,6089.0,21669.0,-587.0,-28331.0
25278X109,Sold Out,DIAMONDBACK ENERGY INC,2143.0,15855.0,,,,
G18920127,Not New,CAPITOL INVT CORP IV,438.0,433183.0,641.0,433183.0,203.0,0.0
25271C102,Not New,DIAMOND OFFSHORE DRILLING IN,2833.0,300100.0,6002.0,300100.0,3169.0,0.0
G7126L100,Not New,PLATINUM EAGLE ACQUISITIN CO,15090.0,1500000.0,14753.0,1500000.0,-337.0,0.0
G3402M110,Sold Out,FGL HLDGS,8928.0,4554800.0,,,,
458660AD9,New Holding,INTERDIGITAL INC,,,21012.0,20000000.0,,
909214306,New Holding,UNISYS CORP,,,558.0,48000.0,,
925550AB1,New Holding,VIAVI SOLUTIONS INC,,,14927.0,15000000.0,,
25686H118,Not New,DOLPHIN ENTMT INC,26.0,110000.0,28.0,110000.0,2.0,0.0
10319T200,New Holding,BOXWOOD MERGER CORP,,,8453.0,850000.0,,
929042109,Sold Out,VORNADO RLTY TR,10894.0,149236.0,,,,
054561105,New Holding,AXA EQUITABLE HLDGS INC,,,697.0,41909.0,,
452327AH2,Sold Out,ILLUMINA INC,9079.0,6000000.0,,,,
464286400,Not New,ISHARES INC,6360.0,166500.0,19108.0,566500.0,12748.0,400000.0
86614U100,Sold Out,SUMMIT MATLS INC,9090.0,500000.0,,,,
393222104,New Holding,GREEN PLAINS INC,,,8731.0,665951.0,,
06684L103,Sold Out,BAOZUN INC,2715.0,55900.0,,,,
00922RAB1,New Holding,AIR TRANSPORT SERVICES GRP I,,,4762.0,5000000.0,,
74340W103,Sold Out,PROLOGIS INC,13650.0,201352.0,,,,
886547108,Sold Out,TIFFANY & CO NEW,8383.0,65000.0,,,,
58844R108,Sold Out,MERCHANTS BANCORP IND,326.0,12824.0,,,,
548661107,Not New,LOWES COS INC,23432.0,253707.0,1469.0,12790.0,-21963.0,-240917.0
31811A309,New Holding,FINTECH ACQUISITION CORP III,,,22523.0,2250000.0,,
698813102,Sold Out,PAPA JOHNS INTL INC,5897.0,115000.0,,,,
698813102,Sold Out,PAPA JOHNS INTL INC,5897.0,115000.0,,,,
N6596X109,Sold Out,NXP SEMICONDUCTORS N V,31797.0,371900.0,,,,
N72482AT4,New Holding,QIAGEN NV,,,11919.0,12000000.0,,
053015103,Sold Out,AUTOMATIC DATA PROCESSING IN,3570.0,23699.0,,,,
G6095L109,Sold Out,APTIV PLC,2685.0,32004.0,,,,
848637104,Sold Out,SPLUNK INC,7085.0,58600.0,,,,
56854Q101,New Holding,MARINUS PHARMACEUTICALS INC,,,762.0,265567.0,,
44980X109,New Holding,IPG PHOTONICS CORP,,,6797.0,60000.0,,
74365AAD3,Not New,PROTALIX BIOTHERAPEUTICS INC,16272.0,19407000.0,20120.0,19665000.0,3848.0,258000.0
89400J107,New Holding,TRANSUNION,,,2886.0,50812.0,,
25179M103,New Holding,DEVON ENERGY CORP NEW,,,221.0,9800.0,,
472145AB7,Sold Out,JAZZ INVESTMENTS I LTD,5369.0,5000000.0,,,,
379890106,New Holding,GLU MOBILE INC,,,6410.0,794354.0,,
27579R104,Sold Out,EAST WEST BANCORP INC,3019.0,50000.0,,,,
67103H107,Sold Out,O REILLY AUTOMOTIVE INC NEW,1682.0,4843.0,,,,
92276F100,Sold Out,VENTAS INC,699.0,12849.0,,,,
285512109,Sold Out,ELECTRONIC ARTS INC,11568.0,96010.0,,,,
G6359F103,Not New,NABORS INDUSTRIES LTD,2091.0,1045633.0,2977.0,483252.0,886.0,-562381.0
989701115,Not New,ZIONS BANCORPORATION N A,42055.0,4387534.0,53904.0,3003000.0,11849.0,-1384534.0
G3223R108,Sold Out,EVEREST RE GROUP LTD,1044.0,4571.0,,,,
00289Y115,Not New,ABEONA THERAPEUTICS INC,788.0,250000.0,1981.0,250000.0,1193.0,0.0
907818108,Sold Out,UNION PAC CORP,5145.0,31596.0,,,,
816851109,Sold Out,SEMPRA ENERGY,1294.0,11377.0,,,,
57636Q104,Sold Out,MASTERCARD INCORPORATED,11063.0,49696.0,,,,
256746108,Not New,DOLLAR TREE INC,32166.0,356130.0,9601.0,117734.0,-22565.0,-238396.0
256746108,Not New,DOLLAR TREE INC,32166.0,356130.0,4893.0,60000.0,-27273.0,-296130.0
45780VAB8,Not New,INOTEK PHARMACEUTICALS CORP,11906.0,12600000.0,15130.0,13600000.0,3224.0,1000000.0
90130A101,Not New,TWENTY FIRST CENTY FOX INC,9624.0,200000.0,34055.0,735046.0,24431.0,535046.0
90130A101,Not New,TWENTY FIRST CENTY FOX INC,9624.0,200000.0,5166.0,111500.0,-4458.0,-88500.0
90130A101,Not New,TWENTY FIRST CENTY FOX INC,5365.0,111500.0,34055.0,735046.0,28690.0,623546.0
90130A101,Not New,TWENTY FIRST CENTY FOX INC,5365.0,111500.0,5166.0,111500.0,-199.0,0.0
313747206,Sold Out,FEDERAL REALTY INVT TR,5059.0,40000.0,,,,
806857108,Not New,SCHLUMBERGER LTD,1916.0,53100.0,4242.0,69634.0,2326.0,16534.0
806857108,Not New,SCHLUMBERGER LTD,1916.0,53100.0,5032.0,82600.0,3116.0,29500.0
806857108,Not New,SCHLUMBERGER LTD,1916.0,53100.0,8894.0,146000.0,6978.0,92900.0
806857108,Not New,SCHLUMBERGER LTD,9922.0,275000.0,4242.0,69634.0,-5680.0,-205366.0
806857108,Not New,SCHLUMBERGER LTD,9922.0,275000.0,5032.0,82600.0,-4890.0,-192400.0
806857108,Not New,SCHLUMBERGER LTD,9922.0,275000.0,8894.0,146000.0,-1028.0,-129000.0
806857108,Not New,SCHLUMBERGER LTD,1916.0,53100.0,4242.0,69634.0,2326.0,16534.0
806857108,Not New,SCHLUMBERGER LTD,1916.0,53100.0,5032.0,82600.0,3116.0,29500.0
806857108,Not New,SCHLUMBERGER LTD,1916.0,53100.0,8894.0,146000.0,6978.0,92900.0
835699307,Sold Out,SONY CORP,2772.0,45700.0,,,,
143658300,New Holding,CARNIVAL CORP,,,7288.0,147837.0,,
38286G109,New Holding,GORES HOLDINGS III INC,,,24238.0,2500000.0,,
846784106,New Holding,SPARTAN ENERGY ACQUISITON CO,,,28845.0,3000000.0,,
81762PAC6,Sold Out,SERVICENOW INC,41009.0,27500000.0,,,,
913017109,Not New,UNITED TECHNOLOGIES CORP,7187.0,67500.0,5005.0,35801.0,-2182.0,-31699.0
17142R202,Sold Out,CHURCHILL CAP CORP,26390.0,2600000.0,,,,
98389B100,Sold Out,XCEL ENERGY INC,1846.0,39100.0,,,,
34986F111,Not New,FORUM MERGER II CORP,653.0,1500000.0,848.0,1500000.0,195.0,0.0
67020YAN0,New Holding,NUANCE COMMUNICATIONS INC,,,14120.0,16000000.0,,
02079K107,Sold Out,ALPHABET INC,20386.0,17081.0,,,,
018581108,Sold Out,ALLIANCE DATA SYSTEMS CORP,716.0,3031.0,,,,
744320102,Sold Out,PRUDENTIAL FINL INC,1341.0,13234.0,,,,
015351109,Sold Out,ALEXION PHARMACEUTICALS INC,1379.0,9920.0,,,,
833034101,New Holding,SNAP ON INC,,,872.0,6000.0,,
21241B100,New Holding,CONTURA ENERGY INC,,,56351.0,857186.0,,
009728106,Sold Out,AKORN INC,389.0,30000.0,,,,
410345102,Not New,HANESBRANDS INC,326.0,26000.0,184.0,10000.0,-142.0,-16000.0
G62848125,Sold Out,MOSAIC ACQUISITION CORP,1220.0,950000.0,,,,
007903107,Not New,ADVANCED MICRO DEVICES INC,7366.0,399035.0,994.0,32173.0,-6372.0,-366862.0
007903107,Not New,ADVANCED MICRO DEVICES INC,7366.0,399035.0,1032.0,33400.0,-6334.0,-365635.0
007903107,Not New,ADVANCED MICRO DEVICES INC,617.0,33400.0,994.0,32173.0,377.0,-1227.0
007903107,Not New,ADVANCED MICRO DEVICES INC,617.0,33400.0,1032.0,33400.0,415.0,0.0
71639T106,Sold Out,PETIQ INC,3573.0,90898.0,,,,
929089100,Not New,VOYA FINL INC,5720.0,142500.0,18919.0,380897.0,13199.0,238397.0
929089100,Not New,VOYA FINL INC,5720.0,142500.0,24835.0,500000.0,19115.0,357500.0
761299AB2,Not New,RETROPHIN INC,40322.0,45000000.0,41563.0,40500000.0,1241.0,-4500000.0
984332AF3,Sold Out,YAHOO INC,63200.0,50000000.0,,,,
78409V104,Sold Out,S&P GLOBAL INC,769.0,3937.0,,,,
G0750C108,Sold Out,AXALTA COATING SYS LTD,2770.0,95000.0,,,,
75281A109,Not New,RANGE RES CORP,383.0,40000.0,595.0,35000.0,212.0,-5000.0
46090E103,Not New,INVESCO QQQ TR,2005.0,13000.0,3716.0,20000.0,1711.0,7000.0
46090E103,Not New,INVESCO QQQ TR,92556.0,600000.0,3716.0,20000.0,-88840.0,-580000.0
90333L201,Not New,U S CONCRETE INC,423.0,12000.0,229.0,5000.0,-194.0,-7000.0
629375114,New Holding,NRC GROUP HLDGS CORP,,,484.0,605600.0,,
081437105,New Holding,BEMIS INC,,,3994.0,87012.0,,
22822V101,New Holding,CROWN CASTLE INTL CORP NEW,,,29284.0,269576.0,,
723787107,Sold Out,PIONEER NAT RES CO,3808.0,21860.0,,,,
290846203,Not New,EMCORE CORP,0.0,11075.0,0.0,11075.0,0.0,0.0
774341101,Sold Out,ROCKWELL COLLINS INC,14047.0,100000.0,,,,
89653L114,Not New,TRINITY MERGER CORP,189.0,500000.0,245.0,500000.0,56.0,0.0
G0726L117,Sold Out,AVISTA HEALTHCARE PUB ACQ CO,324.0,2150000.0,,,,
G9019D104,Sold Out,TRAVELPORT WORLDWIDE LTD,3806.0,225600.0,,,,
98986T108,New Holding,ZYNGA INC,,,19741.0,5023315.0,,
464287556,Sold Out,ISHARES TR,8889.0,72900.0,,,,
606822104,Sold Out,MITSUBISHI UFJ FINL GROUP IN,1315.0,212500.0,,,,
36255F110,Not New,GS ACQUISITION HLDGS CORP,680.0,566666.0,921.0,566666.0,241.0,0.0
03965L100,Not New,ARCONIC INC,2694.0,159771.0,1470.0,66771.0,-1224.0,-93000.0
03965L100,Not New,ARCONIC INC,2694.0,159771.0,7704.0,350000.0,5010.0,190229.0
67001K202,New Holding,NOVELION THERAPEUTICS INC,,,795.0,946842.0,,
60786M105,New Holding,MOELIS & CO,,,516.0,15000.0,,
981558109,Sold Out,WORLDPAY INC,1457.0,14389.0,,,,
291011104,Not New,EMERSON ELEC CO,2798.0,46835.0,2527.0,33000.0,-271.0,-13835.0
291011104,Not New,EMERSON ELEC CO,2798.0,46835.0,3163.0,41300.0,365.0,-5535.0
291011104,Not New,EMERSON ELEC CO,7003.0,117200.0,2527.0,33000.0,-4476.0,-84200.0
291011104,Not New,EMERSON ELEC CO,7003.0,117200.0,3163.0,41300.0,-3840.0,-75900.0
291011104,Not New,EMERSON ELEC CO,3908.0,65400.0,2527.0,33000.0,-1381.0,-32400.0
291011104,Not New,EMERSON ELEC CO,3908.0,65400.0,3163.0,41300.0,-745.0,-24100.0
861012102,Sold Out,STMICROELECTRONICS N V,229.0,12500.0,,,,
G6485P108,Not New,NEW FRONTIER CORP,7316.0,750000.0,9585.0,1000000.0,2269.0,250000.0
13645T100,New Holding,CANADIAN PAC RY LTD,,,3785.0,21308.0,,
559663117,Not New,MAGNOLIA OIL & GAS CORP,6636.0,2165000.0,7697.0,1650000.0,1061.0,-515000.0
269246401,Sold Out,E TRADE FINANCIAL CORP,2724.0,52000.0,,,,
09228F103,New Holding,BLACKBERRY LTD,,,2004.0,281878.0,,
92211L113,Sold Out,VANTAGE ENERGY ACQUISITION,271.0,166666.0,,,,
30734W109,Not New,FAR PT ACQUISITION CORP,19330.0,1999998.0,19310.0,1999998.0,-20.0,0.0
47580P103,New Holding,JELD-WEN HLDG INC,,,783.0,55095.0,,
98956P102,Sold Out,ZIMMER BIOMET HLDGS INC,5781.0,43971.0,,,,
874054109,New Holding,TAKE-TWO INTERACTIVE SOFTWAR,,,566.0,5500.0,,
89643QAB4,Not New,TRINITY BIOTECH INVT LTD,20876.0,26425000.0,21142.0,26425000.0,266.0,0.0
02133L109,New Holding,ALTA MESA RES INC,,,613.0,613473.0,,
755111507,Sold Out,RAYTHEON CO,2460.0,11906.0,,,,
64110W102,Not New,NETEASE INC,7498.0,31853.0,3081.0,13500.0,-4417.0,-18353.0
437076102,Sold Out,HOME DEPOT INC,5846.0,28222.0,,,,
G5960L103,Sold Out,MEDTRONIC PLC,3968.0,40342.0,,,,
29444U700,Sold Out,EQUINIX INC,7724.0,17842.0,,,,
00507V109,Not New,ACTIVISION BLIZZARD INC,2468.0,53000.0,4991.0,60000.0,2523.0,7000.0
829226109,Not New,SINCLAIR BROADCAST GROUP INC,395.0,15000.0,539.0,19000.0,144.0,4000.0
26875P101,Sold Out,EOG RES INC,4252.0,33331.0,,,,
G0176J109,Sold Out,ALLEGION PUB LTD CO,1143.0,12616.0,,,,
74251V102,Sold Out,PRINCIPAL FINL GROUP INC,585.0,9980.0,,,,
78636X873,Not New,SAEXPLORATION HLDGS INC,563.0,300917.0,1000.0,97065.0,437.0,-203852.0
101121101,Sold Out,BOSTON PROPERTIES INC,4924.0,40000.0,,,,
94106L109,Sold Out,WASTE MGMT INC DEL,2171.0,24025.0,,,,
G62848109,Sold Out,MOSAIC ACQUISITION CORP,27817.0,2850000.0,,,,
85207U105,Sold Out,SPRINT CORP,2289.0,350000.0,,,,
846784122,New Holding,SPARTAN ENERGY ACQUISITON CO,,,975.0,1000000.0,,
203668116,Not New,COMMUNITY HEALTH SYS INC NEW,1.0,1500000.0,27.0,4500000.0,26.0,3000000.0
81762P102,Sold Out,SERVICENOW INC,5634.0,28800.0,,,,
88023U101,Sold Out,TEMPUR SEALY INTL INC,2645.0,50000.0,,,,
88023U101,Sold Out,TEMPUR SEALY INTL INC,15870.0,300000.0,,,,
60855R100,New Holding,MOLINA HEALTHCARE INC,,,1162.0,10000.0,,
110122108,Sold Out,BRISTOL MYERS SQUIBB CO,1908.0,30734.0,,,,
718172109,Sold Out,PHILIP MORRIS INTL INC,791.0,9705.0,,,,
G1151C101,Sold Out,ACCENTURE PLC IRELAND,1680.0,9872.0,,,,
15135B101,New Holding,CENTENE CORP DEL,,,1557.0,13500.0,,
78464A870,New Holding,SPDR SERIES TRUST,,,6457.0,90000.0,,
87960WAA2,Not New,TELIGENT INC NEW,13447.0,18500000.0,19893.0,18500000.0,6446.0,0.0
071734107,Not New,BAUSCH HEALTH COS INC,924.0,50000.0,1284.0,50000.0,360.0,0.0
G3206V100,New Holding,ESTRE AMBIENTAL INC,,,298.0,210000.0,,
00767EAB8,Not New,AEGERION PHARMACEUTICALS INC,39530.0,52100000.0,44796.0,59000000.0,5266.0,6900000.0
172967424,Sold Out,CITIGROUP INC,4882.0,68045.0,,,,
55616P104,Sold Out,MACYS INC,5210.0,150000.0,,,,
17142R111,New Holding,CHURCHILL CAP CORP,,,1094.0,1250000.0,,
854502101,Not New,STANLEY BLACK & DECKER INC,479.0,4000.0,28204.0,192593.0,27725.0,188593.0
L5140P101,New Holding,INTELSAT S A,,,3743.0,175000.0,,
L5140P101,New Holding,INTELSAT S A,,,4636.0,216700.0,,
G22707122,New Holding,COLLIER CREEK HOLDINGS,,,12048.0,1200000.0,,
928254101,Sold Out,VIRTU FINL INC,9162.0,448000.0,,,,
02079K305,Sold Out,ALPHABET INC,8938.0,7405.0,,,,
00430H102,Sold Out,ACCELERATE DIAGNOSTICS INC,430.0,18700.0,,,,
88830X819,Not New,TITAN MED INC,238.0,195000.0,510.0,239500.0,272.0,44500.0
78463X202,New Holding,SPDR INDEX SHS FDS,,,608.0,18282.0,,
78463X202,New Holding,SPDR INDEX SHS FDS,,,2496.0,75000.0,,
78463X202,New Holding,SPDR INDEX SHS FDS,,,1281.0,38500.0,,
517834107,Not New,LAS VEGAS SANDS CORP,1963.0,37700.0,890.0,15000.0,-1073.0,-22700.0
G3157S106,New Holding,ENSCO PLC,,,1085.0,304725.0,,
G3157S106,New Holding,ENSCO PLC,,,6052.0,1700000.0,,
16166A103,New Holding,CHASERG TECHNLGY ACQUISITN C,,,9675.0,1000000.0,,
12572Q105,Sold Out,CME GROUP INC,7217.0,42400.0,,,,
12572Q105,Sold Out,CME GROUP INC,10213.0,60000.0,,,,
G66964118,Sold Out,OCEAN RIG UDW INC,4328.0,125000.0,,,,
526057302,New Holding,LENNAR CORP,,,480.0,15300.0,,
670002AB0,Not New,NOVAVAX INC,18354.0,30000000.0,18413.0,30000000.0,59.0,0.0
63845R107,Sold Out,NATIONAL VISION HLDGS INC,4514.0,100000.0,,,,
50186V102,Not New,LG DISPLAY CO LTD,1947.0,237742.0,1734.0,200000.0,-213.0,-37742.0
55354G100,Sold Out,MSCI INC,9864.0,55600.0,,,,
444097109,Sold Out,HUDSON PAC PPTYS INC,2897.0,88527.0,,,,
44332N106,Sold Out,HUAZHU GROUP LTD,3069.0,95000.0,,,,
966387409,New Holding,WHITING PETE CORP NEW,,,3148.0,138758.0,,
882508104,Sold Out,TEXAS INSTRS INC,3636.0,33890.0,,,,
48123VAC6,Not New,J2 GLOBAL INC,34350.0,30000000.0,25988.0,20000000.0,-8362.0,-10000000.0
80821R208,New Holding,SCHULTZE SPL PURP ACQUISITIO,,,4980.0,500000.0,,
702149105,New Holding,PARTY CITY HOLDCO INC,,,599.0,60000.0,,
17142R103,New Holding,CHURCHILL CAP CORP,,,23888.0,2500000.0,,
053484101,Sold Out,AVALONBAY CMNTYS INC,4891.0,27000.0,,,,
23291E117,Not New,DFB HEALTHCARE ACQUISTION CO,720.0,666666.0,986.0,666666.0,266.0,0.0
594918104,Not New,MICROSOFT CORP,4500.0,44300.0,27355.0,239178.0,22855.0,194878.0
026874784,Not New,AMERICAN INTL GROUP INC,5912.0,150000.0,12439.0,233632.0,6527.0,83632.0
026874784,Not New,AMERICAN INTL GROUP INC,5912.0,150000.0,14375.0,270000.0,8463.0,120000.0
382867117,Sold Out,GORES HLDGS II INC,1788.0,837499.0,,,,
744573106,Sold Out,PUBLIC SVC ENTERPRISE GROUP,1039.0,19687.0,,,,
229663109,Sold Out,CUBESMART,3715.0,130206.0,,,,
00856G117,Not New,AGROFRESH SOLUTIONS,375.0,2630755.0,402.0,2060500.0,27.0,-570255.0
78464A730,New Holding,SPDR SERIES TRUST,,,10612.0,400000.0,,
49338L103,New Holding,KEYSIGHT TECHNOLOGIES INC,,,776.0,12500.0,,
902653104,Sold Out,UDR INC,4558.0,112736.0,,,,
254687106,Sold Out,DISNEY WALT CO,4350.0,37195.0,,,,
00773U108,Not New,ADVERUM BIOTECHNOLOGIES INC,82.0,26030.0,908.0,150000.0,826.0,123970.0
36268WAF7,Not New,GAIN CAP HLDGS INC,6427.0,6500000.0,12597.0,12000000.0,6170.0,5500000.0
206704116,New Holding,CONCRETE PUMPING HLDGS INC,,,1742.0,2247100.0,,
91325V108,Not New,UNITI GROUP INC,797.0,51184.0,8060.0,400000.0,7263.0,348816.0
91325V108,Not New,UNITI GROUP INC,6228.0,400000.0,8060.0,400000.0,1832.0,0.0
40415F101,Not New,HDFC BANK LTD,5179.0,50000.0,2246.0,23867.0,-2933.0,-26133.0
88160RAD3,Sold Out,TESLA INC,5111.0,5000000.0,,,,
88160R101,Not New,TESLA INC,18956.0,56960.0,2344.0,8852.0,-16612.0,-48108.0
88160R101,Not New,TESLA INC,18956.0,56960.0,12312.0,46500.0,-6644.0,-10460.0
88160R101,Not New,TESLA INC,18070.0,54300.0,2344.0,8852.0,-15726.0,-45448.0
88160R101,Not New,TESLA INC,18070.0,54300.0,12312.0,46500.0,-5758.0,-7800.0
92840M102,Not New,VISTRA ENERGY CORP,6409.0,280000.0,8110.0,325950.0,1701.0,45950.0
M51363113,New Holding,MELLANOX TECHNOLOGIES LTD,,,1386.0,15000.0,,
518439104,Sold Out,LAUDER ESTEE COS INC,1824.0,12554.0,,,,
037411105,Not New,APACHE CORP,1447.0,55142.0,593.0,12442.0,-854.0,-42700.0
493267108,Sold Out,KEYCORP NEW,2852.0,143402.0,,,,
030506109,Not New,AMERICAN WOODMARK CORPORATIO,1179.0,21171.0,374.0,4771.0,-805.0,-16400.0
097023105,Sold Out,BOEING CO,2749.0,7391.0,,,,
464287655,New Holding,ISHARES TR,,,33475.0,250000.0,,
531229AF9,New Holding,LIBERTY MEDIA CORP DELAWARE,,,12805.0,12375000.0,,
30303M102,Sold Out,FACEBOOK INC,3906.0,23748.0,,,,
78377T107,Sold Out,RYMAN HOSPITALITY PPTYS INC,4653.0,54000.0,,,,
92532F100,Sold Out,VERTEX PHARMACEUTICALS INC,2742.0,14224.0,,,,
380237107,New Holding,GODADDY INC,,,28920.0,440720.0,,
416515104,Sold Out,HARTFORD FINL SVCS GROUP INC,15079.0,301820.0,,,,
31787A507,Sold Out,FINISAR CORP,972.0,51000.0,,,,
910873405,Not New,UNITED MICROELECTRONICS CORP,444.0,247998.0,640.0,247998.0,196.0,0.0
552676108,Not New,M D C HLDGS INC,2811.0,100000.0,2958.0,100000.0,147.0,0.0
45337C102,New Holding,INCYTE CORP,,,11249.0,176900.0,,
125509109,Sold Out,CIGNA CORPORATION,5299.0,25448.0,,,,
988498101,Sold Out,YUM BRANDS INC,1098.0,12079.0,,,,
701877102,Sold Out,PARSLEY ENERGY INC,1662.0,56828.0,,,,
464287440,New Holding,ISHARES TR,,,2605.0,25000.0,,
04014Y101,Sold Out,ARES MGMT LP,2903.0,125000.0,,,,
71375U101,Sold Out,PERFICIENT INC,2977.0,111702.0,,,,
674215AJ7,New Holding,OASIS PETE INC NEW,,,3100.0,3500000.0,,
674215108,Not New,OASIS PETE INC NEW,1742.0,314995.0,325.0,22900.0,-1417.0,-292095.0
674215108,Not New,OASIS PETE INC NEW,1051.0,190000.0,325.0,22900.0,-726.0,-167100.0
761152107,Not New,RESMED INC,911.0,8000.0,1084.0,9400.0,173.0,1400.0
761152107,Not New,RESMED INC,911.0,8000.0,2884.0,25000.0,1973.0,17000.0
761152107,Not New,RESMED INC,3416.0,30000.0,1084.0,9400.0,-2332.0,-20600.0
761152107,Not New,RESMED INC,3416.0,30000.0,2884.0,25000.0,-532.0,-5000.0
24983LAB0,Not New,DERMIRA INC,11929.0,15580000.0,12821.0,15450000.0,892.0,-130000.0
96145D105,Sold Out,WESTROCK CO,1683.0,31495.0,,,,
91324P102,Sold Out,UNITEDHEALTH GROUP INC,9983.0,37523.0,,,,
166764100,Not New,CHEVRON CORP NEW,5121.0,47075.0,961.0,7857.0,-4160.0,-39218.0
166764100,Not New,CHEVRON CORP NEW,5121.0,47075.0,12546.0,102600.0,7425.0,55525.0
166764100,Not New,CHEVRON CORP NEW,5121.0,47075.0,9195.0,75200.0,4074.0,28125.0
166764100,Not New,CHEVRON CORP NEW,59890.0,550500.0,961.0,7857.0,-58929.0,-542643.0
166764100,Not New,CHEVRON CORP NEW,59890.0,550500.0,12546.0,102600.0,-47344.0,-447900.0
166764100,Not New,CHEVRON CORP NEW,59890.0,550500.0,9195.0,75200.0,-50695.0,-475300.0
166764100,Not New,CHEVRON CORP NEW,13153.0,120900.0,961.0,7857.0,-12192.0,-113043.0
166764100,Not New,CHEVRON CORP NEW,13153.0,120900.0,12546.0,102600.0,-607.0,-18300.0
166764100,Not New,CHEVRON CORP NEW,13153.0,120900.0,9195.0,75200.0,-3958.0,-45700.0
35671D857,Not New,FREEPORT-MCMORAN INC,423.0,41000.0,1462.0,105000.0,1039.0,64000.0
87161C501,Sold Out,SYNOVUS FINL CORP,12638.0,276000.0,,,,
22943F100,New Holding,CTRIP COM INTL LTD,,,10538.0,389428.0,,
060505104,Not New,BANK AMER CORP,2144.0,87000.0,7926.0,269061.0,5782.0,182061.0
060505104,Not New,BANK AMER CORP,2144.0,87000.0,3877.0,131600.0,1733.0,44600.0
060505104,Not New,BANK AMER CORP,2144.0,87000.0,8269.0,280700.0,6125.0,193700.0
060505104,Not New,BANK AMER CORP,2176.0,88300.0,7926.0,269061.0,5750.0,180761.0
060505104,Not New,BANK AMER CORP,2176.0,88300.0,3877.0,131600.0,1701.0,43300.0
060505104,Not New,BANK AMER CORP,2176.0,88300.0,8269.0,280700.0,6093.0,192400.0
177376AD2,Sold Out,CITRIX SYS INC,61500.0,40000000.0,,,,
032095101,Sold Out,AMPHENOL CORP NEW,6299.0,66992.0,,,,
247361702,Not New,DELTA AIR LINES INC DEL,1098.0,22000.0,2356.0,40744.0,1258.0,18744.0
247361702,Not New,DELTA AIR LINES INC DEL,1098.0,22000.0,11051.0,191100.0,9953.0,169100.0
247361702,Not New,DELTA AIR LINES INC DEL,1098.0,22000.0,312.0,5400.0,-786.0,-16600.0
247361702,Not New,DELTA AIR LINES INC DEL,18259.0,365900.0,2356.0,40744.0,-15903.0,-325156.0
247361702,Not New,DELTA AIR LINES INC DEL,18259.0,365900.0,11051.0,191100.0,-7208.0,-174800.0
247361702,Not New,DELTA AIR LINES INC DEL,18259.0,365900.0,312.0,5400.0,-17947.0,-360500.0
247361702,Not New,DELTA AIR LINES INC DEL,4635.0,92900.0,2356.0,40744.0,-2279.0,-52156.0
247361702,Not New,DELTA AIR LINES INC DEL,4635.0,92900.0,11051.0,191100.0,6416.0,98200.0
247361702,Not New,DELTA AIR LINES INC DEL,4635.0,92900.0,312.0,5400.0,-4323.0,-87500.0
595112103,Not New,MICRON TECHNOLOGY INC,3300.0,104000.0,2243.0,49600.0,-1057.0,-54400.0
595112103,Not New,MICRON TECHNOLOGY INC,3300.0,104000.0,8192.0,181100.0,4892.0,77100.0
595112103,Not New,MICRON TECHNOLOGY INC,5746.0,181100.0,2243.0,49600.0,-3503.0,-131500.0
595112103,Not New,MICRON TECHNOLOGY INC,5746.0,181100.0,8192.0,181100.0,2446.0,0.0
81369Y506,New Holding,SELECT SECTOR SPDR TR,,,9778.0,170500.0,,
56585A102,Not New,MARATHON PETE CORP,3836.0,65000.0,1823.0,22795.0,-2013.0,-42205.0
31620M106,Sold Out,FIDELITY NATL INFORMATION SV,3004.0,27543.0,,,,
80105N113,Not New,SANOFI,4556.0,9494367.0,4685.0,8900881.0,129.0,-593486.0
855244109,Sold Out,STARBUCKS CORP,6355.0,111800.0,,,,
855244109,Sold Out,STARBUCKS CORP,5013.0,88200.0,,,,
143130102,Sold Out,CARMAX INC,5227.0,70000.0,,,,
36191GAB3,Not New,GNC HLDGS INC,7151.0,10000000.0,8959.0,11495000.0,1808.0,1495000.0
81727UAA3,Not New,SENSEONICS HLDGS INC,20769.0,19000000.0,30471.0,19000000.0,9702.0,0.0
88025T102,New Holding,TENABLE HLDGS INC,,,3607.0,162540.0,,
171871502,New Holding,CINCINNATI BELL INC NEW,,,664.0,85379.0,,
629076118,Not New,NEBULA ACQUISITION CORP,484.0,433333.0,564.0,433333.0,80.0,0.0
78516C106,Not New,SABAN CAP ACQUISITION CORP,10120.0,1000000.0,20736.0,2050000.0,10616.0,1050000.0
00912XAK0,Sold Out,AIR LEASE CORP,44302.0,28151000.0,,,,
446150104,Sold Out,HUNTINGTON BANCSHARES INC,15815.0,1060000.0,,,,
989701107,Not New,ZIONS BANCORPORATION N A,35415.0,869300.0,40120.0,800000.0,4705.0,-69300.0
037833100,Sold Out,APPLE INC,14694.0,65093.0,,,,
98850P109,Sold Out,YUM CHINA HLDGS INC,1457.0,41500.0,,,,
74736A103,Sold Out,QTS RLTY TR INC,4226.0,99033.0,,,,
25470F302,Not New,DISCOVERY INC,537.0,23300.0,1184.0,40000.0,647.0,16700.0
151020104,Sold Out,CELGENE CORP,991.0,11070.0,,,,
00770K202,Not New,AEMETIS INC,0.0,70768.0,0.0,70768.0,0.0,0.0
902104AB4,New Holding,II VI INC,,,9716.0,10000000.0,,
11120U105,Sold Out,BRIXMOR PPTY GROUP INC,4955.0,283000.0,,,,
745867101,Not New,PULTE GROUP INC,20792.0,800000.0,9908.0,400000.0,-10884.0,-400000.0
949746101,Sold Out,WELLS FARGO CO NEW,5487.0,104392.0,,,,
149123101,Sold Out,CATERPILLAR INC DEL,4169.0,27343.0,,,,
78573M104,Sold Out,SABRE CORP,8476.0,325000.0,,,,
46187W107,Sold Out,INVITATION HOMES INC,13731.0,599381.0,,,,
384278115,New Holding,GRAF INDL CORP,,,593.0,1500000.0,,
N72482AA5,Not New,QIAGEN NV,59159.0,48800000.0,55338.0,41800000.0,-3821.0,-7000000.0
26884L109,Sold Out,EQT CORP,13937.0,315100.0,,,,
26884L109,Sold Out,EQT CORP,4424.0,100000.0,,,,
761299106,Not New,RETROPHIN INC,1474.0,65146.0,3478.0,121041.0,2004.0,55895.0
761299106,Not New,RETROPHIN INC,1474.0,65146.0,1123.0,39100.0,-351.0,-26046.0
761299106,Not New,RETROPHIN INC,885.0,39100.0,3478.0,121041.0,2593.0,81941.0
761299106,Not New,RETROPHIN INC,885.0,39100.0,1123.0,39100.0,238.0,0.0
617446448,Sold Out,MORGAN STANLEY,12650.0,271619.0,,,,
617446448,Sold Out,MORGAN STANLEY,11694.0,251100.0,,,,
617446448,Sold Out,MORGAN STANLEY,4014.0,86200.0,,,,
277432100,Sold Out,EASTMAN CHEM CO,2331.0,24352.0,,,,
464287432,Not New,ISHARES TR,11130.0,91600.0,2932.0,25000.0,-8198.0,-66600.0
464287432,Not New,ISHARES TR,11130.0,91600.0,25787.0,219900.0,14657.0,128300.0
464287432,Not New,ISHARES TR,11130.0,91600.0,15268.0,130200.0,4138.0,38600.0
464287432,Not New,ISHARES TR,15821.0,130200.0,2932.0,25000.0,-12889.0,-105200.0
464287432,Not New,ISHARES TR,15821.0,130200.0,25787.0,219900.0,9966.0,89700.0
464287432,Not New,ISHARES TR,15821.0,130200.0,15268.0,130200.0,-553.0,0.0
531229607,New Holding,LIBERTY MEDIA CORP DELAWARE,,,19045.0,515000.0,,
98954M101,Not New,ZILLOW GROUP INC,1827.0,58150.0,288.0,6516.0,-1539.0,-51634.0
075896100,Not New,BED BATH & BEYOND INC,736.0,65000.0,975.0,65000.0,239.0,0.0
33616C100,Sold Out,FIRST REP BK SAN FRANCISCO C,1674.0,17435.0,,,,
192446102,Not New,COGNIZANT TECHNOLOGY SOLUTIO,4824.0,76000.0,5312.0,68850.0,488.0,-7150.0
35906A306,Sold Out,FRONTIER COMMUNICATIONS CORP,90.0,13930.0,,,,
26483E100,Sold Out,DUN & BRADSTREET CORP DEL NE,6256.0,43900.0,,,,
05502L105,Not New,AZURRX BIOPHARMA INC,159.0,131456.0,338.0,131456.0,179.0,0.0
64110L106,Not New,NETFLIX INC,1338.0,5000.0,3728.0,9966.0,2390.0,4966.0
64110L106,Not New,NETFLIX INC,1338.0,5000.0,1871.0,5000.0,533.0,0.0
92840M128,Sold Out,VISTRA ENERGY CORP,2074.0,1406131.0,,,,
808513105,Sold Out,SCHWAB CHARLES CORP NEW,738.0,15023.0,,,,
24983L104,New Holding,DERMIRA INC,,,2083.0,289700.0,,
110394AF0,Not New,BRISTOW GROUP INC,5737.0,15000000.0,15244.0,15000000.0,9507.0,0.0
58933Y105,Sold Out,MERCK & CO INC,3660.0,51590.0,,,,
872590104,Sold Out,T MOBILE US INC,2664.0,37966.0,,,,
512807108,New Holding,LAM RESEARCH CORP,,,2806.0,20600.0,,
62952QAB6,Not New,NXP SEMICONDUCTORS N V,5015.0,5000000.0,5213.0,5000000.0,198.0,0.0
20605P101,Sold Out,CONCHO RES INC,785.0,5137.0,,,,
552697104,Not New,MDC PARTNERS INC,1291.0,494602.0,253.0,60920.0,-1038.0,-433682.0
79466L302,Sold Out,SALESFORCE COM INC,4852.0,30509.0,,,,
094235108,Sold Out,BLOOMIN BRANDS INC,5442.0,275000.0,,,,
375558103,Sold Out,GILEAD SCIENCES INC,2435.0,31541.0,,,,
38286G117,New Holding,GORES HOLDINGS III INC,,,577.0,501800.0,,
45168D104,Sold Out,IDEXX LABS INC,4244.0,17000.0,,,,
630104107,New Holding,NANTHEALTH INC,,,394.0,724615.0,,
68621F110,New Holding,ORGANOGENESIS HLDGS INC,,,686.0,3345000.0,,
461202103,Sold Out,INTUIT,874.0,3843.0,,,,
25470F104,Sold Out,DISCOVERY INC,1730.0,54076.0,,,,
758849103,Sold Out,REGENCY CTRS CORP,7211.0,111500.0,,,,
89469A104,Not New,TREEHOUSE FOODS INC,749.0,14769.0,1029.0,21500.0,280.0,6731.0
04685W103,Sold Out,ATHENAHEALTH INC,16032.0,120000.0,,,,
04685W103,Sold Out,ATHENAHEALTH INC,16032.0,120000.0,,,,
58518F109,Sold Out,MEGALITH FINL ACQUISITION CO,2379.0,250000.0,,,,
37890U108,Not New,GLOBAL BLOOD THERAPEUTICS IN,2053.0,50000.0,2684.0,70635.0,631.0,20635.0
966387AL6,Not New,WHITING PETE CORP NEW,8509.0,9000000.0,3836.0,4000000.0,-4673.0,-5000000.0
26078J100,Not New,DOWDUPONT INC,9466.0,177000.0,17585.0,273438.0,8119.0,96438.0
302491303,Not New,F M C CORP,5547.0,75000.0,9355.0,107310.0,3808.0,32310.0
G7126L118,Not New,PLATINUM EAGLE ACQUISITIN CO,272.0,231900.0,650.0,500000.0,378.0,268100.0
G18920101,Not New,CAPITOL INVT CORP IV,15363.0,1537895.0,12885.0,1299549.0,-2478.0,-238346.0
G0177J108,Sold Out,ALLERGAN PLC,2677.0,14055.0,,,,
90184L102,New Holding,TWITTER INC,,,6009.0,209086.0,,
58518F117,Not New,MEGALITH FINL ACQUISITION CO,275.0,600000.0,138.0,250000.0,-137.0,-350000.0
554382101,Sold Out,MACERICH CO,5335.0,96500.0,,,,
98138H101,Sold Out,WORKDAY INC,551.0,3775.0,,,,
23291E109,Not New,DFB HEALTHCARE ACQUISTION CO,19620.0,1999998.0,19470.0,1999998.0,-150.0,0.0
674599105,Not New,OCCIDENTAL PETE CORP DEL,1640.0,26712.0,6348.0,77255.0,4708.0,50543.0
674599105,Not New,OCCIDENTAL PETE CORP DEL,8194.0,133500.0,6348.0,77255.0,-1846.0,-56245.0
674599105,Not New,OCCIDENTAL PETE CORP DEL,3376.0,55000.0,6348.0,77255.0,2972.0,22255.0
682189AK1,Sold Out,ON SEMICONDUCTOR CORP,29064.0,25000000.0,,,,
153527205,New Holding,CENTRAL GARDEN & PET CO,,,4717.0,150960.0,,
01609W102,Not New,ALIBABA GROUP HLDG LTD,4112.0,30000.0,2488.0,15100.0,-1624.0,-14900.0
01609W102,Not New,ALIBABA GROUP HLDG LTD,4112.0,30000.0,82380.0,500000.0,78268.0,470000.0
01609W102,Not New,ALIBABA GROUP HLDG LTD,34268.0,250000.0,2488.0,15100.0,-31780.0,-234900.0
01609W102,Not New,ALIBABA GROUP HLDG LTD,34268.0,250000.0,82380.0,500000.0,48112.0,250000.0
531229AB8,Not New,LIBERTY MEDIA CORP DELAWARE,32222.0,30000000.0,31655.0,26000000.0,-567.0,-4000000.0
024061103,New Holding,AMERICAN AXLE & MFG HLDGS IN,,,5003.0,450746.0,,
56400P706,New Holding,MANNKIND CORP,,,2649.0,2499491.0,,
127686103,New Holding,CAESARS ENTMT CORP,,,679.0,100000.0,,
871639308,Not New,SYNERGY PHARMACEUTICALS DEL,12.0,100000.0,170.0,100000.0,158.0,0.0
871639308,Not New,SYNERGY PHARMACEUTICALS DEL,12.0,100000.0,170.0,100000.0,158.0,0.0
249908AA2,New Holding,ASSERTIO THERAPEUTICS INC,,,41615.0,61000000.0,,
00817Y108,Sold Out,AETNA INC NEW,24342.0,120000.0,,,,
532457108,Sold Out,LILLY ELI & CO,2874.0,26779.0,,,,
693656100,Sold Out,PVH CORP,14313.0,99121.0,,,,
97650W108,Sold Out,WINTRUST FINL CORP,8749.0,103000.0,,,,
43300A203,New Holding,HILTON WORLDWIDE HLDGS INC,,,6906.0,96187.0,,
N31738102,Not New,FIAT CHRYSLER AUTOMOBILES N,54083.0,3737500.0,52705.0,3010000.0,-1378.0,-727500.0
N31738102,Not New,FIAT CHRYSLER AUTOMOBILES N,54083.0,3737500.0,33231.0,1889250.0,-20852.0,-1848250.0
N31738102,Not New,FIAT CHRYSLER AUTOMOBILES N,54083.0,3737500.0,126977.0,7233628.0,72894.0,3496128.0
N31738102,Not New,FIAT CHRYSLER AUTOMOBILES N,44816.0,3092700.0,52705.0,3010000.0,7889.0,-82700.0
N31738102,Not New,FIAT CHRYSLER AUTOMOBILES N,44816.0,3092700.0,33231.0,1889250.0,-11585.0,-1203450.0
N31738102,Not New,FIAT CHRYSLER AUTOMOBILES N,44816.0,3092700.0,126977.0,7233628.0,82161.0,4140928.0
N31738102,Not New,FIAT CHRYSLER AUTOMOBILES N,79034.0,5461200.0,52705.0,3010000.0,-26329.0,-2451200.0
N31738102,Not New,FIAT CHRYSLER AUTOMOBILES N,79034.0,5461200.0,33231.0,1889250.0,-45803.0,-3571950.0
N31738102,Not New,FIAT CHRYSLER AUTOMOBILES N,79034.0,5461200.0,126977.0,7233628.0,47943.0,1772428.0
02156K103,New Holding,ALTICE USA INC,,,14985.0,907055.0,,
044186104,Not New,ASHLAND GLOBAL HLDGS INC,18733.0,264000.0,25310.0,301808.0,6577.0,37808.0
044186104,Not New,ASHLAND GLOBAL HLDGS INC,18733.0,264000.0,11564.0,137900.0,-7169.0,-126100.0
073685109,Not New,BEACON ROOFING SUPPLY INC,460.0,14490.0,2081.0,57500.0,1621.0,43010.0
032511107,New Holding,ANADARKO PETE CORP,,,2192.0,50000.0,,
846784114,Sold Out,SPARTAN ENERGY ACQUISITON CO,30435.0,3000000.0,,,,
45104G104,New Holding,ICICI BK LTD,,,3215.0,312460.0,,
082053307,Not New,BENITEC BIOPHARMA LTD,410.0,273010.0,647.0,273010.0,237.0,0.0
61946M100,New Holding,MOSAIC ACQUISITION CORP,,,27856.0,2849700.0,,
46005L119,Sold Out,INTERNATIONAL MNY EXPRESS IN,328.0,140000.0,,,,
731094108,Sold Out,POLARITYTE INC,669.0,35000.0,,,,
G3165V117,New Holding,ARYA SCIENCES ACQUISITION CO,,,4644.0,450000.0,,
958102105,New Holding,WESTERN DIGITAL CORP,,,924.0,25000.0,,
L8681T102,Not New,SPOTIFY TECHNOLOGY S A,2039.0,17965.0,4214.0,23300.0,2175.0,5335.0
647581107,New Holding,NEW ORIENTAL ED & TECH GRP I,,,3124.0,57000.0,,
171779AJ0,Sold Out,CIENA CORP,33291.0,21500000.0,,,,
81728P113,New Holding,SENTINEL ENERGY SVCS INC,,,1058.0,1275000.0,,
24703L103,Sold Out,DELL TECHNOLOGIES INC,9712.0,100000.0,,,,
81663N206,Sold Out,SEMICONDUCTOR MFG INTL CORP,271.0,50000.0,,,,
92243N111,Not New,VECTOIQ ACQUISITION CORP,456.0,980700.0,598.0,980700.0,142.0,0.0
98462Y100,Not New,YAMANA GOLD INC,421.0,178200.0,436.0,175000.0,15.0,-3200.0
45667GAC7,New Holding,INFINERA CORPORATION,,,8463.0,11603000.0,,
48242W106,New Holding,KBR INC,,,3567.0,235000.0,,
87901J105,Not New,TEGNA INC,433.0,39802.0,2264.0,189284.0,1831.0,149482.0
30607B208,Sold Out,FALCON MINERALS CORP,24.0,13900.0,,,,
65366HAB9,Not New,NICE SYS INC,27484.0,20000000.0,35511.0,24800000.0,8027.0,4800000.0
30041R108,Not New,EVERQUOTE INC,1095.0,261900.0,4161.0,280000.0,3066.0,18100.0
G47791101,Sold Out,INGERSOLL-RAND PLC,1157.0,11311.0,,,,
G8250R129,Not New,SOCIAL CAP HEDOSOPHIA HLDGS,854.0,1220337.0,840.0,792817.0,-14.0,-427520.0
25501G121,Sold Out,DITECH HLDG CORP,31.0,238943.0,,,,
70450Y103,Not New,PAYPAL HLDGS INC,4101.0,48766.0,2799.0,31868.0,-1302.0,-16898.0
826919AB8,New Holding,SILICON LABORATORIES INC,,,15895.0,15000000.0,,
983134107,New Holding,WYNN RESORTS LTD,,,1652.0,16700.0,,
92211L105,Sold Out,VANTAGE ENERGY ACQUISITION,5997.0,599998.0,,,,
61946M118,New Holding,MOSAIC ACQUISITION CORP,,,989.0,950000.0,,
G73268107,Not New,QUOTIENT LTD,18382.0,3003433.0,15375.0,2036337.0,-3007.0,-967096.0
053332102,Sold Out,AUTOZONE INC,2530.0,3261.0,,,,
464288513,New Holding,ISHARES TR,,,10481.0,129243.0,,
09062X103,Sold Out,BIOGEN INC,2647.0,7491.0,,,,
384278107,New Holding,GRAF INDL CORP,,,14415.0,1500000.0,,
02376R102,Not New,AMERICAN AIRLS GROUP INC,899.0,28000.0,1170.0,28305.0,271.0,305.0
02376R102,Not New,AMERICAN AIRLS GROUP INC,899.0,28000.0,17252.0,417400.0,16353.0,389400.0
02376R102,Not New,AMERICAN AIRLS GROUP INC,3211.0,100000.0,1170.0,28305.0,-2041.0,-71695.0
02376R102,Not New,AMERICAN AIRLS GROUP INC,3211.0,100000.0,17252.0,417400.0,14041.0,317400.0
02376R102,Not New,AMERICAN AIRLS GROUP INC,1503.0,46800.0,1170.0,28305.0,-333.0,-18495.0
02376R102,Not New,AMERICAN AIRLS GROUP INC,1503.0,46800.0,17252.0,417400.0,15749.0,370600.0
690742101,Not New,OWENS CORNING NEW,2859.0,65000.0,2714.0,50000.0,-145.0,-15000.0
25501G113,Sold Out,DITECH HLDG CORP,84.0,298764.0,,,,
98954M200,Sold Out,ZILLOW GROUP INC,1227.0,27732.0,,,,
78463V107,Not New,SPDR GOLD TRUST,36375.0,300000.0,16914.0,150000.0,-19461.0,-150000.0
579489303,Not New,MCCLATCHY CO,101.0,13206.0,112.0,13206.0,11.0,0.0
92511U102,New Holding,VERRA MOBILITY CORP,,,488.0,50001.0,,
12528N206,New Holding,CF FIN ACQUISITION CORP,,,12506.0,1250000.0,,
92343V104,Sold Out,VERIZON COMMUNICATIONS INC,3434.0,64321.0,,,,
960413102,New Holding,WESTLAKE CHEM CORP,,,1986.0,30000.0,,
867914103,Sold Out,SUNTRUST BKS INC,3134.0,46919.0,,,,
92826C839,Not New,VISA INC,3694.0,28000.0,8220.0,54769.0,4526.0,26769.0
57164Y107,Not New,MARRIOTT VACATIONS WRLDWDE C,6522.0,92500.0,15477.0,138500.0,8955.0,46000.0
74275G115,Sold Out,PRIORITY TECHNOLOGY HLDGS IN,35.0,22909.0,,,,
82481R106,Not New,SHIRE PLC,8702.0,50000.0,16315.0,90000.0,7613.0,40000.0
75606NAB5,Not New,REALPAGE INC,9700.0,7500000.0,41238.0,25222000.0,31538.0,17722000.0
G8250R103,Not New,SOCIAL CAP HEDOSOPHIA HLDGS,25987.0,2600000.0,29715.0,3000000.0,3728.0,400000.0
881624209,Not New,TEVA PHARMACEUTICAL INDS LTD,15420.0,1000000.0,21540.0,1000000.0,6120.0,0.0
50200K116,Not New,LF CAP ACQUISITION CORP,425.0,1000000.0,315.0,600000.0,-110.0,-400000.0
025816109,Sold Out,AMERICAN EXPRESS CO,1203.0,11293.0,,,,
00165R200,New Holding,AMCI ACQUISITION CORP,,,9955.0,1000000.0,,
78516C114,Not New,SABAN CAP ACQUISITION CORP,481.0,875000.0,1072.0,875000.0,591.0,0.0
278768106,New Holding,ECHOSTAR CORP,,,5094.0,138736.0,,
Q9235V101,New Holding,TRONOX LTD,,,537.0,69000.0,,
007800AB1,New Holding,AEROJET ROCKETDYNE HLDGS INC,,,16945.0,11500000.0,,
36251C103,Not New,GMS INC,3648.0,245500.0,5696.0,245500.0,2048.0,0.0
756577102,New Holding,RED HAT INC,,,14929.0,85000.0,,
48661U102,Sold Out,KAYNE ANDERSON ACQUISITION,11837.0,1167312.0,,,,
11282X103,Sold Out,BROOKFIELD PROPERTY REIT INC,2477.0,118337.0,,,,
912909108,Sold Out,UNITED STATES STL CORP NEW,543.0,17800.0,,,,
629076100,Not New,NEBULA ACQUISITION CORP,12772.0,1299999.0,12636.0,1299999.0,-136.0,0.0
881569AA5,Not New,TESARO INC,45800.0,21054000.0,8153.0,6129000.0,-37647.0,-14925000.0
534187109,Sold Out,LINCOLN NATL CORP IND,3326.0,49154.0,,,,
534187109,Sold Out,LINCOLN NATL CORP IND,10826.0,160000.0,,,,
G9329Z100,Sold Out,VENATOR MATLS PLC,900.0,100000.0,,,,
03349M105,Sold Out,ANDEAVOR,2497.0,16270.0,,,,
51476W115,Sold Out,LANDCADIA HLDGS INC,344.0,300000.0,,,,
913903100,Sold Out,UNIVERSAL HLTH SVCS INC,1023.0,8002.0,,,,
084670702,Sold Out,BERKSHIRE HATHAWAY INC DEL,2551.0,11914.0,,,,
701094104,Sold Out,PARKER HANNIFIN CORP,2311.0,12563.0,,,,
751212101,Not New,RALPH LAUREN CORP,10149.0,98100.0,20633.0,150000.0,10484.0,51900.0
957638109,Sold Out,WESTERN ALLIANCE BANCORP,7908.0,139000.0,,,,
50200K108,Sold Out,LF CAP ACQUISITION CORP,4790.0,500000.0,,,,
71426V306,Sold Out,PERNIX THERAPEUTICS HLDGS IN,11.0,11500.0,,,,
464287309,New Holding,ISHARES TR,,,1507.0,10000.0,,
717081103,Sold Out,PFIZER INC,9326.0,211629.0,,,,
79970Y105,New Holding,SANCHEZ ENERGY CORP,,,65.0,241431.0,,
65339F101,Sold Out,NEXTERA ENERGY INC,5258.0,31373.0,,,,
530307107,New Holding,LIBERTY BROADBAND CORP,,,11127.0,154954.0,,
19625XAB8,Not New,COLONY STARWOOD HOMES,16393.0,16000000.0,8273.0,7500000.0,-8120.0,-8500000.0
422806208,Not New,HEICO CORP NEW,1581.0,25100.0,2768.0,36662.0,1187.0,11562.0
81369Y308,New Holding,SELECT SECTOR SPDR TR,,,5612.0,110500.0,,
101137107,Sold Out,BOSTON SCIENTIFIC CORP,4292.0,111475.0,,,,
531229409,Not New,LIBERTY MEDIA CORP DELAWARE,1284.0,34900.0,3254.0,74912.0,1970.0,40012.0
571903202,Not New,MARRIOTT INTL INC NEW,1357.0,12500.0,5162.0,39100.0,3805.0,26600.0
571903202,Not New,MARRIOTT INTL INC NEW,10487.0,96600.0,5162.0,39100.0,-5325.0,-57500.0
G0726L125,Sold Out,AVISTA HEALTHCARE PUB ACQ CO,10216.0,1010000.0,,,,
761283AC4,Sold Out,RESTORATION HARDWARE HLDGS I,9263.0,7500000.0,,,,
449575AB5,Sold Out,IGI LABORATORIES INC,36460.0,38078000.0,,,,
16119P108,Sold Out,CHARTER COMMUNICATIONS INC N,3478.0,10672.0,,,,
438516106,Sold Out,HONEYWELL INTL INC,5027.0,30213.0,,,,
92189F718,Sold Out,VANECK VECTORS ETF TR,7557.0,300000.0,,,,
37045V100,Not New,GENERAL MTRS CO,3011.0,90000.0,5051.0,150000.0,2040.0,60000.0
37045V100,Not New,GENERAL MTRS CO,3011.0,90000.0,1242.0,36900.0,-1769.0,-53100.0
37045V100,Not New,GENERAL MTRS CO,14552.0,435000.0,5051.0,150000.0,-9501.0,-285000.0
37045V100,Not New,GENERAL MTRS CO,14552.0,435000.0,1242.0,36900.0,-13310.0,-398100.0
37045V100,Not New,GENERAL MTRS CO,10266.0,306900.0,5051.0,150000.0,-5215.0,-156900.0
37045V100,Not New,GENERAL MTRS CO,10266.0,306900.0,1242.0,36900.0,-9024.0,-270000.0
40414L109,Sold Out,HCP INC,8554.0,325000.0,,,,
654106103,Not New,NIKE INC,482.0,6500.0,2508.0,29600.0,2026.0,23100.0
30734W117,Not New,FAR PT ACQUISITION CORP,865.0,665062.0,1047.0,665062.0,182.0,0.0
595112AY9,New Holding,MICRON TECHNOLOGY INC,,,7203.0,6500000.0,,
38286G208,Sold Out,GORES HOLDINGS III INC,15400.0,1505400.0,,,,
464287234,Not New,ISHARES TR,11718.0,300000.0,1096.0,25530.0,-10622.0,-274470.0
55306N104,Not New,MKS INSTRUMENT INC,6544.0,101296.0,6839.0,85320.0,295.0,-15976.0
55306N104,Not New,MKS INSTRUMENT INC,6544.0,101296.0,2645.0,33000.0,-3899.0,-68296.0
55306N104,Not New,MKS INSTRUMENT INC,4263.0,66000.0,6839.0,85320.0,2576.0,19320.0
55306N104,Not New,MKS INSTRUMENT INC,4263.0,66000.0,2645.0,33000.0,-1618.0,-33000.0
G6485P124,Not New,NEW FRONTIER CORP,671.0,750000.0,570.0,499890.0,-101.0,-250110.0
440543106,Not New,HORNBECK OFFSHORE SVCS INC N,549.0,381503.0,2243.0,381503.0,1694.0,0.0
G4182A102,Not New,GTY TECHNOLOGY HOLDINGS INC,7262.0,728000.0,20936.0,2066697.0,13674.0,1338697.0
165167CY1,Not New,CHESAPEAKE ENERGY CORP,3219.0,4000000.0,3951.0,4000000.0,732.0,0.0
03842B101,Not New,AQUINOX PHARMACEUTICALS INC,1633.0,755774.0,1407.0,480108.0,-226.0,-275666.0
16166A111,New Holding,CHASERG TECHNLGY ACQUISITN C,,,340.0,500000.0,,
369604103,New Holding,GENERAL ELECTRIC CO,,,4164.0,550000.0,,
83175M205,Sold Out,SMITH & NEPHEW PLC,3338.0,90010.0,,,,
G1154H107,New Holding,BELMOND LTD,,,2128.0,85000.0,,
876030107,Sold Out,TAPESTRY INC,8797.0,175000.0,,,,
452327109,New Holding,ILLUMINA INC,,,660.0,2200.0,,
015271109,Sold Out,ALEXANDRIA REAL ESTATE EQ IN,7145.0,56800.0,,,,
00846U101,Sold Out,AGILENT TECHNOLOGIES INC,1503.0,21300.0,,,,
168905107,Sold Out,CHILDRENS PL INC,5751.0,45000.0,,,,
78410G104,Sold Out,SBA COMMUNICATIONS CORP NEW,4291.0,26715.0,,,,
N72482123,Sold Out,QIAGEN NV,13121.0,346509.0,,,,
44109J114,Not New,HOSTESS BRANDS INC,8362.0,9040000.0,7992.0,7575000.0,-370.0,-1465000.0
901109108,Not New,TUTOR PERINI CORP,339.0,21200.0,399.0,21200.0,60.0,0.0
655844108,Not New,NORFOLK SOUTHERN CORP,434.0,2905.0,5911.0,32747.0,5477.0,29842.0
655844108,Not New,NORFOLK SOUTHERN CORP,434.0,2905.0,2761.0,15300.0,2327.0,12395.0
655844108,Not New,NORFOLK SOUTHERN CORP,7103.0,47500.0,5911.0,32747.0,-1192.0,-14753.0
655844108,Not New,NORFOLK SOUTHERN CORP,7103.0,47500.0,2761.0,15300.0,-4342.0,-32200.0
655844108,Not New,NORFOLK SOUTHERN CORP,3679.0,24600.0,5911.0,32747.0,2232.0,8147.0
655844108,Not New,NORFOLK SOUTHERN CORP,3679.0,24600.0,2761.0,15300.0,-918.0,-9300.0
G48833100,Not New,WEATHERFORD INTL PLC,56.0,100000.0,505.0,186300.0,449.0,86300.0
G89827128,Not New,TPG PACE HLDGS CORP,24975.0,2500000.0,27461.0,2725654.0,2486.0,225654.0
55825T103,New Holding,MADISON SQUARE GARDEN CO NEW,,,5835.0,21798.0,,
96208T104,Sold Out,WEX INC,2291.0,11411.0,,,,
440543AN6,Not New,HORNBECK OFFSHORE SVCS INC N,11695.0,13151000.0,10995.0,12476000.0,-700.0,-675000.0
609207105,Sold Out,MONDELEZ INTL INC,4813.0,112041.0,,,,
G4182A128,Not New,GTY TECHNOLOGY HOLDINGS INC,332.0,491666.0,616.0,492666.0,284.0,1000.0
535919500,New Holding,LIONS GATE ENTMNT CORP,,,1414.0,95000.0,,
629377508,Not New,NRG ENERGY INC,3960.0,100000.0,6919.0,185000.0,2959.0,85000.0
629377508,Not New,NRG ENERGY INC,3960.0,100000.0,6919.0,185000.0,2959.0,85000.0
87336U105,Sold Out,TABLEAU SOFTWARE INC,3129.0,28000.0,,,,
M75253100,Sold Out,ORBOTECH LTD,4363.0,73403.0,,,,
34986F103,Not New,FORUM MERGER II CORP,11177.0,1155855.0,14318.0,1500000.0,3141.0,344145.0
11135F101,Sold Out,BROADCOM INC,7997.0,32410.0,,,,
700517105,Sold Out,PARK HOTELS RESORTS INC,3652.0,111269.0,,,,
38046CAB5,Not New,GOGO INC,38475.0,44224000.0,30842.0,32724000.0,-7633.0,-11500000.0
23283R100,Sold Out,CYRUSONE INC,2219.0,35000.0,,,,
31421V115,Not New,FEDERAL STR ACQUISITION CORP,432.0,576172.0,1016.0,700000.0,584.0,123828.0
436440101,Not New,HOLOGIC INC,10686.0,260000.0,22126.0,539900.0,11440.0,279900.0
436440101,Not New,HOLOGIC INC,4110.0,100000.0,22126.0,539900.0,18016.0,439900.0
G89827110,Not New,TPG PACE HLDGS CORP,1035.0,904185.0,1551.0,906750.0,516.0,2565.0
78486Q101,Sold Out,SVB FINL GROUP,1051.0,3380.0,,,,
78462F103,Not New,SPDR S&P 500 ETF TR,3749.0,15000.0,172107.0,592000.0,168358.0,577000.0
78462F103,Not New,SPDR S&P 500 ETF TR,3749.0,15000.0,130824.0,450000.0,127075.0,435000.0
78462F103,Not New,SPDR S&P 500 ETF TR,89972.0,360000.0,172107.0,592000.0,82135.0,232000.0
78462F103,Not New,SPDR S&P 500 ETF TR,89972.0,360000.0,130824.0,450000.0,40852.0,90000.0
78462F103,Not New,SPDR S&P 500 ETF TR,144954.0,580000.0,172107.0,592000.0,27153.0,12000.0
78462F103,Not New,SPDR S&P 500 ETF TR,144954.0,580000.0,130824.0,450000.0,-14130.0,-130000.0
65342H110,Sold Out,NEXEO SOLUTIONS INC,5882.0,5795000.0,,,,
538034109,New Holding,LIVE NATION ENTERTAINMENT IN,,,13497.0,274040.0,,
88160RAC5,Not New,TESLA INC,40509.0,36000000.0,20174.0,21000000.0,-20335.0,-15000000.0
20030N101,Sold Out,COMCAST CORP NEW,2172.0,61339.0,,,,
78464A714,New Holding,SPDR SERIES TRUST,,,2931.0,71500.0,,
45667G103,Sold Out,INFINERA CORPORATION,1922.0,263300.0,,,,
88160RAB7,Not New,TESLA INC,15610.0,15000000.0,34510.0,34750000.0,18900.0,19750000.0
023135106,Not New,AMAZON COM INC,21779.0,14500.0,25270.0,12616.0,3491.0,-1884.0
023135106,Not New,AMAZON COM INC,22079.0,14700.0,25270.0,12616.0,3191.0,-2084.0
320517105,Sold Out,FIRST HORIZON NATL CORP,8492.0,492000.0,,,,
499049104,Sold Out,KNIGHT SWIFT TRANSN HLDGS IN,3448.0,100000.0,,,,
45866F104,Sold Out,INTERCONTINENTAL EXCHANGE IN,2738.0,36556.0,,,,
461203AH4,Not New,INVACARE CORP,28672.0,42836000.0,31240.0,28000000.0,2568.0,-14836000.0
528877103,Sold Out,LEXINFINTECH HLDGS LTD,854.0,86000.0,,,,
G46408103,Sold Out,HUDSON LTD,3086.0,136795.0,,,,
382867109,Sold Out,GORES HLDGS II INC,23088.0,2175000.0,,,,
742718109,Sold Out,PROCTER AND GAMBLE CO,1941.0,23325.0,,,,
860372101,Sold Out,STEWART INFORMATION SVCS COR,5391.0,119777.0,,,,
88104R209,Not New,TERRAFORM PWR INC,8776.0,782191.0,17580.0,1522000.0,8804.0,739809.0
032654105,Sold Out,ANALOG DEVICES INC,3021.0,32676.0,,,,
595017AD6,Sold Out,MICROCHIP TECHNOLOGY INC,47004.0,31000000.0,,,,
G29183103,Sold Out,EATON CORP PLC,2392.0,27585.0,,,,
464287184,Not New,ISHARES TR,5084.0,130100.0,15942.0,372300.0,10858.0,242200.0
464287184,Not New,ISHARES TR,5084.0,130100.0,8067.0,188400.0,2983.0,58300.0
464287184,Not New,ISHARES TR,34616.0,885800.0,15942.0,372300.0,-18674.0,-513500.0
464287184,Not New,ISHARES TR,34616.0,885800.0,8067.0,188400.0,-26549.0,-697400.0
464287184,Not New,ISHARES TR,23487.0,601000.0,15942.0,372300.0,-7545.0,-228700.0
464287184,Not New,ISHARES TR,23487.0,601000.0,8067.0,188400.0,-15420.0,-412600.0
053774105,New Holding,AVIS BUDGET GROUP,,,3322.0,147780.0,,
778296103,Sold Out,ROSS STORES INC,1182.0,11930.0,,,,
32008D106,Sold Out,FIRST DATA CORP NEW,564.0,23062.0,,,,
021346101,New Holding,ALTABA INC,,,2433.0,42000.0,,
38141G104,Sold Out,GOLDMAN SACHS GROUP INC,1533.0,6838.0,,,,
38141G104,Sold Out,GOLDMAN SACHS GROUP INC,9642.0,43000.0,,,,
189464AC4,New Holding,CLOVIS ONCOLOGY INC,,,12670.0,18000000.0,,
G5876H105,Sold Out,MARVELL TECHNOLOGY GROUP LTD,2895.0,150000.0,,,,
46122T102,New Holding,INTREXON CORP,,,494.0,75400.0,,
76680R206,Sold Out,RINGCENTRAL INC,3769.0,40500.0,,,,
45782BAA2,Not New,INSEEGO CORP,28469.0,25466000.0,21314.0,19991000.0,-7155.0,-5475000.0
G81477104,New Holding,SINA CORP,,,2683.0,50000.0,,
630104AB3,Not New,NANTHEALTH INC,20632.0,35250000.0,20685.0,32800000.0,53.0,-2450000.0
713448108,Sold Out,PEPSICO INC,5343.0,47789.0,,,,
191216100,Sold Out,COCA COLA CO,2980.0,64512.0,,,,
V7780T103,Not New,ROYAL CARIBBEAN CRUISES LTD,4221.0,43164.0,1168.0,8988.0,-3053.0,-34176.0
48203R104,Sold Out,JUNIPER NETWORKS INC,2997.0,100000.0,,,,
911363109,New Holding,UNITED RENTALS INC,,,4316.0,42095.0,,
03990B101,New Holding,ARES MANAGEMENT CORPORATION,,,2307.0,129990.0,,
G3206V118,Not New,ESTRE AMBIENTAL INC,223.0,3300000.0,53.0,170000.0,-170.0,-3130000.0
413875105,Sold Out,HARRIS CORP DEL,1433.0,8470.0,,,,
38046YAB7,Not New,GOLAR LNG LTD,6025.0,6450000.0,26157.0,25000000.0,20132.0,18550000.0
80874P109,Not New,SCIENTIFIC GAMES CORP,1613.0,90214.0,1240.0,48800.0,-373.0,-41414.0
13462K109,Sold Out,CAMPING WORLD HLDGS INC,5330.0,250000.0,,,,
48251W104,Sold Out,KKR & CO INC,2727.0,100000.0,,,,
461203AF8,New Holding,INVACARE CORP,,,12970.0,18050000.0,,
84790A105,Not New,SPECTRUM BRANDS HLDGS INC NE,1770.0,41900.0,9611.0,128634.0,7841.0,86734.0
H84989104,New Holding,TE CONNECTIVITY LTD,,,3781.0,50000.0,,
L7257P205,New Holding,PACIFIC DRILLING SA LUXEMBOU,,,26827.0,2009575.0,,
21036P108,Sold Out,CONSTELLATION BRANDS INC,12053.0,55900.0,,,,
92337CAA2,New Holding,VERASTEM INC,,,17240.0,21625000.0,,
05337M104,New Holding,AVADEL PHARMACEUTICALS PLC,,,253.0,98000.0,,
36255F102,Not New,GS ACQUISITION HLDGS CORP,22028.0,2250000.0,21915.0,2250000.0,-113.0,0.0
02209S103,Sold Out,ALTRIA GROUP INC,3890.0,64508.0,,,,
H8817H100,Not New,TRANSOCEAN LTD,2134.0,307500.0,4290.0,307500.0,2156.0,0.0
558868105,Not New,MADRIGAL PHARMACEUTICALS INC,1550.0,13750.0,2141.0,10000.0,591.0,-3750.0
464287739,Sold Out,ISHARES TR,4001.0,50000.0,,,,
48661U110,Sold Out,KAYNE ANDERSON ACQUISITION,287.0,216666.0,,,,
06746L422,Not New,BARCLAYS BK PLC,70320.0,1500000.0,791.0,29660.0,-69529.0,-1470340.0
06746L422,Not New,BARCLAYS BK PLC,70320.0,1500000.0,36673.0,1375000.0,-33647.0,-125000.0
828806109,Sold Out,SIMON PPTY GROUP INC NEW,3864.0,21861.0,,,,
29476L107,Sold Out,EQUITY RESIDENTIAL,4572.0,69000.0,,,,
595017104,Not New,MICROCHIP TECHNOLOGY INC,2013.0,28000.0,1973.0,25000.0,-40.0,-3000.0
15189T107,Sold Out,CENTERPOINT ENERGY INC,4148.0,150000.0,,,,
235851102,Sold Out,DANAHER CORP DEL,4231.0,38943.0,,,,
G8857R126,New Holding,THUNDER BRIDGE ACQUISITION L,,,209.0,581914.0,,
00724F101,Sold Out,ADOBE SYS INC,5472.0,20267.0,,,,
001547108,Sold Out,AK STL HLDG CORP,808.0,164873.0,,,,
697900108,New Holding,PAN AMERICAN SILVER CORP,,,13299.0,910879.0,,
695263103,Sold Out,PACWEST BANCORP DEL,5861.0,123000.0,,,,
693475105,Sold Out,PNC FINL SVCS GROUP INC,13619.0,100000.0,,,,
535219117,Not New,LINDBLAD EXPEDITIONS HLDGS I,5112.0,1600000.0,3568.0,881000.0,-1544.0,-719000.0
25470M109,New Holding,DISH NETWORK CORP,,,3079.0,123325.0,,
67072V103,Sold Out,NXSTAGE MEDICAL INC,1959.0,70255.0,,,,
