CUSIP,status,NAME OF ISSUER,(x$1000)_old,PRN AMT_old,(x$1000),PRN AMT,(x$1000)_change,PRN AMT_change
00183L102,New Holding,ANGI HOMESERVICES INC,,,2625.0,170000.0,,
G16962105,Not New,BUNGE LIMITED,9045.0,170446.0,15070.0,282000.0,6025.0,111554.0
G16962105,Not New,BUNGE LIMITED,9045.0,170446.0,10688.0,200000.0,1643.0,29554.0
G16962105,Not New,BUNGE LIMITED,5307.0,100000.0,15070.0,282000.0,9763.0,182000.0
G16962105,Not New,BUNGE LIMITED,5307.0,100000.0,10688.0,200000.0,5381.0,100000.0
67066G104,Not New,NVIDIA CORP,2047.0,11400.0,6676.0,50000.0,4629.0,38600.0
62944T105,Sold Out,NVR INC,9936.0,4077.0,,,,
G18920127,Not New,CAPITOL INVT CORP IV,587.0,433183.0,438.0,433183.0,-149.0,0.0
25271C102,Sold Out,DIAMOND OFFSHORE DRILLING IN,2833.0,300100.0,,,,
11133T103,New Holding,BROADRIDGE FINL SOLUTIONS IN,,,2281.0,22000.0,,
G7126L100,Sold Out,PLATINUM EAGLE ACQUISITIN CO,15090.0,1500000.0,,,,
458660AD9,Not New,INTERDIGITAL INC,21010.0,20000000.0,21012.0,20000000.0,2.0,0.0
909214306,Not New,UNISYS CORP,2949.0,252739.0,558.0,48000.0,-2391.0,-204739.0
925550AB1,Not New,VIAVI SOLUTIONS INC,11269.0,10000000.0,14927.0,15000000.0,3658.0,5000000.0
25686H118,Not New,DOLPHIN ENTMT INC,5.0,110000.0,26.0,110000.0,21.0,0.0
10319T200,Sold Out,BOXWOOD MERGER CORP,8453.0,850000.0,,,,
054561105,Sold Out,AXA EQUITABLE HLDGS INC,697.0,41909.0,,,,
464286400,Sold Out,ISHARES INC,6360.0,166500.0,,,,
393222104,Not New,GREEN PLAINS INC,16511.0,989872.0,8731.0,665951.0,-7780.0,-323921.0
393222104,Not New,GREEN PLAINS INC,28356.0,1700000.0,8731.0,665951.0,-19625.0,-1034049.0
585464100,New Holding,MELCO RESORTS AND ENTMT LTD,,,15030.0,665351.0,,
00922RAB1,Sold Out,AIR TRANSPORT SERVICES GRP I,4762.0,5000000.0,,,,
548661107,Not New,LOWES COS INC,50727.0,463385.0,23432.0,253707.0,-27295.0,-209678.0
72582H107,New Holding,PIVOTAL SOFTWARE INC,,,21204.0,1016978.0,,
31811A309,Sold Out,FINTECH ACQUISITION CORP III,22523.0,2250000.0,,,,
584688AG0,New Holding,MEDICINES CO,,,3788.0,4500000.0,,
G22707114,New Holding,COLLIER CREEK HOLDINGS,,,523.0,418112.0,,
206787103,New Holding,CONDUENT INC,,,1798.0,130000.0,,
N72482AT4,Sold Out,QIAGEN NV,11919.0,12000000.0,,,,
56854Q101,Sold Out,MARINUS PHARMACEUTICALS INC,762.0,265567.0,,,,
05508R106,New Holding,B & G FOODS INC NEW,,,654.0,26800.0,,
44980X109,Not New,IPG PHOTONICS CORP,9107.0,60000.0,6797.0,60000.0,-2310.0,0.0
74365AAD3,Not New,PROTALIX BIOTHERAPEUTICS INC,17624.0,19407000.0,16272.0,19407000.0,-1352.0,0.0
222070203,New Holding,COTY INC,,,7015.0,610000.0,,
222070203,New Holding,COTY INC,,,5520.0,480000.0,,
81728P105,New Holding,SENTINEL ENERGY SVCS INC,,,5030.0,500000.0,,
043436104,New Holding,ASBURY AUTOMOTIVE GROUP INC,,,1167.0,16824.0,,
89400J107,Sold Out,TRANSUNION,2886.0,50812.0,,,,
25179M103,Sold Out,DEVON ENERGY CORP NEW,221.0,9800.0,,,,
379890106,Sold Out,GLU MOBILE INC,6410.0,794354.0,,,,
98919V105,New Holding,ZAYO GROUP HLDGS INC,,,6750.0,237500.0,,
98919V105,New Holding,ZAYO GROUP HLDGS INC,,,7105.0,250000.0,,
G6359F103,Not New,NABORS INDUSTRIES LTD,1112.0,323294.0,2091.0,1045633.0,979.0,722339.0
92922P106,New Holding,W & T OFFSHORE INC,,,2070.0,300000.0,,
989701115,Not New,ZIONS BANCORPORATION N A,66356.0,4998600.0,42055.0,4387534.0,-24301.0,-611066.0
22564L204,New Holding,CRESCENT ACQUISITION CORP,,,14955.0,1500000.0,,
00289Y115,Not New,ABEONA THERAPEUTICS INC,835.0,250000.0,788.0,250000.0,-47.0,0.0
91347P105,New Holding,UNIVERSAL DISPLAY CORP,,,12312.0,80550.0,,
256746108,Not New,DOLLAR TREE INC,9737.0,92694.0,32166.0,356130.0,22429.0,263436.0
G5494J103,New Holding,LINDE PLC,,,17925.0,102335.0,,
25280H209,New Holding,DIAMONDPEAK HLDGS COR,,,15010.0,1500000.0,,
45780VAB8,Not New,INOTEK PHARMACEUTICALS CORP,7148.0,7000000.0,11906.0,12600000.0,4758.0,5600000.0
90130A101,Sold Out,TWENTY FIRST CENTY FOX INC,9624.0,200000.0,,,,
90130A101,Sold Out,TWENTY FIRST CENTY FOX INC,5365.0,111500.0,,,,
G22707106,New Holding,COLLIER CREEK HOLDINGS,,,12196.0,1225703.0,,
806857108,Not New,SCHLUMBERGER LTD,8344.0,191500.0,1916.0,53100.0,-6428.0,-138400.0
806857108,Not New,SCHLUMBERGER LTD,8344.0,191500.0,9922.0,275000.0,1578.0,83500.0
806857108,Not New,SCHLUMBERGER LTD,8344.0,191500.0,1916.0,53100.0,-6428.0,-138400.0
806857108,Not New,SCHLUMBERGER LTD,2179.0,50000.0,1916.0,53100.0,-263.0,3100.0
806857108,Not New,SCHLUMBERGER LTD,2179.0,50000.0,9922.0,275000.0,7743.0,225000.0
806857108,Not New,SCHLUMBERGER LTD,2179.0,50000.0,1916.0,53100.0,-263.0,3100.0
846784106,Not New,SPARTAN ENERGY ACQUISITON CO,24550.0,2500000.0,28845.0,3000000.0,4295.0,500000.0
38286G109,Not New,GORES HOLDINGS III INC,24700.0,2500000.0,24238.0,2500000.0,-462.0,0.0
143658300,Sold Out,CARNIVAL CORP,7288.0,147837.0,,,,
75605Y106,New Holding,REALOGY HLDGS CORP,,,2086.0,183000.0,,
913017109,Not New,UNITED TECHNOLOGIES CORP,7089.0,55000.0,7187.0,67500.0,98.0,12500.0
G6772P100,New Holding,ONE MADISON CORP,,,12788.0,1250000.0,,
04010LAW3,New Holding,ARES CAP CORP,,,4966.0,5000000.0,,
34986F111,Not New,FORUM MERGER II CORP,654.0,1500000.0,653.0,1500000.0,-1.0,0.0
67020YAN0,Not New,NUANCE COMMUNICATIONS INC,19887.0,20000000.0,14120.0,16000000.0,-5767.0,-4000000.0
12528N107,New Holding,CF FIN ACQUISITION CORP,,,12408.0,1250000.0,,
833034101,Not New,SNAP ON INC,642.0,4100.0,872.0,6000.0,230.0,1900.0
21241B100,Not New,CONTURA ENERGY INC,58428.0,1008779.0,56351.0,857186.0,-2077.0,-151593.0
009728106,New Holding,AKORN INC,,,354.0,100800.0,,
410345102,Not New,HANESBRANDS INC,322.0,18000.0,326.0,26000.0,4.0,8000.0
89154L209,New Holding,TORTOISE ACQUISITION CORP,,,16677.0,1665050.0,,
007903107,Not New,ADVANCED MICRO DEVICES INC,24740.0,969438.0,7366.0,399035.0,-17374.0,-570403.0
007903107,Not New,ADVANCED MICRO DEVICES INC,24740.0,969438.0,617.0,33400.0,-24123.0,-936038.0
929089100,Not New,VOYA FINL INC,3058.0,61200.0,5720.0,142500.0,2662.0,81300.0
761299AB2,Not New,RETROPHIN INC,37739.0,40000000.0,40322.0,45000000.0,2583.0,5000000.0
G0750C108,New Holding,AXALTA COATING SYS LTD,,,3008.0,119300.0,,
G0750C108,New Holding,AXALTA COATING SYS LTD,,,2521.0,100000.0,,
75281A109,Not New,RANGE RES CORP,778.0,69228.0,383.0,40000.0,-395.0,-29228.0
46090E103,Not New,INVESCO QQQ TR,53898.0,300000.0,2005.0,13000.0,-51893.0,-287000.0
46090E103,Not New,INVESCO QQQ TR,53898.0,300000.0,92556.0,600000.0,38658.0,300000.0
90333L201,Not New,U S CONCRETE INC,592.0,14295.0,423.0,12000.0,-169.0,-2295.0
629375114,Not New,NRC GROUP HLDGS CORP,321.0,399600.0,484.0,605600.0,163.0,206000.0
081437105,Sold Out,BEMIS INC,3994.0,87012.0,,,,
22822V101,Sold Out,CROWN CASTLE INTL CORP NEW,29284.0,269576.0,,,,
278642103,New Holding,EBAY INC,,,1486.0,40000.0,,
278642103,New Holding,EBAY INC,,,7428.0,200000.0,,
290846203,Not New,EMCORE CORP,0.0,11075.0,0.0,11075.0,0.0,0.0
89653L114,Not New,TRINITY MERGER CORP,173.0,525000.0,189.0,500000.0,16.0,-25000.0
03852U106,New Holding,ARAMARK,,,414.0,14000.0,,
98986T108,Not New,ZYNGA INC,6221.0,1167150.0,19741.0,5023315.0,13520.0,3856165.0
92552V100,New Holding,VIASAT INC,,,25056.0,323300.0,,
252131AF4,New Holding,DEXCOM INC,,,17477.0,13000000.0,,
144577103,New Holding,CARRIZO OIL & GAS INC,,,923.0,74000.0,,
36255F110,Not New,GS ACQUISITION HLDGS CORP,1033.0,700000.0,680.0,566666.0,-353.0,-133334.0
03965L100,Not New,ARCONIC INC,328.0,17171.0,2694.0,159771.0,2366.0,142600.0
67001K202,Not New,NOVELION THERAPEUTICS INC,1165.0,946842.0,795.0,946842.0,-370.0,0.0
60786M105,Not New,MOELIS & CO,2799.0,67274.0,516.0,15000.0,-2283.0,-52274.0
69007J106,New Holding,OUTFRONT MEDIA INC,,,13247.0,566105.0,,
981558109,New Holding,WORLDPAY INC,,,6810.0,60000.0,,
291011104,Not New,EMERSON ELEC CO,3081.0,45000.0,2798.0,46835.0,-283.0,1835.0
291011104,Not New,EMERSON ELEC CO,3081.0,45000.0,7003.0,117200.0,3922.0,72200.0
291011104,Not New,EMERSON ELEC CO,3081.0,45000.0,3908.0,65400.0,827.0,20400.0
291011104,Not New,EMERSON ELEC CO,1486.0,21700.0,2798.0,46835.0,1312.0,25135.0
291011104,Not New,EMERSON ELEC CO,1486.0,21700.0,7003.0,117200.0,5517.0,95500.0
291011104,Not New,EMERSON ELEC CO,1486.0,21700.0,3908.0,65400.0,2422.0,43700.0
00165R119,New Holding,AMCI ACQUISITION CORP,,,327.0,1109564.0,,
G6485P108,Not New,NEW FRONTIER CORP,4950.0,500000.0,7316.0,750000.0,2366.0,250000.0
00766T100,New Holding,AECOM,,,4136.0,139400.0,,
13645T100,Not New,CANADIAN PAC RY LTD,3090.0,15000.0,3785.0,21308.0,695.0,6308.0
559663117,Not New,MAGNOLIA OIL & GAS CORP,11795.0,3500000.0,6636.0,2165000.0,-5159.0,-1335000.0
09228F103,Not New,BLACKBERRY LTD,150.0,14830.0,2004.0,281878.0,1854.0,267048.0
30734W109,Not New,FAR PT ACQUISITION CORP,14918.0,1500000.0,19330.0,1999998.0,4412.0,499998.0
47580P103,Not New,JELD-WEN HLDG INC,621.0,35143.0,783.0,55095.0,162.0,19952.0
874054109,Not New,TAKE-TWO INTERACTIVE SOFTWAR,8946.0,94800.0,566.0,5500.0,-8380.0,-89300.0
871503108,New Holding,SYMANTEC CORP,,,3334.0,145000.0,,
89643QAB4,Not New,TRINITY BIOTECH INVT LTD,20619.0,26425000.0,20876.0,26425000.0,257.0,0.0
02133L109,Not New,ALTA MESA RES INC,212.0,800000.0,613.0,613473.0,401.0,-186527.0
64110W102,Not New,NETEASE INC,4382.0,18150.0,7498.0,31853.0,3116.0,13703.0
00507V109,Sold Out,ACTIVISION BLIZZARD INC,2468.0,53000.0,,,,
829226109,Sold Out,SINCLAIR BROADCAST GROUP INC,395.0,15000.0,,,,
78636X873,Not New,SAEXPLORATION HLDGS INC,1106.0,326272.0,563.0,300917.0,-543.0,-25355.0
87615L107,New Holding,TARGET HOSPITALITY CORP,,,1449.0,152500.0,,
G54050102,New Holding,LAZARD LTD,,,3253.0,90000.0,,
97717W422,New Holding,WISDOMTREE TR,,,863.0,32800.0,,
846784122,Not New,SPARTAN ENERGY ACQUISITON CO,1125.0,1000000.0,975.0,1000000.0,-150.0,0.0
203668116,Sold Out,COMMUNITY HEALTH SYS INC NEW,1.0,1500000.0,,,,
110122108,New Holding,BRISTOL MYERS SQUIBB CO,,,4771.0,100000.0,,
60855R100,Not New,MOLINA HEALTHCARE INC,2023.0,14250.0,1162.0,10000.0,-861.0,-4250.0
15135B101,Not New,CENTENE CORP DEL,4167.0,78478.0,1557.0,13500.0,-2610.0,-64978.0
15135B101,Not New,CENTENE CORP DEL,1795.0,33800.0,1557.0,13500.0,-238.0,-20300.0
78464A870,Not New,SPDR SERIES TRUST,58851.0,650000.0,6457.0,90000.0,-52394.0,-560000.0
87960WAA2,Not New,TELIGENT INC NEW,12418.0,18500000.0,13447.0,18500000.0,1029.0,0.0
071734107,Sold Out,BAUSCH HEALTH COS INC,924.0,50000.0,,,,
G3206V100,Sold Out,ESTRE AMBIENTAL INC,298.0,210000.0,,,,
00767EAB8,Not New,AEGERION PHARMACEUTICALS INC,36567.0,52100000.0,39530.0,52100000.0,2963.0,0.0
17142R111,Sold Out,CHURCHILL CAP CORP,1094.0,1250000.0,,,,
65158N102,New Holding,NEWMARK GROUP INC,,,1168.0,140000.0,,
854502101,Not New,STANLEY BLACK & DECKER INC,354.0,2600.0,479.0,4000.0,125.0,1400.0
L5140P101,Not New,INTELSAT S A,5575.0,356000.0,3743.0,175000.0,-1832.0,-181000.0
L5140P101,Not New,INTELSAT S A,5575.0,356000.0,4636.0,216700.0,-939.0,-139300.0
L5140P101,Not New,INTELSAT S A,3132.0,200000.0,3743.0,175000.0,611.0,-25000.0
L5140P101,Not New,INTELSAT S A,3132.0,200000.0,4636.0,216700.0,1504.0,16700.0
G22707122,Sold Out,COLLIER CREEK HOLDINGS,12048.0,1200000.0,,,,
02079K305,New Holding,ALPHABET INC,,,12755.0,10838.0,,
00430H102,New Holding,ACCELERATE DIAGNOSTICS INC,,,1482.0,70500.0,,
88830X819,Sold Out,TITAN MED INC,238.0,195000.0,,,,
78463X202,Sold Out,SPDR INDEX SHS FDS,608.0,18282.0,,,,
78463X202,Sold Out,SPDR INDEX SHS FDS,2496.0,75000.0,,,,
78463X202,Sold Out,SPDR INDEX SHS FDS,1281.0,38500.0,,,,
517834107,Not New,LAS VEGAS SANDS CORP,15182.0,249063.0,1963.0,37700.0,-13219.0,-211363.0
G3157S106,Not New,ENSCO PLC,5119.0,1302499.0,1085.0,304725.0,-4034.0,-997774.0
G3157S106,Not New,ENSCO PLC,5119.0,1302499.0,6052.0,1700000.0,933.0,397501.0
G3157S106,Not New,ENSCO PLC,6288.0,1600000.0,1085.0,304725.0,-5203.0,-1295275.0
G3157S106,Not New,ENSCO PLC,6288.0,1600000.0,6052.0,1700000.0,-236.0,100000.0
16166A103,Not New,CHASERG TECHNLGY ACQUISITN C,9875.0,1000000.0,9675.0,1000000.0,-200.0,0.0
526057302,Not New,LENNAR CORP,2549.0,65166.0,480.0,15300.0,-2069.0,-49866.0
670002AB0,Not New,NOVAVAX INC,11784.0,32118000.0,18354.0,30000000.0,6570.0,-2118000.0
50186V102,Not New,LG DISPLAY CO LTD,1713.0,198000.0,1947.0,237742.0,234.0,39742.0
966387409,Not New,WHITING PETE CORP NEW,5188.0,198456.0,3148.0,138758.0,-2040.0,-59698.0
48123VAC6,Not New,J2 GLOBAL INC,26800.0,20000000.0,34350.0,30000000.0,7550.0,10000000.0
80821R208,Sold Out,SCHULTZE SPL PURP ACQUISITIO,4980.0,500000.0,,,,
702149105,Sold Out,PARTY CITY HOLDCO INC,599.0,60000.0,,,,
17142R103,Sold Out,CHURCHILL CAP CORP,23888.0,2500000.0,,,,
23291E117,Not New,DFB HEALTHCARE ACQUISTION CO,666.0,666666.0,720.0,666666.0,54.0,0.0
594918104,Sold Out,MICROSOFT CORP,4500.0,44300.0,,,,
29272W109,New Holding,ENERGIZER HLDGS INC NEW,,,4134.0,92000.0,,
026874784,Sold Out,AMERICAN INTL GROUP INC,5912.0,150000.0,,,,
00856G117,Not New,AGROFRESH SOLUTIONS,238.0,3394416.0,375.0,2630755.0,137.0,-763661.0
78464A730,Not New,SPDR SERIES TRUST,4611.0,150000.0,10612.0,400000.0,6001.0,250000.0
78464A730,Not New,SPDR SERIES TRUST,12296.0,400000.0,10612.0,400000.0,-1684.0,0.0
49338L103,Sold Out,KEYSIGHT TECHNOLOGIES INC,776.0,12500.0,,,,
00773U108,Sold Out,ADVERUM BIOTECHNOLOGIES INC,82.0,26030.0,,,,
983793100,New Holding,XPO LOGISTICS INC,,,537.0,10000.0,,
36268WAF7,Sold Out,GAIN CAP HLDGS INC,6427.0,6500000.0,,,,
206704116,Sold Out,CONCRETE PUMPING HLDGS INC,1742.0,2247100.0,,,,
91325V108,Not New,UNITI GROUP INC,4161.0,371811.0,797.0,51184.0,-3364.0,-320627.0
91325V108,Not New,UNITI GROUP INC,4161.0,371811.0,6228.0,400000.0,2067.0,28189.0
91325V108,Not New,UNITI GROUP INC,4476.0,400000.0,797.0,51184.0,-3679.0,-348816.0
91325V108,Not New,UNITI GROUP INC,4476.0,400000.0,6228.0,400000.0,1752.0,0.0
40415F101,Not New,HDFC BANK LTD,3385.0,29200.0,5179.0,50000.0,1794.0,20800.0
98212B103,New Holding,WPX ENERGY INC,,,1210.0,92300.0,,
245077102,New Holding,DEL FRISCOS RESTAURANT GROUP,,,3429.0,535000.0,,
88160R101,Not New,TESLA INC,8067.0,28825.0,18956.0,56960.0,10889.0,28135.0
88160R101,Not New,TESLA INC,8067.0,28825.0,18070.0,54300.0,10003.0,25475.0
88160R101,Not New,TESLA INC,4057.0,14500.0,18956.0,56960.0,14899.0,42460.0
88160R101,Not New,TESLA INC,4057.0,14500.0,18070.0,54300.0,14013.0,39800.0
92840M102,Not New,VISTRA ENERGY CORP,6312.0,242500.0,6409.0,280000.0,97.0,37500.0
M51363113,Not New,MELLANOX TECHNOLOGIES LTD,7101.0,60000.0,1386.0,15000.0,-5715.0,-45000.0
M51363113,Not New,MELLANOX TECHNOLOGIES LTD,11836.0,100000.0,1386.0,15000.0,-10450.0,-85000.0
037411105,Not New,APACHE CORP,733.0,21142.0,1447.0,55142.0,714.0,34000.0
62913F508,New Holding,NII HLDGS INC,,,441.0,225000.0,,
030506109,Not New,AMERICAN WOODMARK CORPORATIO,551.0,6671.0,1179.0,21171.0,628.0,14500.0
464287655,Not New,ISHARES TR,153089.0,1000000.0,33475.0,250000.0,-119614.0,-750000.0
531229AF9,Not New,LIBERTY MEDIA CORP DELAWARE,19158.0,17000000.0,12805.0,12375000.0,-6353.0,-4625000.0
380237107,Sold Out,GODADDY INC,28920.0,440720.0,,,,
817565104,New Holding,SERVICE CORP INTL,,,2861.0,71254.0,,
910873405,Not New,UNITED MICROELECTRONICS CORP,466.0,247998.0,444.0,247998.0,-22.0,0.0
552676108,Not New,M D C HLDGS INC,15820.0,544400.0,2811.0,100000.0,-13009.0,-444400.0
45337C102,Sold Out,INCYTE CORP,11249.0,176900.0,,,,
464287440,Not New,ISHARES TR,11734.0,110000.0,2605.0,25000.0,-9129.0,-85000.0
464287440,Not New,ISHARES TR,11734.0,110000.0,2605.0,25000.0,-9129.0,-85000.0
674215AJ7,Not New,OASIS PETE INC NEW,15914.0,17000000.0,3100.0,3500000.0,-12814.0,-13500000.0
674215108,Not New,OASIS PETE INC NEW,3039.0,503066.0,1742.0,314995.0,-1297.0,-188071.0
674215108,Not New,OASIS PETE INC NEW,3039.0,503066.0,1051.0,190000.0,-1988.0,-313066.0
674215108,Not New,OASIS PETE INC NEW,1148.0,190000.0,1742.0,314995.0,594.0,124995.0
674215108,Not New,OASIS PETE INC NEW,1148.0,190000.0,1051.0,190000.0,-97.0,0.0
761152107,Not New,RESMED INC,2329.0,22400.0,911.0,8000.0,-1418.0,-14400.0
761152107,Not New,RESMED INC,2329.0,22400.0,3416.0,30000.0,1087.0,7600.0
761152107,Not New,RESMED INC,3119.0,30000.0,911.0,8000.0,-2208.0,-22000.0
761152107,Not New,RESMED INC,3119.0,30000.0,3416.0,30000.0,297.0,0.0
24983LAB0,Sold Out,DERMIRA INC,11929.0,15580000.0,,,,
166764100,Not New,CHEVRON CORP NEW,14116.0,114600.0,5121.0,47075.0,-8995.0,-67525.0
166764100,Not New,CHEVRON CORP NEW,14116.0,114600.0,59890.0,550500.0,45774.0,435900.0
166764100,Not New,CHEVRON CORP NEW,14116.0,114600.0,13153.0,120900.0,-963.0,6300.0
35671D857,Not New,FREEPORT-MCMORAN INC,993.0,77000.0,423.0,41000.0,-570.0,-36000.0
22943F100,Not New,CTRIP COM INTL LTD,36945.0,845620.0,10538.0,389428.0,-26407.0,-456192.0
060505104,Sold Out,BANK AMER CORP,2144.0,87000.0,,,,
060505104,Sold Out,BANK AMER CORP,2176.0,88300.0,,,,
247361702,Sold Out,DELTA AIR LINES INC DEL,1098.0,22000.0,,,,
247361702,Sold Out,DELTA AIR LINES INC DEL,18259.0,365900.0,,,,
247361702,Sold Out,DELTA AIR LINES INC DEL,4635.0,92900.0,,,,
595112103,Not New,MICRON TECHNOLOGY INC,1137.0,27500.0,3300.0,104000.0,2163.0,76500.0
595112103,Not New,MICRON TECHNOLOGY INC,1137.0,27500.0,5746.0,181100.0,4609.0,153600.0
595112103,Not New,MICRON TECHNOLOGY INC,4084.0,98800.0,3300.0,104000.0,-784.0,5200.0
595112103,Not New,MICRON TECHNOLOGY INC,4084.0,98800.0,5746.0,181100.0,1662.0,82300.0
81369Y506,Sold Out,SELECT SECTOR SPDR TR,9778.0,170500.0,,,,
56585A102,Not New,MARATHON PETE CORP,5895.0,98500.0,3836.0,65000.0,-2059.0,-33500.0
80105N113,Not New,SANOFI,4333.0,9608353.0,4556.0,9494367.0,223.0,-113986.0
36191GAB3,Sold Out,GNC HLDGS INC,7151.0,10000000.0,,,,
81727UAA3,Not New,SENSEONICS HLDGS INC,20170.0,19000000.0,20769.0,19000000.0,599.0,0.0
88025T102,Sold Out,TENABLE HLDGS INC,3607.0,162540.0,,,,
171871502,Not New,CINCINNATI BELL INC NEW,1203.0,126079.0,664.0,85379.0,-539.0,-40700.0
629076118,Not New,NEBULA ACQUISITION CORP,398.0,433333.0,484.0,433333.0,86.0,0.0
78516C106,Sold Out,SABAN CAP ACQUISITION CORP,10120.0,1000000.0,,,,
989701107,Not New,ZIONS BANCORPORATION N A,28812.0,634500.0,35415.0,869300.0,6603.0,234800.0
39579V100,New Holding,GREENTREE HOSPITALTY GROUP L,,,2144.0,155000.0,,
25470F302,Sold Out,DISCOVERY INC,537.0,23300.0,,,,
151020104,New Holding,CELGENE CORP,,,17648.0,187065.0,,
151020104,New Holding,CELGENE CORP,,,47170.0,500000.0,,
00770K202,Not New,AEMETIS INC,0.0,70768.0,0.0,70768.0,0.0,0.0
902104AB4,Sold Out,II VI INC,9716.0,10000000.0,,,,
745867101,Not New,PULTE GROUP INC,33552.0,1200000.0,20792.0,800000.0,-12760.0,-400000.0
384278115,Not New,GRAF INDL CORP,660.0,2000000.0,593.0,1500000.0,-67.0,-500000.0
N72482AA5,Sold Out,QIAGEN NV,59159.0,48800000.0,,,,
761299106,Sold Out,RETROPHIN INC,1474.0,65146.0,,,,
761299106,Sold Out,RETROPHIN INC,885.0,39100.0,,,,
G4412G101,New Holding,HERBALIFE NUTRITION LTD,,,10598.0,200000.0,,
464287432,Not New,ISHARES TR,632.0,5000.0,11130.0,91600.0,10498.0,86600.0
464287432,Not New,ISHARES TR,632.0,5000.0,15821.0,130200.0,15189.0,125200.0
464287432,Not New,ISHARES TR,5867.0,46400.0,11130.0,91600.0,5263.0,45200.0
464287432,Not New,ISHARES TR,5867.0,46400.0,15821.0,130200.0,9954.0,83800.0
531229607,Not New,LIBERTY MEDIA CORP DELAWARE,5736.0,150000.0,19045.0,515000.0,13309.0,365000.0
98954M101,Not New,ZILLOW GROUP INC,2430.0,71069.0,1827.0,58150.0,-603.0,-12919.0
075896100,Not New,BED BATH & BEYOND INC,1104.0,65000.0,736.0,65000.0,-368.0,0.0
192446102,Sold Out,COGNIZANT TECHNOLOGY SOLUTIO,4824.0,76000.0,,,,
05502L105,Sold Out,AZURRX BIOPHARMA INC,159.0,131456.0,,,,
830566105,New Holding,SKECHERS U S A INC,,,3361.0,100000.0,,
64110L106,Not New,NETFLIX INC,5777.0,16200.0,1338.0,5000.0,-4439.0,-11200.0
92220P105,New Holding,VARIAN MED SYS INC,,,2267.0,16000.0,,
82568P304,New Holding,SHUTTERFLY INC,,,2053.0,50511.0,,
82568P304,New Holding,SHUTTERFLY INC,,,2032.0,50000.0,,
24983L104,Not New,DERMIRA INC,678.0,50000.0,2083.0,289700.0,1405.0,239700.0
872590104,New Holding,T MOBILE US INC,,,15061.0,217961.0,,
110394AF0,Not New,BRISTOW GROUP INC,2515.0,12500000.0,5737.0,15000000.0,3222.0,2500000.0
512807108,Sold Out,LAM RESEARCH CORP,2806.0,20600.0,,,,
62952QAB6,Sold Out,NXP SEMICONDUCTORS N V,5015.0,5000000.0,,,,
552697104,Not New,MDC PARTNERS INC,961.0,426902.0,1291.0,494602.0,330.0,67700.0
69331C108,New Holding,PG&E CORP,,,8382.0,470900.0,,
38286G117,Not New,GORES HOLDINGS III INC,715.0,501800.0,577.0,501800.0,-138.0,0.0
630104107,Not New,NANTHEALTH INC,579.0,629598.0,394.0,724615.0,-185.0,95017.0
68621F110,Sold Out,ORGANOGENESIS HLDGS INC,686.0,3345000.0,,,,
89469A104,Not New,TREEHOUSE FOODS INC,598.0,9269.0,749.0,14769.0,151.0,5500.0
37890U108,Not New,GLOBAL BLOOD THERAPEUTICS IN,2117.0,40000.0,2053.0,50000.0,-64.0,10000.0
966387AL6,Not New,WHITING PETE CORP NEW,8700.0,9000000.0,8509.0,9000000.0,-191.0,0.0
26078J100,Not New,DOWDUPONT INC,4771.0,89500.0,9466.0,177000.0,4695.0,87500.0
302491303,Not New,F M C CORP,4379.0,57000.0,5547.0,75000.0,1168.0,18000.0
G7126L118,Sold Out,PLATINUM EAGLE ACQUISITIN CO,272.0,231900.0,,,,
G18920101,Not New,CAPITOL INVT CORP IV,15641.0,1537908.0,15363.0,1537895.0,-278.0,-13.0
457867307,New Holding,INSURANCE ACQUISITION CORP,,,10080.0,1000000.0,,
90184L102,Not New,TWITTER INC,25206.0,766621.0,6009.0,209086.0,-19197.0,-557535.0
554382101,New Holding,MACERICH CO,,,2168.0,50000.0,,
58518F117,Not New,MEGALITH FINL ACQUISITION CO,173.0,600000.0,275.0,600000.0,102.0,0.0
23291E109,Not New,DFB HEALTHCARE ACQUISTION CO,19990.0,1999998.0,19620.0,1999998.0,-370.0,0.0
674599105,Not New,OCCIDENTAL PETE CORP,4608.0,69600.0,1640.0,26712.0,-2968.0,-42888.0
674599105,Not New,OCCIDENTAL PETE CORP,4608.0,69600.0,8194.0,133500.0,3586.0,63900.0
674599105,Not New,OCCIDENTAL PETE CORP,4608.0,69600.0,3376.0,55000.0,-1232.0,-14600.0
674599105,Not New,OCCIDENTAL PETE CORP,1496.0,22600.0,1640.0,26712.0,144.0,4112.0
674599105,Not New,OCCIDENTAL PETE CORP,1496.0,22600.0,8194.0,133500.0,6698.0,110900.0
674599105,Not New,OCCIDENTAL PETE CORP,1496.0,22600.0,3376.0,55000.0,1880.0,32400.0
366505105,New Holding,GARRETT MOTION INC,,,3535.0,239987.0,,
00165R101,New Holding,AMCI ACQUISITION CORP,,,9825.0,1000000.0,,
153527205,Not New,CENTRAL GARDEN & PET CO,7393.0,317949.0,4717.0,150960.0,-2676.0,-166989.0
01609W102,Not New,ALIBABA GROUP HLDG LTD,1837.0,10067.0,4112.0,30000.0,2275.0,19933.0
01609W102,Not New,ALIBABA GROUP HLDG LTD,1837.0,10067.0,34268.0,250000.0,32431.0,239933.0
01609W102,Not New,ALIBABA GROUP HLDG LTD,5473.0,30000.0,4112.0,30000.0,-1361.0,0.0
01609W102,Not New,ALIBABA GROUP HLDG LTD,5473.0,30000.0,34268.0,250000.0,28795.0,220000.0
531229AB8,Not New,LIBERTY MEDIA CORP DELAWARE,30341.0,27000000.0,32222.0,30000000.0,1881.0,3000000.0
74736LAB5,New Holding,Q2 HLDGS INC,,,26188.0,20000000.0,,
024061103,Not New,AMERICAN AXLE & MFG HLDGS IN,1598.0,111648.0,5003.0,450746.0,3405.0,339098.0
56400P706,Sold Out,MANNKIND CORP,2649.0,2499491.0,,,,
127686103,Sold Out,CAESARS ENTMT CORP,679.0,100000.0,,,,
871639308,Sold Out,SYNERGY PHARMACEUTICALS DEL,12.0,100000.0,,,,
871639308,Sold Out,SYNERGY PHARMACEUTICALS DEL,12.0,100000.0,,,,
249908AA2,Not New,ASSERTIO THERAPEUTICS INC,46970.0,61000000.0,41615.0,61000000.0,-5355.0,0.0
43300A203,Sold Out,HILTON WORLDWIDE HLDGS INC,6906.0,96187.0,,,,
N31738102,Sold Out,FIAT CHRYSLER AUTOMOBILES N,54083.0,3737500.0,,,,
N31738102,Sold Out,FIAT CHRYSLER AUTOMOBILES N,44816.0,3092700.0,,,,
N31738102,Sold Out,FIAT CHRYSLER AUTOMOBILES N,79034.0,5461200.0,,,,
02156K103,Not New,ALTICE USA INC,3061.0,142500.0,14985.0,907055.0,11924.0,764555.0
044186104,Not New,ASHLAND GLOBAL HLDGS INC,14980.0,191734.0,18733.0,264000.0,3753.0,72266.0
044186104,Not New,ASHLAND GLOBAL HLDGS INC,15626.0,200000.0,18733.0,264000.0,3107.0,64000.0
073685109,Sold Out,BEACON ROOFING SUPPLY INC,460.0,14490.0,,,,
032511107,Sold Out,ANADARKO PETE CORP,2192.0,50000.0,,,,
45104G104,Sold Out,ICICI BK LTD,3215.0,312460.0,,,,
082053307,Not New,BENITEC BIOPHARMA LTD,527.0,269066.0,410.0,273010.0,-117.0,3944.0
146869102,New Holding,CARVANA CO,,,16257.0,280000.0,,
61946M100,Not New,MOSAIC ACQUISITION CORP,28710.0,2849700.0,27856.0,2849700.0,-854.0,0.0
G3165V117,Not New,ARYA SCIENCES ACQUISITION CO,4653.0,450000.0,4644.0,450000.0,-9.0,0.0
958102105,Not New,WESTERN DIGITAL CORP,18407.0,382996.0,924.0,25000.0,-17483.0,-357996.0
958102105,Not New,WESTERN DIGITAL CORP,5767.0,120000.0,924.0,25000.0,-4843.0,-95000.0
L8681T102,Sold Out,SPOTIFY TECHNOLOGY S A,2039.0,17965.0,,,,
647581107,Sold Out,NEW ORIENTAL ED & TECH GRP I,3124.0,57000.0,,,,
81728P113,Not New,SENTINEL ENERGY SVCS INC,2051.0,2972955.0,1058.0,1275000.0,-993.0,-1697955.0
68375N103,New Holding,OPKO HEALTH INC,,,3954.0,1514983.0,,
54142L109,New Holding,LOGMEIN INC,,,1602.0,20000.0,,
92243N111,Not New,VECTOIQ ACQUISITION CORP,432.0,980700.0,456.0,980700.0,24.0,0.0
98462Y100,Not New,YAMANA GOLD INC,88.0,33800.0,421.0,178200.0,333.0,144400.0
45667GAC7,Not New,INFINERA CORPORATION,9477.0,12000000.0,8463.0,11603000.0,-1014.0,-397000.0
48242W106,Sold Out,KBR INC,3567.0,235000.0,,,,
87901J105,Sold Out,TEGNA INC,433.0,39802.0,,,,
984121608,New Holding,XEROX CORP,,,10825.0,338500.0,,
65366HAB9,Not New,NICE SYS INC,38157.0,25000000.0,27484.0,20000000.0,-10673.0,-5000000.0
30041R108,Sold Out,EVERQUOTE INC,1095.0,261900.0,,,,
87615L115,New Holding,TARGET HOSPITALITY CORP,,,430.0,282652.0,,
002255107,New Holding,AU OPTRONICS CORP,,,76.0,20693.0,,
G8250R129,Not New,SOCIAL CAP HEDOSOPHIA HLDGS,955.0,1224927.0,854.0,1220337.0,-101.0,-4590.0
70450Y103,Not New,PAYPAL HLDGS INC,2031.0,19562.0,4101.0,48766.0,2070.0,29204.0
826919AB8,Sold Out,SILICON LABORATORIES INC,15895.0,15000000.0,,,,
983134107,Sold Out,WYNN RESORTS LTD,1652.0,16700.0,,,,
72583A200,New Holding,PIVOTAL ACQUISITION CORP,,,10190.0,1000000.0,,
61946M118,Not New,MOSAIC ACQUISITION CORP,795.0,950000.0,989.0,950000.0,194.0,0.0
G73268107,Not New,QUOTIENT LTD,21108.0,2342666.0,18382.0,3003433.0,-2726.0,660767.0
971375126,New Holding,WILLSCOT CORP,,,554.0,50000.0,,
62914V106,New Holding,NIO INC,,,834.0,163400.0,,
464288513,Not New,ISHARES TR,43235.0,500000.0,10481.0,129243.0,-32754.0,-370757.0
242370203,New Holding,DEAN FOODS CO NEW,,,374.0,123483.0,,
242370203,New Holding,DEAN FOODS CO NEW,,,686.0,226700.0,,
384278107,Sold Out,GRAF INDL CORP,14415.0,1500000.0,,,,
02376R102,Sold Out,AMERICAN AIRLS GROUP INC,899.0,28000.0,,,,
02376R102,Sold Out,AMERICAN AIRLS GROUP INC,3211.0,100000.0,,,,
02376R102,Sold Out,AMERICAN AIRLS GROUP INC,1503.0,46800.0,,,,
609754114,New Holding,MONOCLE ACQUISITION CORP,,,270.0,750000.0,,
690742101,Not New,OWENS CORNING NEW,2120.0,45000.0,2859.0,65000.0,739.0,20000.0
78463V107,Not New,SPDR GOLD TRUST,24402.0,200000.0,36375.0,300000.0,11973.0,100000.0
78463V107,Not New,SPDR GOLD TRUST,67105.0,550000.0,36375.0,300000.0,-30730.0,-250000.0
579489303,Not New,MCCLATCHY CO,66.0,13206.0,101.0,13206.0,35.0,0.0
68375NAD5,New Holding,OPKO HEALTH INC,,,17901.0,19000000.0,,
92511U102,Sold Out,VERRA MOBILITY CORP,488.0,50001.0,,,,
12503M108,New Holding,CBOE GLOBAL MARKETS INC,,,239.0,2500.0,,
12528N206,Sold Out,CF FIN ACQUISITION CORP,12506.0,1250000.0,,,,
960413102,Not New,WESTLAKE CHEM CORP,2036.0,30000.0,1986.0,30000.0,-50.0,0.0
92826C839,Sold Out,VISA INC,3694.0,28000.0,,,,
57164Y107,Not New,MARRIOTT VACTINS WORLDWID CO,4407.0,47131.0,6522.0,92500.0,2115.0,45369.0
45031U101,New Holding,ISTAR INC,,,936.0,111200.0,,
45031U101,New Holding,ISTAR INC,,,90.0,10700.0,,
82481R106,Sold Out,SHIRE PLC,8702.0,50000.0,,,,
75606NAB5,Sold Out,REALPAGE INC,9700.0,7500000.0,,,,
G8250R103,Not New,SOCIAL CAP HEDOSOPHIA HLDGS,15270.0,1500000.0,25987.0,2600000.0,10717.0,1100000.0
536797103,New Holding,LITHIA MTRS INC,,,1311.0,14140.0,,
881624209,Sold Out,TEVA PHARMACEUTICAL INDS LTD,15420.0,1000000.0,,,,
50200K116,Not New,LF CAP ACQUISITION CORP,385.0,1000000.0,425.0,1000000.0,40.0,0.0
36162J106,New Holding,GEO GROUP INC NEW,,,3852.0,200600.0,,
78516C114,Not New,SABAN CAP ACQUISITION CORP,13.0,2260000.0,481.0,875000.0,468.0,-1385000.0
00165R200,Sold Out,AMCI ACQUISITION CORP,9955.0,1000000.0,,,,
278768106,Sold Out,ECHOSTAR CORP,5094.0,138736.0,,,,
Q9235V101,Sold Out,TRONOX LTD,537.0,69000.0,,,,
007800AB1,Not New,AEROJET ROCKETDYNE HLDGS INC,31154.0,21000000.0,16945.0,11500000.0,-14209.0,-9500000.0
36251C103,Not New,GMS INC,1512.0,100000.0,3648.0,245500.0,2136.0,145500.0
756577102,Not New,RED HAT INC,8222.0,45000.0,14929.0,85000.0,6707.0,40000.0
629076100,Not New,NEBULA ACQUISITION CORP,12984.0,1300399.0,12772.0,1299999.0,-212.0,-400.0
881569AA5,Sold Out,TESARO INC,45800.0,21054000.0,,,,
14365C103,New Holding,CARNIVAL PLC,,,3367.0,67603.0,,
05329W102,New Holding,AUTONATION INC,,,1115.0,31213.0,,
751212101,Sold Out,RALPH LAUREN CORP,10149.0,98100.0,,,,
38046C109,New Holding,GOGO INC,,,785.0,175000.0,,
38046C109,New Holding,GOGO INC,,,1796.0,400000.0,,
31811A119,New Holding,FINTECH ACQUISITION CORP III,,,1065.0,1125000.0,,
464287309,Sold Out,ISHARES TR,1507.0,10000.0,,,,
79970Y105,Sold Out,SANCHEZ ENERGY CORP,65.0,241431.0,,,,
530307107,Sold Out,LIBERTY BROADBAND CORP,11127.0,154954.0,,,,
19625XAB8,Not New,COLONY STARWOOD HOMES,8599.0,7500000.0,16393.0,16000000.0,7794.0,8500000.0
422806208,Sold Out,HEICO CORP NEW,1581.0,25100.0,,,,
81369Y308,Sold Out,SELECT SECTOR SPDR TR,5612.0,110500.0,,,,
531229409,Not New,LIBERTY MEDIA CORP DELAWARE,229.0,6000.0,1284.0,34900.0,1055.0,28900.0
92927K102,New Holding,WABCO HLDGS INC,,,3296.0,25000.0,,
92927K102,New Holding,WABCO HLDGS INC,,,3296.0,25000.0,,
571903202,Not New,MARRIOTT INTL INC NEW,1564.0,12500.0,1357.0,12500.0,-207.0,0.0
571903202,Not New,MARRIOTT INTL INC NEW,1564.0,12500.0,10487.0,96600.0,8923.0,84100.0
571903202,Not New,MARRIOTT INTL INC NEW,8944.0,71500.0,1357.0,12500.0,-7587.0,-59000.0
571903202,Not New,MARRIOTT INTL INC NEW,8944.0,71500.0,10487.0,96600.0,1543.0,25100.0
16119P108,New Holding,CHARTER COMMUNICATIONS INC N,,,5994.0,17279.0,,
92189F718,New Holding,VANECK VECTORS ETF TR,,,15662.0,909000.0,,
004285201,New Holding,ACAMAR PARTNERS ACQSITION CO,,,15010.0,1500000.0,,
362409112,New Holding,GTY TECHNOLOGY HOLDINGS INC,,,807.0,1275000.0,,
37045V100,Sold Out,GENERAL MTRS CO,3011.0,90000.0,,,,
37045V100,Sold Out,GENERAL MTRS CO,14552.0,435000.0,,,,
37045V100,Sold Out,GENERAL MTRS CO,10266.0,306900.0,,,,
654106103,Sold Out,NIKE INC,482.0,6500.0,,,,
30734W117,Not New,FAR PT ACQUISITION CORP,650.0,500000.0,865.0,665062.0,215.0,165062.0
595112AY9,Sold Out,MICRON TECHNOLOGY INC,7203.0,6500000.0,,,,
531229854,New Holding,LIBERTY MEDIA CORP DELAWARE,,,1170.0,33370.0,,
464287234,Sold Out,ISHARES TR,11718.0,300000.0,,,,
55306N104,Not New,MKS INSTRUMENT INC,7211.0,77496.0,6544.0,101296.0,-667.0,23800.0
55306N104,Not New,MKS INSTRUMENT INC,7211.0,77496.0,4263.0,66000.0,-2948.0,-11496.0
55306N104,Not New,MKS INSTRUMENT INC,2791.0,30000.0,6544.0,101296.0,3753.0,71296.0
55306N104,Not New,MKS INSTRUMENT INC,2791.0,30000.0,4263.0,66000.0,1472.0,36000.0
G6485P124,Not New,NEW FRONTIER CORP,560.0,800000.0,671.0,750000.0,111.0,-50000.0
12528N115,New Holding,CF FIN ACQUISITION CORP,,,567.0,1273508.0,,
440543106,Not New,HORNBECK OFFSHORE SVCS INC N,164.0,132648.0,549.0,381503.0,385.0,248855.0
G4182A102,Sold Out,GTY TECHNOLOGY HOLDINGS INC,7262.0,728000.0,,,,
298736109,New Holding,EURONET WORLDWIDE INC,,,3237.0,22700.0,,
165167CY1,Not New,CHESAPEAKE ENERGY CORP,3706.0,4000000.0,3219.0,4000000.0,-487.0,0.0
03842B101,Not New,AQUINOX PHARMACEUTICALS INC,397.0,147029.0,1633.0,755774.0,1236.0,608745.0
16166A111,Not New,CHASERG TECHNLGY ACQUISITN C,320.0,500000.0,340.0,500000.0,20.0,0.0
372279109,New Holding,GENFIT S A,,,3660.0,152500.0,,
369604103,Sold Out,GENERAL ELECTRIC CO,4164.0,550000.0,,,,
G1154H107,Sold Out,BELMOND LTD,2128.0,85000.0,,,,
452327109,Sold Out,ILLUMINA INC,660.0,2200.0,,,,
94946T106,New Holding,WELLCARE HEALTH PLANS INC,,,2698.0,10000.0,,
44109J114,Not New,HOSTESS BRANDS INC,11858.0,9052000.0,8362.0,9040000.0,-3496.0,-12000.0
901109108,Not New,TUTOR PERINI CORP,351.0,20500.0,339.0,21200.0,-12.0,700.0
655844108,Not New,NORFOLK SOUTHERN CORP,757.0,4051.0,434.0,2905.0,-323.0,-1146.0
655844108,Not New,NORFOLK SOUTHERN CORP,757.0,4051.0,7103.0,47500.0,6346.0,43449.0
655844108,Not New,NORFOLK SOUTHERN CORP,757.0,4051.0,3679.0,24600.0,2922.0,20549.0
655844108,Not New,NORFOLK SOUTHERN CORP,8317.0,44500.0,434.0,2905.0,-7883.0,-41595.0
655844108,Not New,NORFOLK SOUTHERN CORP,8317.0,44500.0,7103.0,47500.0,-1214.0,3000.0
655844108,Not New,NORFOLK SOUTHERN CORP,8317.0,44500.0,3679.0,24600.0,-4638.0,-19900.0
G48833100,Sold Out,WEATHERFORD INTL PLC,56.0,100000.0,,,,
382872208,New Holding,GORES METROPOULOS INC,,,13630.0,1335005.0,,
G89827128,Not New,TPG PACE HLDGS CORP,25575.0,2500000.0,24975.0,2500000.0,-600.0,0.0
55825T103,Not New,MADISON SQUARE GARDEN CO NEW,5569.0,19000.0,5835.0,21798.0,266.0,2798.0
440543AN6,Sold Out,HORNBECK OFFSHORE SVCS INC N,11695.0,13151000.0,,,,
G4182A128,Sold Out,GTY TECHNOLOGY HOLDINGS INC,332.0,491666.0,,,,
31811A101,New Holding,FINTECH ACQUISITION CORP III,,,21938.0,2250000.0,,
535919500,Not New,LIONS GATE ENTMNT CORP,1875.0,124210.0,1414.0,95000.0,-461.0,-29210.0
546347105,New Holding,LOUISIANA PAC CORP,,,14145.0,580200.0,,
629377508,Not New,NRG ENERGY INC,2549.0,60000.0,3960.0,100000.0,1411.0,40000.0
629377508,Not New,NRG ENERGY INC,2549.0,60000.0,3960.0,100000.0,1411.0,40000.0
629377508,Not New,NRG ENERGY INC,5098.0,120000.0,3960.0,100000.0,-1138.0,-20000.0
629377508,Not New,NRG ENERGY INC,5098.0,120000.0,3960.0,100000.0,-1138.0,-20000.0
34986F103,Not New,FORUM MERGER II CORP,9905.0,1000000.0,11177.0,1155855.0,1272.0,155855.0
11135F101,New Holding,BROADCOM INC,,,15101.0,50219.0,,
38046CAB5,Not New,GOGO INC,46044.0,47224000.0,38475.0,44224000.0,-7569.0,-3000000.0
31421V115,Sold Out,FEDERAL STR ACQUISITION CORP,432.0,576172.0,,,,
436440101,Not New,HOLOGIC INC,6667.0,137750.0,10686.0,260000.0,4019.0,122250.0
436440101,Not New,HOLOGIC INC,6667.0,137750.0,4110.0,100000.0,-2557.0,-37750.0
G89827110,Not New,TPG PACE HLDGS CORP,1249.0,850000.0,1035.0,904185.0,-214.0,54185.0
78462F103,Not New,SPDR S&P 500 ETF TR,7514.0,26600.0,3749.0,15000.0,-3765.0,-11600.0
78462F103,Not New,SPDR S&P 500 ETF TR,7514.0,26600.0,89972.0,360000.0,82458.0,333400.0
78462F103,Not New,SPDR S&P 500 ETF TR,7514.0,26600.0,144954.0,580000.0,137440.0,553400.0
78462F103,Not New,SPDR S&P 500 ETF TR,18107.0,64100.0,3749.0,15000.0,-14358.0,-49100.0
78462F103,Not New,SPDR S&P 500 ETF TR,18107.0,64100.0,89972.0,360000.0,71865.0,295900.0
78462F103,Not New,SPDR S&P 500 ETF TR,18107.0,64100.0,144954.0,580000.0,126847.0,515900.0
538034109,Not New,LIVE NATION ENTERTAINMENT IN,10166.0,159997.0,13497.0,274040.0,3331.0,114043.0
88160RAC5,Not New,TESLA INC,26752.0,26000000.0,40509.0,36000000.0,13757.0,10000000.0
68268W103,New Holding,ONEMAIN HLDGS INC,,,1746.0,55000.0,,
71948P100,New Holding,PHUNWARE INC,,,342.0,25000.0,,
78464A714,Sold Out,SPDR SERIES TRUST,2931.0,71500.0,,,,
88160RAB7,Sold Out,TESLA INC,15610.0,15000000.0,,,,
023135106,Sold Out,AMAZON COM INC,21779.0,14500.0,,,,
023135106,Sold Out,AMAZON COM INC,22079.0,14700.0,,,,
26210C104,New Holding,DROPBOX INC,,,11621.0,533091.0,,
45866F104,New Holding,INTERCONTINENTAL EXCHANGE IN,,,259.0,3400.0,,
45031UCB5,New Holding,ISTAR INC,,,2294.0,2500000.0,,
461203AH4,Not New,INVACARE CORP,43775.0,50138000.0,28672.0,42836000.0,-15103.0,-7302000.0
G6772P126,New Holding,ONE MADISON CORP,,,1190.0,1000000.0,,
925815102,New Holding,VICOR CORP,,,5719.0,184371.0,,
559079207,New Holding,MAGELLAN HEALTH INC,,,2966.0,45000.0,,
78454L100,New Holding,SM ENERGY CO,,,1922.0,109900.0,,
10319T119,New Holding,BOXWOOD MERGER CORP,,,120.0,324859.0,,
88104R209,Sold Out,TERRAFORM PWR INC,8776.0,782191.0,,,,
48241A105,New Holding,KB FINANCIAL GROUP INC,,,496.0,13381.0,,
48241A105,New Holding,KB FINANCIAL GROUP INC,,,1853.0,50000.0,,
464287184,Not New,ISHARES TR,885.0,20000.0,5084.0,130100.0,4199.0,110100.0
464287184,Not New,ISHARES TR,885.0,20000.0,34616.0,885800.0,33731.0,865800.0
464287184,Not New,ISHARES TR,885.0,20000.0,23487.0,601000.0,22602.0,581000.0
464287184,Not New,ISHARES TR,1045.0,23600.0,5084.0,130100.0,4039.0,106500.0
464287184,Not New,ISHARES TR,1045.0,23600.0,34616.0,885800.0,33571.0,862200.0
464287184,Not New,ISHARES TR,1045.0,23600.0,23487.0,601000.0,22442.0,577400.0
89628U207,New Holding,TRINE ACQUISITION CORP,,,15038.0,1500000.0,,
053774105,Not New,AVIS BUDGET GROUP INC,1774.0,50880.0,3322.0,147780.0,1548.0,96900.0
32008D106,New Holding,FIRST DATA CORP NEW,,,11822.0,450000.0,,
76680RAD9,New Holding,RINGCENTRAL INC,,,21375.0,15000000.0,,
00081T108,New Holding,ACCO BRANDS CORP,,,502.0,58618.0,,
021346101,Not New,ALTABA INC,28425.0,383500.0,2433.0,42000.0,-25992.0,-341500.0
189464AC4,Sold Out,CLOVIS ONCOLOGY INC,12670.0,18000000.0,,,,
46122T102,Not New,INTREXON CORP,542.0,103200.0,494.0,75400.0,-48.0,-27800.0
45782BAA2,Not New,INSEEGO CORP,31649.0,25466000.0,28469.0,25466000.0,-3180.0,0.0
G81477104,Not New,SINA CORP,2962.0,50000.0,2683.0,50000.0,-279.0,0.0
630104AB3,Not New,NANTHEALTH INC,22032.0,35250000.0,20632.0,35250000.0,-1400.0,0.0
V7780T103,Sold Out,ROYAL CARIBBEAN CRUISES LTD,4221.0,43164.0,,,,
911363109,Not New,UNITED RENTALS INC,15909.0,139243.0,4316.0,42095.0,-11593.0,-97148.0
03990B101,Not New,ARES MANAGEMENT CORPORATION,1857.0,79990.0,2307.0,129990.0,450.0,50000.0
06746P621,New Holding,BARCLAYS BK PLC,,,19751.0,675000.0,,
G3206V118,Not New,ESTRE AMBIENTAL INC,353.0,3578100.0,223.0,3300000.0,-130.0,-278100.0
80874P109,Not New,SCIENTIFIC GAMES CORP,1931.0,94567.0,1613.0,90214.0,-318.0,-4353.0
38046YAB7,Sold Out,GOLAR LNG LTD,6025.0,6450000.0,,,,
461203AF8,Not New,INVACARE CORP,15503.0,17050000.0,12970.0,18050000.0,-2533.0,1000000.0
84790A105,Not New,SPECTRUM BRANDS HLDGS INC NE,2427.0,44305.0,1770.0,41900.0,-657.0,-2405.0
H84989104,Not New,TE CONNECTIVITY LTD,4037.0,50000.0,3781.0,50000.0,-256.0,0.0
670851500,New Holding,OI S A,,,2508.0,1334165.0,,
L7257P205,Not New,PACIFIC DRILLING SA LUXEMBOU,29594.0,2099506.0,26827.0,2009575.0,-2767.0,-89931.0
92337CAA2,Not New,VERASTEM INC,17832.0,22625000.0,17240.0,21625000.0,-592.0,-1000000.0
05337M104,Sold Out,AVADEL PHARMACEUTICALS PLC,253.0,98000.0,,,,
749641205,New Holding,RMG ACQUISITION CORP,,,16134.0,1609400.0,,
36255F102,Not New,GS ACQUISITION HLDGS CORP,22545.0,2250000.0,22028.0,2250000.0,-517.0,0.0
02209S103,New Holding,ALTRIA GROUP INC,,,60336.0,1050600.0,,
H8817H100,Sold Out,TRANSOCEAN LTD,2134.0,307500.0,,,,
558868105,Not New,MADRIGAL PHARMACEUTICALS INC,1253.0,10000.0,1550.0,13750.0,297.0,3750.0
53814L108,New Holding,LIVENT CORP,,,2640.0,215000.0,,
06746L422,Sold Out,BARCLAYS BK PLC,70320.0,1500000.0,,,,
595017104,Sold Out,MICROCHIP TECHNOLOGY INC,2013.0,28000.0,,,,
880770102,New Holding,TERADYNE INC,,,1403.0,35200.0,,
G8857R126,Not New,THUNDER BRIDGE ACQUISITION L,533.0,750000.0,209.0,581914.0,-324.0,-168086.0
233051879,New Holding,DBX ETF TR,,,5746.0,200000.0,,
001547108,New Holding,AK STL HLDG CORP,,,825.0,300000.0,,
697900108,Not New,PAN AMERICAN SILVER CORP,17554.0,1324847.0,13299.0,910879.0,-4255.0,-413968.0
535219117,Not New,LINDBLAD EXPEDITIONS HLDGS I,10338.0,2240000.0,5112.0,1600000.0,-5226.0,-640000.0
25470M109,Not New,DISH NETWORK CORP,2594.0,81850.0,3079.0,123325.0,485.0,41475.0
