CUSIP,status,NAME OF ISSUER,(x$1000)_old,PRN AMT_old,(x$1000),PRN AMT,(x$1000)_change,PRN AMT_change
74733V100,Not New,Qep Resources Inc,920.0,75027.0,563.0,57466.0,-357.0,-17561.0
03076C106,Sold Out,Ameriprise Financial Inc.,1135.0,7675.0,,,,
87265H109,Not New,TRI Pointe Group Inc,238.0,14545.0,594.0,36160.0,356.0,21615.0
62855J104,Not New,"Myriad Genetics, Inc.",1541.0,41246.0,497.0,16807.0,-1044.0,-24439.0
825690100,Not New,Shutterstock Inc,431.0,9072.0,699.0,14511.0,268.0,5439.0
G3402M110,Not New,FGL Holdings - Class A,345.0,287260.0,523.0,287260.0,178.0,0.0
87403A107,Not New,Tailored Brands Inc,366.0,14357.0,272.0,10870.0,-94.0,-3487.0
77543R102,Not New,Roku Inc,359.0,8422.0,865.0,27821.0,506.0,19399.0
74164M108,Sold Out,Primerica Inc,797.0,8254.0,,,,
46434G822,New Holding,iShares MSCI Japan ETF,,,338.0,5830.0,,
70509V100,Not New,Pebblebrook Hotel Trust,468.0,12059.0,234.0,6820.0,-234.0,-5239.0
767754104,Sold Out,Rite Aid Incorporated,29.0,17494.0,,,,
98980G102,Sold Out,Zscaler Inc,642.0,22860.0,,,,
002896207,Not New,Abercrombie & Fitch Company- Cl A,1531.0,62549.0,870.0,35955.0,-661.0,-26594.0
670704105,Not New,NuVasive Inc,863.0,16563.0,2947.0,56437.0,2084.0,39874.0
199333105,Not New,Columbus McKinnon Corp./NY,280.0,6450.0,508.0,14181.0,228.0,7731.0
48238T109,Not New,Kar Auction Services Inc,1107.0,20203.0,2029.0,37428.0,922.0,17225.0
86614U100,Sold Out,Summit Materials Inc -cl A,508.0,16790.0,,,,
06684L103,New Holding,Baozun Inc - ADR,,,3997.0,73075.0,,
904214103,New Holding,Umpqua Holdings Corp,,,2394.0,105985.0,,
890516107,Not New,Tootsie Roll Industries Incorporated,268.0,8692.0,427.0,14486.0,159.0,5794.0
G50871105,New Holding,Jazz Pharmaceuticals Plc,,,254.0,1474.0,,
238337109,New Holding,Dave & Buster's Entertainmen,,,1264.0,26547.0,,
099724106,Not New,Borg-Warner Automotive Inc,1902.0,44063.0,1159.0,23082.0,-743.0,-20981.0
84860W102,Not New,Spirit Realty Capital Inc,1086.0,135224.0,148.0,19136.0,-938.0,-116088.0
98401F105,Sold Out,Xencor Inc,540.0,18012.0,,,,
12648L601,Sold Out,CTI BioPharma Corp,98.0,25000.0,,,,
848637104,Not New,Splunk Inc,2153.0,21723.0,3301.0,33554.0,1148.0,11831.0
684000102,Sold Out,Opus Bank,281.0,10032.0,,,,
099406100,Not New,Boot Barn Holdings Inc,268.0,12896.0,436.0,24615.0,168.0,11719.0
89400J107,Not New,TransUnion,1081.0,15085.0,906.0,15962.0,-175.0,877.0
379890106,New Holding,Glu Mobile Inc,,,312.0,48745.0,,
30219G108,Not New,Express Scripts Holding Co(CL A),6253.0,80985.0,3576.0,51770.0,-2677.0,-29215.0
96812T102,New Holding,Wildhorse Resource Developme,,,1834.0,72306.0,,
00972D105,Sold Out,Akebia Therapeutics Inc,201.0,21105.0,,,,
G6700G107,New Holding,Nvent Electric Plc,,,1146.0,45671.0,,
72147K108,Sold Out,Pilgrim's Pride Corp,370.0,15052.0,,,,
74838J101,New Holding,Quidel Corporation,,,596.0,8966.0,,
29364G103,Not New,Entergy Corporation,1645.0,20365.0,1887.0,23949.0,242.0,3584.0
031652100,Sold Out,Amkor Technology Incorporated,203.0,20057.0,,,,
44919P508,Not New,InterActiveCorp,3286.0,21548.0,3081.0,19701.0,-205.0,-1847.0
91347P105,Sold Out,Universal Display Corp,613.0,6069.0,,,,
55003T107,Not New,Lumber Liquidators Holdings In,228.0,9375.0,1751.0,73216.0,1523.0,63841.0
221006109,Not New,Corvel Corporation,453.0,8395.0,531.0,10511.0,78.0,2116.0
004498101,Sold Out,ACI Worldwide Inc,676.0,28481.0,,,,
90130A101,Not New,Twenty-First Century Fox Inc - CL A,38768.0,780201.0,9949.0,271174.0,-28819.0,-509027.0
90130A101,Not New,Twenty-First Century Fox Inc - CL A,39752.0,800000.0,9949.0,271174.0,-29803.0,-528826.0
806857108,Sold Out,Schlumberger Limited,309.0,4770.0,,,,
75605Y106,New Holding,Realogy Holdings Corp,,,509.0,22316.0,,
957090103,Not New,Westamerica Bancorporation,285.0,5048.0,554.0,9544.0,269.0,4496.0
92047W101,New Holding,Valvoline Inc,,,2776.0,128681.0,,
22160K105,New Holding,Costco Wholesale Corp.,,,5031.0,24073.0,,
852234103,Not New,Square Inc - A,622.0,10083.0,410.0,8328.0,-212.0,-1755.0
015351109,Not New,Alexion Pharmaceuticals Incorporated,4686.0,37743.0,2252.0,20202.0,-2434.0,-17541.0
76009N100,Not New,Rent-A-Center Inc.,702.0,47659.0,592.0,68598.0,-110.0,20939.0
501044101,New Holding,Kroger Company,,,3110.0,109315.0,,
929089100,Not New,Voya Financial Inc,1968.0,41881.0,1084.0,21462.0,-884.0,-20419.0
580589109,Not New,McGrath Rentcorp,870.0,13748.0,745.0,13876.0,-125.0,128.0
78469X107,Sold Out,Spx Flow Inc,466.0,9474.0,,,,
116794108,Not New,Bruker Corp,819.0,28211.0,673.0,22489.0,-146.0,-5722.0
635309107,Sold Out,National Cinemedia Inc,241.0,46341.0,,,,
75281A109,New Holding,Range Resources Corporation,,,775.0,46303.0,,
29382R107,Not New,Entravision Communications Corp,519.0,103822.0,613.0,130453.0,94.0,26631.0
989817101,Not New,Zumiez Inc,205.0,8195.0,336.0,14050.0,131.0,5855.0
615369105,Sold Out,Moody's Corporation,1030.0,6388.0,,,,
22822V101,Sold Out,Crown Castle Intl Corp,985.0,8983.0,,,,
774341101,Not New,Rockwell Collins Inc.,46726.0,346940.0,36152.0,268089.0,-10574.0,-78851.0
64829B100,Not New,New Relic Inc,1046.0,10395.0,1050.0,14168.0,4.0,3773.0
758932107,Not New,Regis Corporation,222.0,13427.0,352.0,23236.0,130.0,9809.0
780287108,Sold Out,Royal Gold Incorporated,1061.0,12360.0,,,,
70975L107,New Holding,Penumbra Inc,,,3298.0,23871.0,,
G0692U109,New Holding,Axis Capital Holdings,,,2623.0,47157.0,,
959802109,Not New,Western Union Company,870.0,42814.0,1731.0,90004.0,861.0,47190.0
48273U102,New Holding,K12 Inc,,,305.0,18646.0,,
98986T108,Not New,Zynga Inc,1810.0,444733.0,1913.0,522547.0,103.0,77814.0
76120W708,Sold Out,Resource Capital Corp,356.0,37428.0,,,,
871503108,New Holding,Symantec Corporation,,,508.0,24609.0,,
256677105,Not New,Dollar General Corp,5419.0,54959.0,2393.0,25579.0,-3026.0,-29380.0
292218104,Not New,Employers Holdings Inc,461.0,11471.0,750.0,18553.0,289.0,7082.0
64110W102,New Holding,NetEase Inc - ADR,,,637.0,2520.0,,
002121101,New Holding,A10 Networks Inc,,,101.0,16145.0,,
437076102,New Holding,Home Depot Inc.,,,21304.0,109196.0,,
55027E102,Not New,Luminex Corporation,313.0,10593.0,588.0,27893.0,275.0,17300.0
723664108,Not New,Pioneer Energy Services Corp,107.0,18369.0,85.0,31633.0,-22.0,13264.0
031162100,Not New,Amgen Incorporated,3045.0,16497.0,4305.0,25254.0,1260.0,8757.0
45321L100,Not New,Imperva Inc,2065.0,42802.0,1875.0,43297.0,-190.0,495.0
968223206,Not New,Wiley (john) & Sons -cl A,930.0,14906.0,385.0,6046.0,-545.0,-8860.0
09531U102,Sold Out,Blue Buffalo Pet Products In,12758.0,320471.0,,,,
617700109,Sold Out,Morningstar Inc,227.0,2376.0,,,,
45765U103,New Holding,Insight Enterprises Incorporated,,,857.0,17523.0,,
46146L101,Not New,Investors Bancorp Inc,665.0,52010.0,303.0,22229.0,-362.0,-29781.0
44852D108,New Holding,Huya Inc - ADR,,,503.0,15299.0,,
860897107,New Holding,Stitch Fix Inc-class A,,,1114.0,40591.0,,
98310W108,Not New,Wyndham Destinations Inc,369.0,8342.0,2631.0,22993.0,2262.0,14651.0
60855R100,New Holding,Molina Healthcare Inc,,,1809.0,18467.0,,
370334104,Sold Out,General Mills Incorporated,346.0,7686.0,,,,
92343X100,Not New,VERINT SYS INC,459.0,10359.0,1065.0,24993.0,606.0,14634.0
624580106,Not New,Movado Group Inc.,713.0,14770.0,845.0,22013.0,132.0,7243.0
930059100,New Holding,Waddell & Reed Financial Inc.-CL A,,,261.0,14519.0,,
008252108,Not New,Affiliated Managers Group Incorporated,608.0,4091.0,443.0,2339.0,-165.0,-1752.0
16359R103,New Holding,Chemed Corp,,,4247.0,13197.0,,
517834107,Not New,Las Vegas Sands Corp,3215.0,42104.0,743.0,10331.0,-2472.0,-31773.0
74348T102,Not New,Prospect Capital Corp,472.0,70348.0,295.0,45022.0,-177.0,-25326.0
962166104,New Holding,Weyerhaeuser Company,,,596.0,16338.0,,
911163103,New Holding,United Natural Foods Inc,,,479.0,11231.0,,
030420103,New Holding,American Water Works Co Inc,,,1060.0,12414.0,,
17275R102,Not New,Cisco Systems Incorporated,5157.0,119841.0,6210.0,144788.0,1053.0,24947.0
G7S00T104,Not New,Pentair PLC,2363.0,56151.0,288.0,4227.0,-2075.0,-51924.0
374689107,Not New,Gibraltar Industries Inc,591.0,15767.0,1331.0,39331.0,740.0,23564.0
112463104,Not New,Brookdale Senior Living Inc.,584.0,64240.0,443.0,65993.0,-141.0,1753.0
053484101,Not New,Avalonbay Communities Inc.,1393.0,8104.0,1213.0,7374.0,-180.0,-730.0
192479103,New Holding,Coherent Incorporated,,,1699.0,10860.0,,
78440X101,Not New,SL Green Realty Corporation,1409.0,14014.0,3886.0,40133.0,2477.0,26119.0
026874784,Sold Out,American International Group Inc.,3881.0,71319.0,,,,
91336L107,Not New,Univar Inc,762.0,29030.0,797.0,28738.0,35.0,-292.0
42809H107,New Holding,Hess Corp,,,1097.0,16407.0,,
254687106,New Holding,Walt Disney Company,,,1050.0,10020.0,,
45867G101,Sold Out,InterDigital Inc,1642.0,22314.0,,,,
566324109,Not New,Marcus & Millichap Inc,531.0,13621.0,319.0,8835.0,-212.0,-4786.0
G36738105,New Holding,Fresh Del Monte Produce Incorporated,,,312.0,7007.0,,
947890109,New Holding,Webster Financial Corp Waterbury,,,664.0,10426.0,,
G1991C105,Not New,Cardtronics PLC,575.0,23773.0,327.0,14647.0,-248.0,-9126.0
428291108,Sold Out,Hexcel Corporation,1364.0,21113.0,,,,
518439104,New Holding,Estee Lauder,,,559.0,3916.0,,
76117W109,Not New,Resolute Forest Products,190.0,18402.0,194.0,23421.0,4.0,5019.0
92529L102,Not New,Versartis Inc,26.0,12765.0,21.0,12765.0,-5.0,0.0
252131107,Not New,DexCom Inc,3908.0,41144.0,339.0,4568.0,-3569.0,-36576.0
637417106,New Holding,National Retail Properties Inc,,,677.0,15408.0,,
G01767105,Sold Out,Alkermes Plc,908.0,15666.0,,,,
416515104,Sold Out,Hartford Financial Services Group Inc.,301.0,5839.0,,,,
891906109,Not New,Total System Services Inc.,463.0,5474.0,600.0,6958.0,137.0,1484.0
701877102,New Holding,Parsley Energy Inc-class A,,,773.0,25513.0,,
30283W104,New Holding,Fts International Inc,,,400.0,28115.0,,
461203101,Not New,Invacare Corporation,938.0,50440.0,558.0,32073.0,-380.0,-18367.0
505336107,Not New,La-Z-Boy Incorporated,1473.0,48153.0,887.0,29623.0,-586.0,-18530.0
580135101,New Holding,McDonald's Corp,,,5536.0,35333.0,,
704551100,Not New,Peabody Energy Corp,1438.0,31609.0,3146.0,86188.0,1708.0,54579.0
56585A102,New Holding,Marathon Petroleum Corp,,,5041.0,71848.0,,
03874P101,New Holding,Aratana Therapeutics Inc,,,44.0,10463.0,,
69336V101,Not New,PGT Innovations Inc,896.0,42997.0,594.0,31842.0,-302.0,-11155.0
09257W100,Not New,Blackstone Mortgage Trust Inc - Class A,308.0,9809.0,1296.0,41258.0,988.0,31449.0
26969P108,New Holding,Eagle Materials Inc,,,1356.0,12917.0,,
651639106,Sold Out,Newmont Mining Corp Hldg Co,1415.0,36221.0,,,,
G0684D107,New Holding,Athene Holding Ltd-class A,,,1114.0,25411.0,,
883556102,New Holding,Thermo Fisher Scientific Inc,,,1197.0,5777.0,,
98850P109,Not New,Yum China Holdings Inc,1203.0,31278.0,688.0,16575.0,-515.0,-14703.0
620076307,Sold Out,Motorola Solutions Inc,3994.0,37933.0,,,,
550021109,New Holding,Lululemon Athletica Inc,,,2153.0,17247.0,,
69423U305,Not New,Pacific Ethanol Inc,63.0,24325.0,50.0,16563.0,-13.0,-7762.0
747619104,Not New,Quanex Building Products,184.0,10223.0,290.0,16663.0,106.0,6440.0
26884L109,Sold Out,EQT Corp,3558.0,74879.0,,,,
G68707101,Not New,Pagseguro Digital Ltd,667.0,24045.0,7930.0,206945.0,7263.0,182900.0
761299106,Not New,Retrophin Inc,1757.0,64470.0,704.0,31471.0,-1053.0,-32999.0
257867200,Sold Out,R.R. Donnelley & Sons Company,168.0,19194.0,,,,
617446448,New Holding,Morgan Stanley,,,2844.0,59994.0,,
G4412G101,Not New,Herbalife Nutrition Ltd,5152.0,95908.0,2244.0,23025.0,-2908.0,-72883.0
126349109,New Holding,CSG Systems International Incorporated,,,367.0,8983.0,,
88339J105,Sold Out,Trade Desk Inc/the -class A,376.0,7571.0,,,,
037598109,Not New,Apogee Enterprises Incorporated,252.0,5235.0,252.0,5816.0,0.0,581.0
P31076105,Not New,Copa Holdings SA - Class A,2224.0,23509.0,962.0,7475.0,-1262.0,-16034.0
76243J105,New Holding,Rhythm Pharmaceuticals Inc,,,243.0,7758.0,,
12514G108,Sold Out,Cdw Corp/de,394.0,5599.0,,,,
400110102,New Holding,Grubhub Inc,,,4880.0,46518.0,,
76131D103,Not New,Restaurant Brands International Inc,2559.0,42437.0,2459.0,43200.0,-100.0,763.0
45579J112,Not New,Industrea Acquisition Corp-a,76.0,126882.0,69.0,126882.0,-7.0,0.0
427096508,Not New,Hercules Capital Inc,447.0,35343.0,217.0,17910.0,-230.0,-17433.0
553530106,Not New,MSC Industrial Direct Co Inc,1289.0,15191.0,1081.0,11783.0,-208.0,-3408.0
04685W103,Sold Out,Athenahealth Inc,1661.0,11612.0,,,,
682143102,Sold Out,Omeros Corp,405.0,36225.0,,,,
20825C104,Not New,ConocoPhillips,5377.0,77238.0,1681.0,28345.0,-3696.0,-48893.0
615394202,New Holding,Moog Inc. -CL A,,,570.0,7312.0,,
N59465109,Sold Out,Mylan NV,1285.0,31216.0,,,,
422704106,New Holding,Hecla Mining Co,,,60.0,17234.0,,
55303A105,Sold Out,Mgm Growth Properties Llc-a,562.0,21188.0,,,,
302130109,Not New,Expeditors International of Wash. Inc.,879.0,12031.0,363.0,5739.0,-516.0,-6292.0
302491303,Sold Out,FMC Corporation,745.0,9730.0,,,,
36555P107,Not New,Gardner Denver Holdings Inc,707.0,24070.0,376.0,12266.0,-331.0,-11804.0
478160104,Not New,Johnson & Johnson,2199.0,18120.0,5780.0,45103.0,3581.0,26983.0
594972408,Sold Out,MicroStrategy Incorporated,421.0,3266.0,,,,
554382101,Not New,Macerich Stk,2997.0,52733.0,391.0,6981.0,-2606.0,-45752.0
98138H101,New Holding,Workday Inc-class A,,,1291.0,10658.0,,
674599105,Not New,Occidental Petroleum Corp,1319.0,15759.0,4232.0,65145.0,2913.0,49386.0
693718108,New Holding,PACCAR Inc.,,,1670.0,26958.0,,
90385D107,Not New,Ultimate Software Group Inc,424.0,1648.0,555.0,2278.0,131.0,630.0
44967H101,Sold Out,ILG Inc,404.0,12982.0,,,,
205306103,Not New,Computer Programs & Systems Inc,439.0,13352.0,325.0,11124.0,-114.0,-2228.0
14964U108,Sold Out,Cavium Inc,1588.0,20000.0,,,,
73278L105,Sold Out,Pool Corp,1567.0,10720.0,,,,
01609W102,Not New,Alibaba Group Holding-sp Adr,7509.0,40475.0,4800.0,26153.0,-2709.0,-14322.0
343498101,New Holding,Flowers Foods Inc,,,281.0,13512.0,,
477143101,New Holding,Jetblue Airways Corp,,,645.0,33971.0,,
005094107,Sold Out,Actua Corp,26.0,22790.0,,,,
747525103,Not New,Qualcomm Incorporated,5626.0,100251.0,2729.0,49245.0,-2897.0,-51006.0
747525103,Not New,Qualcomm Incorporated,5626.0,100251.0,11082.0,200000.0,5456.0,99749.0
747525103,Not New,Qualcomm Incorporated,5626.0,100251.0,8755.0,158000.0,3129.0,57749.0
747525103,Not New,Qualcomm Incorporated,2806.0,50000.0,2729.0,49245.0,-77.0,-755.0
747525103,Not New,Qualcomm Incorporated,2806.0,50000.0,11082.0,200000.0,8276.0,150000.0
747525103,Not New,Qualcomm Incorporated,2806.0,50000.0,8755.0,158000.0,5949.0,108000.0
97650W108,New Holding,Wintrust Financial Corp,,,1732.0,19894.0,,
26856L103,New Holding,Elf Beauty Inc,,,185.0,12136.0,,
46266C105,Not New,IQVIA Holdings Inc,6258.0,62697.0,457.0,4657.0,-5801.0,-58040.0
138098108,New Holding,Cantel Medical Corp,,,883.0,8975.0,,
125141101,Not New,Ceco Environmental Corp,101.0,16519.0,85.0,19136.0,-16.0,2617.0
900435108,New Holding,Turquoise Hill Resources Ltd,,,213.0,74957.0,,
127387108,Not New,Cadence Design Systems Incorporated,358.0,8259.0,278.0,7555.0,-80.0,-704.0
31620R303,Sold Out,Fnf Group,940.0,23486.0,,,,
716382106,New Holding,PetMed Express Inc,,,787.0,17868.0,,
500255104,New Holding,Kohl's Corporation,,,2853.0,39135.0,,
24703L103,Not New,Dell Technologies Inc,19321.0,228433.0,15852.0,216531.0,-3469.0,-11902.0
262037104,Sold Out,Dril-Quip,636.0,14193.0,,,,
54142L109,Not New,Logmein Inc,438.0,4239.0,259.0,2243.0,-179.0,-1996.0
57772K101,Not New,Maxim Integrated Products Incorporated,3760.0,64100.0,1651.0,27423.0,-2109.0,-36677.0
63888P406,Not New,Natural Health Trends Corp,540.0,21573.0,433.0,22759.0,-107.0,1186.0
02553E106,Not New,American Eagle Outfitters,2991.0,128630.0,753.0,37773.0,-2238.0,-90857.0
984121608,New Holding,Xerox Corp,,,1553.0,64722.0,,
654902204,New Holding,Nokia Corp-spon ADR,,,615.0,106895.0,,
459506101,New Holding,International Flavors and Fragrances,,,1251.0,10093.0,,
02005N100,New Holding,Ally Financial Inc,,,340.0,12929.0,,
857477103,Not New,State Street Corporation,3394.0,36455.0,3021.0,30296.0,-373.0,-6159.0
806407102,New Holding,Henry Schein Incorporated,,,619.0,8520.0,,
30034T103,Sold Out,Everi Holdings Inc,1989.0,302676.0,,,,
169656105,New Holding,Chipotle Mexican Grill,,,239.0,555.0,,
47012E106,Not New,Jakks Pacific Inc,67.0,20571.0,43.0,20571.0,-24.0,0.0
92857F107,Sold Out,Vocera Communications Inc,237.0,10124.0,,,,
02376R102,New Holding,American Airlines Group Inc,,,955.0,25162.0,,
02208R106,Not New,Altra Industrial Motion Corp,233.0,5409.0,433.0,9426.0,200.0,4017.0
460335201,Not New,International Speedway Corporation,716.0,16010.0,863.0,19563.0,147.0,3553.0
132011107,Not New,Cambrex Corporation,904.0,17291.0,1074.0,20535.0,170.0,3244.0
82968B103,Not New,Sirius XM Holdings Inc,241.0,35526.0,81.0,13009.0,-160.0,-22517.0
38068T105,Not New,Gold Resource Corp,294.0,44590.0,233.0,51661.0,-61.0,7071.0
67103X102,New Holding,OFG Bancorp,,,186.0,13262.0,,
65441V101,New Holding,Nine Energy Service Inc,,,311.0,9398.0,,
67020Y100,Sold Out,Nuance Communications Inc,749.0,47558.0,,,,
30224P200,Not New,Extended Stay America Inc,560.0,25933.0,712.0,35989.0,152.0,10056.0
373737105,Sold Out,Gerdau SA-ADR,131.0,28177.0,,,,
147448104,Sold Out,Casella Waste Systems Inc-A,517.0,22131.0,,,,
23355L106,Sold Out,DXC Technology Co,4733.0,47084.0,,,,
896749108,Not New,Triple-s Management Corp-b,983.0,25167.0,928.0,35504.0,-55.0,10337.0
48123V102,Sold Out,j2 Global Inc,303.0,3834.0,,,,
04269X105,Not New,Array Biopharma Inc,693.0,41310.0,1245.0,76307.0,552.0,34997.0
02913V103,Not New,American Public Education,452.0,10731.0,389.0,9040.0,-63.0,-1691.0
87165B103,Not New,Synchrony Financial,694.0,20781.0,2154.0,64246.0,1460.0,43465.0
035255108,Sold Out,Anika Therapeutics Inc,482.0,9687.0,,,,
Q9235V101,Sold Out,Tronox Ltd,914.0,49540.0,,,,
49456B101,New Holding,Kinder Morgan Inc,,,830.0,46990.0,,
693506107,New Holding,PPG Industries Incorporated,,,635.0,6118.0,,
03071H100,Not New,Amerisafe Inc,611.0,10575.0,488.0,8829.0,-123.0,-1746.0
65249B109,Not New,News Corp/new-cl A,1842.0,118836.0,845.0,53464.0,-997.0,-65372.0
693320202,Not New,PHH Corp,706.0,65020.0,755.0,72191.0,49.0,7171.0
G8232Y101,New Holding,Smart Global Holdings Inc,,,601.0,18852.0,,
92339V100,New Holding,VEREIT Inc,,,2183.0,293368.0,,
278715206,Not New,Ebix Inc,710.0,9308.0,1049.0,14080.0,339.0,4772.0
002824100,New Holding,Abbott Laboratories,,,329.0,5400.0,,
05329W102,New Holding,Autonation Incorporated,,,1193.0,24552.0,,
75062E106,New Holding,Rafael Holdings Inc-class B,,,192.0,20920.0,,
811543107,Not New,Seaboard Corporation,693.0,175.0,695.0,163.0,2.0,-12.0
248019101,Not New,Deluxe Corporation,1631.0,24638.0,360.0,4865.0,-1271.0,-19773.0
19247A100,Sold Out,Cohen & Steers Inc,580.0,14263.0,,,,
751212101,New Holding,Ralph Lauren Corp,,,747.0,5940.0,,
969203108,Sold Out,Willbros Group Incorporated,8.0,14352.0,,,,
131193104,New Holding,Callaway Golf Company,,,993.0,52370.0,,
750491102,Sold Out,RadNet Inc,172.0,11944.0,,,,
81725T100,Sold Out,Sensient Technologies Corporation,318.0,4506.0,,,,
94733A104,Sold Out,Web.com Group Inc,346.0,19092.0,,,,
441593100,Sold Out,Houlihan Lokey Inc,225.0,5054.0,,,,
23317H102,Sold Out,DDR Corp,1373.0,187301.0,,,,
039380407,Sold Out,Arch Coal Inc,696.0,7580.0,,,,
88870R102,Sold Out,Tivity Health Inc,742.0,18712.0,,,,
73754Y100,New Holding,Potbelly Corp,,,184.0,14197.0,,
13089P101,Not New,Calithera Biosciences Inc,60.0,12072.0,204.0,32360.0,144.0,20288.0
516012101,New Holding,LANNETT CO INC,,,273.0,20050.0,,
16119P108,Not New,Charter Communications Inc,7389.0,25200.0,4161.0,13370.0,-3228.0,-11830.0
438516106,Not New,Honeywell International Inc.,1218.0,8457.0,3696.0,25577.0,2478.0,17120.0
04341Y105,Not New,Asanko Gold Inc,66.0,61873.0,62.0,61873.0,-4.0,0.0
21871N101,Not New,CoreCivic Inc,269.0,11264.0,329.0,16842.0,60.0,5578.0
651290108,Not New,Newfield Explor Stk,932.0,30794.0,566.0,23158.0,-366.0,-7636.0
37045V100,Sold Out,General Motors Co,689.0,18948.0,,,,
46284V101,Not New,Iron Mountain Inc.,342.0,9761.0,594.0,18088.0,252.0,8327.0
482480100,Not New,KLA -Tencor Corporation,2145.0,20921.0,584.0,5361.0,-1561.0,-15560.0
45254P508,Not New,Impac Mortgage Holdings Inc,100.0,10488.0,83.0,10488.0,-17.0,0.0
575385109,Not New,Masonite International Corp,1713.0,23846.0,1542.0,25137.0,-171.0,1291.0
75886F107,New Holding,Regeneron Pharmaceuticals Incorporated,,,3116.0,9032.0,,
29084Q100,Sold Out,EMCOR Group Incorporated,673.0,8641.0,,,,
68234X102,Not New,Oncomed Pharmaceuticals Inc,74.0,31909.0,101.0,31909.0,27.0,0.0
494368103,Sold Out,Kimberly-Clark Corporation,1268.0,11517.0,,,,
G4182A102,Not New,Gty Technology Holdings In-a,1010.0,99996.0,995.0,99996.0,-15.0,0.0
460146103,Sold Out,International Paper Company,2716.0,50824.0,,,,
60879B107,New Holding,Momo Inc-adr,,,1367.0,31418.0,,
69329Y104,Sold Out,PDL BioPharma Inc,63.0,21351.0,,,,
04351G101,Sold Out,Ascena Retail Group Inc,111.0,55236.0,,,,
879433829,New Holding,Telephone and Data Systems Incorporated,,,471.0,17164.0,,
452327109,New Holding,Illumina,,,4480.0,16039.0,,
848574109,Sold Out,Spirit Aerosystems Hold - Class A,1433.0,17123.0,,,,
74967X103,Not New,RH,845.0,6051.0,2071.0,21735.0,1226.0,15684.0
892356106,New Holding,Tractor Supply Co,,,2647.0,34610.0,,
688239201,New Holding,Oshkosh Corp(CLASS B),,,415.0,5900.0,,
94946T106,Not New,WellCare Health Plans Inc,709.0,2878.0,778.0,4018.0,69.0,1140.0
56382Q102,Not New,Manning & Napier Inc,38.0,12147.0,43.0,12147.0,5.0,0.0
464287200,New Holding,iShares Core S&P 500 ETF,,,1190.0,4360.0,,
55825T103,Not New,Madison Square Garden Co/The,1052.0,3391.0,736.0,2995.0,-316.0,-396.0
858119100,Sold Out,Steel Dynamics Incorporated,419.0,9469.0,,,,
736508847,Not New,Portland General Electric Co,2727.0,63771.0,2061.0,50865.0,-666.0,-12906.0
512816109,Sold Out,Lamar Advertising Company,338.0,5314.0,,,,
896945201,New Holding,TripAdvisor Inc,,,4201.0,75417.0,,
902788108,Not New,UMB Financial Corp.,280.0,3676.0,459.0,6336.0,179.0,2660.0
84920Y106,Not New,Sportsman's Warehouse Holdin,152.0,29757.0,328.0,80489.0,176.0,50732.0
37953G103,Not New,Global Brass & Copper Holdin,231.0,7358.0,235.0,7026.0,4.0,-332.0
30226D106,New Holding,Extreme Networks,,,271.0,34063.0,,
47233W109,New Holding,Jefferies Financial Group Inc,,,2546.0,111970.0,,
86183P102,New Holding,Stoneridge Inc,,,287.0,8156.0,,
45866F104,Sold Out,Intercontinental Exchange Inc,1260.0,17372.0,,,,
35904G107,Not New,Front Yard Residential Corp,233.0,22363.0,261.0,25945.0,28.0,3582.0
N96617118,New Holding,Wright Medical Group NV,,,884.0,34061.0,,
212485106,Not New,Convergys Corporation,1529.0,62560.0,2077.0,91812.0,548.0,29252.0
G29183103,Not New,Eaton Corp PLC,248.0,3322.0,908.0,11357.0,660.0,8035.0
46120E602,Not New,Intuitive Surgical Inc,4156.0,8685.0,1984.0,4805.0,-2172.0,-3880.0
04878Q863,Not New,Atlantic Power Corp,187.0,85017.0,179.0,85017.0,-8.0,0.0
466313103,New Holding,Jabil Inc,,,1691.0,61124.0,,
368736104,Not New,Generac Holdings Inc,500.0,9665.0,1440.0,31371.0,940.0,21706.0
38141G104,New Holding,Goldman Sachs Inc,,,3164.0,14346.0,,
021346101,Not New,Altaba Inc,263.0,3586.0,7320.0,98868.0,7057.0,95282.0
127203107,New Holding,Cactus Inc - A,,,826.0,24433.0,,
68389X105,Not New,Oracle Corporation,5776.0,131083.0,1643.0,35910.0,-4133.0,-95173.0
459200101,Sold Out,IBM Corporation,869.0,5664.0,,,,
713448108,Sold Out,Pepsico Incorporated,3927.0,35979.0,,,,
38741L107,Not New,Granite Point Mortgage Trust,741.0,40368.0,556.0,33639.0,-185.0,-6729.0
281020107,Sold Out,Edison International,1214.0,19076.0,,,,
553573106,Not New,MSG Networks Inc - A,1196.0,49945.0,1381.0,61085.0,185.0,11140.0
806882106,Not New,Schnitzer Steel Industries Inc,736.0,21843.0,317.0,9798.0,-419.0,-12045.0
12621E103,Not New,CNO Financial Group Inc,802.0,42110.0,485.0,22373.0,-317.0,-19737.0
G8060N102,New Holding,Sensata Technologies Holding PLC,,,898.0,18877.0,,
60871R209,Sold Out,Molson Coors Brewing Co - Class B,2033.0,26989.0,,,,
749660106,Not New,RPC Incorporated,1209.0,82979.0,1460.0,80969.0,251.0,-2010.0
989207105,Not New,Zebra Technologies Corporation,2338.0,16318.0,293.0,2105.0,-2045.0,-14213.0
G2709G107,New Holding,Delphi Technologies Plc,,,4358.0,95859.0,,
637372301,Sold Out,National Research Corporation (B),254.0,5100.0,,,,
81369Y886,New Holding,AMEX Utility Select SPDR Fund,,,282.0,5419.0,,
376546107,Not New,Gladstone Investment Corporation,240.0,20377.0,204.0,20200.0,-36.0,-177.0
98974P100,Not New,Zix Corporation,569.0,105474.0,506.0,118392.0,-63.0,12918.0
001084102,Sold Out,AGCO Corporation,1188.0,18317.0,,,,
056752108,Not New,Baidu Inc - Spon Adr,14962.0,61573.0,4231.0,18955.0,-10731.0,-42618.0
925550105,New Holding,Viavi Solutions Inc,,,404.0,39450.0,,
76680V108,Sold Out,Ring Energy Inc,308.0,21430.0,,,,
00191G103,Not New,ARC Document Solutions Inc,38.0,21551.0,47.0,21551.0,9.0,0.0
171798101,Sold Out,Cimarex Energy Co,838.0,8960.0,,,,
04351P101,Sold Out,Ascendis Pharma A/s - Adr,766.0,11705.0,,,,
419596101,Not New,Haverty Furniture Companies Incorporated,388.0,17958.0,436.0,21620.0,48.0,3662.0
55910K108,New Holding,Magenta Therapeutics Inc,,,135.0,10000.0,,
45778Q107,Not New,Insperity Inc,449.0,4718.0,1039.0,14932.0,590.0,10214.0
770323103,New Holding,Robert Half International Incorporated,,,702.0,10783.0,,
607828100,Not New,Modine Manufacturing Company,363.0,19889.0,218.0,10306.0,-145.0,-9583.0
25271C102,Sold Out,Diamond Offshore Drilling,230.0,15704.0,,,,
628464109,New Holding,Myers Industries Inc.,,,482.0,25107.0,,
317485100,Not New,Financial Engines Inc,794.0,17678.0,1172.0,33490.0,378.0,15812.0
743424103,New Holding,Proofpoint Inc,,,2278.0,19753.0,,
803607100,New Holding,Sarepta Therapeutics Inc,,,5388.0,40761.0,,
931142103,Not New,Walmart Inc,9381.0,109530.0,1599.0,17970.0,-7782.0,-91560.0
10922N103,New Holding,Brighthouse Financial Inc-wi,,,440.0,10970.0,,
440894103,Not New,Hortonworks Inc,1575.0,86447.0,808.0,39678.0,-767.0,-46769.0
69351T106,Not New,PPL Corporation,4289.0,150215.0,455.0,16075.0,-3834.0,-134140.0
78667J108,New Holding,Sage Therapeutics Inc,,,836.0,5341.0,,
216831107,Sold Out,Cooper Tire & Rubber Company,222.0,7565.0,,,,
004225108,New Holding,Acadia Pharmaceuticals Inc,,,1339.0,87705.0,,
093671105,New Holding,Block H & R Incorporated,,,1808.0,79372.0,,
469814107,New Holding,Jacobs Engineering Group Incorporated,,,2896.0,45610.0,,
268785102,Not New,Ep Energy Corp-cl A,124.0,41334.0,28.0,21178.0,-96.0,-20156.0
N6596X109,Not New,Nxp Semiconductors Nv,51678.0,472941.0,78878.0,674168.0,27200.0,201227.0
N6596X109,Not New,Nxp Semiconductors Nv,51678.0,472941.0,47970.0,410000.0,-3708.0,-62941.0
N6596X109,Not New,Nxp Semiconductors Nv,76490.0,700000.0,78878.0,674168.0,2388.0,-25832.0
N6596X109,Not New,Nxp Semiconductors Nv,76490.0,700000.0,47970.0,410000.0,-28520.0,-290000.0
501889208,Not New,LKQ Corp,1662.0,52085.0,243.0,6398.0,-1419.0,-45687.0
703481101,New Holding,"Patterson-UTI Energy, Inc.",,,520.0,28866.0,,
527288104,Sold Out,Leucadia National Corporation,394.0,17324.0,,,,
852857200,Sold Out,Stamps.com Inc,214.0,1062.0,,,,
89610F101,New Holding,Tricida Inc,,,206.0,6895.0,,
405217100,Not New,Hain Celestial Group Inc,1266.0,42470.0,632.0,19716.0,-634.0,-22754.0
87162W100,Sold Out,SYNNEX CORP,303.0,2557.0,,,,
922280102,Not New,Varonis Systems Inc,260.0,3488.0,507.0,8383.0,247.0,4895.0
756109104,New Holding,Realty Income Corporation,,,3002.0,55811.0,,
199908104,Not New,Comfort Systems USA Inc,798.0,17429.0,682.0,16545.0,-116.0,-884.0
907818108,Not New,Union Pacific Corporation,1150.0,8119.0,3249.0,24165.0,2099.0,16046.0
257559203,Not New,Domtar Corp,1591.0,33316.0,215.0,5063.0,-1376.0,-28253.0
64115T104,Not New,Netscout Systems Inc,1672.0,56292.0,1153.0,43739.0,-519.0,-12553.0
812578102,Not New,Seattle Genetics Inc /WA,1120.0,16866.0,1567.0,29932.0,447.0,13066.0
12541W209,New Holding,C.H. Robinson Worldwide Incorporated,,,3054.0,36499.0,,
750917106,Not New,Rambus Incorporated,184.0,14666.0,663.0,49350.0,479.0,34684.0
03674X106,Sold Out,Antero Resources Corp,528.0,26594.0,,,,
405024100,Not New,Haemonetics Corporation,3112.0,34703.0,1189.0,16247.0,-1923.0,-18456.0
34964C106,New Holding,Fortune Brands Home & Security Inc.,,,3053.0,56869.0,,
58502B106,Not New,Mednax Inc,1235.0,28527.0,819.0,14729.0,-416.0,-13798.0
680665205,Sold Out,Olin Corp,2070.0,68123.0,,,,
655664100,Sold Out,Nordstrom Inc,1658.0,34250.0,,,,
44107P104,Not New,Host Hotels & Resorts Inc,221.0,10473.0,643.0,34506.0,422.0,24033.0
458140100,New Holding,Intel Corporation,,,4694.0,94435.0,,
00847G705,New Holding,Agenus Inc,,,43.0,19066.0,,
744320102,Not New,"Prudential Financial, Inc.",1012.0,10827.0,959.0,9262.0,-53.0,-1565.0
G33856108,Not New,Ferroglobe Plc,1132.0,132048.0,1414.0,131763.0,282.0,-285.0
302941109,Sold Out,FTI Consulting Inc.,249.0,5142.0,,,,
63633D104,New Holding,National Health Investors Incorporated,,,502.0,6815.0,,
G4388N106,New Holding,Helen of Troy Limited,,,254.0,2584.0,,
007903107,New Holding,Advanced Micro Devices Incorporated,,,1231.0,82153.0,,
28140H203,Sold Out,Education Realty Trust Inc,473.0,14444.0,,,,
G9456A100,Not New,Golar LNG Ltd,976.0,33141.0,788.0,28806.0,-188.0,-4335.0
003881307,Not New,Acacia Research Corp,87.0,20894.0,76.0,21740.0,-11.0,846.0
81734P107,Not New,Sequential Brands Group Inc.,26.0,13280.0,28.0,13280.0,2.0,0.0
78409V104,Sold Out,S&P Global Inc,3877.0,20293.0,,,,
852312305,New Holding,STAAR Surgical Company,,,909.0,29315.0,,
46090E103,New Holding,Invesco QQQ Trust Series 1,,,1890.0,11010.0,,
91544A109,New Holding,Upland Software Inc,,,278.0,8102.0,,
09247X101,New Holding,Blackrock Inc,,,568.0,1138.0,,
254067101,Not New,Dillards Incorporated Cl A,3376.0,35720.0,1215.0,15118.0,-2161.0,-20602.0
G5480U104,Not New,Liberty Global Plc - A,1958.0,71112.0,1236.0,39492.0,-722.0,-31620.0
278642103,Not New,Ebay Incorporated,9582.0,264262.0,6426.0,159686.0,-3156.0,-104576.0
883203101,New Holding,Textron Incorporated,,,1116.0,16933.0,,
09239B109,Not New,Blackline Inc,1069.0,24612.0,1622.0,41368.0,553.0,16756.0
723787107,Sold Out,Pioneer Natural Resources,1997.0,11627.0,,,,
880779103,Not New,Terex Corp.,1438.0,34095.0,286.0,7638.0,-1152.0,-26457.0
51509F105,New Holding,Lands' End Inc,,,234.0,8397.0,,
630077105,Not New,Nanometrics Inc,1198.0,33838.0,621.0,23100.0,-577.0,-10738.0
303250104,New Holding,Fair Isaac Corp,,,1307.0,6761.0,,
69007J106,Not New,Outfront Media Inc,924.0,47524.0,1972.0,105220.0,1048.0,57696.0
000307108,Sold Out,Aac Holdings Inc,150.0,13030.0,,,,
42704L104,Sold Out,Herc Holdings Inc,767.0,11807.0,,,,
75972A301,Sold Out,Renewable Energy Group Inc,669.0,52257.0,,,,
269246401,New Holding,ETrade Financial Corporation,,,2293.0,37488.0,,
875465106,Sold Out,"Tanger Factory Outlet Centers, Inc.",438.0,19906.0,,,,
755111507,New Holding,Raytheon Company,,,3098.0,16036.0,,
743315103,Not New,Progressive Corporation,2480.0,41921.0,535.0,8783.0,-1945.0,-33138.0
50105F105,Sold Out,Kronos Worldwide Inc,831.0,36759.0,,,,
09523Q101,New Holding,Blue Apron Holdings Inc-a,,,104.0,30905.0,,
G5960L103,Not New,Medtronic PLC,300.0,3507.0,1788.0,22290.0,1488.0,18783.0
72766Q105,Not New,Platform Specialty Products -a,2836.0,244498.0,2706.0,281008.0,-130.0,36510.0
12650T104,Sold Out,Csra Inc,37054.0,898720.0,,,,
038923108,New Holding,Arbor Realty Trust Inc,,,840.0,80539.0,,
62886E108,Sold Out,NCR Corporation,297.0,9436.0,,,,
26875P101,Sold Out,EOG Resources Inc.,2122.0,20157.0,,,,
09061G101,New Holding,Biomarin Pharmaceutical Inc.,,,1664.0,17662.0,,
458665304,Not New,Interface Incorporated (CL A),648.0,28226.0,1001.0,39734.0,353.0,11508.0
94106L109,Sold Out,Waste Management Inc.,402.0,4779.0,,,,
29670E107,New Holding,Essential Properties Realty,,,677.0,50000.0,,
82900L102,Not New,Simply Good Foods Co/the,818.0,56645.0,383.0,27887.0,-435.0,-28758.0
464287176,Not New,iShares TIPS Bond ETF,10381.0,91971.0,6561.0,58040.0,-3820.0,-33931.0
110122108,Not New,Bristol Myers Squibb Company,4799.0,86718.0,4337.0,68575.0,-462.0,-18143.0
969457100,Sold Out,Williams Cos Inc,1587.0,63841.0,,,,
718172109,Not New,Philip Morris International,1264.0,15661.0,1770.0,17807.0,506.0,2146.0
G1151C101,Sold Out,Accenture Plc - CL A,756.0,4924.0,,,,
64704V106,Sold Out,New Media Investment Group,362.0,21111.0,,,,
30227M105,Not New,Extraction Oil & Gas Inc,808.0,54994.0,703.0,61374.0,-105.0,6380.0
46590V100,Sold Out,Jbg Smith Properties,437.0,12964.0,,,,
120076104,Not New,Build-A-Bear Workshop Inc,119.0,15679.0,128.0,13994.0,9.0,-1685.0
92335C106,Not New,Vera Bradley Inc,305.0,21741.0,416.0,39234.0,111.0,17493.0
783332109,Sold Out,Ruth's Hospitality Group Inc,333.0,13601.0,,,,
184499101,Not New,Clean Energy Fuels Corp,119.0,32171.0,118.0,71800.0,-1.0,39629.0
47023A309,Not New,Jamba Inc,207.0,19412.0,167.0,19412.0,-40.0,0.0
963320106,Not New,Whirlpool Corporation,984.0,6728.0,1747.0,11410.0,763.0,4682.0
983919101,New Holding,Xilinx Incorporated,,,3500.0,53632.0,,
G57279104,Sold Out,Luxoft Holding Inc,255.0,6217.0,,,,
48666K109,Sold Out,KB Home,2991.0,105116.0,,,,
64125C109,Sold Out,Neurocrine Biosciences Incorporated,741.0,8941.0,,,,
385002308,Not New,Gramercy Property Trust,211.0,7708.0,766.0,35254.0,555.0,27546.0
444097109,New Holding,Hudson Pacific Properties Inc.,,,383.0,10819.0,,
781270103,New Holding,Rudolph Technologies Incoporated,,,324.0,10961.0,,
733174700,Not New,Popular Incorporated,1509.0,33382.0,1254.0,30132.0,-255.0,-3250.0
48576U106,Sold Out,Karyopharm Therapeutics Inc,163.0,12157.0,,,,
966387409,Not New,Whiting Petroleum Corp,3624.0,68741.0,1502.0,44396.0,-2122.0,-24345.0
960878106,Sold Out,Westmoreland Coal Company,18.0,43285.0,,,,
168615102,Not New,Chico's Fas Inc,546.0,67136.0,96.0,10643.0,-450.0,-56493.0
868873100,Sold Out,Surmodics Inc,291.0,7654.0,,,,
44157R109,Not New,Houghton Mifflin Harcourt Co,989.0,129247.0,1076.0,154749.0,87.0,25502.0
36467J108,Not New,Gaming And Leisure Prope,1458.0,40732.0,3090.0,92328.0,1632.0,51596.0
29272W109,Not New,Energizer Holdings Inc,3628.0,57630.0,1524.0,25586.0,-2104.0,-32044.0
005098108,New Holding,Acushnet Holdings Corp,,,243.0,9936.0,,
316773100,Not New,Fifth Third Bancorp,3293.0,114740.0,1897.0,59734.0,-1396.0,-55006.0
43283X105,Sold Out,Hilton Grand Vacations,973.0,22606.0,,,,
45168K306,Sold Out,Idera Pharmaceuticals Inc,38.0,20794.0,,,,
73943T103,Not New,Pq Group Holdings Inc,305.0,16917.0,495.0,35451.0,190.0,18534.0
74624M102,Not New,Pure Storage Inc - Class A,2454.0,102748.0,2484.0,124493.0,30.0,21745.0
88160R101,Sold Out,Tesla Inc,1786.0,6711.0,,,,
422819102,Not New,Heidrick & Struggles Intl,250.0,7136.0,232.0,7439.0,-18.0,303.0
62913F508,New Holding,Nii Holdings Inc,,,137.0,35000.0,,
60937P106,Not New,Mongodb Inc,6582.0,132615.0,516.0,11890.0,-6066.0,-120725.0
464287655,New Holding,iShares Russell 2000 ETF,,,528.0,3227.0,,
64156L101,New Holding,Nevsun Resources Ltd,,,109.0,31390.0,,
380237107,Sold Out,Godaddy Inc - Class A,1661.0,27041.0,,,,
817565104,Not New,Service Corporation International,701.0,19588.0,2221.0,58838.0,1520.0,39250.0
705573103,New Holding,Pegasystems Inc.,,,1065.0,19431.0,,
125509109,Not New,Cigna Corp,1605.0,9443.0,731.0,4358.0,-874.0,-5085.0
264411505,New Holding,Duke Realty Corp,,,320.0,11027.0,,
988498101,Sold Out,Yum! Brands Inc,2414.0,28360.0,,,,
141619106,Not New,Cardiovascular Systems Inc,679.0,21010.0,449.0,20489.0,-230.0,-521.0
482539103,Sold Out,Klx Inc,210.0,2951.0,,,,
Y2685T131,New Holding,Genco Shipping & Trading Ltd,,,397.0,25584.0,,
67077M108,Sold Out,Nutrien Ltd,774.0,16381.0,,,,
761152107,New Holding,ResMed Incorporated,,,2356.0,22742.0,,
91324P102,Not New,United HealthCare Group,10594.0,43182.0,3050.0,14252.0,-7544.0,-28930.0
060505104,New Holding,Bank of America Corporation,,,3364.0,119316.0,,
690732102,Sold Out,Owens & Minor Inc,337.0,21700.0,,,,
247361702,Not New,Delta Air Lines Inc,854.0,17233.0,1509.0,27525.0,655.0,10292.0
302301106,Not New,Ezcorp Incorporated CL A,604.0,50118.0,487.0,36863.0,-117.0,-13255.0
93627C101,Not New,Warrior Met Coal Inc,789.0,28605.0,388.0,13870.0,-401.0,-14735.0
143130102,New Holding,Circuit City Stores Inc-CarMax Group,,,2692.0,36938.0,,
00234P102,New Holding,AV Homes Inc,,,21400.0,1000000.0,,
14067E506,Not New,Capstead Mortgage Corporation,361.0,40312.0,308.0,35634.0,-53.0,-4678.0
012653101,Not New,Albemarle Corp,2247.0,23820.0,3290.0,35475.0,1043.0,11655.0
92672L107,Sold Out,Viewray Inc,68.0,10573.0,,,,
38500T101,New Holding,Gran Tierra Energy Inc,,,94.0,27280.0,,
879369106,New Holding,Teleflex Inc.,,,552.0,2057.0,,
297602104,Not New,Ethan Allen Interiors Incorporated,1169.0,47722.0,1072.0,46730.0,-97.0,-992.0
14149Y108,New Holding,Cardinal Health Incorporated,,,902.0,18467.0,,
896288107,Not New,Trinet Group Inc,977.0,17460.0,1334.0,28808.0,357.0,11348.0
75606N109,New Holding,Realpage Inc,,,2428.0,44066.0,,
801056102,New Holding,Sanmina Corp,,,682.0,23268.0,,
05455M100,New Holding,Avrobio Inc,,,214.0,7500.0,,
90187B408,Not New,Two Harbors Investment Corp,1069.0,67656.0,1251.0,81404.0,182.0,13748.0
97382A309,New Holding,Windstream Holdings Inc,,,271.0,51436.0,,
709102107,Not New,Pennsylvania Real Estate Investment Trust,1312.0,119400.0,427.0,44243.0,-885.0,-75157.0
529898108,Not New,Libbey Incorporated,214.0,26356.0,123.0,25251.0,-91.0,-1105.0
171340102,New Holding,Church & Dwight Company Inc,,,445.0,8371.0,,
74267C106,Sold Out,ProAssurance Corporation,581.0,11976.0,,,,
135086106,Not New,Canada Goose Holdings Inc-USD,2088.0,35480.0,1347.0,40316.0,-741.0,4836.0
896239100,Not New,Trimble Inc,2961.0,90166.0,2672.0,74475.0,-289.0,-15691.0
98954M101,Sold Out,Zillow Group Inc,680.0,12597.0,,,,
64049M209,Not New,Neogenomics Inc,545.0,41542.0,134.0,16380.0,-411.0,-25162.0
89785X101,Sold Out,TrueBlue Inc,353.0,13635.0,,,,
G9319H102,Not New,Validus Holdings Ltd,30700.0,454146.0,26419.0,391683.0,-4281.0,-62463.0
81369Y209,New Holding,AMEX Health Care Select Sector SPDR Fund,,,236.0,2829.0,,
254543101,Not New,Diodes Inc,608.0,17626.0,578.0,18971.0,-30.0,1345.0
05591B109,Not New,BMC Stock Holdings Inc,405.0,19404.0,753.0,38496.0,348.0,19092.0
21925Y103,Not New,Cornerstone Ondemand Inc,469.0,9889.0,719.0,18391.0,250.0,8502.0
896522109,Not New,Trinity Industries Inc.,276.0,8055.0,1900.0,58222.0,1624.0,50167.0
117043109,Not New,Brunswick Corporation,3257.0,50513.0,555.0,9343.0,-2702.0,-41170.0
007973100,Not New,Advanced Energy Industries Incorporated,1175.0,20230.0,1415.0,22139.0,240.0,1909.0
82568P304,Sold Out,Shutterfly Inc,2061.0,25370.0,,,,
58933Y105,Sold Out,Merck & Co. Incorporated,3486.0,63992.0,,,,
512807108,Not New,Lam Research Corporation,4143.0,23968.0,777.0,3825.0,-3366.0,-20143.0
925652109,Not New,Vici Properties Inc,523.0,25325.0,1401.0,76496.0,878.0,51171.0
15117B103,Not New,Celldex Therapeutics Inc,33.0,65439.0,202.0,86505.0,169.0,21066.0
79466L302,Not New,Salesforce.com,853.0,6257.0,371.0,3189.0,-482.0,-3068.0
375558103,Not New,Gilead Sciences Inc,1973.0,27855.0,1816.0,24091.0,-157.0,-3764.0
N22717107,Sold Out,Core Laboratories NV,374.0,3454.0,,,,
G0177J108,New Holding,Allergan plc,,,4093.0,24550.0,,
496902404,Not New,Kinross Gold Corporation,41.0,10893.0,51.0,12900.0,10.0,2007.0
91529Y106,Not New,Unum Group,3646.0,98578.0,1985.0,41691.0,-1661.0,-56887.0
61022P100,Not New,Monotype Imaging Holdings In,566.0,27866.0,818.0,36438.0,252.0,8572.0
184496107,Not New,Clean Harbor Incorporated,419.0,7550.0,901.0,18456.0,482.0,10906.0
589400100,Sold Out,Mercury Gen Corp,300.0,6539.0,,,,
524901105,Sold Out,Legg Mason Incorporated,1355.0,33333.0,,,,
750236101,New Holding,"Radian Group, Inc.",,,315.0,19442.0,,
G27358103,Not New,Despegar.com Corp,672.0,32059.0,1179.0,37716.0,507.0,5657.0
55262C100,Not New,MBIA Incorporated,741.0,81954.0,262.0,28292.0,-479.0,-53662.0
12685J105,New Holding,Cable One Inc,,,857.0,1169.0,,
02156K103,New Holding,Altice Usa Inc- A,,,3758.0,220297.0,,
032511107,Not New,Anadarko Petroleum Corporation,4832.0,65971.0,3637.0,60210.0,-1195.0,-5761.0
27875T101,Not New,Echo Global Logistics Inc,211.0,7214.0,309.0,11193.0,98.0,3979.0
146869102,New Holding,Carvana Co,,,3957.0,95115.0,,
024835100,Sold Out,American Campus Communities Inc,293.0,7586.0,,,,
204166102,Not New,Commvault Systems Inc,268.0,4064.0,206.0,3595.0,-62.0,-469.0
88033G407,Not New,Tenet Healthcare Corporation,273.0,8140.0,926.0,38193.0,653.0,30053.0
L1995B107,Sold Out,Corp America Airports Sa,131.0,10611.0,,,,
L8681T102,New Holding,Spotify Technology Sa,,,4722.0,28066.0,,
55378A105,New Holding,MTGE Investment Corp,,,946.0,48262.0,,
33829M101,Sold Out,Five Below,213.0,2911.0,,,,
552074700,Sold Out,William Lyon Homes,251.0,9118.0,,,,
42806J106,Not New,Hertz Global Holdings Inc,772.0,50305.0,204.0,10292.0,-568.0,-40013.0
90138F102,Not New,Twilio Inc - A,3161.0,56428.0,956.0,25040.0,-2205.0,-31388.0
74346Y103,New Holding,Pros Holdings Inc,,,321.0,8783.0,,
864159108,New Holding,Sturm Ruger & Company Incorporated,,,404.0,7215.0,,
75700L108,Not New,Red Rock Resorts Inc-class A,659.0,19683.0,270.0,9221.0,-389.0,-10462.0
03835C108,New Holding,Apptio Inc - Class A,,,281.0,7760.0,,
501242101,Sold Out,Kulicke & Soffa Industries Incorporated,1143.0,45719.0,,,,
G96629103,Sold Out,Willis Towers Watson PLC,219.0,1439.0,,,,
018802108,New Holding,Alliant Energy Corp.,,,294.0,6957.0,,
12504L109,Sold Out,CBRE Group Inc - CL A,701.0,14844.0,,,,
501797104,Sold Out,L Brands Inc US,263.0,6872.0,,,,
09069N108,Not New,BioScrip Inc,130.0,44276.0,289.0,117305.0,159.0,73029.0
156782104,Not New,Cerner Corporation,897.0,14999.0,744.0,12835.0,-153.0,-2164.0
29786A106,Not New,Etsy Inc,2187.0,51848.0,2427.0,86488.0,240.0,34640.0
218352102,Sold Out,Corcept Therapeutics Inc,170.0,10364.0,,,,
309562106,New Holding,Farmers Capital Bank Corporation,,,13068.0,250829.0,,
205887102,Not New,Conagra Brands Inc,2744.0,76800.0,1280.0,34694.0,-1464.0,-42106.0
G47791101,Sold Out,Ingersoll-Rand Plc,3874.0,45305.0,,,,
531172104,Sold Out,Liberty Property Trust,305.0,7675.0,,,,
46609J106,Not New,J Alexander's Holdings,115.0,10341.0,118.0,10341.0,3.0,0.0
36237H101,Not New,G-III Apparel Group Limited,1771.0,39878.0,1076.0,28553.0,-695.0,-11325.0
G0408V102,Sold Out,Aon PLC,2394.0,17057.0,,,,
47215P106,Not New,Jd.com Inc-adr,7987.0,205045.0,1539.0,38015.0,-6448.0,-167030.0
98311A105,New Holding,Wyndham Hotels & Resorts Inc,,,5295.0,90000.0,,
69325Q105,Not New,PC - Tel Inc.,205.0,32931.0,236.0,32931.0,31.0,0.0
05491N104,Not New,BBX Capital Corp.,382.0,42265.0,138.0,14964.0,-244.0,-27301.0
053332102,New Holding,AutoZone Incorporated,,,312.0,465.0,,
242370203,Not New,Dean Foods Company - NEW,1325.0,126070.0,1268.0,147134.0,-57.0,21064.0
039697107,Not New,Ardelyx Inc,154.0,41650.0,69.0,13730.0,-85.0,-27920.0
05278C107,New Holding,Autohome Inc-adr,,,534.0,5288.0,,
12503M108,New Holding,Cboe Global Markets Inc,,,1348.0,12952.0,,
418056107,Not New,Hasbro Incorporated,2539.0,27504.0,2602.0,30869.0,63.0,3365.0
60740F105,Not New,Mobile Mini Inc,663.0,14127.0,1017.0,23380.0,354.0,9253.0
231561101,Not New,Curtiss-Wright Corporation,2807.0,23583.0,368.0,2726.0,-2439.0,-20857.0
92826C839,Not New,Visa Inc - Class A Shares,5895.0,44511.0,3793.0,31710.0,-2102.0,-12801.0
57164Y107,New Holding,Marriott Vacations Worldwide Corporation,,,518.0,4585.0,,
868157108,Sold Out,Superior Energy Services Inc,560.0,66437.0,,,,
000957100,New Holding,ABM Industries Incorporated,,,1129.0,38677.0,,
82481R106,New Holding,Shire PLC - ADR,,,15327.0,90800.0,,
670002104,New Holding,Novavax Inc,,,23.0,17381.0,,
150602209,Not New,Cedar Realty Trust Inc,403.0,85437.0,205.0,52015.0,-198.0,-33422.0
457187102,New Holding,Ingredion Inc,,,344.0,3109.0,,
36162J106,Not New,Geo Group Inc/The,464.0,16846.0,1088.0,53133.0,624.0,36287.0
278768106,New Holding,EchoStar Corp,,,1212.0,27300.0,,
902681105,Sold Out,UGI CORP NEW,662.0,14909.0,,,,
00770F104,New Holding,Aegion Corp,,,204.0,7939.0,,
67069D108,Not New,Nutri/System Inc,1828.0,47475.0,1600.0,59386.0,-228.0,11911.0
46267X108,Sold Out,Iqiyi Inc-adr,253.0,16302.0,,,,
950814103,New Holding,Wesco Aircraft Holdings Inc,,,147.0,13047.0,,
356108100,Not New,Freds Incorporated (CL A),52.0,22969.0,129.0,43311.0,77.0,20342.0
600544100,Sold Out,Miller (Herman) Inc.,348.0,10907.0,,,,
90384S303,Not New,ULTA BEAUTY INC,372.0,1595.0,1990.0,9740.0,1618.0,8145.0
235825205,New Holding,Dana Inc,,,1480.0,73328.0,,
G5509L101,Sold Out,LivaNova PLC,1027.0,11599.0,,,,
03937C105,New Holding,ArcBest Corp,,,234.0,5116.0,,
03349M105,New Holding,Andeavor,,,6730.0,51303.0,,
G0450A105,Not New,Arch Capital Group Ltd.,736.0,27820.0,489.0,5709.0,-247.0,-22111.0
22002T108,Not New,Corporate Office Properties,545.0,18813.0,1473.0,57015.0,928.0,38202.0
81141R100,New Holding,Sea Ltd-adr,,,192.0,12792.0,,
69181V107,Not New,Oxford Square Capital Corp,334.0,48394.0,297.0,48579.0,-37.0,185.0
602496101,Not New,Mimedx Group Inc,1244.0,194659.0,924.0,132567.0,-320.0,-62092.0
91307C102,New Holding,United Therapeutics Corp.,,,1211.0,10706.0,,
109043109,New Holding,Briggs & Stratton Corporation,,,305.0,17310.0,,
717081103,New Holding,Pfizer Incorporated,,,1024.0,28230.0,,
05541T101,Sold Out,BGC Partners Inc,645.0,47941.0,,,,
562750109,Sold Out,Manhattan Associates Incorporated,300.0,7163.0,,,,
101137107,Not New,Boston Scientific Corporation,1001.0,30623.0,729.0,26687.0,-272.0,-3936.0
025537101,Sold Out,American Electric Power,319.0,4658.0,,,,
816850101,Sold Out,Semtech Corporation,476.0,12179.0,,,,
891826109,Not New,Tower International Inc,454.0,14271.0,392.0,14130.0,-62.0,-141.0
G1992S109,New Holding,Cision Ltd,,,253.0,16890.0,,
15136A102,Not New,Centennial Resource Develo-a,2010.0,111320.0,210.0,11448.0,-1800.0,-99872.0
53223X107,Not New,Life Storage Inc,1899.0,19516.0,1148.0,13743.0,-751.0,-5773.0
40412C101,Sold Out,HCA Healthcare Inc,2939.0,30297.0,,,,
12653C108,Sold Out,CNX Resources Corp,218.0,14104.0,,,,
17878Y108,Not New,Civeo Corp,446.0,102304.0,455.0,120818.0,9.0,18514.0
866082100,Not New,Summit Hotel Properties Inc,588.0,41063.0,143.0,10490.0,-445.0,-30573.0
938824109,Not New,Washington Federal Incorporated,641.0,19610.0,282.0,8161.0,-359.0,-11449.0
63938C108,Not New,Navient Corp,1298.0,99584.0,250.0,19086.0,-1048.0,-80498.0
298736109,Sold Out,Euronet Worldwide Inc,439.0,5564.0,,,,
13765N107,Sold Out,Cannae Holdings Inc,253.0,13389.0,,,,
369604103,Not New,General Electric Company,975.0,71648.0,2696.0,200000.0,1721.0,128352.0
369604103,Not New,General Electric Company,2722.0,200000.0,2696.0,200000.0,-26.0,0.0
393657101,New Holding,Greenbrier Companies Inc,,,1233.0,23381.0,,
78410G104,Sold Out,SBA Communications Corp,3859.0,22577.0,,,,
023111206,Sold Out,Amarin Corporation PLC- ADR,59.0,19596.0,,,,
901109108,Sold Out,Tutor Perini Corp,554.0,25117.0,,,,
655844108,Not New,Norfolk Southern Corp.,2577.0,17080.0,2235.0,16462.0,-342.0,-618.0
G7945M107,Not New,Seagate Technology,1184.0,20965.0,1166.0,19926.0,-18.0,-1039.0
92342Y109,Sold Out,VeriFone Systems Inc,294.0,19087.0,,,,
96208T104,New Holding,WEX Inc,,,555.0,2914.0,,
28470R102,Not New,Eldorado Resorts Inc,240.0,6140.0,573.0,17362.0,333.0,11222.0
N20944109,New Holding,Cnh Industrial Nv (US),,,337.0,32028.0,,
535919500,Not New,Lions Gate Entertainment-b,1028.0,43824.0,788.0,32740.0,-240.0,-11084.0
74930B105,Sold Out,Rbb Bancorp,401.0,15219.0,,,,
11135F101,Not New,Broadcom Inc,4994.0,20580.0,784.0,3326.0,-4210.0,-17254.0
00165C104,New Holding,Amc Entertainment Hlds-cl A,,,402.0,25257.0,,
948596101,Sold Out,Weibo Corp-spon Adr,292.0,2445.0,,,,
436440101,New Holding,Hologic Inc.,,,276.0,6934.0,,
59156R108,New Holding,MetLife Inc.,,,210.0,4824.0,,
20030N101,Not New,Comcast Corporation-CL A,10767.0,328162.0,2101.0,61478.0,-8666.0,-266684.0
26210C104,Not New,Dropbox Inc-class A,5243.0,161726.0,4688.0,150000.0,-555.0,-11726.0
03662Q105,Sold Out,ANSYS Incorporated,548.0,3495.0,,,,
G4474Y214,Not New,Janus Henderson Group Plc,344.0,11186.0,637.0,19264.0,293.0,8078.0
282914100,Sold Out,"8 X 8, Incorporated",358.0,19176.0,,,,
92553P201,Sold Out,Viacom Inc - Class B,367.0,11809.0,,,,
899035505,New Holding,Tuesday Morning Corp.-NEW,,,88.0,28793.0,,
19626G108,New Holding,Colony Capital Inc-class A,,,2006.0,321541.0,,
247916208,Sold Out,Denbury Resources Incorporated,337.0,123046.0,,,,
81721M109,Sold Out,Senior Housing Prop Trust,522.0,33352.0,,,,
053774105,Not New,Avis Budget Group Inc,385.0,11853.0,1551.0,33103.0,1166.0,21250.0
38526M106,New Holding,Grand Canyon Education Inc,,,2929.0,26242.0,,
04650Y100,Sold Out,At Home Group Inc,320.0,10000.0,,,,
12508E101,Not New,Cdk Global Inc,2389.0,36729.0,992.0,15663.0,-1397.0,-21066.0
85208M102,Not New,Sprouts Farmers Market Inc,5084.0,230358.0,4914.0,209372.0,-170.0,-20986.0
141788109,New Holding,Cargurus Inc,,,1464.0,42133.0,,
640268108,New Holding,Nektar Therapeutics,,,5326.0,109071.0,,
76680R206,Not New,Ringcentral Inc-class A,3729.0,53011.0,500.0,7880.0,-3229.0,-45131.0
552848103,Not New,MGIC Investment Corp,179.0,16743.0,741.0,56991.0,562.0,40248.0
25754A201,New Holding,Domino's Pizza Inc,,,2729.0,9671.0,,
59408Q106,Sold Out,Michaels Cos Inc/the,2114.0,107267.0,,,,
40416M105,Not New,Hd Supply Holdings Inc,355.0,8271.0,1084.0,28580.0,729.0,20309.0
48203R104,Not New,Juniper Networks Incorporated,2603.0,94946.0,3553.0,146038.0,950.0,51092.0
285229100,Not New,Electro Scientific Industries Inc.,812.0,51515.0,812.0,42020.0,0.0,-9495.0
928298108,Not New,Vishay Intertechnology Inc.,3124.0,134639.0,3491.0,187711.0,367.0,53072.0
443320106,Sold Out,HUB Group Inc - CL A,631.0,15068.0,,,,
69349H107,Sold Out,PNM Resources Inc,886.0,23174.0,,,,
98400H102,Not New,Xbiotech Inc,95.0,21218.0,114.0,21218.0,19.0,0.0
922475108,Not New,Veeva Systems Inc-class A,3047.0,39643.0,863.0,11818.0,-2184.0,-27825.0
83417M104,New Holding,Solaredge Technologies Inc,,,1582.0,33059.0,,
064058100,Not New,Bank of New York Mellon Corp,227.0,4211.0,5284.0,102536.0,5057.0,98325.0
163072101,New Holding,Cheesecake Factory Incorporated,,,375.0,6809.0,,
00164V103,New Holding,Amc Networks Inc - A,,,484.0,7774.0,,
02916P103,Not New,American Railcar Industries,298.0,7544.0,214.0,5723.0,-84.0,-1821.0
H8817H100,Sold Out,Transocean Ltd,415.0,41890.0,,,,
31428X106,New Holding,Fedex Corporation,,,1526.0,6720.0,,
703395103,Not New,Patterson Cos Inc,720.0,31777.0,5844.0,262867.0,5124.0,231090.0
15189T107,New Holding,Centerpoint Energy Inc.,,,347.0,12505.0,,
52603B107,Not New,LendingTree Inc(NASDAQ),568.0,2658.0,768.0,2340.0,200.0,-318.0
G6564A105,Not New,Nomad Foods Ltd,792.0,41281.0,293.0,18595.0,-499.0,-22686.0
00724F101,Not New,Adobe Systems Incorporated,6970.0,28587.0,682.0,3157.0,-6288.0,-25430.0
76131V202,New Holding,Retail Properties Of Ame - A,,,176.0,13736.0,,
344849104,Not New,Foot Locker Inc.,2907.0,55219.0,1946.0,42723.0,-961.0,-12496.0
695263103,New Holding,PacWest Bancorp,,,879.0,17795.0,,
749119103,Not New,Quotient Technology Inc,586.0,44710.0,577.0,44028.0,-9.0,-682.0
03957W106,Sold Out,Archrock Inc,236.0,26945.0,,,,
44930G107,New Holding,ICU Medical Incorporated,,,2332.0,7943.0,,
67066G104,Not New,Nvidia Corporation,3466.0,14630.0,8498.0,36692.0,5032.0,22062.0
05971J102,Sold Out,Bancorpsouth Bank,491.0,15426.0,,,,
87265K102,Not New,Tpg Specialty Lending Inc,226.0,12617.0,413.0,23097.0,187.0,10480.0
57778L103,New Holding,Maxar Technologies Ltd,,,251.0,4975.0,,
98983V106,New Holding,Zuora Inc,,,586.0,21552.0,,
019330109,Not New,Allied Motion Technologies Inc.,358.0,7481.0,299.0,7529.0,-59.0,48.0
909214306,Not New,Unisys Corp,671.0,52005.0,188.0,17513.0,-483.0,-34492.0
002535300,Not New,Aaron's Inc,2098.0,48291.0,2140.0,45915.0,42.0,-2376.0
929042109,New Holding,Vornado Rlty TR,,,524.0,7090.0,,
749527107,Sold Out,Rev Group Inc,855.0,41202.0,,,,
122017106,Sold Out,Burlington Stores Inc,2305.0,17311.0,,,,
92763W103,Not New,Vipshop Holdings Ltd - Ads - ADR,7453.0,686926.0,3560.0,214190.0,-3893.0,-472736.0
05351W103,New Holding,Avangrid Inc,,,235.0,4445.0,,
40637H109,Sold Out,Halozyme Therapeutics Inc,340.0,17373.0,,,,
759351604,New Holding,Reinsurance Group Of America,,,982.0,7354.0,,
G30401106,Sold Out,Endo International Plc,948.0,159567.0,,,,
74340W103,New Holding,ProLogis Inc,,,1626.0,24757.0,,
233153204,New Holding,DCT Industrial Trust Inc,,,1559.0,23356.0,,
023608102,Sold Out,Ameren Corp.,1082.0,19110.0,,,,
67401P108,Not New,Oaktree Specialty Lending Corp,244.0,51024.0,220.0,52268.0,-24.0,1244.0
349853101,Sold Out,Forward Air Corporation,848.0,16042.0,,,,
G4863A108,Not New,International Game Technology,1831.0,78767.0,822.0,30767.0,-1009.0,-48000.0
698813102,Sold Out,Papa John's International Incorporated,1688.0,29458.0,,,,
28176E108,Sold Out,Edwards Lifesciences Corp.,2724.0,19525.0,,,,
04238R106,Not New,Armstrong Flooring Inc,341.0,24267.0,396.0,29166.0,55.0,4899.0
12662P108,Sold Out,CVR Energy Inc,596.0,19733.0,,,,
053015103,New Holding,Automatic Data Processing Incorporated,,,4696.0,35006.0,,
460690100,Sold Out,Interpublic Group Companies Incorporated,613.0,26612.0,,,,
29265N108,Not New,Energen Corporation,2991.0,41070.0,2418.0,38464.0,-573.0,-2606.0
861025104,Not New,Stock Yards Bancorp Inc,298.0,7818.0,232.0,6610.0,-66.0,-1208.0
92343E102,Sold Out,Verisign Inc.,3276.0,27631.0,,,,
896215209,Not New,Trimas Corp,782.0,26604.0,703.0,26788.0,-79.0,184.0
98919V105,Not New,Zayo Group Holdings Inc,1606.0,44019.0,1676.0,49056.0,70.0,5037.0
92276F100,Sold Out,Ventas Inc,525.0,10599.0,,,,
285512109,New Holding,Electronic Arts Incorporated,,,1461.0,10358.0,,
85917W102,Sold Out,Sterling Bancorp Inc,483.0,35768.0,,,,
92922P106,New Holding,W&T Offshore Inc,,,447.0,62557.0,,
G9618E107,Sold Out,White Mountain Insurance Group Incorporated,1133.0,1378.0,,,,
G39108108,Not New,Gates Industrial Corp Plc,742.0,45607.0,664.0,37918.0,-78.0,-7689.0
128030202,Not New,Cal-Maine Foods Inc,2395.0,52240.0,1559.0,35675.0,-836.0,-16565.0
57636Q104,Not New,Mastercard Inc,1037.0,5277.0,1943.0,11092.0,906.0,5815.0
256746108,Sold Out,Dollar Tree Inc,6674.0,70326.0,,,,
448579102,Not New,Hyatt Hotels Corp - Cl A,795.0,10305.0,844.0,11064.0,49.0,759.0
H1467J104,Sold Out,Chubb Ltd,213.0,1557.0,,,,
143658300,Sold Out,Carnival Corporation,1011.0,15423.0,,,,
63935N107,Sold Out,Navigant Consulting Co.,219.0,11360.0,,,,
913017109,Not New,United Technologies Corp.,2501.0,20000.0,2516.0,20000.0,15.0,0.0
83088M102,Not New,Skyworks Solutions Incorporated,502.0,5194.0,1468.0,14644.0,966.0,9450.0
872540109,Not New,TJX Companies Inc.,12091.0,127029.0,677.0,8297.0,-11414.0,-118732.0
00790R104,Not New,Advanced Drainage Systems In,489.0,17113.0,846.0,32670.0,357.0,15557.0
845467109,Sold Out,Southwestern Energy Company,533.0,123011.0,,,,
838518108,New Holding,South Jersey Industries Incorporated,,,1923.0,57459.0,,
833034101,Not New,Snap-on Incorporated,2084.0,12965.0,4409.0,29883.0,2325.0,16918.0
227046109,New Holding,Crocs Inc,,,580.0,32960.0,,
054303102,Not New,Avon Products Incorporated,377.0,232697.0,753.0,265118.0,376.0,32421.0
63934E108,Sold Out,Navistar International Corporation,511.0,14599.0,,,,
392709101,New Holding,Green Brick Partners Inc,,,147.0,15000.0,,
84265V105,New Holding,Southern Copper Corp,,,913.0,19471.0,,
74967R106,Sold Out,Rmr Group Inc/the - A,301.0,4305.0,,,,
Y2573F102,New Holding,Flex Ltd,,,770.0,54554.0,,
358039105,Not New,Freshpet Inc,205.0,7479.0,247.0,14993.0,42.0,7514.0
10567B109,Sold Out,Bravo Brio Restaurant Group,63.0,15817.0,,,,
127055101,Not New,Cabot Corporation,636.0,10298.0,1075.0,19287.0,439.0,8989.0
576853105,Not New,Matrix Service Company,195.0,10600.0,148.0,10790.0,-47.0,190.0
14081R103,New Holding,Carbon Black Inc,,,936.0,35999.0,,
103304101,Sold Out,Boyd Gaming Corporation,396.0,12424.0,,,,
319850103,New Holding,First Connecticut Bancorp,,,10790.0,352624.0,,
12008R107,Sold Out,Builders FirstSource Inc,677.0,34110.0,,,,
948626106,Sold Out,Weight Watchers International,482.0,7565.0,,,,
05464C101,Not New,Axon Enterprise Inc,1713.0,27111.0,928.0,23609.0,-785.0,-3502.0
74915M100,Not New,Qurate Retail Inc,1742.0,82096.0,3263.0,129641.0,1521.0,47545.0
G81276100,Sold Out,Signet Jewelers Limited,2275.0,59063.0,,,,
30063P105,Not New,Exact Sciences Corp,4579.0,76583.0,1016.0,25183.0,-3563.0,-51400.0
72348P104,Not New,Pinnacle Foods Inc,52179.0,802017.0,907.0,16761.0,-51272.0,-785256.0
00922R105,Not New,Air Transport Services Group Inc,474.0,20982.0,1252.0,53693.0,778.0,32711.0
423452101,Not New,Helmerich & Payne Incorporated,2154.0,33776.0,240.0,3606.0,-1914.0,-30170.0
03761U106,Sold Out,Apollo Investment Corp,62.0,11819.0,,,,
42824C109,Sold Out,Hewlett Packard Enterprise Company,700.0,39882.0,,,,
64110D104,Sold Out,NetApp Inc,547.0,8867.0,,,,
448947507,Not New,IDT Corporation - Class B,322.0,57369.0,73.0,11660.0,-249.0,-45709.0
29444U700,Sold Out,Equinix Inc,2196.0,5253.0,,,,
46269C102,Sold Out,Iridium Communications Inc,120.0,10670.0,,,,
55264U108,New Holding,MB Financial Corp,,,696.0,14901.0,,
211171103,Not New,Continental Building Product,374.0,11864.0,500.0,17526.0,126.0,5662.0
36268W100,Not New,Gain Capital Holdings Inc,148.0,19663.0,193.0,28561.0,45.0,8898.0
74834L100,Not New,Quest Diagnostics Incorporated,1479.0,13451.0,399.0,3976.0,-1080.0,-9475.0
037347101,Not New,Anworth Mortgage Asset Corp,139.0,27930.0,138.0,28803.0,-1.0,873.0
343389102,Sold Out,Flotek Industries Inc,454.0,74477.0,,,,
04010L103,New Holding,Ares Capital Corp,,,352.0,21405.0,,
15677J108,New Holding,Ceridian Hcm Holding Inc,,,538.0,16216.0,,
233326107,Sold Out,DST Systems Incorporated,14708.0,175830.0,,,,
885160101,New Holding,Thor Industries Inc.,,,1041.0,10688.0,,
154760409,Not New,Central Pacific Financial Corp,671.0,23404.0,788.0,27690.0,117.0,4286.0
12572Q105,Not New,CME Group Inc,9846.0,60065.0,9821.0,60719.0,-25.0,654.0
34960W106,Not New,Forterra Inc,423.0,43522.0,335.0,40233.0,-88.0,-3289.0
55354G100,Not New,Msci Inc,1195.0,7221.0,375.0,2512.0,-820.0,-4709.0
85570W100,New Holding,Stars Group Inc/the,,,667.0,18381.0,,
172908105,New Holding,Cintas Corporation,,,1174.0,6344.0,,
44332N106,New Holding,Huazhu Group Ltd,,,966.0,23014.0,,
882508104,Not New,Texas Instruments Incorporated,1022.0,9267.0,10389.0,100000.0,9367.0,90733.0
882508104,Not New,Texas Instruments Incorporated,2205.0,20000.0,10389.0,100000.0,8184.0,80000.0
466367109,Sold Out,Jack in the Box Incorporated,870.0,10191.0,,,,
265504100,Sold Out,Dunkin' Brands Group Inc,1144.0,19170.0,,,,
29261A100,Not New,Encompass Health Corp,2721.0,40182.0,542.0,9483.0,-2179.0,-30699.0
594918104,New Holding,Microsoft Corporation,,,3877.0,39313.0,,
G0129K104,New Holding,Aircastle Ltd,,,390.0,19011.0,,
887317303,Sold Out,Time Warner Inc,22458.0,237454.0,,,,
887317303,Sold Out,Time Warner Inc,28374.0,300000.0,,,,
75689M101,Not New,Red Robin Gourmet Burgers Inc,760.0,16304.0,619.0,10668.0,-141.0,-5636.0
410867105,New Holding,Hanover Insurance Group Inc,,,346.0,2895.0,,
66706L101,Not New,Northstar Realty Europe C,718.0,49540.0,647.0,49683.0,-71.0,143.0
92839U206,Not New,Visteon Corp,492.0,3808.0,886.0,8036.0,394.0,4228.0
832696405,New Holding,Smucker (J.M.) Company,,,798.0,7423.0,,
651718504,New Holding,Newpark Resources Inc.,,,161.0,14828.0,,
382550101,Sold Out,Goodyear Tire and Rubber Company,2788.0,104897.0,,,,
054937107,Not New,BB&T Corp.,263.0,5216.0,268.0,5149.0,5.0,-67.0
097023105,Sold Out,Boeing Company,514.0,1568.0,,,,
384802104,New Holding,WW Grainger Incorporated,,,3597.0,11663.0,,
30303M102,Not New,Facebook Inc-a,5308.0,27314.0,4447.0,27828.0,-861.0,514.0
H17182108,Sold Out,Crispr Therapeutics Ag,393.0,8608.0,,,,
82509L107,Not New,Shopify Inc - A,683.0,4679.0,319.0,2562.0,-364.0,-2117.0
767744105,Sold Out,Ritchie Bros. Auctioneers Incorporated,207.0,6571.0,,,,
45337C102,Not New,Incyte Corp.,3289.0,49087.0,2683.0,32198.0,-606.0,-16889.0
24906P109,Not New,DENTSPLY SIRONA Inc,1895.0,43302.0,5149.0,102352.0,3254.0,59050.0
695156109,New Holding,Packaging Corp Of America,,,379.0,3387.0,,
172755100,Not New,Cirrus Logic Incorporated,1809.0,47192.0,1765.0,43431.0,-44.0,-3761.0
81618T100,Not New,Select Income Reit,226.0,10067.0,244.0,12512.0,18.0,2445.0
427825500,Sold Out,Hersha Hospitality Trust,428.0,23889.0,,,,
09215C105,Sold Out,Black Knight Inc,697.0,14793.0,,,,
94419L101,New Holding,Wayfair Inc- Class A,,,710.0,5979.0,,
104674106,Not New,Brady Corporation (CL A),388.0,10063.0,318.0,8569.0,-70.0,-1494.0
87161C501,Not New,Synovus Finl Corp,1440.0,27258.0,778.0,15577.0,-662.0,-11681.0
22943F100,New Holding,Ctrip.com International Ltd. - ADR,,,2221.0,46622.0,,
29414B104,Not New,Epam Systems Inc,2588.0,20815.0,284.0,2476.0,-2304.0,-18339.0
595112103,Not New,Micron Technology Incorporated,4162.0,79371.0,11552.0,221565.0,7390.0,142194.0
109641100,New Holding,Brinker International Incorporated,,,2317.0,48680.0,,
790148100,Not New,The St Joe Company,538.0,29987.0,624.0,33078.0,86.0,3091.0
G3922B107,Not New,Genpact Ltd,1206.0,41689.0,696.0,21754.0,-510.0,-19935.0
855244109,Sold Out,Starbucks Corporation,9848.0,170121.0,,,,
50060P106,Sold Out,Koppers Holdings Inc,225.0,5475.0,,,,
171871502,Sold Out,Cincinnati Bell Inc,1239.0,89436.0,,,,
L67359106,Not New,Nexa Resources Sa,485.0,41248.0,226.0,12922.0,-259.0,-28326.0
989701107,Not New,Zions Bancorporation,1647.0,31267.0,3619.0,68624.0,1972.0,37357.0
L0223L101,Not New,Ardagh Group Sa,997.0,59980.0,1298.0,69499.0,301.0,9519.0
037833100,Not New,Apple Inc,12140.0,65582.0,1783.0,10628.0,-10357.0,-54954.0
38388F108,Not New,W.R. Grace & Company,3297.0,44977.0,1827.0,29839.0,-1470.0,-15138.0
315616102,Not New,F5 Networks Inc,1464.0,8492.0,1236.0,8547.0,-228.0,55.0
74736A103,Sold Out,Qts Realty Trust Inc-cl A,276.0,7624.0,,,,
38268T103,Not New,Gopro Inc-class A,224.0,34712.0,579.0,120788.0,355.0,86076.0
G72800108,Sold Out,Prothena Corp Plc,274.0,7463.0,,,,
254709108,Not New,Discover Financial Services,3726.0,52913.0,2005.0,27870.0,-1721.0,-25043.0
11120U105,New Holding,Brixmor Property Group Inc,,,1335.0,76604.0,,
45781M101,Not New,Innoviva Inc,1921.0,139173.0,1652.0,99099.0,-269.0,-40074.0
G5480U120,New Holding,Liberty Global Plc - Series C,,,499.0,18750.0,,
858155203,Sold Out,Steelcase Incorporated - CL A,221.0,16280.0,,,,
149123101,New Holding,Caterpillar Incorporated,,,1344.0,9909.0,,
78573M104,Not New,Sabre Corp,3071.0,124650.0,4465.0,208160.0,1394.0,83510.0
59522J103,Sold Out,Mid-America Apartment Communities Inc.,516.0,5651.0,,,,
896047503,New Holding,Tribune Media Co,,,383.0,10000.0,,
10316T104,Sold Out,Box Inc - Class A,336.0,16346.0,,,,
941848103,Sold Out,Waters Corporation,896.0,4508.0,,,,
N70544106,New Holding,Playa Hotels & Resorts NV,,,291.0,26920.0,,
84863T106,New Holding,Spok Holdings Inc,,,195.0,12958.0,,
35906A306,Not New,Frontier Communications Corp,1062.0,198092.0,549.0,73957.0,-513.0,-124135.0
537008104,New Holding,Littlefuse Incorporated,,,876.0,3840.0,,
048426100,Sold Out,Atlantic Coast Financial Corp,318.0,30869.0,,,,
234264109,Sold Out,Daktronics Inc,181.0,20508.0,,,,
457985208,New Holding,Integra LifeSciences Holdings,,,1369.0,21257.0,,
10482B101,New Holding,Braemar Hotels & Resorts Inc,,,168.0,14707.0,,
492515101,New Holding,Keryx Biopharmaceuticals Inc.,,,41.0,10980.0,,
49446R109,New Holding,Kimco Realty Corporation,,,322.0,18930.0,,
69331C108,Not New,Pacific Gas & Elec Co,4939.0,116046.0,454.0,10337.0,-4485.0,-105709.0
G3402M102,Not New,FGL Holdings - Class A,256.0,30533.0,317.0,31236.0,61.0,703.0
094235108,Not New,Bloomin' Brands Inc,2409.0,119854.0,546.0,22504.0,-1863.0,-97350.0
887389104,New Holding,Timken Company,,,464.0,10652.0,,
28035Q102,Not New,Edgewell Personal Care Co,897.0,17780.0,280.0,5733.0,-617.0,-12047.0
31946M103,New Holding,Fst Ctzns Bancshares Inc N C (CL A),,,1447.0,3588.0,,
45168D104,Not New,Idexx Laboratories Corporation,831.0,3812.0,269.0,1407.0,-562.0,-2405.0
535919401,Not New,Lions Gate Entertainment Corp A-Shs,662.0,26665.0,233.0,9039.0,-429.0,-17626.0
56418H100,New Holding,ManpowerGroup Inc,,,2139.0,24850.0,,
758849103,New Holding,Regency Centers Corporation,,,2825.0,45506.0,,
78112V102,Not New,Rubicon Project Inc/the,73.0,25556.0,89.0,49175.0,16.0,23619.0
30219E103,Sold Out,"Express, Inc.",341.0,47604.0,,,,
83409V104,New Holding,Sogou Inc-adr,,,127.0,11091.0,,
08915P101,Sold Out,Big 5 Sporting Goods Corp,182.0,25076.0,,,,
753422104,Sold Out,Rapid7 Inc,278.0,10879.0,,,,
903914208,Not New,Ultra Petroleum Corp,95.0,40962.0,48.0,11610.0,-47.0,-29352.0
194162103,Not New,Colgate-Palmolive Company,287.0,4428.0,915.0,12761.0,628.0,8333.0
90184L102,Sold Out,Twitter Inc,719.0,24772.0,,,,
45073V108,Sold Out,ITT INC,601.0,12280.0,,,,
81369Y605,New Holding,AMEX Financial Select Sector SPDR,,,701.0,26371.0,,
921659108,Not New,Vanda Pharmaceuticals Inc,1728.0,90691.0,1186.0,70386.0,-542.0,-20305.0
703343103,New Holding,Patrick Industries Inc.,,,926.0,16294.0,,
75902K106,Not New,Regional Management Corp,447.0,12763.0,294.0,9246.0,-153.0,-3517.0
053611109,Not New,Avery Dennison Corporation,1071.0,10485.0,1170.0,11014.0,99.0,529.0
092113109,Not New,Black Hills Corporation,1163.0,19001.0,388.0,7140.0,-775.0,-11861.0
775711104,New Holding,Rollins Incorporated,,,531.0,10097.0,,
58733R102,New Holding,Mercadolibre Inc,,,2397.0,8018.0,,
81619Q105,Sold Out,Select Medical Holdings Corp,217.0,12551.0,,,,
14174T107,New Holding,CareTrust Reit Inc,,,347.0,20779.0,,
225310101,Sold Out,Credit Acceptance Corporation,201.0,609.0,,,,
88076W103,New Holding,Teradata Corp,,,1414.0,35214.0,,
531465102,Not New,Liberty Tripadvisor Holdings Inc,498.0,30947.0,410.0,38152.0,-88.0,7205.0
127686103,Not New,Caesars Entertainment Corp.,2140.0,200000.0,175.0,15547.0,-1965.0,-184453.0
87918A105,New Holding,Teladoc Inc,,,1712.0,29493.0,,
693656100,Not New,PVH Corp,3423.0,22866.0,1045.0,6902.0,-2378.0,-15964.0
16411R208,Not New,Cheniere Energy Inc,3714.0,56969.0,926.0,17320.0,-2788.0,-39649.0
912008109,Sold Out,Us Foods Holding Corp,210.0,6409.0,,,,
02874P103,New Holding,American Outdoor Brands Corp,,,724.0,60223.0,,
72348Y105,New Holding,Pinnacle Entertainment Inc,,,345.0,10217.0,,
958102105,Sold Out,Western Digital Corporation,3242.0,35131.0,,,,
92857W308,Sold Out,Vodafone Group Plc SP - ADR,485.0,17448.0,,,,
30040P103,New Holding,Evertec Inc,,,591.0,27064.0,,
92189F676,Sold Out,VanEck Vectors Semiconductor ETF,10428.0,100000.0,,,,
198516106,New Holding,Columbia Sportswear Company,,,435.0,4758.0,,
249908104,New Holding,Depomed Inc,,,112.0,16852.0,,
237194105,Sold Out,Darden Restaurants Inc,3694.0,43327.0,,,,
720279108,Sold Out,Pier 1 Imports Inc./Del,282.0,87656.0,,,,
283677854,Sold Out,El Paso Electric Company,287.0,5631.0,,,,
565849106,Not New,Marathon Oil Corp,3206.0,153685.0,4286.0,265687.0,1080.0,112002.0
71742Q106,New Holding,Phibro Animal Health Corp-a,,,317.0,6874.0,,
56155L108,New Holding,Mammoth Energy Services Inc,,,529.0,15578.0,,
126408103,Sold Out,CSX Corporation,1774.0,31844.0,,,,
03836N103,New Holding,Aptinyx Inc,,,363.0,15000.0,,
724479100,Sold Out,Pitney Bowes Incorporated,301.0,27601.0,,,,
G97822103,Not New,Perrigo Co Plc,5065.0,69464.0,2343.0,28114.0,-2722.0,-41350.0
87240R107,Not New,TFS Financial Corp,687.0,43566.0,648.0,44119.0,-39.0,553.0
98954M200,Not New,Zillow Group Inc - C,265.0,4490.0,2204.0,40961.0,1939.0,36471.0
58470H101,Not New,"Medifast, Inc.",697.0,4355.0,238.0,2549.0,-459.0,-1806.0
67018T105,Sold Out,Nu Skin Enterprises Inc. - A,1421.0,19273.0,,,,
981475106,Sold Out,World Fuel Services Corporation,640.0,26054.0,,,,
150870103,Not New,Celanese Corp,2512.0,22616.0,1675.0,16716.0,-837.0,-5900.0
92343V104,New Holding,Verizon Communications,,,13703.0,272379.0,,
70788V102,New Holding,Penn Virginia Corp,,,1354.0,15950.0,,
867914103,Not New,SunTrust Banks Inc,389.0,5895.0,1145.0,16826.0,756.0,10931.0
17243V102,New Holding,Cinemark Holdings Inc,,,324.0,9224.0,,
297178105,New Holding,Essex Property Trust,,,3067.0,12827.0,,
489398107,Not New,Kennedy-Wilson Holdings Inc,518.0,24495.0,715.0,41079.0,197.0,16584.0
22163N106,Not New,Cott Corporation,1212.0,73214.0,601.0,40832.0,-611.0,-32382.0
635906100,Sold Out,National Healthcare Corporation,234.0,3921.0,,,,
208242107,New Holding,CONNS INC,,,212.0,6417.0,,
404609109,New Holding,Hackett Group Inc/The,,,180.0,11198.0,,
345605109,Not New,Forest City Realty Trust- A,2524.0,110638.0,1623.0,80104.0,-901.0,-30534.0
025816109,Sold Out,American Express Company,2408.0,25816.0,,,,
406216101,Not New,Halliburton Company,1953.0,43342.0,1095.0,23331.0,-858.0,-20011.0
67011P100,New Holding,Now Inc,,,1010.0,75736.0,,
57665R106,Not New,Match Group Inc,4205.0,108549.0,1989.0,44751.0,-2216.0,-63798.0
36251C103,New Holding,Gms Inc,,,469.0,17328.0,,
297425100,Not New,Esterline Technologies Corporation,424.0,5749.0,1204.0,16455.0,780.0,10706.0
G9329Z100,Not New,Venator Materials Plc,720.0,43980.0,737.0,40753.0,17.0,-3227.0
03820J100,Not New,Applied Genetic Technologies,55.0,14839.0,57.0,14839.0,2.0,0.0
397624107,Sold Out,Greif Inc.- Class A,722.0,13810.0,,,,
17887R102,Not New,Civitas Solutions Inc,169.0,10330.0,170.0,11018.0,1.0,688.0
174610105,Not New,Citizens Financial Group,3637.0,93496.0,767.0,18271.0,-2870.0,-75225.0
87105L104,Not New,Switch Inc - A,980.0,80513.0,292.0,18357.0,-688.0,-62156.0
913903100,Sold Out,Universal Health Services,397.0,3349.0,,,,
21871D103,Sold Out,CoreLogic Inc.,282.0,6241.0,,,,
701094104,New Holding,Parker-Hannifin Corporation,,,2169.0,13918.0,,
110394103,Not New,Bristow Group Inc,577.0,40884.0,227.0,17441.0,-350.0,-23443.0
58958U103,Not New,Meridian Bancorp Inc,485.0,25310.0,508.0,25229.0,23.0,-81.0
88677Q109,Sold Out,Tile Shop Hldgs Inc,184.0,30684.0,,,,
58958P104,Not New,Meridian Bank/malvern Pa,1260.0,69270.0,1221.0,69270.0,-39.0,0.0
29266S106,Not New,Endologix Inc,174.0,30824.0,66.0,15502.0,-108.0,-15322.0
81369Y308,New Holding,AMEX Consumer Select Staples Sector SPDR,,,4611.0,89474.0,,
46071F103,Not New,Intersect Ent Inc,939.0,25064.0,890.0,22641.0,-49.0,-2423.0
571903202,Not New,Marriott International-CL A,886.0,6996.0,349.0,2564.0,-537.0,-4432.0
231021106,New Holding,Cummins Engine Company Incorporated,,,864.0,6496.0,,
87305R109,Sold Out,TTM Technologies,305.0,19916.0,,,,
08171T102,Not New,Beneficial Bancorp Inc,653.0,40299.0,609.0,39184.0,-44.0,-1115.0
45781D101,Not New,Inovalon Holdings Inc - A,618.0,62237.0,1069.0,100811.0,451.0,38574.0
23291E208,Not New,Dfb Healthcare Acquisitions,5075.0,500000.0,5025.0,500000.0,-50.0,0.0
40414L109,New Holding,HCP Inc,,,1230.0,47634.0,,
338307101,Not New,Five9 Inc,879.0,25438.0,661.0,22188.0,-218.0,-3250.0
654106103,New Holding,NIKE Inc,,,7107.0,89197.0,,
773903109,New Holding,Rockwell Automation Corporation,,,2846.0,17120.0,,
292554102,New Holding,Encore Capital Group Inc,,,218.0,5956.0,,
064520109,Sold Out,The Bank Of Princeton,372.0,10771.0,,,,
08160H101,New Holding,Benchmark Electronics Incorporated,,,444.0,15242.0,,
05990K106,Not New,Banc of California Inc,373.0,19097.0,576.0,29824.0,203.0,10727.0
55024U109,New Holding,Lumentum Holdings Inc,,,1586.0,27392.0,,
931427108,Not New,Walgreens Boots Alliance Inc,937.0,15608.0,9856.0,150547.0,8919.0,134939.0
55306N104,New Holding,MKS Instruments Inc,,,4564.0,47686.0,,
28249H104,New Holding,Eidos Therapeutics Inc,,,203.0,10000.0,,
985817105,Not New,Yelp Inc,1167.0,29774.0,211.0,5046.0,-956.0,-24728.0
98884U108,Not New,Zagg Inc,1195.0,69091.0,854.0,70008.0,-341.0,917.0
24869P104,Not New,Denny's Corporation,205.0,12885.0,220.0,14268.0,15.0,1383.0
141633107,New Holding,Care.com Inc,,,348.0,16678.0,,
574795100,Not New,Masimo Corporation,4121.0,42197.0,288.0,3271.0,-3833.0,-38926.0
04247X102,Sold Out,Armstrong World Industries,532.0,9456.0,,,,
079481107,Sold Out,Bellicum Pharmaceuticals Inc,73.0,11153.0,,,,
00846U101,Not New,Agilent Technologies Inc.,4683.0,75728.0,4450.0,66511.0,-233.0,-9217.0
518613203,Not New,Laureate Education Inc-a,490.0,34181.0,821.0,59729.0,331.0,25548.0
G48833100,Not New,Weatherford International plc,544.0,165334.0,741.0,323649.0,197.0,158315.0
143905107,Not New,Carriage Services Inc - CL A,225.0,9181.0,293.0,10593.0,68.0,1412.0
29272B105,Not New,Endurance International Grou,568.0,57048.0,408.0,55092.0,-160.0,-1956.0
68557N103,Sold Out,Orbital ATK Inc,30449.0,229616.0,,,,
G4182A128,Not New,Gty Technology Holdings In-a,42.0,33332.0,41.0,33332.0,-1.0,0.0
546347105,Not New,Louisiana-Pacific Corporation,1282.0,47080.0,1400.0,48674.0,118.0,1594.0
629377508,Not New,NRG Energy,836.0,27236.0,3931.0,128756.0,3095.0,101520.0
87336U105,Sold Out,Tableau Software Inc-cl A,440.0,5442.0,,,,
384637104,New Holding,Graham Holdings Co(CL B),,,224.0,383.0,,
313855108,Not New,Federal Signal Corporation,389.0,16688.0,715.0,32486.0,326.0,15798.0
200340107,Not New,Comerica Incorporated,907.0,9981.0,2007.0,20922.0,1100.0,10941.0
31421V115,Not New,Federal Street Acquisit-cl A,260.0,199999.0,250.0,199999.0,-10.0,0.0
399473107,Not New,Groupon Inc,655.0,152263.0,843.0,194330.0,188.0,42067.0
412822108,New Holding,Harley Davidson Incorporated,,,5458.0,129705.0,,
731068102,New Holding,Polaris Industries Inc.,,,994.0,8135.0,,
G98294104,Not New,XL Group Ltd.,30749.0,549584.0,22380.0,405000.0,-8369.0,-144584.0
G46408103,Not New,Hudson Ltd-class A,702.0,40162.0,479.0,30114.0,-223.0,-10048.0
031100100,Not New,AMETEK Incorporated,724.0,10034.0,313.0,4118.0,-411.0,-5916.0
129500104,Not New,Caleres Inc,219.0,6355.0,340.0,10117.0,121.0,3762.0
98936J101,Not New,Zendesk Inc,5762.0,105735.0,1144.0,23904.0,-4618.0,-81831.0
59001K100,New Holding,Meritor Inc,,,400.0,19445.0,,
58155Q103,New Holding,McKesson Corporation,,,4067.0,30487.0,,
29428V104,New Holding,Epizyme Inc,,,351.0,25938.0,,
428567101,New Holding,Hibbett Sports Inc,,,581.0,25358.0,,
049164205,Sold Out,Atlas Air Worldwide Holdings,453.0,7499.0,,,,
03152W109,New Holding,Amicus Therapeutics Inc,,,667.0,42724.0,,
G5876H105,Sold Out,Marvell Technology Group,1150.0,54754.0,,,,
68404V100,New Holding,Optinose Inc,,,227.0,8128.0,,
45245E109,Not New,Imax Corporation,797.0,35969.0,1232.0,64164.0,435.0,28195.0
846819100,Sold Out,Spartan Motors Incorporated,174.0,10133.0,,,,
040413106,Not New,Arista Networks Inc,317.0,1231.0,834.0,3267.0,517.0,2036.0
911363109,New Holding,United Rental Incorporated,,,1053.0,7130.0,,
038222105,Not New,Applied Materials Incorporated,4759.0,103025.0,3312.0,59564.0,-1447.0,-43461.0
014339105,New Holding,Alder Biopharmaceuticals Inc,,,190.0,12013.0,,
80874P109,Not New,Scientific Games Corp - A,466.0,9486.0,564.0,13568.0,98.0,4082.0
589889104,Sold Out,Merit Medical Systems Inc.,217.0,4789.0,,,,
628852204,Sold Out,NCI Building Systems Incorporated,340.0,19184.0,,,,
086516101,New Holding,Best Buy Incorporated,,,2109.0,28282.0,,
63910B102,Not New,Nautilus Inc,606.0,38584.0,553.0,41093.0,-53.0,2509.0
237266101,Sold Out,Darling Ingredients Inc,667.0,38534.0,,,,
719405102,Not New,"Phototronics, Inc.",488.0,61205.0,424.0,51335.0,-64.0,-9870.0
880349105,Not New,Tenneco Inc,896.0,20381.0,523.0,9534.0,-373.0,-10847.0
556099109,Not New,Macrogenics Inc,465.0,22508.0,983.0,39062.0,518.0,16554.0
125269100,New Holding,CF Industries Holdings Inc,,,1752.0,39465.0,,
303075105,Sold Out,FactSet Research Systems Incorporated,528.0,2648.0,,,,
647551100,Not New,New Mountain Finance Corp,255.0,18759.0,300.0,22847.0,45.0,4088.0
487836108,Not New,Kellogg Company,1694.0,24238.0,879.0,13514.0,-815.0,-10724.0
63937X103,Not New,Navidea Biopharmaceuticals Inc,11.0,46539.0,17.0,46539.0,6.0,0.0
747798106,New Holding,Qudian Inc-spon Adr,,,107.0,12100.0,,
140501107,Not New,Capital Southwest Corporation,186.0,10252.0,174.0,10252.0,-12.0,0.0
00183L102,New Holding,Angi Homeservices Inc- A,,,291.0,18907.0,,
G16962105,Sold Out,Bunge Ltd,1495.0,20220.0,,,,
74005P104,Not New,Praxair Inc,2066.0,13064.0,2208.0,15303.0,142.0,2239.0
31421V107,Not New,Federal Street Acquisit-cl A,3928.0,399998.0,3908.0,399998.0,-20.0,0.0
62944T105,Not New,NVR Inc,743.0,250.0,1168.0,417.0,425.0,167.0
58506Q109,New Holding,Medpace Holdings Inc,,,290.0,6740.0,,
29355X107,Sold Out,EnPro Industries Inc,520.0,6722.0,,,,
36164Y101,Sold Out,Gcp Applied Technologies,443.0,15239.0,,,,
210751103,Not New,Container Store Group Inc/th,321.0,38182.0,176.0,32295.0,-145.0,-5887.0
458118106,Not New,Integrated Device Technology Inc.,1398.0,43843.0,260.0,8498.0,-1138.0,-35345.0
60255W105,Not New,Mindbody Inc - Class A,435.0,11266.0,1305.0,33551.0,870.0,22285.0
387328107,Sold Out,Granite Construction Incorporated,261.0,4678.0,,,,
G037AX101,Sold Out,Ambarella Inc,228.0,4657.0,,,,
021369103,New Holding,Altair Engineering Inc - A,,,573.0,16766.0,,
G6518L108,New Holding,Nielsen Holdings Plc,,,605.0,19560.0,,
Y8564W103,Sold Out,Teekay Corp,280.0,34558.0,,,,
517942108,New Holding,Lasalle Hotel Properties,,,11280.0,329526.0,,
886547108,Sold Out,TIFFANY & CO,1265.0,12958.0,,,,
670837103,Sold Out,OGE Energy Corporation,255.0,7778.0,,,,
548661107,New Holding,Lowe's Companies Incorporated,,,3927.0,41093.0,,
45784P101,Not New,Insulet Corp,3323.0,38773.0,404.0,4665.0,-2919.0,-34108.0
49926D109,Sold Out,Knowles Corp,472.0,37474.0,,,,
98426T106,Sold Out,Yy Inc-adr,2870.0,27284.0,,,,
81763U100,New Holding,Servicesource International,,,71.0,18086.0,,
H2906T109,Not New,GARMIN LTD.,4222.0,69221.0,319.0,5415.0,-3903.0,-63806.0
824889109,Not New,Shoe Carnival Incorporated,791.0,24377.0,751.0,31541.0,-40.0,7164.0
13057Q206,Not New,California Resources Cor,1083.0,23824.0,434.0,25282.0,-649.0,1458.0
01741R102,Not New,Allegheny Technologies Inc,295.0,11732.0,1500.0,63343.0,1205.0,51611.0
269796108,New Holding,Eagle Pharmaceuticals Inc,,,305.0,4033.0,,
23918K108,Sold Out,DaVita Inc,1935.0,29343.0,,,,
36255F201,New Holding,Gs Acquisition Holdings Corp,,,2044.0,200000.0,,
92827P102,Sold Out,Virtusa Corp,205.0,4237.0,,,,
40054A108,New Holding,Grupo Supervielle Sa-adr,,,128.0,12141.0,,
190897108,Not New,CoBiz Financial Inc,2089.0,97243.0,234.0,11958.0,-1855.0,-85285.0
690370101,Sold Out,Overstock.com Inc,381.0,10521.0,,,,
98400J108,Sold Out,Xcerra Corp,802.0,68855.0,,,,
950755108,New Holding,Werner Enterprises Incorporated,,,279.0,7442.0,,
83190B101,Not New,Smart & Final Stores Inc,180.0,32422.0,252.0,45417.0,72.0,12995.0
90238J103,Sold Out,Tyme Technologies Inc,112.0,50000.0,,,,
G45667105,Not New,Hollysys Automation Technologies Ltd,489.0,22072.0,232.0,9404.0,-257.0,-12668.0
177376100,Not New,Citrix Systems,1302.0,12422.0,1612.0,17370.0,310.0,4948.0
313747206,New Holding,Federal Realty Investors Trust,,,1511.0,11938.0,,
21872L104,New Holding,Corepoint Lodging Inc,,,340.0,13111.0,,
715347100,New Holding,Perspecta Inc,,,1330.0,64702.0,,
55261F104,Not New,M&T Bank Corporation,7158.0,42067.0,2856.0,15493.0,-4302.0,-26574.0
928563402,Not New,Vmware Inc-class A,2210.0,15040.0,4218.0,34782.0,2008.0,19742.0
02079K107,New Holding,"Alphabet, Inc. - C Shares",,,418.0,375.0,,
018581108,Sold Out,ALLIANCE DATA SYS CORP,615.0,2888.0,,,,
03027X100,Sold Out,American Tower Corp - Class A,569.0,3918.0,,,,
91912E105,Sold Out,Vale SA - ADR,394.0,30989.0,,,,
83587F202,Sold Out,Sorrento Therapeutics Inc,561.0,108872.0,,,,
92206C409,New Holding,Vanguard Short-Term Corporate Bond ETF,,,416.0,5332.0,,
350465100,New Holding,Foundation Medicine Inc,,,670.0,4904.0,,
G0585R106,Not New,Assured Guaranty Ltd,1979.0,55401.0,3209.0,88633.0,1230.0,33232.0
01973R101,Not New,Allison Transmission Holding,3635.0,89768.0,670.0,17159.0,-2965.0,-72609.0
29275Y102,Not New,EnerSys,751.0,10056.0,1060.0,15282.0,309.0,5226.0
737446104,New Holding,Post Holdings Inc,,,873.0,10153.0,,
049904105,Not New,Atrion Corporation,280.0,467.0,287.0,455.0,7.0,-12.0
74972G103,Sold Out,RPX Corporation,502.0,46941.0,,,,
419879101,Not New,Hawaiian Holdings Inc,309.0,8605.0,550.0,14223.0,241.0,5618.0
133131102,Not New,Camden Property Trust,1050.0,11520.0,1059.0,12580.0,9.0,1060.0
144577103,New Holding,Carrizo Oil & Gas Inc,,,445.0,15969.0,,
008492100,New Holding,Agree Reality Corporation,,,428.0,8114.0,,
930427109,Not New,Wageworks Inc,586.0,11719.0,946.0,20925.0,360.0,9206.0
311900104,New Holding,Fastenal Company,,,1489.0,30944.0,,
350392106,Not New,Foundation Building Material,174.0,11320.0,174.0,11681.0,0.0,361.0
917047102,New Holding,Urban Outfitters Inc.,,,4724.0,106042.0,,
48716P108,Not New,Kearny Financial Corp,1071.0,79647.0,854.0,65693.0,-217.0,-13954.0
201723103,Sold Out,Commercial Metals Company,276.0,13480.0,,,,
291011104,New Holding,Emerson Electric Company,,,1842.0,26645.0,,
00766T100,New Holding,AECOM,,,250.0,7578.0,,
835898107,Not New,Sotheby's,460.0,8458.0,738.0,14387.0,278.0,5929.0
31847R102,Not New,First American Financial,844.0,16327.0,685.0,11675.0,-159.0,-4652.0
8676EP108,Not New,SunOpta Inc,153.0,18259.0,95.0,13415.0,-58.0,-4844.0
126650100,Sold Out,CVS Health Corp,2290.0,36809.0,,,,
707569109,Sold Out,Penn National Gaming Inc,500.0,19031.0,,,,
09857L108,Not New,Booking Holdings Inc,5173.0,2552.0,10602.0,5096.0,5429.0,2544.0
74762E102,Not New,Quanta Services Incorporated,2344.0,70189.0,522.0,15209.0,-1822.0,-54980.0
292104106,Sold Out,Empire State Realty Trust In,352.0,20985.0,,,,
00507V109,New Holding,Activision Blizzard Inc,,,5947.0,77916.0,,
30057T105,Not New,Evoqua Water Technologies Co,998.0,48668.0,1543.0,72498.0,545.0,23830.0
913543104,Sold Out,Universal Forest Products,206.0,6335.0,,,,
876664103,New Holding,"Taubman Centers, Inc.",,,1369.0,23297.0,,
053807103,New Holding,Avnet Incorporated,,,2310.0,53864.0,,
625207105,Sold Out,Mulesoft Inc -a,8609.0,195744.0,,,,
457669307,Sold Out,Insmed Inc.,339.0,15066.0,,,,
25960R105,Sold Out,Douglas Dynamics Inc,203.0,4672.0,,,,
206022105,Sold Out,Concert Pharmaceuticals Inc,442.0,19290.0,,,,
81762P102,Not New,Servicenow Inc,3857.0,22364.0,1577.0,9532.0,-2280.0,-12832.0
88023U101,New Holding,Tempur Sealy International Inc,,,512.0,10663.0,,
18451C109,Not New,Clear Channel Outdoor Holdings Inc. Class A,62.0,14394.0,71.0,14394.0,9.0,0.0
172967424,Not New,Citigroup Incorporated,3206.0,47902.0,12546.0,185864.0,9340.0,137962.0
854502101,New Holding,Stanley Black & Decker Inc,,,1747.0,13154.0,,
346375108,Sold Out,FormFactor Inc,358.0,26243.0,,,,
108621103,Sold Out,Bridgewater Bancshares Inc,708.0,54164.0,,,,
023436108,Not New,Amedisys Inc,1095.0,12818.0,519.0,8598.0,-576.0,-4220.0
293389102,New Holding,Ennis Inc,,,230.0,11310.0,,
62914B100,Not New,NIC INC,274.0,17633.0,159.0,11952.0,-115.0,-5681.0
55272X102,Not New,MFA Financial Inc,546.0,71998.0,462.0,61329.0,-84.0,-10669.0
02079K305,New Holding,"Alphabet, Inc.",,,2038.0,1805.0,,
651229106,Not New,Newell Brands Inc,849.0,32937.0,764.0,30000.0,-85.0,-2937.0
651229106,Not New,Newell Brands Inc,774.0,30000.0,764.0,30000.0,-10.0,0.0
07203T106,Sold Out,Bay Bancorp Inc,3538.0,265054.0,,,,
918204108,New Holding,VF Corporation,,,4361.0,53495.0,,
410120109,New Holding,Hancock Whitney Corp,,,744.0,15945.0,,
020002101,Not New,Allstate Corporation,900.0,9857.0,4792.0,50553.0,3892.0,40696.0
05070R104,Not New,Audentes Therapeutics Inc,570.0,14917.0,551.0,18324.0,-19.0,3407.0
74978Q105,Not New,Rsp Permian Inc,8259.0,187629.0,1338.0,28536.0,-6921.0,-159093.0
98585N106,New Holding,Yext Inc,,,263.0,13594.0,,
69370C100,Not New,PTC Inc,1224.0,13049.0,278.0,3568.0,-946.0,-9481.0
42727J102,New Holding,Heritage Insurance Holdings,,,261.0,15641.0,,
29276K101,Sold Out,Energy Xxi Gulf Coast Inc,79.0,20632.0,,,,
229663109,Not New,CubeSmart,2502.0,77644.0,2612.0,92639.0,110.0,14995.0
46185L103,Sold Out,Invitae Corp,235.0,50000.0,,,,
74704P108,New Holding,Puxin Ltd - ADR,,,410.0,19163.0,,
185063104,Sold Out,Clearside Biomedical Inc,228.0,21250.0,,,,
39572G100,New Holding,Greensky Inc-class A,,,2192.0,103629.0,,
G38327105,New Holding,Geopark Ltd,,,202.0,9804.0,,
005125109,Not New,Acxiom Corporation,494.0,16491.0,279.0,12278.0,-215.0,-4213.0
98212B103,New Holding,Wpx Energy Inc,,,2749.0,152483.0,,
446413106,New Holding,Huntington Ingalls Indust,,,2521.0,11628.0,,
156431108,Sold Out,Century Aluminum Co,254.0,15364.0,,,,
949090104,Sold Out,Welbilt Inc,961.0,49404.0,,,,
665859104,Not New,Northern Trust Corporation,498.0,4842.0,1255.0,12166.0,757.0,7324.0
33812L102,Not New,Fitbit Inc,1813.0,277619.0,682.0,133707.0,-1131.0,-143912.0
29414D100,Not New,Envision Healthcare Corp,374.0,8498.0,735.0,19135.0,361.0,10637.0
485170302,Not New,Kansas City Southern,826.0,7793.0,1550.0,14106.0,724.0,6313.0
92532F100,Not New,Vertex Pharmaceuticals Inc.,2989.0,17588.0,396.0,2431.0,-2593.0,-15157.0
071813109,Not New,Baxter International Incorporated,2112.0,28606.0,3854.0,59258.0,1742.0,30652.0
674215108,Sold Out,Oasis Petroleum Inc,1627.0,200844.0,,,,
10921T101,New Holding,Brightcove,,,262.0,27202.0,,
219350105,Sold Out,Corning Incorporated,909.0,32595.0,,,,
32020R109,Sold Out,First Finl Bankshares Inc,422.0,9118.0,,,,
35671D857,Not New,Freeport-McMoRan Inc,2910.0,168578.0,1614.0,91851.0,-1296.0,-76727.0
31620M106,Sold Out,Fidelity National Information Services,374.0,3886.0,,,,
758750103,Sold Out,Regal Beloit Corp,254.0,3461.0,,,,
04963C209,Not New,Atricure Inc,745.0,27543.0,537.0,26177.0,-208.0,-1366.0
81750R102,Not New,Seres Therapeutics Inc,185.0,21470.0,292.0,39717.0,107.0,18247.0
03783C100,Not New,Appfolio Inc - A,333.0,5444.0,465.0,11393.0,132.0,5949.0
032657207,Sold Out,Analogic Corporation,740.0,7718.0,,,,
90214J101,Not New,2u Inc,2646.0,31670.0,880.0,10478.0,-1766.0,-21192.0
00790X101,Sold Out,Advanced Disposal Services I,462.0,20723.0,,,,
670346105,Sold Out,Nucor Corporation,665.0,10890.0,,,,
346563109,Sold Out,Forrester Research Incorporated,203.0,4900.0,,,,
25470F302,Sold Out,Discovery Inc - C,366.0,18750.0,,,,
00508Y102,Not New,Acuity Brands Inc,4213.0,36359.0,3941.0,28316.0,-272.0,-8043.0
704326107,New Holding,"Paychex, Inc.",,,768.0,11234.0,,
151020104,Not New,Celgene Corporation,13663.0,172031.0,6067.0,68005.0,-7596.0,-104026.0
910047109,Not New,United Continental Holdings Inc,1380.0,19785.0,1943.0,27963.0,563.0,8178.0
609839105,New Holding,Monolithic Power Systems Inc,,,1184.0,8856.0,,
922908363,New Holding,Vanguard S&p 500 Etf,,,1218.0,4880.0,,
74347W163,New Holding,Proshares Ultra Vix St Futur,,,3085.0,250000.0,,
216648402,New Holding,Cooper Companies Inc,,,206.0,873.0,,
98421B100,Not New,Xperi Corp,673.0,41779.0,856.0,40490.0,183.0,-1289.0
949746101,Not New,Wells Fargo Company,3736.0,67384.0,4443.0,84777.0,707.0,17393.0
81761R109,Sold Out,Servicemaster Global Holding,884.0,17388.0,,,,
36191G107,Not New,Gnc Holdings Inc,320.0,91021.0,74.0,19062.0,-246.0,-71959.0
431571108,Sold Out,Hillenbrand Inc,338.0,7357.0,,,,
697435105,Not New,Palo Alto Networks Inc,6552.0,31888.0,591.0,3256.0,-5961.0,-28632.0
88224Q107,New Holding,Texas Capital Bancshares Inc,,,2555.0,27925.0,,
676220106,Sold Out,Office Depot Inc,397.0,184580.0,,,,
260003108,Sold Out,Dover Corp,3009.0,30636.0,,,,
294628102,Not New,Equity Commonwealth,296.0,9382.0,207.0,6735.0,-89.0,-2647.0
37244C101,Not New,Genomic Health Inc.,1161.0,23040.0,312.0,9972.0,-849.0,-13068.0
192446102,New Holding,Cognizant Technology Solutions Corporati,,,333.0,4218.0,,
26483E100,Sold Out,Dun & Bradstreet Corp,290.0,2478.0,,,,
830566105,New Holding,Skechers Usa Inc -Cl A,,,3426.0,114170.0,,
64110L106,Not New,NetFlix Inc.,7106.0,18153.0,3726.0,12617.0,-3380.0,-5536.0
808513105,New Holding,Schwab (Charles) Corporation,,,322.0,6297.0,,
30068N105,New Holding,Exantas Capital Corp,,,284.0,27944.0,,
21870Q105,Not New,Coresite Realty Corp,742.0,6700.0,780.0,7783.0,38.0,1083.0
G4617B105,Sold Out,Horizon Pharma Plc,1954.0,137592.0,,,,
43114K108,Sold Out,Highpoint Resources Corp,175.0,34449.0,,,,
79546E104,Sold Out,Sally Beauty Co Inc,184.0,11201.0,,,,
23331S100,Not New,DHI Group Inc,198.0,84056.0,135.0,84647.0,-63.0,591.0
37890U108,Sold Out,Global Blood Therapeutics In,289.0,5990.0,,,,
743312100,Not New,Progress Software Corporation,2724.0,70167.0,1578.0,41033.0,-1146.0,-29134.0
91818X108,New Holding,Uxin Ltd - Adr,,,502.0,55555.0,,
899896104,Sold Out,Tupperware Brands Corp,1800.0,37214.0,,,,
447011107,Not New,Huntsman Corp,1418.0,48570.0,2597.0,88795.0,1179.0,40225.0
45773Y105,New Holding,Innerworkings Inc,,,106.0,12208.0,,
16122W108,New Holding,Charter Financial Corp/GA,,,17310.0,716762.0,,
497498105,New Holding,Kirkland's Inc,,,191.0,16401.0,,
95040Q104,New Holding,Welltower Inc,,,1298.0,20713.0,,
665531109,Sold Out,Northern Oil And Gas Inc,29.0,14617.0,,,,
01988P108,Not New,Allscripts Healthcare Solutions Inc,1359.0,113261.0,157.0,12684.0,-1202.0,-100577.0
62942X306,New Holding,Nrg Yield Inc-class A,,,211.0,12353.0,,
92240M108,Not New,Vector Group Ltd.,1228.0,64373.0,226.0,11094.0,-1002.0,-53279.0
00817Y108,Not New,Aetna Inc.,35769.0,194925.0,26188.0,154958.0,-9581.0,-39967.0
00817Y108,Not New,Aetna Inc.,5505.0,30000.0,26188.0,154958.0,20683.0,124958.0
532457108,Not New,Eli Lilly & Company,4365.0,51157.0,3678.0,47542.0,-687.0,-3615.0
626717102,Not New,Murphy Oil Corporation,1893.0,56058.0,866.0,33512.0,-1027.0,-22546.0
34959E109,New Holding,Fortinet Inc,,,268.0,4286.0,,
044186104,Sold Out,Ashland Global Holdings Inc,760.0,10884.0,,,,
7591EP100,Sold Out,Regions Financial Corporation,1198.0,64454.0,,,,
489170100,Not New,Kennametal Incorporated,1689.0,47057.0,804.0,20021.0,-885.0,-27036.0
016255101,Not New,Align Technology Inc,260.0,759.0,342.0,1360.0,82.0,601.0
588056101,Not New,Mercer Intl Inc (Sh Ben Int),362.0,20685.0,199.0,15988.0,-163.0,-4697.0
89678F100,Not New,Tristate Capital Hldgs Inc,366.0,14029.0,303.0,13036.0,-63.0,-993.0
589584101,Not New,Meridian Bioscience Inc,766.0,48169.0,558.0,39304.0,-208.0,-8865.0
212015101,Not New,Continental Resources Inc,1914.0,29549.0,1194.0,20247.0,-720.0,-9302.0
30225T102,Not New,Extra Space Storage Inc,494.0,4945.0,1619.0,18529.0,1125.0,13584.0
442487203,Not New,Hovnanian Enterprises Inc.-A,60.0,36505.0,139.0,75732.0,79.0,39227.0
647581107,Not New,New Oriental Education & Technology - SP ADR,4122.0,43549.0,1160.0,13239.0,-2962.0,-30310.0
G7496G103,Not New,Renaissance Re Holdings Limited,788.0,6549.0,274.0,1978.0,-514.0,-4571.0
124857202,Not New,CBS Corp Class B,2868.0,51019.0,2438.0,47443.0,-430.0,-3576.0
984017103,New Holding,Xenia Hotels & Resorts Inc,,,205.0,8404.0,,
92531L207,Sold Out,Verso Corp - A,471.0,27973.0,,,,
750469207,New Holding,Radius Health Inc,,,1283.0,43542.0,,
70450Y103,Not New,Paypal Holdings Inc,2364.0,28392.0,975.0,12848.0,-1389.0,-15544.0
983134107,Not New,Wynn Resorts Ltd,3022.0,18062.0,791.0,4339.0,-2231.0,-13723.0
695127100,New Holding,Pacira Pharmaceuticals Inc,,,1064.0,33192.0,,
974155103,New Holding,Wingstop Inc,,,873.0,16742.0,,
74164F103,Sold Out,Primoris Services Corp,549.0,21979.0,,,,
00163U106,Not New,AMAG Pharmaceuticals Inc,1012.0,51908.0,249.0,12344.0,-763.0,-39564.0
09062X103,Not New,Biogen Inc,2203.0,7591.0,1544.0,5638.0,-659.0,-1953.0
316500107,Sold Out,Fidus Investment Corp,158.0,12251.0,,,,
40434J100,Sold Out,HRG Group Inc,13920.0,844132.0,,,,
30161Q104,Sold Out,Exelixis Inc,1908.0,86135.0,,,,
690742101,Not New,Owens Corning Inc,947.0,14939.0,2616.0,32539.0,1669.0,17600.0
30212P303,New Holding,Expedia Group Inc,,,1612.0,13415.0,,
56624R108,Not New,Marchex Inc,110.0,35900.0,98.0,35900.0,-12.0,0.0
74112D101,Sold Out,Prestige Brand Holdings Inc,736.0,21813.0,,,,
45781U103,Not New,Instructure Inc,538.0,12654.0,868.0,20598.0,330.0,7944.0
960413102,New Holding,Westlake Chemical Corp,,,1085.0,10084.0,,
81211K100,New Holding,Sealed Air Corporation,,,4380.0,103177.0,,
511656100,Not New,Lakeland Financial Corp,539.0,11177.0,233.0,5042.0,-306.0,-6135.0
M6787E101,Not New,magicJack VocalTec Ltd,156.0,18363.0,154.0,18363.0,-2.0,0.0
G3198U102,Not New,Essent Group Ltd,1352.0,37752.0,468.0,11004.0,-884.0,-26748.0
756577102,Not New,Red Hat Inc.,1158.0,8617.0,2899.0,19390.0,1741.0,10773.0
53220K504,Not New,Ligand Pharmaceuticals Incorporated,1103.0,5324.0,265.0,1605.0,-838.0,-3719.0
534187109,Sold Out,Lincoln National Corporation,340.0,4658.0,,,,
45685L100,Not New,Infrareit Inc,640.0,28853.0,541.0,27848.0,-99.0,-1005.0
024013104,New Holding,American Assets Trust Inc,,,351.0,9174.0,,
87162H103,Not New,Syntel Incorporated,289.0,9009.0,289.0,11328.0,0.0,2319.0
92886T201,Sold Out,Vonage Holdings,491.0,46081.0,,,,
38046C109,Not New,Gogo Inc,127.0,26162.0,119.0,13806.0,-8.0,-12356.0
N20146101,Not New,Cimpress NV,664.0,4578.0,1277.0,8256.0,613.0,3678.0
04621X108,Sold Out,Assurant Inc,903.0,9879.0,,,,
00206R102,Not New,AT&T Inc,663.0,20640.0,10695.0,300000.0,10032.0,279360.0
006739106,Not New,Addus Homecare Corp,429.0,7502.0,289.0,5944.0,-140.0,-1558.0
407497106,Sold Out,Hamilton Lane Inc-class A,371.0,9971.0,,,,
N6748L102,Sold Out,Orthofix International N.V.,890.0,15142.0,,,,
90328M107,Not New,USANA Health Sciences Inc,2034.0,17638.0,435.0,5060.0,-1599.0,-12578.0
666807102,New Holding,Northrop Grumman Corp,,,209.0,680.0,,
64976L208,New Holding,New York Reit Inc,,,183.0,10038.0,,
87612E106,Not New,Target Corporation,20368.0,267580.0,2826.0,40705.0,-17542.0,-226875.0
G65431101,Not New,Noble Corp plc,739.0,116822.0,170.0,45816.0,-569.0,-71006.0
46428Q109,New Holding,iShares Silver Trust,,,336.0,22197.0,,
00287Y109,Not New,Abbvie Inc,13820.0,149167.0,8145.0,86054.0,-5675.0,-63113.0
17306X102,Not New,Citi Trends Inc,572.0,20837.0,299.0,9675.0,-273.0,-11162.0
759509102,Not New,Reliance Steel & Aluminum Company,2004.0,22892.0,628.0,7326.0,-1376.0,-15566.0
64157F103,Not New,Nevro Corp,508.0,6362.0,517.0,5961.0,9.0,-401.0
243537107,Sold Out,Deckers Outdoor Corporation,4207.0,46729.0,,,,
258278100,Sold Out,Dorman Products Inc,467.0,7053.0,,,,
84861U105,New Holding,Spirit Mta Reit,,,203.0,19723.0,,
440543106,Not New,Hornbeck Offshore Services Inc,192.0,48605.0,102.0,34903.0,-90.0,-13702.0
592688105,Sold Out,Mettler-Toledo International Inc,526.0,914.0,,,,
015271109,New Holding,Alexandria Real Estate Equities Inc,,,644.0,5107.0,,
90347A100,New Holding,Ubiquiti Networks Inc,,,1121.0,13228.0,,
87166L100,Sold Out,Synlogic Inc,94.0,10000.0,,,,
66987E206,New Holding,Novagold Resources Inc.,,,167.0,37559.0,,
98978V103,Not New,Zoetis Inc,1664.0,19531.0,445.0,5323.0,-1219.0,-14208.0
150838100,Sold Out,Celadon Group Incorporated,45.0,12155.0,,,,
14912Y202,Not New,Catchmark Timber Trust Inc-a,424.0,33307.0,934.0,74919.0,510.0,41612.0
37185X106,Sold Out,Genesis Healthcare Inc - Class A,21.0,13742.0,,,,
G06242104,Not New,Atlassian Corp Plc-class A,247.0,3956.0,544.0,10081.0,297.0,6125.0
609207105,Not New,Mondelez International Inc,6846.0,166974.0,9645.0,231118.0,2799.0,64144.0
635017106,New Holding,National Beverage Corp,,,389.0,3637.0,,
46625H100,Not New,JPMorgan Chase & Co.,10918.0,104777.0,1374.0,12498.0,-9544.0,-92279.0
125581801,New Holding,"CIT Group, Inc.",,,1269.0,25172.0,,
M98068105,Not New,Wix.com Ltd,273.0,2722.0,1464.0,18401.0,1191.0,15679.0
78462F103,Not New,SPDR S&P 500 ETF Trust,168868.0,622485.0,652491.0,2479541.0,483623.0,1857056.0
78462F103,Not New,SPDR S&P 500 ETF Trust,168868.0,622485.0,595061.0,2261300.0,426193.0,1638815.0
78462F103,Not New,SPDR S&P 500 ETF Trust,168868.0,622485.0,286229.0,1087700.0,117361.0,465215.0
78462F103,Not New,SPDR S&P 500 ETF Trust,532576.0,1963200.0,652491.0,2479541.0,119915.0,516341.0
78462F103,Not New,SPDR S&P 500 ETF Trust,532576.0,1963200.0,595061.0,2261300.0,62485.0,298100.0
78462F103,Not New,SPDR S&P 500 ETF Trust,532576.0,1963200.0,286229.0,1087700.0,-246347.0,-875500.0
78462F103,Not New,SPDR S&P 500 ETF Trust,134744.0,496700.0,652491.0,2479541.0,517747.0,1982841.0
78462F103,Not New,SPDR S&P 500 ETF Trust,134744.0,496700.0,595061.0,2261300.0,460317.0,1764600.0
78462F103,Not New,SPDR S&P 500 ETF Trust,134744.0,496700.0,286229.0,1087700.0,151485.0,591000.0
36164V305,Sold Out,Gci Liberty Inc - Class A,1447.0,27383.0,,,,
03823U102,Sold Out,Applied Optoelectronics Inc,244.0,9753.0,,,,
03969F109,Sold Out,Arcus Biosciences Inc,428.0,27723.0,,,,
023135106,Not New,Amazon.Com Incorporated,13588.0,7994.0,31158.0,21528.0,17570.0,13534.0
30034W106,New Holding,Evergy Inc,,,236.0,4205.0,,
682163100,New Holding,On Deck Capital Inc,,,281.0,40169.0,,
05722G100,Not New,"Baker Hughes, a GE Company",3341.0,101152.0,1608.0,57890.0,-1733.0,-43262.0
559079207,Sold Out,Magellan Health Inc,265.0,2473.0,,,,
95058W100,New Holding,Wendy's Co/The,,,202.0,11757.0,,
742718109,Sold Out,Procter & Gamble Company,2260.0,28512.0,,,,
29357K103,New Holding,Enova International Inc,,,385.0,10545.0,,
00484M106,New Holding,Acorda Therapeutics Inc,,,217.0,7578.0,,
88104R209,Not New,Terraform Power Inc - A,549.0,46964.0,331.0,30862.0,-218.0,-16102.0
19625W104,Sold Out,Colony Northstar Inc-class A,377.0,67093.0,,,,
045327103,Not New,Aspen Technology Incorporated,3581.0,38615.0,1182.0,14979.0,-2399.0,-23636.0
648691103,Not New,NEW SENIOR INVESTMENT GR,192.0,25309.0,203.0,24874.0,11.0,-435.0
89785L107,Sold Out,Truecar Inc,372.0,39280.0,,,,
913456109,Not New,Universal Corp.-Virginia,366.0,5547.0,935.0,19282.0,569.0,13735.0
415864107,Sold Out,Harsco Corporation,204.0,9884.0,,,,
862121100,New Holding,Store Capital Corp,,,687.0,25090.0,,
778296103,Sold Out,Ross Stores Incorporated,284.0,3648.0,,,,
149205106,Not New,Cato Corp New (CL A),1230.0,49940.0,469.0,31837.0,-761.0,-18103.0
56117J100,New Holding,Malibu Boats Inc - A,,,801.0,19094.0,,
G25839104,New Holding,Coca-Cola European Partners PLC,,,436.0,10724.0,,
00081T108,Not New,Acco Brands Corp,801.0,57854.0,1186.0,94491.0,385.0,36637.0
856190103,New Holding,State Bank Financial Corp,,,5174.0,154921.0,,
78463M107,Not New,Sps Commerce Inc,628.0,8548.0,526.0,8203.0,-102.0,-345.0
668074305,Not New,Northwestern Corp - NEW,1063.0,18567.0,301.0,5604.0,-762.0,-12963.0
63888U108,Not New,Natural Grocers by Vitamin Cottage Inc,213.0,16717.0,124.0,17337.0,-89.0,620.0
29362U104,Not New,Entegris Inc,785.0,23155.0,1153.0,33140.0,368.0,9985.0
013872106,Not New,Alcoa Corp,1976.0,42150.0,1341.0,29816.0,-635.0,-12334.0
69924R108,New Holding,Paramount Group Inc,,,1011.0,65640.0,,
891092108,New Holding,Toro Company,,,1104.0,18328.0,,
95082P105,Not New,WESCO International,1427.0,24994.0,715.0,11518.0,-712.0,-13476.0
384313508,New Holding,Graftech International Ltd,,,731.0,40614.0,,
H84989104,Not New,TE Connectivity Ltd,1640.0,18207.0,845.0,8459.0,-795.0,-9748.0
20786W107,New Holding,ConnectOne Bancorp Inc,,,274.0,10996.0,,
21036P108,Not New,"Constellation Brands, Inc - A",5582.0,25506.0,1386.0,6079.0,-4196.0,-19427.0
068463108,Not New,Barrett Business Svcs Inc,243.0,2518.0,532.0,6418.0,289.0,3900.0
141665109,Not New,Career Education Corporation,163.0,10059.0,243.0,18483.0,80.0,8424.0
29476L107,New Holding,Equity Residential,,,562.0,8825.0,,
25746U109,Sold Out,Dominion Energy Inc,1168.0,17321.0,,,,
235851102,Not New,Danaher Corporation,823.0,8339.0,241.0,2459.0,-582.0,-5880.0
369550108,Sold Out,General Dynamics Corp,848.0,3840.0,,,,
148806102,Not New,Catalent Inc,2152.0,51377.0,783.0,19065.0,-1369.0,-32312.0
74051N102,New Holding,Premier Inc-class A,,,995.0,27359.0,,
749227609,Not New,RAIT Financial Trust,6.0,66662.0,11.0,66662.0,5.0,0.0
693475105,Not New,PNC Financial Services Group,460.0,3406.0,1676.0,11080.0,1216.0,7674.0
