CUSIP,status,NAME OF ISSUER,(x$1000)_old,PRN AMT_old,(x$1000),PRN AMT,(x$1000)_change,PRN AMT_change
860370AH8,Sold Out,STEWART ENTERPRISES INC,2230.0,2250000.0,,,,
595112AK9,Sold Out,MICRON TECHNOLOGY INC,65723.0,65724000.0,,,,
025676AE7,Sold Out,AMERICAN EQTY INVT LIFE HLD,6846.0,6465000.0,,,,
983793AA8,New Holding,XPO LOGISTICS INC,,,28953.0,23440000.0,,
59156R116,Sold Out,METLIFE INC,40614.0,574300.0,,,,
472319AG7,Not New,JEFFERIES GROUP LLC,4527.0,4236000.0,19767.0,20432000.0,15240.0,16196000.0
20478NAB6,Sold Out,COMPUCREDIT HLDG,6449.0,6702000.0,,,,
153443AH9,Not New,CENTRAL EURO MEDIA ENTER,8386.0,8695000.0,8364.0,10400000.0,-22.0,1705000.0
43713WAB3,New Holding,HOME INNS HTL MNGMT INC,,,11083.0,12474000.0,,
681904AP3,New Holding,OMNICARE INC,,,91574.0,73560000.0,,
739363AF6,Sold Out,POWERWAVE TECHNOLOGIES INC,1416.0,2972000.0,,,,
45031UBF7,Sold Out,ISTAR FINANCIAL INC,22737.0,23201000.0,,,,
151290AV5,Not New,CEMEX SAB DE CV,86601.0,75077000.0,108121.0,114171000.0,21520.0,39094000.0
345550AP2,New Holding,FOREST CITY ENTERPRISES,,,73345.0,65171000.0,,
750459AE9,Sold Out,RADISYS CORP,10107.0,10184000.0,,,,
86074QAF9,Sold Out,STILLWATER MNG CO,788.0,795000.0,,,,
37045V209,Sold Out,GENERAL MOTORS CO,79615.0,1902400.0,,,,
874054AC3,New Holding,TAKE-TWO INTERACTIVE SOFTWARE,,,33005.0,29828000.0,,
68214Q200,Sold Out,OMNICARE CAP TRUST II,40084.0,835260.0,,,,
19239VAB0,Sold Out,COGENT COMMUNICATIONS GROUP,15557.0,17000000.0,,,,
205826AF7,Sold Out,COMTECH TELECOMMUNICATIONS,28133.0,24820000.0,,,,
74973WAA5,Not New,RTI INTERNATIONAL METALS,38807.0,35475000.0,37308.0,36475000.0,-1499.0,1000000.0
53219LAH2,Sold Out,LIFEPOINT HOSPITALS INC,43554.0,41467000.0,,,,
165167BZ9,New Holding,CHESAPEAKE ENERGY CORP,,,13264.0,14000000.0,,
371559204,New Holding,GENESEE & WYOMING INC,,,51253.0,427500.0,,
436440AG6,New Holding,HOLOGIC INC,,,9709.0,9404000.0,,
018606301,New Holding,ALLIANCE HEALTHCARE SERVICES,,,74392.0,4756490.0,,
360921209,New Holding,FURNITURE BRANDS INTL INC,,,1486.0,371428.0,,
38119TAE4,New Holding,GOLDEN STAR RESOURCES,,,3348.0,5000000.0,,
887319AC5,Sold Out,TIME WARNER TELECOM INC,8302.0,6632000.0,,,,
L0302D178,New Holding,ARCELORMITTAL,,,35288.0,1880000.0,,
749941AJ9,New Holding,RF MICRO DEVICES INC,,,4050.0,4000000.0,,
61748WAB4,Not New,MORGANS HOTEL GROUP CO,10081.0,10177000.0,2447.0,3000000.0,-7634.0,-7177000.0
060505682,Sold Out,BANK OF AMERICA CORP,16936.0,17415.0,,,,
151290889,New Holding,Cemex SA-Sponsored ADR,,,1175.0,111084.0,,
008252AL2,New Holding,AFFILIATED MANAGERS GROUP,,,919.0,712000.0,,
018772AQ6,Not New,ALLIANCE ONE INTL INC,9006.0,8876000.0,2553.0,2582000.0,-6453.0,-6294000.0
861642AN6,New Holding,STONE ENERGY CORP,,,16255.0,17491000.0,,
874039100,New Holding,TAIWAN SEMICONDUCTOR SPONSORED ADR,,,1916.0,104598.0,,
88830RAB7,New Holding,TITAN MACHINERY INC,,,10157.0,10784000.0,,
382410AC2,Not New,GOODRICH PETROLEUM CORP,12124.0,12104000.0,5233.0,5290000.0,-6891.0,-6814000.0
701081AR2,Sold Out,PARKER DRILLING CO,924.0,925000.0,,,,
369300AD0,New Holding,GENERAL CABLE CORP,,,11511.0,11495000.0,,
02076XAA0,New Holding,ALPHA NATURAL RESOURCES,,,1507.0,1640000.0,,
795435AE6,New Holding,SALIX PHARMACEUTICALS LTD,,,136105.0,113465000.0,,
375558AP8,Sold Out,GILEAD SCIENCES INC,144474.0,116165000.0,,,,
05541TAD3,New Holding,BGC PARTNERS INC,,,18956.0,18676000.0,,
451102AB3,Not New,ICAHN ENTERPRISES LP,5023.0,5000000.0,25351.0,25225000.0,20328.0,20225000.0
16359RAC7,Sold Out,CHEMED CORP,42486.0,41499000.0,,,,
874054AD1,New Holding,TAKE-TWO INTERACTIVE SOFTWARE,,,24394.0,25000000.0,,
032346AF5,Sold Out,AMYLIN PHARMACEUTICALS INC,1400.0,1491000.0,,,,
750236AN1,New Holding,RADIAN GROUP INC,,,24259.0,18750000.0,,
436440AB7,Not New,HOLOGIC INC,29379.0,26179000.0,58226.0,49275000.0,28847.0,23096000.0
93317WAA0,New Holding,WALTER INVESTMENT MGMT,,,37139.0,36505000.0,,
22282EAC6,Sold Out,COVANTA HOLDING CORP,70539.0,61135000.0,,,,
585464100,Sold Out,Melco PBL Entertainment,5955.0,436612.0,,,,
231082108,Not New,CUMULUS MEDIA INC-CL A,13512.0,3985983.0,13911.0,3985983.0,399.0,0.0
398905AE9,Not New,GROUP 1 AUTOMOTIVE INC,45890.0,38202000.0,17342.0,15535000.0,-28548.0,-22667000.0
680223AH7,Not New,OLD REPUBLIC INTL CORP,29575.0,26023000.0,29161.0,30323000.0,-414.0,4300000.0
913017117,New Holding,UNITED TECHNOLOGIES CORP,,,39471.0,664950.0,,
928645AA8,Sold Out,VOLCANO CORP,6511.0,5640000.0,,,,
912909AH1,New Holding,US STEEL CORP,,,31862.0,32100000.0,,
876568502,New Holding,Tata Motors,,,6441.0,274800.0,,
91912E204,New Holding,Vale S.A. PFD,,,10282.0,845600.0,,
16115QAC4,Sold Out,CHART INDUSTRIES INC,48572.0,37571000.0,,,,
451055AE7,New Holding,ICONIX BRAND GROUP INC,,,17460.0,15305000.0,,
87305RAC3,Not New,TTM TECHNOLOGIES,16743.0,16643000.0,24789.0,22925000.0,8046.0,6282000.0
470355AF5,Sold Out,JAMES RIVER COAL CO,10681.0,21210000.0,,,,
552848AD5,Not New,MGIC INVESTMENT CORP,11266.0,10935000.0,17147.0,22000000.0,5881.0,11065000.0
45071RAB5,Sold Out,IXIA,7084.0,7000000.0,,,,
846822AE4,Sold Out,SPARTAN STORES INC,4478.0,4898000.0,,,,
316773209,Sold Out,FIFTH THIRD BANCORP,38608.0,270380.0,,,,
04010LAG8,New Holding,ARES CAPITAL CORP,,,6637.0,6250000.0,,
74973WAB3,New Holding,RTI INTERNATIONAL METALS,,,38935.0,41100000.0,,
47759TAA8,New Holding,JINKOSOLAR HOLDING CO LT,,,8386.0,12153000.0,,
026874784,New Holding,AMERICAN INTERNATIONAL GROUP,,,28832.0,645000.0,,
01449J204,New Holding,ALERE INC,,,42930.0,190800.0,,
165167BW6,Not New,CHESAPEAKE ENERGY CORP,3992.0,4000000.0,23651.0,23830000.0,19659.0,19830000.0
40053C105,New Holding,Grupo Financiero Santander Mex,,,4274.0,300800.0,,
043353AF8,Sold Out,ARVINMERITOR INC,15304.0,16527000.0,,,,
127686103,Not New,CAESARS ENTERTAINMENT CORP,28457.0,2077157.0,37409.0,2537957.0,8952.0,460800.0
740444104,New Holding,PREFORMED LINE PRODUCTS CO,,,6975.0,105181.0,,
378973AD3,New Holding,GLOBALSTAR INC,,,2027.0,2116000.0,,
94770VAF9,New Holding,WEBMD HEALTH CORP,,,16825.0,18074000.0,,
007903AL1,New Holding,ADVANCED MICRO DEVICES,,,20189.0,19667000.0,,
891777AC8,New Holding,TOWER GROUP INTL LTD,,,12920.0,11949000.0,,
256664AC7,Not New,DFC GLOBAL CORP,27104.0,26190000.0,41890.0,35072000.0,14786.0,8882000.0
043353AH4,New Holding,MERITOR INC,,,16881.0,18878000.0,,
059460303,Sold Out,BANCO BRADESCO S A,7292.0,416700.0,,,,
40415F101,New Holding,HDFC Bank Ltd. ADR,,,1532.0,42267.0,,
004397AB1,New Holding,ACCURAY INC,,,6845.0,7140000.0,,
538034AB5,Sold Out,LIVE NATION ENTERTAINMENT,9766.0,10184000.0,,,,
380956409,Not New,Goldcorp Inc,3423.0,138410.0,13155.0,291950.0,9732.0,153540.0
681904AL2,Not New,OMNICARE INC,10498.0,10154000.0,11731.0,12845000.0,1233.0,2691000.0
86074QAL6,New Holding,STILLWATER MINING COMPANY,,,20271.0,19432000.0,,
39153LAB2,Sold Out,GREATBATCH INC,6033.0,6000000.0,,,,
460951AC0,Not New,INTEROIL CORP,6176.0,6400000.0,5536.0,6750000.0,-640.0,350000.0
91307CAE2,Sold Out,UNITED THERAPEUTICS CORP DEL,57217.0,49460000.0,,,,
704549AG9,Sold Out,PEABODY ENERGY CORP,22212.0,23281000.0,,,,
037411808,Sold Out,APACHE CORP,35393.0,668700.0,,,,
035710AB8,New Holding,ANNALY CAPITAL MGMT,,,19119.0,18916000.0,,
127387AF5,New Holding,CADENCE DESIGN SYS INC,,,8014.0,8000000.0,,
88160RAA9,New Holding,TESLA MOTORS INC,,,111722.0,98400000.0,,
127190AD8,Sold Out,CACI INTERNATIONAL INC,30307.0,24347000.0,,,,
48666KAS8,New Holding,KB HOME,,,31098.0,29500000.0,,
629377508,New Holding,NRG ENERGY INC,,,35378.0,1325000.0,,
26884U208,New Holding,EPR PROPERTIES,,,20375.0,887821.0,,
M75253100,New Holding,ORBOTECH LTD,,,17416.0,1400000.0,,
22662K207,Not New,CRIMSON EXPLORATION INC,43780.0,15524819.0,64428.0,15524819.0,20648.0,0.0
24823QAC1,Sold Out,DENDREON CORP,5315.0,7000000.0,,,,
G27823106,Not New,DELPHI AUTOMOTIVE PLC,152070.0,3000000.0,607108.0,19217976.0,455038.0,16217976.0
20441W203,New Holding,COMPANHIA DE BEBIDAS SPON ADR PFD,,,1370.0,36688.0,,
318672706,Not New,FIRST BANCORP PUERTO RICO,358846.0,50684485.0,223012.0,50684485.0,-135834.0,0.0
499005AE6,Not New,KNIGHT CAPITAL GROUP INC,14700.0,14659000.0,44587.0,47110000.0,29887.0,32451000.0
858119AP5,Sold Out,STEEL DYNAMICS INC,46708.0,40922000.0,,,,
125581801,Sold Out,CIT GROUP INC,360151.0,8733059.0,,,,
64944P307,New Holding,NY COMMUNITY CAP TRUST V,,,7200.0,150000.0,,
144577AA1,Sold Out,CARRIZO OIL & GAS INC,847.0,850000.0,,,,
269279402,Not New,EXCO RESOURCES INC,280991.0,36778946.0,243844.0,36778946.0,-37147.0,0.0
779376AB8,Sold Out,ROVI CORP,30304.0,28741000.0,,,,
20030N101,Sold Out,COMCAST CORP-CLASS A,28194.0,939500.0,,,,
393657AD3,Sold Out,GREENBRIER COS INC,3510.0,3835000.0,,,,
74348TAK8,New Holding,PROSPECT CAPITAL CORP,,,3112.0,3000000.0,,
92240MAY4,New Holding,VECTOR GROUP LTD,,,25560.0,21185000.0,,
530718AF2,Sold Out,LIBERTY MEDIA CORP NEW,61385.0,50870000.0,,,,
78388JAN6,Sold Out,SBA COMMUNICATIONS CORP,58592.0,46382000.0,,,,
410768AE5,Sold Out,HANOVER COMPRESSOR CO,11873.0,12980000.0,,,,
910873405,Sold Out,UNITED MICROELECTRONICS CORP,5605.0,2287900.0,,,,
45784PAC5,Not New,INSULET CORPORATION,20016.0,15199000.0,16680.0,15741000.0,-3336.0,542000.0
16117M305,Not New,CHARTER COMMUNICATION-A,244430.0,1973595.0,1061761.0,16733819.0,817331.0,14760224.0
74348TAD4,Not New,PROSPECT CAPITAL CORP,11900.0,11272000.0,16295.0,16800000.0,4395.0,5528000.0
86800CAE4,Sold Out,SUNTECH PWR HLDGS CO LTD,9510.0,11885000.0,,,,
262498AB4,Not New,DRYSHIPS INC,16088.0,18000000.0,24645.0,29000000.0,8557.0,11000000.0
670704AC9,Not New,NUVASIVE INC,13343.0,13500000.0,24138.0,28815000.0,10795.0,15315000.0
682189AH8,Not New,ON SEMICONDUCTOR CORP,68079.0,58945000.0,79953.0,67445000.0,11874.0,8500000.0
984249AB8,New Holding,YRC WORLDWIDE INC,,,10657.0,10500000.0,,
053774AB1,Sold Out,AVIS BUDGET GROUP,62039.0,52500000.0,,,,
37244E107,Sold Out,GENON ENERGY INC,10400.0,5000000.0,,,,
10552T107,Sold Out,BRF-BRASIL FOODS S A,5766.0,292400.0,,,,
42330PAG2,Not New,HELIX ENERGY SOLUTIONS,52806.0,41392000.0,53790.0,50000000.0,984.0,8608000.0
360921100,Sold Out,FURNITURE BRANDS INTL INC,4368.0,2600000.0,,,,
52729N308,Not New,LEVEL 3 COMMUNICATIONS INC,21080.0,1000000.0,16725.0,650000.0,-4355.0,-350000.0
110394AC7,New Holding,BRISTOW GROUP INC,,,13491.0,11545000.0,,
59001AAR3,New Holding,MERITAGE HOMES CORP,,,32459.0,29650000.0,,
29380T600,Sold Out,ENTERTAINMENT PROPERTIES,2442.0,87500.0,,,,
458140AD2,Not New,INTEL CORP,50529.0,46225000.0,23842.0,22375000.0,-26687.0,-23850000.0
900111204,New Holding,TURKCELL ILETISIM HIZM SPONSORED ADR,,,915.0,63696.0,,
03938LAK0,Not New,ARCELORMITTAL,14940.0,14500000.0,9798.0,9040000.0,-5142.0,-5460000.0
535678AC0,Sold Out,LINEAR TECHNOLOGY CORP,22223.0,20750000.0,,,,
91912E105,Sold Out,VALE SA,12266.0,525754.0,,,,
512807AJ7,New Holding,LAM RESEARCH CORP,,,56230.0,53200000.0,,
032359AC5,New Holding,AMTRUST FINANCIAL SERVICES INC,,,10027.0,7142000.0,,
587200AK2,New Holding,MENTOR GRAPHICS CORP,,,53316.0,43806000.0,,
74586W205,New Holding,PULSE ELECTRONICS CORP,,,10073.0,3844659.0,,
549463AH0,Sold Out,LUCENT TECHNOLOGIES INC,6313.0,7000000.0,,,,
680223AF1,Sold Out,OLD REPUBLIC INTL CORP,4812.0,4743000.0,,,,
608753AF6,New Holding,MOLYCORP INC,,,5881.0,7800000.0,,
33832DAB2,Not New,FIVE STAR QUALITY CARE INC,5322.0,5300000.0,12292.0,13014000.0,6970.0,7714000.0
795435AC0,Sold Out,SALIX PHARMACEUTICALS INC,16731.0,12454000.0,,,,
393222AB0,New Holding,GREEN PLAINS RENEWABLE ENERGY,,,2302.0,2000000.0,,
521863AL4,New Holding,LEAP WIRELESS INTL INC,,,10516.0,10386000.0,,
607409109,New Holding,Mobile Telesystems OJSC,,,1075.0,56753.0,,
58501NAA9,Sold Out,MEDIVATION INC,21072.0,20000000.0,,,,
848577102,Sold Out,SPIRIT AIRLINES INC,261256.0,13017261.0,,,,
854502309,Sold Out,STANLEY BLACK & DECKER INC,16884.0,138760.0,,,,
055639AB4,Not New,BPZ RESOURCES INC,28151.0,34665000.0,38069.0,41995000.0,9918.0,7330000.0
92343EAD4,Sold Out,VERISIGN INC,26013.0,20259000.0,,,,
018606202,Sold Out,ALLIANCE HEALTHCARE SRVCS,35674.0,23782451.0,,,,
Y2187A101,Sold Out,EAGLE BULK SHIPPING INC,11980.0,6175000.0,,,,
549463AG2,Not New,ALCATEL-LUCENT USA INC,13052.0,13318000.0,14408.0,18200000.0,1356.0,4882000.0
749227AA2,Sold Out,RAIT FINANCIAL TRUST,10190.0,12042000.0,,,,
02076XAE2,New Holding,ALPHA NATURAL RESOURCES,,,10130.0,11750000.0,,
47012E106,Sold Out,JAKKS PACIFIC INC,23279.0,1334017.0,,,,
161133AE3,Sold Out,CHARMING SHOPPES,13093.0,13753000.0,,,,
482740AC1,Sold Out,K V PHARMACEUTICAL,625.0,2500000.0,,,,
84265V105,Sold Out,Southern Copper Corp,287.0,9052.0,,,,
464337AE4,Sold Out,ISIS PHARMACEUTICALS INC,5256.0,5439000.0,,,,
750917AC0,Sold Out,RAMBUS INC DEL,2444.0,2500000.0,,,,
00826TAH1,New Holding,AFFYMETRIX INC,,,11663.0,11650000.0,,
19624RAA4,New Holding,COLONY FINANCIAL INC,,,33894.0,33520000.0,,
743815AB8,Not New,PROVIDENCE SERVICE CORP,14851.0,13882000.0,12643.0,12655000.0,-2208.0,-1227000.0
256664AB9,New Holding,DOLLAR FINANCIAL CORP,,,7811.0,7880000.0,,
012348AC2,Sold Out,ALBANY INTL CORP,6199.0,6832000.0,,,,
833635105,New Holding,Sociedad Quimica y Minera de Chi,,,902.0,22325.0,,
101388AA4,New Holding,BOTTOMLINE TECHNOLOGIES,,,21255.0,19250000.0,,
42210PAR3,New Holding,HEADWATERS INC,,,7671.0,6846000.0,,
552848103,New Holding,MGIC INVESTMENT CORP,,,72840.0,12000000.0,,
242309AB8,New Holding,DEALERTRACK TECHNOLOGIES,,,30122.0,26000000.0,,
92340PAA8,Sold Out,VERENIUM CORP,9873.0,10080000.0,,,,
45884XAE3,New Holding,INTERMUNE INC,,,8306.0,9992000.0,,
G81477104,Sold Out,SINA COM ORD,2620.0,40300.0,,,,
92934F203,Not New,WSP HOLDINGS LTD-ADR,4353.0,1408800.0,2719.0,1408800.0,-1634.0,0.0
651718AC2,Sold Out,NEWPARK RESOURCES INC,32404.0,29474000.0,,,,
582411AM6,New Holding,MCMORAN EXPLORATION CO,,,1811.0,1750000.0,,
87936R106,Not New,TELEF BRASIL,6520.0,285700.0,282.0,9200.0,-6238.0,-276500.0
912909AE8,Not New,US STEEL CORP,12345.0,12000000.0,78388.0,66010000.0,66043.0,54010000.0
42210PAD4,Sold Out,HEADWATERS INC,1174.0,1330000.0,,,,
758075AB1,New Holding,REDWOOD TRUST INC,,,41950.0,42250000.0,,
380956AB8,Not New,GOLDCORP INC,7059.0,6968000.0,20790.0,17120000.0,13731.0,10152000.0
Y2685T107,Not New,GENCO SHIPPING & TRADING LTD,2465.0,1512532.0,9620.0,1512532.0,7155.0,0.0
783764AS2,New Holding,RYLAND GROUP,,,19101.0,21000000.0,,
55303QAE0,Not New,MGM RESORTS INTL,102644.0,91865000.0,116752.0,109165000.0,14108.0,17300000.0
552848AE3,New Holding,MGIC INVESTMENT CORP,,,44962.0,39500000.0,,
651639AJ5,New Holding,NEWMONT MINING CORP,,,16497.0,15400000.0,,
N22035104,New Holding,CONSTELLIUM NV- CLASS A,,,5347.0,331082.0,,
436440AC5,Not New,HOLOGIC INC,46358.0,46575000.0,21376.0,22500000.0,-24982.0,-24075000.0
928298108,Not New,VISHAY INTERTECHNOLOGY INC,38198.0,2750000.0,33440.0,2750000.0,-4758.0,0.0
29264FAB2,New Holding,ENDO HEALTH SOLUTIONS IN,,,4522.0,3360000.0,,
693483109,New Holding,Posco,,,964.0,14809.0,,
631158AD4,Sold Out,NASH FINCH CO,16075.0,34302000.0,,,,
20440T201,New Holding,Cia Brasileira de Distribuicao Grupo Pao,,,6534.0,143739.0,,
01449JAA3,Sold Out,ALERE INC,21523.0,21580000.0,,,,
16411RAE9,Sold Out,CHENIERE ENERGY INC,15032.0,15035000.0,,,,
40049J206,New Holding,GRUPO TELEVISA SA DE SPN ADR REPORD,,,1406.0,56600.0,,
88732J207,Sold Out,TIME WARNER CABLE INC,44092.0,541000.0,,,,
85571BAA3,New Holding,STARWOOD PROPERTY TRUST,,,20651.0,20000000.0,,
26884U307,New Holding,EPR PROPERTIES,,,3454.0,107500.0,,
929566AH0,New Holding,WABASH NATIONAL CORP,,,27209.0,21980000.0,,
90333EAC2,Sold Out,USEC INC,5010.0,10455000.0,,,,
867652AE9,Sold Out,SUNPOWER CORP,28596.0,31817000.0,,,,
374297109,New Holding,GETTY REALTY CORP,,,29369.0,1422221.0,,
448407AG1,New Holding,HUTCHINSON TECHNOLOGY,,,3970.0,4000000.0,,
170032AT3,Not New,CHIQUITA BRANDS INTL,17737.0,18500000.0,5647.0,6485000.0,-12090.0,-12015000.0
458140AF7,New Holding,INTEL CORP,,,42188.0,33000000.0,,
786514208,Not New,SAFEWAY INC,11830.0,500000.0,20210.0,1000000.0,8380.0,500000.0
26817R108,New Holding,DYNEGY INC,,,175912.0,7800986.0,,
000361AM7,New Holding,AAR CORP,,,14934.0,15000000.0,,
63934EAL2,Not New,NAVISTAR INTL CORP,12219.0,12550000.0,30918.0,28075000.0,18699.0,15525000.0
719405AH5,New Holding,PHOTRONICS INC,,,35914.0,32758000.0,,
80004CAD3,Not New,SANDISK CORP,92441.0,68930000.0,100897.0,85405000.0,8456.0,16475000.0
750236AK7,Sold Out,RADIAN GROUP INC,17476.0,25380000.0,,,,
204448104,Not New,COMPANIA DE MINAS BUEN SPON ADR SER B,3710.0,251327.0,6427.0,159444.0,2717.0,-91883.0
693320AN3,Sold Out,PHH CORP,21237.0,21975000.0,,,,
867652AC3,Sold Out,SUNPOWER CORP,6517.0,7350000.0,,,,
037612306,New Holding,APOLLO GLOBAL MANAGEMENT - A,,,30125.0,1250000.0,,
767204100,Sold Out,RIO TINTO PLC,7866.0,141500.0,,,,
053494AG5,Not New,AV HOMES INC,9277.0,8835000.0,1946.0,2000000.0,-7331.0,-6835000.0
269246401,New Holding,E*TRADE FINANCIAL CORP,,,11078.0,875000.0,,
19075FAA4,New Holding,COBALT INTL ENERGY INC,,,155532.0,146500000.0,,
419879AD3,Not New,HAWAIIAN HOLDINGS INC,3424.0,3117000.0,4322.0,4649000.0,898.0,1532000.0
460690BE9,Sold Out,INTERPUBLIC GROUP COS,22279.0,19645000.0,,,,
035710AA0,Sold Out,ANNALY CAP MGMT INC,18178.0,15500000.0,,,,
02364W105,Sold Out,AMERICA MOVIL SAB DE CV,5910.0,238000.0,,,,
067806AD1,Sold Out,BARNES GROUP INC,25761.0,22737000.0,,,,
302051AL1,Sold Out,EXIDE TECHNOLOGIES,5788.0,6740000.0,,,,
47012EAD8,New Holding,JAKKS PACIFIC INC,,,4892.0,4750000.0,,
879369AA4,Sold Out,TELEFLEX INC,30600.0,28615000.0,,,,
760112AA0,Sold Out,RENTECH INC,7485.0,7509000.0,,,,
36191UAA4,New Holding,GT ADV TECHNOLOGIES INC,,,18895.0,22000000.0,,
165167CB1,Sold Out,CHESAPEAKE ENERGY CORP,11473.0,14000000.0,,,,
683399AB5,Sold Out,ONYX PHARMACEUTICALS INC,44420.0,35247000.0,,,,
393657AH4,New Holding,GREENBRIER COS INC,,,11647.0,11250000.0,,
457985AK5,New Holding,INTEGRA LIFESCIENCES HLD,,,5630.0,5733000.0,,
38119TAC8,Sold Out,GOLDEN STAR RES LTD CDA,14716.0,14760000.0,,,,
112463AA2,Not New,BROOKDALE SENIOR LIVING,86184.0,72975000.0,56705.0,60850000.0,-29479.0,-12125000.0
66987EAA5,New Holding,NOVAGOLD RESOURCES INC,,,6362.0,6350000.0,,
681904AN8,Sold Out,OMNICARE INC,46911.0,32645000.0,,,,
56400PAA0,New Holding,MANNKIND CORP,,,7042.0,7378000.0,,
71654V408,New Holding,PETROLEO BRASILEIRO SA SPONSORED ADR,,,8017.0,597830.0,,
741503AQ9,New Holding,PRICELINE.COM INC,,,23079.0,19825000.0,,
03761UAE6,Sold Out,APOLLO INVT CORP,19391.0,19630000.0,,,,
29380T402,Sold Out,ENTERTAINMENT PROPERTIES,20909.0,1002821.0,,,,
465562106,New Holding,Itau Unibanco Holding SA,,,1454.0,112569.0,,
87261Q103,New Holding,TMS INTERNATIONAL CORP-A,,,20501.0,1382425.0,,
422368AA8,New Holding,HEARTWARE INTERNATIONAL,,,38286.0,30625000.0,,
Y0553W103,New Holding,BALTIC TRADING LTD,,,4834.0,1303000.0,,
859737AB4,Not New,STERLITE INDUSTRIES LTD,19021.0,19586000.0,11831.0,12539000.0,-7190.0,-7047000.0
427093AD1,Sold Out,HERCULES OFFSHORE LLC,19276.0,19583000.0,,,,
203233408,Not New,COMMONWEALTH REIT,13526.0,586829.0,5142.0,240711.0,-8384.0,-346118.0
83415UAB4,Not New,HANWHA SOLARONE CO LTD,16414.0,19310000.0,15773.0,23271000.0,-641.0,3961000.0
