CUSIP,status,NAME OF ISSUER,(x$1000)_old,PRN AMT_old,(x$1000),PRN AMT,(x$1000)_change,PRN AMT_change
69327RAD3,Not New,PDC ENERGY INC,11713.0,14273000.0,10459.0,11081000.0,-1254.0,-3192000.0
78454LAM2,Not New,SM ENERGY CO,3985.0,10740000.0,8228.0,8601000.0,4243.0,-2139000.0
91822M106,Not New,VEON LTD,2837.0,1878900.0,4247.0,1678900.0,1410.0,-200000.0
267475AB7,Sold Out,DYCOM INDUSTRIES INC,19758.0,20282000.0,,,,
697435AD7,Not New,PALO ALTO NETWORKS INC,4449.0,4597999.0,5527.0,5000000.0,1078.0,402001.0
816851505,Sold Out,SEMPRA ENERGY,2423.0,20350.0,,,,
03212B103,Not New,AMPLIFY ENERGY CORP,232.0,410041.0,2710.0,410041.0,2478.0,0.0
30063PAB1,Sold Out,EXACT SCIENCES CORP,3965.0,3492000.0,,,,
01988PAD0,Not New,ALLSCRIPTS HEALTHCARE SOLUTIONS INC,10854.0,11268000.0,5219.0,5259000.0,-5635.0,-6009000.0
31816QAB7,Not New,FIREEYE INC,3770.0,3845000.0,7331.0,7353000.0,3561.0,3508000.0
826917106,Not New,SIGA TECHNOLOGIES INC,763.0,159782.0,762.0,159782.0,-1.0,0.0
43010E404,New Holding,HIGHLAND INCOME FUND,,,4009.0,470000.0,,
278279104,New Holding,EATON VANCE FLOATING-RATE INCOME TRUST,,,5842.0,570000.0,,
849343108,New Holding,SPRAGUE RESOURCES LP,,,17658.0,1350000.0,,
126132109,Not New,CNOOC LTD,30346.0,293304.0,59440.0,356638.0,29094.0,63334.0
893870204,Not New,TRANSPORTADORA DE GAS DEL SUR SA,9083.0,1974729.0,13441.0,1874729.0,4358.0,-100000.0
969457100,New Holding,WILLIAMS COS INC/THE,,,14150.0,1000000.0,,
45845PAA6,Not New,INTERCEPT PHARMACEUTICALS INC,5268.0,6386000.0,3902.0,3861000.0,-1366.0,-2525000.0
128126AB5,Not New,CALAMP CORP,8488.0,8568000.0,7918.0,7996000.0,-570.0,-572000.0
647551AC4,Not New,NEW MOUNTAIN FINANCE CORP,7736.0,9433000.0,6686.0,6353000.0,-1050.0,-3080000.0
30227M105,Sold Out,EXTRACTION OIL & GAS INC,366.0,172787.0,,,,
31816QAD3,Not New,FIREEYE INC,17191.0,18939000.0,13734.0,14156000.0,-3457.0,-4783000.0
185899AA9,Sold Out,CLEVELAND-CLIFFS INC,2395.0,2000000.0,,,,
703343AB9,Not New,PATRICK INDUSTRIES INC,5351.0,6768000.0,11839.0,12261000.0,6488.0,5493000.0
05501U106,Not New,AZUL SA,13568.0,1331638.0,46807.0,1093638.0,33239.0,-238000.0
04545L107,Not New,ASSERTIO THERAPEUTICS INC,970.0,1492455.0,1865.0,1492455.0,895.0,0.0
41068XAB6,Sold Out,HANNON ARMSTRONG SUSTAINABLE INFRASTRUCTURE CAPITAL INC,1136.0,940000.0,,,,
458660AD9,Sold Out,INTERDIGITAL INC,3784.0,3782000.0,,,,
966387AL6,Sold Out,WHITING PETROLEUM CORP,5954.0,6069000.0,,,,
302941AP4,Not New,FTI CONSULTING INC,1882.0,1438000.0,3136.0,2497000.0,1254.0,1059000.0
922417AD2,Not New,VEECO INSTRUMENTS INC,9938.0,12049000.0,18102.0,19151000.0,8164.0,7102000.0
925550AB1,Sold Out,VIAVI SOLUTIONS INC,1699.0,1315000.0,,,,
060505682,Sold Out,BANK OF AMERICA CORP,2116.0,1461.0,,,,
151290889,Not New,CEMEX SAB DE CV,32212.0,15194909.0,32726.0,8657927.0,514.0,-6536982.0
71654V101,Not New,PETROLEO BRASILEIRO SA,32969.0,6117097.0,85916.0,5758517.0,52947.0,-358580.0
874039100,Not New,TAIWAN SEMICONDUCTOR MANUFACTURING CO LTD,165245.0,3457927.0,174657.0,3006193.0,9412.0,-451734.0
95790DAA3,Not New,WESTERN ASSET MORTGAGE CAPITAL CORP,6647.0,15593000.0,28502.0,27969000.0,21855.0,12376000.0
452327AH2,Sold Out,ILLUMINA INC,4011.0,2875000.0,,,,
07134L107,New Holding,BATTALION OIL CORP,,,14071.0,3009912.0,,
45174J509,Not New,IHEARTMEDIA INC,5228.0,715247.0,12087.0,715247.0,6859.0,0.0
67402D104,Not New,OAKTREE STRATEGIC INCOME CORP,2171.0,392000.0,3210.0,392000.0,1039.0,0.0
105532105,New Holding,BRASKEM SA,,,1856.0,279550.0,,
235851300,Not New,DANAHER CORP,476.0,461.0,2275.0,1930.0,1799.0,1469.0
695127AD2,New Holding,PACIRA BIOSCIENCES INC,,,1932.0,2000000.0,,
27828Q105,New Holding,EATON VANCE SENIOR FLOATING-RATE TRUST,,,1679.0,170000.0,,
67401P108,Not New,OAKTREE SPECIALTY LENDING CORP,894.0,276000.0,1506.0,276000.0,612.0,0.0
67020YAF7,Sold Out,NUANCE COMMUNICATIONS INC,11292.0,11494000.0,,,,
901109AD0,Not New,TUTOR PERINI CORP,2776.0,3004000.0,10051.0,10526000.0,7275.0,7522000.0
682189AK1,Not New,ON SEMICONDUCTOR CORP,1868.0,1876000.0,8400.0,6170000.0,6532.0,4294000.0
842587602,Sold Out,SOUTHERN CO/THE,1617.0,30000.0,,,,
958102AP0,Not New,WESTERN DIGITAL CORP,11068.0,12652000.0,8875.0,9016000.0,-2193.0,-3636000.0
34959J207,Sold Out,FORTIVE CORP,2431.0,2500.0,,,,
671044AD7,Sold Out,OSI SYSTEMS INC,2032.0,1855000.0,,,,
01609W102,Not New,ALIBABA GROUP HOLDING LTD,75975.0,390681.0,34356.0,161982.0,-41619.0,-228699.0
74736A301,Not New,QTS REALTY TRUST INC,532.0,4140.0,2323.0,17990.0,1791.0,13850.0
892231101,Not New,TOWNSQUARE MEDIA INC,7353.0,1595224.0,15904.0,1595224.0,8551.0,0.0
98954MAC5,Not New,ZILLOW GROUP INC,4558.0,5376999.0,21012.0,21833000.0,16454.0,16456001.0
Y0207T100,New Holding,ARDMORE SHIPPING CORP,,,2765.0,526694.0,,
58733R102,New Holding,MERCADOLIBRE INC,,,12409.0,25400.0,,
92837L109,Not New,VISTA OIL & GAS SAB DE CV,6266.0,3133000.0,19844.0,2528000.0,13578.0,-605000.0
N72482AT4,Not New,QIAGEN NV,4953.0,5000000.0,2065.0,2200000.0,-2888.0,-2800000.0
53220KAF5,Not New,LIGAND PHARMACEUTICALS INC,15622.0,18865000.0,20688.0,23903000.0,5066.0,5038000.0
759916AB5,Not New,REPLIGEN CORP,3234.0,3056000.0,4334.0,4000000.0,1100.0,944000.0
077347300,Not New,BEL FUSE INC,4506.0,462679.0,9484.0,462679.0,4978.0,0.0
848637AC8,Not New,SPLUNK INC,5115.0,4745000.0,9535.0,7905000.0,4420.0,3160000.0
Y11082206,Not New,CAPITAL PRODUCT PARTNERS LP,235.0,32142.0,431.0,32142.0,196.0,0.0
70338PAB6,Sold Out,PATTERN ENERGY GROUP INC,7877.0,7819000.0,,,,
127686103,Not New,CAESARS ENTERTAINMENT CORP,103090.0,15250000.0,207400.0,15250000.0,104310.0,0.0
472145AB7,Not New,JAZZ PHARMACEUTICALS PLC,18109.0,19038000.0,4247.0,4115000.0,-13862.0,-14923000.0
249908AA2,Sold Out,ASSERTIO THERAPEUTICS INC,1888.0,2530000.0,,,,
76120WAC8,Not New,EXANTAS CAPITAL CORP,48565.0,80137000.0,76537.0,73367000.0,27972.0,-6770000.0
867652AL3,Not New,SUNPOWER CORP,1696.0,2157000.0,1851.0,2253000.0,155.0,96000.0
29404KAB2,Not New,ENVESTNET INC,1232.0,1200000.0,3604.0,3000000.0,2372.0,1800000.0
252131AH0,Sold Out,DEXCOM INC,2173.0,1465000.0,,,,
88688TAB6,Sold Out,TILRAY INC,2003.0,3745000.0,,,,
88163VAE9,Not New,TEVA PHARMACEUTICAL INDUSTRIES LTD,11883.0,12771000.0,12389.0,13001000.0,506.0,230000.0
G89479102,Not New,TORM PLC,415605.0,48900506.0,540133.0,48263921.0,124528.0,-636585.0
09739CAB8,Not New,BOINGO WIRELESS INC,9833.0,11005000.0,9777.0,11005000.0,-56.0,0.0
N72482AB3,Sold Out,QIAGEN NV,3529.0,3000000.0,,,,
62957HAB1,Not New,NABORS INDUSTRIES LTD,12021.0,61622000.0,36631.0,48853000.0,24610.0,-12769000.0
38147UAB3,Not New,GOLDMAN SACHS BDC INC,13464.0,14715000.0,14514.0,14038000.0,1050.0,-677000.0
82823LAC0,Sold Out,SSR MINING INC,12079.0,11886000.0,,,,
059460303,Not New,BANCO BRADESCO SA,24901.0,6133753.0,51615.0,5767107.0,26714.0,-366646.0
45104G104,Not New,ICICI BANK LTD,40538.0,4769444.0,87655.0,5808890.0,47117.0,1039446.0
90187BAA9,Not New,TWO HARBORS INVESTMENT CORP,9905.0,11722000.0,23209.0,22312000.0,13304.0,10590000.0
346232AB7,Sold Out,FORESTAR GROUP INC,10756.0,10676000.0,,,,
629377CG5,Sold Out,NRG ENERGY INC,5033.0,4430000.0,,,,
80918TAB5,Sold Out,SCORPIO TANKERS INC,2797.0,2272000.0,,,,
670704AG0,Not New,NUVASIVE INC,1246.0,1186000.0,6453.0,4835000.0,5207.0,3649000.0
08579X101,Not New,BERRY PETROLEUM CORP,31121.0,12913313.0,121772.0,12913313.0,90651.0,0.0
741503AX4,Not New,BOOKING HOLDINGS INC,759.0,760000.0,5833.0,5051000.0,5074.0,4291000.0
25470MAD1,Not New,DISH NETWORK CORP,13459.0,16903000.0,22328.0,24354000.0,8869.0,7451000.0
88160RAD3,Not New,TESLA INC,707.0,413000.0,14168.0,10000000.0,13461.0,9587000.0
94419LAB7,New Holding,WAYFAIR INC,,,7291.0,9500000.0,,
298736AL3,New Holding,EURONET WORLDWIDE INC,,,766.0,839000.0,,
45772FAC1,Not New,INPHI CORP,1117.0,765000.0,4247.0,3000000.0,3130.0,2235000.0
28470R102,New Holding,ELDORADO RESORTS INC,,,14400.0,1000000.0,,
57164YAB3,Sold Out,MARRIOTT VACATIONS WORLDWIDE CORP,3214.0,3000000.0,,,,
46132C107,New Holding,INVESCO MUNICIPAL OPPORTUNITY TRUST,,,5106.0,446000.0,,
81170YAB5,Not New,SEACOR HOLDINGS INC,1547.0,1563000.0,10045.0,10198000.0,8498.0,8635000.0
879273209,Not New,TELECOM ARGENTINA SA,18075.0,1960500.0,20776.0,1830500.0,2701.0,-130000.0
92840M102,Not New,VISTRA ENERGY CORP,483237.0,30278055.0,627122.0,27278055.0,143885.0,-3000000.0
90184LAF9,New Holding,TWITTER INC,,,2063.0,2295000.0,,
464337AJ3,Not New,IONIS PHARMACEUTICALS INC,1014.0,1000000.0,1719.0,1500000.0,705.0,500000.0
87238QAD5,New Holding,BLACKROCK TCP CAPITAL CORP,,,5385.0,6000000.0,,
91274U119,Not New,US WELL SERVICES INC,27.0,1500000.0,195.0,1500000.0,168.0,0.0
25746U133,Sold Out,DOMINION ENERGY INC,1069.0,10000.0,,,,
Y8162K204,Not New,STAR BULK CARRIERS CORP,219993.0,39006017.0,449532.0,38063697.0,229539.0,-942320.0
427096AF9,Not New,HERCULES CAPITAL INC,13507.0,14682000.0,16272.0,15893000.0,2765.0,1211000.0
697660207,Not New,PAMPA ENERGIA SA,9593.0,849000.0,12388.0,754000.0,2795.0,-95000.0
464287655,New Holding,iShares ETFs/USA,,,83293.0,727700.0,,
531229AF9,Not New,LIBERTY MEDIA CORP-LIBERTY FORMULA ONE,922.0,975000.0,2028.0,1522000.0,1106.0,547000.0
55608BAB1,Not New,MACQUARIE INFRASTRUCTURE CORP,12301.0,15329000.0,18955.0,19770000.0,6654.0,4441000.0
92531L207,Sold Out,VERSO CORP,12170.0,675000.0,,,,
88160RAC5,Sold Out,TESLA INC,4876.0,3818000.0,,,,
36164V305,Not New,GCI LIBERTY INC,8545.0,150000.0,10627.0,150000.0,2082.0,0.0
94419LAD3,New Holding,WAYFAIR INC,,,1372.0,2000000.0,,
45667G103,Not New,INFINERA CORP,133429.0,25175384.0,166544.0,20975384.0,33115.0,-4200000.0
04010LAW3,Not New,ARES CAPITAL CORP,3472.0,3989000.0,2802.0,2630000.0,-670.0,-1359000.0
25470MAB5,Not New,DISH NETWORK CORP,28955.0,35556000.0,40558.0,42056000.0,11603.0,6500000.0
16949NAC3,Not New,HUAZHU GROUP LTD,3847.0,4000000.0,4933.0,4400000.0,1086.0,400000.0
678026AH8,Not New,OIL STATES INTERNATIONAL INC,3757.0,8789000.0,15903.0,17620000.0,12146.0,8831000.0
74967XAA1,Sold Out,RH,2542.0,2000000.0,,,,
893830BJ7,Sold Out,TRANSOCEAN LTD,10137.0,10125000.0,,,,
10552T107,Not New,BRF SA,4129.0,1423969.0,49185.0,5653531.0,45056.0,4229562.0
984245100,Sold Out,YPF SA,15709.0,1356600.0,,,,
29260UAA5,Sold Out,ENCORE CAPITAL GROUP INC,2408.0,2250000.0,,,,
03836W202,Sold Out,AQUA AMERICA INC,810.0,13000.0,,,,
750469AA6,Not New,RADIUS HEALTH INC,1041.0,1464000.0,1967.0,2316000.0,926.0,852000.0
075887208,Sold Out,BECTON DICKINSON AND CO,1377.0,21050.0,,,,
85571BAH8,Not New,STARWOOD PROPERTY TRUST INC,2994.0,3450000.0,2607.0,2500000.0,-387.0,-950000.0
90184LAD4,Not New,TWITTER INC,24468.0,25823000.0,18696.0,19176000.0,-5772.0,-6647000.0
42703MAD5,Not New,HERBALIFE NUTRITION LTD,1282.0,1593000.0,4159.0,4000000.0,2877.0,2407000.0
11135F200,Sold Out,BROADCOM INC,5889.0,5000.0,,,,
02005N100,Not New,ALLY FINANCIAL INC,206616.0,14318541.0,334434.0,10943541.0,127818.0,-3375000.0
54150E104,Not New,LOMA NEGRA CIA INDUSTRIAL ARGENTINA SA,1214.0,342000.0,1970.0,252000.0,756.0,-90000.0
33938JAB2,Not New,FLEXION THERAPEUTICS INC,584.0,752000.0,6839.0,6381000.0,6255.0,5629000.0
649604AD7,Not New,NEW YORK MORTGAGE TRUST INC,4226.0,7311000.0,15192.0,14840000.0,10966.0,7529000.0
G81075AF3,Not New,SFL CORP LTD,10706.0,12058000.0,20307.0,19017000.0,9601.0,6959000.0
24983LAB0,Sold Out,DERMIRA INC,8544.0,9241000.0,,,,
826919AB8,Sold Out,SILICON LABORATORIES INC,2882.0,2165000.0,,,,
097793400,Not New,BONANZA CREEK ENERGY INC,8344.0,741726.0,23496.0,1006726.0,15152.0,265000.0
948596AC5,Not New,WEIBO CORP,10104.0,11888000.0,4479.0,4762000.0,-5625.0,-7126000.0
43940TAB5,Not New,HOPE BANCORP INC,12964.0,15489000.0,20174.0,21389000.0,7210.0,5900000.0
31816QAF8,New Holding,FIREEYE INC,,,130.0,155000.0,,
46131H107,New Holding,INVESCO SENIOR INCOME TRUST,,,7836.0,2433800.0,,
G01125106,Not New,AFYA LTD,27440.0,1439762.0,19876.0,732913.0,-7564.0,-706849.0
887399AA1,Not New,TIMKENSTEEL CORP,3065.0,3756000.0,2400.0,2317000.0,-665.0,-1439000.0
595112103,Not New,MICRON TECHNOLOGY INC,12408.0,295000.0,150315.0,2795000.0,137907.0,2500000.0
156504300,Not New,CENTURY COMMUNITIES INC,26393.0,1819003.0,49749.0,1819003.0,23356.0,0.0
651718AE8,Not New,NEWPARK RESOURCES INC,2519.0,3381000.0,1989.0,1930000.0,-530.0,-1451000.0
852234AD5,Not New,SQUARE INC,4662.0,4500000.0,1679.0,1500000.0,-2983.0,-3000000.0
19624RAB2,Not New,COLONY CAPITAL INC,16320.0,20337000.0,21040.0,21307000.0,4720.0,970000.0
09255X100,New Holding,BLACKROCK FLOATING RATE INCOME STRATEGIES FUND INC,,,2602.0,260000.0,,
48251KAB6,Not New,KKR REAL ESTATE FINANCE TRUST INC,11505.0,13616000.0,17383.0,16555000.0,5878.0,2939000.0
595017AF1,Sold Out,MICROCHIP TECHNOLOGY INC,8517.0,5967000.0,,,,
27875TAA9,Not New,ECHO GLOBAL LOGISTICS INC,7515.0,7512000.0,7711.0,7700000.0,196.0,188000.0
36191GAB3,Not New,GNC HOLDINGS INC,2734.0,4557000.0,5065.0,5239000.0,2331.0,682000.0
049164BH8,New Holding,ATLAS AIR WORLDWIDE HOLDINGS INC,,,2004.0,2254000.0,,
18453H106,Not New,CLEAR CHANNEL OUTDOOR HOLDINGS INC,1076.0,1681898.0,4810.0,1681898.0,3734.0,0.0
461203AJ0,New Holding,INVACARE CORP,,,3345.0,3709000.0,,
46429B598,Not New,ISHARES MSCI INDIA ETF,2634.0,109500.0,3024.0,86100.0,390.0,-23400.0
65339F796,Not New,NEXTERA ENERGY INC,272.0,5766.0,2307.0,45000.0,2035.0,39234.0
67020YAK6,Not New,NUANCE COMMUNICATIONS INC,4093.0,4272000.0,5256.0,5208000.0,1163.0,936000.0
833635105,New Holding,SOCIEDAD QUIMICA Y MINERA DE CHILE SA,,,10681.0,473720.0,,
552848103,Not New,MGIC INVESTMENT CORP,19177.0,3020000.0,31457.0,2220000.0,12280.0,-800000.0
40171VAA8,Not New,GUIDEWIRE SOFTWARE INC,830.0,858000.0,3186.0,2700000.0,2356.0,1842000.0
580037703,New Holding,MCDERMOTT INTERNATIONAL INC,,,2.0,49653.0,,
45686J104,Not New,INFRASTRUCTURE & ENERGY ALTERNATIVES LLC,38.0,18926.0,60.0,18926.0,22.0,0.0
92849EAB7,Sold Out,VITAMIN SHOPPE INC,4295.0,4261000.0,,,,
70932AAB9,Not New,PENNYMAC MORTGAGE INVESTMENT TRUST,8438.0,8733000.0,16914.0,16727000.0,8476.0,7994000.0
75737FAA6,Sold Out,REDFIN CORP,3647.0,3681000.0,,,,
70788V102,Not New,PENN VIRGINIA CORP,383.0,124000.0,3763.0,124000.0,3380.0,0.0
128126AD1,Sold Out,CALAMP CORP,2944.0,3535000.0,,,,
40049J206,Not New,GRUPO TELEVISA SAB,10602.0,1828000.0,9395.0,801000.0,-1207.0,-1027000.0
22943FAF7,Not New,CTRIP.COM INTERNATIONAL LTD,12681.0,12975000.0,13341.0,13526000.0,660.0,551000.0
05351XAB7,New Holding,AVAYA HOLDINGS CORP,,,6029.0,7512000.0,,
302301AE6,Not New,EZCORP INC,2200.0,2933000.0,6766.0,8264000.0,4566.0,5331000.0
87724P106,New Holding,TAYLOR MORRISON HOME CORP,,,53075.0,4825000.0,,
69354NAB2,Sold Out,PRA GROUP INC,2093.0,2000000.0,,,,
Y20676105,Not New,DIAMOND S SHIPPING INC,260.0,22076.0,369.0,22076.0,109.0,0.0
38046YAB7,Not New,GOLAR LNG LTD,2629.0,4104000.0,10784.0,12021000.0,8155.0,7917000.0
44052TAB7,Sold Out,HORIZON PHARMA PLC,5534.0,4175000.0,,,,
077347201,Not New,BEL FUSE INC,542.0,71613.0,1160.0,71613.0,618.0,0.0
55933J203,Not New,MAGNACHIP SEMICONDUCTOR CORP,32481.0,2939537.0,36812.0,3170729.0,4331.0,231192.0
854502846,Sold Out,STANLEY BLACK & DECKER INC,2724.0,25000.0,,,,
31154R109,Sold Out,FARMLAND PARTNERS INC,881.0,130000.0,,,,
949746804,Sold Out,WELLS FARGO & CO,1045.0,721.0,,,,
461203AF8,Not New,INVACARE CORP,2182.0,2272000.0,1498.0,1524000.0,-684.0,-748000.0
55024UAB5,Sold Out,LUMENTUM HOLDINGS INC,1968.0,1346000.0,,,,
457669AA7,Not New,INSMED INC,3783.0,4504000.0,8331.0,8626000.0,4548.0,4122000.0
670851500,Not New,OI SA,966.0,2201646.0,2051.0,2201646.0,1085.0,0.0
69121K104,New Holding,OWL ROCK CAPITAL CORP,,,496.0,43000.0,,
98585X104,Sold Out,YETI HOLDINGS INC,14533.0,417866.0,,,,
G5480U120,New Holding,Liberty Global PLC,,,31420.0,2000000.0,,
09061GAF8,New Holding,BIOMARIN PHARMACEUTICAL INC,,,3718.0,3500000.0,,
64125CAD1,Sold Out,NEUROCRINE BIOSCIENCES INC,3456.0,2250000.0,,,,
Y2187A143,Not New,EAGLE BULK SHIPPING INC,54656.0,29544139.0,135903.0,29544139.0,81247.0,0.0
292554AH5,Not New,ENCORE CAPITAL GROUP INC,11063.0,12286000.0,15378.0,15584000.0,4315.0,3298000.0
14161HAG3,Not New,CARDTRONICS PLC,14332.0,15001000.0,16379.0,15334000.0,2047.0,333000.0
8676EP108,Not New,SUNOPTA INC,13919.0,8092699.0,20231.0,8092699.0,6312.0,0.0
056752108,New Holding,BAIDU INC,,,33502.0,332415.0,,
98138HAF8,New Holding,WORKDAY INC,,,556.0,500000.0,,
92857FAB3,New Holding,VOCERA COMMUNICATIONS INC,,,1489.0,1500000.0,,
03762UAB1,Not New,APOLLO COMMERCIAL REAL ESTATE FINANCE INC,2441.0,3510000.0,6685.0,6642000.0,4244.0,3132000.0
67072T108,New Holding,NUVEEN FLOATING RATE INCOME FUND,,,4379.0,580000.0,,
928298AP3,Not New,VISHAY INTERTECHNOLOGY INC,1975.0,2218000.0,10753.0,10708000.0,8778.0,8490000.0
62482R107,Not New,MR COOPER GROUP INC,14128.0,1927544.0,24113.0,1927544.0,9985.0,0.0
629209305,Not New,NMI HOLDINGS INC,51084.0,4400000.0,145992.0,4400000.0,94908.0,0.0
171798101,Not New,CIMAREX ENERGY CO,6996.0,415735.0,21821.0,415735.0,14825.0,0.0
42330PAH0,Not New,HELIX ENERGY SOLUTIONS GROUP INC,2210.0,2930000.0,10456.0,9761000.0,8246.0,6831000.0
27826S103,New Holding,EATON VANCE SENIOR INCOME TRUST,,,783.0,170000.0,,
71654V408,New Holding,PETROLEO BRASILEIRO SA,,,20503.0,3728093.0,,
87157DAD1,Not New,SYNAPTICS INC,2709.0,2600000.0,18133.0,16318000.0,15424.0,13718000.0
92940WAB5,New Holding,WIX.COM LTD,,,1487.0,1500000.0,,
393657AK7,Not New,GREENBRIER COS INC/THE,11778.0,14411000.0,22664.0,23298000.0,10886.0,8887000.0
40416EAD5,Not New,HCI GROUP INC,4078.0,4023000.0,3874.0,3766000.0,-204.0,-257000.0
46132P108,New Holding,INVESCO VALUE MUNICIPAL INCOME TRUST,,,5161.0,365000.0,,
34959JAK4,New Holding,FORTIVE CORP,,,16223.0,17409999.0,,
256163AB2,Not New,DOCUSIGN INC,2855.0,2026000.0,5851.0,4694000.0,2996.0,2668000.0
09061GAH4,Not New,BIOMARIN PHARMACEUTICAL INC,493.0,470000.0,3706.0,3500000.0,3213.0,3030000.0
44852D108,Sold Out,HUYA INC,13482.0,751125.0,,,,
465562106,Not New,ITAU UNIBANCO HOLDING SA,58633.0,13059310.0,112719.0,12319157.0,54086.0,-740153.0
22822V309,Not New,CROWN CASTLE INTERNATIONAL CORP,1032.0,826.0,3078.0,2402.0,2046.0,1576.0
60879BAB3,Not New,MOMO INC,7599.0,9463000.0,3261.0,3500000.0,-4338.0,-5963000.0
73640QAB1,Not New,PRA GROUP INC,21336.0,21901000.0,19274.0,19249000.0,-2062.0,-2652000.0
035128206,Not New,ANGLOGOLD ASHANTI LTD,41991.0,2525181.0,53047.0,2374581.0,11056.0,-150600.0
67020YAG5,Not New,NUANCE COMMUNICATIONS INC,2480.0,2343000.0,3176.0,3000000.0,696.0,657000.0
86800U104,Not New,SUPER MICRO COMPUTER INC,73831.0,3469505.0,57648.0,2400000.0,-16183.0,-1069505.0
59001KAF7,Sold Out,MERITOR INC,1739.0,1595000.0,,,,
393222AF1,Not New,GREEN PLAINS INC,1333.0,1978000.0,12470.0,13303000.0,11137.0,11325000.0
