CUSIP,status,NAME OF ISSUER,(x$1000)_old,PRN AMT_old,(x$1000),PRN AMT,(x$1000)_change,PRN AMT_change
69327RAD3,Not New,PDC ENERGY INC,10459.0,11081000.0,10049.0,10844000.0,-410.0,-237000.0
69331C108,Sold Out,PG&E CORP,8150.0,815000.0,,,,
267475AB7,Not New,DYCOM INDUSTRIES INC,19758.0,20282000.0,20965.0,21734000.0,1207.0,1452000.0
78454LAM2,Not New,SM ENERGY CO,8228.0,8601000.0,7385.0,8144000.0,-843.0,-457000.0
91822M106,Not New,VEON LTD,4247.0,1678900.0,4030.0,1678900.0,-217.0,0.0
697435AD7,Not New,PALO ALTO NETWORKS INC,5527.0,5000000.0,5283.0,5000000.0,-244.0,0.0
816851505,Not New,SEMPRA ENERGY,2423.0,20350.0,2865.0,24350.0,442.0,4000.0
03212B103,Not New,AMPLIFY ENERGY CORP,2710.0,410041.0,2534.0,410750.0,-176.0,709.0
30063PAB1,Not New,EXACT SCIENCES CORP,3965.0,3492000.0,1617.0,1492000.0,-2348.0,-2000000.0
01988PAD0,New Holding,ALLSCRIPTS HEALTHCARE SOLUTIONS INC,,,5219.0,5259000.0,,
31816QAB7,Not New,FIREEYE INC,7331.0,7353000.0,4271.0,4314000.0,-3060.0,-3039000.0
826917106,Not New,SIGA TECHNOLOGIES INC,762.0,159782.0,817.0,159782.0,55.0,0.0
126132109,Not New,CNOOC LTD,59440.0,356638.0,51473.0,338074.0,-7967.0,-18564.0
893870204,Not New,TRANSPORTADORA DE GAS DEL SUR SA,13441.0,1874729.0,10257.0,1208000.0,-3184.0,-666729.0
19625XAB8,Sold Out,INVITATION HOMES (IH MERGER SUB LLC),2981.0,2236000.0,,,,
45845PAA6,Not New,INTERCEPT PHARMACEUTICALS INC,3902.0,3861000.0,5041.0,5828000.0,1139.0,1967000.0
128126AB5,Not New,CALAMP CORP,7918.0,7996000.0,5938.0,6059000.0,-1980.0,-1937000.0
30227M105,Not New,EXTRACTION OIL & GAS INC,366.0,172787.0,509.0,172787.0,143.0,0.0
647551AC4,Not New,NEW MOUNTAIN FINANCE CORP,6686.0,6353000.0,6471.0,6162000.0,-215.0,-191000.0
456788108,Sold Out,INFOSYS LTD-SP ADR,40795.0,3587835.0,,,,
31816QAD3,New Holding,FIREEYE INC,,,13734.0,14156000.0,,
185899AA9,New Holding,CLEVELAND-CLIFFS INC,,,2395.0,2000000.0,,
703343AB9,Not New,PATRICK INDUSTRIES INC,11839.0,12261000.0,10526.0,11604000.0,-1313.0,-657000.0
05501U106,Not New,AZUL SA,46807.0,1093638.0,37126.0,1036438.0,-9681.0,-57200.0
04545L107,Not New,ASSERTIO THERAPEUTICS INC,1865.0,1492455.0,1910.0,1492455.0,45.0,0.0
41068XAB6,Not New,HANNON ARMSTRONG SUSTAINABLE INFRASTRUCTURE CAPITAL INC,1136.0,940000.0,2205.0,1970000.0,1069.0,1030000.0
903914208,Sold Out,ULTRA PETROLEUM CORP,133.0,590799.0,,,,
458660AD9,New Holding,INTERDIGITAL INC,,,3784.0,3782000.0,,
67020YAG5,Not New,NUANCE COMMUNICATIONS INC,3176.0,3000000.0,3014.0,3000000.0,-162.0,0.0
966387AL6,Not New,WHITING PETROLEUM CORP,5954.0,6069000.0,1651.0,1685000.0,-4303.0,-4384000.0
302941AP4,Not New,FTI CONSULTING INC,3136.0,2497000.0,2441.0,1997000.0,-695.0,-500000.0
922417AD2,Not New,VEECO INSTRUMENTS INC,18102.0,19151000.0,9414.0,10516000.0,-8688.0,-8635000.0
925550AB1,Not New,VIAVI SOLUTIONS INC,1699.0,1315000.0,5315.0,4315000.0,3616.0,3000000.0
060505682,Not New,BANK OF AMERICA CORP,2116.0,1461.0,2938.0,1960.0,822.0,499.0
151290889,Not New,CEMEX SAB DE CV,32726.0,8657927.0,5539.0,1413000.0,-27187.0,-7244927.0
151290889,Not New,CEMEX SAB DE CV,32726.0,8657927.0,24298.0,6198460.0,-8428.0,-2459467.0
71654V101,Not New,PETROLEO BRASILEIRO SA,85916.0,5758517.0,71693.0,5455930.0,-14223.0,-302587.0
874039100,Not New,TAIWAN SEMICONDUCTOR MANUFACTURING CO LTD,174657.0,3006193.0,132405.0,2848572.0,-42252.0,-157621.0
95790DAA3,Not New,WESTERN ASSET MORTGAGE CAPITAL CORP,28502.0,27969000.0,17388.0,17217000.0,-11114.0,-10752000.0
452327AH2,Not New,ILLUMINA INC,4011.0,2875000.0,797.0,600000.0,-3214.0,-2275000.0
45174J509,Not New,IHEARTMEDIA INC,12087.0,715247.0,10729.0,715247.0,-1358.0,0.0
67402D104,Not New,OAKTREE STRATEGIC INCOME CORP,3210.0,392000.0,3234.0,392000.0,24.0,0.0
235851300,Not New,DANAHER CORP,2275.0,1930.0,2201.0,1930.0,-74.0,0.0
67401P108,Not New,OAKTREE SPECIALTY LENDING CORP,1506.0,276000.0,1430.0,276000.0,-76.0,0.0
67020YAF7,Not New,NUANCE COMMUNICATIONS INC,11292.0,11494000.0,10990.0,11238000.0,-302.0,-256000.0
83416TAC4,Sold Out,SOLARCITY CORP,26788.0,27039000.0,,,,
901109AD0,Not New,TUTOR PERINI CORP,10051.0,10526000.0,9930.0,10405000.0,-121.0,-121000.0
584688AG0,Sold Out,MEDICINES CO/THE,2765.0,2285000.0,,,,
48123VAC6,Sold Out,J2 GLOBAL INC,3423.0,2410000.0,,,,
682189AK1,Not New,ON SEMICONDUCTOR CORP,8400.0,6170000.0,3357.0,2870000.0,-5043.0,-3300000.0
842587602,Not New,SOUTHERN CO/THE,1617.0,30000.0,2140.0,40000.0,523.0,10000.0
958102AP0,Not New,WESTERN DIGITAL CORP,8875.0,9016000.0,20514.0,21315000.0,11639.0,12299000.0
34959J207,New Holding,FORTIVE CORP,,,2431.0,2500.0,,
671044AD7,Not New,OSI SYSTEMS INC,2032.0,1855000.0,2084.0,1855000.0,52.0,0.0
87265KAB8,Sold Out,TPG SPECIALTY LENDING INC,12653.0,12516000.0,,,,
01609W102,New Holding,ALIBABA GROUP HOLDING LTD,,,34356.0,161982.0,,
74736A301,Not New,QTS REALTY TRUST INC,2323.0,17990.0,2186.0,17990.0,-137.0,0.0
892231101,Not New,TOWNSQUARE MEDIA INC,15904.0,1595224.0,11215.0,1595224.0,-4689.0,0.0
98954MAC5,Not New,ZILLOW GROUP INC,21012.0,21833000.0,5576.0,6314000.0,-15436.0,-15519000.0
09257WAB6,Sold Out,BLACKSTONE MORTGAGE TRUST INC,1993.0,1905000.0,,,,
92837L109,Not New,VISTA OIL & GAS SAB DE CV,19844.0,2528000.0,9720.0,1880000.0,-10124.0,-648000.0
N72482AT4,Not New,QIAGEN NV,2065.0,2200000.0,12041.0,11600000.0,9976.0,9400000.0
53220KAF5,Not New,LIGAND PHARMACEUTICALS INC,20688.0,23903000.0,12849.0,15368000.0,-7839.0,-8535000.0
759916AB5,Not New,REPLIGEN CORP,4334.0,4000000.0,1988.0,2000000.0,-2346.0,-2000000.0
077347300,Not New,BEL FUSE INC,9484.0,462679.0,6954.0,462679.0,-2530.0,0.0
848637AC8,Not New,SPLUNK INC,9535.0,7905000.0,4216.0,3905000.0,-5319.0,-4000000.0
Y11082206,Not New,CAPITAL PRODUCT PARTNERS LP,431.0,32142.0,343.0,32142.0,-88.0,0.0
70338PAB6,Not New,PATTERN ENERGY GROUP INC,7877.0,7819000.0,20377.0,19353000.0,12500.0,11534000.0
127686103,Not New,CAESARS ENTERTAINMENT CORP,207400.0,15250000.0,177815.0,15250000.0,-29585.0,0.0
472145AB7,Not New,JAZZ PHARMACEUTICALS PLC,4247.0,4115000.0,2200.0,2190000.0,-2047.0,-1925000.0
249908AA2,Not New,ASSERTIO THERAPEUTICS INC,1888.0,2530000.0,2077.0,2780000.0,189.0,250000.0
76120WAC8,Not New,EXANTAS CAPITAL CORP,76537.0,73367000.0,75643.0,72863000.0,-894.0,-504000.0
867652AL3,Not New,SUNPOWER CORP,1851.0,2253000.0,2160.0,2374000.0,309.0,121000.0
252131AH0,New Holding,DEXCOM INC,,,2173.0,1465000.0,,
29404KAB2,New Holding,ENVESTNET INC,,,3604.0,3000000.0,,
88688TAB6,New Holding,TILRAY INC,,,2003.0,3745000.0,,
N72482AB3,New Holding,QIAGEN NV,,,3529.0,3000000.0,,
88163VAE9,Not New,TEVA PHARMACEUTICAL INDUSTRIES LTD,12389.0,13001000.0,3169.0,3480000.0,-9220.0,-9521000.0
09739CAB8,New Holding,BOINGO WIRELESS INC,,,9777.0,11005000.0,,
G89479102,Not New,TORM PLC,540133.0,48263921.0,408745.0,48263921.0,-131388.0,0.0
62957HAB1,Not New,NABORS INDUSTRIES LTD,36631.0,48853000.0,6134.0,9555000.0,-30497.0,-39298000.0
38147UAB3,Not New,GOLDMAN SACHS BDC INC,14514.0,14038000.0,10179.0,9895000.0,-4335.0,-4143000.0
82823LAC0,Not New,SSR MINING INC,12079.0,11886000.0,11025.0,10769000.0,-1054.0,-1117000.0
059460303,New Holding,BANCO BRADESCO SA,,,51615.0,5767107.0,,
45104G104,Not New,ICICI BANK LTD,87655.0,5808890.0,101893.0,8365394.0,14238.0,2556504.0
629377CG5,Not New,NRG ENERGY INC,5033.0,4430000.0,4989.0,4430000.0,-44.0,0.0
346232AB7,Not New,FORESTAR GROUP INC,10756.0,10676000.0,13764.0,13665000.0,3008.0,2989000.0
80918TAB5,Not New,SCORPIO TANKERS INC,2797.0,2272000.0,1579.0,1485000.0,-1218.0,-787000.0
90187BAA9,Not New,TWO HARBORS INVESTMENT CORP,23209.0,22312000.0,28324.0,27471000.0,5115.0,5159000.0
670704AG0,Not New,NUVASIVE INC,6453.0,4835000.0,3063.0,2585000.0,-3390.0,-2250000.0
08579X101,Not New,BERRY PETROLEUM CORP,121772.0,12913313.0,120667.0,12891717.0,-1105.0,-21596.0
741503AX4,Not New,BOOKING HOLDINGS INC,5833.0,5051000.0,5810.0,5000000.0,-23.0,-51000.0
25470MAD1,Not New,DISH NETWORK CORP,22328.0,24354000.0,22740.0,25767000.0,412.0,1413000.0
88160RAD3,Not New,TESLA INC,14168.0,10000000.0,10166.0,10000000.0,-4002.0,0.0
45772FAC1,Not New,INPHI CORP,4247.0,3000000.0,2487.0,2000000.0,-1760.0,-1000000.0
57164YAB3,Not New,MARRIOTT VACATIONS WORLDWIDE CORP,3214.0,3000000.0,3022.0,3000000.0,-192.0,0.0
81170YAB5,Not New,SEACOR HOLDINGS INC,10045.0,10198000.0,14332.0,14448000.0,4287.0,4250000.0
879273209,Not New,TELECOM ARGENTINA SA,20776.0,1830500.0,13105.0,1310500.0,-7671.0,-520000.0
92840M102,Not New,VISTRA ENERGY CORP,627122.0,27278055.0,729143.0,27278055.0,102021.0,0.0
80007P869,Sold Out,SANDRIDGE ENERGY INC,634.0,135000.0,,,,
90184LAF9,Sold Out,TWITTER INC,5319.0,5014000.0,,,,
126349AF6,Sold Out,CSG SYSTEMS INTERNATIONAL INC,2271.0,2000000.0,,,,
464337AJ3,Not New,IONIS PHARMACEUTICALS INC,1719.0,1500000.0,1583.0,1386000.0,-136.0,-114000.0
91274U119,Not New,US WELL SERVICES INC,195.0,1500000.0,450.0,1500000.0,255.0,0.0
25746U133,Not New,DOMINION ENERGY INC,1069.0,10000.0,1586.0,15000.0,517.0,5000.0
Y8162K204,Not New,STAR BULK CARRIERS CORP,449532.0,38063697.0,383303.0,38063697.0,-66229.0,0.0
427096AF9,Not New,HERCULES CAPITAL INC,16272.0,15893000.0,11351.0,11060000.0,-4921.0,-4833000.0
697660207,Not New,PAMPA ENERGIA SA,12388.0,754000.0,10296.0,593000.0,-2092.0,-161000.0
531229AF9,Not New,LIBERTY MEDIA CORP-LIBERTY FORMULA ONE,2028.0,1522000.0,4420.0,3522000.0,2392.0,2000000.0
55608BAB1,Not New,MACQUARIE INFRASTRUCTURE CORP,18955.0,19770000.0,20978.0,22929000.0,2023.0,3159000.0
92531L207,Not New,VERSO CORP,12170.0,675000.0,22610.0,1826319.0,10440.0,1151319.0
88160RAC5,Not New,TESLA INC,4876.0,3818000.0,8181.0,8365000.0,3305.0,4547000.0
36164V305,Not New,GCI LIBERTY INC,10627.0,150000.0,9311.0,150000.0,-1316.0,0.0
45667G103,Not New,INFINERA CORP,166544.0,20975384.0,114316.0,20975384.0,-52228.0,0.0
04010LAW3,Not New,ARES CAPITAL CORP,2802.0,2630000.0,4170.0,3946000.0,1368.0,1316000.0
25470MAB5,Not New,DISH NETWORK CORP,40558.0,42056000.0,34530.0,37584000.0,-6028.0,-4472000.0
92189F676,Sold Out,VANECK VECTORS SEMICONDUCTOR ETF,89348.0,750000.0,,,,
16949NAC3,Not New,HUAZHU GROUP LTD,4933.0,4400000.0,4579.0,4400000.0,-354.0,0.0
678026AH8,Not New,OIL STATES INTERNATIONAL INC,15903.0,17620000.0,2637.0,3137000.0,-13266.0,-14483000.0
74967XAA1,Not New,RH,2542.0,2000000.0,2169.0,2000000.0,-373.0,0.0
893830BJ7,New Holding,TRANSOCEAN LTD,,,10137.0,10125000.0,,
10552T107,Not New,BRF SA,49185.0,5653531.0,49873.0,5444574.0,688.0,-208957.0
984245100,Not New,YPF SA,15709.0,1356600.0,13340.0,1442103.0,-2369.0,85503.0
29260UAA5,Not New,ENCORE CAPITAL GROUP INC,2408.0,2250000.0,2326.0,2250000.0,-82.0,0.0
03836W202,Not New,AQUA AMERICA INC,810.0,13000.0,787.0,13000.0,-23.0,0.0
750469AA6,Not New,RADIUS HEALTH INC,1967.0,2316000.0,5757.0,6315000.0,3790.0,3999000.0
075887208,Not New,BECTON DICKINSON AND CO,1377.0,21050.0,3161.0,51050.0,1784.0,30000.0
85571BAH8,Not New,STARWOOD PROPERTY TRUST INC,2607.0,2500000.0,2594.0,2500000.0,-13.0,0.0
90184LAD4,Not New,TWITTER INC,18696.0,19176000.0,25661.0,26000000.0,6965.0,6824000.0
42703MAD5,New Holding,HERBALIFE NUTRITION LTD,,,4159.0,4000000.0,,
11135F200,New Holding,BROADCOM INC,,,5889.0,5000.0,,
02005N100,Not New,ALLY FINANCIAL INC,334434.0,10943541.0,362888.0,10943541.0,28454.0,0.0
54150E104,Not New,LOMA NEGRA CIA INDUSTRIAL ARGENTINA SA,1970.0,252000.0,1219.0,212000.0,-751.0,-40000.0
33938JAB2,Not New,FLEXION THERAPEUTICS INC,6839.0,6381000.0,5050.0,5609000.0,-1789.0,-772000.0
24983LAB0,Not New,DERMIRA INC,8544.0,9241000.0,5388.0,6380000.0,-3156.0,-2861000.0
649604AD7,Not New,NEW YORK MORTGAGE TRUST INC,15192.0,14840000.0,16142.0,15826000.0,950.0,986000.0
G81075AF3,Not New,SFL CORP LTD,20307.0,19017000.0,23930.0,22855000.0,3623.0,3838000.0
607409109,Sold Out,MOBILE TELESYSTEMS PJSC,2418.0,298500.0,,,,
826919AB8,Not New,SILICON LABORATORIES INC,2882.0,2165000.0,2825.0,2165000.0,-57.0,0.0
097793400,Not New,BONANZA CREEK ENERGY INC,23496.0,1006726.0,28735.0,1283452.0,5239.0,276726.0
948596AC5,Not New,WEIBO CORP,4479.0,4762000.0,1090.0,1160000.0,-3389.0,-3602000.0
43940TAB5,Not New,HOPE BANCORP INC,20174.0,21389000.0,19795.0,21372000.0,-379.0,-17000.0
887399AA1,New Holding,TIMKENSTEEL CORP,,,2400.0,2317000.0,,
749772AB5,Sold Out,REDWOOD TRUST INC,17916.0,17851000.0,,,,
G01125106,Not New,AFYA LTD,19876.0,732913.0,17885.0,697554.0,-1991.0,-35359.0
595112103,Not New,MICRON TECHNOLOGY INC,150315.0,2795000.0,83986.0,1960000.0,-66329.0,-835000.0
156504300,Not New,CENTURY COMMUNITIES INC,49749.0,1819003.0,55716.0,1819003.0,5967.0,0.0
651718AE8,New Holding,NEWPARK RESOURCES INC,,,1989.0,1930000.0,,
852234AD5,Not New,SQUARE INC,1679.0,1500000.0,1115.0,1000000.0,-564.0,-500000.0
19624RAB2,Not New,COLONY CAPITAL INC,21040.0,21307000.0,26727.0,26997000.0,5687.0,5690000.0
48251KAB6,Not New,KKR REAL ESTATE FINANCE TRUST INC,17383.0,16555000.0,21112.0,20175000.0,3729.0,3620000.0
021346101,Sold Out,ALTABA INC,4713.0,241933.0,,,,
595017AF1,Not New,MICROCHIP TECHNOLOGY INC,8517.0,5967000.0,12597.0,9767000.0,4080.0,3800000.0
27875TAA9,Not New,ECHO GLOBAL LOGISTICS INC,7711.0,7700000.0,9850.0,9850000.0,2139.0,2150000.0
36191GAB3,Not New,GNC HOLDINGS INC,5065.0,5239000.0,5247.0,5639000.0,182.0,400000.0
46429B598,Not New,ISHARES MSCI INDIA ETF,3024.0,86100.0,2151.0,64000.0,-873.0,-22100.0
18453H106,Not New,CLEAR CHANNEL OUTDOOR HOLDINGS INC,4810.0,1681898.0,4239.0,1681898.0,-571.0,0.0
67020YAK6,New Holding,NUANCE COMMUNICATIONS INC,,,5256.0,5208000.0,,
65339F796,Not New,NEXTERA ENERGY INC,2307.0,45000.0,3009.0,60000.0,702.0,15000.0
N97284108,Sold Out,YANDEX NV-A,17115.0,488857.0,,,,
171871502,Sold Out,CINCINNATI BELL INC,671.0,132500.0,,,,
552848103,Not New,MGIC INVESTMENT CORP,31457.0,2220000.0,27928.0,2220000.0,-3529.0,0.0
40171VAA8,Not New,GUIDEWIRE SOFTWARE INC,3186.0,2700000.0,4025.0,3500000.0,839.0,800000.0
45686J104,Not New,INFRASTRUCTURE & ENERGY ALTERNATIVES LLC,60.0,18926.0,88.0,18926.0,28.0,0.0
538034AQ2,Sold Out,LIVE NATION ENTERTAINMENT INC,1322.0,1125000.0,,,,
001546AP5,Sold Out,AK STEEL CORP,12673.0,12610000.0,,,,
92849EAB7,Not New,VITAMIN SHOPPE INC,4295.0,4261000.0,4895.0,4895000.0,600.0,634000.0
70932AAB9,Not New,PENNYMAC MORTGAGE INVESTMENT TRUST,16914.0,16727000.0,20680.0,20450000.0,3766.0,3723000.0
75737FAA6,Not New,REDFIN CORP,3647.0,3681000.0,3636.0,3952000.0,-11.0,271000.0
70788V102,Not New,PENN VIRGINIA CORP,3763.0,124000.0,7238.0,248979.0,3475.0,124979.0
128126AD1,Not New,CALAMP CORP,2944.0,3535000.0,5402.0,6600000.0,2458.0,3065000.0
40049J206,Not New,GRUPO TELEVISA SAB,9395.0,801000.0,5536.0,566000.0,-3859.0,-235000.0
22943FAF7,New Holding,CTRIP.COM INTERNATIONAL LTD,,,13341.0,13526000.0,,
302301AE6,New Holding,EZCORP INC,,,6766.0,8264000.0,,
69354NAB2,Not New,PRA GROUP INC,2093.0,2000000.0,2037.0,2000000.0,-56.0,0.0
025537127,Sold Out,AMERICAN ELECTRIC POWER CO INC,1352.0,24550.0,,,,
64157FAA1,Sold Out,NEVRO CORP,6498.0,5653000.0,,,,
Y20676105,Not New,DIAMOND S SHIPPING INC,369.0,22076.0,243.0,22076.0,-126.0,0.0
38046YAB7,Not New,GOLAR LNG LTD,10784.0,12021000.0,6870.0,7859000.0,-3914.0,-4162000.0
44052TAB7,Not New,HORIZON PHARMA PLC,5534.0,4175000.0,2832.0,2425000.0,-2702.0,-1750000.0
077347201,Not New,BEL FUSE INC,1160.0,71613.0,987.0,71613.0,-173.0,0.0
55933J203,Not New,MAGNACHIP SEMICONDUCTOR CORP,36812.0,3170729.0,32955.0,3250000.0,-3857.0,79271.0
854502846,New Holding,STANLEY BLACK & DECKER INC,,,2724.0,25000.0,,
31154R109,Not New,FARMLAND PARTNERS INC,881.0,130000.0,1336.0,200000.0,455.0,70000.0
949746804,Not New,WELLS FARGO & CO,1045.0,721.0,1098.0,721.0,53.0,0.0
461203AF8,Not New,INVACARE CORP,1498.0,1524000.0,1648.0,1745000.0,150.0,221000.0
55024UAB5,Not New,LUMENTUM HOLDINGS INC,1968.0,1346000.0,4179.0,3596000.0,2211.0,2250000.0
457669AA7,Not New,INSMED INC,8331.0,8626000.0,3299.0,3935000.0,-5032.0,-4691000.0
092533AC2,Sold Out,BLACKROCK CAPITAL INVESTMENT CORP,3254.0,3270000.0,,,,
670851500,Not New,OI SA,2051.0,2201646.0,2421.0,2201646.0,370.0,0.0
98585X104,Not New,YETI HOLDINGS INC,14533.0,417866.0,15054.0,537629.0,521.0,119763.0
902104AB4,Sold Out,II-VI INC,3105.0,3000000.0,,,,
86183Q100,Sold Out,STONEMOR PARTNERS LP,4970.0,4477857.0,,,,
B38564108,Sold Out,EURONAV NV,69937.0,7601881.0,,,,
64125CAD1,Not New,NEUROCRINE BIOSCIENCES INC,3456.0,2250000.0,3431.0,2500000.0,-25.0,250000.0
Y2187A143,Not New,EAGLE BULK SHIPPING INC,135903.0,29544139.0,129255.0,29544139.0,-6648.0,0.0
292554AH5,Not New,ENCORE CAPITAL GROUP INC,15378.0,15584000.0,16929.0,17216000.0,1551.0,1632000.0
038923AH1,Sold Out,ARBOR REALTY TRUST INC,9577.0,8942000.0,,,,
14161HAG3,Not New,CARDTRONICS PLC,16379.0,15334000.0,22876.0,23382000.0,6497.0,8048000.0
8676EP108,Not New,SUNOPTA INC,20231.0,8092699.0,14566.0,8092699.0,-5665.0,0.0
87238QAB9,Sold Out,BLACKROCK TCP CAPITAL CORP,8851.0,8773000.0,,,,
03762UAB1,Not New,APOLLO COMMERCIAL REAL ESTATE FINANCE INC,6685.0,6642000.0,24609.0,24174000.0,17924.0,17532000.0
928298AP3,Not New,VISHAY INTERTECHNOLOGY INC,10753.0,10708000.0,6009.0,6410000.0,-4744.0,-4298000.0
62482R107,Not New,MR COOPER GROUP INC,24113.0,1927544.0,20471.0,1927544.0,-3642.0,0.0
629209305,Not New,NMI HOLDINGS INC,145992.0,4400000.0,130667.0,4975911.0,-15325.0,575911.0
171798101,Not New,CIMAREX ENERGY CO,21821.0,415735.0,19931.0,415735.0,-1890.0,0.0
42330PAH0,Not New,HELIX ENERGY SOLUTIONS GROUP INC,10456.0,9761000.0,6103.0,6030000.0,-4353.0,-3731000.0
00971TAJ0,Sold Out,AKAMAI TECHNOLOGIES INC,1581.0,1375000.0,,,,
71654V408,Sold Out,PETROLEO BRASILEIRO-SPON ADR,31026.0,2144121.0,,,,
87157DAD1,Not New,SYNAPTICS INC,18133.0,16318000.0,21767.0,23314000.0,3634.0,6996000.0
92940WAB5,Sold Out,WIX.COM LTD,1102.0,990000.0,,,,
393657AK7,Not New,GREENBRIER COS INC/THE,22664.0,23298000.0,12708.0,13292000.0,-9956.0,-10006000.0
40416EAD5,Not New,HCI GROUP INC,3874.0,3766000.0,2892.0,2897000.0,-982.0,-869000.0
256163AB2,New Holding,DOCUSIGN INC,,,5851.0,4694000.0,,
09061GAH4,New Holding,BIOMARIN PHARMACEUTICAL INC,,,3706.0,3500000.0,,
465562106,Not New,ITAU UNIBANCO HOLDING SA,112719.0,12319157.0,98097.0,11664043.0,-14622.0,-655114.0
22822V309,Not New,CROWN CASTLE INTERNATIONAL CORP,3078.0,2402.0,3031.0,2402.0,-47.0,0.0
60879BAB3,Not New,MOMO INC,3261.0,3500000.0,2716.0,3000000.0,-545.0,-500000.0
73640QAB1,Not New,PRA GROUP INC,19274.0,19249000.0,24120.0,24225000.0,4846.0,4976000.0
035128206,Not New,ANGLOGOLD ASHANTI LTD,53047.0,2374581.0,43858.0,2400512.0,-9189.0,25931.0
44852D108,Not New,HUYA INC,13482.0,751125.0,16833.0,712025.0,3351.0,-39100.0
86800U104,Not New,SUPER MICRO COMPUTER INC,57648.0,2400000.0,46080.0,2400000.0,-11568.0,0.0
59001KAF7,Not New,MERITOR INC,1739.0,1595000.0,1565.0,1595000.0,-174.0,0.0
512807108,Sold Out,LAM RESEARCH CORP,28889.0,125000.0,,,,
393222AF1,Not New,GREEN PLAINS INC,12470.0,13303000.0,3583.0,4364000.0,-8887.0,-8939000.0
