CUSIP,status,NAME OF ISSUER,(x$1000)_old,PRN AMT_old,(x$1000),PRN AMT,(x$1000)_change,PRN AMT_change
43713WAB3,Not New,HOME INNS HTL MNGMT INC,5345.0,5500000.0,13687.0,13000000.0,8342.0,7500000.0
043632AA6,New Holding,ASCENT CAPITAL GROUP INC,,,3442.0,3420000.0,,
151290AV5,Not New,CEMEX SAB DE CV,28908.0,23495000.0,75500.0,63577000.0,46592.0,40082000.0
345550AP2,Not New,FOREST CITY ENTERPRISES,58356.0,51821000.0,63971.0,57171000.0,5615.0,5350000.0
874054AC3,Not New,TAKE-TWO INTERACTIVE SOFTWARE,32760.0,24828000.0,29915.0,25828000.0,-2845.0,1000000.0
670851203,New Holding,OI SA-ADR,,,3489.0,2623000.0,,
74973WAA5,Not New,RTI INTERNATIONAL METALS,31565.0,29475000.0,35442.0,30975000.0,3877.0,1500000.0
371559204,Not New,GENESEE & WYOMING INC,45737.0,352500.0,47531.0,372500.0,1794.0,20000.0
03762UAA3,New Holding,APOLLO COMMERCIAL REAL ESTATE FIN REIT,,,7171.0,7000000.0,,
165167BZ9,Sold Out,CHESAPEAKE ENERGY CORP,6128.0,6000000.0,,,,
436440AG6,Not New,HOLOGIC INC,15915.0,15000000.0,15634.0,14814000.0,-281.0,-186000.0
210751103,Sold Out,CONTAINER STORE GROUP INC/THE,24689.0,557565.0,,,,
210751103,Sold Out,CONTAINER STORE GROUP INC/THE,24664.0,557000.0,,,,
15671BAJ0,New Holding,CENVEO CORP,,,3281.0,3174000.0,,
018606301,Not New,ALLIANCE HEALTHCARE SERVICES,159485.0,4756490.0,117676.0,4756490.0,-41809.0,0.0
38119TAE4,Not New,GOLDEN STAR RESOURCES,10285.0,13750000.0,3740.0,5500000.0,-6545.0,-8250000.0
811904AM3,Not New,SEACOR HOLDINGS INC,65930.0,55020000.0,68797.0,56270000.0,2867.0,1250000.0
L0302D178,Not New,ARCELORMITTAL,15107.0,630000.0,16380.0,630000.0,1273.0,0.0
060505682,Not New,BANK OF AMERICA CORP,19247.0,16800.0,16778.0,15800.0,-2469.0,-1000.0
61748WAB4,Not New,MORGANS HOTEL GROUP CO,14071.0,14410000.0,13483.0,13677000.0,-588.0,-733000.0
04010LAJ2,Not New,ARES CAPITAL CORP,7583.0,7019000.0,7517.0,7019000.0,-66.0,0.0
151290889,Not New,CEMEX SAB-SPONS ADR PART CER,29111.0,2304945.0,20722.0,1751663.0,-8389.0,-553282.0
861642AN6,Not New,STONE ENERGY CORP,97579.0,79800000.0,76398.0,69200000.0,-21181.0,-10600000.0
92719A106,New Holding,VIMPELCOM LTD-SPON ADR,,,2348.0,260000.0,,
874039100,Not New,TAIWAN SEMICONDUCTOR-SP ADR,54776.0,2736084.0,37676.0,2160340.0,-17100.0,-575744.0
88830RAB7,Not New,TITAN MACHINERY INC,9804.0,11397000.0,9407.0,10897000.0,-397.0,-500000.0
76120WAA2,Not New,RESOURCE CAPITAL CORP,17215.0,17117000.0,12803.0,12767000.0,-4412.0,-4350000.0
795435AE6,Sold Out,SALIX PHARMACEUTICALS LTD,54620.0,36808000.0,,,,
595112AY9,New Holding,MICRON TECHNOLOGY INC,,,97798.0,89500000.0,,
05541TAD3,Not New,BGC PARTNERS INC,12942.0,12145000.0,14510.0,13845000.0,1568.0,1700000.0
575385109,Not New,MASONITE INTERNATIONAL CORP,230962.0,4086372.0,268670.0,4477837.0,37708.0,391465.0
529043309,New Holding,LEXINGTON REALTY TRUST,,,740.0,16050.0,,
675746309,New Holding,OCWEN FINANCIAL CORP,,,9286.0,237000.0,,
874054AD1,Not New,TAKE-TWO INTERACTIVE SOFTWARE,41082.0,33380000.0,34782.0,32500000.0,-6300.0,-880000.0
436440AB7,Not New,HOLOGIC INC,8219.0,7179000.0,11246.0,9679000.0,3027.0,2500000.0
092533AB4,New Holding,BLACKROCK KELSO CAPITAL,,,20748.0,19946000.0,,
93317WAA0,Not New,WALTER INVESTMENT MGMT,12563.0,13284000.0,25240.0,25255000.0,12677.0,11971000.0
681904AQ1,Not New,OMNICARE INC,85532.0,83800000.0,87290.0,85750000.0,1758.0,1950000.0
67020YAF7,Not New,NUANCE COMMUNICATIONS,11069.0,11000000.0,13748.0,14000000.0,2679.0,3000000.0
Y11082107,Not New,CAPITAL PRODUCT PARTNERS LP,8842.0,807500.0,8455.0,807500.0,-387.0,0.0
Y8162K121,Not New,STAR BULK CARRIERS CORP,82394.0,5773907.0,76966.0,5773907.0,-5428.0,0.0
680223AH7,Sold Out,OLD REPUBLIC INTL CORP,7002.0,5613000.0,,,,
913017117,Sold Out,UNITED TECHNOLOGIES CORP,32077.0,489950.0,,,,
83416TAA8,Sold Out,SOLARCITY CORP,36419.0,30500000.0,,,,
912909AH1,Sold Out,US STEEL CORP,8982.0,6740000.0,,,,
876568502,Not New,TATA MOTORS LTD-SPON ADR,36981.0,1044361.0,28973.0,940691.0,-8008.0,-103670.0
44157R109,Not New,HOUGHTON MIFFLIN HARCOURT CO,11365.0,559024.0,9481.0,559024.0,-1884.0,0.0
91912E204,Not New,VALE SA-SP PREF ADR,41728.0,3351672.0,37236.0,2657843.0,-4492.0,-693829.0
608753AA7,Not New,MOLYCORP INC,4028.0,5000000.0,3560.0,5000000.0,-468.0,0.0
451055AE7,Not New,ICONIX BRAND GROUP INC,11242.0,8255000.0,21180.0,15305000.0,9938.0,7050000.0
45071RAB5,New Holding,IXIA,,,9927.0,9410000.0,,
87305RAC3,Not New,TTM TECHNOLOGIES,8292.0,8049000.0,7755.0,7500000.0,-537.0,-549000.0
552848AD5,Sold Out,MGIC INVESTMENT CORP,2275.0,2000000.0,,,,
04010LAG8,Not New,ARES CAPITAL CORP,6087.0,5646000.0,6529.0,6146000.0,442.0,500000.0
252603105,New Holding,DIAMOND FOODS INC,,,154421.0,4420859.0,,
74973WAB3,Not New,RTI INTERNATIONAL METALS,40840.0,41450000.0,43952.0,41450000.0,3112.0,0.0
47759TAA8,Sold Out,JINKOSOLAR HOLDING CO LT,6104.0,5750000.0,,,,
026874784,Not New,AMERICAN INTERNATIONAL GROUP,46464.0,929100.0,47431.0,929100.0,967.0,0.0
055639AC2,Not New,BPZ RESOURCES INC,43155.0,37500000.0,33820.0,38000000.0,-9335.0,500000.0
01449J204,Not New,ALERE INC,61652.0,212800.0,60925.0,212800.0,-727.0,0.0
23324TAB3,Not New,DFC GLOBAL CORP,4294.0,5000000.0,29855.0,33035000.0,25561.0,28035000.0
740444104,Sold Out,PREFORMED LINE PRODUCTS CO,3928.0,53691.0,,,,
512807AL2,Not New,LAM RESEARCH CORP,4900.0,3930000.0,12210.0,10000000.0,7310.0,6070000.0
666416AB8,New Holding,AURICO GOLD (NORTHGATE MINERALS),,,14838.0,14267000.0,,
94770VAF9,Not New,WEBMD HEALTH CORP,21692.0,21500000.0,2964.0,3000000.0,-18728.0,-18500000.0
012423AA7,New Holding,ALBANY MOLECULAR RESEARCH INC,,,9777.0,7305000.0,,
891777AC8,Not New,TOWER GROUP INTL LTD,21683.0,22830000.0,36269.0,43830000.0,14586.0,21000000.0
043353AH4,Not New,MERITOR INC,12622.0,12000000.0,15356.0,15868000.0,2734.0,3868000.0
749685AT0,Sold Out,RPM INTERNATIONAL INC,25474.0,23000000.0,,,,
004397AB1,Sold Out,ACCURAY INC,3933.0,3500000.0,,,,
460951AC0,Not New,INTEROIL CORP,8044.0,7919000.0,5605.0,5900000.0,-2439.0,-2019000.0
440543AN6,Not New,HORNBECK OFFSHORE SERVICES,82821.0,72620000.0,87520.0,73080000.0,4699.0,460000.0
035710AB8,Not New,ANNALY CAPITAL MGMT,8243.0,8000000.0,20501.0,20157000.0,12258.0,12157000.0
879273209,New Holding,TELECOM ARGENTINA SA-SP ADR,,,6197.0,324973.0,,
04013VAB4,New Holding,ARES COMMERCIAL REAL ESTATE,,,13633.0,13250000.0,,
26884U208,Not New,EPR PROPERTIES,8607.0,400321.0,10937.0,534821.0,2330.0,134500.0
629377508,Not New,NRG ENERGY INC,42135.0,1325000.0,38054.0,1325000.0,-4081.0,0.0
G27823106,Sold Out,DELPHI AUTOMOTIVE PLC,127776.0,2125000.0,,,,
171779AE1,Not New,CIENA CORP,66336.0,65000000.0,67889.0,65500000.0,1553.0,500000.0
268648102,Not New,EMC CORP/MA,16720.0,610000.0,15342.0,610000.0,-1378.0,0.0
318672706,Not New,FIRST BANCORP PUERTO RICO,227629.0,41843581.0,259012.0,41843581.0,31383.0,0.0
02917TAA2,Not New,AMERICAN REALTY CAP PROP,30591.0,28700000.0,12068.0,12000000.0,-18523.0,-16700000.0
12802TAB7,New Holding,CAL DIVE INTERNATIONAL,,,3063.0,3185000.0,,
382410AG3,Not New,GOODRICH PETROLEUM CORP,2569.0,2505000.0,37717.0,36465000.0,35148.0,33960000.0
94733AAA2,Not New,WEB.COM GROUP INC,42423.0,36000000.0,40023.0,35500000.0,-2400.0,-500000.0
464287655,Sold Out,ISHARES RUSSELL 2000,49605.0,430000.0,,,,
64944P307,Not New,NY COMMUNITY CAP TRUST V,12089.0,247341.0,16117.0,322341.0,4028.0,75000.0
269279402,Not New,EXCO RESOURCES INC,252973.0,45173682.0,195296.0,36778946.0,-57677.0,-8394736.0
590328AA8,New Holding,MERRIMACK PHARMACEUTICALS,,,1936.0,1900000.0,,
88160RAC5,New Holding,TESLA MOTORS INC,,,93478.0,102845000.0,,
74348TAK8,Not New,PROSPECT CAPITAL CORP,5288.0,5000000.0,5271.0,5000000.0,-17.0,0.0
92240MAY4,Not New,VECTOR GROUP LTD,24950.0,18185000.0,21677.0,18185000.0,-3273.0,0.0
16117M305,Not New,CHARTER COMMUNICATION-A,24640.0,200000.0,99791.0,729683.0,75151.0,529683.0
74348TAD4,Not New,PROSPECT CAPITAL CORP,7708.0,7288000.0,8772.0,8288000.0,1064.0,1000000.0
262498AB4,Not New,DRYSHIPS INC,14956.0,15021000.0,22186.0,22021000.0,7230.0,7000000.0
670704AC9,Not New,NUVASIVE INC,98968.0,82525000.0,78317.0,72120000.0,-20651.0,-10405000.0
682189AH8,Not New,ON SEMICONDUCTOR CORP,92898.0,75954000.0,72300.0,65445000.0,-20598.0,-10509000.0
984249AB8,Not New,YRC WORLDWIDE INC,6316.0,5930266.0,5916.0,6146385.0,-400.0,216119.0
34385PAA6,New Holding,FLUIDIGM CORP,,,21924.0,19348000.0,,
42330PAG2,Not New,HELIX ENERGY SOLUTIONS,45522.0,36892000.0,44609.0,36892000.0,-913.0,0.0
42217K601,Not New,HEALTH CARE REIT INC,6268.0,112874.0,8349.0,162874.0,2081.0,50000.0
52729N308,Not New,LEVEL 3 COMMUNICATIONS INC,33146.0,846859.0,51881.0,1564100.0,18735.0,717241.0
59001AAR3,Not New,MERITAGE HOMES CORP,4872.0,4550000.0,32293.0,28650000.0,27421.0,24100000.0
110394AC7,Sold Out,BRISTOW GROUP INC,4993.0,4045000.0,,,,
458140AD2,Not New,INTEL CORP,46947.0,39725000.0,44559.0,39725000.0,-2388.0,0.0
900111204,Sold Out,TURKCELL ILETISIM HIZM SPONSORED ADR,9293.0,696116.0,,,,
03938LAK0,Sold Out,ARCELORMITTAL,7573.0,7410000.0,,,,
512807AJ7,Not New,LAM RESEARCH CORP,70589.0,60700000.0,70406.0,61700000.0,-183.0,1000000.0
587200AK2,Not New,MENTOR GRAPHICS CORP,41443.0,33056000.0,46037.0,34556000.0,4594.0,1500000.0
74586W205,Not New,PULSE ELECTRONICS CORP,46198.0,11999585.0,11111.0,3844658.0,-35087.0,-8154927.0
21075N204,Not New,CONTANGO OIL & GAS,61476.0,1287732.0,60858.0,1287734.0,-618.0,2.0
608753AF6,Not New,MOLYCORP INC,5840.0,7300000.0,4878.0,6300000.0,-962.0,-1000000.0
521863AL4,Not New,LEAP WIRELESS INTL INC,3310.0,3269000.0,4359.0,4269000.0,1049.0,1000000.0
607409109,Not New,MOBILE TELESYSTEMS-SP ADR,14332.0,819448.0,13405.0,619721.0,-927.0,-199727.0
055639AB4,Not New,BPZ RESOURCES INC,3337.0,3260000.0,2934.0,3260000.0,-403.0,0.0
151290BB8,Not New,CEMEX SAB DE CV,13123.0,9500000.0,14474.0,11000000.0,1351.0,1500000.0
471109AH1,Sold Out,JARDEN CORP,78795.0,55750000.0,,,,
02076XAE2,Not New,ALPHA NATURAL RESOURCES,26871.0,31500000.0,28891.0,28000000.0,2020.0,-3500000.0
743815AB8,Not New,PROVIDENCE SERVICE CORP,13421.0,13240000.0,10752.0,10382000.0,-2669.0,-2858000.0
19624RAA4,Not New,COLONY FINANCIAL INC,33067.0,31020000.0,32620.0,31520000.0,-447.0,500000.0
256664AB9,Not New,DOLLAR FINANCIAL CORP,7511.0,7880000.0,7795.0,7880000.0,284.0,0.0
101388AA4,Not New,BOTTOMLINE TECHNOLOGIES,23270.0,17780000.0,24135.0,17980000.0,865.0,200000.0
42210PAR3,Not New,HEADWATERS INC,10364.0,9346000.0,8474.0,7846000.0,-1890.0,-1500000.0
580037109,Not New,MCDERMOTT INTL INC,17521.0,2240599.0,13654.0,1490599.0,-3867.0,-750000.0
552848103,Not New,MGIC INVESTMENT CORP,97128.0,11400000.0,101280.0,12000000.0,4152.0,600000.0
242309AB8,Sold Out,DEALERTRACK TECHNOLOGIES,16549.0,11904000.0,,,,
45884XAE3,Not New,INTERMUNE INC,9163.0,7165000.0,4507.0,5000000.0,-4656.0,-2165000.0
92934F203,Not New,WSP HOLDINGS LTD-ADR,3832.0,1408800.0,3846.0,1408800.0,14.0,0.0
87936R106,Not New,TELEFONICA BRASIL-ADR,22795.0,1073210.0,16678.0,867758.0,-6117.0,-205452.0
69913R408,New Holding,PARAGON SHIPPING INC-CLASS A,,,2740.0,400000.0,,
00912XAK0,Not New,AIR LEASE CORP,34855.0,23023000.0,62907.0,47100000.0,28052.0,24077000.0
001546AP5,Sold Out,AK STEEL CORP,12247.0,7500000.0,,,,
912909AE8,Sold Out,US STEEL CORP,3755.0,3500000.0,,,,
29266SAA4,New Holding,ENDOLOGIX INC,,,6670.0,7000000.0,,
228227500,Not New,CROWN CASTLE INTL CORP,59173.0,585000.0,45532.0,455000.0,-13641.0,-130000.0
758075AB1,Not New,REDWOOD TRUST INC,5635.0,5260000.0,4174.0,4000000.0,-1461.0,-1260000.0
29257MAE0,Sold Out,ENDEAVOUR INTERNATIONAL,8004.0,10100000.0,,,,
55303QAE0,Sold Out,MGM RESORTS INTL,84482.0,61865000.0,,,,
552848AE3,Sold Out,MGIC INVESTMENT CORP,9400.0,6760000.0,,,,
436440AC5,Not New,HOLOGIC INC,15408.0,15075000.0,15467.0,15075000.0,59.0,0.0
928298108,Not New,VISHAY INTERTECHNOLOGY INC,40920.0,2750000.0,36465.0,2750000.0,-4455.0,0.0
85571BAB1,Not New,STARWOOD PROPERTY TRUST,29126.0,25500000.0,33280.0,30000000.0,4154.0,4500000.0
01449JAA3,Not New,ALERE INC,31214.0,27980000.0,27557.0,24380000.0,-3657.0,-3600000.0
20440T201,Not New,CIA BRASILEIRA DE DIS-SP PRF,24819.0,567156.0,20388.0,456413.0,-4431.0,-110743.0
40049J206,Not New,GRUPO TELEVISA SA-SPON ADR,27415.0,823510.0,18863.0,623359.0,-8552.0,-200151.0
85571BAA3,Not New,STARWOOD PROPERTY TRUST,20899.0,18250000.0,20541.0,18500000.0,-358.0,250000.0
26884U307,Not New,EPR PROPERTIES,3157.0,103500.0,3015.0,107500.0,-142.0,4000.0
87305RAD1,New Holding,TTM TECHNOLOGIES INC,,,45138.0,40750000.0,,
929566AH0,Not New,WABASH NATIONAL CORP,15064.0,10730000.0,27723.0,20980000.0,12659.0,10250000.0
949746804,Not New,WELLS FARGO & COMPANY,21060.0,18000.0,13734.0,12440.0,-7326.0,-5560.0
374297109,Not New,GETTY REALTY CORP,26866.0,1422221.0,26126.0,1422221.0,-740.0,0.0
170032AT3,Not New,CHIQUITA BRANDS INTL,10260.0,10000000.0,14681.0,15000000.0,4421.0,5000000.0
458140AF7,Not New,INTEL CORP,37909.0,27000000.0,42301.0,31000000.0,4392.0,4000000.0
26817R108,Not New,DYNEGY INC,205655.0,8245986.0,177454.0,8245986.0,-28201.0,0.0
000361AM7,Not New,AAR CORP,7785.0,7500000.0,13779.0,12685000.0,5994.0,5185000.0
719405AH5,Not New,PHOTRONICS INC,29994.0,27217000.0,34540.0,30132000.0,4546.0,2915000.0
80004CAD3,Sold Out,SANDISK CORP,16883.0,11430000.0,,,,
204448104,Sold Out,COMPANIA DE MINAS BUEN SPON ADR SER B,13305.0,1185858.0,,,,
749227AB0,New Holding,RAIT FINANCIAL TRUST,,,9875.0,10000000.0,,
037612306,Not New,APOLLO GLOBAL MANAGEMENT - A,20988.0,660000.0,15805.0,500000.0,-5183.0,-160000.0
053494AG5,Not New,AV HOMES INC,10763.0,10014000.0,10780.0,10014000.0,17.0,0.0
269246401,Not New,E*TRADE FINANCIAL CORP,23020.0,1000000.0,36558.0,1861400.0,13538.0,861400.0
19075FAA4,Not New,COBALT INTL ENERGY INC,70588.0,74760000.0,65234.0,73375000.0,-5354.0,-1385000.0
89628E104,Not New,TRINA SOLAR LTD-SPON ADR,24171.0,1797124.0,15739.0,1151328.0,-8432.0,-645796.0
09061GAF8,Not New,BIOMARIN PHARMACEUTICAL,70357.0,63045000.0,40523.0,37500000.0,-29834.0,-25545000.0
02917TAB0,New Holding,AMERICAN REALTY CAP PROP,,,67175.0,61460000.0,,
02209S103,Sold Out,ALTRIA GROUP INC,11056.0,288000.0,,,,
02364W105,Sold Out,AMERICA MOVIL,23798.0,1018304.0,,,,
09061GAE1,Not New,BIOMARIN PHARMACEUTICAL,26747.0,24250000.0,19797.0,18500000.0,-6950.0,-5750000.0
86881L106,Not New,SURGICAL CARE AFFILIATES INC,71587.0,2328027.0,77864.0,2328027.0,6277.0,0.0
47012EAD8,Sold Out,JAKKS PACIFIC INC,1151.0,1150000.0,,,,
056752108,Sold Out,Baidu Inc,24387.0,137097.0,,,,
98235TAC1,Not New,WRIGHT MEDICAL GROUP INC,69043.0,51082000.0,75447.0,55612000.0,6404.0,4530000.0
165167CB1,Not New,CHESAPEAKE ENERGY CORP,16730.0,17747000.0,16621.0,17747000.0,-109.0,0.0
393657AH4,Sold Out,GREENBRIER COS INC,17811.0,15000000.0,,,,
457985AK5,Not New,INTEGRA LIFESCIENCES HLD,1073.0,1000000.0,4771.0,4435000.0,3698.0,3435000.0
112463AA2,Not New,BROOKDALE SENIOR LIVING,87905.0,64475000.0,79046.0,65975000.0,-8859.0,1500000.0
817337AB4,Not New,SEQUENOM INC,7485.0,8240000.0,3728.0,4240000.0,-3757.0,-4000000.0
64110D104,Not New,NETAPP INC,18081.0,490000.0,15222.0,370000.0,-2859.0,-120000.0
71654V408,Not New,PETROLEO BRASILEIRO S.A.-ADR,52361.0,3981791.0,43051.0,3124177.0,-9310.0,-857614.0
02319V103,Not New,AMBEV SA-ADR,19637.0,2650005.0,14742.0,2005765.0,-4895.0,-644240.0
74348TAL6,Not New,PROSPECT CAPITAL CORP,6440.0,6000000.0,7770.0,7304000.0,1330.0,1304000.0
03761UAE6,Not New,APOLLO INVESTMENT CORP,2942.0,2750000.0,535.0,500000.0,-2407.0,-2250000.0
422368AA8,Not New,HEARTWARE INTERNATIONAL,31833.0,26166000.0,31819.0,26416000.0,-14.0,250000.0
859737AB4,Not New,STERLITE INDUSTRIES LTD,17412.0,17291000.0,17735.0,17791000.0,323.0,500000.0
035128206,Not New,ANGLOGOLD ASHANTI-SPON ADR,21095.0,1235044.0,2778.0,237000.0,-18317.0,-998044.0
203233408,Not New,COMMONWEALTH REIT,10295.0,410000.0,12062.0,588084.0,1767.0,178084.0
83415UAB4,Not New,HANWHA SOLARONE CO LTD,31753.0,34146000.0,34546.0,37146000.0,2793.0,3000000.0
